timestamp_ms,type,seq,v1,v2,v3,v4,v5,v6
403109,META_START,3,403017,0,0,0,0,0
403311,ECG,0,0,0,0,0,0,0
403311,ECG,1,-1,0,0,0,0,0
403311,ECG,2,-2,0,0,0,0,0
403311,ECG,3,-1,0,0,0,0,0
403316,ECG,4,0,0,0,0,0,0
403316,ECG,5,-5,0,0,0,0,0
403316,ECG,6,6,0,0,0,0,0
403321,ECG,7,-6,0,0,0,0,0
403321,ECG,8,-9,0,0,0,0,0
403326,ECG,9,30,0,0,0,0,0
403326,ECG,10,-172,0,0,0,0,0
403326,ECG,11,-477,0,0,0,0,0
403331,ECG,12,-430,0,0,0,0,0
403331,ECG,13,-30,0,0,0,0,0
403331,ECG,14,750,0,0,0,0,0
403337,ECG,15,1970,0,0,0,0,0
403337,ECG,16,3444,0,0,0,0,0
403342,ECG,17,6260,0,0,0,0,0
403342,ECG,18,7125,0,0,0,0,0
403350,ECG,19,7529,0,0,0,0,0
403350,ECG,20,7575,0,0,0,0,0
403350,ECG,21,7199,0,0,0,0,0
403350,ECG,22,6767,0,0,0,0,0
403351,ECG,23,6667,0,0,0,0,0
403356,ECG,24,6672,0,0,0,0,0
403356,ECG,25,6689,0,0,0,0,0
403361,ECG,26,6777,0,0,0,0,0
403361,ECG,27,6843,0,0,0,0,0
403361,ECG,28,6853,0,0,0,0,0
403366,ECG,29,6791,0,0,0,0,0
403366,ECG,30,6656,0,0,0,0,0
403371,ECG,31,6492,0,0,0,0,0
403371,ECG,32,6342,0,0,0,0,0
403371,ECG,33,6245,0,0,0,0,0
403376,ECG,34,6223,0,0,0,0,0
403376,ECG,35,6267,0,0,0,0,0
403381,ECG,36,6349,0,0,0,0,0
403381,ECG,37,6426,0,0,0,0,0
403381,ECG,38,6454,0,0,0,0,0
403386,ECG,39,6404,0,0,0,0,0
403386,ECG,40,6278,0,0,0,0,0
403391,ECG,41,5954,0,0,0,0,0
403391,ECG,42,5847,0,0,0,0,0
403396,ECG,43,5813,0,0,0,0,0
403396,ECG,44,5850,0,0,0,0,0
403396,ECG,45,5934,0,0,0,0,0
403401,ECG,46,6022,0,0,0,0,0
403401,ECG,47,6069,0,0,0,0,0
403406,ECG,48,6037,0,0,0,0,0
403406,ECG,49,5924,0,0,0,0,0
403406,ECG,50,5761,0,0,0,0,0
403411,ECG,51,5593,0,0,0,0,0
403411,ECG,52,5470,0,0,0,0,0
403416,ECG,53,5423,0,0,0,0,0
403416,ECG,54,5449,0,0,0,0,0
403416,ECG,55,5532,0,0,0,0,0
403421,ECG,56,5631,0,0,0,0,0
403421,ECG,57,5686,0,0,0,0,0
403426,ECG,58,5668,0,0,0,0,0
403426,ECG,59,5572,0,0,0,0,0
403426,ECG,60,5417,0,0,0,0,0
403431,ECG,61,5253,0,0,0,0,0
403431,ECG,62,5135,0,0,0,0,0
403436,ECG,63,5086,0,0,0,0,0
403436,ECG,64,5114,0,0,0,0,0
403436,ECG,65,5200,0,0,0,0,0
403441,ECG,66,5300,0,0,0,0,0
403441,ECG,67,5367,0,0,0,0,0
403446,ECG,68,5262,0,0,0,0,0
403446,ECG,69,5106,0,0,0,0,0
403451,ECG,70,4938,0,0,0,0,0
403451,ECG,71,4800,0,0,0,0,0
403451,ECG,72,4730,0,0,0,0,0
403502,ECG,73,4743,0,0,0,0,0
403502,ECG,74,4820,0,0,0,0,0
403502,ECG,75,4925,0,0,0,0,0
403502,ECG,76,5005,0,0,0,0,0
403502,ECG,77,5021,0,0,0,0,0
403502,ECG,78,4952,0,0,0,0,0
403502,ECG,79,4812,0,0,0,0,0
403502,ECG,80,4645,0,0,0,0,0
403502,ECG,81,4507,0,0,0,0,0
403502,ECG,82,4432,0,0,0,0,0
403502,ECG,83,4431,0,0,0,0,0
403502,ECG,84,4499,0,0,0,0,0
403502,ECG,85,4603,0,0,0,0,0
403502,ECG,86,4691,0,0,0,0,0
403502,ECG,87,4718,0,0,0,0,0
403502,ECG,88,4660,0,0,0,0,0
403502,ECG,89,4527,0,0,0,0,0
403502,ECG,90,4359,0,0,0,0,0
403502,ECG,91,4208,0,0,0,0,0
403502,ECG,92,4117,0,0,0,0,0
403502,ECG,93,4108,0,0,0,0,0
403502,ECG,94,4173,0,0,0,0,0
403502,ECG,95,4278,0,0,0,0,0
403502,ECG,96,4382,0,0,0,0,0
403502,ECG,97,4436,0,0,0,0,0
403502,ECG,98,4402,0,0,0,0,0
403507,ECG,99,4287,0,0,0,0,0
403507,ECG,100,4130,0,0,0,0,0
403512,ECG,101,3976,0,0,0,0,0
403512,ECG,102,3873,0,0,0,0,0
403512,ECG,103,3853,0,0,0,0,0
403518,ECG,104,3908,0,0,0,0,0
403518,ECG,105,4014,0,0,0,0,0
403518,ECG,106,4126,0,0,0,0,0
403523,ECG,107,4192,0,0,0,0,0
403523,ECG,108,4174,0,0,0,0,0
403523,ECG,109,4068,0,0,0,0,0
403529,ECG,110,3911,0,0,0,0,0
403529,ECG,111,3756,0,0,0,0,0
403534,ECG,112,3614,0,0,0,0,0
403534,ECG,113,3664,0,0,0,0,0
403539,ECG,114,3768,0,0,0,0,0
403539,ECG,115,3883,0,0,0,0,0
403539,ECG,116,3958,0,0,0,0,0
403544,ECG,117,3957,0,0,0,0,0
403544,ECG,118,3868,0,0,0,0,0
403549,ECG,119,3715,0,0,0,0,0
403549,ECG,120,3551,0,0,0,0,0
403549,ECG,121,3429,0,0,0,0,0
403554,ECG,122,3379,0,0,0,0,0
403554,ECG,123,3407,0,0,0,0,0
403559,ECG,124,3492,0,0,0,0,0
403559,ECG,125,3603,0,0,0,0,0
403559,ECG,126,3686,0,0,0,0,0
403564,ECG,127,3699,0,0,0,0,0
403564,ECG,128,3625,0,0,0,0,0
403569,ECG,129,3485,0,0,0,0,0
403569,ECG,130,3326,0,0,0,0,0
403569,ECG,131,3197,0,0,0,0,0
403574,ECG,132,3139,0,0,0,0,0
403574,ECG,133,3161,0,0,0,0,0
403579,ECG,134,3248,0,0,0,0,0
403579,ECG,135,3366,0,0,0,0,0
403579,ECG,136,3457,0,0,0,0,0
403584,ECG,137,3482,0,0,0,0,0
403584,ECG,138,3421,0,0,0,0,0
403589,ECG,139,3125,0,0,0,0,0
403589,ECG,140,2989,0,0,0,0,0
403594,ECG,141,2919,0,0,0,0,0
403594,ECG,142,2932,0,0,0,0,0
403594,ECG,143,3012,0,0,0,0,0
403599,ECG,144,3128,0,0,0,0,0
403599,ECG,145,3230,0,0,0,0,0
403604,ECG,146,3271,0,0,0,0,0
403604,ECG,147,3226,0,0,0,0,0
403604,ECG,148,3104,0,0,0,0,0
403609,ECG,149,2944,0,0,0,0,0
403609,ECG,150,2801,0,0,0,0,0
403614,ECG,151,2719,0,0,0,0,0
403614,ECG,152,2715,0,0,0,0,0
403614,ECG,153,2782,0,0,0,0,0
403619,ECG,154,2897,0,0,0,0,0
403619,ECG,155,3007,0,0,0,0,0
403624,ECG,156,3064,0,0,0,0,0
403624,ECG,157,3041,0,0,0,0,0
403624,ECG,158,2936,0,0,0,0,0
403629,ECG,159,2788,0,0,0,0,0
403629,ECG,160,2647,0,0,0,0,0
403634,ECG,161,2554,0,0,0,0,0
403634,ECG,162,2542,0,0,0,0,0
403634,ECG,163,2608,0,0,0,0,0
403640,ECG,164,2719,0,0,0,0,0
403640,ECG,165,2833,0,0,0,0,0
403640,ECG,166,2905,0,0,0,0,0
403645,ECG,167,2895,0,0,0,0,0
403645,ECG,168,2800,0,0,0,0,0
403645,ECG,169,2651,0,0,0,0,0
403650,ECG,170,2499,0,0,0,0,0
403650,ECG,171,2394,0,0,0,0,0
403655,ECG,172,2365,0,0,0,0,0
403655,ECG,173,2415,0,0,0,0,0
403655,ECG,174,2520,0,0,0,0,0
403660,ECG,175,2638,0,0,0,0,0
403660,ECG,176,2716,0,0,0,0,0
403665,ECG,177,2718,0,0,0,0,0
403665,ECG,178,2637,0,0,0,0,0
403665,ECG,179,2496,0,0,0,0,0
403671,ECG,180,2347,0,0,0,0,0
403671,ECG,181,2240,0,0,0,0,0
403671,ECG,182,2204,0,0,0,0,0
403676,ECG,183,2247,0,0,0,0,0
403676,ECG,184,2348,0,0,0,0,0
403681,ECG,185,2465,0,0,0,0,0
403681,ECG,186,2550,0,0,0,0,0
403681,ECG,187,2561,0,0,0,0,0
403687,ECG,188,2488,0,0,0,0,0
403687,ECG,189,2352,0,0,0,0,0
403687,ECG,190,2199,0,0,0,0,0
403692,ECG,191,2085,0,0,0,0,0
403692,ECG,192,2038,0,0,0,0,0
403692,ECG,193,2071,0,0,0,0,0
403698,ECG,194,2166,0,0,0,0,0
403698,ECG,195,2285,0,0,0,0,0
403698,ECG,196,2381,0,0,0,0,0
403703,ECG,197,2410,0,0,0,0,0
403703,ECG,198,2353,0,0,0,0,0
403708,ECG,199,2225,0,0,0,0,0
403708,ECG,200,2076,0,0,0,0,0
403708,ECG,201,1955,0,0,0,0,0
403713,ECG,202,1900,0,0,0,0,0
403713,ECG,203,1925,0,0,0,0,0
403718,ECG,204,2013,0,0,0,0,0
403718,ECG,205,2135,0,0,0,0,0
403718,ECG,206,2241,0,0,0,0,0
403723,ECG,207,2282,0,0,0,0,0
403723,ECG,208,2239,0,0,0,0,0
403728,ECG,209,2120,0,0,0,0,0
403728,ECG,210,1967,0,0,0,0,0
403728,ECG,211,1834,0,0,0,0,0
403733,ECG,212,1764,0,0,0,0,0
403733,ECG,213,1774,0,0,0,0,0
403738,ECG,214,1855,0,0,0,0,0
403738,ECG,215,1974,0,0,0,0,0
403738,ECG,216,2085,0,0,0,0,0
403743,ECG,217,2139,0,0,0,0,0
403743,ECG,218,2108,0,0,0,0,0
403748,ECG,219,1851,0,0,0,0,0
403748,ECG,220,1713,0,0,0,0,0
403753,ECG,221,1632,0,0,0,0,0
403753,ECG,222,1634,0,0,0,0,0
403753,ECG,223,1709,0,0,0,0,0
403758,ECG,224,1827,0,0,0,0,0
403758,ECG,225,1947,0,0,0,0,0
403763,ECG,226,2016,0,0,0,0,0
403763,ECG,227,2000,0,0,0,0,0
403763,ECG,228,1899,0,0,0,0,0
403768,ECG,229,1752,0,0,0,0,0
403768,ECG,230,1607,0,0,0,0,0
403773,ECG,231,1512,0,0,0,0,0
403773,ECG,232,1495,0,0,0,0,0
403773,ECG,233,1554,0,0,0,0,0
403778,ECG,234,1670,0,0,0,0,0
403778,ECG,235,1795,0,0,0,0,0
403783,ECG,236,1877,0,0,0,0,0
403783,ECG,237,1881,0,0,0,0,0
403783,ECG,238,1798,0,0,0,0,0
403788,ECG,239,1658,0,0,0,0,0
403788,ECG,240,1515,0,0,0,0,0
403793,ECG,241,1415,0,0,0,0,0
403793,ECG,242,1390,0,0,0,0,0
403793,ECG,243,1444,0,0,0,0,0
403798,ECG,244,1554,0,0,0,0,0
403798,ECG,245,1679,0,0,0,0,0
403803,ECG,246,1785,0,0,0,0,0
403803,ECG,247,1709,0,0,0,0,0
403808,ECG,248,1571,0,0,0,0,0
403808,ECG,249,1419,0,0,0,0,0
403813,ECG,250,1270,0,0,0,0,0
403813,ECG,251,1315,0,0,0,0,0
403818,ECG,252,1425,0,0,0,0,0
403818,ECG,253,1558,0,0,0,0,0
403818,ECG,254,1660,0,0,0,0,0
403823,ECG,255,1690,0,0,0,0,0
403823,ECG,256,1634,0,0,0,0,0
403828,ECG,257,1506,0,0,0,0,0
403828,ECG,258,1354,0,0,0,0,0
403828,ECG,259,1232,0,0,0,0,0
403833,ECG,260,1178,0,0,0,0,0
403833,ECG,261,1211,0,0,0,0,0
403838,ECG,262,1307,0,0,0,0,0
403838,ECG,263,1438,0,0,0,0,0
403838,ECG,264,1551,0,0,0,0,0
403843,ECG,265,1597,0,0,0,0,0
403843,ECG,266,1554,0,0,0,0,0
403848,ECG,267,1432,0,0,0,0,0
403848,ECG,268,1280,0,0,0,0,0
403848,ECG,269,1151,0,0,0,0,0
403853,ECG,270,1083,0,0,0,0,0
403853,ECG,271,1099,0,0,0,0,0
403858,ECG,272,1327,0,0,0,0,0
403858,ECG,273,1446,0,0,0,0,0
403863,ECG,274,1504,0,0,0,0,0
403863,ECG,275,1475,0,0,0,0,0
403868,ECG,276,1215,0,0,0,0,0
403868,ECG,277,1077,0,0,0,0,0
403873,ECG,278,1001,0,0,0,0,0
403873,ECG,279,1013,0,0,0,0,0
403873,ECG,280,1099,0,0,0,0,0
403878,ECG,281,1227,0,0,0,0,0
403878,ECG,282,1354,0,0,0,0,0
403883,ECG,283,1427,0,0,0,0,0
403883,ECG,284,1412,0,0,0,0,0
403883,ECG,285,1310,0,0,0,0,0
403888,ECG,286,1164,0,0,0,0,0
403888,ECG,287,1023,0,0,0,0,0
403893,ECG,288,937,0,0,0,0,0
403893,ECG,289,931,0,0,0,0,0
403893,ECG,290,1003,0,0,0,0,0
403898,ECG,291,1130,0,0,0,0,0
403898,ECG,292,1258,0,0,0,0,0
403903,ECG,293,1338,0,0,0,0,0
403903,ECG,294,1336,0,0,0,0,0
403903,ECG,295,1249,0,0,0,0,0
403908,ECG,296,1108,0,0,0,0,0
403908,ECG,297,965,0,0,0,0,0
403913,ECG,298,850,0,0,0,0,0
403913,ECG,299,912,0,0,0,0,0
403918,ECG,300,1028,0,0,0,0,0
403918,ECG,301,1157,0,0,0,0,0
403923,ECG,302,1264,0,0,0,0,0
403923,ECG,303,1193,0,0,0,0,0
403928,ECG,304,1062,0,0,0,0,0
403928,ECG,305,918,0,0,0,0,0
403928,ECG,306,813,0,0,0,0,0
403933,ECG,307,776,0,0,0,0,0
403933,ECG,308,817,0,0,0,0,0
403938,ECG,309,918,0,0,0,0,0
403938,ECG,310,1039,0,0,0,0,0
403938,ECG,311,1132,0,0,0,0,0
403943,ECG,312,1159,0,0,0,0,0
403943,ECG,313,1103,0,0,0,0,0
403948,ECG,314,987,0,0,0,0,0
403948,ECG,315,854,0,0,0,0,0
403948,ECG,316,750,0,0,0,0,0
403953,ECG,317,710,0,0,0,0,0
403953,ECG,318,751,0,0,0,0,0
403958,ECG,319,851,0,0,0,0,0
403958,ECG,320,976,0,0,0,0,0
403958,ECG,321,1082,0,0,0,0,0
403963,ECG,322,1122,0,0,0,0,0
403963,ECG,323,1083,0,0,0,0,0
403968,ECG,324,836,0,0,0,0,0
403968,ECG,325,720,0,0,0,0,0
403973,ECG,326,663,0,0,0,0,0
403973,ECG,327,679,0,0,0,0,0
403978,ECG,328,880,0,0,0,0,0
403978,ECG,329,986,0,0,0,0,0
403983,ECG,330,1036,0,0,0,0,0
403983,ECG,331,1010,0,0,0,0,0
403983,ECG,332,914,0,0,0,0,0
403988,ECG,333,787,0,0,0,0,0
403988,ECG,334,673,0,0,0,0,0
403993,ECG,335,612,0,0,0,0,0
403993,ECG,336,624,0,0,0,0,0
403993,ECG,337,701,0,0,0,0,0
403998,ECG,338,819,0,0,0,0,0
403998,ECG,339,931,0,0,0,0,0
404003,ECG,340,995,0,0,0,0,0
404003,ECG,341,983,0,0,0,0,0
404003,ECG,342,896,0,0,0,0,0
404008,ECG,343,770,0,0,0,0,0
404008,ECG,344,650,0,0,0,0,0
404013,ECG,345,578,0,0,0,0,0
404013,ECG,346,575,0,0,0,0,0
404013,ECG,347,641,0,0,0,0,0
404018,ECG,348,749,0,0,0,0,0
404018,ECG,349,860,0,0,0,0,0
404023,ECG,350,929,0,0,0,0,0
404023,ECG,351,851,0,0,0,0,0
404028,ECG,352,727,0,0,0,0,0
404028,ECG,353,606,0,0,0,0,0
404033,ECG,354,514,0,0,0,0,0
404033,ECG,355,570,0,0,0,0,0
404038,ECG,356,677,0,0,0,0,0
404038,ECG,357,792,0,0,0,0,0
404038,ECG,358,871,0,0,0,0,0
404043,ECG,359,883,0,0,0,0,0
404043,ECG,360,819,0,0,0,0,0
404048,ECG,361,702,0,0,0,0,0
404048,ECG,362,581,0,0,0,0,0
404048,ECG,363,496,0,0,0,0,0
404053,ECG,364,478,0,0,0,0,0
404053,ECG,365,533,0,0,0,0,0
404058,ECG,366,637,0,0,0,0,0
404058,ECG,367,758,0,0,0,0,0
404058,ECG,368,852,0,0,0,0,0
404063,ECG,369,876,0,0,0,0,0
404063,ECG,370,821,0,0,0,0,0
404068,ECG,371,710,0,0,0,0,0
404068,ECG,372,582,0,0,0,0,0
404068,ECG,373,483,0,0,0,0,0
404073,ECG,374,447,0,0,0,0,0
404073,ECG,375,483,0,0,0,0,0
404078,ECG,376,696,0,0,0,0,0
404078,ECG,377,793,0,0,0,0,0
404083,ECG,378,830,0,0,0,0,0
404083,ECG,379,791,0,0,0,0,0
404088,ECG,380,556,0,0,0,0,0
404088,ECG,381,453,0,0,0,0,0
404093,ECG,382,407,0,0,0,0,0
404093,ECG,383,430,0,0,0,0,0
404093,ECG,384,510,0,0,0,0,0
404098,ECG,385,620,0,0,0,0,0
404098,ECG,386,716,0,0,0,0,0
404103,ECG,387,759,0,0,0,0,0
404103,ECG,388,726,0,0,0,0,0
404103,ECG,389,630,0,0,0,0,0
404108,ECG,390,509,0,0,0,0,0
404108,ECG,391,401,0,0,0,0,0
404113,ECG,392,347,0,0,0,0,0
404113,ECG,393,364,0,0,0,0,0
404113,ECG,394,441,0,0,0,0,0
404118,ECG,395,552,0,0,0,0,0
404118,ECG,396,659,0,0,0,0,0
404123,ECG,397,720,0,0,0,0,0
404123,ECG,398,709,0,0,0,0,0
404123,ECG,399,625,0,0,0,0,0
404128,ECG,400,503,0,0,0,0,0
404128,ECG,401,389,0,0,0,0,0
404128,ECG,402,323,0,0,0,0,0
404133,ECG,403,322,0,0,0,0,0
404133,ECG,404,388,0,0,0,0,0
404138,ECG,405,498,0,0,0,0,0
404138,ECG,406,614,0,0,0,0,0
404143,ECG,407,688,0,0,0,0,0
404143,ECG,408,614,0,0,0,0,0
404148,ECG,409,492,0,0,0,0,0
404148,ECG,410,370,0,0,0,0,0
404148,ECG,411,291,0,0,0,0,0
404153,ECG,412,281,0,0,0,0,0
404153,ECG,413,336,0,0,0,0,0
404158,ECG,414,440,0,0,0,0,0
404158,ECG,415,552,0,0,0,0,0
404158,ECG,416,631,0,0,0,0,0
404163,ECG,417,646,0,0,0,0,0
404163,ECG,418,585,0,0,0,0,0
404168,ECG,419,472,0,0,0,0,0
404168,ECG,420,358,0,0,0,0,0
404168,ECG,421,283,0,0,0,0,0
404173,ECG,422,268,0,0,0,0,0
404173,ECG,423,321,0,0,0,0,0
404178,ECG,424,421,0,0,0,0,0
404178,ECG,425,532,0,0,0,0,0
404178,ECG,426,613,0,0,0,0,0
404183,ECG,427,628,0,0,0,0,0
404183,ECG,428,567,0,0,0,0,0
404183,ECG,429,455,0,0,0,0,0
404188,ECG,430,333,0,0,0,0,0
404188,ECG,431,244,0,0,0,0,0
404193,ECG,432,220,0,0,0,0,0
404193,ECG,433,264,0,0,0,0,0
404193,ECG,434,358,0,0,0,0,0
404198,ECG,435,475,0,0,0,0,0
404198,ECG,436,569,0,0,0,0,0
404203,ECG,437,598,0,0,0,0,0
404203,ECG,438,554,0,0,0,0,0
404203,ECG,439,453,0,0,0,0,0
404208,ECG,440,332,0,0,0,0,0
404208,ECG,441,242,0,0,0,0,0
404213,ECG,442,209,0,0,0,0,0
404213,ECG,443,244,0,0,0,0,0
404213,ECG,444,333,0,0,0,0,0
404218,ECG,445,446,0,0,0,0,0
404218,ECG,446,542,0,0,0,0,0
404223,ECG,447,584,0,0,0,0,0
404223,ECG,448,551,0,0,0,0,0
404223,ECG,449,455,0,0,0,0,0
404228,ECG,450,336,0,0,0,0,0
404228,ECG,451,238,0,0,0,0,0
404233,ECG,452,194,0,0,0,0,0
404233,ECG,453,217,0,0,0,0,0
404233,ECG,454,294,0,0,0,0,0
404238,ECG,455,403,0,0,0,0,0
404238,ECG,456,501,0,0,0,0,0
404238,ECG,457,550,0,0,0,0,0
404243,ECG,458,530,0,0,0,0,0
404243,ECG,459,448,0,0,0,0,0
404248,ECG,460,334,0,0,0,0,0
404248,ECG,461,236,0,0,0,0,0
404248,ECG,462,187,0,0,0,0,0
404253,ECG,463,200,0,0,0,0,0
404253,ECG,464,270,0,0,0,0,0
404258,ECG,465,374,0,0,0,0,0
404258,ECG,466,472,0,0,0,0,0
404258,ECG,467,526,0,0,0,0,0
404263,ECG,468,512,0,0,0,0,0
404263,ECG,469,432,0,0,0,0,0
404268,ECG,470,321,0,0,0,0,0
404268,ECG,471,218,0,0,0,0,0
404268,ECG,472,160,0,0,0,0,0
404273,ECG,473,166,0,0,0,0,0
404273,ECG,474,232,0,0,0,0,0
404278,ECG,475,335,0,0,0,0,0
404278,ECG,476,438,0,0,0,0,0
404278,ECG,477,504,0,0,0,0,0
404283,ECG,478,500,0,0,0,0,0
404283,ECG,479,426,0,0,0,0,0
404288,ECG,480,204,0,0,0,0,0
404288,ECG,481,133,0,0,0,0,0
404293,ECG,482,127,0,0,0,0,0
404293,ECG,483,183,0,0,0,0,0
404293,ECG,484,281,0,0,0,0,0
404298,ECG,485,389,0,0,0,0,0
404298,ECG,486,466,0,0,0,0,0
404303,ECG,487,478,0,0,0,0,0
404303,ECG,488,424,0,0,0,0,0
404303,ECG,489,321,0,0,0,0,0
404308,ECG,490,212,0,0,0,0,0
404308,ECG,491,139,0,0,0,0,0
404313,ECG,492,123,0,0,0,0,0
404313,ECG,493,169,0,0,0,0,0
404313,ECG,494,265,0,0,0,0,0
404318,ECG,495,376,0,0,0,0,0
404318,ECG,496,456,0,0,0,0,0
404323,ECG,497,478,0,0,0,0,0
404323,ECG,498,431,0,0,0,0,0
404323,ECG,499,331,0,0,0,0,0
404328,ECG,500,216,0,0,0,0,0
404328,ECG,501,130,0,0,0,0,0
404333,ECG,502,99,0,0,0,0,0
404333,ECG,503,133,0,0,0,0,0
404333,ECG,504,217,0,0,0,0,0
404338,ECG,505,321,0,0,0,0,0
404338,ECG,506,411,0,0,0,0,0
404343,ECG,507,409,0,0,0,0,0
404343,ECG,508,318,0,0,0,0,0
404348,ECG,509,212,0,0,0,0,0
404348,ECG,510,128,0,0,0,0,0
404353,ECG,511,125,0,0,0,0,0
404353,ECG,512,206,0,0,0,0,0
404358,ECG,513,311,0,0,0,0,0
404358,ECG,514,398,0,0,0,0,0
404358,ECG,515,438,0,0,0,0,0
404363,ECG,516,408,0,0,0,0,0
404363,ECG,517,318,0,0,0,0,0
404368,ECG,518,204,0,0,0,0,0
404368,ECG,519,108,0,0,0,0,0
404368,ECG,520,61,0,0,0,0,0
404373,ECG,521,79,0,0,0,0,0
404373,ECG,522,151,0,0,0,0,0
404378,ECG,523,253,0,0,0,0,0
404378,ECG,524,351,0,0,0,0,0
404378,ECG,525,406,0,0,0,0,0
404383,ECG,526,393,0,0,0,0,0
404383,ECG,527,322,0,0,0,0,0
404388,ECG,528,218,0,0,0,0,0
404388,ECG,529,121,0,0,0,0,0
404388,ECG,530,69,0,0,0,0,0
404393,ECG,531,77,0,0,0,0,0
404393,ECG,532,137,0,0,0,0,0
404398,ECG,533,328,0,0,0,0,0
404398,ECG,534,386,0,0,0,0,0
404403,ECG,535,382,0,0,0,0,0
404403,ECG,536,315,0,0,0,0,0
404408,ECG,537,116,0,0,0,0,0
404408,ECG,538,58,0,0,0,0,0
404413,ECG,539,58,0,0,0,0,0
404413,ECG,540,116,0,0,0,0,0
404413,ECG,541,210,0,0,0,0,0
404418,ECG,542,308,0,0,0,0,0
404418,ECG,543,374,0,0,0,0,0
404423,ECG,544,379,0,0,0,0,0
404423,ECG,545,319,0,0,0,0,0
404423,ECG,546,219,0,0,0,0,0
404428,ECG,547,120,0,0,0,0,0
404428,ECG,548,57,0,0,0,0,0
404433,ECG,549,50,0,0,0,0,0
404433,ECG,550,99,0,0,0,0,0
404433,ECG,551,189,0,0,0,0,0
404438,ECG,552,287,0,0,0,0,0
404438,ECG,553,355,0,0,0,0,0
404443,ECG,554,364,0,0,0,0,0
404443,ECG,555,306,0,0,0,0,0
404443,ECG,556,203,0,0,0,0,0
404448,ECG,557,95,0,0,0,0,0
404448,ECG,558,22,0,0,0,0,0
404448,ECG,559,5,0,0,0,0,0
404453,ECG,560,46,0,0,0,0,0
404453,ECG,561,133,0,0,0,0,0
404458,ECG,562,234,0,0,0,0,0
404458,ECG,563,318,0,0,0,0,0
404509,ECG,564,305,0,0,0,0,0
404509,ECG,565,217,0,0,0,0,0
404509,ECG,566,113,0,0,0,0,0
404509,ECG,567,34,0,0,0,0,0
404509,ECG,568,7,0,0,0,0,0
404509,ECG,569,40,0,0,0,0,0
404509,ECG,570,117,0,0,0,0,0
404509,ECG,571,215,0,0,0,0,0
404509,ECG,572,297,0,0,0,0,0
404509,ECG,573,326,0,0,0,0,0
404509,ECG,574,291,0,0,0,0,0
404509,ECG,575,202,0,0,0,0,0
404509,ECG,576,95,0,0,0,0,0
404509,ECG,577,11,0,0,0,0,0
404509,ECG,578,-20,0,0,0,0,0
404509,ECG,579,12,0,0,0,0,0
404509,ECG,580,92,0,0,0,0,0
404509,ECG,581,194,0,0,0,0,0
404509,ECG,582,279,0,0,0,0,0
404509,ECG,583,316,0,0,0,0,0
404509,ECG,584,285,0,0,0,0,0
404509,ECG,585,192,0,0,0,0,0
404509,ECG,586,75,0,0,0,0,0
404509,ECG,587,-21,0,0,0,0,0
404509,ECG,588,-69,0,0,0,0,0
404509,ECG,589,-52,0,0,0,0,0
404514,ECG,590,23,0,0,0,0,0
404514,ECG,591,129,0,0,0,0,0
404519,ECG,592,233,0,0,0,0,0
404519,ECG,593,295,0,0,0,0,0
404519,ECG,594,290,0,0,0,0,0
404524,ECG,595,218,0,0,0,0,0
404524,ECG,596,111,0,0,0,0,0
404529,ECG,597,3,0,0,0,0,0
404529,ECG,598,-64,0,0,0,0,0
404529,ECG,599,-68,0,0,0,0,0
404534,ECG,600,-14,0,0,0,0,0
404534,ECG,601,81,0,0,0,0,0
404539,ECG,602,269,0,0,0,0,0
404539,ECG,603,287,0,0,0,0,0
404544,ECG,604,238,0,0,0,0,0
404544,ECG,605,141,0,0,0,0,0
404544,ECG,606,37,0,0,0,0,0
404549,ECG,607,-36,0,0,0,0,0
404549,ECG,608,-54,0,0,0,0,0
404554,ECG,609,-12,0,0,0,0,0
404554,ECG,610,76,0,0,0,0,0
404554,ECG,611,179,0,0,0,0,0
404559,ECG,612,257,0,0,0,0,0
404559,ECG,613,283,0,0,0,0,0
404564,ECG,614,238,0,0,0,0,0
404564,ECG,615,139,0,0,0,0,0
404564,ECG,616,27,0,0,0,0,0
404569,ECG,617,-57,0,0,0,0,0
404569,ECG,618,-81,0,0,0,0,0
404574,ECG,619,-41,0,0,0,0,0
404574,ECG,620,49,0,0,0,0,0
404574,ECG,621,161,0,0,0,0,0
404579,ECG,622,253,0,0,0,0,0
404579,ECG,623,290,0,0,0,0,0
404584,ECG,624,252,0,0,0,0,0
404584,ECG,625,154,0,0,0,0,0
404584,ECG,626,35,0,0,0,0,0
404589,ECG,627,-63,0,0,0,0,0
404589,ECG,628,-103,0,0,0,0,0
404594,ECG,629,6,0,0,0,0,0
404594,ECG,630,116,0,0,0,0,0
404599,ECG,631,215,0,0,0,0,0
404599,ECG,632,262,0,0,0,0,0
404604,ECG,633,146,0,0,0,0,0
404604,ECG,634,31,0,0,0,0,0
404609,ECG,635,-70,0,0,0,0,0
404609,ECG,636,-118,0,0,0,0,0
404609,ECG,637,-98,0,0,0,0,0
404614,ECG,638,-20,0,0,0,0,0
404614,ECG,639,96,0,0,0,0,0
404619,ECG,640,206,0,0,0,0,0
404619,ECG,641,268,0,0,0,0,0
404619,ECG,642,259,0,0,0,0,0
404624,ECG,643,179,0,0,0,0,0
404624,ECG,644,59,0,0,0,0,0
404629,ECG,645,-49,0,0,0,0,0
404629,ECG,646,-109,0,0,0,0,0
404629,ECG,647,-102,0,0,0,0,0
404634,ECG,648,-30,0,0,0,0,0
404634,ECG,649,80,0,0,0,0,0
404639,ECG,650,190,0,0,0,0,0
404639,ECG,651,257,0,0,0,0,0
404639,ECG,652,247,0,0,0,0,0
404644,ECG,653,162,0,0,0,0,0
404644,ECG,654,37,0,0,0,0,0
404649,ECG,655,-152,0,0,0,0,0
404649,ECG,656,-149,0,0,0,0,0
404654,ECG,657,-79,0,0,0,0,0
404654,ECG,658,37,0,0,0,0,0
404654,ECG,659,158,0,0,0,0,0
404659,ECG,660,239,0,0,0,0,0
404659,ECG,661,249,0,0,0,0,0
404664,ECG,662,181,0,0,0,0,0
404664,ECG,663,60,0,0,0,0,0
404664,ECG,664,-62,0,0,0,0,0
404669,ECG,665,-145,0,0,0,0,0
404669,ECG,666,-161,0,0,0,0,0
404674,ECG,667,-108,0,0,0,0,0
404674,ECG,668,-6,0,0,0,0,0
404674,ECG,669,112,0,0,0,0,0
404679,ECG,670,200,0,0,0,0,0
404679,ECG,671,223,0,0,0,0,0
404684,ECG,672,166,0,0,0,0,0
404684,ECG,673,57,0,0,0,0,0
404684,ECG,674,-63,0,0,0,0,0
404689,ECG,675,-152,0,0,0,0,0
404689,ECG,676,-174,0,0,0,0,0
404694,ECG,677,-124,0,0,0,0,0
404694,ECG,678,-22,0,0,0,0,0
404694,ECG,679,101,0,0,0,0,0
404699,ECG,680,201,0,0,0,0,0
404699,ECG,681,237,0,0,0,0,0
404704,ECG,682,82,0,0,0,0,0
404704,ECG,683,-43,0,0,0,0,0
404709,ECG,684,-138,0,0,0,0,0
404709,ECG,685,-171,0,0,0,0,0
404709,ECG,686,-132,0,0,0,0,0
404714,ECG,687,-33,0,0,0,0,0
404714,ECG,688,96,0,0,0,0,0
404719,ECG,689,202,0,0,0,0,0
404719,ECG,690,247,0,0,0,0,0
404719,ECG,691,212,0,0,0,0,0
404724,ECG,692,108,0,0,0,0,0
404724,ECG,693,-23,0,0,0,0,0
404729,ECG,694,-131,0,0,0,0,0
404729,ECG,695,-178,0,0,0,0,0
404729,ECG,696,-156,0,0,0,0,0
404734,ECG,697,-74,0,0,0,0,0
404734,ECG,698,44,0,0,0,0,0
404739,ECG,699,152,0,0,0,0,0
404739,ECG,700,210,0,0,0,0,0
404739,ECG,701,192,0,0,0,0,0
404744,ECG,702,104,0,0,0,0,0
404744,ECG,703,-11,0,0,0,0,0
404749,ECG,704,-114,0,0,0,0,0
404749,ECG,705,-167,0,0,0,0,0
404749,ECG,706,-148,0,0,0,0,0
404754,ECG,707,-73,0,0,0,0,0
404754,ECG,708,34,0,0,0,0,0
404759,ECG,709,201,0,0,0,0,0
404759,ECG,710,185,0,0,0,0,0
404764,ECG,711,98,0,0,0,0,0
404764,ECG,712,-22,0,0,0,0,0
404769,ECG,713,-194,0,0,0,0,0
404769,ECG,714,-185,0,0,0,0,0
404774,ECG,715,-111,0,0,0,0,0
404774,ECG,716,6,0,0,0,0,0
404774,ECG,717,122,0,0,0,0,0
404779,ECG,718,194,0,0,0,0,0
404779,ECG,719,197,0,0,0,0,0
404784,ECG,720,125,0,0,0,0,0
404784,ECG,721,6,0,0,0,0,0
404784,ECG,722,-109,0,0,0,0,0
404789,ECG,723,-179,0,0,0,0,0
404789,ECG,724,-182,0,0,0,0,0
404794,ECG,725,-123,0,0,0,0,0
404794,ECG,726,-13,0,0,0,0,0
404794,ECG,727,105,0,0,0,0,0
404799,ECG,728,184,0,0,0,0,0
404799,ECG,729,196,0,0,0,0,0
404804,ECG,730,130,0,0,0,0,0
404804,ECG,731,14,0,0,0,0,0
404804,ECG,732,-107,0,0,0,0,0
404809,ECG,733,-189,0,0,0,0,0
404809,ECG,734,-202,0,0,0,0,0
404814,ECG,735,-43,0,0,0,0,0
404814,ECG,736,79,0,0,0,0,0
404819,ECG,737,173,0,0,0,0,0
404819,ECG,738,200,0,0,0,0,0
404824,ECG,739,39,0,0,0,0,0
404824,ECG,740,-82,0,0,0,0,0
404829,ECG,741,-171,0,0,0,0,0
404829,ECG,742,-197,0,0,0,0,0
404829,ECG,743,-153,0,0,0,0,0
404834,ECG,744,-60,0,0,0,0,0
404834,ECG,745,55,0,0,0,0,0
404839,ECG,746,150,0,0,0,0,0
404839,ECG,747,185,0,0,0,0,0
404839,ECG,748,141,0,0,0,0,0
404844,ECG,749,37,0,0,0,0,0
404844,ECG,750,-85,0,0,0,0,0
404849,ECG,751,-181,0,0,0,0,0
404849,ECG,752,-217,0,0,0,0,0
404849,ECG,753,-183,0,0,0,0,0
404854,ECG,754,-91,0,0,0,0,0
404854,ECG,755,32,0,0,0,0,0
404859,ECG,756,140,0,0,0,0,0
404859,ECG,757,190,0,0,0,0,0
404859,ECG,758,166,0,0,0,0,0
404864,ECG,759,70,0,0,0,0,0
404864,ECG,760,-56,0,0,0,0,0
404869,ECG,761,-214,0,0,0,0,0
404869,ECG,762,-191,0,0,0,0,0
404874,ECG,763,-109,0,0,0,0,0
404874,ECG,764,11,0,0,0,0,0
404879,ECG,765,182,0,0,0,0,0
404879,ECG,766,165,0,0,0,0,0
404884,ECG,767,73,0,0,0,0,0
404884,ECG,768,-51,0,0,0,0,0
404884,ECG,769,-161,0,0,0,0,0
404889,ECG,770,-216,0,0,0,0,0
404889,ECG,771,-199,0,0,0,0,0
404894,ECG,772,-122,0,0,0,0,0
404894,ECG,773,-3,0,0,0,0,0
404894,ECG,774,113,0,0,0,0,0
404899,ECG,775,181,0,0,0,0,0
404899,ECG,776,174,0,0,0,0,0
404904,ECG,777,90,0,0,0,0,0
404904,ECG,778,-36,0,0,0,0,0
404904,ECG,779,-153,0,0,0,0,0
404909,ECG,780,-221,0,0,0,0,0
404909,ECG,781,-216,0,0,0,0,0
404914,ECG,782,-146,0,0,0,0,0
404914,ECG,783,-34,0,0,0,0,0
404914,ECG,784,81,0,0,0,0,0
404919,ECG,785,157,0,0,0,0,0
404919,ECG,786,161,0,0,0,0,0
404924,ECG,787,-35,0,0,0,0,0
404924,ECG,788,-153,0,0,0,0,0
404929,ECG,789,-225,0,0,0,0,0
404929,ECG,790,-227,0,0,0,0,0
404934,ECG,791,-53,0,0,0,0,0
404934,ECG,792,63,0,0,0,0,0
404939,ECG,793,142,0,0,0,0,0
404939,ECG,794,152,0,0,0,0,0
404939,ECG,795,88,0,0,0,0,0
404944,ECG,796,-27,0,0,0,0,0
404944,ECG,797,-147,0,0,0,0,0
404949,ECG,798,-230,0,0,0,0,0
404949,ECG,799,-243,0,0,0,0,0
404949,ECG,800,-190,0,0,0,0,0
404954,ECG,801,-90,0,0,0,0,0
404954,ECG,802,29,0,0,0,0,0
404959,ECG,803,121,0,0,0,0,0
404959,ECG,804,150,0,0,0,0,0
404959,ECG,805,107,0,0,0,0,0
404964,ECG,806,4,0,0,0,0,0
404964,ECG,807,-113,0,0,0,0,0
404969,ECG,808,-201,0,0,0,0,0
404969,ECG,809,-230,0,0,0,0,0
404969,ECG,810,-192,0,0,0,0,0
404974,ECG,811,-99,0,0,0,0,0
404974,ECG,812,18,0,0,0,0,0
404974,ECG,813,116,0,0,0,0,0
404979,ECG,814,157,0,0,0,0,0
404979,ECG,815,121,0,0,0,0,0
404984,ECG,816,21,0,0,0,0,0
404984,ECG,817,-99,0,0,0,0,0
404989,ECG,818,-232,0,0,0,0,0
404989,ECG,819,-200,0,0,0,0,0
404994,ECG,820,-112,0,0,0,0,0
404994,ECG,821,4,0,0,0,0,0
404994,ECG,822,109,0,0,0,0,0
404999,ECG,823,157,0,0,0,0,0
404999,ECG,824,126,0,0,0,0,0
405004,ECG,825,30,0,0,0,0,0
405004,ECG,826,-95,0,0,0,0,0
405004,ECG,827,-202,0,0,0,0,0
405009,ECG,828,-250,0,0,0,0,0
405009,ECG,829,-224,0,0,0,0,0
405014,ECG,830,-140,0,0,0,0,0
405014,ECG,831,-18,0,0,0,0,0
405014,ECG,832,96,0,0,0,0,0
405019,ECG,833,160,0,0,0,0,0
405019,ECG,834,150,0,0,0,0,0
405024,ECG,835,66,0,0,0,0,0
405024,ECG,836,-56,0,0,0,0,0
405024,ECG,837,-163,0,0,0,0,0
405029,ECG,838,-220,0,0,0,0,0
405029,ECG,839,-206,0,0,0,0,0
405029,ECG,840,-130,0,0,0,0,0
405034,ECG,841,-15,0,0,0,0,0
405034,ECG,842,97,0,0,0,0,0
405039,ECG,843,162,0,0,0,0,0
405039,ECG,844,158,0,0,0,0,0
405044,ECG,845,-40,0,0,0,0,0
405044,ECG,846,-154,0,0,0,0,0
405049,ECG,847,-224,0,0,0,0,0
405049,ECG,848,-228,0,0,0,0,0
405049,ECG,849,-165,0,0,0,0,0
405054,ECG,850,-60,0,0,0,0,0
405054,ECG,851,50,0,0,0,0,0
405059,ECG,852,124,0,0,0,0,0
405059,ECG,853,133,0,0,0,0,0
405059,ECG,854,66,0,0,0,0,0
405064,ECG,855,-42,0,0,0,0,0
405064,ECG,856,-150,0,0,0,0,0
405069,ECG,857,-219,0,0,0,0,0
405069,ECG,858,-223,0,0,0,0,0
405069,ECG,859,-164,0,0,0,0,0
405074,ECG,860,-65,0,0,0,0,0
405074,ECG,861,47,0,0,0,0,0
405079,ECG,862,141,0,0,0,0,0
405079,ECG,863,81,0,0,0,0,0
405084,ECG,864,-29,0,0,0,0,0
405084,ECG,865,-148,0,0,0,0,0
405084,ECG,866,-230,0,0,0,0,0
405089,ECG,867,-249,0,0,0,0,0
405089,ECG,868,-204,0,0,0,0,0
405094,ECG,869,-109,0,0,0,0,0
405094,ECG,870,6,0,0,0,0,0
405094,ECG,871,97,0,0,0,0,0
405099,ECG,872,129,0,0,0,0,0
405099,ECG,873,89,0,0,0,0,0
405104,ECG,874,-12,0,0,0,0,0
405104,ECG,875,-129,0,0,0,0,0
405104,ECG,876,-219,0,0,0,0,0
405109,ECG,877,-249,0,0,0,0,0
405109,ECG,878,-215,0,0,0,0,0
405114,ECG,879,-131,0,0,0,0,0
405114,ECG,880,-20,0,0,0,0,0
405114,ECG,881,74,0,0,0,0,0
405119,ECG,882,114,0,0,0,0,0
405119,ECG,883,86,0,0,0,0,0
405124,ECG,884,-3,0,0,0,0,0
405124,ECG,885,-116,0,0,0,0,0
405124,ECG,886,-207,0,0,0,0,0
405129,ECG,887,-249,0,0,0,0,0
405129,ECG,888,-228,0,0,0,0,0
405134,ECG,889,-52,0,0,0,0,0
405134,ECG,890,39,0,0,0,0,0
405139,ECG,891,87,0,0,0,0,0
405139,ECG,892,68,0,0,0,0,0
405144,ECG,893,-115,0,0,0,0,0
405144,ECG,894,-204,0,0,0,0,0
405149,ECG,895,-246,0,0,0,0,0
405149,ECG,896,-225,0,0,0,0,0
405149,ECG,897,-150,0,0,0,0,0
405154,ECG,898,-45,0,0,0,0,0
405154,ECG,899,55,0,0,0,0,0
405159,ECG,900,113,0,0,0,0,0
405159,ECG,901,101,0,0,0,0,0
405159,ECG,902,24,0,0,0,0,0
405164,ECG,903,-85,0,0,0,0,0
405164,ECG,904,-183,0,0,0,0,0
405169,ECG,905,-238,0,0,0,0,0
405169,ECG,906,-231,0,0,0,0,0
405169,ECG,907,-167,0,0,0,0,0
405174,ECG,908,-66,0,0,0,0,0
405174,ECG,909,35,0,0,0,0,0
405179,ECG,910,96,0,0,0,0,0
405179,ECG,911,94,0,0,0,0,0
405179,ECG,912,26,0,0,0,0,0
405184,ECG,913,-83,0,0,0,0,0
405184,ECG,914,-189,0,0,0,0,0
405189,ECG,915,-250,0,0,0,0,0
405189,ECG,916,-191,0,0,0,0,0
405194,ECG,917,-92,0,0,0,0,0
405194,ECG,918,17,0,0,0,0,0
405199,ECG,919,110,0,0,0,0,0
405199,ECG,920,58,0,0,0,0,0
405204,ECG,921,-40,0,0,0,0,0
405204,ECG,922,-145,0,0,0,0,0
405204,ECG,923,-216,0,0,0,0,0
405209,ECG,924,-231,0,0,0,0,0
405209,ECG,925,-187,0,0,0,0,0
405214,ECG,926,-98,0,0,0,0,0
405214,ECG,927,8,0,0,0,0,0
405214,ECG,928,89,0,0,0,0,0
405219,ECG,929,112,0,0,0,0,0
405219,ECG,930,72,0,0,0,0,0
405224,ECG,931,-20,0,0,0,0,0
405224,ECG,932,-126,0,0,0,0,0
405224,ECG,933,-204,0,0,0,0,0
405229,ECG,934,-231,0,0,0,0,0
405229,ECG,935,-198,0,0,0,0,0
405234,ECG,936,-118,0,0,0,0,0
405234,ECG,937,-17,0,0,0,0,0
405234,ECG,938,67,0,0,0,0,0
405239,ECG,939,102,0,0,0,0,0
405239,ECG,940,68,0,0,0,0,0
405244,ECG,941,-130,0,0,0,0,0
405244,ECG,942,-214,0,0,0,0,0
405249,ECG,943,-248,0,0,0,0,0
405249,ECG,944,-217,0,0,0,0,0
405254,ECG,945,-31,0,0,0,0,0
405254,ECG,946,63,0,0,0,0,0
405259,ECG,947,109,0,0,0,0,0
405259,ECG,948,85,0,0,0,0,0
405259,ECG,949,-1,0,0,0,0,0
405264,ECG,950,-113,0,0,0,0,0
405264,ECG,951,-209,0,0,0,0,0
405269,ECG,952,-255,0,0,0,0,0
405269,ECG,953,-235,0,0,0,0,0
405269,ECG,954,-159,0,0,0,0,0
405274,ECG,955,-51,0,0,0,0,0
405274,ECG,956,53,0,0,0,0,0
405279,ECG,957,113,0,0,0,0,0
405279,ECG,958,104,0,0,0,0,0
405279,ECG,959,28,0,0,0,0,0
405284,ECG,960,-81,0,0,0,0,0
405284,ECG,961,-186,0,0,0,0,0
405289,ECG,962,-245,0,0,0,0,0
405289,ECG,963,-242,0,0,0,0,0
405289,ECG,964,-178,0,0,0,0,0
405294,ECG,965,-76,0,0,0,0,0
405294,ECG,966,28,0,0,0,0,0
405294,ECG,967,93,0,0,0,0,0
405299,ECG,968,97,0,0,0,0,0
405299,ECG,969,34,0,0,0,0,0
405304,ECG,970,-71,0,0,0,0,0
405304,ECG,971,-175,0,0,0,0,0
405309,ECG,972,-239,0,0,0,0,0
405309,ECG,973,-179,0,0,0,0,0
405314,ECG,974,-79,0,0,0,0,0
405314,ECG,975,28,0,0,0,0,0
405314,ECG,976,101,0,0,0,0,0
405319,ECG,977,107,0,0,0,0,0
405319,ECG,978,44,0,0,0,0,0
405324,ECG,979,-62,0,0,0,0,0
405324,ECG,980,-171,0,0,0,0,0
405324,ECG,981,-244,0,0,0,0,0
405329,ECG,982,-253,0,0,0,0,0
405329,ECG,983,-199,0,0,0,0,0
405334,ECG,984,-100,0,0,0,0,0
405334,ECG,985,9,0,0,0,0,0
405334,ECG,986,87,0,0,0,0,0
405339,ECG,987,102,0,0,0,0,0
405339,ECG,988,48,0,0,0,0,0
405344,ECG,989,-56,0,0,0,0,0
405344,ECG,990,-168,0,0,0,0,0
405344,ECG,991,-245,0,0,0,0,0
405349,ECG,992,-262,0,0,0,0,0
405349,ECG,993,-217,0,0,0,0,0
405349,ECG,994,-124,0,0,0,0,0
405354,ECG,995,-14,0,0,0,0,0
405354,ECG,996,74,0,0,0,0,0
405359,ECG,997,107,0,0,0,0,0
405359,ECG,998,73,0,0,0,0,0
405359,ECG,999,-15,0,0,0,0,0
405364,ECG,1000,-118,0,0,0,0,0
405364,ECG,1001,-196,0,0,0,0,0
405369,ECG,1002,-222,0,0,0,0,0
405369,ECG,1003,-188,0,0,0,0,0
405369,ECG,1004,-102,0,0,0,0,0
405374,ECG,1005,4,0,0,0,0,0
405374,ECG,1006,92,0,0,0,0,0
405379,ECG,1007,127,0,0,0,0,0
405379,ECG,1008,94,0,0,0,0,0
405379,ECG,1009,3,0,0,0,0,0
405384,ECG,1010,-110,0,0,0,0,0
405384,ECG,1011,-202,0,0,0,0,0
405389,ECG,1012,-241,0,0,0,0,0
405389,ECG,1013,-216,0,0,0,0,0
405389,ECG,1014,-138,0,0,0,0,0
405394,ECG,1015,-30,0,0,0,0,0
405394,ECG,1016,68,0,0,0,0,0
405399,ECG,1017,95,0,0,0,0,0
405399,ECG,1018,13,0,0,0,0,0
405404,ECG,1019,-98,0,0,0,0,0
405404,ECG,1020,-192,0,0,0,0,0
405404,ECG,1021,-240,0,0,0,0,0
405409,ECG,1022,-225,0,0,0,0,0
405409,ECG,1023,-152,0,0,0,0,0
403341,IMU,0,744,-764,7908,3899,-4608,-913
403353,IMU,1,676,-1372,10076,192,51,-1797
403365,IMU,2,84,-692,7540,-3579,4220,-2323
403384,IMU,3,772,-1056,8000,-112,-275,-195
403404,IMU,4,232,-748,9328,-36,227,197
403423,IMU,5,404,-1340,8168,-1399,1733,212
403442,IMU,6,188,-812,8256,-1733,1757,411
403460,IMU,7,-800,-556,6984,528,-375,1816
403480,IMU,8,1036,-744,9012,763,-783,753
403499,IMU,9,628,-856,8616,-979,648,-703
403518,IMU,10,516,-1044,8676,806,-996,-163
403537,IMU,11,52,-1256,8624,69,48,-270
403556,IMU,12,604,-1096,8172,-8,-230,-324
403579,IMU,13,472,-1204,8468,3,388,237
403598,IMU,14,260,-924,8560,-1161,1495,222
403614,IMU,15,932,-2376,7248,-1992,1358,298
403632,IMU,16,408,-1200,7996,68,-101,-346
403652,IMU,17,92,-1528,7828,-1456,1542,409
403671,IMU,18,220,-704,8476,1147,-989,1182
403690,IMU,19,284,-1164,8508,420,-693,619
403710,IMU,20,564,-956,8572,100,-163,401
403728,IMU,21,424,-1228,8420,13,-85,164
403747,IMU,22,272,-1124,8428,117,-204,180
403766,IMU,23,404,-1156,8416,213,-376,445
403786,IMU,24,368,-1080,8388,260,-400,499
403806,IMU,25,508,-856,8504,304,-388,558
403824,IMU,26,404,-988,8396,727,-924,458
403843,IMU,27,540,-976,8380,636,-777,343
403862,IMU,28,520,-972,8448,693,-820,527
403881,IMU,29,416,-864,8388,715,-812,492
403900,IMU,30,828,-776,8372,777,-931,364
403919,IMU,31,844,-800,8532,922,-1049,659
403939,IMU,32,776,-828,8452,843,-1041,516
403957,IMU,33,836,-820,8472,585,-678,296
403976,IMU,34,856,-768,8320,280,-352,182
403996,IMU,35,816,-724,8480,146,-179,97
404018,IMU,36,804,-676,8432,97,-115,129
404034,IMU,37,848,-740,8392,236,-320,149
404053,IMU,38,816,-644,8388,333,-415,212
404072,IMU,39,604,-1008,8560,341,-513,243
404091,IMU,40,844,-604,8484,509,-563,226
404110,IMU,41,1152,-540,8368,644,-577,228
404130,IMU,42,752,-516,8328,617,-751,234
404149,IMU,43,904,-616,8460,644,-676,188
404168,IMU,44,1088,-380,8536,657,-758,192
404187,IMU,45,1016,-476,8472,386,-466,133
404206,IMU,46,1076,-400,8516,229,-315,97
404226,IMU,47,1068,-476,8396,72,-116,87
404245,IMU,48,-1028,356,16168,26,-308,67
404263,IMU,49,964,-244,8620,1015,-986,380
404282,IMU,50,1228,-372,7992,2020,-2282,441
404301,IMU,51,1240,-52,8364,1464,-1820,302
404321,IMU,52,1152,-56,8204,-408,199,17
404340,IMU,53,-2364,-1920,7632,-67,29,72
404359,IMU,54,1240,-192,8132,-70,28,22
404378,IMU,55,1356,-280,8416,-107,54,30
404397,IMU,56,1412,-212,8440,-125,92,42
404416,IMU,57,1552,-900,14884,-165,293,28
404435,IMU,58,8604,-18892,10856,-927,639,-7446
404456,IMU,59,1676,-284,8460,391,-472,-62
404473,IMU,60,1392,-184,8436,-99,61,4
404492,IMU,61,1400,-112,8344,-99,92,51
404512,IMU,62,1328,-176,8272,-84,49,37
404531,IMU,63,1436,-176,8452,-101,66,36
404550,IMU,64,1328,-96,8376,-100,61,39
404569,IMU,65,1308,-256,8432,-67,53,44
404588,IMU,66,1108,-136,8316,-144,76,18
404607,IMU,67,1284,-228,8448,-269,151,-774
404626,IMU,68,1264,-292,8392,-153,78,-302
404645,IMU,69,1344,-260,8364,-98,54,19
404667,IMU,70,1412,-164,8348,-99,66,63
404686,IMU,71,1356,-200,8324,-87,52,38
404702,IMU,72,1256,-232,8336,-83,62,28
404722,IMU,73,1384,-248,8348,-114,54,44
404742,IMU,74,1280,-188,8400,-44,71,47
404760,IMU,75,1308,-164,8412,-85,58,65
404779,IMU,76,1288,-152,8388,-41,53,69
404798,IMU,77,1364,-152,8392,-88,52,62
404817,IMU,78,1364,-136,8400,-102,75,54
404836,IMU,79,1320,-248,8252,-206,9,61
404856,IMU,80,1300,-192,8432,-128,75,-50
404875,IMU,81,1292,-256,8444,-75,80,44
404895,IMU,82,1340,-220,8408,-101,85,46
404912,IMU,83,1304,-196,8408,-76,25,37
404932,IMU,84,1388,-352,8372,-71,45,35
404951,IMU,85,1312,-112,8488,-73,77,43
404970,IMU,86,1348,-120,8492,-113,95,39
404989,IMU,87,1356,-208,8456,-89,69,45
405008,IMU,88,1268,-200,8364,-99,47,37
405027,IMU,89,1740,-564,8332,-104,43,52
405046,IMU,90,1364,-252,8456,-59,29,8
405066,IMU,91,1268,-312,8356,-109,82,41
405085,IMU,92,1296,-168,8404,-113,68,48
405107,IMU,93,1308,-184,8392,-101,67,55
405124,IMU,94,1312,-108,8420,-105,66,43
405142,IMU,95,1260,-192,8400,-81,53,28
405161,IMU,96,1252,-232,8400,-91,47,29
405180,IMU,97,1400,-256,8448,-105,67,18
405199,IMU,98,1292,-228,8392,-91,51,33
405218,IMU,99,1168,-72,8444,-77,76,50
405237,IMU,100,1344,-268,8348,-85,43,61
405257,IMU,101,1312,-120,8356,-79,69,40
405276,IMU,102,1372,-124,8340,-90,47,44
405297,IMU,103,1336,-184,8484,-61,46,33
405314,IMU,104,-1696,4704,7180,-477,-317,-3527
405336,IMU,105,1220,80,8104,-900,986,212
405352,IMU,106,1304,-240,8256,-1790,1857,322
405371,IMU,107,1172,-516,8472,-2278,2470,364
405390,IMU,108,692,-856,8020,-1339,1374,366
405409,IMU,109,820,-528,8576,-1980,2066,-717
405428,IMU,110,2792,-1924,12196,-2147,2801,-2300
405447,IMU,111,1324,-2140,11848,5509,-4881,2475
405466,IMU,112,10688,13200,32767,3433,-6575,2343
405486,IMU,113,1092,-472,8544,-2632,2745,423
405504,IMU,114,916,-528,8232,683,-770,-125
405524,IMU,115,884,1244,7800,1573,-2245,-11926
405546,IMU,116,1688,480,7876,-1268,1312,175
405562,IMU,117,1168,-16,8528,-1362,1558,890
405581,IMU,118,564,28,8816,-1204,1530,1653
405600,IMU,119,1048,-716,8412,-2191,2361,105
405619,IMU,120,892,-524,8268,-1422,1516,258
405638,IMU,121,620,-268,8064,752,-967,-156
405657,IMU,122,1304,-744,7892,2318,-2835,585
405677,IMU,123,-1304,-7372,20612,1547,-1674,2264
405696,IMU,124,1440,-428,10644,1151,-1468,-1335
405715,IMU,125,972,388,8744,1046,-1535,-4087
405733,IMU,126,1144,2652,7964,-1041,676,-2659
405753,IMU,127,1396,72,11468,-529,-4626,-4240
405776,IMU,128,1228,-680,8520,-308,-362,-4507
405791,IMU,129,992,-128,8148,-374,123,-1856
405810,IMU,130,1292,-232,8364,-260,376,190
405829,IMU,131,1380,-228,8348,-37,3,47
405848,IMU,132,1332,-132,8404,-128,109,46
405868,IMU,133,1292,-200,8364,-126,119,55
405887,IMU,134,1336,-200,8392,-87,56,31
405906,IMU,135,1228,-196,8364,-76,61,33
405925,IMU,136,1256,-224,8356,-71,34,54
405944,IMU,137,1264,-244,8252,-72,52,40
405963,IMU,138,1228,-148,8432,-81,55,38
405984,IMU,139,1284,-320,8388,-82,57,26
406001,IMU,140,1192,-172,8416,-89,60,36
406020,IMU,141,1360,-148,8452,-95,40,45
406039,IMU,142,1184,-92,8420,-89,81,43
406058,IMU,143,1288,-172,8380,-91,53,47
406077,IMU,144,1312,-160,8400,-95,69,47
406097,IMU,145,1352,-152,8368,-83,61,27
406116,IMU,146,1308,-172,8344,-85,55,49
406135,IMU,147,1268,-152,8472,-87,62,26
406154,IMU,148,1220,-108,8404,-73,53,41
406173,IMU,149,1260,-104,8392,-92,43,37
406194,IMU,150,1280,-264,8360,-96,54,46
406213,IMU,151,1288,-236,8372,-90,41,39
406230,IMU,152,1236,-156,8396,-92,72,56
406249,IMU,153,1324,-136,8320,-79,57,38
406268,IMU,154,1320,-204,8300,-98,40,49
406288,IMU,155,1272,-184,8428,-87,63,52
406307,IMU,156,1312,-216,8480,-101,49,39
406328,IMU,157,1264,-268,8364,-76,67,49
406345,IMU,158,1376,-192,8352,-83,55,37
406364,IMU,159,1392,-144,8320,-98,67,40
406383,IMU,160,1308,-196,8368,-90,52,51
406402,IMU,161,1256,-144,8348,-81,65,47
406425,IMU,162,1236,-276,8372,-92,49,47
406440,IMU,163,1268,-188,8360,-88,58,50
406459,IMU,164,1280,-132,8360,-112,62,50
406478,IMU,165,1368,-140,8540,-98,42,46
406498,IMU,166,1308,-152,8348,-102,68,41
406517,IMU,167,1264,-188,8336,-79,60,35
406535,IMU,168,1224,-236,8356,-95,73,50
406555,IMU,169,1332,-216,8408,-83,34,29
406574,IMU,170,1268,-244,8264,-101,49,38
406593,IMU,171,1268,-232,8388,-74,61,41
406612,IMU,172,1220,-200,8412,-83,51,33
406635,IMU,173,1236,-164,8404,-73,58,41
406653,IMU,174,1292,-280,8448,-94,52,44
406669,IMU,175,1264,-48,8280,-94,78,50
406689,IMU,176,1292,-204,8408,-99,47,56
406708,IMU,177,1224,-228,8340,-112,55,46
406727,IMU,178,1292,-100,8372,-72,67,33
406746,IMU,179,1268,-276,8404,-85,56,45
406765,IMU,180,1352,-196,8384,-85,66,24
406784,IMU,181,1340,-204,8472,-91,51,43
406803,IMU,182,1180,-132,8464,-70,63,38
406823,IMU,183,1260,-196,8420,-94,60,44
406842,IMU,184,1292,-200,8460,-85,84,30
406862,IMU,185,1212,-232,8336,-91,73,49
406879,IMU,186,1296,-220,8376,-81,60,55
406899,IMU,187,1280,-168,8380,-101,59,58
406918,IMU,188,1396,-188,8412,-65,66,55
406937,IMU,189,1304,-188,8404,-100,63,30
406956,IMU,190,1312,-188,8452,-58,34,65
406975,IMU,191,1308,-136,8324,-119,70,29
406995,IMU,192,1304,-216,8420,-83,52,47
407013,IMU,193,1212,-228,8376,-108,60,52
407033,IMU,194,1352,-260,8364,-76,60,41
407051,IMU,195,1324,-148,8380,-84,67,45
407073,IMU,196,1248,-172,8380,-83,47,48
407090,IMU,197,1208,-224,8484,-82,55,47
407109,IMU,198,1304,-272,8340,-96,66,54
407128,IMU,199,1280,-220,8360,-80,57,45
407147,IMU,200,1232,-224,8464,-91,67,34
407166,IMU,201,1256,-184,8396,-89,56,44
407185,IMU,202,1272,-220,8372,-95,64,51
407204,IMU,203,1296,-200,8300,-66,66,47
407224,IMU,204,1300,-148,8388,-96,74,62
407243,IMU,205,1180,-192,8440,-105,57,42
407261,IMU,206,1240,-204,8384,-91,75,52
407280,IMU,207,1180,-216,8364,-82,64,54
405414,ECG,1024,-46,0,0,0,0,0
405414,ECG,1025,51,0,0,0,0,0
405414,ECG,1026,109,0,0,0,0,0
405419,ECG,1027,100,0,0,0,0,0
405419,ECG,1028,23,0,0,0,0,0
405424,ECG,1029,-88,0,0,0,0,0
405424,ECG,1030,-190,0,0,0,0,0
405424,ECG,1031,-249,0,0,0,0,0
405429,ECG,1032,-242,0,0,0,0,0
405429,ECG,1033,-174,0,0,0,0,0
405434,ECG,1034,-68,0,0,0,0,0
405434,ECG,1035,40,0,0,0,0,0
405434,ECG,1036,111,0,0,0,0,0
405439,ECG,1037,114,0,0,0,0,0
405439,ECG,1038,51,0,0,0,0,0
405444,ECG,1039,-54,0,0,0,0,0
405444,ECG,1040,-161,0,0,0,0,0
405444,ECG,1041,-226,0,0,0,0,0
405449,ECG,1042,-226,0,0,0,0,0
405449,ECG,1043,-168,0,0,0,0,0
405454,ECG,1044,42,0,0,0,0,0
405454,ECG,1045,113,0,0,0,0,0
405459,ECG,1046,118,0,0,0,0,0
405459,ECG,1047,53,0,0,0,0,0
405459,ECG,1048,-57,0,0,0,0,0
405464,ECG,1049,-169,0,0,0,0,0
405464,ECG,1050,-243,0,0,0,0,0
405469,ECG,1051,-253,0,0,0,0,0
405469,ECG,1052,-198,0,0,0,0,0
405469,ECG,1053,-97,0,0,0,0,0
405474,ECG,1054,14,0,0,0,0,0
405474,ECG,1055,96,0,0,0,0,0
405479,ECG,1056,116,0,0,0,0,0
405479,ECG,1057,62,0,0,0,0,0
405479,ECG,1058,-44,0,0,0,0,0
405484,ECG,1059,-160,0,0,0,0,0
405484,ECG,1060,-241,0,0,0,0,0
405535,ECG,1061,-260,0,0,0,0,0
405535,ECG,1062,-216,0,0,0,0,0
405535,ECG,1063,-123,0,0,0,0,0
405535,ECG,1064,-14,0,0,0,0,0
405535,ECG,1065,73,0,0,0,0,0
405535,ECG,1066,99,0,0,0,0,0
405535,ECG,1067,52,0,0,0,0,0
405535,ECG,1068,-51,0,0,0,0,0
405535,ECG,1069,-169,0,0,0,0,0
405535,ECG,1070,-258,0,0,0,0,0
405535,ECG,1071,-287,0,0,0,0,0
405535,ECG,1072,-248,0,0,0,0,0
405535,ECG,1073,-153,0,0,0,0,0
405535,ECG,1074,-36,0,0,0,0,0
405535,ECG,1075,62,0,0,0,0,0
405535,ECG,1076,107,0,0,0,0,0
405535,ECG,1077,76,0,0,0,0,0
405535,ECG,1078,-21,0,0,0,0,0
405535,ECG,1079,-141,0,0,0,0,0
405535,ECG,1080,-244,0,0,0,0,0
405535,ECG,1081,-294,0,0,0,0,0
405535,ECG,1082,-275,0,0,0,0,0
405535,ECG,1083,-195,0,0,0,0,0
405535,ECG,1084,-85,0,0,0,0,0
405535,ECG,1085,22,0,0,0,0,0
405535,ECG,1086,81,0,0,0,0,0
405540,ECG,1087,67,0,0,0,0,0
405540,ECG,1088,-13,0,0,0,0,0
405540,ECG,1089,-125,0,0,0,0,0
405545,ECG,1090,-229,0,0,0,0,0
405545,ECG,1091,-284,0,0,0,0,0
405550,ECG,1092,-200,0,0,0,0,0
405550,ECG,1093,-87,0,0,0,0,0
405555,ECG,1094,23,0,0,0,0,0
405555,ECG,1095,93,0,0,0,0,0
405555,ECG,1096,91,0,0,0,0,0
405560,ECG,1097,18,0,0,0,0,0
405560,ECG,1098,-91,0,0,0,0,0
405565,ECG,1099,-194,0,0,0,0,0
405565,ECG,1100,-253,0,0,0,0,0
405565,ECG,1101,-247,0,0,0,0,0
405570,ECG,1102,-180,0,0,0,0,0
405570,ECG,1103,-72,0,0,0,0,0
405575,ECG,1104,40,0,0,0,0,0
405575,ECG,1105,114,0,0,0,0,0
405575,ECG,1106,122,0,0,0,0,0
405580,ECG,1107,60,0,0,0,0,0
405580,ECG,1108,-51,0,0,0,0,0
405585,ECG,1109,-166,0,0,0,0,0
405585,ECG,1110,-240,0,0,0,0,0
405585,ECG,1111,-249,0,0,0,0,0
405590,ECG,1112,-198,0,0,0,0,0
405590,ECG,1113,-100,0,0,0,0,0
405595,ECG,1114,10,0,0,0,0,0
405595,ECG,1115,94,0,0,0,0,0
405595,ECG,1116,118,0,0,0,0,0
405600,ECG,1117,67,0,0,0,0,0
405600,ECG,1118,-34,0,0,0,0,0
405605,ECG,1119,-238,0,0,0,0,0
405605,ECG,1120,-264,0,0,0,0,0
405610,ECG,1121,-220,0,0,0,0,0
405610,ECG,1122,-124,0,0,0,0,0
405615,ECG,1123,83,0,0,0,0,0
405615,ECG,1124,115,0,0,0,0,0
405620,ECG,1125,75,0,0,0,0,0
405620,ECG,1126,-26,0,0,0,0,0
405620,ECG,1127,-147,0,0,0,0,0
405625,ECG,1128,-241,0,0,0,0,0
405625,ECG,1129,-277,0,0,0,0,0
405630,ECG,1130,-246,0,0,0,0,0
405630,ECG,1131,-155,0,0,0,0,0
405630,ECG,1132,-38,0,0,0,0,0
405635,ECG,1133,60,0,0,0,0,0
405635,ECG,1134,106,0,0,0,0,0
405640,ECG,1135,77,0,0,0,0,0
405640,ECG,1136,-16,0,0,0,0,0
405640,ECG,1137,-133,0,0,0,0,0
405645,ECG,1138,-233,0,0,0,0,0
405645,ECG,1139,-277,0,0,0,0,0
405650,ECG,1140,-255,0,0,0,0,0
405650,ECG,1141,-173,0,0,0,0,0
405650,ECG,1142,-58,0,0,0,0,0
405655,ECG,1143,48,0,0,0,0,0
405655,ECG,1144,108,0,0,0,0,0
405660,ECG,1145,17,0,0,0,0,0
405660,ECG,1146,-94,0,0,0,0,0
405665,ECG,1147,-196,0,0,0,0,0
405665,ECG,1148,-247,0,0,0,0,0
405670,ECG,1149,-157,0,0,0,0,0
405670,ECG,1150,-44,0,0,0,0,0
405675,ECG,1151,65,0,0,0,0,0
405675,ECG,1152,132,0,0,0,0,0
405675,ECG,1153,128,0,0,0,0,0
405680,ECG,1154,51,0,0,0,0,0
405680,ECG,1155,-62,0,0,0,0,0
405685,ECG,1156,-166,0,0,0,0,0
405685,ECG,1157,-225,0,0,0,0,0
405685,ECG,1158,-216,0,0,0,0,0
405690,ECG,1159,-145,0,0,0,0,0
405690,ECG,1160,-35,0,0,0,0,0
405695,ECG,1161,76,0,0,0,0,0
405695,ECG,1162,149,0,0,0,0,0
405695,ECG,1163,153,0,0,0,0,0
405700,ECG,1164,84,0,0,0,0,0
405700,ECG,1165,-28,0,0,0,0,0
405705,ECG,1166,-139,0,0,0,0,0
405705,ECG,1167,-208,0,0,0,0,0
405705,ECG,1168,-214,0,0,0,0,0
405710,ECG,1169,-158,0,0,0,0,0
405710,ECG,1170,-58,0,0,0,0,0
405715,ECG,1171,125,0,0,0,0,0
405715,ECG,1172,137,0,0,0,0,0
405720,ECG,1173,76,0,0,0,0,0
405720,ECG,1174,-29,0,0,0,0,0
405725,ECG,1175,-225,0,0,0,0,0
405725,ECG,1176,-238,0,0,0,0,0
405730,ECG,1177,-187,0,0,0,0,0
405730,ECG,1178,-91,0,0,0,0,0
405730,ECG,1179,26,0,0,0,0,0
405735,ECG,1180,114,0,0,0,0,0
405735,ECG,1181,136,0,0,0,0,0
405740,ECG,1182,88,0,0,0,0,0
405740,ECG,1183,-14,0,0,0,0,0
405740,ECG,1184,-132,0,0,0,0,0
405745,ECG,1185,-218,0,0,0,0,0
405745,ECG,1186,-243,0,0,0,0,0
405750,ECG,1187,-202,0,0,0,0,0
405750,ECG,1188,-105,0,0,0,0,0
405750,ECG,1189,15,0,0,0,0,0
405755,ECG,1190,109,0,0,0,0,0
405755,ECG,1191,148,0,0,0,0,0
405760,ECG,1192,15,0,0,0,0,0
405760,ECG,1193,-102,0,0,0,0,0
405765,ECG,1194,-198,0,0,0,0,0
405765,ECG,1195,-237,0,0,0,0,0
405765,ECG,1196,-210,0,0,0,0,0
405770,ECG,1197,-127,0,0,0,0,0
405770,ECG,1198,-14,0,0,0,0,0
405775,ECG,1199,86,0,0,0,0,0
405775,ECG,1200,132,0,0,0,0,0
405775,ECG,1201,107,0,0,0,0,0
405780,ECG,1202,17,0,0,0,0,0
405780,ECG,1203,-101,0,0,0,0,0
405785,ECG,1204,-200,0,0,0,0,0
405785,ECG,1205,-249,0,0,0,0,0
405785,ECG,1206,-231,0,0,0,0,0
405790,ECG,1207,-153,0,0,0,0,0
405790,ECG,1208,-43,0,0,0,0,0
405795,ECG,1209,62,0,0,0,0,0
405795,ECG,1210,121,0,0,0,0,0
405795,ECG,1211,107,0,0,0,0,0
405800,ECG,1212,26,0,0,0,0,0
405800,ECG,1213,-83,0,0,0,0,0
405805,ECG,1214,-186,0,0,0,0,0
405805,ECG,1215,-242,0,0,0,0,0
405805,ECG,1216,-225,0,0,0,0,0
405810,ECG,1217,-154,0,0,0,0,0
405810,ECG,1218,-44,0,0,0,0,0
405815,ECG,1219,135,0,0,0,0,0
405815,ECG,1220,136,0,0,0,0,0
405820,ECG,1221,65,0,0,0,0,0
405820,ECG,1222,-49,0,0,0,0,0
405825,ECG,1223,-224,0,0,0,0,0
405825,ECG,1224,-226,0,0,0,0,0
405830,ECG,1225,-167,0,0,0,0,0
405830,ECG,1226,-59,0,0,0,0,0
405830,ECG,1227,53,0,0,0,0,0
405835,ECG,1228,130,0,0,0,0,0
405835,ECG,1229,146,0,0,0,0,0
405840,ECG,1230,85,0,0,0,0,0
405840,ECG,1231,-23,0,0,0,0,0
405840,ECG,1232,-135,0,0,0,0,0
405845,ECG,1233,-213,0,0,0,0,0
405845,ECG,1234,-225,0,0,0,0,0
405850,ECG,1235,-170,0,0,0,0,0
405850,ECG,1236,-69,0,0,0,0,0
405850,ECG,1237,45,0,0,0,0,0
405855,ECG,1238,127,0,0,0,0,0
405855,ECG,1239,146,0,0,0,0,0
405860,ECG,1240,93,0,0,0,0,0
405860,ECG,1241,-13,0,0,0,0,0
405860,ECG,1242,-132,0,0,0,0,0
405865,ECG,1243,-216,0,0,0,0,0
405865,ECG,1244,-239,0,0,0,0,0
405870,ECG,1245,-103,0,0,0,0,0
405870,ECG,1246,11,0,0,0,0,0
405875,ECG,1247,99,0,0,0,0,0
405875,ECG,1248,131,0,0,0,0,0
405880,ECG,1249,-10,0,0,0,0,0
405880,ECG,1250,-121,0,0,0,0,0
405885,ECG,1251,-208,0,0,0,0,0
405885,ECG,1252,-240,0,0,0,0,0
405885,ECG,1253,-203,0,0,0,0,0
405890,ECG,1254,-115,0,0,0,0,0
405890,ECG,1255,-8,0,0,0,0,0
405895,ECG,1256,84,0,0,0,0,0
405895,ECG,1257,121,0,0,0,0,0
405895,ECG,1258,85,0,0,0,0,0
405900,ECG,1259,-9,0,0,0,0,0
405900,ECG,1260,-123,0,0,0,0,0
405905,ECG,1261,-218,0,0,0,0,0
405905,ECG,1262,-256,0,0,0,0,0
405905,ECG,1263,-226,0,0,0,0,0
405910,ECG,1264,-146,0,0,0,0,0
405910,ECG,1265,-34,0,0,0,0,0
405915,ECG,1266,66,0,0,0,0,0
405915,ECG,1267,115,0,0,0,0,0
405915,ECG,1268,96,0,0,0,0,0
405920,ECG,1269,15,0,0,0,0,0
405920,ECG,1270,-95,0,0,0,0,0
405925,ECG,1271,-236,0,0,0,0,0
405925,ECG,1272,-220,0,0,0,0,0
405930,ECG,1273,-148,0,0,0,0,0
405930,ECG,1274,-43,0,0,0,0,0
405935,ECG,1275,111,0,0,0,0,0
405935,ECG,1276,100,0,0,0,0,0
405940,ECG,1277,26,0,0,0,0,0
405940,ECG,1278,-85,0,0,0,0,0
405940,ECG,1279,-188,0,0,0,0,0
405945,ECG,1280,-246,0,0,0,0,0
405945,ECG,1281,-243,0,0,0,0,0
405950,ECG,1282,-187,0,0,0,0,0
405950,ECG,1283,-90,0,0,0,0,0
405950,ECG,1284,13,0,0,0,0,0
405955,ECG,1285,81,0,0,0,0,0
405955,ECG,1286,89,0,0,0,0,0
405960,ECG,1287,31,0,0,0,0,0
405960,ECG,1288,-68,0,0,0,0,0
405960,ECG,1289,-167,0,0,0,0,0
405965,ECG,1290,-229,0,0,0,0,0
405965,ECG,1291,-235,0,0,0,0,0
405970,ECG,1292,-185,0,0,0,0,0
405970,ECG,1293,-94,0,0,0,0,0
405970,ECG,1294,6,0,0,0,0,0
405975,ECG,1295,77,0,0,0,0,0
405975,ECG,1296,94,0,0,0,0,0
405980,ECG,1297,-49,0,0,0,0,0
405980,ECG,1298,-149,0,0,0,0,0
405985,ECG,1299,-217,0,0,0,0,0
405985,ECG,1300,-232,0,0,0,0,0
405990,ECG,1301,-108,0,0,0,0,0
405990,ECG,1302,-12,0,0,0,0,0
405995,ECG,1303,63,0,0,0,0,0
405995,ECG,1304,89,0,0,0,0,0
405995,ECG,1305,51,0,0,0,0,0
406000,ECG,1306,-33,0,0,0,0,0
406000,ECG,1307,-130,0,0,0,0,0
406005,ECG,1308,-202,0,0,0,0,0
406005,ECG,1309,-224,0,0,0,0,0
406005,ECG,1310,-191,0,0,0,0,0
406010,ECG,1311,-116,0,0,0,0,0
406010,ECG,1312,-21,0,0,0,0,0
406015,ECG,1313,58,0,0,0,0,0
406015,ECG,1314,89,0,0,0,0,0
406015,ECG,1315,60,0,0,0,0,0
406020,ECG,1316,-20,0,0,0,0,0
406020,ECG,1317,-115,0,0,0,0,0
406025,ECG,1318,-224,0,0,0,0,0
406025,ECG,1319,-199,0,0,0,0,0
406030,ECG,1320,-126,0,0,0,0,0
406030,ECG,1321,-32,0,0,0,0,0
406030,ECG,1322,50,0,0,0,0,0
406035,ECG,1323,90,0,0,0,0,0
406035,ECG,1324,70,0,0,0,0,0
406040,ECG,1325,-6,0,0,0,0,0
406040,ECG,1326,-101,0,0,0,0,0
406040,ECG,1327,-181,0,0,0,0,0
406045,ECG,1328,-217,0,0,0,0,0
406045,ECG,1329,-200,0,0,0,0,0
406050,ECG,1330,-135,0,0,0,0,0
406050,ECG,1331,-43,0,0,0,0,0
406050,ECG,1332,43,0,0,0,0,0
406055,ECG,1333,89,0,0,0,0,0
406055,ECG,1334,77,0,0,0,0,0
406060,ECG,1335,10,0,0,0,0,0
406060,ECG,1336,-84,0,0,0,0,0
406060,ECG,1337,-170,0,0,0,0,0
406065,ECG,1338,-216,0,0,0,0,0
406065,ECG,1339,-210,0,0,0,0,0
406070,ECG,1340,-158,0,0,0,0,0
406070,ECG,1341,-73,0,0,0,0,0
406070,ECG,1342,11,0,0,0,0,0
406075,ECG,1343,63,0,0,0,0,0
406075,ECG,1344,65,0,0,0,0,0
406080,ECG,1345,-76,0,0,0,0,0
406080,ECG,1346,-154,0,0,0,0,0
406085,ECG,1347,-201,0,0,0,0,0
406085,ECG,1348,-198,0,0,0,0,0
406090,ECG,1349,-67,0,0,0,0,0
406090,ECG,1350,18,0,0,0,0,0
406095,ECG,1351,73,0,0,0,0,0
406095,ECG,1352,73,0,0,0,0,0
406095,ECG,1353,17,0,0,0,0,0
406100,ECG,1354,-71,0,0,0,0,0
406100,ECG,1355,-161,0,0,0,0,0
406105,ECG,1356,-217,0,0,0,0,0
406105,ECG,1357,-223,0,0,0,0,0
406105,ECG,1358,-177,0,0,0,0,0
406110,ECG,1359,-92,0,0,0,0,0
406110,ECG,1360,2,0,0,0,0,0
406115,ECG,1361,71,0,0,0,0,0
406115,ECG,1362,92,0,0,0,0,0
406115,ECG,1363,55,0,0,0,0,0
406120,ECG,1364,-25,0,0,0,0,0
406120,ECG,1365,-112,0,0,0,0,0
406125,ECG,1366,-173,0,0,0,0,0
406125,ECG,1367,-189,0,0,0,0,0
406125,ECG,1368,-155,0,0,0,0,0
406130,ECG,1369,-86,0,0,0,0,0
406130,ECG,1370,0,0,0,0,0,0
406135,ECG,1371,94,0,0,0,0,0
406135,ECG,1372,61,0,0,0,0,0
406140,ECG,1373,-15,0,0,0,0,0
406140,ECG,1374,-102,0,0,0,0,0
406145,ECG,1375,-189,0,0,0,0,0
406145,ECG,1376,-161,0,0,0,0,0
406150,ECG,1377,-94,0,0,0,0,0
406150,ECG,1378,-10,0,0,0,0,0
406150,ECG,1379,59,0,0,0,0,0
406155,ECG,1380,87,0,0,0,0,0
406155,ECG,1381,62,0,0,0,0,0
406160,ECG,1382,-12,0,0,0,0,0
406160,ECG,1383,-102,0,0,0,0,0
406160,ECG,1384,-174,0,0,0,0,0
406165,ECG,1385,-202,0,0,0,0,0
406165,ECG,1386,-179,0,0,0,0,0
406170,ECG,1387,-116,0,0,0,0,0
406170,ECG,1388,-30,0,0,0,0,0
406170,ECG,1389,49,0,0,0,0,0
406175,ECG,1390,90,0,0,0,0,0
406175,ECG,1391,77,0,0,0,0,0
406180,ECG,1392,13,0,0,0,0,0
406180,ECG,1393,-74,0,0,0,0,0
406180,ECG,1394,-154,0,0,0,0,0
406185,ECG,1395,-198,0,0,0,0,0
406185,ECG,1396,-193,0,0,0,0,0
406190,ECG,1397,-68,0,0,0,0,0
406190,ECG,1398,7,0,0,0,0,0
406195,ECG,1399,51,0,0,0,0,0
406195,ECG,1400,48,0,0,0,0,0
406200,ECG,1401,-92,0,0,0,0,0
406200,ECG,1402,-163,0,0,0,0,0
406205,ECG,1403,-204,0,0,0,0,0
406205,ECG,1404,-199,0,0,0,0,0
406205,ECG,1405,-148,0,0,0,0,0
406210,ECG,1406,-68,0,0,0,0,0
406210,ECG,1407,12,0,0,0,0,0
406215,ECG,1408,63,0,0,0,0,0
406215,ECG,1409,63,0,0,0,0,0
406215,ECG,1410,10,0,0,0,0,0
406220,ECG,1411,-74,0,0,0,0,0
406220,ECG,1412,-156,0,0,0,0,0
406225,ECG,1413,-202,0,0,0,0,0
406225,ECG,1414,-201,0,0,0,0,0
406225,ECG,1415,-158,0,0,0,0,0
406230,ECG,1416,-83,0,0,0,0,0
406230,ECG,1417,-3,0,0,0,0,0
406235,ECG,1418,51,0,0,0,0,0
406235,ECG,1419,55,0,0,0,0,0
406235,ECG,1420,2,0,0,0,0,0
406240,ECG,1421,-82,0,0,0,0,0
406240,ECG,1422,-166,0,0,0,0,0
406245,ECG,1423,-227,0,0,0,0,0
406245,ECG,1424,-186,0,0,0,0,0
406250,ECG,1425,-114,0,0,0,0,0
406250,ECG,1426,-31,0,0,0,0,0
406255,ECG,1427,43,0,0,0,0,0
406255,ECG,1428,3,0,0,0,0,0
406260,ECG,1429,-76,0,0,0,0,0
406260,ECG,1430,-163,0,0,0,0,0
406260,ECG,1431,-222,0,0,0,0,0
406265,ECG,1432,-235,0,0,0,0,0
406265,ECG,1433,-200,0,0,0,0,0
406270,ECG,1434,-127,0,0,0,0,0
406270,ECG,1435,-42,0,0,0,0,0
406270,ECG,1436,27,0,0,0,0,0
406275,ECG,1437,57,0,0,0,0,0
406275,ECG,1438,33,0,0,0,0,0
406280,ECG,1439,-38,0,0,0,0,0
406280,ECG,1440,-119,0,0,0,0,0
406280,ECG,1441,-179,0,0,0,0,0
406285,ECG,1442,-200,0,0,0,0,0
406285,ECG,1443,-174,0,0,0,0,0
406290,ECG,1444,-109,0,0,0,0,0
406290,ECG,1445,-26,0,0,0,0,0
406290,ECG,1446,42,0,0,0,0,0
406295,ECG,1447,71,0,0,0,0,0
406295,ECG,1448,48,0,0,0,0,0
406300,ECG,1449,-109,0,0,0,0,0
406300,ECG,1450,-181,0,0,0,0,0
406305,ECG,1451,-213,0,0,0,0,0
406305,ECG,1452,-196,0,0,0,0,0
406310,ECG,1453,-55,0,0,0,0,0
406310,ECG,1454,21,0,0,0,0,0
406315,ECG,1455,60,0,0,0,0,0
406315,ECG,1456,44,0,0,0,0,0
406315,ECG,1457,-23,0,0,0,0,0
406320,ECG,1458,-109,0,0,0,0,0
406320,ECG,1459,-188,0,0,0,0,0
406325,ECG,1460,-228,0,0,0,0,0
406325,ECG,1461,-216,0,0,0,0,0
406325,ECG,1462,-161,0,0,0,0,0
406330,ECG,1463,-82,0,0,0,0,0
406330,ECG,1464,0,0,0,0,0,0
406335,ECG,1465,50,0,0,0,0,0
406335,ECG,1466,49,0,0,0,0,0
406335,ECG,1467,0,0,0,0,0,0
406340,ECG,1468,-79,0,0,0,0,0
406340,ECG,1469,-153,0,0,0,0,0
406345,ECG,1470,-193,0,0,0,0,0
406345,ECG,1471,-192,0,0,0,0,0
406345,ECG,1472,-151,0,0,0,0,0
406350,ECG,1473,-81,0,0,0,0,0
406350,ECG,1474,-10,0,0,0,0,0
406350,ECG,1475,36,0,0,0,0,0
406355,ECG,1476,40,0,0,0,0,0
406355,ECG,1477,-5,0,0,0,0,0
406360,ECG,1478,-76,0,0,0,0,0
406360,ECG,1479,-149,0,0,0,0,0
406365,ECG,1480,-196,0,0,0,0,0
406365,ECG,1481,-155,0,0,0,0,0
406370,ECG,1482,-87,0,0,0,0,0
406370,ECG,1483,-9,0,0,0,0,0
406370,ECG,1484,47,0,0,0,0,0
406375,ECG,1485,58,0,0,0,0,0
406375,ECG,1486,20,0,0,0,0,0
406380,ECG,1487,-54,0,0,0,0,0
406380,ECG,1488,-131,0,0,0,0,0
406380,ECG,1489,-180,0,0,0,0,0
406385,ECG,1490,-188,0,0,0,0,0
406385,ECG,1491,-149,0,0,0,0,0
406390,ECG,1492,-77,0,0,0,0,0
406390,ECG,1493,1,0,0,0,0,0
406390,ECG,1494,59,0,0,0,0,0
406395,ECG,1495,75,0,0,0,0,0
406395,ECG,1496,36,0,0,0,0,0
406400,ECG,1497,-42,0,0,0,0,0
406400,ECG,1498,-127,0,0,0,0,0
406400,ECG,1499,-192,0,0,0,0,0
406405,ECG,1500,-213,0,0,0,0,0
406405,ECG,1501,-186,0,0,0,0,0
406405,ECG,1502,-122,0,0,0,0,0
406410,ECG,1503,-40,0,0,0,0,0
406410,ECG,1504,32,0,0,0,0,0
406415,ECG,1505,63,0,0,0,0,0
406415,ECG,1506,43,0,0,0,0,0
406420,ECG,1507,-105,0,0,0,0,0
406420,ECG,1508,-173,0,0,0,0,0
406425,ECG,1509,-200,0,0,0,0,0
406425,ECG,1510,-184,0,0,0,0,0
406425,ECG,1511,-125,0,0,0,0,0
406430,ECG,1512,-41,0,0,0,0,0
406430,ECG,1513,34,0,0,0,0,0
406435,ECG,1514,74,0,0,0,0,0
406435,ECG,1515,61,0,0,0,0,0
406435,ECG,1516,-2,0,0,0,0,0
406440,ECG,1517,-84,0,0,0,0,0
406440,ECG,1518,-155,0,0,0,0,0
406445,ECG,1519,-190,0,0,0,0,0
406445,ECG,1520,-176,0,0,0,0,0
406445,ECG,1521,-121,0,0,0,0,0
406450,ECG,1522,-45,0,0,0,0,0
406450,ECG,1523,28,0,0,0,0,0
406455,ECG,1524,69,0,0,0,0,0
406455,ECG,1525,58,0,0,0,0,0
406455,ECG,1526,-2,0,0,0,0,0
406460,ECG,1527,-85,0,0,0,0,0
406460,ECG,1528,-157,0,0,0,0,0
406460,ECG,1529,-193,0,0,0,0,0
406465,ECG,1530,-184,0,0,0,0,0
406465,ECG,1531,-132,0,0,0,0,0
406470,ECG,1532,-52,0,0,0,0,0
406470,ECG,1533,26,0,0,0,0,0
406475,ECG,1534,76,0,0,0,0,0
406475,ECG,1535,24,0,0,0,0,0
406480,ECG,1536,-58,0,0,0,0,0
406480,ECG,1537,-140,0,0,0,0,0
406480,ECG,1538,-191,0,0,0,0,0
406485,ECG,1539,-195,0,0,0,0,0
406485,ECG,1540,-155,0,0,0,0,0
406490,ECG,1541,-85,0,0,0,0,0
406490,ECG,1542,-9,0,0,0,0,0
406490,ECG,1543,45,0,0,0,0,0
406495,ECG,1544,53,0,0,0,0,0
406495,ECG,1545,12,0,0,0,0,0
406500,ECG,1546,-60,0,0,0,0,0
406500,ECG,1547,-136,0,0,0,0,0
406500,ECG,1548,-185,0,0,0,0,0
406505,ECG,1549,-195,0,0,0,0,0
406505,ECG,1550,-162,0,0,0,0,0
406510,ECG,1551,-24,0,0,0,0,0
406510,ECG,1552,31,0,0,0,0,0
406515,ECG,1553,44,0,0,0,0,0
406515,ECG,1554,8,0,0,0,0,0
406515,ECG,1555,-66,0,0,0,0,0
406520,ECG,1556,-147,0,0,0,0,0
406520,ECG,1557,-202,0,0,0,0,0
406525,ECG,1558,-214,0,0,0,0,0
406525,ECG,1559,-184,0,0,0,0,0
406525,ECG,1560,-115,0,0,0,0,0
406576,ECG,1561,-32,0,0,0,0,0
406576,ECG,1562,34,0,0,0,0,0
406576,ECG,1563,57,0,0,0,0,0
406576,ECG,1564,27,0,0,0,0,0
406576,ECG,1565,-46,0,0,0,0,0
406576,ECG,1566,-128,0,0,0,0,0
406576,ECG,1567,-193,0,0,0,0,0
406576,ECG,1568,-217,0,0,0,0,0
406576,ECG,1569,-192,0,0,0,0,0
406576,ECG,1570,-126,0,0,0,0,0
406576,ECG,1571,-45,0,0,0,0,0
406576,ECG,1572,25,0,0,0,0,0
406576,ECG,1573,58,0,0,0,0,0
406576,ECG,1574,35,0,0,0,0,0
406576,ECG,1575,-30,0,0,0,0,0
406576,ECG,1576,-111,0,0,0,0,0
406576,ECG,1577,-181,0,0,0,0,0
406576,ECG,1578,-215,0,0,0,0,0
406576,ECG,1579,-208,0,0,0,0,0
406576,ECG,1580,-163,0,0,0,0,0
406576,ECG,1581,-94,0,0,0,0,0
406576,ECG,1582,-29,0,0,0,0,0
406576,ECG,1583,3,0,0,0,0,0
406576,ECG,1584,-12,0,0,0,0,0
406576,ECG,1585,-67,0,0,0,0,0
406576,ECG,1586,-140,0,0,0,0,0
406581,ECG,1587,-204,0,0,0,0,0
406581,ECG,1588,-234,0,0,0,0,0
406586,ECG,1589,-219,0,0,0,0,0
406586,ECG,1590,-169,0,0,0,0,0
406586,ECG,1591,-97,0,0,0,0,0
406591,ECG,1592,-22,0,0,0,0,0
406591,ECG,1593,26,0,0,0,0,0
406596,ECG,1594,26,0,0,0,0,0
406596,ECG,1595,-23,0,0,0,0,0
406596,ECG,1596,-99,0,0,0,0,0
406601,ECG,1597,-172,0,0,0,0,0
406601,ECG,1598,-211,0,0,0,0,0
406606,ECG,1599,-160,0,0,0,0,0
406606,ECG,1600,-82,0,0,0,0,0
406611,ECG,1601,2,0,0,0,0,0
406611,ECG,1602,64,0,0,0,0,0
406616,ECG,1603,37,0,0,0,0,0
406616,ECG,1604,-40,0,0,0,0,0
406621,ECG,1605,-122,0,0,0,0,0
406621,ECG,1606,-183,0,0,0,0,0
406621,ECG,1607,-202,0,0,0,0,0
406626,ECG,1608,-173,0,0,0,0,0
406626,ECG,1609,-110,0,0,0,0,0
406631,ECG,1610,-36,0,0,0,0,0
406631,ECG,1611,25,0,0,0,0,0
406631,ECG,1612,47,0,0,0,0,0
406636,ECG,1613,18,0,0,0,0,0
406636,ECG,1614,-48,0,0,0,0,0
406641,ECG,1615,-126,0,0,0,0,0
406641,ECG,1616,-182,0,0,0,0,0
406641,ECG,1617,-197,0,0,0,0,0
406646,ECG,1618,-172,0,0,0,0,0
406646,ECG,1619,-108,0,0,0,0,0
406651,ECG,1620,-29,0,0,0,0,0
406651,ECG,1621,37,0,0,0,0,0
406651,ECG,1622,67,0,0,0,0,0
406656,ECG,1623,42,0,0,0,0,0
406656,ECG,1624,-27,0,0,0,0,0
406661,ECG,1625,-177,0,0,0,0,0
406661,ECG,1626,-203,0,0,0,0,0
406666,ECG,1627,-183,0,0,0,0,0
406666,ECG,1628,-124,0,0,0,0,0
406671,ECG,1629,23,0,0,0,0,0
406671,ECG,1630,58,0,0,0,0,0
406676,ECG,1631,41,0,0,0,0,0
406676,ECG,1632,-21,0,0,0,0,0
406676,ECG,1633,-101,0,0,0,0,0
406681,ECG,1634,-166,0,0,0,0,0
406681,ECG,1635,-196,0,0,0,0,0
406686,ECG,1636,-178,0,0,0,0,0
406686,ECG,1637,-122,0,0,0,0,0
406686,ECG,1638,-50,0,0,0,0,0
406691,ECG,1639,20,0,0,0,0,0
406691,ECG,1640,61,0,0,0,0,0
406696,ECG,1641,48,0,0,0,0,0
406696,ECG,1642,-9,0,0,0,0,0
406696,ECG,1643,-90,0,0,0,0,0
406701,ECG,1644,-166,0,0,0,0,0
406701,ECG,1645,-199,0,0,0,0,0
406706,ECG,1646,-189,0,0,0,0,0
406706,ECG,1647,-141,0,0,0,0,0
406706,ECG,1648,-63,0,0,0,0,0
406711,ECG,1649,13,0,0,0,0,0
406711,ECG,1650,58,0,0,0,0,0
406711,ECG,1651,56,0,0,0,0,0
406716,ECG,1652,3,0,0,0,0,0
406716,ECG,1653,-79,0,0,0,0,0
406721,ECG,1654,-157,0,0,0,0,0
406721,ECG,1655,-201,0,0,0,0,0
406726,ECG,1656,-156,0,0,0,0,0
406726,ECG,1657,-83,0,0,0,0,0
406731,ECG,1658,-7,0,0,0,0,0
406731,ECG,1659,47,0,0,0,0,0
406731,ECG,1660,54,0,0,0,0,0
406736,ECG,1661,8,0,0,0,0,0
406736,ECG,1662,-69,0,0,0,0,0
406741,ECG,1663,-148,0,0,0,0,0
406741,ECG,1664,-197,0,0,0,0,0
406741,ECG,1665,-206,0,0,0,0,0
406746,ECG,1666,-170,0,0,0,0,0
406746,ECG,1667,-98,0,0,0,0,0
406751,ECG,1668,-20,0,0,0,0,0
406751,ECG,1669,38,0,0,0,0,0
406751,ECG,1670,56,0,0,0,0,0
406756,ECG,1671,18,0,0,0,0,0
406756,ECG,1672,-57,0,0,0,0,0
406761,ECG,1673,-189,0,0,0,0,0
406761,ECG,1674,-204,0,0,0,0,0
406766,ECG,1675,-174,0,0,0,0,0
406766,ECG,1676,-109,0,0,0,0,0
406766,ECG,1677,-33,0,0,0,0,0
406771,ECG,1678,28,0,0,0,0,0
406771,ECG,1679,49,0,0,0,0,0
406776,ECG,1680,17,0,0,0,0,0
406776,ECG,1681,-51,0,0,0,0,0
406776,ECG,1682,-131,0,0,0,0,0
406781,ECG,1683,-191,0,0,0,0,0
406781,ECG,1684,-208,0,0,0,0,0
406786,ECG,1685,-182,0,0,0,0,0
406786,ECG,1686,-123,0,0,0,0,0
406786,ECG,1687,-47,0,0,0,0,0
406791,ECG,1688,19,0,0,0,0,0
406791,ECG,1689,48,0,0,0,0,0
406796,ECG,1690,24,0,0,0,0,0
406796,ECG,1691,-40,0,0,0,0,0
406796,ECG,1692,-115,0,0,0,0,0
406801,ECG,1693,-176,0,0,0,0,0
406801,ECG,1694,-199,0,0,0,0,0
406806,ECG,1695,-179,0,0,0,0,0
406806,ECG,1696,-122,0,0,0,0,0
406806,ECG,1697,-47,0,0,0,0,0
406811,ECG,1698,20,0,0,0,0,0
406811,ECG,1699,53,0,0,0,0,0
406816,ECG,1700,-23,0,0,0,0,0
406816,ECG,1701,-101,0,0,0,0,0
406821,ECG,1702,-169,0,0,0,0,0
406821,ECG,1703,-197,0,0,0,0,0
406821,ECG,1704,-184,0,0,0,0,0
406826,ECG,1705,-134,0,0,0,0,0
406826,ECG,1706,-57,0,0,0,0,0
406831,ECG,1707,14,0,0,0,0,0
406831,ECG,1708,57,0,0,0,0,0
406831,ECG,1709,52,0,0,0,0,0
406836,ECG,1710,-5,0,0,0,0,0
406836,ECG,1711,-85,0,0,0,0,0
406841,ECG,1712,-155,0,0,0,0,0
406841,ECG,1713,-195,0,0,0,0,0
406841,ECG,1714,-193,0,0,0,0,0
406846,ECG,1715,-149,0,0,0,0,0
406846,ECG,1716,-77,0,0,0,0,0
406851,ECG,1717,-4,0,0,0,0,0
406851,ECG,1718,47,0,0,0,0,0
406851,ECG,1719,49,0,0,0,0,0
406856,ECG,1720,3,0,0,0,0,0
406856,ECG,1721,-68,0,0,0,0,0
406861,ECG,1722,-140,0,0,0,0,0
406861,ECG,1723,-185,0,0,0,0,0
406861,ECG,1724,-188,0,0,0,0,0
406866,ECG,1725,-153,0,0,0,0,0
406866,ECG,1726,-88,0,0,0,0,0
406871,ECG,1727,41,0,0,0,0,0
406871,ECG,1728,49,0,0,0,0,0
406876,ECG,1729,11,0,0,0,0,0
406876,ECG,1730,-60,0,0,0,0,0
406881,ECG,1731,-187,0,0,0,0,0
406881,ECG,1732,-195,0,0,0,0,0
406886,ECG,1733,-165,0,0,0,0,0
406886,ECG,1734,-102,0,0,0,0,0
406886,ECG,1735,-29,0,0,0,0,0
406891,ECG,1736,28,0,0,0,0,0
406891,ECG,1737,48,0,0,0,0,0
406896,ECG,1738,15,0,0,0,0,0
406896,ECG,1739,-53,0,0,0,0,0
406896,ECG,1740,-124,0,0,0,0,0
406901,ECG,1741,-174,0,0,0,0,0
406901,ECG,1742,-185,0,0,0,0,0
406906,ECG,1743,-154,0,0,0,0,0
406906,ECG,1744,-90,0,0,0,0,0
406906,ECG,1745,-13,0,0,0,0,0
406911,ECG,1746,50,0,0,0,0,0
406911,ECG,1747,77,0,0,0,0,0
406916,ECG,1748,54,0,0,0,0,0
406916,ECG,1749,-10,0,0,0,0,0
406916,ECG,1750,-89,0,0,0,0,0
406921,ECG,1751,-151,0,0,0,0,0
406921,ECG,1752,-179,0,0,0,0,0
406926,ECG,1753,-117,0,0,0,0,0
406926,ECG,1754,-45,0,0,0,0,0
406931,ECG,1755,21,0,0,0,0,0
406931,ECG,1756,57,0,0,0,0,0
406936,ECG,1757,-14,0,0,0,0,0
406936,ECG,1758,-89,0,0,0,0,0
406941,ECG,1759,-156,0,0,0,0,0
406941,ECG,1760,-191,0,0,0,0,0
406941,ECG,1761,-182,0,0,0,0,0
406946,ECG,1762,-137,0,0,0,0,0
406946,ECG,1763,-67,0,0,0,0,0
406951,ECG,1764,0,0,0,0,0,0
406951,ECG,1765,39,0,0,0,0,0
406951,ECG,1766,28,0,0,0,0,0
406956,ECG,1767,-29,0,0,0,0,0
406956,ECG,1768,-106,0,0,0,0,0
406961,ECG,1769,-176,0,0,0,0,0
406961,ECG,1770,-210,0,0,0,0,0
406961,ECG,1771,-199,0,0,0,0,0
406966,ECG,1772,-153,0,0,0,0,0
406966,ECG,1773,-77,0,0,0,0,0
406971,ECG,1774,-2,0,0,0,0,0
406971,ECG,1775,45,0,0,0,0,0
406971,ECG,1776,45,0,0,0,0,0
406976,ECG,1777,-4,0,0,0,0,0
406976,ECG,1778,-75,0,0,0,0,0
406981,ECG,1779,-186,0,0,0,0,0
406981,ECG,1780,-184,0,0,0,0,0
406986,ECG,1781,-142,0,0,0,0,0
406986,ECG,1782,-70,0,0,0,0,0
406991,ECG,1783,49,0,0,0,0,0
406991,ECG,1784,52,0,0,0,0,0
406997,ECG,1785,-77,0,0,0,0,0
406997,ECG,1786,-158,0,0,0,0,0
407002,ECG,1787,-210,0,0,0,0,0
407002,ECG,1788,-217,0,0,0,0,0
407002,ECG,1789,-180,0,0,0,0,0
407007,ECG,1790,-108,0,0,0,0,0
407007,ECG,1791,-28,0,0,0,0,0
407012,ECG,1792,32,0,0,0,0,0
407012,ECG,1793,50,0,0,0,0,0
407012,ECG,1794,14,0,0,0,0,0
407017,ECG,1795,-58,0,0,0,0,0
407017,ECG,1796,-133,0,0,0,0,0
407022,ECG,1797,-187,0,0,0,0,0
407022,ECG,1798,-202,0,0,0,0,0
407022,ECG,1799,-173,0,0,0,0,0
407027,ECG,1800,-109,0,0,0,0,0
407027,ECG,1801,-34,0,0,0,0,0
407032,ECG,1802,44,0,0,0,0,0
407032,ECG,1803,15,0,0,0,0,0
407037,ECG,1804,-50,0,0,0,0,0
407037,ECG,1805,-125,0,0,0,0,0
407037,ECG,1806,-181,0,0,0,0,0
407042,ECG,1807,-197,0,0,0,0,0
407042,ECG,1808,-169,0,0,0,0,0
407047,ECG,1809,-108,0,0,0,0,0
407047,ECG,1810,-33,0,0,0,0,0
407047,ECG,1811,32,0,0,0,0,0
407052,ECG,1812,59,0,0,0,0,0
407052,ECG,1813,31,0,0,0,0,0
407057,ECG,1814,-41,0,0,0,0,0
407057,ECG,1815,-126,0,0,0,0,0
407057,ECG,1816,-195,0,0,0,0,0
407062,ECG,1817,-223,0,0,0,0,0
407062,ECG,1818,-204,0,0,0,0,0
407067,ECG,1819,-145,0,0,0,0,0
407067,ECG,1820,-61,0,0,0,0,0
407067,ECG,1821,13,0,0,0,0,0
407072,ECG,1822,51,0,0,0,0,0
407072,ECG,1823,40,0,0,0,0,0
407077,ECG,1824,-21,0,0,0,0,0
407077,ECG,1825,-103,0,0,0,0,0
407077,ECG,1826,-171,0,0,0,0,0
407082,ECG,1827,-204,0,0,0,0,0
407082,ECG,1828,-190,0,0,0,0,0
407087,ECG,1829,-56,0,0,0,0,0
407087,ECG,1830,18,0,0,0,0,0
407092,ECG,1831,62,0,0,0,0,0
407092,ECG,1832,51,0,0,0,0,0
407092,ECG,1833,-9,0,0,0,0,0
407097,ECG,1834,-91,0,0,0,0,0
407097,ECG,1835,-166,0,0,0,0,0
407102,ECG,1836,-208,0,0,0,0,0
407102,ECG,1837,-203,0,0,0,0,0
407102,ECG,1838,-158,0,0,0,0,0
407107,ECG,1839,-85,0,0,0,0,0
407107,ECG,1840,-13,0,0,0,0,0
407112,ECG,1841,28,0,0,0,0,0
407112,ECG,1842,24,0,0,0,0,0
407112,ECG,1843,-27,0,0,0,0,0
407117,ECG,1844,-104,0,0,0,0,0
407117,ECG,1845,-173,0,0,0,0,0
407122,ECG,1846,-207,0,0,0,0,0
407122,ECG,1847,-193,0,0,0,0,0
407122,ECG,1848,-138,0,0,0,0,0
407127,ECG,1849,-56,0,0,0,0,0
407127,ECG,1850,29,0,0,0,0,0
407132,ECG,1851,85,0,0,0,0,0
407132,ECG,1852,88,0,0,0,0,0
407132,ECG,1853,39,0,0,0,0,0
407137,ECG,1854,-42,0,0,0,0,0
407137,ECG,1855,-126,0,0,0,0,0
407142,ECG,1856,-192,0,0,0,0,0
407142,ECG,1857,-161,0,0,0,0,0
407147,ECG,1858,-95,0,0,0,0,0
407147,ECG,1859,-16,0,0,0,0,0
407152,ECG,1860,60,0,0,0,0,0
407152,ECG,1861,29,0,0,0,0,0
407157,ECG,1862,-41,0,0,0,0,0
407157,ECG,1863,-116,0,0,0,0,0
407157,ECG,1864,-170,0,0,0,0,0
407162,ECG,1865,-187,0,0,0,0,0
407162,ECG,1866,-157,0,0,0,0,0
407167,ECG,1867,-94,0,0,0,0,0
407167,ECG,1868,-21,0,0,0,0,0
407167,ECG,1869,41,0,0,0,0,0
407172,ECG,1870,65,0,0,0,0,0
407172,ECG,1871,35,0,0,0,0,0
407177,ECG,1872,-34,0,0,0,0,0
407177,ECG,1873,-114,0,0,0,0,0
407177,ECG,1874,-175,0,0,0,0,0
407182,ECG,1875,-196,0,0,0,0,0
407182,ECG,1876,-170,0,0,0,0,0
407187,ECG,1877,-108,0,0,0,0,0
407187,ECG,1878,-26,0,0,0,0,0
407187,ECG,1879,40,0,0,0,0,0
407192,ECG,1880,68,0,0,0,0,0
407192,ECG,1881,46,0,0,0,0,0
407197,ECG,1882,-105,0,0,0,0,0
407197,ECG,1883,-170,0,0,0,0,0
407202,ECG,1884,-196,0,0,0,0,0
407202,ECG,1885,-179,0,0,0,0,0
407207,ECG,1886,-42,0,0,0,0,0
407207,ECG,1887,29,0,0,0,0,0
407212,ECG,1888,65,0,0,0,0,0
407212,ECG,1889,47,0,0,0,0,0
407212,ECG,1890,-16,0,0,0,0,0
407217,ECG,1891,-96,0,0,0,0,0
407217,ECG,1892,-167,0,0,0,0,0
407222,ECG,1893,-200,0,0,0,0,0
407222,ECG,1894,-186,0,0,0,0,0
407222,ECG,1895,-135,0,0,0,0,0
407227,ECG,1896,-60,0,0,0,0,0
407227,ECG,1897,13,0,0,0,0,0
407232,ECG,1898,54,0,0,0,0,0
407232,ECG,1899,47,0,0,0,0,0
407232,ECG,1900,-10,0,0,0,0,0
407237,ECG,1901,-94,0,0,0,0,0
407237,ECG,1902,-169,0,0,0,0,0
407242,ECG,1903,-209,0,0,0,0,0
407242,ECG,1904,-204,0,0,0,0,0
407242,ECG,1905,-158,0,0,0,0,0
407247,ECG,1906,-86,0,0,0,0,0
407247,ECG,1907,-9,0,0,0,0,0
407252,ECG,1908,41,0,0,0,0,0
407252,ECG,1909,-8,0,0,0,0,0
407257,ECG,1910,-87,0,0,0,0,0
407257,ECG,1911,-167,0,0,0,0,0
407262,ECG,1912,-218,0,0,0,0,0
407262,ECG,1913,-178,0,0,0,0,0
407267,ECG,1914,-108,0,0,0,0,0
407267,ECG,1915,-35,0,0,0,0,0
407267,ECG,1916,17,0,0,0,0,0
407272,ECG,1917,26,0,0,0,0,0
407272,ECG,1918,-17,0,0,0,0,0
407277,ECG,1919,-94,0,0,0,0,0
407277,ECG,1920,-171,0,0,0,0,0
407277,ECG,1921,-221,0,0,0,0,0
407282,ECG,1922,-228,0,0,0,0,0
407282,ECG,1923,-189,0,0,0,0,0
407287,ECG,1924,-121,0,0,0,0,0
407287,ECG,1925,-42,0,0,0,0,0
407287,ECG,1926,23,0,0,0,0,0
407292,ECG,1927,43,0,0,0,0,0
407292,ECG,1928,11,0,0,0,0,0
407297,ECG,1929,-59,0,0,0,0,0
407297,ECG,1930,-138,0,0,0,0,0
407297,ECG,1931,-197,0,0,0,0,0
407302,ECG,1932,-216,0,0,0,0,0
407302,ECG,1933,-191,0,0,0,0,0
407307,ECG,1934,-54,0,0,0,0,0
407307,ECG,1935,8,0,0,0,0,0
407312,ECG,1936,31,0,0,0,0,0
407312,ECG,1937,6,0,0,0,0,0
407317,ECG,1938,-143,0,0,0,0,0
407317,ECG,1939,-205,0,0,0,0,0
407322,ECG,1940,-226,0,0,0,0,0
407322,ECG,1941,-202,0,0,0,0,0
407322,ECG,1942,-141,0,0,0,0,0
407327,ECG,1943,-60,0,0,0,0,0
407327,ECG,1944,12,0,0,0,0,0
407332,ECG,1945,46,0,0,0,0,0
407332,ECG,1946,29,0,0,0,0,0
407332,ECG,1947,-32,0,0,0,0,0
407337,ECG,1948,-111,0,0,0,0,0
407337,ECG,1949,-176,0,0,0,0,0
407342,ECG,1950,-202,0,0,0,0,0
407342,ECG,1951,-185,0,0,0,0,0
407342,ECG,1952,-127,0,0,0,0,0
407347,ECG,1953,-46,0,0,0,0,0
407347,ECG,1954,24,0,0,0,0,0
407352,ECG,1955,65,0,0,0,0,0
407352,ECG,1956,56,0,0,0,0,0
407352,ECG,1957,-9,0,0,0,0,0
407357,ECG,1958,-93,0,0,0,0,0
407357,ECG,1959,-167,0,0,0,0,0
407362,ECG,1960,-202,0,0,0,0,0
407362,ECG,1961,-153,0,0,0,0,0
407367,ECG,1962,-81,0,0,0,0,0
407367,ECG,1963,-4,0,0,0,0,0
407372,ECG,1964,43,0,0,0,0,0
407372,ECG,1965,-5,0,0,0,0,0
407377,ECG,1966,-81,0,0,0,0,0
407377,ECG,1967,-157,0,0,0,0,0
407377,ECG,1968,-198,0,0,0,0,0
407382,ECG,1969,-194,0,0,0,0,0
407382,ECG,1970,-152,0,0,0,0,0
407387,ECG,1971,-85,0,0,0,0,0
407387,ECG,1972,-10,0,0,0,0,0
407387,ECG,1973,37,0,0,0,0,0
407392,ECG,1974,38,0,0,0,0,0
407392,ECG,1975,-10,0,0,0,0,0
407397,ECG,1976,-89,0,0,0,0,0
407397,ECG,1977,-166,0,0,0,0,0
407397,ECG,1978,-214,0,0,0,0,0
407402,ECG,1979,-217,0,0,0,0,0
407402,ECG,1980,-174,0,0,0,0,0
407407,ECG,1981,-102,0,0,0,0,0
407407,ECG,1982,-23,0,0,0,0,0
407407,ECG,1983,36,0,0,0,0,0
407412,ECG,1984,47,0,0,0,0,0
407412,ECG,1985,7,0,0,0,0,0
407412,ECG,1986,-70,0,0,0,0,0
407417,ECG,1987,-154,0,0,0,0,0
407417,ECG,1988,-213,0,0,0,0,0
407422,ECG,1989,-226,0,0,0,0,0
407422,ECG,1990,-194,0,0,0,0,0
407427,ECG,1991,-47,0,0,0,0,0
407427,ECG,1992,13,0,0,0,0,0
407432,ECG,1993,33,0,0,0,0,0
407432,ECG,1994,0,0,0,0,0,0
407432,ECG,1995,-75,0,0,0,0,0
407437,ECG,1996,-158,0,0,0,0,0
407437,ECG,1997,-220,0,0,0,0,0
407442,ECG,1998,-241,0,0,0,0,0
407442,ECG,1999,-213,0,0,0,0,0
407442,ECG,2000,-147,0,0,0,0,0
407447,ECG,2001,-64,0,0,0,0,0
407447,ECG,2002,9,0,0,0,0,0
407452,ECG,2003,43,0,0,0,0,0
407452,ECG,2004,25,0,0,0,0,0
407452,ECG,2005,-36,0,0,0,0,0
407457,ECG,2006,-114,0,0,0,0,0
407457,ECG,2007,-180,0,0,0,0,0
407462,ECG,2008,-209,0,0,0,0,0
407462,ECG,2009,-196,0,0,0,0,0
407462,ECG,2010,-146,0,0,0,0,0
407467,ECG,2011,-75,0,0,0,0,0
407467,ECG,2012,-13,0,0,0,0,0
407472,ECG,2013,8,0,0,0,0,0
407472,ECG,2014,-47,0,0,0,0,0
407477,ECG,2015,-119,0,0,0,0,0
407477,ECG,2016,-178,0,0,0,0,0
407482,ECG,2017,-190,0,0,0,0,0
407482,ECG,2018,-138,0,0,0,0,0
407487,ECG,2019,-67,0,0,0,0,0
407487,ECG,2020,2,0,0,0,0,0
407487,ECG,2021,39,0,0,0,0,0
407492,ECG,2022,27,0,0,0,0,0
407492,ECG,2023,-29,0,0,0,0,0
407497,ECG,2024,-107,0,0,0,0,0
407497,ECG,2025,-179,0,0,0,0,0
407497,ECG,2026,-214,0,0,0,0,0
407502,ECG,2027,-206,0,0,0,0,0
407502,ECG,2028,-154,0,0,0,0,0
407507,ECG,2029,0,0,0,0,0,0
407507,ECG,2030,49,0,0,0,0,0
407512,ECG,2031,49,0,0,0,0,0
407512,ECG,2032,-4,0,0,0,0,0
407517,ECG,2033,-167,0,0,0,0,0
407517,ECG,2034,-214,0,0,0,0,0
407522,ECG,2035,-215,0,0,0,0,0
407522,ECG,2036,-175,0,0,0,0,0
407522,ECG,2037,-104,0,0,0,0,0
407527,ECG,2038,-27,0,0,0,0,0
407527,ECG,2039,25,0,0,0,0,0
407532,ECG,2040,33,0,0,0,0,0
407532,ECG,2041,-9,0,0,0,0,0
407532,ECG,2042,-83,0,0,0,0,0
407537,ECG,2043,-161,0,0,0,0,0
407537,ECG,2044,-214,0,0,0,0,0
407542,ECG,2045,-188,0,0,0,0,0
407542,ECG,2046,-121,0,0,0,0,0
407547,ECG,2047,-49,0,0,0,0,0
407547,ECG,2048,9,0,0,0,0,0
407598,ECG,2049,27,0,0,0,0,0
407598,ECG,2050,-4,0,0,0,0,0
407598,ECG,2051,-70,0,0,0,0,0
407598,ECG,2052,-141,0,0,0,0,0
407598,ECG,2053,-189,0,0,0,0,0
407598,ECG,2054,-196,0,0,0,0,0
407598,ECG,2055,-162,0,0,0,0,0
407598,ECG,2056,-99,0,0,0,0,0
407598,ECG,2057,-25,0,0,0,0,0
407598,ECG,2058,34,0,0,0,0,0
407598,ECG,2059,51,0,0,0,0,0
407598,ECG,2060,18,0,0,0,0,0
407598,ECG,2061,-53,0,0,0,0,0
407598,ECG,2062,-136,0,0,0,0,0
407598,ECG,2063,-198,0,0,0,0,0
407598,ECG,2064,-216,0,0,0,0,0
407598,ECG,2065,-192,0,0,0,0,0
407598,ECG,2066,-135,0,0,0,0,0
407598,ECG,2067,-64,0,0,0,0,0
407598,ECG,2068,-4,0,0,0,0,0
407598,ECG,2069,19,0,0,0,0,0
407598,ECG,2070,-5,0,0,0,0,0
407598,ECG,2071,-71,0,0,0,0,0
407598,ECG,2072,-150,0,0,0,0,0
407598,ECG,2073,-214,0,0,0,0,0
407598,ECG,2074,-238,0,0,0,0,0
407603,ECG,2075,-218,0,0,0,0,0
407603,ECG,2076,-160,0,0,0,0,0
407603,ECG,2077,-83,0,0,0,0,0
407608,ECG,2078,-15,0,0,0,0,0
407608,ECG,2079,23,0,0,0,0,0
407613,ECG,2080,-40,0,0,0,0,0
407613,ECG,2081,-118,0,0,0,0,0
407618,ECG,2082,-188,0,0,0,0,0
407618,ECG,2083,-225,0,0,0,0,0
407623,ECG,2084,-172,0,0,0,0,0
407623,ECG,2085,-92,0,0,0,0,0
407628,ECG,2086,-5,0,0,0,0,0
407628,ECG,2087,59,0,0,0,0,0
407628,ECG,2088,79,0,0,0,0,0
407633,ECG,2089,47,0,0,0,0,0
407633,ECG,2090,-20,0,0,0,0,0
407638,ECG,2091,-96,0,0,0,0,0
407638,ECG,2092,-150,0,0,0,0,0
407638,ECG,2093,-165,0,0,0,0,0
407643,ECG,2094,-136,0,0,0,0,0
407643,ECG,2095,-75,0,0,0,0,0
407648,ECG,2096,-3,0,0,0,0,0
407648,ECG,2097,59,0,0,0,0,0
407648,ECG,2098,79,0,0,0,0,0
407653,ECG,2099,45,0,0,0,0,0
407653,ECG,2100,-25,0,0,0,0,0
407658,ECG,2101,-102,0,0,0,0,0
407658,ECG,2102,-162,0,0,0,0,0
407658,ECG,2103,-183,0,0,0,0,0
407663,ECG,2104,-160,0,0,0,0,0
407663,ECG,2105,-106,0,0,0,0,0
407668,ECG,2106,22,0,0,0,0,0
407668,ECG,2107,42,0,0,0,0,0
407673,ECG,2108,14,0,0,0,0,0
407673,ECG,2109,-50,0,0,0,0,0
407678,ECG,2110,-184,0,0,0,0,0
407678,ECG,2111,-200,0,0,0,0,0
407683,ECG,2112,-174,0,0,0,0,0
407683,ECG,2113,-116,0,0,0,0,0
407683,ECG,2114,-42,0,0,0,0,0
407688,ECG,2115,23,0,0,0,0,0
407688,ECG,2116,54,0,0,0,0,0
407693,ECG,2117,35,0,0,0,0,0
407693,ECG,2118,-28,0,0,0,0,0
407693,ECG,2119,-102,0,0,0,0,0
407698,ECG,2120,-162,0,0,0,0,0
407698,ECG,2121,-185,0,0,0,0,0
407703,ECG,2122,-164,0,0,0,0,0
407703,ECG,2123,-106,0,0,0,0,0
407703,ECG,2124,-29,0,0,0,0,0
407708,ECG,2125,41,0,0,0,0,0
407708,ECG,2126,79,0,0,0,0,0
407713,ECG,2127,69,0,0,0,0,0
407713,ECG,2128,11,0,0,0,0,0
407713,ECG,2129,-71,0,0,0,0,0
407718,ECG,2130,-143,0,0,0,0,0
407718,ECG,2131,-181,0,0,0,0,0
407718,ECG,2132,-176,0,0,0,0,0
407723,ECG,2133,-132,0,0,0,0,0
407723,ECG,2134,-59,0,0,0,0,0
407728,ECG,2135,15,0,0,0,0,0
407728,ECG,2136,63,0,0,0,0,0
407733,ECG,2137,12,0,0,0,0,0
407733,ECG,2138,-64,0,0,0,0,0
407738,ECG,2139,-138,0,0,0,0,0
407738,ECG,2140,-184,0,0,0,0,0
407738,ECG,2141,-184,0,0,0,0,0
407743,ECG,2142,-142,0,0,0,0,0
407743,ECG,2143,-71,0,0,0,0,0
407748,ECG,2144,5,0,0,0,0,0
407748,ECG,2145,60,0,0,0,0,0
407748,ECG,2146,69,0,0,0,0,0
407753,ECG,2147,24,0,0,0,0,0
407753,ECG,2148,-50,0,0,0,0,0
407758,ECG,2149,-129,0,0,0,0,0
407758,ECG,2150,-178,0,0,0,0,0
407758,ECG,2151,-182,0,0,0,0,0
407763,ECG,2152,-146,0,0,0,0,0
407763,ECG,2153,-80,0,0,0,0,0
407768,ECG,2154,49,0,0,0,0,0
407768,ECG,2155,59,0,0,0,0,0
407773,ECG,2156,18,0,0,0,0,0
407773,ECG,2157,-55,0,0,0,0,0
407773,ECG,2158,-136,0,0,0,0,0
407778,ECG,2159,-189,0,0,0,0,0
407778,ECG,2160,-196,0,0,0,0,0
407783,ECG,2161,-162,0,0,0,0,0
407783,ECG,2162,-94,0,0,0,0,0
407783,ECG,2163,-13,0,0,0,0,0
407788,ECG,2164,46,0,0,0,0,0
407788,ECG,2165,64,0,0,0,0,0
407793,ECG,2166,30,0,0,0,0,0
407793,ECG,2167,-46,0,0,0,0,0
407793,ECG,2168,-133,0,0,0,0,0
407798,ECG,2169,-199,0,0,0,0,0
407798,ECG,2170,-227,0,0,0,0,0
407803,ECG,2171,-206,0,0,0,0,0
407803,ECG,2172,-141,0,0,0,0,0
407803,ECG,2173,-61,0,0,0,0,0
407808,ECG,2174,10,0,0,0,0,0
407808,ECG,2175,46,0,0,0,0,0
407813,ECG,2176,27,0,0,0,0,0
407813,ECG,2177,-35,0,0,0,0,0
407813,ECG,2178,-110,0,0,0,0,0
407818,ECG,2179,-174,0,0,0,0,0
407818,ECG,2180,-199,0,0,0,0,0
407823,ECG,2181,-178,0,0,0,0,0
407823,ECG,2182,-122,0,0,0,0,0
407823,ECG,2183,-48,0,0,0,0,0
407828,ECG,2184,18,0,0,0,0,0
407828,ECG,2185,50,0,0,0,0,0
407828,ECG,2186,32,0,0,0,0,0
407833,ECG,2187,-28,0,0,0,0,0
407833,ECG,2188,-107,0,0,0,0,0
407838,ECG,2189,-172,0,0,0,0,0
407838,ECG,2190,-199,0,0,0,0,0
407843,ECG,2191,-131,0,0,0,0,0
407843,ECG,2192,-51,0,0,0,0,0
407848,ECG,2193,22,0,0,0,0,0
407848,ECG,2194,64,0,0,0,0,0
407848,ECG,2195,59,0,0,0,0,0
407853,ECG,2196,3,0,0,0,0,0
407853,ECG,2197,-75,0,0,0,0,0
407858,ECG,2198,-146,0,0,0,0,0
407858,ECG,2199,-183,0,0,0,0,0
407858,ECG,2200,-173,0,0,0,0,0
407863,ECG,2201,-120,0,0,0,0,0
407863,ECG,2202,-40,0,0,0,0,0
407868,ECG,2203,41,0,0,0,0,0
407868,ECG,2204,93,0,0,0,0,0
407868,ECG,2205,93,0,0,0,0,0
407873,ECG,2206,42,0,0,0,0,0
407873,ECG,2207,-39,0,0,0,0,0
407878,ECG,2208,-167,0,0,0,0,0
407878,ECG,2209,-170,0,0,0,0,0
407883,ECG,2210,-132,0,0,0,0,0
407883,ECG,2211,-64,0,0,0,0,0
407883,ECG,2212,8,0,0,0,0,0
407888,ECG,2213,60,0,0,0,0,0
407888,ECG,2214,68,0,0,0,0,0
407893,ECG,2215,25,0,0,0,0,0
407893,ECG,2216,-48,0,0,0,0,0
407893,ECG,2217,-125,0,0,0,0,0
407898,ECG,2218,-178,0,0,0,0,0
407898,ECG,2219,-184,0,0,0,0,0
407903,ECG,2220,-149,0,0,0,0,0
407903,ECG,2221,-85,0,0,0,0,0
407903,ECG,2222,-9,0,0,0,0,0
407908,ECG,2223,48,0,0,0,0,0
407908,ECG,2224,64,0,0,0,0,0
407913,ECG,2225,26,0,0,0,0,0
407913,ECG,2226,-46,0,0,0,0,0
407913,ECG,2227,-124,0,0,0,0,0
407918,ECG,2228,-182,0,0,0,0,0
407918,ECG,2229,-196,0,0,0,0,0
407923,ECG,2230,-167,0,0,0,0,0
407923,ECG,2231,-100,0,0,0,0,0
407923,ECG,2232,-20,0,0,0,0,0
407928,ECG,2233,41,0,0,0,0,0
407928,ECG,2234,65,0,0,0,0,0
407933,ECG,2235,-28,0,0,0,0,0
407933,ECG,2236,-109,0,0,0,0,0
407938,ECG,2237,-166,0,0,0,0,0
407938,ECG,2238,-183,0,0,0,0,0
407938,ECG,2239,-159,0,0,0,0,0
407943,ECG,2240,-97,0,0,0,0,0
407943,ECG,2241,-16,0,0,0,0,0
407948,ECG,2242,52,0,0,0,0,0
407948,ECG,2243,84,0,0,0,0,0
407948,ECG,2244,63,0,0,0,0,0
407953,ECG,2245,-6,0,0,0,0,0
407953,ECG,2246,-91,0,0,0,0,0
407958,ECG,2247,-162,0,0,0,0,0
407958,ECG,2248,-194,0,0,0,0,0
407958,ECG,2249,-179,0,0,0,0,0
407963,ECG,2250,-128,0,0,0,0,0
407963,ECG,2251,-53,0,0,0,0,0
407968,ECG,2252,18,0,0,0,0,0
407968,ECG,2253,61,0,0,0,0,0
407968,ECG,2254,54,0,0,0,0,0
407973,ECG,2255,0,0,0,0,0,0
407973,ECG,2256,-75,0,0,0,0,0
407978,ECG,2257,-146,0,0,0,0,0
407978,ECG,2258,-183,0,0,0,0,0
407978,ECG,2259,-175,0,0,0,0,0
407983,ECG,2260,-131,0,0,0,0,0
407983,ECG,2261,-63,0,0,0,0,0
407988,ECG,2262,58,0,0,0,0,0
407988,ECG,2263,63,0,0,0,0,0
407993,ECG,2264,18,0,0,0,0,0
407993,ECG,2265,-52,0,0,0,0,0
407993,ECG,2266,-120,0,0,0,0,0
407998,ECG,2267,-160,0,0,0,0,0
407998,ECG,2268,-160,0,0,0,0,0
408003,ECG,2269,-119,0,0,0,0,0
408003,ECG,2270,-50,0,0,0,0,0
408003,ECG,2271,23,0,0,0,0,0
408008,ECG,2272,72,0,0,0,0,0
408008,ECG,2273,75,0,0,0,0,0
408013,ECG,2274,27,0,0,0,0,0
408013,ECG,2275,-52,0,0,0,0,0
408013,ECG,2276,-133,0,0,0,0,0
408018,ECG,2277,-184,0,0,0,0,0
408018,ECG,2278,-189,0,0,0,0,0
408023,ECG,2279,-153,0,0,0,0,0
408023,ECG,2280,-82,0,0,0,0,0
408023,ECG,2281,1,0,0,0,0,0
408028,ECG,2282,63,0,0,0,0,0
408028,ECG,2283,82,0,0,0,0,0
408033,ECG,2284,50,0,0,0,0,0
408033,ECG,2285,-21,0,0,0,0,0
408033,ECG,2286,-100,0,0,0,0,0
408038,ECG,2287,-158,0,0,0,0,0
408038,ECG,2288,-176,0,0,0,0,0
408043,ECG,2289,-86,0,0,0,0,0
408043,ECG,2290,-12,0,0,0,0,0
408048,ECG,2291,53,0,0,0,0,0
408048,ECG,2292,80,0,0,0,0,0
408048,ECG,2293,52,0,0,0,0,0
408053,ECG,2294,-11,0,0,0,0,0
408053,ECG,2295,-84,0,0,0,0,0
408058,ECG,2296,-144,0,0,0,0,0
408058,ECG,2297,-165,0,0,0,0,0
408058,ECG,2298,-140,0,0,0,0,0
408063,ECG,2299,-80,0,0,0,0,0
408063,ECG,2300,-4,0,0,0,0,0
408068,ECG,2301,57,0,0,0,0,0
408068,ECG,2302,81,0,0,0,0,0
408068,ECG,2303,57,0,0,0,0,0
408073,ECG,2304,-12,0,0,0,0,0
408073,ECG,2305,-98,0,0,0,0,0
408078,ECG,2306,-166,0,0,0,0,0
408078,ECG,2307,-193,0,0,0,0,0
408078,ECG,2308,-176,0,0,0,0,0
408083,ECG,2309,-121,0,0,0,0,0
408083,ECG,2310,-42,0,0,0,0,0
408088,ECG,2311,30,0,0,0,0,0
408088,ECG,2312,65,0,0,0,0,0
408088,ECG,2313,52,0,0,0,0,0
408093,ECG,2314,-9,0,0,0,0,0
408093,ECG,2315,-89,0,0,0,0,0
408098,ECG,2316,-190,0,0,0,0,0
408098,ECG,2317,-176,0,0,0,0,0
408103,ECG,2318,-124,0,0,0,0,0
408103,ECG,2319,-44,0,0,0,0,0
408103,ECG,2320,28,0,0,0,0,0
408108,ECG,2321,71,0,0,0,0,0
408108,ECG,2322,69,0,0,0,0,0
408113,ECG,2323,13,0,0,0,0,0
408113,ECG,2324,-67,0,0,0,0,0
408113,ECG,2325,-142,0,0,0,0,0
408118,ECG,2326,-182,0,0,0,0,0
408118,ECG,2327,-177,0,0,0,0,0
408123,ECG,2328,-130,0,0,0,0,0
408123,ECG,2329,-56,0,0,0,0,0
408123,ECG,2330,19,0,0,0,0,0
408128,ECG,2331,69,0,0,0,0,0
408128,ECG,2332,69,0,0,0,0,0
408133,ECG,2333,17,0,0,0,0,0
408133,ECG,2334,-59,0,0,0,0,0
408133,ECG,2335,-132,0,0,0,0,0
408138,ECG,2336,-178,0,0,0,0,0
408138,ECG,2337,-175,0,0,0,0,0
408143,ECG,2338,-129,0,0,0,0,0
408143,ECG,2339,-53,0,0,0,0,0
408143,ECG,2340,29,0,0,0,0,0
408148,ECG,2341,85,0,0,0,0,0
408148,ECG,2342,95,0,0,0,0,0
408153,ECG,2343,-25,0,0,0,0,0
408153,ECG,2344,-106,0,0,0,0,0
408158,ECG,2345,-161,0,0,0,0,0
408158,ECG,2346,-173,0,0,0,0,0
408158,ECG,2347,-143,0,0,0,0,0
408163,ECG,2348,-79,0,0,0,0,0
408163,ECG,2349,-2,0,0,0,0,0
408168,ECG,2350,60,0,0,0,0,0
408168,ECG,2351,79,0,0,0,0,0
408168,ECG,2352,46,0,0,0,0,0
408173,ECG,2353,-24,0,0,0,0,0
408173,ECG,2354,-106,0,0,0,0,0
408178,ECG,2355,-168,0,0,0,0,0
408178,ECG,2356,-188,0,0,0,0,0
408178,ECG,2357,-166,0,0,0,0,0
408183,ECG,2358,-108,0,0,0,0,0
408183,ECG,2359,-32,0,0,0,0,0
408188,ECG,2360,30,0,0,0,0,0
408188,ECG,2361,57,0,0,0,0,0
408188,ECG,2362,36,0,0,0,0,0
408193,ECG,2363,-27,0,0,0,0,0
408193,ECG,2364,-100,0,0,0,0,0
408198,ECG,2365,-159,0,0,0,0,0
408198,ECG,2366,-182,0,0,0,0,0
408198,ECG,2367,-161,0,0,0,0,0
408203,ECG,2368,-103,0,0,0,0,0
408203,ECG,2369,-32,0,0,0,0,0
408208,ECG,2370,61,0,0,0,0,0
408208,ECG,2371,43,0,0,0,0,0
408213,ECG,2372,-19,0,0,0,0,0
408213,ECG,2373,-95,0,0,0,0,0
408218,ECG,2374,-183,0,0,0,0,0
408218,ECG,2375,-166,0,0,0,0,0
408223,ECG,2376,-112,0,0,0,0,0
408223,ECG,2377,-37,0,0,0,0,0
408223,ECG,2378,32,0,0,0,0,0
408228,ECG,2379,68,0,0,0,0,0
408228,ECG,2380,56,0,0,0,0,0
408233,ECG,2381,0,0,0,0,0,0
408233,ECG,2382,-79,0,0,0,0,0
408233,ECG,2383,-151,0,0,0,0,0
408238,ECG,2384,-187,0,0,0,0,0
408238,ECG,2385,-176,0,0,0,0,0
408243,ECG,2386,-127,0,0,0,0,0
408243,ECG,2387,-53,0,0,0,0,0
408243,ECG,2388,22,0,0,0,0,0
408248,ECG,2389,68,0,0,0,0,0
408248,ECG,2390,67,0,0,0,0,0
408253,ECG,2391,16,0,0,0,0,0
408253,ECG,2392,-63,0,0,0,0,0
408253,ECG,2393,-138,0,0,0,0,0
408258,ECG,2394,-180,0,0,0,0,0
408258,ECG,2395,-179,0,0,0,0,0
408263,ECG,2396,-67,0,0,0,0,0
408263,ECG,2397,5,0,0,0,0,0
408268,ECG,2398,53,0,0,0,0,0
408268,ECG,2399,58,0,0,0,0,0
408273,ECG,2400,-61,0,0,0,0,0
408273,ECG,2401,-133,0,0,0,0,0
408278,ECG,2402,-178,0,0,0,0,0
408278,ECG,2403,-179,0,0,0,0,0
408278,ECG,2404,-138,0,0,0,0,0
408283,ECG,2405,-70,0,0,0,0,0
408283,ECG,2406,3,0,0,0,0,0
408288,ECG,2407,57,0,0,0,0,0
408288,ECG,2408,66,0,0,0,0,0
408288,ECG,2409,28,0,0,0,0,0
408293,ECG,2410,-44,0,0,0,0,0
408293,ECG,2411,-118,0,0,0,0,0
408298,ECG,2412,-169,0,0,0,0,0
408298,ECG,2413,-176,0,0,0,0,0
408298,ECG,2414,-142,0,0,0,0,0
408303,ECG,2415,-78,0,0,0,0,0
408303,ECG,2416,1,0,0,0,0,0
408308,ECG,2417,59,0,0,0,0,0
408308,ECG,2418,76,0,0,0,0,0
408308,ECG,2419,43,0,0,0,0,0
408313,ECG,2420,-27,0,0,0,0,0
408313,ECG,2421,-106,0,0,0,0,0
408318,ECG,2422,-184,0,0,0,0,0
408318,ECG,2423,-156,0,0,0,0,0
408323,ECG,2424,-95,0,0,0,0,0
408323,ECG,2425,-19,0,0,0,0,0
408328,ECG,2426,78,0,0,0,0,0
408328,ECG,2427,56,0,0,0,0,0
408333,ECG,2428,-11,0,0,0,0,0
408333,ECG,2429,-92,0,0,0,0,0
408333,ECG,2430,-160,0,0,0,0,0
408338,ECG,2431,-188,0,0,0,0,0
408338,ECG,2432,-174,0,0,0,0,0
408343,ECG,2433,-124,0,0,0,0,0
408343,ECG,2434,-48,0,0,0,0,0
408343,ECG,2435,23,0,0,0,0,0
408348,ECG,2436,62,0,0,0,0,0
408348,ECG,2437,53,0,0,0,0,0
408353,ECG,2438,-2,0,0,0,0,0
408353,ECG,2439,-80,0,0,0,0,0
408353,ECG,2440,-148,0,0,0,0,0
408358,ECG,2441,-183,0,0,0,0,0
408358,ECG,2442,-172,0,0,0,0,0
408363,ECG,2443,-119,0,0,0,0,0
408363,ECG,2444,-44,0,0,0,0,0
408363,ECG,2445,26,0,0,0,0,0
408368,ECG,2446,69,0,0,0,0,0
408368,ECG,2447,62,0,0,0,0,0
408373,ECG,2448,-78,0,0,0,0,0
408373,ECG,2449,-150,0,0,0,0,0
408378,ECG,2450,-189,0,0,0,0,0
408378,ECG,2451,-183,0,0,0,0,0
408383,ECG,2452,-58,0,0,0,0,0
408383,ECG,2453,20,0,0,0,0,0
408388,ECG,2454,69,0,0,0,0,0
408388,ECG,2455,70,0,0,0,0,0
408388,ECG,2456,25,0,0,0,0,0
408393,ECG,2457,-49,0,0,0,0,0
408393,ECG,2458,-121,0,0,0,0,0
408398,ECG,2459,-165,0,0,0,0,0
408398,ECG,2460,-165,0,0,0,0,0
408398,ECG,2461,-127,0,0,0,0,0
408403,ECG,2462,-61,0,0,0,0,0
408403,ECG,2463,14,0,0,0,0,0
408408,ECG,2464,67,0,0,0,0,0
408408,ECG,2465,75,0,0,0,0,0
408408,ECG,2466,33,0,0,0,0,0
408413,ECG,2467,-44,0,0,0,0,0
408413,ECG,2468,-125,0,0,0,0,0
408418,ECG,2469,-180,0,0,0,0,0
408418,ECG,2470,-195,0,0,0,0,0
408418,ECG,2471,-167,0,0,0,0,0
408423,ECG,2472,-102,0,0,0,0,0
408423,ECG,2473,-28,0,0,0,0,0
408423,ECG,2474,31,0,0,0,0,0
408428,ECG,2475,55,0,0,0,0,0
408428,ECG,2476,26,0,0,0,0,0
408433,ECG,2477,-41,0,0,0,0,0
408433,ECG,2478,-115,0,0,0,0,0
408438,ECG,2479,-185,0,0,0,0,0
408438,ECG,2480,-152,0,0,0,0,0
408443,ECG,2481,-88,0,0,0,0,0
408443,ECG,2482,-13,0,0,0,0,0
408443,ECG,2483,52,0,0,0,0,0
408448,ECG,2484,73,0,0,0,0,0
408448,ECG,2485,41,0,0,0,0,0
408453,ECG,2486,-32,0,0,0,0,0
408453,ECG,2487,-120,0,0,0,0,0
408453,ECG,2488,-186,0,0,0,0,0
408458,ECG,2489,-210,0,0,0,0,0
408458,ECG,2490,-185,0,0,0,0,0
408463,ECG,2491,-119,0,0,0,0,0
408463,ECG,2492,-30,0,0,0,0,0
408463,ECG,2493,46,0,0,0,0,0
408468,ECG,2494,85,0,0,0,0,0
408468,ECG,2495,73,0,0,0,0,0
408473,ECG,2496,9,0,0,0,0,0
408473,ECG,2497,-72,0,0,0,0,0
408473,ECG,2498,-139,0,0,0,0,0
408478,ECG,2499,-170,0,0,0,0,0
408478,ECG,2500,-150,0,0,0,0,0
408478,ECG,2501,-92,0,0,0,0,0
408483,ECG,2502,-12,0,0,0,0,0
408483,ECG,2503,64,0,0,0,0,0
408488,ECG,2504,104,0,0,0,0,0
408488,ECG,2505,90,0,0,0,0,0
408493,ECG,2506,-55,0,0,0,0,0
408493,ECG,2507,-135,0,0,0,0,0
408498,ECG,2508,-181,0,0,0,0,0
408498,ECG,2509,-178,0,0,0,0,0
408498,ECG,2510,-130,0,0,0,0,0
408503,ECG,2511,-57,0,0,0,0,0
408503,ECG,2512,13,0,0,0,0,0
408508,ECG,2513,59,0,0,0,0,0
408508,ECG,2514,58,0,0,0,0,0
408508,ECG,2515,6,0,0,0,0,0
408513,ECG,2516,-68,0,0,0,0,0
408513,ECG,2517,-136,0,0,0,0,0
408518,ECG,2518,-178,0,0,0,0,0
408518,ECG,2519,-176,0,0,0,0,0
408518,ECG,2520,-132,0,0,0,0,0
408523,ECG,2521,-62,0,0,0,0,0
408523,ECG,2522,13,0,0,0,0,0
408528,ECG,2523,61,0,0,0,0,0
408528,ECG,2524,62,0,0,0,0,0
408528,ECG,2525,17,0,0,0,0,0
408533,ECG,2526,-58,0,0,0,0,0
408533,ECG,2527,-132,0,0,0,0,0
408533,ECG,2528,-175,0,0,0,0,0
408538,ECG,2529,-178,0,0,0,0,0
408538,ECG,2530,-140,0,0,0,0,0
408543,ECG,2531,-71,0,0,0,0,0
408543,ECG,2532,8,0,0,0,0,0
408548,ECG,2533,68,0,0,0,0,0
408548,ECG,2534,23,0,0,0,0,0
408553,ECG,2535,-55,0,0,0,0,0
408553,ECG,2536,-139,0,0,0,0,0
408553,ECG,2537,-197,0,0,0,0,0
408558,ECG,2538,-209,0,0,0,0,0
408558,ECG,2539,-174,0,0,0,0,0
408563,ECG,2540,-106,0,0,0,0,0
408563,ECG,2541,-26,0,0,0,0,0
408563,ECG,2542,37,0,0,0,0,0
408568,ECG,2543,58,0,0,0,0,0
408568,ECG,2544,26,0,0,0,0,0
408573,ECG,2545,-47,0,0,0,0,0
408573,ECG,2546,-129,0,0,0,0,0
408573,ECG,2547,-189,0,0,0,0,0
408578,ECG,2548,-207,0,0,0,0,0
408578,ECG,2549,-181,0,0,0,0,0
408583,ECG,2550,-117,0,0,0,0,0
408583,ECG,2551,-39,0,0,0,0,0
408583,ECG,2552,26,0,0,0,0,0
408634,ECG,2553,53,0,0,0,0,0
408634,ECG,2554,29,0,0,0,0,0
408634,ECG,2555,-35,0,0,0,0,0
408634,ECG,2556,-111,0,0,0,0,0
408634,ECG,2557,-172,0,0,0,0,0
408634,ECG,2558,-194,0,0,0,0,0
408634,ECG,2559,-169,0,0,0,0,0
408634,ECG,2560,-108,0,0,0,0,0
408634,ECG,2561,-31,0,0,0,0,0
408634,ECG,2562,38,0,0,0,0,0
408634,ECG,2563,67,0,0,0,0,0
408634,ECG,2564,46,0,0,0,0,0
408634,ECG,2565,-16,0,0,0,0,0
408634,ECG,2566,-95,0,0,0,0,0
408634,ECG,2567,-158,0,0,0,0,0
408634,ECG,2568,-182,0,0,0,0,0
408634,ECG,2569,-164,0,0,0,0,0
408634,ECG,2570,-111,0,0,0,0,0
408634,ECG,2571,-42,0,0,0,0,0
408634,ECG,2572,16,0,0,0,0,0
408634,ECG,2573,42,0,0,0,0,0
408634,ECG,2574,22,0,0,0,0,0
408634,ECG,2575,-45,0,0,0,0,0
408634,ECG,2576,-128,0,0,0,0,0
408634,ECG,2577,-195,0,0,0,0,0
408634,ECG,2578,-227,0,0,0,0,0
408639,ECG,2579,-213,0,0,0,0,0
408639,ECG,2580,-158,0,0,0,0,0
408639,ECG,2581,-85,0,0,0,0,0
408644,ECG,2582,-10,0,0,0,0,0
408644,ECG,2583,40,0,0,0,0,0
408649,ECG,2584,43,0,0,0,0,0
408649,ECG,2585,-1,0,0,0,0,0
408649,ECG,2586,-74,0,0,0,0,0
408654,ECG,2587,-150,0,0,0,0,0
408654,ECG,2588,-197,0,0,0,0,0
408659,ECG,2589,-205,0,0,0,0,0
408659,ECG,2590,-173,0,0,0,0,0
408659,ECG,2591,-105,0,0,0,0,0
408664,ECG,2592,-29,0,0,0,0,0
408664,ECG,2593,33,0,0,0,0,0
408669,ECG,2594,57,0,0,0,0,0
408669,ECG,2595,27,0,0,0,0,0
408669,ECG,2596,-38,0,0,0,0,0
408674,ECG,2597,-110,0,0,0,0,0
408674,ECG,2598,-165,0,0,0,0,0
408679,ECG,2599,-150,0,0,0,0,0
408679,ECG,2600,-91,0,0,0,0,0
408684,ECG,2601,-16,0,0,0,0,0
408684,ECG,2602,45,0,0,0,0,0
408689,ECG,2603,33,0,0,0,0,0
408689,ECG,2604,-39,0,0,0,0,0
408694,ECG,2605,-126,0,0,0,0,0
408694,ECG,2606,-188,0,0,0,0,0
408694,ECG,2607,-207,0,0,0,0,0
408699,ECG,2608,-183,0,0,0,0,0
408699,ECG,2609,-123,0,0,0,0,0
408704,ECG,2610,-45,0,0,0,0,0
408704,ECG,2611,24,0,0,0,0,0
408704,ECG,2612,54,0,0,0,0,0
408709,ECG,2613,34,0,0,0,0,0
408709,ECG,2614,-29,0,0,0,0,0
408714,ECG,2615,-107,0,0,0,0,0
408714,ECG,2616,-171,0,0,0,0,0
408714,ECG,2617,-198,0,0,0,0,0
408719,ECG,2618,-182,0,0,0,0,0
408719,ECG,2619,-126,0,0,0,0,0
408724,ECG,2620,-51,0,0,0,0,0
408724,ECG,2621,15,0,0,0,0,0
408724,ECG,2622,50,0,0,0,0,0
408729,ECG,2623,35,0,0,0,0,0
408729,ECG,2624,-27,0,0,0,0,0
408734,ECG,2625,-174,0,0,0,0,0
408734,ECG,2626,-204,0,0,0,0,0
408739,ECG,2627,-188,0,0,0,0,0
408739,ECG,2628,-131,0,0,0,0,0
408744,ECG,2629,23,0,0,0,0,0
408744,ECG,2630,70,0,0,0,0,0
408749,ECG,2631,67,0,0,0,0,0
408749,ECG,2632,16,0,0,0,0,0
408749,ECG,2633,-59,0,0,0,0,0
408754,ECG,2634,-130,0,0,0,0,0
408754,ECG,2635,-169,0,0,0,0,0
408759,ECG,2636,-166,0,0,0,0,0
408759,ECG,2637,-123,0,0,0,0,0
408759,ECG,2638,-53,0,0,0,0,0
408764,ECG,2639,16,0,0,0,0,0
408764,ECG,2640,61,0,0,0,0,0
408769,ECG,2641,59,0,0,0,0,0
408769,ECG,2642,12,0,0,0,0,0
408769,ECG,2643,-63,0,0,0,0,0
408774,ECG,2644,-138,0,0,0,0,0
408774,ECG,2645,-184,0,0,0,0,0
408779,ECG,2646,-186,0,0,0,0,0
408779,ECG,2647,-148,0,0,0,0,0
408779,ECG,2648,-79,0,0,0,0,0
408784,ECG,2649,-4,0,0,0,0,0
408784,ECG,2650,48,0,0,0,0,0
408789,ECG,2651,15,0,0,0,0,0
408789,ECG,2652,-59,0,0,0,0,0
408794,ECG,2653,-134,0,0,0,0,0
408794,ECG,2654,-181,0,0,0,0,0
408799,ECG,2655,-148,0,0,0,0,0
408799,ECG,2656,-75,0,0,0,0,0
408804,ECG,2657,4,0,0,0,0,0
408804,ECG,2658,65,0,0,0,0,0
408804,ECG,2659,82,0,0,0,0,0
408809,ECG,2660,43,0,0,0,0,0
408809,ECG,2661,-33,0,0,0,0,0
408814,ECG,2662,-119,0,0,0,0,0
408814,ECG,2663,-184,0,0,0,0,0
408814,ECG,2664,-204,0,0,0,0,0
408819,ECG,2665,-177,0,0,0,0,0
408819,ECG,2666,-116,0,0,0,0,0
408824,ECG,2667,-38,0,0,0,0,0
408824,ECG,2668,28,0,0,0,0,0
408824,ECG,2669,55,0,0,0,0,0
408829,ECG,2670,30,0,0,0,0,0
408829,ECG,2671,-35,0,0,0,0,0
408834,ECG,2672,-111,0,0,0,0,0
408834,ECG,2673,-170,0,0,0,0,0
408834,ECG,2674,-193,0,0,0,0,0
408839,ECG,2675,-174,0,0,0,0,0
408839,ECG,2676,-118,0,0,0,0,0
408844,ECG,2677,20,0,0,0,0,0
408844,ECG,2678,53,0,0,0,0,0
408849,ECG,2679,39,0,0,0,0,0
408849,ECG,2680,-19,0,0,0,0,0
408854,ECG,2681,-156,0,0,0,0,0
408854,ECG,2682,-178,0,0,0,0,0
408859,ECG,2683,-162,0,0,0,0,0
408859,ECG,2684,-111,0,0,0,0,0
408859,ECG,2685,-37,0,0,0,0,0
408864,ECG,2686,32,0,0,0,0,0
408864,ECG,2687,68,0,0,0,0,0
408869,ECG,2688,57,0,0,0,0,0
408869,ECG,2689,-2,0,0,0,0,0
408869,ECG,2690,-85,0,0,0,0,0
408874,ECG,2691,-159,0,0,0,0,0
408874,ECG,2692,-195,0,0,0,0,0
408879,ECG,2693,-189,0,0,0,0,0
408879,ECG,2694,-142,0,0,0,0,0
408879,ECG,2695,-69,0,0,0,0,0
408884,ECG,2696,4,0,0,0,0,0
408884,ECG,2697,55,0,0,0,0,0
408889,ECG,2698,60,0,0,0,0,0
408889,ECG,2699,13,0,0,0,0,0
408889,ECG,2700,-59,0,0,0,0,0
408894,ECG,2701,-129,0,0,0,0,0
408894,ECG,2702,-174,0,0,0,0,0
408894,ECG,2703,-174,0,0,0,0,0
408899,ECG,2704,-134,0,0,0,0,0
408899,ECG,2705,-66,0,0,0,0,0
408904,ECG,2706,7,0,0,0,0,0
408904,ECG,2707,57,0,0,0,0,0
408909,ECG,2708,19,0,0,0,0,0
408909,ECG,2709,-59,0,0,0,0,0
408914,ECG,2710,-140,0,0,0,0,0
408914,ECG,2711,-193,0,0,0,0,0
408914,ECG,2712,-201,0,0,0,0,0
408919,ECG,2713,-164,0,0,0,0,0
408919,ECG,2714,-94,0,0,0,0,0
408924,ECG,2715,-16,0,0,0,0,0
408924,ECG,2716,47,0,0,0,0,0
408924,ECG,2717,66,0,0,0,0,0
408929,ECG,2718,31,0,0,0,0,0
408929,ECG,2719,-38,0,0,0,0,0
408934,ECG,2720,-116,0,0,0,0,0
408934,ECG,2721,-174,0,0,0,0,0
408934,ECG,2722,-186,0,0,0,0,0
408939,ECG,2723,-157,0,0,0,0,0
408939,ECG,2724,-96,0,0,0,0,0
408944,ECG,2725,-23,0,0,0,0,0
408944,ECG,2726,35,0,0,0,0,0
408944,ECG,2727,54,0,0,0,0,0
408949,ECG,2728,25,0,0,0,0,0
408949,ECG,2729,-42,0,0,0,0,0
408949,ECG,2730,-121,0,0,0,0,0
408954,ECG,2731,-177,0,0,0,0,0
408954,ECG,2732,-192,0,0,0,0,0
408959,ECG,2733,-166,0,0,0,0,0
408959,ECG,2734,-102,0,0,0,0,0
408964,ECG,2735,45,0,0,0,0,0
408964,ECG,2736,78,0,0,0,0,0
408969,ECG,2737,58,0,0,0,0,0
408969,ECG,2738,-8,0,0,0,0,0
408969,ECG,2739,-88,0,0,0,0,0
408974,ECG,2740,-155,0,0,0,0,0
408974,ECG,2741,-186,0,0,0,0,0
408979,ECG,2742,-168,0,0,0,0,0
408979,ECG,2743,-110,0,0,0,0,0
408979,ECG,2744,-32,0,0,0,0,0
408984,ECG,2745,39,0,0,0,0,0
408984,ECG,2746,77,0,0,0,0,0
408989,ECG,2747,62,0,0,0,0,0
408989,ECG,2748,2,0,0,0,0,0
408989,ECG,2749,-77,0,0,0,0,0
408994,ECG,2750,-148,0,0,0,0,0
408994,ECG,2751,-179,0,0,0,0,0
408999,ECG,2752,-165,0,0,0,0,0
408999,ECG,2753,-115,0,0,0,0,0
408999,ECG,2754,-39,0,0,0,0,0
409004,ECG,2755,32,0,0,0,0,0
409004,ECG,2756,70,0,0,0,0,0
409009,ECG,2757,3,0,0,0,0,0
409009,ECG,2758,-76,0,0,0,0,0
409014,ECG,2759,-147,0,0,0,0,0
409014,ECG,2760,-182,0,0,0,0,0
409019,ECG,2761,-132,0,0,0,0,0
409019,ECG,2762,-56,0,0,0,0,0
409024,ECG,2763,17,0,0,0,0,0
409024,ECG,2764,62,0,0,0,0,0
409024,ECG,2765,63,0,0,0,0,0
409029,ECG,2766,11,0,0,0,0,0
409029,ECG,2767,-69,0,0,0,0,0
409029,ECG,2768,-145,0,0,0,0,0
409035,ECG,2769,-191,0,0,0,0,0
409035,ECG,2770,-195,0,0,0,0,0
409040,ECG,2771,-157,0,0,0,0,0
409040,ECG,2772,-88,0,0,0,0,0
409040,ECG,2773,-12,0,0,0,0,0
409045,ECG,2774,47,0,0,0,0,0
409045,ECG,2775,59,0,0,0,0,0
409050,ECG,2776,17,0,0,0,0,0
409050,ECG,2777,-53,0,0,0,0,0
409050,ECG,2778,-127,0,0,0,0,0
409055,ECG,2779,-179,0,0,0,0,0
409055,ECG,2780,-186,0,0,0,0,0
409055,ECG,2781,-149,0,0,0,0,0
409060,ECG,2782,-83,0,0,0,0,0
409060,ECG,2783,-3,0,0,0,0,0
409065,ECG,2784,57,0,0,0,0,0
409065,ECG,2785,74,0,0,0,0,0
409070,ECG,2786,-32,0,0,0,0,0
409070,ECG,2787,-113,0,0,0,0,0
409075,ECG,2788,-170,0,0,0,0,0
409075,ECG,2789,-189,0,0,0,0,0
409075,ECG,2790,-163,0,0,0,0,0
409080,ECG,2791,-99,0,0,0,0,0
409080,ECG,2792,-25,0,0,0,0,0
409085,ECG,2793,39,0,0,0,0,0
409085,ECG,2794,68,0,0,0,0,0
409085,ECG,2795,42,0,0,0,0,0
409090,ECG,2796,-23,0,0,0,0,0
409090,ECG,2797,-97,0,0,0,0,0
409095,ECG,2798,-156,0,0,0,0,0
409095,ECG,2799,-176,0,0,0,0,0
409095,ECG,2800,-152,0,0,0,0,0
409100,ECG,2801,-97,0,0,0,0,0
409100,ECG,2802,-19,0,0,0,0,0
409105,ECG,2803,48,0,0,0,0,0
409105,ECG,2804,80,0,0,0,0,0
409105,ECG,2805,64,0,0,0,0,0
409110,ECG,2806,5,0,0,0,0,0
409110,ECG,2807,-72,0,0,0,0,0
409115,ECG,2808,-164,0,0,0,0,0
409115,ECG,2809,-149,0,0,0,0,0
409120,ECG,2810,-98,0,0,0,0,0
409120,ECG,2811,-25,0,0,0,0,0
409125,ECG,2812,76,0,0,0,0,0
409125,ECG,2813,62,0,0,0,0,0
409130,ECG,2814,1,0,0,0,0,0
409130,ECG,2815,-80,0,0,0,0,0
409130,ECG,2816,-150,0,0,0,0,0
409135,ECG,2817,-184,0,0,0,0,0
409135,ECG,2818,-174,0,0,0,0,0
409140,ECG,2819,-126,0,0,0,0,0
409140,ECG,2820,-50,0,0,0,0,0
409140,ECG,2821,23,0,0,0,0,0
409145,ECG,2822,65,0,0,0,0,0
409145,ECG,2823,64,0,0,0,0,0
409150,ECG,2824,11,0,0,0,0,0
409150,ECG,2825,-66,0,0,0,0,0
409150,ECG,2826,-135,0,0,0,0,0
409155,ECG,2827,-175,0,0,0,0,0
409155,ECG,2828,-170,0,0,0,0,0
409160,ECG,2829,-61,0,0,0,0,0
409160,ECG,2830,8,0,0,0,0,0
409165,ECG,2831,55,0,0,0,0,0
409165,ECG,2832,55,0,0,0,0,0
409165,ECG,2833,5,0,0,0,0,0
409170,ECG,2834,-71,0,0,0,0,0
409170,ECG,2835,-143,0,0,0,0,0
409175,ECG,2836,-187,0,0,0,0,0
409175,ECG,2837,-185,0,0,0,0,0
409175,ECG,2838,-142,0,0,0,0,0
409180,ECG,2839,-71,0,0,0,0,0
409180,ECG,2840,5,0,0,0,0,0
409185,ECG,2841,59,0,0,0,0,0
409185,ECG,2842,71,0,0,0,0,0
409185,ECG,2843,35,0,0,0,0,0
409190,ECG,2844,-39,0,0,0,0,0
409190,ECG,2845,-116,0,0,0,0,0
409195,ECG,2846,-169,0,0,0,0,0
409195,ECG,2847,-180,0,0,0,0,0
409195,ECG,2848,-150,0,0,0,0,0
409200,ECG,2849,-88,0,0,0,0,0
409200,ECG,2850,-13,0,0,0,0,0
409205,ECG,2851,43,0,0,0,0,0
409205,ECG,2852,59,0,0,0,0,0
409205,ECG,2853,26,0,0,0,0,0
409210,ECG,2854,-48,0,0,0,0,0
409210,ECG,2855,-130,0,0,0,0,0
409215,ECG,2856,-211,0,0,0,0,0
409215,ECG,2857,-184,0,0,0,0,0
409220,ECG,2858,-119,0,0,0,0,0
409220,ECG,2859,-37,0,0,0,0,0
409220,ECG,2860,31,0,0,0,0,0
409225,ECG,2861,62,0,0,0,0,0
409225,ECG,2862,42,0,0,0,0,0
409230,ECG,2863,-24,0,0,0,0,0
409230,ECG,2864,-106,0,0,0,0,0
409230,ECG,2865,-172,0,0,0,0,0
409235,ECG,2866,-197,0,0,0,0,0
409235,ECG,2867,-175,0,0,0,0,0
409240,ECG,2868,-117,0,0,0,0,0
409240,ECG,2869,-38,0,0,0,0,0
409240,ECG,2870,36,0,0,0,0,0
409245,ECG,2871,74,0,0,0,0,0
409245,ECG,2872,58,0,0,0,0,0
409250,ECG,2873,-2,0,0,0,0,0
409250,ECG,2874,-80,0,0,0,0,0
409250,ECG,2875,-149,0,0,0,0,0
409255,ECG,2876,-184,0,0,0,0,0
409255,ECG,2877,-170,0,0,0,0,0
409260,ECG,2878,-114,0,0,0,0,0
409260,ECG,2879,-36,0,0,0,0,0
409260,ECG,2880,38,0,0,0,0,0
409265,ECG,2881,83,0,0,0,0,0
409265,ECG,2882,78,0,0,0,0,0
409270,ECG,2883,-58,0,0,0,0,0
409270,ECG,2884,-132,0,0,0,0,0
409275,ECG,2885,-172,0,0,0,0,0
409275,ECG,2886,-169,0,0,0,0,0
409280,ECG,2887,-53,0,0,0,0,0
409280,ECG,2888,25,0,0,0,0,0
409285,ECG,2889,71,0,0,0,0,0
409285,ECG,2890,71,0,0,0,0,0
409285,ECG,2891,23,0,0,0,0,0
409290,ECG,2892,-54,0,0,0,0,0
409290,ECG,2893,-132,0,0,0,0,0
409295,ECG,2894,-179,0,0,0,0,0
409295,ECG,2895,-181,0,0,0,0,0
409295,ECG,2896,-139,0,0,0,0,0
409300,ECG,2897,-68,0,0,0,0,0
409300,ECG,2898,13,0,0,0,0,0
409305,ECG,2899,75,0,0,0,0,0
409305,ECG,2900,90,0,0,0,0,0
409305,ECG,2901,51,0,0,0,0,0
409310,ECG,2902,-20,0,0,0,0,0
409310,ECG,2903,-93,0,0,0,0,0
409315,ECG,2904,-143,0,0,0,0,0
409315,ECG,2905,-152,0,0,0,0,0
409315,ECG,2906,-117,0,0,0,0,0
409320,ECG,2907,-50,0,0,0,0,0
409320,ECG,2908,28,0,0,0,0,0
409325,ECG,2909,102,0,0,0,0,0
409325,ECG,2910,65,0,0,0,0,0
409330,ECG,2911,-11,0,0,0,0,0
409330,ECG,2912,-95,0,0,0,0,0
409335,ECG,2913,-168,0,0,0,0,0
409335,ECG,2914,-139,0,0,0,0,0
409340,ECG,2915,-76,0,0,0,0,0
409340,ECG,2916,3,0,0,0,0,0
409340,ECG,2917,68,0,0,0,0,0
409345,ECG,2918,92,0,0,0,0,0
409345,ECG,2919,63,0,0,0,0,0
409350,ECG,2920,-8,0,0,0,0,0
409350,ECG,2921,-89,0,0,0,0,0
409350,ECG,2922,-151,0,0,0,0,0
409355,ECG,2923,-173,0,0,0,0,0
409355,ECG,2924,-147,0,0,0,0,0
409360,ECG,2925,-85,0,0,0,0,0
409360,ECG,2926,-5,0,0,0,0,0
409360,ECG,2927,66,0,0,0,0,0
409365,ECG,2928,99,0,0,0,0,0
409365,ECG,2929,80,0,0,0,0,0
409370,ECG,2930,13,0,0,0,0,0
409370,ECG,2931,-72,0,0,0,0,0
409370,ECG,2932,-145,0,0,0,0,0
409375,ECG,2933,-179,0,0,0,0,0
409375,ECG,2934,-165,0,0,0,0,0
409375,ECG,2935,-111,0,0,0,0,0
409380,ECG,2936,-35,0,0,0,0,0
409380,ECG,2937,41,0,0,0,0,0
409385,ECG,2938,83,0,0,0,0,0
409385,ECG,2939,77,0,0,0,0,0
409390,ECG,2940,-55,0,0,0,0,0
409390,ECG,2941,-124,0,0,0,0,0
409395,ECG,2942,-159,0,0,0,0,0
409395,ECG,2943,-150,0,0,0,0,0
409395,ECG,2944,-102,0,0,0,0,0
409400,ECG,2945,-31,0,0,0,0,0
409400,ECG,2946,38,0,0,0,0,0
409405,ECG,2947,79,0,0,0,0,0
409405,ECG,2948,70,0,0,0,0,0
409405,ECG,2949,9,0,0,0,0,0
409410,ECG,2950,-74,0,0,0,0,0
409410,ECG,2951,-147,0,0,0,0,0
409415,ECG,2952,-189,0,0,0,0,0
409415,ECG,2953,-183,0,0,0,0,0
409415,ECG,2954,-134,0,0,0,0,0
409420,ECG,2955,-61,0,0,0,0,0
409420,ECG,2956,14,0,0,0,0,0
409425,ECG,2957,64,0,0,0,0,0
409425,ECG,2958,19,0,0,0,0,0
409430,ECG,2959,-56,0,0,0,0,0
409430,ECG,2960,-131,0,0,0,0,0
409430,ECG,2961,-174,0,0,0,0,0
409435,ECG,2962,-172,0,0,0,0,0
409435,ECG,2963,-129,0,0,0,0,0
409440,ECG,2964,-60,0,0,0,0,0
409440,ECG,2965,14,0,0,0,0,0
409445,ECG,2966,69,0,0,0,0,0
409445,ECG,2967,20,0,0,0,0,0
409450,ECG,2968,-63,0,0,0,0,0
409450,ECG,2969,-150,0,0,0,0,0
409450,ECG,2970,-207,0,0,0,0,0
409455,ECG,2971,-217,0,0,0,0,0
409455,ECG,2972,-180,0,0,0,0,0
409460,ECG,2973,-110,0,0,0,0,0
409460,ECG,2974,-26,0,0,0,0,0
409460,ECG,2975,37,0,0,0,0,0
409465,ECG,2976,58,0,0,0,0,0
409465,ECG,2977,29,0,0,0,0,0
409470,ECG,2978,-39,0,0,0,0,0
409470,ECG,2979,-116,0,0,0,0,0
409470,ECG,2980,-167,0,0,0,0,0
409475,ECG,2981,-178,0,0,0,0,0
409475,ECG,2982,-146,0,0,0,0,0
409480,ECG,2983,-83,0,0,0,0,0
409480,ECG,2984,-7,0,0,0,0,0
409480,ECG,2985,53,0,0,0,0,0
409485,ECG,2986,72,0,0,0,0,0
409485,ECG,2987,40,0,0,0,0,0
409485,ECG,2988,-28,0,0,0,0,0
409490,ECG,2989,-107,0,0,0,0,0
409490,ECG,2990,-166,0,0,0,0,0
409495,ECG,2991,-184,0,0,0,0,0
409495,ECG,2992,-157,0,0,0,0,0
409500,ECG,2993,-15,0,0,0,0,0
409500,ECG,2994,51,0,0,0,0,0
409505,ECG,2995,80,0,0,0,0,0
409505,ECG,2996,56,0,0,0,0,0
409505,ECG,2997,-12,0,0,0,0,0
409510,ECG,2998,-95,0,0,0,0,0
409510,ECG,2999,-161,0,0,0,0,0
409515,ECG,3000,-188,0,0,0,0,0
409515,ECG,3001,-166,0,0,0,0,0
409515,ECG,3002,-105,0,0,0,0,0
409520,ECG,3003,-21,0,0,0,0,0
409520,ECG,3004,56,0,0,0,0,0
409525,ECG,3005,95,0,0,0,0,0
409525,ECG,3006,81,0,0,0,0,0
409525,ECG,3007,20,0,0,0,0,0
409530,ECG,3008,-66,0,0,0,0,0
409530,ECG,3009,-143,0,0,0,0,0
409535,ECG,3010,-185,0,0,0,0,0
409535,ECG,3011,-182,0,0,0,0,0
409535,ECG,3012,-136,0,0,0,0,0
409540,ECG,3013,-61,0,0,0,0,0
409540,ECG,3014,13,0,0,0,0,0
409540,ECG,3015,59,0,0,0,0,0
409545,ECG,3016,60,0,0,0,0,0
409545,ECG,3017,15,0,0,0,0,0
409550,ECG,3018,-56,0,0,0,0,0
409550,ECG,3019,-119,0,0,0,0,0
409555,ECG,3020,-150,0,0,0,0,0
409555,ECG,3021,-103,0,0,0,0,0
409560,ECG,3022,-32,0,0,0,0,0
409560,ECG,3023,40,0,0,0,0,0
409560,ECG,3024,89,0,0,0,0,0
409565,ECG,3025,91,0,0,0,0,0
409565,ECG,3026,44,0,0,0,0,0
409570,ECG,3027,-34,0,0,0,0,0
409570,ECG,3028,-112,0,0,0,0,0
409570,ECG,3029,-166,0,0,0,0,0
409575,ECG,3030,-177,0,0,0,0,0
409575,ECG,3031,-147,0,0,0,0,0
409580,ECG,3032,-86,0,0,0,0,0
409580,ECG,3033,-13,0,0,0,0,0
409580,ECG,3034,39,0,0,0,0,0
409585,ECG,3035,49,0,0,0,0,0
409585,ECG,3036,13,0,0,0,0,0
409590,ECG,3037,-56,0,0,0,0,0
409590,ECG,3038,-130,0,0,0,0,0
409590,ECG,3039,-179,0,0,0,0,0
409595,ECG,3040,-188,0,0,0,0,0
409595,ECG,3041,-151,0,0,0,0,0
409595,ECG,3042,-85,0,0,0,0,0
409600,ECG,3043,-8,0,0,0,0,0
409600,ECG,3044,51,0,0,0,0,0
409605,ECG,3045,68,0,0,0,0,0
409605,ECG,3046,33,0,0,0,0,0
409605,ECG,3047,-39,0,0,0,0,0
409610,ECG,3048,-118,0,0,0,0,0
409610,ECG,3049,-174,0,0,0,0,0
409615,ECG,3050,-190,0,0,0,0,0
409615,ECG,3051,-165,0,0,0,0,0
409615,ECG,3052,-107,0,0,0,0,0
409620,ECG,3053,-33,0,0,0,0,0
409620,ECG,3054,23,0,0,0,0,0
409671,ECG,3055,42,0,0,0,0,0
409671,ECG,3056,17,0,0,0,0,0
409671,ECG,3057,-47,0,0,0,0,0
409671,ECG,3058,-125,0,0,0,0,0
409671,ECG,3059,-179,0,0,0,0,0
409671,ECG,3060,-195,0,0,0,0,0
409671,ECG,3061,-166,0,0,0,0,0
409671,ECG,3062,-101,0,0,0,0,0
409671,ECG,3063,-20,0,0,0,0,0
409671,ECG,3064,52,0,0,0,0,0
409671,ECG,3065,88,0,0,0,0,0
409671,ECG,3066,68,0,0,0,0,0
409671,ECG,3067,3,0,0,0,0,0
409671,ECG,3068,-78,0,0,0,0,0
409671,ECG,3069,-145,0,0,0,0,0
409671,ECG,3070,-178,0,0,0,0,0
409671,ECG,3071,-165,0,0,0,0,0
403310,PPG,0,125512,54746,0,0,0,0
403389,PPG,1,132911,58403,0,0,0,0
403469,PPG,2,127377,54852,0,0,0,0
403548,PPG,3,127962,55339,0,0,0,0
403627,PPG,4,126531,54534,0,0,0,0
403710,PPG,5,121095,51289,0,0,0,0
403798,PPG,6,122417,52387,0,0,0,0
403865,PPG,7,126173,55174,0,0,0,0
403945,PPG,8,133129,60139,0,0,0,0
404027,PPG,9,137705,63435,0,0,0,0
404104,PPG,10,139855,65087,0,0,0,0
404187,PPG,11,143145,67672,0,0,0,0
404265,PPG,12,145548,69481,0,0,0,0
404342,PPG,13,151284,73824,0,0,0,0
404420,PPG,14,151820,74322,0,0,0,0
404500,PPG,15,151794,74304,0,0,0,0
404579,PPG,16,151605,74208,0,0,0,0
404659,PPG,17,151525,74164,0,0,0,0
404742,PPG,18,151326,74049,0,0,0,0
404820,PPG,19,151207,73978,0,0,0,0
404902,PPG,20,151014,73872,0,0,0,0
404976,PPG,21,150885,73802,0,0,0,0
405055,PPG,22,150821,73782,0,0,0,0
405135,PPG,23,150897,73810,0,0,0,0
405214,PPG,24,150795,73749,0,0,0,0
405297,PPG,25,150698,73698,0,0,0,0
405373,PPG,26,150042,73031,0,0,0,0
405454,PPG,27,146443,69557,0,0,0,0
405533,PPG,28,147027,69783,0,0,0,0
405612,PPG,29,142698,67176,0,0,0,0
405691,PPG,30,142266,67334,0,0,0,0
405776,PPG,31,149425,72593,0,0,0,0
405851,PPG,32,149312,72333,0,0,0,0
405927,PPG,33,148937,72127,0,0,0,0
406007,PPG,34,148861,72094,0,0,0,0
406086,PPG,35,148765,72045,0,0,0,0
406165,PPG,36,148689,72008,0,0,0,0
406244,PPG,37,148597,71958,0,0,0,0
406328,PPG,38,148521,71920,0,0,0,0
406404,PPG,39,148461,71886,0,0,0,0
406482,PPG,40,148381,71828,0,0,0,0
406561,PPG,41,148318,71802,0,0,0,0
406653,PPG,42,148249,71769,0,0,0,0
406720,PPG,43,148185,71742,0,0,0,0
406799,PPG,44,148128,71699,0,0,0,0
406882,PPG,45,148046,71674,0,0,0,0
406958,PPG,46,147982,71642,0,0,0,0
407038,PPG,47,147949,71607,0,0,0,0
407117,PPG,48,147880,71573,0,0,0,0
407196,PPG,49,147822,71554,0,0,0,0
407275,PPG,50,147775,71529,0,0,0,0
407359,PPG,51,147727,71488,0,0,0,0
407436,PPG,52,147686,71478,0,0,0,0
407521,PPG,53,147636,71445,0,0,0,0
407594,PPG,54,147587,71429,0,0,0,0
407674,PPG,55,147540,71393,0,0,0,0
407753,PPG,56,147503,71379,0,0,0,0
407836,PPG,57,147458,71361,0,0,0,0
407915,PPG,58,147401,71336,0,0,0,0
407991,PPG,59,147377,71322,0,0,0,0
408069,PPG,60,147336,71293,0,0,0,0
408148,PPG,61,147291,71263,0,0,0,0
408227,PPG,62,147259,71250,0,0,0,0
408306,PPG,63,147232,71237,0,0,0,0
408395,PPG,64,147183,71216,0,0,0,0
408468,PPG,65,147145,71185,0,0,0,0
408545,PPG,66,147124,71173,0,0,0,0
408624,PPG,67,147083,71166,0,0,0,0
408703,PPG,68,147044,71143,0,0,0,0
408782,PPG,69,147017,71126,0,0,0,0
408862,PPG,70,146981,71109,0,0,0,0
408945,PPG,71,146947,71087,0,0,0,0
409022,PPG,72,146924,71071,0,0,0,0
409100,PPG,73,146893,71061,0,0,0,0
409179,PPG,74,146859,71045,0,0,0,0
409271,PPG,75,146833,71027,0,0,0,0
409337,PPG,76,146796,71015,0,0,0,0
409421,PPG,77,146771,70999,0,0,0,0
409499,PPG,78,146753,70978,0,0,0,0
409576,PPG,79,146708,70961,0,0,0,0
409655,PPG,80,146687,70950,0,0,0,0
409736,PPG,81,146657,70940,0,0,0,0
409816,PPG,82,146638,70918,0,0,0,0
409894,PPG,83,146597,70902,0,0,0,0
409979,PPG,84,146568,70892,0,0,0,0
410055,PPG,85,146554,70872,0,0,0,0
410160,PPG,86,146526,70858,0,0,0,0
410210,PPG,87,146513,70857,0,0,0,0
410289,PPG,88,146479,70846,0,0,0,0
410368,PPG,89,146459,70842,0,0,0,0
410452,PPG,90,146437,70820,0,0,0,0
410530,PPG,91,146415,70808,0,0,0,0
410607,PPG,92,146395,70796,0,0,0,0
410686,PPG,93,146379,70780,0,0,0,0
410765,PPG,94,146357,70769,0,0,0,0
410844,PPG,95,146315,70756,0,0,0,0
410924,PPG,96,146311,70752,0,0,0,0
411015,PPG,97,146277,70738,0,0,0,0
411084,PPG,98,146262,70732,0,0,0,0
411161,PPG,99,146246,70708,0,0,0,0
407302,IMU,208,1424,-156,8452,-82,53,54
407319,IMU,209,1304,-176,8524,-94,66,42
407338,IMU,210,1284,-260,8328,-88,52,46
407359,IMU,211,1304,-168,8452,-95,49,32
407376,IMU,212,1180,-244,8376,-101,63,46
407395,IMU,213,1276,-136,8316,-74,68,55
407415,IMU,214,1244,-140,8392,-89,72,21
407434,IMU,215,1260,-160,8412,-102,56,40
407453,IMU,216,1312,-300,8392,-86,66,43
407472,IMU,217,1360,-200,8340,-92,64,41
407490,IMU,218,1256,-128,8332,-89,63,29
407514,IMU,219,1296,-152,8356,-100,51,37
407529,IMU,220,1316,-276,8344,-73,67,30
407548,IMU,221,1344,-184,8452,-95,62,35
407567,IMU,222,1388,-220,8408,-88,66,53
407586,IMU,223,1224,-192,8380,-77,42,52
407606,IMU,224,1228,-204,8452,-102,57,37
407625,IMU,225,1164,-248,8460,-81,52,45
407644,IMU,226,1260,-172,8452,-72,64,36
407663,IMU,227,1184,-164,8428,-100,71,42
407682,IMU,228,1272,-64,8340,-80,52,42
407701,IMU,229,1352,-152,8444,-80,65,58
407723,IMU,230,1340,-256,8384,-102,68,37
407741,IMU,231,1228,-188,8380,-81,66,50
407759,IMU,232,1268,-172,8392,-72,50,31
407777,IMU,233,1184,-164,8424,-60,67,52
407796,IMU,234,1280,-240,8320,-82,56,40
407816,IMU,235,1236,-244,8364,-105,50,38
407836,IMU,236,1272,-208,8256,-92,36,43
407854,IMU,237,1256,-140,8312,-78,50,32
407873,IMU,238,1356,-236,8320,-87,76,40
407892,IMU,239,1232,-148,8304,-80,62,40
407911,IMU,240,1200,-172,8424,-102,62,47
407930,IMU,241,1400,-220,8432,-110,56,57
407952,IMU,242,1300,-92,8476,-88,74,49
407969,IMU,243,1304,-228,8368,-97,60,40
407988,IMU,244,1268,-208,8360,-76,66,46
408007,IMU,245,1288,-188,8328,-97,58,25
408026,IMU,246,1200,-164,8400,-96,66,50
408045,IMU,247,1384,-88,8440,-73,51,33
408064,IMU,248,1220,-220,8304,-94,59,51
408083,IMU,249,1284,-152,8308,-81,69,63
408102,IMU,250,1380,-144,8312,-99,78,18
408121,IMU,251,1216,-156,8364,-88,36,56
408141,IMU,252,1268,-232,8448,-89,62,38
408164,IMU,253,1312,-280,8424,-70,55,56
408181,IMU,254,1372,-272,8468,-77,45,38
408198,IMU,255,1412,-216,8404,-88,63,66
408217,IMU,256,1276,-228,8392,-74,48,39
408236,IMU,257,1308,-124,8332,-79,61,45
408255,IMU,258,1248,-160,8264,-93,59,47
408275,IMU,259,1344,-300,8396,-89,52,61
408294,IMU,260,1348,-212,8420,-96,52,41
408312,IMU,261,1284,-216,8452,-86,52,34
408331,IMU,262,1316,-164,8364,-104,65,50
408351,IMU,263,1252,-224,8372,-89,52,25
408370,IMU,264,1388,-152,8408,-90,70,39
408391,IMU,265,1344,-136,8300,-79,58,49
408408,IMU,266,1264,-208,8504,-102,58,44
408427,IMU,267,1332,-108,8404,-90,71,41
408446,IMU,268,1352,-168,8412,-93,47,57
408465,IMU,269,1300,-140,8432,-72,63,55
408485,IMU,270,1332,-204,8404,-69,51,28
408504,IMU,271,1280,-252,8352,-71,63,43
408522,IMU,272,1260,-164,8508,-94,56,38
408541,IMU,273,1240,-224,8344,-80,69,56
408561,IMU,274,1304,-292,8428,-92,54,44
408580,IMU,275,1348,-264,8388,-93,49,56
408602,IMU,276,1344,-148,8420,-96,49,22
408618,IMU,277,1176,-152,8388,-103,59,21
408638,IMU,278,1256,-168,8412,-86,68,24
408656,IMU,279,1180,-232,8320,-85,60,44
408676,IMU,280,1256,-272,8368,-92,65,46
408695,IMU,281,1260,-148,8388,-89,60,50
408714,IMU,282,1300,-304,8476,-85,85,47
408732,IMU,283,1372,-80,8308,-80,46,21
408752,IMU,284,1212,-216,8416,-94,72,43
408771,IMU,285,1340,-148,8388,-87,57,26
408790,IMU,286,1264,-164,8456,-90,59,43
408809,IMU,287,1304,-212,8340,-92,59,35
408830,IMU,288,1348,-268,8352,-95,60,57
408847,IMU,289,1232,-128,8364,-74,43,34
408867,IMU,290,1224,-264,8400,-77,58,45
408886,IMU,291,1348,-224,8476,-68,62,43
408905,IMU,292,1196,-112,8364,-87,61,38
408924,IMU,293,1308,-268,8420,-86,56,48
408945,IMU,294,1292,-216,8360,-94,50,35
408962,IMU,295,1208,-200,8324,-92,65,57
408981,IMU,296,1428,-188,8360,-95,60,52
409000,IMU,297,1400,-92,8368,-80,62,25
409020,IMU,298,1340,-156,8444,-91,67,41
409042,IMU,299,1352,-144,8436,-79,46,29
409058,IMU,300,1224,-120,8376,-105,65,35
409077,IMU,301,1352,-200,8356,-87,50,51
409096,IMU,302,1316,-200,8364,-99,57,42
409115,IMU,303,1196,-288,8408,-98,71,56
409134,IMU,304,1216,-136,8356,-98,55,50
409153,IMU,305,1244,-204,8316,-90,56,49
409172,IMU,306,1400,-280,8368,-76,69,48
409191,IMU,307,1348,-248,8448,-82,67,42
409210,IMU,308,1268,-196,8440,-88,51,33
409229,IMU,309,1216,-184,8384,-79,59,34
409248,IMU,310,1272,-232,8364,-79,62,45
409271,IMU,311,1240,-168,8372,-94,49,49
409287,IMU,312,1284,-132,8496,-92,63,39
409306,IMU,313,1336,-144,8384,-91,60,31
409325,IMU,314,1328,-120,8400,-75,52,50
409344,IMU,315,1288,-292,8368,-85,64,46
409363,IMU,316,1268,-148,8504,-82,47,44
409382,IMU,317,1300,-116,8500,-81,56,37
409401,IMU,318,1328,-228,8436,-89,54,32
409421,IMU,319,1292,-180,8448,-92,58,40
409439,IMU,320,1336,-228,8396,-80,69,48
409458,IMU,321,1184,-132,8400,-89,52,34
409479,IMU,322,1216,-208,8380,-88,67,30
409497,IMU,323,1300,-192,8372,-94,58,48
409516,IMU,324,1292,-244,8480,-90,55,30
409535,IMU,325,1196,-216,8344,-103,55,40
409554,IMU,326,1340,-124,8320,-86,49,41
409573,IMU,327,1308,-132,8416,-97,50,48
409592,IMU,328,1212,-216,8444,-87,63,35
409611,IMU,329,1304,-196,8268,-99,65,54
409630,IMU,330,1284,-92,8440,-88,59,20
409649,IMU,331,1412,-188,8316,-100,63,41
409668,IMU,332,1212,-132,8344,-92,38,52
409689,IMU,333,1372,-128,8352,-84,51,39
409709,IMU,334,1260,-284,8432,-88,56,36
409726,IMU,335,1284,-208,8348,-86,55,48
409745,IMU,336,1264,-284,8356,-109,80,36
409764,IMU,337,1324,-244,8352,-85,33,51
409783,IMU,338,1284,-200,8392,-99,65,43
409803,IMU,339,1372,-160,8396,-83,48,33
409822,IMU,340,1352,-180,8364,-74,52,47
409840,IMU,341,1356,-112,8336,-78,46,51
409859,IMU,342,1208,-156,8380,-86,50,45
409879,IMU,343,1268,-132,8384,-79,47,48
409898,IMU,344,1212,-148,8420,-101,69,45
409918,IMU,345,1304,-228,8424,-84,54,29
409936,IMU,346,1268,-96,8452,-109,49,69
409955,IMU,347,1264,-212,8400,-93,76,38
409974,IMU,348,1288,-248,8436,-80,58,52
409993,IMU,349,1324,-180,8380,-89,54,53
410013,IMU,350,1264,-164,8380,-97,70,22
410032,IMU,351,1368,-212,8332,-97,66,41
410050,IMU,352,1248,-300,8368,-80,73,54
410069,IMU,353,1292,-180,8412,-90,55,49
410089,IMU,354,1284,-252,8444,-74,63,39
410108,IMU,355,1280,-244,8424,-103,62,41
410130,IMU,356,1292,-124,8352,-76,56,43
410155,IMU,357,1328,-192,8384,-79,53,54
410168,IMU,358,1308,-72,8312,-89,61,45
410184,IMU,359,1340,-160,8292,-76,72,38
410203,IMU,360,1256,-324,8396,-87,49,47
410223,IMU,361,1240,-232,8376,-87,62,48
410242,IMU,362,1268,-192,8416,-83,68,43
410261,IMU,363,1324,-212,8404,-93,56,41
410279,IMU,364,1388,-172,8404,-86,71,44
410299,IMU,365,1308,-252,8392,-82,46,39
410318,IMU,366,1312,-180,8512,-77,47,47
410337,IMU,367,1280,-132,8332,-76,61,56
410357,IMU,368,1260,-220,8404,-97,50,36
410375,IMU,369,1252,-256,8464,-93,47,41
410394,IMU,370,1296,-272,8448,-113,63,56
410414,IMU,371,1204,-132,8352,-80,56,34
410433,IMU,372,1284,-168,8364,-91,49,27
410452,IMU,373,1228,-160,8304,-102,71,52
410471,IMU,374,1196,-156,8380,-88,68,46
410490,IMU,375,1228,-172,8396,-85,71,42
410509,IMU,376,1232,-212,8420,-83,73,36
410528,IMU,377,1304,-172,8420,-72,80,55
410547,IMU,378,1300,-268,8424,-83,62,36
410569,IMU,379,1360,-188,8404,-102,64,41
410586,IMU,380,1320,-216,8368,-77,53,37
410604,IMU,381,1332,-208,8424,-70,64,47
410624,IMU,382,1244,-152,8436,-81,68,48
410643,IMU,383,1252,-152,8388,-88,55,41
410661,IMU,384,1204,-208,8344,-94,55,44
410681,IMU,385,1264,-264,8416,-117,76,50
410700,IMU,386,1224,-80,8452,-104,73,65
410719,IMU,387,1264,-192,8468,-96,58,39
410738,IMU,388,1368,-272,8360,-92,54,42
410758,IMU,389,1260,-176,8416,-81,66,39
410776,IMU,390,1404,-180,8460,-88,51,41
410798,IMU,391,1280,-188,8368,-77,51,48
410815,IMU,392,1252,-196,8364,-88,56,41
410834,IMU,393,1284,-252,8408,-75,60,42
410853,IMU,394,1236,-192,8356,-98,61,48
410872,IMU,395,1216,-152,8404,-93,31,48
410891,IMU,396,1340,-268,8432,-100,71,59
410910,IMU,397,1328,-148,8420,-88,59,50
410929,IMU,398,1276,-144,8356,-92,65,31
410949,IMU,399,1304,-212,8360,-85,63,35
410968,IMU,400,1372,-144,8440,-85,63,41
410986,IMU,401,1204,-216,8384,-86,57,39
411008,IMU,402,1204,-48,8388,-88,56,45
411025,IMU,403,1280,-176,8452,-75,69,36
411044,IMU,404,1240,-232,8424,-94,62,44
411063,IMU,405,1236,-212,8412,-82,48,41
411082,IMU,406,1216,-168,8412,-93,56,33
411101,IMU,407,1308,-196,8512,-94,71,51
411120,IMU,408,1248,-188,8436,-82,60,45
411139,IMU,409,1308,-252,8352,-90,52,46
411159,IMU,410,1236,-208,8476,-91,56,42
411177,IMU,411,1288,-236,8416,-92,56,37
411196,IMU,412,1220,-188,8420,-92,48,38
411217,IMU,413,1244,-156,8448,-101,55,36
411237,IMU,414,1276,-236,8420,-91,64,50
411263,IMU,415,1336,-132,8396,-89,65,43
409671,ECG,3072,-115,0,0,0,0,0
409671,ECG,3073,-46,0,0,0,0,0
409671,ECG,3074,17,0,0,0,0,0
409671,ECG,3075,49,0,0,0,0,0
409671,ECG,3076,33,0,0,0,0,0
409671,ECG,3077,-30,0,0,0,0,0
409671,ECG,3078,-114,0,0,0,0,0
409671,ECG,3079,-184,0,0,0,0,0
409671,ECG,3080,-218,0,0,0,0,0
409676,ECG,3081,-154,0,0,0,0,0
409676,ECG,3082,-77,0,0,0,0,0
409681,ECG,3083,-2,0,0,0,0,0
409681,ECG,3084,49,0,0,0,0,0
409686,ECG,3085,7,0,0,0,0,0
409686,ECG,3086,-70,0,0,0,0,0
409691,ECG,3087,-149,0,0,0,0,0
409691,ECG,3088,-200,0,0,0,0,0
409696,ECG,3089,-174,0,0,0,0,0
409696,ECG,3090,-102,0,0,0,0,0
409701,ECG,3091,-21,0,0,0,0,0
409701,ECG,3092,47,0,0,0,0,0
409701,ECG,3093,73,0,0,0,0,0
409706,ECG,3094,45,0,0,0,0,0
409706,ECG,3095,-17,0,0,0,0,0
409711,ECG,3096,-92,0,0,0,0,0
409711,ECG,3097,-150,0,0,0,0,0
409711,ECG,3098,-170,0,0,0,0,0
409716,ECG,3099,-146,0,0,0,0,0
409716,ECG,3100,-90,0,0,0,0,0
409721,ECG,3101,-14,0,0,0,0,0
409721,ECG,3102,53,0,0,0,0,0
409721,ECG,3103,80,0,0,0,0,0
409726,ECG,3104,55,0,0,0,0,0
409726,ECG,3105,-11,0,0,0,0,0
409731,ECG,3106,-89,0,0,0,0,0
409731,ECG,3107,-148,0,0,0,0,0
409731,ECG,3108,-172,0,0,0,0,0
409736,ECG,3109,-150,0,0,0,0,0
409736,ECG,3110,-91,0,0,0,0,0
409741,ECG,3111,54,0,0,0,0,0
409741,ECG,3112,87,0,0,0,0,0
409746,ECG,3113,67,0,0,0,0,0
409746,ECG,3114,3,0,0,0,0,0
409751,ECG,3115,-151,0,0,0,0,0
409751,ECG,3116,-177,0,0,0,0,0
409756,ECG,3117,-160,0,0,0,0,0
409756,ECG,3118,-105,0,0,0,0,0
409756,ECG,3119,-28,0,0,0,0,0
409761,ECG,3120,40,0,0,0,0,0
409761,ECG,3121,75,0,0,0,0,0
409766,ECG,3122,59,0,0,0,0,0
409766,ECG,3123,-6,0,0,0,0,0
409766,ECG,3124,-95,0,0,0,0,0
409771,ECG,3125,-170,0,0,0,0,0
409771,ECG,3126,-207,0,0,0,0,0
409776,ECG,3127,-196,0,0,0,0,0
409776,ECG,3128,-140,0,0,0,0,0
409776,ECG,3129,-61,0,0,0,0,0
409781,ECG,3130,15,0,0,0,0,0
409781,ECG,3131,64,0,0,0,0,0
409786,ECG,3132,63,0,0,0,0,0
409786,ECG,3133,11,0,0,0,0,0
409786,ECG,3134,-66,0,0,0,0,0
409791,ECG,3135,-139,0,0,0,0,0
409791,ECG,3136,-182,0,0,0,0,0
409791,ECG,3137,-178,0,0,0,0,0
409796,ECG,3138,-132,0,0,0,0,0
409796,ECG,3139,-61,0,0,0,0,0
409801,ECG,3140,14,0,0,0,0,0
409801,ECG,3141,63,0,0,0,0,0
409806,ECG,3142,17,0,0,0,0,0
409806,ECG,3143,-63,0,0,0,0,0
409811,ECG,3144,-141,0,0,0,0,0
409811,ECG,3145,-192,0,0,0,0,0
409811,ECG,3146,-196,0,0,0,0,0
409816,ECG,3147,-159,0,0,0,0,0
409816,ECG,3148,-94,0,0,0,0,0
409821,ECG,3149,-18,0,0,0,0,0
409821,ECG,3150,35,0,0,0,0,0
409821,ECG,3151,46,0,0,0,0,0
409826,ECG,3152,8,0,0,0,0,0
409826,ECG,3153,-62,0,0,0,0,0
409831,ECG,3154,-138,0,0,0,0,0
409831,ECG,3155,-186,0,0,0,0,0
409831,ECG,3156,-190,0,0,0,0,0
409836,ECG,3157,-156,0,0,0,0,0
409836,ECG,3158,-88,0,0,0,0,0
409841,ECG,3159,-8,0,0,0,0,0
409841,ECG,3160,53,0,0,0,0,0
409841,ECG,3161,72,0,0,0,0,0
409846,ECG,3162,39,0,0,0,0,0
409846,ECG,3163,-33,0,0,0,0,0
409846,ECG,3164,-111,0,0,0,0,0
409851,ECG,3165,-168,0,0,0,0,0
409851,ECG,3166,-182,0,0,0,0,0
409856,ECG,3167,-152,0,0,0,0,0
409856,ECG,3168,-88,0,0,0,0,0
409856,ECG,3169,-12,0,0,0,0,0
409861,ECG,3170,49,0,0,0,0,0
409861,ECG,3171,72,0,0,0,0,0
409866,ECG,3172,41,0,0,0,0,0
409866,ECG,3173,-31,0,0,0,0,0
409866,ECG,3174,-111,0,0,0,0,0
409871,ECG,3175,-170,0,0,0,0,0
409871,ECG,3176,-185,0,0,0,0,0
409876,ECG,3177,-159,0,0,0,0,0
409876,ECG,3178,-96,0,0,0,0,0
409876,ECG,3179,-14,0,0,0,0,0
409881,ECG,3180,52,0,0,0,0,0
409881,ECG,3181,80,0,0,0,0,0
409886,ECG,3182,59,0,0,0,0,0
409886,ECG,3183,-9,0,0,0,0,0
409886,ECG,3184,-94,0,0,0,0,0
409891,ECG,3185,-165,0,0,0,0,0
409891,ECG,3186,-199,0,0,0,0,0
409896,ECG,3187,-131,0,0,0,0,0
409896,ECG,3188,-55,0,0,0,0,0
409901,ECG,3189,18,0,0,0,0,0
409901,ECG,3190,61,0,0,0,0,0
409906,ECG,3191,0,0,0,0,0,0
409906,ECG,3192,-75,0,0,0,0,0
409911,ECG,3193,-145,0,0,0,0,0
409911,ECG,3194,-177,0,0,0,0,0
409911,ECG,3195,-164,0,0,0,0,0
409916,ECG,3196,-114,0,0,0,0,0
409916,ECG,3197,-38,0,0,0,0,0
409921,ECG,3198,36,0,0,0,0,0
409921,ECG,3199,80,0,0,0,0,0
409921,ECG,3200,75,0,0,0,0,0
409926,ECG,3201,21,0,0,0,0,0
409926,ECG,3202,-60,0,0,0,0,0
409931,ECG,3203,-132,0,0,0,0,0
409931,ECG,3204,-179,0,0,0,0,0
409931,ECG,3205,-176,0,0,0,0,0
409936,ECG,3206,-130,0,0,0,0,0
409936,ECG,3207,-58,0,0,0,0,0
409941,ECG,3208,18,0,0,0,0,0
409941,ECG,3209,70,0,0,0,0,0
409941,ECG,3210,76,0,0,0,0,0
409946,ECG,3211,29,0,0,0,0,0
409946,ECG,3212,-49,0,0,0,0,0
409951,ECG,3213,-180,0,0,0,0,0
409951,ECG,3214,-183,0,0,0,0,0
409956,ECG,3215,-146,0,0,0,0,0
409956,ECG,3216,-75,0,0,0,0,0
409961,ECG,3217,67,0,0,0,0,0
409961,ECG,3218,86,0,0,0,0,0
409966,ECG,3219,48,0,0,0,0,0
409966,ECG,3220,-28,0,0,0,0,0
409966,ECG,3221,-111,0,0,0,0,0
409971,ECG,3222,-173,0,0,0,0,0
409971,ECG,3223,-193,0,0,0,0,0
409976,ECG,3224,-166,0,0,0,0,0
409976,ECG,3225,-103,0,0,0,0,0
409976,ECG,3226,-26,0,0,0,0,0
409981,ECG,3227,42,0,0,0,0,0
409981,ECG,3228,72,0,0,0,0,0
409986,ECG,3229,48,0,0,0,0,0
409986,ECG,3230,-14,0,0,0,0,0
409986,ECG,3231,-92,0,0,0,0,0
409991,ECG,3232,-155,0,0,0,0,0
409991,ECG,3233,-175,0,0,0,0,0
409996,ECG,3234,-151,0,0,0,0,0
409996,ECG,3235,-94,0,0,0,0,0
409996,ECG,3236,-18,0,0,0,0,0
410001,ECG,3237,46,0,0,0,0,0
410001,ECG,3238,76,0,0,0,0,0
410001,ECG,3239,55,0,0,0,0,0
410006,ECG,3240,-9,0,0,0,0,0
410006,ECG,3241,-89,0,0,0,0,0
410011,ECG,3242,-153,0,0,0,0,0
410011,ECG,3243,-177,0,0,0,0,0
410016,ECG,3244,-98,0,0,0,0,0
410016,ECG,3245,-19,0,0,0,0,0
410021,ECG,3246,52,0,0,0,0,0
410021,ECG,3247,88,0,0,0,0,0
410021,ECG,3248,75,0,0,0,0,0
410026,ECG,3249,18,0,0,0,0,0
410026,ECG,3250,-63,0,0,0,0,0
410031,ECG,3251,-131,0,0,0,0,0
410031,ECG,3252,-161,0,0,0,0,0
410031,ECG,3253,-149,0,0,0,0,0
410036,ECG,3254,-98,0,0,0,0,0
410036,ECG,3255,-17,0,0,0,0,0
410041,ECG,3256,56,0,0,0,0,0
410041,ECG,3257,96,0,0,0,0,0
410041,ECG,3258,91,0,0,0,0,0
410046,ECG,3259,36,0,0,0,0,0
410046,ECG,3260,-49,0,0,0,0,0
410051,ECG,3261,-175,0,0,0,0,0
410051,ECG,3262,-174,0,0,0,0,0
410056,ECG,3263,-130,0,0,0,0,0
410056,ECG,3264,-60,0,0,0,0,0
410056,ECG,3265,12,0,0,0,0,0
410061,ECG,3266,60,0,0,0,0,0
410061,ECG,3267,60,0,0,0,0,0
410066,ECG,3268,6,0,0,0,0,0
410066,ECG,3269,-75,0,0,0,0,0
410066,ECG,3270,-150,0,0,0,0,0
410071,ECG,3271,-200,0,0,0,0,0
410071,ECG,3272,-201,0,0,0,0,0
410076,ECG,3273,-155,0,0,0,0,0
410076,ECG,3274,-80,0,0,0,0,0
410076,ECG,3275,2,0,0,0,0,0
410081,ECG,3276,58,0,0,0,0,0
410081,ECG,3277,70,0,0,0,0,0
410086,ECG,3278,31,0,0,0,0,0
410086,ECG,3279,-43,0,0,0,0,0
410086,ECG,3280,-123,0,0,0,0,0
410091,ECG,3281,-177,0,0,0,0,0
410091,ECG,3282,-186,0,0,0,0,0
410096,ECG,3283,-153,0,0,0,0,0
410096,ECG,3284,-86,0,0,0,0,0
410096,ECG,3285,-3,0,0,0,0,0
410101,ECG,3286,60,0,0,0,0,0
410101,ECG,3287,83,0,0,0,0,0
410106,ECG,3288,-16,0,0,0,0,0
410106,ECG,3289,-93,0,0,0,0,0
410111,ECG,3290,-153,0,0,0,0,0
410111,ECG,3291,-170,0,0,0,0,0
410111,ECG,3292,-140,0,0,0,0,0
410116,ECG,3293,-77,0,0,0,0,0
410116,ECG,3294,2,0,0,0,0,0
410121,ECG,3295,65,0,0,0,0,0
410121,ECG,3296,92,0,0,0,0,0
410121,ECG,3297,66,0,0,0,0,0
410126,ECG,3298,-1,0,0,0,0,0
410126,ECG,3299,-79,0,0,0,0,0
410131,ECG,3300,-142,0,0,0,0,0
410131,ECG,3301,-167,0,0,0,0,0
410131,ECG,3302,-147,0,0,0,0,0
410136,ECG,3303,-90,0,0,0,0,0
410136,ECG,3304,-12,0,0,0,0,0
410141,ECG,3305,55,0,0,0,0,0
410141,ECG,3306,89,0,0,0,0,0
410141,ECG,3307,75,0,0,0,0,0
410146,ECG,3308,17,0,0,0,0,0
410146,ECG,3309,-60,0,0,0,0,0
410151,ECG,3310,-124,0,0,0,0,0
410151,ECG,3311,-153,0,0,0,0,0
410151,ECG,3312,-138,0,0,0,0,0
410156,ECG,3313,-86,0,0,0,0,0
410156,ECG,3314,-8,0,0,0,0,0
410161,ECG,3315,102,0,0,0,0,0
410161,ECG,3316,90,0,0,0,0,0
410166,ECG,3317,30,0,0,0,0,0
410166,ECG,3318,-52,0,0,0,0,0
410166,ECG,3319,-128,0,0,0,0,0
410171,ECG,3320,-168,0,0,0,0,0
410171,ECG,3321,-161,0,0,0,0,0
410176,ECG,3322,-115,0,0,0,0,0
410176,ECG,3323,-42,0,0,0,0,0
410176,ECG,3324,31,0,0,0,0,0
410181,ECG,3325,77,0,0,0,0,0
410181,ECG,3326,73,0,0,0,0,0
410186,ECG,3327,21,0,0,0,0,0
410186,ECG,3328,-56,0,0,0,0,0
410186,ECG,3329,-127,0,0,0,0,0
410191,ECG,3330,-167,0,0,0,0,0
410191,ECG,3331,-162,0,0,0,0,0
410196,ECG,3332,-116,0,0,0,0,0
410196,ECG,3333,-41,0,0,0,0,0
410196,ECG,3334,38,0,0,0,0,0
410201,ECG,3335,91,0,0,0,0,0
410201,ECG,3336,99,0,0,0,0,0
410206,ECG,3337,57,0,0,0,0,0
410206,ECG,3338,-18,0,0,0,0,0
410206,ECG,3339,-95,0,0,0,0,0
410211,ECG,3340,-145,0,0,0,0,0
410211,ECG,3341,-152,0,0,0,0,0
410216,ECG,3342,-52,0,0,0,0,0
410216,ECG,3343,23,0,0,0,0,0
410221,ECG,3344,78,0,0,0,0,0
410221,ECG,3345,89,0,0,0,0,0
410226,ECG,3346,-23,0,0,0,0,0
410226,ECG,3347,-99,0,0,0,0,0
410231,ECG,3348,-153,0,0,0,0,0
410231,ECG,3349,-163,0,0,0,0,0
410231,ECG,3350,-126,0,0,0,0,0
410236,ECG,3351,-57,0,0,0,0,0
410236,ECG,3352,25,0,0,0,0,0
410241,ECG,3353,89,0,0,0,0,0
410241,ECG,3354,110,0,0,0,0,0
410241,ECG,3355,80,0,0,0,0,0
410246,ECG,3356,8,0,0,0,0,0
410246,ECG,3357,-77,0,0,0,0,0
410251,ECG,3358,-140,0,0,0,0,0
410251,ECG,3359,-161,0,0,0,0,0
410251,ECG,3360,-138,0,0,0,0,0
410256,ECG,3361,-77,0,0,0,0,0
410256,ECG,3362,3,0,0,0,0,0
410261,ECG,3363,71,0,0,0,0,0
410261,ECG,3364,103,0,0,0,0,0
410261,ECG,3365,80,0,0,0,0,0
410266,ECG,3366,11,0,0,0,0,0
410266,ECG,3367,-72,0,0,0,0,0
410271,ECG,3368,-169,0,0,0,0,0
410271,ECG,3369,-154,0,0,0,0,0
410276,ECG,3370,-99,0,0,0,0,0
410276,ECG,3371,-20,0,0,0,0,0
410281,ECG,3372,97,0,0,0,0,0
410281,ECG,3373,89,0,0,0,0,0
410286,ECG,3374,33,0,0,0,0,0
410286,ECG,3375,-44,0,0,0,0,0
410286,ECG,3376,-109,0,0,0,0,0
410291,ECG,3377,-140,0,0,0,0,0
410291,ECG,3378,-125,0,0,0,0,0
410296,ECG,3379,-73,0,0,0,0,0
410296,ECG,3380,1,0,0,0,0,0
410296,ECG,3381,73,0,0,0,0,0
410301,ECG,3382,117,0,0,0,0,0
410301,ECG,3383,114,0,0,0,0,0
410306,ECG,3384,63,0,0,0,0,0
410306,ECG,3385,-14,0,0,0,0,0
410306,ECG,3386,-85,0,0,0,0,0
410311,ECG,3387,-124,0,0,0,0,0
410311,ECG,3388,-119,0,0,0,0,0
410316,ECG,3389,-77,0,0,0,0,0
410316,ECG,3390,-9,0,0,0,0,0
410316,ECG,3391,60,0,0,0,0,0
410321,ECG,3392,103,0,0,0,0,0
410321,ECG,3393,101,0,0,0,0,0
410326,ECG,3394,-30,0,0,0,0,0
410326,ECG,3395,-106,0,0,0,0,0
410331,ECG,3396,-151,0,0,0,0,0
410331,ECG,3397,-152,0,0,0,0,0
410336,ECG,3398,-34,0,0,0,0,0
410336,ECG,3399,45,0,0,0,0,0
410341,ECG,3400,100,0,0,0,0,0
410341,ECG,3401,108,0,0,0,0,0
410341,ECG,3402,64,0,0,0,0,0
410346,ECG,3403,-17,0,0,0,0,0
410346,ECG,3404,-104,0,0,0,0,0
410351,ECG,3405,-163,0,0,0,0,0
410351,ECG,3406,-174,0,0,0,0,0
410351,ECG,3407,-141,0,0,0,0,0
410356,ECG,3408,-74,0,0,0,0,0
410356,ECG,3409,8,0,0,0,0,0
410361,ECG,3410,73,0,0,0,0,0
410361,ECG,3411,95,0,0,0,0,0
410361,ECG,3412,65,0,0,0,0,0
410366,ECG,3413,-6,0,0,0,0,0
410366,ECG,3414,-88,0,0,0,0,0
410371,ECG,3415,-150,0,0,0,0,0
410371,ECG,3416,-170,0,0,0,0,0
410371,ECG,3417,-146,0,0,0,0,0
410376,ECG,3418,-88,0,0,0,0,0
410376,ECG,3419,-14,0,0,0,0,0
410381,ECG,3420,70,0,0,0,0,0
410381,ECG,3421,45,0,0,0,0,0
410386,ECG,3422,-20,0,0,0,0,0
410386,ECG,3423,-96,0,0,0,0,0
410391,ECG,3424,-169,0,0,0,0,0
410391,ECG,3425,-140,0,0,0,0,0
410396,ECG,3426,-79,0,0,0,0,0
410396,ECG,3427,0,0,0,0,0,0
410396,ECG,3428,68,0,0,0,0,0
410401,ECG,3429,98,0,0,0,0,0
410401,ECG,3430,79,0,0,0,0,0
410406,ECG,3431,14,0,0,0,0,0
410406,ECG,3432,-65,0,0,0,0,0
410406,ECG,3433,-128,0,0,0,0,0
410411,ECG,3434,-155,0,0,0,0,0
410411,ECG,3435,-136,0,0,0,0,0
410416,ECG,3436,-81,0,0,0,0,0
410416,ECG,3437,-7,0,0,0,0,0
410416,ECG,3438,60,0,0,0,0,0
410421,ECG,3439,92,0,0,0,0,0
410421,ECG,3440,72,0,0,0,0,0
410426,ECG,3441,5,0,0,0,0,0
410426,ECG,3442,-82,0,0,0,0,0
410426,ECG,3443,-157,0,0,0,0,0
410431,ECG,3444,-193,0,0,0,0,0
410431,ECG,3445,-185,0,0,0,0,0
410436,ECG,3446,-60,0,0,0,0,0
410436,ECG,3447,12,0,0,0,0,0
410441,ECG,3448,56,0,0,0,0,0
410441,ECG,3449,53,0,0,0,0,0
410446,ECG,3450,-79,0,0,0,0,0
410446,ECG,3451,-146,0,0,0,0,0
410451,ECG,3452,-183,0,0,0,0,0
410451,ECG,3453,-176,0,0,0,0,0
410451,ECG,3454,-126,0,0,0,0,0
410456,ECG,3455,-52,0,0,0,0,0
410456,ECG,3456,24,0,0,0,0,0
410461,ECG,3457,75,0,0,0,0,0
410461,ECG,3458,79,0,0,0,0,0
410461,ECG,3459,32,0,0,0,0,0
410466,ECG,3460,-45,0,0,0,0,0
410466,ECG,3461,-122,0,0,0,0,0
410471,ECG,3462,-171,0,0,0,0,0
410471,ECG,3463,-174,0,0,0,0,0
410471,ECG,3464,-139,0,0,0,0,0
410476,ECG,3465,-72,0,0,0,0,0
410476,ECG,3466,4,0,0,0,0,0
410481,ECG,3467,56,0,0,0,0,0
410481,ECG,3468,66,0,0,0,0,0
410481,ECG,3469,28,0,0,0,0,0
410486,ECG,3470,-44,0,0,0,0,0
410486,ECG,3471,-118,0,0,0,0,0
410486,ECG,3472,-167,0,0,0,0,0
410491,ECG,3473,-171,0,0,0,0,0
410491,ECG,3474,-131,0,0,0,0,0
410496,ECG,3475,-61,0,0,0,0,0
410496,ECG,3476,17,0,0,0,0,0
410501,ECG,3477,88,0,0,0,0,0
410501,ECG,3478,48,0,0,0,0,0
410506,ECG,3479,-30,0,0,0,0,0
410506,ECG,3480,-117,0,0,0,0,0
410506,ECG,3481,-181,0,0,0,0,0
410511,ECG,3482,-202,0,0,0,0,0
410511,ECG,3483,-180,0,0,0,0,0
410516,ECG,3484,-119,0,0,0,0,0
410516,ECG,3485,-44,0,0,0,0,0
410516,ECG,3486,18,0,0,0,0,0
410521,ECG,3487,47,0,0,0,0,0
410521,ECG,3488,27,0,0,0,0,0
410526,ECG,3489,-35,0,0,0,0,0
410526,ECG,3490,-106,0,0,0,0,0
410526,ECG,3491,-160,0,0,0,0,0
410531,ECG,3492,-177,0,0,0,0,0
410531,ECG,3493,-148,0,0,0,0,0
410536,ECG,3494,-90,0,0,0,0,0
410536,ECG,3495,-13,0,0,0,0,0
410536,ECG,3496,54,0,0,0,0,0
410541,ECG,3497,83,0,0,0,0,0
410541,ECG,3498,64,0,0,0,0,0
410541,ECG,3499,1,0,0,0,0,0
410546,ECG,3500,-80,0,0,0,0,0
410546,ECG,3501,-144,0,0,0,0,0
410551,ECG,3502,-172,0,0,0,0,0
410551,ECG,3503,-158,0,0,0,0,0
410556,ECG,3504,-31,0,0,0,0,0
410556,ECG,3505,35,0,0,0,0,0
410561,ECG,3506,68,0,0,0,0,0
410561,ECG,3507,51,0,0,0,0,0
410561,ECG,3508,-10,0,0,0,0,0
410566,ECG,3509,-88,0,0,0,0,0
410566,ECG,3510,-159,0,0,0,0,0
410571,ECG,3511,-193,0,0,0,0,0
410571,ECG,3512,-178,0,0,0,0,0
410571,ECG,3513,-129,0,0,0,0,0
410576,ECG,3514,-56,0,0,0,0,0
410576,ECG,3515,17,0,0,0,0,0
410581,ECG,3516,58,0,0,0,0,0
410581,ECG,3517,48,0,0,0,0,0
410581,ECG,3518,-10,0,0,0,0,0
410586,ECG,3519,-94,0,0,0,0,0
410586,ECG,3520,-170,0,0,0,0,0
410591,ECG,3521,-213,0,0,0,0,0
410591,ECG,3522,-216,0,0,0,0,0
410591,ECG,3523,-177,0,0,0,0,0
410596,ECG,3524,-107,0,0,0,0,0
410596,ECG,3525,-35,0,0,0,0,0
410596,ECG,3526,10,0,0,0,0,0
410601,ECG,3527,14,0,0,0,0,0
410601,ECG,3528,-33,0,0,0,0,0
410606,ECG,3529,-109,0,0,0,0,0
410606,ECG,3530,-183,0,0,0,0,0
410611,ECG,3531,-223,0,0,0,0,0
410611,ECG,3532,-176,0,0,0,0,0
410616,ECG,3533,-102,0,0,0,0,0
410616,ECG,3534,-18,0,0,0,0,0
410616,ECG,3535,44,0,0,0,0,0
410621,ECG,3536,58,0,0,0,0,0
410621,ECG,3537,17,0,0,0,0,0
410626,ECG,3538,-59,0,0,0,0,0
410626,ECG,3539,-138,0,0,0,0,0
410626,ECG,3540,-193,0,0,0,0,0
410631,ECG,3541,-207,0,0,0,0,0
410631,ECG,3542,-175,0,0,0,0,0
410636,ECG,3543,-107,0,0,0,0,0
410636,ECG,3544,-30,0,0,0,0,0
410636,ECG,3545,30,0,0,0,0,0
410641,ECG,3546,47,0,0,0,0,0
410641,ECG,3547,13,0,0,0,0,0
410646,ECG,3548,-57,0,0,0,0,0
410646,ECG,3549,-139,0,0,0,0,0
410646,ECG,3550,-201,0,0,0,0,0
410697,ECG,3551,-218,0,0,0,0,0
410697,ECG,3552,-192,0,0,0,0,0
410697,ECG,3553,-133,0,0,0,0,0
410697,ECG,3554,-54,0,0,0,0,0
410697,ECG,3555,16,0,0,0,0,0
410697,ECG,3556,45,0,0,0,0,0
410697,ECG,3557,23,0,0,0,0,0
410697,ECG,3558,-42,0,0,0,0,0
410697,ECG,3559,-120,0,0,0,0,0
410697,ECG,3560,-180,0,0,0,0,0
410697,ECG,3561,-205,0,0,0,0,0
410697,ECG,3562,-185,0,0,0,0,0
410697,ECG,3563,-126,0,0,0,0,0
410697,ECG,3564,-48,0,0,0,0,0
410697,ECG,3565,22,0,0,0,0,0
410697,ECG,3566,57,0,0,0,0,0
410697,ECG,3567,36,0,0,0,0,0
410697,ECG,3568,-36,0,0,0,0,0
410697,ECG,3569,-125,0,0,0,0,0
410697,ECG,3570,-203,0,0,0,0,0
410697,ECG,3571,-245,0,0,0,0,0
410697,ECG,3572,-235,0,0,0,0,0
410697,ECG,3573,-183,0,0,0,0,0
410697,ECG,3574,-103,0,0,0,0,0
410697,ECG,3575,-23,0,0,0,0,0
410697,ECG,3576,29,0,0,0,0,0
410702,ECG,3577,32,0,0,0,0,0
410702,ECG,3578,-18,0,0,0,0,0
410702,ECG,3579,-98,0,0,0,0,0
410707,ECG,3580,-176,0,0,0,0,0
410707,ECG,3581,-220,0,0,0,0,0
410712,ECG,3582,-220,0,0,0,0,0
410712,ECG,3583,-180,0,0,0,0,0
410712,ECG,3584,-109,0,0,0,0,0
410717,ECG,3585,-31,0,0,0,0,0
410717,ECG,3586,24,0,0,0,0,0
410722,ECG,3587,30,0,0,0,0,0
410722,ECG,3588,-15,0,0,0,0,0
410722,ECG,3589,-87,0,0,0,0,0
410727,ECG,3590,-162,0,0,0,0,0
410727,ECG,3591,-206,0,0,0,0,0
410732,ECG,3592,-204,0,0,0,0,0
410732,ECG,3593,-162,0,0,0,0,0
410732,ECG,3594,-89,0,0,0,0,0
410737,ECG,3595,-9,0,0,0,0,0
410737,ECG,3596,48,0,0,0,0,0
410742,ECG,3597,21,0,0,0,0,0
410742,ECG,3598,-59,0,0,0,0,0
410747,ECG,3599,-142,0,0,0,0,0
410747,ECG,3600,-199,0,0,0,0,0
410752,ECG,3601,-179,0,0,0,0,0
410752,ECG,3602,-110,0,0,0,0,0
410757,ECG,3603,-28,0,0,0,0,0
410757,ECG,3604,38,0,0,0,0,0
410757,ECG,3605,66,0,0,0,0,0
410762,ECG,3606,38,0,0,0,0,0
410762,ECG,3607,-32,0,0,0,0,0
410767,ECG,3608,-116,0,0,0,0,0
410767,ECG,3609,-179,0,0,0,0,0
410767,ECG,3610,-203,0,0,0,0,0
410772,ECG,3611,-180,0,0,0,0,0
410772,ECG,3612,-118,0,0,0,0,0
410777,ECG,3613,-38,0,0,0,0,0
410777,ECG,3614,32,0,0,0,0,0
410777,ECG,3615,65,0,0,0,0,0
410782,ECG,3616,45,0,0,0,0,0
410782,ECG,3617,-18,0,0,0,0,0
410787,ECG,3618,-99,0,0,0,0,0
410787,ECG,3619,-168,0,0,0,0,0
410787,ECG,3620,-199,0,0,0,0,0
410792,ECG,3621,-183,0,0,0,0,0
410792,ECG,3622,-135,0,0,0,0,0
410797,ECG,3623,10,0,0,0,0,0
410797,ECG,3624,51,0,0,0,0,0
410802,ECG,3625,42,0,0,0,0,0
410802,ECG,3626,-10,0,0,0,0,0
410807,ECG,3627,-159,0,0,0,0,0
410807,ECG,3628,-194,0,0,0,0,0
410812,ECG,3629,-190,0,0,0,0,0
410812,ECG,3630,-149,0,0,0,0,0
410812,ECG,3631,-79,0,0,0,0,0
410817,ECG,3632,-10,0,0,0,0,0
410817,ECG,3633,33,0,0,0,0,0
410822,ECG,3634,34,0,0,0,0,0
410822,ECG,3635,-16,0,0,0,0,0
410822,ECG,3636,-94,0,0,0,0,0
410827,ECG,3637,-163,0,0,0,0,0
410827,ECG,3638,-202,0,0,0,0,0
410832,ECG,3639,-195,0,0,0,0,0
410832,ECG,3640,-147,0,0,0,0,0
410832,ECG,3641,-74,0,0,0,0,0
410837,ECG,3642,2,0,0,0,0,0
410837,ECG,3643,52,0,0,0,0,0
410842,ECG,3644,52,0,0,0,0,0
410842,ECG,3645,1,0,0,0,0,0
410842,ECG,3646,-80,0,0,0,0,0
410847,ECG,3647,-160,0,0,0,0,0
410847,ECG,3648,-207,0,0,0,0,0
410847,ECG,3649,-207,0,0,0,0,0
410852,ECG,3650,-163,0,0,0,0,0
410852,ECG,3651,-88,0,0,0,0,0
410857,ECG,3652,-10,0,0,0,0,0
410857,ECG,3653,47,0,0,0,0,0
410862,ECG,3654,17,0,0,0,0,0
410862,ECG,3655,-62,0,0,0,0,0
410867,ECG,3656,-146,0,0,0,0,0
410867,ECG,3657,-206,0,0,0,0,0
410867,ECG,3658,-223,0,0,0,0,0
410872,ECG,3659,-194,0,0,0,0,0
410872,ECG,3660,-132,0,0,0,0,0
410877,ECG,3661,-54,0,0,0,0,0
410877,ECG,3662,8,0,0,0,0,0
410877,ECG,3663,29,0,0,0,0,0
410882,ECG,3664,-1,0,0,0,0,0
410882,ECG,3665,-68,0,0,0,0,0
410887,ECG,3666,-148,0,0,0,0,0
410887,ECG,3667,-209,0,0,0,0,0
410887,ECG,3668,-231,0,0,0,0,0
410892,ECG,3669,-210,0,0,0,0,0
410892,ECG,3670,-151,0,0,0,0,0
410897,ECG,3671,-73,0,0,0,0,0
410897,ECG,3672,-8,0,0,0,0,0
410897,ECG,3673,24,0,0,0,0,0
410902,ECG,3674,5,0,0,0,0,0
410902,ECG,3675,-60,0,0,0,0,0
410902,ECG,3676,-137,0,0,0,0,0
410907,ECG,3677,-200,0,0,0,0,0
410907,ECG,3678,-228,0,0,0,0,0
410912,ECG,3679,-211,0,0,0,0,0
410912,ECG,3680,-156,0,0,0,0,0
410912,ECG,3681,-81,0,0,0,0,0
410917,ECG,3682,-12,0,0,0,0,0
410917,ECG,3683,24,0,0,0,0,0
410922,ECG,3684,9,0,0,0,0,0
410922,ECG,3685,-51,0,0,0,0,0
410922,ECG,3686,-128,0,0,0,0,0
410927,ECG,3687,-197,0,0,0,0,0
410927,ECG,3688,-231,0,0,0,0,0
410932,ECG,3689,-220,0,0,0,0,0
410932,ECG,3690,-172,0,0,0,0,0
410932,ECG,3691,-97,0,0,0,0,0
410937,ECG,3692,-27,0,0,0,0,0
410937,ECG,3693,15,0,0,0,0,0
410942,ECG,3694,10,0,0,0,0,0
410942,ECG,3695,-43,0,0,0,0,0
410942,ECG,3696,-122,0,0,0,0,0
410947,ECG,3697,-194,0,0,0,0,0
410947,ECG,3698,-234,0,0,0,0,0
410952,ECG,3699,-187,0,0,0,0,0
410952,ECG,3700,-111,0,0,0,0,0
410957,ECG,3701,-32,0,0,0,0,0
410957,ECG,3702,20,0,0,0,0,0
410962,ECG,3703,-20,0,0,0,0,0
410962,ECG,3704,-95,0,0,0,0,0
410967,ECG,3705,-173,0,0,0,0,0
410967,ECG,3706,-222,0,0,0,0,0
410967,ECG,3707,-224,0,0,0,0,0
410972,ECG,3708,-186,0,0,0,0,0
410972,ECG,3709,-117,0,0,0,0,0
410977,ECG,3710,-41,0,0,0,0,0
410977,ECG,3711,13,0,0,0,0,0
410977,ECG,3712,25,0,0,0,0,0
410982,ECG,3713,-15,0,0,0,0,0
410982,ECG,3714,-92,0,0,0,0,0
410987,ECG,3715,-171,0,0,0,0,0
410987,ECG,3716,-221,0,0,0,0,0
410987,ECG,3717,-231,0,0,0,0,0
410992,ECG,3718,-197,0,0,0,0,0
410992,ECG,3719,-129,0,0,0,0,0
410997,ECG,3720,-52,0,0,0,0,0
410997,ECG,3721,8,0,0,0,0,0
410997,ECG,3722,29,0,0,0,0,0
411002,ECG,3723,-3,0,0,0,0,0
411002,ECG,3724,-71,0,0,0,0,0
411007,ECG,3725,-208,0,0,0,0,0
411007,ECG,3726,-226,0,0,0,0,0
411012,ECG,3727,-201,0,0,0,0,0
411012,ECG,3728,-142,0,0,0,0,0
411012,ECG,3729,-68,0,0,0,0,0
411017,ECG,3730,-7,0,0,0,0,0
411017,ECG,3731,20,0,0,0,0,0
411022,ECG,3732,-4,0,0,0,0,0
411022,ECG,3733,-69,0,0,0,0,0
411022,ECG,3734,-149,0,0,0,0,0
411027,ECG,3735,-212,0,0,0,0,0
411027,ECG,3736,-236,0,0,0,0,0
411032,ECG,3737,-219,0,0,0,0,0
411032,ECG,3738,-165,0,0,0,0,0
411032,ECG,3739,-89,0,0,0,0,0
411037,ECG,3740,-22,0,0,0,0,0
411037,ECG,3741,12,0,0,0,0,0
411042,ECG,3742,-5,0,0,0,0,0
411042,ECG,3743,-65,0,0,0,0,0
411042,ECG,3744,-138,0,0,0,0,0
411047,ECG,3745,-196,0,0,0,0,0
411047,ECG,3746,-215,0,0,0,0,0
411052,ECG,3747,-190,0,0,0,0,0
411052,ECG,3748,-130,0,0,0,0,0
411052,ECG,3749,-51,0,0,0,0,0
411057,ECG,3750,19,0,0,0,0,0
411057,ECG,3751,57,0,0,0,0,0
411062,ECG,3752,44,0,0,0,0,0
411062,ECG,3753,-18,0,0,0,0,0
411062,ECG,3754,-103,0,0,0,0,0
411067,ECG,3755,-177,0,0,0,0,0
411067,ECG,3756,-214,0,0,0,0,0
411067,ECG,3757,-206,0,0,0,0,0
411072,ECG,3758,-160,0,0,0,0,0
411072,ECG,3759,-86,0,0,0,0,0
411078,ECG,3760,-14,0,0,0,0,0
411078,ECG,3761,30,0,0,0,0,0
411078,ECG,3762,27,0,0,0,0,0
411083,ECG,3763,-28,0,0,0,0,0
411083,ECG,3764,-108,0,0,0,0,0
411083,ECG,3765,-183,0,0,0,0,0
411088,ECG,3766,-226,0,0,0,0,0
411088,ECG,3767,-224,0,0,0,0,0
411093,ECG,3768,-179,0,0,0,0,0
411093,ECG,3769,-108,0,0,0,0,0
411093,ECG,3770,-33,0,0,0,0,0
411098,ECG,3771,17,0,0,0,0,0
411098,ECG,3772,16,0,0,0,0,0
411103,ECG,3773,-33,0,0,0,0,0
411103,ECG,3774,-107,0,0,0,0,0
411103,ECG,3775,-183,0,0,0,0,0
411108,ECG,3776,-228,0,0,0,0,0
411108,ECG,3777,-227,0,0,0,0,0
411113,ECG,3778,-187,0,0,0,0,0
411113,ECG,3779,-116,0,0,0,0,0
411113,ECG,3780,-37,0,0,0,0,0
411118,ECG,3781,17,0,0,0,0,0
411118,ECG,3782,31,0,0,0,0,0
411118,ECG,3783,-6,0,0,0,0,0
411123,ECG,3784,-81,0,0,0,0,0
411123,ECG,3785,-162,0,0,0,0,0
411128,ECG,3786,-215,0,0,0,0,0
411128,ECG,3787,-229,0,0,0,0,0
411128,ECG,3788,-196,0,0,0,0,0
411133,ECG,3789,-130,0,0,0,0,0
411133,ECG,3790,-52,0,0,0,0,0
411138,ECG,3791,9,0,0,0,0,0
411138,ECG,3792,29,0,0,0,0,0
411138,ECG,3793,-5,0,0,0,0,0
411143,ECG,3794,-73,0,0,0,0,0
411143,ECG,3795,-150,0,0,0,0,0
411148,ECG,3796,-211,0,0,0,0,0
411148,ECG,3797,-227,0,0,0,0,0
411148,ECG,3798,-196,0,0,0,0,0
411153,ECG,3799,-134,0,0,0,0,0
411153,ECG,3800,-54,0,0,0,0,0
411158,ECG,3801,13,0,0,0,0,0
411158,ECG,3802,38,0,0,0,0,0
411158,ECG,3803,11,0,0,0,0,0
411163,ECG,3804,-59,0,0,0,0,0
411163,ECG,3805,-142,0,0,0,0,0
411168,ECG,3806,-239,0,0,0,0,0
411168,ECG,3807,-222,0,0,0,0,0
411173,ECG,3808,-163,0,0,0,0,0
411173,ECG,3809,-84,0,0,0,0,0
411173,ECG,3810,-15,0,0,0,0,0
411178,ECG,3811,22,0,0,0,0,0
411178,ECG,3812,8,0,0,0,0,0
411183,ECG,3813,-53,0,0,0,0,0
411183,ECG,3814,-131,0,0,0,0,0
411183,ECG,3815,-197,0,0,0,0,0
411188,ECG,3816,-225,0,0,0,0,0
411188,ECG,3817,-207,0,0,0,0,0
411193,ECG,3818,-150,0,0,0,0,0
411193,ECG,3819,-66,0,0,0,0,0
411193,ECG,3820,12,0,0,0,0,0
411198,ECG,3821,55,0,0,0,0,0
411198,ECG,3822,46,0,0,0,0,0
411203,ECG,3823,-11,0,0,0,0,0
411203,ECG,3824,-90,0,0,0,0,0
411203,ECG,3825,-163,0,0,0,0,0
411208,ECG,3826,-203,0,0,0,0,0
411208,ECG,3827,-198,0,0,0,0,0
411213,ECG,3828,-152,0,0,0,0,0
411213,ECG,3829,-78,0,0,0,0,0
411213,ECG,3830,-4,0,0,0,0,0
411218,ECG,3831,42,0,0,0,0,0
411218,ECG,3832,39,0,0,0,0,0
411223,ECG,3833,-94,0,0,0,0,0
411223,ECG,3834,-169,0,0,0,0,0
411228,ECG,3835,-212,0,0,0,0,0
411228,ECG,3836,-212,0,0,0,0,0
411228,ECG,3837,-171,0,0,0,0,0
411233,ECG,3838,-97,0,0,0,0,0
411233,ECG,3839,-20,0,0,0,0,0
411238,ECG,3840,31,0,0,0,0,0
411238,ECG,3841,41,0,0,0,0,0
411238,ECG,3842,-4,0,0,0,0,0
411243,ECG,3843,-82,0,0,0,0,0
411243,ECG,3844,-156,0,0,0,0,0
411248,ECG,3845,-201,0,0,0,0,0
411248,ECG,3846,-206,0,0,0,0,0
411248,ECG,3847,-167,0,0,0,0,0
411253,ECG,3848,-99,0,0,0,0,0
411253,ECG,3849,-26,0,0,0,0,0
411258,ECG,3850,26,0,0,0,0,0
411258,ECG,3851,32,0,0,0,0,0
411258,ECG,3852,-15,0,0,0,0,0
411263,ECG,3853,-91,0,0,0,0,0
411263,ECG,3854,-169,0,0,0,0,0
411268,ECG,3855,-223,0,0,0,0,0
411268,ECG,3856,-230,0,0,0,0,0
411268,ECG,3857,-195,0,0,0,0,0
411273,ECG,3858,-128,0,0,0,0,0
411273,ECG,3859,-48,0,0,0,0,0
411278,ECG,3860,29,0,0,0,0,0
411278,ECG,3861,-1,0,0,0,0,0
411283,ECG,3862,-70,0,0,0,0,0
411283,ECG,3863,-147,0,0,0,0,0
411288,ECG,3864,-216,0,0,0,0,0
411288,ECG,3865,-185,0,0,0,0,0
411293,ECG,3866,-117,0,0,0,0,0
411293,ECG,3867,-39,0,0,0,0,0
411293,ECG,3868,28,0,0,0,0,0
411298,ECG,3869,57,0,0,0,0,0
411298,ECG,3870,30,0,0,0,0,0
411303,ECG,3871,-42,0,0,0,0,0
411303,ECG,3872,-126,0,0,0,0,0
411303,ECG,3873,-194,0,0,0,0,0
411308,ECG,3874,-222,0,0,0,0,0
411308,ECG,3875,-202,0,0,0,0,0
411313,ECG,3876,-143,0,0,0,0,0
411313,ECG,3877,-61,0,0,0,0,0
411313,ECG,3878,11,0,0,0,0,0
411318,ECG,3879,46,0,0,0,0,0
411318,ECG,3880,29,0,0,0,0,0
411323,ECG,3881,-36,0,0,0,0,0
411323,ECG,3882,-121,0,0,0,0,0
411323,ECG,3883,-192,0,0,0,0,0
411328,ECG,3884,-228,0,0,0,0,0
411328,ECG,3885,-217,0,0,0,0,0
411333,ECG,3886,-89,0,0,0,0,0
411333,ECG,3887,-18,0,0,0,0,0
411338,ECG,3888,24,0,0,0,0,0
411338,ECG,3889,21,0,0,0,0,0
411343,ECG,3890,-107,0,0,0,0,0
411343,ECG,3891,-174,0,0,0,0,0
411348,ECG,3892,-210,0,0,0,0,0
411348,ECG,3893,-200,0,0,0,0,0
411348,ECG,3894,-151,0,0,0,0,0
411353,ECG,3895,-78,0,0,0,0,0
411353,ECG,3896,-6,0,0,0,0,0
411358,ECG,3897,40,0,0,0,0,0
411358,ECG,3898,37,0,0,0,0,0
411358,ECG,3899,-14,0,0,0,0,0
411363,ECG,3900,-91,0,0,0,0,0
411363,ECG,3901,-170,0,0,0,0,0
411368,ECG,3902,-216,0,0,0,0,0
411368,ECG,3903,-214,0,0,0,0,0
411368,ECG,3904,-173,0,0,0,0,0
411373,ECG,3905,-103,0,0,0,0,0
411373,ECG,3906,-25,0,0,0,0,0
411378,ECG,3907,31,0,0,0,0,0
411378,ECG,3908,38,0,0,0,0,0
411378,ECG,3909,-5,0,0,0,0,0
411383,ECG,3910,-79,0,0,0,0,0
411383,ECG,3911,-158,0,0,0,0,0
411388,ECG,3912,-219,0,0,0,0,0
411388,ECG,3913,-185,0,0,0,0,0
411393,ECG,3914,-120,0,0,0,0,0
411393,ECG,3915,-43,0,0,0,0,0
411398,ECG,3916,34,0,0,0,0,0
411398,ECG,3917,3,0,0,0,0,0
411403,ECG,3918,-67,0,0,0,0,0
411403,ECG,3919,-146,0,0,0,0,0
411403,ECG,3920,-202,0,0,0,0,0
411408,ECG,3921,-214,0,0,0,0,0
411408,ECG,3922,-183,0,0,0,0,0
411413,ECG,3923,-116,0,0,0,0,0
411413,ECG,3924,-37,0,0,0,0,0
411413,ECG,3925,26,0,0,0,0,0
411418,ECG,3926,53,0,0,0,0,0
411418,ECG,3927,30,0,0,0,0,0
411423,ECG,3928,-41,0,0,0,0,0
411423,ECG,3929,-120,0,0,0,0,0
411423,ECG,3930,-180,0,0,0,0,0
411428,ECG,3931,-205,0,0,0,0,0
411428,ECG,3932,-184,0,0,0,0,0
411433,ECG,3933,-128,0,0,0,0,0
411433,ECG,3934,-57,0,0,0,0,0
411433,ECG,3935,5,0,0,0,0,0
411438,ECG,3936,31,0,0,0,0,0
411438,ECG,3937,10,0,0,0,0,0
411438,ECG,3938,-50,0,0,0,0,0
411443,ECG,3939,-126,0,0,0,0,0
411443,ECG,3940,-186,0,0,0,0,0
411448,ECG,3941,-204,0,0,0,0,0
411448,ECG,3942,-182,0,0,0,0,0
411453,ECG,3943,-43,0,0,0,0,0
411453,ECG,3944,24,0,0,0,0,0
411458,ECG,3945,58,0,0,0,0,0
411458,ECG,3946,42,0,0,0,0,0
411458,ECG,3947,-25,0,0,0,0,0
411463,ECG,3948,-109,0,0,0,0,0
411463,ECG,3949,-183,0,0,0,0,0
411468,ECG,3950,-224,0,0,0,0,0
411468,ECG,3951,-214,0,0,0,0,0
411468,ECG,3952,-165,0,0,0,0,0
411473,ECG,3953,-91,0,0,0,0,0
411473,ECG,3954,-13,0,0,0,0,0
411478,ECG,3955,35,0,0,0,0,0
411478,ECG,3956,34,0,0,0,0,0
411478,ECG,3957,-11,0,0,0,0,0
411483,ECG,3958,-84,0,0,0,0,0
411483,ECG,3959,-152,0,0,0,0,0
411488,ECG,3960,-185,0,0,0,0,0
411488,ECG,3961,-180,0,0,0,0,0
411488,ECG,3962,-137,0,0,0,0,0
411493,ECG,3963,-66,0,0,0,0,0
411493,ECG,3964,2,0,0,0,0,0
411493,ECG,3965,46,0,0,0,0,0
411498,ECG,3966,44,0,0,0,0,0
411498,ECG,3967,-8,0,0,0,0,0
411503,ECG,3968,-84,0,0,0,0,0
411503,ECG,3969,-156,0,0,0,0,0
411503,ECG,3970,-201,0,0,0,0,0
411508,ECG,3971,-201,0,0,0,0,0
411508,ECG,3972,-160,0,0,0,0,0
411513,ECG,3973,-92,0,0,0,0,0
411513,ECG,3974,-15,0,0,0,0,0
411513,ECG,3975,40,0,0,0,0,0
411518,ECG,3976,51,0,0,0,0,0
411518,ECG,3977,13,0,0,0,0,0
411523,ECG,3978,-61,0,0,0,0,0
411523,ECG,3979,-138,0,0,0,0,0
411523,ECG,3980,-189,0,0,0,0,0
411528,ECG,3981,-199,0,0,0,0,0
411528,ECG,3982,-168,0,0,0,0,0
411533,ECG,3983,-102,0,0,0,0,0
411533,ECG,3984,-23,0,0,0,0,0
411533,ECG,3985,37,0,0,0,0,0
411538,ECG,3986,54,0,0,0,0,0
411538,ECG,3987,16,0,0,0,0,0
411543,ECG,3988,-137,0,0,0,0,0
411543,ECG,3989,-196,0,0,0,0,0
411548,ECG,3990,-212,0,0,0,0,0
411548,ECG,3991,-179,0,0,0,0,0
411548,ECG,3992,-113,0,0,0,0,0
411553,ECG,3993,-32,0,0,0,0,0
411553,ECG,3994,36,0,0,0,0,0
411558,ECG,3995,65,0,0,0,0,0
411558,ECG,3996,41,0,0,0,0,0
411558,ECG,3997,-28,0,0,0,0,0
411563,ECG,3998,-110,0,0,0,0,0
411563,ECG,3999,-175,0,0,0,0,0
411568,ECG,4000,-201,0,0,0,0,0
411568,ECG,4001,-184,0,0,0,0,0
411568,ECG,4002,-127,0,0,0,0,0
411573,ECG,4003,-51,0,0,0,0,0
411573,ECG,4004,15,0,0,0,0,0
411578,ECG,4005,46,0,0,0,0,0
411578,ECG,4006,30,0,0,0,0,0
411578,ECG,4007,-30,0,0,0,0,0
411583,ECG,4008,-109,0,0,0,0,0
411583,ECG,4009,-174,0,0,0,0,0
411588,ECG,4010,-204,0,0,0,0,0
411588,ECG,4011,-189,0,0,0,0,0
411588,ECG,4012,-136,0,0,0,0,0
411593,ECG,4013,-64,0,0,0,0,0
411593,ECG,4014,2,0,0,0,0,0
411598,ECG,4015,22,0,0,0,0,0
411598,ECG,4016,-35,0,0,0,0,0
411603,ECG,4017,-109,0,0,0,0,0
411603,ECG,4018,-173,0,0,0,0,0
411603,ECG,4019,-202,0,0,0,0,0
411608,ECG,4020,-185,0,0,0,0,0
411608,ECG,4021,-130,0,0,0,0,0
411613,ECG,4022,-56,0,0,0,0,0
411613,ECG,4023,15,0,0,0,0,0
411613,ECG,4024,55,0,0,0,0,0
411618,ECG,4025,44,0,0,0,0,0
411618,ECG,4026,-16,0,0,0,0,0
411623,ECG,4027,-98,0,0,0,0,0
411623,ECG,4028,-176,0,0,0,0,0
411623,ECG,4029,-222,0,0,0,0,0
411628,ECG,4030,-221,0,0,0,0,0
411628,ECG,4031,-174,0,0,0,0,0
411633,ECG,4032,-98,0,0,0,0,0
411633,ECG,4033,-16,0,0,0,0,0
411633,ECG,4034,38,0,0,0,0,0
411638,ECG,4035,49,0,0,0,0,0
411638,ECG,4036,12,0,0,0,0,0
411643,ECG,4037,-62,0,0,0,0,0
411643,ECG,4038,-141,0,0,0,0,0
411643,ECG,4039,-190,0,0,0,0,0
411648,ECG,4040,-197,0,0,0,0,0
411648,ECG,4041,-164,0,0,0,0,0
411653,ECG,4042,-16,0,0,0,0,0
411653,ECG,4043,41,0,0,0,0,0
411658,ECG,4044,55,0,0,0,0,0
411658,ECG,4045,20,0,0,0,0,0
411658,ECG,4046,-51,0,0,0,0,0
411663,ECG,4047,-126,0,0,0,0,0
411663,ECG,4048,-177,0,0,0,0,0
411668,ECG,4049,-186,0,0,0,0,0
411668,ECG,4050,-151,0,0,0,0,0
411668,ECG,4051,-80,0,0,0,0,0
411673,ECG,4052,-1,0,0,0,0,0
411673,ECG,4053,58,0,0,0,0,0
411678,ECG,4054,77,0,0,0,0,0
411678,ECG,4055,43,0,0,0,0,0
411678,ECG,4056,-33,0,0,0,0,0
411729,ECG,4057,-115,0,0,0,0,0
411729,ECG,4058,-173,0,0,0,0,0
411729,ECG,4059,-188,0,0,0,0,0
411729,ECG,4060,-158,0,0,0,0,0
411729,ECG,4061,-93,0,0,0,0,0
411729,ECG,4062,-13,0,0,0,0,0
411729,ECG,4063,55,0,0,0,0,0
411729,ECG,4064,82,0,0,0,0,0
411729,ECG,4065,54,0,0,0,0,0
411729,ECG,4066,-12,0,0,0,0,0
411729,ECG,4067,-92,0,0,0,0,0
411729,ECG,4068,-158,0,0,0,0,0
411729,ECG,4069,-184,0,0,0,0,0
411729,ECG,4070,-163,0,0,0,0,0
411729,ECG,4071,-107,0,0,0,0,0
411729,ECG,4072,-31,0,0,0,0,0
411729,ECG,4073,35,0,0,0,0,0
411729,ECG,4074,65,0,0,0,0,0
411729,ECG,4075,43,0,0,0,0,0
411729,ECG,4076,-24,0,0,0,0,0
411729,ECG,4077,-115,0,0,0,0,0
411729,ECG,4078,-193,0,0,0,0,0
411729,ECG,4079,-231,0,0,0,0,0
411729,ECG,4080,-220,0,0,0,0,0
411729,ECG,4081,-166,0,0,0,0,0
411729,ECG,4082,-82,0,0,0,0,0
411734,ECG,4083,0,0,0,0,0,0
411734,ECG,4084,55,0,0,0,0,0
411739,ECG,4085,57,0,0,0,0,0
411739,ECG,4086,5,0,0,0,0,0
411739,ECG,4087,-75,0,0,0,0,0
411744,ECG,4088,-152,0,0,0,0,0
411744,ECG,4089,-199,0,0,0,0,0
411749,ECG,4090,-159,0,0,0,0,0
411749,ECG,4091,-88,0,0,0,0,0
411754,ECG,4092,-12,0,0,0,0,0
411754,ECG,4093,42,0,0,0,0,0
411759,ECG,4094,13,0,0,0,0,0
411759,ECG,4095,-57,0,0,0,0,0
411764,ECG,4096,-130,0,0,0,0,0
411764,ECG,4097,-179,0,0,0,0,0
411764,ECG,4098,-186,0,0,0,0,0
411769,ECG,4099,-153,0,0,0,0,0
411769,ECG,4100,-89,0,0,0,0,0
411774,ECG,4101,-14,0,0,0,0,0
411774,ECG,4102,40,0,0,0,0,0
411774,ECG,4103,55,0,0,0,0,0
411779,ECG,4104,21,0,0,0,0,0
411779,ECG,4105,-51,0,0,0,0,0
411784,ECG,4106,-131,0,0,0,0,0
411784,ECG,4107,-186,0,0,0,0,0
411784,ECG,4108,-201,0,0,0,0,0
411789,ECG,4109,-172,0,0,0,0,0
411789,ECG,4110,-105,0,0,0,0,0
411794,ECG,4111,-27,0,0,0,0,0
411794,ECG,4112,39,0,0,0,0,0
411794,ECG,4113,66,0,0,0,0,0
411799,ECG,4114,38,0,0,0,0,0
411799,ECG,4115,-31,0,0,0,0,0
411799,ECG,4116,-114,0,0,0,0,0
411804,ECG,4117,-180,0,0,0,0,0
411804,ECG,4118,-203,0,0,0,0,0
411809,ECG,4119,-178,0,0,0,0,0
411809,ECG,4120,-117,0,0,0,0,0
411809,ECG,4121,-35,0,0,0,0,0
411814,ECG,4122,37,0,0,0,0,0
411814,ECG,4123,72,0,0,0,0,0
411819,ECG,4124,54,0,0,0,0,0
411819,ECG,4125,-12,0,0,0,0,0
411819,ECG,4126,-97,0,0,0,0,0
411824,ECG,4127,-169,0,0,0,0,0
411824,ECG,4128,-206,0,0,0,0,0
411829,ECG,4129,-194,0,0,0,0,0
411829,ECG,4130,-138,0,0,0,0,0
411829,ECG,4131,-61,0,0,0,0,0
411834,ECG,4132,14,0,0,0,0,0
411834,ECG,4133,60,0,0,0,0,0
411839,ECG,4134,51,0,0,0,0,0
411839,ECG,4135,-7,0,0,0,0,0
411839,ECG,4136,-87,0,0,0,0,0
411844,ECG,4137,-159,0,0,0,0,0
411844,ECG,4138,-196,0,0,0,0,0
411849,ECG,4139,-186,0,0,0,0,0
411849,ECG,4140,-137,0,0,0,0,0
411849,ECG,4141,-62,0,0,0,0,0
411854,ECG,4142,15,0,0,0,0,0
411854,ECG,4143,60,0,0,0,0,0
411854,ECG,4144,57,0,0,0,0,0
411859,ECG,4145,8,0,0,0,0,0
411859,ECG,4146,-73,0,0,0,0,0
411864,ECG,4147,-148,0,0,0,0,0
411864,ECG,4148,-189,0,0,0,0,0
411869,ECG,4149,-144,0,0,0,0,0
411869,ECG,4150,-68,0,0,0,0,0
411874,ECG,4151,9,0,0,0,0,0
411874,ECG,4152,63,0,0,0,0,0
411874,ECG,4153,72,0,0,0,0,0
411879,ECG,4154,28,0,0,0,0,0
411879,ECG,4155,-51,0,0,0,0,0
411884,ECG,4156,-133,0,0,0,0,0
411884,ECG,4157,-184,0,0,0,0,0
411884,ECG,4158,-192,0,0,0,0,0
411889,ECG,4159,-158,0,0,0,0,0
411889,ECG,4160,-87,0,0,0,0,0
411894,ECG,4161,-5,0,0,0,0,0
411894,ECG,4162,54,0,0,0,0,0
411894,ECG,4163,69,0,0,0,0,0
411899,ECG,4164,30,0,0,0,0,0
411899,ECG,4165,-49,0,0,0,0,0
411904,ECG,4166,-134,0,0,0,0,0
411904,ECG,4167,-195,0,0,0,0,0
411904,ECG,4168,-213,0,0,0,0,0
411909,ECG,4169,-182,0,0,0,0,0
411909,ECG,4170,-117,0,0,0,0,0
411909,ECG,4171,-38,0,0,0,0,0
411914,ECG,4172,31,0,0,0,0,0
411914,ECG,4173,58,0,0,0,0,0
411919,ECG,4174,30,0,0,0,0,0
411919,ECG,4175,-36,0,0,0,0,0
411924,ECG,4176,-177,0,0,0,0,0
411924,ECG,4177,-196,0,0,0,0,0
411929,ECG,4178,-173,0,0,0,0,0
411929,ECG,4179,-114,0,0,0,0,0
411929,ECG,4180,-35,0,0,0,0,0
411934,ECG,4181,33,0,0,0,0,0
411934,ECG,4182,64,0,0,0,0,0
411939,ECG,4183,44,0,0,0,0,0
411939,ECG,4184,-21,0,0,0,0,0
411939,ECG,4185,-101,0,0,0,0,0
411944,ECG,4186,-162,0,0,0,0,0
411944,ECG,4187,-189,0,0,0,0,0
411949,ECG,4188,-172,0,0,0,0,0
411949,ECG,4189,-115,0,0,0,0,0
411949,ECG,4190,-41,0,0,0,0,0
411954,ECG,4191,27,0,0,0,0,0
411954,ECG,4192,68,0,0,0,0,0
411959,ECG,4193,53,0,0,0,0,0
411959,ECG,4194,-7,0,0,0,0,0
411959,ECG,4195,-82,0,0,0,0,0
411964,ECG,4196,-149,0,0,0,0,0
411964,ECG,4197,-178,0,0,0,0,0
411964,ECG,4198,-160,0,0,0,0,0
411969,ECG,4199,-110,0,0,0,0,0
411969,ECG,4200,-32,0,0,0,0,0
411974,ECG,4201,41,0,0,0,0,0
411974,ECG,4202,81,0,0,0,0,0
411979,ECG,4203,18,0,0,0,0,0
411979,ECG,4204,-69,0,0,0,0,0
411984,ECG,4205,-150,0,0,0,0,0
411984,ECG,4206,-196,0,0,0,0,0
411984,ECG,4207,-196,0,0,0,0,0
411989,ECG,4208,-155,0,0,0,0,0
411989,ECG,4209,-82,0,0,0,0,0
411994,ECG,4210,-6,0,0,0,0,0
411994,ECG,4211,46,0,0,0,0,0
411994,ECG,4212,51,0,0,0,0,0
411999,ECG,4213,8,0,0,0,0,0
411999,ECG,4214,-63,0,0,0,0,0
412004,ECG,4215,-138,0,0,0,0,0
412004,ECG,4216,-183,0,0,0,0,0
412004,ECG,4217,-181,0,0,0,0,0
412009,ECG,4218,-141,0,0,0,0,0
412009,ECG,4219,-71,0,0,0,0,0
412014,ECG,4220,3,0,0,0,0,0
412014,ECG,4221,54,0,0,0,0,0
412014,ECG,4222,63,0,0,0,0,0
412019,ECG,4223,20,0,0,0,0,0
412019,ECG,4224,-57,0,0,0,0,0
412019,ECG,4225,-136,0,0,0,0,0
412024,ECG,4226,-186,0,0,0,0,0
412024,ECG,4227,-193,0,0,0,0,0
412029,ECG,4228,-154,0,0,0,0,0
412029,ECG,4229,-82,0,0,0,0,0
412029,ECG,4230,-2,0,0,0,0,0
412034,ECG,4231,58,0,0,0,0,0
412034,ECG,4232,76,0,0,0,0,0
412039,ECG,4233,41,0,0,0,0,0
412039,ECG,4234,-33,0,0,0,0,0
412039,ECG,4235,-115,0,0,0,0,0
412044,ECG,4236,-176,0,0,0,0,0
412044,ECG,4237,-192,0,0,0,0,0
412049,ECG,4238,-163,0,0,0,0,0
412049,ECG,4239,-98,0,0,0,0,0
412049,ECG,4240,-19,0,0,0,0,0
412054,ECG,4241,42,0,0,0,0,0
412054,ECG,4242,66,0,0,0,0,0
412059,ECG,4243,37,0,0,0,0,0
412059,ECG,4244,-33,0,0,0,0,0
412059,ECG,4245,-113,0,0,0,0,0
412064,ECG,4246,-174,0,0,0,0,0
412064,ECG,4247,-194,0,0,0,0,0
412069,ECG,4248,-169,0,0,0,0,0
412069,ECG,4249,-108,0,0,0,0,0
412069,ECG,4250,-30,0,0,0,0,0
412074,ECG,4251,36,0,0,0,0,0
412074,ECG,4252,67,0,0,0,0,0
412074,ECG,4253,43,0,0,0,0,0
412079,ECG,4254,-20,0,0,0,0,0
412079,ECG,4255,-100,0,0,0,0,0
412084,ECG,4256,-166,0,0,0,0,0
412084,ECG,4257,-191,0,0,0,0,0
412084,ECG,4258,-173,0,0,0,0,0
412089,ECG,4259,-120,0,0,0,0,0
412089,ECG,4260,-46,0,0,0,0,0
412094,ECG,4261,24,0,0,0,0,0
412094,ECG,4262,63,0,0,0,0,0
412094,ECG,4263,51,0,0,0,0,0
412099,ECG,4264,-7,0,0,0,0,0
412099,ECG,4265,-84,0,0,0,0,0
412104,ECG,4266,-152,0,0,0,0,0
412104,ECG,4267,-184,0,0,0,0,0
412104,ECG,4268,-172,0,0,0,0,0
412109,ECG,4269,-121,0,0,0,0,0
412109,ECG,4270,-46,0,0,0,0,0
412114,ECG,4271,24,0,0,0,0,0
412114,ECG,4272,66,0,0,0,0,0
412114,ECG,4273,59,0,0,0,0,0
412119,ECG,4274,2,0,0,0,0,0
412119,ECG,4275,-78,0,0,0,0,0
412124,ECG,4276,-186,0,0,0,0,0
412124,ECG,4277,-179,0,0,0,0,0
412129,ECG,4278,-132,0,0,0,0,0
412129,ECG,4279,-56,0,0,0,0,0
412129,ECG,4280,17,0,0,0,0,0
412134,ECG,4281,63,0,0,0,0,0
412134,ECG,4282,63,0,0,0,0,0
412139,ECG,4283,13,0,0,0,0,0
412139,ECG,4284,-64,0,0,0,0,0
412139,ECG,4285,-139,0,0,0,0,0
412144,ECG,4286,-185,0,0,0,0,0
412144,ECG,4287,-184,0,0,0,0,0
412149,ECG,4288,-145,0,0,0,0,0
412149,ECG,4289,-75,0,0,0,0,0
412149,ECG,4290,2,0,0,0,0,0
412154,ECG,4291,54,0,0,0,0,0
412154,ECG,4292,59,0,0,0,0,0
412159,ECG,4293,14,0,0,0,0,0
412159,ECG,4294,-61,0,0,0,0,0
412159,ECG,4295,-138,0,0,0,0,0
412164,ECG,4296,-187,0,0,0,0,0
412164,ECG,4297,-193,0,0,0,0,0
412169,ECG,4298,-157,0,0,0,0,0
412169,ECG,4299,-89,0,0,0,0,0
412169,ECG,4300,-14,0,0,0,0,0
412174,ECG,4301,40,0,0,0,0,0
412174,ECG,4302,53,0,0,0,0,0
412179,ECG,4303,-58,0,0,0,0,0
412179,ECG,4304,-134,0,0,0,0,0
412184,ECG,4305,-185,0,0,0,0,0
412184,ECG,4306,-196,0,0,0,0,0
412184,ECG,4307,-165,0,0,0,0,0
412189,ECG,4308,-102,0,0,0,0,0
412189,ECG,4309,-26,0,0,0,0,0
412194,ECG,4310,34,0,0,0,0,0
412194,ECG,4311,56,0,0,0,0,0
412194,ECG,4312,29,0,0,0,0,0
412199,ECG,4313,-38,0,0,0,0,0
412199,ECG,4314,-115,0,0,0,0,0
412204,ECG,4315,-174,0,0,0,0,0
412204,ECG,4316,-196,0,0,0,0,0
412204,ECG,4317,-176,0,0,0,0,0
412209,ECG,4318,-121,0,0,0,0,0
412209,ECG,4319,-47,0,0,0,0,0
412214,ECG,4320,16,0,0,0,0,0
412214,ECG,4321,47,0,0,0,0,0
412214,ECG,4322,28,0,0,0,0,0
412219,ECG,4323,-32,0,0,0,0,0
412219,ECG,4324,-104,0,0,0,0,0
412224,ECG,4325,-164,0,0,0,0,0
412224,ECG,4326,-190,0,0,0,0,0
412224,ECG,4327,-170,0,0,0,0,0
412229,ECG,4328,-118,0,0,0,0,0
412229,ECG,4329,-46,0,0,0,0,0
412229,ECG,4330,23,0,0,0,0,0
412234,ECG,4331,59,0,0,0,0,0
412234,ECG,4332,48,0,0,0,0,0
412239,ECG,4333,-8,0,0,0,0,0
412239,ECG,4334,-83,0,0,0,0,0
412244,ECG,4335,-178,0,0,0,0,0
412244,ECG,4336,-164,0,0,0,0,0
412249,ECG,4337,-115,0,0,0,0,0
412249,ECG,4338,-39,0,0,0,0,0
412249,ECG,4339,31,0,0,0,0,0
412254,ECG,4340,73,0,0,0,0,0
412254,ECG,4341,69,0,0,0,0,0
412259,ECG,4342,15,0,0,0,0,0
412259,ECG,4343,-61,0,0,0,0,0
412259,ECG,4344,-134,0,0,0,0,0
412264,ECG,4345,-175,0,0,0,0,0
412264,ECG,4346,-167,0,0,0,0,0
412269,ECG,4347,-120,0,0,0,0,0
412269,ECG,4348,-45,0,0,0,0,0
412269,ECG,4349,32,0,0,0,0,0
412274,ECG,4350,82,0,0,0,0,0
412274,ECG,4351,82,0,0,0,0,0
412279,ECG,4352,33,0,0,0,0,0
412279,ECG,4353,-48,0,0,0,0,0
412279,ECG,4354,-131,0,0,0,0,0
412284,ECG,4355,-184,0,0,0,0,0
412284,ECG,4356,-192,0,0,0,0,0
412284,ECG,4357,-152,0,0,0,0,0
412289,ECG,4358,-79,0,0,0,0,0
412289,ECG,4359,5,0,0,0,0,0
412294,ECG,4360,65,0,0,0,0,0
412294,ECG,4361,82,0,0,0,0,0
412299,ECG,4362,-30,0,0,0,0,0
412299,ECG,4363,-103,0,0,0,0,0
412304,ECG,4364,-154,0,0,0,0,0
412304,ECG,4365,-165,0,0,0,0,0
412304,ECG,4366,-128,0,0,0,0,0
412309,ECG,4367,-59,0,0,0,0,0
412309,ECG,4368,17,0,0,0,0,0
412314,ECG,4369,76,0,0,0,0,0
412314,ECG,4370,91,0,0,0,0,0
412314,ECG,4371,51,0,0,0,0,0
412319,ECG,4372,-27,0,0,0,0,0
412319,ECG,4373,-110,0,0,0,0,0
412324,ECG,4374,-172,0,0,0,0,0
412324,ECG,4375,-187,0,0,0,0,0
412324,ECG,4376,-156,0,0,0,0,0
412329,ECG,4377,-94,0,0,0,0,0
412329,ECG,4378,-9,0,0,0,0,0
412334,ECG,4379,59,0,0,0,0,0
412334,ECG,4380,83,0,0,0,0,0
412334,ECG,4381,61,0,0,0,0,0
412339,ECG,4382,-5,0,0,0,0,0
412339,ECG,4383,-89,0,0,0,0,0
412339,ECG,4384,-153,0,0,0,0,0
412344,ECG,4385,-178,0,0,0,0,0
412344,ECG,4386,-156,0,0,0,0,0
412349,ECG,4387,-98,0,0,0,0,0
412349,ECG,4388,-23,0,0,0,0,0
412354,ECG,4389,73,0,0,0,0,0
412354,ECG,4390,53,0,0,0,0,0
412359,ECG,4391,-10,0,0,0,0,0
412359,ECG,4392,-90,0,0,0,0,0
412359,ECG,4393,-158,0,0,0,0,0
412364,ECG,4394,-191,0,0,0,0,0
412364,ECG,4395,-179,0,0,0,0,0
412369,ECG,4396,-130,0,0,0,0,0
412369,ECG,4397,-56,0,0,0,0,0
412369,ECG,4398,15,0,0,0,0,0
412374,ECG,4399,57,0,0,0,0,0
412374,ECG,4400,55,0,0,0,0,0
412379,ECG,4401,4,0,0,0,0,0
412379,ECG,4402,-68,0,0,0,0,0
412379,ECG,4403,-133,0,0,0,0,0
412384,ECG,4404,-170,0,0,0,0,0
412384,ECG,4405,-163,0,0,0,0,0
412389,ECG,4406,-114,0,0,0,0,0
412389,ECG,4407,-41,0,0,0,0,0
412389,ECG,4408,32,0,0,0,0,0
412394,ECG,4409,79,0,0,0,0,0
412394,ECG,4410,76,0,0,0,0,0
412394,ECG,4411,25,0,0,0,0,0
412399,ECG,4412,-55,0,0,0,0,0
412399,ECG,4413,-131,0,0,0,0,0
412404,ECG,4414,-178,0,0,0,0,0
412404,ECG,4415,-178,0,0,0,0,0
412404,ECG,4416,-141,0,0,0,0,0
412409,ECG,4417,-73,0,0,0,0,0
412409,ECG,4418,4,0,0,0,0,0
412414,ECG,4419,56,0,0,0,0,0
412414,ECG,4420,63,0,0,0,0,0
412414,ECG,4421,25,0,0,0,0,0
412419,ECG,4422,-46,0,0,0,0,0
412419,ECG,4423,-115,0,0,0,0,0
412424,ECG,4424,-161,0,0,0,0,0
412424,ECG,4425,-165,0,0,0,0,0
412424,ECG,4426,-130,0,0,0,0,0
412429,ECG,4427,-67,0,0,0,0,0
412429,ECG,4428,7,0,0,0,0,0
412434,ECG,4429,63,0,0,0,0,0
412434,ECG,4430,77,0,0,0,0,0
412434,ECG,4431,41,0,0,0,0,0
412439,ECG,4432,-32,0,0,0,0,0
412439,ECG,4433,-110,0,0,0,0,0
412444,ECG,4434,-178,0,0,0,0,0
412444,ECG,4435,-153,0,0,0,0,0
412449,ECG,4436,-91,0,0,0,0,0
412449,ECG,4437,-13,0,0,0,0,0
412454,ECG,4438,76,0,0,0,0,0
412454,ECG,4439,50,0,0,0,0,0
412459,ECG,4440,-19,0,0,0,0,0
412459,ECG,4441,-100,0,0,0,0,0
412459,ECG,4442,-161,0,0,0,0,0
412464,ECG,4443,-183,0,0,0,0,0
412464,ECG,4444,-160,0,0,0,0,0
412469,ECG,4445,-99,0,0,0,0,0
412469,ECG,4446,-20,0,0,0,0,0
412469,ECG,4447,50,0,0,0,0,0
412474,ECG,4448,84,0,0,0,0,0
412474,ECG,4449,64,0,0,0,0,0
412479,ECG,4450,0,0,0,0,0,0
412479,ECG,4451,-81,0,0,0,0,0
412479,ECG,4452,-150,0,0,0,0,0
412484,ECG,4453,-180,0,0,0,0,0
412484,ECG,4454,-166,0,0,0,0,0
412489,ECG,4455,-113,0,0,0,0,0
412489,ECG,4456,-40,0,0,0,0,0
412489,ECG,4457,33,0,0,0,0,0
412494,ECG,4458,74,0,0,0,0,0
412494,ECG,4459,69,0,0,0,0,0
412499,ECG,4460,-55,0,0,0,0,0
412499,ECG,4461,-117,0,0,0,0,0
412504,ECG,4462,-148,0,0,0,0,0
412504,ECG,4463,-137,0,0,0,0,0
412509,ECG,4464,-22,0,0,0,0,0
412509,ECG,4465,47,0,0,0,0,0
412514,ECG,4466,87,0,0,0,0,0
412514,ECG,4467,80,0,0,0,0,0
412514,ECG,4468,27,0,0,0,0,0
412519,ECG,4469,-54,0,0,0,0,0
412519,ECG,4470,-129,0,0,0,0,0
412524,ECG,4471,-173,0,0,0,0,0
412524,ECG,4472,-172,0,0,0,0,0
412524,ECG,4473,-128,0,0,0,0,0
412529,ECG,4474,-55,0,0,0,0,0
412529,ECG,4475,21,0,0,0,0,0
412534,ECG,4476,72,0,0,0,0,0
412534,ECG,4477,80,0,0,0,0,0
412534,ECG,4478,32,0,0,0,0,0
412539,ECG,4479,-48,0,0,0,0,0
412539,ECG,4480,-126,0,0,0,0,0
412544,ECG,4481,-173,0,0,0,0,0
412544,ECG,4482,-176,0,0,0,0,0
412544,ECG,4483,-133,0,0,0,0,0
412549,ECG,4484,-59,0,0,0,0,0
412549,ECG,4485,23,0,0,0,0,0
412554,ECG,4486,94,0,0,0,0,0
412554,ECG,4487,54,0,0,0,0,0
412559,ECG,4488,-23,0,0,0,0,0
412559,ECG,4489,-105,0,0,0,0,0
412564,ECG,4490,-171,0,0,0,0,0
412564,ECG,4491,-137,0,0,0,0,0
412570,ECG,4492,9,0,0,0,0,0
412570,ECG,4493,67,0,0,0,0,0
412575,ECG,4494,86,0,0,0,0,0
412575,ECG,4495,53,0,0,0,0,0
412575,ECG,4496,-17,0,0,0,0,0
412580,ECG,4497,-96,0,0,0,0,0
412580,ECG,4498,-153,0,0,0,0,0
412585,ECG,4499,-170,0,0,0,0,0
412585,ECG,4500,-140,0,0,0,0,0
412585,ECG,4501,-76,0,0,0,0,0
412590,ECG,4502,1,0,0,0,0,0
412590,ECG,4503,60,0,0,0,0,0
412595,ECG,4504,81,0,0,0,0,0
412595,ECG,4505,49,0,0,0,0,0
412595,ECG,4506,-20,0,0,0,0,0
412600,ECG,4507,-100,0,0,0,0,0
412600,ECG,4508,-163,0,0,0,0,0
412605,ECG,4509,-186,0,0,0,0,0
412605,ECG,4510,-164,0,0,0,0,0
412605,ECG,4511,-105,0,0,0,0,0
412610,ECG,4512,-27,0,0,0,0,0
412610,ECG,4513,43,0,0,0,0,0
412610,ECG,4514,74,0,0,0,0,0
412615,ECG,4515,53,0,0,0,0,0
412615,ECG,4516,-11,0,0,0,0,0
412620,ECG,4517,-94,0,0,0,0,0
412620,ECG,4518,-167,0,0,0,0,0
412620,ECG,4519,-203,0,0,0,0,0
412625,ECG,4520,-195,0,0,0,0,0
412625,ECG,4521,-147,0,0,0,0,0
412630,ECG,4522,-74,0,0,0,0,0
412630,ECG,4523,-3,0,0,0,0,0
412630,ECG,4524,41,0,0,0,0,0
412635,ECG,4525,37,0,0,0,0,0
412635,ECG,4526,-16,0,0,0,0,0
412640,ECG,4527,-92,0,0,0,0,0
412640,ECG,4528,-159,0,0,0,0,0
412640,ECG,4529,-192,0,0,0,0,0
412645,ECG,4530,-183,0,0,0,0,0
412645,ECG,4531,-134,0,0,0,0,0
412650,ECG,4532,-59,0,0,0,0,0
412650,ECG,4533,13,0,0,0,0,0
412650,ECG,4534,57,0,0,0,0,0
412655,ECG,4535,53,0,0,0,0,0
412655,ECG,4536,-2,0,0,0,0,0
412660,ECG,4537,-163,0,0,0,0,0
412660,ECG,4538,-209,0,0,0,0,0
412665,ECG,4539,-206,0,0,0,0,0
412665,ECG,4540,-156,0,0,0,0,0
412670,ECG,4541,5,0,0,0,0,0
412670,ECG,4542,65,0,0,0,0,0
412675,ECG,4543,74,0,0,0,0,0
412675,ECG,4544,30,0,0,0,0,0
412675,ECG,4545,-46,0,0,0,0,0
412680,ECG,4546,-130,0,0,0,0,0
412680,ECG,4547,-183,0,0,0,0,0
412685,ECG,4548,-192,0,0,0,0,0
412685,ECG,4549,-159,0,0,0,0,0
412685,ECG,4550,-92,0,0,0,0,0
412690,ECG,4551,-11,0,0,0,0,0
412690,ECG,4552,46,0,0,0,0,0
412695,ECG,4553,62,0,0,0,0,0
412695,ECG,4554,25,0,0,0,0,0
412695,ECG,4555,-49,0,0,0,0,0
412700,ECG,4556,-129,0,0,0,0,0
412700,ECG,4557,-184,0,0,0,0,0
412705,ECG,4558,-195,0,0,0,0,0
412705,ECG,4559,-160,0,0,0,0,0
412705,ECG,4560,-91,0,0,0,0,0
412756,ECG,4561,-10,0,0,0,0,0
412756,ECG,4562,54,0,0,0,0,0
412756,ECG,4563,77,0,0,0,0,0
412756,ECG,4564,47,0,0,0,0,0
412756,ECG,4565,-23,0,0,0,0,0
412756,ECG,4566,-105,0,0,0,0,0
412756,ECG,4567,-165,0,0,0,0,0
412756,ECG,4568,-183,0,0,0,0,0
412756,ECG,4569,-157,0,0,0,0,0
412756,ECG,4570,-92,0,0,0,0,0
412756,ECG,4571,-12,0,0,0,0,0
412756,ECG,4572,52,0,0,0,0,0
412756,ECG,4573,79,0,0,0,0,0
412756,ECG,4574,52,0,0,0,0,0
412756,ECG,4575,-20,0,0,0,0,0
412756,ECG,4576,-103,0,0,0,0,0
412756,ECG,4577,-173,0,0,0,0,0
412756,ECG,4578,-205,0,0,0,0,0
412756,ECG,4579,-192,0,0,0,0,0
412756,ECG,4580,-142,0,0,0,0,0
412756,ECG,4581,-72,0,0,0,0,0
412756,ECG,4582,-5,0,0,0,0,0
412756,ECG,4583,31,0,0,0,0,0
412756,ECG,4584,16,0,0,0,0,0
412756,ECG,4585,-42,0,0,0,0,0
412756,ECG,4586,-117,0,0,0,0,0
412761,ECG,4587,-183,0,0,0,0,0
412761,ECG,4588,-215,0,0,0,0,0
412766,ECG,4589,-152,0,0,0,0,0
412766,ECG,4590,-77,0,0,0,0,0
412771,ECG,4591,-4,0,0,0,0,0
412771,ECG,4592,47,0,0,0,0,0
412771,ECG,4593,47,0,0,0,0,0
412776,ECG,4594,-3,0,0,0,0,0
412776,ECG,4595,-83,0,0,0,0,0
412781,ECG,4596,-165,0,0,0,0,0
412781,ECG,4597,-217,0,0,0,0,0
412781,ECG,4598,-223,0,0,0,0,0
412786,ECG,4599,-182,0,0,0,0,0
412786,ECG,4600,-104,0,0,0,0,0
412791,ECG,4601,-18,0,0,0,0,0
412791,ECG,4602,48,0,0,0,0,0
412791,ECG,4603,71,0,0,0,0,0
412796,ECG,4604,41,0,0,0,0,0
412796,ECG,4605,-32,0,0,0,0,0
412801,ECG,4606,-115,0,0,0,0,0
412801,ECG,4607,-178,0,0,0,0,0
412801,ECG,4608,-201,0,0,0,0,0
412806,ECG,4609,-176,0,0,0,0,0
412806,ECG,4610,-116,0,0,0,0,0
412806,ECG,4611,-42,0,0,0,0,0
412811,ECG,4612,20,0,0,0,0,0
412811,ECG,4613,42,0,0,0,0,0
412816,ECG,4614,10,0,0,0,0,0
412816,ECG,4615,-56,0,0,0,0,0
412821,ECG,4616,-194,0,0,0,0,0
412821,ECG,4617,-213,0,0,0,0,0
412826,ECG,4618,-189,0,0,0,0,0
412826,ECG,4619,-130,0,0,0,0,0
412826,ECG,4620,-51,0,0,0,0,0
412831,ECG,4621,16,0,0,0,0,0
412831,ECG,4622,46,0,0,0,0,0
412836,ECG,4623,29,0,0,0,0,0
412836,ECG,4624,-32,0,0,0,0,0
412836,ECG,4625,-111,0,0,0,0,0
412841,ECG,4626,-173,0,0,0,0,0
412841,ECG,4627,-199,0,0,0,0,0
412846,ECG,4628,-184,0,0,0,0,0
412846,ECG,4629,-132,0,0,0,0,0
412846,ECG,4630,-59,0,0,0,0,0
412851,ECG,4631,7,0,0,0,0,0
412851,ECG,4632,43,0,0,0,0,0
412856,ECG,4633,29,0,0,0,0,0
412856,ECG,4634,-31,0,0,0,0,0
412856,ECG,4635,-107,0,0,0,0,0
412861,ECG,4636,-172,0,0,0,0,0
412861,ECG,4637,-200,0,0,0,0,0
412861,ECG,4638,-183,0,0,0,0,0
412866,ECG,4639,-128,0,0,0,0,0
412866,ECG,4640,-50,0,0,0,0,0
412871,ECG,4641,23,0,0,0,0,0
412871,ECG,4642,64,0,0,0,0,0
412876,ECG,4643,-1,0,0,0,0,0
412876,ECG,4644,-85,0,0,0,0,0
412881,ECG,4645,-162,0,0,0,0,0
412881,ECG,4646,-205,0,0,0,0,0
412881,ECG,4647,-201,0,0,0,0,0
412886,ECG,4648,-156,0,0,0,0,0
412886,ECG,4649,-84,0,0,0,0,0
412891,ECG,4650,-8,0,0,0,0,0
412891,ECG,4651,44,0,0,0,0,0
412891,ECG,4652,45,0,0,0,0,0
412896,ECG,4653,-2,0,0,0,0,0
412896,ECG,4654,-77,0,0,0,0,0
412901,ECG,4655,-154,0,0,0,0,0
412901,ECG,4656,-202,0,0,0,0,0
412901,ECG,4657,-203,0,0,0,0,0
412906,ECG,4658,-162,0,0,0,0,0
412906,ECG,4659,-92,0,0,0,0,0
412911,ECG,4660,-17,0,0,0,0,0
412911,ECG,4661,35,0,0,0,0,0
412911,ECG,4662,44,0,0,0,0,0
412916,ECG,4663,0,0,0,0,0,0
412916,ECG,4664,-77,0,0,0,0,0
412916,ECG,4665,-157,0,0,0,0,0
412921,ECG,4666,-209,0,0,0,0,0
412921,ECG,4667,-216,0,0,0,0,0
412926,ECG,4668,-179,0,0,0,0,0
412926,ECG,4669,-108,0,0,0,0,0
412931,ECG,4670,30,0,0,0,0,0
412931,ECG,4671,44,0,0,0,0,0
412936,ECG,4672,5,0,0,0,0,0
412936,ECG,4673,-72,0,0,0,0,0
412936,ECG,4674,-155,0,0,0,0,0
412941,ECG,4675,-214,0,0,0,0,0
412941,ECG,4676,-229,0,0,0,0,0
412946,ECG,4677,-197,0,0,0,0,0
412946,ECG,4678,-126,0,0,0,0,0
412946,ECG,4679,-41,0,0,0,0,0
412951,ECG,4680,25,0,0,0,0,0
412951,ECG,4681,52,0,0,0,0,0
412956,ECG,4682,23,0,0,0,0,0
412956,ECG,4683,-47,0,0,0,0,0
412956,ECG,4684,-129,0,0,0,0,0
412961,ECG,4685,-192,0,0,0,0,0
412961,ECG,4686,-214,0,0,0,0,0
412966,ECG,4687,-188,0,0,0,0,0
412966,ECG,4688,-128,0,0,0,0,0
412966,ECG,4689,-52,0,0,0,0,0
412971,ECG,4690,12,0,0,0,0,0
412971,ECG,4691,37,0,0,0,0,0
412971,ECG,4692,7,0,0,0,0,0
412976,ECG,4693,-61,0,0,0,0,0
412976,ECG,4694,-138,0,0,0,0,0
412981,ECG,4695,-200,0,0,0,0,0
412981,ECG,4696,-222,0,0,0,0,0
412981,ECG,4697,-199,0,0,0,0,0
412986,ECG,4698,-139,0,0,0,0,0
412986,ECG,4699,-62,0,0,0,0,0
412991,ECG,4700,2,0,0,0,0,0
412991,ECG,4701,31,0,0,0,0,0
412991,ECG,4702,14,0,0,0,0,0
412996,ECG,4703,-48,0,0,0,0,0
412996,ECG,4704,-129,0,0,0,0,0
413001,ECG,4705,-197,0,0,0,0,0
413001,ECG,4706,-227,0,0,0,0,0
413001,ECG,4707,-215,0,0,0,0,0
413006,ECG,4708,-166,0,0,0,0,0
413006,ECG,4709,-91,0,0,0,0,0
413011,ECG,4710,-18,0,0,0,0,0
413011,ECG,4711,23,0,0,0,0,0
413011,ECG,4712,15,0,0,0,0,0
413016,ECG,4713,-40,0,0,0,0,0
413016,ECG,4714,-119,0,0,0,0,0
413021,ECG,4715,-230,0,0,0,0,0
413021,ECG,4716,-223,0,0,0,0,0
413026,ECG,4717,-174,0,0,0,0,0
413026,ECG,4718,-96,0,0,0,0,0
413026,ECG,4719,-20,0,0,0,0,0
413031,ECG,4720,30,0,0,0,0,0
413031,ECG,4721,35,0,0,0,0,0
413036,ECG,4722,-14,0,0,0,0,0
413036,ECG,4723,-90,0,0,0,0,0
413036,ECG,4724,-161,0,0,0,0,0
413041,ECG,4725,-204,0,0,0,0,0
413041,ECG,4726,-205,0,0,0,0,0
413046,ECG,4727,-163,0,0,0,0,0
413046,ECG,4728,-95,0,0,0,0,0
413046,ECG,4729,-23,0,0,0,0,0
413051,ECG,4730,27,0,0,0,0,0
413051,ECG,4731,32,0,0,0,0,0
413056,ECG,4732,-13,0,0,0,0,0
413056,ECG,4733,-87,0,0,0,0,0
413056,ECG,4734,-162,0,0,0,0,0
413061,ECG,4735,-209,0,0,0,0,0
413061,ECG,4736,-211,0,0,0,0,0
413066,ECG,4737,-172,0,0,0,0,0
413066,ECG,4738,-103,0,0,0,0,0
413066,ECG,4739,-23,0,0,0,0,0
413071,ECG,4740,35,0,0,0,0,0
413071,ECG,4741,49,0,0,0,0,0
413076,ECG,4742,-65,0,0,0,0,0
413076,ECG,4743,-144,0,0,0,0,0
413081,ECG,4744,-200,0,0,0,0,0
413081,ECG,4745,-210,0,0,0,0,0
413081,ECG,4746,-174,0,0,0,0,0
413086,ECG,4747,-105,0,0,0,0,0
413086,ECG,4748,-20,0,0,0,0,0
413091,ECG,4749,44,0,0,0,0,0
413091,ECG,4750,67,0,0,0,0,0
413091,ECG,4751,35,0,0,0,0,0
413096,ECG,4752,-42,0,0,0,0,0
413096,ECG,4753,-133,0,0,0,0,0
413101,ECG,4754,-205,0,0,0,0,0
413101,ECG,4755,-232,0,0,0,0,0
413101,ECG,4756,-209,0,0,0,0,0
413106,ECG,4757,-145,0,0,0,0,0
413106,ECG,4758,-59,0,0,0,0,0
413111,ECG,4759,17,0,0,0,0,0
413111,ECG,4760,59,0,0,0,0,0
413111,ECG,4761,45,0,0,0,0,0
413116,ECG,4762,-19,0,0,0,0,0
413116,ECG,4763,-101,0,0,0,0,0
413121,ECG,4764,-171,0,0,0,0,0
413121,ECG,4765,-203,0,0,0,0,0
413121,ECG,4766,-190,0,0,0,0,0
413126,ECG,4767,-139,0,0,0,0,0
413126,ECG,4768,-63,0,0,0,0,0
413131,ECG,4769,46,0,0,0,0,0
413131,ECG,4770,32,0,0,0,0,0
413136,ECG,4771,-26,0,0,0,0,0
413136,ECG,4772,-107,0,0,0,0,0
413141,ECG,4773,-214,0,0,0,0,0
413141,ECG,4774,-204,0,0,0,0,0
413146,ECG,4775,-154,0,0,0,0,0
413146,ECG,4776,-77,0,0,0,0,0
413146,ECG,4777,-2,0,0,0,0,0
413151,ECG,4778,44,0,0,0,0,0
413151,ECG,4779,41,0,0,0,0,0
413156,ECG,4780,-12,0,0,0,0,0
413156,ECG,4781,-91,0,0,0,0,0
413156,ECG,4782,-166,0,0,0,0,0
413161,ECG,4783,-208,0,0,0,0,0
413161,ECG,4784,-201,0,0,0,0,0
413166,ECG,4785,-156,0,0,0,0,0
413166,ECG,4786,-81,0,0,0,0,0
413166,ECG,4787,-3,0,0,0,0,0
413171,ECG,4788,46,0,0,0,0,0
413171,ECG,4789,48,0,0,0,0,0
413176,ECG,4790,-3,0,0,0,0,0
413176,ECG,4791,-84,0,0,0,0,0
413176,ECG,4792,-162,0,0,0,0,0
413181,ECG,4793,-211,0,0,0,0,0
413181,ECG,4794,-219,0,0,0,0,0
413181,ECG,4795,-182,0,0,0,0,0
413186,ECG,4796,-113,0,0,0,0,0
413186,ECG,4797,-40,0,0,0,0,0
413191,ECG,4798,14,0,0,0,0,0
413191,ECG,4799,29,0,0,0,0,0
413196,ECG,4800,-75,0,0,0,0,0
413196,ECG,4801,-142,0,0,0,0,0
413201,ECG,4802,-187,0,0,0,0,0
413201,ECG,4803,-190,0,0,0,0,0
413201,ECG,4804,-150,0,0,0,0,0
413206,ECG,4805,-83,0,0,0,0,0
413206,ECG,4806,-8,0,0,0,0,0
413211,ECG,4807,51,0,0,0,0,0
413211,ECG,4808,66,0,0,0,0,0
413211,ECG,4809,29,0,0,0,0,0
413216,ECG,4810,-45,0,0,0,0,0
413216,ECG,4811,-130,0,0,0,0,0
413221,ECG,4812,-192,0,0,0,0,0
413221,ECG,4813,-213,0,0,0,0,0
413221,ECG,4814,-189,0,0,0,0,0
413226,ECG,4815,-130,0,0,0,0,0
413226,ECG,4816,-51,0,0,0,0,0
413231,ECG,4817,15,0,0,0,0,0
413231,ECG,4818,46,0,0,0,0,0
413231,ECG,4819,25,0,0,0,0,0
413236,ECG,4820,-39,0,0,0,0,0
413236,ECG,4821,-115,0,0,0,0,0
413236,ECG,4822,-175,0,0,0,0,0
413241,ECG,4823,-196,0,0,0,0,0
413241,ECG,4824,-170,0,0,0,0,0
413246,ECG,4825,-110,0,0,0,0,0
413246,ECG,4826,-34,0,0,0,0,0
413246,ECG,4827,35,0,0,0,0,0
413251,ECG,4828,64,0,0,0,0,0
413251,ECG,4829,42,0,0,0,0,0
413256,ECG,4830,-26,0,0,0,0,0
413256,ECG,4831,-114,0,0,0,0,0
413256,ECG,4832,-186,0,0,0,0,0
413261,ECG,4833,-219,0,0,0,0,0
413261,ECG,4834,-208,0,0,0,0,0
413266,ECG,4835,-154,0,0,0,0,0
413266,ECG,4836,-76,0,0,0,0,0
413266,ECG,4837,-5,0,0,0,0,0
413271,ECG,4838,38,0,0,0,0,0
413271,ECG,4839,34,0,0,0,0,0
413276,ECG,4840,-21,0,0,0,0,0
413276,ECG,4841,-98,0,0,0,0,0
413276,ECG,4842,-164,0,0,0,0,0
413281,ECG,4843,-198,0,0,0,0,0
413281,ECG,4844,-187,0,0,0,0,0
413286,ECG,4845,-68,0,0,0,0,0
413286,ECG,4846,4,0,0,0,0,0
413291,ECG,4847,49,0,0,0,0,0
413291,ECG,4848,44,0,0,0,0,0
413291,ECG,4849,-9,0,0,0,0,0
413296,ECG,4850,-85,0,0,0,0,0
413296,ECG,4851,-157,0,0,0,0,0
413301,ECG,4852,-197,0,0,0,0,0
413301,ECG,4853,-191,0,0,0,0,0
413301,ECG,4854,-143,0,0,0,0,0
413306,ECG,4855,-69,0,0,0,0,0
413306,ECG,4856,6,0,0,0,0,0
413311,ECG,4857,57,0,0,0,0,0
413311,ECG,4858,61,0,0,0,0,0
413311,ECG,4859,12,0,0,0,0,0
413316,ECG,4860,-71,0,0,0,0,0
413316,ECG,4861,-150,0,0,0,0,0
413321,ECG,4862,-198,0,0,0,0,0
413321,ECG,4863,-202,0,0,0,0,0
413321,ECG,4864,-158,0,0,0,0,0
413326,ECG,4865,-83,0,0,0,0,0
413326,ECG,4866,1,0,0,0,0,0
413331,ECG,4867,62,0,0,0,0,0
413331,ECG,4868,78,0,0,0,0,0
413331,ECG,4869,41,0,0,0,0,0
413336,ECG,4870,-35,0,0,0,0,0
413336,ECG,4871,-119,0,0,0,0,0
413341,ECG,4872,-194,0,0,0,0,0
413341,ECG,4873,-165,0,0,0,0,0
413346,ECG,4874,-104,0,0,0,0,0
413346,ECG,4875,-24,0,0,0,0,0
413351,ECG,4876,66,0,0,0,0,0
413351,ECG,4877,42,0,0,0,0,0
413356,ECG,4878,-22,0,0,0,0,0
413356,ECG,4879,-97,0,0,0,0,0
413356,ECG,4880,-155,0,0,0,0,0
413361,ECG,4881,-175,0,0,0,0,0
413361,ECG,4882,-149,0,0,0,0,0
413366,ECG,4883,-89,0,0,0,0,0
413366,ECG,4884,-12,0,0,0,0,0
413366,ECG,4885,55,0,0,0,0,0
413371,ECG,4886,83,0,0,0,0,0
413371,ECG,4887,61,0,0,0,0,0
413376,ECG,4888,-5,0,0,0,0,0
413376,ECG,4889,-86,0,0,0,0,0
413376,ECG,4890,-149,0,0,0,0,0
413381,ECG,4891,-177,0,0,0,0,0
413381,ECG,4892,-160,0,0,0,0,0
413386,ECG,4893,-104,0,0,0,0,0
413386,ECG,4894,-27,0,0,0,0,0
413386,ECG,4895,39,0,0,0,0,0
413391,ECG,4896,74,0,0,0,0,0
413391,ECG,4897,58,0,0,0,0,0
413396,ECG,4898,-86,0,0,0,0,0
413396,ECG,4899,-156,0,0,0,0,0
413401,ECG,4900,-189,0,0,0,0,0
413401,ECG,4901,-175,0,0,0,0,0
413406,ECG,4902,-49,0,0,0,0,0
413406,ECG,4903,23,0,0,0,0,0
413411,ECG,4904,63,0,0,0,0,0
413411,ECG,4905,53,0,0,0,0,0
413411,ECG,4906,-4,0,0,0,0,0
413416,ECG,4907,-86,0,0,0,0,0
413416,ECG,4908,-162,0,0,0,0,0
413421,ECG,4909,-203,0,0,0,0,0
413421,ECG,4910,-199,0,0,0,0,0
413421,ECG,4911,-152,0,0,0,0,0
413426,ECG,4912,-78,0,0,0,0,0
413426,ECG,4913,-1,0,0,0,0,0
413431,ECG,4914,50,0,0,0,0,0
413431,ECG,4915,54,0,0,0,0,0
413431,ECG,4916,8,0,0,0,0,0
413436,ECG,4917,-69,0,0,0,0,0
413436,ECG,4918,-145,0,0,0,0,0
413441,ECG,4919,-191,0,0,0,0,0
413441,ECG,4920,-195,0,0,0,0,0
413441,ECG,4921,-155,0,0,0,0,0
413446,ECG,4922,-87,0,0,0,0,0
413446,ECG,4923,-8,0,0,0,0,0
413451,ECG,4924,58,0,0,0,0,0
413451,ECG,4925,19,0,0,0,0,0
413456,ECG,4926,-54,0,0,0,0,0
413456,ECG,4927,-130,0,0,0,0,0
413461,ECG,4928,-191,0,0,0,0,0
413461,ECG,4929,-158,0,0,0,0,0
413466,ECG,4930,-95,0,0,0,0,0
413466,ECG,4931,-24,0,0,0,0,0
413466,ECG,4932,28,0,0,0,0,0
413471,ECG,4933,40,0,0,0,0,0
413471,ECG,4934,3,0,0,0,0,0
413476,ECG,4935,-72,0,0,0,0,0
413476,ECG,4936,-149,0,0,0,0,0
413476,ECG,4937,-202,0,0,0,0,0
413481,ECG,4938,-211,0,0,0,0,0
413481,ECG,4939,-174,0,0,0,0,0
413486,ECG,4940,-106,0,0,0,0,0
413486,ECG,4941,-25,0,0,0,0,0
413486,ECG,4942,42,0,0,0,0,0
413491,ECG,4943,68,0,0,0,0,0
413491,ECG,4944,42,0,0,0,0,0
413496,ECG,4945,-26,0,0,0,0,0
413496,ECG,4946,-107,0,0,0,0,0
413496,ECG,4947,-171,0,0,0,0,0
413501,ECG,4948,-194,0,0,0,0,0
413501,ECG,4949,-173,0,0,0,0,0
413506,ECG,4950,-36,0,0,0,0,0
413506,ECG,4951,31,0,0,0,0,0
413511,ECG,4952,62,0,0,0,0,0
413511,ECG,4953,43,0,0,0,0,0
413516,ECG,4954,-98,0,0,0,0,0
413516,ECG,4955,-160,0,0,0,0,0
413521,ECG,4956,-185,0,0,0,0,0
413521,ECG,4957,-164,0,0,0,0,0
413521,ECG,4958,-107,0,0,0,0,0
413526,ECG,4959,-28,0,0,0,0,0
413526,ECG,4960,43,0,0,0,0,0
413531,ECG,4961,78,0,0,0,0,0
413531,ECG,4962,63,0,0,0,0,0
413531,ECG,4963,-1,0,0,0,0,0
413536,ECG,4964,-85,0,0,0,0,0
413536,ECG,4965,-156,0,0,0,0,0
413541,ECG,4966,-194,0,0,0,0,0
413541,ECG,4967,-186,0,0,0,0,0
413541,ECG,4968,-137,0,0,0,0,0
413546,ECG,4969,-65,0,0,0,0,0
413546,ECG,4970,6,0,0,0,0,0
413551,ECG,4971,48,0,0,0,0,0
413551,ECG,4972,-8,0,0,0,0,0
413556,ECG,4973,-88,0,0,0,0,0
413556,ECG,4974,-162,0,0,0,0,0
413556,ECG,4975,-204,0,0,0,0,0
413561,ECG,4976,-199,0,0,0,0,0
413561,ECG,4977,-152,0,0,0,0,0
413566,ECG,4978,-75,0,0,0,0,0
413566,ECG,4979,7,0,0,0,0,0
413566,ECG,4980,63,0,0,0,0,0
413571,ECG,4981,69,0,0,0,0,0
413571,ECG,4982,25,0,0,0,0,0
413576,ECG,4983,-55,0,0,0,0,0
413576,ECG,4984,-140,0,0,0,0,0
413576,ECG,4985,-193,0,0,0,0,0
413581,ECG,4986,-202,0,0,0,0,0
413581,ECG,4987,-167,0,0,0,0,0
413586,ECG,4988,-98,0,0,0,0,0
413586,ECG,4989,-15,0,0,0,0,0
413586,ECG,4990,47,0,0,0,0,0
413591,ECG,4991,67,0,0,0,0,0
413591,ECG,4992,33,0,0,0,0,0
413596,ECG,4993,-40,0,0,0,0,0
413596,ECG,4994,-120,0,0,0,0,0
413596,ECG,4995,-177,0,0,0,0,0
413601,ECG,4996,-195,0,0,0,0,0
413601,ECG,4997,-166,0,0,0,0,0
413606,ECG,4998,-26,0,0,0,0,0
413606,ECG,4999,37,0,0,0,0,0
413611,ECG,5000,58,0,0,0,0,0
413611,ECG,5001,29,0,0,0,0,0
413611,ECG,5002,-40,0,0,0,0,0
413616,ECG,5003,-119,0,0,0,0,0
413616,ECG,5004,-174,0,0,0,0,0
413621,ECG,5005,-187,0,0,0,0,0
413621,ECG,5006,-157,0,0,0,0,0
413621,ECG,5007,-92,0,0,0,0,0
413626,ECG,5008,-12,0,0,0,0,0
413626,ECG,5009,53,0,0,0,0,0
413631,ECG,5010,81,0,0,0,0,0
413631,ECG,5011,55,0,0,0,0,0
413631,ECG,5012,-14,0,0,0,0,0
413636,ECG,5013,-94,0,0,0,0,0
413636,ECG,5014,-155,0,0,0,0,0
413641,ECG,5015,-175,0,0,0,0,0
413641,ECG,5016,-148,0,0,0,0,0
413641,ECG,5017,-87,0,0,0,0,0
413646,ECG,5018,-5,0,0,0,0,0
413646,ECG,5019,66,0,0,0,0,0
413651,ECG,5020,101,0,0,0,0,0
413651,ECG,5021,82,0,0,0,0,0
413651,ECG,5022,18,0,0,0,0,0
413656,ECG,5023,-67,0,0,0,0,0
413656,ECG,5024,-141,0,0,0,0,0
413661,ECG,5025,-163,0,0,0,0,0
413661,ECG,5026,-108,0,0,0,0,0
413666,ECG,5027,-30,0,0,0,0,0
413666,ECG,5028,41,0,0,0,0,0
413666,ECG,5029,84,0,0,0,0,0
413671,ECG,5030,77,0,0,0,0,0
413671,ECG,5031,23,0,0,0,0,0
413676,ECG,5032,-55,0,0,0,0,0
413676,ECG,5033,-126,0,0,0,0,0
413676,ECG,5034,-164,0,0,0,0,0
413681,ECG,5035,-157,0,0,0,0,0
413681,ECG,5036,-109,0,0,0,0,0
413686,ECG,5037,-34,0,0,0,0,0
413686,ECG,5038,42,0,0,0,0,0
413686,ECG,5039,89,0,0,0,0,0
413691,ECG,5040,87,0,0,0,0,0
413691,ECG,5041,37,0,0,0,0,0
413696,ECG,5042,-42,0,0,0,0,0
413696,ECG,5043,-119,0,0,0,0,0
413696,ECG,5044,-164,0,0,0,0,0
413701,ECG,5045,-166,0,0,0,0,0
413701,ECG,5046,-125,0,0,0,0,0
413706,ECG,5047,-55,0,0,0,0,0
413706,ECG,5048,20,0,0,0,0,0
413706,ECG,5049,70,0,0,0,0,0
413711,ECG,5050,73,0,0,0,0,0
413711,ECG,5051,22,0,0,0,0,0
413716,ECG,5052,-139,0,0,0,0,0
413716,ECG,5053,-190,0,0,0,0,0
413721,ECG,5054,-194,0,0,0,0,0
413721,ECG,5055,-154,0,0,0,0,0
413726,ECG,5056,1,0,0,0,0,0
413726,ECG,5057,65,0,0,0,0,0
413731,ECG,5058,81,0,0,0,0,0
413731,ECG,5059,46,0,0,0,0,0
413731,ECG,5060,-23,0,0,0,0,0
413736,ECG,5061,-104,0,0,0,0,0
413736,ECG,5062,-162,0,0,0,0,0
413741,ECG,5063,-178,0,0,0,0,0
413741,ECG,5064,-152,0,0,0,0,0
413741,ECG,5065,-93,0,0,0,0,0
413746,ECG,5066,-20,0,0,0,0,0
413746,ECG,5067,38,0,0,0,0,0
413751,ECG,5068,59,0,0,0,0,0
413751,ECG,5069,29,0,0,0,0,0
413751,ECG,5070,-39,0,0,0,0,0
413756,ECG,5071,-118,0,0,0,0,0
413756,ECG,5072,-176,0,0,0,0,0
413807,ECG,5073,-194,0,0,0,0,0
413807,ECG,5074,-169,0,0,0,0,0
413807,ECG,5075,-109,0,0,0,0,0
413807,ECG,5076,-30,0,0,0,0,0
413807,ECG,5077,37,0,0,0,0,0
413807,ECG,5078,68,0,0,0,0,0
413807,ECG,5079,46,0,0,0,0,0
413807,ECG,5080,-16,0,0,0,0,0
413807,ECG,5081,-96,0,0,0,0,0
413807,ECG,5082,-158,0,0,0,0,0
413807,ECG,5083,-184,0,0,0,0,0
413807,ECG,5084,-165,0,0,0,0,0
413807,ECG,5085,-106,0,0,0,0,0
413807,ECG,5086,-29,0,0,0,0,0
413807,ECG,5087,42,0,0,0,0,0
413807,ECG,5088,82,0,0,0,0,0
413807,ECG,5089,68,0,0,0,0,0
413807,ECG,5090,1,0,0,0,0,0
413807,ECG,5091,-86,0,0,0,0,0
413807,ECG,5092,-163,0,0,0,0,0
413807,ECG,5093,-206,0,0,0,0,0
413807,ECG,5094,-204,0,0,0,0,0
413807,ECG,5095,-157,0,0,0,0,0
413807,ECG,5096,-84,0,0,0,0,0
413807,ECG,5097,-7,0,0,0,0,0
413807,ECG,5098,44,0,0,0,0,0
413807,ECG,5099,49,0,0,0,0,0
413812,ECG,5100,6,0,0,0,0,0
413812,ECG,5101,-67,0,0,0,0,0
413817,ECG,5102,-139,0,0,0,0,0
413817,ECG,5103,-182,0,0,0,0,0
413822,ECG,5104,-145,0,0,0,0,0
413822,ECG,5105,-81,0,0,0,0,0
413827,ECG,5106,-11,0,0,0,0,0
413827,ECG,5107,42,0,0,0,0,0
413827,ECG,5108,52,0,0,0,0,0
413832,ECG,5109,10,0,0,0,0,0
413832,ECG,5110,-62,0,0,0,0,0
413837,ECG,5111,-135,0,0,0,0,0
413837,ECG,5112,-182,0,0,0,0,0
413837,ECG,5113,-185,0,0,0,0,0
413842,ECG,5114,-145,0,0,0,0,0
413842,ECG,5115,-73,0,0,0,0,0
413847,ECG,5116,10,0,0,0,0,0
413847,ECG,5117,75,0,0,0,0,0
413847,ECG,5118,96,0,0,0,0,0
413852,ECG,5119,64,0,0,0,0,0
411273,IMU,416,1244,-200,8408,-84,50,46
411292,IMU,417,1220,-148,8464,-68,44,43
411311,IMU,418,1408,-168,8372,-96,64,43
411330,IMU,419,1280,-188,8400,-79,61,40
411349,IMU,420,1240,-180,8440,-93,69,46
411369,IMU,421,1216,-228,8432,-91,58,35
411387,IMU,422,1292,-172,8204,-112,55,38
411406,IMU,423,1292,-196,8248,-89,71,39
411426,IMU,424,1268,-192,8284,-85,63,38
411448,IMU,425,1360,-292,8300,-98,58,50
411464,IMU,426,1288,-248,8412,-92,76,35
411483,IMU,427,1268,-168,8384,-86,57,45
411502,IMU,428,1264,-244,8388,-99,43,75
411521,IMU,429,1284,-176,8332,-83,75,39
411540,IMU,430,1340,-196,8336,-85,72,37
411560,IMU,431,1268,-212,8364,-91,48,54
411579,IMU,432,1252,-124,8372,-59,58,40
411597,IMU,433,1300,-228,8348,-85,61,50
411616,IMU,434,1276,-160,8352,-82,60,35
411636,IMU,435,1292,-160,8372,-84,45,37
411658,IMU,436,1368,-252,8372,-93,78,37
411676,IMU,437,1212,-292,8384,-86,50,47
411693,IMU,438,1348,-140,8380,-85,80,27
411712,IMU,439,1224,-192,8408,-95,61,51
411732,IMU,440,1392,-192,8356,-94,72,35
411751,IMU,441,1356,-196,8412,-75,67,40
411770,IMU,442,1360,-196,8472,-78,57,42
411789,IMU,443,1228,-156,8444,-87,61,49
411807,IMU,444,1288,-200,8344,-98,77,47
411827,IMU,445,1312,-196,8364,-114,58,35
411846,IMU,446,1376,-236,8448,-101,54,42
411865,IMU,447,1320,-192,8328,-83,65,49
411887,IMU,448,1284,-188,8376,-83,52,37
411904,IMU,449,1256,-204,8384,-80,72,45
411922,IMU,450,1268,-140,8344,-79,63,41
411942,IMU,451,1184,-184,8312,-76,72,38
411961,IMU,452,1288,-236,8392,-81,36,35
411980,IMU,453,1224,-144,8428,-92,47,38
411999,IMU,454,1300,-212,8328,-96,63,46
412018,IMU,455,1340,-272,8352,-85,55,53
412039,IMU,456,1216,-156,8448,-92,51,56
412056,IMU,457,1316,-136,8412,-81,51,64
412076,IMU,458,1372,-108,8380,-97,62,53
412099,IMU,459,1224,-180,8420,-80,56,45
412114,IMU,460,1300,-160,8352,-93,54,50
412133,IMU,461,1352,-136,8360,-89,67,42
412152,IMU,462,1376,-284,8352,-100,68,40
412171,IMU,463,1204,-272,8416,-85,41,36
412190,IMU,464,1296,-72,8364,-62,52,27
412209,IMU,465,1272,-184,8360,-75,54,47
412228,IMU,466,1300,-104,8404,-85,79,45
412247,IMU,467,1316,-232,8408,-101,56,33
412266,IMU,468,1352,-188,8336,-73,78,41
412286,IMU,469,1276,-232,8404,-89,56,46
412304,IMU,470,1340,-88,8412,-98,68,29
412326,IMU,471,1212,-144,8428,-86,66,52
412343,IMU,472,1292,-260,8404,-100,71,37
412362,IMU,473,1292,-164,8480,-92,54,42
412381,IMU,474,1228,-228,8436,-89,72,36
412400,IMU,475,1228,-232,8380,-95,55,46
412419,IMU,476,1296,-200,8400,-107,60,43
412438,IMU,477,1244,-196,8412,-101,56,27
412457,IMU,478,1320,-152,8356,-85,36,59
412476,IMU,479,1328,-204,8404,-100,45,41
412496,IMU,480,1264,-152,8476,-79,46,29
412515,IMU,481,1404,-120,8384,-79,80,49
412536,IMU,482,1384,-244,8432,-85,56,49
412552,IMU,483,1284,-324,8364,-80,66,50
412572,IMU,484,1272,-144,8448,-91,58,42
412593,IMU,485,1312,-204,8420,-76,61,35
412610,IMU,486,1204,-244,8376,-86,66,52
412629,IMU,487,1332,-220,8324,-105,50,42
412648,IMU,488,1360,-156,8396,-93,56,29
412667,IMU,489,1412,-168,8448,-83,53,53
412687,IMU,490,1228,-208,8396,-83,58,31
412706,IMU,491,1260,-240,8316,-92,60,52
412724,IMU,492,1280,-144,8364,-91,51,36
412743,IMU,493,1256,-228,8376,-102,60,43
412766,IMU,494,1296,-176,8448,-85,47,46
412782,IMU,495,1264,-200,8416,-104,53,29
412801,IMU,496,1344,-164,8404,-86,68,31
412820,IMU,497,1216,-192,8396,-101,69,48
412839,IMU,498,1280,-168,8340,-98,74,40
412858,IMU,499,1236,-248,8472,-77,68,51
412878,IMU,500,1316,-116,8404,-105,67,51
412897,IMU,501,1244,-156,8444,-103,64,36
412915,IMU,502,1356,-124,8400,-77,56,42
412934,IMU,503,1268,-240,8380,-82,72,45
412954,IMU,504,1328,-184,8440,-85,56,36
412975,IMU,505,1392,-200,8476,-101,62,43
412992,IMU,506,1260,-164,8400,-99,60,43
413011,IMU,507,1356,-204,8448,-94,50,52
413030,IMU,508,1336,-184,8372,-97,40,55
413049,IMU,509,1280,-196,8356,-72,63,42
413068,IMU,510,1312,-292,8408,-87,56,35
413088,IMU,511,1224,-124,8368,-91,61,37
413107,IMU,512,1332,-176,8512,-98,66,36
413126,IMU,513,1360,-180,8448,-85,68,31
413145,IMU,514,1228,-224,8300,-85,64,46
413164,IMU,515,1204,-220,8336,-82,58,42
413186,IMU,516,1228,-220,8448,-104,69,43
413204,IMU,517,1280,-220,8412,-84,56,41
413221,IMU,518,1260,-228,8384,-78,47,43
413240,IMU,519,1212,-168,8408,-85,69,48
413259,IMU,520,1244,-320,8436,-73,65,45
413278,IMU,521,1332,-156,8464,-91,65,30
413298,IMU,522,1244,-108,8392,-81,63,46
413317,IMU,523,1288,-156,8388,-107,69,26
413336,IMU,524,1268,-164,8368,-80,53,42
413354,IMU,525,1288,-160,8432,-90,72,31
413374,IMU,526,1360,-128,8356,-90,66,46
413393,IMU,527,1308,-196,8372,-90,59,43
413413,IMU,528,1256,-276,8412,-87,58,33
413431,IMU,529,1256,-128,8332,-89,52,42
413450,IMU,530,1224,-232,8372,-90,54,60
413469,IMU,531,1220,-200,8332,-100,60,52
413489,IMU,532,1280,-184,8380,-80,52,37
413508,IMU,533,1304,-52,8400,-96,65,22
413527,IMU,534,1376,-128,8364,-83,62,50
413546,IMU,535,1284,-84,8420,-95,75,28
413565,IMU,536,1244,-228,8384,-86,62,63
413584,IMU,537,1156,-200,8396,-91,70,37
413603,IMU,538,1344,-180,8412,-84,59,43
413629,IMU,539,1332,-148,8432,-108,58,48
413644,IMU,540,1256,-240,8356,-83,58,52
413660,IMU,541,1252,-204,8416,-97,69,33
413679,IMU,542,1260,-184,8452,-98,54,38
413699,IMU,543,1308,-232,8424,-102,55,55
413718,IMU,544,1212,-176,8392,-83,43,41
413737,IMU,545,1192,-216,8412,-89,67,43
413756,IMU,546,1260,-160,8408,-99,68,33
413775,IMU,547,1296,-132,8452,-92,65,40
413794,IMU,548,1320,-188,8368,-90,59,58
413813,IMU,549,1284,-160,8332,-105,42,33
413833,IMU,550,1284,-92,8340,-83,60,39
413855,IMU,551,1256,-100,8404,-90,43,43
413870,IMU,552,1280,-212,8372,-85,52,31
413890,IMU,553,1268,-148,8408,-102,69,23
413909,IMU,554,1372,-164,8248,-104,70,72
413928,IMU,555,1276,-132,8368,-98,64,45
413947,IMU,556,1248,-104,8476,-93,66,33
413966,IMU,557,1352,-264,8372,-83,58,36
413985,IMU,558,1216,-296,8376,-94,71,40
414004,IMU,559,1316,-224,8392,-69,62,40
414024,IMU,560,1288,-288,8300,-103,71,34
414043,IMU,561,1296,-200,8340,-85,69,39
414064,IMU,562,1272,-148,8380,-93,74,31
414081,IMU,563,1260,-236,8468,-86,51,31
414100,IMU,564,1280,-164,8376,-90,63,39
414119,IMU,565,1208,-84,8316,-100,50,45
414138,IMU,566,1236,-92,8460,-94,53,45
414157,IMU,567,1264,-192,8372,-102,69,63
414176,IMU,568,1228,-164,8404,-96,56,50
414195,IMU,569,1320,-192,8360,-74,54,53
414214,IMU,570,1216,-232,8348,-81,51,45
414234,IMU,571,1316,-96,8336,-81,52,36
414253,IMU,572,1196,-224,8392,-87,68,41
414272,IMU,573,1348,-204,8428,-108,50,43
414293,IMU,574,1316,-232,8336,-79,49,46
414311,IMU,575,1264,-224,8344,-85,53,41
414329,IMU,576,1284,-180,8368,-79,79,52
414348,IMU,577,1260,-160,8424,-84,41,29
414367,IMU,578,1328,-56,8428,-91,52,39
414386,IMU,579,1304,-228,8416,-83,52,51
414405,IMU,580,1240,-228,8384,-101,59,42
414425,IMU,581,1304,-152,8372,-101,52,49
414444,IMU,582,1252,-176,8344,-86,59,42
414463,IMU,583,1168,-180,8404,-101,59,48
414482,IMU,584,1300,-212,8392,-75,56,36
414510,IMU,585,1264,-180,8300,-77,43,52
414520,IMU,586,1312,-228,8496,-81,74,40
414539,IMU,587,1356,-172,8348,-78,59,28
414559,IMU,588,1268,-132,8440,-100,66,36
414578,IMU,589,1312,-340,8432,-82,76,37
414596,IMU,590,1320,-236,8376,-89,59,35
414616,IMU,591,1328,-20,8360,-84,65,32
414635,IMU,592,1300,-124,8488,-74,60,42
414655,IMU,593,1244,-196,8372,-91,60,56
414673,IMU,594,1188,-220,8404,-76,60,41
414692,IMU,595,1268,-176,8416,-82,44,32
414712,IMU,596,1288,-180,8428,-86,52,44
414733,IMU,597,1340,-240,8332,-100,56,37
414749,IMU,598,1292,-172,8400,-106,52,37
414768,IMU,599,1376,-260,8508,-86,67,50
414787,IMU,600,1396,-180,8348,-93,70,45
414806,IMU,601,1328,-148,8380,-86,62,36
414826,IMU,602,1204,-184,8520,-96,48,45
414845,IMU,603,1288,-156,8328,-85,66,38
414864,IMU,604,1352,-296,8368,-81,44,31
414883,IMU,605,1212,-140,8416,-81,61,42
414902,IMU,606,1372,-228,8484,-85,63,31
414922,IMU,607,1312,-224,8400,-76,59,41
414943,IMU,608,1288,-272,8360,-98,68,50
414960,IMU,609,1336,-160,8392,-78,53,34
414979,IMU,610,1332,-288,8424,-83,60,54
414997,IMU,611,1296,-300,8344,-76,59,50
415016,IMU,612,1308,-260,8320,-79,76,44
415036,IMU,613,1232,-148,8396,-115,48,41
415055,IMU,614,1280,-172,8392,-96,46,60
415074,IMU,615,1332,-184,8380,-66,67,53
415093,IMU,616,1236,-200,8364,-91,47,40
415112,IMU,617,1264,-152,8428,-92,53,43
415131,IMU,618,1360,-196,8340,-89,58,38
415154,IMU,619,1260,-144,8336,-88,60,41
415171,IMU,620,1324,-276,8384,-96,83,41
415189,IMU,621,1284,-136,8416,-75,55,49
415210,IMU,622,1320,-124,8364,-89,65,33
415227,IMU,623,1248,-156,8368,-88,47,49
413852,ECG,5120,-7,0,0,0,0,0
413857,ECG,5121,-156,0,0,0,0,0
413857,ECG,5122,-176,0,0,0,0,0
413862,ECG,5123,-153,0,0,0,0,0
413862,ECG,5124,-96,0,0,0,0,0
413867,ECG,5125,46,0,0,0,0,0
413867,ECG,5126,77,0,0,0,0,0
413872,ECG,5127,55,0,0,0,0,0
413872,ECG,5128,-9,0,0,0,0,0
413872,ECG,5129,-88,0,0,0,0,0
413877,ECG,5130,-154,0,0,0,0,0
413877,ECG,5131,-183,0,0,0,0,0
413882,ECG,5132,-167,0,0,0,0,0
413882,ECG,5133,-112,0,0,0,0,0
413882,ECG,5134,-38,0,0,0,0,0
413887,ECG,5135,28,0,0,0,0,0
413887,ECG,5136,67,0,0,0,0,0
413892,ECG,5137,54,0,0,0,0,0
413892,ECG,5138,-5,0,0,0,0,0
413892,ECG,5139,-83,0,0,0,0,0
413897,ECG,5140,-150,0,0,0,0,0
413897,ECG,5141,-180,0,0,0,0,0
413902,ECG,5142,-166,0,0,0,0,0
413902,ECG,5143,-114,0,0,0,0,0
413902,ECG,5144,-40,0,0,0,0,0
413907,ECG,5145,29,0,0,0,0,0
413907,ECG,5146,66,0,0,0,0,0
413912,ECG,5147,-1,0,0,0,0,0
413912,ECG,5148,-80,0,0,0,0,0
413917,ECG,5149,-150,0,0,0,0,0
413917,ECG,5150,-182,0,0,0,0,0
413922,ECG,5151,-112,0,0,0,0,0
413922,ECG,5152,-36,0,0,0,0,0
413927,ECG,5153,37,0,0,0,0,0
413927,ECG,5154,80,0,0,0,0,0
413927,ECG,5155,76,0,0,0,0,0
413932,ECG,5156,20,0,0,0,0,0
413932,ECG,5157,-61,0,0,0,0,0
413937,ECG,5158,-137,0,0,0,0,0
413937,ECG,5159,-182,0,0,0,0,0
413937,ECG,5160,-182,0,0,0,0,0
413942,ECG,5161,-139,0,0,0,0,0
413942,ECG,5162,-66,0,0,0,0,0
413947,ECG,5163,12,0,0,0,0,0
413947,ECG,5164,66,0,0,0,0,0
413947,ECG,5165,75,0,0,0,0,0
413952,ECG,5166,33,0,0,0,0,0
413952,ECG,5167,-42,0,0,0,0,0
413957,ECG,5168,-122,0,0,0,0,0
413957,ECG,5169,-174,0,0,0,0,0
413957,ECG,5170,-181,0,0,0,0,0
413962,ECG,5171,-147,0,0,0,0,0
413962,ECG,5172,-81,0,0,0,0,0
413967,ECG,5173,62,0,0,0,0,0
413967,ECG,5174,83,0,0,0,0,0
413972,ECG,5175,50,0,0,0,0,0
413972,ECG,5176,-19,0,0,0,0,0
413977,ECG,5177,-152,0,0,0,0,0
413977,ECG,5178,-169,0,0,0,0,0
413982,ECG,5179,-146,0,0,0,0,0
413982,ECG,5180,-87,0,0,0,0,0
413982,ECG,5181,-12,0,0,0,0,0
413987,ECG,5182,49,0,0,0,0,0
413987,ECG,5183,73,0,0,0,0,0
413992,ECG,5184,45,0,0,0,0,0
413992,ECG,5185,-22,0,0,0,0,0
413992,ECG,5186,-101,0,0,0,0,0
413997,ECG,5187,-162,0,0,0,0,0
413997,ECG,5188,-184,0,0,0,0,0
414002,ECG,5189,-160,0,0,0,0,0
414002,ECG,5190,-102,0,0,0,0,0
414002,ECG,5191,-27,0,0,0,0,0
414007,ECG,5192,39,0,0,0,0,0
414007,ECG,5193,72,0,0,0,0,0
414012,ECG,5194,52,0,0,0,0,0
414012,ECG,5195,-14,0,0,0,0,0
414012,ECG,5196,-97,0,0,0,0,0
414017,ECG,5197,-164,0,0,0,0,0
414017,ECG,5198,-193,0,0,0,0,0
414022,ECG,5199,-123,0,0,0,0,0
414022,ECG,5200,-44,0,0,0,0,0
414027,ECG,5201,27,0,0,0,0,0
414027,ECG,5202,69,0,0,0,0,0
414032,ECG,5203,6,0,0,0,0,0
414032,ECG,5204,-74,0,0,0,0,0
414037,ECG,5205,-146,0,0,0,0,0
414037,ECG,5206,-187,0,0,0,0,0
414037,ECG,5207,-182,0,0,0,0,0
414042,ECG,5208,-134,0,0,0,0,0
414042,ECG,5209,-60,0,0,0,0,0
414047,ECG,5210,14,0,0,0,0,0
414047,ECG,5211,63,0,0,0,0,0
414047,ECG,5212,65,0,0,0,0,0
414052,ECG,5213,17,0,0,0,0,0
414052,ECG,5214,-58,0,0,0,0,0
414057,ECG,5215,-131,0,0,0,0,0
414057,ECG,5216,-175,0,0,0,0,0
414057,ECG,5217,-177,0,0,0,0,0
414062,ECG,5218,-137,0,0,0,0,0
414062,ECG,5219,-70,0,0,0,0,0
414067,ECG,5220,3,0,0,0,0,0
414067,ECG,5221,55,0,0,0,0,0
414067,ECG,5222,62,0,0,0,0,0
414072,ECG,5223,19,0,0,0,0,0
414072,ECG,5224,-55,0,0,0,0,0
414072,ECG,5225,-132,0,0,0,0,0
414077,ECG,5226,-181,0,0,0,0,0
414077,ECG,5227,-185,0,0,0,0,0
414082,ECG,5228,-149,0,0,0,0,0
414082,ECG,5229,-79,0,0,0,0,0
414087,ECG,5230,60,0,0,0,0,0
414087,ECG,5231,78,0,0,0,0,0
414092,ECG,5232,43,0,0,0,0,0
414092,ECG,5233,-34,0,0,0,0,0
414092,ECG,5234,-114,0,0,0,0,0
414097,ECG,5235,-172,0,0,0,0,0
414097,ECG,5236,-189,0,0,0,0,0
414102,ECG,5237,-161,0,0,0,0,0
414102,ECG,5238,-96,0,0,0,0,0
414102,ECG,5239,-18,0,0,0,0,0
414107,ECG,5240,49,0,0,0,0,0
414107,ECG,5241,76,0,0,0,0,0
414112,ECG,5242,51,0,0,0,0,0
414112,ECG,5243,-12,0,0,0,0,0
414112,ECG,5244,-89,0,0,0,0,0
414117,ECG,5245,-149,0,0,0,0,0
414117,ECG,5246,-167,0,0,0,0,0
414122,ECG,5247,-90,0,0,0,0,0
414122,ECG,5248,-14,0,0,0,0,0
414127,ECG,5249,52,0,0,0,0,0
414127,ECG,5250,82,0,0,0,0,0
414127,ECG,5251,61,0,0,0,0,0
414132,ECG,5252,-2,0,0,0,0,0
414132,ECG,5253,-81,0,0,0,0,0
414137,ECG,5254,-143,0,0,0,0,0
414137,ECG,5255,-170,0,0,0,0,0
414137,ECG,5256,-151,0,0,0,0,0
414142,ECG,5257,-95,0,0,0,0,0
414142,ECG,5258,-19,0,0,0,0,0
414147,ECG,5259,52,0,0,0,0,0
414147,ECG,5260,89,0,0,0,0,0
414147,ECG,5261,73,0,0,0,0,0
414152,ECG,5262,12,0,0,0,0,0
414152,ECG,5263,-72,0,0,0,0,0
414157,ECG,5264,-144,0,0,0,0,0
414157,ECG,5265,-179,0,0,0,0,0
414157,ECG,5266,-168,0,0,0,0,0
414162,ECG,5267,-118,0,0,0,0,0
414162,ECG,5268,-42,0,0,0,0,0
414167,ECG,5269,32,0,0,0,0,0
414167,ECG,5270,76,0,0,0,0,0
414167,ECG,5271,70,0,0,0,0,0
414172,ECG,5272,9,0,0,0,0,0
414172,ECG,5273,-76,0,0,0,0,0
414177,ECG,5274,-197,0,0,0,0,0
414177,ECG,5275,-197,0,0,0,0,0
414182,ECG,5276,-151,0,0,0,0,0
414182,ECG,5277,-77,0,0,0,0,0
414182,ECG,5278,0,0,0,0,0,0
414187,ECG,5279,53,0,0,0,0,0
414187,ECG,5280,57,0,0,0,0,0
414192,ECG,5281,9,0,0,0,0,0
414192,ECG,5282,-68,0,0,0,0,0
414192,ECG,5283,-144,0,0,0,0,0
414197,ECG,5284,-190,0,0,0,0,0
414197,ECG,5285,-190,0,0,0,0,0
414202,ECG,5286,-151,0,0,0,0,0
414202,ECG,5287,-82,0,0,0,0,0
414202,ECG,5288,-8,0,0,0,0,0
414207,ECG,5289,45,0,0,0,0,0
414207,ECG,5290,54,0,0,0,0,0
414212,ECG,5291,11,0,0,0,0,0
414212,ECG,5292,-61,0,0,0,0,0
414212,ECG,5293,-136,0,0,0,0,0
414217,ECG,5294,-187,0,0,0,0,0
414217,ECG,5295,-194,0,0,0,0,0
414222,ECG,5296,-160,0,0,0,0,0
414222,ECG,5297,-95,0,0,0,0,0
414222,ECG,5298,-20,0,0,0,0,0
414227,ECG,5299,35,0,0,0,0,0
414227,ECG,5300,48,0,0,0,0,0
414232,ECG,5301,-64,0,0,0,0,0
414232,ECG,5302,-147,0,0,0,0,0
414237,ECG,5303,-206,0,0,0,0,0
414237,ECG,5304,-219,0,0,0,0,0
414242,ECG,5305,-119,0,0,0,0,0
414242,ECG,5306,-31,0,0,0,0,0
414247,ECG,5307,40,0,0,0,0,0
414247,ECG,5308,69,0,0,0,0,0
414247,ECG,5309,45,0,0,0,0,0
414252,ECG,5310,-26,0,0,0,0,0
414252,ECG,5311,-113,0,0,0,0,0
414257,ECG,5312,-182,0,0,0,0,0
414257,ECG,5313,-211,0,0,0,0,0
414257,ECG,5314,-191,0,0,0,0,0
414262,ECG,5315,-132,0,0,0,0,0
414262,ECG,5316,-53,0,0,0,0,0
414267,ECG,5317,16,0,0,0,0,0
414267,ECG,5318,50,0,0,0,0,0
414267,ECG,5319,32,0,0,0,0,0
414272,ECG,5320,-35,0,0,0,0,0
414272,ECG,5321,-116,0,0,0,0,0
414277,ECG,5322,-185,0,0,0,0,0
414277,ECG,5323,-214,0,0,0,0,0
414277,ECG,5324,-194,0,0,0,0,0
414282,ECG,5325,-136,0,0,0,0,0
414282,ECG,5326,-56,0,0,0,0,0
414287,ECG,5327,54,0,0,0,0,0
414287,ECG,5328,42,0,0,0,0,0
414292,ECG,5329,-16,0,0,0,0,0
414292,ECG,5330,-96,0,0,0,0,0
414297,ECG,5331,-202,0,0,0,0,0
414297,ECG,5332,-192,0,0,0,0,0
414302,ECG,5333,-144,0,0,0,0,0
414302,ECG,5334,-68,0,0,0,0,0
414302,ECG,5335,3,0,0,0,0,0
414307,ECG,5336,44,0,0,0,0,0
414307,ECG,5337,37,0,0,0,0,0
414312,ECG,5338,-19,0,0,0,0,0
414312,ECG,5339,-103,0,0,0,0,0
414312,ECG,5340,-181,0,0,0,0,0
414317,ECG,5341,-227,0,0,0,0,0
414317,ECG,5342,-224,0,0,0,0,0
414322,ECG,5343,-175,0,0,0,0,0
414322,ECG,5344,-94,0,0,0,0,0
414322,ECG,5345,-8,0,0,0,0,0
414327,ECG,5346,53,0,0,0,0,0
414327,ECG,5347,68,0,0,0,0,0
414332,ECG,5348,26,0,0,0,0,0
414332,ECG,5349,-51,0,0,0,0,0
414332,ECG,5350,-126,0,0,0,0,0
414337,ECG,5351,-175,0,0,0,0,0
414337,ECG,5352,-182,0,0,0,0,0
414342,ECG,5353,-78,0,0,0,0,0
414342,ECG,5354,-2,0,0,0,0,0
414347,ECG,5355,55,0,0,0,0,0
414347,ECG,5356,67,0,0,0,0,0
414352,ECG,5357,-50,0,0,0,0,0
414352,ECG,5358,-132,0,0,0,0,0
414357,ECG,5359,-190,0,0,0,0,0
414357,ECG,5360,-206,0,0,0,0,0
414357,ECG,5361,-180,0,0,0,0,0
414362,ECG,5362,-119,0,0,0,0,0
414362,ECG,5363,-43,0,0,0,0,0
414367,ECG,5364,17,0,0,0,0,0
414367,ECG,5365,40,0,0,0,0,0
414367,ECG,5366,13,0,0,0,0,0
414372,ECG,5367,-55,0,0,0,0,0
414372,ECG,5368,-132,0,0,0,0,0
414377,ECG,5369,-190,0,0,0,0,0
414377,ECG,5370,-207,0,0,0,0,0
414377,ECG,5371,-179,0,0,0,0,0
414382,ECG,5372,-122,0,0,0,0,0
414382,ECG,5373,-47,0,0,0,0,0
414387,ECG,5374,16,0,0,0,0,0
414387,ECG,5375,38,0,0,0,0,0
414387,ECG,5376,12,0,0,0,0,0
414392,ECG,5377,-56,0,0,0,0,0
414392,ECG,5378,-138,0,0,0,0,0
414397,ECG,5379,-228,0,0,0,0,0
414397,ECG,5380,-208,0,0,0,0,0
414402,ECG,5381,-151,0,0,0,0,0
414402,ECG,5382,-72,0,0,0,0,0
414407,ECG,5383,39,0,0,0,0,0
414407,ECG,5384,30,0,0,0,0,0
414412,ECG,5385,-31,0,0,0,0,0
414412,ECG,5386,-107,0,0,0,0,0
414412,ECG,5387,-171,0,0,0,0,0
414417,ECG,5388,-205,0,0,0,0,0
414417,ECG,5389,-192,0,0,0,0,0
414422,ECG,5390,-141,0,0,0,0,0
414422,ECG,5391,-68,0,0,0,0,0
414422,ECG,5392,4,0,0,0,0,0
414427,ECG,5393,46,0,0,0,0,0
414427,ECG,5394,41,0,0,0,0,0
414432,ECG,5395,-11,0,0,0,0,0
414432,ECG,5396,-87,0,0,0,0,0
414432,ECG,5397,-157,0,0,0,0,0
414437,ECG,5398,-195,0,0,0,0,0
414437,ECG,5399,-190,0,0,0,0,0
414442,ECG,5400,-147,0,0,0,0,0
414442,ECG,5401,-77,0,0,0,0,0
414442,ECG,5402,-3,0,0,0,0,0
414447,ECG,5403,44,0,0,0,0,0
414447,ECG,5404,45,0,0,0,0,0
414452,ECG,5405,-82,0,0,0,0,0
414452,ECG,5406,-158,0,0,0,0,0
414457,ECG,5407,-206,0,0,0,0,0
414457,ECG,5408,-207,0,0,0,0,0
414462,ECG,5409,-100,0,0,0,0,0
414462,ECG,5410,-19,0,0,0,0,0
414467,ECG,5411,38,0,0,0,0,0
414467,ECG,5412,51,0,0,0,0,0
414467,ECG,5413,11,0,0,0,0,0
414472,ECG,5414,-65,0,0,0,0,0
414472,ECG,5415,-144,0,0,0,0,0
414477,ECG,5416,-197,0,0,0,0,0
414477,ECG,5417,-210,0,0,0,0,0
414477,ECG,5418,-178,0,0,0,0,0
414482,ECG,5419,-111,0,0,0,0,0
414482,ECG,5420,-32,0,0,0,0,0
414487,ECG,5421,31,0,0,0,0,0
414487,ECG,5422,57,0,0,0,0,0
414487,ECG,5423,27,0,0,0,0,0
414492,ECG,5424,-45,0,0,0,0,0
414492,ECG,5425,-122,0,0,0,0,0
414497,ECG,5426,-179,0,0,0,0,0
414497,ECG,5427,-199,0,0,0,0,0
414497,ECG,5428,-172,0,0,0,0,0
414502,ECG,5429,-112,0,0,0,0,0
414502,ECG,5430,-36,0,0,0,0,0
414507,ECG,5431,50,0,0,0,0,0
414507,ECG,5432,26,0,0,0,0,0
414512,ECG,5433,-39,0,0,0,0,0
414512,ECG,5434,-116,0,0,0,0,0
414517,ECG,5435,-196,0,0,0,0,0
414517,ECG,5436,-173,0,0,0,0,0
414522,ECG,5437,-117,0,0,0,0,0
414522,ECG,5438,-43,0,0,0,0,0
414522,ECG,5439,20,0,0,0,0,0
414527,ECG,5440,47,0,0,0,0,0
414527,ECG,5441,23,0,0,0,0,0
414532,ECG,5442,-45,0,0,0,0,0
414532,ECG,5443,-128,0,0,0,0,0
414532,ECG,5444,-197,0,0,0,0,0
414537,ECG,5445,-229,0,0,0,0,0
414537,ECG,5446,-212,0,0,0,0,0
414542,ECG,5447,-155,0,0,0,0,0
414542,ECG,5448,-71,0,0,0,0,0
414542,ECG,5449,9,0,0,0,0,0
414547,ECG,5450,55,0,0,0,0,0
414547,ECG,5451,50,0,0,0,0,0
414552,ECG,5452,-2,0,0,0,0,0
414552,ECG,5453,-85,0,0,0,0,0
414552,ECG,5454,-162,0,0,0,0,0
414557,ECG,5455,-206,0,0,0,0,0
414557,ECG,5456,-207,0,0,0,0,0
414557,ECG,5457,-169,0,0,0,0,0
414562,ECG,5458,-100,0,0,0,0,0
414562,ECG,5459,-28,0,0,0,0,0
414567,ECG,5460,18,0,0,0,0,0
414567,ECG,5461,21,0,0,0,0,0
414567,ECG,5462,-25,0,0,0,0,0
414572,ECG,5463,-98,0,0,0,0,0
414572,ECG,5464,-167,0,0,0,0,0
414577,ECG,5465,-208,0,0,0,0,0
414577,ECG,5466,-205,0,0,0,0,0
414577,ECG,5467,-159,0,0,0,0,0
414582,ECG,5468,-87,0,0,0,0,0
414582,ECG,5469,-12,0,0,0,0,0
414587,ECG,5470,40,0,0,0,0,0
414587,ECG,5471,44,0,0,0,0,0
414587,ECG,5472,-3,0,0,0,0,0
414592,ECG,5473,-80,0,0,0,0,0
414592,ECG,5474,-157,0,0,0,0,0
414597,ECG,5475,-206,0,0,0,0,0
414597,ECG,5476,-211,0,0,0,0,0
414597,ECG,5477,-172,0,0,0,0,0
414602,ECG,5478,-101,0,0,0,0,0
414602,ECG,5479,-23,0,0,0,0,0
414607,ECG,5480,49,0,0,0,0,0
414607,ECG,5481,14,0,0,0,0,0
414612,ECG,5482,-57,0,0,0,0,0
414612,ECG,5483,-130,0,0,0,0,0
414612,ECG,5484,-179,0,0,0,0,0
414617,ECG,5485,-186,0,0,0,0,0
414617,ECG,5486,-151,0,0,0,0,0
414622,ECG,5487,-84,0,0,0,0,0
414622,ECG,5488,-4,0,0,0,0,0
414622,ECG,5489,59,0,0,0,0,0
414627,ECG,5490,80,0,0,0,0,0
414627,ECG,5491,50,0,0,0,0,0
414632,ECG,5492,-21,0,0,0,0,0
414632,ECG,5493,-103,0,0,0,0,0
414632,ECG,5494,-168,0,0,0,0,0
414637,ECG,5495,-191,0,0,0,0,0
414637,ECG,5496,-172,0,0,0,0,0
414642,ECG,5497,-113,0,0,0,0,0
414642,ECG,5498,-35,0,0,0,0,0
414642,ECG,5499,30,0,0,0,0,0
414647,ECG,5500,62,0,0,0,0,0
414647,ECG,5501,43,0,0,0,0,0
414652,ECG,5502,-20,0,0,0,0,0
414652,ECG,5503,-98,0,0,0,0,0
414652,ECG,5504,-160,0,0,0,0,0
414657,ECG,5505,-188,0,0,0,0,0
414657,ECG,5506,-171,0,0,0,0,0
414662,ECG,5507,-39,0,0,0,0,0
414662,ECG,5508,29,0,0,0,0,0
414667,ECG,5509,63,0,0,0,0,0
414667,ECG,5510,47,0,0,0,0,0
414667,ECG,5511,-15,0,0,0,0,0
414672,ECG,5512,-97,0,0,0,0,0
414672,ECG,5513,-166,0,0,0,0,0
414677,ECG,5514,-199,0,0,0,0,0
414677,ECG,5515,-187,0,0,0,0,0
414677,ECG,5516,-136,0,0,0,0,0
414682,ECG,5517,-63,0,0,0,0,0
414682,ECG,5518,7,0,0,0,0,0
414687,ECG,5519,46,0,0,0,0,0
414687,ECG,5520,34,0,0,0,0,0
414687,ECG,5521,-26,0,0,0,0,0
414692,ECG,5522,-109,0,0,0,0,0
414692,ECG,5523,-185,0,0,0,0,0
414697,ECG,5524,-225,0,0,0,0,0
414697,ECG,5525,-217,0,0,0,0,0
414697,ECG,5526,-166,0,0,0,0,0
414702,ECG,5527,-87,0,0,0,0,0
414702,ECG,5528,-4,0,0,0,0,0
414707,ECG,5529,51,0,0,0,0,0
414707,ECG,5530,57,0,0,0,0,0
414707,ECG,5531,12,0,0,0,0,0
414712,ECG,5532,-65,0,0,0,0,0
414712,ECG,5533,-143,0,0,0,0,0
414717,ECG,5534,-196,0,0,0,0,0
414717,ECG,5535,-156,0,0,0,0,0
414722,ECG,5536,-85,0,0,0,0,0
414722,ECG,5537,-7,0,0,0,0,0
414722,ECG,5538,50,0,0,0,0,0
414727,ECG,5539,62,0,0,0,0,0
414727,ECG,5540,23,0,0,0,0,0
414732,ECG,5541,-51,0,0,0,0,0
414732,ECG,5542,-127,0,0,0,0,0
414732,ECG,5543,-179,0,0,0,0,0
414737,ECG,5544,-189,0,0,0,0,0
414737,ECG,5545,-158,0,0,0,0,0
414742,ECG,5546,-94,0,0,0,0,0
414742,ECG,5547,-19,0,0,0,0,0
414742,ECG,5548,36,0,0,0,0,0
414747,ECG,5549,50,0,0,0,0,0
414747,ECG,5550,16,0,0,0,0,0
414752,ECG,5551,-56,0,0,0,0,0
414752,ECG,5552,-131,0,0,0,0,0
414752,ECG,5553,-184,0,0,0,0,0
414757,ECG,5554,-197,0,0,0,0,0
414757,ECG,5555,-165,0,0,0,0,0
414762,ECG,5556,-98,0,0,0,0,0
414762,ECG,5557,-22,0,0,0,0,0
414762,ECG,5558,40,0,0,0,0,0
414767,ECG,5559,60,0,0,0,0,0
414767,ECG,5560,27,0,0,0,0,0
414818,ECG,5561,-132,0,0,0,0,0
414818,ECG,5562,-194,0,0,0,0,0
414818,ECG,5563,-215,0,0,0,0,0
414818,ECG,5564,-189,0,0,0,0,0
414818,ECG,5565,-126,0,0,0,0,0
414818,ECG,5566,-42,0,0,0,0,0
414818,ECG,5567,31,0,0,0,0,0
414818,ECG,5568,62,0,0,0,0,0
414818,ECG,5569,42,0,0,0,0,0
414818,ECG,5570,-22,0,0,0,0,0
414818,ECG,5571,-104,0,0,0,0,0
414818,ECG,5572,-169,0,0,0,0,0
414818,ECG,5573,-196,0,0,0,0,0
414818,ECG,5574,-176,0,0,0,0,0
414818,ECG,5575,-120,0,0,0,0,0
414818,ECG,5576,-41,0,0,0,0,0
414818,ECG,5577,29,0,0,0,0,0
414818,ECG,5578,64,0,0,0,0,0
414818,ECG,5579,46,0,0,0,0,0
414818,ECG,5580,-21,0,0,0,0,0
414818,ECG,5581,-112,0,0,0,0,0
414818,ECG,5582,-189,0,0,0,0,0
414818,ECG,5583,-230,0,0,0,0,0
414818,ECG,5584,-222,0,0,0,0,0
414818,ECG,5585,-170,0,0,0,0,0
414818,ECG,5586,-91,0,0,0,0,0
414823,ECG,5587,-12,0,0,0,0,0
414823,ECG,5588,42,0,0,0,0,0
414828,ECG,5589,44,0,0,0,0,0
414828,ECG,5590,-8,0,0,0,0,0
414828,ECG,5591,-87,0,0,0,0,0
414833,ECG,5592,-163,0,0,0,0,0
414833,ECG,5593,-211,0,0,0,0,0
414838,ECG,5594,-211,0,0,0,0,0
414838,ECG,5595,-167,0,0,0,0,0
414838,ECG,5596,-96,0,0,0,0,0
414843,ECG,5597,-18,0,0,0,0,0
414843,ECG,5598,40,0,0,0,0,0
414848,ECG,5599,55,0,0,0,0,0
414848,ECG,5600,22,0,0,0,0,0
414848,ECG,5601,-44,0,0,0,0,0
414853,ECG,5602,-116,0,0,0,0,0
414853,ECG,5603,-164,0,0,0,0,0
414858,ECG,5604,-170,0,0,0,0,0
414858,ECG,5605,-137,0,0,0,0,0
414858,ECG,5606,-71,0,0,0,0,0
414863,ECG,5607,6,0,0,0,0,0
414863,ECG,5608,63,0,0,0,0,0
414868,ECG,5609,49,0,0,0,0,0
414868,ECG,5610,-22,0,0,0,0,0
414873,ECG,5611,-106,0,0,0,0,0
414873,ECG,5612,-169,0,0,0,0,0
414878,ECG,5613,-172,0,0,0,0,0
414878,ECG,5614,-112,0,0,0,0,0
414883,ECG,5615,-32,0,0,0,0,0
414883,ECG,5616,35,0,0,0,0,0
414883,ECG,5617,63,0,0,0,0,0
414888,ECG,5618,39,0,0,0,0,0
414888,ECG,5619,-30,0,0,0,0,0
414893,ECG,5620,-116,0,0,0,0,0
414893,ECG,5621,-182,0,0,0,0,0
414893,ECG,5622,-208,0,0,0,0,0
414898,ECG,5623,-188,0,0,0,0,0
414898,ECG,5624,-127,0,0,0,0,0
414903,ECG,5625,-46,0,0,0,0,0
414903,ECG,5626,30,0,0,0,0,0
414903,ECG,5627,74,0,0,0,0,0
414908,ECG,5628,61,0,0,0,0,0
414908,ECG,5629,-2,0,0,0,0,0
414913,ECG,5630,-82,0,0,0,0,0
414913,ECG,5631,-153,0,0,0,0,0
414913,ECG,5632,-191,0,0,0,0,0
414918,ECG,5633,-181,0,0,0,0,0
414918,ECG,5634,-132,0,0,0,0,0
414918,ECG,5635,-59,0,0,0,0,0
414923,ECG,5636,14,0,0,0,0,0
414923,ECG,5637,57,0,0,0,0,0
414928,ECG,5638,53,0,0,0,0,0
414928,ECG,5639,2,0,0,0,0,0
414928,ECG,5640,-77,0,0,0,0,0
414933,ECG,5641,-149,0,0,0,0,0
414933,ECG,5642,-183,0,0,0,0,0
414938,ECG,5643,-173,0,0,0,0,0
414938,ECG,5644,-125,0,0,0,0,0
414938,ECG,5645,-51,0,0,0,0,0
414943,ECG,5646,27,0,0,0,0,0
414943,ECG,5647,75,0,0,0,0,0
414948,ECG,5648,73,0,0,0,0,0
414948,ECG,5649,20,0,0,0,0,0
414948,ECG,5650,-62,0,0,0,0,0
414953,ECG,5651,-141,0,0,0,0,0
414953,ECG,5652,-187,0,0,0,0,0
414958,ECG,5653,-187,0,0,0,0,0
414958,ECG,5654,-142,0,0,0,0,0
414958,ECG,5655,-67,0,0,0,0,0
414963,ECG,5656,10,0,0,0,0,0
414963,ECG,5657,64,0,0,0,0,0
414968,ECG,5658,27,0,0,0,0,0
414968,ECG,5659,-53,0,0,0,0,0
414973,ECG,5660,-134,0,0,0,0,0
414973,ECG,5661,-184,0,0,0,0,0
414973,ECG,5662,-187,0,0,0,0,0
414978,ECG,5663,-144,0,0,0,0,0
414978,ECG,5664,-67,0,0,0,0,0
414983,ECG,5665,19,0,0,0,0,0
414983,ECG,5666,86,0,0,0,0,0
414983,ECG,5667,109,0,0,0,0,0
414988,ECG,5668,74,0,0,0,0,0
414988,ECG,5669,0,0,0,0,0,0
414993,ECG,5670,-84,0,0,0,0,0
414993,ECG,5671,-150,0,0,0,0,0
414993,ECG,5672,-172,0,0,0,0,0
414998,ECG,5673,-147,0,0,0,0,0
414998,ECG,5674,-87,0,0,0,0,0
415003,ECG,5675,-9,0,0,0,0,0
415003,ECG,5676,55,0,0,0,0,0
415003,ECG,5677,82,0,0,0,0,0
415008,ECG,5678,57,0,0,0,0,0
415008,ECG,5679,-8,0,0,0,0,0
415013,ECG,5680,-91,0,0,0,0,0
415013,ECG,5681,-157,0,0,0,0,0
415013,ECG,5682,-181,0,0,0,0,0
415018,ECG,5683,-160,0,0,0,0,0
415018,ECG,5684,-99,0,0,0,0,0
415023,ECG,5685,50,0,0,0,0,0
415023,ECG,5686,85,0,0,0,0,0
415028,ECG,5687,65,0,0,0,0,0
415028,ECG,5688,0,0,0,0,0,0
415028,ECG,5689,-82,0,0,0,0,0
415033,ECG,5690,-153,0,0,0,0,0
415033,ECG,5691,-184,0,0,0,0,0
415038,ECG,5692,-169,0,0,0,0,0
415038,ECG,5693,-116,0,0,0,0,0
415038,ECG,5694,-39,0,0,0,0,0
415043,ECG,5695,28,0,0,0,0,0
415043,ECG,5696,59,0,0,0,0,0
415048,ECG,5697,44,0,0,0,0,0
415048,ECG,5698,-18,0,0,0,0,0
415048,ECG,5699,-102,0,0,0,0,0
415053,ECG,5700,-172,0,0,0,0,0
415053,ECG,5701,-203,0,0,0,0,0
415058,ECG,5702,-190,0,0,0,0,0
415058,ECG,5703,-134,0,0,0,0,0
415058,ECG,5704,-51,0,0,0,0,0
415063,ECG,5705,26,0,0,0,0,0
415063,ECG,5706,75,0,0,0,0,0
415068,ECG,5707,74,0,0,0,0,0
415068,ECG,5708,19,0,0,0,0,0
415068,ECG,5709,-60,0,0,0,0,0
415073,ECG,5710,-137,0,0,0,0,0
415073,ECG,5711,-184,0,0,0,0,0
415078,ECG,5712,-141,0,0,0,0,0
415078,ECG,5713,-71,0,0,0,0,0
415083,ECG,5714,5,0,0,0,0,0
415083,ECG,5715,59,0,0,0,0,0
415083,ECG,5716,68,0,0,0,0,0
415088,ECG,5717,27,0,0,0,0,0
415088,ECG,5718,-46,0,0,0,0,0
415093,ECG,5719,-123,0,0,0,0,0
415093,ECG,5720,-170,0,0,0,0,0
415093,ECG,5721,-172,0,0,0,0,0
415098,ECG,5722,-134,0,0,0,0,0
415098,ECG,5723,-68,0,0,0,0,0
415103,ECG,5724,6,0,0,0,0,0
415103,ECG,5725,57,0,0,0,0,0
415103,ECG,5726,66,0,0,0,0,0
415108,ECG,5727,23,0,0,0,0,0
415108,ECG,5728,-50,0,0,0,0,0
415113,ECG,5729,-125,0,0,0,0,0
415113,ECG,5730,-171,0,0,0,0,0
415113,ECG,5731,-174,0,0,0,0,0
415118,ECG,5732,-134,0,0,0,0,0
415118,ECG,5733,-61,0,0,0,0,0
415118,ECG,5734,19,0,0,0,0,0
415124,ECG,5735,76,0,0,0,0,0
415124,ECG,5736,93,0,0,0,0,0
415129,ECG,5737,58,0,0,0,0,0
415129,ECG,5738,-19,0,0,0,0,0
415129,ECG,5739,-103,0,0,0,0,0
415134,ECG,5740,-162,0,0,0,0,0
415134,ECG,5741,-183,0,0,0,0,0
415134,ECG,5742,-160,0,0,0,0,0
415139,ECG,5743,-101,0,0,0,0,0
415139,ECG,5744,-24,0,0,0,0,0
415144,ECG,5745,40,0,0,0,0,0
415144,ECG,5746,71,0,0,0,0,0
415149,ECG,5747,-18,0,0,0,0,0
415149,ECG,5748,-96,0,0,0,0,0
415154,ECG,5749,-161,0,0,0,0,0
415154,ECG,5750,-187,0,0,0,0,0
415154,ECG,5751,-165,0,0,0,0,0
415159,ECG,5752,-108,0,0,0,0,0
415159,ECG,5753,-29,0,0,0,0,0
415164,ECG,5754,45,0,0,0,0,0
415164,ECG,5755,86,0,0,0,0,0
415164,ECG,5756,75,0,0,0,0,0
415169,ECG,5757,18,0,0,0,0,0
415169,ECG,5758,-59,0,0,0,0,0
415174,ECG,5759,-126,0,0,0,0,0
415174,ECG,5760,-161,0,0,0,0,0
415174,ECG,5761,-153,0,0,0,0,0
415179,ECG,5762,-109,0,0,0,0,0
415179,ECG,5763,-43,0,0,0,0,0
415184,ECG,5764,22,0,0,0,0,0
415184,ECG,5765,56,0,0,0,0,0
415184,ECG,5766,41,0,0,0,0,0
415189,ECG,5767,-18,0,0,0,0,0
415189,ECG,5768,-99,0,0,0,0,0
415189,ECG,5769,-173,0,0,0,0,0
415194,ECG,5770,-209,0,0,0,0,0
415194,ECG,5771,-198,0,0,0,0,0
415199,ECG,5772,-148,0,0,0,0,0
415199,ECG,5773,-67,0,0,0,0,0
415204,ECG,5774,69,0,0,0,0,0
415204,ECG,5775,75,0,0,0,0,0
415209,ECG,5776,25,0,0,0,0,0
415209,ECG,5777,-56,0,0,0,0,0
415209,ECG,5778,-134,0,0,0,0,0
415214,ECG,5779,-185,0,0,0,0,0
415214,ECG,5780,-191,0,0,0,0,0
415219,ECG,5781,-150,0,0,0,0,0
415219,ECG,5782,-78,0,0,0,0,0
415219,ECG,5783,1,0,0,0,0,0
415224,ECG,5784,61,0,0,0,0,0
415224,ECG,5785,71,0,0,0,0,0
415229,ECG,5786,25,0,0,0,0,0
415229,ECG,5787,-53,0,0,0,0,0
415229,ECG,5788,-133,0,0,0,0,0
415234,ECG,5789,-187,0,0,0,0,0
415234,ECG,5790,-194,0,0,0,0,0
415239,ECG,5791,-155,0,0,0,0,0
415239,ECG,5792,-83,0,0,0,0,0
415239,ECG,5793,-1,0,0,0,0,0
415244,ECG,5794,60,0,0,0,0,0
415244,ECG,5795,79,0,0,0,0,0
415244,ECG,5796,42,0,0,0,0,0
415249,ECG,5797,-33,0,0,0,0,0
415249,ECG,5798,-113,0,0,0,0,0
415254,ECG,5799,-168,0,0,0,0,0
415254,ECG,5800,-178,0,0,0,0,0
415259,ECG,5801,-82,0,0,0,0,0
415259,ECG,5802,-6,0,0,0,0,0
415264,ECG,5803,52,0,0,0,0,0
415264,ECG,5804,68,0,0,0,0,0
415264,ECG,5805,34,0,0,0,0,0
415269,ECG,5806,-38,0,0,0,0,0
415269,ECG,5807,-122,0,0,0,0,0
415274,ECG,5808,-182,0,0,0,0,0
415274,ECG,5809,-200,0,0,0,0,0
415274,ECG,5810,-172,0,0,0,0,0
415279,ECG,5811,-108,0,0,0,0,0
415279,ECG,5812,-25,0,0,0,0,0
415284,ECG,5813,45,0,0,0,0,0
415284,ECG,5814,79,0,0,0,0,0
415284,ECG,5815,61,0,0,0,0,0
415289,ECG,5816,-7,0,0,0,0,0
415289,ECG,5817,-91,0,0,0,0,0
415294,ECG,5818,-157,0,0,0,0,0
415294,ECG,5819,-189,0,0,0,0,0
415294,ECG,5820,-172,0,0,0,0,0
415299,ECG,5821,-115,0,0,0,0,0
415299,ECG,5822,-38,0,0,0,0,0
415299,ECG,5823,34,0,0,0,0,0
415304,ECG,5824,75,0,0,0,0,0
415304,ECG,5825,63,0,0,0,0,0
415309,ECG,5826,3,0,0,0,0,0
415309,ECG,5827,-78,0,0,0,0,0
415309,ECG,5828,-149,0,0,0,0,0
415314,ECG,5829,-183,0,0,0,0,0
415314,ECG,5830,-170,0,0,0,0,0
415319,ECG,5831,-119,0,0,0,0,0
415319,ECG,5832,-43,0,0,0,0,0
415319,ECG,5833,31,0,0,0,0,0
415324,ECG,5834,75,0,0,0,0,0
415324,ECG,5835,71,0,0,0,0,0
415329,ECG,5836,15,0,0,0,0,0
415329,ECG,5837,-65,0,0,0,0,0
415329,ECG,5838,-138,0,0,0,0,0
415334,ECG,5839,-177,0,0,0,0,0
415334,ECG,5840,-168,0,0,0,0,0
415339,ECG,5841,-119,0,0,0,0,0
415339,ECG,5842,-49,0,0,0,0,0
415339,ECG,5843,26,0,0,0,0,0
415344,ECG,5844,72,0,0,0,0,0
415344,ECG,5845,68,0,0,0,0,0
415349,ECG,5846,-71,0,0,0,0,0
415349,ECG,5847,-154,0,0,0,0,0
415354,ECG,5848,-202,0,0,0,0,0
415354,ECG,5849,-200,0,0,0,0,0
415354,ECG,5850,-157,0,0,0,0,0
415359,ECG,5851,-79,0,0,0,0,0
415359,ECG,5852,6,0,0,0,0,0
415364,ECG,5853,62,0,0,0,0,0
415364,ECG,5854,76,0,0,0,0,0
415364,ECG,5855,36,0,0,0,0,0
415369,ECG,5856,-43,0,0,0,0,0
415369,ECG,5857,-124,0,0,0,0,0
415374,ECG,5858,-178,0,0,0,0,0
415374,ECG,5859,-185,0,0,0,0,0
415374,ECG,5860,-147,0,0,0,0,0
415379,ECG,5861,-78,0,0,0,0,0
415379,ECG,5862,1,0,0,0,0,0
415384,ECG,5863,62,0,0,0,0,0
415384,ECG,5864,79,0,0,0,0,0
415384,ECG,5865,42,0,0,0,0,0
415389,ECG,5866,-33,0,0,0,0,0
415389,ECG,5867,-114,0,0,0,0,0
415394,ECG,5868,-170,0,0,0,0,0
415394,ECG,5869,-182,0,0,0,0,0
415394,ECG,5870,-149,0,0,0,0,0
415399,ECG,5871,-84,0,0,0,0,0
415399,ECG,5872,-5,0,0,0,0,0
415404,ECG,5873,80,0,0,0,0,0
415404,ECG,5874,52,0,0,0,0,0
415409,ECG,5875,-19,0,0,0,0,0
415409,ECG,5876,-101,0,0,0,0,0
415409,ECG,5877,-165,0,0,0,0,0
415414,ECG,5878,-187,0,0,0,0,0
415414,ECG,5879,-160,0,0,0,0,0
415419,ECG,5880,-99,0,0,0,0,0
415419,ECG,5881,-18,0,0,0,0,0
415419,ECG,5882,50,0,0,0,0,0
415424,ECG,5883,82,0,0,0,0,0
415424,ECG,5884,65,0,0,0,0,0
415429,ECG,5885,2,0,0,0,0,0
415429,ECG,5886,-81,0,0,0,0,0
415429,ECG,5887,-149,0,0,0,0,0
415434,ECG,5888,-181,0,0,0,0,0
415434,ECG,5889,-170,0,0,0,0,0
415439,ECG,5890,-119,0,0,0,0,0
415439,ECG,5891,-44,0,0,0,0,0
415439,ECG,5892,24,0,0,0,0,0
415444,ECG,5893,62,0,0,0,0,0
415444,ECG,5894,52,0,0,0,0,0
415449,ECG,5895,-3,0,0,0,0,0
415449,ECG,5896,-79,0,0,0,0,0
415449,ECG,5897,-147,0,0,0,0,0
415454,ECG,5898,-184,0,0,0,0,0
415454,ECG,5899,-173,0,0,0,0,0
415459,ECG,5900,-52,0,0,0,0,0
415459,ECG,5901,24,0,0,0,0,0
415464,ECG,5902,73,0,0,0,0,0
415464,ECG,5903,72,0,0,0,0,0
415464,ECG,5904,22,0,0,0,0,0
415469,ECG,5905,-56,0,0,0,0,0
415469,ECG,5906,-130,0,0,0,0,0
415474,ECG,5907,-176,0,0,0,0,0
415474,ECG,5908,-178,0,0,0,0,0
415474,ECG,5909,-135,0,0,0,0,0
415479,ECG,5910,-65,0,0,0,0,0
415479,ECG,5911,8,0,0,0,0,0
415484,ECG,5912,59,0,0,0,0,0
415484,ECG,5913,64,0,0,0,0,0
415484,ECG,5914,15,0,0,0,0,0
415489,ECG,5915,-64,0,0,0,0,0
415489,ECG,5916,-144,0,0,0,0,0
415494,ECG,5917,-196,0,0,0,0,0
415494,ECG,5918,-199,0,0,0,0,0
415494,ECG,5919,-160,0,0,0,0,0
415499,ECG,5920,-89,0,0,0,0,0
415499,ECG,5921,-5,0,0,0,0,0
415504,ECG,5922,56,0,0,0,0,0
415504,ECG,5923,69,0,0,0,0,0
415504,ECG,5924,31,0,0,0,0,0
415509,ECG,5925,-46,0,0,0,0,0
415509,ECG,5926,-130,0,0,0,0,0
415514,ECG,5927,-200,0,0,0,0,0
415514,ECG,5928,-171,0,0,0,0,0
415519,ECG,5929,-106,0,0,0,0,0
415519,ECG,5930,-29,0,0,0,0,0
415524,ECG,5931,56,0,0,0,0,0
415524,ECG,5932,27,0,0,0,0,0
415529,ECG,5933,-43,0,0,0,0,0
415529,ECG,5934,-120,0,0,0,0,0
415529,ECG,5935,-178,0,0,0,0,0
415534,ECG,5936,-196,0,0,0,0,0
415534,ECG,5937,-167,0,0,0,0,0
415539,ECG,5938,-106,0,0,0,0,0
415539,ECG,5939,-28,0,0,0,0,0
415539,ECG,5940,40,0,0,0,0,0
415544,ECG,5941,69,0,0,0,0,0
415544,ECG,5942,47,0,0,0,0,0
415549,ECG,5943,-20,0,0,0,0,0
415549,ECG,5944,-103,0,0,0,0,0
415549,ECG,5945,-170,0,0,0,0,0
415554,ECG,5946,-198,0,0,0,0,0
415554,ECG,5947,-182,0,0,0,0,0
415559,ECG,5948,-124,0,0,0,0,0
415559,ECG,5949,-43,0,0,0,0,0
415559,ECG,5950,27,0,0,0,0,0
415564,ECG,5951,66,0,0,0,0,0
415564,ECG,5952,50,0,0,0,0,0
415569,ECG,5953,-102,0,0,0,0,0
415569,ECG,5954,-174,0,0,0,0,0
415574,ECG,5955,-210,0,0,0,0,0
415574,ECG,5956,-197,0,0,0,0,0
415579,ECG,5957,-66,0,0,0,0,0
415579,ECG,5958,13,0,0,0,0,0
415584,ECG,5959,58,0,0,0,0,0
415584,ECG,5960,52,0,0,0,0,0
415584,ECG,5961,-2,0,0,0,0,0
415589,ECG,5962,-85,0,0,0,0,0
415589,ECG,5963,-163,0,0,0,0,0
415594,ECG,5964,-204,0,0,0,0,0
415594,ECG,5965,-203,0,0,0,0,0
415594,ECG,5966,-163,0,0,0,0,0
415599,ECG,5967,-95,0,0,0,0,0
415599,ECG,5968,-21,0,0,0,0,0
415604,ECG,5969,27,0,0,0,0,0
415604,ECG,5970,30,0,0,0,0,0
415604,ECG,5971,-14,0,0,0,0,0
415609,ECG,5972,-87,0,0,0,0,0
415609,ECG,5973,-160,0,0,0,0,0
415614,ECG,5974,-204,0,0,0,0,0
415614,ECG,5975,-204,0,0,0,0,0
415614,ECG,5976,-162,0,0,0,0,0
415619,ECG,5977,-93,0,0,0,0,0
415619,ECG,5978,-18,0,0,0,0,0
415624,ECG,5979,47,0,0,0,0,0
415624,ECG,5980,4,0,0,0,0,0
415629,ECG,5981,-73,0,0,0,0,0
415629,ECG,5982,-148,0,0,0,0,0
415634,ECG,5983,-205,0,0,0,0,0
415634,ECG,5984,-168,0,0,0,0,0
415639,ECG,5985,-99,0,0,0,0,0
415639,ECG,5986,-21,0,0,0,0,0
415639,ECG,5987,37,0,0,0,0,0
415644,ECG,5988,50,0,0,0,0,0
415644,ECG,5989,14,0,0,0,0,0
415649,ECG,5990,-59,0,0,0,0,0
415649,ECG,5991,-142,0,0,0,0,0
415649,ECG,5992,-202,0,0,0,0,0
415654,ECG,5993,-215,0,0,0,0,0
415654,ECG,5994,-182,0,0,0,0,0
415659,ECG,5995,-117,0,0,0,0,0
415659,ECG,5996,-34,0,0,0,0,0
415659,ECG,5997,36,0,0,0,0,0
415664,ECG,5998,63,0,0,0,0,0
415664,ECG,5999,36,0,0,0,0,0
415669,ECG,6000,-33,0,0,0,0,0
415669,ECG,6001,-116,0,0,0,0,0
415669,ECG,6002,-183,0,0,0,0,0
415674,ECG,6003,-210,0,0,0,0,0
415674,ECG,6004,-189,0,0,0,0,0
415679,ECG,6005,-37,0,0,0,0,0
415679,ECG,6006,37,0,0,0,0,0
415684,ECG,6007,73,0,0,0,0,0
415684,ECG,6008,56,0,0,0,0,0
415689,ECG,6009,-99,0,0,0,0,0
415689,ECG,6010,-172,0,0,0,0,0
415694,ECG,6011,-208,0,0,0,0,0
415694,ECG,6012,-196,0,0,0,0,0
415694,ECG,6013,-144,0,0,0,0,0
415699,ECG,6014,-68,0,0,0,0,0
415699,ECG,6015,4,0,0,0,0,0
415704,ECG,6016,45,0,0,0,0,0
415704,ECG,6017,36,0,0,0,0,0
415704,ECG,6018,-21,0,0,0,0,0
415709,ECG,6019,-100,0,0,0,0,0
415709,ECG,6020,-166,0,0,0,0,0
415714,ECG,6021,-201,0,0,0,0,0
415714,ECG,6022,-195,0,0,0,0,0
415714,ECG,6023,-147,0,0,0,0,0
415719,ECG,6024,-76,0,0,0,0,0
415719,ECG,6025,-6,0,0,0,0,0
415724,ECG,6026,29,0,0,0,0,0
415724,ECG,6027,-22,0,0,0,0,0
415729,ECG,6028,-97,0,0,0,0,0
415729,ECG,6029,-172,0,0,0,0,0
415729,ECG,6030,-212,0,0,0,0,0
415734,ECG,6031,-206,0,0,0,0,0
415734,ECG,6032,-162,0,0,0,0,0
415739,ECG,6033,-89,0,0,0,0,0
415739,ECG,6034,-9,0,0,0,0,0
415739,ECG,6035,47,0,0,0,0,0
415744,ECG,6036,54,0,0,0,0,0
415744,ECG,6037,8,0,0,0,0,0
415749,ECG,6038,-72,0,0,0,0,0
415749,ECG,6039,-154,0,0,0,0,0
415749,ECG,6040,-206,0,0,0,0,0
415754,ECG,6041,-216,0,0,0,0,0
415754,ECG,6042,-180,0,0,0,0,0
415759,ECG,6043,-110,0,0,0,0,0
415759,ECG,6044,-31,0,0,0,0,0
415759,ECG,6045,31,0,0,0,0,0
415764,ECG,6046,49,0,0,0,0,0
415764,ECG,6047,13,0,0,0,0,0
415769,ECG,6048,-60,0,0,0,0,0
415769,ECG,6049,-141,0,0,0,0,0
415769,ECG,6050,-199,0,0,0,0,0
415774,ECG,6051,-214,0,0,0,0,0
415774,ECG,6052,-181,0,0,0,0,0
415779,ECG,6053,-37,0,0,0,0,0
415779,ECG,6054,28,0,0,0,0,0
415784,ECG,6055,52,0,0,0,0,0
415784,ECG,6056,22,0,0,0,0,0
415784,ECG,6057,-49,0,0,0,0,0
415789,ECG,6058,-131,0,0,0,0,0
415789,ECG,6059,-190,0,0,0,0,0
415794,ECG,6060,-207,0,0,0,0,0
415794,ECG,6061,-179,0,0,0,0,0
415794,ECG,6062,-112,0,0,0,0,0
415799,ECG,6063,-26,0,0,0,0,0
415799,ECG,6064,45,0,0,0,0,0
415850,ECG,6065,75,0,0,0,0,0
415850,ECG,6066,51,0,0,0,0,0
415850,ECG,6067,-19,0,0,0,0,0
415850,ECG,6068,-105,0,0,0,0,0
415850,ECG,6069,-175,0,0,0,0,0
415850,ECG,6070,-204,0,0,0,0,0
415850,ECG,6071,-185,0,0,0,0,0
415850,ECG,6072,-127,0,0,0,0,0
415850,ECG,6073,-48,0,0,0,0,0
415850,ECG,6074,26,0,0,0,0,0
415850,ECG,6075,65,0,0,0,0,0
415850,ECG,6076,50,0,0,0,0,0
415850,ECG,6077,-8,0,0,0,0,0
415850,ECG,6078,-86,0,0,0,0,0
415850,ECG,6079,-152,0,0,0,0,0
415850,ECG,6080,-182,0,0,0,0,0
415850,ECG,6081,-173,0,0,0,0,0
415850,ECG,6082,-129,0,0,0,0,0
415850,ECG,6083,-63,0,0,0,0,0
415850,ECG,6084,-3,0,0,0,0,0
415850,ECG,6085,27,0,0,0,0,0
415850,ECG,6086,10,0,0,0,0,0
415850,ECG,6087,-51,0,0,0,0,0
415850,ECG,6088,-127,0,0,0,0,0
415850,ECG,6089,-193,0,0,0,0,0
415850,ECG,6090,-223,0,0,0,0,0
415855,ECG,6091,-207,0,0,0,0,0
415855,ECG,6092,-152,0,0,0,0,0
415855,ECG,6093,-76,0,0,0,0,0
415860,ECG,6094,0,0,0,0,0,0
415860,ECG,6095,51,0,0,0,0,0
415865,ECG,6096,52,0,0,0,0,0
415865,ECG,6097,0,0,0,0,0,0
415865,ECG,6098,-81,0,0,0,0,0
415870,ECG,6099,-160,0,0,0,0,0
415870,ECG,6100,-209,0,0,0,0,0
415875,ECG,6101,-175,0,0,0,0,0
415875,ECG,6102,-101,0,0,0,0,0
415880,ECG,6103,-17,0,0,0,0,0
415880,ECG,6104,52,0,0,0,0,0
415885,ECG,6105,52,0,0,0,0,0
415885,ECG,6106,-13,0,0,0,0,0
415890,ECG,6107,-88,0,0,0,0,0
415890,ECG,6108,-144,0,0,0,0,0
415890,ECG,6109,-159,0,0,0,0,0
415895,ECG,6110,-133,0,0,0,0,0
415895,ECG,6111,-73,0,0,0,0,0
415900,ECG,6112,1,0,0,0,0,0
415900,ECG,6113,62,0,0,0,0,0
415900,ECG,6114,85,0,0,0,0,0
415905,ECG,6115,54,0,0,0,0,0
415905,ECG,6116,-16,0,0,0,0,0
415910,ECG,6117,-98,0,0,0,0,0
415910,ECG,6118,-159,0,0,0,0,0
415910,ECG,6119,-179,0,0,0,0,0
415915,ECG,6120,-152,0,0,0,0,0
415915,ECG,6121,-90,0,0,0,0,0
415920,ECG,6122,-8,0,0,0,0,0
415920,ECG,6123,60,0,0,0,0,0
415920,ECG,6124,88,0,0,0,0,0
415925,ECG,6125,62,0,0,0,0,0
415925,ECG,6126,-7,0,0,0,0,0
415930,ECG,6127,-164,0,0,0,0,0
415930,ECG,6128,-191,0,0,0,0,0
415935,ECG,6129,-171,0,0,0,0,0
415935,ECG,6130,-107,0,0,0,0,0
415940,ECG,6131,55,0,0,0,0,0
415940,ECG,6132,102,0,0,0,0,0
415945,ECG,6133,92,0,0,0,0,0
415945,ECG,6134,29,0,0,0,0,0
415945,ECG,6135,-54,0,0,0,0,0
415950,ECG,6136,-129,0,0,0,0,0
415950,ECG,6137,-171,0,0,0,0,0
415955,ECG,6138,-165,0,0,0,0,0
415955,ECG,6139,-118,0,0,0,0,0
415955,ECG,6140,-48,0,0,0,0,0
415960,ECG,6141,22,0,0,0,0,0
415960,ECG,6142,65,0,0,0,0,0
415965,ECG,6143,58,0,0,0,0,0
415965,ECG,6144,7,0,0,0,0,0
415965,ECG,6145,-70,0,0,0,0,0
415970,ECG,6146,-146,0,0,0,0,0
415970,ECG,6147,-184,0,0,0,0,0
415975,ECG,6148,-175,0,0,0,0,0
415975,ECG,6149,-129,0,0,0,0,0
415975,ECG,6150,-58,0,0,0,0,0
415980,ECG,6151,16,0,0,0,0,0
415980,ECG,6152,63,0,0,0,0,0
415980,ECG,6153,65,0,0,0,0,0
415985,ECG,6154,17,0,0,0,0,0
415985,ECG,6155,-60,0,0,0,0,0
415990,ECG,6156,-135,0,0,0,0,0
415990,ECG,6157,-182,0,0,0,0,0
415995,ECG,6158,-144,0,0,0,0,0
415995,ECG,6159,-75,0,0,0,0,0
416000,ECG,6160,0,0,0,0,0,0
416000,ECG,6161,49,0,0,0,0,0
416000,ECG,6162,58,0,0,0,0,0
416005,ECG,6163,18,0,0,0,0,0
416005,ECG,6164,-58,0,0,0,0,0
416010,ECG,6165,-138,0,0,0,0,0
416010,ECG,6166,-186,0,0,0,0,0
416010,ECG,6167,-190,0,0,0,0,0
416015,ECG,6168,-150,0,0,0,0,0
416015,ECG,6169,-74,0,0,0,0,0
416020,ECG,6170,12,0,0,0,0,0
416020,ECG,6171,77,0,0,0,0,0
416020,ECG,6172,101,0,0,0,0,0
416025,ECG,6173,63,0,0,0,0,0
416025,ECG,6174,-15,0,0,0,0,0
416030,ECG,6175,-167,0,0,0,0,0
416030,ECG,6176,-191,0,0,0,0,0
416035,ECG,6177,-166,0,0,0,0,0
416035,ECG,6178,-101,0,0,0,0,0
416035,ECG,6179,-19,0,0,0,0,0
416040,ECG,6180,53,0,0,0,0,0
416040,ECG,6181,88,0,0,0,0,0
416045,ECG,6182,69,0,0,0,0,0
416045,ECG,6183,8,0,0,0,0,0
416045,ECG,6184,-74,0,0,0,0,0
416050,ECG,6185,-141,0,0,0,0,0
416050,ECG,6186,-166,0,0,0,0,0
416055,ECG,6187,-151,0,0,0,0,0
416055,ECG,6188,-97,0,0,0,0,0
416055,ECG,6189,-22,0,0,0,0,0
416060,ECG,6190,46,0,0,0,0,0
416060,ECG,6191,79,0,0,0,0,0
416065,ECG,6192,60,0,0,0,0,0
416065,ECG,6193,0,0,0,0,0,0
416065,ECG,6194,-78,0,0,0,0,0
416070,ECG,6195,-144,0,0,0,0,0
416070,ECG,6196,-174,0,0,0,0,0
416075,ECG,6197,-157,0,0,0,0,0
416075,ECG,6198,-99,0,0,0,0,0
416075,ECG,6199,-21,0,0,0,0,0
416080,ECG,6200,54,0,0,0,0,0
416080,ECG,6201,94,0,0,0,0,0
416085,ECG,6202,18,0,0,0,0,0
416085,ECG,6203,-68,0,0,0,0,0
416090,ECG,6204,-145,0,0,0,0,0
416090,ECG,6205,-184,0,0,0,0,0
416090,ECG,6206,-175,0,0,0,0,0
416095,ECG,6207,-127,0,0,0,0,0
416095,ECG,6208,-47,0,0,0,0,0
416100,ECG,6209,34,0,0,0,0,0
416100,ECG,6210,84,0,0,0,0,0
416100,ECG,6211,85,0,0,0,0,0
416105,ECG,6212,31,0,0,0,0,0
416105,ECG,6213,-50,0,0,0,0,0
416110,ECG,6214,-128,0,0,0,0,0
416110,ECG,6215,-177,0,0,0,0,0
416110,ECG,6216,-180,0,0,0,0,0
416115,ECG,6217,-140,0,0,0,0,0
416115,ECG,6218,-70,0,0,0,0,0
416120,ECG,6219,8,0,0,0,0,0
416120,ECG,6220,63,0,0,0,0,0
416120,ECG,6221,71,0,0,0,0,0
416125,ECG,6222,27,0,0,0,0,0
416125,ECG,6223,-50,0,0,0,0,0
416130,ECG,6224,-131,0,0,0,0,0
416130,ECG,6225,-183,0,0,0,0,0
416130,ECG,6226,-189,0,0,0,0,0
416135,ECG,6227,-153,0,0,0,0,0
416135,ECG,6228,-81,0,0,0,0,0
416140,ECG,6229,65,0,0,0,0,0
416140,ECG,6230,87,0,0,0,0,0
416145,ECG,6231,53,0,0,0,0,0
416145,ECG,6232,-18,0,0,0,0,0
416150,ECG,6233,-148,0,0,0,0,0
416150,ECG,6234,-158,0,0,0,0,0
416155,ECG,6235,-124,0,0,0,0,0
416155,ECG,6236,-58,0,0,0,0,0
416155,ECG,6237,19,0,0,0,0,0
416160,ECG,6238,79,0,0,0,0,0
416160,ECG,6239,96,0,0,0,0,0
416165,ECG,6240,56,0,0,0,0,0
416165,ECG,6241,-23,0,0,0,0,0
416165,ECG,6242,-108,0,0,0,0,0
416170,ECG,6243,-170,0,0,0,0,0
416170,ECG,6244,-188,0,0,0,0,0
416175,ECG,6245,-160,0,0,0,0,0
416175,ECG,6246,-89,0,0,0,0,0
416175,ECG,6247,-4,0,0,0,0,0
416180,ECG,6248,62,0,0,0,0,0
416180,ECG,6249,95,0,0,0,0,0
416185,ECG,6250,75,0,0,0,0,0
416185,ECG,6251,6,0,0,0,0,0
416185,ECG,6252,-78,0,0,0,0,0
416190,ECG,6253,-149,0,0,0,0,0
416190,ECG,6254,-181,0,0,0,0,0
416195,ECG,6255,-113,0,0,0,0,0
416195,ECG,6256,-38,0,0,0,0,0
416200,ECG,6257,34,0,0,0,0,0
416200,ECG,6258,72,0,0,0,0,0
416205,ECG,6259,2,0,0,0,0,0
416205,ECG,6260,-76,0,0,0,0,0
416210,ECG,6261,-145,0,0,0,0,0
416210,ECG,6262,-178,0,0,0,0,0
416210,ECG,6263,-164,0,0,0,0,0
416215,ECG,6264,-110,0,0,0,0,0
416215,ECG,6265,-32,0,0,0,0,0
416220,ECG,6266,40,0,0,0,0,0
416220,ECG,6267,82,0,0,0,0,0
416220,ECG,6268,72,0,0,0,0,0
416225,ECG,6269,16,0,0,0,0,0
416225,ECG,6270,-60,0,0,0,0,0
416230,ECG,6271,-128,0,0,0,0,0
416230,ECG,6272,-163,0,0,0,0,0
416230,ECG,6273,-152,0,0,0,0,0
416235,ECG,6274,-104,0,0,0,0,0
416235,ECG,6275,-33,0,0,0,0,0
416240,ECG,6276,35,0,0,0,0,0
416240,ECG,6277,75,0,0,0,0,0
416240,ECG,6278,70,0,0,0,0,0
416245,ECG,6279,19,0,0,0,0,0
416245,ECG,6280,-60,0,0,0,0,0
416245,ECG,6281,-134,0,0,0,0,0
416250,ECG,6282,-176,0,0,0,0,0
416250,ECG,6283,-173,0,0,0,0,0
416255,ECG,6284,-131,0,0,0,0,0
416255,ECG,6285,-56,0,0,0,0,0
416260,ECG,6286,75,0,0,0,0,0
416260,ECG,6287,84,0,0,0,0,0
416265,ECG,6288,40,0,0,0,0,0
416265,ECG,6289,-39,0,0,0,0,0
416265,ECG,6290,-118,0,0,0,0,0
416270,ECG,6291,-168,0,0,0,0,0
416270,ECG,6292,-176,0,0,0,0,0
416275,ECG,6293,-138,0,0,0,0,0
416275,ECG,6294,-67,0,0,0,0,0
416275,ECG,6295,10,0,0,0,0,0
416280,ECG,6296,66,0,0,0,0,0
416280,ECG,6297,80,0,0,0,0,0
416285,ECG,6298,41,0,0,0,0,0
416285,ECG,6299,-35,0,0,0,0,0
416285,ECG,6300,-117,0,0,0,0,0
416290,ECG,6301,-175,0,0,0,0,0
416290,ECG,6302,-185,0,0,0,0,0
416295,ECG,6303,-149,0,0,0,0,0
416295,ECG,6304,-83,0,0,0,0,0
416295,ECG,6305,-1,0,0,0,0,0
416300,ECG,6306,65,0,0,0,0,0
416300,ECG,6307,89,0,0,0,0,0
416300,ECG,6308,62,0,0,0,0,0
416305,ECG,6309,-7,0,0,0,0,0
416305,ECG,6310,-91,0,0,0,0,0
416310,ECG,6311,-156,0,0,0,0,0
416310,ECG,6312,-181,0,0,0,0,0
416315,ECG,6313,-105,0,0,0,0,0
416315,ECG,6314,-29,0,0,0,0,0
416320,ECG,6315,31,0,0,0,0,0
416320,ECG,6316,58,0,0,0,0,0
416320,ECG,6317,38,0,0,0,0,0
416325,ECG,6318,-28,0,0,0,0,0
416325,ECG,6319,-112,0,0,0,0,0
416330,ECG,6320,-177,0,0,0,0,0
416330,ECG,6321,-203,0,0,0,0,0
416330,ECG,6322,-182,0,0,0,0,0
416335,ECG,6323,-122,0,0,0,0,0
416335,ECG,6324,-40,0,0,0,0,0
416340,ECG,6325,37,0,0,0,0,0
416340,ECG,6326,82,0,0,0,0,0
416340,ECG,6327,78,0,0,0,0,0
416345,ECG,6328,26,0,0,0,0,0
416345,ECG,6329,-47,0,0,0,0,0
416350,ECG,6330,-115,0,0,0,0,0
416350,ECG,6331,-152,0,0,0,0,0
416350,ECG,6332,-144,0,0,0,0,0
416355,ECG,6333,-97,0,0,0,0,0
416355,ECG,6334,-25,0,0,0,0,0
416355,ECG,6335,45,0,0,0,0,0
416360,ECG,6336,89,0,0,0,0,0
416360,ECG,6337,89,0,0,0,0,0
416365,ECG,6338,40,0,0,0,0,0
416365,ECG,6339,-35,0,0,0,0,0
416365,ECG,6340,-104,0,0,0,0,0
416370,ECG,6341,-147,0,0,0,0,0
416370,ECG,6342,-147,0,0,0,0,0
416375,ECG,6343,-105,0,0,0,0,0
416375,ECG,6344,-37,0,0,0,0,0
416375,ECG,6345,34,0,0,0,0,0
416380,ECG,6346,84,0,0,0,0,0
416380,ECG,6347,87,0,0,0,0,0
416385,ECG,6348,35,0,0,0,0,0
416385,ECG,6349,-41,0,0,0,0,0
416385,ECG,6350,-120,0,0,0,0,0
416390,ECG,6351,-175,0,0,0,0,0
416390,ECG,6352,-181,0,0,0,0,0
416395,ECG,6353,-146,0,0,0,0,0
416395,ECG,6354,-79,0,0,0,0,0
416395,ECG,6355,1,0,0,0,0,0
416400,ECG,6356,62,0,0,0,0,0
416400,ECG,6357,78,0,0,0,0,0
416405,ECG,6358,-27,0,0,0,0,0
416405,ECG,6359,-111,0,0,0,0,0
416410,ECG,6360,-167,0,0,0,0,0
416410,ECG,6361,-181,0,0,0,0,0
416415,ECG,6362,-96,0,0,0,0,0
416415,ECG,6363,-14,0,0,0,0,0
416420,ECG,6364,48,0,0,0,0,0
416420,ECG,6365,72,0,0,0,0,0
416420,ECG,6366,45,0,0,0,0,0
416425,ECG,6367,-26,0,0,0,0,0
416425,ECG,6368,-106,0,0,0,0,0
416430,ECG,6369,-168,0,0,0,0,0
416430,ECG,6370,-188,0,0,0,0,0
416430,ECG,6371,-161,0,0,0,0,0
416435,ECG,6372,-97,0,0,0,0,0
416435,ECG,6373,-15,0,0,0,0,0
416440,ECG,6374,53,0,0,0,0,0
416440,ECG,6375,84,0,0,0,0,0
416440,ECG,6376,61,0,0,0,0,0
416445,ECG,6377,-10,0,0,0,0,0
416445,ECG,6378,-93,0,0,0,0,0
416450,ECG,6379,-157,0,0,0,0,0
416450,ECG,6380,-186,0,0,0,0,0
416450,ECG,6381,-168,0,0,0,0,0
416455,ECG,6382,-111,0,0,0,0,0
416455,ECG,6383,-36,0,0,0,0,0
416460,ECG,6384,59,0,0,0,0,0
416460,ECG,6385,37,0,0,0,0,0
416465,ECG,6386,-29,0,0,0,0,0
416465,ECG,6387,-113,0,0,0,0,0
416470,ECG,6388,-218,0,0,0,0,0
416470,ECG,6389,-201,0,0,0,0,0
416475,ECG,6390,-148,0,0,0,0,0
416475,ECG,6391,-71,0,0,0,0,0
416475,ECG,6392,3,0,0,0,0,0
416480,ECG,6393,45,0,0,0,0,0
416480,ECG,6394,37,0,0,0,0,0
416485,ECG,6395,-20,0,0,0,0,0
416485,ECG,6396,-103,0,0,0,0,0
416485,ECG,6397,-178,0,0,0,0,0
416490,ECG,6398,-218,0,0,0,0,0
416490,ECG,6399,-213,0,0,0,0,0
416495,ECG,6400,-168,0,0,0,0,0
416495,ECG,6401,-93,0,0,0,0,0
416495,ECG,6402,-17,0,0,0,0,0
416500,ECG,6403,31,0,0,0,0,0
416500,ECG,6404,35,0,0,0,0,0
416505,ECG,6405,-12,0,0,0,0,0
416505,ECG,6406,-85,0,0,0,0,0
416505,ECG,6407,-156,0,0,0,0,0
416510,ECG,6408,-202,0,0,0,0,0
416510,ECG,6409,-200,0,0,0,0,0
416515,ECG,6410,-90,0,0,0,0,0
416515,ECG,6411,-16,0,0,0,0,0
416520,ECG,6412,36,0,0,0,0,0
416520,ECG,6413,43,0,0,0,0,0
416525,ECG,6414,-78,0,0,0,0,0
416525,ECG,6415,-156,0,0,0,0,0
416530,ECG,6416,-208,0,0,0,0,0
416530,ECG,6417,-217,0,0,0,0,0
416530,ECG,6418,-186,0,0,0,0,0
416535,ECG,6419,-118,0,0,0,0,0
416535,ECG,6420,-38,0,0,0,0,0
416540,ECG,6421,22,0,0,0,0,0
416540,ECG,6422,44,0,0,0,0,0
416540,ECG,6423,15,0,0,0,0,0
416545,ECG,6424,-52,0,0,0,0,0
416545,ECG,6425,-125,0,0,0,0,0
416550,ECG,6426,-181,0,0,0,0,0
416550,ECG,6427,-195,0,0,0,0,0
416550,ECG,6428,-167,0,0,0,0,0
416555,ECG,6429,-106,0,0,0,0,0
416555,ECG,6430,-29,0,0,0,0,0
416560,ECG,6431,34,0,0,0,0,0
416560,ECG,6432,57,0,0,0,0,0
416560,ECG,6433,28,0,0,0,0,0
416565,ECG,6434,-44,0,0,0,0,0
416565,ECG,6435,-127,0,0,0,0,0
416570,ECG,6436,-210,0,0,0,0,0
416570,ECG,6437,-184,0,0,0,0,0
416575,ECG,6438,-122,0,0,0,0,0
416575,ECG,6439,-38,0,0,0,0,0
416580,ECG,6440,69,0,0,0,0,0
416580,ECG,6441,49,0,0,0,0,0
416585,ECG,6442,-17,0,0,0,0,0
416585,ECG,6443,-98,0,0,0,0,0
416585,ECG,6444,-167,0,0,0,0,0
416590,ECG,6445,-199,0,0,0,0,0
416590,ECG,6446,-182,0,0,0,0,0
416595,ECG,6447,-127,0,0,0,0,0
416595,ECG,6448,-49,0,0,0,0,0
416595,ECG,6449,21,0,0,0,0,0
416600,ECG,6450,60,0,0,0,0,0
416600,ECG,6451,48,0,0,0,0,0
416605,ECG,6452,-13,0,0,0,0,0
416605,ECG,6453,-96,0,0,0,0,0
416605,ECG,6454,-171,0,0,0,0,0
416610,ECG,6455,-209,0,0,0,0,0
416610,ECG,6456,-203,0,0,0,0,0
416610,ECG,6457,-159,0,0,0,0,0
416616,ECG,6458,-85,0,0,0,0,0
416616,ECG,6459,-13,0,0,0,0,0
416616,ECG,6460,33,0,0,0,0,0
416621,ECG,6461,35,0,0,0,0,0
416621,ECG,6462,-12,0,0,0,0,0
416626,ECG,6463,-83,0,0,0,0,0
416626,ECG,6464,-149,0,0,0,0,0
416631,ECG,6465,-177,0,0,0,0,0
416631,ECG,6466,-127,0,0,0,0,0
416636,ECG,6467,-54,0,0,0,0,0
416636,ECG,6468,19,0,0,0,0,0
416636,ECG,6469,66,0,0,0,0,0
416641,ECG,6470,66,0,0,0,0,0
416641,ECG,6471,17,0,0,0,0,0
416646,ECG,6472,-61,0,0,0,0,0
416646,ECG,6473,-140,0,0,0,0,0
416646,ECG,6474,-186,0,0,0,0,0
416651,ECG,6475,-189,0,0,0,0,0
416651,ECG,6476,-151,0,0,0,0,0
416656,ECG,6477,-80,0,0,0,0,0
416656,ECG,6478,-2,0,0,0,0,0
416656,ECG,6479,52,0,0,0,0,0
416661,ECG,6480,63,0,0,0,0,0
416661,ECG,6481,23,0,0,0,0,0
416666,ECG,6482,-51,0,0,0,0,0
416666,ECG,6483,-129,0,0,0,0,0
416666,ECG,6484,-184,0,0,0,0,0
416671,ECG,6485,-198,0,0,0,0,0
416671,ECG,6486,-166,0,0,0,0,0
416671,ECG,6487,-103,0,0,0,0,0
416676,ECG,6488,-25,0,0,0,0,0
416676,ECG,6489,41,0,0,0,0,0
416681,ECG,6490,63,0,0,0,0,0
416681,ECG,6491,33,0,0,0,0,0
416686,ECG,6492,-115,0,0,0,0,0
416686,ECG,6493,-176,0,0,0,0,0
416691,ECG,6494,-199,0,0,0,0,0
416691,ECG,6495,-180,0,0,0,0,0
416691,ECG,6496,-125,0,0,0,0,0
416696,ECG,6497,-50,0,0,0,0,0
416696,ECG,6498,11,0,0,0,0,0
416701,ECG,6499,39,0,0,0,0,0
416701,ECG,6500,18,0,0,0,0,0
416701,ECG,6501,-46,0,0,0,0,0
416706,ECG,6502,-121,0,0,0,0,0
416706,ECG,6503,-176,0,0,0,0,0
416711,ECG,6504,-199,0,0,0,0,0
416711,ECG,6505,-176,0,0,0,0,0
416711,ECG,6506,-117,0,0,0,0,0
416716,ECG,6507,-44,0,0,0,0,0
416716,ECG,6508,25,0,0,0,0,0
416721,ECG,6509,58,0,0,0,0,0
416721,ECG,6510,39,0,0,0,0,0
416721,ECG,6511,-22,0,0,0,0,0
416726,ECG,6512,-102,0,0,0,0,0
416726,ECG,6513,-167,0,0,0,0,0
416731,ECG,6514,-177,0,0,0,0,0
416731,ECG,6515,-121,0,0,0,0,0
416736,ECG,6516,-41,0,0,0,0,0
416736,ECG,6517,32,0,0,0,0,0
416741,ECG,6518,60,0,0,0,0,0
416741,ECG,6519,-1,0,0,0,0,0
416746,ECG,6520,-85,0,0,0,0,0
416746,ECG,6521,-164,0,0,0,0,0
416746,ECG,6522,-206,0,0,0,0,0
416751,ECG,6523,-200,0,0,0,0,0
416751,ECG,6524,-156,0,0,0,0,0
416756,ECG,6525,-84,0,0,0,0,0
416756,ECG,6526,-6,0,0,0,0,0
416756,ECG,6527,45,0,0,0,0,0
416761,ECG,6528,48,0,0,0,0,0
416761,ECG,6529,4,0,0,0,0,0
416766,ECG,6530,-71,0,0,0,0,0
416766,ECG,6531,-143,0,0,0,0,0
416766,ECG,6532,-184,0,0,0,0,0
416771,ECG,6533,-185,0,0,0,0,0
416771,ECG,6534,-141,0,0,0,0,0
416776,ECG,6535,7,0,0,0,0,0
416776,ECG,6536,58,0,0,0,0,0
416781,ECG,6537,67,0,0,0,0,0
416781,ECG,6538,20,0,0,0,0,0
416781,ECG,6539,-61,0,0,0,0,0
416786,ECG,6540,-142,0,0,0,0,0
416786,ECG,6541,-199,0,0,0,0,0
416791,ECG,6542,-209,0,0,0,0,0
416791,ECG,6543,-172,0,0,0,0,0
416791,ECG,6544,-104,0,0,0,0,0
416796,ECG,6545,-24,0,0,0,0,0
416796,ECG,6546,41,0,0,0,0,0
416801,ECG,6547,60,0,0,0,0,0
416801,ECG,6548,26,0,0,0,0,0
416801,ECG,6549,-44,0,0,0,0,0
416806,ECG,6550,-127,0,0,0,0,0
416806,ECG,6551,-187,0,0,0,0,0
416811,ECG,6552,-204,0,0,0,0,0
416811,ECG,6553,-177,0,0,0,0,0
416811,ECG,6554,-115,0,0,0,0,0
416816,ECG,6555,-35,0,0,0,0,0
416816,ECG,6556,31,0,0,0,0,0
416821,ECG,6557,57,0,0,0,0,0
416821,ECG,6558,30,0,0,0,0,0
416821,ECG,6559,-38,0,0,0,0,0
416826,ECG,6560,-119,0,0,0,0,0
416826,ECG,6561,-183,0,0,0,0,0
416831,ECG,6562,-185,0,0,0,0,0
416831,ECG,6563,-126,0,0,0,0,0
416882,ECG,6564,-48,0,0,0,0,0
416882,ECG,6565,21,0,0,0,0,0
416882,ECG,6566,54,0,0,0,0,0
416882,ECG,6567,36,0,0,0,0,0
416882,ECG,6568,-25,0,0,0,0,0
416882,ECG,6569,-106,0,0,0,0,0
416882,ECG,6570,-170,0,0,0,0,0
416882,ECG,6571,-196,0,0,0,0,0
416882,ECG,6572,-180,0,0,0,0,0
416882,ECG,6573,-123,0,0,0,0,0
416882,ECG,6574,-44,0,0,0,0,0
416882,ECG,6575,27,0,0,0,0,0
416882,ECG,6576,66,0,0,0,0,0
416882,ECG,6577,52,0,0,0,0,0
416882,ECG,6578,-11,0,0,0,0,0
416882,ECG,6579,-93,0,0,0,0,0
416882,ECG,6580,-169,0,0,0,0,0
416882,ECG,6581,-213,0,0,0,0,0
416882,ECG,6582,-210,0,0,0,0,0
416882,ECG,6583,-166,0,0,0,0,0
416882,ECG,6584,-97,0,0,0,0,0
416882,ECG,6585,-25,0,0,0,0,0
416882,ECG,6586,20,0,0,0,0,0
416882,ECG,6587,18,0,0,0,0,0
416882,ECG,6588,-32,0,0,0,0,0
416882,ECG,6589,-108,0,0,0,0,0
416887,ECG,6590,-182,0,0,0,0,0
416887,ECG,6591,-225,0,0,0,0,0
416887,ECG,6592,-226,0,0,0,0,0
416892,ECG,6593,-186,0,0,0,0,0
416892,ECG,6594,-115,0,0,0,0,0
416897,ECG,6595,-37,0,0,0,0,0
416897,ECG,6596,19,0,0,0,0,0
416897,ECG,6597,31,0,0,0,0,0
416902,ECG,6598,-9,0,0,0,0,0
416902,ECG,6599,-82,0,0,0,0,0
416907,ECG,6600,-161,0,0,0,0,0
416907,ECG,6601,-214,0,0,0,0,0
416907,ECG,6602,-222,0,0,0,0,0
416912,ECG,6603,-183,0,0,0,0,0
416912,ECG,6604,-110,0,0,0,0,0
416917,ECG,6605,-23,0,0,0,0,0
416917,ECG,6606,42,0,0,0,0,0
416917,ECG,6607,65,0,0,0,0,0
416922,ECG,6608,34,0,0,0,0,0
416922,ECG,6609,-39,0,0,0,0,0
416927,ECG,6610,-187,0,0,0,0,0
416927,ECG,6611,-209,0,0,0,0,0
416932,ECG,6612,-185,0,0,0,0,0
416932,ECG,6613,-125,0,0,0,0,0
416932,ECG,6614,-50,0,0,0,0,0
416937,ECG,6615,12,0,0,0,0,0
416937,ECG,6616,38,0,0,0,0,0
416942,ECG,6617,13,0,0,0,0,0
416942,ECG,6618,-54,0,0,0,0,0
416942,ECG,6619,-130,0,0,0,0,0
416947,ECG,6620,-189,0,0,0,0,0
416947,ECG,6621,-210,0,0,0,0,0
416952,ECG,6622,-187,0,0,0,0,0
416952,ECG,6623,-127,0,0,0,0,0
416952,ECG,6624,-48,0,0,0,0,0
416957,ECG,6625,20,0,0,0,0,0
416957,ECG,6626,56,0,0,0,0,0
416962,ECG,6627,43,0,0,0,0,0
416962,ECG,6628,-17,0,0,0,0,0
416962,ECG,6629,-97,0,0,0,0,0
416967,ECG,6630,-165,0,0,0,0,0
416967,ECG,6631,-196,0,0,0,0,0
416972,ECG,6632,-185,0,0,0,0,0
416972,ECG,6633,-136,0,0,0,0,0
416972,ECG,6634,-65,0,0,0,0,0
416977,ECG,6635,0,0,0,0,0,0
416977,ECG,6636,35,0,0,0,0,0
416982,ECG,6637,-34,0,0,0,0,0
416982,ECG,6638,-113,0,0,0,0,0
416987,ECG,6639,-182,0,0,0,0,0
416987,ECG,6640,-216,0,0,0,0,0
416992,ECG,6641,-152,0,0,0,0,0
416992,ECG,6642,-73,0,0,0,0,0
416997,ECG,6643,0,0,0,0,0,0
416997,ECG,6644,46,0,0,0,0,0
416997,ECG,6645,46,0,0,0,0,0
417002,ECG,6646,-5,0,0,0,0,0
417002,ECG,6647,-81,0,0,0,0,0
417007,ECG,6648,-156,0,0,0,0,0
417007,ECG,6649,-203,0,0,0,0,0
417007,ECG,6650,-204,0,0,0,0,0
417012,ECG,6651,-163,0,0,0,0,0
417012,ECG,6652,-95,0,0,0,0,0
417017,ECG,6653,-18,0,0,0,0,0
417017,ECG,6654,36,0,0,0,0,0
417017,ECG,6655,46,0,0,0,0,0
417022,ECG,6656,6,0,0,0,0,0
417022,ECG,6657,-64,0,0,0,0,0
417027,ECG,6658,-141,0,0,0,0,0
417027,ECG,6659,-193,0,0,0,0,0
417027,ECG,6660,-205,0,0,0,0,0
417032,ECG,6661,-177,0,0,0,0,0
417032,ECG,6662,-117,0,0,0,0,0
417037,ECG,6663,14,0,0,0,0,0
417037,ECG,6664,31,0,0,0,0,0
417042,ECG,6665,1,0,0,0,0,0
417042,ECG,6666,-62,0,0,0,0,0
417047,ECG,6667,-179,0,0,0,0,0
417047,ECG,6668,-186,0,0,0,0,0
417052,ECG,6669,-152,0,0,0,0,0
417052,ECG,6670,-87,0,0,0,0,0
417052,ECG,6671,-12,0,0,0,0,0
417057,ECG,6672,47,0,0,0,0,0
417057,ECG,6673,67,0,0,0,0,0
417062,ECG,6674,36,0,0,0,0,0
417062,ECG,6675,-34,0,0,0,0,0
417062,ECG,6676,-117,0,0,0,0,0
417067,ECG,6677,-179,0,0,0,0,0
417067,ECG,6678,-199,0,0,0,0,0
417072,ECG,6679,-176,0,0,0,0,0
417072,ECG,6680,-115,0,0,0,0,0
417072,ECG,6681,-36,0,0,0,0,0
417077,ECG,6682,28,0,0,0,0,0
417077,ECG,6683,57,0,0,0,0,0
417082,ECG,6684,35,0,0,0,0,0
417082,ECG,6685,-33,0,0,0,0,0
417082,ECG,6686,-115,0,0,0,0,0
417087,ECG,6687,-183,0,0,0,0,0
417087,ECG,6688,-216,0,0,0,0,0
417092,ECG,6689,-148,0,0,0,0,0
417092,ECG,6690,-74,0,0,0,0,0
417097,ECG,6691,-5,0,0,0,0,0
417097,ECG,6692,32,0,0,0,0,0
417102,ECG,6693,-38,0,0,0,0,0
417102,ECG,6694,-118,0,0,0,0,0
417107,ECG,6695,-193,0,0,0,0,0
417107,ECG,6696,-232,0,0,0,0,0
417107,ECG,6697,-227,0,0,0,0,0
417112,ECG,6698,-182,0,0,0,0,0
417112,ECG,6699,-109,0,0,0,0,0
417117,ECG,6700,-36,0,0,0,0,0
417117,ECG,6701,11,0,0,0,0,0
417117,ECG,6702,11,0,0,0,0,0
417122,ECG,6703,-39,0,0,0,0,0
417122,ECG,6704,-113,0,0,0,0,0
417127,ECG,6705,-184,0,0,0,0,0
417127,ECG,6706,-225,0,0,0,0,0
417127,ECG,6707,-221,0,0,0,0,0
417132,ECG,6708,-176,0,0,0,0,0
417132,ECG,6709,-100,0,0,0,0,0
417137,ECG,6710,-24,0,0,0,0,0
417137,ECG,6711,26,0,0,0,0,0
417137,ECG,6712,31,0,0,0,0,0
417142,ECG,6713,-15,0,0,0,0,0
417142,ECG,6714,-91,0,0,0,0,0
417142,ECG,6715,-167,0,0,0,0,0
417147,ECG,6716,-211,0,0,0,0,0
417147,ECG,6717,-212,0,0,0,0,0
417152,ECG,6718,-175,0,0,0,0,0
417152,ECG,6719,-106,0,0,0,0,0
417152,ECG,6720,-31,0,0,0,0,0
417157,ECG,6721,22,0,0,0,0,0
417157,ECG,6722,30,0,0,0,0,0
417162,ECG,6723,-13,0,0,0,0,0
417162,ECG,6724,-88,0,0,0,0,0
417162,ECG,6725,-165,0,0,0,0,0
417167,ECG,6726,-216,0,0,0,0,0
417167,ECG,6727,-222,0,0,0,0,0
417172,ECG,6728,-186,0,0,0,0,0
417172,ECG,6729,-116,0,0,0,0,0
417172,ECG,6730,-35,0,0,0,0,0
417177,ECG,6731,26,0,0,0,0,0
417177,ECG,6732,46,0,0,0,0,0
417182,ECG,6733,13,0,0,0,0,0
417182,ECG,6734,-61,0,0,0,0,0
417182,ECG,6735,-144,0,0,0,0,0
417187,ECG,6736,-202,0,0,0,0,0
417187,ECG,6737,-222,0,0,0,0,0
417192,ECG,6738,-135,0,0,0,0,0
417192,ECG,6739,-61,0,0,0,0,0
417197,ECG,6740,2,0,0,0,0,0
417197,ECG,6741,28,0,0,0,0,0
417202,ECG,6742,-65,0,0,0,0,0
417202,ECG,6743,-142,0,0,0,0,0
417207,ECG,6744,-204,0,0,0,0,0
417207,ECG,6745,-223,0,0,0,0,0
417207,ECG,6746,-196,0,0,0,0,0
417212,ECG,6747,-137,0,0,0,0,0
417212,ECG,6748,-60,0,0,0,0,0
417217,ECG,6749,8,0,0,0,0,0
417217,ECG,6750,38,0,0,0,0,0
417217,ECG,6751,15,0,0,0,0,0
417222,ECG,6752,-53,0,0,0,0,0
417222,ECG,6753,-137,0,0,0,0,0
417227,ECG,6754,-209,0,0,0,0,0
417227,ECG,6755,-241,0,0,0,0,0
417227,ECG,6756,-224,0,0,0,0,0
417232,ECG,6757,-169,0,0,0,0,0
417232,ECG,6758,-87,0,0,0,0,0
417237,ECG,6759,-11,0,0,0,0,0
417237,ECG,6760,33,0,0,0,0,0
417237,ECG,6761,30,0,0,0,0,0
417242,ECG,6762,-22,0,0,0,0,0
417242,ECG,6763,-100,0,0,0,0,0
417247,ECG,6764,-206,0,0,0,0,0
417247,ECG,6765,-197,0,0,0,0,0
417252,ECG,6766,-149,0,0,0,0,0
417252,ECG,6767,-71,0,0,0,0,0
417257,ECG,6768,55,0,0,0,0,0
417257,ECG,6769,56,0,0,0,0,0
417262,ECG,6770,6,0,0,0,0,0
417262,ECG,6771,-75,0,0,0,0,0
417262,ECG,6772,-155,0,0,0,0,0
417267,ECG,6773,-203,0,0,0,0,0
417267,ECG,6774,-207,0,0,0,0,0
417272,ECG,6775,-169,0,0,0,0,0
417272,ECG,6776,-99,0,0,0,0,0
417272,ECG,6777,-23,0,0,0,0,0
417277,ECG,6778,31,0,0,0,0,0
417277,ECG,6779,43,0,0,0,0,0
417282,ECG,6780,3,0,0,0,0,0
417282,ECG,6781,-68,0,0,0,0,0
417282,ECG,6782,-141,0,0,0,0,0
417287,ECG,6783,-188,0,0,0,0,0
417287,ECG,6784,-192,0,0,0,0,0
417292,ECG,6785,-155,0,0,0,0,0
417292,ECG,6786,-89,0,0,0,0,0
417292,ECG,6787,-15,0,0,0,0,0
417297,ECG,6788,41,0,0,0,0,0
417297,ECG,6789,52,0,0,0,0,0
417302,ECG,6790,-61,0,0,0,0,0
417302,ECG,6791,-140,0,0,0,0,0
417307,ECG,6792,-198,0,0,0,0,0
417307,ECG,6793,-212,0,0,0,0,0
417312,ECG,6794,-113,0,0,0,0,0
417312,ECG,6795,-35,0,0,0,0,0
417317,ECG,6796,29,0,0,0,0,0
417317,ECG,6797,54,0,0,0,0,0
417317,ECG,6798,28,0,0,0,0,0
417322,ECG,6799,-40,0,0,0,0,0
417322,ECG,6800,-119,0,0,0,0,0
417327,ECG,6801,-181,0,0,0,0,0
417327,ECG,6802,-201,0,0,0,0,0
417327,ECG,6803,-179,0,0,0,0,0
417332,ECG,6804,-118,0,0,0,0,0
417332,ECG,6805,-38,0,0,0,0,0
417337,ECG,6806,29,0,0,0,0,0
417337,ECG,6807,60,0,0,0,0,0
417337,ECG,6808,39,0,0,0,0,0
417342,ECG,6809,-28,0,0,0,0,0
417342,ECG,6810,-113,0,0,0,0,0
417347,ECG,6811,-186,0,0,0,0,0
417347,ECG,6812,-223,0,0,0,0,0
417347,ECG,6813,-212,0,0,0,0,0
417352,ECG,6814,-159,0,0,0,0,0
417352,ECG,6815,-82,0,0,0,0,0
417352,ECG,6816,-8,0,0,0,0,0
417357,ECG,6817,40,0,0,0,0,0
417357,ECG,6818,37,0,0,0,0,0
417362,ECG,6819,-11,0,0,0,0,0
417362,ECG,6820,-78,0,0,0,0,0
417367,ECG,6821,-173,0,0,0,0,0
417367,ECG,6822,-161,0,0,0,0,0
417372,ECG,6823,-116,0,0,0,0,0
417372,ECG,6824,-48,0,0,0,0,0
417372,ECG,6825,22,0,0,0,0,0
417377,ECG,6826,63,0,0,0,0,0
417377,ECG,6827,57,0,0,0,0,0
417382,ECG,6828,6,0,0,0,0,0
417382,ECG,6829,-70,0,0,0,0,0
417382,ECG,6830,-142,0,0,0,0,0
417387,ECG,6831,-182,0,0,0,0,0
417387,ECG,6832,-180,0,0,0,0,0
417392,ECG,6833,-140,0,0,0,0,0
417392,ECG,6834,-68,0,0,0,0,0
417392,ECG,6835,6,0,0,0,0,0
417397,ECG,6836,55,0,0,0,0,0
417397,ECG,6837,65,0,0,0,0,0
417402,ECG,6838,22,0,0,0,0,0
417402,ECG,6839,-52,0,0,0,0,0
417402,ECG,6840,-124,0,0,0,0,0
417407,ECG,6841,-169,0,0,0,0,0
417407,ECG,6842,-171,0,0,0,0,0
417407,ECG,6843,-133,0,0,0,0,0
417412,ECG,6844,-64,0,0,0,0,0
417412,ECG,6845,12,0,0,0,0,0
417417,ECG,6846,64,0,0,0,0,0
417417,ECG,6847,75,0,0,0,0,0
417422,ECG,6848,-37,0,0,0,0,0
417422,ECG,6849,-117,0,0,0,0,0
417427,ECG,6850,-175,0,0,0,0,0
417427,ECG,6851,-191,0,0,0,0,0
417427,ECG,6852,-165,0,0,0,0,0
417432,ECG,6853,-104,0,0,0,0,0
417432,ECG,6854,-28,0,0,0,0,0
417437,ECG,6855,36,0,0,0,0,0
417437,ECG,6856,63,0,0,0,0,0
417437,ECG,6857,39,0,0,0,0,0
417442,ECG,6858,-21,0,0,0,0,0
417442,ECG,6859,-91,0,0,0,0,0
417447,ECG,6860,-146,0,0,0,0,0
417447,ECG,6861,-163,0,0,0,0,0
417447,ECG,6862,-137,0,0,0,0,0
417452,ECG,6863,-82,0,0,0,0,0
417452,ECG,6864,-13,0,0,0,0,0
417457,ECG,6865,44,0,0,0,0,0
417457,ECG,6866,63,0,0,0,0,0
417457,ECG,6867,35,0,0,0,0,0
417462,ECG,6868,-37,0,0,0,0,0
417462,ECG,6869,-119,0,0,0,0,0
417462,ECG,6870,-179,0,0,0,0,0
417467,ECG,6871,-200,0,0,0,0,0
417467,ECG,6872,-179,0,0,0,0,0
417472,ECG,6873,-122,0,0,0,0,0
417472,ECG,6874,-47,0,0,0,0,0
417472,ECG,6875,15,0,0,0,0,0
417477,ECG,6876,41,0,0,0,0,0
417477,ECG,6877,20,0,0,0,0,0
417482,ECG,6878,-47,0,0,0,0,0
417482,ECG,6879,-127,0,0,0,0,0
417482,ECG,6880,-193,0,0,0,0,0
417487,ECG,6881,-221,0,0,0,0,0
417487,ECG,6882,-202,0,0,0,0,0
417492,ECG,6883,-143,0,0,0,0,0
417492,ECG,6884,-63,0,0,0,0,0
417492,ECG,6885,11,0,0,0,0,0
417497,ECG,6886,56,0,0,0,0,0
417497,ECG,6887,51,0,0,0,0,0
417502,ECG,6888,-3,0,0,0,0,0
417502,ECG,6889,-80,0,0,0,0,0
417502,ECG,6890,-152,0,0,0,0,0
417507,ECG,6891,-193,0,0,0,0,0
417507,ECG,6892,-188,0,0,0,0,0
417512,ECG,6893,-73,0,0,0,0,0
417512,ECG,6894,-1,0,0,0,0,0
417517,ECG,6895,45,0,0,0,0,0
417517,ECG,6896,45,0,0,0,0,0
417522,ECG,6897,-79,0,0,0,0,0
417522,ECG,6898,-151,0,0,0,0,0
417527,ECG,6899,-195,0,0,0,0,0
417527,ECG,6900,-194,0,0,0,0,0
417527,ECG,6901,-152,0,0,0,0,0
417532,ECG,6902,-80,0,0,0,0,0
417532,ECG,6903,0,0,0,0,0,0
417537,ECG,6904,54,0,0,0,0,0
417537,ECG,6905,61,0,0,0,0,0
417537,ECG,6906,19,0,0,0,0,0
417542,ECG,6907,-54,0,0,0,0,0
417542,ECG,6908,-130,0,0,0,0,0
417547,ECG,6909,-180,0,0,0,0,0
417547,ECG,6910,-185,0,0,0,0,0
417547,ECG,6911,-148,0,0,0,0,0
417552,ECG,6912,-80,0,0,0,0,0
417552,ECG,6913,-3,0,0,0,0,0
417557,ECG,6914,54,0,0,0,0,0
417557,ECG,6915,69,0,0,0,0,0
417557,ECG,6916,30,0,0,0,0,0
417562,ECG,6917,-45,0,0,0,0,0
417562,ECG,6918,-125,0,0,0,0,0
417567,ECG,6919,-195,0,0,0,0,0
417567,ECG,6920,-164,0,0,0,0,0
417572,ECG,6921,-98,0,0,0,0,0
417572,ECG,6922,-16,0,0,0,0,0
417572,ECG,6923,48,0,0,0,0,0
417577,ECG,6924,73,0,0,0,0,0
417577,ECG,6925,47,0,0,0,0,0
417582,ECG,6926,-22,0,0,0,0,0
417582,ECG,6927,-103,0,0,0,0,0
417582,ECG,6928,-165,0,0,0,0,0
417587,ECG,6929,-190,0,0,0,0,0
417587,ECG,6930,-172,0,0,0,0,0
417592,ECG,6931,-117,0,0,0,0,0
417592,ECG,6932,-44,0,0,0,0,0
417592,ECG,6933,20,0,0,0,0,0
417597,ECG,6934,48,0,0,0,0,0
417597,ECG,6935,25,0,0,0,0,0
417602,ECG,6936,-40,0,0,0,0,0
417602,ECG,6937,-116,0,0,0,0,0
417602,ECG,6938,-176,0,0,0,0,0
417607,ECG,6939,-196,0,0,0,0,0
417607,ECG,6940,-171,0,0,0,0,0
417612,ECG,6941,-113,0,0,0,0,0
417612,ECG,6942,-33,0,0,0,0,0
417612,ECG,6943,38,0,0,0,0,0
417617,ECG,6944,72,0,0,0,0,0
417617,ECG,6945,56,0,0,0,0,0
417622,ECG,6946,-95,0,0,0,0,0
417622,ECG,6947,-164,0,0,0,0,0
417627,ECG,6948,-198,0,0,0,0,0
417627,ECG,6949,-186,0,0,0,0,0
417632,ECG,6950,-51,0,0,0,0,0
417632,ECG,6951,24,0,0,0,0,0
417637,ECG,6952,71,0,0,0,0,0
417637,ECG,6953,67,0,0,0,0,0
417637,ECG,6954,13,0,0,0,0,0
417642,ECG,6955,-67,0,0,0,0,0
417642,ECG,6956,-144,0,0,0,0,0
417647,ECG,6957,-187,0,0,0,0,0
417647,ECG,6958,-182,0,0,0,0,0
417647,ECG,6959,-141,0,0,0,0,0
417652,ECG,6960,-70,0,0,0,0,0
417652,ECG,6961,10,0,0,0,0,0
417657,ECG,6962,60,0,0,0,0,0
417657,ECG,6963,62,0,0,0,0,0
417657,ECG,6964,18,0,0,0,0,0
417662,ECG,6965,-57,0,0,0,0,0
417662,ECG,6966,-133,0,0,0,0,0
417667,ECG,6967,-181,0,0,0,0,0
417667,ECG,6968,-188,0,0,0,0,0
417667,ECG,6969,-152,0,0,0,0,0
417672,ECG,6970,-83,0,0,0,0,0
417672,ECG,6971,-11,0,0,0,0,0
417677,ECG,6972,50,0,0,0,0,0
417677,ECG,6973,7,0,0,0,0,0
417682,ECG,6974,-70,0,0,0,0,0
417682,ECG,6975,-144,0,0,0,0,0
417687,ECG,6976,-195,0,0,0,0,0
417687,ECG,6977,-151,0,0,0,0,0
417692,ECG,6978,-79,0,0,0,0,0
417692,ECG,6979,3,0,0,0,0,0
417692,ECG,6980,65,0,0,0,0,0
417697,ECG,6981,77,0,0,0,0,0
417697,ECG,6982,38,0,0,0,0,0
417702,ECG,6983,-34,0,0,0,0,0
417702,ECG,6984,-113,0,0,0,0,0
417702,ECG,6985,-168,0,0,0,0,0
417707,ECG,6986,-179,0,0,0,0,0
417707,ECG,6987,-145,0,0,0,0,0
417712,ECG,6988,-77,0,0,0,0,0
417712,ECG,6989,5,0,0,0,0,0
417712,ECG,6990,68,0,0,0,0,0
417717,ECG,6991,90,0,0,0,0,0
417717,ECG,6992,60,0,0,0,0,0
417722,ECG,6993,-12,0,0,0,0,0
417722,ECG,6994,-96,0,0,0,0,0
417722,ECG,6995,-157,0,0,0,0,0
417727,ECG,6996,-180,0,0,0,0,0
417727,ECG,6997,-157,0,0,0,0,0
417727,ECG,6998,-96,0,0,0,0,0
417732,ECG,6999,-14,0,0,0,0,0
417732,ECG,7000,55,0,0,0,0,0
417737,ECG,7001,87,0,0,0,0,0
417737,ECG,7002,67,0,0,0,0,0
417742,ECG,7003,-79,0,0,0,0,0
417742,ECG,7004,-140,0,0,0,0,0
417747,ECG,7005,-165,0,0,0,0,0
417747,ECG,7006,-147,0,0,0,0,0
417747,ECG,7007,-89,0,0,0,0,0
417752,ECG,7008,-13,0,0,0,0,0
417752,ECG,7009,52,0,0,0,0,0
417757,ECG,7010,83,0,0,0,0,0
417757,ECG,7011,65,0,0,0,0,0
417757,ECG,7012,0,0,0,0,0,0
417762,ECG,7013,-84,0,0,0,0,0
417762,ECG,7014,-154,0,0,0,0,0
417767,ECG,7015,-187,0,0,0,0,0
417767,ECG,7016,-171,0,0,0,0,0
417767,ECG,7017,-118,0,0,0,0,0
417772,ECG,7018,-44,0,0,0,0,0
417772,ECG,7019,33,0,0,0,0,0
417777,ECG,7020,71,0,0,0,0,0
417777,ECG,7021,19,0,0,0,0,0
417782,ECG,7022,-57,0,0,0,0,0
417782,ECG,7023,-131,0,0,0,0,0
417782,ECG,7024,-173,0,0,0,0,0
417787,ECG,7025,-169,0,0,0,0,0
417787,ECG,7026,-123,0,0,0,0,0
417792,ECG,7027,-51,0,0,0,0,0
417792,ECG,7028,24,0,0,0,0,0
417792,ECG,7029,74,0,0,0,0,0
417797,ECG,7030,79,0,0,0,0,0
417797,ECG,7031,33,0,0,0,0,0
417802,ECG,7032,-40,0,0,0,0,0
417802,ECG,7033,-115,0,0,0,0,0
417802,ECG,7034,-164,0,0,0,0,0
417807,ECG,7035,-168,0,0,0,0,0
417807,ECG,7036,-129,0,0,0,0,0
417812,ECG,7037,-62,0,0,0,0,0
417812,ECG,7038,16,0,0,0,0,0
417812,ECG,7039,73,0,0,0,0,0
417817,ECG,7040,87,0,0,0,0,0
417817,ECG,7041,53,0,0,0,0,0
417822,ECG,7042,-15,0,0,0,0,0
417822,ECG,7043,-89,0,0,0,0,0
417822,ECG,7044,-137,0,0,0,0,0
417827,ECG,7045,-148,0,0,0,0,0
417827,ECG,7046,-122,0,0,0,0,0
417832,ECG,7047,13,0,0,0,0,0
417832,ECG,7048,68,0,0,0,0,0
417837,ECG,7049,85,0,0,0,0,0
417837,ECG,7050,53,0,0,0,0,0
417842,ECG,7051,-95,0,0,0,0,0
417842,ECG,7052,-151,0,0,0,0,0
417847,ECG,7053,-169,0,0,0,0,0
417847,ECG,7054,-139,0,0,0,0,0
417847,ECG,7055,-77,0,0,0,0,0
417852,ECG,7056,-1,0,0,0,0,0
417852,ECG,7057,65,0,0,0,0,0
417857,ECG,7058,96,0,0,0,0,0
417857,ECG,7059,72,0,0,0,0,0
417857,ECG,7060,5,0,0,0,0,0
417862,ECG,7061,-77,0,0,0,0,0
417862,ECG,7062,-139,0,0,0,0,0
417913,ECG,7063,-161,0,0,0,0,0
417913,ECG,7064,-137,0,0,0,0,0
417913,ECG,7065,-73,0,0,0,0,0
417913,ECG,7066,10,0,0,0,0,0
417913,ECG,7067,82,0,0,0,0,0
417913,ECG,7068,114,0,0,0,0,0
417913,ECG,7069,94,0,0,0,0,0
417913,ECG,7070,23,0,0,0,0,0
417913,ECG,7071,-69,0,0,0,0,0
417913,ECG,7072,-149,0,0,0,0,0
417913,ECG,7073,-189,0,0,0,0,0
417913,ECG,7074,-178,0,0,0,0,0
417913,ECG,7075,-123,0,0,0,0,0
417913,ECG,7076,-41,0,0,0,0,0
417913,ECG,7077,42,0,0,0,0,0
417913,ECG,7078,93,0,0,0,0,0
417913,ECG,7079,88,0,0,0,0,0
417913,ECG,7080,32,0,0,0,0,0
417913,ECG,7081,-55,0,0,0,0,0
417913,ECG,7082,-138,0,0,0,0,0
417913,ECG,7083,-190,0,0,0,0,0
417913,ECG,7084,-195,0,0,0,0,0
417913,ECG,7085,-154,0,0,0,0,0
417913,ECG,7086,-83,0,0,0,0,0
417913,ECG,7087,-4,0,0,0,0,0
417913,ECG,7088,51,0,0,0,0,0
417918,ECG,7089,16,0,0,0,0,0
417918,ECG,7090,-62,0,0,0,0,0
417923,ECG,7091,-140,0,0,0,0,0
417923,ECG,7092,-190,0,0,0,0,0
417928,ECG,7093,-161,0,0,0,0,0
417928,ECG,7094,-93,0,0,0,0,0
417933,ECG,7095,-14,0,0,0,0,0
417933,ECG,7096,46,0,0,0,0,0
417938,ECG,7097,26,0,0,0,0,0
417938,ECG,7098,-41,0,0,0,0,0
417943,ECG,7099,-116,0,0,0,0,0
417943,ECG,7100,-170,0,0,0,0,0
417943,ECG,7101,-179,0,0,0,0,0
417948,ECG,7102,-146,0,0,0,0,0
417948,ECG,7103,-81,0,0,0,0,0
417953,ECG,7104,-1,0,0,0,0,0
417953,ECG,7105,62,0,0,0,0,0
417953,ECG,7106,86,0,0,0,0,0
417958,ECG,7107,55,0,0,0,0,0
417958,ECG,7108,-20,0,0,0,0,0
417963,ECG,7109,-107,0,0,0,0,0
417963,ECG,7110,-172,0,0,0,0,0
417963,ECG,7111,-195,0,0,0,0,0
417968,ECG,7112,-175,0,0,0,0,0
417968,ECG,7113,-115,0,0,0,0,0
417973,ECG,7114,-33,0,0,0,0,0
417973,ECG,7115,39,0,0,0,0,0
417973,ECG,7116,76,0,0,0,0,0
417978,ECG,7117,60,0,0,0,0,0
417978,ECG,7118,-3,0,0,0,0,0
417978,ECG,7119,-83,0,0,0,0,0
417983,ECG,7120,-153,0,0,0,0,0
417983,ECG,7121,-189,0,0,0,0,0
417988,ECG,7122,-179,0,0,0,0,0
417988,ECG,7123,-130,0,0,0,0,0
417988,ECG,7124,-58,0,0,0,0,0
417993,ECG,7125,12,0,0,0,0,0
417993,ECG,7126,52,0,0,0,0,0
417998,ECG,7127,45,0,0,0,0,0
417998,ECG,7128,-8,0,0,0,0,0
417998,ECG,7129,-82,0,0,0,0,0
418003,ECG,7130,-150,0,0,0,0,0
418003,ECG,7131,-183,0,0,0,0,0
418008,ECG,7132,-175,0,0,0,0,0
418008,ECG,7133,-126,0,0,0,0,0
418008,ECG,7134,-52,0,0,0,0,0
418013,ECG,7135,24,0,0,0,0,0
418013,ECG,7136,75,0,0,0,0,0
418018,ECG,7137,79,0,0,0,0,0
418018,ECG,7138,30,0,0,0,0,0
418018,ECG,7139,-50,0,0,0,0,0
418023,ECG,7140,-128,0,0,0,0,0
418023,ECG,7141,-179,0,0,0,0,0
418028,ECG,7142,-156,0,0,0,0,0
418028,ECG,7143,-90,0,0,0,0,0
418033,ECG,7144,-16,0,0,0,0,0
418033,ECG,7145,41,0,0,0,0,0
418038,ECG,7146,27,0,0,0,0,0
418038,ECG,7147,-38,0,0,0,0,0
418043,ECG,7148,-114,0,0,0,0,0
418043,ECG,7149,-167,0,0,0,0,0
418043,ECG,7150,-178,0,0,0,0,0
418048,ECG,7151,-149,0,0,0,0,0
418048,ECG,7152,-88,0,0,0,0,0
418053,ECG,7153,-14,0,0,0,0,0
418053,ECG,7154,41,0,0,0,0,0
418053,ECG,7155,55,0,0,0,0,0
418058,ECG,7156,19,0,0,0,0,0
418058,ECG,7157,-54,0,0,0,0,0
418063,ECG,7158,-133,0,0,0,0,0
418063,ECG,7159,-190,0,0,0,0,0
418063,ECG,7160,-205,0,0,0,0,0
418068,ECG,7161,-175,0,0,0,0,0
418068,ECG,7162,-109,0,0,0,0,0
418073,ECG,7163,-27,0,0,0,0,0
418073,ECG,7164,39,0,0,0,0,0
418073,ECG,7165,64,0,0,0,0,0
418078,ECG,7166,38,0,0,0,0,0
418078,ECG,7167,-26,0,0,0,0,0
411263,PPG,100,146222,70696,0,0,0,0
411323,PPG,101,146196,70696,0,0,0,0
411400,PPG,102,146176,70683,0,0,0,0
411479,PPG,103,146161,70676,0,0,0,0
411562,PPG,104,146130,70669,0,0,0,0
411638,PPG,105,146120,70658,0,0,0,0
411716,PPG,106,146099,70642,0,0,0,0
411798,PPG,107,146089,70640,0,0,0,0
411904,PPG,108,146066,70618,0,0,0,0
411956,PPG,109,146047,70609,0,0,0,0
412039,PPG,110,146024,70603,0,0,0,0
412119,PPG,111,146017,70593,0,0,0,0
412194,PPG,112,145990,70577,0,0,0,0
412271,PPG,113,145963,70584,0,0,0,0
412351,PPG,114,145954,70572,0,0,0,0
412431,PPG,115,145929,70563,0,0,0,0
412510,PPG,116,145917,70542,0,0,0,0
412593,PPG,117,145896,70546,0,0,0,0
412670,PPG,118,145889,70528,0,0,0,0
412758,PPG,119,145880,70524,0,0,0,0
412827,PPG,120,145859,70523,0,0,0,0
412906,PPG,121,145847,70504,0,0,0,0
412985,PPG,122,145826,70504,0,0,0,0
413065,PPG,123,145805,70495,0,0,0,0
413147,PPG,124,145776,70480,0,0,0,0
413223,PPG,125,145769,70476,0,0,0,0
413303,PPG,126,145750,70473,0,0,0,0
413382,PPG,127,145745,70463,0,0,0,0
413461,PPG,128,145730,70444,0,0,0,0
413540,PPG,129,145712,70442,0,0,0,0
413629,PPG,130,145696,70443,0,0,0,0
413701,PPG,131,145683,70427,0,0,0,0
413778,PPG,132,145683,70419,0,0,0,0
413862,PPG,133,145651,70414,0,0,0,0
413939,PPG,134,145652,70403,0,0,0,0
414018,PPG,135,145625,70405,0,0,0,0
414102,PPG,136,145616,70388,0,0,0,0
414180,PPG,137,145597,70387,0,0,0,0
414256,PPG,138,145589,70374,0,0,0,0
414334,PPG,139,145570,70370,0,0,0,0
414413,PPG,140,145562,70359,0,0,0,0
414512,PPG,141,145543,70339,0,0,0,0
414571,PPG,142,145527,70333,0,0,0,0
414655,PPG,143,145522,70335,0,0,0,0
414735,PPG,144,145512,70327,0,0,0,0
414809,PPG,145,145502,70325,0,0,0,0
414889,PPG,146,145482,70305,0,0,0,0
414968,PPG,147,145473,70313,0,0,0,0
415047,PPG,148,145444,70303,0,0,0,0
415126,PPG,149,145434,70293,0,0,0,0
415210,PPG,150,145427,70289,0,0,0,0
415288,PPG,151,145402,70279,0,0,0,0
415365,PPG,152,145401,70281,0,0,0,0
415444,PPG,153,145384,70276,0,0,0,0
415523,PPG,154,145379,70267,0,0,0,0
415602,PPG,155,145374,70259,0,0,0,0
415686,PPG,156,145353,70249,0,0,0,0
415764,PPG,157,145347,70244,0,0,0,0
415840,PPG,158,145331,70250,0,0,0,0
415920,PPG,159,145334,70230,0,0,0,0
416002,PPG,160,145303,70233,0,0,0,0
416080,PPG,161,145287,70223,0,0,0,0
416158,PPG,162,145288,70207,0,0,0,0
416252,PPG,163,145260,70210,0,0,0,0
416319,PPG,164,145273,70202,0,0,0,0
416397,PPG,165,145254,70196,0,0,0,0
416479,PPG,166,145238,70190,0,0,0,0
416554,PPG,167,145228,70185,0,0,0,0
416633,PPG,168,145217,70183,0,0,0,0
416717,PPG,169,145203,70175,0,0,0,0
416795,PPG,170,145197,70166,0,0,0,0
416871,PPG,171,145195,70161,0,0,0,0
416951,PPG,172,145167,70166,0,0,0,0
417030,PPG,173,145159,70151,0,0,0,0
417109,PPG,174,145142,70151,0,0,0,0
417189,PPG,175,145130,70133,0,0,0,0
417272,PPG,176,145122,70129,0,0,0,0
417353,PPG,177,145122,70128,0,0,0,0
417427,PPG,178,145105,70116,0,0,0,0
417506,PPG,179,145100,70109,0,0,0,0
417585,PPG,180,145089,70123,0,0,0,0
417664,PPG,181,145084,70114,0,0,0,0
417744,PPG,182,145071,70093,0,0,0,0
417827,PPG,183,145066,70102,0,0,0,0
417903,PPG,184,145054,70088,0,0,0,0
417982,PPG,185,145050,70083,0,0,0,0
418061,PPG,186,145031,70081,0,0,0,0
418141,PPG,187,145015,70085,0,0,0,0
418231,PPG,188,145006,70072,0,0,0,0
418304,PPG,189,145013,70062,0,0,0,0
418382,PPG,190,144995,70063,0,0,0,0
418460,PPG,191,144982,70062,0,0,0,0
418537,PPG,192,144977,70039,0,0,0,0
418616,PPG,193,144959,70047,0,0,0,0
418696,PPG,194,144959,70035,0,0,0,0
418775,PPG,195,144945,70045,0,0,0,0
418858,PPG,196,144944,70038,0,0,0,0
418934,PPG,197,144925,70040,0,0,0,0
419012,PPG,198,144930,70021,0,0,0,0
419099,PPG,199,144915,70022,0,0,0,0
415246,IMU,624,1360,-84,8312,-100,68,43
415265,IMU,625,1268,-196,8400,-75,69,49
415284,IMU,626,1396,-184,8368,-108,64,39
415303,IMU,627,1288,-124,8408,-76,55,48
415322,IMU,628,1364,-208,8324,-108,62,49
415342,IMU,629,1240,-168,8384,-64,44,36
415361,IMU,630,1340,-232,8400,-76,46,52
415381,IMU,631,1388,-148,8356,-84,54,49
415399,IMU,632,1176,-216,8356,-86,58,43
415418,IMU,633,1268,-184,8416,-86,66,42
415437,IMU,634,1196,-196,8340,-89,60,48
415456,IMU,635,1332,-172,8516,-102,61,35
415476,IMU,636,1284,-116,8408,-104,62,44
415495,IMU,637,1292,-200,8436,-101,54,34
415513,IMU,638,1320,-216,8464,-70,73,46
415532,IMU,639,1200,-236,8420,-91,50,40
415552,IMU,640,1328,-160,8324,-98,66,50
415571,IMU,641,1312,-148,8336,-83,67,48
415593,IMU,642,1284,-204,8332,-85,69,32
415613,IMU,643,1212,-176,8416,-86,51,56
415628,IMU,644,1332,-68,8420,-86,52,37
415647,IMU,645,1252,-124,8364,-79,53,45
415666,IMU,646,1232,-188,8420,-102,66,31
415686,IMU,647,1324,-196,8360,-88,70,30
415705,IMU,648,1308,-272,8440,-88,63,41
415723,IMU,649,1260,-124,8344,-73,63,37
415742,IMU,650,1236,-220,8288,-79,56,50
415762,IMU,651,1280,-232,8380,-77,61,52
415781,IMU,652,1344,-160,8500,-94,58,47
415800,IMU,653,1252,-144,8448,-88,42,47
415821,IMU,654,1220,-164,8376,-96,61,28
415838,IMU,655,1304,-172,8416,-83,59,39
415857,IMU,656,1284,-168,8356,-87,60,56
415877,IMU,657,1224,-212,8428,-116,53,39
415896,IMU,658,1208,-200,8412,-93,55,56
415914,IMU,659,1264,-276,8368,-85,73,43
415933,IMU,660,1300,-148,8448,-92,48,19
415953,IMU,661,1304,-192,8420,-104,59,46
415972,IMU,662,1256,-128,8264,-97,66,50
415991,IMU,663,1224,-172,8412,-95,66,48
416010,IMU,664,1220,-216,8348,-74,66,43
416031,IMU,665,1308,-200,8472,-100,69,37
416048,IMU,666,1208,-120,8376,-108,63,40
416067,IMU,667,1316,-208,8392,-84,41,56
416087,IMU,668,1272,-176,8372,-81,76,39
416106,IMU,669,1292,-244,8308,-89,66,49
416124,IMU,670,1364,-132,8436,-90,71,48
416143,IMU,671,1352,-216,8328,-90,49,39
416163,IMU,672,1300,-188,8404,-90,70,30
416182,IMU,673,1300,-164,8444,-92,59,48
416201,IMU,674,1284,-212,8412,-101,65,35
416220,IMU,675,1272,-256,8304,-99,62,47
416245,IMU,676,1352,-224,8428,-90,59,39
416260,IMU,677,1288,-180,8512,-74,50,33
416277,IMU,678,1284,-164,8348,-78,52,44
416297,IMU,679,1380,-200,8332,-94,65,50
416316,IMU,680,1240,-120,8476,-92,64,44
416335,IMU,681,1296,-192,8372,-77,56,38
416353,IMU,682,1284,-212,8388,-89,73,37
416373,IMU,683,1312,-148,8444,-90,61,40
416392,IMU,684,1240,-184,8436,-99,68,54
416411,IMU,685,1420,-156,8376,-81,57,59
416430,IMU,686,1240,-152,8444,-93,55,42
416449,IMU,687,1336,-204,8440,-83,52,41
416471,IMU,688,1284,-148,8416,-57,61,58
416488,IMU,689,1336,-192,8316,-73,76,54
416507,IMU,690,1264,-216,8340,-86,75,46
416526,IMU,691,1316,-148,8388,-92,72,43
416545,IMU,692,1272,-268,8396,-78,60,39
416564,IMU,693,1340,-16,8404,-82,68,48
416583,IMU,694,1300,-280,8444,-85,58,42
416602,IMU,695,1328,-140,8448,-72,62,25
416621,IMU,696,1204,-208,8420,-98,59,35
416640,IMU,697,1260,-168,8404,-87,65,32
416659,IMU,698,1296,-212,8496,-96,51,34
416681,IMU,699,1324,-188,8472,-80,66,50
416699,IMU,700,1208,-228,8428,-87,68,46
416717,IMU,701,1240,-164,8408,-85,77,35
416736,IMU,702,1216,-84,8376,-88,63,46
416755,IMU,703,1172,-160,8444,-75,67,51
416774,IMU,704,1224,-152,8412,-92,66,40
416793,IMU,705,1280,-148,8392,-84,58,43
416812,IMU,706,1232,-244,8400,-84,60,50
416831,IMU,707,1228,-172,8420,-78,68,36
416850,IMU,708,1320,-288,8448,-85,52,30
416869,IMU,709,1344,-196,8364,-79,64,38
416889,IMU,710,1200,-212,8412,-83,65,51
416909,IMU,711,1304,-208,8372,-76,48,39
416927,IMU,712,1352,-160,8332,-88,59,57
416946,IMU,713,1196,-248,8392,-96,61,36
416965,IMU,714,1300,-184,8408,-87,67,45
416984,IMU,715,1260,-288,8392,-99,77,40
417003,IMU,716,1268,-116,8464,-84,49,37
417023,IMU,717,1300,-216,8396,-101,66,45
417041,IMU,718,1184,-196,8356,-89,27,45
417060,IMU,719,1296,-172,8456,-71,60,48
417080,IMU,720,1320,-268,8432,-104,67,35
417099,IMU,721,1288,-96,8432,-90,38,40
417121,IMU,722,1220,-268,8420,-68,60,48
417138,IMU,723,1248,-136,8380,-74,53,31
417156,IMU,724,1328,-216,8388,-81,61,53
417175,IMU,725,1284,-224,8456,-76,66,45
417194,IMU,726,1232,-232,8440,-93,63,47
417214,IMU,727,1284,-112,8368,-98,55,34
417233,IMU,728,1328,-200,8332,-90,51,37
417251,IMU,729,1212,-184,8472,-107,63,48
417272,IMU,730,1320,-68,8424,-90,62,51
417290,IMU,731,1452,-164,8292,-82,57,32
417309,IMU,732,1256,-196,8412,-102,76,35
417328,IMU,733,1384,-168,8392,-92,67,47
417349,IMU,734,1356,-116,8416,-86,51,33
417366,IMU,735,1252,-136,8428,-105,60,60
417385,IMU,736,1204,-88,8444,-86,68,34
417405,IMU,737,1248,-256,8328,-93,74,42
417424,IMU,738,1300,-188,8332,-82,43,30
417443,IMU,739,1320,-136,8388,-85,63,37
417462,IMU,740,1256,-228,8416,-96,71,40
417480,IMU,741,1300,-192,8424,-89,61,45
417500,IMU,742,1220,-256,8516,-101,50,44
417519,IMU,743,1272,-228,8404,-84,61,40
417538,IMU,744,1268,-140,8432,-89,53,40
417560,IMU,745,1360,-232,8448,-80,68,31
417576,IMU,746,1296,-256,8368,-103,56,39
417595,IMU,747,1216,-184,8372,-86,58,42
417614,IMU,748,1268,-128,8400,-89,63,60
417634,IMU,749,1284,-140,8456,-89,61,46
417653,IMU,750,1300,-204,8400,-88,68,64
417672,IMU,751,1292,-108,8428,-86,62,39
417690,IMU,752,1300,-232,8428,-81,71,35
417710,IMU,753,1408,-152,8384,-87,61,50
417729,IMU,754,1356,-164,8428,-86,53,62
417748,IMU,755,1236,-152,8460,-98,60,38
417767,IMU,756,1304,-244,8380,-90,55,44
417789,IMU,757,1248,-268,8392,-103,56,56
417805,IMU,758,1252,-248,8424,-102,56,37
417825,IMU,759,1288,-204,8376,-89,63,29
417844,IMU,760,1280,-232,8312,-84,53,49
417863,IMU,761,1308,-188,8388,-90,57,49
417882,IMU,762,1264,-100,8408,-98,50,36
417901,IMU,763,1260,-28,8340,-92,62,26
417920,IMU,764,1220,-204,8340,-88,76,38
417940,IMU,765,1288,-308,8416,-74,47,59
417959,IMU,766,1240,-124,8452,-97,55,50
417977,IMU,767,1348,-176,8404,-94,62,41
417998,IMU,768,1348,-208,8408,-99,68,46
418016,IMU,769,1164,-192,8364,-92,54,36
418035,IMU,770,1316,-84,8392,-77,65,42
418054,IMU,771,1264,-136,8252,-85,54,37
418073,IMU,772,1268,-96,8360,-88,43,46
418092,IMU,773,1304,-200,8464,-96,66,54
418111,IMU,774,1228,-220,8468,-93,69,27
418130,IMU,775,1252,-176,8428,-87,56,46
418149,IMU,776,1264,-220,8352,-88,68,56
418169,IMU,777,1308,-180,8384,-111,57,47
418187,IMU,778,1276,-248,8428,-76,58,33
418208,IMU,779,1372,-304,8416,-92,58,55
418231,IMU,780,1284,-108,8432,-108,63,36
418245,IMU,781,1352,-220,8392,-104,45,58
418264,IMU,782,1260,-248,8400,-99,60,46
418283,IMU,783,1280,-88,8388,-94,70,48
418304,IMU,784,1348,-128,8320,-95,49,49
418321,IMU,785,1304,-220,8356,-85,49,42
418340,IMU,786,1364,-172,8384,-77,67,55
418360,IMU,787,1260,-168,8416,-87,51,59
418379,IMU,788,1296,-208,8448,-91,75,36
418397,IMU,789,1240,-204,8388,-74,53,44
418416,IMU,790,1260,-116,8412,-98,75,40
418437,IMU,791,1284,-256,8416,-93,69,63
418455,IMU,792,1272,-212,8388,-74,53,29
418474,IMU,793,1216,-328,8460,-85,60,32
418493,IMU,794,1276,-148,8384,-89,52,46
418512,IMU,795,1228,-172,8396,-70,65,34
418531,IMU,796,1268,-128,8348,-91,60,56
418550,IMU,797,1324,-276,8440,-104,81,34
418570,IMU,798,1244,-176,8260,-81,69,46
418589,IMU,799,1216,-252,8468,-92,76,57
418607,IMU,800,1216,-80,8384,-96,60,39
418627,IMU,801,1288,-132,8360,-90,61,42
418650,IMU,802,1240,-244,8384,-96,54,40
418667,IMU,803,1232,-192,8496,-83,59,53
418684,IMU,804,1296,-112,8328,-85,59,49
418703,IMU,805,1200,-280,8432,-98,78,45
418722,IMU,806,1316,-252,8452,-93,59,28
418741,IMU,807,1300,-292,8416,-84,53,39
418761,IMU,808,1228,-252,8416,-104,54,64
418780,IMU,809,1240,-248,8332,-86,50,36
418798,IMU,810,1180,-140,8332,-100,43,41
418817,IMU,811,1300,-176,8348,-87,77,48
418837,IMU,812,1200,-220,8432,-79,65,42
418858,IMU,813,1356,-140,8364,-90,66,30
418878,IMU,814,1276,-208,8408,-83,58,56
418894,IMU,815,1344,-192,8440,-88,60,40
418913,IMU,816,1308,-220,8412,-80,53,47
418932,IMU,817,1128,-144,8332,-85,63,56
418952,IMU,818,1248,-148,8436,-84,49,37
418971,IMU,819,1192,-164,8380,-80,53,27
418990,IMU,820,1256,-156,8412,-64,52,32
419008,IMU,821,1352,-120,8320,-82,46,38
419028,IMU,822,1228,-264,8324,-80,77,43
419047,IMU,823,1172,-212,8388,-82,76,42
419066,IMU,824,1280,-196,8416,-100,67,36
419088,IMU,825,1356,-192,8360,-87,73,45
419105,IMU,826,1240,-132,8444,-94,52,36
419123,IMU,827,1320,-228,8384,-96,64,39
419143,IMU,828,1216,-216,8388,-81,59,48
419162,IMU,829,1204,-188,8424,-80,56,44
419181,IMU,830,1296,-228,8332,-78,69,41
419200,IMU,831,1312,-112,8460,-89,59,44
418083,ECG,7168,-157,0,0,0,0,0
418083,ECG,7169,-173,0,0,0,0,0
418088,ECG,7170,-148,0,0,0,0,0
418088,ECG,7171,-87,0,0,0,0,0
418093,ECG,7172,55,0,0,0,0,0
418093,ECG,7173,86,0,0,0,0,0
418098,ECG,7174,63,0,0,0,0,0
418098,ECG,7175,-5,0,0,0,0,0
418098,ECG,7176,-89,0,0,0,0,0
418103,ECG,7177,-158,0,0,0,0,0
418103,ECG,7178,-190,0,0,0,0,0
418108,ECG,7179,-177,0,0,0,0,0
418108,ECG,7180,-127,0,0,0,0,0
418108,ECG,7181,-54,0,0,0,0,0
418113,ECG,7182,17,0,0,0,0,0
418113,ECG,7183,56,0,0,0,0,0
418118,ECG,7184,44,0,0,0,0,0
418118,ECG,7185,-12,0,0,0,0,0
418118,ECG,7186,-90,0,0,0,0,0
418123,ECG,7187,-158,0,0,0,0,0
418123,ECG,7188,-189,0,0,0,0,0
418128,ECG,7189,-175,0,0,0,0,0
418128,ECG,7190,-125,0,0,0,0,0
418128,ECG,7191,-49,0,0,0,0,0
418133,ECG,7192,25,0,0,0,0,0
418133,ECG,7193,68,0,0,0,0,0
418138,ECG,7194,14,0,0,0,0,0
418138,ECG,7195,-67,0,0,0,0,0
418143,ECG,7196,-140,0,0,0,0,0
418143,ECG,7197,-184,0,0,0,0,0
418148,ECG,7198,-141,0,0,0,0,0
418148,ECG,7199,-72,0,0,0,0,0
418153,ECG,7200,-2,0,0,0,0,0
418153,ECG,7201,47,0,0,0,0,0
418153,ECG,7202,53,0,0,0,0,0
418158,ECG,7203,8,0,0,0,0,0
418158,ECG,7204,-66,0,0,0,0,0
418163,ECG,7205,-142,0,0,0,0,0
418163,ECG,7206,-190,0,0,0,0,0
418163,ECG,7207,-193,0,0,0,0,0
418168,ECG,7208,-155,0,0,0,0,0
418168,ECG,7209,-86,0,0,0,0,0
418173,ECG,7210,-12,0,0,0,0,0
418173,ECG,7211,41,0,0,0,0,0
418173,ECG,7212,52,0,0,0,0,0
418178,ECG,7213,12,0,0,0,0,0
418178,ECG,7214,-61,0,0,0,0,0
418183,ECG,7215,-195,0,0,0,0,0
418183,ECG,7216,-205,0,0,0,0,0
418188,ECG,7217,-171,0,0,0,0,0
418188,ECG,7218,-105,0,0,0,0,0
418188,ECG,7219,-30,0,0,0,0,0
418193,ECG,7220,32,0,0,0,0,0
418193,ECG,7221,54,0,0,0,0,0
418198,ECG,7222,23,0,0,0,0,0
418198,ECG,7223,-45,0,0,0,0,0
418198,ECG,7224,-122,0,0,0,0,0
418203,ECG,7225,-183,0,0,0,0,0
418203,ECG,7226,-198,0,0,0,0,0
418208,ECG,7227,-172,0,0,0,0,0
418208,ECG,7228,-110,0,0,0,0,0
418208,ECG,7229,-32,0,0,0,0,0
418213,ECG,7230,34,0,0,0,0,0
418213,ECG,7231,63,0,0,0,0,0
418218,ECG,7232,41,0,0,0,0,0
418218,ECG,7233,-22,0,0,0,0,0
418218,ECG,7234,-103,0,0,0,0,0
418223,ECG,7235,-168,0,0,0,0,0
418223,ECG,7236,-192,0,0,0,0,0
418228,ECG,7237,-173,0,0,0,0,0
418228,ECG,7238,-119,0,0,0,0,0
418228,ECG,7239,-47,0,0,0,0,0
418233,ECG,7240,15,0,0,0,0,0
418233,ECG,7241,48,0,0,0,0,0
418238,ECG,7242,-22,0,0,0,0,0
418238,ECG,7243,-98,0,0,0,0,0
418243,ECG,7244,-159,0,0,0,0,0
418243,ECG,7245,-186,0,0,0,0,0
418243,ECG,7246,-173,0,0,0,0,0
418248,ECG,7247,-123,0,0,0,0,0
418248,ECG,7248,-51,0,0,0,0,0
418253,ECG,7249,15,0,0,0,0,0
418253,ECG,7250,50,0,0,0,0,0
418253,ECG,7251,41,0,0,0,0,0
418258,ECG,7252,-14,0,0,0,0,0
418258,ECG,7253,-92,0,0,0,0,0
418263,ECG,7254,-162,0,0,0,0,0
418263,ECG,7255,-200,0,0,0,0,0
418263,ECG,7256,-191,0,0,0,0,0
418268,ECG,7257,-143,0,0,0,0,0
418268,ECG,7258,-71,0,0,0,0,0
418273,ECG,7259,3,0,0,0,0,0
418273,ECG,7260,52,0,0,0,0,0
418273,ECG,7261,54,0,0,0,0,0
418278,ECG,7262,5,0,0,0,0,0
418278,ECG,7263,-72,0,0,0,0,0
418283,ECG,7264,-145,0,0,0,0,0
418283,ECG,7265,-189,0,0,0,0,0
418283,ECG,7266,-190,0,0,0,0,0
418288,ECG,7267,-150,0,0,0,0,0
418288,ECG,7268,-78,0,0,0,0,0
418293,ECG,7269,50,0,0,0,0,0
418293,ECG,7270,59,0,0,0,0,0
418298,ECG,7271,15,0,0,0,0,0
418298,ECG,7272,-58,0,0,0,0,0
418298,ECG,7273,-133,0,0,0,0,0
418303,ECG,7274,-182,0,0,0,0,0
418303,ECG,7275,-184,0,0,0,0,0
418308,ECG,7276,-145,0,0,0,0,0
418308,ECG,7277,-79,0,0,0,0,0
418308,ECG,7278,-2,0,0,0,0,0
418313,ECG,7279,56,0,0,0,0,0
418313,ECG,7280,67,0,0,0,0,0
418318,ECG,7281,26,0,0,0,0,0
418318,ECG,7282,-50,0,0,0,0,0
418318,ECG,7283,-132,0,0,0,0,0
418323,ECG,7284,-188,0,0,0,0,0
418323,ECG,7285,-200,0,0,0,0,0
418328,ECG,7286,-167,0,0,0,0,0
418328,ECG,7287,-100,0,0,0,0,0
418328,ECG,7288,-19,0,0,0,0,0
418333,ECG,7289,46,0,0,0,0,0
418333,ECG,7290,71,0,0,0,0,0
418338,ECG,7291,42,0,0,0,0,0
418338,ECG,7292,-29,0,0,0,0,0
418338,ECG,7293,-110,0,0,0,0,0
418343,ECG,7294,-171,0,0,0,0,0
418343,ECG,7295,-194,0,0,0,0,0
418348,ECG,7296,-111,0,0,0,0,0
418348,ECG,7297,-34,0,0,0,0,0
418353,ECG,7298,35,0,0,0,0,0
418353,ECG,7299,67,0,0,0,0,0
418358,ECG,7300,-19,0,0,0,0,0
418358,ECG,7301,-99,0,0,0,0,0
418363,ECG,7302,-168,0,0,0,0,0
418363,ECG,7303,-195,0,0,0,0,0
418363,ECG,7304,-176,0,0,0,0,0
418368,ECG,7305,-125,0,0,0,0,0
418368,ECG,7306,-49,0,0,0,0,0
418373,ECG,7307,22,0,0,0,0,0
418373,ECG,7308,58,0,0,0,0,0
418373,ECG,7309,44,0,0,0,0,0
418378,ECG,7310,-14,0,0,0,0,0
418378,ECG,7311,-94,0,0,0,0,0
418383,ECG,7312,-160,0,0,0,0,0
418383,ECG,7313,-190,0,0,0,0,0
418383,ECG,7314,-176,0,0,0,0,0
418388,ECG,7315,-125,0,0,0,0,0
418388,ECG,7316,-49,0,0,0,0,0
418393,ECG,7317,21,0,0,0,0,0
418393,ECG,7318,60,0,0,0,0,0
418393,ECG,7319,51,0,0,0,0,0
418398,ECG,7320,-7,0,0,0,0,0
418398,ECG,7321,-89,0,0,0,0,0
418403,ECG,7322,-203,0,0,0,0,0
418403,ECG,7323,-196,0,0,0,0,0
418408,ECG,7324,-146,0,0,0,0,0
418408,ECG,7325,-67,0,0,0,0,0
418413,ECG,7326,61,0,0,0,0,0
418413,ECG,7327,65,0,0,0,0,0
418418,ECG,7328,16,0,0,0,0,0
418418,ECG,7329,-63,0,0,0,0,0
418418,ECG,7330,-140,0,0,0,0,0
418423,ECG,7331,-188,0,0,0,0,0
418423,ECG,7332,-190,0,0,0,0,0
418428,ECG,7333,-150,0,0,0,0,0
418428,ECG,7334,-81,0,0,0,0,0
418428,ECG,7335,-6,0,0,0,0,0
418433,ECG,7336,46,0,0,0,0,0
418433,ECG,7337,58,0,0,0,0,0
418438,ECG,7338,19,0,0,0,0,0
418438,ECG,7339,-52,0,0,0,0,0
418438,ECG,7340,-126,0,0,0,0,0
418443,ECG,7341,-174,0,0,0,0,0
418443,ECG,7342,-179,0,0,0,0,0
418448,ECG,7343,-142,0,0,0,0,0
418448,ECG,7344,-76,0,0,0,0,0
418448,ECG,7345,-2,0,0,0,0,0
418453,ECG,7346,55,0,0,0,0,0
418453,ECG,7347,73,0,0,0,0,0
418453,ECG,7348,36,0,0,0,0,0
418458,ECG,7349,-37,0,0,0,0,0
418458,ECG,7350,-116,0,0,0,0,0
418463,ECG,7351,-176,0,0,0,0,0
418463,ECG,7352,-194,0,0,0,0,0
418463,ECG,7353,-163,0,0,0,0,0
418468,ECG,7354,-101,0,0,0,0,0
418468,ECG,7355,-24,0,0,0,0,0
418473,ECG,7356,39,0,0,0,0,0
418473,ECG,7357,63,0,0,0,0,0
418473,ECG,7358,35,0,0,0,0,0
418478,ECG,7359,-34,0,0,0,0,0
418478,ECG,7360,-122,0,0,0,0,0
418483,ECG,7361,-187,0,0,0,0,0
418483,ECG,7362,-208,0,0,0,0,0
418483,ECG,7363,-183,0,0,0,0,0
418488,ECG,7364,-118,0,0,0,0,0
418488,ECG,7365,-31,0,0,0,0,0
418493,ECG,7366,43,0,0,0,0,0
418493,ECG,7367,79,0,0,0,0,0
418493,ECG,7368,63,0,0,0,0,0
418498,ECG,7369,-5,0,0,0,0,0
418498,ECG,7370,-88,0,0,0,0,0
418503,ECG,7371,-187,0,0,0,0,0
418503,ECG,7372,-169,0,0,0,0,0
418508,ECG,7373,-112,0,0,0,0,0
418508,ECG,7374,-36,0,0,0,0,0
418513,ECG,7375,72,0,0,0,0,0
418513,ECG,7376,58,0,0,0,0,0
418518,ECG,7377,-1,0,0,0,0,0
418518,ECG,7378,-78,0,0,0,0,0
418518,ECG,7379,-146,0,0,0,0,0
418523,ECG,7380,-179,0,0,0,0,0
418523,ECG,7381,-164,0,0,0,0,0
418528,ECG,7382,-114,0,0,0,0,0
418528,ECG,7383,-37,0,0,0,0,0
418528,ECG,7384,39,0,0,0,0,0
418533,ECG,7385,85,0,0,0,0,0
418533,ECG,7386,83,0,0,0,0,0
418538,ECG,7387,29,0,0,0,0,0
418538,ECG,7388,-53,0,0,0,0,0
418538,ECG,7389,-129,0,0,0,0,0
418543,ECG,7390,-173,0,0,0,0,0
418543,ECG,7391,-174,0,0,0,0,0
418548,ECG,7392,-130,0,0,0,0,0
418548,ECG,7393,-58,0,0,0,0,0
418548,ECG,7394,19,0,0,0,0,0
418553,ECG,7395,71,0,0,0,0,0
418553,ECG,7396,76,0,0,0,0,0
418558,ECG,7397,-54,0,0,0,0,0
418558,ECG,7398,-132,0,0,0,0,0
418563,ECG,7399,-178,0,0,0,0,0
418563,ECG,7400,-175,0,0,0,0,0
418568,ECG,7401,-55,0,0,0,0,0
418568,ECG,7402,34,0,0,0,0,0
418573,ECG,7403,97,0,0,0,0,0
418573,ECG,7404,109,0,0,0,0,0
418573,ECG,7405,69,0,0,0,0,0
418578,ECG,7406,-9,0,0,0,0,0
418578,ECG,7407,-99,0,0,0,0,0
418583,ECG,7408,-162,0,0,0,0,0
418583,ECG,7409,-180,0,0,0,0,0
418583,ECG,7410,-154,0,0,0,0,0
418588,ECG,7411,-92,0,0,0,0,0
418588,ECG,7412,-14,0,0,0,0,0
418593,ECG,7413,48,0,0,0,0,0
418593,ECG,7414,72,0,0,0,0,0
418593,ECG,7415,41,0,0,0,0,0
418598,ECG,7416,-30,0,0,0,0,0
418598,ECG,7417,-109,0,0,0,0,0
418603,ECG,7418,-167,0,0,0,0,0
418603,ECG,7419,-185,0,0,0,0,0
418603,ECG,7420,-156,0,0,0,0,0
418608,ECG,7421,-90,0,0,0,0,0
418608,ECG,7422,-10,0,0,0,0,0
418613,ECG,7423,90,0,0,0,0,0
418613,ECG,7424,67,0,0,0,0,0
418618,ECG,7425,1,0,0,0,0,0
418618,ECG,7426,-80,0,0,0,0,0
418623,ECG,7427,-166,0,0,0,0,0
418623,ECG,7428,-147,0,0,0,0,0
418629,ECG,7429,-16,0,0,0,0,0
418629,ECG,7430,48,0,0,0,0,0
418634,ECG,7431,79,0,0,0,0,0
418634,ECG,7432,60,0,0,0,0,0
418634,ECG,7433,-5,0,0,0,0,0
418639,ECG,7434,-84,0,0,0,0,0
418639,ECG,7435,-150,0,0,0,0,0
418644,ECG,7436,-181,0,0,0,0,0
418644,ECG,7437,-164,0,0,0,0,0
418644,ECG,7438,-111,0,0,0,0,0
418649,ECG,7439,-39,0,0,0,0,0
418649,ECG,7440,34,0,0,0,0,0
418654,ECG,7441,76,0,0,0,0,0
418654,ECG,7442,69,0,0,0,0,0
418654,ECG,7443,19,0,0,0,0,0
418659,ECG,7444,-56,0,0,0,0,0
418659,ECG,7445,-125,0,0,0,0,0
418664,ECG,7446,-153,0,0,0,0,0
418664,ECG,7447,-107,0,0,0,0,0
418669,ECG,7448,-35,0,0,0,0,0
418669,ECG,7449,38,0,0,0,0,0
418674,ECG,7450,82,0,0,0,0,0
418674,ECG,7451,33,0,0,0,0,0
418679,ECG,7452,-47,0,0,0,0,0
418679,ECG,7453,-125,0,0,0,0,0
418679,ECG,7454,-173,0,0,0,0,0
418684,ECG,7455,-178,0,0,0,0,0
418684,ECG,7456,-141,0,0,0,0,0
418689,ECG,7457,-73,0,0,0,0,0
418689,ECG,7458,1,0,0,0,0,0
418689,ECG,7459,49,0,0,0,0,0
418694,ECG,7460,54,0,0,0,0,0
418694,ECG,7461,15,0,0,0,0,0
418699,ECG,7462,-57,0,0,0,0,0
418699,ECG,7463,-126,0,0,0,0,0
418699,ECG,7464,-169,0,0,0,0,0
418704,ECG,7465,-172,0,0,0,0,0
418704,ECG,7466,-129,0,0,0,0,0
418709,ECG,7467,-58,0,0,0,0,0
418709,ECG,7468,17,0,0,0,0,0
418709,ECG,7469,72,0,0,0,0,0
418714,ECG,7470,82,0,0,0,0,0
418714,ECG,7471,38,0,0,0,0,0
418719,ECG,7472,-121,0,0,0,0,0
418719,ECG,7473,-177,0,0,0,0,0
418724,ECG,7474,-188,0,0,0,0,0
418724,ECG,7475,-154,0,0,0,0,0
418729,ECG,7476,-3,0,0,0,0,0
418729,ECG,7477,64,0,0,0,0,0
418734,ECG,7478,85,0,0,0,0,0
418734,ECG,7479,52,0,0,0,0,0
418734,ECG,7480,-21,0,0,0,0,0
418739,ECG,7481,-107,0,0,0,0,0
418739,ECG,7482,-172,0,0,0,0,0
418744,ECG,7483,-196,0,0,0,0,0
418744,ECG,7484,-172,0,0,0,0,0
418744,ECG,7485,-110,0,0,0,0,0
418749,ECG,7486,-30,0,0,0,0,0
418749,ECG,7487,40,0,0,0,0,0
418754,ECG,7488,77,0,0,0,0,0
418754,ECG,7489,58,0,0,0,0,0
418754,ECG,7490,-5,0,0,0,0,0
418759,ECG,7491,-88,0,0,0,0,0
418759,ECG,7492,-156,0,0,0,0,0
418764,ECG,7493,-187,0,0,0,0,0
418764,ECG,7494,-173,0,0,0,0,0
418764,ECG,7495,-126,0,0,0,0,0
418769,ECG,7496,-52,0,0,0,0,0
418769,ECG,7497,16,0,0,0,0,0
418769,ECG,7498,50,0,0,0,0,0
418774,ECG,7499,37,0,0,0,0,0
418774,ECG,7500,-17,0,0,0,0,0
418779,ECG,7501,-95,0,0,0,0,0
418779,ECG,7502,-160,0,0,0,0,0
418784,ECG,7503,-174,0,0,0,0,0
418784,ECG,7504,-122,0,0,0,0,0
418789,ECG,7505,-47,0,0,0,0,0
418789,ECG,7506,20,0,0,0,0,0
418789,ECG,7507,63,0,0,0,0,0
418794,ECG,7508,57,0,0,0,0,0
418794,ECG,7509,1,0,0,0,0,0
418799,ECG,7510,-79,0,0,0,0,0
418799,ECG,7511,-149,0,0,0,0,0
418799,ECG,7512,-188,0,0,0,0,0
418804,ECG,7513,-181,0,0,0,0,0
418804,ECG,7514,-132,0,0,0,0,0
418809,ECG,7515,-60,0,0,0,0,0
418809,ECG,7516,14,0,0,0,0,0
418809,ECG,7517,66,0,0,0,0,0
418814,ECG,7518,69,0,0,0,0,0
418814,ECG,7519,22,0,0,0,0,0
418819,ECG,7520,-131,0,0,0,0,0
418819,ECG,7521,-174,0,0,0,0,0
418824,ECG,7522,-171,0,0,0,0,0
418824,ECG,7523,-126,0,0,0,0,0
418824,ECG,7524,-51,0,0,0,0,0
418829,ECG,7525,28,0,0,0,0,0
418829,ECG,7526,83,0,0,0,0,0
418834,ECG,7527,91,0,0,0,0,0
418834,ECG,7528,45,0,0,0,0,0
418834,ECG,7529,-34,0,0,0,0,0
418839,ECG,7530,-116,0,0,0,0,0
418839,ECG,7531,-172,0,0,0,0,0
418844,ECG,7532,-180,0,0,0,0,0
418844,ECG,7533,-143,0,0,0,0,0
418844,ECG,7534,-75,0,0,0,0,0
418849,ECG,7535,5,0,0,0,0,0
418849,ECG,7536,66,0,0,0,0,0
418854,ECG,7537,84,0,0,0,0,0
418854,ECG,7538,52,0,0,0,0,0
418854,ECG,7539,-19,0,0,0,0,0
418859,ECG,7540,-99,0,0,0,0,0
418859,ECG,7541,-154,0,0,0,0,0
418864,ECG,7542,-168,0,0,0,0,0
418864,ECG,7543,-139,0,0,0,0,0
418864,ECG,7544,-75,0,0,0,0,0
418869,ECG,7545,2,0,0,0,0,0
418869,ECG,7546,65,0,0,0,0,0
418874,ECG,7547,63,0,0,0,0,0
418874,ECG,7548,-5,0,0,0,0,0
418879,ECG,7549,-86,0,0,0,0,0
418879,ECG,7550,-150,0,0,0,0,0
418884,ECG,7551,-150,0,0,0,0,0
418884,ECG,7552,-92,0,0,0,0,0
418889,ECG,7553,-16,0,0,0,0,0
418889,ECG,7554,48,0,0,0,0,0
418889,ECG,7555,76,0,0,0,0,0
418940,ECG,7556,54,0,0,0,0,0
418940,ECG,7557,-12,0,0,0,0,0
418940,ECG,7558,-95,0,0,0,0,0
418940,ECG,7559,-162,0,0,0,0,0
418940,ECG,7560,-191,0,0,0,0,0
418940,ECG,7561,-173,0,0,0,0,0
418940,ECG,7562,-116,0,0,0,0,0
418940,ECG,7563,-38,0,0,0,0,0
418940,ECG,7564,36,0,0,0,0,0
418940,ECG,7565,78,0,0,0,0,0
418940,ECG,7566,70,0,0,0,0,0
418940,ECG,7567,17,0,0,0,0,0
418940,ECG,7568,-61,0,0,0,0,0
418940,ECG,7569,-133,0,0,0,0,0
418940,ECG,7570,-171,0,0,0,0,0
418940,ECG,7571,-167,0,0,0,0,0
418940,ECG,7572,-127,0,0,0,0,0
418940,ECG,7573,-63,0,0,0,0,0
418940,ECG,7574,1,0,0,0,0,0
418940,ECG,7575,39,0,0,0,0,0
418940,ECG,7576,33,0,0,0,0,0
418940,ECG,7577,-22,0,0,0,0,0
418940,ECG,7578,-102,0,0,0,0,0
418940,ECG,7579,-176,0,0,0,0,0
418940,ECG,7580,-219,0,0,0,0,0
418940,ECG,7581,-217,0,0,0,0,0
418945,ECG,7582,-172,0,0,0,0,0
418945,ECG,7583,-99,0,0,0,0,0
418950,ECG,7584,-21,0,0,0,0,0
418950,ECG,7585,35,0,0,0,0,0
418950,ECG,7586,46,0,0,0,0,0
418955,ECG,7587,8,0,0,0,0,0
418955,ECG,7588,-65,0,0,0,0,0
418960,ECG,7589,-143,0,0,0,0,0
418960,ECG,7590,-195,0,0,0,0,0
418960,ECG,7591,-203,0,0,0,0,0
418965,ECG,7592,-169,0,0,0,0,0
418965,ECG,7593,-105,0,0,0,0,0
418970,ECG,7594,36,0,0,0,0,0
418970,ECG,7595,64,0,0,0,0,0
418975,ECG,7596,41,0,0,0,0,0
418975,ECG,7597,-21,0,0,0,0,0
418980,ECG,7598,-156,0,0,0,0,0
418980,ECG,7599,-179,0,0,0,0,0
418985,ECG,7600,-158,0,0,0,0,0
418985,ECG,7601,-106,0,0,0,0,0
418985,ECG,7602,-39,0,0,0,0,0
418990,ECG,7603,20,0,0,0,0,0
418990,ECG,7604,47,0,0,0,0,0
418995,ECG,7605,25,0,0,0,0,0
418995,ECG,7606,-39,0,0,0,0,0
418995,ECG,7607,-118,0,0,0,0,0
419000,ECG,7608,-182,0,0,0,0,0
419000,ECG,7609,-205,0,0,0,0,0
419005,ECG,7610,-182,0,0,0,0,0
419005,ECG,7611,-120,0,0,0,0,0
419005,ECG,7612,-37,0,0,0,0,0
419010,ECG,7613,34,0,0,0,0,0
419010,ECG,7614,73,0,0,0,0,0
419015,ECG,7615,60,0,0,0,0,0
419015,ECG,7616,-2,0,0,0,0,0
419015,ECG,7617,-87,0,0,0,0,0
419020,ECG,7618,-160,0,0,0,0,0
419020,ECG,7619,-196,0,0,0,0,0
419025,ECG,7620,-135,0,0,0,0,0
419025,ECG,7621,-60,0,0,0,0,0
419030,ECG,7622,14,0,0,0,0,0
419030,ECG,7623,59,0,0,0,0,0
419035,ECG,7624,7,0,0,0,0,0
419035,ECG,7625,-71,0,0,0,0,0
419040,ECG,7626,-148,0,0,0,0,0
419040,ECG,7627,-190,0,0,0,0,0
419040,ECG,7628,-188,0,0,0,0,0
419045,ECG,7629,-145,0,0,0,0,0
419045,ECG,7630,-75,0,0,0,0,0
419050,ECG,7631,-1,0,0,0,0,0
419050,ECG,7632,52,0,0,0,0,0
419050,ECG,7633,60,0,0,0,0,0
419055,ECG,7634,13,0,0,0,0,0
419055,ECG,7635,-61,0,0,0,0,0
419060,ECG,7636,-138,0,0,0,0,0
419060,ECG,7637,-187,0,0,0,0,0
419060,ECG,7638,-192,0,0,0,0,0
419065,ECG,7639,-156,0,0,0,0,0
419065,ECG,7640,-91,0,0,0,0,0
419070,ECG,7641,-19,0,0,0,0,0
419070,ECG,7642,32,0,0,0,0,0
419070,ECG,7643,40,0,0,0,0,0
419075,ECG,7644,0,0,0,0,0,0
419075,ECG,7645,-75,0,0,0,0,0
419075,ECG,7646,-155,0,0,0,0,0
419080,ECG,7647,-204,0,0,0,0,0
419080,ECG,7648,-211,0,0,0,0,0
419085,ECG,7649,-175,0,0,0,0,0
419085,ECG,7650,-106,0,0,0,0,0
419090,ECG,7651,36,0,0,0,0,0
419090,ECG,7652,60,0,0,0,0,0
419095,ECG,7653,30,0,0,0,0,0
419095,ECG,7654,-37,0,0,0,0,0
419095,ECG,7655,-113,0,0,0,0,0
419100,ECG,7656,-171,0,0,0,0,0
419100,ECG,7657,-189,0,0,0,0,0
419105,ECG,7658,-161,0,0,0,0,0
419105,ECG,7659,-96,0,0,0,0,0
419105,ECG,7660,-16,0,0,0,0,0
419110,ECG,7661,49,0,0,0,0,0
419110,ECG,7662,79,0,0,0,0,0
419115,ECG,7663,57,0,0,0,0,0
419115,ECG,7664,-9,0,0,0,0,0
419115,ECG,7665,-93,0,0,0,0,0
419120,ECG,7666,-163,0,0,0,0,0
419120,ECG,7667,-196,0,0,0,0,0
419125,ECG,7668,-185,0,0,0,0,0
419125,ECG,7669,-136,0,0,0,0,0
419125,ECG,7670,-65,0,0,0,0,0
419130,ECG,7671,3,0,0,0,0,0
419130,ECG,7672,39,0,0,0,0,0
419130,ECG,7673,23,0,0,0,0,0
419135,ECG,7674,-36,0,0,0,0,0
419135,ECG,7675,-112,0,0,0,0,0
419140,ECG,7676,-179,0,0,0,0,0
419140,ECG,7677,-209,0,0,0,0,0
419145,ECG,7678,-144,0,0,0,0,0
419145,ECG,7679,-66,0,0,0,0,0
419150,ECG,7680,10,0,0,0,0,0
419150,ECG,7681,54,0,0,0,0,0
419150,ECG,7682,49,0,0,0,0,0
419155,ECG,7683,-6,0,0,0,0,0
419155,ECG,7684,-93,0,0,0,0,0
419160,ECG,7685,-172,0,0,0,0,0
419160,ECG,7686,-217,0,0,0,0,0
419160,ECG,7687,-214,0,0,0,0,0
419165,ECG,7688,-168,0,0,0,0,0
419165,ECG,7689,-91,0,0,0,0,0
419170,ECG,7690,-6,0,0,0,0,0
419170,ECG,7691,55,0,0,0,0,0
419170,ECG,7692,64,0,0,0,0,0
419175,ECG,7693,16,0,0,0,0,0
419175,ECG,7694,-62,0,0,0,0,0
419180,ECG,7695,-193,0,0,0,0,0
419180,ECG,7696,-197,0,0,0,0,0
419185,ECG,7697,-156,0,0,0,0,0
419185,ECG,7698,-82,0,0,0,0,0
419190,ECG,7699,59,0,0,0,0,0
419190,ECG,7700,76,0,0,0,0,0
419195,ECG,7701,39,0,0,0,0,0
419195,ECG,7702,-39,0,0,0,0,0
419195,ECG,7703,-120,0,0,0,0,0
419200,ECG,7704,-173,0,0,0,0,0
419200,ECG,7705,-190,0,0,0,0,0
419205,ECG,7706,-163,0,0,0,0,0
419205,ECG,7707,-102,0,0,0,0,0
419205,ECG,7708,-29,0,0,0,0,0
419210,ECG,7709,26,0,0,0,0,0
419210,ECG,7710,45,0,0,0,0,0
419215,ECG,7711,15,0,0,0,0,0
419215,ECG,7712,-51,0,0,0,0,0
419215,ECG,7713,-128,0,0,0,0,0
419220,ECG,7714,-185,0,0,0,0,0
419220,ECG,7715,-200,0,0,0,0,0
419225,ECG,7716,-174,0,0,0,0,0
419225,ECG,7717,-116,0,0,0,0,0
419225,ECG,7718,-40,0,0,0,0,0
419230,ECG,7719,22,0,0,0,0,0
419230,ECG,7720,46,0,0,0,0,0
419235,ECG,7721,-45,0,0,0,0,0
419235,ECG,7722,-120,0,0,0,0,0
419240,ECG,7723,-180,0,0,0,0,0
419240,ECG,7724,-200,0,0,0,0,0
419245,ECG,7725,-115,0,0,0,0,0
419245,ECG,7726,-34,0,0,0,0,0
419250,ECG,7727,36,0,0,0,0,0
419250,ECG,7728,72,0,0,0,0,0
419250,ECG,7729,55,0,0,0,0,0
419255,ECG,7730,-7,0,0,0,0,0
419255,ECG,7731,-87,0,0,0,0,0
419260,ECG,7732,-153,0,0,0,0,0
419260,ECG,7733,-183,0,0,0,0,0
419260,ECG,7734,-169,0,0,0,0,0
419265,ECG,7735,-118,0,0,0,0,0
419265,ECG,7736,-46,0,0,0,0,0
419270,ECG,7737,25,0,0,0,0,0
419270,ECG,7738,68,0,0,0,0,0
419270,ECG,7739,60,0,0,0,0,0
419275,ECG,7740,4,0,0,0,0,0
419275,ECG,7741,-73,0,0,0,0,0
419280,ECG,7742,-141,0,0,0,0,0
419280,ECG,7743,-176,0,0,0,0,0
419280,ECG,7744,-170,0,0,0,0,0
419285,ECG,7745,-124,0,0,0,0,0
419285,ECG,7746,-52,0,0,0,0,0
419285,ECG,7747,19,0,0,0,0,0
419290,ECG,7748,67,0,0,0,0,0
419290,ECG,7749,69,0,0,0,0,0
419295,ECG,7750,21,0,0,0,0,0
419295,ECG,7751,-53,0,0,0,0,0
419295,ECG,7752,-125,0,0,0,0,0
419300,ECG,7753,-171,0,0,0,0,0
419300,ECG,7754,-172,0,0,0,0,0
419305,ECG,7755,-135,0,0,0,0,0
419305,ECG,7756,-71,0,0,0,0,0
419305,ECG,7757,1,0,0,0,0,0
419310,ECG,7758,51,0,0,0,0,0
419310,ECG,7759,55,0,0,0,0,0
419315,ECG,7760,11,0,0,0,0,0
419315,ECG,7761,-62,0,0,0,0,0
419315,ECG,7762,-140,0,0,0,0,0
419320,ECG,7763,-191,0,0,0,0,0
419320,ECG,7764,-194,0,0,0,0,0
419325,ECG,7765,-157,0,0,0,0,0
419325,ECG,7766,-86,0,0,0,0,0
419325,ECG,7767,0,0,0,0,0,0
419330,ECG,7768,63,0,0,0,0,0
419330,ECG,7769,83,0,0,0,0,0
419335,ECG,7770,-18,0,0,0,0,0
419335,ECG,7771,-98,0,0,0,0,0
419340,ECG,7772,-155,0,0,0,0,0
419340,ECG,7773,-170,0,0,0,0,0
419340,ECG,7774,-141,0,0,0,0,0
419345,ECG,7775,-77,0,0,0,0,0
419345,ECG,7776,2,0,0,0,0,0
419350,ECG,7777,64,0,0,0,0,0
419350,ECG,7778,86,0,0,0,0,0
419350,ECG,7779,55,0,0,0,0,0
419355,ECG,7780,-16,0,0,0,0,0
419355,ECG,7781,-98,0,0,0,0,0
419360,ECG,7782,-158,0,0,0,0,0
419360,ECG,7783,-181,0,0,0,0,0
419360,ECG,7784,-159,0,0,0,0,0
419365,ECG,7785,-101,0,0,0,0,0
419365,ECG,7786,-25,0,0,0,0,0
419370,ECG,7787,35,0,0,0,0,0
419370,ECG,7788,60,0,0,0,0,0
419370,ECG,7789,36,0,0,0,0,0
419375,ECG,7790,-30,0,0,0,0,0
419375,ECG,7791,-105,0,0,0,0,0
419380,ECG,7792,-163,0,0,0,0,0
419380,ECG,7793,-183,0,0,0,0,0
419380,ECG,7794,-157,0,0,0,0,0
419385,ECG,7795,-97,0,0,0,0,0
419385,ECG,7796,-20,0,0,0,0,0
419390,ECG,7797,89,0,0,0,0,0
419390,ECG,7798,74,0,0,0,0,0
419395,ECG,7799,17,0,0,0,0,0
419395,ECG,7800,-60,0,0,0,0,0
419400,ECG,7801,-152,0,0,0,0,0
419400,ECG,7802,-140,0,0,0,0,0
419405,ECG,7803,-93,0,0,0,0,0
419405,ECG,7804,-23,0,0,0,0,0
419405,ECG,7805,43,0,0,0,0,0
419410,ECG,7806,76,0,0,0,0,0
419410,ECG,7807,66,0,0,0,0,0
419415,ECG,7808,7,0,0,0,0,0
419415,ECG,7809,-75,0,0,0,0,0
419415,ECG,7810,-148,0,0,0,0,0
419420,ECG,7811,-185,0,0,0,0,0
419420,ECG,7812,-173,0,0,0,0,0
419425,ECG,7813,-123,0,0,0,0,0
419425,ECG,7814,-47,0,0,0,0,0
419425,ECG,7815,34,0,0,0,0,0
419430,ECG,7816,84,0,0,0,0,0
419430,ECG,7817,84,0,0,0,0,0
419435,ECG,7818,31,0,0,0,0,0
419435,ECG,7819,-53,0,0,0,0,0
419435,ECG,7820,-136,0,0,0,0,0
419440,ECG,7821,-189,0,0,0,0,0
419440,ECG,7822,-196,0,0,0,0,0
419445,ECG,7823,-87,0,0,0,0,0
419445,ECG,7824,-5,0,0,0,0,0
419450,ECG,7825,55,0,0,0,0,0
419450,ECG,7826,72,0,0,0,0,0
419455,ECG,7827,-39,0,0,0,0,0
419455,ECG,7828,-115,0,0,0,0,0
419460,ECG,7829,-169,0,0,0,0,0
419460,ECG,7830,-179,0,0,0,0,0
419460,ECG,7831,-143,0,0,0,0,0
419465,ECG,7832,-76,0,0,0,0,0
419465,ECG,7833,1,0,0,0,0,0
419470,ECG,7834,63,0,0,0,0,0
419470,ECG,7835,80,0,0,0,0,0
419470,ECG,7836,46,0,0,0,0,0
419475,ECG,7837,-26,0,0,0,0,0
419475,ECG,7838,-108,0,0,0,0,0
419480,ECG,7839,-167,0,0,0,0,0
419480,ECG,7840,-181,0,0,0,0,0
419480,ECG,7841,-151,0,0,0,0,0
419485,ECG,7842,-87,0,0,0,0,0
419485,ECG,7843,-8,0,0,0,0,0
419490,ECG,7844,57,0,0,0,0,0
419490,ECG,7845,82,0,0,0,0,0
419490,ECG,7846,56,0,0,0,0,0
419495,ECG,7847,-13,0,0,0,0,0
419495,ECG,7848,-93,0,0,0,0,0
419500,ECG,7849,-177,0,0,0,0,0
419500,ECG,7850,-152,0,0,0,0,0
419505,ECG,7851,-93,0,0,0,0,0
419505,ECG,7852,-14,0,0,0,0,0
419510,ECG,7853,89,0,0,0,0,0
419510,ECG,7854,71,0,0,0,0,0
419515,ECG,7855,6,0,0,0,0,0
419515,ECG,7856,-78,0,0,0,0,0
419515,ECG,7857,-150,0,0,0,0,0
419520,ECG,7858,-187,0,0,0,0,0
419520,ECG,7859,-176,0,0,0,0,0
419525,ECG,7860,-126,0,0,0,0,0
419525,ECG,7861,-52,0,0,0,0,0
419525,ECG,7862,18,0,0,0,0,0
419530,ECG,7863,57,0,0,0,0,0
419530,ECG,7864,48,0,0,0,0,0
419535,ECG,7865,-11,0,0,0,0,0
419535,ECG,7866,-90,0,0,0,0,0
419535,ECG,7867,-158,0,0,0,0,0
419540,ECG,7868,-192,0,0,0,0,0
419540,ECG,7869,-181,0,0,0,0,0
419545,ECG,7870,-131,0,0,0,0,0
419545,ECG,7871,-57,0,0,0,0,0
419545,ECG,7872,18,0,0,0,0,0
419550,ECG,7873,63,0,0,0,0,0
419550,ECG,7874,60,0,0,0,0,0
419555,ECG,7875,-70,0,0,0,0,0
419555,ECG,7876,-142,0,0,0,0,0
419560,ECG,7877,-182,0,0,0,0,0
419560,ECG,7878,-179,0,0,0,0,0
419565,ECG,7879,-67,0,0,0,0,0
419565,ECG,7880,9,0,0,0,0,0
419570,ECG,7881,58,0,0,0,0,0
419570,ECG,7882,63,0,0,0,0,0
419570,ECG,7883,21,0,0,0,0,0
419575,ECG,7884,-54,0,0,0,0,0
419575,ECG,7885,-126,0,0,0,0,0
419580,ECG,7886,-172,0,0,0,0,0
419580,ECG,7887,-172,0,0,0,0,0
419580,ECG,7888,-133,0,0,0,0,0
419585,ECG,7889,-66,0,0,0,0,0
419585,ECG,7890,8,0,0,0,0,0
419590,ECG,7891,58,0,0,0,0,0
419590,ECG,7892,63,0,0,0,0,0
419590,ECG,7893,22,0,0,0,0,0
419595,ECG,7894,-55,0,0,0,0,0
419595,ECG,7895,-135,0,0,0,0,0
419600,ECG,7896,-188,0,0,0,0,0
419600,ECG,7897,-198,0,0,0,0,0
419600,ECG,7898,-163,0,0,0,0,0
419605,ECG,7899,-92,0,0,0,0,0
419605,ECG,7900,-12,0,0,0,0,0
419605,ECG,7901,50,0,0,0,0,0
419610,ECG,7902,73,0,0,0,0,0
419610,ECG,7903,43,0,0,0,0,0
419615,ECG,7904,-27,0,0,0,0,0
419615,ECG,7905,-102,0,0,0,0,0
419620,ECG,7906,-180,0,0,0,0,0
419620,ECG,7907,-150,0,0,0,0,0
419625,ECG,7908,-85,0,0,0,0,0
419625,ECG,7909,-6,0,0,0,0,0
419625,ECG,7910,62,0,0,0,0,0
419630,ECG,7911,90,0,0,0,0,0
419630,ECG,7912,65,0,0,0,0,0
419635,ECG,7913,-2,0,0,0,0,0
419635,ECG,7914,-86,0,0,0,0,0
419635,ECG,7915,-153,0,0,0,0,0
419640,ECG,7916,-181,0,0,0,0,0
419640,ECG,7917,-163,0,0,0,0,0
419645,ECG,7918,-106,0,0,0,0,0
419645,ECG,7919,-27,0,0,0,0,0
419645,ECG,7920,43,0,0,0,0,0
419650,ECG,7921,75,0,0,0,0,0
419650,ECG,7922,60,0,0,0,0,0
419655,ECG,7923,0,0,0,0,0,0
419655,ECG,7924,-82,0,0,0,0,0
419655,ECG,7925,-148,0,0,0,0,0
419660,ECG,7926,-179,0,0,0,0,0
419660,ECG,7927,-163,0,0,0,0,0
419660,ECG,7928,-109,0,0,0,0,0
419665,ECG,7929,-33,0,0,0,0,0
419665,ECG,7930,40,0,0,0,0,0
419670,ECG,7931,79,0,0,0,0,0
419670,ECG,7932,68,0,0,0,0,0
419670,ECG,7933,11,0,0,0,0,0
419675,ECG,7934,-70,0,0,0,0,0
419675,ECG,7935,-143,0,0,0,0,0
419680,ECG,7936,-182,0,0,0,0,0
419680,ECG,7937,-176,0,0,0,0,0
419680,ECG,7938,-131,0,0,0,0,0
419685,ECG,7939,-57,0,0,0,0,0
419685,ECG,7940,17,0,0,0,0,0
419690,ECG,7941,61,0,0,0,0,0
419690,ECG,7942,60,0,0,0,0,0
419690,ECG,7943,10,0,0,0,0,0
419695,ECG,7944,-69,0,0,0,0,0
419695,ECG,7945,-140,0,0,0,0,0
419700,ECG,7946,-184,0,0,0,0,0
419700,ECG,7947,-181,0,0,0,0,0
419700,ECG,7948,-133,0,0,0,0,0
419705,ECG,7949,-60,0,0,0,0,0
419705,ECG,7950,20,0,0,0,0,0
419710,ECG,7951,81,0,0,0,0,0
419710,ECG,7952,37,0,0,0,0,0
419715,ECG,7953,-37,0,0,0,0,0
419715,ECG,7954,-114,0,0,0,0,0
419715,ECG,7955,-163,0,0,0,0,0
419720,ECG,7956,-169,0,0,0,0,0
419720,ECG,7957,-134,0,0,0,0,0
419725,ECG,7958,-66,0,0,0,0,0
419725,ECG,7959,12,0,0,0,0,0
419730,ECG,7960,82,0,0,0,0,0
419730,ECG,7961,44,0,0,0,0,0
419735,ECG,7962,-32,0,0,0,0,0
419735,ECG,7963,-110,0,0,0,0,0
419735,ECG,7964,-168,0,0,0,0,0
419740,ECG,7965,-183,0,0,0,0,0
419740,ECG,7966,-157,0,0,0,0,0
419745,ECG,7967,-98,0,0,0,0,0
419745,ECG,7968,-22,0,0,0,0,0
419745,ECG,7969,42,0,0,0,0,0
419750,ECG,7970,67,0,0,0,0,0
419750,ECG,7971,42,0,0,0,0,0
419755,ECG,7972,-25,0,0,0,0,0
419755,ECG,7973,-104,0,0,0,0,0
419755,ECG,7974,-160,0,0,0,0,0
419760,ECG,7975,-179,0,0,0,0,0
419760,ECG,7976,-157,0,0,0,0,0
419765,ECG,7977,-26,0,0,0,0,0
419765,ECG,7978,34,0,0,0,0,0
419770,ECG,7979,57,0,0,0,0,0
419770,ECG,7980,30,0,0,0,0,0
419775,ECG,7981,-120,0,0,0,0,0
419775,ECG,7982,-181,0,0,0,0,0
419780,ECG,7983,-201,0,0,0,0,0
419780,ECG,7984,-172,0,0,0,0,0
419780,ECG,7985,-110,0,0,0,0,0
419785,ECG,7986,-32,0,0,0,0,0
419785,ECG,7987,38,0,0,0,0,0
419790,ECG,7988,70,0,0,0,0,0
419790,ECG,7989,50,0,0,0,0,0
419790,ECG,7990,-14,0,0,0,0,0
419795,ECG,7991,-96,0,0,0,0,0
419795,ECG,7992,-165,0,0,0,0,0
419800,ECG,7993,-196,0,0,0,0,0
419800,ECG,7994,-181,0,0,0,0,0
419800,ECG,7995,-126,0,0,0,0,0
419805,ECG,7996,-47,0,0,0,0,0
419805,ECG,7997,30,0,0,0,0,0
419810,ECG,7998,77,0,0,0,0,0
419810,ECG,7999,73,0,0,0,0,0
419810,ECG,8000,21,0,0,0,0,0
419815,ECG,8001,-58,0,0,0,0,0
419815,ECG,8002,-133,0,0,0,0,0
419820,ECG,8003,-175,0,0,0,0,0
419820,ECG,8004,-131,0,0,0,0,0
419825,ECG,8005,-61,0,0,0,0,0
419825,ECG,8006,16,0,0,0,0,0
419830,ECG,8007,72,0,0,0,0,0
419830,ECG,8008,27,0,0,0,0,0
419835,ECG,8009,-54,0,0,0,0,0
419835,ECG,8010,-132,0,0,0,0,0
419835,ECG,8011,-180,0,0,0,0,0
419840,ECG,8012,-188,0,0,0,0,0
419840,ECG,8013,-155,0,0,0,0,0
419845,ECG,8014,-90,0,0,0,0,0
419845,ECG,8015,-18,0,0,0,0,0
419845,ECG,8016,30,0,0,0,0,0
419850,ECG,8017,38,0,0,0,0,0
419850,ECG,8018,-5,0,0,0,0,0
419855,ECG,8019,-79,0,0,0,0,0
419855,ECG,8020,-153,0,0,0,0,0
419855,ECG,8021,-203,0,0,0,0,0
419860,ECG,8022,-208,0,0,0,0,0
419860,ECG,8023,-166,0,0,0,0,0
419865,ECG,8024,-97,0,0,0,0,0
419865,ECG,8025,-20,0,0,0,0,0
419865,ECG,8026,40,0,0,0,0,0
419870,ECG,8027,57,0,0,0,0,0
419870,ECG,8028,22,0,0,0,0,0
419875,ECG,8029,-128,0,0,0,0,0
419875,ECG,8030,-187,0,0,0,0,0
419880,ECG,8031,-204,0,0,0,0,0
419880,ECG,8032,-179,0,0,0,0,0
419885,ECG,8033,-42,0,0,0,0,0
419885,ECG,8034,20,0,0,0,0,0
419890,ECG,8035,46,0,0,0,0,0
419890,ECG,8036,20,0,0,0,0,0
419890,ECG,8037,-47,0,0,0,0,0
419895,ECG,8038,-127,0,0,0,0,0
419895,ECG,8039,-190,0,0,0,0,0
419900,ECG,8040,-215,0,0,0,0,0
419900,ECG,8041,-194,0,0,0,0,0
419900,ECG,8042,-137,0,0,0,0,0
419905,ECG,8043,-60,0,0,0,0,0
419905,ECG,8044,12,0,0,0,0,0
419910,ECG,8045,47,0,0,0,0,0
419910,ECG,8046,28,0,0,0,0,0
419910,ECG,8047,-30,0,0,0,0,0
419915,ECG,8048,-108,0,0,0,0,0
419915,ECG,8049,-175,0,0,0,0,0
419920,ECG,8050,-204,0,0,0,0,0
419920,ECG,8051,-192,0,0,0,0,0
419920,ECG,8052,-140,0,0,0,0,0
419971,ECG,8053,-66,0,0,0,0,0
419971,ECG,8054,0,0,0,0,0,0
419971,ECG,8055,35,0,0,0,0,0
419971,ECG,8056,24,0,0,0,0,0
419971,ECG,8057,-33,0,0,0,0,0
419971,ECG,8058,-113,0,0,0,0,0
419971,ECG,8059,-180,0,0,0,0,0
419971,ECG,8060,-214,0,0,0,0,0
419971,ECG,8061,-206,0,0,0,0,0
419971,ECG,8062,-158,0,0,0,0,0
419971,ECG,8063,-83,0,0,0,0,0
419971,ECG,8064,-8,0,0,0,0,0
419971,ECG,8065,40,0,0,0,0,0
419971,ECG,8066,38,0,0,0,0,0
419971,ECG,8067,-13,0,0,0,0,0
419971,ECG,8068,-89,0,0,0,0,0
419971,ECG,8069,-165,0,0,0,0,0
419971,ECG,8070,-214,0,0,0,0,0
419971,ECG,8071,-219,0,0,0,0,0
419971,ECG,8072,-184,0,0,0,0,0
419971,ECG,8073,-120,0,0,0,0,0
419971,ECG,8074,-46,0,0,0,0,0
419971,ECG,8075,6,0,0,0,0,0
419971,ECG,8076,14,0,0,0,0,0
419971,ECG,8077,-24,0,0,0,0,0
419971,ECG,8078,-96,0,0,0,0,0
419976,ECG,8079,-170,0,0,0,0,0
419976,ECG,8080,-218,0,0,0,0,0
419976,ECG,8081,-227,0,0,0,0,0
419981,ECG,8082,-192,0,0,0,0,0
419981,ECG,8083,-125,0,0,0,0,0
419986,ECG,8084,-48,0,0,0,0,0
419986,ECG,8085,12,0,0,0,0,0
419986,ECG,8086,30,0,0,0,0,0
419991,ECG,8087,-7,0,0,0,0,0
419991,ECG,8088,-85,0,0,0,0,0
419996,ECG,8089,-175,0,0,0,0,0
419996,ECG,8090,-242,0,0,0,0,0
419996,ECG,8091,-259,0,0,0,0,0
420001,ECG,8092,-226,0,0,0,0,0
420001,ECG,8093,-155,0,0,0,0,0
420006,ECG,8094,-60,0,0,0,0,0
420006,ECG,8095,24,0,0,0,0,0
420006,ECG,8096,67,0,0,0,0,0
420011,ECG,8097,51,0,0,0,0,0
420011,ECG,8098,-15,0,0,0,0,0
420016,ECG,8099,-174,0,0,0,0,0
420016,ECG,8100,-215,0,0,0,0,0
420021,ECG,8101,-207,0,0,0,0,0
420021,ECG,8102,-155,0,0,0,0,0
420021,ECG,8103,-82,0,0,0,0,0
420026,ECG,8104,-12,0,0,0,0,0
420026,ECG,8105,33,0,0,0,0,0
420031,ECG,8106,30,0,0,0,0,0
420031,ECG,8107,-22,0,0,0,0,0
420031,ECG,8108,-97,0,0,0,0,0
420036,ECG,8109,-165,0,0,0,0,0
420036,ECG,8110,-200,0,0,0,0,0
420041,ECG,8111,-195,0,0,0,0,0
420041,ECG,8112,-152,0,0,0,0,0
420041,ECG,8113,-80,0,0,0,0,0
420046,ECG,8114,-8,0,0,0,0,0
420046,ECG,8115,36,0,0,0,0,0
420051,ECG,8116,33,0,0,0,0,0
420051,ECG,8117,-16,0,0,0,0,0
420051,ECG,8118,-91,0,0,0,0,0
420056,ECG,8119,-161,0,0,0,0,0
420056,ECG,8120,-201,0,0,0,0,0
420061,ECG,8121,-193,0,0,0,0,0
420061,ECG,8122,-144,0,0,0,0,0
420061,ECG,8123,-70,0,0,0,0,0
420066,ECG,8124,7,0,0,0,0,0
420066,ECG,8125,59,0,0,0,0,0
420071,ECG,8126,12,0,0,0,0,0
420071,ECG,8127,-67,0,0,0,0,0
420076,ECG,8128,-146,0,0,0,0,0
420076,ECG,8129,-193,0,0,0,0,0
420081,ECG,8130,-162,0,0,0,0,0
420081,ECG,8131,-95,0,0,0,0,0
420086,ECG,8132,-24,0,0,0,0,0
420086,ECG,8133,23,0,0,0,0,0
420086,ECG,8134,31,0,0,0,0,0
420091,ECG,8135,-13,0,0,0,0,0
420091,ECG,8136,-91,0,0,0,0,0
420096,ECG,8137,-169,0,0,0,0,0
420096,ECG,8138,-219,0,0,0,0,0
420096,ECG,8139,-228,0,0,0,0,0
420101,ECG,8140,-192,0,0,0,0,0
420101,ECG,8141,-123,0,0,0,0,0
420106,ECG,8142,-47,0,0,0,0,0
420106,ECG,8143,11,0,0,0,0,0
420106,ECG,8144,31,0,0,0,0,0
420111,ECG,8145,-2,0,0,0,0,0
420111,ECG,8146,-70,0,0,0,0,0
420116,ECG,8147,-149,0,0,0,0,0
420116,ECG,8148,-209,0,0,0,0,0
420116,ECG,8149,-224,0,0,0,0,0
420121,ECG,8150,-197,0,0,0,0,0
420121,ECG,8151,-138,0,0,0,0,0
420121,ECG,8152,-63,0,0,0,0,0
420126,ECG,8153,2,0,0,0,0,0
420126,ECG,8154,28,0,0,0,0,0
420131,ECG,8155,2,0,0,0,0,0
420131,ECG,8156,-62,0,0,0,0,0
420136,ECG,8157,-199,0,0,0,0,0
420136,ECG,8158,-215,0,0,0,0,0
420141,ECG,8159,-189,0,0,0,0,0
420141,ECG,8160,-129,0,0,0,0,0
420141,ECG,8161,-49,0,0,0,0,0
420146,ECG,8162,16,0,0,0,0,0
420146,ECG,8163,47,0,0,0,0,0
420151,ECG,8164,26,0,0,0,0,0
420151,ECG,8165,-37,0,0,0,0,0
420151,ECG,8166,-118,0,0,0,0,0
420156,ECG,8167,-183,0,0,0,0,0
420156,ECG,8168,-206,0,0,0,0,0
420161,ECG,8169,-184,0,0,0,0,0
420161,ECG,8170,-127,0,0,0,0,0
420161,ECG,8171,-50,0,0,0,0,0
420166,ECG,8172,21,0,0,0,0,0
420166,ECG,8173,62,0,0,0,0,0
420171,ECG,8174,51,0,0,0,0,0
420171,ECG,8175,-8,0,0,0,0,0
420171,ECG,8176,-88,0,0,0,0,0
420176,ECG,8177,-158,0,0,0,0,0
420176,ECG,8178,-194,0,0,0,0,0
420176,ECG,8179,-189,0,0,0,0,0
420181,ECG,8180,-140,0,0,0,0,0
420181,ECG,8181,-64,0,0,0,0,0
420186,ECG,8182,10,0,0,0,0,0
420186,ECG,8183,57,0,0,0,0,0
420191,ECG,8184,4,0,0,0,0,0
420191,ECG,8185,-78,0,0,0,0,0
420196,ECG,8186,-156,0,0,0,0,0
420196,ECG,8187,-205,0,0,0,0,0
420196,ECG,8188,-208,0,0,0,0,0
420201,ECG,8189,-170,0,0,0,0,0
420201,ECG,8190,-104,0,0,0,0,0
420206,ECG,8191,-30,0,0,0,0,0
420206,ECG,8192,24,0,0,0,0,0
420206,ECG,8193,29,0,0,0,0,0
420211,ECG,8194,-16,0,0,0,0,0
420211,ECG,8195,-87,0,0,0,0,0
420216,ECG,8196,-162,0,0,0,0,0
420216,ECG,8197,-208,0,0,0,0,0
420216,ECG,8198,-209,0,0,0,0,0
420221,ECG,8199,-173,0,0,0,0,0
420221,ECG,8200,-108,0,0,0,0,0
420226,ECG,8201,25,0,0,0,0,0
420226,ECG,8202,41,0,0,0,0,0
420231,ECG,8203,7,0,0,0,0,0
420231,ECG,8204,-65,0,0,0,0,0
420231,ECG,8205,-144,0,0,0,0,0
420236,ECG,8206,-202,0,0,0,0,0
420236,ECG,8207,-221,0,0,0,0,0
420241,ECG,8208,-197,0,0,0,0,0
420241,ECG,8209,-139,0,0,0,0,0
420241,ECG,8210,-66,0,0,0,0,0
420246,ECG,8211,-4,0,0,0,0,0
420246,ECG,8212,22,0,0,0,0,0
420251,ECG,8213,-1,0,0,0,0,0
420251,ECG,8214,-67,0,0,0,0,0
420251,ECG,8215,-147,0,0,0,0,0
420256,ECG,8216,-207,0,0,0,0,0
420256,ECG,8217,-228,0,0,0,0,0
420261,ECG,8218,-206,0,0,0,0,0
420261,ECG,8219,-141,0,0,0,0,0
420261,ECG,8220,-60,0,0,0,0,0
420266,ECG,8221,9,0,0,0,0,0
420266,ECG,8222,43,0,0,0,0,0
420271,ECG,8223,20,0,0,0,0,0
420271,ECG,8224,-47,0,0,0,0,0
420271,ECG,8225,-124,0,0,0,0,0
420276,ECG,8226,-186,0,0,0,0,0
420276,ECG,8227,-211,0,0,0,0,0
420281,ECG,8228,-129,0,0,0,0,0
420281,ECG,8229,-55,0,0,0,0,0
420286,ECG,8230,13,0,0,0,0,0
420286,ECG,8231,44,0,0,0,0,0
420291,ECG,8232,-37,0,0,0,0,0
420291,ECG,8233,-116,0,0,0,0,0
420296,ECG,8234,-182,0,0,0,0,0
420296,ECG,8235,-208,0,0,0,0,0
420296,ECG,8236,-188,0,0,0,0,0
420301,ECG,8237,-133,0,0,0,0,0
420301,ECG,8238,-55,0,0,0,0,0
420306,ECG,8239,15,0,0,0,0,0
420306,ECG,8240,53,0,0,0,0,0
420306,ECG,8241,43,0,0,0,0,0
420311,ECG,8242,-17,0,0,0,0,0
420311,ECG,8243,-100,0,0,0,0,0
420316,ECG,8244,-172,0,0,0,0,0
420316,ECG,8245,-209,0,0,0,0,0
420316,ECG,8246,-198,0,0,0,0,0
420321,ECG,8247,-148,0,0,0,0,0
420321,ECG,8248,-71,0,0,0,0,0
420326,ECG,8249,6,0,0,0,0,0
420326,ECG,8250,52,0,0,0,0,0
420326,ECG,8251,50,0,0,0,0,0
420331,ECG,8252,-2,0,0,0,0,0
420331,ECG,8253,-83,0,0,0,0,0
420336,ECG,8254,-205,0,0,0,0,0
420336,ECG,8255,-206,0,0,0,0,0
420341,ECG,8256,-163,0,0,0,0,0
420341,ECG,8257,-90,0,0,0,0,0
420346,ECG,8258,46,0,0,0,0,0
420346,ECG,8259,62,0,0,0,0,0
420351,ECG,8260,26,0,0,0,0,0
420351,ECG,8261,-44,0,0,0,0,0
420351,ECG,8262,-121,0,0,0,0,0
420356,ECG,8263,-170,0,0,0,0,0
420356,ECG,8264,-178,0,0,0,0,0
420361,ECG,8265,-149,0,0,0,0,0
420361,ECG,8266,-85,0,0,0,0,0
420361,ECG,8267,-8,0,0,0,0,0
420366,ECG,8268,50,0,0,0,0,0
420366,ECG,8269,70,0,0,0,0,0
420371,ECG,8270,37,0,0,0,0,0
420371,ECG,8271,-31,0,0,0,0,0
420371,ECG,8272,-109,0,0,0,0,0
420376,ECG,8273,-168,0,0,0,0,0
420376,ECG,8274,-184,0,0,0,0,0
420381,ECG,8275,-153,0,0,0,0,0
420381,ECG,8276,-90,0,0,0,0,0
420381,ECG,8277,-11,0,0,0,0,0
420386,ECG,8278,55,0,0,0,0,0
420386,ECG,8279,84,0,0,0,0,0
420391,ECG,8280,-8,0,0,0,0,0
420391,ECG,8281,-86,0,0,0,0,0
420396,ECG,8282,-144,0,0,0,0,0
420396,ECG,8283,-166,0,0,0,0,0
420401,ECG,8284,-89,0,0,0,0,0
420401,ECG,8285,-13,0,0,0,0,0
420406,ECG,8286,50,0,0,0,0,0
420406,ECG,8287,77,0,0,0,0,0
420406,ECG,8288,54,0,0,0,0,0
420411,ECG,8289,-10,0,0,0,0,0
420411,ECG,8290,-95,0,0,0,0,0
420416,ECG,8291,-163,0,0,0,0,0
420416,ECG,8292,-192,0,0,0,0,0
420416,ECG,8293,-177,0,0,0,0,0
420421,ECG,8294,-122,0,0,0,0,0
420421,ECG,8295,-42,0,0,0,0,0
420426,ECG,8296,34,0,0,0,0,0
420426,ECG,8297,81,0,0,0,0,0
420426,ECG,8298,79,0,0,0,0,0
420431,ECG,8299,23,0,0,0,0,0
420431,ECG,8300,-56,0,0,0,0,0
420436,ECG,8301,-129,0,0,0,0,0
420436,ECG,8302,-175,0,0,0,0,0
420436,ECG,8303,-173,0,0,0,0,0
420441,ECG,8304,-129,0,0,0,0,0
420441,ECG,8305,-60,0,0,0,0,0
420446,ECG,8306,65,0,0,0,0,0
420446,ECG,8307,71,0,0,0,0,0
420451,ECG,8308,26,0,0,0,0,0
420451,ECG,8309,-46,0,0,0,0,0
420456,ECG,8310,-169,0,0,0,0,0
420456,ECG,8311,-171,0,0,0,0,0
420461,ECG,8312,-135,0,0,0,0,0
420461,ECG,8313,-70,0,0,0,0,0
420461,ECG,8314,4,0,0,0,0,0
420466,ECG,8315,54,0,0,0,0,0
420466,ECG,8316,61,0,0,0,0,0
420471,ECG,8317,17,0,0,0,0,0
420471,ECG,8318,-58,0,0,0,0,0
420471,ECG,8319,-136,0,0,0,0,0
420476,ECG,8320,-187,0,0,0,0,0
420476,ECG,8321,-196,0,0,0,0,0
420481,ECG,8322,-162,0,0,0,0,0
420481,ECG,8323,-92,0,0,0,0,0
420481,ECG,8324,-12,0,0,0,0,0
420486,ECG,8325,46,0,0,0,0,0
420486,ECG,8326,64,0,0,0,0,0
420491,ECG,8327,27,0,0,0,0,0
420491,ECG,8328,-47,0,0,0,0,0
420491,ECG,8329,-130,0,0,0,0,0
420496,ECG,8330,-191,0,0,0,0,0
420496,ECG,8331,-209,0,0,0,0,0
420496,ECG,8332,-179,0,0,0,0,0
420501,ECG,8333,-117,0,0,0,0,0
420501,ECG,8334,-38,0,0,0,0,0
420506,ECG,8335,32,0,0,0,0,0
420506,ECG,8336,68,0,0,0,0,0
420506,ECG,8337,47,0,0,0,0,0
420511,ECG,8338,-15,0,0,0,0,0
420511,ECG,8339,-90,0,0,0,0,0
420516,ECG,8340,-150,0,0,0,0,0
420516,ECG,8341,-176,0,0,0,0,0
420516,ECG,8342,-158,0,0,0,0,0
420521,ECG,8343,-103,0,0,0,0,0
420521,ECG,8344,-31,0,0,0,0,0
420526,ECG,8345,33,0,0,0,0,0
420526,ECG,8346,66,0,0,0,0,0
420526,ECG,8347,50,0,0,0,0,0
420531,ECG,8348,-9,0,0,0,0,0
420531,ECG,8349,-92,0,0,0,0,0
420536,ECG,8350,-164,0,0,0,0,0
420536,ECG,8351,-198,0,0,0,0,0
420536,ECG,8352,-188,0,0,0,0,0
420541,ECG,8353,-140,0,0,0,0,0
420541,ECG,8354,-66,0,0,0,0,0
420546,ECG,8355,57,0,0,0,0,0
420546,ECG,8356,57,0,0,0,0,0
420551,ECG,8357,10,0,0,0,0,0
420551,ECG,8358,-61,0,0,0,0,0
420551,ECG,8359,-129,0,0,0,0,0
420556,ECG,8360,-166,0,0,0,0,0
420556,ECG,8361,-157,0,0,0,0,0
420561,ECG,8362,-110,0,0,0,0,0
420561,ECG,8363,-36,0,0,0,0,0
420561,ECG,8364,38,0,0,0,0,0
420566,ECG,8365,81,0,0,0,0,0
420566,ECG,8366,79,0,0,0,0,0
420571,ECG,8367,28,0,0,0,0,0
420571,ECG,8368,-58,0,0,0,0,0
420571,ECG,8369,-138,0,0,0,0,0
420576,ECG,8370,-183,0,0,0,0,0
420576,ECG,8371,-187,0,0,0,0,0
420581,ECG,8372,-145,0,0,0,0,0
420581,ECG,8373,-67,0,0,0,0,0
420581,ECG,8374,16,0,0,0,0,0
420586,ECG,8375,75,0,0,0,0,0
420586,ECG,8376,91,0,0,0,0,0
420591,ECG,8377,53,0,0,0,0,0
420591,ECG,8378,-21,0,0,0,0,0
420591,ECG,8379,-96,0,0,0,0,0
420596,ECG,8380,-148,0,0,0,0,0
420596,ECG,8381,-158,0,0,0,0,0
420601,ECG,8382,-58,0,0,0,0,0
420601,ECG,8383,21,0,0,0,0,0
420606,ECG,8384,83,0,0,0,0,0
420606,ECG,8385,101,0,0,0,0,0
420611,ECG,8386,-8,0,0,0,0,0
420611,ECG,8387,-91,0,0,0,0,0
420616,ECG,8388,-154,0,0,0,0,0
420616,ECG,8389,-172,0,0,0,0,0
420616,ECG,8390,-148,0,0,0,0,0
420621,ECG,8391,-90,0,0,0,0,0
420621,ECG,8392,-14,0,0,0,0,0
420626,ECG,8393,47,0,0,0,0,0
420626,ECG,8394,70,0,0,0,0,0
420626,ECG,8395,41,0,0,0,0,0
420631,ECG,8396,-28,0,0,0,0,0
420631,ECG,8397,-106,0,0,0,0,0
420636,ECG,8398,-164,0,0,0,0,0
420636,ECG,8399,-177,0,0,0,0,0
420636,ECG,8400,-146,0,0,0,0,0
420641,ECG,8401,-81,0,0,0,0,0
420641,ECG,8402,1,0,0,0,0,0
420646,ECG,8403,69,0,0,0,0,0
420646,ECG,8404,96,0,0,0,0,0
420646,ECG,8405,68,0,0,0,0,0
420651,ECG,8406,-3,0,0,0,0,0
420651,ECG,8407,-90,0,0,0,0,0
420656,ECG,8408,-189,0,0,0,0,0
420656,ECG,8409,-172,0,0,0,0,0
420661,ECG,8410,-114,0,0,0,0,0
420661,ECG,8411,-32,0,0,0,0,0
420666,ECG,8412,88,0,0,0,0,0
420666,ECG,8413,82,0,0,0,0,0
420671,ECG,8414,26,0,0,0,0,0
420671,ECG,8415,-53,0,0,0,0,0
420671,ECG,8416,-123,0,0,0,0,0
420676,ECG,8417,-163,0,0,0,0,0
420676,ECG,8418,-158,0,0,0,0,0
420681,ECG,8419,-114,0,0,0,0,0
420681,ECG,8420,-46,0,0,0,0,0
420681,ECG,8421,24,0,0,0,0,0
420686,ECG,8422,68,0,0,0,0,0
420686,ECG,8423,63,0,0,0,0,0
420691,ECG,8424,9,0,0,0,0,0
420691,ECG,8425,-71,0,0,0,0,0
420691,ECG,8426,-145,0,0,0,0,0
420696,ECG,8427,-190,0,0,0,0,0
420696,ECG,8428,-188,0,0,0,0,0
420701,ECG,8429,-142,0,0,0,0,0
420701,ECG,8430,-70,0,0,0,0,0
420701,ECG,8431,6,0,0,0,0,0
420706,ECG,8432,58,0,0,0,0,0
420706,ECG,8433,61,0,0,0,0,0
420711,ECG,8434,-62,0,0,0,0,0
420711,ECG,8435,-142,0,0,0,0,0
420716,ECG,8436,-194,0,0,0,0,0
420716,ECG,8437,-199,0,0,0,0,0
420721,ECG,8438,-94,0,0,0,0,0
420721,ECG,8439,-12,0,0,0,0,0
420726,ECG,8440,46,0,0,0,0,0
420726,ECG,8441,61,0,0,0,0,0
420726,ECG,8442,24,0,0,0,0,0
420731,ECG,8443,-51,0,0,0,0,0
420731,ECG,8444,-133,0,0,0,0,0
420736,ECG,8445,-192,0,0,0,0,0
420736,ECG,8446,-210,0,0,0,0,0
420736,ECG,8447,-178,0,0,0,0,0
420741,ECG,8448,-108,0,0,0,0,0
420741,ECG,8449,-24,0,0,0,0,0
420746,ECG,8450,43,0,0,0,0,0
420746,ECG,8451,75,0,0,0,0,0
420746,ECG,8452,51,0,0,0,0,0
420751,ECG,8453,-19,0,0,0,0,0
420751,ECG,8454,-101,0,0,0,0,0
420756,ECG,8455,-166,0,0,0,0,0
420756,ECG,8456,-189,0,0,0,0,0
420756,ECG,8457,-168,0,0,0,0,0
420761,ECG,8458,-109,0,0,0,0,0
420761,ECG,8459,-30,0,0,0,0,0
420766,ECG,8460,64,0,0,0,0,0
420766,ECG,8461,43,0,0,0,0,0
420771,ECG,8462,-18,0,0,0,0,0
420771,ECG,8463,-97,0,0,0,0,0
420776,ECG,8464,-185,0,0,0,0,0
420776,ECG,8465,-162,0,0,0,0,0
420781,ECG,8466,-106,0,0,0,0,0
420781,ECG,8467,-31,0,0,0,0,0
420781,ECG,8468,37,0,0,0,0,0
420786,ECG,8469,68,0,0,0,0,0
420786,ECG,8470,48,0,0,0,0,0
420791,ECG,8471,-15,0,0,0,0,0
420791,ECG,8472,-99,0,0,0,0,0
420791,ECG,8473,-169,0,0,0,0,0
420796,ECG,8474,-201,0,0,0,0,0
420796,ECG,8475,-189,0,0,0,0,0
420801,ECG,8476,-138,0,0,0,0,0
420801,ECG,8477,-60,0,0,0,0,0
420801,ECG,8478,14,0,0,0,0,0
420806,ECG,8479,57,0,0,0,0,0
420806,ECG,8480,55,0,0,0,0,0
420811,ECG,8481,2,0,0,0,0,0
420811,ECG,8482,-80,0,0,0,0,0
420811,ECG,8483,-153,0,0,0,0,0
420816,ECG,8484,-198,0,0,0,0,0
420816,ECG,8485,-196,0,0,0,0,0
420821,ECG,8486,-85,0,0,0,0,0
420821,ECG,8487,-10,0,0,0,0,0
420826,ECG,8488,42,0,0,0,0,0
420826,ECG,8489,48,0,0,0,0,0
420831,ECG,8490,-72,0,0,0,0,0
420831,ECG,8491,-147,0,0,0,0,0
420836,ECG,8492,-195,0,0,0,0,0
420836,ECG,8493,-194,0,0,0,0,0
420836,ECG,8494,-151,0,0,0,0,0
420841,ECG,8495,-80,0,0,0,0,0
420841,ECG,8496,2,0,0,0,0,0
420846,ECG,8497,60,0,0,0,0,0
420846,ECG,8498,75,0,0,0,0,0
420846,ECG,8499,35,0,0,0,0,0
420851,ECG,8500,-41,0,0,0,0,0
420851,ECG,8501,-119,0,0,0,0,0
420856,ECG,8502,-172,0,0,0,0,0
420856,ECG,8503,-181,0,0,0,0,0
420856,ECG,8504,-150,0,0,0,0,0
420861,ECG,8505,-86,0,0,0,0,0
420861,ECG,8506,-10,0,0,0,0,0
420866,ECG,8507,46,0,0,0,0,0
420866,ECG,8508,62,0,0,0,0,0
420866,ECG,8509,22,0,0,0,0,0
420871,ECG,8510,-53,0,0,0,0,0
420871,ECG,8511,-133,0,0,0,0,0
420871,ECG,8512,-190,0,0,0,0,0
420876,ECG,8513,-200,0,0,0,0,0
420876,ECG,8514,-165,0,0,0,0,0
420881,ECG,8515,-97,0,0,0,0,0
420881,ECG,8516,-14,0,0,0,0,0
420886,ECG,8517,80,0,0,0,0,0
420886,ECG,8518,52,0,0,0,0,0
420891,ECG,8519,-19,0,0,0,0,0
420891,ECG,8520,-104,0,0,0,0,0
420891,ECG,8521,-170,0,0,0,0,0
420896,ECG,8522,-194,0,0,0,0,0
420896,ECG,8523,-174,0,0,0,0,0
420901,ECG,8524,-118,0,0,0,0,0
420901,ECG,8525,-42,0,0,0,0,0
420901,ECG,8526,25,0,0,0,0,0
420906,ECG,8527,59,0,0,0,0,0
420906,ECG,8528,43,0,0,0,0,0
420911,ECG,8529,-17,0,0,0,0,0
420911,ECG,8530,-92,0,0,0,0,0
420911,ECG,8531,-154,0,0,0,0,0
420916,ECG,8532,-184,0,0,0,0,0
420916,ECG,8533,-168,0,0,0,0,0
420921,ECG,8534,-116,0,0,0,0,0
420921,ECG,8535,-44,0,0,0,0,0
420921,ECG,8536,27,0,0,0,0,0
420926,ECG,8537,66,0,0,0,0,0
420926,ECG,8538,57,0,0,0,0,0
420926,ECG,8539,2,0,0,0,0,0
420931,ECG,8540,-74,0,0,0,0,0
420931,ECG,8541,-140,0,0,0,0,0
420936,ECG,8542,-173,0,0,0,0,0
420936,ECG,8543,-164,0,0,0,0,0
420941,ECG,8544,-47,0,0,0,0,0
420941,ECG,8545,24,0,0,0,0,0
420946,ECG,8546,67,0,0,0,0,0
420946,ECG,8547,63,0,0,0,0,0
420946,ECG,8548,9,0,0,0,0,0
420951,ECG,8549,-68,0,0,0,0,0
420951,ECG,8550,-142,0,0,0,0,0
420956,ECG,8551,-184,0,0,0,0,0
420956,ECG,8552,-179,0,0,0,0,0
420956,ECG,8553,-133,0,0,0,0,0
420961,ECG,8554,-60,0,0,0,0,0
420961,ECG,8555,21,0,0,0,0,0
420966,ECG,8556,76,0,0,0,0,0
420966,ECG,8557,85,0,0,0,0,0
420966,ECG,8558,44,0,0,0,0,0
421017,ECG,8559,-34,0,0,0,0,0
421017,ECG,8560,-112,0,0,0,0,0
421017,ECG,8561,-160,0,0,0,0,0
421017,ECG,8562,-168,0,0,0,0,0
421017,ECG,8563,-133,0,0,0,0,0
421017,ECG,8564,-67,0,0,0,0,0
421017,ECG,8565,7,0,0,0,0,0
421017,ECG,8566,61,0,0,0,0,0
421017,ECG,8567,73,0,0,0,0,0
421017,ECG,8568,33,0,0,0,0,0
421017,ECG,8569,-39,0,0,0,0,0
421017,ECG,8570,-114,0,0,0,0,0
421017,ECG,8571,-165,0,0,0,0,0
421017,ECG,8572,-171,0,0,0,0,0
421017,ECG,8573,-134,0,0,0,0,0
421017,ECG,8574,-67,0,0,0,0,0
421017,ECG,8575,10,0,0,0,0,0
421017,ECG,8576,67,0,0,0,0,0
421017,ECG,8577,82,0,0,0,0,0
421017,ECG,8578,44,0,0,0,0,0
421017,ECG,8579,-35,0,0,0,0,0
421017,ECG,8580,-122,0,0,0,0,0
421017,ECG,8581,-185,0,0,0,0,0
421017,ECG,8582,-205,0,0,0,0,0
421017,ECG,8583,-177,0,0,0,0,0
421017,ECG,8584,-112,0,0,0,0,0
421022,ECG,8585,-30,0,0,0,0,0
421022,ECG,8586,42,0,0,0,0,0
421027,ECG,8587,57,0,0,0,0,0
421027,ECG,8588,-7,0,0,0,0,0
421032,ECG,8589,-89,0,0,0,0,0
421032,ECG,8590,-158,0,0,0,0,0
421032,ECG,8591,-189,0,0,0,0,0
421037,ECG,8592,-173,0,0,0,0,0
421037,ECG,8593,-120,0,0,0,0,0
421042,ECG,8594,-49,0,0,0,0,0
421042,ECG,8595,19,0,0,0,0,0
421042,ECG,8596,62,0,0,0,0,0
421047,ECG,8597,55,0,0,0,0,0
421047,ECG,8598,4,0,0,0,0,0
421052,ECG,8599,-69,0,0,0,0,0
421052,ECG,8600,-135,0,0,0,0,0
421052,ECG,8601,-170,0,0,0,0,0
421057,ECG,8602,-161,0,0,0,0,0
421057,ECG,8603,-115,0,0,0,0,0
421062,ECG,8604,-43,0,0,0,0,0
421062,ECG,8605,29,0,0,0,0,0
421062,ECG,8606,72,0,0,0,0,0
421067,ECG,8607,71,0,0,0,0,0
421067,ECG,8608,25,0,0,0,0,0
421072,ECG,8609,-128,0,0,0,0,0
421072,ECG,8610,-175,0,0,0,0,0
421077,ECG,8611,-179,0,0,0,0,0
421077,ECG,8612,-138,0,0,0,0,0
421077,ECG,8613,-67,0,0,0,0,0
421082,ECG,8614,10,0,0,0,0,0
421082,ECG,8615,66,0,0,0,0,0
421087,ECG,8616,76,0,0,0,0,0
421087,ECG,8617,30,0,0,0,0,0
421087,ECG,8618,-50,0,0,0,0,0
421092,ECG,8619,-134,0,0,0,0,0
421092,ECG,8620,-191,0,0,0,0,0
421097,ECG,8621,-202,0,0,0,0,0
421097,ECG,8622,-168,0,0,0,0,0
421097,ECG,8623,-96,0,0,0,0,0
421102,ECG,8624,-7,0,0,0,0,0
421102,ECG,8625,63,0,0,0,0,0
421107,ECG,8626,86,0,0,0,0,0
421107,ECG,8627,58,0,0,0,0,0
421107,ECG,8628,-12,0,0,0,0,0
421112,ECG,8629,-95,0,0,0,0,0
421112,ECG,8630,-154,0,0,0,0,0
421117,ECG,8631,-173,0,0,0,0,0
421117,ECG,8632,-148,0,0,0,0,0
421117,ECG,8633,-85,0,0,0,0,0
421122,ECG,8634,-12,0,0,0,0,0
421122,ECG,8635,48,0,0,0,0,0
421127,ECG,8636,38,0,0,0,0,0
421127,ECG,8637,-34,0,0,0,0,0
421132,ECG,8638,-116,0,0,0,0,0
421132,ECG,8639,-176,0,0,0,0,0
421132,ECG,8640,-195,0,0,0,0,0
421137,ECG,8641,-166,0,0,0,0,0
421137,ECG,8642,-104,0,0,0,0,0
421142,ECG,8643,-23,0,0,0,0,0
421142,ECG,8644,47,0,0,0,0,0
421142,ECG,8645,78,0,0,0,0,0
421147,ECG,8646,52,0,0,0,0,0
421147,ECG,8647,-19,0,0,0,0,0
421152,ECG,8648,-105,0,0,0,0,0
421152,ECG,8649,-177,0,0,0,0,0
421152,ECG,8650,-212,0,0,0,0,0
421157,ECG,8651,-198,0,0,0,0,0
421157,ECG,8652,-143,0,0,0,0,0
421162,ECG,8653,-65,0,0,0,0,0
421162,ECG,8654,13,0,0,0,0,0
421162,ECG,8655,58,0,0,0,0,0
421167,ECG,8656,52,0,0,0,0,0
421167,ECG,8657,0,0,0,0,0,0
421172,ECG,8658,-80,0,0,0,0,0
421172,ECG,8659,-152,0,0,0,0,0
421172,ECG,8660,-187,0,0,0,0,0
421177,ECG,8661,-179,0,0,0,0,0
421177,ECG,8662,-132,0,0,0,0,0
421182,ECG,8663,17,0,0,0,0,0
421182,ECG,8664,55,0,0,0,0,0
421187,ECG,8665,47,0,0,0,0,0
421187,ECG,8666,-10,0,0,0,0,0
421187,ECG,8667,-96,0,0,0,0,0
421192,ECG,8668,-172,0,0,0,0,0
421192,ECG,8669,-213,0,0,0,0,0
421197,ECG,8670,-206,0,0,0,0,0
421197,ECG,8671,-155,0,0,0,0,0
421197,ECG,8672,-78,0,0,0,0,0
421202,ECG,8673,-1,0,0,0,0,0
421202,ECG,8674,54,0,0,0,0,0
421207,ECG,8675,58,0,0,0,0,0
421207,ECG,8676,8,0,0,0,0,0
421207,ECG,8677,-69,0,0,0,0,0
421212,ECG,8678,-145,0,0,0,0,0
421212,ECG,8679,-194,0,0,0,0,0
421217,ECG,8680,-198,0,0,0,0,0
421217,ECG,8681,-157,0,0,0,0,0
421217,ECG,8682,-87,0,0,0,0,0
421222,ECG,8683,-9,0,0,0,0,0
421222,ECG,8684,48,0,0,0,0,0
421227,ECG,8685,63,0,0,0,0,0
421227,ECG,8686,23,0,0,0,0,0
421227,ECG,8687,-55,0,0,0,0,0
421232,ECG,8688,-138,0,0,0,0,0
421232,ECG,8689,-194,0,0,0,0,0
421237,ECG,8690,-179,0,0,0,0,0
421237,ECG,8691,-118,0,0,0,0,0
421242,ECG,8692,-44,0,0,0,0,0
421242,ECG,8693,15,0,0,0,0,0
421242,ECG,8694,34,0,0,0,0,0
421247,ECG,8695,2,0,0,0,0,0
421247,ECG,8696,-62,0,0,0,0,0
421252,ECG,8697,-137,0,0,0,0,0
421252,ECG,8698,-188,0,0,0,0,0
421252,ECG,8699,-196,0,0,0,0,0
421257,ECG,8700,-164,0,0,0,0,0
421257,ECG,8701,-101,0,0,0,0,0
421262,ECG,8702,-25,0,0,0,0,0
421262,ECG,8703,32,0,0,0,0,0
421262,ECG,8704,54,0,0,0,0,0
421267,ECG,8705,25,0,0,0,0,0
421267,ECG,8706,-46,0,0,0,0,0
421272,ECG,8707,-130,0,0,0,0,0
421272,ECG,8708,-192,0,0,0,0,0
421272,ECG,8709,-215,0,0,0,0,0
421277,ECG,8710,-191,0,0,0,0,0
421277,ECG,8711,-129,0,0,0,0,0
421282,ECG,8712,-49,0,0,0,0,0
421282,ECG,8713,21,0,0,0,0,0
421282,ECG,8714,58,0,0,0,0,0
421287,ECG,8715,39,0,0,0,0,0
421287,ECG,8716,-23,0,0,0,0,0
421292,ECG,8717,-174,0,0,0,0,0
421292,ECG,8718,-205,0,0,0,0,0
421297,ECG,8719,-189,0,0,0,0,0
421297,ECG,8720,-136,0,0,0,0,0
421297,ECG,8721,-59,0,0,0,0,0
421302,ECG,8722,13,0,0,0,0,0
421302,ECG,8723,54,0,0,0,0,0
421307,ECG,8724,43,0,0,0,0,0
421307,ECG,8725,-16,0,0,0,0,0
421307,ECG,8726,-98,0,0,0,0,0
421312,ECG,8727,-169,0,0,0,0,0
421312,ECG,8728,-206,0,0,0,0,0
421317,ECG,8729,-199,0,0,0,0,0
421317,ECG,8730,-150,0,0,0,0,0
421317,ECG,8731,-78,0,0,0,0,0
421322,ECG,8732,-5,0,0,0,0,0
421322,ECG,8733,43,0,0,0,0,0
421327,ECG,8734,43,0,0,0,0,0
421327,ECG,8735,-5,0,0,0,0,0
421327,ECG,8736,-80,0,0,0,0,0
421332,ECG,8737,-152,0,0,0,0,0
421332,ECG,8738,-190,0,0,0,0,0
421337,ECG,8739,-183,0,0,0,0,0
421337,ECG,8740,-139,0,0,0,0,0
421337,ECG,8741,-69,0,0,0,0,0
421342,ECG,8742,4,0,0,0,0,0
421342,ECG,8743,51,0,0,0,0,0
421347,ECG,8744,3,0,0,0,0,0
421347,ECG,8745,-76,0,0,0,0,0
421352,ECG,8746,-151,0,0,0,0,0
421352,ECG,8747,-199,0,0,0,0,0
421357,ECG,8748,-157,0,0,0,0,0
421357,ECG,8749,-85,0,0,0,0,0
421362,ECG,8750,-7,0,0,0,0,0
421362,ECG,8751,53,0,0,0,0,0
421362,ECG,8752,68,0,0,0,0,0
421367,ECG,8753,28,0,0,0,0,0
421367,ECG,8754,-43,0,0,0,0,0
421372,ECG,8755,-120,0,0,0,0,0
421372,ECG,8756,-172,0,0,0,0,0
421372,ECG,8757,-177,0,0,0,0,0
421377,ECG,8758,-143,0,0,0,0,0
421377,ECG,8759,-75,0,0,0,0,0
421382,ECG,8760,4,0,0,0,0,0
421382,ECG,8761,62,0,0,0,0,0
421382,ECG,8762,81,0,0,0,0,0
421387,ECG,8763,46,0,0,0,0,0
421387,ECG,8764,-31,0,0,0,0,0
421392,ECG,8765,-117,0,0,0,0,0
421392,ECG,8766,-180,0,0,0,0,0
421392,ECG,8767,-201,0,0,0,0,0
421397,ECG,8768,-175,0,0,0,0,0
421397,ECG,8769,-113,0,0,0,0,0
421402,ECG,8770,36,0,0,0,0,0
421402,ECG,8771,66,0,0,0,0,0
421407,ECG,8772,43,0,0,0,0,0
421407,ECG,8773,-20,0,0,0,0,0
421412,ECG,8774,-170,0,0,0,0,0
421412,ECG,8775,-197,0,0,0,0,0
421417,ECG,8776,-180,0,0,0,0,0
421417,ECG,8777,-124,0,0,0,0,0
421417,ECG,8778,-46,0,0,0,0,0
421422,ECG,8779,21,0,0,0,0,0
421422,ECG,8780,59,0,0,0,0,0
421427,ECG,8781,49,0,0,0,0,0
421427,ECG,8782,-10,0,0,0,0,0
421427,ECG,8783,-89,0,0,0,0,0
421432,ECG,8784,-154,0,0,0,0,0
421432,ECG,8785,-185,0,0,0,0,0
421437,ECG,8786,-174,0,0,0,0,0
421437,ECG,8787,-122,0,0,0,0,0
421437,ECG,8788,-46,0,0,0,0,0
421442,ECG,8789,26,0,0,0,0,0
421442,ECG,8790,66,0,0,0,0,0
421447,ECG,8791,60,0,0,0,0,0
421447,ECG,8792,5,0,0,0,0,0
421447,ECG,8793,-76,0,0,0,0,0
421452,ECG,8794,-152,0,0,0,0,0
421452,ECG,8795,-192,0,0,0,0,0
421452,ECG,8796,-185,0,0,0,0,0
421457,ECG,8797,-136,0,0,0,0,0
421457,ECG,8798,-60,0,0,0,0,0
421462,ECG,8799,18,0,0,0,0,0
421462,ECG,8800,72,0,0,0,0,0
421467,ECG,8801,27,0,0,0,0,0
421467,ECG,8802,-52,0,0,0,0,0
421472,ECG,8803,-131,0,0,0,0,0
421472,ECG,8804,-184,0,0,0,0,0
421472,ECG,8805,-188,0,0,0,0,0
421477,ECG,8806,-150,0,0,0,0,0
421477,ECG,8807,-86,0,0,0,0,0
421482,ECG,8808,-14,0,0,0,0,0
421482,ECG,8809,39,0,0,0,0,0
421482,ECG,8810,51,0,0,0,0,0
421487,ECG,8811,13,0,0,0,0,0
421487,ECG,8812,-56,0,0,0,0,0
421492,ECG,8813,-130,0,0,0,0,0
421492,ECG,8814,-176,0,0,0,0,0
421492,ECG,8815,-181,0,0,0,0,0
421497,ECG,8816,-147,0,0,0,0,0
421497,ECG,8817,-80,0,0,0,0,0
421502,ECG,8818,-5,0,0,0,0,0
421502,ECG,8819,49,0,0,0,0,0
421502,ECG,8820,68,0,0,0,0,0
421507,ECG,8821,36,0,0,0,0,0
421507,ECG,8822,-30,0,0,0,0,0
421507,ECG,8823,-105,0,0,0,0,0
421512,ECG,8824,-157,0,0,0,0,0
421512,ECG,8825,-170,0,0,0,0,0
421517,ECG,8826,-140,0,0,0,0,0
421517,ECG,8827,-78,0,0,0,0,0
421522,ECG,8828,56,0,0,0,0,0
421522,ECG,8829,76,0,0,0,0,0
421527,ECG,8830,45,0,0,0,0,0
421527,ECG,8831,-22,0,0,0,0,0
421527,ECG,8832,-101,0,0,0,0,0
421532,ECG,8833,-160,0,0,0,0,0
421532,ECG,8834,-177,0,0,0,0,0
421537,ECG,8835,-151,0,0,0,0,0
421537,ECG,8836,-87,0,0,0,0,0
421537,ECG,8837,-5,0,0,0,0,0
421542,ECG,8838,66,0,0,0,0,0
421542,ECG,8839,102,0,0,0,0,0
421547,ECG,8840,86,0,0,0,0,0
421547,ECG,8841,26,0,0,0,0,0
421547,ECG,8842,-53,0,0,0,0,0
421552,ECG,8843,-120,0,0,0,0,0
421552,ECG,8844,-150,0,0,0,0,0
421557,ECG,8845,-137,0,0,0,0,0
421557,ECG,8846,-88,0,0,0,0,0
421557,ECG,8847,-17,0,0,0,0,0
421562,ECG,8848,52,0,0,0,0,0
421562,ECG,8849,88,0,0,0,0,0
421562,ECG,8850,74,0,0,0,0,0
421567,ECG,8851,16,0,0,0,0,0
421567,ECG,8852,-63,0,0,0,0,0
421572,ECG,8853,-133,0,0,0,0,0
421572,ECG,8854,-167,0,0,0,0,0
421577,ECG,8855,-102,0,0,0,0,0
421577,ECG,8856,-25,0,0,0,0,0
421582,ECG,8857,50,0,0,0,0,0
421582,ECG,8858,98,0,0,0,0,0
421582,ECG,8859,99,0,0,0,0,0
421587,ECG,8860,48,0,0,0,0,0
421587,ECG,8861,-33,0,0,0,0,0
421592,ECG,8862,-107,0,0,0,0,0
421592,ECG,8863,-152,0,0,0,0,0
421592,ECG,8864,-155,0,0,0,0,0
421597,ECG,8865,-117,0,0,0,0,0
421597,ECG,8866,-49,0,0,0,0,0
421602,ECG,8867,22,0,0,0,0,0
421602,ECG,8868,67,0,0,0,0,0
421602,ECG,8869,68,0,0,0,0,0
421607,ECG,8870,20,0,0,0,0,0
421607,ECG,8871,-56,0,0,0,0,0
421612,ECG,8872,-131,0,0,0,0,0
421612,ECG,8873,-180,0,0,0,0,0
421612,ECG,8874,-184,0,0,0,0,0
421617,ECG,8875,-143,0,0,0,0,0
421617,ECG,8876,-71,0,0,0,0,0
421617,ECG,8877,7,0,0,0,0,0
421622,ECG,8878,63,0,0,0,0,0
421622,ECG,8879,79,0,0,0,0,0
421627,ECG,8880,42,0,0,0,0,0
421627,ECG,8881,-30,0,0,0,0,0
421632,ECG,8882,-160,0,0,0,0,0
421632,ECG,8883,-170,0,0,0,0,0
421637,ECG,8884,-138,0,0,0,0,0
421637,ECG,8885,-77,0,0,0,0,0
421637,ECG,8886,2,0,0,0,0,0
421642,ECG,8887,63,0,0,0,0,0
421642,ECG,8888,80,0,0,0,0,0
421647,ECG,8889,44,0,0,0,0,0
421647,ECG,8890,-28,0,0,0,0,0
421647,ECG,8891,-111,0,0,0,0,0
421652,ECG,8892,-171,0,0,0,0,0
421652,ECG,8893,-188,0,0,0,0,0
421652,ECG,8894,-158,0,0,0,0,0
421658,ECG,8895,-92,0,0,0,0,0
421658,ECG,8896,-10,0,0,0,0,0
421663,ECG,8897,57,0,0,0,0,0
421663,ECG,8898,88,0,0,0,0,0
421663,ECG,8899,64,0,0,0,0,0
421668,ECG,8900,-6,0,0,0,0,0
421668,ECG,8901,-89,0,0,0,0,0
421673,ECG,8902,-181,0,0,0,0,0
421673,ECG,8903,-162,0,0,0,0,0
421678,ECG,8904,-105,0,0,0,0,0
421678,ECG,8905,-29,0,0,0,0,0
421683,ECG,8906,75,0,0,0,0,0
421683,ECG,8907,59,0,0,0,0,0
421688,ECG,8908,-2,0,0,0,0,0
421688,ECG,8909,-84,0,0,0,0,0
421688,ECG,8910,-154,0,0,0,0,0
421693,ECG,8911,-187,0,0,0,0,0
421693,ECG,8912,-175,0,0,0,0,0
421698,ECG,8913,-125,0,0,0,0,0
421698,ECG,8914,-49,0,0,0,0,0
421698,ECG,8915,24,0,0,0,0,0
421703,ECG,8916,66,0,0,0,0,0
421703,ECG,8917,65,0,0,0,0,0
421708,ECG,8918,14,0,0,0,0,0
421708,ECG,8919,-64,0,0,0,0,0
421708,ECG,8920,-133,0,0,0,0,0
421713,ECG,8921,-173,0,0,0,0,0
421713,ECG,8922,-167,0,0,0,0,0
421718,ECG,8923,-122,0,0,0,0,0
421718,ECG,8924,-52,0,0,0,0,0
421718,ECG,8925,20,0,0,0,0,0
421723,ECG,8926,65,0,0,0,0,0
421723,ECG,8927,64,0,0,0,0,0
421728,ECG,8928,-68,0,0,0,0,0
421728,ECG,8929,-147,0,0,0,0,0
421733,ECG,8930,-195,0,0,0,0,0
421733,ECG,8931,-194,0,0,0,0,0
421738,ECG,8932,-83,0,0,0,0,0
421738,ECG,8933,-7,0,0,0,0,0
421743,ECG,8934,46,0,0,0,0,0
421743,ECG,8935,55,0,0,0,0,0
421743,ECG,8936,13,0,0,0,0,0
421748,ECG,8937,-59,0,0,0,0,0
421748,ECG,8938,-133,0,0,0,0,0
421753,ECG,8939,-180,0,0,0,0,0
421753,ECG,8940,-183,0,0,0,0,0
421753,ECG,8941,-144,0,0,0,0,0
421758,ECG,8942,-77,0,0,0,0,0
421758,ECG,8943,2,0,0,0,0,0
421763,ECG,8944,57,0,0,0,0,0
421763,ECG,8945,70,0,0,0,0,0
421763,ECG,8946,32,0,0,0,0,0
421768,ECG,8947,-45,0,0,0,0,0
421768,ECG,8948,-127,0,0,0,0,0
421773,ECG,8949,-187,0,0,0,0,0
421773,ECG,8950,-205,0,0,0,0,0
421773,ECG,8951,-175,0,0,0,0,0
421778,ECG,8952,-111,0,0,0,0,0
421778,ECG,8953,-32,0,0,0,0,0
421783,ECG,8954,55,0,0,0,0,0
421783,ECG,8955,27,0,0,0,0,0
421788,ECG,8956,-43,0,0,0,0,0
421788,ECG,8957,-125,0,0,0,0,0
421793,ECG,8958,-209,0,0,0,0,0
421793,ECG,8959,-184,0,0,0,0,0
421798,ECG,8960,-123,0,0,0,0,0
421798,ECG,8961,-43,0,0,0,0,0
421798,ECG,8962,24,0,0,0,0,0
421803,ECG,8963,53,0,0,0,0,0
421803,ECG,8964,29,0,0,0,0,0
421808,ECG,8965,-38,0,0,0,0,0
421808,ECG,8966,-118,0,0,0,0,0
421808,ECG,8967,-182,0,0,0,0,0
421813,ECG,8968,-207,0,0,0,0,0
421813,ECG,8969,-182,0,0,0,0,0
421818,ECG,8970,-120,0,0,0,0,0
421818,ECG,8971,-38,0,0,0,0,0
421818,ECG,8972,35,0,0,0,0,0
421823,ECG,8973,71,0,0,0,0,0
421823,ECG,8974,53,0,0,0,0,0
421828,ECG,8975,-102,0,0,0,0,0
421828,ECG,8976,-179,0,0,0,0,0
421833,ECG,8977,-216,0,0,0,0,0
421833,ECG,8978,-205,0,0,0,0,0
421833,ECG,8979,-154,0,0,0,0,0
421838,ECG,8980,-73,0,0,0,0,0
421838,ECG,8981,5,0,0,0,0,0
421843,ECG,8982,48,0,0,0,0,0
421843,ECG,8983,45,0,0,0,0,0
421843,ECG,8984,-8,0,0,0,0,0
421848,ECG,8985,-89,0,0,0,0,0
421848,ECG,8986,-163,0,0,0,0,0
421853,ECG,8987,-202,0,0,0,0,0
421853,ECG,8988,-196,0,0,0,0,0
421853,ECG,8989,-151,0,0,0,0,0
421858,ECG,8990,-77,0,0,0,0,0
421858,ECG,8991,-2,0,0,0,0,0
421863,ECG,8992,48,0,0,0,0,0
421863,ECG,8993,50,0,0,0,0,0
421863,ECG,8994,2,0,0,0,0,0
421868,ECG,8995,-76,0,0,0,0,0
421868,ECG,8996,-150,0,0,0,0,0
421873,ECG,8997,-198,0,0,0,0,0
421873,ECG,8998,-200,0,0,0,0,0
421873,ECG,8999,-159,0,0,0,0,0
421878,ECG,9000,-90,0,0,0,0,0
421878,ECG,9001,-14,0,0,0,0,0
421883,ECG,9002,50,0,0,0,0,0
421883,ECG,9003,11,0,0,0,0,0
421888,ECG,9004,-64,0,0,0,0,0
421888,ECG,9005,-142,0,0,0,0,0
421888,ECG,9006,-195,0,0,0,0,0
421893,ECG,9007,-205,0,0,0,0,0
421893,ECG,9008,-169,0,0,0,0,0
421898,ECG,9009,-102,0,0,0,0,0
421898,ECG,9010,-23,0,0,0,0,0
421898,ECG,9011,42,0,0,0,0,0
421903,ECG,9012,63,0,0,0,0,0
421903,ECG,9013,30,0,0,0,0,0
421908,ECG,9014,-39,0,0,0,0,0
421908,ECG,9015,-121,0,0,0,0,0
421908,ECG,9016,-182,0,0,0,0,0
421913,ECG,9017,-199,0,0,0,0,0
421913,ECG,9018,-172,0,0,0,0,0
421918,ECG,9019,-109,0,0,0,0,0
421918,ECG,9020,-27,0,0,0,0,0
421918,ECG,9021,38,0,0,0,0,0
421923,ECG,9022,67,0,0,0,0,0
421923,ECG,9023,46,0,0,0,0,0
421928,ECG,9024,-21,0,0,0,0,0
421928,ECG,9025,-104,0,0,0,0,0
421928,ECG,9026,-167,0,0,0,0,0
421933,ECG,9027,-196,0,0,0,0,0
421933,ECG,9028,-180,0,0,0,0,0
421938,ECG,9029,-126,0,0,0,0,0
421938,ECG,9030,-54,0,0,0,0,0
421938,ECG,9031,12,0,0,0,0,0
421943,ECG,9032,46,0,0,0,0,0
421943,ECG,9033,34,0,0,0,0,0
421943,ECG,9034,-21,0,0,0,0,0
421948,ECG,9035,-94,0,0,0,0,0
421948,ECG,9036,-156,0,0,0,0,0
421953,ECG,9037,-185,0,0,0,0,0
421953,ECG,9038,-172,0,0,0,0,0
421953,ECG,9039,-125,0,0,0,0,0
421958,ECG,9040,-56,0,0,0,0,0
421958,ECG,9041,13,0,0,0,0,0
421963,ECG,9042,49,0,0,0,0,0
421963,ECG,9043,39,0,0,0,0,0
421963,ECG,9044,-14,0,0,0,0,0
421968,ECG,9045,-85,0,0,0,0,0
421968,ECG,9046,-146,0,0,0,0,0
421973,ECG,9047,-178,0,0,0,0,0
421973,ECG,9048,-167,0,0,0,0,0
421973,ECG,9049,-117,0,0,0,0,0
421978,ECG,9050,-48,0,0,0,0,0
421978,ECG,9051,22,0,0,0,0,0
421983,ECG,9052,64,0,0,0,0,0
421983,ECG,9053,59,0,0,0,0,0
421983,ECG,9054,4,0,0,0,0,0
422034,ECG,9055,-78,0,0,0,0,0
422034,ECG,9056,-157,0,0,0,0,0
422034,ECG,9057,-203,0,0,0,0,0
422034,ECG,9058,-204,0,0,0,0,0
422034,ECG,9059,-163,0,0,0,0,0
422034,ECG,9060,-90,0,0,0,0,0
422034,ECG,9061,-8,0,0,0,0,0
422034,ECG,9062,48,0,0,0,0,0
422034,ECG,9063,61,0,0,0,0,0
422034,ECG,9064,21,0,0,0,0,0
422034,ECG,9065,-57,0,0,0,0,0
422034,ECG,9066,-135,0,0,0,0,0
422034,ECG,9067,-187,0,0,0,0,0
422034,ECG,9068,-199,0,0,0,0,0
422034,ECG,9069,-165,0,0,0,0,0
422034,ECG,9070,-96,0,0,0,0,0
422034,ECG,9071,-19,0,0,0,0,0
422034,ECG,9072,35,0,0,0,0,0
422034,ECG,9073,46,0,0,0,0,0
422034,ECG,9074,3,0,0,0,0,0
422034,ECG,9075,-75,0,0,0,0,0
422034,ECG,9076,-156,0,0,0,0,0
422034,ECG,9077,-211,0,0,0,0,0
422034,ECG,9078,-221,0,0,0,0,0
422034,ECG,9079,-183,0,0,0,0,0
422034,ECG,9080,-114,0,0,0,0,0
422039,ECG,9081,-32,0,0,0,0,0
422039,ECG,9082,35,0,0,0,0,0
422044,ECG,9083,30,0,0,0,0,0
422044,ECG,9084,-42,0,0,0,0,0
422049,ECG,9085,-126,0,0,0,0,0
422049,ECG,9086,-190,0,0,0,0,0
422049,ECG,9087,-216,0,0,0,0,0
422054,ECG,9088,-194,0,0,0,0,0
422054,ECG,9089,-135,0,0,0,0,0
422059,ECG,9090,-60,0,0,0,0,0
422059,ECG,9091,9,0,0,0,0,0
422059,ECG,9092,48,0,0,0,0,0
422064,ECG,9093,37,0,0,0,0,0
422064,ECG,9094,-16,0,0,0,0,0
422069,ECG,9095,-90,0,0,0,0,0
422069,ECG,9096,-154,0,0,0,0,0
422069,ECG,9097,-181,0,0,0,0,0
422074,ECG,9098,-167,0,0,0,0,0
422074,ECG,9099,-118,0,0,0,0,0
422079,ECG,9100,-47,0,0,0,0,0
422079,ECG,9101,21,0,0,0,0,0
422079,ECG,9102,59,0,0,0,0,0
422084,ECG,9103,52,0,0,0,0,0
422084,ECG,9104,2,0,0,0,0,0
422089,ECG,9105,-141,0,0,0,0,0
422089,ECG,9106,-176,0,0,0,0,0
422094,ECG,9107,-167,0,0,0,0,0
422094,ECG,9108,-117,0,0,0,0,0
422099,ECG,9109,36,0,0,0,0,0
422099,ECG,9110,88,0,0,0,0,0
422104,ECG,9111,91,0,0,0,0,0
422104,ECG,9112,45,0,0,0,0,0
422104,ECG,9113,-34,0,0,0,0,0
422109,ECG,9114,-114,0,0,0,0,0
422109,ECG,9115,-167,0,0,0,0,0
422114,ECG,9116,-175,0,0,0,0,0
422114,ECG,9117,-138,0,0,0,0,0
422114,ECG,9118,-70,0,0,0,0,0
422119,ECG,9119,5,0,0,0,0,0
422119,ECG,9120,61,0,0,0,0,0
422124,ECG,9121,74,0,0,0,0,0
422124,ECG,9122,39,0,0,0,0,0
422124,ECG,9123,-33,0,0,0,0,0
422129,ECG,9124,-111,0,0,0,0,0
422129,ECG,9125,-166,0,0,0,0,0
422134,ECG,9126,-183,0,0,0,0,0
422134,ECG,9127,-158,0,0,0,0,0
422134,ECG,9128,-102,0,0,0,0,0
422139,ECG,9129,-31,0,0,0,0,0
422139,ECG,9130,24,0,0,0,0,0
422139,ECG,9131,40,0,0,0,0,0
422144,ECG,9132,9,0,0,0,0,0
422144,ECG,9133,-58,0,0,0,0,0
422149,ECG,9134,-134,0,0,0,0,0
422149,ECG,9135,-188,0,0,0,0,0
422154,ECG,9136,-170,0,0,0,0,0
422154,ECG,9137,-101,0,0,0,0,0
422159,ECG,9138,-19,0,0,0,0,0
422159,ECG,9139,48,0,0,0,0,0
422159,ECG,9140,76,0,0,0,0,0
422164,ECG,9141,50,0,0,0,0,0
422164,ECG,9142,-17,0,0,0,0,0
422169,ECG,9143,-102,0,0,0,0,0
422169,ECG,9144,-170,0,0,0,0,0
422169,ECG,9145,-194,0,0,0,0,0
422174,ECG,9146,-175,0,0,0,0,0
422174,ECG,9147,-117,0,0,0,0,0
422179,ECG,9148,-40,0,0,0,0,0
422179,ECG,9149,27,0,0,0,0,0
422179,ECG,9150,58,0,0,0,0,0
422184,ECG,9151,39,0,0,0,0,0
422184,ECG,9152,-24,0,0,0,0,0
422189,ECG,9153,-104,0,0,0,0,0
422189,ECG,9154,-170,0,0,0,0,0
422189,ECG,9155,-200,0,0,0,0,0
422194,ECG,9156,-183,0,0,0,0,0
422194,ECG,9157,-124,0,0,0,0,0
422199,ECG,9158,32,0,0,0,0,0
422199,ECG,9159,72,0,0,0,0,0
422204,ECG,9160,59,0,0,0,0,0
422204,ECG,9161,0,0,0,0,0,0
422209,ECG,9162,-162,0,0,0,0,0
422209,ECG,9163,-200,0,0,0,0,0
422214,ECG,9164,-196,0,0,0,0,0
422214,ECG,9165,-148,0,0,0,0,0
422214,ECG,9166,-70,0,0,0,0,0
422219,ECG,9167,9,0,0,0,0,0
422219,ECG,9168,58,0,0,0,0,0
422224,ECG,9169,57,0,0,0,0,0
422224,ECG,9170,3,0,0,0,0,0
422224,ECG,9171,-80,0,0,0,0,0
422229,ECG,9172,-157,0,0,0,0,0
422229,ECG,9173,-204,0,0,0,0,0
422234,ECG,9174,-204,0,0,0,0,0
422234,ECG,9175,-158,0,0,0,0,0
422234,ECG,9176,-80,0,0,0,0,0
422239,ECG,9177,3,0,0,0,0,0
422239,ECG,9178,65,0,0,0,0,0
422244,ECG,9179,34,0,0,0,0,0
422244,ECG,9180,-43,0,0,0,0,0
422249,ECG,9181,-122,0,0,0,0,0
422249,ECG,9182,-175,0,0,0,0,0
422249,ECG,9183,-184,0,0,0,0,0
422254,ECG,9184,-149,0,0,0,0,0
422254,ECG,9185,-80,0,0,0,0,0
422259,ECG,9186,-3,0,0,0,0,0
422259,ECG,9187,54,0,0,0,0,0
422264,ECG,9188,31,0,0,0,0,0
422264,ECG,9189,-43,0,0,0,0,0
422269,ECG,9190,-123,0,0,0,0,0
422269,ECG,9191,-179,0,0,0,0,0
422269,ECG,9192,-194,0,0,0,0,0
422274,ECG,9193,-164,0,0,0,0,0
422274,ECG,9194,-99,0,0,0,0,0
422279,ECG,9195,-22,0,0,0,0,0
422279,ECG,9196,41,0,0,0,0,0
422279,ECG,9197,63,0,0,0,0,0
422284,ECG,9198,35,0,0,0,0,0
422284,ECG,9199,-31,0,0,0,0,0
422289,ECG,9200,-110,0,0,0,0,0
422289,ECG,9201,-170,0,0,0,0,0
422289,ECG,9202,-187,0,0,0,0,0
422294,ECG,9203,-163,0,0,0,0,0
422294,ECG,9204,-108,0,0,0,0,0
422299,ECG,9205,-33,0,0,0,0,0
422299,ECG,9206,30,0,0,0,0,0
422299,ECG,9207,56,0,0,0,0,0
422304,ECG,9208,30,0,0,0,0,0
422304,ECG,9209,-37,0,0,0,0,0
422304,ECG,9210,-119,0,0,0,0,0
422309,ECG,9211,-183,0,0,0,0,0
422309,ECG,9212,-207,0,0,0,0,0
422314,ECG,9213,-187,0,0,0,0,0
422314,ECG,9214,-126,0,0,0,0,0
422314,ECG,9215,-47,0,0,0,0,0
419219,IMU,832,1308,-160,8452,-83,46,58
419238,IMU,833,1308,-196,8412,-101,71,54
419257,IMU,834,1280,-212,8336,-82,58,42
419276,IMU,835,1240,-208,8432,-79,64,25
419295,IMU,836,1296,-204,8376,-84,59,45
419317,IMU,837,1320,-208,8428,-76,63,46
419335,IMU,838,1224,-268,8396,-80,45,9
419353,IMU,839,1220,-172,8384,-92,50,49
419372,IMU,840,1352,-160,8448,-108,69,57
419391,IMU,841,1296,-196,8488,-80,53,39
419410,IMU,842,1328,-224,8340,-86,58,40
419429,IMU,843,1316,-68,8408,-86,52,53
419448,IMU,844,1380,-180,8372,-93,52,30
419467,IMU,845,1284,-128,8344,-85,66,59
419486,IMU,846,1220,-180,8388,-90,58,38
419505,IMU,847,1180,-240,8300,-82,62,60
419528,IMU,848,1252,-156,8340,-107,65,35
419543,IMU,849,1316,-248,8368,-88,67,46
419563,IMU,850,1312,-196,8440,-100,57,50
419582,IMU,851,1260,-124,8440,-101,80,48
419601,IMU,852,1364,-160,8404,-83,56,46
419620,IMU,853,1328,-160,8400,-75,56,42
419639,IMU,854,1272,-236,8388,-68,66,53
419658,IMU,855,1312,-164,8348,-79,62,39
419677,IMU,856,1260,-96,8376,-80,63,39
419696,IMU,857,1264,-188,8336,-86,56,31
419716,IMU,858,1256,-160,8396,-92,76,34
419734,IMU,859,1252,-136,8380,-94,50,48
419755,IMU,860,1264,-184,8364,-93,52,32
419777,IMU,861,1244,-236,8416,-98,61,42
419792,IMU,862,1344,-264,8360,-76,61,42
419811,IMU,863,1168,-252,8384,-95,58,34
419830,IMU,864,1388,-208,8356,-104,68,40
419849,IMU,865,1368,-224,8396,-94,59,35
419868,IMU,866,1172,-128,8388,-66,74,41
419889,IMU,867,1200,-208,8380,-94,63,51
419907,IMU,868,1272,-204,8384,-80,55,37
419925,IMU,869,1316,-128,8292,-88,54,52
419944,IMU,870,1256,-176,8332,-97,47,39
419966,IMU,871,1340,-180,8396,-99,45,57
419983,IMU,872,1304,-216,8344,-94,78,50
420002,IMU,873,1344,-156,8404,-95,47,39
420021,IMU,874,1284,-248,8460,-73,50,48
420040,IMU,875,1280,-188,8328,-99,56,37
420059,IMU,876,1220,-184,8464,-83,55,45
420078,IMU,877,1332,-64,8452,-91,55,47
420098,IMU,878,1220,-208,8356,-104,56,45
420117,IMU,879,1224,-160,8484,-83,49,37
420135,IMU,880,1248,-180,8548,-76,72,34
420154,IMU,881,1320,-268,8464,-83,64,45
420177,IMU,882,1224,-260,8472,-78,53,52
420195,IMU,883,1348,-184,8416,-76,63,46
420212,IMU,884,1356,-248,8484,-86,61,49
420231,IMU,885,1308,-100,8400,-73,66,41
420250,IMU,886,1244,-140,8264,-92,55,49
420269,IMU,887,1176,-204,8380,-93,65,37
420289,IMU,888,1292,-232,8308,-86,59,43
420308,IMU,889,1292,-152,8400,-107,48,43
420327,IMU,890,1236,-136,8376,-87,64,44
420346,IMU,891,1244,-200,8412,-87,58,35
420366,IMU,892,1296,-264,8356,-98,77,53
420384,IMU,893,1192,-216,8324,-100,70,44
420404,IMU,894,1300,-232,8368,-72,61,41
420422,IMU,895,1356,-184,8396,-96,62,52
420441,IMU,896,1300,-184,8348,-82,51,48
420460,IMU,897,1312,-204,8424,-98,59,35
420479,IMU,898,1392,-108,8348,-87,66,46
420499,IMU,899,1320,-172,8380,-103,62,57
420518,IMU,900,1336,-228,8420,-92,55,39
420537,IMU,901,1360,-264,8440,-81,52,56
420556,IMU,902,1388,-184,8416,-99,69,26
420575,IMU,903,1296,-148,8448,-94,67,44
420594,IMU,904,1280,-140,8420,-110,54,33
420617,IMU,905,1316,-348,8396,-95,66,49
420634,IMU,906,1236,-200,8372,-73,43,45
420652,IMU,907,1244,-188,8456,-88,70,40
420671,IMU,908,1276,-288,8452,-84,52,39
420690,IMU,909,1272,-120,8360,-104,56,46
420709,IMU,910,1220,-152,8440,-88,46,42
420728,IMU,911,1240,-104,8392,-82,72,42
420747,IMU,912,1308,-228,8388,-85,60,29
420766,IMU,913,1300,-228,8380,-87,68,33
420785,IMU,914,1296,-208,8408,-67,60,37
420804,IMU,915,1284,-316,8428,-75,74,42
420824,IMU,916,1264,-104,8452,-101,38,60
420847,IMU,917,1232,-104,8336,-99,60,57
420862,IMU,918,1328,-192,8464,-81,68,35
420881,IMU,919,1256,-180,8392,-79,56,52
420900,IMU,920,1272,-260,8372,-90,63,35
420920,IMU,921,1308,-200,8408,-95,52,31
420938,IMU,922,1240,-212,8500,-80,64,40
420958,IMU,923,1276,-208,8408,-77,72,42
420976,IMU,924,1176,-180,8388,-95,48,44
420995,IMU,925,1216,-196,8436,-76,56,26
421014,IMU,926,1248,-320,8456,-94,48,43
421034,IMU,927,1264,-216,8396,-87,66,50
421056,IMU,928,1356,-180,8504,-80,55,32
421072,IMU,929,1256,-160,8456,-77,50,48
421091,IMU,930,1256,-172,8360,-89,49,42
421110,IMU,931,1244,-152,8352,-107,61,40
421129,IMU,932,1316,-120,8476,-112,55,50
421149,IMU,933,1268,-216,8340,-81,47,50
421168,IMU,934,1284,-228,8428,-80,74,47
421187,IMU,935,1252,-172,8404,-99,74,42
421205,IMU,936,1320,-200,8448,-77,57,43
421225,IMU,937,1344,-72,8384,-83,63,48
421244,IMU,938,1224,-140,8432,-97,61,38
421263,IMU,939,1244,-144,8408,-96,67,53
421285,IMU,940,1256,-144,8396,-71,53,50
421301,IMU,941,1180,-144,8468,-92,62,42
421320,IMU,942,1256,-256,8336,-59,50,39
421339,IMU,943,1208,-112,8440,-105,55,37
421359,IMU,944,1312,-224,8432,-80,53,40
421378,IMU,945,1388,-128,8324,-90,68,52
421397,IMU,946,1276,-168,8448,-85,70,42
421416,IMU,947,1356,-204,8384,-81,57,46
421435,IMU,948,1184,-144,8416,-89,54,42
421454,IMU,949,1272,-304,8308,-94,65,39
421473,IMU,950,1316,-268,8392,-103,81,48
421493,IMU,951,1284,-96,8396,-95,55,40
421511,IMU,952,1292,-264,8412,-79,53,44
421530,IMU,953,1252,-252,8400,-97,86,49
421550,IMU,954,1304,-192,8348,-94,46,47
421569,IMU,955,1292,-104,8376,-95,58,59
421588,IMU,956,1308,-208,8472,-81,61,47
421607,IMU,957,1244,-176,8336,-87,56,49
421626,IMU,958,1404,-200,8472,-92,68,49
421645,IMU,959,1248,-184,8348,-91,67,37
421664,IMU,960,1140,-160,8352,-90,50,53
421683,IMU,961,1280,-256,8448,-71,67,41
421704,IMU,962,1216,-168,8352,-92,60,36
421724,IMU,963,1276,-160,8344,-84,66,45
421741,IMU,964,1248,-116,8408,-91,65,36
421760,IMU,965,1280,-200,8328,-90,54,43
421779,IMU,966,1224,-244,8508,-88,63,49
421798,IMU,967,1256,-204,8360,-80,72,29
421817,IMU,968,1208,-204,8372,-95,60,28
421836,IMU,969,1316,-232,8484,-104,73,36
421855,IMU,970,1260,-264,8396,-95,58,46
421874,IMU,971,1276,-176,8336,-75,80,29
421894,IMU,972,1260,-208,8412,-100,54,38
421912,IMU,973,1352,-136,8536,-69,65,42
421934,IMU,974,1324,-168,8432,-85,60,43
421951,IMU,975,1296,-160,8400,-70,73,28
421970,IMU,976,1312,-180,8328,-89,62,38
421989,IMU,977,1264,-224,8432,-84,46,43
422008,IMU,978,1196,-144,8408,-98,64,39
422027,IMU,979,1200,-276,8404,-81,64,49
422046,IMU,980,1360,-224,8268,-84,67,41
422066,IMU,981,1264,-184,8388,-106,54,27
422085,IMU,982,1236,-108,8396,-72,56,39
422103,IMU,983,1320,-228,8380,-89,58,43
422122,IMU,984,1320,-160,8496,-101,66,40
422146,IMU,985,1388,-168,8368,-90,56,47
422161,IMU,986,1204,-200,8444,-88,55,34
422180,IMU,987,1320,-168,8300,-93,71,40
422199,IMU,988,1228,-216,8420,-69,49,48
422218,IMU,989,1124,-208,8460,-83,53,53
422237,IMU,990,1308,-124,8412,-93,60,33
422256,IMU,991,1348,-316,8316,-111,43,42
422276,IMU,992,1260,-232,8416,-84,72,45
422295,IMU,993,1140,-192,8364,-94,71,59
422314,IMU,994,1332,-204,8440,-96,72,43
422333,IMU,995,1264,-216,8348,-99,56,54
422352,IMU,996,1252,-152,8476,-100,55,46
422372,IMU,997,1220,-144,8304,-83,72,53
422390,IMU,998,1276,-176,8360,-85,62,37
422409,IMU,999,1316,-284,8388,-96,62,30
422430,IMU,1000,1296,-152,8440,-101,79,38
422447,IMU,1001,1324,-212,8408,-94,68,49
422467,IMU,1002,1288,-100,8420,-75,43,45
422486,IMU,1003,1408,-92,8396,-77,62,35
422505,IMU,1004,1256,-224,8400,-81,60,48
422524,IMU,1005,1260,-80,8424,-92,61,47
422543,IMU,1006,1324,-176,8436,-73,57,65
422562,IMU,1007,1344,-188,8452,-80,56,34
422584,IMU,1008,1172,-168,8384,-85,75,34
422601,IMU,1009,1404,-204,8320,-96,59,48
422619,IMU,1010,1280,-124,8404,-88,55,54
422638,IMU,1011,1304,-248,8340,-75,44,49
422657,IMU,1012,1368,-204,8424,-103,49,43
422677,IMU,1013,1380,-184,8428,-90,65,47
422696,IMU,1014,1364,-136,8408,-77,62,42
422715,IMU,1015,1200,-136,8444,-93,54,36
422734,IMU,1016,1292,-264,8372,-101,68,51
422753,IMU,1017,1312,-204,8312,-94,53,60
422772,IMU,1018,1196,-128,8296,-89,57,58
422791,IMU,1019,1256,-244,8360,-83,74,22
422812,IMU,1020,1252,-220,8352,-84,56,51
422830,IMU,1021,1252,-236,8400,-89,72,34
422848,IMU,1022,1216,-152,8368,-94,45,54
422867,IMU,1023,1284,-176,8328,-95,55,32
422887,IMU,1024,1256,-212,8400,-105,60,36
422906,IMU,1025,1328,-184,8388,-87,55,31
422925,IMU,1026,1232,-324,8388,-101,55,44
422944,IMU,1027,1304,-156,8380,-77,56,49
422963,IMU,1028,1328,-144,8360,-81,64,51
422982,IMU,1029,1188,-240,8452,-95,59,45
423001,IMU,1030,1316,-260,8492,-84,75,33
423023,IMU,1031,1320,-148,8388,-80,57,21
423039,IMU,1032,1328,-200,8344,-95,55,40
423058,IMU,1033,1232,-180,8408,-102,70,49
423078,IMU,1034,1204,-92,8396,-104,62,41
423097,IMU,1035,1264,-232,8428,-82,50,48
423116,IMU,1036,1336,-224,8428,-91,65,35
423135,IMU,1037,1344,-156,8372,-87,64,26
423154,IMU,1038,1348,-152,8364,-81,51,50
423173,IMU,1039,1336,-176,8420,-85,72,31
422319,ECG,9216,25,0,0,0,0,0
422319,ECG,9217,67,0,0,0,0,0
422324,ECG,9218,58,0,0,0,0,0
422324,ECG,9219,1,0,0,0,0,0
422324,ECG,9220,-78,0,0,0,0,0
422329,ECG,9221,-147,0,0,0,0,0
422329,ECG,9222,-182,0,0,0,0,0
422334,ECG,9223,-173,0,0,0,0,0
422334,ECG,9224,-122,0,0,0,0,0
422334,ECG,9225,-47,0,0,0,0,0
422339,ECG,9226,24,0,0,0,0,0
422339,ECG,9227,68,0,0,0,0,0
422344,ECG,9228,63,0,0,0,0,0
422344,ECG,9229,8,0,0,0,0,0
422344,ECG,9230,-70,0,0,0,0,0
422349,ECG,9231,-147,0,0,0,0,0
422349,ECG,9232,-194,0,0,0,0,0
422354,ECG,9233,-155,0,0,0,0,0
422354,ECG,9234,-88,0,0,0,0,0
422359,ECG,9235,-12,0,0,0,0,0
422359,ECG,9236,42,0,0,0,0,0
422364,ECG,9237,5,0,0,0,0,0
422364,ECG,9238,-67,0,0,0,0,0
422369,ECG,9239,-141,0,0,0,0,0
422369,ECG,9240,-186,0,0,0,0,0
422369,ECG,9241,-186,0,0,0,0,0
422374,ECG,9242,-149,0,0,0,0,0
422374,ECG,9243,-80,0,0,0,0,0
422379,ECG,9244,-1,0,0,0,0,0
422379,ECG,9245,54,0,0,0,0,0
422379,ECG,9246,66,0,0,0,0,0
422384,ECG,9247,25,0,0,0,0,0
422384,ECG,9248,-52,0,0,0,0,0
422389,ECG,9249,-128,0,0,0,0,0
422389,ECG,9250,-179,0,0,0,0,0
422389,ECG,9251,-191,0,0,0,0,0
422394,ECG,9252,-159,0,0,0,0,0
422394,ECG,9253,-92,0,0,0,0,0
422399,ECG,9254,-20,0,0,0,0,0
422399,ECG,9255,35,0,0,0,0,0
422399,ECG,9256,54,0,0,0,0,0
422404,ECG,9257,20,0,0,0,0,0
422404,ECG,9258,-49,0,0,0,0,0
422409,ECG,9259,-175,0,0,0,0,0
422409,ECG,9260,-182,0,0,0,0,0
422414,ECG,9261,-153,0,0,0,0,0
422414,ECG,9262,-92,0,0,0,0,0
422419,ECG,9263,49,0,0,0,0,0
422419,ECG,9264,74,0,0,0,0,0
422424,ECG,9265,50,0,0,0,0,0
422424,ECG,9266,-18,0,0,0,0,0
422424,ECG,9267,-100,0,0,0,0,0
422429,ECG,9268,-165,0,0,0,0,0
422429,ECG,9269,-195,0,0,0,0,0
422434,ECG,9270,-181,0,0,0,0,0
422434,ECG,9271,-128,0,0,0,0,0
422434,ECG,9272,-57,0,0,0,0,0
422439,ECG,9273,11,0,0,0,0,0
422439,ECG,9274,50,0,0,0,0,0
422444,ECG,9275,35,0,0,0,0,0
422444,ECG,9276,-21,0,0,0,0,0
422444,ECG,9277,-96,0,0,0,0,0
422449,ECG,9278,-164,0,0,0,0,0
422449,ECG,9279,-194,0,0,0,0,0
422454,ECG,9280,-180,0,0,0,0,0
422454,ECG,9281,-131,0,0,0,0,0
422454,ECG,9282,-58,0,0,0,0,0
422459,ECG,9283,10,0,0,0,0,0
422459,ECG,9284,47,0,0,0,0,0
422464,ECG,9285,-21,0,0,0,0,0
422464,ECG,9286,-101,0,0,0,0,0
422469,ECG,9287,-169,0,0,0,0,0
422469,ECG,9288,-203,0,0,0,0,0
422474,ECG,9289,-147,0,0,0,0,0
422474,ECG,9290,-74,0,0,0,0,0
422479,ECG,9291,-4,0,0,0,0,0
422479,ECG,9292,41,0,0,0,0,0
422479,ECG,9293,37,0,0,0,0,0
422484,ECG,9294,-13,0,0,0,0,0
422484,ECG,9295,-91,0,0,0,0,0
422489,ECG,9296,-165,0,0,0,0,0
422489,ECG,9297,-207,0,0,0,0,0
422489,ECG,9298,-203,0,0,0,0,0
422494,ECG,9299,-158,0,0,0,0,0
422494,ECG,9300,-82,0,0,0,0,0
422499,ECG,9301,0,0,0,0,0,0
422499,ECG,9302,55,0,0,0,0,0
422499,ECG,9303,65,0,0,0,0,0
422504,ECG,9304,22,0,0,0,0,0
422504,ECG,9305,-58,0,0,0,0,0
422509,ECG,9306,-199,0,0,0,0,0
422509,ECG,9307,-211,0,0,0,0,0
422514,ECG,9308,-180,0,0,0,0,0
422514,ECG,9309,-116,0,0,0,0,0
422514,ECG,9310,-39,0,0,0,0,0
422519,ECG,9311,17,0,0,0,0,0
422519,ECG,9312,34,0,0,0,0,0
422524,ECG,9313,-3,0,0,0,0,0
422524,ECG,9314,-73,0,0,0,0,0
422524,ECG,9315,-149,0,0,0,0,0
422529,ECG,9316,-206,0,0,0,0,0
422529,ECG,9317,-220,0,0,0,0,0
422534,ECG,9318,-188,0,0,0,0,0
422534,ECG,9319,-125,0,0,0,0,0
422534,ECG,9320,-48,0,0,0,0,0
422539,ECG,9321,13,0,0,0,0,0
422539,ECG,9322,34,0,0,0,0,0
422544,ECG,9323,6,0,0,0,0,0
422544,ECG,9324,-62,0,0,0,0,0
422544,ECG,9325,-144,0,0,0,0,0
422549,ECG,9326,-207,0,0,0,0,0
422549,ECG,9327,-228,0,0,0,0,0
422554,ECG,9328,-206,0,0,0,0,0
422554,ECG,9329,-148,0,0,0,0,0
422554,ECG,9330,-69,0,0,0,0,0
422559,ECG,9331,-2,0,0,0,0,0
422559,ECG,9332,33,0,0,0,0,0
422564,ECG,9333,-43,0,0,0,0,0
422564,ECG,9334,-118,0,0,0,0,0
422569,ECG,9335,-179,0,0,0,0,0
422569,ECG,9336,-205,0,0,0,0,0
422569,ECG,9337,-187,0,0,0,0,0
422574,ECG,9338,-132,0,0,0,0,0
422574,ECG,9339,-55,0,0,0,0,0
422579,ECG,9340,13,0,0,0,0,0
422579,ECG,9341,45,0,0,0,0,0
422579,ECG,9342,30,0,0,0,0,0
422584,ECG,9343,-31,0,0,0,0,0
422584,ECG,9344,-114,0,0,0,0,0
422589,ECG,9345,-189,0,0,0,0,0
422589,ECG,9346,-228,0,0,0,0,0
422589,ECG,9347,-218,0,0,0,0,0
422594,ECG,9348,-166,0,0,0,0,0
422594,ECG,9349,-90,0,0,0,0,0
422599,ECG,9350,-14,0,0,0,0,0
422599,ECG,9351,37,0,0,0,0,0
422599,ECG,9352,39,0,0,0,0,0
422604,ECG,9353,-10,0,0,0,0,0
422604,ECG,9354,-85,0,0,0,0,0
422609,ECG,9355,-160,0,0,0,0,0
422609,ECG,9356,-204,0,0,0,0,0
422609,ECG,9357,-202,0,0,0,0,0
422614,ECG,9358,-160,0,0,0,0,0
422614,ECG,9359,-86,0,0,0,0,0
422619,ECG,9360,49,0,0,0,0,0
422619,ECG,9361,58,0,0,0,0,0
422624,ECG,9362,14,0,0,0,0,0
422624,ECG,9363,-62,0,0,0,0,0
422624,ECG,9364,-138,0,0,0,0,0
422629,ECG,9365,-190,0,0,0,0,0
422629,ECG,9366,-197,0,0,0,0,0
422634,ECG,9367,-160,0,0,0,0,0
422634,ECG,9368,-94,0,0,0,0,0
422634,ECG,9369,-19,0,0,0,0,0
422639,ECG,9370,32,0,0,0,0,0
422639,ECG,9371,40,0,0,0,0,0
422644,ECG,9372,-3,0,0,0,0,0
422644,ECG,9373,-80,0,0,0,0,0
422644,ECG,9374,-160,0,0,0,0,0
422649,ECG,9375,-214,0,0,0,0,0
422649,ECG,9376,-220,0,0,0,0,0
422654,ECG,9377,-185,0,0,0,0,0
422654,ECG,9378,-117,0,0,0,0,0
422654,ECG,9379,-35,0,0,0,0,0
422659,ECG,9380,26,0,0,0,0,0
422659,ECG,9381,48,0,0,0,0,0
422664,ECG,9382,19,0,0,0,0,0
422664,ECG,9383,-51,0,0,0,0,0
422664,ECG,9384,-130,0,0,0,0,0
422669,ECG,9385,-188,0,0,0,0,0
422669,ECG,9386,-210,0,0,0,0,0
422674,ECG,9387,-125,0,0,0,0,0
422674,ECG,9388,-50,0,0,0,0,0
422679,ECG,9389,14,0,0,0,0,0
422679,ECG,9390,45,0,0,0,0,0
422684,ECG,9391,-42,0,0,0,0,0
422684,ECG,9392,-118,0,0,0,0,0
422689,ECG,9393,-180,0,0,0,0,0
422689,ECG,9394,-201,0,0,0,0,0
422689,ECG,9395,-179,0,0,0,0,0
422694,ECG,9396,-121,0,0,0,0,0
422694,ECG,9397,-41,0,0,0,0,0
422699,ECG,9398,29,0,0,0,0,0
422699,ECG,9399,61,0,0,0,0,0
422699,ECG,9400,40,0,0,0,0,0
422704,ECG,9401,-26,0,0,0,0,0
422704,ECG,9402,-111,0,0,0,0,0
422709,ECG,9403,-181,0,0,0,0,0
422709,ECG,9404,-213,0,0,0,0,0
422709,ECG,9405,-198,0,0,0,0,0
422714,ECG,9406,-143,0,0,0,0,0
422714,ECG,9407,-63,0,0,0,0,0
422719,ECG,9408,13,0,0,0,0,0
422719,ECG,9409,56,0,0,0,0,0
422719,ECG,9410,47,0,0,0,0,0
422724,ECG,9411,-13,0,0,0,0,0
422724,ECG,9412,-99,0,0,0,0,0
422729,ECG,9413,-218,0,0,0,0,0
422729,ECG,9414,-214,0,0,0,0,0
422734,ECG,9415,-167,0,0,0,0,0
422734,ECG,9416,-89,0,0,0,0,0
422739,ECG,9417,41,0,0,0,0,0
422739,ECG,9418,46,0,0,0,0,0
422744,ECG,9419,-3,0,0,0,0,0
422744,ECG,9420,-82,0,0,0,0,0
422744,ECG,9421,-158,0,0,0,0,0
422749,ECG,9422,-207,0,0,0,0,0
422749,ECG,9423,-209,0,0,0,0,0
422754,ECG,9424,-168,0,0,0,0,0
422754,ECG,9425,-100,0,0,0,0,0
422754,ECG,9426,-25,0,0,0,0,0
422759,ECG,9427,32,0,0,0,0,0
422759,ECG,9428,45,0,0,0,0,0
422764,ECG,9429,6,0,0,0,0,0
422764,ECG,9430,-61,0,0,0,0,0
422764,ECG,9431,-132,0,0,0,0,0
422769,ECG,9432,-180,0,0,0,0,0
422769,ECG,9433,-188,0,0,0,0,0
422774,ECG,9434,-157,0,0,0,0,0
422774,ECG,9435,-95,0,0,0,0,0
422774,ECG,9436,-25,0,0,0,0,0
422779,ECG,9437,25,0,0,0,0,0
422779,ECG,9438,41,0,0,0,0,0
422784,ECG,9439,-63,0,0,0,0,0
422784,ECG,9440,-136,0,0,0,0,0
422789,ECG,9441,-189,0,0,0,0,0
422789,ECG,9442,-200,0,0,0,0,0
422794,ECG,9443,-105,0,0,0,0,0
422794,ECG,9444,-27,0,0,0,0,0
422799,ECG,9445,36,0,0,0,0,0
422799,ECG,9446,57,0,0,0,0,0
422799,ECG,9447,27,0,0,0,0,0
422804,ECG,9448,-41,0,0,0,0,0
422804,ECG,9449,-123,0,0,0,0,0
422809,ECG,9450,-186,0,0,0,0,0
422809,ECG,9451,-203,0,0,0,0,0
422809,ECG,9452,-179,0,0,0,0,0
422814,ECG,9453,-118,0,0,0,0,0
422814,ECG,9454,-35,0,0,0,0,0
422819,ECG,9455,32,0,0,0,0,0
422819,ECG,9456,62,0,0,0,0,0
422819,ECG,9457,42,0,0,0,0,0
422824,ECG,9458,-23,0,0,0,0,0
422824,ECG,9459,-105,0,0,0,0,0
422829,ECG,9460,-171,0,0,0,0,0
422829,ECG,9461,-201,0,0,0,0,0
422829,ECG,9462,-187,0,0,0,0,0
422834,ECG,9463,-137,0,0,0,0,0
422834,ECG,9464,-66,0,0,0,0,0
422839,ECG,9465,33,0,0,0,0,0
422839,ECG,9466,21,0,0,0,0,0
422844,ECG,9467,-34,0,0,0,0,0
422844,ECG,9468,-106,0,0,0,0,0
422849,ECG,9469,-202,0,0,0,0,0
422849,ECG,9470,-189,0,0,0,0,0
422854,ECG,9471,-140,0,0,0,0,0
422854,ECG,9472,-67,0,0,0,0,0
422854,ECG,9473,4,0,0,0,0,0
422859,ECG,9474,48,0,0,0,0,0
422859,ECG,9475,46,0,0,0,0,0
422864,ECG,9476,-6,0,0,0,0,0
422864,ECG,9477,-85,0,0,0,0,0
422864,ECG,9478,-157,0,0,0,0,0
422869,ECG,9479,-201,0,0,0,0,0
422869,ECG,9480,-201,0,0,0,0,0
422874,ECG,9481,-158,0,0,0,0,0
422874,ECG,9482,-88,0,0,0,0,0
422874,ECG,9483,-11,0,0,0,0,0
422879,ECG,9484,40,0,0,0,0,0
422879,ECG,9485,46,0,0,0,0,0
422884,ECG,9486,-71,0,0,0,0,0
422884,ECG,9487,-150,0,0,0,0,0
422889,ECG,9488,-198,0,0,0,0,0
422889,ECG,9489,-199,0,0,0,0,0
422889,ECG,9490,-163,0,0,0,0,0
422894,ECG,9491,-95,0,0,0,0,0
422894,ECG,9492,-17,0,0,0,0,0
422899,ECG,9493,39,0,0,0,0,0
422899,ECG,9494,55,0,0,0,0,0
422899,ECG,9495,19,0,0,0,0,0
422904,ECG,9496,-55,0,0,0,0,0
422904,ECG,9497,-132,0,0,0,0,0
422909,ECG,9498,-185,0,0,0,0,0
422909,ECG,9499,-198,0,0,0,0,0
422909,ECG,9500,-166,0,0,0,0,0
422914,ECG,9501,-102,0,0,0,0,0
422914,ECG,9502,-28,0,0,0,0,0
422919,ECG,9503,31,0,0,0,0,0
422919,ECG,9504,54,0,0,0,0,0
422919,ECG,9505,27,0,0,0,0,0
422924,ECG,9506,-39,0,0,0,0,0
422924,ECG,9507,-115,0,0,0,0,0
422929,ECG,9508,-172,0,0,0,0,0
422929,ECG,9509,-191,0,0,0,0,0
422929,ECG,9510,-170,0,0,0,0,0
422934,ECG,9511,-117,0,0,0,0,0
422934,ECG,9512,-46,0,0,0,0,0
422939,ECG,9513,44,0,0,0,0,0
422939,ECG,9514,26,0,0,0,0,0
422944,ECG,9515,-30,0,0,0,0,0
422944,ECG,9516,-101,0,0,0,0,0
422949,ECG,9517,-185,0,0,0,0,0
422949,ECG,9518,-166,0,0,0,0,0
422954,ECG,9519,-111,0,0,0,0,0
422954,ECG,9520,-39,0,0,0,0,0
422954,ECG,9521,24,0,0,0,0,0
422959,ECG,9522,58,0,0,0,0,0
422959,ECG,9523,39,0,0,0,0,0
422964,ECG,9524,-25,0,0,0,0,0
422964,ECG,9525,-107,0,0,0,0,0
422964,ECG,9526,-177,0,0,0,0,0
422969,ECG,9527,-211,0,0,0,0,0
422969,ECG,9528,-195,0,0,0,0,0
422974,ECG,9529,-140,0,0,0,0,0
422974,ECG,9530,-60,0,0,0,0,0
422974,ECG,9531,20,0,0,0,0,0
422979,ECG,9532,67,0,0,0,0,0
422979,ECG,9533,66,0,0,0,0,0
422984,ECG,9534,17,0,0,0,0,0
422984,ECG,9535,-59,0,0,0,0,0
422984,ECG,9536,-131,0,0,0,0,0
422989,ECG,9537,-172,0,0,0,0,0
422989,ECG,9538,-171,0,0,0,0,0
422994,ECG,9539,-58,0,0,0,0,0
422994,ECG,9540,16,0,0,0,0,0
422999,ECG,9541,65,0,0,0,0,0
422999,ECG,9542,68,0,0,0,0,0
423004,ECG,9543,-53,0,0,0,0,0
423004,ECG,9544,-125,0,0,0,0,0
423009,ECG,9545,-171,0,0,0,0,0
423009,ECG,9546,-171,0,0,0,0,0
423009,ECG,9547,-129,0,0,0,0,0
423014,ECG,9548,-59,0,0,0,0,0
423014,ECG,9549,20,0,0,0,0,0
423065,ECG,9550,73,0,0,0,0,0
423065,ECG,9551,81,0,0,0,0,0
423065,ECG,9552,38,0,0,0,0,0
423065,ECG,9553,-38,0,0,0,0,0
423065,ECG,9554,-116,0,0,0,0,0
423065,ECG,9555,-167,0,0,0,0,0
423065,ECG,9556,-177,0,0,0,0,0
423065,ECG,9557,-145,0,0,0,0,0
423065,ECG,9558,-78,0,0,0,0,0
423065,ECG,9559,-4,0,0,0,0,0
423065,ECG,9560,53,0,0,0,0,0
423065,ECG,9561,70,0,0,0,0,0
423065,ECG,9562,34,0,0,0,0,0
423065,ECG,9563,-40,0,0,0,0,0
423065,ECG,9564,-120,0,0,0,0,0
423065,ECG,9565,-178,0,0,0,0,0
423065,ECG,9566,-197,0,0,0,0,0
423065,ECG,9567,-174,0,0,0,0,0
423065,ECG,9568,-121,0,0,0,0,0
423065,ECG,9569,-49,0,0,0,0,0
423065,ECG,9570,9,0,0,0,0,0
423065,ECG,9571,32,0,0,0,0,0
423065,ECG,9572,9,0,0,0,0,0
423065,ECG,9573,-52,0,0,0,0,0
423065,ECG,9574,-125,0,0,0,0,0
423065,ECG,9575,-180,0,0,0,0,0
423070,ECG,9576,-200,0,0,0,0,0
423070,ECG,9577,-176,0,0,0,0,0
423070,ECG,9578,-119,0,0,0,0,0
423075,ECG,9579,-45,0,0,0,0,0
423075,ECG,9580,23,0,0,0,0,0
423080,ECG,9581,45,0,0,0,0,0
423080,ECG,9582,-17,0,0,0,0,0
423085,ECG,9583,-101,0,0,0,0,0
423085,ECG,9584,-176,0,0,0,0,0
423085,ECG,9585,-215,0,0,0,0,0
423090,ECG,9586,-207,0,0,0,0,0
423090,ECG,9587,-155,0,0,0,0,0
423095,ECG,9588,-72,0,0,0,0,0
423095,ECG,9589,15,0,0,0,0,0
423095,ECG,9590,78,0,0,0,0,0
423100,ECG,9591,87,0,0,0,0,0
423100,ECG,9592,42,0,0,0,0,0
423105,ECG,9593,-37,0,0,0,0,0
423105,ECG,9594,-118,0,0,0,0,0
423105,ECG,9595,-170,0,0,0,0,0
423110,ECG,9596,-181,0,0,0,0,0
423110,ECG,9597,-149,0,0,0,0,0
423115,ECG,9598,-84,0,0,0,0,0
423115,ECG,9599,-9,0,0,0,0,0
423115,ECG,9600,45,0,0,0,0,0
423120,ECG,9601,56,0,0,0,0,0
423120,ECG,9602,17,0,0,0,0,0
423125,ECG,9603,-54,0,0,0,0,0
423125,ECG,9604,-125,0,0,0,0,0
423125,ECG,9605,-169,0,0,0,0,0
423130,ECG,9606,-172,0,0,0,0,0
423130,ECG,9607,-131,0,0,0,0,0
423135,ECG,9608,14,0,0,0,0,0
423135,ECG,9609,72,0,0,0,0,0
423140,ECG,9610,87,0,0,0,0,0
423140,ECG,9611,47,0,0,0,0,0
423145,ECG,9612,-109,0,0,0,0,0
423145,ECG,9613,-168,0,0,0,0,0
423150,ECG,9614,-183,0,0,0,0,0
423150,ECG,9615,-157,0,0,0,0,0
423150,ECG,9616,-94,0,0,0,0,0
423155,ECG,9617,-14,0,0,0,0,0
423155,ECG,9618,50,0,0,0,0,0
423160,ECG,9619,72,0,0,0,0,0
423160,ECG,9620,47,0,0,0,0,0
423160,ECG,9621,-21,0,0,0,0,0
423165,ECG,9622,-102,0,0,0,0,0
423165,ECG,9623,-160,0,0,0,0,0
423170,ECG,9624,-178,0,0,0,0,0
423170,ECG,9625,-152,0,0,0,0,0
423170,ECG,9626,-90,0,0,0,0,0
423175,ECG,9627,-13,0,0,0,0,0
423175,ECG,9628,53,0,0,0,0,0
423180,ECG,9629,82,0,0,0,0,0
423180,ECG,9630,57,0,0,0,0,0
423180,ECG,9631,-12,0,0,0,0,0
423185,ECG,9632,-93,0,0,0,0,0
423185,ECG,9633,-159,0,0,0,0,0
423190,ECG,9634,-165,0,0,0,0,0
423190,ECG,9635,-108,0,0,0,0,0
423195,ECG,9636,-31,0,0,0,0,0
423195,ECG,9637,41,0,0,0,0,0
423200,ECG,9638,65,0,0,0,0,0
423200,ECG,9639,8,0,0,0,0,0
423205,ECG,9640,-76,0,0,0,0,0
423205,ECG,9641,-146,0,0,0,0,0
423205,ECG,9642,-180,0,0,0,0,0
423210,ECG,9643,-174,0,0,0,0,0
423210,ECG,9644,-125,0,0,0,0,0
423215,ECG,9645,-47,0,0,0,0,0
423215,ECG,9646,30,0,0,0,0,0
423215,ECG,9647,77,0,0,0,0,0
423220,ECG,9648,79,0,0,0,0,0
423220,ECG,9649,31,0,0,0,0,0
423225,ECG,9650,-46,0,0,0,0,0
423225,ECG,9651,-117,0,0,0,0,0
423225,ECG,9652,-161,0,0,0,0,0
423230,ECG,9653,-160,0,0,0,0,0
423230,ECG,9654,-117,0,0,0,0,0
423235,ECG,9655,-47,0,0,0,0,0
423235,ECG,9656,25,0,0,0,0,0
423235,ECG,9657,74,0,0,0,0,0
423240,ECG,9658,75,0,0,0,0,0
423240,ECG,9659,23,0,0,0,0,0
423245,ECG,9660,-132,0,0,0,0,0
423245,ECG,9661,-179,0,0,0,0,0
423250,ECG,9662,-182,0,0,0,0,0
423250,ECG,9663,-139,0,0,0,0,0
423255,ECG,9664,5,0,0,0,0,0
423255,ECG,9665,59,0,0,0,0,0
423260,ECG,9666,67,0,0,0,0,0
423260,ECG,9667,28,0,0,0,0,0
423260,ECG,9668,-42,0,0,0,0,0
423265,ECG,9669,-119,0,0,0,0,0
423265,ECG,9670,-171,0,0,0,0,0
423270,ECG,9671,-177,0,0,0,0,0
423270,ECG,9672,-143,0,0,0,0,0
423270,ECG,9673,-84,0,0,0,0,0
423275,ECG,9674,-9,0,0,0,0,0
423275,ECG,9675,50,0,0,0,0,0
423280,ECG,9676,67,0,0,0,0,0
423280,ECG,9677,36,0,0,0,0,0
423280,ECG,9678,-29,0,0,0,0,0
423285,ECG,9679,-105,0,0,0,0,0
423285,ECG,9680,-159,0,0,0,0,0
423290,ECG,9681,-176,0,0,0,0,0
423290,ECG,9682,-153,0,0,0,0,0
423290,ECG,9683,-95,0,0,0,0,0
423295,ECG,9684,-22,0,0,0,0,0
423295,ECG,9685,39,0,0,0,0,0
423300,ECG,9686,38,0,0,0,0,0
423300,ECG,9687,-26,0,0,0,0,0
423305,ECG,9688,-107,0,0,0,0,0
423305,ECG,9689,-169,0,0,0,0,0
423310,ECG,9690,-170,0,0,0,0,0
423310,ECG,9691,-115,0,0,0,0,0
423315,ECG,9692,-43,0,0,0,0,0
423315,ECG,9693,21,0,0,0,0,0
423315,ECG,9694,47,0,0,0,0,0
423320,ECG,9695,27,0,0,0,0,0
423320,ECG,9696,-37,0,0,0,0,0
423325,ECG,9697,-120,0,0,0,0,0
423325,ECG,9698,-182,0,0,0,0,0
423325,ECG,9699,-204,0,0,0,0,0
423330,ECG,9700,-181,0,0,0,0,0
423330,ECG,9701,-121,0,0,0,0,0
423335,ECG,9702,-44,0,0,0,0,0
423335,ECG,9703,23,0,0,0,0,0
423335,ECG,9704,58,0,0,0,0,0
423340,ECG,9705,41,0,0,0,0,0
423340,ECG,9706,-22,0,0,0,0,0
423340,ECG,9707,-104,0,0,0,0,0
423345,ECG,9708,-176,0,0,0,0,0
423345,ECG,9709,-216,0,0,0,0,0
423350,ECG,9710,-211,0,0,0,0,0
423350,ECG,9711,-162,0,0,0,0,0
423355,ECG,9712,-19,0,0,0,0,0
423355,ECG,9713,29,0,0,0,0,0
423360,ECG,9714,32,0,0,0,0,0
423360,ECG,9715,-12,0,0,0,0,0
423365,ECG,9716,-151,0,0,0,0,0
423365,ECG,9717,-188,0,0,0,0,0
423370,ECG,9718,-184,0,0,0,0,0
423370,ECG,9719,-144,0,0,0,0,0
423370,ECG,9720,-74,0,0,0,0,0
423375,ECG,9721,0,0,0,0,0,0
423375,ECG,9722,50,0,0,0,0,0
423380,ECG,9723,51,0,0,0,0,0
423380,ECG,9724,6,0,0,0,0,0
423380,ECG,9725,-68,0,0,0,0,0
423385,ECG,9726,-142,0,0,0,0,0
423385,ECG,9727,-187,0,0,0,0,0
423390,ECG,9728,-190,0,0,0,0,0
423390,ECG,9729,-152,0,0,0,0,0
423390,ECG,9730,-84,0,0,0,0,0
423395,ECG,9731,-11,0,0,0,0,0
423395,ECG,9732,40,0,0,0,0,0
423400,ECG,9733,50,0,0,0,0,0
423400,ECG,9734,7,0,0,0,0,0
423400,ECG,9735,-76,0,0,0,0,0
423405,ECG,9736,-160,0,0,0,0,0
423405,ECG,9737,-217,0,0,0,0,0
423405,ECG,9738,-231,0,0,0,0,0
423410,ECG,9739,-197,0,0,0,0,0
423410,ECG,9740,-127,0,0,0,0,0
423415,ECG,9741,-43,0,0,0,0,0
423415,ECG,9742,30,0,0,0,0,0
423415,ECG,9743,62,0,0,0,0,0
423420,ECG,9744,39,0,0,0,0,0
423420,ECG,9745,-23,0,0,0,0,0
423425,ECG,9746,-103,0,0,0,0,0
423425,ECG,9747,-169,0,0,0,0,0
423425,ECG,9748,-193,0,0,0,0,0
423430,ECG,9749,-174,0,0,0,0,0
423430,ECG,9750,-117,0,0,0,0,0
423435,ECG,9751,-40,0,0,0,0,0
423435,ECG,9752,25,0,0,0,0,0
423435,ECG,9753,55,0,0,0,0,0
423440,ECG,9754,34,0,0,0,0,0
423440,ECG,9755,-27,0,0,0,0,0
423445,ECG,9756,-107,0,0,0,0,0
423445,ECG,9757,-173,0,0,0,0,0
423445,ECG,9758,-201,0,0,0,0,0
423450,ECG,9759,-183,0,0,0,0,0
423450,ECG,9760,-123,0,0,0,0,0
423455,ECG,9761,30,0,0,0,0,0
423455,ECG,9762,69,0,0,0,0,0
423460,ECG,9763,55,0,0,0,0,0
423460,ECG,9764,-5,0,0,0,0,0
423460,ECG,9765,-86,0,0,0,0,0
423465,ECG,9766,-157,0,0,0,0,0
423465,ECG,9767,-192,0,0,0,0,0
423470,ECG,9768,-183,0,0,0,0,0
423470,ECG,9769,-136,0,0,0,0,0
423470,ECG,9770,-61,0,0,0,0,0
423475,ECG,9771,12,0,0,0,0,0
423475,ECG,9772,55,0,0,0,0,0
423480,ECG,9773,50,0,0,0,0,0
423480,ECG,9774,-4,0,0,0,0,0
423480,ECG,9775,-87,0,0,0,0,0
423485,ECG,9776,-162,0,0,0,0,0
423485,ECG,9777,-202,0,0,0,0,0
423490,ECG,9778,-198,0,0,0,0,0
423490,ECG,9779,-151,0,0,0,0,0
423490,ECG,9780,-74,0,0,0,0,0
423495,ECG,9781,4,0,0,0,0,0
423495,ECG,9782,57,0,0,0,0,0
423500,ECG,9783,65,0,0,0,0,0
423500,ECG,9784,22,0,0,0,0,0
423500,ECG,9785,-52,0,0,0,0,0
423505,ECG,9786,-128,0,0,0,0,0
423505,ECG,9787,-176,0,0,0,0,0
423510,ECG,9788,-178,0,0,0,0,0
423510,ECG,9789,-138,0,0,0,0,0
423510,ECG,9790,-71,0,0,0,0,0
423515,ECG,9791,2,0,0,0,0,0
423515,ECG,9792,55,0,0,0,0,0
423515,ECG,9793,65,0,0,0,0,0
423520,ECG,9794,23,0,0,0,0,0
423520,ECG,9795,-49,0,0,0,0,0
423525,ECG,9796,-127,0,0,0,0,0
423525,ECG,9797,-180,0,0,0,0,0
423525,ECG,9798,-191,0,0,0,0,0
423530,ECG,9799,-162,0,0,0,0,0
423530,ECG,9800,-98,0,0,0,0,0
423535,ECG,9801,-22,0,0,0,0,0
423535,ECG,9802,37,0,0,0,0,0
423535,ECG,9803,56,0,0,0,0,0
423540,ECG,9804,21,0,0,0,0,0
423540,ECG,9805,-50,0,0,0,0,0
423545,ECG,9806,-130,0,0,0,0,0
423545,ECG,9807,-187,0,0,0,0,0
423545,ECG,9808,-204,0,0,0,0,0
423550,ECG,9809,-174,0,0,0,0,0
423550,ECG,9810,-107,0,0,0,0,0
423555,ECG,9811,-26,0,0,0,0,0
423555,ECG,9812,39,0,0,0,0,0
423555,ECG,9813,64,0,0,0,0,0
423560,ECG,9814,36,0,0,0,0,0
423560,ECG,9815,-37,0,0,0,0,0
423565,ECG,9816,-188,0,0,0,0,0
423565,ECG,9817,-210,0,0,0,0,0
423570,ECG,9818,-189,0,0,0,0,0
423570,ECG,9819,-126,0,0,0,0,0
423575,ECG,9820,28,0,0,0,0,0
423575,ECG,9821,64,0,0,0,0,0
423580,ECG,9822,46,0,0,0,0,0
423580,ECG,9823,-19,0,0,0,0,0
423580,ECG,9824,-101,0,0,0,0,0
423585,ECG,9825,-170,0,0,0,0,0
423585,ECG,9826,-198,0,0,0,0,0
423590,ECG,9827,-180,0,0,0,0,0
423590,ECG,9828,-125,0,0,0,0,0
423590,ECG,9829,-48,0,0,0,0,0
423595,ECG,9830,25,0,0,0,0,0
423595,ECG,9831,65,0,0,0,0,0
423600,ECG,9832,51,0,0,0,0,0
423600,ECG,9833,-8,0,0,0,0,0
423600,ECG,9834,-88,0,0,0,0,0
423605,ECG,9835,-163,0,0,0,0,0
423605,ECG,9836,-200,0,0,0,0,0
423610,ECG,9837,-191,0,0,0,0,0
423610,ECG,9838,-142,0,0,0,0,0
423610,ECG,9839,-67,0,0,0,0,0
423615,ECG,9840,7,0,0,0,0,0
423615,ECG,9841,51,0,0,0,0,0
423620,ECG,9842,-10,0,0,0,0,0
423620,ECG,9843,-93,0,0,0,0,0
423625,ECG,9844,-169,0,0,0,0,0
423625,ECG,9845,-210,0,0,0,0,0
423630,ECG,9846,-155,0,0,0,0,0
423630,ECG,9847,-75,0,0,0,0,0
423635,ECG,9848,8,0,0,0,0,0
423635,ECG,9849,63,0,0,0,0,0
423635,ECG,9850,67,0,0,0,0,0
423640,ECG,9851,16,0,0,0,0,0
423640,ECG,9852,-68,0,0,0,0,0
423645,ECG,9853,-151,0,0,0,0,0
423645,ECG,9854,-203,0,0,0,0,0
423645,ECG,9855,-209,0,0,0,0,0
423650,ECG,9856,-168,0,0,0,0,0
423650,ECG,9857,-93,0,0,0,0,0
423655,ECG,9858,-8,0,0,0,0,0
423655,ECG,9859,57,0,0,0,0,0
423655,ECG,9860,77,0,0,0,0,0
423660,ECG,9861,40,0,0,0,0,0
423660,ECG,9862,-35,0,0,0,0,0
423665,ECG,9863,-116,0,0,0,0,0
423665,ECG,9864,-174,0,0,0,0,0
423665,ECG,9865,-188,0,0,0,0,0
423670,ECG,9866,-160,0,0,0,0,0
423670,ECG,9867,-97,0,0,0,0,0
423675,ECG,9868,42,0,0,0,0,0
423675,ECG,9869,64,0,0,0,0,0
423680,ECG,9870,34,0,0,0,0,0
423680,ECG,9871,-36,0,0,0,0,0
423685,ECG,9872,-169,0,0,0,0,0
423685,ECG,9873,-187,0,0,0,0,0
423690,ECG,9874,-162,0,0,0,0,0
423690,ECG,9875,-102,0,0,0,0,0
423690,ECG,9876,-27,0,0,0,0,0
423695,ECG,9877,32,0,0,0,0,0
423695,ECG,9878,53,0,0,0,0,0
423700,ECG,9879,24,0,0,0,0,0
423700,ECG,9880,-43,0,0,0,0,0
423700,ECG,9881,-123,0,0,0,0,0
423705,ECG,9882,-186,0,0,0,0,0
423705,ECG,9883,-208,0,0,0,0,0
423710,ECG,9884,-185,0,0,0,0,0
423710,ECG,9885,-128,0,0,0,0,0
423710,ECG,9886,-52,0,0,0,0,0
423715,ECG,9887,15,0,0,0,0,0
423715,ECG,9888,52,0,0,0,0,0
423720,ECG,9889,36,0,0,0,0,0
423720,ECG,9890,-23,0,0,0,0,0
423720,ECG,9891,-98,0,0,0,0,0
423725,ECG,9892,-159,0,0,0,0,0
423725,ECG,9893,-184,0,0,0,0,0
423725,ECG,9894,-167,0,0,0,0,0
423730,ECG,9895,-111,0,0,0,0,0
423730,ECG,9896,-33,0,0,0,0,0
423735,ECG,9897,38,0,0,0,0,0
423735,ECG,9898,74,0,0,0,0,0
423740,ECG,9899,-2,0,0,0,0,0
423740,ECG,9900,-83,0,0,0,0,0
423745,ECG,9901,-156,0,0,0,0,0
423745,ECG,9902,-192,0,0,0,0,0
423745,ECG,9903,-181,0,0,0,0,0
423750,ECG,9904,-132,0,0,0,0,0
423750,ECG,9905,-59,0,0,0,0,0
423755,ECG,9906,15,0,0,0,0,0
423755,ECG,9907,59,0,0,0,0,0
423755,ECG,9908,56,0,0,0,0,0
423760,ECG,9909,4,0,0,0,0,0
423760,ECG,9910,-75,0,0,0,0,0
423765,ECG,9911,-146,0,0,0,0,0
423765,ECG,9912,-185,0,0,0,0,0
423765,ECG,9913,-181,0,0,0,0,0
423770,ECG,9914,-139,0,0,0,0,0
423770,ECG,9915,-67,0,0,0,0,0
423775,ECG,9916,9,0,0,0,0,0
423775,ECG,9917,59,0,0,0,0,0
423775,ECG,9918,61,0,0,0,0,0
423780,ECG,9919,13,0,0,0,0,0
423780,ECG,9920,-64,0,0,0,0,0
423780,ECG,9921,-144,0,0,0,0,0
423785,ECG,9922,-195,0,0,0,0,0
423785,ECG,9923,-200,0,0,0,0,0
423790,ECG,9924,-162,0,0,0,0,0
423790,ECG,9925,-90,0,0,0,0,0
423795,ECG,9926,51,0,0,0,0,0
423795,ECG,9927,69,0,0,0,0,0
423800,ECG,9928,32,0,0,0,0,0
423800,ECG,9929,-47,0,0,0,0,0
423800,ECG,9930,-127,0,0,0,0,0
423805,ECG,9931,-182,0,0,0,0,0
423805,ECG,9932,-197,0,0,0,0,0
423810,ECG,9933,-165,0,0,0,0,0
423810,ECG,9934,-99,0,0,0,0,0
423810,ECG,9935,-20,0,0,0,0,0
423815,ECG,9936,46,0,0,0,0,0
423815,ECG,9937,72,0,0,0,0,0
423820,ECG,9938,41,0,0,0,0,0
423820,ECG,9939,-28,0,0,0,0,0
423820,ECG,9940,-106,0,0,0,0,0
423825,ECG,9941,-165,0,0,0,0,0
423825,ECG,9942,-179,0,0,0,0,0
423830,ECG,9943,-150,0,0,0,0,0
423830,ECG,9944,-89,0,0,0,0,0
423830,ECG,9945,-11,0,0,0,0,0
423835,ECG,9946,52,0,0,0,0,0
423835,ECG,9947,79,0,0,0,0,0
423835,ECG,9948,56,0,0,0,0,0
423840,ECG,9949,-10,0,0,0,0,0
423840,ECG,9950,-90,0,0,0,0,0
423845,ECG,9951,-151,0,0,0,0,0
423845,ECG,9952,-172,0,0,0,0,0
423850,ECG,9953,-92,0,0,0,0,0
423850,ECG,9954,-17,0,0,0,0,0
423855,ECG,9955,49,0,0,0,0,0
423855,ECG,9956,78,0,0,0,0,0
423855,ECG,9957,58,0,0,0,0,0
423860,ECG,9958,-4,0,0,0,0,0
423860,ECG,9959,-87,0,0,0,0,0
423865,ECG,9960,-157,0,0,0,0,0
423865,ECG,9961,-186,0,0,0,0,0
423865,ECG,9962,-169,0,0,0,0,0
423870,ECG,9963,-113,0,0,0,0,0
423870,ECG,9964,-31,0,0,0,0,0
423875,ECG,9965,45,0,0,0,0,0
423875,ECG,9966,91,0,0,0,0,0
423875,ECG,9967,91,0,0,0,0,0
423880,ECG,9968,36,0,0,0,0,0
423880,ECG,9969,-43,0,0,0,0,0
423885,ECG,9970,-112,0,0,0,0,0
423885,ECG,9971,-155,0,0,0,0,0
423885,ECG,9972,-152,0,0,0,0,0
423890,ECG,9973,-108,0,0,0,0,0
423890,ECG,9974,-37,0,0,0,0,0
423895,ECG,9975,84,0,0,0,0,0
423895,ECG,9976,86,0,0,0,0,0
423900,ECG,9977,42,0,0,0,0,0
423900,ECG,9978,-31,0,0,0,0,0
423905,ECG,9979,-147,0,0,0,0,0
423905,ECG,9980,-145,0,0,0,0,0
423910,ECG,9981,-105,0,0,0,0,0
423910,ECG,9982,-33,0,0,0,0,0
423910,ECG,9983,46,0,0,0,0,0
423915,ECG,9984,105,0,0,0,0,0
423915,ECG,9985,118,0,0,0,0,0
423920,ECG,9986,80,0,0,0,0,0
423920,ECG,9987,8,0,0,0,0,0
423920,ECG,9988,-67,0,0,0,0,0
423925,ECG,9989,-118,0,0,0,0,0
423925,ECG,9990,-123,0,0,0,0,0
423930,ECG,9991,-84,0,0,0,0,0
423930,ECG,9992,-12,0,0,0,0,0
423930,ECG,9993,73,0,0,0,0,0
423935,ECG,9994,138,0,0,0,0,0
423935,ECG,9995,159,0,0,0,0,0
423940,ECG,9996,128,0,0,0,0,0
423940,ECG,9997,56,0,0,0,0,0
423940,ECG,9998,-26,0,0,0,0,0
423945,ECG,9999,-86,0,0,0,0,0
423945,ECG,10000,-103,0,0,0,0,0
423945,ECG,10001,-76,0,0,0,0,0
423950,ECG,10002,-14,0,0,0,0,0
423950,ECG,10003,63,0,0,0,0,0
423955,ECG,10004,126,0,0,0,0,0
423955,ECG,10005,152,0,0,0,0,0
423960,ECG,10006,54,0,0,0,0,0
423960,ECG,10007,-26,0,0,0,0,0
423965,ECG,10008,-91,0,0,0,0,0
423965,ECG,10009,-118,0,0,0,0,0
423965,ECG,10010,-98,0,0,0,0,0
423970,ECG,10011,-41,0,0,0,0,0
423970,ECG,10012,37,0,0,0,0,0
423975,ECG,10013,108,0,0,0,0,0
423975,ECG,10014,146,0,0,0,0,0
423975,ECG,10015,133,0,0,0,0,0
423980,ECG,10016,72,0,0,0,0,0
423980,ECG,10017,-6,0,0,0,0,0
423985,ECG,10018,-76,0,0,0,0,0
423985,ECG,10019,-111,0,0,0,0,0
423985,ECG,10020,-101,0,0,0,0,0
423990,ECG,10021,-53,0,0,0,0,0
423990,ECG,10022,19,0,0,0,0,0
423995,ECG,10023,85,0,0,0,0,0
423995,ECG,10024,120,0,0,0,0,0
423995,ECG,10025,105,0,0,0,0,0
424000,ECG,10026,44,0,0,0,0,0
424000,ECG,10027,-38,0,0,0,0,0
424000,ECG,10028,-108,0,0,0,0,0
424005,ECG,10029,-137,0,0,0,0,0
424005,ECG,10030,-117,0,0,0,0,0
424010,ECG,10031,-60,0,0,0,0,0
424010,ECG,10032,24,0,0,0,0,0
424015,ECG,10033,148,0,0,0,0,0
424015,ECG,10034,139,0,0,0,0,0
424020,ECG,10035,78,0,0,0,0,0
424020,ECG,10036,-11,0,0,0,0,0
424020,ECG,10037,-93,0,0,0,0,0
424025,ECG,10038,-139,0,0,0,0,0
424025,ECG,10039,-141,0,0,0,0,0
424030,ECG,10040,-97,0,0,0,0,0
424030,ECG,10041,-22,0,0,0,0,0
424030,ECG,10042,56,0,0,0,0,0
424035,ECG,10043,111,0,0,0,0,0
424035,ECG,10044,123,0,0,0,0,0
424040,ECG,10045,81,0,0,0,0,0
424040,ECG,10046,10,0,0,0,0,0
424040,ECG,10047,-60,0,0,0,0,0
424045,ECG,10048,-106,0,0,0,0,0
424045,ECG,10049,-105,0,0,0,0,0
424096,ECG,10050,-67,0,0,0,0,0
424096,ECG,10051,-3,0,0,0,0,0
424096,ECG,10052,72,0,0,0,0,0
424096,ECG,10053,128,0,0,0,0,0
424096,ECG,10054,137,0,0,0,0,0
424096,ECG,10055,96,0,0,0,0,0
424096,ECG,10056,20,0,0,0,0,0
424096,ECG,10057,-61,0,0,0,0,0
424096,ECG,10058,-118,0,0,0,0,0
424096,ECG,10059,-132,0,0,0,0,0
424096,ECG,10060,-103,0,0,0,0,0
424096,ECG,10061,-39,0,0,0,0,0
424096,ECG,10062,37,0,0,0,0,0
424096,ECG,10063,95,0,0,0,0,0
424096,ECG,10064,114,0,0,0,0,0
424096,ECG,10065,84,0,0,0,0,0
424096,ECG,10066,9,0,0,0,0,0
424096,ECG,10067,-78,0,0,0,0,0
424096,ECG,10068,-144,0,0,0,0,0
424096,ECG,10069,-169,0,0,0,0,0
424096,ECG,10070,-148,0,0,0,0,0
424096,ECG,10071,-93,0,0,0,0,0
424096,ECG,10072,-18,0,0,0,0,0
424096,ECG,10073,49,0,0,0,0,0
424096,ECG,10074,79,0,0,0,0,0
424096,ECG,10075,61,0,0,0,0,0
424096,ECG,10076,0,0,0,0,0,0
424101,ECG,10077,-77,0,0,0,0,0
424101,ECG,10078,-142,0,0,0,0,0
424106,ECG,10079,-173,0,0,0,0,0
424106,ECG,10080,-155,0,0,0,0,0
424106,ECG,10081,-99,0,0,0,0,0
424111,ECG,10082,-23,0,0,0,0,0
424111,ECG,10083,50,0,0,0,0,0
424116,ECG,10084,90,0,0,0,0,0
424116,ECG,10085,80,0,0,0,0,0
424116,ECG,10086,21,0,0,0,0,0
424121,ECG,10087,-66,0,0,0,0,0
424121,ECG,10088,-144,0,0,0,0,0
424126,ECG,10089,-183,0,0,0,0,0
424126,ECG,10090,-171,0,0,0,0,0
424126,ECG,10091,-115,0,0,0,0,0
424131,ECG,10092,-30,0,0,0,0,0
424131,ECG,10093,59,0,0,0,0,0
424136,ECG,10094,117,0,0,0,0,0
424136,ECG,10095,119,0,0,0,0,0
424136,ECG,10096,65,0,0,0,0,0
424141,ECG,10097,-19,0,0,0,0,0
424141,ECG,10098,-106,0,0,0,0,0
424146,ECG,10099,-171,0,0,0,0,0
424146,ECG,10100,-129,0,0,0,0,0
424151,ECG,10101,-57,0,0,0,0,0
424151,ECG,10102,21,0,0,0,0,0
424156,ECG,10103,94,0,0,0,0,0
424156,ECG,10104,59,0,0,0,0,0
424161,ECG,10105,-13,0,0,0,0,0
424161,ECG,10106,-89,0,0,0,0,0
424161,ECG,10107,-139,0,0,0,0,0
424166,ECG,10108,-152,0,0,0,0,0
424166,ECG,10109,-122,0,0,0,0,0
424171,ECG,10110,-59,0,0,0,0,0
424171,ECG,10111,12,0,0,0,0,0
424171,ECG,10112,61,0,0,0,0,0
424176,ECG,10113,72,0,0,0,0,0
424176,ECG,10114,33,0,0,0,0,0
424181,ECG,10115,-43,0,0,0,0,0
424181,ECG,10116,-125,0,0,0,0,0
424181,ECG,10117,-183,0,0,0,0,0
424186,ECG,10118,-199,0,0,0,0,0
424186,ECG,10119,-168,0,0,0,0,0
424191,ECG,10120,-105,0,0,0,0,0
424191,ECG,10121,-26,0,0,0,0,0
424191,ECG,10122,40,0,0,0,0,0
424196,ECG,10123,63,0,0,0,0,0
424196,ECG,10124,33,0,0,0,0,0
424201,ECG,10125,-117,0,0,0,0,0
424201,ECG,10126,-178,0,0,0,0,0
424206,ECG,10127,-197,0,0,0,0,0
424206,ECG,10128,-170,0,0,0,0,0
424211,ECG,10129,-27,0,0,0,0,0
424211,ECG,10130,43,0,0,0,0,0
424216,ECG,10131,73,0,0,0,0,0
424216,ECG,10132,49,0,0,0,0,0
424216,ECG,10133,-21,0,0,0,0,0
424221,ECG,10134,-109,0,0,0,0,0
424221,ECG,10135,-185,0,0,0,0,0
424226,ECG,10136,-222,0,0,0,0,0
424226,ECG,10137,-207,0,0,0,0,0
424226,ECG,10138,-154,0,0,0,0,0
424231,ECG,10139,-76,0,0,0,0,0
424231,ECG,10140,2,0,0,0,0,0
424236,ECG,10141,49,0,0,0,0,0
424236,ECG,10142,45,0,0,0,0,0
424236,ECG,10143,-6,0,0,0,0,0
424241,ECG,10144,-83,0,0,0,0,0
424241,ECG,10145,-151,0,0,0,0,0
424246,ECG,10146,-185,0,0,0,0,0
424246,ECG,10147,-176,0,0,0,0,0
424246,ECG,10148,-125,0,0,0,0,0
424251,ECG,10149,-51,0,0,0,0,0
424251,ECG,10150,21,0,0,0,0,0
424256,ECG,10151,64,0,0,0,0,0
424256,ECG,10152,10,0,0,0,0,0
424261,ECG,10153,-68,0,0,0,0,0
424261,ECG,10154,-140,0,0,0,0,0
424266,ECG,10155,-178,0,0,0,0,0
424266,ECG,10156,-135,0,0,0,0,0
424271,ECG,10157,-68,0,0,0,0,0
424271,ECG,10158,5,0,0,0,0,0
424271,ECG,10159,52,0,0,0,0,0
424276,ECG,10160,53,0,0,0,0,0
424276,ECG,10161,8,0,0,0,0,0
424281,ECG,10162,-69,0,0,0,0,0
424281,ECG,10163,-145,0,0,0,0,0
424281,ECG,10164,-189,0,0,0,0,0
424286,ECG,10165,-191,0,0,0,0,0
424286,ECG,10166,-152,0,0,0,0,0
424291,ECG,10167,-82,0,0,0,0,0
424291,ECG,10168,-6,0,0,0,0,0
424291,ECG,10169,50,0,0,0,0,0
424296,ECG,10170,62,0,0,0,0,0
424296,ECG,10171,21,0,0,0,0,0
424301,ECG,10172,-58,0,0,0,0,0
424301,ECG,10173,-140,0,0,0,0,0
424301,ECG,10174,-198,0,0,0,0,0
424306,ECG,10175,-214,0,0,0,0,0
424306,ECG,10176,-184,0,0,0,0,0
424306,ECG,10177,-120,0,0,0,0,0
424311,ECG,10178,-39,0,0,0,0,0
424311,ECG,10179,27,0,0,0,0,0
424316,ECG,10180,52,0,0,0,0,0
424316,ECG,10181,26,0,0,0,0,0
424321,ECG,10182,-120,0,0,0,0,0
424321,ECG,10183,-178,0,0,0,0,0
424326,ECG,10184,-198,0,0,0,0,0
424326,ECG,10185,-175,0,0,0,0,0
424326,ECG,10186,-113,0,0,0,0,0
424331,ECG,10187,-35,0,0,0,0,0
424331,ECG,10188,33,0,0,0,0,0
424336,ECG,10189,66,0,0,0,0,0
424336,ECG,10190,45,0,0,0,0,0
424336,ECG,10191,-18,0,0,0,0,0
424341,ECG,10192,-98,0,0,0,0,0
424341,ECG,10193,-162,0,0,0,0,0
424346,ECG,10194,-191,0,0,0,0,0
424346,ECG,10195,-175,0,0,0,0,0
424346,ECG,10196,-120,0,0,0,0,0
424351,ECG,10197,-43,0,0,0,0,0
424351,ECG,10198,33,0,0,0,0,0
424356,ECG,10199,73,0,0,0,0,0
424356,ECG,10200,63,0,0,0,0,0
424356,ECG,10201,7,0,0,0,0,0
424361,ECG,10202,-73,0,0,0,0,0
424361,ECG,10203,-142,0,0,0,0,0
424361,ECG,10204,-176,0,0,0,0,0
424366,ECG,10205,-167,0,0,0,0,0
424366,ECG,10206,-115,0,0,0,0,0
424371,ECG,10207,-37,0,0,0,0,0
424371,ECG,10208,40,0,0,0,0,0
424376,ECG,10209,87,0,0,0,0,0
424376,ECG,10210,32,0,0,0,0,0
424381,ECG,10211,-51,0,0,0,0,0
424381,ECG,10212,-132,0,0,0,0,0
424381,ECG,10213,-182,0,0,0,0,0
424386,ECG,10214,-185,0,0,0,0,0
424386,ECG,10215,-150,0,0,0,0,0
424391,ECG,10216,-85,0,0,0,0,0
424391,ECG,10217,-10,0,0,0,0,0
424391,ECG,10218,37,0,0,0,0,0
424396,ECG,10219,41,0,0,0,0,0
424396,ECG,10220,0,0,0,0,0,0
424401,ECG,10221,-74,0,0,0,0,0
424401,ECG,10222,-146,0,0,0,0,0
424401,ECG,10223,-188,0,0,0,0,0
424406,ECG,10224,-191,0,0,0,0,0
424406,ECG,10225,-152,0,0,0,0,0
424411,ECG,10226,-16,0,0,0,0,0
424411,ECG,10227,38,0,0,0,0,0
424416,ECG,10228,49,0,0,0,0,0
424416,ECG,10229,7,0,0,0,0,0
424416,ECG,10230,-64,0,0,0,0,0
424421,ECG,10231,-140,0,0,0,0,0
424421,ECG,10232,-194,0,0,0,0,0
424426,ECG,10233,-203,0,0,0,0,0
424426,ECG,10234,-170,0,0,0,0,0
424426,ECG,10235,-107,0,0,0,0,0
424431,ECG,10236,-33,0,0,0,0,0
424431,ECG,10237,28,0,0,0,0,0
424436,ECG,10238,48,0,0,0,0,0
424436,ECG,10239,16,0,0,0,0,0
424436,ECG,10240,-57,0,0,0,0,0
424441,ECG,10241,-139,0,0,0,0,0
424441,ECG,10242,-196,0,0,0,0,0
424446,ECG,10243,-214,0,0,0,0,0
424446,ECG,10244,-185,0,0,0,0,0
424446,ECG,10245,-118,0,0,0,0,0
424451,ECG,10246,-37,0,0,0,0,0
424451,ECG,10247,28,0,0,0,0,0
424456,ECG,10248,55,0,0,0,0,0
424456,ECG,10249,31,0,0,0,0,0
424456,ECG,10250,-36,0,0,0,0,0
424461,ECG,10251,-123,0,0,0,0,0
424461,ECG,10252,-186,0,0,0,0,0
424466,ECG,10253,-183,0,0,0,0,0
424466,ECG,10254,-120,0,0,0,0,0
424471,ECG,10255,-38,0,0,0,0,0
424471,ECG,10256,32,0,0,0,0,0
424476,ECG,10257,49,0,0,0,0,0
424476,ECG,10258,-11,0,0,0,0,0
424481,ECG,10259,-89,0,0,0,0,0
424481,ECG,10260,-156,0,0,0,0,0
424481,ECG,10261,-188,0,0,0,0,0
424486,ECG,10262,-172,0,0,0,0,0
424486,ECG,10263,-119,0,0,0,0,0
424491,ECG,10264,-46,0,0,0,0,0
424491,ECG,10265,26,0,0,0,0,0
424491,ECG,10266,66,0,0,0,0,0
424496,ECG,10267,58,0,0,0,0,0
424496,ECG,10268,5,0,0,0,0,0
424501,ECG,10269,-72,0,0,0,0,0
424501,ECG,10270,-143,0,0,0,0,0
424501,ECG,10271,-182,0,0,0,0,0
424506,ECG,10272,-177,0,0,0,0,0
424506,ECG,10273,-135,0,0,0,0,0
424511,ECG,10274,-68,0,0,0,0,0
424511,ECG,10275,1,0,0,0,0,0
424511,ECG,10276,43,0,0,0,0,0
424516,ECG,10277,36,0,0,0,0,0
424516,ECG,10278,-13,0,0,0,0,0
424521,ECG,10279,-159,0,0,0,0,0
424521,ECG,10280,-199,0,0,0,0,0
424526,ECG,10281,-195,0,0,0,0,0
424526,ECG,10282,-149,0,0,0,0,0
424526,ECG,10283,-75,0,0,0,0,0
424531,ECG,10284,1,0,0,0,0,0
424531,ECG,10285,52,0,0,0,0,0
424536,ECG,10286,58,0,0,0,0,0
424536,ECG,10287,13,0,0,0,0,0
424536,ECG,10288,-68,0,0,0,0,0
424541,ECG,10289,-148,0,0,0,0,0
424541,ECG,10290,-198,0,0,0,0,0
424546,ECG,10291,-209,0,0,0,0,0
424546,ECG,10292,-176,0,0,0,0,0
424546,ECG,10293,-109,0,0,0,0,0
424551,ECG,10294,-30,0,0,0,0,0
424551,ECG,10295,24,0,0,0,0,0
424556,ECG,10296,38,0,0,0,0,0
424556,ECG,10297,6,0,0,0,0,0
424556,ECG,10298,-64,0,0,0,0,0
424561,ECG,10299,-139,0,0,0,0,0
424561,ECG,10300,-188,0,0,0,0,0
424566,ECG,10301,-198,0,0,0,0,0
424566,ECG,10302,-166,0,0,0,0,0
424566,ECG,10303,-103,0,0,0,0,0
424571,ECG,10304,-28,0,0,0,0,0
424571,ECG,10305,35,0,0,0,0,0
424576,ECG,10306,17,0,0,0,0,0
424576,ECG,10307,-55,0,0,0,0,0
424581,ECG,10308,-134,0,0,0,0,0
424581,ECG,10309,-196,0,0,0,0,0
424581,ECG,10310,-216,0,0,0,0,0
424586,ECG,10311,-187,0,0,0,0,0
424586,ECG,10312,-126,0,0,0,0,0
424591,ECG,10313,-48,0,0,0,0,0
424591,ECG,10314,16,0,0,0,0,0
424591,ECG,10315,43,0,0,0,0,0
424596,ECG,10316,18,0,0,0,0,0
424596,ECG,10317,-52,0,0,0,0,0
424601,ECG,10318,-135,0,0,0,0,0
424601,ECG,10319,-198,0,0,0,0,0
424601,ECG,10320,-221,0,0,0,0,0
424606,ECG,10321,-201,0,0,0,0,0
424606,ECG,10322,-141,0,0,0,0,0
424611,ECG,10323,-63,0,0,0,0,0
424611,ECG,10324,5,0,0,0,0,0
424611,ECG,10325,41,0,0,0,0,0
424616,ECG,10326,25,0,0,0,0,0
424616,ECG,10327,-33,0,0,0,0,0
424621,ECG,10328,-111,0,0,0,0,0
424621,ECG,10329,-180,0,0,0,0,0
424621,ECG,10330,-211,0,0,0,0,0
424626,ECG,10331,-195,0,0,0,0,0
424626,ECG,10332,-143,0,0,0,0,0
424631,ECG,10333,8,0,0,0,0,0
424631,ECG,10334,49,0,0,0,0,0
424636,ECG,10335,37,0,0,0,0,0
424636,ECG,10336,-21,0,0,0,0,0
424641,ECG,10337,-176,0,0,0,0,0
424641,ECG,10338,-213,0,0,0,0,0
424646,ECG,10339,-204,0,0,0,0,0
424646,ECG,10340,-150,0,0,0,0,0
424646,ECG,10341,-71,0,0,0,0,0
424651,ECG,10342,6,0,0,0,0,0
424651,ECG,10343,54,0,0,0,0,0
424656,ECG,10344,55,0,0,0,0,0
424656,ECG,10345,4,0,0,0,0,0
424656,ECG,10346,-76,0,0,0,0,0
424661,ECG,10347,-152,0,0,0,0,0
424661,ECG,10348,-195,0,0,0,0,0
424666,ECG,10349,-194,0,0,0,0,0
424666,ECG,10350,-152,0,0,0,0,0
424666,ECG,10351,-78,0,0,0,0,0
424671,ECG,10352,-2,0,0,0,0,0
424671,ECG,10353,49,0,0,0,0,0
424676,ECG,10354,53,0,0,0,0,0
424676,ECG,10355,6,0,0,0,0,0
424676,ECG,10356,-76,0,0,0,0,0
424681,ECG,10357,-158,0,0,0,0,0
424681,ECG,10358,-212,0,0,0,0,0
424686,ECG,10359,-187,0,0,0,0,0
424686,ECG,10360,-117,0,0,0,0,0
424691,ECG,10361,-37,0,0,0,0,0
424691,ECG,10362,24,0,0,0,0,0
424696,ECG,10363,1,0,0,0,0,0
424696,ECG,10364,-71,0,0,0,0,0
424701,ECG,10365,-148,0,0,0,0,0
424701,ECG,10366,-202,0,0,0,0,0
424701,ECG,10367,-212,0,0,0,0,0
424706,ECG,10368,-179,0,0,0,0,0
424706,ECG,10369,-111,0,0,0,0,0
424711,ECG,10370,-29,0,0,0,0,0
424711,ECG,10371,32,0,0,0,0,0
424711,ECG,10372,51,0,0,0,0,0
424716,ECG,10373,18,0,0,0,0,0
424716,ECG,10374,-56,0,0,0,0,0
424721,ECG,10375,-136,0,0,0,0,0
424721,ECG,10376,-194,0,0,0,0,0
424721,ECG,10377,-212,0,0,0,0,0
424726,ECG,10378,-184,0,0,0,0,0
424726,ECG,10379,-119,0,0,0,0,0
424731,ECG,10380,-40,0,0,0,0,0
424731,ECG,10381,28,0,0,0,0,0
424731,ECG,10382,59,0,0,0,0,0
424736,ECG,10383,31,0,0,0,0,0
424736,ECG,10384,-38,0,0,0,0,0
424741,ECG,10385,-188,0,0,0,0,0
424741,ECG,10386,-211,0,0,0,0,0
424746,ECG,10387,-192,0,0,0,0,0
424746,ECG,10388,-134,0,0,0,0,0
424751,ECG,10389,18,0,0,0,0,0
424751,ECG,10390,54,0,0,0,0,0
424756,ECG,10391,39,0,0,0,0,0
424756,ECG,10392,-25,0,0,0,0,0
424756,ECG,10393,-110,0,0,0,0,0
424761,ECG,10394,-183,0,0,0,0,0
424761,ECG,10395,-220,0,0,0,0,0
424766,ECG,10396,-211,0,0,0,0,0
424766,ECG,10397,-161,0,0,0,0,0
424766,ECG,10398,-87,0,0,0,0,0
424771,ECG,10399,-13,0,0,0,0,0
424771,ECG,10400,35,0,0,0,0,0
424776,ECG,10401,29,0,0,0,0,0
424776,ECG,10402,-19,0,0,0,0,0
424776,ECG,10403,-90,0,0,0,0,0
424781,ECG,10404,-162,0,0,0,0,0
424781,ECG,10405,-200,0,0,0,0,0
424786,ECG,10406,-191,0,0,0,0,0
424786,ECG,10407,-146,0,0,0,0,0
424786,ECG,10408,-72,0,0,0,0,0
424791,ECG,10409,2,0,0,0,0,0
424791,ECG,10410,45,0,0,0,0,0
424791,ECG,10411,42,0,0,0,0,0
424796,ECG,10412,-11,0,0,0,0,0
424796,ECG,10413,-95,0,0,0,0,0
424801,ECG,10414,-171,0,0,0,0,0
424801,ECG,10415,-215,0,0,0,0,0
424806,ECG,10416,-173,0,0,0,0,0
424806,ECG,10417,-99,0,0,0,0,0
424811,ECG,10418,-21,0,0,0,0,0
424811,ECG,10419,35,0,0,0,0,0
424811,ECG,10420,44,0,0,0,0,0
424816,ECG,10421,4,0,0,0,0,0
424816,ECG,10422,-69,0,0,0,0,0
424821,ECG,10423,-143,0,0,0,0,0
424821,ECG,10424,-189,0,0,0,0,0
424821,ECG,10425,-190,0,0,0,0,0
424826,ECG,10426,-154,0,0,0,0,0
424826,ECG,10427,-87,0,0,0,0,0
424831,ECG,10428,-10,0,0,0,0,0
424831,ECG,10429,45,0,0,0,0,0
424831,ECG,10430,55,0,0,0,0,0
424836,ECG,10431,14,0,0,0,0,0
424836,ECG,10432,-63,0,0,0,0,0
424841,ECG,10433,-199,0,0,0,0,0
424841,ECG,10434,-212,0,0,0,0,0
424846,ECG,10435,-178,0,0,0,0,0
424846,ECG,10436,-110,0,0,0,0,0
424846,ECG,10437,-32,0,0,0,0,0
424851,ECG,10438,25,0,0,0,0,0
424851,ECG,10439,46,0,0,0,0,0
424856,ECG,10440,13,0,0,0,0,0
424856,ECG,10441,-59,0,0,0,0,0
424856,ECG,10442,-136,0,0,0,0,0
424861,ECG,10443,-191,0,0,0,0,0
424861,ECG,10444,-202,0,0,0,0,0
424866,ECG,10445,-171,0,0,0,0,0
424866,ECG,10446,-106,0,0,0,0,0
424866,ECG,10447,-22,0,0,0,0,0
424871,ECG,10448,44,0,0,0,0,0
424871,ECG,10449,69,0,0,0,0,0
424876,ECG,10450,42,0,0,0,0,0
424876,ECG,10451,-27,0,0,0,0,0
424876,ECG,10452,-114,0,0,0,0,0
424881,ECG,10453,-183,0,0,0,0,0
424881,ECG,10454,-212,0,0,0,0,0
424886,ECG,10455,-196,0,0,0,0,0
424886,ECG,10456,-140,0,0,0,0,0
424886,ECG,10457,-65,0,0,0,0,0
424891,ECG,10458,5,0,0,0,0,0
424891,ECG,10459,45,0,0,0,0,0
424896,ECG,10460,-26,0,0,0,0,0
424896,ECG,10461,-101,0,0,0,0,0
424901,ECG,10462,-168,0,0,0,0,0
424901,ECG,10463,-198,0,0,0,0,0
424906,ECG,10464,-131,0,0,0,0,0
424906,ECG,10465,-57,0,0,0,0,0
424911,ECG,10466,17,0,0,0,0,0
424911,ECG,10467,55,0,0,0,0,0
424911,ECG,10468,47,0,0,0,0,0
424916,ECG,10469,-9,0,0,0,0,0
424916,ECG,10470,-93,0,0,0,0,0
424921,ECG,10471,-168,0,0,0,0,0
424921,ECG,10472,-209,0,0,0,0,0
424921,ECG,10473,-207,0,0,0,0,0
424926,ECG,10474,-163,0,0,0,0,0
424926,ECG,10475,-88,0,0,0,0,0
424931,ECG,10476,-11,0,0,0,0,0
424931,ECG,10477,42,0,0,0,0,0
424931,ECG,10478,49,0,0,0,0,0
424936,ECG,10479,5,0,0,0,0,0
424936,ECG,10480,-69,0,0,0,0,0
424941,ECG,10481,-144,0,0,0,0,0
424941,ECG,10482,-192,0,0,0,0,0
424941,ECG,10483,-192,0,0,0,0,0
424946,ECG,10484,-150,0,0,0,0,0
424946,ECG,10485,-80,0,0,0,0,0
424951,ECG,10486,58,0,0,0,0,0
424951,ECG,10487,69,0,0,0,0,0
424956,ECG,10488,26,0,0,0,0,0
424956,ECG,10489,-53,0,0,0,0,0
424961,ECG,10490,-194,0,0,0,0,0
424961,ECG,10491,-207,0,0,0,0,0
424966,ECG,10492,-176,0,0,0,0,0
424966,ECG,10493,-109,0,0,0,0,0
424966,ECG,10494,-29,0,0,0,0,0
424971,ECG,10495,34,0,0,0,0,0
424971,ECG,10496,52,0,0,0,0,0
424976,ECG,10497,21,0,0,0,0,0
424976,ECG,10498,-50,0,0,0,0,0
424976,ECG,10499,-130,0,0,0,0,0
424981,ECG,10500,-187,0,0,0,0,0
424981,ECG,10501,-201,0,0,0,0,0
424986,ECG,10502,-172,0,0,0,0,0
424986,ECG,10503,-107,0,0,0,0,0
424986,ECG,10504,-26,0,0,0,0,0
424991,ECG,10505,36,0,0,0,0,0
424991,ECG,10506,60,0,0,0,0,0
424996,ECG,10507,31,0,0,0,0,0
424996,ECG,10508,-45,0,0,0,0,0
424996,ECG,10509,-128,0,0,0,0,0
425001,ECG,10510,-192,0,0,0,0,0
425001,ECG,10511,-219,0,0,0,0,0
425006,ECG,10512,-140,0,0,0,0,0
425006,ECG,10513,-60,0,0,0,0,0
425011,ECG,10514,11,0,0,0,0,0
425011,ECG,10515,45,0,0,0,0,0
425016,ECG,10516,-39,0,0,0,0,0
425016,ECG,10517,-119,0,0,0,0,0
425021,ECG,10518,-187,0,0,0,0,0
425021,ECG,10519,-217,0,0,0,0,0
425021,ECG,10520,-198,0,0,0,0,0
425026,ECG,10521,-142,0,0,0,0,0
425026,ECG,10522,-62,0,0,0,0,0
425031,ECG,10523,17,0,0,0,0,0
425031,ECG,10524,57,0,0,0,0,0
425031,ECG,10525,45,0,0,0,0,0
425036,ECG,10526,-16,0,0,0,0,0
425036,ECG,10527,-102,0,0,0,0,0
425041,ECG,10528,-179,0,0,0,0,0
425041,ECG,10529,-219,0,0,0,0,0
425041,ECG,10530,-215,0,0,0,0,0
425046,ECG,10531,-168,0,0,0,0,0
425046,ECG,10532,-90,0,0,0,0,0
425051,ECG,10533,-11,0,0,0,0,0
425051,ECG,10534,37,0,0,0,0,0
425051,ECG,10535,36,0,0,0,0,0
425056,ECG,10536,-17,0,0,0,0,0
425056,ECG,10537,-96,0,0,0,0,0
425056,ECG,10538,-171,0,0,0,0,0
425061,ECG,10539,-216,0,0,0,0,0
425061,ECG,10540,-214,0,0,0,0,0
425066,ECG,10541,-170,0,0,0,0,0
425066,ECG,10542,-98,0,0,0,0,0
425071,ECG,10543,40,0,0,0,0,0
425071,ECG,10544,48,0,0,0,0,0
425076,ECG,10545,2,0,0,0,0,0
425076,ECG,10546,-78,0,0,0,0,0
425076,ECG,10547,-160,0,0,0,0,0
425081,ECG,10548,-214,0,0,0,0,0
425081,ECG,10549,-227,0,0,0,0,0
425132,ECG,10550,-193,0,0,0,0,0
425132,ECG,10551,-120,0,0,0,0,0
425132,ECG,10552,-36,0,0,0,0,0
425132,ECG,10553,30,0,0,0,0,0
425132,ECG,10554,56,0,0,0,0,0
425132,ECG,10555,24,0,0,0,0,0
425132,ECG,10556,-49,0,0,0,0,0
425132,ECG,10557,-131,0,0,0,0,0
425132,ECG,10558,-192,0,0,0,0,0
425132,ECG,10559,-209,0,0,0,0,0
425132,ECG,10560,-182,0,0,0,0,0
425132,ECG,10561,-120,0,0,0,0,0
425132,ECG,10562,-42,0,0,0,0,0
425132,ECG,10563,21,0,0,0,0,0
425132,ECG,10564,42,0,0,0,0,0
425132,ECG,10565,10,0,0,0,0,0
425132,ECG,10566,-63,0,0,0,0,0
425132,ECG,10567,-150,0,0,0,0,0
425132,ECG,10568,-216,0,0,0,0,0
425132,ECG,10569,-239,0,0,0,0,0
425132,ECG,10570,-219,0,0,0,0,0
425132,ECG,10571,-160,0,0,0,0,0
425132,ECG,10572,-81,0,0,0,0,0
425132,ECG,10573,-13,0,0,0,0,0
425132,ECG,10574,21,0,0,0,0,0
425132,ECG,10575,1,0,0,0,0,0
425137,ECG,10576,-63,0,0,0,0,0
425137,ECG,10577,-142,0,0,0,0,0
425137,ECG,10578,-211,0,0,0,0,0
425142,ECG,10579,-244,0,0,0,0,0
425142,ECG,10580,-227,0,0,0,0,0
425147,ECG,10581,-92,0,0,0,0,0
425147,ECG,10582,-17,0,0,0,0,0
425152,ECG,10583,26,0,0,0,0,0
425152,ECG,10584,20,0,0,0,0,0
425157,ECG,10585,-126,0,0,0,0,0
425157,ECG,10586,-201,0,0,0,0,0
425162,ECG,10587,-237,0,0,0,0,0
425162,ECG,10588,-224,0,0,0,0,0
425162,ECG,10589,-170,0,0,0,0,0
425167,ECG,10590,-87,0,0,0,0,0
425167,ECG,10591,-1,0,0,0,0,0
425172,ECG,10592,53,0,0,0,0,0
425172,ECG,10593,54,0,0,0,0,0
425172,ECG,10594,5,0,0,0,0,0
425177,ECG,10595,-78,0,0,0,0,0
425177,ECG,10596,-161,0,0,0,0,0
425182,ECG,10597,-210,0,0,0,0,0
425182,ECG,10598,-211,0,0,0,0,0
425182,ECG,10599,-171,0,0,0,0,0
425187,ECG,10600,-101,0,0,0,0,0
425187,ECG,10601,-27,0,0,0,0,0
425192,ECG,10602,26,0,0,0,0,0
425192,ECG,10603,34,0,0,0,0,0
425192,ECG,10604,-11,0,0,0,0,0
425197,ECG,10605,-88,0,0,0,0,0
425197,ECG,10606,-171,0,0,0,0,0
425202,ECG,10607,-235,0,0,0,0,0
425202,ECG,10608,-200,0,0,0,0,0
425207,ECG,10609,-131,0,0,0,0,0
425207,ECG,10610,-48,0,0,0,0,0
425212,ECG,10611,43,0,0,0,0,0
425212,ECG,10612,20,0,0,0,0,0
425217,ECG,10613,-47,0,0,0,0,0
425217,ECG,10614,-120,0,0,0,0,0
425217,ECG,10615,-171,0,0,0,0,0
425222,ECG,10616,-188,0,0,0,0,0
425222,ECG,10617,-158,0,0,0,0,0
425227,ECG,10618,-96,0,0,0,0,0
425227,ECG,10619,-24,0,0,0,0,0
425227,ECG,10620,34,0,0,0,0,0
425232,ECG,10621,51,0,0,0,0,0
425232,ECG,10622,15,0,0,0,0,0
425237,ECG,10623,-62,0,0,0,0,0
425237,ECG,10624,-149,0,0,0,0,0
425237,ECG,10625,-217,0,0,0,0,0
425242,ECG,10626,-242,0,0,0,0,0
425242,ECG,10627,-217,0,0,0,0,0
425247,ECG,10628,-155,0,0,0,0,0
425247,ECG,10629,-69,0,0,0,0,0
425247,ECG,10630,10,0,0,0,0,0
425252,ECG,10631,51,0,0,0,0,0
425252,ECG,10632,42,0,0,0,0,0
425257,ECG,10633,-89,0,0,0,0,0
425257,ECG,10634,-151,0,0,0,0,0
425262,ECG,10635,-181,0,0,0,0,0
425262,ECG,10636,-169,0,0,0,0,0
425267,ECG,10637,-47,0,0,0,0,0
425267,ECG,10638,24,0,0,0,0,0
425272,ECG,10639,61,0,0,0,0,0
425272,ECG,10640,47,0,0,0,0,0
425272,ECG,10641,-15,0,0,0,0,0
425277,ECG,10642,-99,0,0,0,0,0
425277,ECG,10643,-175,0,0,0,0,0
425282,ECG,10644,-215,0,0,0,0,0
425282,ECG,10645,-208,0,0,0,0,0
425282,ECG,10646,-161,0,0,0,0,0
425287,ECG,10647,-85,0,0,0,0,0
425287,ECG,10648,-5,0,0,0,0,0
425292,ECG,10649,48,0,0,0,0,0
425292,ECG,10650,51,0,0,0,0,0
425292,ECG,10651,3,0,0,0,0,0
425297,ECG,10652,-77,0,0,0,0,0
425297,ECG,10653,-152,0,0,0,0,0
425302,ECG,10654,-196,0,0,0,0,0
425302,ECG,10655,-199,0,0,0,0,0
425302,ECG,10656,-160,0,0,0,0,0
425307,ECG,10657,-93,0,0,0,0,0
425307,ECG,10658,-20,0,0,0,0,0
425312,ECG,10659,37,0,0,0,0,0
425312,ECG,10660,-6,0,0,0,0,0
425317,ECG,10661,-80,0,0,0,0,0
425317,ECG,10662,-157,0,0,0,0,0
425322,ECG,10663,-214,0,0,0,0,0
425322,ECG,10664,-178,0,0,0,0,0
425327,ECG,10665,-113,0,0,0,0,0
425327,ECG,10666,-37,0,0,0,0,0
425327,ECG,10667,22,0,0,0,0,0
425332,ECG,10668,40,0,0,0,0,0
425332,ECG,10669,10,0,0,0,0,0
425337,ECG,10670,-58,0,0,0,0,0
425337,ECG,10671,-132,0,0,0,0,0
425337,ECG,10672,-184,0,0,0,0,0
425342,ECG,10673,-195,0,0,0,0,0
425342,ECG,10674,-163,0,0,0,0,0
425347,ECG,10675,-98,0,0,0,0,0
425347,ECG,10676,-21,0,0,0,0,0
425347,ECG,10677,43,0,0,0,0,0
425352,ECG,10678,64,0,0,0,0,0
425352,ECG,10679,33,0,0,0,0,0
425357,ECG,10680,-39,0,0,0,0,0
425357,ECG,10681,-124,0,0,0,0,0
425357,ECG,10682,-191,0,0,0,0,0
425362,ECG,10683,-217,0,0,0,0,0
425362,ECG,10684,-195,0,0,0,0,0
425367,ECG,10685,-56,0,0,0,0,0
425367,ECG,10686,15,0,0,0,0,0
425372,ECG,10687,48,0,0,0,0,0
425372,ECG,10688,31,0,0,0,0,0
425377,ECG,10689,-121,0,0,0,0,0
425377,ECG,10690,-188,0,0,0,0,0
425382,ECG,10691,-218,0,0,0,0,0
425382,ECG,10692,-204,0,0,0,0,0
425382,ECG,10693,-149,0,0,0,0,0
425387,ECG,10694,-75,0,0,0,0,0
425387,ECG,10695,-9,0,0,0,0,0
425392,ECG,10696,29,0,0,0,0,0
425392,ECG,10697,16,0,0,0,0,0
425392,ECG,10698,-43,0,0,0,0,0
425397,ECG,10699,-120,0,0,0,0,0
425397,ECG,10700,-184,0,0,0,0,0
425402,ECG,10701,-214,0,0,0,0,0
425402,ECG,10702,-197,0,0,0,0,0
425402,ECG,10703,-141,0,0,0,0,0
425407,ECG,10704,-64,0,0,0,0,0
425407,ECG,10705,14,0,0,0,0,0
425412,ECG,10706,62,0,0,0,0,0
425412,ECG,10707,57,0,0,0,0,0
425412,ECG,10708,3,0,0,0,0,0
425417,ECG,10709,-80,0,0,0,0,0
425417,ECG,10710,-159,0,0,0,0,0
425417,ECG,10711,-204,0,0,0,0,0
425422,ECG,10712,-202,0,0,0,0,0
425422,ECG,10713,-156,0,0,0,0,0
425427,ECG,10714,-83,0,0,0,0,0
425427,ECG,10715,-3,0,0,0,0,0
425432,ECG,10716,58,0,0,0,0,0
425432,ECG,10717,13,0,0,0,0,0
425437,ECG,10718,-67,0,0,0,0,0
425437,ECG,10719,-149,0,0,0,0,0
425437,ECG,10720,-200,0,0,0,0,0
425442,ECG,10721,-210,0,0,0,0,0
425442,ECG,10722,-178,0,0,0,0,0
425447,ECG,10723,-112,0,0,0,0,0
425447,ECG,10724,-34,0,0,0,0,0
425447,ECG,10725,21,0,0,0,0,0
425452,ECG,10726,39,0,0,0,0,0
425452,ECG,10727,9,0,0,0,0,0
425457,ECG,10728,-60,0,0,0,0,0
425457,ECG,10729,-134,0,0,0,0,0
425457,ECG,10730,-185,0,0,0,0,0
425462,ECG,10731,-199,0,0,0,0,0
425462,ECG,10732,-168,0,0,0,0,0
425467,ECG,10733,-104,0,0,0,0,0
425467,ECG,10734,-27,0,0,0,0,0
425467,ECG,10735,39,0,0,0,0,0
425472,ECG,10736,65,0,0,0,0,0
425472,ECG,10737,39,0,0,0,0,0
425472,ECG,10738,-27,0,0,0,0,0
425477,ECG,10739,-105,0,0,0,0,0
425477,ECG,10740,-165,0,0,0,0,0
425482,ECG,10741,-187,0,0,0,0,0
425482,ECG,10742,-166,0,0,0,0,0
425487,ECG,10743,-30,0,0,0,0,0
425487,ECG,10744,34,0,0,0,0,0
425492,ECG,10745,61,0,0,0,0,0
425492,ECG,10746,39,0,0,0,0,0
425492,ECG,10747,-26,0,0,0,0,0
425497,ECG,10748,-108,0,0,0,0,0
425497,ECG,10749,-178,0,0,0,0,0
425502,ECG,10750,-208,0,0,0,0,0
425502,ECG,10751,-189,0,0,0,0,0
425502,ECG,10752,-132,0,0,0,0,0
425507,ECG,10753,-55,0,0,0,0,0
425507,ECG,10754,20,0,0,0,0,0
425512,ECG,10755,59,0,0,0,0,0
425512,ECG,10756,45,0,0,0,0,0
425512,ECG,10757,-11,0,0,0,0,0
425517,ECG,10758,-91,0,0,0,0,0
425517,ECG,10759,-160,0,0,0,0,0
425522,ECG,10760,-183,0,0,0,0,0
425522,ECG,10761,-137,0,0,0,0,0
425527,ECG,10762,-63,0,0,0,0,0
425527,ECG,10763,7,0,0,0,0,0
425527,ECG,10764,43,0,0,0,0,0
425532,ECG,10765,33,0,0,0,0,0
425532,ECG,10766,-22,0,0,0,0,0
425537,ECG,10767,-102,0,0,0,0,0
425537,ECG,10768,-169,0,0,0,0,0
425537,ECG,10769,-202,0,0,0,0,0
425542,ECG,10770,-192,0,0,0,0,0
425542,ECG,10771,-143,0,0,0,0,0
425547,ECG,10772,-70,0,0,0,0,0
425547,ECG,10773,2,0,0,0,0,0
425547,ECG,10774,47,0,0,0,0,0
425552,ECG,10775,45,0,0,0,0,0
425552,ECG,10776,-9,0,0,0,0,0
425557,ECG,10777,-88,0,0,0,0,0
425557,ECG,10778,-160,0,0,0,0,0
425557,ECG,10779,-202,0,0,0,0,0
425562,ECG,10780,-197,0,0,0,0,0
425562,ECG,10781,-149,0,0,0,0,0
425567,ECG,10782,-77,0,0,0,0,0
425567,ECG,10783,-1,0,0,0,0,0
425567,ECG,10784,53,0,0,0,0,0
425572,ECG,10785,57,0,0,0,0,0
425572,ECG,10786,9,0,0,0,0,0
425577,ECG,10787,-151,0,0,0,0,0
425577,ECG,10788,-201,0,0,0,0,0
425582,ECG,10789,-203,0,0,0,0,0
425582,ECG,10790,-162,0,0,0,0,0
425587,ECG,10791,-8,0,0,0,0,0
425587,ECG,10792,54,0,0,0,0,0
425592,ECG,10793,71,0,0,0,0,0
425592,ECG,10794,34,0,0,0,0,0
425592,ECG,10795,-42,0,0,0,0,0
425597,ECG,10796,-126,0,0,0,0,0
425597,ECG,10797,-186,0,0,0,0,0
425602,ECG,10798,-204,0,0,0,0,0
425602,ECG,10799,-175,0,0,0,0,0
425602,ECG,10800,-112,0,0,0,0,0
425607,ECG,10801,-35,0,0,0,0,0
425607,ECG,10802,26,0,0,0,0,0
425612,ECG,10803,51,0,0,0,0,0
425612,ECG,10804,23,0,0,0,0,0
425612,ECG,10805,-48,0,0,0,0,0
425617,ECG,10806,-129,0,0,0,0,0
425617,ECG,10807,-187,0,0,0,0,0
425622,ECG,10808,-202,0,0,0,0,0
425622,ECG,10809,-170,0,0,0,0,0
425622,ECG,10810,-102,0,0,0,0,0
425627,ECG,10811,-16,0,0,0,0,0
425627,ECG,10812,55,0,0,0,0,0
425632,ECG,10813,67,0,0,0,0,0
425632,ECG,10814,5,0,0,0,0,0
425637,ECG,10815,-75,0,0,0,0,0
425637,ECG,10816,-140,0,0,0,0,0
425642,ECG,10817,-148,0,0,0,0,0
425642,ECG,10818,-93,0,0,0,0,0
425647,ECG,10819,-19,0,0,0,0,0
425647,ECG,10820,47,0,0,0,0,0
425647,ECG,10821,80,0,0,0,0,0
425652,ECG,10822,64,0,0,0,0,0
425652,ECG,10823,1,0,0,0,0,0
425657,ECG,10824,-82,0,0,0,0,0
425657,ECG,10825,-152,0,0,0,0,0
425657,ECG,10826,-189,0,0,0,0,0
425662,ECG,10827,-183,0,0,0,0,0
425662,ECG,10828,-136,0,0,0,0,0
425667,ECG,10829,-65,0,0,0,0,0
425667,ECG,10830,8,0,0,0,0,0
425667,ECG,10831,51,0,0,0,0,0
425672,ECG,10832,45,0,0,0,0,0
425672,ECG,10833,-7,0,0,0,0,0
425677,ECG,10834,-86,0,0,0,0,0
425677,ECG,10835,-161,0,0,0,0,0
425677,ECG,10836,-205,0,0,0,0,0
425682,ECG,10837,-203,0,0,0,0,0
425682,ECG,10838,-161,0,0,0,0,0
425687,ECG,10839,-16,0,0,0,0,0
425687,ECG,10840,37,0,0,0,0,0
425692,ECG,10841,44,0,0,0,0,0
425692,ECG,10842,1,0,0,0,0,0
425697,ECG,10843,-147,0,0,0,0,0
425697,ECG,10844,-194,0,0,0,0,0
425702,ECG,10845,-199,0,0,0,0,0
425702,ECG,10846,-162,0,0,0,0,0
425702,ECG,10847,-93,0,0,0,0,0
425707,ECG,10848,-16,0,0,0,0,0
425707,ECG,10849,41,0,0,0,0,0
425712,ECG,10850,56,0,0,0,0,0
425712,ECG,10851,17,0,0,0,0,0
425712,ECG,10852,-58,0,0,0,0,0
425717,ECG,10853,-137,0,0,0,0,0
425717,ECG,10854,-189,0,0,0,0,0
425722,ECG,10855,-201,0,0,0,0,0
425722,ECG,10856,-170,0,0,0,0,0
425722,ECG,10857,-105,0,0,0,0,0
425727,ECG,10858,-30,0,0,0,0,0
425727,ECG,10859,27,0,0,0,0,0
425732,ECG,10860,5,0,0,0,0,0
425732,ECG,10861,-74,0,0,0,0,0
425737,ECG,10862,-162,0,0,0,0,0
425737,ECG,10863,-224,0,0,0,0,0
425737,ECG,10864,-242,0,0,0,0,0
425742,ECG,10865,-209,0,0,0,0,0
425742,ECG,10866,-138,0,0,0,0,0
425747,ECG,10867,-50,0,0,0,0,0
425747,ECG,10868,30,0,0,0,0,0
425747,ECG,10869,67,0,0,0,0,0
425752,ECG,10870,45,0,0,0,0,0
425752,ECG,10871,-22,0,0,0,0,0
425757,ECG,10872,-108,0,0,0,0,0
425757,ECG,10873,-182,0,0,0,0,0
425757,ECG,10874,-216,0,0,0,0,0
425762,ECG,10875,-202,0,0,0,0,0
425762,ECG,10876,-150,0,0,0,0,0
425767,ECG,10877,-75,0,0,0,0,0
425767,ECG,10878,-3,0,0,0,0,0
425767,ECG,10879,36,0,0,0,0,0
425772,ECG,10880,25,0,0,0,0,0
425772,ECG,10881,-31,0,0,0,0,0
425777,ECG,10882,-109,0,0,0,0,0
425777,ECG,10883,-174,0,0,0,0,0
425777,ECG,10884,-201,0,0,0,0,0
425782,ECG,10885,-186,0,0,0,0,0
425782,ECG,10886,-134,0,0,0,0,0
425787,ECG,10887,15,0,0,0,0,0
425787,ECG,10888,58,0,0,0,0,0
425792,ECG,10889,54,0,0,0,0,0
425792,ECG,10890,0,0,0,0,0,0
425792,ECG,10891,-79,0,0,0,0,0
425797,ECG,10892,-151,0,0,0,0,0
425797,ECG,10893,-191,0,0,0,0,0
425802,ECG,10894,-188,0,0,0,0,0
425802,ECG,10895,-145,0,0,0,0,0
425802,ECG,10896,-74,0,0,0,0,0
425807,ECG,10897,-3,0,0,0,0,0
425807,ECG,10898,41,0,0,0,0,0
425812,ECG,10899,41,0,0,0,0,0
425812,ECG,10900,-7,0,0,0,0,0
425812,ECG,10901,-87,0,0,0,0,0
425817,ECG,10902,-162,0,0,0,0,0
425817,ECG,10903,-205,0,0,0,0,0
425822,ECG,10904,-205,0,0,0,0,0
425822,ECG,10905,-159,0,0,0,0,0
425822,ECG,10906,-87,0,0,0,0,0
425827,ECG,10907,-10,0,0,0,0,0
425827,ECG,10908,46,0,0,0,0,0
425832,ECG,10909,55,0,0,0,0,0
425832,ECG,10910,12,0,0,0,0,0
425832,ECG,10911,-62,0,0,0,0,0
425837,ECG,10912,-139,0,0,0,0,0
425837,ECG,10913,-192,0,0,0,0,0
425842,ECG,10914,-171,0,0,0,0,0
425842,ECG,10915,-107,0,0,0,0,0
425847,ECG,10916,-31,0,0,0,0,0
425847,ECG,10917,27,0,0,0,0,0
425847,ECG,10918,49,0,0,0,0,0
425852,ECG,10919,21,0,0,0,0,0
425852,ECG,10920,-46,0,0,0,0,0
425857,ECG,10921,-120,0,0,0,0,0
425857,ECG,10922,-174,0,0,0,0,0
425857,ECG,10923,-191,0,0,0,0,0
425862,ECG,10924,-166,0,0,0,0,0
425862,ECG,10925,-105,0,0,0,0,0
425867,ECG,10926,-27,0,0,0,0,0
425867,ECG,10927,38,0,0,0,0,0
425867,ECG,10928,65,0,0,0,0,0
425872,ECG,10929,40,0,0,0,0,0
425872,ECG,10930,-24,0,0,0,0,0
425877,ECG,10931,-106,0,0,0,0,0
425877,ECG,10932,-170,0,0,0,0,0
425877,ECG,10933,-190,0,0,0,0,0
425882,ECG,10934,-168,0,0,0,0,0
425882,ECG,10935,-111,0,0,0,0,0
425887,ECG,10936,-33,0,0,0,0,0
425887,ECG,10937,34,0,0,0,0,0
425887,ECG,10938,63,0,0,0,0,0
425892,ECG,10939,40,0,0,0,0,0
425892,ECG,10940,-30,0,0,0,0,0
425897,ECG,10941,-182,0,0,0,0,0
425897,ECG,10942,-210,0,0,0,0,0
425902,ECG,10943,-190,0,0,0,0,0
425902,ECG,10944,-126,0,0,0,0,0
425907,ECG,10945,32,0,0,0,0,0
425907,ECG,10946,77,0,0,0,0,0
425912,ECG,10947,66,0,0,0,0,0
425912,ECG,10948,4,0,0,0,0,0
425912,ECG,10949,-79,0,0,0,0,0
425917,ECG,10950,-153,0,0,0,0,0
425917,ECG,10951,-188,0,0,0,0,0
425922,ECG,10952,-175,0,0,0,0,0
425922,ECG,10953,-122,0,0,0,0,0
425922,ECG,10954,-44,0,0,0,0,0
425927,ECG,10955,34,0,0,0,0,0
425927,ECG,10956,78,0,0,0,0,0
425932,ECG,10957,69,0,0,0,0,0
425932,ECG,10958,10,0,0,0,0,0
425932,ECG,10959,-75,0,0,0,0,0
425937,ECG,10960,-155,0,0,0,0,0
425937,ECG,10961,-204,0,0,0,0,0
425942,ECG,10962,-201,0,0,0,0,0
425942,ECG,10963,-153,0,0,0,0,0
425942,ECG,10964,-77,0,0,0,0,0
425947,ECG,10965,4,0,0,0,0,0
425947,ECG,10966,61,0,0,0,0,0
425952,ECG,10967,23,0,0,0,0,0
425952,ECG,10968,-55,0,0,0,0,0
425957,ECG,10969,-133,0,0,0,0,0
425957,ECG,10970,-179,0,0,0,0,0
425962,ECG,10971,-151,0,0,0,0,0
425962,ECG,10972,-81,0,0,0,0,0
425967,ECG,10973,-6,0,0,0,0,0
425967,ECG,10974,45,0,0,0,0,0
425967,ECG,10975,55,0,0,0,0,0
425972,ECG,10976,12,0,0,0,0,0
425972,ECG,10977,-67,0,0,0,0,0
425977,ECG,10978,-145,0,0,0,0,0
425977,ECG,10979,-199,0,0,0,0,0
425977,ECG,10980,-212,0,0,0,0,0
425982,ECG,10981,-177,0,0,0,0,0
425982,ECG,10982,-110,0,0,0,0,0
425987,ECG,10983,-33,0,0,0,0,0
425987,ECG,10984,31,0,0,0,0,0
425987,ECG,10985,53,0,0,0,0,0
425992,ECG,10986,24,0,0,0,0,0
425992,ECG,10987,-42,0,0,0,0,0
425997,ECG,10988,-118,0,0,0,0,0
425997,ECG,10989,-177,0,0,0,0,0
425997,ECG,10990,-191,0,0,0,0,0
426002,ECG,10991,-164,0,0,0,0,0
426002,ECG,10992,-103,0,0,0,0,0
426007,ECG,10993,44,0,0,0,0,0
426007,ECG,10994,72,0,0,0,0,0
426012,ECG,10995,51,0,0,0,0,0
426012,ECG,10996,-13,0,0,0,0,0
426017,ECG,10997,-158,0,0,0,0,0
426017,ECG,10998,-183,0,0,0,0,0
426022,ECG,10999,-165,0,0,0,0,0
426022,ECG,11000,-109,0,0,0,0,0
426022,ECG,11001,-34,0,0,0,0,0
426027,ECG,11002,37,0,0,0,0,0
426027,ECG,11003,72,0,0,0,0,0
426032,ECG,11004,58,0,0,0,0,0
426032,ECG,11005,-1,0,0,0,0,0
426032,ECG,11006,-81,0,0,0,0,0
426037,ECG,11007,-149,0,0,0,0,0
426037,ECG,11008,-179,0,0,0,0,0
426042,ECG,11009,-166,0,0,0,0,0
426042,ECG,11010,-114,0,0,0,0,0
426042,ECG,11011,-36,0,0,0,0,0
426047,ECG,11012,35,0,0,0,0,0
426047,ECG,11013,77,0,0,0,0,0
426052,ECG,11014,70,0,0,0,0,0
426052,ECG,11015,11,0,0,0,0,0
426052,ECG,11016,-73,0,0,0,0,0
426057,ECG,11017,-149,0,0,0,0,0
426057,ECG,11018,-195,0,0,0,0,0
426057,ECG,11019,-195,0,0,0,0,0
426062,ECG,11020,-151,0,0,0,0,0
426062,ECG,11021,-79,0,0,0,0,0
426067,ECG,11022,-6,0,0,0,0,0
426067,ECG,11023,48,0,0,0,0,0
426072,ECG,11024,10,0,0,0,0,0
426072,ECG,11025,-64,0,0,0,0,0
426077,ECG,11026,-139,0,0,0,0,0
426077,ECG,11027,-183,0,0,0,0,0
426077,ECG,11028,-182,0,0,0,0,0
426082,ECG,11029,-145,0,0,0,0,0
426082,ECG,11030,-78,0,0,0,0,0
426087,ECG,11031,-1,0,0,0,0,0
426087,ECG,11032,53,0,0,0,0,0
426087,ECG,11033,63,0,0,0,0,0
426092,ECG,11034,23,0,0,0,0,0
426092,ECG,11035,-51,0,0,0,0,0
426097,ECG,11036,-128,0,0,0,0,0
426097,ECG,11037,-178,0,0,0,0,0
426097,ECG,11038,-185,0,0,0,0,0
426102,ECG,11039,-151,0,0,0,0,0
426102,ECG,11040,-85,0,0,0,0,0
426153,ECG,11041,-10,0,0,0,0,0
426153,ECG,11042,42,0,0,0,0,0
426153,ECG,11043,53,0,0,0,0,0
426153,ECG,11044,13,0,0,0,0,0
426153,ECG,11045,-65,0,0,0,0,0
426153,ECG,11046,-150,0,0,0,0,0
426153,ECG,11047,-209,0,0,0,0,0
426153,ECG,11048,-225,0,0,0,0,0
426153,ECG,11049,-192,0,0,0,0,0
426153,ECG,11050,-122,0,0,0,0,0
426153,ECG,11051,-39,0,0,0,0,0
426153,ECG,11052,33,0,0,0,0,0
426153,ECG,11053,70,0,0,0,0,0
426153,ECG,11054,50,0,0,0,0,0
426153,ECG,11055,-13,0,0,0,0,0
426153,ECG,11056,-91,0,0,0,0,0
426153,ECG,11057,-160,0,0,0,0,0
426153,ECG,11058,-193,0,0,0,0,0
426153,ECG,11059,-184,0,0,0,0,0
426153,ECG,11060,-140,0,0,0,0,0
426153,ECG,11061,-74,0,0,0,0,0
426153,ECG,11062,-12,0,0,0,0,0
426153,ECG,11063,20,0,0,0,0,0
426153,ECG,11064,5,0,0,0,0,0
426153,ECG,11065,-52,0,0,0,0,0
426153,ECG,11066,-128,0,0,0,0,0
426153,ECG,11067,-194,0,0,0,0,0
426158,ECG,11068,-222,0,0,0,0,0
426158,ECG,11069,-210,0,0,0,0,0
426163,ECG,11070,-157,0,0,0,0,0
426163,ECG,11071,-80,0,0,0,0,0
426168,ECG,11072,44,0,0,0,0,0
426168,ECG,11073,46,0,0,0,0,0
426173,ECG,11074,-6,0,0,0,0,0
426173,ECG,11075,-86,0,0,0,0,0
426173,ECG,11076,-163,0,0,0,0,0
426178,ECG,11077,-212,0,0,0,0,0
426178,ECG,11078,-216,0,0,0,0,0
426183,ECG,11079,-172,0,0,0,0,0
426183,ECG,11080,-95,0,0,0,0,0
426183,ECG,11081,-6,0,0,0,0,0
426188,ECG,11082,64,0,0,0,0,0
426188,ECG,11083,87,0,0,0,0,0
426193,ECG,11084,55,0,0,0,0,0
426193,ECG,11085,-15,0,0,0,0,0
426193,ECG,11086,-94,0,0,0,0,0
426198,ECG,11087,-150,0,0,0,0,0
426198,ECG,11088,-167,0,0,0,0,0
426203,ECG,11089,-142,0,0,0,0,0
426203,ECG,11090,-81,0,0,0,0,0
426203,ECG,11091,-6,0,0,0,0,0
426208,ECG,11092,52,0,0,0,0,0
426208,ECG,11093,68,0,0,0,0,0
426208,ECG,11094,33,0,0,0,0,0
426213,ECG,11095,-39,0,0,0,0,0
426213,ECG,11096,-118,0,0,0,0,0
426218,ECG,11097,-174,0,0,0,0,0
426218,ECG,11098,-186,0,0,0,0,0
426218,ECG,11099,-156,0,0,0,0,0
426223,ECG,11100,-93,0,0,0,0,0
426223,ECG,11101,-12,0,0,0,0,0
426228,ECG,11102,51,0,0,0,0,0
426228,ECG,11103,76,0,0,0,0,0
426228,ECG,11104,50,0,0,0,0,0
426233,ECG,11105,-19,0,0,0,0,0
426233,ECG,11106,-101,0,0,0,0,0
426238,ECG,11107,-165,0,0,0,0,0
426238,ECG,11108,-189,0,0,0,0,0
426238,ECG,11109,-166,0,0,0,0,0
426243,ECG,11110,-105,0,0,0,0,0
426243,ECG,11111,-27,0,0,0,0,0
426248,ECG,11112,43,0,0,0,0,0
426248,ECG,11113,74,0,0,0,0,0
426248,ECG,11114,53,0,0,0,0,0
426253,ECG,11115,-13,0,0,0,0,0
426253,ECG,11116,-98,0,0,0,0,0
426258,ECG,11117,-205,0,0,0,0,0
426258,ECG,11118,-193,0,0,0,0,0
426263,ECG,11119,-141,0,0,0,0,0
426263,ECG,11120,-64,0,0,0,0,0
426263,ECG,11121,7,0,0,0,0,0
426268,ECG,11122,46,0,0,0,0,0
426268,ECG,11123,37,0,0,0,0,0
426273,ECG,11124,-21,0,0,0,0,0
426273,ECG,11125,-103,0,0,0,0,0
426273,ECG,11126,-175,0,0,0,0,0
426278,ECG,11127,-215,0,0,0,0,0
426278,ECG,11128,-208,0,0,0,0,0
426283,ECG,11129,-161,0,0,0,0,0
426283,ECG,11130,-87,0,0,0,0,0
426283,ECG,11131,-9,0,0,0,0,0
426288,ECG,11132,39,0,0,0,0,0
426288,ECG,11133,41,0,0,0,0,0
426293,ECG,11134,-8,0,0,0,0,0
426293,ECG,11135,-85,0,0,0,0,0
426293,ECG,11136,-160,0,0,0,0,0
426298,ECG,11137,-207,0,0,0,0,0
426298,ECG,11138,-210,0,0,0,0,0
426303,ECG,11139,-172,0,0,0,0,0
426303,ECG,11140,-104,0,0,0,0,0
426303,ECG,11141,-30,0,0,0,0,0
426308,ECG,11142,21,0,0,0,0,0
426308,ECG,11143,33,0,0,0,0,0
426313,ECG,11144,-72,0,0,0,0,0
426313,ECG,11145,-138,0,0,0,0,0
426318,ECG,11146,-182,0,0,0,0,0
426318,ECG,11147,-183,0,0,0,0,0
426318,ECG,11148,-145,0,0,0,0,0
426323,ECG,11149,-79,0,0,0,0,0
426323,ECG,11150,-5,0,0,0,0,0
426328,ECG,11151,49,0,0,0,0,0
426328,ECG,11152,60,0,0,0,0,0
426328,ECG,11153,18,0,0,0,0,0
426333,ECG,11154,-60,0,0,0,0,0
426333,ECG,11155,-142,0,0,0,0,0
426338,ECG,11156,-201,0,0,0,0,0
426338,ECG,11157,-215,0,0,0,0,0
426338,ECG,11158,-186,0,0,0,0,0
426343,ECG,11159,-121,0,0,0,0,0
426343,ECG,11160,-41,0,0,0,0,0
426348,ECG,11161,22,0,0,0,0,0
426348,ECG,11162,48,0,0,0,0,0
426348,ECG,11163,18,0,0,0,0,0
426353,ECG,11164,-53,0,0,0,0,0
426353,ECG,11165,-133,0,0,0,0,0
426358,ECG,11166,-195,0,0,0,0,0
426358,ECG,11167,-214,0,0,0,0,0
426358,ECG,11168,-183,0,0,0,0,0
426363,ECG,11169,-118,0,0,0,0,0
426363,ECG,11170,-36,0,0,0,0,0
426368,ECG,11171,73,0,0,0,0,0
426368,ECG,11172,56,0,0,0,0,0
426373,ECG,11173,-8,0,0,0,0,0
426373,ECG,11174,-89,0,0,0,0,0
426373,ECG,11175,-155,0,0,0,0,0
426378,ECG,11176,-184,0,0,0,0,0
426378,ECG,11177,-169,0,0,0,0,0
426383,ECG,11178,-115,0,0,0,0,0
426383,ECG,11179,-38,0,0,0,0,0
426383,ECG,11180,34,0,0,0,0,0
426388,ECG,11181,72,0,0,0,0,0
426388,ECG,11182,59,0,0,0,0,0
426393,ECG,11183,1,0,0,0,0,0
426393,ECG,11184,-81,0,0,0,0,0
426393,ECG,11185,-153,0,0,0,0,0
426398,ECG,11186,-189,0,0,0,0,0
426398,ECG,11187,-180,0,0,0,0,0
426403,ECG,11188,-131,0,0,0,0,0
426403,ECG,11189,-56,0,0,0,0,0
426403,ECG,11190,18,0,0,0,0,0
426408,ECG,11191,64,0,0,0,0,0
426408,ECG,11192,65,0,0,0,0,0
426413,ECG,11193,14,0,0,0,0,0
426413,ECG,11194,-65,0,0,0,0,0
426413,ECG,11195,-136,0,0,0,0,0
426418,ECG,11196,-175,0,0,0,0,0
426418,ECG,11197,-172,0,0,0,0,0
426423,ECG,11198,-57,0,0,0,0,0
426423,ECG,11199,13,0,0,0,0,0
426428,ECG,11200,57,0,0,0,0,0
426428,ECG,11201,57,0,0,0,0,0
426433,ECG,11202,-70,0,0,0,0,0
426433,ECG,11203,-140,0,0,0,0,0
426438,ECG,11204,-183,0,0,0,0,0
426438,ECG,11205,-180,0,0,0,0,0
426438,ECG,11206,-135,0,0,0,0,0
426443,ECG,11207,-66,0,0,0,0,0
426443,ECG,11208,8,0,0,0,0,0
426448,ECG,11209,57,0,0,0,0,0
426448,ECG,11210,59,0,0,0,0,0
426448,ECG,11211,14,0,0,0,0,0
426453,ECG,11212,-59,0,0,0,0,0
426453,ECG,11213,-135,0,0,0,0,0
426458,ECG,11214,-186,0,0,0,0,0
426458,ECG,11215,-190,0,0,0,0,0
426458,ECG,11216,-156,0,0,0,0,0
426463,ECG,11217,-91,0,0,0,0,0
426463,ECG,11218,-15,0,0,0,0,0
426468,ECG,11219,41,0,0,0,0,0
426468,ECG,11220,54,0,0,0,0,0
426468,ECG,11221,19,0,0,0,0,0
426473,ECG,11222,-53,0,0,0,0,0
426473,ECG,11223,-131,0,0,0,0,0
426478,ECG,11224,-205,0,0,0,0,0
426478,ECG,11225,-175,0,0,0,0,0
426483,ECG,11226,-112,0,0,0,0,0
426483,ECG,11227,-32,0,0,0,0,0
426488,ECG,11228,68,0,0,0,0,0
426488,ECG,11229,44,0,0,0,0,0
426493,ECG,11230,-22,0,0,0,0,0
426493,ECG,11231,-104,0,0,0,0,0
426493,ECG,11232,-172,0,0,0,0,0
426498,ECG,11233,-204,0,0,0,0,0
426498,ECG,11234,-190,0,0,0,0,0
426503,ECG,11235,-140,0,0,0,0,0
426503,ECG,11236,-64,0,0,0,0,0
426503,ECG,11237,3,0,0,0,0,0
426508,ECG,11238,40,0,0,0,0,0
426508,ECG,11239,27,0,0,0,0,0
426513,ECG,11240,-32,0,0,0,0,0
426513,ECG,11241,-112,0,0,0,0,0
426513,ECG,11242,-176,0,0,0,0,0
426518,ECG,11243,-207,0,0,0,0,0
426518,ECG,11244,-192,0,0,0,0,0
426523,ECG,11245,-140,0,0,0,0,0
426523,ECG,11246,-64,0,0,0,0,0
426523,ECG,11247,8,0,0,0,0,0
426528,ECG,11248,50,0,0,0,0,0
426528,ECG,11249,42,0,0,0,0,0
426533,ECG,11250,-92,0,0,0,0,0
426533,ECG,11251,-162,0,0,0,0,0
426538,ECG,11252,-199,0,0,0,0,0
426538,ECG,11253,-191,0,0,0,0,0
426543,ECG,11254,-76,0,0,0,0,0
426543,ECG,11255,-5,0,0,0,0,0
426548,ECG,11256,39,0,0,0,0,0
426548,ECG,11257,35,0,0,0,0,0
426548,ECG,11258,-18,0,0,0,0,0
426553,ECG,11259,-97,0,0,0,0,0
426553,ECG,11260,-169,0,0,0,0,0
426558,ECG,11261,-207,0,0,0,0,0
426558,ECG,11262,-201,0,0,0,0,0
426558,ECG,11263,-156,0,0,0,0,0
419172,PPG,200,144909,70017,0,0,0,0
419252,PPG,201,144901,70011,0,0,0,0
419336,PPG,202,144896,70008,0,0,0,0
419412,PPG,203,144890,70011,0,0,0,0
419488,PPG,204,144880,69999,0,0,0,0
419568,PPG,205,144875,69993,0,0,0,0
419647,PPG,206,144868,70002,0,0,0,0
419727,PPG,207,144860,69989,0,0,0,0
419806,PPG,208,144860,69996,0,0,0,0
419889,PPG,209,144847,69984,0,0,0,0
419970,PPG,210,144849,69978,0,0,0,0
420043,PPG,211,144840,69977,0,0,0,0
420123,PPG,212,144807,69978,0,0,0,0
420202,PPG,213,144823,69972,0,0,0,0
420283,PPG,214,144816,69972,0,0,0,0
420367,PPG,215,144801,69959,0,0,0,0
420445,PPG,216,144804,69970,0,0,0,0
420522,PPG,217,144795,69955,0,0,0,0
420601,PPG,218,144778,69953,0,0,0,0
420678,PPG,219,144795,69954,0,0,0,0
420758,PPG,220,144775,69948,0,0,0,0
420847,PPG,221,144778,69941,0,0,0,0
420920,PPG,222,144774,69943,0,0,0,0
420998,PPG,223,144753,69938,0,0,0,0
421075,PPG,224,144743,69925,0,0,0,0
421154,PPG,225,144740,69932,0,0,0,0
421234,PPG,226,144748,69934,0,0,0,0
421313,PPG,227,144733,69931,0,0,0,0
421392,PPG,228,144737,69917,0,0,0,0
421475,PPG,229,144717,69919,0,0,0,0
421552,PPG,230,144713,69921,0,0,0,0
421630,PPG,231,144716,69922,0,0,0,0
421716,PPG,232,144697,69904,0,0,0,0
421789,PPG,233,144705,69898,0,0,0,0
421868,PPG,234,144688,69903,0,0,0,0
421951,PPG,235,144680,69903,0,0,0,0
422029,PPG,236,144676,69899,0,0,0,0
422106,PPG,237,144669,69892,0,0,0,0
422186,PPG,238,144676,69885,0,0,0,0
422265,PPG,239,144662,69887,0,0,0,0
422346,PPG,240,144658,69884,0,0,0,0
422430,PPG,241,144650,69882,0,0,0,0
422510,PPG,242,144652,69884,0,0,0,0
422592,PPG,243,144646,69871,0,0,0,0
422663,PPG,244,144640,69873,0,0,0,0
422742,PPG,245,144629,69873,0,0,0,0
422820,PPG,246,144613,69869,0,0,0,0
422899,PPG,247,144601,69862,0,0,0,0
422982,PPG,248,144611,69848,0,0,0,0
423061,PPG,249,144590,69858,0,0,0,0
423137,PPG,250,144587,69846,0,0,0,0
423219,PPG,251,144588,69849,0,0,0,0
423300,PPG,252,144583,69853,0,0,0,0
423375,PPG,253,144579,69846,0,0,0,0
423470,PPG,254,144573,69828,0,0,0,0
423538,PPG,255,144560,69830,0,0,0,0
423615,PPG,256,144552,69826,0,0,0,0
423693,PPG,257,144542,69826,0,0,0,0
423772,PPG,258,144550,69824,0,0,0,0
423851,PPG,259,144543,69837,0,0,0,0
423931,PPG,260,144535,69827,0,0,0,0
424013,PPG,261,144529,69827,0,0,0,0
424092,PPG,262,144516,69815,0,0,0,0
424169,PPG,263,144505,69802,0,0,0,0
424248,PPG,264,144516,69810,0,0,0,0
424343,PPG,265,144507,69797,0,0,0,0
424407,PPG,266,144494,69806,0,0,0,0
424487,PPG,267,144490,69799,0,0,0,0
424571,PPG,268,144489,69793,0,0,0,0
424649,PPG,269,144474,69791,0,0,0,0
424725,PPG,270,144470,69785,0,0,0,0
424804,PPG,271,144477,69785,0,0,0,0
424882,PPG,272,144452,69782,0,0,0,0
424961,PPG,273,144452,69776,0,0,0,0
425041,PPG,274,144455,69778,0,0,0,0
425123,PPG,275,144440,69773,0,0,0,0
425211,PPG,276,144432,69767,0,0,0,0
425279,PPG,277,144440,69775,0,0,0,0
425358,PPG,278,144427,69767,0,0,0,0
425437,PPG,279,144420,69766,0,0,0,0
425517,PPG,280,144407,69756,0,0,0,0
425600,PPG,281,144415,69765,0,0,0,0
425678,PPG,282,144402,69756,0,0,0,0
425754,PPG,283,144387,69755,0,0,0,0
425834,PPG,284,144402,69744,0,0,0,0
425914,PPG,285,144398,69744,0,0,0,0
425993,PPG,286,144388,69744,0,0,0,0
426089,PPG,287,144387,69740,0,0,0,0
426156,PPG,288,144375,69745,0,0,0,0
426233,PPG,289,144380,69736,0,0,0,0
426310,PPG,290,144362,69733,0,0,0,0
426390,PPG,291,144362,69725,0,0,0,0
426469,PPG,292,144348,69731,0,0,0,0
426548,PPG,293,144343,69729,0,0,0,0
426633,PPG,294,144348,69722,0,0,0,0
426712,PPG,295,144338,69712,0,0,0,0
426788,PPG,296,144330,69719,0,0,0,0
426867,PPG,297,144328,69719,0,0,0,0
426964,PPG,298,144309,69719,0,0,0,0
427026,PPG,299,144322,69702,0,0,0,0
423192,IMU,1040,1228,-136,8420,-92,65,53
423212,IMU,1041,1272,-212,8392,-83,56,45
423231,IMU,1042,1300,-168,8424,-80,66,32
423252,IMU,1043,1372,-72,8316,-83,51,59
423268,IMU,1044,1276,-264,8432,-89,65,38
423288,IMU,1045,1272,-188,8400,-80,39,35
423307,IMU,1046,1316,-208,8396,-65,67,42
423326,IMU,1047,1200,-144,8432,-102,71,35
423345,IMU,1048,1392,-164,8428,-95,56,53
423364,IMU,1049,1332,-204,8424,-94,51,48
423383,IMU,1050,1232,-116,8448,-76,71,40
423403,IMU,1051,1308,-144,8340,-75,54,41
423422,IMU,1052,1356,-80,8432,-95,60,42
423441,IMU,1053,1304,-204,8436,-85,65,47
423468,IMU,1054,1300,-216,8408,-94,54,27
423479,IMU,1055,1236,-136,8384,-82,67,38
423498,IMU,1056,1272,-128,8424,-83,63,42
423517,IMU,1057,1268,-160,8368,-100,59,37
423538,IMU,1058,1352,-184,8448,-85,69,27
423555,IMU,1059,1200,-176,8376,-98,69,36
423574,IMU,1060,1156,-168,8372,-90,69,53
423593,IMU,1061,1452,-200,8368,-95,59,15
423613,IMU,1062,1272,-236,8420,-76,71,57
423632,IMU,1063,1336,-220,8436,-92,60,48
423651,IMU,1064,1364,-184,8452,-85,55,43
423672,IMU,1065,1240,-12,8380,-89,52,48
423690,IMU,1066,1308,-168,8408,-78,69,38
423708,IMU,1067,1372,-172,8384,-109,73,36
423727,IMU,1068,1244,-148,8340,-87,44,42
423746,IMU,1069,1352,-124,8480,-79,57,46
423766,IMU,1070,1304,-140,8368,-93,67,40
423784,IMU,1071,1292,-208,8456,-82,59,28
423803,IMU,1072,1308,-124,8364,-94,66,46
423823,IMU,1073,1312,-128,8444,-95,54,26
423842,IMU,1074,1336,-200,8420,-86,61,38
423861,IMU,1075,1244,-240,8384,-82,68,57
423880,IMU,1076,1268,-252,8376,-91,67,36
423899,IMU,1077,1248,-172,8472,-94,53,40
423918,IMU,1078,1284,-148,8432,-81,63,36
423937,IMU,1079,1264,-168,8400,-94,56,40
423957,IMU,1080,1264,-140,8372,-93,76,40
423976,IMU,1081,1320,-188,8316,-94,53,62
423994,IMU,1082,1348,-148,8260,-86,61,23
424013,IMU,1083,1224,-224,8320,-84,63,47
424033,IMU,1084,1412,-208,8448,-89,57,47
424052,IMU,1085,1256,-172,8432,-69,54,37
424071,IMU,1086,1380,-176,8372,-95,58,43
424090,IMU,1087,1276,-172,8360,-89,61,40
424112,IMU,1088,1212,-204,8452,-88,55,19
424129,IMU,1089,1184,-200,8392,-88,59,52
424148,IMU,1090,1388,-148,8428,-93,85,46
424167,IMU,1091,1248,-228,8436,-97,61,49
424186,IMU,1092,1292,-228,8372,-107,51,45
424205,IMU,1093,1344,-292,8336,-116,74,49
424224,IMU,1094,1424,-244,8368,-87,72,43
424243,IMU,1095,1260,-100,8408,-81,67,53
424262,IMU,1096,1276,-264,8364,-103,51,43
424281,IMU,1097,1264,-72,8396,-86,55,25
424300,IMU,1098,1272,-204,8420,-105,72,32
424319,IMU,1099,1256,-208,8340,-92,66,35
424343,IMU,1100,1220,-260,8320,-106,68,52
424358,IMU,1101,1344,-212,8372,-102,46,30
424377,IMU,1102,1280,-192,8368,-102,56,57
424396,IMU,1103,1304,-120,8344,-93,49,66
424415,IMU,1104,1332,-268,8392,-102,47,46
424434,IMU,1105,1344,-292,8320,-96,64,36
424453,IMU,1106,1256,-144,8360,-84,56,38
424472,IMU,1107,1196,-180,8424,-83,52,48
424492,IMU,1108,1272,-244,8392,-83,57,44
424510,IMU,1109,1256,-280,8440,-94,62,41
424530,IMU,1110,1248,-304,8364,-99,47,51
424552,IMU,1111,1308,-100,8420,-73,65,40
424570,IMU,1112,1392,-124,8284,-71,76,58
424587,IMU,1113,1296,-136,8400,-84,72,50
424606,IMU,1114,1252,-156,8336,-95,67,42
424625,IMU,1115,1200,-220,8456,-87,74,40
424644,IMU,1116,1300,-132,8412,-78,54,33
424663,IMU,1117,1248,-168,8404,-60,52,49
424682,IMU,1118,1348,-124,8480,-92,55,50
424702,IMU,1119,1240,-156,8420,-100,73,36
424720,IMU,1120,1304,-140,8380,-87,63,58
424739,IMU,1121,1256,-220,8384,-86,47,42
424759,IMU,1122,1204,-220,8412,-82,58,27
424779,IMU,1123,1220,-160,8300,-82,61,42
424797,IMU,1124,1228,-140,8456,-96,62,53
424816,IMU,1125,1316,-176,8564,-82,51,38
424835,IMU,1126,1284,-244,8436,-77,54,47
424854,IMU,1127,1324,-132,8440,-81,44,38
424873,IMU,1128,1356,-176,8336,-95,63,55
424893,IMU,1129,1244,-136,8420,-83,39,43
424912,IMU,1130,1352,-168,8424,-60,57,37
424930,IMU,1131,1280,-172,8372,-87,59,39
424949,IMU,1132,1420,-136,8384,-96,68,38
424969,IMU,1133,1360,-80,8412,-78,70,54
424991,IMU,1134,1372,-156,8476,-84,58,45
425007,IMU,1135,1276,-144,8448,-83,63,24
425026,IMU,1136,1264,-140,8420,-93,52,53
425045,IMU,1137,1300,-252,8352,-90,53,44
425064,IMU,1138,1264,-208,8384,-79,60,25
425083,IMU,1139,1316,-164,8284,-94,60,34
425102,IMU,1140,1288,-256,8324,-93,50,51
425123,IMU,1141,1268,-184,8384,-78,53,39
425140,IMU,1142,1228,-168,8432,-81,58,41
425160,IMU,1143,1180,-244,8328,-77,56,52
425179,IMU,1144,1328,-292,8468,-90,53,46
425199,IMU,1145,1376,-192,8376,-77,64,52
425219,IMU,1146,1336,-156,8432,-75,43,44
425236,IMU,1147,1280,-212,8324,-90,70,55
425255,IMU,1148,1376,-168,8416,-99,53,47
425274,IMU,1149,1316,-152,8452,-84,63,38
425294,IMU,1150,1324,-248,8348,-98,59,49
425313,IMU,1151,1432,-156,8308,-87,50,29
425332,IMU,1152,1304,-228,8328,-95,54,43
425351,IMU,1153,1300,-192,8308,-77,66,56
425370,IMU,1154,1284,-120,8448,-94,32,50
425389,IMU,1155,1292,-224,8300,-95,58,47
425408,IMU,1156,1288,-192,8356,-96,62,63
425429,IMU,1157,1268,-148,8380,-85,51,34
425446,IMU,1158,1340,-240,8480,-91,60,43
425465,IMU,1159,1220,-184,8364,-85,67,41
425485,IMU,1160,1284,-160,8388,-88,59,41
425504,IMU,1161,1364,-168,8380,-96,54,37
425523,IMU,1162,1244,-124,8408,-96,56,47
425542,IMU,1163,1176,-268,8324,-99,71,42
425561,IMU,1164,1376,-284,8324,-90,65,50
425580,IMU,1165,1268,-200,8436,-92,55,40
425600,IMU,1166,1276,-116,8412,-87,63,47
425618,IMU,1167,1308,-216,8408,-79,62,41
425641,IMU,1168,1352,-260,8456,-102,63,49
425658,IMU,1169,1428,-188,8340,-79,61,48
425675,IMU,1170,1344,-148,8388,-99,51,43
425695,IMU,1171,1332,-152,8372,-93,54,46
425714,IMU,1172,1272,-156,8432,-85,60,34
425733,IMU,1173,1264,-228,8376,-103,62,37
425752,IMU,1174,1212,-240,8416,-94,56,52
425771,IMU,1175,1340,-200,8296,-102,71,35
425790,IMU,1176,1236,-100,8432,-95,55,48
425809,IMU,1177,1184,-204,8384,-88,62,61
425829,IMU,1178,1188,-148,8336,-96,65,34
425848,IMU,1179,1228,-128,8376,-87,74,56
425868,IMU,1180,1272,-164,8440,-88,65,45
425886,IMU,1181,1380,-152,8432,-86,71,58
425905,IMU,1182,1308,-200,8344,-97,52,49
425924,IMU,1183,1244,-212,8384,-87,75,46
425943,IMU,1184,1316,-240,8396,-97,56,49
425962,IMU,1185,1356,-184,8372,-65,79,31
425981,IMU,1186,1376,-180,8548,-106,65,36
426000,IMU,1187,1320,-156,8304,-88,64,49
426020,IMU,1188,1292,-104,8524,-111,71,55
426039,IMU,1189,1268,-260,8404,-68,53,52
426058,IMU,1190,1312,-136,8424,-92,56,34
426080,IMU,1191,1376,-248,8340,-81,58,38
426096,IMU,1192,1212,-248,8324,-90,68,49
426115,IMU,1193,1360,-236,8332,-115,57,43
426134,IMU,1194,1184,-84,8408,-75,69,39
426156,IMU,1195,1312,-156,8396,-100,62,59
426172,IMU,1196,1248,-224,8396,-101,58,52
426191,IMU,1197,1260,-184,8416,-100,52,50
426211,IMU,1198,1308,-180,8440,-93,43,56
426231,IMU,1199,1440,-228,8384,-91,58,60
426249,IMU,1200,1324,-84,8404,-74,60,47
426268,IMU,1201,1252,-104,8396,-87,54,38
426287,IMU,1202,1280,-240,8424,-82,64,50
426308,IMU,1203,1316,-196,8412,-101,53,48
426326,IMU,1204,1428,-248,8404,-86,58,63
426345,IMU,1205,1304,-256,8380,-90,54,42
426364,IMU,1206,1216,-168,8384,-82,66,23
426383,IMU,1207,1356,-180,8428,-92,71,38
426402,IMU,1208,1328,-192,8372,-76,71,58
426421,IMU,1209,1284,-164,8448,-88,69,40
426440,IMU,1210,1248,-200,8452,-81,55,54
426459,IMU,1211,1296,-232,8420,-79,56,32
426479,IMU,1212,1392,-200,8292,-77,54,51
426497,IMU,1213,1440,-292,8436,-107,69,46
426519,IMU,1214,1324,-160,8384,-85,43,47
426536,IMU,1215,1216,-116,8500,-86,64,21
426555,IMU,1216,1328,-172,8396,-73,54,55
426574,IMU,1217,1316,-288,8404,-80,60,44
426593,IMU,1218,1284,-208,8396,-94,68,40
426612,IMU,1219,1324,-196,8368,-88,42,43
426633,IMU,1220,1280,-236,8340,-88,66,41
426650,IMU,1221,1336,-160,8376,-91,72,45
426670,IMU,1222,1356,-180,8496,-95,65,39
426689,IMU,1223,1276,-188,8424,-87,65,45
426707,IMU,1224,1240,-116,8400,-86,44,52
426728,IMU,1225,1292,-232,8396,-91,49,42
426748,IMU,1226,1240,-96,8424,-73,60,48
426765,IMU,1227,1352,-204,8436,-101,58,45
426784,IMU,1228,1316,-176,8308,-92,69,45
426803,IMU,1229,1260,-48,8416,-84,48,49
426822,IMU,1230,1300,-68,8364,-89,63,53
426841,IMU,1231,1316,-228,8424,-88,65,25
426861,IMU,1232,1284,-156,8416,-91,54,34
426880,IMU,1233,1320,-196,8400,-98,63,39
426899,IMU,1234,1368,-132,8372,-100,40,20
426918,IMU,1235,1312,-248,8492,-99,63,36
426936,IMU,1236,1284,-124,8404,-98,45,51
426964,IMU,1237,1352,-88,8396,-96,45,46
426975,IMU,1238,1160,-144,8436,-83,47,39
426994,IMU,1239,1304,-144,8408,-74,63,29
427013,IMU,1240,1252,-256,8384,-105,55,28
427032,IMU,1241,1296,-160,8360,-85,55,35
427051,IMU,1242,1328,-256,8436,-94,61,30
427071,IMU,1243,1340,-204,8324,-80,54,55
427090,IMU,1244,1396,-188,8312,-95,48,41
427109,IMU,1245,1244,-248,8336,-80,65,39
427128,IMU,1246,1276,-200,8388,-100,62,36
427147,IMU,1247,1212,-144,8348,-88,55,47
426563,ECG,11264,-83,0,0,0,0,0
426563,ECG,11265,-2,0,0,0,0,0
426568,ECG,11266,52,0,0,0,0,0
426568,ECG,11267,60,0,0,0,0,0
426568,ECG,11268,17,0,0,0,0,0
426573,ECG,11269,-61,0,0,0,0,0
426573,ECG,11270,-142,0,0,0,0,0
426578,ECG,11271,-194,0,0,0,0,0
426578,ECG,11272,-204,0,0,0,0,0
426578,ECG,11273,-170,0,0,0,0,0
426583,ECG,11274,-106,0,0,0,0,0
426583,ECG,11275,-30,0,0,0,0,0
426583,ECG,11276,29,0,0,0,0,0
426588,ECG,11277,50,0,0,0,0,0
426588,ECG,11278,18,0,0,0,0,0
426593,ECG,11279,-52,0,0,0,0,0
426593,ECG,11280,-127,0,0,0,0,0
426598,ECG,11281,-195,0,0,0,0,0
426598,ECG,11282,-162,0,0,0,0,0
426603,ECG,11283,-101,0,0,0,0,0
426603,ECG,11284,-23,0,0,0,0,0
426603,ECG,11285,42,0,0,0,0,0
426608,ECG,11286,65,0,0,0,0,0
426608,ECG,11287,37,0,0,0,0,0
426613,ECG,11288,-29,0,0,0,0,0
426613,ECG,11289,-105,0,0,0,0,0
426613,ECG,11290,-162,0,0,0,0,0
426618,ECG,11291,-177,0,0,0,0,0
426618,ECG,11292,-148,0,0,0,0,0
426623,ECG,11293,-84,0,0,0,0,0
426623,ECG,11294,-5,0,0,0,0,0
426623,ECG,11295,57,0,0,0,0,0
426628,ECG,11296,81,0,0,0,0,0
426628,ECG,11297,54,0,0,0,0,0
426633,ECG,11298,-18,0,0,0,0,0
426633,ECG,11299,-104,0,0,0,0,0
426633,ECG,11300,-172,0,0,0,0,0
426638,ECG,11301,-198,0,0,0,0,0
426638,ECG,11302,-178,0,0,0,0,0
426638,ECG,11303,-121,0,0,0,0,0
426643,ECG,11304,-41,0,0,0,0,0
426643,ECG,11305,32,0,0,0,0,0
426648,ECG,11306,69,0,0,0,0,0
426648,ECG,11307,54,0,0,0,0,0
426653,ECG,11308,-85,0,0,0,0,0
426653,ECG,11309,-154,0,0,0,0,0
426658,ECG,11310,-186,0,0,0,0,0
426658,ECG,11311,-175,0,0,0,0,0
426658,ECG,11312,-124,0,0,0,0,0
426663,ECG,11313,-47,0,0,0,0,0
426663,ECG,11314,27,0,0,0,0,0
426668,ECG,11315,71,0,0,0,0,0
426668,ECG,11316,67,0,0,0,0,0
426668,ECG,11317,14,0,0,0,0,0
426673,ECG,11318,-67,0,0,0,0,0
426673,ECG,11319,-140,0,0,0,0,0
426678,ECG,11320,-180,0,0,0,0,0
426678,ECG,11321,-175,0,0,0,0,0
426678,ECG,11322,-126,0,0,0,0,0
426683,ECG,11323,-48,0,0,0,0,0
426683,ECG,11324,30,0,0,0,0,0
426688,ECG,11325,88,0,0,0,0,0
426688,ECG,11326,43,0,0,0,0,0
426693,ECG,11327,-37,0,0,0,0,0
426693,ECG,11328,-111,0,0,0,0,0
426693,ECG,11329,-157,0,0,0,0,0
426698,ECG,11330,-161,0,0,0,0,0
426698,ECG,11331,-118,0,0,0,0,0
426703,ECG,11332,-49,0,0,0,0,0
426703,ECG,11333,24,0,0,0,0,0
426703,ECG,11334,74,0,0,0,0,0
426708,ECG,11335,79,0,0,0,0,0
426708,ECG,11336,30,0,0,0,0,0
426713,ECG,11337,-53,0,0,0,0,0
426713,ECG,11338,-136,0,0,0,0,0
426713,ECG,11339,-196,0,0,0,0,0
426718,ECG,11340,-210,0,0,0,0,0
426718,ECG,11341,-174,0,0,0,0,0
426723,ECG,11342,-106,0,0,0,0,0
426723,ECG,11343,-26,0,0,0,0,0
426723,ECG,11344,39,0,0,0,0,0
426728,ECG,11345,62,0,0,0,0,0
426728,ECG,11346,34,0,0,0,0,0
426733,ECG,11347,-33,0,0,0,0,0
426733,ECG,11348,-113,0,0,0,0,0
426733,ECG,11349,-170,0,0,0,0,0
426738,ECG,11350,-190,0,0,0,0,0
426738,ECG,11351,-168,0,0,0,0,0
426743,ECG,11352,-113,0,0,0,0,0
426743,ECG,11353,-41,0,0,0,0,0
426743,ECG,11354,21,0,0,0,0,0
426748,ECG,11355,46,0,0,0,0,0
426748,ECG,11356,23,0,0,0,0,0
426748,ECG,11357,-36,0,0,0,0,0
426753,ECG,11358,-112,0,0,0,0,0
426753,ECG,11359,-174,0,0,0,0,0
426758,ECG,11360,-194,0,0,0,0,0
426758,ECG,11361,-169,0,0,0,0,0
426758,ECG,11362,-113,0,0,0,0,0
426763,ECG,11363,-37,0,0,0,0,0
426763,ECG,11364,33,0,0,0,0,0
426768,ECG,11365,65,0,0,0,0,0
426768,ECG,11366,51,0,0,0,0,0
426768,ECG,11367,-10,0,0,0,0,0
426773,ECG,11368,-93,0,0,0,0,0
426773,ECG,11369,-162,0,0,0,0,0
426778,ECG,11370,-195,0,0,0,0,0
426778,ECG,11371,-183,0,0,0,0,0
426778,ECG,11372,-127,0,0,0,0,0
426783,ECG,11373,-50,0,0,0,0,0
426783,ECG,11374,24,0,0,0,0,0
426788,ECG,11375,67,0,0,0,0,0
426788,ECG,11376,60,0,0,0,0,0
426788,ECG,11377,3,0,0,0,0,0
426793,ECG,11378,-78,0,0,0,0,0
426793,ECG,11379,-153,0,0,0,0,0
426798,ECG,11380,-193,0,0,0,0,0
426798,ECG,11381,-151,0,0,0,0,0
426803,ECG,11382,-78,0,0,0,0,0
426803,ECG,11383,-1,0,0,0,0,0
426803,ECG,11384,47,0,0,0,0,0
426808,ECG,11385,51,0,0,0,0,0
426808,ECG,11386,10,0,0,0,0,0
426813,ECG,11387,-65,0,0,0,0,0
426813,ECG,11388,-136,0,0,0,0,0
426813,ECG,11389,-178,0,0,0,0,0
426818,ECG,11390,-181,0,0,0,0,0
426818,ECG,11391,-139,0,0,0,0,0
426823,ECG,11392,-68,0,0,0,0,0
426823,ECG,11393,8,0,0,0,0,0
426823,ECG,11394,63,0,0,0,0,0
426828,ECG,11395,73,0,0,0,0,0
426828,ECG,11396,28,0,0,0,0,0
426833,ECG,11397,-49,0,0,0,0,0
426833,ECG,11398,-125,0,0,0,0,0
426833,ECG,11399,-175,0,0,0,0,0
426838,ECG,11400,-180,0,0,0,0,0
426838,ECG,11401,-140,0,0,0,0,0
426843,ECG,11402,-64,0,0,0,0,0
426843,ECG,11403,22,0,0,0,0,0
426843,ECG,11404,83,0,0,0,0,0
426848,ECG,11405,96,0,0,0,0,0
426848,ECG,11406,59,0,0,0,0,0
426853,ECG,11407,-97,0,0,0,0,0
426853,ECG,11408,-155,0,0,0,0,0
426858,ECG,11409,-170,0,0,0,0,0
426858,ECG,11410,-137,0,0,0,0,0
426858,ECG,11411,-75,0,0,0,0,0
426863,ECG,11412,-1,0,0,0,0,0
426863,ECG,11413,63,0,0,0,0,0
426868,ECG,11414,87,0,0,0,0,0
426868,ECG,11415,59,0,0,0,0,0
426868,ECG,11416,-8,0,0,0,0,0
426873,ECG,11417,-85,0,0,0,0,0
426873,ECG,11418,-146,0,0,0,0,0
426878,ECG,11419,-169,0,0,0,0,0
426878,ECG,11420,-151,0,0,0,0,0
426878,ECG,11421,-98,0,0,0,0,0
426883,ECG,11422,-24,0,0,0,0,0
426883,ECG,11423,42,0,0,0,0,0
426888,ECG,11424,74,0,0,0,0,0
426888,ECG,11425,60,0,0,0,0,0
426888,ECG,11426,3,0,0,0,0,0
426893,ECG,11427,-72,0,0,0,0,0
426893,ECG,11428,-134,0,0,0,0,0
426898,ECG,11429,-163,0,0,0,0,0
426898,ECG,11430,-149,0,0,0,0,0
426898,ECG,11431,-98,0,0,0,0,0
426903,ECG,11432,-27,0,0,0,0,0
426903,ECG,11433,40,0,0,0,0,0
426908,ECG,11434,60,0,0,0,0,0
426908,ECG,11435,5,0,0,0,0,0
426913,ECG,11436,-73,0,0,0,0,0
426913,ECG,11437,-140,0,0,0,0,0
426913,ECG,11438,-172,0,0,0,0,0
426918,ECG,11439,-159,0,0,0,0,0
426918,ECG,11440,-111,0,0,0,0,0
426923,ECG,11441,-40,0,0,0,0,0
426923,ECG,11442,28,0,0,0,0,0
426923,ECG,11443,63,0,0,0,0,0
426928,ECG,11444,51,0,0,0,0,0
426928,ECG,11445,-8,0,0,0,0,0
426933,ECG,11446,-92,0,0,0,0,0
426933,ECG,11447,-164,0,0,0,0,0
426933,ECG,11448,-202,0,0,0,0,0
426938,ECG,11449,-195,0,0,0,0,0
426938,ECG,11450,-146,0,0,0,0,0
426943,ECG,11451,-70,0,0,0,0,0
426943,ECG,11452,10,0,0,0,0,0
426943,ECG,11453,64,0,0,0,0,0
426948,ECG,11454,71,0,0,0,0,0
426948,ECG,11455,28,0,0,0,0,0
426953,ECG,11456,-50,0,0,0,0,0
426953,ECG,11457,-128,0,0,0,0,0
426953,ECG,11458,-179,0,0,0,0,0
426958,ECG,11459,-187,0,0,0,0,0
426958,ECG,11460,-153,0,0,0,0,0
426963,ECG,11461,-8,0,0,0,0,0
426963,ECG,11462,48,0,0,0,0,0
426968,ECG,11463,63,0,0,0,0,0
426968,ECG,11464,24,0,0,0,0,0
426973,ECG,11465,-134,0,0,0,0,0
426973,ECG,11466,-188,0,0,0,0,0
426978,ECG,11467,-199,0,0,0,0,0
426978,ECG,11468,-163,0,0,0,0,0
426978,ECG,11469,-97,0,0,0,0,0
426983,ECG,11470,-18,0,0,0,0,0
426983,ECG,11471,43,0,0,0,0,0
426988,ECG,11472,60,0,0,0,0,0
426988,ECG,11473,22,0,0,0,0,0
426988,ECG,11474,-50,0,0,0,0,0
426993,ECG,11475,-130,0,0,0,0,0
426993,ECG,11476,-188,0,0,0,0,0
426998,ECG,11477,-201,0,0,0,0,0
426998,ECG,11478,-169,0,0,0,0,0
426998,ECG,11479,-103,0,0,0,0,0
427003,ECG,11480,-27,0,0,0,0,0
427003,ECG,11481,35,0,0,0,0,0
427008,ECG,11482,59,0,0,0,0,0
427008,ECG,11483,31,0,0,0,0,0
427008,ECG,11484,-42,0,0,0,0,0
427013,ECG,11485,-125,0,0,0,0,0
427013,ECG,11486,-189,0,0,0,0,0
427018,ECG,11487,-194,0,0,0,0,0
427018,ECG,11488,-132,0,0,0,0,0
427023,ECG,11489,-50,0,0,0,0,0
427023,ECG,11490,26,0,0,0,0,0
427028,ECG,11491,50,0,0,0,0,0
427028,ECG,11492,-6,0,0,0,0,0
427033,ECG,11493,-84,0,0,0,0,0
427033,ECG,11494,-151,0,0,0,0,0
427033,ECG,11495,-180,0,0,0,0,0
427038,ECG,11496,-166,0,0,0,0,0
427038,ECG,11497,-115,0,0,0,0,0
427043,ECG,11498,-42,0,0,0,0,0
427043,ECG,11499,26,0,0,0,0,0
427043,ECG,11500,60,0,0,0,0,0
427048,ECG,11501,46,0,0,0,0,0
427048,ECG,11502,-11,0,0,0,0,0
427053,ECG,11503,-89,0,0,0,0,0
427053,ECG,11504,-154,0,0,0,0,0
427053,ECG,11505,-186,0,0,0,0,0
427058,ECG,11506,-176,0,0,0,0,0
427058,ECG,11507,-120,0,0,0,0,0
427063,ECG,11508,-40,0,0,0,0,0
427063,ECG,11509,34,0,0,0,0,0
427063,ECG,11510,75,0,0,0,0,0
427068,ECG,11511,70,0,0,0,0,0
427068,ECG,11512,16,0,0,0,0,0
427073,ECG,11513,-144,0,0,0,0,0
427073,ECG,11514,-189,0,0,0,0,0
427078,ECG,11515,-188,0,0,0,0,0
427078,ECG,11516,-144,0,0,0,0,0
427083,ECG,11517,11,0,0,0,0,0
427083,ECG,11518,64,0,0,0,0,0
427088,ECG,11519,67,0,0,0,0,0
427088,ECG,11520,18,0,0,0,0,0
427088,ECG,11521,-61,0,0,0,0,0
427093,ECG,11522,-140,0,0,0,0,0
427093,ECG,11523,-195,0,0,0,0,0
427098,ECG,11524,-207,0,0,0,0,0
427098,ECG,11525,-170,0,0,0,0,0
427098,ECG,11526,-98,0,0,0,0,0
427103,ECG,11527,-17,0,0,0,0,0
427103,ECG,11528,46,0,0,0,0,0
427108,ECG,11529,66,0,0,0,0,0
427108,ECG,11530,33,0,0,0,0,0
427108,ECG,11531,-37,0,0,0,0,0
427113,ECG,11532,-114,0,0,0,0,0
427113,ECG,11533,-168,0,0,0,0,0
427118,ECG,11534,-177,0,0,0,0,0
427118,ECG,11535,-149,0,0,0,0,0
427118,ECG,11536,-87,0,0,0,0,0
427123,ECG,11537,-8,0,0,0,0,0
427123,ECG,11538,50,0,0,0,0,0
427128,ECG,11539,37,0,0,0,0,0
427128,ECG,11540,-30,0,0,0,0,0
427133,ECG,11541,-107,0,0,0,0,0
427133,ECG,11542,-163,0,0,0,0,0
427138,ECG,11543,-154,0,0,0,0,0
427138,ECG,11544,-92,0,0,0,0,0
427143,ECG,11545,-18,0,0,0,0,0
427143,ECG,11546,44,0,0,0,0,0
427143,ECG,11547,73,0,0,0,0,0
427194,ECG,11548,51,0,0,0,0,0
427194,ECG,11549,-14,0,0,0,0,0
427194,ECG,11550,-93,0,0,0,0,0
427194,ECG,11551,-154,0,0,0,0,0
427194,ECG,11552,-177,0,0,0,0,0
427194,ECG,11553,-160,0,0,0,0,0
427194,ECG,11554,-106,0,0,0,0,0
427194,ECG,11555,-31,0,0,0,0,0
427194,ECG,11556,36,0,0,0,0,0
427194,ECG,11557,67,0,0,0,0,0
427194,ECG,11558,48,0,0,0,0,0
427194,ECG,11559,-17,0,0,0,0,0
427194,ECG,11560,-102,0,0,0,0,0
427194,ECG,11561,-174,0,0,0,0,0
427194,ECG,11562,-208,0,0,0,0,0
427194,ECG,11563,-192,0,0,0,0,0
427194,ECG,11564,-138,0,0,0,0,0
427194,ECG,11565,-67,0,0,0,0,0
427194,ECG,11566,1,0,0,0,0,0
427194,ECG,11567,38,0,0,0,0,0
427194,ECG,11568,29,0,0,0,0,0
427194,ECG,11569,-29,0,0,0,0,0
427194,ECG,11570,-110,0,0,0,0,0
427194,ECG,11571,-181,0,0,0,0,0
427194,ECG,11572,-213,0,0,0,0,0
427194,ECG,11573,-198,0,0,0,0,0
427199,ECG,11574,-147,0,0,0,0,0
427199,ECG,11575,-69,0,0,0,0,0
427204,ECG,11576,7,0,0,0,0,0
427204,ECG,11577,52,0,0,0,0,0
427204,ECG,11578,51,0,0,0,0,0
427209,ECG,11579,-1,0,0,0,0,0
427209,ECG,11580,-83,0,0,0,0,0
427214,ECG,11581,-220,0,0,0,0,0
427214,ECG,11582,-227,0,0,0,0,0
427219,ECG,11583,-191,0,0,0,0,0
427219,ECG,11584,-123,0,0,0,0,0
427219,ECG,11585,-45,0,0,0,0,0
427224,ECG,11586,18,0,0,0,0,0
427224,ECG,11587,46,0,0,0,0,0
427229,ECG,11588,20,0,0,0,0,0
427229,ECG,11589,-43,0,0,0,0,0
427229,ECG,11590,-114,0,0,0,0,0
427234,ECG,11591,-169,0,0,0,0,0
427234,ECG,11592,-186,0,0,0,0,0
427239,ECG,11593,-161,0,0,0,0,0
427239,ECG,11594,-107,0,0,0,0,0
427239,ECG,11595,-37,0,0,0,0,0
427244,ECG,11596,23,0,0,0,0,0
427244,ECG,11597,44,0,0,0,0,0
427249,ECG,11598,17,0,0,0,0,0
427249,ECG,11599,-45,0,0,0,0,0
427249,ECG,11600,-124,0,0,0,0,0
427254,ECG,11601,-187,0,0,0,0,0
427254,ECG,11602,-207,0,0,0,0,0
427259,ECG,11603,-186,0,0,0,0,0
427259,ECG,11604,-130,0,0,0,0,0
427259,ECG,11605,-53,0,0,0,0,0
427264,ECG,11606,11,0,0,0,0,0
427264,ECG,11607,42,0,0,0,0,0
427269,ECG,11608,-46,0,0,0,0,0
427269,ECG,11609,-129,0,0,0,0,0
427274,ECG,11610,-198,0,0,0,0,0
427274,ECG,11611,-229,0,0,0,0,0
427274,ECG,11612,-216,0,0,0,0,0
427279,ECG,11613,-163,0,0,0,0,0
427279,ECG,11614,-86,0,0,0,0,0
427284,ECG,11615,-12,0,0,0,0,0
427284,ECG,11616,31,0,0,0,0,0
427284,ECG,11617,25,0,0,0,0,0
427289,ECG,11618,-28,0,0,0,0,0
427289,ECG,11619,-105,0,0,0,0,0
427294,ECG,11620,-174,0,0,0,0,0
427294,ECG,11621,-213,0,0,0,0,0
427294,ECG,11622,-207,0,0,0,0,0
427299,ECG,11623,-161,0,0,0,0,0
427299,ECG,11624,-88,0,0,0,0,0
427304,ECG,11625,-15,0,0,0,0,0
427304,ECG,11626,34,0,0,0,0,0
427304,ECG,11627,38,0,0,0,0,0
427309,ECG,11628,-9,0,0,0,0,0
427309,ECG,11629,-82,0,0,0,0,0
427314,ECG,11630,-150,0,0,0,0,0
427314,ECG,11631,-190,0,0,0,0,0
427314,ECG,11632,-188,0,0,0,0,0
427319,ECG,11633,-145,0,0,0,0,0
427319,ECG,11634,-76,0,0,0,0,0
427324,ECG,11635,42,0,0,0,0,0
427324,ECG,11636,44,0,0,0,0,0
427329,ECG,11637,-2,0,0,0,0,0
427329,ECG,11638,-78,0,0,0,0,0
427334,ECG,11639,-195,0,0,0,0,0
427334,ECG,11640,-192,0,0,0,0,0
427339,ECG,11641,-152,0,0,0,0,0
427339,ECG,11642,-80,0,0,0,0,0
427339,ECG,11643,1,0,0,0,0,0
427344,ECG,11644,56,0,0,0,0,0
427344,ECG,11645,71,0,0,0,0,0
427349,ECG,11646,36,0,0,0,0,0
427349,ECG,11647,-34,0,0,0,0,0
427349,ECG,11648,-108,0,0,0,0,0
427354,ECG,11649,-159,0,0,0,0,0
427354,ECG,11650,-167,0,0,0,0,0
427359,ECG,11651,-132,0,0,0,0,0
427359,ECG,11652,-67,0,0,0,0,0
427359,ECG,11653,10,0,0,0,0,0
427364,ECG,11654,69,0,0,0,0,0
427364,ECG,11655,87,0,0,0,0,0
427369,ECG,11656,53,0,0,0,0,0
427369,ECG,11657,-19,0,0,0,0,0
427369,ECG,11658,-102,0,0,0,0,0
427374,ECG,11659,-163,0,0,0,0,0
427374,ECG,11660,-182,0,0,0,0,0
427379,ECG,11661,-100,0,0,0,0,0
427379,ECG,11662,-24,0,0,0,0,0
427384,ECG,11663,40,0,0,0,0,0
427384,ECG,11664,69,0,0,0,0,0
427389,ECG,11665,-23,0,0,0,0,0
427389,ECG,11666,-102,0,0,0,0,0
427394,ECG,11667,-169,0,0,0,0,0
427394,ECG,11668,-199,0,0,0,0,0
427394,ECG,11669,-186,0,0,0,0,0
427399,ECG,11670,-141,0,0,0,0,0
427399,ECG,11671,-73,0,0,0,0,0
427404,ECG,11672,-6,0,0,0,0,0
427404,ECG,11673,27,0,0,0,0,0
427404,ECG,11674,14,0,0,0,0,0
427409,ECG,11675,-40,0,0,0,0,0
427409,ECG,11676,-113,0,0,0,0,0
427414,ECG,11677,-177,0,0,0,0,0
427414,ECG,11678,-205,0,0,0,0,0
427414,ECG,11679,-192,0,0,0,0,0
427419,ECG,11680,-143,0,0,0,0,0
427419,ECG,11681,-69,0,0,0,0,0
427424,ECG,11682,1,0,0,0,0,0
427424,ECG,11683,43,0,0,0,0,0
427424,ECG,11684,39,0,0,0,0,0
427429,ECG,11685,-15,0,0,0,0,0
427429,ECG,11686,-93,0,0,0,0,0
427434,ECG,11687,-197,0,0,0,0,0
427434,ECG,11688,-187,0,0,0,0,0
427439,ECG,11689,-138,0,0,0,0,0
427439,ECG,11690,-63,0,0,0,0,0
427444,ECG,11691,61,0,0,0,0,0
427444,ECG,11692,59,0,0,0,0,0
427449,ECG,11693,6,0,0,0,0,0
427449,ECG,11694,-76,0,0,0,0,0
427449,ECG,11695,-156,0,0,0,0,0
427454,ECG,11696,-204,0,0,0,0,0
427454,ECG,11697,-207,0,0,0,0,0
427459,ECG,11698,-167,0,0,0,0,0
427459,ECG,11699,-94,0,0,0,0,0
427459,ECG,11700,-17,0,0,0,0,0
427464,ECG,11701,37,0,0,0,0,0
427464,ECG,11702,50,0,0,0,0,0
427469,ECG,11703,7,0,0,0,0,0
427469,ECG,11704,-68,0,0,0,0,0
427469,ECG,11705,-144,0,0,0,0,0
427474,ECG,11706,-196,0,0,0,0,0
427474,ECG,11707,-205,0,0,0,0,0
427479,ECG,11708,-171,0,0,0,0,0
427479,ECG,11709,-106,0,0,0,0,0
427479,ECG,11710,-32,0,0,0,0,0
427484,ECG,11711,25,0,0,0,0,0
427484,ECG,11712,40,0,0,0,0,0
427484,ECG,11713,4,0,0,0,0,0
427489,ECG,11714,-68,0,0,0,0,0
427489,ECG,11715,-144,0,0,0,0,0
427494,ECG,11716,-196,0,0,0,0,0
427494,ECG,11717,-208,0,0,0,0,0
427494,ECG,11718,-176,0,0,0,0,0
427499,ECG,11719,-113,0,0,0,0,0
427499,ECG,11720,-34,0,0,0,0,0
427504,ECG,11721,31,0,0,0,0,0
427504,ECG,11722,58,0,0,0,0,0
427504,ECG,11723,36,0,0,0,0,0
427509,ECG,11724,-28,0,0,0,0,0
427509,ECG,11725,-106,0,0,0,0,0
427514,ECG,11726,-165,0,0,0,0,0
427514,ECG,11727,-184,0,0,0,0,0
427514,ECG,11728,-162,0,0,0,0,0
427519,ECG,11729,-107,0,0,0,0,0
427519,ECG,11730,-29,0,0,0,0,0
427524,ECG,11731,40,0,0,0,0,0
427524,ECG,11732,72,0,0,0,0,0
427524,ECG,11733,55,0,0,0,0,0
427529,ECG,11734,-10,0,0,0,0,0
427529,ECG,11735,-95,0,0,0,0,0
427534,ECG,11736,-202,0,0,0,0,0
427534,ECG,11737,-189,0,0,0,0,0
427539,ECG,11738,-139,0,0,0,0,0
427539,ECG,11739,-65,0,0,0,0,0
427539,ECG,11740,6,0,0,0,0,0
427544,ECG,11741,49,0,0,0,0,0
427544,ECG,11742,40,0,0,0,0,0
427549,ECG,11743,-21,0,0,0,0,0
427549,ECG,11744,-100,0,0,0,0,0
427549,ECG,11745,-166,0,0,0,0,0
427554,ECG,11746,-202,0,0,0,0,0
427554,ECG,11747,-191,0,0,0,0,0
427559,ECG,11748,-139,0,0,0,0,0
427559,ECG,11749,-69,0,0,0,0,0
427559,ECG,11750,1,0,0,0,0,0
427564,ECG,11751,46,0,0,0,0,0
427564,ECG,11752,42,0,0,0,0,0
427569,ECG,11753,-10,0,0,0,0,0
427569,ECG,11754,-89,0,0,0,0,0
427569,ECG,11755,-164,0,0,0,0,0
427574,ECG,11756,-205,0,0,0,0,0
427574,ECG,11757,-202,0,0,0,0,0
427579,ECG,11758,-164,0,0,0,0,0
427579,ECG,11759,-95,0,0,0,0,0
427579,ECG,11760,-16,0,0,0,0,0
427584,ECG,11761,36,0,0,0,0,0
427584,ECG,11762,47,0,0,0,0,0
427589,ECG,11763,-63,0,0,0,0,0
427589,ECG,11764,-139,0,0,0,0,0
427594,ECG,11765,-190,0,0,0,0,0
427594,ECG,11766,-198,0,0,0,0,0
427599,ECG,11767,-98,0,0,0,0,0
427599,ECG,11768,-23,0,0,0,0,0
427604,ECG,11769,34,0,0,0,0,0
427604,ECG,11770,50,0,0,0,0,0
427604,ECG,11771,12,0,0,0,0,0
427609,ECG,11772,-60,0,0,0,0,0
427609,ECG,11773,-138,0,0,0,0,0
427614,ECG,11774,-193,0,0,0,0,0
427614,ECG,11775,-205,0,0,0,0,0
427614,ECG,11776,-173,0,0,0,0,0
427619,ECG,11777,-107,0,0,0,0,0
427619,ECG,11778,-26,0,0,0,0,0
427624,ECG,11779,37,0,0,0,0,0
427624,ECG,11780,60,0,0,0,0,0
427624,ECG,11781,31,0,0,0,0,0
427629,ECG,11782,-39,0,0,0,0,0
427629,ECG,11783,-118,0,0,0,0,0
427634,ECG,11784,-176,0,0,0,0,0
427634,ECG,11785,-196,0,0,0,0,0
427634,ECG,11786,-174,0,0,0,0,0
427639,ECG,11787,-118,0,0,0,0,0
427639,ECG,11788,-48,0,0,0,0,0
427644,ECG,11789,36,0,0,0,0,0
427644,ECG,11790,10,0,0,0,0,0
427649,ECG,11791,-56,0,0,0,0,0
427649,ECG,11792,-132,0,0,0,0,0
427654,ECG,11793,-207,0,0,0,0,0
427654,ECG,11794,-179,0,0,0,0,0
427659,ECG,11795,-118,0,0,0,0,0
427659,ECG,11796,-40,0,0,0,0,0
427659,ECG,11797,27,0,0,0,0,0
427664,ECG,11798,59,0,0,0,0,0
427664,ECG,11799,43,0,0,0,0,0
427669,ECG,11800,-18,0,0,0,0,0
427669,ECG,11801,-98,0,0,0,0,0
427669,ECG,11802,-166,0,0,0,0,0
427674,ECG,11803,-194,0,0,0,0,0
427674,ECG,11804,-177,0,0,0,0,0
427679,ECG,11805,-123,0,0,0,0,0
427679,ECG,11806,-47,0,0,0,0,0
427679,ECG,11807,27,0,0,0,0,0
427684,ECG,11808,68,0,0,0,0,0
427684,ECG,11809,56,0,0,0,0,0
427689,ECG,11810,-4,0,0,0,0,0
427689,ECG,11811,-84,0,0,0,0,0
427689,ECG,11812,-158,0,0,0,0,0
427694,ECG,11813,-199,0,0,0,0,0
427694,ECG,11814,-193,0,0,0,0,0
427699,ECG,11815,-69,0,0,0,0,0
427699,ECG,11816,6,0,0,0,0,0
427704,ECG,11817,54,0,0,0,0,0
427704,ECG,11818,58,0,0,0,0,0
427709,ECG,11819,-73,0,0,0,0,0
427709,ECG,11820,-146,0,0,0,0,0
427714,ECG,11821,-189,0,0,0,0,0
427714,ECG,11822,-191,0,0,0,0,0
427714,ECG,11823,-150,0,0,0,0,0
427719,ECG,11824,-84,0,0,0,0,0
427719,ECG,11825,-10,0,0,0,0,0
427724,ECG,11826,41,0,0,0,0,0
427724,ECG,11827,48,0,0,0,0,0
427724,ECG,11828,8,0,0,0,0,0
427729,ECG,11829,-65,0,0,0,0,0
427729,ECG,11830,-146,0,0,0,0,0
427734,ECG,11831,-201,0,0,0,0,0
427734,ECG,11832,-209,0,0,0,0,0
427734,ECG,11833,-177,0,0,0,0,0
427739,ECG,11834,-114,0,0,0,0,0
427739,ECG,11835,-34,0,0,0,0,0
427744,ECG,11836,28,0,0,0,0,0
427744,ECG,11837,51,0,0,0,0,0
427744,ECG,11838,22,0,0,0,0,0
427749,ECG,11839,-45,0,0,0,0,0
427749,ECG,11840,-118,0,0,0,0,0
427749,ECG,11841,-172,0,0,0,0,0
427754,ECG,11842,-184,0,0,0,0,0
427754,ECG,11843,-149,0,0,0,0,0
427759,ECG,11844,-83,0,0,0,0,0
427759,ECG,11845,-3,0,0,0,0,0
427764,ECG,11846,85,0,0,0,0,0
427764,ECG,11847,55,0,0,0,0,0
427769,ECG,11848,-18,0,0,0,0,0
427769,ECG,11849,-104,0,0,0,0,0
427769,ECG,11850,-169,0,0,0,0,0
427774,ECG,11851,-192,0,0,0,0,0
427774,ECG,11852,-174,0,0,0,0,0
427779,ECG,11853,-117,0,0,0,0,0
427779,ECG,11854,-41,0,0,0,0,0
427779,ECG,11855,22,0,0,0,0,0
427784,ECG,11856,52,0,0,0,0,0
427784,ECG,11857,35,0,0,0,0,0
427789,ECG,11858,-28,0,0,0,0,0
427789,ECG,11859,-107,0,0,0,0,0
427789,ECG,11860,-171,0,0,0,0,0
427794,ECG,11861,-200,0,0,0,0,0
427794,ECG,11862,-183,0,0,0,0,0
427799,ECG,11863,-128,0,0,0,0,0
427799,ECG,11864,-55,0,0,0,0,0
427799,ECG,11865,19,0,0,0,0,0
427804,ECG,11866,61,0,0,0,0,0
427804,ECG,11867,50,0,0,0,0,0
427804,ECG,11868,-5,0,0,0,0,0
427809,ECG,11869,-82,0,0,0,0,0
427809,ECG,11870,-151,0,0,0,0,0
427814,ECG,11871,-184,0,0,0,0,0
427814,ECG,11872,-174,0,0,0,0,0
427819,ECG,11873,-46,0,0,0,0,0
427819,ECG,11874,29,0,0,0,0,0
427824,ECG,11875,73,0,0,0,0,0
427824,ECG,11876,69,0,0,0,0,0
427824,ECG,11877,16,0,0,0,0,0
427829,ECG,11878,-65,0,0,0,0,0
427829,ECG,11879,-144,0,0,0,0,0
427834,ECG,11880,-189,0,0,0,0,0
427834,ECG,11881,-189,0,0,0,0,0
427834,ECG,11882,-148,0,0,0,0,0
427839,ECG,11883,-77,0,0,0,0,0
427839,ECG,11884,3,0,0,0,0,0
427844,ECG,11885,56,0,0,0,0,0
427844,ECG,11886,63,0,0,0,0,0
427844,ECG,11887,20,0,0,0,0,0
427849,ECG,11888,-56,0,0,0,0,0
427849,ECG,11889,-135,0,0,0,0,0
427854,ECG,11890,-201,0,0,0,0,0
427854,ECG,11891,-169,0,0,0,0,0
427859,ECG,11892,-102,0,0,0,0,0
427859,ECG,11893,-27,0,0,0,0,0
427859,ECG,11894,29,0,0,0,0,0
427864,ECG,11895,49,0,0,0,0,0
427864,ECG,11896,18,0,0,0,0,0
427869,ECG,11897,-50,0,0,0,0,0
427869,ECG,11898,-120,0,0,0,0,0
427874,ECG,11899,-180,0,0,0,0,0
427874,ECG,11900,-148,0,0,0,0,0
427879,ECG,11901,-87,0,0,0,0,0
427879,ECG,11902,-13,0,0,0,0,0
427879,ECG,11903,46,0,0,0,0,0
427884,ECG,11904,63,0,0,0,0,0
427884,ECG,11905,28,0,0,0,0,0
427889,ECG,11906,-41,0,0,0,0,0
427889,ECG,11907,-117,0,0,0,0,0
427889,ECG,11908,-175,0,0,0,0,0
427894,ECG,11909,-191,0,0,0,0,0
427894,ECG,11910,-162,0,0,0,0,0
427899,ECG,11911,-99,0,0,0,0,0
427899,ECG,11912,-22,0,0,0,0,0
427899,ECG,11913,42,0,0,0,0,0
427904,ECG,11914,65,0,0,0,0,0
427904,ECG,11915,34,0,0,0,0,0
427909,ECG,11916,-39,0,0,0,0,0
427909,ECG,11917,-128,0,0,0,0,0
427909,ECG,11918,-197,0,0,0,0,0
427914,ECG,11919,-222,0,0,0,0,0
427914,ECG,11920,-200,0,0,0,0,0
427914,ECG,11921,-141,0,0,0,0,0
427919,ECG,11922,-57,0,0,0,0,0
427919,ECG,11923,18,0,0,0,0,0
427924,ECG,11924,57,0,0,0,0,0
427924,ECG,11925,48,0,0,0,0,0
427929,ECG,11926,-94,0,0,0,0,0
427929,ECG,11927,-160,0,0,0,0,0
427934,ECG,11928,-189,0,0,0,0,0
427934,ECG,11929,-175,0,0,0,0,0
427934,ECG,11930,-120,0,0,0,0,0
427939,ECG,11931,-43,0,0,0,0,0
427939,ECG,11932,29,0,0,0,0,0
427944,ECG,11933,67,0,0,0,0,0
427944,ECG,11934,58,0,0,0,0,0
427944,ECG,11935,2,0,0,0,0,0
427949,ECG,11936,-80,0,0,0,0,0
427949,ECG,11937,-154,0,0,0,0,0
427954,ECG,11938,-193,0,0,0,0,0
427954,ECG,11939,-186,0,0,0,0,0
427954,ECG,11940,-138,0,0,0,0,0
427959,ECG,11941,-68,0,0,0,0,0
427959,ECG,11942,6,0,0,0,0,0
427964,ECG,11943,54,0,0,0,0,0
427964,ECG,11944,53,0,0,0,0,0
427964,ECG,11945,3,0,0,0,0,0
427969,ECG,11946,-73,0,0,0,0,0
427969,ECG,11947,-145,0,0,0,0,0
427969,ECG,11948,-190,0,0,0,0,0
427974,ECG,11949,-190,0,0,0,0,0
427974,ECG,11950,-146,0,0,0,0,0
427979,ECG,11951,-76,0,0,0,0,0
427979,ECG,11952,0,0,0,0,0,0
427984,ECG,11953,65,0,0,0,0,0
427984,ECG,11954,22,0,0,0,0,0
427989,ECG,11955,-55,0,0,0,0,0
427989,ECG,11956,-135,0,0,0,0,0
427989,ECG,11957,-188,0,0,0,0,0
427994,ECG,11958,-197,0,0,0,0,0
427994,ECG,11959,-165,0,0,0,0,0
427999,ECG,11960,-99,0,0,0,0,0
427999,ECG,11961,-22,0,0,0,0,0
427999,ECG,11962,36,0,0,0,0,0
428004,ECG,11963,55,0,0,0,0,0
428004,ECG,11964,26,0,0,0,0,0
428009,ECG,11965,-43,0,0,0,0,0
428009,ECG,11966,-120,0,0,0,0,0
428009,ECG,11967,-172,0,0,0,0,0
428014,ECG,11968,-185,0,0,0,0,0
428014,ECG,11969,-155,0,0,0,0,0
428019,ECG,11970,-91,0,0,0,0,0
428019,ECG,11971,-16,0,0,0,0,0
428019,ECG,11972,45,0,0,0,0,0
428024,ECG,11973,66,0,0,0,0,0
428024,ECG,11974,36,0,0,0,0,0
428024,ECG,11975,-34,0,0,0,0,0
428029,ECG,11976,-116,0,0,0,0,0
428029,ECG,11977,-178,0,0,0,0,0
428034,ECG,11978,-200,0,0,0,0,0
428034,ECG,11979,-174,0,0,0,0,0
428034,ECG,11980,-113,0,0,0,0,0
428039,ECG,11981,-36,0,0,0,0,0
428039,ECG,11982,35,0,0,0,0,0
428044,ECG,11983,69,0,0,0,0,0
428044,ECG,11984,50,0,0,0,0,0
428044,ECG,11985,-11,0,0,0,0,0
428049,ECG,11986,-88,0,0,0,0,0
428049,ECG,11987,-153,0,0,0,0,0
428054,ECG,11988,-183,0,0,0,0,0
428054,ECG,11989,-170,0,0,0,0,0
428054,ECG,11990,-118,0,0,0,0,0
428059,ECG,11991,-45,0,0,0,0,0
428059,ECG,11992,24,0,0,0,0,0
428064,ECG,11993,64,0,0,0,0,0
428064,ECG,11994,53,0,0,0,0,0
428064,ECG,11995,-6,0,0,0,0,0
428069,ECG,11996,-85,0,0,0,0,0
428069,ECG,11997,-158,0,0,0,0,0
428074,ECG,11998,-197,0,0,0,0,0
428074,ECG,11999,-154,0,0,0,0,0
428079,ECG,12000,-82,0,0,0,0,0
428079,ECG,12001,-5,0,0,0,0,0
428084,ECG,12002,49,0,0,0,0,0
428084,ECG,12003,6,0,0,0,0,0
428089,ECG,12004,-70,0,0,0,0,0
428089,ECG,12005,-142,0,0,0,0,0
428089,ECG,12006,-181,0,0,0,0,0
428094,ECG,12007,-183,0,0,0,0,0
428094,ECG,12008,-145,0,0,0,0,0
428099,ECG,12009,-74,0,0,0,0,0
428099,ECG,12010,0,0,0,0,0,0
428099,ECG,12011,48,0,0,0,0,0
428104,ECG,12012,53,0,0,0,0,0
428104,ECG,12013,11,0,0,0,0,0
428109,ECG,12014,-64,0,0,0,0,0
428109,ECG,12015,-139,0,0,0,0,0
428109,ECG,12016,-185,0,0,0,0,0
428114,ECG,12017,-188,0,0,0,0,0
428114,ECG,12018,-149,0,0,0,0,0
428119,ECG,12019,-83,0,0,0,0,0
428119,ECG,12020,-8,0,0,0,0,0
428119,ECG,12021,47,0,0,0,0,0
428124,ECG,12022,58,0,0,0,0,0
428124,ECG,12023,17,0,0,0,0,0
428129,ECG,12024,-130,0,0,0,0,0
428129,ECG,12025,-181,0,0,0,0,0
428134,ECG,12026,-191,0,0,0,0,0
428134,ECG,12027,-154,0,0,0,0,0
428139,ECG,12028,-4,0,0,0,0,0
428139,ECG,12029,60,0,0,0,0,0
428144,ECG,12030,82,0,0,0,0,0
428144,ECG,12031,48,0,0,0,0,0
428144,ECG,12032,-25,0,0,0,0,0
428149,ECG,12033,-109,0,0,0,0,0
428149,ECG,12034,-178,0,0,0,0,0
428154,ECG,12035,-204,0,0,0,0,0
428154,ECG,12036,-183,0,0,0,0,0
428154,ECG,12037,-128,0,0,0,0,0
428159,ECG,12038,-51,0,0,0,0,0
428159,ECG,12039,17,0,0,0,0,0
428164,ECG,12040,48,0,0,0,0,0
428164,ECG,12041,29,0,0,0,0,0
428164,ECG,12042,-31,0,0,0,0,0
428169,ECG,12043,-111,0,0,0,0,0
428169,ECG,12044,-172,0,0,0,0,0
428174,ECG,12045,-193,0,0,0,0,0
428174,ECG,12046,-177,0,0,0,0,0
428174,ECG,12047,-122,0,0,0,0,0
428225,ECG,12048,-45,0,0,0,0,0
428225,ECG,12049,24,0,0,0,0,0
428225,ECG,12050,59,0,0,0,0,0
428225,ECG,12051,43,0,0,0,0,0
428225,ECG,12052,-22,0,0,0,0,0
428225,ECG,12053,-105,0,0,0,0,0
428225,ECG,12054,-178,0,0,0,0,0
428225,ECG,12055,-214,0,0,0,0,0
428225,ECG,12056,-201,0,0,0,0,0
428225,ECG,12057,-146,0,0,0,0,0
428225,ECG,12058,-66,0,0,0,0,0
428225,ECG,12059,13,0,0,0,0,0
428225,ECG,12060,60,0,0,0,0,0
428225,ECG,12061,55,0,0,0,0,0
428225,ECG,12062,-1,0,0,0,0,0
428225,ECG,12063,-82,0,0,0,0,0
428225,ECG,12064,-160,0,0,0,0,0
428225,ECG,12065,-206,0,0,0,0,0
428225,ECG,12066,-203,0,0,0,0,0
428225,ECG,12067,-162,0,0,0,0,0
428225,ECG,12068,-97,0,0,0,0,0
428225,ECG,12069,-28,0,0,0,0,0
428225,ECG,12070,14,0,0,0,0,0
428225,ECG,12071,13,0,0,0,0,0
428225,ECG,12072,-35,0,0,0,0,0
428225,ECG,12073,-111,0,0,0,0,0
428230,ECG,12074,-183,0,0,0,0,0
428230,ECG,12075,-225,0,0,0,0,0
428230,ECG,12076,-226,0,0,0,0,0
428235,ECG,12077,-186,0,0,0,0,0
428235,ECG,12078,-115,0,0,0,0,0
428240,ECG,12079,-41,0,0,0,0,0
428240,ECG,12080,15,0,0,0,0,0
428240,ECG,12081,30,0,0,0,0,0
428245,ECG,12082,-8,0,0,0,0,0
428245,ECG,12083,-80,0,0,0,0,0
428250,ECG,12084,-160,0,0,0,0,0
428250,ECG,12085,-218,0,0,0,0,0
428250,ECG,12086,-229,0,0,0,0,0
428255,ECG,12087,-193,0,0,0,0,0
428255,ECG,12088,-119,0,0,0,0,0
428260,ECG,12089,-29,0,0,0,0,0
428260,ECG,12090,43,0,0,0,0,0
428260,ECG,12091,70,0,0,0,0,0
428265,ECG,12092,42,0,0,0,0,0
428265,ECG,12093,-29,0,0,0,0,0
428270,ECG,12094,-115,0,0,0,0,0
428270,ECG,12095,-184,0,0,0,0,0
428270,ECG,12096,-209,0,0,0,0,0
428275,ECG,12097,-187,0,0,0,0,0
428275,ECG,12098,-126,0,0,0,0,0
428275,ECG,12099,-46,0,0,0,0,0
428280,ECG,12100,21,0,0,0,0,0
428280,ECG,12101,51,0,0,0,0,0
428285,ECG,12102,28,0,0,0,0,0
428285,ECG,12103,-37,0,0,0,0,0
428285,ECG,12104,-118,0,0,0,0,0
428290,ECG,12105,-184,0,0,0,0,0
428290,ECG,12106,-214,0,0,0,0,0
428295,ECG,12107,-199,0,0,0,0,0
428295,ECG,12108,-147,0,0,0,0,0
428295,ECG,12109,-75,0,0,0,0,0
428300,ECG,12110,-8,0,0,0,0,0
428300,ECG,12111,26,0,0,0,0,0
428305,ECG,12112,14,0,0,0,0,0
428305,ECG,12113,-39,0,0,0,0,0
428305,ECG,12114,-111,0,0,0,0,0
428310,ECG,12115,-172,0,0,0,0,0
428310,ECG,12116,-197,0,0,0,0,0
428315,ECG,12117,-181,0,0,0,0,0
428315,ECG,12118,-127,0,0,0,0,0
428315,ECG,12119,-52,0,0,0,0,0
428320,ECG,12120,15,0,0,0,0,0
428320,ECG,12121,53,0,0,0,0,0
428325,ECG,12122,-15,0,0,0,0,0
428325,ECG,12123,-95,0,0,0,0,0
428330,ECG,12124,-166,0,0,0,0,0
428330,ECG,12125,-205,0,0,0,0,0
428330,ECG,12126,-201,0,0,0,0,0
428335,ECG,12127,-156,0,0,0,0,0
428335,ECG,12128,-85,0,0,0,0,0
428340,ECG,12129,-11,0,0,0,0,0
428340,ECG,12130,34,0,0,0,0,0
428340,ECG,12131,35,0,0,0,0,0
428345,ECG,12132,-13,0,0,0,0,0
428345,ECG,12133,-93,0,0,0,0,0
428350,ECG,12134,-171,0,0,0,0,0
428350,ECG,12135,-220,0,0,0,0,0
428350,ECG,12136,-225,0,0,0,0,0
428355,ECG,12137,-187,0,0,0,0,0
428355,ECG,12138,-118,0,0,0,0,0
428360,ECG,12139,-40,0,0,0,0,0
428360,ECG,12140,19,0,0,0,0,0
428360,ECG,12141,36,0,0,0,0,0
428365,ECG,12142,1,0,0,0,0,0
428365,ECG,12143,-65,0,0,0,0,0
428370,ECG,12144,-140,0,0,0,0,0
428370,ECG,12145,-193,0,0,0,0,0
428370,ECG,12146,-200,0,0,0,0,0
428375,ECG,12147,-167,0,0,0,0,0
428375,ECG,12148,-104,0,0,0,0,0
428380,ECG,12149,-27,0,0,0,0,0
428380,ECG,12150,27,0,0,0,0,0
428380,ECG,12151,40,0,0,0,0,0
428385,ECG,12152,2,0,0,0,0,0
428385,ECG,12153,-71,0,0,0,0,0
428385,ECG,12154,-152,0,0,0,0,0
428390,ECG,12155,-207,0,0,0,0,0
428390,ECG,12156,-217,0,0,0,0,0
428395,ECG,12157,-183,0,0,0,0,0
428395,ECG,12158,-115,0,0,0,0,0
428395,ECG,12159,-37,0,0,0,0,0
428400,ECG,12160,24,0,0,0,0,0
428400,ECG,12161,48,0,0,0,0,0
428405,ECG,12162,15,0,0,0,0,0
428405,ECG,12163,-58,0,0,0,0,0
428405,ECG,12164,-136,0,0,0,0,0
428410,ECG,12165,-193,0,0,0,0,0
428410,ECG,12166,-210,0,0,0,0,0
428415,ECG,12167,-181,0,0,0,0,0
428415,ECG,12168,-116,0,0,0,0,0
428415,ECG,12169,-34,0,0,0,0,0
428420,ECG,12170,34,0,0,0,0,0
428420,ECG,12171,67,0,0,0,0,0
428425,ECG,12172,51,0,0,0,0,0
428425,ECG,12173,-11,0,0,0,0,0
428425,ECG,12174,-92,0,0,0,0,0
428430,ECG,12175,-158,0,0,0,0,0
428430,ECG,12176,-188,0,0,0,0,0
428435,ECG,12177,-127,0,0,0,0,0
428435,ECG,12178,-54,0,0,0,0,0
428440,ECG,12179,15,0,0,0,0,0
428440,ECG,12180,55,0,0,0,0,0
428440,ECG,12181,46,0,0,0,0,0
428445,ECG,12182,-7,0,0,0,0,0
428445,ECG,12183,-82,0,0,0,0,0
428450,ECG,12184,-152,0,0,0,0,0
428450,ECG,12185,-187,0,0,0,0,0
428450,ECG,12186,-176,0,0,0,0,0
428455,ECG,12187,-130,0,0,0,0,0
428455,ECG,12188,-59,0,0,0,0,0
428460,ECG,12189,13,0,0,0,0,0
428460,ECG,12190,56,0,0,0,0,0
428460,ECG,12191,48,0,0,0,0,0
428465,ECG,12192,-8,0,0,0,0,0
428465,ECG,12193,-90,0,0,0,0,0
428470,ECG,12194,-164,0,0,0,0,0
428470,ECG,12195,-204,0,0,0,0,0
428470,ECG,12196,-194,0,0,0,0,0
428475,ECG,12197,-143,0,0,0,0,0
428475,ECG,12198,-64,0,0,0,0,0
428480,ECG,12199,13,0,0,0,0,0
428480,ECG,12200,60,0,0,0,0,0
428480,ECG,12201,59,0,0,0,0,0
428485,ECG,12202,6,0,0,0,0,0
428485,ECG,12203,-77,0,0,0,0,0
428490,ECG,12204,-206,0,0,0,0,0
428490,ECG,12205,-205,0,0,0,0,0
428495,ECG,12206,-161,0,0,0,0,0
428495,ECG,12207,-86,0,0,0,0,0
428500,ECG,12208,52,0,0,0,0,0
428500,ECG,12209,64,0,0,0,0,0
428505,ECG,12210,24,0,0,0,0,0
428505,ECG,12211,-53,0,0,0,0,0
428505,ECG,12212,-135,0,0,0,0,0
428510,ECG,12213,-195,0,0,0,0,0
428510,ECG,12214,-215,0,0,0,0,0
428515,ECG,12215,-189,0,0,0,0,0
428515,ECG,12216,-127,0,0,0,0,0
428515,ECG,12217,-51,0,0,0,0,0
428520,ECG,12218,9,0,0,0,0,0
428520,ECG,12219,36,0,0,0,0,0
428525,ECG,12220,10,0,0,0,0,0
428525,ECG,12221,-52,0,0,0,0,0
428525,ECG,12222,-125,0,0,0,0,0
428530,ECG,12223,-183,0,0,0,0,0
428530,ECG,12224,-200,0,0,0,0,0
428535,ECG,12225,-174,0,0,0,0,0
428535,ECG,12226,-118,0,0,0,0,0
428535,ECG,12227,-43,0,0,0,0,0
428540,ECG,12228,21,0,0,0,0,0
428540,ECG,12229,44,0,0,0,0,0
428545,ECG,12230,-47,0,0,0,0,0
428545,ECG,12231,-127,0,0,0,0,0
428550,ECG,12232,-189,0,0,0,0,0
428550,ECG,12233,-215,0,0,0,0,0
428555,ECG,12234,-137,0,0,0,0,0
428555,ECG,12235,-56,0,0,0,0,0
428560,ECG,12236,15,0,0,0,0,0
428560,ECG,12237,54,0,0,0,0,0
428560,ECG,12238,46,0,0,0,0,0
428565,ECG,12239,-12,0,0,0,0,0
428565,ECG,12240,-93,0,0,0,0,0
428570,ECG,12241,-160,0,0,0,0,0
428570,ECG,12242,-195,0,0,0,0,0
428570,ECG,12243,-186,0,0,0,0,0
428575,ECG,12244,-139,0,0,0,0,0
428575,ECG,12245,-64,0,0,0,0,0
428580,ECG,12246,9,0,0,0,0,0
428580,ECG,12247,54,0,0,0,0,0
428580,ECG,12248,54,0,0,0,0,0
428585,ECG,12249,5,0,0,0,0,0
428585,ECG,12250,-67,0,0,0,0,0
428590,ECG,12251,-133,0,0,0,0,0
428590,ECG,12252,-174,0,0,0,0,0
428590,ECG,12253,-171,0,0,0,0,0
428595,ECG,12254,-131,0,0,0,0,0
428595,ECG,12255,-69,0,0,0,0,0
428600,ECG,12256,37,0,0,0,0,0
428600,ECG,12257,33,0,0,0,0,0
428605,ECG,12258,-15,0,0,0,0,0
428605,ECG,12259,-84,0,0,0,0,0
428610,ECG,12260,-191,0,0,0,0,0
428610,ECG,12261,-187,0,0,0,0,0
428615,ECG,12262,-148,0,0,0,0,0
428615,ECG,12263,-79,0,0,0,0,0
428615,ECG,12264,-4,0,0,0,0,0
428620,ECG,12265,46,0,0,0,0,0
428620,ECG,12266,55,0,0,0,0,0
428625,ECG,12267,17,0,0,0,0,0
428625,ECG,12268,-54,0,0,0,0,0
428625,ECG,12269,-129,0,0,0,0,0
428630,ECG,12270,-176,0,0,0,0,0
428630,ECG,12271,-181,0,0,0,0,0
428635,ECG,12272,-149,0,0,0,0,0
428635,ECG,12273,-85,0,0,0,0,0
428635,ECG,12274,-7,0,0,0,0,0
428640,ECG,12275,50,0,0,0,0,0
428640,ECG,12276,68,0,0,0,0,0
428645,ECG,12277,34,0,0,0,0,0
428645,ECG,12278,-39,0,0,0,0,0
428645,ECG,12279,-119,0,0,0,0,0
428650,ECG,12280,-177,0,0,0,0,0
428650,ECG,12281,-194,0,0,0,0,0
428655,ECG,12282,-101,0,0,0,0,0
428655,ECG,12283,-20,0,0,0,0,0
428660,ECG,12284,47,0,0,0,0,0
428660,ECG,12285,77,0,0,0,0,0
428665,ECG,12286,-18,0,0,0,0,0
428665,ECG,12287,-100,0,0,0,0,0
428670,ECG,12288,-166,0,0,0,0,0
428670,ECG,12289,-193,0,0,0,0,0
428670,ECG,12290,-174,0,0,0,0,0
428675,ECG,12291,-118,0,0,0,0,0
428675,ECG,12292,-43,0,0,0,0,0
428680,ECG,12293,26,0,0,0,0,0
428680,ECG,12294,58,0,0,0,0,0
428680,ECG,12295,37,0,0,0,0,0
428685,ECG,12296,-25,0,0,0,0,0
428685,ECG,12297,-104,0,0,0,0,0
428690,ECG,12298,-170,0,0,0,0,0
428690,ECG,12299,-197,0,0,0,0,0
428690,ECG,12300,-178,0,0,0,0,0
428695,ECG,12301,-125,0,0,0,0,0
428695,ECG,12302,-48,0,0,0,0,0
428700,ECG,12303,22,0,0,0,0,0
428700,ECG,12304,60,0,0,0,0,0
428700,ECG,12305,46,0,0,0,0,0
428705,ECG,12306,-18,0,0,0,0,0
428705,ECG,12307,-101,0,0,0,0,0
428710,ECG,12308,-208,0,0,0,0,0
428710,ECG,12309,-200,0,0,0,0,0
428715,ECG,12310,-152,0,0,0,0,0
428715,ECG,12311,-79,0,0,0,0,0
428720,ECG,12312,43,0,0,0,0,0
428720,ECG,12313,41,0,0,0,0,0
428725,ECG,12314,-10,0,0,0,0,0
428725,ECG,12315,-87,0,0,0,0,0
428725,ECG,12316,-158,0,0,0,0,0
428730,ECG,12317,-197,0,0,0,0,0
428730,ECG,12318,-191,0,0,0,0,0
428735,ECG,12319,-146,0,0,0,0,0
428735,ECG,12320,-72,0,0,0,0,0
428735,ECG,12321,5,0,0,0,0,0
428740,ECG,12322,58,0,0,0,0,0
428740,ECG,12323,68,0,0,0,0,0
428745,ECG,12324,25,0,0,0,0,0
428745,ECG,12325,-53,0,0,0,0,0
428745,ECG,12326,-131,0,0,0,0,0
428750,ECG,12327,-180,0,0,0,0,0
428750,ECG,12328,-189,0,0,0,0,0
428755,ECG,12329,-97,0,0,0,0,0
428755,ECG,12330,-22,0,0,0,0,0
428760,ECG,12331,34,0,0,0,0,0
428760,ECG,12332,49,0,0,0,0,0
428760,ECG,12333,13,0,0,0,0,0
428765,ECG,12334,-56,0,0,0,0,0
428765,ECG,12335,-132,0,0,0,0,0
428770,ECG,12336,-186,0,0,0,0,0
428770,ECG,12337,-198,0,0,0,0,0
428770,ECG,12338,-167,0,0,0,0,0
428775,ECG,12339,-104,0,0,0,0,0
428775,ECG,12340,-26,0,0,0,0,0
428780,ECG,12341,36,0,0,0,0,0
428780,ECG,12342,59,0,0,0,0,0
428780,ECG,12343,29,0,0,0,0,0
428785,ECG,12344,-44,0,0,0,0,0
428785,ECG,12345,-125,0,0,0,0,0
428790,ECG,12346,-184,0,0,0,0,0
428790,ECG,12347,-203,0,0,0,0,0
428790,ECG,12348,-177,0,0,0,0,0
428795,ECG,12349,-115,0,0,0,0,0
428795,ECG,12350,-34,0,0,0,0,0
428800,ECG,12351,37,0,0,0,0,0
428800,ECG,12352,69,0,0,0,0,0
428800,ECG,12353,46,0,0,0,0,0
428805,ECG,12354,-19,0,0,0,0,0
428805,ECG,12355,-100,0,0,0,0,0
428810,ECG,12356,-193,0,0,0,0,0
428810,ECG,12357,-176,0,0,0,0,0
428815,ECG,12358,-121,0,0,0,0,0
428815,ECG,12359,-43,0,0,0,0,0
428815,ECG,12360,27,0,0,0,0,0
428820,ECG,12361,64,0,0,0,0,0
428820,ECG,12362,57,0,0,0,0,0
428825,ECG,12363,-2,0,0,0,0,0
428825,ECG,12364,-84,0,0,0,0,0
428825,ECG,12365,-152,0,0,0,0,0
428830,ECG,12366,-188,0,0,0,0,0
428830,ECG,12367,-180,0,0,0,0,0
428835,ECG,12368,-132,0,0,0,0,0
428835,ECG,12369,-59,0,0,0,0,0
428835,ECG,12370,13,0,0,0,0,0
428840,ECG,12371,57,0,0,0,0,0
428840,ECG,12372,53,0,0,0,0,0
428845,ECG,12373,-2,0,0,0,0,0
428845,ECG,12374,-81,0,0,0,0,0
428845,ECG,12375,-157,0,0,0,0,0
428850,ECG,12376,-199,0,0,0,0,0
428850,ECG,12377,-193,0,0,0,0,0
428855,ECG,12378,-149,0,0,0,0,0
428855,ECG,12379,-71,0,0,0,0,0
428855,ECG,12380,12,0,0,0,0,0
428860,ECG,12381,65,0,0,0,0,0
428860,ECG,12382,71,0,0,0,0,0
428865,ECG,12383,-53,0,0,0,0,0
428865,ECG,12384,-130,0,0,0,0,0
428870,ECG,12385,-180,0,0,0,0,0
428870,ECG,12386,-187,0,0,0,0,0
428870,ECG,12387,-150,0,0,0,0,0
428875,ECG,12388,-83,0,0,0,0,0
428875,ECG,12389,-8,0,0,0,0,0
428880,ECG,12390,47,0,0,0,0,0
428880,ECG,12391,56,0,0,0,0,0
428880,ECG,12392,14,0,0,0,0,0
428885,ECG,12393,-63,0,0,0,0,0
428885,ECG,12394,-145,0,0,0,0,0
428890,ECG,12395,-200,0,0,0,0,0
428890,ECG,12396,-208,0,0,0,0,0
428890,ECG,12397,-175,0,0,0,0,0
428895,ECG,12398,-108,0,0,0,0,0
428895,ECG,12399,-25,0,0,0,0,0
428900,ECG,12400,39,0,0,0,0,0
428900,ECG,12401,64,0,0,0,0,0
428900,ECG,12402,36,0,0,0,0,0
428905,ECG,12403,-34,0,0,0,0,0
428905,ECG,12404,-111,0,0,0,0,0
428910,ECG,12405,-171,0,0,0,0,0
428910,ECG,12406,-189,0,0,0,0,0
428910,ECG,12407,-158,0,0,0,0,0
428915,ECG,12408,-93,0,0,0,0,0
428915,ECG,12409,-16,0,0,0,0,0
428920,ECG,12410,46,0,0,0,0,0
428920,ECG,12411,68,0,0,0,0,0
428920,ECG,12412,36,0,0,0,0,0
428925,ECG,12413,-39,0,0,0,0,0
428925,ECG,12414,-127,0,0,0,0,0
428925,ECG,12415,-194,0,0,0,0,0
428930,ECG,12416,-217,0,0,0,0,0
428930,ECG,12417,-192,0,0,0,0,0
428935,ECG,12418,-128,0,0,0,0,0
428935,ECG,12419,-41,0,0,0,0,0
428935,ECG,12420,33,0,0,0,0,0
428940,ECG,12421,67,0,0,0,0,0
428940,ECG,12422,50,0,0,0,0,0
428945,ECG,12423,-12,0,0,0,0,0
428945,ECG,12424,-95,0,0,0,0,0
428945,ECG,12425,-165,0,0,0,0,0
428950,ECG,12426,-198,0,0,0,0,0
428950,ECG,12427,-185,0,0,0,0,0
428955,ECG,12428,-134,0,0,0,0,0
428955,ECG,12429,-59,0,0,0,0,0
428955,ECG,12430,13,0,0,0,0,0
428960,ECG,12431,56,0,0,0,0,0
428960,ECG,12432,50,0,0,0,0,0
428965,ECG,12433,-5,0,0,0,0,0
428965,ECG,12434,-86,0,0,0,0,0
428965,ECG,12435,-161,0,0,0,0,0
428970,ECG,12436,-200,0,0,0,0,0
428970,ECG,12437,-191,0,0,0,0,0
428975,ECG,12438,-61,0,0,0,0,0
428975,ECG,12439,19,0,0,0,0,0
428980,ECG,12440,72,0,0,0,0,0
428980,ECG,12441,75,0,0,0,0,0
428985,ECG,12442,-52,0,0,0,0,0
428985,ECG,12443,-122,0,0,0,0,0
428990,ECG,12444,-165,0,0,0,0,0
428990,ECG,12445,-163,0,0,0,0,0
428990,ECG,12446,-113,0,0,0,0,0
428995,ECG,12447,-37,0,0,0,0,0
428995,ECG,12448,39,0,0,0,0,0
429000,ECG,12449,87,0,0,0,0,0
429000,ECG,12450,88,0,0,0,0,0
429000,ECG,12451,37,0,0,0,0,0
429005,ECG,12452,-44,0,0,0,0,0
429005,ECG,12453,-124,0,0,0,0,0
429010,ECG,12454,-172,0,0,0,0,0
429010,ECG,12455,-174,0,0,0,0,0
429010,ECG,12456,-135,0,0,0,0,0
429015,ECG,12457,-66,0,0,0,0,0
429015,ECG,12458,12,0,0,0,0,0
429020,ECG,12459,66,0,0,0,0,0
429020,ECG,12460,75,0,0,0,0,0
429020,ECG,12461,35,0,0,0,0,0
429025,ECG,12462,-40,0,0,0,0,0
429025,ECG,12463,-117,0,0,0,0,0
429030,ECG,12464,-182,0,0,0,0,0
429030,ECG,12465,-149,0,0,0,0,0
429035,ECG,12466,-86,0,0,0,0,0
429035,ECG,12467,-9,0,0,0,0,0
429040,ECG,12468,71,0,0,0,0,0
429040,ECG,12469,39,0,0,0,0,0
429045,ECG,12470,-32,0,0,0,0,0
429045,ECG,12471,-112,0,0,0,0,0
429045,ECG,12472,-170,0,0,0,0,0
429050,ECG,12473,-190,0,0,0,0,0
429050,ECG,12474,-170,0,0,0,0,0
429055,ECG,12475,-112,0,0,0,0,0
429055,ECG,12476,-38,0,0,0,0,0
429055,ECG,12477,24,0,0,0,0,0
429060,ECG,12478,51,0,0,0,0,0
429060,ECG,12479,28,0,0,0,0,0
429065,ECG,12480,-34,0,0,0,0,0
429065,ECG,12481,-108,0,0,0,0,0
429065,ECG,12482,-166,0,0,0,0,0
429070,ECG,12483,-186,0,0,0,0,0
429070,ECG,12484,-163,0,0,0,0,0
429075,ECG,12485,-107,0,0,0,0,0
429075,ECG,12486,-33,0,0,0,0,0
429075,ECG,12487,33,0,0,0,0,0
429080,ECG,12488,64,0,0,0,0,0
429080,ECG,12489,44,0,0,0,0,0
429085,ECG,12490,-97,0,0,0,0,0
429085,ECG,12491,-162,0,0,0,0,0
429090,ECG,12492,-193,0,0,0,0,0
429090,ECG,12493,-181,0,0,0,0,0
429095,ECG,12494,-57,0,0,0,0,0
429095,ECG,12495,8,0,0,0,0,0
429100,ECG,12496,44,0,0,0,0,0
429100,ECG,12497,33,0,0,0,0,0
429100,ECG,12498,-23,0,0,0,0,0
429105,ECG,12499,-97,0,0,0,0,0
429105,ECG,12500,-162,0,0,0,0,0
429110,ECG,12501,-196,0,0,0,0,0
429110,ECG,12502,-186,0,0,0,0,0
429110,ECG,12503,-136,0,0,0,0,0
429115,ECG,12504,-62,0,0,0,0,0
429115,ECG,12505,15,0,0,0,0,0
429120,ECG,12506,61,0,0,0,0,0
429120,ECG,12507,57,0,0,0,0,0
429120,ECG,12508,4,0,0,0,0,0
429125,ECG,12509,-76,0,0,0,0,0
429125,ECG,12510,-154,0,0,0,0,0
429130,ECG,12511,-201,0,0,0,0,0
429130,ECG,12512,-203,0,0,0,0,0
429130,ECG,12513,-163,0,0,0,0,0
429135,ECG,12514,-91,0,0,0,0,0
429135,ECG,12515,-13,0,0,0,0,0
429135,ECG,12516,39,0,0,0,0,0
429140,ECG,12517,46,0,0,0,0,0
429140,ECG,12518,2,0,0,0,0,0
429145,ECG,12519,-75,0,0,0,0,0
429145,ECG,12520,-151,0,0,0,0,0
429150,ECG,12521,-200,0,0,0,0,0
429150,ECG,12522,-160,0,0,0,0,0
429155,ECG,12523,-91,0,0,0,0,0
429155,ECG,12524,-14,0,0,0,0,0
429155,ECG,12525,42,0,0,0,0,0
429160,ECG,12526,54,0,0,0,0,0
429160,ECG,12527,13,0,0,0,0,0
429165,ECG,12528,-62,0,0,0,0,0
429165,ECG,12529,-140,0,0,0,0,0
429165,ECG,12530,-192,0,0,0,0,0
429170,ECG,12531,-200,0,0,0,0,0
429170,ECG,12532,-162,0,0,0,0,0
429175,ECG,12533,-93,0,0,0,0,0
429175,ECG,12534,-12,0,0,0,0,0
429175,ECG,12535,51,0,0,0,0,0
429180,ECG,12536,70,0,0,0,0,0
429180,ECG,12537,37,0,0,0,0,0
429185,ECG,12538,-36,0,0,0,0,0
429185,ECG,12539,-121,0,0,0,0,0
429185,ECG,12540,-185,0,0,0,0,0
429190,ECG,12541,-205,0,0,0,0,0
429190,ECG,12542,-178,0,0,0,0,0
429190,ECG,12543,-115,0,0,0,0,0
429195,ECG,12544,-32,0,0,0,0,0
429195,ECG,12545,39,0,0,0,0,0
429200,ECG,12546,72,0,0,0,0,0
429200,ECG,12547,53,0,0,0,0,0
429200,ECG,12548,-12,0,0,0,0,0
429205,ECG,12549,-91,0,0,0,0,0
429205,ECG,12550,-156,0,0,0,0,0
429210,ECG,12551,-184,0,0,0,0,0
429210,ECG,12552,-166,0,0,0,0,0
429210,ECG,12553,-110,0,0,0,0,0
429215,ECG,12554,-38,0,0,0,0,0
429215,ECG,12555,26,0,0,0,0,0
429220,ECG,12556,58,0,0,0,0,0
429220,ECG,12557,41,0,0,0,0,0
429220,ECG,12558,-20,0,0,0,0,0
429225,ECG,12559,-99,0,0,0,0,0
429225,ECG,12560,-160,0,0,0,0,0
429230,ECG,12561,-187,0,0,0,0,0
429230,ECG,12562,-168,0,0,0,0,0
429230,ECG,12563,-110,0,0,0,0,0
429235,ECG,12564,-32,0,0,0,0,0
429235,ECG,12565,40,0,0,0,0,0
429240,ECG,12566,71,0,0,0,0,0
429240,ECG,12567,16,0,0,0,0,0
429291,ECG,12568,-68,0,0,0,0,0
429291,ECG,12569,-143,0,0,0,0,0
429291,ECG,12570,-183,0,0,0,0,0
429291,ECG,12571,-176,0,0,0,0,0
429291,ECG,12572,-130,0,0,0,0,0
429291,ECG,12573,-55,0,0,0,0,0
429291,ECG,12574,22,0,0,0,0,0
429291,ECG,12575,69,0,0,0,0,0
429291,ECG,12576,69,0,0,0,0,0
429291,ECG,12577,20,0,0,0,0,0
429291,ECG,12578,-59,0,0,0,0,0
429291,ECG,12579,-137,0,0,0,0,0
429291,ECG,12580,-184,0,0,0,0,0
429291,ECG,12581,-188,0,0,0,0,0
429291,ECG,12582,-150,0,0,0,0,0
429291,ECG,12583,-80,0,0,0,0,0
429291,ECG,12584,-5,0,0,0,0,0
429291,ECG,12585,44,0,0,0,0,0
429291,ECG,12586,49,0,0,0,0,0
429291,ECG,12587,4,0,0,0,0,0
429291,ECG,12588,-76,0,0,0,0,0
429291,ECG,12589,-157,0,0,0,0,0
429291,ECG,12590,-212,0,0,0,0,0
429291,ECG,12591,-222,0,0,0,0,0
429291,ECG,12592,-180,0,0,0,0,0
429291,ECG,12593,-107,0,0,0,0,0
429296,ECG,12594,-23,0,0,0,0,0
429296,ECG,12595,48,0,0,0,0,0
429296,ECG,12596,73,0,0,0,0,0
429301,ECG,12597,39,0,0,0,0,0
429301,ECG,12598,-38,0,0,0,0,0
429306,ECG,12599,-124,0,0,0,0,0
429306,ECG,12600,-188,0,0,0,0,0
429306,ECG,12601,-211,0,0,0,0,0
429311,ECG,12602,-189,0,0,0,0,0
429311,ECG,12603,-127,0,0,0,0,0
429316,ECG,12604,-43,0,0,0,0,0
429316,ECG,12605,30,0,0,0,0,0
429316,ECG,12606,68,0,0,0,0,0
429321,ECG,12607,57,0,0,0,0,0
429321,ECG,12608,1,0,0,0,0,0
429326,ECG,12609,-72,0,0,0,0,0
429326,ECG,12610,-137,0,0,0,0,0
429326,ECG,12611,-166,0,0,0,0,0
429331,ECG,12612,-152,0,0,0,0,0
429331,ECG,12613,-103,0,0,0,0,0
429336,ECG,12614,40,0,0,0,0,0
429336,ECG,12615,78,0,0,0,0,0
429341,ECG,12616,72,0,0,0,0,0
429341,ECG,12617,21,0,0,0,0,0
429346,ECG,12618,-130,0,0,0,0,0
429346,ECG,12619,-166,0,0,0,0,0
429351,ECG,12620,-164,0,0,0,0,0
429351,ECG,12621,-123,0,0,0,0,0
429351,ECG,12622,-53,0,0,0,0,0
429356,ECG,12623,18,0,0,0,0,0
429356,ECG,12624,64,0,0,0,0,0
429361,ECG,12625,64,0,0,0,0,0
429361,ECG,12626,12,0,0,0,0,0
429361,ECG,12627,-68,0,0,0,0,0
429366,ECG,12628,-143,0,0,0,0,0
429366,ECG,12629,-189,0,0,0,0,0
429371,ECG,12630,-191,0,0,0,0,0
429371,ECG,12631,-148,0,0,0,0,0
429371,ECG,12632,-76,0,0,0,0,0
429376,ECG,12633,3,0,0,0,0,0
429376,ECG,12634,62,0,0,0,0,0
429381,ECG,12635,75,0,0,0,0,0
429381,ECG,12636,36,0,0,0,0,0
429381,ECG,12637,-38,0,0,0,0,0
429386,ECG,12638,-119,0,0,0,0,0
429386,ECG,12639,-175,0,0,0,0,0
429391,ECG,12640,-160,0,0,0,0,0
429391,ECG,12641,-93,0,0,0,0,0
429396,ECG,12642,-11,0,0,0,0,0
429396,ECG,12643,52,0,0,0,0,0
429401,ECG,12644,45,0,0,0,0,0
429401,ECG,12645,-22,0,0,0,0,0
429406,ECG,12646,-99,0,0,0,0,0
429406,ECG,12647,-156,0,0,0,0,0
429406,ECG,12648,-174,0,0,0,0,0
429411,ECG,12649,-146,0,0,0,0,0
429411,ECG,12650,-86,0,0,0,0,0
429416,ECG,12651,-12,0,0,0,0,0
429416,ECG,12652,54,0,0,0,0,0
429416,ECG,12653,79,0,0,0,0,0
429421,ECG,12654,52,0,0,0,0,0
429421,ECG,12655,-15,0,0,0,0,0
429426,ECG,12656,-94,0,0,0,0,0
429426,ECG,12657,-152,0,0,0,0,0
429426,ECG,12658,-170,0,0,0,0,0
429431,ECG,12659,-145,0,0,0,0,0
429431,ECG,12660,-86,0,0,0,0,0
429436,ECG,12661,-5,0,0,0,0,0
429436,ECG,12662,62,0,0,0,0,0
429436,ECG,12663,91,0,0,0,0,0
429441,ECG,12664,70,0,0,0,0,0
429441,ECG,12665,0,0,0,0,0,0
429441,ECG,12666,-91,0,0,0,0,0
429446,ECG,12667,-166,0,0,0,0,0
429446,ECG,12668,-198,0,0,0,0,0
429451,ECG,12669,-182,0,0,0,0,0
429451,ECG,12670,-123,0,0,0,0,0
429451,ECG,12671,-38,0,0,0,0,0
429456,ECG,12672,40,0,0,0,0,0
429456,ECG,12673,84,0,0,0,0,0
429461,ECG,12674,78,0,0,0,0,0
429461,ECG,12675,20,0,0,0,0,0
429461,ECG,12676,-63,0,0,0,0,0
429466,ECG,12677,-139,0,0,0,0,0
429466,ECG,12678,-185,0,0,0,0,0
429471,ECG,12679,-181,0,0,0,0,0
429471,ECG,12680,-132,0,0,0,0,0
429471,ECG,12681,-57,0,0,0,0,0
429476,ECG,12682,19,0,0,0,0,0
429476,ECG,12683,72,0,0,0,0,0
429481,ECG,12684,77,0,0,0,0,0
429481,ECG,12685,32,0,0,0,0,0
429481,ECG,12686,-44,0,0,0,0,0
429486,ECG,12687,-118,0,0,0,0,0
429486,ECG,12688,-166,0,0,0,0,0
429491,ECG,12689,-169,0,0,0,0,0
429491,ECG,12690,-130,0,0,0,0,0
429491,ECG,12691,-61,0,0,0,0,0
429496,ECG,12692,18,0,0,0,0,0
429496,ECG,12693,75,0,0,0,0,0
429496,ECG,12694,86,0,0,0,0,0
429501,ECG,12695,47,0,0,0,0,0
429501,ECG,12696,-24,0,0,0,0,0
429506,ECG,12697,-101,0,0,0,0,0
429506,ECG,12698,-156,0,0,0,0,0
429511,ECG,12699,-131,0,0,0,0,0
429511,ECG,12700,-63,0,0,0,0,0
429516,ECG,12701,15,0,0,0,0,0
429516,ECG,12702,71,0,0,0,0,0
429516,ECG,12703,88,0,0,0,0,0
429521,ECG,12704,51,0,0,0,0,0
429521,ECG,12705,-23,0,0,0,0,0
429526,ECG,12706,-104,0,0,0,0,0
429526,ECG,12707,-161,0,0,0,0,0
429526,ECG,12708,-179,0,0,0,0,0
429531,ECG,12709,-151,0,0,0,0,0
429531,ECG,12710,-88,0,0,0,0,0
429536,ECG,12711,-10,0,0,0,0,0
429536,ECG,12712,53,0,0,0,0,0
429536,ECG,12713,76,0,0,0,0,0
429541,ECG,12714,45,0,0,0,0,0
429541,ECG,12715,-22,0,0,0,0,0
429546,ECG,12716,-102,0,0,0,0,0
429546,ECG,12717,-165,0,0,0,0,0
429546,ECG,12718,-184,0,0,0,0,0
429551,ECG,12719,-159,0,0,0,0,0
429551,ECG,12720,-98,0,0,0,0,0
429551,ECG,12721,-16,0,0,0,0,0
429556,ECG,12722,55,0,0,0,0,0
429556,ECG,12723,91,0,0,0,0,0
429561,ECG,12724,73,0,0,0,0,0
429561,ECG,12725,10,0,0,0,0,0
429566,ECG,12726,-140,0,0,0,0,0
429566,ECG,12727,-170,0,0,0,0,0
429571,ECG,12728,-153,0,0,0,0,0
429571,ECG,12729,-99,0,0,0,0,0
429571,ECG,12730,-25,0,0,0,0,0
429576,ECG,12731,46,0,0,0,0,0
429576,ECG,12732,78,0,0,0,0,0
429581,ECG,12733,59,0,0,0,0,0
429581,ECG,12734,-2,0,0,0,0,0
429581,ECG,12735,-84,0,0,0,0,0
429586,ECG,12736,-153,0,0,0,0,0
429586,ECG,12737,-180,0,0,0,0,0
429591,ECG,12738,-165,0,0,0,0,0
429591,ECG,12739,-108,0,0,0,0,0
429591,ECG,12740,-26,0,0,0,0,0
429596,ECG,12741,45,0,0,0,0,0
429596,ECG,12742,84,0,0,0,0,0
429601,ECG,12743,76,0,0,0,0,0
429601,ECG,12744,15,0,0,0,0,0
429601,ECG,12745,-71,0,0,0,0,0
429606,ECG,12746,-146,0,0,0,0,0
429606,ECG,12747,-190,0,0,0,0,0
429606,ECG,12748,-186,0,0,0,0,0
429611,ECG,12749,-141,0,0,0,0,0
429611,ECG,12750,-68,0,0,0,0,0
429616,ECG,12751,10,0,0,0,0,0
429616,ECG,12752,63,0,0,0,0,0
429616,ECG,12753,67,0,0,0,0,0
429621,ECG,12754,21,0,0,0,0,0
429621,ECG,12755,-53,0,0,0,0,0
429626,ECG,12756,-126,0,0,0,0,0
429626,ECG,12757,-171,0,0,0,0,0
429626,ECG,12758,-173,0,0,0,0,0
429631,ECG,12759,-132,0,0,0,0,0
429631,ECG,12760,-60,0,0,0,0,0
429636,ECG,12761,16,0,0,0,0,0
429636,ECG,12762,71,0,0,0,0,0
429636,ECG,12763,82,0,0,0,0,0
429641,ECG,12764,41,0,0,0,0,0
429641,ECG,12765,-34,0,0,0,0,0
429646,ECG,12766,-113,0,0,0,0,0
429646,ECG,12767,-166,0,0,0,0,0
429646,ECG,12768,-175,0,0,0,0,0
429651,ECG,12769,-141,0,0,0,0,0
429651,ECG,12770,-79,0,0,0,0,0
429656,ECG,12771,53,0,0,0,0,0
429656,ECG,12772,64,0,0,0,0,0
429661,ECG,12773,25,0,0,0,0,0
429661,ECG,12774,-50,0,0,0,0,0
429666,ECG,12775,-185,0,0,0,0,0
429666,ECG,12776,-196,0,0,0,0,0
429671,ECG,12777,-163,0,0,0,0,0
429671,ECG,12778,-92,0,0,0,0,0
429671,ECG,12779,-7,0,0,0,0,0
429676,ECG,12780,59,0,0,0,0,0
429676,ECG,12781,85,0,0,0,0,0
429681,ECG,12782,55,0,0,0,0,0
429681,ECG,12783,-19,0,0,0,0,0
429681,ECG,12784,-106,0,0,0,0,0
429686,ECG,12785,-174,0,0,0,0,0
429686,ECG,12786,-200,0,0,0,0,0
429691,ECG,12787,-178,0,0,0,0,0
429691,ECG,12788,-117,0,0,0,0,0
429691,ECG,12789,-37,0,0,0,0,0
429696,ECG,12790,35,0,0,0,0,0
429696,ECG,12791,68,0,0,0,0,0
429701,ECG,12792,51,0,0,0,0,0
429701,ECG,12793,-14,0,0,0,0,0
429701,ECG,12794,-97,0,0,0,0,0
429706,ECG,12795,-165,0,0,0,0,0
429706,ECG,12796,-193,0,0,0,0,0
429706,ECG,12797,-179,0,0,0,0,0
429711,ECG,12798,-124,0,0,0,0,0
429711,ECG,12799,-44,0,0,0,0,0
429716,ECG,12800,29,0,0,0,0,0
429716,ECG,12801,70,0,0,0,0,0
429721,ECG,12802,5,0,0,0,0,0
429721,ECG,12803,-72,0,0,0,0,0
429726,ECG,12804,-141,0,0,0,0,0
429726,ECG,12805,-180,0,0,0,0,0
429726,ECG,12806,-172,0,0,0,0,0
429731,ECG,12807,-122,0,0,0,0,0
429731,ECG,12808,-50,0,0,0,0,0
429736,ECG,12809,26,0,0,0,0,0
429736,ECG,12810,75,0,0,0,0,0
429736,ECG,12811,71,0,0,0,0,0
429741,ECG,12812,19,0,0,0,0,0
429741,ECG,12813,-59,0,0,0,0,0
429746,ECG,12814,-137,0,0,0,0,0
429746,ECG,12815,-182,0,0,0,0,0
429746,ECG,12816,-178,0,0,0,0,0
429751,ECG,12817,-133,0,0,0,0,0
429751,ECG,12818,-56,0,0,0,0,0
429756,ECG,12819,29,0,0,0,0,0
429756,ECG,12820,83,0,0,0,0,0
429756,ECG,12821,89,0,0,0,0,0
429761,ECG,12822,39,0,0,0,0,0
429761,ECG,12823,-48,0,0,0,0,0
429766,ECG,12824,-188,0,0,0,0,0
429766,ECG,12825,-195,0,0,0,0,0
429771,ECG,12826,-154,0,0,0,0,0
429771,ECG,12827,-76,0,0,0,0,0
429776,ECG,12828,73,0,0,0,0,0
429776,ECG,12829,92,0,0,0,0,0
429781,ECG,12830,52,0,0,0,0,0
429781,ECG,12831,-29,0,0,0,0,0
429781,ECG,12832,-115,0,0,0,0,0
429786,ECG,12833,-174,0,0,0,0,0
429786,ECG,12834,-187,0,0,0,0,0
429791,ECG,12835,-156,0,0,0,0,0
429791,ECG,12836,-86,0,0,0,0,0
429791,ECG,12837,-4,0,0,0,0,0
429796,ECG,12838,58,0,0,0,0,0
429796,ECG,12839,81,0,0,0,0,0
429801,ECG,12840,46,0,0,0,0,0
429801,ECG,12841,-31,0,0,0,0,0
429801,ECG,12842,-116,0,0,0,0,0
429806,ECG,12843,-179,0,0,0,0,0
429806,ECG,12844,-199,0,0,0,0,0
429811,ECG,12845,-167,0,0,0,0,0
429811,ECG,12846,-98,0,0,0,0,0
429811,ECG,12847,-15,0,0,0,0,0
429816,ECG,12848,58,0,0,0,0,0
429816,ECG,12849,90,0,0,0,0,0
429816,ECG,12850,65,0,0,0,0,0
429821,ECG,12851,-3,0,0,0,0,0
429821,ECG,12852,-87,0,0,0,0,0
429826,ECG,12853,-155,0,0,0,0,0
429826,ECG,12854,-179,0,0,0,0,0
429831,ECG,12855,-98,0,0,0,0,0
429831,ECG,12856,-15,0,0,0,0,0
429836,ECG,12857,55,0,0,0,0,0
429836,ECG,12858,89,0,0,0,0,0
429836,ECG,12859,73,0,0,0,0,0
429841,ECG,12860,5,0,0,0,0,0
429841,ECG,12861,-85,0,0,0,0,0
429846,ECG,12862,-159,0,0,0,0,0
429846,ECG,12863,-194,0,0,0,0,0
429846,ECG,12864,-183,0,0,0,0,0
429851,ECG,12865,-129,0,0,0,0,0
429851,ECG,12866,-48,0,0,0,0,0
429856,ECG,12867,30,0,0,0,0,0
429856,ECG,12868,73,0,0,0,0,0
429856,ECG,12869,61,0,0,0,0,0
429861,ECG,12870,-3,0,0,0,0,0
429861,ECG,12871,-89,0,0,0,0,0
429866,ECG,12872,-214,0,0,0,0,0
429866,ECG,12873,-206,0,0,0,0,0
429871,ECG,12874,-153,0,0,0,0,0
429871,ECG,12875,-70,0,0,0,0,0
429871,ECG,12876,13,0,0,0,0,0
429876,ECG,12877,70,0,0,0,0,0
429876,ECG,12878,77,0,0,0,0,0
429881,ECG,12879,28,0,0,0,0,0
429881,ECG,12880,-52,0,0,0,0,0
429881,ECG,12881,-129,0,0,0,0,0
429886,ECG,12882,-176,0,0,0,0,0
429886,ECG,12883,-173,0,0,0,0,0
429891,ECG,12884,-127,0,0,0,0,0
429891,ECG,12885,-52,0,0,0,0,0
429891,ECG,12886,28,0,0,0,0,0
429896,ECG,12887,79,0,0,0,0,0
429896,ECG,12888,80,0,0,0,0,0
429901,ECG,12889,27,0,0,0,0,0
429901,ECG,12890,-62,0,0,0,0,0
429901,ECG,12891,-154,0,0,0,0,0
429906,ECG,12892,-217,0,0,0,0,0
429906,ECG,12893,-229,0,0,0,0,0
429911,ECG,12894,-190,0,0,0,0,0
429911,ECG,12895,-112,0,0,0,0,0
429911,ECG,12896,-20,0,0,0,0,0
429916,ECG,12897,51,0,0,0,0,0
429916,ECG,12898,76,0,0,0,0,0
429921,ECG,12899,-31,0,0,0,0,0
429921,ECG,12900,-117,0,0,0,0,0
429926,ECG,12901,-182,0,0,0,0,0
429926,ECG,12902,-203,0,0,0,0,0
429926,ECG,12903,-176,0,0,0,0,0
429931,ECG,12904,-110,0,0,0,0,0
429931,ECG,12905,-24,0,0,0,0,0
429936,ECG,12906,46,0,0,0,0,0
429936,ECG,12907,73,0,0,0,0,0
429936,ECG,12908,44,0,0,0,0,0
429941,ECG,12909,-32,0,0,0,0,0
429941,ECG,12910,-123,0,0,0,0,0
429946,ECG,12911,-195,0,0,0,0,0
429946,ECG,12912,-224,0,0,0,0,0
429946,ECG,12913,-202,0,0,0,0,0
429951,ECG,12914,-137,0,0,0,0,0
429951,ECG,12915,-51,0,0,0,0,0
429956,ECG,12916,25,0,0,0,0,0
429956,ECG,12917,66,0,0,0,0,0
429956,ECG,12918,48,0,0,0,0,0
429961,ECG,12919,-20,0,0,0,0,0
429961,ECG,12920,-104,0,0,0,0,0
429966,ECG,12921,-174,0,0,0,0,0
429966,ECG,12922,-205,0,0,0,0,0
429966,ECG,12923,-187,0,0,0,0,0
429971,ECG,12924,-130,0,0,0,0,0
429971,ECG,12925,-48,0,0,0,0,0
429976,ECG,12926,66,0,0,0,0,0
429976,ECG,12927,53,0,0,0,0,0
429981,ECG,12928,-8,0,0,0,0,0
429981,ECG,12929,-93,0,0,0,0,0
429981,ECG,12930,-167,0,0,0,0,0
429986,ECG,12931,-205,0,0,0,0,0
429986,ECG,12932,-195,0,0,0,0,0
429991,ECG,12933,-145,0,0,0,0,0
429991,ECG,12934,-69,0,0,0,0,0
429991,ECG,12935,6,0,0,0,0,0
429996,ECG,12936,52,0,0,0,0,0
429996,ECG,12937,49,0,0,0,0,0
430001,ECG,12938,-7,0,0,0,0,0
430001,ECG,12939,-88,0,0,0,0,0
430001,ECG,12940,-164,0,0,0,0,0
430006,ECG,12941,-208,0,0,0,0,0
430006,ECG,12942,-204,0,0,0,0,0
430011,ECG,12943,-160,0,0,0,0,0
430011,ECG,12944,-85,0,0,0,0,0
430011,ECG,12945,-4,0,0,0,0,0
430016,ECG,12946,49,0,0,0,0,0
430016,ECG,12947,54,0,0,0,0,0
430021,ECG,12948,4,0,0,0,0,0
430021,ECG,12949,-81,0,0,0,0,0
430021,ECG,12950,-164,0,0,0,0,0
430026,ECG,12951,-219,0,0,0,0,0
430026,ECG,12952,-227,0,0,0,0,0
430031,ECG,12953,-114,0,0,0,0,0
430031,ECG,12954,-31,0,0,0,0,0
430036,ECG,12955,33,0,0,0,0,0
430036,ECG,12956,53,0,0,0,0,0
430041,ECG,12957,-64,0,0,0,0,0
430041,ECG,12958,-145,0,0,0,0,0
430046,ECG,12959,-205,0,0,0,0,0
430046,ECG,12960,-220,0,0,0,0,0
430046,ECG,12961,-185,0,0,0,0,0
430051,ECG,12962,-115,0,0,0,0,0
430051,ECG,12963,-31,0,0,0,0,0
430056,ECG,12964,39,0,0,0,0,0
430056,ECG,12965,65,0,0,0,0,0
430056,ECG,12966,36,0,0,0,0,0
430061,ECG,12967,-32,0,0,0,0,0
430061,ECG,12968,-117,0,0,0,0,0
430066,ECG,12969,-184,0,0,0,0,0
430066,ECG,12970,-205,0,0,0,0,0
430066,ECG,12971,-181,0,0,0,0,0
430071,ECG,12972,-121,0,0,0,0,0
430071,ECG,12973,-36,0,0,0,0,0
430076,ECG,12974,36,0,0,0,0,0
430076,ECG,12975,67,0,0,0,0,0
430076,ECG,12976,45,0,0,0,0,0
430081,ECG,12977,-21,0,0,0,0,0
430081,ECG,12978,-104,0,0,0,0,0
430086,ECG,12979,-195,0,0,0,0,0
430086,ECG,12980,-176,0,0,0,0,0
430091,ECG,12981,-115,0,0,0,0,0
430091,ECG,12982,-34,0,0,0,0,0
430096,ECG,12983,67,0,0,0,0,0
430096,ECG,12984,45,0,0,0,0,0
430101,ECG,12985,-27,0,0,0,0,0
430101,ECG,12986,-119,0,0,0,0,0
430101,ECG,12987,-194,0,0,0,0,0
430106,ECG,12988,-228,0,0,0,0,0
430106,ECG,12989,-213,0,0,0,0,0
430111,ECG,12990,-153,0,0,0,0,0
430111,ECG,12991,-70,0,0,0,0,0
430111,ECG,12992,10,0,0,0,0,0
430116,ECG,12993,56,0,0,0,0,0
430116,ECG,12994,49,0,0,0,0,0
430121,ECG,12995,-8,0,0,0,0,0
430121,ECG,12996,-89,0,0,0,0,0
430121,ECG,12997,-161,0,0,0,0,0
430126,ECG,12998,-200,0,0,0,0,0
430126,ECG,12999,-189,0,0,0,0,0
430131,ECG,13000,-138,0,0,0,0,0
430131,ECG,13001,-60,0,0,0,0,0
430131,ECG,13002,17,0,0,0,0,0
430136,ECG,13003,62,0,0,0,0,0
430136,ECG,13004,58,0,0,0,0,0
430136,ECG,13005,5,0,0,0,0,0
430141,ECG,13006,-78,0,0,0,0,0
430141,ECG,13007,-156,0,0,0,0,0
430146,ECG,13008,-205,0,0,0,0,0
430146,ECG,13009,-207,0,0,0,0,0
430146,ECG,13010,-164,0,0,0,0,0
430151,ECG,13011,-92,0,0,0,0,0
430151,ECG,13012,-15,0,0,0,0,0
430156,ECG,13013,38,0,0,0,0,0
430156,ECG,13014,43,0,0,0,0,0
430156,ECG,13015,-1,0,0,0,0,0
430161,ECG,13016,-76,0,0,0,0,0
430161,ECG,13017,-152,0,0,0,0,0
430166,ECG,13018,-202,0,0,0,0,0
430166,ECG,13019,-204,0,0,0,0,0
430166,ECG,13020,-162,0,0,0,0,0
430171,ECG,13021,-91,0,0,0,0,0
430171,ECG,13022,-7,0,0,0,0,0
430176,ECG,13023,56,0,0,0,0,0
430176,ECG,13024,71,0,0,0,0,0
430176,ECG,13025,33,0,0,0,0,0
430181,ECG,13026,-45,0,0,0,0,0
430181,ECG,13027,-132,0,0,0,0,0
430186,ECG,13028,-219,0,0,0,0,0
430186,ECG,13029,-194,0,0,0,0,0
430191,ECG,13030,-129,0,0,0,0,0
430191,ECG,13031,-46,0,0,0,0,0
430191,ECG,13032,23,0,0,0,0,0
430196,ECG,13033,55,0,0,0,0,0
430196,ECG,13034,31,0,0,0,0,0
430201,ECG,13035,-39,0,0,0,0,0
430201,ECG,13036,-122,0,0,0,0,0
430201,ECG,13037,-186,0,0,0,0,0
430206,ECG,13038,-213,0,0,0,0,0
430206,ECG,13039,-191,0,0,0,0,0
430211,ECG,13040,-128,0,0,0,0,0
430211,ECG,13041,-50,0,0,0,0,0
430211,ECG,13042,17,0,0,0,0,0
430216,ECG,13043,47,0,0,0,0,0
430216,ECG,13044,23,0,0,0,0,0
430221,ECG,13045,-46,0,0,0,0,0
430221,ECG,13046,-131,0,0,0,0,0
430221,ECG,13047,-199,0,0,0,0,0
430226,ECG,13048,-225,0,0,0,0,0
430226,ECG,13049,-200,0,0,0,0,0
430231,ECG,13050,-135,0,0,0,0,0
430231,ECG,13051,-48,0,0,0,0,0
430231,ECG,13052,31,0,0,0,0,0
430282,ECG,13053,69,0,0,0,0,0
430282,ECG,13054,52,0,0,0,0,0
430282,ECG,13055,-12,0,0,0,0,0
430282,ECG,13056,-101,0,0,0,0,0
430282,ECG,13057,-177,0,0,0,0,0
430282,ECG,13058,-213,0,0,0,0,0
430282,ECG,13059,-200,0,0,0,0,0
430282,ECG,13060,-143,0,0,0,0,0
430282,ECG,13061,-60,0,0,0,0,0
430282,ECG,13062,25,0,0,0,0,0
430282,ECG,13063,75,0,0,0,0,0
430282,ECG,13064,69,0,0,0,0,0
430282,ECG,13065,9,0,0,0,0,0
430282,ECG,13066,-79,0,0,0,0,0
430282,ECG,13067,-165,0,0,0,0,0
430282,ECG,13068,-215,0,0,0,0,0
430282,ECG,13069,-217,0,0,0,0,0
430282,ECG,13070,-177,0,0,0,0,0
430282,ECG,13071,-106,0,0,0,0,0
430282,ECG,13072,-28,0,0,0,0,0
430282,ECG,13073,27,0,0,0,0,0
430282,ECG,13074,35,0,0,0,0,0
430282,ECG,13075,-14,0,0,0,0,0
430282,ECG,13076,-94,0,0,0,0,0
430282,ECG,13077,-174,0,0,0,0,0
430282,ECG,13078,-227,0,0,0,0,0
430287,ECG,13079,-234,0,0,0,0,0
430287,ECG,13080,-193,0,0,0,0,0
430287,ECG,13081,-120,0,0,0,0,0
430292,ECG,13082,-35,0,0,0,0,0
430292,ECG,13083,34,0,0,0,0,0
430297,ECG,13084,59,0,0,0,0,0
430297,ECG,13085,25,0,0,0,0,0
430297,ECG,13086,-52,0,0,0,0,0
430302,ECG,13087,-143,0,0,0,0,0
430302,ECG,13088,-215,0,0,0,0,0
430307,ECG,13089,-244,0,0,0,0,0
430307,ECG,13090,-222,0,0,0,0,0
430307,ECG,13091,-154,0,0,0,0,0
430312,ECG,13092,-62,0,0,0,0,0
430312,ECG,13093,24,0,0,0,0,0
430317,ECG,13094,73,0,0,0,0,0
430317,ECG,13095,66,0,0,0,0,0
430317,ECG,13096,4,0,0,0,0,0
430322,ECG,13097,-83,0,0,0,0,0
430322,ECG,13098,-153,0,0,0,0,0
430327,ECG,13099,-188,0,0,0,0,0
430327,ECG,13100,-180,0,0,0,0,0
430327,ECG,13101,-128,0,0,0,0,0
430332,ECG,13102,-50,0,0,0,0,0
430332,ECG,13103,27,0,0,0,0,0
430337,ECG,13104,56,0,0,0,0,0
430337,ECG,13105,-7,0,0,0,0,0
430342,ECG,13106,-91,0,0,0,0,0
430342,ECG,13107,-165,0,0,0,0,0
430347,ECG,13108,-187,0,0,0,0,0
430347,ECG,13109,-131,0,0,0,0,0
430352,ECG,13110,-53,0,0,0,0,0
430352,ECG,13111,28,0,0,0,0,0
430352,ECG,13112,76,0,0,0,0,0
430357,ECG,13113,70,0,0,0,0,0
430357,ECG,13114,11,0,0,0,0,0
430362,ECG,13115,-77,0,0,0,0,0
430362,ECG,13116,-158,0,0,0,0,0
430362,ECG,13117,-202,0,0,0,0,0
430367,ECG,13118,-194,0,0,0,0,0
430367,ECG,13119,-140,0,0,0,0,0
430372,ECG,13120,-56,0,0,0,0,0
430372,ECG,13121,31,0,0,0,0,0
430372,ECG,13122,85,0,0,0,0,0
430377,ECG,13123,84,0,0,0,0,0
430377,ECG,13124,27,0,0,0,0,0
430382,ECG,13125,-157,0,0,0,0,0
430382,ECG,13126,-216,0,0,0,0,0
430387,ECG,13127,-221,0,0,0,0,0
430387,ECG,13128,-177,0,0,0,0,0
430387,ECG,13129,-98,0,0,0,0,0
430392,ECG,13130,-7,0,0,0,0,0
430392,ECG,13131,60,0,0,0,0,0
430397,ECG,13132,80,0,0,0,0,0
430397,ECG,13133,40,0,0,0,0,0
430397,ECG,13134,-42,0,0,0,0,0
430402,ECG,13135,-130,0,0,0,0,0
430402,ECG,13136,-193,0,0,0,0,0
430407,ECG,13137,-215,0,0,0,0,0
430407,ECG,13138,-186,0,0,0,0,0
430407,ECG,13139,-117,0,0,0,0,0
430412,ECG,13140,-35,0,0,0,0,0
430412,ECG,13141,28,0,0,0,0,0
430417,ECG,13142,51,0,0,0,0,0
430417,ECG,13143,15,0,0,0,0,0
430417,ECG,13144,-63,0,0,0,0,0
430422,ECG,13145,-150,0,0,0,0,0
430422,ECG,13146,-212,0,0,0,0,0
430427,ECG,13147,-226,0,0,0,0,0
430427,ECG,13148,-189,0,0,0,0,0
430427,ECG,13149,-114,0,0,0,0,0
430432,ECG,13150,-21,0,0,0,0,0
430432,ECG,13151,55,0,0,0,0,0
430437,ECG,13152,51,0,0,0,0,0
430437,ECG,13153,-28,0,0,0,0,0
430442,ECG,13154,-126,0,0,0,0,0
430442,ECG,13155,-203,0,0,0,0,0
430442,ECG,13156,-233,0,0,0,0,0
430447,ECG,13157,-208,0,0,0,0,0
430447,ECG,13158,-139,0,0,0,0,0
430452,ECG,13159,-46,0,0,0,0,0
430452,ECG,13160,37,0,0,0,0,0
430452,ECG,13161,82,0,0,0,0,0
430457,ECG,13162,66,0,0,0,0,0
430457,ECG,13163,-6,0,0,0,0,0
430462,ECG,13164,-100,0,0,0,0,0
430462,ECG,13165,-183,0,0,0,0,0
430462,ECG,13166,-226,0,0,0,0,0
430467,ECG,13167,-217,0,0,0,0,0
430467,ECG,13168,-160,0,0,0,0,0
430472,ECG,13169,-76,0,0,0,0,0
430472,ECG,13170,7,0,0,0,0,0
430472,ECG,13171,54,0,0,0,0,0
430477,ECG,13172,46,0,0,0,0,0
430477,ECG,13173,-12,0,0,0,0,0
430482,ECG,13174,-102,0,0,0,0,0
430482,ECG,13175,-183,0,0,0,0,0
430482,ECG,13176,-223,0,0,0,0,0
430487,ECG,13177,-215,0,0,0,0,0
430487,ECG,13178,-161,0,0,0,0,0
430492,ECG,13179,8,0,0,0,0,0
430492,ECG,13180,60,0,0,0,0,0
430497,ECG,13181,58,0,0,0,0,0
430497,ECG,13182,2,0,0,0,0,0
430502,ECG,13183,-164,0,0,0,0,0
430502,ECG,13184,-212,0,0,0,0,0
430507,ECG,13185,-211,0,0,0,0,0
430507,ECG,13186,-163,0,0,0,0,0
430507,ECG,13187,-85,0,0,0,0,0
430512,ECG,13188,-1,0,0,0,0,0
430512,ECG,13189,58,0,0,0,0,0
430517,ECG,13190,64,0,0,0,0,0
430517,ECG,13191,15,0,0,0,0,0
430517,ECG,13192,-69,0,0,0,0,0
430522,ECG,13193,-153,0,0,0,0,0
430522,ECG,13194,-205,0,0,0,0,0
430527,ECG,13195,-211,0,0,0,0,0
430527,ECG,13196,-172,0,0,0,0,0
430527,ECG,13197,-97,0,0,0,0,0
430532,ECG,13198,-13,0,0,0,0,0
430532,ECG,13199,48,0,0,0,0,0
430537,ECG,13200,58,0,0,0,0,0
430537,ECG,13201,14,0,0,0,0,0
430537,ECG,13202,-65,0,0,0,0,0
430542,ECG,13203,-149,0,0,0,0,0
430542,ECG,13204,-206,0,0,0,0,0
430547,ECG,13205,-171,0,0,0,0,0
430547,ECG,13206,-94,0,0,0,0,0
430552,ECG,13207,-6,0,0,0,0,0
430552,ECG,13208,66,0,0,0,0,0
430557,ECG,13209,56,0,0,0,0,0
430557,ECG,13210,-21,0,0,0,0,0
430562,ECG,13211,-110,0,0,0,0,0
430562,ECG,13212,-176,0,0,0,0,0
430562,ECG,13213,-194,0,0,0,0,0
430567,ECG,13214,-166,0,0,0,0,0
430567,ECG,13215,-99,0,0,0,0,0
430572,ECG,13216,-13,0,0,0,0,0
430572,ECG,13217,57,0,0,0,0,0
430572,ECG,13218,83,0,0,0,0,0
430577,ECG,13219,53,0,0,0,0,0
430577,ECG,13220,-26,0,0,0,0,0
430582,ECG,13221,-117,0,0,0,0,0
430582,ECG,13222,-184,0,0,0,0,0
430582,ECG,13223,-208,0,0,0,0,0
430587,ECG,13224,-184,0,0,0,0,0
430587,ECG,13225,-114,0,0,0,0,0
430592,ECG,13226,-27,0,0,0,0,0
430592,ECG,13227,47,0,0,0,0,0
430592,ECG,13228,85,0,0,0,0,0
430597,ECG,13229,63,0,0,0,0,0
430597,ECG,13230,-7,0,0,0,0,0
430597,ECG,13231,-98,0,0,0,0,0
430602,ECG,13232,-173,0,0,0,0,0
430602,ECG,13233,-206,0,0,0,0,0
430607,ECG,13234,-189,0,0,0,0,0
430607,ECG,13235,-131,0,0,0,0,0
430612,ECG,13236,30,0,0,0,0,0
430612,ECG,13237,76,0,0,0,0,0
430617,ECG,13238,65,0,0,0,0,0
430617,ECG,13239,-2,0,0,0,0,0
430617,ECG,13240,-94,0,0,0,0,0
430622,ECG,13241,-176,0,0,0,0,0
430622,ECG,13242,-220,0,0,0,0,0
430627,ECG,13243,-212,0,0,0,0,0
430627,ECG,13244,-155,0,0,0,0,0
430627,ECG,13245,-68,0,0,0,0,0
430632,ECG,13246,22,0,0,0,0,0
430632,ECG,13247,84,0,0,0,0,0
430637,ECG,13248,90,0,0,0,0,0
430637,ECG,13249,43,0,0,0,0,0
430637,ECG,13250,-38,0,0,0,0,0
430642,ECG,13251,-124,0,0,0,0,0
430642,ECG,13252,-178,0,0,0,0,0
430647,ECG,13253,-180,0,0,0,0,0
430647,ECG,13254,-138,0,0,0,0,0
430647,ECG,13255,-66,0,0,0,0,0
430652,ECG,13256,15,0,0,0,0,0
430652,ECG,13257,70,0,0,0,0,0
430652,ECG,13258,79,0,0,0,0,0
430657,ECG,13259,32,0,0,0,0,0
430657,ECG,13260,-52,0,0,0,0,0
430662,ECG,13261,-135,0,0,0,0,0
430662,ECG,13262,-187,0,0,0,0,0
430662,ECG,13263,-193,0,0,0,0,0
430667,ECG,13264,-152,0,0,0,0,0
430667,ECG,13265,-75,0,0,0,0,0
430672,ECG,13266,9,0,0,0,0,0
430672,ECG,13267,70,0,0,0,0,0
430672,ECG,13268,86,0,0,0,0,0
430677,ECG,13269,46,0,0,0,0,0
430677,ECG,13270,-36,0,0,0,0,0
430682,ECG,13271,-124,0,0,0,0,0
430682,ECG,13272,-187,0,0,0,0,0
430682,ECG,13273,-202,0,0,0,0,0
430687,ECG,13274,-167,0,0,0,0,0
430687,ECG,13275,-95,0,0,0,0,0
430692,ECG,13276,-8,0,0,0,0,0
430692,ECG,13277,63,0,0,0,0,0
430692,ECG,13278,87,0,0,0,0,0
430697,ECG,13279,52,0,0,0,0,0
430697,ECG,13280,-32,0,0,0,0,0
430702,ECG,13281,-204,0,0,0,0,0
430702,ECG,13282,-231,0,0,0,0,0
430707,ECG,13283,-205,0,0,0,0,0
430707,ECG,13284,-137,0,0,0,0,0
430712,ECG,13285,26,0,0,0,0,0
430712,ECG,13286,62,0,0,0,0,0
430717,ECG,13287,40,0,0,0,0,0
430717,ECG,13288,-30,0,0,0,0,0
430717,ECG,13289,-117,0,0,0,0,0
430722,ECG,13290,-191,0,0,0,0,0
430722,ECG,13291,-218,0,0,0,0,0
430727,ECG,13292,-194,0,0,0,0,0
430727,ECG,13293,-132,0,0,0,0,0
430727,ECG,13294,-42,0,0,0,0,0
430732,ECG,13295,39,0,0,0,0,0
430732,ECG,13296,78,0,0,0,0,0
430737,ECG,13297,62,0,0,0,0,0
430737,ECG,13298,-6,0,0,0,0,0
430737,ECG,13299,-100,0,0,0,0,0
430742,ECG,13300,-181,0,0,0,0,0
430742,ECG,13301,-223,0,0,0,0,0
430742,ECG,13302,-214,0,0,0,0,0
430748,ECG,13303,-156,0,0,0,0,0
430748,ECG,13304,-71,0,0,0,0,0
430753,ECG,13305,13,0,0,0,0,0
430753,ECG,13306,68,0,0,0,0,0
430753,ECG,13307,66,0,0,0,0,0
430758,ECG,13308,6,0,0,0,0,0
430758,ECG,13309,-81,0,0,0,0,0
430758,ECG,13310,-161,0,0,0,0,0
430763,ECG,13311,-205,0,0,0,0,0
427169,IMU,1248,1312,-140,8356,-88,58,49
427187,IMU,1249,1308,-92,8436,-97,51,21
427205,IMU,1250,1288,-252,8348,-87,62,64
427223,IMU,1251,1228,-264,8492,-80,56,49
427242,IMU,1252,1240,-184,8320,-86,68,54
427262,IMU,1253,1152,-96,8400,-92,48,37
427281,IMU,1254,1256,-152,8420,-86,42,38
427300,IMU,1255,1316,-180,8360,-89,63,36
427319,IMU,1256,1244,-248,8440,-81,68,45
427338,IMU,1257,1296,-100,8472,-87,56,38
427357,IMU,1258,1284,-88,8364,-84,64,24
427376,IMU,1259,1316,-196,8328,-94,72,52
427397,IMU,1260,1304,-156,8400,-89,56,38
427415,IMU,1261,1264,-132,8372,-80,72,59
427433,IMU,1262,1204,-172,8404,-88,52,39
427452,IMU,1263,1228,-140,8384,-86,52,30
427472,IMU,1264,1280,-152,8364,-106,54,46
427491,IMU,1265,1280,-168,8368,-77,56,30
427510,IMU,1266,1164,-208,8356,-93,36,55
427529,IMU,1267,1304,-196,8424,-96,52,44
427548,IMU,1268,1340,-304,8484,-85,65,48
427567,IMU,1269,1328,-192,8372,-77,48,51
427586,IMU,1270,1228,-108,8396,-88,69,37
427609,IMU,1271,1300,-208,8432,-91,64,42
427625,IMU,1272,1252,-220,8384,-73,59,41
427643,IMU,1273,1220,-196,8404,-84,70,56
427662,IMU,1274,1340,-220,8400,-81,55,43
427682,IMU,1275,1252,-188,8364,-90,53,31
427701,IMU,1276,1396,-140,8428,-88,42,57
427720,IMU,1277,1328,-188,8408,-88,70,36
427739,IMU,1278,1220,-100,8292,-83,56,41
427758,IMU,1279,1204,-116,8408,-95,47,36
427777,IMU,1280,1316,-156,8436,-74,63,51
427796,IMU,1281,1260,-164,8388,-79,53,49
427816,IMU,1282,1308,-188,8408,-95,47,47
427837,IMU,1283,1180,-120,8440,-88,62,28
427854,IMU,1284,1244,-220,8388,-84,63,43
427873,IMU,1285,1344,-248,8364,-83,73,23
427892,IMU,1286,1384,-252,8428,-88,67,39
427911,IMU,1287,1208,-272,8464,-88,62,30
427930,IMU,1288,1244,-204,8348,-89,53,41
427949,IMU,1289,1280,-92,8340,-76,46,27
427968,IMU,1290,1284,-204,8432,-87,52,41
427987,IMU,1291,1328,-156,8428,-74,67,36
428007,IMU,1292,1380,-296,8500,-93,66,31
428026,IMU,1293,1232,-240,8476,-91,52,46
428046,IMU,1294,1344,-240,8392,-93,54,45
428064,IMU,1295,1264,-156,8400,-99,50,29
428083,IMU,1296,1236,-208,8508,-79,68,35
428102,IMU,1297,1284,-148,8392,-81,53,45
428121,IMU,1298,1260,-208,8444,-80,60,57
428140,IMU,1299,1340,-240,8440,-88,57,37
428160,IMU,1300,1256,-224,8340,-96,63,57
428178,IMU,1301,1308,-208,8400,-89,50,60
428197,IMU,1302,1280,-176,8256,-95,58,46
428217,IMU,1303,1272,-264,8428,-74,67,44
428236,IMU,1304,1336,-164,8476,-100,61,49
428256,IMU,1305,1244,-212,8452,-85,62,57
428276,IMU,1306,1284,-196,8468,-101,59,31
428293,IMU,1307,1320,-196,8448,-93,42,38
428312,IMU,1308,1244,-128,8452,-90,77,41
428332,IMU,1309,1276,-152,8420,-84,71,54
428351,IMU,1310,1476,-136,8420,-97,68,58
428369,IMU,1311,1276,-164,8368,-93,56,48
428389,IMU,1312,1248,-148,8424,-87,60,31
428408,IMU,1313,1320,-100,8356,-89,81,45
428427,IMU,1314,1432,-200,8356,-77,59,48
428446,IMU,1315,1332,-184,8400,-100,69,36
428465,IMU,1316,1332,-136,8416,-79,60,42
428486,IMU,1317,1284,-204,8420,-85,70,44
428503,IMU,1318,1260,-116,8392,-88,56,45
428522,IMU,1319,1228,-144,8464,-79,56,55
428542,IMU,1320,1196,-84,8376,-96,75,46
428561,IMU,1321,1356,-120,8388,-80,57,40
428580,IMU,1322,1244,-224,8392,-84,53,46
428598,IMU,1323,1224,-220,8384,-104,58,40
428618,IMU,1324,1204,-228,8384,-74,62,29
428637,IMU,1325,1252,-156,8344,-88,58,28
428656,IMU,1326,1400,-144,8456,-107,65,52
428675,IMU,1327,1288,-156,8400,-92,54,49
428705,IMU,1328,1124,-136,8412,-79,73,46
428714,IMU,1329,1260,-140,8380,-95,42,46
428733,IMU,1330,1256,-228,8376,-77,41,43
428752,IMU,1331,1264,-120,8388,-102,65,39
428771,IMU,1332,1412,-116,8360,-108,50,29
428790,IMU,1333,1304,-224,8424,-102,61,45
428809,IMU,1334,1312,-212,8428,-83,61,62
428828,IMU,1335,1288,-208,8468,-81,61,41
428847,IMU,1336,1304,-148,8432,-90,66,49
428866,IMU,1337,1236,-236,8360,-92,59,47
428886,IMU,1338,1264,-204,8328,-93,57,39
428904,IMU,1339,1224,-192,8264,-81,70,53
428925,IMU,1340,1312,-200,8372,-86,42,42
428943,IMU,1341,1240,-160,8428,-90,47,27
428962,IMU,1342,1272,-240,8416,-88,68,25
428981,IMU,1343,1328,-100,8324,-102,55,30
429000,IMU,1344,1288,-164,8452,-86,66,52
429019,IMU,1345,1220,-240,8360,-75,59,42
429038,IMU,1346,1284,-36,8444,-88,76,34
429057,IMU,1347,1244,-120,8344,-106,55,48
429076,IMU,1348,1192,-268,8364,-94,60,51
429096,IMU,1349,1284,-128,8428,-104,62,46
429114,IMU,1350,1220,-280,8400,-70,45,46
429136,IMU,1351,1376,-84,8472,-83,66,45
429156,IMU,1352,1304,-176,8408,-88,54,42
429180,IMU,1353,1288,-192,8376,-109,48,53
429191,IMU,1354,1356,-144,8396,-68,51,38
429210,IMU,1355,1232,-208,8396,-83,59,49
429229,IMU,1356,1236,-136,8352,-72,51,41
429248,IMU,1357,1332,-188,8360,-95,42,42
429267,IMU,1358,1340,-208,8376,-81,46,41
429286,IMU,1359,1272,-152,8424,-95,50,39
429306,IMU,1360,1376,-140,8448,-90,73,35
429324,IMU,1361,1352,-188,8476,-79,50,33
429344,IMU,1362,1260,-236,8316,-86,71,37
429364,IMU,1363,1264,-144,8380,-89,55,39
429382,IMU,1364,1352,-220,8384,-105,49,34
429401,IMU,1365,1220,-152,8356,-75,81,26
429420,IMU,1366,1284,-92,8448,-84,64,66
429439,IMU,1367,1176,-116,8388,-86,64,54
429459,IMU,1368,1384,-180,8416,-98,81,62
429478,IMU,1369,1288,-68,8344,-97,60,59
429497,IMU,1370,1188,-172,8404,-95,72,55
429516,IMU,1371,1264,-156,8292,-93,78,55
429535,IMU,1372,1204,-148,8324,-80,57,46
429554,IMU,1373,1412,-132,8456,-85,48,40
429576,IMU,1374,1248,-124,8396,-107,55,45
429592,IMU,1375,1264,-180,8376,-90,73,49
429611,IMU,1376,1232,-212,8388,-87,59,61
429630,IMU,1377,1284,-240,8364,-88,67,44
429649,IMU,1378,1268,-136,8356,-93,56,48
429669,IMU,1379,1364,-212,8380,-69,67,39
429688,IMU,1380,1308,-188,8456,-87,73,37
429707,IMU,1381,1324,-172,8480,-94,59,46
429726,IMU,1382,1264,-48,8400,-72,65,52
429745,IMU,1383,1316,-124,8376,-71,46,49
429764,IMU,1384,1268,-252,8404,-78,67,43
429783,IMU,1385,1360,-136,8396,-94,47,53
429804,IMU,1386,1312,-108,8428,-104,50,42
429822,IMU,1387,1304,-88,8448,-76,69,35
429840,IMU,1388,1240,-104,8452,-81,61,42
429859,IMU,1389,1224,-192,8448,-77,68,43
429879,IMU,1390,1396,-164,8424,-88,68,40
429898,IMU,1391,1236,-196,8388,-105,75,44
429917,IMU,1392,1396,-132,8444,-78,49,49
429936,IMU,1393,1356,-208,8360,-67,58,45
429955,IMU,1394,1312,-224,8432,-92,56,38
429974,IMU,1395,1308,-200,8404,-98,70,48
429993,IMU,1396,1300,-136,8352,-73,46,43
430014,IMU,1397,1212,-112,8448,-80,55,52
430032,IMU,1398,1200,-128,8396,-88,70,41
430050,IMU,1399,1276,-208,8460,-86,55,53
430069,IMU,1400,1200,-240,8348,-92,44,54
430089,IMU,1401,1308,-164,8472,-90,56,59
430108,IMU,1402,1316,-220,8424,-92,44,43
430127,IMU,1403,1280,-224,8460,-90,77,40
430146,IMU,1404,1256,-216,8380,-95,50,45
430165,IMU,1405,1224,-164,8320,-89,69,39
430184,IMU,1406,1324,-252,8408,-80,63,52
430204,IMU,1407,1312,-128,8420,-74,51,39
430224,IMU,1408,1348,-104,8372,-88,69,44
430244,IMU,1409,1384,-272,8420,-85,71,39
430261,IMU,1410,1240,-64,8384,-81,56,47
430280,IMU,1411,1236,-112,8508,-95,70,47
430299,IMU,1412,1320,-124,8400,-83,59,44
430318,IMU,1413,1324,-144,8388,-79,59,61
430337,IMU,1414,1232,-224,8356,-99,61,45
430356,IMU,1415,1284,-152,8396,-83,62,53
430375,IMU,1416,1368,-204,8408,-86,60,31
430395,IMU,1417,1320,-128,8340,-93,54,38
430414,IMU,1418,1236,-212,8356,-79,62,45
430433,IMU,1419,1296,-164,8372,-73,58,57
430453,IMU,1420,1272,-196,8528,-87,67,39
430472,IMU,1421,1352,-216,8404,-82,59,49
430490,IMU,1422,1268,-160,8484,-91,69,48
430509,IMU,1423,1268,-196,8416,-79,64,45
430528,IMU,1424,1256,-192,8468,-73,69,55
430547,IMU,1425,1200,-216,8412,-101,53,48
430566,IMU,1426,1224,-112,8420,-82,52,45
430585,IMU,1427,1188,-172,8488,-69,67,40
430605,IMU,1428,1240,-208,8492,-83,63,35
430624,IMU,1429,1224,-180,8320,-92,72,37
430643,IMU,1430,1240,-220,8388,-80,49,52
430665,IMU,1431,1220,-220,8396,-90,53,49
430682,IMU,1432,1280,-192,8400,-94,69,50
430701,IMU,1433,1188,-124,8388,-101,60,41
430719,IMU,1434,1216,-160,8368,-101,60,41
430738,IMU,1435,1204,-160,8404,-96,58,56
430757,IMU,1436,1276,-208,8428,-88,55,34
430776,IMU,1437,1292,-272,8464,-69,47,40
430796,IMU,1438,1232,-172,8364,-89,76,35
430815,IMU,1439,1364,-300,8416,-101,57,46
430835,IMU,1440,1324,-136,8392,-97,52,35
430853,IMU,1441,1320,-256,8372,-92,50,38
430872,IMU,1442,1184,-180,8368,-99,51,38
430894,IMU,1443,1288,-128,8404,-92,59,30
430910,IMU,1444,1268,-208,8388,-85,72,37
430929,IMU,1445,1260,-188,8384,-96,68,61
430949,IMU,1446,1376,-236,8416,-92,47,36
430967,IMU,1447,1280,-168,8344,-74,56,33
430986,IMU,1448,1312,-248,8388,-92,60,52
431006,IMU,1449,1304,-132,8376,-86,70,52
431025,IMU,1450,1260,-140,8388,-83,63,53
431044,IMU,1451,1376,-188,8348,-86,69,45
431063,IMU,1452,1316,-164,8364,-95,69,43
431082,IMU,1453,1220,-188,8420,-91,67,44
431104,IMU,1454,1264,-148,8432,-96,61,40
431120,IMU,1455,1264,-288,8396,-88,57,46
430763,ECG,13312,-199,0,0,0,0,0
430768,ECG,13313,-149,0,0,0,0,0
430768,ECG,13314,-66,0,0,0,0,0
430773,ECG,13315,78,0,0,0,0,0
430773,ECG,13316,85,0,0,0,0,0
430778,ECG,13317,35,0,0,0,0,0
430778,ECG,13318,-55,0,0,0,0,0
430778,ECG,13319,-145,0,0,0,0,0
430783,ECG,13320,-207,0,0,0,0,0
430783,ECG,13321,-221,0,0,0,0,0
430788,ECG,13322,-186,0,0,0,0,0
430788,ECG,13323,-110,0,0,0,0,0
430788,ECG,13324,-22,0,0,0,0,0
430793,ECG,13325,45,0,0,0,0,0
430793,ECG,13326,67,0,0,0,0,0
430798,ECG,13327,30,0,0,0,0,0
430798,ECG,13328,-48,0,0,0,0,0
430798,ECG,13329,-137,0,0,0,0,0
430803,ECG,13330,-201,0,0,0,0,0
430803,ECG,13331,-216,0,0,0,0,0
430808,ECG,13332,-112,0,0,0,0,0
430808,ECG,13333,-23,0,0,0,0,0
430813,ECG,13334,52,0,0,0,0,0
430813,ECG,13335,79,0,0,0,0,0
430813,ECG,13336,45,0,0,0,0,0
430818,ECG,13337,-33,0,0,0,0,0
430818,ECG,13338,-117,0,0,0,0,0
430823,ECG,13339,-179,0,0,0,0,0
430823,ECG,13340,-199,0,0,0,0,0
430823,ECG,13341,-167,0,0,0,0,0
430828,ECG,13342,-100,0,0,0,0,0
430828,ECG,13343,-19,0,0,0,0,0
430833,ECG,13344,47,0,0,0,0,0
430833,ECG,13345,70,0,0,0,0,0
430833,ECG,13346,35,0,0,0,0,0
430838,ECG,13347,-44,0,0,0,0,0
430838,ECG,13348,-137,0,0,0,0,0
430843,ECG,13349,-205,0,0,0,0,0
430843,ECG,13350,-224,0,0,0,0,0
430843,ECG,13351,-193,0,0,0,0,0
430848,ECG,13352,-122,0,0,0,0,0
430848,ECG,13353,-28,0,0,0,0,0
430853,ECG,13354,49,0,0,0,0,0
430853,ECG,13355,89,0,0,0,0,0
430853,ECG,13356,73,0,0,0,0,0
430858,ECG,13357,4,0,0,0,0,0
430858,ECG,13358,-84,0,0,0,0,0
430863,ECG,13359,-187,0,0,0,0,0
430863,ECG,13360,-165,0,0,0,0,0
430868,ECG,13361,-101,0,0,0,0,0
430868,ECG,13362,-16,0,0,0,0,0
430868,ECG,13363,63,0,0,0,0,0
430873,ECG,13364,108,0,0,0,0,0
430873,ECG,13365,97,0,0,0,0,0
430878,ECG,13366,34,0,0,0,0,0
430878,ECG,13367,-56,0,0,0,0,0
430878,ECG,13368,-137,0,0,0,0,0
430883,ECG,13369,-179,0,0,0,0,0
430883,ECG,13370,-174,0,0,0,0,0
430888,ECG,13371,-126,0,0,0,0,0
430888,ECG,13372,-49,0,0,0,0,0
430888,ECG,13373,28,0,0,0,0,0
430893,ECG,13374,73,0,0,0,0,0
430893,ECG,13375,69,0,0,0,0,0
430898,ECG,13376,12,0,0,0,0,0
430898,ECG,13377,-71,0,0,0,0,0
430898,ECG,13378,-149,0,0,0,0,0
430903,ECG,13379,-196,0,0,0,0,0
430903,ECG,13380,-192,0,0,0,0,0
430908,ECG,13381,-142,0,0,0,0,0
430908,ECG,13382,-64,0,0,0,0,0
430908,ECG,13383,18,0,0,0,0,0
430913,ECG,13384,72,0,0,0,0,0
430913,ECG,13385,75,0,0,0,0,0
430918,ECG,13386,-70,0,0,0,0,0
430918,ECG,13387,-162,0,0,0,0,0
430923,ECG,13388,-220,0,0,0,0,0
430923,ECG,13389,-228,0,0,0,0,0
430928,ECG,13390,-102,0,0,0,0,0
430928,ECG,13391,-4,0,0,0,0,0
430933,ECG,13392,68,0,0,0,0,0
430933,ECG,13393,93,0,0,0,0,0
430933,ECG,13394,58,0,0,0,0,0
430938,ECG,13395,-23,0,0,0,0,0
430938,ECG,13396,-112,0,0,0,0,0
430943,ECG,13397,-178,0,0,0,0,0
430943,ECG,13398,-199,0,0,0,0,0
430943,ECG,13399,-171,0,0,0,0,0
430948,ECG,13400,-104,0,0,0,0,0
430948,ECG,13401,-23,0,0,0,0,0
430953,ECG,13402,45,0,0,0,0,0
430953,ECG,13403,67,0,0,0,0,0
430953,ECG,13404,33,0,0,0,0,0
430958,ECG,13405,-42,0,0,0,0,0
430958,ECG,13406,-127,0,0,0,0,0
430963,ECG,13407,-189,0,0,0,0,0
430963,ECG,13408,-205,0,0,0,0,0
430963,ECG,13409,-173,0,0,0,0,0
430968,ECG,13410,-102,0,0,0,0,0
430968,ECG,13411,-13,0,0,0,0,0
430968,ECG,13412,61,0,0,0,0,0
430973,ECG,13413,96,0,0,0,0,0
430973,ECG,13414,76,0,0,0,0,0
430978,ECG,13415,7,0,0,0,0,0
430978,ECG,13416,-78,0,0,0,0,0
430983,ECG,13417,-181,0,0,0,0,0
430983,ECG,13418,-163,0,0,0,0,0
430988,ECG,13419,-110,0,0,0,0,0
430988,ECG,13420,-36,0,0,0,0,0
430988,ECG,13421,34,0,0,0,0,0
430993,ECG,13422,69,0,0,0,0,0
430993,ECG,13423,52,0,0,0,0,0
430998,ECG,13424,-12,0,0,0,0,0
430998,ECG,13425,-98,0,0,0,0,0
430998,ECG,13426,-171,0,0,0,0,0
431003,ECG,13427,-204,0,0,0,0,0
431003,ECG,13428,-187,0,0,0,0,0
431008,ECG,13429,-130,0,0,0,0,0
431008,ECG,13430,-45,0,0,0,0,0
431008,ECG,13431,37,0,0,0,0,0
431013,ECG,13432,83,0,0,0,0,0
431013,ECG,13433,75,0,0,0,0,0
431018,ECG,13434,15,0,0,0,0,0
431018,ECG,13435,-76,0,0,0,0,0
431018,ECG,13436,-158,0,0,0,0,0
431023,ECG,13437,-207,0,0,0,0,0
431023,ECG,13438,-203,0,0,0,0,0
431023,ECG,13439,-155,0,0,0,0,0
431028,ECG,13440,-76,0,0,0,0,0
431028,ECG,13441,6,0,0,0,0,0
431033,ECG,13442,61,0,0,0,0,0
431033,ECG,13443,67,0,0,0,0,0
431033,ECG,13444,17,0,0,0,0,0
431038,ECG,13445,-68,0,0,0,0,0
431038,ECG,13446,-152,0,0,0,0,0
431043,ECG,13447,-202,0,0,0,0,0
431043,ECG,13448,-203,0,0,0,0,0
431043,ECG,13449,-157,0,0,0,0,0
431048,ECG,13450,-78,0,0,0,0,0
431048,ECG,13451,12,0,0,0,0,0
431053,ECG,13452,74,0,0,0,0,0
431053,ECG,13453,90,0,0,0,0,0
431053,ECG,13454,46,0,0,0,0,0
431058,ECG,13455,-38,0,0,0,0,0
431058,ECG,13456,-126,0,0,0,0,0
431063,ECG,13457,-185,0,0,0,0,0
431063,ECG,13458,-196,0,0,0,0,0
431063,ECG,13459,-158,0,0,0,0,0
431068,ECG,13460,-85,0,0,0,0,0
431068,ECG,13461,1,0,0,0,0,0
431073,ECG,13462,82,0,0,0,0,0
431073,ECG,13463,38,0,0,0,0,0
431078,ECG,13464,-46,0,0,0,0,0
431078,ECG,13465,-138,0,0,0,0,0
431083,ECG,13466,-221,0,0,0,0,0
431083,ECG,13467,-185,0,0,0,0,0
431088,ECG,13468,-113,0,0,0,0,0
431088,ECG,13469,-20,0,0,0,0,0
431088,ECG,13470,57,0,0,0,0,0
431093,ECG,13471,89,0,0,0,0,0
431093,ECG,13472,64,0,0,0,0,0
431098,ECG,13473,-8,0,0,0,0,0
431098,ECG,13474,-97,0,0,0,0,0
431098,ECG,13475,-163,0,0,0,0,0
431103,ECG,13476,-188,0,0,0,0,0
431103,ECG,13477,-163,0,0,0,0,0
431108,ECG,13478,-96,0,0,0,0,0
431108,ECG,13479,-10,0,0,0,0,0
431108,ECG,13480,66,0,0,0,0,0
431113,ECG,13481,107,0,0,0,0,0
431113,ECG,13482,92,0,0,0,0,0
431118,ECG,13483,26,0,0,0,0,0
431118,ECG,13484,-59,0,0,0,0,0
431118,ECG,13485,-133,0,0,0,0,0
431123,ECG,13486,-172,0,0,0,0,0
431123,ECG,13487,-164,0,0,0,0,0
431128,ECG,13488,-44,0,0,0,0,0
431128,ECG,13489,28,0,0,0,0,0
431133,ECG,13490,66,0,0,0,0,0
431133,ECG,13491,55,0,0,0,0,0
431138,ECG,13492,-92,0,0,0,0,0
431138,ECG,13493,-169,0,0,0,0,0
431143,ECG,13494,-213,0,0,0,0,0
431143,ECG,13495,-207,0,0,0,0,0
431143,ECG,13496,-155,0,0,0,0,0
431148,ECG,13497,-74,0,0,0,0,0
431148,ECG,13498,10,0,0,0,0,0
431153,ECG,13499,66,0,0,0,0,0
431153,ECG,13500,68,0,0,0,0,0
431153,ECG,13501,12,0,0,0,0,0
431158,ECG,13502,-72,0,0,0,0,0
431158,ECG,13503,-152,0,0,0,0,0
431163,ECG,13504,-202,0,0,0,0,0
431163,ECG,13505,-199,0,0,0,0,0
431163,ECG,13506,-149,0,0,0,0,0
431168,ECG,13507,-68,0,0,0,0,0
431168,ECG,13508,21,0,0,0,0,0
431173,ECG,13509,80,0,0,0,0,0
431173,ECG,13510,87,0,0,0,0,0
431173,ECG,13511,37,0,0,0,0,0
431178,ECG,13512,-52,0,0,0,0,0
431178,ECG,13513,-142,0,0,0,0,0
431183,ECG,13514,-208,0,0,0,0,0
431183,ECG,13515,-170,0,0,0,0,0
431188,ECG,13516,-92,0,0,0,0,0
431188,ECG,13517,-4,0,0,0,0,0
431193,ECG,13518,78,0,0,0,0,0
431193,ECG,13519,39,0,0,0,0,0
431198,ECG,13520,-42,0,0,0,0,0
431198,ECG,13521,-130,0,0,0,0,0
431198,ECG,13522,-192,0,0,0,0,0
431203,ECG,13523,-207,0,0,0,0,0
431203,ECG,13524,-176,0,0,0,0,0
431208,ECG,13525,-110,0,0,0,0,0
431208,ECG,13526,-25,0,0,0,0,0
431208,ECG,13527,44,0,0,0,0,0
431213,ECG,13528,69,0,0,0,0,0
431213,ECG,13529,40,0,0,0,0,0
431218,ECG,13530,-29,0,0,0,0,0
431218,ECG,13531,-112,0,0,0,0,0
431218,ECG,13532,-176,0,0,0,0,0
431223,ECG,13533,-196,0,0,0,0,0
431223,ECG,13534,-170,0,0,0,0,0
431228,ECG,13535,-30,0,0,0,0,0
431228,ECG,13536,40,0,0,0,0,0
431233,ECG,13537,71,0,0,0,0,0
431233,ECG,13538,46,0,0,0,0,0
431233,ECG,13539,-28,0,0,0,0,0
431238,ECG,13540,-119,0,0,0,0,0
431238,ECG,13541,-189,0,0,0,0,0
431243,ECG,13542,-217,0,0,0,0,0
431243,ECG,13543,-196,0,0,0,0,0
431243,ECG,13544,-132,0,0,0,0,0
431248,ECG,13545,-46,0,0,0,0,0
431248,ECG,13546,34,0,0,0,0,0
431253,ECG,13547,78,0,0,0,0,0
431253,ECG,13548,66,0,0,0,0,0
431253,ECG,13549,5,0,0,0,0,0
431258,ECG,13550,-84,0,0,0,0,0
431258,ECG,13551,-162,0,0,0,0,0
431263,ECG,13552,-201,0,0,0,0,0
431263,ECG,13553,-186,0,0,0,0,0
431263,ECG,13554,-131,0,0,0,0,0
431314,ECG,13555,-51,0,0,0,0,0
431314,ECG,13556,33,0,0,0,0,0
431314,ECG,13557,83,0,0,0,0,0
431314,ECG,13558,76,0,0,0,0,0
431314,ECG,13559,15,0,0,0,0,0
431314,ECG,13560,-75,0,0,0,0,0
431314,ECG,13561,-158,0,0,0,0,0
431314,ECG,13562,-206,0,0,0,0,0
431314,ECG,13563,-204,0,0,0,0,0
431314,ECG,13564,-155,0,0,0,0,0
431314,ECG,13565,-73,0,0,0,0,0
431314,ECG,13566,10,0,0,0,0,0
431314,ECG,13567,64,0,0,0,0,0
431314,ECG,13568,73,0,0,0,0,0
431314,ECG,13569,22,0,0,0,0,0
431314,ECG,13570,-65,0,0,0,0,0
431314,ECG,13571,-145,0,0,0,0,0
431314,ECG,13572,-200,0,0,0,0,0
431314,ECG,13573,-208,0,0,0,0,0
431314,ECG,13574,-168,0,0,0,0,0
431314,ECG,13575,-96,0,0,0,0,0
431314,ECG,13576,-15,0,0,0,0,0
431314,ECG,13577,47,0,0,0,0,0
431314,ECG,13578,64,0,0,0,0,0
431314,ECG,13579,26,0,0,0,0,0
431314,ECG,13580,-52,0,0,0,0,0
431319,ECG,13581,-135,0,0,0,0,0
431319,ECG,13582,-195,0,0,0,0,0
431324,ECG,13583,-178,0,0,0,0,0
431324,ECG,13584,-112,0,0,0,0,0
431329,ECG,13585,-27,0,0,0,0,0
431329,ECG,13586,46,0,0,0,0,0
431334,ECG,13587,39,0,0,0,0,0
431334,ECG,13588,-39,0,0,0,0,0
431339,ECG,13589,-134,0,0,0,0,0
431339,ECG,13590,-208,0,0,0,0,0
431339,ECG,13591,-230,0,0,0,0,0
431344,ECG,13592,-202,0,0,0,0,0
431344,ECG,13593,-133,0,0,0,0,0
431349,ECG,13594,-43,0,0,0,0,0
431349,ECG,13595,37,0,0,0,0,0
431349,ECG,13596,76,0,0,0,0,0
431354,ECG,13597,53,0,0,0,0,0
431354,ECG,13598,-23,0,0,0,0,0
431359,ECG,13599,-120,0,0,0,0,0
431359,ECG,13600,-199,0,0,0,0,0
431359,ECG,13601,-237,0,0,0,0,0
431364,ECG,13602,-220,0,0,0,0,0
431364,ECG,13603,-152,0,0,0,0,0
431369,ECG,13604,-59,0,0,0,0,0
431369,ECG,13605,25,0,0,0,0,0
431369,ECG,13606,75,0,0,0,0,0
431374,ECG,13607,70,0,0,0,0,0
431374,ECG,13608,7,0,0,0,0,0
431379,ECG,13609,-171,0,0,0,0,0
431379,ECG,13610,-223,0,0,0,0,0
431384,ECG,13611,-222,0,0,0,0,0
431384,ECG,13612,-174,0,0,0,0,0
431389,ECG,13613,-5,0,0,0,0,0
431389,ECG,13614,56,0,0,0,0,0
431394,ECG,13615,59,0,0,0,0,0
431394,ECG,13616,9,0,0,0,0,0
431394,ECG,13617,-73,0,0,0,0,0
431399,ECG,13618,-157,0,0,0,0,0
431399,ECG,13619,-208,0,0,0,0,0
431404,ECG,13620,-211,0,0,0,0,0
431404,ECG,13621,-168,0,0,0,0,0
431404,ECG,13622,-91,0,0,0,0,0
431409,ECG,13623,-6,0,0,0,0,0
431409,ECG,13624,53,0,0,0,0,0
431414,ECG,13625,62,0,0,0,0,0
431414,ECG,13626,18,0,0,0,0,0
431414,ECG,13627,-63,0,0,0,0,0
431419,ECG,13628,-147,0,0,0,0,0
431419,ECG,13629,-200,0,0,0,0,0
431419,ECG,13630,-206,0,0,0,0,0
431425,ECG,13631,-168,0,0,0,0,0
431425,ECG,13632,-95,0,0,0,0,0
431430,ECG,13633,54,0,0,0,0,0
431430,ECG,13634,72,0,0,0,0,0
431435,ECG,13635,32,0,0,0,0,0
431435,ECG,13636,-48,0,0,0,0,0
431440,ECG,13637,-187,0,0,0,0,0
431440,ECG,13638,-197,0,0,0,0,0
431445,ECG,13639,-154,0,0,0,0,0
431445,ECG,13640,-78,0,0,0,0,0
431445,ECG,13641,9,0,0,0,0,0
431450,ECG,13642,78,0,0,0,0,0
431450,ECG,13643,102,0,0,0,0,0
431455,ECG,13644,63,0,0,0,0,0
431455,ECG,13645,-18,0,0,0,0,0
431455,ECG,13646,-110,0,0,0,0,0
431460,ECG,13647,-181,0,0,0,0,0
431460,ECG,13648,-205,0,0,0,0,0
431465,ECG,13649,-182,0,0,0,0,0
431465,ECG,13650,-117,0,0,0,0,0
431465,ECG,13651,-31,0,0,0,0,0
431470,ECG,13652,38,0,0,0,0,0
431470,ECG,13653,70,0,0,0,0,0
431475,ECG,13654,49,0,0,0,0,0
431475,ECG,13655,-22,0,0,0,0,0
431475,ECG,13656,-113,0,0,0,0,0
431480,ECG,13657,-186,0,0,0,0,0
431480,ECG,13658,-220,0,0,0,0,0
431485,ECG,13659,-148,0,0,0,0,0
431485,ECG,13660,-66,0,0,0,0,0
431490,ECG,13661,12,0,0,0,0,0
431490,ECG,13662,55,0,0,0,0,0
431495,ECG,13663,-23,0,0,0,0,0
431495,ECG,13664,-108,0,0,0,0,0
431500,ECG,13665,-186,0,0,0,0,0
431500,ECG,13666,-224,0,0,0,0,0
431500,ECG,13667,-208,0,0,0,0,0
431505,ECG,13668,-152,0,0,0,0,0
431505,ECG,13669,-68,0,0,0,0,0
431510,ECG,13670,16,0,0,0,0,0
431510,ECG,13671,65,0,0,0,0,0
431510,ECG,13672,60,0,0,0,0,0
431515,ECG,13673,0,0,0,0,0,0
431515,ECG,13674,-91,0,0,0,0,0
431520,ECG,13675,-175,0,0,0,0,0
431520,ECG,13676,-222,0,0,0,0,0
431520,ECG,13677,-219,0,0,0,0,0
431525,ECG,13678,-169,0,0,0,0,0
431525,ECG,13679,-86,0,0,0,0,0
431530,ECG,13680,0,0,0,0,0,0
431530,ECG,13681,59,0,0,0,0,0
431530,ECG,13682,68,0,0,0,0,0
431535,ECG,13683,18,0,0,0,0,0
431535,ECG,13684,-67,0,0,0,0,0
431540,ECG,13685,-204,0,0,0,0,0
431540,ECG,13686,-207,0,0,0,0,0
431545,ECG,13687,-163,0,0,0,0,0
431545,ECG,13688,-86,0,0,0,0,0
431550,ECG,13689,54,0,0,0,0,0
431550,ECG,13690,65,0,0,0,0,0
431555,ECG,13691,17,0,0,0,0,0
431555,ECG,13692,-73,0,0,0,0,0
431555,ECG,13693,-163,0,0,0,0,0
431560,ECG,13694,-224,0,0,0,0,0
431560,ECG,13695,-237,0,0,0,0,0
431565,ECG,13696,-201,0,0,0,0,0
431565,ECG,13697,-130,0,0,0,0,0
431565,ECG,13698,-48,0,0,0,0,0
431570,ECG,13699,16,0,0,0,0,0
431570,ECG,13700,38,0,0,0,0,0
431575,ECG,13701,2,0,0,0,0,0
431575,ECG,13702,-72,0,0,0,0,0
431575,ECG,13703,-152,0,0,0,0,0
431580,ECG,13704,-210,0,0,0,0,0
431580,ECG,13705,-219,0,0,0,0,0
431585,ECG,13706,-181,0,0,0,0,0
431585,ECG,13707,-110,0,0,0,0,0
431585,ECG,13708,-23,0,0,0,0,0
431590,ECG,13709,48,0,0,0,0,0
431590,ECG,13710,76,0,0,0,0,0
431595,ECG,13711,-27,0,0,0,0,0
431595,ECG,13712,-121,0,0,0,0,0
431600,ECG,13713,-193,0,0,0,0,0
431600,ECG,13714,-221,0,0,0,0,0
431605,ECG,13715,-138,0,0,0,0,0
431605,ECG,13716,-52,0,0,0,0,0
431610,ECG,13717,27,0,0,0,0,0
431610,ECG,13718,68,0,0,0,0,0
431610,ECG,13719,53,0,0,0,0,0
431615,ECG,13720,-13,0,0,0,0,0
431615,ECG,13721,-102,0,0,0,0,0
431620,ECG,13722,-177,0,0,0,0,0
431620,ECG,13723,-213,0,0,0,0,0
431620,ECG,13724,-196,0,0,0,0,0
431625,ECG,13725,-138,0,0,0,0,0
431625,ECG,13726,-52,0,0,0,0,0
431630,ECG,13727,31,0,0,0,0,0
431630,ECG,13728,82,0,0,0,0,0
431630,ECG,13729,80,0,0,0,0,0
431635,ECG,13730,21,0,0,0,0,0
431635,ECG,13731,-69,0,0,0,0,0
431640,ECG,13732,-150,0,0,0,0,0
431640,ECG,13733,-199,0,0,0,0,0
431640,ECG,13734,-198,0,0,0,0,0
431645,ECG,13735,-153,0,0,0,0,0
431645,ECG,13736,-77,0,0,0,0,0
431650,ECG,13737,61,0,0,0,0,0
431650,ECG,13738,64,0,0,0,0,0
431655,ECG,13739,11,0,0,0,0,0
431655,ECG,13740,-73,0,0,0,0,0
431660,ECG,13741,-211,0,0,0,0,0
431660,ECG,13742,-209,0,0,0,0,0
431665,ECG,13743,-162,0,0,0,0,0
431665,ECG,13744,-82,0,0,0,0,0
431665,ECG,13745,9,0,0,0,0,0
431670,ECG,13746,75,0,0,0,0,0
431670,ECG,13747,91,0,0,0,0,0
431675,ECG,13748,46,0,0,0,0,0
431675,ECG,13749,-42,0,0,0,0,0
431675,ECG,13750,-130,0,0,0,0,0
431680,ECG,13751,-190,0,0,0,0,0
431680,ECG,13752,-205,0,0,0,0,0
431685,ECG,13753,-171,0,0,0,0,0
431685,ECG,13754,-97,0,0,0,0,0
431685,ECG,13755,-11,0,0,0,0,0
431690,ECG,13756,56,0,0,0,0,0
431690,ECG,13757,79,0,0,0,0,0
431695,ECG,13758,42,0,0,0,0,0
431695,ECG,13759,-35,0,0,0,0,0
431695,ECG,13760,-121,0,0,0,0,0
431700,ECG,13761,-186,0,0,0,0,0
431700,ECG,13762,-203,0,0,0,0,0
431700,ECG,13763,-170,0,0,0,0,0
431705,ECG,13764,-101,0,0,0,0,0
431705,ECG,13765,-12,0,0,0,0,0
431710,ECG,13766,61,0,0,0,0,0
431710,ECG,13767,90,0,0,0,0,0
431715,ECG,13768,-20,0,0,0,0,0
431715,ECG,13769,-115,0,0,0,0,0
431720,ECG,13770,-190,0,0,0,0,0
431720,ECG,13771,-221,0,0,0,0,0
431720,ECG,13772,-201,0,0,0,0,0
431725,ECG,13773,-136,0,0,0,0,0
431725,ECG,13774,-47,0,0,0,0,0
431730,ECG,13775,32,0,0,0,0,0
431730,ECG,13776,74,0,0,0,0,0
431730,ECG,13777,55,0,0,0,0,0
431735,ECG,13778,-11,0,0,0,0,0
431735,ECG,13779,-100,0,0,0,0,0
431740,ECG,13780,-174,0,0,0,0,0
431740,ECG,13781,-204,0,0,0,0,0
431740,ECG,13782,-184,0,0,0,0,0
431745,ECG,13783,-125,0,0,0,0,0
431745,ECG,13784,-40,0,0,0,0,0
431750,ECG,13785,77,0,0,0,0,0
431750,ECG,13786,61,0,0,0,0,0
431755,ECG,13787,-9,0,0,0,0,0
431755,ECG,13788,-106,0,0,0,0,0
431755,ECG,13789,-191,0,0,0,0,0
431760,ECG,13790,-237,0,0,0,0,0
431760,ECG,13791,-229,0,0,0,0,0
431765,ECG,13792,-173,0,0,0,0,0
431765,ECG,13793,-90,0,0,0,0,0
431765,ECG,13794,-2,0,0,0,0,0
431770,ECG,13795,57,0,0,0,0,0
431770,ECG,13796,59,0,0,0,0,0
431775,ECG,13797,3,0,0,0,0,0
431775,ECG,13798,-84,0,0,0,0,0
431775,ECG,13799,-168,0,0,0,0,0
431780,ECG,13800,-221,0,0,0,0,0
431780,ECG,13801,-221,0,0,0,0,0
431785,ECG,13802,-174,0,0,0,0,0
431785,ECG,13803,-92,0,0,0,0,0
431785,ECG,13804,-1,0,0,0,0,0
431790,ECG,13805,59,0,0,0,0,0
431790,ECG,13806,70,0,0,0,0,0
431795,ECG,13807,25,0,0,0,0,0
431795,ECG,13808,-62,0,0,0,0,0
431795,ECG,13809,-149,0,0,0,0,0
431800,ECG,13810,-206,0,0,0,0,0
431800,ECG,13811,-218,0,0,0,0,0
431805,ECG,13812,-107,0,0,0,0,0
431805,ECG,13813,-26,0,0,0,0,0
431810,ECG,13814,34,0,0,0,0,0
431810,ECG,13815,52,0,0,0,0,0
431815,ECG,13816,-70,0,0,0,0,0
431815,ECG,13817,-152,0,0,0,0,0
431820,ECG,13818,-212,0,0,0,0,0
431820,ECG,13819,-221,0,0,0,0,0
431820,ECG,13820,-178,0,0,0,0,0
431825,ECG,13821,-105,0,0,0,0,0
431825,ECG,13822,-14,0,0,0,0,0
431830,ECG,13823,59,0,0,0,0,0
431830,ECG,13824,82,0,0,0,0,0
431830,ECG,13825,46,0,0,0,0,0
431835,ECG,13826,-31,0,0,0,0,0
431835,ECG,13827,-125,0,0,0,0,0
431840,ECG,13828,-193,0,0,0,0,0
431840,ECG,13829,-215,0,0,0,0,0
431840,ECG,13830,-187,0,0,0,0,0
431845,ECG,13831,-118,0,0,0,0,0
431845,ECG,13832,-28,0,0,0,0,0
431850,ECG,13833,44,0,0,0,0,0
431850,ECG,13834,74,0,0,0,0,0
431850,ECG,13835,45,0,0,0,0,0
431855,ECG,13836,-29,0,0,0,0,0
431855,ECG,13837,-119,0,0,0,0,0
431855,ECG,13838,-190,0,0,0,0,0
431860,ECG,13839,-217,0,0,0,0,0
431860,ECG,13840,-195,0,0,0,0,0
431865,ECG,13841,-135,0,0,0,0,0
431865,ECG,13842,-52,0,0,0,0,0
431870,ECG,13843,57,0,0,0,0,0
431870,ECG,13844,42,0,0,0,0,0
431875,ECG,13845,-23,0,0,0,0,0
431875,ECG,13846,-108,0,0,0,0,0
431875,ECG,13847,-176,0,0,0,0,0
431880,ECG,13848,-206,0,0,0,0,0
431880,ECG,13849,-194,0,0,0,0,0
431885,ECG,13850,-141,0,0,0,0,0
431885,ECG,13851,-64,0,0,0,0,0
431885,ECG,13852,6,0,0,0,0,0
431890,ECG,13853,47,0,0,0,0,0
431890,ECG,13854,43,0,0,0,0,0
431895,ECG,13855,-14,0,0,0,0,0
431895,ECG,13856,-91,0,0,0,0,0
431895,ECG,13857,-157,0,0,0,0,0
431900,ECG,13858,-193,0,0,0,0,0
431900,ECG,13859,-181,0,0,0,0,0
431905,ECG,13860,-129,0,0,0,0,0
431905,ECG,13861,-55,0,0,0,0,0
431905,ECG,13862,21,0,0,0,0,0
431910,ECG,13863,64,0,0,0,0,0
431910,ECG,13864,57,0,0,0,0,0
431915,ECG,13865,-79,0,0,0,0,0
431915,ECG,13866,-155,0,0,0,0,0
431920,ECG,13867,-198,0,0,0,0,0
431920,ECG,13868,-193,0,0,0,0,0
431925,ECG,13869,-71,0,0,0,0,0
431925,ECG,13870,3,0,0,0,0,0
431930,ECG,13871,49,0,0,0,0,0
431930,ECG,13872,48,0,0,0,0,0
431930,ECG,13873,-7,0,0,0,0,0
431935,ECG,13874,-89,0,0,0,0,0
431935,ECG,13875,-168,0,0,0,0,0
431940,ECG,13876,-217,0,0,0,0,0
431940,ECG,13877,-216,0,0,0,0,0
431940,ECG,13878,-172,0,0,0,0,0
431945,ECG,13879,-99,0,0,0,0,0
431945,ECG,13880,-16,0,0,0,0,0
431950,ECG,13881,42,0,0,0,0,0
431950,ECG,13882,55,0,0,0,0,0
431950,ECG,13883,16,0,0,0,0,0
431955,ECG,13884,-60,0,0,0,0,0
431955,ECG,13885,-142,0,0,0,0,0
431960,ECG,13886,-196,0,0,0,0,0
431960,ECG,13887,-211,0,0,0,0,0
431960,ECG,13888,-182,0,0,0,0,0
431965,ECG,13889,-117,0,0,0,0,0
431965,ECG,13890,-37,0,0,0,0,0
431965,ECG,13891,23,0,0,0,0,0
431970,ECG,13892,45,0,0,0,0,0
431970,ECG,13893,16,0,0,0,0,0
431975,ECG,13894,-50,0,0,0,0,0
431975,ECG,13895,-125,0,0,0,0,0
431980,ECG,13896,-192,0,0,0,0,0
431980,ECG,13897,-160,0,0,0,0,0
431985,ECG,13898,-96,0,0,0,0,0
431985,ECG,13899,-15,0,0,0,0,0
431985,ECG,13900,52,0,0,0,0,0
431990,ECG,13901,79,0,0,0,0,0
431990,ECG,13902,53,0,0,0,0,0
431995,ECG,13903,-14,0,0,0,0,0
431995,ECG,13904,-93,0,0,0,0,0
431995,ECG,13905,-152,0,0,0,0,0
432000,ECG,13906,-175,0,0,0,0,0
432000,ECG,13907,-156,0,0,0,0,0
432005,ECG,13908,-104,0,0,0,0,0
432005,ECG,13909,-34,0,0,0,0,0
432005,ECG,13910,25,0,0,0,0,0
432010,ECG,13911,51,0,0,0,0,0
432010,ECG,13912,29,0,0,0,0,0
432015,ECG,13913,-110,0,0,0,0,0
432015,ECG,13914,-171,0,0,0,0,0
432020,ECG,13915,-194,0,0,0,0,0
432020,ECG,13916,-171,0,0,0,0,0
432020,ECG,13917,-115,0,0,0,0,0
432025,ECG,13918,-42,0,0,0,0,0
432025,ECG,13919,29,0,0,0,0,0
432030,ECG,13920,64,0,0,0,0,0
432030,ECG,13921,48,0,0,0,0,0
432030,ECG,13922,-11,0,0,0,0,0
432035,ECG,13923,-94,0,0,0,0,0
432035,ECG,13924,-168,0,0,0,0,0
432040,ECG,13925,-205,0,0,0,0,0
432040,ECG,13926,-199,0,0,0,0,0
432040,ECG,13927,-150,0,0,0,0,0
432045,ECG,13928,-74,0,0,0,0,0
432045,ECG,13929,-2,0,0,0,0,0
432050,ECG,13930,42,0,0,0,0,0
432050,ECG,13931,42,0,0,0,0,0
432050,ECG,13932,-9,0,0,0,0,0
432055,ECG,13933,-87,0,0,0,0,0
432055,ECG,13934,-157,0,0,0,0,0
432060,ECG,13935,-199,0,0,0,0,0
432060,ECG,13936,-192,0,0,0,0,0
432060,ECG,13937,-142,0,0,0,0,0
432065,ECG,13938,-66,0,0,0,0,0
432065,ECG,13939,16,0,0,0,0,0
432070,ECG,13940,76,0,0,0,0,0
432070,ECG,13941,27,0,0,0,0,0
432075,ECG,13942,-59,0,0,0,0,0
432075,ECG,13943,-146,0,0,0,0,0
432075,ECG,13944,-200,0,0,0,0,0
432080,ECG,13945,-203,0,0,0,0,0
432080,ECG,13946,-158,0,0,0,0,0
432085,ECG,13947,-79,0,0,0,0,0
432085,ECG,13948,8,0,0,0,0,0
432085,ECG,13949,72,0,0,0,0,0
432090,ECG,13950,89,0,0,0,0,0
432090,ECG,13951,44,0,0,0,0,0
432095,ECG,13952,-41,0,0,0,0,0
432095,ECG,13953,-133,0,0,0,0,0
432095,ECG,13954,-198,0,0,0,0,0
432100,ECG,13955,-215,0,0,0,0,0
432100,ECG,13956,-178,0,0,0,0,0
432105,ECG,13957,-104,0,0,0,0,0
432105,ECG,13958,-14,0,0,0,0,0
432105,ECG,13959,57,0,0,0,0,0
432110,ECG,13960,84,0,0,0,0,0
432110,ECG,13961,57,0,0,0,0,0
432115,ECG,13962,-17,0,0,0,0,0
432115,ECG,13963,-108,0,0,0,0,0
432115,ECG,13964,-178,0,0,0,0,0
432120,ECG,13965,-206,0,0,0,0,0
432120,ECG,13966,-184,0,0,0,0,0
432125,ECG,13967,-34,0,0,0,0,0
432125,ECG,13968,40,0,0,0,0,0
432130,ECG,13969,75,0,0,0,0,0
432130,ECG,13970,53,0,0,0,0,0
432130,ECG,13971,-14,0,0,0,0,0
432135,ECG,13972,-101,0,0,0,0,0
432135,ECG,13973,-173,0,0,0,0,0
432140,ECG,13974,-202,0,0,0,0,0
432140,ECG,13975,-179,0,0,0,0,0
432140,ECG,13976,-118,0,0,0,0,0
432145,ECG,13977,-33,0,0,0,0,0
432145,ECG,13978,44,0,0,0,0,0
432150,ECG,13979,82,0,0,0,0,0
432150,ECG,13980,63,0,0,0,0,0
432150,ECG,13981,-6,0,0,0,0,0
432155,ECG,13982,-96,0,0,0,0,0
432155,ECG,13983,-173,0,0,0,0,0
432160,ECG,13984,-212,0,0,0,0,0
432160,ECG,13985,-197,0,0,0,0,0
432160,ECG,13986,-139,0,0,0,0,0
432165,ECG,13987,-54,0,0,0,0,0
432165,ECG,13988,27,0,0,0,0,0
432170,ECG,13989,74,0,0,0,0,0
432170,ECG,13990,66,0,0,0,0,0
432170,ECG,13991,6,0,0,0,0,0
432175,ECG,13992,-85,0,0,0,0,0
432175,ECG,13993,-170,0,0,0,0,0
432180,ECG,13994,-218,0,0,0,0,0
432180,ECG,13995,-170,0,0,0,0,0
432185,ECG,13996,-92,0,0,0,0,0
432185,ECG,13997,-9,0,0,0,0,0
432190,ECG,13998,52,0,0,0,0,0
432190,ECG,13999,7,0,0,0,0,0
432195,ECG,14000,-73,0,0,0,0,0
432195,ECG,14001,-154,0,0,0,0,0
432195,ECG,14002,-203,0,0,0,0,0
432200,ECG,14003,-205,0,0,0,0,0
432200,ECG,14004,-164,0,0,0,0,0
432205,ECG,14005,-90,0,0,0,0,0
432205,ECG,14006,-7,0,0,0,0,0
432205,ECG,14007,50,0,0,0,0,0
432210,ECG,14008,59,0,0,0,0,0
432210,ECG,14009,15,0,0,0,0,0
432215,ECG,14010,-65,0,0,0,0,0
432215,ECG,14011,-148,0,0,0,0,0
432215,ECG,14012,-205,0,0,0,0,0
432220,ECG,14013,-213,0,0,0,0,0
432220,ECG,14014,-172,0,0,0,0,0
432225,ECG,14015,-98,0,0,0,0,0
432225,ECG,14016,-14,0,0,0,0,0
432225,ECG,14017,51,0,0,0,0,0
432230,ECG,14018,68,0,0,0,0,0
432230,ECG,14019,28,0,0,0,0,0
432235,ECG,14020,-150,0,0,0,0,0
432235,ECG,14021,-217,0,0,0,0,0
432240,ECG,14022,-237,0,0,0,0,0
432240,ECG,14023,-202,0,0,0,0,0
432245,ECG,14024,-33,0,0,0,0,0
432245,ECG,14025,47,0,0,0,0,0
432250,ECG,14026,83,0,0,0,0,0
432250,ECG,14027,58,0,0,0,0,0
432250,ECG,14028,-18,0,0,0,0,0
432255,ECG,14029,-115,0,0,0,0,0
432255,ECG,14030,-194,0,0,0,0,0
432260,ECG,14031,-228,0,0,0,0,0
432260,ECG,14032,-210,0,0,0,0,0
432260,ECG,14033,-146,0,0,0,0,0
432265,ECG,14034,-56,0,0,0,0,0
432265,ECG,14035,28,0,0,0,0,0
432270,ECG,14036,75,0,0,0,0,0
432270,ECG,14037,63,0,0,0,0,0
432270,ECG,14038,-3,0,0,0,0,0
432276,ECG,14039,-95,0,0,0,0,0
432276,ECG,14040,-176,0,0,0,0,0
432276,ECG,14041,-217,0,0,0,0,0
432281,ECG,14042,-204,0,0,0,0,0
432281,ECG,14043,-145,0,0,0,0,0
432286,ECG,14044,29,0,0,0,0,0
432286,ECG,14045,84,0,0,0,0,0
432291,ECG,14046,78,0,0,0,0,0
432291,ECG,14047,14,0,0,0,0,0
432296,ECG,14048,-176,0,0,0,0,0
432296,ECG,14049,-225,0,0,0,0,0
432301,ECG,14050,-221,0,0,0,0,0
432301,ECG,14051,-171,0,0,0,0,0
432301,ECG,14052,-84,0,0,0,0,0
432352,ECG,14053,7,0,0,0,0,0
432352,ECG,14054,62,0,0,0,0,0
432352,ECG,14055,65,0,0,0,0,0
432352,ECG,14056,9,0,0,0,0,0
432352,ECG,14057,-86,0,0,0,0,0
432352,ECG,14058,-173,0,0,0,0,0
432352,ECG,14059,-224,0,0,0,0,0
432352,ECG,14060,-225,0,0,0,0,0
432352,ECG,14061,-171,0,0,0,0,0
432352,ECG,14062,-88,0,0,0,0,0
432352,ECG,14063,-1,0,0,0,0,0
432352,ECG,14064,66,0,0,0,0,0
432352,ECG,14065,79,0,0,0,0,0
432352,ECG,14066,30,0,0,0,0,0
432352,ECG,14067,-56,0,0,0,0,0
432352,ECG,14068,-146,0,0,0,0,0
432352,ECG,14069,-211,0,0,0,0,0
432352,ECG,14070,-227,0,0,0,0,0
432352,ECG,14071,-196,0,0,0,0,0
432352,ECG,14072,-131,0,0,0,0,0
432352,ECG,14073,-48,0,0,0,0,0
432352,ECG,14074,17,0,0,0,0,0
432352,ECG,14075,40,0,0,0,0,0
432352,ECG,14076,7,0,0,0,0,0
432352,ECG,14077,-69,0,0,0,0,0
432352,ECG,14078,-154,0,0,0,0,0
432357,ECG,14079,-217,0,0,0,0,0
432357,ECG,14080,-234,0,0,0,0,0
432362,ECG,14081,-202,0,0,0,0,0
432362,ECG,14082,-131,0,0,0,0,0
432362,ECG,14083,-41,0,0,0,0,0
432367,ECG,14084,37,0,0,0,0,0
432367,ECG,14085,73,0,0,0,0,0
432372,ECG,14086,50,0,0,0,0,0
432372,ECG,14087,-25,0,0,0,0,0
432372,ECG,14088,-120,0,0,0,0,0
432377,ECG,14089,-199,0,0,0,0,0
432377,ECG,14090,-232,0,0,0,0,0
432382,ECG,14091,-135,0,0,0,0,0
432382,ECG,14092,-36,0,0,0,0,0
432387,ECG,14093,56,0,0,0,0,0
432387,ECG,14094,113,0,0,0,0,0
432392,ECG,14095,38,0,0,0,0,0
432392,ECG,14096,-56,0,0,0,0,0
432397,ECG,14097,-143,0,0,0,0,0
432397,ECG,14098,-195,0,0,0,0,0
432397,ECG,14099,-193,0,0,0,0,0
432402,ECG,14100,-142,0,0,0,0,0
432402,ECG,14101,-58,0,0,0,0,0
432407,ECG,14102,27,0,0,0,0,0
432407,ECG,14103,79,0,0,0,0,0
432407,ECG,14104,80,0,0,0,0,0
432412,ECG,14105,22,0,0,0,0,0
432412,ECG,14106,-69,0,0,0,0,0
432417,ECG,14107,-155,0,0,0,0,0
432417,ECG,14108,-203,0,0,0,0,0
432417,ECG,14109,-202,0,0,0,0,0
432422,ECG,14110,-155,0,0,0,0,0
432422,ECG,14111,-75,0,0,0,0,0
432427,ECG,14112,62,0,0,0,0,0
432427,ECG,14113,65,0,0,0,0,0
432432,ECG,14114,8,0,0,0,0,0
432432,ECG,14115,-80,0,0,0,0,0
432432,ECG,14116,-168,0,0,0,0,0
432437,ECG,14117,-223,0,0,0,0,0
432437,ECG,14118,-222,0,0,0,0,0
432442,ECG,14119,-176,0,0,0,0,0
432442,ECG,14120,-98,0,0,0,0,0
432442,ECG,14121,-7,0,0,0,0,0
432447,ECG,14122,57,0,0,0,0,0
432447,ECG,14123,67,0,0,0,0,0
432452,ECG,14124,22,0,0,0,0,0
432452,ECG,14125,-64,0,0,0,0,0
432452,ECG,14126,-154,0,0,0,0,0
432457,ECG,14127,-215,0,0,0,0,0
432457,ECG,14128,-227,0,0,0,0,0
432462,ECG,14129,-189,0,0,0,0,0
432462,ECG,14130,-110,0,0,0,0,0
432462,ECG,14131,-17,0,0,0,0,0
432467,ECG,14132,56,0,0,0,0,0
432467,ECG,14133,84,0,0,0,0,0
432472,ECG,14134,51,0,0,0,0,0
432472,ECG,14135,-31,0,0,0,0,0
432472,ECG,14136,-123,0,0,0,0,0
432477,ECG,14137,-194,0,0,0,0,0
432477,ECG,14138,-217,0,0,0,0,0
432482,ECG,14139,-118,0,0,0,0,0
432482,ECG,14140,-26,0,0,0,0,0
432487,ECG,14141,55,0,0,0,0,0
432487,ECG,14142,91,0,0,0,0,0
432492,ECG,14143,-6,0,0,0,0,0
432492,ECG,14144,-102,0,0,0,0,0
432497,ECG,14145,-181,0,0,0,0,0
432497,ECG,14146,-216,0,0,0,0,0
432497,ECG,14147,-199,0,0,0,0,0
432502,ECG,14148,-139,0,0,0,0,0
432502,ECG,14149,-53,0,0,0,0,0
432507,ECG,14150,26,0,0,0,0,0
432507,ECG,14151,68,0,0,0,0,0
432507,ECG,14152,53,0,0,0,0,0
432512,ECG,14153,-16,0,0,0,0,0
432512,ECG,14154,-105,0,0,0,0,0
432517,ECG,14155,-182,0,0,0,0,0
432517,ECG,14156,-221,0,0,0,0,0
432517,ECG,14157,-206,0,0,0,0,0
432522,ECG,14158,-147,0,0,0,0,0
432522,ECG,14159,-64,0,0,0,0,0
432527,ECG,14160,17,0,0,0,0,0
432527,ECG,14161,62,0,0,0,0,0
432527,ECG,14162,54,0,0,0,0,0
432532,ECG,14163,-9,0,0,0,0,0
432532,ECG,14164,-101,0,0,0,0,0
432532,ECG,14165,-185,0,0,0,0,0
432537,ECG,14166,-230,0,0,0,0,0
432537,ECG,14167,-225,0,0,0,0,0
432542,ECG,14168,-172,0,0,0,0,0
432542,ECG,14169,-84,0,0,0,0,0
432547,ECG,14170,74,0,0,0,0,0
432547,ECG,14171,85,0,0,0,0,0
432552,ECG,14172,36,0,0,0,0,0
432552,ECG,14173,-49,0,0,0,0,0
432552,ECG,14174,-139,0,0,0,0,0
432557,ECG,14175,-201,0,0,0,0,0
432557,ECG,14176,-211,0,0,0,0,0
432562,ECG,14177,-171,0,0,0,0,0
432562,ECG,14178,-98,0,0,0,0,0
432562,ECG,14179,-12,0,0,0,0,0
432567,ECG,14180,54,0,0,0,0,0
432567,ECG,14181,71,0,0,0,0,0
432572,ECG,14182,28,0,0,0,0,0
432572,ECG,14183,-55,0,0,0,0,0
432572,ECG,14184,-141,0,0,0,0,0
432577,ECG,14185,-202,0,0,0,0,0
432577,ECG,14186,-215,0,0,0,0,0
432582,ECG,14187,-177,0,0,0,0,0
432582,ECG,14188,-103,0,0,0,0,0
432582,ECG,14189,-15,0,0,0,0,0
432587,ECG,14190,51,0,0,0,0,0
432587,ECG,14191,73,0,0,0,0,0
432587,ECG,14192,36,0,0,0,0,0
432592,ECG,14193,-44,0,0,0,0,0
432592,ECG,14194,-134,0,0,0,0,0
432597,ECG,14195,-201,0,0,0,0,0
432597,ECG,14196,-221,0,0,0,0,0
432602,ECG,14197,-120,0,0,0,0,0
432602,ECG,14198,-31,0,0,0,0,0
432607,ECG,14199,42,0,0,0,0,0
432607,ECG,14200,68,0,0,0,0,0
432607,ECG,14201,37,0,0,0,0,0
432612,ECG,14202,-40,0,0,0,0,0
432612,ECG,14203,-137,0,0,0,0,0
432617,ECG,14204,-209,0,0,0,0,0
432617,ECG,14205,-234,0,0,0,0,0
432617,ECG,14206,-205,0,0,0,0,0
432622,ECG,14207,-131,0,0,0,0,0
432622,ECG,14208,-31,0,0,0,0,0
432627,ECG,14209,57,0,0,0,0,0
432627,ECG,14210,102,0,0,0,0,0
432627,ECG,14211,85,0,0,0,0,0
432632,ECG,14212,9,0,0,0,0,0
432632,ECG,14213,-92,0,0,0,0,0
432637,ECG,14214,-232,0,0,0,0,0
432637,ECG,14215,-225,0,0,0,0,0
432642,ECG,14216,-170,0,0,0,0,0
432642,ECG,14217,-86,0,0,0,0,0
432642,ECG,14218,-1,0,0,0,0,0
432647,ECG,14219,54,0,0,0,0,0
432647,ECG,14220,57,0,0,0,0,0
432652,ECG,14221,0,0,0,0,0,0
432652,ECG,14222,-85,0,0,0,0,0
432652,ECG,14223,-166,0,0,0,0,0
432657,ECG,14224,-212,0,0,0,0,0
432657,ECG,14225,-210,0,0,0,0,0
432662,ECG,14226,-160,0,0,0,0,0
432662,ECG,14227,-81,0,0,0,0,0
432662,ECG,14228,3,0,0,0,0,0
432667,ECG,14229,58,0,0,0,0,0
432667,ECG,14230,59,0,0,0,0,0
432672,ECG,14231,2,0,0,0,0,0
432672,ECG,14232,-85,0,0,0,0,0
432672,ECG,14233,-169,0,0,0,0,0
432677,ECG,14234,-222,0,0,0,0,0
432677,ECG,14235,-219,0,0,0,0,0
432682,ECG,14236,-167,0,0,0,0,0
432682,ECG,14237,-83,0,0,0,0,0
432682,ECG,14238,8,0,0,0,0,0
432687,ECG,14239,70,0,0,0,0,0
432687,ECG,14240,76,0,0,0,0,0
432692,ECG,14241,-71,0,0,0,0,0
432692,ECG,14242,-164,0,0,0,0,0
432697,ECG,14243,-224,0,0,0,0,0
432697,ECG,14244,-230,0,0,0,0,0
432702,ECG,14245,-106,0,0,0,0,0
432702,ECG,14246,-9,0,0,0,0,0
432707,ECG,14247,60,0,0,0,0,0
432707,ECG,14248,83,0,0,0,0,0
432707,ECG,14249,49,0,0,0,0,0
432712,ECG,14250,-33,0,0,0,0,0
432712,ECG,14251,-124,0,0,0,0,0
432717,ECG,14252,-190,0,0,0,0,0
432717,ECG,14253,-209,0,0,0,0,0
432717,ECG,14254,-180,0,0,0,0,0
432722,ECG,14255,-113,0,0,0,0,0
432722,ECG,14256,-25,0,0,0,0,0
432727,ECG,14257,49,0,0,0,0,0
432727,ECG,14258,81,0,0,0,0,0
432727,ECG,14259,56,0,0,0,0,0
432732,ECG,14260,-18,0,0,0,0,0
432732,ECG,14261,-106,0,0,0,0,0
432737,ECG,14262,-174,0,0,0,0,0
432737,ECG,14263,-200,0,0,0,0,0
432737,ECG,14264,-176,0,0,0,0,0
432742,ECG,14265,-110,0,0,0,0,0
432742,ECG,14266,-25,0,0,0,0,0
432747,ECG,14267,81,0,0,0,0,0
432747,ECG,14268,61,0,0,0,0,0
432752,ECG,14269,-10,0,0,0,0,0
432752,ECG,14270,-94,0,0,0,0,0
432757,ECG,14271,-190,0,0,0,0,0
432757,ECG,14272,-165,0,0,0,0,0
432762,ECG,14273,-104,0,0,0,0,0
432762,ECG,14274,-23,0,0,0,0,0
432762,ECG,14275,52,0,0,0,0,0
432767,ECG,14276,87,0,0,0,0,0
432767,ECG,14277,64,0,0,0,0,0
432772,ECG,14278,-6,0,0,0,0,0
432772,ECG,14279,-100,0,0,0,0,0
432772,ECG,14280,-183,0,0,0,0,0
432777,ECG,14281,-224,0,0,0,0,0
432777,ECG,14282,-210,0,0,0,0,0
432782,ECG,14283,-153,0,0,0,0,0
432782,ECG,14284,-65,0,0,0,0,0
432782,ECG,14285,22,0,0,0,0,0
432787,ECG,14286,77,0,0,0,0,0
432787,ECG,14287,79,0,0,0,0,0
432792,ECG,14288,21,0,0,0,0,0
432792,ECG,14289,-65,0,0,0,0,0
432792,ECG,14290,-142,0,0,0,0,0
432797,ECG,14291,-188,0,0,0,0,0
432797,ECG,14292,-183,0,0,0,0,0
432802,ECG,14293,-49,0,0,0,0,0
432802,ECG,14294,37,0,0,0,0,0
432807,ECG,14295,91,0,0,0,0,0
432807,ECG,14296,91,0,0,0,0,0
432812,ECG,14297,-59,0,0,0,0,0
432812,ECG,14298,-152,0,0,0,0,0
432817,ECG,14299,-210,0,0,0,0,0
432817,ECG,14300,-215,0,0,0,0,0
432817,ECG,14301,-173,0,0,0,0,0
432822,ECG,14302,-93,0,0,0,0,0
432822,ECG,14303,-3,0,0,0,0,0
432827,ECG,14304,62,0,0,0,0,0
432827,ECG,14305,78,0,0,0,0,0
432827,ECG,14306,34,0,0,0,0,0
432832,ECG,14307,-49,0,0,0,0,0
432832,ECG,14308,-136,0,0,0,0,0
432837,ECG,14309,-195,0,0,0,0,0
432837,ECG,14310,-204,0,0,0,0,0
432837,ECG,14311,-162,0,0,0,0,0
432842,ECG,14312,-88,0,0,0,0,0
432842,ECG,14313,-2,0,0,0,0,0
432847,ECG,14314,82,0,0,0,0,0
432847,ECG,14315,36,0,0,0,0,0
432852,ECG,14316,-49,0,0,0,0,0
432852,ECG,14317,-142,0,0,0,0,0
432852,ECG,14318,-211,0,0,0,0,0
432857,ECG,14319,-228,0,0,0,0,0
432857,ECG,14320,-193,0,0,0,0,0
432862,ECG,14321,-116,0,0,0,0,0
432862,ECG,14322,-22,0,0,0,0,0
432867,ECG,14323,83,0,0,0,0,0
432867,ECG,14324,50,0,0,0,0,0
432872,ECG,14325,-34,0,0,0,0,0
432872,ECG,14326,-134,0,0,0,0,0
432872,ECG,14327,-209,0,0,0,0,0
432877,ECG,14328,-236,0,0,0,0,0
432877,ECG,14329,-211,0,0,0,0,0
432882,ECG,14330,-141,0,0,0,0,0
432882,ECG,14331,-45,0,0,0,0,0
432882,ECG,14332,39,0,0,0,0,0
432887,ECG,14333,82,0,0,0,0,0
432887,ECG,14334,67,0,0,0,0,0
432892,ECG,14335,-1,0,0,0,0,0
427103,PPG,300,144300,69708,0,0,0,0
427187,PPG,301,144306,69692,0,0,0,0
427267,PPG,302,144299,69699,0,0,0,0
427341,PPG,303,144298,69701,0,0,0,0
427421,PPG,304,144290,69698,0,0,0,0
427500,PPG,305,144292,69701,0,0,0,0
427579,PPG,306,144289,69688,0,0,0,0
427658,PPG,307,144279,69689,0,0,0,0
427741,PPG,308,144266,69688,0,0,0,0
427827,PPG,309,144262,69681,0,0,0,0
427896,PPG,310,144254,69678,0,0,0,0
427976,PPG,311,144257,69680,0,0,0,0
428058,PPG,312,144243,69673,0,0,0,0
428134,PPG,313,144250,69668,0,0,0,0
428217,PPG,314,144243,69673,0,0,0,0
428296,PPG,315,144234,69671,0,0,0,0
428372,PPG,316,144228,69661,0,0,0,0
428452,PPG,317,144233,69658,0,0,0,0
428531,PPG,318,144220,69657,0,0,0,0
428610,PPG,319,144211,69655,0,0,0,0
428705,PPG,320,144209,69651,0,0,0,0
428774,PPG,321,144204,69652,0,0,0,0
428852,PPG,322,144199,69639,0,0,0,0
428932,PPG,323,144193,69632,0,0,0,0
429010,PPG,324,144195,69651,0,0,0,0
429088,PPG,325,144184,69635,0,0,0,0
429180,PPG,326,144189,69652,0,0,0,0
429248,PPG,327,144189,69628,0,0,0,0
429327,PPG,328,144186,69630,0,0,0,0
429403,PPG,329,144171,69637,0,0,0,0
429483,PPG,330,144170,69625,0,0,0,0
429562,PPG,331,144159,69626,0,0,0,0
429642,PPG,332,144147,69622,0,0,0,0
429721,PPG,333,144145,69622,0,0,0,0
429806,PPG,334,144148,69621,0,0,0,0
429881,PPG,335,144155,69622,0,0,0,0
429958,PPG,336,144153,69621,0,0,0,0
430038,PPG,337,144123,69608,0,0,0,0
430118,PPG,338,144130,69601,0,0,0,0
430197,PPG,339,144128,69609,0,0,0,0
430276,PPG,340,144101,69599,0,0,0,0
430359,PPG,341,144103,69607,0,0,0,0
430435,PPG,342,144108,69596,0,0,0,0
430514,PPG,343,144099,69602,0,0,0,0
430593,PPG,344,144088,69590,0,0,0,0
430675,PPG,345,144105,69587,0,0,0,0
430752,PPG,346,144092,69590,0,0,0,0
430836,PPG,347,144091,69578,0,0,0,0
430915,PPG,348,144085,69576,0,0,0,0
430991,PPG,349,144067,69576,0,0,0,0
431071,PPG,350,144053,69569,0,0,0,0
431150,PPG,351,144059,69565,0,0,0,0
431230,PPG,352,144053,69576,0,0,0,0
431319,PPG,353,144050,69571,0,0,0,0
431392,PPG,354,144054,69571,0,0,0,0
431467,PPG,355,144049,69561,0,0,0,0
431551,PPG,356,144033,69557,0,0,0,0
431624,PPG,357,144029,69554,0,0,0,0
431703,PPG,358,144026,69558,0,0,0,0
431783,PPG,359,144039,69559,0,0,0,0
431866,PPG,360,144015,69551,0,0,0,0
431944,PPG,361,144022,69560,0,0,0,0
432021,PPG,362,144031,69537,0,0,0,0
432100,PPG,363,144016,69543,0,0,0,0
432179,PPG,364,144003,69541,0,0,0,0
432258,PPG,365,144002,69534,0,0,0,0
432338,PPG,366,143998,69533,0,0,0,0
432425,PPG,367,143997,69539,0,0,0,0
432498,PPG,368,143988,69521,0,0,0,0
432576,PPG,369,143993,69530,0,0,0,0
432655,PPG,370,143983,69526,0,0,0,0
432734,PPG,371,143977,69518,0,0,0,0
432814,PPG,372,143976,69515,0,0,0,0
432898,PPG,373,143982,69527,0,0,0,0
432978,PPG,374,143976,69519,0,0,0,0
433053,PPG,375,143967,69526,0,0,0,0
433133,PPG,376,143956,69525,0,0,0,0
433213,PPG,377,143965,69523,0,0,0,0
433304,PPG,378,143962,69518,0,0,0,0
431139,IMU,1456,1352,-80,8476,-82,63,39
431159,IMU,1457,1292,-192,8424,-73,61,47
431177,IMU,1458,1312,-80,8320,-91,48,37
431196,IMU,1459,1180,-132,8476,-76,52,31
431216,IMU,1460,1204,-152,8380,-91,65,35
431235,IMU,1461,1324,-256,8464,-79,57,51
431254,IMU,1462,1296,-188,8424,-91,68,46
431273,IMU,1463,1192,-172,8416,-87,64,43
431292,IMU,1464,1252,-76,8448,-88,72,37
431312,IMU,1465,1264,-124,8120,-86,79,48
431332,IMU,1466,1240,-136,8452,-86,86,27
431353,IMU,1467,1212,-244,8464,-45,80,54
431370,IMU,1468,1236,-232,8376,-98,68,52
431387,IMU,1469,1300,-152,8440,-82,69,49
431407,IMU,1470,1308,-128,8396,-101,65,20
431426,IMU,1471,1216,-132,8424,-105,54,52
431445,IMU,1472,1328,-92,8448,-74,47,52
431464,IMU,1473,1308,-160,8436,-75,70,49
431483,IMU,1474,1340,-164,8328,-101,61,49
431503,IMU,1475,1376,-268,8452,-98,61,48
431522,IMU,1476,1272,-160,8432,-80,49,60
431542,IMU,1477,1252,-152,8332,-94,59,49
431560,IMU,1478,1324,-156,8396,-95,57,41
431579,IMU,1479,1288,-132,8376,-81,74,27
431598,IMU,1480,1192,-56,8372,-86,68,53
431617,IMU,1481,1320,-164,8432,-102,64,47
431636,IMU,1482,1276,-268,8452,-85,63,31
431655,IMU,1483,1208,-152,8344,-82,48,44
431674,IMU,1484,1280,-36,8348,-87,61,41
431693,IMU,1485,1284,-172,8344,-90,60,42
431713,IMU,1486,1260,-108,8440,-82,56,46
431732,IMU,1487,1232,-200,8396,-96,65,60
431752,IMU,1488,1272,-160,8356,-92,66,51
431771,IMU,1489,1276,-204,8400,-84,79,49
431789,IMU,1490,1244,-184,8396,-77,67,40
431808,IMU,1491,1252,-216,8420,-93,46,38
431827,IMU,1492,1296,-196,8432,-92,54,7
431847,IMU,1493,1388,-152,8324,-106,66,34
431866,IMU,1494,1232,-156,8484,-82,44,46
431884,IMU,1495,1320,-232,8336,-81,66,53
431903,IMU,1496,1336,-152,8460,-98,64,32
431923,IMU,1497,1284,-92,8296,-72,52,45
431942,IMU,1498,1248,-184,8468,-92,68,39
431961,IMU,1499,1320,-156,8424,-77,73,29
431981,IMU,1500,1296,-116,8420,-102,63,48
431999,IMU,1501,1296,-40,8396,-87,36,39
432018,IMU,1502,1204,-168,8412,-90,68,52
432037,IMU,1503,1184,-160,8344,-85,57,40
432056,IMU,1504,1224,-228,8356,-73,86,63
432076,IMU,1505,1272,-196,8376,-84,65,30
432094,IMU,1506,1244,-192,8364,-76,59,48
432113,IMU,1507,1288,-132,8464,-95,61,47
432133,IMU,1508,1248,-128,8472,-85,66,41
432152,IMU,1509,1204,-160,8380,-77,65,44
432171,IMU,1510,1280,-232,8404,-79,56,46
432193,IMU,1511,1128,-192,8348,-90,47,51
432211,IMU,1512,1252,-212,8396,-89,63,54
432228,IMU,1513,1316,-148,8324,-93,66,43
432247,IMU,1514,1228,-128,8420,-92,77,47
432267,IMU,1515,1284,-152,8392,-85,55,60
432285,IMU,1516,1304,-200,8448,-82,57,56
432304,IMU,1517,1452,-176,8572,-85,45,42
432324,IMU,1518,1216,-180,8340,-99,45,46
432343,IMU,1519,1252,-140,8328,-94,39,47
432362,IMU,1520,1248,-164,8392,-84,77,40
432381,IMU,1521,1288,-184,8184,-102,20,41
432400,IMU,1522,1328,-168,8384,-84,56,42
432425,IMU,1523,1348,-236,8376,-87,63,42
432439,IMU,1524,1356,-236,8400,-72,49,29
432458,IMU,1525,1252,-220,8516,-100,71,40
432476,IMU,1526,1296,-188,8344,-85,62,35
432495,IMU,1527,1384,-256,8332,-85,53,55
432515,IMU,1528,1268,-168,8348,-79,57,38
432534,IMU,1529,1268,-208,8404,-85,46,39
432553,IMU,1530,1292,-160,8540,-81,85,51
432572,IMU,1531,1204,-132,8272,-93,74,39
432591,IMU,1532,1232,-200,8472,-82,75,44
432610,IMU,1533,1224,-108,8404,-88,63,42
432634,IMU,1534,1272,-232,8336,-83,51,33
432649,IMU,1535,1248,-172,8508,-86,60,50
432668,IMU,1536,1212,-156,8408,-81,64,40
432687,IMU,1537,1176,-216,8364,-84,60,40
432705,IMU,1538,1388,-140,8364,-84,67,53
432725,IMU,1539,1276,-176,8400,-86,73,31
432744,IMU,1540,1348,-212,8488,-86,56,39
432763,IMU,1541,1228,-224,8368,-82,43,31
432782,IMU,1542,1268,-300,8376,-82,54,45
432801,IMU,1543,1224,-136,8356,-98,63,31
432820,IMU,1544,1400,-152,8376,-88,58,37
432840,IMU,1545,1252,-156,8376,-94,54,42
432860,IMU,1546,1284,-248,8500,-90,66,27
432878,IMU,1547,1252,-192,8328,-83,72,31
432898,IMU,1548,1264,-208,8444,-94,68,37
432916,IMU,1549,1296,-328,8400,-102,56,43
432935,IMU,1550,1316,-164,8444,-68,64,50
432954,IMU,1551,1188,-172,8388,-90,50,49
432973,IMU,1552,1236,-180,8544,-89,52,34
432992,IMU,1553,1388,-108,8320,-83,59,44
433011,IMU,1554,1284,-128,8532,-80,42,46
433030,IMU,1555,1280,-260,8452,-95,56,41
433050,IMU,1556,1228,-284,8344,-105,61,43
433071,IMU,1557,1276,-200,8496,-84,63,38
433088,IMU,1558,1356,-136,8448,-90,56,50
433107,IMU,1559,1288,-188,8408,-72,59,47
433126,IMU,1560,1304,-224,8336,-87,61,41
433145,IMU,1561,1324,-180,8412,-75,59,27
433164,IMU,1562,1264,-200,8372,-85,59,38
433183,IMU,1563,1316,-248,8440,-87,72,54
433203,IMU,1564,1220,-156,8356,-95,67,54
433221,IMU,1565,1204,-148,8436,-98,53,44
433240,IMU,1566,1292,-200,8376,-69,52,34
433260,IMU,1567,1336,-252,8412,-80,56,49
433280,IMU,1568,1288,-160,8324,-78,51,59
433304,IMU,1569,1228,-180,8324,-80,61,49
