timestamp_ms,type,seq,v1,v2,v3,v4,v5,v6
17816,META_START,1,16754,0,0,0,0,0
18977,ECG,0,0,0,0,0,0,0
18977,ECG,1,-1,0,0,0,0,0
18982,ECG,2,-1,0,0,0,0,0
18982,ECG,3,-1,0,0,0,0,0
18987,ECG,4,-2,0,0,0,0,0
18992,ECG,5,-2,0,0,0,0,0
18997,ECG,6,-2,0,0,0,0,0
19002,ECG,7,-4,0,0,0,0,0
19007,ECG,8,-7,0,0,0,0,0
19012,ECG,9,-6,0,0,0,0,0
19017,ECG,10,1,0,0,0,0,0
19017,ECG,11,20,0,0,0,0,0
19022,ECG,12,30,0,0,0,0,0
19027,ECG,13,43,0,0,0,0,0
19032,ECG,14,36,0,0,0,0,0
19037,ECG,15,35,0,0,0,0,0
19042,ECG,16,27,0,0,0,0,0
19047,ECG,17,46,0,0,0,0,0
19052,ECG,18,11,0,0,0,0,0
19052,ECG,19,59,0,0,0,0,0
19057,ECG,20,-18,0,0,0,0,0
19062,ECG,21,538,0,0,0,0,0
19067,ECG,22,1070,0,0,0,0,0
19072,ECG,23,-468,0,0,0,0,0
19072,ECG,24,-2307,0,0,0,0,0
19077,ECG,25,-846,0,0,0,0,0
19082,ECG,26,6485,0,0,0,0,0
19087,ECG,27,18270,0,0,0,0,0
19092,ECG,28,31903,0,0,0,0,0
19097,ECG,29,31504,0,0,0,0,0
19102,ECG,30,30754,0,0,0,0,0
19107,ECG,31,29568,0,0,0,0,0
19107,ECG,32,30030,0,0,0,0,0
19112,ECG,33,29899,0,0,0,0,0
19117,ECG,34,29473,0,0,0,0,0
19122,ECG,35,29140,0,0,0,0,0
19123,ECG,36,28742,0,0,0,0,0
19127,ECG,37,28409,0,0,0,0,0
19132,ECG,38,28035,0,0,0,0,0
19137,ECG,39,27695,0,0,0,0,0
19142,ECG,40,27339,0,0,0,0,0
19142,ECG,41,27002,0,0,0,0,0
19147,ECG,42,26676,0,0,0,0,0
19152,ECG,43,26357,0,0,0,0,0
19157,ECG,44,26044,0,0,0,0,0
19162,ECG,45,25401,0,0,0,0,0
19167,ECG,46,25079,0,0,0,0,0
19172,ECG,47,24765,0,0,0,0,0
19177,ECG,48,24457,0,0,0,0,0
19177,ECG,49,24151,0,0,0,0,0
19182,ECG,50,23848,0,0,0,0,0
19187,ECG,51,23550,0,0,0,0,0
19192,ECG,52,23255,0,0,0,0,0
19197,ECG,53,22964,0,0,0,0,0
19197,ECG,54,22677,0,0,0,0,0
19202,ECG,55,22393,0,0,0,0,0
19207,ECG,56,22113,0,0,0,0,0
19212,ECG,57,21836,0,0,0,0,0
19217,ECG,58,21293,0,0,0,0,0
19222,ECG,59,21026,0,0,0,0,0
19227,ECG,60,20763,0,0,0,0,0
19232,ECG,61,20503,0,0,0,0,0
19232,ECG,62,20246,0,0,0,0,0
19237,ECG,63,19993,0,0,0,0,0
19242,ECG,64,19742,0,0,0,0,0
19247,ECG,65,19495,0,0,0,0,0
19252,ECG,66,19010,0,0,0,0,0
19257,ECG,67,18772,0,0,0,0,0
19262,ECG,68,18537,0,0,0,0,0
19267,ECG,69,18305,0,0,0,0,0
19267,ECG,70,18076,0,0,0,0,0
19272,ECG,71,17849,0,0,0,0,0
19277,ECG,72,17626,0,0,0,0,0
19282,ECG,73,17405,0,0,0,0,0
19287,ECG,74,16972,0,0,0,0,0
19293,ECG,75,16759,0,0,0,0,0
19298,ECG,76,16549,0,0,0,0,0
19298,ECG,77,16342,0,0,0,0,0
19303,ECG,78,16137,0,0,0,0,0
19308,ECG,79,15935,0,0,0,0,0
19313,ECG,80,15735,0,0,0,0,0
19318,ECG,81,15538,0,0,0,0,0
19318,ECG,82,15343,0,0,0,0,0
19323,ECG,83,15151,0,0,0,0,0
19328,ECG,84,14961,0,0,0,0,0
19333,ECG,85,14774,0,0,0,0,0
19338,ECG,86,14406,0,0,0,0,0
19343,ECG,87,14225,0,0,0,0,0
19348,ECG,88,14047,0,0,0,0,0
19353,ECG,89,13871,0,0,0,0,0
19353,ECG,90,13697,0,0,0,0,0
19358,ECG,91,13525,0,0,0,0,0
19363,ECG,92,13356,0,0,0,0,0
19368,ECG,93,13188,0,0,0,0,0
19373,ECG,94,12860,0,0,0,0,0
19378,ECG,95,12699,0,0,0,0,0
19383,ECG,96,12539,0,0,0,0,0
19388,ECG,97,12382,0,0,0,0,0
19388,ECG,98,12227,0,0,0,0,0
19393,ECG,99,12074,0,0,0,0,0
19398,ECG,100,11922,0,0,0,0,0
19403,ECG,101,11773,0,0,0,0,0
19408,ECG,102,11479,0,0,0,0,0
19413,ECG,103,11335,0,0,0,0,0
19418,ECG,104,11193,0,0,0,0,0
19423,ECG,105,11052,0,0,0,0,0
19423,ECG,106,10914,0,0,0,0,0
19428,ECG,107,10777,0,0,0,0,0
19433,ECG,108,10641,0,0,0,0,0
19438,ECG,109,10508,0,0,0,0,0
19443,ECG,110,10246,0,0,0,0,0
19448,ECG,111,10117,0,0,0,0,0
19453,ECG,112,9990,0,0,0,0,0
19458,ECG,113,9865,0,0,0,0,0
19458,ECG,114,9741,0,0,0,0,0
19463,ECG,115,9619,0,0,0,0,0
19468,ECG,116,9498,0,0,0,0,0
19473,ECG,117,9379,0,0,0,0,0
19478,ECG,118,9261,0,0,0,0,0
19478,ECG,119,9145,0,0,0,0,0
19483,ECG,120,9030,0,0,0,0,0
19488,ECG,121,8917,0,0,0,0,0
19493,ECG,122,8805,0,0,0,0,0
19498,ECG,123,8585,0,0,0,0,0
19503,ECG,124,8477,0,0,0,0,0
19508,ECG,125,8371,0,0,0,0,0
19513,ECG,126,8265,0,0,0,0,0
19513,ECG,127,8162,0,0,0,0,0
19518,ECG,128,8059,0,0,0,0,0
19523,ECG,129,7958,0,0,0,0,0
19528,ECG,130,7858,0,0,0,0,0
19529,ECG,131,7759,0,0,0,0,0
19533,ECG,132,7662,0,0,0,0,0
19538,ECG,133,7565,0,0,0,0,0
19543,ECG,134,7470,0,0,0,0,0
19548,ECG,135,7376,0,0,0,0,0
19548,ECG,136,7284,0,0,0,0,0
19553,ECG,137,7192,0,0,0,0,0
19558,ECG,138,7102,0,0,0,0,0
19563,ECG,139,7012,0,0,0,0,0
19568,ECG,140,6837,0,0,0,0,0
19573,ECG,141,6751,0,0,0,0,0
19578,ECG,142,6666,0,0,0,0,0
19583,ECG,143,6582,0,0,0,0,0
19583,ECG,144,6499,0,0,0,0,0
19588,ECG,145,6418,0,0,0,0,0
19593,ECG,146,6337,0,0,0,0,0
19598,ECG,147,6257,0,0,0,0,0
19603,ECG,148,6178,0,0,0,0,0
19603,ECG,149,6101,0,0,0,0,0
19608,ECG,150,6024,0,0,0,0,0
19613,ECG,151,5948,0,0,0,0,0
19618,ECG,152,5873,0,0,0,0,0
19623,ECG,153,5726,0,0,0,0,0
19628,ECG,154,5654,0,0,0,0,0
19633,ECG,155,5583,0,0,0,0,0
19638,ECG,156,5512,0,0,0,0,0
19638,ECG,157,5443,0,0,0,0,0
19643,ECG,158,5374,0,0,0,0,0
19648,ECG,159,5307,0,0,0,0,0
19653,ECG,160,5240,0,0,0,0,0
19658,ECG,161,5108,0,0,0,0,0
19663,ECG,162,5044,0,0,0,0,0
19668,ECG,163,4980,0,0,0,0,0
19673,ECG,164,4918,0,0,0,0,0
19673,ECG,165,4856,0,0,0,0,0
19678,ECG,166,4794,0,0,0,0,0
19683,ECG,167,4734,0,0,0,0,0
19688,ECG,168,4674,0,0,0,0,0
19693,ECG,169,4557,0,0,0,0,0
19698,ECG,170,4499,0,0,0,0,0
19703,ECG,171,4443,0,0,0,0,0
19708,ECG,172,4387,0,0,0,0,0
19708,ECG,173,4331,0,0,0,0,0
19713,ECG,174,4276,0,0,0,0,0
19718,ECG,175,4222,0,0,0,0,0
19723,ECG,176,4169,0,0,0,0,0
19728,ECG,177,4064,0,0,0,0,0
19733,ECG,178,4013,0,0,0,0,0
19738,ECG,179,3962,0,0,0,0,0
19743,ECG,180,3912,0,0,0,0,0
19743,ECG,181,3863,0,0,0,0,0
19748,ECG,182,3814,0,0,0,0,0
19753,ECG,183,3766,0,0,0,0,0
19758,ECG,184,3718,0,0,0,0,0
19763,ECG,185,3671,0,0,0,0,0
19763,ECG,186,3624,0,0,0,0,0
19768,ECG,187,3578,0,0,0,0,0
19773,ECG,188,3533,0,0,0,0,0
19778,ECG,189,3488,0,0,0,0,0
19783,ECG,190,3400,0,0,0,0,0
19788,ECG,191,3357,0,0,0,0,0
19793,ECG,192,3315,0,0,0,0,0
19798,ECG,193,3273,0,0,0,0,0
19798,ECG,194,3231,0,0,0,0,0
19803,ECG,195,3190,0,0,0,0,0
19808,ECG,196,3150,0,0,0,0,0
19813,ECG,197,3110,0,0,0,0,0
19814,ECG,198,3070,0,0,0,0,0
19818,ECG,199,3031,0,0,0,0,0
19823,ECG,200,2993,0,0,0,0,0
19828,ECG,201,2955,0,0,0,0,0
19833,ECG,202,2917,0,0,0,0,0
19833,ECG,203,2880,0,0,0,0,0
19838,ECG,204,2844,0,0,0,0,0
19843,ECG,205,2808,0,0,0,0,0
19848,ECG,206,2772,0,0,0,0,0
19853,ECG,207,2702,0,0,0,0,0
19858,ECG,208,2668,0,0,0,0,0
19863,ECG,209,2634,0,0,0,0,0
19868,ECG,210,2600,0,0,0,0,0
19868,ECG,211,2567,0,0,0,0,0
19873,ECG,212,2534,0,0,0,0,0
19878,ECG,213,2502,0,0,0,0,0
19883,ECG,214,2470,0,0,0,0,0
19888,ECG,215,2439,0,0,0,0,0
19888,ECG,216,2408,0,0,0,0,0
19893,ECG,217,2377,0,0,0,0,0
19898,ECG,218,2347,0,0,0,0,0
19903,ECG,219,2317,0,0,0,0,0
19908,ECG,220,2258,0,0,0,0,0
19913,ECG,221,2229,0,0,0,0,0
19918,ECG,222,2201,0,0,0,0,0
19923,ECG,223,2173,0,0,0,0,0
19923,ECG,224,2145,0,0,0,0,0
19928,ECG,225,2117,0,0,0,0,0
19933,ECG,226,2090,0,0,0,0,0
19938,ECG,227,2064,0,0,0,0,0
19943,ECG,228,2011,0,0,0,0,0
19948,ECG,229,1985,0,0,0,0,0
19953,ECG,230,1960,0,0,0,0,0
19958,ECG,231,1935,0,0,0,0,0
19958,ECG,232,1910,0,0,0,0,0
19969,ECG,233,1886,0,0,0,0,0
19969,ECG,234,1861,0,0,0,0,0
19974,ECG,235,1837,0,0,0,0,0
19974,ECG,236,1814,0,0,0,0,0
19979,ECG,237,1791,0,0,0,0,0
19984,ECG,238,1768,0,0,0,0,0
19989,ECG,239,1745,0,0,0,0,0
19989,ECG,240,1722,0,0,0,0,0
19994,ECG,241,1700,0,0,0,0,0
19999,ECG,242,1678,0,0,0,0,0
20004,ECG,243,1657,0,0,0,0,0
20009,ECG,244,1636,0,0,0,0,0
20009,ECG,245,1615,0,0,0,0,0
20014,ECG,246,1594,0,0,0,0,0
20019,ECG,247,1573,0,0,0,0,0
20024,ECG,248,1553,0,0,0,0,0
20029,ECG,249,1513,0,0,0,0,0
20034,ECG,250,1494,0,0,0,0,0
20039,ECG,251,1475,0,0,0,0,0
20044,ECG,252,1456,0,0,0,0,0
20044,ECG,253,1437,0,0,0,0,0
20049,ECG,254,1418,0,0,0,0,0
20054,ECG,255,1400,0,0,0,0,0
20059,ECG,256,1382,0,0,0,0,0
20060,ECG,257,1364,0,0,0,0,0
20064,ECG,258,1346,0,0,0,0,0
20069,ECG,259,1329,0,0,0,0,0
21076,ECG,260,0,0,0,0,0,0
21076,ECG,261,-1,0,0,0,0,0
21081,ECG,262,-1,0,0,0,0,0
21086,ECG,263,-1,0,0,0,0,0
21091,ECG,264,-2,0,0,0,0,0
21096,ECG,265,-2,0,0,0,0,0
21101,ECG,266,-1,0,0,0,0,0
21106,ECG,267,-4,0,0,0,0,0
21111,ECG,268,-7,0,0,0,0,0
21111,ECG,269,-6,0,0,0,0,0
21116,ECG,270,1,0,0,0,0,0
21121,ECG,271,20,0,0,0,0,0
21126,ECG,272,30,0,0,0,0,0
21127,ECG,273,43,0,0,0,0,0
21131,ECG,274,36,0,0,0,0,0
21136,ECG,275,36,0,0,0,0,0
21141,ECG,276,35,0,0,0,0,0
21146,ECG,277,27,0,0,0,0,0
21146,ECG,278,46,0,0,0,0,0
21151,ECG,279,11,0,0,0,0,0
21156,ECG,280,59,0,0,0,0,0
21161,ECG,281,-18,0,0,0,0,0
21166,ECG,282,1070,0,0,0,0,0
21171,ECG,283,-468,0,0,0,0,0
21176,ECG,284,-2307,0,0,0,0,0
21181,ECG,285,-846,0,0,0,0,0
21181,ECG,286,6485,0,0,0,0,0
21186,ECG,287,18270,0,0,0,0,0
21191,ECG,288,28867,0,0,0,0,0
21196,ECG,289,31903,0,0,0,0,0
21201,ECG,290,31504,0,0,0,0,0
21201,ECG,291,30754,0,0,0,0,0
21206,ECG,292,29568,0,0,0,0,0
21211,ECG,293,30030,0,0,0,0,0
21216,ECG,294,29899,0,0,0,0,0
21221,ECG,295,29140,0,0,0,0,0
21226,ECG,296,28742,0,0,0,0,0
21231,ECG,297,28409,0,0,0,0,0
21236,ECG,298,28035,0,0,0,0,0
21236,ECG,299,27695,0,0,0,0,0
21241,ECG,300,27339,0,0,0,0,0
21246,ECG,301,27002,0,0,0,0,0
21251,ECG,302,26676,0,0,0,0,0
21256,ECG,303,26044,0,0,0,0,0
21261,ECG,304,25722,0,0,0,0,0
21266,ECG,305,25401,0,0,0,0,0
21271,ECG,306,25079,0,0,0,0,0
21271,ECG,307,24765,0,0,0,0,0
21276,ECG,308,24457,0,0,0,0,0
21281,ECG,309,24151,0,0,0,0,0
21286,ECG,310,23848,0,0,0,0,0
21291,ECG,311,23255,0,0,0,0,0
21296,ECG,312,22964,0,0,0,0,0
21301,ECG,313,22677,0,0,0,0,0
21306,ECG,314,22393,0,0,0,0,0
21306,ECG,315,22113,0,0,0,0,0
21311,ECG,316,21836,0,0,0,0,0
21316,ECG,317,21563,0,0,0,0,0
21321,ECG,318,21293,0,0,0,0,0
21326,ECG,319,20763,0,0,0,0,0
21331,ECG,320,20503,0,0,0,0,0
21336,ECG,321,20246,0,0,0,0,0
21341,ECG,322,19993,0,0,0,0,0
21341,ECG,323,19742,0,0,0,0,0
21346,ECG,324,19495,0,0,0,0,0
21351,ECG,325,19251,0,0,0,0,0
21356,ECG,326,19010,0,0,0,0,0
21361,ECG,327,18772,0,0,0,0,0
21361,ECG,328,18537,0,0,0,0,0
21366,ECG,329,18305,0,0,0,0,0
21371,ECG,330,18076,0,0,0,0,0
21376,ECG,331,17849,0,0,0,0,0
21381,ECG,332,17405,0,0,0,0,0
21386,ECG,333,17187,0,0,0,0,0
21391,ECG,334,16972,0,0,0,0,0
21396,ECG,335,16759,0,0,0,0,0
21396,ECG,336,16549,0,0,0,0,0
21401,ECG,337,16342,0,0,0,0,0
21406,ECG,338,16137,0,0,0,0,0
21411,ECG,339,15935,0,0,0,0,0
21412,ECG,340,15735,0,0,0,0,0
21416,ECG,341,15538,0,0,0,0,0
21421,ECG,342,15343,0,0,0,0,0
21426,ECG,343,15151,0,0,0,0,0
21431,ECG,344,14961,0,0,0,0,0
21431,ECG,345,14774,0,0,0,0,0
21436,ECG,346,14588,0,0,0,0,0
21441,ECG,347,14406,0,0,0,0,0
21446,ECG,348,14225,0,0,0,0,0
21451,ECG,349,13871,0,0,0,0,0
21456,ECG,350,13697,0,0,0,0,0
21461,ECG,351,13525,0,0,0,0,0
21466,ECG,352,13356,0,0,0,0,0
21466,ECG,353,13188,0,0,0,0,0
21471,ECG,354,13023,0,0,0,0,0
21476,ECG,355,12860,0,0,0,0,0
21481,ECG,356,12699,0,0,0,0,0
21486,ECG,357,12539,0,0,0,0,0
21486,ECG,358,12382,0,0,0,0,0
21491,ECG,359,12227,0,0,0,0,0
21496,ECG,360,12074,0,0,0,0,0
21501,ECG,361,11922,0,0,0,0,0
21506,ECG,362,11625,0,0,0,0,0
21511,ECG,363,11479,0,0,0,0,0
21516,ECG,364,11335,0,0,0,0,0
21521,ECG,365,11193,0,0,0,0,0
21521,ECG,366,11052,0,0,0,0,0
21526,ECG,367,10914,0,0,0,0,0
21531,ECG,368,10777,0,0,0,0,0
21536,ECG,369,10641,0,0,0,0,0
21541,ECG,370,10376,0,0,0,0,0
21546,ECG,371,10246,0,0,0,0,0
21551,ECG,372,10117,0,0,0,0,0
21556,ECG,373,9990,0,0,0,0,0
21556,ECG,374,9865,0,0,0,0,0
21561,ECG,375,9741,0,0,0,0,0
21566,ECG,376,9619,0,0,0,0,0
21571,ECG,377,9498,0,0,0,0,0
21576,ECG,378,9261,0,0,0,0,0
21581,ECG,379,9145,0,0,0,0,0
21586,ECG,380,9030,0,0,0,0,0
21591,ECG,381,8917,0,0,0,0,0
21591,ECG,382,8805,0,0,0,0,0
21596,ECG,383,8694,0,0,0,0,0
21601,ECG,384,8585,0,0,0,0,0
21606,ECG,385,8477,0,0,0,0,0
21611,ECG,386,8265,0,0,0,0,0
21616,ECG,387,8162,0,0,0,0,0
21621,ECG,388,8059,0,0,0,0,0
21626,ECG,389,7958,0,0,0,0,0
21626,ECG,390,7858,0,0,0,0,0
21631,ECG,391,7759,0,0,0,0,0
21636,ECG,392,7662,0,0,0,0,0
21641,ECG,393,7565,0,0,0,0,0
21646,ECG,394,7470,0,0,0,0,0
21646,ECG,395,7376,0,0,0,0,0
21651,ECG,396,7284,0,0,0,0,0
21656,ECG,397,7192,0,0,0,0,0
21661,ECG,398,7102,0,0,0,0,0
21666,ECG,399,6924,0,0,0,0,0
21671,ECG,400,6837,0,0,0,0,0
21676,ECG,401,6751,0,0,0,0,0
21681,ECG,402,6666,0,0,0,0,0
21681,ECG,403,6582,0,0,0,0,0
21686,ECG,404,6499,0,0,0,0,0
21691,ECG,405,6418,0,0,0,0,0
21696,ECG,406,6337,0,0,0,0,0
21697,ECG,407,6257,0,0,0,0,0
21701,ECG,408,6178,0,0,0,0,0
21706,ECG,409,6101,0,0,0,0,0
21711,ECG,410,6024,0,0,0,0,0
21716,ECG,411,5948,0,0,0,0,0
21716,ECG,412,5873,0,0,0,0,0
21721,ECG,413,5799,0,0,0,0,0
21726,ECG,414,5726,0,0,0,0,0
21731,ECG,415,5654,0,0,0,0,0
21736,ECG,416,5512,0,0,0,0,0
21741,ECG,417,5443,0,0,0,0,0
21746,ECG,418,5374,0,0,0,0,0
21751,ECG,419,5307,0,0,0,0,0
21751,ECG,420,5240,0,0,0,0,0
21756,ECG,421,5174,0,0,0,0,0
21761,ECG,422,5108,0,0,0,0,0
21766,ECG,423,5044,0,0,0,0,0
21771,ECG,424,4980,0,0,0,0,0
21771,ECG,425,4918,0,0,0,0,0
21776,ECG,426,4856,0,0,0,0,0
21781,ECG,427,4794,0,0,0,0,0
21786,ECG,428,4734,0,0,0,0,0
21791,ECG,429,4615,0,0,0,0,0
21796,ECG,430,4557,0,0,0,0,0
21801,ECG,431,4499,0,0,0,0,0
21806,ECG,432,4443,0,0,0,0,0
21806,ECG,433,4387,0,0,0,0,0
21811,ECG,434,4331,0,0,0,0,0
21816,ECG,435,4276,0,0,0,0,0
21821,ECG,436,4222,0,0,0,0,0
21826,ECG,437,4116,0,0,0,0,0
21831,ECG,438,4064,0,0,0,0,0
21836,ECG,439,4013,0,0,0,0,0
21841,ECG,440,3962,0,0,0,0,0
21841,ECG,441,3912,0,0,0,0,0
21846,ECG,442,3863,0,0,0,0,0
21851,ECG,443,3814,0,0,0,0,0
21856,ECG,444,3766,0,0,0,0,0
21861,ECG,445,3671,0,0,0,0,0
21866,ECG,446,3624,0,0,0,0,0
21871,ECG,447,3578,0,0,0,0,0
21876,ECG,448,3533,0,0,0,0,0
21876,ECG,449,3488,0,0,0,0,0
21881,ECG,450,3444,0,0,0,0,0
21886,ECG,451,3400,0,0,0,0,0
21891,ECG,452,3357,0,0,0,0,0
21896,ECG,453,3273,0,0,0,0,0
21901,ECG,454,3231,0,0,0,0,0
21906,ECG,455,3190,0,0,0,0,0
21911,ECG,456,3150,0,0,0,0,0
21911,ECG,457,3110,0,0,0,0,0
21916,ECG,458,3070,0,0,0,0,0
21921,ECG,459,3031,0,0,0,0,0
21926,ECG,460,2993,0,0,0,0,0
21931,ECG,461,2955,0,0,0,0,0
21931,ECG,462,2917,0,0,0,0,0
21936,ECG,463,2880,0,0,0,0,0
21941,ECG,464,2844,0,0,0,0,0
21946,ECG,465,2808,0,0,0,0,0
21951,ECG,466,2737,0,0,0,0,0
21956,ECG,467,2702,0,0,0,0,0
21961,ECG,468,2668,0,0,0,0,0
21966,ECG,469,2634,0,0,0,0,0
21966,ECG,470,2600,0,0,0,0,0
21971,ECG,471,2567,0,0,0,0,0
21976,ECG,472,2534,0,0,0,0,0
21981,ECG,473,2502,0,0,0,0,0
21982,ECG,474,2470,0,0,0,0,0
21986,ECG,475,2439,0,0,0,0,0
21991,ECG,476,2408,0,0,0,0,0
21996,ECG,477,2377,0,0,0,0,0
22001,ECG,478,2347,0,0,0,0,0
22001,ECG,479,2317,0,0,0,0,0
22006,ECG,480,2287,0,0,0,0,0
22011,ECG,481,2258,0,0,0,0,0
22016,ECG,482,2229,0,0,0,0,0
22021,ECG,483,2173,0,0,0,0,0
22026,ECG,484,2145,0,0,0,0,0
22031,ECG,485,2117,0,0,0,0,0
22036,ECG,486,2090,0,0,0,0,0
22036,ECG,487,2064,0,0,0,0,0
22041,ECG,488,2037,0,0,0,0,0
22046,ECG,489,2011,0,0,0,0,0
22051,ECG,490,1985,0,0,0,0,0
22056,ECG,491,1960,0,0,0,0,0
22056,ECG,492,1935,0,0,0,0,0
22061,ECG,493,1910,0,0,0,0,0
22066,ECG,494,1886,0,0,0,0,0
22071,ECG,495,1861,0,0,0,0,0
22076,ECG,496,1814,0,0,0,0,0
22081,ECG,497,1791,0,0,0,0,0
22086,ECG,498,1768,0,0,0,0,0
22091,ECG,499,1745,0,0,0,0,0
22091,ECG,500,1722,0,0,0,0,0
22096,ECG,501,1700,0,0,0,0,0
22101,ECG,502,1678,0,0,0,0,0
22106,ECG,503,1657,0,0,0,0,0
22111,ECG,504,1615,0,0,0,0,0
22116,ECG,505,1594,0,0,0,0,0
22121,ECG,506,1573,0,0,0,0,0
22126,ECG,507,1553,0,0,0,0,0
22126,ECG,508,1533,0,0,0,0,0
22131,ECG,509,1513,0,0,0,0,0
22136,ECG,510,1494,0,0,0,0,0
22141,ECG,511,1475,0,0,0,0,0
18985,IMU,0,1108,-168,8452,-105,71,58
19004,IMU,1,1124,-172,8368,-100,61,42
19024,IMU,2,1112,-180,8332,-80,50,61
19043,IMU,3,1156,-256,8428,-79,58,38
19061,IMU,4,1152,-276,8392,-82,46,44
19081,IMU,5,1264,-212,8484,-99,55,50
19100,IMU,6,1180,-256,8420,-90,59,35
19119,IMU,7,984,-276,8440,-105,58,45
19139,IMU,8,1120,-240,8396,-68,66,42
19158,IMU,9,1168,-272,8472,-88,37,46
19176,IMU,10,1116,-288,8428,-98,78,58
19196,IMU,11,1068,-260,8432,-99,65,39
19215,IMU,12,1160,-304,8448,-99,61,43
19234,IMU,13,1208,-228,8468,-72,52,36
19254,IMU,14,1160,-296,8464,-90,45,56
19273,IMU,15,1160,-380,8484,-80,65,66
19291,IMU,16,1120,-268,8416,-95,69,50
19311,IMU,17,1156,-248,8416,-94,69,55
19330,IMU,18,1132,-420,8340,-105,63,39
19349,IMU,19,1140,-348,8424,-86,57,39
19368,IMU,20,1164,-200,8428,-102,57,39
19387,IMU,21,1196,-236,8464,-84,55,46
19407,IMU,22,1080,-248,8468,-88,49,39
19426,IMU,23,1064,-360,8372,-90,61,51
19445,IMU,24,1188,-248,8544,-94,70,53
19465,IMU,25,1168,-260,8360,-99,58,49
19483,IMU,26,1128,-212,8500,-87,59,49
19502,IMU,27,1152,-336,8412,-100,70,51
19522,IMU,28,1120,-276,8456,-88,69,62
19541,IMU,29,1184,-340,8448,-83,60,52
19560,IMU,30,1144,-260,8440,-85,71,52
19579,IMU,31,1096,-320,8404,-92,45,44
19598,IMU,32,1108,-268,8528,-99,70,39
19617,IMU,33,1188,-272,8476,-93,47,42
19637,IMU,34,1132,-264,8392,-86,45,45
19656,IMU,35,1112,-240,8524,-79,67,43
19675,IMU,36,1068,-348,8452,-81,59,33
19694,IMU,37,1140,-196,8472,-96,56,52
19713,IMU,38,1160,-324,8460,-94,63,43
19732,IMU,39,1076,-236,8420,-76,74,42
19752,IMU,40,1148,-304,8408,-92,49,33
19771,IMU,41,1080,-148,8472,-79,52,35
19790,IMU,42,1172,-424,8428,-90,48,53
19809,IMU,43,1108,-252,8468,-106,50,40
19828,IMU,44,1168,-208,8412,-108,60,49
19847,IMU,45,1144,-372,8448,-77,75,49
19867,IMU,46,1160,-200,8412,-106,61,48
19886,IMU,47,1136,-324,8496,-87,49,40
19905,IMU,48,1192,-212,8340,-87,75,47
19924,IMU,49,1184,-336,8420,-79,65,48
19943,IMU,50,1076,-316,8372,-102,55,28
19962,IMU,51,1100,-188,8552,-94,46,54
19982,IMU,52,1192,-232,8336,-99,49,38
20001,IMU,53,1084,-324,8440,-96,76,53
20022,IMU,54,1228,-256,8436,-77,61,50
20039,IMU,55,1188,-300,8432,-96,56,31
20058,IMU,56,1228,-208,8444,-86,61,31
20077,IMU,57,1168,-280,8476,-101,60,45
20096,IMU,58,1148,-248,8504,-72,67,39
20115,IMU,59,1308,-300,8436,-102,59,47
20134,IMU,60,1180,-260,8472,-80,52,33
20154,IMU,61,1208,-272,8456,-104,59,43
20173,IMU,62,1100,-288,8372,-87,60,42
20192,IMU,63,1288,-340,8412,-99,52,47
20211,IMU,64,1204,-336,8352,-74,51,52
20230,IMU,65,1056,-304,8396,-86,65,47
20249,IMU,66,1148,-400,8452,-103,73,42
20269,IMU,67,1168,-248,8368,-87,52,42
20288,IMU,68,1184,-312,8504,-71,81,46
20307,IMU,69,1204,-304,8396,-101,48,36
20326,IMU,70,1140,-244,8352,-100,63,42
20345,IMU,71,1108,-296,8380,-90,67,36
20364,IMU,72,1168,-248,8412,-90,51,35
20383,IMU,73,1116,-244,8472,-95,53,33
20403,IMU,74,1144,-252,8452,-79,60,48
20422,IMU,75,1184,-364,8464,-78,55,41
20441,IMU,76,1200,-264,8408,-100,53,48
20463,IMU,77,1116,-272,8448,-77,64,36
20479,IMU,78,1164,-332,8428,-75,46,63
20499,IMU,79,1200,-192,8396,-96,61,44
20518,IMU,80,1220,-272,8372,-92,49,37
20537,IMU,81,1132,-192,8496,-88,65,26
20556,IMU,82,1108,-336,8416,-73,60,52
20575,IMU,83,1100,-280,8444,-86,59,49
20594,IMU,84,1172,-308,8392,-88,61,30
20613,IMU,85,1152,-284,8468,-78,51,44
20633,IMU,86,1116,-356,8384,-76,72,56
20652,IMU,87,1172,-248,8472,-92,42,41
20671,IMU,88,1084,-364,8476,-81,48,55
20690,IMU,89,1188,-208,8412,-107,71,43
20709,IMU,90,1120,-292,8380,-100,38,48
20728,IMU,91,1192,-268,8396,-90,53,52
20747,IMU,92,1124,-320,8388,-88,44,39
20767,IMU,93,1208,-240,8340,-102,60,52
20786,IMU,94,1168,-248,8436,-85,54,56
20805,IMU,95,1096,-276,8456,-99,55,34
20824,IMU,96,1224,-256,8416,-84,55,45
20843,IMU,97,1152,-404,8392,-92,37,49
20862,IMU,98,1196,-252,8432,-92,40,36
20882,IMU,99,1128,-356,8416,-104,56,37
20901,IMU,100,1200,-320,8472,-100,58,37
20920,IMU,101,1220,-348,8384,-99,54,28
20942,IMU,102,1128,-324,8372,-100,60,36
20958,IMU,103,1132,-256,8428,-92,62,53
20977,IMU,104,1016,-300,8412,-89,61,40
20997,IMU,105,1172,-264,8400,-77,59,52
21016,IMU,106,1164,-292,8496,-100,43,41
21035,IMU,107,1156,-216,8488,-89,59,25
21056,IMU,108,1200,-284,8396,-95,57,30
21073,IMU,109,1140,-236,8384,-87,55,60
21093,IMU,110,1104,-224,8408,-89,60,42
21112,IMU,111,1088,-220,8472,-101,59,52
21131,IMU,112,1092,-200,8460,-97,63,42
21150,IMU,113,1132,-180,8488,-79,74,54
21169,IMU,114,1212,-272,8448,-73,62,55
21189,IMU,115,1144,-204,8408,-84,61,38
21208,IMU,116,1120,-328,8416,-80,75,42
21227,IMU,117,1104,-416,8452,-90,58,42
21246,IMU,118,1224,-256,8448,-85,52,47
21265,IMU,119,1204,-284,8460,-97,54,29
21284,IMU,120,1140,-336,8452,-75,62,61
21304,IMU,121,1140,-268,8436,-107,68,58
21323,IMU,122,1152,-324,8396,-80,43,52
21342,IMU,123,1164,-260,8408,-92,52,51
21361,IMU,124,1112,-236,8368,-98,65,36
21380,IMU,125,1160,-284,8388,-100,54,39
21399,IMU,126,1092,-280,8424,-107,62,47
21422,IMU,127,1120,-240,8484,-55,45,49
21439,IMU,128,1108,-284,8440,-93,50,47
21457,IMU,129,1184,-328,8508,-94,63,27
21475,IMU,130,1168,-272,8452,-85,72,61
21495,IMU,131,1180,-260,8376,-87,37,39
21514,IMU,132,1224,-308,8456,-88,50,47
21533,IMU,133,1172,-288,8360,-93,61,42
21553,IMU,134,1056,-280,8460,-96,66,65
21572,IMU,135,1096,-336,8352,-95,50,41
21590,IMU,136,1192,-200,8440,-91,52,37
21610,IMU,137,1136,-248,8460,-73,51,46
21629,IMU,138,1172,-316,8416,-101,60,34
21648,IMU,139,1200,-304,8448,-93,69,41
21667,IMU,140,1144,-284,8436,-77,57,40
21687,IMU,141,1168,-276,8348,-83,52,33
21705,IMU,142,1200,-232,8396,-92,85,45
21725,IMU,143,1144,-280,8460,-93,49,29
21744,IMU,144,1088,-296,8452,-89,45,50
21763,IMU,145,1168,-324,8500,-80,68,50
21782,IMU,146,1176,-208,8444,-91,53,32
21802,IMU,147,1248,-212,8440,-84,62,43
21820,IMU,148,1056,-332,8468,-87,52,41
21840,IMU,149,1220,-348,8424,-98,55,45
21859,IMU,150,1116,-304,8332,-76,46,51
21878,IMU,151,1184,-288,8384,-109,54,40
21901,IMU,152,1152,-444,8496,-90,53,35
21918,IMU,153,1248,-292,8468,-96,64,61
21935,IMU,154,1132,-200,8352,-79,66,52
21955,IMU,155,1192,-276,8480,-98,49,56
21974,IMU,156,1088,-292,8488,-94,51,35
21993,IMU,157,1056,-348,8444,-98,56,69
22012,IMU,158,1112,-364,8328,-81,41,43
22032,IMU,159,1112,-332,8444,-70,52,28
22050,IMU,160,1068,-284,8432,-67,47,35
22070,IMU,161,1048,-204,8444,-74,63,43
22090,IMU,162,1124,-272,8332,-92,58,45
22108,IMU,163,1188,-256,8460,-95,52,33
22127,IMU,164,1128,-324,8380,-99,62,39
22146,IMU,165,1140,-300,8520,-102,46,36
22165,IMU,166,1220,-248,8388,-105,71,31
22185,IMU,167,1076,-360,8564,-87,49,49
22204,IMU,168,1216,-264,8384,-112,60,44
22223,IMU,169,1116,-196,8368,-85,67,48
22242,IMU,170,1156,-284,8444,-86,51,59
22261,IMU,171,1160,-260,8376,-77,72,22
22280,IMU,172,1168,-308,8448,-89,52,45
22299,IMU,173,1180,-280,8388,-100,59,47
22319,IMU,174,1124,-364,8412,-103,37,61
22338,IMU,175,1100,-400,8396,-93,68,35
22357,IMU,176,1212,-268,8388,-77,50,37
22380,IMU,177,1184,-260,8396,-65,73,46
22396,IMU,178,1024,-236,8368,-107,62,44
22414,IMU,179,1100,-320,8396,-109,55,48
22433,IMU,180,1120,-248,8496,-90,71,52
22453,IMU,181,1092,-348,8476,-91,52,56
22472,IMU,182,1264,-288,8412,-96,67,45
22491,IMU,183,1140,-276,8428,-82,73,44
22510,IMU,184,1104,-304,8460,-91,81,34
22529,IMU,185,1148,-332,8416,-91,60,48
22548,IMU,186,1184,-316,8416,-96,71,53
22568,IMU,187,1128,-308,8460,-92,67,43
22587,IMU,188,1172,-264,8364,-90,53,50
22606,IMU,189,1072,-192,8388,-95,60,59
22625,IMU,190,1048,-256,8396,-106,58,42
22644,IMU,191,1204,-424,8392,-103,48,44
22663,IMU,192,1176,-284,8352,-84,59,40
22683,IMU,193,1144,-224,8480,-95,69,57
22702,IMU,194,1148,-276,8476,-87,63,52
22721,IMU,195,1036,-312,8424,-92,43,48
22740,IMU,196,1180,-292,8304,-68,67,54
22759,IMU,197,1144,-244,8480,-94,48,46
22778,IMU,198,1128,-232,8384,-101,60,56
22797,IMU,199,1044,-296,8348,-77,45,52
22817,IMU,200,1152,-312,8460,-79,58,34
22836,IMU,201,1176,-216,8328,-84,54,27
22857,IMU,202,1156,-336,8412,-58,70,36
22875,IMU,203,1188,-312,8448,-88,65,55
22893,IMU,204,1144,-360,8404,-96,69,57
22912,IMU,205,1096,-280,8508,-91,57,43
22932,IMU,206,1152,-260,8356,-96,74,53
22951,IMU,207,1144,-296,8416,-97,59,50
22142,ECG,512,1456,0,0,0,0,0
22146,ECG,513,1437,0,0,0,0,0
22151,ECG,514,1418,0,0,0,0,0
22156,ECG,515,1400,0,0,0,0,0
22161,ECG,516,1382,0,0,0,0,0
22161,ECG,517,1364,0,0,0,0,0
22166,ECG,518,1346,0,0,0,0,0
22171,ECG,519,1329,0,0,0,0,0
22176,ECG,520,1312,0,0,0,0,0
22181,ECG,521,1278,0,0,0,0,0
22186,ECG,522,1261,0,0,0,0,0
22191,ECG,523,1245,0,0,0,0,0
22196,ECG,524,1229,0,0,0,0,0
22196,ECG,525,1213,0,0,0,0,0
22201,ECG,526,1197,0,0,0,0,0
23208,ECG,527,0,0,0,0,0,0
23208,ECG,528,-1,0,0,0,0,0
23213,ECG,529,-1,0,0,0,0,0
23218,ECG,530,-1,0,0,0,0,0
23223,ECG,531,-2,0,0,0,0,0
23228,ECG,532,-2,0,0,0,0,0
23233,ECG,533,-1,0,0,0,0,0
23238,ECG,534,-4,0,0,0,0,0
23243,ECG,535,-7,0,0,0,0,0
23243,ECG,536,-6,0,0,0,0,0
23248,ECG,537,1,0,0,0,0,0
23253,ECG,538,20,0,0,0,0,0
23258,ECG,539,30,0,0,0,0,0
23259,ECG,540,43,0,0,0,0,0
23263,ECG,541,36,0,0,0,0,0
23268,ECG,542,36,0,0,0,0,0
23273,ECG,543,35,0,0,0,0,0
23278,ECG,544,27,0,0,0,0,0
23278,ECG,545,46,0,0,0,0,0
23283,ECG,546,11,0,0,0,0,0
23288,ECG,547,59,0,0,0,0,0
23293,ECG,548,-18,0,0,0,0,0
23298,ECG,549,1070,0,0,0,0,0
23303,ECG,550,-468,0,0,0,0,0
23308,ECG,551,-2307,0,0,0,0,0
23313,ECG,552,-846,0,0,0,0,0
23313,ECG,553,6485,0,0,0,0,0
23318,ECG,554,18270,0,0,0,0,0
23323,ECG,555,28867,0,0,0,0,0
23328,ECG,556,31903,0,0,0,0,0
23333,ECG,557,31504,0,0,0,0,0
23333,ECG,558,30754,0,0,0,0,0
23338,ECG,559,29568,0,0,0,0,0
23343,ECG,560,30030,0,0,0,0,0
23348,ECG,561,29899,0,0,0,0,0
23353,ECG,562,29140,0,0,0,0,0
23358,ECG,563,28742,0,0,0,0,0
23363,ECG,564,28409,0,0,0,0,0
23368,ECG,565,28035,0,0,0,0,0
23368,ECG,566,27695,0,0,0,0,0
23373,ECG,567,27339,0,0,0,0,0
23378,ECG,568,27002,0,0,0,0,0
23383,ECG,569,26676,0,0,0,0,0
23388,ECG,570,26044,0,0,0,0,0
23393,ECG,571,25722,0,0,0,0,0
23398,ECG,572,25401,0,0,0,0,0
23403,ECG,573,25079,0,0,0,0,0
23403,ECG,574,24765,0,0,0,0,0
23408,ECG,575,24457,0,0,0,0,0
23413,ECG,576,24151,0,0,0,0,0
23418,ECG,577,23848,0,0,0,0,0
23423,ECG,578,23255,0,0,0,0,0
23428,ECG,579,22964,0,0,0,0,0
23433,ECG,580,22677,0,0,0,0,0
23438,ECG,581,22393,0,0,0,0,0
23438,ECG,582,22113,0,0,0,0,0
23443,ECG,583,21836,0,0,0,0,0
23448,ECG,584,21563,0,0,0,0,0
23453,ECG,585,21293,0,0,0,0,0
23458,ECG,586,20763,0,0,0,0,0
23463,ECG,587,20503,0,0,0,0,0
23468,ECG,588,20246,0,0,0,0,0
23473,ECG,589,19993,0,0,0,0,0
23473,ECG,590,19742,0,0,0,0,0
23478,ECG,591,19495,0,0,0,0,0
23483,ECG,592,19251,0,0,0,0,0
23488,ECG,593,19010,0,0,0,0,0
23493,ECG,594,18772,0,0,0,0,0
23493,ECG,595,18537,0,0,0,0,0
23498,ECG,596,18305,0,0,0,0,0
23503,ECG,597,18076,0,0,0,0,0
23508,ECG,598,17849,0,0,0,0,0
23513,ECG,599,17405,0,0,0,0,0
23518,ECG,600,17187,0,0,0,0,0
23523,ECG,601,16972,0,0,0,0,0
23528,ECG,602,16759,0,0,0,0,0
23528,ECG,603,16549,0,0,0,0,0
23533,ECG,604,16342,0,0,0,0,0
23538,ECG,605,16137,0,0,0,0,0
23543,ECG,606,15935,0,0,0,0,0
23544,ECG,607,15735,0,0,0,0,0
23548,ECG,608,15538,0,0,0,0,0
23553,ECG,609,15343,0,0,0,0,0
23558,ECG,610,15151,0,0,0,0,0
23563,ECG,611,14961,0,0,0,0,0
23563,ECG,612,14774,0,0,0,0,0
23568,ECG,613,14588,0,0,0,0,0
23573,ECG,614,14406,0,0,0,0,0
23578,ECG,615,14225,0,0,0,0,0
23583,ECG,616,13871,0,0,0,0,0
23588,ECG,617,13697,0,0,0,0,0
23593,ECG,618,13525,0,0,0,0,0
23598,ECG,619,13356,0,0,0,0,0
23598,ECG,620,13188,0,0,0,0,0
23603,ECG,621,13023,0,0,0,0,0
23608,ECG,622,12860,0,0,0,0,0
23613,ECG,623,12699,0,0,0,0,0
23618,ECG,624,12539,0,0,0,0,0
23618,ECG,625,12382,0,0,0,0,0
23623,ECG,626,12227,0,0,0,0,0
23628,ECG,627,12074,0,0,0,0,0
23633,ECG,628,11922,0,0,0,0,0
23638,ECG,629,11625,0,0,0,0,0
23643,ECG,630,11479,0,0,0,0,0
23648,ECG,631,11335,0,0,0,0,0
23653,ECG,632,11193,0,0,0,0,0
23653,ECG,633,11052,0,0,0,0,0
23658,ECG,634,10914,0,0,0,0,0
23663,ECG,635,10777,0,0,0,0,0
23668,ECG,636,10641,0,0,0,0,0
23673,ECG,637,10376,0,0,0,0,0
23678,ECG,638,10246,0,0,0,0,0
23683,ECG,639,10117,0,0,0,0,0
23688,ECG,640,9990,0,0,0,0,0
23688,ECG,641,9865,0,0,0,0,0
23693,ECG,642,9741,0,0,0,0,0
23698,ECG,643,9619,0,0,0,0,0
23703,ECG,644,9498,0,0,0,0,0
23708,ECG,645,9261,0,0,0,0,0
23713,ECG,646,9145,0,0,0,0,0
23718,ECG,647,9030,0,0,0,0,0
23723,ECG,648,8917,0,0,0,0,0
23723,ECG,649,8805,0,0,0,0,0
23728,ECG,650,8694,0,0,0,0,0
23733,ECG,651,8585,0,0,0,0,0
23738,ECG,652,8477,0,0,0,0,0
23743,ECG,653,8265,0,0,0,0,0
23748,ECG,654,8162,0,0,0,0,0
23753,ECG,655,8059,0,0,0,0,0
23758,ECG,656,7958,0,0,0,0,0
23758,ECG,657,7858,0,0,0,0,0
23763,ECG,658,7759,0,0,0,0,0
23768,ECG,659,7662,0,0,0,0,0
23773,ECG,660,7565,0,0,0,0,0
23778,ECG,661,7470,0,0,0,0,0
23778,ECG,662,7376,0,0,0,0,0
23783,ECG,663,7284,0,0,0,0,0
23788,ECG,664,7192,0,0,0,0,0
23793,ECG,665,7102,0,0,0,0,0
23798,ECG,666,6924,0,0,0,0,0
23803,ECG,667,6837,0,0,0,0,0
23808,ECG,668,6751,0,0,0,0,0
23813,ECG,669,6666,0,0,0,0,0
23813,ECG,670,6582,0,0,0,0,0
23818,ECG,671,6499,0,0,0,0,0
23823,ECG,672,6418,0,0,0,0,0
23828,ECG,673,6337,0,0,0,0,0
23829,ECG,674,6257,0,0,0,0,0
23833,ECG,675,6178,0,0,0,0,0
23838,ECG,676,6101,0,0,0,0,0
23843,ECG,677,6024,0,0,0,0,0
23848,ECG,678,5948,0,0,0,0,0
23848,ECG,679,5873,0,0,0,0,0
23853,ECG,680,5799,0,0,0,0,0
23858,ECG,681,5726,0,0,0,0,0
23863,ECG,682,5654,0,0,0,0,0
23868,ECG,683,5512,0,0,0,0,0
23873,ECG,684,5443,0,0,0,0,0
23878,ECG,685,5374,0,0,0,0,0
23883,ECG,686,5307,0,0,0,0,0
23883,ECG,687,5240,0,0,0,0,0
23888,ECG,688,5174,0,0,0,0,0
23893,ECG,689,5108,0,0,0,0,0
23898,ECG,690,5044,0,0,0,0,0
23903,ECG,691,4980,0,0,0,0,0
23903,ECG,692,4918,0,0,0,0,0
23908,ECG,693,4856,0,0,0,0,0
23913,ECG,694,4794,0,0,0,0,0
23918,ECG,695,4734,0,0,0,0,0
23923,ECG,696,4615,0,0,0,0,0
23928,ECG,697,4557,0,0,0,0,0
23933,ECG,698,4499,0,0,0,0,0
23938,ECG,699,4443,0,0,0,0,0
23938,ECG,700,4387,0,0,0,0,0
23943,ECG,701,4331,0,0,0,0,0
23948,ECG,702,4276,0,0,0,0,0
23953,ECG,703,4222,0,0,0,0,0
23958,ECG,704,4116,0,0,0,0,0
23963,ECG,705,4064,0,0,0,0,0
23968,ECG,706,4013,0,0,0,0,0
23973,ECG,707,3962,0,0,0,0,0
23973,ECG,708,3912,0,0,0,0,0
23978,ECG,709,3863,0,0,0,0,0
23983,ECG,710,3814,0,0,0,0,0
23988,ECG,711,3766,0,0,0,0,0
23993,ECG,712,3671,0,0,0,0,0
23998,ECG,713,3624,0,0,0,0,0
24003,ECG,714,3578,0,0,0,0,0
24008,ECG,715,3533,0,0,0,0,0
24008,ECG,716,3488,0,0,0,0,0
24013,ECG,717,3444,0,0,0,0,0
24018,ECG,718,3400,0,0,0,0,0
24023,ECG,719,3357,0,0,0,0,0
24028,ECG,720,3273,0,0,0,0,0
24033,ECG,721,3231,0,0,0,0,0
24038,ECG,722,3190,0,0,0,0,0
24043,ECG,723,3150,0,0,0,0,0
24043,ECG,724,3110,0,0,0,0,0
24048,ECG,725,3070,0,0,0,0,0
24053,ECG,726,3031,0,0,0,0,0
24058,ECG,727,2993,0,0,0,0,0
24063,ECG,728,2955,0,0,0,0,0
24063,ECG,729,2917,0,0,0,0,0
24068,ECG,730,2880,0,0,0,0,0
24073,ECG,731,2844,0,0,0,0,0
24078,ECG,732,2808,0,0,0,0,0
24083,ECG,733,2737,0,0,0,0,0
24088,ECG,734,2702,0,0,0,0,0
24093,ECG,735,2668,0,0,0,0,0
24098,ECG,736,2634,0,0,0,0,0
24098,ECG,737,2600,0,0,0,0,0
24103,ECG,738,2567,0,0,0,0,0
24108,ECG,739,2534,0,0,0,0,0
24113,ECG,740,2502,0,0,0,0,0
24114,ECG,741,2470,0,0,0,0,0
24118,ECG,742,2439,0,0,0,0,0
24123,ECG,743,2408,0,0,0,0,0
24128,ECG,744,2377,0,0,0,0,0
24133,ECG,745,2347,0,0,0,0,0
24133,ECG,746,2317,0,0,0,0,0
24138,ECG,747,2287,0,0,0,0,0
24143,ECG,748,2258,0,0,0,0,0
24148,ECG,749,2229,0,0,0,0,0
24153,ECG,750,2173,0,0,0,0,0
24158,ECG,751,2145,0,0,0,0,0
24163,ECG,752,2117,0,0,0,0,0
24168,ECG,753,2090,0,0,0,0,0
24168,ECG,754,2064,0,0,0,0,0
24173,ECG,755,2037,0,0,0,0,0
24178,ECG,756,2011,0,0,0,0,0
24183,ECG,757,1985,0,0,0,0,0
24188,ECG,758,1960,0,0,0,0,0
24188,ECG,759,1935,0,0,0,0,0
24193,ECG,760,1910,0,0,0,0,0
24198,ECG,761,1886,0,0,0,0,0
24203,ECG,762,1861,0,0,0,0,0
24208,ECG,763,1814,0,0,0,0,0
24213,ECG,764,1791,0,0,0,0,0
24218,ECG,765,1768,0,0,0,0,0
24223,ECG,766,1745,0,0,0,0,0
24223,ECG,767,1722,0,0,0,0,0
24228,ECG,768,1700,0,0,0,0,0
24233,ECG,769,1678,0,0,0,0,0
24238,ECG,770,1657,0,0,0,0,0
24243,ECG,771,1615,0,0,0,0,0
24248,ECG,772,1594,0,0,0,0,0
24253,ECG,773,1573,0,0,0,0,0
24258,ECG,774,1553,0,0,0,0,0
24258,ECG,775,1533,0,0,0,0,0
24263,ECG,776,1513,0,0,0,0,0
24268,ECG,777,1494,0,0,0,0,0
24273,ECG,778,1475,0,0,0,0,0
25280,ECG,779,0,0,0,0,0,0
25280,ECG,780,-1,0,0,0,0,0
25285,ECG,781,-1,0,0,0,0,0
25290,ECG,782,-1,0,0,0,0,0
25295,ECG,783,-2,0,0,0,0,0
25300,ECG,784,-2,0,0,0,0,0
25305,ECG,785,-1,0,0,0,0,0
25310,ECG,786,-4,0,0,0,0,0
25315,ECG,787,-7,0,0,0,0,0
25315,ECG,788,-6,0,0,0,0,0
25320,ECG,789,1,0,0,0,0,0
25325,ECG,790,20,0,0,0,0,0
25330,ECG,791,30,0,0,0,0,0
25331,ECG,792,43,0,0,0,0,0
25335,ECG,793,36,0,0,0,0,0
25340,ECG,794,36,0,0,0,0,0
25345,ECG,795,35,0,0,0,0,0
25350,ECG,796,27,0,0,0,0,0
25350,ECG,797,46,0,0,0,0,0
25355,ECG,798,11,0,0,0,0,0
25360,ECG,799,59,0,0,0,0,0
25365,ECG,800,-18,0,0,0,0,0
25370,ECG,801,1070,0,0,0,0,0
25375,ECG,802,-468,0,0,0,0,0
25380,ECG,803,-2307,0,0,0,0,0
25385,ECG,804,-846,0,0,0,0,0
25385,ECG,805,6485,0,0,0,0,0
25390,ECG,806,18270,0,0,0,0,0
25395,ECG,807,28867,0,0,0,0,0
25400,ECG,808,31903,0,0,0,0,0
25405,ECG,809,31504,0,0,0,0,0
25405,ECG,810,30754,0,0,0,0,0
25410,ECG,811,29568,0,0,0,0,0
25415,ECG,812,30030,0,0,0,0,0
25420,ECG,813,29899,0,0,0,0,0
25425,ECG,814,29140,0,0,0,0,0
25430,ECG,815,28742,0,0,0,0,0
25435,ECG,816,28409,0,0,0,0,0
25440,ECG,817,28035,0,0,0,0,0
25440,ECG,818,27695,0,0,0,0,0
25445,ECG,819,27339,0,0,0,0,0
25450,ECG,820,27002,0,0,0,0,0
25455,ECG,821,26676,0,0,0,0,0
25460,ECG,822,26044,0,0,0,0,0
25465,ECG,823,25722,0,0,0,0,0
25470,ECG,824,25401,0,0,0,0,0
25475,ECG,825,25079,0,0,0,0,0
25475,ECG,826,24765,0,0,0,0,0
25480,ECG,827,24457,0,0,0,0,0
25485,ECG,828,24151,0,0,0,0,0
25490,ECG,829,23848,0,0,0,0,0
25495,ECG,830,23255,0,0,0,0,0
25500,ECG,831,22964,0,0,0,0,0
25505,ECG,832,22677,0,0,0,0,0
25510,ECG,833,22393,0,0,0,0,0
25510,ECG,834,22113,0,0,0,0,0
25515,ECG,835,21836,0,0,0,0,0
25520,ECG,836,21563,0,0,0,0,0
25525,ECG,837,21293,0,0,0,0,0
25530,ECG,838,20763,0,0,0,0,0
25535,ECG,839,20503,0,0,0,0,0
25540,ECG,840,20246,0,0,0,0,0
25545,ECG,841,19993,0,0,0,0,0
25545,ECG,842,19742,0,0,0,0,0
25550,ECG,843,19495,0,0,0,0,0
25555,ECG,844,19251,0,0,0,0,0
25560,ECG,845,19010,0,0,0,0,0
25565,ECG,846,18772,0,0,0,0,0
25565,ECG,847,18537,0,0,0,0,0
25570,ECG,848,18305,0,0,0,0,0
25575,ECG,849,18076,0,0,0,0,0
25580,ECG,850,17849,0,0,0,0,0
25585,ECG,851,17405,0,0,0,0,0
25590,ECG,852,17187,0,0,0,0,0
25595,ECG,853,16972,0,0,0,0,0
25600,ECG,854,16759,0,0,0,0,0
25600,ECG,855,16549,0,0,0,0,0
25605,ECG,856,16342,0,0,0,0,0
25610,ECG,857,16137,0,0,0,0,0
25615,ECG,858,15935,0,0,0,0,0
25616,ECG,859,15735,0,0,0,0,0
25620,ECG,860,15538,0,0,0,0,0
25625,ECG,861,15343,0,0,0,0,0
25630,ECG,862,15151,0,0,0,0,0
25635,ECG,863,14961,0,0,0,0,0
25635,ECG,864,14774,0,0,0,0,0
25640,ECG,865,14588,0,0,0,0,0
25645,ECG,866,14406,0,0,0,0,0
25650,ECG,867,14225,0,0,0,0,0
25655,ECG,868,13871,0,0,0,0,0
25660,ECG,869,13697,0,0,0,0,0
25665,ECG,870,13525,0,0,0,0,0
25670,ECG,871,13356,0,0,0,0,0
25670,ECG,872,13188,0,0,0,0,0
25675,ECG,873,13023,0,0,0,0,0
25680,ECG,874,12860,0,0,0,0,0
25685,ECG,875,12699,0,0,0,0,0
25690,ECG,876,12539,0,0,0,0,0
25690,ECG,877,12382,0,0,0,0,0
25695,ECG,878,12227,0,0,0,0,0
25700,ECG,879,12074,0,0,0,0,0
25705,ECG,880,11922,0,0,0,0,0
25710,ECG,881,11625,0,0,0,0,0
25715,ECG,882,11479,0,0,0,0,0
25720,ECG,883,11335,0,0,0,0,0
25725,ECG,884,11193,0,0,0,0,0
25725,ECG,885,11052,0,0,0,0,0
25730,ECG,886,10914,0,0,0,0,0
25735,ECG,887,10777,0,0,0,0,0
25740,ECG,888,10641,0,0,0,0,0
25745,ECG,889,10376,0,0,0,0,0
25750,ECG,890,10246,0,0,0,0,0
25755,ECG,891,10117,0,0,0,0,0
25760,ECG,892,9990,0,0,0,0,0
25760,ECG,893,9865,0,0,0,0,0
25765,ECG,894,9741,0,0,0,0,0
25770,ECG,895,9619,0,0,0,0,0
25775,ECG,896,9498,0,0,0,0,0
25780,ECG,897,9261,0,0,0,0,0
25785,ECG,898,9145,0,0,0,0,0
25790,ECG,899,9030,0,0,0,0,0
25795,ECG,900,8917,0,0,0,0,0
25795,ECG,901,8805,0,0,0,0,0
25800,ECG,902,8694,0,0,0,0,0
25805,ECG,903,8585,0,0,0,0,0
25810,ECG,904,8477,0,0,0,0,0
25815,ECG,905,8265,0,0,0,0,0
25820,ECG,906,8162,0,0,0,0,0
25825,ECG,907,8059,0,0,0,0,0
25830,ECG,908,7958,0,0,0,0,0
25830,ECG,909,7858,0,0,0,0,0
25835,ECG,910,7759,0,0,0,0,0
25840,ECG,911,7662,0,0,0,0,0
25845,ECG,912,7565,0,0,0,0,0
25850,ECG,913,7470,0,0,0,0,0
25850,ECG,914,7376,0,0,0,0,0
25855,ECG,915,7284,0,0,0,0,0
25860,ECG,916,7192,0,0,0,0,0
25865,ECG,917,7102,0,0,0,0,0
25870,ECG,918,6924,0,0,0,0,0
25875,ECG,919,6837,0,0,0,0,0
25880,ECG,920,6751,0,0,0,0,0
25885,ECG,921,6666,0,0,0,0,0
25885,ECG,922,6582,0,0,0,0,0
25890,ECG,923,6499,0,0,0,0,0
25895,ECG,924,6418,0,0,0,0,0
25900,ECG,925,6337,0,0,0,0,0
25901,ECG,926,6257,0,0,0,0,0
25905,ECG,927,6178,0,0,0,0,0
25910,ECG,928,6101,0,0,0,0,0
25915,ECG,929,6024,0,0,0,0,0
25920,ECG,930,5948,0,0,0,0,0
25920,ECG,931,5873,0,0,0,0,0
25925,ECG,932,5799,0,0,0,0,0
25930,ECG,933,5726,0,0,0,0,0
25935,ECG,934,5654,0,0,0,0,0
25940,ECG,935,5512,0,0,0,0,0
25945,ECG,936,5443,0,0,0,0,0
25950,ECG,937,5374,0,0,0,0,0
25955,ECG,938,5307,0,0,0,0,0
25955,ECG,939,5240,0,0,0,0,0
25960,ECG,940,5174,0,0,0,0,0
25965,ECG,941,5108,0,0,0,0,0
25970,ECG,942,5044,0,0,0,0,0
25975,ECG,943,4980,0,0,0,0,0
25975,ECG,944,4918,0,0,0,0,0
25980,ECG,945,4856,0,0,0,0,0
25985,ECG,946,4794,0,0,0,0,0
25990,ECG,947,4734,0,0,0,0,0
25995,ECG,948,4615,0,0,0,0,0
26000,ECG,949,4557,0,0,0,0,0
26005,ECG,950,4499,0,0,0,0,0
26010,ECG,951,4443,0,0,0,0,0
26010,ECG,952,4387,0,0,0,0,0
26015,ECG,953,4331,0,0,0,0,0
26020,ECG,954,4276,0,0,0,0,0
26025,ECG,955,4222,0,0,0,0,0
26030,ECG,956,4116,0,0,0,0,0
26035,ECG,957,4064,0,0,0,0,0
26040,ECG,958,4013,0,0,0,0,0
26045,ECG,959,3962,0,0,0,0,0
26045,ECG,960,3912,0,0,0,0,0
26050,ECG,961,3863,0,0,0,0,0
26055,ECG,962,3814,0,0,0,0,0
26060,ECG,963,3766,0,0,0,0,0
26065,ECG,964,3671,0,0,0,0,0
26070,ECG,965,3624,0,0,0,0,0
26075,ECG,966,3578,0,0,0,0,0
26080,ECG,967,3533,0,0,0,0,0
26080,ECG,968,3488,0,0,0,0,0
26085,ECG,969,3444,0,0,0,0,0
26090,ECG,970,3400,0,0,0,0,0
26095,ECG,971,3357,0,0,0,0,0
26100,ECG,972,3273,0,0,0,0,0
26105,ECG,973,3231,0,0,0,0,0
26110,ECG,974,3190,0,0,0,0,0
26115,ECG,975,3150,0,0,0,0,0
26115,ECG,976,3110,0,0,0,0,0
26120,ECG,977,3070,0,0,0,0,0
26125,ECG,978,3031,0,0,0,0,0
26130,ECG,979,2993,0,0,0,0,0
26135,ECG,980,2955,0,0,0,0,0
26135,ECG,981,2917,0,0,0,0,0
26140,ECG,982,2880,0,0,0,0,0
26145,ECG,983,2844,0,0,0,0,0
26150,ECG,984,2808,0,0,0,0,0
26155,ECG,985,2737,0,0,0,0,0
26160,ECG,986,2702,0,0,0,0,0
26165,ECG,987,2668,0,0,0,0,0
26170,ECG,988,2634,0,0,0,0,0
26170,ECG,989,2600,0,0,0,0,0
26175,ECG,990,2567,0,0,0,0,0
26180,ECG,991,2534,0,0,0,0,0
26185,ECG,992,2502,0,0,0,0,0
26186,ECG,993,2470,0,0,0,0,0
26190,ECG,994,2439,0,0,0,0,0
26195,ECG,995,2408,0,0,0,0,0
26200,ECG,996,2377,0,0,0,0,0
26205,ECG,997,2347,0,0,0,0,0
26205,ECG,998,2317,0,0,0,0,0
26210,ECG,999,2287,0,0,0,0,0
26215,ECG,1000,2258,0,0,0,0,0
26220,ECG,1001,2229,0,0,0,0,0
26225,ECG,1002,2173,0,0,0,0,0
26230,ECG,1003,2145,0,0,0,0,0
26235,ECG,1004,2117,0,0,0,0,0
26240,ECG,1005,2090,0,0,0,0,0
26240,ECG,1006,2064,0,0,0,0,0
26245,ECG,1007,2037,0,0,0,0,0
26250,ECG,1008,2011,0,0,0,0,0
26255,ECG,1009,1985,0,0,0,0,0
26260,ECG,1010,1960,0,0,0,0,0
26260,ECG,1011,1935,0,0,0,0,0
26265,ECG,1012,1910,0,0,0,0,0
26270,ECG,1013,1886,0,0,0,0,0
26275,ECG,1014,1861,0,0,0,0,0
26280,ECG,1015,1814,0,0,0,0,0
26285,ECG,1016,1791,0,0,0,0,0
26290,ECG,1017,1768,0,0,0,0,0
26295,ECG,1018,1745,0,0,0,0,0
26295,ECG,1019,1722,0,0,0,0,0
26300,ECG,1020,1700,0,0,0,0,0
26305,ECG,1021,1678,0,0,0,0,0
26310,ECG,1022,1657,0,0,0,0,0
26315,ECG,1023,1615,0,0,0,0,0
18988,PPG,0,128021,59935,0,0,0,0
19064,PPG,1,128021,59925,0,0,0,0
19143,PPG,2,128018,59935,0,0,0,0
19223,PPG,3,128027,59923,0,0,0,0
19302,PPG,4,128015,59928,0,0,0,0
19381,PPG,5,128012,59937,0,0,0,0
19465,PPG,6,128015,59929,0,0,0,0
19543,PPG,7,128016,59923,0,0,0,0
19620,PPG,8,128019,59933,0,0,0,0
19700,PPG,9,128014,59919,0,0,0,0
19780,PPG,10,128026,59935,0,0,0,0
19859,PPG,11,128024,59934,0,0,0,0
19939,PPG,12,128022,59935,0,0,0,0
20022,PPG,13,128017,59933,0,0,0,0
20101,PPG,14,128023,59929,0,0,0,0
20177,PPG,15,128016,59927,0,0,0,0
20256,PPG,16,128033,59929,0,0,0,0
20336,PPG,17,128025,59928,0,0,0,0
20415,PPG,18,128007,59930,0,0,0,0
20499,PPG,19,128017,59933,0,0,0,0
20577,PPG,20,128023,59925,0,0,0,0
20654,PPG,21,128022,59924,0,0,0,0
20734,PPG,22,128020,59918,0,0,0,0
20813,PPG,23,128010,59923,0,0,0,0
20893,PPG,24,128023,59936,0,0,0,0
20972,PPG,25,128020,59926,0,0,0,0
21056,PPG,26,128022,59936,0,0,0,0
21133,PPG,27,128018,59925,0,0,0,0
21211,PPG,28,128014,59933,0,0,0,0
21290,PPG,29,128015,59931,0,0,0,0
21370,PPG,30,128018,59921,0,0,0,0
21450,PPG,31,128020,59930,0,0,0,0
21529,PPG,32,128010,59919,0,0,0,0
21613,PPG,33,128014,59926,0,0,0,0
21689,PPG,34,128015,59924,0,0,0,0
21768,PPG,35,128022,59926,0,0,0,0
21848,PPG,36,128023,59920,0,0,0,0
21927,PPG,37,128011,59918,0,0,0,0
22007,PPG,38,128018,59928,0,0,0,0
22090,PPG,39,128032,59934,0,0,0,0
22169,PPG,40,128033,59926,0,0,0,0
22246,PPG,41,128029,59925,0,0,0,0
22325,PPG,42,128027,59948,0,0,0,0
22404,PPG,43,128022,59933,0,0,0,0
22484,PPG,44,128025,59922,0,0,0,0
22563,PPG,45,128023,59925,0,0,0,0
22646,PPG,46,128030,59929,0,0,0,0
22723,PPG,47,128030,59931,0,0,0,0
22802,PPG,48,128032,59931,0,0,0,0
22881,PPG,49,128031,59931,0,0,0,0
22963,PPG,50,128024,59939,0,0,0,0
23043,PPG,51,128026,59933,0,0,0,0
23124,PPG,52,128039,59941,0,0,0,0
23202,PPG,53,128016,59932,0,0,0,0
23280,PPG,54,128034,59926,0,0,0,0
23359,PPG,55,128032,59930,0,0,0,0
23439,PPG,56,128025,59934,0,0,0,0
23518,PPG,57,128026,59924,0,0,0,0
23597,PPG,58,128028,59930,0,0,0,0
23681,PPG,59,128033,59935,0,0,0,0
23758,PPG,60,128024,59930,0,0,0,0
23837,PPG,61,128017,59930,0,0,0,0
23916,PPG,62,128025,59928,0,0,0,0
23995,PPG,63,128020,59926,0,0,0,0
24075,PPG,64,128022,59927,0,0,0,0
24159,PPG,65,128012,59931,0,0,0,0
24238,PPG,66,128019,59917,0,0,0,0
24318,PPG,67,128017,59923,0,0,0,0
24393,PPG,68,128011,59923,0,0,0,0
24472,PPG,69,128003,59929,0,0,0,0
24552,PPG,70,128016,59929,0,0,0,0
24631,PPG,71,128019,59920,0,0,0,0
24715,PPG,72,128023,59924,0,0,0,0
24797,PPG,73,128024,59934,0,0,0,0
24870,PPG,74,128016,59921,0,0,0,0
24950,PPG,75,128005,59925,0,0,0,0
25029,PPG,76,128031,59930,0,0,0,0
25109,PPG,77,128006,59936,0,0,0,0
25188,PPG,78,128020,59928,0,0,0,0
25277,PPG,79,128006,59924,0,0,0,0
25348,PPG,80,128014,59928,0,0,0,0
25427,PPG,81,128010,59921,0,0,0,0
25507,PPG,82,128004,59920,0,0,0,0
25586,PPG,83,128018,59933,0,0,0,0
25666,PPG,84,128017,59935,0,0,0,0
25756,PPG,85,128017,59927,0,0,0,0
25827,PPG,86,128014,59929,0,0,0,0
25904,PPG,87,128018,59934,0,0,0,0
25984,PPG,88,128015,59935,0,0,0,0
26063,PPG,89,128019,59918,0,0,0,0
26143,PPG,90,128011,59931,0,0,0,0
26239,PPG,91,128012,59916,0,0,0,0
26306,PPG,92,128013,59923,0,0,0,0
26385,PPG,93,128008,59924,0,0,0,0
26461,PPG,94,128017,59924,0,0,0,0
26540,PPG,95,128006,59924,0,0,0,0
26620,PPG,96,128005,59919,0,0,0,0
26734,PPG,97,128016,59926,0,0,0,0
26783,PPG,98,128009,59917,0,0,0,0
26861,PPG,99,128004,59919,0,0,0,0
22970,IMU,208,1112,-312,8376,-75,70,50
22989,IMU,209,1224,-280,8480,-81,74,37
23008,IMU,210,1136,-252,8436,-76,62,44
23027,IMU,211,1240,-332,8388,-81,60,47
23047,IMU,212,1172,-296,8468,-91,36,35
23066,IMU,213,1096,-356,8464,-93,59,56
23085,IMU,214,1072,-276,8464,-68,64,52
23104,IMU,215,1172,-312,8480,-95,56,46
23124,IMU,216,1096,-288,8440,-69,53,34
23142,IMU,217,1052,-252,8484,-88,65,40
23162,IMU,218,1052,-340,8432,-93,58,41
23181,IMU,219,1072,-256,8416,-97,61,45
23200,IMU,220,1124,-372,8424,-79,60,33
23219,IMU,221,1172,-224,8432,-98,61,57
23239,IMU,222,1072,-272,8460,-77,61,67
23257,IMU,223,1140,-344,8428,-89,68,49
23277,IMU,224,1136,-304,8464,-77,64,46
23296,IMU,225,1084,-340,8496,-98,71,54
23315,IMU,226,1064,-276,8300,-73,65,42
23335,IMU,227,1188,-284,8316,-87,49,44
23356,IMU,228,1056,-248,8368,-83,63,49
23372,IMU,229,1088,-180,8348,-101,65,47
23392,IMU,230,1208,-168,8456,-106,68,42
23411,IMU,231,1060,-252,8412,-78,62,33
23430,IMU,232,1088,-264,8376,-85,54,44
23449,IMU,233,1156,-280,8384,-95,58,49
23468,IMU,234,1084,-352,8440,-93,64,46
23487,IMU,235,1208,-268,8424,-79,49,48
23507,IMU,236,1280,-240,8392,-93,55,45
23526,IMU,237,1148,-300,8428,-101,58,34
23545,IMU,238,1204,-336,8360,-89,69,23
23564,IMU,239,1092,-372,8364,-90,50,50
23583,IMU,240,1152,-308,8388,-86,54,55
23602,IMU,241,1164,-272,8476,-82,52,48
23622,IMU,242,1168,-240,8424,-88,61,41
23641,IMU,243,1192,-312,8460,-87,42,40
23660,IMU,244,1168,-332,8492,-73,69,43
23681,IMU,245,1288,-212,8440,-105,62,56
23698,IMU,246,1148,-340,8388,-85,61,52
23717,IMU,247,1112,-296,8480,-89,62,39
23737,IMU,248,1184,-368,8448,-89,70,59
23756,IMU,249,1160,-360,8324,-102,53,52
23775,IMU,250,1124,-252,8392,-92,69,45
23794,IMU,251,1208,-280,8444,-83,64,47
23813,IMU,252,1040,-172,8496,-66,61,35
23835,IMU,253,1108,-212,8328,-93,56,42
23852,IMU,254,1220,-356,8440,-84,63,34
23871,IMU,255,1116,-304,8416,-88,54,43
23890,IMU,256,1108,-320,8456,-101,61,43
23909,IMU,257,1148,-192,8484,-78,49,39
23928,IMU,258,1176,-244,8392,-84,48,56
23947,IMU,259,996,-256,8444,-75,67,33
23966,IMU,260,1148,-236,8444,-106,62,42
23986,IMU,261,1104,-348,8400,-89,58,43
24005,IMU,262,1140,-272,8496,-79,48,65
24024,IMU,263,1128,-316,8440,-92,73,41
24043,IMU,264,1160,-268,8416,-102,62,60
24062,IMU,265,1180,-292,8452,-88,50,43
24081,IMU,266,1228,-308,8492,-93,52,47
24101,IMU,267,1128,-256,8480,-92,57,52
24120,IMU,268,1188,-324,8376,-80,65,35
24139,IMU,269,1164,-328,8436,-87,64,45
24159,IMU,270,1176,-264,8412,-96,63,31
24177,IMU,271,1140,-268,8512,-63,62,36
24196,IMU,272,1064,-268,8404,-95,76,55
24216,IMU,273,1180,-352,8400,-83,57,38
24235,IMU,274,1120,-340,8440,-80,65,33
24254,IMU,275,1136,-300,8488,-98,55,30
24273,IMU,276,1136,-292,8472,-94,66,52
24292,IMU,277,1176,-252,8368,-81,45,26
24314,IMU,278,1068,-444,8344,-103,54,36
24330,IMU,279,1192,-156,8484,-97,55,37
24349,IMU,280,1200,-284,8368,-99,51,47
24369,IMU,281,1220,-368,8372,-86,52,45
24388,IMU,282,1100,-320,8496,-90,60,58
24407,IMU,283,1184,-216,8436,-101,64,41
24426,IMU,284,1008,-232,8460,-84,55,58
24445,IMU,285,1124,-300,8380,-88,60,47
24464,IMU,286,1116,-284,8392,-96,54,47
24483,IMU,287,1208,-308,8408,-92,65,42
24503,IMU,288,1152,-336,8492,-91,67,43
24522,IMU,289,1236,-260,8484,-93,61,29
24541,IMU,290,1172,-208,8408,-79,54,50
24560,IMU,291,1144,-328,8400,-90,36,39
24579,IMU,292,1056,-304,8452,-83,43,35
24598,IMU,293,1164,-320,8436,-93,63,49
24618,IMU,294,1152,-284,8452,-76,58,33
24637,IMU,295,1104,-304,8404,-97,50,39
24656,IMU,296,1092,-240,8440,-85,67,58
24675,IMU,297,1144,-240,8376,-104,59,51
24694,IMU,298,1164,-320,8364,-86,72,47
24715,IMU,299,1076,-192,8388,-114,62,36
24733,IMU,300,1104,-248,8508,-87,56,39
24752,IMU,301,1216,-228,8388,-86,66,45
24771,IMU,302,1208,-344,8460,-84,60,53
24792,IMU,303,1068,-328,8416,-84,61,46
24809,IMU,304,1252,-280,8476,-83,60,45
24828,IMU,305,1208,-328,8384,-85,56,41
24848,IMU,306,1116,-256,8436,-93,76,43
24867,IMU,307,1152,-220,8448,-86,56,57
24886,IMU,308,1088,-308,8428,-90,45,57
24905,IMU,309,1108,-288,8376,-94,62,42
24924,IMU,310,1080,-344,8436,-92,53,46
24943,IMU,311,1060,-364,8480,-84,67,37
24962,IMU,312,1076,-268,8428,-105,62,44
24982,IMU,313,1128,-220,8436,-89,63,45
25001,IMU,314,1188,-348,8412,-93,41,47
25020,IMU,315,1180,-240,8428,-99,75,47
25039,IMU,316,1168,-224,8428,-93,67,44
25058,IMU,317,1088,-332,8428,-74,50,57
25077,IMU,318,1140,-316,8412,-99,56,60
25097,IMU,319,1152,-332,8444,-80,71,50
25116,IMU,320,1200,-256,8584,-83,55,36
25135,IMU,321,1112,-256,8428,-86,71,44
25154,IMU,322,1128,-196,8316,-87,51,27
25173,IMU,323,1128,-192,8416,-80,46,35
25192,IMU,324,1116,-168,8364,-92,43,48
25212,IMU,325,1064,-400,8408,-89,53,43
25231,IMU,326,1152,-248,8468,-89,51,60
25250,IMU,327,1208,-332,8460,-75,54,46
25271,IMU,328,1180,-260,8436,-94,53,43
25288,IMU,329,1200,-248,8412,-88,67,39
25308,IMU,330,1196,-196,8340,-94,55,52
25327,IMU,331,1188,-304,8392,-104,57,39
25346,IMU,332,1196,-360,8432,-93,53,27
25365,IMU,333,1112,-236,8372,-98,66,49
25384,IMU,334,1144,-300,8528,-81,61,45
25403,IMU,335,1084,-248,8388,-83,58,53
25423,IMU,336,1196,-332,8412,-91,56,46
25442,IMU,337,1108,-352,8372,-75,61,45
25461,IMU,338,1100,-324,8488,-95,55,38
25480,IMU,339,1068,-224,8392,-82,61,48
25499,IMU,340,1060,-272,8460,-86,69,60
25518,IMU,341,1096,-228,8360,-87,58,39
25538,IMU,342,1224,-196,8372,-94,62,51
25557,IMU,343,1124,-176,8396,-102,72,48
25576,IMU,344,1096,-228,8392,-87,46,41
25595,IMU,345,1196,-172,8336,-82,61,45
25614,IMU,346,1124,-396,8380,-96,60,34
25633,IMU,347,1140,-304,8400,-94,62,42
25653,IMU,348,1092,-288,8404,-83,60,33
25672,IMU,349,1180,-332,8456,-82,56,72
25691,IMU,350,1256,-284,8432,-84,56,43
25710,IMU,351,1116,-308,8432,-104,49,45
25729,IMU,352,1120,-288,8404,-104,64,33
25751,IMU,353,1176,-196,8400,-94,64,26
25768,IMU,354,1184,-268,8432,-102,64,54
25787,IMU,355,1088,-348,8352,-81,50,33
25806,IMU,356,1128,-284,8532,-98,52,45
25825,IMU,357,1088,-292,8392,-95,53,36
25844,IMU,358,1228,-276,8408,-97,53,58
25863,IMU,359,1108,-204,8448,-99,59,47
25883,IMU,360,1108,-224,8408,-73,71,41
25902,IMU,361,1216,-224,8436,-88,57,58
25921,IMU,362,1220,-320,8424,-76,55,48
25940,IMU,363,1052,-232,8456,-106,50,26
25959,IMU,364,1012,-308,8420,-91,53,31
25978,IMU,365,1160,-236,8404,-103,73,63
25998,IMU,366,1172,-348,8424,-93,70,46
26017,IMU,367,1236,-232,8412,-107,61,56
26036,IMU,368,1084,-208,8404,-70,71,40
26055,IMU,369,1164,-256,8420,-85,48,30
26074,IMU,370,1084,-308,8304,-89,70,50
26093,IMU,371,1176,-332,8432,-83,54,29
26113,IMU,372,1076,-284,8436,-94,63,59
26132,IMU,373,1200,-268,8396,-91,48,42
26151,IMU,374,1080,-256,8376,-97,55,48
26169,IMU,375,1152,-308,8504,-90,69,34
26189,IMU,376,1096,-268,8428,-79,54,41
26208,IMU,377,1124,-384,8436,-101,66,39
26239,IMU,378,1060,-256,8440,-98,54,49
26246,IMU,379,1188,-280,8388,-71,73,51
26266,IMU,380,1140,-236,8480,-96,61,46
26284,IMU,381,1132,-248,8460,-79,54,47
26306,IMU,382,1128,-320,8356,-98,63,45
26323,IMU,383,1160,-320,8372,-109,72,56
26342,IMU,384,1184,-220,8336,-88,72,51
26361,IMU,385,1096,-360,8440,-83,57,55
26380,IMU,386,1140,-288,8464,-102,59,47
26399,IMU,387,1148,-240,8444,-104,62,49
26419,IMU,388,1160,-296,8412,-91,66,23
26438,IMU,389,1116,-360,8400,-98,54,43
26457,IMU,390,1208,-324,8348,-95,70,52
26476,IMU,391,1156,-288,8472,-89,62,48
26495,IMU,392,1176,-280,8368,-97,63,40
26514,IMU,393,1168,-308,8400,-94,73,36
26534,IMU,394,1108,-304,8368,-89,60,54
26553,IMU,395,1208,-276,8436,-86,52,42
26572,IMU,396,1176,-344,8456,-84,71,43
26591,IMU,397,1164,-204,8528,-107,49,31
26610,IMU,398,1096,-296,8548,-83,61,50
26629,IMU,399,1008,-348,8416,-94,48,43
26648,IMU,400,1088,-276,8420,-93,58,34
26668,IMU,401,1072,-280,8504,-98,65,40
26687,IMU,402,1116,-248,8476,-83,62,45
26717,IMU,403,1132,-284,8432,-83,75,39
26729,IMU,404,1072,-304,8488,-82,67,52
26745,IMU,405,1076,-352,8452,-86,33,49
26763,IMU,406,1096,-284,8432,-96,51,46
26783,IMU,407,1172,-292,8372,-86,54,52
26802,IMU,408,1068,-260,8448,-107,50,53
26821,IMU,409,1148,-264,8472,-88,59,62
26840,IMU,410,1208,-308,8380,-100,59,37
26859,IMU,411,1244,-196,8400,-90,39,46
26878,IMU,412,1080,-296,8428,-86,63,49
26898,IMU,413,1028,-268,8456,-97,75,42
26917,IMU,414,1084,-280,8436,-96,50,46
26936,IMU,415,1148,-252,8428,-98,61,39
26320,ECG,1024,1594,0,0,0,0,0
26325,ECG,1025,1573,0,0,0,0,0
26330,ECG,1026,1553,0,0,0,0,0
26330,ECG,1027,1533,0,0,0,0,0
26335,ECG,1028,1513,0,0,0,0,0
26340,ECG,1029,1494,0,0,0,0,0
26345,ECG,1030,1475,0,0,0,0,0
26350,ECG,1031,1437,0,0,0,0,0
27357,ECG,1032,0,0,0,0,0,0
27357,ECG,1033,-1,0,0,0,0,0
27362,ECG,1034,-1,0,0,0,0,0
27367,ECG,1035,-1,0,0,0,0,0
27372,ECG,1036,-2,0,0,0,0,0
27377,ECG,1037,-2,0,0,0,0,0
27382,ECG,1038,-1,0,0,0,0,0
27387,ECG,1039,-4,0,0,0,0,0
27392,ECG,1040,-7,0,0,0,0,0
27392,ECG,1041,-6,0,0,0,0,0
27397,ECG,1042,1,0,0,0,0,0
27402,ECG,1043,20,0,0,0,0,0
27407,ECG,1044,30,0,0,0,0,0
27408,ECG,1045,43,0,0,0,0,0
27412,ECG,1046,36,0,0,0,0,0
27417,ECG,1047,36,0,0,0,0,0
27422,ECG,1048,35,0,0,0,0,0
27427,ECG,1049,27,0,0,0,0,0
27427,ECG,1050,46,0,0,0,0,0
27432,ECG,1051,11,0,0,0,0,0
27437,ECG,1052,59,0,0,0,0,0
27442,ECG,1053,-18,0,0,0,0,0
27447,ECG,1054,1070,0,0,0,0,0
27452,ECG,1055,-468,0,0,0,0,0
27457,ECG,1056,-2307,0,0,0,0,0
27462,ECG,1057,-846,0,0,0,0,0
27462,ECG,1058,6485,0,0,0,0,0
27467,ECG,1059,18270,0,0,0,0,0
27472,ECG,1060,28867,0,0,0,0,0
27477,ECG,1061,31903,0,0,0,0,0
27482,ECG,1062,31504,0,0,0,0,0
27482,ECG,1063,30754,0,0,0,0,0
27487,ECG,1064,29568,0,0,0,0,0
27492,ECG,1065,30030,0,0,0,0,0
27497,ECG,1066,29899,0,0,0,0,0
27502,ECG,1067,29140,0,0,0,0,0
27507,ECG,1068,28742,0,0,0,0,0
27512,ECG,1069,28409,0,0,0,0,0
27517,ECG,1070,28035,0,0,0,0,0
27517,ECG,1071,27695,0,0,0,0,0
27522,ECG,1072,27339,0,0,0,0,0
27527,ECG,1073,27002,0,0,0,0,0
27532,ECG,1074,26676,0,0,0,0,0
27537,ECG,1075,26044,0,0,0,0,0
27542,ECG,1076,25722,0,0,0,0,0
27547,ECG,1077,25401,0,0,0,0,0
27552,ECG,1078,25079,0,0,0,0,0
27552,ECG,1079,24765,0,0,0,0,0
27557,ECG,1080,24457,0,0,0,0,0
27562,ECG,1081,24151,0,0,0,0,0
27567,ECG,1082,23848,0,0,0,0,0
27572,ECG,1083,23255,0,0,0,0,0
27577,ECG,1084,22964,0,0,0,0,0
27582,ECG,1085,22677,0,0,0,0,0
27587,ECG,1086,22393,0,0,0,0,0
27587,ECG,1087,22113,0,0,0,0,0
27592,ECG,1088,21836,0,0,0,0,0
27597,ECG,1089,21563,0,0,0,0,0
27602,ECG,1090,21293,0,0,0,0,0
27607,ECG,1091,20763,0,0,0,0,0
27612,ECG,1092,20503,0,0,0,0,0
27617,ECG,1093,20246,0,0,0,0,0
27622,ECG,1094,19993,0,0,0,0,0
27622,ECG,1095,19742,0,0,0,0,0
27627,ECG,1096,19495,0,0,0,0,0
27632,ECG,1097,19251,0,0,0,0,0
27637,ECG,1098,19010,0,0,0,0,0
27642,ECG,1099,18772,0,0,0,0,0
27642,ECG,1100,18537,0,0,0,0,0
27647,ECG,1101,18305,0,0,0,0,0
27652,ECG,1102,18076,0,0,0,0,0
27657,ECG,1103,17849,0,0,0,0,0
27662,ECG,1104,17405,0,0,0,0,0
27667,ECG,1105,17187,0,0,0,0,0
27672,ECG,1106,16972,0,0,0,0,0
27677,ECG,1107,16759,0,0,0,0,0
27677,ECG,1108,16549,0,0,0,0,0
27682,ECG,1109,16342,0,0,0,0,0
27687,ECG,1110,16137,0,0,0,0,0
27692,ECG,1111,15935,0,0,0,0,0
27693,ECG,1112,15735,0,0,0,0,0
27697,ECG,1113,15538,0,0,0,0,0
27702,ECG,1114,15343,0,0,0,0,0
27707,ECG,1115,15151,0,0,0,0,0
27712,ECG,1116,14961,0,0,0,0,0
27712,ECG,1117,14774,0,0,0,0,0
27717,ECG,1118,14588,0,0,0,0,0
27722,ECG,1119,14406,0,0,0,0,0
27727,ECG,1120,14225,0,0,0,0,0
27732,ECG,1121,13871,0,0,0,0,0
27737,ECG,1122,13697,0,0,0,0,0
27742,ECG,1123,13525,0,0,0,0,0
27747,ECG,1124,13356,0,0,0,0,0
27747,ECG,1125,13188,0,0,0,0,0
27752,ECG,1126,13023,0,0,0,0,0
27757,ECG,1127,12860,0,0,0,0,0
27762,ECG,1128,12699,0,0,0,0,0
27767,ECG,1129,12539,0,0,0,0,0
27767,ECG,1130,12382,0,0,0,0,0
27772,ECG,1131,12227,0,0,0,0,0
27777,ECG,1132,12074,0,0,0,0,0
27782,ECG,1133,11922,0,0,0,0,0
27787,ECG,1134,11625,0,0,0,0,0
27792,ECG,1135,11479,0,0,0,0,0
27797,ECG,1136,11335,0,0,0,0,0
27802,ECG,1137,11193,0,0,0,0,0
27802,ECG,1138,11052,0,0,0,0,0
27807,ECG,1139,10914,0,0,0,0,0
27812,ECG,1140,10777,0,0,0,0,0
27817,ECG,1141,10641,0,0,0,0,0
27822,ECG,1142,10376,0,0,0,0,0
27827,ECG,1143,10246,0,0,0,0,0
27832,ECG,1144,10117,0,0,0,0,0
27837,ECG,1145,9990,0,0,0,0,0
27837,ECG,1146,9865,0,0,0,0,0
27842,ECG,1147,9741,0,0,0,0,0
27847,ECG,1148,9619,0,0,0,0,0
27852,ECG,1149,9498,0,0,0,0,0
27857,ECG,1150,9261,0,0,0,0,0
27862,ECG,1151,9145,0,0,0,0,0
27867,ECG,1152,9030,0,0,0,0,0
27872,ECG,1153,8917,0,0,0,0,0
27872,ECG,1154,8805,0,0,0,0,0
27877,ECG,1155,8694,0,0,0,0,0
27882,ECG,1156,8585,0,0,0,0,0
27887,ECG,1157,8477,0,0,0,0,0
27892,ECG,1158,8265,0,0,0,0,0
27897,ECG,1159,8162,0,0,0,0,0
27902,ECG,1160,8059,0,0,0,0,0
27907,ECG,1161,7958,0,0,0,0,0
27907,ECG,1162,7858,0,0,0,0,0
27912,ECG,1163,7759,0,0,0,0,0
27917,ECG,1164,7662,0,0,0,0,0
27922,ECG,1165,7565,0,0,0,0,0
27927,ECG,1166,7470,0,0,0,0,0
27927,ECG,1167,7376,0,0,0,0,0
27932,ECG,1168,7284,0,0,0,0,0
27937,ECG,1169,7192,0,0,0,0,0
27942,ECG,1170,7102,0,0,0,0,0
27947,ECG,1171,6924,0,0,0,0,0
27952,ECG,1172,6837,0,0,0,0,0
27957,ECG,1173,6751,0,0,0,0,0
27962,ECG,1174,6666,0,0,0,0,0
27962,ECG,1175,6582,0,0,0,0,0
27967,ECG,1176,6499,0,0,0,0,0
27972,ECG,1177,6418,0,0,0,0,0
27977,ECG,1178,6337,0,0,0,0,0
27978,ECG,1179,6257,0,0,0,0,0
27982,ECG,1180,6178,0,0,0,0,0
27987,ECG,1181,6101,0,0,0,0,0
27992,ECG,1182,6024,0,0,0,0,0
27997,ECG,1183,5948,0,0,0,0,0
27997,ECG,1184,5873,0,0,0,0,0
28002,ECG,1185,5799,0,0,0,0,0
28007,ECG,1186,5726,0,0,0,0,0
28012,ECG,1187,5654,0,0,0,0,0
28017,ECG,1188,5512,0,0,0,0,0
28022,ECG,1189,5443,0,0,0,0,0
28027,ECG,1190,5374,0,0,0,0,0
28032,ECG,1191,5307,0,0,0,0,0
28032,ECG,1192,5240,0,0,0,0,0
28037,ECG,1193,5174,0,0,0,0,0
28042,ECG,1194,5108,0,0,0,0,0
28047,ECG,1195,5044,0,0,0,0,0
28052,ECG,1196,4980,0,0,0,0,0
28052,ECG,1197,4918,0,0,0,0,0
28057,ECG,1198,4856,0,0,0,0,0
28062,ECG,1199,4794,0,0,0,0,0
28067,ECG,1200,4734,0,0,0,0,0
28072,ECG,1201,4615,0,0,0,0,0
28077,ECG,1202,4557,0,0,0,0,0
28082,ECG,1203,4499,0,0,0,0,0
28087,ECG,1204,4443,0,0,0,0,0
28087,ECG,1205,4387,0,0,0,0,0
28092,ECG,1206,4331,0,0,0,0,0
28097,ECG,1207,4276,0,0,0,0,0
28102,ECG,1208,4222,0,0,0,0,0
28107,ECG,1209,4116,0,0,0,0,0
28112,ECG,1210,4064,0,0,0,0,0
28117,ECG,1211,4013,0,0,0,0,0
28122,ECG,1212,3962,0,0,0,0,0
28122,ECG,1213,3912,0,0,0,0,0
28127,ECG,1214,3863,0,0,0,0,0
28132,ECG,1215,3814,0,0,0,0,0
28137,ECG,1216,3766,0,0,0,0,0
28142,ECG,1217,3671,0,0,0,0,0
28147,ECG,1218,3624,0,0,0,0,0
28152,ECG,1219,3578,0,0,0,0,0
28157,ECG,1220,3533,0,0,0,0,0
28157,ECG,1221,3488,0,0,0,0,0
28162,ECG,1222,3444,0,0,0,0,0
28167,ECG,1223,3400,0,0,0,0,0
28172,ECG,1224,3357,0,0,0,0,0
28177,ECG,1225,3273,0,0,0,0,0
28182,ECG,1226,3231,0,0,0,0,0
28187,ECG,1227,3190,0,0,0,0,0
28192,ECG,1228,3150,0,0,0,0,0
28192,ECG,1229,3110,0,0,0,0,0
28197,ECG,1230,3070,0,0,0,0,0
28202,ECG,1231,3031,0,0,0,0,0
28207,ECG,1232,2993,0,0,0,0,0
28212,ECG,1233,2955,0,0,0,0,0
28212,ECG,1234,2917,0,0,0,0,0
28217,ECG,1235,2880,0,0,0,0,0
28222,ECG,1236,2844,0,0,0,0,0
28227,ECG,1237,2808,0,0,0,0,0
28232,ECG,1238,2737,0,0,0,0,0
28237,ECG,1239,2702,0,0,0,0,0
28242,ECG,1240,2668,0,0,0,0,0
28247,ECG,1241,2634,0,0,0,0,0
28247,ECG,1242,2600,0,0,0,0,0
28252,ECG,1243,2567,0,0,0,0,0
28257,ECG,1244,2534,0,0,0,0,0
28262,ECG,1245,2502,0,0,0,0,0
28263,ECG,1246,2470,0,0,0,0,0
28267,ECG,1247,2439,0,0,0,0,0
28272,ECG,1248,2408,0,0,0,0,0
28277,ECG,1249,2377,0,0,0,0,0
28282,ECG,1250,2347,0,0,0,0,0
28282,ECG,1251,2317,0,0,0,0,0
28287,ECG,1252,2287,0,0,0,0,0
28292,ECG,1253,2258,0,0,0,0,0
28297,ECG,1254,2229,0,0,0,0,0
28302,ECG,1255,2173,0,0,0,0,0
28307,ECG,1256,2145,0,0,0,0,0
28312,ECG,1257,2117,0,0,0,0,0
28317,ECG,1258,2090,0,0,0,0,0
28317,ECG,1259,2064,0,0,0,0,0
28322,ECG,1260,2037,0,0,0,0,0
28327,ECG,1261,2011,0,0,0,0,0
28332,ECG,1262,1985,0,0,0,0,0
28337,ECG,1263,1960,0,0,0,0,0
28337,ECG,1264,1935,0,0,0,0,0
28342,ECG,1265,1910,0,0,0,0,0
28347,ECG,1266,1886,0,0,0,0,0
28352,ECG,1267,1861,0,0,0,0,0
28352,ECG,1268,1837,0,0,0,0,0
28357,ECG,1269,1814,0,0,0,0,0
28362,ECG,1270,1791,0,0,0,0,0
28367,ECG,1271,1768,0,0,0,0,0
28372,ECG,1272,1745,0,0,0,0,0
28372,ECG,1273,1722,0,0,0,0,0
28377,ECG,1274,1700,0,0,0,0,0
28382,ECG,1275,1678,0,0,0,0,0
28387,ECG,1276,1657,0,0,0,0,0
28392,ECG,1277,1615,0,0,0,0,0
28397,ECG,1278,1594,0,0,0,0,0
28402,ECG,1279,1573,0,0,0,0,0
26955,IMU,416,1240,-364,8452,-114,61,35
26974,IMU,417,1224,-188,8472,-70,49,42
26993,IMU,418,1104,-264,8340,-92,64,41
27012,IMU,419,1148,-316,8448,-95,62,42
27032,IMU,420,1136,-304,8388,-88,43,53
27051,IMU,421,1176,-188,8408,-85,64,43
27070,IMU,422,1136,-168,8444,-95,51,40
27089,IMU,423,1160,-300,8448,-87,60,43
27108,IMU,424,1164,-224,8420,-73,76,34
27127,IMU,425,1200,-304,8432,-83,54,47
27147,IMU,426,1092,-256,8512,-85,63,42
27166,IMU,427,1244,-332,8424,-111,71,37
27189,IMU,428,1164,-320,8396,-83,52,47
27204,IMU,429,1012,-256,8392,-80,60,41
27223,IMU,430,1168,-284,8364,-87,58,41
27242,IMU,431,1144,-324,8416,-62,59,64
27262,IMU,432,1156,-228,8440,-98,59,41
27281,IMU,433,1216,-284,8420,-74,44,46
27300,IMU,434,1248,-268,8388,-100,63,36
27319,IMU,435,1268,-352,8364,-87,74,48
27340,IMU,436,1076,-360,8364,-86,64,27
27358,IMU,437,1036,-276,8416,-88,68,50
27376,IMU,438,1188,-208,8420,-91,59,42
27396,IMU,439,1280,-244,8452,-91,73,42
27415,IMU,440,1064,-212,8420,-82,48,50
27434,IMU,441,1180,-300,8320,-90,64,40
27454,IMU,442,1216,-208,8436,-96,59,45
27473,IMU,443,1152,-248,8424,-107,62,38
27491,IMU,444,1164,-208,8328,-75,65,48
27511,IMU,445,1072,-344,8428,-86,61,39
27530,IMU,446,1104,-292,8440,-78,72,40
27549,IMU,447,1076,-368,8452,-99,53,47
27568,IMU,448,1140,-328,8388,-93,53,36
27588,IMU,449,1092,-252,8440,-77,65,49
27606,IMU,450,1132,-360,8448,-88,68,56
27626,IMU,451,1104,-352,8440,-104,60,42
27645,IMU,452,1108,-288,8436,-95,72,41
27668,IMU,453,1152,-200,8424,-81,65,49
27685,IMU,454,1152,-268,8412,-94,47,26
27703,IMU,455,1068,-236,8508,-73,44,43
27721,IMU,456,1156,-256,8440,-81,76,41
27741,IMU,457,1228,-224,8428,-90,55,45
27760,IMU,458,1316,-280,8392,-81,73,53
27779,IMU,459,1088,-300,8460,-104,46,53
27798,IMU,460,1176,-288,8312,-103,48,40
27818,IMU,461,1224,-344,8264,-76,61,59
27836,IMU,462,1072,-220,8452,-93,55,42
27856,IMU,463,1180,-248,8360,-82,65,37
27875,IMU,464,1104,-240,8336,-93,49,50
27894,IMU,465,1092,-364,8456,-96,61,51
27913,IMU,466,1172,-264,8352,-95,54,40
27932,IMU,467,1108,-248,8376,-92,62,36
27951,IMU,468,1140,-288,8384,-93,50,45
27971,IMU,469,1184,-268,8456,-91,45,58
27990,IMU,470,1140,-288,8432,-89,62,37
28009,IMU,471,1184,-312,8392,-97,66,29
28028,IMU,472,1164,-256,8416,-76,69,41
28047,IMU,473,1144,-240,8428,-80,53,34
28066,IMU,474,1196,-168,8520,-83,46,55
28086,IMU,475,1096,-260,8432,-88,53,53
28105,IMU,476,1156,-168,8468,-104,41,67
28124,IMU,477,1096,-356,8408,-87,47,44
28147,IMU,478,1116,-216,8484,-80,50,48
28165,IMU,479,1064,-288,8424,-87,61,41
28181,IMU,480,1184,-472,8356,-71,66,45
28201,IMU,481,1236,-256,8324,-95,54,39
28220,IMU,482,1252,-412,8448,-93,73,45
28239,IMU,483,1132,-288,8384,-88,69,36
28258,IMU,484,1076,-316,8488,-103,61,42
28277,IMU,485,1136,-288,8364,-112,63,45
28296,IMU,486,1184,-336,8432,-102,59,62
28316,IMU,487,1064,-260,8412,-92,68,37
28335,IMU,488,1160,-252,8420,-87,61,41
28354,IMU,489,1112,-296,8440,-100,56,41
28374,IMU,490,1208,-308,8404,-94,56,45
28392,IMU,491,1152,-356,8392,-91,73,43
28411,IMU,492,1192,-232,8408,-98,75,53
28430,IMU,493,1036,-280,8432,-88,59,63
28449,IMU,494,1172,-316,8460,-66,59,56
28469,IMU,495,1116,-340,8408,-82,63,29
28488,IMU,496,1108,-412,8440,-98,66,50
28507,IMU,497,1076,-352,8384,-80,76,58
28526,IMU,498,1160,-208,8400,-93,64,49
28545,IMU,499,1160,-268,8496,-89,60,42
28564,IMU,500,1192,-336,8364,-76,47,37
28584,IMU,501,1136,-192,8440,-80,78,41
28603,IMU,502,1108,-320,8384,-100,69,25
28624,IMU,503,1120,-308,8412,-89,55,40
28643,IMU,504,1180,-268,8492,-81,61,42
28660,IMU,505,1072,-240,8396,-94,53,35
28679,IMU,506,1132,-304,8452,-110,54,34
28698,IMU,507,1216,-160,8400,-76,58,53
28718,IMU,508,1168,-336,8400,-97,68,48
28737,IMU,509,1088,-328,8456,-86,69,49
28756,IMU,510,1060,-280,8384,-87,83,54
28775,IMU,511,1248,-324,8460,-92,49,39
28794,IMU,512,1136,-392,8368,-77,63,51
28813,IMU,513,1208,-308,8508,-108,70,38
28833,IMU,514,1156,-284,8516,-85,63,42
28852,IMU,515,1196,-340,8468,-86,62,47
28871,IMU,516,1144,-396,8496,-103,57,40
28890,IMU,517,1136,-280,8416,-88,55,53
28909,IMU,518,1132,-228,8452,-96,53,38
28930,IMU,519,1144,-292,8400,-79,55,37
28948,IMU,520,1244,-272,8408,-95,59,49
28967,IMU,521,1064,-168,8448,-89,50,50
28986,IMU,522,1156,-296,8456,-79,77,29
29005,IMU,523,1132,-252,8448,-91,59,68
29024,IMU,524,1116,-324,8312,-81,68,34
29043,IMU,525,1172,-228,8428,-80,56,51
29063,IMU,526,1236,-248,8484,-95,54,41
29082,IMU,527,1220,-336,8384,-116,53,47
29101,IMU,528,1200,-336,8384,-92,70,49
29121,IMU,529,1164,-236,8416,-82,64,45
29139,IMU,530,1184,-224,8464,-101,67,50
29158,IMU,531,1120,-312,8432,-86,48,39
29177,IMU,532,1080,-312,8432,-94,68,47
29197,IMU,533,1112,-260,8412,-105,67,43
29216,IMU,534,1244,-236,8404,-78,39,33
29235,IMU,535,1144,-364,8404,-85,50,43
29254,IMU,536,1156,-308,8444,-92,49,41
29273,IMU,537,1172,-276,8452,-99,69,40
29292,IMU,538,1164,-340,8372,-90,78,43
29312,IMU,539,1220,-272,8388,-75,63,49
29331,IMU,540,1164,-160,8476,-89,69,50
29350,IMU,541,1168,-224,8416,-106,54,43
29369,IMU,542,1096,-268,8444,-98,52,60
29388,IMU,543,1092,-300,8456,-101,68,34
29408,IMU,544,1152,-220,8456,-94,58,44
29427,IMU,545,1048,-348,8416,-74,61,45
29446,IMU,546,1224,-280,8400,-95,52,62
29465,IMU,547,1148,-308,8384,-84,55,43
29484,IMU,548,1180,-288,8528,-86,57,45
29503,IMU,549,1112,-284,8428,-83,52,33
29523,IMU,550,1116,-308,8364,-97,65,37
29542,IMU,551,1152,-348,8400,-98,60,55
29561,IMU,552,1204,-276,8468,-90,56,48
29580,IMU,553,1076,-220,8504,-94,54,40
29601,IMU,554,1072,-284,8460,-79,52,47
29618,IMU,555,1164,-252,8384,-89,61,46
29638,IMU,556,1140,-264,8424,-95,55,48
29657,IMU,557,1152,-208,8496,-98,63,59
29676,IMU,558,1144,-348,8488,-86,55,40
29695,IMU,559,1128,-296,8420,-91,71,53
29714,IMU,560,1184,-304,8388,-103,60,49
29733,IMU,561,1148,-316,8440,-92,37,50
29753,IMU,562,1144,-392,8380,-86,67,38
29772,IMU,563,1164,-280,8512,-96,50,32
29791,IMU,564,1124,-372,8464,-104,50,62
29810,IMU,565,1196,-240,8428,-84,52,52
29829,IMU,566,1128,-256,8416,-85,79,41
29848,IMU,567,1184,-184,8396,-93,54,61
29868,IMU,568,1120,-304,8448,-89,61,59
29887,IMU,569,1096,-280,8432,-74,65,59
29906,IMU,570,1280,-320,8456,-93,42,58
29925,IMU,571,1208,-320,8444,-87,46,40
29944,IMU,572,1132,-396,8412,-96,52,48
29965,IMU,573,1184,-280,8356,-94,66,49
29983,IMU,574,1164,-200,8404,-98,62,36
30002,IMU,575,1140,-176,8520,-94,60,47
30021,IMU,576,1124,-224,8492,-101,63,37
30040,IMU,577,1184,-172,8416,-94,58,30
30059,IMU,578,1240,-364,8384,-92,68,44
30081,IMU,579,1116,-308,8424,-82,40,40
30098,IMU,580,1240,-392,8392,-108,66,42
30117,IMU,581,1204,-248,8372,-95,46,39
30136,IMU,582,1180,-192,8380,-90,78,48
30155,IMU,583,1164,-272,8440,-87,70,42
30174,IMU,584,1212,-332,8440,-104,72,56
30193,IMU,585,1084,-276,8524,-83,69,42
30213,IMU,586,1068,-352,8472,-93,57,35
30232,IMU,587,1092,-216,8444,-89,49,40
30251,IMU,588,1104,-256,8376,-88,51,47
30270,IMU,589,1132,-280,8376,-91,60,48
30289,IMU,590,1164,-280,8416,-71,62,41
30308,IMU,591,1184,-268,8428,-81,77,43
30327,IMU,592,1252,-272,8448,-92,58,46
30347,IMU,593,1188,-364,8516,-63,63,45
30366,IMU,594,1260,-348,8472,-80,62,56
30384,IMU,595,1120,-348,8472,-94,53,41
30404,IMU,596,1052,-244,8388,-85,55,50
30423,IMU,597,1192,-316,8448,-89,63,46
30442,IMU,598,1080,-296,8512,-94,71,42
30461,IMU,599,1200,-296,8416,-96,64,46
30480,IMU,600,1168,-280,8448,-85,47,50
30499,IMU,601,1140,-296,8432,-85,56,36
30519,IMU,602,1168,-368,8356,-105,40,43
30538,IMU,603,1120,-288,8444,-81,52,46
30559,IMU,604,1128,-296,8352,-97,69,47
30576,IMU,605,1080,-252,8328,-85,52,41
30595,IMU,606,1164,-336,8424,-82,56,23
30614,IMU,607,1164,-320,8388,-105,57,25
30634,IMU,608,1200,-240,8404,-83,75,48
30653,IMU,609,1148,-300,8452,-85,46,30
30672,IMU,610,1256,-348,8408,-99,50,46
30691,IMU,611,1224,-256,8408,-76,69,33
30710,IMU,612,1152,-212,8432,-82,60,50
30729,IMU,613,1188,-300,8404,-102,67,43
30749,IMU,614,1096,-308,8436,-92,66,56
30768,IMU,615,1100,-224,8460,-89,61,39
30787,IMU,616,1096,-272,8412,-87,70,34
30806,IMU,617,1168,-292,8416,-70,50,54
30825,IMU,618,1004,-208,8372,-96,59,49
30844,IMU,619,1120,-316,8432,-93,75,39
30863,IMU,620,1108,-304,8364,-82,76,49
30883,IMU,621,1244,-268,8436,-100,61,47
30902,IMU,622,1164,-132,8404,-92,69,49
30921,IMU,623,1144,-248,8488,-102,61,53
29409,ECG,1280,0,0,0,0,0,0
29409,ECG,1281,-1,0,0,0,0,0
29414,ECG,1282,-1,0,0,0,0,0
29420,ECG,1283,-1,0,0,0,0,0
29425,ECG,1284,-2,0,0,0,0,0
29430,ECG,1285,-2,0,0,0,0,0
29435,ECG,1286,-1,0,0,0,0,0
29440,ECG,1287,-4,0,0,0,0,0
29440,ECG,1288,-7,0,0,0,0,0
29445,ECG,1289,-6,0,0,0,0,0
29450,ECG,1290,1,0,0,0,0,0
29455,ECG,1291,20,0,0,0,0,0
29460,ECG,1292,43,0,0,0,0,0
29465,ECG,1293,36,0,0,0,0,0
29470,ECG,1294,36,0,0,0,0,0
29475,ECG,1295,35,0,0,0,0,0
29475,ECG,1296,27,0,0,0,0,0
29480,ECG,1297,46,0,0,0,0,0
29485,ECG,1298,11,0,0,0,0,0
29490,ECG,1299,59,0,0,0,0,0
29495,ECG,1300,-18,0,0,0,0,0
29495,ECG,1301,538,0,0,0,0,0
29500,ECG,1302,1070,0,0,0,0,0
29505,ECG,1303,-468,0,0,0,0,0
29510,ECG,1304,-2307,0,0,0,0,0
29510,ECG,1305,-846,0,0,0,0,0
29515,ECG,1306,6485,0,0,0,0,0
29520,ECG,1307,18270,0,0,0,0,0
29525,ECG,1308,28867,0,0,0,0,0
29530,ECG,1309,31903,0,0,0,0,0
29530,ECG,1310,31504,0,0,0,0,0
29535,ECG,1311,30754,0,0,0,0,0
29540,ECG,1312,29568,0,0,0,0,0
29545,ECG,1313,30030,0,0,0,0,0
29550,ECG,1314,29473,0,0,0,0,0
29555,ECG,1315,29140,0,0,0,0,0
29560,ECG,1316,28742,0,0,0,0,0
29565,ECG,1317,28409,0,0,0,0,0
29565,ECG,1318,28035,0,0,0,0,0
29570,ECG,1319,27695,0,0,0,0,0
29575,ECG,1320,27339,0,0,0,0,0
29580,ECG,1321,27002,0,0,0,0,0
29581,ECG,1322,26676,0,0,0,0,0
29585,ECG,1323,26357,0,0,0,0,0
29590,ECG,1324,26044,0,0,0,0,0
29595,ECG,1325,25722,0,0,0,0,0
29600,ECG,1326,25401,0,0,0,0,0
29600,ECG,1327,25079,0,0,0,0,0
29605,ECG,1328,24765,0,0,0,0,0
29610,ECG,1329,24457,0,0,0,0,0
29615,ECG,1330,24151,0,0,0,0,0
29620,ECG,1331,23550,0,0,0,0,0
29625,ECG,1332,23255,0,0,0,0,0
29630,ECG,1333,22964,0,0,0,0,0
29635,ECG,1334,22677,0,0,0,0,0
29635,ECG,1335,22393,0,0,0,0,0
29640,ECG,1336,22113,0,0,0,0,0
29645,ECG,1337,21836,0,0,0,0,0
29650,ECG,1338,21563,0,0,0,0,0
29655,ECG,1339,21293,0,0,0,0,0
29655,ECG,1340,21026,0,0,0,0,0
29660,ECG,1341,20763,0,0,0,0,0
29665,ECG,1342,20503,0,0,0,0,0
29670,ECG,1343,20246,0,0,0,0,0
29675,ECG,1344,19742,0,0,0,0,0
29680,ECG,1345,19495,0,0,0,0,0
29685,ECG,1346,19251,0,0,0,0,0
29690,ECG,1347,19010,0,0,0,0,0
29690,ECG,1348,18772,0,0,0,0,0
29695,ECG,1349,18537,0,0,0,0,0
29700,ECG,1350,18305,0,0,0,0,0
29705,ECG,1351,18076,0,0,0,0,0
29706,ECG,1352,17849,0,0,0,0,0
29710,ECG,1353,17626,0,0,0,0,0
29715,ECG,1354,17405,0,0,0,0,0
29720,ECG,1355,17187,0,0,0,0,0
29725,ECG,1356,16972,0,0,0,0,0
29725,ECG,1357,16759,0,0,0,0,0
29730,ECG,1358,16549,0,0,0,0,0
29735,ECG,1359,16342,0,0,0,0,0
29740,ECG,1360,16137,0,0,0,0,0
29745,ECG,1361,15735,0,0,0,0,0
29750,ECG,1362,15538,0,0,0,0,0
29755,ECG,1363,15343,0,0,0,0,0
29760,ECG,1364,15151,0,0,0,0,0
29760,ECG,1365,14961,0,0,0,0,0
29765,ECG,1366,14774,0,0,0,0,0
29770,ECG,1367,14588,0,0,0,0,0
29775,ECG,1368,14406,0,0,0,0,0
29780,ECG,1369,14047,0,0,0,0,0
29785,ECG,1370,13871,0,0,0,0,0
29790,ECG,1371,13697,0,0,0,0,0
29795,ECG,1372,13525,0,0,0,0,0
29795,ECG,1373,13356,0,0,0,0,0
29800,ECG,1374,13188,0,0,0,0,0
29805,ECG,1375,13023,0,0,0,0,0
29810,ECG,1376,12860,0,0,0,0,0
29815,ECG,1377,12699,0,0,0,0,0
29815,ECG,1378,12539,0,0,0,0,0
29820,ECG,1379,12382,0,0,0,0,0
29825,ECG,1380,12227,0,0,0,0,0
29830,ECG,1381,12074,0,0,0,0,0
29835,ECG,1382,11773,0,0,0,0,0
29840,ECG,1383,11625,0,0,0,0,0
29845,ECG,1384,11479,0,0,0,0,0
29850,ECG,1385,11335,0,0,0,0,0
29850,ECG,1386,11193,0,0,0,0,0
29855,ECG,1387,11052,0,0,0,0,0
29860,ECG,1388,10914,0,0,0,0,0
29865,ECG,1389,10777,0,0,0,0,0
29866,ECG,1390,10641,0,0,0,0,0
29870,ECG,1391,10508,0,0,0,0,0
29875,ECG,1392,10376,0,0,0,0,0
29880,ECG,1393,10246,0,0,0,0,0
29885,ECG,1394,10117,0,0,0,0,0
29885,ECG,1395,9990,0,0,0,0,0
29890,ECG,1396,9865,0,0,0,0,0
29895,ECG,1397,9741,0,0,0,0,0
29900,ECG,1398,9619,0,0,0,0,0
29905,ECG,1399,9379,0,0,0,0,0
29910,ECG,1400,9261,0,0,0,0,0
29915,ECG,1401,9145,0,0,0,0,0
29920,ECG,1402,9030,0,0,0,0,0
29920,ECG,1403,8917,0,0,0,0,0
29925,ECG,1404,8805,0,0,0,0,0
29930,ECG,1405,8694,0,0,0,0,0
29935,ECG,1406,8585,0,0,0,0,0
29940,ECG,1407,8477,0,0,0,0,0
29940,ECG,1408,8371,0,0,0,0,0
29945,ECG,1409,8265,0,0,0,0,0
29950,ECG,1410,8162,0,0,0,0,0
29955,ECG,1411,8059,0,0,0,0,0
29960,ECG,1412,7858,0,0,0,0,0
29965,ECG,1413,7759,0,0,0,0,0
29970,ECG,1414,7662,0,0,0,0,0
29975,ECG,1415,7565,0,0,0,0,0
29975,ECG,1416,7470,0,0,0,0,0
29980,ECG,1417,7376,0,0,0,0,0
29985,ECG,1418,7284,0,0,0,0,0
29990,ECG,1419,7192,0,0,0,0,0
29995,ECG,1420,7012,0,0,0,0,0
30000,ECG,1421,6924,0,0,0,0,0
30005,ECG,1422,6837,0,0,0,0,0
30010,ECG,1423,6751,0,0,0,0,0
30010,ECG,1424,6666,0,0,0,0,0
30015,ECG,1425,6582,0,0,0,0,0
30020,ECG,1426,6499,0,0,0,0,0
30025,ECG,1427,6418,0,0,0,0,0
30030,ECG,1428,6257,0,0,0,0,0
30035,ECG,1429,6178,0,0,0,0,0
30040,ECG,1430,6101,0,0,0,0,0
30045,ECG,1431,6024,0,0,0,0,0
30045,ECG,1432,5948,0,0,0,0,0
30050,ECG,1433,5873,0,0,0,0,0
30055,ECG,1434,5799,0,0,0,0,0
30060,ECG,1435,5726,0,0,0,0,0
30065,ECG,1436,5583,0,0,0,0,0
30070,ECG,1437,5512,0,0,0,0,0
30075,ECG,1438,5443,0,0,0,0,0
30080,ECG,1439,5374,0,0,0,0,0
30080,ECG,1440,5307,0,0,0,0,0
30085,ECG,1441,5240,0,0,0,0,0
30090,ECG,1442,5174,0,0,0,0,0
30095,ECG,1443,5108,0,0,0,0,0
30100,ECG,1444,5044,0,0,0,0,0
30100,ECG,1445,4980,0,0,0,0,0
30105,ECG,1446,4918,0,0,0,0,0
30110,ECG,1447,4856,0,0,0,0,0
30115,ECG,1448,4794,0,0,0,0,0
30120,ECG,1449,4674,0,0,0,0,0
30125,ECG,1450,4615,0,0,0,0,0
30130,ECG,1451,4557,0,0,0,0,0
30135,ECG,1452,4499,0,0,0,0,0
30135,ECG,1453,4443,0,0,0,0,0
30140,ECG,1454,4387,0,0,0,0,0
30145,ECG,1455,4331,0,0,0,0,0
30150,ECG,1456,4276,0,0,0,0,0
30151,ECG,1457,4222,0,0,0,0,0
30155,ECG,1458,4169,0,0,0,0,0
30160,ECG,1459,4116,0,0,0,0,0
30165,ECG,1460,4064,0,0,0,0,0
30170,ECG,1461,4013,0,0,0,0,0
30170,ECG,1462,3962,0,0,0,0,0
30175,ECG,1463,3912,0,0,0,0,0
30180,ECG,1464,3863,0,0,0,0,0
30185,ECG,1465,3814,0,0,0,0,0
30190,ECG,1466,3718,0,0,0,0,0
30195,ECG,1467,3671,0,0,0,0,0
30200,ECG,1468,3624,0,0,0,0,0
30205,ECG,1469,3578,0,0,0,0,0
30205,ECG,1470,3533,0,0,0,0,0
30210,ECG,1471,3488,0,0,0,0,0
30215,ECG,1472,3444,0,0,0,0,0
30220,ECG,1473,3400,0,0,0,0,0
30225,ECG,1474,3357,0,0,0,0,0
30225,ECG,1475,3315,0,0,0,0,0
30230,ECG,1476,3273,0,0,0,0,0
30235,ECG,1477,3231,0,0,0,0,0
30240,ECG,1478,3190,0,0,0,0,0
30245,ECG,1479,3110,0,0,0,0,0
30250,ECG,1480,3070,0,0,0,0,0
30255,ECG,1481,3031,0,0,0,0,0
30260,ECG,1482,2993,0,0,0,0,0
30260,ECG,1483,2955,0,0,0,0,0
30265,ECG,1484,2917,0,0,0,0,0
30270,ECG,1485,2880,0,0,0,0,0
30275,ECG,1486,2844,0,0,0,0,0
30280,ECG,1487,2772,0,0,0,0,0
30285,ECG,1488,2737,0,0,0,0,0
30290,ECG,1489,2702,0,0,0,0,0
30295,ECG,1490,2668,0,0,0,0,0
30295,ECG,1491,2634,0,0,0,0,0
30300,ECG,1492,2600,0,0,0,0,0
30305,ECG,1493,2567,0,0,0,0,0
30310,ECG,1494,2534,0,0,0,0,0
30315,ECG,1495,2470,0,0,0,0,0
30320,ECG,1496,2439,0,0,0,0,0
30325,ECG,1497,2408,0,0,0,0,0
30330,ECG,1498,2377,0,0,0,0,0
30330,ECG,1499,2347,0,0,0,0,0
30335,ECG,1500,2317,0,0,0,0,0
30340,ECG,1501,2287,0,0,0,0,0
30345,ECG,1502,2258,0,0,0,0,0
30350,ECG,1503,2201,0,0,0,0,0
30355,ECG,1504,2173,0,0,0,0,0
30360,ECG,1505,2145,0,0,0,0,0
30365,ECG,1506,2117,0,0,0,0,0
30365,ECG,1507,2090,0,0,0,0,0
30370,ECG,1508,2064,0,0,0,0,0
30375,ECG,1509,2037,0,0,0,0,0
30380,ECG,1510,2011,0,0,0,0,0
30385,ECG,1511,1985,0,0,0,0,0
30385,ECG,1512,1960,0,0,0,0,0
30390,ECG,1513,1935,0,0,0,0,0
30395,ECG,1514,1910,0,0,0,0,0
30400,ECG,1515,1886,0,0,0,0,0
30405,ECG,1516,1837,0,0,0,0,0
30410,ECG,1517,1814,0,0,0,0,0
30415,ECG,1518,1791,0,0,0,0,0
30420,ECG,1519,1768,0,0,0,0,0
30420,ECG,1520,1745,0,0,0,0,0
30425,ECG,1521,1722,0,0,0,0,0
30430,ECG,1522,1700,0,0,0,0,0
30435,ECG,1523,1678,0,0,0,0,0
30436,ECG,1524,1657,0,0,0,0,0
30440,ECG,1525,1636,0,0,0,0,0
30445,ECG,1526,1615,0,0,0,0,0
30450,ECG,1527,1594,0,0,0,0,0
30455,ECG,1528,1573,0,0,0,0,0
30455,ECG,1529,1553,0,0,0,0,0
30460,ECG,1530,1533,0,0,0,0,0
30465,ECG,1531,1513,0,0,0,0,0
30470,ECG,1532,1494,0,0,0,0,0
30475,ECG,1533,1456,0,0,0,0,0
31482,ECG,1534,0,0,0,0,0,0
31482,ECG,1535,-1,0,0,0,0,0
31487,ECG,1536,-1,0,0,0,0,0
31492,ECG,1537,-1,0,0,0,0,0
31497,ECG,1538,-2,0,0,0,0,0
31502,ECG,1539,-2,0,0,0,0,0
31507,ECG,1540,-1,0,0,0,0,0
31512,ECG,1541,-4,0,0,0,0,0
31517,ECG,1542,-7,0,0,0,0,0
31517,ECG,1543,-6,0,0,0,0,0
31522,ECG,1544,1,0,0,0,0,0
31527,ECG,1545,20,0,0,0,0,0
31532,ECG,1546,30,0,0,0,0,0
31533,ECG,1547,43,0,0,0,0,0
31537,ECG,1548,36,0,0,0,0,0
31542,ECG,1549,36,0,0,0,0,0
31547,ECG,1550,35,0,0,0,0,0
31552,ECG,1551,27,0,0,0,0,0
31552,ECG,1552,46,0,0,0,0,0
31557,ECG,1553,11,0,0,0,0,0
31562,ECG,1554,59,0,0,0,0,0
31567,ECG,1555,-18,0,0,0,0,0
31572,ECG,1556,1070,0,0,0,0,0
31577,ECG,1557,-468,0,0,0,0,0
31582,ECG,1558,-2307,0,0,0,0,0
31587,ECG,1559,-846,0,0,0,0,0
31587,ECG,1560,6485,0,0,0,0,0
31592,ECG,1561,18270,0,0,0,0,0
31597,ECG,1562,28867,0,0,0,0,0
31602,ECG,1563,31903,0,0,0,0,0
31607,ECG,1564,31504,0,0,0,0,0
31607,ECG,1565,30754,0,0,0,0,0
31612,ECG,1566,29568,0,0,0,0,0
31617,ECG,1567,30030,0,0,0,0,0
31622,ECG,1568,29899,0,0,0,0,0
31627,ECG,1569,29140,0,0,0,0,0
31632,ECG,1570,28742,0,0,0,0,0
31637,ECG,1571,28409,0,0,0,0,0
31642,ECG,1572,28035,0,0,0,0,0
31642,ECG,1573,27695,0,0,0,0,0
31647,ECG,1574,27339,0,0,0,0,0
31652,ECG,1575,27002,0,0,0,0,0
31657,ECG,1576,26676,0,0,0,0,0
31662,ECG,1577,26044,0,0,0,0,0
31667,ECG,1578,25722,0,0,0,0,0
31672,ECG,1579,25401,0,0,0,0,0
31677,ECG,1580,25079,0,0,0,0,0
31677,ECG,1581,24765,0,0,0,0,0
31682,ECG,1582,24457,0,0,0,0,0
31687,ECG,1583,24151,0,0,0,0,0
31692,ECG,1584,23848,0,0,0,0,0
31697,ECG,1585,23255,0,0,0,0,0
31702,ECG,1586,22964,0,0,0,0,0
31707,ECG,1587,22677,0,0,0,0,0
31712,ECG,1588,22393,0,0,0,0,0
31712,ECG,1589,22113,0,0,0,0,0
31717,ECG,1590,21836,0,0,0,0,0
31722,ECG,1591,21563,0,0,0,0,0
31727,ECG,1592,21293,0,0,0,0,0
31732,ECG,1593,20763,0,0,0,0,0
31737,ECG,1594,20503,0,0,0,0,0
31742,ECG,1595,20246,0,0,0,0,0
31747,ECG,1596,19993,0,0,0,0,0
31747,ECG,1597,19742,0,0,0,0,0
31752,ECG,1598,19495,0,0,0,0,0
31757,ECG,1599,19251,0,0,0,0,0
31762,ECG,1600,19010,0,0,0,0,0
31767,ECG,1601,18772,0,0,0,0,0
31767,ECG,1602,18537,0,0,0,0,0
31772,ECG,1603,18305,0,0,0,0,0
31777,ECG,1604,18076,0,0,0,0,0
31782,ECG,1605,17849,0,0,0,0,0
31787,ECG,1606,17405,0,0,0,0,0
31792,ECG,1607,17187,0,0,0,0,0
31797,ECG,1608,16971,0,0,0,0,0
31802,ECG,1609,16759,0,0,0,0,0
31802,ECG,1610,16549,0,0,0,0,0
31807,ECG,1611,16342,0,0,0,0,0
31812,ECG,1612,16136,0,0,0,0,0
31817,ECG,1613,15934,0,0,0,0,0
31818,ECG,1614,15735,0,0,0,0,0
31822,ECG,1615,15537,0,0,0,0,0
31827,ECG,1616,15342,0,0,0,0,0
31832,ECG,1617,15151,0,0,0,0,0
31837,ECG,1618,14961,0,0,0,0,0
31837,ECG,1619,14773,0,0,0,0,0
31842,ECG,1620,14588,0,0,0,0,0
31847,ECG,1621,14402,0,0,0,0,0
31852,ECG,1622,14224,0,0,0,0,0
31857,ECG,1623,13876,0,0,0,0,0
31862,ECG,1624,13686,0,0,0,0,0
31867,ECG,1625,13489,0,0,0,0,0
31872,ECG,1626,13306,0,0,0,0,0
31872,ECG,1627,13149,0,0,0,0,0
31877,ECG,1628,13010,0,0,0,0,0
31882,ECG,1629,12865,0,0,0,0,0
31887,ECG,1630,12709,0,0,0,0,0
31892,ECG,1631,12541,0,0,0,0,0
31892,ECG,1632,12380,0,0,0,0,0
31897,ECG,1633,12228,0,0,0,0,0
31902,ECG,1634,12075,0,0,0,0,0
31907,ECG,1635,11923,0,0,0,0,0
31912,ECG,1636,11626,0,0,0,0,0
31917,ECG,1637,11480,0,0,0,0,0
31922,ECG,1638,11337,0,0,0,0,0
31927,ECG,1639,11195,0,0,0,0,0
31927,ECG,1640,11054,0,0,0,0,0
31932,ECG,1641,10915,0,0,0,0,0
31937,ECG,1642,10778,0,0,0,0,0
31942,ECG,1643,10643,0,0,0,0,0
31947,ECG,1644,10378,0,0,0,0,0
31952,ECG,1645,10247,0,0,0,0,0
31957,ECG,1646,10119,0,0,0,0,0
31962,ECG,1647,9992,0,0,0,0,0
31962,ECG,1648,9866,0,0,0,0,0
31967,ECG,1649,9743,0,0,0,0,0
31972,ECG,1650,9620,0,0,0,0,0
31977,ECG,1651,9500,0,0,0,0,0
31982,ECG,1652,9263,0,0,0,0,0
31987,ECG,1653,9146,0,0,0,0,0
31992,ECG,1654,9032,0,0,0,0,0
31997,ECG,1655,8918,0,0,0,0,0
31997,ECG,1656,8806,0,0,0,0,0
32002,ECG,1657,8696,0,0,0,0,0
32007,ECG,1658,8586,0,0,0,0,0
32012,ECG,1659,8479,0,0,0,0,0
32017,ECG,1660,8267,0,0,0,0,0
32022,ECG,1661,8163,0,0,0,0,0
32027,ECG,1662,8060,0,0,0,0,0
32032,ECG,1663,7959,0,0,0,0,0
32032,ECG,1664,7859,0,0,0,0,0
32037,ECG,1665,7760,0,0,0,0,0
32042,ECG,1666,7663,0,0,0,0,0
32047,ECG,1667,7567,0,0,0,0,0
32052,ECG,1668,7471,0,0,0,0,0
32052,ECG,1669,7377,0,0,0,0,0
32057,ECG,1670,7285,0,0,0,0,0
32062,ECG,1671,7193,0,0,0,0,0
32067,ECG,1672,7103,0,0,0,0,0
32072,ECG,1673,6925,0,0,0,0,0
32077,ECG,1674,6838,0,0,0,0,0
32082,ECG,1675,6752,0,0,0,0,0
32087,ECG,1676,6667,0,0,0,0,0
32087,ECG,1677,6583,0,0,0,0,0
32092,ECG,1678,6500,0,0,0,0,0
32097,ECG,1679,6419,0,0,0,0,0
32102,ECG,1680,6338,0,0,0,0,0
32103,ECG,1681,6258,0,0,0,0,0
32107,ECG,1682,6179,0,0,0,0,0
32112,ECG,1683,6102,0,0,0,0,0
32117,ECG,1684,6025,0,0,0,0,0
32122,ECG,1685,5949,0,0,0,0,0
32122,ECG,1686,5874,0,0,0,0,0
32127,ECG,1687,5800,0,0,0,0,0
32132,ECG,1688,5727,0,0,0,0,0
32137,ECG,1689,5655,0,0,0,0,0
32142,ECG,1690,5513,0,0,0,0,0
32147,ECG,1691,5444,0,0,0,0,0
32152,ECG,1692,5375,0,0,0,0,0
32157,ECG,1693,5307,0,0,0,0,0
32157,ECG,1694,5241,0,0,0,0,0
32162,ECG,1695,5175,0,0,0,0,0
32167,ECG,1696,5106,0,0,0,0,0
32172,ECG,1697,5044,0,0,0,0,0
32177,ECG,1698,4987,0,0,0,0,0
32177,ECG,1699,4921,0,0,0,0,0
32182,ECG,1700,4846,0,0,0,0,0
32187,ECG,1701,4766,0,0,0,0,0
32192,ECG,1702,4696,0,0,0,0,0
32197,ECG,1703,4608,0,0,0,0,0
32202,ECG,1704,4562,0,0,0,0,0
32207,ECG,1705,4507,0,0,0,0,0
32212,ECG,1706,4443,0,0,0,0,0
32212,ECG,1707,4385,0,0,0,0,0
32217,ECG,1708,4332,0,0,0,0,0
32222,ECG,1709,4277,0,0,0,0,0
32227,ECG,1710,4223,0,0,0,0,0
32232,ECG,1711,4117,0,0,0,0,0
32237,ECG,1712,4065,0,0,0,0,0
32242,ECG,1713,4014,0,0,0,0,0
32247,ECG,1714,3963,0,0,0,0,0
32247,ECG,1715,3912,0,0,0,0,0
32252,ECG,1716,3863,0,0,0,0,0
32257,ECG,1717,3814,0,0,0,0,0
32262,ECG,1718,3766,0,0,0,0,0
32267,ECG,1719,3672,0,0,0,0,0
32272,ECG,1720,3625,0,0,0,0,0
32277,ECG,1721,3579,0,0,0,0,0
32282,ECG,1722,3534,0,0,0,0,0
32282,ECG,1723,3489,0,0,0,0,0
32287,ECG,1724,3445,0,0,0,0,0
32292,ECG,1725,3400,0,0,0,0,0
32297,ECG,1726,3358,0,0,0,0,0
32302,ECG,1727,3274,0,0,0,0,0
32307,ECG,1728,3231,0,0,0,0,0
32312,ECG,1729,3191,0,0,0,0,0
32317,ECG,1730,3150,0,0,0,0,0
32317,ECG,1731,3110,0,0,0,0,0
32322,ECG,1732,3071,0,0,0,0,0
32327,ECG,1733,3018,0,0,0,0,0
32332,ECG,1734,2997,0,0,0,0,0
32337,ECG,1735,2989,0,0,0,0,0
32337,ECG,1736,2932,0,0,0,0,0
32342,ECG,1737,2826,0,0,0,0,0
32347,ECG,1738,2699,0,0,0,0,0
32352,ECG,1739,2629,0,0,0,0,0
32357,ECG,1740,2706,0,0,0,0,0
32362,ECG,1741,2731,0,0,0,0,0
32367,ECG,1742,2703,0,0,0,0,0
32372,ECG,1743,2636,0,0,0,0,0
32372,ECG,1744,2594,0,0,0,0,0
32377,ECG,1745,2574,0,0,0,0,0
32382,ECG,1746,2539,0,0,0,0,0
32387,ECG,1747,2508,0,0,0,0,0
32388,ECG,1748,2476,0,0,0,0,0
32392,ECG,1749,2443,0,0,0,0,0
32397,ECG,1750,2413,0,0,0,0,0
32402,ECG,1751,2382,0,0,0,0,0
32407,ECG,1752,2352,0,0,0,0,0
32407,ECG,1753,2321,0,0,0,0,0
32412,ECG,1754,2292,0,0,0,0,0
32417,ECG,1755,2262,0,0,0,0,0
32422,ECG,1756,2234,0,0,0,0,0
32427,ECG,1757,2177,0,0,0,0,0
32432,ECG,1758,2149,0,0,0,0,0
32437,ECG,1759,2122,0,0,0,0,0
32442,ECG,1760,2094,0,0,0,0,0
32442,ECG,1761,2068,0,0,0,0,0
32447,ECG,1762,2041,0,0,0,0,0
32452,ECG,1763,2015,0,0,0,0,0
32457,ECG,1764,1990,0,0,0,0,0
32462,ECG,1765,1964,0,0,0,0,0
32462,ECG,1766,1938,0,0,0,0,0
32467,ECG,1767,1912,0,0,0,0,0
32472,ECG,1768,1892,0,0,0,0,0
32477,ECG,1769,1871,0,0,0,0,0
32482,ECG,1770,1803,0,0,0,0,0
32487,ECG,1771,1766,0,0,0,0,0
32492,ECG,1772,1742,0,0,0,0,0
32497,ECG,1773,1733,0,0,0,0,0
32497,ECG,1774,1725,0,0,0,0,0
32502,ECG,1775,1710,0,0,0,0,0
32507,ECG,1776,1686,0,0,0,0,0
32512,ECG,1777,1659,0,0,0,0,0
32517,ECG,1778,1619,0,0,0,0,0
32522,ECG,1779,1598,0,0,0,0,0
32527,ECG,1780,1577,0,0,0,0,0
32532,ECG,1781,1557,0,0,0,0,0
32532,ECG,1782,1538,0,0,0,0,0
32537,ECG,1783,1518,0,0,0,0,0
32542,ECG,1784,1499,0,0,0,0,0
33549,ECG,1785,0,0,0,0,0,0
33549,ECG,1786,-1,0,0,0,0,0
33554,ECG,1787,-1,0,0,0,0,0
33559,ECG,1788,-1,0,0,0,0,0
33564,ECG,1789,-2,0,0,0,0,0
33569,ECG,1790,-2,0,0,0,0,0
33574,ECG,1791,-1,0,0,0,0,0
26940,PPG,100,128009,59912,0,0,0,0
27020,PPG,101,128005,59933,0,0,0,0
27099,PPG,102,128011,59918,0,0,0,0
27177,PPG,103,128015,59925,0,0,0,0
27256,PPG,104,128019,59918,0,0,0,0
27340,PPG,105,128020,59927,0,0,0,0
27418,PPG,106,128022,59923,0,0,0,0
27495,PPG,107,128010,59922,0,0,0,0
27575,PPG,108,127998,59923,0,0,0,0
27655,PPG,109,127993,59925,0,0,0,0
27734,PPG,110,128002,59920,0,0,0,0
27818,PPG,111,128005,59922,0,0,0,0
27896,PPG,112,128011,59922,0,0,0,0
27974,PPG,113,128003,59926,0,0,0,0
28052,PPG,114,128005,59919,0,0,0,0
28131,PPG,115,128014,59921,0,0,0,0
28211,PPG,116,128004,59924,0,0,0,0
28290,PPG,117,128008,59917,0,0,0,0
28374,PPG,118,128007,59925,0,0,0,0
28452,PPG,119,128001,59919,0,0,0,0
28531,PPG,120,128007,59916,0,0,0,0
28609,PPG,121,128008,59913,0,0,0,0
28688,PPG,122,128000,59925,0,0,0,0
28768,PPG,123,128002,59918,0,0,0,0
28847,PPG,124,128009,59915,0,0,0,0
28930,PPG,125,128006,59918,0,0,0,0
29007,PPG,126,127989,59925,0,0,0,0
29086,PPG,127,128006,59924,0,0,0,0
29165,PPG,128,128001,59926,0,0,0,0
29245,PPG,129,128001,59926,0,0,0,0
29325,PPG,130,127997,59918,0,0,0,0
29408,PPG,131,127996,59919,0,0,0,0
29487,PPG,132,128000,59920,0,0,0,0
29563,PPG,133,128006,59914,0,0,0,0
29643,PPG,134,128006,59916,0,0,0,0
29723,PPG,135,127990,59924,0,0,0,0
29802,PPG,136,128010,59917,0,0,0,0
29882,PPG,137,128022,59926,0,0,0,0
29965,PPG,138,128003,59912,0,0,0,0
30042,PPG,139,127995,59909,0,0,0,0
30120,PPG,140,128003,59927,0,0,0,0
30200,PPG,141,128007,59919,0,0,0,0
30279,PPG,142,128004,59926,0,0,0,0
30359,PPG,143,128004,59911,0,0,0,0
30438,PPG,144,128012,59922,0,0,0,0
30521,PPG,145,128019,59918,0,0,0,0
30597,PPG,146,128015,59920,0,0,0,0
30677,PPG,147,128003,59923,0,0,0,0
30756,PPG,148,128001,59919,0,0,0,0
30836,PPG,149,127999,59924,0,0,0,0
30915,PPG,150,128010,59914,0,0,0,0
30999,PPG,151,128010,59927,0,0,0,0
31076,PPG,152,128005,59929,0,0,0,0
31154,PPG,153,128010,59920,0,0,0,0
31234,PPG,154,127999,59937,0,0,0,0
31313,PPG,155,128007,59920,0,0,0,0
31393,PPG,156,128001,59919,0,0,0,0
31472,PPG,157,128007,59924,0,0,0,0
31557,PPG,158,128013,59918,0,0,0,0
31633,PPG,159,128002,59908,0,0,0,0
31711,PPG,160,127994,59922,0,0,0,0
31791,PPG,161,128015,59915,0,0,0,0
31870,PPG,162,128005,59910,0,0,0,0
31950,PPG,163,127998,59922,0,0,0,0
32034,PPG,164,128008,59920,0,0,0,0
32111,PPG,165,128002,59917,0,0,0,0
32189,PPG,166,127986,59911,0,0,0,0
32268,PPG,167,127998,59904,0,0,0,0
32348,PPG,168,127993,59912,0,0,0,0
32427,PPG,169,128001,59906,0,0,0,0
32506,PPG,170,128016,59917,0,0,0,0
32590,PPG,171,128008,59916,0,0,0,0
32667,PPG,172,127992,59924,0,0,0,0
32745,PPG,173,128008,59922,0,0,0,0
32825,PPG,174,128004,59917,0,0,0,0
32904,PPG,175,128009,59921,0,0,0,0
32984,PPG,176,128006,59917,0,0,0,0
33067,PPG,177,128004,59903,0,0,0,0
33146,PPG,178,128008,59911,0,0,0,0
33222,PPG,179,128009,59905,0,0,0,0
33302,PPG,180,128004,59911,0,0,0,0
33381,PPG,181,127993,59915,0,0,0,0
33461,PPG,182,127997,59908,0,0,0,0
33541,PPG,183,128002,59922,0,0,0,0
33625,PPG,184,128002,59917,0,0,0,0
33702,PPG,185,128002,59920,0,0,0,0
33780,PPG,186,128015,59930,0,0,0,0
33859,PPG,187,128004,59920,0,0,0,0
33938,PPG,188,127992,59913,0,0,0,0
34018,PPG,189,128000,59919,0,0,0,0
34097,PPG,190,127999,59914,0,0,0,0
34181,PPG,191,127996,59912,0,0,0,0
34257,PPG,192,128000,59913,0,0,0,0
34337,PPG,193,128003,59918,0,0,0,0
34416,PPG,194,128005,59913,0,0,0,0
34496,PPG,195,128004,59911,0,0,0,0
34575,PPG,196,128000,59919,0,0,0,0
34658,PPG,197,127999,59911,0,0,0,0
34736,PPG,198,128005,59917,0,0,0,0
34813,PPG,199,127998,59922,0,0,0,0
30940,IMU,624,1132,-176,8420,-94,60,39
30959,IMU,625,1108,-260,8392,-87,55,47
30978,IMU,626,1128,-304,8504,-85,49,66
30999,IMU,627,1204,-392,8380,-95,60,33
31017,IMU,628,1148,-224,8368,-88,63,43
31038,IMU,629,1072,-356,8448,-95,51,48
31055,IMU,630,1168,-340,8320,-101,49,43
31074,IMU,631,1204,-260,8500,-80,51,46
31093,IMU,632,1080,-232,8392,-83,63,56
31113,IMU,633,1020,-304,8456,-83,69,50
31132,IMU,634,1084,-276,8484,-101,78,47
31151,IMU,635,1224,-224,8496,-82,60,41
31170,IMU,636,1128,-252,8476,-104,50,52
31189,IMU,637,1072,-200,8364,-88,61,37
31208,IMU,638,1236,-440,8492,-95,61,36
31227,IMU,639,1120,-324,8380,-106,61,38
31247,IMU,640,1128,-272,8484,-103,64,55
31266,IMU,641,1156,-320,8476,-90,55,43
31285,IMU,642,1100,-252,8404,-81,59,49
31304,IMU,643,1080,-332,8428,-78,66,48
31323,IMU,644,1168,-180,8440,-95,52,46
31342,IMU,645,1132,-280,8520,-87,64,55
31362,IMU,646,1196,-220,8428,-92,60,32
31381,IMU,647,1164,-296,8444,-83,71,49
31400,IMU,648,1220,-212,8404,-103,52,67
31419,IMU,649,1172,-284,8484,-95,73,34
31438,IMU,650,1064,-228,8440,-105,50,28
31457,IMU,651,1152,-312,8444,-91,62,62
31477,IMU,652,1296,-304,8336,-87,55,20
31496,IMU,653,1092,-240,8504,-83,53,51
31520,IMU,654,1204,-260,8412,-88,65,45
31535,IMU,655,1068,-340,8416,-79,43,30
31554,IMU,656,1140,-248,8372,-93,52,42
31573,IMU,657,1076,-300,8492,-89,59,36
31591,IMU,658,1272,-248,8428,-92,51,44
31611,IMU,659,1140,-308,8364,-84,58,47
31630,IMU,660,1108,-300,8380,-88,61,60
31649,IMU,661,1144,-264,8484,-92,65,49
31669,IMU,662,1172,-216,8444,-93,64,64
31688,IMU,663,1248,-300,8452,-107,56,51
31706,IMU,664,1212,-272,8420,-86,69,59
31726,IMU,665,1192,-232,8404,-83,62,36
31745,IMU,666,1132,-236,8464,-83,47,27
31764,IMU,667,1236,-264,8416,-92,71,45
31783,IMU,668,1144,-336,8452,-82,60,37
31803,IMU,669,1068,-248,8452,-78,54,47
31822,IMU,670,1116,-196,8440,-72,59,46
31841,IMU,671,1232,-236,8404,-81,66,49
31860,IMU,672,1060,-216,8404,-86,65,52
31879,IMU,673,1120,-308,8444,-96,58,33
31898,IMU,674,1296,-220,8452,-85,65,48
31918,IMU,675,1132,-348,8472,-75,66,46
31936,IMU,676,1204,-220,8384,-79,67,59
31956,IMU,677,1112,-260,8456,-89,74,35
31975,IMU,678,1060,-236,8460,-78,61,52
31997,IMU,679,1128,-132,8408,-99,53,40
32013,IMU,680,1096,-268,8412,-89,58,30
32034,IMU,681,1244,-296,8444,-70,53,38
32051,IMU,682,1192,-304,8392,-75,53,53
32071,IMU,683,1112,-276,8412,-67,61,53
32090,IMU,684,1116,-180,8372,-79,61,40
32109,IMU,685,1168,-264,8420,-104,54,41
32128,IMU,686,1072,-256,8424,-82,62,52
32147,IMU,687,1144,-268,8440,-94,78,32
32166,IMU,688,1068,-308,8412,-95,69,43
32186,IMU,689,1068,-280,8480,-83,69,59
32205,IMU,690,1112,-244,8476,-85,63,43
32224,IMU,691,1116,-328,8516,-95,62,47
32243,IMU,692,1212,-336,8444,-91,60,29
32262,IMU,693,1148,-188,8424,-104,74,37
32281,IMU,694,968,-216,8336,-91,73,32
32301,IMU,695,1136,-240,8344,-96,63,49
32320,IMU,696,1056,-304,8388,-96,71,44
32339,IMU,697,1044,-340,8484,-77,65,64
32358,IMU,698,1208,-228,8408,-87,57,50
32377,IMU,699,1152,-232,8492,-86,60,55
32396,IMU,700,1184,-272,8356,-99,52,36
32416,IMU,701,1172,-244,8376,-82,62,41
32435,IMU,702,1140,-264,8400,-69,43,34
32454,IMU,703,1144,-308,8344,-85,64,49
32475,IMU,704,1124,-344,8424,-75,59,37
32492,IMU,705,1176,-324,8396,-96,47,40
32511,IMU,706,1016,-276,8392,-79,62,46
32531,IMU,707,1172,-144,8436,-91,41,49
32549,IMU,708,1044,-328,8480,-91,41,29
32569,IMU,709,1124,-208,8480,-88,61,48
32590,IMU,710,1220,-260,8424,-82,75,47
32607,IMU,711,1148,-284,8468,-77,50,57
32626,IMU,712,1132,-284,8448,-90,51,52
32645,IMU,713,1136,-284,8432,-93,55,40
32664,IMU,714,1220,-288,8456,-88,79,46
32684,IMU,715,1040,-268,8424,-93,60,26
32703,IMU,716,1164,-300,8388,-91,55,20
32722,IMU,717,1096,-312,8472,-78,60,36
32741,IMU,718,1120,-312,8412,-96,47,53
32760,IMU,719,1032,-292,8336,-98,62,33
32779,IMU,720,1128,-276,8388,-92,60,52
32799,IMU,721,1120,-336,8396,-85,63,29
32818,IMU,722,1128,-240,8456,-97,56,29
32837,IMU,723,1240,-316,8448,-86,55,27
32856,IMU,724,1068,-308,8380,-87,53,35
32875,IMU,725,1188,-216,8364,-86,60,41
32894,IMU,726,1172,-264,8436,-97,60,40
32913,IMU,727,1196,-272,8336,-96,65,49
32933,IMU,728,1144,-248,8456,-69,62,40
32956,IMU,729,1132,-324,8440,-101,54,52
32971,IMU,730,1236,-268,8432,-100,53,54
32990,IMU,731,1060,-208,8428,-87,70,45
33009,IMU,732,1180,-248,8360,-93,63,52
33028,IMU,733,1100,-328,8400,-82,66,25
33048,IMU,734,1224,-280,8460,-95,62,55
33067,IMU,735,1184,-236,8448,-72,46,39
33086,IMU,736,1200,-268,8444,-75,51,54
33105,IMU,737,1220,-184,8392,-105,46,38
33124,IMU,738,1120,-256,8308,-103,60,44
33143,IMU,739,1076,-264,8468,-83,60,52
33163,IMU,740,1136,-332,8396,-96,71,56
33182,IMU,741,1192,-364,8424,-75,71,39
33201,IMU,742,1192,-216,8448,-77,64,59
33220,IMU,743,1200,-344,8464,-102,68,48
33239,IMU,744,1100,-276,8524,-94,50,36
33258,IMU,745,1040,-192,8424,-79,58,24
33277,IMU,746,1184,-292,8388,-86,55,35
33297,IMU,747,1232,-340,8444,-109,59,64
33316,IMU,748,1168,-188,8432,-76,63,48
33335,IMU,749,1156,-276,8352,-90,55,46
33354,IMU,750,1148,-148,8516,-89,47,56
33373,IMU,751,1148,-248,8424,-88,53,52
33392,IMU,752,1140,-260,8420,-99,55,45
33412,IMU,753,1116,-328,8464,-94,68,56
33435,IMU,754,1188,-240,8460,-89,48,60
33451,IMU,755,1096,-296,8376,-86,66,58
33469,IMU,756,1068,-240,8408,-74,50,48
33488,IMU,757,1152,-316,8404,-98,75,35
33507,IMU,758,1128,-368,8436,-90,55,48
33527,IMU,759,1176,-272,8512,-88,63,42
33546,IMU,760,1212,-220,8452,-101,64,39
33565,IMU,761,1200,-240,8404,-90,65,37
33584,IMU,762,1188,-292,8416,-90,59,35
33604,IMU,763,1204,-260,8332,-85,66,59
33625,IMU,764,1112,-312,8440,-85,54,43
33642,IMU,765,1160,-248,8496,-83,44,39
33661,IMU,766,1132,-252,8400,-80,48,42
33680,IMU,767,1132,-192,8364,-100,53,56
33699,IMU,768,1216,-232,8404,-94,41,49
33718,IMU,769,1232,-348,8488,-81,42,59
33738,IMU,770,1084,-292,8464,-88,55,56
33757,IMU,771,1120,-328,8380,-100,64,42
33776,IMU,772,1040,-248,8416,-100,58,59
33795,IMU,773,1148,-216,8416,-101,42,51
33814,IMU,774,1164,-324,8420,-98,52,46
33833,IMU,775,980,-316,8408,-94,53,29
33853,IMU,776,1112,-260,8396,-92,62,47
33872,IMU,777,1156,-196,8424,-96,54,39
33891,IMU,778,1116,-360,8424,-101,58,41
33913,IMU,779,1056,-228,8432,-102,59,55
33931,IMU,780,1004,-376,8436,-97,66,37
33948,IMU,781,1156,-296,8408,-72,56,45
33968,IMU,782,1240,-328,8440,-72,60,23
33987,IMU,783,1160,-276,8524,-98,54,32
34006,IMU,784,1172,-268,8472,-86,60,45
34025,IMU,785,1120,-296,8424,-90,45,43
34044,IMU,786,1160,-204,8436,-82,60,46
34063,IMU,787,1124,-328,8480,-81,52,55
34082,IMU,788,1104,-288,8496,-90,74,46
34102,IMU,789,1108,-280,8348,-90,55,43
34121,IMU,790,1240,-176,8480,-91,72,58
34140,IMU,791,1128,-232,8364,-80,53,60
34159,IMU,792,1160,-288,8364,-104,54,49
34178,IMU,793,1124,-248,8436,-89,48,41
34197,IMU,794,1172,-296,8384,-69,72,46
34217,IMU,795,1120,-336,8432,-73,61,57
34236,IMU,796,1176,-264,8440,-89,60,49
34255,IMU,797,1116,-292,8436,-87,46,55
34274,IMU,798,1180,-356,8456,-81,51,47
34293,IMU,799,1188,-248,8412,-87,60,39
34312,IMU,800,1104,-348,8404,-88,55,50
34332,IMU,801,1032,-304,8448,-92,58,52
34351,IMU,802,1196,-304,8400,-87,61,51
34370,IMU,803,1152,-220,8360,-98,55,36
34391,IMU,804,1156,-288,8440,-85,61,34
34410,IMU,805,1096,-228,8464,-99,58,36
34427,IMU,806,1184,-328,8400,-68,71,51
34447,IMU,807,1116,-316,8416,-81,58,48
34466,IMU,808,1144,-288,8376,-80,50,38
34485,IMU,809,1124,-292,8424,-105,70,48
34504,IMU,810,1220,-212,8428,-96,62,54
34523,IMU,811,1140,-344,8376,-74,64,36
34542,IMU,812,1124,-308,8424,-98,55,39
34562,IMU,813,1124,-288,8500,-94,62,49
34581,IMU,814,1180,-284,8316,-74,49,49
34600,IMU,815,1144,-340,8396,-84,72,47
34619,IMU,816,1204,-336,8488,-85,56,58
34638,IMU,817,1072,-284,8396,-91,64,25
34658,IMU,818,1160,-340,8496,-83,55,36
34676,IMU,819,1096,-336,8432,-88,63,45
34695,IMU,820,1084,-296,8400,-89,53,43
34714,IMU,821,1140,-212,8404,-70,50,49
34734,IMU,822,1144,-268,8444,-100,64,48
34753,IMU,823,1084,-300,8432,-75,60,66
34772,IMU,824,1156,-336,8392,-80,61,48
34791,IMU,825,1100,-276,8424,-96,75,50
34810,IMU,826,1196,-240,8452,-98,71,46
34829,IMU,827,1048,-212,8404,-105,75,41
34849,IMU,828,1188,-276,8352,-92,62,41
34868,IMU,829,1128,-324,8496,-85,50,26
34888,IMU,830,1084,-292,8388,-85,74,44
34906,IMU,831,1088,-168,8408,-99,60,37
33579,ECG,1792,-4,0,0,0,0,0
33584,ECG,1793,-7,0,0,0,0,0
33584,ECG,1794,-6,0,0,0,0,0
33589,ECG,1795,1,0,0,0,0,0
33594,ECG,1796,20,0,0,0,0,0
33599,ECG,1797,30,0,0,0,0,0
33600,ECG,1798,43,0,0,0,0,0
33604,ECG,1799,36,0,0,0,0,0
33609,ECG,1800,36,0,0,0,0,0
33614,ECG,1801,35,0,0,0,0,0
33619,ECG,1802,27,0,0,0,0,0
33619,ECG,1803,46,0,0,0,0,0
33624,ECG,1804,11,0,0,0,0,0
33629,ECG,1805,59,0,0,0,0,0
33634,ECG,1806,-18,0,0,0,0,0
33639,ECG,1807,1070,0,0,0,0,0
33644,ECG,1808,-468,0,0,0,0,0
33649,ECG,1809,-2307,0,0,0,0,0
33654,ECG,1810,-846,0,0,0,0,0
33654,ECG,1811,6485,0,0,0,0,0
33659,ECG,1812,18269,0,0,0,0,0
33664,ECG,1813,28866,0,0,0,0,0
33669,ECG,1814,31904,0,0,0,0,0
33674,ECG,1815,31505,0,0,0,0,0
33674,ECG,1816,30754,0,0,0,0,0
33679,ECG,1817,29568,0,0,0,0,0
33684,ECG,1818,30029,0,0,0,0,0
33689,ECG,1819,29896,0,0,0,0,0
33694,ECG,1820,29146,0,0,0,0,0
33699,ECG,1821,28739,0,0,0,0,0
33704,ECG,1822,28389,0,0,0,0,0
33709,ECG,1823,27999,0,0,0,0,0
33709,ECG,1824,27660,0,0,0,0,0
33714,ECG,1825,27322,0,0,0,0,0
33719,ECG,1826,27002,0,0,0,0,0
33724,ECG,1827,26685,0,0,0,0,0
33729,ECG,1828,26043,0,0,0,0,0
33734,ECG,1829,25721,0,0,0,0,0
33739,ECG,1830,25403,0,0,0,0,0
33744,ECG,1831,25080,0,0,0,0,0
33744,ECG,1832,24755,0,0,0,0,0
33749,ECG,1833,24462,0,0,0,0,0
33754,ECG,1834,24179,0,0,0,0,0
33759,ECG,1835,23859,0,0,0,0,0
33764,ECG,1836,23134,0,0,0,0,0
33769,ECG,1837,22817,0,0,0,0,0
33774,ECG,1838,22578,0,0,0,0,0
33779,ECG,1839,22371,0,0,0,0,0
33779,ECG,1840,22138,0,0,0,0,0
33784,ECG,1841,21866,0,0,0,0,0
33789,ECG,1842,21565,0,0,0,0,0
33794,ECG,1843,21289,0,0,0,0,0
33799,ECG,1844,20768,0,0,0,0,0
33804,ECG,1845,20508,0,0,0,0,0
33809,ECG,1846,20251,0,0,0,0,0
33814,ECG,1847,19998,0,0,0,0,0
33814,ECG,1848,19747,0,0,0,0,0
33819,ECG,1849,19500,0,0,0,0,0
33824,ECG,1850,19257,0,0,0,0,0
33829,ECG,1851,19014,0,0,0,0,0
33834,ECG,1852,18777,0,0,0,0,0
33834,ECG,1853,18541,0,0,0,0,0
33839,ECG,1854,18310,0,0,0,0,0
33844,ECG,1855,18073,0,0,0,0,0
33849,ECG,1856,17850,0,0,0,0,0
33854,ECG,1857,17425,0,0,0,0,0
33859,ECG,1858,17173,0,0,0,0,0
33864,ECG,1859,16901,0,0,0,0,0
33869,ECG,1860,16652,0,0,0,0,0
33869,ECG,1861,16461,0,0,0,0,0
33874,ECG,1862,16310,0,0,0,0,0
33879,ECG,1863,16151,0,0,0,0,0
33884,ECG,1864,15964,0,0,0,0,0
33885,ECG,1865,15748,0,0,0,0,0
33889,ECG,1866,15537,0,0,0,0,0
33894,ECG,1867,15350,0,0,0,0,0
33899,ECG,1868,15159,0,0,0,0,0
33904,ECG,1869,14969,0,0,0,0,0
33904,ECG,1870,14781,0,0,0,0,0
33909,ECG,1871,14596,0,0,0,0,0
33914,ECG,1872,14413,0,0,0,0,0
33919,ECG,1873,14232,0,0,0,0,0
33924,ECG,1874,13871,0,0,0,0,0
33929,ECG,1875,13703,0,0,0,0,0
33934,ECG,1876,13547,0,0,0,0,0
33939,ECG,1877,13370,0,0,0,0,0
33939,ECG,1878,13172,0,0,0,0,0
33944,ECG,1879,12957,0,0,0,0,0
33949,ECG,1880,12779,0,0,0,0,0
33954,ECG,1881,12654,0,0,0,0,0
33959,ECG,1882,12533,0,0,0,0,0
33959,ECG,1883,12382,0,0,0,0,0
33964,ECG,1884,12181,0,0,0,0,0
33969,ECG,1885,12002,0,0,0,0,0
33974,ECG,1886,11903,0,0,0,0,0
33979,ECG,1887,11602,0,0,0,0,0
33984,ECG,1888,11358,0,0,0,0,0
33989,ECG,1889,11140,0,0,0,0,0
33994,ECG,1890,11035,0,0,0,0,0
33994,ECG,1891,11003,0,0,0,0,0
33999,ECG,1892,10948,0,0,0,0,0
34004,ECG,1893,10820,0,0,0,0,0
34009,ECG,1894,10649,0,0,0,0,0
34014,ECG,1895,10431,0,0,0,0,0
34019,ECG,1896,10237,0,0,0,0,0
34024,ECG,1897,9990,0,0,0,0,0
34029,ECG,1898,9767,0,0,0,0,0
34029,ECG,1899,9668,0,0,0,0,0
34034,ECG,1900,9665,0,0,0,0,0
34039,ECG,1901,9644,0,0,0,0,0
34044,ECG,1902,9551,0,0,0,0,0
34049,ECG,1903,9228,0,0,0,0,0
34054,ECG,1904,9140,0,0,0,0,0
34059,ECG,1905,9049,0,0,0,0,0
34064,ECG,1906,8944,0,0,0,0,0
34064,ECG,1907,8832,0,0,0,0,0
34069,ECG,1908,8713,0,0,0,0,0
34074,ECG,1909,8605,0,0,0,0,0
34079,ECG,1910,8498,0,0,0,0,0
34084,ECG,1911,8285,0,0,0,0,0
34089,ECG,1912,8181,0,0,0,0,0
34094,ECG,1913,8079,0,0,0,0,0
34099,ECG,1914,7976,0,0,0,0,0
34099,ECG,1915,7877,0,0,0,0,0
34104,ECG,1916,7778,0,0,0,0,0
34109,ECG,1917,7680,0,0,0,0,0
34114,ECG,1918,7584,0,0,0,0,0
34119,ECG,1919,7488,0,0,0,0,0
34119,ECG,1920,7396,0,0,0,0,0
34124,ECG,1921,7294,0,0,0,0,0
34129,ECG,1922,7206,0,0,0,0,0
34134,ECG,1923,7138,0,0,0,0,0
34139,ECG,1924,6918,0,0,0,0,0
34144,ECG,1925,6768,0,0,0,0,0
34149,ECG,1926,6643,0,0,0,0,0
34154,ECG,1927,6581,0,0,0,0,0
34154,ECG,1928,6560,0,0,0,0,0
34159,ECG,1929,6527,0,0,0,0,0
34164,ECG,1930,6459,0,0,0,0,0
34169,ECG,1931,6356,0,0,0,0,0
34170,ECG,1932,6271,0,0,0,0,0
34174,ECG,1933,6200,0,0,0,0,0
34179,ECG,1934,6120,0,0,0,0,0
34184,ECG,1935,6014,0,0,0,0,0
34189,ECG,1936,5913,0,0,0,0,0
34189,ECG,1937,5898,0,0,0,0,0
34194,ECG,1938,5861,0,0,0,0,0
34199,ECG,1939,5729,0,0,0,0,0
34204,ECG,1940,5493,0,0,0,0,0
34209,ECG,1941,5235,0,0,0,0,0
34214,ECG,1942,5336,0,0,0,0,0
34219,ECG,1943,5378,0,0,0,0,0
34224,ECG,1944,5278,0,0,0,0,0
34224,ECG,1945,5089,0,0,0,0,0
34229,ECG,1946,4970,0,0,0,0,0
34234,ECG,1947,5021,0,0,0,0,0
34239,ECG,1948,5073,0,0,0,0,0
34244,ECG,1949,5053,0,0,0,0,0
34244,ECG,1950,4973,0,0,0,0,0
34249,ECG,1951,4872,0,0,0,0,0
34254,ECG,1952,4820,0,0,0,0,0
34259,ECG,1953,4767,0,0,0,0,0
34264,ECG,1954,4623,0,0,0,0,0
34269,ECG,1955,4598,0,0,0,0,0
34274,ECG,1956,4585,0,0,0,0,0
34279,ECG,1957,4487,0,0,0,0,0
34279,ECG,1958,4308,0,0,0,0,0
34284,ECG,1959,4100,0,0,0,0,0
34289,ECG,1960,4005,0,0,0,0,0
34294,ECG,1961,4065,0,0,0,0,0
34299,ECG,1962,4179,0,0,0,0,0
34304,ECG,1963,4098,0,0,0,0,0
34309,ECG,1964,3977,0,0,0,0,0
34314,ECG,1965,3935,0,0,0,0,0
34314,ECG,1966,3938,0,0,0,0,0
34319,ECG,1967,3906,0,0,0,0,0
34324,ECG,1968,3862,0,0,0,0,0
34329,ECG,1969,3800,0,0,0,0,0
34334,ECG,1970,3706,0,0,0,0,0
34339,ECG,1971,3658,0,0,0,0,0
34344,ECG,1972,3613,0,0,0,0,0
34349,ECG,1973,3566,0,0,0,0,0
34349,ECG,1974,3521,0,0,0,0,0
34354,ECG,1975,3477,0,0,0,0,0
34359,ECG,1976,3433,0,0,0,0,0
34364,ECG,1977,3390,0,0,0,0,0
34369,ECG,1978,3304,0,0,0,0,0
34374,ECG,1979,3261,0,0,0,0,0
34379,ECG,1980,3221,0,0,0,0,0
34384,ECG,1981,3179,0,0,0,0,0
34384,ECG,1982,3134,0,0,0,0,0
34389,ECG,1983,3102,0,0,0,0,0
34394,ECG,1984,3073,0,0,0,0,0
34399,ECG,1985,3025,0,0,0,0,0
34404,ECG,1986,2962,0,0,0,0,0
34404,ECG,1987,2893,0,0,0,0,0
34409,ECG,1988,2847,0,0,0,0,0
34414,ECG,1989,2831,0,0,0,0,0
34419,ECG,1990,2827,0,0,0,0,0
34424,ECG,1991,2753,0,0,0,0,0
34429,ECG,1992,2738,0,0,0,0,0
34434,ECG,1993,2743,0,0,0,0,0
34439,ECG,1994,2676,0,0,0,0,0
34439,ECG,1995,2529,0,0,0,0,0
34444,ECG,1996,2352,0,0,0,0,0
34449,ECG,1997,2283,0,0,0,0,0
34454,ECG,1998,2366,0,0,0,0,0
34455,ECG,1999,2469,0,0,0,0,0
34459,ECG,2000,2487,0,0,0,0,0
34464,ECG,2001,2408,0,0,0,0,0
34469,ECG,2002,2300,0,0,0,0,0
34474,ECG,2003,2290,0,0,0,0,0
34474,ECG,2004,2329,0,0,0,0,0
34479,ECG,2005,2331,0,0,0,0,0
34484,ECG,2006,2309,0,0,0,0,0
34489,ECG,2007,2259,0,0,0,0,0
34494,ECG,2008,2212,0,0,0,0,0
34499,ECG,2009,2177,0,0,0,0,0
34504,ECG,2010,2110,0,0,0,0,0
34509,ECG,2011,2066,0,0,0,0,0
34509,ECG,2012,2097,0,0,0,0,0
34514,ECG,2013,2096,0,0,0,0,0
34519,ECG,2014,2005,0,0,0,0,0
34524,ECG,2015,1838,0,0,0,0,0
34529,ECG,2016,1697,0,0,0,0,0
34529,ECG,2017,1701,0,0,0,0,0
34534,ECG,2018,1826,0,0,0,0,0
34539,ECG,2019,1934,0,0,0,0,0
34544,ECG,2020,1958,0,0,0,0,0
34549,ECG,2021,1829,0,0,0,0,0
34554,ECG,2022,1825,0,0,0,0,0
34559,ECG,2023,1807,0,0,0,0,0
34564,ECG,2024,1781,0,0,0,0,0
34564,ECG,2025,1761,0,0,0,0,0
34569,ECG,2026,1736,0,0,0,0,0
34574,ECG,2027,1716,0,0,0,0,0
34579,ECG,2028,1692,0,0,0,0,0
34584,ECG,2029,1649,0,0,0,0,0
34589,ECG,2030,1628,0,0,0,0,0
34594,ECG,2031,1607,0,0,0,0,0
34599,ECG,2032,1586,0,0,0,0,0
34599,ECG,2033,1566,0,0,0,0,0
34604,ECG,2034,1525,0,0,0,0,0
34609,ECG,2035,1532,0,0,0,0,0
35616,ECG,2036,0,0,0,0,0,0
35616,ECG,2037,-1,0,0,0,0,0
35621,ECG,2038,-1,0,0,0,0,0
35626,ECG,2039,-1,0,0,0,0,0
35631,ECG,2040,-2,0,0,0,0,0
35636,ECG,2041,-2,0,0,0,0,0
35641,ECG,2042,-1,0,0,0,0,0
35646,ECG,2043,-4,0,0,0,0,0
35651,ECG,2044,-7,0,0,0,0,0
35651,ECG,2045,-6,0,0,0,0,0
35656,ECG,2046,1,0,0,0,0,0
35661,ECG,2047,20,0,0,0,0,0
35666,ECG,2048,30,0,0,0,0,0
35667,ECG,2049,43,0,0,0,0,0
35671,ECG,2050,37,0,0,0,0,0
35676,ECG,2051,36,0,0,0,0,0
35681,ECG,2052,36,0,0,0,0,0
35686,ECG,2053,28,0,0,0,0,0
35686,ECG,2054,46,0,0,0,0,0
35691,ECG,2055,11,0,0,0,0,0
35696,ECG,2056,58,0,0,0,0,0
35701,ECG,2057,-16,0,0,0,0,0
35706,ECG,2058,1065,0,0,0,0,0
35711,ECG,2059,-424,0,0,0,0,0
35716,ECG,2060,-2273,0,0,0,0,0
35721,ECG,2061,-903,0,0,0,0,0
35721,ECG,2062,6294,0,0,0,0,0
35726,ECG,2063,18002,0,0,0,0,0
35731,ECG,2064,28657,0,0,0,0,0
35736,ECG,2065,31912,0,0,0,0,0
35741,ECG,2066,31512,0,0,0,0,0
35741,ECG,2067,30810,0,0,0,0,0
35746,ECG,2068,29580,0,0,0,0,0
35751,ECG,2069,30016,0,0,0,0,0
35756,ECG,2070,29906,0,0,0,0,0
35761,ECG,2071,29146,0,0,0,0,0
35766,ECG,2072,28749,0,0,0,0,0
35771,ECG,2073,28416,0,0,0,0,0
35776,ECG,2074,28042,0,0,0,0,0
35776,ECG,2075,27701,0,0,0,0,0
35781,ECG,2076,27346,0,0,0,0,0
35786,ECG,2077,27008,0,0,0,0,0
35791,ECG,2078,26682,0,0,0,0,0
35796,ECG,2079,26050,0,0,0,0,0
35801,ECG,2080,25727,0,0,0,0,0
35806,ECG,2081,25407,0,0,0,0,0
35811,ECG,2082,25084,0,0,0,0,0
35811,ECG,2083,24770,0,0,0,0,0
35816,ECG,2084,24462,0,0,0,0,0
35821,ECG,2085,24155,0,0,0,0,0
35826,ECG,2086,23853,0,0,0,0,0
35831,ECG,2087,23260,0,0,0,0,0
35836,ECG,2088,22968,0,0,0,0,0
35841,ECG,2089,22681,0,0,0,0,0
35846,ECG,2090,22392,0,0,0,0,0
35846,ECG,2091,22115,0,0,0,0,0
35851,ECG,2092,21853,0,0,0,0,0
35856,ECG,2093,21576,0,0,0,0,0
35861,ECG,2094,21282,0,0,0,0,0
35866,ECG,2095,20692,0,0,0,0,0
35871,ECG,2096,20448,0,0,0,0,0
35876,ECG,2097,20230,0,0,0,0,0
35881,ECG,2098,20006,0,0,0,0,0
35881,ECG,2099,19756,0,0,0,0,0
35886,ECG,2100,19502,0,0,0,0,0
35891,ECG,2101,19268,0,0,0,0,0
35896,ECG,2102,19027,0,0,0,0,0
35901,ECG,2103,18756,0,0,0,0,0
35901,ECG,2104,18474,0,0,0,0,0
35906,ECG,2105,18217,0,0,0,0,0
35911,ECG,2106,18011,0,0,0,0,0
35916,ECG,2107,17831,0,0,0,0,0
35921,ECG,2108,17424,0,0,0,0,0
35926,ECG,2109,17187,0,0,0,0,0
35931,ECG,2110,16991,0,0,0,0,0
35936,ECG,2111,16791,0,0,0,0,0
35936,ECG,2112,16544,0,0,0,0,0
35941,ECG,2113,16267,0,0,0,0,0
35946,ECG,2114,16006,0,0,0,0,0
35951,ECG,2115,15816,0,0,0,0,0
35952,ECG,2116,15684,0,0,0,0,0
35956,ECG,2117,15551,0,0,0,0,0
35961,ECG,2118,15382,0,0,0,0,0
35966,ECG,2119,15167,0,0,0,0,0
35971,ECG,2120,14967,0,0,0,0,0
35971,ECG,2121,14798,0,0,0,0,0
35976,ECG,2122,14603,0,0,0,0,0
35981,ECG,2123,14385,0,0,0,0,0
35986,ECG,2124,14159,0,0,0,0,0
35991,ECG,2125,13852,0,0,0,0,0
35996,ECG,2126,13712,0,0,0,0,0
36001,ECG,2127,13530,0,0,0,0,0
36006,ECG,2128,13296,0,0,0,0,0
36006,ECG,2129,13098,0,0,0,0,0
36011,ECG,2130,12983,0,0,0,0,0
36016,ECG,2131,12864,0,0,0,0,0
36021,ECG,2132,12682,0,0,0,0,0
36026,ECG,2133,12453,0,0,0,0,0
36026,ECG,2134,12243,0,0,0,0,0
36031,ECG,2135,12120,0,0,0,0,0
36036,ECG,2136,12055,0,0,0,0,0
36041,ECG,2137,11958,0,0,0,0,0
36046,ECG,2138,11643,0,0,0,0,0
36051,ECG,2139,11486,0,0,0,0,0
36056,ECG,2140,11354,0,0,0,0,0
36061,ECG,2141,11210,0,0,0,0,0
36061,ECG,2142,11070,0,0,0,0,0
36066,ECG,2143,10931,0,0,0,0,0
36071,ECG,2144,10794,0,0,0,0,0
36076,ECG,2145,10658,0,0,0,0,0
36081,ECG,2146,10391,0,0,0,0,0
36086,ECG,2147,10258,0,0,0,0,0
36091,ECG,2148,10141,0,0,0,0,0
36096,ECG,2149,10014,0,0,0,0,0
36096,ECG,2150,9877,0,0,0,0,0
36101,ECG,2151,9723,0,0,0,0,0
36106,ECG,2152,9573,0,0,0,0,0
36111,ECG,2153,9486,0,0,0,0,0
36116,ECG,2154,9274,0,0,0,0,0
36121,ECG,2155,9081,0,0,0,0,0
36126,ECG,2156,8878,0,0,0,0,0
36131,ECG,2157,8753,0,0,0,0,0
36131,ECG,2158,8724,0,0,0,0,0
36136,ECG,2159,8705,0,0,0,0,0
36141,ECG,2160,8638,0,0,0,0,0
36146,ECG,2161,8519,0,0,0,0,0
36151,ECG,2162,8279,0,0,0,0,0
36156,ECG,2163,8184,0,0,0,0,0
36161,ECG,2164,8078,0,0,0,0,0
36166,ECG,2165,7978,0,0,0,0,0
36166,ECG,2166,7877,0,0,0,0,0
36171,ECG,2167,7779,0,0,0,0,0
36176,ECG,2168,7681,0,0,0,0,0
36181,ECG,2169,7585,0,0,0,0,0
36186,ECG,2170,7489,0,0,0,0,0
36186,ECG,2171,7395,0,0,0,0,0
36191,ECG,2172,7302,0,0,0,0,0
36196,ECG,2173,7210,0,0,0,0,0
36201,ECG,2174,7119,0,0,0,0,0
36206,ECG,2175,6942,0,0,0,0,0
36211,ECG,2176,6854,0,0,0,0,0
36216,ECG,2177,6768,0,0,0,0,0
36221,ECG,2178,6682,0,0,0,0,0
36221,ECG,2179,6599,0,0,0,0,0
36226,ECG,2180,6515,0,0,0,0,0
36231,ECG,2181,6433,0,0,0,0,0
36236,ECG,2182,6352,0,0,0,0,0
36237,ECG,2183,6273,0,0,0,0,0
36241,ECG,2184,6194,0,0,0,0,0
36246,ECG,2185,6115,0,0,0,0,0
36251,ECG,2186,6040,0,0,0,0,0
36256,ECG,2187,5961,0,0,0,0,0
36256,ECG,2188,5890,0,0,0,0,0
36261,ECG,2189,5801,0,0,0,0,0
36266,ECG,2190,5725,0,0,0,0,0
36271,ECG,2191,5702,0,0,0,0,0
36276,ECG,2192,5499,0,0,0,0,0
36281,ECG,2193,5295,0,0,0,0,0
36286,ECG,2194,5120,0,0,0,0,0
36291,ECG,2195,5082,0,0,0,0,0
36291,ECG,2196,5148,0,0,0,0,0
36296,ECG,2197,5195,0,0,0,0,0
36301,ECG,2198,5162,0,0,0,0,0
36306,ECG,2199,5050,0,0,0,0,0
36311,ECG,2200,4947,0,0,0,0,0
36311,ECG,2201,4915,0,0,0,0,0
36316,ECG,2202,4878,0,0,0,0,0
36321,ECG,2203,4819,0,0,0,0,0
36326,ECG,2204,4749,0,0,0,0,0
36331,ECG,2205,4661,0,0,0,0,0
36336,ECG,2206,4577,0,0,0,0,0
36341,ECG,2207,4456,0,0,0,0,0
36346,ECG,2208,4333,0,0,0,0,0
36346,ECG,2209,4268,0,0,0,0,0
36351,ECG,2210,4271,0,0,0,0,0
36356,ECG,2211,4285,0,0,0,0,0
36361,ECG,2212,4270,0,0,0,0,0
36366,ECG,2213,4131,0,0,0,0,0
36371,ECG,2214,4080,0,0,0,0,0
36376,ECG,2215,4036,0,0,0,0,0
36381,ECG,2216,3984,0,0,0,0,0
36381,ECG,2217,3921,0,0,0,0,0
36386,ECG,2218,3885,0,0,0,0,0
36391,ECG,2219,3864,0,0,0,0,0
36396,ECG,2220,3801,0,0,0,0,0
36401,ECG,2221,3558,0,0,0,0,0
36406,ECG,2222,3475,0,0,0,0,0
36411,ECG,2223,3478,0,0,0,0,0
36416,ECG,2224,3519,0,0,0,0,0
36416,ECG,2225,3533,0,0,0,0,0
36421,ECG,2226,3497,0,0,0,0,0
36426,ECG,2227,3422,0,0,0,0,0
36431,ECG,2228,3370,0,0,0,0,0
36436,ECG,2229,3296,0,0,0,0,0
36441,ECG,2230,3252,0,0,0,0,0
36446,ECG,2231,3208,0,0,0,0,0
36451,ECG,2232,3181,0,0,0,0,0
36451,ECG,2233,3145,0,0,0,0,0
36456,ECG,2234,3087,0,0,0,0,0
36461,ECG,2235,3012,0,0,0,0,0
36466,ECG,2236,2942,0,0,0,0,0
36471,ECG,2237,2908,0,0,0,0,0
36471,ECG,2238,2904,0,0,0,0,0
36476,ECG,2239,2902,0,0,0,0,0
36481,ECG,2240,2877,0,0,0,0,0
36486,ECG,2241,2827,0,0,0,0,0
36491,ECG,2242,2777,0,0,0,0,0
36496,ECG,2243,2723,0,0,0,0,0
36501,ECG,2244,2635,0,0,0,0,0
36506,ECG,2245,2540,0,0,0,0,0
36506,ECG,2246,2523,0,0,0,0,0
36511,ECG,2247,2556,0,0,0,0,0
36516,ECG,2248,2553,0,0,0,0,0
36521,ECG,2249,2482,0,0,0,0,0
36522,ECG,2250,2370,0,0,0,0,0
36526,ECG,2251,2303,0,0,0,0,0
36531,ECG,2252,2333,0,0,0,0,0
36536,ECG,2253,2386,0,0,0,0,0
36541,ECG,2254,2397,0,0,0,0,0
36541,ECG,2255,2365,0,0,0,0,0
36546,ECG,2256,2305,0,0,0,0,0
36551,ECG,2257,2276,0,0,0,0,0
36556,ECG,2258,2256,0,0,0,0,0
36561,ECG,2259,2198,0,0,0,0,0
36566,ECG,2260,2169,0,0,0,0,0
36571,ECG,2261,2142,0,0,0,0,0
36576,ECG,2262,2113,0,0,0,0,0
36576,ECG,2263,2088,0,0,0,0,0
36581,ECG,2264,2058,0,0,0,0,0
36586,ECG,2265,2026,0,0,0,0,0
36591,ECG,2266,2017,0,0,0,0,0
36596,ECG,2267,2003,0,0,0,0,0
36596,ECG,2268,1955,0,0,0,0,0
36601,ECG,2269,1876,0,0,0,0,0
36606,ECG,2270,1797,0,0,0,0,0
36611,ECG,2271,1766,0,0,0,0,0
36616,ECG,2272,1827,0,0,0,0,0
36621,ECG,2273,1835,0,0,0,0,0
36626,ECG,2274,1806,0,0,0,0,0
36631,ECG,2275,1763,0,0,0,0,0
36631,ECG,2276,1740,0,0,0,0,0
36636,ECG,2277,1725,0,0,0,0,0
36641,ECG,2278,1699,0,0,0,0,0
36646,ECG,2279,1674,0,0,0,0,0
36651,ECG,2280,1649,0,0,0,0,0
36656,ECG,2281,1614,0,0,0,0,0
36661,ECG,2282,1563,0,0,0,0,0
36666,ECG,2283,1511,0,0,0,0,0
36666,ECG,2284,1489,0,0,0,0,0
36671,ECG,2285,1498,0,0,0,0,0
36676,ECG,2286,1511,0,0,0,0,0
36681,ECG,2287,1508,0,0,0,0,0
36682,ECG,2288,1480,0,0,0,0,0
36686,ECG,2289,1456,0,0,0,0,0
37693,ECG,2290,0,0,0,0,0,0
37693,ECG,2291,-1,0,0,0,0,0
37698,ECG,2292,-1,0,0,0,0,0
37703,ECG,2293,-1,0,0,0,0,0
37708,ECG,2294,-2,0,0,0,0,0
37713,ECG,2295,-2,0,0,0,0,0
37718,ECG,2296,-1,0,0,0,0,0
37723,ECG,2297,-4,0,0,0,0,0
37728,ECG,2298,-7,0,0,0,0,0
37728,ECG,2299,-6,0,0,0,0,0
37733,ECG,2300,1,0,0,0,0,0
37738,ECG,2301,20,0,0,0,0,0
37743,ECG,2302,30,0,0,0,0,0
37744,ECG,2303,43,0,0,0,0,0
34925,IMU,832,1088,-340,8372,-93,52,51
34944,IMU,833,1072,-292,8468,-74,61,41
34963,IMU,834,1168,-360,8444,-84,64,47
34983,IMU,835,1144,-328,8288,-79,61,42
35002,IMU,836,1028,-168,8352,-96,59,39
35021,IMU,837,1072,-360,8416,-93,59,28
35040,IMU,838,1128,-268,8328,-95,60,40
35059,IMU,839,1112,-356,8432,-113,69,55
35078,IMU,840,992,-312,8476,-89,83,43
35098,IMU,841,1180,-248,8452,-72,59,60
35117,IMU,842,1152,-332,8424,-86,65,33
35136,IMU,843,1152,-264,8456,-96,65,31
35155,IMU,844,1112,-296,8488,-93,60,45
35174,IMU,845,1160,-264,8428,-75,68,39
35193,IMU,846,984,-324,8464,-90,51,63
35213,IMU,847,1124,-288,8392,-100,69,48
35232,IMU,848,1208,-312,8420,-94,48,54
35251,IMU,849,1152,-280,8488,-93,60,40
35270,IMU,850,1220,-248,8444,-69,66,62
35289,IMU,851,1128,-240,8368,-95,68,33
35308,IMU,852,1108,-276,8428,-83,62,51
35328,IMU,853,1160,-360,8492,-97,58,46
35347,IMU,854,1096,-252,8388,-97,62,37
35368,IMU,855,1180,-272,8344,-86,47,26
35385,IMU,856,1096,-216,8496,-92,69,26
35404,IMU,857,1156,-280,8532,-89,59,45
35423,IMU,858,1224,-220,8460,-105,51,42
35442,IMU,859,1128,-280,8392,-91,56,46
35462,IMU,860,1120,-268,8476,-73,71,48
35481,IMU,861,1084,-308,8404,-63,64,31
35500,IMU,862,1148,-332,8388,-96,61,50
35519,IMU,863,1100,-324,8396,-104,56,56
35538,IMU,864,1092,-264,8428,-96,56,46
35557,IMU,865,1136,-372,8436,-87,43,48
35577,IMU,866,1164,-280,8384,-91,61,48
35596,IMU,867,1088,-252,8400,-89,45,52
35615,IMU,868,1116,-252,8508,-91,46,43
35634,IMU,869,1124,-308,8452,-77,54,54
35654,IMU,870,1096,-268,8468,-94,67,41
35673,IMU,871,1160,-224,8416,-107,58,59
35694,IMU,872,1088,-324,8420,-73,65,45
35711,IMU,873,1124,-328,8464,-86,58,47
35730,IMU,874,1052,-284,8476,-78,70,50
35749,IMU,875,1208,-280,8392,-86,59,57
35769,IMU,876,1196,-252,8412,-91,58,33
35788,IMU,877,1172,-288,8348,-96,58,46
35807,IMU,878,1088,-264,8380,-85,56,36
35826,IMU,879,1104,-276,8436,-88,49,45
35847,IMU,880,1116,-332,8400,-102,45,27
35865,IMU,881,1148,-316,8472,-86,61,45
35884,IMU,882,1108,-300,8412,-88,58,42
35903,IMU,883,1288,-300,8416,-85,59,34
35922,IMU,884,1136,-284,8476,-89,67,48
35941,IMU,885,1016,-320,8392,-91,62,35
35960,IMU,886,1136,-340,8452,-90,55,49
35979,IMU,887,1080,-296,8364,-102,44,30
35999,IMU,888,1136,-280,8468,-82,52,47
36018,IMU,889,1148,-256,8420,-100,72,50
36037,IMU,890,1124,-296,8472,-98,45,49
36056,IMU,891,1112,-412,8396,-89,67,40
36075,IMU,892,1236,-240,8440,-106,67,48
36094,IMU,893,1144,-272,8436,-80,64,39
36114,IMU,894,1092,-300,8412,-74,43,37
36133,IMU,895,1136,-308,8468,-97,60,46
36152,IMU,896,1212,-320,8452,-93,66,29
36170,IMU,897,1164,-188,8384,-90,77,50
36190,IMU,898,1132,-404,8436,-88,56,47
36209,IMU,899,1092,-304,8444,-93,63,58
36228,IMU,900,1180,-252,8472,-94,58,48
36249,IMU,901,1216,-224,8396,-86,54,52
36267,IMU,902,1080,-216,8384,-81,65,52
36285,IMU,903,1104,-356,8420,-101,67,43
36305,IMU,904,1156,-288,8344,-82,38,45
36327,IMU,905,1100,-352,8444,-85,41,43
36344,IMU,906,1156,-256,8388,-85,60,61
36363,IMU,907,1256,-288,8392,-80,67,37
36382,IMU,908,1232,-272,8476,-96,72,46
36400,IMU,909,1060,-216,8484,-94,66,39
36420,IMU,910,1132,-244,8336,-78,67,48
36439,IMU,911,1236,-304,8444,-89,52,23
36458,IMU,912,1148,-408,8372,-99,76,45
36477,IMU,913,1148,-284,8388,-77,44,38
36497,IMU,914,1204,-292,8468,-68,49,21
36515,IMU,915,1008,-236,8380,-85,61,48
36535,IMU,916,1140,-292,8416,-82,64,43
36554,IMU,917,1128,-208,8464,-112,58,59
36573,IMU,918,1096,-216,8448,-90,62,48
36592,IMU,919,1212,-324,8308,-86,69,68
36612,IMU,920,1128,-224,8436,-78,48,58
36630,IMU,921,1116,-336,8444,-76,71,38
36650,IMU,922,1132,-312,8448,-68,71,38
36669,IMU,923,1132,-336,8408,-75,54,48
36688,IMU,924,1108,-296,8460,-87,57,39
36707,IMU,925,1100,-304,8380,-90,74,57
36726,IMU,926,1188,-272,8436,-87,55,48
36745,IMU,927,1160,-344,8380,-88,52,39
36764,IMU,928,1132,-240,8424,-81,64,36
36784,IMU,929,1172,-240,8460,-89,71,40
36805,IMU,930,1060,-368,8376,-92,69,46
36824,IMU,931,1180,-332,8432,-90,48,53
36841,IMU,932,1160,-356,8396,-105,55,48
36860,IMU,933,1160,-260,8340,-88,58,37
36879,IMU,934,1084,-168,8404,-72,42,28
36899,IMU,935,1048,-252,8388,-82,70,44
36918,IMU,936,1064,-280,8424,-92,66,37
36937,IMU,937,1072,-332,8432,-100,53,38
36956,IMU,938,1192,-216,8464,-99,75,44
36975,IMU,939,1108,-328,8476,-77,67,40
36994,IMU,940,1160,-356,8496,-99,63,47
37014,IMU,941,1064,-220,8400,-106,68,49
37033,IMU,942,1080,-356,8508,-107,73,28
37052,IMU,943,1192,-296,8432,-73,62,43
37071,IMU,944,1076,-388,8424,-92,62,54
37090,IMU,945,1068,-288,8440,-95,51,35
37109,IMU,946,1172,-256,8424,-88,60,52
37128,IMU,947,1192,-308,8380,-89,65,46
37148,IMU,948,1264,-256,8440,-95,62,48
37167,IMU,949,1104,-308,8488,-101,65,46
37186,IMU,950,1092,-324,8460,-107,63,32
37205,IMU,951,1044,-308,8412,-89,65,39
37224,IMU,952,1124,-300,8448,-81,59,65
37243,IMU,953,1204,-216,8388,-86,64,35
37263,IMU,954,1212,-316,8388,-92,48,40
37283,IMU,955,1228,-272,8448,-95,49,37
37301,IMU,956,1180,-228,8456,-92,70,49
37320,IMU,957,1256,-208,8464,-92,61,41
37339,IMU,958,1264,-232,8436,-82,52,29
37358,IMU,959,1120,-264,8448,-81,64,49
37378,IMU,960,1180,-192,8464,-94,61,54
37397,IMU,961,1220,-160,8420,-82,47,54
37416,IMU,962,1176,-332,8356,-89,42,47
37435,IMU,963,1148,-320,8396,-78,54,32
37454,IMU,964,1148,-364,8404,-86,64,41
37473,IMU,965,1056,-220,8456,-77,59,71
37492,IMU,966,1088,-356,8440,-98,50,40
37512,IMU,967,1164,-280,8444,-101,57,28
37531,IMU,968,1120,-356,8424,-90,66,52
37550,IMU,969,1240,-292,8488,-92,58,35
37569,IMU,970,1188,-280,8328,-84,50,46
37588,IMU,971,1148,-300,8452,-94,47,39
37607,IMU,972,1080,-288,8524,-84,59,39
37627,IMU,973,1108,-168,8444,-95,53,41
37646,IMU,974,1224,-196,8440,-74,55,58
37665,IMU,975,1240,-292,8440,-92,70,45
37684,IMU,976,1152,-260,8392,-93,27,55
37704,IMU,977,1220,-280,8412,-92,58,27
37722,IMU,978,1180,-300,8444,-100,63,39
37742,IMU,979,1224,-308,8488,-84,60,49
37763,IMU,980,1164,-308,8404,-92,57,43
37780,IMU,981,1144,-236,8420,-94,56,33
37799,IMU,982,1232,-316,8428,-84,56,52
37819,IMU,983,1120,-188,8452,-107,49,55
37837,IMU,984,1116,-320,8352,-77,59,43
37857,IMU,985,1244,-176,8484,-105,63,51
37876,IMU,986,1176,-316,8452,-107,73,35
37895,IMU,987,1168,-256,8388,-87,62,48
37914,IMU,988,1172,-340,8348,-91,59,59
37934,IMU,989,1084,-196,8460,-95,47,46
37952,IMU,990,1212,-276,8396,-94,54,34
37972,IMU,991,1164,-284,8376,-90,74,41
37991,IMU,992,1140,-216,8492,-90,74,52
38010,IMU,993,1136,-340,8380,-82,56,39
38030,IMU,994,1204,-312,8420,-105,74,55
38048,IMU,995,996,-324,8432,-94,69,52
38067,IMU,996,1180,-320,8440,-103,69,39
38087,IMU,997,1080,-264,8360,-86,63,49
38106,IMU,998,1112,-304,8364,-74,57,49
38125,IMU,999,1160,-176,8376,-89,57,53
38144,IMU,1000,1168,-268,8444,-104,66,42
38163,IMU,1001,1104,-340,8472,-95,49,38
38182,IMU,1002,1096,-240,8468,-84,45,49
38202,IMU,1003,1180,-316,8548,-95,57,38
38221,IMU,1004,1188,-308,8456,-101,70,40
38244,IMU,1005,1136,-172,8376,-89,52,17
38259,IMU,1006,1116,-248,8404,-100,60,34
38278,IMU,1007,1152,-244,8416,-108,50,60
38297,IMU,1008,1164,-260,8376,-88,57,39
38318,IMU,1009,1192,-304,8524,-98,74,52
38336,IMU,1010,1136,-264,8480,-85,59,55
38355,IMU,1011,1040,-264,8400,-86,73,35
38374,IMU,1012,1116,-324,8476,-96,64,50
38393,IMU,1013,1204,-248,8464,-92,56,40
38412,IMU,1014,1168,-332,8468,-76,66,30
38432,IMU,1015,1204,-264,8360,-93,81,45
38451,IMU,1016,1180,-256,8460,-80,61,23
38470,IMU,1017,1176,-228,8424,-105,69,45
38489,IMU,1018,1188,-252,8444,-98,64,43
38508,IMU,1019,1088,-324,8456,-70,55,42
38527,IMU,1020,1196,-248,8408,-92,59,52
38547,IMU,1021,1144,-208,8412,-77,61,57
38566,IMU,1022,1124,-212,8428,-85,53,61
38585,IMU,1023,1176,-316,8408,-89,63,49
38604,IMU,1024,1164,-224,8376,-90,54,34
38623,IMU,1025,1052,-300,8396,-83,66,37
38642,IMU,1026,1224,-416,8372,-93,54,52
38661,IMU,1027,1176,-280,8504,-104,48,55
38681,IMU,1028,1076,-276,8272,-81,60,43
38700,IMU,1029,1128,-368,8544,-85,65,52
38722,IMU,1030,1104,-196,8408,-96,61,43
38740,IMU,1031,1040,-352,8452,-93,65,42
38757,IMU,1032,1212,-264,8420,-90,52,44
38776,IMU,1033,1160,-280,8408,-93,69,47
38795,IMU,1034,1168,-248,8320,-94,59,39
38814,IMU,1035,1032,-208,8428,-91,71,49
38834,IMU,1036,1144,-364,8484,-93,55,50
38853,IMU,1037,1072,-316,8384,-101,50,51
38874,IMU,1038,1188,-388,8380,-93,63,44
38891,IMU,1039,1144,-260,8408,-84,71,55
37748,ECG,2304,36,0,0,0,0,0
37753,ECG,2305,36,0,0,0,0,0
37758,ECG,2306,35,0,0,0,0,0
37763,ECG,2307,27,0,0,0,0,0
37763,ECG,2308,46,0,0,0,0,0
37768,ECG,2309,11,0,0,0,0,0
37773,ECG,2310,59,0,0,0,0,0
37778,ECG,2311,-18,0,0,0,0,0
37783,ECG,2312,1070,0,0,0,0,0
37788,ECG,2313,-468,0,0,0,0,0
37793,ECG,2314,-2307,0,0,0,0,0
37798,ECG,2315,-846,0,0,0,0,0
37798,ECG,2316,6485,0,0,0,0,0
37803,ECG,2317,18268,0,0,0,0,0
37808,ECG,2318,28869,0,0,0,0,0
37813,ECG,2319,31904,0,0,0,0,0
37818,ECG,2320,31505,0,0,0,0,0
37818,ECG,2321,30743,0,0,0,0,0
37823,ECG,2322,29546,0,0,0,0,0
37828,ECG,2323,30006,0,0,0,0,0
37833,ECG,2324,29885,0,0,0,0,0
37838,ECG,2325,29145,0,0,0,0,0
37843,ECG,2326,28746,0,0,0,0,0
37848,ECG,2327,28409,0,0,0,0,0
37853,ECG,2328,28035,0,0,0,0,0
37853,ECG,2329,27695,0,0,0,0,0
37858,ECG,2330,27341,0,0,0,0,0
37863,ECG,2331,26995,0,0,0,0,0
37868,ECG,2332,26673,0,0,0,0,0
37873,ECG,2333,26060,0,0,0,0,0
37878,ECG,2334,25700,0,0,0,0,0
37883,ECG,2335,25320,0,0,0,0,0
37888,ECG,2336,24962,0,0,0,0,0
37888,ECG,2337,24670,0,0,0,0,0
37893,ECG,2338,24423,0,0,0,0,0
37898,ECG,2339,24163,0,0,0,0,0
37903,ECG,2340,23875,0,0,0,0,0
37908,ECG,2341,23251,0,0,0,0,0
37913,ECG,2342,22968,0,0,0,0,0
37918,ECG,2343,22680,0,0,0,0,0
37923,ECG,2344,22397,0,0,0,0,0
37923,ECG,2345,22116,0,0,0,0,0
37928,ECG,2346,21839,0,0,0,0,0
37933,ECG,2347,21566,0,0,0,0,0
37938,ECG,2348,21296,0,0,0,0,0
37943,ECG,2349,20766,0,0,0,0,0
37948,ECG,2350,20507,0,0,0,0,0
37953,ECG,2351,20249,0,0,0,0,0
37958,ECG,2352,19997,0,0,0,0,0
37958,ECG,2353,19743,0,0,0,0,0
37963,ECG,2354,19491,0,0,0,0,0
37968,ECG,2355,19264,0,0,0,0,0
37973,ECG,2356,19032,0,0,0,0,0
37978,ECG,2357,18773,0,0,0,0,0
37978,ECG,2358,18489,0,0,0,0,0
37983,ECG,2359,18210,0,0,0,0,0
37988,ECG,2360,17979,0,0,0,0,0
37993,ECG,2361,17799,0,0,0,0,0
37998,ECG,2362,17430,0,0,0,0,0
38003,ECG,2363,17205,0,0,0,0,0
38008,ECG,2364,16971,0,0,0,0,0
38013,ECG,2365,16761,0,0,0,0,0
38013,ECG,2366,16556,0,0,0,0,0
38018,ECG,2367,16347,0,0,0,0,0
38023,ECG,2368,16141,0,0,0,0,0
38028,ECG,2369,15941,0,0,0,0,0
38029,ECG,2370,15747,0,0,0,0,0
38033,ECG,2371,15546,0,0,0,0,0
38038,ECG,2372,15339,0,0,0,0,0
38043,ECG,2373,15132,0,0,0,0,0
38048,ECG,2374,14935,0,0,0,0,0
38048,ECG,2375,14758,0,0,0,0,0
38053,ECG,2376,14589,0,0,0,0,0
38058,ECG,2377,14416,0,0,0,0,0
38063,ECG,2378,14236,0,0,0,0,0
38068,ECG,2379,13875,0,0,0,0,0
38073,ECG,2380,13703,0,0,0,0,0
38078,ECG,2381,13531,0,0,0,0,0
38083,ECG,2382,13362,0,0,0,0,0
38083,ECG,2383,13194,0,0,0,0,0
38088,ECG,2384,13028,0,0,0,0,0
38093,ECG,2385,12865,0,0,0,0,0
38098,ECG,2386,12704,0,0,0,0,0
38103,ECG,2387,12544,0,0,0,0,0
38103,ECG,2388,12386,0,0,0,0,0
38108,ECG,2389,12234,0,0,0,0,0
38113,ECG,2390,12082,0,0,0,0,0
38118,ECG,2391,11926,0,0,0,0,0
38123,ECG,2392,11613,0,0,0,0,0
38128,ECG,2393,11467,0,0,0,0,0
38133,ECG,2394,11331,0,0,0,0,0
38138,ECG,2395,11197,0,0,0,0,0
38138,ECG,2396,11061,0,0,0,0,0
38143,ECG,2397,10920,0,0,0,0,0
38148,ECG,2398,10781,0,0,0,0,0
38153,ECG,2399,10646,0,0,0,0,0
38158,ECG,2400,10380,0,0,0,0,0
38163,ECG,2401,10243,0,0,0,0,0
38168,ECG,2402,10129,0,0,0,0,0
38173,ECG,2403,10013,0,0,0,0,0
38173,ECG,2404,9869,0,0,0,0,0
38178,ECG,2405,9705,0,0,0,0,0
38183,ECG,2406,9525,0,0,0,0,0
38188,ECG,2407,9413,0,0,0,0,0
38193,ECG,2408,9279,0,0,0,0,0
38198,ECG,2409,9117,0,0,0,0,0
38203,ECG,2410,8902,0,0,0,0,0
38208,ECG,2411,8725,0,0,0,0,0
38208,ECG,2412,8666,0,0,0,0,0
38213,ECG,2413,8660,0,0,0,0,0
38218,ECG,2414,8618,0,0,0,0,0
38223,ECG,2415,8524,0,0,0,0,0
38228,ECG,2416,8266,0,0,0,0,0
38233,ECG,2417,8175,0,0,0,0,0
38238,ECG,2418,8072,0,0,0,0,0
38243,ECG,2419,7965,0,0,0,0,0
38243,ECG,2420,7865,0,0,0,0,0
38248,ECG,2421,7787,0,0,0,0,0
38253,ECG,2422,7691,0,0,0,0,0
38258,ECG,2423,7564,0,0,0,0,0
38263,ECG,2424,7414,0,0,0,0,0
38263,ECG,2425,7278,0,0,0,0,0
38268,ECG,2426,7198,0,0,0,0,0
38273,ECG,2427,7160,0,0,0,0,0
38278,ECG,2428,7119,0,0,0,0,0
38283,ECG,2429,6943,0,0,0,0,0
38288,ECG,2430,6846,0,0,0,0,0
38293,ECG,2431,6770,0,0,0,0,0
38298,ECG,2432,6679,0,0,0,0,0
38298,ECG,2433,6576,0,0,0,0,0
38303,ECG,2434,6478,0,0,0,0,0
38308,ECG,2435,6396,0,0,0,0,0
38313,ECG,2436,6332,0,0,0,0,0
38314,ECG,2437,6269,0,0,0,0,0
38318,ECG,2438,6199,0,0,0,0,0
38323,ECG,2439,6118,0,0,0,0,0
38328,ECG,2440,6034,0,0,0,0,0
38333,ECG,2441,5960,0,0,0,0,0
38333,ECG,2442,5886,0,0,0,0,0
38338,ECG,2443,5811,0,0,0,0,0
38343,ECG,2444,5738,0,0,0,0,0
38348,ECG,2445,5666,0,0,0,0,0
38353,ECG,2446,5524,0,0,0,0,0
38358,ECG,2447,5455,0,0,0,0,0
38363,ECG,2448,5386,0,0,0,0,0
38368,ECG,2449,5318,0,0,0,0,0
38368,ECG,2450,5251,0,0,0,0,0
38373,ECG,2451,5184,0,0,0,0,0
38378,ECG,2452,5120,0,0,0,0,0
38383,ECG,2453,5048,0,0,0,0,0
38388,ECG,2454,4986,0,0,0,0,0
38388,ECG,2455,4946,0,0,0,0,0
38393,ECG,2456,4883,0,0,0,0,0
38398,ECG,2457,4786,0,0,0,0,0
38403,ECG,2458,4665,0,0,0,0,0
38408,ECG,2459,4526,0,0,0,0,0
38413,ECG,2460,4527,0,0,0,0,0
38418,ECG,2461,4519,0,0,0,0,0
38423,ECG,2462,4475,0,0,0,0,0
38423,ECG,2463,4400,0,0,0,0,0
38428,ECG,2464,4341,0,0,0,0,0
38433,ECG,2465,4297,0,0,0,0,0
38438,ECG,2466,4231,0,0,0,0,0
38443,ECG,2467,4075,0,0,0,0,0
38448,ECG,2468,4025,0,0,0,0,0
38453,ECG,2469,3999,0,0,0,0,0
38458,ECG,2470,3975,0,0,0,0,0
38458,ECG,2471,3934,0,0,0,0,0
38463,ECG,2472,3877,0,0,0,0,0
38468,ECG,2473,3826,0,0,0,0,0
38473,ECG,2474,3784,0,0,0,0,0
38478,ECG,2475,3662,0,0,0,0,0
38483,ECG,2476,3596,0,0,0,0,0
38488,ECG,2477,3548,0,0,0,0,0
38493,ECG,2478,3522,0,0,0,0,0
38493,ECG,2479,3498,0,0,0,0,0
38498,ECG,2480,3465,0,0,0,0,0
38503,ECG,2481,3418,0,0,0,0,0
38508,ECG,2482,3367,0,0,0,0,0
38513,ECG,2483,3285,0,0,0,0,0
38518,ECG,2484,3243,0,0,0,0,0
38523,ECG,2485,3202,0,0,0,0,0
38528,ECG,2486,3161,0,0,0,0,0
38528,ECG,2487,3121,0,0,0,0,0
38533,ECG,2488,3081,0,0,0,0,0
38538,ECG,2489,3043,0,0,0,0,0
38543,ECG,2490,3004,0,0,0,0,0
38548,ECG,2491,2966,0,0,0,0,0
38548,ECG,2492,2928,0,0,0,0,0
38553,ECG,2493,2890,0,0,0,0,0
38558,ECG,2494,2855,0,0,0,0,0
38563,ECG,2495,2806,0,0,0,0,0
38568,ECG,2496,2776,0,0,0,0,0
38573,ECG,2497,2733,0,0,0,0,0
38578,ECG,2498,2639,0,0,0,0,0
38583,ECG,2499,2516,0,0,0,0,0
38583,ECG,2500,2436,0,0,0,0,0
38588,ECG,2501,2442,0,0,0,0,0
38593,ECG,2502,2499,0,0,0,0,0
38598,ECG,2503,2533,0,0,0,0,0
38599,ECG,2504,2516,0,0,0,0,0
38603,ECG,2505,2455,0,0,0,0,0
38608,ECG,2506,2409,0,0,0,0,0
38613,ECG,2507,2391,0,0,0,0,0
38618,ECG,2508,2361,0,0,0,0,0
38618,ECG,2509,2331,0,0,0,0,0
38623,ECG,2510,2301,0,0,0,0,0
38628,ECG,2511,2271,0,0,0,0,0
38633,ECG,2512,2243,0,0,0,0,0
38638,ECG,2513,2186,0,0,0,0,0
38643,ECG,2514,2157,0,0,0,0,0
38648,ECG,2515,2130,0,0,0,0,0
38653,ECG,2516,2103,0,0,0,0,0
38653,ECG,2517,2076,0,0,0,0,0
38658,ECG,2518,2049,0,0,0,0,0
38663,ECG,2519,2023,0,0,0,0,0
38668,ECG,2520,1997,0,0,0,0,0
38673,ECG,2521,1972,0,0,0,0,0
38673,ECG,2522,1947,0,0,0,0,0
38678,ECG,2523,1922,0,0,0,0,0
38683,ECG,2524,1897,0,0,0,0,0
38688,ECG,2525,1873,0,0,0,0,0
38693,ECG,2526,1825,0,0,0,0,0
38698,ECG,2527,1801,0,0,0,0,0
38703,ECG,2528,1778,0,0,0,0,0
38708,ECG,2529,1755,0,0,0,0,0
38708,ECG,2530,1733,0,0,0,0,0
38713,ECG,2531,1711,0,0,0,0,0
38718,ECG,2532,1689,0,0,0,0,0
38723,ECG,2533,1667,0,0,0,0,0
38728,ECG,2534,1624,0,0,0,0,0
38733,ECG,2535,1603,0,0,0,0,0
38738,ECG,2536,1582,0,0,0,0,0
38743,ECG,2537,1562,0,0,0,0,0
38743,ECG,2538,1542,0,0,0,0,0
39750,ECG,2539,0,0,0,0,0,0
39750,ECG,2540,-1,0,0,0,0,0
39755,ECG,2541,-1,0,0,0,0,0
39760,ECG,2542,-1,0,0,0,0,0
39765,ECG,2543,-2,0,0,0,0,0
39770,ECG,2544,-2,0,0,0,0,0
39775,ECG,2545,-1,0,0,0,0,0
39780,ECG,2546,-4,0,0,0,0,0
39785,ECG,2547,-7,0,0,0,0,0
39785,ECG,2548,-6,0,0,0,0,0
39790,ECG,2549,1,0,0,0,0,0
39795,ECG,2550,20,0,0,0,0,0
39800,ECG,2551,30,0,0,0,0,0
39801,ECG,2552,43,0,0,0,0,0
39805,ECG,2553,36,0,0,0,0,0
39810,ECG,2554,36,0,0,0,0,0
39815,ECG,2555,35,0,0,0,0,0
39820,ECG,2556,27,0,0,0,0,0
39820,ECG,2557,46,0,0,0,0,0
39825,ECG,2558,11,0,0,0,0,0
39830,ECG,2559,59,0,0,0,0,0
39835,ECG,2560,-18,0,0,0,0,0
39840,ECG,2561,1070,0,0,0,0,0
39845,ECG,2562,-468,0,0,0,0,0
39850,ECG,2563,-2307,0,0,0,0,0
39855,ECG,2564,-846,0,0,0,0,0
39855,ECG,2565,6485,0,0,0,0,0
39860,ECG,2566,18270,0,0,0,0,0
39865,ECG,2567,28867,0,0,0,0,0
39870,ECG,2568,31903,0,0,0,0,0
39875,ECG,2569,31504,0,0,0,0,0
39875,ECG,2570,30754,0,0,0,0,0
39880,ECG,2571,29568,0,0,0,0,0
39885,ECG,2572,30030,0,0,0,0,0
39890,ECG,2573,29899,0,0,0,0,0
39895,ECG,2574,29140,0,0,0,0,0
39900,ECG,2575,28742,0,0,0,0,0
39905,ECG,2576,28409,0,0,0,0,0
39910,ECG,2577,28035,0,0,0,0,0
39910,ECG,2578,27695,0,0,0,0,0
39915,ECG,2579,27339,0,0,0,0,0
39920,ECG,2580,27002,0,0,0,0,0
39925,ECG,2581,26676,0,0,0,0,0
39930,ECG,2582,26044,0,0,0,0,0
39935,ECG,2583,25722,0,0,0,0,0
39940,ECG,2584,25401,0,0,0,0,0
39945,ECG,2585,25079,0,0,0,0,0
39945,ECG,2586,24765,0,0,0,0,0
39950,ECG,2587,24457,0,0,0,0,0
39955,ECG,2588,24151,0,0,0,0,0
39960,ECG,2589,23848,0,0,0,0,0
39965,ECG,2590,23255,0,0,0,0,0
39970,ECG,2591,22964,0,0,0,0,0
39975,ECG,2592,22677,0,0,0,0,0
39980,ECG,2593,22393,0,0,0,0,0
39980,ECG,2594,22113,0,0,0,0,0
39985,ECG,2595,21836,0,0,0,0,0
39990,ECG,2596,21563,0,0,0,0,0
39995,ECG,2597,21293,0,0,0,0,0
40000,ECG,2598,20763,0,0,0,0,0
40005,ECG,2599,20503,0,0,0,0,0
40010,ECG,2600,20246,0,0,0,0,0
40015,ECG,2601,19993,0,0,0,0,0
40015,ECG,2602,19742,0,0,0,0,0
40020,ECG,2603,19495,0,0,0,0,0
40025,ECG,2604,19251,0,0,0,0,0
40030,ECG,2605,19010,0,0,0,0,0
40035,ECG,2606,18772,0,0,0,0,0
40035,ECG,2607,18537,0,0,0,0,0
40040,ECG,2608,18305,0,0,0,0,0
40045,ECG,2609,18076,0,0,0,0,0
40050,ECG,2610,17849,0,0,0,0,0
40055,ECG,2611,17405,0,0,0,0,0
40060,ECG,2612,17187,0,0,0,0,0
40065,ECG,2613,16972,0,0,0,0,0
40070,ECG,2614,16759,0,0,0,0,0
40070,ECG,2615,16549,0,0,0,0,0
40075,ECG,2616,16342,0,0,0,0,0
40080,ECG,2617,16137,0,0,0,0,0
40085,ECG,2618,15935,0,0,0,0,0
40086,ECG,2619,15735,0,0,0,0,0
40090,ECG,2620,15538,0,0,0,0,0
40095,ECG,2621,15343,0,0,0,0,0
40100,ECG,2622,15151,0,0,0,0,0
40105,ECG,2623,14961,0,0,0,0,0
40105,ECG,2624,14774,0,0,0,0,0
40110,ECG,2625,14588,0,0,0,0,0
40115,ECG,2626,14406,0,0,0,0,0
40120,ECG,2627,14225,0,0,0,0,0
40125,ECG,2628,13871,0,0,0,0,0
40130,ECG,2629,13697,0,0,0,0,0
40135,ECG,2630,13525,0,0,0,0,0
40140,ECG,2631,13356,0,0,0,0,0
40140,ECG,2632,13188,0,0,0,0,0
40145,ECG,2633,13023,0,0,0,0,0
40150,ECG,2634,12860,0,0,0,0,0
40155,ECG,2635,12699,0,0,0,0,0
40160,ECG,2636,12539,0,0,0,0,0
40160,ECG,2637,12382,0,0,0,0,0
40165,ECG,2638,12227,0,0,0,0,0
40170,ECG,2639,12074,0,0,0,0,0
40175,ECG,2640,11922,0,0,0,0,0
40180,ECG,2641,11625,0,0,0,0,0
40185,ECG,2642,11479,0,0,0,0,0
40190,ECG,2643,11335,0,0,0,0,0
40195,ECG,2644,11193,0,0,0,0,0
40195,ECG,2645,11052,0,0,0,0,0
40200,ECG,2646,10914,0,0,0,0,0
40205,ECG,2647,10776,0,0,0,0,0
40210,ECG,2648,10641,0,0,0,0,0
40215,ECG,2649,10376,0,0,0,0,0
40220,ECG,2650,10245,0,0,0,0,0
40225,ECG,2651,10117,0,0,0,0,0
40230,ECG,2652,9990,0,0,0,0,0
40230,ECG,2653,9865,0,0,0,0,0
40235,ECG,2654,9741,0,0,0,0,0
40240,ECG,2655,9619,0,0,0,0,0
40245,ECG,2656,9498,0,0,0,0,0
40250,ECG,2657,9259,0,0,0,0,0
40255,ECG,2658,9140,0,0,0,0,0
40260,ECG,2659,9036,0,0,0,0,0
40265,ECG,2660,8929,0,0,0,0,0
40265,ECG,2661,8802,0,0,0,0,0
40270,ECG,2662,8660,0,0,0,0,0
40275,ECG,2663,8521,0,0,0,0,0
40280,ECG,2664,8413,0,0,0,0,0
40285,ECG,2665,8263,0,0,0,0,0
40290,ECG,2666,8176,0,0,0,0,0
40295,ECG,2667,8068,0,0,0,0,0
40300,ECG,2668,7955,0,0,0,0,0
40300,ECG,2669,7857,0,0,0,0,0
40305,ECG,2670,7762,0,0,0,0,0
40310,ECG,2671,7663,0,0,0,0,0
40315,ECG,2672,7567,0,0,0,0,0
40320,ECG,2673,7471,0,0,0,0,0
40320,ECG,2674,7378,0,0,0,0,0
40325,ECG,2675,7285,0,0,0,0,0
40330,ECG,2676,7193,0,0,0,0,0
40335,ECG,2677,7102,0,0,0,0,0
40340,ECG,2678,6925,0,0,0,0,0
40345,ECG,2679,6838,0,0,0,0,0
40350,ECG,2680,6752,0,0,0,0,0
40355,ECG,2681,6668,0,0,0,0,0
40355,ECG,2682,6584,0,0,0,0,0
40360,ECG,2683,6501,0,0,0,0,0
40365,ECG,2684,6419,0,0,0,0,0
40370,ECG,2685,6338,0,0,0,0,0
40371,ECG,2686,6259,0,0,0,0,0
40375,ECG,2687,6180,0,0,0,0,0
40380,ECG,2688,6102,0,0,0,0,0
40385,ECG,2689,6025,0,0,0,0,0
40390,ECG,2690,5949,0,0,0,0,0
40390,ECG,2691,5874,0,0,0,0,0
40395,ECG,2692,5800,0,0,0,0,0
40400,ECG,2693,5727,0,0,0,0,0
40405,ECG,2694,5655,0,0,0,0,0
40410,ECG,2695,5514,0,0,0,0,0
40415,ECG,2696,5444,0,0,0,0,0
40420,ECG,2697,5376,0,0,0,0,0
40425,ECG,2698,5308,0,0,0,0,0
40425,ECG,2699,5241,0,0,0,0,0
40430,ECG,2700,5175,0,0,0,0,0
40435,ECG,2701,5110,0,0,0,0,0
40440,ECG,2702,5045,0,0,0,0,0
40445,ECG,2703,4981,0,0,0,0,0
40445,ECG,2704,4919,0,0,0,0,0
40450,ECG,2705,4857,0,0,0,0,0
40455,ECG,2706,4795,0,0,0,0,0
40460,ECG,2707,4735,0,0,0,0,0
40465,ECG,2708,4616,0,0,0,0,0
40470,ECG,2709,4558,0,0,0,0,0
40475,ECG,2710,4500,0,0,0,0,0
40480,ECG,2711,4444,0,0,0,0,0
40480,ECG,2712,4387,0,0,0,0,0
40485,ECG,2713,4332,0,0,0,0,0
40490,ECG,2714,4277,0,0,0,0,0
40495,ECG,2715,4223,0,0,0,0,0
40500,ECG,2716,4117,0,0,0,0,0
40505,ECG,2717,4065,0,0,0,0,0
40510,ECG,2718,4014,0,0,0,0,0
40515,ECG,2719,3963,0,0,0,0,0
40515,ECG,2720,3913,0,0,0,0,0
40520,ECG,2721,3863,0,0,0,0,0
40525,ECG,2722,3815,0,0,0,0,0
40530,ECG,2723,3766,0,0,0,0,0
40535,ECG,2724,3671,0,0,0,0,0
40540,ECG,2725,3625,0,0,0,0,0
40545,ECG,2726,3579,0,0,0,0,0
40550,ECG,2727,3534,0,0,0,0,0
40550,ECG,2728,3488,0,0,0,0,0
40555,ECG,2729,3443,0,0,0,0,0
40560,ECG,2730,3403,0,0,0,0,0
40565,ECG,2731,3361,0,0,0,0,0
40570,ECG,2732,3262,0,0,0,0,0
40575,ECG,2733,3213,0,0,0,0,0
40580,ECG,2734,3175,0,0,0,0,0
40585,ECG,2735,3143,0,0,0,0,0
40585,ECG,2736,3111,0,0,0,0,0
40590,ECG,2737,3075,0,0,0,0,0
40595,ECG,2738,3034,0,0,0,0,0
40600,ECG,2739,2992,0,0,0,0,0
40605,ECG,2740,2955,0,0,0,0,0
40605,ECG,2741,2918,0,0,0,0,0
40610,ECG,2742,2881,0,0,0,0,0
40615,ECG,2743,2844,0,0,0,0,0
40620,ECG,2744,2809,0,0,0,0,0
40625,ECG,2745,2738,0,0,0,0,0
40630,ECG,2746,2699,0,0,0,0,0
40635,ECG,2747,2660,0,0,0,0,0
40640,ECG,2748,2647,0,0,0,0,0
40640,ECG,2749,2623,0,0,0,0,0
40645,ECG,2750,2562,0,0,0,0,0
40650,ECG,2751,2471,0,0,0,0,0
40655,ECG,2752,2386,0,0,0,0,0
40656,ECG,2753,2355,0,0,0,0,0
40660,ECG,2754,2379,0,0,0,0,0
40665,ECG,2755,2407,0,0,0,0,0
40670,ECG,2756,2404,0,0,0,0,0
40675,ECG,2757,2363,0,0,0,0,0
40675,ECG,2758,2312,0,0,0,0,0
40680,ECG,2759,2287,0,0,0,0,0
40685,ECG,2760,2263,0,0,0,0,0
40690,ECG,2761,2233,0,0,0,0,0
40695,ECG,2762,2175,0,0,0,0,0
40700,ECG,2763,2152,0,0,0,0,0
40705,ECG,2764,2125,0,0,0,0,0
40710,ECG,2765,2093,0,0,0,0,0
40710,ECG,2766,2043,0,0,0,0,0
40715,ECG,2767,2015,0,0,0,0,0
40720,ECG,2768,2017,0,0,0,0,0
40725,ECG,2769,1994,0,0,0,0,0
40730,ECG,2770,1930,0,0,0,0,0
40730,ECG,2771,1837,0,0,0,0,0
40735,ECG,2772,1773,0,0,0,0,0
40740,ECG,2773,1779,0,0,0,0,0
40745,ECG,2774,1830,0,0,0,0,0
40750,ECG,2775,1846,0,0,0,0,0
40755,ECG,2776,1799,0,0,0,0,0
40760,ECG,2777,1768,0,0,0,0,0
40765,ECG,2778,1756,0,0,0,0,0
40765,ECG,2779,1727,0,0,0,0,0
40770,ECG,2780,1696,0,0,0,0,0
40775,ECG,2781,1668,0,0,0,0,0
40780,ECG,2782,1649,0,0,0,0,0
40785,ECG,2783,1624,0,0,0,0,0
40790,ECG,2784,1603,0,0,0,0,0
40795,ECG,2785,1576,0,0,0,0,0
40800,ECG,2786,1568,0,0,0,0,0
40800,ECG,2787,1554,0,0,0,0,0
40805,ECG,2788,1518,0,0,0,0,0
40810,ECG,2789,1457,0,0,0,0,0
40815,ECG,2790,1401,0,0,0,0,0
40816,ECG,2791,1399,0,0,0,0,0
41822,ECG,2792,0,0,0,0,0,0
41822,ECG,2793,-1,0,0,0,0,0
41827,ECG,2794,-1,0,0,0,0,0
41832,ECG,2795,-1,0,0,0,0,0
41837,ECG,2796,-2,0,0,0,0,0
41842,ECG,2797,-2,0,0,0,0,0
41847,ECG,2798,-1,0,0,0,0,0
41852,ECG,2799,-4,0,0,0,0,0
41857,ECG,2800,-7,0,0,0,0,0
41857,ECG,2801,-6,0,0,0,0,0
41862,ECG,2802,1,0,0,0,0,0
41867,ECG,2803,20,0,0,0,0,0
41872,ECG,2804,29,0,0,0,0,0
41873,ECG,2805,43,0,0,0,0,0
41877,ECG,2806,36,0,0,0,0,0
41882,ECG,2807,36,0,0,0,0,0
41887,ECG,2808,35,0,0,0,0,0
41892,ECG,2809,27,0,0,0,0,0
41892,ECG,2810,46,0,0,0,0,0
41897,ECG,2811,12,0,0,0,0,0
41902,ECG,2812,58,0,0,0,0,0
41907,ECG,2813,-18,0,0,0,0,0
41912,ECG,2814,1053,0,0,0,0,0
41917,ECG,2815,-452,0,0,0,0,0
34893,PPG,200,128002,59910,0,0,0,0
34975,PPG,201,128004,59907,0,0,0,0
35052,PPG,202,128000,59926,0,0,0,0
35132,PPG,203,128008,59916,0,0,0,0
35215,PPG,204,127996,59907,0,0,0,0
35291,PPG,205,127990,59913,0,0,0,0
35370,PPG,206,127999,59910,0,0,0,0
35450,PPG,207,127997,59918,0,0,0,0
35529,PPG,208,128001,59910,0,0,0,0
35609,PPG,209,127994,59902,0,0,0,0
35694,PPG,210,128005,59911,0,0,0,0
35774,PPG,211,128012,59910,0,0,0,0
35849,PPG,212,127998,59919,0,0,0,0
35928,PPG,213,127996,59918,0,0,0,0
36007,PPG,214,127989,59904,0,0,0,0
36087,PPG,215,128005,59912,0,0,0,0
36166,PPG,216,128005,59917,0,0,0,0
36249,PPG,217,127997,59912,0,0,0,0
36329,PPG,218,128002,59914,0,0,0,0
36404,PPG,219,127995,59905,0,0,0,0
36484,PPG,220,128008,59915,0,0,0,0
36564,PPG,221,128008,59928,0,0,0,0
36644,PPG,222,127999,59916,0,0,0,0
36726,PPG,223,127999,59916,0,0,0,0
36807,PPG,224,128015,59924,0,0,0,0
36882,PPG,225,128007,59910,0,0,0,0
36961,PPG,226,127997,59921,0,0,0,0
37041,PPG,227,128005,59926,0,0,0,0
37120,PPG,228,128001,59904,0,0,0,0
37200,PPG,229,128009,59916,0,0,0,0
37288,PPG,230,128004,59917,0,0,0,0
37361,PPG,231,127995,59914,0,0,0,0
37439,PPG,232,127997,59919,0,0,0,0
37518,PPG,233,128001,59911,0,0,0,0
37598,PPG,234,128005,59920,0,0,0,0
37677,PPG,235,128005,59915,0,0,0,0
37775,PPG,236,128007,59919,0,0,0,0
37841,PPG,237,128001,59909,0,0,0,0
37917,PPG,238,127997,59921,0,0,0,0
37996,PPG,239,127997,59918,0,0,0,0
38075,PPG,240,127996,59918,0,0,0,0
38155,PPG,241,127998,59911,0,0,0,0
38254,PPG,242,128003,59918,0,0,0,0
38318,PPG,243,127996,59919,0,0,0,0
38396,PPG,244,127999,59915,0,0,0,0
38473,PPG,245,128008,59905,0,0,0,0
38552,PPG,246,128004,59910,0,0,0,0
38632,PPG,247,127998,59924,0,0,0,0
38711,PPG,248,128009,59918,0,0,0,0
38791,PPG,249,128008,59913,0,0,0,0
38874,PPG,250,127992,59916,0,0,0,0
38953,PPG,251,128004,59907,0,0,0,0
39031,PPG,252,128011,59922,0,0,0,0
39109,PPG,253,127991,59924,0,0,0,0
39189,PPG,254,127994,59916,0,0,0,0
39268,PPG,255,128003,59922,0,0,0,0
39351,PPG,256,128000,59917,0,0,0,0
39430,PPG,257,128005,59928,0,0,0,0
39507,PPG,258,127996,59920,0,0,0,0
39586,PPG,259,128009,59917,0,0,0,0
39666,PPG,260,127999,59915,0,0,0,0
39746,PPG,261,128003,59908,0,0,0,0
39825,PPG,262,128008,59910,0,0,0,0
39911,PPG,263,128005,59925,0,0,0,0
39986,PPG,264,128009,59926,0,0,0,0
40064,PPG,265,128007,59924,0,0,0,0
40143,PPG,266,128009,59912,0,0,0,0
40223,PPG,267,127998,59906,0,0,0,0
40303,PPG,268,127991,59917,0,0,0,0
40387,PPG,269,127994,59917,0,0,0,0
40465,PPG,270,128006,59921,0,0,0,0
40542,PPG,271,127998,59917,0,0,0,0
40621,PPG,272,128015,59919,0,0,0,0
40700,PPG,273,128015,59917,0,0,0,0
40780,PPG,274,128006,59925,0,0,0,0
40859,PPG,275,128018,59913,0,0,0,0
40942,PPG,276,128021,59920,0,0,0,0
41020,PPG,277,128000,59924,0,0,0,0
41098,PPG,278,127997,59915,0,0,0,0
41177,PPG,279,128009,59919,0,0,0,0
41257,PPG,280,128001,59920,0,0,0,0
41336,PPG,281,127999,59930,0,0,0,0
41416,PPG,282,128003,59923,0,0,0,0
41499,PPG,283,128007,59924,0,0,0,0
41575,PPG,284,128002,59927,0,0,0,0
41655,PPG,285,128014,59914,0,0,0,0
41734,PPG,286,128006,59911,0,0,0,0
41814,PPG,287,128019,59913,0,0,0,0
41894,PPG,288,128007,59920,0,0,0,0
41979,PPG,289,127998,59921,0,0,0,0
42055,PPG,290,128010,59912,0,0,0,0
42132,PPG,291,128004,59927,0,0,0,0
42211,PPG,292,128008,59911,0,0,0,0
42291,PPG,293,128002,59906,0,0,0,0
42370,PPG,294,128007,59928,0,0,0,0
42450,PPG,295,128005,59922,0,0,0,0
42534,PPG,296,127996,59911,0,0,0,0
42611,PPG,297,128001,59920,0,0,0,0
42689,PPG,298,127988,59915,0,0,0,0
42769,PPG,299,127995,59909,0,0,0,0
38910,IMU,1040,1244,-200,8456,-93,63,44
38929,IMU,1041,1120,-316,8404,-68,54,33
38949,IMU,1042,1152,-272,8396,-95,45,48
38968,IMU,1043,1148,-300,8384,-87,70,53
38987,IMU,1044,1204,-276,8316,-92,67,44
39006,IMU,1045,1216,-264,8452,-86,48,52
39025,IMU,1046,1192,-280,8484,-72,56,44
39044,IMU,1047,1176,-244,8504,-92,49,36
39064,IMU,1048,1088,-268,8396,-100,62,29
39083,IMU,1049,1216,-244,8304,-101,70,42
39102,IMU,1050,1064,-288,8404,-89,58,18
39121,IMU,1051,1184,-252,8452,-95,69,52
39140,IMU,1052,1136,-324,8432,-81,78,48
39159,IMU,1053,1108,-224,8420,-95,63,53
39178,IMU,1054,1120,-288,8424,-75,56,44
39201,IMU,1055,1112,-304,8356,-99,50,35
39218,IMU,1056,1104,-320,8480,-104,63,47
39236,IMU,1057,1192,-232,8408,-82,56,33
39255,IMU,1058,1140,-352,8400,-95,47,59
39274,IMU,1059,1108,-252,8432,-82,62,46
39293,IMU,1060,1096,-316,8380,-88,49,30
39313,IMU,1061,1180,-192,8448,-80,60,45
39332,IMU,1062,1196,-284,8416,-98,81,37
39351,IMU,1063,1216,-248,8400,-100,58,39
39370,IMU,1064,1176,-272,8440,-74,55,40
39389,IMU,1065,1184,-420,8412,-88,60,50
39408,IMU,1066,1192,-252,8496,-95,52,45
39428,IMU,1067,1252,-316,8472,-79,62,55
39447,IMU,1068,1088,-240,8472,-101,56,48
39466,IMU,1069,1104,-308,8488,-102,65,50
39485,IMU,1070,1160,-336,8408,-90,69,51
39504,IMU,1071,1072,-232,8324,-93,70,46
39523,IMU,1072,1104,-304,8444,-88,61,56
39543,IMU,1073,1096,-296,8484,-81,68,61
39562,IMU,1074,1124,-236,8412,-66,70,54
39581,IMU,1075,1248,-276,8508,-80,54,55
39600,IMU,1076,1176,-204,8388,-93,59,38
39619,IMU,1077,1296,-304,8420,-96,56,34
39638,IMU,1078,1236,-372,8408,-89,65,56
39657,IMU,1079,1084,-308,8436,-85,58,50
39679,IMU,1080,1156,-256,8488,-102,50,44
39698,IMU,1081,1184,-240,8368,-87,62,36
39715,IMU,1082,1228,-196,8424,-84,67,40
39734,IMU,1083,1196,-312,8348,-71,66,53
39754,IMU,1084,1204,-220,8480,-101,61,55
39773,IMU,1085,1192,-300,8324,-86,54,47
39792,IMU,1086,1136,-304,8404,-83,68,28
39811,IMU,1087,1104,-224,8404,-71,62,40
39830,IMU,1088,1108,-292,8336,-101,53,55
39849,IMU,1089,1148,-152,8388,-99,65,47
39869,IMU,1090,1220,-232,8464,-104,66,43
39888,IMU,1091,1156,-312,8388,-87,70,54
39907,IMU,1092,1152,-412,8396,-74,60,38
39926,IMU,1093,1156,-236,8388,-85,60,45
39945,IMU,1094,1096,-168,8356,-94,56,41
39964,IMU,1095,1132,-208,8428,-91,57,41
39983,IMU,1096,1220,-424,8432,-73,62,63
40003,IMU,1097,1200,-272,8396,-95,53,41
40022,IMU,1098,1096,-272,8516,-92,55,50
40041,IMU,1099,1240,-344,8436,-75,69,41
40060,IMU,1100,1172,-300,8400,-76,62,42
40079,IMU,1101,1212,-336,8476,-96,71,50
40098,IMU,1102,1128,-240,8444,-94,55,40
40118,IMU,1103,1096,-248,8496,-89,52,49
40137,IMU,1104,1080,-380,8452,-85,61,48
40157,IMU,1105,1164,-272,8420,-95,54,41
40177,IMU,1106,1088,-272,8376,-89,67,50
40194,IMU,1107,1208,-292,8356,-98,58,44
40213,IMU,1108,1136,-276,8488,-77,71,56
40233,IMU,1109,1176,-252,8440,-85,72,51
40252,IMU,1110,1156,-304,8476,-96,74,41
40271,IMU,1111,1152,-348,8396,-92,46,62
40290,IMU,1112,1212,-280,8432,-90,60,36
40309,IMU,1113,1140,-344,8460,-104,65,43
40328,IMU,1114,1204,-292,8484,-87,54,42
40348,IMU,1115,1148,-328,8388,-95,65,34
40367,IMU,1116,1072,-264,8488,-87,58,27
40386,IMU,1117,1196,-160,8504,-78,52,44
40405,IMU,1118,1132,-280,8408,-91,68,42
40424,IMU,1119,1136,-224,8400,-100,43,54
40443,IMU,1120,1180,-332,8340,-106,63,54
40463,IMU,1121,1164,-340,8412,-73,48,51
40482,IMU,1122,1072,-324,8420,-95,75,24
40501,IMU,1123,1208,-296,8444,-75,56,41
40520,IMU,1124,1156,-316,8392,-90,53,43
40539,IMU,1125,1192,-264,8404,-87,73,49
40558,IMU,1126,1108,-296,8364,-94,58,52
40578,IMU,1127,1100,-288,8412,-103,48,44
40597,IMU,1128,1108,-220,8492,-113,63,42
40616,IMU,1129,1236,-272,8400,-98,54,50
40635,IMU,1130,1012,-284,8388,-93,59,45
40656,IMU,1131,1196,-252,8480,-81,59,53
40675,IMU,1132,1184,-260,8456,-99,52,33
40693,IMU,1133,1160,-240,8388,-83,63,55
40712,IMU,1134,1132,-292,8468,-83,53,37
40731,IMU,1135,1148,-216,8380,-73,59,62
40750,IMU,1136,1140,-280,8428,-82,64,53
40769,IMU,1137,1080,-324,8440,-91,63,35
40788,IMU,1138,1148,-348,8380,-88,63,31
40807,IMU,1139,1196,-336,8396,-95,57,49
40826,IMU,1140,1228,-240,8372,-85,65,41
40845,IMU,1141,1164,-304,8460,-82,80,48
40864,IMU,1142,1192,-296,8412,-91,48,48
40884,IMU,1143,1132,-212,8532,-92,64,47
40903,IMU,1144,1192,-320,8492,-92,63,46
40922,IMU,1145,1140,-316,8420,-86,60,46
40942,IMU,1146,1124,-252,8300,-81,57,44
40960,IMU,1147,1076,-364,8552,-87,58,47
40979,IMU,1148,1100,-348,8372,-81,70,36
40999,IMU,1149,1172,-348,8396,-99,64,56
41018,IMU,1150,1180,-312,8460,-78,57,42
41037,IMU,1151,1084,-276,8352,-93,58,40
41056,IMU,1152,1128,-412,8464,-91,54,48
41075,IMU,1153,1104,-276,8392,-111,54,37
41094,IMU,1154,1084,-308,8408,-99,54,31
41114,IMU,1155,1148,-304,8440,-87,61,37
41134,IMU,1156,1072,-300,8452,-93,58,36
41152,IMU,1157,1164,-316,8440,-72,58,40
41171,IMU,1158,1152,-232,8404,-87,46,42
41190,IMU,1159,1132,-236,8472,-96,53,42
41209,IMU,1160,1256,-232,8364,-96,64,38
41229,IMU,1161,1096,-272,8456,-74,73,59
41248,IMU,1162,1152,-288,8456,-95,69,39
41267,IMU,1163,1224,-312,8488,-89,65,55
41286,IMU,1164,1224,-344,8400,-87,71,45
41305,IMU,1165,1164,-320,8364,-101,57,48
41324,IMU,1166,1192,-196,8448,-112,61,45
41343,IMU,1167,1152,-180,8512,-96,65,48
41363,IMU,1168,1148,-320,8360,-81,54,41
41382,IMU,1169,1132,-276,8372,-106,66,55
41401,IMU,1170,1100,-288,8396,-85,60,62
41420,IMU,1171,1144,-388,8452,-109,64,26
41439,IMU,1172,1200,-264,8448,-75,72,37
41458,IMU,1173,1128,-292,8348,-76,62,50
41478,IMU,1174,1164,-228,8400,-81,70,52
41497,IMU,1175,1128,-280,8484,-95,64,48
41516,IMU,1176,1148,-260,8488,-97,63,43
41535,IMU,1177,1128,-236,8428,-87,57,56
41554,IMU,1178,1112,-380,8452,-95,67,45
41573,IMU,1179,1124,-272,8400,-93,53,36
41593,IMU,1180,1232,-228,8524,-108,67,53
41613,IMU,1181,1108,-208,8480,-73,57,45
41631,IMU,1182,1084,-336,8480,-79,58,39
41650,IMU,1183,1268,-336,8452,-86,54,19
41669,IMU,1184,1152,-312,8480,-105,63,46
41688,IMU,1185,1104,-320,8276,-73,64,41
41707,IMU,1186,1208,-336,8408,-85,58,56
41727,IMU,1187,1096,-256,8416,-95,77,37
41746,IMU,1188,1076,-228,8436,-84,71,38
41765,IMU,1189,1060,-308,8472,-85,58,39
41784,IMU,1190,1112,-260,8456,-78,65,52
41803,IMU,1191,1084,-272,8488,-86,58,51
41823,IMU,1192,1156,-276,8420,-102,53,47
41842,IMU,1193,1132,-332,8500,-82,66,34
41861,IMU,1194,1132,-308,8428,-87,68,34
41880,IMU,1195,1052,-272,8420,-67,50,41
41900,IMU,1196,1164,-268,8384,-94,69,61
41919,IMU,1197,1104,-268,8488,-88,72,35
41938,IMU,1198,1128,-244,8412,-97,50,29
41957,IMU,1199,1132,-324,8488,-74,52,35
41978,IMU,1200,1188,-240,8396,-94,77,44
41995,IMU,1201,1096,-352,8476,-97,62,29
42015,IMU,1202,1124,-380,8440,-74,56,42
42034,IMU,1203,1120,-308,8460,-98,61,22
42053,IMU,1204,1076,-312,8328,-83,66,37
42071,IMU,1205,1128,-240,8432,-72,67,55
42094,IMU,1206,1120,-224,8440,-86,49,69
42110,IMU,1207,1004,-364,8392,-92,70,36
42129,IMU,1208,1184,-256,8364,-88,50,53
42149,IMU,1209,1136,-200,8444,-89,50,27
42168,IMU,1210,1280,-316,8404,-80,40,57
42186,IMU,1211,1092,-312,8408,-105,60,55
42206,IMU,1212,968,-308,8416,-86,63,41
42225,IMU,1213,1088,-320,8476,-85,54,34
42244,IMU,1214,1120,-172,8368,-79,59,59
42263,IMU,1215,1172,-300,8424,-92,78,37
42283,IMU,1216,1180,-328,8384,-108,65,43
42301,IMU,1217,1240,-216,8352,-76,59,30
42321,IMU,1218,1180,-268,8356,-102,64,39
42340,IMU,1219,1224,-300,8448,-92,64,36
42359,IMU,1220,1096,-300,8412,-82,75,49
42378,IMU,1221,1132,-216,8380,-89,66,49
42398,IMU,1222,1196,-300,8440,-98,72,37
42416,IMU,1223,1132,-248,8404,-92,64,50
42436,IMU,1224,1176,-356,8492,-89,61,61
42455,IMU,1225,1088,-240,8256,-106,62,50
42474,IMU,1226,1108,-264,8448,-83,55,50
42493,IMU,1227,1124,-288,8404,-88,73,40
42513,IMU,1228,1132,-260,8428,-94,45,36
42534,IMU,1229,1088,-248,8328,-104,71,32
42551,IMU,1230,1064,-248,8416,-80,67,37
42571,IMU,1231,1168,-328,8512,-86,66,38
42589,IMU,1232,1196,-196,8376,-76,56,46
42608,IMU,1233,1212,-304,8376,-85,71,49
42627,IMU,1234,1180,-232,8284,-87,58,51
42646,IMU,1235,1076,-316,8380,-73,52,58
42666,IMU,1236,1152,-172,8452,-72,66,55
42685,IMU,1237,1172,-292,8448,-94,60,36
42704,IMU,1238,1116,-224,8360,-100,69,47
42723,IMU,1239,1164,-288,8348,-73,54,47
42742,IMU,1240,1180,-328,8332,-88,55,56
42761,IMU,1241,1212,-256,8472,-82,62,45
42781,IMU,1242,1172,-272,8376,-89,74,57
42800,IMU,1243,1200,-348,8484,-101,58,53
42819,IMU,1244,1088,-288,8384,-93,53,53
42838,IMU,1245,1128,-260,8456,-91,64,56
42857,IMU,1246,1232,-260,8444,-92,45,44
42876,IMU,1247,1092,-240,8384,-75,61,35
41922,ECG,2816,-2267,0,0,0,0,0
41927,ECG,2817,-846,0,0,0,0,0
41927,ECG,2818,6389,0,0,0,0,0
41932,ECG,2819,18064,0,0,0,0,0
41937,ECG,2820,28663,0,0,0,0,0
41942,ECG,2821,31909,0,0,0,0,0
41947,ECG,2822,31510,0,0,0,0,0
41947,ECG,2823,30749,0,0,0,0,0
41952,ECG,2824,29478,0,0,0,0,0
41957,ECG,2825,29923,0,0,0,0,0
41962,ECG,2826,29875,0,0,0,0,0
41967,ECG,2827,29038,0,0,0,0,0
41972,ECG,2828,28473,0,0,0,0,0
41977,ECG,2829,28113,0,0,0,0,0
41982,ECG,2830,27904,0,0,0,0,0
41982,ECG,2831,27697,0,0,0,0,0
41987,ECG,2832,27301,0,0,0,0,0
41992,ECG,2833,26775,0,0,0,0,0
41997,ECG,2834,26342,0,0,0,0,0
42002,ECG,2835,26017,0,0,0,0,0
42007,ECG,2836,25715,0,0,0,0,0
42012,ECG,2837,25266,0,0,0,0,0
42017,ECG,2838,24841,0,0,0,0,0
42017,ECG,2839,24625,0,0,0,0,0
42022,ECG,2840,24459,0,0,0,0,0
42027,ECG,2841,24153,0,0,0,0,0
42032,ECG,2842,23733,0,0,0,0,0
42037,ECG,2843,23070,0,0,0,0,0
42042,ECG,2844,22931,0,0,0,0,0
42047,ECG,2845,22732,0,0,0,0,0
42052,ECG,2846,22458,0,0,0,0,0
42052,ECG,2847,22114,0,0,0,0,0
42057,ECG,2848,21838,0,0,0,0,0
42062,ECG,2849,21618,0,0,0,0,0
42067,ECG,2850,21342,0,0,0,0,0
42072,ECG,2851,20649,0,0,0,0,0
42077,ECG,2852,20402,0,0,0,0,0
42082,ECG,2853,20229,0,0,0,0,0
42087,ECG,2854,20005,0,0,0,0,0
42087,ECG,2855,19689,0,0,0,0,0
42092,ECG,2856,19323,0,0,0,0,0
42097,ECG,2857,19037,0,0,0,0,0
42102,ECG,2858,18899,0,0,0,0,0
42107,ECG,2859,18798,0,0,0,0,0
42107,ECG,2860,18625,0,0,0,0,0
42112,ECG,2861,18364,0,0,0,0,0
42117,ECG,2862,18102,0,0,0,0,0
42122,ECG,2863,17903,0,0,0,0,0
42127,ECG,2864,17386,0,0,0,0,0
42132,ECG,2865,17064,0,0,0,0,0
42137,ECG,2866,16853,0,0,0,0,0
42142,ECG,2867,16767,0,0,0,0,0
42142,ECG,2868,16609,0,0,0,0,0
42147,ECG,2869,16303,0,0,0,0,0
42152,ECG,2870,15871,0,0,0,0,0
42157,ECG,2871,15553,0,0,0,0,0
42158,ECG,2872,15501,0,0,0,0,0
42162,ECG,2873,15513,0,0,0,0,0
42167,ECG,2874,15381,0,0,0,0,0
42172,ECG,2875,15055,0,0,0,0,0
42177,ECG,2876,14773,0,0,0,0,0
42177,ECG,2877,14722,0,0,0,0,0
42182,ECG,2878,14647,0,0,0,0,0
42187,ECG,2879,14311,0,0,0,0,0
42192,ECG,2880,13809,0,0,0,0,0
42197,ECG,2881,13380,0,0,0,0,0
42202,ECG,2882,13591,0,0,0,0,0
42207,ECG,2883,13668,0,0,0,0,0
42212,ECG,2884,13505,0,0,0,0,0
42212,ECG,2885,13150,0,0,0,0,0
42217,ECG,2886,12945,0,0,0,0,0
42222,ECG,2887,12896,0,0,0,0,0
42227,ECG,2888,12770,0,0,0,0,0
42232,ECG,2889,12513,0,0,0,0,0
42232,ECG,2890,12220,0,0,0,0,0
42237,ECG,2891,12091,0,0,0,0,0
42242,ECG,2892,12047,0,0,0,0,0
42247,ECG,2893,11916,0,0,0,0,0
42252,ECG,2894,11247,0,0,0,0,0
42257,ECG,2895,11147,0,0,0,0,0
42262,ECG,2896,11277,0,0,0,0,0
42267,ECG,2897,11299,0,0,0,0,0
42267,ECG,2898,11055,0,0,0,0,0
42272,ECG,2899,10653,0,0,0,0,0
42277,ECG,2900,10418,0,0,0,0,0
42282,ECG,2901,10482,0,0,0,0,0
42287,ECG,2902,10486,0,0,0,0,0
42292,ECG,2903,10269,0,0,0,0,0
42297,ECG,2904,10081,0,0,0,0,0
42302,ECG,2905,10054,0,0,0,0,0
42302,ECG,2906,9980,0,0,0,0,0
42307,ECG,2907,9752,0,0,0,0,0
42312,ECG,2908,9446,0,0,0,0,0
42317,ECG,2909,9247,0,0,0,0,0
42322,ECG,2910,9286,0,0,0,0,0
42327,ECG,2911,9225,0,0,0,0,0
42332,ECG,2912,9037,0,0,0,0,0
42337,ECG,2913,8859,0,0,0,0,0
42337,ECG,2914,8845,0,0,0,0,0
42342,ECG,2915,8825,0,0,0,0,0
42347,ECG,2916,8663,0,0,0,0,0
42352,ECG,2917,8377,0,0,0,0,0
42357,ECG,2918,8163,0,0,0,0,0
42362,ECG,2919,8215,0,0,0,0,0
42367,ECG,2920,8131,0,0,0,0,0
42372,ECG,2921,7880,0,0,0,0,0
42372,ECG,2922,7622,0,0,0,0,0
42377,ECG,2923,7597,0,0,0,0,0
42382,ECG,2924,7689,0,0,0,0,0
42387,ECG,2925,7650,0,0,0,0,0
42392,ECG,2926,7418,0,0,0,0,0
42392,ECG,2927,7163,0,0,0,0,0
42397,ECG,2928,7152,0,0,0,0,0
42402,ECG,2929,7248,0,0,0,0,0
42407,ECG,2930,7170,0,0,0,0,0
42412,ECG,2931,6562,0,0,0,0,0
42417,ECG,2932,6523,0,0,0,0,0
42422,ECG,2933,6746,0,0,0,0,0
42427,ECG,2934,6832,0,0,0,0,0
42427,ECG,2935,6631,0,0,0,0,0
42432,ECG,2936,6248,0,0,0,0,0
42437,ECG,2937,6089,0,0,0,0,0
42442,ECG,2938,6213,0,0,0,0,0
42443,ECG,2939,6264,0,0,0,0,0
42447,ECG,2940,6099,0,0,0,0,0
42452,ECG,2941,5801,0,0,0,0,0
42457,ECG,2942,5654,0,0,0,0,0
42462,ECG,2943,5814,0,0,0,0,0
42462,ECG,2944,6003,0,0,0,0,0
42467,ECG,2945,5966,0,0,0,0,0
42472,ECG,2946,5730,0,0,0,0,0
42477,ECG,2947,5551,0,0,0,0,0
42482,ECG,2948,5611,0,0,0,0,0
42487,ECG,2949,5484,0,0,0,0,0
42492,ECG,2950,5267,0,0,0,0,0
42497,ECG,2951,5103,0,0,0,0,0
42497,ECG,2952,5170,0,0,0,0,0
42502,ECG,2953,5294,0,0,0,0,0
42507,ECG,2954,5273,0,0,0,0,0
42512,ECG,2955,5073,0,0,0,0,0
42517,ECG,2956,4829,0,0,0,0,0
42517,ECG,2957,4824,0,0,0,0,0
42522,ECG,2958,4923,0,0,0,0,0
42527,ECG,2959,4903,0,0,0,0,0
42532,ECG,2960,4719,0,0,0,0,0
42537,ECG,2961,4412,0,0,0,0,0
42542,ECG,2962,4536,0,0,0,0,0
42547,ECG,2963,4613,0,0,0,0,0
42552,ECG,2964,4506,0,0,0,0,0
42552,ECG,2965,4313,0,0,0,0,0
42557,ECG,2966,4270,0,0,0,0,0
42562,ECG,2967,4354,0,0,0,0,0
42567,ECG,2968,4309,0,0,0,0,0
42572,ECG,2969,3814,0,0,0,0,0
42577,ECG,2970,3817,0,0,0,0,0
42582,ECG,2971,3988,0,0,0,0,0
42587,ECG,2972,4011,0,0,0,0,0
42587,ECG,2973,3785,0,0,0,0,0
42592,ECG,2974,3465,0,0,0,0,0
42597,ECG,2975,3470,0,0,0,0,0
42602,ECG,2976,3758,0,0,0,0,0
42607,ECG,2977,3657,0,0,0,0,0
42612,ECG,2978,3252,0,0,0,0,0
42617,ECG,2979,3143,0,0,0,0,0
42622,ECG,2980,3387,0,0,0,0,0
42622,ECG,2981,3566,0,0,0,0,0
42627,ECG,2982,3451,0,0,0,0,0
42632,ECG,2983,3122,0,0,0,0,0
42637,ECG,2984,2976,0,0,0,0,0
42642,ECG,2985,3426,0,0,0,0,0
42647,ECG,2986,3348,0,0,0,0,0
42652,ECG,2987,3039,0,0,0,0,0
42657,ECG,2988,2840,0,0,0,0,0
42657,ECG,2989,3006,0,0,0,0,0
42662,ECG,2990,3196,0,0,0,0,0
42667,ECG,2991,3153,0,0,0,0,0
42672,ECG,2992,2905,0,0,0,0,0
42677,ECG,2993,2667,0,0,0,0,0
42677,ECG,2994,2759,0,0,0,0,0
42682,ECG,2995,2982,0,0,0,0,0
42687,ECG,2996,3024,0,0,0,0,0
42692,ECG,2997,2859,0,0,0,0,0
42697,ECG,2998,2573,0,0,0,0,0
42702,ECG,2999,2722,0,0,0,0,0
42707,ECG,3000,2832,0,0,0,0,0
42712,ECG,3001,2804,0,0,0,0,0
42712,ECG,3002,2669,0,0,0,0,0
42717,ECG,3003,2657,0,0,0,0,0
42722,ECG,3004,2723,0,0,0,0,0
42727,ECG,3005,2666,0,0,0,0,0
42728,ECG,3006,2423,0,0,0,0,0
42732,ECG,3007,2140,0,0,0,0,0
42737,ECG,3008,2148,0,0,0,0,0
42742,ECG,3009,2384,0,0,0,0,0
42747,ECG,3010,2489,0,0,0,0,0
42747,ECG,3011,2301,0,0,0,0,0
42752,ECG,3012,1963,0,0,0,0,0
42757,ECG,3013,1850,0,0,0,0,0
42762,ECG,3014,2070,0,0,0,0,0
42767,ECG,3015,2261,0,0,0,0,0
42772,ECG,3016,2068,0,0,0,0,0
42777,ECG,3017,2005,0,0,0,0,0
42782,ECG,3018,2180,0,0,0,0,0
42782,ECG,3019,2258,0,0,0,0,0
42787,ECG,3020,2096,0,0,0,0,0
42792,ECG,3021,1790,0,0,0,0,0
42797,ECG,3022,1668,0,0,0,0,0
42802,ECG,3023,1906,0,0,0,0,0
42802,ECG,3024,2119,0,0,0,0,0
42807,ECG,3025,2080,0,0,0,0,0
42812,ECG,3026,1779,0,0,0,0,0
42817,ECG,3027,1527,0,0,0,0,0
42822,ECG,3028,1881,0,0,0,0,0
42827,ECG,3029,1917,0,0,0,0,0
42832,ECG,3030,1711,0,0,0,0,0
42837,ECG,3031,1503,0,0,0,0,0
42837,ECG,3032,1579,0,0,0,0,0
42842,ECG,3033,1793,0,0,0,0,0
42847,ECG,3034,1824,0,0,0,0,0
42852,ECG,3035,1618,0,0,0,0,0
42857,ECG,3036,1501,0,0,0,0,0
42862,ECG,3037,1694,0,0,0,0,0
42867,ECG,3038,1710,0,0,0,0,0
42872,ECG,3039,1521,0,0,0,0,0
42872,ECG,3040,1322,0,0,0,0,0
42877,ECG,3041,1402,0,0,0,0,0
42882,ECG,3042,1630,0,0,0,0,0
43889,ECG,3043,0,0,0,0,0,0
43889,ECG,3044,-1,0,0,0,0,0
43894,ECG,3045,-1,0,0,0,0,0
43899,ECG,3046,-1,0,0,0,0,0
43904,ECG,3047,-2,0,0,0,0,0
43909,ECG,3048,-2,0,0,0,0,0
43914,ECG,3049,-1,0,0,0,0,0
43919,ECG,3050,-4,0,0,0,0,0
43924,ECG,3051,-7,0,0,0,0,0
43924,ECG,3052,-6,0,0,0,0,0
43929,ECG,3053,1,0,0,0,0,0
43934,ECG,3054,20,0,0,0,0,0
43939,ECG,3055,30,0,0,0,0,0
43940,ECG,3056,43,0,0,0,0,0
43944,ECG,3057,35,0,0,0,0,0
43949,ECG,3058,35,0,0,0,0,0
43954,ECG,3059,34,0,0,0,0,0
43959,ECG,3060,27,0,0,0,0,0
43959,ECG,3061,47,0,0,0,0,0
43964,ECG,3062,9,0,0,0,0,0
43969,ECG,3063,58,0,0,0,0,0
43974,ECG,3064,-20,0,0,0,0,0
43979,ECG,3065,1068,0,0,0,0,0
43984,ECG,3066,-466,0,0,0,0,0
43989,ECG,3067,-2324,0,0,0,0,0
43994,ECG,3068,-906,0,0,0,0,0
43994,ECG,3069,6530,0,0,0,0,0
43999,ECG,3070,18427,0,0,0,0,0
44004,ECG,3071,28893,0,0,0,0,0
44009,ECG,3072,31902,0,0,0,0,0
44014,ECG,3073,31503,0,0,0,0,0
44014,ECG,3074,29794,0,0,0,0,0
44019,ECG,3075,29011,0,0,0,0,0
44024,ECG,3076,29904,0,0,0,0,0
44029,ECG,3077,29873,0,0,0,0,0
44034,ECG,3078,28577,0,0,0,0,0
44039,ECG,3079,28381,0,0,0,0,0
44044,ECG,3080,28359,0,0,0,0,0
44049,ECG,3081,27985,0,0,0,0,0
44049,ECG,3082,27362,0,0,0,0,0
44054,ECG,3083,26785,0,0,0,0,0
44059,ECG,3084,26616,0,0,0,0,0
44064,ECG,3085,26563,0,0,0,0,0
44069,ECG,3086,25583,0,0,0,0,0
44074,ECG,3087,25014,0,0,0,0,0
44079,ECG,3088,24902,0,0,0,0,0
44084,ECG,3089,24967,0,0,0,0,0
44084,ECG,3090,24762,0,0,0,0,0
44089,ECG,3091,24165,0,0,0,0,0
44094,ECG,3092,23540,0,0,0,0,0
44099,ECG,3093,23403,0,0,0,0,0
44104,ECG,3094,23277,0,0,0,0,0
44109,ECG,3095,22705,0,0,0,0,0
44114,ECG,3096,22011,0,0,0,0,0
44119,ECG,3097,21798,0,0,0,0,0
44119,ECG,3098,21977,0,0,0,0,0
44124,ECG,3099,21952,0,0,0,0,0
44129,ECG,3100,21510,0,0,0,0,0
44134,ECG,3101,20857,0,0,0,0,0
44139,ECG,3102,20527,0,0,0,0,0
44144,ECG,3103,20482,0,0,0,0,0
44149,ECG,3104,20137,0,0,0,0,0
44154,ECG,3105,19668,0,0,0,0,0
44154,ECG,3106,19452,0,0,0,0,0
44159,ECG,3107,19534,0,0,0,0,0
44164,ECG,3108,19390,0,0,0,0,0
44169,ECG,3109,18804,0,0,0,0,0
44174,ECG,3110,18001,0,0,0,0,0
44174,ECG,3111,17591,0,0,0,0,0
44179,ECG,3112,17839,0,0,0,0,0
44184,ECG,3113,18110,0,0,0,0,0
44189,ECG,3114,17983,0,0,0,0,0
44194,ECG,3115,16837,0,0,0,0,0
44199,ECG,3116,16800,0,0,0,0,0
44204,ECG,3117,16939,0,0,0,0,0
44209,ECG,3118,16821,0,0,0,0,0
44209,ECG,3119,16345,0,0,0,0,0
44214,ECG,3120,15894,0,0,0,0,0
44219,ECG,3121,15888,0,0,0,0,0
44224,ECG,3122,16025,0,0,0,0,0
44225,ECG,3123,15781,0,0,0,0,0
44229,ECG,3124,15128,0,0,0,0,0
44234,ECG,3125,14568,0,0,0,0,0
44239,ECG,3126,14600,0,0,0,0,0
44244,ECG,3127,14891,0,0,0,0,0
44244,ECG,3128,14811,0,0,0,0,0
44249,ECG,3129,14238,0,0,0,0,0
44254,ECG,3130,13593,0,0,0,0,0
44259,ECG,3131,13560,0,0,0,0,0
44264,ECG,3132,14058,0,0,0,0,0
44269,ECG,3133,13643,0,0,0,0,0
44274,ECG,3134,12983,0,0,0,0,0
44279,ECG,3135,12818,0,0,0,0,0
44279,ECG,3136,13113,0,0,0,0,0
44284,ECG,3137,13197,0,0,0,0,0
44289,ECG,3138,12813,0,0,0,0,0
44294,ECG,3139,12160,0,0,0,0,0
44299,ECG,3140,11900,0,0,0,0,0
44299,ECG,3141,12175,0,0,0,0,0
44304,ECG,3142,12364,0,0,0,0,0
44309,ECG,3143,12101,0,0,0,0,0
44314,ECG,3144,11515,0,0,0,0,0
44319,ECG,3145,11498,0,0,0,0,0
44324,ECG,3146,11666,0,0,0,0,0
44329,ECG,3147,11329,0,0,0,0,0
44334,ECG,3148,10680,0,0,0,0,0
44334,ECG,3149,10314,0,0,0,0,0
44339,ECG,3150,10572,0,0,0,0,0
44344,ECG,3151,10876,0,0,0,0,0
44349,ECG,3152,10702,0,0,0,0,0
44354,ECG,3153,9677,0,0,0,0,0
44359,ECG,3154,9889,0,0,0,0,0
44364,ECG,3155,10220,0,0,0,0,0
44369,ECG,3156,10098,0,0,0,0,0
44369,ECG,3157,9545,0,0,0,0,0
44374,ECG,3158,9099,0,0,0,0,0
44379,ECG,3159,9248,0,0,0,0,0
44384,ECG,3160,9612,0,0,0,0,0
44389,ECG,3161,9022,0,0,0,0,0
44394,ECG,3162,8497,0,0,0,0,0
44399,ECG,3163,8573,0,0,0,0,0
44404,ECG,3164,8921,0,0,0,0,0
44404,ECG,3165,8874,0,0,0,0,0
44409,ECG,3166,8338,0,0,0,0,0
44414,ECG,3167,7802,0,0,0,0,0
44419,ECG,3168,7889,0,0,0,0,0
44424,ECG,3169,8555,0,0,0,0,0
44429,ECG,3170,8162,0,0,0,0,0
44434,ECG,3171,7597,0,0,0,0,0
44439,ECG,3172,7533,0,0,0,0,0
44439,ECG,3173,7881,0,0,0,0,0
44444,ECG,3174,7970,0,0,0,0,0
44449,ECG,3175,7558,0,0,0,0,0
44454,ECG,3176,6947,0,0,0,0,0
44459,ECG,3177,6849,0,0,0,0,0
44459,ECG,3178,7309,0,0,0,0,0
44464,ECG,3179,7598,0,0,0,0,0
44469,ECG,3180,7312,0,0,0,0,0
44474,ECG,3181,6651,0,0,0,0,0
44479,ECG,3182,6681,0,0,0,0,0
44484,ECG,3183,7010,0,0,0,0,0
44489,ECG,3184,6874,0,0,0,0,0
44494,ECG,3185,6333,0,0,0,0,0
44494,ECG,3186,6016,0,0,0,0,0
44499,ECG,3187,6324,0,0,0,0,0
44504,ECG,3188,6680,0,0,0,0,0
44509,ECG,3189,6547,0,0,0,0,0
44510,ECG,3190,5990,0,0,0,0,0
44514,ECG,3191,5578,0,0,0,0,0
44519,ECG,3192,5780,0,0,0,0,0
44524,ECG,3193,6184,0,0,0,0,0
44529,ECG,3194,6226,0,0,0,0,0
44529,ECG,3195,5819,0,0,0,0,0
44534,ECG,3196,5434,0,0,0,0,0
44539,ECG,3197,5587,0,0,0,0,0
44544,ECG,3198,5902,0,0,0,0,0
44549,ECG,3199,5209,0,0,0,0,0
44554,ECG,3200,4709,0,0,0,0,0
44559,ECG,3201,4926,0,0,0,0,0
44564,ECG,3202,5426,0,0,0,0,0
44564,ECG,3203,5424,0,0,0,0,0
44569,ECG,3204,4755,0,0,0,0,0
44574,ECG,3205,4022,0,0,0,0,0
44579,ECG,3206,4117,0,0,0,0,0
44584,ECG,3207,4811,0,0,0,0,0
44584,ECG,3208,5142,0,0,0,0,0
44589,ECG,3209,4754,0,0,0,0,0
44594,ECG,3210,4067,0,0,0,0,0
44599,ECG,3211,3997,0,0,0,0,0
44604,ECG,3212,5008,0,0,0,0,0
44609,ECG,3213,4788,0,0,0,0,0
44614,ECG,3214,4165,0,0,0,0,0
44619,ECG,3215,3954,0,0,0,0,0
44619,ECG,3216,4375,0,0,0,0,0
44624,ECG,3217,4714,0,0,0,0,0
44629,ECG,3218,4542,0,0,0,0,0
44634,ECG,3219,3995,0,0,0,0,0
44639,ECG,3220,4037,0,0,0,0,0
44644,ECG,3221,4366,0,0,0,0,0
44649,ECG,3222,4241,0,0,0,0,0
44654,ECG,3223,3732,0,0,0,0,0
44654,ECG,3224,3405,0,0,0,0,0
44659,ECG,3225,3723,0,0,0,0,0
44664,ECG,3226,4159,0,0,0,0,0
44669,ECG,3227,4137,0,0,0,0,0
44674,ECG,3228,3310,0,0,0,0,0
44679,ECG,3229,3479,0,0,0,0,0
44684,ECG,3230,3807,0,0,0,0,0
44689,ECG,3231,3763,0,0,0,0,0
44689,ECG,3232,3327,0,0,0,0,0
44694,ECG,3233,3008,0,0,0,0,0
44699,ECG,3234,3253,0,0,0,0,0
44704,ECG,3235,3647,0,0,0,0,0
44709,ECG,3236,3003,0,0,0,0,0
44714,ECG,3237,2506,0,0,0,0,0
44719,ECG,3238,2699,0,0,0,0,0
44724,ECG,3239,3279,0,0,0,0,0
44724,ECG,3240,3554,0,0,0,0,0
44729,ECG,3241,3283,0,0,0,0,0
44734,ECG,3242,2784,0,0,0,0,0
44739,ECG,3243,2751,0,0,0,0,0
44744,ECG,3244,3129,0,0,0,0,0
44744,ECG,3245,3311,0,0,0,0,0
44749,ECG,3246,3053,0,0,0,0,0
44754,ECG,3247,2632,0,0,0,0,0
44759,ECG,3248,2623,0,0,0,0,0
44764,ECG,3249,3015,0,0,0,0,0
44769,ECG,3250,2616,0,0,0,0,0
44774,ECG,3251,2028,0,0,0,0,0
44779,ECG,3252,2009,0,0,0,0,0
44779,ECG,3253,2617,0,0,0,0,0
44784,ECG,3254,3026,0,0,0,0,0
44789,ECG,3255,2802,0,0,0,0,0
44794,ECG,3256,2175,0,0,0,0,0
44795,ECG,3257,1901,0,0,0,0,0
44799,ECG,3258,2284,0,0,0,0,0
44804,ECG,3259,2626,0,0,0,0,0
44809,ECG,3260,2426,0,0,0,0,0
44814,ECG,3261,1900,0,0,0,0,0
44814,ECG,3262,1704,0,0,0,0,0
44819,ECG,3263,2107,0,0,0,0,0
44824,ECG,3264,2511,0,0,0,0,0
44829,ECG,3265,2361,0,0,0,0,0
44834,ECG,3266,1665,0,0,0,0,0
44839,ECG,3267,2073,0,0,0,0,0
44844,ECG,3268,2505,0,0,0,0,0
44849,ECG,3269,2437,0,0,0,0,0
44849,ECG,3270,1923,0,0,0,0,0
44854,ECG,3271,1631,0,0,0,0,0
44859,ECG,3272,1972,0,0,0,0,0
44864,ECG,3273,2343,0,0,0,0,0
44869,ECG,3274,2220,0,0,0,0,0
44869,ECG,3275,1644,0,0,0,0,0
44874,ECG,3276,1229,0,0,0,0,0
44879,ECG,3277,1606,0,0,0,0,0
44884,ECG,3278,2188,0,0,0,0,0
44889,ECG,3279,1592,0,0,0,0,0
44894,ECG,3280,959,0,0,0,0,0
44899,ECG,3281,1028,0,0,0,0,0
44904,ECG,3282,1624,0,0,0,0,0
44904,ECG,3283,1978,0,0,0,0,0
44909,ECG,3284,1817,0,0,0,0,0
44914,ECG,3285,1472,0,0,0,0,0
44919,ECG,3286,1529,0,0,0,0,0
44924,ECG,3287,2010,0,0,0,0,0
44929,ECG,3288,1633,0,0,0,0,0
44934,ECG,3289,1173,0,0,0,0,0
44939,ECG,3290,1283,0,0,0,0,0
44939,ECG,3291,1780,0,0,0,0,0
44944,ECG,3292,1984,0,0,0,0,0
44949,ECG,3293,1626,0,0,0,0,0
44954,ECG,3294,958,0,0,0,0,0
45961,ECG,3295,0,0,0,0,0,0
45961,ECG,3296,-1,0,0,0,0,0
45966,ECG,3297,-1,0,0,0,0,0
45971,ECG,3298,-1,0,0,0,0,0
45976,ECG,3299,-2,0,0,0,0,0
45981,ECG,3300,-2,0,0,0,0,0
45986,ECG,3301,-1,0,0,0,0,0
45991,ECG,3302,-4,0,0,0,0,0
45996,ECG,3303,-7,0,0,0,0,0
45996,ECG,3304,-6,0,0,0,0,0
46001,ECG,3305,0,0,0,0,0,0
46006,ECG,3306,18,0,0,0,0,0
46011,ECG,3307,28,0,0,0,0,0
46012,ECG,3308,42,0,0,0,0,0
46016,ECG,3309,36,0,0,0,0,0
46021,ECG,3310,37,0,0,0,0,0
46026,ECG,3311,34,0,0,0,0,0
46031,ECG,3312,26,0,0,0,0,0
46031,ECG,3313,45,0,0,0,0,0
46036,ECG,3314,11,0,0,0,0,0
46041,ECG,3315,57,0,0,0,0,0
46046,ECG,3316,-18,0,0,0,0,0
46051,ECG,3317,998,0,0,0,0,0
46056,ECG,3318,-436,0,0,0,0,0
46061,ECG,3319,-2118,0,0,0,0,0
46066,ECG,3320,-772,0,0,0,0,0
46066,ECG,3321,6078,0,0,0,0,0
46071,ECG,3322,17189,0,0,0,0,0
46076,ECG,3323,27533,0,0,0,0,0
46081,ECG,3324,31936,0,0,0,0,0
46086,ECG,3325,31537,0,0,0,0,0
46086,ECG,3326,30650,0,0,0,0,0
46091,ECG,3327,28968,0,0,0,0,0
42895,IMU,1248,1120,-268,8512,-83,62,55
42915,IMU,1249,1128,-340,8400,-88,68,36
42934,IMU,1250,1144,-328,8412,-115,44,46
42953,IMU,1251,1172,-316,8428,-89,60,40
42972,IMU,1252,1092,-272,8392,-98,54,54
42991,IMU,1253,1144,-260,8352,-85,59,55
43011,IMU,1254,1124,-304,8480,-81,82,49
43029,IMU,1255,1112,-312,8380,-76,65,58
43050,IMU,1256,1068,-316,8404,-96,62,68
43068,IMU,1257,1068,-352,8412,-109,61,56
43087,IMU,1258,1228,-256,8384,-91,49,65
43106,IMU,1259,1180,-368,8372,-102,50,50
43125,IMU,1260,1040,-228,8512,-89,68,57
43144,IMU,1261,1176,-200,8452,-82,58,57
43164,IMU,1262,1116,-380,8532,-78,47,47
43183,IMU,1263,1160,-364,8408,-83,61,45
43202,IMU,1264,1124,-336,8388,-86,67,44
43221,IMU,1265,1092,-192,8440,-75,65,41
43240,IMU,1266,1248,-216,8420,-102,56,43
43259,IMU,1267,1200,-264,8384,-88,69,53
43279,IMU,1268,1112,-288,8444,-102,69,50
43298,IMU,1269,1116,-216,8464,-97,72,56
43317,IMU,1270,1116,-360,8352,-95,53,46
43336,IMU,1271,1060,-256,8440,-95,47,36
43355,IMU,1272,1084,-260,8416,-92,71,58
43374,IMU,1273,1128,-328,8432,-82,49,37
43393,IMU,1274,1216,-260,8448,-100,47,59
43413,IMU,1275,1096,-244,8420,-99,68,44
43432,IMU,1276,1180,-208,8456,-86,33,33
43451,IMU,1277,1124,-356,8404,-83,71,57
43470,IMU,1278,1136,-320,8452,-107,43,46
43489,IMU,1279,1216,-272,8400,-87,61,58
43508,IMU,1280,1332,-264,8356,-69,68,43
43529,IMU,1281,1188,-284,8468,-78,53,37
43547,IMU,1282,1128,-384,8440,-96,73,37
43567,IMU,1283,1000,-320,8408,-98,50,66
43585,IMU,1284,1236,-340,8428,-98,60,39
43604,IMU,1285,1192,-236,8436,-74,69,52
43623,IMU,1286,1040,-224,8496,-97,74,39
43643,IMU,1287,1236,-232,8440,-91,39,51
43662,IMU,1288,1220,-336,8380,-88,71,35
43681,IMU,1289,1052,-364,8448,-89,69,45
43700,IMU,1290,1176,-400,8440,-89,47,57
43719,IMU,1291,1156,-284,8400,-105,69,36
43738,IMU,1292,1292,-276,8428,-88,62,42
43758,IMU,1293,1200,-284,8304,-88,73,62
43777,IMU,1294,1104,-268,8408,-82,42,39
43796,IMU,1295,1076,-328,8412,-83,60,53
43815,IMU,1296,1068,-292,8444,-95,54,34
43834,IMU,1297,1096,-292,8396,-98,60,54
43853,IMU,1298,1116,-316,8372,-74,75,66
43872,IMU,1299,1156,-348,8372,-94,54,45
43892,IMU,1300,1096,-288,8420,-91,70,48
43911,IMU,1301,1212,-328,8420,-92,54,53
43930,IMU,1302,1180,-304,8340,-75,66,42
43949,IMU,1303,1220,-264,8484,-85,67,31
43968,IMU,1304,1064,-220,8412,-103,63,34
43988,IMU,1305,1092,-212,8472,-108,54,40
44010,IMU,1306,1176,-280,8380,-104,61,34
44027,IMU,1307,1124,-424,8488,-82,51,41
44047,IMU,1308,1108,-324,8476,-91,48,22
44064,IMU,1309,1096,-260,8428,-93,48,76
44083,IMU,1310,1056,-264,8496,-88,46,26
44103,IMU,1311,1096,-364,8392,-90,67,49
44122,IMU,1312,1244,-312,8512,-88,63,43
44141,IMU,1313,1148,-272,8352,-93,62,39
44160,IMU,1314,1188,-236,8372,-106,54,48
44179,IMU,1315,1152,-288,8408,-96,67,26
44198,IMU,1316,1120,-284,8428,-86,61,39
44218,IMU,1317,1140,-200,8424,-96,74,48
44237,IMU,1318,1124,-296,8392,-85,57,59
44256,IMU,1319,1092,-252,8416,-95,60,59
44275,IMU,1320,1180,-268,8412,-92,61,35
44294,IMU,1321,1184,-184,8364,-82,55,34
44313,IMU,1322,992,-252,8456,-55,69,20
44333,IMU,1323,1168,-236,8420,-94,68,43
44352,IMU,1324,1148,-288,8424,-92,64,41
44371,IMU,1325,1120,-364,8432,-79,70,36
44390,IMU,1326,1204,-368,8392,-69,60,53
44409,IMU,1327,1252,-280,8432,-97,33,49
44428,IMU,1328,1140,-240,8400,-91,54,46
44448,IMU,1329,1224,-284,8416,-77,49,54
44467,IMU,1330,1188,-280,8448,-82,71,50
44489,IMU,1331,1176,-364,8408,-107,71,26
44506,IMU,1332,1180,-220,8416,-101,52,54
44524,IMU,1333,1024,-248,8384,-93,62,55
44543,IMU,1334,1200,-288,8484,-91,37,48
44562,IMU,1335,1192,-240,8436,-90,64,48
44582,IMU,1336,1212,-348,8344,-94,60,59
44602,IMU,1337,1084,-216,8424,-85,55,49
44620,IMU,1338,1200,-268,8432,-102,59,45
44639,IMU,1339,1136,-304,8280,-105,62,49
44658,IMU,1340,1116,-216,8488,-73,46,55
44677,IMU,1341,1220,-236,8412,-99,60,31
44697,IMU,1342,1144,-376,8428,-101,62,33
44716,IMU,1343,1160,-288,8384,-86,57,50
44735,IMU,1344,1188,-340,8428,-89,54,41
44754,IMU,1345,1096,-280,8516,-89,57,41
44773,IMU,1346,1176,-208,8356,-101,70,35
44792,IMU,1347,1096,-308,8448,-95,69,41
44812,IMU,1348,1064,-200,8376,-102,68,45
44831,IMU,1349,1104,-300,8440,-84,62,39
44850,IMU,1350,1084,-260,8404,-92,60,48
44869,IMU,1351,1148,-420,8344,-75,49,46
44888,IMU,1352,1116,-196,8484,-70,60,34
44907,IMU,1353,1152,-272,8400,-113,61,38
44927,IMU,1354,1208,-276,8372,-84,65,36
44946,IMU,1355,1132,-240,8384,-76,53,33
44968,IMU,1356,1164,-360,8492,-102,64,37
44984,IMU,1357,1100,-212,8376,-92,62,53
45003,IMU,1358,1292,-292,8416,-96,59,42
45022,IMU,1359,1156,-292,8356,-81,62,35
45041,IMU,1360,1208,-292,8368,-96,57,60
45060,IMU,1361,1088,-276,8452,-79,68,47
45079,IMU,1362,1244,-256,8376,-96,51,39
45099,IMU,1363,1036,-208,8412,-70,63,54
45118,IMU,1364,1172,-304,8356,-97,58,33
45137,IMU,1365,1144,-240,8496,-104,68,37
45158,IMU,1366,1196,-320,8396,-89,73,44
45175,IMU,1367,1184,-244,8332,-90,68,45
45194,IMU,1368,1152,-276,8492,-87,68,41
45214,IMU,1369,1108,-348,8488,-93,53,44
45233,IMU,1370,1204,-380,8432,-97,49,31
45252,IMU,1371,1080,-236,8356,-99,72,39
45271,IMU,1372,1140,-224,8408,-88,60,47
45290,IMU,1373,1132,-248,8500,-104,60,50
45309,IMU,1374,1208,-380,8520,-93,60,21
45329,IMU,1375,1188,-352,8460,-94,46,47
45348,IMU,1376,1112,-340,8364,-74,64,36
45367,IMU,1377,1156,-272,8300,-83,62,38
45386,IMU,1378,1064,-276,8504,-87,57,54
45405,IMU,1379,1112,-264,8488,-82,51,50
45424,IMU,1380,1092,-304,8456,-111,70,32
45446,IMU,1381,1160,-212,8500,-76,51,45
45463,IMU,1382,1168,-252,8396,-87,63,29
45482,IMU,1383,1164,-372,8492,-98,49,43
45501,IMU,1384,1116,-200,8452,-89,60,51
45520,IMU,1385,1080,-400,8444,-75,54,53
45539,IMU,1386,1040,-272,8432,-95,48,55
45558,IMU,1387,1172,-276,8336,-64,58,47
45578,IMU,1388,1108,-344,8476,-92,33,59
45597,IMU,1389,1140,-384,8396,-88,48,27
45616,IMU,1390,1232,-232,8376,-86,55,34
45636,IMU,1391,1168,-224,8392,-102,57,60
45654,IMU,1392,1104,-236,8420,-95,60,41
45673,IMU,1393,1100,-208,8484,-113,57,40
45693,IMU,1394,1072,-232,8400,-88,80,52
45712,IMU,1395,1072,-284,8404,-78,54,42
45731,IMU,1396,1228,-292,8436,-82,54,44
45750,IMU,1397,1104,-288,8464,-76,65,59
45769,IMU,1398,1168,-300,8292,-78,66,66
45788,IMU,1399,1176,-336,8420,-105,50,37
45808,IMU,1400,1140,-224,8544,-93,65,29
45827,IMU,1401,1136,-248,8468,-77,65,47
45846,IMU,1402,1240,-268,8432,-102,57,49
45865,IMU,1403,1124,-264,8400,-84,53,27
45884,IMU,1404,1036,-296,8360,-79,50,32
45903,IMU,1405,1100,-348,8480,-86,46,48
45923,IMU,1406,1184,-252,8364,-70,66,45
45942,IMU,1407,1192,-368,8380,-101,68,50
45961,IMU,1408,1168,-372,8360,-111,56,44
45980,IMU,1409,1180,-280,8468,-102,58,42
45999,IMU,1410,1144,-280,8404,-105,58,52
46019,IMU,1411,1180,-284,8424,-99,63,15
46038,IMU,1412,1156,-232,8448,-106,66,42
46057,IMU,1413,1084,-252,8392,-96,64,58
46076,IMU,1414,1064,-224,8432,-70,47,45
46095,IMU,1415,1116,-336,8384,-88,63,47
46114,IMU,1416,1168,-188,8432,-86,50,38
46134,IMU,1417,984,-336,8476,-79,39,42
46153,IMU,1418,1132,-292,8364,-74,45,38
46172,IMU,1419,1144,-332,8384,-100,65,24
46193,IMU,1420,1104,-332,8344,-103,44,40
46210,IMU,1421,1204,-276,8476,-100,63,44
46229,IMU,1422,1244,-328,8420,-93,65,55
46249,IMU,1423,1108,-172,8500,-98,46,47
46268,IMU,1424,1164,-232,8436,-88,65,61
46287,IMU,1425,1144,-344,8420,-101,78,46
46306,IMU,1426,1092,-304,8428,-83,71,49
46325,IMU,1427,1096,-316,8456,-73,63,29
46344,IMU,1428,1128,-292,8456,-110,54,41
46364,IMU,1429,1172,-352,8300,-95,63,44
46383,IMU,1430,1228,-236,8412,-87,56,41
46402,IMU,1431,1156,-252,8452,-99,76,36
46422,IMU,1432,1108,-464,8376,-103,59,53
46440,IMU,1433,1120,-364,8364,-90,67,41
46459,IMU,1434,1156,-316,8448,-96,80,50
46479,IMU,1435,1112,-224,8412,-75,59,48
46498,IMU,1436,1200,-324,8464,-99,61,46
46517,IMU,1437,1032,-228,8428,-94,76,47
46536,IMU,1438,1136,-252,8372,-91,66,44
46555,IMU,1439,1048,-312,8260,-89,66,44
46574,IMU,1440,1164,-236,8420,-82,63,44
46594,IMU,1441,1140,-280,8448,-92,54,55
46613,IMU,1442,1144,-332,8392,-92,67,49
46632,IMU,1443,1144,-332,8412,-79,75,29
46650,IMU,1444,1204,-212,8408,-94,57,37
46670,IMU,1445,1272,-208,8488,-85,58,46
46689,IMU,1446,1220,-260,8452,-86,45,34
46708,IMU,1447,1092,-372,8428,-92,68,46
46728,IMU,1448,1092,-364,8460,-93,41,22
46747,IMU,1449,1104,-300,8448,-85,60,48
46765,IMU,1450,1088,-360,8424,-99,55,57
46785,IMU,1451,1172,-216,8348,-81,53,44
46804,IMU,1452,1212,-304,8492,-87,66,35
46823,IMU,1453,1188,-204,8380,-90,53,30
46842,IMU,1454,1232,-260,8424,-93,65,47
46862,IMU,1455,1060,-280,8488,-78,53,36
46096,ECG,3328,28971,0,0,0,0,0
46101,ECG,3329,29064,0,0,0,0,0
46106,ECG,3330,28783,0,0,0,0,0
46111,ECG,3331,27784,0,0,0,0,0
46116,ECG,3332,26994,0,0,0,0,0
46121,ECG,3333,26948,0,0,0,0,0
46121,ECG,3334,27296,0,0,0,0,0
46126,ECG,3335,27120,0,0,0,0,0
46131,ECG,3336,26238,0,0,0,0,0
46136,ECG,3337,25361,0,0,0,0,0
46141,ECG,3338,25781,0,0,0,0,0
46146,ECG,3339,25760,0,0,0,0,0
46151,ECG,3340,24973,0,0,0,0,0
46156,ECG,3341,23984,0,0,0,0,0
46156,ECG,3342,23725,0,0,0,0,0
46161,ECG,3343,24062,0,0,0,0,0
46166,ECG,3344,24128,0,0,0,0,0
46171,ECG,3345,23560,0,0,0,0,0
46176,ECG,3346,22435,0,0,0,0,0
46181,ECG,3347,22658,0,0,0,0,0
46186,ECG,3348,22683,0,0,0,0,0
46191,ECG,3349,22123,0,0,0,0,0
46191,ECG,3350,21282,0,0,0,0,0
46196,ECG,3351,20964,0,0,0,0,0
46201,ECG,3352,21271,0,0,0,0,0
46206,ECG,3353,21440,0,0,0,0,0
46211,ECG,3354,20162,0,0,0,0,0
46216,ECG,3355,19693,0,0,0,0,0
46221,ECG,3356,19784,0,0,0,0,0
46226,ECG,3357,19909,0,0,0,0,0
46226,ECG,3358,19646,0,0,0,0,0
46231,ECG,3359,19094,0,0,0,0,0
46236,ECG,3360,18786,0,0,0,0,0
46241,ECG,3361,18983,0,0,0,0,0
46246,ECG,3362,19087,0,0,0,0,0
46246,ECG,3363,18601,0,0,0,0,0
46251,ECG,3364,17710,0,0,0,0,0
46256,ECG,3365,17142,0,0,0,0,0
46261,ECG,3366,17287,0,0,0,0,0
46266,ECG,3367,17368,0,0,0,0,0
46271,ECG,3368,16720,0,0,0,0,0
46276,ECG,3369,16200,0,0,0,0,0
46281,ECG,3370,16345,0,0,0,0,0
46281,ECG,3371,16684,0,0,0,0,0
46286,ECG,3372,16500,0,0,0,0,0
46291,ECG,3373,15747,0,0,0,0,0
46296,ECG,3374,15066,0,0,0,0,0
46297,ECG,3375,15101,0,0,0,0,0
46301,ECG,3376,15510,0,0,0,0,0
46306,ECG,3377,15482,0,0,0,0,0
46311,ECG,3378,14890,0,0,0,0,0
46316,ECG,3379,14244,0,0,0,0,0
46316,ECG,3380,14200,0,0,0,0,0
46321,ECG,3381,14583,0,0,0,0,0
46326,ECG,3382,14551,0,0,0,0,0
46331,ECG,3383,13861,0,0,0,0,0
46336,ECG,3384,12979,0,0,0,0,0
46341,ECG,3385,13460,0,0,0,0,0
46346,ECG,3386,13649,0,0,0,0,0
46351,ECG,3387,13083,0,0,0,0,0
46351,ECG,3388,12249,0,0,0,0,0
46356,ECG,3389,12029,0,0,0,0,0
46361,ECG,3390,12488,0,0,0,0,0
46366,ECG,3391,12801,0,0,0,0,0
46371,ECG,3392,12348,0,0,0,0,0
46371,ECG,3393,11531,0,0,0,0,0
46376,ECG,3394,11214,0,0,0,0,0
46381,ECG,3395,11573,0,0,0,0,0
46386,ECG,3396,11872,0,0,0,0,0
46391,ECG,3397,10855,0,0,0,0,0
46396,ECG,3398,10653,0,0,0,0,0
46401,ECG,3399,11083,0,0,0,0,0
46406,ECG,3400,11440,0,0,0,0,0
46406,ECG,3401,11105,0,0,0,0,0
46411,ECG,3402,10262,0,0,0,0,0
46416,ECG,3403,9798,0,0,0,0,0
46421,ECG,3404,10145,0,0,0,0,0
46426,ECG,3405,10546,0,0,0,0,0
46431,ECG,3406,9872,0,0,0,0,0
46436,ECG,3407,9356,0,0,0,0,0
46441,ECG,3408,9565,0,0,0,0,0
46441,ECG,3409,10020,0,0,0,0,0
46446,ECG,3410,9995,0,0,0,0,0
46451,ECG,3411,9330,0,0,0,0,0
46456,ECG,3412,8725,0,0,0,0,0
46461,ECG,3413,9337,0,0,0,0,0
46466,ECG,3414,9360,0,0,0,0,0
46471,ECG,3415,8709,0,0,0,0,0
46476,ECG,3416,8018,0,0,0,0,0
46476,ECG,3417,8066,0,0,0,0,0
46481,ECG,3418,8677,0,0,0,0,0
46486,ECG,3419,8962,0,0,0,0,0
46491,ECG,3420,8532,0,0,0,0,0
46496,ECG,3421,7686,0,0,0,0,0
46501,ECG,3422,8184,0,0,0,0,0
46506,ECG,3423,8419,0,0,0,0,0
46511,ECG,3424,7915,0,0,0,0,0
46511,ECG,3425,7033,0,0,0,0,0
46516,ECG,3426,6717,0,0,0,0,0
46521,ECG,3427,7231,0,0,0,0,0
46526,ECG,3428,7741,0,0,0,0,0
46531,ECG,3429,7587,0,0,0,0,0
46531,ECG,3430,6938,0,0,0,0,0
46536,ECG,3431,6612,0,0,0,0,0
46541,ECG,3432,6999,0,0,0,0,0
46546,ECG,3433,7427,0,0,0,0,0
46551,ECG,3434,6414,0,0,0,0,0
46556,ECG,3435,6036,0,0,0,0,0
46561,ECG,3436,6388,0,0,0,0,0
46566,ECG,3437,6841,0,0,0,0,0
46566,ECG,3438,6693,0,0,0,0,0
46571,ECG,3439,6078,0,0,0,0,0
46576,ECG,3440,5785,0,0,0,0,0
46581,ECG,3441,6187,0,0,0,0,0
46582,ECG,3442,6649,0,0,0,0,0
46586,ECG,3443,6473,0,0,0,0,0
46591,ECG,3444,5727,0,0,0,0,0
46596,ECG,3445,5225,0,0,0,0,0
46601,ECG,3446,5588,0,0,0,0,0
46601,ECG,3447,6231,0,0,0,0,0
46606,ECG,3448,6249,0,0,0,0,0
46611,ECG,3449,5555,0,0,0,0,0
46616,ECG,3450,4880,0,0,0,0,0
46621,ECG,3451,5516,0,0,0,0,0
46626,ECG,3452,5674,0,0,0,0,0
46631,ECG,3453,5155,0,0,0,0,0
46636,ECG,3454,4528,0,0,0,0,0
46636,ECG,3455,4511,0,0,0,0,0
46641,ECG,3456,5026,0,0,0,0,0
46646,ECG,3457,5280,0,0,0,0,0
46651,ECG,3458,4885,0,0,0,0,0
46656,ECG,3459,4332,0,0,0,0,0
46656,ECG,3460,4396,0,0,0,0,0
46661,ECG,3461,4950,0,0,0,0,0
46666,ECG,3462,5193,0,0,0,0,0
46671,ECG,3463,4706,0,0,0,0,0
46676,ECG,3464,3857,0,0,0,0,0
46681,ECG,3465,4404,0,0,0,0,0
46686,ECG,3466,4781,0,0,0,0,0
46691,ECG,3467,4491,0,0,0,0,0
46691,ECG,3468,3920,0,0,0,0,0
46696,ECG,3469,3845,0,0,0,0,0
46701,ECG,3470,4343,0,0,0,0,0
46706,ECG,3471,4588,0,0,0,0,0
46711,ECG,3472,3270,0,0,0,0,0
46716,ECG,3473,3066,0,0,0,0,0
46721,ECG,3474,3704,0,0,0,0,0
46726,ECG,3475,4370,0,0,0,0,0
46726,ECG,3476,4330,0,0,0,0,0
46731,ECG,3477,3695,0,0,0,0,0
46736,ECG,3478,3323,0,0,0,0,0
46741,ECG,3479,3651,0,0,0,0,0
46746,ECG,3480,4154,0,0,0,0,0
46751,ECG,3481,3580,0,0,0,0,0
46756,ECG,3482,3156,0,0,0,0,0
46761,ECG,3483,3398,0,0,0,0,0
46761,ECG,3484,3878,0,0,0,0,0
46766,ECG,3485,3838,0,0,0,0,0
46771,ECG,3486,3220,0,0,0,0,0
46776,ECG,3487,2688,0,0,0,0,0
46781,ECG,3488,3455,0,0,0,0,0
46786,ECG,3489,3594,0,0,0,0,0
46791,ECG,3490,3108,0,0,0,0,0
46796,ECG,3491,2603,0,0,0,0,0
46796,ECG,3492,2719,0,0,0,0,0
46801,ECG,3493,3246,0,0,0,0,0
46806,ECG,3494,3380,0,0,0,0,0
46811,ECG,3495,2830,0,0,0,0,0
46816,ECG,3496,2161,0,0,0,0,0
46816,ECG,3497,2199,0,0,0,0,0
46821,ECG,3498,2827,0,0,0,0,0
46826,ECG,3499,3242,0,0,0,0,0
46831,ECG,3500,2947,0,0,0,0,0
46836,ECG,3501,2186,0,0,0,0,0
46841,ECG,3502,2716,0,0,0,0,0
46846,ECG,3503,3177,0,0,0,0,0
46851,ECG,3504,2991,0,0,0,0,0
46851,ECG,3505,2371,0,0,0,0,0
46856,ECG,3506,2152,0,0,0,0,0
46861,ECG,3507,2599,0,0,0,0,0
46866,ECG,3508,3001,0,0,0,0,0
46867,ECG,3509,2765,0,0,0,0,0
46871,ECG,3510,2150,0,0,0,0,0
46876,ECG,3511,1921,0,0,0,0,0
46881,ECG,3512,2371,0,0,0,0,0
46886,ECG,3513,2773,0,0,0,0,0
46886,ECG,3514,2532,0,0,0,0,0
46891,ECG,3515,1850,0,0,0,0,0
46896,ECG,3516,1556,0,0,0,0,0
46901,ECG,3517,2102,0,0,0,0,0
46906,ECG,3518,2825,0,0,0,0,0
46911,ECG,3519,2199,0,0,0,0,0
46916,ECG,3520,1653,0,0,0,0,0
46921,ECG,3521,1870,0,0,0,0,0
46921,ECG,3522,2455,0,0,0,0,0
46926,ECG,3523,2561,0,0,0,0,0
46931,ECG,3524,2053,0,0,0,0,0
46936,ECG,3525,1478,0,0,0,0,0
46941,ECG,3526,1504,0,0,0,0,0
46941,ECG,3527,1994,0,0,0,0,0
46946,ECG,3528,2201,0,0,0,0,0
46951,ECG,3529,1879,0,0,0,0,0
46956,ECG,3530,1480,0,0,0,0,0
46961,ECG,3531,2193,0,0,0,0,0
46966,ECG,3532,2410,0,0,0,0,0
46971,ECG,3533,1961,0,0,0,0,0
46976,ECG,3534,1409,0,0,0,0,0
46976,ECG,3535,1484,0,0,0,0,0
46981,ECG,3536,1954,0,0,0,0,0
46986,ECG,3537,2084,0,0,0,0,0
46991,ECG,3538,1582,0,0,0,0,0
46996,ECG,3539,1085,0,0,0,0,0
47001,ECG,3540,1802,0,0,0,0,0
47006,ECG,3541,2150,0,0,0,0,0
47011,ECG,3542,1626,0,0,0,0,0
47011,ECG,3543,727,0,0,0,0,0
47016,ECG,3544,493,0,0,0,0,0
47021,ECG,3545,1136,0,0,0,0,0
47026,ECG,3546,1756,0,0,0,0,0
48033,ECG,3547,0,0,0,0,0,0
48033,ECG,3548,-1,0,0,0,0,0
48038,ECG,3549,-1,0,0,0,0,0
48043,ECG,3550,-1,0,0,0,0,0
48048,ECG,3551,-2,0,0,0,0,0
48053,ECG,3552,-2,0,0,0,0,0
48058,ECG,3553,-1,0,0,0,0,0
48063,ECG,3554,-4,0,0,0,0,0
48068,ECG,3555,-7,0,0,0,0,0
48068,ECG,3556,-6,0,0,0,0,0
48073,ECG,3557,1,0,0,0,0,0
48078,ECG,3558,21,0,0,0,0,0
48083,ECG,3559,29,0,0,0,0,0
48084,ECG,3560,42,0,0,0,0,0
48088,ECG,3561,34,0,0,0,0,0
48093,ECG,3562,35,0,0,0,0,0
48098,ECG,3563,34,0,0,0,0,0
48103,ECG,3564,27,0,0,0,0,0
48103,ECG,3565,45,0,0,0,0,0
48108,ECG,3566,10,0,0,0,0,0
48113,ECG,3567,57,0,0,0,0,0
48118,ECG,3568,-19,0,0,0,0,0
48123,ECG,3569,1068,0,0,0,0,0
48128,ECG,3570,-479,0,0,0,0,0
48133,ECG,3571,-2369,0,0,0,0,0
48138,ECG,3572,-863,0,0,0,0,0
48138,ECG,3573,6651,0,0,0,0,0
48143,ECG,3574,18420,0,0,0,0,0
48148,ECG,3575,28578,0,0,0,0,0
48153,ECG,3576,31904,0,0,0,0,0
48158,ECG,3577,31505,0,0,0,0,0
48158,ECG,3578,29746,0,0,0,0,0
48163,ECG,3579,29072,0,0,0,0,0
48168,ECG,3580,29652,0,0,0,0,0
48173,ECG,3581,29084,0,0,0,0,0
48178,ECG,3582,28325,0,0,0,0,0
48183,ECG,3583,28460,0,0,0,0,0
48188,ECG,3584,27974,0,0,0,0,0
48193,ECG,3585,26685,0,0,0,0,0
48193,ECG,3586,25607,0,0,0,0,0
48198,ECG,3587,25636,0,0,0,0,0
48203,ECG,3588,26342,0,0,0,0,0
48208,ECG,3589,26658,0,0,0,0,0
48213,ECG,3590,25203,0,0,0,0,0
48218,ECG,3591,24872,0,0,0,0,0
48223,ECG,3592,25233,0,0,0,0,0
48228,ECG,3593,25189,0,0,0,0,0
48228,ECG,3594,24375,0,0,0,0,0
48233,ECG,3595,23305,0,0,0,0,0
48238,ECG,3596,22797,0,0,0,0,0
48243,ECG,3597,23075,0,0,0,0,0
48248,ECG,3598,22892,0,0,0,0,0
48253,ECG,3599,22064,0,0,0,0,0
48258,ECG,3600,21681,0,0,0,0,0
48263,ECG,3601,21989,0,0,0,0,0
48263,ECG,3602,22149,0,0,0,0,0
48268,ECG,3603,21497,0,0,0,0,0
48273,ECG,3604,20370,0,0,0,0,0
48278,ECG,3605,19803,0,0,0,0,0
48283,ECG,3606,20519,0,0,0,0,0
48288,ECG,3607,20424,0,0,0,0,0
48293,ECG,3608,19741,0,0,0,0,0
48298,ECG,3609,19164,0,0,0,0,0
48298,ECG,3610,19267,0,0,0,0,0
48303,ECG,3611,19484,0,0,0,0,0
48308,ECG,3612,19193,0,0,0,0,0
48313,ECG,3613,18519,0,0,0,0,0
48318,ECG,3614,18051,0,0,0,0,0
48318,ECG,3615,18187,0,0,0,0,0
48323,ECG,3616,18420,0,0,0,0,0
48328,ECG,3617,18110,0,0,0,0,0
48333,ECG,3618,17321,0,0,0,0,0
48338,ECG,3619,16615,0,0,0,0,0
48343,ECG,3620,16986,0,0,0,0,0
48348,ECG,3621,17011,0,0,0,0,0
48353,ECG,3622,16565,0,0,0,0,0
48353,ECG,3623,16009,0,0,0,0,0
48358,ECG,3624,15848,0,0,0,0,0
48363,ECG,3625,15924,0,0,0,0,0
48368,ECG,3626,15685,0,0,0,0,0
48369,ECG,3627,15034,0,0,0,0,0
48373,ECG,3628,14423,0,0,0,0,0
48378,ECG,3629,14497,0,0,0,0,0
48383,ECG,3630,15023,0,0,0,0,0
48388,ECG,3631,15236,0,0,0,0,0
48388,ECG,3632,14746,0,0,0,0,0
48393,ECG,3633,14006,0,0,0,0,0
48398,ECG,3634,13763,0,0,0,0,0
48403,ECG,3635,13940,0,0,0,0,0
48408,ECG,3636,13404,0,0,0,0,0
48413,ECG,3637,12654,0,0,0,0,0
48418,ECG,3638,12510,0,0,0,0,0
48423,ECG,3639,13141,0,0,0,0,0
48423,ECG,3640,13641,0,0,0,0,0
48428,ECG,3641,13383,0,0,0,0,0
48433,ECG,3642,12599,0,0,0,0,0
48438,ECG,3643,12162,0,0,0,0,0
48443,ECG,3644,12373,0,0,0,0,0
48443,ECG,3645,12488,0,0,0,0,0
48448,ECG,3646,12079,0,0,0,0,0
48453,ECG,3647,11365,0,0,0,0,0
48458,ECG,3648,11077,0,0,0,0,0
48463,ECG,3649,11864,0,0,0,0,0
48468,ECG,3650,11582,0,0,0,0,0
48473,ECG,3651,10752,0,0,0,0,0
48478,ECG,3652,10219,0,0,0,0,0
48478,ECG,3653,10496,0,0,0,0,0
48483,ECG,3654,10921,0,0,0,0,0
48488,ECG,3655,10776,0,0,0,0,0
48493,ECG,3656,10107,0,0,0,0,0
48498,ECG,3657,9940,0,0,0,0,0
48503,ECG,3658,10456,0,0,0,0,0
48508,ECG,3659,10318,0,0,0,0,0
48513,ECG,3660,9543,0,0,0,0,0
48513,ECG,3661,8878,0,0,0,0,0
48518,ECG,3662,9029,0,0,0,0,0
48523,ECG,3663,9600,0,0,0,0,0
48528,ECG,3664,9696,0,0,0,0,0
48533,ECG,3665,8465,0,0,0,0,0
48538,ECG,3666,8523,0,0,0,0,0
48543,ECG,3667,9135,0,0,0,0,0
48548,ECG,3668,9308,0,0,0,0,0
48548,ECG,3669,8712,0,0,0,0,0
48553,ECG,3670,7832,0,0,0,0,0
48558,ECG,3671,7594,0,0,0,0,0
48563,ECG,3672,8052,0,0,0,0,0
48568,ECG,3673,8055,0,0,0,0,0
48573,ECG,3674,7362,0,0,0,0,0
48578,ECG,3675,7093,0,0,0,0,0
48583,ECG,3676,7611,0,0,0,0,0
48583,ECG,3677,8079,0,0,0,0,0
48588,ECG,3678,7763,0,0,0,0,0
48593,ECG,3679,7000,0,0,0,0,0
48598,ECG,3680,6706,0,0,0,0,0
48603,ECG,3681,7093,0,0,0,0,0
48603,ECG,3682,7333,0,0,0,0,0
48608,ECG,3683,6803,0,0,0,0,0
48613,ECG,3684,5925,0,0,0,0,0
48618,ECG,3685,5726,0,0,0,0,0
48623,ECG,3686,7461,0,0,0,0,0
48628,ECG,3687,7431,0,0,0,0,0
48633,ECG,3688,6573,0,0,0,0,0
48638,ECG,3689,5957,0,0,0,0,0
48638,ECG,3690,6187,0,0,0,0,0
48643,ECG,3691,6686,0,0,0,0,0
48648,ECG,3692,6699,0,0,0,0,0
48653,ECG,3693,6106,0,0,0,0,0
48654,ECG,3694,5429,0,0,0,0,0
48658,ECG,3695,5476,0,0,0,0,0
48663,ECG,3696,5946,0,0,0,0,0
48668,ECG,3697,6136,0,0,0,0,0
48673,ECG,3698,5813,0,0,0,0,0
48673,ECG,3699,5328,0,0,0,0,0
48678,ECG,3700,5446,0,0,0,0,0
48683,ECG,3701,5954,0,0,0,0,0
48688,ECG,3702,6249,0,0,0,0,0
48693,ECG,3703,5385,0,0,0,0,0
48698,ECG,3704,5243,0,0,0,0,0
48703,ECG,3705,5589,0,0,0,0,0
48708,ECG,3706,5748,0,0,0,0,0
48708,ECG,3707,5386,0,0,0,0,0
48713,ECG,3708,4815,0,0,0,0,0
48718,ECG,3709,4762,0,0,0,0,0
48723,ECG,3710,5276,0,0,0,0,0
48728,ECG,3711,5535,0,0,0,0,0
48728,ECG,3712,5139,0,0,0,0,0
48733,ECG,3713,4408,0,0,0,0,0
48738,ECG,3714,4208,0,0,0,0,0
48743,ECG,3715,4746,0,0,0,0,0
48748,ECG,3716,4916,0,0,0,0,0
48753,ECG,3717,4293,0,0,0,0,0
48758,ECG,3718,3863,0,0,0,0,0
48763,ECG,3719,4018,0,0,0,0,0
48763,ECG,3720,4241,0,0,0,0,0
48768,ECG,3721,4136,0,0,0,0,0
48773,ECG,3722,3849,0,0,0,0,0
48778,ECG,3723,3819,0,0,0,0,0
48783,ECG,3724,4793,0,0,0,0,0
48788,ECG,3725,4784,0,0,0,0,0
48793,ECG,3726,4409,0,0,0,0,0
48798,ECG,3727,4016,0,0,0,0,0
48798,ECG,3728,3953,0,0,0,0,0
48803,ECG,3729,3990,0,0,0,0,0
48808,ECG,3730,3801,0,0,0,0,0
48813,ECG,3731,3402,0,0,0,0,0
48818,ECG,3732,3457,0,0,0,0,0
48823,ECG,3733,3965,0,0,0,0,0
48828,ECG,3734,3989,0,0,0,0,0
48833,ECG,3735,3484,0,0,0,0,0
48833,ECG,3736,3009,0,0,0,0,0
48838,ECG,3737,3081,0,0,0,0,0
48843,ECG,3738,3614,0,0,0,0,0
48848,ECG,3739,3857,0,0,0,0,0
48853,ECG,3740,2783,0,0,0,0,0
48858,ECG,3741,2721,0,0,0,0,0
48863,ECG,3742,3153,0,0,0,0,0
48868,ECG,3743,3324,0,0,0,0,0
48868,ECG,3744,2893,0,0,0,0,0
48873,ECG,3745,2271,0,0,0,0,0
48878,ECG,3746,2373,0,0,0,0,0
48883,ECG,3747,3103,0,0,0,0,0
48888,ECG,3748,3550,0,0,0,0,0
48888,ECG,3749,3191,0,0,0,0,0
48893,ECG,3750,2362,0,0,0,0,0
48898,ECG,3751,2097,0,0,0,0,0
48903,ECG,3752,2748,0,0,0,0,0
48908,ECG,3753,3056,0,0,0,0,0
48913,ECG,3754,2139,0,0,0,0,0
48918,ECG,3755,1577,0,0,0,0,0
48923,ECG,3756,1958,0,0,0,0,0
48923,ECG,3757,2632,0,0,0,0,0
48928,ECG,3758,2699,0,0,0,0,0
48933,ECG,3759,2126,0,0,0,0,0
48938,ECG,3760,1628,0,0,0,0,0
48939,ECG,3761,1906,0,0,0,0,0
48943,ECG,3762,2606,0,0,0,0,0
48948,ECG,3763,2975,0,0,0,0,0
48953,ECG,3764,2689,0,0,0,0,0
48958,ECG,3765,2254,0,0,0,0,0
48958,ECG,3766,2346,0,0,0,0,0
48963,ECG,3767,2738,0,0,0,0,0
48968,ECG,3768,2854,0,0,0,0,0
48973,ECG,3769,2475,0,0,0,0,0
42848,PPG,300,128003,59914,0,0,0,0
42930,PPG,301,128004,59915,0,0,0,0
43011,PPG,302,128003,59922,0,0,0,0
43089,PPG,303,128000,59920,0,0,0,0
43166,PPG,304,128002,59924,0,0,0,0
43245,PPG,305,128010,59923,0,0,0,0
43325,PPG,306,128002,59914,0,0,0,0
43405,PPG,307,127985,59913,0,0,0,0
43484,PPG,308,127988,59912,0,0,0,0
43567,PPG,309,127990,59911,0,0,0,0
43645,PPG,310,128012,59912,0,0,0,0
43723,PPG,311,127994,59915,0,0,0,0
43802,PPG,312,128007,59915,0,0,0,0
43882,PPG,313,127988,59910,0,0,0,0
43962,PPG,314,128000,59908,0,0,0,0
44047,PPG,315,128007,59914,0,0,0,0
44126,PPG,316,127996,59921,0,0,0,0
44201,PPG,317,128011,59907,0,0,0,0
44280,PPG,318,128003,59905,0,0,0,0
44360,PPG,319,128003,59916,0,0,0,0
44439,PPG,320,128000,59922,0,0,0,0
44518,PPG,321,127995,59917,0,0,0,0
44602,PPG,322,128005,59906,0,0,0,0
44680,PPG,323,128000,59911,0,0,0,0
44757,PPG,324,127992,59912,0,0,0,0
44837,PPG,325,127996,59919,0,0,0,0
44916,PPG,326,128006,59911,0,0,0,0
44995,PPG,327,127997,59922,0,0,0,0
45075,PPG,328,128006,59919,0,0,0,0
45158,PPG,329,128004,59918,0,0,0,0
45235,PPG,330,128010,59920,0,0,0,0
45314,PPG,331,128004,59918,0,0,0,0
45393,PPG,332,128008,59917,0,0,0,0
45477,PPG,333,128003,59912,0,0,0,0
45552,PPG,334,128013,59918,0,0,0,0
45636,PPG,335,128010,59925,0,0,0,0
45714,PPG,336,128002,59910,0,0,0,0
45791,PPG,337,128006,59928,0,0,0,0
45871,PPG,338,127995,59922,0,0,0,0
45950,PPG,339,128013,59926,0,0,0,0
46030,PPG,340,128000,59922,0,0,0,0
46115,PPG,341,128006,59914,0,0,0,0
46193,PPG,342,128003,59913,0,0,0,0
46270,PPG,343,127996,59919,0,0,0,0
46348,PPG,344,128006,59920,0,0,0,0
46428,PPG,345,127996,59922,0,0,0,0
46507,PPG,346,128001,59914,0,0,0,0
46587,PPG,347,127997,59904,0,0,0,0
46666,PPG,348,128007,59919,0,0,0,0
46749,PPG,349,128004,59922,0,0,0,0
46826,PPG,350,128002,59922,0,0,0,0
46914,PPG,351,128015,59916,0,0,0,0
46987,PPG,352,128004,59918,0,0,0,0
47064,PPG,353,128010,59918,0,0,0,0
47143,PPG,354,128006,59926,0,0,0,0
47227,PPG,355,128000,59924,0,0,0,0
47304,PPG,356,127998,59923,0,0,0,0
47385,PPG,357,128015,59916,0,0,0,0
47461,PPG,358,128000,59933,0,0,0,0
47541,PPG,359,128010,59914,0,0,0,0
47621,PPG,360,128005,59929,0,0,0,0
47700,PPG,361,128007,59924,0,0,0,0
47783,PPG,362,128007,59920,0,0,0,0
47865,PPG,363,128011,59926,0,0,0,0
47939,PPG,364,128008,59925,0,0,0,0
48018,PPG,365,128015,59929,0,0,0,0
48098,PPG,366,128011,59922,0,0,0,0
48177,PPG,367,128013,59922,0,0,0,0
48261,PPG,368,128010,59919,0,0,0,0
48345,PPG,369,128010,59929,0,0,0,0
48416,PPG,370,128010,59922,0,0,0,0
48496,PPG,371,128006,59927,0,0,0,0
48576,PPG,372,128000,59921,0,0,0,0
48655,PPG,373,128006,59922,0,0,0,0
48735,PPG,374,128001,59927,0,0,0,0
48825,PPG,375,128002,59921,0,0,0,0
48895,PPG,376,128008,59922,0,0,0,0
48973,PPG,377,128005,59911,0,0,0,0
46880,IMU,1456,1072,-316,8440,-91,61,46
46902,IMU,1457,1100,-288,8340,-105,62,53
46919,IMU,1458,1192,-316,8356,-77,55,62
46938,IMU,1459,1132,-224,8420,-68,58,39
46958,IMU,1460,1020,-256,8428,-105,57,36
46977,IMU,1461,1104,-300,8416,-83,48,38
46995,IMU,1462,1124,-320,8444,-93,51,30
47015,IMU,1463,1080,-244,8412,-74,45,60
47034,IMU,1464,1276,-276,8316,-89,73,46
47053,IMU,1465,1080,-216,8472,-96,59,47
47072,IMU,1466,1136,-220,8356,-97,66,47
47091,IMU,1467,1088,-348,8464,-78,69,52
47110,IMU,1468,1164,-292,8392,-89,60,40
47129,IMU,1469,1156,-260,8476,-90,66,57
47149,IMU,1470,1144,-324,8556,-77,57,50
47168,IMU,1471,1072,-304,8424,-85,83,37
47187,IMU,1472,1180,-288,8376,-102,55,41
47206,IMU,1473,1224,-268,8404,-83,61,45
47227,IMU,1474,1116,-336,8344,-85,60,61
47244,IMU,1475,1112,-184,8520,-93,60,39
47264,IMU,1476,1120,-248,8332,-89,49,39
47283,IMU,1477,1036,-248,8372,-76,81,51
47302,IMU,1478,1268,-320,8400,-84,57,35
47321,IMU,1479,1100,-336,8392,-103,60,33
47340,IMU,1480,1096,-224,8392,-86,59,56
47359,IMU,1481,1120,-276,8392,-94,60,52
47380,IMU,1482,1164,-268,8408,-105,66,46
47398,IMU,1483,1188,-216,8512,-98,58,39
47417,IMU,1484,1180,-324,8368,-88,72,60
47436,IMU,1485,1180,-416,8500,-71,58,43
47455,IMU,1486,1060,-212,8360,-87,53,49
47474,IMU,1487,1132,-356,8452,-80,53,44
47494,IMU,1488,1232,-364,8428,-85,61,55
47513,IMU,1489,1220,-264,8468,-96,45,57
47532,IMU,1490,1040,-276,8424,-100,64,59
47551,IMU,1491,1160,-300,8416,-82,42,48
47570,IMU,1492,1080,-208,8444,-87,60,36
47589,IMU,1493,1120,-316,8440,-104,66,41
47608,IMU,1494,1156,-336,8484,-96,48,46
47628,IMU,1495,1256,-208,8432,-89,58,41
47647,IMU,1496,1132,-316,8516,-99,65,55
47666,IMU,1497,1148,-368,8420,-73,62,39
47685,IMU,1498,1132,-348,8364,-112,65,54
47704,IMU,1499,972,-316,8364,-85,45,35
47723,IMU,1500,1176,-232,8408,-107,59,52
47743,IMU,1501,1060,-372,8348,-98,67,53
47762,IMU,1502,1096,-300,8468,-90,61,49
47781,IMU,1503,1064,-312,8396,-87,61,39
47800,IMU,1504,1108,-232,8412,-70,50,50
47819,IMU,1505,1128,-296,8392,-87,64,43
47838,IMU,1506,1156,-332,8488,-79,36,50
47858,IMU,1507,1116,-252,8444,-104,55,59
47877,IMU,1508,1192,-292,8420,-100,56,45
47896,IMU,1509,1136,-316,8420,-92,66,50
47915,IMU,1510,1120,-164,8480,-101,61,46
47934,IMU,1511,1140,-268,8420,-89,68,28
47953,IMU,1512,1072,-288,8376,-69,57,53
47972,IMU,1513,1148,-264,8480,-86,62,61
47992,IMU,1514,1160,-324,8500,-97,65,41
48011,IMU,1515,1088,-280,8296,-82,50,53
48030,IMU,1516,1132,-296,8440,-86,56,53
48049,IMU,1517,1204,-236,8432,-100,49,59
48069,IMU,1518,1144,-300,8396,-78,53,74
48088,IMU,1519,1168,-352,8440,-105,48,57
48107,IMU,1520,1224,-188,8408,-90,64,40
48126,IMU,1521,1176,-268,8352,-98,68,33
48145,IMU,1522,1112,-320,8432,-70,62,46
48164,IMU,1523,1048,-344,8448,-89,75,58
48184,IMU,1524,1168,-304,8468,-87,50,46
48202,IMU,1525,1192,-332,8464,-82,72,39
48222,IMU,1526,1180,-260,8396,-74,67,47
48241,IMU,1527,1160,-240,8432,-93,52,48
48261,IMU,1528,1176,-384,8420,-110,54,47
48280,IMU,1529,1068,-292,8424,-82,54,41
48299,IMU,1530,1188,-268,8368,-68,62,31
48317,IMU,1531,1184,-264,8396,-96,72,58
48340,IMU,1532,1096,-268,8468,-83,67,44
48356,IMU,1533,1192,-236,8424,-85,47,40
48375,IMU,1534,1164,-268,8460,-89,48,41
48394,IMU,1535,1116,-280,8364,-75,61,51
48414,IMU,1536,1176,-312,8444,-84,63,36
48432,IMU,1537,1208,-280,8392,-98,52,53
48452,IMU,1538,1124,-200,8380,-79,71,55
48471,IMU,1539,1148,-256,8484,-105,64,45
48490,IMU,1540,1172,-248,8516,-81,37,49
48509,IMU,1541,1224,-184,8420,-74,59,38
48528,IMU,1542,1088,-260,8500,-87,55,48
48547,IMU,1543,1084,-236,8336,-92,59,35
48567,IMU,1544,1160,-320,8464,-100,71,38
48586,IMU,1545,1136,-352,8336,-97,66,60
48605,IMU,1546,1048,-328,8400,-83,61,52
48624,IMU,1547,1148,-340,8412,-86,59,49
48643,IMU,1548,1132,-164,8376,-92,68,48
48662,IMU,1549,1132,-176,8376,-102,58,57
48682,IMU,1550,1148,-352,8456,-82,61,53
48701,IMU,1551,1044,-252,8456,-83,39,33
48720,IMU,1552,1148,-336,8484,-94,52,51
48739,IMU,1553,1096,-336,8392,-96,58,30
48758,IMU,1554,1064,-188,8376,-94,49,40
48777,IMU,1555,1060,-292,8436,-83,69,51
48797,IMU,1556,1140,-292,8388,-91,60,49
48817,IMU,1557,1160,-232,8384,-78,56,40
48835,IMU,1558,1192,-284,8548,-80,54,46
48854,IMU,1559,1100,-320,8372,-100,65,55
48873,IMU,1560,1116,-184,8344,-95,59,50
48892,IMU,1561,1156,-296,8396,-81,67,33
48912,IMU,1562,1096,-300,8408,-83,50,34
48931,IMU,1563,1072,-260,8368,-87,62,29
48950,IMU,1564,1148,-272,8376,-58,53,67
48969,IMU,1565,1124,-308,8508,-82,60,55
