timestamp_ms,type,seq,v1,v2,v3,v4,v5,v6
17925,META_START,1,16853,0,0,0,0,0
19334,IMU,0,1016,-368,8420,-67,56,52
19338,IMU,1,1068,-352,8408,-115,72,45
19356,IMU,2,1076,-404,8380,-89,58,46
19379,IMU,3,1096,-444,8440,-111,68,34
19395,IMU,4,1084,-428,8416,-91,68,33
19415,IMU,5,1172,-452,8444,-89,62,38
19433,IMU,6,1104,-444,8380,-97,54,42
19452,IMU,7,1108,-348,8304,-95,51,32
19471,IMU,8,1052,-388,8440,-86,63,53
19490,IMU,9,1036,-456,8432,-107,48,32
19509,IMU,10,1064,-420,8424,-87,55,39
19529,IMU,11,1132,-376,8400,-102,65,45
19548,IMU,12,1084,-532,8360,-88,55,46
19567,IMU,13,1144,-452,8388,-107,71,31
19586,IMU,14,1152,-412,8364,-96,41,47
19605,IMU,15,1084,-472,8284,-105,61,26
19624,IMU,16,1064,-376,8440,-99,61,48
19643,IMU,17,1152,-396,8392,-104,42,41
19662,IMU,18,1148,-368,8404,-97,61,37
19681,IMU,19,1056,-452,8312,-83,57,33
19701,IMU,20,1124,-436,8408,-97,47,45
19720,IMU,21,1172,-320,8448,-107,43,57
19739,IMU,22,1056,-400,8344,-95,59,34
19758,IMU,23,1144,-456,8456,-98,65,46
19777,IMU,24,1088,-460,8384,-99,56,28
19796,IMU,25,1048,-416,8468,-99,62,50
19816,IMU,26,1056,-436,8348,-92,30,52
19835,IMU,27,1128,-484,8396,-104,61,31
19854,IMU,28,1012,-424,8336,-91,62,34
19873,IMU,29,1068,-464,8392,-94,66,32
19892,IMU,30,1088,-452,8444,-102,49,51
19911,IMU,31,1076,-340,8468,-108,57,35
19930,IMU,32,1092,-404,8476,-107,59,33
19949,IMU,33,1080,-488,8432,-102,70,39
19969,IMU,34,1212,-376,8428,-96,52,41
19988,IMU,35,984,-368,8428,-106,56,37
20007,IMU,36,1128,-376,8508,-98,50,37
20026,IMU,37,1120,-356,8380,-97,47,39
20045,IMU,38,1040,-460,8408,-107,67,30
20064,IMU,39,1100,-388,8424,-98,57,44
20083,IMU,40,1016,-432,8452,-106,52,44
20103,IMU,41,1068,-372,8548,-100,64,45
20122,IMU,42,1124,-340,8476,-90,57,24
20141,IMU,43,1108,-356,8468,-97,58,39
20160,IMU,44,1032,-392,8492,-86,54,18
20179,IMU,45,1232,-320,8412,-107,66,28
20198,IMU,46,1136,-476,8384,-95,74,37
20217,IMU,47,1124,-452,8348,-98,62,37
20236,IMU,48,1088,-392,8576,-86,44,37
20255,IMU,49,1024,-520,8492,-98,50,50
20275,IMU,50,1100,-444,8408,-73,47,40
20294,IMU,51,1012,-412,8396,-101,70,29
20313,IMU,52,1036,-412,8492,-94,64,39
20335,IMU,53,1116,-340,8444,-98,56,24
20351,IMU,54,1048,-396,8388,-93,65,26
20370,IMU,55,1088,-444,8364,-78,31,48
20390,IMU,56,1116,-316,8432,-100,61,33
20409,IMU,57,1104,-284,8400,-102,60,45
20428,IMU,58,1084,-232,8400,-90,66,48
20448,IMU,59,1096,-392,8328,-105,48,50
20466,IMU,60,1248,-348,8344,-88,45,24
20485,IMU,61,1120,-336,8404,-97,62,43
20504,IMU,62,1008,-440,8468,-93,72,37
20524,IMU,63,1120,-332,8436,-121,62,35
20545,IMU,64,1104,-408,8416,-100,55,42
20562,IMU,65,1084,-492,8476,-97,56,56
20581,IMU,66,936,-392,8420,-66,55,36
20600,IMU,67,1076,-452,8376,-95,50,36
20619,IMU,68,1020,-424,8400,-95,66,31
20639,IMU,69,1124,-404,8420,-117,56,31
20658,IMU,70,1064,-388,8440,-99,72,40
20677,IMU,71,1172,-412,8392,-91,54,45
20696,IMU,72,1124,-396,8504,-106,63,46
20715,IMU,73,1136,-376,8452,-107,40,33
20734,IMU,74,920,-352,8432,-99,48,32
20757,IMU,75,1104,-432,8396,-98,54,44
20774,IMU,76,1060,-404,8400,-95,41,31
20792,IMU,77,1124,-464,8364,-104,56,41
20811,IMU,78,1132,-404,8496,-97,65,48
20830,IMU,79,1040,-308,8392,-97,59,42
20849,IMU,80,1060,-392,8408,-92,54,33
20869,IMU,81,1028,-484,8424,-84,54,36
20888,IMU,82,1164,-464,8472,-89,57,20
20907,IMU,83,1144,-328,8420,-85,65,54
20926,IMU,84,1232,-368,8440,-92,65,37
20945,IMU,85,1068,-416,8520,-112,64,41
20964,IMU,86,1020,-492,8424,-101,79,43
20984,IMU,87,1108,-368,8444,-81,61,35
21003,IMU,88,1044,-420,8388,-91,64,42
21022,IMU,89,1116,-400,8440,-96,45,39
21041,IMU,90,1136,-460,8376,-94,49,30
21060,IMU,91,1052,-364,8392,-90,57,36
21079,IMU,92,1148,-448,8512,-100,57,49
21098,IMU,93,1144,-376,8448,-84,53,51
21118,IMU,94,1156,-536,8416,-89,72,38
21137,IMU,95,1056,-396,8388,-105,56,39
21156,IMU,96,1064,-400,8428,-110,77,27
21175,IMU,97,1080,-416,8424,-100,75,15
21198,IMU,98,1164,-400,8400,-84,52,35
21214,IMU,99,988,-468,8396,-99,65,49
21233,IMU,100,1096,-484,8348,-114,59,39
21252,IMU,101,972,-392,8412,-94,75,40
21271,IMU,102,1100,-312,8424,-85,66,38
21290,IMU,103,1132,-404,8444,-85,54,24
21309,IMU,104,1148,-472,8388,-111,60,28
21328,IMU,105,1160,-412,8424,-109,60,40
21347,IMU,106,1072,-444,8400,-107,58,31
21367,IMU,107,1100,-440,8452,-104,52,62
21386,IMU,108,1088,-424,8384,-99,53,50
21405,IMU,109,1092,-344,8388,-95,55,33
21425,IMU,110,1060,-380,8364,-103,46,43
21443,IMU,111,1104,-520,8452,-96,35,52
21462,IMU,112,1196,-336,8404,-95,57,41
21482,IMU,113,1056,-352,8376,-98,53,26
21500,IMU,114,1096,-516,8528,-98,60,23
21519,IMU,115,1116,-456,8348,-90,55,48
21539,IMU,116,1032,-484,8432,-101,42,43
21558,IMU,117,1092,-428,8432,-115,53,52
21577,IMU,118,1016,-384,8480,-103,58,39
21596,IMU,119,1176,-412,8468,-85,48,41
21615,IMU,120,1096,-416,8320,-105,72,56
21636,IMU,121,996,-348,8356,-105,57,41
21654,IMU,122,1092,-364,8436,-81,71,40
21673,IMU,123,1032,-356,8432,-96,48,49
21692,IMU,124,1044,-444,8540,-75,52,31
21711,IMU,125,1092,-344,8404,-91,71,34
21730,IMU,126,1060,-324,8416,-105,52,36
21749,IMU,127,1056,-420,8468,-115,62,45
21768,IMU,128,1104,-440,8440,-93,57,46
21788,IMU,129,1172,-432,8484,-105,55,41
21807,IMU,130,1052,-456,8376,-92,55,28
21826,IMU,131,1016,-448,8372,-108,56,52
21848,IMU,132,1080,-384,8508,-92,62,26
21865,IMU,133,1180,-404,8424,-83,57,39
21883,IMU,134,960,-468,8340,-80,50,32
21903,IMU,135,1068,-448,8476,-91,58,46
21922,IMU,136,1104,-432,8448,-104,50,34
21941,IMU,137,1104,-512,8412,-85,60,43
21960,IMU,138,1140,-440,8376,-93,56,31
21979,IMU,139,1004,-432,8428,-105,55,44
21998,IMU,140,1112,-340,8468,-86,63,36
22018,IMU,141,1036,-344,8376,-75,60,24
22039,IMU,142,1140,-368,8468,-99,59,36
22056,IMU,143,1144,-440,8412,-106,63,57
22077,IMU,144,1064,-504,8412,-108,50,24
22094,IMU,145,1044,-432,8420,-108,49,34
22113,IMU,146,1164,-300,8440,-101,51,31
22132,IMU,147,1072,-428,8436,-100,65,39
22152,IMU,148,1084,-424,8416,-96,58,51
22171,IMU,149,1160,-392,8404,-91,54,44
22190,IMU,150,1092,-464,8432,-93,51,45
22209,IMU,151,1088,-416,8456,-100,61,48
22228,IMU,152,1120,-496,8456,-106,74,29
22247,IMU,153,1064,-420,8336,-104,53,46
22267,IMU,154,1128,-460,8404,-100,59,43
22289,IMU,155,1096,-456,8436,-90,73,34
22305,IMU,156,1108,-412,8444,-105,61,25
22324,IMU,157,1100,-360,8416,-100,54,24
22343,IMU,158,1188,-424,8404,-115,53,69
22362,IMU,159,1104,-424,8280,-96,56,44
22382,IMU,160,1028,-400,8420,-94,55,40
22401,IMU,161,1124,-472,8368,-95,36,29
22420,IMU,162,1140,-368,8436,-74,78,47
22439,IMU,163,1184,-420,8480,-83,59,46
22458,IMU,164,1020,-472,8388,-100,54,40
22477,IMU,165,1080,-340,8348,-94,49,43
22496,IMU,166,1124,-428,8480,-97,58,38
22517,IMU,167,1092,-420,8388,-86,57,45
22535,IMU,168,1044,-432,8404,-100,71,42
22554,IMU,169,1116,-480,8488,-97,56,34
22573,IMU,170,1044,-388,8400,-96,58,30
22592,IMU,171,1112,-344,8468,-92,59,37
22612,IMU,172,1072,-452,8424,-95,59,38
22631,IMU,173,1012,-448,8416,-106,65,39
22650,IMU,174,1096,-356,8460,-95,58,43
22669,IMU,175,1112,-320,8440,-108,65,34
22688,IMU,176,1088,-424,8324,-97,81,46
22707,IMU,177,1140,-384,8488,-103,46,36
22728,IMU,178,1052,-372,8440,-85,45,34
22745,IMU,179,1092,-348,8460,-97,63,36
22765,IMU,180,1108,-264,8476,-91,56,30
22784,IMU,181,996,-504,8488,-102,59,35
22803,IMU,182,1096,-380,8388,-97,50,37
22822,IMU,183,1100,-352,8400,-96,65,46
22841,IMU,184,1060,-368,8460,-105,69,34
22860,IMU,185,1140,-392,8408,-101,55,20
22879,IMU,186,1060,-452,8484,-93,56,26
22899,IMU,187,1148,-356,8400,-104,58,28
22918,IMU,188,1056,-384,8500,-100,42,56
22939,IMU,189,1152,-372,8440,-92,49,37
22958,IMU,190,1088,-436,8404,-94,63,42
22975,IMU,191,1080,-384,8408,-82,48,55
22994,IMU,192,992,-364,8444,-103,53,29
23013,IMU,193,1060,-484,8396,-100,61,38
23033,IMU,194,1064,-432,8372,-89,54,50
23052,IMU,195,1128,-456,8432,-99,73,28
23072,IMU,196,1068,-464,8408,-113,53,27
23090,IMU,197,1076,-444,8336,-96,56,41
23109,IMU,198,956,-416,8348,-107,54,30
23128,IMU,199,1040,-520,8404,-107,45,23
23147,IMU,200,1204,-416,8464,-85,60,58
23169,IMU,201,1076,-420,8348,-84,49,37
23185,IMU,202,1044,-360,8436,-81,45,45
23205,IMU,203,1080,-548,8348,-104,59,47
23224,IMU,204,1168,-448,8364,-88,48,29
23243,IMU,205,1216,-352,8408,-106,66,35
23262,IMU,206,1096,-384,8344,-111,49,30
23281,IMU,207,1060,-408,8352,-98,65,41
19307,ECG,0,0,0,0,0,0,0
19307,ECG,1,-1,0,0,0,0,0
19307,ECG,2,-6,0,0,0,0,0
19312,ECG,3,2,0,0,0,0,0
19312,ECG,4,6,0,0,0,0,0
19317,ECG,5,-17,0,0,0,0,0
19317,ECG,6,38,0,0,0,0,0
19317,ECG,7,-16,0,0,0,0,0
19322,ECG,8,-26,0,0,0,0,0
19322,ECG,9,151,0,0,0,0,0
19327,ECG,10,-2109,0,0,0,0,0
19327,ECG,11,-1850,0,0,0,0,0
19332,ECG,12,-36,0,0,0,0,0
19332,ECG,13,3394,0,0,0,0,0
19332,ECG,14,8729,0,0,0,0,0
19337,ECG,15,15156,0,0,0,0,0
19337,ECG,16,21689,0,0,0,0,0
19342,ECG,17,27397,0,0,0,0,0
19342,ECG,18,31311,0,0,0,0,0
19342,ECG,19,32011,0,0,0,0,0
19347,ECG,20,31810,0,0,0,0,0
19347,ECG,21,31610,0,0,0,0,0
19352,ECG,22,31343,0,0,0,0,0
19352,ECG,23,31109,0,0,0,0,0
19352,ECG,24,31019,0,0,0,0,0
19357,ECG,25,30731,0,0,0,0,0
19357,ECG,26,30591,0,0,0,0,0
19362,ECG,27,30395,0,0,0,0,0
19362,ECG,28,30195,0,0,0,0,0
19362,ECG,29,30019,0,0,0,0,0
19367,ECG,30,29827,0,0,0,0,0
19367,ECG,31,29638,0,0,0,0,0
19372,ECG,32,29451,0,0,0,0,0
19372,ECG,33,29266,0,0,0,0,0
19372,ECG,34,29082,0,0,0,0,0
19377,ECG,35,28900,0,0,0,0,0
19377,ECG,36,28718,0,0,0,0,0
19382,ECG,37,28358,0,0,0,0,0
19382,ECG,38,28180,0,0,0,0,0
19387,ECG,39,28002,0,0,0,0,0
19387,ECG,40,27826,0,0,0,0,0
19387,ECG,41,27651,0,0,0,0,0
19392,ECG,42,27478,0,0,0,0,0
19392,ECG,43,27305,0,0,0,0,0
19397,ECG,44,27133,0,0,0,0,0
19397,ECG,45,26963,0,0,0,0,0
19397,ECG,46,26793,0,0,0,0,0
19402,ECG,47,26625,0,0,0,0,0
19402,ECG,48,26457,0,0,0,0,0
19407,ECG,49,26291,0,0,0,0,0
19407,ECG,50,26126,0,0,0,0,0
19407,ECG,51,25961,0,0,0,0,0
19412,ECG,52,25798,0,0,0,0,0
19412,ECG,53,25636,0,0,0,0,0
19417,ECG,54,25475,0,0,0,0,0
19417,ECG,55,25314,0,0,0,0,0
19417,ECG,56,25155,0,0,0,0,0
19422,ECG,57,24997,0,0,0,0,0
19422,ECG,58,24840,0,0,0,0,0
19427,ECG,59,24683,0,0,0,0,0
19427,ECG,60,24528,0,0,0,0,0
19427,ECG,61,24374,0,0,0,0,0
19432,ECG,62,24221,0,0,0,0,0
19432,ECG,63,24068,0,0,0,0,0
19432,ECG,64,23917,0,0,0,0,0
19437,ECG,65,23766,0,0,0,0,0
19437,ECG,66,23617,0,0,0,0,0
19442,ECG,67,23468,0,0,0,0,0
19442,ECG,68,23321,0,0,0,0,0
19442,ECG,69,23174,0,0,0,0,0
19447,ECG,70,23028,0,0,0,0,0
19447,ECG,71,22883,0,0,0,0,0
19452,ECG,72,22739,0,0,0,0,0
19452,ECG,73,22596,0,0,0,0,0
19452,ECG,74,22454,0,0,0,0,0
19457,ECG,75,22313,0,0,0,0,0
19457,ECG,76,22172,0,0,0,0,0
19462,ECG,77,22033,0,0,0,0,0
19462,ECG,78,21894,0,0,0,0,0
19462,ECG,79,21756,0,0,0,0,0
19467,ECG,80,21619,0,0,0,0,0
19467,ECG,81,21483,0,0,0,0,0
19472,ECG,82,21348,0,0,0,0,0
19472,ECG,83,21214,0,0,0,0,0
19472,ECG,84,21080,0,0,0,0,0
19477,ECG,85,20948,0,0,0,0,0
19477,ECG,86,20816,0,0,0,0,0
19482,ECG,87,20555,0,0,0,0,0
19482,ECG,88,20425,0,0,0,0,0
19487,ECG,89,20297,0,0,0,0,0
19487,ECG,90,20169,0,0,0,0,0
19487,ECG,91,20042,0,0,0,0,0
19492,ECG,92,19916,0,0,0,0,0
19492,ECG,93,19790,0,0,0,0,0
19497,ECG,94,19666,0,0,0,0,0
19497,ECG,95,19542,0,0,0,0,0
19497,ECG,96,19419,0,0,0,0,0
19502,ECG,97,19297,0,0,0,0,0
19502,ECG,98,19175,0,0,0,0,0
19507,ECG,99,19055,0,0,0,0,0
19507,ECG,100,18935,0,0,0,0,0
19507,ECG,101,18815,0,0,0,0,0
19512,ECG,102,18697,0,0,0,0,0
19512,ECG,103,18579,0,0,0,0,0
19517,ECG,104,18462,0,0,0,0,0
19517,ECG,105,18346,0,0,0,0,0
19517,ECG,106,18230,0,0,0,0,0
19522,ECG,107,18116,0,0,0,0,0
19522,ECG,108,18002,0,0,0,0,0
19527,ECG,109,17888,0,0,0,0,0
19527,ECG,110,17775,0,0,0,0,0
19527,ECG,111,17663,0,0,0,0,0
19532,ECG,112,17552,0,0,0,0,0
19532,ECG,113,17442,0,0,0,0,0
19532,ECG,114,17332,0,0,0,0,0
19537,ECG,115,17222,0,0,0,0,0
19537,ECG,116,17114,0,0,0,0,0
19542,ECG,117,17006,0,0,0,0,0
19542,ECG,118,16899,0,0,0,0,0
19542,ECG,119,16792,0,0,0,0,0
19547,ECG,120,16687,0,0,0,0,0
19547,ECG,121,16581,0,0,0,0,0
19552,ECG,122,16477,0,0,0,0,0
19552,ECG,123,16373,0,0,0,0,0
19552,ECG,124,16270,0,0,0,0,0
19557,ECG,125,16167,0,0,0,0,0
19557,ECG,126,16065,0,0,0,0,0
19562,ECG,127,15964,0,0,0,0,0
19562,ECG,128,15864,0,0,0,0,0
19562,ECG,129,15764,0,0,0,0,0
19567,ECG,130,15664,0,0,0,0,0
19567,ECG,131,15566,0,0,0,0,0
19572,ECG,132,15467,0,0,0,0,0
19572,ECG,133,15370,0,0,0,0,0
19572,ECG,134,15273,0,0,0,0,0
19577,ECG,135,15177,0,0,0,0,0
19577,ECG,136,15081,0,0,0,0,0
19582,ECG,137,14891,0,0,0,0,0
19582,ECG,138,14797,0,0,0,0,0
19587,ECG,139,14704,0,0,0,0,0
19587,ECG,140,14611,0,0,0,0,0
19587,ECG,141,14519,0,0,0,0,0
19592,ECG,142,14428,0,0,0,0,0
19592,ECG,143,14337,0,0,0,0,0
19597,ECG,144,14246,0,0,0,0,0
19597,ECG,145,14156,0,0,0,0,0
19597,ECG,146,14067,0,0,0,0,0
19602,ECG,147,13978,0,0,0,0,0
19602,ECG,148,13890,0,0,0,0,0
19607,ECG,149,13802,0,0,0,0,0
19607,ECG,150,13715,0,0,0,0,0
19607,ECG,151,13629,0,0,0,0,0
19612,ECG,152,13543,0,0,0,0,0
19612,ECG,153,13457,0,0,0,0,0
19617,ECG,154,13372,0,0,0,0,0
19617,ECG,155,13288,0,0,0,0,0
19617,ECG,156,13204,0,0,0,0,0
19622,ECG,157,13121,0,0,0,0,0
19622,ECG,158,13038,0,0,0,0,0
19627,ECG,159,12874,0,0,0,0,0
19627,ECG,160,12793,0,0,0,0,0
19632,ECG,161,12712,0,0,0,0,0
19632,ECG,162,12632,0,0,0,0,0
19632,ECG,163,12552,0,0,0,0,0
19637,ECG,164,12473,0,0,0,0,0
19637,ECG,165,12394,0,0,0,0,0
19642,ECG,166,12316,0,0,0,0,0
19642,ECG,167,12238,0,0,0,0,0
19642,ECG,168,12161,0,0,0,0,0
19647,ECG,169,12084,0,0,0,0,0
19647,ECG,170,12008,0,0,0,0,0
19652,ECG,171,11932,0,0,0,0,0
19652,ECG,172,11857,0,0,0,0,0
19652,ECG,173,11782,0,0,0,0,0
19657,ECG,174,11707,0,0,0,0,0
19657,ECG,175,11633,0,0,0,0,0
19662,ECG,176,11560,0,0,0,0,0
19662,ECG,177,11487,0,0,0,0,0
19662,ECG,178,11414,0,0,0,0,0
19667,ECG,179,11342,0,0,0,0,0
19667,ECG,180,11271,0,0,0,0,0
19672,ECG,181,11199,0,0,0,0,0
19672,ECG,182,11129,0,0,0,0,0
19672,ECG,183,11058,0,0,0,0,0
19677,ECG,184,10988,0,0,0,0,0
19677,ECG,185,10919,0,0,0,0,0
19682,ECG,186,10781,0,0,0,0,0
19682,ECG,187,10713,0,0,0,0,0
19687,ECG,188,10645,0,0,0,0,0
19687,ECG,189,10578,0,0,0,0,0
19687,ECG,190,10511,0,0,0,0,0
19692,ECG,191,10445,0,0,0,0,0
19692,ECG,192,10379,0,0,0,0,0
19697,ECG,193,10313,0,0,0,0,0
19697,ECG,194,10248,0,0,0,0,0
19697,ECG,195,10183,0,0,0,0,0
19702,ECG,196,10118,0,0,0,0,0
19702,ECG,197,10054,0,0,0,0,0
19707,ECG,198,9991,0,0,0,0,0
19707,ECG,199,9928,0,0,0,0,0
19707,ECG,200,9865,0,0,0,0,0
19712,ECG,201,9802,0,0,0,0,0
19712,ECG,202,9740,0,0,0,0,0
19717,ECG,203,9679,0,0,0,0,0
19717,ECG,204,9617,0,0,0,0,0
19717,ECG,205,9557,0,0,0,0,0
19722,ECG,206,9496,0,0,0,0,0
19722,ECG,207,9436,0,0,0,0,0
19727,ECG,208,9317,0,0,0,0,0
19727,ECG,209,9258,0,0,0,0,0
19732,ECG,210,9200,0,0,0,0,0
19732,ECG,211,9141,0,0,0,0,0
19732,ECG,212,9083,0,0,0,0,0
19737,ECG,213,9026,0,0,0,0,0
19737,ECG,214,8969,0,0,0,0,0
19742,ECG,215,8912,0,0,0,0,0
19742,ECG,216,8855,0,0,0,0,0
19742,ECG,217,8799,0,0,0,0,0
19747,ECG,218,8744,0,0,0,0,0
19747,ECG,219,8688,0,0,0,0,0
19752,ECG,220,8633,0,0,0,0,0
19752,ECG,221,8578,0,0,0,0,0
19752,ECG,222,8524,0,0,0,0,0
19757,ECG,223,8470,0,0,0,0,0
19757,ECG,224,8416,0,0,0,0,0
19762,ECG,225,8363,0,0,0,0,0
19762,ECG,226,8310,0,0,0,0,0
19762,ECG,227,8257,0,0,0,0,0
19767,ECG,228,8205,0,0,0,0,0
19767,ECG,229,8153,0,0,0,0,0
19772,ECG,230,8101,0,0,0,0,0
19772,ECG,231,8050,0,0,0,0,0
19772,ECG,232,7999,0,0,0,0,0
19777,ECG,233,7948,0,0,0,0,0
19777,ECG,234,7898,0,0,0,0,0
19782,ECG,235,7798,0,0,0,0,0
19782,ECG,236,7749,0,0,0,0,0
19787,ECG,237,7699,0,0,0,0,0
19787,ECG,238,7651,0,0,0,0,0
19787,ECG,239,7602,0,0,0,0,0
19792,ECG,240,7554,0,0,0,0,0
19792,ECG,241,7506,0,0,0,0,0
19797,ECG,242,7458,0,0,0,0,0
19797,ECG,243,7411,0,0,0,0,0
19797,ECG,244,7364,0,0,0,0,0
19802,ECG,245,7317,0,0,0,0,0
19802,ECG,246,7271,0,0,0,0,0
19807,ECG,247,7224,0,0,0,0,0
19807,ECG,248,7178,0,0,0,0,0
19807,ECG,249,7133,0,0,0,0,0
19812,ECG,250,7088,0,0,0,0,0
19812,ECG,251,7043,0,0,0,0,0
19817,ECG,252,6998,0,0,0,0,0
19817,ECG,253,6953,0,0,0,0,0
19817,ECG,254,6909,0,0,0,0,0
19822,ECG,255,6865,0,0,0,0,0
19822,ECG,256,6821,0,0,0,0,0
19827,ECG,257,6778,0,0,0,0,0
19827,ECG,258,6735,0,0,0,0,0
19827,ECG,259,6692,0,0,0,0,0
19832,ECG,260,6650,0,0,0,0,0
19832,ECG,261,6608,0,0,0,0,0
19832,ECG,262,6566,0,0,0,0,0
19837,ECG,263,6524,0,0,0,0,0
19837,ECG,264,6482,0,0,0,0,0
19842,ECG,265,6441,0,0,0,0,0
19842,ECG,266,6400,0,0,0,0,0
19842,ECG,267,6359,0,0,0,0,0
19847,ECG,268,6319,0,0,0,0,0
19847,ECG,269,6279,0,0,0,0,0
19852,ECG,270,6239,0,0,0,0,0
19852,ECG,271,6199,0,0,0,0,0
19852,ECG,272,6159,0,0,0,0,0
19857,ECG,273,6120,0,0,0,0,0
19857,ECG,274,6081,0,0,0,0,0
19862,ECG,275,6042,0,0,0,0,0
19862,ECG,276,6004,0,0,0,0,0
19862,ECG,277,5966,0,0,0,0,0
19867,ECG,278,5928,0,0,0,0,0
19867,ECG,279,5890,0,0,0,0,0
19872,ECG,280,5852,0,0,0,0,0
19872,ECG,281,5815,0,0,0,0,0
19872,ECG,282,5778,0,0,0,0,0
19877,ECG,283,5741,0,0,0,0,0
19877,ECG,284,5705,0,0,0,0,0
19882,ECG,285,5632,0,0,0,0,0
19882,ECG,286,5596,0,0,0,0,0
19887,ECG,287,5561,0,0,0,0,0
19887,ECG,288,5525,0,0,0,0,0
19887,ECG,289,5490,0,0,0,0,0
19892,ECG,290,5455,0,0,0,0,0
19892,ECG,291,5420,0,0,0,0,0
19897,ECG,292,5386,0,0,0,0,0
19897,ECG,293,5351,0,0,0,0,0
19897,ECG,294,5317,0,0,0,0,0
19902,ECG,295,5283,0,0,0,0,0
19902,ECG,296,5249,0,0,0,0,0
19907,ECG,297,5216,0,0,0,0,0
19907,ECG,298,5183,0,0,0,0,0
19907,ECG,299,5150,0,0,0,0,0
19912,ECG,300,5117,0,0,0,0,0
19912,ECG,301,5084,0,0,0,0,0
19917,ECG,302,5051,0,0,0,0,0
19917,ECG,303,5019,0,0,0,0,0
19917,ECG,304,4987,0,0,0,0,0
19922,ECG,305,4955,0,0,0,0,0
19922,ECG,306,4924,0,0,0,0,0
19927,ECG,307,4861,0,0,0,0,0
19927,ECG,308,4830,0,0,0,0,0
19932,ECG,309,4799,0,0,0,0,0
19932,ECG,310,4768,0,0,0,0,0
19932,ECG,311,4738,0,0,0,0,0
19937,ECG,312,4707,0,0,0,0,0
19937,ECG,313,4677,0,0,0,0,0
19942,ECG,314,4647,0,0,0,0,0
19942,ECG,315,4618,0,0,0,0,0
19942,ECG,316,4588,0,0,0,0,0
19947,ECG,317,4559,0,0,0,0,0
19947,ECG,318,4530,0,0,0,0,0
19952,ECG,319,4501,0,0,0,0,0
19952,ECG,320,4472,0,0,0,0,0
19952,ECG,321,4443,0,0,0,0,0
19957,ECG,322,4415,0,0,0,0,0
19957,ECG,323,4386,0,0,0,0,0
19962,ECG,324,4358,0,0,0,0,0
19962,ECG,325,4330,0,0,0,0,0
19962,ECG,326,4303,0,0,0,0,0
19967,ECG,327,4275,0,0,0,0,0
19967,ECG,328,4248,0,0,0,0,0
19972,ECG,329,4220,0,0,0,0,0
19972,ECG,330,4193,0,0,0,0,0
19972,ECG,331,4166,0,0,0,0,0
19977,ECG,332,4140,0,0,0,0,0
19977,ECG,333,4113,0,0,0,0,0
19982,ECG,334,4060,0,0,0,0,0
19982,ECG,335,4034,0,0,0,0,0
19987,ECG,336,4008,0,0,0,0,0
19987,ECG,337,3983,0,0,0,0,0
19987,ECG,338,3957,0,0,0,0,0
19992,ECG,339,3932,0,0,0,0,0
19992,ECG,340,3906,0,0,0,0,0
19997,ECG,341,3881,0,0,0,0,0
19997,ECG,342,3856,0,0,0,0,0
19997,ECG,343,3832,0,0,0,0,0
20002,ECG,344,3807,0,0,0,0,0
20002,ECG,345,3782,0,0,0,0,0
20007,ECG,346,3758,0,0,0,0,0
20007,ECG,347,3734,0,0,0,0,0
20007,ECG,348,3710,0,0,0,0,0
20012,ECG,349,3686,0,0,0,0,0
20012,ECG,350,3662,0,0,0,0,0
20017,ECG,351,3639,0,0,0,0,0
20017,ECG,352,3615,0,0,0,0,0
20017,ECG,353,3592,0,0,0,0,0
20022,ECG,354,3569,0,0,0,0,0
20022,ECG,355,3546,0,0,0,0,0
20027,ECG,356,3500,0,0,0,0,0
20027,ECG,357,3478,0,0,0,0,0
20032,ECG,358,3455,0,0,0,0,0
20032,ECG,359,3433,0,0,0,0,0
20032,ECG,360,3411,0,0,0,0,0
20037,ECG,361,3389,0,0,0,0,0
20037,ECG,362,3367,0,0,0,0,0
20042,ECG,363,3345,0,0,0,0,0
20042,ECG,364,3324,0,0,0,0,0
20042,ECG,365,3302,0,0,0,0,0
20047,ECG,366,3281,0,0,0,0,0
20047,ECG,367,3260,0,0,0,0,0
20052,ECG,368,3239,0,0,0,0,0
20052,ECG,369,3218,0,0,0,0,0
20052,ECG,370,3197,0,0,0,0,0
20057,ECG,371,3176,0,0,0,0,0
20057,ECG,372,3156,0,0,0,0,0
20062,ECG,373,3135,0,0,0,0,0
20062,ECG,374,3115,0,0,0,0,0
20062,ECG,375,3095,0,0,0,0,0
20067,ECG,376,3075,0,0,0,0,0
20067,ECG,377,3055,0,0,0,0,0
20072,ECG,378,3015,0,0,0,0,0
20072,ECG,379,2996,0,0,0,0,0
20077,ECG,380,2976,0,0,0,0,0
20077,ECG,381,2957,0,0,0,0,0
20077,ECG,382,2938,0,0,0,0,0
20082,ECG,383,2919,0,0,0,0,0
20082,ECG,384,2900,0,0,0,0,0
20087,ECG,385,2881,0,0,0,0,0
20087,ECG,386,2862,0,0,0,0,0
20087,ECG,387,2844,0,0,0,0,0
20094,ECG,388,2825,0,0,0,0,0
20094,ECG,389,2807,0,0,0,0,0
20094,ECG,390,2789,0,0,0,0,0
20099,ECG,391,2771,0,0,0,0,0
20099,ECG,392,2753,0,0,0,0,0
20099,ECG,393,2735,0,0,0,0,0
20104,ECG,394,2717,0,0,0,0,0
20104,ECG,395,2700,0,0,0,0,0
20109,ECG,396,2682,0,0,0,0,0
20109,ECG,397,2665,0,0,0,0,0
20109,ECG,398,2647,0,0,0,0,0
20114,ECG,399,2630,0,0,0,0,0
20114,ECG,400,2613,0,0,0,0,0
20119,ECG,401,2596,0,0,0,0,0
20119,ECG,402,2579,0,0,0,0,0
20119,ECG,403,2562,0,0,0,0,0
20124,ECG,404,2546,0,0,0,0,0
20124,ECG,405,2529,0,0,0,0,0
20129,ECG,406,2496,0,0,0,0,0
20129,ECG,407,2480,0,0,0,0,0
20134,ECG,408,2464,0,0,0,0,0
20134,ECG,409,2448,0,0,0,0,0
20134,ECG,410,2432,0,0,0,0,0
20139,ECG,411,2416,0,0,0,0,0
20139,ECG,412,2400,0,0,0,0,0
20144,ECG,413,2385,0,0,0,0,0
20144,ECG,414,2369,0,0,0,0,0
20144,ECG,415,2354,0,0,0,0,0
20149,ECG,416,2338,0,0,0,0,0
20149,ECG,417,2323,0,0,0,0,0
20154,ECG,418,2308,0,0,0,0,0
20154,ECG,419,2293,0,0,0,0,0
20154,ECG,420,2278,0,0,0,0,0
20159,ECG,421,2263,0,0,0,0,0
20159,ECG,422,2248,0,0,0,0,0
20164,ECG,423,2233,0,0,0,0,0
20164,ECG,424,2219,0,0,0,0,0
20164,ECG,425,2204,0,0,0,0,0
20169,ECG,426,2190,0,0,0,0,0
20169,ECG,427,2176,0,0,0,0,0
20174,ECG,428,2147,0,0,0,0,0
20174,ECG,429,2133,0,0,0,0,0
20179,ECG,430,2119,0,0,0,0,0
20179,ECG,431,2105,0,0,0,0,0
20179,ECG,432,2091,0,0,0,0,0
20184,ECG,433,2078,0,0,0,0,0
20184,ECG,434,2064,0,0,0,0,0
20189,ECG,435,2050,0,0,0,0,0
20189,ECG,436,2037,0,0,0,0,0
20189,ECG,437,2023,0,0,0,0,0
20194,ECG,438,2010,0,0,0,0,0
20194,ECG,439,1997,0,0,0,0,0
21200,ECG,440,0,0,0,0,0,0
21200,ECG,441,-1,0,0,0,0,0
21200,ECG,442,-6,0,0,0,0,0
21205,ECG,443,2,0,0,0,0,0
21205,ECG,444,6,0,0,0,0,0
21210,ECG,445,-17,0,0,0,0,0
21210,ECG,446,38,0,0,0,0,0
21210,ECG,447,-16,0,0,0,0,0
21215,ECG,448,-26,0,0,0,0,0
21215,ECG,449,151,0,0,0,0,0
21220,ECG,450,-753,0,0,0,0,0
21220,ECG,451,-2109,0,0,0,0,0
21220,ECG,452,-1850,0,0,0,0,0
21225,ECG,453,-36,0,0,0,0,0
21225,ECG,454,3394,0,0,0,0,0
21230,ECG,455,15156,0,0,0,0,0
21230,ECG,456,21689,0,0,0,0,0
21235,ECG,457,27397,0,0,0,0,0
21235,ECG,458,31311,0,0,0,0,0
21235,ECG,459,32011,0,0,0,0,0
21240,ECG,460,31810,0,0,0,0,0
21240,ECG,461,31610,0,0,0,0,0
21245,ECG,462,31343,0,0,0,0,0
21245,ECG,463,31109,0,0,0,0,0
21245,ECG,464,31019,0,0,0,0,0
21250,ECG,465,30731,0,0,0,0,0
21250,ECG,466,30591,0,0,0,0,0
21255,ECG,467,30395,0,0,0,0,0
21255,ECG,468,30195,0,0,0,0,0
21255,ECG,469,30019,0,0,0,0,0
21260,ECG,470,29827,0,0,0,0,0
21260,ECG,471,29638,0,0,0,0,0
21265,ECG,472,29451,0,0,0,0,0
21265,ECG,473,29266,0,0,0,0,0
21265,ECG,474,29082,0,0,0,0,0
21270,ECG,475,28900,0,0,0,0,0
21270,ECG,476,28718,0,0,0,0,0
21275,ECG,477,28358,0,0,0,0,0
21275,ECG,478,28180,0,0,0,0,0
21280,ECG,479,28002,0,0,0,0,0
21280,ECG,480,27826,0,0,0,0,0
21280,ECG,481,27651,0,0,0,0,0
21285,ECG,482,27478,0,0,0,0,0
21285,ECG,483,27305,0,0,0,0,0
21290,ECG,484,27133,0,0,0,0,0
21290,ECG,485,26963,0,0,0,0,0
21290,ECG,486,26793,0,0,0,0,0
21295,ECG,487,26625,0,0,0,0,0
21295,ECG,488,26457,0,0,0,0,0
21300,ECG,489,26291,0,0,0,0,0
21300,ECG,490,26126,0,0,0,0,0
21300,ECG,491,25961,0,0,0,0,0
21305,ECG,492,25798,0,0,0,0,0
21305,ECG,493,25636,0,0,0,0,0
21310,ECG,494,25475,0,0,0,0,0
21310,ECG,495,25314,0,0,0,0,0
21310,ECG,496,25155,0,0,0,0,0
21315,ECG,497,24997,0,0,0,0,0
21315,ECG,498,24840,0,0,0,0,0
21320,ECG,499,24683,0,0,0,0,0
21320,ECG,500,24528,0,0,0,0,0
21320,ECG,501,24374,0,0,0,0,0
21325,ECG,502,24221,0,0,0,0,0
21325,ECG,503,24068,0,0,0,0,0
21330,ECG,504,23766,0,0,0,0,0
21330,ECG,505,23617,0,0,0,0,0
21335,ECG,506,23468,0,0,0,0,0
21335,ECG,507,23321,0,0,0,0,0
21335,ECG,508,23174,0,0,0,0,0
21340,ECG,509,23028,0,0,0,0,0
21340,ECG,510,22883,0,0,0,0,0
21345,ECG,511,22739,0,0,0,0,0
21345,ECG,512,22596,0,0,0,0,0
21345,ECG,513,22454,0,0,0,0,0
21350,ECG,514,22313,0,0,0,0,0
21350,ECG,515,22172,0,0,0,0,0
21355,ECG,516,22033,0,0,0,0,0
21355,ECG,517,21894,0,0,0,0,0
21355,ECG,518,21756,0,0,0,0,0
21360,ECG,519,21619,0,0,0,0,0
21360,ECG,520,21483,0,0,0,0,0
21365,ECG,521,21348,0,0,0,0,0
21365,ECG,522,21214,0,0,0,0,0
21365,ECG,523,21080,0,0,0,0,0
21370,ECG,524,20948,0,0,0,0,0
21370,ECG,525,20816,0,0,0,0,0
21375,ECG,526,20555,0,0,0,0,0
21375,ECG,527,20425,0,0,0,0,0
21380,ECG,528,20297,0,0,0,0,0
21380,ECG,529,20169,0,0,0,0,0
21380,ECG,530,20042,0,0,0,0,0
21385,ECG,531,19916,0,0,0,0,0
21385,ECG,532,19790,0,0,0,0,0
21390,ECG,533,19666,0,0,0,0,0
21390,ECG,534,19542,0,0,0,0,0
21390,ECG,535,19419,0,0,0,0,0
21395,ECG,536,19297,0,0,0,0,0
21395,ECG,537,19175,0,0,0,0,0
21400,ECG,538,19055,0,0,0,0,0
21400,ECG,539,18935,0,0,0,0,0
21400,ECG,540,18815,0,0,0,0,0
21405,ECG,541,18697,0,0,0,0,0
21405,ECG,542,18579,0,0,0,0,0
21410,ECG,543,18462,0,0,0,0,0
21410,ECG,544,18346,0,0,0,0,0
21410,ECG,545,18230,0,0,0,0,0
21415,ECG,546,18116,0,0,0,0,0
21415,ECG,547,18002,0,0,0,0,0
21420,ECG,548,17888,0,0,0,0,0
21420,ECG,549,17775,0,0,0,0,0
21420,ECG,550,17663,0,0,0,0,0
21425,ECG,551,17552,0,0,0,0,0
21425,ECG,552,17442,0,0,0,0,0
21425,ECG,553,17332,0,0,0,0,0
21430,ECG,554,17222,0,0,0,0,0
21430,ECG,555,17114,0,0,0,0,0
21435,ECG,556,17006,0,0,0,0,0
21435,ECG,557,16899,0,0,0,0,0
21435,ECG,558,16792,0,0,0,0,0
21440,ECG,559,16687,0,0,0,0,0
21440,ECG,560,16581,0,0,0,0,0
21445,ECG,561,16477,0,0,0,0,0
21445,ECG,562,16373,0,0,0,0,0
21445,ECG,563,16270,0,0,0,0,0
21450,ECG,564,16167,0,0,0,0,0
21450,ECG,565,16065,0,0,0,0,0
21455,ECG,566,15964,0,0,0,0,0
21455,ECG,567,15864,0,0,0,0,0
21455,ECG,568,15764,0,0,0,0,0
21460,ECG,569,15664,0,0,0,0,0
21460,ECG,570,15566,0,0,0,0,0
21465,ECG,571,15467,0,0,0,0,0
21465,ECG,572,15370,0,0,0,0,0
21465,ECG,573,15273,0,0,0,0,0
21470,ECG,574,15177,0,0,0,0,0
21470,ECG,575,15081,0,0,0,0,0
21475,ECG,576,14891,0,0,0,0,0
21475,ECG,577,14797,0,0,0,0,0
21480,ECG,578,14704,0,0,0,0,0
21480,ECG,579,14611,0,0,0,0,0
21480,ECG,580,14519,0,0,0,0,0
21485,ECG,581,14428,0,0,0,0,0
21485,ECG,582,14337,0,0,0,0,0
21490,ECG,583,14246,0,0,0,0,0
21490,ECG,584,14156,0,0,0,0,0
21490,ECG,585,14067,0,0,0,0,0
21495,ECG,586,13978,0,0,0,0,0
21495,ECG,587,13890,0,0,0,0,0
21500,ECG,588,13802,0,0,0,0,0
21500,ECG,589,13715,0,0,0,0,0
21500,ECG,590,13629,0,0,0,0,0
21505,ECG,591,13543,0,0,0,0,0
21505,ECG,592,13457,0,0,0,0,0
21510,ECG,593,13372,0,0,0,0,0
21510,ECG,594,13288,0,0,0,0,0
21510,ECG,595,13204,0,0,0,0,0
21515,ECG,596,13121,0,0,0,0,0
21515,ECG,597,13038,0,0,0,0,0
21520,ECG,598,12874,0,0,0,0,0
21520,ECG,599,12793,0,0,0,0,0
21525,ECG,600,12712,0,0,0,0,0
21525,ECG,601,12632,0,0,0,0,0
21525,ECG,602,12552,0,0,0,0,0
21530,ECG,603,12473,0,0,0,0,0
21530,ECG,604,12394,0,0,0,0,0
21535,ECG,605,12316,0,0,0,0,0
21535,ECG,606,12238,0,0,0,0,0
21535,ECG,607,12161,0,0,0,0,0
21540,ECG,608,12084,0,0,0,0,0
21540,ECG,609,12008,0,0,0,0,0
21545,ECG,610,11932,0,0,0,0,0
21545,ECG,611,11857,0,0,0,0,0
21545,ECG,612,11782,0,0,0,0,0
21550,ECG,613,11707,0,0,0,0,0
21550,ECG,614,11633,0,0,0,0,0
21555,ECG,615,11560,0,0,0,0,0
21555,ECG,616,11487,0,0,0,0,0
21555,ECG,617,11414,0,0,0,0,0
21560,ECG,618,11342,0,0,0,0,0
21560,ECG,619,11271,0,0,0,0,0
21565,ECG,620,11199,0,0,0,0,0
21565,ECG,621,11129,0,0,0,0,0
21565,ECG,622,11058,0,0,0,0,0
21570,ECG,623,10988,0,0,0,0,0
21570,ECG,624,10919,0,0,0,0,0
21575,ECG,625,10781,0,0,0,0,0
21575,ECG,626,10713,0,0,0,0,0
21580,ECG,627,10645,0,0,0,0,0
21580,ECG,628,10578,0,0,0,0,0
21580,ECG,629,10511,0,0,0,0,0
21585,ECG,630,10445,0,0,0,0,0
21585,ECG,631,10379,0,0,0,0,0
21590,ECG,632,10313,0,0,0,0,0
21590,ECG,633,10248,0,0,0,0,0
21590,ECG,634,10183,0,0,0,0,0
21595,ECG,635,10118,0,0,0,0,0
21595,ECG,636,10054,0,0,0,0,0
22601,ECG,637,0,0,0,0,0,0
22601,ECG,638,-1,0,0,0,0,0
22601,ECG,639,-6,0,0,0,0,0
22606,ECG,640,2,0,0,0,0,0
22606,ECG,641,6,0,0,0,0,0
22611,ECG,642,-17,0,0,0,0,0
22611,ECG,643,38,0,0,0,0,0
22611,ECG,644,-16,0,0,0,0,0
22616,ECG,645,-26,0,0,0,0,0
22616,ECG,646,151,0,0,0,0,0
22621,ECG,647,-2109,0,0,0,0,0
22621,ECG,648,-1850,0,0,0,0,0
22626,ECG,649,-36,0,0,0,0,0
22626,ECG,650,3394,0,0,0,0,0
22626,ECG,651,8729,0,0,0,0,0
22631,ECG,652,15156,0,0,0,0,0
22631,ECG,653,21689,0,0,0,0,0
22636,ECG,654,27397,0,0,0,0,0
22636,ECG,655,31311,0,0,0,0,0
22636,ECG,656,32011,0,0,0,0,0
22641,ECG,657,31810,0,0,0,0,0
22641,ECG,658,31610,0,0,0,0,0
22646,ECG,659,31343,0,0,0,0,0
22646,ECG,660,31109,0,0,0,0,0
22646,ECG,661,31019,0,0,0,0,0
22651,ECG,662,30731,0,0,0,0,0
22651,ECG,663,30591,0,0,0,0,0
22656,ECG,664,30395,0,0,0,0,0
22656,ECG,665,30195,0,0,0,0,0
22656,ECG,666,30019,0,0,0,0,0
22661,ECG,667,29827,0,0,0,0,0
22661,ECG,668,29638,0,0,0,0,0
22666,ECG,669,29451,0,0,0,0,0
22666,ECG,670,29266,0,0,0,0,0
22666,ECG,671,29082,0,0,0,0,0
22671,ECG,672,28900,0,0,0,0,0
22671,ECG,673,28718,0,0,0,0,0
22676,ECG,674,28358,0,0,0,0,0
22676,ECG,675,28180,0,0,0,0,0
22681,ECG,676,28002,0,0,0,0,0
22681,ECG,677,27826,0,0,0,0,0
22681,ECG,678,27651,0,0,0,0,0
22686,ECG,679,27478,0,0,0,0,0
22686,ECG,680,27305,0,0,0,0,0
22691,ECG,681,27133,0,0,0,0,0
22691,ECG,682,26963,0,0,0,0,0
22691,ECG,683,26793,0,0,0,0,0
22696,ECG,684,26625,0,0,0,0,0
22696,ECG,685,26457,0,0,0,0,0
22701,ECG,686,26291,0,0,0,0,0
22701,ECG,687,26126,0,0,0,0,0
22701,ECG,688,25961,0,0,0,0,0
22706,ECG,689,25798,0,0,0,0,0
22706,ECG,690,25636,0,0,0,0,0
22711,ECG,691,25475,0,0,0,0,0
22711,ECG,692,25314,0,0,0,0,0
22711,ECG,693,25155,0,0,0,0,0
22716,ECG,694,24997,0,0,0,0,0
22716,ECG,695,24840,0,0,0,0,0
22721,ECG,696,24528,0,0,0,0,0
22721,ECG,697,24374,0,0,0,0,0
22726,ECG,698,24221,0,0,0,0,0
22726,ECG,699,24068,0,0,0,0,0
22726,ECG,700,23917,0,0,0,0,0
22731,ECG,701,23766,0,0,0,0,0
22731,ECG,702,23617,0,0,0,0,0
22736,ECG,703,23468,0,0,0,0,0
22736,ECG,704,23321,0,0,0,0,0
22736,ECG,705,23174,0,0,0,0,0
22741,ECG,706,23028,0,0,0,0,0
22741,ECG,707,22883,0,0,0,0,0
22746,ECG,708,22739,0,0,0,0,0
22746,ECG,709,22596,0,0,0,0,0
22746,ECG,710,22454,0,0,0,0,0
22751,ECG,711,22313,0,0,0,0,0
22751,ECG,712,22172,0,0,0,0,0
22756,ECG,713,22033,0,0,0,0,0
22756,ECG,714,21894,0,0,0,0,0
22756,ECG,715,21756,0,0,0,0,0
22761,ECG,716,21619,0,0,0,0,0
22761,ECG,717,21483,0,0,0,0,0
22766,ECG,718,21348,0,0,0,0,0
22766,ECG,719,21214,0,0,0,0,0
22766,ECG,720,21080,0,0,0,0,0
22771,ECG,721,20948,0,0,0,0,0
22771,ECG,722,20816,0,0,0,0,0
22776,ECG,723,20555,0,0,0,0,0
22776,ECG,724,20425,0,0,0,0,0
22781,ECG,725,20297,0,0,0,0,0
22781,ECG,726,20169,0,0,0,0,0
22781,ECG,727,20042,0,0,0,0,0
22786,ECG,728,19916,0,0,0,0,0
22786,ECG,729,19790,0,0,0,0,0
22791,ECG,730,19666,0,0,0,0,0
22791,ECG,731,19542,0,0,0,0,0
22791,ECG,732,19419,0,0,0,0,0
22796,ECG,733,19297,0,0,0,0,0
22796,ECG,734,19175,0,0,0,0,0
22801,ECG,735,19055,0,0,0,0,0
22801,ECG,736,18935,0,0,0,0,0
22801,ECG,737,18815,0,0,0,0,0
22806,ECG,738,18697,0,0,0,0,0
22806,ECG,739,18579,0,0,0,0,0
22811,ECG,740,18462,0,0,0,0,0
22811,ECG,741,18346,0,0,0,0,0
22811,ECG,742,18230,0,0,0,0,0
22816,ECG,743,18116,0,0,0,0,0
22816,ECG,744,18002,0,0,0,0,0
22821,ECG,745,17775,0,0,0,0,0
22821,ECG,746,17663,0,0,0,0,0
22826,ECG,747,17552,0,0,0,0,0
22826,ECG,748,17442,0,0,0,0,0
22826,ECG,749,17332,0,0,0,0,0
22831,ECG,750,17222,0,0,0,0,0
22831,ECG,751,17114,0,0,0,0,0
22836,ECG,752,17006,0,0,0,0,0
22836,ECG,753,16899,0,0,0,0,0
22836,ECG,754,16792,0,0,0,0,0
22841,ECG,755,16687,0,0,0,0,0
22841,ECG,756,16581,0,0,0,0,0
22846,ECG,757,16477,0,0,0,0,0
22846,ECG,758,16373,0,0,0,0,0
22846,ECG,759,16270,0,0,0,0,0
22851,ECG,760,16167,0,0,0,0,0
22851,ECG,761,16065,0,0,0,0,0
22856,ECG,762,15964,0,0,0,0,0
22856,ECG,763,15864,0,0,0,0,0
22856,ECG,764,15764,0,0,0,0,0
22861,ECG,765,15664,0,0,0,0,0
22861,ECG,766,15566,0,0,0,0,0
22866,ECG,767,15370,0,0,0,0,0
22866,ECG,768,15273,0,0,0,0,0
22871,ECG,769,15177,0,0,0,0,0
22871,ECG,770,15081,0,0,0,0,0
22871,ECG,771,14986,0,0,0,0,0
22876,ECG,772,14891,0,0,0,0,0
22876,ECG,773,14797,0,0,0,0,0
22881,ECG,774,14704,0,0,0,0,0
22881,ECG,775,14611,0,0,0,0,0
22881,ECG,776,14519,0,0,0,0,0
22886,ECG,777,14428,0,0,0,0,0
22886,ECG,778,14337,0,0,0,0,0
22891,ECG,779,14246,0,0,0,0,0
22891,ECG,780,14156,0,0,0,0,0
22891,ECG,781,14067,0,0,0,0,0
22896,ECG,782,13978,0,0,0,0,0
22896,ECG,783,13890,0,0,0,0,0
22901,ECG,784,13802,0,0,0,0,0
22901,ECG,785,13715,0,0,0,0,0
22901,ECG,786,13629,0,0,0,0,0
22906,ECG,787,13543,0,0,0,0,0
22906,ECG,788,13457,0,0,0,0,0
22911,ECG,789,13372,0,0,0,0,0
22911,ECG,790,13288,0,0,0,0,0
22911,ECG,791,13204,0,0,0,0,0
22916,ECG,792,13121,0,0,0,0,0
22916,ECG,793,13038,0,0,0,0,0
22921,ECG,794,12874,0,0,0,0,0
22921,ECG,795,12793,0,0,0,0,0
22926,ECG,796,12712,0,0,0,0,0
22926,ECG,797,12632,0,0,0,0,0
22926,ECG,798,12552,0,0,0,0,0
22931,ECG,799,12473,0,0,0,0,0
22931,ECG,800,12394,0,0,0,0,0
22936,ECG,801,12316,0,0,0,0,0
22936,ECG,802,12238,0,0,0,0,0
22936,ECG,803,12161,0,0,0,0,0
22941,ECG,804,12084,0,0,0,0,0
22941,ECG,805,12008,0,0,0,0,0
22946,ECG,806,11932,0,0,0,0,0
22946,ECG,807,11857,0,0,0,0,0
22946,ECG,808,11782,0,0,0,0,0
22951,ECG,809,11707,0,0,0,0,0
22951,ECG,810,11633,0,0,0,0,0
22956,ECG,811,11560,0,0,0,0,0
22956,ECG,812,11487,0,0,0,0,0
22956,ECG,813,11414,0,0,0,0,0
22961,ECG,814,11342,0,0,0,0,0
22961,ECG,815,11271,0,0,0,0,0
22966,ECG,816,11199,0,0,0,0,0
22966,ECG,817,11129,0,0,0,0,0
22966,ECG,818,11058,0,0,0,0,0
22971,ECG,819,10988,0,0,0,0,0
22971,ECG,820,10919,0,0,0,0,0
22976,ECG,821,10781,0,0,0,0,0
22976,ECG,822,10713,0,0,0,0,0
22981,ECG,823,10645,0,0,0,0,0
22981,ECG,824,10578,0,0,0,0,0
22981,ECG,825,10511,0,0,0,0,0
22986,ECG,826,10445,0,0,0,0,0
22986,ECG,827,10379,0,0,0,0,0
22991,ECG,828,10313,0,0,0,0,0
22991,ECG,829,10248,0,0,0,0,0
22991,ECG,830,10183,0,0,0,0,0
22996,ECG,831,10118,0,0,0,0,0
22996,ECG,832,10054,0,0,0,0,0
23001,ECG,833,9991,0,0,0,0,0
23001,ECG,834,9928,0,0,0,0,0
23001,ECG,835,9865,0,0,0,0,0
23006,ECG,836,9802,0,0,0,0,0
23006,ECG,837,9740,0,0,0,0,0
23011,ECG,838,9679,0,0,0,0,0
23011,ECG,839,9617,0,0,0,0,0
23011,ECG,840,9557,0,0,0,0,0
23016,ECG,841,9496,0,0,0,0,0
23016,ECG,842,9436,0,0,0,0,0
23021,ECG,843,9317,0,0,0,0,0
23021,ECG,844,9258,0,0,0,0,0
23026,ECG,845,9200,0,0,0,0,0
23026,ECG,846,9141,0,0,0,0,0
23026,ECG,847,9083,0,0,0,0,0
23031,ECG,848,9026,0,0,0,0,0
23031,ECG,849,8969,0,0,0,0,0
23036,ECG,850,8912,0,0,0,0,0
23036,ECG,851,8855,0,0,0,0,0
23036,ECG,852,8799,0,0,0,0,0
23041,ECG,853,8744,0,0,0,0,0
23041,ECG,854,8688,0,0,0,0,0
23046,ECG,855,8633,0,0,0,0,0
23046,ECG,856,8578,0,0,0,0,0
23046,ECG,857,8524,0,0,0,0,0
23051,ECG,858,8470,0,0,0,0,0
23051,ECG,859,8416,0,0,0,0,0
23056,ECG,860,8363,0,0,0,0,0
23056,ECG,861,8310,0,0,0,0,0
23056,ECG,862,8257,0,0,0,0,0
23061,ECG,863,8205,0,0,0,0,0
23061,ECG,864,8153,0,0,0,0,0
23066,ECG,865,8050,0,0,0,0,0
23066,ECG,866,7999,0,0,0,0,0
23071,ECG,867,7948,0,0,0,0,0
23071,ECG,868,7898,0,0,0,0,0
23071,ECG,869,7848,0,0,0,0,0
23076,ECG,870,7798,0,0,0,0,0
23076,ECG,871,7749,0,0,0,0,0
23081,ECG,872,7699,0,0,0,0,0
23081,ECG,873,7651,0,0,0,0,0
23081,ECG,874,7602,0,0,0,0,0
23086,ECG,875,7554,0,0,0,0,0
23086,ECG,876,7506,0,0,0,0,0
23091,ECG,877,7458,0,0,0,0,0
23091,ECG,878,7411,0,0,0,0,0
23091,ECG,879,7364,0,0,0,0,0
23096,ECG,880,7317,0,0,0,0,0
23096,ECG,881,7271,0,0,0,0,0
23101,ECG,882,7224,0,0,0,0,0
23101,ECG,883,7178,0,0,0,0,0
23101,ECG,884,7133,0,0,0,0,0
23106,ECG,885,7088,0,0,0,0,0
23106,ECG,886,7043,0,0,0,0,0
23111,ECG,887,6998,0,0,0,0,0
23111,ECG,888,6953,0,0,0,0,0
23111,ECG,889,6909,0,0,0,0,0
23116,ECG,890,6865,0,0,0,0,0
23116,ECG,891,6821,0,0,0,0,0
23116,ECG,892,6778,0,0,0,0,0
23121,ECG,893,6735,0,0,0,0,0
23121,ECG,894,6692,0,0,0,0,0
23126,ECG,895,6650,0,0,0,0,0
23126,ECG,896,6608,0,0,0,0,0
23126,ECG,897,6566,0,0,0,0,0
23131,ECG,898,6524,0,0,0,0,0
23131,ECG,899,6482,0,0,0,0,0
23136,ECG,900,6441,0,0,0,0,0
23136,ECG,901,6400,0,0,0,0,0
23136,ECG,902,6359,0,0,0,0,0
23141,ECG,903,6319,0,0,0,0,0
23141,ECG,904,6279,0,0,0,0,0
23146,ECG,905,6239,0,0,0,0,0
23146,ECG,906,6199,0,0,0,0,0
23146,ECG,907,6159,0,0,0,0,0
23151,ECG,908,6120,0,0,0,0,0
23151,ECG,909,6081,0,0,0,0,0
23156,ECG,910,6042,0,0,0,0,0
23156,ECG,911,6004,0,0,0,0,0
23156,ECG,912,5966,0,0,0,0,0
23161,ECG,913,5928,0,0,0,0,0
23161,ECG,914,5890,0,0,0,0,0
23166,ECG,915,5815,0,0,0,0,0
23166,ECG,916,5778,0,0,0,0,0
23171,ECG,917,5741,0,0,0,0,0
23171,ECG,918,5705,0,0,0,0,0
23171,ECG,919,5669,0,0,0,0,0
23176,ECG,920,5632,0,0,0,0,0
23176,ECG,921,5596,0,0,0,0,0
23181,ECG,922,5561,0,0,0,0,0
23181,ECG,923,5525,0,0,0,0,0
23181,ECG,924,5490,0,0,0,0,0
23186,ECG,925,5455,0,0,0,0,0
23186,ECG,926,5420,0,0,0,0,0
23191,ECG,927,5386,0,0,0,0,0
23191,ECG,928,5351,0,0,0,0,0
23191,ECG,929,5317,0,0,0,0,0
23196,ECG,930,5283,0,0,0,0,0
23196,ECG,931,5249,0,0,0,0,0
23201,ECG,932,5216,0,0,0,0,0
23201,ECG,933,5183,0,0,0,0,0
23201,ECG,934,5150,0,0,0,0,0
23206,ECG,935,5117,0,0,0,0,0
23206,ECG,936,5084,0,0,0,0,0
23211,ECG,937,5051,0,0,0,0,0
23211,ECG,938,5019,0,0,0,0,0
23211,ECG,939,4987,0,0,0,0,0
23216,ECG,940,4955,0,0,0,0,0
23216,ECG,941,4924,0,0,0,0,0
23221,ECG,942,4861,0,0,0,0,0
23221,ECG,943,4830,0,0,0,0,0
23226,ECG,944,4799,0,0,0,0,0
23226,ECG,945,4768,0,0,0,0,0
23226,ECG,946,4738,0,0,0,0,0
23231,ECG,947,4707,0,0,0,0,0
23231,ECG,948,4677,0,0,0,0,0
23236,ECG,949,4647,0,0,0,0,0
23236,ECG,950,4618,0,0,0,0,0
23236,ECG,951,4588,0,0,0,0,0
23241,ECG,952,4559,0,0,0,0,0
23241,ECG,953,4530,0,0,0,0,0
23246,ECG,954,4501,0,0,0,0,0
23246,ECG,955,4472,0,0,0,0,0
23246,ECG,956,4443,0,0,0,0,0
23251,ECG,957,4415,0,0,0,0,0
23251,ECG,958,4386,0,0,0,0,0
23256,ECG,959,4358,0,0,0,0,0
23256,ECG,960,4330,0,0,0,0,0
23256,ECG,961,4303,0,0,0,0,0
23261,ECG,962,4275,0,0,0,0,0
23261,ECG,963,4248,0,0,0,0,0
23266,ECG,964,4193,0,0,0,0,0
23266,ECG,965,4166,0,0,0,0,0
23271,ECG,966,4140,0,0,0,0,0
23271,ECG,967,4113,0,0,0,0,0
23271,ECG,968,4087,0,0,0,0,0
23276,ECG,969,4060,0,0,0,0,0
23276,ECG,970,4034,0,0,0,0,0
23281,ECG,971,4008,0,0,0,0,0
23281,ECG,972,3983,0,0,0,0,0
23281,ECG,973,3957,0,0,0,0,0
23286,ECG,974,3932,0,0,0,0,0
23286,ECG,975,3906,0,0,0,0,0
23291,ECG,976,3881,0,0,0,0,0
23291,ECG,977,3856,0,0,0,0,0
23291,ECG,978,3832,0,0,0,0,0
23296,ECG,979,3807,0,0,0,0,0
23296,ECG,980,3782,0,0,0,0,0
23301,ECG,981,3758,0,0,0,0,0
23301,ECG,982,3734,0,0,0,0,0
23301,ECG,983,3710,0,0,0,0,0
23306,ECG,984,3686,0,0,0,0,0
23306,ECG,985,3662,0,0,0,0,0
23311,ECG,986,3639,0,0,0,0,0
23311,ECG,987,3615,0,0,0,0,0
23311,ECG,988,3592,0,0,0,0,0
23316,ECG,989,3569,0,0,0,0,0
23316,ECG,990,3546,0,0,0,0,0
23316,ECG,991,3523,0,0,0,0,0
23321,ECG,992,3500,0,0,0,0,0
23321,ECG,993,3478,0,0,0,0,0
23326,ECG,994,3455,0,0,0,0,0
23326,ECG,995,3433,0,0,0,0,0
23326,ECG,996,3411,0,0,0,0,0
23331,ECG,997,3389,0,0,0,0,0
23331,ECG,998,3367,0,0,0,0,0
23336,ECG,999,3345,0,0,0,0,0
23336,ECG,1000,3324,0,0,0,0,0
23336,ECG,1001,3302,0,0,0,0,0
23341,ECG,1002,3281,0,0,0,0,0
23341,ECG,1003,3260,0,0,0,0,0
23346,ECG,1004,3239,0,0,0,0,0
23346,ECG,1005,3218,0,0,0,0,0
23346,ECG,1006,3197,0,0,0,0,0
23351,ECG,1007,3176,0,0,0,0,0
23351,ECG,1008,3156,0,0,0,0,0
23356,ECG,1009,3135,0,0,0,0,0
23356,ECG,1010,3115,0,0,0,0,0
23356,ECG,1011,3095,0,0,0,0,0
23361,ECG,1012,3075,0,0,0,0,0
23361,ECG,1013,3055,0,0,0,0,0
23366,ECG,1014,3015,0,0,0,0,0
23366,ECG,1015,2996,0,0,0,0,0
23371,ECG,1016,2976,0,0,0,0,0
23371,ECG,1017,2957,0,0,0,0,0
23371,ECG,1018,2938,0,0,0,0,0
23376,ECG,1019,2919,0,0,0,0,0
23376,ECG,1020,2900,0,0,0,0,0
23381,ECG,1021,2881,0,0,0,0,0
23381,ECG,1022,2862,0,0,0,0,0
23381,ECG,1023,2844,0,0,0,0,0
19379,PPG,0,129911,60000,0,0,0,0
19379,PPG,1,129924,60017,0,0,0,0
19379,PPG,2,129907,60000,0,0,0,0
19379,PPG,3,129919,60004,0,0,0,0
19415,PPG,4,129918,60001,0,0,0,0
19493,PPG,5,129913,60001,0,0,0,0
19570,PPG,6,129932,60004,0,0,0,0
19650,PPG,7,129919,59998,0,0,0,0
19730,PPG,8,129920,60014,0,0,0,0
19809,PPG,9,129901,60001,0,0,0,0
19892,PPG,10,129924,60007,0,0,0,0
19971,PPG,11,129912,60007,0,0,0,0
20047,PPG,12,129924,59997,0,0,0,0
20127,PPG,13,129919,60001,0,0,0,0
20206,PPG,14,129917,60008,0,0,0,0
20285,PPG,15,129925,60000,0,0,0,0
20365,PPG,16,129923,60011,0,0,0,0
20448,PPG,17,129916,59998,0,0,0,0
20526,PPG,18,129928,60006,0,0,0,0
20604,PPG,19,129916,60004,0,0,0,0
20683,PPG,20,129931,59993,0,0,0,0
20768,PPG,21,129923,59996,0,0,0,0
20842,PPG,22,129915,59999,0,0,0,0
20922,PPG,23,129922,60001,0,0,0,0
21005,PPG,24,129920,60004,0,0,0,0
21081,PPG,25,129909,59989,0,0,0,0
21160,PPG,26,129918,60017,0,0,0,0
21240,PPG,27,129920,60004,0,0,0,0
21319,PPG,28,129918,60001,0,0,0,0
21399,PPG,29,129920,60009,0,0,0,0
21482,PPG,30,129914,60005,0,0,0,0
21560,PPG,31,129912,60006,0,0,0,0
21643,PPG,32,129917,59997,0,0,0,0
21717,PPG,33,129922,60006,0,0,0,0
21796,PPG,34,129928,60004,0,0,0,0
21876,PPG,35,129921,60008,0,0,0,0
21955,PPG,36,129919,60014,0,0,0,0
22039,PPG,37,129916,59999,0,0,0,0
22115,PPG,38,129919,59986,0,0,0,0
22194,PPG,39,129917,60011,0,0,0,0
22274,PPG,40,129921,60010,0,0,0,0
22353,PPG,41,129932,60008,0,0,0,0
22433,PPG,42,129930,60006,0,0,0,0
22519,PPG,43,129936,60008,0,0,0,0
22594,PPG,44,129921,59999,0,0,0,0
22672,PPG,45,129928,60009,0,0,0,0
22751,PPG,46,129921,60016,0,0,0,0
22830,PPG,47,129918,60009,0,0,0,0
22910,PPG,48,129929,60010,0,0,0,0
22989,PPG,49,129911,60006,0,0,0,0
23072,PPG,50,129916,60011,0,0,0,0
23149,PPG,51,129915,60013,0,0,0,0
23228,PPG,52,129926,60008,0,0,0,0
23309,PPG,53,129926,60001,0,0,0,0
23402,PPG,54,129932,60001,0,0,0,0
23468,PPG,55,129933,60003,0,0,0,0
23550,PPG,56,129922,59997,0,0,0,0
23630,PPG,57,129934,60001,0,0,0,0
23707,PPG,58,129917,60002,0,0,0,0
23785,PPG,59,129914,60008,0,0,0,0
23865,PPG,60,129924,60008,0,0,0,0
23943,PPG,61,129927,60008,0,0,0,0
24022,PPG,62,129905,59998,0,0,0,0
24105,PPG,63,129916,60002,0,0,0,0
24183,PPG,64,129925,60005,0,0,0,0
24266,PPG,65,129916,60002,0,0,0,0
24340,PPG,66,129927,60006,0,0,0,0
24420,PPG,67,129921,59993,0,0,0,0
24500,PPG,68,129923,59995,0,0,0,0
24579,PPG,69,129925,59997,0,0,0,0
24662,PPG,70,129922,60007,0,0,0,0
24739,PPG,71,129916,60017,0,0,0,0
24818,PPG,72,129923,60005,0,0,0,0
24897,PPG,73,129914,59996,0,0,0,0
24976,PPG,74,129912,60003,0,0,0,0
25056,PPG,75,129910,60017,0,0,0,0
25141,PPG,76,129916,60001,0,0,0,0
25217,PPG,77,129915,60000,0,0,0,0
25294,PPG,78,129929,60001,0,0,0,0
25374,PPG,79,129933,60009,0,0,0,0
25453,PPG,80,129923,60000,0,0,0,0
25533,PPG,81,129916,60006,0,0,0,0
25612,PPG,82,129926,60003,0,0,0,0
25695,PPG,83,129916,60002,0,0,0,0
25772,PPG,84,129934,60005,0,0,0,0
25850,PPG,85,129914,60009,0,0,0,0
25930,PPG,86,129919,60000,0,0,0,0
26014,PPG,87,129920,60004,0,0,0,0
26089,PPG,88,129920,60008,0,0,0,0
26172,PPG,89,129917,60002,0,0,0,0
26251,PPG,90,129921,60001,0,0,0,0
26328,PPG,91,129930,59997,0,0,0,0
26407,PPG,92,129925,59993,0,0,0,0
26487,PPG,93,129924,59997,0,0,0,0
26566,PPG,94,129926,60005,0,0,0,0
26646,PPG,95,129918,60012,0,0,0,0
26729,PPG,96,129924,60000,0,0,0,0
26807,PPG,97,129922,60001,0,0,0,0
26888,PPG,98,129921,60001,0,0,0,0
26964,PPG,99,129911,59996,0,0,0,0
23300,IMU,208,1128,-364,8436,-96,61,42
23320,IMU,209,1148,-460,8452,-92,59,9
23339,IMU,210,1048,-296,8500,-83,55,36
23358,IMU,211,1052,-404,8420,-89,65,34
23380,IMU,212,1080,-368,8412,-106,57,37
23401,IMU,213,1176,-396,8424,-89,53,37
23415,IMU,214,1072,-404,8512,-93,65,32
23434,IMU,215,1164,-492,8320,-117,48,25
23454,IMU,216,1128,-372,8488,-92,53,43
23473,IMU,217,1008,-424,8408,-102,53,33
23492,IMU,218,1060,-356,8420,-81,57,41
23511,IMU,219,1148,-364,8472,-101,73,31
23530,IMU,220,1156,-308,8416,-92,62,31
23550,IMU,221,1092,-392,8352,-71,49,37
23568,IMU,222,1124,-320,8508,-95,56,37
23588,IMU,223,1152,-436,8468,-102,45,42
23608,IMU,224,1132,-404,8424,-87,73,39
23625,IMU,225,1144,-336,8452,-103,58,37
23645,IMU,226,1184,-484,8428,-82,65,36
23664,IMU,227,1076,-492,8420,-79,66,40
23683,IMU,228,1136,-456,8412,-94,45,45
23702,IMU,229,1020,-436,8344,-115,55,29
23721,IMU,230,1116,-444,8428,-94,45,43
23740,IMU,231,1088,-428,8396,-79,62,37
23760,IMU,232,1008,-408,8436,-105,56,36
23779,IMU,233,1124,-380,8472,-105,49,48
23798,IMU,234,1160,-396,8484,-82,45,43
23820,IMU,235,1088,-404,8464,-98,54,43
23836,IMU,236,1004,-380,8400,-101,56,44
23855,IMU,237,1164,-352,8400,-89,47,50
23875,IMU,238,1124,-384,8408,-111,38,32
23894,IMU,239,1108,-456,8416,-107,73,34
23913,IMU,240,1136,-448,8464,-98,59,41
23932,IMU,241,1080,-384,8516,-99,61,40
23951,IMU,242,1180,-496,8352,-109,55,45
23970,IMU,243,1092,-516,8380,-90,60,23
23989,IMU,244,1136,-432,8428,-92,53,41
24009,IMU,245,1040,-368,8380,-94,52,25
24029,IMU,246,1080,-408,8436,-90,42,36
24049,IMU,247,1128,-540,8432,-99,61,41
24066,IMU,248,1044,-468,8460,-90,61,38
24085,IMU,249,1056,-388,8408,-96,41,42
24105,IMU,250,1096,-344,8432,-100,59,48
24124,IMU,251,1116,-428,8424,-102,56,47
24143,IMU,252,1028,-400,8456,-96,39,24
24162,IMU,253,1084,-436,8416,-94,58,37
24181,IMU,254,1132,-476,8352,-107,56,53
24200,IMU,255,1164,-324,8360,-98,58,35
24219,IMU,256,1168,-432,8412,-108,55,39
24239,IMU,257,1148,-404,8400,-95,56,22
24259,IMU,258,1016,-396,8376,-96,64,24
24277,IMU,259,1072,-388,8372,-89,39,26
24296,IMU,260,1108,-400,8488,-99,61,52
24315,IMU,261,1156,-428,8364,-107,62,27
24334,IMU,262,1144,-516,8508,-85,68,32
24354,IMU,263,1072,-500,8420,-105,57,40
24373,IMU,264,1024,-388,8368,-90,59,35
24392,IMU,265,948,-392,8428,-103,64,46
24411,IMU,266,1152,-316,8448,-110,47,48
24430,IMU,267,1136,-400,8424,-92,55,46
24449,IMU,268,1140,-392,8412,-84,58,52
24472,IMU,269,1168,-368,8376,-85,55,52
24488,IMU,270,1048,-404,8436,-100,54,33
24507,IMU,271,1096,-448,8388,-115,66,33
24526,IMU,272,1000,-456,8460,-97,58,49
24545,IMU,273,1048,-388,8404,-96,62,39
24564,IMU,274,1124,-356,8340,-101,52,40
24583,IMU,275,1044,-468,8416,-95,52,40
24603,IMU,276,1140,-380,8404,-106,63,44
24622,IMU,277,1160,-396,8360,-100,58,57
24641,IMU,278,1092,-484,8384,-94,62,29
24660,IMU,279,1128,-440,8360,-122,64,30
24679,IMU,280,1184,-396,8440,-100,59,21
24700,IMU,281,1160,-380,8532,-87,43,33
24718,IMU,282,1104,-468,8408,-92,59,30
24737,IMU,283,1056,-384,8536,-87,51,36
24756,IMU,284,1076,-336,8424,-90,70,58
24775,IMU,285,1096,-372,8392,-79,43,31
24794,IMU,286,1032,-252,8352,-98,44,26
24813,IMU,287,1168,-404,8380,-104,63,27
24832,IMU,288,1176,-436,8372,-103,63,50
24851,IMU,289,972,-356,8400,-91,66,39
24871,IMU,290,1164,-416,8460,-92,56,35
24890,IMU,291,1212,-580,8392,-103,51,37
24913,IMU,292,1008,-436,8456,-83,55,42
24928,IMU,293,1120,-420,8380,-87,54,35
24947,IMU,294,1128,-364,8464,-113,70,30
24966,IMU,295,1088,-340,8416,-97,57,37
24986,IMU,296,1244,-380,8464,-93,59,46
25005,IMU,297,1124,-488,8408,-84,53,40
25024,IMU,298,1096,-408,8468,-92,41,38
25043,IMU,299,1172,-492,8416,-85,40,56
25062,IMU,300,1152,-440,8408,-92,46,56
25081,IMU,301,1080,-464,8348,-91,53,48
25100,IMU,302,1084,-400,8420,-81,68,49
25120,IMU,303,1100,-392,8392,-84,54,34
25139,IMU,304,1128,-464,8392,-87,66,40
25158,IMU,305,1172,-448,8416,-100,57,39
25177,IMU,306,1028,-332,8464,-88,59,50
25196,IMU,307,1160,-336,8456,-110,56,34
25215,IMU,308,1192,-424,8380,-95,74,47
25234,IMU,309,1028,-372,8484,-80,50,53
25253,IMU,310,1164,-536,8436,-88,71,30
25272,IMU,311,1064,-456,8404,-88,56,46
25291,IMU,312,1144,-480,8420,-90,69,43
25311,IMU,313,1132,-376,8440,-95,54,46
25330,IMU,314,1144,-372,8400,-83,59,24
25351,IMU,315,1120,-452,8432,-102,45,27
25368,IMU,316,1048,-416,8404,-109,72,47
25387,IMU,317,1024,-324,8452,-89,50,35
25406,IMU,318,1072,-348,8384,-112,65,42
25426,IMU,319,1092,-444,8408,-91,55,32
25445,IMU,320,1068,-464,8464,-100,61,36
25464,IMU,321,1096,-420,8416,-102,62,28
25483,IMU,322,1076,-400,8416,-89,54,28
25502,IMU,323,1136,-352,8424,-100,65,27
25521,IMU,324,1140,-460,8388,-89,55,41
25540,IMU,325,1128,-408,8280,-102,64,44
25563,IMU,326,1180,-376,8404,-99,37,35
25579,IMU,327,1084,-428,8364,-84,66,19
25598,IMU,328,1172,-416,8408,-99,67,31
25617,IMU,329,988,-456,8464,-100,48,43
25636,IMU,330,1096,-380,8332,-93,41,32
25655,IMU,331,1060,-400,8392,-98,63,53
25674,IMU,332,1004,-412,8392,-93,49,48
25695,IMU,333,1096,-452,8452,-83,61,29
25712,IMU,334,1036,-348,8348,-92,58,55
25731,IMU,335,1084,-432,8456,-97,74,42
25751,IMU,336,1068,-396,8424,-108,55,31
25770,IMU,337,976,-456,8348,-96,63,36
25792,IMU,338,1028,-284,8368,-100,71,56
25808,IMU,339,1060,-428,8372,-96,56,43
25827,IMU,340,1068,-388,8428,-109,60,40
25846,IMU,341,1120,-376,8416,-97,54,36
25866,IMU,342,1032,-372,8456,-93,64,29
25885,IMU,343,1056,-364,8360,-89,74,44
25904,IMU,344,1168,-568,8440,-104,62,33
25923,IMU,345,1116,-352,8448,-86,65,43
25942,IMU,346,1132,-412,8348,-96,66,48
25961,IMU,347,996,-492,8420,-98,63,27
25981,IMU,348,1104,-412,8416,-97,53,52
26003,IMU,349,1016,-428,8428,-90,56,26
26019,IMU,350,1144,-352,8392,-110,56,49
26038,IMU,351,1052,-456,8396,-99,67,48
26057,IMU,352,1088,-480,8324,-97,58,29
26076,IMU,353,1044,-316,8436,-105,67,33
26095,IMU,354,1096,-468,8376,-73,55,35
26115,IMU,355,1068,-424,8484,-93,66,45
26134,IMU,356,1000,-552,8524,-104,49,40
26153,IMU,357,1068,-400,8464,-94,61,43
26172,IMU,358,1152,-432,8308,-85,66,39
26191,IMU,359,1068,-396,8388,-99,61,56
26210,IMU,360,1104,-408,8440,-92,56,25
26230,IMU,361,1080,-316,8400,-80,56,41
26249,IMU,362,1092,-424,8392,-106,56,36
26268,IMU,363,1128,-432,8356,-87,41,44
26287,IMU,364,1176,-500,8364,-108,61,37
26306,IMU,365,1092,-380,8432,-100,69,25
26325,IMU,366,1156,-408,8496,-101,50,50
26345,IMU,367,1088,-296,8444,-90,56,34
26364,IMU,368,1076,-444,8332,-101,67,47
26383,IMU,369,1048,-368,8416,-93,58,52
26402,IMU,370,1084,-504,8368,-86,74,41
26421,IMU,371,1044,-324,8456,-106,53,50
26443,IMU,372,1128,-408,8308,-99,53,24
26459,IMU,373,996,-448,8412,-94,61,25
26479,IMU,374,1096,-368,8424,-89,48,19
26498,IMU,375,1056,-316,8388,-91,60,13
26517,IMU,376,1100,-508,8424,-104,37,41
26536,IMU,377,1072,-360,8288,-90,48,65
26555,IMU,378,1088,-552,8420,-111,65,39
26574,IMU,379,988,-392,8424,-95,70,45
26594,IMU,380,1288,-388,8392,-84,74,28
26613,IMU,381,1092,-356,8428,-107,58,27
26632,IMU,382,1056,-456,8496,-92,53,30
26654,IMU,383,988,-396,8416,-93,51,30
26672,IMU,384,1196,-424,8460,-105,52,40
26689,IMU,385,1156,-488,8400,-87,56,60
26709,IMU,386,1000,-384,8392,-95,45,45
26729,IMU,387,1064,-412,8416,-78,54,31
26747,IMU,388,1040,-464,8440,-98,54,34
26766,IMU,389,1024,-416,8476,-98,48,42
26785,IMU,390,1044,-520,8420,-96,51,31
26804,IMU,391,1068,-368,8368,-81,70,40
26824,IMU,392,1000,-436,8420,-95,61,28
26842,IMU,393,1164,-448,8388,-82,70,29
26862,IMU,394,1072,-384,8348,-90,67,35
26883,IMU,395,1148,-472,8440,-84,50,58
26900,IMU,396,1088,-472,8412,-83,57,29
26919,IMU,397,1128,-408,8364,-96,46,38
26938,IMU,398,1204,-388,8444,-92,59,50
26957,IMU,399,1020,-368,8340,-85,72,22
26977,IMU,400,964,-504,8412,-100,62,26
26996,IMU,401,984,-440,8472,-83,54,36
27015,IMU,402,1132,-380,8348,-85,59,35
27034,IMU,403,1064,-376,8368,-100,53,27
27053,IMU,404,1040,-432,8396,-99,59,24
27072,IMU,405,1124,-420,8432,-90,65,50
27095,IMU,406,1060,-368,8368,-95,59,50
27111,IMU,407,1164,-448,8328,-74,49,36
27130,IMU,408,1072,-444,8440,-94,62,27
27149,IMU,409,1128,-500,8408,-86,51,42
27168,IMU,410,1188,-384,8332,-80,61,41
27187,IMU,411,1100,-476,8412,-99,43,33
27206,IMU,412,1104,-364,8388,-87,72,30
27225,IMU,413,1084,-348,8444,-86,53,47
27245,IMU,414,1192,-428,8472,-88,58,37
27264,IMU,415,1036,-408,8396,-114,60,30
23386,ECG,1024,2825,0,0,0,0,0
23386,ECG,1025,2807,0,0,0,0,0
23391,ECG,1026,2789,0,0,0,0,0
23391,ECG,1027,2771,0,0,0,0,0
23391,ECG,1028,2753,0,0,0,0,0
23396,ECG,1029,2735,0,0,0,0,0
23396,ECG,1030,2717,0,0,0,0,0
23401,ECG,1031,2700,0,0,0,0,0
23401,ECG,1032,2682,0,0,0,0,0
23401,ECG,1033,2665,0,0,0,0,0
23406,ECG,1034,2647,0,0,0,0,0
23406,ECG,1035,2630,0,0,0,0,0
23411,ECG,1036,2613,0,0,0,0,0
23411,ECG,1037,2596,0,0,0,0,0
23411,ECG,1038,2579,0,0,0,0,0
23416,ECG,1039,2562,0,0,0,0,0
23416,ECG,1040,2546,0,0,0,0,0
23421,ECG,1041,2513,0,0,0,0,0
23421,ECG,1042,2496,0,0,0,0,0
23426,ECG,1043,2480,0,0,0,0,0
23426,ECG,1044,2464,0,0,0,0,0
23426,ECG,1045,2448,0,0,0,0,0
23431,ECG,1046,2432,0,0,0,0,0
23431,ECG,1047,2416,0,0,0,0,0
23436,ECG,1048,2400,0,0,0,0,0
23436,ECG,1049,2385,0,0,0,0,0
23436,ECG,1050,2369,0,0,0,0,0
23441,ECG,1051,2354,0,0,0,0,0
23441,ECG,1052,2338,0,0,0,0,0
23446,ECG,1053,2323,0,0,0,0,0
23446,ECG,1054,2308,0,0,0,0,0
23446,ECG,1055,2293,0,0,0,0,0
23451,ECG,1056,2278,0,0,0,0,0
23451,ECG,1057,2263,0,0,0,0,0
23456,ECG,1058,2248,0,0,0,0,0
23456,ECG,1059,2233,0,0,0,0,0
23456,ECG,1060,2219,0,0,0,0,0
23461,ECG,1061,2204,0,0,0,0,0
23461,ECG,1062,2190,0,0,0,0,0
23466,ECG,1063,2161,0,0,0,0,0
23466,ECG,1064,2147,0,0,0,0,0
23471,ECG,1065,2133,0,0,0,0,0
23471,ECG,1066,2119,0,0,0,0,0
23471,ECG,1067,2105,0,0,0,0,0
23476,ECG,1068,2091,0,0,0,0,0
23476,ECG,1069,2078,0,0,0,0,0
23481,ECG,1070,2064,0,0,0,0,0
23481,ECG,1071,2050,0,0,0,0,0
23481,ECG,1072,2037,0,0,0,0,0
23486,ECG,1073,2023,0,0,0,0,0
23486,ECG,1074,2010,0,0,0,0,0
23491,ECG,1075,1997,0,0,0,0,0
23491,ECG,1076,1984,0,0,0,0,0
23491,ECG,1077,1971,0,0,0,0,0
23496,ECG,1078,1958,0,0,0,0,0
23496,ECG,1079,1945,0,0,0,0,0
23501,ECG,1080,1932,0,0,0,0,0
23501,ECG,1081,1919,0,0,0,0,0
23501,ECG,1082,1906,0,0,0,0,0
23506,ECG,1083,1894,0,0,0,0,0
23506,ECG,1084,1881,0,0,0,0,0
23511,ECG,1085,1869,0,0,0,0,0
23511,ECG,1086,1857,0,0,0,0,0
23511,ECG,1087,1844,0,0,0,0,0
23516,ECG,1088,1832,0,0,0,0,0
23516,ECG,1089,1820,0,0,0,0,0
23521,ECG,1090,1796,0,0,0,0,0
23521,ECG,1091,1784,0,0,0,0,0
23526,ECG,1092,1772,0,0,0,0,0
23526,ECG,1093,1761,0,0,0,0,0
23526,ECG,1094,1749,0,0,0,0,0
23531,ECG,1095,1737,0,0,0,0,0
23531,ECG,1096,1726,0,0,0,0,0
23536,ECG,1097,1714,0,0,0,0,0
23536,ECG,1098,1703,0,0,0,0,0
23536,ECG,1099,1692,0,0,0,0,0
23541,ECG,1100,1681,0,0,0,0,0
23541,ECG,1101,1669,0,0,0,0,0
23546,ECG,1102,1658,0,0,0,0,0
23546,ECG,1103,1647,0,0,0,0,0
23546,ECG,1104,1636,0,0,0,0,0
23551,ECG,1105,1625,0,0,0,0,0
23551,ECG,1106,1615,0,0,0,0,0
23556,ECG,1107,1604,0,0,0,0,0
23556,ECG,1108,1593,0,0,0,0,0
23556,ECG,1109,1583,0,0,0,0,0
23561,ECG,1110,1572,0,0,0,0,0
23561,ECG,1111,1562,0,0,0,0,0
23566,ECG,1112,1541,0,0,0,0,0
23566,ECG,1113,1531,0,0,0,0,0
23571,ECG,1114,1520,0,0,0,0,0
23571,ECG,1115,1510,0,0,0,0,0
23571,ECG,1116,1500,0,0,0,0,0
23576,ECG,1117,1490,0,0,0,0,0
23576,ECG,1118,1480,0,0,0,0,0
23581,ECG,1119,1470,0,0,0,0,0
23581,ECG,1120,1460,0,0,0,0,0
23581,ECG,1121,1451,0,0,0,0,0
23586,ECG,1122,1441,0,0,0,0,0
23586,ECG,1123,1431,0,0,0,0,0
23591,ECG,1124,1422,0,0,0,0,0
23591,ECG,1125,1412,0,0,0,0,0
23591,ECG,1126,1403,0,0,0,0,0
23596,ECG,1127,1393,0,0,0,0,0
23596,ECG,1128,1384,0,0,0,0,0
23601,ECG,1129,1375,0,0,0,0,0
23601,ECG,1130,1365,0,0,0,0,0
23601,ECG,1131,1356,0,0,0,0,0
23606,ECG,1132,1347,0,0,0,0,0
23606,ECG,1133,1338,0,0,0,0,0
23611,ECG,1134,1320,0,0,0,0,0
23611,ECG,1135,1311,0,0,0,0,0
23616,ECG,1136,1302,0,0,0,0,0
23616,ECG,1137,1294,0,0,0,0,0
23616,ECG,1138,1285,0,0,0,0,0
23621,ECG,1139,1276,0,0,0,0,0
23621,ECG,1140,1268,0,0,0,0,0
23626,ECG,1141,1259,0,0,0,0,0
23626,ECG,1142,1251,0,0,0,0,0
23626,ECG,1143,1242,0,0,0,0,0
23631,ECG,1144,1234,0,0,0,0,0
23631,ECG,1145,1225,0,0,0,0,0
23636,ECG,1146,1217,0,0,0,0,0
23636,ECG,1147,1209,0,0,0,0,0
23636,ECG,1148,1201,0,0,0,0,0
23641,ECG,1149,1192,0,0,0,0,0
23641,ECG,1150,1184,0,0,0,0,0
23646,ECG,1151,1176,0,0,0,0,0
23646,ECG,1152,1168,0,0,0,0,0
23646,ECG,1153,1160,0,0,0,0,0
23651,ECG,1154,1152,0,0,0,0,0
23651,ECG,1155,1145,0,0,0,0,0
23656,ECG,1156,1137,0,0,0,0,0
23656,ECG,1157,1129,0,0,0,0,0
23656,ECG,1158,1121,0,0,0,0,0
23661,ECG,1159,1114,0,0,0,0,0
23661,ECG,1160,1106,0,0,0,0,0
23666,ECG,1161,1091,0,0,0,0,0
23666,ECG,1162,1084,0,0,0,0,0
24672,ECG,1163,0,0,0,0,0,0
24672,ECG,1164,-1,0,0,0,0,0
24672,ECG,1165,-6,0,0,0,0,0
24677,ECG,1166,2,0,0,0,0,0
24677,ECG,1167,6,0,0,0,0,0
24682,ECG,1168,-17,0,0,0,0,0
24682,ECG,1169,38,0,0,0,0,0
24682,ECG,1170,-16,0,0,0,0,0
24687,ECG,1171,-26,0,0,0,0,0
24687,ECG,1172,151,0,0,0,0,0
24692,ECG,1173,-753,0,0,0,0,0
24692,ECG,1174,-2109,0,0,0,0,0
24692,ECG,1175,-1850,0,0,0,0,0
24697,ECG,1176,-36,0,0,0,0,0
24697,ECG,1177,3394,0,0,0,0,0
24702,ECG,1178,15156,0,0,0,0,0
24702,ECG,1179,21689,0,0,0,0,0
24707,ECG,1180,27397,0,0,0,0,0
24707,ECG,1181,31311,0,0,0,0,0
24707,ECG,1182,32011,0,0,0,0,0
24712,ECG,1183,31810,0,0,0,0,0
24712,ECG,1184,31610,0,0,0,0,0
24717,ECG,1185,31343,0,0,0,0,0
24717,ECG,1186,31109,0,0,0,0,0
24717,ECG,1187,31019,0,0,0,0,0
24722,ECG,1188,30731,0,0,0,0,0
24722,ECG,1189,30591,0,0,0,0,0
24727,ECG,1190,30395,0,0,0,0,0
24727,ECG,1191,30195,0,0,0,0,0
24727,ECG,1192,30019,0,0,0,0,0
24732,ECG,1193,29827,0,0,0,0,0
24732,ECG,1194,29638,0,0,0,0,0
24737,ECG,1195,29451,0,0,0,0,0
24737,ECG,1196,29266,0,0,0,0,0
24737,ECG,1197,29082,0,0,0,0,0
24742,ECG,1198,28900,0,0,0,0,0
24742,ECG,1199,28718,0,0,0,0,0
24747,ECG,1200,28358,0,0,0,0,0
24747,ECG,1201,28180,0,0,0,0,0
24752,ECG,1202,28002,0,0,0,0,0
24752,ECG,1203,27826,0,0,0,0,0
24752,ECG,1204,27651,0,0,0,0,0
24757,ECG,1205,27478,0,0,0,0,0
24757,ECG,1206,27305,0,0,0,0,0
24762,ECG,1207,27133,0,0,0,0,0
24762,ECG,1208,26963,0,0,0,0,0
24762,ECG,1209,26793,0,0,0,0,0
24767,ECG,1210,26625,0,0,0,0,0
24767,ECG,1211,26457,0,0,0,0,0
24772,ECG,1212,26291,0,0,0,0,0
24772,ECG,1213,26126,0,0,0,0,0
24772,ECG,1214,25961,0,0,0,0,0
24777,ECG,1215,25798,0,0,0,0,0
24777,ECG,1216,25636,0,0,0,0,0
24782,ECG,1217,25475,0,0,0,0,0
24782,ECG,1218,25314,0,0,0,0,0
24782,ECG,1219,25155,0,0,0,0,0
24787,ECG,1220,24997,0,0,0,0,0
24787,ECG,1221,24840,0,0,0,0,0
24792,ECG,1222,24683,0,0,0,0,0
24792,ECG,1223,24528,0,0,0,0,0
24792,ECG,1224,24374,0,0,0,0,0
24797,ECG,1225,24221,0,0,0,0,0
24797,ECG,1226,24068,0,0,0,0,0
24802,ECG,1227,23766,0,0,0,0,0
24802,ECG,1228,23617,0,0,0,0,0
24807,ECG,1229,23468,0,0,0,0,0
24807,ECG,1230,23321,0,0,0,0,0
24807,ECG,1231,23174,0,0,0,0,0
24812,ECG,1232,23028,0,0,0,0,0
24812,ECG,1233,22883,0,0,0,0,0
24817,ECG,1234,22739,0,0,0,0,0
24817,ECG,1235,22596,0,0,0,0,0
24817,ECG,1236,22454,0,0,0,0,0
24822,ECG,1237,22313,0,0,0,0,0
24822,ECG,1238,22172,0,0,0,0,0
24827,ECG,1239,22033,0,0,0,0,0
24827,ECG,1240,21894,0,0,0,0,0
24827,ECG,1241,21756,0,0,0,0,0
24832,ECG,1242,21619,0,0,0,0,0
24832,ECG,1243,21483,0,0,0,0,0
24837,ECG,1244,21348,0,0,0,0,0
24837,ECG,1245,21214,0,0,0,0,0
24837,ECG,1246,21080,0,0,0,0,0
24842,ECG,1247,20948,0,0,0,0,0
24842,ECG,1248,20816,0,0,0,0,0
24847,ECG,1249,20555,0,0,0,0,0
24847,ECG,1250,20425,0,0,0,0,0
24852,ECG,1251,20297,0,0,0,0,0
24852,ECG,1252,20169,0,0,0,0,0
24852,ECG,1253,20042,0,0,0,0,0
24857,ECG,1254,19916,0,0,0,0,0
24857,ECG,1255,19790,0,0,0,0,0
24862,ECG,1256,19666,0,0,0,0,0
24862,ECG,1257,19542,0,0,0,0,0
24862,ECG,1258,19419,0,0,0,0,0
24867,ECG,1259,19297,0,0,0,0,0
24867,ECG,1260,19175,0,0,0,0,0
24872,ECG,1261,19055,0,0,0,0,0
24872,ECG,1262,18935,0,0,0,0,0
24872,ECG,1263,18815,0,0,0,0,0
24877,ECG,1264,18697,0,0,0,0,0
24877,ECG,1265,18579,0,0,0,0,0
24882,ECG,1266,18462,0,0,0,0,0
24882,ECG,1267,18346,0,0,0,0,0
24882,ECG,1268,18230,0,0,0,0,0
24887,ECG,1269,18116,0,0,0,0,0
24887,ECG,1270,18002,0,0,0,0,0
24892,ECG,1271,17888,0,0,0,0,0
24892,ECG,1272,17775,0,0,0,0,0
24892,ECG,1273,17663,0,0,0,0,0
24897,ECG,1274,17552,0,0,0,0,0
24897,ECG,1275,17442,0,0,0,0,0
24897,ECG,1276,17332,0,0,0,0,0
24902,ECG,1277,17222,0,0,0,0,0
24902,ECG,1278,17114,0,0,0,0,0
24907,ECG,1279,17006,0,0,0,0,0
24907,ECG,1280,16899,0,0,0,0,0
24907,ECG,1281,16792,0,0,0,0,0
24912,ECG,1282,16687,0,0,0,0,0
24912,ECG,1283,16581,0,0,0,0,0
24917,ECG,1284,16477,0,0,0,0,0
24917,ECG,1285,16373,0,0,0,0,0
24917,ECG,1286,16270,0,0,0,0,0
24922,ECG,1287,16167,0,0,0,0,0
24922,ECG,1288,16065,0,0,0,0,0
24927,ECG,1289,15964,0,0,0,0,0
24927,ECG,1290,15864,0,0,0,0,0
24927,ECG,1291,15764,0,0,0,0,0
24932,ECG,1292,15664,0,0,0,0,0
24932,ECG,1293,15566,0,0,0,0,0
24937,ECG,1294,15467,0,0,0,0,0
24937,ECG,1295,15370,0,0,0,0,0
24937,ECG,1296,15273,0,0,0,0,0
24942,ECG,1297,15177,0,0,0,0,0
24942,ECG,1298,15081,0,0,0,0,0
24947,ECG,1299,14891,0,0,0,0,0
24947,ECG,1300,14797,0,0,0,0,0
24952,ECG,1301,14704,0,0,0,0,0
24952,ECG,1302,14611,0,0,0,0,0
24952,ECG,1303,14519,0,0,0,0,0
24957,ECG,1304,14428,0,0,0,0,0
24957,ECG,1305,14337,0,0,0,0,0
24962,ECG,1306,14246,0,0,0,0,0
24962,ECG,1307,14156,0,0,0,0,0
24962,ECG,1308,14067,0,0,0,0,0
24967,ECG,1309,13978,0,0,0,0,0
24967,ECG,1310,13890,0,0,0,0,0
24972,ECG,1311,13802,0,0,0,0,0
24972,ECG,1312,13715,0,0,0,0,0
24972,ECG,1313,13629,0,0,0,0,0
24977,ECG,1314,13543,0,0,0,0,0
24977,ECG,1315,13457,0,0,0,0,0
24982,ECG,1316,13372,0,0,0,0,0
24982,ECG,1317,13288,0,0,0,0,0
24982,ECG,1318,13204,0,0,0,0,0
24987,ECG,1319,13121,0,0,0,0,0
24987,ECG,1320,13038,0,0,0,0,0
24992,ECG,1321,12874,0,0,0,0,0
24992,ECG,1322,12793,0,0,0,0,0
24997,ECG,1323,12712,0,0,0,0,0
24997,ECG,1324,12632,0,0,0,0,0
24997,ECG,1325,12552,0,0,0,0,0
25002,ECG,1326,12473,0,0,0,0,0
25002,ECG,1327,12394,0,0,0,0,0
25007,ECG,1328,12316,0,0,0,0,0
25007,ECG,1329,12238,0,0,0,0,0
25007,ECG,1330,12161,0,0,0,0,0
25012,ECG,1331,12084,0,0,0,0,0
25012,ECG,1332,12008,0,0,0,0,0
25017,ECG,1333,11932,0,0,0,0,0
25017,ECG,1334,11857,0,0,0,0,0
25017,ECG,1335,11782,0,0,0,0,0
25022,ECG,1336,11707,0,0,0,0,0
25022,ECG,1337,11633,0,0,0,0,0
25027,ECG,1338,11560,0,0,0,0,0
25027,ECG,1339,11487,0,0,0,0,0
25027,ECG,1340,11414,0,0,0,0,0
25032,ECG,1341,11342,0,0,0,0,0
25032,ECG,1342,11271,0,0,0,0,0
25037,ECG,1343,11199,0,0,0,0,0
25037,ECG,1344,11129,0,0,0,0,0
25037,ECG,1345,11058,0,0,0,0,0
25042,ECG,1346,10988,0,0,0,0,0
25042,ECG,1347,10919,0,0,0,0,0
25047,ECG,1348,10781,0,0,0,0,0
25047,ECG,1349,10713,0,0,0,0,0
25052,ECG,1350,10645,0,0,0,0,0
25052,ECG,1351,10578,0,0,0,0,0
25052,ECG,1352,10511,0,0,0,0,0
25057,ECG,1353,10445,0,0,0,0,0
25057,ECG,1354,10379,0,0,0,0,0
25062,ECG,1355,10313,0,0,0,0,0
25062,ECG,1356,10248,0,0,0,0,0
25062,ECG,1357,10183,0,0,0,0,0
25067,ECG,1358,10118,0,0,0,0,0
25067,ECG,1359,10054,0,0,0,0,0
25072,ECG,1360,9991,0,0,0,0,0
25072,ECG,1361,9928,0,0,0,0,0
25072,ECG,1362,9865,0,0,0,0,0
25077,ECG,1363,9802,0,0,0,0,0
25077,ECG,1364,9740,0,0,0,0,0
25082,ECG,1365,9679,0,0,0,0,0
25082,ECG,1366,9617,0,0,0,0,0
25082,ECG,1367,9557,0,0,0,0,0
25087,ECG,1368,9496,0,0,0,0,0
25087,ECG,1369,9436,0,0,0,0,0
25092,ECG,1370,9317,0,0,0,0,0
25092,ECG,1371,9258,0,0,0,0,0
25097,ECG,1372,9200,0,0,0,0,0
25097,ECG,1373,9141,0,0,0,0,0
25097,ECG,1374,9083,0,0,0,0,0
25102,ECG,1375,9026,0,0,0,0,0
25102,ECG,1376,8969,0,0,0,0,0
25107,ECG,1377,8912,0,0,0,0,0
25107,ECG,1378,8855,0,0,0,0,0
25107,ECG,1379,8799,0,0,0,0,0
25112,ECG,1380,8744,0,0,0,0,0
25112,ECG,1381,8688,0,0,0,0,0
25117,ECG,1382,8633,0,0,0,0,0
25117,ECG,1383,8578,0,0,0,0,0
25117,ECG,1384,8524,0,0,0,0,0
25122,ECG,1385,8470,0,0,0,0,0
25122,ECG,1386,8416,0,0,0,0,0
25127,ECG,1387,8363,0,0,0,0,0
25127,ECG,1388,8310,0,0,0,0,0
25127,ECG,1389,8257,0,0,0,0,0
25132,ECG,1390,8205,0,0,0,0,0
25132,ECG,1391,8153,0,0,0,0,0
25137,ECG,1392,8050,0,0,0,0,0
25137,ECG,1393,7999,0,0,0,0,0
25142,ECG,1394,7948,0,0,0,0,0
25142,ECG,1395,7898,0,0,0,0,0
25142,ECG,1396,7848,0,0,0,0,0
25147,ECG,1397,7798,0,0,0,0,0
25147,ECG,1398,7749,0,0,0,0,0
25152,ECG,1399,7699,0,0,0,0,0
25152,ECG,1400,7651,0,0,0,0,0
25152,ECG,1401,7602,0,0,0,0,0
25157,ECG,1402,7554,0,0,0,0,0
25157,ECG,1403,7506,0,0,0,0,0
25162,ECG,1404,7458,0,0,0,0,0
25162,ECG,1405,7411,0,0,0,0,0
25162,ECG,1406,7364,0,0,0,0,0
25167,ECG,1407,7317,0,0,0,0,0
25167,ECG,1408,7271,0,0,0,0,0
25172,ECG,1409,7224,0,0,0,0,0
25172,ECG,1410,7178,0,0,0,0,0
25172,ECG,1411,7133,0,0,0,0,0
25177,ECG,1412,7088,0,0,0,0,0
25177,ECG,1413,7043,0,0,0,0,0
25182,ECG,1414,6998,0,0,0,0,0
25182,ECG,1415,6953,0,0,0,0,0
25182,ECG,1416,6909,0,0,0,0,0
25187,ECG,1417,6865,0,0,0,0,0
25187,ECG,1418,6821,0,0,0,0,0
25192,ECG,1419,6735,0,0,0,0,0
25192,ECG,1420,6692,0,0,0,0,0
25197,ECG,1421,6650,0,0,0,0,0
25197,ECG,1422,6608,0,0,0,0,0
25197,ECG,1423,6566,0,0,0,0,0
25202,ECG,1424,6524,0,0,0,0,0
25202,ECG,1425,6482,0,0,0,0,0
25207,ECG,1426,6441,0,0,0,0,0
25207,ECG,1427,6400,0,0,0,0,0
25207,ECG,1428,6359,0,0,0,0,0
25212,ECG,1429,6319,0,0,0,0,0
25212,ECG,1430,6279,0,0,0,0,0
25217,ECG,1431,6239,0,0,0,0,0
25217,ECG,1432,6199,0,0,0,0,0
25217,ECG,1433,6159,0,0,0,0,0
25222,ECG,1434,6120,0,0,0,0,0
25222,ECG,1435,6081,0,0,0,0,0
25227,ECG,1436,6042,0,0,0,0,0
25227,ECG,1437,6004,0,0,0,0,0
25227,ECG,1438,5966,0,0,0,0,0
25232,ECG,1439,5928,0,0,0,0,0
25232,ECG,1440,5890,0,0,0,0,0
25237,ECG,1441,5852,0,0,0,0,0
25237,ECG,1442,5815,0,0,0,0,0
25237,ECG,1443,5778,0,0,0,0,0
25242,ECG,1444,5741,0,0,0,0,0
25242,ECG,1445,5705,0,0,0,0,0
25247,ECG,1446,5632,0,0,0,0,0
25247,ECG,1447,5596,0,0,0,0,0
25252,ECG,1448,5561,0,0,0,0,0
25252,ECG,1449,5525,0,0,0,0,0
25252,ECG,1450,5490,0,0,0,0,0
25257,ECG,1451,5455,0,0,0,0,0
25257,ECG,1452,5420,0,0,0,0,0
25262,ECG,1453,5386,0,0,0,0,0
25262,ECG,1454,5351,0,0,0,0,0
25262,ECG,1455,5317,0,0,0,0,0
25267,ECG,1456,5283,0,0,0,0,0
25267,ECG,1457,5249,0,0,0,0,0
25272,ECG,1458,5216,0,0,0,0,0
25272,ECG,1459,5183,0,0,0,0,0
25272,ECG,1460,5150,0,0,0,0,0
25277,ECG,1461,5117,0,0,0,0,0
25277,ECG,1462,5084,0,0,0,0,0
25282,ECG,1463,5051,0,0,0,0,0
25282,ECG,1464,5019,0,0,0,0,0
25282,ECG,1465,4987,0,0,0,0,0
25287,ECG,1466,4955,0,0,0,0,0
25287,ECG,1467,4924,0,0,0,0,0
25292,ECG,1468,4861,0,0,0,0,0
25292,ECG,1469,4830,0,0,0,0,0
25297,ECG,1470,4799,0,0,0,0,0
25297,ECG,1471,4768,0,0,0,0,0
25297,ECG,1472,4738,0,0,0,0,0
25302,ECG,1473,4707,0,0,0,0,0
25302,ECG,1474,4677,0,0,0,0,0
25307,ECG,1475,4647,0,0,0,0,0
25307,ECG,1476,4618,0,0,0,0,0
25307,ECG,1477,4588,0,0,0,0,0
25312,ECG,1478,4559,0,0,0,0,0
25312,ECG,1479,4530,0,0,0,0,0
25317,ECG,1480,4501,0,0,0,0,0
25317,ECG,1481,4472,0,0,0,0,0
25317,ECG,1482,4443,0,0,0,0,0
25322,ECG,1483,4415,0,0,0,0,0
25322,ECG,1484,4386,0,0,0,0,0
25327,ECG,1485,4358,0,0,0,0,0
25327,ECG,1486,4330,0,0,0,0,0
25327,ECG,1487,4303,0,0,0,0,0
25332,ECG,1488,4275,0,0,0,0,0
25332,ECG,1489,4248,0,0,0,0,0
25337,ECG,1490,4193,0,0,0,0,0
25337,ECG,1491,4166,0,0,0,0,0
25342,ECG,1492,4140,0,0,0,0,0
25342,ECG,1493,4113,0,0,0,0,0
25342,ECG,1494,4087,0,0,0,0,0
25347,ECG,1495,4060,0,0,0,0,0
25347,ECG,1496,4034,0,0,0,0,0
25352,ECG,1497,4008,0,0,0,0,0
25352,ECG,1498,3983,0,0,0,0,0
25352,ECG,1499,3957,0,0,0,0,0
25357,ECG,1500,3932,0,0,0,0,0
25357,ECG,1501,3906,0,0,0,0,0
25362,ECG,1502,3881,0,0,0,0,0
25362,ECG,1503,3856,0,0,0,0,0
25362,ECG,1504,3832,0,0,0,0,0
25367,ECG,1505,3807,0,0,0,0,0
25367,ECG,1506,3782,0,0,0,0,0
25372,ECG,1507,3758,0,0,0,0,0
25372,ECG,1508,3734,0,0,0,0,0
25372,ECG,1509,3710,0,0,0,0,0
25377,ECG,1510,3686,0,0,0,0,0
25377,ECG,1511,3662,0,0,0,0,0
25382,ECG,1512,3639,0,0,0,0,0
25382,ECG,1513,3615,0,0,0,0,0
25382,ECG,1514,3592,0,0,0,0,0
25387,ECG,1515,3569,0,0,0,0,0
25387,ECG,1516,3546,0,0,0,0,0
25392,ECG,1517,3500,0,0,0,0,0
25392,ECG,1518,3478,0,0,0,0,0
25397,ECG,1519,3455,0,0,0,0,0
25397,ECG,1520,3433,0,0,0,0,0
25397,ECG,1521,3411,0,0,0,0,0
25402,ECG,1522,3389,0,0,0,0,0
25402,ECG,1523,3367,0,0,0,0,0
25407,ECG,1524,3345,0,0,0,0,0
25407,ECG,1525,3324,0,0,0,0,0
25407,ECG,1526,3302,0,0,0,0,0
25412,ECG,1527,3281,0,0,0,0,0
25412,ECG,1528,3260,0,0,0,0,0
25417,ECG,1529,3239,0,0,0,0,0
25417,ECG,1530,3218,0,0,0,0,0
25417,ECG,1531,3197,0,0,0,0,0
25422,ECG,1532,3176,0,0,0,0,0
25422,ECG,1533,3156,0,0,0,0,0
25427,ECG,1534,3135,0,0,0,0,0
25427,ECG,1535,3115,0,0,0,0,0
25427,ECG,1536,3095,0,0,0,0,0
25432,ECG,1537,3075,0,0,0,0,0
25432,ECG,1538,3055,0,0,0,0,0
25437,ECG,1539,3015,0,0,0,0,0
25437,ECG,1540,2996,0,0,0,0,0
25442,ECG,1541,2976,0,0,0,0,0
25442,ECG,1542,2957,0,0,0,0,0
25442,ECG,1543,2938,0,0,0,0,0
25447,ECG,1544,2919,0,0,0,0,0
25447,ECG,1545,2900,0,0,0,0,0
25452,ECG,1546,2881,0,0,0,0,0
25452,ECG,1547,2862,0,0,0,0,0
25452,ECG,1548,2844,0,0,0,0,0
25457,ECG,1549,2825,0,0,0,0,0
25457,ECG,1550,2807,0,0,0,0,0
25462,ECG,1551,2789,0,0,0,0,0
25462,ECG,1552,2771,0,0,0,0,0
25462,ECG,1553,2753,0,0,0,0,0
25467,ECG,1554,2735,0,0,0,0,0
25467,ECG,1555,2717,0,0,0,0,0
25472,ECG,1556,2700,0,0,0,0,0
25472,ECG,1557,2682,0,0,0,0,0
25472,ECG,1558,2665,0,0,0,0,0
25477,ECG,1559,2647,0,0,0,0,0
25477,ECG,1560,2630,0,0,0,0,0
25482,ECG,1561,2613,0,0,0,0,0
25482,ECG,1562,2596,0,0,0,0,0
25482,ECG,1563,2579,0,0,0,0,0
25487,ECG,1564,2562,0,0,0,0,0
25487,ECG,1565,2546,0,0,0,0,0
25492,ECG,1566,2513,0,0,0,0,0
25492,ECG,1567,2496,0,0,0,0,0
25497,ECG,1568,2480,0,0,0,0,0
25497,ECG,1569,2464,0,0,0,0,0
25497,ECG,1570,2448,0,0,0,0,0
25502,ECG,1571,2432,0,0,0,0,0
25502,ECG,1572,2416,0,0,0,0,0
25507,ECG,1573,2400,0,0,0,0,0
25507,ECG,1574,2385,0,0,0,0,0
25507,ECG,1575,2369,0,0,0,0,0
25512,ECG,1576,2354,0,0,0,0,0
25512,ECG,1577,2338,0,0,0,0,0
25517,ECG,1578,2323,0,0,0,0,0
25517,ECG,1579,2308,0,0,0,0,0
25517,ECG,1580,2293,0,0,0,0,0
25522,ECG,1581,2278,0,0,0,0,0
25522,ECG,1582,2263,0,0,0,0,0
25527,ECG,1583,2248,0,0,0,0,0
25527,ECG,1584,2233,0,0,0,0,0
25527,ECG,1585,2219,0,0,0,0,0
25532,ECG,1586,2204,0,0,0,0,0
25532,ECG,1587,2190,0,0,0,0,0
25537,ECG,1588,2161,0,0,0,0,0
25537,ECG,1589,2147,0,0,0,0,0
25542,ECG,1590,2133,0,0,0,0,0
25542,ECG,1591,2119,0,0,0,0,0
25542,ECG,1592,2105,0,0,0,0,0
25547,ECG,1593,2091,0,0,0,0,0
25547,ECG,1594,2078,0,0,0,0,0
25552,ECG,1595,2064,0,0,0,0,0
25552,ECG,1596,2050,0,0,0,0,0
25552,ECG,1597,2037,0,0,0,0,0
25557,ECG,1598,2023,0,0,0,0,0
25557,ECG,1599,2010,0,0,0,0,0
25562,ECG,1600,1997,0,0,0,0,0
25562,ECG,1601,1984,0,0,0,0,0
25562,ECG,1602,1971,0,0,0,0,0
25567,ECG,1603,1958,0,0,0,0,0
25567,ECG,1604,1945,0,0,0,0,0
25572,ECG,1605,1932,0,0,0,0,0
25572,ECG,1606,1919,0,0,0,0,0
25572,ECG,1607,1906,0,0,0,0,0
25577,ECG,1608,1894,0,0,0,0,0
25577,ECG,1609,1881,0,0,0,0,0
25582,ECG,1610,1857,0,0,0,0,0
25582,ECG,1611,1844,0,0,0,0,0
25587,ECG,1612,1832,0,0,0,0,0
25587,ECG,1613,1820,0,0,0,0,0
25587,ECG,1614,1808,0,0,0,0,0
25592,ECG,1615,1796,0,0,0,0,0
25592,ECG,1616,1784,0,0,0,0,0
25597,ECG,1617,1772,0,0,0,0,0
25597,ECG,1618,1761,0,0,0,0,0
25597,ECG,1619,1749,0,0,0,0,0
25602,ECG,1620,1737,0,0,0,0,0
25602,ECG,1621,1726,0,0,0,0,0
25607,ECG,1622,1714,0,0,0,0,0
25607,ECG,1623,1703,0,0,0,0,0
25607,ECG,1624,1692,0,0,0,0,0
25612,ECG,1625,1681,0,0,0,0,0
25612,ECG,1626,1669,0,0,0,0,0
25617,ECG,1627,1658,0,0,0,0,0
25617,ECG,1628,1647,0,0,0,0,0
25617,ECG,1629,1636,0,0,0,0,0
25622,ECG,1630,1625,0,0,0,0,0
25622,ECG,1631,1615,0,0,0,0,0
25627,ECG,1632,1604,0,0,0,0,0
25627,ECG,1633,1593,0,0,0,0,0
25627,ECG,1634,1583,0,0,0,0,0
25632,ECG,1635,1572,0,0,0,0,0
25632,ECG,1636,1562,0,0,0,0,0
25637,ECG,1637,1541,0,0,0,0,0
25637,ECG,1638,1531,0,0,0,0,0
25642,ECG,1639,1520,0,0,0,0,0
25642,ECG,1640,1510,0,0,0,0,0
25642,ECG,1641,1500,0,0,0,0,0
25647,ECG,1642,1490,0,0,0,0,0
25647,ECG,1643,1480,0,0,0,0,0
25652,ECG,1644,1470,0,0,0,0,0
25652,ECG,1645,1460,0,0,0,0,0
25652,ECG,1646,1451,0,0,0,0,0
25657,ECG,1647,1441,0,0,0,0,0
25657,ECG,1648,1431,0,0,0,0,0
25662,ECG,1649,1422,0,0,0,0,0
25662,ECG,1650,1412,0,0,0,0,0
25662,ECG,1651,1403,0,0,0,0,0
25667,ECG,1652,1393,0,0,0,0,0
25667,ECG,1653,1384,0,0,0,0,0
25672,ECG,1654,1375,0,0,0,0,0
25672,ECG,1655,1365,0,0,0,0,0
25672,ECG,1656,1356,0,0,0,0,0
25677,ECG,1657,1347,0,0,0,0,0
25677,ECG,1658,1338,0,0,0,0,0
25682,ECG,1659,1320,0,0,0,0,0
25682,ECG,1660,1311,0,0,0,0,0
25687,ECG,1661,1302,0,0,0,0,0
25687,ECG,1662,1294,0,0,0,0,0
25687,ECG,1663,1285,0,0,0,0,0
25692,ECG,1664,1276,0,0,0,0,0
25692,ECG,1665,1268,0,0,0,0,0
25697,ECG,1666,1259,0,0,0,0,0
25697,ECG,1667,1251,0,0,0,0,0
25697,ECG,1668,1242,0,0,0,0,0
25702,ECG,1669,1234,0,0,0,0,0
25702,ECG,1670,1225,0,0,0,0,0
25707,ECG,1671,1217,0,0,0,0,0
25707,ECG,1672,1209,0,0,0,0,0
25707,ECG,1673,1201,0,0,0,0,0
25712,ECG,1674,1192,0,0,0,0,0
25712,ECG,1675,1184,0,0,0,0,0
25717,ECG,1676,1176,0,0,0,0,0
25717,ECG,1677,1168,0,0,0,0,0
25717,ECG,1678,1160,0,0,0,0,0
25722,ECG,1679,1152,0,0,0,0,0
25722,ECG,1680,1145,0,0,0,0,0
26728,ECG,1681,0,0,0,0,0,0
26728,ECG,1682,-1,0,0,0,0,0
26728,ECG,1683,-6,0,0,0,0,0
26733,ECG,1684,2,0,0,0,0,0
26733,ECG,1685,6,0,0,0,0,0
26738,ECG,1686,-17,0,0,0,0,0
26738,ECG,1687,38,0,0,0,0,0
26738,ECG,1688,-16,0,0,0,0,0
26743,ECG,1689,-26,0,0,0,0,0
26743,ECG,1690,149,0,0,0,0,0
26748,ECG,1691,-752,0,0,0,0,0
26748,ECG,1692,-2110,0,0,0,0,0
26748,ECG,1693,-1852,0,0,0,0,0
26753,ECG,1694,-16,0,0,0,0,0
26753,ECG,1695,3412,0,0,0,0,0
26758,ECG,1696,15124,0,0,0,0,0
26758,ECG,1697,21629,0,0,0,0,0
26763,ECG,1698,27310,0,0,0,0,0
26763,ECG,1699,31212,0,0,0,0,0
26763,ECG,1700,32013,0,0,0,0,0
26768,ECG,1701,31812,0,0,0,0,0
26768,ECG,1702,31612,0,0,0,0,0
26773,ECG,1703,31316,0,0,0,0,0
26773,ECG,1704,31104,0,0,0,0,0
26773,ECG,1705,31021,0,0,0,0,0
26778,ECG,1706,30749,0,0,0,0,0
26778,ECG,1707,30589,0,0,0,0,0
26783,ECG,1708,30397,0,0,0,0,0
26783,ECG,1709,30197,0,0,0,0,0
26783,ECG,1710,30019,0,0,0,0,0
26788,ECG,1711,29829,0,0,0,0,0
26788,ECG,1712,29639,0,0,0,0,0
26793,ECG,1713,29453,0,0,0,0,0
26793,ECG,1714,29268,0,0,0,0,0
26793,ECG,1715,29084,0,0,0,0,0
26798,ECG,1716,28901,0,0,0,0,0
26798,ECG,1717,28719,0,0,0,0,0
26803,ECG,1718,28359,0,0,0,0,0
26803,ECG,1719,28180,0,0,0,0,0
26808,ECG,1720,28008,0,0,0,0,0
26808,ECG,1721,27822,0,0,0,0,0
26808,ECG,1722,27660,0,0,0,0,0
26813,ECG,1723,27523,0,0,0,0,0
26813,ECG,1724,27327,0,0,0,0,0
26818,ECG,1725,27098,0,0,0,0,0
26818,ECG,1726,26884,0,0,0,0,0
26818,ECG,1727,26655,0,0,0,0,0
26823,ECG,1728,26436,0,0,0,0,0
26823,ECG,1729,26249,0,0,0,0,0
26828,ECG,1730,26101,0,0,0,0,0
26828,ECG,1731,25973,0,0,0,0,0
26828,ECG,1732,25869,0,0,0,0,0
26833,ECG,1733,25808,0,0,0,0,0
26833,ECG,1734,25688,0,0,0,0,0
26838,ECG,1735,25505,0,0,0,0,0
26838,ECG,1736,25257,0,0,0,0,0
26838,ECG,1737,24999,0,0,0,0,0
26843,ECG,1738,24778,0,0,0,0,0
26843,ECG,1739,24582,0,0,0,0,0
26848,ECG,1740,24317,0,0,0,0,0
26848,ECG,1741,24240,0,0,0,0,0
26853,ECG,1742,24180,0,0,0,0,0
26853,ECG,1743,24086,0,0,0,0,0
26853,ECG,1744,23976,0,0,0,0,0
26858,ECG,1745,23791,0,0,0,0,0
26858,ECG,1746,23558,0,0,0,0,0
26863,ECG,1747,23386,0,0,0,0,0
26863,ECG,1748,23227,0,0,0,0,0
26863,ECG,1749,23076,0,0,0,0,0
26868,ECG,1750,22952,0,0,0,0,0
26868,ECG,1751,22837,0,0,0,0,0
26873,ECG,1752,22728,0,0,0,0,0
26873,ECG,1753,22618,0,0,0,0,0
26873,ECG,1754,22499,0,0,0,0,0
26878,ECG,1755,22339,0,0,0,0,0
26878,ECG,1756,22166,0,0,0,0,0
26883,ECG,1757,22017,0,0,0,0,0
26883,ECG,1758,21866,0,0,0,0,0
26883,ECG,1759,21728,0,0,0,0,0
26888,ECG,1760,21598,0,0,0,0,0
26888,ECG,1761,21456,0,0,0,0,0
26893,ECG,1762,21390,0,0,0,0,0
26893,ECG,1763,21277,0,0,0,0,0
26893,ECG,1764,21101,0,0,0,0,0
26898,ECG,1765,20884,0,0,0,0,0
26898,ECG,1766,20656,0,0,0,0,0
26903,ECG,1767,20214,0,0,0,0,0
26903,ECG,1768,20072,0,0,0,0,0
26908,ECG,1769,19983,0,0,0,0,0
26908,ECG,1770,19952,0,0,0,0,0
26908,ECG,1771,19934,0,0,0,0,0
26913,ECG,1772,19888,0,0,0,0,0
26913,ECG,1773,19864,0,0,0,0,0
26918,ECG,1774,19739,0,0,0,0,0
26918,ECG,1775,19578,0,0,0,0,0
26918,ECG,1776,19439,0,0,0,0,0
26923,ECG,1777,19332,0,0,0,0,0
26923,ECG,1778,19197,0,0,0,0,0
26928,ECG,1779,19091,0,0,0,0,0
26928,ECG,1780,18953,0,0,0,0,0
26928,ECG,1781,18847,0,0,0,0,0
26933,ECG,1782,18769,0,0,0,0,0
26933,ECG,1783,18650,0,0,0,0,0
26938,ECG,1784,18426,0,0,0,0,0
26938,ECG,1785,18213,0,0,0,0,0
26938,ECG,1786,17970,0,0,0,0,0
26943,ECG,1787,17739,0,0,0,0,0
26943,ECG,1788,17578,0,0,0,0,0
26948,ECG,1789,17451,0,0,0,0,0
26948,ECG,1790,17476,0,0,0,0,0
26953,ECG,1791,17473,0,0,0,0,0
26953,ECG,1792,17472,0,0,0,0,0
26953,ECG,1793,17416,0,0,0,0,0
26958,ECG,1794,17307,0,0,0,0,0
26958,ECG,1795,17139,0,0,0,0,0
26963,ECG,1796,17049,0,0,0,0,0
26963,ECG,1797,16941,0,0,0,0,0
26963,ECG,1798,16827,0,0,0,0,0
26968,ECG,1799,16727,0,0,0,0,0
26968,ECG,1800,16619,0,0,0,0,0
26973,ECG,1801,16515,0,0,0,0,0
26973,ECG,1802,16411,0,0,0,0,0
26973,ECG,1803,16308,0,0,0,0,0
26978,ECG,1804,16205,0,0,0,0,0
26978,ECG,1805,16103,0,0,0,0,0
26983,ECG,1806,16001,0,0,0,0,0
26983,ECG,1807,15900,0,0,0,0,0
26983,ECG,1808,15800,0,0,0,0,0
26988,ECG,1809,15701,0,0,0,0,0
26988,ECG,1810,15602,0,0,0,0,0
26993,ECG,1811,15503,0,0,0,0,0
26993,ECG,1812,15406,0,0,0,0,0
26993,ECG,1813,15309,0,0,0,0,0
26998,ECG,1814,15212,0,0,0,0,0
26998,ECG,1815,15116,0,0,0,0,0
27003,ECG,1816,14926,0,0,0,0,0
27003,ECG,1817,14832,0,0,0,0,0
27008,ECG,1818,14739,0,0,0,0,0
27008,ECG,1819,14646,0,0,0,0,0
27008,ECG,1820,14553,0,0,0,0,0
27013,ECG,1821,14462,0,0,0,0,0
27013,ECG,1822,14370,0,0,0,0,0
27018,ECG,1823,14280,0,0,0,0,0
27018,ECG,1824,14189,0,0,0,0,0
27018,ECG,1825,14100,0,0,0,0,0
27023,ECG,1826,14012,0,0,0,0,0
27023,ECG,1827,13922,0,0,0,0,0
27028,ECG,1828,13837,0,0,0,0,0
27028,ECG,1829,13746,0,0,0,0,0
27028,ECG,1830,13659,0,0,0,0,0
27033,ECG,1831,13593,0,0,0,0,0
27033,ECG,1832,13505,0,0,0,0,0
27038,ECG,1833,13393,0,0,0,0,0
27038,ECG,1834,13288,0,0,0,0,0
27038,ECG,1835,13180,0,0,0,0,0
27043,ECG,1836,13071,0,0,0,0,0
27043,ECG,1837,12974,0,0,0,0,0
27048,ECG,1838,12828,0,0,0,0,0
27048,ECG,1839,12768,0,0,0,0,0
27053,ECG,1840,12758,0,0,0,0,0
27053,ECG,1841,12706,0,0,0,0,0
27053,ECG,1842,12586,0,0,0,0,0
27058,ECG,1843,12450,0,0,0,0,0
27058,ECG,1844,12293,0,0,0,0,0
27063,ECG,1845,12152,0,0,0,0,0
27063,ECG,1846,12038,0,0,0,0,0
27063,ECG,1847,11964,0,0,0,0,0
27068,ECG,1848,11919,0,0,0,0,0
27068,ECG,1849,11905,0,0,0,0,0
27073,ECG,1850,11931,0,0,0,0,0
27073,ECG,1851,11914,0,0,0,0,0
27073,ECG,1852,11848,0,0,0,0,0
27078,ECG,1853,11727,0,0,0,0,0
27078,ECG,1854,11551,0,0,0,0,0
27083,ECG,1855,11421,0,0,0,0,0
27083,ECG,1856,11323,0,0,0,0,0
27083,ECG,1857,11243,0,0,0,0,0
27088,ECG,1858,11206,0,0,0,0,0
27088,ECG,1859,11191,0,0,0,0,0
27093,ECG,1860,11170,0,0,0,0,0
27093,ECG,1861,11144,0,0,0,0,0
27098,ECG,1862,11058,0,0,0,0,0
27098,ECG,1863,10922,0,0,0,0,0
27098,ECG,1864,10825,0,0,0,0,0
27103,ECG,1865,10729,0,0,0,0,0
27103,ECG,1866,10639,0,0,0,0,0
27108,ECG,1867,10574,0,0,0,0,0
27108,ECG,1868,10523,0,0,0,0,0
27108,ECG,1869,10489,0,0,0,0,0
27113,ECG,1870,10453,0,0,0,0,0
27113,ECG,1871,10412,0,0,0,0,0
27118,ECG,1872,10378,0,0,0,0,0
27118,ECG,1873,10311,0,0,0,0,0
27118,ECG,1874,10222,0,0,0,0,0
27123,ECG,1875,10159,0,0,0,0,0
27123,ECG,1876,10098,0,0,0,0,0
27128,ECG,1877,10031,0,0,0,0,0
27128,ECG,1878,9969,0,0,0,0,0
27128,ECG,1879,9905,0,0,0,0,0
27133,ECG,1880,9842,0,0,0,0,0
27133,ECG,1881,9780,0,0,0,0,0
27138,ECG,1882,9718,0,0,0,0,0
27138,ECG,1883,9657,0,0,0,0,0
27138,ECG,1884,9596,0,0,0,0,0
27143,ECG,1885,9535,0,0,0,0,0
27143,ECG,1886,9475,0,0,0,0,0
27148,ECG,1887,9355,0,0,0,0,0
27148,ECG,1888,9296,0,0,0,0,0
27153,ECG,1889,9237,0,0,0,0,0
27153,ECG,1890,9179,0,0,0,0,0
27153,ECG,1891,9121,0,0,0,0,0
27158,ECG,1892,9063,0,0,0,0,0
27158,ECG,1893,9006,0,0,0,0,0
27163,ECG,1894,8949,0,0,0,0,0
27163,ECG,1895,8892,0,0,0,0,0
27163,ECG,1896,8836,0,0,0,0,0
27168,ECG,1897,8780,0,0,0,0,0
27168,ECG,1898,8724,0,0,0,0,0
27173,ECG,1899,8669,0,0,0,0,0
27173,ECG,1900,8614,0,0,0,0,0
27173,ECG,1901,8559,0,0,0,0,0
27178,ECG,1902,8505,0,0,0,0,0
27178,ECG,1903,8451,0,0,0,0,0
27183,ECG,1904,8398,0,0,0,0,0
27183,ECG,1905,8344,0,0,0,0,0
27183,ECG,1906,8291,0,0,0,0,0
27188,ECG,1907,8239,0,0,0,0,0
27188,ECG,1908,8185,0,0,0,0,0
27193,ECG,1909,8093,0,0,0,0,0
27193,ECG,1910,8032,0,0,0,0,0
27198,ECG,1911,7971,0,0,0,0,0
27198,ECG,1912,7911,0,0,0,0,0
27198,ECG,1913,7848,0,0,0,0,0
27203,ECG,1914,7792,0,0,0,0,0
27203,ECG,1915,7741,0,0,0,0,0
27208,ECG,1916,7695,0,0,0,0,0
27208,ECG,1917,7657,0,0,0,0,0
27208,ECG,1918,7620,0,0,0,0,0
27213,ECG,1919,7581,0,0,0,0,0
27213,ECG,1920,7544,0,0,0,0,0
27218,ECG,1921,7499,0,0,0,0,0
27218,ECG,1922,7444,0,0,0,0,0
27218,ECG,1923,7395,0,0,0,0,0
27223,ECG,1924,7349,0,0,0,0,0
27223,ECG,1925,7302,0,0,0,0,0
27228,ECG,1926,7256,0,0,0,0,0
27228,ECG,1927,7210,0,0,0,0,0
27228,ECG,1928,7164,0,0,0,0,0
27233,ECG,1929,7118,0,0,0,0,0
27233,ECG,1930,7073,0,0,0,0,0
27238,ECG,1931,7028,0,0,0,0,0
27238,ECG,1932,6983,0,0,0,0,0
27238,ECG,1933,6939,0,0,0,0,0
27243,ECG,1934,6895,0,0,0,0,0
27243,ECG,1935,6851,0,0,0,0,0
27248,ECG,1936,6765,0,0,0,0,0
27248,ECG,1937,6722,0,0,0,0,0
27253,ECG,1938,6679,0,0,0,0,0
27253,ECG,1939,6636,0,0,0,0,0
27253,ECG,1940,6594,0,0,0,0,0
27258,ECG,1941,6552,0,0,0,0,0
27258,ECG,1942,6510,0,0,0,0,0
27263,ECG,1943,6469,0,0,0,0,0
27263,ECG,1944,6428,0,0,0,0,0
27263,ECG,1945,6387,0,0,0,0,0
27268,ECG,1946,6346,0,0,0,0,0
27268,ECG,1947,6305,0,0,0,0,0
27273,ECG,1948,6265,0,0,0,0,0
27273,ECG,1949,6226,0,0,0,0,0
27273,ECG,1950,6186,0,0,0,0,0
27278,ECG,1951,6147,0,0,0,0,0
27278,ECG,1952,6107,0,0,0,0,0
27283,ECG,1953,6069,0,0,0,0,0
27283,ECG,1954,6030,0,0,0,0,0
27283,ECG,1955,5991,0,0,0,0,0
27288,ECG,1956,5954,0,0,0,0,0
27288,ECG,1957,5913,0,0,0,0,0
27293,ECG,1958,5851,0,0,0,0,0
27293,ECG,1959,5804,0,0,0,0,0
27298,ECG,1960,5755,0,0,0,0,0
27298,ECG,1961,5708,0,0,0,0,0
27298,ECG,1962,5658,0,0,0,0,0
27303,ECG,1963,5611,0,0,0,0,0
27303,ECG,1964,5573,0,0,0,0,0
27308,ECG,1965,5541,0,0,0,0,0
27308,ECG,1966,5517,0,0,0,0,0
27308,ECG,1967,5496,0,0,0,0,0
27313,ECG,1968,5470,0,0,0,0,0
27313,ECG,1969,5448,0,0,0,0,0
27318,ECG,1970,5421,0,0,0,0,0
27318,ECG,1971,5377,0,0,0,0,0
27318,ECG,1972,5339,0,0,0,0,0
27323,ECG,1973,5308,0,0,0,0,0
27323,ECG,1974,5272,0,0,0,0,0
27328,ECG,1975,5242,0,0,0,0,0
27328,ECG,1976,5202,0,0,0,0,0
27328,ECG,1977,5175,0,0,0,0,0
27333,ECG,1978,5164,0,0,0,0,0
27333,ECG,1979,5119,0,0,0,0,0
27338,ECG,1980,5002,0,0,0,0,0
27338,ECG,1981,4938,0,0,0,0,0
27343,ECG,1982,4880,0,0,0,0,0
27343,ECG,1983,4839,0,0,0,0,0
27343,ECG,1984,4812,0,0,0,0,0
27348,ECG,1985,4803,0,0,0,0,0
27348,ECG,1986,4805,0,0,0,0,0
27353,ECG,1987,4798,0,0,0,0,0
27353,ECG,1988,4794,0,0,0,0,0
27353,ECG,1989,4788,0,0,0,0,0
27358,ECG,1990,4742,0,0,0,0,0
27358,ECG,1991,4696,0,0,0,0,0
27363,ECG,1992,4673,0,0,0,0,0
27363,ECG,1993,4641,0,0,0,0,0
27363,ECG,1994,4610,0,0,0,0,0
27368,ECG,1995,4583,0,0,0,0,0
27368,ECG,1996,4552,0,0,0,0,0
27373,ECG,1997,4523,0,0,0,0,0
27373,ECG,1998,4494,0,0,0,0,0
27373,ECG,1999,4466,0,0,0,0,0
27378,ECG,2000,4437,0,0,0,0,0
27378,ECG,2001,4408,0,0,0,0,0
27383,ECG,2002,4381,0,0,0,0,0
27383,ECG,2003,4351,0,0,0,0,0
27383,ECG,2004,4325,0,0,0,0,0
27388,ECG,2005,4298,0,0,0,0,0
27388,ECG,2006,4263,0,0,0,0,0
27393,ECG,2007,4250,0,0,0,0,0
27393,ECG,2008,4184,0,0,0,0,0
27398,ECG,2009,4121,0,0,0,0,0
27398,ECG,2010,4058,0,0,0,0,0
27398,ECG,2011,3986,0,0,0,0,0
27403,ECG,2012,3932,0,0,0,0,0
27403,ECG,2013,3903,0,0,0,0,0
27408,ECG,2014,3894,0,0,0,0,0
27408,ECG,2015,3909,0,0,0,0,0
27408,ECG,2016,3928,0,0,0,0,0
27413,ECG,2017,3935,0,0,0,0,0
27413,ECG,2018,3953,0,0,0,0,0
27418,ECG,2019,3940,0,0,0,0,0
27418,ECG,2020,3882,0,0,0,0,0
27418,ECG,2021,3853,0,0,0,0,0
27423,ECG,2022,3835,0,0,0,0,0
27423,ECG,2023,3805,0,0,0,0,0
27428,ECG,2024,3782,0,0,0,0,0
27428,ECG,2025,3758,0,0,0,0,0
27428,ECG,2026,3733,0,0,0,0,0
27433,ECG,2027,3710,0,0,0,0,0
27433,ECG,2028,3686,0,0,0,0,0
27438,ECG,2029,3639,0,0,0,0,0
27438,ECG,2030,3615,0,0,0,0,0
27443,ECG,2031,3592,0,0,0,0,0
27443,ECG,2032,3569,0,0,0,0,0
27443,ECG,2033,3546,0,0,0,0,0
27448,ECG,2034,3523,0,0,0,0,0
27448,ECG,2035,3500,0,0,0,0,0
27453,ECG,2036,3478,0,0,0,0,0
27453,ECG,2037,3455,0,0,0,0,0
27453,ECG,2038,3433,0,0,0,0,0
27458,ECG,2039,3411,0,0,0,0,0
27458,ECG,2040,3389,0,0,0,0,0
27463,ECG,2041,3367,0,0,0,0,0
27463,ECG,2042,3345,0,0,0,0,0
27463,ECG,2043,3324,0,0,0,0,0
27468,ECG,2044,3302,0,0,0,0,0
27468,ECG,2045,3281,0,0,0,0,0
27473,ECG,2046,3260,0,0,0,0,0
27473,ECG,2047,3239,0,0,0,0,0
27283,IMU,416,1184,-428,8368,-99,85,35
27302,IMU,417,1088,-412,8400,-111,51,44
27323,IMU,418,1140,-368,8400,-112,72,34
27340,IMU,419,1080,-400,8456,-112,59,25
27359,IMU,420,1068,-368,8376,-107,53,45
27378,IMU,421,1172,-396,8452,-100,55,44
27397,IMU,422,996,-428,8416,-109,72,50
27417,IMU,423,1060,-408,8360,-98,72,49
27436,IMU,424,1080,-428,8400,-85,56,39
27455,IMU,425,1152,-400,8440,-92,66,34
27474,IMU,426,1168,-384,8352,-80,69,51
27493,IMU,427,1004,-308,8420,-113,85,30
27512,IMU,428,1184,-408,8348,-101,59,49
27535,IMU,429,1092,-396,8440,-96,45,50
27551,IMU,430,1160,-396,8372,-111,68,38
27570,IMU,431,1068,-320,8400,-95,65,45
27589,IMU,432,1068,-456,8404,-68,45,27
27608,IMU,433,1180,-260,8436,-102,42,43
27627,IMU,434,996,-440,8368,-106,50,49
27646,IMU,435,1124,-404,8392,-111,65,50
27665,IMU,436,1068,-432,8332,-94,58,40
27685,IMU,437,1024,-440,8464,-81,64,42
27703,IMU,438,1052,-400,8420,-94,69,32
27722,IMU,439,1032,-436,8404,-97,65,27
27745,IMU,440,1168,-444,8340,-102,64,54
27763,IMU,441,1116,-472,8436,-90,78,31
27780,IMU,442,1060,-292,8416,-98,49,40
27799,IMU,443,1032,-400,8480,-116,60,42
27818,IMU,444,1056,-312,8528,-83,40,42
27837,IMU,445,1064,-356,8336,-106,45,40
27856,IMU,446,1156,-500,8488,-96,60,34
27876,IMU,447,1060,-360,8356,-79,60,36
27895,IMU,448,1084,-364,8372,-98,62,45
27914,IMU,449,1184,-444,8432,-93,51,38
27933,IMU,450,1144,-428,8364,-104,49,47
27952,IMU,451,1088,-392,8356,-93,64,41
27973,IMU,452,1092,-328,8396,-100,70,48
27991,IMU,453,1092,-416,8368,-102,58,48
28010,IMU,454,964,-392,8432,-99,55,30
28029,IMU,455,996,-368,8420,-75,53,35
28048,IMU,456,1076,-352,8376,-108,45,42
28067,IMU,457,1100,-456,8320,-118,59,48
28086,IMU,458,1168,-428,8404,-101,60,41
28106,IMU,459,1044,-308,8396,-87,77,22
28125,IMU,460,1080,-424,8392,-95,64,29
28144,IMU,461,1028,-348,8408,-106,68,49
28163,IMU,462,1104,-400,8384,-89,52,28
28186,IMU,463,1064,-392,8408,-86,60,29
28202,IMU,464,1196,-404,8436,-115,56,16
28221,IMU,465,1148,-412,8432,-111,56,35
28240,IMU,466,1020,-488,8464,-114,56,30
28259,IMU,467,1120,-344,8388,-83,64,49
28278,IMU,468,1164,-492,8512,-97,49,24
28297,IMU,469,1128,-436,8428,-99,65,56
28316,IMU,470,1132,-380,8360,-93,64,30
28335,IMU,471,1112,-408,8468,-78,70,34
28355,IMU,472,1152,-304,8476,-95,63,30
28374,IMU,473,1116,-428,8400,-117,61,30
28393,IMU,474,1164,-336,8424,-82,44,48
28414,IMU,475,1160,-432,8408,-93,68,44
28431,IMU,476,1040,-352,8368,-107,52,55
28450,IMU,477,1128,-404,8376,-101,77,31
28470,IMU,478,1100,-500,8476,-92,74,29
28489,IMU,479,1132,-448,8340,-102,42,40
28508,IMU,480,1188,-488,8440,-83,63,37
28527,IMU,481,1116,-496,8276,-97,72,39
28546,IMU,482,1156,-380,8328,-80,61,14
28565,IMU,483,1128,-412,8516,-102,60,47
28585,IMU,484,1024,-388,8360,-96,40,29
28604,IMU,485,1128,-356,8412,-99,52,44
28626,IMU,486,1036,-404,8428,-97,63,27
28656,IMU,487,1060,-468,8468,-108,46,22
28661,IMU,488,1120,-524,8392,-85,75,33
28680,IMU,489,1124,-396,8380,-87,60,36
28699,IMU,490,1076,-484,8316,-111,55,33
28719,IMU,491,1108,-456,8480,-87,82,42
28738,IMU,492,1176,-360,8396,-98,53,29
28757,IMU,493,1068,-416,8420,-90,45,45
28776,IMU,494,1072,-396,8392,-80,51,36
28796,IMU,495,1056,-388,8408,-80,76,41
28815,IMU,496,1084,-344,8388,-87,43,18
28835,IMU,497,1048,-336,8380,-87,55,41
28855,IMU,498,1124,-412,8444,-100,63,29
28872,IMU,499,1168,-312,8332,-106,53,37
28891,IMU,500,1024,-428,8320,-96,50,39
28910,IMU,501,1132,-328,8388,-98,52,32
28929,IMU,502,1052,-340,8400,-109,63,45
28948,IMU,503,1104,-476,8424,-90,45,51
28968,IMU,504,1112,-380,8404,-88,56,47
28987,IMU,505,1056,-364,8456,-99,67,50
29006,IMU,506,1156,-484,8436,-100,61,45
29025,IMU,507,1096,-360,8352,-105,54,44
29044,IMU,508,1028,-340,8480,-108,61,22
29065,IMU,509,1084,-412,8400,-87,79,36
29083,IMU,510,1052,-424,8416,-96,62,36
29102,IMU,511,1104,-460,8440,-94,52,34
29121,IMU,512,1096,-480,8420,-105,45,39
29140,IMU,513,1080,-412,8452,-95,60,43
29159,IMU,514,1116,-408,8296,-91,61,52
29178,IMU,515,1164,-328,8248,-100,59,54
29197,IMU,516,1168,-416,8304,-100,60,27
29216,IMU,517,1144,-404,8424,-96,55,37
29236,IMU,518,1088,-348,8396,-88,58,50
29255,IMU,519,1080,-384,8380,-111,51,30
29277,IMU,520,1044,-440,8380,-83,63,31
29294,IMU,521,1140,-392,8304,-97,41,28
29312,IMU,522,1104,-320,8388,-94,55,26
29331,IMU,523,1076,-400,8544,-94,64,31
29352,IMU,524,1152,-336,8368,-100,42,46
29369,IMU,525,1136,-388,8432,-103,60,33
29388,IMU,526,1120,-428,8352,-92,58,36
29408,IMU,527,1148,-380,8416,-107,61,40
29427,IMU,528,1088,-440,8408,-86,46,39
29446,IMU,529,1172,-496,8336,-96,53,31
29465,IMU,530,1100,-448,8356,-88,78,48
29484,IMU,531,1108,-368,8368,-89,61,37
29505,IMU,532,1188,-484,8332,-100,52,30
29523,IMU,533,1100,-408,8448,-100,63,41
29542,IMU,534,1056,-392,8328,-77,59,37
29561,IMU,535,1092,-420,8460,-106,54,33
29580,IMU,536,1084,-472,8460,-98,63,35
29599,IMU,537,1140,-472,8388,-94,68,39
29618,IMU,538,1140,-328,8428,-105,49,39
29637,IMU,539,1060,-384,8404,-87,36,47
29656,IMU,540,1156,-388,8456,-91,60,44
29676,IMU,541,1072,-404,8392,-99,69,52
29695,IMU,542,1160,-444,8540,-92,51,24
29717,IMU,543,1156,-344,8456,-98,72,36
29733,IMU,544,1056,-480,8392,-102,53,43
29752,IMU,545,1212,-408,8428,-104,46,51
29771,IMU,546,1136,-444,8440,-89,68,23
29790,IMU,547,1208,-460,8364,-106,56,45
29809,IMU,548,1036,-340,8452,-92,54,40
29829,IMU,549,1064,-296,8372,-106,47,16
29848,IMU,550,1096,-412,8376,-100,49,46
29867,IMU,551,1104,-380,8464,-115,65,39
29886,IMU,552,1044,-448,8380,-87,48,42
29905,IMU,553,1152,-440,8440,-95,63,30
29924,IMU,554,1072,-332,8488,-108,62,27
29945,IMU,555,1132,-424,8424,-96,62,23
29962,IMU,556,1068,-448,8432,-87,45,36
29982,IMU,557,1068,-404,8448,-96,49,31
30001,IMU,558,1136,-440,8424,-87,57,56
30020,IMU,559,1036,-448,8480,-93,54,20
30039,IMU,560,1048,-404,8328,-97,82,57
30058,IMU,561,1024,-396,8536,-94,54,52
30077,IMU,562,1108,-472,8388,-124,57,32
30097,IMU,563,1140,-380,8416,-109,60,42
30116,IMU,564,1144,-392,8444,-99,58,40
30135,IMU,565,1120,-476,8384,-96,63,43
30159,IMU,566,1136,-520,8508,-105,70,30
30173,IMU,567,1124,-320,8352,-103,67,52
30192,IMU,568,1036,-500,8412,-87,47,30
30212,IMU,569,1124,-400,8356,-95,60,31
30231,IMU,570,1128,-452,8472,-107,69,37
30250,IMU,571,1184,-544,8456,-108,62,35
30269,IMU,572,1144,-440,8428,-97,50,32
30288,IMU,573,1072,-432,8412,-73,48,46
30307,IMU,574,1048,-468,8428,-100,58,45
30327,IMU,575,1140,-392,8452,-93,62,44
30346,IMU,576,1180,-448,8324,-117,60,42
30368,IMU,577,1100,-356,8384,-102,52,45
30385,IMU,578,1012,-376,8460,-99,65,37
30403,IMU,579,1192,-468,8408,-99,57,45
30422,IMU,580,1180,-360,8376,-100,71,45
30441,IMU,581,1092,-352,8472,-86,54,40
30461,IMU,582,1088,-448,8448,-105,76,36
30480,IMU,583,1008,-448,8380,-100,44,34
30499,IMU,584,1020,-456,8404,-109,62,39
30518,IMU,585,1100,-304,8440,-115,62,40
30537,IMU,586,1152,-324,8416,-77,55,52
30556,IMU,587,1084,-492,8352,-113,43,30
30576,IMU,588,1160,-324,8464,-100,66,40
30596,IMU,589,1092,-380,8404,-107,55,52
30614,IMU,590,1012,-440,8420,-109,65,47
30633,IMU,591,984,-332,8408,-91,64,25
30652,IMU,592,1280,-328,8440,-80,45,45
30671,IMU,593,1092,-340,8440,-89,61,36
30691,IMU,594,1056,-516,8372,-91,52,36
30710,IMU,595,1096,-404,8384,-94,65,34
30729,IMU,596,1032,-424,8484,-84,55,48
30748,IMU,597,1064,-440,8424,-92,46,40
30767,IMU,598,1096,-440,8420,-92,59,42
30786,IMU,599,1196,-440,8416,-96,54,36
30809,IMU,600,1088,-420,8420,-105,79,42
30825,IMU,601,1124,-432,8372,-84,54,39
30844,IMU,602,1060,-340,8436,-84,61,49
30863,IMU,603,1072,-236,8388,-92,63,37
30882,IMU,604,1120,-384,8396,-97,61,36
30902,IMU,605,1116,-428,8396,-93,59,42
30921,IMU,606,1128,-488,8500,-98,57,55
30939,IMU,607,1120,-392,8436,-96,65,36
30959,IMU,608,1060,-364,8408,-85,55,37
30978,IMU,609,1012,-472,8412,-104,49,55
30997,IMU,610,956,-404,8396,-99,53,28
31016,IMU,611,1176,-396,8328,-105,58,53
31037,IMU,612,1104,-404,8452,-68,62,46
31054,IMU,613,996,-460,8472,-105,54,33
31074,IMU,614,980,-448,8412,-87,66,55
31093,IMU,615,1064,-368,8420,-87,57,47
31112,IMU,616,1064,-352,8464,-104,72,49
31131,IMU,617,1056,-400,8380,-102,60,33
31150,IMU,618,964,-408,8428,-87,61,36
31169,IMU,619,1088,-388,8492,-92,59,47
31188,IMU,620,1196,-396,8368,-79,48,41
31208,IMU,621,1088,-420,8408,-95,46,42
31227,IMU,622,1100,-416,8444,-101,49,41
31247,IMU,623,1084,-428,8408,-80,78,40
27473,ECG,2048,3218,0,0,0,0,0
27478,ECG,2049,3197,0,0,0,0,0
27478,ECG,2050,3176,0,0,0,0,0
27483,ECG,2051,3156,0,0,0,0,0
27483,ECG,2052,3135,0,0,0,0,0
27483,ECG,2053,3115,0,0,0,0,0
27488,ECG,2054,3095,0,0,0,0,0
27488,ECG,2055,3075,0,0,0,0,0
27488,ECG,2056,3055,0,0,0,0,0
27493,ECG,2057,3035,0,0,0,0,0
27493,ECG,2058,3015,0,0,0,0,0
27498,ECG,2059,2996,0,0,0,0,0
27498,ECG,2060,2976,0,0,0,0,0
27498,ECG,2061,2957,0,0,0,0,0
27503,ECG,2062,2938,0,0,0,0,0
27503,ECG,2063,2917,0,0,0,0,0
27508,ECG,2064,2900,0,0,0,0,0
27508,ECG,2065,2882,0,0,0,0,0
27508,ECG,2066,2857,0,0,0,0,0
27513,ECG,2067,2856,0,0,0,0,0
27513,ECG,2068,2853,0,0,0,0,0
27518,ECG,2069,2806,0,0,0,0,0
27518,ECG,2070,2758,0,0,0,0,0
27518,ECG,2071,2713,0,0,0,0,0
27523,ECG,2072,2659,0,0,0,0,0
27523,ECG,2073,2619,0,0,0,0,0
27528,ECG,2074,2598,0,0,0,0,0
27528,ECG,2075,2590,0,0,0,0,0
27528,ECG,2076,2608,0,0,0,0,0
27533,ECG,2077,2633,0,0,0,0,0
27533,ECG,2078,2634,0,0,0,0,0
27538,ECG,2079,2626,0,0,0,0,0
27538,ECG,2080,2572,0,0,0,0,0
27543,ECG,2081,2541,0,0,0,0,0
27543,ECG,2082,2528,0,0,0,0,0
27543,ECG,2083,2511,0,0,0,0,0
27548,ECG,2084,2505,0,0,0,0,0
27548,ECG,2085,2501,0,0,0,0,0
27553,ECG,2086,2492,0,0,0,0,0
27553,ECG,2087,2488,0,0,0,0,0
27553,ECG,2088,2478,0,0,0,0,0
27558,ECG,2089,2455,0,0,0,0,0
27558,ECG,2090,2435,0,0,0,0,0
27563,ECG,2091,2421,0,0,0,0,0
27563,ECG,2092,2404,0,0,0,0,0
27563,ECG,2093,2389,0,0,0,0,0
27568,ECG,2094,2373,0,0,0,0,0
27568,ECG,2095,2357,0,0,0,0,0
27573,ECG,2096,2342,0,0,0,0,0
27573,ECG,2097,2327,0,0,0,0,0
27573,ECG,2098,2312,0,0,0,0,0
27578,ECG,2099,2297,0,0,0,0,0
27578,ECG,2100,2282,0,0,0,0,0
27583,ECG,2101,2267,0,0,0,0,0
27583,ECG,2102,2252,0,0,0,0,0
27583,ECG,2103,2237,0,0,0,0,0
27588,ECG,2104,2222,0,0,0,0,0
27588,ECG,2105,2208,0,0,0,0,0
27588,ECG,2106,2193,0,0,0,0,0
27593,ECG,2107,2179,0,0,0,0,0
27593,ECG,2108,2165,0,0,0,0,0
27598,ECG,2109,2150,0,0,0,0,0
27598,ECG,2110,2137,0,0,0,0,0
27598,ECG,2111,2123,0,0,0,0,0
27603,ECG,2112,2106,0,0,0,0,0
27603,ECG,2113,2098,0,0,0,0,0
27608,ECG,2114,2081,0,0,0,0,0
27608,ECG,2115,2061,0,0,0,0,0
27608,ECG,2116,2091,0,0,0,0,0
27613,ECG,2117,2084,0,0,0,0,0
27613,ECG,2118,2012,0,0,0,0,0
27618,ECG,2119,1944,0,0,0,0,0
27618,ECG,2120,1871,0,0,0,0,0
27618,ECG,2121,1789,0,0,0,0,0
27623,ECG,2122,1740,0,0,0,0,0
27623,ECG,2123,1725,0,0,0,0,0
27628,ECG,2124,1744,0,0,0,0,0
27628,ECG,2125,1799,0,0,0,0,0
27628,ECG,2126,1852,0,0,0,0,0
27633,ECG,2127,1892,0,0,0,0,0
27633,ECG,2128,1945,0,0,0,0,0
27638,ECG,2129,1878,0,0,0,0,0
27638,ECG,2130,1864,0,0,0,0,0
27643,ECG,2131,1859,0,0,0,0,0
27643,ECG,2132,1841,0,0,0,0,0
27643,ECG,2133,1830,0,0,0,0,0
27648,ECG,2134,1820,0,0,0,0,0
27648,ECG,2135,1803,0,0,0,0,0
27653,ECG,2136,1797,0,0,0,0,0
27653,ECG,2137,1803,0,0,0,0,0
27653,ECG,2138,1780,0,0,0,0,0
27658,ECG,2139,1743,0,0,0,0,0
27658,ECG,2140,1714,0,0,0,0,0
27663,ECG,2141,1678,0,0,0,0,0
27663,ECG,2142,1645,0,0,0,0,0
27663,ECG,2143,1626,0,0,0,0,0
27668,ECG,2144,1618,0,0,0,0,0
27668,ECG,2145,1625,0,0,0,0,0
27673,ECG,2146,1642,0,0,0,0,0
27673,ECG,2147,1650,0,0,0,0,0
27673,ECG,2148,1661,0,0,0,0,0
27678,ECG,2149,1669,0,0,0,0,0
27678,ECG,2150,1646,0,0,0,0,0
27683,ECG,2151,1617,0,0,0,0,0
27683,ECG,2152,1605,0,0,0,0,0
27688,ECG,2153,1593,0,0,0,0,0
27688,ECG,2154,1584,0,0,0,0,0
27688,ECG,2155,1573,0,0,0,0,0
27693,ECG,2156,1563,0,0,0,0,0
27693,ECG,2157,1552,0,0,0,0,0
27698,ECG,2158,1542,0,0,0,0,0
27698,ECG,2159,1531,0,0,0,0,0
27698,ECG,2160,1523,0,0,0,0,0
27703,ECG,2161,1509,0,0,0,0,0
27703,ECG,2162,1501,0,0,0,0,0
27708,ECG,2163,1495,0,0,0,0,0
27708,ECG,2164,1472,0,0,0,0,0
27708,ECG,2165,1505,0,0,0,0,0
27713,ECG,2166,1505,0,0,0,0,0
27713,ECG,2167,1475,0,0,0,0,0
27718,ECG,2168,1343,0,0,0,0,0
27718,ECG,2169,1227,0,0,0,0,0
27718,ECG,2170,1088,0,0,0,0,0
27723,ECG,2171,976,0,0,0,0,0
27723,ECG,2172,944,0,0,0,0,0
27728,ECG,2173,972,0,0,0,0,0
27728,ECG,2174,1058,0,0,0,0,0
27728,ECG,2175,1229,0,0,0,0,0
27733,ECG,2176,1348,0,0,0,0,0
27733,ECG,2177,1390,0,0,0,0,0
27733,ECG,2178,1391,0,0,0,0,0
27738,ECG,2179,1257,0,0,0,0,0
27738,ECG,2180,1132,0,0,0,0,0
27743,ECG,2181,1098,0,0,0,0,0
27743,ECG,2182,1082,0,0,0,0,0
27743,ECG,2183,1103,0,0,0,0,0
27748,ECG,2184,1162,0,0,0,0,0
27748,ECG,2185,1230,0,0,0,0,0
27753,ECG,2186,1283,0,0,0,0,0
27753,ECG,2187,1330,0,0,0,0,0
27753,ECG,2188,1316,0,0,0,0,0
27758,ECG,2189,1240,0,0,0,0,0
27758,ECG,2190,1208,0,0,0,0,0
27763,ECG,2191,1196,0,0,0,0,0
27763,ECG,2192,1176,0,0,0,0,0
27763,ECG,2193,1181,0,0,0,0,0
27768,ECG,2194,1185,0,0,0,0,0
27768,ECG,2195,1196,0,0,0,0,0
27773,ECG,2196,1232,0,0,0,0,0
27773,ECG,2197,1239,0,0,0,0,0
27773,ECG,2198,1199,0,0,0,0,0
27778,ECG,2199,1147,0,0,0,0,0
27778,ECG,2200,1097,0,0,0,0,0
27783,ECG,2201,1026,0,0,0,0,0
27783,ECG,2202,1024,0,0,0,0,0
27788,ECG,2203,1037,0,0,0,0,0
27788,ECG,2204,1070,0,0,0,0,0
27788,ECG,2205,1124,0,0,0,0,0
27793,ECG,2206,1147,0,0,0,0,0
27793,ECG,2207,1141,0,0,0,0,0
28799,ECG,2208,0,0,0,0,0,0
28799,ECG,2209,-1,0,0,0,0,0
28799,ECG,2210,-6,0,0,0,0,0
28804,ECG,2211,2,0,0,0,0,0
28804,ECG,2212,6,0,0,0,0,0
28809,ECG,2213,-17,0,0,0,0,0
28809,ECG,2214,38,0,0,0,0,0
28809,ECG,2215,-16,0,0,0,0,0
28814,ECG,2216,-26,0,0,0,0,0
28814,ECG,2217,151,0,0,0,0,0
28819,ECG,2218,-754,0,0,0,0,0
28819,ECG,2219,-2109,0,0,0,0,0
28819,ECG,2220,-1850,0,0,0,0,0
28824,ECG,2221,-40,0,0,0,0,0
28824,ECG,2222,3401,0,0,0,0,0
28824,ECG,2223,8722,0,0,0,0,0
28829,ECG,2224,15155,0,0,0,0,0
28829,ECG,2225,21784,0,0,0,0,0
28834,ECG,2226,27481,0,0,0,0,0
28834,ECG,2227,31256,0,0,0,0,0
28834,ECG,2228,32010,0,0,0,0,0
28839,ECG,2229,31809,0,0,0,0,0
28839,ECG,2230,31609,0,0,0,0,0
28844,ECG,2231,30808,0,0,0,0,0
28844,ECG,2232,30591,0,0,0,0,0
28844,ECG,2233,30590,0,0,0,0,0
28849,ECG,2234,30443,0,0,0,0,0
28849,ECG,2235,30501,0,0,0,0,0
28854,ECG,2236,30443,0,0,0,0,0
28854,ECG,2237,30259,0,0,0,0,0
28854,ECG,2238,30007,0,0,0,0,0
28859,ECG,2239,29631,0,0,0,0,0
28859,ECG,2240,29345,0,0,0,0,0
28864,ECG,2241,29105,0,0,0,0,0
28864,ECG,2242,28911,0,0,0,0,0
28864,ECG,2243,28769,0,0,0,0,0
28869,ECG,2244,28707,0,0,0,0,0
28869,ECG,2245,28706,0,0,0,0,0
28874,ECG,2246,28379,0,0,0,0,0
28874,ECG,2247,28059,0,0,0,0,0
28879,ECG,2248,27658,0,0,0,0,0
28879,ECG,2249,27324,0,0,0,0,0
28879,ECG,2250,27068,0,0,0,0,0
28884,ECG,2251,26906,0,0,0,0,0
28884,ECG,2252,26839,0,0,0,0,0
28889,ECG,2253,26808,0,0,0,0,0
28889,ECG,2254,26890,0,0,0,0,0
28889,ECG,2255,26877,0,0,0,0,0
28894,ECG,2256,26708,0,0,0,0,0
28894,ECG,2257,26424,0,0,0,0,0
28899,ECG,2258,26002,0,0,0,0,0
28899,ECG,2259,25620,0,0,0,0,0
28899,ECG,2260,25315,0,0,0,0,0
28904,ECG,2261,25113,0,0,0,0,0
28904,ECG,2262,25018,0,0,0,0,0
28909,ECG,2263,25010,0,0,0,0,0
28909,ECG,2264,25163,0,0,0,0,0
28909,ECG,2265,25259,0,0,0,0,0
28914,ECG,2266,25100,0,0,0,0,0
28914,ECG,2267,24825,0,0,0,0,0
28919,ECG,2268,23880,0,0,0,0,0
28919,ECG,2269,23565,0,0,0,0,0
28924,ECG,2270,23358,0,0,0,0,0
28924,ECG,2271,23309,0,0,0,0,0
28924,ECG,2272,23370,0,0,0,0,0
28929,ECG,2273,23493,0,0,0,0,0
28929,ECG,2274,23638,0,0,0,0,0
28934,ECG,2275,23598,0,0,0,0,0
28934,ECG,2276,23449,0,0,0,0,0
28934,ECG,2277,23131,0,0,0,0,0
28939,ECG,2278,22773,0,0,0,0,0
28939,ECG,2279,22512,0,0,0,0,0
28944,ECG,2280,22266,0,0,0,0,0
28944,ECG,2281,22124,0,0,0,0,0
28944,ECG,2282,22068,0,0,0,0,0
28949,ECG,2283,22062,0,0,0,0,0
28949,ECG,2284,22116,0,0,0,0,0
28954,ECG,2285,22149,0,0,0,0,0
28954,ECG,2286,22036,0,0,0,0,0
28954,ECG,2287,21855,0,0,0,0,0
28959,ECG,2288,21573,0,0,0,0,0
28959,ECG,2289,21332,0,0,0,0,0
28964,ECG,2290,21141,0,0,0,0,0
28964,ECG,2291,20998,0,0,0,0,0
28964,ECG,2292,20898,0,0,0,0,0
28969,ECG,2293,20841,0,0,0,0,0
28969,ECG,2294,20827,0,0,0,0,0
28974,ECG,2295,20687,0,0,0,0,0
28974,ECG,2296,20547,0,0,0,0,0
28979,ECG,2297,20320,0,0,0,0,0
28979,ECG,2298,20137,0,0,0,0,0
28979,ECG,2299,19992,0,0,0,0,0
28984,ECG,2300,19859,0,0,0,0,0
28984,ECG,2301,19764,0,0,0,0,0
28989,ECG,2302,19655,0,0,0,0,0
28989,ECG,2303,19635,0,0,0,0,0
28989,ECG,2304,19563,0,0,0,0,0
28994,ECG,2305,19440,0,0,0,0,0
28994,ECG,2306,19185,0,0,0,0,0
28999,ECG,2307,18899,0,0,0,0,0
28999,ECG,2308,18612,0,0,0,0,0
28999,ECG,2309,18370,0,0,0,0,0
29004,ECG,2310,18212,0,0,0,0,0
29004,ECG,2311,18150,0,0,0,0,0
29009,ECG,2312,18146,0,0,0,0,0
29009,ECG,2313,18237,0,0,0,0,0
29009,ECG,2314,18329,0,0,0,0,0
29014,ECG,2315,18271,0,0,0,0,0
29014,ECG,2316,18155,0,0,0,0,0
29019,ECG,2317,17547,0,0,0,0,0
29019,ECG,2318,17352,0,0,0,0,0
29024,ECG,2319,17192,0,0,0,0,0
29024,ECG,2320,17114,0,0,0,0,0
29024,ECG,2321,17104,0,0,0,0,0
29029,ECG,2322,17124,0,0,0,0,0
29029,ECG,2323,17176,0,0,0,0,0
29034,ECG,2324,17170,0,0,0,0,0
29034,ECG,2325,17061,0,0,0,0,0
29034,ECG,2326,16857,0,0,0,0,0
29039,ECG,2327,16619,0,0,0,0,0
29039,ECG,2328,16438,0,0,0,0,0
29044,ECG,2329,16272,0,0,0,0,0
29044,ECG,2330,16173,0,0,0,0,0
29044,ECG,2331,16095,0,0,0,0,0
29049,ECG,2332,16096,0,0,0,0,0
29049,ECG,2333,16170,0,0,0,0,0
29054,ECG,2334,16106,0,0,0,0,0
29054,ECG,2335,15977,0,0,0,0,0
29054,ECG,2336,15789,0,0,0,0,0
29059,ECG,2337,15497,0,0,0,0,0
29059,ECG,2338,15276,0,0,0,0,0
29064,ECG,2339,15127,0,0,0,0,0
29064,ECG,2340,15043,0,0,0,0,0
29064,ECG,2341,15027,0,0,0,0,0
29069,ECG,2342,15046,0,0,0,0,0
29069,ECG,2343,15158,0,0,0,0,0
29069,ECG,2344,15159,0,0,0,0,0
29074,ECG,2345,15063,0,0,0,0,0
29074,ECG,2346,14814,0,0,0,0,0
29079,ECG,2347,14511,0,0,0,0,0
29079,ECG,2348,14257,0,0,0,0,0
29079,ECG,2349,14054,0,0,0,0,0
29084,ECG,2350,13953,0,0,0,0,0
29084,ECG,2351,13936,0,0,0,0,0
29089,ECG,2352,13995,0,0,0,0,0
29089,ECG,2353,14143,0,0,0,0,0
29089,ECG,2354,14210,0,0,0,0,0
29094,ECG,2355,14161,0,0,0,0,0
29094,ECG,2356,14036,0,0,0,0,0
29099,ECG,2357,13731,0,0,0,0,0
29099,ECG,2358,13512,0,0,0,0,0
29099,ECG,2359,13376,0,0,0,0,0
29104,ECG,2360,13273,0,0,0,0,0
29104,ECG,2361,13243,0,0,0,0,0
29109,ECG,2362,13261,0,0,0,0,0
29109,ECG,2363,13318,0,0,0,0,0
29109,ECG,2364,13339,0,0,0,0,0
29114,ECG,2365,13308,0,0,0,0,0
29114,ECG,2366,13208,0,0,0,0,0
29119,ECG,2367,12863,0,0,0,0,0
29119,ECG,2368,12758,0,0,0,0,0
29124,ECG,2369,12671,0,0,0,0,0
29124,ECG,2370,12614,0,0,0,0,0
29124,ECG,2371,12572,0,0,0,0,0
29129,ECG,2372,12610,0,0,0,0,0
29129,ECG,2373,12578,0,0,0,0,0
29134,ECG,2374,12471,0,0,0,0,0
29134,ECG,2375,12296,0,0,0,0,0
29134,ECG,2376,12074,0,0,0,0,0
29139,ECG,2377,11872,0,0,0,0,0
29139,ECG,2378,11724,0,0,0,0,0
29144,ECG,2379,11638,0,0,0,0,0
29144,ECG,2380,11620,0,0,0,0,0
29144,ECG,2381,11643,0,0,0,0,0
29149,ECG,2382,11745,0,0,0,0,0
29149,ECG,2383,11822,0,0,0,0,0
29154,ECG,2384,11747,0,0,0,0,0
29154,ECG,2385,11601,0,0,0,0,0
29154,ECG,2386,11320,0,0,0,0,0
29159,ECG,2387,11081,0,0,0,0,0
29159,ECG,2388,10909,0,0,0,0,0
29164,ECG,2389,10792,0,0,0,0,0
29164,ECG,2390,10773,0,0,0,0,0
29164,ECG,2391,10824,0,0,0,0,0
29169,ECG,2392,10905,0,0,0,0,0
29169,ECG,2393,11001,0,0,0,0,0
29169,ECG,2394,11046,0,0,0,0,0
29174,ECG,2395,10976,0,0,0,0,0
29174,ECG,2396,10839,0,0,0,0,0
29179,ECG,2397,10675,0,0,0,0,0
29179,ECG,2398,10574,0,0,0,0,0
29179,ECG,2399,10469,0,0,0,0,0
29184,ECG,2400,10409,0,0,0,0,0
29184,ECG,2401,10373,0,0,0,0,0
29189,ECG,2402,10342,0,0,0,0,0
29189,ECG,2403,10402,0,0,0,0,0
29189,ECG,2404,10375,0,0,0,0,0
29194,ECG,2405,10291,0,0,0,0,0
29194,ECG,2406,10111,0,0,0,0,0
29199,ECG,2407,9896,0,0,0,0,0
29199,ECG,2408,9702,0,0,0,0,0
29199,ECG,2409,9556,0,0,0,0,0
29204,ECG,2410,9484,0,0,0,0,0
29204,ECG,2411,9477,0,0,0,0,0
29209,ECG,2412,9526,0,0,0,0,0
29209,ECG,2413,9693,0,0,0,0,0
29209,ECG,2414,9755,0,0,0,0,0
29214,ECG,2415,9693,0,0,0,0,0
29214,ECG,2416,9476,0,0,0,0,0
29219,ECG,2417,8790,0,0,0,0,0
29219,ECG,2418,8571,0,0,0,0,0
29224,ECG,2419,8460,0,0,0,0,0
29224,ECG,2420,8492,0,0,0,0,0
29224,ECG,2421,8646,0,0,0,0,0
29229,ECG,2422,8864,0,0,0,0,0
29229,ECG,2423,9062,0,0,0,0,0
29234,ECG,2424,9128,0,0,0,0,0
29234,ECG,2425,9071,0,0,0,0,0
29234,ECG,2426,8831,0,0,0,0,0
29239,ECG,2427,8592,0,0,0,0,0
29239,ECG,2428,8449,0,0,0,0,0
29244,ECG,2429,8338,0,0,0,0,0
29244,ECG,2430,8314,0,0,0,0,0
29244,ECG,2431,8334,0,0,0,0,0
29249,ECG,2432,8425,0,0,0,0,0
29249,ECG,2433,8582,0,0,0,0,0
29254,ECG,2434,8583,0,0,0,0,0
29254,ECG,2435,8482,0,0,0,0,0
29254,ECG,2436,8290,0,0,0,0,0
29259,ECG,2437,8041,0,0,0,0,0
29259,ECG,2438,7845,0,0,0,0,0
29264,ECG,2439,7742,0,0,0,0,0
29264,ECG,2440,7709,0,0,0,0,0
29264,ECG,2441,7742,0,0,0,0,0
29269,ECG,2442,7882,0,0,0,0,0
29269,ECG,2443,8024,0,0,0,0,0
29274,ECG,2444,8018,0,0,0,0,0
29274,ECG,2445,7800,0,0,0,0,0
29279,ECG,2446,7537,0,0,0,0,0
29279,ECG,2447,7376,0,0,0,0,0
29279,ECG,2448,7267,0,0,0,0,0
29284,ECG,2449,7233,0,0,0,0,0
29284,ECG,2450,7285,0,0,0,0,0
29289,ECG,2451,7368,0,0,0,0,0
29289,ECG,2452,7486,0,0,0,0,0
29289,ECG,2453,7595,0,0,0,0,0
29294,ECG,2454,7546,0,0,0,0,0
29294,ECG,2455,7431,0,0,0,0,0
29299,ECG,2456,7242,0,0,0,0,0
29299,ECG,2457,7085,0,0,0,0,0
29299,ECG,2458,6950,0,0,0,0,0
29304,ECG,2459,6884,0,0,0,0,0
29304,ECG,2460,6863,0,0,0,0,0
29309,ECG,2461,6900,0,0,0,0,0
29309,ECG,2462,7047,0,0,0,0,0
29309,ECG,2463,7136,0,0,0,0,0
29314,ECG,2464,7066,0,0,0,0,0
29314,ECG,2465,6905,0,0,0,0,0
29319,ECG,2466,6390,0,0,0,0,0
29319,ECG,2467,6231,0,0,0,0,0
29324,ECG,2468,6163,0,0,0,0,0
29324,ECG,2469,6199,0,0,0,0,0
29324,ECG,2470,6323,0,0,0,0,0
29329,ECG,2471,6464,0,0,0,0,0
29329,ECG,2472,6614,0,0,0,0,0
29334,ECG,2473,6681,0,0,0,0,0
29334,ECG,2474,6639,0,0,0,0,0
29334,ECG,2475,6524,0,0,0,0,0
29339,ECG,2476,6399,0,0,0,0,0
29339,ECG,2477,6316,0,0,0,0,0
29344,ECG,2478,6250,0,0,0,0,0
29344,ECG,2479,6201,0,0,0,0,0
29344,ECG,2480,6188,0,0,0,0,0
29349,ECG,2481,6264,0,0,0,0,0
29349,ECG,2482,6290,0,0,0,0,0
29354,ECG,2483,6207,0,0,0,0,0
29354,ECG,2484,6105,0,0,0,0,0
29354,ECG,2485,5936,0,0,0,0,0
29359,ECG,2486,5737,0,0,0,0,0
29359,ECG,2487,5606,0,0,0,0,0
29364,ECG,2488,5551,0,0,0,0,0
29364,ECG,2489,5573,0,0,0,0,0
29364,ECG,2490,5634,0,0,0,0,0
29369,ECG,2491,5780,0,0,0,0,0
29369,ECG,2492,5943,0,0,0,0,0
29369,ECG,2493,5906,0,0,0,0,0
29374,ECG,2494,5766,0,0,0,0,0
29374,ECG,2495,5472,0,0,0,0,0
29379,ECG,2496,5183,0,0,0,0,0
29379,ECG,2497,4941,0,0,0,0,0
29379,ECG,2498,4820,0,0,0,0,0
29384,ECG,2499,4834,0,0,0,0,0
29384,ECG,2500,4962,0,0,0,0,0
29389,ECG,2501,5181,0,0,0,0,0
29389,ECG,2502,5404,0,0,0,0,0
29389,ECG,2503,5571,0,0,0,0,0
29394,ECG,2504,5535,0,0,0,0,0
29394,ECG,2505,5441,0,0,0,0,0
29399,ECG,2506,5211,0,0,0,0,0
29399,ECG,2507,5100,0,0,0,0,0
29399,ECG,2508,5009,0,0,0,0,0
29404,ECG,2509,4970,0,0,0,0,0
29404,ECG,2510,4986,0,0,0,0,0
29409,ECG,2511,5044,0,0,0,0,0
29409,ECG,2512,5160,0,0,0,0,0
29409,ECG,2513,5228,0,0,0,0,0
29414,ECG,2514,5189,0,0,0,0,0
29414,ECG,2515,5068,0,0,0,0,0
29419,ECG,2516,4748,0,0,0,0,0
29419,ECG,2517,4658,0,0,0,0,0
29424,ECG,2518,4619,0,0,0,0,0
29424,ECG,2519,4649,0,0,0,0,0
29424,ECG,2520,4706,0,0,0,0,0
29429,ECG,2521,4803,0,0,0,0,0
29429,ECG,2522,4929,0,0,0,0,0
29434,ECG,2523,4897,0,0,0,0,0
29434,ECG,2524,4801,0,0,0,0,0
29434,ECG,2525,4581,0,0,0,0,0
29439,ECG,2526,4386,0,0,0,0,0
29439,ECG,2527,4223,0,0,0,0,0
29444,ECG,2528,4131,0,0,0,0,0
29444,ECG,2529,4130,0,0,0,0,0
29444,ECG,2530,4212,0,0,0,0,0
29449,ECG,2531,4362,0,0,0,0,0
29449,ECG,2532,4512,0,0,0,0,0
29454,ECG,2533,4604,0,0,0,0,0
29454,ECG,2534,4585,0,0,0,0,0
29454,ECG,2535,4431,0,0,0,0,0
29459,ECG,2536,4227,0,0,0,0,0
29459,ECG,2537,4126,0,0,0,0,0
29464,ECG,2538,4044,0,0,0,0,0
29464,ECG,2539,4092,0,0,0,0,0
29469,ECG,2540,4146,0,0,0,0,0
29469,ECG,2541,4283,0,0,0,0,0
29469,ECG,2542,4341,0,0,0,0,0
29474,ECG,2543,4313,0,0,0,0,0
29474,ECG,2544,4181,0,0,0,0,0
29480,ECG,2545,4009,0,0,0,0,0
29480,ECG,2546,3855,0,0,0,0,0
29480,ECG,2547,3759,0,0,0,0,0
29484,ECG,2548,3716,0,0,0,0,0
29484,ECG,2549,3737,0,0,0,0,0
29489,ECG,2550,3823,0,0,0,0,0
29489,ECG,2551,3932,0,0,0,0,0
29489,ECG,2552,3999,0,0,0,0,0
29494,ECG,2553,4061,0,0,0,0,0
29494,ECG,2554,4035,0,0,0,0,0
29499,ECG,2555,3905,0,0,0,0,0
29499,ECG,2556,3831,0,0,0,0,0
29499,ECG,2557,3800,0,0,0,0,0
29504,ECG,2558,3764,0,0,0,0,0
29504,ECG,2559,3759,0,0,0,0,0
29509,ECG,2560,3760,0,0,0,0,0
29509,ECG,2561,3798,0,0,0,0,0
29509,ECG,2562,3837,0,0,0,0,0
29514,ECG,2563,3799,0,0,0,0,0
29514,ECG,2564,3687,0,0,0,0,0
29519,ECG,2565,3444,0,0,0,0,0
29519,ECG,2566,3347,0,0,0,0,0
29524,ECG,2567,3312,0,0,0,0,0
29524,ECG,2568,3304,0,0,0,0,0
29524,ECG,2569,3383,0,0,0,0,0
29529,ECG,2570,3554,0,0,0,0,0
29529,ECG,2571,3610,0,0,0,0,0
29534,ECG,2572,3557,0,0,0,0,0
29534,ECG,2573,3350,0,0,0,0,0
29534,ECG,2574,3029,0,0,0,0,0
29539,ECG,2575,2732,0,0,0,0,0
29539,ECG,2576,2548,0,0,0,0,0
29544,ECG,2577,2490,0,0,0,0,0
29544,ECG,2578,2574,0,0,0,0,0
29544,ECG,2579,2781,0,0,0,0,0
29549,ECG,2580,3039,0,0,0,0,0
29549,ECG,2581,3294,0,0,0,0,0
29554,ECG,2582,3397,0,0,0,0,0
29554,ECG,2583,3375,0,0,0,0,0
29554,ECG,2584,3222,0,0,0,0,0
29559,ECG,2585,3059,0,0,0,0,0
29559,ECG,2586,2968,0,0,0,0,0
29564,ECG,2587,2934,0,0,0,0,0
29564,ECG,2588,2980,0,0,0,0,0
29569,ECG,2589,3044,0,0,0,0,0
29569,ECG,2590,3159,0,0,0,0,0
29569,ECG,2591,3196,0,0,0,0,0
29574,ECG,2592,3158,0,0,0,0,0
29574,ECG,2593,3044,0,0,0,0,0
29579,ECG,2594,2923,0,0,0,0,0
29579,ECG,2595,2823,0,0,0,0,0
29579,ECG,2596,2759,0,0,0,0,0
29584,ECG,2597,2749,0,0,0,0,0
29584,ECG,2598,2767,0,0,0,0,0
29589,ECG,2599,2827,0,0,0,0,0
29589,ECG,2600,2963,0,0,0,0,0
29589,ECG,2601,3006,0,0,0,0,0
29594,ECG,2602,2962,0,0,0,0,0
29594,ECG,2603,2847,0,0,0,0,0
29599,ECG,2604,2668,0,0,0,0,0
29599,ECG,2605,2540,0,0,0,0,0
29599,ECG,2606,2468,0,0,0,0,0
29604,ECG,2607,2450,0,0,0,0,0
29604,ECG,2608,2497,0,0,0,0,0
29609,ECG,2609,2583,0,0,0,0,0
29609,ECG,2610,2727,0,0,0,0,0
29609,ECG,2611,2833,0,0,0,0,0
29614,ECG,2612,2814,0,0,0,0,0
29614,ECG,2613,2717,0,0,0,0,0
29614,ECG,2614,2524,0,0,0,0,0
29619,ECG,2615,2392,0,0,0,0,0
29619,ECG,2616,2300,0,0,0,0,0
29624,ECG,2617,2265,0,0,0,0,0
29624,ECG,2618,2295,0,0,0,0,0
29624,ECG,2619,2372,0,0,0,0,0
29629,ECG,2620,2529,0,0,0,0,0
29629,ECG,2621,2634,0,0,0,0,0
29634,ECG,2622,2646,0,0,0,0,0
29634,ECG,2623,2584,0,0,0,0,0
29634,ECG,2624,2408,0,0,0,0,0
29639,ECG,2625,2268,0,0,0,0,0
29639,ECG,2626,2206,0,0,0,0,0
29644,ECG,2627,2170,0,0,0,0,0
29644,ECG,2628,2208,0,0,0,0,0
29644,ECG,2629,2272,0,0,0,0,0
29649,ECG,2630,2364,0,0,0,0,0
29649,ECG,2631,2515,0,0,0,0,0
29654,ECG,2632,2498,0,0,0,0,0
29654,ECG,2633,2446,0,0,0,0,0
29654,ECG,2634,2260,0,0,0,0,0
29659,ECG,2635,2103,0,0,0,0,0
29659,ECG,2636,1975,0,0,0,0,0
29664,ECG,2637,1902,0,0,0,0,0
29664,ECG,2638,1969,0,0,0,0,0
29669,ECG,2639,2084,0,0,0,0,0
29669,ECG,2640,2252,0,0,0,0,0
29669,ECG,2641,2358,0,0,0,0,0
29674,ECG,2642,2342,0,0,0,0,0
29674,ECG,2643,2246,0,0,0,0,0
29679,ECG,2644,2064,0,0,0,0,0
29679,ECG,2645,1956,0,0,0,0,0
29679,ECG,2646,1882,0,0,0,0,0
29684,ECG,2647,1863,0,0,0,0,0
29684,ECG,2648,1890,0,0,0,0,0
29689,ECG,2649,1984,0,0,0,0,0
29689,ECG,2650,2144,0,0,0,0,0
29689,ECG,2651,2193,0,0,0,0,0
29694,ECG,2652,2173,0,0,0,0,0
29694,ECG,2653,2083,0,0,0,0,0
29699,ECG,2654,1887,0,0,0,0,0
29699,ECG,2655,1761,0,0,0,0,0
29699,ECG,2656,1707,0,0,0,0,0
29704,ECG,2657,1707,0,0,0,0,0
29704,ECG,2658,1749,0,0,0,0,0
29709,ECG,2659,1867,0,0,0,0,0
29709,ECG,2660,2071,0,0,0,0,0
29709,ECG,2661,2095,0,0,0,0,0
29714,ECG,2662,2051,0,0,0,0,0
29714,ECG,2663,1857,0,0,0,0,0
29714,ECG,2664,1599,0,0,0,0,0
29719,ECG,2665,1412,0,0,0,0,0
29719,ECG,2666,1312,0,0,0,0,0
29724,ECG,2667,1310,0,0,0,0,0
29724,ECG,2668,1403,0,0,0,0,0
29724,ECG,2669,1593,0,0,0,0,0
29729,ECG,2670,1832,0,0,0,0,0
29729,ECG,2671,1986,0,0,0,0,0
29734,ECG,2672,1973,0,0,0,0,0
29734,ECG,2673,1843,0,0,0,0,0
29734,ECG,2674,1538,0,0,0,0,0
29739,ECG,2675,1346,0,0,0,0,0
29739,ECG,2676,1207,0,0,0,0,0
29744,ECG,2677,1162,0,0,0,0,0
29744,ECG,2678,1231,0,0,0,0,0
29744,ECG,2679,1378,0,0,0,0,0
29749,ECG,2680,1627,0,0,0,0,0
29749,ECG,2681,1847,0,0,0,0,0
29754,ECG,2682,1872,0,0,0,0,0
29754,ECG,2683,1783,0,0,0,0,0
29754,ECG,2684,1560,0,0,0,0,0
29759,ECG,2685,1342,0,0,0,0,0
29759,ECG,2686,1220,0,0,0,0,0
29759,ECG,2687,1183,0,0,0,0,0
29764,ECG,2688,1237,0,0,0,0,0
29764,ECG,2689,1363,0,0,0,0,0
29769,ECG,2690,1519,0,0,0,0,0
29769,ECG,2691,1698,0,0,0,0,0
29769,ECG,2692,1773,0,0,0,0,0
29774,ECG,2693,1762,0,0,0,0,0
29774,ECG,2694,1646,0,0,0,0,0
29779,ECG,2695,1533,0,0,0,0,0
29779,ECG,2696,1465,0,0,0,0,0
29779,ECG,2697,1419,0,0,0,0,0
29784,ECG,2698,1421,0,0,0,0,0
29784,ECG,2699,1438,0,0,0,0,0
29789,ECG,2700,1537,0,0,0,0,0
29789,ECG,2701,1650,0,0,0,0,0
29789,ECG,2702,1636,0,0,0,0,0
29794,ECG,2703,1594,0,0,0,0,0
29794,ECG,2704,1485,0,0,0,0,0
29799,ECG,2705,1321,0,0,0,0,0
29799,ECG,2706,1240,0,0,0,0,0
29799,ECG,2707,1207,0,0,0,0,0
29804,ECG,2708,1220,0,0,0,0,0
29804,ECG,2709,1297,0,0,0,0,0
29809,ECG,2710,1477,0,0,0,0,0
29809,ECG,2711,1574,0,0,0,0,0
29814,ECG,2712,1565,0,0,0,0,0
29814,ECG,2713,1511,0,0,0,0,0
29814,ECG,2714,1446,0,0,0,0,0
29819,ECG,2715,1429,0,0,0,0,0
29819,ECG,2716,1391,0,0,0,0,0
29824,ECG,2717,1390,0,0,0,0,0
29824,ECG,2718,1382,0,0,0,0,0
29824,ECG,2719,1388,0,0,0,0,0
29829,ECG,2720,1488,0,0,0,0,0
29829,ECG,2721,1478,0,0,0,0,0
29834,ECG,2722,1408,0,0,0,0,0
29834,ECG,2723,1186,0,0,0,0,0
29834,ECG,2724,927,0,0,0,0,0
29839,ECG,2725,664,0,0,0,0,0
29839,ECG,2726,497,0,0,0,0,0
29844,ECG,2727,476,0,0,0,0,0
29844,ECG,2728,579,0,0,0,0,0
29844,ECG,2729,790,0,0,0,0,0
29849,ECG,2730,1138,0,0,0,0,0
29849,ECG,2731,1403,0,0,0,0,0
29854,ECG,2732,1405,0,0,0,0,0
29854,ECG,2733,1320,0,0,0,0,0
29854,ECG,2734,1001,0,0,0,0,0
29859,ECG,2735,756,0,0,0,0,0
29859,ECG,2736,635,0,0,0,0,0
29859,ECG,2737,602,0,0,0,0,0
30865,ECG,2738,0,0,0,0,0,0
30865,ECG,2739,-1,0,0,0,0,0
30865,ECG,2740,-6,0,0,0,0,0
30870,ECG,2741,2,0,0,0,0,0
30870,ECG,2742,7,0,0,0,0,0
30875,ECG,2743,-17,0,0,0,0,0
30875,ECG,2744,37,0,0,0,0,0
30875,ECG,2745,-14,0,0,0,0,0
30880,ECG,2746,-29,0,0,0,0,0
30880,ECG,2747,151,0,0,0,0,0
30885,ECG,2748,-2124,0,0,0,0,0
30885,ECG,2749,-1809,0,0,0,0,0
30890,ECG,2750,76,0,0,0,0,0
30890,ECG,2751,3416,0,0,0,0,0
30890,ECG,2752,8617,0,0,0,0,0
30895,ECG,2753,14922,0,0,0,0,0
30895,ECG,2754,21307,0,0,0,0,0
30900,ECG,2755,26903,0,0,0,0,0
30900,ECG,2756,30785,0,0,0,0,0
30900,ECG,2757,32022,0,0,0,0,0
30905,ECG,2758,31820,0,0,0,0,0
30905,ECG,2759,31620,0,0,0,0,0
30910,ECG,2760,31371,0,0,0,0,0
30910,ECG,2761,31224,0,0,0,0,0
30910,ECG,2762,31028,0,0,0,0,0
30915,ECG,2763,30555,0,0,0,0,0
30915,ECG,2764,30195,0,0,0,0,0
30920,ECG,2765,29866,0,0,0,0,0
30920,ECG,2766,29581,0,0,0,0,0
30920,ECG,2767,29428,0,0,0,0,0
30925,ECG,2768,29347,0,0,0,0,0
30925,ECG,2769,29322,0,0,0,0,0
30930,ECG,2770,29367,0,0,0,0,0
30930,ECG,2771,29339,0,0,0,0,0
30930,ECG,2772,29155,0,0,0,0,0
30935,ECG,2773,28867,0,0,0,0,0
30935,ECG,2774,28494,0,0,0,0,0
30940,ECG,2775,27927,0,0,0,0,0
30940,ECG,2776,27748,0,0,0,0,0
30945,ECG,2777,27638,0,0,0,0,0
30945,ECG,2778,27557,0,0,0,0,0
30945,ECG,2779,27635,0,0,0,0,0
30950,ECG,2780,27563,0,0,0,0,0
30950,ECG,2781,27390,0,0,0,0,0
30955,ECG,2782,27032,0,0,0,0,0
30955,ECG,2783,26544,0,0,0,0,0
30955,ECG,2784,26089,0,0,0,0,0
30960,ECG,2785,25746,0,0,0,0,0
30960,ECG,2786,25531,0,0,0,0,0
30965,ECG,2787,25469,0,0,0,0,0
30965,ECG,2788,25533,0,0,0,0,0
30965,ECG,2789,25677,0,0,0,0,0
30970,ECG,2790,25774,0,0,0,0,0
30970,ECG,2791,25750,0,0,0,0,0
30975,ECG,2792,25588,0,0,0,0,0
30975,ECG,2793,25283,0,0,0,0,0
30975,ECG,2794,24979,0,0,0,0,0
30980,ECG,2795,24789,0,0,0,0,0
30980,ECG,2796,24595,0,0,0,0,0
30985,ECG,2797,24376,0,0,0,0,0
30985,ECG,2798,24339,0,0,0,0,0
30990,ECG,2799,24340,0,0,0,0,0
30990,ECG,2800,24187,0,0,0,0,0
30990,ECG,2801,23957,0,0,0,0,0
30995,ECG,2802,23609,0,0,0,0,0
30995,ECG,2803,23250,0,0,0,0,0
31000,ECG,2804,22945,0,0,0,0,0
31000,ECG,2805,22720,0,0,0,0,0
31000,ECG,2806,22618,0,0,0,0,0
31005,ECG,2807,22574,0,0,0,0,0
31005,ECG,2808,22650,0,0,0,0,0
31010,ECG,2809,22809,0,0,0,0,0
31010,ECG,2810,22732,0,0,0,0,0
31010,ECG,2811,22583,0,0,0,0,0
31015,ECG,2812,22222,0,0,0,0,0
31015,ECG,2813,21789,0,0,0,0,0
31020,ECG,2814,21484,0,0,0,0,0
31020,ECG,2815,21267,0,0,0,0,0
31020,ECG,2816,21155,0,0,0,0,0
31025,ECG,2817,21145,0,0,0,0,0
31025,ECG,2818,21239,0,0,0,0,0
31030,ECG,2819,21366,0,0,0,0,0
31030,ECG,2820,21232,0,0,0,0,0
31035,ECG,2821,20974,0,0,0,0,0
31035,ECG,2822,20597,0,0,0,0,0
31035,ECG,2823,20369,0,0,0,0,0
31040,ECG,2824,20177,0,0,0,0,0
31040,ECG,2825,20055,0,0,0,0,0
31045,ECG,2826,20016,0,0,0,0,0
31045,ECG,2827,20019,0,0,0,0,0
31045,ECG,2828,20086,0,0,0,0,0
31050,ECG,2829,20077,0,0,0,0,0
31050,ECG,2830,19950,0,0,0,0,0
31055,ECG,2831,19699,0,0,0,0,0
31055,ECG,2832,19359,0,0,0,0,0
31055,ECG,2833,19080,0,0,0,0,0
31060,ECG,2834,18849,0,0,0,0,0
31060,ECG,2835,18703,0,0,0,0,0
31065,ECG,2836,18658,0,0,0,0,0
31065,ECG,2837,18658,0,0,0,0,0
31065,ECG,2838,18766,0,0,0,0,0
31070,ECG,2839,18869,0,0,0,0,0
31070,ECG,2840,18750,0,0,0,0,0
31075,ECG,2841,18550,0,0,0,0,0
31075,ECG,2842,18178,0,0,0,0,0
31075,ECG,2843,17819,0,0,0,0,0
31080,ECG,2844,17543,0,0,0,0,0
31080,ECG,2845,17373,0,0,0,0,0
31085,ECG,2846,17342,0,0,0,0,0
31085,ECG,2847,17532,0,0,0,0,0
31090,ECG,2848,17714,0,0,0,0,0
31090,ECG,2849,17629,0,0,0,0,0
31090,ECG,2850,17450,0,0,0,0,0
31095,ECG,2851,17050,0,0,0,0,0
31095,ECG,2852,16623,0,0,0,0,0
31100,ECG,2853,16350,0,0,0,0,0
31100,ECG,2854,16182,0,0,0,0,0
31100,ECG,2855,16151,0,0,0,0,0
31105,ECG,2856,16224,0,0,0,0,0
31105,ECG,2857,16385,0,0,0,0,0
31110,ECG,2858,16578,0,0,0,0,0
31110,ECG,2859,16579,0,0,0,0,0
31110,ECG,2860,16474,0,0,0,0,0
31115,ECG,2861,16200,0,0,0,0,0
31115,ECG,2862,15879,0,0,0,0,0
31120,ECG,2863,15682,0,0,0,0,0
31120,ECG,2864,15518,0,0,0,0,0
31120,ECG,2865,15440,0,0,0,0,0
31125,ECG,2866,15444,0,0,0,0,0
31125,ECG,2867,15475,0,0,0,0,0
31130,ECG,2868,15566,0,0,0,0,0
31130,ECG,2869,15582,0,0,0,0,0
31130,ECG,2870,15483,0,0,0,0,0
31135,ECG,2871,15266,0,0,0,0,0
31135,ECG,2872,14967,0,0,0,0,0
31135,ECG,2873,14739,0,0,0,0,0
31140,ECG,2874,14529,0,0,0,0,0
31140,ECG,2875,14421,0,0,0,0,0
31145,ECG,2876,14382,0,0,0,0,0
31145,ECG,2877,14400,0,0,0,0,0
31145,ECG,2878,14608,0,0,0,0,0
31150,ECG,2879,14646,0,0,0,0,0
31150,ECG,2880,14541,0,0,0,0,0
31155,ECG,2881,14279,0,0,0,0,0
31155,ECG,2882,13863,0,0,0,0,0
31155,ECG,2883,13473,0,0,0,0,0
31160,ECG,2884,13241,0,0,0,0,0
31160,ECG,2885,13122,0,0,0,0,0
31165,ECG,2886,13154,0,0,0,0,0
31165,ECG,2887,13302,0,0,0,0,0
31165,ECG,2888,13507,0,0,0,0,0
31170,ECG,2889,13681,0,0,0,0,0
31170,ECG,2890,13694,0,0,0,0,0
31175,ECG,2891,13608,0,0,0,0,0
31175,ECG,2892,13364,0,0,0,0,0
31175,ECG,2893,13165,0,0,0,0,0
31180,ECG,2894,13042,0,0,0,0,0
31180,ECG,2895,12923,0,0,0,0,0
31185,ECG,2896,12843,0,0,0,0,0
31185,ECG,2897,12894,0,0,0,0,0
31190,ECG,2898,12947,0,0,0,0,0
31190,ECG,2899,12866,0,0,0,0,0
31190,ECG,2900,12684,0,0,0,0,0
31195,ECG,2901,12376,0,0,0,0,0
31195,ECG,2902,12058,0,0,0,0,0
31200,ECG,2903,11809,0,0,0,0,0
31200,ECG,2904,11652,0,0,0,0,0
31200,ECG,2905,11624,0,0,0,0,0
31205,ECG,2906,11686,0,0,0,0,0
31205,ECG,2907,11857,0,0,0,0,0
31210,ECG,2908,12051,0,0,0,0,0
31210,ECG,2909,12104,0,0,0,0,0
31210,ECG,2910,12027,0,0,0,0,0
31215,ECG,2911,11802,0,0,0,0,0
31215,ECG,2912,11497,0,0,0,0,0
31220,ECG,2913,11320,0,0,0,0,0
31220,ECG,2914,11195,0,0,0,0,0
31220,ECG,2915,11144,0,0,0,0,0
31225,ECG,2916,11150,0,0,0,0,0
31225,ECG,2917,11258,0,0,0,0,0
31230,ECG,2918,11369,0,0,0,0,0
31230,ECG,2919,11278,0,0,0,0,0
31235,ECG,2920,11054,0,0,0,0,0
31235,ECG,2921,10778,0,0,0,0,0
31235,ECG,2922,10614,0,0,0,0,0
31240,ECG,2923,10500,0,0,0,0,0
31240,ECG,2924,10463,0,0,0,0,0
31245,ECG,2925,10498,0,0,0,0,0
31245,ECG,2926,10553,0,0,0,0,0
31245,ECG,2927,10686,0,0,0,0,0
31250,ECG,2928,10696,0,0,0,0,0
31250,ECG,2929,10628,0,0,0,0,0
31255,ECG,2930,10400,0,0,0,0,0
31255,ECG,2931,10137,0,0,0,0,0
31255,ECG,2932,9923,0,0,0,0,0
31260,ECG,2933,9741,0,0,0,0,0
31260,ECG,2934,9669,0,0,0,0,0
31265,ECG,2935,9681,0,0,0,0,0
31265,ECG,2936,9742,0,0,0,0,0
31265,ECG,2937,9966,0,0,0,0,0
31270,ECG,2938,10060,0,0,0,0,0
31270,ECG,2939,9996,0,0,0,0,0
31275,ECG,2940,9771,0,0,0,0,0
31275,ECG,2941,9362,0,0,0,0,0
31275,ECG,2942,9000,0,0,0,0,0
31280,ECG,2943,8753,0,0,0,0,0
31280,ECG,2944,8645,0,0,0,0,0
31285,ECG,2945,8844,0,0,0,0,0
31285,ECG,2946,9214,0,0,0,0,0
31290,ECG,2947,9475,0,0,0,0,0
31290,ECG,2948,9415,0,0,0,0,0
31290,ECG,2949,9225,0,0,0,0,0
31295,ECG,2950,8698,0,0,0,0,0
31295,ECG,2951,8213,0,0,0,0,0
31300,ECG,2952,7927,0,0,0,0,0
31300,ECG,2953,7793,0,0,0,0,0
31300,ECG,2954,7864,0,0,0,0,0
31305,ECG,2955,8092,0,0,0,0,0
31305,ECG,2956,8471,0,0,0,0,0
31310,ECG,2957,8841,0,0,0,0,0
31310,ECG,2958,8880,0,0,0,0,0
31310,ECG,2959,8823,0,0,0,0,0
31315,ECG,2960,8424,0,0,0,0,0
31315,ECG,2961,8026,0,0,0,0,0
31320,ECG,2962,7799,0,0,0,0,0
31320,ECG,2963,7650,0,0,0,0,0
31320,ECG,2964,7667,0,0,0,0,0
31325,ECG,2965,7779,0,0,0,0,0
31325,ECG,2966,8015,0,0,0,0,0
31330,ECG,2967,8363,0,0,0,0,0
31330,ECG,2968,8310,0,0,0,0,0
31335,ECG,2969,7965,0,0,0,0,0
31335,ECG,2970,7567,0,0,0,0,0
31335,ECG,2971,7300,0,0,0,0,0
31340,ECG,2972,7147,0,0,0,0,0
31340,ECG,2973,7129,0,0,0,0,0
31345,ECG,2974,7248,0,0,0,0,0
31345,ECG,2975,7463,0,0,0,0,0
31345,ECG,2976,7687,0,0,0,0,0
31350,ECG,2977,7869,0,0,0,0,0
31350,ECG,2978,7830,0,0,0,0,0
31355,ECG,2979,7763,0,0,0,0,0
31355,ECG,2980,7507,0,0,0,0,0
31355,ECG,2981,7405,0,0,0,0,0
31360,ECG,2982,7309,0,0,0,0,0
31360,ECG,2983,7261,0,0,0,0,0
31365,ECG,2984,7253,0,0,0,0,0
31365,ECG,2985,7273,0,0,0,0,0
31365,ECG,2986,7432,0,0,0,0,0
31370,ECG,2987,7404,0,0,0,0,0
31370,ECG,2988,7313,0,0,0,0,0
31375,ECG,2989,7086,0,0,0,0,0
31375,ECG,2990,6792,0,0,0,0,0
31375,ECG,2991,6526,0,0,0,0,0
31380,ECG,2992,6364,0,0,0,0,0
31380,ECG,2993,6311,0,0,0,0,0
31385,ECG,2994,6537,0,0,0,0,0
31385,ECG,2995,6757,0,0,0,0,0
31390,ECG,2996,6973,0,0,0,0,0
31390,ECG,2997,6931,0,0,0,0,0
31390,ECG,2998,6867,0,0,0,0,0
31395,ECG,2999,6545,0,0,0,0,0
31395,ECG,3000,6325,0,0,0,0,0
31400,ECG,3001,6163,0,0,0,0,0
31400,ECG,3002,6068,0,0,0,0,0
31400,ECG,3003,6075,0,0,0,0,0
31405,ECG,3004,6145,0,0,0,0,0
31405,ECG,3005,6354,0,0,0,0,0
31410,ECG,3006,6518,0,0,0,0,0
31410,ECG,3007,6513,0,0,0,0,0
31410,ECG,3008,6422,0,0,0,0,0
31415,ECG,3009,6165,0,0,0,0,0
31415,ECG,3010,5897,0,0,0,0,0
31420,ECG,3011,5755,0,0,0,0,0
31420,ECG,3012,5690,0,0,0,0,0
31420,ECG,3013,5712,0,0,0,0,0
31425,ECG,3014,5796,0,0,0,0,0
31425,ECG,3015,6013,0,0,0,0,0
31430,ECG,3016,6141,0,0,0,0,0
31430,ECG,3017,5990,0,0,0,0,0
31435,ECG,3018,5648,0,0,0,0,0
31435,ECG,3019,5327,0,0,0,0,0
31435,ECG,3020,5123,0,0,0,0,0
31440,ECG,3021,5022,0,0,0,0,0
31440,ECG,3022,5068,0,0,0,0,0
31445,ECG,3023,5229,0,0,0,0,0
31445,ECG,3024,5449,0,0,0,0,0
31445,ECG,3025,5687,0,0,0,0,0
31450,ECG,3026,5792,0,0,0,0,0
31450,ECG,3027,5755,0,0,0,0,0
31455,ECG,3028,5600,0,0,0,0,0
31455,ECG,3029,5384,0,0,0,0,0
31455,ECG,3030,5271,0,0,0,0,0
31460,ECG,3031,5169,0,0,0,0,0
31460,ECG,3032,5144,0,0,0,0,0
31465,ECG,3033,5175,0,0,0,0,0
31465,ECG,3034,5241,0,0,0,0,0
31465,ECG,3035,5400,0,0,0,0,0
31470,ECG,3036,5448,0,0,0,0,0
31470,ECG,3037,5413,0,0,0,0,0
31475,ECG,3038,5215,0,0,0,0,0
31475,ECG,3039,4944,0,0,0,0,0
31475,ECG,3040,4721,0,0,0,0,0
31480,ECG,3041,4559,0,0,0,0,0
31480,ECG,3042,4509,0,0,0,0,0
31480,ECG,3043,4555,0,0,0,0,0
31485,ECG,3044,4680,0,0,0,0,0
31485,ECG,3045,4951,0,0,0,0,0
31490,ECG,3046,5135,0,0,0,0,0
31490,ECG,3047,5102,0,0,0,0,0
31490,ECG,3048,4964,0,0,0,0,0
31495,ECG,3049,4641,0,0,0,0,0
31495,ECG,3050,4360,0,0,0,0,0
31500,ECG,3051,4205,0,0,0,0,0
31500,ECG,3052,4150,0,0,0,0,0
31500,ECG,3053,4206,0,0,0,0,0
31505,ECG,3054,4346,0,0,0,0,0
31505,ECG,3055,4621,0,0,0,0,0
31510,ECG,3056,4832,0,0,0,0,0
31510,ECG,3057,4811,0,0,0,0,0
31510,ECG,3058,4717,0,0,0,0,0
31515,ECG,3059,4406,0,0,0,0,0
31515,ECG,3060,4157,0,0,0,0,0
31520,ECG,3061,4022,0,0,0,0,0
31520,ECG,3062,3962,0,0,0,0,0
31520,ECG,3063,4019,0,0,0,0,0
31525,ECG,3064,4124,0,0,0,0,0
31525,ECG,3065,4362,0,0,0,0,0
31530,ECG,3066,4534,0,0,0,0,0
31530,ECG,3067,4435,0,0,0,0,0
31535,ECG,3068,4100,0,0,0,0,0
31535,ECG,3069,3810,0,0,0,0,0
31535,ECG,3070,3634,0,0,0,0,0
31540,ECG,3071,3536,0,0,0,0,0
27043,PPG,100,129915,60001,0,0,0,0
27123,PPG,101,129918,59999,0,0,0,0
27202,PPG,102,129918,59992,0,0,0,0
27287,PPG,103,129905,60004,0,0,0,0
27363,PPG,104,129924,59997,0,0,0,0
27441,PPG,105,129911,59999,0,0,0,0
27537,PPG,106,129914,59997,0,0,0,0
27601,PPG,107,129913,59993,0,0,0,0
27685,PPG,108,129925,60014,0,0,0,0
27767,PPG,109,129936,60008,0,0,0,0
27841,PPG,110,129917,60005,0,0,0,0
27917,PPG,111,129911,60000,0,0,0,0
27997,PPG,112,129926,60005,0,0,0,0
28076,PPG,113,129919,59993,0,0,0,0
28156,PPG,114,129914,59995,0,0,0,0
28235,PPG,115,129921,59995,0,0,0,0
28318,PPG,116,129925,60009,0,0,0,0
28395,PPG,117,129917,59998,0,0,0,0
28474,PPG,118,129915,60003,0,0,0,0
28554,PPG,119,129921,59996,0,0,0,0
28656,PPG,120,129922,59994,0,0,0,0
28713,PPG,121,129914,59986,0,0,0,0
28796,PPG,122,129925,59997,0,0,0,0
28874,PPG,123,129918,59998,0,0,0,0
28951,PPG,124,129919,59996,0,0,0,0
29031,PPG,125,129919,60001,0,0,0,0
29110,PPG,126,129918,60001,0,0,0,0
29190,PPG,127,129919,59990,0,0,0,0
29269,PPG,128,129918,60003,0,0,0,0
29352,PPG,129,129932,60013,0,0,0,0
29429,PPG,130,129914,59989,0,0,0,0
29510,PPG,131,129923,59998,0,0,0,0
29587,PPG,132,129921,60007,0,0,0,0
29666,PPG,133,129923,60009,0,0,0,0
29746,PPG,134,129912,59996,0,0,0,0
29829,PPG,135,129923,60005,0,0,0,0
29907,PPG,136,129924,60004,0,0,0,0
29984,PPG,137,129915,59992,0,0,0,0
30064,PPG,138,129924,60004,0,0,0,0
30159,PPG,139,129925,60011,0,0,0,0
30223,PPG,140,129917,60000,0,0,0,0
30302,PPG,141,129908,59997,0,0,0,0
30388,PPG,142,129907,60003,0,0,0,0
30463,PPG,143,129910,60003,0,0,0,0
30541,PPG,144,129913,60004,0,0,0,0
30620,PPG,145,129910,59993,0,0,0,0
30700,PPG,146,129904,59996,0,0,0,0
30779,PPG,147,129905,60002,0,0,0,0
30859,PPG,148,129918,60007,0,0,0,0
30942,PPG,149,129917,59994,0,0,0,0
31037,PPG,150,129906,60000,0,0,0,0
31098,PPG,151,129907,59999,0,0,0,0
31177,PPG,152,129922,60000,0,0,0,0
31259,PPG,153,129911,59997,0,0,0,0
31342,PPG,154,129914,60000,0,0,0,0
31419,PPG,155,129905,59994,0,0,0,0
31497,PPG,156,129916,59997,0,0,0,0
31576,PPG,157,129914,59999,0,0,0,0
31656,PPG,158,129912,59998,0,0,0,0
31735,PPG,159,129926,59993,0,0,0,0
31814,PPG,160,129919,60004,0,0,0,0
31911,PPG,161,129910,60005,0,0,0,0
31977,PPG,162,129919,59994,0,0,0,0
32051,PPG,163,129920,60007,0,0,0,0
32130,PPG,164,129916,59998,0,0,0,0
32210,PPG,165,129927,60000,0,0,0,0
32290,PPG,166,129917,60002,0,0,0,0
32369,PPG,167,129922,60004,0,0,0,0
32452,PPG,168,129927,59996,0,0,0,0
32530,PPG,169,129917,60006,0,0,0,0
32608,PPG,170,129919,59998,0,0,0,0
32687,PPG,171,129912,60008,0,0,0,0
32782,PPG,172,129918,60000,0,0,0,0
32846,PPG,173,129918,60005,0,0,0,0
32926,PPG,174,129909,59994,0,0,0,0
33010,PPG,175,129921,59996,0,0,0,0
33086,PPG,176,129919,60012,0,0,0,0
33164,PPG,177,129904,59993,0,0,0,0
33244,PPG,178,129914,59991,0,0,0,0
33323,PPG,179,129927,60009,0,0,0,0
33403,PPG,180,129913,59979,0,0,0,0
33486,PPG,181,129913,59998,0,0,0,0
33564,PPG,182,129922,60000,0,0,0,0
33652,PPG,183,129916,60006,0,0,0,0
33720,PPG,184,129924,60002,0,0,0,0
33800,PPG,185,129912,60001,0,0,0,0
33879,PPG,186,129906,60011,0,0,0,0
33959,PPG,187,129926,60006,0,0,0,0
34042,PPG,188,129919,59994,0,0,0,0
34126,PPG,189,129916,60010,0,0,0,0
34197,PPG,190,129920,59998,0,0,0,0
34277,PPG,191,129921,60001,0,0,0,0
34356,PPG,192,129924,59998,0,0,0,0
34436,PPG,193,129920,60003,0,0,0,0
34530,PPG,194,129926,59997,0,0,0,0
34598,PPG,195,129920,60007,0,0,0,0
34674,PPG,196,129920,59997,0,0,0,0
34754,PPG,197,129917,60002,0,0,0,0
34833,PPG,198,129912,60009,0,0,0,0
34913,PPG,199,129913,60008,0,0,0,0
