timestamp_ms,type,seq,v1,v2,v3,v4,v5,v6
17974,META_START,1,16919,0,0,0,0,0
19356,IMU,0,1004,-316,8376,-89,56,34
19374,IMU,1,1084,-392,8420,-107,53,49
19393,IMU,2,1148,-400,8396,-76,56,44
19412,IMU,3,1072,-412,8368,-90,67,49
19431,IMU,4,1116,-364,8516,-113,50,37
19450,IMU,5,1148,-328,8452,-98,55,38
19469,IMU,6,1164,-404,8388,-104,72,39
19488,IMU,7,1132,-364,8376,-88,46,36
19507,IMU,8,1112,-484,8364,-92,52,29
19526,IMU,9,1044,-388,8416,-85,53,39
19546,IMU,10,1120,-448,8400,-81,67,40
19565,IMU,11,1072,-408,8364,-92,70,44
19584,IMU,12,1012,-436,8452,-103,64,39
19603,IMU,13,1092,-540,8408,-98,87,44
19622,IMU,14,988,-324,8464,-101,71,48
19641,IMU,15,1096,-448,8392,-90,54,42
19660,IMU,16,1092,-448,8460,-86,56,31
19679,IMU,17,1076,-540,8428,-104,51,39
19699,IMU,18,1136,-344,8368,-98,79,43
19718,IMU,19,1124,-524,8396,-93,60,41
19737,IMU,20,1116,-476,8364,-99,53,43
19756,IMU,21,1124,-356,8480,-102,65,45
19775,IMU,22,1044,-352,8456,-84,67,45
19794,IMU,23,1080,-416,8400,-108,53,46
19814,IMU,24,1140,-404,8404,-104,62,35
19833,IMU,25,1124,-400,8476,-93,58,44
19852,IMU,26,1060,-392,8412,-110,62,55
19871,IMU,27,1180,-460,8480,-102,51,48
19890,IMU,28,1140,-420,8412,-99,51,29
19909,IMU,29,1008,-516,8396,-112,56,56
19928,IMU,30,1160,-420,8436,-88,48,54
19948,IMU,31,1084,-340,8452,-88,47,52
19966,IMU,32,1116,-464,8376,-90,37,43
19985,IMU,33,1092,-352,8376,-100,62,43
20005,IMU,34,1164,-336,8444,-90,54,37
20024,IMU,35,1132,-440,8452,-89,59,40
20043,IMU,36,1144,-352,8428,-106,68,53
20062,IMU,37,1116,-416,8424,-103,63,43
20081,IMU,38,1080,-596,8444,-85,69,26
20100,IMU,39,996,-436,8432,-96,72,40
20119,IMU,40,1120,-344,8368,-84,60,50
20138,IMU,41,1128,-372,8396,-110,56,22
20158,IMU,42,1144,-380,8488,-95,43,40
20177,IMU,43,1004,-388,8484,-104,50,39
20196,IMU,44,1156,-444,8412,-97,68,38
20215,IMU,45,1136,-380,8456,-93,61,42
20234,IMU,46,984,-384,8468,-74,64,47
20253,IMU,47,1056,-380,8520,-93,66,31
20272,IMU,48,1160,-384,8364,-100,48,44
20291,IMU,49,1116,-328,8480,-92,39,30
20311,IMU,50,1092,-480,8408,-90,50,34
20330,IMU,51,1020,-392,8428,-98,51,27
20349,IMU,52,1164,-332,8392,-86,51,51
20371,IMU,53,1060,-364,8388,-102,61,42
20387,IMU,54,1216,-332,8444,-99,55,21
20406,IMU,55,1092,-556,8472,-94,70,48
20426,IMU,56,1056,-464,8480,-91,66,52
20445,IMU,57,1064,-420,8444,-90,63,49
20464,IMU,58,1088,-352,8376,-115,55,28
20483,IMU,59,1092,-516,8464,-80,58,40
20504,IMU,60,1132,-452,8440,-94,53,42
20521,IMU,61,996,-464,8380,-99,60,58
20541,IMU,62,1084,-372,8488,-100,38,38
20560,IMU,63,1104,-372,8468,-102,64,34
20581,IMU,64,1056,-436,8356,-85,66,48
20598,IMU,65,1084,-404,8488,-88,60,22
20617,IMU,66,1136,-256,8384,-109,66,47
20636,IMU,67,1168,-460,8408,-87,87,46
20655,IMU,68,1104,-524,8372,-96,77,34
20675,IMU,69,1140,-412,8400,-94,44,55
20694,IMU,70,1036,-400,8400,-77,54,49
20713,IMU,71,1132,-364,8364,-96,60,35
20732,IMU,72,1124,-396,8380,-94,72,53
20751,IMU,73,1112,-408,8356,-101,61,32
20770,IMU,74,1116,-424,8452,-88,54,41
20791,IMU,75,1044,-512,8472,-98,61,30
20810,IMU,76,1184,-404,8388,-96,54,28
20828,IMU,77,1024,-424,8444,-105,66,43
20847,IMU,78,1132,-544,8460,-81,60,37
20866,IMU,79,1028,-416,8456,-89,54,46
20885,IMU,80,1000,-360,8448,-100,69,61
20905,IMU,81,1140,-452,8464,-109,68,57
20924,IMU,82,1080,-488,8444,-90,48,40
20943,IMU,83,1056,-348,8368,-88,58,50
20962,IMU,84,1100,-392,8388,-108,60,45
20982,IMU,85,1148,-404,8452,-83,50,36
21000,IMU,86,1204,-536,8472,-92,66,33
21022,IMU,87,1064,-376,8344,-114,69,48
21039,IMU,88,1064,-444,8288,-103,64,37
21058,IMU,89,968,-368,8520,-88,79,25
21077,IMU,90,1104,-396,8432,-86,56,39
21096,IMU,91,1156,-316,8392,-100,78,43
21115,IMU,92,1020,-428,8444,-100,65,43
21134,IMU,93,1060,-436,8376,-89,62,44
21154,IMU,94,1024,-448,8492,-97,67,45
21173,IMU,95,1128,-492,8344,-88,55,43
21192,IMU,96,1004,-396,8400,-88,66,39
21211,IMU,97,1068,-380,8392,-83,66,37
21234,IMU,98,1040,-448,8392,-98,61,24
21249,IMU,99,1128,-412,8356,-85,48,36
21269,IMU,100,1040,-440,8452,-101,72,37
21288,IMU,101,1160,-404,8372,-95,62,42
21307,IMU,102,1080,-436,8364,-88,71,39
21326,IMU,103,1076,-420,8404,-96,53,38
21345,IMU,104,1136,-388,8416,-92,59,39
21364,IMU,105,1036,-476,8420,-106,53,51
21383,IMU,106,996,-440,8456,-99,51,46
21403,IMU,107,1104,-384,8464,-87,70,47
21422,IMU,108,1068,-516,8360,-80,62,36
21441,IMU,109,1020,-396,8456,-88,47,49
21466,IMU,110,1052,-432,8392,-79,61,44
21479,IMU,111,1168,-316,8332,-107,59,36
21498,IMU,112,1012,-384,8384,-102,66,50
21517,IMU,113,988,-436,8432,-102,52,39
21538,IMU,114,1088,-412,8356,-100,62,65
21555,IMU,115,1096,-480,8440,-81,32,37
21574,IMU,116,1108,-372,8444,-93,52,40
21593,IMU,117,1032,-452,8416,-91,62,34
21613,IMU,118,1152,-412,8428,-101,70,58
21632,IMU,119,1164,-432,8480,-78,46,40
21651,IMU,120,1000,-300,8420,-93,54,42
21672,IMU,121,1100,-468,8404,-89,68,28
21689,IMU,122,1064,-408,8456,-85,65,47
21708,IMU,123,1024,-388,8348,-106,45,49
21728,IMU,124,1128,-416,8376,-94,51,46
21747,IMU,125,1024,-360,8508,-81,61,29
21766,IMU,126,1116,-448,8408,-107,64,40
21785,IMU,127,1108,-412,8372,-110,49,57
21804,IMU,128,1148,-412,8412,-99,48,44
21823,IMU,129,1192,-388,8424,-91,58,32
21843,IMU,130,1152,-448,8384,-108,44,34
21862,IMU,131,1120,-460,8440,-85,59,50
21881,IMU,132,1128,-356,8424,-106,80,52
21902,IMU,133,1104,-416,8404,-94,53,22
21919,IMU,134,1092,-516,8456,-101,50,40
21938,IMU,135,1076,-380,8428,-76,70,30
21957,IMU,136,1128,-440,8508,-102,53,49
21977,IMU,137,1088,-336,8412,-97,52,34
21996,IMU,138,1204,-380,8352,-76,67,26
22015,IMU,139,1144,-400,8436,-95,38,35
22034,IMU,140,1120,-476,8392,-84,72,47
22053,IMU,141,1020,-384,8392,-73,44,43
22072,IMU,142,1092,-404,8436,-98,57,49
22092,IMU,143,1128,-488,8360,-92,57,35
22113,IMU,144,1144,-460,8388,-92,74,46
22130,IMU,145,1056,-380,8416,-111,75,46
22149,IMU,146,1080,-384,8380,-99,43,39
22168,IMU,147,1140,-352,8400,-117,69,28
22187,IMU,148,1168,-408,8468,-97,65,37
22207,IMU,149,1044,-424,8352,-96,74,41
22226,IMU,150,1032,-400,8448,-87,66,21
22245,IMU,151,1084,-436,8428,-89,45,35
22264,IMU,152,1076,-360,8504,-106,67,40
22283,IMU,153,1040,-388,8296,-116,58,26
22302,IMU,154,1072,-408,8384,-100,67,32
22325,IMU,155,1152,-404,8348,-100,57,46
22342,IMU,156,1096,-504,8336,-93,57,46
22360,IMU,157,1100,-480,8496,-86,61,41
22379,IMU,158,1136,-352,8420,-96,66,27
22398,IMU,159,1040,-344,8396,-109,75,47
22417,IMU,160,1108,-432,8432,-89,57,36
22436,IMU,161,1156,-432,8512,-81,60,46
22456,IMU,162,1076,-448,8388,-95,79,34
22475,IMU,163,1028,-416,8496,-93,63,33
22494,IMU,164,1140,-444,8480,-96,59,38
22513,IMU,165,1080,-356,8340,-85,74,32
22532,IMU,166,1040,-340,8456,-80,39,49
22553,IMU,167,1104,-384,8376,-105,60,33
22572,IMU,168,1120,-424,8396,-107,58,56
22590,IMU,169,988,-368,8436,-98,47,41
22609,IMU,170,1028,-272,8380,-109,62,41
22628,IMU,171,1072,-424,8436,-84,58,22
22647,IMU,172,1080,-428,8452,-82,45,52
22666,IMU,173,1036,-388,8380,-111,65,51
22685,IMU,174,1024,-292,8436,-107,58,49
22704,IMU,175,1176,-380,8324,-97,61,31
22724,IMU,176,1148,-436,8464,-99,60,46
22743,IMU,177,1116,-392,8356,-98,49,36
22765,IMU,178,1072,-392,8400,-77,63,41
22781,IMU,179,1168,-388,8448,-94,73,53
22800,IMU,180,988,-412,8472,-102,53,36
22819,IMU,181,1088,-472,8416,-99,58,26
22838,IMU,182,1056,-436,8364,-57,57,33
22858,IMU,183,1108,-444,8396,-104,65,30
22877,IMU,184,1188,-428,8372,-94,65,41
22896,IMU,185,1048,-440,8432,-90,63,36
22915,IMU,186,1136,-292,8376,-101,42,23
22934,IMU,187,992,-460,8372,-83,67,35
22953,IMU,188,1048,-396,8444,-103,57,47
22972,IMU,189,1080,-472,8464,-99,58,65
22992,IMU,190,1052,-496,8392,-106,51,44
23010,IMU,191,940,-428,8468,-96,56,44
23029,IMU,192,1036,-376,8484,-85,63,54
23049,IMU,193,1112,-336,8372,-101,52,39
23068,IMU,194,1148,-332,8512,-95,59,43
23087,IMU,195,1116,-440,8460,-95,74,43
23106,IMU,196,1040,-396,8484,-103,65,48
23125,IMU,197,1084,-404,8432,-102,51,32
23144,IMU,198,1120,-404,8496,-104,41,47
23163,IMU,199,1072,-372,8452,-89,37,27
23182,IMU,200,1128,-344,8412,-103,60,30
23204,IMU,201,1112,-376,8368,-99,56,42
23221,IMU,202,1144,-444,8396,-92,59,35
23240,IMU,203,1004,-432,8368,-116,58,40
23259,IMU,204,1100,-404,8444,-110,72,42
23278,IMU,205,1136,-324,8360,-106,58,34
23298,IMU,206,1164,-380,8348,-97,66,48
23316,IMU,207,1068,-440,8452,-95,52,36
19352,ECG,0,0,0,0,0,0,0
19352,ECG,1,-1,0,0,0,0,0
19352,ECG,2,-5,0,0,0,0,0
19352,ECG,3,2,0,0,0,0,0
19352,ECG,4,4,0,0,0,0,0
19362,ECG,5,-14,0,0,0,0,0
19362,ECG,6,31,0,0,0,0,0
19362,ECG,7,-20,0,0,0,0,0
19362,ECG,8,-15,0,0,0,0,0
19362,ECG,9,111,0,0,0,0,0
19371,ECG,10,-613,0,0,0,0,0
19371,ECG,11,-1548,0,0,0,0,0
19371,ECG,12,-1229,0,0,0,0,0
19371,ECG,13,172,0,0,0,0,0
19371,ECG,14,2705,0,0,0,0,0
19381,ECG,15,6509,0,0,0,0,0
19381,ECG,16,10934,0,0,0,0,0
19381,ECG,17,15266,0,0,0,0,0
19381,ECG,18,18891,0,0,0,0,0
19381,ECG,19,21063,0,0,0,0,0
19391,ECG,20,22061,0,0,0,0,0
19391,ECG,21,22330,0,0,0,0,0
19391,ECG,22,21531,0,0,0,0,0
19391,ECG,23,21020,0,0,0,0,0
19391,ECG,24,21470,0,0,0,0,0
19401,ECG,25,21858,0,0,0,0,0
19401,ECG,26,22035,0,0,0,0,0
19401,ECG,27,21888,0,0,0,0,0
19401,ECG,28,21480,0,0,0,0,0
19401,ECG,29,20896,0,0,0,0,0
19411,ECG,30,20247,0,0,0,0,0
19411,ECG,31,19822,0,0,0,0,0
19411,ECG,32,19730,0,0,0,0,0
19411,ECG,33,20032,0,0,0,0,0
19411,ECG,34,20425,0,0,0,0,0
19420,ECG,35,20802,0,0,0,0,0
19420,ECG,36,20818,0,0,0,0,0
19420,ECG,37,20498,0,0,0,0,0
19420,ECG,38,20158,0,0,0,0,0
19420,ECG,39,19376,0,0,0,0,0
19430,ECG,40,18680,0,0,0,0,0
19430,ECG,41,18367,0,0,0,0,0
19430,ECG,42,18258,0,0,0,0,0
19430,ECG,43,18729,0,0,0,0,0
19430,ECG,44,19312,0,0,0,0,0
19440,ECG,45,19754,0,0,0,0,0
19440,ECG,46,20005,0,0,0,0,0
19440,ECG,47,19776,0,0,0,0,0
19440,ECG,48,19192,0,0,0,0,0
19440,ECG,49,18338,0,0,0,0,0
19450,ECG,50,17508,0,0,0,0,0
19450,ECG,51,16853,0,0,0,0,0
19450,ECG,52,16626,0,0,0,0,0
19450,ECG,53,16949,0,0,0,0,0
19450,ECG,54,17361,0,0,0,0,0
19460,ECG,55,17841,0,0,0,0,0
19460,ECG,56,18155,0,0,0,0,0
19460,ECG,57,18026,0,0,0,0,0
19460,ECG,58,17675,0,0,0,0,0
19460,ECG,59,17028,0,0,0,0,0
19469,ECG,60,16292,0,0,0,0,0
19469,ECG,61,15759,0,0,0,0,0
19469,ECG,62,15542,0,0,0,0,0
19469,ECG,63,15800,0,0,0,0,0
19469,ECG,64,16242,0,0,0,0,0
19479,ECG,65,16684,0,0,0,0,0
19479,ECG,66,17000,0,0,0,0,0
19479,ECG,67,16983,0,0,0,0,0
19479,ECG,68,16696,0,0,0,0,0
19479,ECG,69,16082,0,0,0,0,0
19489,ECG,70,15350,0,0,0,0,0
19489,ECG,71,14790,0,0,0,0,0
19489,ECG,72,14522,0,0,0,0,0
19489,ECG,73,14712,0,0,0,0,0
19489,ECG,74,15131,0,0,0,0,0
19499,ECG,75,15629,0,0,0,0,0
19499,ECG,76,16011,0,0,0,0,0
19499,ECG,77,16009,0,0,0,0,0
19499,ECG,78,15798,0,0,0,0,0
19499,ECG,79,15304,0,0,0,0,0
19508,ECG,80,14642,0,0,0,0,0
19508,ECG,81,14105,0,0,0,0,0
19508,ECG,82,13794,0,0,0,0,0
19508,ECG,83,13954,0,0,0,0,0
19508,ECG,84,14400,0,0,0,0,0
19518,ECG,85,14920,0,0,0,0,0
19518,ECG,86,15299,0,0,0,0,0
19518,ECG,87,15370,0,0,0,0,0
19518,ECG,88,15219,0,0,0,0,0
19518,ECG,89,14645,0,0,0,0,0
19528,ECG,90,13994,0,0,0,0,0
19528,ECG,91,13445,0,0,0,0,0
19528,ECG,92,12996,0,0,0,0,0
19528,ECG,93,13062,0,0,0,0,0
19528,ECG,94,13413,0,0,0,0,0
19538,ECG,95,13954,0,0,0,0,0
19538,ECG,96,14467,0,0,0,0,0
19538,ECG,97,14565,0,0,0,0,0
19538,ECG,98,14390,0,0,0,0,0
19538,ECG,99,13891,0,0,0,0,0
19548,ECG,100,13230,0,0,0,0,0
19548,ECG,101,12601,0,0,0,0,0
19548,ECG,102,12188,0,0,0,0,0
19548,ECG,103,12158,0,0,0,0,0
19548,ECG,104,12364,0,0,0,0,0
19557,ECG,105,12856,0,0,0,0,0
19557,ECG,106,13316,0,0,0,0,0
19557,ECG,107,13476,0,0,0,0,0
19557,ECG,108,13371,0,0,0,0,0
19557,ECG,109,12846,0,0,0,0,0
19567,ECG,110,12224,0,0,0,0,0
19567,ECG,111,11643,0,0,0,0,0
19567,ECG,112,11150,0,0,0,0,0
19567,ECG,113,11069,0,0,0,0,0
19567,ECG,114,11289,0,0,0,0,0
19577,ECG,115,11736,0,0,0,0,0
19577,ECG,116,12269,0,0,0,0,0
19577,ECG,117,12600,0,0,0,0,0
19577,ECG,118,12616,0,0,0,0,0
19577,ECG,119,12263,0,0,0,0,0
19587,ECG,120,11687,0,0,0,0,0
19587,ECG,121,10969,0,0,0,0,0
19587,ECG,122,10348,0,0,0,0,0
19587,ECG,123,10109,0,0,0,0,0
19587,ECG,124,10158,0,0,0,0,0
19597,ECG,125,10548,0,0,0,0,0
19597,ECG,126,11122,0,0,0,0,0
19597,ECG,127,11564,0,0,0,0,0
19597,ECG,128,11783,0,0,0,0,0
19597,ECG,129,11565,0,0,0,0,0
19606,ECG,130,11049,0,0,0,0,0
19606,ECG,131,10484,0,0,0,0,0
19606,ECG,132,9939,0,0,0,0,0
19606,ECG,133,9626,0,0,0,0,0
19606,ECG,134,9632,0,0,0,0,0
19616,ECG,135,10055,0,0,0,0,0
19616,ECG,136,10612,0,0,0,0,0
19616,ECG,137,11004,0,0,0,0,0
19616,ECG,138,11285,0,0,0,0,0
19616,ECG,139,11112,0,0,0,0,0
19626,ECG,140,10662,0,0,0,0,0
19626,ECG,141,10191,0,0,0,0,0
19626,ECG,142,9672,0,0,0,0,0
19626,ECG,143,9492,0,0,0,0,0
19626,ECG,144,9592,0,0,0,0,0
19636,ECG,145,9957,0,0,0,0,0
19636,ECG,146,10516,0,0,0,0,0
19636,ECG,147,10919,0,0,0,0,0
19636,ECG,148,11074,0,0,0,0,0
19636,ECG,149,10809,0,0,0,0,0
19645,ECG,150,10312,0,0,0,0,0
19645,ECG,151,9671,0,0,0,0,0
19645,ECG,152,9038,0,0,0,0,0
19645,ECG,153,8700,0,0,0,0,0
19645,ECG,154,8539,0,0,0,0,0
19655,ECG,155,8830,0,0,0,0,0
19655,ECG,156,9345,0,0,0,0,0
19655,ECG,157,9730,0,0,0,0,0
19655,ECG,158,10053,0,0,0,0,0
19655,ECG,159,9920,0,0,0,0,0
19665,ECG,160,9559,0,0,0,0,0
19665,ECG,161,9174,0,0,0,0,0
19665,ECG,162,8637,0,0,0,0,0
19665,ECG,163,8280,0,0,0,0,0
19665,ECG,164,8174,0,0,0,0,0
19675,ECG,165,8367,0,0,0,0,0
19675,ECG,166,8765,0,0,0,0,0
19675,ECG,167,9164,0,0,0,0,0
19675,ECG,168,9382,0,0,0,0,0
19675,ECG,169,9162,0,0,0,0,0
19685,ECG,170,8722,0,0,0,0,0
19685,ECG,171,8176,0,0,0,0,0
19685,ECG,172,7603,0,0,0,0,0
19685,ECG,173,7263,0,0,0,0,0
19685,ECG,174,7110,0,0,0,0,0
19694,ECG,175,7331,0,0,0,0,0
19694,ECG,176,7949,0,0,0,0,0
19694,ECG,177,8567,0,0,0,0,0
19694,ECG,178,8971,0,0,0,0,0
19694,ECG,179,8967,0,0,0,0,0
19704,ECG,180,8630,0,0,0,0,0
19704,ECG,181,8104,0,0,0,0,0
19704,ECG,182,7470,0,0,0,0,0
19704,ECG,183,6995,0,0,0,0,0
19704,ECG,184,6700,0,0,0,0,0
19714,ECG,185,6769,0,0,0,0,0
19714,ECG,186,7261,0,0,0,0,0
19714,ECG,187,7881,0,0,0,0,0
19714,ECG,188,8416,0,0,0,0,0
19714,ECG,189,8512,0,0,0,0,0
19724,ECG,190,8237,0,0,0,0,0
19724,ECG,191,7737,0,0,0,0,0
19724,ECG,192,7049,0,0,0,0,0
19724,ECG,193,6562,0,0,0,0,0
19724,ECG,194,6267,0,0,0,0,0
19734,ECG,195,6328,0,0,0,0,0
19734,ECG,196,6865,0,0,0,0,0
19734,ECG,197,7508,0,0,0,0,0
19734,ECG,198,8120,0,0,0,0,0
19734,ECG,199,8376,0,0,0,0,0
19743,ECG,200,8194,0,0,0,0,0
19743,ECG,201,7710,0,0,0,0,0
19743,ECG,202,7057,0,0,0,0,0
19743,ECG,203,6518,0,0,0,0,0
19743,ECG,204,6079,0,0,0,0,0
19753,ECG,205,6082,0,0,0,0,0
19753,ECG,206,6474,0,0,0,0,0
19753,ECG,207,6966,0,0,0,0,0
19753,ECG,208,7581,0,0,0,0,0
19753,ECG,209,7734,0,0,0,0,0
19763,ECG,210,7546,0,0,0,0,0
19763,ECG,211,7276,0,0,0,0,0
19763,ECG,212,6725,0,0,0,0,0
19763,ECG,213,6229,0,0,0,0,0
19763,ECG,214,5885,0,0,0,0,0
19773,ECG,215,5845,0,0,0,0,0
19773,ECG,216,6219,0,0,0,0,0
19773,ECG,217,6786,0,0,0,0,0
19773,ECG,218,7265,0,0,0,0,0
19773,ECG,219,7365,0,0,0,0,0
19782,ECG,220,7202,0,0,0,0,0
19782,ECG,221,6717,0,0,0,0,0
19782,ECG,222,6064,0,0,0,0,0
19782,ECG,223,5525,0,0,0,0,0
19782,ECG,224,4958,0,0,0,0,0
19792,ECG,225,4787,0,0,0,0,0
19792,ECG,226,5086,0,0,0,0,0
19792,ECG,227,5586,0,0,0,0,0
19792,ECG,228,6312,0,0,0,0,0
19792,ECG,229,6760,0,0,0,0,0
19802,ECG,230,6790,0,0,0,0,0
19802,ECG,231,6582,0,0,0,0,0
19802,ECG,232,6128,0,0,0,0,0
19802,ECG,233,5588,0,0,0,0,0
19802,ECG,234,5004,0,0,0,0,0
19812,ECG,235,4638,0,0,0,0,0
19812,ECG,236,4722,0,0,0,0,0
19812,ECG,237,5206,0,0,0,0,0
19812,ECG,238,5828,0,0,0,0,0
19812,ECG,239,6194,0,0,0,0,0
19822,ECG,240,6325,0,0,0,0,0
19822,ECG,241,6138,0,0,0,0,0
19822,ECG,242,5641,0,0,0,0,0
19822,ECG,243,5094,0,0,0,0,0
19822,ECG,244,4486,0,0,0,0,0
19831,ECG,245,4114,0,0,0,0,0
19831,ECG,246,4206,0,0,0,0,0
19831,ECG,247,4692,0,0,0,0,0
19831,ECG,248,5403,0,0,0,0,0
19831,ECG,249,5883,0,0,0,0,0
19841,ECG,250,6034,0,0,0,0,0
19841,ECG,251,5868,0,0,0,0,0
19841,ECG,252,5426,0,0,0,0,0
19841,ECG,253,4893,0,0,0,0,0
19841,ECG,254,4253,0,0,0,0,0
19851,ECG,255,3854,0,0,0,0,0
19851,ECG,256,3867,0,0,0,0,0
19851,ECG,257,4241,0,0,0,0,0
19851,ECG,258,4985,0,0,0,0,0
19851,ECG,259,5576,0,0,0,0,0
19861,ECG,260,5843,0,0,0,0,0
19861,ECG,261,5799,0,0,0,0,0
19861,ECG,262,5395,0,0,0,0,0
19861,ECG,263,4920,0,0,0,0,0
19861,ECG,264,4342,0,0,0,0,0
19871,ECG,265,3885,0,0,0,0,0
19871,ECG,266,3830,0,0,0,0,0
19871,ECG,267,4166,0,0,0,0,0
19871,ECG,268,4825,0,0,0,0,0
19871,ECG,269,5382,0,0,0,0,0
19880,ECG,270,5730,0,0,0,0,0
19880,ECG,271,5699,0,0,0,0,0
19880,ECG,272,5310,0,0,0,0,0
19880,ECG,273,4851,0,0,0,0,0
19880,ECG,274,4131,0,0,0,0,0
19890,ECG,275,3636,0,0,0,0,0
19890,ECG,276,3616,0,0,0,0,0
19890,ECG,277,3904,0,0,0,0,0
19890,ECG,278,4578,0,0,0,0,0
19890,ECG,279,5141,0,0,0,0,0
19900,ECG,280,5466,0,0,0,0,0
19900,ECG,281,5505,0,0,0,0,0
19900,ECG,282,5116,0,0,0,0,0
19900,ECG,283,4508,0,0,0,0,0
19900,ECG,284,3756,0,0,0,0,0
19910,ECG,285,3173,0,0,0,0,0
19910,ECG,286,2912,0,0,0,0,0
19910,ECG,287,3111,0,0,0,0,0
19910,ECG,288,3778,0,0,0,0,0
19910,ECG,289,4348,0,0,0,0,0
19920,ECG,290,4728,0,0,0,0,0
19920,ECG,291,4845,0,0,0,0,0
19920,ECG,292,4597,0,0,0,0,0
19920,ECG,293,4183,0,0,0,0,0
19920,ECG,294,3533,0,0,0,0,0
19929,ECG,295,2926,0,0,0,0,0
19929,ECG,296,2674,0,0,0,0,0
19929,ECG,297,2824,0,0,0,0,0
19929,ECG,298,3408,0,0,0,0,0
19929,ECG,299,4019,0,0,0,0,0
19939,ECG,300,4456,0,0,0,0,0
19939,ECG,301,4638,0,0,0,0,0
19939,ECG,302,4456,0,0,0,0,0
19939,ECG,303,4067,0,0,0,0,0
19939,ECG,304,3427,0,0,0,0,0
19949,ECG,305,2802,0,0,0,0,0
19949,ECG,306,2457,0,0,0,0,0
19949,ECG,307,2481,0,0,0,0,0
19949,ECG,308,3054,0,0,0,0,0
19949,ECG,309,3727,0,0,0,0,0
19959,ECG,310,4272,0,0,0,0,0
19959,ECG,311,4582,0,0,0,0,0
19959,ECG,312,4438,0,0,0,0,0
19959,ECG,313,4140,0,0,0,0,0
19959,ECG,314,3620,0,0,0,0,0
19968,ECG,315,3000,0,0,0,0,0
19968,ECG,316,2661,0,0,0,0,0
19968,ECG,317,2654,0,0,0,0,0
19968,ECG,318,3101,0,0,0,0,0
19968,ECG,319,3716,0,0,0,0,0
19978,ECG,320,4283,0,0,0,0,0
19978,ECG,321,4550,0,0,0,0,0
19978,ECG,322,4403,0,0,0,0,0
19978,ECG,323,4090,0,0,0,0,0
19978,ECG,324,3443,0,0,0,0,0
19988,ECG,325,2838,0,0,0,0,0
19988,ECG,326,2470,0,0,0,0,0
19988,ECG,327,2301,0,0,0,0,0
19988,ECG,328,2724,0,0,0,0,0
19988,ECG,329,3295,0,0,0,0,0
19998,ECG,330,3813,0,0,0,0,0
19998,ECG,331,4280,0,0,0,0,0
19998,ECG,332,4336,0,0,0,0,0
19998,ECG,333,4040,0,0,0,0,0
19998,ECG,334,3448,0,0,0,0,0
20008,ECG,335,2786,0,0,0,0,0
20008,ECG,336,2251,0,0,0,0,0
20008,ECG,337,2026,0,0,0,0,0
20008,ECG,338,2267,0,0,0,0,0
20008,ECG,339,2714,0,0,0,0,0
20017,ECG,340,3316,0,0,0,0,0
20017,ECG,341,3743,0,0,0,0,0
20017,ECG,342,3764,0,0,0,0,0
20017,ECG,343,3609,0,0,0,0,0
20017,ECG,344,3102,0,0,0,0,0
20027,ECG,345,2418,0,0,0,0,0
20027,ECG,346,1911,0,0,0,0,0
20027,ECG,347,1705,0,0,0,0,0
20027,ECG,348,1978,0,0,0,0,0
20027,ECG,349,2502,0,0,0,0,0
20037,ECG,350,3086,0,0,0,0,0
20037,ECG,351,3556,0,0,0,0,0
20037,ECG,352,3705,0,0,0,0,0
20037,ECG,353,3539,0,0,0,0,0
20037,ECG,354,3008,0,0,0,0,0
20047,ECG,355,2346,0,0,0,0,0
20047,ECG,356,1774,0,0,0,0,0
20047,ECG,357,1454,0,0,0,0,0
20047,ECG,358,1635,0,0,0,0,0
20047,ECG,359,2115,0,0,0,0,0
20057,ECG,360,2747,0,0,0,0,0
20057,ECG,361,3314,0,0,0,0,0
20057,ECG,362,3512,0,0,0,0,0
20057,ECG,363,3456,0,0,0,0,0
20057,ECG,364,3085,0,0,0,0,0
20066,ECG,365,2481,0,0,0,0,0
20066,ECG,366,1932,0,0,0,0,0
20066,ECG,367,1638,0,0,0,0,0
20066,ECG,368,1741,0,0,0,0,0
20066,ECG,369,2125,0,0,0,0,0
20076,ECG,370,2745,0,0,0,0,0
20076,ECG,371,3222,0,0,0,0,0
20076,ECG,372,3361,0,0,0,0,0
20076,ECG,373,3342,0,0,0,0,0
20076,ECG,374,2852,0,0,0,0,0
20086,ECG,375,2247,0,0,0,0,0
20086,ECG,376,1847,0,0,0,0,0
20086,ECG,377,1530,0,0,0,0,0
20086,ECG,378,1681,0,0,0,0,0
20086,ECG,379,2190,0,0,0,0,0
20096,ECG,380,2842,0,0,0,0,0
20096,ECG,381,3453,0,0,0,0,0
20096,ECG,382,3711,0,0,0,0,0
20096,ECG,383,3610,0,0,0,0,0
20096,ECG,384,3136,0,0,0,0,0
20105,ECG,385,2544,0,0,0,0,0
20105,ECG,386,1894,0,0,0,0,0
20105,ECG,387,1419,0,0,0,0,0
20105,ECG,388,1437,0,0,0,0,0
20105,ECG,389,1672,0,0,0,0,0
20115,ECG,390,2226,0,0,0,0,0
20115,ECG,391,2803,0,0,0,0,0
20115,ECG,392,3085,0,0,0,0,0
20115,ECG,393,3201,0,0,0,0,0
20115,ECG,394,2813,0,0,0,0,0
20125,ECG,395,2269,0,0,0,0,0
20125,ECG,396,1832,0,0,0,0,0
20125,ECG,397,1395,0,0,0,0,0
20125,ECG,398,1336,0,0,0,0,0
20125,ECG,399,1573,0,0,0,0,0
20135,ECG,400,2068,0,0,0,0,0
20135,ECG,401,2715,0,0,0,0,0
20135,ECG,402,3168,0,0,0,0,0
20135,ECG,403,3269,0,0,0,0,0
20135,ECG,404,2916,0,0,0,0,0
20145,ECG,405,2393,0,0,0,0,0
20145,ECG,406,1725,0,0,0,0,0
20145,ECG,407,1086,0,0,0,0,0
20145,ECG,408,884,0,0,0,0,0
20145,ECG,409,961,0,0,0,0,0
20154,ECG,410,1416,0,0,0,0,0
20154,ECG,411,2083,0,0,0,0,0
20154,ECG,412,2606,0,0,0,0,0
20154,ECG,413,2922,0,0,0,0,0
20154,ECG,414,2721,0,0,0,0,0
20164,ECG,415,2172,0,0,0,0,0
20164,ECG,416,1537,0,0,0,0,0
20164,ECG,417,915,0,0,0,0,0
20164,ECG,418,621,0,0,0,0,0
20164,ECG,419,651,0,0,0,0,0
20174,ECG,420,1107,0,0,0,0,0
20174,ECG,421,1849,0,0,0,0,0
20174,ECG,422,2480,0,0,0,0,0
20174,ECG,423,2855,0,0,0,0,0
20174,ECG,424,2726,0,0,0,0,0
20184,ECG,425,2242,0,0,0,0,0
20184,ECG,426,1623,0,0,0,0,0
20184,ECG,427,955,0,0,0,0,0
20184,ECG,428,580,0,0,0,0,0
20184,ECG,429,549,0,0,0,0,0
20194,ECG,430,958,0,0,0,0,0
20194,ECG,431,1699,0,0,0,0,0
20194,ECG,432,2391,0,0,0,0,0
20194,ECG,433,2858,0,0,0,0,0
20194,ECG,434,2795,0,0,0,0,0
20203,ECG,435,2329,0,0,0,0,0
20203,ECG,436,1704,0,0,0,0,0
20203,ECG,437,993,0,0,0,0,0
20203,ECG,438,518,0,0,0,0,0
20203,ECG,439,347,0,0,0,0,0
20213,ECG,440,658,0,0,0,0,0
20213,ECG,441,1401,0,0,0,0,0
20213,ECG,442,2143,0,0,0,0,0
20213,ECG,443,2677,0,0,0,0,0
20213,ECG,444,2716,0,0,0,0,0
20223,ECG,445,2359,0,0,0,0,0
20223,ECG,446,1801,0,0,0,0,0
20223,ECG,447,1093,0,0,0,0,0
20223,ECG,448,553,0,0,0,0,0
20223,ECG,449,279,0,0,0,0,0
20233,ECG,450,497,0,0,0,0,0
20233,ECG,451,1174,0,0,0,0,0
20233,ECG,452,1881,0,0,0,0,0
20233,ECG,453,2507,0,0,0,0,0
20233,ECG,454,2710,0,0,0,0,0
21243,ECG,455,0,0,0,0,0,0
21243,ECG,456,-1,0,0,0,0,0
21243,ECG,457,-5,0,0,0,0,0
21243,ECG,458,1,0,0,0,0,0
21243,ECG,459,5,0,0,0,0,0
21253,ECG,460,-14,0,0,0,0,0
21253,ECG,461,32,0,0,0,0,0
21253,ECG,462,-12,0,0,0,0,0
21253,ECG,463,-28,0,0,0,0,0
21253,ECG,464,128,0,0,0,0,0
21262,ECG,465,-630,0,0,0,0,0
21262,ECG,466,-1804,0,0,0,0,0
21262,ECG,467,-1583,0,0,0,0,0
21262,ECG,468,-125,0,0,0,0,0
21262,ECG,469,2860,0,0,0,0,0
21272,ECG,470,7795,0,0,0,0,0
21272,ECG,471,13337,0,0,0,0,0
21272,ECG,472,18607,0,0,0,0,0
21272,ECG,473,23009,0,0,0,0,0
21272,ECG,474,25739,0,0,0,0,0
21282,ECG,475,26851,0,0,0,0,0
21282,ECG,476,26508,0,0,0,0,0
21282,ECG,477,24810,0,0,0,0,0
21282,ECG,478,23216,0,0,0,0,0
21282,ECG,479,23182,0,0,0,0,0
21292,ECG,480,23795,0,0,0,0,0
21292,ECG,481,24265,0,0,0,0,0
21292,ECG,482,24812,0,0,0,0,0
21292,ECG,483,24760,0,0,0,0,0
21292,ECG,484,24358,0,0,0,0,0
21302,ECG,485,23966,0,0,0,0,0
21302,ECG,486,23240,0,0,0,0,0
21302,ECG,487,22592,0,0,0,0,0
21302,ECG,488,21926,0,0,0,0,0
21302,ECG,489,21647,0,0,0,0,0
21311,ECG,490,21993,0,0,0,0,0
21311,ECG,491,22357,0,0,0,0,0
21311,ECG,492,22747,0,0,0,0,0
21311,ECG,493,22721,0,0,0,0,0
21311,ECG,494,22550,0,0,0,0,0
21321,ECG,495,22349,0,0,0,0,0
21321,ECG,496,21741,0,0,0,0,0
21321,ECG,497,21116,0,0,0,0,0
21321,ECG,498,20352,0,0,0,0,0
21321,ECG,499,19985,0,0,0,0,0
21331,ECG,500,20005,0,0,0,0,0
21331,ECG,501,20136,0,0,0,0,0
21331,ECG,502,20813,0,0,0,0,0
21331,ECG,503,20999,0,0,0,0,0
21331,ECG,504,20754,0,0,0,0,0
21341,ECG,505,20547,0,0,0,0,0
21341,ECG,506,19883,0,0,0,0,0
21341,ECG,507,19050,0,0,0,0,0
21341,ECG,508,18144,0,0,0,0,0
21341,ECG,509,17687,0,0,0,0,0
21351,ECG,510,17847,0,0,0,0,0
21351,ECG,511,18289,0,0,0,0,0
21351,ECG,512,18892,0,0,0,0,0
21351,ECG,513,19303,0,0,0,0,0
21351,ECG,514,19799,0,0,0,0,0
21360,ECG,515,19784,0,0,0,0,0
21360,ECG,516,19182,0,0,0,0,0
21360,ECG,517,18776,0,0,0,0,0
21360,ECG,518,18023,0,0,0,0,0
21360,ECG,519,17442,0,0,0,0,0
21370,ECG,520,17304,0,0,0,0,0
21370,ECG,521,17188,0,0,0,0,0
21370,ECG,522,17385,0,0,0,0,0
21370,ECG,523,17538,0,0,0,0,0
21370,ECG,524,17740,0,0,0,0,0
21380,ECG,525,17931,0,0,0,0,0
21380,ECG,526,17720,0,0,0,0,0
21380,ECG,527,17289,0,0,0,0,0
21380,ECG,528,16715,0,0,0,0,0
21380,ECG,529,16436,0,0,0,0,0
21390,ECG,530,16337,0,0,0,0,0
21390,ECG,531,16369,0,0,0,0,0
21390,ECG,532,16754,0,0,0,0,0
21390,ECG,533,16976,0,0,0,0,0
21390,ECG,534,17213,0,0,0,0,0
21399,ECG,535,17319,0,0,0,0,0
21399,ECG,536,16906,0,0,0,0,0
21399,ECG,537,16299,0,0,0,0,0
21399,ECG,538,15523,0,0,0,0,0
21399,ECG,539,15039,0,0,0,0,0
21409,ECG,540,14960,0,0,0,0,0
21409,ECG,541,15049,0,0,0,0,0
21409,ECG,542,15376,0,0,0,0,0
21409,ECG,543,15616,0,0,0,0,0
21409,ECG,544,15922,0,0,0,0,0
21419,ECG,545,16079,0,0,0,0,0
21419,ECG,546,15722,0,0,0,0,0
21419,ECG,547,15137,0,0,0,0,0
21419,ECG,548,14322,0,0,0,0,0
21419,ECG,549,13828,0,0,0,0,0
21429,ECG,550,13704,0,0,0,0,0
21429,ECG,551,13725,0,0,0,0,0
21429,ECG,552,14197,0,0,0,0,0
21429,ECG,553,14495,0,0,0,0,0
21429,ECG,554,14626,0,0,0,0,0
21439,ECG,555,14622,0,0,0,0,0
21439,ECG,556,14077,0,0,0,0,0
21439,ECG,557,13346,0,0,0,0,0
21439,ECG,558,12417,0,0,0,0,0
21439,ECG,559,11768,0,0,0,0,0
21448,ECG,560,11588,0,0,0,0,0
21448,ECG,561,11824,0,0,0,0,0
21448,ECG,562,12430,0,0,0,0,0
21448,ECG,563,12726,0,0,0,0,0
21448,ECG,564,13223,0,0,0,0,0
21458,ECG,565,13381,0,0,0,0,0
21458,ECG,566,12737,0,0,0,0,0
21458,ECG,567,12136,0,0,0,0,0
21458,ECG,568,11246,0,0,0,0,0
21458,ECG,569,10606,0,0,0,0,0
21468,ECG,570,10393,0,0,0,0,0
21468,ECG,571,10426,0,0,0,0,0
21468,ECG,572,11068,0,0,0,0,0
21468,ECG,573,11675,0,0,0,0,0
21468,ECG,574,12231,0,0,0,0,0
21478,ECG,575,12465,0,0,0,0,0
21478,ECG,576,12134,0,0,0,0,0
21478,ECG,577,11540,0,0,0,0,0
21478,ECG,578,10656,0,0,0,0,0
21478,ECG,579,10139,0,0,0,0,0
21488,ECG,580,9989,0,0,0,0,0
21488,ECG,581,10098,0,0,0,0,0
21488,ECG,582,10576,0,0,0,0,0
21488,ECG,583,11109,0,0,0,0,0
21488,ECG,584,11902,0,0,0,0,0
21497,ECG,585,12279,0,0,0,0,0
21497,ECG,586,11947,0,0,0,0,0
21497,ECG,587,11502,0,0,0,0,0
21497,ECG,588,10711,0,0,0,0,0
21497,ECG,589,10052,0,0,0,0,0
21507,ECG,590,9806,0,0,0,0,0
21507,ECG,591,9691,0,0,0,0,0
21507,ECG,592,9876,0,0,0,0,0
21507,ECG,593,10183,0,0,0,0,0
21507,ECG,594,10731,0,0,0,0,0
21517,ECG,595,11233,0,0,0,0,0
21517,ECG,596,11181,0,0,0,0,0
21517,ECG,597,10771,0,0,0,0,0
21517,ECG,598,9993,0,0,0,0,0
21517,ECG,599,9317,0,0,0,0,0
21527,ECG,600,8996,0,0,0,0,0
21527,ECG,601,8849,0,0,0,0,0
21527,ECG,602,9013,0,0,0,0,0
21527,ECG,603,9299,0,0,0,0,0
21527,ECG,604,9885,0,0,0,0,0
21536,ECG,605,10449,0,0,0,0,0
21536,ECG,606,10457,0,0,0,0,0
21536,ECG,607,10196,0,0,0,0,0
21536,ECG,608,9465,0,0,0,0,0
21536,ECG,609,8613,0,0,0,0,0
21546,ECG,610,8055,0,0,0,0,0
21546,ECG,611,7749,0,0,0,0,0
21546,ECG,612,7807,0,0,0,0,0
21546,ECG,613,7912,0,0,0,0,0
21546,ECG,614,8365,0,0,0,0,0
21556,ECG,615,8791,0,0,0,0,0
21556,ECG,616,8756,0,0,0,0,0
21556,ECG,617,8618,0,0,0,0,0
21556,ECG,618,7874,0,0,0,0,0
21556,ECG,619,7125,0,0,0,0,0
21566,ECG,620,6736,0,0,0,0,0
21566,ECG,621,6424,0,0,0,0,0
21566,ECG,622,6654,0,0,0,0,0
21566,ECG,623,7085,0,0,0,0,0
21566,ECG,624,7631,0,0,0,0,0
21576,ECG,625,8153,0,0,0,0,0
21576,ECG,626,8250,0,0,0,0,0
21576,ECG,627,7883,0,0,0,0,0
21576,ECG,628,7182,0,0,0,0,0
21576,ECG,629,6774,0,0,0,0,0
22590,ECG,630,0,0,0,0,0,0
22590,ECG,631,-1,0,0,0,0,0
22590,ECG,632,-4,0,0,0,0,0
22590,ECG,633,0,0,0,0,0,0
22590,ECG,634,3,0,0,0,0,0
22600,ECG,635,-10,0,0,0,0,0
22600,ECG,636,19,0,0,0,0,0
22600,ECG,637,-10,0,0,0,0,0
22600,ECG,638,-18,0,0,0,0,0
22600,ECG,639,82,0,0,0,0,0
22609,ECG,640,-412,0,0,0,0,0
22609,ECG,641,-1149,0,0,0,0,0
22609,ECG,642,-998,0,0,0,0,0
22609,ECG,643,-42,0,0,0,0,0
22609,ECG,644,1838,0,0,0,0,0
22619,ECG,645,4785,0,0,0,0,0
22619,ECG,646,8225,0,0,0,0,0
22619,ECG,647,11713,0,0,0,0,0
22619,ECG,648,14770,0,0,0,0,0
22619,ECG,649,16913,0,0,0,0,0
22629,ECG,650,18077,0,0,0,0,0
22629,ECG,651,18409,0,0,0,0,0
22629,ECG,652,17807,0,0,0,0,0
22629,ECG,653,17021,0,0,0,0,0
22629,ECG,654,16932,0,0,0,0,0
22639,ECG,655,16904,0,0,0,0,0
22639,ECG,656,16693,0,0,0,0,0
22639,ECG,657,16552,0,0,0,0,0
22639,ECG,658,16297,0,0,0,0,0
22639,ECG,659,16175,0,0,0,0,0
22649,ECG,660,16108,0,0,0,0,0
22649,ECG,661,16021,0,0,0,0,0
22649,ECG,662,16159,0,0,0,0,0
22649,ECG,663,16072,0,0,0,0,0
22649,ECG,664,15788,0,0,0,0,0
22658,ECG,665,15538,0,0,0,0,0
22658,ECG,666,15144,0,0,0,0,0
22658,ECG,667,14724,0,0,0,0,0
22658,ECG,668,14350,0,0,0,0,0
22658,ECG,669,14263,0,0,0,0,0
22668,ECG,670,14371,0,0,0,0,0
22668,ECG,671,14506,0,0,0,0,0
22668,ECG,672,14648,0,0,0,0,0
22668,ECG,673,14678,0,0,0,0,0
22668,ECG,674,14897,0,0,0,0,0
22678,ECG,675,14843,0,0,0,0,0
22678,ECG,676,14421,0,0,0,0,0
22678,ECG,677,14265,0,0,0,0,0
22678,ECG,678,14041,0,0,0,0,0
22678,ECG,679,13829,0,0,0,0,0
22688,ECG,680,13759,0,0,0,0,0
22688,ECG,681,13716,0,0,0,0,0
22688,ECG,682,13824,0,0,0,0,0
22688,ECG,683,13780,0,0,0,0,0
22688,ECG,684,13712,0,0,0,0,0
22698,ECG,685,13691,0,0,0,0,0
22698,ECG,686,13522,0,0,0,0,0
22698,ECG,687,13231,0,0,0,0,0
22698,ECG,688,12844,0,0,0,0,0
22698,ECG,689,12708,0,0,0,0,0
22707,ECG,690,12742,0,0,0,0,0
22707,ECG,691,12819,0,0,0,0,0
22707,ECG,692,12993,0,0,0,0,0
22707,ECG,693,13100,0,0,0,0,0
22707,ECG,694,13323,0,0,0,0,0
22717,ECG,695,13373,0,0,0,0,0
22717,ECG,696,13143,0,0,0,0,0
22717,ECG,697,12998,0,0,0,0,0
22717,ECG,698,12754,0,0,0,0,0
22717,ECG,699,12524,0,0,0,0,0
22727,ECG,700,12432,0,0,0,0,0
22727,ECG,701,12387,0,0,0,0,0
22727,ECG,702,12396,0,0,0,0,0
22727,ECG,703,12384,0,0,0,0,0
22727,ECG,704,12489,0,0,0,0,0
22737,ECG,705,12577,0,0,0,0,0
22737,ECG,706,12485,0,0,0,0,0
22737,ECG,707,12326,0,0,0,0,0
22737,ECG,708,12048,0,0,0,0,0
22737,ECG,709,11803,0,0,0,0,0
22746,ECG,710,11669,0,0,0,0,0
22746,ECG,711,11589,0,0,0,0,0
22746,ECG,712,11606,0,0,0,0,0
22746,ECG,713,11642,0,0,0,0,0
22746,ECG,714,11760,0,0,0,0,0
22756,ECG,715,11839,0,0,0,0,0
22756,ECG,716,11757,0,0,0,0,0
22756,ECG,717,11577,0,0,0,0,0
22756,ECG,718,11252,0,0,0,0,0
22756,ECG,719,11037,0,0,0,0,0
22766,ECG,720,10889,0,0,0,0,0
22766,ECG,721,10789,0,0,0,0,0
22766,ECG,722,10907,0,0,0,0,0
22766,ECG,723,10872,0,0,0,0,0
22766,ECG,724,10829,0,0,0,0,0
22776,ECG,725,10751,0,0,0,0,0
22776,ECG,726,10406,0,0,0,0,0
22776,ECG,727,10096,0,0,0,0,0
22776,ECG,728,9685,0,0,0,0,0
22776,ECG,729,9347,0,0,0,0,0
22786,ECG,730,9237,0,0,0,0,0
22786,ECG,731,9307,0,0,0,0,0
22786,ECG,732,9635,0,0,0,0,0
22786,ECG,733,9871,0,0,0,0,0
22786,ECG,734,10042,0,0,0,0,0
22795,ECG,735,10008,0,0,0,0,0
22795,ECG,736,9794,0,0,0,0,0
22795,ECG,737,9569,0,0,0,0,0
22795,ECG,738,9109,0,0,0,0,0
22795,ECG,739,8912,0,0,0,0,0
22805,ECG,740,8857,0,0,0,0,0
22805,ECG,741,8755,0,0,0,0,0
22805,ECG,742,8878,0,0,0,0,0
22805,ECG,743,8997,0,0,0,0,0
22805,ECG,744,9309,0,0,0,0,0
22815,ECG,745,9419,0,0,0,0,0
22815,ECG,746,9186,0,0,0,0,0
22815,ECG,747,9148,0,0,0,0,0
22815,ECG,748,9008,0,0,0,0,0
22815,ECG,749,8746,0,0,0,0,0
22825,ECG,750,8561,0,0,0,0,0
22825,ECG,751,8559,0,0,0,0,0
22825,ECG,752,8651,0,0,0,0,0
22825,ECG,753,8726,0,0,0,0,0
22825,ECG,754,9059,0,0,0,0,0
22835,ECG,755,9355,0,0,0,0,0
22835,ECG,756,9450,0,0,0,0,0
22835,ECG,757,9406,0,0,0,0,0
22835,ECG,758,9103,0,0,0,0,0
22835,ECG,759,8843,0,0,0,0,0
22844,ECG,760,8635,0,0,0,0,0
22844,ECG,761,8442,0,0,0,0,0
22844,ECG,762,8471,0,0,0,0,0
22844,ECG,763,8604,0,0,0,0,0
22844,ECG,764,8807,0,0,0,0,0
22854,ECG,765,8983,0,0,0,0,0
22854,ECG,766,8970,0,0,0,0,0
22854,ECG,767,8829,0,0,0,0,0
22854,ECG,768,8537,0,0,0,0,0
22854,ECG,769,8122,0,0,0,0,0
22864,ECG,770,7838,0,0,0,0,0
22864,ECG,771,7845,0,0,0,0,0
22864,ECG,772,7996,0,0,0,0,0
22864,ECG,773,8229,0,0,0,0,0
22864,ECG,774,8621,0,0,0,0,0
22874,ECG,775,8894,0,0,0,0,0
22874,ECG,776,8898,0,0,0,0,0
22874,ECG,777,8728,0,0,0,0,0
22874,ECG,778,8263,0,0,0,0,0
22874,ECG,779,7786,0,0,0,0,0
22883,ECG,780,7467,0,0,0,0,0
22883,ECG,781,7103,0,0,0,0,0
22883,ECG,782,6965,0,0,0,0,0
22883,ECG,783,7126,0,0,0,0,0
22883,ECG,784,7324,0,0,0,0,0
22893,ECG,785,7438,0,0,0,0,0
22893,ECG,786,7520,0,0,0,0,0
22893,ECG,787,7543,0,0,0,0,0
22893,ECG,788,7302,0,0,0,0,0
22893,ECG,789,7012,0,0,0,0,0
22903,ECG,790,6779,0,0,0,0,0
22903,ECG,791,6628,0,0,0,0,0
22903,ECG,792,6614,0,0,0,0,0
22903,ECG,793,6611,0,0,0,0,0
22903,ECG,794,6859,0,0,0,0,0
22913,ECG,795,7109,0,0,0,0,0
22913,ECG,796,7113,0,0,0,0,0
22913,ECG,797,7069,0,0,0,0,0
22913,ECG,798,6763,0,0,0,0,0
22913,ECG,799,6383,0,0,0,0,0
22923,ECG,800,6076,0,0,0,0,0
22923,ECG,801,5751,0,0,0,0,0
22923,ECG,802,5642,0,0,0,0,0
22923,ECG,803,5755,0,0,0,0,0
22923,ECG,804,6008,0,0,0,0,0
22932,ECG,805,6219,0,0,0,0,0
22932,ECG,806,6433,0,0,0,0,0
22932,ECG,807,6557,0,0,0,0,0
22932,ECG,808,6347,0,0,0,0,0
22932,ECG,809,6223,0,0,0,0,0
22942,ECG,810,6083,0,0,0,0,0
22942,ECG,811,5811,0,0,0,0,0
22942,ECG,812,5715,0,0,0,0,0
22942,ECG,813,5656,0,0,0,0,0
22942,ECG,814,5747,0,0,0,0,0
22952,ECG,815,5938,0,0,0,0,0
22952,ECG,816,6015,0,0,0,0,0
22952,ECG,817,6009,0,0,0,0,0
22952,ECG,818,5888,0,0,0,0,0
22952,ECG,819,5823,0,0,0,0,0
22962,ECG,820,5734,0,0,0,0,0
22962,ECG,821,5599,0,0,0,0,0
22962,ECG,822,5570,0,0,0,0,0
22962,ECG,823,5530,0,0,0,0,0
22962,ECG,824,5621,0,0,0,0,0
22972,ECG,825,5756,0,0,0,0,0
22972,ECG,826,5760,0,0,0,0,0
22972,ECG,827,5711,0,0,0,0,0
22972,ECG,828,5539,0,0,0,0,0
22972,ECG,829,5426,0,0,0,0,0
22981,ECG,830,5386,0,0,0,0,0
22981,ECG,831,5293,0,0,0,0,0
22981,ECG,832,5229,0,0,0,0,0
22981,ECG,833,5172,0,0,0,0,0
22981,ECG,834,5264,0,0,0,0,0
22991,ECG,835,5395,0,0,0,0,0
22991,ECG,836,5395,0,0,0,0,0
22991,ECG,837,5328,0,0,0,0,0
22991,ECG,838,5141,0,0,0,0,0
22991,ECG,839,5052,0,0,0,0,0
23001,ECG,840,5021,0,0,0,0,0
23001,ECG,841,4906,0,0,0,0,0
23001,ECG,842,4820,0,0,0,0,0
23001,ECG,843,4729,0,0,0,0,0
23001,ECG,844,4787,0,0,0,0,0
23011,ECG,845,4893,0,0,0,0,0
23011,ECG,846,4915,0,0,0,0,0
23011,ECG,847,4936,0,0,0,0,0
23011,ECG,848,4810,0,0,0,0,0
23011,ECG,849,4715,0,0,0,0,0
23020,ECG,850,4698,0,0,0,0,0
23020,ECG,851,4618,0,0,0,0,0
23020,ECG,852,4496,0,0,0,0,0
23020,ECG,853,4350,0,0,0,0,0
23020,ECG,854,4423,0,0,0,0,0
23030,ECG,855,4567,0,0,0,0,0
23030,ECG,856,4652,0,0,0,0,0
23030,ECG,857,4742,0,0,0,0,0
23030,ECG,858,4606,0,0,0,0,0
23030,ECG,859,4415,0,0,0,0,0
23040,ECG,860,4240,0,0,0,0,0
23040,ECG,861,4069,0,0,0,0,0
23040,ECG,862,3987,0,0,0,0,0
23040,ECG,863,3936,0,0,0,0,0
23040,ECG,864,4119,0,0,0,0,0
23050,ECG,865,4410,0,0,0,0,0
23050,ECG,866,4594,0,0,0,0,0
23050,ECG,867,4640,0,0,0,0,0
23050,ECG,868,4516,0,0,0,0,0
23050,ECG,869,4441,0,0,0,0,0
23060,ECG,870,4302,0,0,0,0,0
23060,ECG,871,4074,0,0,0,0,0
23060,ECG,872,3982,0,0,0,0,0
23060,ECG,873,3960,0,0,0,0,0
23060,ECG,874,4042,0,0,0,0,0
23069,ECG,875,4144,0,0,0,0,0
23069,ECG,876,4184,0,0,0,0,0
23069,ECG,877,4177,0,0,0,0,0
23069,ECG,878,4040,0,0,0,0,0
23069,ECG,879,3977,0,0,0,0,0
23079,ECG,880,3970,0,0,0,0,0
23079,ECG,881,3888,0,0,0,0,0
23079,ECG,882,3798,0,0,0,0,0
23079,ECG,883,3678,0,0,0,0,0
23079,ECG,884,3697,0,0,0,0,0
23089,ECG,885,3786,0,0,0,0,0
23089,ECG,886,3816,0,0,0,0,0
23089,ECG,887,3821,0,0,0,0,0
23089,ECG,888,3736,0,0,0,0,0
23089,ECG,889,3735,0,0,0,0,0
23099,ECG,890,3770,0,0,0,0,0
23099,ECG,891,3730,0,0,0,0,0
23099,ECG,892,3675,0,0,0,0,0
23099,ECG,893,3556,0,0,0,0,0
23099,ECG,894,3582,0,0,0,0,0
23109,ECG,895,3656,0,0,0,0,0
23109,ECG,896,3671,0,0,0,0,0
23109,ECG,897,3800,0,0,0,0,0
23109,ECG,898,3756,0,0,0,0,0
23109,ECG,899,3578,0,0,0,0,0
23118,ECG,900,3447,0,0,0,0,0
23118,ECG,901,3218,0,0,0,0,0
23118,ECG,902,2907,0,0,0,0,0
23118,ECG,903,2623,0,0,0,0,0
23118,ECG,904,2647,0,0,0,0,0
23128,ECG,905,2776,0,0,0,0,0
23128,ECG,906,2951,0,0,0,0,0
23128,ECG,907,3234,0,0,0,0,0
23128,ECG,908,3200,0,0,0,0,0
23128,ECG,909,3173,0,0,0,0,0
23138,ECG,910,3063,0,0,0,0,0
23138,ECG,911,2634,0,0,0,0,0
23138,ECG,912,2350,0,0,0,0,0
23138,ECG,913,2164,0,0,0,0,0
23138,ECG,914,2146,0,0,0,0,0
23148,ECG,915,2367,0,0,0,0,0
23148,ECG,916,2691,0,0,0,0,0
23148,ECG,917,2933,0,0,0,0,0
23148,ECG,918,3065,0,0,0,0,0
23148,ECG,919,3310,0,0,0,0,0
23157,ECG,920,3335,0,0,0,0,0
23157,ECG,921,3211,0,0,0,0,0
23157,ECG,922,3149,0,0,0,0,0
23157,ECG,923,2935,0,0,0,0,0
23157,ECG,924,2838,0,0,0,0,0
23167,ECG,925,2895,0,0,0,0,0
23167,ECG,926,2935,0,0,0,0,0
23167,ECG,927,2969,0,0,0,0,0
23167,ECG,928,2952,0,0,0,0,0
23167,ECG,929,2970,0,0,0,0,0
23177,ECG,930,2983,0,0,0,0,0
23177,ECG,931,2998,0,0,0,0,0
23177,ECG,932,2998,0,0,0,0,0
23177,ECG,933,2892,0,0,0,0,0
23177,ECG,934,2916,0,0,0,0,0
23187,ECG,935,3018,0,0,0,0,0
23187,ECG,936,3044,0,0,0,0,0
23187,ECG,937,3042,0,0,0,0,0
23187,ECG,938,2925,0,0,0,0,0
23187,ECG,939,2848,0,0,0,0,0
23197,ECG,940,2848,0,0,0,0,0
23197,ECG,941,2749,0,0,0,0,0
23197,ECG,942,2631,0,0,0,0,0
23197,ECG,943,2536,0,0,0,0,0
23197,ECG,944,2494,0,0,0,0,0
23206,ECG,945,2501,0,0,0,0,0
23206,ECG,946,2549,0,0,0,0,0
23206,ECG,947,2600,0,0,0,0,0
23206,ECG,948,2570,0,0,0,0,0
23206,ECG,949,2622,0,0,0,0,0
23216,ECG,950,2699,0,0,0,0,0
23216,ECG,951,2687,0,0,0,0,0
23216,ECG,952,2618,0,0,0,0,0
23216,ECG,953,2441,0,0,0,0,0
23216,ECG,954,2342,0,0,0,0,0
23226,ECG,955,2305,0,0,0,0,0
23226,ECG,956,2331,0,0,0,0,0
23226,ECG,957,2484,0,0,0,0,0
23226,ECG,958,2470,0,0,0,0,0
23226,ECG,959,2415,0,0,0,0,0
23236,ECG,960,2408,0,0,0,0,0
23236,ECG,961,2273,0,0,0,0,0
23236,ECG,962,2056,0,0,0,0,0
23236,ECG,963,1788,0,0,0,0,0
23236,ECG,964,1671,0,0,0,0,0
23245,ECG,965,1711,0,0,0,0,0
23245,ECG,966,1869,0,0,0,0,0
23245,ECG,967,2179,0,0,0,0,0
23245,ECG,968,2363,0,0,0,0,0
23245,ECG,969,2429,0,0,0,0,0
23255,ECG,970,2331,0,0,0,0,0
23255,ECG,971,2082,0,0,0,0,0
23255,ECG,972,1873,0,0,0,0,0
23255,ECG,973,1532,0,0,0,0,0
23255,ECG,974,1232,0,0,0,0,0
23265,ECG,975,1142,0,0,0,0,0
23265,ECG,976,1321,0,0,0,0,0
23265,ECG,977,1699,0,0,0,0,0
23265,ECG,978,1891,0,0,0,0,0
23265,ECG,979,2091,0,0,0,0,0
23275,ECG,980,2167,0,0,0,0,0
23275,ECG,981,1955,0,0,0,0,0
23275,ECG,982,1814,0,0,0,0,0
23275,ECG,983,1584,0,0,0,0,0
23275,ECG,984,1266,0,0,0,0,0
23285,ECG,985,1104,0,0,0,0,0
23285,ECG,986,1208,0,0,0,0,0
23285,ECG,987,1489,0,0,0,0,0
23285,ECG,988,1819,0,0,0,0,0
23285,ECG,989,2222,0,0,0,0,0
23294,ECG,990,2392,0,0,0,0,0
23294,ECG,991,2363,0,0,0,0,0
23294,ECG,992,2319,0,0,0,0,0
23294,ECG,993,2092,0,0,0,0,0
23294,ECG,994,1813,0,0,0,0,0
23304,ECG,995,1596,0,0,0,0,0
23304,ECG,996,1513,0,0,0,0,0
23304,ECG,997,1670,0,0,0,0,0
23304,ECG,998,1945,0,0,0,0,0
23304,ECG,999,2240,0,0,0,0,0
23314,ECG,1000,2421,0,0,0,0,0
23314,ECG,1001,2430,0,0,0,0,0
23314,ECG,1002,2340,0,0,0,0,0
23314,ECG,1003,2078,0,0,0,0,0
23314,ECG,1004,1680,0,0,0,0,0
23324,ECG,1005,1415,0,0,0,0,0
23324,ECG,1006,1400,0,0,0,0,0
23324,ECG,1007,1554,0,0,0,0,0
23324,ECG,1008,1828,0,0,0,0,0
23324,ECG,1009,2177,0,0,0,0,0
23334,ECG,1010,2415,0,0,0,0,0
23334,ECG,1011,2462,0,0,0,0,0
23334,ECG,1012,2387,0,0,0,0,0
23334,ECG,1013,2070,0,0,0,0,0
23334,ECG,1014,1587,0,0,0,0,0
23343,ECG,1015,1231,0,0,0,0,0
23343,ECG,1016,1070,0,0,0,0,0
23343,ECG,1017,1117,0,0,0,0,0
23343,ECG,1018,1392,0,0,0,0,0
23343,ECG,1019,1804,0,0,0,0,0
23353,ECG,1020,2064,0,0,0,0,0
23353,ECG,1021,2091,0,0,0,0,0
23353,ECG,1022,1958,0,0,0,0,0
23353,ECG,1023,1575,0,0,0,0,0
19356,PPG,0,130054,60081,0,0,0,0
19356,PPG,1,130047,60076,0,0,0,0
19356,PPG,2,130055,60075,0,0,0,0
19388,PPG,3,130060,60076,0,0,0,0
19472,PPG,4,130070,60090,0,0,0,0
19548,PPG,5,130060,60084,0,0,0,0
19627,PPG,6,130056,60085,0,0,0,0
19706,PPG,7,130059,60075,0,0,0,0
19785,PPG,8,130065,60072,0,0,0,0
19865,PPG,9,130065,60086,0,0,0,0
19948,PPG,10,130065,60075,0,0,0,0
20026,PPG,11,130064,60078,0,0,0,0
20103,PPG,12,130068,60069,0,0,0,0
20183,PPG,13,130061,60077,0,0,0,0
20262,PPG,14,130062,60074,0,0,0,0
20341,PPG,15,130069,60087,0,0,0,0
20421,PPG,16,130062,60083,0,0,0,0
20504,PPG,17,130065,60084,0,0,0,0
20591,PPG,18,130057,60072,0,0,0,0
20660,PPG,19,130055,60084,0,0,0,0
20739,PPG,20,130064,60087,0,0,0,0
20819,PPG,21,130064,60079,0,0,0,0
20898,PPG,22,130057,60093,0,0,0,0
20982,PPG,23,130059,60082,0,0,0,0
21060,PPG,24,130068,60075,0,0,0,0
21137,PPG,25,130066,60076,0,0,0,0
21216,PPG,26,130077,60078,0,0,0,0
21296,PPG,27,130062,60082,0,0,0,0
21375,PPG,28,130063,60092,0,0,0,0
21466,PPG,29,130068,60082,0,0,0,0
21538,PPG,30,130067,60076,0,0,0,0
21615,PPG,31,130053,60074,0,0,0,0
21693,PPG,32,130059,60083,0,0,0,0
21773,PPG,33,130071,60087,0,0,0,0
21852,PPG,34,130057,60071,0,0,0,0
21932,PPG,35,130051,60073,0,0,0,0
22011,PPG,36,130049,60068,0,0,0,0
22094,PPG,37,130066,60083,0,0,0,0
22170,PPG,38,130064,60079,0,0,0,0
22250,PPG,39,130060,60074,0,0,0,0
22334,PPG,40,130058,60091,0,0,0,0
22409,PPG,41,130064,60077,0,0,0,0
22489,PPG,42,130054,60074,0,0,0,0
22572,PPG,43,130061,60072,0,0,0,0
22649,PPG,44,130052,60078,0,0,0,0
22727,PPG,45,130063,60080,0,0,0,0
22806,PPG,46,130066,60074,0,0,0,0
22886,PPG,47,130052,60067,0,0,0,0
22965,PPG,48,130070,60077,0,0,0,0
23044,PPG,49,130060,60084,0,0,0,0
23127,PPG,50,130055,60073,0,0,0,0
23208,PPG,51,130061,60075,0,0,0,0
23283,PPG,52,130074,60079,0,0,0,0
23364,PPG,53,130058,60071,0,0,0,0
23455,PPG,54,130051,60076,0,0,0,0
23527,PPG,55,130065,60068,0,0,0,0
23605,PPG,56,130048,60071,0,0,0,0
23683,PPG,57,130069,60076,0,0,0,0
23760,PPG,58,130055,60069,0,0,0,0
23840,PPG,59,130057,60072,0,0,0,0
23920,PPG,60,130060,60084,0,0,0,0
23998,PPG,61,130055,60080,0,0,0,0
24086,PPG,62,130060,60076,0,0,0,0
24161,PPG,63,130053,60075,0,0,0,0
24237,PPG,64,130064,60082,0,0,0,0
24316,PPG,65,130069,60071,0,0,0,0
24396,PPG,66,130064,60074,0,0,0,0
24475,PPG,67,130056,60072,0,0,0,0
24555,PPG,68,130049,60077,0,0,0,0
24638,PPG,69,130060,60068,0,0,0,0
24716,PPG,70,130051,60079,0,0,0,0
24793,PPG,71,130042,60082,0,0,0,0
24873,PPG,72,130060,60074,0,0,0,0
24964,PPG,73,130048,60076,0,0,0,0
25031,PPG,74,130071,60082,0,0,0,0
25111,PPG,75,130054,60078,0,0,0,0
25194,PPG,76,130056,60082,0,0,0,0
25271,PPG,77,130063,60083,0,0,0,0
25349,PPG,78,130069,60067,0,0,0,0
25428,PPG,79,130066,60070,0,0,0,0
25507,PPG,80,130059,60081,0,0,0,0
25587,PPG,81,130063,60068,0,0,0,0
25670,PPG,82,130065,60076,0,0,0,0
25748,PPG,83,130063,60077,0,0,0,0
25833,PPG,84,130048,60080,0,0,0,0
25905,PPG,85,130068,60080,0,0,0,0
25984,PPG,86,130059,60080,0,0,0,0
26064,PPG,87,130061,60082,0,0,0,0
26143,PPG,88,130073,60085,0,0,0,0
26227,PPG,89,130059,60070,0,0,0,0
26304,PPG,90,130057,60067,0,0,0,0
26382,PPG,91,130061,60074,0,0,0,0
26462,PPG,92,130065,60070,0,0,0,0
26541,PPG,93,130061,60068,0,0,0,0
26621,PPG,94,130059,60068,0,0,0,0
26708,PPG,95,130055,60080,0,0,0,0
26783,PPG,96,130066,60078,0,0,0,0
26859,PPG,97,130061,60073,0,0,0,0
26939,PPG,98,130058,60086,0,0,0,0
27018,PPG,99,130055,60084,0,0,0,0
23336,IMU,208,1220,-388,8396,-96,53,31
23355,IMU,209,1016,-392,8412,-98,58,39
23374,IMU,210,1016,-340,8436,-104,61,56
23393,IMU,211,1048,-424,8348,-97,54,52
23414,IMU,212,1076,-420,8368,-104,39,44
23433,IMU,213,1100,-376,8420,-98,61,45
23455,IMU,214,1124,-436,8408,-89,58,35
23469,IMU,215,1104,-412,8456,-92,73,40
23488,IMU,216,1060,-416,8484,-88,59,32
23507,IMU,217,1096,-408,8464,-87,47,23
23527,IMU,218,1084,-420,8328,-95,52,39
23546,IMU,219,1060,-452,8356,-95,61,37
23565,IMU,220,1248,-392,8444,-100,63,24
23584,IMU,221,1100,-412,8404,-86,55,35
23605,IMU,222,1104,-344,8384,-95,64,38
23622,IMU,223,1040,-380,8500,-105,71,46
23645,IMU,224,1096,-396,8348,-95,55,41
23662,IMU,225,1056,-392,8440,-92,61,49
23680,IMU,226,1116,-360,8440,-81,55,38
23699,IMU,227,1016,-416,8472,-104,69,36
23718,IMU,228,1136,-372,8376,-105,48,34
23737,IMU,229,1164,-472,8424,-96,47,46
23756,IMU,230,1152,-440,8360,-103,84,33
23775,IMU,231,1092,-404,8396,-92,55,48
23795,IMU,232,1088,-400,8408,-96,44,37
23814,IMU,233,1004,-372,8380,-88,60,29
23833,IMU,234,1128,-456,8576,-115,60,47
23856,IMU,235,1160,-428,8420,-92,48,51
23872,IMU,236,1056,-392,8520,-112,56,32
23890,IMU,237,1064,-380,8448,-109,60,39
23909,IMU,238,984,-392,8404,-90,42,41
23929,IMU,239,1016,-336,8332,-103,54,37
23948,IMU,240,1076,-400,8412,-114,68,34
23967,IMU,241,1100,-432,8404,-118,59,49
23986,IMU,242,1112,-388,8408,-96,63,48
24005,IMU,243,1052,-420,8396,-91,62,48
24024,IMU,244,1100,-456,8356,-102,44,39
24044,IMU,245,1156,-408,8480,-83,59,37
24063,IMU,246,1088,-416,8480,-104,60,36
24086,IMU,247,940,-392,8388,-99,37,35
24101,IMU,248,1084,-412,8352,-106,59,38
24120,IMU,249,1092,-404,8436,-90,62,41
24139,IMU,250,1052,-432,8348,-100,54,50
24161,IMU,251,1120,-480,8416,-99,55,53
24178,IMU,252,1108,-496,8464,-94,62,28
24197,IMU,253,1052,-520,8508,-90,69,48
24216,IMU,254,996,-448,8396,-103,55,38
24235,IMU,255,1044,-380,8408,-106,59,40
24254,IMU,256,1100,-408,8428,-101,54,33
24273,IMU,257,1036,-460,8408,-87,60,36
24295,IMU,258,1096,-408,8396,-107,52,34
24312,IMU,259,984,-492,8400,-91,61,52
24331,IMU,260,1124,-456,8404,-95,62,38
24350,IMU,261,1064,-448,8368,-98,65,33
24369,IMU,262,1080,-432,8460,-87,72,52
24388,IMU,263,1020,-468,8492,-86,78,46
24408,IMU,264,1052,-416,8328,-95,61,44
24427,IMU,265,1044,-448,8372,-108,55,41
24446,IMU,266,1128,-424,8432,-112,66,49
24465,IMU,267,1128,-420,8404,-99,71,46
24484,IMU,268,1072,-376,8468,-100,67,63
24505,IMU,269,1064,-508,8384,-96,62,41
24524,IMU,270,1032,-392,8408,-115,60,52
24542,IMU,271,1100,-328,8456,-101,33,37
24561,IMU,272,1180,-452,8444,-122,54,53
24580,IMU,273,1084,-456,8412,-96,51,32
24599,IMU,274,1136,-460,8480,-96,56,39
24618,IMU,275,1164,-388,8428,-92,58,46
24638,IMU,276,944,-360,8440,-91,75,32
24657,IMU,277,1056,-400,8436,-102,72,45
24676,IMU,278,1060,-476,8492,-93,54,42
24695,IMU,279,1112,-316,8280,-101,61,31
24714,IMU,280,1200,-548,8320,-93,53,30
24735,IMU,281,1112,-356,8408,-109,61,41
24752,IMU,282,1172,-428,8444,-88,71,26
24771,IMU,283,1120,-364,8404,-112,48,35
24790,IMU,284,1084,-388,8556,-106,56,34
24809,IMU,285,1064,-420,8336,-94,64,36
24829,IMU,286,1168,-404,8424,-107,77,43
24848,IMU,287,992,-412,8416,-88,41,36
24867,IMU,288,1064,-236,8412,-105,54,37
24886,IMU,289,1092,-404,8440,-112,74,37
24905,IMU,290,1228,-424,8532,-101,65,33
24924,IMU,291,1164,-488,8436,-105,45,36
24947,IMU,292,1128,-396,8368,-70,66,37
24964,IMU,293,1132,-428,8468,-71,48,24
24982,IMU,294,1152,-452,8380,-78,67,51
25001,IMU,295,1144,-348,8396,-101,47,34
25020,IMU,296,1044,-448,8464,-88,60,43
25039,IMU,297,1096,-392,8464,-81,49,38
25058,IMU,298,1100,-368,8432,-85,60,43
25077,IMU,299,1016,-452,8392,-88,56,36
25096,IMU,300,1136,-464,8376,-86,54,45
25115,IMU,301,1060,-384,8436,-96,62,44
25135,IMU,302,1068,-420,8452,-105,58,34
25154,IMU,303,1160,-472,8380,-82,68,49
25175,IMU,304,1000,-440,8400,-77,54,44
25194,IMU,305,1072,-376,8404,-92,68,48
25211,IMU,306,1116,-440,8424,-111,39,40
25230,IMU,307,1096,-504,8408,-86,44,32
25249,IMU,308,1092,-364,8400,-87,53,45
25268,IMU,309,1084,-392,8384,-87,55,36
25287,IMU,310,1132,-384,8388,-101,51,27
25307,IMU,311,1132,-252,8436,-92,72,52
25326,IMU,312,1132,-408,8396,-95,54,46
25345,IMU,313,1128,-396,8404,-98,65,45
25364,IMU,314,1048,-464,8404,-92,72,52
25386,IMU,315,1164,-428,8436,-95,61,49
25402,IMU,316,1148,-504,8384,-86,49,56
25422,IMU,317,968,-452,8448,-108,78,33
25441,IMU,318,1192,-420,8480,-87,52,51
25460,IMU,319,1072,-452,8456,-99,61,43
25479,IMU,320,1148,-344,8360,-98,61,24
25498,IMU,321,1132,-464,8424,-102,65,46
25517,IMU,322,1104,-452,8424,-85,35,34
25536,IMU,323,1028,-488,8528,-104,58,49
25555,IMU,324,1008,-376,8508,-106,53,40
25574,IMU,325,1048,-388,8408,-93,73,42
25593,IMU,326,1112,-452,8428,-98,72,68
25615,IMU,327,1020,-404,8432,-101,72,43
25631,IMU,328,1044,-376,8360,-108,41,42
25651,IMU,329,1188,-384,8400,-79,50,46
25670,IMU,330,1092,-420,8408,-96,57,39
25689,IMU,331,1124,-412,8476,-96,64,34
25708,IMU,332,1036,-428,8404,-95,55,37
25727,IMU,333,1104,-392,8316,-88,64,39
25746,IMU,334,1020,-464,8372,-95,48,40
25765,IMU,335,992,-396,8404,-106,61,48
25785,IMU,336,1104,-436,8380,-90,67,33
25804,IMU,337,1112,-396,8388,-104,55,50
25826,IMU,338,1116,-400,8416,-94,59,33
25842,IMU,339,1064,-464,8420,-93,52,48
25861,IMU,340,1024,-396,8460,-102,54,37
25880,IMU,341,1088,-420,8368,-101,58,34
25900,IMU,342,960,-324,8376,-114,58,41
25919,IMU,343,1092,-460,8468,-101,76,37
25938,IMU,344,1132,-460,8384,-82,62,40
25957,IMU,345,1148,-396,8400,-77,55,38
25976,IMU,346,1176,-340,8376,-96,53,47
25995,IMU,347,1064,-376,8340,-87,58,48
26014,IMU,348,1052,-344,8376,-108,57,43
26036,IMU,349,1120,-460,8440,-98,65,23
26055,IMU,350,1088,-368,8424,-108,62,50
26072,IMU,351,1180,-348,8420,-85,53,36
26091,IMU,352,1016,-420,8504,-93,59,43
26110,IMU,353,1100,-572,8440,-102,42,41
26129,IMU,354,1028,-368,8424,-99,50,42
26149,IMU,355,1056,-344,8476,-110,68,45
26168,IMU,356,1120,-440,8388,-94,65,25
26187,IMU,357,1052,-432,8436,-93,65,44
26206,IMU,358,1112,-404,8400,-88,46,31
26227,IMU,359,1188,-436,8416,-99,58,49
26244,IMU,360,1096,-468,8348,-111,62,30
26266,IMU,361,1000,-460,8416,-106,64,47
26283,IMU,362,1044,-488,8444,-89,54,50
26302,IMU,363,1044,-424,8388,-100,59,59
26321,IMU,364,1048,-420,8316,-99,67,40
26340,IMU,365,1096,-400,8480,-109,62,54
26359,IMU,366,1092,-372,8436,-98,76,45
26379,IMU,367,1108,-364,8452,-88,51,49
26398,IMU,368,1108,-376,8488,-99,64,38
26417,IMU,369,1000,-452,8372,-92,61,30
26436,IMU,370,1000,-408,8360,-91,56,38
26455,IMU,371,1184,-372,8456,-98,61,35
26478,IMU,372,1140,-512,8380,-89,54,54
26493,IMU,373,1112,-356,8420,-115,58,42
26513,IMU,374,1176,-468,8420,-95,59,33
26532,IMU,375,1064,-368,8360,-116,58,45
26551,IMU,376,1120,-348,8396,-86,69,47
26570,IMU,377,1164,-444,8448,-103,56,27
26589,IMU,378,1124,-332,8472,-79,66,47
26608,IMU,379,1076,-440,8340,-88,65,37
26628,IMU,380,1092,-364,8384,-101,80,49
26647,IMU,381,1148,-380,8316,-99,50,47
26666,IMU,382,1080,-416,8328,-98,52,33
26685,IMU,383,1144,-396,8424,-91,52,51
26708,IMU,384,1100,-496,8400,-92,54,28
26724,IMU,385,1116,-360,8368,-85,55,41
26743,IMU,386,1004,-456,8408,-105,64,42
26762,IMU,387,1112,-396,8468,-92,56,54
26781,IMU,388,1108,-340,8468,-103,58,46
26800,IMU,389,1284,-404,8456,-88,62,31
26819,IMU,390,1076,-440,8452,-96,70,49
26838,IMU,391,1168,-396,8320,-101,45,37
26857,IMU,392,1128,-440,8512,-85,53,40
26876,IMU,393,1096,-436,8404,-98,41,56
26896,IMU,394,1144,-428,8400,-86,63,34
26917,IMU,395,1124,-480,8372,-98,40,40
26934,IMU,396,1124,-364,8400,-101,58,46
26953,IMU,397,1120,-400,8400,-79,64,50
26972,IMU,398,1148,-372,8352,-115,50,51
26991,IMU,399,1028,-368,8360,-82,60,42
27010,IMU,400,1192,-400,8404,-109,69,27
27030,IMU,401,1088,-412,8472,-101,59,31
27049,IMU,402,1088,-360,8468,-96,64,48
27068,IMU,403,1104,-316,8476,-88,45,28
27087,IMU,404,1176,-404,8400,-104,57,34
27106,IMU,405,1076,-428,8512,-98,60,47
27127,IMU,406,1108,-388,8412,-100,56,41
27146,IMU,407,1024,-452,8484,-88,52,39
27163,IMU,408,1056,-408,8380,-102,64,38
27182,IMU,409,1216,-308,8476,-104,67,46
27201,IMU,410,1000,-464,8376,-97,52,33
27221,IMU,411,1084,-384,8344,-103,62,41
27240,IMU,412,1092,-464,8380,-92,59,44
27260,IMU,413,1048,-500,8448,-122,55,41
27278,IMU,414,1116,-380,8420,-105,66,31
27297,IMU,415,1136,-400,8484,-105,61,43
23353,ECG,1024,1194,0,0,0,0,0
23363,ECG,1025,895,0,0,0,0,0
23363,ECG,1026,650,0,0,0,0,0
23363,ECG,1027,743,0,0,0,0,0
23363,ECG,1028,1057,0,0,0,0,0
23363,ECG,1029,1336,0,0,0,0,0
23373,ECG,1030,1557,0,0,0,0,0
23373,ECG,1031,1688,0,0,0,0,0
23373,ECG,1032,1586,0,0,0,0,0
23373,ECG,1033,1315,0,0,0,0,0
23373,ECG,1034,1047,0,0,0,0,0
23382,ECG,1035,879,0,0,0,0,0
23382,ECG,1036,995,0,0,0,0,0
23382,ECG,1037,1242,0,0,0,0,0
23382,ECG,1038,1512,0,0,0,0,0
23382,ECG,1039,1914,0,0,0,0,0
23392,ECG,1040,2182,0,0,0,0,0
23392,ECG,1041,2180,0,0,0,0,0
23392,ECG,1042,2047,0,0,0,0,0
23392,ECG,1043,1727,0,0,0,0,0
23392,ECG,1044,1229,0,0,0,0,0
23402,ECG,1045,888,0,0,0,0,0
23402,ECG,1046,841,0,0,0,0,0
23402,ECG,1047,1019,0,0,0,0,0
23402,ECG,1048,1435,0,0,0,0,0
23402,ECG,1049,1904,0,0,0,0,0
23412,ECG,1050,2194,0,0,0,0,0
23412,ECG,1051,2286,0,0,0,0,0
23412,ECG,1052,2160,0,0,0,0,0
23412,ECG,1053,1762,0,0,0,0,0
23412,ECG,1054,1329,0,0,0,0,0
23422,ECG,1055,982,0,0,0,0,0
23422,ECG,1056,651,0,0,0,0,0
23422,ECG,1057,613,0,0,0,0,0
23422,ECG,1058,895,0,0,0,0,0
23422,ECG,1059,1195,0,0,0,0,0
23431,ECG,1060,1402,0,0,0,0,0
23431,ECG,1061,1509,0,0,0,0,0
23431,ECG,1062,1481,0,0,0,0,0
23431,ECG,1063,1280,0,0,0,0,0
23431,ECG,1064,1067,0,0,0,0,0
23441,ECG,1065,863,0,0,0,0,0
23441,ECG,1066,683,0,0,0,0,0
23441,ECG,1067,654,0,0,0,0,0
23441,ECG,1068,755,0,0,0,0,0
23441,ECG,1069,1029,0,0,0,0,0
23451,ECG,1070,1238,0,0,0,0,0
23451,ECG,1071,1329,0,0,0,0,0
23451,ECG,1072,1389,0,0,0,0,0
23451,ECG,1073,1164,0,0,0,0,0
23451,ECG,1074,882,0,0,0,0,0
23461,ECG,1075,618,0,0,0,0,0
23461,ECG,1076,303,0,0,0,0,0
23461,ECG,1077,163,0,0,0,0,0
23461,ECG,1078,131,0,0,0,0,0
23461,ECG,1079,282,0,0,0,0,0
23471,ECG,1080,507,0,0,0,0,0
23471,ECG,1081,655,0,0,0,0,0
23471,ECG,1082,748,0,0,0,0,0
23471,ECG,1083,695,0,0,0,0,0
23471,ECG,1084,649,0,0,0,0,0
23480,ECG,1085,504,0,0,0,0,0
23480,ECG,1086,336,0,0,0,0,0
23480,ECG,1087,302,0,0,0,0,0
23480,ECG,1088,336,0,0,0,0,0
23480,ECG,1089,680,0,0,0,0,0
23490,ECG,1090,964,0,0,0,0,0
23490,ECG,1091,997,0,0,0,0,0
23490,ECG,1092,985,0,0,0,0,0
23490,ECG,1093,786,0,0,0,0,0
23490,ECG,1094,589,0,0,0,0,0
23500,ECG,1095,363,0,0,0,0,0
23500,ECG,1096,155,0,0,0,0,0
23500,ECG,1097,174,0,0,0,0,0
23500,ECG,1098,313,0,0,0,0,0
23500,ECG,1099,647,0,0,0,0,0
23510,ECG,1100,1002,0,0,0,0,0
23510,ECG,1101,1232,0,0,0,0,0
23510,ECG,1102,1265,0,0,0,0,0
23510,ECG,1103,1039,0,0,0,0,0
23510,ECG,1104,898,0,0,0,0,0
23519,ECG,1105,774,0,0,0,0,0
23519,ECG,1106,546,0,0,0,0,0
23519,ECG,1107,435,0,0,0,0,0
23519,ECG,1108,466,0,0,0,0,0
23519,ECG,1109,681,0,0,0,0,0
23529,ECG,1110,926,0,0,0,0,0
23529,ECG,1111,1068,0,0,0,0,0
23529,ECG,1112,1127,0,0,0,0,0
23529,ECG,1113,1023,0,0,0,0,0
23529,ECG,1114,923,0,0,0,0,0
23539,ECG,1115,799,0,0,0,0,0
23539,ECG,1116,583,0,0,0,0,0
23539,ECG,1117,456,0,0,0,0,0
23539,ECG,1118,428,0,0,0,0,0
23539,ECG,1119,611,0,0,0,0,0
23549,ECG,1120,882,0,0,0,0,0
23549,ECG,1121,1026,0,0,0,0,0
23549,ECG,1122,1085,0,0,0,0,0
23549,ECG,1123,995,0,0,0,0,0
23549,ECG,1124,895,0,0,0,0,0
23559,ECG,1125,809,0,0,0,0,0
23559,ECG,1126,615,0,0,0,0,0
23559,ECG,1127,430,0,0,0,0,0
23559,ECG,1128,367,0,0,0,0,0
23559,ECG,1129,583,0,0,0,0,0
23568,ECG,1130,896,0,0,0,0,0
23568,ECG,1131,1092,0,0,0,0,0
23568,ECG,1132,1219,0,0,0,0,0
23568,ECG,1133,1174,0,0,0,0,0
23568,ECG,1134,1145,0,0,0,0,0
23578,ECG,1135,1055,0,0,0,0,0
23578,ECG,1136,679,0,0,0,0,0
23578,ECG,1137,331,0,0,0,0,0
23578,ECG,1138,117,0,0,0,0,0
23578,ECG,1139,120,0,0,0,0,0
23588,ECG,1140,341,0,0,0,0,0
23588,ECG,1141,553,0,0,0,0,0
23588,ECG,1142,684,0,0,0,0,0
23588,ECG,1143,705,0,0,0,0,0
23588,ECG,1144,709,0,0,0,0,0
23598,ECG,1145,697,0,0,0,0,0
23598,ECG,1146,583,0,0,0,0,0
23598,ECG,1147,358,0,0,0,0,0
23598,ECG,1148,207,0,0,0,0,0
23598,ECG,1149,420,0,0,0,0,0
23608,ECG,1150,792,0,0,0,0,0
23608,ECG,1151,1070,0,0,0,0,0
23608,ECG,1152,1233,0,0,0,0,0
23608,ECG,1153,1207,0,0,0,0,0
23608,ECG,1154,1095,0,0,0,0,0
23617,ECG,1155,980,0,0,0,0,0
23617,ECG,1156,690,0,0,0,0,0
23617,ECG,1157,346,0,0,0,0,0
23617,ECG,1158,262,0,0,0,0,0
23617,ECG,1159,448,0,0,0,0,0
23627,ECG,1160,858,0,0,0,0,0
23627,ECG,1161,1299,0,0,0,0,0
23627,ECG,1162,1513,0,0,0,0,0
23627,ECG,1163,1492,0,0,0,0,0
23627,ECG,1164,1369,0,0,0,0,0
23637,ECG,1165,1128,0,0,0,0,0
23637,ECG,1166,712,0,0,0,0,0
23637,ECG,1167,305,0,0,0,0,0
23637,ECG,1168,-28,0,0,0,0,0
23637,ECG,1169,-94,0,0,0,0,0
24647,ECG,1170,0,0,0,0,0,0
24647,ECG,1171,-1,0,0,0,0,0
24647,ECG,1172,-3,0,0,0,0,0
24647,ECG,1173,0,0,0,0,0,0
24647,ECG,1174,2,0,0,0,0,0
24657,ECG,1175,-10,0,0,0,0,0
24657,ECG,1176,19,0,0,0,0,0
24657,ECG,1177,-11,0,0,0,0,0
24657,ECG,1178,-16,0,0,0,0,0
24657,ECG,1179,76,0,0,0,0,0
24666,ECG,1180,-391,0,0,0,0,0
24666,ECG,1181,-1076,0,0,0,0,0
24666,ECG,1182,-941,0,0,0,0,0
24666,ECG,1183,-61,0,0,0,0,0
24666,ECG,1184,1706,0,0,0,0,0
24676,ECG,1185,4508,0,0,0,0,0
24676,ECG,1186,7650,0,0,0,0,0
24676,ECG,1187,10784,0,0,0,0,0
24676,ECG,1188,13884,0,0,0,0,0
24676,ECG,1189,16378,0,0,0,0,0
24686,ECG,1190,18067,0,0,0,0,0
24686,ECG,1191,19117,0,0,0,0,0
24686,ECG,1192,19187,0,0,0,0,0
24686,ECG,1193,18776,0,0,0,0,0
24686,ECG,1194,18458,0,0,0,0,0
24696,ECG,1195,17885,0,0,0,0,0
24696,ECG,1196,17006,0,0,0,0,0
24696,ECG,1197,15938,0,0,0,0,0
24696,ECG,1198,15194,0,0,0,0,0
24696,ECG,1199,15378,0,0,0,0,0
24706,ECG,1200,16280,0,0,0,0,0
24706,ECG,1201,17303,0,0,0,0,0
24706,ECG,1202,18104,0,0,0,0,0
24706,ECG,1203,18461,0,0,0,0,0
24706,ECG,1204,18259,0,0,0,0,0
24715,ECG,1205,17565,0,0,0,0,0
24715,ECG,1206,16292,0,0,0,0,0
24715,ECG,1207,14947,0,0,0,0,0
24715,ECG,1208,14146,0,0,0,0,0
24715,ECG,1209,13940,0,0,0,0,0
24725,ECG,1210,14618,0,0,0,0,0
24725,ECG,1211,15809,0,0,0,0,0
24725,ECG,1212,16694,0,0,0,0,0
24725,ECG,1213,17119,0,0,0,0,0
24725,ECG,1214,17092,0,0,0,0,0
24735,ECG,1215,16574,0,0,0,0,0
24735,ECG,1216,15629,0,0,0,0,0
24735,ECG,1217,14425,0,0,0,0,0
24735,ECG,1218,13280,0,0,0,0,0
24735,ECG,1219,12831,0,0,0,0,0
24745,ECG,1220,13350,0,0,0,0,0
24745,ECG,1221,14293,0,0,0,0,0
24745,ECG,1222,15162,0,0,0,0,0
24745,ECG,1223,15716,0,0,0,0,0
24745,ECG,1224,15840,0,0,0,0,0
24755,ECG,1225,15532,0,0,0,0,0
24755,ECG,1226,14799,0,0,0,0,0
24755,ECG,1227,13710,0,0,0,0,0
24755,ECG,1228,12620,0,0,0,0,0
24755,ECG,1229,12060,0,0,0,0,0
24764,ECG,1230,12308,0,0,0,0,0
24764,ECG,1231,13205,0,0,0,0,0
24764,ECG,1232,14188,0,0,0,0,0
24764,ECG,1233,14848,0,0,0,0,0
24764,ECG,1234,15111,0,0,0,0,0
24774,ECG,1235,14921,0,0,0,0,0
24774,ECG,1236,14250,0,0,0,0,0
24774,ECG,1237,13191,0,0,0,0,0
24774,ECG,1238,12042,0,0,0,0,0
24774,ECG,1239,11196,0,0,0,0,0
24784,ECG,1240,11223,0,0,0,0,0
24784,ECG,1241,12156,0,0,0,0,0
24784,ECG,1242,13221,0,0,0,0,0
24784,ECG,1243,14124,0,0,0,0,0
24784,ECG,1244,14735,0,0,0,0,0
24794,ECG,1245,14778,0,0,0,0,0
24794,ECG,1246,14298,0,0,0,0,0
24794,ECG,1247,13293,0,0,0,0,0
24794,ECG,1248,11966,0,0,0,0,0
24794,ECG,1249,11003,0,0,0,0,0
24803,ECG,1250,10813,0,0,0,0,0
24803,ECG,1251,11246,0,0,0,0,0
24803,ECG,1252,12113,0,0,0,0,0
24803,ECG,1253,12963,0,0,0,0,0
24803,ECG,1254,13297,0,0,0,0,0
24813,ECG,1255,13219,0,0,0,0,0
24813,ECG,1256,12772,0,0,0,0,0
24813,ECG,1257,11834,0,0,0,0,0
24813,ECG,1258,10694,0,0,0,0,0
24813,ECG,1259,9831,0,0,0,0,0
24823,ECG,1260,9665,0,0,0,0,0
24823,ECG,1261,10355,0,0,0,0,0
24823,ECG,1262,11434,0,0,0,0,0
24823,ECG,1263,12260,0,0,0,0,0
24823,ECG,1264,12679,0,0,0,0,0
24833,ECG,1265,12655,0,0,0,0,0
24833,ECG,1266,12150,0,0,0,0,0
24833,ECG,1267,11205,0,0,0,0,0
24833,ECG,1268,9978,0,0,0,0,0
24833,ECG,1269,9025,0,0,0,0,0
24843,ECG,1270,8794,0,0,0,0,0
24843,ECG,1271,9317,0,0,0,0,0
24843,ECG,1272,10318,0,0,0,0,0
24843,ECG,1273,11274,0,0,0,0,0
24843,ECG,1274,11838,0,0,0,0,0
24852,ECG,1275,11877,0,0,0,0,0
24852,ECG,1276,11458,0,0,0,0,0
24852,ECG,1277,10669,0,0,0,0,0
24852,ECG,1278,9571,0,0,0,0,0
24852,ECG,1279,8579,0,0,0,0,0
24862,ECG,1280,8191,0,0,0,0,0
24862,ECG,1281,8639,0,0,0,0,0
24862,ECG,1282,9625,0,0,0,0,0
24862,ECG,1283,10562,0,0,0,0,0
24862,ECG,1284,11216,0,0,0,0,0
24872,ECG,1285,11432,0,0,0,0,0
24872,ECG,1286,11139,0,0,0,0,0
24872,ECG,1287,10417,0,0,0,0,0
24872,ECG,1288,9289,0,0,0,0,0
24872,ECG,1289,8188,0,0,0,0,0
24882,ECG,1290,7656,0,0,0,0,0
24882,ECG,1291,7875,0,0,0,0,0
24882,ECG,1292,8747,0,0,0,0,0
24882,ECG,1293,9758,0,0,0,0,0
24882,ECG,1294,10457,0,0,0,0,0
24891,ECG,1295,10725,0,0,0,0,0
24891,ECG,1296,10518,0,0,0,0,0
24891,ECG,1297,9859,0,0,0,0,0
24891,ECG,1298,8837,0,0,0,0,0
24891,ECG,1299,7743,0,0,0,0,0
24901,ECG,1300,7094,0,0,0,0,0
24901,ECG,1301,7306,0,0,0,0,0
24901,ECG,1302,8233,0,0,0,0,0
24901,ECG,1303,9281,0,0,0,0,0
24901,ECG,1304,10035,0,0,0,0,0
24911,ECG,1305,10369,0,0,0,0,0
24911,ECG,1306,10171,0,0,0,0,0
24911,ECG,1307,9475,0,0,0,0,0
24911,ECG,1308,8489,0,0,0,0,0
24911,ECG,1309,7436,0,0,0,0,0
24921,ECG,1310,6747,0,0,0,0,0
24921,ECG,1311,6867,0,0,0,0,0
24921,ECG,1312,7811,0,0,0,0,0
24921,ECG,1313,8986,0,0,0,0,0
24921,ECG,1314,9828,0,0,0,0,0
24931,ECG,1315,10177,0,0,0,0,0
24931,ECG,1316,9915,0,0,0,0,0
24931,ECG,1317,9229,0,0,0,0,0
24931,ECG,1318,8166,0,0,0,0,0
24931,ECG,1319,6817,0,0,0,0,0
24940,ECG,1320,5914,0,0,0,0,0
24940,ECG,1321,5778,0,0,0,0,0
24940,ECG,1322,6423,0,0,0,0,0
24940,ECG,1323,7763,0,0,0,0,0
24940,ECG,1324,9084,0,0,0,0,0
24950,ECG,1325,9850,0,0,0,0,0
24950,ECG,1326,10052,0,0,0,0,0
24950,ECG,1327,9706,0,0,0,0,0
24950,ECG,1328,8766,0,0,0,0,0
24950,ECG,1329,7392,0,0,0,0,0
24960,ECG,1330,6124,0,0,0,0,0
24960,ECG,1331,5585,0,0,0,0,0
24960,ECG,1332,6062,0,0,0,0,0
24960,ECG,1333,7185,0,0,0,0,0
24960,ECG,1334,8365,0,0,0,0,0
24970,ECG,1335,9263,0,0,0,0,0
24970,ECG,1336,9493,0,0,0,0,0
24970,ECG,1337,9046,0,0,0,0,0
24970,ECG,1338,8107,0,0,0,0,0
24970,ECG,1339,6700,0,0,0,0,0
24980,ECG,1340,5412,0,0,0,0,0
24980,ECG,1341,4884,0,0,0,0,0
24980,ECG,1342,5310,0,0,0,0,0
24980,ECG,1343,6546,0,0,0,0,0
24980,ECG,1344,7903,0,0,0,0,0
24989,ECG,1345,8814,0,0,0,0,0
24989,ECG,1346,9102,0,0,0,0,0
24989,ECG,1347,8788,0,0,0,0,0
24989,ECG,1348,7908,0,0,0,0,0
24989,ECG,1349,6516,0,0,0,0,0
24999,ECG,1350,5185,0,0,0,0,0
24999,ECG,1351,4480,0,0,0,0,0
24999,ECG,1352,4729,0,0,0,0,0
24999,ECG,1353,5914,0,0,0,0,0
24999,ECG,1354,7280,0,0,0,0,0
25009,ECG,1355,8276,0,0,0,0,0
25009,ECG,1356,8672,0,0,0,0,0
25009,ECG,1357,8402,0,0,0,0,0
25009,ECG,1358,7627,0,0,0,0,0
25009,ECG,1359,6375,0,0,0,0,0
25019,ECG,1360,5074,0,0,0,0,0
25019,ECG,1361,4224,0,0,0,0,0
25019,ECG,1362,4197,0,0,0,0,0
25019,ECG,1363,5290,0,0,0,0,0
25019,ECG,1364,6800,0,0,0,0,0
25028,ECG,1365,7967,0,0,0,0,0
25028,ECG,1366,8609,0,0,0,0,0
25028,ECG,1367,8601,0,0,0,0,0
25028,ECG,1368,7959,0,0,0,0,0
25028,ECG,1369,6765,0,0,0,0,0
25038,ECG,1370,5377,0,0,0,0,0
25038,ECG,1371,4305,0,0,0,0,0
25038,ECG,1372,4080,0,0,0,0,0
25038,ECG,1373,4790,0,0,0,0,0
25038,ECG,1374,5833,0,0,0,0,0
25048,ECG,1375,6886,0,0,0,0,0
25048,ECG,1376,7540,0,0,0,0,0
25048,ECG,1377,7441,0,0,0,0,0
25048,ECG,1378,6852,0,0,0,0,0
25048,ECG,1379,5903,0,0,0,0,0
25058,ECG,1380,4740,0,0,0,0,0
25058,ECG,1381,3778,0,0,0,0,0
25058,ECG,1382,3514,0,0,0,0,0
25058,ECG,1383,4140,0,0,0,0,0
25058,ECG,1384,5226,0,0,0,0,0
25068,ECG,1385,6200,0,0,0,0,0
25068,ECG,1386,6720,0,0,0,0,0
25068,ECG,1387,6755,0,0,0,0,0
25068,ECG,1388,6362,0,0,0,0,0
25068,ECG,1389,5451,0,0,0,0,0
25077,ECG,1390,4293,0,0,0,0,0
25077,ECG,1391,3397,0,0,0,0,0
25077,ECG,1392,3075,0,0,0,0,0
25077,ECG,1393,3667,0,0,0,0,0
25077,ECG,1394,4999,0,0,0,0,0
25087,ECG,1395,6284,0,0,0,0,0
25087,ECG,1396,7093,0,0,0,0,0
25087,ECG,1397,7326,0,0,0,0,0
25087,ECG,1398,6931,0,0,0,0,0
25087,ECG,1399,5959,0,0,0,0,0
25097,ECG,1400,4650,0,0,0,0,0
25097,ECG,1401,3429,0,0,0,0,0
25097,ECG,1402,2806,0,0,0,0,0
25097,ECG,1403,3178,0,0,0,0,0
25097,ECG,1404,4324,0,0,0,0,0
25107,ECG,1405,5612,0,0,0,0,0
25107,ECG,1406,6534,0,0,0,0,0
25107,ECG,1407,6848,0,0,0,0,0
25107,ECG,1408,6563,0,0,0,0,0
25107,ECG,1409,5720,0,0,0,0,0
25117,ECG,1410,4541,0,0,0,0,0
25117,ECG,1411,3309,0,0,0,0,0
25117,ECG,1412,2470,0,0,0,0,0
25117,ECG,1413,2667,0,0,0,0,0
25117,ECG,1414,3729,0,0,0,0,0
25126,ECG,1415,4982,0,0,0,0,0
25126,ECG,1416,6024,0,0,0,0,0
25126,ECG,1417,6517,0,0,0,0,0
25126,ECG,1418,6349,0,0,0,0,0
25126,ECG,1419,5691,0,0,0,0,0
25136,ECG,1420,4628,0,0,0,0,0
25136,ECG,1421,3264,0,0,0,0,0
25136,ECG,1422,2266,0,0,0,0,0
25136,ECG,1423,2256,0,0,0,0,0
25136,ECG,1424,3115,0,0,0,0,0
25146,ECG,1425,4493,0,0,0,0,0
25146,ECG,1426,5787,0,0,0,0,0
25146,ECG,1427,6447,0,0,0,0,0
25146,ECG,1428,6564,0,0,0,0,0
25146,ECG,1429,6125,0,0,0,0,0
25156,ECG,1430,5111,0,0,0,0,0
25156,ECG,1431,3896,0,0,0,0,0
25156,ECG,1432,2837,0,0,0,0,0
25156,ECG,1433,2442,0,0,0,0,0
25156,ECG,1434,3084,0,0,0,0,0
25165,ECG,1435,4336,0,0,0,0,0
25165,ECG,1436,5451,0,0,0,0,0
25165,ECG,1437,6094,0,0,0,0,0
25165,ECG,1438,6135,0,0,0,0,0
25165,ECG,1439,5569,0,0,0,0,0
25175,ECG,1440,4597,0,0,0,0,0
25175,ECG,1441,3314,0,0,0,0,0
25175,ECG,1442,2212,0,0,0,0,0
25175,ECG,1443,1913,0,0,0,0,0
25175,ECG,1444,2443,0,0,0,0,0
25185,ECG,1445,3649,0,0,0,0,0
25185,ECG,1446,5024,0,0,0,0,0
25185,ECG,1447,5866,0,0,0,0,0
25185,ECG,1448,6041,0,0,0,0,0
25185,ECG,1449,5672,0,0,0,0,0
25195,ECG,1450,4755,0,0,0,0,0
25195,ECG,1451,3452,0,0,0,0,0
25195,ECG,1452,2236,0,0,0,0,0
25195,ECG,1453,1599,0,0,0,0,0
25195,ECG,1454,1911,0,0,0,0,0
25205,ECG,1455,2991,0,0,0,0,0
25205,ECG,1456,4156,0,0,0,0,0
25205,ECG,1457,5026,0,0,0,0,0
25205,ECG,1458,5404,0,0,0,0,0
25205,ECG,1459,5131,0,0,0,0,0
25214,ECG,1460,4360,0,0,0,0,0
25214,ECG,1461,3268,0,0,0,0,0
25214,ECG,1462,2119,0,0,0,0,0
25214,ECG,1463,1474,0,0,0,0,0
25214,ECG,1464,1732,0,0,0,0,0
25224,ECG,1465,2773,0,0,0,0,0
25224,ECG,1466,4043,0,0,0,0,0
25224,ECG,1467,5039,0,0,0,0,0
25224,ECG,1468,5463,0,0,0,0,0
25224,ECG,1469,5233,0,0,0,0,0
25234,ECG,1470,4529,0,0,0,0,0
25234,ECG,1471,3369,0,0,0,0,0
25234,ECG,1472,2077,0,0,0,0,0
25234,ECG,1473,1321,0,0,0,0,0
25234,ECG,1474,1336,0,0,0,0,0
25244,ECG,1475,2250,0,0,0,0,0
25244,ECG,1476,3705,0,0,0,0,0
25244,ECG,1477,4963,0,0,0,0,0
25244,ECG,1478,5644,0,0,0,0,0
25244,ECG,1479,5614,0,0,0,0,0
25254,ECG,1480,5017,0,0,0,0,0
25254,ECG,1481,3845,0,0,0,0,0
25254,ECG,1482,2350,0,0,0,0,0
25254,ECG,1483,1306,0,0,0,0,0
25254,ECG,1484,1154,0,0,0,0,0
25263,ECG,1485,2050,0,0,0,0,0
25263,ECG,1486,3421,0,0,0,0,0
25263,ECG,1487,4683,0,0,0,0,0
25263,ECG,1488,5621,0,0,0,0,0
25263,ECG,1489,5657,0,0,0,0,0
25273,ECG,1490,5064,0,0,0,0,0
25273,ECG,1491,4030,0,0,0,0,0
25273,ECG,1492,2581,0,0,0,0,0
25273,ECG,1493,1637,0,0,0,0,0
25273,ECG,1494,1453,0,0,0,0,0
25283,ECG,1495,2259,0,0,0,0,0
25283,ECG,1496,3920,0,0,0,0,0
25283,ECG,1497,5397,0,0,0,0,0
25283,ECG,1498,6228,0,0,0,0,0
25283,ECG,1499,6338,0,0,0,0,0
25293,ECG,1500,5800,0,0,0,0,0
25293,ECG,1501,4499,0,0,0,0,0
25293,ECG,1502,2866,0,0,0,0,0
25293,ECG,1503,1468,0,0,0,0,0
25293,ECG,1504,586,0,0,0,0,0
25302,ECG,1505,986,0,0,0,0,0
25302,ECG,1506,2168,0,0,0,0,0
25302,ECG,1507,3319,0,0,0,0,0
25302,ECG,1508,4308,0,0,0,0,0
25302,ECG,1509,4593,0,0,0,0,0
25312,ECG,1510,4230,0,0,0,0,0
25312,ECG,1511,3401,0,0,0,0,0
25312,ECG,1512,2093,0,0,0,0,0
25312,ECG,1513,900,0,0,0,0,0
25312,ECG,1514,330,0,0,0,0,0
25322,ECG,1515,670,0,0,0,0,0
25322,ECG,1516,1880,0,0,0,0,0
25322,ECG,1517,3309,0,0,0,0,0
25322,ECG,1518,4397,0,0,0,0,0
25322,ECG,1519,4818,0,0,0,0,0
25332,ECG,1520,4582,0,0,0,0,0
25332,ECG,1521,3834,0,0,0,0,0
25332,ECG,1522,2596,0,0,0,0,0
25332,ECG,1523,1285,0,0,0,0,0
25332,ECG,1524,407,0,0,0,0,0
25342,ECG,1525,491,0,0,0,0,0
25342,ECG,1526,1572,0,0,0,0,0
25342,ECG,1527,2887,0,0,0,0,0
25342,ECG,1528,4005,0,0,0,0,0
25342,ECG,1529,4626,0,0,0,0,0
25351,ECG,1530,4569,0,0,0,0,0
25351,ECG,1531,3891,0,0,0,0,0
25351,ECG,1532,2740,0,0,0,0,0
25351,ECG,1533,1444,0,0,0,0,0
25351,ECG,1534,304,0,0,0,0,0
25361,ECG,1535,86,0,0,0,0,0
25361,ECG,1536,1026,0,0,0,0,0
25361,ECG,1537,2423,0,0,0,0,0
25361,ECG,1538,3812,0,0,0,0,0
25361,ECG,1539,4649,0,0,0,0,0
25371,ECG,1540,4792,0,0,0,0,0
25371,ECG,1541,4341,0,0,0,0,0
25371,ECG,1542,3199,0,0,0,0,0
25371,ECG,1543,1791,0,0,0,0,0
25371,ECG,1544,637,0,0,0,0,0
25381,ECG,1545,225,0,0,0,0,0
25381,ECG,1546,808,0,0,0,0,0
25381,ECG,1547,2068,0,0,0,0,0
25381,ECG,1548,3373,0,0,0,0,0
25381,ECG,1549,4118,0,0,0,0,0
25391,ECG,1550,4186,0,0,0,0,0
25391,ECG,1551,3661,0,0,0,0,0
25391,ECG,1552,2641,0,0,0,0,0
25391,ECG,1553,1261,0,0,0,0,0
25391,ECG,1554,12,0,0,0,0,0
25400,ECG,1555,-308,0,0,0,0,0
25400,ECG,1556,475,0,0,0,0,0
25400,ECG,1557,1990,0,0,0,0,0
25400,ECG,1558,3613,0,0,0,0,0
25400,ECG,1559,4671,0,0,0,0,0
25410,ECG,1560,4996,0,0,0,0,0
25410,ECG,1561,4653,0,0,0,0,0
25410,ECG,1562,3605,0,0,0,0,0
25410,ECG,1563,2098,0,0,0,0,0
25410,ECG,1564,623,0,0,0,0,0
25420,ECG,1565,-173,0,0,0,0,0
25420,ECG,1566,253,0,0,0,0,0
25420,ECG,1567,1614,0,0,0,0,0
25420,ECG,1568,3147,0,0,0,0,0
25420,ECG,1569,4287,0,0,0,0,0
25430,ECG,1570,4679,0,0,0,0,0
25430,ECG,1571,4298,0,0,0,0,0
25430,ECG,1572,3362,0,0,0,0,0
25430,ECG,1573,1966,0,0,0,0,0
25430,ECG,1574,435,0,0,0,0,0
25439,ECG,1575,-466,0,0,0,0,0
25439,ECG,1576,-271,0,0,0,0,0
25439,ECG,1577,954,0,0,0,0,0
25439,ECG,1578,2626,0,0,0,0,0
25439,ECG,1579,3953,0,0,0,0,0
25449,ECG,1580,4566,0,0,0,0,0
25449,ECG,1581,4427,0,0,0,0,0
25449,ECG,1582,3614,0,0,0,0,0
25449,ECG,1583,2185,0,0,0,0,0
25449,ECG,1584,513,0,0,0,0,0
25459,ECG,1585,-544,0,0,0,0,0
25459,ECG,1586,-473,0,0,0,0,0
25459,ECG,1587,714,0,0,0,0,0
25459,ECG,1588,2457,0,0,0,0,0
25459,ECG,1589,3980,0,0,0,0,0
25469,ECG,1590,4833,0,0,0,0,0
25469,ECG,1591,4777,0,0,0,0,0
25469,ECG,1592,3985,0,0,0,0,0
25469,ECG,1593,2558,0,0,0,0,0
25469,ECG,1594,606,0,0,0,0,0
25479,ECG,1595,-784,0,0,0,0,0
25479,ECG,1596,-871,0,0,0,0,0
25479,ECG,1597,230,0,0,0,0,0
25479,ECG,1598,2159,0,0,0,0,0
25479,ECG,1599,4058,0,0,0,0,0
25489,ECG,1600,5249,0,0,0,0,0
25489,ECG,1601,5489,0,0,0,0,0
25489,ECG,1602,4867,0,0,0,0,0
25489,ECG,1603,3440,0,0,0,0,0
25489,ECG,1604,1451,0,0,0,0,0
25498,ECG,1605,-102,0,0,0,0,0
25498,ECG,1606,-662,0,0,0,0,0
25498,ECG,1607,146,0,0,0,0,0
25498,ECG,1608,2032,0,0,0,0,0
25498,ECG,1609,3670,0,0,0,0,0
25508,ECG,1610,4754,0,0,0,0,0
25508,ECG,1611,5089,0,0,0,0,0
25508,ECG,1612,4439,0,0,0,0,0
25508,ECG,1613,3148,0,0,0,0,0
25508,ECG,1614,1288,0,0,0,0,0
25518,ECG,1615,-342,0,0,0,0,0
25518,ECG,1616,-840,0,0,0,0,0
25518,ECG,1617,0,0,0,0,0,0
25518,ECG,1618,1829,0,0,0,0,0
25518,ECG,1619,3665,0,0,0,0,0
25528,ECG,1620,4931,0,0,0,0,0
25528,ECG,1621,5275,0,0,0,0,0
25528,ECG,1622,4688,0,0,0,0,0
25528,ECG,1623,3366,0,0,0,0,0
25528,ECG,1624,1446,0,0,0,0,0
25537,ECG,1625,-262,0,0,0,0,0
25537,ECG,1626,-1255,0,0,0,0,0
25537,ECG,1627,-1019,0,0,0,0,0
25537,ECG,1628,590,0,0,0,0,0
25537,ECG,1629,2309,0,0,0,0,0
25547,ECG,1630,3491,0,0,0,0,0
25547,ECG,1631,4044,0,0,0,0,0
25547,ECG,1632,3721,0,0,0,0,0
25547,ECG,1633,2777,0,0,0,0,0
25547,ECG,1634,1269,0,0,0,0,0
25557,ECG,1635,-509,0,0,0,0,0
25557,ECG,1636,-1421,0,0,0,0,0
25557,ECG,1637,-902,0,0,0,0,0
25557,ECG,1638,688,0,0,0,0,0
25557,ECG,1639,2695,0,0,0,0,0
25567,ECG,1640,4407,0,0,0,0,0
25567,ECG,1641,5295,0,0,0,0,0
25567,ECG,1642,5106,0,0,0,0,0
25567,ECG,1643,4053,0,0,0,0,0
25567,ECG,1644,2282,0,0,0,0,0
25576,ECG,1645,120,0,0,0,0,0
25576,ECG,1646,-1377,0,0,0,0,0
25576,ECG,1647,-1446,0,0,0,0,0
25576,ECG,1648,45,0,0,0,0,0
25576,ECG,1649,2314,0,0,0,0,0
25586,ECG,1650,4203,0,0,0,0,0
25586,ECG,1651,5282,0,0,0,0,0
25586,ECG,1652,5342,0,0,0,0,0
25586,ECG,1653,4425,0,0,0,0,0
25586,ECG,1654,2714,0,0,0,0,0
25596,ECG,1655,652,0,0,0,0,0
25596,ECG,1656,-980,0,0,0,0,0
25596,ECG,1657,-1545,0,0,0,0,0
25596,ECG,1658,-465,0,0,0,0,0
25596,ECG,1659,1629,0,0,0,0,0
25606,ECG,1660,3430,0,0,0,0,0
25606,ECG,1661,4556,0,0,0,0,0
25606,ECG,1662,4767,0,0,0,0,0
25606,ECG,1663,4005,0,0,0,0,0
25606,ECG,1664,2551,0,0,0,0,0
25616,ECG,1665,552,0,0,0,0,0
25616,ECG,1666,-1268,0,0,0,0,0
25616,ECG,1667,-1754,0,0,0,0,0
25616,ECG,1668,-612,0,0,0,0,0
25616,ECG,1669,1577,0,0,0,0,0
25625,ECG,1670,3921,0,0,0,0,0
25625,ECG,1671,5455,0,0,0,0,0
25625,ECG,1672,5872,0,0,0,0,0
25625,ECG,1673,5298,0,0,0,0,0
25625,ECG,1674,3700,0,0,0,0,0
25635,ECG,1675,1465,0,0,0,0,0
25635,ECG,1676,-532,0,0,0,0,0
25635,ECG,1677,-1366,0,0,0,0,0
25635,ECG,1678,-588,0,0,0,0,0
25635,ECG,1679,1445,0,0,0,0,0
25645,ECG,1680,3664,0,0,0,0,0
25645,ECG,1681,5047,0,0,0,0,0
25645,ECG,1682,5376,0,0,0,0,0
25645,ECG,1683,4578,0,0,0,0,0
25645,ECG,1684,2954,0,0,0,0,0
25655,ECG,1685,964,0,0,0,0,0
25655,ECG,1686,-1154,0,0,0,0,0
25655,ECG,1687,-2279,0,0,0,0,0
25655,ECG,1688,-1658,0,0,0,0,0
25655,ECG,1689,301,0,0,0,0,0
25665,ECG,1690,2603,0,0,0,0,0
25665,ECG,1691,4242,0,0,0,0,0
25665,ECG,1692,4998,0,0,0,0,0
25665,ECG,1693,4690,0,0,0,0,0
25665,ECG,1694,3437,0,0,0,0,0
25674,ECG,1695,1618,0,0,0,0,0
25674,ECG,1696,-591,0,0,0,0,0
25674,ECG,1697,-2131,0,0,0,0,0
25674,ECG,1698,-2073,0,0,0,0,0
25674,ECG,1699,-536,0,0,0,0,0
25684,ECG,1700,1721,0,0,0,0,0
25684,ECG,1701,3584,0,0,0,0,0
25684,ECG,1702,4589,0,0,0,0,0
25684,ECG,1703,4593,0,0,0,0,0
25684,ECG,1704,3610,0,0,0,0,0
25694,ECG,1705,1842,0,0,0,0,0
25694,ECG,1706,-333,0,0,0,0,0
25694,ECG,1707,-1731,0,0,0,0,0
25694,ECG,1708,-1799,0,0,0,0,0
25694,ECG,1709,-509,0,0,0,0,0
26713,ECG,1710,0,0,0,0,0,0
26713,ECG,1711,-1,0,0,0,0,0
26713,ECG,1712,-5,0,0,0,0,0
26713,ECG,1713,0,0,0,0,0,0
26713,ECG,1714,7,0,0,0,0,0
26723,ECG,1715,-13,0,0,0,0,0
26723,ECG,1716,31,0,0,0,0,0
26723,ECG,1717,-7,0,0,0,0,0
26723,ECG,1718,-34,0,0,0,0,0
26723,ECG,1719,134,0,0,0,0,0
26732,ECG,1720,-620,0,0,0,0,0
26732,ECG,1721,-1937,0,0,0,0,0
26732,ECG,1722,-1944,0,0,0,0,0
26732,ECG,1723,-317,0,0,0,0,0
26732,ECG,1724,3352,0,0,0,0,0
26742,ECG,1725,8944,0,0,0,0,0
26742,ECG,1726,15069,0,0,0,0,0
26742,ECG,1727,20661,0,0,0,0,0
26742,ECG,1728,24718,0,0,0,0,0
26742,ECG,1729,26274,0,0,0,0,0
26752,ECG,1730,25446,0,0,0,0,0
26752,ECG,1731,23215,0,0,0,0,0
26752,ECG,1732,20148,0,0,0,0,0
26752,ECG,1733,18068,0,0,0,0,0
26752,ECG,1734,18949,0,0,0,0,0
26762,ECG,1735,21676,0,0,0,0,0
26762,ECG,1736,24697,0,0,0,0,0
26762,ECG,1737,27036,0,0,0,0,0
26762,ECG,1738,27566,0,0,0,0,0
26762,ECG,1739,26408,0,0,0,0,0
26772,ECG,1740,24110,0,0,0,0,0
26772,ECG,1741,21000,0,0,0,0,0
26772,ECG,1742,18065,0,0,0,0,0
26772,ECG,1743,16441,0,0,0,0,0
26772,ECG,1744,16818,0,0,0,0,0
26781,ECG,1745,19082,0,0,0,0,0
26781,ECG,1746,22137,0,0,0,0,0
26781,ECG,1747,24721,0,0,0,0,0
26781,ECG,1748,25767,0,0,0,0,0
26781,ECG,1749,25089,0,0,0,0,0
26791,ECG,1750,23063,0,0,0,0,0
26791,ECG,1751,20113,0,0,0,0,0
26791,ECG,1752,17295,0,0,0,0,0
26791,ECG,1753,15461,0,0,0,0,0
26791,ECG,1754,15394,0,0,0,0,0
26801,ECG,1755,17481,0,0,0,0,0
26801,ECG,1756,20585,0,0,0,0,0
26801,ECG,1757,23385,0,0,0,0,0
26801,ECG,1758,24755,0,0,0,0,0
26801,ECG,1759,24359,0,0,0,0,0
26811,ECG,1760,22580,0,0,0,0,0
26811,ECG,1761,19559,0,0,0,0,0
26811,ECG,1762,16432,0,0,0,0,0
26811,ECG,1763,14263,0,0,0,0,0
26811,ECG,1764,13644,0,0,0,0,0
26821,ECG,1765,15306,0,0,0,0,0
26821,ECG,1766,18338,0,0,0,0,0
26821,ECG,1767,21284,0,0,0,0,0
26821,ECG,1768,23190,0,0,0,0,0
26821,ECG,1769,23333,0,0,0,0,0
26830,ECG,1770,21944,0,0,0,0,0
26830,ECG,1771,19438,0,0,0,0,0
26830,ECG,1772,16475,0,0,0,0,0
26830,ECG,1773,13991,0,0,0,0,0
26830,ECG,1774,13064,0,0,0,0,0
26840,ECG,1775,14440,0,0,0,0,0
26840,ECG,1776,17009,0,0,0,0,0
26840,ECG,1777,19753,0,0,0,0,0
26840,ECG,1778,21767,0,0,0,0,0
26840,ECG,1779,21792,0,0,0,0,0
26850,ECG,1780,20480,0,0,0,0,0
26850,ECG,1781,18288,0,0,0,0,0
26850,ECG,1782,15412,0,0,0,0,0
26850,ECG,1783,13018,0,0,0,0,0
26850,ECG,1784,11994,0,0,0,0,0
26860,ECG,1785,13046,0,0,0,0,0
26860,ECG,1786,15591,0,0,0,0,0
26860,ECG,1787,18457,0,0,0,0,0
26860,ECG,1788,20467,0,0,0,0,0
26860,ECG,1789,20648,0,0,0,0,0
26869,ECG,1790,19537,0,0,0,0,0
26869,ECG,1791,17285,0,0,0,0,0
26869,ECG,1792,14307,0,0,0,0,0
26869,ECG,1793,11804,0,0,0,0,0
26869,ECG,1794,10457,0,0,0,0,0
26879,ECG,1795,11156,0,0,0,0,0
26879,ECG,1796,13588,0,0,0,0,0
26879,ECG,1797,16546,0,0,0,0,0
26879,ECG,1798,18914,0,0,0,0,0
26879,ECG,1799,19516,0,0,0,0,0
26889,ECG,1800,18573,0,0,0,0,0
26889,ECG,1801,16554,0,0,0,0,0
26889,ECG,1802,13794,0,0,0,0,0
26889,ECG,1803,11244,0,0,0,0,0
26889,ECG,1804,9782,0,0,0,0,0
26899,ECG,1805,10281,0,0,0,0,0
26899,ECG,1806,12533,0,0,0,0,0
26899,ECG,1807,15416,0,0,0,0,0
26899,ECG,1808,17789,0,0,0,0,0
26899,ECG,1809,18560,0,0,0,0,0
26909,ECG,1810,17824,0,0,0,0,0
26909,ECG,1811,15908,0,0,0,0,0
26909,ECG,1812,13151,0,0,0,0,0
26909,ECG,1813,10574,0,0,0,0,0
26909,ECG,1814,8970,0,0,0,0,0
26918,ECG,1815,9144,0,0,0,0,0
26918,ECG,1816,11163,0,0,0,0,0
26918,ECG,1817,14001,0,0,0,0,0
26918,ECG,1818,16461,0,0,0,0,0
26918,ECG,1819,17465,0,0,0,0,0
26928,ECG,1820,16977,0,0,0,0,0
26928,ECG,1821,15265,0,0,0,0,0
26928,ECG,1822,12568,0,0,0,0,0
26928,ECG,1823,10018,0,0,0,0,0
26928,ECG,1824,8353,0,0,0,0,0
26938,ECG,1825,8125,0,0,0,0,0
26938,ECG,1826,10041,0,0,0,0,0
26938,ECG,1827,13274,0,0,0,0,0
26938,ECG,1828,16219,0,0,0,0,0
26938,ECG,1829,17836,0,0,0,0,0
26948,ECG,1830,17910,0,0,0,0,0
26948,ECG,1831,16535,0,0,0,0,0
26948,ECG,1832,13890,0,0,0,0,0
26948,ECG,1833,10963,0,0,0,0,0
26948,ECG,1834,8621,0,0,0,0,0
26958,ECG,1835,7740,0,0,0,0,0
26958,ECG,1836,9027,0,0,0,0,0
26958,ECG,1837,11636,0,0,0,0,0
26958,ECG,1838,14568,0,0,0,0,0
26958,ECG,1839,16691,0,0,0,0,0
26967,ECG,1840,17040,0,0,0,0,0
26967,ECG,1841,15898,0,0,0,0,0
26967,ECG,1842,13629,0,0,0,0,0
26967,ECG,1843,10806,0,0,0,0,0
26967,ECG,1844,8300,0,0,0,0,0
26977,ECG,1845,7075,0,0,0,0,0
26977,ECG,1846,7879,0,0,0,0,0
26977,ECG,1847,10304,0,0,0,0,0
26977,ECG,1848,13257,0,0,0,0,0
26977,ECG,1849,15424,0,0,0,0,0
26987,ECG,1850,16064,0,0,0,0,0
26987,ECG,1851,15282,0,0,0,0,0
26987,ECG,1852,13157,0,0,0,0,0
26987,ECG,1853,10348,0,0,0,0,0
26987,ECG,1854,7823,0,0,0,0,0
26997,ECG,1855,6283,0,0,0,0,0
26997,ECG,1856,6642,0,0,0,0,0
26997,ECG,1857,8909,0,0,0,0,0
26997,ECG,1858,11932,0,0,0,0,0
26997,ECG,1859,14490,0,0,0,0,0
27006,ECG,1860,15554,0,0,0,0,0
27006,ECG,1861,14995,0,0,0,0,0
27006,ECG,1862,13193,0,0,0,0,0
27006,ECG,1863,10454,0,0,0,0,0
27007,ECG,1864,7673,0,0,0,0,0
27016,ECG,1865,5804,0,0,0,0,0
27016,ECG,1866,5644,0,0,0,0,0
27016,ECG,1867,7502,0,0,0,0,0
27016,ECG,1868,10430,0,0,0,0,0
27016,ECG,1869,13170,0,0,0,0,0
27026,ECG,1870,14666,0,0,0,0,0
27026,ECG,1871,14497,0,0,0,0,0
27026,ECG,1872,13000,0,0,0,0,0
27026,ECG,1873,10480,0,0,0,0,0
27026,ECG,1874,7699,0,0,0,0,0
27036,ECG,1875,5605,0,0,0,0,0
27036,ECG,1876,5036,0,0,0,0,0
27036,ECG,1877,6563,0,0,0,0,0
27036,ECG,1878,9380,0,0,0,0,0
27036,ECG,1879,12200,0,0,0,0,0
27046,ECG,1880,14047,0,0,0,0,0
27046,ECG,1881,14162,0,0,0,0,0
27046,ECG,1882,12683,0,0,0,0,0
27046,ECG,1883,10346,0,0,0,0,0
27046,ECG,1884,7850,0,0,0,0,0
27055,ECG,1885,5860,0,0,0,0,0
27055,ECG,1886,5226,0,0,0,0,0
27055,ECG,1887,6687,0,0,0,0,0
27055,ECG,1888,9507,0,0,0,0,0
27055,ECG,1889,12253,0,0,0,0,0
27065,ECG,1890,14147,0,0,0,0,0
27065,ECG,1891,14325,0,0,0,0,0
27065,ECG,1892,12891,0,0,0,0,0
27065,ECG,1893,10558,0,0,0,0,0
27065,ECG,1894,7700,0,0,0,0,0
27075,ECG,1895,5494,0,0,0,0,0
27075,ECG,1896,4643,0,0,0,0,0
27075,ECG,1897,5467,0,0,0,0,0
27075,ECG,1898,7888,0,0,0,0,0
27075,ECG,1899,10741,0,0,0,0,0
27085,ECG,1900,12925,0,0,0,0,0
27085,ECG,1901,13430,0,0,0,0,0
27085,ECG,1902,12506,0,0,0,0,0
27085,ECG,1903,10507,0,0,0,0,0
27085,ECG,1904,7507,0,0,0,0,0
27095,ECG,1905,4938,0,0,0,0,0
27095,ECG,1906,3509,0,0,0,0,0
27095,ECG,1907,3781,0,0,0,0,0
27095,ECG,1908,5954,0,0,0,0,0
27095,ECG,1909,8792,0,0,0,0,0
27104,ECG,1910,11367,0,0,0,0,0
27104,ECG,1911,12536,0,0,0,0,0
27104,ECG,1912,12012,0,0,0,0,0
27104,ECG,1913,10338,0,0,0,0,0
27104,ECG,1914,7654,0,0,0,0,0
27114,ECG,1915,4982,0,0,0,0,0
27114,ECG,1916,3223,0,0,0,0,0
27114,ECG,1917,3119,0,0,0,0,0
27114,ECG,1918,5014,0,0,0,0,0
27114,ECG,1919,7837,0,0,0,0,0
27124,ECG,1920,10562,0,0,0,0,0
27124,ECG,1921,12073,0,0,0,0,0
27124,ECG,1922,11923,0,0,0,0,0
27124,ECG,1923,10547,0,0,0,0,0
27124,ECG,1924,8001,0,0,0,0,0
27134,ECG,1925,5222,0,0,0,0,0
27134,ECG,1926,3188,0,0,0,0,0
27134,ECG,1927,2621,0,0,0,0,0
27134,ECG,1928,4097,0,0,0,0,0
27134,ECG,1929,6747,0,0,0,0,0
27143,ECG,1930,9575,0,0,0,0,0
27143,ECG,1931,11438,0,0,0,0,0
27143,ECG,1932,11589,0,0,0,0,0
27143,ECG,1933,10445,0,0,0,0,0
27143,ECG,1934,8104,0,0,0,0,0
27153,ECG,1935,5301,0,0,0,0,0
27153,ECG,1936,3063,0,0,0,0,0
27153,ECG,1937,2124,0,0,0,0,0
27153,ECG,1938,3197,0,0,0,0,0
27153,ECG,1939,5701,0,0,0,0,0
27163,ECG,1940,8647,0,0,0,0,0
27163,ECG,1941,10762,0,0,0,0,0
27163,ECG,1942,11153,0,0,0,0,0
27163,ECG,1943,10317,0,0,0,0,0
27163,ECG,1944,8265,0,0,0,0,0
27173,ECG,1945,5489,0,0,0,0,0
27173,ECG,1946,3142,0,0,0,0,0
27173,ECG,1947,1979,0,0,0,0,0
27173,ECG,1948,2754,0,0,0,0,0
27173,ECG,1949,4922,0,0,0,0,0
27183,ECG,1950,7575,0,0,0,0,0
27183,ECG,1951,9780,0,0,0,0,0
27183,ECG,1952,10336,0,0,0,0,0
27183,ECG,1953,9474,0,0,0,0,0
27183,ECG,1954,7589,0,0,0,0,0
27192,ECG,1955,5104,0,0,0,0,0
27192,ECG,1956,2914,0,0,0,0,0
27192,ECG,1957,1647,0,0,0,0,0
27192,ECG,1958,2170,0,0,0,0,0
27192,ECG,1959,4315,0,0,0,0,0
27202,ECG,1960,7135,0,0,0,0,0
27202,ECG,1961,9550,0,0,0,0,0
27202,ECG,1962,10463,0,0,0,0,0
27202,ECG,1963,10118,0,0,0,0,0
27202,ECG,1964,8579,0,0,0,0,0
27212,ECG,1965,6138,0,0,0,0,0
27212,ECG,1966,3910,0,0,0,0,0
27212,ECG,1967,2342,0,0,0,0,0
27212,ECG,1968,2279,0,0,0,0,0
27212,ECG,1969,4042,0,0,0,0,0
27222,ECG,1970,6656,0,0,0,0,0
27222,ECG,1971,9048,0,0,0,0,0
27222,ECG,1972,10233,0,0,0,0,0
27222,ECG,1973,9922,0,0,0,0,0
27222,ECG,1974,8199,0,0,0,0,0
27232,ECG,1975,5623,0,0,0,0,0
27232,ECG,1976,3159,0,0,0,0,0
27232,ECG,1977,1356,0,0,0,0,0
27232,ECG,1978,1113,0,0,0,0,0
27232,ECG,1979,2826,0,0,0,0,0
27241,ECG,1980,5630,0,0,0,0,0
27241,ECG,1981,8480,0,0,0,0,0
27241,ECG,1982,10134,0,0,0,0,0
27241,ECG,1983,10096,0,0,0,0,0
27241,ECG,1984,8574,0,0,0,0,0
27251,ECG,1985,5910,0,0,0,0,0
27251,ECG,1986,3210,0,0,0,0,0
27251,ECG,1987,1274,0,0,0,0,0
27251,ECG,1988,772,0,0,0,0,0
27251,ECG,1989,2220,0,0,0,0,0
27261,ECG,1990,4944,0,0,0,0,0
27261,ECG,1991,7947,0,0,0,0,0
27261,ECG,1992,9954,0,0,0,0,0
27261,ECG,1993,10202,0,0,0,0,0
27261,ECG,1994,8882,0,0,0,0,0
27271,ECG,1995,6310,0,0,0,0,0
27271,ECG,1996,3464,0,0,0,0,0
27271,ECG,1997,1305,0,0,0,0,0
27271,ECG,1998,527,0,0,0,0,0
27271,ECG,1999,1663,0,0,0,0,0
27280,ECG,2000,4217,0,0,0,0,0
27280,ECG,2001,7177,0,0,0,0,0
27280,ECG,2002,9343,0,0,0,0,0
27280,ECG,2003,9911,0,0,0,0,0
27280,ECG,2004,8798,0,0,0,0,0
27290,ECG,2005,6343,0,0,0,0,0
27290,ECG,2006,3554,0,0,0,0,0
27290,ECG,2007,1362,0,0,0,0,0
27290,ECG,2008,415,0,0,0,0,0
27290,ECG,2009,1253,0,0,0,0,0
27300,ECG,2010,3702,0,0,0,0,0
27300,ECG,2011,6734,0,0,0,0,0
27300,ECG,2012,9074,0,0,0,0,0
27300,ECG,2013,9896,0,0,0,0,0
27300,ECG,2014,9093,0,0,0,0,0
27310,ECG,2015,7093,0,0,0,0,0
27310,ECG,2016,4376,0,0,0,0,0
27310,ECG,2017,1861,0,0,0,0,0
27310,ECG,2018,525,0,0,0,0,0
27310,ECG,2019,801,0,0,0,0,0
27320,ECG,2020,2699,0,0,0,0,0
27320,ECG,2021,5401,0,0,0,0,0
27320,ECG,2022,7933,0,0,0,0,0
27320,ECG,2023,9127,0,0,0,0,0
27320,ECG,2024,8408,0,0,0,0,0
27329,ECG,2025,6569,0,0,0,0,0
27329,ECG,2026,4046,0,0,0,0,0
27329,ECG,2027,1500,0,0,0,0,0
27329,ECG,2028,-101,0,0,0,0,0
27329,ECG,2029,-139,0,0,0,0,0
27339,ECG,2030,1691,0,0,0,0,0
27339,ECG,2031,4540,0,0,0,0,0
27339,ECG,2032,7334,0,0,0,0,0
27339,ECG,2033,8919,0,0,0,0,0
27339,ECG,2034,8559,0,0,0,0,0
27349,ECG,2035,6783,0,0,0,0,0
27349,ECG,2036,4155,0,0,0,0,0
27349,ECG,2037,1584,0,0,0,0,0
27349,ECG,2038,-123,0,0,0,0,0
27349,ECG,2039,-390,0,0,0,0,0
27359,ECG,2040,1292,0,0,0,0,0
27359,ECG,2041,3991,0,0,0,0,0
27359,ECG,2042,6751,0,0,0,0,0
27359,ECG,2043,8493,0,0,0,0,0
27359,ECG,2044,8285,0,0,0,0,0
27369,ECG,2045,6703,0,0,0,0,0
27369,ECG,2046,4064,0,0,0,0,0
27369,ECG,2047,1275,0,0,0,0,0
27316,IMU,416,1076,-416,8344,-82,68,35
27335,IMU,417,1108,-472,8372,-105,78,40
27357,IMU,418,984,-372,8408,-105,62,51
27373,IMU,419,1076,-348,8404,-84,66,36
27393,IMU,420,1068,-424,8432,-99,57,53
27412,IMU,421,1052,-396,8392,-98,60,36
27431,IMU,422,1028,-476,8400,-86,61,30
27450,IMU,423,1092,-352,8396,-102,54,29
27469,IMU,424,1020,-364,8452,-115,73,33
27488,IMU,425,984,-392,8400,-96,69,38
27507,IMU,426,1060,-408,8472,-95,53,44
27527,IMU,427,1152,-480,8408,-90,48,32
27546,IMU,428,1036,-388,8508,-91,56,40
27568,IMU,429,1072,-432,8416,-95,60,52
27585,IMU,430,1108,-420,8464,-86,73,36
27603,IMU,431,1032,-500,8396,-81,63,29
27622,IMU,432,1108,-424,8448,-116,73,49
27641,IMU,433,1020,-368,8404,-106,62,39
27660,IMU,434,1088,-428,8360,-91,69,50
27679,IMU,435,1084,-364,8400,-97,68,58
27699,IMU,436,1060,-508,8412,-97,57,36
27718,IMU,437,1160,-380,8380,-93,62,37
27737,IMU,438,1052,-348,8472,-91,51,60
27756,IMU,439,1120,-380,8368,-92,61,36
27775,IMU,440,1164,-432,8440,-94,69,34
27795,IMU,441,1072,-388,8332,-89,64,54
27813,IMU,442,992,-544,8420,-90,53,28
27832,IMU,443,1060,-312,8436,-97,65,48
27852,IMU,444,1156,-500,8404,-106,61,40
27871,IMU,445,1196,-444,8468,-112,59,40
27890,IMU,446,1092,-420,8376,-110,56,49
27909,IMU,447,1204,-492,8368,-93,48,41
27928,IMU,448,1200,-424,8444,-94,53,36
27947,IMU,449,1020,-440,8416,-96,41,31
27967,IMU,450,1012,-440,8324,-102,58,41
27986,IMU,451,1032,-492,8340,-95,66,42
28008,IMU,452,1188,-368,8416,-101,49,31
28024,IMU,453,1172,-300,8360,-109,60,33
28043,IMU,454,1060,-420,8416,-96,52,56
28062,IMU,455,1128,-436,8372,-101,67,45
28082,IMU,456,1040,-392,8444,-102,60,41
28101,IMU,457,1088,-452,8356,-95,44,44
28120,IMU,458,1152,-480,8396,-82,60,33
28139,IMU,459,1092,-428,8380,-105,59,29
28158,IMU,460,1084,-276,8436,-90,45,33
28177,IMU,461,1028,-404,8412,-95,62,41
28196,IMU,462,1116,-396,8400,-98,54,41
28216,IMU,463,1164,-412,8472,-93,60,36
28236,IMU,464,1108,-392,8404,-90,75,40
28254,IMU,465,1112,-364,8428,-112,47,37
28273,IMU,466,1112,-464,8444,-108,64,50
28293,IMU,467,1064,-420,8480,-112,66,21
28311,IMU,468,1092,-428,8356,-82,61,33
28331,IMU,469,1164,-484,8340,-98,65,34
28350,IMU,470,1124,-416,8392,-97,64,51
28369,IMU,471,1132,-476,8424,-96,61,34
28388,IMU,472,1108,-396,8456,-101,82,18
28407,IMU,473,1020,-308,8396,-99,50,41
28426,IMU,474,1064,-464,8532,-99,63,34
28447,IMU,475,1096,-448,8304,-87,60,40
28465,IMU,476,1044,-348,8428,-91,67,31
28484,IMU,477,1152,-460,8420,-86,68,33
28503,IMU,478,1044,-448,8408,-93,62,31
28522,IMU,479,1052,-296,8516,-95,48,40
28541,IMU,480,1076,-456,8604,-89,39,46
28560,IMU,481,1144,-412,8456,-103,44,33
28580,IMU,482,1080,-416,8416,-110,59,47
28599,IMU,483,1052,-472,8412,-75,63,53
28618,IMU,484,1160,-396,8384,-85,59,31
28637,IMU,485,1088,-460,8448,-92,49,43
28660,IMU,486,1156,-412,8460,-93,61,43
28677,IMU,487,1056,-436,8488,-97,43,36
28695,IMU,488,1064,-436,8444,-80,56,52
28714,IMU,489,1052,-292,8432,-95,58,31
28733,IMU,490,1116,-400,8448,-95,59,42
28752,IMU,491,1156,-372,8448,-94,71,51
28771,IMU,492,1180,-468,8384,-96,69,33
28791,IMU,493,1172,-420,8440,-103,71,46
28810,IMU,494,1076,-452,8492,-109,42,52
28829,IMU,495,1116,-352,8428,-96,61,37
28850,IMU,496,1172,-392,8388,-90,53,35
28867,IMU,497,1028,-444,8372,-95,64,52
28889,IMU,498,1096,-412,8444,-115,65,40
28905,IMU,499,1104,-372,8372,-107,72,47
28924,IMU,500,1172,-404,8364,-107,65,39
28943,IMU,501,1128,-404,8516,-91,73,42
28962,IMU,502,1168,-424,8428,-87,68,55
28981,IMU,503,1144,-432,8316,-112,60,39
29001,IMU,504,1120,-380,8456,-102,65,40
29020,IMU,505,1008,-412,8324,-100,53,35
29039,IMU,506,1044,-372,8404,-116,79,41
29058,IMU,507,1100,-420,8428,-88,45,37
29077,IMU,508,1160,-456,8408,-90,56,39
29099,IMU,509,1008,-380,8456,-86,42,40
29116,IMU,510,992,-384,8444,-100,63,58
29135,IMU,511,1068,-400,8420,-103,53,36
29154,IMU,512,1040,-412,8372,-104,48,49
29173,IMU,513,1136,-324,8372,-105,51,44
29192,IMU,514,1056,-464,8448,-89,48,38
29211,IMU,515,1112,-428,8376,-115,46,57
29230,IMU,516,1108,-472,8380,-99,56,35
29249,IMU,517,1100,-388,8388,-110,43,42
29269,IMU,518,1120,-348,8500,-98,83,50
29288,IMU,519,1156,-368,8456,-112,68,51
29307,IMU,520,1016,-456,8392,-102,54,53
29329,IMU,521,1136,-392,8388,-90,55,46
29345,IMU,522,1132,-372,8360,-78,63,48
29364,IMU,523,1096,-468,8456,-99,65,34
29383,IMU,524,1144,-460,8412,-96,62,46
29402,IMU,525,1076,-380,8432,-99,74,33
29421,IMU,526,1084,-424,8444,-97,54,50
29440,IMU,527,1168,-428,8428,-90,67,49
29460,IMU,528,1056,-420,8344,-105,56,51
29479,IMU,529,1100,-400,8404,-100,47,51
29498,IMU,530,1116,-420,8364,-104,72,39
29517,IMU,531,1092,-380,8408,-92,66,34
29537,IMU,532,980,-364,8472,-96,68,30
29555,IMU,533,1104,-380,8408,-100,56,34
29574,IMU,534,1120,-356,8444,-83,53,47
29594,IMU,535,1068,-504,8484,-96,62,53
29613,IMU,536,1088,-392,8368,-83,49,33
29632,IMU,537,1080,-384,8452,-98,49,25
29651,IMU,538,1156,-412,8428,-77,65,32
29670,IMU,539,1108,-432,8448,-100,54,34
29689,IMU,540,1060,-400,8356,-97,58,32
29708,IMU,541,1064,-492,8420,-80,50,48
29727,IMU,542,1072,-452,8460,-94,50,45
29748,IMU,543,1152,-344,8360,-118,66,34
29768,IMU,544,1128,-456,8480,-96,62,43
29785,IMU,545,1040,-508,8388,-87,71,36
29804,IMU,546,1112,-484,8372,-101,47,50
29823,IMU,547,1036,-412,8424,-88,66,30
29842,IMU,548,1072,-416,8380,-95,73,42
29861,IMU,549,1064,-468,8480,-108,60,34
29882,IMU,550,1112,-460,8456,-108,47,38
29899,IMU,551,1052,-408,8388,-95,50,42
29919,IMU,552,1028,-364,8400,-107,65,42
29938,IMU,553,1112,-384,8396,-76,55,37
29957,IMU,554,1060,-408,8456,-104,72,45
29978,IMU,555,1016,-452,8340,-92,66,49
29995,IMU,556,1112,-428,8368,-87,50,44
30014,IMU,557,1084,-396,8488,-84,39,35
30034,IMU,558,1008,-440,8396,-97,53,30
30053,IMU,559,1176,-400,8372,-102,69,36
30072,IMU,560,1028,-480,8408,-91,56,47
30091,IMU,561,1076,-504,8420,-90,63,40
30110,IMU,562,1136,-460,8464,-78,52,53
30129,IMU,563,972,-384,8300,-111,68,47
30149,IMU,564,1068,-468,8256,-93,65,33
30168,IMU,565,1132,-440,8412,-94,60,34
30191,IMU,566,1124,-252,8404,-101,53,40
30207,IMU,567,1172,-492,8448,-90,65,35
30225,IMU,568,1124,-336,8388,-97,56,31
30244,IMU,569,1056,-408,8444,-75,63,39
30263,IMU,570,1024,-344,8412,-95,44,41
30283,IMU,571,1120,-388,8412,-93,62,31
30302,IMU,572,1076,-460,8412,-93,65,29
30321,IMU,573,1064,-392,8408,-99,46,35
30340,IMU,574,1080,-408,8344,-86,70,29
30359,IMU,575,1036,-520,8368,-92,50,37
30378,IMU,576,1096,-472,8444,-86,54,54
30398,IMU,577,1088,-444,8424,-88,52,42
30418,IMU,578,1188,-444,8352,-99,68,35
30436,IMU,579,1056,-464,8360,-104,65,38
30455,IMU,580,1196,-404,8340,-89,49,36
30474,IMU,581,1100,-372,8532,-100,63,42
30493,IMU,582,1108,-376,8324,-102,60,36
30513,IMU,583,1060,-344,8336,-78,64,57
30532,IMU,584,1096,-416,8424,-92,62,52
30551,IMU,585,1140,-356,8400,-105,59,57
30570,IMU,586,1116,-344,8412,-83,51,37
30589,IMU,587,1088,-324,8356,-90,49,47
30608,IMU,588,1096,-356,8364,-90,63,39
30630,IMU,589,960,-380,8372,-100,72,29
30647,IMU,590,1152,-416,8380,-93,62,30
30666,IMU,591,1032,-460,8464,-114,52,40
30685,IMU,592,1088,-440,8428,-75,45,48
30704,IMU,593,1108,-404,8404,-101,51,35
30723,IMU,594,1188,-492,8400,-89,52,34
30742,IMU,595,1020,-444,8420,-115,61,43
30762,IMU,596,1108,-388,8352,-95,56,47
30781,IMU,597,1100,-420,8356,-94,56,43
30800,IMU,598,1056,-408,8428,-87,63,60
30819,IMU,599,1140,-360,8416,-105,65,30
30839,IMU,600,1172,-428,8376,-91,55,42
30858,IMU,601,1076,-460,8356,-100,50,33
30876,IMU,602,1144,-432,8412,-111,60,40
30895,IMU,603,1032,-416,8392,-95,55,29
30916,IMU,604,1088,-476,8360,-102,55,29
30934,IMU,605,1048,-364,8384,-109,49,34
30953,IMU,606,1028,-392,8368,-98,61,47
30972,IMU,607,1164,-396,8472,-78,62,36
30991,IMU,608,1152,-328,8444,-72,50,42
31010,IMU,609,1084,-368,8484,-94,53,42
31029,IMU,610,1108,-432,8400,-98,47,34
31049,IMU,611,1108,-360,8464,-107,58,34
31068,IMU,612,1032,-484,8424,-111,62,34
31087,IMU,613,1036,-396,8444,-86,75,45
31106,IMU,614,1148,-436,8440,-87,65,33
31125,IMU,615,1124,-400,8392,-98,63,36
31144,IMU,616,1168,-480,8480,-91,57,33
31163,IMU,617,1124,-432,8384,-94,56,36
31183,IMU,618,1116,-460,8476,-94,72,47
31201,IMU,619,1164,-252,8408,-96,59,58
31221,IMU,620,1112,-352,8432,-91,74,36
31240,IMU,621,1044,-428,8456,-78,64,22
31259,IMU,622,1032,-372,8328,-93,60,38
31282,IMU,623,980,-416,8392,-106,48,21
27369,ECG,2048,-538,0,0,0,0,0
27369,ECG,2049,-1006,0,0,0,0,0
27378,ECG,2050,399,0,0,0,0,0
27378,ECG,2051,3038,0,0,0,0,0
27378,ECG,2052,5883,0,0,0,0,0
27378,ECG,2053,7798,0,0,0,0,0
27378,ECG,2054,7888,0,0,0,0,0
27388,ECG,2055,6567,0,0,0,0,0
27388,ECG,2056,4118,0,0,0,0,0
27388,ECG,2057,1443,0,0,0,0,0
27388,ECG,2058,-471,0,0,0,0,0
27388,ECG,2059,-1157,0,0,0,0,0
27398,ECG,2060,150,0,0,0,0,0
27398,ECG,2061,2768,0,0,0,0,0
27398,ECG,2062,5523,0,0,0,0,0
27398,ECG,2063,7580,0,0,0,0,0
27398,ECG,2064,7969,0,0,0,0,0
27408,ECG,2065,6808,0,0,0,0,0
27408,ECG,2066,4530,0,0,0,0,0
27408,ECG,2067,1849,0,0,0,0,0
27408,ECG,2068,-317,0,0,0,0,0
27408,ECG,2069,-1261,0,0,0,0,0
27417,ECG,2070,-268,0,0,0,0,0
27417,ECG,2071,1956,0,0,0,0,0
27417,ECG,2072,4582,0,0,0,0,0
27417,ECG,2073,6752,0,0,0,0,0
27417,ECG,2074,7158,0,0,0,0,0
27427,ECG,2075,6203,0,0,0,0,0
27427,ECG,2076,4226,0,0,0,0,0
27427,ECG,2077,1610,0,0,0,0,0
27427,ECG,2078,-391,0,0,0,0,0
27427,ECG,2079,-1311,0,0,0,0,0
27437,ECG,2080,-610,0,0,0,0,0
27437,ECG,2081,1725,0,0,0,0,0
27437,ECG,2082,4701,0,0,0,0,0
27437,ECG,2083,7024,0,0,0,0,0
27437,ECG,2084,7771,0,0,0,0,0
27447,ECG,2085,7213,0,0,0,0,0
27447,ECG,2086,5340,0,0,0,0,0
27447,ECG,2087,2568,0,0,0,0,0
27447,ECG,2088,234,0,0,0,0,0
27447,ECG,2089,-1187,0,0,0,0,0
27457,ECG,2090,-1108,0,0,0,0,0
27457,ECG,2091,728,0,0,0,0,0
27457,ECG,2092,3487,0,0,0,0,0
27457,ECG,2093,6170,0,0,0,0,0
27457,ECG,2094,7614,0,0,0,0,0
27466,ECG,2095,7461,0,0,0,0,0
27466,ECG,2096,5921,0,0,0,0,0
27466,ECG,2097,3342,0,0,0,0,0
27466,ECG,2098,722,0,0,0,0,0
27466,ECG,2099,-1187,0,0,0,0,0
27476,ECG,2100,-1641,0,0,0,0,0
27476,ECG,2101,-262,0,0,0,0,0
27476,ECG,2102,2316,0,0,0,0,0
27476,ECG,2103,5154,0,0,0,0,0
27476,ECG,2104,7052,0,0,0,0,0
27486,ECG,2105,7424,0,0,0,0,0
27486,ECG,2106,6277,0,0,0,0,0
27486,ECG,2107,3964,0,0,0,0,0
27486,ECG,2108,1543,0,0,0,0,0
27486,ECG,2109,-318,0,0,0,0,0
27496,ECG,2110,-940,0,0,0,0,0
27496,ECG,2111,226,0,0,0,0,0
27496,ECG,2112,2652,0,0,0,0,0
27496,ECG,2113,5445,0,0,0,0,0
27496,ECG,2114,7402,0,0,0,0,0
27506,ECG,2115,7737,0,0,0,0,0
27506,ECG,2116,6589,0,0,0,0,0
27506,ECG,2117,4254,0,0,0,0,0
27506,ECG,2118,1445,0,0,0,0,0
27506,ECG,2119,-813,0,0,0,0,0
27515,ECG,2120,-1746,0,0,0,0,0
27515,ECG,2121,-1033,0,0,0,0,0
27515,ECG,2122,1110,0,0,0,0,0
27515,ECG,2123,4015,0,0,0,0,0
27515,ECG,2124,6437,0,0,0,0,0
27525,ECG,2125,7367,0,0,0,0,0
27525,ECG,2126,6729,0,0,0,0,0
27525,ECG,2127,4783,0,0,0,0,0
27525,ECG,2128,2147,0,0,0,0,0
27525,ECG,2129,-219,0,0,0,0,0
27535,ECG,2130,-1545,0,0,0,0,0
27535,ECG,2131,-1276,0,0,0,0,0
27535,ECG,2132,607,0,0,0,0,0
27535,ECG,2133,3354,0,0,0,0,0
27535,ECG,2134,5817,0,0,0,0,0
27545,ECG,2135,7070,0,0,0,0,0
27545,ECG,2136,6715,0,0,0,0,0
27545,ECG,2137,4870,0,0,0,0,0
27545,ECG,2138,2392,0,0,0,0,0
27545,ECG,2139,183,0,0,0,0,0
27554,ECG,2140,-1190,0,0,0,0,0
27554,ECG,2141,-1010,0,0,0,0,0
27554,ECG,2142,822,0,0,0,0,0
27554,ECG,2143,3479,0,0,0,0,0
27554,ECG,2144,5971,0,0,0,0,0
27564,ECG,2145,7361,0,0,0,0,0
27564,ECG,2146,7060,0,0,0,0,0
27564,ECG,2147,5249,0,0,0,0,0
27564,ECG,2148,2717,0,0,0,0,0
27564,ECG,2149,310,0,0,0,0,0
27574,ECG,2150,-1213,0,0,0,0,0
27574,ECG,2151,-1234,0,0,0,0,0
27574,ECG,2152,313,0,0,0,0,0
27574,ECG,2153,2839,0,0,0,0,0
27574,ECG,2154,5427,0,0,0,0,0
27584,ECG,2155,7072,0,0,0,0,0
27584,ECG,2156,7115,0,0,0,0,0
27584,ECG,2157,5652,0,0,0,0,0
27584,ECG,2158,3181,0,0,0,0,0
27584,ECG,2159,523,0,0,0,0,0
27594,ECG,2160,-1310,0,0,0,0,0
27594,ECG,2161,-1752,0,0,0,0,0
27594,ECG,2162,-644,0,0,0,0,0
27594,ECG,2163,1694,0,0,0,0,0
27594,ECG,2164,4376,0,0,0,0,0
27603,ECG,2165,6389,0,0,0,0,0
27603,ECG,2166,6910,0,0,0,0,0
27603,ECG,2167,5845,0,0,0,0,0
27603,ECG,2168,3716,0,0,0,0,0
27603,ECG,2169,1251,0,0,0,0,0
27613,ECG,2170,-714,0,0,0,0,0
27613,ECG,2171,-1409,0,0,0,0,0
27613,ECG,2172,-384,0,0,0,0,0
27613,ECG,2173,1763,0,0,0,0,0
27613,ECG,2174,4131,0,0,0,0,0
27623,ECG,2175,6084,0,0,0,0,0
27623,ECG,2176,6674,0,0,0,0,0
27623,ECG,2177,5694,0,0,0,0,0
27623,ECG,2178,3544,0,0,0,0,0
27623,ECG,2179,913,0,0,0,0,0
27633,ECG,2180,-1113,0,0,0,0,0
27633,ECG,2181,-1954,0,0,0,0,0
27633,ECG,2182,-1275,0,0,0,0,0
27633,ECG,2183,768,0,0,0,0,0
27633,ECG,2184,3392,0,0,0,0,0
27643,ECG,2185,5585,0,0,0,0,0
27643,ECG,2186,6351,0,0,0,0,0
27643,ECG,2187,5693,0,0,0,0,0
27643,ECG,2188,3862,0,0,0,0,0
27643,ECG,2189,1217,0,0,0,0,0
27652,ECG,2190,-1158,0,0,0,0,0
27652,ECG,2191,-2371,0,0,0,0,0
27652,ECG,2192,-1922,0,0,0,0,0
27652,ECG,2193,-74,0,0,0,0,0
27652,ECG,2194,2443,0,0,0,0,0
27662,ECG,2195,4805,0,0,0,0,0
27662,ECG,2196,5905,0,0,0,0,0
27662,ECG,2197,5422,0,0,0,0,0
27662,ECG,2198,3597,0,0,0,0,0
27662,ECG,2199,1063,0,0,0,0,0
27672,ECG,2200,-1117,0,0,0,0,0
27672,ECG,2201,-2335,0,0,0,0,0
27672,ECG,2202,-2108,0,0,0,0,0
27672,ECG,2203,-293,0,0,0,0,0
27672,ECG,2204,2420,0,0,0,0,0
27682,ECG,2205,5019,0,0,0,0,0
27682,ECG,2206,6594,0,0,0,0,0
27682,ECG,2207,6573,0,0,0,0,0
27682,ECG,2208,4986,0,0,0,0,0
27682,ECG,2209,2523,0,0,0,0,0
27691,ECG,2210,112,0,0,0,0,0
27691,ECG,2211,-1472,0,0,0,0,0
27691,ECG,2212,-1683,0,0,0,0,0
27691,ECG,2213,-419,0,0,0,0,0
27691,ECG,2214,1910,0,0,0,0,0
27701,ECG,2215,4556,0,0,0,0,0
27701,ECG,2216,6369,0,0,0,0,0
27701,ECG,2217,6588,0,0,0,0,0
27701,ECG,2218,5333,0,0,0,0,0
27701,ECG,2219,2933,0,0,0,0,0
27711,ECG,2220,293,0,0,0,0,0
27711,ECG,2221,-1464,0,0,0,0,0
27711,ECG,2222,-1912,0,0,0,0,0
27711,ECG,2223,-951,0,0,0,0,0
27711,ECG,2224,1215,0,0,0,0,0
27721,ECG,2225,3896,0,0,0,0,0
27721,ECG,2226,5976,0,0,0,0,0
27721,ECG,2227,6569,0,0,0,0,0
27721,ECG,2228,5586,0,0,0,0,0
27721,ECG,2229,3366,0,0,0,0,0
27731,ECG,2230,780,0,0,0,0,0
27731,ECG,2231,-1159,0,0,0,0,0
27731,ECG,2232,-1911,0,0,0,0,0
27731,ECG,2233,-1244,0,0,0,0,0
27731,ECG,2234,736,0,0,0,0,0
27740,ECG,2235,3381,0,0,0,0,0
27740,ECG,2236,5494,0,0,0,0,0
27740,ECG,2237,6259,0,0,0,0,0
27740,ECG,2238,5491,0,0,0,0,0
27740,ECG,2239,3398,0,0,0,0,0
27750,ECG,2240,923,0,0,0,0,0
27750,ECG,2241,-1017,0,0,0,0,0
27750,ECG,2242,-1857,0,0,0,0,0
27750,ECG,2243,-1243,0,0,0,0,0
27750,ECG,2244,614,0,0,0,0,0
27760,ECG,2245,3134,0,0,0,0,0
27760,ECG,2246,5475,0,0,0,0,0
27760,ECG,2247,6592,0,0,0,0,0
27760,ECG,2248,5810,0,0,0,0,0
27760,ECG,2249,3636,0,0,0,0,0
28779,ECG,2250,0,0,0,0,0,0
28779,ECG,2251,-1,0,0,0,0,0
28779,ECG,2252,-5,0,0,0,0,0
28779,ECG,2253,2,0,0,0,0,0
28779,ECG,2254,1,0,0,0,0,0
28789,ECG,2255,-12,0,0,0,0,0
28789,ECG,2256,35,0,0,0,0,0
28789,ECG,2257,-30,0,0,0,0,0
28789,ECG,2258,8,0,0,0,0,0
28789,ECG,2259,100,0,0,0,0,0
28798,ECG,2260,-686,0,0,0,0,0
28798,ECG,2261,-1549,0,0,0,0,0
28798,ECG,2262,-1454,0,0,0,0,0
28798,ECG,2263,-423,0,0,0,0,0
28798,ECG,2264,2299,0,0,0,0,0
28808,ECG,2265,6810,0,0,0,0,0
28808,ECG,2266,12443,0,0,0,0,0
28808,ECG,2267,18647,0,0,0,0,0
28808,ECG,2268,24454,0,0,0,0,0
28808,ECG,2269,28873,0,0,0,0,0
28818,ECG,2270,32096,0,0,0,0,0
28818,ECG,2271,31894,0,0,0,0,0
28818,ECG,2272,31694,0,0,0,0,0
28818,ECG,2273,31249,0,0,0,0,0
28818,ECG,2274,29706,0,0,0,0,0
28828,ECG,2275,27993,0,0,0,0,0
28828,ECG,2276,26723,0,0,0,0,0
28828,ECG,2277,26230,0,0,0,0,0
28828,ECG,2278,26288,0,0,0,0,0
28828,ECG,2279,26980,0,0,0,0,0
28838,ECG,2280,28314,0,0,0,0,0
28838,ECG,2281,29749,0,0,0,0,0
28838,ECG,2282,29903,0,0,0,0,0
28838,ECG,2283,29715,0,0,0,0,0
28838,ECG,2284,28137,0,0,0,0,0
28847,ECG,2285,26302,0,0,0,0,0
28847,ECG,2286,25058,0,0,0,0,0
28847,ECG,2287,24410,0,0,0,0,0
28847,ECG,2288,24422,0,0,0,0,0
28847,ECG,2289,25130,0,0,0,0,0
28857,ECG,2290,26145,0,0,0,0,0
28857,ECG,2291,27324,0,0,0,0,0
28857,ECG,2292,28228,0,0,0,0,0
28857,ECG,2293,28050,0,0,0,0,0
28857,ECG,2294,27874,0,0,0,0,0
28867,ECG,2295,26945,0,0,0,0,0
28867,ECG,2296,26272,0,0,0,0,0
28867,ECG,2297,25789,0,0,0,0,0
28867,ECG,2298,25485,0,0,0,0,0
28867,ECG,2299,25492,0,0,0,0,0
28877,ECG,2300,25645,0,0,0,0,0
28877,ECG,2301,26021,0,0,0,0,0
28877,ECG,2302,26482,0,0,0,0,0
28877,ECG,2303,26390,0,0,0,0,0
28877,ECG,2304,26224,0,0,0,0,0
28887,ECG,2305,25619,0,0,0,0,0
28887,ECG,2306,24956,0,0,0,0,0
28887,ECG,2307,24526,0,0,0,0,0
28887,ECG,2308,24241,0,0,0,0,0
28887,ECG,2309,24156,0,0,0,0,0
28896,ECG,2310,24259,0,0,0,0,0
28896,ECG,2311,24489,0,0,0,0,0
28896,ECG,2312,24687,0,0,0,0,0
28896,ECG,2313,24821,0,0,0,0,0
28896,ECG,2314,24665,0,0,0,0,0
28906,ECG,2315,24493,0,0,0,0,0
28906,ECG,2316,24102,0,0,0,0,0
28906,ECG,2317,23941,0,0,0,0,0
28906,ECG,2318,23730,0,0,0,0,0
28906,ECG,2319,23605,0,0,0,0,0
28916,ECG,2320,23499,0,0,0,0,0
28916,ECG,2321,23388,0,0,0,0,0
28916,ECG,2322,23461,0,0,0,0,0
28916,ECG,2323,23314,0,0,0,0,0
28916,ECG,2324,23101,0,0,0,0,0
28926,ECG,2325,22622,0,0,0,0,0
28926,ECG,2326,22086,0,0,0,0,0
28926,ECG,2327,21558,0,0,0,0,0
28926,ECG,2328,21205,0,0,0,0,0
28926,ECG,2329,21049,0,0,0,0,0
28935,ECG,2330,21098,0,0,0,0,0
28935,ECG,2331,21343,0,0,0,0,0
28935,ECG,2332,21581,0,0,0,0,0
28935,ECG,2333,21742,0,0,0,0,0
28935,ECG,2334,21799,0,0,0,0,0
28945,ECG,2335,21662,0,0,0,0,0
28945,ECG,2336,21467,0,0,0,0,0
28945,ECG,2337,21333,0,0,0,0,0
28945,ECG,2338,21229,0,0,0,0,0
28945,ECG,2339,21063,0,0,0,0,0
28955,ECG,2340,20967,0,0,0,0,0
28955,ECG,2341,20779,0,0,0,0,0
28955,ECG,2342,20728,0,0,0,0,0
28955,ECG,2343,20597,0,0,0,0,0
28955,ECG,2344,20467,0,0,0,0,0
28965,ECG,2345,20088,0,0,0,0,0
28965,ECG,2346,19740,0,0,0,0,0
28965,ECG,2347,19319,0,0,0,0,0
28965,ECG,2348,18959,0,0,0,0,0
28965,ECG,2349,18773,0,0,0,0,0
28975,ECG,2350,18747,0,0,0,0,0
28975,ECG,2351,18790,0,0,0,0,0
28975,ECG,2352,19103,0,0,0,0,0
28975,ECG,2353,19372,0,0,0,0,0
28975,ECG,2354,19250,0,0,0,0,0
28984,ECG,2355,19058,0,0,0,0,0
28984,ECG,2356,18476,0,0,0,0,0
28984,ECG,2357,17887,0,0,0,0,0
28984,ECG,2358,17522,0,0,0,0,0
28984,ECG,2359,17312,0,0,0,0,0
28994,ECG,2360,17319,0,0,0,0,0
28994,ECG,2361,17411,0,0,0,0,0
28994,ECG,2362,17909,0,0,0,0,0
28994,ECG,2363,18229,0,0,0,0,0
28994,ECG,2364,18114,0,0,0,0,0
29004,ECG,2365,17784,0,0,0,0,0
29004,ECG,2366,16942,0,0,0,0,0
29004,ECG,2367,16044,0,0,0,0,0
29004,ECG,2368,15509,0,0,0,0,0
29004,ECG,2369,15236,0,0,0,0,0
29014,ECG,2370,15301,0,0,0,0,0
29014,ECG,2371,15726,0,0,0,0,0
29014,ECG,2372,16284,0,0,0,0,0
29014,ECG,2373,16693,0,0,0,0,0
29014,ECG,2374,17083,0,0,0,0,0
29024,ECG,2375,16975,0,0,0,0,0
29024,ECG,2376,16868,0,0,0,0,0
29024,ECG,2377,16651,0,0,0,0,0
29024,ECG,2378,16643,0,0,0,0,0
29024,ECG,2379,16504,0,0,0,0,0
29033,ECG,2380,16395,0,0,0,0,0
29033,ECG,2381,16308,0,0,0,0,0
29033,ECG,2382,16193,0,0,0,0,0
29033,ECG,2383,16095,0,0,0,0,0
29033,ECG,2384,15995,0,0,0,0,0
29043,ECG,2385,15894,0,0,0,0,0
29043,ECG,2386,15793,0,0,0,0,0
29043,ECG,2387,15694,0,0,0,0,0
29043,ECG,2388,15595,0,0,0,0,0
29043,ECG,2389,15497,0,0,0,0,0
29053,ECG,2390,15399,0,0,0,0,0
29053,ECG,2391,15302,0,0,0,0,0
29053,ECG,2392,15205,0,0,0,0,0
29053,ECG,2393,15110,0,0,0,0,0
29053,ECG,2394,15014,0,0,0,0,0
29063,ECG,2395,14920,0,0,0,0,0
29063,ECG,2396,14826,0,0,0,0,0
29063,ECG,2397,14732,0,0,0,0,0
29063,ECG,2398,14639,0,0,0,0,0
29063,ECG,2399,14547,0,0,0,0,0
29072,ECG,2400,14455,0,0,0,0,0
29072,ECG,2401,14364,0,0,0,0,0
29072,ECG,2402,14273,0,0,0,0,0
29072,ECG,2403,14183,0,0,0,0,0
29072,ECG,2404,14094,0,0,0,0,0
29082,ECG,2405,14005,0,0,0,0,0
29082,ECG,2406,13917,0,0,0,0,0
29082,ECG,2407,13829,0,0,0,0,0
29082,ECG,2408,13742,0,0,0,0,0
29082,ECG,2409,13655,0,0,0,0,0
29092,ECG,2410,13569,0,0,0,0,0
29092,ECG,2411,13483,0,0,0,0,0
29092,ECG,2412,13398,0,0,0,0,0
29092,ECG,2413,13314,0,0,0,0,0
29092,ECG,2414,13230,0,0,0,0,0
29102,ECG,2415,13146,0,0,0,0,0
29102,ECG,2416,13063,0,0,0,0,0
29102,ECG,2417,12981,0,0,0,0,0
29102,ECG,2418,12899,0,0,0,0,0
29102,ECG,2419,12817,0,0,0,0,0
29112,ECG,2420,12736,0,0,0,0,0
29112,ECG,2421,12656,0,0,0,0,0
29112,ECG,2422,12576,0,0,0,0,0
29112,ECG,2423,12496,0,0,0,0,0
29112,ECG,2424,12417,0,0,0,0,0
29121,ECG,2425,12339,0,0,0,0,0
29121,ECG,2426,12261,0,0,0,0,0
29121,ECG,2427,12183,0,0,0,0,0
29121,ECG,2428,12106,0,0,0,0,0
29121,ECG,2429,12030,0,0,0,0,0
29131,ECG,2430,11954,0,0,0,0,0
29131,ECG,2431,11878,0,0,0,0,0
29131,ECG,2432,11803,0,0,0,0,0
29131,ECG,2433,11729,0,0,0,0,0
29131,ECG,2434,11655,0,0,0,0,0
29141,ECG,2435,11581,0,0,0,0,0
29141,ECG,2436,11508,0,0,0,0,0
29141,ECG,2437,11435,0,0,0,0,0
29141,ECG,2438,11362,0,0,0,0,0
29141,ECG,2439,11291,0,0,0,0,0
29151,ECG,2440,11219,0,0,0,0,0
29151,ECG,2441,11147,0,0,0,0,0
29151,ECG,2442,11082,0,0,0,0,0
29151,ECG,2443,11001,0,0,0,0,0
29151,ECG,2444,10946,0,0,0,0,0
29161,ECG,2445,10913,0,0,0,0,0
29161,ECG,2446,10819,0,0,0,0,0
29161,ECG,2447,10695,0,0,0,0,0
29161,ECG,2448,10586,0,0,0,0,0
29161,ECG,2449,10459,0,0,0,0,0
29170,ECG,2450,10344,0,0,0,0,0
29170,ECG,2451,10263,0,0,0,0,0
29170,ECG,2452,10209,0,0,0,0,0
29170,ECG,2453,10187,0,0,0,0,0
29170,ECG,2454,10183,0,0,0,0,0
29180,ECG,2455,10163,0,0,0,0,0
29180,ECG,2456,10149,0,0,0,0,0
29180,ECG,2457,10123,0,0,0,0,0
29180,ECG,2458,10029,0,0,0,0,0
29180,ECG,2459,9945,0,0,0,0,0
29190,ECG,2460,9891,0,0,0,0,0
29190,ECG,2461,9822,0,0,0,0,0
29190,ECG,2462,9772,0,0,0,0,0
29190,ECG,2463,9686,0,0,0,0,0
29190,ECG,2464,9656,0,0,0,0,0
29200,ECG,2465,9623,0,0,0,0,0
29200,ECG,2466,9562,0,0,0,0,0
29200,ECG,2467,9368,0,0,0,0,0
29200,ECG,2468,9201,0,0,0,0,0
29200,ECG,2469,8996,0,0,0,0,0
29209,ECG,2470,8813,0,0,0,0,0
29209,ECG,2471,8709,0,0,0,0,0
29209,ECG,2472,8698,0,0,0,0,0
29209,ECG,2473,8712,0,0,0,0,0
29209,ECG,2474,8848,0,0,0,0,0
29219,ECG,2475,9050,0,0,0,0,0
29219,ECG,2476,8993,0,0,0,0,0
29219,ECG,2477,8892,0,0,0,0,0
29219,ECG,2478,8607,0,0,0,0,0
29219,ECG,2479,8274,0,0,0,0,0
29229,ECG,2480,8064,0,0,0,0,0
29229,ECG,2481,7931,0,0,0,0,0
29229,ECG,2482,7923,0,0,0,0,0
29229,ECG,2483,7997,0,0,0,0,0
29229,ECG,2484,8183,0,0,0,0,0
29239,ECG,2485,8413,0,0,0,0,0
29239,ECG,2486,8465,0,0,0,0,0
29239,ECG,2487,8411,0,0,0,0,0
29239,ECG,2488,8196,0,0,0,0,0
29239,ECG,2489,7888,0,0,0,0,0
29249,ECG,2490,7734,0,0,0,0,0
29249,ECG,2491,7609,0,0,0,0,0
29249,ECG,2492,7600,0,0,0,0,0
29249,ECG,2493,7620,0,0,0,0,0
29249,ECG,2494,7752,0,0,0,0,0
29258,ECG,2495,8013,0,0,0,0,0
29258,ECG,2496,7962,0,0,0,0,0
29258,ECG,2497,7847,0,0,0,0,0
29258,ECG,2498,7506,0,0,0,0,0
29258,ECG,2499,7065,0,0,0,0,0
29268,ECG,2500,6750,0,0,0,0,0
29268,ECG,2501,6577,0,0,0,0,0
29268,ECG,2502,6561,0,0,0,0,0
29268,ECG,2503,6701,0,0,0,0,0
29268,ECG,2504,7001,0,0,0,0,0
29278,ECG,2505,7280,0,0,0,0,0
29278,ECG,2506,7453,0,0,0,0,0
29278,ECG,2507,7462,0,0,0,0,0
29278,ECG,2508,7414,0,0,0,0,0
29278,ECG,2509,7098,0,0,0,0,0
29288,ECG,2510,7029,0,0,0,0,0
29288,ECG,2511,6966,0,0,0,0,0
29288,ECG,2512,6916,0,0,0,0,0
29288,ECG,2513,6944,0,0,0,0,0
29288,ECG,2514,6977,0,0,0,0,0
29298,ECG,2515,6994,0,0,0,0,0
29298,ECG,2516,7021,0,0,0,0,0
29298,ECG,2517,7013,0,0,0,0,0
29298,ECG,2518,6948,0,0,0,0,0
29298,ECG,2519,6870,0,0,0,0,0
29307,ECG,2520,6839,0,0,0,0,0
29307,ECG,2521,6793,0,0,0,0,0
29307,ECG,2522,6750,0,0,0,0,0
29307,ECG,2523,6700,0,0,0,0,0
29307,ECG,2524,6684,0,0,0,0,0
29317,ECG,2525,6664,0,0,0,0,0
29317,ECG,2526,6578,0,0,0,0,0
29317,ECG,2527,6492,0,0,0,0,0
29317,ECG,2528,6409,0,0,0,0,0
29317,ECG,2529,6313,0,0,0,0,0
29327,ECG,2530,6240,0,0,0,0,0
29327,ECG,2531,6193,0,0,0,0,0
29327,ECG,2532,6172,0,0,0,0,0
29327,ECG,2533,6179,0,0,0,0,0
29327,ECG,2534,6193,0,0,0,0,0
29337,ECG,2535,6190,0,0,0,0,0
29337,ECG,2536,6202,0,0,0,0,0
29337,ECG,2537,6179,0,0,0,0,0
29337,ECG,2538,6102,0,0,0,0,0
29337,ECG,2539,6056,0,0,0,0,0
29346,ECG,2540,6026,0,0,0,0,0
29346,ECG,2541,5982,0,0,0,0,0
29346,ECG,2542,5946,0,0,0,0,0
29346,ECG,2543,5909,0,0,0,0,0
29346,ECG,2544,5870,0,0,0,0,0
29356,ECG,2545,5833,0,0,0,0,0
29356,ECG,2546,5796,0,0,0,0,0
29356,ECG,2547,5759,0,0,0,0,0
29356,ECG,2548,5722,0,0,0,0,0
29356,ECG,2549,5686,0,0,0,0,0
29366,ECG,2550,5649,0,0,0,0,0
29366,ECG,2551,5613,0,0,0,0,0
29366,ECG,2552,5578,0,0,0,0,0
29366,ECG,2553,5542,0,0,0,0,0
29366,ECG,2554,5507,0,0,0,0,0
29376,ECG,2555,5472,0,0,0,0,0
29376,ECG,2556,5437,0,0,0,0,0
29376,ECG,2557,5402,0,0,0,0,0
29376,ECG,2558,5368,0,0,0,0,0
29376,ECG,2559,5333,0,0,0,0,0
29386,ECG,2560,5299,0,0,0,0,0
29386,ECG,2561,5266,0,0,0,0,0
29386,ECG,2562,5232,0,0,0,0,0
29386,ECG,2563,5199,0,0,0,0,0
29386,ECG,2564,5165,0,0,0,0,0
29395,ECG,2565,5132,0,0,0,0,0
29395,ECG,2566,5100,0,0,0,0,0
29395,ECG,2567,5067,0,0,0,0,0
29395,ECG,2568,5035,0,0,0,0,0
29395,ECG,2569,5003,0,0,0,0,0
29405,ECG,2570,4971,0,0,0,0,0
29405,ECG,2571,4939,0,0,0,0,0
29405,ECG,2572,4907,0,0,0,0,0
29405,ECG,2573,4876,0,0,0,0,0
29405,ECG,2574,4845,0,0,0,0,0
29415,ECG,2575,4814,0,0,0,0,0
29415,ECG,2576,4783,0,0,0,0,0
29415,ECG,2577,4753,0,0,0,0,0
29415,ECG,2578,4722,0,0,0,0,0
29415,ECG,2579,4692,0,0,0,0,0
29425,ECG,2580,4662,0,0,0,0,0
29425,ECG,2581,4632,0,0,0,0,0
29425,ECG,2582,4603,0,0,0,0,0
29425,ECG,2583,4572,0,0,0,0,0
29425,ECG,2584,4544,0,0,0,0,0
29435,ECG,2585,4515,0,0,0,0,0
29435,ECG,2586,4482,0,0,0,0,0
29435,ECG,2587,4472,0,0,0,0,0
29435,ECG,2588,4450,0,0,0,0,0
29435,ECG,2589,4395,0,0,0,0,0
29444,ECG,2590,4343,0,0,0,0,0
29444,ECG,2591,4292,0,0,0,0,0
29444,ECG,2592,4234,0,0,0,0,0
29444,ECG,2593,4188,0,0,0,0,0
29444,ECG,2594,4164,0,0,0,0,0
29454,ECG,2595,4145,0,0,0,0,0
29454,ECG,2596,4144,0,0,0,0,0
29454,ECG,2597,4183,0,0,0,0,0
29454,ECG,2598,4174,0,0,0,0,0
29454,ECG,2599,4127,0,0,0,0,0
29464,ECG,2600,4068,0,0,0,0,0
29464,ECG,2601,3973,0,0,0,0,0
29464,ECG,2602,3898,0,0,0,0,0
29464,ECG,2603,3853,0,0,0,0,0
29464,ECG,2604,3828,0,0,0,0,0
29474,ECG,2605,3832,0,0,0,0,0
29474,ECG,2606,3857,0,0,0,0,0
29474,ECG,2607,3877,0,0,0,0,0
29474,ECG,2608,3890,0,0,0,0,0
29474,ECG,2609,3913,0,0,0,0,0
29483,ECG,2610,3880,0,0,0,0,0
29483,ECG,2611,3821,0,0,0,0,0
29483,ECG,2612,3802,0,0,0,0,0
29483,ECG,2613,3780,0,0,0,0,0
29483,ECG,2614,3752,0,0,0,0,0
29493,ECG,2615,3730,0,0,0,0,0
29493,ECG,2616,3705,0,0,0,0,0
29493,ECG,2617,3681,0,0,0,0,0
29493,ECG,2618,3658,0,0,0,0,0
29493,ECG,2619,3634,0,0,0,0,0
29503,ECG,2620,3611,0,0,0,0,0
29503,ECG,2621,3588,0,0,0,0,0
29503,ECG,2622,3565,0,0,0,0,0
29503,ECG,2623,3542,0,0,0,0,0
29503,ECG,2624,3519,0,0,0,0,0
29513,ECG,2625,3496,0,0,0,0,0
29513,ECG,2626,3474,0,0,0,0,0
29513,ECG,2627,3451,0,0,0,0,0
29513,ECG,2628,3429,0,0,0,0,0
29513,ECG,2629,3407,0,0,0,0,0
29523,ECG,2630,3385,0,0,0,0,0
29523,ECG,2631,3363,0,0,0,0,0
29523,ECG,2632,3341,0,0,0,0,0
29523,ECG,2633,3320,0,0,0,0,0
29523,ECG,2634,3298,0,0,0,0,0
29532,ECG,2635,3277,0,0,0,0,0
29532,ECG,2636,3256,0,0,0,0,0
29532,ECG,2637,3235,0,0,0,0,0
29532,ECG,2638,3214,0,0,0,0,0
29532,ECG,2639,3193,0,0,0,0,0
29542,ECG,2640,3172,0,0,0,0,0
29542,ECG,2641,3152,0,0,0,0,0
29542,ECG,2642,3132,0,0,0,0,0
29542,ECG,2643,3111,0,0,0,0,0
29542,ECG,2644,3091,0,0,0,0,0
29552,ECG,2645,3071,0,0,0,0,0
29552,ECG,2646,3052,0,0,0,0,0
29552,ECG,2647,3032,0,0,0,0,0
29552,ECG,2648,3012,0,0,0,0,0
29552,ECG,2649,2993,0,0,0,0,0
29562,ECG,2650,2974,0,0,0,0,0
29562,ECG,2651,2954,0,0,0,0,0
29562,ECG,2652,2935,0,0,0,0,0
29562,ECG,2653,2916,0,0,0,0,0
29562,ECG,2654,2897,0,0,0,0,0
29572,ECG,2655,2878,0,0,0,0,0
29572,ECG,2656,2860,0,0,0,0,0
29572,ECG,2657,2841,0,0,0,0,0
29572,ECG,2658,2823,0,0,0,0,0
29572,ECG,2659,2804,0,0,0,0,0
29581,ECG,2660,2786,0,0,0,0,0
29581,ECG,2661,2768,0,0,0,0,0
29581,ECG,2662,2750,0,0,0,0,0
29581,ECG,2663,2732,0,0,0,0,0
29581,ECG,2664,2715,0,0,0,0,0
29591,ECG,2665,2697,0,0,0,0,0
29591,ECG,2666,2679,0,0,0,0,0
29591,ECG,2667,2662,0,0,0,0,0
29591,ECG,2668,2645,0,0,0,0,0
29591,ECG,2669,2627,0,0,0,0,0
29601,ECG,2670,2610,0,0,0,0,0
29601,ECG,2671,2593,0,0,0,0,0
29601,ECG,2672,2577,0,0,0,0,0
29601,ECG,2673,2560,0,0,0,0,0
29601,ECG,2674,2543,0,0,0,0,0
29611,ECG,2675,2527,0,0,0,0,0
29611,ECG,2676,2510,0,0,0,0,0
29611,ECG,2677,2494,0,0,0,0,0
29611,ECG,2678,2478,0,0,0,0,0
29611,ECG,2679,2461,0,0,0,0,0
29621,ECG,2680,2445,0,0,0,0,0
29621,ECG,2681,2429,0,0,0,0,0
29621,ECG,2682,2414,0,0,0,0,0
29621,ECG,2683,2398,0,0,0,0,0
29621,ECG,2684,2382,0,0,0,0,0
29630,ECG,2685,2367,0,0,0,0,0
29630,ECG,2686,2351,0,0,0,0,0
29630,ECG,2687,2336,0,0,0,0,0
29630,ECG,2688,2321,0,0,0,0,0
29630,ECG,2689,2305,0,0,0,0,0
29640,ECG,2690,2290,0,0,0,0,0
29640,ECG,2691,2275,0,0,0,0,0
29640,ECG,2692,2260,0,0,0,0,0
29640,ECG,2693,2246,0,0,0,0,0
29640,ECG,2694,2231,0,0,0,0,0
29650,ECG,2695,2216,0,0,0,0,0
29650,ECG,2696,2202,0,0,0,0,0
29650,ECG,2697,2187,0,0,0,0,0
29650,ECG,2698,2173,0,0,0,0,0
29650,ECG,2699,2159,0,0,0,0,0
29660,ECG,2700,2145,0,0,0,0,0
29660,ECG,2701,2131,0,0,0,0,0
29660,ECG,2702,2116,0,0,0,0,0
29660,ECG,2703,2102,0,0,0,0,0
29660,ECG,2704,2090,0,0,0,0,0
29669,ECG,2705,2074,0,0,0,0,0
29669,ECG,2706,2063,0,0,0,0,0
29669,ECG,2707,2049,0,0,0,0,0
29669,ECG,2708,2029,0,0,0,0,0
29669,ECG,2709,2042,0,0,0,0,0
29679,ECG,2710,2041,0,0,0,0,0
29679,ECG,2711,1988,0,0,0,0,0
29679,ECG,2712,1942,0,0,0,0,0
29679,ECG,2713,1894,0,0,0,0,0
29679,ECG,2714,1837,0,0,0,0,0
29689,ECG,2715,1799,0,0,0,0,0
29689,ECG,2716,1784,0,0,0,0,0
29689,ECG,2717,1789,0,0,0,0,0
29689,ECG,2718,1818,0,0,0,0,0
29689,ECG,2719,1847,0,0,0,0,0
29699,ECG,2720,1865,0,0,0,0,0
29699,ECG,2721,1895,0,0,0,0,0
29699,ECG,2722,1890,0,0,0,0,0
29699,ECG,2723,1846,0,0,0,0,0
29699,ECG,2724,1832,0,0,0,0,0
29709,ECG,2725,1826,0,0,0,0,0
29709,ECG,2726,1809,0,0,0,0,0
29709,ECG,2727,1799,0,0,0,0,0
29709,ECG,2728,1787,0,0,0,0,0
29709,ECG,2729,1774,0,0,0,0,0
29718,ECG,2730,1763,0,0,0,0,0
29718,ECG,2731,1751,0,0,0,0,0
29718,ECG,2732,1740,0,0,0,0,0
29718,ECG,2733,1728,0,0,0,0,0
29718,ECG,2734,1717,0,0,0,0,0
29728,ECG,2735,1705,0,0,0,0,0
29728,ECG,2736,1694,0,0,0,0,0
29728,ECG,2737,1683,0,0,0,0,0
29728,ECG,2738,1672,0,0,0,0,0
29728,ECG,2739,1661,0,0,0,0,0
29738,ECG,2740,1650,0,0,0,0,0
29738,ECG,2741,1639,0,0,0,0,0
29738,ECG,2742,1628,0,0,0,0,0
29738,ECG,2743,1617,0,0,0,0,0
29738,ECG,2744,1606,0,0,0,0,0
29748,ECG,2745,1595,0,0,0,0,0
29748,ECG,2746,1585,0,0,0,0,0
29748,ECG,2747,1576,0,0,0,0,0
29748,ECG,2748,1562,0,0,0,0,0
29748,ECG,2749,1555,0,0,0,0,0
29757,ECG,2750,1556,0,0,0,0,0
29757,ECG,2751,1538,0,0,0,0,0
29757,ECG,2752,1513,0,0,0,0,0
29757,ECG,2753,1492,0,0,0,0,0
29757,ECG,2754,1466,0,0,0,0,0
29767,ECG,2755,1444,0,0,0,0,0
29767,ECG,2756,1429,0,0,0,0,0
29767,ECG,2757,1423,0,0,0,0,0
29767,ECG,2758,1424,0,0,0,0,0
29767,ECG,2759,1431,0,0,0,0,0
29777,ECG,2760,1433,0,0,0,0,0
29777,ECG,2761,1437,0,0,0,0,0
29777,ECG,2762,1439,0,0,0,0,0
29777,ECG,2763,1421,0,0,0,0,0
29777,ECG,2764,1404,0,0,0,0,0
29787,ECG,2765,1398,0,0,0,0,0
29787,ECG,2766,1388,0,0,0,0,0
29787,ECG,2767,1378,0,0,0,0,0
29787,ECG,2768,1369,0,0,0,0,0
29787,ECG,2769,1360,0,0,0,0,0
29797,ECG,2770,1351,0,0,0,0,0
29797,ECG,2771,1342,0,0,0,0,0
29797,ECG,2772,1333,0,0,0,0,0
29797,ECG,2773,1324,0,0,0,0,0
29797,ECG,2774,1315,0,0,0,0,0
29806,ECG,2775,1306,0,0,0,0,0
29806,ECG,2776,1297,0,0,0,0,0
29806,ECG,2777,1288,0,0,0,0,0
29806,ECG,2778,1280,0,0,0,0,0
29806,ECG,2779,1271,0,0,0,0,0
29816,ECG,2780,1262,0,0,0,0,0
29816,ECG,2781,1254,0,0,0,0,0
29816,ECG,2782,1245,0,0,0,0,0
29816,ECG,2783,1237,0,0,0,0,0
29816,ECG,2784,1229,0,0,0,0,0
29826,ECG,2785,1220,0,0,0,0,0
29826,ECG,2786,1212,0,0,0,0,0
29826,ECG,2787,1204,0,0,0,0,0
29826,ECG,2788,1196,0,0,0,0,0
29826,ECG,2789,1188,0,0,0,0,0
30840,ECG,2790,0,0,0,0,0,0
30840,ECG,2791,-1,0,0,0,0,0
30840,ECG,2792,-6,0,0,0,0,0
30840,ECG,2793,2,0,0,0,0,0
30840,ECG,2794,6,0,0,0,0,0
30850,ECG,2795,-17,0,0,0,0,0
30850,ECG,2796,38,0,0,0,0,0
30850,ECG,2797,-16,0,0,0,0,0
30850,ECG,2798,-26,0,0,0,0,0
30850,ECG,2799,151,0,0,0,0,0
30859,ECG,2800,-753,0,0,0,0,0
30859,ECG,2801,-2109,0,0,0,0,0
30859,ECG,2802,-1850,0,0,0,0,0
30859,ECG,2803,-36,0,0,0,0,0
30859,ECG,2804,3394,0,0,0,0,0
30869,ECG,2805,8729,0,0,0,0,0
30869,ECG,2806,15156,0,0,0,0,0
30869,ECG,2807,21689,0,0,0,0,0
30869,ECG,2808,27397,0,0,0,0,0
30869,ECG,2809,31311,0,0,0,0,0
30879,ECG,2810,32011,0,0,0,0,0
30879,ECG,2811,31810,0,0,0,0,0
30879,ECG,2812,31610,0,0,0,0,0
30879,ECG,2813,31343,0,0,0,0,0
30879,ECG,2814,31109,0,0,0,0,0
30889,ECG,2815,31019,0,0,0,0,0
30889,ECG,2816,30731,0,0,0,0,0
30889,ECG,2817,30591,0,0,0,0,0
30889,ECG,2818,30395,0,0,0,0,0
30889,ECG,2819,30195,0,0,0,0,0
30899,ECG,2820,30019,0,0,0,0,0
30899,ECG,2821,29827,0,0,0,0,0
30899,ECG,2822,29638,0,0,0,0,0
30899,ECG,2823,29451,0,0,0,0,0
30899,ECG,2824,29266,0,0,0,0,0
30908,ECG,2825,29082,0,0,0,0,0
30908,ECG,2826,28900,0,0,0,0,0
30908,ECG,2827,28718,0,0,0,0,0
30908,ECG,2828,28537,0,0,0,0,0
30908,ECG,2829,28358,0,0,0,0,0
30918,ECG,2830,28180,0,0,0,0,0
30918,ECG,2831,28002,0,0,0,0,0
30918,ECG,2832,27826,0,0,0,0,0
30918,ECG,2833,27651,0,0,0,0,0
30918,ECG,2834,27478,0,0,0,0,0
30928,ECG,2835,27305,0,0,0,0,0
30928,ECG,2836,27133,0,0,0,0,0
30928,ECG,2837,26963,0,0,0,0,0
30928,ECG,2838,26793,0,0,0,0,0
30928,ECG,2839,26625,0,0,0,0,0
30938,ECG,2840,26457,0,0,0,0,0
30938,ECG,2841,26291,0,0,0,0,0
30938,ECG,2842,26126,0,0,0,0,0
30938,ECG,2843,25961,0,0,0,0,0
30938,ECG,2844,25798,0,0,0,0,0
30948,ECG,2845,25636,0,0,0,0,0
30948,ECG,2846,25475,0,0,0,0,0
30948,ECG,2847,25314,0,0,0,0,0
30948,ECG,2848,25155,0,0,0,0,0
30948,ECG,2849,24997,0,0,0,0,0
30957,ECG,2850,24840,0,0,0,0,0
30957,ECG,2851,24683,0,0,0,0,0
30957,ECG,2852,24528,0,0,0,0,0
30957,ECG,2853,24374,0,0,0,0,0
30957,ECG,2854,24221,0,0,0,0,0
30967,ECG,2855,24068,0,0,0,0,0
30967,ECG,2856,23917,0,0,0,0,0
30967,ECG,2857,23766,0,0,0,0,0
30967,ECG,2858,23617,0,0,0,0,0
30967,ECG,2859,23468,0,0,0,0,0
30977,ECG,2860,23321,0,0,0,0,0
30977,ECG,2861,23174,0,0,0,0,0
30977,ECG,2862,23028,0,0,0,0,0
30977,ECG,2863,22883,0,0,0,0,0
30977,ECG,2864,22739,0,0,0,0,0
30987,ECG,2865,22596,0,0,0,0,0
30987,ECG,2866,22454,0,0,0,0,0
30987,ECG,2867,22313,0,0,0,0,0
30987,ECG,2868,22172,0,0,0,0,0
30987,ECG,2869,22033,0,0,0,0,0
30996,ECG,2870,21894,0,0,0,0,0
30996,ECG,2871,21756,0,0,0,0,0
30996,ECG,2872,21619,0,0,0,0,0
30996,ECG,2873,21483,0,0,0,0,0
30996,ECG,2874,21348,0,0,0,0,0
31006,ECG,2875,21214,0,0,0,0,0
31006,ECG,2876,21080,0,0,0,0,0
31006,ECG,2877,20948,0,0,0,0,0
31006,ECG,2878,20816,0,0,0,0,0
31006,ECG,2879,20685,0,0,0,0,0
31016,ECG,2880,20555,0,0,0,0,0
31016,ECG,2881,20425,0,0,0,0,0
31016,ECG,2882,20297,0,0,0,0,0
31016,ECG,2883,20169,0,0,0,0,0
31016,ECG,2884,20042,0,0,0,0,0
31026,ECG,2885,19916,0,0,0,0,0
31026,ECG,2886,19790,0,0,0,0,0
31026,ECG,2887,19666,0,0,0,0,0
31026,ECG,2888,19542,0,0,0,0,0
31026,ECG,2889,19419,0,0,0,0,0
31036,ECG,2890,19297,0,0,0,0,0
31036,ECG,2891,19175,0,0,0,0,0
31036,ECG,2892,19055,0,0,0,0,0
31036,ECG,2893,18935,0,0,0,0,0
31036,ECG,2894,18815,0,0,0,0,0
31045,ECG,2895,18697,0,0,0,0,0
31045,ECG,2896,18579,0,0,0,0,0
31045,ECG,2897,18462,0,0,0,0,0
31045,ECG,2898,18346,0,0,0,0,0
31045,ECG,2899,18230,0,0,0,0,0
31055,ECG,2900,18116,0,0,0,0,0
31055,ECG,2901,18002,0,0,0,0,0
31055,ECG,2902,17888,0,0,0,0,0
31055,ECG,2903,17775,0,0,0,0,0
31055,ECG,2904,17663,0,0,0,0,0
31065,ECG,2905,17552,0,0,0,0,0
31065,ECG,2906,17442,0,0,0,0,0
31065,ECG,2907,17332,0,0,0,0,0
31065,ECG,2908,17222,0,0,0,0,0
31065,ECG,2909,17114,0,0,0,0,0
31075,ECG,2910,17006,0,0,0,0,0
31075,ECG,2911,16899,0,0,0,0,0
31075,ECG,2912,16792,0,0,0,0,0
31075,ECG,2913,16687,0,0,0,0,0
31075,ECG,2914,16581,0,0,0,0,0
31085,ECG,2915,16477,0,0,0,0,0
31085,ECG,2916,16373,0,0,0,0,0
31085,ECG,2917,16270,0,0,0,0,0
31085,ECG,2918,16167,0,0,0,0,0
31085,ECG,2919,16065,0,0,0,0,0
31094,ECG,2920,15964,0,0,0,0,0
31094,ECG,2921,15864,0,0,0,0,0
31094,ECG,2922,15764,0,0,0,0,0
31094,ECG,2923,15664,0,0,0,0,0
31094,ECG,2924,15566,0,0,0,0,0
31104,ECG,2925,15467,0,0,0,0,0
31104,ECG,2926,15370,0,0,0,0,0
31104,ECG,2927,15273,0,0,0,0,0
31104,ECG,2928,15177,0,0,0,0,0
31104,ECG,2929,15081,0,0,0,0,0
31114,ECG,2930,14986,0,0,0,0,0
31114,ECG,2931,14891,0,0,0,0,0
31114,ECG,2932,14797,0,0,0,0,0
31114,ECG,2933,14704,0,0,0,0,0
31114,ECG,2934,14611,0,0,0,0,0
31124,ECG,2935,14519,0,0,0,0,0
31124,ECG,2936,14428,0,0,0,0,0
31124,ECG,2937,14337,0,0,0,0,0
31124,ECG,2938,14246,0,0,0,0,0
31124,ECG,2939,14156,0,0,0,0,0
31134,ECG,2940,14067,0,0,0,0,0
31134,ECG,2941,13978,0,0,0,0,0
31134,ECG,2942,13890,0,0,0,0,0
31134,ECG,2943,13802,0,0,0,0,0
31134,ECG,2944,13715,0,0,0,0,0
31143,ECG,2945,13629,0,0,0,0,0
31143,ECG,2946,13543,0,0,0,0,0
31143,ECG,2947,13457,0,0,0,0,0
31143,ECG,2948,13372,0,0,0,0,0
31143,ECG,2949,13288,0,0,0,0,0
31153,ECG,2950,13204,0,0,0,0,0
31153,ECG,2951,13121,0,0,0,0,0
31153,ECG,2952,13038,0,0,0,0,0
31153,ECG,2953,12956,0,0,0,0,0
31153,ECG,2954,12874,0,0,0,0,0
31163,ECG,2955,12793,0,0,0,0,0
31163,ECG,2956,12712,0,0,0,0,0
31163,ECG,2957,12632,0,0,0,0,0
31163,ECG,2958,12552,0,0,0,0,0
31163,ECG,2959,12473,0,0,0,0,0
31173,ECG,2960,12394,0,0,0,0,0
31173,ECG,2961,12316,0,0,0,0,0
31173,ECG,2962,12238,0,0,0,0,0
31173,ECG,2963,12161,0,0,0,0,0
31173,ECG,2964,12084,0,0,0,0,0
31182,ECG,2965,12008,0,0,0,0,0
31182,ECG,2966,11932,0,0,0,0,0
31182,ECG,2967,11857,0,0,0,0,0
31182,ECG,2968,11782,0,0,0,0,0
31182,ECG,2969,11707,0,0,0,0,0
31192,ECG,2970,11633,0,0,0,0,0
31192,ECG,2971,11560,0,0,0,0,0
31192,ECG,2972,11487,0,0,0,0,0
31192,ECG,2973,11414,0,0,0,0,0
31192,ECG,2974,11342,0,0,0,0,0
31202,ECG,2975,11271,0,0,0,0,0
31202,ECG,2976,11199,0,0,0,0,0
31202,ECG,2977,11129,0,0,0,0,0
31202,ECG,2978,11058,0,0,0,0,0
31202,ECG,2979,10988,0,0,0,0,0
31212,ECG,2980,10919,0,0,0,0,0
31212,ECG,2981,10850,0,0,0,0,0
31212,ECG,2982,10781,0,0,0,0,0
31212,ECG,2983,10713,0,0,0,0,0
31212,ECG,2984,10645,0,0,0,0,0
31222,ECG,2985,10578,0,0,0,0,0
31222,ECG,2986,10511,0,0,0,0,0
31222,ECG,2987,10445,0,0,0,0,0
31222,ECG,2988,10379,0,0,0,0,0
31222,ECG,2989,10313,0,0,0,0,0
31231,ECG,2990,10248,0,0,0,0,0
31231,ECG,2991,10183,0,0,0,0,0
31231,ECG,2992,10118,0,0,0,0,0
31231,ECG,2993,10054,0,0,0,0,0
31231,ECG,2994,9991,0,0,0,0,0
31241,ECG,2995,9928,0,0,0,0,0
31241,ECG,2996,9865,0,0,0,0,0
31241,ECG,2997,9802,0,0,0,0,0
31241,ECG,2998,9740,0,0,0,0,0
31241,ECG,2999,9679,0,0,0,0,0
31251,ECG,3000,9617,0,0,0,0,0
31251,ECG,3001,9557,0,0,0,0,0
31251,ECG,3002,9496,0,0,0,0,0
31251,ECG,3003,9436,0,0,0,0,0
31251,ECG,3004,9376,0,0,0,0,0
31261,ECG,3005,9317,0,0,0,0,0
31261,ECG,3006,9258,0,0,0,0,0
31261,ECG,3007,9200,0,0,0,0,0
31261,ECG,3008,9141,0,0,0,0,0
31261,ECG,3009,9083,0,0,0,0,0
31270,ECG,3010,9026,0,0,0,0,0
31270,ECG,3011,8969,0,0,0,0,0
31270,ECG,3012,8912,0,0,0,0,0
31270,ECG,3013,8855,0,0,0,0,0
31270,ECG,3014,8799,0,0,0,0,0
31280,ECG,3015,8744,0,0,0,0,0
31280,ECG,3016,8688,0,0,0,0,0
31280,ECG,3017,8633,0,0,0,0,0
31280,ECG,3018,8578,0,0,0,0,0
31280,ECG,3019,8524,0,0,0,0,0
31290,ECG,3020,8470,0,0,0,0,0
31290,ECG,3021,8416,0,0,0,0,0
31290,ECG,3022,8363,0,0,0,0,0
31290,ECG,3023,8310,0,0,0,0,0
31290,ECG,3024,8257,0,0,0,0,0
31300,ECG,3025,8205,0,0,0,0,0
31300,ECG,3026,8153,0,0,0,0,0
31300,ECG,3027,8101,0,0,0,0,0
31300,ECG,3028,8050,0,0,0,0,0
31300,ECG,3029,7999,0,0,0,0,0
31310,ECG,3030,7948,0,0,0,0,0
31310,ECG,3031,7898,0,0,0,0,0
31310,ECG,3032,7848,0,0,0,0,0
31310,ECG,3033,7798,0,0,0,0,0
31310,ECG,3034,7749,0,0,0,0,0
31319,ECG,3035,7699,0,0,0,0,0
31319,ECG,3036,7651,0,0,0,0,0
31319,ECG,3037,7602,0,0,0,0,0
31319,ECG,3038,7554,0,0,0,0,0
31319,ECG,3039,7506,0,0,0,0,0
31329,ECG,3040,7458,0,0,0,0,0
31329,ECG,3041,7411,0,0,0,0,0
31329,ECG,3042,7364,0,0,0,0,0
31329,ECG,3043,7317,0,0,0,0,0
31329,ECG,3044,7271,0,0,0,0,0
31339,ECG,3045,7224,0,0,0,0,0
31339,ECG,3046,7178,0,0,0,0,0
31339,ECG,3047,7133,0,0,0,0,0
31339,ECG,3048,7088,0,0,0,0,0
31339,ECG,3049,7043,0,0,0,0,0
31349,ECG,3050,6998,0,0,0,0,0
31349,ECG,3051,6953,0,0,0,0,0
31349,ECG,3052,6909,0,0,0,0,0
31349,ECG,3053,6865,0,0,0,0,0
31349,ECG,3054,6821,0,0,0,0,0
31359,ECG,3055,6778,0,0,0,0,0
31359,ECG,3056,6735,0,0,0,0,0
31359,ECG,3057,6692,0,0,0,0,0
31359,ECG,3058,6650,0,0,0,0,0
31359,ECG,3059,6608,0,0,0,0,0
31368,ECG,3060,6566,0,0,0,0,0
31368,ECG,3061,6524,0,0,0,0,0
31368,ECG,3062,6482,0,0,0,0,0
31368,ECG,3063,6441,0,0,0,0,0
31368,ECG,3064,6400,0,0,0,0,0
31378,ECG,3065,6359,0,0,0,0,0
31378,ECG,3066,6319,0,0,0,0,0
31378,ECG,3067,6279,0,0,0,0,0
31378,ECG,3068,6239,0,0,0,0,0
31378,ECG,3069,6199,0,0,0,0,0
31388,ECG,3070,6159,0,0,0,0,0
31388,ECG,3071,6120,0,0,0,0,0
27097,PPG,100,130066,60071,0,0,0,0
27177,PPG,101,130049,60073,0,0,0,0
27260,PPG,102,130059,60082,0,0,0,0
27340,PPG,103,130054,60064,0,0,0,0
27416,PPG,104,130053,60073,0,0,0,0
27495,PPG,105,130057,60083,0,0,0,0
27577,PPG,106,130053,60070,0,0,0,0
27655,PPG,107,130051,60080,0,0,0,0
27738,PPG,108,130057,60074,0,0,0,0
27816,PPG,109,130047,60074,0,0,0,0
27895,PPG,110,130060,60069,0,0,0,0
27971,PPG,111,130051,60092,0,0,0,0
28050,PPG,112,130065,60078,0,0,0,0
28130,PPG,113,130062,60070,0,0,0,0
28210,PPG,114,130066,60070,0,0,0,0
28293,PPG,115,130049,60073,0,0,0,0
28371,PPG,116,130050,60083,0,0,0,0
28452,PPG,117,130047,60077,0,0,0,0
28528,PPG,118,130057,60081,0,0,0,0
28607,PPG,119,130051,60064,0,0,0,0
28687,PPG,120,130070,60075,0,0,0,0
28766,PPG,121,130059,60079,0,0,0,0
28850,PPG,122,130053,60084,0,0,0,0
28927,PPG,123,130052,60076,0,0,0,0
29005,PPG,124,130065,60075,0,0,0,0
29084,PPG,125,130069,60078,0,0,0,0
29163,PPG,126,130052,60066,0,0,0,0
29243,PPG,127,130051,60072,0,0,0,0
29329,PPG,128,130060,60071,0,0,0,0
29404,PPG,129,130050,60073,0,0,0,0
29481,PPG,130,130045,60074,0,0,0,0
29560,PPG,131,130060,60084,0,0,0,0
29640,PPG,132,130064,60077,0,0,0,0
29719,PPG,133,130058,60081,0,0,0,0
29799,PPG,134,130067,60070,0,0,0,0
29882,PPG,135,130063,60072,0,0,0,0
29959,PPG,136,130054,60078,0,0,0,0
30037,PPG,137,130069,60076,0,0,0,0
30117,PPG,138,130056,60081,0,0,0,0
30199,PPG,139,130055,60070,0,0,0,0
30276,PPG,140,130049,60071,0,0,0,0
30355,PPG,141,130051,60075,0,0,0,0
30438,PPG,142,130057,60069,0,0,0,0
30515,PPG,143,130063,60078,0,0,0,0
30594,PPG,144,130057,60075,0,0,0,0
30674,PPG,145,130057,60076,0,0,0,0
30753,PPG,146,130056,60068,0,0,0,0
30833,PPG,147,130054,60071,0,0,0,0
30916,PPG,148,130050,60076,0,0,0,0
30993,PPG,149,130074,60072,0,0,0,0
31076,PPG,150,130065,60079,0,0,0,0
31150,PPG,151,130072,60083,0,0,0,0
31230,PPG,152,130070,60100,0,0,0,0
31311,PPG,153,130055,60081,0,0,0,0
31395,PPG,154,130069,60068,0,0,0,0
31473,PPG,155,130055,60078,0,0,0,0
31550,PPG,156,130064,60072,0,0,0,0
31629,PPG,157,130066,60083,0,0,0,0
31708,PPG,158,130072,60081,0,0,0,0
31788,PPG,159,130061,60077,0,0,0,0
31865,PPG,160,130058,60078,0,0,0,0
31952,PPG,161,130051,60071,0,0,0,0
32026,PPG,162,130062,60067,0,0,0,0
32103,PPG,163,130064,60072,0,0,0,0
32183,PPG,164,130067,60079,0,0,0,0
32263,PPG,165,130062,60073,0,0,0,0
32342,PPG,166,130063,60076,0,0,0,0
32422,PPG,167,130070,60080,0,0,0,0
32505,PPG,168,130062,60071,0,0,0,0
32582,PPG,169,130063,60070,0,0,0,0
32660,PPG,170,130049,60074,0,0,0,0
32740,PPG,171,130052,60079,0,0,0,0
32830,PPG,172,130049,60070,0,0,0,0
32899,PPG,173,130059,60067,0,0,0,0
32982,PPG,174,130054,60065,0,0,0,0
33060,PPG,175,130059,60072,0,0,0,0
33137,PPG,176,130055,60065,0,0,0,0
33217,PPG,177,130061,60077,0,0,0,0
33296,PPG,178,130055,60074,0,0,0,0
33375,PPG,179,130064,60071,0,0,0,0
33455,PPG,180,130061,60083,0,0,0,0
33538,PPG,181,130065,60080,0,0,0,0
33615,PPG,182,130064,60079,0,0,0,0
33698,PPG,183,130055,60080,0,0,0,0
33772,PPG,184,130066,60089,0,0,0,0
33851,PPG,185,130061,60084,0,0,0,0
33931,PPG,186,130063,60083,0,0,0,0
34010,PPG,187,130064,60084,0,0,0,0
34093,PPG,188,130055,60070,0,0,0,0
34169,PPG,189,130058,60077,0,0,0,0
34249,PPG,190,130057,60086,0,0,0,0
34328,PPG,191,130059,60081,0,0,0,0
34408,PPG,192,130061,60090,0,0,0,0
34488,PPG,193,130059,60086,0,0,0,0
34580,PPG,194,130059,60077,0,0,0,0
34648,PPG,195,130059,60076,0,0,0,0
34726,PPG,196,130065,60079,0,0,0,0
34806,PPG,197,130048,60072,0,0,0,0
34885,PPG,198,130059,60081,0,0,0,0
34965,PPG,199,130063,60077,0,0,0,0
31298,IMU,624,1028,-344,8424,-95,62,41
31316,IMU,625,1084,-392,8376,-107,82,42
31335,IMU,626,1040,-376,8364,-84,57,40
31354,IMU,627,1024,-400,8404,-105,53,44
31374,IMU,628,1104,-440,8400,-79,56,35
31394,IMU,629,1132,-408,8452,-95,39,35
31412,IMU,630,1136,-464,8448,-104,71,38
31431,IMU,631,1168,-480,8372,-114,53,45
31450,IMU,632,1132,-436,8448,-105,61,29
31469,IMU,633,1200,-344,8448,-95,67,27
31489,IMU,634,1192,-428,8428,-89,71,39
31510,IMU,635,1084,-416,8440,-99,54,49
31527,IMU,636,1076,-340,8404,-85,55,37
31546,IMU,637,1176,-440,8412,-111,56,36
31565,IMU,638,1124,-384,8424,-87,70,39
31584,IMU,639,1080,-392,8376,-78,59,33
31603,IMU,640,1076,-340,8304,-85,52,49
31622,IMU,641,1120,-452,8328,-77,55,37
31641,IMU,642,1124,-452,8360,-87,55,48
31660,IMU,643,1080,-356,8368,-85,54,36
31680,IMU,644,1184,-368,8352,-107,62,41
31699,IMU,645,1128,-328,8400,-98,68,53
31721,IMU,646,1128,-428,8408,-113,63,50
31737,IMU,647,1052,-360,8460,-106,62,36
31756,IMU,648,1168,-416,8336,-83,58,47
31775,IMU,649,1048,-500,8424,-87,51,39
31794,IMU,650,1052,-368,8368,-89,71,52
31813,IMU,651,1072,-392,8324,-118,60,52
31832,IMU,652,1076,-352,8548,-90,62,48
31852,IMU,653,1108,-388,8396,-97,74,50
31871,IMU,654,1048,-460,8424,-92,42,46
31890,IMU,655,1116,-340,8384,-93,65,47
31909,IMU,656,1168,-396,8424,-98,81,42
31928,IMU,657,1088,-476,8336,-90,50,39
31949,IMU,658,1072,-364,8404,-86,56,49
31966,IMU,659,1080,-352,8540,-110,58,43
31986,IMU,660,1072,-464,8460,-83,59,43
32005,IMU,661,1164,-444,8432,-94,66,59
32024,IMU,662,1088,-488,8356,-85,57,32
32043,IMU,663,1060,-544,8416,-107,63,28
32062,IMU,664,1180,-484,8432,-98,45,33
32081,IMU,665,1072,-444,8404,-92,68,40
32101,IMU,666,1152,-396,8464,-86,78,51
32120,IMU,667,1104,-496,8468,-91,57,32
32139,IMU,668,1052,-448,8336,-90,65,37
32161,IMU,669,1112,-388,8352,-89,41,37
32177,IMU,670,1092,-416,8392,-101,65,37
32196,IMU,671,1084,-304,8412,-99,65,43
32216,IMU,672,1032,-424,8416,-89,74,36
32235,IMU,673,1136,-356,8464,-95,48,42
32254,IMU,674,1200,-420,8444,-97,67,36
32273,IMU,675,1144,-400,8432,-106,56,42
32292,IMU,676,1116,-364,8520,-81,69,27
32311,IMU,677,1128,-412,8416,-105,54,32
32330,IMU,678,1100,-428,8436,-93,70,45
32350,IMU,679,1004,-380,8452,-98,54,38
32371,IMU,680,1100,-340,8368,-98,63,31
32389,IMU,681,1008,-432,8388,-85,62,44
32407,IMU,682,1132,-404,8376,-107,62,59
32426,IMU,683,1068,-412,8528,-101,70,40
32445,IMU,684,924,-448,8432,-108,62,48
32465,IMU,685,1224,-384,8476,-105,64,31
32484,IMU,686,1100,-368,8352,-94,44,41
32505,IMU,687,1148,-388,8448,-93,63,41
32522,IMU,688,1156,-376,8344,-106,48,46
32541,IMU,689,1144,-332,8468,-102,54,35
32560,IMU,690,1128,-536,8372,-93,49,45
32580,IMU,691,1084,-432,8416,-99,68,50
32601,IMU,692,1100,-304,8380,-96,57,44
32618,IMU,693,1088,-364,8540,-86,48,27
32637,IMU,694,1176,-348,8496,-90,55,29
32656,IMU,695,1204,-460,8428,-82,65,37
32675,IMU,696,1096,-320,8416,-80,53,29
32694,IMU,697,1132,-500,8400,-107,58,55
32714,IMU,698,1016,-372,8480,-84,61,52
32733,IMU,699,1132,-480,8444,-98,70,44
32752,IMU,700,992,-456,8408,-85,69,38
32771,IMU,701,1088,-380,8380,-86,53,47
32790,IMU,702,1064,-372,8372,-93,55,35
32813,IMU,703,1088,-440,8400,-98,63,23
32830,IMU,704,1120,-416,8408,-80,55,52
32848,IMU,705,1044,-364,8376,-102,63,42
32867,IMU,706,1032,-416,8440,-106,49,45
32886,IMU,707,1164,-268,8468,-103,66,31
32905,IMU,708,1148,-424,8504,-77,69,36
32924,IMU,709,1096,-428,8416,-70,44,50
32943,IMU,710,1244,-348,8404,-113,57,48
32963,IMU,711,1072,-504,8468,-95,60,31
32982,IMU,712,1036,-420,8456,-75,68,41
33001,IMU,713,1052,-420,8380,-90,53,63
33020,IMU,714,1036,-420,8508,-75,50,33
33042,IMU,715,996,-528,8344,-101,71,49
33058,IMU,716,1128,-532,8428,-111,53,37
33077,IMU,717,1064,-388,8368,-92,59,34
33096,IMU,718,932,-504,8436,-103,52,35
33116,IMU,719,924,-476,8448,-103,45,43
33135,IMU,720,1088,-440,8456,-108,59,55
33154,IMU,721,1040,-432,8368,-87,66,39
33173,IMU,722,1052,-444,8480,-84,41,55
33192,IMU,723,1180,-352,8408,-104,53,46
33211,IMU,724,1052,-412,8416,-98,68,65
33231,IMU,725,1040,-400,8452,-93,60,35
33251,IMU,726,1036,-376,8384,-90,68,30
33269,IMU,727,1264,-492,8460,-84,64,46
33288,IMU,728,1124,-336,8368,-105,39,42
33307,IMU,729,1076,-424,8424,-102,42,37
33326,IMU,730,1056,-444,8452,-92,59,55
33345,IMU,731,1052,-420,8380,-108,65,36
33364,IMU,732,1036,-284,8400,-91,53,47
33383,IMU,733,1096,-444,8460,-106,52,48
33402,IMU,734,1068,-408,8388,-87,66,53
33421,IMU,735,1140,-416,8428,-98,46,47
33441,IMU,736,1016,-408,8384,-102,74,44
33461,IMU,737,1008,-448,8404,-95,64,36
33481,IMU,738,1136,-272,8484,-122,72,45
33498,IMU,739,1132,-360,8348,-99,84,32
33517,IMU,740,1092,-388,8440,-91,54,37
33538,IMU,741,1140,-444,8420,-82,43,38
33555,IMU,742,1112,-364,8416,-100,42,36
33575,IMU,743,1164,-460,8312,-105,62,46
33594,IMU,744,1140,-432,8472,-96,47,55
33613,IMU,745,1044,-392,8444,-82,51,53
33632,IMU,746,1012,-504,8348,-104,51,43
33651,IMU,747,1064,-424,8456,-106,63,46
33670,IMU,748,1068,-408,8360,-104,66,41
33691,IMU,749,1044,-392,8404,-105,51,37
33708,IMU,750,1160,-348,8336,-97,49,35
33727,IMU,751,1076,-412,8396,-89,59,55
33746,IMU,752,1092,-456,8412,-107,50,29
33766,IMU,753,1136,-384,8416,-105,45,57
33785,IMU,754,1128,-408,8424,-90,35,38
33804,IMU,755,1008,-468,8384,-88,53,41
33823,IMU,756,1156,-388,8432,-105,56,40
33842,IMU,757,1096,-484,8392,-100,59,37
33861,IMU,758,1056,-420,8404,-99,67,52
33880,IMU,759,1032,-416,8384,-99,39,43
33903,IMU,760,1180,-448,8496,-102,65,41
33920,IMU,761,1060,-364,8316,-88,61,53
33937,IMU,762,1020,-408,8436,-94,69,33
33957,IMU,763,1124,-528,8388,-93,63,42
33976,IMU,764,1064,-432,8412,-99,68,46
33995,IMU,765,1096,-376,8404,-108,77,31
34014,IMU,766,1136,-372,8356,-89,52,30
34033,IMU,767,1088,-428,8340,-87,55,29
34052,IMU,768,1176,-412,8444,-117,47,46
34072,IMU,769,1188,-364,8380,-98,58,41
34091,IMU,770,1092,-388,8432,-94,55,42
34110,IMU,771,1124,-376,8480,-83,59,48
34130,IMU,772,1132,-416,8388,-100,40,45
34151,IMU,773,1156,-464,8424,-98,51,31
34167,IMU,774,1092,-388,8400,-83,47,48
34186,IMU,775,932,-480,8476,-91,47,37
34206,IMU,776,1144,-348,8424,-100,63,32
34225,IMU,777,1076,-436,8320,-85,72,47
34244,IMU,778,1140,-444,8512,-111,59,46
34263,IMU,779,1136,-456,8456,-90,63,28
34282,IMU,780,1108,-344,8336,-90,71,26
34301,IMU,781,1176,-404,8456,-89,63,41
34321,IMU,782,1172,-284,8512,-92,61,35
34342,IMU,783,1040,-440,8400,-93,74,39
34362,IMU,784,1124,-412,8472,-104,47,45
34379,IMU,785,1188,-396,8420,-92,62,38
34397,IMU,786,1064,-408,8368,-94,43,29
34416,IMU,787,932,-452,8400,-100,60,39
34436,IMU,788,1092,-472,8340,-101,72,52
34455,IMU,789,1072,-344,8412,-92,59,37
34474,IMU,790,1088,-364,8360,-91,67,46
34493,IMU,791,1124,-408,8448,-95,67,33
34512,IMU,792,1072,-476,8356,-84,59,44
34531,IMU,793,1020,-380,8464,-104,66,28
34550,IMU,794,1048,-360,8428,-97,49,31
34573,IMU,795,1024,-352,8436,-98,60,36
34589,IMU,796,1084,-376,8480,-88,57,32
34608,IMU,797,1072,-432,8376,-104,63,37
34627,IMU,798,1132,-516,8448,-116,61,43
34646,IMU,799,1148,-428,8424,-96,52,34
34665,IMU,800,1080,-332,8320,-93,61,22
34685,IMU,801,1052,-420,8492,-89,70,50
34704,IMU,802,1072,-472,8328,-92,60,38
34723,IMU,803,1092,-308,8408,-77,64,50
34742,IMU,804,1052,-396,8432,-86,69,35
34761,IMU,805,1120,-472,8360,-88,44,56
34782,IMU,806,1220,-480,8500,-99,59,48
34800,IMU,807,1040,-400,8380,-87,56,22
34819,IMU,808,1036,-352,8420,-104,45,54
34838,IMU,809,1000,-360,8400,-101,54,54
34857,IMU,810,1092,-448,8396,-111,67,29
34876,IMU,811,1064,-456,8448,-106,68,35
34895,IMU,812,1084,-408,8416,-80,65,54
34914,IMU,813,1136,-388,8420,-82,45,34
34934,IMU,814,1044,-472,8436,-98,54,37
34953,IMU,815,1112,-384,8368,-80,52,30
34972,IMU,816,1080,-492,8468,-109,54,41
34995,IMU,817,1076,-464,8380,-95,64,35
35012,IMU,818,1160,-372,8340,-87,44,26
35029,IMU,819,980,-344,8380,-89,56,46
35051,IMU,820,1024,-432,8432,-102,55,54
35068,IMU,821,1164,-432,8480,-115,68,30
35087,IMU,822,1060,-368,8408,-94,57,47
35106,IMU,823,1136,-536,8392,-91,44,35
35125,IMU,824,1048,-380,8436,-103,46,50
35144,IMU,825,1036,-456,8436,-100,62,57
35163,IMU,826,1136,-416,8440,-77,71,22
35182,IMU,827,1064,-444,8372,-92,53,39
35201,IMU,828,1168,-348,8416,-82,64,42
35222,IMU,829,968,-400,8476,-108,50,39
35240,IMU,830,1112,-460,8444,-107,50,45
35259,IMU,831,1164,-484,8516,-95,60,38
31388,ECG,3072,6081,0,0,0,0,0
31388,ECG,3073,6042,0,0,0,0,0
31388,ECG,3074,6004,0,0,0,0,0
31398,ECG,3075,5966,0,0,0,0,0
31398,ECG,3076,5928,0,0,0,0,0
31398,ECG,3077,5890,0,0,0,0,0
31398,ECG,3078,5852,0,0,0,0,0
31398,ECG,3079,5815,0,0,0,0,0
31408,ECG,3080,5778,0,0,0,0,0
31408,ECG,3081,5741,0,0,0,0,0
31408,ECG,3082,5705,0,0,0,0,0
31408,ECG,3083,5669,0,0,0,0,0
31408,ECG,3084,5632,0,0,0,0,0
31417,ECG,3085,5596,0,0,0,0,0
31417,ECG,3086,5561,0,0,0,0,0
31417,ECG,3087,5525,0,0,0,0,0
31417,ECG,3088,5490,0,0,0,0,0
31417,ECG,3089,5455,0,0,0,0,0
31427,ECG,3090,5420,0,0,0,0,0
31427,ECG,3091,5386,0,0,0,0,0
31427,ECG,3092,5351,0,0,0,0,0
31427,ECG,3093,5317,0,0,0,0,0
31427,ECG,3094,5283,0,0,0,0,0
31437,ECG,3095,5249,0,0,0,0,0
31437,ECG,3096,5216,0,0,0,0,0
31437,ECG,3097,5183,0,0,0,0,0
31437,ECG,3098,5150,0,0,0,0,0
31437,ECG,3099,5117,0,0,0,0,0
31447,ECG,3100,5084,0,0,0,0,0
31447,ECG,3101,5051,0,0,0,0,0
31447,ECG,3102,5019,0,0,0,0,0
31447,ECG,3103,4987,0,0,0,0,0
31447,ECG,3104,4955,0,0,0,0,0
31456,ECG,3105,4924,0,0,0,0,0
31456,ECG,3106,4892,0,0,0,0,0
31456,ECG,3107,4861,0,0,0,0,0
31456,ECG,3108,4830,0,0,0,0,0
31456,ECG,3109,4799,0,0,0,0,0
31466,ECG,3110,4768,0,0,0,0,0
31466,ECG,3111,4738,0,0,0,0,0
31466,ECG,3112,4707,0,0,0,0,0
31466,ECG,3113,4677,0,0,0,0,0
31466,ECG,3114,4647,0,0,0,0,0
31476,ECG,3115,4618,0,0,0,0,0
31476,ECG,3116,4588,0,0,0,0,0
31476,ECG,3117,4559,0,0,0,0,0
31476,ECG,3118,4530,0,0,0,0,0
31476,ECG,3119,4501,0,0,0,0,0
31486,ECG,3120,4472,0,0,0,0,0
31486,ECG,3121,4443,0,0,0,0,0
31486,ECG,3122,4415,0,0,0,0,0
31486,ECG,3123,4386,0,0,0,0,0
31486,ECG,3124,4358,0,0,0,0,0
31496,ECG,3125,4330,0,0,0,0,0
31496,ECG,3126,4303,0,0,0,0,0
31496,ECG,3127,4275,0,0,0,0,0
31496,ECG,3128,4248,0,0,0,0,0
31496,ECG,3129,4220,0,0,0,0,0
31505,ECG,3130,4193,0,0,0,0,0
31505,ECG,3131,4166,0,0,0,0,0
31505,ECG,3132,4140,0,0,0,0,0
31505,ECG,3133,4113,0,0,0,0,0
31505,ECG,3134,4087,0,0,0,0,0
31515,ECG,3135,4060,0,0,0,0,0
31515,ECG,3136,4034,0,0,0,0,0
31515,ECG,3137,4008,0,0,0,0,0
31515,ECG,3138,3983,0,0,0,0,0
31515,ECG,3139,3957,0,0,0,0,0
31525,ECG,3140,3932,0,0,0,0,0
31525,ECG,3141,3906,0,0,0,0,0
31525,ECG,3142,3881,0,0,0,0,0
31525,ECG,3143,3856,0,0,0,0,0
31525,ECG,3144,3832,0,0,0,0,0
31535,ECG,3145,3807,0,0,0,0,0
31535,ECG,3146,3782,0,0,0,0,0
31535,ECG,3147,3758,0,0,0,0,0
31535,ECG,3148,3734,0,0,0,0,0
31535,ECG,3149,3710,0,0,0,0,0
31545,ECG,3150,3686,0,0,0,0,0
31545,ECG,3151,3662,0,0,0,0,0
31545,ECG,3152,3639,0,0,0,0,0
31545,ECG,3153,3615,0,0,0,0,0
31545,ECG,3154,3592,0,0,0,0,0
31554,ECG,3155,3569,0,0,0,0,0
31554,ECG,3156,3546,0,0,0,0,0
31554,ECG,3157,3523,0,0,0,0,0
31554,ECG,3158,3500,0,0,0,0,0
31554,ECG,3159,3478,0,0,0,0,0
31564,ECG,3160,3455,0,0,0,0,0
31564,ECG,3161,3433,0,0,0,0,0
31564,ECG,3162,3411,0,0,0,0,0
31564,ECG,3163,3389,0,0,0,0,0
31564,ECG,3164,3367,0,0,0,0,0
31574,ECG,3165,3345,0,0,0,0,0
31574,ECG,3166,3324,0,0,0,0,0
31574,ECG,3167,3302,0,0,0,0,0
31574,ECG,3168,3281,0,0,0,0,0
31574,ECG,3169,3260,0,0,0,0,0
31584,ECG,3170,3239,0,0,0,0,0
31584,ECG,3171,3218,0,0,0,0,0
31584,ECG,3172,3197,0,0,0,0,0
31584,ECG,3173,3176,0,0,0,0,0
31584,ECG,3174,3156,0,0,0,0,0
31593,ECG,3175,3135,0,0,0,0,0
31593,ECG,3176,3115,0,0,0,0,0
31593,ECG,3177,3095,0,0,0,0,0
31593,ECG,3178,3075,0,0,0,0,0
31593,ECG,3179,3055,0,0,0,0,0
31603,ECG,3180,3035,0,0,0,0,0
31603,ECG,3181,3015,0,0,0,0,0
31603,ECG,3182,2996,0,0,0,0,0
31603,ECG,3183,2976,0,0,0,0,0
31603,ECG,3184,2957,0,0,0,0,0
31613,ECG,3185,2938,0,0,0,0,0
31613,ECG,3186,2919,0,0,0,0,0
31613,ECG,3187,2900,0,0,0,0,0
31613,ECG,3188,2881,0,0,0,0,0
31613,ECG,3189,2862,0,0,0,0,0
31623,ECG,3190,2844,0,0,0,0,0
31623,ECG,3191,2825,0,0,0,0,0
31623,ECG,3192,2807,0,0,0,0,0
31623,ECG,3193,2789,0,0,0,0,0
31623,ECG,3194,2771,0,0,0,0,0
31633,ECG,3195,2753,0,0,0,0,0
31633,ECG,3196,2735,0,0,0,0,0
31633,ECG,3197,2717,0,0,0,0,0
31633,ECG,3198,2700,0,0,0,0,0
31633,ECG,3199,2682,0,0,0,0,0
31642,ECG,3200,2665,0,0,0,0,0
31642,ECG,3201,2647,0,0,0,0,0
31642,ECG,3202,2630,0,0,0,0,0
31642,ECG,3203,2613,0,0,0,0,0
31642,ECG,3204,2596,0,0,0,0,0
31652,ECG,3205,2579,0,0,0,0,0
31652,ECG,3206,2562,0,0,0,0,0
31652,ECG,3207,2546,0,0,0,0,0
31652,ECG,3208,2529,0,0,0,0,0
31652,ECG,3209,2513,0,0,0,0,0
31662,ECG,3210,2496,0,0,0,0,0
31662,ECG,3211,2480,0,0,0,0,0
31662,ECG,3212,2464,0,0,0,0,0
31662,ECG,3213,2448,0,0,0,0,0
31662,ECG,3214,2432,0,0,0,0,0
31672,ECG,3215,2416,0,0,0,0,0
31672,ECG,3216,2400,0,0,0,0,0
31672,ECG,3217,2385,0,0,0,0,0
31672,ECG,3218,2369,0,0,0,0,0
31672,ECG,3219,2354,0,0,0,0,0
31682,ECG,3220,2338,0,0,0,0,0
31682,ECG,3221,2323,0,0,0,0,0
31682,ECG,3222,2308,0,0,0,0,0
31682,ECG,3223,2293,0,0,0,0,0
31682,ECG,3224,2278,0,0,0,0,0
31691,ECG,3225,2263,0,0,0,0,0
31691,ECG,3226,2248,0,0,0,0,0
31691,ECG,3227,2233,0,0,0,0,0
31691,ECG,3228,2219,0,0,0,0,0
31691,ECG,3229,2204,0,0,0,0,0
31701,ECG,3230,2190,0,0,0,0,0
31701,ECG,3231,2176,0,0,0,0,0
31701,ECG,3232,2161,0,0,0,0,0
31701,ECG,3233,2147,0,0,0,0,0
31701,ECG,3234,2133,0,0,0,0,0
31711,ECG,3235,2119,0,0,0,0,0
31711,ECG,3236,2105,0,0,0,0,0
31711,ECG,3237,2091,0,0,0,0,0
31711,ECG,3238,2078,0,0,0,0,0
31711,ECG,3239,2064,0,0,0,0,0
31721,ECG,3240,2050,0,0,0,0,0
31721,ECG,3241,2037,0,0,0,0,0
31721,ECG,3242,2023,0,0,0,0,0
31721,ECG,3243,2010,0,0,0,0,0
31721,ECG,3244,1997,0,0,0,0,0
31730,ECG,3245,1984,0,0,0,0,0
31730,ECG,3246,1971,0,0,0,0,0
31730,ECG,3247,1958,0,0,0,0,0
31730,ECG,3248,1945,0,0,0,0,0
31730,ECG,3249,1932,0,0,0,0,0
31740,ECG,3250,1919,0,0,0,0,0
31740,ECG,3251,1906,0,0,0,0,0
31740,ECG,3252,1894,0,0,0,0,0
31740,ECG,3253,1881,0,0,0,0,0
31740,ECG,3254,1869,0,0,0,0,0
31750,ECG,3255,1857,0,0,0,0,0
31750,ECG,3256,1844,0,0,0,0,0
31750,ECG,3257,1832,0,0,0,0,0
31750,ECG,3258,1820,0,0,0,0,0
31750,ECG,3259,1808,0,0,0,0,0
31760,ECG,3260,1796,0,0,0,0,0
31760,ECG,3261,1784,0,0,0,0,0
31760,ECG,3262,1772,0,0,0,0,0
31760,ECG,3263,1761,0,0,0,0,0
31760,ECG,3264,1749,0,0,0,0,0
31770,ECG,3265,1737,0,0,0,0,0
31770,ECG,3266,1726,0,0,0,0,0
31770,ECG,3267,1714,0,0,0,0,0
31770,ECG,3268,1703,0,0,0,0,0
31770,ECG,3269,1692,0,0,0,0,0
31779,ECG,3270,1681,0,0,0,0,0
31779,ECG,3271,1669,0,0,0,0,0
31779,ECG,3272,1658,0,0,0,0,0
31779,ECG,3273,1647,0,0,0,0,0
31779,ECG,3274,1636,0,0,0,0,0
31789,ECG,3275,1625,0,0,0,0,0
31789,ECG,3276,1615,0,0,0,0,0
31789,ECG,3277,1604,0,0,0,0,0
31789,ECG,3278,1593,0,0,0,0,0
31789,ECG,3279,1583,0,0,0,0,0
31799,ECG,3280,1572,0,0,0,0,0
31799,ECG,3281,1562,0,0,0,0,0
31799,ECG,3282,1551,0,0,0,0,0
31799,ECG,3283,1541,0,0,0,0,0
31799,ECG,3284,1531,0,0,0,0,0
31809,ECG,3285,1520,0,0,0,0,0
31809,ECG,3286,1510,0,0,0,0,0
31809,ECG,3287,1500,0,0,0,0,0
31809,ECG,3288,1490,0,0,0,0,0
31809,ECG,3289,1480,0,0,0,0,0
31819,ECG,3290,1470,0,0,0,0,0
31819,ECG,3291,1460,0,0,0,0,0
31819,ECG,3292,1451,0,0,0,0,0
31819,ECG,3293,1441,0,0,0,0,0
31819,ECG,3294,1431,0,0,0,0,0
31828,ECG,3295,1422,0,0,0,0,0
31828,ECG,3296,1412,0,0,0,0,0
31828,ECG,3297,1403,0,0,0,0,0
31828,ECG,3298,1393,0,0,0,0,0
31828,ECG,3299,1384,0,0,0,0,0
31838,ECG,3300,1375,0,0,0,0,0
31838,ECG,3301,1365,0,0,0,0,0
31838,ECG,3302,1356,0,0,0,0,0
31838,ECG,3303,1347,0,0,0,0,0
31838,ECG,3304,1338,0,0,0,0,0
31848,ECG,3305,1329,0,0,0,0,0
31848,ECG,3306,1320,0,0,0,0,0
31848,ECG,3307,1311,0,0,0,0,0
31848,ECG,3308,1302,0,0,0,0,0
31848,ECG,3309,1294,0,0,0,0,0
31858,ECG,3310,1285,0,0,0,0,0
31858,ECG,3311,1276,0,0,0,0,0
31858,ECG,3312,1268,0,0,0,0,0
31858,ECG,3313,1259,0,0,0,0,0
31858,ECG,3314,1251,0,0,0,0,0
31867,ECG,3315,1242,0,0,0,0,0
31867,ECG,3316,1234,0,0,0,0,0
31867,ECG,3317,1225,0,0,0,0,0
31867,ECG,3318,1217,0,0,0,0,0
31867,ECG,3319,1209,0,0,0,0,0
31877,ECG,3320,1201,0,0,0,0,0
31877,ECG,3321,1192,0,0,0,0,0
31877,ECG,3322,1184,0,0,0,0,0
31877,ECG,3323,1176,0,0,0,0,0
31877,ECG,3324,1168,0,0,0,0,0
31887,ECG,3325,1160,0,0,0,0,0
31887,ECG,3326,1152,0,0,0,0,0
31887,ECG,3327,1145,0,0,0,0,0
31887,ECG,3328,1137,0,0,0,0,0
31887,ECG,3329,1129,0,0,0,0,0
31897,ECG,3330,1121,0,0,0,0,0
31897,ECG,3331,1114,0,0,0,0,0
31897,ECG,3332,1106,0,0,0,0,0
31897,ECG,3333,1099,0,0,0,0,0
31897,ECG,3334,1091,0,0,0,0,0
32916,ECG,3335,0,0,0,0,0,0
32916,ECG,3336,-1,0,0,0,0,0
32916,ECG,3337,-6,0,0,0,0,0
32916,ECG,3338,2,0,0,0,0,0
32916,ECG,3339,6,0,0,0,0,0
32926,ECG,3340,-17,0,0,0,0,0
32926,ECG,3341,38,0,0,0,0,0
32926,ECG,3342,-16,0,0,0,0,0
32926,ECG,3343,-26,0,0,0,0,0
32926,ECG,3344,151,0,0,0,0,0
32935,ECG,3345,-753,0,0,0,0,0
32935,ECG,3346,-2109,0,0,0,0,0
32935,ECG,3347,-1850,0,0,0,0,0
32935,ECG,3348,-36,0,0,0,0,0
32935,ECG,3349,3394,0,0,0,0,0
32945,ECG,3350,8729,0,0,0,0,0
32945,ECG,3351,15156,0,0,0,0,0
32945,ECG,3352,21689,0,0,0,0,0
32945,ECG,3353,27397,0,0,0,0,0
32945,ECG,3354,31311,0,0,0,0,0
32955,ECG,3355,32011,0,0,0,0,0
32955,ECG,3356,31810,0,0,0,0,0
32955,ECG,3357,31610,0,0,0,0,0
32955,ECG,3358,31343,0,0,0,0,0
32955,ECG,3359,31109,0,0,0,0,0
32965,ECG,3360,31019,0,0,0,0,0
32965,ECG,3361,30731,0,0,0,0,0
32965,ECG,3362,30591,0,0,0,0,0
32965,ECG,3363,30395,0,0,0,0,0
32965,ECG,3364,30195,0,0,0,0,0
32975,ECG,3365,30019,0,0,0,0,0
32975,ECG,3366,29827,0,0,0,0,0
32975,ECG,3367,29638,0,0,0,0,0
32975,ECG,3368,29451,0,0,0,0,0
32975,ECG,3369,29266,0,0,0,0,0
32984,ECG,3370,29082,0,0,0,0,0
32984,ECG,3371,28900,0,0,0,0,0
32984,ECG,3372,28718,0,0,0,0,0
32984,ECG,3373,28537,0,0,0,0,0
32984,ECG,3374,28358,0,0,0,0,0
32994,ECG,3375,28180,0,0,0,0,0
32994,ECG,3376,28002,0,0,0,0,0
32994,ECG,3377,27826,0,0,0,0,0
32994,ECG,3378,27651,0,0,0,0,0
32994,ECG,3379,27478,0,0,0,0,0
33004,ECG,3380,27305,0,0,0,0,0
33004,ECG,3381,27133,0,0,0,0,0
33004,ECG,3382,26963,0,0,0,0,0
33004,ECG,3383,26793,0,0,0,0,0
33004,ECG,3384,26625,0,0,0,0,0
33014,ECG,3385,26457,0,0,0,0,0
33014,ECG,3386,26291,0,0,0,0,0
33014,ECG,3387,26126,0,0,0,0,0
33014,ECG,3388,25961,0,0,0,0,0
33014,ECG,3389,25798,0,0,0,0,0
33023,ECG,3390,25636,0,0,0,0,0
33023,ECG,3391,25475,0,0,0,0,0
33023,ECG,3392,25314,0,0,0,0,0
33023,ECG,3393,25155,0,0,0,0,0
33023,ECG,3394,24997,0,0,0,0,0
33033,ECG,3395,24840,0,0,0,0,0
33033,ECG,3396,24683,0,0,0,0,0
33033,ECG,3397,24528,0,0,0,0,0
33033,ECG,3398,24374,0,0,0,0,0
33033,ECG,3399,24221,0,0,0,0,0
33043,ECG,3400,24068,0,0,0,0,0
33043,ECG,3401,23917,0,0,0,0,0
33043,ECG,3402,23766,0,0,0,0,0
33043,ECG,3403,23617,0,0,0,0,0
33043,ECG,3404,23468,0,0,0,0,0
33053,ECG,3405,23321,0,0,0,0,0
33053,ECG,3406,23174,0,0,0,0,0
33053,ECG,3407,23028,0,0,0,0,0
33053,ECG,3408,22883,0,0,0,0,0
33053,ECG,3409,22739,0,0,0,0,0
33063,ECG,3410,22596,0,0,0,0,0
33063,ECG,3411,22454,0,0,0,0,0
33063,ECG,3412,22313,0,0,0,0,0
33063,ECG,3413,22172,0,0,0,0,0
33063,ECG,3414,22033,0,0,0,0,0
33072,ECG,3415,21894,0,0,0,0,0
33072,ECG,3416,21756,0,0,0,0,0
33072,ECG,3417,21619,0,0,0,0,0
33072,ECG,3418,21483,0,0,0,0,0
33072,ECG,3419,21348,0,0,0,0,0
33082,ECG,3420,21214,0,0,0,0,0
33082,ECG,3421,21080,0,0,0,0,0
33082,ECG,3422,20948,0,0,0,0,0
33082,ECG,3423,20816,0,0,0,0,0
33082,ECG,3424,20685,0,0,0,0,0
33092,ECG,3425,20555,0,0,0,0,0
33092,ECG,3426,20425,0,0,0,0,0
33092,ECG,3427,20297,0,0,0,0,0
33092,ECG,3428,20169,0,0,0,0,0
33092,ECG,3429,20042,0,0,0,0,0
33102,ECG,3430,19916,0,0,0,0,0
33102,ECG,3431,19790,0,0,0,0,0
33102,ECG,3432,19666,0,0,0,0,0
33102,ECG,3433,19542,0,0,0,0,0
33102,ECG,3434,19419,0,0,0,0,0
33112,ECG,3435,19297,0,0,0,0,0
33112,ECG,3436,19175,0,0,0,0,0
33112,ECG,3437,19055,0,0,0,0,0
33112,ECG,3438,18935,0,0,0,0,0
33112,ECG,3439,18815,0,0,0,0,0
33121,ECG,3440,18697,0,0,0,0,0
33121,ECG,3441,18579,0,0,0,0,0
33121,ECG,3442,18462,0,0,0,0,0
33121,ECG,3443,18346,0,0,0,0,0
33121,ECG,3444,18230,0,0,0,0,0
33131,ECG,3445,18116,0,0,0,0,0
33131,ECG,3446,18002,0,0,0,0,0
33131,ECG,3447,17888,0,0,0,0,0
33131,ECG,3448,17775,0,0,0,0,0
33131,ECG,3449,17663,0,0,0,0,0
33141,ECG,3450,17552,0,0,0,0,0
33141,ECG,3451,17442,0,0,0,0,0
33141,ECG,3452,17332,0,0,0,0,0
33141,ECG,3453,17222,0,0,0,0,0
33141,ECG,3454,17114,0,0,0,0,0
33151,ECG,3455,17006,0,0,0,0,0
33151,ECG,3456,16899,0,0,0,0,0
33151,ECG,3457,16792,0,0,0,0,0
33151,ECG,3458,16687,0,0,0,0,0
33151,ECG,3459,16581,0,0,0,0,0
33160,ECG,3460,16477,0,0,0,0,0
33160,ECG,3461,16373,0,0,0,0,0
33160,ECG,3462,16270,0,0,0,0,0
33160,ECG,3463,16167,0,0,0,0,0
33160,ECG,3464,16065,0,0,0,0,0
33170,ECG,3465,15964,0,0,0,0,0
33170,ECG,3466,15864,0,0,0,0,0
33170,ECG,3467,15764,0,0,0,0,0
33170,ECG,3468,15664,0,0,0,0,0
33170,ECG,3469,15566,0,0,0,0,0
33180,ECG,3470,15467,0,0,0,0,0
33180,ECG,3471,15370,0,0,0,0,0
33180,ECG,3472,15273,0,0,0,0,0
33180,ECG,3473,15177,0,0,0,0,0
33180,ECG,3474,15081,0,0,0,0,0
33190,ECG,3475,14986,0,0,0,0,0
33190,ECG,3476,14891,0,0,0,0,0
33190,ECG,3477,14797,0,0,0,0,0
33190,ECG,3478,14704,0,0,0,0,0
33190,ECG,3479,14611,0,0,0,0,0
33200,ECG,3480,14519,0,0,0,0,0
33200,ECG,3481,14428,0,0,0,0,0
33200,ECG,3482,14337,0,0,0,0,0
33200,ECG,3483,14246,0,0,0,0,0
33200,ECG,3484,14156,0,0,0,0,0
33209,ECG,3485,14067,0,0,0,0,0
33209,ECG,3486,13978,0,0,0,0,0
33209,ECG,3487,13890,0,0,0,0,0
33209,ECG,3488,13802,0,0,0,0,0
33209,ECG,3489,13715,0,0,0,0,0
33219,ECG,3490,13629,0,0,0,0,0
33219,ECG,3491,13543,0,0,0,0,0
33219,ECG,3492,13457,0,0,0,0,0
33219,ECG,3493,13372,0,0,0,0,0
33219,ECG,3494,13288,0,0,0,0,0
33229,ECG,3495,13204,0,0,0,0,0
33229,ECG,3496,13121,0,0,0,0,0
33229,ECG,3497,13038,0,0,0,0,0
33229,ECG,3498,12956,0,0,0,0,0
33229,ECG,3499,12874,0,0,0,0,0
33239,ECG,3500,12793,0,0,0,0,0
33239,ECG,3501,12712,0,0,0,0,0
33239,ECG,3502,12632,0,0,0,0,0
33239,ECG,3503,12552,0,0,0,0,0
33239,ECG,3504,12473,0,0,0,0,0
33248,ECG,3505,12394,0,0,0,0,0
33248,ECG,3506,12316,0,0,0,0,0
33248,ECG,3507,12238,0,0,0,0,0
33248,ECG,3508,12161,0,0,0,0,0
33248,ECG,3509,12084,0,0,0,0,0
33258,ECG,3510,12008,0,0,0,0,0
33258,ECG,3511,11932,0,0,0,0,0
33258,ECG,3512,11857,0,0,0,0,0
33258,ECG,3513,11782,0,0,0,0,0
33258,ECG,3514,11707,0,0,0,0,0
33268,ECG,3515,11633,0,0,0,0,0
33268,ECG,3516,11560,0,0,0,0,0
33268,ECG,3517,11487,0,0,0,0,0
33268,ECG,3518,11414,0,0,0,0,0
33268,ECG,3519,11342,0,0,0,0,0
33278,ECG,3520,11271,0,0,0,0,0
33278,ECG,3521,11199,0,0,0,0,0
33278,ECG,3522,11129,0,0,0,0,0
33278,ECG,3523,11058,0,0,0,0,0
33278,ECG,3524,10988,0,0,0,0,0
33288,ECG,3525,10919,0,0,0,0,0
33288,ECG,3526,10850,0,0,0,0,0
33288,ECG,3527,10781,0,0,0,0,0
33288,ECG,3528,10713,0,0,0,0,0
33288,ECG,3529,10645,0,0,0,0,0
33297,ECG,3530,10578,0,0,0,0,0
33297,ECG,3531,10511,0,0,0,0,0
33297,ECG,3532,10445,0,0,0,0,0
33297,ECG,3533,10379,0,0,0,0,0
33297,ECG,3534,10313,0,0,0,0,0
33307,ECG,3535,10248,0,0,0,0,0
33307,ECG,3536,10183,0,0,0,0,0
33307,ECG,3537,10118,0,0,0,0,0
33307,ECG,3538,10054,0,0,0,0,0
33307,ECG,3539,9991,0,0,0,0,0
33317,ECG,3540,9928,0,0,0,0,0
33317,ECG,3541,9865,0,0,0,0,0
33317,ECG,3542,9802,0,0,0,0,0
33317,ECG,3543,9740,0,0,0,0,0
33317,ECG,3544,9679,0,0,0,0,0
33327,ECG,3545,9617,0,0,0,0,0
33327,ECG,3546,9557,0,0,0,0,0
33327,ECG,3547,9496,0,0,0,0,0
33327,ECG,3548,9436,0,0,0,0,0
33327,ECG,3549,9376,0,0,0,0,0
33337,ECG,3550,9317,0,0,0,0,0
33337,ECG,3551,9258,0,0,0,0,0
33337,ECG,3552,9200,0,0,0,0,0
33337,ECG,3553,9141,0,0,0,0,0
33337,ECG,3554,9083,0,0,0,0,0
33346,ECG,3555,9026,0,0,0,0,0
33346,ECG,3556,8969,0,0,0,0,0
33346,ECG,3557,8912,0,0,0,0,0
33346,ECG,3558,8855,0,0,0,0,0
33346,ECG,3559,8799,0,0,0,0,0
33356,ECG,3560,8744,0,0,0,0,0
33356,ECG,3561,8688,0,0,0,0,0
33356,ECG,3562,8633,0,0,0,0,0
33356,ECG,3563,8578,0,0,0,0,0
33356,ECG,3564,8524,0,0,0,0,0
33366,ECG,3565,8470,0,0,0,0,0
33366,ECG,3566,8416,0,0,0,0,0
33366,ECG,3567,8363,0,0,0,0,0
33366,ECG,3568,8310,0,0,0,0,0
33366,ECG,3569,8257,0,0,0,0,0
33376,ECG,3570,8205,0,0,0,0,0
33376,ECG,3571,8153,0,0,0,0,0
33376,ECG,3572,8101,0,0,0,0,0
33376,ECG,3573,8050,0,0,0,0,0
33376,ECG,3574,7999,0,0,0,0,0
33385,ECG,3575,7948,0,0,0,0,0
33385,ECG,3576,7898,0,0,0,0,0
33385,ECG,3577,7848,0,0,0,0,0
33385,ECG,3578,7798,0,0,0,0,0
33385,ECG,3579,7749,0,0,0,0,0
33395,ECG,3580,7699,0,0,0,0,0
33395,ECG,3581,7651,0,0,0,0,0
33395,ECG,3582,7602,0,0,0,0,0
33395,ECG,3583,7554,0,0,0,0,0
33395,ECG,3584,7506,0,0,0,0,0
33405,ECG,3585,7458,0,0,0,0,0
33405,ECG,3586,7411,0,0,0,0,0
33405,ECG,3587,7364,0,0,0,0,0
33405,ECG,3588,7317,0,0,0,0,0
33405,ECG,3589,7271,0,0,0,0,0
33415,ECG,3590,7224,0,0,0,0,0
33415,ECG,3591,7178,0,0,0,0,0
33415,ECG,3592,7133,0,0,0,0,0
33415,ECG,3593,7088,0,0,0,0,0
33415,ECG,3594,7043,0,0,0,0,0
33425,ECG,3595,6998,0,0,0,0,0
33425,ECG,3596,6953,0,0,0,0,0
33425,ECG,3597,6909,0,0,0,0,0
33425,ECG,3598,6865,0,0,0,0,0
33425,ECG,3599,6821,0,0,0,0,0
33434,ECG,3600,6778,0,0,0,0,0
33434,ECG,3601,6735,0,0,0,0,0
33434,ECG,3602,6692,0,0,0,0,0
33434,ECG,3603,6650,0,0,0,0,0
33434,ECG,3604,6608,0,0,0,0,0
33444,ECG,3605,6566,0,0,0,0,0
33444,ECG,3606,6524,0,0,0,0,0
33444,ECG,3607,6482,0,0,0,0,0
33444,ECG,3608,6441,0,0,0,0,0
33444,ECG,3609,6400,0,0,0,0,0
33454,ECG,3610,6359,0,0,0,0,0
33454,ECG,3611,6319,0,0,0,0,0
33454,ECG,3612,6279,0,0,0,0,0
33454,ECG,3613,6239,0,0,0,0,0
33454,ECG,3614,6199,0,0,0,0,0
33464,ECG,3615,6159,0,0,0,0,0
33464,ECG,3616,6120,0,0,0,0,0
33464,ECG,3617,6081,0,0,0,0,0
33464,ECG,3618,6042,0,0,0,0,0
33464,ECG,3619,6004,0,0,0,0,0
33474,ECG,3620,5966,0,0,0,0,0
33474,ECG,3621,5928,0,0,0,0,0
33474,ECG,3622,5890,0,0,0,0,0
33474,ECG,3623,5852,0,0,0,0,0
33474,ECG,3624,5815,0,0,0,0,0
33483,ECG,3625,5778,0,0,0,0,0
33483,ECG,3626,5741,0,0,0,0,0
33483,ECG,3627,5705,0,0,0,0,0
33483,ECG,3628,5669,0,0,0,0,0
33483,ECG,3629,5632,0,0,0,0,0
33493,ECG,3630,5596,0,0,0,0,0
33493,ECG,3631,5561,0,0,0,0,0
33493,ECG,3632,5525,0,0,0,0,0
33493,ECG,3633,5490,0,0,0,0,0
33493,ECG,3634,5455,0,0,0,0,0
33503,ECG,3635,5420,0,0,0,0,0
33503,ECG,3636,5386,0,0,0,0,0
33503,ECG,3637,5351,0,0,0,0,0
33503,ECG,3638,5317,0,0,0,0,0
33503,ECG,3639,5283,0,0,0,0,0
33513,ECG,3640,5249,0,0,0,0,0
33513,ECG,3641,5216,0,0,0,0,0
33513,ECG,3642,5183,0,0,0,0,0
33513,ECG,3643,5150,0,0,0,0,0
33513,ECG,3644,5117,0,0,0,0,0
33522,ECG,3645,5084,0,0,0,0,0
33523,ECG,3646,5051,0,0,0,0,0
33523,ECG,3647,5019,0,0,0,0,0
33523,ECG,3648,4987,0,0,0,0,0
33523,ECG,3649,4955,0,0,0,0,0
33532,ECG,3650,4924,0,0,0,0,0
33532,ECG,3651,4892,0,0,0,0,0
33532,ECG,3652,4861,0,0,0,0,0
33532,ECG,3653,4830,0,0,0,0,0
33532,ECG,3654,4799,0,0,0,0,0
33542,ECG,3655,4768,0,0,0,0,0
33542,ECG,3656,4738,0,0,0,0,0
33542,ECG,3657,4707,0,0,0,0,0
33542,ECG,3658,4677,0,0,0,0,0
33542,ECG,3659,4647,0,0,0,0,0
33552,ECG,3660,4618,0,0,0,0,0
33552,ECG,3661,4588,0,0,0,0,0
33552,ECG,3662,4559,0,0,0,0,0
33552,ECG,3663,4530,0,0,0,0,0
33552,ECG,3664,4501,0,0,0,0,0
33562,ECG,3665,4472,0,0,0,0,0
33562,ECG,3666,4443,0,0,0,0,0
33562,ECG,3667,4415,0,0,0,0,0
33562,ECG,3668,4386,0,0,0,0,0
33562,ECG,3669,4358,0,0,0,0,0
33571,ECG,3670,4330,0,0,0,0,0
33571,ECG,3671,4303,0,0,0,0,0
33571,ECG,3672,4275,0,0,0,0,0
33571,ECG,3673,4248,0,0,0,0,0
33571,ECG,3674,4220,0,0,0,0,0
33581,ECG,3675,4193,0,0,0,0,0
33581,ECG,3676,4166,0,0,0,0,0
33581,ECG,3677,4140,0,0,0,0,0
33581,ECG,3678,4113,0,0,0,0,0
33581,ECG,3679,4087,0,0,0,0,0
33591,ECG,3680,4060,0,0,0,0,0
33591,ECG,3681,4034,0,0,0,0,0
33591,ECG,3682,4008,0,0,0,0,0
33591,ECG,3683,3983,0,0,0,0,0
33591,ECG,3684,3957,0,0,0,0,0
33601,ECG,3685,3932,0,0,0,0,0
33601,ECG,3686,3906,0,0,0,0,0
33601,ECG,3687,3881,0,0,0,0,0
33601,ECG,3688,3856,0,0,0,0,0
33601,ECG,3689,3832,0,0,0,0,0
33611,ECG,3690,3807,0,0,0,0,0
33611,ECG,3691,3782,0,0,0,0,0
33611,ECG,3692,3758,0,0,0,0,0
33611,ECG,3693,3734,0,0,0,0,0
33611,ECG,3694,3710,0,0,0,0,0
33620,ECG,3695,3686,0,0,0,0,0
33620,ECG,3696,3662,0,0,0,0,0
33620,ECG,3697,3639,0,0,0,0,0
33620,ECG,3698,3615,0,0,0,0,0
33620,ECG,3699,3592,0,0,0,0,0
33630,ECG,3700,3569,0,0,0,0,0
33630,ECG,3701,3546,0,0,0,0,0
33630,ECG,3702,3523,0,0,0,0,0
33630,ECG,3703,3500,0,0,0,0,0
33630,ECG,3704,3478,0,0,0,0,0
33640,ECG,3705,3455,0,0,0,0,0
33640,ECG,3706,3433,0,0,0,0,0
33640,ECG,3707,3411,0,0,0,0,0
33640,ECG,3708,3389,0,0,0,0,0
33640,ECG,3709,3367,0,0,0,0,0
33650,ECG,3710,3345,0,0,0,0,0
33650,ECG,3711,3324,0,0,0,0,0
33650,ECG,3712,3302,0,0,0,0,0
33650,ECG,3713,3281,0,0,0,0,0
33650,ECG,3714,3260,0,0,0,0,0
33659,ECG,3715,3239,0,0,0,0,0
33659,ECG,3716,3218,0,0,0,0,0
33659,ECG,3717,3197,0,0,0,0,0
33659,ECG,3718,3176,0,0,0,0,0
33659,ECG,3719,3156,0,0,0,0,0
33669,ECG,3720,3135,0,0,0,0,0
33669,ECG,3721,3115,0,0,0,0,0
33669,ECG,3722,3095,0,0,0,0,0
33669,ECG,3723,3075,0,0,0,0,0
33669,ECG,3724,3055,0,0,0,0,0
33679,ECG,3725,3035,0,0,0,0,0
33679,ECG,3726,3015,0,0,0,0,0
33679,ECG,3727,2996,0,0,0,0,0
33679,ECG,3728,2976,0,0,0,0,0
33679,ECG,3729,2957,0,0,0,0,0
33689,ECG,3730,2938,0,0,0,0,0
33689,ECG,3731,2919,0,0,0,0,0
33689,ECG,3732,2900,0,0,0,0,0
33689,ECG,3733,2881,0,0,0,0,0
33689,ECG,3734,2862,0,0,0,0,0
33699,ECG,3735,2844,0,0,0,0,0
33699,ECG,3736,2825,0,0,0,0,0
33699,ECG,3737,2807,0,0,0,0,0
33699,ECG,3738,2789,0,0,0,0,0
33699,ECG,3739,2771,0,0,0,0,0
33708,ECG,3740,2753,0,0,0,0,0
33708,ECG,3741,2735,0,0,0,0,0
33708,ECG,3742,2717,0,0,0,0,0
33708,ECG,3743,2700,0,0,0,0,0
33708,ECG,3744,2682,0,0,0,0,0
33718,ECG,3745,2665,0,0,0,0,0
33718,ECG,3746,2647,0,0,0,0,0
33718,ECG,3747,2630,0,0,0,0,0
33718,ECG,3748,2613,0,0,0,0,0
33718,ECG,3749,2596,0,0,0,0,0
33728,ECG,3750,2579,0,0,0,0,0
33728,ECG,3751,2562,0,0,0,0,0
33728,ECG,3752,2546,0,0,0,0,0
33728,ECG,3753,2529,0,0,0,0,0
33728,ECG,3754,2513,0,0,0,0,0
33738,ECG,3755,2496,0,0,0,0,0
33738,ECG,3756,2480,0,0,0,0,0
33738,ECG,3757,2464,0,0,0,0,0
33738,ECG,3758,2448,0,0,0,0,0
33738,ECG,3759,2432,0,0,0,0,0
33748,ECG,3760,2416,0,0,0,0,0
33748,ECG,3761,2400,0,0,0,0,0
33748,ECG,3762,2385,0,0,0,0,0
33748,ECG,3763,2369,0,0,0,0,0
33748,ECG,3764,2354,0,0,0,0,0
33757,ECG,3765,2338,0,0,0,0,0
33757,ECG,3766,2323,0,0,0,0,0
33757,ECG,3767,2308,0,0,0,0,0
33757,ECG,3768,2293,0,0,0,0,0
33757,ECG,3769,2278,0,0,0,0,0
33767,ECG,3770,2263,0,0,0,0,0
33767,ECG,3771,2248,0,0,0,0,0
33767,ECG,3772,2233,0,0,0,0,0
33767,ECG,3773,2219,0,0,0,0,0
33767,ECG,3774,2204,0,0,0,0,0
33777,ECG,3775,2190,0,0,0,0,0
33777,ECG,3776,2176,0,0,0,0,0
33777,ECG,3777,2161,0,0,0,0,0
33777,ECG,3778,2147,0,0,0,0,0
33777,ECG,3779,2133,0,0,0,0,0
33787,ECG,3780,2119,0,0,0,0,0
33787,ECG,3781,2105,0,0,0,0,0
33787,ECG,3782,2091,0,0,0,0,0
33787,ECG,3783,2078,0,0,0,0,0
33787,ECG,3784,2064,0,0,0,0,0
33796,ECG,3785,2050,0,0,0,0,0
33796,ECG,3786,2037,0,0,0,0,0
33796,ECG,3787,2023,0,0,0,0,0
33796,ECG,3788,2010,0,0,0,0,0
33796,ECG,3789,1997,0,0,0,0,0
33806,ECG,3790,1984,0,0,0,0,0
33806,ECG,3791,1971,0,0,0,0,0
33806,ECG,3792,1958,0,0,0,0,0
33806,ECG,3793,1945,0,0,0,0,0
33806,ECG,3794,1932,0,0,0,0,0
33816,ECG,3795,1919,0,0,0,0,0
33816,ECG,3796,1906,0,0,0,0,0
33816,ECG,3797,1894,0,0,0,0,0
33816,ECG,3798,1881,0,0,0,0,0
33816,ECG,3799,1869,0,0,0,0,0
33826,ECG,3800,1857,0,0,0,0,0
33826,ECG,3801,1844,0,0,0,0,0
33826,ECG,3802,1832,0,0,0,0,0
33826,ECG,3803,1820,0,0,0,0,0
33826,ECG,3804,1808,0,0,0,0,0
33836,ECG,3805,1796,0,0,0,0,0
33836,ECG,3806,1784,0,0,0,0,0
33836,ECG,3807,1772,0,0,0,0,0
33836,ECG,3808,1761,0,0,0,0,0
33836,ECG,3809,1749,0,0,0,0,0
33845,ECG,3810,1737,0,0,0,0,0
33845,ECG,3811,1726,0,0,0,0,0
33845,ECG,3812,1714,0,0,0,0,0
33845,ECG,3813,1703,0,0,0,0,0
33845,ECG,3814,1692,0,0,0,0,0
33855,ECG,3815,1681,0,0,0,0,0
33855,ECG,3816,1669,0,0,0,0,0
33855,ECG,3817,1658,0,0,0,0,0
33855,ECG,3818,1647,0,0,0,0,0
33855,ECG,3819,1636,0,0,0,0,0
33865,ECG,3820,1625,0,0,0,0,0
33865,ECG,3821,1615,0,0,0,0,0
33865,ECG,3822,1604,0,0,0,0,0
33865,ECG,3823,1593,0,0,0,0,0
33865,ECG,3824,1583,0,0,0,0,0
33875,ECG,3825,1572,0,0,0,0,0
33875,ECG,3826,1562,0,0,0,0,0
33875,ECG,3827,1551,0,0,0,0,0
33875,ECG,3828,1541,0,0,0,0,0
33875,ECG,3829,1531,0,0,0,0,0
33885,ECG,3830,1520,0,0,0,0,0
33885,ECG,3831,1510,0,0,0,0,0
33885,ECG,3832,1500,0,0,0,0,0
33885,ECG,3833,1490,0,0,0,0,0
33885,ECG,3834,1480,0,0,0,0,0
33894,ECG,3835,1470,0,0,0,0,0
33894,ECG,3836,1460,0,0,0,0,0
33894,ECG,3837,1451,0,0,0,0,0
33894,ECG,3838,1441,0,0,0,0,0
33894,ECG,3839,1431,0,0,0,0,0
33904,ECG,3840,1422,0,0,0,0,0
33904,ECG,3841,1412,0,0,0,0,0
33904,ECG,3842,1403,0,0,0,0,0
33904,ECG,3843,1393,0,0,0,0,0
33904,ECG,3844,1384,0,0,0,0,0
33914,ECG,3845,1375,0,0,0,0,0
33914,ECG,3846,1365,0,0,0,0,0
33914,ECG,3847,1356,0,0,0,0,0
33914,ECG,3848,1347,0,0,0,0,0
33914,ECG,3849,1338,0,0,0,0,0
33924,ECG,3850,1329,0,0,0,0,0
33924,ECG,3851,1320,0,0,0,0,0
33924,ECG,3852,1311,0,0,0,0,0
33924,ECG,3853,1302,0,0,0,0,0
33924,ECG,3854,1294,0,0,0,0,0
33933,ECG,3855,1285,0,0,0,0,0
33933,ECG,3856,1276,0,0,0,0,0
33933,ECG,3857,1268,0,0,0,0,0
33933,ECG,3858,1259,0,0,0,0,0
33933,ECG,3859,1251,0,0,0,0,0
33943,ECG,3860,1242,0,0,0,0,0
33943,ECG,3861,1234,0,0,0,0,0
33943,ECG,3862,1225,0,0,0,0,0
33943,ECG,3863,1217,0,0,0,0,0
33943,ECG,3864,1209,0,0,0,0,0
33953,ECG,3865,1201,0,0,0,0,0
33953,ECG,3866,1192,0,0,0,0,0
33953,ECG,3867,1184,0,0,0,0,0
33953,ECG,3868,1176,0,0,0,0,0
33953,ECG,3869,1168,0,0,0,0,0
34972,ECG,3870,0,0,0,0,0,0
34972,ECG,3871,-1,0,0,0,0,0
34972,ECG,3872,-6,0,0,0,0,0
34972,ECG,3873,2,0,0,0,0,0
34972,ECG,3874,6,0,0,0,0,0
34982,ECG,3875,-17,0,0,0,0,0
34982,ECG,3876,38,0,0,0,0,0
34982,ECG,3877,-16,0,0,0,0,0
34982,ECG,3878,-26,0,0,0,0,0
34982,ECG,3879,151,0,0,0,0,0
34991,ECG,3880,-753,0,0,0,0,0
34991,ECG,3881,-2109,0,0,0,0,0
34991,ECG,3882,-1850,0,0,0,0,0
34991,ECG,3883,-36,0,0,0,0,0
34991,ECG,3884,3394,0,0,0,0,0
35001,ECG,3885,8729,0,0,0,0,0
35001,ECG,3886,15156,0,0,0,0,0
35001,ECG,3887,21689,0,0,0,0,0
35001,ECG,3888,27397,0,0,0,0,0
35001,ECG,3889,31311,0,0,0,0,0
35011,ECG,3890,32011,0,0,0,0,0
35011,ECG,3891,31810,0,0,0,0,0
35011,ECG,3892,31610,0,0,0,0,0
35011,ECG,3893,31343,0,0,0,0,0
35011,ECG,3894,31109,0,0,0,0,0
35021,ECG,3895,31019,0,0,0,0,0
35021,ECG,3896,30731,0,0,0,0,0
35021,ECG,3897,30591,0,0,0,0,0
35021,ECG,3898,30395,0,0,0,0,0
35021,ECG,3899,30195,0,0,0,0,0
35031,ECG,3900,30019,0,0,0,0,0
35031,ECG,3901,29827,0,0,0,0,0
35031,ECG,3902,29638,0,0,0,0,0
35031,ECG,3903,29451,0,0,0,0,0
35031,ECG,3904,29266,0,0,0,0,0
35040,ECG,3905,29082,0,0,0,0,0
35040,ECG,3906,28900,0,0,0,0,0
35040,ECG,3907,28718,0,0,0,0,0
35040,ECG,3908,28537,0,0,0,0,0
35040,ECG,3909,28358,0,0,0,0,0
35050,ECG,3910,28180,0,0,0,0,0
35050,ECG,3911,28002,0,0,0,0,0
35050,ECG,3912,27826,0,0,0,0,0
35050,ECG,3913,27651,0,0,0,0,0
35050,ECG,3914,27478,0,0,0,0,0
35060,ECG,3915,27305,0,0,0,0,0
35060,ECG,3916,27133,0,0,0,0,0
35060,ECG,3917,26963,0,0,0,0,0
35060,ECG,3918,26793,0,0,0,0,0
35060,ECG,3919,26625,0,0,0,0,0
35070,ECG,3920,26457,0,0,0,0,0
35070,ECG,3921,26291,0,0,0,0,0
35070,ECG,3922,26126,0,0,0,0,0
35070,ECG,3923,25961,0,0,0,0,0
35070,ECG,3924,25798,0,0,0,0,0
35080,ECG,3925,25636,0,0,0,0,0
35080,ECG,3926,25475,0,0,0,0,0
35080,ECG,3927,25314,0,0,0,0,0
35080,ECG,3928,25155,0,0,0,0,0
35080,ECG,3929,24997,0,0,0,0,0
35089,ECG,3930,24840,0,0,0,0,0
35089,ECG,3931,24683,0,0,0,0,0
35089,ECG,3932,24528,0,0,0,0,0
35089,ECG,3933,24374,0,0,0,0,0
35089,ECG,3934,24221,0,0,0,0,0
35099,ECG,3935,24068,0,0,0,0,0
35099,ECG,3936,23917,0,0,0,0,0
35099,ECG,3937,23766,0,0,0,0,0
35099,ECG,3938,23617,0,0,0,0,0
35099,ECG,3939,23468,0,0,0,0,0
35109,ECG,3940,23321,0,0,0,0,0
35109,ECG,3941,23174,0,0,0,0,0
35109,ECG,3942,23028,0,0,0,0,0
35109,ECG,3943,22883,0,0,0,0,0
35109,ECG,3944,22739,0,0,0,0,0
35119,ECG,3945,22596,0,0,0,0,0
35119,ECG,3946,22454,0,0,0,0,0
35119,ECG,3947,22313,0,0,0,0,0
35119,ECG,3948,22172,0,0,0,0,0
35119,ECG,3949,22033,0,0,0,0,0
35129,ECG,3950,21894,0,0,0,0,0
35129,ECG,3951,21756,0,0,0,0,0
35129,ECG,3952,21619,0,0,0,0,0
35129,ECG,3953,21483,0,0,0,0,0
35129,ECG,3954,21348,0,0,0,0,0
35138,ECG,3955,21214,0,0,0,0,0
35138,ECG,3956,21080,0,0,0,0,0
35138,ECG,3957,20948,0,0,0,0,0
35138,ECG,3958,20816,0,0,0,0,0
35138,ECG,3959,20685,0,0,0,0,0
35148,ECG,3960,20555,0,0,0,0,0
35148,ECG,3961,20425,0,0,0,0,0
35148,ECG,3962,20297,0,0,0,0,0
35148,ECG,3963,20169,0,0,0,0,0
35148,ECG,3964,20042,0,0,0,0,0
35158,ECG,3965,19916,0,0,0,0,0
35158,ECG,3966,19790,0,0,0,0,0
35158,ECG,3967,19666,0,0,0,0,0
35158,ECG,3968,19542,0,0,0,0,0
35158,ECG,3969,19419,0,0,0,0,0
35168,ECG,3970,19297,0,0,0,0,0
35168,ECG,3971,19175,0,0,0,0,0
35168,ECG,3972,19055,0,0,0,0,0
35168,ECG,3973,18935,0,0,0,0,0
35168,ECG,3974,18815,0,0,0,0,0
35177,ECG,3975,18697,0,0,0,0,0
35177,ECG,3976,18579,0,0,0,0,0
35177,ECG,3977,18462,0,0,0,0,0
35177,ECG,3978,18346,0,0,0,0,0
35177,ECG,3979,18230,0,0,0,0,0
35187,ECG,3980,18116,0,0,0,0,0
35187,ECG,3981,18002,0,0,0,0,0
35187,ECG,3982,17888,0,0,0,0,0
35187,ECG,3983,17775,0,0,0,0,0
35187,ECG,3984,17663,0,0,0,0,0
35197,ECG,3985,17552,0,0,0,0,0
35197,ECG,3986,17442,0,0,0,0,0
35197,ECG,3987,17332,0,0,0,0,0
35197,ECG,3988,17222,0,0,0,0,0
35197,ECG,3989,17114,0,0,0,0,0
35207,ECG,3990,17006,0,0,0,0,0
35207,ECG,3991,16899,0,0,0,0,0
35207,ECG,3992,16792,0,0,0,0,0
35207,ECG,3993,16687,0,0,0,0,0
35207,ECG,3994,16581,0,0,0,0,0
35217,ECG,3995,16477,0,0,0,0,0
35217,ECG,3996,16373,0,0,0,0,0
35217,ECG,3997,16270,0,0,0,0,0
35217,ECG,3998,16167,0,0,0,0,0
35217,ECG,3999,16065,0,0,0,0,0
35226,ECG,4000,15964,0,0,0,0,0
35226,ECG,4001,15864,0,0,0,0,0
35226,ECG,4002,15764,0,0,0,0,0
35226,ECG,4003,15664,0,0,0,0,0
35226,ECG,4004,15566,0,0,0,0,0
35236,ECG,4005,15467,0,0,0,0,0
35236,ECG,4006,15370,0,0,0,0,0
35236,ECG,4007,15273,0,0,0,0,0
35236,ECG,4008,15177,0,0,0,0,0
35236,ECG,4009,15081,0,0,0,0,0
35246,ECG,4010,14986,0,0,0,0,0
35246,ECG,4011,14891,0,0,0,0,0
35246,ECG,4012,14797,0,0,0,0,0
35246,ECG,4013,14704,0,0,0,0,0
35246,ECG,4014,14611,0,0,0,0,0
35256,ECG,4015,14519,0,0,0,0,0
35256,ECG,4016,14428,0,0,0,0,0
35256,ECG,4017,14337,0,0,0,0,0
35256,ECG,4018,14246,0,0,0,0,0
35256,ECG,4019,14156,0,0,0,0,0
35266,ECG,4020,14067,0,0,0,0,0
35266,ECG,4021,13978,0,0,0,0,0
35266,ECG,4022,13890,0,0,0,0,0
35266,ECG,4023,13802,0,0,0,0,0
35266,ECG,4024,13715,0,0,0,0,0
35275,ECG,4025,13629,0,0,0,0,0
35275,ECG,4026,13543,0,0,0,0,0
35275,ECG,4027,13457,0,0,0,0,0
35275,ECG,4028,13372,0,0,0,0,0
35275,ECG,4029,13288,0,0,0,0,0
35285,ECG,4030,13204,0,0,0,0,0
35285,ECG,4031,13121,0,0,0,0,0
35285,ECG,4032,13038,0,0,0,0,0
35285,ECG,4033,12956,0,0,0,0,0
35285,ECG,4034,12874,0,0,0,0,0
35295,ECG,4035,12793,0,0,0,0,0
35295,ECG,4036,12712,0,0,0,0,0
35295,ECG,4037,12632,0,0,0,0,0
35295,ECG,4038,12552,0,0,0,0,0
35295,ECG,4039,12473,0,0,0,0,0
35305,ECG,4040,12394,0,0,0,0,0
35305,ECG,4041,12316,0,0,0,0,0
35305,ECG,4042,12238,0,0,0,0,0
35305,ECG,4043,12161,0,0,0,0,0
35305,ECG,4044,12084,0,0,0,0,0
35314,ECG,4045,12008,0,0,0,0,0
35314,ECG,4046,11932,0,0,0,0,0
35314,ECG,4047,11857,0,0,0,0,0
35314,ECG,4048,11782,0,0,0,0,0
35314,ECG,4049,11707,0,0,0,0,0
35324,ECG,4050,11633,0,0,0,0,0
35324,ECG,4051,11560,0,0,0,0,0
35324,ECG,4052,11487,0,0,0,0,0
35324,ECG,4053,11414,0,0,0,0,0
35324,ECG,4054,11342,0,0,0,0,0
35334,ECG,4055,11271,0,0,0,0,0
35334,ECG,4056,11199,0,0,0,0,0
35334,ECG,4057,11129,0,0,0,0,0
35334,ECG,4058,11058,0,0,0,0,0
35334,ECG,4059,10988,0,0,0,0,0
35344,ECG,4060,10919,0,0,0,0,0
35344,ECG,4061,10850,0,0,0,0,0
35344,ECG,4062,10781,0,0,0,0,0
35344,ECG,4063,10713,0,0,0,0,0
35344,ECG,4064,10645,0,0,0,0,0
35354,ECG,4065,10578,0,0,0,0,0
35354,ECG,4066,10511,0,0,0,0,0
35354,ECG,4067,10445,0,0,0,0,0
35354,ECG,4068,10379,0,0,0,0,0
35354,ECG,4069,10313,0,0,0,0,0
35363,ECG,4070,10248,0,0,0,0,0
35363,ECG,4071,10183,0,0,0,0,0
35363,ECG,4072,10118,0,0,0,0,0
35363,ECG,4073,10054,0,0,0,0,0
35363,ECG,4074,9991,0,0,0,0,0
35373,ECG,4075,9928,0,0,0,0,0
35373,ECG,4076,9865,0,0,0,0,0
35373,ECG,4077,9802,0,0,0,0,0
35373,ECG,4078,9740,0,0,0,0,0
35373,ECG,4079,9679,0,0,0,0,0
35383,ECG,4080,9617,0,0,0,0,0
35383,ECG,4081,9557,0,0,0,0,0
35383,ECG,4082,9496,0,0,0,0,0
35383,ECG,4083,9436,0,0,0,0,0
35383,ECG,4084,9376,0,0,0,0,0
35393,ECG,4085,9317,0,0,0,0,0
35393,ECG,4086,9258,0,0,0,0,0
35393,ECG,4087,9200,0,0,0,0,0
35393,ECG,4088,9141,0,0,0,0,0
35393,ECG,4089,9083,0,0,0,0,0
35403,ECG,4090,9026,0,0,0,0,0
35403,ECG,4091,8969,0,0,0,0,0
35403,ECG,4092,8912,0,0,0,0,0
35403,ECG,4093,8855,0,0,0,0,0
35403,ECG,4094,8799,0,0,0,0,0
35412,ECG,4095,8744,0,0,0,0,0
35278,IMU,832,1096,-404,8368,-91,60,34
35297,IMU,833,1136,-388,8472,-92,68,51
35316,IMU,834,1124,-364,8372,-88,55,34
35336,IMU,835,1100,-392,8372,-96,69,35
35355,IMU,836,1064,-484,8336,-96,69,47
35374,IMU,837,1124,-416,8484,-98,69,37
35393,IMU,838,1076,-348,8460,-102,51,46
35412,IMU,839,1140,-464,8408,-90,52,40
35434,IMU,840,1068,-404,8444,-76,81,45
35452,IMU,841,1092,-392,8524,-87,71,42
35469,IMU,842,1152,-384,8400,-107,50,37
35488,IMU,843,1100,-348,8420,-93,49,36
35507,IMU,844,1032,-340,8332,-99,58,31
35527,IMU,845,1152,-424,8464,-105,39,47
35546,IMU,846,1132,-472,8488,-96,49,36
35565,IMU,847,1004,-440,8368,-95,64,31
35584,IMU,848,1108,-352,8388,-102,56,55
35605,IMU,849,1024,-404,8388,-103,65,36
35622,IMU,850,1028,-460,8452,-88,59,23
35641,IMU,851,1132,-476,8336,-105,47,50
35662,IMU,852,1216,-404,8448,-97,51,48
35680,IMU,853,1056,-452,8440,-80,65,44
35699,IMU,854,1104,-416,8404,-118,65,47
35718,IMU,855,1032,-336,8356,-91,60,37
35737,IMU,856,1092,-348,8384,-84,60,43
35756,IMU,857,1076,-444,8504,-80,67,44
35775,IMU,858,1116,-384,8472,-92,60,39
35794,IMU,859,1076,-476,8500,-102,63,42
35814,IMU,860,1176,-456,8480,-101,54,40
35832,IMU,861,1140,-424,8428,-83,48,41
35852,IMU,862,968,-388,8436,-99,42,54
35873,IMU,863,1148,-412,8504,-83,50,39
35890,IMU,864,1084,-472,8404,-107,50,26
35909,IMU,865,1048,-332,8528,-87,53,27
35928,IMU,866,1068,-352,8380,-106,55,47
35947,IMU,867,1196,-452,8376,-93,63,31
35966,IMU,868,1016,-368,8356,-96,53,34
35985,IMU,869,1104,-396,8432,-104,74,41
36004,IMU,870,1100,-312,8392,-85,54,46
36024,IMU,871,1032,-448,8392,-104,68,49
36043,IMU,872,1112,-416,8388,-94,69,46
36062,IMU,873,1176,-420,8420,-87,66,31
36082,IMU,874,1012,-432,8440,-97,66,42
36102,IMU,875,1084,-460,8396,-81,69,30
36119,IMU,876,1016,-460,8344,-99,63,46
36139,IMU,877,1096,-396,8480,-101,66,43
36160,IMU,878,1040,-424,8472,-96,57,38
36177,IMU,879,1108,-460,8420,-81,61,52
36196,IMU,880,1096,-424,8444,-83,53,31
36215,IMU,881,1024,-424,8436,-98,55,27
36234,IMU,882,1144,-396,8408,-90,67,45
36253,IMU,883,1204,-408,8372,-102,41,34
36273,IMU,884,1136,-416,8432,-83,66,50
36292,IMU,885,1136,-420,8416,-91,41,43
36312,IMU,886,1044,-360,8412,-77,57,31
36330,IMU,887,1104,-444,8524,-107,66,23
36349,IMU,888,1088,-488,8536,-95,63,40
36368,IMU,889,1052,-356,8332,-104,72,46
36388,IMU,890,1156,-420,8320,-77,50,42
36407,IMU,891,1100,-408,8320,-84,61,33
36426,IMU,892,1088,-424,8376,-89,63,38
36445,IMU,893,1060,-356,8448,-92,58,44
36464,IMU,894,1020,-428,8344,-91,57,48
36483,IMU,895,1180,-348,8360,-109,58,46
36503,IMU,896,992,-408,8364,-104,68,46
36525,IMU,897,1100,-380,8452,-111,52,50
36542,IMU,898,1168,-436,8332,-88,54,29
36560,IMU,899,1148,-388,8336,-89,71,44
36579,IMU,900,1112,-416,8416,-96,61,34
36598,IMU,901,1116,-424,8416,-76,59,48
36617,IMU,902,1060,-348,8432,-90,47,34
36637,IMU,903,1096,-384,8412,-99,45,45
36656,IMU,904,1124,-364,8452,-93,63,37
36675,IMU,905,1112,-364,8408,-94,39,46
36694,IMU,906,1016,-408,8412,-78,64,44
36713,IMU,907,1052,-400,8388,-96,66,52
36732,IMU,908,1060,-472,8416,-87,69,30
36753,IMU,909,1000,-388,8376,-113,58,40
36771,IMU,910,1136,-360,8448,-101,76,19
36790,IMU,911,1064,-420,8436,-110,50,54
36809,IMU,912,1096,-448,8400,-100,58,35
36828,IMU,913,1124,-376,8416,-98,74,29
36847,IMU,914,1116,-420,8480,-87,68,31
36867,IMU,915,1092,-372,8428,-95,47,40
36886,IMU,916,996,-412,8376,-93,59,29
36905,IMU,917,1060,-376,8368,-91,62,30
36924,IMU,918,1108,-364,8376,-97,60,40
36943,IMU,919,1084,-392,8388,-101,54,52
36964,IMU,920,1084,-388,8556,-107,40,50
36983,IMU,921,1088,-444,8400,-92,49,58
37001,IMU,922,1104,-416,8420,-94,64,41
37020,IMU,923,1060,-384,8496,-91,60,50
37039,IMU,924,1140,-288,8464,-102,67,43
37058,IMU,925,1120,-368,8472,-88,63,31
37077,IMU,926,1112,-340,8460,-101,56,36
37096,IMU,927,1136,-356,8408,-95,56,42
37115,IMU,928,1100,-472,8404,-89,66,33
37134,IMU,929,1136,-348,8328,-95,61,34
37154,IMU,930,1044,-320,8420,-90,53,40
37173,IMU,931,1108,-372,8500,-100,56,30
37195,IMU,932,1180,-444,8304,-89,46,42
37211,IMU,933,1096,-392,8400,-105,52,44
37230,IMU,934,1104,-348,8484,-82,78,40
37249,IMU,935,1016,-372,8516,-87,45,30
37268,IMU,936,992,-336,8380,-113,57,59
37287,IMU,937,1064,-420,8504,-96,59,43
37307,IMU,938,1056,-380,8412,-80,58,41
37326,IMU,939,1148,-428,8476,-89,76,51
37345,IMU,940,1008,-432,8400,-102,62,48
37364,IMU,941,1104,-440,8360,-90,61,54
37383,IMU,942,1008,-376,8448,-104,62,53
37404,IMU,943,1072,-428,8432,-97,48,42
37421,IMU,944,1048,-484,8444,-101,58,59
37440,IMU,945,1068,-428,8428,-77,73,44
37459,IMU,946,1064,-412,8452,-108,67,43
37478,IMU,947,1056,-412,8460,-86,58,38
37498,IMU,948,1080,-412,8452,-99,68,34
37517,IMU,949,988,-348,8320,-94,49,35
37536,IMU,950,1132,-396,8332,-102,63,27
37555,IMU,951,1088,-408,8480,-102,55,26
37574,IMU,952,1136,-412,8424,-106,61,41
37593,IMU,953,1040,-464,8372,-100,71,42
37615,IMU,954,1064,-340,8296,-112,49,52
37632,IMU,955,1068,-500,8416,-99,42,30
37650,IMU,956,1136,-472,8344,-94,54,35
37670,IMU,957,1084,-336,8356,-100,40,34
37689,IMU,958,1072,-396,8380,-83,60,29
37708,IMU,959,1020,-480,8432,-102,63,49
37727,IMU,960,1132,-504,8480,-103,59,31
37746,IMU,961,1128,-412,8356,-117,69,55
37765,IMU,962,1092,-476,8548,-115,55,39
37784,IMU,963,1160,-336,8380,-74,37,32
37804,IMU,964,1040,-368,8448,-96,65,32
37823,IMU,965,1104,-348,8440,-93,79,62
37844,IMU,966,1044,-380,8412,-93,61,42
37861,IMU,967,1080,-448,8360,-91,66,39
37880,IMU,968,1088,-360,8332,-104,62,39
37899,IMU,969,1068,-532,8456,-99,54,33
37918,IMU,970,1072,-364,8488,-93,63,39
37937,IMU,971,1072,-408,8384,-82,63,37
37956,IMU,972,1116,-484,8508,-76,63,36
37976,IMU,973,1100,-480,8400,-89,62,31
37995,IMU,974,1048,-464,8416,-102,54,49
38014,IMU,975,1104,-388,8448,-89,63,45
38033,IMU,976,1028,-444,8492,-94,68,38
38056,IMU,977,1076,-416,8376,-86,59,31
38073,IMU,978,1148,-340,8364,-114,50,49
38090,IMU,979,1144,-400,8424,-79,55,44
38109,IMU,980,1068,-396,8452,-92,63,33
38128,IMU,981,1068,-336,8352,-110,68,50
38148,IMU,982,1072,-528,8460,-92,58,47
38167,IMU,983,1144,-376,8312,-90,58,48
38186,IMU,984,1072,-452,8436,-93,56,42
38205,IMU,985,1088,-560,8260,-93,61,30
38225,IMU,986,1144,-392,8500,-98,53,57
38243,IMU,987,1092,-368,8432,-104,54,30
38263,IMU,988,1084,-432,8424,-95,68,40
38283,IMU,989,1088,-460,8440,-91,72,38
38301,IMU,990,1040,-428,8396,-92,58,42
38320,IMU,991,1004,-500,8420,-68,64,42
38339,IMU,992,1172,-424,8372,-92,64,41
38358,IMU,993,1004,-428,8352,-111,52,31
38378,IMU,994,1092,-436,8488,-98,57,34
38397,IMU,995,1224,-372,8452,-93,59,50
38416,IMU,996,1064,-456,8408,-104,66,40
38435,IMU,997,1012,-444,8416,-104,51,35
38454,IMU,998,1092,-536,8372,-94,48,49
38473,IMU,999,1152,-416,8464,-92,71,38
38494,IMU,1000,1072,-456,8412,-88,58,39
38512,IMU,1001,1088,-360,8472,-102,50,40
38531,IMU,1002,1072,-360,8444,-88,69,35
38550,IMU,1003,1140,-484,8392,-100,65,37
38569,IMU,1004,1148,-456,8456,-110,56,42
38588,IMU,1005,920,-400,8456,-105,68,20
38607,IMU,1006,1068,-352,8452,-87,59,43
38627,IMU,1007,1100,-432,8464,-101,75,29
38646,IMU,1008,1104,-320,8452,-93,64,45
38665,IMU,1009,1060,-436,8408,-86,71,23
38684,IMU,1010,1060,-344,8380,-109,53,36
38705,IMU,1011,1092,-424,8352,-81,60,45
38724,IMU,1012,1084,-380,8376,-108,63,29
38742,IMU,1013,980,-424,8492,-80,52,49
38761,IMU,1014,1124,-400,8424,-88,56,44
38780,IMU,1015,1044,-420,8384,-81,61,47
38799,IMU,1016,1132,-464,8392,-93,64,44
38818,IMU,1017,1084,-448,8436,-84,59,35
38837,IMU,1018,1052,-476,8444,-106,76,42
38856,IMU,1019,1116,-324,8344,-84,53,36
38876,IMU,1020,1112,-528,8488,-97,41,29
38895,IMU,1021,1092,-448,8340,-84,49,36
38914,IMU,1022,1004,-488,8416,-86,63,43
38935,IMU,1023,1092,-364,8332,-99,59,39
38952,IMU,1024,1092,-416,8428,-105,58,42
38971,IMU,1025,1152,-404,8420,-96,56,44
38991,IMU,1026,1104,-448,8456,-88,71,28
39010,IMU,1027,1040,-440,8404,-75,65,39
39029,IMU,1028,1152,-368,8480,-99,57,50
39048,IMU,1029,1116,-360,8460,-88,61,52
39067,IMU,1030,1000,-412,8384,-85,46,51
39086,IMU,1031,1196,-344,8416,-94,58,35
39106,IMU,1032,1064,-440,8468,-109,56,38
39125,IMU,1033,1084,-344,8368,-85,74,47
39147,IMU,1034,1168,-396,8432,-89,60,48
39164,IMU,1035,1040,-428,8396,-84,64,43
39182,IMU,1036,1032,-448,8392,-91,75,43
39201,IMU,1037,992,-416,8468,-102,58,41
39220,IMU,1038,1076,-456,8364,-95,65,35
39239,IMU,1039,1080,-348,8336,-99,54,53
35412,ECG,4096,8688,0,0,0,0,0
35412,ECG,4097,8633,0,0,0,0,0
35412,ECG,4098,8578,0,0,0,0,0
35412,ECG,4099,8524,0,0,0,0,0
35422,ECG,4100,8470,0,0,0,0,0
35422,ECG,4101,8416,0,0,0,0,0
35422,ECG,4102,8363,0,0,0,0,0
35422,ECG,4103,8310,0,0,0,0,0
35422,ECG,4104,8257,0,0,0,0,0
35432,ECG,4105,8205,0,0,0,0,0
35432,ECG,4106,8153,0,0,0,0,0
35432,ECG,4107,8101,0,0,0,0,0
35432,ECG,4108,8050,0,0,0,0,0
35432,ECG,4109,7999,0,0,0,0,0
35442,ECG,4110,7948,0,0,0,0,0
35442,ECG,4111,7898,0,0,0,0,0
35442,ECG,4112,7848,0,0,0,0,0
35442,ECG,4113,7798,0,0,0,0,0
35442,ECG,4114,7749,0,0,0,0,0
35451,ECG,4115,7699,0,0,0,0,0
35451,ECG,4116,7651,0,0,0,0,0
35451,ECG,4117,7602,0,0,0,0,0
35451,ECG,4118,7554,0,0,0,0,0
35451,ECG,4119,7506,0,0,0,0,0
35461,ECG,4120,7458,0,0,0,0,0
35461,ECG,4121,7411,0,0,0,0,0
35461,ECG,4122,7364,0,0,0,0,0
35461,ECG,4123,7317,0,0,0,0,0
35461,ECG,4124,7271,0,0,0,0,0
35471,ECG,4125,7224,0,0,0,0,0
35471,ECG,4126,7178,0,0,0,0,0
35471,ECG,4127,7133,0,0,0,0,0
35471,ECG,4128,7088,0,0,0,0,0
35471,ECG,4129,7043,0,0,0,0,0
35481,ECG,4130,6998,0,0,0,0,0
35481,ECG,4131,6953,0,0,0,0,0
35481,ECG,4132,6909,0,0,0,0,0
35481,ECG,4133,6865,0,0,0,0,0
35481,ECG,4134,6821,0,0,0,0,0
35491,ECG,4135,6778,0,0,0,0,0
35491,ECG,4136,6735,0,0,0,0,0
35491,ECG,4137,6692,0,0,0,0,0
35491,ECG,4138,6650,0,0,0,0,0
35491,ECG,4139,6608,0,0,0,0,0
35500,ECG,4140,6566,0,0,0,0,0
35500,ECG,4141,6524,0,0,0,0,0
35500,ECG,4142,6482,0,0,0,0,0
35500,ECG,4143,6441,0,0,0,0,0
35500,ECG,4144,6400,0,0,0,0,0
35510,ECG,4145,6359,0,0,0,0,0
35510,ECG,4146,6319,0,0,0,0,0
35510,ECG,4147,6279,0,0,0,0,0
35510,ECG,4148,6239,0,0,0,0,0
35510,ECG,4149,6199,0,0,0,0,0
35520,ECG,4150,6159,0,0,0,0,0
35520,ECG,4151,6120,0,0,0,0,0
35520,ECG,4152,6081,0,0,0,0,0
35520,ECG,4153,6042,0,0,0,0,0
35520,ECG,4154,6004,0,0,0,0,0
35530,ECG,4155,5966,0,0,0,0,0
35530,ECG,4156,5928,0,0,0,0,0
35530,ECG,4157,5890,0,0,0,0,0
35530,ECG,4158,5852,0,0,0,0,0
35530,ECG,4159,5815,0,0,0,0,0
35540,ECG,4160,5778,0,0,0,0,0
35540,ECG,4161,5741,0,0,0,0,0
35540,ECG,4162,5705,0,0,0,0,0
35540,ECG,4163,5669,0,0,0,0,0
35540,ECG,4164,5632,0,0,0,0,0
35549,ECG,4165,5596,0,0,0,0,0
35549,ECG,4166,5561,0,0,0,0,0
35549,ECG,4167,5525,0,0,0,0,0
35549,ECG,4168,5490,0,0,0,0,0
35549,ECG,4169,5455,0,0,0,0,0
35559,ECG,4170,5420,0,0,0,0,0
35559,ECG,4171,5386,0,0,0,0,0
35559,ECG,4172,5351,0,0,0,0,0
35559,ECG,4173,5317,0,0,0,0,0
35559,ECG,4174,5283,0,0,0,0,0
35569,ECG,4175,5249,0,0,0,0,0
35569,ECG,4176,5216,0,0,0,0,0
35569,ECG,4177,5183,0,0,0,0,0
35569,ECG,4178,5150,0,0,0,0,0
35569,ECG,4179,5117,0,0,0,0,0
35579,ECG,4180,5084,0,0,0,0,0
35579,ECG,4181,5051,0,0,0,0,0
35579,ECG,4182,5019,0,0,0,0,0
35579,ECG,4183,4987,0,0,0,0,0
35579,ECG,4184,4955,0,0,0,0,0
35588,ECG,4185,4924,0,0,0,0,0
35588,ECG,4186,4892,0,0,0,0,0
35588,ECG,4187,4861,0,0,0,0,0
35588,ECG,4188,4830,0,0,0,0,0
35588,ECG,4189,4799,0,0,0,0,0
35598,ECG,4190,4768,0,0,0,0,0
35598,ECG,4191,4738,0,0,0,0,0
35598,ECG,4192,4707,0,0,0,0,0
35598,ECG,4193,4677,0,0,0,0,0
35598,ECG,4194,4647,0,0,0,0,0
35608,ECG,4195,4618,0,0,0,0,0
35608,ECG,4196,4588,0,0,0,0,0
35608,ECG,4197,4559,0,0,0,0,0
35608,ECG,4198,4530,0,0,0,0,0
35608,ECG,4199,4501,0,0,0,0,0
35618,ECG,4200,4472,0,0,0,0,0
35618,ECG,4201,4443,0,0,0,0,0
35618,ECG,4202,4415,0,0,0,0,0
35618,ECG,4203,4386,0,0,0,0,0
35618,ECG,4204,4358,0,0,0,0,0
35628,ECG,4205,4330,0,0,0,0,0
35628,ECG,4206,4303,0,0,0,0,0
35628,ECG,4207,4275,0,0,0,0,0
35628,ECG,4208,4248,0,0,0,0,0
35628,ECG,4209,4220,0,0,0,0,0
35637,ECG,4210,4193,0,0,0,0,0
35637,ECG,4211,4166,0,0,0,0,0
35637,ECG,4212,4140,0,0,0,0,0
35637,ECG,4213,4113,0,0,0,0,0
35637,ECG,4214,4087,0,0,0,0,0
35647,ECG,4215,4060,0,0,0,0,0
35647,ECG,4216,4034,0,0,0,0,0
35647,ECG,4217,4008,0,0,0,0,0
35647,ECG,4218,3983,0,0,0,0,0
35647,ECG,4219,3957,0,0,0,0,0
35657,ECG,4220,3932,0,0,0,0,0
35657,ECG,4221,3906,0,0,0,0,0
35657,ECG,4222,3881,0,0,0,0,0
35657,ECG,4223,3856,0,0,0,0,0
35657,ECG,4224,3832,0,0,0,0,0
35667,ECG,4225,3807,0,0,0,0,0
35667,ECG,4226,3782,0,0,0,0,0
35667,ECG,4227,3758,0,0,0,0,0
35667,ECG,4228,3734,0,0,0,0,0
35667,ECG,4229,3710,0,0,0,0,0
35677,ECG,4230,3686,0,0,0,0,0
35677,ECG,4231,3662,0,0,0,0,0
35677,ECG,4232,3639,0,0,0,0,0
35677,ECG,4233,3615,0,0,0,0,0
35677,ECG,4234,3592,0,0,0,0,0
35686,ECG,4235,3569,0,0,0,0,0
35686,ECG,4236,3546,0,0,0,0,0
35686,ECG,4237,3523,0,0,0,0,0
35686,ECG,4238,3500,0,0,0,0,0
35686,ECG,4239,3478,0,0,0,0,0
35696,ECG,4240,3455,0,0,0,0,0
35696,ECG,4241,3433,0,0,0,0,0
35696,ECG,4242,3411,0,0,0,0,0
35696,ECG,4243,3389,0,0,0,0,0
35696,ECG,4244,3367,0,0,0,0,0
35706,ECG,4245,3345,0,0,0,0,0
35706,ECG,4246,3324,0,0,0,0,0
35706,ECG,4247,3302,0,0,0,0,0
35706,ECG,4248,3281,0,0,0,0,0
35706,ECG,4249,3260,0,0,0,0,0
35716,ECG,4250,3239,0,0,0,0,0
35716,ECG,4251,3218,0,0,0,0,0
35716,ECG,4252,3197,0,0,0,0,0
35716,ECG,4253,3176,0,0,0,0,0
35716,ECG,4254,3156,0,0,0,0,0
35726,ECG,4255,3135,0,0,0,0,0
35726,ECG,4256,3115,0,0,0,0,0
35726,ECG,4257,3095,0,0,0,0,0
35726,ECG,4258,3075,0,0,0,0,0
35726,ECG,4259,3055,0,0,0,0,0
35735,ECG,4260,3035,0,0,0,0,0
35735,ECG,4261,3015,0,0,0,0,0
35735,ECG,4262,2996,0,0,0,0,0
35735,ECG,4263,2976,0,0,0,0,0
35735,ECG,4264,2957,0,0,0,0,0
35745,ECG,4265,2938,0,0,0,0,0
35745,ECG,4266,2919,0,0,0,0,0
35745,ECG,4267,2900,0,0,0,0,0
35745,ECG,4268,2881,0,0,0,0,0
35745,ECG,4269,2862,0,0,0,0,0
35755,ECG,4270,2844,0,0,0,0,0
35755,ECG,4271,2825,0,0,0,0,0
35755,ECG,4272,2807,0,0,0,0,0
35755,ECG,4273,2789,0,0,0,0,0
35755,ECG,4274,2771,0,0,0,0,0
35765,ECG,4275,2753,0,0,0,0,0
35765,ECG,4276,2735,0,0,0,0,0
35765,ECG,4277,2717,0,0,0,0,0
35765,ECG,4278,2700,0,0,0,0,0
35765,ECG,4279,2682,0,0,0,0,0
35774,ECG,4280,2665,0,0,0,0,0
35774,ECG,4281,2647,0,0,0,0,0
35774,ECG,4282,2630,0,0,0,0,0
35774,ECG,4283,2613,0,0,0,0,0
35774,ECG,4284,2596,0,0,0,0,0
35784,ECG,4285,2579,0,0,0,0,0
35784,ECG,4286,2562,0,0,0,0,0
35784,ECG,4287,2546,0,0,0,0,0
35784,ECG,4288,2529,0,0,0,0,0
35784,ECG,4289,2513,0,0,0,0,0
35794,ECG,4290,2496,0,0,0,0,0
35794,ECG,4291,2480,0,0,0,0,0
35794,ECG,4292,2464,0,0,0,0,0
35794,ECG,4293,2448,0,0,0,0,0
35794,ECG,4294,2432,0,0,0,0,0
35804,ECG,4295,2416,0,0,0,0,0
35804,ECG,4296,2400,0,0,0,0,0
35804,ECG,4297,2385,0,0,0,0,0
35804,ECG,4298,2369,0,0,0,0,0
35804,ECG,4299,2354,0,0,0,0,0
35814,ECG,4300,2338,0,0,0,0,0
35814,ECG,4301,2323,0,0,0,0,0
35814,ECG,4302,2308,0,0,0,0,0
35814,ECG,4303,2293,0,0,0,0,0
35814,ECG,4304,2278,0,0,0,0,0
35823,ECG,4305,2263,0,0,0,0,0
35823,ECG,4306,2248,0,0,0,0,0
35823,ECG,4307,2233,0,0,0,0,0
35823,ECG,4308,2219,0,0,0,0,0
35823,ECG,4309,2204,0,0,0,0,0
35833,ECG,4310,2190,0,0,0,0,0
35833,ECG,4311,2176,0,0,0,0,0
35833,ECG,4312,2161,0,0,0,0,0
35833,ECG,4313,2147,0,0,0,0,0
35833,ECG,4314,2133,0,0,0,0,0
35843,ECG,4315,2119,0,0,0,0,0
35843,ECG,4316,2105,0,0,0,0,0
35843,ECG,4317,2091,0,0,0,0,0
35843,ECG,4318,2078,0,0,0,0,0
35843,ECG,4319,2064,0,0,0,0,0
35853,ECG,4320,2050,0,0,0,0,0
35853,ECG,4321,2037,0,0,0,0,0
35853,ECG,4322,2023,0,0,0,0,0
35853,ECG,4323,2010,0,0,0,0,0
35853,ECG,4324,1997,0,0,0,0,0
35862,ECG,4325,1984,0,0,0,0,0
35862,ECG,4326,1971,0,0,0,0,0
35862,ECG,4327,1958,0,0,0,0,0
35862,ECG,4328,1945,0,0,0,0,0
35862,ECG,4329,1932,0,0,0,0,0
35872,ECG,4330,1919,0,0,0,0,0
35872,ECG,4331,1906,0,0,0,0,0
35872,ECG,4332,1894,0,0,0,0,0
35872,ECG,4333,1881,0,0,0,0,0
35872,ECG,4334,1869,0,0,0,0,0
35882,ECG,4335,1857,0,0,0,0,0
35882,ECG,4336,1844,0,0,0,0,0
35882,ECG,4337,1832,0,0,0,0,0
35882,ECG,4338,1820,0,0,0,0,0
35882,ECG,4339,1808,0,0,0,0,0
35892,ECG,4340,1796,0,0,0,0,0
35892,ECG,4341,1784,0,0,0,0,0
35892,ECG,4342,1772,0,0,0,0,0
35892,ECG,4343,1761,0,0,0,0,0
35892,ECG,4344,1749,0,0,0,0,0
35902,ECG,4345,1737,0,0,0,0,0
35902,ECG,4346,1726,0,0,0,0,0
35902,ECG,4347,1714,0,0,0,0,0
35902,ECG,4348,1703,0,0,0,0,0
35902,ECG,4349,1692,0,0,0,0,0
35911,ECG,4350,1681,0,0,0,0,0
35911,ECG,4351,1669,0,0,0,0,0
35911,ECG,4352,1658,0,0,0,0,0
35911,ECG,4353,1647,0,0,0,0,0
35911,ECG,4354,1636,0,0,0,0,0
35921,ECG,4355,1625,0,0,0,0,0
35921,ECG,4356,1615,0,0,0,0,0
35921,ECG,4357,1604,0,0,0,0,0
35921,ECG,4358,1593,0,0,0,0,0
35921,ECG,4359,1583,0,0,0,0,0
35931,ECG,4360,1572,0,0,0,0,0
35931,ECG,4361,1562,0,0,0,0,0
35931,ECG,4362,1551,0,0,0,0,0
35931,ECG,4363,1541,0,0,0,0,0
35931,ECG,4364,1531,0,0,0,0,0
35941,ECG,4365,1520,0,0,0,0,0
35941,ECG,4366,1510,0,0,0,0,0
35941,ECG,4367,1500,0,0,0,0,0
35941,ECG,4368,1490,0,0,0,0,0
35941,ECG,4369,1480,0,0,0,0,0
35951,ECG,4370,1470,0,0,0,0,0
35951,ECG,4371,1460,0,0,0,0,0
35951,ECG,4372,1451,0,0,0,0,0
35951,ECG,4373,1441,0,0,0,0,0
35951,ECG,4374,1431,0,0,0,0,0
35960,ECG,4375,1422,0,0,0,0,0
35960,ECG,4376,1412,0,0,0,0,0
35960,ECG,4377,1403,0,0,0,0,0
35960,ECG,4378,1393,0,0,0,0,0
35960,ECG,4379,1384,0,0,0,0,0
35970,ECG,4380,1375,0,0,0,0,0
35970,ECG,4381,1365,0,0,0,0,0
35970,ECG,4382,1356,0,0,0,0,0
35970,ECG,4383,1347,0,0,0,0,0
35970,ECG,4384,1338,0,0,0,0,0
35980,ECG,4385,1329,0,0,0,0,0
35980,ECG,4386,1320,0,0,0,0,0
35980,ECG,4387,1311,0,0,0,0,0
35980,ECG,4388,1302,0,0,0,0,0
35980,ECG,4389,1294,0,0,0,0,0
35990,ECG,4390,1285,0,0,0,0,0
35990,ECG,4391,1276,0,0,0,0,0
35990,ECG,4392,1268,0,0,0,0,0
35990,ECG,4393,1259,0,0,0,0,0
35990,ECG,4394,1251,0,0,0,0,0
35999,ECG,4395,1242,0,0,0,0,0
35999,ECG,4396,1234,0,0,0,0,0
35999,ECG,4397,1225,0,0,0,0,0
35999,ECG,4398,1217,0,0,0,0,0
35999,ECG,4399,1209,0,0,0,0,0
36009,ECG,4400,1201,0,0,0,0,0
36009,ECG,4401,1192,0,0,0,0,0
36009,ECG,4402,1184,0,0,0,0,0
36009,ECG,4403,1176,0,0,0,0,0
36009,ECG,4404,1168,0,0,0,0,0
36019,ECG,4405,1160,0,0,0,0,0
36019,ECG,4406,1152,0,0,0,0,0
36019,ECG,4407,1145,0,0,0,0,0
36019,ECG,4408,1137,0,0,0,0,0
36019,ECG,4409,1129,0,0,0,0,0
36029,ECG,4410,1121,0,0,0,0,0
36029,ECG,4411,1114,0,0,0,0,0
36029,ECG,4412,1106,0,0,0,0,0
36029,ECG,4413,1099,0,0,0,0,0
36029,ECG,4414,1091,0,0,0,0,0
37039,ECG,4415,0,0,0,0,0,0
37039,ECG,4416,-1,0,0,0,0,0
37039,ECG,4417,-6,0,0,0,0,0
37039,ECG,4418,2,0,0,0,0,0
37039,ECG,4419,6,0,0,0,0,0
37049,ECG,4420,-17,0,0,0,0,0
37049,ECG,4421,38,0,0,0,0,0
37049,ECG,4422,-16,0,0,0,0,0
37049,ECG,4423,-26,0,0,0,0,0
37049,ECG,4424,151,0,0,0,0,0
37058,ECG,4425,-753,0,0,0,0,0
37058,ECG,4426,-2109,0,0,0,0,0
37058,ECG,4427,-1850,0,0,0,0,0
37058,ECG,4428,-36,0,0,0,0,0
37058,ECG,4429,3394,0,0,0,0,0
37068,ECG,4430,8729,0,0,0,0,0
37068,ECG,4431,15156,0,0,0,0,0
37068,ECG,4432,21689,0,0,0,0,0
37068,ECG,4433,27397,0,0,0,0,0
37068,ECG,4434,31311,0,0,0,0,0
37078,ECG,4435,32011,0,0,0,0,0
37078,ECG,4436,31810,0,0,0,0,0
37078,ECG,4437,31610,0,0,0,0,0
37078,ECG,4438,31343,0,0,0,0,0
37078,ECG,4439,31109,0,0,0,0,0
37088,ECG,4440,31019,0,0,0,0,0
37088,ECG,4441,30731,0,0,0,0,0
37088,ECG,4442,30591,0,0,0,0,0
37088,ECG,4443,30395,0,0,0,0,0
37088,ECG,4444,30195,0,0,0,0,0
37098,ECG,4445,30019,0,0,0,0,0
37098,ECG,4446,29827,0,0,0,0,0
37098,ECG,4447,29638,0,0,0,0,0
37098,ECG,4448,29451,0,0,0,0,0
37098,ECG,4449,29266,0,0,0,0,0
37107,ECG,4450,29082,0,0,0,0,0
37107,ECG,4451,28900,0,0,0,0,0
37107,ECG,4452,28718,0,0,0,0,0
37107,ECG,4453,28537,0,0,0,0,0
37107,ECG,4454,28358,0,0,0,0,0
37117,ECG,4455,28180,0,0,0,0,0
37117,ECG,4456,28002,0,0,0,0,0
37117,ECG,4457,27826,0,0,0,0,0
37117,ECG,4458,27651,0,0,0,0,0
37117,ECG,4459,27478,0,0,0,0,0
37127,ECG,4460,27305,0,0,0,0,0
37127,ECG,4461,27133,0,0,0,0,0
37127,ECG,4462,26963,0,0,0,0,0
37127,ECG,4463,26793,0,0,0,0,0
37127,ECG,4464,26625,0,0,0,0,0
37137,ECG,4465,26457,0,0,0,0,0
37137,ECG,4466,26291,0,0,0,0,0
37137,ECG,4467,26126,0,0,0,0,0
37137,ECG,4468,25961,0,0,0,0,0
37137,ECG,4469,25798,0,0,0,0,0
37146,ECG,4470,25636,0,0,0,0,0
37146,ECG,4471,25475,0,0,0,0,0
37146,ECG,4472,25314,0,0,0,0,0
37146,ECG,4473,25155,0,0,0,0,0
37147,ECG,4474,24997,0,0,0,0,0
37156,ECG,4475,24840,0,0,0,0,0
37156,ECG,4476,24683,0,0,0,0,0
37156,ECG,4477,24528,0,0,0,0,0
37156,ECG,4478,24374,0,0,0,0,0
37156,ECG,4479,24221,0,0,0,0,0
37166,ECG,4480,24068,0,0,0,0,0
37166,ECG,4481,23917,0,0,0,0,0
37166,ECG,4482,23766,0,0,0,0,0
37166,ECG,4483,23617,0,0,0,0,0
37166,ECG,4484,23468,0,0,0,0,0
37176,ECG,4485,23321,0,0,0,0,0
37176,ECG,4486,23174,0,0,0,0,0
37176,ECG,4487,23028,0,0,0,0,0
37176,ECG,4488,22883,0,0,0,0,0
37176,ECG,4489,22739,0,0,0,0,0
37186,ECG,4490,22596,0,0,0,0,0
37186,ECG,4491,22454,0,0,0,0,0
37186,ECG,4492,22313,0,0,0,0,0
37186,ECG,4493,22172,0,0,0,0,0
37186,ECG,4494,22033,0,0,0,0,0
37195,ECG,4495,21894,0,0,0,0,0
37195,ECG,4496,21756,0,0,0,0,0
37195,ECG,4497,21619,0,0,0,0,0
37195,ECG,4498,21483,0,0,0,0,0
37195,ECG,4499,21348,0,0,0,0,0
37205,ECG,4500,21214,0,0,0,0,0
37205,ECG,4501,21080,0,0,0,0,0
37205,ECG,4502,20948,0,0,0,0,0
37205,ECG,4503,20816,0,0,0,0,0
37205,ECG,4504,20685,0,0,0,0,0
37215,ECG,4505,20555,0,0,0,0,0
37215,ECG,4506,20425,0,0,0,0,0
37215,ECG,4507,20297,0,0,0,0,0
37215,ECG,4508,20169,0,0,0,0,0
37215,ECG,4509,20042,0,0,0,0,0
37225,ECG,4510,19916,0,0,0,0,0
37225,ECG,4511,19790,0,0,0,0,0
37225,ECG,4512,19666,0,0,0,0,0
37225,ECG,4513,19542,0,0,0,0,0
37225,ECG,4514,19419,0,0,0,0,0
37235,ECG,4515,19297,0,0,0,0,0
37235,ECG,4516,19175,0,0,0,0,0
37235,ECG,4517,19055,0,0,0,0,0
37235,ECG,4518,18935,0,0,0,0,0
37235,ECG,4519,18815,0,0,0,0,0
37244,ECG,4520,18697,0,0,0,0,0
37244,ECG,4521,18579,0,0,0,0,0
37244,ECG,4522,18462,0,0,0,0,0
37244,ECG,4523,18346,0,0,0,0,0
37244,ECG,4524,18230,0,0,0,0,0
37254,ECG,4525,18116,0,0,0,0,0
37254,ECG,4526,18002,0,0,0,0,0
37254,ECG,4527,17888,0,0,0,0,0
37254,ECG,4528,17775,0,0,0,0,0
37254,ECG,4529,17663,0,0,0,0,0
37264,ECG,4530,17552,0,0,0,0,0
37264,ECG,4531,17442,0,0,0,0,0
37264,ECG,4532,17332,0,0,0,0,0
37264,ECG,4533,17222,0,0,0,0,0
37264,ECG,4534,17114,0,0,0,0,0
37274,ECG,4535,17006,0,0,0,0,0
37274,ECG,4536,16899,0,0,0,0,0
37274,ECG,4537,16792,0,0,0,0,0
37274,ECG,4538,16687,0,0,0,0,0
37274,ECG,4539,16581,0,0,0,0,0
37283,ECG,4540,16477,0,0,0,0,0
37283,ECG,4541,16373,0,0,0,0,0
37283,ECG,4542,16270,0,0,0,0,0
37283,ECG,4543,16167,0,0,0,0,0
37283,ECG,4544,16065,0,0,0,0,0
37293,ECG,4545,15964,0,0,0,0,0
37293,ECG,4546,15864,0,0,0,0,0
37293,ECG,4547,15764,0,0,0,0,0
37293,ECG,4548,15664,0,0,0,0,0
37293,ECG,4549,15566,0,0,0,0,0
37303,ECG,4550,15467,0,0,0,0,0
37303,ECG,4551,15370,0,0,0,0,0
37303,ECG,4552,15273,0,0,0,0,0
37303,ECG,4553,15177,0,0,0,0,0
37303,ECG,4554,15081,0,0,0,0,0
37313,ECG,4555,14986,0,0,0,0,0
37313,ECG,4556,14891,0,0,0,0,0
37313,ECG,4557,14797,0,0,0,0,0
37313,ECG,4558,14704,0,0,0,0,0
37313,ECG,4559,14611,0,0,0,0,0
37323,ECG,4560,14519,0,0,0,0,0
37323,ECG,4561,14428,0,0,0,0,0
37323,ECG,4562,14337,0,0,0,0,0
37323,ECG,4563,14246,0,0,0,0,0
37323,ECG,4564,14156,0,0,0,0,0
37332,ECG,4565,14067,0,0,0,0,0
37332,ECG,4566,13978,0,0,0,0,0
37332,ECG,4567,13890,0,0,0,0,0
37332,ECG,4568,13802,0,0,0,0,0
37332,ECG,4569,13715,0,0,0,0,0
37342,ECG,4570,13629,0,0,0,0,0
37342,ECG,4571,13543,0,0,0,0,0
37342,ECG,4572,13457,0,0,0,0,0
37342,ECG,4573,13372,0,0,0,0,0
37342,ECG,4574,13288,0,0,0,0,0
37352,ECG,4575,13204,0,0,0,0,0
37352,ECG,4576,13121,0,0,0,0,0
37352,ECG,4577,13038,0,0,0,0,0
37352,ECG,4578,12956,0,0,0,0,0
37352,ECG,4579,12874,0,0,0,0,0
37362,ECG,4580,12793,0,0,0,0,0
37362,ECG,4581,12712,0,0,0,0,0
37362,ECG,4582,12632,0,0,0,0,0
37362,ECG,4583,12552,0,0,0,0,0
37362,ECG,4584,12473,0,0,0,0,0
37372,ECG,4585,12394,0,0,0,0,0
37372,ECG,4586,12316,0,0,0,0,0
37372,ECG,4587,12238,0,0,0,0,0
37372,ECG,4588,12161,0,0,0,0,0
37372,ECG,4589,12084,0,0,0,0,0
37381,ECG,4590,12008,0,0,0,0,0
37381,ECG,4591,11932,0,0,0,0,0
37381,ECG,4592,11857,0,0,0,0,0
37381,ECG,4593,11782,0,0,0,0,0
37381,ECG,4594,11707,0,0,0,0,0
37391,ECG,4595,11633,0,0,0,0,0
37391,ECG,4596,11560,0,0,0,0,0
37391,ECG,4597,11487,0,0,0,0,0
37391,ECG,4598,11414,0,0,0,0,0
37391,ECG,4599,11342,0,0,0,0,0
37401,ECG,4600,11271,0,0,0,0,0
37401,ECG,4601,11199,0,0,0,0,0
37401,ECG,4602,11129,0,0,0,0,0
37401,ECG,4603,11058,0,0,0,0,0
37401,ECG,4604,10988,0,0,0,0,0
37411,ECG,4605,10919,0,0,0,0,0
37411,ECG,4606,10850,0,0,0,0,0
37411,ECG,4607,10781,0,0,0,0,0
37411,ECG,4608,10713,0,0,0,0,0
37411,ECG,4609,10645,0,0,0,0,0
37420,ECG,4610,10578,0,0,0,0,0
37420,ECG,4611,10511,0,0,0,0,0
37420,ECG,4612,10445,0,0,0,0,0
37420,ECG,4613,10379,0,0,0,0,0
37420,ECG,4614,10313,0,0,0,0,0
37430,ECG,4615,10248,0,0,0,0,0
37430,ECG,4616,10183,0,0,0,0,0
37430,ECG,4617,10118,0,0,0,0,0
37430,ECG,4618,10054,0,0,0,0,0
37430,ECG,4619,9991,0,0,0,0,0
37440,ECG,4620,9928,0,0,0,0,0
37440,ECG,4621,9865,0,0,0,0,0
37440,ECG,4622,9802,0,0,0,0,0
37440,ECG,4623,9740,0,0,0,0,0
37440,ECG,4624,9679,0,0,0,0,0
37450,ECG,4625,9617,0,0,0,0,0
37450,ECG,4626,9557,0,0,0,0,0
37450,ECG,4627,9496,0,0,0,0,0
37450,ECG,4628,9436,0,0,0,0,0
37450,ECG,4629,9376,0,0,0,0,0
37460,ECG,4630,9317,0,0,0,0,0
37460,ECG,4631,9258,0,0,0,0,0
37460,ECG,4632,9200,0,0,0,0,0
37460,ECG,4633,9141,0,0,0,0,0
37460,ECG,4634,9083,0,0,0,0,0
37469,ECG,4635,9026,0,0,0,0,0
37469,ECG,4636,8969,0,0,0,0,0
37469,ECG,4637,8912,0,0,0,0,0
37469,ECG,4638,8855,0,0,0,0,0
37469,ECG,4639,8799,0,0,0,0,0
37479,ECG,4640,8744,0,0,0,0,0
37479,ECG,4641,8688,0,0,0,0,0
37479,ECG,4642,8633,0,0,0,0,0
37479,ECG,4643,8578,0,0,0,0,0
37479,ECG,4644,8524,0,0,0,0,0
37489,ECG,4645,8470,0,0,0,0,0
37489,ECG,4646,8416,0,0,0,0,0
37489,ECG,4647,8363,0,0,0,0,0
37489,ECG,4648,8310,0,0,0,0,0
37489,ECG,4649,8257,0,0,0,0,0
37499,ECG,4650,8205,0,0,0,0,0
37499,ECG,4651,8153,0,0,0,0,0
37499,ECG,4652,8101,0,0,0,0,0
37499,ECG,4653,8050,0,0,0,0,0
37499,ECG,4654,7999,0,0,0,0,0
37509,ECG,4655,7948,0,0,0,0,0
37509,ECG,4656,7898,0,0,0,0,0
37509,ECG,4657,7848,0,0,0,0,0
37509,ECG,4658,7798,0,0,0,0,0
37509,ECG,4659,7749,0,0,0,0,0
37518,ECG,4660,7699,0,0,0,0,0
37518,ECG,4661,7651,0,0,0,0,0
37518,ECG,4662,7602,0,0,0,0,0
37518,ECG,4663,7554,0,0,0,0,0
37518,ECG,4664,7506,0,0,0,0,0
37528,ECG,4665,7458,0,0,0,0,0
37528,ECG,4666,7411,0,0,0,0,0
37528,ECG,4667,7364,0,0,0,0,0
37528,ECG,4668,7317,0,0,0,0,0
37528,ECG,4669,7271,0,0,0,0,0
37538,ECG,4670,7224,0,0,0,0,0
37538,ECG,4671,7178,0,0,0,0,0
37538,ECG,4672,7133,0,0,0,0,0
37538,ECG,4673,7088,0,0,0,0,0
37538,ECG,4674,7043,0,0,0,0,0
37548,ECG,4675,6998,0,0,0,0,0
37548,ECG,4676,6953,0,0,0,0,0
37548,ECG,4677,6909,0,0,0,0,0
37548,ECG,4678,6865,0,0,0,0,0
37548,ECG,4679,6821,0,0,0,0,0
37557,ECG,4680,6778,0,0,0,0,0
37557,ECG,4681,6735,0,0,0,0,0
37557,ECG,4682,6692,0,0,0,0,0
37557,ECG,4683,6650,0,0,0,0,0
37557,ECG,4684,6608,0,0,0,0,0
37567,ECG,4685,6566,0,0,0,0,0
37567,ECG,4686,6524,0,0,0,0,0
37567,ECG,4687,6482,0,0,0,0,0
37567,ECG,4688,6441,0,0,0,0,0
37567,ECG,4689,6400,0,0,0,0,0
37577,ECG,4690,6359,0,0,0,0,0
37577,ECG,4691,6319,0,0,0,0,0
37577,ECG,4692,6279,0,0,0,0,0
37577,ECG,4693,6239,0,0,0,0,0
37577,ECG,4694,6199,0,0,0,0,0
37587,ECG,4695,6159,0,0,0,0,0
37587,ECG,4696,6120,0,0,0,0,0
37587,ECG,4697,6081,0,0,0,0,0
37587,ECG,4698,6042,0,0,0,0,0
37587,ECG,4699,6004,0,0,0,0,0
37597,ECG,4700,5966,0,0,0,0,0
37597,ECG,4701,5928,0,0,0,0,0
37597,ECG,4702,5890,0,0,0,0,0
37597,ECG,4703,5852,0,0,0,0,0
37597,ECG,4704,5815,0,0,0,0,0
37606,ECG,4705,5778,0,0,0,0,0
37606,ECG,4706,5741,0,0,0,0,0
37606,ECG,4707,5705,0,0,0,0,0
37606,ECG,4708,5669,0,0,0,0,0
37606,ECG,4709,5632,0,0,0,0,0
37616,ECG,4710,5596,0,0,0,0,0
37616,ECG,4711,5561,0,0,0,0,0
37616,ECG,4712,5525,0,0,0,0,0
37616,ECG,4713,5490,0,0,0,0,0
37616,ECG,4714,5455,0,0,0,0,0
37626,ECG,4715,5420,0,0,0,0,0
37626,ECG,4716,5386,0,0,0,0,0
37626,ECG,4717,5351,0,0,0,0,0
37626,ECG,4718,5317,0,0,0,0,0
37626,ECG,4719,5283,0,0,0,0,0
37636,ECG,4720,5249,0,0,0,0,0
37636,ECG,4721,5216,0,0,0,0,0
37636,ECG,4722,5183,0,0,0,0,0
37636,ECG,4723,5150,0,0,0,0,0
37636,ECG,4724,5117,0,0,0,0,0
37646,ECG,4725,5084,0,0,0,0,0
37646,ECG,4726,5051,0,0,0,0,0
37646,ECG,4727,5019,0,0,0,0,0
37646,ECG,4728,4987,0,0,0,0,0
37646,ECG,4729,4955,0,0,0,0,0
37655,ECG,4730,4924,0,0,0,0,0
37655,ECG,4731,4892,0,0,0,0,0
37655,ECG,4732,4861,0,0,0,0,0
37655,ECG,4733,4830,0,0,0,0,0
37655,ECG,4734,4799,0,0,0,0,0
37665,ECG,4735,4768,0,0,0,0,0
37665,ECG,4736,4738,0,0,0,0,0
37665,ECG,4737,4707,0,0,0,0,0
37665,ECG,4738,4677,0,0,0,0,0
37665,ECG,4739,4647,0,0,0,0,0
37675,ECG,4740,4618,0,0,0,0,0
37675,ECG,4741,4588,0,0,0,0,0
37675,ECG,4742,4559,0,0,0,0,0
37675,ECG,4743,4530,0,0,0,0,0
37675,ECG,4744,4501,0,0,0,0,0
37685,ECG,4745,4472,0,0,0,0,0
37685,ECG,4746,4443,0,0,0,0,0
37685,ECG,4747,4415,0,0,0,0,0
37685,ECG,4748,4386,0,0,0,0,0
37685,ECG,4749,4358,0,0,0,0,0
37694,ECG,4750,4330,0,0,0,0,0
37694,ECG,4751,4303,0,0,0,0,0
37694,ECG,4752,4275,0,0,0,0,0
37694,ECG,4753,4248,0,0,0,0,0
37694,ECG,4754,4220,0,0,0,0,0
37704,ECG,4755,4193,0,0,0,0,0
37704,ECG,4756,4166,0,0,0,0,0
37704,ECG,4757,4140,0,0,0,0,0
37704,ECG,4758,4113,0,0,0,0,0
37704,ECG,4759,4087,0,0,0,0,0
37714,ECG,4760,4060,0,0,0,0,0
37714,ECG,4761,4034,0,0,0,0,0
37714,ECG,4762,4008,0,0,0,0,0
37714,ECG,4763,3983,0,0,0,0,0
37714,ECG,4764,3957,0,0,0,0,0
37724,ECG,4765,3932,0,0,0,0,0
37724,ECG,4766,3906,0,0,0,0,0
37724,ECG,4767,3881,0,0,0,0,0
37724,ECG,4768,3856,0,0,0,0,0
37724,ECG,4769,3832,0,0,0,0,0
37734,ECG,4770,3807,0,0,0,0,0
37734,ECG,4771,3782,0,0,0,0,0
37734,ECG,4772,3758,0,0,0,0,0
37734,ECG,4773,3734,0,0,0,0,0
37734,ECG,4774,3710,0,0,0,0,0
37743,ECG,4775,3686,0,0,0,0,0
37743,ECG,4776,3662,0,0,0,0,0
37743,ECG,4777,3639,0,0,0,0,0
37743,ECG,4778,3615,0,0,0,0,0
37743,ECG,4779,3592,0,0,0,0,0
37753,ECG,4780,3569,0,0,0,0,0
37753,ECG,4781,3546,0,0,0,0,0
37753,ECG,4782,3523,0,0,0,0,0
37753,ECG,4783,3500,0,0,0,0,0
37753,ECG,4784,3478,0,0,0,0,0
37763,ECG,4785,3455,0,0,0,0,0
37763,ECG,4786,3433,0,0,0,0,0
37763,ECG,4787,3411,0,0,0,0,0
37763,ECG,4788,3389,0,0,0,0,0
37763,ECG,4789,3367,0,0,0,0,0
37773,ECG,4790,3345,0,0,0,0,0
37773,ECG,4791,3324,0,0,0,0,0
37773,ECG,4792,3302,0,0,0,0,0
37773,ECG,4793,3281,0,0,0,0,0
37773,ECG,4794,3260,0,0,0,0,0
37783,ECG,4795,3239,0,0,0,0,0
37783,ECG,4796,3218,0,0,0,0,0
37783,ECG,4797,3197,0,0,0,0,0
37783,ECG,4798,3176,0,0,0,0,0
37783,ECG,4799,3156,0,0,0,0,0
37792,ECG,4800,3135,0,0,0,0,0
37792,ECG,4801,3115,0,0,0,0,0
37792,ECG,4802,3095,0,0,0,0,0
37792,ECG,4803,3075,0,0,0,0,0
37792,ECG,4804,3055,0,0,0,0,0
37802,ECG,4805,3035,0,0,0,0,0
37802,ECG,4806,3015,0,0,0,0,0
37802,ECG,4807,2996,0,0,0,0,0
37802,ECG,4808,2976,0,0,0,0,0
37802,ECG,4809,2957,0,0,0,0,0
37812,ECG,4810,2938,0,0,0,0,0
37812,ECG,4811,2919,0,0,0,0,0
37812,ECG,4812,2900,0,0,0,0,0
37812,ECG,4813,2881,0,0,0,0,0
37812,ECG,4814,2862,0,0,0,0,0
37822,ECG,4815,2844,0,0,0,0,0
37822,ECG,4816,2825,0,0,0,0,0
37822,ECG,4817,2807,0,0,0,0,0
37822,ECG,4818,2789,0,0,0,0,0
37822,ECG,4819,2771,0,0,0,0,0
37831,ECG,4820,2753,0,0,0,0,0
37831,ECG,4821,2735,0,0,0,0,0
37831,ECG,4822,2717,0,0,0,0,0
37831,ECG,4823,2700,0,0,0,0,0
37831,ECG,4824,2682,0,0,0,0,0
37841,ECG,4825,2665,0,0,0,0,0
37841,ECG,4826,2647,0,0,0,0,0
37841,ECG,4827,2630,0,0,0,0,0
37841,ECG,4828,2613,0,0,0,0,0
37841,ECG,4829,2596,0,0,0,0,0
37851,ECG,4830,2579,0,0,0,0,0
37851,ECG,4831,2562,0,0,0,0,0
37851,ECG,4832,2546,0,0,0,0,0
37851,ECG,4833,2529,0,0,0,0,0
37851,ECG,4834,2513,0,0,0,0,0
37861,ECG,4835,2496,0,0,0,0,0
37861,ECG,4836,2480,0,0,0,0,0
37861,ECG,4837,2464,0,0,0,0,0
37861,ECG,4838,2448,0,0,0,0,0
37861,ECG,4839,2432,0,0,0,0,0
37871,ECG,4840,2416,0,0,0,0,0
37871,ECG,4841,2400,0,0,0,0,0
37871,ECG,4842,2385,0,0,0,0,0
37871,ECG,4843,2369,0,0,0,0,0
37871,ECG,4844,2354,0,0,0,0,0
37880,ECG,4845,2338,0,0,0,0,0
37880,ECG,4846,2323,0,0,0,0,0
37880,ECG,4847,2308,0,0,0,0,0
37880,ECG,4848,2293,0,0,0,0,0
37880,ECG,4849,2278,0,0,0,0,0
37890,ECG,4850,2263,0,0,0,0,0
37890,ECG,4851,2248,0,0,0,0,0
37890,ECG,4852,2233,0,0,0,0,0
37890,ECG,4853,2219,0,0,0,0,0
37890,ECG,4854,2204,0,0,0,0,0
37900,ECG,4855,2190,0,0,0,0,0
37900,ECG,4856,2176,0,0,0,0,0
37900,ECG,4857,2161,0,0,0,0,0
37900,ECG,4858,2147,0,0,0,0,0
37900,ECG,4859,2133,0,0,0,0,0
37910,ECG,4860,2119,0,0,0,0,0
37910,ECG,4861,2105,0,0,0,0,0
37910,ECG,4862,2091,0,0,0,0,0
37910,ECG,4863,2078,0,0,0,0,0
37910,ECG,4864,2064,0,0,0,0,0
37920,ECG,4865,2050,0,0,0,0,0
37920,ECG,4866,2037,0,0,0,0,0
37920,ECG,4867,2023,0,0,0,0,0
37920,ECG,4868,2010,0,0,0,0,0
37920,ECG,4869,1997,0,0,0,0,0
37929,ECG,4870,1984,0,0,0,0,0
37929,ECG,4871,1971,0,0,0,0,0
37929,ECG,4872,1958,0,0,0,0,0
37929,ECG,4873,1945,0,0,0,0,0
37929,ECG,4874,1932,0,0,0,0,0
37939,ECG,4875,1919,0,0,0,0,0
37939,ECG,4876,1906,0,0,0,0,0
37939,ECG,4877,1894,0,0,0,0,0
37939,ECG,4878,1881,0,0,0,0,0
37939,ECG,4879,1869,0,0,0,0,0
37949,ECG,4880,1857,0,0,0,0,0
37949,ECG,4881,1844,0,0,0,0,0
37949,ECG,4882,1832,0,0,0,0,0
37949,ECG,4883,1820,0,0,0,0,0
37949,ECG,4884,1808,0,0,0,0,0
37959,ECG,4885,1796,0,0,0,0,0
37959,ECG,4886,1784,0,0,0,0,0
37959,ECG,4887,1772,0,0,0,0,0
37959,ECG,4888,1761,0,0,0,0,0
37959,ECG,4889,1749,0,0,0,0,0
37968,ECG,4890,1737,0,0,0,0,0
37968,ECG,4891,1726,0,0,0,0,0
37968,ECG,4892,1714,0,0,0,0,0
37968,ECG,4893,1703,0,0,0,0,0
37968,ECG,4894,1692,0,0,0,0,0
37978,ECG,4895,1681,0,0,0,0,0
37978,ECG,4896,1669,0,0,0,0,0
37978,ECG,4897,1658,0,0,0,0,0
37978,ECG,4898,1647,0,0,0,0,0
37978,ECG,4899,1636,0,0,0,0,0
37988,ECG,4900,1625,0,0,0,0,0
37988,ECG,4901,1615,0,0,0,0,0
37988,ECG,4902,1604,0,0,0,0,0
37988,ECG,4903,1593,0,0,0,0,0
37988,ECG,4904,1583,0,0,0,0,0
37998,ECG,4905,1572,0,0,0,0,0
37998,ECG,4906,1562,0,0,0,0,0
37998,ECG,4907,1551,0,0,0,0,0
37998,ECG,4908,1541,0,0,0,0,0
37998,ECG,4909,1531,0,0,0,0,0
38008,ECG,4910,1520,0,0,0,0,0
38008,ECG,4911,1510,0,0,0,0,0
38008,ECG,4912,1500,0,0,0,0,0
38008,ECG,4913,1490,0,0,0,0,0
38008,ECG,4914,1480,0,0,0,0,0
38017,ECG,4915,1470,0,0,0,0,0
38017,ECG,4916,1460,0,0,0,0,0
38017,ECG,4917,1451,0,0,0,0,0
38017,ECG,4918,1441,0,0,0,0,0
38017,ECG,4919,1431,0,0,0,0,0
38027,ECG,4920,1422,0,0,0,0,0
38027,ECG,4921,1412,0,0,0,0,0
38027,ECG,4922,1403,0,0,0,0,0
38027,ECG,4923,1393,0,0,0,0,0
38027,ECG,4924,1384,0,0,0,0,0
38037,ECG,4925,1375,0,0,0,0,0
38037,ECG,4926,1365,0,0,0,0,0
38037,ECG,4927,1356,0,0,0,0,0
38037,ECG,4928,1347,0,0,0,0,0
38037,ECG,4929,1338,0,0,0,0,0
38047,ECG,4930,1329,0,0,0,0,0
38047,ECG,4931,1320,0,0,0,0,0
38047,ECG,4932,1311,0,0,0,0,0
38047,ECG,4933,1302,0,0,0,0,0
38047,ECG,4934,1294,0,0,0,0,0
38057,ECG,4935,1285,0,0,0,0,0
38057,ECG,4936,1276,0,0,0,0,0
38057,ECG,4937,1268,0,0,0,0,0
38057,ECG,4938,1259,0,0,0,0,0
38057,ECG,4939,1251,0,0,0,0,0
38066,ECG,4940,1242,0,0,0,0,0
38066,ECG,4941,1234,0,0,0,0,0
38066,ECG,4942,1225,0,0,0,0,0
38066,ECG,4943,1217,0,0,0,0,0
38066,ECG,4944,1209,0,0,0,0,0
38076,ECG,4945,1201,0,0,0,0,0
38076,ECG,4946,1192,0,0,0,0,0
38076,ECG,4947,1184,0,0,0,0,0
38076,ECG,4948,1176,0,0,0,0,0
38076,ECG,4949,1168,0,0,0,0,0
38086,ECG,4950,1160,0,0,0,0,0
38086,ECG,4951,1152,0,0,0,0,0
38086,ECG,4952,1145,0,0,0,0,0
38086,ECG,4953,1137,0,0,0,0,0
38086,ECG,4954,1129,0,0,0,0,0
39105,ECG,4955,0,0,0,0,0,0
39105,ECG,4956,-1,0,0,0,0,0
39105,ECG,4957,-6,0,0,0,0,0
39105,ECG,4958,2,0,0,0,0,0
39105,ECG,4959,6,0,0,0,0,0
39115,ECG,4960,-17,0,0,0,0,0
39115,ECG,4961,38,0,0,0,0,0
39115,ECG,4962,-16,0,0,0,0,0
39115,ECG,4963,-26,0,0,0,0,0
39115,ECG,4964,151,0,0,0,0,0
39124,ECG,4965,-753,0,0,0,0,0
39124,ECG,4966,-2109,0,0,0,0,0
39124,ECG,4967,-1850,0,0,0,0,0
39124,ECG,4968,-36,0,0,0,0,0
39124,ECG,4969,3394,0,0,0,0,0
39134,ECG,4970,8729,0,0,0,0,0
39134,ECG,4971,15156,0,0,0,0,0
39134,ECG,4972,21689,0,0,0,0,0
39134,ECG,4973,27397,0,0,0,0,0
39134,ECG,4974,31311,0,0,0,0,0
39144,ECG,4975,32011,0,0,0,0,0
39144,ECG,4976,31810,0,0,0,0,0
39144,ECG,4977,31610,0,0,0,0,0
39144,ECG,4978,31343,0,0,0,0,0
39144,ECG,4979,31109,0,0,0,0,0
39154,ECG,4980,31019,0,0,0,0,0
39154,ECG,4981,30731,0,0,0,0,0
39154,ECG,4982,30591,0,0,0,0,0
39154,ECG,4983,30395,0,0,0,0,0
39154,ECG,4984,30195,0,0,0,0,0
39164,ECG,4985,30019,0,0,0,0,0
39164,ECG,4986,29827,0,0,0,0,0
39164,ECG,4987,29638,0,0,0,0,0
39164,ECG,4988,29451,0,0,0,0,0
39164,ECG,4989,29266,0,0,0,0,0
39173,ECG,4990,29082,0,0,0,0,0
39173,ECG,4991,28900,0,0,0,0,0
39173,ECG,4992,28718,0,0,0,0,0
39173,ECG,4993,28537,0,0,0,0,0
39173,ECG,4994,28358,0,0,0,0,0
39183,ECG,4995,28180,0,0,0,0,0
39183,ECG,4996,28002,0,0,0,0,0
39183,ECG,4997,27826,0,0,0,0,0
39183,ECG,4998,27651,0,0,0,0,0
39183,ECG,4999,27478,0,0,0,0,0
39193,ECG,5000,27305,0,0,0,0,0
39193,ECG,5001,27133,0,0,0,0,0
39193,ECG,5002,26963,0,0,0,0,0
39193,ECG,5003,26793,0,0,0,0,0
39193,ECG,5004,26625,0,0,0,0,0
39203,ECG,5005,26457,0,0,0,0,0
39203,ECG,5006,26291,0,0,0,0,0
39203,ECG,5007,26126,0,0,0,0,0
39203,ECG,5008,25961,0,0,0,0,0
39203,ECG,5009,25798,0,0,0,0,0
39212,ECG,5010,25636,0,0,0,0,0
39212,ECG,5011,25475,0,0,0,0,0
39212,ECG,5012,25314,0,0,0,0,0
39212,ECG,5013,25155,0,0,0,0,0
39212,ECG,5014,24997,0,0,0,0,0
39222,ECG,5015,24840,0,0,0,0,0
39222,ECG,5016,24683,0,0,0,0,0
39222,ECG,5017,24528,0,0,0,0,0
39222,ECG,5018,24374,0,0,0,0,0
39222,ECG,5019,24221,0,0,0,0,0
39232,ECG,5020,24068,0,0,0,0,0
39232,ECG,5021,23917,0,0,0,0,0
39232,ECG,5022,23766,0,0,0,0,0
39232,ECG,5023,23617,0,0,0,0,0
39232,ECG,5024,23468,0,0,0,0,0
39242,ECG,5025,23321,0,0,0,0,0
39242,ECG,5026,23174,0,0,0,0,0
39242,ECG,5027,23028,0,0,0,0,0
39242,ECG,5028,22883,0,0,0,0,0
39242,ECG,5029,22739,0,0,0,0,0
39252,ECG,5030,22596,0,0,0,0,0
39252,ECG,5031,22454,0,0,0,0,0
39252,ECG,5032,22313,0,0,0,0,0
39252,ECG,5033,22172,0,0,0,0,0
39252,ECG,5034,22033,0,0,0,0,0
39261,ECG,5035,21894,0,0,0,0,0
39261,ECG,5036,21756,0,0,0,0,0
39261,ECG,5037,21619,0,0,0,0,0
39261,ECG,5038,21483,0,0,0,0,0
39261,ECG,5039,21348,0,0,0,0,0
39271,ECG,5040,21214,0,0,0,0,0
39271,ECG,5041,21080,0,0,0,0,0
39271,ECG,5042,20948,0,0,0,0,0
39271,ECG,5043,20816,0,0,0,0,0
39271,ECG,5044,20685,0,0,0,0,0
39281,ECG,5045,20555,0,0,0,0,0
39281,ECG,5046,20425,0,0,0,0,0
39281,ECG,5047,20297,0,0,0,0,0
39281,ECG,5048,20169,0,0,0,0,0
39281,ECG,5049,20042,0,0,0,0,0
39291,ECG,5050,19916,0,0,0,0,0
39291,ECG,5051,19790,0,0,0,0,0
39291,ECG,5052,19666,0,0,0,0,0
39291,ECG,5053,19542,0,0,0,0,0
39291,ECG,5054,19419,0,0,0,0,0
39301,ECG,5055,19297,0,0,0,0,0
39301,ECG,5056,19175,0,0,0,0,0
39301,ECG,5057,19055,0,0,0,0,0
39301,ECG,5058,18935,0,0,0,0,0
39301,ECG,5059,18815,0,0,0,0,0
39310,ECG,5060,18697,0,0,0,0,0
39310,ECG,5061,18579,0,0,0,0,0
39310,ECG,5062,18462,0,0,0,0,0
39310,ECG,5063,18346,0,0,0,0,0
39310,ECG,5064,18230,0,0,0,0,0
39320,ECG,5065,18116,0,0,0,0,0
39320,ECG,5066,18002,0,0,0,0,0
39320,ECG,5067,17888,0,0,0,0,0
39320,ECG,5068,17775,0,0,0,0,0
39320,ECG,5069,17663,0,0,0,0,0
39330,ECG,5070,17552,0,0,0,0,0
39330,ECG,5071,17442,0,0,0,0,0
39330,ECG,5072,17332,0,0,0,0,0
39330,ECG,5073,17222,0,0,0,0,0
39330,ECG,5074,17114,0,0,0,0,0
39340,ECG,5075,17006,0,0,0,0,0
39340,ECG,5076,16899,0,0,0,0,0
39340,ECG,5077,16792,0,0,0,0,0
39340,ECG,5078,16687,0,0,0,0,0
39340,ECG,5079,16581,0,0,0,0,0
39349,ECG,5080,16477,0,0,0,0,0
39349,ECG,5081,16373,0,0,0,0,0
39349,ECG,5082,16270,0,0,0,0,0
39349,ECG,5083,16167,0,0,0,0,0
39349,ECG,5084,16065,0,0,0,0,0
39359,ECG,5085,15964,0,0,0,0,0
39359,ECG,5086,15864,0,0,0,0,0
39359,ECG,5087,15764,0,0,0,0,0
39359,ECG,5088,15664,0,0,0,0,0
39359,ECG,5089,15566,0,0,0,0,0
39369,ECG,5090,15467,0,0,0,0,0
39369,ECG,5091,15370,0,0,0,0,0
39369,ECG,5092,15273,0,0,0,0,0
39369,ECG,5093,15177,0,0,0,0,0
39369,ECG,5094,15081,0,0,0,0,0
39379,ECG,5095,14986,0,0,0,0,0
39379,ECG,5096,14891,0,0,0,0,0
39379,ECG,5097,14797,0,0,0,0,0
39379,ECG,5098,14704,0,0,0,0,0
39379,ECG,5099,14611,0,0,0,0,0
39389,ECG,5100,14519,0,0,0,0,0
39389,ECG,5101,14428,0,0,0,0,0
39389,ECG,5102,14337,0,0,0,0,0
39389,ECG,5103,14246,0,0,0,0,0
39389,ECG,5104,14156,0,0,0,0,0
39398,ECG,5105,14067,0,0,0,0,0
39398,ECG,5106,13978,0,0,0,0,0
39398,ECG,5107,13890,0,0,0,0,0
39398,ECG,5108,13802,0,0,0,0,0
39398,ECG,5109,13715,0,0,0,0,0
39408,ECG,5110,13629,0,0,0,0,0
39408,ECG,5111,13543,0,0,0,0,0
39408,ECG,5112,13457,0,0,0,0,0
39408,ECG,5113,13372,0,0,0,0,0
39408,ECG,5114,13288,0,0,0,0,0
39418,ECG,5115,13204,0,0,0,0,0
39418,ECG,5116,13121,0,0,0,0,0
39418,ECG,5117,13038,0,0,0,0,0
39418,ECG,5118,12956,0,0,0,0,0
39418,ECG,5119,12874,0,0,0,0,0
35051,PPG,200,130049,60077,0,0,0,0
35127,PPG,201,130069,60083,0,0,0,0
35204,PPG,202,130047,60079,0,0,0,0
35284,PPG,203,130066,60083,0,0,0,0
35362,PPG,204,130054,60078,0,0,0,0
35452,PPG,205,130057,60078,0,0,0,0
35527,PPG,206,130064,60071,0,0,0,0
35605,PPG,207,130069,60083,0,0,0,0
35683,PPG,208,130054,60067,0,0,0,0
35760,PPG,209,130064,60082,0,0,0,0
35841,PPG,210,130065,60079,0,0,0,0
35918,PPG,211,130062,60070,0,0,0,0
35997,PPG,212,130065,60082,0,0,0,0
36077,PPG,213,130065,60083,0,0,0,0
36160,PPG,214,130058,60072,0,0,0,0
36236,PPG,215,130059,60068,0,0,0,0
36320,PPG,216,130070,60084,0,0,0,0
36395,PPG,217,130067,60080,0,0,0,0
36474,PPG,218,130060,60084,0,0,0,0
36554,PPG,219,130065,60072,0,0,0,0
36637,PPG,220,130050,60081,0,0,0,0
36715,PPG,221,130041,60068,0,0,0,0
36792,PPG,222,130047,60074,0,0,0,0
36872,PPG,223,130071,60072,0,0,0,0
36952,PPG,224,130063,60085,0,0,0,0
37031,PPG,225,130073,60077,0,0,0,0
37110,PPG,226,130062,60081,0,0,0,0
37195,PPG,227,130070,60073,0,0,0,0
37270,PPG,228,130063,60086,0,0,0,0
37348,PPG,229,130060,60086,0,0,0,0
37428,PPG,230,130056,60080,0,0,0,0
37507,PPG,231,130069,60069,0,0,0,0
37587,PPG,232,130058,60071,0,0,0,0
37670,PPG,233,130057,60084,0,0,0,0
37748,PPG,234,130068,60078,0,0,0,0
37825,PPG,235,130062,60093,0,0,0,0
37904,PPG,236,130067,60079,0,0,0,0
37983,PPG,237,130069,60088,0,0,0,0
38073,PPG,238,130066,60077,0,0,0,0
38142,PPG,239,130058,60078,0,0,0,0
38225,PPG,240,130059,60080,0,0,0,0
38303,PPG,241,130062,60084,0,0,0,0
38381,PPG,242,130073,60071,0,0,0,0
38460,PPG,243,130072,60071,0,0,0,0
38540,PPG,244,130064,60077,0,0,0,0
38620,PPG,245,130056,60073,0,0,0,0
38699,PPG,246,130050,60076,0,0,0,0
38782,PPG,247,130069,60080,0,0,0,0
38859,PPG,248,130068,60078,0,0,0,0
38939,PPG,249,130071,60071,0,0,0,0
39017,PPG,250,130061,60071,0,0,0,0
39097,PPG,251,130064,60074,0,0,0,0
39176,PPG,252,130055,60083,0,0,0,0
39260,PPG,253,130067,60080,0,0,0,0
39340,PPG,254,130062,60084,0,0,0,0
39414,PPG,255,130064,60083,0,0,0,0
39496,PPG,256,130067,60079,0,0,0,0
39575,PPG,257,130054,60083,0,0,0,0
39655,PPG,258,130068,60087,0,0,0,0
39737,PPG,259,130072,60080,0,0,0,0
39817,PPG,260,130064,60082,0,0,0,0
39892,PPG,261,130056,60072,0,0,0,0
39970,PPG,262,130059,60079,0,0,0,0
40049,PPG,263,130061,60078,0,0,0,0
40129,PPG,264,130049,60077,0,0,0,0
40208,PPG,265,130036,60077,0,0,0,0
40291,PPG,266,130095,60084,0,0,0,0
40370,PPG,267,130078,60086,0,0,0,0
40447,PPG,268,130068,60077,0,0,0,0
40526,PPG,269,130069,60071,0,0,0,0
40606,PPG,270,130053,60082,0,0,0,0
40693,PPG,271,130064,60070,0,0,0,0
40765,PPG,272,130068,60071,0,0,0,0
40848,PPG,273,130063,60080,0,0,0,0
40925,PPG,274,130057,60072,0,0,0,0
41004,PPG,275,130067,60073,0,0,0,0
41083,PPG,276,130060,60081,0,0,0,0
41163,PPG,277,130069,60063,0,0,0,0
41242,PPG,278,130058,60079,0,0,0,0
41322,PPG,279,130053,60075,0,0,0,0
41404,PPG,280,130064,60076,0,0,0,0
41480,PPG,281,130069,60076,0,0,0,0
41564,PPG,282,130066,60081,0,0,0,0
41639,PPG,283,130064,60067,0,0,0,0
41718,PPG,284,130069,60075,0,0,0,0
41798,PPG,285,130066,60071,0,0,0,0
41881,PPG,286,130060,60070,0,0,0,0
41959,PPG,287,130064,60079,0,0,0,0
42036,PPG,288,130068,60076,0,0,0,0
42115,PPG,289,130056,60085,0,0,0,0
42195,PPG,290,130059,60075,0,0,0,0
42274,PPG,291,130068,60082,0,0,0,0
42354,PPG,292,130069,60072,0,0,0,0
42438,PPG,293,130075,60074,0,0,0,0
42513,PPG,294,130046,60070,0,0,0,0
42593,PPG,295,130066,60075,0,0,0,0
42672,PPG,296,130066,60075,0,0,0,0
42752,PPG,297,130063,60080,0,0,0,0
42831,PPG,298,130059,60081,0,0,0,0
42914,PPG,299,130063,60073,0,0,0,0
39260,IMU,1040,1104,-352,8356,-100,53,45
39278,IMU,1041,1132,-408,8304,-102,60,45
39297,IMU,1042,1056,-408,8388,-94,72,30
39316,IMU,1043,1096,-420,8428,-93,58,47
39335,IMU,1044,1084,-440,8460,-103,54,32
39354,IMU,1045,1004,-352,8484,-103,46,26
39373,IMU,1046,1152,-380,8348,-87,68,43
39395,IMU,1047,1104,-372,8416,-102,58,57
39412,IMU,1048,1092,-360,8408,-98,62,36
39431,IMU,1049,1068,-416,8564,-100,61,26
39450,IMU,1050,1064,-428,8448,-89,55,32
39469,IMU,1051,1100,-384,8412,-91,60,40
39488,IMU,1052,1084,-352,8432,-100,52,44
39507,IMU,1053,1028,-232,8448,-86,67,42
39526,IMU,1054,1292,-964,8488,-79,11,48
39545,IMU,1055,1060,-436,8280,-107,75,56
39564,IMU,1056,1068,-456,8416,-100,36,39
39586,IMU,1057,964,-364,8416,-133,81,40
39603,IMU,1058,1100,-424,8348,-111,97,52
39622,IMU,1059,1064,-428,8460,-92,60,35
39641,IMU,1060,976,-348,8348,-102,85,47
39660,IMU,1061,1088,-384,8524,-77,44,29
39679,IMU,1062,1080,-344,8392,-96,58,29
39698,IMU,1063,1068,-336,8396,-109,82,51
39717,IMU,1064,1108,-428,8356,-93,41,41
39737,IMU,1065,1180,-316,8404,-108,52,43
39756,IMU,1066,1144,-332,8280,-101,77,48
39775,IMU,1067,1052,-424,8292,-91,54,34
39794,IMU,1068,1084,-404,8400,-97,62,42
39814,IMU,1069,1136,-432,8368,-75,51,55
39832,IMU,1070,1100,-372,8388,-100,84,36
39851,IMU,1071,1128,-380,8432,-83,26,43
39870,IMU,1072,1148,-452,8384,-104,67,52
39890,IMU,1073,1036,-432,8320,-86,69,41
39909,IMU,1074,996,-272,8432,-106,57,39
39928,IMU,1075,1140,-320,8312,-114,66,42
39947,IMU,1076,1080,-348,8472,-80,67,30
39966,IMU,1077,1100,-408,8392,-97,49,39
39985,IMU,1078,1124,-412,8328,-93,53,50
40004,IMU,1079,1172,-416,8372,-107,69,48
40026,IMU,1080,1136,-432,8396,-91,53,37
40042,IMU,1081,1124,-448,8508,-104,55,41
40061,IMU,1082,1172,-452,8452,-93,46,50
40080,IMU,1083,1064,-500,8428,-95,50,46
40100,IMU,1084,1180,-376,8276,-114,65,50
40119,IMU,1085,1140,-272,8448,-85,45,50
40138,IMU,1086,1000,-396,8464,-95,58,49
40157,IMU,1087,1216,-684,8608,-189,91,52
40176,IMU,1088,1368,-440,8324,-69,16,23
40195,IMU,1089,1080,-296,8316,-65,12,23
40214,IMU,1090,1144,-540,8368,-101,51,21
40236,IMU,1091,984,-412,8540,-73,39,34
40255,IMU,1092,1004,-408,8468,-81,69,43
40272,IMU,1093,1084,-352,8452,-84,70,24
40291,IMU,1094,1176,-380,8508,-113,52,47
40310,IMU,1095,1108,-500,8388,-108,37,36
40329,IMU,1096,1136,-448,8484,-97,50,46
40349,IMU,1097,1084,-252,8236,-100,85,40
40368,IMU,1098,1016,-488,8432,-96,56,49
40387,IMU,1099,1104,-232,8312,-86,60,48
40406,IMU,1100,1088,-396,8528,-95,77,45
40425,IMU,1101,1112,-380,8492,-92,80,31
40444,IMU,1102,1124,-492,8372,-99,51,38
40466,IMU,1103,1092,-408,8452,-96,54,43
40483,IMU,1104,1128,-388,8428,-110,60,32
40502,IMU,1105,1040,-400,8420,-118,60,44
40521,IMU,1106,1120,-344,8364,-97,71,47
40540,IMU,1107,1112,-412,8428,-94,51,39
40559,IMU,1108,1076,-360,8396,-88,75,29
40578,IMU,1109,1040,-344,8408,-90,66,45
40598,IMU,1110,1116,-468,8432,-74,67,37
40617,IMU,1111,1064,-488,8536,-91,53,35
40636,IMU,1112,1052,-352,8476,-111,46,61
40655,IMU,1113,1072,-460,8480,-100,74,35
40677,IMU,1114,1108,-452,8372,-87,48,35
40693,IMU,1115,1196,-504,8468,-105,61,38
40713,IMU,1116,976,-324,8340,-95,63,38
40732,IMU,1117,1092,-400,8428,-101,69,35
40751,IMU,1118,1100,-460,8384,-104,63,37
40770,IMU,1119,1008,-416,8392,-94,67,41
40789,IMU,1120,1072,-468,8476,-109,80,22
40808,IMU,1121,1092,-448,8492,-109,61,47
40828,IMU,1122,940,-464,8424,-102,54,37
40848,IMU,1123,1032,-448,8408,-94,58,44
40866,IMU,1124,1076,-476,8408,-91,68,50
40885,IMU,1125,1080,-384,8308,-101,58,53
40905,IMU,1126,1112,-416,8368,-88,63,48
40923,IMU,1127,1060,-408,8476,-107,62,39
40942,IMU,1128,1056,-364,8464,-83,67,43
40962,IMU,1129,1132,-424,8416,-97,53,40
40981,IMU,1130,1164,-340,8384,-87,73,36
41000,IMU,1131,1172,-408,8392,-100,50,40
41019,IMU,1132,1108,-436,8400,-96,59,28
41038,IMU,1133,1196,-464,8368,-74,60,53
41057,IMU,1134,1080,-412,8468,-101,62,37
41077,IMU,1135,1040,-352,8332,-107,56,33
41096,IMU,1136,1060,-360,8408,-109,67,33
41117,IMU,1137,1072,-432,8444,-98,66,47
41134,IMU,1138,1024,-372,8420,-98,55,42
41153,IMU,1139,1072,-428,8368,-99,72,42
41173,IMU,1140,1120,-388,8444,-96,63,45
41192,IMU,1141,1076,-404,8384,-120,72,60
41211,IMU,1142,1012,-412,8412,-87,62,51
41230,IMU,1143,1076,-312,8356,-90,75,36
41249,IMU,1144,1056,-440,8468,-97,49,54
41268,IMU,1145,1112,-440,8400,-88,62,52
41287,IMU,1146,1036,-368,8384,-82,57,44
41306,IMU,1147,1132,-376,8300,-118,63,33
41327,IMU,1148,1120,-332,8484,-80,64,47
41346,IMU,1149,1088,-392,8420,-99,54,43
41363,IMU,1150,1140,-476,8432,-102,58,37
41382,IMU,1151,1172,-500,8320,-95,58,55
41402,IMU,1152,1104,-392,8348,-102,80,43
41421,IMU,1153,1144,-416,8480,-107,58,50
41440,IMU,1154,1104,-516,8416,-96,59,43
41459,IMU,1155,1156,-412,8336,-85,61,29
41478,IMU,1156,1036,-300,8420,-97,64,40
41497,IMU,1157,1268,-368,8372,-104,52,51
41517,IMU,1158,1128,-372,8352,-111,69,44
41536,IMU,1159,1136,-416,8400,-98,61,56
41556,IMU,1160,1084,-264,8376,-112,59,38
41574,IMU,1161,1164,-400,8352,-95,61,49
41593,IMU,1162,1088,-428,8380,-93,55,47
41612,IMU,1163,1140,-448,8440,-97,74,50
41631,IMU,1164,1136,-352,8440,-95,43,43
41650,IMU,1165,1108,-388,8412,-106,62,36
41669,IMU,1166,1052,-448,8440,-99,70,35
41688,IMU,1167,1104,-432,8488,-108,57,27
41708,IMU,1168,1112,-452,8396,-107,58,50
41727,IMU,1169,1024,-376,8420,-106,64,30
41746,IMU,1170,976,-368,8448,-96,60,51
41769,IMU,1171,1080,-460,8472,-99,49,30
41785,IMU,1172,1060,-400,8420,-71,43,47
41803,IMU,1173,1032,-400,8424,-88,51,41
41822,IMU,1174,1056,-472,8496,-112,66,45
41841,IMU,1175,1052,-388,8296,-97,46,39
41861,IMU,1176,1008,-444,8520,-99,54,49
41881,IMU,1177,1116,-412,8380,-102,45,41
41899,IMU,1178,1196,-472,8376,-91,42,30
41918,IMU,1179,1108,-324,8424,-98,55,42
41937,IMU,1180,1040,-300,8428,-112,64,41
41956,IMU,1181,1140,-376,8440,-79,40,29
41976,IMU,1182,1148,-392,8428,-89,65,45
41997,IMU,1183,1144,-436,8420,-90,70,40
42014,IMU,1184,1160,-392,8480,-94,57,37
42033,IMU,1185,1052,-420,8420,-90,53,37
42052,IMU,1186,1124,-428,8420,-100,53,41
42071,IMU,1187,1120,-332,8404,-99,57,43
42090,IMU,1188,996,-524,8376,-98,76,49
42109,IMU,1189,1136,-412,8528,-83,64,33
42128,IMU,1190,1120,-468,8420,-99,74,37
42147,IMU,1191,1032,-404,8412,-90,60,41
42166,IMU,1192,1088,-460,8376,-100,48,47
42186,IMU,1193,1040,-304,8436,-93,63,50
42208,IMU,1194,1176,-432,8380,-106,56,43
42224,IMU,1195,1048,-392,8476,-97,47,38
42243,IMU,1196,1136,-340,8400,-98,60,32
42262,IMU,1197,1112,-480,8396,-105,51,29
42281,IMU,1198,1076,-508,8376,-105,73,37
42300,IMU,1199,1048,-520,8376,-82,61,39
42320,IMU,1200,1124,-352,8392,-98,67,50
42339,IMU,1201,1132,-388,8616,-81,50,41
42358,IMU,1202,1096,-304,8408,-101,47,56
42377,IMU,1203,1040,-376,8460,-105,45,43
42396,IMU,1204,1092,-368,8376,-98,46,53
42415,IMU,1205,1084,-356,8380,-98,65,42
42436,IMU,1206,1180,-404,8484,-98,56,36
42454,IMU,1207,1100,-380,8444,-104,58,33
42473,IMU,1208,1064,-356,8412,-103,64,53
42492,IMU,1209,1084,-436,8488,-84,60,47
42511,IMU,1210,1112,-472,8328,-90,69,47
42530,IMU,1211,1120,-372,8332,-94,55,37
42550,IMU,1212,1112,-360,8500,-90,55,35
42569,IMU,1213,1112,-420,8392,-98,59,31
42588,IMU,1214,1076,-416,8412,-109,74,36
42607,IMU,1215,1028,-412,8424,-88,53,27
42626,IMU,1216,1064,-400,8352,-102,72,22
42647,IMU,1217,1100,-412,8436,-109,58,50
42664,IMU,1218,1144,-380,8340,-106,51,53
42684,IMU,1219,1016,-412,8404,-94,64,30
42703,IMU,1220,996,-444,8432,-95,81,42
42722,IMU,1221,1128,-448,8368,-94,70,34
42741,IMU,1222,1052,-528,8468,-93,65,49
42760,IMU,1223,1052,-376,8416,-106,70,42
42779,IMU,1224,1128,-380,8316,-84,52,36
42799,IMU,1225,1048,-392,8416,-93,49,45
42818,IMU,1226,1248,-264,8408,-102,53,47
42837,IMU,1227,1064,-420,8336,-109,58,48
42860,IMU,1228,1092,-468,8428,-108,71,56
42876,IMU,1229,1172,-472,8416,-92,45,44
42894,IMU,1230,1060,-404,8408,-92,52,51
42914,IMU,1231,1116,-412,8488,-77,58,32
42933,IMU,1232,1152,-404,8408,-95,68,45
42952,IMU,1233,1164,-392,8412,-96,45,39
42971,IMU,1234,1192,-424,8456,-93,62,50
42990,IMU,1235,1068,-364,8380,-102,54,41
43009,IMU,1236,1100,-412,8432,-102,60,38
43028,IMU,1237,1044,-464,8360,-92,50,44
43048,IMU,1238,1096,-468,8412,-82,36,46
43067,IMU,1239,1080,-472,8408,-99,47,49
43088,IMU,1240,1092,-464,8444,-105,76,38
43105,IMU,1241,1168,-492,8380,-89,59,63
43124,IMU,1242,948,-388,8396,-104,54,46
43143,IMU,1243,1124,-388,8368,-102,69,36
43163,IMU,1244,1132,-352,8408,-85,50,36
43182,IMU,1245,1108,-432,8412,-104,56,41
43201,IMU,1246,1000,-340,8464,-106,65,50
43220,IMU,1247,1148,-468,8384,-93,48,29
39428,ECG,5120,12793,0,0,0,0,0
39428,ECG,5121,12712,0,0,0,0,0
39428,ECG,5122,12632,0,0,0,0,0
39428,ECG,5123,12552,0,0,0,0,0
39428,ECG,5124,12473,0,0,0,0,0
39438,ECG,5125,12394,0,0,0,0,0
39438,ECG,5126,12316,0,0,0,0,0
39438,ECG,5127,12238,0,0,0,0,0
39438,ECG,5128,12161,0,0,0,0,0
39438,ECG,5129,12084,0,0,0,0,0
39447,ECG,5130,12008,0,0,0,0,0
39447,ECG,5131,11932,0,0,0,0,0
39447,ECG,5132,11857,0,0,0,0,0
39447,ECG,5133,11782,0,0,0,0,0
39447,ECG,5134,11707,0,0,0,0,0
39457,ECG,5135,11633,0,0,0,0,0
39457,ECG,5136,11560,0,0,0,0,0
39457,ECG,5137,11487,0,0,0,0,0
39457,ECG,5138,11414,0,0,0,0,0
39457,ECG,5139,11342,0,0,0,0,0
39467,ECG,5140,11271,0,0,0,0,0
39467,ECG,5141,11199,0,0,0,0,0
39467,ECG,5142,11129,0,0,0,0,0
39467,ECG,5143,11058,0,0,0,0,0
39467,ECG,5144,10988,0,0,0,0,0
39477,ECG,5145,10919,0,0,0,0,0
39477,ECG,5146,10850,0,0,0,0,0
39477,ECG,5147,10781,0,0,0,0,0
39477,ECG,5148,10713,0,0,0,0,0
39477,ECG,5149,10645,0,0,0,0,0
39486,ECG,5150,10578,0,0,0,0,0
39486,ECG,5151,10511,0,0,0,0,0
39486,ECG,5152,10445,0,0,0,0,0
39486,ECG,5153,10379,0,0,0,0,0
39486,ECG,5154,10313,0,0,0,0,0
39496,ECG,5155,10248,0,0,0,0,0
39496,ECG,5156,10183,0,0,0,0,0
39496,ECG,5157,10118,0,0,0,0,0
39496,ECG,5158,10054,0,0,0,0,0
39496,ECG,5159,9991,0,0,0,0,0
39506,ECG,5160,9928,0,0,0,0,0
39506,ECG,5161,9865,0,0,0,0,0
39506,ECG,5162,9802,0,0,0,0,0
39506,ECG,5163,9740,0,0,0,0,0
39506,ECG,5164,9679,0,0,0,0,0
39516,ECG,5165,9617,0,0,0,0,0
39516,ECG,5166,9557,0,0,0,0,0
39516,ECG,5167,9496,0,0,0,0,0
39516,ECG,5168,9436,0,0,0,0,0
39516,ECG,5169,9376,0,0,0,0,0
39526,ECG,5170,9317,0,0,0,0,0
39526,ECG,5171,9258,0,0,0,0,0
39526,ECG,5172,9200,0,0,0,0,0
39526,ECG,5173,9141,0,0,0,0,0
39526,ECG,5174,9083,0,0,0,0,0
39535,ECG,5175,9026,0,0,0,0,0
39535,ECG,5176,8969,0,0,0,0,0
39535,ECG,5177,8912,0,0,0,0,0
39535,ECG,5178,8855,0,0,0,0,0
39535,ECG,5179,8799,0,0,0,0,0
39545,ECG,5180,8744,0,0,0,0,0
39545,ECG,5181,8688,0,0,0,0,0
39545,ECG,5182,8633,0,0,0,0,0
39545,ECG,5183,8578,0,0,0,0,0
39545,ECG,5184,8524,0,0,0,0,0
39555,ECG,5185,8470,0,0,0,0,0
39555,ECG,5186,8416,0,0,0,0,0
39555,ECG,5187,8363,0,0,0,0,0
39555,ECG,5188,8310,0,0,0,0,0
39555,ECG,5189,8257,0,0,0,0,0
39565,ECG,5190,8205,0,0,0,0,0
39565,ECG,5191,8153,0,0,0,0,0
39565,ECG,5192,8101,0,0,0,0,0
39565,ECG,5193,8050,0,0,0,0,0
39565,ECG,5194,7999,0,0,0,0,0
39574,ECG,5195,7948,0,0,0,0,0
39574,ECG,5196,7898,0,0,0,0,0
39574,ECG,5197,7848,0,0,0,0,0
39574,ECG,5198,7798,0,0,0,0,0
39574,ECG,5199,7749,0,0,0,0,0
39584,ECG,5200,7699,0,0,0,0,0
39584,ECG,5201,7651,0,0,0,0,0
39584,ECG,5202,7602,0,0,0,0,0
39584,ECG,5203,7554,0,0,0,0,0
39584,ECG,5204,7506,0,0,0,0,0
39594,ECG,5205,7458,0,0,0,0,0
39594,ECG,5206,7411,0,0,0,0,0
39594,ECG,5207,7364,0,0,0,0,0
39594,ECG,5208,7317,0,0,0,0,0
39594,ECG,5209,7271,0,0,0,0,0
39604,ECG,5210,7224,0,0,0,0,0
39604,ECG,5211,7178,0,0,0,0,0
39604,ECG,5212,7133,0,0,0,0,0
39604,ECG,5213,7088,0,0,0,0,0
39604,ECG,5214,7043,0,0,0,0,0
39614,ECG,5215,6998,0,0,0,0,0
39614,ECG,5216,6953,0,0,0,0,0
39614,ECG,5217,6909,0,0,0,0,0
39614,ECG,5218,6865,0,0,0,0,0
39614,ECG,5219,6821,0,0,0,0,0
39623,ECG,5220,6778,0,0,0,0,0
39623,ECG,5221,6735,0,0,0,0,0
39623,ECG,5222,6692,0,0,0,0,0
39623,ECG,5223,6650,0,0,0,0,0
39623,ECG,5224,6608,0,0,0,0,0
39633,ECG,5225,6566,0,0,0,0,0
39633,ECG,5226,6524,0,0,0,0,0
39633,ECG,5227,6482,0,0,0,0,0
39633,ECG,5228,6441,0,0,0,0,0
39633,ECG,5229,6400,0,0,0,0,0
39643,ECG,5230,6359,0,0,0,0,0
39643,ECG,5231,6319,0,0,0,0,0
39643,ECG,5232,6279,0,0,0,0,0
39643,ECG,5233,6239,0,0,0,0,0
39643,ECG,5234,6199,0,0,0,0,0
39653,ECG,5235,6159,0,0,0,0,0
39653,ECG,5236,6120,0,0,0,0,0
39653,ECG,5237,6081,0,0,0,0,0
39653,ECG,5238,6042,0,0,0,0,0
39653,ECG,5239,6004,0,0,0,0,0
39663,ECG,5240,5966,0,0,0,0,0
39663,ECG,5241,5928,0,0,0,0,0
39663,ECG,5242,5890,0,0,0,0,0
39663,ECG,5243,5852,0,0,0,0,0
39663,ECG,5244,5815,0,0,0,0,0
39672,ECG,5245,5778,0,0,0,0,0
39672,ECG,5246,5741,0,0,0,0,0
39672,ECG,5247,5705,0,0,0,0,0
39672,ECG,5248,5669,0,0,0,0,0
39672,ECG,5249,5632,0,0,0,0,0
39682,ECG,5250,5596,0,0,0,0,0
39682,ECG,5251,5561,0,0,0,0,0
39682,ECG,5252,5525,0,0,0,0,0
39682,ECG,5253,5490,0,0,0,0,0
39682,ECG,5254,5455,0,0,0,0,0
39692,ECG,5255,5420,0,0,0,0,0
39692,ECG,5256,5386,0,0,0,0,0
39692,ECG,5257,5351,0,0,0,0,0
39692,ECG,5258,5317,0,0,0,0,0
39692,ECG,5259,5283,0,0,0,0,0
39702,ECG,5260,5249,0,0,0,0,0
39702,ECG,5261,5216,0,0,0,0,0
39702,ECG,5262,5183,0,0,0,0,0
39702,ECG,5263,5150,0,0,0,0,0
39702,ECG,5264,5117,0,0,0,0,0
39712,ECG,5265,5084,0,0,0,0,0
39712,ECG,5266,5051,0,0,0,0,0
39712,ECG,5267,5019,0,0,0,0,0
39712,ECG,5268,4987,0,0,0,0,0
39712,ECG,5269,4955,0,0,0,0,0
39721,ECG,5270,4924,0,0,0,0,0
39721,ECG,5271,4892,0,0,0,0,0
39721,ECG,5272,4861,0,0,0,0,0
39721,ECG,5273,4830,0,0,0,0,0
39721,ECG,5274,4799,0,0,0,0,0
39731,ECG,5275,4768,0,0,0,0,0
39731,ECG,5276,4738,0,0,0,0,0
39731,ECG,5277,4707,0,0,0,0,0
39731,ECG,5278,4677,0,0,0,0,0
39731,ECG,5279,4647,0,0,0,0,0
39741,ECG,5280,4618,0,0,0,0,0
39741,ECG,5281,4588,0,0,0,0,0
39741,ECG,5282,4559,0,0,0,0,0
39741,ECG,5283,4530,0,0,0,0,0
39741,ECG,5284,4501,0,0,0,0,0
39751,ECG,5285,4472,0,0,0,0,0
39751,ECG,5286,4443,0,0,0,0,0
39751,ECG,5287,4415,0,0,0,0,0
39751,ECG,5288,4386,0,0,0,0,0
39751,ECG,5289,4358,0,0,0,0,0
39760,ECG,5290,4330,0,0,0,0,0
39760,ECG,5291,4303,0,0,0,0,0
39760,ECG,5292,4275,0,0,0,0,0
39760,ECG,5293,4248,0,0,0,0,0
39760,ECG,5294,4220,0,0,0,0,0
39770,ECG,5295,4193,0,0,0,0,0
39770,ECG,5296,4166,0,0,0,0,0
39770,ECG,5297,4140,0,0,0,0,0
39770,ECG,5298,4113,0,0,0,0,0
39770,ECG,5299,4087,0,0,0,0,0
39780,ECG,5300,4060,0,0,0,0,0
39780,ECG,5301,4034,0,0,0,0,0
39780,ECG,5302,4008,0,0,0,0,0
39780,ECG,5303,3983,0,0,0,0,0
39780,ECG,5304,3957,0,0,0,0,0
39790,ECG,5305,3932,0,0,0,0,0
39790,ECG,5306,3906,0,0,0,0,0
39790,ECG,5307,3881,0,0,0,0,0
39790,ECG,5308,3856,0,0,0,0,0
39790,ECG,5309,3832,0,0,0,0,0
39800,ECG,5310,3807,0,0,0,0,0
39800,ECG,5311,3782,0,0,0,0,0
39800,ECG,5312,3758,0,0,0,0,0
39800,ECG,5313,3734,0,0,0,0,0
39800,ECG,5314,3710,0,0,0,0,0
39809,ECG,5315,3686,0,0,0,0,0
39809,ECG,5316,3662,0,0,0,0,0
39809,ECG,5317,3639,0,0,0,0,0
39809,ECG,5318,3615,0,0,0,0,0
39809,ECG,5319,3592,0,0,0,0,0
39819,ECG,5320,3569,0,0,0,0,0
39819,ECG,5321,3546,0,0,0,0,0
39819,ECG,5322,3523,0,0,0,0,0
39819,ECG,5323,3500,0,0,0,0,0
39819,ECG,5324,3478,0,0,0,0,0
39829,ECG,5325,3455,0,0,0,0,0
39829,ECG,5326,3433,0,0,0,0,0
39829,ECG,5327,3411,0,0,0,0,0
39829,ECG,5328,3389,0,0,0,0,0
39829,ECG,5329,3367,0,0,0,0,0
39839,ECG,5330,3345,0,0,0,0,0
39839,ECG,5331,3324,0,0,0,0,0
39839,ECG,5332,3302,0,0,0,0,0
39839,ECG,5333,3281,0,0,0,0,0
39839,ECG,5334,3260,0,0,0,0,0
39849,ECG,5335,3239,0,0,0,0,0
39849,ECG,5336,3218,0,0,0,0,0
39849,ECG,5337,3197,0,0,0,0,0
39849,ECG,5338,3176,0,0,0,0,0
39849,ECG,5339,3156,0,0,0,0,0
39858,ECG,5340,3135,0,0,0,0,0
39858,ECG,5341,3115,0,0,0,0,0
39858,ECG,5342,3095,0,0,0,0,0
39858,ECG,5343,3075,0,0,0,0,0
39858,ECG,5344,3055,0,0,0,0,0
39868,ECG,5345,3035,0,0,0,0,0
39868,ECG,5346,3015,0,0,0,0,0
39868,ECG,5347,2996,0,0,0,0,0
39868,ECG,5348,2976,0,0,0,0,0
39868,ECG,5349,2957,0,0,0,0,0
39878,ECG,5350,2938,0,0,0,0,0
39878,ECG,5351,2919,0,0,0,0,0
39878,ECG,5352,2900,0,0,0,0,0
39878,ECG,5353,2881,0,0,0,0,0
39878,ECG,5354,2862,0,0,0,0,0
39888,ECG,5355,2844,0,0,0,0,0
39888,ECG,5356,2825,0,0,0,0,0
39888,ECG,5357,2807,0,0,0,0,0
39888,ECG,5358,2789,0,0,0,0,0
39888,ECG,5359,2771,0,0,0,0,0
39897,ECG,5360,2753,0,0,0,0,0
39897,ECG,5361,2735,0,0,0,0,0
39897,ECG,5362,2717,0,0,0,0,0
39897,ECG,5363,2700,0,0,0,0,0
39897,ECG,5364,2682,0,0,0,0,0
39907,ECG,5365,2665,0,0,0,0,0
39907,ECG,5366,2647,0,0,0,0,0
39907,ECG,5367,2630,0,0,0,0,0
39907,ECG,5368,2613,0,0,0,0,0
39907,ECG,5369,2596,0,0,0,0,0
39917,ECG,5370,2579,0,0,0,0,0
39917,ECG,5371,2562,0,0,0,0,0
39917,ECG,5372,2546,0,0,0,0,0
39917,ECG,5373,2529,0,0,0,0,0
39917,ECG,5374,2513,0,0,0,0,0
39927,ECG,5375,2496,0,0,0,0,0
39927,ECG,5376,2480,0,0,0,0,0
39927,ECG,5377,2464,0,0,0,0,0
39927,ECG,5378,2448,0,0,0,0,0
39927,ECG,5379,2432,0,0,0,0,0
39937,ECG,5380,2416,0,0,0,0,0
39937,ECG,5381,2400,0,0,0,0,0
39937,ECG,5382,2385,0,0,0,0,0
39937,ECG,5383,2369,0,0,0,0,0
39937,ECG,5384,2354,0,0,0,0,0
39946,ECG,5385,2338,0,0,0,0,0
39946,ECG,5386,2323,0,0,0,0,0
39946,ECG,5387,2308,0,0,0,0,0
39946,ECG,5388,2293,0,0,0,0,0
39946,ECG,5389,2278,0,0,0,0,0
39956,ECG,5390,2263,0,0,0,0,0
39956,ECG,5391,2248,0,0,0,0,0
39956,ECG,5392,2233,0,0,0,0,0
39956,ECG,5393,2219,0,0,0,0,0
39956,ECG,5394,2204,0,0,0,0,0
39966,ECG,5395,2190,0,0,0,0,0
39966,ECG,5396,2176,0,0,0,0,0
39966,ECG,5397,2161,0,0,0,0,0
39966,ECG,5398,2147,0,0,0,0,0
39966,ECG,5399,2133,0,0,0,0,0
39976,ECG,5400,2119,0,0,0,0,0
39976,ECG,5401,2105,0,0,0,0,0
39976,ECG,5402,2091,0,0,0,0,0
39976,ECG,5403,2078,0,0,0,0,0
39976,ECG,5404,2064,0,0,0,0,0
39986,ECG,5405,2050,0,0,0,0,0
39986,ECG,5406,2037,0,0,0,0,0
39986,ECG,5407,2023,0,0,0,0,0
39986,ECG,5408,2010,0,0,0,0,0
39986,ECG,5409,1997,0,0,0,0,0
39995,ECG,5410,1984,0,0,0,0,0
39995,ECG,5411,1971,0,0,0,0,0
39995,ECG,5412,1958,0,0,0,0,0
39995,ECG,5413,1945,0,0,0,0,0
39995,ECG,5414,1932,0,0,0,0,0
40005,ECG,5415,1919,0,0,0,0,0
40005,ECG,5416,1906,0,0,0,0,0
40005,ECG,5417,1894,0,0,0,0,0
40005,ECG,5418,1881,0,0,0,0,0
40005,ECG,5419,1869,0,0,0,0,0
40015,ECG,5420,1857,0,0,0,0,0
40015,ECG,5421,1844,0,0,0,0,0
40015,ECG,5422,1832,0,0,0,0,0
40015,ECG,5423,1820,0,0,0,0,0
40015,ECG,5424,1808,0,0,0,0,0
40025,ECG,5425,1796,0,0,0,0,0
40025,ECG,5426,1784,0,0,0,0,0
40025,ECG,5427,1772,0,0,0,0,0
40025,ECG,5428,1761,0,0,0,0,0
40025,ECG,5429,1749,0,0,0,0,0
40034,ECG,5430,1737,0,0,0,0,0
40034,ECG,5431,1726,0,0,0,0,0
40034,ECG,5432,1714,0,0,0,0,0
40034,ECG,5433,1703,0,0,0,0,0
40034,ECG,5434,1692,0,0,0,0,0
40044,ECG,5435,1681,0,0,0,0,0
40044,ECG,5436,1669,0,0,0,0,0
40044,ECG,5437,1658,0,0,0,0,0
40044,ECG,5438,1647,0,0,0,0,0
40044,ECG,5439,1636,0,0,0,0,0
40054,ECG,5440,1625,0,0,0,0,0
40054,ECG,5441,1615,0,0,0,0,0
40054,ECG,5442,1604,0,0,0,0,0
40054,ECG,5443,1593,0,0,0,0,0
40054,ECG,5444,1583,0,0,0,0,0
40064,ECG,5445,1572,0,0,0,0,0
40064,ECG,5446,1562,0,0,0,0,0
40064,ECG,5447,1551,0,0,0,0,0
40064,ECG,5448,1541,0,0,0,0,0
40064,ECG,5449,1531,0,0,0,0,0
40074,ECG,5450,1520,0,0,0,0,0
40074,ECG,5451,1510,0,0,0,0,0
40074,ECG,5452,1500,0,0,0,0,0
40074,ECG,5453,1490,0,0,0,0,0
40074,ECG,5454,1480,0,0,0,0,0
40083,ECG,5455,1470,0,0,0,0,0
40083,ECG,5456,1460,0,0,0,0,0
40083,ECG,5457,1451,0,0,0,0,0
40083,ECG,5458,1441,0,0,0,0,0
40083,ECG,5459,1431,0,0,0,0,0
40093,ECG,5460,1422,0,0,0,0,0
40093,ECG,5461,1412,0,0,0,0,0
40093,ECG,5462,1403,0,0,0,0,0
40093,ECG,5463,1393,0,0,0,0,0
40093,ECG,5464,1384,0,0,0,0,0
40103,ECG,5465,1375,0,0,0,0,0
40103,ECG,5466,1365,0,0,0,0,0
40103,ECG,5467,1356,0,0,0,0,0
40103,ECG,5468,1347,0,0,0,0,0
40103,ECG,5469,1338,0,0,0,0,0
40113,ECG,5470,1329,0,0,0,0,0
40113,ECG,5471,1320,0,0,0,0,0
40113,ECG,5472,1311,0,0,0,0,0
40113,ECG,5473,1302,0,0,0,0,0
40113,ECG,5474,1294,0,0,0,0,0
40123,ECG,5475,1285,0,0,0,0,0
40123,ECG,5476,1276,0,0,0,0,0
40123,ECG,5477,1268,0,0,0,0,0
40123,ECG,5478,1259,0,0,0,0,0
40123,ECG,5479,1251,0,0,0,0,0
40132,ECG,5480,1242,0,0,0,0,0
40132,ECG,5481,1234,0,0,0,0,0
40132,ECG,5482,1225,0,0,0,0,0
40132,ECG,5483,1217,0,0,0,0,0
40132,ECG,5484,1209,0,0,0,0,0
40142,ECG,5485,1201,0,0,0,0,0
40142,ECG,5486,1192,0,0,0,0,0
40142,ECG,5487,1184,0,0,0,0,0
40142,ECG,5488,1176,0,0,0,0,0
40142,ECG,5489,1168,0,0,0,0,0
40152,ECG,5490,1160,0,0,0,0,0
40152,ECG,5491,1152,0,0,0,0,0
40152,ECG,5492,1145,0,0,0,0,0
40152,ECG,5493,1137,0,0,0,0,0
40152,ECG,5494,1129,0,0,0,0,0
40162,ECG,5495,1121,0,0,0,0,0
40162,ECG,5496,1114,0,0,0,0,0
40162,ECG,5497,1106,0,0,0,0,0
40162,ECG,5498,1099,0,0,0,0,0
40162,ECG,5499,1091,0,0,0,0,0
41172,ECG,5500,0,0,0,0,0,0
41172,ECG,5501,-1,0,0,0,0,0
41172,ECG,5502,-6,0,0,0,0,0
41172,ECG,5503,2,0,0,0,0,0
41172,ECG,5504,6,0,0,0,0,0
41182,ECG,5505,-17,0,0,0,0,0
41182,ECG,5506,38,0,0,0,0,0
41182,ECG,5507,-16,0,0,0,0,0
41182,ECG,5508,-26,0,0,0,0,0
41182,ECG,5509,151,0,0,0,0,0
41191,ECG,5510,-753,0,0,0,0,0
41191,ECG,5511,-2109,0,0,0,0,0
41191,ECG,5512,-1850,0,0,0,0,0
41191,ECG,5513,-36,0,0,0,0,0
41191,ECG,5514,3394,0,0,0,0,0
41201,ECG,5515,8729,0,0,0,0,0
41201,ECG,5516,15156,0,0,0,0,0
41201,ECG,5517,21689,0,0,0,0,0
41201,ECG,5518,27397,0,0,0,0,0
41201,ECG,5519,31311,0,0,0,0,0
41211,ECG,5520,32011,0,0,0,0,0
41211,ECG,5521,31810,0,0,0,0,0
41211,ECG,5522,31610,0,0,0,0,0
41211,ECG,5523,31343,0,0,0,0,0
41211,ECG,5524,31109,0,0,0,0,0
41221,ECG,5525,31019,0,0,0,0,0
41221,ECG,5526,30731,0,0,0,0,0
41221,ECG,5527,30591,0,0,0,0,0
41221,ECG,5528,30395,0,0,0,0,0
41221,ECG,5529,30195,0,0,0,0,0
41231,ECG,5530,30019,0,0,0,0,0
41231,ECG,5531,29827,0,0,0,0,0
41231,ECG,5532,29638,0,0,0,0,0
41231,ECG,5533,29451,0,0,0,0,0
41231,ECG,5534,29266,0,0,0,0,0
41240,ECG,5535,29082,0,0,0,0,0
41240,ECG,5536,28900,0,0,0,0,0
41240,ECG,5537,28718,0,0,0,0,0
41240,ECG,5538,28537,0,0,0,0,0
41240,ECG,5539,28358,0,0,0,0,0
41250,ECG,5540,28180,0,0,0,0,0
41250,ECG,5541,28002,0,0,0,0,0
41250,ECG,5542,27826,0,0,0,0,0
41250,ECG,5543,27651,0,0,0,0,0
41250,ECG,5544,27478,0,0,0,0,0
41260,ECG,5545,27305,0,0,0,0,0
41260,ECG,5546,27133,0,0,0,0,0
41260,ECG,5547,26963,0,0,0,0,0
41260,ECG,5548,26793,0,0,0,0,0
41260,ECG,5549,26625,0,0,0,0,0
41270,ECG,5550,26457,0,0,0,0,0
41270,ECG,5551,26291,0,0,0,0,0
41270,ECG,5552,26126,0,0,0,0,0
41270,ECG,5553,25961,0,0,0,0,0
41270,ECG,5554,25798,0,0,0,0,0
41280,ECG,5555,25636,0,0,0,0,0
41280,ECG,5556,25475,0,0,0,0,0
41280,ECG,5557,25314,0,0,0,0,0
41280,ECG,5558,25155,0,0,0,0,0
41280,ECG,5559,24997,0,0,0,0,0
41289,ECG,5560,24840,0,0,0,0,0
41289,ECG,5561,24683,0,0,0,0,0
41289,ECG,5562,24528,0,0,0,0,0
41289,ECG,5563,24374,0,0,0,0,0
41289,ECG,5564,24221,0,0,0,0,0
41299,ECG,5565,24068,0,0,0,0,0
41299,ECG,5566,23917,0,0,0,0,0
41299,ECG,5567,23766,0,0,0,0,0
41299,ECG,5568,23617,0,0,0,0,0
41299,ECG,5569,23468,0,0,0,0,0
41309,ECG,5570,23321,0,0,0,0,0
41309,ECG,5571,23174,0,0,0,0,0
41309,ECG,5572,23028,0,0,0,0,0
41309,ECG,5573,22883,0,0,0,0,0
41309,ECG,5574,22739,0,0,0,0,0
41319,ECG,5575,22596,0,0,0,0,0
41319,ECG,5576,22454,0,0,0,0,0
41319,ECG,5577,22313,0,0,0,0,0
41319,ECG,5578,22172,0,0,0,0,0
41319,ECG,5579,22033,0,0,0,0,0
41328,ECG,5580,21894,0,0,0,0,0
41328,ECG,5581,21756,0,0,0,0,0
41328,ECG,5582,21619,0,0,0,0,0
41328,ECG,5583,21483,0,0,0,0,0
41328,ECG,5584,21348,0,0,0,0,0
41338,ECG,5585,21214,0,0,0,0,0
41338,ECG,5586,21080,0,0,0,0,0
41338,ECG,5587,20948,0,0,0,0,0
41338,ECG,5588,20816,0,0,0,0,0
41338,ECG,5589,20685,0,0,0,0,0
41348,ECG,5590,20555,0,0,0,0,0
41348,ECG,5591,20425,0,0,0,0,0
41348,ECG,5592,20297,0,0,0,0,0
41348,ECG,5593,20169,0,0,0,0,0
41348,ECG,5594,20042,0,0,0,0,0
41358,ECG,5595,19916,0,0,0,0,0
41358,ECG,5596,19790,0,0,0,0,0
41358,ECG,5597,19666,0,0,0,0,0
41358,ECG,5598,19542,0,0,0,0,0
41358,ECG,5599,19419,0,0,0,0,0
41368,ECG,5600,19297,0,0,0,0,0
41368,ECG,5601,19175,0,0,0,0,0
41368,ECG,5602,19055,0,0,0,0,0
41368,ECG,5603,18935,0,0,0,0,0
41368,ECG,5604,18815,0,0,0,0,0
41377,ECG,5605,18697,0,0,0,0,0
41377,ECG,5606,18579,0,0,0,0,0
41377,ECG,5607,18462,0,0,0,0,0
41377,ECG,5608,18346,0,0,0,0,0
41377,ECG,5609,18230,0,0,0,0,0
41387,ECG,5610,18116,0,0,0,0,0
41387,ECG,5611,18002,0,0,0,0,0
41387,ECG,5612,17888,0,0,0,0,0
41387,ECG,5613,17775,0,0,0,0,0
41387,ECG,5614,17663,0,0,0,0,0
41397,ECG,5615,17552,0,0,0,0,0
41397,ECG,5616,17442,0,0,0,0,0
41397,ECG,5617,17332,0,0,0,0,0
41397,ECG,5618,17222,0,0,0,0,0
41397,ECG,5619,17114,0,0,0,0,0
41407,ECG,5620,17006,0,0,0,0,0
41407,ECG,5621,16899,0,0,0,0,0
41407,ECG,5622,16792,0,0,0,0,0
41407,ECG,5623,16687,0,0,0,0,0
41407,ECG,5624,16581,0,0,0,0,0
41417,ECG,5625,16477,0,0,0,0,0
41417,ECG,5626,16373,0,0,0,0,0
41417,ECG,5627,16270,0,0,0,0,0
41417,ECG,5628,16167,0,0,0,0,0
41417,ECG,5629,16065,0,0,0,0,0
41426,ECG,5630,15964,0,0,0,0,0
41426,ECG,5631,15864,0,0,0,0,0
41426,ECG,5632,15764,0,0,0,0,0
41426,ECG,5633,15664,0,0,0,0,0
41426,ECG,5634,15566,0,0,0,0,0
41436,ECG,5635,15467,0,0,0,0,0
41436,ECG,5636,15370,0,0,0,0,0
41436,ECG,5637,15273,0,0,0,0,0
41436,ECG,5638,15177,0,0,0,0,0
41436,ECG,5639,15081,0,0,0,0,0
41446,ECG,5640,14986,0,0,0,0,0
41446,ECG,5641,14891,0,0,0,0,0
41446,ECG,5642,14797,0,0,0,0,0
41446,ECG,5643,14704,0,0,0,0,0
41446,ECG,5644,14611,0,0,0,0,0
41456,ECG,5645,14519,0,0,0,0,0
41456,ECG,5646,14428,0,0,0,0,0
41456,ECG,5647,14337,0,0,0,0,0
41456,ECG,5648,14246,0,0,0,0,0
41456,ECG,5649,14156,0,0,0,0,0
41465,ECG,5650,14067,0,0,0,0,0
41465,ECG,5651,13978,0,0,0,0,0
41465,ECG,5652,13890,0,0,0,0,0
41465,ECG,5653,13802,0,0,0,0,0
41465,ECG,5654,13715,0,0,0,0,0
41475,ECG,5655,13629,0,0,0,0,0
41475,ECG,5656,13543,0,0,0,0,0
41475,ECG,5657,13457,0,0,0,0,0
41475,ECG,5658,13372,0,0,0,0,0
41475,ECG,5659,13288,0,0,0,0,0
41485,ECG,5660,13204,0,0,0,0,0
41485,ECG,5661,13121,0,0,0,0,0
41485,ECG,5662,13038,0,0,0,0,0
41485,ECG,5663,12956,0,0,0,0,0
41485,ECG,5664,12874,0,0,0,0,0
41495,ECG,5665,12793,0,0,0,0,0
41495,ECG,5666,12712,0,0,0,0,0
41495,ECG,5667,12632,0,0,0,0,0
41495,ECG,5668,12552,0,0,0,0,0
41495,ECG,5669,12473,0,0,0,0,0
41505,ECG,5670,12394,0,0,0,0,0
41505,ECG,5671,12316,0,0,0,0,0
41505,ECG,5672,12238,0,0,0,0,0
41505,ECG,5673,12161,0,0,0,0,0
41505,ECG,5674,12084,0,0,0,0,0
41514,ECG,5675,12008,0,0,0,0,0
41514,ECG,5676,11932,0,0,0,0,0
41514,ECG,5677,11857,0,0,0,0,0
41514,ECG,5678,11782,0,0,0,0,0
41514,ECG,5679,11707,0,0,0,0,0
41524,ECG,5680,11633,0,0,0,0,0
41524,ECG,5681,11560,0,0,0,0,0
41524,ECG,5682,11487,0,0,0,0,0
41524,ECG,5683,11414,0,0,0,0,0
41524,ECG,5684,11342,0,0,0,0,0
41534,ECG,5685,11271,0,0,0,0,0
41534,ECG,5686,11199,0,0,0,0,0
41534,ECG,5687,11129,0,0,0,0,0
41534,ECG,5688,11058,0,0,0,0,0
41534,ECG,5689,10988,0,0,0,0,0
41544,ECG,5690,10919,0,0,0,0,0
41544,ECG,5691,10850,0,0,0,0,0
41544,ECG,5692,10781,0,0,0,0,0
41544,ECG,5693,10713,0,0,0,0,0
41544,ECG,5694,10645,0,0,0,0,0
41554,ECG,5695,10578,0,0,0,0,0
41554,ECG,5696,10511,0,0,0,0,0
41554,ECG,5697,10445,0,0,0,0,0
41554,ECG,5698,10379,0,0,0,0,0
41554,ECG,5699,10313,0,0,0,0,0
41563,ECG,5700,10248,0,0,0,0,0
41563,ECG,5701,10183,0,0,0,0,0
41563,ECG,5702,10118,0,0,0,0,0
41563,ECG,5703,10054,0,0,0,0,0
41563,ECG,5704,9991,0,0,0,0,0
41573,ECG,5705,9928,0,0,0,0,0
41573,ECG,5706,9865,0,0,0,0,0
41573,ECG,5707,9802,0,0,0,0,0
41573,ECG,5708,9740,0,0,0,0,0
41573,ECG,5709,9679,0,0,0,0,0
41583,ECG,5710,9617,0,0,0,0,0
41583,ECG,5711,9557,0,0,0,0,0
41583,ECG,5712,9496,0,0,0,0,0
41583,ECG,5713,9436,0,0,0,0,0
41583,ECG,5714,9376,0,0,0,0,0
41593,ECG,5715,9317,0,0,0,0,0
41593,ECG,5716,9258,0,0,0,0,0
41593,ECG,5717,9200,0,0,0,0,0
41593,ECG,5718,9141,0,0,0,0,0
41593,ECG,5719,9083,0,0,0,0,0
41602,ECG,5720,9026,0,0,0,0,0
41602,ECG,5721,8969,0,0,0,0,0
41602,ECG,5722,8912,0,0,0,0,0
41602,ECG,5723,8855,0,0,0,0,0
41602,ECG,5724,8799,0,0,0,0,0
41612,ECG,5725,8744,0,0,0,0,0
41612,ECG,5726,8688,0,0,0,0,0
41612,ECG,5727,8633,0,0,0,0,0
41612,ECG,5728,8578,0,0,0,0,0
41612,ECG,5729,8524,0,0,0,0,0
41622,ECG,5730,8470,0,0,0,0,0
41622,ECG,5731,8416,0,0,0,0,0
41622,ECG,5732,8363,0,0,0,0,0
41622,ECG,5733,8310,0,0,0,0,0
41622,ECG,5734,8257,0,0,0,0,0
41632,ECG,5735,8205,0,0,0,0,0
41632,ECG,5736,8153,0,0,0,0,0
41632,ECG,5737,8101,0,0,0,0,0
41632,ECG,5738,8050,0,0,0,0,0
41632,ECG,5739,7999,0,0,0,0,0
41642,ECG,5740,7948,0,0,0,0,0
41642,ECG,5741,7898,0,0,0,0,0
41642,ECG,5742,7848,0,0,0,0,0
41642,ECG,5743,7798,0,0,0,0,0
41642,ECG,5744,7749,0,0,0,0,0
41651,ECG,5745,7699,0,0,0,0,0
41651,ECG,5746,7651,0,0,0,0,0
41651,ECG,5747,7602,0,0,0,0,0
41651,ECG,5748,7554,0,0,0,0,0
41651,ECG,5749,7506,0,0,0,0,0
41661,ECG,5750,7458,0,0,0,0,0
41661,ECG,5751,7411,0,0,0,0,0
41661,ECG,5752,7364,0,0,0,0,0
41661,ECG,5753,7317,0,0,0,0,0
41661,ECG,5754,7271,0,0,0,0,0
41671,ECG,5755,7224,0,0,0,0,0
41671,ECG,5756,7178,0,0,0,0,0
41671,ECG,5757,7133,0,0,0,0,0
41671,ECG,5758,7088,0,0,0,0,0
41671,ECG,5759,7043,0,0,0,0,0
41681,ECG,5760,6998,0,0,0,0,0
41681,ECG,5761,6953,0,0,0,0,0
41681,ECG,5762,6909,0,0,0,0,0
41681,ECG,5763,6865,0,0,0,0,0
41681,ECG,5764,6821,0,0,0,0,0
41691,ECG,5765,6778,0,0,0,0,0
41691,ECG,5766,6735,0,0,0,0,0
41691,ECG,5767,6692,0,0,0,0,0
41691,ECG,5768,6650,0,0,0,0,0
41691,ECG,5769,6608,0,0,0,0,0
41700,ECG,5770,6566,0,0,0,0,0
41700,ECG,5771,6524,0,0,0,0,0
41700,ECG,5772,6482,0,0,0,0,0
41700,ECG,5773,6441,0,0,0,0,0
41700,ECG,5774,6400,0,0,0,0,0
41710,ECG,5775,6359,0,0,0,0,0
41710,ECG,5776,6319,0,0,0,0,0
41710,ECG,5777,6279,0,0,0,0,0
41710,ECG,5778,6239,0,0,0,0,0
41710,ECG,5779,6199,0,0,0,0,0
41720,ECG,5780,6159,0,0,0,0,0
41720,ECG,5781,6120,0,0,0,0,0
41720,ECG,5782,6081,0,0,0,0,0
41720,ECG,5783,6042,0,0,0,0,0
41720,ECG,5784,6004,0,0,0,0,0
41730,ECG,5785,5966,0,0,0,0,0
41730,ECG,5786,5928,0,0,0,0,0
41730,ECG,5787,5890,0,0,0,0,0
41730,ECG,5788,5852,0,0,0,0,0
41730,ECG,5789,5815,0,0,0,0,0
41739,ECG,5790,5778,0,0,0,0,0
41739,ECG,5791,5741,0,0,0,0,0
41739,ECG,5792,5705,0,0,0,0,0
41739,ECG,5793,5669,0,0,0,0,0
41739,ECG,5794,5632,0,0,0,0,0
41749,ECG,5795,5596,0,0,0,0,0
41749,ECG,5796,5561,0,0,0,0,0
41749,ECG,5797,5525,0,0,0,0,0
41749,ECG,5798,5490,0,0,0,0,0
41749,ECG,5799,5455,0,0,0,0,0
41759,ECG,5800,5420,0,0,0,0,0
41759,ECG,5801,5386,0,0,0,0,0
41759,ECG,5802,5351,0,0,0,0,0
41759,ECG,5803,5317,0,0,0,0,0
41759,ECG,5804,5283,0,0,0,0,0
41769,ECG,5805,5249,0,0,0,0,0
41769,ECG,5806,5216,0,0,0,0,0
41769,ECG,5807,5183,0,0,0,0,0
41769,ECG,5808,5150,0,0,0,0,0
41769,ECG,5809,5117,0,0,0,0,0
41779,ECG,5810,5084,0,0,0,0,0
41779,ECG,5811,5051,0,0,0,0,0
41779,ECG,5812,5019,0,0,0,0,0
41779,ECG,5813,4987,0,0,0,0,0
41779,ECG,5814,4955,0,0,0,0,0
41788,ECG,5815,4924,0,0,0,0,0
41788,ECG,5816,4892,0,0,0,0,0
41788,ECG,5817,4861,0,0,0,0,0
41788,ECG,5818,4830,0,0,0,0,0
41788,ECG,5819,4799,0,0,0,0,0
41798,ECG,5820,4768,0,0,0,0,0
41798,ECG,5821,4738,0,0,0,0,0
41798,ECG,5822,4707,0,0,0,0,0
41798,ECG,5823,4677,0,0,0,0,0
41798,ECG,5824,4647,0,0,0,0,0
41808,ECG,5825,4618,0,0,0,0,0
41808,ECG,5826,4588,0,0,0,0,0
41808,ECG,5827,4559,0,0,0,0,0
41808,ECG,5828,4530,0,0,0,0,0
41808,ECG,5829,4501,0,0,0,0,0
41818,ECG,5830,4472,0,0,0,0,0
41818,ECG,5831,4443,0,0,0,0,0
41818,ECG,5832,4415,0,0,0,0,0
41818,ECG,5833,4386,0,0,0,0,0
41818,ECG,5834,4358,0,0,0,0,0
41828,ECG,5835,4330,0,0,0,0,0
41828,ECG,5836,4303,0,0,0,0,0
41828,ECG,5837,4275,0,0,0,0,0
41828,ECG,5838,4248,0,0,0,0,0
41828,ECG,5839,4220,0,0,0,0,0
41837,ECG,5840,4193,0,0,0,0,0
41837,ECG,5841,4166,0,0,0,0,0
41837,ECG,5842,4140,0,0,0,0,0
41837,ECG,5843,4113,0,0,0,0,0
41837,ECG,5844,4087,0,0,0,0,0
41847,ECG,5845,4060,0,0,0,0,0
41847,ECG,5846,4034,0,0,0,0,0
41847,ECG,5847,4008,0,0,0,0,0
41847,ECG,5848,3983,0,0,0,0,0
41847,ECG,5849,3957,0,0,0,0,0
41857,ECG,5850,3932,0,0,0,0,0
41857,ECG,5851,3906,0,0,0,0,0
41857,ECG,5852,3881,0,0,0,0,0
41857,ECG,5853,3856,0,0,0,0,0
41857,ECG,5854,3832,0,0,0,0,0
41867,ECG,5855,3807,0,0,0,0,0
41867,ECG,5856,3782,0,0,0,0,0
41867,ECG,5857,3758,0,0,0,0,0
41867,ECG,5858,3734,0,0,0,0,0
41867,ECG,5859,3710,0,0,0,0,0
41877,ECG,5860,3686,0,0,0,0,0
41877,ECG,5861,3662,0,0,0,0,0
41877,ECG,5862,3639,0,0,0,0,0
41877,ECG,5863,3615,0,0,0,0,0
41877,ECG,5864,3592,0,0,0,0,0
41886,ECG,5865,3569,0,0,0,0,0
41886,ECG,5866,3546,0,0,0,0,0
41886,ECG,5867,3523,0,0,0,0,0
41886,ECG,5868,3500,0,0,0,0,0
41886,ECG,5869,3478,0,0,0,0,0
41896,ECG,5870,3455,0,0,0,0,0
41896,ECG,5871,3433,0,0,0,0,0
41896,ECG,5872,3411,0,0,0,0,0
41896,ECG,5873,3389,0,0,0,0,0
41896,ECG,5874,3367,0,0,0,0,0
41906,ECG,5875,3345,0,0,0,0,0
41906,ECG,5876,3324,0,0,0,0,0
41906,ECG,5877,3302,0,0,0,0,0
41906,ECG,5878,3281,0,0,0,0,0
41906,ECG,5879,3260,0,0,0,0,0
41916,ECG,5880,3239,0,0,0,0,0
41916,ECG,5881,3218,0,0,0,0,0
41916,ECG,5882,3197,0,0,0,0,0
41916,ECG,5883,3176,0,0,0,0,0
41916,ECG,5884,3156,0,0,0,0,0
41925,ECG,5885,3135,0,0,0,0,0
41925,ECG,5886,3115,0,0,0,0,0
41925,ECG,5887,3095,0,0,0,0,0
41925,ECG,5888,3075,0,0,0,0,0
41925,ECG,5889,3055,0,0,0,0,0
41935,ECG,5890,3035,0,0,0,0,0
41935,ECG,5891,3015,0,0,0,0,0
41935,ECG,5892,2996,0,0,0,0,0
41935,ECG,5893,2976,0,0,0,0,0
41935,ECG,5894,2957,0,0,0,0,0
41945,ECG,5895,2938,0,0,0,0,0
41945,ECG,5896,2919,0,0,0,0,0
41945,ECG,5897,2900,0,0,0,0,0
41945,ECG,5898,2881,0,0,0,0,0
41945,ECG,5899,2862,0,0,0,0,0
41955,ECG,5900,2844,0,0,0,0,0
41955,ECG,5901,2825,0,0,0,0,0
41955,ECG,5902,2807,0,0,0,0,0
41955,ECG,5903,2789,0,0,0,0,0
41955,ECG,5904,2771,0,0,0,0,0
41965,ECG,5905,2753,0,0,0,0,0
41965,ECG,5906,2735,0,0,0,0,0
41965,ECG,5907,2717,0,0,0,0,0
41965,ECG,5908,2700,0,0,0,0,0
41965,ECG,5909,2682,0,0,0,0,0
41974,ECG,5910,2665,0,0,0,0,0
41974,ECG,5911,2647,0,0,0,0,0
41974,ECG,5912,2630,0,0,0,0,0
41974,ECG,5913,2613,0,0,0,0,0
41974,ECG,5914,2596,0,0,0,0,0
41984,ECG,5915,2579,0,0,0,0,0
41984,ECG,5916,2562,0,0,0,0,0
41984,ECG,5917,2546,0,0,0,0,0
41984,ECG,5918,2529,0,0,0,0,0
41984,ECG,5919,2513,0,0,0,0,0
41994,ECG,5920,2496,0,0,0,0,0
41994,ECG,5921,2480,0,0,0,0,0
41994,ECG,5922,2464,0,0,0,0,0
41994,ECG,5923,2448,0,0,0,0,0
41994,ECG,5924,2432,0,0,0,0,0
42004,ECG,5925,2416,0,0,0,0,0
42004,ECG,5926,2400,0,0,0,0,0
42004,ECG,5927,2385,0,0,0,0,0
42004,ECG,5928,2369,0,0,0,0,0
42004,ECG,5929,2354,0,0,0,0,0
42014,ECG,5930,2338,0,0,0,0,0
42014,ECG,5931,2323,0,0,0,0,0
42014,ECG,5932,2308,0,0,0,0,0
42014,ECG,5933,2293,0,0,0,0,0
42014,ECG,5934,2278,0,0,0,0,0
42023,ECG,5935,2263,0,0,0,0,0
42023,ECG,5936,2248,0,0,0,0,0
42023,ECG,5937,2233,0,0,0,0,0
42023,ECG,5938,2219,0,0,0,0,0
42023,ECG,5939,2204,0,0,0,0,0
42033,ECG,5940,2190,0,0,0,0,0
42033,ECG,5941,2176,0,0,0,0,0
42033,ECG,5942,2161,0,0,0,0,0
42033,ECG,5943,2147,0,0,0,0,0
42033,ECG,5944,2133,0,0,0,0,0
42043,ECG,5945,2119,0,0,0,0,0
42043,ECG,5946,2105,0,0,0,0,0
42043,ECG,5947,2091,0,0,0,0,0
42043,ECG,5948,2078,0,0,0,0,0
42043,ECG,5949,2064,0,0,0,0,0
42053,ECG,5950,2050,0,0,0,0,0
42053,ECG,5951,2037,0,0,0,0,0
42053,ECG,5952,2023,0,0,0,0,0
42053,ECG,5953,2010,0,0,0,0,0
42053,ECG,5954,1997,0,0,0,0,0
42063,ECG,5955,1984,0,0,0,0,0
42063,ECG,5956,1971,0,0,0,0,0
42063,ECG,5957,1958,0,0,0,0,0
42063,ECG,5958,1945,0,0,0,0,0
42063,ECG,5959,1932,0,0,0,0,0
42072,ECG,5960,1919,0,0,0,0,0
42072,ECG,5961,1906,0,0,0,0,0
42072,ECG,5962,1894,0,0,0,0,0
42072,ECG,5963,1881,0,0,0,0,0
42072,ECG,5964,1869,0,0,0,0,0
42082,ECG,5965,1857,0,0,0,0,0
42082,ECG,5966,1844,0,0,0,0,0
42082,ECG,5967,1832,0,0,0,0,0
42082,ECG,5968,1820,0,0,0,0,0
42082,ECG,5969,1808,0,0,0,0,0
42092,ECG,5970,1796,0,0,0,0,0
42092,ECG,5971,1784,0,0,0,0,0
42092,ECG,5972,1772,0,0,0,0,0
42092,ECG,5973,1761,0,0,0,0,0
42092,ECG,5974,1749,0,0,0,0,0
42102,ECG,5975,1737,0,0,0,0,0
42102,ECG,5976,1726,0,0,0,0,0
42102,ECG,5977,1714,0,0,0,0,0
42102,ECG,5978,1703,0,0,0,0,0
42102,ECG,5979,1692,0,0,0,0,0
42111,ECG,5980,1681,0,0,0,0,0
42111,ECG,5981,1669,0,0,0,0,0
42111,ECG,5982,1658,0,0,0,0,0
42111,ECG,5983,1647,0,0,0,0,0
42111,ECG,5984,1636,0,0,0,0,0
42121,ECG,5985,1625,0,0,0,0,0
42121,ECG,5986,1615,0,0,0,0,0
42121,ECG,5987,1604,0,0,0,0,0
42121,ECG,5988,1593,0,0,0,0,0
42121,ECG,5989,1583,0,0,0,0,0
42131,ECG,5990,1572,0,0,0,0,0
42131,ECG,5991,1562,0,0,0,0,0
42131,ECG,5992,1551,0,0,0,0,0
42131,ECG,5993,1541,0,0,0,0,0
42131,ECG,5994,1531,0,0,0,0,0
42141,ECG,5995,1520,0,0,0,0,0
42141,ECG,5996,1510,0,0,0,0,0
42141,ECG,5997,1500,0,0,0,0,0
42141,ECG,5998,1490,0,0,0,0,0
42141,ECG,5999,1480,0,0,0,0,0
42151,ECG,6000,1470,0,0,0,0,0
42151,ECG,6001,1460,0,0,0,0,0
42151,ECG,6002,1451,0,0,0,0,0
42151,ECG,6003,1441,0,0,0,0,0
42151,ECG,6004,1431,0,0,0,0,0
42160,ECG,6005,1422,0,0,0,0,0
42160,ECG,6006,1412,0,0,0,0,0
42160,ECG,6007,1403,0,0,0,0,0
42160,ECG,6008,1393,0,0,0,0,0
42160,ECG,6009,1384,0,0,0,0,0
42170,ECG,6010,1375,0,0,0,0,0
42170,ECG,6011,1365,0,0,0,0,0
42170,ECG,6012,1356,0,0,0,0,0
42170,ECG,6013,1347,0,0,0,0,0
42170,ECG,6014,1338,0,0,0,0,0
42180,ECG,6015,1329,0,0,0,0,0
42180,ECG,6016,1320,0,0,0,0,0
42180,ECG,6017,1311,0,0,0,0,0
42180,ECG,6018,1302,0,0,0,0,0
42180,ECG,6019,1294,0,0,0,0,0
42190,ECG,6020,1285,0,0,0,0,0
42190,ECG,6021,1276,0,0,0,0,0
42190,ECG,6022,1268,0,0,0,0,0
42190,ECG,6023,1259,0,0,0,0,0
42190,ECG,6024,1251,0,0,0,0,0
42200,ECG,6025,1242,0,0,0,0,0
42200,ECG,6026,1234,0,0,0,0,0
42200,ECG,6027,1225,0,0,0,0,0
42200,ECG,6028,1217,0,0,0,0,0
42200,ECG,6029,1209,0,0,0,0,0
42209,ECG,6030,1201,0,0,0,0,0
42209,ECG,6031,1192,0,0,0,0,0
42209,ECG,6032,1184,0,0,0,0,0
42209,ECG,6033,1176,0,0,0,0,0
42209,ECG,6034,1168,0,0,0,0,0
42219,ECG,6035,1160,0,0,0,0,0
42219,ECG,6036,1152,0,0,0,0,0
42219,ECG,6037,1145,0,0,0,0,0
42219,ECG,6038,1137,0,0,0,0,0
42219,ECG,6039,1129,0,0,0,0,0
43234,ECG,6040,0,0,0,0,0,0
43234,ECG,6041,-1,0,0,0,0,0
43234,ECG,6042,-6,0,0,0,0,0
43234,ECG,6043,2,0,0,0,0,0
43234,ECG,6044,6,0,0,0,0,0
43244,ECG,6045,-17,0,0,0,0,0
43244,ECG,6046,38,0,0,0,0,0
43244,ECG,6047,-16,0,0,0,0,0
43244,ECG,6048,-26,0,0,0,0,0
43244,ECG,6049,151,0,0,0,0,0
43253,ECG,6050,-753,0,0,0,0,0
43253,ECG,6051,-2109,0,0,0,0,0
43253,ECG,6052,-1850,0,0,0,0,0
43253,ECG,6053,-36,0,0,0,0,0
43253,ECG,6054,3394,0,0,0,0,0
43263,ECG,6055,8729,0,0,0,0,0
43263,ECG,6056,15156,0,0,0,0,0
43263,ECG,6057,21689,0,0,0,0,0
43263,ECG,6058,27397,0,0,0,0,0
43263,ECG,6059,31311,0,0,0,0,0
43273,ECG,6060,32011,0,0,0,0,0
43273,ECG,6061,31810,0,0,0,0,0
43273,ECG,6062,31610,0,0,0,0,0
43273,ECG,6063,31343,0,0,0,0,0
43273,ECG,6064,31109,0,0,0,0,0
43283,ECG,6065,31019,0,0,0,0,0
43283,ECG,6066,30731,0,0,0,0,0
43283,ECG,6067,30591,0,0,0,0,0
43283,ECG,6068,30395,0,0,0,0,0
43283,ECG,6069,30195,0,0,0,0,0
43293,ECG,6070,30019,0,0,0,0,0
43293,ECG,6071,29827,0,0,0,0,0
43293,ECG,6072,29638,0,0,0,0,0
43293,ECG,6073,29451,0,0,0,0,0
43293,ECG,6074,29266,0,0,0,0,0
43302,ECG,6075,29082,0,0,0,0,0
43302,ECG,6076,28900,0,0,0,0,0
43302,ECG,6077,28718,0,0,0,0,0
43302,ECG,6078,28537,0,0,0,0,0
43302,ECG,6079,28358,0,0,0,0,0
43312,ECG,6080,28180,0,0,0,0,0
43312,ECG,6081,28002,0,0,0,0,0
43312,ECG,6082,27826,0,0,0,0,0
43312,ECG,6083,27651,0,0,0,0,0
43312,ECG,6084,27478,0,0,0,0,0
43322,ECG,6085,27305,0,0,0,0,0
43322,ECG,6086,27133,0,0,0,0,0
43322,ECG,6087,26963,0,0,0,0,0
43322,ECG,6088,26793,0,0,0,0,0
43322,ECG,6089,26625,0,0,0,0,0
43332,ECG,6090,26457,0,0,0,0,0
43332,ECG,6091,26291,0,0,0,0,0
43332,ECG,6092,26126,0,0,0,0,0
43332,ECG,6093,25961,0,0,0,0,0
43332,ECG,6094,25798,0,0,0,0,0
43342,ECG,6095,25636,0,0,0,0,0
43342,ECG,6096,25475,0,0,0,0,0
43342,ECG,6097,25314,0,0,0,0,0
43342,ECG,6098,25155,0,0,0,0,0
43342,ECG,6099,24997,0,0,0,0,0
43351,ECG,6100,24840,0,0,0,0,0
43351,ECG,6101,24683,0,0,0,0,0
43351,ECG,6102,24528,0,0,0,0,0
43351,ECG,6103,24374,0,0,0,0,0
43351,ECG,6104,24221,0,0,0,0,0
43361,ECG,6105,24068,0,0,0,0,0
43361,ECG,6106,23917,0,0,0,0,0
43361,ECG,6107,23766,0,0,0,0,0
43361,ECG,6108,23617,0,0,0,0,0
43361,ECG,6109,23468,0,0,0,0,0
43371,ECG,6110,23321,0,0,0,0,0
43371,ECG,6111,23174,0,0,0,0,0
43371,ECG,6112,23028,0,0,0,0,0
43371,ECG,6113,22883,0,0,0,0,0
43371,ECG,6114,22739,0,0,0,0,0
43381,ECG,6115,22596,0,0,0,0,0
43381,ECG,6116,22454,0,0,0,0,0
43381,ECG,6117,22313,0,0,0,0,0
43381,ECG,6118,22172,0,0,0,0,0
43381,ECG,6119,22033,0,0,0,0,0
43390,ECG,6120,21894,0,0,0,0,0
43390,ECG,6121,21756,0,0,0,0,0
43390,ECG,6122,21619,0,0,0,0,0
43390,ECG,6123,21483,0,0,0,0,0
43390,ECG,6124,21348,0,0,0,0,0
43400,ECG,6125,21214,0,0,0,0,0
43400,ECG,6126,21080,0,0,0,0,0
43400,ECG,6127,20948,0,0,0,0,0
43400,ECG,6128,20816,0,0,0,0,0
43400,ECG,6129,20685,0,0,0,0,0
43410,ECG,6130,20555,0,0,0,0,0
43410,ECG,6131,20425,0,0,0,0,0
43410,ECG,6132,20297,0,0,0,0,0
43410,ECG,6133,20169,0,0,0,0,0
43410,ECG,6134,20042,0,0,0,0,0
43420,ECG,6135,19916,0,0,0,0,0
43420,ECG,6136,19790,0,0,0,0,0
43420,ECG,6137,19666,0,0,0,0,0
43420,ECG,6138,19542,0,0,0,0,0
43420,ECG,6139,19419,0,0,0,0,0
43430,ECG,6140,19297,0,0,0,0,0
43430,ECG,6141,19175,0,0,0,0,0
43430,ECG,6142,19055,0,0,0,0,0
43430,ECG,6143,18935,0,0,0,0,0
43239,IMU,1248,1160,-352,8480,-101,58,49
43258,IMU,1249,1240,-420,8388,-94,48,54
43277,IMU,1250,1056,-404,8440,-91,69,41
43300,IMU,1251,1044,-456,8280,-101,55,30
43318,IMU,1252,1148,-372,8400,-102,50,48
43335,IMU,1253,1028,-360,8368,-100,63,39
43354,IMU,1254,1120,-428,8464,-104,60,34
43373,IMU,1255,1124,-456,8436,-104,58,52
43392,IMU,1256,1052,-448,8360,-95,63,41
43411,IMU,1257,1072,-368,8456,-100,56,35
43431,IMU,1258,1160,-384,8412,-82,52,37
43450,IMU,1259,1104,-404,8432,-92,53,33
43469,IMU,1260,1064,-384,8352,-81,73,54
43488,IMU,1261,1072,-388,8400,-99,52,47
43507,IMU,1262,1112,-492,8460,-119,65,42
43528,IMU,1263,1140,-432,8400,-100,65,50
43545,IMU,1264,1136,-376,8436,-84,57,40
43564,IMU,1265,1144,-420,8404,-96,56,50
43583,IMU,1266,1108,-404,8416,-97,69,41
43602,IMU,1267,1040,-412,8404,-95,46,35
43622,IMU,1268,1108,-460,8424,-82,57,44
43641,IMU,1269,1200,-444,8284,-110,59,41
43660,IMU,1270,1024,-416,8420,-90,76,52
43679,IMU,1271,1136,-352,8436,-100,64,36
43698,IMU,1272,1136,-432,8384,-90,59,25
43717,IMU,1273,1064,-380,8468,-100,46,52
43740,IMU,1274,1116,-504,8388,-79,63,33
43757,IMU,1275,1068,-404,8412,-107,64,35
43775,IMU,1276,1120,-380,8364,-114,59,45
43794,IMU,1277,996,-464,8356,-78,55,48
43813,IMU,1278,1076,-368,8404,-93,51,42
43832,IMU,1279,1036,-496,8388,-70,54,34
43851,IMU,1280,1108,-344,8428,-90,63,45
43870,IMU,1281,1068,-344,8404,-106,55,35
43890,IMU,1282,1124,-384,8376,-80,48,38
43908,IMU,1283,1092,-312,8424,-101,56,48
43927,IMU,1284,1132,-428,8440,-101,62,49
43949,IMU,1285,1180,-480,8516,-77,64,26
43966,IMU,1286,1028,-388,8364,-104,49,41
43985,IMU,1287,1120,-440,8324,-101,49,39
44004,IMU,1288,1068,-388,8420,-100,55,47
44023,IMU,1289,1076,-392,8448,-89,55,27
44042,IMU,1290,1176,-412,8384,-96,42,40
44061,IMU,1291,1100,-364,8424,-88,61,28
44080,IMU,1292,1136,-360,8384,-97,47,38
44100,IMU,1293,1128,-428,8508,-85,60,41
44119,IMU,1294,980,-472,8444,-90,57,36
44138,IMU,1295,1044,-412,8392,-105,55,49
44157,IMU,1296,992,-456,8412,-104,72,33
44178,IMU,1297,1104,-440,8392,-82,63,35
44195,IMU,1298,1080,-412,8408,-106,75,44
44215,IMU,1299,1040,-396,8344,-89,60,39
44234,IMU,1300,1112,-304,8476,-95,55,41
44253,IMU,1301,1216,-488,8408,-102,58,43
44272,IMU,1302,1100,-392,8328,-82,51,31
44291,IMU,1303,1108,-460,8332,-87,51,42
44310,IMU,1304,1108,-416,8336,-99,72,45
44329,IMU,1305,1152,-428,8472,-88,63,52
44348,IMU,1306,1068,-408,8488,-88,47,55
44367,IMU,1307,1020,-380,8356,-102,66,48
44390,IMU,1308,1140,-388,8388,-97,54,36
44406,IMU,1309,1088,-264,8416,-101,65,30
44425,IMU,1310,1032,-392,8408,-82,51,39
44444,IMU,1311,1088,-440,8384,-91,37,37
44463,IMU,1312,1092,-420,8384,-103,57,33
44482,IMU,1313,1180,-436,8404,-93,56,50
44503,IMU,1314,1116,-388,8512,-112,60,39
44521,IMU,1315,1104,-464,8376,-89,62,31
44540,IMU,1316,1024,-332,8392,-98,68,32
44559,IMU,1317,1100,-468,8336,-104,64,39
44578,IMU,1318,1124,-452,8380,-106,61,37
44597,IMU,1319,1036,-344,8396,-93,58,26
44619,IMU,1320,1080,-356,8396,-114,62,44
44636,IMU,1321,1292,-416,8392,-92,47,27
44655,IMU,1322,1136,-380,8424,-87,71,47
44674,IMU,1323,1068,-464,8444,-88,66,47
44693,IMU,1324,1084,-376,8400,-102,57,45
44712,IMU,1325,1120,-460,8348,-99,54,29
44731,IMU,1326,1072,-380,8372,-106,67,46
44751,IMU,1327,1072,-316,8392,-87,62,31
44770,IMU,1328,988,-428,8388,-108,77,46
44789,IMU,1329,1100,-312,8420,-108,40,46
44808,IMU,1330,1156,-376,8364,-89,51,47
44829,IMU,1331,992,-380,8416,-86,55,43
44849,IMU,1332,992,-440,8428,-90,67,23
44869,IMU,1333,1112,-480,8484,-99,58,28
44885,IMU,1334,1104,-316,8328,-107,70,39
44904,IMU,1335,1008,-424,8424,-101,65,35
44923,IMU,1336,1120,-348,8360,-84,59,47
44942,IMU,1337,1032,-400,8436,-96,66,46
44961,IMU,1338,1060,-400,8360,-97,65,47
44981,IMU,1339,1160,-432,8352,-86,65,33
45000,IMU,1340,1088,-308,8332,-109,54,48
45019,IMU,1341,1112,-488,8404,-97,67,35
45039,IMU,1342,1144,-444,8388,-77,60,35
45058,IMU,1343,1136,-404,8412,-92,59,47
45076,IMU,1344,1024,-376,8364,-75,66,41
45095,IMU,1345,1052,-328,8376,-84,51,34
45115,IMU,1346,1044,-492,8340,-92,63,27
45134,IMU,1347,1060,-368,8428,-119,81,33
45153,IMU,1348,1092,-424,8416,-98,75,27
45172,IMU,1349,1160,-376,8428,-93,77,44
45191,IMU,1350,1152,-260,8392,-106,56,41
45210,IMU,1351,1000,-436,8476,-105,56,23
45229,IMU,1352,1132,-468,8468,-89,62,43
45249,IMU,1353,1124,-452,8376,-95,61,43
45270,IMU,1354,1096,-444,8408,-92,50,43
45287,IMU,1355,1076,-496,8384,-84,70,39
45306,IMU,1356,980,-424,8372,-108,69,50
45325,IMU,1357,1088,-344,8460,-83,56,27
45344,IMU,1358,1092,-436,8484,-88,68,40
45363,IMU,1359,1124,-356,8436,-104,55,46
45383,IMU,1360,1020,-396,8436,-101,65,49
45402,IMU,1361,1136,-308,8336,-95,56,36
45421,IMU,1362,1044,-296,8488,-94,53,65
45440,IMU,1363,1052,-436,8436,-78,75,37
45459,IMU,1364,1128,-396,8456,-82,61,39
45482,IMU,1365,996,-376,8444,-99,46,34
45498,IMU,1366,1080,-424,8460,-83,62,49
45517,IMU,1367,1032,-500,8456,-83,49,35
45537,IMU,1368,1136,-388,8380,-79,42,38
45555,IMU,1369,1132,-296,8408,-110,54,40
45574,IMU,1370,1172,-520,8428,-94,60,40
45593,IMU,1371,1068,-376,8464,-86,60,33
45612,IMU,1372,1032,-364,8544,-85,59,30
45631,IMU,1373,1004,-364,8504,-94,55,33
45650,IMU,1374,1092,-440,8468,-99,61,36
45669,IMU,1375,1100,-336,8416,-85,54,45
45688,IMU,1376,1100,-368,8388,-120,58,50
45709,IMU,1377,1080,-476,8400,-95,58,49
45727,IMU,1378,1192,-396,8500,-105,75,30
45746,IMU,1379,1172,-416,8396,-96,59,52
45765,IMU,1380,1108,-436,8416,-96,50,39
45784,IMU,1381,1108,-444,8348,-111,65,34
45803,IMU,1382,996,-428,8412,-110,79,25
45822,IMU,1383,1068,-352,8456,-98,60,24
45842,IMU,1384,1052,-360,8424,-94,55,44
45861,IMU,1385,1076,-448,8372,-91,70,43
45880,IMU,1386,1064,-428,8276,-89,54,29
45899,IMU,1387,1092,-492,8456,-85,59,34
45921,IMU,1388,1176,-428,8416,-115,57,51
45937,IMU,1389,1096,-452,8392,-79,53,37
45956,IMU,1390,1220,-384,8400,-98,62,22
45975,IMU,1391,1076,-404,8440,-96,65,43
45994,IMU,1392,1156,-440,8336,-110,57,39
46013,IMU,1393,1204,-440,8496,-109,69,48
46033,IMU,1394,1084,-420,8416,-96,55,31
46052,IMU,1395,1168,-424,8376,-89,60,54
46071,IMU,1396,1008,-420,8440,-109,37,42
46090,IMU,1397,1088,-412,8500,-82,46,34
46109,IMU,1398,1144,-452,8424,-94,49,28
46128,IMU,1399,1040,-496,8388,-97,60,35
46149,IMU,1400,1100,-440,8404,-91,56,36
46166,IMU,1401,1056,-316,8388,-76,57,37
46185,IMU,1402,1156,-420,8348,-96,53,46
46205,IMU,1403,1084,-352,8316,-75,54,55
46224,IMU,1404,1120,-512,8324,-82,59,54
46243,IMU,1405,1172,-380,8384,-89,70,61
46262,IMU,1406,1072,-460,8424,-94,69,27
46281,IMU,1407,1112,-312,8400,-92,68,45
46300,IMU,1408,1080,-460,8416,-102,65,43
46319,IMU,1409,1048,-416,8392,-80,52,49
46338,IMU,1410,1240,-328,8484,-80,62,52
46359,IMU,1411,1180,-556,8500,-80,48,29
46377,IMU,1412,1084,-328,8456,-89,66,40
46396,IMU,1413,1100,-420,8436,-84,59,34
46415,IMU,1414,1048,-480,8508,-97,76,43
46434,IMU,1415,1080,-404,8404,-111,57,39
46453,IMU,1416,1108,-428,8420,-87,65,42
46472,IMU,1417,1068,-368,8356,-98,61,54
46492,IMU,1418,1080,-464,8404,-100,71,42
46511,IMU,1419,1108,-416,8416,-104,66,29
46530,IMU,1420,1144,-348,8384,-98,65,52
46549,IMU,1421,1084,-332,8424,-102,62,47
46572,IMU,1422,1164,-392,8416,-98,70,34
46588,IMU,1423,1056,-432,8368,-110,53,34
46607,IMU,1424,1100,-440,8432,-102,83,43
46626,IMU,1425,1084,-420,8408,-98,41,49
46645,IMU,1426,1100,-392,8300,-95,74,43
46664,IMU,1427,996,-328,8412,-94,53,47
46683,IMU,1428,1148,-516,8380,-81,63,37
46702,IMU,1429,1156,-276,8444,-100,42,52
46721,IMU,1430,904,-336,8424,-96,70,34
46741,IMU,1431,1016,-376,8404,-107,62,57
46760,IMU,1432,1124,-388,8376,-112,61,35
46779,IMU,1433,1044,-332,8412,-100,66,54
46800,IMU,1434,1096,-416,8380,-120,56,46
46817,IMU,1435,1136,-400,8444,-91,60,47
46836,IMU,1436,1032,-464,8356,-107,61,30
46856,IMU,1437,1096,-452,8368,-99,62,37
46875,IMU,1438,1108,-508,8376,-84,60,55
46894,IMU,1439,1028,-532,8332,-108,74,45
46913,IMU,1440,1204,-496,8412,-105,34,37
46932,IMU,1441,1036,-324,8468,-90,41,26
46951,IMU,1442,1160,-520,8380,-94,42,51
46971,IMU,1443,1060,-416,8444,-108,33,46
46990,IMU,1444,1104,-516,8476,-85,60,34
47012,IMU,1445,1100,-384,8332,-75,59,46
47028,IMU,1446,1128,-400,8436,-88,63,26
47047,IMU,1447,1120,-428,8500,-96,68,53
47066,IMU,1448,1108,-516,8344,-101,59,52
47085,IMU,1449,1064,-420,8440,-89,43,35
47105,IMU,1450,1224,-428,8440,-90,54,47
47124,IMU,1451,1036,-316,8492,-74,59,42
47143,IMU,1452,1096,-432,8488,-86,80,49
47162,IMU,1453,1044,-344,8388,-102,48,49
47181,IMU,1454,1048,-428,8396,-91,40,43
47200,IMU,1455,1068,-428,8400,-94,68,37
43430,ECG,6144,18815,0,0,0,0,0
43439,ECG,6145,18697,0,0,0,0,0
43439,ECG,6146,18579,0,0,0,0,0
43439,ECG,6147,18462,0,0,0,0,0
43439,ECG,6148,18346,0,0,0,0,0
43439,ECG,6149,18230,0,0,0,0,0
43449,ECG,6150,18116,0,0,0,0,0
43449,ECG,6151,18002,0,0,0,0,0
43449,ECG,6152,17888,0,0,0,0,0
43449,ECG,6153,17775,0,0,0,0,0
43449,ECG,6154,17663,0,0,0,0,0
43459,ECG,6155,17552,0,0,0,0,0
43459,ECG,6156,17442,0,0,0,0,0
43459,ECG,6157,17332,0,0,0,0,0
43459,ECG,6158,17222,0,0,0,0,0
43459,ECG,6159,17114,0,0,0,0,0
43469,ECG,6160,17006,0,0,0,0,0
43469,ECG,6161,16899,0,0,0,0,0
43469,ECG,6162,16792,0,0,0,0,0
43469,ECG,6163,16687,0,0,0,0,0
43469,ECG,6164,16581,0,0,0,0,0
43478,ECG,6165,16477,0,0,0,0,0
43478,ECG,6166,16373,0,0,0,0,0
43478,ECG,6167,16270,0,0,0,0,0
43478,ECG,6168,16167,0,0,0,0,0
43478,ECG,6169,16065,0,0,0,0,0
43488,ECG,6170,15964,0,0,0,0,0
43488,ECG,6171,15864,0,0,0,0,0
43488,ECG,6172,15764,0,0,0,0,0
43488,ECG,6173,15664,0,0,0,0,0
43488,ECG,6174,15566,0,0,0,0,0
43498,ECG,6175,15467,0,0,0,0,0
43498,ECG,6176,15370,0,0,0,0,0
43498,ECG,6177,15273,0,0,0,0,0
43498,ECG,6178,15177,0,0,0,0,0
43498,ECG,6179,15081,0,0,0,0,0
43508,ECG,6180,14986,0,0,0,0,0
43508,ECG,6181,14891,0,0,0,0,0
43508,ECG,6182,14797,0,0,0,0,0
43508,ECG,6183,14704,0,0,0,0,0
43508,ECG,6184,14611,0,0,0,0,0
43518,ECG,6185,14519,0,0,0,0,0
43518,ECG,6186,14428,0,0,0,0,0
43518,ECG,6187,14337,0,0,0,0,0
43518,ECG,6188,14246,0,0,0,0,0
43518,ECG,6189,14156,0,0,0,0,0
43527,ECG,6190,14067,0,0,0,0,0
43527,ECG,6191,13978,0,0,0,0,0
43527,ECG,6192,13890,0,0,0,0,0
43527,ECG,6193,13802,0,0,0,0,0
43527,ECG,6194,13715,0,0,0,0,0
43537,ECG,6195,13629,0,0,0,0,0
43537,ECG,6196,13543,0,0,0,0,0
43537,ECG,6197,13457,0,0,0,0,0
43537,ECG,6198,13372,0,0,0,0,0
43537,ECG,6199,13288,0,0,0,0,0
43547,ECG,6200,13204,0,0,0,0,0
43547,ECG,6201,13121,0,0,0,0,0
43547,ECG,6202,13038,0,0,0,0,0
43547,ECG,6203,12956,0,0,0,0,0
43547,ECG,6204,12874,0,0,0,0,0
43557,ECG,6205,12793,0,0,0,0,0
43557,ECG,6206,12712,0,0,0,0,0
43557,ECG,6207,12632,0,0,0,0,0
43557,ECG,6208,12552,0,0,0,0,0
43557,ECG,6209,12473,0,0,0,0,0
43567,ECG,6210,12394,0,0,0,0,0
43567,ECG,6211,12316,0,0,0,0,0
43567,ECG,6212,12238,0,0,0,0,0
43567,ECG,6213,12161,0,0,0,0,0
43567,ECG,6214,12084,0,0,0,0,0
43576,ECG,6215,12008,0,0,0,0,0
43576,ECG,6216,11932,0,0,0,0,0
43576,ECG,6217,11857,0,0,0,0,0
43576,ECG,6218,11782,0,0,0,0,0
43576,ECG,6219,11707,0,0,0,0,0
43586,ECG,6220,11633,0,0,0,0,0
43586,ECG,6221,11560,0,0,0,0,0
43586,ECG,6222,11487,0,0,0,0,0
43586,ECG,6223,11414,0,0,0,0,0
43586,ECG,6224,11342,0,0,0,0,0
43596,ECG,6225,11271,0,0,0,0,0
43596,ECG,6226,11199,0,0,0,0,0
43596,ECG,6227,11129,0,0,0,0,0
43596,ECG,6228,11058,0,0,0,0,0
43596,ECG,6229,10988,0,0,0,0,0
43606,ECG,6230,10919,0,0,0,0,0
43606,ECG,6231,10850,0,0,0,0,0
43606,ECG,6232,10781,0,0,0,0,0
43606,ECG,6233,10713,0,0,0,0,0
43606,ECG,6234,10645,0,0,0,0,0
43615,ECG,6235,10578,0,0,0,0,0
43615,ECG,6236,10511,0,0,0,0,0
43615,ECG,6237,10445,0,0,0,0,0
43615,ECG,6238,10379,0,0,0,0,0
43615,ECG,6239,10313,0,0,0,0,0
43625,ECG,6240,10248,0,0,0,0,0
43625,ECG,6241,10183,0,0,0,0,0
43625,ECG,6242,10118,0,0,0,0,0
43625,ECG,6243,10054,0,0,0,0,0
43625,ECG,6244,9991,0,0,0,0,0
43635,ECG,6245,9928,0,0,0,0,0
43635,ECG,6246,9865,0,0,0,0,0
43635,ECG,6247,9802,0,0,0,0,0
43635,ECG,6248,9740,0,0,0,0,0
43635,ECG,6249,9679,0,0,0,0,0
43645,ECG,6250,9617,0,0,0,0,0
43645,ECG,6251,9557,0,0,0,0,0
43645,ECG,6252,9496,0,0,0,0,0
43645,ECG,6253,9436,0,0,0,0,0
43645,ECG,6254,9376,0,0,0,0,0
43655,ECG,6255,9317,0,0,0,0,0
43655,ECG,6256,9258,0,0,0,0,0
43655,ECG,6257,9200,0,0,0,0,0
43655,ECG,6258,9141,0,0,0,0,0
43655,ECG,6259,9083,0,0,0,0,0
43664,ECG,6260,9026,0,0,0,0,0
43664,ECG,6261,8969,0,0,0,0,0
43664,ECG,6262,8912,0,0,0,0,0
43664,ECG,6263,8855,0,0,0,0,0
43664,ECG,6264,8799,0,0,0,0,0
43674,ECG,6265,8744,0,0,0,0,0
43674,ECG,6266,8688,0,0,0,0,0
43674,ECG,6267,8633,0,0,0,0,0
43674,ECG,6268,8578,0,0,0,0,0
43674,ECG,6269,8524,0,0,0,0,0
43684,ECG,6270,8470,0,0,0,0,0
43684,ECG,6271,8416,0,0,0,0,0
43684,ECG,6272,8363,0,0,0,0,0
43684,ECG,6273,8310,0,0,0,0,0
43684,ECG,6274,8257,0,0,0,0,0
43694,ECG,6275,8205,0,0,0,0,0
43694,ECG,6276,8153,0,0,0,0,0
43694,ECG,6277,8101,0,0,0,0,0
43694,ECG,6278,8050,0,0,0,0,0
43694,ECG,6279,7999,0,0,0,0,0
43704,ECG,6280,7948,0,0,0,0,0
43704,ECG,6281,7898,0,0,0,0,0
43704,ECG,6282,7848,0,0,0,0,0
43704,ECG,6283,7798,0,0,0,0,0
43704,ECG,6284,7749,0,0,0,0,0
43713,ECG,6285,7699,0,0,0,0,0
43713,ECG,6286,7651,0,0,0,0,0
43713,ECG,6287,7602,0,0,0,0,0
43713,ECG,6288,7554,0,0,0,0,0
43713,ECG,6289,7506,0,0,0,0,0
43723,ECG,6290,7458,0,0,0,0,0
43723,ECG,6291,7411,0,0,0,0,0
43723,ECG,6292,7364,0,0,0,0,0
43723,ECG,6293,7317,0,0,0,0,0
43723,ECG,6294,7271,0,0,0,0,0
43733,ECG,6295,7224,0,0,0,0,0
43733,ECG,6296,7178,0,0,0,0,0
43733,ECG,6297,7133,0,0,0,0,0
43733,ECG,6298,7088,0,0,0,0,0
43733,ECG,6299,7043,0,0,0,0,0
43743,ECG,6300,6998,0,0,0,0,0
43743,ECG,6301,6953,0,0,0,0,0
43743,ECG,6302,6909,0,0,0,0,0
43743,ECG,6303,6865,0,0,0,0,0
43743,ECG,6304,6821,0,0,0,0,0
43752,ECG,6305,6778,0,0,0,0,0
43752,ECG,6306,6735,0,0,0,0,0
43752,ECG,6307,6692,0,0,0,0,0
43752,ECG,6308,6650,0,0,0,0,0
43752,ECG,6309,6608,0,0,0,0,0
43762,ECG,6310,6566,0,0,0,0,0
43762,ECG,6311,6524,0,0,0,0,0
43762,ECG,6312,6482,0,0,0,0,0
43762,ECG,6313,6441,0,0,0,0,0
43762,ECG,6314,6400,0,0,0,0,0
43772,ECG,6315,6359,0,0,0,0,0
43772,ECG,6316,6319,0,0,0,0,0
43772,ECG,6317,6279,0,0,0,0,0
43772,ECG,6318,6239,0,0,0,0,0
43772,ECG,6319,6199,0,0,0,0,0
43782,ECG,6320,6159,0,0,0,0,0
43782,ECG,6321,6120,0,0,0,0,0
43782,ECG,6322,6081,0,0,0,0,0
43782,ECG,6323,6042,0,0,0,0,0
43782,ECG,6324,6004,0,0,0,0,0
43792,ECG,6325,5966,0,0,0,0,0
43792,ECG,6326,5928,0,0,0,0,0
43792,ECG,6327,5890,0,0,0,0,0
43792,ECG,6328,5852,0,0,0,0,0
43792,ECG,6329,5815,0,0,0,0,0
43801,ECG,6330,5778,0,0,0,0,0
43801,ECG,6331,5741,0,0,0,0,0
43801,ECG,6332,5705,0,0,0,0,0
43801,ECG,6333,5669,0,0,0,0,0
43801,ECG,6334,5632,0,0,0,0,0
43811,ECG,6335,5596,0,0,0,0,0
43811,ECG,6336,5561,0,0,0,0,0
43811,ECG,6337,5525,0,0,0,0,0
43811,ECG,6338,5490,0,0,0,0,0
43811,ECG,6339,5455,0,0,0,0,0
43821,ECG,6340,5420,0,0,0,0,0
43821,ECG,6341,5386,0,0,0,0,0
43821,ECG,6342,5351,0,0,0,0,0
43821,ECG,6343,5317,0,0,0,0,0
43821,ECG,6344,5283,0,0,0,0,0
43831,ECG,6345,5249,0,0,0,0,0
43831,ECG,6346,5216,0,0,0,0,0
43831,ECG,6347,5183,0,0,0,0,0
43831,ECG,6348,5150,0,0,0,0,0
43831,ECG,6349,5117,0,0,0,0,0
43841,ECG,6350,5084,0,0,0,0,0
43841,ECG,6351,5051,0,0,0,0,0
43841,ECG,6352,5019,0,0,0,0,0
43841,ECG,6353,4987,0,0,0,0,0
43841,ECG,6354,4955,0,0,0,0,0
43850,ECG,6355,4924,0,0,0,0,0
43850,ECG,6356,4892,0,0,0,0,0
43850,ECG,6357,4861,0,0,0,0,0
43850,ECG,6358,4830,0,0,0,0,0
43850,ECG,6359,4799,0,0,0,0,0
43860,ECG,6360,4768,0,0,0,0,0
43860,ECG,6361,4738,0,0,0,0,0
43860,ECG,6362,4707,0,0,0,0,0
43860,ECG,6363,4677,0,0,0,0,0
43860,ECG,6364,4647,0,0,0,0,0
43870,ECG,6365,4618,0,0,0,0,0
43870,ECG,6366,4588,0,0,0,0,0
43870,ECG,6367,4559,0,0,0,0,0
43870,ECG,6368,4530,0,0,0,0,0
43870,ECG,6369,4501,0,0,0,0,0
43880,ECG,6370,4472,0,0,0,0,0
43880,ECG,6371,4443,0,0,0,0,0
43880,ECG,6372,4415,0,0,0,0,0
43880,ECG,6373,4386,0,0,0,0,0
43880,ECG,6374,4358,0,0,0,0,0
43890,ECG,6375,4330,0,0,0,0,0
43890,ECG,6376,4303,0,0,0,0,0
43890,ECG,6377,4275,0,0,0,0,0
43890,ECG,6378,4248,0,0,0,0,0
43890,ECG,6379,4220,0,0,0,0,0
43899,ECG,6380,4193,0,0,0,0,0
43899,ECG,6381,4166,0,0,0,0,0
43899,ECG,6382,4140,0,0,0,0,0
43899,ECG,6383,4113,0,0,0,0,0
43899,ECG,6384,4087,0,0,0,0,0
43909,ECG,6385,4060,0,0,0,0,0
43909,ECG,6386,4034,0,0,0,0,0
43909,ECG,6387,4008,0,0,0,0,0
43909,ECG,6388,3983,0,0,0,0,0
43909,ECG,6389,3957,0,0,0,0,0
43919,ECG,6390,3932,0,0,0,0,0
43919,ECG,6391,3906,0,0,0,0,0
43919,ECG,6392,3881,0,0,0,0,0
43919,ECG,6393,3856,0,0,0,0,0
43919,ECG,6394,3832,0,0,0,0,0
43929,ECG,6395,3807,0,0,0,0,0
43929,ECG,6396,3782,0,0,0,0,0
43929,ECG,6397,3758,0,0,0,0,0
43929,ECG,6398,3734,0,0,0,0,0
43929,ECG,6399,3710,0,0,0,0,0
43938,ECG,6400,3686,0,0,0,0,0
43938,ECG,6401,3662,0,0,0,0,0
43938,ECG,6402,3639,0,0,0,0,0
43938,ECG,6403,3615,0,0,0,0,0
43938,ECG,6404,3592,0,0,0,0,0
43948,ECG,6405,3569,0,0,0,0,0
43948,ECG,6406,3546,0,0,0,0,0
43948,ECG,6407,3523,0,0,0,0,0
43948,ECG,6408,3500,0,0,0,0,0
43948,ECG,6409,3478,0,0,0,0,0
43958,ECG,6410,3455,0,0,0,0,0
43958,ECG,6411,3433,0,0,0,0,0
43958,ECG,6412,3411,0,0,0,0,0
43958,ECG,6413,3389,0,0,0,0,0
43958,ECG,6414,3367,0,0,0,0,0
43968,ECG,6415,3345,0,0,0,0,0
43968,ECG,6416,3324,0,0,0,0,0
43968,ECG,6417,3302,0,0,0,0,0
43968,ECG,6418,3281,0,0,0,0,0
43968,ECG,6419,3260,0,0,0,0,0
43978,ECG,6420,3239,0,0,0,0,0
43978,ECG,6421,3218,0,0,0,0,0
43978,ECG,6422,3197,0,0,0,0,0
43978,ECG,6423,3176,0,0,0,0,0
43978,ECG,6424,3156,0,0,0,0,0
43987,ECG,6425,3135,0,0,0,0,0
43987,ECG,6426,3115,0,0,0,0,0
43987,ECG,6427,3095,0,0,0,0,0
43987,ECG,6428,3075,0,0,0,0,0
43987,ECG,6429,3055,0,0,0,0,0
43997,ECG,6430,3035,0,0,0,0,0
43997,ECG,6431,3015,0,0,0,0,0
43997,ECG,6432,2996,0,0,0,0,0
43997,ECG,6433,2976,0,0,0,0,0
43997,ECG,6434,2957,0,0,0,0,0
44007,ECG,6435,2938,0,0,0,0,0
44007,ECG,6436,2919,0,0,0,0,0
44007,ECG,6437,2900,0,0,0,0,0
44007,ECG,6438,2881,0,0,0,0,0
44007,ECG,6439,2862,0,0,0,0,0
44017,ECG,6440,2844,0,0,0,0,0
44017,ECG,6441,2825,0,0,0,0,0
44017,ECG,6442,2807,0,0,0,0,0
44017,ECG,6443,2789,0,0,0,0,0
44017,ECG,6444,2771,0,0,0,0,0
44027,ECG,6445,2753,0,0,0,0,0
44027,ECG,6446,2735,0,0,0,0,0
44027,ECG,6447,2717,0,0,0,0,0
44027,ECG,6448,2700,0,0,0,0,0
44027,ECG,6449,2682,0,0,0,0,0
44036,ECG,6450,2665,0,0,0,0,0
44036,ECG,6451,2647,0,0,0,0,0
44036,ECG,6452,2630,0,0,0,0,0
44036,ECG,6453,2613,0,0,0,0,0
44036,ECG,6454,2596,0,0,0,0,0
44046,ECG,6455,2579,0,0,0,0,0
44046,ECG,6456,2562,0,0,0,0,0
44046,ECG,6457,2546,0,0,0,0,0
44046,ECG,6458,2529,0,0,0,0,0
44046,ECG,6459,2513,0,0,0,0,0
44056,ECG,6460,2496,0,0,0,0,0
44056,ECG,6461,2480,0,0,0,0,0
44056,ECG,6462,2464,0,0,0,0,0
44056,ECG,6463,2448,0,0,0,0,0
44056,ECG,6464,2432,0,0,0,0,0
44066,ECG,6465,2416,0,0,0,0,0
44066,ECG,6466,2400,0,0,0,0,0
44066,ECG,6467,2385,0,0,0,0,0
44066,ECG,6468,2369,0,0,0,0,0
44066,ECG,6469,2354,0,0,0,0,0
44075,ECG,6470,2338,0,0,0,0,0
44075,ECG,6471,2323,0,0,0,0,0
44075,ECG,6472,2308,0,0,0,0,0
44075,ECG,6473,2293,0,0,0,0,0
44075,ECG,6474,2278,0,0,0,0,0
44085,ECG,6475,2263,0,0,0,0,0
44085,ECG,6476,2248,0,0,0,0,0
44085,ECG,6477,2233,0,0,0,0,0
44085,ECG,6478,2219,0,0,0,0,0
44085,ECG,6479,2204,0,0,0,0,0
44095,ECG,6480,2190,0,0,0,0,0
44095,ECG,6481,2176,0,0,0,0,0
44095,ECG,6482,2161,0,0,0,0,0
44095,ECG,6483,2147,0,0,0,0,0
44095,ECG,6484,2133,0,0,0,0,0
44105,ECG,6485,2119,0,0,0,0,0
44105,ECG,6486,2105,0,0,0,0,0
44105,ECG,6487,2091,0,0,0,0,0
44105,ECG,6488,2078,0,0,0,0,0
44105,ECG,6489,2064,0,0,0,0,0
44115,ECG,6490,2050,0,0,0,0,0
44115,ECG,6491,2037,0,0,0,0,0
44115,ECG,6492,2023,0,0,0,0,0
44115,ECG,6493,2010,0,0,0,0,0
44115,ECG,6494,1997,0,0,0,0,0
44124,ECG,6495,1984,0,0,0,0,0
44124,ECG,6496,1971,0,0,0,0,0
44124,ECG,6497,1958,0,0,0,0,0
44124,ECG,6498,1945,0,0,0,0,0
44124,ECG,6499,1932,0,0,0,0,0
44134,ECG,6500,1919,0,0,0,0,0
44134,ECG,6501,1906,0,0,0,0,0
44134,ECG,6502,1894,0,0,0,0,0
44134,ECG,6503,1881,0,0,0,0,0
44134,ECG,6504,1869,0,0,0,0,0
44144,ECG,6505,1857,0,0,0,0,0
44144,ECG,6506,1844,0,0,0,0,0
44144,ECG,6507,1832,0,0,0,0,0
44144,ECG,6508,1820,0,0,0,0,0
44144,ECG,6509,1808,0,0,0,0,0
44154,ECG,6510,1796,0,0,0,0,0
44154,ECG,6511,1784,0,0,0,0,0
44154,ECG,6512,1772,0,0,0,0,0
44154,ECG,6513,1761,0,0,0,0,0
44154,ECG,6514,1749,0,0,0,0,0
44164,ECG,6515,1737,0,0,0,0,0
44164,ECG,6516,1726,0,0,0,0,0
44164,ECG,6517,1714,0,0,0,0,0
44164,ECG,6518,1703,0,0,0,0,0
44164,ECG,6519,1692,0,0,0,0,0
44173,ECG,6520,1681,0,0,0,0,0
44173,ECG,6521,1669,0,0,0,0,0
44173,ECG,6522,1658,0,0,0,0,0
44173,ECG,6523,1647,0,0,0,0,0
44173,ECG,6524,1636,0,0,0,0,0
44183,ECG,6525,1625,0,0,0,0,0
44183,ECG,6526,1615,0,0,0,0,0
44183,ECG,6527,1604,0,0,0,0,0
44183,ECG,6528,1593,0,0,0,0,0
44183,ECG,6529,1583,0,0,0,0,0
44193,ECG,6530,1572,0,0,0,0,0
44193,ECG,6531,1562,0,0,0,0,0
44193,ECG,6532,1551,0,0,0,0,0
44193,ECG,6533,1541,0,0,0,0,0
44193,ECG,6534,1531,0,0,0,0,0
44203,ECG,6535,1520,0,0,0,0,0
44203,ECG,6536,1510,0,0,0,0,0
44203,ECG,6537,1500,0,0,0,0,0
44203,ECG,6538,1490,0,0,0,0,0
44203,ECG,6539,1480,0,0,0,0,0
44212,ECG,6540,1470,0,0,0,0,0
44212,ECG,6541,1460,0,0,0,0,0
44212,ECG,6542,1451,0,0,0,0,0
44212,ECG,6543,1441,0,0,0,0,0
44212,ECG,6544,1431,0,0,0,0,0
44222,ECG,6545,1422,0,0,0,0,0
44222,ECG,6546,1412,0,0,0,0,0
44222,ECG,6547,1403,0,0,0,0,0
44222,ECG,6548,1393,0,0,0,0,0
44222,ECG,6549,1384,0,0,0,0,0
44232,ECG,6550,1375,0,0,0,0,0
44232,ECG,6551,1365,0,0,0,0,0
44232,ECG,6552,1356,0,0,0,0,0
44232,ECG,6553,1347,0,0,0,0,0
44232,ECG,6554,1338,0,0,0,0,0
44242,ECG,6555,1329,0,0,0,0,0
44242,ECG,6556,1320,0,0,0,0,0
44242,ECG,6557,1311,0,0,0,0,0
44242,ECG,6558,1302,0,0,0,0,0
44242,ECG,6559,1294,0,0,0,0,0
44252,ECG,6560,1285,0,0,0,0,0
44252,ECG,6561,1276,0,0,0,0,0
44252,ECG,6562,1268,0,0,0,0,0
44252,ECG,6563,1259,0,0,0,0,0
44252,ECG,6564,1251,0,0,0,0,0
44261,ECG,6565,1242,0,0,0,0,0
44261,ECG,6566,1234,0,0,0,0,0
44261,ECG,6567,1225,0,0,0,0,0
44261,ECG,6568,1217,0,0,0,0,0
44261,ECG,6569,1209,0,0,0,0,0
44271,ECG,6570,1201,0,0,0,0,0
44271,ECG,6571,1192,0,0,0,0,0
44271,ECG,6572,1184,0,0,0,0,0
44271,ECG,6573,1176,0,0,0,0,0
44271,ECG,6574,1168,0,0,0,0,0
44281,ECG,6575,1160,0,0,0,0,0
44281,ECG,6576,1152,0,0,0,0,0
44281,ECG,6577,1145,0,0,0,0,0
44281,ECG,6578,1137,0,0,0,0,0
44281,ECG,6579,1129,0,0,0,0,0
44291,ECG,6580,1121,0,0,0,0,0
44291,ECG,6581,1114,0,0,0,0,0
44291,ECG,6582,1106,0,0,0,0,0
44291,ECG,6583,1099,0,0,0,0,0
44291,ECG,6584,1091,0,0,0,0,0
45310,ECG,6585,0,0,0,0,0,0
45310,ECG,6586,-1,0,0,0,0,0
45310,ECG,6587,-6,0,0,0,0,0
45310,ECG,6588,2,0,0,0,0,0
45310,ECG,6589,6,0,0,0,0,0
45320,ECG,6590,-17,0,0,0,0,0
45320,ECG,6591,38,0,0,0,0,0
45320,ECG,6592,-16,0,0,0,0,0
45320,ECG,6593,-26,0,0,0,0,0
45320,ECG,6594,151,0,0,0,0,0
45329,ECG,6595,-753,0,0,0,0,0
45329,ECG,6596,-2109,0,0,0,0,0
45329,ECG,6597,-1850,0,0,0,0,0
45329,ECG,6598,-36,0,0,0,0,0
45329,ECG,6599,3394,0,0,0,0,0
45339,ECG,6600,8729,0,0,0,0,0
45339,ECG,6601,15156,0,0,0,0,0
45339,ECG,6602,21689,0,0,0,0,0
45339,ECG,6603,27397,0,0,0,0,0
45339,ECG,6604,31311,0,0,0,0,0
45349,ECG,6605,32011,0,0,0,0,0
45349,ECG,6606,31810,0,0,0,0,0
45349,ECG,6607,31610,0,0,0,0,0
45349,ECG,6608,31343,0,0,0,0,0
45349,ECG,6609,31109,0,0,0,0,0
45359,ECG,6610,31019,0,0,0,0,0
45359,ECG,6611,30731,0,0,0,0,0
45359,ECG,6612,30591,0,0,0,0,0
45359,ECG,6613,30395,0,0,0,0,0
45359,ECG,6614,30195,0,0,0,0,0
45369,ECG,6615,30019,0,0,0,0,0
45369,ECG,6616,29827,0,0,0,0,0
45369,ECG,6617,29638,0,0,0,0,0
45369,ECG,6618,29451,0,0,0,0,0
45369,ECG,6619,29266,0,0,0,0,0
45378,ECG,6620,29082,0,0,0,0,0
45378,ECG,6621,28900,0,0,0,0,0
45378,ECG,6622,28718,0,0,0,0,0
45378,ECG,6623,28537,0,0,0,0,0
45378,ECG,6624,28358,0,0,0,0,0
45388,ECG,6625,28180,0,0,0,0,0
45388,ECG,6626,28002,0,0,0,0,0
45388,ECG,6627,27826,0,0,0,0,0
45388,ECG,6628,27651,0,0,0,0,0
45388,ECG,6629,27478,0,0,0,0,0
45398,ECG,6630,27305,0,0,0,0,0
45398,ECG,6631,27133,0,0,0,0,0
45398,ECG,6632,26963,0,0,0,0,0
45398,ECG,6633,26793,0,0,0,0,0
45398,ECG,6634,26625,0,0,0,0,0
45408,ECG,6635,26457,0,0,0,0,0
45408,ECG,6636,26291,0,0,0,0,0
45408,ECG,6637,26126,0,0,0,0,0
45408,ECG,6638,25961,0,0,0,0,0
45408,ECG,6639,25798,0,0,0,0,0
45418,ECG,6640,25636,0,0,0,0,0
45418,ECG,6641,25475,0,0,0,0,0
45418,ECG,6642,25314,0,0,0,0,0
45418,ECG,6643,25155,0,0,0,0,0
45418,ECG,6644,24997,0,0,0,0,0
45427,ECG,6645,24840,0,0,0,0,0
45427,ECG,6646,24683,0,0,0,0,0
45427,ECG,6647,24528,0,0,0,0,0
45427,ECG,6648,24374,0,0,0,0,0
45427,ECG,6649,24221,0,0,0,0,0
45437,ECG,6650,24068,0,0,0,0,0
45437,ECG,6651,23917,0,0,0,0,0
45437,ECG,6652,23766,0,0,0,0,0
45437,ECG,6653,23617,0,0,0,0,0
45437,ECG,6654,23468,0,0,0,0,0
45447,ECG,6655,23321,0,0,0,0,0
45447,ECG,6656,23174,0,0,0,0,0
45447,ECG,6657,23028,0,0,0,0,0
45447,ECG,6658,22883,0,0,0,0,0
45447,ECG,6659,22739,0,0,0,0,0
45457,ECG,6660,22596,0,0,0,0,0
45457,ECG,6661,22454,0,0,0,0,0
45457,ECG,6662,22313,0,0,0,0,0
45457,ECG,6663,22172,0,0,0,0,0
45457,ECG,6664,22033,0,0,0,0,0
45466,ECG,6665,21894,0,0,0,0,0
45466,ECG,6666,21756,0,0,0,0,0
45466,ECG,6667,21619,0,0,0,0,0
45466,ECG,6668,21483,0,0,0,0,0
45466,ECG,6669,21348,0,0,0,0,0
45476,ECG,6670,21214,0,0,0,0,0
45476,ECG,6671,21080,0,0,0,0,0
45476,ECG,6672,20948,0,0,0,0,0
45476,ECG,6673,20816,0,0,0,0,0
45476,ECG,6674,20685,0,0,0,0,0
45486,ECG,6675,20555,0,0,0,0,0
45486,ECG,6676,20425,0,0,0,0,0
45486,ECG,6677,20297,0,0,0,0,0
45486,ECG,6678,20169,0,0,0,0,0
45486,ECG,6679,20042,0,0,0,0,0
45496,ECG,6680,19916,0,0,0,0,0
45496,ECG,6681,19790,0,0,0,0,0
45496,ECG,6682,19666,0,0,0,0,0
45496,ECG,6683,19542,0,0,0,0,0
45496,ECG,6684,19419,0,0,0,0,0
45506,ECG,6685,19297,0,0,0,0,0
45506,ECG,6686,19175,0,0,0,0,0
45506,ECG,6687,19055,0,0,0,0,0
45506,ECG,6688,18935,0,0,0,0,0
45506,ECG,6689,18815,0,0,0,0,0
45515,ECG,6690,18697,0,0,0,0,0
45515,ECG,6691,18579,0,0,0,0,0
45515,ECG,6692,18462,0,0,0,0,0
45515,ECG,6693,18346,0,0,0,0,0
45515,ECG,6694,18230,0,0,0,0,0
45525,ECG,6695,18116,0,0,0,0,0
45525,ECG,6696,18002,0,0,0,0,0
45525,ECG,6697,17888,0,0,0,0,0
45525,ECG,6698,17775,0,0,0,0,0
45525,ECG,6699,17663,0,0,0,0,0
45535,ECG,6700,17552,0,0,0,0,0
45535,ECG,6701,17442,0,0,0,0,0
45535,ECG,6702,17332,0,0,0,0,0
45535,ECG,6703,17222,0,0,0,0,0
45535,ECG,6704,17114,0,0,0,0,0
45545,ECG,6705,17006,0,0,0,0,0
45545,ECG,6706,16899,0,0,0,0,0
45545,ECG,6707,16792,0,0,0,0,0
45545,ECG,6708,16687,0,0,0,0,0
45545,ECG,6709,16581,0,0,0,0,0
45554,ECG,6710,16477,0,0,0,0,0
45554,ECG,6711,16373,0,0,0,0,0
45554,ECG,6712,16270,0,0,0,0,0
45554,ECG,6713,16167,0,0,0,0,0
45554,ECG,6714,16065,0,0,0,0,0
45564,ECG,6715,15964,0,0,0,0,0
45564,ECG,6716,15864,0,0,0,0,0
45564,ECG,6717,15764,0,0,0,0,0
45564,ECG,6718,15664,0,0,0,0,0
45564,ECG,6719,15566,0,0,0,0,0
45574,ECG,6720,15467,0,0,0,0,0
45574,ECG,6721,15370,0,0,0,0,0
45574,ECG,6722,15273,0,0,0,0,0
45574,ECG,6723,15177,0,0,0,0,0
45574,ECG,6724,15081,0,0,0,0,0
45584,ECG,6725,14986,0,0,0,0,0
45584,ECG,6726,14891,0,0,0,0,0
45584,ECG,6727,14797,0,0,0,0,0
45584,ECG,6728,14704,0,0,0,0,0
45584,ECG,6729,14611,0,0,0,0,0
45594,ECG,6730,14519,0,0,0,0,0
45594,ECG,6731,14428,0,0,0,0,0
45594,ECG,6732,14337,0,0,0,0,0
45594,ECG,6733,14246,0,0,0,0,0
45594,ECG,6734,14156,0,0,0,0,0
45603,ECG,6735,14067,0,0,0,0,0
45603,ECG,6736,13978,0,0,0,0,0
45603,ECG,6737,13890,0,0,0,0,0
45603,ECG,6738,13802,0,0,0,0,0
45603,ECG,6739,13715,0,0,0,0,0
45613,ECG,6740,13629,0,0,0,0,0
45613,ECG,6741,13543,0,0,0,0,0
45613,ECG,6742,13457,0,0,0,0,0
45613,ECG,6743,13372,0,0,0,0,0
45613,ECG,6744,13288,0,0,0,0,0
45623,ECG,6745,13204,0,0,0,0,0
45623,ECG,6746,13121,0,0,0,0,0
45623,ECG,6747,13038,0,0,0,0,0
45623,ECG,6748,12956,0,0,0,0,0
45623,ECG,6749,12874,0,0,0,0,0
45633,ECG,6750,12793,0,0,0,0,0
45633,ECG,6751,12712,0,0,0,0,0
45633,ECG,6752,12632,0,0,0,0,0
45633,ECG,6753,12552,0,0,0,0,0
45633,ECG,6754,12473,0,0,0,0,0
45643,ECG,6755,12394,0,0,0,0,0
45643,ECG,6756,12316,0,0,0,0,0
45643,ECG,6757,12238,0,0,0,0,0
45643,ECG,6758,12161,0,0,0,0,0
45643,ECG,6759,12084,0,0,0,0,0
45652,ECG,6760,12008,0,0,0,0,0
45652,ECG,6761,11932,0,0,0,0,0
45652,ECG,6762,11857,0,0,0,0,0
45652,ECG,6763,11782,0,0,0,0,0
45652,ECG,6764,11707,0,0,0,0,0
45662,ECG,6765,11633,0,0,0,0,0
45662,ECG,6766,11560,0,0,0,0,0
45662,ECG,6767,11487,0,0,0,0,0
45662,ECG,6768,11414,0,0,0,0,0
45662,ECG,6769,11342,0,0,0,0,0
45672,ECG,6770,11271,0,0,0,0,0
45672,ECG,6771,11199,0,0,0,0,0
45672,ECG,6772,11129,0,0,0,0,0
45672,ECG,6773,11058,0,0,0,0,0
45672,ECG,6774,10988,0,0,0,0,0
45682,ECG,6775,10919,0,0,0,0,0
45682,ECG,6776,10850,0,0,0,0,0
45682,ECG,6777,10781,0,0,0,0,0
45682,ECG,6778,10713,0,0,0,0,0
45682,ECG,6779,10645,0,0,0,0,0
45692,ECG,6780,10578,0,0,0,0,0
45692,ECG,6781,10511,0,0,0,0,0
45692,ECG,6782,10445,0,0,0,0,0
45692,ECG,6783,10379,0,0,0,0,0
45692,ECG,6784,10313,0,0,0,0,0
45701,ECG,6785,10248,0,0,0,0,0
45701,ECG,6786,10183,0,0,0,0,0
45701,ECG,6787,10118,0,0,0,0,0
45701,ECG,6788,10054,0,0,0,0,0
45701,ECG,6789,9991,0,0,0,0,0
45711,ECG,6790,9928,0,0,0,0,0
45711,ECG,6791,9865,0,0,0,0,0
45711,ECG,6792,9802,0,0,0,0,0
45711,ECG,6793,9740,0,0,0,0,0
45711,ECG,6794,9679,0,0,0,0,0
45721,ECG,6795,9617,0,0,0,0,0
45721,ECG,6796,9557,0,0,0,0,0
45721,ECG,6797,9496,0,0,0,0,0
45721,ECG,6798,9436,0,0,0,0,0
45721,ECG,6799,9376,0,0,0,0,0
45731,ECG,6800,9317,0,0,0,0,0
45731,ECG,6801,9258,0,0,0,0,0
45731,ECG,6802,9200,0,0,0,0,0
45731,ECG,6803,9141,0,0,0,0,0
45731,ECG,6804,9083,0,0,0,0,0
45740,ECG,6805,9026,0,0,0,0,0
45740,ECG,6806,8969,0,0,0,0,0
45740,ECG,6807,8912,0,0,0,0,0
45740,ECG,6808,8855,0,0,0,0,0
45740,ECG,6809,8799,0,0,0,0,0
45750,ECG,6810,8744,0,0,0,0,0
45750,ECG,6811,8688,0,0,0,0,0
45750,ECG,6812,8633,0,0,0,0,0
45750,ECG,6813,8578,0,0,0,0,0
45750,ECG,6814,8524,0,0,0,0,0
45760,ECG,6815,8470,0,0,0,0,0
45760,ECG,6816,8416,0,0,0,0,0
45760,ECG,6817,8363,0,0,0,0,0
45760,ECG,6818,8310,0,0,0,0,0
45760,ECG,6819,8257,0,0,0,0,0
45770,ECG,6820,8205,0,0,0,0,0
45770,ECG,6821,8153,0,0,0,0,0
45770,ECG,6822,8101,0,0,0,0,0
45770,ECG,6823,8050,0,0,0,0,0
45770,ECG,6824,7999,0,0,0,0,0
45780,ECG,6825,7948,0,0,0,0,0
45780,ECG,6826,7898,0,0,0,0,0
45780,ECG,6827,7848,0,0,0,0,0
45780,ECG,6828,7798,0,0,0,0,0
45780,ECG,6829,7749,0,0,0,0,0
45789,ECG,6830,7699,0,0,0,0,0
45789,ECG,6831,7651,0,0,0,0,0
45789,ECG,6832,7602,0,0,0,0,0
45789,ECG,6833,7554,0,0,0,0,0
45789,ECG,6834,7506,0,0,0,0,0
45799,ECG,6835,7458,0,0,0,0,0
45799,ECG,6836,7411,0,0,0,0,0
45799,ECG,6837,7364,0,0,0,0,0
45799,ECG,6838,7317,0,0,0,0,0
45799,ECG,6839,7271,0,0,0,0,0
45809,ECG,6840,7224,0,0,0,0,0
45809,ECG,6841,7178,0,0,0,0,0
45809,ECG,6842,7133,0,0,0,0,0
45809,ECG,6843,7088,0,0,0,0,0
45809,ECG,6844,7043,0,0,0,0,0
45819,ECG,6845,6998,0,0,0,0,0
45819,ECG,6846,6953,0,0,0,0,0
45819,ECG,6847,6909,0,0,0,0,0
45819,ECG,6848,6865,0,0,0,0,0
45819,ECG,6849,6821,0,0,0,0,0
45829,ECG,6850,6778,0,0,0,0,0
45829,ECG,6851,6735,0,0,0,0,0
45829,ECG,6852,6692,0,0,0,0,0
45829,ECG,6853,6650,0,0,0,0,0
45829,ECG,6854,6608,0,0,0,0,0
45838,ECG,6855,6566,0,0,0,0,0
45838,ECG,6856,6524,0,0,0,0,0
45838,ECG,6857,6482,0,0,0,0,0
45838,ECG,6858,6441,0,0,0,0,0
45838,ECG,6859,6400,0,0,0,0,0
45848,ECG,6860,6359,0,0,0,0,0
45848,ECG,6861,6319,0,0,0,0,0
45848,ECG,6862,6279,0,0,0,0,0
45848,ECG,6863,6239,0,0,0,0,0
45848,ECG,6864,6199,0,0,0,0,0
45858,ECG,6865,6159,0,0,0,0,0
45858,ECG,6866,6120,0,0,0,0,0
45858,ECG,6867,6081,0,0,0,0,0
45858,ECG,6868,6042,0,0,0,0,0
45858,ECG,6869,6004,0,0,0,0,0
45868,ECG,6870,5966,0,0,0,0,0
45868,ECG,6871,5928,0,0,0,0,0
45868,ECG,6872,5890,0,0,0,0,0
45868,ECG,6873,5852,0,0,0,0,0
45868,ECG,6874,5815,0,0,0,0,0
45877,ECG,6875,5778,0,0,0,0,0
45877,ECG,6876,5741,0,0,0,0,0
45877,ECG,6877,5705,0,0,0,0,0
45877,ECG,6878,5669,0,0,0,0,0
45877,ECG,6879,5632,0,0,0,0,0
45887,ECG,6880,5596,0,0,0,0,0
45887,ECG,6881,5561,0,0,0,0,0
45887,ECG,6882,5525,0,0,0,0,0
45887,ECG,6883,5490,0,0,0,0,0
45887,ECG,6884,5455,0,0,0,0,0
45897,ECG,6885,5420,0,0,0,0,0
45897,ECG,6886,5386,0,0,0,0,0
45897,ECG,6887,5351,0,0,0,0,0
45897,ECG,6888,5317,0,0,0,0,0
45897,ECG,6889,5283,0,0,0,0,0
45907,ECG,6890,5249,0,0,0,0,0
45907,ECG,6891,5216,0,0,0,0,0
45907,ECG,6892,5183,0,0,0,0,0
45907,ECG,6893,5150,0,0,0,0,0
45907,ECG,6894,5117,0,0,0,0,0
45917,ECG,6895,5084,0,0,0,0,0
45917,ECG,6896,5051,0,0,0,0,0
45917,ECG,6897,5019,0,0,0,0,0
45917,ECG,6898,4987,0,0,0,0,0
45917,ECG,6899,4955,0,0,0,0,0
45926,ECG,6900,4924,0,0,0,0,0
45926,ECG,6901,4892,0,0,0,0,0
45926,ECG,6902,4861,0,0,0,0,0
45926,ECG,6903,4830,0,0,0,0,0
45926,ECG,6904,4799,0,0,0,0,0
45936,ECG,6905,4768,0,0,0,0,0
45936,ECG,6906,4738,0,0,0,0,0
45936,ECG,6907,4707,0,0,0,0,0
45936,ECG,6908,4677,0,0,0,0,0
45936,ECG,6909,4647,0,0,0,0,0
45946,ECG,6910,4618,0,0,0,0,0
45946,ECG,6911,4588,0,0,0,0,0
45946,ECG,6912,4559,0,0,0,0,0
45946,ECG,6913,4530,0,0,0,0,0
45946,ECG,6914,4501,0,0,0,0,0
45956,ECG,6915,4472,0,0,0,0,0
45956,ECG,6916,4443,0,0,0,0,0
45956,ECG,6917,4415,0,0,0,0,0
45956,ECG,6918,4386,0,0,0,0,0
45956,ECG,6919,4358,0,0,0,0,0
45965,ECG,6920,4330,0,0,0,0,0
45965,ECG,6921,4303,0,0,0,0,0
45965,ECG,6922,4275,0,0,0,0,0
45965,ECG,6923,4248,0,0,0,0,0
45965,ECG,6924,4220,0,0,0,0,0
45975,ECG,6925,4193,0,0,0,0,0
45975,ECG,6926,4166,0,0,0,0,0
45975,ECG,6927,4140,0,0,0,0,0
45975,ECG,6928,4113,0,0,0,0,0
45975,ECG,6929,4087,0,0,0,0,0
45985,ECG,6930,4060,0,0,0,0,0
45985,ECG,6931,4034,0,0,0,0,0
45985,ECG,6932,4008,0,0,0,0,0
45985,ECG,6933,3983,0,0,0,0,0
45985,ECG,6934,3957,0,0,0,0,0
45995,ECG,6935,3932,0,0,0,0,0
45995,ECG,6936,3906,0,0,0,0,0
45995,ECG,6937,3881,0,0,0,0,0
45995,ECG,6938,3856,0,0,0,0,0
45995,ECG,6939,3832,0,0,0,0,0
46005,ECG,6940,3807,0,0,0,0,0
46005,ECG,6941,3782,0,0,0,0,0
46005,ECG,6942,3758,0,0,0,0,0
46005,ECG,6943,3734,0,0,0,0,0
46005,ECG,6944,3710,0,0,0,0,0
46014,ECG,6945,3686,0,0,0,0,0
46014,ECG,6946,3662,0,0,0,0,0
46014,ECG,6947,3639,0,0,0,0,0
46014,ECG,6948,3615,0,0,0,0,0
46014,ECG,6949,3592,0,0,0,0,0
46024,ECG,6950,3569,0,0,0,0,0
46024,ECG,6951,3546,0,0,0,0,0
46024,ECG,6952,3523,0,0,0,0,0
46024,ECG,6953,3500,0,0,0,0,0
46024,ECG,6954,3478,0,0,0,0,0
46034,ECG,6955,3455,0,0,0,0,0
46034,ECG,6956,3433,0,0,0,0,0
46034,ECG,6957,3411,0,0,0,0,0
46034,ECG,6958,3389,0,0,0,0,0
46034,ECG,6959,3367,0,0,0,0,0
46044,ECG,6960,3345,0,0,0,0,0
46044,ECG,6961,3324,0,0,0,0,0
46044,ECG,6962,3302,0,0,0,0,0
46044,ECG,6963,3281,0,0,0,0,0
46044,ECG,6964,3260,0,0,0,0,0
46054,ECG,6965,3239,0,0,0,0,0
46054,ECG,6966,3218,0,0,0,0,0
46054,ECG,6967,3197,0,0,0,0,0
46054,ECG,6968,3176,0,0,0,0,0
46054,ECG,6969,3156,0,0,0,0,0
46063,ECG,6970,3135,0,0,0,0,0
46063,ECG,6971,3115,0,0,0,0,0
46063,ECG,6972,3095,0,0,0,0,0
46063,ECG,6973,3075,0,0,0,0,0
46063,ECG,6974,3055,0,0,0,0,0
46073,ECG,6975,3035,0,0,0,0,0
46073,ECG,6976,3015,0,0,0,0,0
46073,ECG,6977,2996,0,0,0,0,0
46073,ECG,6978,2976,0,0,0,0,0
46073,ECG,6979,2957,0,0,0,0,0
46083,ECG,6980,2938,0,0,0,0,0
46083,ECG,6981,2919,0,0,0,0,0
46083,ECG,6982,2900,0,0,0,0,0
46083,ECG,6983,2881,0,0,0,0,0
46083,ECG,6984,2862,0,0,0,0,0
46093,ECG,6985,2844,0,0,0,0,0
46093,ECG,6986,2825,0,0,0,0,0
46093,ECG,6987,2807,0,0,0,0,0
46093,ECG,6988,2789,0,0,0,0,0
46093,ECG,6989,2771,0,0,0,0,0
46102,ECG,6990,2753,0,0,0,0,0
46102,ECG,6991,2735,0,0,0,0,0
46102,ECG,6992,2717,0,0,0,0,0
46102,ECG,6993,2700,0,0,0,0,0
46102,ECG,6994,2682,0,0,0,0,0
46112,ECG,6995,2665,0,0,0,0,0
46112,ECG,6996,2647,0,0,0,0,0
46112,ECG,6997,2630,0,0,0,0,0
46112,ECG,6998,2613,0,0,0,0,0
46112,ECG,6999,2596,0,0,0,0,0
46122,ECG,7000,2579,0,0,0,0,0
46122,ECG,7001,2562,0,0,0,0,0
46122,ECG,7002,2546,0,0,0,0,0
46122,ECG,7003,2529,0,0,0,0,0
46122,ECG,7004,2513,0,0,0,0,0
46132,ECG,7005,2496,0,0,0,0,0
46132,ECG,7006,2480,0,0,0,0,0
46132,ECG,7007,2464,0,0,0,0,0
46132,ECG,7008,2448,0,0,0,0,0
46132,ECG,7009,2432,0,0,0,0,0
46142,ECG,7010,2416,0,0,0,0,0
46142,ECG,7011,2400,0,0,0,0,0
46142,ECG,7012,2385,0,0,0,0,0
46142,ECG,7013,2369,0,0,0,0,0
46142,ECG,7014,2354,0,0,0,0,0
46151,ECG,7015,2338,0,0,0,0,0
46151,ECG,7016,2323,0,0,0,0,0
46151,ECG,7017,2308,0,0,0,0,0
46151,ECG,7018,2293,0,0,0,0,0
46151,ECG,7019,2278,0,0,0,0,0
46161,ECG,7020,2263,0,0,0,0,0
46161,ECG,7021,2248,0,0,0,0,0
46161,ECG,7022,2233,0,0,0,0,0
46161,ECG,7023,2219,0,0,0,0,0
46161,ECG,7024,2204,0,0,0,0,0
46171,ECG,7025,2190,0,0,0,0,0
46171,ECG,7026,2176,0,0,0,0,0
46171,ECG,7027,2161,0,0,0,0,0
46171,ECG,7028,2147,0,0,0,0,0
46171,ECG,7029,2133,0,0,0,0,0
46181,ECG,7030,2119,0,0,0,0,0
46181,ECG,7031,2105,0,0,0,0,0
46181,ECG,7032,2091,0,0,0,0,0
46181,ECG,7033,2078,0,0,0,0,0
46181,ECG,7034,2064,0,0,0,0,0
46191,ECG,7035,2050,0,0,0,0,0
46191,ECG,7036,2037,0,0,0,0,0
46191,ECG,7037,2023,0,0,0,0,0
46191,ECG,7038,2010,0,0,0,0,0
46191,ECG,7039,1997,0,0,0,0,0
46200,ECG,7040,1984,0,0,0,0,0
46200,ECG,7041,1971,0,0,0,0,0
46200,ECG,7042,1958,0,0,0,0,0
46200,ECG,7043,1945,0,0,0,0,0
46200,ECG,7044,1932,0,0,0,0,0
46210,ECG,7045,1919,0,0,0,0,0
46210,ECG,7046,1906,0,0,0,0,0
46210,ECG,7047,1894,0,0,0,0,0
46210,ECG,7048,1881,0,0,0,0,0
46210,ECG,7049,1869,0,0,0,0,0
46220,ECG,7050,1857,0,0,0,0,0
46220,ECG,7051,1844,0,0,0,0,0
46220,ECG,7052,1832,0,0,0,0,0
46220,ECG,7053,1820,0,0,0,0,0
46220,ECG,7054,1808,0,0,0,0,0
46230,ECG,7055,1796,0,0,0,0,0
46230,ECG,7056,1784,0,0,0,0,0
46230,ECG,7057,1772,0,0,0,0,0
46230,ECG,7058,1761,0,0,0,0,0
46230,ECG,7059,1749,0,0,0,0,0
46239,ECG,7060,1737,0,0,0,0,0
46239,ECG,7061,1726,0,0,0,0,0
46239,ECG,7062,1714,0,0,0,0,0
46239,ECG,7063,1703,0,0,0,0,0
46239,ECG,7064,1692,0,0,0,0,0
46249,ECG,7065,1681,0,0,0,0,0
46249,ECG,7066,1669,0,0,0,0,0
46249,ECG,7067,1658,0,0,0,0,0
46249,ECG,7068,1647,0,0,0,0,0
46249,ECG,7069,1636,0,0,0,0,0
46259,ECG,7070,1625,0,0,0,0,0
46259,ECG,7071,1615,0,0,0,0,0
46259,ECG,7072,1604,0,0,0,0,0
46259,ECG,7073,1593,0,0,0,0,0
46259,ECG,7074,1583,0,0,0,0,0
46269,ECG,7075,1572,0,0,0,0,0
46269,ECG,7076,1562,0,0,0,0,0
46269,ECG,7077,1551,0,0,0,0,0
46269,ECG,7078,1541,0,0,0,0,0
46269,ECG,7079,1531,0,0,0,0,0
46279,ECG,7080,1520,0,0,0,0,0
46279,ECG,7081,1510,0,0,0,0,0
46279,ECG,7082,1500,0,0,0,0,0
46279,ECG,7083,1490,0,0,0,0,0
46279,ECG,7084,1480,0,0,0,0,0
46288,ECG,7085,1470,0,0,0,0,0
46288,ECG,7086,1460,0,0,0,0,0
46288,ECG,7087,1451,0,0,0,0,0
46288,ECG,7088,1441,0,0,0,0,0
46288,ECG,7089,1431,0,0,0,0,0
46298,ECG,7090,1422,0,0,0,0,0
46298,ECG,7091,1412,0,0,0,0,0
46298,ECG,7092,1403,0,0,0,0,0
46298,ECG,7093,1393,0,0,0,0,0
46298,ECG,7094,1384,0,0,0,0,0
46308,ECG,7095,1375,0,0,0,0,0
46308,ECG,7096,1365,0,0,0,0,0
46308,ECG,7097,1356,0,0,0,0,0
46308,ECG,7098,1347,0,0,0,0,0
46308,ECG,7099,1338,0,0,0,0,0
46318,ECG,7100,1329,0,0,0,0,0
46318,ECG,7101,1320,0,0,0,0,0
46318,ECG,7102,1311,0,0,0,0,0
46318,ECG,7103,1302,0,0,0,0,0
46318,ECG,7104,1294,0,0,0,0,0
46327,ECG,7105,1285,0,0,0,0,0
46328,ECG,7106,1276,0,0,0,0,0
46328,ECG,7107,1268,0,0,0,0,0
46328,ECG,7108,1259,0,0,0,0,0
46328,ECG,7109,1251,0,0,0,0,0
46337,ECG,7110,1242,0,0,0,0,0
46337,ECG,7111,1234,0,0,0,0,0
46337,ECG,7112,1225,0,0,0,0,0
46337,ECG,7113,1217,0,0,0,0,0
46337,ECG,7114,1209,0,0,0,0,0
46347,ECG,7115,1201,0,0,0,0,0
46347,ECG,7116,1192,0,0,0,0,0
46347,ECG,7117,1184,0,0,0,0,0
46347,ECG,7118,1176,0,0,0,0,0
46347,ECG,7119,1168,0,0,0,0,0
46357,ECG,7120,1160,0,0,0,0,0
46357,ECG,7121,1152,0,0,0,0,0
46357,ECG,7122,1145,0,0,0,0,0
46357,ECG,7123,1137,0,0,0,0,0
46357,ECG,7124,1129,0,0,0,0,0
47367,ECG,7125,0,0,0,0,0,0
47367,ECG,7126,-1,0,0,0,0,0
47367,ECG,7127,-6,0,0,0,0,0
47367,ECG,7128,2,0,0,0,0,0
47367,ECG,7129,6,0,0,0,0,0
47377,ECG,7130,-17,0,0,0,0,0
47377,ECG,7131,38,0,0,0,0,0
47377,ECG,7132,-16,0,0,0,0,0
47377,ECG,7133,-26,0,0,0,0,0
47377,ECG,7134,151,0,0,0,0,0
47386,ECG,7135,-753,0,0,0,0,0
47386,ECG,7136,-2109,0,0,0,0,0
47386,ECG,7137,-1850,0,0,0,0,0
47386,ECG,7138,-36,0,0,0,0,0
47386,ECG,7139,3394,0,0,0,0,0
47396,ECG,7140,8729,0,0,0,0,0
47396,ECG,7141,15156,0,0,0,0,0
47396,ECG,7142,21689,0,0,0,0,0
47396,ECG,7143,27397,0,0,0,0,0
47396,ECG,7144,31311,0,0,0,0,0
47406,ECG,7145,32011,0,0,0,0,0
47406,ECG,7146,31810,0,0,0,0,0
47406,ECG,7147,31610,0,0,0,0,0
47406,ECG,7148,31343,0,0,0,0,0
47406,ECG,7149,31109,0,0,0,0,0
47416,ECG,7150,31019,0,0,0,0,0
47416,ECG,7151,30731,0,0,0,0,0
47416,ECG,7152,30591,0,0,0,0,0
47416,ECG,7153,30395,0,0,0,0,0
47416,ECG,7154,30195,0,0,0,0,0
47426,ECG,7155,30019,0,0,0,0,0
47426,ECG,7156,29827,0,0,0,0,0
47426,ECG,7157,29638,0,0,0,0,0
47426,ECG,7158,29451,0,0,0,0,0
47426,ECG,7159,29266,0,0,0,0,0
47435,ECG,7160,29082,0,0,0,0,0
47435,ECG,7161,28900,0,0,0,0,0
47435,ECG,7162,28718,0,0,0,0,0
47435,ECG,7163,28537,0,0,0,0,0
47435,ECG,7164,28358,0,0,0,0,0
47445,ECG,7165,28180,0,0,0,0,0
47445,ECG,7166,28002,0,0,0,0,0
47445,ECG,7167,27826,0,0,0,0,0
47445,ECG,7168,27651,0,0,0,0,0
47445,ECG,7169,27478,0,0,0,0,0
47455,ECG,7170,27305,0,0,0,0,0
47455,ECG,7171,27133,0,0,0,0,0
47455,ECG,7172,26963,0,0,0,0,0
47455,ECG,7173,26793,0,0,0,0,0
47455,ECG,7174,26625,0,0,0,0,0
47465,ECG,7175,26457,0,0,0,0,0
47465,ECG,7176,26291,0,0,0,0,0
47465,ECG,7177,26126,0,0,0,0,0
47465,ECG,7178,25961,0,0,0,0,0
47465,ECG,7179,25798,0,0,0,0,0
47475,ECG,7180,25636,0,0,0,0,0
47475,ECG,7181,25475,0,0,0,0,0
47475,ECG,7182,25314,0,0,0,0,0
47475,ECG,7183,25155,0,0,0,0,0
47475,ECG,7184,24997,0,0,0,0,0
47484,ECG,7185,24840,0,0,0,0,0
47484,ECG,7186,24683,0,0,0,0,0
47484,ECG,7187,24528,0,0,0,0,0
47484,ECG,7188,24374,0,0,0,0,0
47484,ECG,7189,24221,0,0,0,0,0
47494,ECG,7190,24068,0,0,0,0,0
47494,ECG,7191,23917,0,0,0,0,0
47494,ECG,7192,23766,0,0,0,0,0
47494,ECG,7193,23617,0,0,0,0,0
47494,ECG,7194,23468,0,0,0,0,0
47504,ECG,7195,23321,0,0,0,0,0
47504,ECG,7196,23174,0,0,0,0,0
47504,ECG,7197,23028,0,0,0,0,0
47504,ECG,7198,22883,0,0,0,0,0
47504,ECG,7199,22739,0,0,0,0,0
47514,ECG,7200,22596,0,0,0,0,0
47514,ECG,7201,22454,0,0,0,0,0
47514,ECG,7202,22313,0,0,0,0,0
47514,ECG,7203,22172,0,0,0,0,0
47514,ECG,7204,22033,0,0,0,0,0
47523,ECG,7205,21894,0,0,0,0,0
47523,ECG,7206,21756,0,0,0,0,0
47523,ECG,7207,21619,0,0,0,0,0
47523,ECG,7208,21483,0,0,0,0,0
47523,ECG,7209,21348,0,0,0,0,0
47533,ECG,7210,21214,0,0,0,0,0
47533,ECG,7211,21080,0,0,0,0,0
47533,ECG,7212,20948,0,0,0,0,0
47533,ECG,7213,20816,0,0,0,0,0
47533,ECG,7214,20685,0,0,0,0,0
47543,ECG,7215,20555,0,0,0,0,0
47543,ECG,7216,20425,0,0,0,0,0
47543,ECG,7217,20297,0,0,0,0,0
47543,ECG,7218,20169,0,0,0,0,0
47543,ECG,7219,20042,0,0,0,0,0
47553,ECG,7220,19916,0,0,0,0,0
47553,ECG,7221,19790,0,0,0,0,0
47553,ECG,7222,19666,0,0,0,0,0
47553,ECG,7223,19542,0,0,0,0,0
47553,ECG,7224,19419,0,0,0,0,0
47563,ECG,7225,19297,0,0,0,0,0
47563,ECG,7226,19175,0,0,0,0,0
47563,ECG,7227,19055,0,0,0,0,0
47563,ECG,7228,18935,0,0,0,0,0
47563,ECG,7229,18815,0,0,0,0,0
47572,ECG,7230,18697,0,0,0,0,0
47572,ECG,7231,18579,0,0,0,0,0
47572,ECG,7232,18462,0,0,0,0,0
47572,ECG,7233,18346,0,0,0,0,0
47572,ECG,7234,18230,0,0,0,0,0
47582,ECG,7235,18116,0,0,0,0,0
47582,ECG,7236,18002,0,0,0,0,0
47582,ECG,7237,17888,0,0,0,0,0
47582,ECG,7238,17775,0,0,0,0,0
47582,ECG,7239,17663,0,0,0,0,0
47592,ECG,7240,17552,0,0,0,0,0
47592,ECG,7241,17442,0,0,0,0,0
47592,ECG,7242,17332,0,0,0,0,0
47592,ECG,7243,17222,0,0,0,0,0
47592,ECG,7244,17114,0,0,0,0,0
47602,ECG,7245,17006,0,0,0,0,0
47602,ECG,7246,16899,0,0,0,0,0
47602,ECG,7247,16792,0,0,0,0,0
47602,ECG,7248,16687,0,0,0,0,0
47602,ECG,7249,16581,0,0,0,0,0
47612,ECG,7250,16477,0,0,0,0,0
47612,ECG,7251,16373,0,0,0,0,0
47612,ECG,7252,16270,0,0,0,0,0
47612,ECG,7253,16167,0,0,0,0,0
47612,ECG,7254,16065,0,0,0,0,0
47621,ECG,7255,15964,0,0,0,0,0
47621,ECG,7256,15864,0,0,0,0,0
47621,ECG,7257,15764,0,0,0,0,0
47621,ECG,7258,15664,0,0,0,0,0
47621,ECG,7259,15566,0,0,0,0,0
47631,ECG,7260,15467,0,0,0,0,0
47631,ECG,7261,15370,0,0,0,0,0
47631,ECG,7262,15273,0,0,0,0,0
47631,ECG,7263,15177,0,0,0,0,0
47631,ECG,7264,15081,0,0,0,0,0
47641,ECG,7265,14986,0,0,0,0,0
47641,ECG,7266,14891,0,0,0,0,0
47641,ECG,7267,14797,0,0,0,0,0
47641,ECG,7268,14704,0,0,0,0,0
47641,ECG,7269,14611,0,0,0,0,0
47651,ECG,7270,14519,0,0,0,0,0
47651,ECG,7271,14428,0,0,0,0,0
47651,ECG,7272,14337,0,0,0,0,0
47651,ECG,7273,14246,0,0,0,0,0
47651,ECG,7274,14156,0,0,0,0,0
47660,ECG,7275,14067,0,0,0,0,0
47660,ECG,7276,13978,0,0,0,0,0
47660,ECG,7277,13890,0,0,0,0,0
47660,ECG,7278,13802,0,0,0,0,0
47660,ECG,7279,13715,0,0,0,0,0
47670,ECG,7280,13629,0,0,0,0,0
47670,ECG,7281,13543,0,0,0,0,0
47670,ECG,7282,13457,0,0,0,0,0
47670,ECG,7283,13372,0,0,0,0,0
47670,ECG,7284,13288,0,0,0,0,0
47680,ECG,7285,13204,0,0,0,0,0
47680,ECG,7286,13121,0,0,0,0,0
47680,ECG,7287,13038,0,0,0,0,0
47680,ECG,7288,12956,0,0,0,0,0
47680,ECG,7289,12874,0,0,0,0,0
47690,ECG,7290,12793,0,0,0,0,0
47690,ECG,7291,12712,0,0,0,0,0
47690,ECG,7292,12632,0,0,0,0,0
47690,ECG,7293,12552,0,0,0,0,0
47690,ECG,7294,12473,0,0,0,0,0
47700,ECG,7295,12394,0,0,0,0,0
47700,ECG,7296,12316,0,0,0,0,0
47700,ECG,7297,12238,0,0,0,0,0
47700,ECG,7298,12161,0,0,0,0,0
47700,ECG,7299,12084,0,0,0,0,0
47709,ECG,7300,12008,0,0,0,0,0
47709,ECG,7301,11932,0,0,0,0,0
47709,ECG,7302,11857,0,0,0,0,0
47709,ECG,7303,11782,0,0,0,0,0
47709,ECG,7304,11707,0,0,0,0,0
47719,ECG,7305,11633,0,0,0,0,0
47719,ECG,7306,11560,0,0,0,0,0
47719,ECG,7307,11487,0,0,0,0,0
47719,ECG,7308,11414,0,0,0,0,0
47719,ECG,7309,11342,0,0,0,0,0
47729,ECG,7310,11271,0,0,0,0,0
47729,ECG,7311,11199,0,0,0,0,0
47729,ECG,7312,11129,0,0,0,0,0
47729,ECG,7313,11058,0,0,0,0,0
47729,ECG,7314,10988,0,0,0,0,0
47739,ECG,7315,10919,0,0,0,0,0
47739,ECG,7316,10850,0,0,0,0,0
47739,ECG,7317,10781,0,0,0,0,0
47739,ECG,7318,10713,0,0,0,0,0
47739,ECG,7319,10645,0,0,0,0,0
47749,ECG,7320,10578,0,0,0,0,0
47749,ECG,7321,10511,0,0,0,0,0
47749,ECG,7322,10445,0,0,0,0,0
47749,ECG,7323,10379,0,0,0,0,0
47749,ECG,7324,10313,0,0,0,0,0
47758,ECG,7325,10248,0,0,0,0,0
47758,ECG,7326,10183,0,0,0,0,0
47758,ECG,7327,10118,0,0,0,0,0
47758,ECG,7328,10054,0,0,0,0,0
47758,ECG,7329,9991,0,0,0,0,0
47768,ECG,7330,9928,0,0,0,0,0
47768,ECG,7331,9865,0,0,0,0,0
47768,ECG,7332,9802,0,0,0,0,0
47768,ECG,7333,9740,0,0,0,0,0
47768,ECG,7334,9679,0,0,0,0,0
47778,ECG,7335,9617,0,0,0,0,0
47778,ECG,7336,9557,0,0,0,0,0
47778,ECG,7337,9496,0,0,0,0,0
47778,ECG,7338,9436,0,0,0,0,0
47778,ECG,7339,9376,0,0,0,0,0
47788,ECG,7340,9317,0,0,0,0,0
47788,ECG,7341,9258,0,0,0,0,0
47788,ECG,7342,9200,0,0,0,0,0
47788,ECG,7343,9141,0,0,0,0,0
47788,ECG,7344,9083,0,0,0,0,0
47797,ECG,7345,9026,0,0,0,0,0
47797,ECG,7346,8969,0,0,0,0,0
47797,ECG,7347,8912,0,0,0,0,0
47797,ECG,7348,8855,0,0,0,0,0
47797,ECG,7349,8799,0,0,0,0,0
47807,ECG,7350,8744,0,0,0,0,0
47807,ECG,7351,8688,0,0,0,0,0
47807,ECG,7352,8633,0,0,0,0,0
47807,ECG,7353,8578,0,0,0,0,0
47807,ECG,7354,8524,0,0,0,0,0
47817,ECG,7355,8470,0,0,0,0,0
47817,ECG,7356,8416,0,0,0,0,0
47817,ECG,7357,8363,0,0,0,0,0
47817,ECG,7358,8310,0,0,0,0,0
47817,ECG,7359,8257,0,0,0,0,0
47827,ECG,7360,8205,0,0,0,0,0
47827,ECG,7361,8153,0,0,0,0,0
47827,ECG,7362,8101,0,0,0,0,0
47827,ECG,7363,8050,0,0,0,0,0
47827,ECG,7364,7999,0,0,0,0,0
47837,ECG,7365,7948,0,0,0,0,0
47837,ECG,7366,7898,0,0,0,0,0
47837,ECG,7367,7848,0,0,0,0,0
47837,ECG,7368,7798,0,0,0,0,0
47837,ECG,7369,7749,0,0,0,0,0
47846,ECG,7370,7699,0,0,0,0,0
47846,ECG,7371,7651,0,0,0,0,0
47846,ECG,7372,7602,0,0,0,0,0
47846,ECG,7373,7554,0,0,0,0,0
47846,ECG,7374,7506,0,0,0,0,0
47856,ECG,7375,7458,0,0,0,0,0
47856,ECG,7376,7411,0,0,0,0,0
47856,ECG,7377,7364,0,0,0,0,0
47856,ECG,7378,7317,0,0,0,0,0
47856,ECG,7379,7271,0,0,0,0,0
47866,ECG,7380,7224,0,0,0,0,0
47866,ECG,7381,7178,0,0,0,0,0
47866,ECG,7382,7133,0,0,0,0,0
47866,ECG,7383,7088,0,0,0,0,0
47866,ECG,7384,7043,0,0,0,0,0
47876,ECG,7385,6998,0,0,0,0,0
47876,ECG,7386,6953,0,0,0,0,0
47876,ECG,7387,6909,0,0,0,0,0
47876,ECG,7388,6865,0,0,0,0,0
47876,ECG,7389,6821,0,0,0,0,0
47886,ECG,7390,6778,0,0,0,0,0
47886,ECG,7391,6735,0,0,0,0,0
47886,ECG,7392,6692,0,0,0,0,0
47886,ECG,7393,6650,0,0,0,0,0
47886,ECG,7394,6608,0,0,0,0,0
47895,ECG,7395,6566,0,0,0,0,0
47895,ECG,7396,6524,0,0,0,0,0
47895,ECG,7397,6482,0,0,0,0,0
47895,ECG,7398,6441,0,0,0,0,0
47895,ECG,7399,6400,0,0,0,0,0
47905,ECG,7400,6359,0,0,0,0,0
47905,ECG,7401,6319,0,0,0,0,0
47905,ECG,7402,6279,0,0,0,0,0
47905,ECG,7403,6239,0,0,0,0,0
47905,ECG,7404,6199,0,0,0,0,0
47915,ECG,7405,6159,0,0,0,0,0
47915,ECG,7406,6120,0,0,0,0,0
47915,ECG,7407,6081,0,0,0,0,0
47915,ECG,7408,6042,0,0,0,0,0
47915,ECG,7409,6004,0,0,0,0,0
47925,ECG,7410,5966,0,0,0,0,0
47925,ECG,7411,5928,0,0,0,0,0
47925,ECG,7412,5890,0,0,0,0,0
47925,ECG,7413,5852,0,0,0,0,0
47925,ECG,7414,5815,0,0,0,0,0
47934,ECG,7415,5778,0,0,0,0,0
47934,ECG,7416,5741,0,0,0,0,0
47934,ECG,7417,5705,0,0,0,0,0
47934,ECG,7418,5669,0,0,0,0,0
47934,ECG,7419,5632,0,0,0,0,0
47944,ECG,7420,5596,0,0,0,0,0
47944,ECG,7421,5561,0,0,0,0,0
47944,ECG,7422,5525,0,0,0,0,0
47944,ECG,7423,5490,0,0,0,0,0
47944,ECG,7424,5455,0,0,0,0,0
47954,ECG,7425,5420,0,0,0,0,0
47954,ECG,7426,5386,0,0,0,0,0
47954,ECG,7427,5351,0,0,0,0,0
47954,ECG,7428,5317,0,0,0,0,0
47954,ECG,7429,5283,0,0,0,0,0
47964,ECG,7430,5249,0,0,0,0,0
47964,ECG,7431,5216,0,0,0,0,0
47964,ECG,7432,5183,0,0,0,0,0
47964,ECG,7433,5150,0,0,0,0,0
47964,ECG,7434,5117,0,0,0,0,0
47974,ECG,7435,5084,0,0,0,0,0
47974,ECG,7436,5051,0,0,0,0,0
47974,ECG,7437,5019,0,0,0,0,0
47974,ECG,7438,4987,0,0,0,0,0
47974,ECG,7439,4955,0,0,0,0,0
47983,ECG,7440,4924,0,0,0,0,0
47983,ECG,7441,4892,0,0,0,0,0
47983,ECG,7442,4861,0,0,0,0,0
47983,ECG,7443,4830,0,0,0,0,0
47983,ECG,7444,4799,0,0,0,0,0
47993,ECG,7445,4768,0,0,0,0,0
47993,ECG,7446,4738,0,0,0,0,0
47993,ECG,7447,4707,0,0,0,0,0
47993,ECG,7448,4677,0,0,0,0,0
47993,ECG,7449,4647,0,0,0,0,0
48003,ECG,7450,4618,0,0,0,0,0
48003,ECG,7451,4588,0,0,0,0,0
48003,ECG,7452,4559,0,0,0,0,0
48003,ECG,7453,4530,0,0,0,0,0
48003,ECG,7454,4501,0,0,0,0,0
48013,ECG,7455,4472,0,0,0,0,0
48013,ECG,7456,4443,0,0,0,0,0
48013,ECG,7457,4415,0,0,0,0,0
48013,ECG,7458,4386,0,0,0,0,0
48013,ECG,7459,4358,0,0,0,0,0
48023,ECG,7460,4330,0,0,0,0,0
48023,ECG,7461,4303,0,0,0,0,0
48023,ECG,7462,4275,0,0,0,0,0
48023,ECG,7463,4248,0,0,0,0,0
48023,ECG,7464,4220,0,0,0,0,0
48032,ECG,7465,4193,0,0,0,0,0
48032,ECG,7466,4166,0,0,0,0,0
48032,ECG,7467,4140,0,0,0,0,0
48032,ECG,7468,4113,0,0,0,0,0
48032,ECG,7469,4087,0,0,0,0,0
48042,ECG,7470,4060,0,0,0,0,0
48042,ECG,7471,4034,0,0,0,0,0
48042,ECG,7472,4008,0,0,0,0,0
48042,ECG,7473,3983,0,0,0,0,0
48042,ECG,7474,3957,0,0,0,0,0
48052,ECG,7475,3932,0,0,0,0,0
48052,ECG,7476,3906,0,0,0,0,0
48052,ECG,7477,3881,0,0,0,0,0
48052,ECG,7478,3856,0,0,0,0,0
48052,ECG,7479,3832,0,0,0,0,0
48062,ECG,7480,3807,0,0,0,0,0
48062,ECG,7481,3782,0,0,0,0,0
48062,ECG,7482,3758,0,0,0,0,0
48062,ECG,7483,3734,0,0,0,0,0
48062,ECG,7484,3710,0,0,0,0,0
48071,ECG,7485,3686,0,0,0,0,0
48071,ECG,7486,3662,0,0,0,0,0
48071,ECG,7487,3639,0,0,0,0,0
48071,ECG,7488,3615,0,0,0,0,0
48071,ECG,7489,3592,0,0,0,0,0
48081,ECG,7490,3569,0,0,0,0,0
48081,ECG,7491,3546,0,0,0,0,0
48081,ECG,7492,3523,0,0,0,0,0
48081,ECG,7493,3500,0,0,0,0,0
48081,ECG,7494,3478,0,0,0,0,0
48091,ECG,7495,3455,0,0,0,0,0
48091,ECG,7496,3433,0,0,0,0,0
48091,ECG,7497,3411,0,0,0,0,0
48091,ECG,7498,3389,0,0,0,0,0
48091,ECG,7499,3367,0,0,0,0,0
48101,ECG,7500,3345,0,0,0,0,0
48101,ECG,7501,3324,0,0,0,0,0
48101,ECG,7502,3302,0,0,0,0,0
48101,ECG,7503,3281,0,0,0,0,0
48101,ECG,7504,3260,0,0,0,0,0
48111,ECG,7505,3239,0,0,0,0,0
48111,ECG,7506,3218,0,0,0,0,0
48111,ECG,7507,3197,0,0,0,0,0
48111,ECG,7508,3176,0,0,0,0,0
48111,ECG,7509,3156,0,0,0,0,0
48120,ECG,7510,3135,0,0,0,0,0
48120,ECG,7511,3115,0,0,0,0,0
48120,ECG,7512,3095,0,0,0,0,0
48120,ECG,7513,3075,0,0,0,0,0
48120,ECG,7514,3055,0,0,0,0,0
48130,ECG,7515,3035,0,0,0,0,0
48130,ECG,7516,3015,0,0,0,0,0
48130,ECG,7517,2996,0,0,0,0,0
48130,ECG,7518,2976,0,0,0,0,0
48130,ECG,7519,2957,0,0,0,0,0
48140,ECG,7520,2938,0,0,0,0,0
48140,ECG,7521,2919,0,0,0,0,0
48140,ECG,7522,2900,0,0,0,0,0
48140,ECG,7523,2881,0,0,0,0,0
48140,ECG,7524,2862,0,0,0,0,0
48150,ECG,7525,2844,0,0,0,0,0
48150,ECG,7526,2825,0,0,0,0,0
48150,ECG,7527,2807,0,0,0,0,0
48150,ECG,7528,2789,0,0,0,0,0
48150,ECG,7529,2771,0,0,0,0,0
48160,ECG,7530,2753,0,0,0,0,0
48160,ECG,7531,2735,0,0,0,0,0
48160,ECG,7532,2717,0,0,0,0,0
48160,ECG,7533,2700,0,0,0,0,0
48160,ECG,7534,2682,0,0,0,0,0
48169,ECG,7535,2665,0,0,0,0,0
48169,ECG,7536,2647,0,0,0,0,0
48169,ECG,7537,2630,0,0,0,0,0
48169,ECG,7538,2613,0,0,0,0,0
48169,ECG,7539,2596,0,0,0,0,0
48179,ECG,7540,2579,0,0,0,0,0
48179,ECG,7541,2562,0,0,0,0,0
48179,ECG,7542,2546,0,0,0,0,0
48179,ECG,7543,2529,0,0,0,0,0
48179,ECG,7544,2513,0,0,0,0,0
48189,ECG,7545,2496,0,0,0,0,0
48189,ECG,7546,2480,0,0,0,0,0
48189,ECG,7547,2464,0,0,0,0,0
48189,ECG,7548,2448,0,0,0,0,0
48189,ECG,7549,2432,0,0,0,0,0
48199,ECG,7550,2416,0,0,0,0,0
48199,ECG,7551,2400,0,0,0,0,0
48199,ECG,7552,2385,0,0,0,0,0
48199,ECG,7553,2369,0,0,0,0,0
48199,ECG,7554,2354,0,0,0,0,0
48208,ECG,7555,2338,0,0,0,0,0
48208,ECG,7556,2323,0,0,0,0,0
48208,ECG,7557,2308,0,0,0,0,0
48208,ECG,7558,2293,0,0,0,0,0
48208,ECG,7559,2278,0,0,0,0,0
48218,ECG,7560,2263,0,0,0,0,0
48218,ECG,7561,2248,0,0,0,0,0
48218,ECG,7562,2233,0,0,0,0,0
48218,ECG,7563,2219,0,0,0,0,0
48218,ECG,7564,2204,0,0,0,0,0
48228,ECG,7565,2190,0,0,0,0,0
48228,ECG,7566,2176,0,0,0,0,0
48228,ECG,7567,2161,0,0,0,0,0
48228,ECG,7568,2147,0,0,0,0,0
48228,ECG,7569,2133,0,0,0,0,0
48238,ECG,7570,2119,0,0,0,0,0
48238,ECG,7571,2105,0,0,0,0,0
48238,ECG,7572,2091,0,0,0,0,0
48238,ECG,7573,2078,0,0,0,0,0
48238,ECG,7574,2064,0,0,0,0,0
48248,ECG,7575,2050,0,0,0,0,0
48248,ECG,7576,2037,0,0,0,0,0
48248,ECG,7577,2023,0,0,0,0,0
48248,ECG,7578,2010,0,0,0,0,0
48248,ECG,7579,1997,0,0,0,0,0
48257,ECG,7580,1984,0,0,0,0,0
48257,ECG,7581,1971,0,0,0,0,0
48257,ECG,7582,1958,0,0,0,0,0
48257,ECG,7583,1945,0,0,0,0,0
48257,ECG,7584,1932,0,0,0,0,0
48267,ECG,7585,1919,0,0,0,0,0
48267,ECG,7586,1906,0,0,0,0,0
48267,ECG,7587,1894,0,0,0,0,0
48267,ECG,7588,1881,0,0,0,0,0
48267,ECG,7589,1869,0,0,0,0,0
48277,ECG,7590,1857,0,0,0,0,0
48277,ECG,7591,1844,0,0,0,0,0
48277,ECG,7592,1832,0,0,0,0,0
48277,ECG,7593,1820,0,0,0,0,0
48277,ECG,7594,1808,0,0,0,0,0
48287,ECG,7595,1796,0,0,0,0,0
48287,ECG,7596,1784,0,0,0,0,0
48287,ECG,7597,1772,0,0,0,0,0
48287,ECG,7598,1761,0,0,0,0,0
48287,ECG,7599,1749,0,0,0,0,0
48297,ECG,7600,1737,0,0,0,0,0
48297,ECG,7601,1726,0,0,0,0,0
48297,ECG,7602,1714,0,0,0,0,0
48297,ECG,7603,1703,0,0,0,0,0
48297,ECG,7604,1692,0,0,0,0,0
48306,ECG,7605,1681,0,0,0,0,0
48306,ECG,7606,1669,0,0,0,0,0
48306,ECG,7607,1658,0,0,0,0,0
48306,ECG,7608,1647,0,0,0,0,0
48306,ECG,7609,1636,0,0,0,0,0
48316,ECG,7610,1625,0,0,0,0,0
48316,ECG,7611,1615,0,0,0,0,0
48316,ECG,7612,1604,0,0,0,0,0
48316,ECG,7613,1593,0,0,0,0,0
48316,ECG,7614,1583,0,0,0,0,0
48326,ECG,7615,1572,0,0,0,0,0
48326,ECG,7616,1562,0,0,0,0,0
48326,ECG,7617,1551,0,0,0,0,0
48326,ECG,7618,1541,0,0,0,0,0
48326,ECG,7619,1531,0,0,0,0,0
48336,ECG,7620,1520,0,0,0,0,0
48336,ECG,7621,1510,0,0,0,0,0
48336,ECG,7622,1500,0,0,0,0,0
48336,ECG,7623,1490,0,0,0,0,0
48336,ECG,7624,1480,0,0,0,0,0
48346,ECG,7625,1470,0,0,0,0,0
48346,ECG,7626,1460,0,0,0,0,0
48346,ECG,7627,1451,0,0,0,0,0
48346,ECG,7628,1441,0,0,0,0,0
48346,ECG,7629,1431,0,0,0,0,0
48355,ECG,7630,1422,0,0,0,0,0
48355,ECG,7631,1412,0,0,0,0,0
48355,ECG,7632,1403,0,0,0,0,0
48355,ECG,7633,1393,0,0,0,0,0
48355,ECG,7634,1384,0,0,0,0,0
48365,ECG,7635,1375,0,0,0,0,0
48365,ECG,7636,1365,0,0,0,0,0
48365,ECG,7637,1356,0,0,0,0,0
48365,ECG,7638,1347,0,0,0,0,0
48365,ECG,7639,1338,0,0,0,0,0
48375,ECG,7640,1329,0,0,0,0,0
48375,ECG,7641,1320,0,0,0,0,0
48375,ECG,7642,1311,0,0,0,0,0
48375,ECG,7643,1302,0,0,0,0,0
48375,ECG,7644,1294,0,0,0,0,0
48385,ECG,7645,1285,0,0,0,0,0
48385,ECG,7646,1276,0,0,0,0,0
48385,ECG,7647,1268,0,0,0,0,0
48385,ECG,7648,1259,0,0,0,0,0
48385,ECG,7649,1251,0,0,0,0,0
48394,ECG,7650,1242,0,0,0,0,0
48394,ECG,7651,1234,0,0,0,0,0
48394,ECG,7652,1225,0,0,0,0,0
48394,ECG,7653,1217,0,0,0,0,0
48394,ECG,7654,1209,0,0,0,0,0
48404,ECG,7655,1201,0,0,0,0,0
48404,ECG,7656,1192,0,0,0,0,0
48404,ECG,7657,1184,0,0,0,0,0
48404,ECG,7658,1176,0,0,0,0,0
48404,ECG,7659,1168,0,0,0,0,0
48414,ECG,7660,1160,0,0,0,0,0
48414,ECG,7661,1152,0,0,0,0,0
48414,ECG,7662,1145,0,0,0,0,0
48414,ECG,7663,1137,0,0,0,0,0
48414,ECG,7664,1129,0,0,0,0,0
48424,ECG,7665,1121,0,0,0,0,0
48424,ECG,7666,1114,0,0,0,0,0
48424,ECG,7667,1106,0,0,0,0,0
48424,ECG,7668,1099,0,0,0,0,0
48424,ECG,7669,1091,0,0,0,0,0
48434,ECG,7670,1084,0,0,0,0,0
48434,ECG,7671,1076,0,0,0,0,0
48434,ECG,7672,1069,0,0,0,0,0
48434,ECG,7673,1062,0,0,0,0,0
48434,ECG,7674,1054,0,0,0,0,0
48443,ECG,7675,1047,0,0,0,0,0
48443,ECG,7676,1040,0,0,0,0,0
48443,ECG,7677,1033,0,0,0,0,0
48443,ECG,7678,1026,0,0,0,0,0
48443,ECG,7679,1019,0,0,0,0,0
42992,PPG,300,130054,60072,0,0,0,0
43070,PPG,301,130053,60070,0,0,0,0
43149,PPG,302,130054,60079,0,0,0,0
43231,PPG,303,130059,60080,0,0,0,0
43318,PPG,304,130051,60063,0,0,0,0
43388,PPG,305,130062,60058,0,0,0,0
43472,PPG,306,130062,60074,0,0,0,0
43550,PPG,307,130057,60080,0,0,0,0
43628,PPG,308,130048,60070,0,0,0,0
43707,PPG,309,130056,60082,0,0,0,0
43787,PPG,310,130062,60070,0,0,0,0
43865,PPG,311,130048,60076,0,0,0,0
43953,PPG,312,130047,60078,0,0,0,0
44025,PPG,313,130067,60074,0,0,0,0
44102,PPG,314,130056,60070,0,0,0,0
44183,PPG,315,130059,60076,0,0,0,0
44261,PPG,316,130054,60082,0,0,0,0
44340,PPG,317,130056,60072,0,0,0,0
44420,PPG,318,130050,60076,0,0,0,0
44503,PPG,319,130064,60070,0,0,0,0
44580,PPG,320,130062,60074,0,0,0,0
44659,PPG,321,130048,60071,0,0,0,0
44738,PPG,322,130052,60068,0,0,0,0
44818,PPG,323,130058,60080,0,0,0,0
44897,PPG,324,130049,60072,0,0,0,0
44981,PPG,325,130062,60083,0,0,0,0
45061,PPG,326,130058,60071,0,0,0,0
45136,PPG,327,130064,60068,0,0,0,0
45216,PPG,328,130055,60065,0,0,0,0
45295,PPG,329,130048,60074,0,0,0,0
45374,PPG,330,130062,60080,0,0,0,0
45454,PPG,331,130054,60073,0,0,0,0
45537,PPG,332,130061,60065,0,0,0,0
45614,PPG,333,130062,60079,0,0,0,0
45704,PPG,334,130059,60088,0,0,0,0
45772,PPG,335,130053,60082,0,0,0,0
45851,PPG,336,130054,60072,0,0,0,0
45933,PPG,337,130047,60069,0,0,0,0
46009,PPG,338,130055,60071,0,0,0,0
46092,PPG,339,130063,60077,0,0,0,0
46169,PPG,340,130061,60079,0,0,0,0
46248,PPG,341,130054,60077,0,0,0,0
46327,PPG,342,130061,60078,0,0,0,0
46406,PPG,343,130053,60074,0,0,0,0
46486,PPG,344,130061,60075,0,0,0,0
46575,PPG,345,130066,60071,0,0,0,0
46647,PPG,346,130055,60074,0,0,0,0
46725,PPG,347,130063,60071,0,0,0,0
46804,PPG,348,130073,60075,0,0,0,0
46884,PPG,349,130051,60078,0,0,0,0
46963,PPG,350,130052,60069,0,0,0,0
47043,PPG,351,130062,60077,0,0,0,0
47126,PPG,352,130047,60069,0,0,0,0
47204,PPG,353,130042,60066,0,0,0,0
47284,PPG,354,130054,60077,0,0,0,0
47363,PPG,355,130058,60074,0,0,0,0
47457,PPG,356,130053,60069,0,0,0,0
47527,PPG,357,130061,60076,0,0,0,0
47604,PPG,358,130060,60077,0,0,0,0
47685,PPG,359,130060,60082,0,0,0,0
47760,PPG,360,130048,60077,0,0,0,0
47839,PPG,361,130050,60071,0,0,0,0
47917,PPG,362,130042,60073,0,0,0,0
47996,PPG,363,130054,60070,0,0,0,0
48075,PPG,364,130053,60066,0,0,0,0
48189,PPG,365,130057,60069,0,0,0,0
48235,PPG,366,130051,60083,0,0,0,0
48319,PPG,367,130056,60070,0,0,0,0
48393,PPG,368,130063,60081,0,0,0,0
48472,PPG,369,130054,60078,0,0,0,0
48558,PPG,370,130060,60078,0,0,0,0
48635,PPG,371,130065,60077,0,0,0,0
48714,PPG,372,130051,60077,0,0,0,0
48790,PPG,373,130054,60070,0,0,0,0
48870,PPG,374,130054,60083,0,0,0,0
48950,PPG,375,130063,60076,0,0,0,0
49029,PPG,376,130054,60083,0,0,0,0
49109,PPG,377,130066,60070,0,0,0,0
49198,PPG,378,130053,60082,0,0,0,0
49269,PPG,379,130055,60081,0,0,0,0
49347,PPG,380,130052,60076,0,0,0,0
49428,PPG,381,130060,60075,0,0,0,0
47220,IMU,1456,1064,-444,8380,-92,69,49
47241,IMU,1457,1056,-352,8456,-95,64,45
47258,IMU,1458,1124,-444,8444,-96,53,43
47277,IMU,1459,1136,-412,8528,-91,65,40
47296,IMU,1460,1104,-400,8372,-79,59,43
47315,IMU,1461,1040,-368,8368,-99,46,39
47335,IMU,1462,1060,-472,8372,-82,54,44
47354,IMU,1463,1084,-440,8496,-113,64,34
47373,IMU,1464,1132,-376,8316,-82,58,62
47392,IMU,1465,1036,-356,8324,-101,65,59
47411,IMU,1466,1088,-396,8420,-86,47,29
47430,IMU,1467,1112,-344,8452,-93,75,41
47457,IMU,1468,1140,-328,8404,-109,75,33
47468,IMU,1469,1052,-440,8408,-98,46,54
47488,IMU,1470,1188,-392,8392,-95,78,49
47507,IMU,1471,1116,-460,8376,-110,66,31
47526,IMU,1472,1100,-448,8420,-105,61,24
47545,IMU,1473,1028,-308,8432,-91,57,47
47564,IMU,1474,976,-420,8412,-102,58,38
47583,IMU,1475,1064,-356,8400,-93,54,39
47604,IMU,1476,1140,-404,8368,-102,49,34
47622,IMU,1477,1136,-480,8448,-108,65,27
47640,IMU,1478,1128,-396,8484,-103,72,32
47661,IMU,1479,1156,-444,8368,-90,68,52
47681,IMU,1480,1040,-464,8448,-91,68,22
47698,IMU,1481,1028,-332,8500,-93,50,48
47717,IMU,1482,1016,-452,8456,-113,63,45
47736,IMU,1483,1080,-352,8420,-104,61,34
47755,IMU,1484,1068,-416,8448,-98,58,20
47774,IMU,1485,1072,-412,8344,-102,59,44
47793,IMU,1486,1120,-372,8516,-94,57,44
47813,IMU,1487,1080,-456,8392,-103,56,42
47832,IMU,1488,1148,-484,8420,-87,53,34
47851,IMU,1489,1040,-436,8484,-111,44,32
47870,IMU,1490,1124,-424,8284,-94,45,53
47891,IMU,1491,1128,-444,8464,-88,76,31
47908,IMU,1492,1104,-436,8432,-100,65,41
47927,IMU,1493,1108,-456,8504,-99,58,40
47946,IMU,1494,952,-460,8376,-90,66,36
47966,IMU,1495,1180,-392,8424,-94,61,53
47985,IMU,1496,1084,-484,8400,-85,54,49
48004,IMU,1497,1108,-336,8448,-84,64,55
48023,IMU,1498,1068,-416,8416,-93,56,36
48042,IMU,1499,1116,-484,8480,-107,54,35
48061,IMU,1500,1036,-436,8348,-102,75,31
48080,IMU,1501,1116,-356,8480,-95,74,30
48103,IMU,1502,1076,-420,8440,-111,65,31
48119,IMU,1503,1128,-420,8400,-83,75,48
48140,IMU,1504,1024,-416,8364,-83,45,35
48160,IMU,1505,1084,-444,8456,-103,51,36
48189,IMU,1506,1068,-468,8456,-111,59,40
48195,IMU,1507,1080,-468,8440,-72,62,45
48214,IMU,1508,1128,-436,8460,-90,65,62
48233,IMU,1509,1092,-472,8420,-90,53,28
48252,IMU,1510,1084,-380,8500,-96,62,35
48271,IMU,1511,1132,-400,8332,-87,65,38
48290,IMU,1512,1092,-488,8428,-92,60,40
48310,IMU,1513,1196,-420,8464,-100,54,39
48329,IMU,1514,1020,-364,8384,-116,55,45
48348,IMU,1515,1080,-332,8384,-94,60,52
48367,IMU,1516,1108,-348,8352,-90,58,47
48386,IMU,1517,1044,-400,8380,-105,47,55
48405,IMU,1518,1120,-368,8432,-105,55,29
48424,IMU,1519,1116,-372,8376,-108,60,28
48443,IMU,1520,1092,-364,8396,-82,64,31
48462,IMU,1521,1024,-460,8452,-97,59,18
48482,IMU,1522,1172,-296,8412,-107,41,35
48501,IMU,1523,1136,-432,8492,-87,48,47
48520,IMU,1524,1104,-348,8360,-91,58,39
48543,IMU,1525,1128,-448,8472,-99,65,32
48558,IMU,1526,1160,-424,8388,-102,40,56
48577,IMU,1527,1132,-404,8424,-106,61,41
48596,IMU,1528,1152,-468,8368,-95,45,39
48616,IMU,1529,1088,-412,8400,-89,55,49
48635,IMU,1530,1052,-368,8400,-100,53,33
48654,IMU,1531,1256,-376,8344,-89,61,40
48673,IMU,1532,1124,-384,8368,-80,57,34
48692,IMU,1533,1160,-400,8312,-100,54,36
48711,IMU,1534,1068,-452,8432,-109,62,44
48731,IMU,1535,1088,-408,8436,-122,69,43
48750,IMU,1536,1168,-360,8364,-81,70,43
48771,IMU,1537,1140,-388,8532,-91,53,37
48788,IMU,1538,1124,-428,8484,-101,57,49
48807,IMU,1539,1040,-340,8400,-100,47,24
48826,IMU,1540,1012,-344,8424,-75,62,37
48846,IMU,1541,1140,-428,8460,-86,67,29
48865,IMU,1542,1036,-412,8392,-92,62,50
48884,IMU,1543,1160,-412,8396,-88,56,46
48903,IMU,1544,1060,-456,8436,-107,49,33
48922,IMU,1545,1124,-452,8444,-104,54,40
48941,IMU,1546,1116,-424,8372,-95,52,40
48961,IMU,1547,1104,-500,8400,-95,53,33
48982,IMU,1548,1072,-384,8408,-102,64,58
48999,IMU,1549,1076,-324,8452,-74,67,51
49018,IMU,1550,1016,-416,8504,-95,50,42
49037,IMU,1551,1056,-384,8372,-105,50,49
49056,IMU,1552,1092,-508,8384,-106,69,44
49075,IMU,1553,1144,-444,8424,-86,50,43
49095,IMU,1554,1052,-380,8388,-92,62,52
49114,IMU,1555,1156,-392,8416,-97,56,38
49133,IMU,1556,1028,-464,8452,-88,71,32
49152,IMU,1557,1180,-388,8432,-106,64,47
49171,IMU,1558,1016,-388,8420,-89,54,31
49196,IMU,1559,1120,-424,8448,-105,62,52
49211,IMU,1560,1028,-344,8468,-90,52,44
49229,IMU,1561,1076,-392,8424,-92,49,35
49248,IMU,1562,1056,-332,8388,-87,54,19
49267,IMU,1563,1028,-412,8368,-93,81,44
49286,IMU,1564,1088,-316,8392,-96,62,41
49305,IMU,1565,1112,-444,8372,-89,54,46
49325,IMU,1566,1176,-372,8480,-90,57,30
49344,IMU,1567,1028,-336,8432,-96,65,52
49363,IMU,1568,1060,-336,8368,-88,58,31
49382,IMU,1569,1040,-384,8476,-102,66,24
49401,IMU,1570,1052,-404,8376,-76,72,35
49422,IMU,1571,1204,-432,8368,-90,68,37
49439,IMU,1572,1100,-404,8388,-99,47,48
