timestamp_ms,type,seq,v1,v2,v3,v4,v5,v6
17723,META_START,1,16655,0,0,0,0,0
18900,IMU,0,1272,-148,8340,-85,56,47
18919,IMU,1,1208,-232,8432,-88,60,55
18938,IMU,2,1108,-324,8456,-80,56,55
18957,IMU,3,1156,-280,8468,-74,42,41
18977,IMU,4,1128,-268,8416,-100,60,40
18996,IMU,5,1200,-228,8344,-83,58,45
19015,IMU,6,1176,-276,8448,-89,54,57
19034,IMU,7,1092,-204,8364,-95,44,45
19053,IMU,8,1216,-148,8380,-106,58,43
19072,IMU,9,1108,-248,8440,-94,61,33
19092,IMU,10,1156,-212,8432,-97,52,48
19111,IMU,11,1200,-296,8428,-86,56,60
19130,IMU,12,1092,-332,8344,-86,62,54
19149,IMU,13,1204,-260,8412,-93,71,36
19168,IMU,14,1124,-152,8456,-107,53,47
19187,IMU,15,1152,-140,8464,-86,66,41
19207,IMU,16,1172,-300,8380,-100,39,41
19226,IMU,17,1196,-224,8400,-81,66,38
19245,IMU,18,1204,-252,8464,-96,67,52
19264,IMU,19,1188,-244,8412,-88,49,38
19283,IMU,20,1192,-284,8400,-93,56,38
19302,IMU,21,1144,-240,8416,-87,75,41
19322,IMU,22,1024,-180,8364,-100,54,61
19341,IMU,23,1164,-232,8416,-76,66,44
19359,IMU,24,1136,-352,8452,-88,56,47
19379,IMU,25,1144,-188,8452,-80,60,21
19398,IMU,26,1192,-228,8328,-99,55,36
19418,IMU,27,1164,-336,8412,-77,60,65
19437,IMU,28,1076,-276,8436,-87,64,51
19455,IMU,29,1184,-244,8356,-86,64,47
19474,IMU,30,1120,-204,8388,-97,64,47
19494,IMU,31,1192,-220,8400,-103,78,24
19513,IMU,32,1196,-280,8380,-87,61,47
19532,IMU,33,1144,-260,8412,-98,71,39
19551,IMU,34,1204,-204,8380,-93,70,41
19570,IMU,35,1096,-340,8348,-98,58,39
19589,IMU,36,1160,-276,8412,-95,55,44
19609,IMU,37,1176,-284,8408,-89,54,43
19628,IMU,38,1220,-192,8352,-100,72,46
19647,IMU,39,1164,-260,8496,-97,44,52
19666,IMU,40,1124,-272,8420,-85,53,36
19685,IMU,41,1144,-284,8352,-87,66,42
19704,IMU,42,1140,-232,8424,-107,61,42
19724,IMU,43,1260,-216,8424,-83,55,45
19743,IMU,44,1220,-252,8408,-95,59,64
19762,IMU,45,1224,-304,8452,-88,56,63
19781,IMU,46,1188,-272,8408,-75,54,40
19800,IMU,47,1188,-224,8424,-93,55,34
19819,IMU,48,1280,-308,8472,-103,75,58
19839,IMU,49,1172,-280,8372,-92,67,33
19858,IMU,50,1148,-288,8428,-95,73,55
19877,IMU,51,1188,-208,8416,-101,58,35
19897,IMU,52,1212,-220,8384,-82,60,52
19915,IMU,53,1220,-288,8384,-89,69,50
19934,IMU,54,1184,-224,8376,-91,47,50
19953,IMU,55,1160,-384,8416,-109,71,32
19976,IMU,56,1156,-224,8432,-89,63,37
19992,IMU,57,1260,-256,8436,-74,60,48
20011,IMU,58,1208,-304,8468,-101,57,40
20030,IMU,59,1272,-336,8428,-93,46,42
20049,IMU,60,1124,-240,8400,-82,59,31
20068,IMU,61,1196,-240,8364,-91,63,50
20087,IMU,62,1232,-220,8432,-109,59,44
20106,IMU,63,1200,-256,8476,-95,56,44
20126,IMU,64,1284,-228,8456,-80,65,47
20145,IMU,65,1120,-248,8348,-92,54,55
20164,IMU,66,1160,-172,8400,-93,43,48
20183,IMU,67,1192,-232,8364,-94,63,44
20202,IMU,68,1144,-252,8412,-79,53,38
20221,IMU,69,1184,-300,8420,-94,46,50
20241,IMU,70,1184,-188,8372,-93,69,39
20260,IMU,71,1200,-276,8380,-91,62,41
20279,IMU,72,1176,-316,8456,-76,62,30
20298,IMU,73,1104,-256,8420,-98,57,23
20317,IMU,74,1300,-260,8396,-81,56,34
20336,IMU,75,1152,-260,8420,-105,47,26
20356,IMU,76,1176,-124,8424,-80,46,40
20383,IMU,77,1124,-280,8432,-109,59,48
20394,IMU,78,1164,-248,8460,-90,64,50
20413,IMU,79,1232,-148,8480,-104,50,47
20432,IMU,80,1160,-228,8448,-93,79,55
20452,IMU,81,1248,-172,8412,-97,61,50
20471,IMU,82,1192,-292,8444,-93,65,46
20490,IMU,83,1108,-200,8476,-96,46,34
20509,IMU,84,1116,-272,8468,-69,79,53
20528,IMU,85,1080,-284,8424,-92,79,34
20547,IMU,86,1144,-328,8456,-92,73,46
20566,IMU,87,1148,-216,8424,-79,43,31
20585,IMU,88,1200,-344,8412,-93,67,47
20605,IMU,89,1204,-204,8484,-95,80,61
20624,IMU,90,1228,-176,8496,-96,55,49
20643,IMU,91,1096,-248,8456,-75,62,55
20662,IMU,92,1128,-276,8372,-100,70,42
20681,IMU,93,1216,-180,8376,-89,47,36
20700,IMU,94,1128,-228,8380,-99,58,49
20720,IMU,95,1248,-280,8392,-86,61,45
20739,IMU,96,1208,-264,8392,-85,55,13
20758,IMU,97,1180,-264,8404,-81,48,63
20777,IMU,98,1132,-340,8444,-105,67,46
20796,IMU,99,1168,-228,8452,-101,65,52
20815,IMU,100,1080,-280,8384,-102,62,45
20835,IMU,101,1140,-252,8440,-99,55,37
20857,IMU,102,1128,-324,8372,-82,71,41
20873,IMU,103,1260,-284,8468,-119,52,40
20892,IMU,104,1212,-188,8440,-93,78,34
20911,IMU,105,1216,-224,8400,-101,60,43
20930,IMU,106,1120,-188,8464,-81,54,45
20949,IMU,107,1180,-192,8396,-106,48,22
20969,IMU,108,1124,-256,8532,-96,53,37
20988,IMU,109,1188,-248,8452,-86,58,39
21009,IMU,110,1156,-180,8416,-83,50,32
21027,IMU,111,1224,-264,8352,-96,61,50
21046,IMU,112,1172,-196,8400,-86,51,40
21065,IMU,113,1160,-252,8500,-87,59,52
21084,IMU,114,1236,-328,8524,-76,60,58
21103,IMU,115,1164,-248,8484,-91,57,50
21123,IMU,116,1240,-220,8360,-94,63,52
21141,IMU,117,1100,-332,8360,-100,54,30
21160,IMU,118,1160,-280,8448,-89,57,54
21179,IMU,119,1136,-200,8424,-93,51,59
21199,IMU,120,1200,-236,8424,-98,54,43
21218,IMU,121,1272,-252,8396,-95,63,50
21237,IMU,122,1164,-204,8508,-83,60,31
21256,IMU,123,1224,-296,8372,-90,59,39
21275,IMU,124,1192,-272,8388,-102,48,40
21294,IMU,125,1052,-348,8396,-95,53,50
21314,IMU,126,1132,-192,8388,-82,65,56
21335,IMU,127,1200,-224,8408,-87,53,41
21352,IMU,128,1208,-236,8456,-77,76,40
21371,IMU,129,1156,-284,8396,-96,53,49
21390,IMU,130,1100,-408,8396,-92,54,36
21409,IMU,131,1176,-240,8480,-98,58,22
21428,IMU,132,1176,-232,8428,-96,67,31
21448,IMU,133,1192,-204,8440,-95,65,37
21467,IMU,134,1148,-212,8352,-80,73,34
21486,IMU,135,1140,-240,8504,-83,53,40
21505,IMU,136,1236,-212,8344,-100,55,37
21524,IMU,137,1192,-276,8408,-77,82,51
21543,IMU,138,1196,-264,8416,-106,48,33
21563,IMU,139,1200,-124,8428,-92,49,42
21582,IMU,140,1132,-184,8384,-80,59,49
21601,IMU,141,1092,-224,8388,-88,45,50
21620,IMU,142,1168,-220,8472,-98,53,45
21639,IMU,143,1132,-212,8324,-93,66,52
21658,IMU,144,1116,-268,8440,-91,61,50
21678,IMU,145,1140,-228,8460,-94,57,39
21697,IMU,146,1088,-208,8456,-97,60,43
21716,IMU,147,1160,-256,8432,-85,49,39
21735,IMU,148,1256,-188,8436,-106,67,39
21754,IMU,149,1040,-348,8356,-90,65,38
21773,IMU,150,1184,-268,8376,-93,60,37
21792,IMU,151,1184,-224,8420,-95,66,35
21815,IMU,152,1280,-284,8480,-93,72,55
21832,IMU,153,1100,-192,8432,-93,52,35
21850,IMU,154,1160,-248,8544,-77,82,46
21869,IMU,155,1128,-268,8380,-76,63,43
21888,IMU,156,1144,-312,8344,-87,58,39
21907,IMU,157,1036,-356,8408,-83,60,50
21927,IMU,158,1200,-252,8416,-73,79,51
21946,IMU,159,1200,-316,8464,-102,64,38
21965,IMU,160,1232,-164,8452,-88,53,34
21984,IMU,161,1208,-280,8408,-94,56,45
22003,IMU,162,1180,-256,8396,-70,60,43
22022,IMU,163,1176,-256,8464,-69,71,46
22043,IMU,164,1196,-224,8404,-86,59,56
22061,IMU,165,1148,-188,8436,-96,52,61
22080,IMU,166,1136,-256,8392,-83,60,56
22099,IMU,167,1200,-212,8400,-107,55,37
22118,IMU,168,1080,-228,8428,-81,57,30
22137,IMU,169,1164,-188,8416,-81,50,35
22157,IMU,170,1136,-232,8432,-100,50,45
22176,IMU,171,1264,-204,8476,-88,76,43
22195,IMU,172,1228,-200,8432,-99,52,39
22214,IMU,173,1088,-312,8424,-91,60,37
22234,IMU,174,1236,-220,8520,-67,52,54
22252,IMU,175,1240,-256,8420,-78,59,36
22272,IMU,176,1232,-324,8368,-80,67,41
22295,IMU,177,1128,-196,8384,-114,72,54
22312,IMU,178,1156,-252,8448,-90,59,30
22329,IMU,179,1216,-260,8472,-90,59,31
22348,IMU,180,1280,-200,8456,-88,59,45
22367,IMU,181,1248,-228,8404,-93,62,45
22387,IMU,182,1152,-232,8476,-87,56,40
22406,IMU,183,1228,-224,8412,-86,49,43
22425,IMU,184,1208,-240,8408,-92,59,34
22444,IMU,185,1220,-384,8420,-101,34,47
22463,IMU,186,1136,-236,8352,-85,69,49
22482,IMU,187,1208,-272,8432,-82,60,42
22502,IMU,188,1116,-304,8468,-111,53,44
22521,IMU,189,1156,-248,8412,-107,68,57
22540,IMU,190,1172,-328,8424,-75,55,48
22559,IMU,191,1180,-196,8484,-100,55,53
22578,IMU,192,1172,-268,8408,-104,70,41
22597,IMU,193,1080,-296,8420,-97,51,38
22617,IMU,194,1124,-176,8416,-90,52,43
22636,IMU,195,1164,-304,8392,-83,66,39
22655,IMU,196,1152,-304,8456,-83,64,52
22674,IMU,197,1196,-280,8428,-78,68,36
22693,IMU,198,1124,-276,8376,-96,62,56
22712,IMU,199,1176,-228,8392,-82,63,47
22732,IMU,200,1172,-248,8500,-112,59,47
22751,IMU,201,1268,-160,8420,-116,50,31
22772,IMU,202,1076,-276,8400,-83,55,35
22790,IMU,203,1216,-292,8436,-95,67,54
22812,IMU,204,1112,-296,8432,-76,36,40
22827,IMU,205,1152,-160,8412,-70,69,43
22847,IMU,206,1124,-220,8520,-84,67,71
22866,IMU,207,1180,-324,8468,-86,50,43
18894,ECG,0,0,0,0,0,0,0
18894,ECG,1,-1,0,0,0,0,0
18894,ECG,2,-6,0,0,0,0,0
18894,ECG,3,2,0,0,0,0,0
18899,ECG,4,6,0,0,0,0,0
18899,ECG,5,-17,0,0,0,0,0
18899,ECG,6,38,0,0,0,0,0
18904,ECG,7,-16,0,0,0,0,0
18904,ECG,8,-26,0,0,0,0,0
18909,ECG,9,151,0,0,0,0,0
18909,ECG,10,-753,0,0,0,0,0
18909,ECG,11,-2109,0,0,0,0,0
18914,ECG,12,-1850,0,0,0,0,0
18914,ECG,13,-36,0,0,0,0,0
18915,ECG,14,3394,0,0,0,0,0
18919,ECG,15,8729,0,0,0,0,0
18919,ECG,16,15156,0,0,0,0,0
18924,ECG,17,21689,0,0,0,0,0
18924,ECG,18,27397,0,0,0,0,0
18929,ECG,19,32011,0,0,0,0,0
18929,ECG,20,31810,0,0,0,0,0
18934,ECG,21,31610,0,0,0,0,0
18934,ECG,22,31343,0,0,0,0,0
18934,ECG,23,31109,0,0,0,0,0
18939,ECG,24,31019,0,0,0,0,0
18939,ECG,25,30731,0,0,0,0,0
18944,ECG,26,30591,0,0,0,0,0
18944,ECG,27,30395,0,0,0,0,0
18944,ECG,28,30195,0,0,0,0,0
18949,ECG,29,30019,0,0,0,0,0
18949,ECG,30,29827,0,0,0,0,0
18954,ECG,31,29451,0,0,0,0,0
18954,ECG,32,29266,0,0,0,0,0
18959,ECG,33,29082,0,0,0,0,0
18959,ECG,34,28900,0,0,0,0,0
18964,ECG,35,28537,0,0,0,0,0
18964,ECG,36,28358,0,0,0,0,0
18969,ECG,37,28180,0,0,0,0,0
18969,ECG,38,28002,0,0,0,0,0
18969,ECG,39,27826,0,0,0,0,0
18974,ECG,40,27651,0,0,0,0,0
18974,ECG,41,27478,0,0,0,0,0
18979,ECG,42,27305,0,0,0,0,0
18979,ECG,43,27133,0,0,0,0,0
18979,ECG,44,26963,0,0,0,0,0
18984,ECG,45,26793,0,0,0,0,0
18984,ECG,46,26625,0,0,0,0,0
18989,ECG,47,26457,0,0,0,0,0
18989,ECG,48,26291,0,0,0,0,0
18989,ECG,49,26126,0,0,0,0,0
18994,ECG,50,25961,0,0,0,0,0
18994,ECG,51,25798,0,0,0,0,0
18999,ECG,52,25475,0,0,0,0,0
18999,ECG,53,25314,0,0,0,0,0
19004,ECG,54,25155,0,0,0,0,0
19004,ECG,55,24997,0,0,0,0,0
19009,ECG,56,24683,0,0,0,0,0
19009,ECG,57,24528,0,0,0,0,0
19014,ECG,58,24374,0,0,0,0,0
19014,ECG,59,24221,0,0,0,0,0
19014,ECG,60,24068,0,0,0,0,0
19019,ECG,61,23917,0,0,0,0,0
19019,ECG,62,23766,0,0,0,0,0
19024,ECG,63,23617,0,0,0,0,0
19024,ECG,64,23468,0,0,0,0,0
19024,ECG,65,23321,0,0,0,0,0
19029,ECG,66,23174,0,0,0,0,0
19029,ECG,67,23028,0,0,0,0,0
19034,ECG,68,22739,0,0,0,0,0
19034,ECG,69,22596,0,0,0,0,0
19039,ECG,70,22454,0,0,0,0,0
19039,ECG,71,22313,0,0,0,0,0
19040,ECG,72,22172,0,0,0,0,0
19044,ECG,73,22033,0,0,0,0,0
19044,ECG,74,21894,0,0,0,0,0
19049,ECG,75,21756,0,0,0,0,0
19049,ECG,76,21619,0,0,0,0,0
19049,ECG,77,21483,0,0,0,0,0
19054,ECG,78,21348,0,0,0,0,0
19054,ECG,79,21214,0,0,0,0,0
19059,ECG,80,21080,0,0,0,0,0
19059,ECG,81,20948,0,0,0,0,0
19059,ECG,82,20816,0,0,0,0,0
19064,ECG,83,20685,0,0,0,0,0
19064,ECG,84,20555,0,0,0,0,0
19069,ECG,85,20425,0,0,0,0,0
19069,ECG,86,20297,0,0,0,0,0
19069,ECG,87,20169,0,0,0,0,0
19074,ECG,88,20042,0,0,0,0,0
19074,ECG,89,19916,0,0,0,0,0
19079,ECG,90,19666,0,0,0,0,0
19079,ECG,91,19542,0,0,0,0,0
19084,ECG,92,19419,0,0,0,0,0
19084,ECG,93,19297,0,0,0,0,0
19089,ECG,94,19055,0,0,0,0,0
19089,ECG,95,18935,0,0,0,0,0
19094,ECG,96,18815,0,0,0,0,0
19094,ECG,97,18697,0,0,0,0,0
19094,ECG,98,18579,0,0,0,0,0
19099,ECG,99,18462,0,0,0,0,0
19099,ECG,100,18346,0,0,0,0,0
19104,ECG,101,18230,0,0,0,0,0
19104,ECG,102,18116,0,0,0,0,0
19104,ECG,103,18002,0,0,0,0,0
19109,ECG,104,17888,0,0,0,0,0
19109,ECG,105,17775,0,0,0,0,0
19114,ECG,106,17663,0,0,0,0,0
19114,ECG,107,17552,0,0,0,0,0
19114,ECG,108,17442,0,0,0,0,0
19119,ECG,109,17332,0,0,0,0,0
19119,ECG,110,17222,0,0,0,0,0
19120,ECG,111,17114,0,0,0,0,0
19124,ECG,112,17006,0,0,0,0,0
19124,ECG,113,16899,0,0,0,0,0
19129,ECG,114,16792,0,0,0,0,0
19129,ECG,115,16687,0,0,0,0,0
19129,ECG,116,16581,0,0,0,0,0
19134,ECG,117,16477,0,0,0,0,0
19134,ECG,118,16373,0,0,0,0,0
19139,ECG,119,16270,0,0,0,0,0
19139,ECG,120,16167,0,0,0,0,0
19139,ECG,121,16065,0,0,0,0,0
19144,ECG,122,15964,0,0,0,0,0
19144,ECG,123,15864,0,0,0,0,0
19149,ECG,124,15764,0,0,0,0,0
19149,ECG,125,15664,0,0,0,0,0
19149,ECG,126,15566,0,0,0,0,0
19154,ECG,127,15467,0,0,0,0,0
19154,ECG,128,15370,0,0,0,0,0
19159,ECG,129,15177,0,0,0,0,0
19159,ECG,130,15081,0,0,0,0,0
19164,ECG,131,14986,0,0,0,0,0
19164,ECG,132,14891,0,0,0,0,0
19169,ECG,133,14704,0,0,0,0,0
19169,ECG,134,14611,0,0,0,0,0
19174,ECG,135,14519,0,0,0,0,0
19174,ECG,136,14428,0,0,0,0,0
19174,ECG,137,14337,0,0,0,0,0
19179,ECG,138,14246,0,0,0,0,0
19179,ECG,139,14156,0,0,0,0,0
19184,ECG,140,14067,0,0,0,0,0
19184,ECG,141,13978,0,0,0,0,0
19184,ECG,142,13890,0,0,0,0,0
19189,ECG,143,13802,0,0,0,0,0
19189,ECG,144,13715,0,0,0,0,0
19194,ECG,145,13629,0,0,0,0,0
19194,ECG,146,13543,0,0,0,0,0
19194,ECG,147,13457,0,0,0,0,0
19199,ECG,148,13372,0,0,0,0,0
19199,ECG,149,13288,0,0,0,0,0
19200,ECG,150,13204,0,0,0,0,0
19204,ECG,151,13121,0,0,0,0,0
19204,ECG,152,13038,0,0,0,0,0
19209,ECG,153,12956,0,0,0,0,0
19209,ECG,154,12874,0,0,0,0,0
19214,ECG,155,12712,0,0,0,0,0
19214,ECG,156,12632,0,0,0,0,0
19219,ECG,157,12552,0,0,0,0,0
19219,ECG,158,12473,0,0,0,0,0
19219,ECG,159,12394,0,0,0,0,0
19224,ECG,160,12316,0,0,0,0,0
19224,ECG,161,12238,0,0,0,0,0
19229,ECG,162,12161,0,0,0,0,0
19229,ECG,163,12084,0,0,0,0,0
19229,ECG,164,12008,0,0,0,0,0
19234,ECG,165,11932,0,0,0,0,0
19234,ECG,166,11857,0,0,0,0,0
19239,ECG,167,11707,0,0,0,0,0
19239,ECG,168,11633,0,0,0,0,0
19244,ECG,169,11560,0,0,0,0,0
19244,ECG,170,11487,0,0,0,0,0
19249,ECG,171,11342,0,0,0,0,0
19249,ECG,172,11271,0,0,0,0,0
19254,ECG,173,11199,0,0,0,0,0
19254,ECG,174,11129,0,0,0,0,0
19254,ECG,175,11058,0,0,0,0,0
19259,ECG,176,10988,0,0,0,0,0
19259,ECG,177,10919,0,0,0,0,0
19264,ECG,178,10850,0,0,0,0,0
19264,ECG,179,10781,0,0,0,0,0
19264,ECG,180,10713,0,0,0,0,0
19269,ECG,181,10645,0,0,0,0,0
19269,ECG,182,10578,0,0,0,0,0
19274,ECG,183,10511,0,0,0,0,0
19274,ECG,184,10445,0,0,0,0,0
19274,ECG,185,10379,0,0,0,0,0
19279,ECG,186,10313,0,0,0,0,0
19279,ECG,187,10248,0,0,0,0,0
19284,ECG,188,10118,0,0,0,0,0
19284,ECG,189,10054,0,0,0,0,0
19290,ECG,190,9991,0,0,0,0,0
19290,ECG,191,9928,0,0,0,0,0
19290,ECG,192,9865,0,0,0,0,0
19295,ECG,193,9802,0,0,0,0,0
19295,ECG,194,9740,0,0,0,0,0
19295,ECG,195,9679,0,0,0,0,0
19300,ECG,196,9617,0,0,0,0,0
19300,ECG,197,9557,0,0,0,0,0
19305,ECG,198,9496,0,0,0,0,0
19305,ECG,199,9436,0,0,0,0,0
19305,ECG,200,9376,0,0,0,0,0
19310,ECG,201,9317,0,0,0,0,0
19310,ECG,202,9258,0,0,0,0,0
19315,ECG,203,9200,0,0,0,0,0
19315,ECG,204,9141,0,0,0,0,0
19315,ECG,205,9083,0,0,0,0,0
19320,ECG,206,9026,0,0,0,0,0
19320,ECG,207,8969,0,0,0,0,0
19325,ECG,208,8855,0,0,0,0,0
19325,ECG,209,8799,0,0,0,0,0
19330,ECG,210,8744,0,0,0,0,0
19330,ECG,211,8688,0,0,0,0,0
19335,ECG,212,8578,0,0,0,0,0
19335,ECG,213,8524,0,0,0,0,0
19340,ECG,214,8470,0,0,0,0,0
19340,ECG,215,8416,0,0,0,0,0
19340,ECG,216,8363,0,0,0,0,0
19345,ECG,217,8310,0,0,0,0,0
19345,ECG,218,8257,0,0,0,0,0
19350,ECG,219,8205,0,0,0,0,0
19350,ECG,220,8153,0,0,0,0,0
19350,ECG,221,8101,0,0,0,0,0
19355,ECG,222,8050,0,0,0,0,0
19355,ECG,223,7999,0,0,0,0,0
19360,ECG,224,7898,0,0,0,0,0
19360,ECG,225,7848,0,0,0,0,0
19365,ECG,226,7798,0,0,0,0,0
19365,ECG,227,7749,0,0,0,0,0
19370,ECG,228,7651,0,0,0,0,0
19370,ECG,229,7602,0,0,0,0,0
19375,ECG,230,7554,0,0,0,0,0
19375,ECG,231,7506,0,0,0,0,0
19375,ECG,232,7458,0,0,0,0,0
19380,ECG,233,7411,0,0,0,0,0
19380,ECG,234,7364,0,0,0,0,0
19385,ECG,235,7317,0,0,0,0,0
19385,ECG,236,7271,0,0,0,0,0
19385,ECG,237,7224,0,0,0,0,0
19390,ECG,238,7178,0,0,0,0,0
19390,ECG,239,7133,0,0,0,0,0
19395,ECG,240,7088,0,0,0,0,0
19395,ECG,241,7043,0,0,0,0,0
19395,ECG,242,6998,0,0,0,0,0
19400,ECG,243,6953,0,0,0,0,0
19400,ECG,244,6909,0,0,0,0,0
19405,ECG,245,6821,0,0,0,0,0
19405,ECG,246,6778,0,0,0,0,0
19410,ECG,247,6735,0,0,0,0,0
19410,ECG,248,6692,0,0,0,0,0
19415,ECG,249,6608,0,0,0,0,0
19415,ECG,250,6566,0,0,0,0,0
19420,ECG,251,6524,0,0,0,0,0
19420,ECG,252,6482,0,0,0,0,0
19420,ECG,253,6441,0,0,0,0,0
19425,ECG,254,6400,0,0,0,0,0
19425,ECG,255,6359,0,0,0,0,0
19430,ECG,256,6319,0,0,0,0,0
19430,ECG,257,6279,0,0,0,0,0
19430,ECG,258,6239,0,0,0,0,0
19435,ECG,259,6199,0,0,0,0,0
19435,ECG,260,6159,0,0,0,0,0
19440,ECG,261,6081,0,0,0,0,0
19440,ECG,262,6042,0,0,0,0,0
19445,ECG,263,6004,0,0,0,0,0
19445,ECG,264,5966,0,0,0,0,0
19446,ECG,265,5928,0,0,0,0,0
19450,ECG,266,5890,0,0,0,0,0
19450,ECG,267,5852,0,0,0,0,0
19455,ECG,268,5815,0,0,0,0,0
19455,ECG,269,5778,0,0,0,0,0
19455,ECG,270,5741,0,0,0,0,0
19460,ECG,271,5705,0,0,0,0,0
19460,ECG,272,5669,0,0,0,0,0
19465,ECG,273,5632,0,0,0,0,0
19465,ECG,274,5596,0,0,0,0,0
19465,ECG,275,5561,0,0,0,0,0
19470,ECG,276,5525,0,0,0,0,0
19470,ECG,277,5490,0,0,0,0,0
19475,ECG,278,5455,0,0,0,0,0
19475,ECG,279,5420,0,0,0,0,0
19475,ECG,280,5386,0,0,0,0,0
19480,ECG,281,5351,0,0,0,0,0
19480,ECG,282,5317,0,0,0,0,0
19485,ECG,283,5249,0,0,0,0,0
19485,ECG,284,5216,0,0,0,0,0
19490,ECG,285,5183,0,0,0,0,0
19490,ECG,286,5150,0,0,0,0,0
19495,ECG,287,5084,0,0,0,0,0
19495,ECG,288,5051,0,0,0,0,0
19500,ECG,289,5019,0,0,0,0,0
19500,ECG,290,4987,0,0,0,0,0
19500,ECG,291,4955,0,0,0,0,0
19505,ECG,292,4924,0,0,0,0,0
19505,ECG,293,4892,0,0,0,0,0
19510,ECG,294,4861,0,0,0,0,0
19510,ECG,295,4830,0,0,0,0,0
19510,ECG,296,4799,0,0,0,0,0
19515,ECG,297,4768,0,0,0,0,0
19515,ECG,298,4738,0,0,0,0,0
19520,ECG,299,4707,0,0,0,0,0
19520,ECG,300,4677,0,0,0,0,0
19520,ECG,301,4647,0,0,0,0,0
19525,ECG,302,4618,0,0,0,0,0
19525,ECG,303,4588,0,0,0,0,0
19526,ECG,304,4559,0,0,0,0,0
19530,ECG,305,4530,0,0,0,0,0
19530,ECG,306,4501,0,0,0,0,0
19535,ECG,307,4472,0,0,0,0,0
19535,ECG,308,4443,0,0,0,0,0
19540,ECG,309,4386,0,0,0,0,0
19540,ECG,310,4358,0,0,0,0,0
19545,ECG,311,4330,0,0,0,0,0
19545,ECG,312,4303,0,0,0,0,0
19545,ECG,313,4275,0,0,0,0,0
19550,ECG,314,4248,0,0,0,0,0
19550,ECG,315,4220,0,0,0,0,0
19555,ECG,316,4193,0,0,0,0,0
19555,ECG,317,4166,0,0,0,0,0
19555,ECG,318,4140,0,0,0,0,0
19560,ECG,319,4113,0,0,0,0,0
19560,ECG,320,4087,0,0,0,0,0
19565,ECG,321,4034,0,0,0,0,0
19565,ECG,322,4008,0,0,0,0,0
19570,ECG,323,3983,0,0,0,0,0
19570,ECG,324,3957,0,0,0,0,0
19575,ECG,325,3906,0,0,0,0,0
19575,ECG,326,3881,0,0,0,0,0
19580,ECG,327,3856,0,0,0,0,0
19580,ECG,328,3832,0,0,0,0,0
19580,ECG,329,3807,0,0,0,0,0
19585,ECG,330,3782,0,0,0,0,0
19585,ECG,331,3758,0,0,0,0,0
19590,ECG,332,3734,0,0,0,0,0
19590,ECG,333,3710,0,0,0,0,0
19590,ECG,334,3686,0,0,0,0,0
19595,ECG,335,3662,0,0,0,0,0
19595,ECG,336,3639,0,0,0,0,0
19600,ECG,337,3615,0,0,0,0,0
19600,ECG,338,3592,0,0,0,0,0
19600,ECG,339,3569,0,0,0,0,0
19605,ECG,340,3546,0,0,0,0,0
19605,ECG,341,3523,0,0,0,0,0
19606,ECG,342,3500,0,0,0,0,0
19610,ECG,343,3478,0,0,0,0,0
19610,ECG,344,3455,0,0,0,0,0
19615,ECG,345,3433,0,0,0,0,0
19615,ECG,346,3411,0,0,0,0,0
19620,ECG,347,3367,0,0,0,0,0
19620,ECG,348,3345,0,0,0,0,0
19625,ECG,349,3324,0,0,0,0,0
19625,ECG,350,3302,0,0,0,0,0
19625,ECG,351,3281,0,0,0,0,0
19630,ECG,352,3260,0,0,0,0,0
19630,ECG,353,3239,0,0,0,0,0
19635,ECG,354,3218,0,0,0,0,0
19635,ECG,355,3197,0,0,0,0,0
19635,ECG,356,3176,0,0,0,0,0
19640,ECG,357,3156,0,0,0,0,0
19640,ECG,358,3135,0,0,0,0,0
19645,ECG,359,3095,0,0,0,0,0
19645,ECG,360,3075,0,0,0,0,0
19650,ECG,361,3055,0,0,0,0,0
19650,ECG,362,3035,0,0,0,0,0
19655,ECG,363,2996,0,0,0,0,0
19655,ECG,364,2976,0,0,0,0,0
19660,ECG,365,2957,0,0,0,0,0
19660,ECG,366,2938,0,0,0,0,0
19660,ECG,367,2919,0,0,0,0,0
19665,ECG,368,2900,0,0,0,0,0
19665,ECG,369,2881,0,0,0,0,0
19670,ECG,370,2862,0,0,0,0,0
19670,ECG,371,2844,0,0,0,0,0
19670,ECG,372,2825,0,0,0,0,0
19675,ECG,373,2807,0,0,0,0,0
19675,ECG,374,2789,0,0,0,0,0
19680,ECG,375,2771,0,0,0,0,0
19680,ECG,376,2753,0,0,0,0,0
19680,ECG,377,2735,0,0,0,0,0
19685,ECG,378,2717,0,0,0,0,0
19685,ECG,379,2700,0,0,0,0,0
19690,ECG,380,2665,0,0,0,0,0
19690,ECG,381,2647,0,0,0,0,0
19695,ECG,382,2630,0,0,0,0,0
19695,ECG,383,2613,0,0,0,0,0
19700,ECG,384,2579,0,0,0,0,0
19700,ECG,385,2562,0,0,0,0,0
19705,ECG,386,2546,0,0,0,0,0
19705,ECG,387,2529,0,0,0,0,0
19705,ECG,388,2513,0,0,0,0,0
19710,ECG,389,2496,0,0,0,0,0
19710,ECG,390,2480,0,0,0,0,0
19715,ECG,391,2464,0,0,0,0,0
19715,ECG,392,2448,0,0,0,0,0
19715,ECG,393,2432,0,0,0,0,0
19720,ECG,394,2416,0,0,0,0,0
19720,ECG,395,2400,0,0,0,0,0
19725,ECG,396,2369,0,0,0,0,0
19725,ECG,397,2354,0,0,0,0,0
19730,ECG,398,2338,0,0,0,0,0
19730,ECG,399,2323,0,0,0,0,0
19731,ECG,400,2308,0,0,0,0,0
19735,ECG,401,2293,0,0,0,0,0
19735,ECG,402,2278,0,0,0,0,0
19740,ECG,403,2263,0,0,0,0,0
19740,ECG,404,2248,0,0,0,0,0
19740,ECG,405,2233,0,0,0,0,0
19745,ECG,406,2219,0,0,0,0,0
19745,ECG,407,2204,0,0,0,0,0
19750,ECG,408,2190,0,0,0,0,0
19750,ECG,409,2176,0,0,0,0,0
19750,ECG,410,2161,0,0,0,0,0
19755,ECG,411,2147,0,0,0,0,0
19755,ECG,412,2133,0,0,0,0,0
19760,ECG,413,2119,0,0,0,0,0
19760,ECG,414,2105,0,0,0,0,0
19760,ECG,415,2091,0,0,0,0,0
19765,ECG,416,2078,0,0,0,0,0
19765,ECG,417,2064,0,0,0,0,0
19770,ECG,418,2037,0,0,0,0,0
19770,ECG,419,2023,0,0,0,0,0
19775,ECG,420,2010,0,0,0,0,0
19775,ECG,421,1997,0,0,0,0,0
19780,ECG,422,1971,0,0,0,0,0
19780,ECG,423,1958,0,0,0,0,0
19785,ECG,424,1945,0,0,0,0,0
19785,ECG,425,1932,0,0,0,0,0
19785,ECG,426,1919,0,0,0,0,0
19790,ECG,427,1906,0,0,0,0,0
19790,ECG,428,1894,0,0,0,0,0
19795,ECG,429,1881,0,0,0,0,0
19795,ECG,430,1869,0,0,0,0,0
19795,ECG,431,1857,0,0,0,0,0
19800,ECG,432,1844,0,0,0,0,0
19800,ECG,433,1832,0,0,0,0,0
19805,ECG,434,1820,0,0,0,0,0
19805,ECG,435,1808,0,0,0,0,0
19805,ECG,436,1796,0,0,0,0,0
19810,ECG,437,1784,0,0,0,0,0
19810,ECG,438,1772,0,0,0,0,0
19811,ECG,439,1761,0,0,0,0,0
19815,ECG,440,1749,0,0,0,0,0
19815,ECG,441,1737,0,0,0,0,0
19820,ECG,442,1726,0,0,0,0,0
19820,ECG,443,1714,0,0,0,0,0
19820,ECG,444,1703,0,0,0,0,0
19825,ECG,445,1692,0,0,0,0,0
19825,ECG,446,1681,0,0,0,0,0
19830,ECG,447,1669,0,0,0,0,0
19830,ECG,448,1658,0,0,0,0,0
19830,ECG,449,1647,0,0,0,0,0
19835,ECG,450,1636,0,0,0,0,0
19835,ECG,451,1625,0,0,0,0,0
19840,ECG,452,1615,0,0,0,0,0
19840,ECG,453,1604,0,0,0,0,0
19840,ECG,454,1593,0,0,0,0,0
19845,ECG,455,1583,0,0,0,0,0
19845,ECG,456,1572,0,0,0,0,0
19850,ECG,457,1551,0,0,0,0,0
19850,ECG,458,1541,0,0,0,0,0
19855,ECG,459,1531,0,0,0,0,0
19855,ECG,460,1520,0,0,0,0,0
19860,ECG,461,1500,0,0,0,0,0
19860,ECG,462,1490,0,0,0,0,0
19865,ECG,463,1480,0,0,0,0,0
19865,ECG,464,1470,0,0,0,0,0
19865,ECG,465,1460,0,0,0,0,0
19870,ECG,466,1451,0,0,0,0,0
19870,ECG,467,1441,0,0,0,0,0
19875,ECG,468,1431,0,0,0,0,0
19875,ECG,469,1422,0,0,0,0,0
19875,ECG,470,1412,0,0,0,0,0
19884,ECG,471,1403,0,0,0,0,0
19884,ECG,472,1393,0,0,0,0,0
19884,ECG,473,1384,0,0,0,0,0
19884,ECG,474,1375,0,0,0,0,0
19889,ECG,475,1365,0,0,0,0,0
19889,ECG,476,1356,0,0,0,0,0
19889,ECG,477,1347,0,0,0,0,0
19894,ECG,478,1338,0,0,0,0,0
19894,ECG,479,1329,0,0,0,0,0
19895,ECG,480,1320,0,0,0,0,0
19899,ECG,481,1311,0,0,0,0,0
19899,ECG,482,1302,0,0,0,0,0
19904,ECG,483,1294,0,0,0,0,0
19904,ECG,484,1285,0,0,0,0,0
19904,ECG,485,1276,0,0,0,0,0
19909,ECG,486,1268,0,0,0,0,0
19909,ECG,487,1259,0,0,0,0,0
19914,ECG,488,1251,0,0,0,0,0
19914,ECG,489,1242,0,0,0,0,0
19914,ECG,490,1234,0,0,0,0,0
19919,ECG,491,1225,0,0,0,0,0
19919,ECG,492,1217,0,0,0,0,0
19924,ECG,493,1209,0,0,0,0,0
19924,ECG,494,1201,0,0,0,0,0
19924,ECG,495,1192,0,0,0,0,0
19929,ECG,496,1184,0,0,0,0,0
19929,ECG,497,1176,0,0,0,0,0
19934,ECG,498,1160,0,0,0,0,0
19934,ECG,499,1152,0,0,0,0,0
19939,ECG,500,1145,0,0,0,0,0
19939,ECG,501,1137,0,0,0,0,0
19944,ECG,502,1121,0,0,0,0,0
19944,ECG,503,1114,0,0,0,0,0
19949,ECG,504,1106,0,0,0,0,0
19949,ECG,505,1099,0,0,0,0,0
19949,ECG,506,1091,0,0,0,0,0
19954,ECG,507,1084,0,0,0,0,0
19954,ECG,508,1076,0,0,0,0,0
19959,ECG,509,1069,0,0,0,0,0
19959,ECG,510,1062,0,0,0,0,0
19959,ECG,511,1054,0,0,0,0,0
19964,ECG,512,1047,0,0,0,0,0
19964,ECG,513,1040,0,0,0,0,0
19969,ECG,514,1026,0,0,0,0,0
19969,ECG,515,1019,0,0,0,0,0
19974,ECG,516,1012,0,0,0,0,0
19974,ECG,517,1005,0,0,0,0,0
19975,ECG,518,998,0,0,0,0,0
19979,ECG,519,991,0,0,0,0,0
19979,ECG,520,984,0,0,0,0,0
19984,ECG,521,977,0,0,0,0,0
19984,ECG,522,970,0,0,0,0,0
19984,ECG,523,964,0,0,0,0,0
20991,ECG,524,0,0,0,0,0,0
20991,ECG,525,-1,0,0,0,0,0
20991,ECG,526,-6,0,0,0,0,0
20996,ECG,527,2,0,0,0,0,0
20996,ECG,528,6,0,0,0,0,0
21001,ECG,529,38,0,0,0,0,0
21001,ECG,530,-16,0,0,0,0,0
21006,ECG,531,-26,0,0,0,0,0
21006,ECG,532,151,0,0,0,0,0
21011,ECG,533,-2109,0,0,0,0,0
21011,ECG,534,-1850,0,0,0,0,0
21016,ECG,535,-36,0,0,0,0,0
21016,ECG,536,3394,0,0,0,0,0
21016,ECG,537,8729,0,0,0,0,0
21021,ECG,538,15156,0,0,0,0,0
21021,ECG,539,21689,0,0,0,0,0
21026,ECG,540,27397,0,0,0,0,0
21026,ECG,541,31311,0,0,0,0,0
21026,ECG,542,32011,0,0,0,0,0
21031,ECG,543,31810,0,0,0,0,0
21031,ECG,544,31610,0,0,0,0,0
21036,ECG,545,31343,0,0,0,0,0
21036,ECG,546,31109,0,0,0,0,0
21036,ECG,547,31019,0,0,0,0,0
21041,ECG,548,30731,0,0,0,0,0
21041,ECG,549,30591,0,0,0,0,0
21042,ECG,550,30395,0,0,0,0,0
21046,ECG,551,30195,0,0,0,0,0
21046,ECG,552,30019,0,0,0,0,0
21051,ECG,553,29827,0,0,0,0,0
21051,ECG,554,29638,0,0,0,0,0
21051,ECG,555,29451,0,0,0,0,0
21056,ECG,556,29266,0,0,0,0,0
21056,ECG,557,29082,0,0,0,0,0
21061,ECG,558,28900,0,0,0,0,0
21061,ECG,559,28718,0,0,0,0,0
21061,ECG,560,28537,0,0,0,0,0
21066,ECG,561,28358,0,0,0,0,0
21066,ECG,562,28180,0,0,0,0,0
21071,ECG,563,28002,0,0,0,0,0
21071,ECG,564,27826,0,0,0,0,0
21071,ECG,565,27651,0,0,0,0,0
21076,ECG,566,27478,0,0,0,0,0
21076,ECG,567,27305,0,0,0,0,0
21081,ECG,568,26963,0,0,0,0,0
21081,ECG,569,26793,0,0,0,0,0
21086,ECG,570,26625,0,0,0,0,0
21086,ECG,571,26457,0,0,0,0,0
21091,ECG,572,26126,0,0,0,0,0
21091,ECG,573,25961,0,0,0,0,0
21096,ECG,574,25798,0,0,0,0,0
21096,ECG,575,25636,0,0,0,0,0
21096,ECG,576,25475,0,0,0,0,0
21101,ECG,577,25314,0,0,0,0,0
21101,ECG,578,25155,0,0,0,0,0
21106,ECG,579,24997,0,0,0,0,0
21106,ECG,580,24840,0,0,0,0,0
21106,ECG,581,24683,0,0,0,0,0
21111,ECG,582,24528,0,0,0,0,0
21111,ECG,583,24374,0,0,0,0,0
21116,ECG,584,24221,0,0,0,0,0
21116,ECG,585,24068,0,0,0,0,0
21116,ECG,586,23917,0,0,0,0,0
21121,ECG,587,23766,0,0,0,0,0
21121,ECG,588,23617,0,0,0,0,0
21122,ECG,589,23468,0,0,0,0,0
22128,ECG,590,0,0,0,0,0,0
22128,ECG,591,-1,0,0,0,0,0
22128,ECG,592,-6,0,0,0,0,0
22133,ECG,593,2,0,0,0,0,0
22133,ECG,594,6,0,0,0,0,0
22138,ECG,595,38,0,0,0,0,0
22138,ECG,596,-16,0,0,0,0,0
22143,ECG,597,-26,0,0,0,0,0
22143,ECG,598,151,0,0,0,0,0
22148,ECG,599,-2109,0,0,0,0,0
22148,ECG,600,-1850,0,0,0,0,0
22153,ECG,601,-36,0,0,0,0,0
22153,ECG,602,3394,0,0,0,0,0
22153,ECG,603,8729,0,0,0,0,0
22158,ECG,604,15156,0,0,0,0,0
22158,ECG,605,21689,0,0,0,0,0
22163,ECG,606,27397,0,0,0,0,0
22163,ECG,607,31311,0,0,0,0,0
22163,ECG,608,32011,0,0,0,0,0
22168,ECG,609,31810,0,0,0,0,0
22168,ECG,610,31610,0,0,0,0,0
22173,ECG,611,31343,0,0,0,0,0
22173,ECG,612,31109,0,0,0,0,0
22173,ECG,613,31019,0,0,0,0,0
22178,ECG,614,30731,0,0,0,0,0
22178,ECG,615,30591,0,0,0,0,0
22179,ECG,616,30395,0,0,0,0,0
22183,ECG,617,30195,0,0,0,0,0
22183,ECG,618,30019,0,0,0,0,0
22188,ECG,619,29827,0,0,0,0,0
22188,ECG,620,29638,0,0,0,0,0
22193,ECG,621,29266,0,0,0,0,0
22193,ECG,622,29082,0,0,0,0,0
22198,ECG,623,28900,0,0,0,0,0
22198,ECG,624,28718,0,0,0,0,0
22198,ECG,625,28537,0,0,0,0,0
22203,ECG,626,28358,0,0,0,0,0
22203,ECG,627,28180,0,0,0,0,0
22208,ECG,628,28002,0,0,0,0,0
22208,ECG,629,27826,0,0,0,0,0
22208,ECG,630,27651,0,0,0,0,0
22213,ECG,631,27478,0,0,0,0,0
22213,ECG,632,27305,0,0,0,0,0
22218,ECG,633,26963,0,0,0,0,0
22218,ECG,634,26793,0,0,0,0,0
22223,ECG,635,26625,0,0,0,0,0
22223,ECG,636,26457,0,0,0,0,0
22228,ECG,637,26126,0,0,0,0,0
22228,ECG,638,25961,0,0,0,0,0
22233,ECG,639,25798,0,0,0,0,0
22233,ECG,640,25636,0,0,0,0,0
22233,ECG,641,25475,0,0,0,0,0
22238,ECG,642,25314,0,0,0,0,0
22238,ECG,643,25155,0,0,0,0,0
22243,ECG,644,24997,0,0,0,0,0
22243,ECG,645,24840,0,0,0,0,0
22243,ECG,646,24683,0,0,0,0,0
22248,ECG,647,24528,0,0,0,0,0
22248,ECG,648,24374,0,0,0,0,0
22253,ECG,649,24221,0,0,0,0,0
22253,ECG,650,24068,0,0,0,0,0
22253,ECG,651,23917,0,0,0,0,0
22258,ECG,652,23766,0,0,0,0,0
22258,ECG,653,23617,0,0,0,0,0
22263,ECG,654,23321,0,0,0,0,0
22263,ECG,655,23174,0,0,0,0,0
22268,ECG,656,23028,0,0,0,0,0
22268,ECG,657,22883,0,0,0,0,0
22273,ECG,658,22596,0,0,0,0,0
22273,ECG,659,22454,0,0,0,0,0
22278,ECG,660,22313,0,0,0,0,0
22278,ECG,661,22172,0,0,0,0,0
22278,ECG,662,22033,0,0,0,0,0
22283,ECG,663,21894,0,0,0,0,0
22283,ECG,664,21756,0,0,0,0,0
22288,ECG,665,21619,0,0,0,0,0
22288,ECG,666,21483,0,0,0,0,0
22288,ECG,667,21348,0,0,0,0,0
22293,ECG,668,21214,0,0,0,0,0
22293,ECG,669,21080,0,0,0,0,0
22298,ECG,670,20816,0,0,0,0,0
22298,ECG,671,20685,0,0,0,0,0
22303,ECG,672,20555,0,0,0,0,0
22303,ECG,673,20425,0,0,0,0,0
22308,ECG,674,20169,0,0,0,0,0
22308,ECG,675,20042,0,0,0,0,0
22313,ECG,676,19916,0,0,0,0,0
22313,ECG,677,19790,0,0,0,0,0
22313,ECG,678,19666,0,0,0,0,0
22318,ECG,679,19542,0,0,0,0,0
22318,ECG,680,19419,0,0,0,0,0
22323,ECG,681,19297,0,0,0,0,0
22323,ECG,682,19175,0,0,0,0,0
22323,ECG,683,19055,0,0,0,0,0
22328,ECG,684,18935,0,0,0,0,0
22328,ECG,685,18815,0,0,0,0,0
22333,ECG,686,18697,0,0,0,0,0
22333,ECG,687,18579,0,0,0,0,0
22333,ECG,688,18462,0,0,0,0,0
22338,ECG,689,18346,0,0,0,0,0
22338,ECG,690,18230,0,0,0,0,0
22343,ECG,691,18002,0,0,0,0,0
22343,ECG,692,17888,0,0,0,0,0
22348,ECG,693,17775,0,0,0,0,0
22348,ECG,694,17663,0,0,0,0,0
22353,ECG,695,17442,0,0,0,0,0
22353,ECG,696,17332,0,0,0,0,0
22358,ECG,697,17222,0,0,0,0,0
22358,ECG,698,17114,0,0,0,0,0
22358,ECG,699,17006,0,0,0,0,0
22363,ECG,700,16899,0,0,0,0,0
22363,ECG,701,16792,0,0,0,0,0
22368,ECG,702,16687,0,0,0,0,0
22368,ECG,703,16581,0,0,0,0,0
22368,ECG,704,16477,0,0,0,0,0
22373,ECG,705,16373,0,0,0,0,0
22373,ECG,706,16270,0,0,0,0,0
22378,ECG,707,16065,0,0,0,0,0
22378,ECG,708,15964,0,0,0,0,0
22383,ECG,709,15864,0,0,0,0,0
22383,ECG,710,15764,0,0,0,0,0
22384,ECG,711,15664,0,0,0,0,0
22388,ECG,712,15566,0,0,0,0,0
22388,ECG,713,15467,0,0,0,0,0
22393,ECG,714,15370,0,0,0,0,0
22393,ECG,715,15273,0,0,0,0,0
22393,ECG,716,15177,0,0,0,0,0
22398,ECG,717,15081,0,0,0,0,0
22398,ECG,718,14986,0,0,0,0,0
22403,ECG,719,14891,0,0,0,0,0
22403,ECG,720,14797,0,0,0,0,0
22403,ECG,721,14704,0,0,0,0,0
22408,ECG,722,14611,0,0,0,0,0
22408,ECG,723,14519,0,0,0,0,0
22413,ECG,724,14428,0,0,0,0,0
22413,ECG,725,14337,0,0,0,0,0
22413,ECG,726,14246,0,0,0,0,0
22418,ECG,727,14156,0,0,0,0,0
22418,ECG,728,14067,0,0,0,0,0
22423,ECG,729,13890,0,0,0,0,0
22423,ECG,730,13802,0,0,0,0,0
22428,ECG,731,13715,0,0,0,0,0
22428,ECG,732,13629,0,0,0,0,0
22433,ECG,733,13457,0,0,0,0,0
22433,ECG,734,13372,0,0,0,0,0
22438,ECG,735,13288,0,0,0,0,0
22438,ECG,736,13204,0,0,0,0,0
22438,ECG,737,13121,0,0,0,0,0
22443,ECG,738,13038,0,0,0,0,0
22443,ECG,739,12956,0,0,0,0,0
22448,ECG,740,12874,0,0,0,0,0
22448,ECG,741,12793,0,0,0,0,0
22448,ECG,742,12712,0,0,0,0,0
22453,ECG,743,12632,0,0,0,0,0
22453,ECG,744,12552,0,0,0,0,0
22458,ECG,745,12473,0,0,0,0,0
22458,ECG,746,12394,0,0,0,0,0
22458,ECG,747,12316,0,0,0,0,0
22463,ECG,748,12238,0,0,0,0,0
22463,ECG,749,12161,0,0,0,0,0
22464,ECG,750,12084,0,0,0,0,0
22468,ECG,751,12008,0,0,0,0,0
22468,ECG,752,11932,0,0,0,0,0
22473,ECG,753,11857,0,0,0,0,0
22473,ECG,754,11782,0,0,0,0,0
22473,ECG,755,11707,0,0,0,0,0
22478,ECG,756,11633,0,0,0,0,0
22478,ECG,757,11560,0,0,0,0,0
22483,ECG,758,11487,0,0,0,0,0
22483,ECG,759,11414,0,0,0,0,0
22483,ECG,760,11342,0,0,0,0,0
22488,ECG,761,11271,0,0,0,0,0
22488,ECG,762,11199,0,0,0,0,0
22493,ECG,763,11129,0,0,0,0,0
22493,ECG,764,11058,0,0,0,0,0
22493,ECG,765,10988,0,0,0,0,0
22498,ECG,766,10919,0,0,0,0,0
22498,ECG,767,10850,0,0,0,0,0
22503,ECG,768,10713,0,0,0,0,0
22503,ECG,769,10645,0,0,0,0,0
22508,ECG,770,10578,0,0,0,0,0
22508,ECG,771,10511,0,0,0,0,0
22513,ECG,772,10379,0,0,0,0,0
22513,ECG,773,10313,0,0,0,0,0
22518,ECG,774,10248,0,0,0,0,0
22518,ECG,775,10183,0,0,0,0,0
22518,ECG,776,10118,0,0,0,0,0
22523,ECG,777,10054,0,0,0,0,0
22523,ECG,778,9991,0,0,0,0,0
22528,ECG,779,9928,0,0,0,0,0
22528,ECG,780,9865,0,0,0,0,0
22528,ECG,781,9802,0,0,0,0,0
22533,ECG,782,9740,0,0,0,0,0
22533,ECG,783,9679,0,0,0,0,0
22538,ECG,784,9617,0,0,0,0,0
22538,ECG,785,9557,0,0,0,0,0
22538,ECG,786,9496,0,0,0,0,0
22543,ECG,787,9436,0,0,0,0,0
22543,ECG,788,9376,0,0,0,0,0
22544,ECG,789,9317,0,0,0,0,0
22548,ECG,790,9258,0,0,0,0,0
22548,ECG,791,9200,0,0,0,0,0
22553,ECG,792,9141,0,0,0,0,0
22553,ECG,793,9083,0,0,0,0,0
22558,ECG,794,8969,0,0,0,0,0
22558,ECG,795,8912,0,0,0,0,0
22563,ECG,796,8855,0,0,0,0,0
22563,ECG,797,8799,0,0,0,0,0
22563,ECG,798,8744,0,0,0,0,0
22568,ECG,799,8688,0,0,0,0,0
22568,ECG,800,8633,0,0,0,0,0
22573,ECG,801,8578,0,0,0,0,0
22573,ECG,802,8524,0,0,0,0,0
22573,ECG,803,8470,0,0,0,0,0
22578,ECG,804,8416,0,0,0,0,0
22578,ECG,805,8363,0,0,0,0,0
22583,ECG,806,8257,0,0,0,0,0
22583,ECG,807,8205,0,0,0,0,0
22588,ECG,808,8153,0,0,0,0,0
22588,ECG,809,8101,0,0,0,0,0
22593,ECG,810,7999,0,0,0,0,0
22593,ECG,811,7948,0,0,0,0,0
22598,ECG,812,7898,0,0,0,0,0
22598,ECG,813,7848,0,0,0,0,0
22598,ECG,814,7798,0,0,0,0,0
22603,ECG,815,7749,0,0,0,0,0
22603,ECG,816,7699,0,0,0,0,0
22608,ECG,817,7651,0,0,0,0,0
22608,ECG,818,7602,0,0,0,0,0
22608,ECG,819,7554,0,0,0,0,0
22613,ECG,820,7506,0,0,0,0,0
22613,ECG,821,7458,0,0,0,0,0
22618,ECG,822,7411,0,0,0,0,0
22618,ECG,823,7364,0,0,0,0,0
22618,ECG,824,7317,0,0,0,0,0
22623,ECG,825,7271,0,0,0,0,0
22623,ECG,826,7224,0,0,0,0,0
22628,ECG,827,7133,0,0,0,0,0
22628,ECG,828,7088,0,0,0,0,0
22633,ECG,829,7043,0,0,0,0,0
22633,ECG,830,6998,0,0,0,0,0
22638,ECG,831,6909,0,0,0,0,0
22638,ECG,832,6865,0,0,0,0,0
22643,ECG,833,6821,0,0,0,0,0
22643,ECG,834,6778,0,0,0,0,0
22643,ECG,835,6735,0,0,0,0,0
22648,ECG,836,6692,0,0,0,0,0
22648,ECG,837,6650,0,0,0,0,0
22653,ECG,838,6608,0,0,0,0,0
22653,ECG,839,6566,0,0,0,0,0
22653,ECG,840,6524,0,0,0,0,0
22658,ECG,841,6482,0,0,0,0,0
22658,ECG,842,6441,0,0,0,0,0
22663,ECG,843,6359,0,0,0,0,0
22663,ECG,844,6319,0,0,0,0,0
22668,ECG,845,6279,0,0,0,0,0
22668,ECG,846,6239,0,0,0,0,0
22669,ECG,847,6199,0,0,0,0,0
22673,ECG,848,6159,0,0,0,0,0
22673,ECG,849,6120,0,0,0,0,0
22678,ECG,850,6081,0,0,0,0,0
22678,ECG,851,6042,0,0,0,0,0
22678,ECG,852,6004,0,0,0,0,0
22683,ECG,853,5966,0,0,0,0,0
22683,ECG,854,5928,0,0,0,0,0
22688,ECG,855,5890,0,0,0,0,0
22688,ECG,856,5852,0,0,0,0,0
22688,ECG,857,5815,0,0,0,0,0
22693,ECG,858,5778,0,0,0,0,0
22693,ECG,859,5741,0,0,0,0,0
22698,ECG,860,5705,0,0,0,0,0
22698,ECG,861,5669,0,0,0,0,0
22698,ECG,862,5632,0,0,0,0,0
22703,ECG,863,5596,0,0,0,0,0
22703,ECG,864,5561,0,0,0,0,0
22708,ECG,865,5490,0,0,0,0,0
22708,ECG,866,5455,0,0,0,0,0
22713,ECG,867,5420,0,0,0,0,0
22713,ECG,868,5386,0,0,0,0,0
22718,ECG,869,5317,0,0,0,0,0
22718,ECG,870,5283,0,0,0,0,0
22723,ECG,871,5249,0,0,0,0,0
22723,ECG,872,5216,0,0,0,0,0
22723,ECG,873,5183,0,0,0,0,0
22728,ECG,874,5150,0,0,0,0,0
22728,ECG,875,5117,0,0,0,0,0
22733,ECG,876,5084,0,0,0,0,0
22733,ECG,877,5051,0,0,0,0,0
22733,ECG,878,5019,0,0,0,0,0
22738,ECG,879,4987,0,0,0,0,0
22738,ECG,880,4955,0,0,0,0,0
22743,ECG,881,4924,0,0,0,0,0
22743,ECG,882,4892,0,0,0,0,0
22743,ECG,883,4861,0,0,0,0,0
22748,ECG,884,4830,0,0,0,0,0
22748,ECG,885,4799,0,0,0,0,0
22749,ECG,886,4768,0,0,0,0,0
22753,ECG,887,4738,0,0,0,0,0
22753,ECG,888,4707,0,0,0,0,0
22758,ECG,889,4677,0,0,0,0,0
22758,ECG,890,4647,0,0,0,0,0
22758,ECG,891,4618,0,0,0,0,0
22763,ECG,892,4588,0,0,0,0,0
22763,ECG,893,4559,0,0,0,0,0
22768,ECG,894,4530,0,0,0,0,0
22768,ECG,895,4501,0,0,0,0,0
22768,ECG,896,4472,0,0,0,0,0
22773,ECG,897,4443,0,0,0,0,0
22773,ECG,898,4415,0,0,0,0,0
22778,ECG,899,4386,0,0,0,0,0
22778,ECG,900,4358,0,0,0,0,0
22778,ECG,901,4330,0,0,0,0,0
22783,ECG,902,4303,0,0,0,0,0
22783,ECG,903,4275,0,0,0,0,0
22788,ECG,904,4220,0,0,0,0,0
22788,ECG,905,4193,0,0,0,0,0
22793,ECG,906,4166,0,0,0,0,0
22793,ECG,907,4140,0,0,0,0,0
22798,ECG,908,4087,0,0,0,0,0
22798,ECG,909,4060,0,0,0,0,0
22803,ECG,910,4034,0,0,0,0,0
22803,ECG,911,4008,0,0,0,0,0
22803,ECG,912,3983,0,0,0,0,0
22808,ECG,913,3957,0,0,0,0,0
22808,ECG,914,3932,0,0,0,0,0
22813,ECG,915,3906,0,0,0,0,0
22813,ECG,916,3881,0,0,0,0,0
22813,ECG,917,3856,0,0,0,0,0
22818,ECG,918,3832,0,0,0,0,0
22818,ECG,919,3807,0,0,0,0,0
22823,ECG,920,3782,0,0,0,0,0
22823,ECG,921,3758,0,0,0,0,0
22823,ECG,922,3734,0,0,0,0,0
22828,ECG,923,3710,0,0,0,0,0
22828,ECG,924,3686,0,0,0,0,0
22829,ECG,925,3662,0,0,0,0,0
22833,ECG,926,3639,0,0,0,0,0
22833,ECG,927,3615,0,0,0,0,0
22838,ECG,928,3592,0,0,0,0,0
22838,ECG,929,3569,0,0,0,0,0
22843,ECG,930,3523,0,0,0,0,0
22843,ECG,931,3500,0,0,0,0,0
22848,ECG,932,3478,0,0,0,0,0
22848,ECG,933,3455,0,0,0,0,0
22848,ECG,934,3433,0,0,0,0,0
22853,ECG,935,3411,0,0,0,0,0
22853,ECG,936,3389,0,0,0,0,0
22858,ECG,937,3367,0,0,0,0,0
22858,ECG,938,3345,0,0,0,0,0
22858,ECG,939,3324,0,0,0,0,0
22863,ECG,940,3302,0,0,0,0,0
22863,ECG,941,3281,0,0,0,0,0
22868,ECG,942,3239,0,0,0,0,0
22868,ECG,943,3218,0,0,0,0,0
22873,ECG,944,3197,0,0,0,0,0
22873,ECG,945,3176,0,0,0,0,0
22878,ECG,946,3135,0,0,0,0,0
22878,ECG,947,3115,0,0,0,0,0
22883,ECG,948,3095,0,0,0,0,0
22883,ECG,949,3075,0,0,0,0,0
22883,ECG,950,3055,0,0,0,0,0
22888,ECG,951,3035,0,0,0,0,0
22888,ECG,952,3015,0,0,0,0,0
22893,ECG,953,2996,0,0,0,0,0
22893,ECG,954,2976,0,0,0,0,0
22893,ECG,955,2957,0,0,0,0,0
22898,ECG,956,2938,0,0,0,0,0
22898,ECG,957,2919,0,0,0,0,0
22903,ECG,958,2900,0,0,0,0,0
22903,ECG,959,2881,0,0,0,0,0
22903,ECG,960,2862,0,0,0,0,0
22908,ECG,961,2844,0,0,0,0,0
22908,ECG,962,2825,0,0,0,0,0
22913,ECG,963,2789,0,0,0,0,0
22913,ECG,964,2771,0,0,0,0,0
22918,ECG,965,2753,0,0,0,0,0
22918,ECG,966,2735,0,0,0,0,0
22923,ECG,967,2700,0,0,0,0,0
22923,ECG,968,2682,0,0,0,0,0
22928,ECG,969,2665,0,0,0,0,0
22928,ECG,970,2647,0,0,0,0,0
22928,ECG,971,2630,0,0,0,0,0
22933,ECG,972,2613,0,0,0,0,0
22933,ECG,973,2596,0,0,0,0,0
22938,ECG,974,2579,0,0,0,0,0
22938,ECG,975,2562,0,0,0,0,0
22938,ECG,976,2546,0,0,0,0,0
22943,ECG,977,2529,0,0,0,0,0
22943,ECG,978,2513,0,0,0,0,0
22948,ECG,979,2480,0,0,0,0,0
22948,ECG,980,2464,0,0,0,0,0
22953,ECG,981,2448,0,0,0,0,0
22953,ECG,982,2432,0,0,0,0,0
22954,ECG,983,2416,0,0,0,0,0
22958,ECG,984,2400,0,0,0,0,0
22958,ECG,985,2385,0,0,0,0,0
22963,ECG,986,2369,0,0,0,0,0
22963,ECG,987,2354,0,0,0,0,0
22963,ECG,988,2338,0,0,0,0,0
22968,ECG,989,2323,0,0,0,0,0
22968,ECG,990,2308,0,0,0,0,0
22973,ECG,991,2293,0,0,0,0,0
22973,ECG,992,2278,0,0,0,0,0
22973,ECG,993,2263,0,0,0,0,0
22978,ECG,994,2248,0,0,0,0,0
22978,ECG,995,2233,0,0,0,0,0
22983,ECG,996,2219,0,0,0,0,0
22983,ECG,997,2204,0,0,0,0,0
22983,ECG,998,2190,0,0,0,0,0
22988,ECG,999,2176,0,0,0,0,0
22988,ECG,1000,2161,0,0,0,0,0
22993,ECG,1001,2133,0,0,0,0,0
22993,ECG,1002,2119,0,0,0,0,0
22998,ECG,1003,2105,0,0,0,0,0
22998,ECG,1004,2091,0,0,0,0,0
23003,ECG,1005,2064,0,0,0,0,0
23003,ECG,1006,2050,0,0,0,0,0
23008,ECG,1007,2037,0,0,0,0,0
23008,ECG,1008,2023,0,0,0,0,0
23008,ECG,1009,2010,0,0,0,0,0
23013,ECG,1010,1997,0,0,0,0,0
23013,ECG,1011,1984,0,0,0,0,0
23018,ECG,1012,1971,0,0,0,0,0
23018,ECG,1013,1958,0,0,0,0,0
23018,ECG,1014,1945,0,0,0,0,0
23023,ECG,1015,1932,0,0,0,0,0
23023,ECG,1016,1919,0,0,0,0,0
23028,ECG,1017,1894,0,0,0,0,0
23028,ECG,1018,1881,0,0,0,0,0
23033,ECG,1019,1869,0,0,0,0,0
23033,ECG,1020,1857,0,0,0,0,0
23034,ECG,1021,1844,0,0,0,0,0
23038,ECG,1022,1832,0,0,0,0,0
23038,ECG,1023,1820,0,0,0,0,0
18941,PPG,0,129105,60607,0,0,0,0
19017,PPG,1,129112,60605,0,0,0,0
19096,PPG,2,129131,60592,0,0,0,0
19176,PPG,3,129122,60609,0,0,0,0
19255,PPG,4,129123,60604,0,0,0,0
19334,PPG,5,129130,60608,0,0,0,0
19418,PPG,6,129117,60614,0,0,0,0
19497,PPG,7,129126,60601,0,0,0,0
19573,PPG,8,129110,60602,0,0,0,0
19653,PPG,9,129122,60604,0,0,0,0
19733,PPG,10,129121,60610,0,0,0,0
19812,PPG,11,129120,60614,0,0,0,0
19892,PPG,12,129125,60600,0,0,0,0
19976,PPG,13,129128,60599,0,0,0,0
20051,PPG,14,129120,60605,0,0,0,0
20130,PPG,15,129114,60596,0,0,0,0
20209,PPG,16,129120,60610,0,0,0,0
20289,PPG,17,129119,60604,0,0,0,0
20383,PPG,18,129112,60604,0,0,0,0
20452,PPG,19,129122,60602,0,0,0,0
20530,PPG,20,129116,60610,0,0,0,0
20607,PPG,21,129114,60603,0,0,0,0
20687,PPG,22,129123,60601,0,0,0,0
20766,PPG,23,129113,60604,0,0,0,0
20861,PPG,24,129125,60608,0,0,0,0
20925,PPG,25,129116,60593,0,0,0,0
21009,PPG,26,129117,60606,0,0,0,0
21087,PPG,27,129108,60608,0,0,0,0
21164,PPG,28,129116,60609,0,0,0,0
21243,PPG,29,129109,60610,0,0,0,0
21323,PPG,30,129104,60616,0,0,0,0
21403,PPG,31,129119,60610,0,0,0,0
21482,PPG,32,129110,60603,0,0,0,0
21565,PPG,33,129110,60603,0,0,0,0
21641,PPG,34,129110,60618,0,0,0,0
21721,PPG,35,129119,60598,0,0,0,0
21800,PPG,36,129120,60598,0,0,0,0
21880,PPG,37,129105,60602,0,0,0,0
21959,PPG,38,129107,60597,0,0,0,0
22043,PPG,39,129119,60605,0,0,0,0
22120,PPG,40,129103,60600,0,0,0,0
22198,PPG,41,129115,60603,0,0,0,0
22278,PPG,42,129116,60599,0,0,0,0
22357,PPG,43,129120,60606,0,0,0,0
22437,PPG,44,129110,60605,0,0,0,0
22516,PPG,45,129117,60606,0,0,0,0
22600,PPG,46,129112,60602,0,0,0,0
22676,PPG,47,129103,60608,0,0,0,0
22755,PPG,48,129105,60596,0,0,0,0
22835,PPG,49,129110,60612,0,0,0,0
22916,PPG,50,129107,60605,0,0,0,0
22994,PPG,51,129104,60599,0,0,0,0
23077,PPG,52,129110,60594,0,0,0,0
23157,PPG,53,129111,60612,0,0,0,0
23234,PPG,54,129128,60606,0,0,0,0
23313,PPG,55,129115,60602,0,0,0,0
23394,PPG,56,129112,60611,0,0,0,0
23471,PPG,57,129102,60603,0,0,0,0
23550,PPG,58,129106,60606,0,0,0,0
23634,PPG,59,129108,60601,0,0,0,0
23711,PPG,60,129118,60610,0,0,0,0
23789,PPG,61,129108,60596,0,0,0,0
23869,PPG,62,129109,60609,0,0,0,0
23948,PPG,63,129113,60607,0,0,0,0
24028,PPG,64,129107,60607,0,0,0,0
24111,PPG,65,129112,60598,0,0,0,0
24189,PPG,66,129107,60607,0,0,0,0
24267,PPG,67,129100,60597,0,0,0,0
24346,PPG,68,129113,60601,0,0,0,0
24426,PPG,69,129109,60592,0,0,0,0
24505,PPG,70,129105,60601,0,0,0,0
24584,PPG,71,129102,60603,0,0,0,0
24668,PPG,72,129104,60610,0,0,0,0
24746,PPG,73,129097,60592,0,0,0,0
24823,PPG,74,129101,60598,0,0,0,0
24903,PPG,75,129108,60608,0,0,0,0
24983,PPG,76,129112,60598,0,0,0,0
25062,PPG,77,129109,60599,0,0,0,0
25146,PPG,78,129111,60596,0,0,0,0
25225,PPG,79,129098,60593,0,0,0,0
25301,PPG,80,129096,60601,0,0,0,0
25380,PPG,81,129108,60593,0,0,0,0
25460,PPG,82,129106,60606,0,0,0,0
25539,PPG,83,129114,60597,0,0,0,0
25619,PPG,84,129097,60601,0,0,0,0
25702,PPG,85,129116,60613,0,0,0,0
25780,PPG,86,129095,60603,0,0,0,0
25857,PPG,87,129108,60604,0,0,0,0
25937,PPG,88,129104,60593,0,0,0,0
26016,PPG,89,129106,60611,0,0,0,0
26096,PPG,90,129118,60605,0,0,0,0
26175,PPG,91,129095,60605,0,0,0,0
26259,PPG,92,129114,60602,0,0,0,0
26336,PPG,93,129123,60596,0,0,0,0
26414,PPG,94,129116,60599,0,0,0,0
26494,PPG,95,129110,60600,0,0,0,0
26574,PPG,96,129106,60598,0,0,0,0
26653,PPG,97,129113,60601,0,0,0,0
26736,PPG,98,129112,60614,0,0,0,0
26815,PPG,99,129116,60599,0,0,0,0
22885,IMU,208,1168,-288,8476,-89,54,41
22904,IMU,209,1128,-236,8396,-84,66,44
22923,IMU,210,1108,-368,8448,-84,71,45
22942,IMU,211,1072,-300,8408,-92,47,33
22961,IMU,212,1132,-296,8396,-101,66,36
22981,IMU,213,1176,-280,8372,-88,65,20
23000,IMU,214,1192,-220,8404,-115,67,53
23019,IMU,215,1148,-264,8440,-80,57,53
23038,IMU,216,1188,-244,8424,-95,74,54
23057,IMU,217,1200,-212,8524,-95,57,52
23077,IMU,218,1236,-220,8460,-77,48,37
23096,IMU,219,1184,-280,8424,-92,57,39
23115,IMU,220,1164,-272,8440,-87,61,54
23134,IMU,221,1116,-296,8428,-92,56,38
23153,IMU,222,1184,-296,8436,-93,55,33
23172,IMU,223,1116,-328,8500,-88,68,45
23191,IMU,224,1180,-224,8428,-98,55,33
23210,IMU,225,1136,-304,8472,-83,67,32
23229,IMU,226,1112,-228,8452,-96,52,46
23249,IMU,227,1296,-284,8424,-90,68,59
23268,IMU,228,1184,-332,8384,-73,45,44
23287,IMU,229,1116,-320,8412,-104,64,51
23306,IMU,230,1152,-212,8376,-85,62,31
23325,IMU,231,1092,-320,8404,-87,73,32
23344,IMU,232,1076,-388,8440,-105,48,41
23364,IMU,233,1136,-292,8344,-82,59,59
23383,IMU,234,1208,-220,8468,-90,50,45
23402,IMU,235,1132,-208,8448,-96,51,62
23421,IMU,236,1152,-176,8400,-93,53,53
23440,IMU,237,1064,-200,8448,-86,64,33
23459,IMU,238,1148,-288,8472,-81,62,28
23478,IMU,239,1240,-260,8480,-82,49,30
23498,IMU,240,1168,-268,8448,-96,40,31
23517,IMU,241,1188,-268,8456,-75,60,39
23536,IMU,242,1180,-192,8432,-87,50,36
23555,IMU,243,1060,-212,8460,-92,73,42
23574,IMU,244,1084,-212,8504,-85,63,55
23593,IMU,245,1172,-180,8500,-107,65,41
23613,IMU,246,1212,-292,8476,-85,73,50
23634,IMU,247,1168,-316,8404,-91,73,41
23651,IMU,248,1228,-304,8408,-91,58,43
23670,IMU,249,1144,-232,8444,-96,53,46
23689,IMU,250,1216,-244,8456,-76,59,48
23708,IMU,251,1144,-184,8332,-97,46,39
23728,IMU,252,1156,-244,8356,-84,63,41
23748,IMU,253,1176,-260,8388,-87,58,42
23766,IMU,254,1204,-244,8372,-94,61,52
23785,IMU,255,1108,-364,8480,-89,59,48
23804,IMU,256,1224,-244,8480,-94,56,45
23823,IMU,257,1052,-204,8448,-102,63,30
23842,IMU,258,1108,-232,8412,-90,56,38
23862,IMU,259,1144,-196,8456,-100,56,40
23881,IMU,260,1204,-260,8392,-89,56,29
23900,IMU,261,1248,-232,8428,-83,47,46
23919,IMU,262,1188,-208,8428,-69,62,43
23938,IMU,263,1160,-228,8404,-83,48,45
23957,IMU,264,1216,-200,8392,-90,70,45
23977,IMU,265,1104,-164,8444,-70,63,32
23996,IMU,266,1284,-212,8404,-107,62,43
24015,IMU,267,1256,-260,8400,-92,52,39
24034,IMU,268,1120,-196,8416,-83,61,50
24053,IMU,269,1192,-284,8416,-99,61,38
24072,IMU,270,1084,-352,8408,-102,56,49
24092,IMU,271,1180,-316,8484,-82,57,50
24111,IMU,272,1112,-296,8416,-78,50,29
24130,IMU,273,1160,-280,8392,-82,68,44
24149,IMU,274,1204,-292,8480,-78,64,43
24168,IMU,275,1152,-220,8508,-107,56,46
24187,IMU,276,1132,-316,8392,-89,50,40
24207,IMU,277,1148,-224,8420,-99,61,40
24227,IMU,278,1232,-216,8356,-77,45,30
24245,IMU,279,1156,-188,8408,-104,60,37
24264,IMU,280,1168,-348,8464,-84,59,32
24283,IMU,281,1168,-144,8416,-71,60,43
24303,IMU,282,1124,-308,8436,-85,53,35
24322,IMU,283,1164,-224,8424,-92,57,39
24341,IMU,284,1180,-288,8460,-95,52,54
24360,IMU,285,1140,-240,8452,-103,60,22
24379,IMU,286,1140,-320,8428,-100,58,27
24398,IMU,287,1096,-188,8436,-93,69,43
24418,IMU,288,1224,-256,8372,-96,71,46
24437,IMU,289,1196,-200,8468,-95,76,39
24456,IMU,290,1164,-280,8404,-87,65,42
24475,IMU,291,1112,-200,8400,-87,67,41
24494,IMU,292,1076,-356,8328,-94,54,41
24513,IMU,293,1132,-292,8436,-82,59,42
24533,IMU,294,1128,-236,8440,-84,63,48
24552,IMU,295,1168,-252,8432,-94,65,47
24571,IMU,296,1076,-252,8428,-90,66,49
24590,IMU,297,1072,-300,8480,-98,55,49
24609,IMU,298,1204,-228,8480,-88,54,39
24628,IMU,299,1140,-288,8436,-92,59,31
24648,IMU,300,1168,-208,8392,-93,55,29
24668,IMU,301,1268,-252,8388,-104,75,53
24686,IMU,302,1152,-240,8440,-92,69,30
24705,IMU,303,1080,-340,8412,-93,48,34
24724,IMU,304,1140,-216,8440,-105,81,45
24743,IMU,305,1088,-264,8412,-104,47,25
24763,IMU,306,1148,-216,8536,-86,62,45
24782,IMU,307,1084,-216,8440,-90,70,43
24801,IMU,308,1076,-220,8520,-104,65,48
24820,IMU,309,1172,-124,8360,-86,48,52
24839,IMU,310,1212,-284,8388,-93,58,47
24858,IMU,311,1160,-252,8440,-98,56,58
24878,IMU,312,1188,-196,8472,-85,53,46
24897,IMU,313,1172,-260,8352,-93,59,33
24916,IMU,314,1184,-224,8412,-94,54,46
24935,IMU,315,1084,-280,8400,-89,58,46
24954,IMU,316,1156,-216,8460,-91,60,39
24973,IMU,317,1192,-272,8376,-90,52,45
24993,IMU,318,1204,-260,8444,-82,66,49
25012,IMU,319,1092,-280,8376,-93,68,52
25031,IMU,320,1176,-264,8352,-100,74,27
25049,IMU,321,1172,-308,8360,-104,50,46
25069,IMU,322,1268,-264,8380,-88,62,33
25088,IMU,323,1152,-240,8468,-89,45,31
25108,IMU,324,1060,-176,8364,-96,67,51
25127,IMU,325,1144,-308,8536,-77,49,57
25146,IMU,326,1104,-236,8372,-93,55,48
25164,IMU,327,1108,-244,8488,-105,73,59
25186,IMU,328,1088,-276,8396,-90,60,44
25203,IMU,329,1164,-380,8456,-77,69,46
25222,IMU,330,1136,-144,8376,-110,57,45
25241,IMU,331,1084,-348,8484,-87,53,29
25260,IMU,332,1052,-276,8368,-97,57,35
25279,IMU,333,1116,-292,8464,-93,47,42
25299,IMU,334,1208,-260,8444,-88,68,41
25318,IMU,335,1156,-260,8400,-119,59,33
25337,IMU,336,1180,-316,8372,-99,67,38
25356,IMU,337,1212,-324,8380,-90,50,47
25375,IMU,338,1208,-232,8436,-94,59,31
25394,IMU,339,1196,-228,8408,-94,76,40
25414,IMU,340,1080,-160,8384,-74,59,39
25433,IMU,341,1180,-208,8336,-96,54,42
25452,IMU,342,1048,-216,8440,-78,48,53
25471,IMU,343,1200,-248,8328,-95,62,56
25490,IMU,344,1164,-296,8508,-95,57,47
25509,IMU,345,1180,-200,8492,-86,53,46
25528,IMU,346,1156,-352,8416,-89,60,45
25548,IMU,347,1176,-248,8400,-84,67,31
25567,IMU,348,1136,-288,8456,-102,63,46
25586,IMU,349,1160,-240,8424,-99,46,31
25605,IMU,350,1184,-240,8432,-95,49,43
25624,IMU,351,1188,-252,8448,-99,61,53
25643,IMU,352,1084,-244,8480,-82,72,54
25665,IMU,353,1228,-220,8388,-74,76,40
25682,IMU,354,1180,-284,8444,-96,63,27
25702,IMU,355,1188,-228,8436,-80,58,52
25720,IMU,356,1156,-172,8452,-95,60,49
25739,IMU,357,1176,-200,8392,-106,57,21
25758,IMU,358,1088,-300,8420,-90,47,30
25778,IMU,359,1108,-216,8336,-72,58,54
25797,IMU,360,1180,-272,8468,-79,71,42
25816,IMU,361,1124,-232,8380,-83,65,32
25835,IMU,362,1180,-192,8384,-89,69,56
25854,IMU,363,1172,-196,8412,-105,77,49
25873,IMU,364,1116,-220,8416,-84,62,38
25893,IMU,365,1216,-236,8412,-104,62,45
25912,IMU,366,1160,-260,8440,-110,67,36
25931,IMU,367,1116,-308,8424,-77,50,49
25950,IMU,368,1164,-276,8480,-93,42,48
25969,IMU,369,1160,-276,8432,-93,68,53
25988,IMU,370,1128,-328,8404,-109,53,40
26007,IMU,371,1112,-308,8332,-98,59,53
26027,IMU,372,1212,-320,8464,-75,56,50
26046,IMU,373,1204,-240,8444,-80,68,38
26065,IMU,374,1136,-240,8440,-86,67,60
26084,IMU,375,1224,-300,8392,-95,73,59
26103,IMU,376,1188,-292,8440,-85,71,37
26122,IMU,377,1172,-220,8488,-104,35,47
26143,IMU,378,1204,-180,8408,-85,67,37
26161,IMU,379,1176,-216,8380,-97,67,46
26180,IMU,380,1040,-232,8460,-89,47,40
26199,IMU,381,1068,-288,8304,-93,51,52
26218,IMU,382,1240,-252,8468,-107,84,40
26237,IMU,383,1156,-184,8440,-90,61,43
26259,IMU,384,1200,-252,8460,-103,47,42
26276,IMU,385,1168,-244,8380,-99,64,39
26295,IMU,386,1212,-304,8388,-83,56,57
26315,IMU,387,1292,-224,8396,-79,55,37
26334,IMU,388,1204,-164,8420,-73,57,61
26353,IMU,389,1156,-264,8360,-92,65,29
26371,IMU,390,1160,-316,8428,-102,62,41
26391,IMU,391,1188,-276,8404,-101,60,41
26410,IMU,392,1188,-332,8424,-114,65,55
26429,IMU,393,1148,-228,8428,-75,60,48
26448,IMU,394,1160,-264,8476,-88,56,44
26467,IMU,395,1224,-252,8348,-109,55,49
26487,IMU,396,1200,-268,8372,-85,52,45
26506,IMU,397,1168,-260,8464,-99,57,50
26525,IMU,398,1100,-148,8508,-92,60,51
26544,IMU,399,1224,-328,8416,-94,63,42
26563,IMU,400,1216,-168,8444,-89,60,46
26582,IMU,401,1080,-268,8440,-99,47,46
26602,IMU,402,1220,-216,8480,-83,45,37
26623,IMU,403,1148,-272,8432,-82,64,53
26640,IMU,404,1084,-296,8440,-103,49,54
26659,IMU,405,1164,-260,8364,-94,75,42
26678,IMU,406,1132,-308,8380,-88,53,35
26697,IMU,407,1124,-252,8440,-102,59,35
26717,IMU,408,1244,-220,8500,-96,63,60
26736,IMU,409,1084,-216,8404,-93,65,40
26755,IMU,410,1268,-284,8444,-89,63,40
26774,IMU,411,992,-252,8440,-94,65,50
26793,IMU,412,1152,-324,8468,-100,54,48
26812,IMU,413,1160,-260,8396,-88,59,48
26832,IMU,414,1192,-288,8400,-88,70,44
26851,IMU,415,1268,-212,8412,-99,59,36
23043,ECG,1024,1808,0,0,0,0,0
23043,ECG,1025,1796,0,0,0,0,0
23043,ECG,1026,1784,0,0,0,0,0
23048,ECG,1027,1772,0,0,0,0,0
23048,ECG,1028,1761,0,0,0,0,0
23053,ECG,1029,1749,0,0,0,0,0
23053,ECG,1030,1737,0,0,0,0,0
23053,ECG,1031,1726,0,0,0,0,0
23058,ECG,1032,1714,0,0,0,0,0
23058,ECG,1033,1703,0,0,0,0,0
23063,ECG,1034,1692,0,0,0,0,0
23063,ECG,1035,1681,0,0,0,0,0
23063,ECG,1036,1669,0,0,0,0,0
23068,ECG,1037,1658,0,0,0,0,0
23068,ECG,1038,1647,0,0,0,0,0
23073,ECG,1039,1625,0,0,0,0,0
23073,ECG,1040,1615,0,0,0,0,0
23078,ECG,1041,1604,0,0,0,0,0
23078,ECG,1042,1593,0,0,0,0,0
23083,ECG,1043,1572,0,0,0,0,0
23083,ECG,1044,1562,0,0,0,0,0
23088,ECG,1045,1551,0,0,0,0,0
23088,ECG,1046,1541,0,0,0,0,0
23088,ECG,1047,1531,0,0,0,0,0
23093,ECG,1048,1520,0,0,0,0,0
23093,ECG,1049,1510,0,0,0,0,0
23098,ECG,1050,1500,0,0,0,0,0
23098,ECG,1051,1490,0,0,0,0,0
23098,ECG,1052,1480,0,0,0,0,0
23103,ECG,1053,1470,0,0,0,0,0
23103,ECG,1054,1460,0,0,0,0,0
23108,ECG,1055,1451,0,0,0,0,0
23108,ECG,1056,1441,0,0,0,0,0
23108,ECG,1057,1431,0,0,0,0,0
23113,ECG,1058,1422,0,0,0,0,0
23113,ECG,1059,1412,0,0,0,0,0
23114,ECG,1060,1403,0,0,0,0,0
23118,ECG,1061,1393,0,0,0,0,0
23118,ECG,1062,1384,0,0,0,0,0
23123,ECG,1063,1375,0,0,0,0,0
23123,ECG,1064,1365,0,0,0,0,0
23128,ECG,1065,1347,0,0,0,0,0
23128,ECG,1066,1338,0,0,0,0,0
23133,ECG,1067,1329,0,0,0,0,0
23133,ECG,1068,1320,0,0,0,0,0
23133,ECG,1069,1311,0,0,0,0,0
23138,ECG,1070,1302,0,0,0,0,0
23138,ECG,1071,1294,0,0,0,0,0
23143,ECG,1072,1285,0,0,0,0,0
23143,ECG,1073,1276,0,0,0,0,0
23143,ECG,1074,1268,0,0,0,0,0
23148,ECG,1075,1259,0,0,0,0,0
23148,ECG,1076,1251,0,0,0,0,0
23153,ECG,1077,1234,0,0,0,0,0
23153,ECG,1078,1225,0,0,0,0,0
23158,ECG,1079,1217,0,0,0,0,0
23158,ECG,1080,1209,0,0,0,0,0
23163,ECG,1081,1192,0,0,0,0,0
23163,ECG,1082,1184,0,0,0,0,0
23168,ECG,1083,1176,0,0,0,0,0
23168,ECG,1084,1168,0,0,0,0,0
23168,ECG,1085,1160,0,0,0,0,0
23173,ECG,1086,1152,0,0,0,0,0
23173,ECG,1087,1145,0,0,0,0,0
23178,ECG,1088,1137,0,0,0,0,0
23178,ECG,1089,1129,0,0,0,0,0
23178,ECG,1090,1121,0,0,0,0,0
23183,ECG,1091,1114,0,0,0,0,0
23183,ECG,1092,1106,0,0,0,0,0
23188,ECG,1093,1099,0,0,0,0,0
23188,ECG,1094,1091,0,0,0,0,0
23188,ECG,1095,1084,0,0,0,0,0
23193,ECG,1096,1076,0,0,0,0,0
23193,ECG,1097,1069,0,0,0,0,0
24200,ECG,1098,0,0,0,0,0,0
24200,ECG,1099,-1,0,0,0,0,0
24200,ECG,1100,-6,0,0,0,0,0
24205,ECG,1101,2,0,0,0,0,0
24205,ECG,1102,6,0,0,0,0,0
24210,ECG,1103,38,0,0,0,0,0
24210,ECG,1104,-16,0,0,0,0,0
24215,ECG,1105,-26,0,0,0,0,0
24215,ECG,1106,151,0,0,0,0,0
24220,ECG,1107,-2109,0,0,0,0,0
24220,ECG,1108,-1850,0,0,0,0,0
24225,ECG,1109,-36,0,0,0,0,0
24225,ECG,1110,3394,0,0,0,0,0
24225,ECG,1111,8729,0,0,0,0,0
24230,ECG,1112,15156,0,0,0,0,0
24230,ECG,1113,21689,0,0,0,0,0
24235,ECG,1114,27397,0,0,0,0,0
24235,ECG,1115,31311,0,0,0,0,0
24235,ECG,1116,32011,0,0,0,0,0
24240,ECG,1117,31810,0,0,0,0,0
24240,ECG,1118,31610,0,0,0,0,0
24245,ECG,1119,31343,0,0,0,0,0
24245,ECG,1120,31109,0,0,0,0,0
24245,ECG,1121,31019,0,0,0,0,0
24250,ECG,1122,30731,0,0,0,0,0
24250,ECG,1123,30591,0,0,0,0,0
24251,ECG,1124,30395,0,0,0,0,0
24255,ECG,1125,30195,0,0,0,0,0
24255,ECG,1126,30019,0,0,0,0,0
24260,ECG,1127,29827,0,0,0,0,0
24260,ECG,1128,29638,0,0,0,0,0
24260,ECG,1129,29451,0,0,0,0,0
24265,ECG,1130,29266,0,0,0,0,0
24265,ECG,1131,29082,0,0,0,0,0
24270,ECG,1132,28900,0,0,0,0,0
24270,ECG,1133,28718,0,0,0,0,0
24270,ECG,1134,28537,0,0,0,0,0
24275,ECG,1135,28358,0,0,0,0,0
24275,ECG,1136,28180,0,0,0,0,0
24280,ECG,1137,28002,0,0,0,0,0
24280,ECG,1138,27826,0,0,0,0,0
24280,ECG,1139,27651,0,0,0,0,0
24285,ECG,1140,27478,0,0,0,0,0
24285,ECG,1141,27305,0,0,0,0,0
24290,ECG,1142,26963,0,0,0,0,0
24290,ECG,1143,26793,0,0,0,0,0
24295,ECG,1144,26625,0,0,0,0,0
24295,ECG,1145,26457,0,0,0,0,0
24300,ECG,1146,26126,0,0,0,0,0
24300,ECG,1147,25961,0,0,0,0,0
24305,ECG,1148,25798,0,0,0,0,0
24305,ECG,1149,25636,0,0,0,0,0
24305,ECG,1150,25475,0,0,0,0,0
24310,ECG,1151,25314,0,0,0,0,0
24310,ECG,1152,25155,0,0,0,0,0
24315,ECG,1153,24997,0,0,0,0,0
24315,ECG,1154,24840,0,0,0,0,0
24315,ECG,1155,24683,0,0,0,0,0
24320,ECG,1156,24528,0,0,0,0,0
24320,ECG,1157,24374,0,0,0,0,0
24325,ECG,1158,24221,0,0,0,0,0
24325,ECG,1159,24068,0,0,0,0,0
24325,ECG,1160,23917,0,0,0,0,0
24330,ECG,1161,23766,0,0,0,0,0
24330,ECG,1162,23617,0,0,0,0,0
24331,ECG,1163,23468,0,0,0,0,0
24335,ECG,1164,23321,0,0,0,0,0
24335,ECG,1165,23174,0,0,0,0,0
24340,ECG,1166,23028,0,0,0,0,0
24340,ECG,1167,22883,0,0,0,0,0
24345,ECG,1168,22596,0,0,0,0,0
24345,ECG,1169,22454,0,0,0,0,0
24350,ECG,1170,22313,0,0,0,0,0
24350,ECG,1171,22172,0,0,0,0,0
24350,ECG,1172,22033,0,0,0,0,0
24355,ECG,1173,21894,0,0,0,0,0
24355,ECG,1174,21756,0,0,0,0,0
24360,ECG,1175,21619,0,0,0,0,0
24360,ECG,1176,21483,0,0,0,0,0
24360,ECG,1177,21348,0,0,0,0,0
24365,ECG,1178,21214,0,0,0,0,0
24365,ECG,1179,21080,0,0,0,0,0
24370,ECG,1180,20816,0,0,0,0,0
24370,ECG,1181,20685,0,0,0,0,0
24375,ECG,1182,20555,0,0,0,0,0
24375,ECG,1183,20425,0,0,0,0,0
24380,ECG,1184,20169,0,0,0,0,0
24380,ECG,1185,20042,0,0,0,0,0
24385,ECG,1186,19916,0,0,0,0,0
24385,ECG,1187,19790,0,0,0,0,0
24385,ECG,1188,19666,0,0,0,0,0
24390,ECG,1189,19542,0,0,0,0,0
24390,ECG,1190,19419,0,0,0,0,0
24395,ECG,1191,19297,0,0,0,0,0
24395,ECG,1192,19175,0,0,0,0,0
24395,ECG,1193,19055,0,0,0,0,0
24400,ECG,1194,18935,0,0,0,0,0
24400,ECG,1195,18815,0,0,0,0,0
24405,ECG,1196,18697,0,0,0,0,0
24405,ECG,1197,18579,0,0,0,0,0
24405,ECG,1198,18462,0,0,0,0,0
24410,ECG,1199,18346,0,0,0,0,0
24410,ECG,1200,18230,0,0,0,0,0
24415,ECG,1201,18002,0,0,0,0,0
24415,ECG,1202,17888,0,0,0,0,0
24420,ECG,1203,17775,0,0,0,0,0
24420,ECG,1204,17663,0,0,0,0,0
24425,ECG,1205,17442,0,0,0,0,0
24425,ECG,1206,17332,0,0,0,0,0
24430,ECG,1207,17222,0,0,0,0,0
24430,ECG,1208,17114,0,0,0,0,0
24430,ECG,1209,17006,0,0,0,0,0
24435,ECG,1210,16899,0,0,0,0,0
24435,ECG,1211,16792,0,0,0,0,0
24440,ECG,1212,16687,0,0,0,0,0
24440,ECG,1213,16581,0,0,0,0,0
24440,ECG,1214,16477,0,0,0,0,0
24445,ECG,1215,16373,0,0,0,0,0
24445,ECG,1216,16270,0,0,0,0,0
24450,ECG,1217,16065,0,0,0,0,0
24450,ECG,1218,15964,0,0,0,0,0
24455,ECG,1219,15864,0,0,0,0,0
24455,ECG,1220,15764,0,0,0,0,0
24456,ECG,1221,15664,0,0,0,0,0
24460,ECG,1222,15566,0,0,0,0,0
24460,ECG,1223,15467,0,0,0,0,0
24465,ECG,1224,15370,0,0,0,0,0
24465,ECG,1225,15273,0,0,0,0,0
24465,ECG,1226,15177,0,0,0,0,0
24470,ECG,1227,15081,0,0,0,0,0
24470,ECG,1228,14986,0,0,0,0,0
24475,ECG,1229,14891,0,0,0,0,0
24475,ECG,1230,14797,0,0,0,0,0
24475,ECG,1231,14704,0,0,0,0,0
24480,ECG,1232,14611,0,0,0,0,0
24480,ECG,1233,14519,0,0,0,0,0
24485,ECG,1234,14428,0,0,0,0,0
24485,ECG,1235,14337,0,0,0,0,0
24485,ECG,1236,14246,0,0,0,0,0
24490,ECG,1237,14156,0,0,0,0,0
24490,ECG,1238,14067,0,0,0,0,0
24495,ECG,1239,13890,0,0,0,0,0
24495,ECG,1240,13802,0,0,0,0,0
24500,ECG,1241,13715,0,0,0,0,0
24500,ECG,1242,13629,0,0,0,0,0
24505,ECG,1243,13457,0,0,0,0,0
24505,ECG,1244,13372,0,0,0,0,0
24510,ECG,1245,13288,0,0,0,0,0
24510,ECG,1246,13204,0,0,0,0,0
24510,ECG,1247,13121,0,0,0,0,0
24515,ECG,1248,13038,0,0,0,0,0
24515,ECG,1249,12956,0,0,0,0,0
24520,ECG,1250,12874,0,0,0,0,0
24520,ECG,1251,12793,0,0,0,0,0
24520,ECG,1252,12712,0,0,0,0,0
24525,ECG,1253,12632,0,0,0,0,0
24525,ECG,1254,12552,0,0,0,0,0
24530,ECG,1255,12394,0,0,0,0,0
24530,ECG,1256,12316,0,0,0,0,0
24535,ECG,1257,12238,0,0,0,0,0
24535,ECG,1258,12161,0,0,0,0,0
24536,ECG,1259,12084,0,0,0,0,0
24540,ECG,1260,12008,0,0,0,0,0
24540,ECG,1261,11932,0,0,0,0,0
24545,ECG,1262,11857,0,0,0,0,0
24545,ECG,1263,11782,0,0,0,0,0
24545,ECG,1264,11707,0,0,0,0,0
24550,ECG,1265,11633,0,0,0,0,0
24550,ECG,1266,11560,0,0,0,0,0
24555,ECG,1267,11487,0,0,0,0,0
24555,ECG,1268,11414,0,0,0,0,0
24555,ECG,1269,11342,0,0,0,0,0
24560,ECG,1270,11271,0,0,0,0,0
24560,ECG,1271,11199,0,0,0,0,0
24565,ECG,1272,11129,0,0,0,0,0
24565,ECG,1273,11058,0,0,0,0,0
24565,ECG,1274,10988,0,0,0,0,0
24570,ECG,1275,10919,0,0,0,0,0
24570,ECG,1276,10850,0,0,0,0,0
24575,ECG,1277,10713,0,0,0,0,0
24575,ECG,1278,10645,0,0,0,0,0
24580,ECG,1279,10578,0,0,0,0,0
24580,ECG,1280,10511,0,0,0,0,0
24585,ECG,1281,10379,0,0,0,0,0
24585,ECG,1282,10313,0,0,0,0,0
24590,ECG,1283,10248,0,0,0,0,0
24590,ECG,1284,10183,0,0,0,0,0
24590,ECG,1285,10118,0,0,0,0,0
24595,ECG,1286,10054,0,0,0,0,0
24595,ECG,1287,9991,0,0,0,0,0
24600,ECG,1288,9928,0,0,0,0,0
24600,ECG,1289,9865,0,0,0,0,0
24600,ECG,1290,9802,0,0,0,0,0
24605,ECG,1291,9740,0,0,0,0,0
24605,ECG,1292,9679,0,0,0,0,0
24610,ECG,1293,9617,0,0,0,0,0
24610,ECG,1294,9557,0,0,0,0,0
24610,ECG,1295,9496,0,0,0,0,0
24615,ECG,1296,9436,0,0,0,0,0
24615,ECG,1297,9376,0,0,0,0,0
24616,ECG,1298,9317,0,0,0,0,0
24620,ECG,1299,9258,0,0,0,0,0
24620,ECG,1300,9200,0,0,0,0,0
24625,ECG,1301,9141,0,0,0,0,0
24625,ECG,1302,9083,0,0,0,0,0
24630,ECG,1303,8969,0,0,0,0,0
24630,ECG,1304,8912,0,0,0,0,0
24635,ECG,1305,8855,0,0,0,0,0
24635,ECG,1306,8799,0,0,0,0,0
24635,ECG,1307,8744,0,0,0,0,0
24640,ECG,1308,8688,0,0,0,0,0
24640,ECG,1309,8633,0,0,0,0,0
24645,ECG,1310,8578,0,0,0,0,0
24645,ECG,1311,8524,0,0,0,0,0
24645,ECG,1312,8470,0,0,0,0,0
24650,ECG,1313,8416,0,0,0,0,0
24650,ECG,1314,8363,0,0,0,0,0
24655,ECG,1315,8257,0,0,0,0,0
24655,ECG,1316,8205,0,0,0,0,0
24660,ECG,1317,8153,0,0,0,0,0
24660,ECG,1318,8101,0,0,0,0,0
24665,ECG,1319,7999,0,0,0,0,0
24665,ECG,1320,7948,0,0,0,0,0
24670,ECG,1321,7898,0,0,0,0,0
24670,ECG,1322,7848,0,0,0,0,0
24670,ECG,1323,7798,0,0,0,0,0
24675,ECG,1324,7749,0,0,0,0,0
24675,ECG,1325,7699,0,0,0,0,0
24680,ECG,1326,7651,0,0,0,0,0
24680,ECG,1327,7602,0,0,0,0,0
24680,ECG,1328,7554,0,0,0,0,0
24685,ECG,1329,7506,0,0,0,0,0
24685,ECG,1330,7458,0,0,0,0,0
24690,ECG,1331,7411,0,0,0,0,0
24690,ECG,1332,7364,0,0,0,0,0
24690,ECG,1333,7317,0,0,0,0,0
24695,ECG,1334,7271,0,0,0,0,0
24695,ECG,1335,7224,0,0,0,0,0
24700,ECG,1336,7133,0,0,0,0,0
24700,ECG,1337,7088,0,0,0,0,0
24705,ECG,1338,7043,0,0,0,0,0
24705,ECG,1339,6998,0,0,0,0,0
24710,ECG,1340,6909,0,0,0,0,0
24710,ECG,1341,6865,0,0,0,0,0
24715,ECG,1342,6821,0,0,0,0,0
24715,ECG,1343,6778,0,0,0,0,0
24715,ECG,1344,6735,0,0,0,0,0
24720,ECG,1345,6692,0,0,0,0,0
24720,ECG,1346,6650,0,0,0,0,0
24725,ECG,1347,6608,0,0,0,0,0
24725,ECG,1348,6566,0,0,0,0,0
24725,ECG,1349,6524,0,0,0,0,0
24730,ECG,1350,6482,0,0,0,0,0
24730,ECG,1351,6441,0,0,0,0,0
24735,ECG,1352,6359,0,0,0,0,0
24735,ECG,1353,6319,0,0,0,0,0
24740,ECG,1354,6279,0,0,0,0,0
24740,ECG,1355,6239,0,0,0,0,0
24745,ECG,1356,6159,0,0,0,0,0
24745,ECG,1357,6120,0,0,0,0,0
24750,ECG,1358,6081,0,0,0,0,0
24750,ECG,1359,6042,0,0,0,0,0
24750,ECG,1360,6004,0,0,0,0,0
24755,ECG,1361,5966,0,0,0,0,0
24755,ECG,1362,5928,0,0,0,0,0
24760,ECG,1363,5890,0,0,0,0,0
24760,ECG,1364,5852,0,0,0,0,0
24760,ECG,1365,5815,0,0,0,0,0
24765,ECG,1366,5778,0,0,0,0,0
24765,ECG,1367,5741,0,0,0,0,0
24770,ECG,1368,5705,0,0,0,0,0
24770,ECG,1369,5669,0,0,0,0,0
24770,ECG,1370,5632,0,0,0,0,0
24775,ECG,1371,5596,0,0,0,0,0
24775,ECG,1372,5561,0,0,0,0,0
24780,ECG,1373,5490,0,0,0,0,0
24780,ECG,1374,5455,0,0,0,0,0
24785,ECG,1375,5420,0,0,0,0,0
24785,ECG,1376,5386,0,0,0,0,0
24790,ECG,1377,5317,0,0,0,0,0
24790,ECG,1378,5283,0,0,0,0,0
24795,ECG,1379,5249,0,0,0,0,0
24795,ECG,1380,5216,0,0,0,0,0
24795,ECG,1381,5183,0,0,0,0,0
24800,ECG,1382,5150,0,0,0,0,0
24800,ECG,1383,5117,0,0,0,0,0
24805,ECG,1384,5084,0,0,0,0,0
24805,ECG,1385,5051,0,0,0,0,0
24805,ECG,1386,5019,0,0,0,0,0
24810,ECG,1387,4987,0,0,0,0,0
24810,ECG,1388,4955,0,0,0,0,0
24815,ECG,1389,4892,0,0,0,0,0
24815,ECG,1390,4861,0,0,0,0,0
24820,ECG,1391,4830,0,0,0,0,0
24820,ECG,1392,4799,0,0,0,0,0
24821,ECG,1393,4768,0,0,0,0,0
24825,ECG,1394,4738,0,0,0,0,0
24825,ECG,1395,4707,0,0,0,0,0
24830,ECG,1396,4677,0,0,0,0,0
24830,ECG,1397,4647,0,0,0,0,0
24830,ECG,1398,4618,0,0,0,0,0
24835,ECG,1399,4588,0,0,0,0,0
24835,ECG,1400,4559,0,0,0,0,0
24840,ECG,1401,4530,0,0,0,0,0
24840,ECG,1402,4501,0,0,0,0,0
24840,ECG,1403,4472,0,0,0,0,0
24845,ECG,1404,4443,0,0,0,0,0
24845,ECG,1405,4415,0,0,0,0,0
24850,ECG,1406,4386,0,0,0,0,0
24850,ECG,1407,4358,0,0,0,0,0
24850,ECG,1408,4330,0,0,0,0,0
24855,ECG,1409,4303,0,0,0,0,0
24855,ECG,1410,4275,0,0,0,0,0
24860,ECG,1411,4220,0,0,0,0,0
24860,ECG,1412,4193,0,0,0,0,0
24865,ECG,1413,4166,0,0,0,0,0
24865,ECG,1414,4140,0,0,0,0,0
24870,ECG,1415,4087,0,0,0,0,0
24870,ECG,1416,4060,0,0,0,0,0
24875,ECG,1417,4034,0,0,0,0,0
24875,ECG,1418,4008,0,0,0,0,0
24875,ECG,1419,3983,0,0,0,0,0
24880,ECG,1420,3957,0,0,0,0,0
24880,ECG,1421,3932,0,0,0,0,0
24885,ECG,1422,3906,0,0,0,0,0
24885,ECG,1423,3881,0,0,0,0,0
24885,ECG,1424,3856,0,0,0,0,0
24890,ECG,1425,3832,0,0,0,0,0
24890,ECG,1426,3807,0,0,0,0,0
24895,ECG,1427,3782,0,0,0,0,0
24895,ECG,1428,3758,0,0,0,0,0
24895,ECG,1429,3734,0,0,0,0,0
24900,ECG,1430,3710,0,0,0,0,0
24900,ECG,1431,3686,0,0,0,0,0
24901,ECG,1432,3662,0,0,0,0,0
24905,ECG,1433,3639,0,0,0,0,0
24905,ECG,1434,3615,0,0,0,0,0
24910,ECG,1435,3592,0,0,0,0,0
24910,ECG,1436,3569,0,0,0,0,0
24915,ECG,1437,3523,0,0,0,0,0
24915,ECG,1438,3500,0,0,0,0,0
24920,ECG,1439,3478,0,0,0,0,0
24920,ECG,1440,3455,0,0,0,0,0
24920,ECG,1441,3433,0,0,0,0,0
24925,ECG,1442,3411,0,0,0,0,0
24925,ECG,1443,3389,0,0,0,0,0
24930,ECG,1444,3367,0,0,0,0,0
24930,ECG,1445,3345,0,0,0,0,0
24930,ECG,1446,3324,0,0,0,0,0
24935,ECG,1447,3302,0,0,0,0,0
24935,ECG,1448,3281,0,0,0,0,0
24940,ECG,1449,3239,0,0,0,0,0
24940,ECG,1450,3218,0,0,0,0,0
24945,ECG,1451,3197,0,0,0,0,0
24945,ECG,1452,3176,0,0,0,0,0
24950,ECG,1453,3135,0,0,0,0,0
24950,ECG,1454,3115,0,0,0,0,0
24955,ECG,1455,3095,0,0,0,0,0
24955,ECG,1456,3075,0,0,0,0,0
24955,ECG,1457,3055,0,0,0,0,0
24960,ECG,1458,3035,0,0,0,0,0
24960,ECG,1459,3015,0,0,0,0,0
24965,ECG,1460,2996,0,0,0,0,0
24965,ECG,1461,2976,0,0,0,0,0
24965,ECG,1462,2957,0,0,0,0,0
24970,ECG,1463,2938,0,0,0,0,0
24970,ECG,1464,2919,0,0,0,0,0
24975,ECG,1465,2900,0,0,0,0,0
24975,ECG,1466,2881,0,0,0,0,0
24975,ECG,1467,2862,0,0,0,0,0
24980,ECG,1468,2844,0,0,0,0,0
24980,ECG,1469,2825,0,0,0,0,0
24981,ECG,1470,2807,0,0,0,0,0
24985,ECG,1471,2789,0,0,0,0,0
24985,ECG,1472,2771,0,0,0,0,0
24990,ECG,1473,2753,0,0,0,0,0
24990,ECG,1474,2735,0,0,0,0,0
24995,ECG,1475,2700,0,0,0,0,0
24995,ECG,1476,2682,0,0,0,0,0
25000,ECG,1477,2665,0,0,0,0,0
25000,ECG,1478,2647,0,0,0,0,0
25000,ECG,1479,2630,0,0,0,0,0
25005,ECG,1480,2613,0,0,0,0,0
25005,ECG,1481,2596,0,0,0,0,0
25010,ECG,1482,2579,0,0,0,0,0
25010,ECG,1483,2562,0,0,0,0,0
25010,ECG,1484,2546,0,0,0,0,0
25015,ECG,1485,2529,0,0,0,0,0
25015,ECG,1486,2513,0,0,0,0,0
25020,ECG,1487,2480,0,0,0,0,0
25020,ECG,1488,2464,0,0,0,0,0
25025,ECG,1489,2448,0,0,0,0,0
25025,ECG,1490,2432,0,0,0,0,0
25030,ECG,1491,2400,0,0,0,0,0
25030,ECG,1492,2385,0,0,0,0,0
25035,ECG,1493,2369,0,0,0,0,0
25035,ECG,1494,2354,0,0,0,0,0
25035,ECG,1495,2338,0,0,0,0,0
25040,ECG,1496,2323,0,0,0,0,0
25040,ECG,1497,2308,0,0,0,0,0
25045,ECG,1498,2293,0,0,0,0,0
25045,ECG,1499,2278,0,0,0,0,0
25045,ECG,1500,2263,0,0,0,0,0
25050,ECG,1501,2248,0,0,0,0,0
25050,ECG,1502,2233,0,0,0,0,0
25055,ECG,1503,2219,0,0,0,0,0
25055,ECG,1504,2204,0,0,0,0,0
25055,ECG,1505,2190,0,0,0,0,0
25060,ECG,1506,2176,0,0,0,0,0
25060,ECG,1507,2161,0,0,0,0,0
25065,ECG,1508,2133,0,0,0,0,0
25065,ECG,1509,2119,0,0,0,0,0
25070,ECG,1510,2105,0,0,0,0,0
25070,ECG,1511,2091,0,0,0,0,0
25075,ECG,1512,2064,0,0,0,0,0
25075,ECG,1513,2050,0,0,0,0,0
25080,ECG,1514,2037,0,0,0,0,0
25080,ECG,1515,2023,0,0,0,0,0
25080,ECG,1516,2010,0,0,0,0,0
25085,ECG,1517,1997,0,0,0,0,0
25085,ECG,1518,1984,0,0,0,0,0
25090,ECG,1519,1971,0,0,0,0,0
25090,ECG,1520,1958,0,0,0,0,0
25090,ECG,1521,1945,0,0,0,0,0
25095,ECG,1522,1932,0,0,0,0,0
25095,ECG,1523,1919,0,0,0,0,0
25100,ECG,1524,1894,0,0,0,0,0
25100,ECG,1525,1881,0,0,0,0,0
25105,ECG,1526,1869,0,0,0,0,0
25105,ECG,1527,1857,0,0,0,0,0
25106,ECG,1528,1844,0,0,0,0,0
25110,ECG,1529,1832,0,0,0,0,0
25110,ECG,1530,1820,0,0,0,0,0
25115,ECG,1531,1808,0,0,0,0,0
25115,ECG,1532,1796,0,0,0,0,0
25115,ECG,1533,1784,0,0,0,0,0
25120,ECG,1534,1772,0,0,0,0,0
25120,ECG,1535,1761,0,0,0,0,0
25125,ECG,1536,1749,0,0,0,0,0
25125,ECG,1537,1737,0,0,0,0,0
25125,ECG,1538,1726,0,0,0,0,0
25130,ECG,1539,1714,0,0,0,0,0
25130,ECG,1540,1703,0,0,0,0,0
25135,ECG,1541,1692,0,0,0,0,0
25135,ECG,1542,1681,0,0,0,0,0
25135,ECG,1543,1669,0,0,0,0,0
25140,ECG,1544,1658,0,0,0,0,0
25140,ECG,1545,1647,0,0,0,0,0
25145,ECG,1546,1625,0,0,0,0,0
25145,ECG,1547,1615,0,0,0,0,0
25150,ECG,1548,1604,0,0,0,0,0
25150,ECG,1549,1593,0,0,0,0,0
25155,ECG,1550,1572,0,0,0,0,0
25155,ECG,1551,1562,0,0,0,0,0
25160,ECG,1552,1551,0,0,0,0,0
25160,ECG,1553,1541,0,0,0,0,0
25160,ECG,1554,1531,0,0,0,0,0
25165,ECG,1555,1520,0,0,0,0,0
25165,ECG,1556,1510,0,0,0,0,0
25170,ECG,1557,1500,0,0,0,0,0
25170,ECG,1558,1490,0,0,0,0,0
25170,ECG,1559,1480,0,0,0,0,0
25175,ECG,1560,1470,0,0,0,0,0
25175,ECG,1561,1460,0,0,0,0,0
25180,ECG,1562,1451,0,0,0,0,0
25180,ECG,1563,1441,0,0,0,0,0
25180,ECG,1564,1431,0,0,0,0,0
25185,ECG,1565,1422,0,0,0,0,0
25185,ECG,1566,1412,0,0,0,0,0
25186,ECG,1567,1403,0,0,0,0,0
25190,ECG,1568,1393,0,0,0,0,0
25190,ECG,1569,1384,0,0,0,0,0
25195,ECG,1570,1375,0,0,0,0,0
25195,ECG,1571,1365,0,0,0,0,0
25195,ECG,1572,1356,0,0,0,0,0
25200,ECG,1573,1347,0,0,0,0,0
25200,ECG,1574,1338,0,0,0,0,0
25205,ECG,1575,1329,0,0,0,0,0
25205,ECG,1576,1320,0,0,0,0,0
25205,ECG,1577,1311,0,0,0,0,0
25210,ECG,1578,1302,0,0,0,0,0
25210,ECG,1579,1294,0,0,0,0,0
25215,ECG,1580,1285,0,0,0,0,0
25215,ECG,1581,1276,0,0,0,0,0
25215,ECG,1582,1268,0,0,0,0,0
25220,ECG,1583,1259,0,0,0,0,0
25220,ECG,1584,1251,0,0,0,0,0
25225,ECG,1585,1234,0,0,0,0,0
25225,ECG,1586,1225,0,0,0,0,0
25230,ECG,1587,1217,0,0,0,0,0
25230,ECG,1588,1209,0,0,0,0,0
25235,ECG,1589,1192,0,0,0,0,0
25235,ECG,1590,1184,0,0,0,0,0
25240,ECG,1591,1176,0,0,0,0,0
25240,ECG,1592,1168,0,0,0,0,0
25240,ECG,1593,1160,0,0,0,0,0
25245,ECG,1594,1152,0,0,0,0,0
25245,ECG,1595,1145,0,0,0,0,0
25250,ECG,1596,1137,0,0,0,0,0
25250,ECG,1597,1129,0,0,0,0,0
25250,ECG,1598,1121,0,0,0,0,0
25255,ECG,1599,1114,0,0,0,0,0
25255,ECG,1600,1106,0,0,0,0,0
26262,ECG,1601,0,0,0,0,0,0
26262,ECG,1602,-1,0,0,0,0,0
26262,ECG,1603,-6,0,0,0,0,0
26267,ECG,1604,2,0,0,0,0,0
26267,ECG,1605,6,0,0,0,0,0
26272,ECG,1606,38,0,0,0,0,0
26272,ECG,1607,-16,0,0,0,0,0
26277,ECG,1608,-26,0,0,0,0,0
26277,ECG,1609,151,0,0,0,0,0
26282,ECG,1610,-2109,0,0,0,0,0
26282,ECG,1611,-1850,0,0,0,0,0
26287,ECG,1612,-36,0,0,0,0,0
26287,ECG,1613,3394,0,0,0,0,0
26287,ECG,1614,8729,0,0,0,0,0
26292,ECG,1615,15156,0,0,0,0,0
26292,ECG,1616,21689,0,0,0,0,0
26297,ECG,1617,27397,0,0,0,0,0
26297,ECG,1618,31311,0,0,0,0,0
26297,ECG,1619,32011,0,0,0,0,0
26302,ECG,1620,31810,0,0,0,0,0
26302,ECG,1621,31610,0,0,0,0,0
26307,ECG,1622,31343,0,0,0,0,0
26307,ECG,1623,31109,0,0,0,0,0
26307,ECG,1624,31019,0,0,0,0,0
26312,ECG,1625,30731,0,0,0,0,0
26312,ECG,1626,30591,0,0,0,0,0
26313,ECG,1627,30395,0,0,0,0,0
26317,ECG,1628,30195,0,0,0,0,0
26317,ECG,1629,30019,0,0,0,0,0
26322,ECG,1630,29827,0,0,0,0,0
26322,ECG,1631,29638,0,0,0,0,0
26327,ECG,1632,29266,0,0,0,0,0
26327,ECG,1633,29082,0,0,0,0,0
26332,ECG,1634,28900,0,0,0,0,0
26332,ECG,1635,28718,0,0,0,0,0
26332,ECG,1636,28537,0,0,0,0,0
26337,ECG,1637,28358,0,0,0,0,0
26337,ECG,1638,28180,0,0,0,0,0
26342,ECG,1639,28002,0,0,0,0,0
26342,ECG,1640,27826,0,0,0,0,0
26342,ECG,1641,27651,0,0,0,0,0
26347,ECG,1642,27478,0,0,0,0,0
26347,ECG,1643,27305,0,0,0,0,0
26352,ECG,1644,26963,0,0,0,0,0
26352,ECG,1645,26793,0,0,0,0,0
26357,ECG,1646,26625,0,0,0,0,0
26357,ECG,1647,26457,0,0,0,0,0
26362,ECG,1648,26126,0,0,0,0,0
26362,ECG,1649,25961,0,0,0,0,0
26367,ECG,1650,25798,0,0,0,0,0
26367,ECG,1651,25636,0,0,0,0,0
26367,ECG,1652,25475,0,0,0,0,0
26372,ECG,1653,25314,0,0,0,0,0
26372,ECG,1654,25155,0,0,0,0,0
26378,ECG,1655,24997,0,0,0,0,0
26378,ECG,1656,24840,0,0,0,0,0
26378,ECG,1657,24683,0,0,0,0,0
26383,ECG,1658,24528,0,0,0,0,0
26383,ECG,1659,24374,0,0,0,0,0
26383,ECG,1660,24221,0,0,0,0,0
26388,ECG,1661,24068,0,0,0,0,0
26388,ECG,1662,23917,0,0,0,0,0
26393,ECG,1663,23617,0,0,0,0,0
26393,ECG,1664,23468,0,0,0,0,0
26398,ECG,1665,23321,0,0,0,0,0
26398,ECG,1666,23174,0,0,0,0,0
26403,ECG,1667,22883,0,0,0,0,0
26403,ECG,1668,22739,0,0,0,0,0
26408,ECG,1669,22596,0,0,0,0,0
26408,ECG,1670,22454,0,0,0,0,0
26408,ECG,1671,22313,0,0,0,0,0
26413,ECG,1672,22172,0,0,0,0,0
26413,ECG,1673,22033,0,0,0,0,0
26418,ECG,1674,21894,0,0,0,0,0
26418,ECG,1675,21756,0,0,0,0,0
26418,ECG,1676,21619,0,0,0,0,0
26423,ECG,1677,21483,0,0,0,0,0
26423,ECG,1678,21348,0,0,0,0,0
26428,ECG,1679,21214,0,0,0,0,0
26428,ECG,1680,21080,0,0,0,0,0
26428,ECG,1681,20948,0,0,0,0,0
26433,ECG,1682,20816,0,0,0,0,0
26433,ECG,1683,20685,0,0,0,0,0
26434,ECG,1684,20555,0,0,0,0,0
26438,ECG,1685,20425,0,0,0,0,0
26438,ECG,1686,20297,0,0,0,0,0
26443,ECG,1687,20169,0,0,0,0,0
26443,ECG,1688,20042,0,0,0,0,0
26448,ECG,1689,19790,0,0,0,0,0
26448,ECG,1690,19666,0,0,0,0,0
26453,ECG,1691,19542,0,0,0,0,0
26453,ECG,1692,19419,0,0,0,0,0
26453,ECG,1693,19297,0,0,0,0,0
26458,ECG,1694,19175,0,0,0,0,0
26458,ECG,1695,19055,0,0,0,0,0
26463,ECG,1696,18935,0,0,0,0,0
26463,ECG,1697,18815,0,0,0,0,0
26463,ECG,1698,18697,0,0,0,0,0
26468,ECG,1699,18579,0,0,0,0,0
26468,ECG,1700,18462,0,0,0,0,0
26473,ECG,1701,18230,0,0,0,0,0
26473,ECG,1702,18116,0,0,0,0,0
26478,ECG,1703,18002,0,0,0,0,0
26478,ECG,1704,17888,0,0,0,0,0
26483,ECG,1705,17663,0,0,0,0,0
26483,ECG,1706,17552,0,0,0,0,0
26488,ECG,1707,17442,0,0,0,0,0
26488,ECG,1708,17332,0,0,0,0,0
26488,ECG,1709,17222,0,0,0,0,0
26493,ECG,1710,17114,0,0,0,0,0
26493,ECG,1711,17006,0,0,0,0,0
26498,ECG,1712,16899,0,0,0,0,0
26498,ECG,1713,16792,0,0,0,0,0
26498,ECG,1714,16687,0,0,0,0,0
26503,ECG,1715,16581,0,0,0,0,0
26503,ECG,1716,16477,0,0,0,0,0
26508,ECG,1717,16373,0,0,0,0,0
26508,ECG,1718,16270,0,0,0,0,0
26508,ECG,1719,16167,0,0,0,0,0
26513,ECG,1720,16065,0,0,0,0,0
26513,ECG,1721,15964,0,0,0,0,0
26518,ECG,1722,15764,0,0,0,0,0
26518,ECG,1723,15664,0,0,0,0,0
26523,ECG,1724,15566,0,0,0,0,0
26523,ECG,1725,15467,0,0,0,0,0
26528,ECG,1726,15273,0,0,0,0,0
26528,ECG,1727,15177,0,0,0,0,0
26533,ECG,1728,15081,0,0,0,0,0
26533,ECG,1729,14986,0,0,0,0,0
26533,ECG,1730,14891,0,0,0,0,0
26538,ECG,1731,14797,0,0,0,0,0
26538,ECG,1732,14704,0,0,0,0,0
26543,ECG,1733,14611,0,0,0,0,0
26543,ECG,1734,14519,0,0,0,0,0
26543,ECG,1735,14428,0,0,0,0,0
26548,ECG,1736,14337,0,0,0,0,0
26548,ECG,1737,14246,0,0,0,0,0
26553,ECG,1738,14067,0,0,0,0,0
26553,ECG,1739,13978,0,0,0,0,0
26558,ECG,1740,13890,0,0,0,0,0
26558,ECG,1741,13802,0,0,0,0,0
26559,ECG,1742,13715,0,0,0,0,0
26563,ECG,1743,13629,0,0,0,0,0
26563,ECG,1744,13543,0,0,0,0,0
26568,ECG,1745,13457,0,0,0,0,0
26568,ECG,1746,13372,0,0,0,0,0
26568,ECG,1747,13288,0,0,0,0,0
26573,ECG,1748,13204,0,0,0,0,0
26573,ECG,1749,13121,0,0,0,0,0
26578,ECG,1750,13038,0,0,0,0,0
26578,ECG,1751,12956,0,0,0,0,0
26578,ECG,1752,12874,0,0,0,0,0
26583,ECG,1753,12793,0,0,0,0,0
26583,ECG,1754,12712,0,0,0,0,0
26588,ECG,1755,12632,0,0,0,0,0
26588,ECG,1756,12552,0,0,0,0,0
26588,ECG,1757,12473,0,0,0,0,0
26593,ECG,1758,12394,0,0,0,0,0
26593,ECG,1759,12316,0,0,0,0,0
26598,ECG,1760,12161,0,0,0,0,0
26598,ECG,1761,12084,0,0,0,0,0
26603,ECG,1762,12008,0,0,0,0,0
26603,ECG,1763,11932,0,0,0,0,0
26608,ECG,1764,11782,0,0,0,0,0
26608,ECG,1765,11707,0,0,0,0,0
26613,ECG,1766,11633,0,0,0,0,0
26613,ECG,1767,11560,0,0,0,0,0
26613,ECG,1768,11487,0,0,0,0,0
26618,ECG,1769,11414,0,0,0,0,0
26618,ECG,1770,11342,0,0,0,0,0
26623,ECG,1771,11271,0,0,0,0,0
26623,ECG,1772,11199,0,0,0,0,0
26623,ECG,1773,11129,0,0,0,0,0
26628,ECG,1774,11058,0,0,0,0,0
26628,ECG,1775,10988,0,0,0,0,0
26633,ECG,1776,10919,0,0,0,0,0
26633,ECG,1777,10850,0,0,0,0,0
26633,ECG,1778,10781,0,0,0,0,0
26638,ECG,1779,10713,0,0,0,0,0
26638,ECG,1780,10645,0,0,0,0,0
26639,ECG,1781,10578,0,0,0,0,0
26643,ECG,1782,10511,0,0,0,0,0
26643,ECG,1783,10445,0,0,0,0,0
26648,ECG,1784,10379,0,0,0,0,0
26648,ECG,1785,10313,0,0,0,0,0
26648,ECG,1786,10248,0,0,0,0,0
26653,ECG,1787,10183,0,0,0,0,0
26653,ECG,1788,10118,0,0,0,0,0
26658,ECG,1789,10054,0,0,0,0,0
26658,ECG,1790,9991,0,0,0,0,0
26658,ECG,1791,9928,0,0,0,0,0
26663,ECG,1792,9865,0,0,0,0,0
26663,ECG,1793,9802,0,0,0,0,0
26668,ECG,1794,9740,0,0,0,0,0
26668,ECG,1795,9679,0,0,0,0,0
26668,ECG,1796,9617,0,0,0,0,0
26673,ECG,1797,9557,0,0,0,0,0
26673,ECG,1798,9496,0,0,0,0,0
26678,ECG,1799,9376,0,0,0,0,0
26678,ECG,1800,9317,0,0,0,0,0
26683,ECG,1801,9258,0,0,0,0,0
26683,ECG,1802,9200,0,0,0,0,0
26688,ECG,1803,9083,0,0,0,0,0
26688,ECG,1804,9026,0,0,0,0,0
26693,ECG,1805,8969,0,0,0,0,0
26693,ECG,1806,8912,0,0,0,0,0
26693,ECG,1807,8855,0,0,0,0,0
26698,ECG,1808,8799,0,0,0,0,0
26698,ECG,1809,8744,0,0,0,0,0
26703,ECG,1810,8688,0,0,0,0,0
26703,ECG,1811,8633,0,0,0,0,0
26703,ECG,1812,8578,0,0,0,0,0
26708,ECG,1813,8524,0,0,0,0,0
26708,ECG,1814,8470,0,0,0,0,0
26713,ECG,1815,8416,0,0,0,0,0
26713,ECG,1816,8363,0,0,0,0,0
26713,ECG,1817,8310,0,0,0,0,0
26718,ECG,1818,8257,0,0,0,0,0
26718,ECG,1819,8205,0,0,0,0,0
26719,ECG,1820,8153,0,0,0,0,0
26723,ECG,1821,8101,0,0,0,0,0
26723,ECG,1822,8050,0,0,0,0,0
26728,ECG,1823,7999,0,0,0,0,0
26728,ECG,1824,7948,0,0,0,0,0
26733,ECG,1825,7848,0,0,0,0,0
26733,ECG,1826,7798,0,0,0,0,0
26738,ECG,1827,7749,0,0,0,0,0
26738,ECG,1828,7699,0,0,0,0,0
26738,ECG,1829,7651,0,0,0,0,0
26743,ECG,1830,7602,0,0,0,0,0
26743,ECG,1831,7554,0,0,0,0,0
26748,ECG,1832,7506,0,0,0,0,0
26748,ECG,1833,7458,0,0,0,0,0
26748,ECG,1834,7411,0,0,0,0,0
26753,ECG,1835,7364,0,0,0,0,0
26753,ECG,1836,7317,0,0,0,0,0
26758,ECG,1837,7224,0,0,0,0,0
26758,ECG,1838,7178,0,0,0,0,0
26763,ECG,1839,7133,0,0,0,0,0
26763,ECG,1840,7088,0,0,0,0,0
26768,ECG,1841,6998,0,0,0,0,0
26768,ECG,1842,6953,0,0,0,0,0
26773,ECG,1843,6909,0,0,0,0,0
26773,ECG,1844,6865,0,0,0,0,0
26773,ECG,1845,6821,0,0,0,0,0
26778,ECG,1846,6778,0,0,0,0,0
26778,ECG,1847,6735,0,0,0,0,0
26783,ECG,1848,6692,0,0,0,0,0
26783,ECG,1849,6650,0,0,0,0,0
26783,ECG,1850,6608,0,0,0,0,0
26788,ECG,1851,6566,0,0,0,0,0
26788,ECG,1852,6524,0,0,0,0,0
26793,ECG,1853,6482,0,0,0,0,0
26793,ECG,1854,6441,0,0,0,0,0
26793,ECG,1855,6400,0,0,0,0,0
26798,ECG,1856,6359,0,0,0,0,0
26798,ECG,1857,6319,0,0,0,0,0
26803,ECG,1858,6239,0,0,0,0,0
26803,ECG,1859,6199,0,0,0,0,0
26808,ECG,1860,6159,0,0,0,0,0
26808,ECG,1861,6120,0,0,0,0,0
26813,ECG,1862,6042,0,0,0,0,0
26813,ECG,1863,6004,0,0,0,0,0
26818,ECG,1864,5966,0,0,0,0,0
26818,ECG,1865,5928,0,0,0,0,0
26818,ECG,1866,5890,0,0,0,0,0
26823,ECG,1867,5852,0,0,0,0,0
26823,ECG,1868,5815,0,0,0,0,0
26828,ECG,1869,5778,0,0,0,0,0
26828,ECG,1870,5741,0,0,0,0,0
26828,ECG,1871,5705,0,0,0,0,0
26833,ECG,1872,5669,0,0,0,0,0
26833,ECG,1873,5632,0,0,0,0,0
26838,ECG,1874,5561,0,0,0,0,0
26838,ECG,1875,5525,0,0,0,0,0
26843,ECG,1876,5490,0,0,0,0,0
26843,ECG,1877,5455,0,0,0,0,0
26844,ECG,1878,5420,0,0,0,0,0
26848,ECG,1879,5386,0,0,0,0,0
26848,ECG,1880,5351,0,0,0,0,0
26853,ECG,1881,5317,0,0,0,0,0
26853,ECG,1882,5283,0,0,0,0,0
26853,ECG,1883,5249,0,0,0,0,0
26858,ECG,1884,5216,0,0,0,0,0
26858,ECG,1885,5183,0,0,0,0,0
26863,ECG,1886,5150,0,0,0,0,0
26863,ECG,1887,5117,0,0,0,0,0
26863,ECG,1888,5084,0,0,0,0,0
26868,ECG,1889,5051,0,0,0,0,0
26868,ECG,1890,5019,0,0,0,0,0
26873,ECG,1891,4987,0,0,0,0,0
26873,ECG,1892,4955,0,0,0,0,0
26873,ECG,1893,4924,0,0,0,0,0
26878,ECG,1894,4892,0,0,0,0,0
26878,ECG,1895,4861,0,0,0,0,0
26883,ECG,1896,4799,0,0,0,0,0
26883,ECG,1897,4768,0,0,0,0,0
26888,ECG,1898,4738,0,0,0,0,0
26888,ECG,1899,4707,0,0,0,0,0
26893,ECG,1900,4647,0,0,0,0,0
26893,ECG,1901,4618,0,0,0,0,0
26898,ECG,1902,4588,0,0,0,0,0
26898,ECG,1903,4559,0,0,0,0,0
26898,ECG,1904,4530,0,0,0,0,0
26903,ECG,1905,4501,0,0,0,0,0
26903,ECG,1906,4472,0,0,0,0,0
26908,ECG,1907,4443,0,0,0,0,0
26908,ECG,1908,4415,0,0,0,0,0
26908,ECG,1909,4386,0,0,0,0,0
26913,ECG,1910,4358,0,0,0,0,0
26913,ECG,1911,4330,0,0,0,0,0
26918,ECG,1912,4275,0,0,0,0,0
26918,ECG,1913,4248,0,0,0,0,0
26923,ECG,1914,4220,0,0,0,0,0
26923,ECG,1915,4193,0,0,0,0,0
26924,ECG,1916,4166,0,0,0,0,0
26928,ECG,1917,4140,0,0,0,0,0
26928,ECG,1918,4113,0,0,0,0,0
26933,ECG,1919,4087,0,0,0,0,0
26933,ECG,1920,4060,0,0,0,0,0
26933,ECG,1921,4034,0,0,0,0,0
26938,ECG,1922,4008,0,0,0,0,0
26938,ECG,1923,3983,0,0,0,0,0
26943,ECG,1924,3957,0,0,0,0,0
26943,ECG,1925,3932,0,0,0,0,0
26943,ECG,1926,3906,0,0,0,0,0
26948,ECG,1927,3881,0,0,0,0,0
26948,ECG,1928,3856,0,0,0,0,0
26953,ECG,1929,3832,0,0,0,0,0
26953,ECG,1930,3807,0,0,0,0,0
26953,ECG,1931,3782,0,0,0,0,0
26958,ECG,1932,3758,0,0,0,0,0
26958,ECG,1933,3734,0,0,0,0,0
26963,ECG,1934,3686,0,0,0,0,0
26963,ECG,1935,3662,0,0,0,0,0
26968,ECG,1936,3639,0,0,0,0,0
26968,ECG,1937,3615,0,0,0,0,0
26973,ECG,1938,3569,0,0,0,0,0
26973,ECG,1939,3546,0,0,0,0,0
26978,ECG,1940,3523,0,0,0,0,0
26978,ECG,1941,3500,0,0,0,0,0
26978,ECG,1942,3478,0,0,0,0,0
26983,ECG,1943,3455,0,0,0,0,0
26983,ECG,1944,3433,0,0,0,0,0
26988,ECG,1945,3411,0,0,0,0,0
26988,ECG,1946,3389,0,0,0,0,0
26988,ECG,1947,3367,0,0,0,0,0
26993,ECG,1948,3345,0,0,0,0,0
26993,ECG,1949,3324,0,0,0,0,0
26998,ECG,1950,3302,0,0,0,0,0
26998,ECG,1951,3281,0,0,0,0,0
26998,ECG,1952,3260,0,0,0,0,0
27003,ECG,1953,3239,0,0,0,0,0
27003,ECG,1954,3218,0,0,0,0,0
27004,ECG,1955,3197,0,0,0,0,0
27008,ECG,1956,3176,0,0,0,0,0
27008,ECG,1957,3156,0,0,0,0,0
27013,ECG,1958,3135,0,0,0,0,0
27013,ECG,1959,3115,0,0,0,0,0
27018,ECG,1960,3075,0,0,0,0,0
27018,ECG,1961,3055,0,0,0,0,0
27023,ECG,1962,3035,0,0,0,0,0
27023,ECG,1963,3015,0,0,0,0,0
27023,ECG,1964,2996,0,0,0,0,0
27028,ECG,1965,2976,0,0,0,0,0
27028,ECG,1966,2957,0,0,0,0,0
27033,ECG,1967,2938,0,0,0,0,0
27033,ECG,1968,2919,0,0,0,0,0
27033,ECG,1969,2900,0,0,0,0,0
27038,ECG,1970,2881,0,0,0,0,0
27038,ECG,1971,2862,0,0,0,0,0
27043,ECG,1972,2825,0,0,0,0,0
27043,ECG,1973,2807,0,0,0,0,0
27048,ECG,1974,2789,0,0,0,0,0
27048,ECG,1975,2771,0,0,0,0,0
27053,ECG,1976,2735,0,0,0,0,0
27053,ECG,1977,2717,0,0,0,0,0
27058,ECG,1978,2700,0,0,0,0,0
27058,ECG,1979,2682,0,0,0,0,0
27058,ECG,1980,2665,0,0,0,0,0
27063,ECG,1981,2647,0,0,0,0,0
27063,ECG,1982,2630,0,0,0,0,0
27068,ECG,1983,2613,0,0,0,0,0
27068,ECG,1984,2596,0,0,0,0,0
27068,ECG,1985,2579,0,0,0,0,0
27073,ECG,1986,2562,0,0,0,0,0
27073,ECG,1987,2546,0,0,0,0,0
27078,ECG,1988,2529,0,0,0,0,0
27078,ECG,1989,2513,0,0,0,0,0
27078,ECG,1990,2496,0,0,0,0,0
27083,ECG,1991,2480,0,0,0,0,0
27083,ECG,1992,2464,0,0,0,0,0
27088,ECG,1993,2432,0,0,0,0,0
27088,ECG,1994,2416,0,0,0,0,0
27093,ECG,1995,2400,0,0,0,0,0
27093,ECG,1996,2385,0,0,0,0,0
27098,ECG,1997,2354,0,0,0,0,0
27098,ECG,1998,2338,0,0,0,0,0
27103,ECG,1999,2323,0,0,0,0,0
27103,ECG,2000,2308,0,0,0,0,0
27103,ECG,2001,2293,0,0,0,0,0
27108,ECG,2002,2278,0,0,0,0,0
27108,ECG,2003,2263,0,0,0,0,0
27113,ECG,2004,2248,0,0,0,0,0
27113,ECG,2005,2233,0,0,0,0,0
27113,ECG,2006,2219,0,0,0,0,0
27118,ECG,2007,2204,0,0,0,0,0
27118,ECG,2008,2190,0,0,0,0,0
27123,ECG,2009,2161,0,0,0,0,0
27123,ECG,2010,2147,0,0,0,0,0
27128,ECG,2011,2133,0,0,0,0,0
27128,ECG,2012,2119,0,0,0,0,0
27133,ECG,2013,2091,0,0,0,0,0
27133,ECG,2014,2078,0,0,0,0,0
27138,ECG,2015,2064,0,0,0,0,0
27138,ECG,2016,2050,0,0,0,0,0
27138,ECG,2017,2037,0,0,0,0,0
27143,ECG,2018,2023,0,0,0,0,0
27143,ECG,2019,2010,0,0,0,0,0
27148,ECG,2020,1997,0,0,0,0,0
27148,ECG,2021,1984,0,0,0,0,0
27148,ECG,2022,1971,0,0,0,0,0
27153,ECG,2023,1958,0,0,0,0,0
27153,ECG,2024,1945,0,0,0,0,0
27158,ECG,2025,1932,0,0,0,0,0
27158,ECG,2026,1919,0,0,0,0,0
27158,ECG,2027,1906,0,0,0,0,0
27163,ECG,2028,1894,0,0,0,0,0
27163,ECG,2029,1881,0,0,0,0,0
27168,ECG,2030,1857,0,0,0,0,0
27168,ECG,2031,1844,0,0,0,0,0
27173,ECG,2032,1832,0,0,0,0,0
27173,ECG,2033,1820,0,0,0,0,0
27178,ECG,2034,1796,0,0,0,0,0
27178,ECG,2035,1784,0,0,0,0,0
27183,ECG,2036,1772,0,0,0,0,0
27183,ECG,2037,1761,0,0,0,0,0
27183,ECG,2038,1749,0,0,0,0,0
27188,ECG,2039,1737,0,0,0,0,0
27188,ECG,2040,1726,0,0,0,0,0
27193,ECG,2041,1714,0,0,0,0,0
27193,ECG,2042,1703,0,0,0,0,0
27193,ECG,2043,1692,0,0,0,0,0
27198,ECG,2044,1681,0,0,0,0,0
27198,ECG,2045,1669,0,0,0,0,0
27203,ECG,2046,1647,0,0,0,0,0
27203,ECG,2047,1636,0,0,0,0,0
26870,IMU,416,1208,-256,8424,-85,61,53
26889,IMU,417,1144,-264,8364,-89,49,44
26908,IMU,418,1164,-220,8432,-101,60,45
26928,IMU,419,1124,-236,8436,-105,71,55
26947,IMU,420,1208,-244,8436,-98,58,69
26966,IMU,421,1108,-296,8360,-107,56,45
26985,IMU,422,1144,-260,8392,-102,54,45
27004,IMU,423,1104,-204,8416,-82,78,46
27023,IMU,424,1184,-296,8452,-86,64,47
27042,IMU,425,1216,-328,8404,-109,57,39
27061,IMU,426,1176,-232,8356,-102,61,50
27081,IMU,427,1188,-260,8416,-94,47,45
27103,IMU,428,1188,-288,8464,-79,74,28
27120,IMU,429,1200,-248,8444,-79,71,46
27138,IMU,430,1152,-204,8396,-90,67,39
27157,IMU,431,1228,-228,8344,-106,53,51
27176,IMU,432,1132,-264,8296,-77,54,50
27196,IMU,433,1196,-272,8408,-91,37,55
27216,IMU,434,1108,-148,8412,-99,50,36
27234,IMU,435,1148,-240,8500,-105,46,50
27253,IMU,436,1168,-252,8440,-96,51,61
27272,IMU,437,1200,-156,8428,-82,57,53
27294,IMU,438,1092,-184,8504,-105,65,40
27311,IMU,439,1076,-364,8380,-87,66,54
27330,IMU,440,1156,-284,8564,-94,74,44
27349,IMU,441,1016,-232,8416,-99,59,58
27368,IMU,442,1132,-288,8420,-88,59,61
27387,IMU,443,1184,-280,8384,-105,63,59
27406,IMU,444,1152,-240,8468,-96,55,45
27425,IMU,445,1068,-308,8452,-84,62,43
27444,IMU,446,1192,-316,8484,-94,64,40
27464,IMU,447,1172,-436,8336,-102,69,50
27483,IMU,448,1204,-156,8380,-87,57,46
27502,IMU,449,1216,-188,8420,-99,69,48
27521,IMU,450,1292,-140,8516,-104,56,34
27540,IMU,451,1176,-264,8372,-79,60,49
27559,IMU,452,1132,-176,8348,-77,62,34
27582,IMU,453,1208,-252,8440,-90,60,44
27598,IMU,454,1200,-184,8476,-82,53,29
27618,IMU,455,1116,-216,8388,-94,50,31
27636,IMU,456,1172,-224,8432,-88,62,44
27655,IMU,457,1180,-196,8444,-86,59,30
27674,IMU,458,1132,-256,8416,-102,66,36
27693,IMU,459,1068,-224,8424,-101,51,53
27713,IMU,460,1184,-268,8392,-99,61,45
27732,IMU,461,1088,-216,8424,-97,79,51
27751,IMU,462,1208,-340,8424,-81,67,31
27770,IMU,463,1092,-252,8424,-95,73,40
27789,IMU,464,1208,-188,8456,-96,68,60
27808,IMU,465,1120,-300,8388,-78,50,47
27828,IMU,466,1136,-168,8308,-99,68,63
27847,IMU,467,1096,-256,8400,-99,47,46
27866,IMU,468,1204,-276,8352,-86,63,42
27885,IMU,469,1080,-252,8376,-76,75,42
27904,IMU,470,1240,-280,8444,-88,45,43
27923,IMU,471,1184,-272,8420,-86,64,43
27943,IMU,472,1160,-240,8512,-94,73,55
27962,IMU,473,1104,-348,8356,-85,49,49
27981,IMU,474,1136,-240,8400,-87,57,41
28000,IMU,475,1232,-244,8312,-101,51,46
28019,IMU,476,1092,-276,8480,-104,67,36
28038,IMU,477,1204,-300,8492,-90,40,38
28060,IMU,478,1164,-224,8444,-89,52,48
28078,IMU,479,1164,-208,8412,-82,52,46
28096,IMU,480,1164,-332,8432,-98,44,40
28115,IMU,481,1140,-276,8348,-88,71,54
28134,IMU,482,1172,-196,8364,-101,65,39
28153,IMU,483,1096,-260,8472,-93,64,49
28172,IMU,484,1172,-240,8360,-89,55,43
28192,IMU,485,1076,-360,8520,-93,66,43
28211,IMU,486,1168,-228,8448,-94,55,40
28230,IMU,487,1140,-296,8424,-75,51,63
28249,IMU,488,1192,-196,8372,-90,56,42
28268,IMU,489,1128,-296,8452,-73,40,42
28287,IMU,490,1156,-320,8372,-83,64,34
28307,IMU,491,1216,-340,8452,-82,62,37
28327,IMU,492,1068,-104,8404,-95,62,58
28345,IMU,493,1168,-184,8372,-88,64,36
28364,IMU,494,1204,-208,8416,-82,47,39
28383,IMU,495,1216,-204,8360,-92,70,43
28403,IMU,496,1196,-212,8380,-76,56,36
28422,IMU,497,1124,-248,8408,-98,67,56
28441,IMU,498,1252,-252,8316,-79,66,47
28460,IMU,499,1064,-268,8420,-86,56,48
28479,IMU,500,1180,-228,8412,-84,50,40
28498,IMU,501,1068,-204,8480,-93,62,33
28518,IMU,502,1192,-244,8400,-87,42,34
28538,IMU,503,1264,-224,8480,-98,54,52
28558,IMU,504,1056,-256,8448,-102,66,50
28575,IMU,505,1284,-256,8420,-89,80,34
28595,IMU,506,1196,-344,8420,-95,46,49
28613,IMU,507,1232,-244,8460,-93,73,48
28633,IMU,508,1128,-228,8488,-90,68,40
28652,IMU,509,1084,-180,8444,-106,59,17
28671,IMU,510,1232,-188,8360,-80,69,56
28690,IMU,511,1180,-220,8456,-94,52,42
28709,IMU,512,1160,-264,8400,-96,63,34
28728,IMU,513,1180,-256,8416,-87,75,34
28748,IMU,514,1240,-388,8396,-89,70,51
28767,IMU,515,1128,-236,8416,-81,54,57
28786,IMU,516,1268,-244,8352,-80,54,50
28805,IMU,517,1212,-220,8432,-94,68,55
28824,IMU,518,1152,-284,8448,-92,71,33
28843,IMU,519,1096,-248,8456,-77,56,44
28863,IMU,520,1220,-248,8440,-81,65,66
28882,IMU,521,1192,-308,8356,-96,55,37
28901,IMU,522,1184,-232,8408,-79,74,44
28920,IMU,523,1124,-208,8388,-82,46,69
28939,IMU,524,1140,-320,8392,-86,52,50
28959,IMU,525,1260,-224,8496,-86,64,50
28978,IMU,526,1168,-120,8336,-91,44,46
28997,IMU,527,1132,-284,8540,-110,58,43
29016,IMU,528,1196,-180,8524,-80,40,40
29036,IMU,529,1144,-208,8428,-73,49,55
29054,IMU,530,1256,-220,8360,-81,65,46
29073,IMU,531,1160,-212,8384,-81,58,64
29093,IMU,532,1184,-244,8472,-92,52,30
29112,IMU,533,1180,-376,8428,-84,55,43
29131,IMU,534,1260,-260,8488,-95,61,39
29150,IMU,535,1068,-276,8384,-93,48,63
29169,IMU,536,1168,-140,8484,-99,54,41
29188,IMU,537,1136,-204,8336,-74,67,39
29207,IMU,538,1164,-208,8392,-94,61,54
29227,IMU,539,1140,-180,8436,-100,50,50
29246,IMU,540,1152,-372,8396,-74,41,49
29264,IMU,541,1092,-248,8452,-87,57,37
29284,IMU,542,1252,-216,8436,-92,59,40
29303,IMU,543,1192,-236,8332,-84,54,44
29323,IMU,544,1184,-192,8440,-84,64,49
29341,IMU,545,1228,-316,8472,-93,50,46
29362,IMU,546,1108,-144,8444,-91,57,41
29379,IMU,547,1216,-264,8500,-78,60,34
29399,IMU,548,1208,-236,8492,-96,61,51
29418,IMU,549,1168,-244,8436,-73,69,30
29437,IMU,550,1204,-132,8352,-88,57,40
29456,IMU,551,1112,-216,8368,-98,59,35
29475,IMU,552,1156,-264,8324,-91,65,41
29494,IMU,553,1220,-132,8472,-89,59,30
29516,IMU,554,1208,-304,8436,-104,67,47
29533,IMU,555,1092,-336,8400,-95,63,34
29552,IMU,556,1168,-224,8380,-95,61,31
29571,IMU,557,1076,-252,8392,-93,47,55
29590,IMU,558,1128,-292,8444,-90,64,42
29609,IMU,559,1224,-184,8404,-90,55,43
29629,IMU,560,1324,-252,8416,-92,69,48
29648,IMU,561,1148,-380,8444,-84,67,29
29667,IMU,562,1216,-348,8424,-87,57,57
29686,IMU,563,1172,-192,8444,-87,46,37
29705,IMU,564,1236,-168,8456,-93,54,66
29724,IMU,565,1176,-216,8380,-78,67,41
29743,IMU,566,1100,-268,8372,-85,57,32
29763,IMU,567,1148,-348,8424,-77,61,47
29782,IMU,568,1148,-288,8444,-90,70,52
29801,IMU,569,1228,-236,8536,-79,62,41
29820,IMU,570,1168,-252,8512,-90,63,49
29839,IMU,571,1128,-204,8412,-101,52,37
29858,IMU,572,1200,-204,8476,-94,50,36
29878,IMU,573,1196,-252,8464,-92,40,37
29897,IMU,574,1236,-212,8480,-92,69,46
29918,IMU,575,1224,-248,8416,-80,52,45
29935,IMU,576,1244,-332,8396,-94,59,40
29954,IMU,577,1132,-300,8440,-95,73,34
29973,IMU,578,1200,-308,8540,-94,48,45
29994,IMU,579,1092,-296,8428,-95,61,60
30012,IMU,580,1272,-288,8436,-93,52,36
30031,IMU,581,1092,-208,8436,-90,67,53
30050,IMU,582,1152,-248,8412,-92,58,46
30069,IMU,583,1160,-216,8448,-92,56,40
30088,IMU,584,1064,-184,8340,-94,74,39
30107,IMU,585,1212,-228,8416,-89,54,49
30127,IMU,586,1036,-356,8448,-82,61,40
30146,IMU,587,1108,-292,8420,-79,68,44
30165,IMU,588,1280,-260,8412,-101,48,34
30184,IMU,589,1124,-84,8464,-84,61,41
30203,IMU,590,1132,-180,8400,-93,61,42
30222,IMU,591,1184,-280,8428,-102,45,35
30242,IMU,592,1048,-264,8412,-94,61,68
30261,IMU,593,1168,-272,8432,-85,61,34
30280,IMU,594,1148,-280,8416,-98,60,26
30299,IMU,595,1284,-312,8336,-82,51,50
30318,IMU,596,1212,-268,8388,-78,59,37
30337,IMU,597,1264,-308,8408,-86,59,45
30357,IMU,598,1224,-276,8340,-90,56,39
30376,IMU,599,1172,-288,8512,-73,63,43
30395,IMU,600,1148,-312,8368,-84,69,39
30415,IMU,601,1152,-228,8384,-100,67,39
30434,IMU,602,1228,-236,8308,-83,49,42
30453,IMU,603,1228,-232,8552,-85,56,33
30473,IMU,604,1204,-204,8484,-98,78,56
30491,IMU,605,1136,-216,8476,-80,75,45
30510,IMU,606,1228,-244,8468,-108,64,63
30529,IMU,607,1072,-288,8356,-88,58,35
30548,IMU,608,1208,-272,8452,-92,71,36
30568,IMU,609,1028,-272,8452,-92,60,37
30586,IMU,610,1144,-204,8408,-82,61,51
30606,IMU,611,1096,-312,8528,-100,37,47
30625,IMU,612,1120,-272,8396,-93,60,39
30644,IMU,613,1188,-264,8400,-76,57,47
30663,IMU,614,1240,-280,8424,-83,62,37
30683,IMU,615,1180,-280,8452,-89,48,33
30701,IMU,616,1184,-288,8344,-91,52,52
30721,IMU,617,1224,-248,8404,-104,62,41
30740,IMU,618,1128,-308,8564,-100,63,41
30759,IMU,619,1068,-236,8372,-115,60,41
30778,IMU,620,1180,-232,8400,-98,37,47
30798,IMU,621,1108,-300,8396,-83,54,42
30816,IMU,622,1196,-128,8296,-103,37,48
30836,IMU,623,1256,-200,8400,-83,38,28
27208,ECG,2048,1625,0,0,0,0,0
27208,ECG,2049,1615,0,0,0,0,0
27209,ECG,2050,1604,0,0,0,0,0
27213,ECG,2051,1593,0,0,0,0,0
27213,ECG,2052,1583,0,0,0,0,0
27218,ECG,2053,1572,0,0,0,0,0
27218,ECG,2054,1562,0,0,0,0,0
27218,ECG,2055,1551,0,0,0,0,0
27223,ECG,2056,1541,0,0,0,0,0
27223,ECG,2057,1531,0,0,0,0,0
27228,ECG,2058,1520,0,0,0,0,0
27228,ECG,2059,1510,0,0,0,0,0
27228,ECG,2060,1500,0,0,0,0,0
27233,ECG,2061,1490,0,0,0,0,0
27233,ECG,2062,1480,0,0,0,0,0
27238,ECG,2063,1470,0,0,0,0,0
27238,ECG,2064,1460,0,0,0,0,0
27238,ECG,2065,1451,0,0,0,0,0
27243,ECG,2066,1441,0,0,0,0,0
27243,ECG,2067,1431,0,0,0,0,0
27248,ECG,2068,1412,0,0,0,0,0
27248,ECG,2069,1403,0,0,0,0,0
27253,ECG,2070,1393,0,0,0,0,0
27253,ECG,2071,1384,0,0,0,0,0
27258,ECG,2072,1365,0,0,0,0,0
27258,ECG,2073,1356,0,0,0,0,0
27263,ECG,2074,1347,0,0,0,0,0
27263,ECG,2075,1338,0,0,0,0,0
27263,ECG,2076,1329,0,0,0,0,0
27268,ECG,2077,1320,0,0,0,0,0
27268,ECG,2078,1311,0,0,0,0,0
27273,ECG,2079,1302,0,0,0,0,0
27273,ECG,2080,1294,0,0,0,0,0
27273,ECG,2081,1285,0,0,0,0,0
27278,ECG,2082,1276,0,0,0,0,0
27278,ECG,2083,1268,0,0,0,0,0
27283,ECG,2084,1259,0,0,0,0,0
27283,ECG,2085,1251,0,0,0,0,0
27283,ECG,2086,1242,0,0,0,0,0
27288,ECG,2087,1234,0,0,0,0,0
27288,ECG,2088,1225,0,0,0,0,0
27289,ECG,2089,1217,0,0,0,0,0
27293,ECG,2090,1209,0,0,0,0,0
27293,ECG,2091,1201,0,0,0,0,0
27298,ECG,2092,1192,0,0,0,0,0
27298,ECG,2093,1184,0,0,0,0,0
27303,ECG,2094,1168,0,0,0,0,0
27303,ECG,2095,1160,0,0,0,0,0
27308,ECG,2096,1152,0,0,0,0,0
27308,ECG,2097,1145,0,0,0,0,0
27308,ECG,2098,1137,0,0,0,0,0
27313,ECG,2099,1129,0,0,0,0,0
27313,ECG,2100,1121,0,0,0,0,0
27318,ECG,2101,1114,0,0,0,0,0
27318,ECG,2102,1106,0,0,0,0,0
27318,ECG,2103,1099,0,0,0,0,0
27323,ECG,2104,1091,0,0,0,0,0
27323,ECG,2105,1084,0,0,0,0,0
27328,ECG,2106,1069,0,0,0,0,0
27328,ECG,2107,1062,0,0,0,0,0
28335,ECG,2108,0,0,0,0,0,0
28335,ECG,2109,-1,0,0,0,0,0
28335,ECG,2110,-6,0,0,0,0,0
28340,ECG,2111,2,0,0,0,0,0
28340,ECG,2112,6,0,0,0,0,0
28345,ECG,2113,38,0,0,0,0,0
28345,ECG,2114,-16,0,0,0,0,0
28350,ECG,2115,-26,0,0,0,0,0
28350,ECG,2116,151,0,0,0,0,0
28355,ECG,2117,-2109,0,0,0,0,0
28355,ECG,2118,-1850,0,0,0,0,0
28360,ECG,2119,-36,0,0,0,0,0
28360,ECG,2120,3394,0,0,0,0,0
28360,ECG,2121,8729,0,0,0,0,0
28365,ECG,2122,15156,0,0,0,0,0
28365,ECG,2123,21689,0,0,0,0,0
28370,ECG,2124,27397,0,0,0,0,0
28370,ECG,2125,31311,0,0,0,0,0
28370,ECG,2126,32011,0,0,0,0,0
28375,ECG,2127,31810,0,0,0,0,0
28375,ECG,2128,31610,0,0,0,0,0
28380,ECG,2129,31343,0,0,0,0,0
28380,ECG,2130,31109,0,0,0,0,0
28380,ECG,2131,31019,0,0,0,0,0
28385,ECG,2132,30731,0,0,0,0,0
28385,ECG,2133,30591,0,0,0,0,0
28386,ECG,2134,30395,0,0,0,0,0
28390,ECG,2135,30195,0,0,0,0,0
28390,ECG,2136,30019,0,0,0,0,0
28395,ECG,2137,29827,0,0,0,0,0
28395,ECG,2138,29638,0,0,0,0,0
28395,ECG,2139,29451,0,0,0,0,0
28400,ECG,2140,29266,0,0,0,0,0
28400,ECG,2141,29082,0,0,0,0,0
28405,ECG,2142,28900,0,0,0,0,0
28405,ECG,2143,28718,0,0,0,0,0
28405,ECG,2144,28537,0,0,0,0,0
28410,ECG,2145,28358,0,0,0,0,0
28410,ECG,2146,28180,0,0,0,0,0
28415,ECG,2147,28002,0,0,0,0,0
28415,ECG,2148,27826,0,0,0,0,0
28415,ECG,2149,27651,0,0,0,0,0
28420,ECG,2150,27478,0,0,0,0,0
28420,ECG,2151,27305,0,0,0,0,0
28425,ECG,2152,26963,0,0,0,0,0
28425,ECG,2153,26793,0,0,0,0,0
28430,ECG,2154,26625,0,0,0,0,0
28430,ECG,2155,26457,0,0,0,0,0
28435,ECG,2156,26126,0,0,0,0,0
28435,ECG,2157,25961,0,0,0,0,0
28440,ECG,2158,25798,0,0,0,0,0
28440,ECG,2159,25636,0,0,0,0,0
28440,ECG,2160,25475,0,0,0,0,0
28445,ECG,2161,25314,0,0,0,0,0
28445,ECG,2162,25155,0,0,0,0,0
28450,ECG,2163,24997,0,0,0,0,0
28450,ECG,2164,24840,0,0,0,0,0
28450,ECG,2165,24683,0,0,0,0,0
28455,ECG,2166,24528,0,0,0,0,0
28455,ECG,2167,24374,0,0,0,0,0
28460,ECG,2168,24221,0,0,0,0,0
28460,ECG,2169,24068,0,0,0,0,0
28460,ECG,2170,23917,0,0,0,0,0
28465,ECG,2171,23766,0,0,0,0,0
28465,ECG,2172,23617,0,0,0,0,0
28466,ECG,2173,23468,0,0,0,0,0
28470,ECG,2174,23321,0,0,0,0,0
28470,ECG,2175,23174,0,0,0,0,0
28475,ECG,2176,23028,0,0,0,0,0
28475,ECG,2177,22883,0,0,0,0,0
28480,ECG,2178,22596,0,0,0,0,0
28480,ECG,2179,22454,0,0,0,0,0
28485,ECG,2180,22313,0,0,0,0,0
28485,ECG,2181,22172,0,0,0,0,0
28485,ECG,2182,22033,0,0,0,0,0
28490,ECG,2183,21894,0,0,0,0,0
28490,ECG,2184,21756,0,0,0,0,0
28495,ECG,2185,21619,0,0,0,0,0
28495,ECG,2186,21483,0,0,0,0,0
28495,ECG,2187,21348,0,0,0,0,0
28500,ECG,2188,21214,0,0,0,0,0
28500,ECG,2189,21080,0,0,0,0,0
28505,ECG,2190,20816,0,0,0,0,0
28505,ECG,2191,20685,0,0,0,0,0
28510,ECG,2192,20555,0,0,0,0,0
28510,ECG,2193,20425,0,0,0,0,0
28515,ECG,2194,20169,0,0,0,0,0
28515,ECG,2195,20042,0,0,0,0,0
28520,ECG,2196,19916,0,0,0,0,0
28520,ECG,2197,19790,0,0,0,0,0
28520,ECG,2198,19666,0,0,0,0,0
28525,ECG,2199,19542,0,0,0,0,0
28525,ECG,2200,19419,0,0,0,0,0
28530,ECG,2201,19297,0,0,0,0,0
28530,ECG,2202,19175,0,0,0,0,0
28530,ECG,2203,19055,0,0,0,0,0
28535,ECG,2204,18935,0,0,0,0,0
28535,ECG,2205,18815,0,0,0,0,0
28540,ECG,2206,18697,0,0,0,0,0
28540,ECG,2207,18579,0,0,0,0,0
28540,ECG,2208,18462,0,0,0,0,0
28545,ECG,2209,18346,0,0,0,0,0
28545,ECG,2210,18230,0,0,0,0,0
28550,ECG,2211,18002,0,0,0,0,0
28550,ECG,2212,17888,0,0,0,0,0
28555,ECG,2213,17775,0,0,0,0,0
28555,ECG,2214,17663,0,0,0,0,0
28560,ECG,2215,17442,0,0,0,0,0
28560,ECG,2216,17332,0,0,0,0,0
28565,ECG,2217,17222,0,0,0,0,0
28565,ECG,2218,17114,0,0,0,0,0
28565,ECG,2219,17006,0,0,0,0,0
28570,ECG,2220,16899,0,0,0,0,0
28570,ECG,2221,16792,0,0,0,0,0
28575,ECG,2222,16687,0,0,0,0,0
28575,ECG,2223,16581,0,0,0,0,0
28575,ECG,2224,16477,0,0,0,0,0
28580,ECG,2225,16373,0,0,0,0,0
28580,ECG,2226,16270,0,0,0,0,0
28585,ECG,2227,16065,0,0,0,0,0
28585,ECG,2228,15964,0,0,0,0,0
28590,ECG,2229,15864,0,0,0,0,0
28590,ECG,2230,15764,0,0,0,0,0
28591,ECG,2231,15664,0,0,0,0,0
28595,ECG,2232,15566,0,0,0,0,0
28595,ECG,2233,15467,0,0,0,0,0
28600,ECG,2234,15370,0,0,0,0,0
28600,ECG,2235,15273,0,0,0,0,0
28600,ECG,2236,15177,0,0,0,0,0
28605,ECG,2237,15081,0,0,0,0,0
28605,ECG,2238,14986,0,0,0,0,0
28610,ECG,2239,14891,0,0,0,0,0
28610,ECG,2240,14797,0,0,0,0,0
28610,ECG,2241,14704,0,0,0,0,0
28615,ECG,2242,14611,0,0,0,0,0
28615,ECG,2243,14519,0,0,0,0,0
28620,ECG,2244,14428,0,0,0,0,0
28620,ECG,2245,14337,0,0,0,0,0
28620,ECG,2246,14246,0,0,0,0,0
28625,ECG,2247,14156,0,0,0,0,0
28625,ECG,2248,14067,0,0,0,0,0
28630,ECG,2249,13890,0,0,0,0,0
28630,ECG,2250,13802,0,0,0,0,0
28635,ECG,2251,13715,0,0,0,0,0
28635,ECG,2252,13629,0,0,0,0,0
28640,ECG,2253,13457,0,0,0,0,0
28640,ECG,2254,13372,0,0,0,0,0
28645,ECG,2255,13288,0,0,0,0,0
28645,ECG,2256,13204,0,0,0,0,0
28645,ECG,2257,13121,0,0,0,0,0
28650,ECG,2258,13038,0,0,0,0,0
28650,ECG,2259,12956,0,0,0,0,0
28655,ECG,2260,12874,0,0,0,0,0
28655,ECG,2261,12793,0,0,0,0,0
28655,ECG,2262,12712,0,0,0,0,0
28660,ECG,2263,12632,0,0,0,0,0
28660,ECG,2264,12552,0,0,0,0,0
28665,ECG,2265,12473,0,0,0,0,0
28665,ECG,2266,12394,0,0,0,0,0
28665,ECG,2267,12316,0,0,0,0,0
28670,ECG,2268,12238,0,0,0,0,0
28670,ECG,2269,12161,0,0,0,0,0
28671,ECG,2270,12084,0,0,0,0,0
28675,ECG,2271,12008,0,0,0,0,0
28675,ECG,2272,11932,0,0,0,0,0
28680,ECG,2273,11857,0,0,0,0,0
28680,ECG,2274,11782,0,0,0,0,0
28680,ECG,2275,11707,0,0,0,0,0
28685,ECG,2276,11633,0,0,0,0,0
28685,ECG,2277,11560,0,0,0,0,0
28690,ECG,2278,11487,0,0,0,0,0
28690,ECG,2279,11414,0,0,0,0,0
28690,ECG,2280,11342,0,0,0,0,0
28695,ECG,2281,11271,0,0,0,0,0
28695,ECG,2282,11199,0,0,0,0,0
28700,ECG,2283,11129,0,0,0,0,0
28700,ECG,2284,11058,0,0,0,0,0
28700,ECG,2285,10988,0,0,0,0,0
28705,ECG,2286,10919,0,0,0,0,0
28705,ECG,2287,10850,0,0,0,0,0
28710,ECG,2288,10713,0,0,0,0,0
28710,ECG,2289,10645,0,0,0,0,0
28715,ECG,2290,10578,0,0,0,0,0
28715,ECG,2291,10511,0,0,0,0,0
28720,ECG,2292,10379,0,0,0,0,0
28720,ECG,2293,10313,0,0,0,0,0
28725,ECG,2294,10248,0,0,0,0,0
28725,ECG,2295,10183,0,0,0,0,0
28725,ECG,2296,10118,0,0,0,0,0
28730,ECG,2297,10054,0,0,0,0,0
28730,ECG,2298,9991,0,0,0,0,0
28735,ECG,2299,9928,0,0,0,0,0
28735,ECG,2300,9865,0,0,0,0,0
28735,ECG,2301,9802,0,0,0,0,0
28740,ECG,2302,9740,0,0,0,0,0
28740,ECG,2303,9679,0,0,0,0,0
28745,ECG,2304,9617,0,0,0,0,0
28745,ECG,2305,9557,0,0,0,0,0
28745,ECG,2306,9496,0,0,0,0,0
28750,ECG,2307,9436,0,0,0,0,0
28750,ECG,2308,9376,0,0,0,0,0
28751,ECG,2309,9317,0,0,0,0,0
28755,ECG,2310,9258,0,0,0,0,0
28755,ECG,2311,9200,0,0,0,0,0
28760,ECG,2312,9141,0,0,0,0,0
28760,ECG,2313,9083,0,0,0,0,0
28765,ECG,2314,8969,0,0,0,0,0
28765,ECG,2315,8912,0,0,0,0,0
28770,ECG,2316,8855,0,0,0,0,0
28770,ECG,2317,8799,0,0,0,0,0
28770,ECG,2318,8744,0,0,0,0,0
28775,ECG,2319,8688,0,0,0,0,0
28775,ECG,2320,8633,0,0,0,0,0
28780,ECG,2321,8578,0,0,0,0,0
28780,ECG,2322,8524,0,0,0,0,0
28780,ECG,2323,8470,0,0,0,0,0
28785,ECG,2324,8416,0,0,0,0,0
28785,ECG,2325,8363,0,0,0,0,0
28790,ECG,2326,8257,0,0,0,0,0
28790,ECG,2327,8205,0,0,0,0,0
28795,ECG,2328,8153,0,0,0,0,0
28795,ECG,2329,8101,0,0,0,0,0
28800,ECG,2330,7999,0,0,0,0,0
28800,ECG,2331,7948,0,0,0,0,0
28805,ECG,2332,7898,0,0,0,0,0
28805,ECG,2333,7848,0,0,0,0,0
28805,ECG,2334,7798,0,0,0,0,0
28810,ECG,2335,7749,0,0,0,0,0
28810,ECG,2336,7699,0,0,0,0,0
28815,ECG,2337,7651,0,0,0,0,0
28815,ECG,2338,7602,0,0,0,0,0
28815,ECG,2339,7554,0,0,0,0,0
28820,ECG,2340,7506,0,0,0,0,0
28820,ECG,2341,7458,0,0,0,0,0
28825,ECG,2342,7411,0,0,0,0,0
28825,ECG,2343,7364,0,0,0,0,0
28825,ECG,2344,7317,0,0,0,0,0
28830,ECG,2345,7271,0,0,0,0,0
28830,ECG,2346,7224,0,0,0,0,0
28835,ECG,2347,7133,0,0,0,0,0
28835,ECG,2348,7088,0,0,0,0,0
28840,ECG,2349,7043,0,0,0,0,0
28840,ECG,2350,6998,0,0,0,0,0
28845,ECG,2351,6909,0,0,0,0,0
28845,ECG,2352,6865,0,0,0,0,0
28850,ECG,2353,6821,0,0,0,0,0
28850,ECG,2354,6778,0,0,0,0,0
28850,ECG,2355,6735,0,0,0,0,0
28855,ECG,2356,6692,0,0,0,0,0
28855,ECG,2357,6650,0,0,0,0,0
28860,ECG,2358,6608,0,0,0,0,0
28860,ECG,2359,6566,0,0,0,0,0
28860,ECG,2360,6524,0,0,0,0,0
28865,ECG,2361,6482,0,0,0,0,0
28865,ECG,2362,6441,0,0,0,0,0
28870,ECG,2363,6359,0,0,0,0,0
28870,ECG,2364,6319,0,0,0,0,0
28875,ECG,2365,6279,0,0,0,0,0
28875,ECG,2366,6239,0,0,0,0,0
28876,ECG,2367,6199,0,0,0,0,0
28880,ECG,2368,6159,0,0,0,0,0
28880,ECG,2369,6120,0,0,0,0,0
28885,ECG,2370,6081,0,0,0,0,0
28885,ECG,2371,6042,0,0,0,0,0
28885,ECG,2372,6004,0,0,0,0,0
28890,ECG,2373,5966,0,0,0,0,0
28890,ECG,2374,5928,0,0,0,0,0
28895,ECG,2375,5890,0,0,0,0,0
28895,ECG,2376,5852,0,0,0,0,0
28895,ECG,2377,5815,0,0,0,0,0
28900,ECG,2378,5778,0,0,0,0,0
28900,ECG,2379,5741,0,0,0,0,0
28905,ECG,2380,5705,0,0,0,0,0
28905,ECG,2381,5669,0,0,0,0,0
28905,ECG,2382,5632,0,0,0,0,0
28910,ECG,2383,5596,0,0,0,0,0
28910,ECG,2384,5561,0,0,0,0,0
28915,ECG,2385,5490,0,0,0,0,0
28915,ECG,2386,5455,0,0,0,0,0
28920,ECG,2387,5420,0,0,0,0,0
28920,ECG,2388,5386,0,0,0,0,0
28925,ECG,2389,5317,0,0,0,0,0
28925,ECG,2390,5283,0,0,0,0,0
28930,ECG,2391,5249,0,0,0,0,0
28930,ECG,2392,5216,0,0,0,0,0
28930,ECG,2393,5183,0,0,0,0,0
28935,ECG,2394,5150,0,0,0,0,0
28935,ECG,2395,5117,0,0,0,0,0
28940,ECG,2396,5084,0,0,0,0,0
28940,ECG,2397,5051,0,0,0,0,0
28940,ECG,2398,5019,0,0,0,0,0
28945,ECG,2399,4987,0,0,0,0,0
28945,ECG,2400,4955,0,0,0,0,0
28950,ECG,2401,4892,0,0,0,0,0
28950,ECG,2402,4861,0,0,0,0,0
28955,ECG,2403,4830,0,0,0,0,0
28955,ECG,2404,4799,0,0,0,0,0
28956,ECG,2405,4768,0,0,0,0,0
28960,ECG,2406,4738,0,0,0,0,0
28960,ECG,2407,4707,0,0,0,0,0
28965,ECG,2408,4677,0,0,0,0,0
28965,ECG,2409,4647,0,0,0,0,0
28965,ECG,2410,4618,0,0,0,0,0
28970,ECG,2411,4588,0,0,0,0,0
28970,ECG,2412,4559,0,0,0,0,0
28975,ECG,2413,4530,0,0,0,0,0
28975,ECG,2414,4501,0,0,0,0,0
28975,ECG,2415,4472,0,0,0,0,0
28980,ECG,2416,4443,0,0,0,0,0
28980,ECG,2417,4415,0,0,0,0,0
28985,ECG,2418,4386,0,0,0,0,0
28985,ECG,2419,4358,0,0,0,0,0
28985,ECG,2420,4330,0,0,0,0,0
28990,ECG,2421,4303,0,0,0,0,0
28990,ECG,2422,4275,0,0,0,0,0
28995,ECG,2423,4220,0,0,0,0,0
28995,ECG,2424,4193,0,0,0,0,0
29000,ECG,2425,4166,0,0,0,0,0
29000,ECG,2426,4140,0,0,0,0,0
29005,ECG,2427,4087,0,0,0,0,0
29005,ECG,2428,4060,0,0,0,0,0
29010,ECG,2429,4034,0,0,0,0,0
29010,ECG,2430,4008,0,0,0,0,0
29010,ECG,2431,3983,0,0,0,0,0
29015,ECG,2432,3957,0,0,0,0,0
29015,ECG,2433,3932,0,0,0,0,0
29020,ECG,2434,3906,0,0,0,0,0
29020,ECG,2435,3881,0,0,0,0,0
29020,ECG,2436,3856,0,0,0,0,0
29025,ECG,2437,3832,0,0,0,0,0
29025,ECG,2438,3807,0,0,0,0,0
29030,ECG,2439,3782,0,0,0,0,0
29030,ECG,2440,3758,0,0,0,0,0
29030,ECG,2441,3734,0,0,0,0,0
29035,ECG,2442,3710,0,0,0,0,0
29035,ECG,2443,3686,0,0,0,0,0
29036,ECG,2444,3662,0,0,0,0,0
29040,ECG,2445,3639,0,0,0,0,0
29040,ECG,2446,3615,0,0,0,0,0
29045,ECG,2447,3592,0,0,0,0,0
29045,ECG,2448,3569,0,0,0,0,0
29050,ECG,2449,3523,0,0,0,0,0
29050,ECG,2450,3500,0,0,0,0,0
29055,ECG,2451,3478,0,0,0,0,0
29055,ECG,2452,3455,0,0,0,0,0
29055,ECG,2453,3433,0,0,0,0,0
29060,ECG,2454,3411,0,0,0,0,0
29060,ECG,2455,3389,0,0,0,0,0
29065,ECG,2456,3367,0,0,0,0,0
29065,ECG,2457,3345,0,0,0,0,0
29065,ECG,2458,3324,0,0,0,0,0
29070,ECG,2459,3302,0,0,0,0,0
29070,ECG,2460,3281,0,0,0,0,0
29075,ECG,2461,3239,0,0,0,0,0
29075,ECG,2462,3218,0,0,0,0,0
29080,ECG,2463,3197,0,0,0,0,0
29080,ECG,2464,3176,0,0,0,0,0
29085,ECG,2465,3135,0,0,0,0,0
29085,ECG,2466,3115,0,0,0,0,0
29090,ECG,2467,3095,0,0,0,0,0
29090,ECG,2468,3075,0,0,0,0,0
29090,ECG,2469,3055,0,0,0,0,0
29095,ECG,2470,3035,0,0,0,0,0
29095,ECG,2471,3015,0,0,0,0,0
29100,ECG,2472,2996,0,0,0,0,0
29100,ECG,2473,2976,0,0,0,0,0
29100,ECG,2474,2957,0,0,0,0,0
29105,ECG,2475,2938,0,0,0,0,0
29105,ECG,2476,2919,0,0,0,0,0
29110,ECG,2477,2900,0,0,0,0,0
29110,ECG,2478,2881,0,0,0,0,0
29110,ECG,2479,2862,0,0,0,0,0
29115,ECG,2480,2844,0,0,0,0,0
29115,ECG,2481,2825,0,0,0,0,0
29120,ECG,2482,2789,0,0,0,0,0
29120,ECG,2483,2771,0,0,0,0,0
29125,ECG,2484,2753,0,0,0,0,0
29125,ECG,2485,2735,0,0,0,0,0
29130,ECG,2486,2700,0,0,0,0,0
29130,ECG,2487,2682,0,0,0,0,0
29135,ECG,2488,2665,0,0,0,0,0
29135,ECG,2489,2647,0,0,0,0,0
29135,ECG,2490,2630,0,0,0,0,0
29140,ECG,2491,2613,0,0,0,0,0
29140,ECG,2492,2596,0,0,0,0,0
29145,ECG,2493,2579,0,0,0,0,0
29145,ECG,2494,2562,0,0,0,0,0
29145,ECG,2495,2546,0,0,0,0,0
29150,ECG,2496,2529,0,0,0,0,0
29150,ECG,2497,2513,0,0,0,0,0
29155,ECG,2498,2480,0,0,0,0,0
29155,ECG,2499,2464,0,0,0,0,0
29160,ECG,2500,2448,0,0,0,0,0
29160,ECG,2501,2432,0,0,0,0,0
29165,ECG,2502,2400,0,0,0,0,0
29165,ECG,2503,2385,0,0,0,0,0
29170,ECG,2504,2369,0,0,0,0,0
29170,ECG,2505,2354,0,0,0,0,0
29170,ECG,2506,2338,0,0,0,0,0
29175,ECG,2507,2323,0,0,0,0,0
29175,ECG,2508,2308,0,0,0,0,0
29180,ECG,2509,2293,0,0,0,0,0
29180,ECG,2510,2278,0,0,0,0,0
29180,ECG,2511,2263,0,0,0,0,0
29185,ECG,2512,2248,0,0,0,0,0
29185,ECG,2513,2233,0,0,0,0,0
29190,ECG,2514,2219,0,0,0,0,0
29190,ECG,2515,2204,0,0,0,0,0
29190,ECG,2516,2190,0,0,0,0,0
29195,ECG,2517,2176,0,0,0,0,0
29195,ECG,2518,2161,0,0,0,0,0
29200,ECG,2519,2133,0,0,0,0,0
29200,ECG,2520,2119,0,0,0,0,0
29205,ECG,2521,2105,0,0,0,0,0
29205,ECG,2522,2091,0,0,0,0,0
29210,ECG,2523,2064,0,0,0,0,0
29210,ECG,2524,2050,0,0,0,0,0
29215,ECG,2525,2037,0,0,0,0,0
29215,ECG,2526,2023,0,0,0,0,0
29215,ECG,2527,2010,0,0,0,0,0
29220,ECG,2528,1997,0,0,0,0,0
29220,ECG,2529,1984,0,0,0,0,0
29225,ECG,2530,1971,0,0,0,0,0
29225,ECG,2531,1958,0,0,0,0,0
29225,ECG,2532,1945,0,0,0,0,0
29230,ECG,2533,1932,0,0,0,0,0
29230,ECG,2534,1919,0,0,0,0,0
29235,ECG,2535,1894,0,0,0,0,0
29235,ECG,2536,1881,0,0,0,0,0
29240,ECG,2537,1869,0,0,0,0,0
29240,ECG,2538,1857,0,0,0,0,0
29241,ECG,2539,1844,0,0,0,0,0
29245,ECG,2540,1832,0,0,0,0,0
29245,ECG,2541,1820,0,0,0,0,0
29250,ECG,2542,1808,0,0,0,0,0
29250,ECG,2543,1796,0,0,0,0,0
29250,ECG,2544,1784,0,0,0,0,0
29255,ECG,2545,1772,0,0,0,0,0
29255,ECG,2546,1761,0,0,0,0,0
29260,ECG,2547,1749,0,0,0,0,0
29260,ECG,2548,1737,0,0,0,0,0
29260,ECG,2549,1726,0,0,0,0,0
29265,ECG,2550,1714,0,0,0,0,0
29265,ECG,2551,1703,0,0,0,0,0
29270,ECG,2552,1692,0,0,0,0,0
29270,ECG,2553,1681,0,0,0,0,0
29270,ECG,2554,1669,0,0,0,0,0
29275,ECG,2555,1658,0,0,0,0,0
29275,ECG,2556,1647,0,0,0,0,0
29280,ECG,2557,1625,0,0,0,0,0
29280,ECG,2558,1615,0,0,0,0,0
29285,ECG,2559,1604,0,0,0,0,0
29285,ECG,2560,1593,0,0,0,0,0
29290,ECG,2561,1572,0,0,0,0,0
29290,ECG,2562,1562,0,0,0,0,0
29295,ECG,2563,1551,0,0,0,0,0
29295,ECG,2564,1541,0,0,0,0,0
29295,ECG,2565,1531,0,0,0,0,0
29300,ECG,2566,1520,0,0,0,0,0
29300,ECG,2567,1510,0,0,0,0,0
29305,ECG,2568,1500,0,0,0,0,0
29305,ECG,2569,1490,0,0,0,0,0
29305,ECG,2570,1480,0,0,0,0,0
29310,ECG,2571,1470,0,0,0,0,0
29310,ECG,2572,1460,0,0,0,0,0
29315,ECG,2573,1451,0,0,0,0,0
29315,ECG,2574,1441,0,0,0,0,0
29315,ECG,2575,1431,0,0,0,0,0
29320,ECG,2576,1422,0,0,0,0,0
29320,ECG,2577,1412,0,0,0,0,0
29321,ECG,2578,1403,0,0,0,0,0
29325,ECG,2579,1393,0,0,0,0,0
29325,ECG,2580,1384,0,0,0,0,0
29330,ECG,2581,1375,0,0,0,0,0
29330,ECG,2582,1365,0,0,0,0,0
29335,ECG,2583,1347,0,0,0,0,0
29335,ECG,2584,1338,0,0,0,0,0
29340,ECG,2585,1329,0,0,0,0,0
29340,ECG,2586,1320,0,0,0,0,0
29340,ECG,2587,1311,0,0,0,0,0
29345,ECG,2588,1302,0,0,0,0,0
29345,ECG,2589,1294,0,0,0,0,0
29350,ECG,2590,1285,0,0,0,0,0
29350,ECG,2591,1276,0,0,0,0,0
29350,ECG,2592,1268,0,0,0,0,0
29355,ECG,2593,1259,0,0,0,0,0
29355,ECG,2594,1251,0,0,0,0,0
29360,ECG,2595,1234,0,0,0,0,0
29360,ECG,2596,1225,0,0,0,0,0
29365,ECG,2597,1217,0,0,0,0,0
29365,ECG,2598,1209,0,0,0,0,0
29370,ECG,2599,1192,0,0,0,0,0
29370,ECG,2600,1184,0,0,0,0,0
29375,ECG,2601,1176,0,0,0,0,0
29375,ECG,2602,1168,0,0,0,0,0
29375,ECG,2603,1160,0,0,0,0,0
29380,ECG,2604,1152,0,0,0,0,0
29380,ECG,2605,1145,0,0,0,0,0
29385,ECG,2606,1137,0,0,0,0,0
29385,ECG,2607,1129,0,0,0,0,0
29385,ECG,2608,1121,0,0,0,0,0
29390,ECG,2609,1114,0,0,0,0,0
29390,ECG,2610,1106,0,0,0,0,0
30397,ECG,2611,0,0,0,0,0,0
30397,ECG,2612,-1,0,0,0,0,0
30397,ECG,2613,-6,0,0,0,0,0
30402,ECG,2614,2,0,0,0,0,0
30402,ECG,2615,6,0,0,0,0,0
30407,ECG,2616,38,0,0,0,0,0
30407,ECG,2617,-16,0,0,0,0,0
30412,ECG,2618,-26,0,0,0,0,0
30412,ECG,2619,151,0,0,0,0,0
30417,ECG,2620,-2109,0,0,0,0,0
30417,ECG,2621,-1850,0,0,0,0,0
30422,ECG,2622,-36,0,0,0,0,0
30422,ECG,2623,3394,0,0,0,0,0
30422,ECG,2624,8729,0,0,0,0,0
30427,ECG,2625,15156,0,0,0,0,0
30427,ECG,2626,21689,0,0,0,0,0
30432,ECG,2627,27397,0,0,0,0,0
30432,ECG,2628,31311,0,0,0,0,0
30432,ECG,2629,32011,0,0,0,0,0
30437,ECG,2630,31810,0,0,0,0,0
30437,ECG,2631,31610,0,0,0,0,0
30442,ECG,2632,31343,0,0,0,0,0
30442,ECG,2633,31109,0,0,0,0,0
30442,ECG,2634,31019,0,0,0,0,0
30447,ECG,2635,30731,0,0,0,0,0
30447,ECG,2636,30591,0,0,0,0,0
30448,ECG,2637,30395,0,0,0,0,0
30452,ECG,2638,30195,0,0,0,0,0
30452,ECG,2639,30019,0,0,0,0,0
30457,ECG,2640,29827,0,0,0,0,0
30457,ECG,2641,29638,0,0,0,0,0
30462,ECG,2642,29266,0,0,0,0,0
30462,ECG,2643,29082,0,0,0,0,0
30467,ECG,2644,28900,0,0,0,0,0
30467,ECG,2645,28718,0,0,0,0,0
30467,ECG,2646,28537,0,0,0,0,0
30472,ECG,2647,28358,0,0,0,0,0
30472,ECG,2648,28180,0,0,0,0,0
30477,ECG,2649,28002,0,0,0,0,0
30477,ECG,2650,27826,0,0,0,0,0
30477,ECG,2651,27651,0,0,0,0,0
30482,ECG,2652,27478,0,0,0,0,0
30482,ECG,2653,27305,0,0,0,0,0
30487,ECG,2654,26963,0,0,0,0,0
30487,ECG,2655,26793,0,0,0,0,0
30492,ECG,2656,26625,0,0,0,0,0
30492,ECG,2657,26457,0,0,0,0,0
30497,ECG,2658,26125,0,0,0,0,0
30497,ECG,2659,25960,0,0,0,0,0
30502,ECG,2660,25801,0,0,0,0,0
30502,ECG,2661,25632,0,0,0,0,0
30502,ECG,2662,25478,0,0,0,0,0
30507,ECG,2663,25341,0,0,0,0,0
30507,ECG,2664,25167,0,0,0,0,0
30512,ECG,2665,24977,0,0,0,0,0
30512,ECG,2666,24796,0,0,0,0,0
30512,ECG,2667,24606,0,0,0,0,0
30517,ECG,2668,24424,0,0,0,0,0
30517,ECG,2669,24261,0,0,0,0,0
30522,ECG,2670,24114,0,0,0,0,0
30522,ECG,2671,23986,0,0,0,0,0
30522,ECG,2672,23869,0,0,0,0,0
30527,ECG,2673,23744,0,0,0,0,0
30527,ECG,2674,23623,0,0,0,0,0
30532,ECG,2675,23335,0,0,0,0,0
30532,ECG,2676,23173,0,0,0,0,0
30537,ECG,2677,23034,0,0,0,0,0
30537,ECG,2678,22887,0,0,0,0,0
30542,ECG,2679,22601,0,0,0,0,0
30542,ECG,2680,22458,0,0,0,0,0
30547,ECG,2681,22317,0,0,0,0,0
30547,ECG,2682,22176,0,0,0,0,0
30547,ECG,2683,22037,0,0,0,0,0
30552,ECG,2684,21898,0,0,0,0,0
30552,ECG,2685,21760,0,0,0,0,0
30557,ECG,2686,21623,0,0,0,0,0
30557,ECG,2687,21487,0,0,0,0,0
30557,ECG,2688,21352,0,0,0,0,0
30562,ECG,2689,21218,0,0,0,0,0
30562,ECG,2690,21084,0,0,0,0,0
30567,ECG,2691,20820,0,0,0,0,0
30567,ECG,2692,20689,0,0,0,0,0
30572,ECG,2693,20559,0,0,0,0,0
30572,ECG,2694,20429,0,0,0,0,0
30577,ECG,2695,20173,0,0,0,0,0
30577,ECG,2696,20046,0,0,0,0,0
30582,ECG,2697,19920,0,0,0,0,0
30582,ECG,2698,19794,0,0,0,0,0
30582,ECG,2699,19670,0,0,0,0,0
30587,ECG,2700,19546,0,0,0,0,0
30587,ECG,2701,19423,0,0,0,0,0
30592,ECG,2702,19301,0,0,0,0,0
30592,ECG,2703,19179,0,0,0,0,0
30592,ECG,2704,19058,0,0,0,0,0
30597,ECG,2705,18938,0,0,0,0,0
30597,ECG,2706,18819,0,0,0,0,0
30602,ECG,2707,18701,0,0,0,0,0
30602,ECG,2708,18583,0,0,0,0,0
30602,ECG,2709,18466,0,0,0,0,0
30607,ECG,2710,18350,0,0,0,0,0
30607,ECG,2711,18234,0,0,0,0,0
30612,ECG,2712,18005,0,0,0,0,0
30612,ECG,2713,17892,0,0,0,0,0
30617,ECG,2714,17779,0,0,0,0,0
30617,ECG,2715,17667,0,0,0,0,0
30622,ECG,2716,17445,0,0,0,0,0
30622,ECG,2717,17335,0,0,0,0,0
30627,ECG,2718,17226,0,0,0,0,0
30627,ECG,2719,17118,0,0,0,0,0
30627,ECG,2720,17010,0,0,0,0,0
30632,ECG,2721,16903,0,0,0,0,0
30632,ECG,2722,16796,0,0,0,0,0
30637,ECG,2723,16690,0,0,0,0,0
30637,ECG,2724,16585,0,0,0,0,0
30637,ECG,2725,16481,0,0,0,0,0
30642,ECG,2726,16377,0,0,0,0,0
30642,ECG,2727,16274,0,0,0,0,0
30647,ECG,2728,16069,0,0,0,0,0
30647,ECG,2729,15968,0,0,0,0,0
30652,ECG,2730,15867,0,0,0,0,0
30652,ECG,2731,15767,0,0,0,0,0
30653,ECG,2732,15668,0,0,0,0,0
30657,ECG,2733,15569,0,0,0,0,0
30657,ECG,2734,15471,0,0,0,0,0
30662,ECG,2735,15373,0,0,0,0,0
30662,ECG,2736,15276,0,0,0,0,0
30662,ECG,2737,15180,0,0,0,0,0
30667,ECG,2738,15084,0,0,0,0,0
30667,ECG,2739,14989,0,0,0,0,0
30672,ECG,2740,14895,0,0,0,0,0
30672,ECG,2741,14800,0,0,0,0,0
30672,ECG,2742,14708,0,0,0,0,0
30677,ECG,2743,14614,0,0,0,0,0
30677,ECG,2744,14522,0,0,0,0,0
30682,ECG,2745,14432,0,0,0,0,0
30682,ECG,2746,14336,0,0,0,0,0
30682,ECG,2747,14258,0,0,0,0,0
30687,ECG,2748,14180,0,0,0,0,0
30687,ECG,2749,14070,0,0,0,0,0
30692,ECG,2750,13853,0,0,0,0,0
30692,ECG,2751,13738,0,0,0,0,0
30697,ECG,2752,13634,0,0,0,0,0
30697,ECG,2753,13545,0,0,0,0,0
30702,ECG,2754,13404,0,0,0,0,0
30702,ECG,2755,13346,0,0,0,0,0
30707,ECG,2756,13279,0,0,0,0,0
30707,ECG,2757,13220,0,0,0,0,0
30707,ECG,2758,13146,0,0,0,0,0
30712,ECG,2759,13045,0,0,0,0,0
30712,ECG,2760,12959,0,0,0,0,0
30717,ECG,2761,12881,0,0,0,0,0
30717,ECG,2762,12797,0,0,0,0,0
30717,ECG,2763,12717,0,0,0,0,0
30722,ECG,2764,12637,0,0,0,0,0
30722,ECG,2765,12557,0,0,0,0,0
30727,ECG,2766,12478,0,0,0,0,0
30727,ECG,2767,12399,0,0,0,0,0
30727,ECG,2768,12321,0,0,0,0,0
30732,ECG,2769,12243,0,0,0,0,0
30732,ECG,2770,12166,0,0,0,0,0
30733,ECG,2771,12089,0,0,0,0,0
30737,ECG,2772,12013,0,0,0,0,0
30737,ECG,2773,11937,0,0,0,0,0
30742,ECG,2774,11862,0,0,0,0,0
30742,ECG,2775,11787,0,0,0,0,0
30747,ECG,2776,11638,0,0,0,0,0
30747,ECG,2777,11565,0,0,0,0,0
30752,ECG,2778,11492,0,0,0,0,0
30752,ECG,2779,11419,0,0,0,0,0
30752,ECG,2780,11347,0,0,0,0,0
30757,ECG,2781,11275,0,0,0,0,0
30757,ECG,2782,11204,0,0,0,0,0
30762,ECG,2783,11133,0,0,0,0,0
30762,ECG,2784,11063,0,0,0,0,0
30762,ECG,2785,10993,0,0,0,0,0
30767,ECG,2786,10924,0,0,0,0,0
30767,ECG,2787,10855,0,0,0,0,0
30772,ECG,2788,10718,0,0,0,0,0
30772,ECG,2789,10650,0,0,0,0,0
30777,ECG,2790,10583,0,0,0,0,0
30777,ECG,2791,10516,0,0,0,0,0
30782,ECG,2792,10381,0,0,0,0,0
30782,ECG,2793,10322,0,0,0,0,0
30787,ECG,2794,10264,0,0,0,0,0
30787,ECG,2795,10189,0,0,0,0,0
30787,ECG,2796,10113,0,0,0,0,0
30792,ECG,2797,10038,0,0,0,0,0
30792,ECG,2798,9961,0,0,0,0,0
30797,ECG,2799,9888,0,0,0,0,0
30797,ECG,2800,9823,0,0,0,0,0
30797,ECG,2801,9764,0,0,0,0,0
30802,ECG,2802,9713,0,0,0,0,0
30802,ECG,2803,9666,0,0,0,0,0
30807,ECG,2804,9614,0,0,0,0,0
30807,ECG,2805,9567,0,0,0,0,0
30807,ECG,2806,9513,0,0,0,0,0
30812,ECG,2807,9444,0,0,0,0,0
30812,ECG,2808,9380,0,0,0,0,0
30817,ECG,2809,9263,0,0,0,0,0
30817,ECG,2810,9205,0,0,0,0,0
30822,ECG,2811,9147,0,0,0,0,0
30822,ECG,2812,9088,0,0,0,0,0
30827,ECG,2813,8974,0,0,0,0,0
30827,ECG,2814,8917,0,0,0,0,0
30832,ECG,2815,8860,0,0,0,0,0
30832,ECG,2816,8804,0,0,0,0,0
30832,ECG,2817,8748,0,0,0,0,0
30837,ECG,2818,8693,0,0,0,0,0
30837,ECG,2819,8638,0,0,0,0,0
30842,ECG,2820,8583,0,0,0,0,0
30842,ECG,2821,8529,0,0,0,0,0
30842,ECG,2822,8475,0,0,0,0,0
30847,ECG,2823,8421,0,0,0,0,0
30847,ECG,2824,8368,0,0,0,0,0
30852,ECG,2825,8262,0,0,0,0,0
30852,ECG,2826,8209,0,0,0,0,0
30857,ECG,2827,8157,0,0,0,0,0
30857,ECG,2828,8106,0,0,0,0,0
30862,ECG,2829,8003,0,0,0,0,0
30862,ECG,2830,7952,0,0,0,0,0
30867,ECG,2831,7902,0,0,0,0,0
30867,ECG,2832,7852,0,0,0,0,0
30867,ECG,2833,7802,0,0,0,0,0
30872,ECG,2834,7753,0,0,0,0,0
30872,ECG,2835,7703,0,0,0,0,0
30877,ECG,2836,7654,0,0,0,0,0
30877,ECG,2837,7606,0,0,0,0,0
30877,ECG,2838,7558,0,0,0,0,0
30882,ECG,2839,7510,0,0,0,0,0
30882,ECG,2840,7462,0,0,0,0,0
30887,ECG,2841,7415,0,0,0,0,0
30887,ECG,2842,7368,0,0,0,0,0
30887,ECG,2843,7321,0,0,0,0,0
30892,ECG,2844,7274,0,0,0,0,0
30892,ECG,2845,7228,0,0,0,0,0
30897,ECG,2846,7137,0,0,0,0,0
30897,ECG,2847,7091,0,0,0,0,0
30902,ECG,2848,7046,0,0,0,0,0
30902,ECG,2849,7002,0,0,0,0,0
30907,ECG,2850,6913,0,0,0,0,0
30907,ECG,2851,6869,0,0,0,0,0
30912,ECG,2852,6825,0,0,0,0,0
30912,ECG,2853,6782,0,0,0,0,0
30912,ECG,2854,6739,0,0,0,0,0
30917,ECG,2855,6696,0,0,0,0,0
30917,ECG,2856,6653,0,0,0,0,0
30922,ECG,2857,6611,0,0,0,0,0
30922,ECG,2858,6569,0,0,0,0,0
30922,ECG,2859,6527,0,0,0,0,0
30927,ECG,2860,6486,0,0,0,0,0
30927,ECG,2861,6445,0,0,0,0,0
30932,ECG,2862,6363,0,0,0,0,0
30932,ECG,2863,6322,0,0,0,0,0
30937,ECG,2864,6282,0,0,0,0,0
30937,ECG,2865,6242,0,0,0,0,0
30938,ECG,2866,6202,0,0,0,0,0
30942,ECG,2867,6163,0,0,0,0,0
30942,ECG,2868,6124,0,0,0,0,0
30947,ECG,2869,6085,0,0,0,0,0
30947,ECG,2870,6046,0,0,0,0,0
30947,ECG,2871,6007,0,0,0,0,0
30952,ECG,2872,5969,0,0,0,0,0
30952,ECG,2873,5931,0,0,0,0,0
30957,ECG,2874,5893,0,0,0,0,0
30957,ECG,2875,5856,0,0,0,0,0
30957,ECG,2876,5819,0,0,0,0,0
30962,ECG,2877,5782,0,0,0,0,0
30962,ECG,2878,5745,0,0,0,0,0
30967,ECG,2879,5708,0,0,0,0,0
30967,ECG,2880,5672,0,0,0,0,0
30967,ECG,2881,5636,0,0,0,0,0
30972,ECG,2882,5600,0,0,0,0,0
30972,ECG,2883,5564,0,0,0,0,0
30977,ECG,2884,5493,0,0,0,0,0
30977,ECG,2885,5458,0,0,0,0,0
30982,ECG,2886,5423,0,0,0,0,0
30982,ECG,2887,5389,0,0,0,0,0
30987,ECG,2888,5320,0,0,0,0,0
30987,ECG,2889,5286,0,0,0,0,0
30992,ECG,2890,5252,0,0,0,0,0
30992,ECG,2891,5219,0,0,0,0,0
30992,ECG,2892,5186,0,0,0,0,0
30997,ECG,2893,5153,0,0,0,0,0
30997,ECG,2894,5120,0,0,0,0,0
31002,ECG,2895,5087,0,0,0,0,0
31002,ECG,2896,5054,0,0,0,0,0
31002,ECG,2897,5022,0,0,0,0,0
31007,ECG,2898,4990,0,0,0,0,0
31007,ECG,2899,4958,0,0,0,0,0
31012,ECG,2900,4926,0,0,0,0,0
31012,ECG,2901,4895,0,0,0,0,0
31012,ECG,2902,4864,0,0,0,0,0
31017,ECG,2903,4833,0,0,0,0,0
31017,ECG,2904,4802,0,0,0,0,0
31018,ECG,2905,4771,0,0,0,0,0
31022,ECG,2906,4740,0,0,0,0,0
31022,ECG,2907,4710,0,0,0,0,0
31027,ECG,2908,4680,0,0,0,0,0
31027,ECG,2909,4650,0,0,0,0,0
31027,ECG,2910,4620,0,0,0,0,0
31032,ECG,2911,4591,0,0,0,0,0
31032,ECG,2912,4561,0,0,0,0,0
31037,ECG,2913,4532,0,0,0,0,0
31037,ECG,2914,4503,0,0,0,0,0
31037,ECG,2915,4474,0,0,0,0,0
31042,ECG,2916,4445,0,0,0,0,0
31042,ECG,2917,4417,0,0,0,0,0
31047,ECG,2918,4389,0,0,0,0,0
31047,ECG,2919,4361,0,0,0,0,0
31047,ECG,2920,4333,0,0,0,0,0
31052,ECG,2921,4305,0,0,0,0,0
31052,ECG,2922,4277,0,0,0,0,0
31057,ECG,2923,4223,0,0,0,0,0
31057,ECG,2924,4196,0,0,0,0,0
31062,ECG,2925,4169,0,0,0,0,0
31062,ECG,2926,4142,0,0,0,0,0
31067,ECG,2927,4089,0,0,0,0,0
31067,ECG,2928,4063,0,0,0,0,0
31072,ECG,2929,4037,0,0,0,0,0
31072,ECG,2930,4011,0,0,0,0,0
31072,ECG,2931,3985,0,0,0,0,0
31077,ECG,2932,3959,0,0,0,0,0
31077,ECG,2933,3934,0,0,0,0,0
31082,ECG,2934,3909,0,0,0,0,0
31082,ECG,2935,3884,0,0,0,0,0
31082,ECG,2936,3859,0,0,0,0,0
31087,ECG,2937,3834,0,0,0,0,0
31087,ECG,2938,3809,0,0,0,0,0
31092,ECG,2939,3785,0,0,0,0,0
31092,ECG,2940,3760,0,0,0,0,0
31092,ECG,2941,3736,0,0,0,0,0
31097,ECG,2942,3712,0,0,0,0,0
31097,ECG,2943,3688,0,0,0,0,0
31098,ECG,2944,3664,0,0,0,0,0
31102,ECG,2945,3641,0,0,0,0,0
31102,ECG,2946,3617,0,0,0,0,0
31107,ECG,2947,3594,0,0,0,0,0
31107,ECG,2948,3571,0,0,0,0,0
31112,ECG,2949,3525,0,0,0,0,0
31112,ECG,2950,3502,0,0,0,0,0
31117,ECG,2951,3480,0,0,0,0,0
31117,ECG,2952,3457,0,0,0,0,0
31117,ECG,2953,3435,0,0,0,0,0
31122,ECG,2954,3413,0,0,0,0,0
31122,ECG,2955,3391,0,0,0,0,0
31127,ECG,2956,3369,0,0,0,0,0
31127,ECG,2957,3347,0,0,0,0,0
31127,ECG,2958,3326,0,0,0,0,0
31132,ECG,2959,3304,0,0,0,0,0
31132,ECG,2960,3283,0,0,0,0,0
31137,ECG,2961,3241,0,0,0,0,0
31137,ECG,2962,3220,0,0,0,0,0
31142,ECG,2963,3199,0,0,0,0,0
31142,ECG,2964,3178,0,0,0,0,0
31147,ECG,2965,3137,0,0,0,0,0
31147,ECG,2966,3117,0,0,0,0,0
31152,ECG,2967,3097,0,0,0,0,0
31152,ECG,2968,3077,0,0,0,0,0
31152,ECG,2969,3057,0,0,0,0,0
31157,ECG,2970,3037,0,0,0,0,0
31157,ECG,2971,3017,0,0,0,0,0
31162,ECG,2972,2998,0,0,0,0,0
31162,ECG,2973,2978,0,0,0,0,0
31162,ECG,2974,2959,0,0,0,0,0
31167,ECG,2975,2940,0,0,0,0,0
31167,ECG,2976,2921,0,0,0,0,0
31172,ECG,2977,2902,0,0,0,0,0
31172,ECG,2978,2883,0,0,0,0,0
31172,ECG,2979,2864,0,0,0,0,0
31177,ECG,2980,2846,0,0,0,0,0
31177,ECG,2981,2827,0,0,0,0,0
31182,ECG,2982,2791,0,0,0,0,0
31182,ECG,2983,2773,0,0,0,0,0
31187,ECG,2984,2755,0,0,0,0,0
31187,ECG,2985,2737,0,0,0,0,0
31192,ECG,2986,2701,0,0,0,0,0
31192,ECG,2987,2684,0,0,0,0,0
31197,ECG,2988,2666,0,0,0,0,0
31197,ECG,2989,2649,0,0,0,0,0
31197,ECG,2990,2632,0,0,0,0,0
31202,ECG,2991,2615,0,0,0,0,0
31202,ECG,2992,2598,0,0,0,0,0
31207,ECG,2993,2581,0,0,0,0,0
31207,ECG,2994,2564,0,0,0,0,0
31207,ECG,2995,2547,0,0,0,0,0
31212,ECG,2996,2531,0,0,0,0,0
31212,ECG,2997,2514,0,0,0,0,0
31217,ECG,2998,2482,0,0,0,0,0
31217,ECG,2999,2465,0,0,0,0,0
31222,ECG,3000,2449,0,0,0,0,0
31222,ECG,3001,2433,0,0,0,0,0
31223,ECG,3002,2418,0,0,0,0,0
31227,ECG,3003,2402,0,0,0,0,0
31227,ECG,3004,2386,0,0,0,0,0
31232,ECG,3005,2371,0,0,0,0,0
31232,ECG,3006,2355,0,0,0,0,0
31232,ECG,3007,2340,0,0,0,0,0
31237,ECG,3008,2324,0,0,0,0,0
31237,ECG,3009,2309,0,0,0,0,0
31242,ECG,3010,2294,0,0,0,0,0
31242,ECG,3011,2279,0,0,0,0,0
31242,ECG,3012,2264,0,0,0,0,0
31247,ECG,3013,2249,0,0,0,0,0
31247,ECG,3014,2235,0,0,0,0,0
31252,ECG,3015,2220,0,0,0,0,0
31252,ECG,3016,2206,0,0,0,0,0
31252,ECG,3017,2191,0,0,0,0,0
31257,ECG,3018,2177,0,0,0,0,0
31257,ECG,3019,2163,0,0,0,0,0
31262,ECG,3020,2134,0,0,0,0,0
31262,ECG,3021,2120,0,0,0,0,0
31267,ECG,3022,2106,0,0,0,0,0
31267,ECG,3023,2093,0,0,0,0,0
31272,ECG,3024,2065,0,0,0,0,0
31272,ECG,3025,2052,0,0,0,0,0
31277,ECG,3026,2038,0,0,0,0,0
31277,ECG,3027,2025,0,0,0,0,0
31277,ECG,3028,2011,0,0,0,0,0
31282,ECG,3029,1998,0,0,0,0,0
31282,ECG,3030,1985,0,0,0,0,0
31287,ECG,3031,1972,0,0,0,0,0
31287,ECG,3032,1959,0,0,0,0,0
31287,ECG,3033,1946,0,0,0,0,0
31292,ECG,3034,1933,0,0,0,0,0
31292,ECG,3035,1920,0,0,0,0,0
31297,ECG,3036,1908,0,0,0,0,0
31297,ECG,3037,1895,0,0,0,0,0
31297,ECG,3038,1882,0,0,0,0,0
31302,ECG,3039,1872,0,0,0,0,0
31302,ECG,3040,1855,0,0,0,0,0
31303,ECG,3041,1849,0,0,0,0,0
31307,ECG,3042,1854,0,0,0,0,0
31307,ECG,3043,1828,0,0,0,0,0
31312,ECG,3044,1792,0,0,0,0,0
31312,ECG,3045,1763,0,0,0,0,0
31312,ECG,3046,1725,0,0,0,0,0
31317,ECG,3047,1693,0,0,0,0,0
31317,ECG,3048,1675,0,0,0,0,0
31322,ECG,3049,1669,0,0,0,0,0
31322,ECG,3050,1676,0,0,0,0,0
31322,ECG,3051,1692,0,0,0,0,0
31327,ECG,3052,1699,0,0,0,0,0
31327,ECG,3053,1711,0,0,0,0,0
31332,ECG,3054,1717,0,0,0,0,0
31332,ECG,3055,1691,0,0,0,0,0
31332,ECG,3056,1669,0,0,0,0,0
31337,ECG,3057,1664,0,0,0,0,0
31337,ECG,3058,1651,0,0,0,0,0
31342,ECG,3059,1630,0,0,0,0,0
31342,ECG,3060,1618,0,0,0,0,0
31347,ECG,3061,1608,0,0,0,0,0
31347,ECG,3062,1597,0,0,0,0,0
31352,ECG,3063,1576,0,0,0,0,0
31352,ECG,3064,1565,0,0,0,0,0
31357,ECG,3065,1555,0,0,0,0,0
31357,ECG,3066,1544,0,0,0,0,0
31357,ECG,3067,1534,0,0,0,0,0
31362,ECG,3068,1524,0,0,0,0,0
31362,ECG,3069,1514,0,0,0,0,0
31367,ECG,3070,1504,0,0,0,0,0
31367,ECG,3071,1494,0,0,0,0,0
26893,PPG,100,129106,60602,0,0,0,0
26971,PPG,101,129106,60605,0,0,0,0
27051,PPG,102,129103,60595,0,0,0,0
27130,PPG,103,129100,60599,0,0,0,0
27217,PPG,104,129110,60592,0,0,0,0
27294,PPG,105,129098,60597,0,0,0,0
27373,PPG,106,129102,60598,0,0,0,0
27450,PPG,107,129093,60599,0,0,0,0
27530,PPG,108,129099,60597,0,0,0,0
27610,PPG,109,129118,60606,0,0,0,0
27687,PPG,110,129099,60590,0,0,0,0
27766,PPG,111,129101,60595,0,0,0,0
27849,PPG,112,129093,60594,0,0,0,0
27925,PPG,113,129104,60602,0,0,0,0
28005,PPG,114,129099,60596,0,0,0,0
28084,PPG,115,129102,60594,0,0,0,0
28164,PPG,116,129094,60596,0,0,0,0
28243,PPG,117,129105,60597,0,0,0,0
28327,PPG,118,129107,60576,0,0,0,0
28405,PPG,119,129090,60591,0,0,0,0
28483,PPG,120,129108,60584,0,0,0,0
28562,PPG,121,129098,60599,0,0,0,0
28642,PPG,122,129099,60590,0,0,0,0
28721,PPG,123,129106,60591,0,0,0,0
28801,PPG,124,129099,60595,0,0,0,0
28884,PPG,125,129090,60600,0,0,0,0
28961,PPG,126,129117,60595,0,0,0,0
29039,PPG,127,129105,60594,0,0,0,0
29118,PPG,128,129101,60593,0,0,0,0
29198,PPG,129,129090,60592,0,0,0,0
29278,PPG,130,129094,60590,0,0,0,0
29362,PPG,131,129089,60597,0,0,0,0
29439,PPG,132,129089,60592,0,0,0,0
29518,PPG,133,129085,60602,0,0,0,0
29596,PPG,134,129094,60604,0,0,0,0
29675,PPG,135,129082,60597,0,0,0,0
29755,PPG,136,129089,60588,0,0,0,0
29834,PPG,137,129091,60593,0,0,0,0
29918,PPG,138,129098,60599,0,0,0,0
29999,PPG,139,129100,60593,0,0,0,0
30073,PPG,140,129097,60585,0,0,0,0
30153,PPG,141,129095,60594,0,0,0,0
30232,PPG,142,129108,60582,0,0,0,0
30312,PPG,143,129094,60588,0,0,0,0
30391,PPG,144,129100,60599,0,0,0,0
30480,PPG,145,129093,60595,0,0,0,0
30551,PPG,146,129086,60585,0,0,0,0
30630,PPG,147,129089,60593,0,0,0,0
30710,PPG,148,129092,60596,0,0,0,0
30789,PPG,149,129106,60592,0,0,0,0
30875,PPG,150,129094,60582,0,0,0,0
30959,PPG,151,129093,60588,0,0,0,0
31030,PPG,152,129089,60584,0,0,0,0
31107,PPG,153,129091,60585,0,0,0,0
31187,PPG,154,129077,60590,0,0,0,0
31266,PPG,155,129092,60590,0,0,0,0
31346,PPG,156,129086,60597,0,0,0,0
31439,PPG,157,129099,60589,0,0,0,0
31511,PPG,158,129096,60605,0,0,0,0
31588,PPG,159,129095,60599,0,0,0,0
31666,PPG,160,129086,60595,0,0,0,0
31745,PPG,161,129087,60591,0,0,0,0
31823,PPG,162,129088,60587,0,0,0,0
31919,PPG,163,129095,60591,0,0,0,0
31986,PPG,164,129087,60590,0,0,0,0
32064,PPG,165,129087,60588,0,0,0,0
32141,PPG,166,129089,60595,0,0,0,0
32221,PPG,167,129087,60577,0,0,0,0
32300,PPG,168,129077,60592,0,0,0,0
32395,PPG,169,129087,60592,0,0,0,0
32459,PPG,170,129090,60589,0,0,0,0
32543,PPG,171,129093,60598,0,0,0,0
32620,PPG,172,129096,60589,0,0,0,0
32698,PPG,173,129083,60589,0,0,0,0
32778,PPG,174,129092,60585,0,0,0,0
32857,PPG,175,129085,60590,0,0,0,0
32937,PPG,176,129088,60589,0,0,0,0
33021,PPG,177,129090,60587,0,0,0,0
33099,PPG,178,129088,60580,0,0,0,0
33176,PPG,179,129082,60584,0,0,0,0
33255,PPG,180,129095,60590,0,0,0,0
33335,PPG,181,129088,60585,0,0,0,0
33414,PPG,182,129086,60583,0,0,0,0
33493,PPG,183,129082,60595,0,0,0,0
33577,PPG,184,129094,60586,0,0,0,0
33654,PPG,185,129080,60587,0,0,0,0
33732,PPG,186,129080,60591,0,0,0,0
33812,PPG,187,129077,60589,0,0,0,0
33891,PPG,188,129084,60592,0,0,0,0
33971,PPG,189,129083,60583,0,0,0,0
34050,PPG,190,129079,60573,0,0,0,0
34133,PPG,191,129081,60582,0,0,0,0
34210,PPG,192,129083,60587,0,0,0,0
34289,PPG,193,129084,60590,0,0,0,0
34368,PPG,194,129081,60578,0,0,0,0
34448,PPG,195,129091,60587,0,0,0,0
34528,PPG,196,129075,60587,0,0,0,0
34612,PPG,197,129084,60588,0,0,0,0
34689,PPG,198,129077,60583,0,0,0,0
34767,PPG,199,129088,60589,0,0,0,0
30855,IMU,624,1176,-344,8396,-89,54,52
30875,IMU,625,1236,-212,8396,-97,61,43
30894,IMU,626,1184,-196,8424,-86,61,46
30913,IMU,627,1184,-308,8436,-101,61,50
30931,IMU,628,1140,-124,8412,-77,60,30
30953,IMU,629,1244,-200,8388,-79,61,44
30970,IMU,630,1164,-184,8436,-88,62,42
30989,IMU,631,1208,-420,8436,-88,60,50
31008,IMU,632,1100,-232,8436,-93,40,38
31027,IMU,633,1160,-288,8444,-76,59,42
31046,IMU,634,1024,-260,8432,-96,60,41
31066,IMU,635,1196,-216,8408,-76,67,44
31085,IMU,636,1224,-148,8384,-99,60,46
31104,IMU,637,1148,-252,8408,-100,72,48
31123,IMU,638,1072,-304,8452,-98,54,35
31142,IMU,639,1148,-320,8460,-102,49,50
31161,IMU,640,1188,-236,8420,-87,71,29
31181,IMU,641,1140,-280,8448,-76,52,46
31200,IMU,642,1164,-284,8364,-98,58,49
31219,IMU,643,1120,-236,8400,-102,63,35
31238,IMU,644,1100,-268,8480,-91,65,47
31257,IMU,645,1048,-248,8444,-87,56,37
31276,IMU,646,1152,-300,8372,-76,70,47
31296,IMU,647,1228,-260,8368,-89,59,31
31315,IMU,648,1028,-372,8436,-75,59,55
31334,IMU,649,1128,-188,8396,-88,46,39
31353,IMU,650,1120,-256,8444,-90,52,39
31372,IMU,651,1200,-244,8400,-83,66,43
31391,IMU,652,1108,-276,8428,-81,39,33
31411,IMU,653,1200,-132,8384,-86,70,30
31436,IMU,654,1120,-204,8308,-99,67,39
31449,IMU,655,1140,-280,8392,-90,80,31
31468,IMU,656,1104,-176,8440,-91,64,48
31487,IMU,657,1056,-216,8440,-96,56,33
31506,IMU,658,1124,-268,8480,-95,66,47
31525,IMU,659,1224,-232,8436,-78,60,40
31544,IMU,660,1064,-348,8404,-100,53,40
31564,IMU,661,1152,-300,8396,-90,50,26
31583,IMU,662,1148,-300,8448,-101,45,37
31602,IMU,663,1184,-272,8484,-85,41,33
31621,IMU,664,1072,-320,8472,-102,58,51
31640,IMU,665,1224,-260,8480,-79,62,51
31659,IMU,666,1168,-272,8404,-101,66,35
31679,IMU,667,1264,-320,8448,-85,53,43
31698,IMU,668,1144,-172,8536,-65,48,50
31717,IMU,669,1124,-232,8388,-80,59,42
31736,IMU,670,1196,-148,8404,-104,52,38
31755,IMU,671,1244,-268,8472,-81,57,46
31774,IMU,672,1128,-292,8460,-87,60,57
31793,IMU,673,1248,-232,8480,-89,55,49
31813,IMU,674,1140,-280,8412,-124,64,43
31832,IMU,675,1060,-232,8472,-104,48,46
31851,IMU,676,1232,-268,8468,-103,58,56
31870,IMU,677,1156,-228,8376,-120,52,42
31889,IMU,678,1180,-268,8444,-91,48,54
31911,IMU,679,1216,-224,8428,-83,60,45
31928,IMU,680,1100,-232,8376,-89,75,37
31947,IMU,681,1152,-212,8404,-94,46,49
31966,IMU,682,1132,-252,8416,-99,68,61
31986,IMU,683,1128,-252,8424,-91,50,22
32004,IMU,684,1196,-196,8448,-100,38,35
32023,IMU,685,1196,-292,8464,-101,45,44
32043,IMU,686,1196,-284,8344,-80,52,63
32062,IMU,687,1128,-220,8448,-89,61,17
32081,IMU,688,1092,-236,8376,-96,63,54
32100,IMU,689,1156,-264,8396,-96,46,41
32119,IMU,690,1196,-276,8396,-105,55,44
32138,IMU,691,1160,-308,8444,-82,52,60
32157,IMU,692,1144,-296,8460,-93,65,33
32177,IMU,693,1152,-196,8424,-89,47,42
32196,IMU,694,1124,-256,8380,-79,64,48
32215,IMU,695,1252,-180,8344,-102,59,39
32234,IMU,696,1204,-256,8380,-89,55,31
32253,IMU,697,1188,-244,8460,-64,52,51
32272,IMU,698,1136,-160,8340,-85,66,32
32292,IMU,699,1264,-168,8396,-95,70,28
32311,IMU,700,1108,-212,8412,-91,52,35
32330,IMU,701,1132,-236,8388,-92,55,46
32349,IMU,702,1240,-264,8384,-81,45,23
32368,IMU,703,1180,-284,8440,-77,57,27
32393,IMU,704,1160,-288,8408,-92,57,33
32407,IMU,705,1180,-168,8384,-102,46,35
32426,IMU,706,1204,-304,8468,-83,50,35
32445,IMU,707,1240,-304,8388,-96,68,56
32464,IMU,708,1108,-284,8396,-88,66,33
32483,IMU,709,1172,-184,8384,-108,56,41
32503,IMU,710,1100,-252,8452,-80,61,36
32522,IMU,711,1164,-272,8408,-90,57,28
32543,IMU,712,1112,-236,8428,-100,41,42
32560,IMU,713,1224,-264,8408,-96,56,46
32579,IMU,714,1204,-284,8476,-99,62,59
32599,IMU,715,1208,-276,8328,-95,70,31
32618,IMU,716,1068,-276,8440,-110,54,44
32637,IMU,717,1204,-264,8380,-93,64,55
32656,IMU,718,1268,-180,8412,-73,75,40
32675,IMU,719,1208,-156,8416,-97,52,44
32694,IMU,720,1216,-292,8392,-89,69,48
32713,IMU,721,1104,-244,8348,-83,74,25
32733,IMU,722,1208,-276,8496,-109,65,65
32752,IMU,723,1200,-256,8368,-91,56,47
32771,IMU,724,1104,-180,8348,-90,60,52
32790,IMU,725,1024,-352,8480,-110,59,46
32809,IMU,726,1116,-336,8360,-103,58,21
32828,IMU,727,1116,-304,8440,-100,61,31
32847,IMU,728,1192,-296,8456,-87,46,39
32870,IMU,729,1108,-308,8388,-93,66,58
32886,IMU,730,1088,-144,8400,-88,54,55
32905,IMU,731,1108,-220,8456,-85,56,47
32924,IMU,732,1192,-240,8388,-98,59,50
32943,IMU,733,1192,-184,8456,-99,78,42
32963,IMU,734,1172,-124,8428,-89,55,38
32982,IMU,735,1116,-224,8424,-94,53,29
33001,IMU,736,1116,-276,8416,-94,65,37
33021,IMU,737,1108,-212,8436,-86,74,36
33039,IMU,738,1120,-276,8532,-74,62,42
33058,IMU,739,1108,-180,8400,-95,59,39
33077,IMU,740,1160,-304,8504,-99,62,42
33097,IMU,741,1220,-212,8472,-89,67,50
33116,IMU,742,1252,-256,8412,-98,65,45
33135,IMU,743,1164,-264,8484,-127,48,40
33154,IMU,744,1128,-300,8380,-88,59,55
33173,IMU,745,1240,-208,8464,-102,54,31
33192,IMU,746,1196,-188,8396,-96,55,35
33212,IMU,747,1120,-204,8408,-95,72,41
33231,IMU,748,1220,-280,8492,-79,65,54
33250,IMU,749,1112,-176,8432,-103,59,23
33269,IMU,750,1240,-260,8416,-93,55,36
33288,IMU,751,1108,-240,8432,-105,66,59
33307,IMU,752,1108,-224,8392,-104,63,49
33327,IMU,753,1096,-236,8436,-89,57,38
33349,IMU,754,1144,-248,8416,-92,40,46
33365,IMU,755,1304,-216,8432,-94,54,37
33384,IMU,756,1092,-216,8440,-84,61,55
33403,IMU,757,1176,-188,8496,-91,58,42
33422,IMU,758,1252,-264,8408,-90,62,53
33442,IMU,759,1120,-276,8428,-96,68,54
33461,IMU,760,1128,-216,8484,-88,62,31
33480,IMU,761,1156,-332,8460,-89,65,54
33499,IMU,762,1160,-164,8440,-86,71,44
33518,IMU,763,1240,-288,8448,-84,77,46
33537,IMU,764,1064,-240,8436,-79,68,50
33556,IMU,765,1228,-240,8420,-77,67,38
33577,IMU,766,1172,-232,8392,-96,69,41
33594,IMU,767,1116,-264,8476,-83,63,44
33614,IMU,768,1160,-212,8404,-92,66,33
33633,IMU,769,1160,-260,8312,-88,69,33
33652,IMU,770,1132,-328,8380,-100,54,46
33671,IMU,771,1140,-292,8492,-74,50,44
33690,IMU,772,1208,-240,8472,-86,51,43
33709,IMU,773,1128,-200,8400,-105,62,45
33729,IMU,774,1156,-300,8400,-101,49,52
33748,IMU,775,1228,-232,8472,-102,46,29
33767,IMU,776,1116,-292,8388,-102,41,51
33786,IMU,777,1164,-92,8472,-80,62,43
33805,IMU,778,1248,-188,8352,-95,42,36
33827,IMU,779,1236,-300,8440,-80,41,34
33845,IMU,780,1252,-232,8360,-72,55,30
33863,IMU,781,1200,-284,8436,-73,65,40
33882,IMU,782,1052,-232,8480,-78,72,44
33901,IMU,783,1156,-296,8456,-86,59,53
33920,IMU,784,1192,-248,8440,-79,43,46
33939,IMU,785,1100,-156,8376,-82,45,31
33958,IMU,786,1144,-176,8368,-67,44,40
33978,IMU,787,1180,-208,8448,-79,51,32
33997,IMU,788,1184,-236,8444,-83,70,49
34016,IMU,789,1200,-168,8384,-100,40,41
34035,IMU,790,1112,-160,8308,-71,56,55
34054,IMU,791,1124,-332,8424,-95,61,30
34073,IMU,792,1100,-268,8440,-89,71,53
34093,IMU,793,1160,-268,8344,-90,48,44
34112,IMU,794,1140,-236,8404,-90,69,56
34131,IMU,795,1180,-144,8400,-75,65,61
34150,IMU,796,1148,-308,8452,-91,51,40
34169,IMU,797,1156,-348,8368,-93,64,30
34188,IMU,798,1172,-180,8484,-97,56,51
34207,IMU,799,1200,-228,8420,-91,62,43
34227,IMU,800,1208,-232,8528,-87,49,45
34246,IMU,801,1176,-252,8352,-94,56,41
34265,IMU,802,1164,-300,8444,-94,56,52
34284,IMU,803,1216,-304,8420,-96,60,33
34305,IMU,804,1152,-256,8464,-75,60,37
34324,IMU,805,1192,-228,8400,-93,65,48
34342,IMU,806,1092,-204,8416,-89,56,43
34361,IMU,807,1056,-176,8400,-83,73,34
34380,IMU,808,1192,-140,8364,-100,65,31
34399,IMU,809,1096,-272,8444,-100,63,42
34418,IMU,810,1184,-168,8472,-90,54,53
34437,IMU,811,1252,-224,8452,-93,37,37
34457,IMU,812,1168,-200,8500,-82,46,42
34476,IMU,813,1244,-292,8416,-91,58,42
34495,IMU,814,1160,-296,8396,-98,41,49
34514,IMU,815,1056,-232,8472,-85,66,47
34533,IMU,816,1160,-324,8388,-85,52,30
34553,IMU,817,1172,-292,8452,-91,62,33
34572,IMU,818,1060,-320,8444,-86,64,51
34591,IMU,819,1140,-128,8468,-108,51,34
34612,IMU,820,1152,-208,8460,-103,59,48
34629,IMU,821,1180,-172,8488,-102,74,50
34649,IMU,822,1164,-248,8472,-108,58,54
34668,IMU,823,1144,-184,8404,-97,53,59
34687,IMU,824,1248,-240,8540,-88,51,49
34706,IMU,825,1152,-216,8488,-81,63,45
34725,IMU,826,1088,-120,8360,-93,50,46
34744,IMU,827,1160,-272,8436,-82,67,39
34764,IMU,828,1156,-300,8388,-95,66,46
34783,IMU,829,1212,-344,8436,-103,63,56
34804,IMU,830,1184,-176,8472,-106,48,43
34821,IMU,831,1136,-208,8328,-94,83,43
31367,ECG,3072,1484,0,0,0,0,0
31372,ECG,3073,1474,0,0,0,0,0
31372,ECG,3074,1464,0,0,0,0,0
31377,ECG,3075,1454,0,0,0,0,0
31377,ECG,3076,1444,0,0,0,0,0
31377,ECG,3077,1435,0,0,0,0,0
31382,ECG,3078,1425,0,0,0,0,0
31382,ECG,3079,1416,0,0,0,0,0
31383,ECG,3080,1406,0,0,0,0,0
31387,ECG,3081,1397,0,0,0,0,0
31387,ECG,3082,1387,0,0,0,0,0
31392,ECG,3083,1378,0,0,0,0,0
31392,ECG,3084,1369,0,0,0,0,0
31397,ECG,3085,1350,0,0,0,0,0
31397,ECG,3086,1341,0,0,0,0,0
31402,ECG,3087,1332,0,0,0,0,0
31402,ECG,3088,1323,0,0,0,0,0
31402,ECG,3089,1314,0,0,0,0,0
31407,ECG,3090,1305,0,0,0,0,0
31407,ECG,3091,1297,0,0,0,0,0
31412,ECG,3092,1288,0,0,0,0,0
31412,ECG,3093,1279,0,0,0,0,0
31412,ECG,3094,1270,0,0,0,0,0
31417,ECG,3095,1262,0,0,0,0,0
31417,ECG,3096,1253,0,0,0,0,0
31422,ECG,3097,1236,0,0,0,0,0
31422,ECG,3098,1228,0,0,0,0,0
31427,ECG,3099,1220,0,0,0,0,0
31427,ECG,3100,1212,0,0,0,0,0
31432,ECG,3101,1195,0,0,0,0,0
31432,ECG,3102,1187,0,0,0,0,0
31437,ECG,3103,1179,0,0,0,0,0
31437,ECG,3104,1171,0,0,0,0,0
31437,ECG,3105,1163,0,0,0,0,0
31442,ECG,3106,1155,0,0,0,0,0
31442,ECG,3107,1147,0,0,0,0,0
31447,ECG,3108,1140,0,0,0,0,0
31447,ECG,3109,1132,0,0,0,0,0
31447,ECG,3110,1124,0,0,0,0,0
31452,ECG,3111,1116,0,0,0,0,0
31452,ECG,3112,1109,0,0,0,0,0
31457,ECG,3113,1101,0,0,0,0,0
31457,ECG,3114,1094,0,0,0,0,0
31457,ECG,3115,1086,0,0,0,0,0
32464,ECG,3116,0,0,0,0,0,0
32464,ECG,3117,-1,0,0,0,0,0
32464,ECG,3118,-6,0,0,0,0,0
32469,ECG,3119,2,0,0,0,0,0
32469,ECG,3120,6,0,0,0,0,0
32474,ECG,3121,38,0,0,0,0,0
32474,ECG,3122,-19,0,0,0,0,0
32479,ECG,3123,-20,0,0,0,0,0
32479,ECG,3124,143,0,0,0,0,0
32484,ECG,3125,-2038,0,0,0,0,0
32484,ECG,3126,-1806,0,0,0,0,0
32489,ECG,3127,-86,0,0,0,0,0
32489,ECG,3128,3274,0,0,0,0,0
32489,ECG,3129,8515,0,0,0,0,0
32494,ECG,3130,14856,0,0,0,0,0
32494,ECG,3131,21356,0,0,0,0,0
32499,ECG,3132,27077,0,0,0,0,0
32499,ECG,3133,31055,0,0,0,0,0
32499,ECG,3134,32020,0,0,0,0,0
32504,ECG,3135,31819,0,0,0,0,0
32504,ECG,3136,31619,0,0,0,0,0
32509,ECG,3137,31420,0,0,0,0,0
32509,ECG,3138,31157,0,0,0,0,0
32509,ECG,3139,31023,0,0,0,0,0
32514,ECG,3140,30743,0,0,0,0,0
32514,ECG,3141,30599,0,0,0,0,0
32515,ECG,3142,30400,0,0,0,0,0
32519,ECG,3143,30208,0,0,0,0,0
32519,ECG,3144,30016,0,0,0,0,0
32524,ECG,3145,29857,0,0,0,0,0
32524,ECG,3146,29689,0,0,0,0,0
32524,ECG,3147,29481,0,0,0,0,0
32529,ECG,3148,29208,0,0,0,0,0
32529,ECG,3149,28945,0,0,0,0,0
32534,ECG,3150,28663,0,0,0,0,0
32534,ECG,3151,28405,0,0,0,0,0
32534,ECG,3152,28199,0,0,0,0,0
32539,ECG,3153,28048,0,0,0,0,0
32539,ECG,3154,27941,0,0,0,0,0
32544,ECG,3155,27871,0,0,0,0,0
32544,ECG,3156,27798,0,0,0,0,0
32544,ECG,3157,27701,0,0,0,0,0
32549,ECG,3158,27540,0,0,0,0,0
32549,ECG,3159,27305,0,0,0,0,0
32554,ECG,3160,26880,0,0,0,0,0
32554,ECG,3161,26696,0,0,0,0,0
32559,ECG,3162,26532,0,0,0,0,0
32559,ECG,3163,26391,0,0,0,0,0
32564,ECG,3164,26122,0,0,0,0,0
32564,ECG,3165,26000,0,0,0,0,0
32569,ECG,3166,25851,0,0,0,0,0
32569,ECG,3167,25653,0,0,0,0,0
32569,ECG,3168,25460,0,0,0,0,0
32574,ECG,3169,25284,0,0,0,0,0
32574,ECG,3170,25107,0,0,0,0,0
32579,ECG,3171,24942,0,0,0,0,0
32579,ECG,3172,24791,0,0,0,0,0
32579,ECG,3173,24651,0,0,0,0,0
32584,ECG,3174,24518,0,0,0,0,0
32584,ECG,3175,24380,0,0,0,0,0
32589,ECG,3176,24246,0,0,0,0,0
32589,ECG,3177,24108,0,0,0,0,0
32589,ECG,3178,23943,0,0,0,0,0
32594,ECG,3179,23785,0,0,0,0,0
32594,ECG,3180,23639,0,0,0,0,0
32595,ECG,3181,23489,0,0,0,0,0
32599,ECG,3182,23343,0,0,0,0,0
32599,ECG,3183,23192,0,0,0,0,0
32604,ECG,3184,23056,0,0,0,0,0
32604,ECG,3185,22927,0,0,0,0,0
32609,ECG,3186,22596,0,0,0,0,0
32609,ECG,3187,22429,0,0,0,0,0
32614,ECG,3188,22257,0,0,0,0,0
32614,ECG,3189,22094,0,0,0,0,0
32614,ECG,3190,21945,0,0,0,0,0
32619,ECG,3191,21816,0,0,0,0,0
32619,ECG,3192,21703,0,0,0,0,0
32624,ECG,3193,21590,0,0,0,0,0
32624,ECG,3194,21497,0,0,0,0,0
32624,ECG,3195,21409,0,0,0,0,0
32629,ECG,3196,21261,0,0,0,0,0
32629,ECG,3197,21078,0,0,0,0,0
32634,ECG,3198,20738,0,0,0,0,0
32634,ECG,3199,20579,0,0,0,0,0
32639,ECG,3200,20444,0,0,0,0,0
32639,ECG,3201,20325,0,0,0,0,0
32644,ECG,3202,20151,0,0,0,0,0
32644,ECG,3203,20047,0,0,0,0,0
32649,ECG,3204,19949,0,0,0,0,0
32649,ECG,3205,19834,0,0,0,0,0
32649,ECG,3206,19671,0,0,0,0,0
32654,ECG,3207,19532,0,0,0,0,0
32654,ECG,3208,19412,0,0,0,0,0
32659,ECG,3209,19290,0,0,0,0,0
32659,ECG,3210,19176,0,0,0,0,0
32659,ECG,3211,19062,0,0,0,0,0
32664,ECG,3212,18963,0,0,0,0,0
32664,ECG,3213,18862,0,0,0,0,0
32669,ECG,3214,18728,0,0,0,0,0
32669,ECG,3215,18584,0,0,0,0,0
32669,ECG,3216,18442,0,0,0,0,0
32674,ECG,3217,18301,0,0,0,0,0
32674,ECG,3218,18170,0,0,0,0,0
32679,ECG,3219,17949,0,0,0,0,0
32679,ECG,3220,17859,0,0,0,0,0
32684,ECG,3221,17771,0,0,0,0,0
32684,ECG,3222,17677,0,0,0,0,0
32689,ECG,3223,17486,0,0,0,0,0
32689,ECG,3224,17357,0,0,0,0,0
32694,ECG,3225,17246,0,0,0,0,0
32694,ECG,3226,17141,0,0,0,0,0
32694,ECG,3227,17030,0,0,0,0,0
32699,ECG,3228,16924,0,0,0,0,0
32699,ECG,3229,16817,0,0,0,0,0
32704,ECG,3230,16711,0,0,0,0,0
32704,ECG,3231,16606,0,0,0,0,0
32704,ECG,3232,16501,0,0,0,0,0
32709,ECG,3233,16397,0,0,0,0,0
32709,ECG,3234,16294,0,0,0,0,0
32714,ECG,3235,16089,0,0,0,0,0
32714,ECG,3236,15986,0,0,0,0,0
32719,ECG,3237,15889,0,0,0,0,0
32719,ECG,3238,15786,0,0,0,0,0
32720,ECG,3239,15685,0,0,0,0,0
32724,ECG,3240,15611,0,0,0,0,0
32724,ECG,3241,15512,0,0,0,0,0
32729,ECG,3242,15381,0,0,0,0,0
32729,ECG,3243,15258,0,0,0,0,0
32729,ECG,3244,15129,0,0,0,0,0
32734,ECG,3245,15000,0,0,0,0,0
32734,ECG,3246,14888,0,0,0,0,0
32739,ECG,3247,14796,0,0,0,0,0
32739,ECG,3248,14721,0,0,0,0,0
32739,ECG,3249,14660,0,0,0,0,0
32744,ECG,3250,14608,0,0,0,0,0
32744,ECG,3251,14549,0,0,0,0,0
32749,ECG,3252,14476,0,0,0,0,0
32749,ECG,3253,14366,0,0,0,0,0
32749,ECG,3254,14239,0,0,0,0,0
32754,ECG,3255,14134,0,0,0,0,0
32754,ECG,3256,14035,0,0,0,0,0
32759,ECG,3257,13861,0,0,0,0,0
32759,ECG,3258,13788,0,0,0,0,0
32764,ECG,3259,13718,0,0,0,0,0
32764,ECG,3260,13645,0,0,0,0,0
32769,ECG,3261,13496,0,0,0,0,0
32769,ECG,3262,13398,0,0,0,0,0
32774,ECG,3263,13312,0,0,0,0,0
32774,ECG,3264,13229,0,0,0,0,0
32774,ECG,3265,13145,0,0,0,0,0
32779,ECG,3266,13064,0,0,0,0,0
32779,ECG,3267,12975,0,0,0,0,0
32784,ECG,3268,12911,0,0,0,0,0
32784,ECG,3269,12845,0,0,0,0,0
32784,ECG,3270,12736,0,0,0,0,0
32789,ECG,3271,12624,0,0,0,0,0
32789,ECG,3272,12515,0,0,0,0,0
32794,ECG,3273,12398,0,0,0,0,0
32794,ECG,3274,12295,0,0,0,0,0
32794,ECG,3275,12211,0,0,0,0,0
32799,ECG,3276,12149,0,0,0,0,0
32799,ECG,3277,12100,0,0,0,0,0
32800,ECG,3278,12064,0,0,0,0,0
32804,ECG,3279,12032,0,0,0,0,0
32804,ECG,3280,11982,0,0,0,0,0
32809,ECG,3281,11896,0,0,0,0,0
32809,ECG,3282,11778,0,0,0,0,0
32809,ECG,3283,11672,0,0,0,0,0
32814,ECG,3284,11582,0,0,0,0,0
32814,ECG,3285,11495,0,0,0,0,0
32819,ECG,3286,11429,0,0,0,0,0
32819,ECG,3287,11373,0,0,0,0,0
32819,ECG,3288,11320,0,0,0,0,0
32824,ECG,3289,11297,0,0,0,0,0
32824,ECG,3290,11263,0,0,0,0,0
32829,ECG,3291,11169,0,0,0,0,0
32829,ECG,3292,11048,0,0,0,0,0
32829,ECG,3293,10926,0,0,0,0,0
32834,ECG,3294,10811,0,0,0,0,0
32834,ECG,3295,10712,0,0,0,0,0
32839,ECG,3296,10596,0,0,0,0,0
32839,ECG,3297,10564,0,0,0,0,0
32844,ECG,3298,10559,0,0,0,0,0
32844,ECG,3299,10564,0,0,0,0,0
32849,ECG,3300,10407,0,0,0,0,0
32849,ECG,3301,10259,0,0,0,0,0
32854,ECG,3302,10129,0,0,0,0,0
32854,ECG,3303,10020,0,0,0,0,0
32854,ECG,3304,9933,0,0,0,0,0
32859,ECG,3305,9883,0,0,0,0,0
32859,ECG,3306,9861,0,0,0,0,0
32864,ECG,3307,9866,0,0,0,0,0
32864,ECG,3308,9863,0,0,0,0,0
32864,ECG,3309,9843,0,0,0,0,0
32869,ECG,3310,9810,0,0,0,0,0
32869,ECG,3311,9709,0,0,0,0,0
32874,ECG,3312,9606,0,0,0,0,0
32874,ECG,3313,9540,0,0,0,0,0
32874,ECG,3314,9477,0,0,0,0,0
32879,ECG,3315,9421,0,0,0,0,0
32879,ECG,3316,9365,0,0,0,0,0
32880,ECG,3317,9360,0,0,0,0,0
32884,ECG,3318,9335,0,0,0,0,0
32884,ECG,3319,9255,0,0,0,0,0
32889,ECG,3320,9108,0,0,0,0,0
32889,ECG,3321,8949,0,0,0,0,0
32894,ECG,3322,8644,0,0,0,0,0
32894,ECG,3323,8561,0,0,0,0,0
32899,ECG,3324,8536,0,0,0,0,0
32899,ECG,3325,8570,0,0,0,0,0
32899,ECG,3326,8620,0,0,0,0,0
32904,ECG,3327,8661,0,0,0,0,0
32904,ECG,3328,8720,0,0,0,0,0
32909,ECG,3329,8666,0,0,0,0,0
32909,ECG,3330,8579,0,0,0,0,0
32909,ECG,3331,8476,0,0,0,0,0
32914,ECG,3332,8411,0,0,0,0,0
32914,ECG,3333,8335,0,0,0,0,0
32919,ECG,3334,8232,0,0,0,0,0
32919,ECG,3335,8187,0,0,0,0,0
32924,ECG,3336,8183,0,0,0,0,0
32924,ECG,3337,8164,0,0,0,0,0
32929,ECG,3338,8020,0,0,0,0,0
32929,ECG,3339,7920,0,0,0,0,0
32934,ECG,3340,7816,0,0,0,0,0
32934,ECG,3341,7742,0,0,0,0,0
32934,ECG,3342,7686,0,0,0,0,0
32939,ECG,3343,7655,0,0,0,0,0
32939,ECG,3344,7645,0,0,0,0,0
32944,ECG,3345,7642,0,0,0,0,0
32944,ECG,3346,7638,0,0,0,0,0
32944,ECG,3347,7628,0,0,0,0,0
32949,ECG,3348,7575,0,0,0,0,0
32949,ECG,3349,7482,0,0,0,0,0
32954,ECG,3350,7412,0,0,0,0,0
32954,ECG,3351,7356,0,0,0,0,0
32954,ECG,3352,7300,0,0,0,0,0
32959,ECG,3353,7256,0,0,0,0,0
32959,ECG,3354,7222,0,0,0,0,0
32964,ECG,3355,7163,0,0,0,0,0
32964,ECG,3356,7131,0,0,0,0,0
32969,ECG,3357,7101,0,0,0,0,0
32969,ECG,3358,7048,0,0,0,0,0
32974,ECG,3359,6954,0,0,0,0,0
32974,ECG,3360,6906,0,0,0,0,0
32979,ECG,3361,6866,0,0,0,0,0
32979,ECG,3362,6820,0,0,0,0,0
32979,ECG,3363,6774,0,0,0,0,0
32984,ECG,3364,6767,0,0,0,0,0
32984,ECG,3365,6723,0,0,0,0,0
32989,ECG,3366,6631,0,0,0,0,0
32989,ECG,3367,6552,0,0,0,0,0
32989,ECG,3368,6463,0,0,0,0,0
32994,ECG,3369,6374,0,0,0,0,0
32994,ECG,3370,6308,0,0,0,0,0
32999,ECG,3371,6260,0,0,0,0,0
32999,ECG,3372,6260,0,0,0,0,0
33004,ECG,3373,6287,0,0,0,0,0
33004,ECG,3374,6316,0,0,0,0,0
33005,ECG,3375,6287,0,0,0,0,0
33009,ECG,3376,6190,0,0,0,0,0
33009,ECG,3377,6074,0,0,0,0,0
33014,ECG,3378,5982,0,0,0,0,0
33014,ECG,3379,5904,0,0,0,0,0
33014,ECG,3380,5851,0,0,0,0,0
33019,ECG,3381,5833,0,0,0,0,0
33019,ECG,3382,5835,0,0,0,0,0
33024,ECG,3383,5862,0,0,0,0,0
33024,ECG,3384,5882,0,0,0,0,0
33024,ECG,3385,5885,0,0,0,0,0
33029,ECG,3386,5855,0,0,0,0,0
33029,ECG,3387,5766,0,0,0,0,0
33034,ECG,3388,5689,0,0,0,0,0
33034,ECG,3389,5644,0,0,0,0,0
33034,ECG,3390,5597,0,0,0,0,0
33039,ECG,3391,5567,0,0,0,0,0
33039,ECG,3392,5548,0,0,0,0,0
33044,ECG,3393,5523,0,0,0,0,0
33044,ECG,3394,5508,0,0,0,0,0
33049,ECG,3395,5484,0,0,0,0,0
33049,ECG,3396,5431,0,0,0,0,0
33054,ECG,3397,5347,0,0,0,0,0
33054,ECG,3398,5306,0,0,0,0,0
33059,ECG,3399,5279,0,0,0,0,0
33059,ECG,3400,5241,0,0,0,0,0
33059,ECG,3401,5215,0,0,0,0,0
33064,ECG,3402,5238,0,0,0,0,0
33064,ECG,3403,5199,0,0,0,0,0
33069,ECG,3404,5101,0,0,0,0,0
33069,ECG,3405,5016,0,0,0,0,0
33069,ECG,3406,4911,0,0,0,0,0
33074,ECG,3407,4813,0,0,0,0,0
33074,ECG,3408,4753,0,0,0,0,0
33079,ECG,3409,4738,0,0,0,0,0
33079,ECG,3410,4781,0,0,0,0,0
33084,ECG,3411,4811,0,0,0,0,0
33084,ECG,3412,4838,0,0,0,0,0
33085,ECG,3413,4861,0,0,0,0,0
33089,ECG,3414,4822,0,0,0,0,0
33089,ECG,3415,4747,0,0,0,0,0
33094,ECG,3416,4726,0,0,0,0,0
33094,ECG,3417,4698,0,0,0,0,0
33094,ECG,3418,4663,0,0,0,0,0
33099,ECG,3419,4636,0,0,0,0,0
33099,ECG,3420,4605,0,0,0,0,0
33104,ECG,3421,4576,0,0,0,0,0
33104,ECG,3422,4547,0,0,0,0,0
33104,ECG,3423,4518,0,0,0,0,0
33109,ECG,3424,4489,0,0,0,0,0
33109,ECG,3425,4460,0,0,0,0,0
33114,ECG,3426,4432,0,0,0,0,0
33114,ECG,3427,4402,0,0,0,0,0
33114,ECG,3428,4374,0,0,0,0,0
33119,ECG,3429,4350,0,0,0,0,0
33119,ECG,3430,4313,0,0,0,0,0
33124,ECG,3431,4304,0,0,0,0,0
33124,ECG,3432,4246,0,0,0,0,0
33129,ECG,3433,4174,0,0,0,0,0
33129,ECG,3434,4112,0,0,0,0,0
33134,ECG,3435,3972,0,0,0,0,0
33134,ECG,3436,3935,0,0,0,0,0
33139,ECG,3437,3921,0,0,0,0,0
33139,ECG,3438,3935,0,0,0,0,0
33139,ECG,3439,3959,0,0,0,0,0
33144,ECG,3440,3970,0,0,0,0,0
33144,ECG,3441,3996,0,0,0,0,0
33149,ECG,3442,3996,0,0,0,0,0
33149,ECG,3443,3931,0,0,0,0,0
33149,ECG,3444,3882,0,0,0,0,0
33154,ECG,3445,3859,0,0,0,0,0
33154,ECG,3446,3818,0,0,0,0,0
33159,ECG,3447,3793,0,0,0,0,0
33159,ECG,3448,3773,0,0,0,0,0
33159,ECG,3449,3742,0,0,0,0,0
33164,ECG,3450,3764,0,0,0,0,0
33164,ECG,3451,3774,0,0,0,0,0
33165,ECG,3452,3708,0,0,0,0,0
33169,ECG,3453,3629,0,0,0,0,0
33169,ECG,3454,3544,0,0,0,0,0
33174,ECG,3455,3439,0,0,0,0,0
33174,ECG,3456,3369,0,0,0,0,0
33179,ECG,3457,3337,0,0,0,0,0
33179,ECG,3458,3379,0,0,0,0,0
33184,ECG,3459,3431,0,0,0,0,0
33184,ECG,3460,3462,0,0,0,0,0
33184,ECG,3461,3511,0,0,0,0,0
33189,ECG,3462,3504,0,0,0,0,0
33189,ECG,3463,3444,0,0,0,0,0
33194,ECG,3464,3408,0,0,0,0,0
33194,ECG,3465,3399,0,0,0,0,0
33194,ECG,3466,3367,0,0,0,0,0
33199,ECG,3467,3353,0,0,0,0,0
33199,ECG,3468,3326,0,0,0,0,0
33204,ECG,3469,3329,0,0,0,0,0
33204,ECG,3470,3308,0,0,0,0,0
33209,ECG,3471,3216,0,0,0,0,0
33209,ECG,3472,3125,0,0,0,0,0
33214,ECG,3473,2921,0,0,0,0,0
33214,ECG,3474,2859,0,0,0,0,0
33219,ECG,3475,2841,0,0,0,0,0
33219,ECG,3476,2868,0,0,0,0,0
33219,ECG,3477,2935,0,0,0,0,0
33224,ECG,3478,2996,0,0,0,0,0
33224,ECG,3479,3046,0,0,0,0,0
33229,ECG,3480,3093,0,0,0,0,0
33229,ECG,3481,3073,0,0,0,0,0
33229,ECG,3482,3006,0,0,0,0,0
33234,ECG,3483,2987,0,0,0,0,0
33234,ECG,3484,2974,0,0,0,0,0
33239,ECG,3485,2949,0,0,0,0,0
33239,ECG,3486,2933,0,0,0,0,0
33239,ECG,3487,2913,0,0,0,0,0
33244,ECG,3488,2894,0,0,0,0,0
33244,ECG,3489,2875,0,0,0,0,0
33249,ECG,3490,2838,0,0,0,0,0
33249,ECG,3491,2820,0,0,0,0,0
33254,ECG,3492,2802,0,0,0,0,0
33254,ECG,3493,2781,0,0,0,0,0
33259,ECG,3494,2745,0,0,0,0,0
33259,ECG,3495,2725,0,0,0,0,0
33264,ECG,3496,2756,0,0,0,0,0
33264,ECG,3497,2738,0,0,0,0,0
33264,ECG,3498,2660,0,0,0,0,0
33269,ECG,3499,2561,0,0,0,0,0
33269,ECG,3500,2452,0,0,0,0,0
33274,ECG,3501,2340,0,0,0,0,0
33274,ECG,3502,2265,0,0,0,0,0
33274,ECG,3503,2245,0,0,0,0,0
33279,ECG,3504,2279,0,0,0,0,0
33279,ECG,3505,2344,0,0,0,0,0
33284,ECG,3506,2561,0,0,0,0,0
33284,ECG,3507,2562,0,0,0,0,0
33289,ECG,3508,2504,0,0,0,0,0
33289,ECG,3509,2368,0,0,0,0,0
33294,ECG,3510,2188,0,0,0,0,0
33294,ECG,3511,2150,0,0,0,0,0
33299,ECG,3512,2157,0,0,0,0,0
33299,ECG,3513,2208,0,0,0,0,0
33299,ECG,3514,2276,0,0,0,0,0
33304,ECG,3515,2326,0,0,0,0,0
33304,ECG,3516,2385,0,0,0,0,0
33309,ECG,3517,2396,0,0,0,0,0
33309,ECG,3518,2354,0,0,0,0,0
33309,ECG,3519,2312,0,0,0,0,0
33314,ECG,3520,2311,0,0,0,0,0
33314,ECG,3521,2287,0,0,0,0,0
33319,ECG,3522,2280,0,0,0,0,0
33319,ECG,3523,2260,0,0,0,0,0
33319,ECG,3524,2239,0,0,0,0,0
33324,ECG,3525,2276,0,0,0,0,0
33324,ECG,3526,2261,0,0,0,0,0
33329,ECG,3527,2084,0,0,0,0,0
33329,ECG,3528,1981,0,0,0,0,0
33334,ECG,3529,1872,0,0,0,0,0
33334,ECG,3530,1809,0,0,0,0,0
33339,ECG,3531,1835,0,0,0,0,0
33339,ECG,3532,1916,0,0,0,0,0
33344,ECG,3533,2013,0,0,0,0,0
33344,ECG,3534,2079,0,0,0,0,0
33344,ECG,3535,2117,0,0,0,0,0
33349,ECG,3536,2088,0,0,0,0,0
33349,ECG,3537,1980,0,0,0,0,0
33354,ECG,3538,1940,0,0,0,0,0
33354,ECG,3539,1918,0,0,0,0,0
33354,ECG,3540,1896,0,0,0,0,0
33359,ECG,3541,1902,0,0,0,0,0
33359,ECG,3542,1919,0,0,0,0,0
33364,ECG,3543,1945,0,0,0,0,0
33364,ECG,3544,1963,0,0,0,0,0
33369,ECG,3545,1951,0,0,0,0,0
33369,ECG,3546,1915,0,0,0,0,0
33370,ECG,3547,1904,0,0,0,0,0
33374,ECG,3548,1895,0,0,0,0,0
33374,ECG,3549,1878,0,0,0,0,0
33379,ECG,3550,1871,0,0,0,0,0
33379,ECG,3551,1852,0,0,0,0,0
33379,ECG,3552,1844,0,0,0,0,0
33384,ECG,3553,1859,0,0,0,0,0
33384,ECG,3554,1835,0,0,0,0,0
33389,ECG,3555,1787,0,0,0,0,0
33389,ECG,3556,1749,0,0,0,0,0
33389,ECG,3557,1701,0,0,0,0,0
33394,ECG,3558,1657,0,0,0,0,0
33394,ECG,3559,1633,0,0,0,0,0
33399,ECG,3560,1627,0,0,0,0,0
33399,ECG,3561,1639,0,0,0,0,0
33399,ECG,3562,1667,0,0,0,0,0
33404,ECG,3563,1685,0,0,0,0,0
33404,ECG,3564,1705,0,0,0,0,0
33409,ECG,3565,1698,0,0,0,0,0
33409,ECG,3566,1667,0,0,0,0,0
33414,ECG,3567,1663,0,0,0,0,0
33414,ECG,3568,1650,0,0,0,0,0
33419,ECG,3569,1630,0,0,0,0,0
33419,ECG,3570,1613,0,0,0,0,0
33424,ECG,3571,1624,0,0,0,0,0
33424,ECG,3572,1630,0,0,0,0,0
33424,ECG,3573,1587,0,0,0,0,0
33429,ECG,3574,1537,0,0,0,0,0
33429,ECG,3575,1485,0,0,0,0,0
33434,ECG,3576,1430,0,0,0,0,0
33434,ECG,3577,1383,0,0,0,0,0
33434,ECG,3578,1369,0,0,0,0,0
33439,ECG,3579,1380,0,0,0,0,0
33439,ECG,3580,1390,0,0,0,0,0
33444,ECG,3581,1483,0,0,0,0,0
33444,ECG,3582,1542,0,0,0,0,0
33444,ECG,3583,1519,0,0,0,0,0
33449,ECG,3584,1405,0,0,0,0,0
33449,ECG,3585,1263,0,0,0,0,0
33450,ECG,3586,1108,0,0,0,0,0
33454,ECG,3587,1007,0,0,0,0,0
33454,ECG,3588,974,0,0,0,0,0
33459,ECG,3589,1007,0,0,0,0,0
33459,ECG,3590,1107,0,0,0,0,0
33464,ECG,3591,1351,0,0,0,0,0
33464,ECG,3592,1450,0,0,0,0,0
33469,ECG,3593,1441,0,0,0,0,0
33469,ECG,3594,1371,0,0,0,0,0
33469,ECG,3595,1304,0,0,0,0,0
33474,ECG,3596,1301,0,0,0,0,0
33474,ECG,3597,1275,0,0,0,0,0
33479,ECG,3598,1278,0,0,0,0,0
33479,ECG,3599,1288,0,0,0,0,0
33479,ECG,3600,1295,0,0,0,0,0
33484,ECG,3601,1342,0,0,0,0,0
33484,ECG,3602,1360,0,0,0,0,0
33489,ECG,3603,1244,0,0,0,0,0
33489,ECG,3604,1178,0,0,0,0,0
33494,ECG,3605,1114,0,0,0,0,0
33494,ECG,3606,1070,0,0,0,0,0
33499,ECG,3607,1080,0,0,0,0,0
33499,ECG,3608,1126,0,0,0,0,0
33504,ECG,3609,1177,0,0,0,0,0
33504,ECG,3610,1228,0,0,0,0,0
33504,ECG,3611,1271,0,0,0,0,0
33509,ECG,3612,1250,0,0,0,0,0
33509,ECG,3613,1186,0,0,0,0,0
33514,ECG,3614,1157,0,0,0,0,0
33514,ECG,3615,1139,0,0,0,0,0
33514,ECG,3616,1118,0,0,0,0,0
33519,ECG,3617,1117,0,0,0,0,0
33519,ECG,3618,1121,0,0,0,0,0
33524,ECG,3619,1129,0,0,0,0,0
33524,ECG,3620,1154,0,0,0,0,0
33524,ECG,3621,1167,0,0,0,0,0
33529,ECG,3622,1151,0,0,0,0,0
33529,ECG,3623,1115,0,0,0,0,0
34536,ECG,3624,0,0,0,0,0,0
34536,ECG,3625,-1,0,0,0,0,0
34536,ECG,3626,-6,0,0,0,0,0
34541,ECG,3627,2,0,0,0,0,0
34541,ECG,3628,6,0,0,0,0,0
34546,ECG,3629,38,0,0,0,0,0
34546,ECG,3630,-16,0,0,0,0,0
34551,ECG,3631,-27,0,0,0,0,0
34551,ECG,3632,151,0,0,0,0,0
34556,ECG,3633,-2109,0,0,0,0,0
34556,ECG,3634,-1848,0,0,0,0,0
34561,ECG,3635,-42,0,0,0,0,0
34561,ECG,3636,3409,0,0,0,0,0
34561,ECG,3637,8764,0,0,0,0,0
34566,ECG,3638,15156,0,0,0,0,0
34566,ECG,3639,21653,0,0,0,0,0
34571,ECG,3640,27327,0,0,0,0,0
34571,ECG,3641,31198,0,0,0,0,0
34571,ECG,3642,32012,0,0,0,0,0
34576,ECG,3643,31811,0,0,0,0,0
34576,ECG,3644,31611,0,0,0,0,0
34581,ECG,3645,31056,0,0,0,0,0
34581,ECG,3646,31005,0,0,0,0,0
34586,ECG,3647,30750,0,0,0,0,0
34586,ECG,3648,30626,0,0,0,0,0
34587,ECG,3649,30400,0,0,0,0,0
34591,ECG,3650,30192,0,0,0,0,0
34591,ECG,3651,30024,0,0,0,0,0
34596,ECG,3652,29826,0,0,0,0,0
34596,ECG,3653,29641,0,0,0,0,0
34596,ECG,3654,29451,0,0,0,0,0
34601,ECG,3655,29269,0,0,0,0,0
34601,ECG,3656,29105,0,0,0,0,0
34606,ECG,3657,28913,0,0,0,0,0
34606,ECG,3658,28704,0,0,0,0,0
34606,ECG,3659,28504,0,0,0,0,0
34611,ECG,3660,28298,0,0,0,0,0
34611,ECG,3661,28097,0,0,0,0,0
34616,ECG,3662,27909,0,0,0,0,0
34616,ECG,3663,27739,0,0,0,0,0
34616,ECG,3664,27583,0,0,0,0,0
34621,ECG,3665,27432,0,0,0,0,0
34621,ECG,3666,27301,0,0,0,0,0
34626,ECG,3667,26985,0,0,0,0,0
34626,ECG,3668,26777,0,0,0,0,0
34631,ECG,3669,26567,0,0,0,0,0
34631,ECG,3670,26370,0,0,0,0,0
34636,ECG,3671,26016,0,0,0,0,0
34636,ECG,3672,25867,0,0,0,0,0
34641,ECG,3673,25734,0,0,0,0,0
34641,ECG,3674,25605,0,0,0,0,0
34641,ECG,3675,25466,0,0,0,0,0
34646,ECG,3676,25339,0,0,0,0,0
34646,ECG,3677,25186,0,0,0,0,0
34651,ECG,3678,25004,0,0,0,0,0
34651,ECG,3679,24845,0,0,0,0,0
34651,ECG,3680,24693,0,0,0,0,0
34656,ECG,3681,24534,0,0,0,0,0
34656,ECG,3682,24383,0,0,0,0,0
34661,ECG,3683,24225,0,0,0,0,0
34661,ECG,3684,24080,0,0,0,0,0
34661,ECG,3685,23942,0,0,0,0,0
34666,ECG,3686,23778,0,0,0,0,0
34666,ECG,3687,23609,0,0,0,0,0
34667,ECG,3688,23444,0,0,0,0,0
34671,ECG,3689,23276,0,0,0,0,0
34671,ECG,3690,23111,0,0,0,0,0
34676,ECG,3691,22961,0,0,0,0,0
34676,ECG,3692,22826,0,0,0,0,0
34681,ECG,3693,22589,0,0,0,0,0
34681,ECG,3694,22503,0,0,0,0,0
34686,ECG,3695,22340,0,0,0,0,0
34686,ECG,3696,22152,0,0,0,0,0
34686,ECG,3697,21950,0,0,0,0,0
34691,ECG,3698,21737,0,0,0,0,0
34691,ECG,3699,21555,0,0,0,0,0
34696,ECG,3700,21399,0,0,0,0,0
34696,ECG,3701,21285,0,0,0,0,0
34696,ECG,3702,21199,0,0,0,0,0
34701,ECG,3703,21129,0,0,0,0,0
34701,ECG,3704,21081,0,0,0,0,0
34706,ECG,3705,20870,0,0,0,0,0
34706,ECG,3706,20659,0,0,0,0,0
34711,ECG,3707,20460,0,0,0,0,0
34711,ECG,3708,20292,0,0,0,0,0
34716,ECG,3709,20006,0,0,0,0,0
34716,ECG,3710,19907,0,0,0,0,0
34721,ECG,3711,19831,0,0,0,0,0
34721,ECG,3712,19755,0,0,0,0,0
34721,ECG,3713,19670,0,0,0,0,0
34726,ECG,3714,19597,0,0,0,0,0
34726,ECG,3715,19472,0,0,0,0,0
34731,ECG,3716,19312,0,0,0,0,0
34731,ECG,3717,19194,0,0,0,0,0
34731,ECG,3718,19077,0,0,0,0,0
34736,ECG,3719,18953,0,0,0,0,0
34736,ECG,3720,18837,0,0,0,0,0
34741,ECG,3721,18714,0,0,0,0,0
34741,ECG,3722,18604,0,0,0,0,0
34741,ECG,3723,18498,0,0,0,0,0
34746,ECG,3724,18367,0,0,0,0,0
34746,ECG,3725,18234,0,0,0,0,0
34751,ECG,3726,17972,0,0,0,0,0
34751,ECG,3727,17842,0,0,0,0,0
34756,ECG,3728,17727,0,0,0,0,0
34756,ECG,3729,17624,0,0,0,0,0
34761,ECG,3730,17449,0,0,0,0,0
34761,ECG,3731,17383,0,0,0,0,0
34766,ECG,3732,17257,0,0,0,0,0
34766,ECG,3733,17111,0,0,0,0,0
34766,ECG,3734,16951,0,0,0,0,0
34771,ECG,3735,16784,0,0,0,0,0
34771,ECG,3736,16643,0,0,0,0,0
34776,ECG,3737,16525,0,0,0,0,0
34776,ECG,3738,16435,0,0,0,0,0
34776,ECG,3739,16374,0,0,0,0,0
34781,ECG,3740,16324,0,0,0,0,0
34781,ECG,3741,16259,0,0,0,0,0
34786,ECG,3742,16133,0,0,0,0,0
34786,ECG,3743,15997,0,0,0,0,0
34791,ECG,3744,15881,0,0,0,0,0
34791,ECG,3745,15791,0,0,0,0,0
34796,ECG,3746,15588,0,0,0,0,0
34796,ECG,3747,15492,0,0,0,0,0
34801,ECG,3748,15390,0,0,0,0,0
34801,ECG,3749,15302,0,0,0,0,0
34801,ECG,3750,15212,0,0,0,0,0
34806,ECG,3751,15103,0,0,0,0,0
34806,ECG,3752,14995,0,0,0,0,0
34811,ECG,3753,14888,0,0,0,0,0
34811,ECG,3754,14778,0,0,0,0,0
34811,ECG,3755,14675,0,0,0,0,0
34816,ECG,3756,14580,0,0,0,0,0
34816,ECG,3757,14493,0,0,0,0,0
34821,ECG,3758,14415,0,0,0,0,0
34821,ECG,3759,14340,0,0,0,0,0
34821,ECG,3760,14261,0,0,0,0,0
34826,ECG,3761,14186,0,0,0,0,0
34826,ECG,3762,14101,0,0,0,0,0
34831,ECG,3763,13911,0,0,0,0,0
34831,ECG,3764,13825,0,0,0,0,0
34836,ECG,3765,13737,0,0,0,0,0
34836,ECG,3766,13651,0,0,0,0,0
34841,ECG,3767,13478,0,0,0,0,0
34841,ECG,3768,13394,0,0,0,0,0
34846,ECG,3769,13309,0,0,0,0,0
34846,ECG,3770,13225,0,0,0,0,0
34846,ECG,3771,13141,0,0,0,0,0
34851,ECG,3772,13059,0,0,0,0,0
34851,ECG,3773,12976,0,0,0,0,0
34856,ECG,3774,12892,0,0,0,0,0
34856,ECG,3775,12817,0,0,0,0,0
34856,ECG,3776,12728,0,0,0,0,0
34861,ECG,3777,12649,0,0,0,0,0
34861,ECG,3778,12614,0,0,0,0,0
34866,ECG,3779,12387,0,0,0,0,0
34866,ECG,3780,12266,0,0,0,0,0
34871,ECG,3781,12131,0,0,0,0,0
34871,ECG,3782,11998,0,0,0,0,0
34872,ECG,3783,11897,0,0,0,0,0
34876,ECG,3784,11825,0,0,0,0,0
34876,ECG,3785,11786,0,0,0,0,0
34881,ECG,3786,11772,0,0,0,0,0
34881,ECG,3787,11751,0,0,0,0,0
34881,ECG,3788,11726,0,0,0,0,0
34886,ECG,3789,11702,0,0,0,0,0
34886,ECG,3790,11609,0,0,0,0,0
34891,ECG,3791,11493,0,0,0,0,0
34891,ECG,3792,11424,0,0,0,0,0
34891,ECG,3793,11348,0,0,0,0,0
34896,ECG,3794,11272,0,0,0,0,0
34896,ECG,3795,11207,0,0,0,0,0
34901,ECG,3796,11135,0,0,0,0,0
34901,ECG,3797,11081,0,0,0,0,0
34901,ECG,3798,11031,0,0,0,0,0
34906,ECG,3799,10949,0,0,0,0,0
34906,ECG,3800,10858,0,0,0,0,0
34911,ECG,3801,10667,0,0,0,0,0
34911,ECG,3802,10579,0,0,0,0,0
34916,ECG,3803,10507,0,0,0,0,0
34916,ECG,3804,10449,0,0,0,0,0
34921,ECG,3805,10375,0,0,0,0,0
34921,ECG,3806,10344,0,0,0,0,0
34926,ECG,3807,10282,0,0,0,0,0
34926,ECG,3808,10207,0,0,0,0,0
34926,ECG,3809,10103,0,0,0,0,0
34931,ECG,3810,10000,0,0,0,0,0
34931,ECG,3811,9921,0,0,0,0,0
34936,ECG,3812,9851,0,0,0,0,0
34936,ECG,3813,9798,0,0,0,0,0
34936,ECG,3814,9759,0,0,0,0,0
34941,ECG,3815,9731,0,0,0,0,0
34941,ECG,3816,9695,0,0,0,0,0
34946,ECG,3817,9656,0,0,0,0,0
34946,ECG,3818,9600,0,0,0,0,0
34946,ECG,3819,9511,0,0,0,0,0
34951,ECG,3820,9434,0,0,0,0,0
34951,ECG,3821,9373,0,0,0,0,0
34952,ECG,3822,9309,0,0,0,0,0
34956,ECG,3823,9252,0,0,0,0,0
34956,ECG,3824,9202,0,0,0,0,0
34961,ECG,3825,9154,0,0,0,0,0
34961,ECG,3826,9102,0,0,0,0,0
34966,ECG,3827,9002,0,0,0,0,0
34966,ECG,3828,8939,0,0,0,0,0
34971,ECG,3829,8880,0,0,0,0,0
34971,ECG,3830,8826,0,0,0,0,0
34971,ECG,3831,8768,0,0,0,0,0
34976,ECG,3832,8713,0,0,0,0,0
34976,ECG,3833,8658,0,0,0,0,0
34981,ECG,3834,8603,0,0,0,0,0
34981,ECG,3835,8549,0,0,0,0,0
34981,ECG,3836,8494,0,0,0,0,0
34986,ECG,3837,8441,0,0,0,0,0
34986,ECG,3838,8387,0,0,0,0,0
34991,ECG,3839,8281,0,0,0,0,0
34991,ECG,3840,8229,0,0,0,0,0
34996,ECG,3841,8176,0,0,0,0,0
34996,ECG,3842,8125,0,0,0,0,0
35001,ECG,3843,8022,0,0,0,0,0
35001,ECG,3844,7971,0,0,0,0,0
35006,ECG,3845,7921,0,0,0,0,0
35006,ECG,3846,7870,0,0,0,0,0
35006,ECG,3847,7820,0,0,0,0,0
35011,ECG,3848,7771,0,0,0,0,0
35011,ECG,3849,7722,0,0,0,0,0
35016,ECG,3850,7673,0,0,0,0,0
35016,ECG,3851,7624,0,0,0,0,0
35016,ECG,3852,7575,0,0,0,0,0
35021,ECG,3853,7527,0,0,0,0,0
35021,ECG,3854,7480,0,0,0,0,0
35026,ECG,3855,7432,0,0,0,0,0
35026,ECG,3856,7385,0,0,0,0,0
35026,ECG,3857,7338,0,0,0,0,0
35031,ECG,3858,7291,0,0,0,0,0
35031,ECG,3859,7245,0,0,0,0,0
35036,ECG,3860,7153,0,0,0,0,0
35036,ECG,3861,7108,0,0,0,0,0
35041,ECG,3862,7063,0,0,0,0,0
35041,ECG,3863,7018,0,0,0,0,0
35046,ECG,3864,6929,0,0,0,0,0
35046,ECG,3865,6885,0,0,0,0,0
35051,ECG,3866,6841,0,0,0,0,0
35051,ECG,3867,6798,0,0,0,0,0
35051,ECG,3868,6755,0,0,0,0,0
35056,ECG,3869,6712,0,0,0,0,0
35056,ECG,3870,6669,0,0,0,0,0
35061,ECG,3871,6626,0,0,0,0,0
35061,ECG,3872,6584,0,0,0,0,0
35061,ECG,3873,6542,0,0,0,0,0
35066,ECG,3874,6501,0,0,0,0,0
35066,ECG,3875,6460,0,0,0,0,0
35071,ECG,3876,6378,0,0,0,0,0
35071,ECG,3877,6337,0,0,0,0,0
35076,ECG,3878,6297,0,0,0,0,0
35076,ECG,3879,6257,0,0,0,0,0
35081,ECG,3880,6178,0,0,0,0,0
35081,ECG,3881,6139,0,0,0,0,0
35086,ECG,3882,6100,0,0,0,0,0
35086,ECG,3883,6061,0,0,0,0,0
35086,ECG,3884,6022,0,0,0,0,0
35091,ECG,3885,5984,0,0,0,0,0
35091,ECG,3886,5946,0,0,0,0,0
35096,ECG,3887,5908,0,0,0,0,0
35096,ECG,3888,5871,0,0,0,0,0
35096,ECG,3889,5833,0,0,0,0,0
35101,ECG,3890,5796,0,0,0,0,0
35101,ECG,3891,5759,0,0,0,0,0
35106,ECG,3892,5722,0,0,0,0,0
35106,ECG,3893,5686,0,0,0,0,0
35106,ECG,3894,5649,0,0,0,0,0
35111,ECG,3895,5613,0,0,0,0,0
35111,ECG,3896,5578,0,0,0,0,0
35116,ECG,3897,5507,0,0,0,0,0
35116,ECG,3898,5472,0,0,0,0,0
35121,ECG,3899,5437,0,0,0,0,0
35121,ECG,3900,5402,0,0,0,0,0
35126,ECG,3901,5333,0,0,0,0,0
35126,ECG,3902,5299,0,0,0,0,0
35131,ECG,3903,5266,0,0,0,0,0
35131,ECG,3904,5232,0,0,0,0,0
35131,ECG,3905,5199,0,0,0,0,0
35136,ECG,3906,5165,0,0,0,0,0
35136,ECG,3907,5132,0,0,0,0,0
35141,ECG,3908,5100,0,0,0,0,0
35141,ECG,3909,5067,0,0,0,0,0
35141,ECG,3910,5035,0,0,0,0,0
35146,ECG,3911,5003,0,0,0,0,0
35146,ECG,3912,4971,0,0,0,0,0
35151,ECG,3913,4907,0,0,0,0,0
35151,ECG,3914,4876,0,0,0,0,0
35156,ECG,3915,4845,0,0,0,0,0
35156,ECG,3916,4815,0,0,0,0,0
35157,ECG,3917,4782,0,0,0,0,0
35161,ECG,3918,4754,0,0,0,0,0
35161,ECG,3919,4730,0,0,0,0,0
35166,ECG,3920,4695,0,0,0,0,0
35166,ECG,3921,4656,0,0,0,0,0
35166,ECG,3922,4619,0,0,0,0,0
35171,ECG,3923,4580,0,0,0,0,0
35171,ECG,3924,4542,0,0,0,0,0
35176,ECG,3925,4510,0,0,0,0,0
35176,ECG,3926,4483,0,0,0,0,0
35176,ECG,3927,4461,0,0,0,0,0
35181,ECG,3928,4443,0,0,0,0,0
35181,ECG,3929,4422,0,0,0,0,0
35186,ECG,3930,4402,0,0,0,0,0
35186,ECG,3931,4382,0,0,0,0,0
35186,ECG,3932,4348,0,0,0,0,0
35191,ECG,3933,4316,0,0,0,0,0
35191,ECG,3934,4290,0,0,0,0,0
35196,ECG,3935,4235,0,0,0,0,0
35196,ECG,3936,4208,0,0,0,0,0
35201,ECG,3937,4180,0,0,0,0,0
35201,ECG,3938,4154,0,0,0,0,0
35206,ECG,3939,4101,0,0,0,0,0
35206,ECG,3940,4074,0,0,0,0,0
35211,ECG,3941,4048,0,0,0,0,0
35211,ECG,3942,4022,0,0,0,0,0
35211,ECG,3943,3997,0,0,0,0,0
35216,ECG,3944,3970,0,0,0,0,0
35216,ECG,3945,3946,0,0,0,0,0
35221,ECG,3946,3920,0,0,0,0,0
35221,ECG,3947,3893,0,0,0,0,0
35221,ECG,3948,3879,0,0,0,0,0
35226,ECG,3949,3855,0,0,0,0,0
35226,ECG,3950,3815,0,0,0,0,0
35231,ECG,3951,3779,0,0,0,0,0
35231,ECG,3952,3741,0,0,0,0,0
35231,ECG,3953,3701,0,0,0,0,0
35236,ECG,3954,3670,0,0,0,0,0
35236,ECG,3955,3647,0,0,0,0,0
35237,ECG,3956,3631,0,0,0,0,0
35241,ECG,3957,3623,0,0,0,0,0
35241,ECG,3958,3614,0,0,0,0,0
35246,ECG,3959,3602,0,0,0,0,0
35246,ECG,3960,3594,0,0,0,0,0
35246,ECG,3961,3569,0,0,0,0,0
35251,ECG,3962,3536,0,0,0,0,0
35251,ECG,3963,3514,0,0,0,0,0
35256,ECG,3964,3492,0,0,0,0,0
35256,ECG,3965,3468,0,0,0,0,0
35256,ECG,3966,3447,0,0,0,0,0
35261,ECG,3967,3425,0,0,0,0,0
35261,ECG,3968,3402,0,0,0,0,0
35266,ECG,3969,3381,0,0,0,0,0
35266,ECG,3970,3359,0,0,0,0,0
35266,ECG,3971,3337,0,0,0,0,0
35271,ECG,3972,3316,0,0,0,0,0
35271,ECG,3973,3294,0,0,0,0,0
35276,ECG,3974,3252,0,0,0,0,0
35276,ECG,3975,3231,0,0,0,0,0
35281,ECG,3976,3210,0,0,0,0,0
35281,ECG,3977,3189,0,0,0,0,0
35286,ECG,3978,3148,0,0,0,0,0
35286,ECG,3979,3128,0,0,0,0,0
35291,ECG,3980,3108,0,0,0,0,0
35291,ECG,3981,3088,0,0,0,0,0
35291,ECG,3982,3068,0,0,0,0,0
35296,ECG,3983,3048,0,0,0,0,0
35296,ECG,3984,3028,0,0,0,0,0
35301,ECG,3985,3009,0,0,0,0,0
35301,ECG,3986,2989,0,0,0,0,0
35301,ECG,3987,2970,0,0,0,0,0
35306,ECG,3988,2951,0,0,0,0,0
35306,ECG,3989,2932,0,0,0,0,0
35311,ECG,3990,2913,0,0,0,0,0
35311,ECG,3991,2894,0,0,0,0,0
35311,ECG,3992,2875,0,0,0,0,0
35316,ECG,3993,2856,0,0,0,0,0
35316,ECG,3994,2838,0,0,0,0,0
35317,ECG,3995,2819,0,0,0,0,0
35321,ECG,3996,2801,0,0,0,0,0
35321,ECG,3997,2783,0,0,0,0,0
35326,ECG,3998,2765,0,0,0,0,0
35326,ECG,3999,2747,0,0,0,0,0
35331,ECG,4000,2712,0,0,0,0,0
35331,ECG,4001,2693,0,0,0,0,0
35336,ECG,4002,2676,0,0,0,0,0
35336,ECG,4003,2660,0,0,0,0,0
35336,ECG,4004,2638,0,0,0,0,0
35341,ECG,4005,2632,0,0,0,0,0
35341,ECG,4006,2628,0,0,0,0,0
35346,ECG,4007,2594,0,0,0,0,0
35346,ECG,4008,2555,0,0,0,0,0
35346,ECG,4009,2519,0,0,0,0,0
35351,ECG,4010,2476,0,0,0,0,0
35351,ECG,4011,2441,0,0,0,0,0
35356,ECG,4012,2411,0,0,0,0,0
35356,ECG,4013,2417,0,0,0,0,0
35361,ECG,4014,2427,0,0,0,0,0
35361,ECG,4015,2429,0,0,0,0,0
35366,ECG,4016,2434,0,0,0,0,0
35366,ECG,4017,2401,0,0,0,0,0
35371,ECG,4018,2379,0,0,0,0,0
35371,ECG,4019,2368,0,0,0,0,0
35371,ECG,4020,2350,0,0,0,0,0
35376,ECG,4021,2336,0,0,0,0,0
35376,ECG,4022,2321,0,0,0,0,0
35381,ECG,4023,2305,0,0,0,0,0
35381,ECG,4024,2290,0,0,0,0,0
35381,ECG,4025,2275,0,0,0,0,0
35386,ECG,4026,2260,0,0,0,0,0
35386,ECG,4027,2245,0,0,0,0,0
35391,ECG,4028,2230,0,0,0,0,0
35391,ECG,4029,2216,0,0,0,0,0
35391,ECG,4030,2202,0,0,0,0,0
35396,ECG,4031,2185,0,0,0,0,0
35396,ECG,4032,2176,0,0,0,0,0
35401,ECG,4033,2143,0,0,0,0,0
35401,ECG,4034,2167,0,0,0,0,0
35406,ECG,4035,2145,0,0,0,0,0
35406,ECG,4036,2080,0,0,0,0,0
35411,ECG,4037,1964,0,0,0,0,0
35411,ECG,4038,1903,0,0,0,0,0
35416,ECG,4039,1868,0,0,0,0,0
35416,ECG,4040,1860,0,0,0,0,0
35416,ECG,4041,1879,0,0,0,0,0
35421,ECG,4042,1917,0,0,0,0,0
35421,ECG,4043,1956,0,0,0,0,0
35426,ECG,4044,1992,0,0,0,0,0
35426,ECG,4045,2014,0,0,0,0,0
35426,ECG,4046,1974,0,0,0,0,0
35431,ECG,4047,1916,0,0,0,0,0
35431,ECG,4048,1894,0,0,0,0,0
35436,ECG,4049,1854,0,0,0,0,0
35436,ECG,4050,1849,0,0,0,0,0
35441,ECG,4051,1850,0,0,0,0,0
35441,ECG,4052,1853,0,0,0,0,0
35442,ECG,4053,1852,0,0,0,0,0
35446,ECG,4054,1855,0,0,0,0,0
35446,ECG,4055,1849,0,0,0,0,0
35451,ECG,4056,1826,0,0,0,0,0
35451,ECG,4057,1811,0,0,0,0,0
35451,ECG,4058,1801,0,0,0,0,0
35456,ECG,4059,1787,0,0,0,0,0
35456,ECG,4060,1779,0,0,0,0,0
35461,ECG,4061,1761,0,0,0,0,0
35461,ECG,4062,1758,0,0,0,0,0
35461,ECG,4063,1765,0,0,0,0,0
35466,ECG,4064,1738,0,0,0,0,0
35466,ECG,4065,1699,0,0,0,0,0
35471,ECG,4066,1667,0,0,0,0,0
35471,ECG,4067,1625,0,0,0,0,0
35471,ECG,4068,1591,0,0,0,0,0
35476,ECG,4069,1572,0,0,0,0,0
35476,ECG,4070,1571,0,0,0,0,0
35481,ECG,4071,1598,0,0,0,0,0
35481,ECG,4072,1636,0,0,0,0,0
35486,ECG,4073,1647,0,0,0,0,0
35486,ECG,4074,1619,0,0,0,0,0
35491,ECG,4075,1508,0,0,0,0,0
35491,ECG,4076,1470,0,0,0,0,0
35496,ECG,4077,1441,0,0,0,0,0
35496,ECG,4078,1434,0,0,0,0,0
35496,ECG,4079,1447,0,0,0,0,0
35501,ECG,4080,1469,0,0,0,0,0
35501,ECG,4081,1509,0,0,0,0,0
35506,ECG,4082,1538,0,0,0,0,0
35506,ECG,4083,1536,0,0,0,0,0
35506,ECG,4084,1491,0,0,0,0,0
35511,ECG,4085,1432,0,0,0,0,0
35511,ECG,4086,1395,0,0,0,0,0
35516,ECG,4087,1367,0,0,0,0,0
35516,ECG,4088,1354,0,0,0,0,0
35516,ECG,4089,1358,0,0,0,0,0
35521,ECG,4090,1373,0,0,0,0,0
35521,ECG,4091,1407,0,0,0,0,0
35522,ECG,4092,1427,0,0,0,0,0
35526,ECG,4093,1429,0,0,0,0,0
35526,ECG,4094,1410,0,0,0,0,0
35531,ECG,4095,1360,0,0,0,0,0
34840,IMU,832,1172,-208,8472,-107,71,55
34859,IMU,833,1216,-268,8424,-82,64,38
34879,IMU,834,1140,-256,8316,-94,48,47
34898,IMU,835,1200,-320,8452,-83,48,46
34917,IMU,836,1152,-232,8496,-86,67,41
34936,IMU,837,1116,-212,8488,-81,65,44
34956,IMU,838,1156,-176,8392,-85,60,42
34974,IMU,839,1140,-232,8408,-89,56,54
34994,IMU,840,1168,-212,8408,-80,56,41
35013,IMU,841,1184,-228,8432,-92,60,61
35032,IMU,842,1188,-248,8412,-105,67,46
35050,IMU,843,1176,-256,8420,-92,70,52
35070,IMU,844,1192,-244,8440,-98,67,36
35089,IMU,845,1220,-160,8456,-102,64,46
35108,IMU,846,1048,-228,8432,-101,64,46
35127,IMU,847,1180,-360,8404,-78,59,42
35147,IMU,848,1136,-336,8416,-81,69,42
35168,IMU,849,1064,-268,8444,-103,71,49
35185,IMU,850,1148,-324,8416,-82,21,36
35204,IMU,851,1052,-356,8448,-94,48,38
35223,IMU,852,1108,-220,8464,-89,54,40
35243,IMU,853,1196,-196,8416,-81,72,60
35262,IMU,854,1192,-272,8396,-90,47,49
35282,IMU,855,1160,-232,8404,-100,63,30
35300,IMU,856,1164,-224,8364,-94,61,38
35319,IMU,857,1100,-272,8324,-80,68,47
35338,IMU,858,1144,-320,8400,-86,61,56
35357,IMU,859,1168,-272,8512,-104,69,37
35377,IMU,860,1060,-268,8368,-90,51,62
35395,IMU,861,1088,-268,8344,-92,61,36
35415,IMU,862,1196,-240,8444,-86,62,46
35434,IMU,863,1148,-304,8300,-89,55,51
35453,IMU,864,1116,-304,8480,-93,50,42
35472,IMU,865,1172,-264,8420,-95,60,56
35492,IMU,866,1084,-256,8288,-79,52,54
35510,IMU,867,1132,-276,8408,-86,52,49
35530,IMU,868,1184,-332,8484,-99,67,47
35549,IMU,869,1228,-272,8480,-100,67,42
35568,IMU,870,1216,-228,8460,-87,66,40
35587,IMU,871,1124,-124,8528,-95,59,33
35606,IMU,872,1136,-232,8440,-101,56,54
35625,IMU,873,1212,-224,8464,-83,65,61
35646,IMU,874,1228,-300,8504,-87,64,27
35664,IMU,875,1104,-276,8316,-90,47,28
35683,IMU,876,1144,-208,8412,-102,59,56
35702,IMU,877,1232,-244,8476,-93,55,40
35721,IMU,878,1144,-364,8488,-95,68,43
35740,IMU,879,1212,-192,8436,-86,90,34
35761,IMU,880,1188,-272,8400,-92,69,62
35779,IMU,881,1192,-300,8364,-94,59,48
35798,IMU,882,1120,-264,8400,-88,54,53
35817,IMU,883,1084,-308,8472,-96,63,45
35836,IMU,884,1124,-188,8436,-104,60,42
35855,IMU,885,1184,-272,8500,-90,62,54
35874,IMU,886,1172,-360,8432,-102,58,20
35893,IMU,887,1208,-220,8384,-86,60,54
35913,IMU,888,1236,-384,8428,-96,54,32
35932,IMU,889,1104,-344,8388,-80,45,29
35951,IMU,890,1192,-340,8444,-81,84,35
35970,IMU,891,1276,-280,8400,-75,50,27
35989,IMU,892,1228,-296,8440,-77,56,34
36008,IMU,893,1072,-256,8488,-80,67,61
36028,IMU,894,1224,-264,8364,-86,61,42
36047,IMU,895,1124,-292,8440,-96,66,45
36066,IMU,896,1112,-248,8436,-80,54,48
36085,IMU,897,1180,-228,8444,-86,63,49
36104,IMU,898,1264,-296,8424,-81,70,43
36123,IMU,899,1136,-320,8472,-96,66,43
36143,IMU,900,1200,-232,8396,-86,59,59
36162,IMU,901,1128,-308,8524,-86,43,34
36181,IMU,902,1140,-284,8432,-91,52,48
36202,IMU,903,1244,-280,8408,-91,63,34
36219,IMU,904,1188,-316,8412,-94,59,34
36239,IMU,905,1172,-160,8440,-70,47,40
36258,IMU,906,1208,-112,8392,-89,66,44
36277,IMU,907,1184,-248,8384,-106,59,41
36296,IMU,908,1240,-232,8440,-76,67,26
36315,IMU,909,1092,-216,8372,-92,52,36
36334,IMU,910,1188,-276,8424,-93,69,35
36353,IMU,911,1052,-180,8364,-99,59,42
36372,IMU,912,1068,-280,8412,-83,54,46
36392,IMU,913,1152,-320,8432,-66,60,46
36411,IMU,914,1228,-152,8428,-68,68,45
36430,IMU,915,1076,-236,8424,-94,58,42
36449,IMU,916,1124,-216,8428,-111,63,34
36468,IMU,917,1212,-272,8432,-76,62,36
36487,IMU,918,1212,-264,8416,-91,59,48
36507,IMU,919,1108,-292,8432,-97,67,36
36526,IMU,920,1092,-252,8392,-95,53,55
36545,IMU,921,1212,-340,8412,-98,58,32
36564,IMU,922,1216,-368,8452,-88,59,40
36583,IMU,923,1280,-264,8440,-102,40,30
36602,IMU,924,1056,-264,8416,-102,55,36
36622,IMU,925,1128,-180,8428,-100,73,37
36641,IMU,926,1224,-236,8376,-94,46,41
36660,IMU,927,1148,-216,8508,-86,78,39
36680,IMU,928,1168,-332,8328,-99,59,50
36699,IMU,929,1148,-244,8552,-101,59,45
36720,IMU,930,1184,-192,8356,-92,62,54
36737,IMU,931,1156,-276,8404,-95,46,37
36756,IMU,932,1252,-300,8452,-74,52,51
36775,IMU,933,1188,-280,8416,-100,47,39
36794,IMU,934,1116,-312,8428,-105,67,45
36813,IMU,935,1120,-224,8420,-102,65,47
36832,IMU,936,1148,-228,8420,-94,52,44
36852,IMU,937,1244,-276,8484,-79,41,40
36871,IMU,938,1164,-288,8344,-84,58,44
36890,IMU,939,1120,-216,8444,-90,61,40
36909,IMU,940,1144,-264,8356,-81,73,53
36928,IMU,941,1136,-244,8392,-88,67,43
36947,IMU,942,1268,-244,8356,-99,37,36
36967,IMU,943,1204,-312,8412,-96,56,31
36986,IMU,944,1064,-248,8432,-79,43,35
37005,IMU,945,1124,-304,8380,-84,59,37
37024,IMU,946,1184,-248,8368,-72,56,58
37043,IMU,947,1212,-316,8388,-90,72,49
37062,IMU,948,1172,-240,8436,-82,61,54
37082,IMU,949,1120,-280,8356,-82,63,37
37101,IMU,950,1196,-308,8404,-84,59,41
37120,IMU,951,1136,-112,8428,-66,58,26
37140,IMU,952,1244,-400,8420,-99,58,50
37158,IMU,953,1164,-248,8412,-81,60,52
37177,IMU,954,1176,-324,8392,-85,80,53
37200,IMU,955,1204,-340,8500,-104,68,43
37216,IMU,956,1172,-244,8480,-98,66,30
37236,IMU,957,1080,-236,8396,-79,69,40
37254,IMU,958,1140,-284,8412,-99,61,53
37273,IMU,959,1164,-216,8476,-82,64,39
37292,IMU,960,1196,-176,8388,-104,64,41
37312,IMU,961,1108,-236,8512,-80,50,45
37331,IMU,962,1120,-292,8448,-98,64,40
37350,IMU,963,1108,-212,8540,-80,63,24
37369,IMU,964,1128,-236,8424,-73,53,49
37388,IMU,965,1164,-140,8436,-75,63,44
37407,IMU,966,1128,-240,8404,-84,52,43
37426,IMU,967,1192,-232,8352,-100,62,47
37446,IMU,968,1200,-260,8332,-77,67,44
37465,IMU,969,1164,-300,8384,-104,58,39
37484,IMU,970,1284,-276,8532,-102,54,58
37503,IMU,971,1044,-256,8368,-91,62,43
37522,IMU,972,1168,-236,8384,-84,62,35
37541,IMU,973,1120,-212,8492,-93,63,37
37561,IMU,974,1176,-360,8400,-73,54,41
37580,IMU,975,1116,-228,8412,-108,53,24
37599,IMU,976,1116,-280,8440,-92,61,46
37618,IMU,977,1176,-252,8388,-103,62,51
37637,IMU,978,1228,-208,8284,-95,64,42
37656,IMU,979,1148,-324,8336,-96,56,48
37678,IMU,980,1148,-220,8452,-85,50,49
37694,IMU,981,1156,-272,8376,-92,62,30
37714,IMU,982,1084,-328,8416,-111,62,53
37733,IMU,983,1152,-196,8468,-73,53,38
37752,IMU,984,1264,-280,8392,-82,51,54
37771,IMU,985,1176,-228,8428,-90,77,54
37790,IMU,986,1168,-344,8488,-77,72,33
37809,IMU,987,1188,-232,8440,-90,73,42
37829,IMU,988,1200,-248,8344,-85,56,51
37848,IMU,989,1208,-188,8376,-89,68,39
37867,IMU,990,1220,-216,8444,-103,47,35
37886,IMU,991,1176,-192,8436,-96,81,40
37905,IMU,992,1216,-340,8420,-77,67,42
37924,IMU,993,1188,-208,8524,-95,55,41
37943,IMU,994,1248,-312,8484,-89,62,68
37963,IMU,995,1256,-324,8376,-91,54,36
37982,IMU,996,1260,-220,8456,-100,81,32
38001,IMU,997,1224,-252,8388,-91,64,26
38020,IMU,998,1152,-304,8416,-110,71,50
38039,IMU,999,1128,-152,8320,-106,51,45
38058,IMU,1000,1228,-200,8516,-104,58,44
38078,IMU,1001,1128,-248,8372,-78,50,49
38097,IMU,1002,1116,-280,8440,-81,44,38
38116,IMU,1003,1180,-232,8468,-93,50,53
38135,IMU,1004,1304,-156,8416,-101,55,26
38157,IMU,1005,1228,-280,8400,-79,60,40
38177,IMU,1006,1020,-268,8364,-88,42,42
38193,IMU,1007,1200,-180,8312,-89,72,62
38212,IMU,1008,1208,-212,8464,-107,77,45
38231,IMU,1009,1244,-228,8436,-102,62,51
38250,IMU,1010,1084,-304,8412,-102,74,56
38270,IMU,1011,1140,-276,8424,-111,56,36
38288,IMU,1012,1088,-300,8428,-85,61,46
38308,IMU,1013,1160,-220,8408,-84,62,32
38327,IMU,1014,1164,-300,8568,-96,69,45
38346,IMU,1015,1232,-232,8480,-101,46,56
38365,IMU,1016,1276,-236,8424,-75,66,61
38384,IMU,1017,1144,-208,8404,-85,51,32
38403,IMU,1018,1088,-308,8492,-100,59,42
38422,IMU,1019,1252,-224,8464,-103,54,41
38442,IMU,1020,1128,-180,8416,-88,71,24
38461,IMU,1021,1196,-232,8308,-98,61,37
38480,IMU,1022,1220,-348,8424,-70,75,48
38499,IMU,1023,1172,-188,8456,-101,55,53
38518,IMU,1024,1116,-168,8464,-100,60,47
38537,IMU,1025,1156,-232,8440,-99,53,39
38557,IMU,1026,1136,-300,8416,-89,57,48
38576,IMU,1027,1208,-216,8384,-75,52,35
38595,IMU,1028,1220,-200,8440,-83,61,36
38614,IMU,1029,1068,-224,8536,-97,66,44
38637,IMU,1030,1160,-176,8372,-88,50,46
38653,IMU,1031,1200,-228,8428,-98,50,50
38672,IMU,1032,1140,-124,8428,-94,55,33
38691,IMU,1033,1168,-172,8472,-99,73,50
38710,IMU,1034,1164,-256,8408,-87,69,47
38730,IMU,1035,1124,-236,8464,-93,53,48
38748,IMU,1036,1188,-272,8484,-89,47,53
38768,IMU,1037,1176,-280,8520,-87,48,45
38787,IMU,1038,1124,-212,8472,-99,61,21
38806,IMU,1039,1220,-204,8444,-102,70,38
35531,ECG,4096,1326,0,0,0,0,0
35531,ECG,4097,1308,0,0,0,0,0
35536,ECG,4098,1294,0,0,0,0,0
35536,ECG,4099,1297,0,0,0,0,0
35541,ECG,4100,1306,0,0,0,0,0
35541,ECG,4101,1317,0,0,0,0,0
35541,ECG,4102,1336,0,0,0,0,0
35546,ECG,4103,1347,0,0,0,0,0
35546,ECG,4104,1325,0,0,0,0,0
35551,ECG,4105,1288,0,0,0,0,0
35551,ECG,4106,1261,0,0,0,0,0
35551,ECG,4107,1239,0,0,0,0,0
35556,ECG,4108,1219,0,0,0,0,0
35556,ECG,4109,1215,0,0,0,0,0
35561,ECG,4110,1223,0,0,0,0,0
35561,ECG,4111,1250,0,0,0,0,0
35566,ECG,4112,1256,0,0,0,0,0
35566,ECG,4113,1235,0,0,0,0,0
35571,ECG,4114,1156,0,0,0,0,0
35571,ECG,4115,1122,0,0,0,0,0
35576,ECG,4116,1099,0,0,0,0,0
35576,ECG,4117,1092,0,0,0,0,0
35576,ECG,4118,1100,0,0,0,0,0
35581,ECG,4119,1119,0,0,0,0,0
35581,ECG,4120,1152,0,0,0,0,0
35586,ECG,4121,1168,0,0,0,0,0
35586,ECG,4122,1168,0,0,0,0,0
35586,ECG,4123,1141,0,0,0,0,0
35591,ECG,4124,1094,0,0,0,0,0
35591,ECG,4125,1068,0,0,0,0,0
36598,ECG,4126,0,0,0,0,0,0
36598,ECG,4127,-1,0,0,0,0,0
36598,ECG,4128,-6,0,0,0,0,0
36603,ECG,4129,2,0,0,0,0,0
36603,ECG,4130,6,0,0,0,0,0
36608,ECG,4131,38,0,0,0,0,0
36608,ECG,4132,-16,0,0,0,0,0
36613,ECG,4133,-26,0,0,0,0,0
36613,ECG,4134,150,0,0,0,0,0
36618,ECG,4135,-2110,0,0,0,0,0
36618,ECG,4136,-1850,0,0,0,0,0
36623,ECG,4137,-29,0,0,0,0,0
36623,ECG,4138,3399,0,0,0,0,0
36623,ECG,4139,8724,0,0,0,0,0
36628,ECG,4140,15144,0,0,0,0,0
36628,ECG,4141,21667,0,0,0,0,0
36633,ECG,4142,27366,0,0,0,0,0
36633,ECG,4143,31278,0,0,0,0,0
36633,ECG,4144,32012,0,0,0,0,0
36638,ECG,4145,31811,0,0,0,0,0
36638,ECG,4146,31611,0,0,0,0,0
36643,ECG,4147,31334,0,0,0,0,0
36643,ECG,4148,31108,0,0,0,0,0
36643,ECG,4149,31019,0,0,0,0,0
36648,ECG,4150,30736,0,0,0,0,0
36648,ECG,4151,30590,0,0,0,0,0
36649,ECG,4152,30396,0,0,0,0,0
36653,ECG,4153,30195,0,0,0,0,0
36653,ECG,4154,30019,0,0,0,0,0
36658,ECG,4155,29827,0,0,0,0,0
36658,ECG,4156,29638,0,0,0,0,0
36658,ECG,4157,29452,0,0,0,0,0
36663,ECG,4158,29267,0,0,0,0,0
36663,ECG,4159,29083,0,0,0,0,0
36668,ECG,4160,28900,0,0,0,0,0
36668,ECG,4161,28718,0,0,0,0,0
36668,ECG,4162,28538,0,0,0,0,0
36673,ECG,4163,28358,0,0,0,0,0
36673,ECG,4164,28180,0,0,0,0,0
36678,ECG,4165,28003,0,0,0,0,0
36678,ECG,4166,27827,0,0,0,0,0
36678,ECG,4167,27652,0,0,0,0,0
36683,ECG,4168,27478,0,0,0,0,0
36683,ECG,4169,27305,0,0,0,0,0
36688,ECG,4170,26963,0,0,0,0,0
36688,ECG,4171,26793,0,0,0,0,0
36693,ECG,4172,26625,0,0,0,0,0
36693,ECG,4173,26457,0,0,0,0,0
36698,ECG,4174,26126,0,0,0,0,0
36698,ECG,4175,25962,0,0,0,0,0
36703,ECG,4176,25798,0,0,0,0,0
36703,ECG,4177,25636,0,0,0,0,0
36703,ECG,4178,25475,0,0,0,0,0
36708,ECG,4179,25315,0,0,0,0,0
36708,ECG,4180,25155,0,0,0,0,0
36713,ECG,4181,24997,0,0,0,0,0
36713,ECG,4182,24840,0,0,0,0,0
36713,ECG,4183,24684,0,0,0,0,0
36718,ECG,4184,24528,0,0,0,0,0
36718,ECG,4185,24374,0,0,0,0,0
36723,ECG,4186,24221,0,0,0,0,0
36723,ECG,4187,24069,0,0,0,0,0
36723,ECG,4188,23917,0,0,0,0,0
36728,ECG,4189,23767,0,0,0,0,0
36728,ECG,4190,23617,0,0,0,0,0
36729,ECG,4191,23469,0,0,0,0,0
36733,ECG,4192,23321,0,0,0,0,0
36733,ECG,4193,23174,0,0,0,0,0
36738,ECG,4194,23028,0,0,0,0,0
36738,ECG,4195,22884,0,0,0,0,0
36743,ECG,4196,22597,0,0,0,0,0
36743,ECG,4197,22454,0,0,0,0,0
36748,ECG,4198,22313,0,0,0,0,0
36748,ECG,4199,22172,0,0,0,0,0
36748,ECG,4200,22033,0,0,0,0,0
36753,ECG,4201,21895,0,0,0,0,0
36753,ECG,4202,21756,0,0,0,0,0
36758,ECG,4203,21620,0,0,0,0,0
36758,ECG,4204,21484,0,0,0,0,0
36758,ECG,4205,21345,0,0,0,0,0
36763,ECG,4206,21229,0,0,0,0,0
36763,ECG,4207,21100,0,0,0,0,0
36768,ECG,4208,20790,0,0,0,0,0
36768,ECG,4209,20636,0,0,0,0,0
36773,ECG,4210,20478,0,0,0,0,0
36773,ECG,4211,20334,0,0,0,0,0
36778,ECG,4212,20089,0,0,0,0,0
36778,ECG,4213,19989,0,0,0,0,0
36783,ECG,4214,19889,0,0,0,0,0
36783,ECG,4215,19783,0,0,0,0,0
36783,ECG,4216,19685,0,0,0,0,0
36788,ECG,4217,19564,0,0,0,0,0
36788,ECG,4218,19421,0,0,0,0,0
36793,ECG,4219,19298,0,0,0,0,0
36793,ECG,4220,19180,0,0,0,0,0
36793,ECG,4221,19056,0,0,0,0,0
36798,ECG,4222,18938,0,0,0,0,0
36798,ECG,4223,18818,0,0,0,0,0
36803,ECG,4224,18699,0,0,0,0,0
36803,ECG,4225,18582,0,0,0,0,0
36803,ECG,4226,18465,0,0,0,0,0
36808,ECG,4227,18349,0,0,0,0,0
36808,ECG,4228,18233,0,0,0,0,0
36813,ECG,4229,18004,0,0,0,0,0
36813,ECG,4230,17891,0,0,0,0,0
36818,ECG,4231,17778,0,0,0,0,0
36818,ECG,4232,17666,0,0,0,0,0
36823,ECG,4233,17444,0,0,0,0,0
36823,ECG,4234,17334,0,0,0,0,0
36828,ECG,4235,17225,0,0,0,0,0
36828,ECG,4236,17117,0,0,0,0,0
36828,ECG,4237,17009,0,0,0,0,0
36833,ECG,4238,16902,0,0,0,0,0
36833,ECG,4239,16795,0,0,0,0,0
36838,ECG,4240,16689,0,0,0,0,0
36838,ECG,4241,16584,0,0,0,0,0
36838,ECG,4242,16480,0,0,0,0,0
36843,ECG,4243,16376,0,0,0,0,0
36843,ECG,4244,16273,0,0,0,0,0
36848,ECG,4245,16068,0,0,0,0,0
36848,ECG,4246,15967,0,0,0,0,0
36853,ECG,4247,15866,0,0,0,0,0
36853,ECG,4248,15766,0,0,0,0,0
36854,ECG,4249,15667,0,0,0,0,0
36858,ECG,4250,15568,0,0,0,0,0
36858,ECG,4251,15470,0,0,0,0,0
36863,ECG,4252,15372,0,0,0,0,0
36863,ECG,4253,15275,0,0,0,0,0
36863,ECG,4254,15179,0,0,0,0,0
36868,ECG,4255,15083,0,0,0,0,0
36868,ECG,4256,14988,0,0,0,0,0
36873,ECG,4257,14894,0,0,0,0,0
36873,ECG,4258,14800,0,0,0,0,0
36873,ECG,4259,14706,0,0,0,0,0
36878,ECG,4260,14614,0,0,0,0,0
36878,ECG,4261,14521,0,0,0,0,0
36883,ECG,4262,14430,0,0,0,0,0
36883,ECG,4263,14339,0,0,0,0,0
36883,ECG,4264,14248,0,0,0,0,0
36888,ECG,4265,14158,0,0,0,0,0
36888,ECG,4266,14069,0,0,0,0,0
36893,ECG,4267,13892,0,0,0,0,0
36893,ECG,4268,13804,0,0,0,0,0
36898,ECG,4269,13717,0,0,0,0,0
36898,ECG,4270,13631,0,0,0,0,0
36903,ECG,4271,13459,0,0,0,0,0
36903,ECG,4272,13374,0,0,0,0,0
36908,ECG,4273,13290,0,0,0,0,0
36908,ECG,4274,13206,0,0,0,0,0
36908,ECG,4275,13123,0,0,0,0,0
36913,ECG,4276,13040,0,0,0,0,0
36913,ECG,4277,12958,0,0,0,0,0
36918,ECG,4278,12876,0,0,0,0,0
36918,ECG,4279,12795,0,0,0,0,0
36918,ECG,4280,12714,0,0,0,0,0
36923,ECG,4281,12634,0,0,0,0,0
36923,ECG,4282,12554,0,0,0,0,0
36928,ECG,4283,12475,0,0,0,0,0
36928,ECG,4284,12396,0,0,0,0,0
36928,ECG,4285,12318,0,0,0,0,0
36933,ECG,4286,12240,0,0,0,0,0
36933,ECG,4287,12163,0,0,0,0,0
36934,ECG,4288,12086,0,0,0,0,0
36938,ECG,4289,12010,0,0,0,0,0
36938,ECG,4290,11934,0,0,0,0,0
36943,ECG,4291,11859,0,0,0,0,0
36943,ECG,4292,11784,0,0,0,0,0
36943,ECG,4293,11709,0,0,0,0,0
36948,ECG,4294,11635,0,0,0,0,0
36948,ECG,4295,11562,0,0,0,0,0
36953,ECG,4296,11489,0,0,0,0,0
36953,ECG,4297,11416,0,0,0,0,0
36953,ECG,4298,11344,0,0,0,0,0
36958,ECG,4299,11272,0,0,0,0,0
36958,ECG,4300,11201,0,0,0,0,0
36963,ECG,4301,11130,0,0,0,0,0
36963,ECG,4302,11060,0,0,0,0,0
36963,ECG,4303,10990,0,0,0,0,0
36968,ECG,4304,10920,0,0,0,0,0
36968,ECG,4305,10851,0,0,0,0,0
36973,ECG,4306,10715,0,0,0,0,0
36973,ECG,4307,10647,0,0,0,0,0
36978,ECG,4308,10580,0,0,0,0,0
36978,ECG,4309,10513,0,0,0,0,0
36983,ECG,4310,10380,0,0,0,0,0
36983,ECG,4311,10314,0,0,0,0,0
36988,ECG,4312,10249,0,0,0,0,0
36988,ECG,4313,10184,0,0,0,0,0
36988,ECG,4314,10120,0,0,0,0,0
36993,ECG,4315,10056,0,0,0,0,0
36993,ECG,4316,9992,0,0,0,0,0
36998,ECG,4317,9929,0,0,0,0,0
36998,ECG,4318,9866,0,0,0,0,0
36998,ECG,4319,9804,0,0,0,0,0
37003,ECG,4320,9742,0,0,0,0,0
37003,ECG,4321,9680,0,0,0,0,0
37008,ECG,4322,9619,0,0,0,0,0
37008,ECG,4323,9558,0,0,0,0,0
37008,ECG,4324,9497,0,0,0,0,0
37013,ECG,4325,9437,0,0,0,0,0
37013,ECG,4326,9378,0,0,0,0,0
37014,ECG,4327,9318,0,0,0,0,0
37018,ECG,4328,9259,0,0,0,0,0
37018,ECG,4329,9201,0,0,0,0,0
37023,ECG,4330,9142,0,0,0,0,0
37023,ECG,4331,9084,0,0,0,0,0
37028,ECG,4332,8970,0,0,0,0,0
37028,ECG,4333,8913,0,0,0,0,0
37033,ECG,4334,8856,0,0,0,0,0
37033,ECG,4335,8800,0,0,0,0,0
37033,ECG,4336,8745,0,0,0,0,0
37038,ECG,4337,8689,0,0,0,0,0
37038,ECG,4338,8634,0,0,0,0,0
37043,ECG,4339,8579,0,0,0,0,0
37043,ECG,4340,8525,0,0,0,0,0
37043,ECG,4341,8471,0,0,0,0,0
37048,ECG,4342,8417,0,0,0,0,0
37048,ECG,4343,8364,0,0,0,0,0
37053,ECG,4344,8258,0,0,0,0,0
37053,ECG,4345,8206,0,0,0,0,0
37058,ECG,4346,8154,0,0,0,0,0
37058,ECG,4347,8102,0,0,0,0,0
37063,ECG,4348,8000,0,0,0,0,0
37063,ECG,4349,7949,0,0,0,0,0
37068,ECG,4350,7899,0,0,0,0,0
37068,ECG,4351,7849,0,0,0,0,0
37068,ECG,4352,7799,0,0,0,0,0
37073,ECG,4353,7749,0,0,0,0,0
37073,ECG,4354,7700,0,0,0,0,0
37078,ECG,4355,7651,0,0,0,0,0
37078,ECG,4356,7603,0,0,0,0,0
37078,ECG,4357,7555,0,0,0,0,0
37083,ECG,4358,7507,0,0,0,0,0
37083,ECG,4359,7459,0,0,0,0,0
37088,ECG,4360,7412,0,0,0,0,0
37088,ECG,4361,7365,0,0,0,0,0
37088,ECG,4362,7318,0,0,0,0,0
37093,ECG,4363,7271,0,0,0,0,0
37093,ECG,4364,7225,0,0,0,0,0
37098,ECG,4365,7134,0,0,0,0,0
37098,ECG,4366,7088,0,0,0,0,0
37103,ECG,4367,7043,0,0,0,0,0
37103,ECG,4368,6999,0,0,0,0,0
37108,ECG,4369,6910,0,0,0,0,0
37108,ECG,4370,6866,0,0,0,0,0
37113,ECG,4371,6822,0,0,0,0,0
37113,ECG,4372,6779,0,0,0,0,0
37113,ECG,4373,6736,0,0,0,0,0
37118,ECG,4374,6693,0,0,0,0,0
37118,ECG,4375,6651,0,0,0,0,0
37123,ECG,4376,6608,0,0,0,0,0
37123,ECG,4377,6566,0,0,0,0,0
37123,ECG,4378,6525,0,0,0,0,0
37128,ECG,4379,6483,0,0,0,0,0
37128,ECG,4380,6442,0,0,0,0,0
37133,ECG,4381,6360,0,0,0,0,0
37133,ECG,4382,6320,0,0,0,0,0
37138,ECG,4383,6279,0,0,0,0,0
37138,ECG,4384,6239,0,0,0,0,0
37139,ECG,4385,6200,0,0,0,0,0
37143,ECG,4386,6160,0,0,0,0,0
37143,ECG,4387,6121,0,0,0,0,0
37148,ECG,4388,6082,0,0,0,0,0
37148,ECG,4389,6043,0,0,0,0,0
37148,ECG,4390,6005,0,0,0,0,0
37153,ECG,4391,5966,0,0,0,0,0
37153,ECG,4392,5928,0,0,0,0,0
37158,ECG,4393,5891,0,0,0,0,0
37158,ECG,4394,5853,0,0,0,0,0
37158,ECG,4395,5816,0,0,0,0,0
37163,ECG,4396,5779,0,0,0,0,0
37163,ECG,4397,5742,0,0,0,0,0
37168,ECG,4398,5706,0,0,0,0,0
37168,ECG,4399,5669,0,0,0,0,0
37168,ECG,4400,5633,0,0,0,0,0
37173,ECG,4401,5597,0,0,0,0,0
37173,ECG,4402,5561,0,0,0,0,0
37178,ECG,4403,5491,0,0,0,0,0
37178,ECG,4404,5456,0,0,0,0,0
37183,ECG,4405,5421,0,0,0,0,0
37183,ECG,4406,5386,0,0,0,0,0
37188,ECG,4407,5318,0,0,0,0,0
37188,ECG,4408,5284,0,0,0,0,0
37193,ECG,4409,5250,0,0,0,0,0
37193,ECG,4410,5217,0,0,0,0,0
37193,ECG,4411,5183,0,0,0,0,0
37198,ECG,4412,5150,0,0,0,0,0
37198,ECG,4413,5117,0,0,0,0,0
37203,ECG,4414,5085,0,0,0,0,0
37203,ECG,4415,5052,0,0,0,0,0
37203,ECG,4416,5020,0,0,0,0,0
37208,ECG,4417,4988,0,0,0,0,0
37208,ECG,4418,4956,0,0,0,0,0
37213,ECG,4419,4893,0,0,0,0,0
37213,ECG,4420,4862,0,0,0,0,0
37218,ECG,4421,4831,0,0,0,0,0
37218,ECG,4422,4798,0,0,0,0,0
37219,ECG,4423,4776,0,0,0,0,0
37223,ECG,4424,4749,0,0,0,0,0
37223,ECG,4425,4706,0,0,0,0,0
37228,ECG,4426,4665,0,0,0,0,0
37228,ECG,4427,4625,0,0,0,0,0
37228,ECG,4428,4581,0,0,0,0,0
37233,ECG,4429,4544,0,0,0,0,0
37233,ECG,4430,4513,0,0,0,0,0
37238,ECG,4431,4490,0,0,0,0,0
37238,ECG,4432,4474,0,0,0,0,0
37238,ECG,4433,4459,0,0,0,0,0
37243,ECG,4434,4440,0,0,0,0,0
37243,ECG,4435,4425,0,0,0,0,0
37248,ECG,4436,4399,0,0,0,0,0
37248,ECG,4437,4360,0,0,0,0,0
37248,ECG,4438,4332,0,0,0,0,0
37253,ECG,4439,4306,0,0,0,0,0
37253,ECG,4440,4277,0,0,0,0,0
37258,ECG,4441,4223,0,0,0,0,0
37258,ECG,4442,4195,0,0,0,0,0
37263,ECG,4443,4169,0,0,0,0,0
37263,ECG,4444,4142,0,0,0,0,0
37268,ECG,4445,4089,0,0,0,0,0
37268,ECG,4446,4063,0,0,0,0,0
37273,ECG,4447,4037,0,0,0,0,0
37273,ECG,4448,4011,0,0,0,0,0
37273,ECG,4449,3985,0,0,0,0,0
37278,ECG,4450,3959,0,0,0,0,0
37278,ECG,4451,3934,0,0,0,0,0
37283,ECG,4452,3909,0,0,0,0,0
37283,ECG,4453,3884,0,0,0,0,0
37283,ECG,4454,3859,0,0,0,0,0
37288,ECG,4455,3834,0,0,0,0,0
37288,ECG,4456,3809,0,0,0,0,0
37293,ECG,4457,3785,0,0,0,0,0
37293,ECG,4458,3760,0,0,0,0,0
37293,ECG,4459,3736,0,0,0,0,0
37298,ECG,4460,3712,0,0,0,0,0
37298,ECG,4461,3688,0,0,0,0,0
37299,ECG,4462,3664,0,0,0,0,0
37303,ECG,4463,3641,0,0,0,0,0
37303,ECG,4464,3617,0,0,0,0,0
37308,ECG,4465,3594,0,0,0,0,0
37308,ECG,4466,3571,0,0,0,0,0
37313,ECG,4467,3525,0,0,0,0,0
37313,ECG,4468,3502,0,0,0,0,0
37318,ECG,4469,3480,0,0,0,0,0
37318,ECG,4470,3457,0,0,0,0,0
37318,ECG,4471,3435,0,0,0,0,0
37323,ECG,4472,3413,0,0,0,0,0
37323,ECG,4473,3391,0,0,0,0,0
37328,ECG,4474,3369,0,0,0,0,0
37328,ECG,4475,3347,0,0,0,0,0
37328,ECG,4476,3326,0,0,0,0,0
37333,ECG,4477,3304,0,0,0,0,0
37333,ECG,4478,3283,0,0,0,0,0
37338,ECG,4479,3241,0,0,0,0,0
37338,ECG,4480,3220,0,0,0,0,0
37343,ECG,4481,3199,0,0,0,0,0
37343,ECG,4482,3178,0,0,0,0,0
37348,ECG,4483,3137,0,0,0,0,0
37348,ECG,4484,3117,0,0,0,0,0
37353,ECG,4485,3097,0,0,0,0,0
37353,ECG,4486,3077,0,0,0,0,0
37353,ECG,4487,3057,0,0,0,0,0
37358,ECG,4488,3038,0,0,0,0,0
37358,ECG,4489,3016,0,0,0,0,0
37363,ECG,4490,3001,0,0,0,0,0
37363,ECG,4491,2988,0,0,0,0,0
37363,ECG,4492,2961,0,0,0,0,0
37368,ECG,4493,2931,0,0,0,0,0
37368,ECG,4494,2904,0,0,0,0,0
37373,ECG,4495,2872,0,0,0,0,0
37373,ECG,4496,2845,0,0,0,0,0
37373,ECG,4497,2825,0,0,0,0,0
37378,ECG,4498,2810,0,0,0,0,0
37378,ECG,4499,2801,0,0,0,0,0
37383,ECG,4500,2785,0,0,0,0,0
37383,ECG,4501,2777,0,0,0,0,0
37388,ECG,4502,2766,0,0,0,0,0
37388,ECG,4503,2740,0,0,0,0,0
37393,ECG,4504,2704,0,0,0,0,0
37393,ECG,4505,2685,0,0,0,0,0
37398,ECG,4506,2668,0,0,0,0,0
37398,ECG,4507,2650,0,0,0,0,0
37398,ECG,4508,2633,0,0,0,0,0
37403,ECG,4509,2616,0,0,0,0,0
37403,ECG,4510,2599,0,0,0,0,0
37408,ECG,4511,2582,0,0,0,0,0
37408,ECG,4512,2565,0,0,0,0,0
37408,ECG,4513,2549,0,0,0,0,0
37413,ECG,4514,2532,0,0,0,0,0
37413,ECG,4515,2516,0,0,0,0,0
37418,ECG,4516,2481,0,0,0,0,0
37418,ECG,4517,2474,0,0,0,0,0
37423,ECG,4518,2461,0,0,0,0,0
37423,ECG,4519,2432,0,0,0,0,0
37428,ECG,4520,2378,0,0,0,0,0
37428,ECG,4521,2349,0,0,0,0,0
37433,ECG,4522,2326,0,0,0,0,0
37433,ECG,4523,2311,0,0,0,0,0
37433,ECG,4524,2301,0,0,0,0,0
37438,ECG,4525,2299,0,0,0,0,0
37438,ECG,4526,2297,0,0,0,0,0
37443,ECG,4527,2292,0,0,0,0,0
37443,ECG,4528,2291,0,0,0,0,0
37443,ECG,4529,2276,0,0,0,0,0
37448,ECG,4530,2251,0,0,0,0,0
37448,ECG,4531,2237,0,0,0,0,0
37453,ECG,4532,2223,0,0,0,0,0
37453,ECG,4533,2208,0,0,0,0,0
37453,ECG,4534,2194,0,0,0,0,0
37458,ECG,4535,2179,0,0,0,0,0
37458,ECG,4536,2165,0,0,0,0,0
37463,ECG,4537,2137,0,0,0,0,0
37463,ECG,4538,2123,0,0,0,0,0
37468,ECG,4539,2109,0,0,0,0,0
37468,ECG,4540,2095,0,0,0,0,0
37473,ECG,4541,2068,0,0,0,0,0
37473,ECG,4542,2054,0,0,0,0,0
37478,ECG,4543,2041,0,0,0,0,0
37478,ECG,4544,2027,0,0,0,0,0
37478,ECG,4545,2014,0,0,0,0,0
37483,ECG,4546,2001,0,0,0,0,0
37483,ECG,4547,1987,0,0,0,0,0
37488,ECG,4548,1974,0,0,0,0,0
37488,ECG,4549,1961,0,0,0,0,0
37488,ECG,4550,1949,0,0,0,0,0
37493,ECG,4551,1936,0,0,0,0,0
37493,ECG,4552,1923,0,0,0,0,0
37498,ECG,4553,1895,0,0,0,0,0
37498,ECG,4554,1888,0,0,0,0,0
37503,ECG,4555,1887,0,0,0,0,0
37503,ECG,4556,1865,0,0,0,0,0
37504,ECG,4557,1836,0,0,0,0,0
37508,ECG,4558,1811,0,0,0,0,0
37508,ECG,4559,1781,0,0,0,0,0
37513,ECG,4560,1755,0,0,0,0,0
37513,ECG,4561,1740,0,0,0,0,0
37513,ECG,4562,1732,0,0,0,0,0
37518,ECG,4563,1734,0,0,0,0,0
37518,ECG,4564,1740,0,0,0,0,0
37523,ECG,4565,1741,0,0,0,0,0
37523,ECG,4566,1746,0,0,0,0,0
37523,ECG,4567,1746,0,0,0,0,0
37528,ECG,4568,1724,0,0,0,0,0
37528,ECG,4569,1706,0,0,0,0,0
37533,ECG,4570,1698,0,0,0,0,0
37533,ECG,4571,1686,0,0,0,0,0
37533,ECG,4572,1674,0,0,0,0,0
37538,ECG,4573,1664,0,0,0,0,0
37538,ECG,4574,1652,0,0,0,0,0
37543,ECG,4575,1631,0,0,0,0,0
37543,ECG,4576,1620,0,0,0,0,0
37548,ECG,4577,1609,0,0,0,0,0
37548,ECG,4578,1598,0,0,0,0,0
37553,ECG,4579,1576,0,0,0,0,0
37553,ECG,4580,1568,0,0,0,0,0
37558,ECG,4581,1556,0,0,0,0,0
37558,ECG,4582,1543,0,0,0,0,0
37558,ECG,4583,1553,0,0,0,0,0
37563,ECG,4584,1547,0,0,0,0,0
37563,ECG,4585,1508,0,0,0,0,0
37568,ECG,4586,1474,0,0,0,0,0
37568,ECG,4587,1437,0,0,0,0,0
37568,ECG,4588,1396,0,0,0,0,0
37573,ECG,4589,1370,0,0,0,0,0
37573,ECG,4590,1360,0,0,0,0,0
37578,ECG,4591,1365,0,0,0,0,0
37578,ECG,4592,1386,0,0,0,0,0
37578,ECG,4593,1405,0,0,0,0,0
37583,ECG,4594,1418,0,0,0,0,0
37583,ECG,4595,1439,0,0,0,0,0
37584,ECG,4596,1431,0,0,0,0,0
37588,ECG,4597,1399,0,0,0,0,0
37588,ECG,4598,1391,0,0,0,0,0
37593,ECG,4599,1384,0,0,0,0,0
37593,ECG,4600,1372,0,0,0,0,0
37598,ECG,4601,1355,0,0,0,0,0
37598,ECG,4602,1345,0,0,0,0,0
37603,ECG,4603,1337,0,0,0,0,0
37603,ECG,4604,1328,0,0,0,0,0
37603,ECG,4605,1319,0,0,0,0,0
37608,ECG,4606,1310,0,0,0,0,0
37608,ECG,4607,1301,0,0,0,0,0
37613,ECG,4608,1292,0,0,0,0,0
37613,ECG,4609,1283,0,0,0,0,0
37613,ECG,4610,1275,0,0,0,0,0
37618,ECG,4611,1266,0,0,0,0,0
37618,ECG,4612,1258,0,0,0,0,0
37623,ECG,4613,1241,0,0,0,0,0
37623,ECG,4614,1232,0,0,0,0,0
37628,ECG,4615,1224,0,0,0,0,0
37628,ECG,4616,1216,0,0,0,0,0
37633,ECG,4617,1199,0,0,0,0,0
37633,ECG,4618,1191,0,0,0,0,0
37638,ECG,4619,1183,0,0,0,0,0
37638,ECG,4620,1175,0,0,0,0,0
37638,ECG,4621,1167,0,0,0,0,0
37643,ECG,4622,1159,0,0,0,0,0
37643,ECG,4623,1151,0,0,0,0,0
37648,ECG,4624,1143,0,0,0,0,0
37648,ECG,4625,1135,0,0,0,0,0
37648,ECG,4626,1129,0,0,0,0,0
37653,ECG,4627,1118,0,0,0,0,0
37653,ECG,4628,1111,0,0,0,0,0
37658,ECG,4629,1110,0,0,0,0,0
37658,ECG,4630,1085,0,0,0,0,0
37658,ECG,4631,1112,0,0,0,0,0
37663,ECG,4632,1126,0,0,0,0,0
37663,ECG,4633,1100,0,0,0,0,0
37668,ECG,4634,898,0,0,0,0,0
37668,ECG,4635,779,0,0,0,0,0
38675,ECG,4636,0,0,0,0,0,0
38675,ECG,4637,-1,0,0,0,0,0
38675,ECG,4638,-6,0,0,0,0,0
38680,ECG,4639,2,0,0,0,0,0
38680,ECG,4640,6,0,0,0,0,0
38685,ECG,4641,38,0,0,0,0,0
38685,ECG,4642,-16,0,0,0,0,0
38690,ECG,4643,-26,0,0,0,0,0
38690,ECG,4644,151,0,0,0,0,0
38695,ECG,4645,-2109,0,0,0,0,0
38695,ECG,4646,-1850,0,0,0,0,0
38700,ECG,4647,-36,0,0,0,0,0
38700,ECG,4648,3394,0,0,0,0,0
38700,ECG,4649,8729,0,0,0,0,0
38705,ECG,4650,15156,0,0,0,0,0
38705,ECG,4651,21689,0,0,0,0,0
38710,ECG,4652,27397,0,0,0,0,0
38710,ECG,4653,31311,0,0,0,0,0
38710,ECG,4654,32011,0,0,0,0,0
38715,ECG,4655,31810,0,0,0,0,0
38715,ECG,4656,31610,0,0,0,0,0
38720,ECG,4657,31109,0,0,0,0,0
38720,ECG,4658,31019,0,0,0,0,0
38725,ECG,4659,30731,0,0,0,0,0
38725,ECG,4660,30591,0,0,0,0,0
38726,ECG,4661,30395,0,0,0,0,0
38730,ECG,4662,30195,0,0,0,0,0
38730,ECG,4663,30019,0,0,0,0,0
38735,ECG,4664,29827,0,0,0,0,0
38735,ECG,4665,29638,0,0,0,0,0
38735,ECG,4666,29451,0,0,0,0,0
38740,ECG,4667,29266,0,0,0,0,0
38740,ECG,4668,29082,0,0,0,0,0
38745,ECG,4669,28900,0,0,0,0,0
38745,ECG,4670,28718,0,0,0,0,0
38745,ECG,4671,28537,0,0,0,0,0
38750,ECG,4672,28358,0,0,0,0,0
38750,ECG,4673,28180,0,0,0,0,0
38755,ECG,4674,28002,0,0,0,0,0
38755,ECG,4675,27826,0,0,0,0,0
38755,ECG,4676,27651,0,0,0,0,0
38760,ECG,4677,27478,0,0,0,0,0
38760,ECG,4678,27305,0,0,0,0,0
38765,ECG,4679,26963,0,0,0,0,0
38765,ECG,4680,26793,0,0,0,0,0
38770,ECG,4681,26625,0,0,0,0,0
38770,ECG,4682,26457,0,0,0,0,0
38775,ECG,4683,26126,0,0,0,0,0
38775,ECG,4684,25961,0,0,0,0,0
38780,ECG,4685,25798,0,0,0,0,0
38780,ECG,4686,25636,0,0,0,0,0
38780,ECG,4687,25475,0,0,0,0,0
38785,ECG,4688,25314,0,0,0,0,0
38785,ECG,4689,25155,0,0,0,0,0
38790,ECG,4690,24997,0,0,0,0,0
38790,ECG,4691,24840,0,0,0,0,0
38790,ECG,4692,24683,0,0,0,0,0
38795,ECG,4693,24528,0,0,0,0,0
38795,ECG,4694,24374,0,0,0,0,0
38800,ECG,4695,24221,0,0,0,0,0
38800,ECG,4696,24068,0,0,0,0,0
38800,ECG,4697,23917,0,0,0,0,0
38805,ECG,4698,23766,0,0,0,0,0
38805,ECG,4699,23617,0,0,0,0,0
38806,ECG,4700,23468,0,0,0,0,0
38810,ECG,4701,23321,0,0,0,0,0
38810,ECG,4702,23174,0,0,0,0,0
38815,ECG,4703,23028,0,0,0,0,0
38815,ECG,4704,22883,0,0,0,0,0
38820,ECG,4705,22596,0,0,0,0,0
38820,ECG,4706,22454,0,0,0,0,0
38825,ECG,4707,22313,0,0,0,0,0
38825,ECG,4708,22172,0,0,0,0,0
38825,ECG,4709,22033,0,0,0,0,0
38830,ECG,4710,21894,0,0,0,0,0
38830,ECG,4711,21756,0,0,0,0,0
38835,ECG,4712,21619,0,0,0,0,0
38835,ECG,4713,21483,0,0,0,0,0
38835,ECG,4714,21348,0,0,0,0,0
38840,ECG,4715,21214,0,0,0,0,0
38840,ECG,4716,21080,0,0,0,0,0
38845,ECG,4717,20816,0,0,0,0,0
38845,ECG,4718,20685,0,0,0,0,0
38850,ECG,4719,20555,0,0,0,0,0
38850,ECG,4720,20425,0,0,0,0,0
38855,ECG,4721,20169,0,0,0,0,0
38855,ECG,4722,20042,0,0,0,0,0
38860,ECG,4723,19916,0,0,0,0,0
38860,ECG,4724,19790,0,0,0,0,0
38860,ECG,4725,19666,0,0,0,0,0
38865,ECG,4726,19542,0,0,0,0,0
38865,ECG,4727,19419,0,0,0,0,0
38870,ECG,4728,19297,0,0,0,0,0
38870,ECG,4729,19175,0,0,0,0,0
38870,ECG,4730,19055,0,0,0,0,0
38875,ECG,4731,18935,0,0,0,0,0
38875,ECG,4732,18815,0,0,0,0,0
38880,ECG,4733,18697,0,0,0,0,0
38880,ECG,4734,18579,0,0,0,0,0
38880,ECG,4735,18462,0,0,0,0,0
38885,ECG,4736,18346,0,0,0,0,0
38885,ECG,4737,18230,0,0,0,0,0
38890,ECG,4738,18002,0,0,0,0,0
38890,ECG,4739,17888,0,0,0,0,0
38895,ECG,4740,17775,0,0,0,0,0
38895,ECG,4741,17663,0,0,0,0,0
38900,ECG,4742,17442,0,0,0,0,0
38900,ECG,4743,17332,0,0,0,0,0
38905,ECG,4744,17222,0,0,0,0,0
38905,ECG,4745,17114,0,0,0,0,0
38905,ECG,4746,17006,0,0,0,0,0
38910,ECG,4747,16899,0,0,0,0,0
38910,ECG,4748,16792,0,0,0,0,0
38915,ECG,4749,16687,0,0,0,0,0
38915,ECG,4750,16581,0,0,0,0,0
38915,ECG,4751,16477,0,0,0,0,0
38920,ECG,4752,16373,0,0,0,0,0
38920,ECG,4753,16270,0,0,0,0,0
38925,ECG,4754,16065,0,0,0,0,0
38925,ECG,4755,15964,0,0,0,0,0
38930,ECG,4756,15864,0,0,0,0,0
38930,ECG,4757,15764,0,0,0,0,0
38931,ECG,4758,15664,0,0,0,0,0
38935,ECG,4759,15566,0,0,0,0,0
38935,ECG,4760,15467,0,0,0,0,0
38940,ECG,4761,15370,0,0,0,0,0
38940,ECG,4762,15273,0,0,0,0,0
38940,ECG,4763,15177,0,0,0,0,0
38945,ECG,4764,15081,0,0,0,0,0
38945,ECG,4765,14986,0,0,0,0,0
38950,ECG,4766,14891,0,0,0,0,0
38950,ECG,4767,14797,0,0,0,0,0
38950,ECG,4768,14704,0,0,0,0,0
38955,ECG,4769,14611,0,0,0,0,0
38955,ECG,4770,14519,0,0,0,0,0
38960,ECG,4771,14428,0,0,0,0,0
38960,ECG,4772,14337,0,0,0,0,0
38960,ECG,4773,14246,0,0,0,0,0
38965,ECG,4774,14156,0,0,0,0,0
38965,ECG,4775,14067,0,0,0,0,0
38970,ECG,4776,13890,0,0,0,0,0
38970,ECG,4777,13802,0,0,0,0,0
38975,ECG,4778,13715,0,0,0,0,0
38975,ECG,4779,13629,0,0,0,0,0
38980,ECG,4780,13457,0,0,0,0,0
38980,ECG,4781,13372,0,0,0,0,0
38985,ECG,4782,13288,0,0,0,0,0
38985,ECG,4783,13204,0,0,0,0,0
38985,ECG,4784,13121,0,0,0,0,0
38990,ECG,4785,13038,0,0,0,0,0
38990,ECG,4786,12956,0,0,0,0,0
38995,ECG,4787,12874,0,0,0,0,0
38995,ECG,4788,12793,0,0,0,0,0
38995,ECG,4789,12712,0,0,0,0,0
39000,ECG,4790,12632,0,0,0,0,0
39000,ECG,4791,12552,0,0,0,0,0
39005,ECG,4792,12394,0,0,0,0,0
39005,ECG,4793,12316,0,0,0,0,0
39010,ECG,4794,12238,0,0,0,0,0
39010,ECG,4795,12161,0,0,0,0,0
39011,ECG,4796,12084,0,0,0,0,0
39015,ECG,4797,12008,0,0,0,0,0
39015,ECG,4798,11932,0,0,0,0,0
39020,ECG,4799,11857,0,0,0,0,0
39020,ECG,4800,11782,0,0,0,0,0
39020,ECG,4801,11707,0,0,0,0,0
39025,ECG,4802,11633,0,0,0,0,0
39025,ECG,4803,11560,0,0,0,0,0
39030,ECG,4804,11487,0,0,0,0,0
39030,ECG,4805,11414,0,0,0,0,0
39030,ECG,4806,11342,0,0,0,0,0
39035,ECG,4807,11271,0,0,0,0,0
39035,ECG,4808,11199,0,0,0,0,0
39040,ECG,4809,11129,0,0,0,0,0
39040,ECG,4810,11058,0,0,0,0,0
39040,ECG,4811,10988,0,0,0,0,0
39045,ECG,4812,10919,0,0,0,0,0
39045,ECG,4813,10850,0,0,0,0,0
39050,ECG,4814,10713,0,0,0,0,0
39050,ECG,4815,10645,0,0,0,0,0
39055,ECG,4816,10578,0,0,0,0,0
39055,ECG,4817,10511,0,0,0,0,0
39060,ECG,4818,10379,0,0,0,0,0
39060,ECG,4819,10313,0,0,0,0,0
39065,ECG,4820,10248,0,0,0,0,0
39065,ECG,4821,10183,0,0,0,0,0
39065,ECG,4822,10118,0,0,0,0,0
39070,ECG,4823,10054,0,0,0,0,0
39070,ECG,4824,9991,0,0,0,0,0
39075,ECG,4825,9928,0,0,0,0,0
39075,ECG,4826,9865,0,0,0,0,0
39075,ECG,4827,9802,0,0,0,0,0
39080,ECG,4828,9740,0,0,0,0,0
39080,ECG,4829,9679,0,0,0,0,0
39085,ECG,4830,9617,0,0,0,0,0
39085,ECG,4831,9557,0,0,0,0,0
39085,ECG,4832,9496,0,0,0,0,0
39090,ECG,4833,9436,0,0,0,0,0
39090,ECG,4834,9376,0,0,0,0,0
39091,ECG,4835,9317,0,0,0,0,0
39095,ECG,4836,9258,0,0,0,0,0
39095,ECG,4837,9200,0,0,0,0,0
39100,ECG,4838,9141,0,0,0,0,0
39100,ECG,4839,9083,0,0,0,0,0
39105,ECG,4840,8969,0,0,0,0,0
39105,ECG,4841,8912,0,0,0,0,0
39110,ECG,4842,8855,0,0,0,0,0
39110,ECG,4843,8799,0,0,0,0,0
39110,ECG,4844,8744,0,0,0,0,0
39115,ECG,4845,8688,0,0,0,0,0
39115,ECG,4846,8633,0,0,0,0,0
39120,ECG,4847,8578,0,0,0,0,0
39120,ECG,4848,8524,0,0,0,0,0
39120,ECG,4849,8470,0,0,0,0,0
39125,ECG,4850,8416,0,0,0,0,0
39125,ECG,4851,8363,0,0,0,0,0
39130,ECG,4852,8257,0,0,0,0,0
39130,ECG,4853,8205,0,0,0,0,0
39135,ECG,4854,8153,0,0,0,0,0
39135,ECG,4855,8101,0,0,0,0,0
39140,ECG,4856,7999,0,0,0,0,0
39140,ECG,4857,7948,0,0,0,0,0
39145,ECG,4858,7898,0,0,0,0,0
39145,ECG,4859,7848,0,0,0,0,0
39145,ECG,4860,7798,0,0,0,0,0
39150,ECG,4861,7749,0,0,0,0,0
39150,ECG,4862,7699,0,0,0,0,0
39155,ECG,4863,7651,0,0,0,0,0
39155,ECG,4864,7602,0,0,0,0,0
39155,ECG,4865,7554,0,0,0,0,0
39160,ECG,4866,7506,0,0,0,0,0
39160,ECG,4867,7458,0,0,0,0,0
39165,ECG,4868,7411,0,0,0,0,0
39165,ECG,4869,7364,0,0,0,0,0
39165,ECG,4870,7317,0,0,0,0,0
39170,ECG,4871,7271,0,0,0,0,0
39170,ECG,4872,7224,0,0,0,0,0
39175,ECG,4873,7133,0,0,0,0,0
39175,ECG,4874,7088,0,0,0,0,0
39180,ECG,4875,7043,0,0,0,0,0
39180,ECG,4876,6998,0,0,0,0,0
39185,ECG,4877,6909,0,0,0,0,0
39185,ECG,4878,6865,0,0,0,0,0
39190,ECG,4879,6821,0,0,0,0,0
39190,ECG,4880,6778,0,0,0,0,0
39190,ECG,4881,6735,0,0,0,0,0
39195,ECG,4882,6692,0,0,0,0,0
39195,ECG,4883,6650,0,0,0,0,0
39200,ECG,4884,6608,0,0,0,0,0
39200,ECG,4885,6566,0,0,0,0,0
39200,ECG,4886,6524,0,0,0,0,0
39205,ECG,4887,6482,0,0,0,0,0
39205,ECG,4888,6441,0,0,0,0,0
39210,ECG,4889,6359,0,0,0,0,0
39210,ECG,4890,6319,0,0,0,0,0
39215,ECG,4891,6279,0,0,0,0,0
39215,ECG,4892,6239,0,0,0,0,0
39220,ECG,4893,6159,0,0,0,0,0
39220,ECG,4894,6120,0,0,0,0,0
39225,ECG,4895,6081,0,0,0,0,0
39225,ECG,4896,6042,0,0,0,0,0
39225,ECG,4897,6004,0,0,0,0,0
39230,ECG,4898,5966,0,0,0,0,0
39230,ECG,4899,5928,0,0,0,0,0
39235,ECG,4900,5890,0,0,0,0,0
39235,ECG,4901,5852,0,0,0,0,0
39235,ECG,4902,5815,0,0,0,0,0
39240,ECG,4903,5778,0,0,0,0,0
39240,ECG,4904,5741,0,0,0,0,0
39245,ECG,4905,5705,0,0,0,0,0
39245,ECG,4906,5669,0,0,0,0,0
39245,ECG,4907,5632,0,0,0,0,0
39250,ECG,4908,5596,0,0,0,0,0
39250,ECG,4909,5561,0,0,0,0,0
39255,ECG,4910,5490,0,0,0,0,0
39255,ECG,4911,5455,0,0,0,0,0
39260,ECG,4912,5420,0,0,0,0,0
39260,ECG,4913,5386,0,0,0,0,0
39265,ECG,4914,5317,0,0,0,0,0
39265,ECG,4915,5283,0,0,0,0,0
39270,ECG,4916,5249,0,0,0,0,0
39270,ECG,4917,5216,0,0,0,0,0
39270,ECG,4918,5183,0,0,0,0,0
39275,ECG,4919,5150,0,0,0,0,0
39275,ECG,4920,5117,0,0,0,0,0
39280,ECG,4921,5084,0,0,0,0,0
39280,ECG,4922,5051,0,0,0,0,0
39280,ECG,4923,5019,0,0,0,0,0
39285,ECG,4924,4987,0,0,0,0,0
39285,ECG,4925,4955,0,0,0,0,0
39290,ECG,4926,4892,0,0,0,0,0
39290,ECG,4927,4861,0,0,0,0,0
39295,ECG,4928,4830,0,0,0,0,0
39295,ECG,4929,4799,0,0,0,0,0
39296,ECG,4930,4768,0,0,0,0,0
39300,ECG,4931,4738,0,0,0,0,0
39300,ECG,4932,4707,0,0,0,0,0
39305,ECG,4933,4677,0,0,0,0,0
39305,ECG,4934,4647,0,0,0,0,0
39305,ECG,4935,4618,0,0,0,0,0
39310,ECG,4936,4588,0,0,0,0,0
39310,ECG,4937,4559,0,0,0,0,0
39315,ECG,4938,4530,0,0,0,0,0
39315,ECG,4939,4501,0,0,0,0,0
39315,ECG,4940,4472,0,0,0,0,0
39320,ECG,4941,4443,0,0,0,0,0
39320,ECG,4942,4415,0,0,0,0,0
39325,ECG,4943,4386,0,0,0,0,0
39325,ECG,4944,4358,0,0,0,0,0
39325,ECG,4945,4330,0,0,0,0,0
39330,ECG,4946,4303,0,0,0,0,0
39330,ECG,4947,4275,0,0,0,0,0
39335,ECG,4948,4220,0,0,0,0,0
39335,ECG,4949,4193,0,0,0,0,0
39340,ECG,4950,4166,0,0,0,0,0
39340,ECG,4951,4140,0,0,0,0,0
39345,ECG,4952,4087,0,0,0,0,0
39345,ECG,4953,4060,0,0,0,0,0
39350,ECG,4954,4034,0,0,0,0,0
39350,ECG,4955,4008,0,0,0,0,0
39350,ECG,4956,3983,0,0,0,0,0
39355,ECG,4957,3957,0,0,0,0,0
39355,ECG,4958,3932,0,0,0,0,0
39360,ECG,4959,3906,0,0,0,0,0
39360,ECG,4960,3881,0,0,0,0,0
39360,ECG,4961,3856,0,0,0,0,0
39365,ECG,4962,3832,0,0,0,0,0
39365,ECG,4963,3807,0,0,0,0,0
39370,ECG,4964,3782,0,0,0,0,0
39370,ECG,4965,3758,0,0,0,0,0
39370,ECG,4966,3734,0,0,0,0,0
39375,ECG,4967,3710,0,0,0,0,0
39375,ECG,4968,3686,0,0,0,0,0
39376,ECG,4969,3662,0,0,0,0,0
39380,ECG,4970,3639,0,0,0,0,0
39380,ECG,4971,3615,0,0,0,0,0
39385,ECG,4972,3592,0,0,0,0,0
39385,ECG,4973,3569,0,0,0,0,0
39385,ECG,4974,3546,0,0,0,0,0
39390,ECG,4975,3523,0,0,0,0,0
39390,ECG,4976,3500,0,0,0,0,0
39395,ECG,4977,3478,0,0,0,0,0
39395,ECG,4978,3455,0,0,0,0,0
39395,ECG,4979,3433,0,0,0,0,0
39400,ECG,4980,3411,0,0,0,0,0
39400,ECG,4981,3389,0,0,0,0,0
39405,ECG,4982,3367,0,0,0,0,0
39405,ECG,4983,3345,0,0,0,0,0
39405,ECG,4984,3324,0,0,0,0,0
39410,ECG,4985,3302,0,0,0,0,0
39410,ECG,4986,3281,0,0,0,0,0
39415,ECG,4987,3239,0,0,0,0,0
39415,ECG,4988,3218,0,0,0,0,0
39420,ECG,4989,3197,0,0,0,0,0
39420,ECG,4990,3176,0,0,0,0,0
39425,ECG,4991,3135,0,0,0,0,0
39425,ECG,4992,3115,0,0,0,0,0
39430,ECG,4993,3095,0,0,0,0,0
39430,ECG,4994,3075,0,0,0,0,0
39430,ECG,4995,3055,0,0,0,0,0
39435,ECG,4996,3035,0,0,0,0,0
39435,ECG,4997,3015,0,0,0,0,0
39440,ECG,4998,2996,0,0,0,0,0
39440,ECG,4999,2976,0,0,0,0,0
39440,ECG,5000,2957,0,0,0,0,0
39445,ECG,5001,2938,0,0,0,0,0
39445,ECG,5002,2919,0,0,0,0,0
39450,ECG,5003,2900,0,0,0,0,0
39450,ECG,5004,2881,0,0,0,0,0
39450,ECG,5005,2862,0,0,0,0,0
39455,ECG,5006,2844,0,0,0,0,0
39455,ECG,5007,2825,0,0,0,0,0
39460,ECG,5008,2789,0,0,0,0,0
39460,ECG,5009,2771,0,0,0,0,0
39465,ECG,5010,2753,0,0,0,0,0
39465,ECG,5011,2735,0,0,0,0,0
39470,ECG,5012,2700,0,0,0,0,0
39470,ECG,5013,2682,0,0,0,0,0
39475,ECG,5014,2665,0,0,0,0,0
39475,ECG,5015,2647,0,0,0,0,0
39475,ECG,5016,2630,0,0,0,0,0
39480,ECG,5017,2613,0,0,0,0,0
39480,ECG,5018,2596,0,0,0,0,0
39485,ECG,5019,2579,0,0,0,0,0
39485,ECG,5020,2562,0,0,0,0,0
39485,ECG,5021,2546,0,0,0,0,0
39490,ECG,5022,2529,0,0,0,0,0
39490,ECG,5023,2513,0,0,0,0,0
39495,ECG,5024,2480,0,0,0,0,0
39495,ECG,5025,2464,0,0,0,0,0
39500,ECG,5026,2448,0,0,0,0,0
39500,ECG,5027,2432,0,0,0,0,0
39505,ECG,5028,2400,0,0,0,0,0
39505,ECG,5029,2385,0,0,0,0,0
39510,ECG,5030,2369,0,0,0,0,0
39510,ECG,5031,2354,0,0,0,0,0
39510,ECG,5032,2338,0,0,0,0,0
39515,ECG,5033,2323,0,0,0,0,0
39515,ECG,5034,2308,0,0,0,0,0
39520,ECG,5035,2293,0,0,0,0,0
39520,ECG,5036,2278,0,0,0,0,0
39520,ECG,5037,2263,0,0,0,0,0
39525,ECG,5038,2248,0,0,0,0,0
39525,ECG,5039,2233,0,0,0,0,0
39530,ECG,5040,2219,0,0,0,0,0
39530,ECG,5041,2204,0,0,0,0,0
39530,ECG,5042,2190,0,0,0,0,0
39535,ECG,5043,2176,0,0,0,0,0
39535,ECG,5044,2161,0,0,0,0,0
39540,ECG,5045,2133,0,0,0,0,0
39540,ECG,5046,2119,0,0,0,0,0
39545,ECG,5047,2105,0,0,0,0,0
39545,ECG,5048,2091,0,0,0,0,0
39550,ECG,5049,2064,0,0,0,0,0
39550,ECG,5050,2050,0,0,0,0,0
39555,ECG,5051,2037,0,0,0,0,0
39555,ECG,5052,2023,0,0,0,0,0
39555,ECG,5053,2010,0,0,0,0,0
39560,ECG,5054,1997,0,0,0,0,0
39560,ECG,5055,1984,0,0,0,0,0
39565,ECG,5056,1971,0,0,0,0,0
39565,ECG,5057,1958,0,0,0,0,0
39565,ECG,5058,1945,0,0,0,0,0
39570,ECG,5059,1932,0,0,0,0,0
39570,ECG,5060,1919,0,0,0,0,0
39575,ECG,5061,1894,0,0,0,0,0
39575,ECG,5062,1881,0,0,0,0,0
39580,ECG,5063,1869,0,0,0,0,0
39580,ECG,5064,1857,0,0,0,0,0
39581,ECG,5065,1844,0,0,0,0,0
39585,ECG,5066,1832,0,0,0,0,0
39585,ECG,5067,1820,0,0,0,0,0
39590,ECG,5068,1808,0,0,0,0,0
39590,ECG,5069,1796,0,0,0,0,0
39590,ECG,5070,1784,0,0,0,0,0
39595,ECG,5071,1772,0,0,0,0,0
39595,ECG,5072,1761,0,0,0,0,0
39600,ECG,5073,1749,0,0,0,0,0
39600,ECG,5074,1737,0,0,0,0,0
39600,ECG,5075,1726,0,0,0,0,0
39605,ECG,5076,1714,0,0,0,0,0
39605,ECG,5077,1703,0,0,0,0,0
39610,ECG,5078,1692,0,0,0,0,0
39610,ECG,5079,1681,0,0,0,0,0
39610,ECG,5080,1669,0,0,0,0,0
39615,ECG,5081,1658,0,0,0,0,0
39615,ECG,5082,1647,0,0,0,0,0
39620,ECG,5083,1625,0,0,0,0,0
39620,ECG,5084,1615,0,0,0,0,0
39625,ECG,5085,1604,0,0,0,0,0
39625,ECG,5086,1593,0,0,0,0,0
39630,ECG,5087,1572,0,0,0,0,0
39630,ECG,5088,1562,0,0,0,0,0
39635,ECG,5089,1551,0,0,0,0,0
39635,ECG,5090,1541,0,0,0,0,0
39635,ECG,5091,1531,0,0,0,0,0
39640,ECG,5092,1520,0,0,0,0,0
39640,ECG,5093,1510,0,0,0,0,0
39645,ECG,5094,1500,0,0,0,0,0
39645,ECG,5095,1490,0,0,0,0,0
39645,ECG,5096,1480,0,0,0,0,0
39650,ECG,5097,1470,0,0,0,0,0
39650,ECG,5098,1460,0,0,0,0,0
39655,ECG,5099,1451,0,0,0,0,0
39655,ECG,5100,1441,0,0,0,0,0
39655,ECG,5101,1431,0,0,0,0,0
39660,ECG,5102,1422,0,0,0,0,0
39660,ECG,5103,1412,0,0,0,0,0
39661,ECG,5104,1403,0,0,0,0,0
39665,ECG,5105,1393,0,0,0,0,0
39665,ECG,5106,1384,0,0,0,0,0
39670,ECG,5107,1375,0,0,0,0,0
39670,ECG,5108,1365,0,0,0,0,0
39670,ECG,5109,1356,0,0,0,0,0
39675,ECG,5110,1347,0,0,0,0,0
39675,ECG,5111,1338,0,0,0,0,0
39680,ECG,5112,1329,0,0,0,0,0
39680,ECG,5113,1320,0,0,0,0,0
39680,ECG,5114,1311,0,0,0,0,0
39685,ECG,5115,1302,0,0,0,0,0
39685,ECG,5116,1294,0,0,0,0,0
39690,ECG,5117,1285,0,0,0,0,0
39690,ECG,5118,1276,0,0,0,0,0
39690,ECG,5119,1268,0,0,0,0,0
34849,PPG,200,129076,60593,0,0,0,0
34928,PPG,201,129077,60589,0,0,0,0
35005,PPG,202,129083,60586,0,0,0,0
35084,PPG,203,129081,60582,0,0,0,0
35168,PPG,204,129062,60573,0,0,0,0
35245,PPG,205,129067,60587,0,0,0,0
35323,PPG,206,129061,60584,0,0,0,0
35403,PPG,207,129078,60575,0,0,0,0
35483,PPG,208,129072,60583,0,0,0,0
35564,PPG,209,129075,60594,0,0,0,0
35646,PPG,210,129057,60592,0,0,0,0
35725,PPG,211,129070,60588,0,0,0,0
35802,PPG,212,129076,60582,0,0,0,0
35881,PPG,213,129080,60574,0,0,0,0
35962,PPG,214,129078,60587,0,0,0,0
36039,PPG,215,129078,60591,0,0,0,0
36118,PPG,216,129072,60585,0,0,0,0
36202,PPG,217,129069,60571,0,0,0,0
36279,PPG,218,129077,60578,0,0,0,0
36357,PPG,219,129079,60588,0,0,0,0
36437,PPG,220,129082,60577,0,0,0,0
36516,PPG,221,129079,60585,0,0,0,0
36596,PPG,222,129080,60586,0,0,0,0
36680,PPG,223,129079,60595,0,0,0,0
36759,PPG,224,129074,60587,0,0,0,0
36835,PPG,225,129073,60580,0,0,0,0
36914,PPG,226,129078,60580,0,0,0,0
36994,PPG,227,129072,60594,0,0,0,0
37073,PPG,228,129071,60573,0,0,0,0
37153,PPG,229,129083,60590,0,0,0,0
37236,PPG,230,129073,60591,0,0,0,0
37314,PPG,231,129069,60576,0,0,0,0
37391,PPG,232,129085,60590,0,0,0,0
37471,PPG,233,129067,60570,0,0,0,0
37551,PPG,234,129074,60584,0,0,0,0
37630,PPG,235,129063,60586,0,0,0,0
37709,PPG,236,129075,60590,0,0,0,0
37792,PPG,237,129080,60584,0,0,0,0
37869,PPG,238,129072,60588,0,0,0,0
37948,PPG,239,129084,60593,0,0,0,0
38028,PPG,240,129076,60588,0,0,0,0
38107,PPG,241,129081,60592,0,0,0,0
38188,PPG,242,129080,60575,0,0,0,0
38270,PPG,243,129078,60583,0,0,0,0
38348,PPG,244,129075,60584,0,0,0,0
38425,PPG,245,129069,60579,0,0,0,0
38505,PPG,246,129072,60580,0,0,0,0
38584,PPG,247,129073,60573,0,0,0,0
38664,PPG,248,129090,60581,0,0,0,0
38743,PPG,249,129076,60577,0,0,0,0
38828,PPG,250,129077,60581,0,0,0,0
38907,PPG,251,129077,60589,0,0,0,0
38983,PPG,252,129078,60594,0,0,0,0
39062,PPG,253,129075,60582,0,0,0,0
39142,PPG,254,129076,60581,0,0,0,0
39221,PPG,255,129074,60594,0,0,0,0
39304,PPG,256,129064,60582,0,0,0,0
39383,PPG,257,129065,60578,0,0,0,0
39460,PPG,258,129074,60590,0,0,0,0
39539,PPG,259,129071,60579,0,0,0,0
39618,PPG,260,129059,60567,0,0,0,0
39699,PPG,261,129068,60587,0,0,0,0
39784,PPG,262,129061,60582,0,0,0,0
39861,PPG,263,129062,60580,0,0,0,0
39941,PPG,264,129069,60586,0,0,0,0
40018,PPG,265,129063,60579,0,0,0,0
40098,PPG,266,129081,60585,0,0,0,0
40175,PPG,267,129072,60589,0,0,0,0
40255,PPG,268,129069,60575,0,0,0,0
40334,PPG,269,129069,60589,0,0,0,0
40417,PPG,270,129064,60582,0,0,0,0
40494,PPG,271,129073,60595,0,0,0,0
40573,PPG,272,129072,60582,0,0,0,0
40653,PPG,273,129065,60572,0,0,0,0
40732,PPG,274,129069,60579,0,0,0,0
40812,PPG,275,129067,60575,0,0,0,0
40895,PPG,276,129072,60594,0,0,0,0
40974,PPG,277,129073,60590,0,0,0,0
41052,PPG,278,129070,60587,0,0,0,0
41130,PPG,279,129074,60581,0,0,0,0
41210,PPG,280,129061,60580,0,0,0,0
41289,PPG,281,129074,60576,0,0,0,0
41369,PPG,282,129070,60579,0,0,0,0
41453,PPG,283,129062,60577,0,0,0,0
41530,PPG,284,129064,60580,0,0,0,0
41608,PPG,285,129076,60591,0,0,0,0
41687,PPG,286,129061,60579,0,0,0,0
41766,PPG,287,129072,60582,0,0,0,0
41846,PPG,288,129061,60582,0,0,0,0
41929,PPG,289,129063,60578,0,0,0,0
42013,PPG,290,129075,60573,0,0,0,0
42085,PPG,291,129068,60576,0,0,0,0
42164,PPG,292,129074,60578,0,0,0,0
42244,PPG,293,129073,60581,0,0,0,0
42323,PPG,294,129066,60579,0,0,0,0
42403,PPG,295,129065,60571,0,0,0,0
42491,PPG,296,129067,60580,0,0,0,0
42563,PPG,297,129054,60590,0,0,0,0
42641,PPG,298,129066,60574,0,0,0,0
42721,PPG,299,129058,60574,0,0,0,0
38827,IMU,1040,1236,-200,8432,-90,64,37
38844,IMU,1041,1108,-272,8436,-80,55,38
38863,IMU,1042,1236,-288,8392,-87,68,41
38883,IMU,1043,1164,-152,8380,-79,62,58
38902,IMU,1044,1092,-228,8388,-90,63,33
38921,IMU,1045,1176,-180,8488,-75,57,34
38940,IMU,1046,1056,-236,8464,-94,54,41
38959,IMU,1047,1180,-264,8384,-84,57,46
38978,IMU,1048,1184,-192,8332,-83,61,54
38998,IMU,1049,1204,-368,8356,-63,59,43
39017,IMU,1050,1140,-224,8444,-88,56,35
39036,IMU,1051,1108,-232,8476,-84,59,50
39055,IMU,1052,1124,-264,8392,-80,59,42
39074,IMU,1053,1176,-172,8436,-107,62,42
39094,IMU,1054,1168,-200,8428,-83,63,38
39116,IMU,1055,1268,-212,8340,-92,59,36
39133,IMU,1056,1100,-232,8408,-106,66,45
39151,IMU,1057,1152,-212,8496,-101,54,33
39170,IMU,1058,1132,-300,8496,-96,76,44
39189,IMU,1059,1268,-332,8396,-97,64,47
39208,IMU,1060,1204,-216,8532,-94,48,45
39228,IMU,1061,1096,-228,8456,-77,45,41
39247,IMU,1062,1160,-264,8408,-94,67,35
39266,IMU,1063,1172,-248,8372,-58,76,41
39285,IMU,1064,1208,-224,8404,-96,52,34
39304,IMU,1065,1264,-268,8388,-97,50,33
39323,IMU,1066,1088,-296,8484,-90,72,37
39343,IMU,1067,1168,-308,8448,-107,63,46
39362,IMU,1068,1212,-216,8460,-86,47,30
39381,IMU,1069,1196,-328,8504,-102,50,41
39400,IMU,1070,1200,-240,8396,-86,57,40
39419,IMU,1071,1184,-252,8416,-102,50,40
39438,IMU,1072,1244,-156,8324,-98,50,38
39458,IMU,1073,1204,-256,8432,-95,56,48
39477,IMU,1074,1128,-268,8516,-85,58,47
39496,IMU,1075,1212,-204,8380,-88,71,37
39515,IMU,1076,1228,-276,8408,-98,67,45
39534,IMU,1077,1176,-188,8460,-65,52,44
39553,IMU,1078,1052,-180,8484,-96,63,52
39572,IMU,1079,1212,-196,8404,-81,61,54
39595,IMU,1080,1224,-216,8468,-87,59,40
39612,IMU,1081,1132,-244,8400,-78,73,42
39629,IMU,1082,1156,-340,8376,-86,62,47
39649,IMU,1083,1148,-256,8404,-78,65,36
39668,IMU,1084,1176,-212,8424,-85,52,37
39687,IMU,1085,1244,-268,8392,-92,70,41
39706,IMU,1086,1196,-248,8356,-73,56,45
39726,IMU,1087,1136,-264,8408,-86,60,49
39744,IMU,1088,1124,-208,8376,-87,67,36
39764,IMU,1089,1160,-256,8440,-86,61,46
39784,IMU,1090,1168,-320,8440,-83,68,31
39802,IMU,1091,1088,-248,8444,-84,56,39
39821,IMU,1092,1084,-200,8492,-82,64,55
39840,IMU,1093,1164,-248,8392,-96,68,55
39861,IMU,1094,1160,-296,8352,-86,72,45
39879,IMU,1095,1180,-204,8448,-105,66,34
39898,IMU,1096,1240,-240,8412,-102,60,37
39917,IMU,1097,1092,-156,8348,-82,56,37
39936,IMU,1098,1216,-268,8392,-108,60,35
39955,IMU,1099,1112,-160,8436,-82,56,27
39974,IMU,1100,1156,-176,8420,-95,52,46
39994,IMU,1101,1256,-256,8384,-100,80,35
40013,IMU,1102,1224,-216,8480,-84,71,51
40032,IMU,1103,1140,-284,8312,-80,58,33
40051,IMU,1104,1152,-212,8352,-86,56,48
40071,IMU,1105,1184,-256,8412,-99,80,32
40091,IMU,1106,1160,-160,8464,-92,58,49
40108,IMU,1107,1204,-248,8432,-83,87,43
40128,IMU,1108,1160,-232,8448,-81,48,48
40147,IMU,1109,1028,-232,8448,-89,56,61
40166,IMU,1110,1168,-292,8424,-102,63,42
40185,IMU,1111,1216,-212,8468,-70,61,52
40204,IMU,1112,1304,-228,8380,-83,39,43
40223,IMU,1113,1272,-236,8356,-77,58,35
40243,IMU,1114,1184,-272,8444,-103,59,34
40262,IMU,1115,1072,-248,8472,-98,63,49
40281,IMU,1116,1168,-192,8420,-103,61,71
40300,IMU,1117,1192,-240,8468,-112,65,34
40319,IMU,1118,1132,-264,8512,-83,60,61
40338,IMU,1119,1112,-228,8476,-93,53,41
40358,IMU,1120,1192,-200,8360,-109,66,40
40377,IMU,1121,1140,-244,8448,-96,55,35
40396,IMU,1122,1216,-276,8424,-99,67,41
40415,IMU,1123,1196,-192,8328,-90,61,62
40434,IMU,1124,1164,-312,8444,-102,60,60
40453,IMU,1125,1108,-228,8428,-81,63,31
40472,IMU,1126,1236,-324,8336,-100,45,47
40492,IMU,1127,1132,-280,8416,-86,45,26
40511,IMU,1128,1264,-248,8396,-95,76,36
40530,IMU,1129,1140,-288,8340,-90,61,34
40549,IMU,1130,1124,-220,8516,-101,60,20
40570,IMU,1131,1204,-284,8396,-94,65,58
40587,IMU,1132,1180,-280,8420,-96,53,47
40607,IMU,1133,1288,-252,8404,-105,60,38
40626,IMU,1134,1124,-248,8412,-96,51,13
40645,IMU,1135,1136,-188,8384,-66,44,49
40664,IMU,1136,1172,-216,8436,-81,55,28
40683,IMU,1137,1108,-204,8420,-98,58,45
40702,IMU,1138,1256,-236,8336,-94,72,49
40722,IMU,1139,1084,-232,8436,-102,60,20
40741,IMU,1140,1192,-216,8524,-90,55,49
40760,IMU,1141,1204,-324,8320,-98,59,43
40780,IMU,1142,1196,-264,8392,-88,58,48
40799,IMU,1143,1256,-272,8416,-94,74,53
40818,IMU,1144,1224,-280,8452,-96,54,46
40836,IMU,1145,1280,-320,8424,-90,64,31
40856,IMU,1146,1108,-304,8416,-95,69,41
40875,IMU,1147,1140,-276,8496,-99,52,36
40895,IMU,1148,1100,-252,8400,-101,49,45
40913,IMU,1149,1200,-280,8464,-87,51,40
40933,IMU,1150,1144,-272,8488,-104,59,52
40951,IMU,1151,1068,-276,8496,-92,60,48
40971,IMU,1152,1144,-224,8524,-102,57,31
40990,IMU,1153,1128,-232,8460,-83,66,46
41009,IMU,1154,1180,-180,8492,-80,54,49
41028,IMU,1155,1136,-180,8504,-90,49,45
41049,IMU,1156,1236,-208,8428,-86,69,53
41066,IMU,1157,1212,-296,8492,-102,47,54
41086,IMU,1158,1168,-268,8320,-88,68,34
41105,IMU,1159,1188,-300,8356,-98,49,49
41124,IMU,1160,1036,-144,8472,-106,65,36
41143,IMU,1161,1200,-140,8380,-96,41,23
41163,IMU,1162,1148,-264,8392,-77,65,42
41181,IMU,1163,1228,-248,8424,-89,64,43
41201,IMU,1164,1144,-276,8488,-105,59,51
41220,IMU,1165,1092,-124,8416,-95,62,47
41239,IMU,1166,1196,-252,8520,-98,62,23
41258,IMU,1167,1176,-280,8420,-90,58,52
41278,IMU,1168,1136,-228,8364,-101,63,34
41296,IMU,1169,1208,-264,8448,-90,63,33
41316,IMU,1170,1112,-224,8448,-83,63,43
41335,IMU,1171,1052,-224,8376,-78,56,48
41354,IMU,1172,1040,-188,8480,-97,49,39
41373,IMU,1173,1132,-256,8392,-111,48,55
41392,IMU,1174,1080,-168,8452,-95,62,45
41411,IMU,1175,1212,-208,8436,-81,39,45
41431,IMU,1176,1216,-316,8456,-85,72,35
41450,IMU,1177,1180,-352,8424,-72,67,42
41469,IMU,1178,1260,-180,8540,-105,72,54
41488,IMU,1179,1192,-236,8372,-90,57,48
41507,IMU,1180,1040,-252,8424,-95,58,60
41528,IMU,1181,1132,-200,8392,-88,52,29
41549,IMU,1182,1208,-284,8436,-99,85,55
41565,IMU,1183,1184,-276,8372,-102,56,42
41584,IMU,1184,1088,-280,8436,-104,67,46
41603,IMU,1185,1204,-332,8508,-75,58,38
41622,IMU,1186,1156,-272,8416,-100,67,48
41641,IMU,1187,1184,-272,8408,-90,63,47
41661,IMU,1188,1172,-224,8416,-100,50,30
41680,IMU,1189,1176,-200,8420,-84,52,39
41699,IMU,1190,1152,-308,8472,-94,61,47
41718,IMU,1191,1148,-216,8440,-95,61,60
41737,IMU,1192,1140,-232,8336,-112,58,42
41756,IMU,1193,1104,-196,8404,-94,53,55
41776,IMU,1194,1232,-280,8380,-102,68,33
41795,IMU,1195,1136,-240,8400,-104,57,51
41814,IMU,1196,1144,-316,8468,-91,68,44
41833,IMU,1197,1180,-212,8376,-99,50,34
41852,IMU,1198,1232,-304,8396,-93,46,39
41871,IMU,1199,1172,-232,8408,-93,49,47
41890,IMU,1200,1192,-328,8392,-80,50,49
41909,IMU,1201,1120,-340,8400,-88,55,38
41929,IMU,1202,1148,-292,8364,-83,48,49
41948,IMU,1203,1160,-276,8420,-93,77,55
41967,IMU,1204,1208,-212,8368,-79,62,45
41986,IMU,1205,1256,-256,8408,-85,55,37
42007,IMU,1206,1036,-264,8392,-81,43,48
42024,IMU,1207,1128,-328,8452,-99,57,49
42044,IMU,1208,1152,-296,8444,-83,48,42
42063,IMU,1209,1056,-332,8416,-94,50,49
42082,IMU,1210,1100,-236,8456,-86,74,50
42101,IMU,1211,1144,-312,8408,-92,70,55
42120,IMU,1212,1224,-240,8460,-85,71,46
42139,IMU,1213,1124,-252,8512,-92,58,34
42158,IMU,1214,1204,-184,8452,-106,70,47
42178,IMU,1215,1164,-240,8404,-91,55,34
42197,IMU,1216,1160,-268,8316,-79,56,48
42216,IMU,1217,1184,-184,8380,-92,66,36
42235,IMU,1218,1092,-368,8416,-82,56,38
42254,IMU,1219,1136,-296,8396,-92,53,33
42273,IMU,1220,1216,-272,8392,-84,60,53
42293,IMU,1221,1136,-232,8484,-92,51,34
42312,IMU,1222,1092,-172,8360,-89,69,67
42331,IMU,1223,1156,-164,8408,-80,66,43
42350,IMU,1224,1204,-268,8400,-81,67,41
42369,IMU,1225,1132,-176,8432,-90,68,33
42388,IMU,1226,1100,-284,8464,-83,63,49
42408,IMU,1227,1220,-188,8392,-99,58,33
42427,IMU,1228,1200,-212,8432,-90,41,61
42446,IMU,1229,1268,-220,8496,-74,63,27
42465,IMU,1230,1116,-164,8416,-99,47,55
42489,IMU,1231,1108,-260,8384,-101,52,37
42503,IMU,1232,1116,-320,8408,-93,60,42
42522,IMU,1233,1120,-208,8440,-98,66,48
42542,IMU,1234,1188,-188,8500,-114,62,42
42561,IMU,1235,1164,-192,8400,-81,63,36
42580,IMU,1236,1172,-364,8488,-93,59,42
42599,IMU,1237,1148,-348,8380,-78,53,50
42618,IMU,1238,1136,-232,8460,-104,57,33
42637,IMU,1239,1060,-288,8444,-109,50,46
42657,IMU,1240,1132,-248,8396,-83,73,27
42676,IMU,1241,1036,-212,8404,-89,65,39
42695,IMU,1242,1180,-252,8404,-89,74,50
42714,IMU,1243,1280,-248,8528,-74,51,44
42733,IMU,1244,1156,-328,8452,-83,69,43
42752,IMU,1245,1116,-260,8420,-87,56,26
42772,IMU,1246,1244,-184,8432,-88,54,49
42791,IMU,1247,1220,-288,8440,-87,56,46
39695,ECG,5120,1259,0,0,0,0,0
39695,ECG,5121,1251,0,0,0,0,0
39700,ECG,5122,1234,0,0,0,0,0
39700,ECG,5123,1225,0,0,0,0,0
39705,ECG,5124,1217,0,0,0,0,0
39705,ECG,5125,1209,0,0,0,0,0
39710,ECG,5126,1192,0,0,0,0,0
39710,ECG,5127,1184,0,0,0,0,0
39715,ECG,5128,1176,0,0,0,0,0
39715,ECG,5129,1168,0,0,0,0,0
39715,ECG,5130,1160,0,0,0,0,0
39720,ECG,5131,1152,0,0,0,0,0
39720,ECG,5132,1145,0,0,0,0,0
39725,ECG,5133,1137,0,0,0,0,0
39725,ECG,5134,1129,0,0,0,0,0
39725,ECG,5135,1121,0,0,0,0,0
39730,ECG,5136,1114,0,0,0,0,0
39730,ECG,5137,1106,0,0,0,0,0
40737,ECG,5138,0,0,0,0,0,0
40737,ECG,5139,-1,0,0,0,0,0
40737,ECG,5140,-6,0,0,0,0,0
40742,ECG,5141,2,0,0,0,0,0
40742,ECG,5142,6,0,0,0,0,0
40747,ECG,5143,38,0,0,0,0,0
40747,ECG,5144,-16,0,0,0,0,0
40752,ECG,5145,-26,0,0,0,0,0
40752,ECG,5146,151,0,0,0,0,0
40757,ECG,5147,-2110,0,0,0,0,0
40757,ECG,5148,-1850,0,0,0,0,0
40762,ECG,5149,-35,0,0,0,0,0
40762,ECG,5150,3393,0,0,0,0,0
40762,ECG,5151,8731,0,0,0,0,0
40767,ECG,5152,15155,0,0,0,0,0
40767,ECG,5153,21687,0,0,0,0,0
40772,ECG,5154,27421,0,0,0,0,0
40772,ECG,5155,31338,0,0,0,0,0
40772,ECG,5156,32011,0,0,0,0,0
40777,ECG,5157,31809,0,0,0,0,0
40777,ECG,5158,31610,0,0,0,0,0
40782,ECG,5159,31216,0,0,0,0,0
40782,ECG,5160,30957,0,0,0,0,0
40782,ECG,5161,30880,0,0,0,0,0
40787,ECG,5162,30602,0,0,0,0,0
40787,ECG,5163,30498,0,0,0,0,0
40788,ECG,5164,30379,0,0,0,0,0
40792,ECG,5165,30224,0,0,0,0,0
40792,ECG,5166,30035,0,0,0,0,0
40797,ECG,5167,29800,0,0,0,0,0
40797,ECG,5168,29538,0,0,0,0,0
40797,ECG,5169,29294,0,0,0,0,0
40802,ECG,5170,29081,0,0,0,0,0
40802,ECG,5171,28894,0,0,0,0,0
40807,ECG,5172,28740,0,0,0,0,0
40807,ECG,5173,28608,0,0,0,0,0
40807,ECG,5174,28494,0,0,0,0,0
40812,ECG,5175,28374,0,0,0,0,0
40812,ECG,5176,28229,0,0,0,0,0
40817,ECG,5177,28025,0,0,0,0,0
40817,ECG,5178,27781,0,0,0,0,0
40817,ECG,5179,27571,0,0,0,0,0
40822,ECG,5180,27378,0,0,0,0,0
40822,ECG,5181,27193,0,0,0,0,0
40827,ECG,5182,26889,0,0,0,0,0
40827,ECG,5183,26756,0,0,0,0,0
40832,ECG,5184,26629,0,0,0,0,0
40832,ECG,5185,26491,0,0,0,0,0
40837,ECG,5186,26121,0,0,0,0,0
40837,ECG,5187,25926,0,0,0,0,0
40842,ECG,5188,25750,0,0,0,0,0
40842,ECG,5189,25575,0,0,0,0,0
40842,ECG,5190,25416,0,0,0,0,0
40847,ECG,5191,25269,0,0,0,0,0
40847,ECG,5192,25129,0,0,0,0,0
40852,ECG,5193,25009,0,0,0,0,0
40852,ECG,5194,24884,0,0,0,0,0
40852,ECG,5195,24712,0,0,0,0,0
40857,ECG,5196,24505,0,0,0,0,0
40857,ECG,5197,24298,0,0,0,0,0
40862,ECG,5198,24096,0,0,0,0,0
40862,ECG,5199,23909,0,0,0,0,0
40862,ECG,5200,23759,0,0,0,0,0
40867,ECG,5201,23618,0,0,0,0,0
40867,ECG,5202,23524,0,0,0,0,0
40868,ECG,5203,23486,0,0,0,0,0
40872,ECG,5204,23360,0,0,0,0,0
40872,ECG,5205,23168,0,0,0,0,0
40877,ECG,5206,22966,0,0,0,0,0
40877,ECG,5207,22705,0,0,0,0,0
40882,ECG,5208,22292,0,0,0,0,0
40882,ECG,5209,22160,0,0,0,0,0
40887,ECG,5210,22079,0,0,0,0,0
40887,ECG,5211,22029,0,0,0,0,0
40887,ECG,5212,21987,0,0,0,0,0
40892,ECG,5213,21945,0,0,0,0,0
40892,ECG,5214,21829,0,0,0,0,0
40897,ECG,5215,21658,0,0,0,0,0
40897,ECG,5216,21442,0,0,0,0,0
40897,ECG,5217,21276,0,0,0,0,0
40902,ECG,5218,21114,0,0,0,0,0
40902,ECG,5219,20974,0,0,0,0,0
40907,ECG,5220,20749,0,0,0,0,0
40907,ECG,5221,20698,0,0,0,0,0
40912,ECG,5222,20615,0,0,0,0,0
40912,ECG,5223,20463,0,0,0,0,0
40917,ECG,5224,20071,0,0,0,0,0
40917,ECG,5225,19862,0,0,0,0,0
40922,ECG,5226,19699,0,0,0,0,0
40922,ECG,5227,19562,0,0,0,0,0
40922,ECG,5228,19470,0,0,0,0,0
40927,ECG,5229,19417,0,0,0,0,0
40927,ECG,5230,19357,0,0,0,0,0
40932,ECG,5231,19319,0,0,0,0,0
40932,ECG,5232,19257,0,0,0,0,0
40932,ECG,5233,19135,0,0,0,0,0
40937,ECG,5234,18925,0,0,0,0,0
40937,ECG,5235,18741,0,0,0,0,0
40942,ECG,5236,18561,0,0,0,0,0
40942,ECG,5237,18389,0,0,0,0,0
40942,ECG,5238,18261,0,0,0,0,0
40947,ECG,5239,18162,0,0,0,0,0
40947,ECG,5240,18104,0,0,0,0,0
40952,ECG,5241,18005,0,0,0,0,0
40952,ECG,5242,17941,0,0,0,0,0
40957,ECG,5243,17847,0,0,0,0,0
40957,ECG,5244,17685,0,0,0,0,0
40962,ECG,5245,17430,0,0,0,0,0
40962,ECG,5246,17323,0,0,0,0,0
40967,ECG,5247,17220,0,0,0,0,0
40967,ECG,5248,17123,0,0,0,0,0
40967,ECG,5249,17061,0,0,0,0,0
40972,ECG,5250,16975,0,0,0,0,0
40972,ECG,5251,16832,0,0,0,0,0
40977,ECG,5252,16680,0,0,0,0,0
40977,ECG,5253,16522,0,0,0,0,0
40977,ECG,5254,16368,0,0,0,0,0
40982,ECG,5255,16234,0,0,0,0,0
40982,ECG,5256,16132,0,0,0,0,0
40987,ECG,5257,15997,0,0,0,0,0
40987,ECG,5258,15971,0,0,0,0,0
40992,ECG,5259,15925,0,0,0,0,0
40992,ECG,5260,15838,0,0,0,0,0
40993,ECG,5261,15698,0,0,0,0,0
40997,ECG,5262,15520,0,0,0,0,0
40997,ECG,5263,15374,0,0,0,0,0
41002,ECG,5264,15247,0,0,0,0,0
41002,ECG,5265,15142,0,0,0,0,0
41002,ECG,5266,15069,0,0,0,0,0
41007,ECG,5267,15004,0,0,0,0,0
41007,ECG,5268,14997,0,0,0,0,0
41012,ECG,5269,14977,0,0,0,0,0
41012,ECG,5270,14869,0,0,0,0,0
41012,ECG,5271,14717,0,0,0,0,0
41017,ECG,5272,14526,0,0,0,0,0
41017,ECG,5273,14343,0,0,0,0,0
41022,ECG,5274,14201,0,0,0,0,0
41022,ECG,5275,14094,0,0,0,0,0
41022,ECG,5276,14039,0,0,0,0,0
41027,ECG,5277,14007,0,0,0,0,0
41027,ECG,5278,14021,0,0,0,0,0
41032,ECG,5279,13987,0,0,0,0,0
41032,ECG,5280,13862,0,0,0,0,0
41037,ECG,5281,13647,0,0,0,0,0
41037,ECG,5282,13447,0,0,0,0,0
41042,ECG,5283,13166,0,0,0,0,0
41042,ECG,5284,13103,0,0,0,0,0
41047,ECG,5285,13083,0,0,0,0,0
41047,ECG,5286,13102,0,0,0,0,0
41047,ECG,5287,13124,0,0,0,0,0
41052,ECG,5288,13120,0,0,0,0,0
41052,ECG,5289,13060,0,0,0,0,0
41057,ECG,5290,12928,0,0,0,0,0
41057,ECG,5291,12766,0,0,0,0,0
41057,ECG,5292,12668,0,0,0,0,0
41062,ECG,5293,12571,0,0,0,0,0
41062,ECG,5294,12492,0,0,0,0,0
41067,ECG,5295,12437,0,0,0,0,0
41067,ECG,5296,12388,0,0,0,0,0
41067,ECG,5297,12358,0,0,0,0,0
41072,ECG,5298,12318,0,0,0,0,0
41072,ECG,5299,12244,0,0,0,0,0
41073,ECG,5300,12132,0,0,0,0,0
41077,ECG,5301,12008,0,0,0,0,0
41077,ECG,5302,11906,0,0,0,0,0
41082,ECG,5303,11811,0,0,0,0,0
41082,ECG,5304,11733,0,0,0,0,0
41082,ECG,5305,11676,0,0,0,0,0
41087,ECG,5306,11620,0,0,0,0,0
41087,ECG,5307,11598,0,0,0,0,0
41092,ECG,5308,11578,0,0,0,0,0
41092,ECG,5309,11499,0,0,0,0,0
41092,ECG,5310,11381,0,0,0,0,0
41097,ECG,5311,11241,0,0,0,0,0
41097,ECG,5312,11109,0,0,0,0,0
41102,ECG,5313,11000,0,0,0,0,0
41102,ECG,5314,10915,0,0,0,0,0
41102,ECG,5315,10862,0,0,0,0,0
41107,ECG,5316,10841,0,0,0,0,0
41107,ECG,5317,10826,0,0,0,0,0
41112,ECG,5318,10810,0,0,0,0,0
41112,ECG,5319,10751,0,0,0,0,0
41117,ECG,5320,10629,0,0,0,0,0
41117,ECG,5321,10526,0,0,0,0,0
41122,ECG,5322,10354,0,0,0,0,0
41122,ECG,5323,10285,0,0,0,0,0
41127,ECG,5324,10230,0,0,0,0,0
41127,ECG,5325,10181,0,0,0,0,0
41127,ECG,5326,10156,0,0,0,0,0
41132,ECG,5327,10121,0,0,0,0,0
41132,ECG,5328,10061,0,0,0,0,0
41137,ECG,5329,9986,0,0,0,0,0
41137,ECG,5330,9886,0,0,0,0,0
41137,ECG,5331,9791,0,0,0,0,0
41142,ECG,5332,9717,0,0,0,0,0
41142,ECG,5333,9649,0,0,0,0,0
41147,ECG,5334,9598,0,0,0,0,0
41147,ECG,5335,9561,0,0,0,0,0
41147,ECG,5336,9521,0,0,0,0,0
41152,ECG,5337,9488,0,0,0,0,0
41152,ECG,5338,9463,0,0,0,0,0
41153,ECG,5339,9397,0,0,0,0,0
41157,ECG,5340,9302,0,0,0,0,0
41157,ECG,5341,9226,0,0,0,0,0
41162,ECG,5342,9148,0,0,0,0,0
41162,ECG,5343,9077,0,0,0,0,0
41167,ECG,5344,8954,0,0,0,0,0
41167,ECG,5345,8958,0,0,0,0,0
41172,ECG,5346,8957,0,0,0,0,0
41172,ECG,5347,8860,0,0,0,0,0
41172,ECG,5348,8718,0,0,0,0,0
41177,ECG,5349,8576,0,0,0,0,0
41177,ECG,5350,8389,0,0,0,0,0
41182,ECG,5351,8245,0,0,0,0,0
41182,ECG,5352,8170,0,0,0,0,0
41182,ECG,5353,8151,0,0,0,0,0
41187,ECG,5354,8194,0,0,0,0,0
41187,ECG,5355,8254,0,0,0,0,0
41192,ECG,5356,8368,0,0,0,0,0
41192,ECG,5357,8315,0,0,0,0,0
41197,ECG,5358,8203,0,0,0,0,0
41197,ECG,5359,8082,0,0,0,0,0
41202,ECG,5360,7920,0,0,0,0,0
41202,ECG,5361,7867,0,0,0,0,0
41207,ECG,5362,7831,0,0,0,0,0
41207,ECG,5363,7835,0,0,0,0,0
41207,ECG,5364,7852,0,0,0,0,0
41212,ECG,5365,7813,0,0,0,0,0
41212,ECG,5366,7756,0,0,0,0,0
41217,ECG,5367,7664,0,0,0,0,0
41217,ECG,5368,7529,0,0,0,0,0
41217,ECG,5369,7432,0,0,0,0,0
41222,ECG,5370,7368,0,0,0,0,0
41222,ECG,5371,7330,0,0,0,0,0
41227,ECG,5372,7326,0,0,0,0,0
41227,ECG,5373,7328,0,0,0,0,0
41227,ECG,5374,7369,0,0,0,0,0
41232,ECG,5375,7383,0,0,0,0,0
41232,ECG,5376,7337,0,0,0,0,0
41237,ECG,5377,7000,0,0,0,0,0
41237,ECG,5378,6830,0,0,0,0,0
41242,ECG,5379,6684,0,0,0,0,0
41242,ECG,5380,6607,0,0,0,0,0
41247,ECG,5381,6646,0,0,0,0,0
41247,ECG,5382,6758,0,0,0,0,0
41252,ECG,5383,6837,0,0,0,0,0
41252,ECG,5384,6870,0,0,0,0,0
41252,ECG,5385,6856,0,0,0,0,0
41257,ECG,5386,6728,0,0,0,0,0
41257,ECG,5387,6597,0,0,0,0,0
41262,ECG,5388,6536,0,0,0,0,0
41262,ECG,5389,6492,0,0,0,0,0
41262,ECG,5390,6468,0,0,0,0,0
41267,ECG,5391,6465,0,0,0,0,0
41267,ECG,5392,6476,0,0,0,0,0
41272,ECG,5393,6474,0,0,0,0,0
41272,ECG,5394,6400,0,0,0,0,0
41277,ECG,5395,6297,0,0,0,0,0
41277,ECG,5396,6214,0,0,0,0,0
41278,ECG,5397,6143,0,0,0,0,0
41282,ECG,5398,6089,0,0,0,0,0
41282,ECG,5399,6063,0,0,0,0,0
41287,ECG,5400,6044,0,0,0,0,0
41287,ECG,5401,6070,0,0,0,0,0
41287,ECG,5402,6108,0,0,0,0,0
41292,ECG,5403,6084,0,0,0,0,0
41292,ECG,5404,6004,0,0,0,0,0
41297,ECG,5405,5862,0,0,0,0,0
41297,ECG,5406,5705,0,0,0,0,0
41297,ECG,5407,5586,0,0,0,0,0
41302,ECG,5408,5498,0,0,0,0,0
41302,ECG,5409,5466,0,0,0,0,0
41307,ECG,5410,5488,0,0,0,0,0
41307,ECG,5411,5542,0,0,0,0,0
41307,ECG,5412,5625,0,0,0,0,0
41312,ECG,5413,5698,0,0,0,0,0
41312,ECG,5414,5689,0,0,0,0,0
41317,ECG,5415,5489,0,0,0,0,0
41317,ECG,5416,5396,0,0,0,0,0
41322,ECG,5417,5325,0,0,0,0,0
41322,ECG,5418,5291,0,0,0,0,0
41327,ECG,5419,5287,0,0,0,0,0
41327,ECG,5420,5334,0,0,0,0,0
41332,ECG,5421,5379,0,0,0,0,0
41332,ECG,5422,5345,0,0,0,0,0
41332,ECG,5423,5264,0,0,0,0,0
41337,ECG,5424,5040,0,0,0,0,0
41337,ECG,5425,4847,0,0,0,0,0
41342,ECG,5426,4671,0,0,0,0,0
41342,ECG,5427,4545,0,0,0,0,0
41342,ECG,5428,4520,0,0,0,0,0
41347,ECG,5429,4573,0,0,0,0,0
41347,ECG,5430,4695,0,0,0,0,0
41352,ECG,5431,4971,0,0,0,0,0
41352,ECG,5432,5003,0,0,0,0,0
41357,ECG,5433,4948,0,0,0,0,0
41357,ECG,5434,4821,0,0,0,0,0
41358,ECG,5435,4718,0,0,0,0,0
41362,ECG,5436,4674,0,0,0,0,0
41362,ECG,5437,4653,0,0,0,0,0
41367,ECG,5438,4647,0,0,0,0,0
41367,ECG,5439,4665,0,0,0,0,0
41367,ECG,5440,4706,0,0,0,0,0
41372,ECG,5441,4718,0,0,0,0,0
41372,ECG,5442,4681,0,0,0,0,0
41377,ECG,5443,4591,0,0,0,0,0
41377,ECG,5444,4486,0,0,0,0,0
41377,ECG,5445,4410,0,0,0,0,0
41382,ECG,5446,4352,0,0,0,0,0
41382,ECG,5447,4319,0,0,0,0,0
41387,ECG,5448,4318,0,0,0,0,0
41387,ECG,5449,4342,0,0,0,0,0
41387,ECG,5450,4365,0,0,0,0,0
41392,ECG,5451,4381,0,0,0,0,0
41392,ECG,5452,4404,0,0,0,0,0
41397,ECG,5453,4317,0,0,0,0,0
41397,ECG,5454,4289,0,0,0,0,0
41402,ECG,5455,4263,0,0,0,0,0
41402,ECG,5456,4233,0,0,0,0,0
41407,ECG,5457,4178,0,0,0,0,0
41407,ECG,5458,4163,0,0,0,0,0
41412,ECG,5459,4150,0,0,0,0,0
41412,ECG,5460,4108,0,0,0,0,0
41412,ECG,5461,4050,0,0,0,0,0
41417,ECG,5462,3991,0,0,0,0,0
41417,ECG,5463,3929,0,0,0,0,0
41422,ECG,5464,3876,0,0,0,0,0
41422,ECG,5465,3839,0,0,0,0,0
41422,ECG,5466,3824,0,0,0,0,0
41427,ECG,5467,3826,0,0,0,0,0
41427,ECG,5468,3839,0,0,0,0,0
41432,ECG,5469,3872,0,0,0,0,0
41432,ECG,5470,3892,0,0,0,0,0
41432,ECG,5471,3845,0,0,0,0,0
41437,ECG,5472,3748,0,0,0,0,0
41437,ECG,5473,3653,0,0,0,0,0
41438,ECG,5474,3567,0,0,0,0,0
41442,ECG,5475,3498,0,0,0,0,0
41442,ECG,5476,3471,0,0,0,0,0
41447,ECG,5477,3471,0,0,0,0,0
41447,ECG,5478,3505,0,0,0,0,0
41452,ECG,5479,3618,0,0,0,0,0
41452,ECG,5480,3597,0,0,0,0,0
41457,ECG,5481,3548,0,0,0,0,0
41457,ECG,5482,3445,0,0,0,0,0
41457,ECG,5483,3354,0,0,0,0,0
41462,ECG,5484,3311,0,0,0,0,0
41462,ECG,5485,3290,0,0,0,0,0
41467,ECG,5486,3299,0,0,0,0,0
41467,ECG,5487,3330,0,0,0,0,0
41467,ECG,5488,3361,0,0,0,0,0
41472,ECG,5489,3397,0,0,0,0,0
41472,ECG,5490,3417,0,0,0,0,0
41477,ECG,5491,3301,0,0,0,0,0
41477,ECG,5492,3263,0,0,0,0,0
41482,ECG,5493,3227,0,0,0,0,0
41482,ECG,5494,3198,0,0,0,0,0
41487,ECG,5495,3172,0,0,0,0,0
41487,ECG,5496,3184,0,0,0,0,0
41492,ECG,5497,3182,0,0,0,0,0
41492,ECG,5498,3160,0,0,0,0,0
41492,ECG,5499,3140,0,0,0,0,0
41497,ECG,5500,3093,0,0,0,0,0
41497,ECG,5501,3045,0,0,0,0,0
41502,ECG,5502,3018,0,0,0,0,0
41502,ECG,5503,2995,0,0,0,0,0
41502,ECG,5504,2991,0,0,0,0,0
41507,ECG,5505,2982,0,0,0,0,0
41507,ECG,5506,2989,0,0,0,0,0
41512,ECG,5507,3031,0,0,0,0,0
41512,ECG,5508,3011,0,0,0,0,0
41512,ECG,5509,2919,0,0,0,0,0
41517,ECG,5510,2786,0,0,0,0,0
41517,ECG,5511,2652,0,0,0,0,0
41522,ECG,5512,2441,0,0,0,0,0
41522,ECG,5513,2435,0,0,0,0,0
41527,ECG,5514,2477,0,0,0,0,0
41527,ECG,5515,2589,0,0,0,0,0
41532,ECG,5516,2838,0,0,0,0,0
41532,ECG,5517,2819,0,0,0,0,0
41537,ECG,5518,2661,0,0,0,0,0
41537,ECG,5519,2438,0,0,0,0,0
41537,ECG,5520,2275,0,0,0,0,0
41542,ECG,5521,2169,0,0,0,0,0
41542,ECG,5522,2144,0,0,0,0,0
41547,ECG,5523,2202,0,0,0,0,0
41547,ECG,5524,2321,0,0,0,0,0
41547,ECG,5525,2502,0,0,0,0,0
41552,ECG,5526,2645,0,0,0,0,0
41552,ECG,5527,2661,0,0,0,0,0
41557,ECG,5528,2412,0,0,0,0,0
41557,ECG,5529,2271,0,0,0,0,0
41562,ECG,5530,2194,0,0,0,0,0
41562,ECG,5531,2159,0,0,0,0,0
41567,ECG,5532,2262,0,0,0,0,0
41567,ECG,5533,2362,0,0,0,0,0
41572,ECG,5534,2466,0,0,0,0,0
41572,ECG,5535,2508,0,0,0,0,0
41572,ECG,5536,2477,0,0,0,0,0
41577,ECG,5537,2348,0,0,0,0,0
41577,ECG,5538,2252,0,0,0,0,0
41582,ECG,5539,2185,0,0,0,0,0
41582,ECG,5540,2140,0,0,0,0,0
41582,ECG,5541,2142,0,0,0,0,0
41587,ECG,5542,2167,0,0,0,0,0
41587,ECG,5543,2230,0,0,0,0,0
41592,ECG,5544,2320,0,0,0,0,0
41592,ECG,5545,2359,0,0,0,0,0
41592,ECG,5546,2320,0,0,0,0,0
41597,ECG,5547,2212,0,0,0,0,0
41597,ECG,5548,2084,0,0,0,0,0
41602,ECG,5549,1932,0,0,0,0,0
41602,ECG,5550,1918,0,0,0,0,0
41607,ECG,5551,1952,0,0,0,0,0
41607,ECG,5552,2020,0,0,0,0,0
41612,ECG,5553,2172,0,0,0,0,0
41612,ECG,5554,2202,0,0,0,0,0
41617,ECG,5555,2166,0,0,0,0,0
41617,ECG,5556,2091,0,0,0,0,0
41617,ECG,5557,2046,0,0,0,0,0
41622,ECG,5558,2020,0,0,0,0,0
41622,ECG,5559,2010,0,0,0,0,0
41627,ECG,5560,2006,0,0,0,0,0
41627,ECG,5561,2014,0,0,0,0,0
41627,ECG,5562,2071,0,0,0,0,0
41632,ECG,5563,2085,0,0,0,0,0
41632,ECG,5564,2041,0,0,0,0,0
41637,ECG,5565,1836,0,0,0,0,0
41637,ECG,5566,1724,0,0,0,0,0
41642,ECG,5567,1645,0,0,0,0,0
41642,ECG,5568,1613,0,0,0,0,0
41643,ECG,5569,1628,0,0,0,0,0
41647,ECG,5570,1691,0,0,0,0,0
41647,ECG,5571,1823,0,0,0,0,0
41652,ECG,5572,1931,0,0,0,0,0
41652,ECG,5573,1940,0,0,0,0,0
41652,ECG,5574,1842,0,0,0,0,0
41657,ECG,5575,1673,0,0,0,0,0
41657,ECG,5576,1530,0,0,0,0,0
41662,ECG,5577,1423,0,0,0,0,0
41662,ECG,5578,1378,0,0,0,0,0
41662,ECG,5579,1422,0,0,0,0,0
41667,ECG,5580,1508,0,0,0,0,0
41667,ECG,5581,1636,0,0,0,0,0
41672,ECG,5582,1800,0,0,0,0,0
41672,ECG,5583,1846,0,0,0,0,0
41672,ECG,5584,1833,0,0,0,0,0
41677,ECG,5585,1684,0,0,0,0,0
41677,ECG,5586,1537,0,0,0,0,0
41682,ECG,5587,1368,0,0,0,0,0
41682,ECG,5588,1362,0,0,0,0,0
41687,ECG,5589,1408,0,0,0,0,0
41687,ECG,5590,1501,0,0,0,0,0
41692,ECG,5591,1697,0,0,0,0,0
41692,ECG,5592,1730,0,0,0,0,0
41697,ECG,5593,1679,0,0,0,0,0
41697,ECG,5594,1586,0,0,0,0,0
41697,ECG,5595,1538,0,0,0,0,0
41702,ECG,5596,1503,0,0,0,0,0
41702,ECG,5597,1494,0,0,0,0,0
41707,ECG,5598,1503,0,0,0,0,0
41707,ECG,5599,1530,0,0,0,0,0
41707,ECG,5600,1597,0,0,0,0,0
41712,ECG,5601,1634,0,0,0,0,0
41712,ECG,5602,1602,0,0,0,0,0
41717,ECG,5603,1516,0,0,0,0,0
41717,ECG,5604,1401,0,0,0,0,0
41717,ECG,5605,1308,0,0,0,0,0
41722,ECG,5606,1243,0,0,0,0,0
41722,ECG,5607,1224,0,0,0,0,0
41723,ECG,5608,1249,0,0,0,0,0
41727,ECG,5609,1309,0,0,0,0,0
41727,ECG,5610,1428,0,0,0,0,0
41732,ECG,5611,1511,0,0,0,0,0
41732,ECG,5612,1514,0,0,0,0,0
41737,ECG,5613,1336,0,0,0,0,0
41737,ECG,5614,1233,0,0,0,0,0
41742,ECG,5615,1180,0,0,0,0,0
41742,ECG,5616,1162,0,0,0,0,0
41742,ECG,5617,1189,0,0,0,0,0
41747,ECG,5618,1251,0,0,0,0,0
41747,ECG,5619,1323,0,0,0,0,0
41752,ECG,5620,1400,0,0,0,0,0
41752,ECG,5621,1444,0,0,0,0,0
41752,ECG,5622,1429,0,0,0,0,0
41757,ECG,5623,1338,0,0,0,0,0
41757,ECG,5624,1285,0,0,0,0,0
41762,ECG,5625,1220,0,0,0,0,0
41762,ECG,5626,1217,0,0,0,0,0
41767,ECG,5627,1230,0,0,0,0,0
41767,ECG,5628,1261,0,0,0,0,0
41772,ECG,5629,1320,0,0,0,0,0
41772,ECG,5630,1336,0,0,0,0,0
41777,ECG,5631,1297,0,0,0,0,0
41777,ECG,5632,1243,0,0,0,0,0
41777,ECG,5633,1216,0,0,0,0,0
41782,ECG,5634,1185,0,0,0,0,0
41782,ECG,5635,1173,0,0,0,0,0
41787,ECG,5636,1169,0,0,0,0,0
41787,ECG,5637,1172,0,0,0,0,0
41787,ECG,5638,1238,0,0,0,0,0
41792,ECG,5639,1268,0,0,0,0,0
41792,ECG,5640,1206,0,0,0,0,0
41797,ECG,5641,1139,0,0,0,0,0
41797,ECG,5642,1054,0,0,0,0,0
41797,ECG,5643,956,0,0,0,0,0
41802,ECG,5644,900,0,0,0,0,0
41802,ECG,5645,890,0,0,0,0,0
42809,ECG,5646,0,0,0,0,0,0
42809,ECG,5647,-1,0,0,0,0,0
42809,ECG,5648,-6,0,0,0,0,0
42814,ECG,5649,2,0,0,0,0,0
42814,ECG,5650,6,0,0,0,0,0
42819,ECG,5651,38,0,0,0,0,0
42819,ECG,5652,-17,0,0,0,0,0
42824,ECG,5653,-24,0,0,0,0,0
42824,ECG,5654,148,0,0,0,0,0
42829,ECG,5655,-2032,0,0,0,0,0
42829,ECG,5656,-1744,0,0,0,0,0
42834,ECG,5657,-47,0,0,0,0,0
42834,ECG,5658,3209,0,0,0,0,0
42834,ECG,5659,8373,0,0,0,0,0
42839,ECG,5660,14622,0,0,0,0,0
42839,ECG,5661,21031,0,0,0,0,0
42844,ECG,5662,26728,0,0,0,0,0
42844,ECG,5663,30723,0,0,0,0,0
42844,ECG,5664,32029,0,0,0,0,0
42849,ECG,5665,31828,0,0,0,0,0
42849,ECG,5666,31628,0,0,0,0,0
42854,ECG,5667,31069,0,0,0,0,0
42854,ECG,5668,30732,0,0,0,0,0
42859,ECG,5669,30194,0,0,0,0,0
42859,ECG,5670,29916,0,0,0,0,0
42860,ECG,5671,29687,0,0,0,0,0
42864,ECG,5672,29554,0,0,0,0,0
42864,ECG,5673,29547,0,0,0,0,0
42869,ECG,5674,29617,0,0,0,0,0
42869,ECG,5675,29673,0,0,0,0,0
42869,ECG,5676,29535,0,0,0,0,0
42874,ECG,5677,29335,0,0,0,0,0
42874,ECG,5678,28847,0,0,0,0,0
42879,ECG,5679,28395,0,0,0,0,0
42879,ECG,5680,28042,0,0,0,0,0
42879,ECG,5681,27769,0,0,0,0,0
42884,ECG,5682,27621,0,0,0,0,0
42884,ECG,5683,27593,0,0,0,0,0
42889,ECG,5684,27656,0,0,0,0,0
42889,ECG,5685,27731,0,0,0,0,0
42889,ECG,5686,27757,0,0,0,0,0
42894,ECG,5687,27585,0,0,0,0,0
42894,ECG,5688,27296,0,0,0,0,0
42899,ECG,5689,26608,0,0,0,0,0
42899,ECG,5690,26372,0,0,0,0,0
42904,ECG,5691,26200,0,0,0,0,0
42904,ECG,5692,26090,0,0,0,0,0
42909,ECG,5693,26136,0,0,0,0,0
42909,ECG,5694,26030,0,0,0,0,0
42914,ECG,5695,25828,0,0,0,0,0
42914,ECG,5696,25509,0,0,0,0,0
42914,ECG,5697,25110,0,0,0,0,0
42919,ECG,5698,24758,0,0,0,0,0
42919,ECG,5699,24520,0,0,0,0,0
42924,ECG,5700,24372,0,0,0,0,0
42924,ECG,5701,24344,0,0,0,0,0
42924,ECG,5702,24405,0,0,0,0,0
42929,ECG,5703,24454,0,0,0,0,0
42929,ECG,5704,24512,0,0,0,0,0
42934,ECG,5705,24358,0,0,0,0,0
42934,ECG,5706,23978,0,0,0,0,0
42934,ECG,5707,23590,0,0,0,0,0
42939,ECG,5708,23236,0,0,0,0,0
42939,ECG,5709,22927,0,0,0,0,0
42940,ECG,5710,22754,0,0,0,0,0
42944,ECG,5711,22702,0,0,0,0,0
42944,ECG,5712,22741,0,0,0,0,0
42949,ECG,5713,22835,0,0,0,0,0
42949,ECG,5714,22934,0,0,0,0,0
42954,ECG,5715,22754,0,0,0,0,0
42954,ECG,5716,22488,0,0,0,0,0
42959,ECG,5717,22182,0,0,0,0,0
42959,ECG,5718,21954,0,0,0,0,0
42959,ECG,5719,21783,0,0,0,0,0
42964,ECG,5720,21658,0,0,0,0,0
42964,ECG,5721,21577,0,0,0,0,0
42969,ECG,5722,21566,0,0,0,0,0
42969,ECG,5723,21581,0,0,0,0,0
42969,ECG,5724,21486,0,0,0,0,0
42974,ECG,5725,21332,0,0,0,0,0
42974,ECG,5726,21111,0,0,0,0,0
42979,ECG,5727,20580,0,0,0,0,0
42979,ECG,5728,20414,0,0,0,0,0
42984,ECG,5729,20285,0,0,0,0,0
42984,ECG,5730,20217,0,0,0,0,0
42989,ECG,5731,20243,0,0,0,0,0
42989,ECG,5732,20210,0,0,0,0,0
42994,ECG,5733,20083,0,0,0,0,0
42994,ECG,5734,19764,0,0,0,0,0
42994,ECG,5735,19423,0,0,0,0,0
42999,ECG,5736,19119,0,0,0,0,0
42999,ECG,5737,18862,0,0,0,0,0
43004,ECG,5738,18714,0,0,0,0,0
43004,ECG,5739,18662,0,0,0,0,0
43004,ECG,5740,18743,0,0,0,0,0
43009,ECG,5741,18869,0,0,0,0,0
43009,ECG,5742,18929,0,0,0,0,0
43014,ECG,5743,18854,0,0,0,0,0
43014,ECG,5744,18581,0,0,0,0,0
43014,ECG,5745,18214,0,0,0,0,0
43019,ECG,5746,17852,0,0,0,0,0
43019,ECG,5747,17584,0,0,0,0,0
43024,ECG,5748,17428,0,0,0,0,0
43024,ECG,5749,17508,0,0,0,0,0
43029,ECG,5750,17650,0,0,0,0,0
43029,ECG,5751,17804,0,0,0,0,0
43034,ECG,5752,17578,0,0,0,0,0
43034,ECG,5753,17251,0,0,0,0,0
43039,ECG,5754,16911,0,0,0,0,0
43039,ECG,5755,16623,0,0,0,0,0
43039,ECG,5756,16453,0,0,0,0,0
43044,ECG,5757,16380,0,0,0,0,0
43044,ECG,5758,16399,0,0,0,0,0
43049,ECG,5759,16514,0,0,0,0,0
43049,ECG,5760,16658,0,0,0,0,0
43049,ECG,5761,16690,0,0,0,0,0
43054,ECG,5762,16567,0,0,0,0,0
43054,ECG,5763,16306,0,0,0,0,0
43059,ECG,5764,15717,0,0,0,0,0
43059,ECG,5765,15551,0,0,0,0,0
43064,ECG,5766,15464,0,0,0,0,0
43064,ECG,5767,15452,0,0,0,0,0
43065,ECG,5768,15545,0,0,0,0,0
43069,ECG,5769,15699,0,0,0,0,0
43069,ECG,5770,15688,0,0,0,0,0
43074,ECG,5771,15537,0,0,0,0,0
43074,ECG,5772,15201,0,0,0,0,0
43074,ECG,5773,14810,0,0,0,0,0
43079,ECG,5774,14465,0,0,0,0,0
43079,ECG,5775,14248,0,0,0,0,0
43084,ECG,5776,14163,0,0,0,0,0
43084,ECG,5777,14215,0,0,0,0,0
43084,ECG,5778,14414,0,0,0,0,0
43089,ECG,5779,14647,0,0,0,0,0
43089,ECG,5780,14758,0,0,0,0,0
43094,ECG,5781,14659,0,0,0,0,0
43094,ECG,5782,14289,0,0,0,0,0
43094,ECG,5783,13819,0,0,0,0,0
43099,ECG,5784,13437,0,0,0,0,0
43099,ECG,5785,13197,0,0,0,0,0
43104,ECG,5786,13164,0,0,0,0,0
43104,ECG,5787,13386,0,0,0,0,0
43109,ECG,5788,13692,0,0,0,0,0
43109,ECG,5789,13842,0,0,0,0,0
43114,ECG,5790,13500,0,0,0,0,0
43114,ECG,5791,13090,0,0,0,0,0
43119,ECG,5792,12746,0,0,0,0,0
43119,ECG,5793,12550,0,0,0,0,0
43119,ECG,5794,12473,0,0,0,0,0
43124,ECG,5795,12530,0,0,0,0,0
43124,ECG,5796,12697,0,0,0,0,0
43129,ECG,5797,12925,0,0,0,0,0
43129,ECG,5798,13070,0,0,0,0,0
43129,ECG,5799,12987,0,0,0,0,0
43134,ECG,5800,12745,0,0,0,0,0
43134,ECG,5801,12245,0,0,0,0,0
43139,ECG,5802,11469,0,0,0,0,0
43139,ECG,5803,11276,0,0,0,0,0
43144,ECG,5804,11278,0,0,0,0,0
43144,ECG,5805,11436,0,0,0,0,0
43145,ECG,5806,11741,0,0,0,0,0
43149,ECG,5807,12055,0,0,0,0,0
43149,ECG,5808,12228,0,0,0,0,0
43154,ECG,5809,12158,0,0,0,0,0
43154,ECG,5810,11926,0,0,0,0,0
43154,ECG,5811,11601,0,0,0,0,0
43159,ECG,5812,11354,0,0,0,0,0
43159,ECG,5813,11222,0,0,0,0,0
43164,ECG,5814,11162,0,0,0,0,0
43164,ECG,5815,11199,0,0,0,0,0
43164,ECG,5816,11362,0,0,0,0,0
43169,ECG,5817,11477,0,0,0,0,0
43169,ECG,5818,11491,0,0,0,0,0
43174,ECG,5819,11364,0,0,0,0,0
43174,ECG,5820,11022,0,0,0,0,0
43174,ECG,5821,10647,0,0,0,0,0
43179,ECG,5822,10359,0,0,0,0,0
43179,ECG,5823,10167,0,0,0,0,0
43184,ECG,5824,10216,0,0,0,0,0
43184,ECG,5825,10377,0,0,0,0,0
43189,ECG,5826,10579,0,0,0,0,0
43189,ECG,5827,10817,0,0,0,0,0
43194,ECG,5828,10578,0,0,0,0,0
43194,ECG,5829,10325,0,0,0,0,0
43199,ECG,5830,10048,0,0,0,0,0
43199,ECG,5831,9826,0,0,0,0,0
43199,ECG,5832,9726,0,0,0,0,0
43204,ECG,5833,9709,0,0,0,0,0
43204,ECG,5834,9769,0,0,0,0,0
43209,ECG,5835,9926,0,0,0,0,0
43209,ECG,5836,10090,0,0,0,0,0
43209,ECG,5837,10126,0,0,0,0,0
43214,ECG,5838,10062,0,0,0,0,0
43214,ECG,5839,9815,0,0,0,0,0
43219,ECG,5840,9497,0,0,0,0,0
43219,ECG,5841,9253,0,0,0,0,0
43219,ECG,5842,9082,0,0,0,0,0
43224,ECG,5843,9007,0,0,0,0,0
43224,ECG,5844,9039,0,0,0,0,0
43225,ECG,5845,9177,0,0,0,0,0
43229,ECG,5846,9380,0,0,0,0,0
43229,ECG,5847,9507,0,0,0,0,0
43234,ECG,5848,9441,0,0,0,0,0
43234,ECG,5849,9207,0,0,0,0,0
43239,ECG,5850,8589,0,0,0,0,0
43239,ECG,5851,8402,0,0,0,0,0
43244,ECG,5852,8347,0,0,0,0,0
43244,ECG,5853,8395,0,0,0,0,0
43244,ECG,5854,8535,0,0,0,0,0
43249,ECG,5855,8779,0,0,0,0,0
43249,ECG,5856,8971,0,0,0,0,0
43254,ECG,5857,8914,0,0,0,0,0
43254,ECG,5858,8766,0,0,0,0,0
43254,ECG,5859,8388,0,0,0,0,0
43259,ECG,5860,8038,0,0,0,0,0
43259,ECG,5861,7792,0,0,0,0,0
43264,ECG,5862,7647,0,0,0,0,0
43264,ECG,5863,7841,0,0,0,0,0
43269,ECG,5864,8070,0,0,0,0,0
43269,ECG,5865,8266,0,0,0,0,0
43274,ECG,5866,8181,0,0,0,0,0
43274,ECG,5867,7779,0,0,0,0,0
43279,ECG,5868,7388,0,0,0,0,0
43279,ECG,5869,7099,0,0,0,0,0
43279,ECG,5870,6978,0,0,0,0,0
43284,ECG,5871,7013,0,0,0,0,0
43284,ECG,5872,7178,0,0,0,0,0
43289,ECG,5873,7503,0,0,0,0,0
43289,ECG,5874,7805,0,0,0,0,0
43289,ECG,5875,7863,0,0,0,0,0
43294,ECG,5876,7758,0,0,0,0,0
43294,ECG,5877,7530,0,0,0,0,0
43299,ECG,5878,7200,0,0,0,0,0
43299,ECG,5879,6956,0,0,0,0,0
43299,ECG,5880,6864,0,0,0,0,0
43304,ECG,5881,6878,0,0,0,0,0
43304,ECG,5882,6979,0,0,0,0,0
43305,ECG,5883,7189,0,0,0,0,0
43309,ECG,5884,7438,0,0,0,0,0
43309,ECG,5885,7459,0,0,0,0,0
43314,ECG,5886,7376,0,0,0,0,0
43314,ECG,5887,7046,0,0,0,0,0
43319,ECG,5888,6406,0,0,0,0,0
43319,ECG,5889,6222,0,0,0,0,0
43324,ECG,5890,6179,0,0,0,0,0
43324,ECG,5891,6276,0,0,0,0,0
43324,ECG,5892,6514,0,0,0,0,0
43329,ECG,5893,6802,0,0,0,0,0
43329,ECG,5894,7007,0,0,0,0,0
43334,ECG,5895,6989,0,0,0,0,0
43334,ECG,5896,6745,0,0,0,0,0
43334,ECG,5897,6409,0,0,0,0,0
43339,ECG,5898,6134,0,0,0,0,0
43339,ECG,5899,5951,0,0,0,0,0
43344,ECG,5900,5966,0,0,0,0,0
43344,ECG,5901,6200,0,0,0,0,0
43349,ECG,5902,6430,0,0,0,0,0
43349,ECG,5903,6527,0,0,0,0,0
43354,ECG,5904,6291,0,0,0,0,0
43354,ECG,5905,5994,0,0,0,0,0
43359,ECG,5906,5770,0,0,0,0,0
43359,ECG,5907,5673,0,0,0,0,0
43359,ECG,5908,5682,0,0,0,0,0
43364,ECG,5909,5803,0,0,0,0,0
43364,ECG,5910,5978,0,0,0,0,0
43369,ECG,5911,6166,0,0,0,0,0
43369,ECG,5912,6243,0,0,0,0,0
43369,ECG,5913,6204,0,0,0,0,0
43374,ECG,5914,5934,0,0,0,0,0
43374,ECG,5915,5572,0,0,0,0,0
43379,ECG,5916,5260,0,0,0,0,0
43379,ECG,5917,5019,0,0,0,0,0
43379,ECG,5918,4915,0,0,0,0,0
43384,ECG,5919,4968,0,0,0,0,0
43384,ECG,5920,5138,0,0,0,0,0
43389,ECG,5921,5728,0,0,0,0,0
43389,ECG,5922,5858,0,0,0,0,0
43394,ECG,5923,5821,0,0,0,0,0
43394,ECG,5924,5599,0,0,0,0,0
43399,ECG,5925,5033,0,0,0,0,0
43399,ECG,5926,4876,0,0,0,0,0
43404,ECG,5927,4831,0,0,0,0,0
43404,ECG,5928,4897,0,0,0,0,0
43404,ECG,5929,5093,0,0,0,0,0
43409,ECG,5930,5327,0,0,0,0,0
43409,ECG,5931,5459,0,0,0,0,0
43414,ECG,5932,5465,0,0,0,0,0
43414,ECG,5933,5304,0,0,0,0,0
43414,ECG,5934,5021,0,0,0,0,0
43419,ECG,5935,4802,0,0,0,0,0
43419,ECG,5936,4698,0,0,0,0,0
43424,ECG,5937,4759,0,0,0,0,0
43424,ECG,5938,4920,0,0,0,0,0
43429,ECG,5939,5085,0,0,0,0,0
43429,ECG,5940,5202,0,0,0,0,0
43430,ECG,5941,5152,0,0,0,0,0
43434,ECG,5942,4857,0,0,0,0,0
43434,ECG,5943,4491,0,0,0,0,0
43439,ECG,5944,4185,0,0,0,0,0
43439,ECG,5945,3969,0,0,0,0,0
43439,ECG,5946,3913,0,0,0,0,0
43444,ECG,5947,3979,0,0,0,0,0
43444,ECG,5948,4179,0,0,0,0,0
43449,ECG,5949,4576,0,0,0,0,0
43449,ECG,5950,4858,0,0,0,0,0
43449,ECG,5951,4833,0,0,0,0,0
43454,ECG,5952,4648,0,0,0,0,0
43454,ECG,5953,4326,0,0,0,0,0
43459,ECG,5954,3948,0,0,0,0,0
43459,ECG,5955,3707,0,0,0,0,0
43459,ECG,5956,3653,0,0,0,0,0
43464,ECG,5957,3735,0,0,0,0,0
43464,ECG,5958,3965,0,0,0,0,0
43469,ECG,5959,4605,0,0,0,0,0
43469,ECG,5960,4618,0,0,0,0,0
43474,ECG,5961,4557,0,0,0,0,0
43474,ECG,5962,4116,0,0,0,0,0
43479,ECG,5963,3488,0,0,0,0,0
43479,ECG,5964,3342,0,0,0,0,0
43484,ECG,5965,3362,0,0,0,0,0
43484,ECG,5966,3540,0,0,0,0,0
43484,ECG,5967,3855,0,0,0,0,0
43489,ECG,5968,4179,0,0,0,0,0
43489,ECG,5969,4369,0,0,0,0,0
43494,ECG,5970,4301,0,0,0,0,0
43494,ECG,5971,4008,0,0,0,0,0
43494,ECG,5972,3683,0,0,0,0,0
43499,ECG,5973,3418,0,0,0,0,0
43499,ECG,5974,3282,0,0,0,0,0
43504,ECG,5975,3286,0,0,0,0,0
43504,ECG,5976,3445,0,0,0,0,0
43504,ECG,5977,3688,0,0,0,0,0
43509,ECG,5978,3916,0,0,0,0,0
43509,ECG,5979,4098,0,0,0,0,0
43510,ECG,5980,4053,0,0,0,0,0
43514,ECG,5981,3777,0,0,0,0,0
43514,ECG,5982,3494,0,0,0,0,0
43519,ECG,5983,3273,0,0,0,0,0
43519,ECG,5984,3152,0,0,0,0,0
43524,ECG,5985,3275,0,0,0,0,0
43524,ECG,5986,3502,0,0,0,0,0
43529,ECG,5987,3805,0,0,0,0,0
43529,ECG,5988,3899,0,0,0,0,0
43529,ECG,5989,3850,0,0,0,0,0
43534,ECG,5990,3504,0,0,0,0,0
43534,ECG,5991,3040,0,0,0,0,0
43539,ECG,5992,2616,0,0,0,0,0
43539,ECG,5993,2356,0,0,0,0,0
43539,ECG,5994,2289,0,0,0,0,0
43544,ECG,5995,2438,0,0,0,0,0
43544,ECG,5996,2735,0,0,0,0,0
43549,ECG,5997,3596,0,0,0,0,0
43549,ECG,5998,3682,0,0,0,0,0
43554,ECG,5999,3659,0,0,0,0,0
43554,ECG,6000,3369,0,0,0,0,0
43559,ECG,6001,2713,0,0,0,0,0
43559,ECG,6002,2562,0,0,0,0,0
43564,ECG,6003,2536,0,0,0,0,0
43564,ECG,6004,2662,0,0,0,0,0
43564,ECG,6005,2957,0,0,0,0,0
43569,ECG,6006,3228,0,0,0,0,0
43569,ECG,6007,3391,0,0,0,0,0
43574,ECG,6008,3460,0,0,0,0,0
43574,ECG,6009,3293,0,0,0,0,0
43574,ECG,6010,2992,0,0,0,0,0
43579,ECG,6011,2799,0,0,0,0,0
43579,ECG,6012,2718,0,0,0,0,0
43584,ECG,6013,2714,0,0,0,0,0
43584,ECG,6014,2803,0,0,0,0,0
43584,ECG,6015,2967,0,0,0,0,0
43589,ECG,6016,3183,0,0,0,0,0
43589,ECG,6017,3290,0,0,0,0,0
43594,ECG,6018,2970,0,0,0,0,0
43594,ECG,6019,2706,0,0,0,0,0
43599,ECG,6020,2460,0,0,0,0,0
43599,ECG,6021,2292,0,0,0,0,0
43604,ECG,6022,2410,0,0,0,0,0
43604,ECG,6023,2577,0,0,0,0,0
43609,ECG,6024,2828,0,0,0,0,0
43609,ECG,6025,3101,0,0,0,0,0
43609,ECG,6026,3094,0,0,0,0,0
43614,ECG,6027,2903,0,0,0,0,0
43614,ECG,6028,2567,0,0,0,0,0
43619,ECG,6029,2264,0,0,0,0,0
43619,ECG,6030,2033,0,0,0,0,0
43619,ECG,6031,1950,0,0,0,0,0
43624,ECG,6032,1993,0,0,0,0,0
43624,ECG,6033,2171,0,0,0,0,0
43629,ECG,6034,2815,0,0,0,0,0
43629,ECG,6035,2895,0,0,0,0,0
43634,ECG,6036,2828,0,0,0,0,0
43634,ECG,6037,2536,0,0,0,0,0
43639,ECG,6038,1997,0,0,0,0,0
43639,ECG,6039,1932,0,0,0,0,0
43644,ECG,6040,1995,0,0,0,0,0
43644,ECG,6041,2175,0,0,0,0,0
43644,ECG,6042,2470,0,0,0,0,0
43649,ECG,6043,2744,0,0,0,0,0
43649,ECG,6044,2781,0,0,0,0,0
43654,ECG,6045,2751,0,0,0,0,0
43654,ECG,6046,2377,0,0,0,0,0
43654,ECG,6047,2020,0,0,0,0,0
43659,ECG,6048,1780,0,0,0,0,0
43659,ECG,6049,1638,0,0,0,0,0
43664,ECG,6050,1650,0,0,0,0,0
43664,ECG,6051,1807,0,0,0,0,0
43664,ECG,6052,2065,0,0,0,0,0
43669,ECG,6053,2385,0,0,0,0,0
43669,ECG,6054,2642,0,0,0,0,0
43674,ECG,6055,2472,0,0,0,0,0
43674,ECG,6056,2184,0,0,0,0,0
43679,ECG,6057,1925,0,0,0,0,0
43679,ECG,6058,1749,0,0,0,0,0
43684,ECG,6059,1745,0,0,0,0,0
43684,ECG,6060,1975,0,0,0,0,0
43689,ECG,6061,2273,0,0,0,0,0
43689,ECG,6062,2409,0,0,0,0,0
43689,ECG,6063,2393,0,0,0,0,0
43694,ECG,6064,2218,0,0,0,0,0
43694,ECG,6065,1868,0,0,0,0,0
43699,ECG,6066,1526,0,0,0,0,0
43699,ECG,6067,1344,0,0,0,0,0
43699,ECG,6068,1322,0,0,0,0,0
43704,ECG,6069,1425,0,0,0,0,0
43704,ECG,6070,1666,0,0,0,0,0
43709,ECG,6071,2280,0,0,0,0,0
43709,ECG,6072,2368,0,0,0,0,0
43714,ECG,6073,2252,0,0,0,0,0
43714,ECG,6074,1942,0,0,0,0,0
43715,ECG,6075,1667,0,0,0,0,0
43719,ECG,6076,1436,0,0,0,0,0
43719,ECG,6077,1297,0,0,0,0,0
43724,ECG,6078,1311,0,0,0,0,0
43724,ECG,6079,1468,0,0,0,0,0
43724,ECG,6080,1761,0,0,0,0,0
43729,ECG,6081,2084,0,0,0,0,0
43729,ECG,6082,2224,0,0,0,0,0
43734,ECG,6083,2068,0,0,0,0,0
43734,ECG,6084,1770,0,0,0,0,0
43734,ECG,6085,1444,0,0,0,0,0
43739,ECG,6086,1132,0,0,0,0,0
43739,ECG,6087,993,0,0,0,0,0
43744,ECG,6088,1062,0,0,0,0,0
43744,ECG,6089,1257,0,0,0,0,0
43744,ECG,6090,1552,0,0,0,0,0
43749,ECG,6091,1941,0,0,0,0,0
43749,ECG,6092,2149,0,0,0,0,0
43754,ECG,6093,1949,0,0,0,0,0
43754,ECG,6094,1579,0,0,0,0,0
43759,ECG,6095,1267,0,0,0,0,0
43759,ECG,6096,1044,0,0,0,0,0
43764,ECG,6097,1055,0,0,0,0,0
43764,ECG,6098,1282,0,0,0,0,0
43769,ECG,6099,1603,0,0,0,0,0
43769,ECG,6100,1919,0,0,0,0,0
43769,ECG,6101,2036,0,0,0,0,0
43774,ECG,6102,2005,0,0,0,0,0
43774,ECG,6103,1722,0,0,0,0,0
43779,ECG,6104,1449,0,0,0,0,0
43779,ECG,6105,1273,0,0,0,0,0
43779,ECG,6106,1203,0,0,0,0,0
43784,ECG,6107,1239,0,0,0,0,0
43784,ECG,6108,1362,0,0,0,0,0
43789,ECG,6109,1604,0,0,0,0,0
43789,ECG,6110,1857,0,0,0,0,0
43789,ECG,6111,1930,0,0,0,0,0
43794,ECG,6112,1876,0,0,0,0,0
43794,ECG,6113,1652,0,0,0,0,0
43795,ECG,6114,1371,0,0,0,0,0
43799,ECG,6115,1184,0,0,0,0,0
43799,ECG,6116,1109,0,0,0,0,0
43804,ECG,6117,1114,0,0,0,0,0
43804,ECG,6118,1246,0,0,0,0,0
43804,ECG,6119,1524,0,0,0,0,0
43809,ECG,6120,1759,0,0,0,0,0
43809,ECG,6121,1831,0,0,0,0,0
43814,ECG,6122,1763,0,0,0,0,0
43814,ECG,6123,1344,0,0,0,0,0
43814,ECG,6124,887,0,0,0,0,0
43819,ECG,6125,543,0,0,0,0,0
43819,ECG,6126,324,0,0,0,0,0
43824,ECG,6127,319,0,0,0,0,0
43824,ECG,6128,521,0,0,0,0,0
43824,ECG,6129,864,0,0,0,0,0
43829,ECG,6130,1294,0,0,0,0,0
43829,ECG,6131,1677,0,0,0,0,0
43834,ECG,6132,1661,0,0,0,0,0
43834,ECG,6133,1444,0,0,0,0,0
43839,ECG,6134,1202,0,0,0,0,0
43839,ECG,6135,1061,0,0,0,0,0
43844,ECG,6136,1101,0,0,0,0,0
43844,ECG,6137,1254,0,0,0,0,0
43849,ECG,6138,1507,0,0,0,0,0
43849,ECG,6139,1672,0,0,0,0,0
43849,ECG,6140,1661,0,0,0,0,0
43854,ECG,6141,1479,0,0,0,0,0
43854,ECG,6142,1118,0,0,0,0,0
43859,ECG,6143,776,0,0,0,0,0
42810,IMU,1248,1088,-260,8392,-82,56,51
42829,IMU,1249,1220,-220,8428,-105,64,45
42848,IMU,1250,1144,-216,8428,-97,65,62
42868,IMU,1251,1232,-312,8472,-76,62,38
42887,IMU,1252,1136,-276,8428,-92,62,29
42906,IMU,1253,1116,-212,8428,-93,51,44
42925,IMU,1254,1068,-200,8564,-92,45,31
42944,IMU,1255,1192,-252,8392,-82,58,47
42970,IMU,1256,1176,-204,8428,-83,77,40
42983,IMU,1257,1136,-280,8436,-95,64,44
43002,IMU,1258,1084,-292,8480,-79,63,39
43021,IMU,1259,1236,-232,8440,-76,64,51
43040,IMU,1260,1200,-264,8472,-90,51,28
43059,IMU,1261,1272,-320,8544,-84,48,37
43078,IMU,1262,1136,-236,8456,-73,49,47
43098,IMU,1263,1184,-336,8376,-90,50,36
43117,IMU,1264,1144,-344,8464,-85,78,36
43136,IMU,1265,1168,-232,8440,-74,61,47
43155,IMU,1266,1108,-228,8376,-96,73,39
43174,IMU,1267,1136,-204,8416,-89,72,28
43193,IMU,1268,1072,-248,8412,-107,67,55
43212,IMU,1269,1164,-228,8456,-86,51,42
43232,IMU,1270,1168,-248,8480,-86,66,44
43251,IMU,1271,1116,-204,8444,-105,57,49
43270,IMU,1272,1128,-228,8380,-87,54,56
43289,IMU,1273,1092,-200,8412,-104,67,39
43309,IMU,1274,1136,-144,8480,-92,58,51
43327,IMU,1275,1256,-172,8428,-96,58,22
43347,IMU,1276,1108,-356,8428,-92,67,40
43366,IMU,1277,1180,-284,8476,-86,58,38
43385,IMU,1278,1136,-140,8476,-102,61,37
43404,IMU,1279,1196,-324,8480,-106,81,69
43423,IMU,1280,1204,-264,8324,-99,59,40
43447,IMU,1281,1200,-300,8432,-88,58,51
43462,IMU,1282,1156,-276,8496,-86,69,37
43481,IMU,1283,1132,-280,8376,-93,63,56
43500,IMU,1284,1116,-232,8396,-93,55,45
43521,IMU,1285,1108,-272,8472,-86,40,36
43538,IMU,1286,1220,-228,8380,-87,68,39
43558,IMU,1287,1136,-212,8456,-87,69,33
43577,IMU,1288,1108,-212,8392,-77,66,55
43596,IMU,1289,1112,-320,8396,-88,55,43
43615,IMU,1290,1168,-280,8272,-90,43,37
43634,IMU,1291,1132,-256,8444,-90,66,45
43653,IMU,1292,1188,-304,8396,-88,62,43
43672,IMU,1293,1068,-348,8420,-94,58,56
43692,IMU,1294,1140,-300,8396,-91,59,58
43711,IMU,1295,1260,-152,8428,-110,58,42
43730,IMU,1296,1212,-320,8424,-88,62,30
43749,IMU,1297,1152,-244,8448,-73,65,39
43768,IMU,1298,1184,-248,8456,-91,59,37
43787,IMU,1299,1180,-152,8460,-82,50,44
43807,IMU,1300,1136,-84,8428,-93,48,40
43826,IMU,1301,1176,-344,8384,-92,72,33
43845,IMU,1302,1140,-288,8436,-71,54,47
43864,IMU,1303,1100,-284,8436,-92,59,50
43883,IMU,1304,1256,-224,8368,-95,57,27
43902,IMU,1305,1128,-300,8424,-100,68,36
43926,IMU,1306,1116,-256,8308,-77,47,43
43940,IMU,1307,1176,-256,8408,-95,66,45
43959,IMU,1308,1140,-288,8432,-81,51,37
43979,IMU,1309,1172,-296,8468,-81,65,49
43999,IMU,1310,1180,-236,8392,-99,53,33
44017,IMU,1311,1256,-220,8408,-93,51,37
44036,IMU,1312,1308,-204,8372,-91,70,26
44055,IMU,1313,1116,-344,8496,-94,60,41
44074,IMU,1314,1184,-264,8348,-96,66,46
44094,IMU,1315,1084,-252,8340,-90,65,39
44113,IMU,1316,1176,-212,8408,-111,75,44
44132,IMU,1317,1228,-272,8392,-81,61,26
44151,IMU,1318,1192,-220,8412,-83,56,46
44170,IMU,1319,1180,-248,8384,-93,65,50
44189,IMU,1320,1192,-308,8420,-89,68,34
44208,IMU,1321,1124,-276,8440,-103,64,55
44228,IMU,1322,1216,-188,8380,-94,49,38
44247,IMU,1323,1096,-120,8316,-77,49,52
44266,IMU,1324,1144,-236,8432,-96,47,47
44285,IMU,1325,1240,-220,8376,-86,62,53
44304,IMU,1326,1120,-312,8440,-90,55,59
44323,IMU,1327,1080,-244,8444,-69,50,49
44343,IMU,1328,1128,-308,8460,-77,46,43
44362,IMU,1329,1204,-284,8396,-98,70,37
44381,IMU,1330,1096,-232,8544,-107,54,36
44404,IMU,1331,1128,-332,8404,-86,42,49
44420,IMU,1332,1112,-284,8372,-91,64,53
44438,IMU,1333,1168,-240,8420,-108,48,37
44458,IMU,1334,1108,-340,8424,-82,55,46
44477,IMU,1335,1104,-232,8456,-99,62,48
44496,IMU,1336,1164,-276,8476,-91,59,59
44515,IMU,1337,1176,-284,8364,-88,57,31
44534,IMU,1338,1112,-272,8396,-84,62,51
44554,IMU,1339,1132,-228,8400,-80,53,42
44572,IMU,1340,1184,-252,8436,-102,63,37
44592,IMU,1341,1184,-264,8328,-84,63,38
44611,IMU,1342,1180,-228,8348,-100,69,59
44630,IMU,1343,1216,-280,8432,-102,63,28
44649,IMU,1344,1128,-240,8436,-90,46,55
44668,IMU,1345,1160,-252,8476,-107,43,41
44687,IMU,1346,1168,-224,8360,-92,60,54
44707,IMU,1347,1176,-276,8360,-101,58,38
44726,IMU,1348,1164,-272,8464,-99,65,31
44745,IMU,1349,1196,-216,8416,-98,61,51
44764,IMU,1350,1164,-256,8404,-99,41,52
44783,IMU,1351,1220,-320,8388,-71,82,49
44802,IMU,1352,1144,-224,8468,-73,65,57
44822,IMU,1353,1116,-304,8396,-83,66,51
44841,IMU,1354,1180,-368,8456,-90,63,41
44860,IMU,1355,1092,-244,8432,-87,50,43
44883,IMU,1356,1196,-168,8432,-84,54,14
44900,IMU,1357,1112,-320,8432,-88,70,36
44918,IMU,1358,1124,-204,8404,-66,54,42
44937,IMU,1359,1128,-296,8420,-90,41,42
44956,IMU,1360,1172,-276,8388,-88,73,38
44975,IMU,1361,1092,-308,8440,-85,59,41
44994,IMU,1362,1168,-276,8496,-93,44,37
45014,IMU,1363,1104,-280,8356,-85,51,41
45033,IMU,1364,1188,-200,8376,-91,62,62
45052,IMU,1365,1236,-176,8528,-105,60,36
45071,IMU,1366,1160,-272,8356,-73,50,43
45090,IMU,1367,1148,-212,8456,-78,52,47
45112,IMU,1368,1188,-252,8380,-84,73,36
45129,IMU,1369,1168,-292,8384,-96,52,30
45148,IMU,1370,1112,-304,8412,-101,56,48
45167,IMU,1371,1192,-320,8468,-89,50,38
45186,IMU,1372,1136,-280,8468,-77,56,52
45205,IMU,1373,1176,-248,8448,-101,46,43
45224,IMU,1374,1144,-356,8416,-103,45,37
45244,IMU,1375,1192,-272,8420,-90,64,36
45263,IMU,1376,1280,-216,8356,-94,56,23
45282,IMU,1377,1176,-280,8356,-87,42,39
45301,IMU,1378,1212,-308,8464,-85,73,47
45320,IMU,1379,1108,-336,8348,-94,64,47
45339,IMU,1380,1068,-320,8480,-96,53,52
45360,IMU,1381,1208,-316,8376,-92,53,55
45380,IMU,1382,1224,-316,8460,-110,68,48
45397,IMU,1383,1164,-264,8400,-89,59,49
45415,IMU,1384,1216,-272,8340,-97,73,42
45435,IMU,1385,1240,-244,8384,-90,72,49
45454,IMU,1386,1208,-196,8460,-98,63,49
45473,IMU,1387,1100,-228,8396,-103,65,47
45492,IMU,1388,1228,-288,8432,-94,64,50
45512,IMU,1389,1200,-276,8328,-79,65,47
45530,IMU,1390,1204,-312,8412,-105,63,39
45550,IMU,1391,1188,-336,8412,-90,62,35
45569,IMU,1392,1108,-284,8460,-88,56,26
45589,IMU,1393,1204,-192,8480,-93,67,39
45607,IMU,1394,1208,-288,8388,-99,63,38
45627,IMU,1395,1012,-288,8408,-105,74,29
45645,IMU,1396,1188,-240,8492,-86,62,47
45665,IMU,1397,1180,-352,8404,-95,70,32
45684,IMU,1398,1176,-312,8440,-92,73,41
45704,IMU,1399,1128,-304,8444,-112,66,49
45722,IMU,1400,1128,-216,8444,-92,58,48
45742,IMU,1401,1096,-136,8380,-95,58,59
45760,IMU,1402,1184,-160,8372,-94,58,47
45780,IMU,1403,1104,-380,8460,-85,71,44
45799,IMU,1404,1152,-292,8488,-107,68,40
45818,IMU,1405,1120,-260,8440,-90,61,54
45838,IMU,1406,1088,-260,8528,-82,54,26
45859,IMU,1407,1088,-264,8424,-83,50,56
45875,IMU,1408,1228,-216,8412,-81,63,44
45895,IMU,1409,1068,-252,8452,-75,63,52
45914,IMU,1410,1148,-272,8392,-101,45,47
45933,IMU,1411,1224,-288,8436,-75,43,49
45952,IMU,1412,1100,-280,8428,-97,43,61
45971,IMU,1413,1208,-208,8348,-96,71,40
45990,IMU,1414,1064,-272,8340,-77,54,27
46009,IMU,1415,1040,-252,8492,-90,45,38
46029,IMU,1416,1152,-224,8516,-101,45,27
46048,IMU,1417,1164,-308,8368,-107,52,39
46067,IMU,1418,1080,-288,8528,-92,39,58
46086,IMU,1419,1224,-228,8388,-82,68,61
46105,IMU,1420,1248,-212,8404,-86,55,37
46124,IMU,1421,1204,-248,8404,-88,63,46
46145,IMU,1422,1200,-268,8412,-112,54,45
46163,IMU,1423,1168,-228,8484,-97,69,43
46182,IMU,1424,1312,-244,8468,-79,61,46
46201,IMU,1425,1184,-300,8452,-103,62,41
46220,IMU,1426,1196,-204,8436,-75,78,41
46239,IMU,1427,1084,-292,8468,-75,67,50
46258,IMU,1428,1100,-324,8416,-77,65,37
46278,IMU,1429,1112,-252,8308,-87,68,28
46297,IMU,1430,1084,-296,8432,-93,53,30
46316,IMU,1431,1156,-284,8420,-92,63,44
46337,IMU,1432,1132,-312,8464,-90,57,50
46354,IMU,1433,1172,-284,8416,-88,68,33
46373,IMU,1434,1208,-260,8468,-85,77,65
46393,IMU,1435,1204,-260,8408,-82,69,54
46412,IMU,1436,1152,-208,8496,-80,81,35
46431,IMU,1437,1104,-192,8396,-90,71,39
46450,IMU,1438,1116,-200,8368,-107,54,43
46469,IMU,1439,1160,-304,8336,-93,74,39
46488,IMU,1440,1176,-164,8404,-91,59,45
46508,IMU,1441,1232,-248,8476,-83,62,34
46527,IMU,1442,1216,-176,8444,-91,50,59
46546,IMU,1443,1116,-300,8364,-102,60,34
46565,IMU,1444,1200,-188,8464,-99,55,49
46584,IMU,1445,1116,-260,8380,-103,61,49
46603,IMU,1446,1100,-272,8452,-103,47,32
46623,IMU,1447,1276,-308,8436,-107,64,37
46642,IMU,1448,1104,-264,8356,-98,80,48
46661,IMU,1449,1196,-324,8468,-89,46,45
46680,IMU,1450,1068,-208,8392,-86,64,54
46699,IMU,1451,1156,-308,8428,-106,54,44
46718,IMU,1452,1172,-300,8404,-81,48,41
46737,IMU,1453,1104,-192,8496,-83,53,40
46757,IMU,1454,1116,-168,8424,-90,68,44
46776,IMU,1455,1172,-252,8424,-82,41,56
43859,ECG,6144,537,0,0,0,0,0
43859,ECG,6145,449,0,0,0,0,0
43864,ECG,6146,511,0,0,0,0,0
43864,ECG,6147,746,0,0,0,0,0
43869,ECG,6148,1130,0,0,0,0,0
43869,ECG,6149,1450,0,0,0,0,0
43869,ECG,6150,1584,0,0,0,0,0
44876,ECG,6151,0,0,0,0,0,0
44876,ECG,6152,-1,0,0,0,0,0
44876,ECG,6153,-6,0,0,0,0,0
44881,ECG,6154,2,0,0,0,0,0
44881,ECG,6155,6,0,0,0,0,0
44886,ECG,6156,38,0,0,0,0,0
44886,ECG,6157,-15,0,0,0,0,0
44891,ECG,6158,-26,0,0,0,0,0
44891,ECG,6159,150,0,0,0,0,0
44896,ECG,6160,-2103,0,0,0,0,0
44896,ECG,6161,-1849,0,0,0,0,0
44901,ECG,6162,-49,0,0,0,0,0
44901,ECG,6163,3379,0,0,0,0,0
44901,ECG,6164,8746,0,0,0,0,0
44906,ECG,6165,15206,0,0,0,0,0
44906,ECG,6166,21756,0,0,0,0,0
44911,ECG,6167,27415,0,0,0,0,0
44911,ECG,6168,31125,0,0,0,0,0
44911,ECG,6169,32012,0,0,0,0,0
44916,ECG,6170,31810,0,0,0,0,0
44916,ECG,6171,31526,0,0,0,0,0
44921,ECG,6172,29776,0,0,0,0,0
44921,ECG,6173,29490,0,0,0,0,0
44921,ECG,6174,29577,0,0,0,0,0
44926,ECG,6175,29644,0,0,0,0,0
44926,ECG,6176,29985,0,0,0,0,0
44927,ECG,6177,30186,0,0,0,0,0
44931,ECG,6178,30123,0,0,0,0,0
44931,ECG,6179,29807,0,0,0,0,0
44936,ECG,6180,29290,0,0,0,0,0
44936,ECG,6181,28745,0,0,0,0,0
44941,ECG,6182,28065,0,0,0,0,0
44941,ECG,6183,27994,0,0,0,0,0
44946,ECG,6184,28105,0,0,0,0,0
44946,ECG,6185,28388,0,0,0,0,0
44946,ECG,6186,28596,0,0,0,0,0
44951,ECG,6187,28483,0,0,0,0,0
44951,ECG,6188,28173,0,0,0,0,0
44956,ECG,6189,27529,0,0,0,0,0
44956,ECG,6190,26846,0,0,0,0,0
44956,ECG,6191,26303,0,0,0,0,0
44961,ECG,6192,25965,0,0,0,0,0
44961,ECG,6193,25859,0,0,0,0,0
44966,ECG,6194,26339,0,0,0,0,0
44966,ECG,6195,26642,0,0,0,0,0
44971,ECG,6196,26783,0,0,0,0,0
44971,ECG,6197,26512,0,0,0,0,0
44976,ECG,6198,25256,0,0,0,0,0
44976,ECG,6199,24701,0,0,0,0,0
44981,ECG,6200,24375,0,0,0,0,0
44981,ECG,6201,24285,0,0,0,0,0
44981,ECG,6202,24395,0,0,0,0,0
44986,ECG,6203,24666,0,0,0,0,0
44986,ECG,6204,25035,0,0,0,0,0
44991,ECG,6205,25212,0,0,0,0,0
44991,ECG,6206,25019,0,0,0,0,0
44991,ECG,6207,24548,0,0,0,0,0
44996,ECG,6208,23952,0,0,0,0,0
44996,ECG,6209,23400,0,0,0,0,0
45001,ECG,6210,23050,0,0,0,0,0
45001,ECG,6211,22901,0,0,0,0,0
45001,ECG,6212,22931,0,0,0,0,0
45006,ECG,6213,23162,0,0,0,0,0
45006,ECG,6214,23502,0,0,0,0,0
45007,ECG,6215,23700,0,0,0,0,0
45011,ECG,6216,23568,0,0,0,0,0
45011,ECG,6217,23194,0,0,0,0,0
45016,ECG,6218,22531,0,0,0,0,0
45016,ECG,6219,21907,0,0,0,0,0
45021,ECG,6220,21233,0,0,0,0,0
45021,ECG,6221,21214,0,0,0,0,0
45026,ECG,6222,21465,0,0,0,0,0
45026,ECG,6223,21804,0,0,0,0,0
45026,ECG,6224,22055,0,0,0,0,0
45031,ECG,6225,22136,0,0,0,0,0
45031,ECG,6226,21836,0,0,0,0,0
45036,ECG,6227,21201,0,0,0,0,0
45036,ECG,6228,20567,0,0,0,0,0
45036,ECG,6229,20059,0,0,0,0,0
45041,ECG,6230,19753,0,0,0,0,0
45041,ECG,6231,19740,0,0,0,0,0
45046,ECG,6232,20229,0,0,0,0,0
45046,ECG,6233,20557,0,0,0,0,0
45051,ECG,6234,20614,0,0,0,0,0
45051,ECG,6235,20334,0,0,0,0,0
45056,ECG,6236,19361,0,0,0,0,0
45056,ECG,6237,18901,0,0,0,0,0
45061,ECG,6238,18698,0,0,0,0,0
45061,ECG,6239,18710,0,0,0,0,0
45061,ECG,6240,18888,0,0,0,0,0
45066,ECG,6241,19227,0,0,0,0,0
45066,ECG,6242,19529,0,0,0,0,0
45071,ECG,6243,19663,0,0,0,0,0
45071,ECG,6244,19539,0,0,0,0,0
45071,ECG,6245,19145,0,0,0,0,0
45076,ECG,6246,18558,0,0,0,0,0
45076,ECG,6247,18041,0,0,0,0,0
45081,ECG,6248,17630,0,0,0,0,0
45081,ECG,6249,17412,0,0,0,0,0
45081,ECG,6250,17424,0,0,0,0,0
45086,ECG,6251,17677,0,0,0,0,0
45086,ECG,6252,18033,0,0,0,0,0
45091,ECG,6253,18283,0,0,0,0,0
45091,ECG,6254,17964,0,0,0,0,0
45096,ECG,6255,17461,0,0,0,0,0
45096,ECG,6256,16901,0,0,0,0,0
45101,ECG,6257,16373,0,0,0,0,0
45101,ECG,6258,16452,0,0,0,0,0
45106,ECG,6259,16744,0,0,0,0,0
45106,ECG,6260,17085,0,0,0,0,0
45106,ECG,6261,17322,0,0,0,0,0
45111,ECG,6262,17234,0,0,0,0,0
45111,ECG,6263,16777,0,0,0,0,0
45116,ECG,6264,16166,0,0,0,0,0
45116,ECG,6265,15576,0,0,0,0,0
45116,ECG,6266,15180,0,0,0,0,0
45121,ECG,6267,15046,0,0,0,0,0
45121,ECG,6268,15176,0,0,0,0,0
45126,ECG,6269,15939,0,0,0,0,0
45126,ECG,6270,16235,0,0,0,0,0
45131,ECG,6271,16246,0,0,0,0,0
45131,ECG,6272,15901,0,0,0,0,0
45132,ECG,6273,15317,0,0,0,0,0
45136,ECG,6274,14747,0,0,0,0,0
45136,ECG,6275,14361,0,0,0,0,0
45141,ECG,6276,14187,0,0,0,0,0
45141,ECG,6277,14264,0,0,0,0,0
45141,ECG,6278,14536,0,0,0,0,0
45146,ECG,6279,14893,0,0,0,0,0
45146,ECG,6280,15235,0,0,0,0,0
45151,ECG,6281,15310,0,0,0,0,0
45151,ECG,6282,15032,0,0,0,0,0
45151,ECG,6283,14540,0,0,0,0,0
45156,ECG,6284,13954,0,0,0,0,0
45156,ECG,6285,13442,0,0,0,0,0
45161,ECG,6286,13147,0,0,0,0,0
45161,ECG,6287,13126,0,0,0,0,0
45161,ECG,6288,13311,0,0,0,0,0
45166,ECG,6289,13629,0,0,0,0,0
45166,ECG,6290,14028,0,0,0,0,0
45171,ECG,6291,14209,0,0,0,0,0
45171,ECG,6292,13870,0,0,0,0,0
45176,ECG,6293,13351,0,0,0,0,0
45176,ECG,6294,12886,0,0,0,0,0
45181,ECG,6295,12453,0,0,0,0,0
45181,ECG,6296,12576,0,0,0,0,0
45186,ECG,6297,12902,0,0,0,0,0
45186,ECG,6298,13232,0,0,0,0,0
45186,ECG,6299,13366,0,0,0,0,0
45191,ECG,6300,13335,0,0,0,0,0
45191,ECG,6301,13010,0,0,0,0,0
45196,ECG,6302,12443,0,0,0,0,0
45196,ECG,6303,11943,0,0,0,0,0
45196,ECG,6304,11617,0,0,0,0,0
45201,ECG,6305,11525,0,0,0,0,0
45201,ECG,6306,11655,0,0,0,0,0
45206,ECG,6307,12348,0,0,0,0,0
45206,ECG,6308,12727,0,0,0,0,0
45211,ECG,6309,12797,0,0,0,0,0
45211,ECG,6310,12646,0,0,0,0,0
45212,ECG,6311,12269,0,0,0,0,0
45216,ECG,6312,11824,0,0,0,0,0
45216,ECG,6313,11389,0,0,0,0,0
45221,ECG,6314,11152,0,0,0,0,0
45221,ECG,6315,11112,0,0,0,0,0
45221,ECG,6316,11238,0,0,0,0,0
45226,ECG,6317,11516,0,0,0,0,0
45226,ECG,6318,11784,0,0,0,0,0
45231,ECG,6319,11863,0,0,0,0,0
45231,ECG,6320,11712,0,0,0,0,0
45231,ECG,6321,11291,0,0,0,0,0
45236,ECG,6322,10737,0,0,0,0,0
45236,ECG,6323,10323,0,0,0,0,0
45241,ECG,6324,10115,0,0,0,0,0
45241,ECG,6325,10122,0,0,0,0,0
45241,ECG,6326,10331,0,0,0,0,0
45246,ECG,6327,10676,0,0,0,0,0
45246,ECG,6328,11071,0,0,0,0,0
45251,ECG,6329,11282,0,0,0,0,0
45251,ECG,6330,10928,0,0,0,0,0
45256,ECG,6331,10435,0,0,0,0,0
45256,ECG,6332,9960,0,0,0,0,0
45261,ECG,6333,9497,0,0,0,0,0
45261,ECG,6334,9573,0,0,0,0,0
45266,ECG,6335,9886,0,0,0,0,0
45266,ECG,6336,10249,0,0,0,0,0
45266,ECG,6337,10483,0,0,0,0,0
45271,ECG,6338,10516,0,0,0,0,0
45271,ECG,6339,10219,0,0,0,0,0
45276,ECG,6340,9702,0,0,0,0,0
45276,ECG,6341,9198,0,0,0,0,0
45276,ECG,6342,8857,0,0,0,0,0
45281,ECG,6343,8750,0,0,0,0,0
45281,ECG,6344,8871,0,0,0,0,0
45286,ECG,6345,9207,0,0,0,0,0
45286,ECG,6346,9631,0,0,0,0,0
45286,ECG,6347,9946,0,0,0,0,0
45291,ECG,6348,10003,0,0,0,0,0
45291,ECG,6349,9733,0,0,0,0,0
45292,ECG,6350,9239,0,0,0,0,0
45296,ECG,6351,8692,0,0,0,0,0
45296,ECG,6352,8276,0,0,0,0,0
45301,ECG,6353,8085,0,0,0,0,0
45301,ECG,6354,8117,0,0,0,0,0
45306,ECG,6355,8798,0,0,0,0,0
45306,ECG,6356,9184,0,0,0,0,0
45311,ECG,6357,9339,0,0,0,0,0
45311,ECG,6358,9164,0,0,0,0,0
45311,ECG,6359,8773,0,0,0,0,0
45316,ECG,6360,8281,0,0,0,0,0
45316,ECG,6361,7839,0,0,0,0,0
45321,ECG,6362,7608,0,0,0,0,0
45321,ECG,6363,7605,0,0,0,0,0
45321,ECG,6364,7812,0,0,0,0,0
45326,ECG,6365,8195,0,0,0,0,0
45326,ECG,6366,8635,0,0,0,0,0
45331,ECG,6367,8784,0,0,0,0,0
45331,ECG,6368,8471,0,0,0,0,0
45336,ECG,6369,8000,0,0,0,0,0
45336,ECG,6370,7535,0,0,0,0,0
45341,ECG,6371,7094,0,0,0,0,0
45341,ECG,6372,7221,0,0,0,0,0
45346,ECG,6373,7499,0,0,0,0,0
45346,ECG,6374,7850,0,0,0,0,0
45346,ECG,6375,8146,0,0,0,0,0
45351,ECG,6376,8205,0,0,0,0,0
45351,ECG,6377,7962,0,0,0,0,0
45356,ECG,6378,7542,0,0,0,0,0
45356,ECG,6379,7112,0,0,0,0,0
45356,ECG,6380,6766,0,0,0,0,0
45361,ECG,6381,6604,0,0,0,0,0
45361,ECG,6382,6644,0,0,0,0,0
45366,ECG,6383,6864,0,0,0,0,0
45366,ECG,6384,7254,0,0,0,0,0
45366,ECG,6385,7663,0,0,0,0,0
45371,ECG,6386,7914,0,0,0,0,0
45371,ECG,6387,7851,0,0,0,0,0
45376,ECG,6388,7085,0,0,0,0,0
45376,ECG,6389,6665,0,0,0,0,0
45381,ECG,6390,6360,0,0,0,0,0
45381,ECG,6391,6281,0,0,0,0,0
45386,ECG,6392,6766,0,0,0,0,0
45386,ECG,6393,7165,0,0,0,0,0
45391,ECG,6394,7390,0,0,0,0,0
45391,ECG,6395,7277,0,0,0,0,0
45391,ECG,6396,6902,0,0,0,0,0
45396,ECG,6397,6396,0,0,0,0,0
45396,ECG,6398,5937,0,0,0,0,0
45401,ECG,6399,5730,0,0,0,0,0
45401,ECG,6400,5762,0,0,0,0,0
45401,ECG,6401,5999,0,0,0,0,0
45406,ECG,6402,6417,0,0,0,0,0
45406,ECG,6403,6845,0,0,0,0,0
45411,ECG,6404,7052,0,0,0,0,0
45411,ECG,6405,6686,0,0,0,0,0
45416,ECG,6406,6103,0,0,0,0,0
45416,ECG,6407,5644,0,0,0,0,0
45417,ECG,6408,5367,0,0,0,0,0
45421,ECG,6409,5280,0,0,0,0,0
45421,ECG,6410,5408,0,0,0,0,0
45426,ECG,6411,5773,0,0,0,0,0
45426,ECG,6412,6266,0,0,0,0,0
45426,ECG,6413,6592,0,0,0,0,0
45431,ECG,6414,6610,0,0,0,0,0
45431,ECG,6415,6349,0,0,0,0,0
45436,ECG,6416,5787,0,0,0,0,0
45436,ECG,6417,5109,0,0,0,0,0
45436,ECG,6418,4635,0,0,0,0,0
45441,ECG,6419,4417,0,0,0,0,0
45441,ECG,6420,4457,0,0,0,0,0
45446,ECG,6421,4813,0,0,0,0,0
45446,ECG,6422,5341,0,0,0,0,0
45446,ECG,6423,5797,0,0,0,0,0
45451,ECG,6424,6022,0,0,0,0,0
45451,ECG,6425,5856,0,0,0,0,0
45456,ECG,6426,4989,0,0,0,0,0
45456,ECG,6427,4624,0,0,0,0,0
45461,ECG,6428,4440,0,0,0,0,0
45461,ECG,6429,4582,0,0,0,0,0
45466,ECG,6430,5361,0,0,0,0,0
45466,ECG,6431,5752,0,0,0,0,0
45471,ECG,6432,5984,0,0,0,0,0
45471,ECG,6433,5828,0,0,0,0,0
45471,ECG,6434,5452,0,0,0,0,0
45476,ECG,6435,5098,0,0,0,0,0
45476,ECG,6436,4789,0,0,0,0,0
45481,ECG,6437,4633,0,0,0,0,0
45481,ECG,6438,4699,0,0,0,0,0
45481,ECG,6439,4899,0,0,0,0,0
45486,ECG,6440,5163,0,0,0,0,0
45486,ECG,6441,5453,0,0,0,0,0
45491,ECG,6442,5420,0,0,0,0,0
45491,ECG,6443,5082,0,0,0,0,0
45496,ECG,6444,4626,0,0,0,0,0
45496,ECG,6445,4187,0,0,0,0,0
45497,ECG,6446,3943,0,0,0,0,0
45501,ECG,6447,3894,0,0,0,0,0
45501,ECG,6448,4008,0,0,0,0,0
45506,ECG,6449,4341,0,0,0,0,0
45506,ECG,6450,4774,0,0,0,0,0
45506,ECG,6451,5093,0,0,0,0,0
45511,ECG,6452,5231,0,0,0,0,0
45511,ECG,6453,5103,0,0,0,0,0
45516,ECG,6454,4687,0,0,0,0,0
45516,ECG,6455,4209,0,0,0,0,0
45516,ECG,6456,3853,0,0,0,0,0
45521,ECG,6457,3628,0,0,0,0,0
45521,ECG,6458,3631,0,0,0,0,0
45526,ECG,6459,3905,0,0,0,0,0
45526,ECG,6460,4290,0,0,0,0,0
45526,ECG,6461,4631,0,0,0,0,0
45531,ECG,6462,4816,0,0,0,0,0
45531,ECG,6463,4707,0,0,0,0,0
45536,ECG,6464,3951,0,0,0,0,0
45536,ECG,6465,3626,0,0,0,0,0
45541,ECG,6466,3492,0,0,0,0,0
45541,ECG,6467,3591,0,0,0,0,0
45546,ECG,6468,4254,0,0,0,0,0
45546,ECG,6469,4578,0,0,0,0,0
45551,ECG,6470,4740,0,0,0,0,0
45551,ECG,6471,4624,0,0,0,0,0
45551,ECG,6472,4247,0,0,0,0,0
45556,ECG,6473,3769,0,0,0,0,0
45556,ECG,6474,3359,0,0,0,0,0
45561,ECG,6475,3115,0,0,0,0,0
45561,ECG,6476,3086,0,0,0,0,0
45561,ECG,6477,3298,0,0,0,0,0
45566,ECG,6478,3674,0,0,0,0,0
45566,ECG,6479,4080,0,0,0,0,0
45571,ECG,6480,4297,0,0,0,0,0
45571,ECG,6481,4183,0,0,0,0,0
45571,ECG,6482,3851,0,0,0,0,0
45576,ECG,6483,3408,0,0,0,0,0
45576,ECG,6484,2953,0,0,0,0,0
45577,ECG,6485,2712,0,0,0,0,0
45581,ECG,6486,2768,0,0,0,0,0
45581,ECG,6487,3039,0,0,0,0,0
45586,ECG,6488,3478,0,0,0,0,0
45586,ECG,6489,3964,0,0,0,0,0
45591,ECG,6490,4161,0,0,0,0,0
45591,ECG,6491,3796,0,0,0,0,0
45596,ECG,6492,3282,0,0,0,0,0
45596,ECG,6493,2835,0,0,0,0,0
45596,ECG,6494,2581,0,0,0,0,0
45601,ECG,6495,2554,0,0,0,0,0
45601,ECG,6496,2765,0,0,0,0,0
45606,ECG,6497,3142,0,0,0,0,0
45606,ECG,6498,3606,0,0,0,0,0
45606,ECG,6499,3999,0,0,0,0,0
45611,ECG,6500,4092,0,0,0,0,0
45611,ECG,6501,3923,0,0,0,0,0
45616,ECG,6502,3078,0,0,0,0,0
45616,ECG,6503,2670,0,0,0,0,0
45621,ECG,6504,2444,0,0,0,0,0
45621,ECG,6505,2380,0,0,0,0,0
45626,ECG,6506,2925,0,0,0,0,0
45626,ECG,6507,3338,0,0,0,0,0
45631,ECG,6508,3566,0,0,0,0,0
45631,ECG,6509,3490,0,0,0,0,0
45631,ECG,6510,3148,0,0,0,0,0
45636,ECG,6511,2705,0,0,0,0,0
45636,ECG,6512,2314,0,0,0,0,0
45641,ECG,6513,2060,0,0,0,0,0
45641,ECG,6514,2042,0,0,0,0,0
45641,ECG,6515,2328,0,0,0,0,0
45646,ECG,6516,2817,0,0,0,0,0
45646,ECG,6517,3316,0,0,0,0,0
45651,ECG,6518,3597,0,0,0,0,0
45651,ECG,6519,3561,0,0,0,0,0
45651,ECG,6520,3193,0,0,0,0,0
45656,ECG,6521,2650,0,0,0,0,0
45656,ECG,6522,2223,0,0,0,0,0
45661,ECG,6523,1954,0,0,0,0,0
45661,ECG,6524,2172,0,0,0,0,0
45666,ECG,6525,2594,0,0,0,0,0
45666,ECG,6526,3074,0,0,0,0,0
45671,ECG,6527,3388,0,0,0,0,0
45671,ECG,6528,3081,0,0,0,0,0
45676,ECG,6529,2626,0,0,0,0,0
45676,ECG,6530,2193,0,0,0,0,0
45676,ECG,6531,1896,0,0,0,0,0
45681,ECG,6532,1825,0,0,0,0,0
45681,ECG,6533,1988,0,0,0,0,0
45686,ECG,6534,2371,0,0,0,0,0
45686,ECG,6535,2821,0,0,0,0,0
45686,ECG,6536,3150,0,0,0,0,0
45691,ECG,6537,3219,0,0,0,0,0
45691,ECG,6538,2954,0,0,0,0,0
45696,ECG,6539,2136,0,0,0,0,0
45696,ECG,6540,1859,0,0,0,0,0
45701,ECG,6541,1775,0,0,0,0,0
45701,ECG,6542,1927,0,0,0,0,0
45702,ECG,6543,2318,0,0,0,0,0
45706,ECG,6544,2745,0,0,0,0,0
45706,ECG,6545,3047,0,0,0,0,0
45711,ECG,6546,3084,0,0,0,0,0
45711,ECG,6547,2783,0,0,0,0,0
45711,ECG,6548,2326,0,0,0,0,0
45716,ECG,6549,1843,0,0,0,0,0
45716,ECG,6550,1480,0,0,0,0,0
45721,ECG,6551,1361,0,0,0,0,0
45721,ECG,6552,1472,0,0,0,0,0
45721,ECG,6553,1813,0,0,0,0,0
45726,ECG,6554,2292,0,0,0,0,0
45726,ECG,6555,2730,0,0,0,0,0
45731,ECG,6556,2880,0,0,0,0,0
45731,ECG,6557,2718,0,0,0,0,0
45731,ECG,6558,2368,0,0,0,0,0
45736,ECG,6559,1888,0,0,0,0,0
45736,ECG,6560,1468,0,0,0,0,0
45741,ECG,6561,1172,0,0,0,0,0
45741,ECG,6562,1427,0,0,0,0,0
45746,ECG,6563,1830,0,0,0,0,0
45746,ECG,6564,2273,0,0,0,0,0
45751,ECG,6565,2560,0,0,0,0,0
45751,ECG,6566,2257,0,0,0,0,0
45756,ECG,6567,1815,0,0,0,0,0
45756,ECG,6568,1401,0,0,0,0,0
45756,ECG,6569,1097,0,0,0,0,0
45761,ECG,6570,1029,0,0,0,0,0
45761,ECG,6571,1267,0,0,0,0,0
45766,ECG,6572,1660,0,0,0,0,0
45766,ECG,6573,2111,0,0,0,0,0
45766,ECG,6574,2456,0,0,0,0,0
45771,ECG,6575,2518,0,0,0,0,0
45771,ECG,6576,2290,0,0,0,0,0
45776,ECG,6577,1449,0,0,0,0,0
45776,ECG,6578,1161,0,0,0,0,0
45781,ECG,6579,1093,0,0,0,0,0
45781,ECG,6580,1246,0,0,0,0,0
45782,ECG,6581,1610,0,0,0,0,0
45786,ECG,6582,2101,0,0,0,0,0
45786,ECG,6583,2452,0,0,0,0,0
45791,ECG,6584,2579,0,0,0,0,0
45791,ECG,6585,2450,0,0,0,0,0
45791,ECG,6586,2077,0,0,0,0,0
45796,ECG,6587,1653,0,0,0,0,0
45796,ECG,6588,1326,0,0,0,0,0
45801,ECG,6589,1188,0,0,0,0,0
45801,ECG,6590,1288,0,0,0,0,0
45801,ECG,6591,1567,0,0,0,0,0
45806,ECG,6592,1917,0,0,0,0,0
45806,ECG,6593,2303,0,0,0,0,0
45811,ECG,6594,2551,0,0,0,0,0
45811,ECG,6595,2433,0,0,0,0,0
45811,ECG,6596,2089,0,0,0,0,0
45816,ECG,6597,1676,0,0,0,0,0
45816,ECG,6598,1279,0,0,0,0,0
45821,ECG,6599,1062,0,0,0,0,0
45821,ECG,6600,1220,0,0,0,0,0
45826,ECG,6601,1600,0,0,0,0,0
45826,ECG,6602,2022,0,0,0,0,0
45831,ECG,6603,2212,0,0,0,0,0
45831,ECG,6604,1977,0,0,0,0,0
45836,ECG,6605,1518,0,0,0,0,0
45836,ECG,6606,1104,0,0,0,0,0
45836,ECG,6607,893,0,0,0,0,0
45841,ECG,6608,864,0,0,0,0,0
45841,ECG,6609,1033,0,0,0,0,0
45846,ECG,6610,1421,0,0,0,0,0
45846,ECG,6611,1882,0,0,0,0,0
45846,ECG,6612,2194,0,0,0,0,0
45851,ECG,6613,2285,0,0,0,0,0
45851,ECG,6614,2094,0,0,0,0,0
45856,ECG,6615,1676,0,0,0,0,0
45856,ECG,6616,1259,0,0,0,0,0
45856,ECG,6617,948,0,0,0,0,0
45861,ECG,6618,797,0,0,0,0,0
45861,ECG,6619,925,0,0,0,0,0
45862,ECG,6620,1241,0,0,0,0,0
45866,ECG,6621,1522,0,0,0,0,0
45866,ECG,6622,1770,0,0,0,0,0
45871,ECG,6623,1843,0,0,0,0,0
45871,ECG,6624,1513,0,0,0,0,0
45876,ECG,6625,664,0,0,0,0,0
45876,ECG,6626,353,0,0,0,0,0
45881,ECG,6627,324,0,0,0,0,0
45881,ECG,6628,563,0,0,0,0,0
45881,ECG,6629,941,0,0,0,0,0
45886,ECG,6630,1517,0,0,0,0,0
45886,ECG,6631,2018,0,0,0,0,0
45891,ECG,6632,2152,0,0,0,0,0
45891,ECG,6633,2082,0,0,0,0,0
45891,ECG,6634,1783,0,0,0,0,0
45896,ECG,6635,1290,0,0,0,0,0
45896,ECG,6636,861,0,0,0,0,0
45901,ECG,6637,586,0,0,0,0,0
45901,ECG,6638,781,0,0,0,0,0
45906,ECG,6639,1145,0,0,0,0,0
45906,ECG,6640,1555,0,0,0,0,0
45911,ECG,6641,1851,0,0,0,0,0
45911,ECG,6642,1489,0,0,0,0,0
45916,ECG,6643,1002,0,0,0,0,0
45916,ECG,6644,559,0,0,0,0,0
45916,ECG,6645,271,0,0,0,0,0
45921,ECG,6646,244,0,0,0,0,0
45921,ECG,6647,509,0,0,0,0,0
45926,ECG,6648,970,0,0,0,0,0
45926,ECG,6649,1430,0,0,0,0,0
45926,ECG,6650,1750,0,0,0,0,0
45931,ECG,6651,1818,0,0,0,0,0
45931,ECG,6652,1525,0,0,0,0,0
45936,ECG,6653,961,0,0,0,0,0
45936,ECG,6654,396,0,0,0,0,0
45936,ECG,6655,11,0,0,0,0,0
46943,ECG,6656,0,0,0,0,0,0
46943,ECG,6657,-1,0,0,0,0,0
46943,ECG,6658,-6,0,0,0,0,0
46948,ECG,6659,2,0,0,0,0,0
46948,ECG,6660,6,0,0,0,0,0
46953,ECG,6661,39,0,0,0,0,0
46953,ECG,6662,-18,0,0,0,0,0
46958,ECG,6663,-27,0,0,0,0,0
46958,ECG,6664,152,0,0,0,0,0
46963,ECG,6665,-2074,0,0,0,0,0
46963,ECG,6666,-1705,0,0,0,0,0
46968,ECG,6667,134,0,0,0,0,0
46968,ECG,6668,3412,0,0,0,0,0
46968,ECG,6669,8491,0,0,0,0,0
46973,ECG,6670,14497,0,0,0,0,0
46973,ECG,6671,20483,0,0,0,0,0
46978,ECG,6672,25729,0,0,0,0,0
46978,ECG,6673,29370,0,0,0,0,0
46978,ECG,6674,31428,0,0,0,0,0
46983,ECG,6675,31847,0,0,0,0,0
46983,ECG,6676,31600,0,0,0,0,0
46988,ECG,6677,30695,0,0,0,0,0
46988,ECG,6678,30793,0,0,0,0,0
46988,ECG,6679,30671,0,0,0,0,0
46993,ECG,6680,30054,0,0,0,0,0
46993,ECG,6681,29437,0,0,0,0,0
46994,ECG,6682,28765,0,0,0,0,0
46998,ECG,6683,28267,0,0,0,0,0
46998,ECG,6684,28104,0,0,0,0,0
47003,ECG,6685,28230,0,0,0,0,0
47003,ECG,6686,28579,0,0,0,0,0
47003,ECG,6687,28982,0,0,0,0,0
47008,ECG,6688,29270,0,0,0,0,0
47008,ECG,6689,29192,0,0,0,0,0
47013,ECG,6690,28624,0,0,0,0,0
47013,ECG,6691,27865,0,0,0,0,0
47013,ECG,6692,27166,0,0,0,0,0
47018,ECG,6693,26571,0,0,0,0,0
47018,ECG,6694,26231,0,0,0,0,0
47023,ECG,6695,26297,0,0,0,0,0
47023,ECG,6696,26606,0,0,0,0,0
47023,ECG,6697,26917,0,0,0,0,0
47028,ECG,6698,27186,0,0,0,0,0
47028,ECG,6699,27292,0,0,0,0,0
47033,ECG,6700,26462,0,0,0,0,0
47033,ECG,6701,25810,0,0,0,0,0
47038,ECG,6702,25260,0,0,0,0,0
47038,ECG,6703,24960,0,0,0,0,0
47043,ECG,6704,24925,0,0,0,0,0
47043,ECG,6705,25182,0,0,0,0,0
47048,ECG,6706,25483,0,0,0,0,0
47048,ECG,6707,25418,0,0,0,0,0
47048,ECG,6708,25168,0,0,0,0,0
47053,ECG,6709,24851,0,0,0,0,0
47053,ECG,6710,24332,0,0,0,0,0
47058,ECG,6711,23791,0,0,0,0,0
47058,ECG,6712,23485,0,0,0,0,0
47058,ECG,6713,23442,0,0,0,0,0
47063,ECG,6714,23569,0,0,0,0,0
47063,ECG,6715,23792,0,0,0,0,0
47068,ECG,6716,23965,0,0,0,0,0
47068,ECG,6717,23977,0,0,0,0,0
47068,ECG,6718,23720,0,0,0,0,0
47073,ECG,6719,23120,0,0,0,0,0
47073,ECG,6720,22448,0,0,0,0,0
47074,ECG,6721,21992,0,0,0,0,0
47078,ECG,6722,21737,0,0,0,0,0
47078,ECG,6723,21654,0,0,0,0,0
47083,ECG,6724,21782,0,0,0,0,0
47083,ECG,6725,22003,0,0,0,0,0
47088,ECG,6726,22396,0,0,0,0,0
47088,ECG,6727,22312,0,0,0,0,0
47093,ECG,6728,21915,0,0,0,0,0
47093,ECG,6729,21378,0,0,0,0,0
47093,ECG,6730,20871,0,0,0,0,0
47098,ECG,6731,20499,0,0,0,0,0
47098,ECG,6732,20362,0,0,0,0,0
47103,ECG,6733,20430,0,0,0,0,0
47103,ECG,6734,20612,0,0,0,0,0
47103,ECG,6735,20978,0,0,0,0,0
47108,ECG,6736,21302,0,0,0,0,0
47108,ECG,6737,21394,0,0,0,0,0
47113,ECG,6738,20759,0,0,0,0,0
47113,ECG,6739,20137,0,0,0,0,0
47118,ECG,6740,19651,0,0,0,0,0
47118,ECG,6741,19353,0,0,0,0,0
47123,ECG,6742,19437,0,0,0,0,0
47123,ECG,6743,19709,0,0,0,0,0
47128,ECG,6744,20002,0,0,0,0,0
47128,ECG,6745,20116,0,0,0,0,0
47128,ECG,6746,19933,0,0,0,0,0
47133,ECG,6747,19523,0,0,0,0,0
47133,ECG,6748,19117,0,0,0,0,0
47138,ECG,6749,18783,0,0,0,0,0
47138,ECG,6750,18568,0,0,0,0,0
47138,ECG,6751,18564,0,0,0,0,0
47143,ECG,6752,18713,0,0,0,0,0
47143,ECG,6753,18882,0,0,0,0,0
47148,ECG,6754,19025,0,0,0,0,0
47148,ECG,6755,19034,0,0,0,0,0
47148,ECG,6756,18716,0,0,0,0,0
47153,ECG,6757,18182,0,0,0,0,0
47153,ECG,6758,17660,0,0,0,0,0
47158,ECG,6759,16830,0,0,0,0,0
47158,ECG,6760,16708,0,0,0,0,0
47163,ECG,6761,16755,0,0,0,0,0
47163,ECG,6762,17027,0,0,0,0,0
47168,ECG,6763,17503,0,0,0,0,0
47168,ECG,6764,17496,0,0,0,0,0
47173,ECG,6765,17314,0,0,0,0,0
47173,ECG,6766,16881,0,0,0,0,0
47173,ECG,6767,16505,0,0,0,0,0
47178,ECG,6768,16281,0,0,0,0,0
47178,ECG,6769,16094,0,0,0,0,0
47183,ECG,6770,16088,0,0,0,0,0
47183,ECG,6771,16319,0,0,0,0,0
47183,ECG,6772,16582,0,0,0,0,0
47188,ECG,6773,16736,0,0,0,0,0
47188,ECG,6774,16676,0,0,0,0,0
47193,ECG,6775,15707,0,0,0,0,0
47193,ECG,6776,15195,0,0,0,0,0
47198,ECG,6777,14738,0,0,0,0,0
47198,ECG,6778,14481,0,0,0,0,0
47199,ECG,6779,14555,0,0,0,0,0
47203,ECG,6780,14814,0,0,0,0,0
47203,ECG,6781,15149,0,0,0,0,0
47208,ECG,6782,15489,0,0,0,0,0
47208,ECG,6783,15553,0,0,0,0,0
47208,ECG,6784,15205,0,0,0,0,0
47213,ECG,6785,14682,0,0,0,0,0
47213,ECG,6786,14154,0,0,0,0,0
47218,ECG,6787,13699,0,0,0,0,0
47218,ECG,6788,13510,0,0,0,0,0
47218,ECG,6789,13563,0,0,0,0,0
47223,ECG,6790,13780,0,0,0,0,0
47223,ECG,6791,14173,0,0,0,0,0
47228,ECG,6792,14524,0,0,0,0,0
47228,ECG,6793,14649,0,0,0,0,0
47228,ECG,6794,14560,0,0,0,0,0
47233,ECG,6795,14275,0,0,0,0,0
47233,ECG,6796,13805,0,0,0,0,0
47238,ECG,6797,13005,0,0,0,0,0
47238,ECG,6798,12843,0,0,0,0,0
47243,ECG,6799,12878,0,0,0,0,0
47243,ECG,6800,13058,0,0,0,0,0
47248,ECG,6801,13386,0,0,0,0,0
47248,ECG,6802,13257,0,0,0,0,0
47253,ECG,6803,12812,0,0,0,0,0
47253,ECG,6804,12233,0,0,0,0,0
47253,ECG,6805,11681,0,0,0,0,0
47258,ECG,6806,11268,0,0,0,0,0
47258,ECG,6807,11111,0,0,0,0,0
47263,ECG,6808,11344,0,0,0,0,0
47263,ECG,6809,11796,0,0,0,0,0
47263,ECG,6810,12336,0,0,0,0,0
47268,ECG,6811,12790,0,0,0,0,0
47268,ECG,6812,12879,0,0,0,0,0
47273,ECG,6813,12372,0,0,0,0,0
47273,ECG,6814,11789,0,0,0,0,0
47278,ECG,6815,11311,0,0,0,0,0
47278,ECG,6816,11055,0,0,0,0,0
47279,ECG,6817,10977,0,0,0,0,0
47283,ECG,6818,11134,0,0,0,0,0
47283,ECG,6819,11556,0,0,0,0,0
47288,ECG,6820,11931,0,0,0,0,0
47288,ECG,6821,12131,0,0,0,0,0
47288,ECG,6822,12141,0,0,0,0,0
47293,ECG,6823,11791,0,0,0,0,0
47293,ECG,6824,11375,0,0,0,0,0
47298,ECG,6825,11017,0,0,0,0,0
47298,ECG,6826,10669,0,0,0,0,0
47298,ECG,6827,10584,0,0,0,0,0
47303,ECG,6828,10760,0,0,0,0,0
47303,ECG,6829,11046,0,0,0,0,0
47308,ECG,6830,11441,0,0,0,0,0
47308,ECG,6831,11746,0,0,0,0,0
47308,ECG,6832,11672,0,0,0,0,0
47313,ECG,6833,11357,0,0,0,0,0
47313,ECG,6834,10825,0,0,0,0,0
47318,ECG,6835,9870,0,0,0,0,0
47318,ECG,6836,9721,0,0,0,0,0
47323,ECG,6837,9785,0,0,0,0,0
47323,ECG,6838,10019,0,0,0,0,0
47328,ECG,6839,10781,0,0,0,0,0
47328,ECG,6840,10788,0,0,0,0,0
47333,ECG,6841,10512,0,0,0,0,0
47333,ECG,6842,9916,0,0,0,0,0
47333,ECG,6843,9269,0,0,0,0,0
47338,ECG,6844,8834,0,0,0,0,0
47338,ECG,6845,8661,0,0,0,0,0
47343,ECG,6846,8751,0,0,0,0,0
47343,ECG,6847,9104,0,0,0,0,0
47343,ECG,6848,9606,0,0,0,0,0
47348,ECG,6849,10077,0,0,0,0,0
47348,ECG,6850,10348,0,0,0,0,0
47353,ECG,6851,10203,0,0,0,0,0
47353,ECG,6852,9778,0,0,0,0,0
47353,ECG,6853,9367,0,0,0,0,0
47358,ECG,6854,8981,0,0,0,0,0
47358,ECG,6855,8740,0,0,0,0,0
47359,ECG,6856,8865,0,0,0,0,0
47363,ECG,6857,9112,0,0,0,0,0
47363,ECG,6858,9265,0,0,0,0,0
47368,ECG,6859,9484,0,0,0,0,0
47368,ECG,6860,9605,0,0,0,0,0
47373,ECG,6861,8788,0,0,0,0,0
47373,ECG,6862,8238,0,0,0,0,0
47378,ECG,6863,7861,0,0,0,0,0
47378,ECG,6864,7719,0,0,0,0,0
47378,ECG,6865,7762,0,0,0,0,0
47383,ECG,6866,7997,0,0,0,0,0
47383,ECG,6867,8541,0,0,0,0,0
47388,ECG,6868,8938,0,0,0,0,0
47388,ECG,6869,9048,0,0,0,0,0
47388,ECG,6870,9150,0,0,0,0,0
47393,ECG,6871,8893,0,0,0,0,0
47393,ECG,6872,8286,0,0,0,0,0
47398,ECG,6873,7515,0,0,0,0,0
47398,ECG,6874,7422,0,0,0,0,0
47403,ECG,6875,7470,0,0,0,0,0
47403,ECG,6876,7619,0,0,0,0,0
47408,ECG,6877,8318,0,0,0,0,0
47408,ECG,6878,8292,0,0,0,0,0
47413,ECG,6879,7979,0,0,0,0,0
47413,ECG,6880,7686,0,0,0,0,0
47413,ECG,6881,7268,0,0,0,0,0
47418,ECG,6882,6930,0,0,0,0,0
47418,ECG,6883,6907,0,0,0,0,0
47423,ECG,6884,7131,0,0,0,0,0
47423,ECG,6885,7411,0,0,0,0,0
47423,ECG,6886,7709,0,0,0,0,0
47428,ECG,6887,7897,0,0,0,0,0
47428,ECG,6888,7856,0,0,0,0,0
47433,ECG,6889,7619,0,0,0,0,0
47433,ECG,6890,6931,0,0,0,0,0
47433,ECG,6891,6122,0,0,0,0,0
47438,ECG,6892,5667,0,0,0,0,0
47438,ECG,6893,5474,0,0,0,0,0
47443,ECG,6894,5906,0,0,0,0,0
47443,ECG,6895,6571,0,0,0,0,0
47448,ECG,6896,7110,0,0,0,0,0
47448,ECG,6897,7430,0,0,0,0,0
47453,ECG,6898,7353,0,0,0,0,0
47453,ECG,6899,7077,0,0,0,0,0
47458,ECG,6900,6760,0,0,0,0,0
47458,ECG,6901,6511,0,0,0,0,0
47458,ECG,6902,6567,0,0,0,0,0
47463,ECG,6903,6733,0,0,0,0,0
47463,ECG,6904,6908,0,0,0,0,0
47468,ECG,6905,7155,0,0,0,0,0
47468,ECG,6906,7298,0,0,0,0,0
47468,ECG,6907,7153,0,0,0,0,0
47473,ECG,6908,6820,0,0,0,0,0
47473,ECG,6909,6466,0,0,0,0,0
47478,ECG,6910,5880,0,0,0,0,0
47478,ECG,6911,5836,0,0,0,0,0
47483,ECG,6912,5957,0,0,0,0,0
47483,ECG,6913,6230,0,0,0,0,0
47488,ECG,6914,6666,0,0,0,0,0
47488,ECG,6915,6599,0,0,0,0,0
47493,ECG,6916,6296,0,0,0,0,0
47493,ECG,6917,5904,0,0,0,0,0
47493,ECG,6918,5549,0,0,0,0,0
47498,ECG,6919,5290,0,0,0,0,0
47498,ECG,6920,5293,0,0,0,0,0
47503,ECG,6921,5516,0,0,0,0,0
47503,ECG,6922,5839,0,0,0,0,0
47503,ECG,6923,6178,0,0,0,0,0
47508,ECG,6924,6429,0,0,0,0,0
47508,ECG,6925,6471,0,0,0,0,0
47513,ECG,6926,6145,0,0,0,0,0
47513,ECG,6927,5623,0,0,0,0,0
47513,ECG,6928,5194,0,0,0,0,0
47518,ECG,6929,4891,0,0,0,0,0
47518,ECG,6930,4759,0,0,0,0,0
47523,ECG,6931,5168,0,0,0,0,0
47523,ECG,6932,5634,0,0,0,0,0
47528,ECG,6933,5980,0,0,0,0,0
47528,ECG,6934,5989,0,0,0,0,0
47533,ECG,6935,5288,0,0,0,0,0
47533,ECG,6936,4683,0,0,0,0,0
47538,ECG,6937,4226,0,0,0,0,0
47538,ECG,6938,4060,0,0,0,0,0
47538,ECG,6939,4170,0,0,0,0,0
47543,ECG,6940,4506,0,0,0,0,0
47543,ECG,6941,4923,0,0,0,0,0
47548,ECG,6942,5467,0,0,0,0,0
47548,ECG,6943,5850,0,0,0,0,0
47548,ECG,6944,5684,0,0,0,0,0
47553,ECG,6945,5206,0,0,0,0,0
47553,ECG,6946,4728,0,0,0,0,0
47558,ECG,6947,4005,0,0,0,0,0
47558,ECG,6948,4029,0,0,0,0,0
47563,ECG,6949,4263,0,0,0,0,0
47563,ECG,6950,4661,0,0,0,0,0
47564,ECG,6951,5131,0,0,0,0,0
47568,ECG,6952,5300,0,0,0,0,0
47568,ECG,6953,5212,0,0,0,0,0
47573,ECG,6954,4834,0,0,0,0,0
47573,ECG,6955,4192,0,0,0,0,0
47573,ECG,6956,3762,0,0,0,0,0
47578,ECG,6957,3649,0,0,0,0,0
47578,ECG,6958,3712,0,0,0,0,0
47583,ECG,6959,4021,0,0,0,0,0
47583,ECG,6960,4546,0,0,0,0,0
47583,ECG,6961,4984,0,0,0,0,0
47588,ECG,6962,5280,0,0,0,0,0
47588,ECG,6963,5258,0,0,0,0,0
47593,ECG,6964,4943,0,0,0,0,0
47593,ECG,6965,4323,0,0,0,0,0
47593,ECG,6966,3766,0,0,0,0,0
47598,ECG,6967,3350,0,0,0,0,0
47598,ECG,6968,3164,0,0,0,0,0
47603,ECG,6969,3564,0,0,0,0,0
47603,ECG,6970,4071,0,0,0,0,0
47608,ECG,6971,4667,0,0,0,0,0
47608,ECG,6972,4941,0,0,0,0,0
47613,ECG,6973,4342,0,0,0,0,0
47613,ECG,6974,3766,0,0,0,0,0
47618,ECG,6975,3270,0,0,0,0,0
47618,ECG,6976,3017,0,0,0,0,0
47618,ECG,6977,3075,0,0,0,0,0
47623,ECG,6978,3341,0,0,0,0,0
47623,ECG,6979,3780,0,0,0,0,0
47628,ECG,6980,4290,0,0,0,0,0
47628,ECG,6981,4614,0,0,0,0,0
47628,ECG,6982,4658,0,0,0,0,0
47633,ECG,6983,4267,0,0,0,0,0
47633,ECG,6984,3659,0,0,0,0,0
47638,ECG,6985,3236,0,0,0,0,0
47638,ECG,6986,2993,0,0,0,0,0
47638,ECG,6987,2935,0,0,0,0,0
47643,ECG,6988,3146,0,0,0,0,0
47643,ECG,6989,3527,0,0,0,0,0
47644,ECG,6990,3960,0,0,0,0,0
47648,ECG,6991,4359,0,0,0,0,0
47648,ECG,6992,4461,0,0,0,0,0
47653,ECG,6993,4185,0,0,0,0,0
47653,ECG,6994,3724,0,0,0,0,0
47658,ECG,6995,2875,0,0,0,0,0
47658,ECG,6996,2784,0,0,0,0,0
47663,ECG,6997,2897,0,0,0,0,0
47663,ECG,6998,3209,0,0,0,0,0
47663,ECG,6999,3678,0,0,0,0,0
47668,ECG,7000,4106,0,0,0,0,0
47668,ECG,7001,4260,0,0,0,0,0
47673,ECG,7002,4153,0,0,0,0,0
47673,ECG,7003,3702,0,0,0,0,0
47673,ECG,7004,3181,0,0,0,0,0
47678,ECG,7005,2809,0,0,0,0,0
47678,ECG,7006,2620,0,0,0,0,0
47683,ECG,7007,2945,0,0,0,0,0
47683,ECG,7008,3274,0,0,0,0,0
47688,ECG,7009,3670,0,0,0,0,0
47688,ECG,7010,3901,0,0,0,0,0
47693,ECG,7011,3202,0,0,0,0,0
47693,ECG,7012,2592,0,0,0,0,0
47698,ECG,7013,2114,0,0,0,0,0
47698,ECG,7014,1857,0,0,0,0,0
47698,ECG,7015,1923,0,0,0,0,0
47703,ECG,7016,2226,0,0,0,0,0
47703,ECG,7017,2782,0,0,0,0,0
47708,ECG,7018,3270,0,0,0,0,0
47708,ECG,7019,3414,0,0,0,0,0
47708,ECG,7020,3378,0,0,0,0,0
47713,ECG,7021,3047,0,0,0,0,0
47713,ECG,7022,2463,0,0,0,0,0
47718,ECG,7023,2009,0,0,0,0,0
47718,ECG,7024,1859,0,0,0,0,0
47718,ECG,7025,2026,0,0,0,0,0
47723,ECG,7026,2377,0,0,0,0,0
47723,ECG,7027,2821,0,0,0,0,0
47728,ECG,7028,3549,0,0,0,0,0
47728,ECG,7029,3434,0,0,0,0,0
47733,ECG,7030,3019,0,0,0,0,0
47733,ECG,7031,2543,0,0,0,0,0
47738,ECG,7032,1859,0,0,0,0,0
47738,ECG,7033,1856,0,0,0,0,0
47743,ECG,7034,2076,0,0,0,0,0
47743,ECG,7035,2464,0,0,0,0,0
47743,ECG,7036,2950,0,0,0,0,0
47748,ECG,7037,3334,0,0,0,0,0
47748,ECG,7038,3455,0,0,0,0,0
47753,ECG,7039,3233,0,0,0,0,0
47753,ECG,7040,2838,0,0,0,0,0
47753,ECG,7041,2448,0,0,0,0,0
47758,ECG,7042,2070,0,0,0,0,0
47758,ECG,7043,1885,0,0,0,0,0
47763,ECG,7044,2084,0,0,0,0,0
47763,ECG,7045,2508,0,0,0,0,0
47768,ECG,7046,2921,0,0,0,0,0
47768,ECG,7047,3142,0,0,0,0,0
47773,ECG,7048,2714,0,0,0,0,0
47773,ECG,7049,2227,0,0,0,0,0
47778,ECG,7050,1884,0,0,0,0,0
47778,ECG,7051,1630,0,0,0,0,0
47778,ECG,7052,1568,0,0,0,0,0
47783,ECG,7053,1838,0,0,0,0,0
47783,ECG,7054,2305,0,0,0,0,0
47788,ECG,7055,2737,0,0,0,0,0
47788,ECG,7056,3031,0,0,0,0,0
47788,ECG,7057,2930,0,0,0,0,0
47793,ECG,7058,2392,0,0,0,0,0
47793,ECG,7059,1783,0,0,0,0,0
47798,ECG,7060,1239,0,0,0,0,0
47798,ECG,7061,934,0,0,0,0,0
47798,ECG,7062,1038,0,0,0,0,0
47803,ECG,7063,1337,0,0,0,0,0
47803,ECG,7064,1796,0,0,0,0,0
47808,ECG,7065,2768,0,0,0,0,0
47808,ECG,7066,2749,0,0,0,0,0
47813,ECG,7067,2463,0,0,0,0,0
47813,ECG,7068,2012,0,0,0,0,0
47818,ECG,7069,1341,0,0,0,0,0
47818,ECG,7070,1314,0,0,0,0,0
47823,ECG,7071,1518,0,0,0,0,0
47823,ECG,7072,1933,0,0,0,0,0
47823,ECG,7073,2321,0,0,0,0,0
47828,ECG,7074,2684,0,0,0,0,0
47828,ECG,7075,2913,0,0,0,0,0
47833,ECG,7076,2723,0,0,0,0,0
47833,ECG,7077,2206,0,0,0,0,0
47833,ECG,7078,1641,0,0,0,0,0
47838,ECG,7079,1175,0,0,0,0,0
47838,ECG,7080,973,0,0,0,0,0
47843,ECG,7081,1040,0,0,0,0,0
47843,ECG,7082,1414,0,0,0,0,0
47848,ECG,7083,1876,0,0,0,0,0
47848,ECG,7084,2011,0,0,0,0,0
47849,ECG,7085,1866,0,0,0,0,0
47853,ECG,7086,1563,0,0,0,0,0
47853,ECG,7087,1143,0,0,0,0,0
47858,ECG,7088,832,0,0,0,0,0
47858,ECG,7089,772,0,0,0,0,0
47858,ECG,7090,1000,0,0,0,0,0
47863,ECG,7091,1506,0,0,0,0,0
47863,ECG,7092,2001,0,0,0,0,0
47868,ECG,7093,2334,0,0,0,0,0
47868,ECG,7094,2583,0,0,0,0,0
47868,ECG,7095,2547,0,0,0,0,0
47873,ECG,7096,2130,0,0,0,0,0
47873,ECG,7097,1620,0,0,0,0,0
47878,ECG,7098,1261,0,0,0,0,0
47878,ECG,7099,1118,0,0,0,0,0
47878,ECG,7100,1190,0,0,0,0,0
47883,ECG,7101,1426,0,0,0,0,0
47883,ECG,7102,1811,0,0,0,0,0
47888,ECG,7103,2407,0,0,0,0,0
47888,ECG,7104,2263,0,0,0,0,0
47893,ECG,7105,1850,0,0,0,0,0
47893,ECG,7106,1290,0,0,0,0,0
47898,ECG,7107,585,0,0,0,0,0
47898,ECG,7108,551,0,0,0,0,0
47903,ECG,7109,872,0,0,0,0,0
47903,ECG,7110,1390,0,0,0,0,0
47903,ECG,7111,1872,0,0,0,0,0
47908,ECG,7112,2163,0,0,0,0,0
47908,ECG,7113,2050,0,0,0,0,0
47913,ECG,7114,1505,0,0,0,0,0
47913,ECG,7115,859,0,0,0,0,0
47913,ECG,7116,301,0,0,0,0,0
47918,ECG,7117,-27,0,0,0,0,0
47918,ECG,7118,46,0,0,0,0,0
47923,ECG,7119,466,0,0,0,0,0
47923,ECG,7120,1056,0,0,0,0,0
47923,ECG,7121,1693,0,0,0,0,0
47928,ECG,7122,2171,0,0,0,0,0
47928,ECG,7123,2285,0,0,0,0,0
47929,ECG,7124,2106,0,0,0,0,0
47933,ECG,7125,1706,0,0,0,0,0
47933,ECG,7126,1287,0,0,0,0,0
47938,ECG,7127,1047,0,0,0,0,0
47938,ECG,7128,999,0,0,0,0,0
47938,ECG,7129,1141,0,0,0,0,0
47943,ECG,7130,1363,0,0,0,0,0
47943,ECG,7131,1686,0,0,0,0,0
47948,ECG,7132,2002,0,0,0,0,0
47948,ECG,7133,2107,0,0,0,0,0
47948,ECG,7134,1916,0,0,0,0,0
47953,ECG,7135,1468,0,0,0,0,0
47953,ECG,7136,1080,0,0,0,0,0
47958,ECG,7137,760,0,0,0,0,0
47958,ECG,7138,475,0,0,0,0,0
47958,ECG,7139,429,0,0,0,0,0
47963,ECG,7140,730,0,0,0,0,0
47963,ECG,7141,1169,0,0,0,0,0
47968,ECG,7142,1597,0,0,0,0,0
47968,ECG,7143,1763,0,0,0,0,0
47973,ECG,7144,1524,0,0,0,0,0
47973,ECG,7145,1007,0,0,0,0,0
47978,ECG,7146,316,0,0,0,0,0
47978,ECG,7147,258,0,0,0,0,0
47983,ECG,7148,276,0,0,0,0,0
47983,ECG,7149,571,0,0,0,0,0
47983,ECG,7150,1159,0,0,0,0,0
47988,ECG,7151,1676,0,0,0,0,0
47988,ECG,7152,1926,0,0,0,0,0
47993,ECG,7153,1910,0,0,0,0,0
47993,ECG,7154,1606,0,0,0,0,0
47993,ECG,7155,1093,0,0,0,0,0
47998,ECG,7156,580,0,0,0,0,0
47998,ECG,7157,268,0,0,0,0,0
48003,ECG,7158,270,0,0,0,0,0
48003,ECG,7159,596,0,0,0,0,0
48003,ECG,7160,1054,0,0,0,0,0
48008,ECG,7161,1540,0,0,0,0,0
48008,ECG,7162,1894,0,0,0,0,0
48009,ECG,7163,1801,0,0,0,0,0
42803,PPG,300,129067,60583,0,0,0,0
42882,PPG,301,129059,60589,0,0,0,0
42970,PPG,302,129064,60575,0,0,0,0
43042,PPG,303,129069,60584,0,0,0,0
43119,PPG,304,129066,60593,0,0,0,0
43198,PPG,305,129066,60575,0,0,0,0
43278,PPG,306,129069,60587,0,0,0,0
43357,PPG,307,129077,60581,0,0,0,0
43450,PPG,308,129069,60585,0,0,0,0
43521,PPG,309,129055,60584,0,0,0,0
43598,PPG,310,129059,60577,0,0,0,0
43676,PPG,311,129065,60572,0,0,0,0
43755,PPG,312,129072,60584,0,0,0,0
43835,PPG,313,129059,60573,0,0,0,0
43929,PPG,314,129058,60574,0,0,0,0
43999,PPG,315,129072,60570,0,0,0,0
44079,PPG,316,129071,60579,0,0,0,0
44155,PPG,317,129055,60576,0,0,0,0
44234,PPG,318,129080,60580,0,0,0,0
44312,PPG,319,129072,60576,0,0,0,0
44391,PPG,320,129048,60584,0,0,0,0
44471,PPG,321,129074,60578,0,0,0,0
44554,PPG,322,129066,60578,0,0,0,0
44632,PPG,323,129068,60587,0,0,0,0
44710,PPG,324,129073,60579,0,0,0,0
44789,PPG,325,129075,60583,0,0,0,0
44869,PPG,326,129079,60587,0,0,0,0
44949,PPG,327,129067,60582,0,0,0,0
45028,PPG,328,129071,60575,0,0,0,0
45112,PPG,329,129072,60575,0,0,0,0
45188,PPG,330,129069,60588,0,0,0,0
45267,PPG,331,129075,60582,0,0,0,0
45346,PPG,332,129064,60597,0,0,0,0
45425,PPG,333,129069,60580,0,0,0,0
45505,PPG,334,129069,60579,0,0,0,0
45589,PPG,335,129074,60573,0,0,0,0
45668,PPG,336,129073,60581,0,0,0,0
45744,PPG,337,129066,60575,0,0,0,0
45824,PPG,338,129065,60576,0,0,0,0
45903,PPG,339,129075,60572,0,0,0,0
45982,PPG,340,129067,60583,0,0,0,0
46062,PPG,341,129077,60582,0,0,0,0
46145,PPG,342,129071,60583,0,0,0,0
46222,PPG,343,129067,60568,0,0,0,0
46300,PPG,344,129065,60574,0,0,0,0
46380,PPG,345,129061,60574,0,0,0,0
46459,PPG,346,129060,60566,0,0,0,0
46539,PPG,347,129066,60567,0,0,0,0
46619,PPG,348,129059,60585,0,0,0,0
46701,PPG,349,129069,60588,0,0,0,0
46780,PPG,350,129070,60583,0,0,0,0
46859,PPG,351,129069,60583,0,0,0,0
46940,PPG,352,129067,60580,0,0,0,0
47016,PPG,353,129066,60566,0,0,0,0
47096,PPG,354,129060,60581,0,0,0,0
47180,PPG,355,129068,60579,0,0,0,0
47257,PPG,356,129070,60575,0,0,0,0
47335,PPG,357,129071,60568,0,0,0,0
47414,PPG,358,129077,60578,0,0,0,0
47494,PPG,359,129072,60567,0,0,0,0
47574,PPG,360,129046,60589,0,0,0,0
47653,PPG,361,129057,60580,0,0,0,0
47736,PPG,362,129075,60584,0,0,0,0
47813,PPG,363,129062,60580,0,0,0,0
47891,PPG,364,129059,60586,0,0,0,0
47971,PPG,365,129056,60586,0,0,0,0
48050,PPG,366,129073,60575,0,0,0,0
48130,PPG,367,129073,60574,0,0,0,0
48213,PPG,368,129057,60576,0,0,0,0
48291,PPG,369,129063,60582,0,0,0,0
48369,PPG,370,129064,60581,0,0,0,0
48448,PPG,371,129068,60587,0,0,0,0
48528,PPG,372,129060,60578,0,0,0,0
48607,PPG,373,129065,60586,0,0,0,0
48687,PPG,374,129067,60566,0,0,0,0
48770,PPG,375,129050,60582,0,0,0,0
48847,PPG,376,129055,60575,0,0,0,0
48925,PPG,377,129063,60566,0,0,0,0
49005,PPG,378,129066,60578,0,0,0,0
46795,IMU,1456,1240,-228,8404,-80,48,41
46816,IMU,1457,1100,-316,8460,-85,51,48
46833,IMU,1458,1192,-264,8428,-91,65,37
46852,IMU,1459,1196,-200,8380,-95,41,61
46872,IMU,1460,1176,-232,8372,-90,63,40
46891,IMU,1461,1136,-312,8372,-92,58,39
46910,IMU,1462,1136,-296,8456,-92,62,39
46929,IMU,1463,1224,-192,8448,-101,61,60
46949,IMU,1464,1100,-252,8392,-90,44,45
46967,IMU,1465,1252,-204,8464,-113,79,39
46987,IMU,1466,1196,-304,8376,-87,69,38
47006,IMU,1467,1204,-216,8432,-94,63,50
47025,IMU,1468,1192,-268,8428,-62,71,41
47044,IMU,1469,1144,-256,8420,-86,59,29
47064,IMU,1470,1132,-200,8432,-98,74,38
47082,IMU,1471,1096,-376,8372,-85,50,38
47102,IMU,1472,1136,-244,8476,-91,49,36
47121,IMU,1473,1124,-328,8524,-98,60,45
47140,IMU,1474,1140,-236,8380,-97,75,47
47159,IMU,1475,1104,-264,8504,-77,58,38
47180,IMU,1476,1220,-220,8400,-95,65,37
47197,IMU,1477,1200,-248,8420,-99,81,37
47217,IMU,1478,1184,-224,8284,-84,68,45
47236,IMU,1479,1108,-244,8428,-77,45,52
47255,IMU,1480,1152,-264,8460,-73,61,39
47274,IMU,1481,1252,-208,8468,-86,69,28
47295,IMU,1482,1192,-248,8444,-93,45,44
47312,IMU,1483,1168,-284,8324,-94,60,52
47332,IMU,1484,1152,-208,8456,-89,58,42
47351,IMU,1485,1256,-248,8368,-85,56,38
47370,IMU,1486,1104,-280,8452,-88,63,52
47389,IMU,1487,1088,-248,8392,-96,63,53
47408,IMU,1488,1188,-200,8456,-79,63,44
47427,IMU,1489,1192,-236,8452,-99,57,44
47447,IMU,1490,1268,-196,8384,-118,61,44
47466,IMU,1491,1164,-156,8448,-92,59,46
47485,IMU,1492,1240,-296,8396,-74,73,51
47504,IMU,1493,1152,-264,8436,-92,53,47
47523,IMU,1494,1156,-364,8448,-97,62,57
47542,IMU,1495,1208,-284,8500,-79,50,35
47562,IMU,1496,1108,-144,8448,-101,63,24
47581,IMU,1497,1144,-248,8456,-82,46,45
47600,IMU,1498,1180,-284,8520,-79,56,43
47619,IMU,1499,1176,-304,8440,-83,41,42
47638,IMU,1500,1148,-288,8436,-88,65,37
47657,IMU,1501,1208,-316,8436,-88,60,38
47677,IMU,1502,1092,-308,8488,-104,60,39
47696,IMU,1503,1112,-252,8408,-85,49,42
47715,IMU,1504,1192,-240,8388,-81,69,41
47736,IMU,1505,1104,-220,8336,-96,54,45
47753,IMU,1506,1220,-336,8392,-81,52,53
47774,IMU,1507,1088,-260,8380,-94,61,52
47791,IMU,1508,1128,-284,8404,-87,61,55
47811,IMU,1509,1144,-284,8416,-96,53,46
47830,IMU,1510,1204,-228,8460,-86,61,49
47849,IMU,1511,1116,-244,8448,-108,59,35
47868,IMU,1512,1172,-188,8448,-73,54,43
47887,IMU,1513,1228,-236,8412,-84,70,42
47906,IMU,1514,1204,-320,8368,-94,61,40
47926,IMU,1515,1104,-292,8444,-88,65,52
47945,IMU,1516,1156,-212,8408,-93,59,52
47964,IMU,1517,1140,-132,8436,-102,56,37
47983,IMU,1518,1168,-288,8436,-89,43,36
48002,IMU,1519,1260,-264,8436,-95,63,40
48021,IMU,1520,1120,-224,8468,-108,62,50
48040,IMU,1521,1116,-256,8392,-98,65,36
48059,IMU,1522,1280,-172,8436,-99,77,34
48079,IMU,1523,1192,-252,8412,-87,47,39
48098,IMU,1524,1136,-192,8376,-86,56,46
48117,IMU,1525,1180,-244,8412,-95,57,37
48136,IMU,1526,1132,-308,8488,-92,70,47
48155,IMU,1527,1220,-260,8428,-79,61,56
48174,IMU,1528,1116,-332,8440,-91,65,41
48194,IMU,1529,1236,-196,8480,-100,52,31
48213,IMU,1530,1172,-308,8420,-92,56,40
48232,IMU,1531,1232,-268,8360,-84,56,58
48253,IMU,1532,1116,-296,8456,-109,63,42
48270,IMU,1533,1096,-384,8432,-75,52,34
48289,IMU,1534,1252,-200,8424,-101,62,53
48308,IMU,1535,1188,-236,8452,-98,59,46
48328,IMU,1536,1208,-328,8536,-94,70,34
48347,IMU,1537,1208,-316,8388,-98,63,29
48366,IMU,1538,1116,-404,8460,-84,52,53
48385,IMU,1539,1200,-240,8376,-86,48,35
48404,IMU,1540,1108,-268,8380,-92,62,44
48423,IMU,1541,1196,-196,8412,-82,71,49
48443,IMU,1542,1128,-256,8440,-102,66,42
48462,IMU,1543,1244,-152,8396,-75,57,39
48481,IMU,1544,1136,-256,8360,-87,53,52
48500,IMU,1545,1112,-320,8480,-106,64,50
48519,IMU,1546,1240,-124,8520,-97,55,36
48538,IMU,1547,1132,-276,8236,-95,53,45
48558,IMU,1548,1160,-264,8472,-90,58,51
48577,IMU,1549,1212,-296,8316,-103,58,45
48596,IMU,1550,1204,-192,8416,-79,68,50
48615,IMU,1551,1196,-276,8332,-63,80,39
48634,IMU,1552,1128,-228,8468,-94,63,39
48653,IMU,1553,1168,-236,8480,-94,45,49
48673,IMU,1554,1092,-212,8388,-89,77,19
48692,IMU,1555,1152,-324,8420,-87,56,43
48711,IMU,1556,1116,-204,8420,-74,58,42
48732,IMU,1557,1116,-248,8460,-73,50,35
48749,IMU,1558,1228,-228,8464,-112,59,32
48770,IMU,1559,1084,-276,8464,-86,60,30
48787,IMU,1560,1156,-268,8376,-86,64,31
48807,IMU,1561,1152,-164,8468,-98,54,28
48826,IMU,1562,1220,-248,8452,-85,59,54
48845,IMU,1563,1288,-304,8384,-89,60,31
48864,IMU,1564,1204,-244,8420,-98,64,49
48883,IMU,1565,1164,-292,8380,-105,74,35
48902,IMU,1566,1108,-280,8404,-122,47,42
48922,IMU,1567,1116,-364,8436,-99,54,45
48941,IMU,1568,1208,-204,8316,-83,53,60
48960,IMU,1569,1096,-252,8440,-82,47,48
48979,IMU,1570,1148,-308,8372,-93,64,47
48998,IMU,1571,1220,-268,8500,-89,55,36
