timestamp_ms,type,seq,v1,v2,v3,v4,v5,v6
17935,META_START,1,16855,0,0,0,0,0
19339,IMU,0,1064,-420,8340,-92,43,53
19343,IMU,1,1064,-272,8512,-106,47,37
19360,IMU,2,1136,-416,8456,-95,77,32
19379,IMU,3,1040,-396,8432,-88,59,37
19399,IMU,4,1072,-448,8412,-88,84,47
19418,IMU,5,1152,-368,8428,-103,54,37
19437,IMU,6,1156,-408,8492,-86,72,42
19456,IMU,7,1024,-344,8392,-97,54,27
19475,IMU,8,1176,-428,8392,-109,66,37
19494,IMU,9,1072,-380,8448,-105,57,53
19513,IMU,10,1188,-408,8344,-90,63,33
19533,IMU,11,1148,-520,8400,-114,70,32
19551,IMU,12,1124,-452,8408,-95,58,55
19570,IMU,13,1108,-440,8396,-119,69,32
19590,IMU,14,1044,-432,8412,-96,70,41
19609,IMU,15,1156,-404,8348,-92,49,48
19628,IMU,16,1040,-456,8376,-91,61,46
19647,IMU,17,1144,-304,8404,-99,57,35
19666,IMU,18,1188,-476,8464,-100,43,25
19685,IMU,19,1124,-336,8392,-98,62,34
19704,IMU,20,1064,-340,8408,-105,61,38
19723,IMU,21,1076,-360,8468,-88,50,27
19742,IMU,22,1048,-300,8408,-90,55,18
19761,IMU,23,1128,-404,8348,-97,51,37
19781,IMU,24,1120,-376,8368,-88,45,36
19800,IMU,25,1132,-388,8436,-94,66,30
19819,IMU,26,1044,-448,8332,-102,68,22
19838,IMU,27,1144,-428,8456,-86,50,47
19857,IMU,28,1132,-476,8340,-99,69,13
19877,IMU,29,1152,-380,8432,-109,64,38
19896,IMU,30,1128,-488,8388,-92,47,34
19915,IMU,31,1024,-416,8384,-102,63,37
19934,IMU,32,1044,-416,8380,-84,61,47
19953,IMU,33,1136,-440,8376,-81,62,32
19972,IMU,34,1120,-532,8360,-92,73,38
19991,IMU,35,992,-500,8344,-93,68,15
20010,IMU,36,1164,-428,8400,-75,60,49
20029,IMU,37,1176,-412,8444,-102,65,55
20048,IMU,38,1140,-400,8444,-101,47,28
20067,IMU,39,1136,-432,8368,-96,63,35
20087,IMU,40,1120,-440,8484,-90,63,41
20111,IMU,41,1108,-316,8396,-76,67,37
20125,IMU,42,1208,-372,8312,-101,46,39
20144,IMU,43,1120,-364,8392,-90,54,34
20163,IMU,44,1040,-416,8372,-82,56,32
20182,IMU,45,1160,-352,8368,-99,53,30
20201,IMU,46,1084,-428,8436,-93,58,51
20220,IMU,47,1136,-392,8356,-115,58,36
20240,IMU,48,1120,-360,8376,-79,38,44
20259,IMU,49,1000,-352,8352,-81,65,28
20278,IMU,50,1104,-316,8352,-113,76,26
20297,IMU,51,1160,-432,8456,-92,53,50
20316,IMU,52,1092,-312,8356,-97,63,15
20337,IMU,53,1156,-332,8496,-110,59,26
20355,IMU,54,1192,-352,8376,-101,58,22
20374,IMU,55,1112,-484,8340,-94,47,39
20393,IMU,56,1048,-308,8376,-98,54,29
20412,IMU,57,1036,-488,8400,-101,47,36
20431,IMU,58,1016,-480,8352,-105,72,32
20452,IMU,59,1140,-340,8396,-93,48,34
20470,IMU,60,1128,-416,8412,-114,59,36
20489,IMU,61,1068,-356,8364,-87,67,26
20508,IMU,62,1080,-428,8340,-92,59,32
20527,IMU,63,1052,-372,8424,-106,46,37
20548,IMU,64,1064,-392,8512,-87,71,28
20567,IMU,65,1032,-420,8372,-109,58,53
20585,IMU,66,1028,-320,8440,-98,60,30
20604,IMU,67,1152,-408,8372,-95,64,23
20623,IMU,68,1056,-456,8480,-101,52,23
20642,IMU,69,1076,-408,8424,-96,62,16
20661,IMU,70,968,-412,8368,-112,36,39
20680,IMU,71,1140,-456,8404,-116,47,43
20699,IMU,72,1064,-472,8352,-111,49,45
20719,IMU,73,1148,-332,8460,-64,74,36
20738,IMU,74,1220,-408,8404,-99,50,40
20757,IMU,75,1040,-496,8424,-96,57,31
20782,IMU,76,1152,-488,8428,-106,61,35
20795,IMU,77,1088,-436,8400,-115,61,48
20814,IMU,78,1104,-456,8368,-100,36,43
20834,IMU,79,1072,-444,8412,-96,37,45
20853,IMU,80,1016,-424,8340,-97,43,25
20872,IMU,81,1076,-432,8348,-98,65,53
20891,IMU,82,1148,-424,8428,-95,60,45
20910,IMU,83,1032,-420,8448,-105,66,37
20930,IMU,84,1116,-436,8396,-105,54,49
20949,IMU,85,1128,-448,8404,-105,77,30
20968,IMU,86,1116,-360,8384,-83,54,43
20990,IMU,87,1060,-368,8412,-83,69,41
21007,IMU,88,1124,-368,8476,-95,54,39
21025,IMU,89,1112,-468,8448,-83,62,37
21044,IMU,90,1084,-372,8416,-102,45,27
21063,IMU,91,1016,-400,8408,-95,67,35
21083,IMU,92,1056,-392,8416,-94,58,34
21102,IMU,93,1060,-440,8412,-101,63,38
21121,IMU,94,1128,-424,8468,-94,67,36
21140,IMU,95,1052,-292,8404,-87,65,36
21159,IMU,96,1160,-416,8436,-105,59,39
21178,IMU,97,1172,-532,8344,-90,62,55
21198,IMU,98,1084,-336,8448,-102,49,53
21219,IMU,99,1148,-416,8344,-85,65,42
21236,IMU,100,1104,-436,8416,-101,64,37
21255,IMU,101,1228,-284,8376,-95,61,35
21274,IMU,102,1132,-384,8408,-89,71,39
21293,IMU,103,1144,-396,8396,-79,71,35
21312,IMU,104,1072,-412,8488,-98,61,47
21331,IMU,105,1084,-536,8452,-96,60,26
21351,IMU,106,1064,-432,8384,-105,58,34
21370,IMU,107,1032,-424,8332,-83,59,42
21389,IMU,108,1056,-336,8332,-81,68,25
21408,IMU,109,1172,-368,8468,-108,54,38
21429,IMU,110,1036,-416,8456,-93,67,49
21446,IMU,111,1072,-364,8424,-103,62,38
21465,IMU,112,1052,-408,8436,-105,61,50
21486,IMU,113,1004,-384,8408,-95,55,13
21504,IMU,114,1116,-312,8408,-104,65,41
21523,IMU,115,1000,-424,8488,-103,54,31
21542,IMU,116,1152,-428,8436,-92,67,28
21561,IMU,117,1076,-400,8428,-102,63,38
21580,IMU,118,964,-308,8524,-93,52,31
21599,IMU,119,1004,-472,8460,-113,61,27
21618,IMU,120,1072,-356,8392,-101,45,30
21638,IMU,121,1128,-440,8456,-95,55,40
21659,IMU,122,1048,-368,8376,-88,60,26
21676,IMU,123,1124,-424,8392,-98,66,40
21695,IMU,124,1052,-428,8488,-99,68,37
21714,IMU,125,1084,-396,8416,-115,63,51
21733,IMU,126,1144,-404,8416,-115,54,18
21752,IMU,127,1064,-456,8384,-100,65,33
21772,IMU,128,1028,-484,8380,-113,57,51
21791,IMU,129,1112,-444,8368,-101,66,20
21810,IMU,130,1024,-460,8448,-82,57,37
21829,IMU,131,1072,-472,8404,-98,64,48
21848,IMU,132,1156,-424,8304,-80,58,43
21869,IMU,133,1060,-516,8424,-78,62,35
21887,IMU,134,1136,-388,8328,-79,37,32
21906,IMU,135,1100,-352,8300,-109,52,31
21925,IMU,136,1120,-404,8460,-103,69,27
21944,IMU,137,1124,-396,8440,-104,49,31
21963,IMU,138,1112,-436,8464,-96,52,38
21982,IMU,139,1164,-356,8464,-116,64,29
22001,IMU,140,1064,-448,8384,-117,60,34
22021,IMU,141,1196,-392,8420,-99,66,59
22040,IMU,142,1120,-416,8388,-100,65,26
22059,IMU,143,1108,-308,8416,-90,52,46
22082,IMU,144,1156,-400,8464,-99,65,22
22098,IMU,145,1176,-492,8424,-111,60,46
22116,IMU,146,1008,-428,8456,-101,58,40
22136,IMU,147,1112,-392,8396,-92,53,41
22155,IMU,148,1044,-400,8500,-101,52,38
22174,IMU,149,1032,-440,8328,-122,69,39
22193,IMU,150,1072,-492,8436,-78,57,37
22212,IMU,151,1208,-484,8464,-86,54,46
22231,IMU,152,1092,-336,8388,-104,69,36
22251,IMU,153,1096,-460,8420,-91,67,37
22270,IMU,154,1140,-384,8348,-97,73,23
22289,IMU,155,1192,-444,8452,-89,69,47
22309,IMU,156,1048,-400,8464,-100,72,41
22327,IMU,157,1140,-340,8336,-71,62,40
22346,IMU,158,1020,-500,8468,-105,72,44
22365,IMU,159,1040,-324,8384,-93,52,34
22385,IMU,160,1136,-352,8456,-91,59,44
22404,IMU,161,1124,-420,8436,-80,42,28
22423,IMU,162,1044,-404,8340,-102,62,52
22442,IMU,163,1088,-464,8472,-90,58,38
22461,IMU,164,1120,-464,8436,-82,70,34
22480,IMU,165,1116,-248,8472,-108,58,41
22500,IMU,166,1116,-536,8280,-88,60,39
22522,IMU,167,1108,-504,8408,-80,59,28
22538,IMU,168,1120,-364,8412,-107,68,49
22557,IMU,169,1156,-360,8416,-99,49,42
22576,IMU,170,1004,-368,8404,-109,52,28
22595,IMU,171,1144,-416,8420,-67,68,49
22615,IMU,172,1168,-420,8392,-102,58,30
22634,IMU,173,1052,-348,8412,-77,60,37
22653,IMU,174,1056,-388,8372,-117,45,45
22672,IMU,175,1004,-520,8400,-101,68,22
22691,IMU,176,1084,-392,8372,-98,65,35
22710,IMU,177,1144,-364,8508,-100,73,33
22730,IMU,178,1088,-332,8348,-72,67,43
22749,IMU,179,1160,-488,8404,-96,50,43
22768,IMU,180,1068,-416,8464,-90,62,43
22787,IMU,181,1080,-368,8504,-100,71,21
22806,IMU,182,1160,-540,8372,-98,63,20
22825,IMU,183,1084,-492,8420,-83,62,23
22844,IMU,184,980,-436,8404,-107,43,36
22863,IMU,185,1116,-388,8432,-98,71,39
22883,IMU,186,1084,-404,8332,-86,68,27
22902,IMU,187,1096,-368,8408,-88,65,46
22920,IMU,188,1012,-372,8380,-93,58,21
22940,IMU,189,1104,-388,8428,-95,59,43
22960,IMU,190,1080,-388,8416,-100,47,37
22978,IMU,191,1132,-352,8376,-98,62,41
22997,IMU,192,1180,-348,8436,-93,76,36
23016,IMU,193,1072,-420,8332,-95,61,32
23035,IMU,194,1136,-396,8496,-86,50,36
23054,IMU,195,1164,-268,8476,-79,52,48
23073,IMU,196,1152,-376,8440,-79,45,35
23093,IMU,197,1060,-352,8536,-88,64,32
23112,IMU,198,1024,-408,8424,-85,59,43
23131,IMU,199,1100,-372,8332,-105,67,40
23150,IMU,200,1144,-380,8372,-103,57,27
23172,IMU,201,1132,-436,8420,-95,66,39
23190,IMU,202,1060,-396,8404,-96,49,31
23207,IMU,203,1124,-408,8404,-94,58,31
23226,IMU,204,1124,-400,8360,-93,64,25
23246,IMU,205,1076,-400,8408,-88,55,31
23265,IMU,206,1032,-420,8356,-112,63,45
23284,IMU,207,1140,-336,8436,-86,60,38
19327,ECG,0,0,0,0,0,0,0
19327,ECG,1,-1,0,0,0,0,0
19327,ECG,2,-6,0,0,0,0,0
19327,ECG,3,2,0,0,0,0,0
19327,ECG,4,6,0,0,0,0,0
19337,ECG,5,-17,0,0,0,0,0
19337,ECG,6,38,0,0,0,0,0
19337,ECG,7,-16,0,0,0,0,0
19337,ECG,8,-26,0,0,0,0,0
19337,ECG,9,151,0,0,0,0,0
19346,ECG,10,-753,0,0,0,0,0
19346,ECG,11,-2109,0,0,0,0,0
19346,ECG,12,-1850,0,0,0,0,0
19346,ECG,13,-36,0,0,0,0,0
19346,ECG,14,3394,0,0,0,0,0
19356,ECG,15,8729,0,0,0,0,0
19356,ECG,16,15156,0,0,0,0,0
19356,ECG,17,21689,0,0,0,0,0
19356,ECG,18,27397,0,0,0,0,0
19356,ECG,19,31311,0,0,0,0,0
19366,ECG,20,32011,0,0,0,0,0
19366,ECG,21,31810,0,0,0,0,0
19366,ECG,22,31610,0,0,0,0,0
19366,ECG,23,31343,0,0,0,0,0
19366,ECG,24,31109,0,0,0,0,0
19376,ECG,25,31019,0,0,0,0,0
19376,ECG,26,30731,0,0,0,0,0
19376,ECG,27,30591,0,0,0,0,0
19376,ECG,28,30395,0,0,0,0,0
19376,ECG,29,30195,0,0,0,0,0
19386,ECG,30,30019,0,0,0,0,0
19386,ECG,31,29827,0,0,0,0,0
19386,ECG,32,29638,0,0,0,0,0
19386,ECG,33,29451,0,0,0,0,0
19386,ECG,34,29266,0,0,0,0,0
19395,ECG,35,29082,0,0,0,0,0
19395,ECG,36,28900,0,0,0,0,0
19395,ECG,37,28718,0,0,0,0,0
19395,ECG,38,28537,0,0,0,0,0
19395,ECG,39,28358,0,0,0,0,0
19405,ECG,40,28180,0,0,0,0,0
19405,ECG,41,28002,0,0,0,0,0
19405,ECG,42,27826,0,0,0,0,0
19405,ECG,43,27651,0,0,0,0,0
19405,ECG,44,27478,0,0,0,0,0
19415,ECG,45,27305,0,0,0,0,0
19415,ECG,46,27133,0,0,0,0,0
19415,ECG,47,26963,0,0,0,0,0
19415,ECG,48,26793,0,0,0,0,0
19415,ECG,49,26625,0,0,0,0,0
19425,ECG,50,26457,0,0,0,0,0
19425,ECG,51,26291,0,0,0,0,0
19425,ECG,52,26126,0,0,0,0,0
19425,ECG,53,25961,0,0,0,0,0
19425,ECG,54,25798,0,0,0,0,0
19435,ECG,55,25636,0,0,0,0,0
19435,ECG,56,25475,0,0,0,0,0
19435,ECG,57,25314,0,0,0,0,0
19435,ECG,58,25155,0,0,0,0,0
19435,ECG,59,24997,0,0,0,0,0
19444,ECG,60,24840,0,0,0,0,0
19444,ECG,61,24683,0,0,0,0,0
19444,ECG,62,24528,0,0,0,0,0
19444,ECG,63,24374,0,0,0,0,0
19444,ECG,64,24221,0,0,0,0,0
19454,ECG,65,24068,0,0,0,0,0
19454,ECG,66,23917,0,0,0,0,0
19454,ECG,67,23766,0,0,0,0,0
19454,ECG,68,23617,0,0,0,0,0
19454,ECG,69,23468,0,0,0,0,0
19464,ECG,70,23321,0,0,0,0,0
19464,ECG,71,23174,0,0,0,0,0
19464,ECG,72,23028,0,0,0,0,0
19464,ECG,73,22883,0,0,0,0,0
19464,ECG,74,22739,0,0,0,0,0
19474,ECG,75,22596,0,0,0,0,0
19474,ECG,76,22454,0,0,0,0,0
19474,ECG,77,22313,0,0,0,0,0
19474,ECG,78,22172,0,0,0,0,0
19474,ECG,79,22033,0,0,0,0,0
19484,ECG,80,21894,0,0,0,0,0
19484,ECG,81,21756,0,0,0,0,0
19484,ECG,82,21619,0,0,0,0,0
19484,ECG,83,21483,0,0,0,0,0
19484,ECG,84,21348,0,0,0,0,0
19493,ECG,85,21214,0,0,0,0,0
19493,ECG,86,21080,0,0,0,0,0
19493,ECG,87,20948,0,0,0,0,0
19493,ECG,88,20816,0,0,0,0,0
19493,ECG,89,20685,0,0,0,0,0
19503,ECG,90,20555,0,0,0,0,0
19503,ECG,91,20425,0,0,0,0,0
19503,ECG,92,20297,0,0,0,0,0
19503,ECG,93,20169,0,0,0,0,0
19503,ECG,94,20042,0,0,0,0,0
19513,ECG,95,19916,0,0,0,0,0
19513,ECG,96,19790,0,0,0,0,0
19513,ECG,97,19666,0,0,0,0,0
19513,ECG,98,19542,0,0,0,0,0
19513,ECG,99,19419,0,0,0,0,0
19523,ECG,100,19297,0,0,0,0,0
19523,ECG,101,19175,0,0,0,0,0
19523,ECG,102,19055,0,0,0,0,0
19523,ECG,103,18935,0,0,0,0,0
19523,ECG,104,18815,0,0,0,0,0
19532,ECG,105,18697,0,0,0,0,0
19532,ECG,106,18579,0,0,0,0,0
19532,ECG,107,18462,0,0,0,0,0
19532,ECG,108,18346,0,0,0,0,0
19532,ECG,109,18230,0,0,0,0,0
19542,ECG,110,18116,0,0,0,0,0
19542,ECG,111,18002,0,0,0,0,0
19542,ECG,112,17888,0,0,0,0,0
19542,ECG,113,17775,0,0,0,0,0
19542,ECG,114,17663,0,0,0,0,0
19552,ECG,115,17552,0,0,0,0,0
19552,ECG,116,17442,0,0,0,0,0
19552,ECG,117,17332,0,0,0,0,0
19552,ECG,118,17222,0,0,0,0,0
19552,ECG,119,17114,0,0,0,0,0
19562,ECG,120,17006,0,0,0,0,0
19562,ECG,121,16899,0,0,0,0,0
19562,ECG,122,16792,0,0,0,0,0
19562,ECG,123,16687,0,0,0,0,0
19562,ECG,124,16581,0,0,0,0,0
19572,ECG,125,16477,0,0,0,0,0
19572,ECG,126,16373,0,0,0,0,0
19572,ECG,127,16270,0,0,0,0,0
19572,ECG,128,16167,0,0,0,0,0
19572,ECG,129,16065,0,0,0,0,0
19581,ECG,130,15964,0,0,0,0,0
19581,ECG,131,15864,0,0,0,0,0
19581,ECG,132,15764,0,0,0,0,0
19581,ECG,133,15664,0,0,0,0,0
19581,ECG,134,15566,0,0,0,0,0
19591,ECG,135,15467,0,0,0,0,0
19591,ECG,136,15370,0,0,0,0,0
19591,ECG,137,15273,0,0,0,0,0
19591,ECG,138,15177,0,0,0,0,0
19591,ECG,139,15081,0,0,0,0,0
19601,ECG,140,14986,0,0,0,0,0
19601,ECG,141,14891,0,0,0,0,0
19601,ECG,142,14797,0,0,0,0,0
19601,ECG,143,14704,0,0,0,0,0
19601,ECG,144,14611,0,0,0,0,0
19611,ECG,145,14519,0,0,0,0,0
19611,ECG,146,14428,0,0,0,0,0
19611,ECG,147,14337,0,0,0,0,0
19611,ECG,148,14246,0,0,0,0,0
19611,ECG,149,14156,0,0,0,0,0
19620,ECG,150,14067,0,0,0,0,0
19621,ECG,151,13978,0,0,0,0,0
19621,ECG,152,13890,0,0,0,0,0
19621,ECG,153,13802,0,0,0,0,0
19621,ECG,154,13715,0,0,0,0,0
19630,ECG,155,13629,0,0,0,0,0
19630,ECG,156,13543,0,0,0,0,0
19630,ECG,157,13457,0,0,0,0,0
19630,ECG,158,13372,0,0,0,0,0
19630,ECG,159,13288,0,0,0,0,0
19640,ECG,160,13204,0,0,0,0,0
19640,ECG,161,13121,0,0,0,0,0
19640,ECG,162,13038,0,0,0,0,0
19640,ECG,163,12956,0,0,0,0,0
19640,ECG,164,12874,0,0,0,0,0
19650,ECG,165,12793,0,0,0,0,0
19650,ECG,166,12712,0,0,0,0,0
19650,ECG,167,12632,0,0,0,0,0
19650,ECG,168,12552,0,0,0,0,0
19650,ECG,169,12473,0,0,0,0,0
19660,ECG,170,12394,0,0,0,0,0
19660,ECG,171,12316,0,0,0,0,0
19660,ECG,172,12238,0,0,0,0,0
19660,ECG,173,12161,0,0,0,0,0
19660,ECG,174,12084,0,0,0,0,0
19669,ECG,175,12008,0,0,0,0,0
19669,ECG,176,11932,0,0,0,0,0
19669,ECG,177,11857,0,0,0,0,0
19669,ECG,178,11782,0,0,0,0,0
19669,ECG,179,11707,0,0,0,0,0
19679,ECG,180,11633,0,0,0,0,0
19679,ECG,181,11560,0,0,0,0,0
19679,ECG,182,11487,0,0,0,0,0
19679,ECG,183,11414,0,0,0,0,0
19679,ECG,184,11342,0,0,0,0,0
19689,ECG,185,11271,0,0,0,0,0
19689,ECG,186,11199,0,0,0,0,0
19689,ECG,187,11129,0,0,0,0,0
19689,ECG,188,11058,0,0,0,0,0
19689,ECG,189,10988,0,0,0,0,0
19699,ECG,190,10919,0,0,0,0,0
19699,ECG,191,10850,0,0,0,0,0
19699,ECG,192,10781,0,0,0,0,0
19699,ECG,193,10713,0,0,0,0,0
19699,ECG,194,10645,0,0,0,0,0
19709,ECG,195,10578,0,0,0,0,0
19709,ECG,196,10511,0,0,0,0,0
19709,ECG,197,10445,0,0,0,0,0
19709,ECG,198,10379,0,0,0,0,0
19709,ECG,199,10313,0,0,0,0,0
19718,ECG,200,10248,0,0,0,0,0
19718,ECG,201,10183,0,0,0,0,0
19718,ECG,202,10118,0,0,0,0,0
19718,ECG,203,10054,0,0,0,0,0
19718,ECG,204,9991,0,0,0,0,0
19728,ECG,205,9928,0,0,0,0,0
19728,ECG,206,9865,0,0,0,0,0
19728,ECG,207,9802,0,0,0,0,0
19728,ECG,208,9740,0,0,0,0,0
19728,ECG,209,9679,0,0,0,0,0
19738,ECG,210,9617,0,0,0,0,0
19738,ECG,211,9557,0,0,0,0,0
19738,ECG,212,9496,0,0,0,0,0
19738,ECG,213,9436,0,0,0,0,0
19738,ECG,214,9376,0,0,0,0,0
19748,ECG,215,9317,0,0,0,0,0
19748,ECG,216,9258,0,0,0,0,0
19748,ECG,217,9200,0,0,0,0,0
19748,ECG,218,9141,0,0,0,0,0
19748,ECG,219,9083,0,0,0,0,0
19757,ECG,220,9026,0,0,0,0,0
19757,ECG,221,8969,0,0,0,0,0
19757,ECG,222,8912,0,0,0,0,0
19757,ECG,223,8855,0,0,0,0,0
19757,ECG,224,8799,0,0,0,0,0
19767,ECG,225,8744,0,0,0,0,0
19767,ECG,226,8688,0,0,0,0,0
19767,ECG,227,8633,0,0,0,0,0
19767,ECG,228,8578,0,0,0,0,0
19767,ECG,229,8524,0,0,0,0,0
19777,ECG,230,8470,0,0,0,0,0
19777,ECG,231,8416,0,0,0,0,0
19777,ECG,232,8363,0,0,0,0,0
19777,ECG,233,8310,0,0,0,0,0
19777,ECG,234,8257,0,0,0,0,0
19787,ECG,235,8205,0,0,0,0,0
19787,ECG,236,8153,0,0,0,0,0
19787,ECG,237,8101,0,0,0,0,0
19787,ECG,238,8050,0,0,0,0,0
19787,ECG,239,7999,0,0,0,0,0
19797,ECG,240,7948,0,0,0,0,0
19797,ECG,241,7898,0,0,0,0,0
19797,ECG,242,7848,0,0,0,0,0
19797,ECG,243,7798,0,0,0,0,0
19797,ECG,244,7749,0,0,0,0,0
19806,ECG,245,7699,0,0,0,0,0
19806,ECG,246,7651,0,0,0,0,0
19806,ECG,247,7602,0,0,0,0,0
19806,ECG,248,7554,0,0,0,0,0
19806,ECG,249,7506,0,0,0,0,0
19816,ECG,250,7458,0,0,0,0,0
19816,ECG,251,7411,0,0,0,0,0
19816,ECG,252,7364,0,0,0,0,0
19816,ECG,253,7317,0,0,0,0,0
19816,ECG,254,7271,0,0,0,0,0
19826,ECG,255,7224,0,0,0,0,0
19826,ECG,256,7178,0,0,0,0,0
19826,ECG,257,7133,0,0,0,0,0
19826,ECG,258,7088,0,0,0,0,0
19826,ECG,259,7043,0,0,0,0,0
19836,ECG,260,6998,0,0,0,0,0
19836,ECG,261,6953,0,0,0,0,0
19836,ECG,262,6909,0,0,0,0,0
19836,ECG,263,6865,0,0,0,0,0
19836,ECG,264,6821,0,0,0,0,0
19846,ECG,265,6778,0,0,0,0,0
19846,ECG,266,6735,0,0,0,0,0
19846,ECG,267,6692,0,0,0,0,0
19846,ECG,268,6650,0,0,0,0,0
19846,ECG,269,6608,0,0,0,0,0
19855,ECG,270,6566,0,0,0,0,0
19855,ECG,271,6524,0,0,0,0,0
19855,ECG,272,6482,0,0,0,0,0
19855,ECG,273,6441,0,0,0,0,0
19855,ECG,274,6400,0,0,0,0,0
19865,ECG,275,6359,0,0,0,0,0
19865,ECG,276,6319,0,0,0,0,0
19865,ECG,277,6279,0,0,0,0,0
19865,ECG,278,6239,0,0,0,0,0
19865,ECG,279,6199,0,0,0,0,0
19875,ECG,280,6159,0,0,0,0,0
19875,ECG,281,6120,0,0,0,0,0
19875,ECG,282,6081,0,0,0,0,0
19875,ECG,283,6042,0,0,0,0,0
19875,ECG,284,6004,0,0,0,0,0
19885,ECG,285,5966,0,0,0,0,0
19885,ECG,286,5928,0,0,0,0,0
19885,ECG,287,5890,0,0,0,0,0
19885,ECG,288,5852,0,0,0,0,0
19885,ECG,289,5815,0,0,0,0,0
19894,ECG,290,5778,0,0,0,0,0
19895,ECG,291,5741,0,0,0,0,0
19895,ECG,292,5705,0,0,0,0,0
19895,ECG,293,5669,0,0,0,0,0
19895,ECG,294,5632,0,0,0,0,0
19904,ECG,295,5596,0,0,0,0,0
19904,ECG,296,5561,0,0,0,0,0
19904,ECG,297,5525,0,0,0,0,0
19904,ECG,298,5490,0,0,0,0,0
19904,ECG,299,5455,0,0,0,0,0
19914,ECG,300,5420,0,0,0,0,0
19914,ECG,301,5386,0,0,0,0,0
19914,ECG,302,5351,0,0,0,0,0
19914,ECG,303,5317,0,0,0,0,0
19914,ECG,304,5283,0,0,0,0,0
19924,ECG,305,5249,0,0,0,0,0
19924,ECG,306,5216,0,0,0,0,0
19924,ECG,307,5183,0,0,0,0,0
19924,ECG,308,5150,0,0,0,0,0
19924,ECG,309,5117,0,0,0,0,0
19934,ECG,310,5084,0,0,0,0,0
19934,ECG,311,5051,0,0,0,0,0
19934,ECG,312,5019,0,0,0,0,0
19934,ECG,313,4987,0,0,0,0,0
19934,ECG,314,4955,0,0,0,0,0
19943,ECG,315,4924,0,0,0,0,0
19943,ECG,316,4892,0,0,0,0,0
19943,ECG,317,4861,0,0,0,0,0
19943,ECG,318,4830,0,0,0,0,0
19943,ECG,319,4799,0,0,0,0,0
19953,ECG,320,4768,0,0,0,0,0
19953,ECG,321,4738,0,0,0,0,0
19953,ECG,322,4707,0,0,0,0,0
19953,ECG,323,4677,0,0,0,0,0
19953,ECG,324,4647,0,0,0,0,0
19963,ECG,325,4618,0,0,0,0,0
19963,ECG,326,4588,0,0,0,0,0
19963,ECG,327,4559,0,0,0,0,0
19963,ECG,328,4530,0,0,0,0,0
19963,ECG,329,4501,0,0,0,0,0
19973,ECG,330,4472,0,0,0,0,0
19973,ECG,331,4443,0,0,0,0,0
19973,ECG,332,4415,0,0,0,0,0
19973,ECG,333,4386,0,0,0,0,0
19973,ECG,334,4358,0,0,0,0,0
19983,ECG,335,4330,0,0,0,0,0
19983,ECG,336,4303,0,0,0,0,0
19983,ECG,337,4275,0,0,0,0,0
19983,ECG,338,4248,0,0,0,0,0
19983,ECG,339,4220,0,0,0,0,0
19992,ECG,340,4193,0,0,0,0,0
19992,ECG,341,4166,0,0,0,0,0
19992,ECG,342,4140,0,0,0,0,0
19992,ECG,343,4113,0,0,0,0,0
19992,ECG,344,4087,0,0,0,0,0
20002,ECG,345,4060,0,0,0,0,0
20002,ECG,346,4034,0,0,0,0,0
20002,ECG,347,4008,0,0,0,0,0
20002,ECG,348,3983,0,0,0,0,0
20002,ECG,349,3957,0,0,0,0,0
20012,ECG,350,3932,0,0,0,0,0
20012,ECG,351,3906,0,0,0,0,0
20012,ECG,352,3881,0,0,0,0,0
20012,ECG,353,3856,0,0,0,0,0
20012,ECG,354,3832,0,0,0,0,0
20022,ECG,355,3807,0,0,0,0,0
20022,ECG,356,3782,0,0,0,0,0
20022,ECG,357,3758,0,0,0,0,0
20022,ECG,358,3734,0,0,0,0,0
20022,ECG,359,3710,0,0,0,0,0
20032,ECG,360,3686,0,0,0,0,0
20032,ECG,361,3662,0,0,0,0,0
20032,ECG,362,3639,0,0,0,0,0
20032,ECG,363,3615,0,0,0,0,0
20032,ECG,364,3592,0,0,0,0,0
20041,ECG,365,3569,0,0,0,0,0
20041,ECG,366,3546,0,0,0,0,0
20041,ECG,367,3523,0,0,0,0,0
20041,ECG,368,3500,0,0,0,0,0
20041,ECG,369,3478,0,0,0,0,0
20051,ECG,370,3455,0,0,0,0,0
20051,ECG,371,3433,0,0,0,0,0
20051,ECG,372,3411,0,0,0,0,0
20051,ECG,373,3389,0,0,0,0,0
20051,ECG,374,3367,0,0,0,0,0
20061,ECG,375,3345,0,0,0,0,0
20061,ECG,376,3324,0,0,0,0,0
20061,ECG,377,3302,0,0,0,0,0
20061,ECG,378,3281,0,0,0,0,0
20061,ECG,379,3260,0,0,0,0,0
20071,ECG,380,3239,0,0,0,0,0
20071,ECG,381,3218,0,0,0,0,0
20071,ECG,382,3197,0,0,0,0,0
20071,ECG,383,3176,0,0,0,0,0
20071,ECG,384,3156,0,0,0,0,0
20080,ECG,385,3135,0,0,0,0,0
20080,ECG,386,3115,0,0,0,0,0
20080,ECG,387,3095,0,0,0,0,0
20080,ECG,388,3075,0,0,0,0,0
20080,ECG,389,3055,0,0,0,0,0
20090,ECG,390,3035,0,0,0,0,0
20090,ECG,391,3015,0,0,0,0,0
20090,ECG,392,2996,0,0,0,0,0
20090,ECG,393,2976,0,0,0,0,0
20090,ECG,394,2957,0,0,0,0,0
20100,ECG,395,2938,0,0,0,0,0
20100,ECG,396,2919,0,0,0,0,0
20100,ECG,397,2900,0,0,0,0,0
20100,ECG,398,2881,0,0,0,0,0
20100,ECG,399,2862,0,0,0,0,0
20110,ECG,400,2844,0,0,0,0,0
20110,ECG,401,2825,0,0,0,0,0
20110,ECG,402,2807,0,0,0,0,0
20110,ECG,403,2789,0,0,0,0,0
20110,ECG,404,2771,0,0,0,0,0
20120,ECG,405,2753,0,0,0,0,0
20120,ECG,406,2735,0,0,0,0,0
20120,ECG,407,2717,0,0,0,0,0
20120,ECG,408,2700,0,0,0,0,0
20120,ECG,409,2682,0,0,0,0,0
20129,ECG,410,2665,0,0,0,0,0
20129,ECG,411,2647,0,0,0,0,0
20129,ECG,412,2630,0,0,0,0,0
20129,ECG,413,2613,0,0,0,0,0
20129,ECG,414,2596,0,0,0,0,0
20139,ECG,415,2579,0,0,0,0,0
20139,ECG,416,2562,0,0,0,0,0
20139,ECG,417,2546,0,0,0,0,0
20139,ECG,418,2529,0,0,0,0,0
20139,ECG,419,2513,0,0,0,0,0
20149,ECG,420,2496,0,0,0,0,0
20149,ECG,421,2480,0,0,0,0,0
20149,ECG,422,2464,0,0,0,0,0
20149,ECG,423,2448,0,0,0,0,0
20149,ECG,424,2432,0,0,0,0,0
20159,ECG,425,2416,0,0,0,0,0
20159,ECG,426,2400,0,0,0,0,0
20159,ECG,427,2385,0,0,0,0,0
20159,ECG,428,2369,0,0,0,0,0
20159,ECG,429,2354,0,0,0,0,0
20168,ECG,430,2338,0,0,0,0,0
20168,ECG,431,2323,0,0,0,0,0
20168,ECG,432,2308,0,0,0,0,0
20168,ECG,433,2293,0,0,0,0,0
20168,ECG,434,2278,0,0,0,0,0
20178,ECG,435,2263,0,0,0,0,0
20178,ECG,436,2248,0,0,0,0,0
20178,ECG,437,2233,0,0,0,0,0
20178,ECG,438,2219,0,0,0,0,0
20178,ECG,439,2204,0,0,0,0,0
20188,ECG,440,2190,0,0,0,0,0
20188,ECG,441,2176,0,0,0,0,0
20188,ECG,442,2161,0,0,0,0,0
20188,ECG,443,2147,0,0,0,0,0
20188,ECG,444,2133,0,0,0,0,0
20198,ECG,445,2119,0,0,0,0,0
20198,ECG,446,2105,0,0,0,0,0
20198,ECG,447,2091,0,0,0,0,0
20198,ECG,448,2078,0,0,0,0,0
20198,ECG,449,2064,0,0,0,0,0
21217,ECG,450,0,0,0,0,0,0
21217,ECG,451,-1,0,0,0,0,0
21217,ECG,452,-6,0,0,0,0,0
21217,ECG,453,2,0,0,0,0,0
21217,ECG,454,6,0,0,0,0,0
21227,ECG,455,-17,0,0,0,0,0
21227,ECG,456,38,0,0,0,0,0
21227,ECG,457,-16,0,0,0,0,0
21227,ECG,458,-26,0,0,0,0,0
21227,ECG,459,151,0,0,0,0,0
21236,ECG,460,-753,0,0,0,0,0
21236,ECG,461,-2109,0,0,0,0,0
21236,ECG,462,-1850,0,0,0,0,0
21236,ECG,463,-36,0,0,0,0,0
21236,ECG,464,3394,0,0,0,0,0
21246,ECG,465,8729,0,0,0,0,0
21246,ECG,466,15156,0,0,0,0,0
21246,ECG,467,21689,0,0,0,0,0
21246,ECG,468,27397,0,0,0,0,0
21246,ECG,469,31311,0,0,0,0,0
21256,ECG,470,32011,0,0,0,0,0
21256,ECG,471,31810,0,0,0,0,0
21256,ECG,472,31610,0,0,0,0,0
21256,ECG,473,31343,0,0,0,0,0
21256,ECG,474,31109,0,0,0,0,0
21266,ECG,475,31019,0,0,0,0,0
21266,ECG,476,30731,0,0,0,0,0
21266,ECG,477,30591,0,0,0,0,0
21266,ECG,478,30395,0,0,0,0,0
21266,ECG,479,30195,0,0,0,0,0
21276,ECG,480,30019,0,0,0,0,0
21276,ECG,481,29827,0,0,0,0,0
21276,ECG,482,29638,0,0,0,0,0
21276,ECG,483,29451,0,0,0,0,0
21276,ECG,484,29266,0,0,0,0,0
21285,ECG,485,29082,0,0,0,0,0
21285,ECG,486,28900,0,0,0,0,0
21285,ECG,487,28718,0,0,0,0,0
21285,ECG,488,28537,0,0,0,0,0
21285,ECG,489,28358,0,0,0,0,0
21295,ECG,490,28180,0,0,0,0,0
21295,ECG,491,28002,0,0,0,0,0
21295,ECG,492,27826,0,0,0,0,0
21295,ECG,493,27651,0,0,0,0,0
21295,ECG,494,27478,0,0,0,0,0
21305,ECG,495,27305,0,0,0,0,0
21305,ECG,496,27133,0,0,0,0,0
21305,ECG,497,26963,0,0,0,0,0
21305,ECG,498,26793,0,0,0,0,0
21305,ECG,499,26625,0,0,0,0,0
21315,ECG,500,26457,0,0,0,0,0
21315,ECG,501,26291,0,0,0,0,0
21315,ECG,502,26126,0,0,0,0,0
21315,ECG,503,25961,0,0,0,0,0
21315,ECG,504,25798,0,0,0,0,0
21325,ECG,505,25636,0,0,0,0,0
21325,ECG,506,25475,0,0,0,0,0
21325,ECG,507,25314,0,0,0,0,0
21325,ECG,508,25155,0,0,0,0,0
21325,ECG,509,24997,0,0,0,0,0
21334,ECG,510,24840,0,0,0,0,0
21334,ECG,511,24683,0,0,0,0,0
21334,ECG,512,24528,0,0,0,0,0
21334,ECG,513,24374,0,0,0,0,0
21334,ECG,514,24221,0,0,0,0,0
21344,ECG,515,24068,0,0,0,0,0
21344,ECG,516,23917,0,0,0,0,0
21344,ECG,517,23766,0,0,0,0,0
21344,ECG,518,23617,0,0,0,0,0
21344,ECG,519,23468,0,0,0,0,0
21354,ECG,520,23321,0,0,0,0,0
21354,ECG,521,23174,0,0,0,0,0
21354,ECG,522,23028,0,0,0,0,0
21354,ECG,523,22883,0,0,0,0,0
21354,ECG,524,22739,0,0,0,0,0
21364,ECG,525,22596,0,0,0,0,0
21364,ECG,526,22454,0,0,0,0,0
21364,ECG,527,22313,0,0,0,0,0
21364,ECG,528,22172,0,0,0,0,0
21364,ECG,529,22033,0,0,0,0,0
21373,ECG,530,21894,0,0,0,0,0
21373,ECG,531,21756,0,0,0,0,0
21373,ECG,532,21619,0,0,0,0,0
21373,ECG,533,21483,0,0,0,0,0
21373,ECG,534,21348,0,0,0,0,0
21383,ECG,535,21214,0,0,0,0,0
21383,ECG,536,21080,0,0,0,0,0
21383,ECG,537,20948,0,0,0,0,0
21383,ECG,538,20816,0,0,0,0,0
21383,ECG,539,20685,0,0,0,0,0
21393,ECG,540,20555,0,0,0,0,0
21393,ECG,541,20425,0,0,0,0,0
21393,ECG,542,20297,0,0,0,0,0
21393,ECG,543,20169,0,0,0,0,0
21393,ECG,544,20042,0,0,0,0,0
21403,ECG,545,19916,0,0,0,0,0
21403,ECG,546,19790,0,0,0,0,0
21403,ECG,547,19666,0,0,0,0,0
21403,ECG,548,19542,0,0,0,0,0
21403,ECG,549,19419,0,0,0,0,0
21413,ECG,550,19297,0,0,0,0,0
21413,ECG,551,19175,0,0,0,0,0
21413,ECG,552,19055,0,0,0,0,0
21413,ECG,553,18935,0,0,0,0,0
21413,ECG,554,18815,0,0,0,0,0
21422,ECG,555,18697,0,0,0,0,0
21422,ECG,556,18579,0,0,0,0,0
21422,ECG,557,18462,0,0,0,0,0
21422,ECG,558,18346,0,0,0,0,0
21422,ECG,559,18230,0,0,0,0,0
21432,ECG,560,18116,0,0,0,0,0
21432,ECG,561,18002,0,0,0,0,0
21432,ECG,562,17888,0,0,0,0,0
21432,ECG,563,17775,0,0,0,0,0
21432,ECG,564,17663,0,0,0,0,0
21442,ECG,565,17552,0,0,0,0,0
21442,ECG,566,17442,0,0,0,0,0
21442,ECG,567,17332,0,0,0,0,0
21442,ECG,568,17222,0,0,0,0,0
21442,ECG,569,17114,0,0,0,0,0
21452,ECG,570,17006,0,0,0,0,0
21452,ECG,571,16899,0,0,0,0,0
21452,ECG,572,16792,0,0,0,0,0
21452,ECG,573,16687,0,0,0,0,0
21452,ECG,574,16581,0,0,0,0,0
21462,ECG,575,16477,0,0,0,0,0
21462,ECG,576,16373,0,0,0,0,0
21462,ECG,577,16270,0,0,0,0,0
21462,ECG,578,16167,0,0,0,0,0
21462,ECG,579,16065,0,0,0,0,0
21471,ECG,580,15964,0,0,0,0,0
21471,ECG,581,15864,0,0,0,0,0
21471,ECG,582,15764,0,0,0,0,0
21471,ECG,583,15664,0,0,0,0,0
21471,ECG,584,15566,0,0,0,0,0
21481,ECG,585,15467,0,0,0,0,0
21481,ECG,586,15370,0,0,0,0,0
21481,ECG,587,15273,0,0,0,0,0
21481,ECG,588,15177,0,0,0,0,0
21481,ECG,589,15081,0,0,0,0,0
21491,ECG,590,14986,0,0,0,0,0
21491,ECG,591,14891,0,0,0,0,0
21491,ECG,592,14797,0,0,0,0,0
21491,ECG,593,14704,0,0,0,0,0
21491,ECG,594,14611,0,0,0,0,0
21501,ECG,595,14519,0,0,0,0,0
21501,ECG,596,14428,0,0,0,0,0
21501,ECG,597,14337,0,0,0,0,0
21501,ECG,598,14246,0,0,0,0,0
21501,ECG,599,14156,0,0,0,0,0
21510,ECG,600,14067,0,0,0,0,0
21510,ECG,601,13978,0,0,0,0,0
21510,ECG,602,13890,0,0,0,0,0
21510,ECG,603,13802,0,0,0,0,0
21510,ECG,604,13715,0,0,0,0,0
21520,ECG,605,13629,0,0,0,0,0
21520,ECG,606,13543,0,0,0,0,0
21520,ECG,607,13457,0,0,0,0,0
21520,ECG,608,13372,0,0,0,0,0
21520,ECG,609,13288,0,0,0,0,0
21530,ECG,610,13204,0,0,0,0,0
21530,ECG,611,13121,0,0,0,0,0
21530,ECG,612,13038,0,0,0,0,0
21530,ECG,613,12956,0,0,0,0,0
21530,ECG,614,12874,0,0,0,0,0
21540,ECG,615,12793,0,0,0,0,0
21540,ECG,616,12712,0,0,0,0,0
21540,ECG,617,12632,0,0,0,0,0
21540,ECG,618,12552,0,0,0,0,0
21540,ECG,619,12473,0,0,0,0,0
21550,ECG,620,12394,0,0,0,0,0
21550,ECG,621,12316,0,0,0,0,0
21550,ECG,622,12238,0,0,0,0,0
21550,ECG,623,12161,0,0,0,0,0
21550,ECG,624,12084,0,0,0,0,0
21559,ECG,625,12008,0,0,0,0,0
21559,ECG,626,11932,0,0,0,0,0
21559,ECG,627,11857,0,0,0,0,0
21559,ECG,628,11782,0,0,0,0,0
21559,ECG,629,11707,0,0,0,0,0
21569,ECG,630,11633,0,0,0,0,0
21569,ECG,631,11560,0,0,0,0,0
21569,ECG,632,11487,0,0,0,0,0
21569,ECG,633,11414,0,0,0,0,0
21569,ECG,634,11342,0,0,0,0,0
21579,ECG,635,11271,0,0,0,0,0
21579,ECG,636,11199,0,0,0,0,0
21579,ECG,637,11129,0,0,0,0,0
21579,ECG,638,11058,0,0,0,0,0
21579,ECG,639,10988,0,0,0,0,0
21589,ECG,640,10919,0,0,0,0,0
21589,ECG,641,10850,0,0,0,0,0
21589,ECG,642,10781,0,0,0,0,0
21589,ECG,643,10713,0,0,0,0,0
21589,ECG,644,10645,0,0,0,0,0
22608,ECG,645,0,0,0,0,0,0
22608,ECG,646,-1,0,0,0,0,0
22608,ECG,647,-6,0,0,0,0,0
22608,ECG,648,2,0,0,0,0,0
22608,ECG,649,6,0,0,0,0,0
22618,ECG,650,-17,0,0,0,0,0
22618,ECG,651,38,0,0,0,0,0
22618,ECG,652,-16,0,0,0,0,0
22618,ECG,653,-26,0,0,0,0,0
22618,ECG,654,151,0,0,0,0,0
22627,ECG,655,-753,0,0,0,0,0
22627,ECG,656,-2109,0,0,0,0,0
22627,ECG,657,-1850,0,0,0,0,0
22627,ECG,658,-36,0,0,0,0,0
22627,ECG,659,3394,0,0,0,0,0
22637,ECG,660,8729,0,0,0,0,0
22637,ECG,661,15156,0,0,0,0,0
22637,ECG,662,21689,0,0,0,0,0
22637,ECG,663,27397,0,0,0,0,0
22637,ECG,664,31311,0,0,0,0,0
22647,ECG,665,32011,0,0,0,0,0
22647,ECG,666,31810,0,0,0,0,0
22647,ECG,667,31610,0,0,0,0,0
22647,ECG,668,31343,0,0,0,0,0
22647,ECG,669,31109,0,0,0,0,0
22657,ECG,670,31019,0,0,0,0,0
22657,ECG,671,30731,0,0,0,0,0
22657,ECG,672,30591,0,0,0,0,0
22657,ECG,673,30395,0,0,0,0,0
22657,ECG,674,30195,0,0,0,0,0
22667,ECG,675,30019,0,0,0,0,0
22667,ECG,676,29827,0,0,0,0,0
22667,ECG,677,29638,0,0,0,0,0
22667,ECG,678,29451,0,0,0,0,0
22667,ECG,679,29266,0,0,0,0,0
22676,ECG,680,29082,0,0,0,0,0
22676,ECG,681,28900,0,0,0,0,0
22676,ECG,682,28718,0,0,0,0,0
22676,ECG,683,28537,0,0,0,0,0
22676,ECG,684,28358,0,0,0,0,0
22686,ECG,685,28180,0,0,0,0,0
22686,ECG,686,28002,0,0,0,0,0
22686,ECG,687,27826,0,0,0,0,0
22686,ECG,688,27651,0,0,0,0,0
22686,ECG,689,27478,0,0,0,0,0
22696,ECG,690,27305,0,0,0,0,0
22696,ECG,691,27133,0,0,0,0,0
22696,ECG,692,26963,0,0,0,0,0
22696,ECG,693,26793,0,0,0,0,0
22696,ECG,694,26625,0,0,0,0,0
22706,ECG,695,26457,0,0,0,0,0
22706,ECG,696,26291,0,0,0,0,0
22706,ECG,697,26126,0,0,0,0,0
22706,ECG,698,25961,0,0,0,0,0
22706,ECG,699,25798,0,0,0,0,0
22716,ECG,700,25636,0,0,0,0,0
22716,ECG,701,25475,0,0,0,0,0
22716,ECG,702,25314,0,0,0,0,0
22716,ECG,703,25155,0,0,0,0,0
22716,ECG,704,24997,0,0,0,0,0
22725,ECG,705,24840,0,0,0,0,0
22725,ECG,706,24683,0,0,0,0,0
22725,ECG,707,24528,0,0,0,0,0
22725,ECG,708,24374,0,0,0,0,0
22725,ECG,709,24221,0,0,0,0,0
22735,ECG,710,24068,0,0,0,0,0
22735,ECG,711,23917,0,0,0,0,0
22735,ECG,712,23766,0,0,0,0,0
22735,ECG,713,23617,0,0,0,0,0
22735,ECG,714,23468,0,0,0,0,0
22745,ECG,715,23321,0,0,0,0,0
22745,ECG,716,23174,0,0,0,0,0
22745,ECG,717,23028,0,0,0,0,0
22745,ECG,718,22883,0,0,0,0,0
22745,ECG,719,22739,0,0,0,0,0
22755,ECG,720,22596,0,0,0,0,0
22755,ECG,721,22454,0,0,0,0,0
22755,ECG,722,22313,0,0,0,0,0
22755,ECG,723,22172,0,0,0,0,0
22755,ECG,724,22033,0,0,0,0,0
22764,ECG,725,21894,0,0,0,0,0
22764,ECG,726,21756,0,0,0,0,0
22764,ECG,727,21619,0,0,0,0,0
22764,ECG,728,21483,0,0,0,0,0
22764,ECG,729,21348,0,0,0,0,0
22774,ECG,730,21214,0,0,0,0,0
22774,ECG,731,21080,0,0,0,0,0
22774,ECG,732,20948,0,0,0,0,0
22774,ECG,733,20816,0,0,0,0,0
22774,ECG,734,20685,0,0,0,0,0
22784,ECG,735,20555,0,0,0,0,0
22784,ECG,736,20425,0,0,0,0,0
22784,ECG,737,20297,0,0,0,0,0
22784,ECG,738,20169,0,0,0,0,0
22784,ECG,739,20042,0,0,0,0,0
22794,ECG,740,19916,0,0,0,0,0
22794,ECG,741,19790,0,0,0,0,0
22794,ECG,742,19666,0,0,0,0,0
22794,ECG,743,19542,0,0,0,0,0
22794,ECG,744,19419,0,0,0,0,0
22804,ECG,745,19297,0,0,0,0,0
22804,ECG,746,19175,0,0,0,0,0
22804,ECG,747,19055,0,0,0,0,0
22804,ECG,748,18935,0,0,0,0,0
22804,ECG,749,18815,0,0,0,0,0
22813,ECG,750,18697,0,0,0,0,0
22813,ECG,751,18579,0,0,0,0,0
22813,ECG,752,18462,0,0,0,0,0
22813,ECG,753,18346,0,0,0,0,0
22813,ECG,754,18230,0,0,0,0,0
22823,ECG,755,18116,0,0,0,0,0
22823,ECG,756,18002,0,0,0,0,0
22823,ECG,757,17888,0,0,0,0,0
22823,ECG,758,17775,0,0,0,0,0
22823,ECG,759,17663,0,0,0,0,0
22833,ECG,760,17552,0,0,0,0,0
22833,ECG,761,17442,0,0,0,0,0
22833,ECG,762,17332,0,0,0,0,0
22833,ECG,763,17222,0,0,0,0,0
22833,ECG,764,17114,0,0,0,0,0
22843,ECG,765,17006,0,0,0,0,0
22843,ECG,766,16899,0,0,0,0,0
22843,ECG,767,16792,0,0,0,0,0
22843,ECG,768,16687,0,0,0,0,0
22843,ECG,769,16581,0,0,0,0,0
22852,ECG,770,16477,0,0,0,0,0
22852,ECG,771,16373,0,0,0,0,0
22852,ECG,772,16270,0,0,0,0,0
22852,ECG,773,16167,0,0,0,0,0
22852,ECG,774,16065,0,0,0,0,0
22862,ECG,775,15964,0,0,0,0,0
22862,ECG,776,15864,0,0,0,0,0
22862,ECG,777,15764,0,0,0,0,0
22862,ECG,778,15664,0,0,0,0,0
22862,ECG,779,15566,0,0,0,0,0
22872,ECG,780,15467,0,0,0,0,0
22872,ECG,781,15370,0,0,0,0,0
22872,ECG,782,15273,0,0,0,0,0
22872,ECG,783,15177,0,0,0,0,0
22872,ECG,784,15081,0,0,0,0,0
22882,ECG,785,14986,0,0,0,0,0
22882,ECG,786,14891,0,0,0,0,0
22882,ECG,787,14797,0,0,0,0,0
22882,ECG,788,14704,0,0,0,0,0
22882,ECG,789,14611,0,0,0,0,0
22892,ECG,790,14519,0,0,0,0,0
22892,ECG,791,14428,0,0,0,0,0
22892,ECG,792,14337,0,0,0,0,0
22892,ECG,793,14246,0,0,0,0,0
22892,ECG,794,14156,0,0,0,0,0
22901,ECG,795,14067,0,0,0,0,0
22901,ECG,796,13978,0,0,0,0,0
22901,ECG,797,13890,0,0,0,0,0
22901,ECG,798,13802,0,0,0,0,0
22901,ECG,799,13715,0,0,0,0,0
22911,ECG,800,13629,0,0,0,0,0
22911,ECG,801,13543,0,0,0,0,0
22911,ECG,802,13457,0,0,0,0,0
22911,ECG,803,13372,0,0,0,0,0
22911,ECG,804,13288,0,0,0,0,0
22921,ECG,805,13204,0,0,0,0,0
22921,ECG,806,13121,0,0,0,0,0
22921,ECG,807,13038,0,0,0,0,0
22921,ECG,808,12956,0,0,0,0,0
22921,ECG,809,12874,0,0,0,0,0
22931,ECG,810,12793,0,0,0,0,0
22931,ECG,811,12712,0,0,0,0,0
22931,ECG,812,12632,0,0,0,0,0
22931,ECG,813,12552,0,0,0,0,0
22931,ECG,814,12473,0,0,0,0,0
22941,ECG,815,12394,0,0,0,0,0
22941,ECG,816,12316,0,0,0,0,0
22941,ECG,817,12238,0,0,0,0,0
22941,ECG,818,12161,0,0,0,0,0
22941,ECG,819,12084,0,0,0,0,0
22950,ECG,820,12008,0,0,0,0,0
22950,ECG,821,11932,0,0,0,0,0
22950,ECG,822,11857,0,0,0,0,0
22950,ECG,823,11782,0,0,0,0,0
22950,ECG,824,11707,0,0,0,0,0
22960,ECG,825,11633,0,0,0,0,0
22960,ECG,826,11560,0,0,0,0,0
22960,ECG,827,11487,0,0,0,0,0
22960,ECG,828,11414,0,0,0,0,0
22960,ECG,829,11342,0,0,0,0,0
22970,ECG,830,11271,0,0,0,0,0
22970,ECG,831,11199,0,0,0,0,0
22970,ECG,832,11129,0,0,0,0,0
22970,ECG,833,11058,0,0,0,0,0
22970,ECG,834,10988,0,0,0,0,0
22980,ECG,835,10919,0,0,0,0,0
22980,ECG,836,10850,0,0,0,0,0
22980,ECG,837,10781,0,0,0,0,0
22980,ECG,838,10713,0,0,0,0,0
22980,ECG,839,10645,0,0,0,0,0
22989,ECG,840,10578,0,0,0,0,0
22989,ECG,841,10511,0,0,0,0,0
22989,ECG,842,10445,0,0,0,0,0
22989,ECG,843,10379,0,0,0,0,0
22989,ECG,844,10313,0,0,0,0,0
22999,ECG,845,10248,0,0,0,0,0
22999,ECG,846,10183,0,0,0,0,0
22999,ECG,847,10118,0,0,0,0,0
22999,ECG,848,10054,0,0,0,0,0
22999,ECG,849,9991,0,0,0,0,0
23009,ECG,850,9928,0,0,0,0,0
23009,ECG,851,9865,0,0,0,0,0
23009,ECG,852,9802,0,0,0,0,0
23009,ECG,853,9740,0,0,0,0,0
23009,ECG,854,9679,0,0,0,0,0
23019,ECG,855,9617,0,0,0,0,0
23019,ECG,856,9557,0,0,0,0,0
23019,ECG,857,9496,0,0,0,0,0
23019,ECG,858,9436,0,0,0,0,0
23019,ECG,859,9376,0,0,0,0,0
23029,ECG,860,9317,0,0,0,0,0
23029,ECG,861,9258,0,0,0,0,0
23029,ECG,862,9200,0,0,0,0,0
23029,ECG,863,9141,0,0,0,0,0
23029,ECG,864,9083,0,0,0,0,0
23038,ECG,865,9026,0,0,0,0,0
23038,ECG,866,8969,0,0,0,0,0
23038,ECG,867,8912,0,0,0,0,0
23038,ECG,868,8855,0,0,0,0,0
23038,ECG,869,8799,0,0,0,0,0
23048,ECG,870,8744,0,0,0,0,0
23048,ECG,871,8688,0,0,0,0,0
23048,ECG,872,8633,0,0,0,0,0
23048,ECG,873,8578,0,0,0,0,0
23048,ECG,874,8524,0,0,0,0,0
23058,ECG,875,8470,0,0,0,0,0
23058,ECG,876,8416,0,0,0,0,0
23058,ECG,877,8363,0,0,0,0,0
23058,ECG,878,8310,0,0,0,0,0
23058,ECG,879,8257,0,0,0,0,0
23068,ECG,880,8205,0,0,0,0,0
23068,ECG,881,8153,0,0,0,0,0
23068,ECG,882,8101,0,0,0,0,0
23068,ECG,883,8050,0,0,0,0,0
23068,ECG,884,7999,0,0,0,0,0
23078,ECG,885,7948,0,0,0,0,0
23078,ECG,886,7898,0,0,0,0,0
23078,ECG,887,7848,0,0,0,0,0
23078,ECG,888,7798,0,0,0,0,0
23078,ECG,889,7749,0,0,0,0,0
23087,ECG,890,7699,0,0,0,0,0
23087,ECG,891,7651,0,0,0,0,0
23087,ECG,892,7602,0,0,0,0,0
23087,ECG,893,7554,0,0,0,0,0
23087,ECG,894,7506,0,0,0,0,0
23097,ECG,895,7458,0,0,0,0,0
23097,ECG,896,7411,0,0,0,0,0
23097,ECG,897,7364,0,0,0,0,0
23097,ECG,898,7317,0,0,0,0,0
23097,ECG,899,7271,0,0,0,0,0
23107,ECG,900,7224,0,0,0,0,0
23107,ECG,901,7178,0,0,0,0,0
23107,ECG,902,7133,0,0,0,0,0
23107,ECG,903,7088,0,0,0,0,0
23107,ECG,904,7043,0,0,0,0,0
23117,ECG,905,6998,0,0,0,0,0
23117,ECG,906,6953,0,0,0,0,0
23117,ECG,907,6909,0,0,0,0,0
23117,ECG,908,6865,0,0,0,0,0
23117,ECG,909,6821,0,0,0,0,0
23127,ECG,910,6778,0,0,0,0,0
23127,ECG,911,6735,0,0,0,0,0
23127,ECG,912,6692,0,0,0,0,0
23127,ECG,913,6650,0,0,0,0,0
23127,ECG,914,6608,0,0,0,0,0
23136,ECG,915,6566,0,0,0,0,0
23136,ECG,916,6524,0,0,0,0,0
23136,ECG,917,6482,0,0,0,0,0
23136,ECG,918,6441,0,0,0,0,0
23136,ECG,919,6400,0,0,0,0,0
23146,ECG,920,6359,0,0,0,0,0
23146,ECG,921,6319,0,0,0,0,0
23146,ECG,922,6279,0,0,0,0,0
23146,ECG,923,6239,0,0,0,0,0
23146,ECG,924,6199,0,0,0,0,0
23156,ECG,925,6159,0,0,0,0,0
23156,ECG,926,6120,0,0,0,0,0
23156,ECG,927,6081,0,0,0,0,0
23156,ECG,928,6042,0,0,0,0,0
23156,ECG,929,6004,0,0,0,0,0
23166,ECG,930,5966,0,0,0,0,0
23166,ECG,931,5928,0,0,0,0,0
23166,ECG,932,5890,0,0,0,0,0
23166,ECG,933,5852,0,0,0,0,0
23166,ECG,934,5815,0,0,0,0,0
23175,ECG,935,5778,0,0,0,0,0
23175,ECG,936,5741,0,0,0,0,0
23175,ECG,937,5705,0,0,0,0,0
23175,ECG,938,5669,0,0,0,0,0
23175,ECG,939,5632,0,0,0,0,0
23185,ECG,940,5596,0,0,0,0,0
23185,ECG,941,5561,0,0,0,0,0
23185,ECG,942,5525,0,0,0,0,0
23185,ECG,943,5490,0,0,0,0,0
23185,ECG,944,5455,0,0,0,0,0
23195,ECG,945,5420,0,0,0,0,0
23195,ECG,946,5386,0,0,0,0,0
23195,ECG,947,5351,0,0,0,0,0
23195,ECG,948,5317,0,0,0,0,0
23195,ECG,949,5283,0,0,0,0,0
23205,ECG,950,5249,0,0,0,0,0
23205,ECG,951,5216,0,0,0,0,0
23205,ECG,952,5183,0,0,0,0,0
23205,ECG,953,5150,0,0,0,0,0
23205,ECG,954,5117,0,0,0,0,0
23215,ECG,955,5084,0,0,0,0,0
23215,ECG,956,5051,0,0,0,0,0
23215,ECG,957,5019,0,0,0,0,0
23215,ECG,958,4987,0,0,0,0,0
23215,ECG,959,4955,0,0,0,0,0
23224,ECG,960,4924,0,0,0,0,0
23224,ECG,961,4892,0,0,0,0,0
23224,ECG,962,4861,0,0,0,0,0
23224,ECG,963,4830,0,0,0,0,0
23224,ECG,964,4799,0,0,0,0,0
23234,ECG,965,4768,0,0,0,0,0
23234,ECG,966,4738,0,0,0,0,0
23234,ECG,967,4707,0,0,0,0,0
23234,ECG,968,4677,0,0,0,0,0
23234,ECG,969,4647,0,0,0,0,0
23244,ECG,970,4618,0,0,0,0,0
23244,ECG,971,4588,0,0,0,0,0
23244,ECG,972,4559,0,0,0,0,0
23244,ECG,973,4530,0,0,0,0,0
23244,ECG,974,4501,0,0,0,0,0
23254,ECG,975,4472,0,0,0,0,0
23254,ECG,976,4443,0,0,0,0,0
23254,ECG,977,4415,0,0,0,0,0
23254,ECG,978,4386,0,0,0,0,0
23254,ECG,979,4358,0,0,0,0,0
23264,ECG,980,4330,0,0,0,0,0
23264,ECG,981,4303,0,0,0,0,0
23264,ECG,982,4275,0,0,0,0,0
23264,ECG,983,4248,0,0,0,0,0
23264,ECG,984,4220,0,0,0,0,0
23273,ECG,985,4193,0,0,0,0,0
23273,ECG,986,4166,0,0,0,0,0
23273,ECG,987,4140,0,0,0,0,0
23273,ECG,988,4113,0,0,0,0,0
23273,ECG,989,4087,0,0,0,0,0
23283,ECG,990,4060,0,0,0,0,0
23283,ECG,991,4034,0,0,0,0,0
23283,ECG,992,4008,0,0,0,0,0
23283,ECG,993,3983,0,0,0,0,0
23283,ECG,994,3957,0,0,0,0,0
23293,ECG,995,3932,0,0,0,0,0
23293,ECG,996,3906,0,0,0,0,0
23293,ECG,997,3881,0,0,0,0,0
23293,ECG,998,3856,0,0,0,0,0
23293,ECG,999,3832,0,0,0,0,0
23303,ECG,1000,3807,0,0,0,0,0
23303,ECG,1001,3782,0,0,0,0,0
23303,ECG,1002,3758,0,0,0,0,0
23303,ECG,1003,3734,0,0,0,0,0
23303,ECG,1004,3710,0,0,0,0,0
23312,ECG,1005,3686,0,0,0,0,0
23312,ECG,1006,3662,0,0,0,0,0
23312,ECG,1007,3639,0,0,0,0,0
23312,ECG,1008,3615,0,0,0,0,0
23312,ECG,1009,3592,0,0,0,0,0
23322,ECG,1010,3569,0,0,0,0,0
23322,ECG,1011,3546,0,0,0,0,0
23322,ECG,1012,3523,0,0,0,0,0
23322,ECG,1013,3500,0,0,0,0,0
23322,ECG,1014,3478,0,0,0,0,0
23332,ECG,1015,3455,0,0,0,0,0
23332,ECG,1016,3433,0,0,0,0,0
23332,ECG,1017,3411,0,0,0,0,0
23332,ECG,1018,3389,0,0,0,0,0
23332,ECG,1019,3367,0,0,0,0,0
23342,ECG,1020,3345,0,0,0,0,0
23342,ECG,1021,3324,0,0,0,0,0
23342,ECG,1022,3302,0,0,0,0,0
23342,ECG,1023,3281,0,0,0,0,0
19383,PPG,0,129955,60027,0,0,0,0
19383,PPG,1,129945,60023,0,0,0,0
19383,PPG,2,129951,60020,0,0,0,0
19420,PPG,3,129942,60028,0,0,0,0
19496,PPG,4,129947,60023,0,0,0,0
19575,PPG,5,129946,60022,0,0,0,0
19654,PPG,6,129938,60016,0,0,0,0
19734,PPG,7,129956,60031,0,0,0,0
19813,PPG,8,129949,60026,0,0,0,0
19896,PPG,9,129950,60021,0,0,0,0
19974,PPG,10,129934,60033,0,0,0,0
20051,PPG,11,129956,60027,0,0,0,0
20131,PPG,12,129961,60016,0,0,0,0
20210,PPG,13,129946,60029,0,0,0,0
20290,PPG,14,129949,60030,0,0,0,0
20369,PPG,15,129958,60028,0,0,0,0
20452,PPG,16,129956,60024,0,0,0,0
20529,PPG,17,129942,60034,0,0,0,0
20608,PPG,18,129950,60022,0,0,0,0
20687,PPG,19,129965,60033,0,0,0,0
20782,PPG,20,129955,60021,0,0,0,0
20846,PPG,21,129960,60027,0,0,0,0
20930,PPG,22,129948,60030,0,0,0,0
21009,PPG,23,129955,60024,0,0,0,0
21085,PPG,24,129950,60030,0,0,0,0
21165,PPG,25,129955,60025,0,0,0,0
21244,PPG,26,129959,60023,0,0,0,0
21324,PPG,27,129957,60028,0,0,0,0
21403,PPG,28,129950,60026,0,0,0,0
21486,PPG,29,129950,60026,0,0,0,0
21563,PPG,30,129950,60017,0,0,0,0
21659,PPG,31,129939,60027,0,0,0,0
21721,PPG,32,129952,60028,0,0,0,0
21800,PPG,33,129941,60027,0,0,0,0
21880,PPG,34,129958,60024,0,0,0,0
21959,PPG,35,129951,60016,0,0,0,0
22042,PPG,36,129952,60025,0,0,0,0
22119,PPG,37,129949,60024,0,0,0,0
22198,PPG,38,129948,60019,0,0,0,0
22278,PPG,39,129946,60015,0,0,0,0
22357,PPG,40,129954,60018,0,0,0,0
22437,PPG,41,129947,60034,0,0,0,0
22527,PPG,42,129942,60033,0,0,0,0
22597,PPG,43,129940,60025,0,0,0,0
22675,PPG,44,129951,60033,0,0,0,0
22755,PPG,45,129956,60021,0,0,0,0
22834,PPG,46,129952,60021,0,0,0,0
22914,PPG,47,129951,60019,0,0,0,0
22993,PPG,48,129959,60021,0,0,0,0
23076,PPG,49,129954,60029,0,0,0,0
23152,PPG,50,129952,60022,0,0,0,0
23231,PPG,51,129945,60018,0,0,0,0
23314,PPG,52,129946,60028,0,0,0,0
23403,PPG,53,129937,60018,0,0,0,0
23475,PPG,54,129942,60021,0,0,0,0
23554,PPG,55,129949,60017,0,0,0,0
23632,PPG,56,129945,60014,0,0,0,0
23710,PPG,57,129940,60010,0,0,0,0
23788,PPG,58,129947,60017,0,0,0,0
23869,PPG,59,129939,60019,0,0,0,0
23946,PPG,60,129944,60017,0,0,0,0
24026,PPG,61,129957,60015,0,0,0,0
24109,PPG,62,129957,60016,0,0,0,0
24185,PPG,63,129946,60018,0,0,0,0
24281,PPG,64,129944,60015,0,0,0,0
24344,PPG,65,129948,60025,0,0,0,0
24423,PPG,66,129955,60030,0,0,0,0
24503,PPG,67,129940,60026,0,0,0,0
24586,PPG,68,129944,60023,0,0,0,0
24664,PPG,69,129943,60027,0,0,0,0
24741,PPG,70,129953,60014,0,0,0,0
24821,PPG,71,129944,60020,0,0,0,0
24900,PPG,72,129949,60027,0,0,0,0
24980,PPG,73,129952,60024,0,0,0,0
25059,PPG,74,129950,60022,0,0,0,0
25147,PPG,75,129940,60022,0,0,0,0
25219,PPG,76,129947,60031,0,0,0,0
25297,PPG,77,129947,60036,0,0,0,0
25377,PPG,78,129943,60024,0,0,0,0
25456,PPG,79,129945,60032,0,0,0,0
25535,PPG,80,129949,60022,0,0,0,0
25619,PPG,81,129953,60021,0,0,0,0
25697,PPG,82,129948,60025,0,0,0,0
25774,PPG,83,129952,60012,0,0,0,0
25853,PPG,84,129948,60024,0,0,0,0
25933,PPG,85,129956,60033,0,0,0,0
26025,PPG,86,129953,60031,0,0,0,0
26092,PPG,87,129952,60027,0,0,0,0
26175,PPG,88,129955,60032,0,0,0,0
26252,PPG,89,129957,60022,0,0,0,0
26330,PPG,90,129960,60027,0,0,0,0
26410,PPG,91,129941,60027,0,0,0,0
26490,PPG,92,129970,60021,0,0,0,0
26569,PPG,93,129967,60028,0,0,0,0
26649,PPG,94,129949,60024,0,0,0,0
26731,PPG,95,129964,60030,0,0,0,0
26808,PPG,96,129949,60024,0,0,0,0
26903,PPG,97,129937,60038,0,0,0,0
26967,PPG,98,129944,60024,0,0,0,0
27046,PPG,99,129952,60020,0,0,0,0
23303,IMU,208,1060,-464,8352,-90,55,45
23322,IMU,209,1040,-508,8436,-83,52,39
23341,IMU,210,1092,-296,8332,-111,56,40
23360,IMU,211,1072,-388,8364,-74,53,39
23379,IMU,212,1060,-340,8448,-93,55,33
23403,IMU,213,1140,-368,8408,-104,73,40
23420,IMU,214,1116,-376,8356,-88,46,42
23437,IMU,215,1028,-444,8452,-91,62,31
23456,IMU,216,1148,-428,8464,-93,70,26
23475,IMU,217,1064,-436,8508,-106,50,37
23494,IMU,218,1108,-380,8388,-101,54,49
23513,IMU,219,1016,-312,8364,-99,68,37
23532,IMU,220,1084,-316,8468,-95,51,35
23554,IMU,221,1116,-444,8520,-100,65,39
23570,IMU,222,1096,-348,8432,-107,62,40
23590,IMU,223,1052,-384,8300,-98,65,29
23611,IMU,224,1256,-300,8344,-92,48,24
23628,IMU,225,1108,-400,8376,-91,62,31
23647,IMU,226,1176,-440,8440,-107,69,25
23666,IMU,227,1172,-372,8420,-95,59,49
23685,IMU,228,1008,-432,8492,-81,55,36
23704,IMU,229,1148,-476,8412,-93,43,30
23723,IMU,230,1072,-384,8392,-101,62,34
23743,IMU,231,1016,-492,8368,-106,63,45
23762,IMU,232,1096,-380,8436,-96,63,36
23781,IMU,233,1100,-428,8368,-118,43,49
23800,IMU,234,1076,-392,8376,-104,62,45
23819,IMU,235,1060,-428,8480,-101,62,54
23840,IMU,236,1096,-316,8432,-97,64,51
23858,IMU,237,1100,-416,8436,-81,52,37
23877,IMU,238,1100,-416,8332,-89,53,30
23896,IMU,239,1128,-368,8384,-107,62,43
23915,IMU,240,1088,-432,8368,-101,68,44
23934,IMU,241,1060,-356,8388,-94,45,34
23953,IMU,242,1036,-468,8396,-99,57,45
23973,IMU,243,1108,-404,8352,-99,81,47
23992,IMU,244,1168,-320,8412,-108,63,45
24011,IMU,245,1064,-340,8452,-92,63,27
24030,IMU,246,1044,-488,8416,-89,58,26
24051,IMU,247,1124,-428,8352,-100,62,37
24068,IMU,248,1112,-324,8444,-93,46,45
24087,IMU,249,1056,-416,8384,-104,50,43
24109,IMU,250,1100,-396,8372,-105,60,40
24126,IMU,251,1164,-292,8348,-91,61,25
24145,IMU,252,1068,-364,8332,-84,75,35
24164,IMU,253,1008,-380,8380,-99,58,43
24183,IMU,254,1092,-436,8456,-95,63,26
24202,IMU,255,1036,-372,8460,-104,42,28
24222,IMU,256,1104,-436,8468,-104,51,54
24241,IMU,257,1096,-368,8360,-102,68,33
24262,IMU,258,1096,-412,8384,-89,62,53
24281,IMU,259,1076,-372,8372,-114,66,45
24298,IMU,260,1020,-396,8396,-97,60,45
24317,IMU,261,1104,-424,8396,-101,68,34
24337,IMU,262,1116,-408,8376,-104,59,31
24356,IMU,263,996,-408,8376,-105,65,42
24375,IMU,264,1040,-388,8452,-95,63,40
24394,IMU,265,1080,-440,8432,-91,49,24
24413,IMU,266,1116,-352,8408,-99,49,32
24432,IMU,267,1060,-360,8372,-77,61,44
24452,IMU,268,1064,-400,8380,-87,53,42
24471,IMU,269,1000,-432,8432,-101,46,49
24492,IMU,270,1072,-364,8460,-99,50,48
24509,IMU,271,1196,-308,8528,-96,55,46
24528,IMU,272,1108,-372,8408,-100,49,40
24547,IMU,273,1072,-368,8348,-96,61,31
24566,IMU,274,1144,-352,8444,-92,61,23
24586,IMU,275,1096,-444,8408,-88,42,37
24605,IMU,276,1092,-484,8476,-105,55,19
24624,IMU,277,1016,-412,8416,-96,52,31
24643,IMU,278,1012,-436,8452,-101,67,29
24662,IMU,279,1084,-448,8404,-94,50,50
24681,IMU,280,1032,-572,8364,-99,49,32
24704,IMU,281,1172,-316,8420,-102,61,47
24720,IMU,282,1040,-364,8480,-104,59,32
24739,IMU,283,1180,-400,8436,-104,43,39
24758,IMU,284,1052,-376,8388,-95,56,48
24777,IMU,285,1028,-432,8332,-90,49,41
24796,IMU,286,1140,-384,8280,-93,57,46
24815,IMU,287,1088,-324,8448,-103,53,35
24834,IMU,288,1108,-464,8328,-79,33,34
24854,IMU,289,1212,-452,8448,-95,66,47
24873,IMU,290,1088,-416,8444,-97,49,58
24892,IMU,291,1148,-392,8268,-99,65,37
24911,IMU,292,1188,-340,8396,-102,52,50
24932,IMU,293,1104,-404,8396,-82,61,31
24949,IMU,294,1076,-376,8348,-82,41,43
24968,IMU,295,1100,-372,8372,-95,71,50
24988,IMU,296,1072,-388,8428,-102,65,53
25006,IMU,297,1168,-400,8400,-109,49,30
25026,IMU,298,1152,-408,8376,-98,72,26
25045,IMU,299,1052,-452,8432,-70,65,42
25064,IMU,300,1148,-344,8396,-105,71,36
25083,IMU,301,1060,-448,8420,-97,63,30
25102,IMU,302,1028,-464,8384,-93,63,52
25121,IMU,303,1152,-348,8404,-87,60,44
25142,IMU,304,1060,-340,8492,-108,56,40
25159,IMU,305,1072,-408,8336,-90,51,42
25178,IMU,306,1080,-432,8416,-93,42,33
25198,IMU,307,1016,-408,8412,-87,53,42
25217,IMU,308,1180,-384,8372,-90,68,36
25236,IMU,309,1108,-384,8480,-92,58,50
25255,IMU,310,1132,-356,8376,-90,45,21
25274,IMU,311,1040,-312,8400,-87,45,42
25293,IMU,312,1120,-524,8400,-109,63,43
25312,IMU,313,1008,-408,8348,-87,50,28
25332,IMU,314,1084,-364,8380,-95,61,43
25352,IMU,315,1088,-456,8360,-90,55,41
25372,IMU,316,968,-380,8396,-89,81,46
25389,IMU,317,1124,-336,8356,-99,58,43
25408,IMU,318,1144,-364,8348,-93,54,43
25427,IMU,319,1120,-356,8384,-100,56,35
25446,IMU,320,992,-436,8488,-107,66,39
25465,IMU,321,1032,-428,8440,-109,65,29
25484,IMU,322,1056,-376,8412,-92,56,15
25504,IMU,323,1064,-468,8468,-100,59,38
25523,IMU,324,1144,-404,8356,-96,69,29
25542,IMU,325,1144,-364,8336,-100,56,30
25561,IMU,326,1072,-464,8440,-91,55,30
25581,IMU,327,1160,-484,8472,-101,56,39
25599,IMU,328,1124,-396,8448,-85,55,49
25618,IMU,329,1044,-492,8428,-110,54,39
25637,IMU,330,1092,-428,8388,-103,61,31
25656,IMU,331,1164,-396,8388,-95,59,38
25676,IMU,332,1164,-368,8360,-98,56,35
25695,IMU,333,996,-480,8352,-89,46,25
25714,IMU,334,1048,-448,8456,-96,49,29
25733,IMU,335,1016,-372,8356,-94,67,40
25752,IMU,336,1116,-368,8432,-103,48,48
25771,IMU,337,1072,-344,8400,-89,47,18
25794,IMU,338,1036,-472,8356,-101,57,36
25811,IMU,339,1028,-440,8436,-83,60,36
25829,IMU,340,1116,-320,8348,-98,73,29
25848,IMU,341,1064,-408,8404,-92,61,40
25867,IMU,342,1052,-380,8460,-88,50,34
25886,IMU,343,1072,-372,8348,-95,59,49
25905,IMU,344,1196,-388,8420,-96,76,47
25925,IMU,345,1056,-412,8396,-94,59,41
25944,IMU,346,1112,-376,8412,-99,64,31
25963,IMU,347,1092,-324,8340,-112,59,41
25982,IMU,348,1236,-376,8392,-89,58,29
26001,IMU,349,1136,-324,8404,-120,69,47
26025,IMU,350,1064,-308,8384,-87,86,42
26040,IMU,351,1124,-412,8452,-95,54,26
26059,IMU,352,1180,-432,8352,-86,61,34
26078,IMU,353,1056,-416,8428,-104,66,15
26097,IMU,354,1064,-380,8464,-104,52,38
26116,IMU,355,1116,-424,8356,-98,47,35
26135,IMU,356,1028,-356,8396,-82,66,35
26154,IMU,357,1088,-360,8404,-91,65,34
26175,IMU,358,1020,-516,8388,-70,48,40
26193,IMU,359,1112,-460,8348,-95,60,32
26212,IMU,360,1104,-388,8376,-109,52,24
26234,IMU,361,1072,-476,8392,-105,62,55
26250,IMU,362,1100,-360,8388,-96,69,37
26269,IMU,363,1124,-384,8432,-110,58,26
26289,IMU,364,1012,-428,8380,-102,62,42
26308,IMU,365,1084,-428,8448,-113,48,28
26327,IMU,366,1176,-488,8464,-102,56,27
26346,IMU,367,1092,-412,8380,-102,66,33
26365,IMU,368,1160,-412,8384,-108,41,36
26384,IMU,369,1132,-368,8472,-89,56,40
26404,IMU,370,1064,-464,8416,-111,59,37
26423,IMU,371,1004,-336,8392,-80,55,29
26442,IMU,372,996,-392,8420,-97,68,29
26463,IMU,373,1016,-408,8472,-95,81,27
26480,IMU,374,1072,-324,8448,-98,57,34
26499,IMU,375,1076,-324,8420,-86,47,46
26519,IMU,376,1108,-400,8384,-91,68,35
26538,IMU,377,1124,-488,8464,-89,60,45
26557,IMU,378,1076,-368,8424,-91,58,34
26576,IMU,379,1140,-440,8416,-94,57,34
26595,IMU,380,1068,-388,8344,-82,61,47
26614,IMU,381,1088,-424,8460,-75,53,47
26633,IMU,382,1020,-388,8416,-90,54,33
26653,IMU,383,1184,-344,8376,-105,57,34
26675,IMU,384,1068,-488,8340,-124,54,39
26691,IMU,385,1132,-388,8380,-107,66,35
26710,IMU,386,1044,-416,8436,-90,59,29
26729,IMU,387,1056,-340,8392,-105,63,41
26748,IMU,388,1128,-516,8388,-110,44,50
26767,IMU,389,1096,-504,8428,-96,61,35
26787,IMU,390,1072,-428,8400,-93,47,55
26806,IMU,391,1032,-504,8416,-96,53,25
26825,IMU,392,1124,-476,8388,-100,65,34
26844,IMU,393,1112,-436,8452,-102,49,26
26863,IMU,394,1184,-444,8460,-104,52,44
26885,IMU,395,1076,-432,8392,-97,60,41
26903,IMU,396,1076,-428,8420,-112,61,42
26921,IMU,397,1136,-420,8396,-100,63,30
26940,IMU,398,1012,-408,8416,-99,50,28
26959,IMU,399,952,-460,8348,-104,51,30
26978,IMU,400,1128,-232,8472,-93,57,31
26997,IMU,401,1036,-408,8480,-91,55,49
27016,IMU,402,1104,-476,8340,-82,64,47
27035,IMU,403,1152,-420,8448,-79,61,51
27054,IMU,404,1052,-428,8528,-98,56,37
27074,IMU,405,1124,-472,8432,-96,60,40
27092,IMU,406,1216,-388,8432,-102,65,37
27114,IMU,407,1024,-432,8368,-91,61,31
27131,IMU,408,1124,-432,8376,-89,59,43
27150,IMU,409,1080,-472,8384,-81,58,46
27169,IMU,410,1052,-452,8336,-76,72,44
27188,IMU,411,1164,-436,8388,-86,72,43
27208,IMU,412,1080,-424,8484,-91,64,48
27226,IMU,413,1024,-356,8332,-103,59,26
27246,IMU,414,1220,-388,8348,-98,82,47
27265,IMU,415,1140,-412,8384,-99,59,33
23342,ECG,1024,3260,0,0,0,0,0
23352,ECG,1025,3239,0,0,0,0,0
23352,ECG,1026,3218,0,0,0,0,0
23352,ECG,1027,3197,0,0,0,0,0
23352,ECG,1028,3176,0,0,0,0,0
23352,ECG,1029,3156,0,0,0,0,0
23361,ECG,1030,3135,0,0,0,0,0
23361,ECG,1031,3115,0,0,0,0,0
23361,ECG,1032,3095,0,0,0,0,0
23361,ECG,1033,3075,0,0,0,0,0
23361,ECG,1034,3055,0,0,0,0,0
23371,ECG,1035,3035,0,0,0,0,0
23371,ECG,1036,3015,0,0,0,0,0
23371,ECG,1037,2996,0,0,0,0,0
23371,ECG,1038,2976,0,0,0,0,0
23371,ECG,1039,2957,0,0,0,0,0
23381,ECG,1040,2938,0,0,0,0,0
23381,ECG,1041,2919,0,0,0,0,0
23381,ECG,1042,2900,0,0,0,0,0
23381,ECG,1043,2881,0,0,0,0,0
23381,ECG,1044,2862,0,0,0,0,0
23391,ECG,1045,2844,0,0,0,0,0
23391,ECG,1046,2825,0,0,0,0,0
23391,ECG,1047,2807,0,0,0,0,0
23391,ECG,1048,2789,0,0,0,0,0
23391,ECG,1049,2771,0,0,0,0,0
23401,ECG,1050,2753,0,0,0,0,0
23401,ECG,1051,2735,0,0,0,0,0
23401,ECG,1052,2717,0,0,0,0,0
23401,ECG,1053,2700,0,0,0,0,0
23401,ECG,1054,2682,0,0,0,0,0
23410,ECG,1055,2665,0,0,0,0,0
23410,ECG,1056,2647,0,0,0,0,0
23410,ECG,1057,2630,0,0,0,0,0
23410,ECG,1058,2613,0,0,0,0,0
23410,ECG,1059,2596,0,0,0,0,0
23420,ECG,1060,2579,0,0,0,0,0
23420,ECG,1061,2562,0,0,0,0,0
23420,ECG,1062,2546,0,0,0,0,0
23420,ECG,1063,2529,0,0,0,0,0
23420,ECG,1064,2513,0,0,0,0,0
23430,ECG,1065,2496,0,0,0,0,0
23430,ECG,1066,2480,0,0,0,0,0
23430,ECG,1067,2464,0,0,0,0,0
23430,ECG,1068,2448,0,0,0,0,0
23430,ECG,1069,2432,0,0,0,0,0
23440,ECG,1070,2416,0,0,0,0,0
23440,ECG,1071,2400,0,0,0,0,0
23440,ECG,1072,2385,0,0,0,0,0
23440,ECG,1073,2369,0,0,0,0,0
23440,ECG,1074,2354,0,0,0,0,0
23449,ECG,1075,2338,0,0,0,0,0
23449,ECG,1076,2323,0,0,0,0,0
23449,ECG,1077,2308,0,0,0,0,0
23449,ECG,1078,2293,0,0,0,0,0
23449,ECG,1079,2278,0,0,0,0,0
23459,ECG,1080,2263,0,0,0,0,0
23459,ECG,1081,2248,0,0,0,0,0
23459,ECG,1082,2233,0,0,0,0,0
23459,ECG,1083,2219,0,0,0,0,0
23459,ECG,1084,2204,0,0,0,0,0
23469,ECG,1085,2190,0,0,0,0,0
23469,ECG,1086,2176,0,0,0,0,0
23469,ECG,1087,2161,0,0,0,0,0
23469,ECG,1088,2147,0,0,0,0,0
23469,ECG,1089,2133,0,0,0,0,0
23479,ECG,1090,2119,0,0,0,0,0
23479,ECG,1091,2105,0,0,0,0,0
23479,ECG,1092,2091,0,0,0,0,0
23479,ECG,1093,2078,0,0,0,0,0
23479,ECG,1094,2064,0,0,0,0,0
23489,ECG,1095,2050,0,0,0,0,0
23489,ECG,1096,2037,0,0,0,0,0
23489,ECG,1097,2023,0,0,0,0,0
23489,ECG,1098,2010,0,0,0,0,0
23489,ECG,1099,1997,0,0,0,0,0
23498,ECG,1100,1984,0,0,0,0,0
23498,ECG,1101,1971,0,0,0,0,0
23498,ECG,1102,1958,0,0,0,0,0
23498,ECG,1103,1945,0,0,0,0,0
23498,ECG,1104,1932,0,0,0,0,0
23508,ECG,1105,1919,0,0,0,0,0
23508,ECG,1106,1906,0,0,0,0,0
23508,ECG,1107,1894,0,0,0,0,0
23508,ECG,1108,1881,0,0,0,0,0
23508,ECG,1109,1869,0,0,0,0,0
23518,ECG,1110,1857,0,0,0,0,0
23518,ECG,1111,1844,0,0,0,0,0
23518,ECG,1112,1832,0,0,0,0,0
23518,ECG,1113,1820,0,0,0,0,0
23518,ECG,1114,1808,0,0,0,0,0
23528,ECG,1115,1796,0,0,0,0,0
23528,ECG,1116,1784,0,0,0,0,0
23528,ECG,1117,1772,0,0,0,0,0
23528,ECG,1118,1761,0,0,0,0,0
23528,ECG,1119,1749,0,0,0,0,0
23538,ECG,1120,1737,0,0,0,0,0
23538,ECG,1121,1726,0,0,0,0,0
23538,ECG,1122,1714,0,0,0,0,0
23538,ECG,1123,1703,0,0,0,0,0
23538,ECG,1124,1692,0,0,0,0,0
23547,ECG,1125,1681,0,0,0,0,0
23547,ECG,1126,1669,0,0,0,0,0
23547,ECG,1127,1658,0,0,0,0,0
23547,ECG,1128,1647,0,0,0,0,0
23547,ECG,1129,1636,0,0,0,0,0
23557,ECG,1130,1625,0,0,0,0,0
23557,ECG,1131,1615,0,0,0,0,0
23557,ECG,1132,1604,0,0,0,0,0
23557,ECG,1133,1593,0,0,0,0,0
23557,ECG,1134,1583,0,0,0,0,0
23567,ECG,1135,1572,0,0,0,0,0
23567,ECG,1136,1562,0,0,0,0,0
23567,ECG,1137,1551,0,0,0,0,0
23567,ECG,1138,1541,0,0,0,0,0
23567,ECG,1139,1531,0,0,0,0,0
23577,ECG,1140,1520,0,0,0,0,0
23577,ECG,1141,1510,0,0,0,0,0
23577,ECG,1142,1500,0,0,0,0,0
23577,ECG,1143,1490,0,0,0,0,0
23577,ECG,1144,1480,0,0,0,0,0
23586,ECG,1145,1470,0,0,0,0,0
23586,ECG,1146,1460,0,0,0,0,0
23586,ECG,1147,1451,0,0,0,0,0
23586,ECG,1148,1441,0,0,0,0,0
23586,ECG,1149,1431,0,0,0,0,0
23596,ECG,1150,1422,0,0,0,0,0
23596,ECG,1151,1412,0,0,0,0,0
23596,ECG,1152,1403,0,0,0,0,0
23596,ECG,1153,1393,0,0,0,0,0
23596,ECG,1154,1384,0,0,0,0,0
23606,ECG,1155,1375,0,0,0,0,0
23606,ECG,1156,1365,0,0,0,0,0
23606,ECG,1157,1356,0,0,0,0,0
23606,ECG,1158,1347,0,0,0,0,0
23606,ECG,1159,1338,0,0,0,0,0
23616,ECG,1160,1329,0,0,0,0,0
23616,ECG,1161,1320,0,0,0,0,0
23616,ECG,1162,1311,0,0,0,0,0
23616,ECG,1163,1302,0,0,0,0,0
23616,ECG,1164,1294,0,0,0,0,0
23626,ECG,1165,1285,0,0,0,0,0
23626,ECG,1166,1276,0,0,0,0,0
23626,ECG,1167,1268,0,0,0,0,0
23626,ECG,1168,1259,0,0,0,0,0
23626,ECG,1169,1251,0,0,0,0,0
23635,ECG,1170,1242,0,0,0,0,0
23635,ECG,1171,1234,0,0,0,0,0
23635,ECG,1172,1225,0,0,0,0,0
23635,ECG,1173,1217,0,0,0,0,0
23635,ECG,1174,1209,0,0,0,0,0
23645,ECG,1175,1201,0,0,0,0,0
23645,ECG,1176,1192,0,0,0,0,0
23645,ECG,1177,1184,0,0,0,0,0
23645,ECG,1178,1176,0,0,0,0,0
23645,ECG,1179,1168,0,0,0,0,0
23655,ECG,1180,1160,0,0,0,0,0
23655,ECG,1181,1152,0,0,0,0,0
23655,ECG,1182,1145,0,0,0,0,0
23655,ECG,1183,1137,0,0,0,0,0
23655,ECG,1184,1129,0,0,0,0,0
23665,ECG,1185,1121,0,0,0,0,0
23665,ECG,1186,1114,0,0,0,0,0
23665,ECG,1187,1106,0,0,0,0,0
23665,ECG,1188,1099,0,0,0,0,0
23665,ECG,1189,1091,0,0,0,0,0
24684,ECG,1190,0,0,0,0,0,0
24684,ECG,1191,-1,0,0,0,0,0
24684,ECG,1192,-6,0,0,0,0,0
24684,ECG,1193,2,0,0,0,0,0
24684,ECG,1194,6,0,0,0,0,0
24694,ECG,1195,-17,0,0,0,0,0
24694,ECG,1196,38,0,0,0,0,0
24694,ECG,1197,-16,0,0,0,0,0
24694,ECG,1198,-26,0,0,0,0,0
24694,ECG,1199,151,0,0,0,0,0
24703,ECG,1200,-753,0,0,0,0,0
24703,ECG,1201,-2109,0,0,0,0,0
24703,ECG,1202,-1850,0,0,0,0,0
24703,ECG,1203,-36,0,0,0,0,0
24703,ECG,1204,3394,0,0,0,0,0
24713,ECG,1205,8729,0,0,0,0,0
24713,ECG,1206,15156,0,0,0,0,0
24713,ECG,1207,21689,0,0,0,0,0
24713,ECG,1208,27397,0,0,0,0,0
24713,ECG,1209,31311,0,0,0,0,0
24723,ECG,1210,32011,0,0,0,0,0
24723,ECG,1211,31810,0,0,0,0,0
24723,ECG,1212,31610,0,0,0,0,0
24723,ECG,1213,31343,0,0,0,0,0
24723,ECG,1214,31109,0,0,0,0,0
24733,ECG,1215,31019,0,0,0,0,0
24733,ECG,1216,30731,0,0,0,0,0
24733,ECG,1217,30591,0,0,0,0,0
24733,ECG,1218,30395,0,0,0,0,0
24733,ECG,1219,30195,0,0,0,0,0
24743,ECG,1220,30019,0,0,0,0,0
24743,ECG,1221,29827,0,0,0,0,0
24743,ECG,1222,29638,0,0,0,0,0
24743,ECG,1223,29451,0,0,0,0,0
24743,ECG,1224,29266,0,0,0,0,0
24752,ECG,1225,29082,0,0,0,0,0
24752,ECG,1226,28900,0,0,0,0,0
24752,ECG,1227,28718,0,0,0,0,0
24752,ECG,1228,28537,0,0,0,0,0
24752,ECG,1229,28358,0,0,0,0,0
24762,ECG,1230,28180,0,0,0,0,0
24762,ECG,1231,28002,0,0,0,0,0
24762,ECG,1232,27826,0,0,0,0,0
24762,ECG,1233,27651,0,0,0,0,0
24762,ECG,1234,27478,0,0,0,0,0
24772,ECG,1235,27305,0,0,0,0,0
24772,ECG,1236,27133,0,0,0,0,0
24772,ECG,1237,26963,0,0,0,0,0
24772,ECG,1238,26793,0,0,0,0,0
24772,ECG,1239,26625,0,0,0,0,0
24782,ECG,1240,26457,0,0,0,0,0
24782,ECG,1241,26291,0,0,0,0,0
24782,ECG,1242,26126,0,0,0,0,0
24782,ECG,1243,25961,0,0,0,0,0
24782,ECG,1244,25798,0,0,0,0,0
24792,ECG,1245,25636,0,0,0,0,0
24792,ECG,1246,25475,0,0,0,0,0
24792,ECG,1247,25314,0,0,0,0,0
24792,ECG,1248,25155,0,0,0,0,0
24792,ECG,1249,24997,0,0,0,0,0
24801,ECG,1250,24840,0,0,0,0,0
24801,ECG,1251,24683,0,0,0,0,0
24801,ECG,1252,24528,0,0,0,0,0
24801,ECG,1253,24374,0,0,0,0,0
24801,ECG,1254,24221,0,0,0,0,0
24811,ECG,1255,24068,0,0,0,0,0
24811,ECG,1256,23917,0,0,0,0,0
24811,ECG,1257,23766,0,0,0,0,0
24811,ECG,1258,23617,0,0,0,0,0
24811,ECG,1259,23468,0,0,0,0,0
24821,ECG,1260,23321,0,0,0,0,0
24821,ECG,1261,23174,0,0,0,0,0
24821,ECG,1262,23028,0,0,0,0,0
24821,ECG,1263,22883,0,0,0,0,0
24821,ECG,1264,22739,0,0,0,0,0
24831,ECG,1265,22596,0,0,0,0,0
24831,ECG,1266,22454,0,0,0,0,0
24831,ECG,1267,22313,0,0,0,0,0
24831,ECG,1268,22172,0,0,0,0,0
24831,ECG,1269,22033,0,0,0,0,0
24840,ECG,1270,21894,0,0,0,0,0
24840,ECG,1271,21756,0,0,0,0,0
24840,ECG,1272,21619,0,0,0,0,0
24840,ECG,1273,21483,0,0,0,0,0
24840,ECG,1274,21348,0,0,0,0,0
24850,ECG,1275,21214,0,0,0,0,0
24850,ECG,1276,21080,0,0,0,0,0
24850,ECG,1277,20948,0,0,0,0,0
24850,ECG,1278,20816,0,0,0,0,0
24850,ECG,1279,20685,0,0,0,0,0
24860,ECG,1280,20555,0,0,0,0,0
24860,ECG,1281,20425,0,0,0,0,0
24860,ECG,1282,20297,0,0,0,0,0
24860,ECG,1283,20169,0,0,0,0,0
24860,ECG,1284,20042,0,0,0,0,0
24870,ECG,1285,19916,0,0,0,0,0
24870,ECG,1286,19790,0,0,0,0,0
24870,ECG,1287,19666,0,0,0,0,0
24870,ECG,1288,19542,0,0,0,0,0
24870,ECG,1289,19419,0,0,0,0,0
24880,ECG,1290,19297,0,0,0,0,0
24880,ECG,1291,19175,0,0,0,0,0
24880,ECG,1292,19055,0,0,0,0,0
24880,ECG,1293,18935,0,0,0,0,0
24880,ECG,1294,18815,0,0,0,0,0
24889,ECG,1295,18697,0,0,0,0,0
24889,ECG,1296,18579,0,0,0,0,0
24889,ECG,1297,18462,0,0,0,0,0
24889,ECG,1298,18346,0,0,0,0,0
24889,ECG,1299,18230,0,0,0,0,0
24899,ECG,1300,18116,0,0,0,0,0
24899,ECG,1301,18002,0,0,0,0,0
24899,ECG,1302,17888,0,0,0,0,0
24899,ECG,1303,17775,0,0,0,0,0
24899,ECG,1304,17663,0,0,0,0,0
24909,ECG,1305,17552,0,0,0,0,0
24909,ECG,1306,17442,0,0,0,0,0
24909,ECG,1307,17332,0,0,0,0,0
24909,ECG,1308,17222,0,0,0,0,0
24909,ECG,1309,17114,0,0,0,0,0
24919,ECG,1310,17006,0,0,0,0,0
24919,ECG,1311,16899,0,0,0,0,0
24919,ECG,1312,16792,0,0,0,0,0
24919,ECG,1313,16687,0,0,0,0,0
24919,ECG,1314,16581,0,0,0,0,0
24929,ECG,1315,16477,0,0,0,0,0
24929,ECG,1316,16373,0,0,0,0,0
24929,ECG,1317,16270,0,0,0,0,0
24929,ECG,1318,16167,0,0,0,0,0
24929,ECG,1319,16065,0,0,0,0,0
24938,ECG,1320,15964,0,0,0,0,0
24938,ECG,1321,15864,0,0,0,0,0
24938,ECG,1322,15764,0,0,0,0,0
24938,ECG,1323,15664,0,0,0,0,0
24938,ECG,1324,15566,0,0,0,0,0
24948,ECG,1325,15467,0,0,0,0,0
24948,ECG,1326,15370,0,0,0,0,0
24948,ECG,1327,15273,0,0,0,0,0
24948,ECG,1328,15177,0,0,0,0,0
24948,ECG,1329,15081,0,0,0,0,0
24958,ECG,1330,14986,0,0,0,0,0
24958,ECG,1331,14891,0,0,0,0,0
24958,ECG,1332,14797,0,0,0,0,0
24958,ECG,1333,14704,0,0,0,0,0
24958,ECG,1334,14611,0,0,0,0,0
24968,ECG,1335,14519,0,0,0,0,0
24968,ECG,1336,14428,0,0,0,0,0
24968,ECG,1337,14337,0,0,0,0,0
24968,ECG,1338,14246,0,0,0,0,0
24968,ECG,1339,14156,0,0,0,0,0
24978,ECG,1340,14067,0,0,0,0,0
24978,ECG,1341,13978,0,0,0,0,0
24978,ECG,1342,13890,0,0,0,0,0
24978,ECG,1343,13802,0,0,0,0,0
24978,ECG,1344,13715,0,0,0,0,0
24987,ECG,1345,13629,0,0,0,0,0
24987,ECG,1346,13543,0,0,0,0,0
24987,ECG,1347,13457,0,0,0,0,0
24987,ECG,1348,13372,0,0,0,0,0
24987,ECG,1349,13288,0,0,0,0,0
24997,ECG,1350,13204,0,0,0,0,0
24997,ECG,1351,13121,0,0,0,0,0
24997,ECG,1352,13038,0,0,0,0,0
24997,ECG,1353,12956,0,0,0,0,0
24997,ECG,1354,12874,0,0,0,0,0
25007,ECG,1355,12793,0,0,0,0,0
25007,ECG,1356,12712,0,0,0,0,0
25007,ECG,1357,12632,0,0,0,0,0
25007,ECG,1358,12552,0,0,0,0,0
25007,ECG,1359,12473,0,0,0,0,0
25017,ECG,1360,12394,0,0,0,0,0
25017,ECG,1361,12316,0,0,0,0,0
25017,ECG,1362,12238,0,0,0,0,0
25017,ECG,1363,12161,0,0,0,0,0
25017,ECG,1364,12084,0,0,0,0,0
25026,ECG,1365,12008,0,0,0,0,0
25026,ECG,1366,11932,0,0,0,0,0
25026,ECG,1367,11857,0,0,0,0,0
25026,ECG,1368,11782,0,0,0,0,0
25026,ECG,1369,11707,0,0,0,0,0
25036,ECG,1370,11633,0,0,0,0,0
25036,ECG,1371,11560,0,0,0,0,0
25036,ECG,1372,11487,0,0,0,0,0
25036,ECG,1373,11414,0,0,0,0,0
25036,ECG,1374,11342,0,0,0,0,0
25046,ECG,1375,11271,0,0,0,0,0
25046,ECG,1376,11199,0,0,0,0,0
25046,ECG,1377,11129,0,0,0,0,0
25046,ECG,1378,11058,0,0,0,0,0
25046,ECG,1379,10988,0,0,0,0,0
25056,ECG,1380,10919,0,0,0,0,0
25056,ECG,1381,10850,0,0,0,0,0
25056,ECG,1382,10781,0,0,0,0,0
25056,ECG,1383,10713,0,0,0,0,0
25056,ECG,1384,10645,0,0,0,0,0
25066,ECG,1385,10578,0,0,0,0,0
25066,ECG,1386,10511,0,0,0,0,0
25066,ECG,1387,10445,0,0,0,0,0
25066,ECG,1388,10379,0,0,0,0,0
25066,ECG,1389,10313,0,0,0,0,0
25075,ECG,1390,10248,0,0,0,0,0
25075,ECG,1391,10183,0,0,0,0,0
25075,ECG,1392,10118,0,0,0,0,0
25075,ECG,1393,10054,0,0,0,0,0
25075,ECG,1394,9991,0,0,0,0,0
25085,ECG,1395,9928,0,0,0,0,0
25085,ECG,1396,9865,0,0,0,0,0
25085,ECG,1397,9802,0,0,0,0,0
25085,ECG,1398,9740,0,0,0,0,0
25085,ECG,1399,9679,0,0,0,0,0
25095,ECG,1400,9617,0,0,0,0,0
25095,ECG,1401,9557,0,0,0,0,0
25095,ECG,1402,9496,0,0,0,0,0
25095,ECG,1403,9436,0,0,0,0,0
25095,ECG,1404,9376,0,0,0,0,0
25105,ECG,1405,9317,0,0,0,0,0
25105,ECG,1406,9258,0,0,0,0,0
25105,ECG,1407,9200,0,0,0,0,0
25105,ECG,1408,9141,0,0,0,0,0
25105,ECG,1409,9083,0,0,0,0,0
25115,ECG,1410,9026,0,0,0,0,0
25115,ECG,1411,8969,0,0,0,0,0
25115,ECG,1412,8912,0,0,0,0,0
25115,ECG,1413,8855,0,0,0,0,0
25115,ECG,1414,8799,0,0,0,0,0
25124,ECG,1415,8744,0,0,0,0,0
25124,ECG,1416,8688,0,0,0,0,0
25124,ECG,1417,8633,0,0,0,0,0
25124,ECG,1418,8578,0,0,0,0,0
25124,ECG,1419,8524,0,0,0,0,0
25134,ECG,1420,8470,0,0,0,0,0
25134,ECG,1421,8416,0,0,0,0,0
25134,ECG,1422,8363,0,0,0,0,0
25134,ECG,1423,8310,0,0,0,0,0
25134,ECG,1424,8257,0,0,0,0,0
25144,ECG,1425,8205,0,0,0,0,0
25144,ECG,1426,8153,0,0,0,0,0
25144,ECG,1427,8101,0,0,0,0,0
25144,ECG,1428,8050,0,0,0,0,0
25144,ECG,1429,7999,0,0,0,0,0
25154,ECG,1430,7948,0,0,0,0,0
25154,ECG,1431,7898,0,0,0,0,0
25154,ECG,1432,7848,0,0,0,0,0
25154,ECG,1433,7798,0,0,0,0,0
25154,ECG,1434,7749,0,0,0,0,0
25163,ECG,1435,7699,0,0,0,0,0
25163,ECG,1436,7651,0,0,0,0,0
25163,ECG,1437,7602,0,0,0,0,0
25163,ECG,1438,7554,0,0,0,0,0
25163,ECG,1439,7506,0,0,0,0,0
25173,ECG,1440,7458,0,0,0,0,0
25173,ECG,1441,7411,0,0,0,0,0
25173,ECG,1442,7364,0,0,0,0,0
25173,ECG,1443,7317,0,0,0,0,0
25173,ECG,1444,7271,0,0,0,0,0
25183,ECG,1445,7224,0,0,0,0,0
25183,ECG,1446,7178,0,0,0,0,0
25183,ECG,1447,7133,0,0,0,0,0
25183,ECG,1448,7088,0,0,0,0,0
25183,ECG,1449,7043,0,0,0,0,0
25193,ECG,1450,6998,0,0,0,0,0
25193,ECG,1451,6953,0,0,0,0,0
25193,ECG,1452,6909,0,0,0,0,0
25193,ECG,1453,6865,0,0,0,0,0
25193,ECG,1454,6821,0,0,0,0,0
25203,ECG,1455,6778,0,0,0,0,0
25203,ECG,1456,6735,0,0,0,0,0
25203,ECG,1457,6692,0,0,0,0,0
25203,ECG,1458,6650,0,0,0,0,0
25203,ECG,1459,6608,0,0,0,0,0
25212,ECG,1460,6566,0,0,0,0,0
25212,ECG,1461,6524,0,0,0,0,0
25212,ECG,1462,6482,0,0,0,0,0
25212,ECG,1463,6441,0,0,0,0,0
25212,ECG,1464,6400,0,0,0,0,0
25222,ECG,1465,6359,0,0,0,0,0
25222,ECG,1466,6319,0,0,0,0,0
25222,ECG,1467,6279,0,0,0,0,0
25222,ECG,1468,6239,0,0,0,0,0
25222,ECG,1469,6199,0,0,0,0,0
25232,ECG,1470,6159,0,0,0,0,0
25232,ECG,1471,6120,0,0,0,0,0
25232,ECG,1472,6081,0,0,0,0,0
25232,ECG,1473,6042,0,0,0,0,0
25232,ECG,1474,6004,0,0,0,0,0
25242,ECG,1475,5966,0,0,0,0,0
25242,ECG,1476,5928,0,0,0,0,0
25242,ECG,1477,5890,0,0,0,0,0
25242,ECG,1478,5852,0,0,0,0,0
25242,ECG,1479,5815,0,0,0,0,0
25252,ECG,1480,5778,0,0,0,0,0
25252,ECG,1481,5741,0,0,0,0,0
25252,ECG,1482,5705,0,0,0,0,0
25252,ECG,1483,5669,0,0,0,0,0
25252,ECG,1484,5632,0,0,0,0,0
25261,ECG,1485,5596,0,0,0,0,0
25261,ECG,1486,5561,0,0,0,0,0
25261,ECG,1487,5525,0,0,0,0,0
25261,ECG,1488,5490,0,0,0,0,0
25261,ECG,1489,5455,0,0,0,0,0
25271,ECG,1490,5420,0,0,0,0,0
25271,ECG,1491,5386,0,0,0,0,0
25271,ECG,1492,5351,0,0,0,0,0
25271,ECG,1493,5317,0,0,0,0,0
25271,ECG,1494,5283,0,0,0,0,0
25281,ECG,1495,5249,0,0,0,0,0
25281,ECG,1496,5216,0,0,0,0,0
25281,ECG,1497,5183,0,0,0,0,0
25281,ECG,1498,5150,0,0,0,0,0
25281,ECG,1499,5117,0,0,0,0,0
25291,ECG,1500,5084,0,0,0,0,0
25291,ECG,1501,5051,0,0,0,0,0
25291,ECG,1502,5019,0,0,0,0,0
25291,ECG,1503,4987,0,0,0,0,0
25291,ECG,1504,4955,0,0,0,0,0
25300,ECG,1505,4924,0,0,0,0,0
25300,ECG,1506,4892,0,0,0,0,0
25300,ECG,1507,4861,0,0,0,0,0
25300,ECG,1508,4830,0,0,0,0,0
25300,ECG,1509,4799,0,0,0,0,0
25310,ECG,1510,4768,0,0,0,0,0
25310,ECG,1511,4738,0,0,0,0,0
25310,ECG,1512,4707,0,0,0,0,0
25310,ECG,1513,4677,0,0,0,0,0
25310,ECG,1514,4647,0,0,0,0,0
25320,ECG,1515,4618,0,0,0,0,0
25320,ECG,1516,4588,0,0,0,0,0
25320,ECG,1517,4559,0,0,0,0,0
25320,ECG,1518,4530,0,0,0,0,0
25320,ECG,1519,4501,0,0,0,0,0
25330,ECG,1520,4472,0,0,0,0,0
25330,ECG,1521,4443,0,0,0,0,0
25330,ECG,1522,4415,0,0,0,0,0
25330,ECG,1523,4386,0,0,0,0,0
25330,ECG,1524,4358,0,0,0,0,0
25340,ECG,1525,4330,0,0,0,0,0
25340,ECG,1526,4303,0,0,0,0,0
25340,ECG,1527,4275,0,0,0,0,0
25340,ECG,1528,4248,0,0,0,0,0
25340,ECG,1529,4220,0,0,0,0,0
25349,ECG,1530,4193,0,0,0,0,0
25349,ECG,1531,4166,0,0,0,0,0
25349,ECG,1532,4140,0,0,0,0,0
25349,ECG,1533,4113,0,0,0,0,0
25349,ECG,1534,4087,0,0,0,0,0
25359,ECG,1535,4060,0,0,0,0,0
25359,ECG,1536,4034,0,0,0,0,0
25359,ECG,1537,4008,0,0,0,0,0
25359,ECG,1538,3983,0,0,0,0,0
25359,ECG,1539,3957,0,0,0,0,0
25369,ECG,1540,3932,0,0,0,0,0
25369,ECG,1541,3906,0,0,0,0,0
25369,ECG,1542,3881,0,0,0,0,0
25369,ECG,1543,3856,0,0,0,0,0
25369,ECG,1544,3832,0,0,0,0,0
25379,ECG,1545,3807,0,0,0,0,0
25379,ECG,1546,3782,0,0,0,0,0
25379,ECG,1547,3758,0,0,0,0,0
25379,ECG,1548,3734,0,0,0,0,0
25379,ECG,1549,3710,0,0,0,0,0
25389,ECG,1550,3686,0,0,0,0,0
25389,ECG,1551,3662,0,0,0,0,0
25389,ECG,1552,3639,0,0,0,0,0
25389,ECG,1553,3615,0,0,0,0,0
25389,ECG,1554,3592,0,0,0,0,0
25398,ECG,1555,3569,0,0,0,0,0
25398,ECG,1556,3546,0,0,0,0,0
25398,ECG,1557,3523,0,0,0,0,0
25398,ECG,1558,3500,0,0,0,0,0
25398,ECG,1559,3478,0,0,0,0,0
25408,ECG,1560,3455,0,0,0,0,0
25408,ECG,1561,3433,0,0,0,0,0
25408,ECG,1562,3411,0,0,0,0,0
25408,ECG,1563,3389,0,0,0,0,0
25408,ECG,1564,3367,0,0,0,0,0
25418,ECG,1565,3345,0,0,0,0,0
25418,ECG,1566,3324,0,0,0,0,0
25418,ECG,1567,3302,0,0,0,0,0
25418,ECG,1568,3281,0,0,0,0,0
25418,ECG,1569,3260,0,0,0,0,0
25428,ECG,1570,3239,0,0,0,0,0
25428,ECG,1571,3218,0,0,0,0,0
25428,ECG,1572,3197,0,0,0,0,0
25428,ECG,1573,3176,0,0,0,0,0
25428,ECG,1574,3156,0,0,0,0,0
25437,ECG,1575,3135,0,0,0,0,0
25437,ECG,1576,3115,0,0,0,0,0
25437,ECG,1577,3095,0,0,0,0,0
25437,ECG,1578,3075,0,0,0,0,0
25437,ECG,1579,3055,0,0,0,0,0
25447,ECG,1580,3035,0,0,0,0,0
25447,ECG,1581,3015,0,0,0,0,0
25447,ECG,1582,2996,0,0,0,0,0
25447,ECG,1583,2976,0,0,0,0,0
25447,ECG,1584,2957,0,0,0,0,0
25457,ECG,1585,2938,0,0,0,0,0
25457,ECG,1586,2919,0,0,0,0,0
25457,ECG,1587,2900,0,0,0,0,0
25457,ECG,1588,2881,0,0,0,0,0
25457,ECG,1589,2862,0,0,0,0,0
25467,ECG,1590,2844,0,0,0,0,0
25467,ECG,1591,2825,0,0,0,0,0
25467,ECG,1592,2807,0,0,0,0,0
25467,ECG,1593,2789,0,0,0,0,0
25467,ECG,1594,2771,0,0,0,0,0
25477,ECG,1595,2753,0,0,0,0,0
25477,ECG,1596,2735,0,0,0,0,0
25477,ECG,1597,2717,0,0,0,0,0
25477,ECG,1598,2700,0,0,0,0,0
25477,ECG,1599,2682,0,0,0,0,0
25486,ECG,1600,2665,0,0,0,0,0
25486,ECG,1601,2647,0,0,0,0,0
25486,ECG,1602,2630,0,0,0,0,0
25486,ECG,1603,2613,0,0,0,0,0
25486,ECG,1604,2596,0,0,0,0,0
25496,ECG,1605,2579,0,0,0,0,0
25496,ECG,1606,2562,0,0,0,0,0
25496,ECG,1607,2546,0,0,0,0,0
25496,ECG,1608,2529,0,0,0,0,0
25496,ECG,1609,2513,0,0,0,0,0
25506,ECG,1610,2496,0,0,0,0,0
25506,ECG,1611,2480,0,0,0,0,0
25506,ECG,1612,2464,0,0,0,0,0
25506,ECG,1613,2448,0,0,0,0,0
25506,ECG,1614,2432,0,0,0,0,0
25516,ECG,1615,2416,0,0,0,0,0
25516,ECG,1616,2400,0,0,0,0,0
25516,ECG,1617,2385,0,0,0,0,0
25516,ECG,1618,2369,0,0,0,0,0
25516,ECG,1619,2354,0,0,0,0,0
25526,ECG,1620,2338,0,0,0,0,0
25526,ECG,1621,2323,0,0,0,0,0
25526,ECG,1622,2308,0,0,0,0,0
25526,ECG,1623,2293,0,0,0,0,0
25526,ECG,1624,2278,0,0,0,0,0
25535,ECG,1625,2263,0,0,0,0,0
25535,ECG,1626,2248,0,0,0,0,0
25535,ECG,1627,2233,0,0,0,0,0
25535,ECG,1628,2219,0,0,0,0,0
25535,ECG,1629,2204,0,0,0,0,0
25545,ECG,1630,2190,0,0,0,0,0
25545,ECG,1631,2176,0,0,0,0,0
25545,ECG,1632,2161,0,0,0,0,0
25545,ECG,1633,2147,0,0,0,0,0
25545,ECG,1634,2133,0,0,0,0,0
25555,ECG,1635,2119,0,0,0,0,0
25555,ECG,1636,2105,0,0,0,0,0
25555,ECG,1637,2091,0,0,0,0,0
25555,ECG,1638,2078,0,0,0,0,0
25555,ECG,1639,2064,0,0,0,0,0
25565,ECG,1640,2050,0,0,0,0,0
25565,ECG,1641,2037,0,0,0,0,0
25565,ECG,1642,2023,0,0,0,0,0
25565,ECG,1643,2010,0,0,0,0,0
25565,ECG,1644,1997,0,0,0,0,0
25574,ECG,1645,1984,0,0,0,0,0
25574,ECG,1646,1971,0,0,0,0,0
25574,ECG,1647,1958,0,0,0,0,0
25574,ECG,1648,1945,0,0,0,0,0
25574,ECG,1649,1932,0,0,0,0,0
25584,ECG,1650,1919,0,0,0,0,0
25584,ECG,1651,1906,0,0,0,0,0
25584,ECG,1652,1894,0,0,0,0,0
25584,ECG,1653,1881,0,0,0,0,0
25584,ECG,1654,1869,0,0,0,0,0
25594,ECG,1655,1857,0,0,0,0,0
25594,ECG,1656,1844,0,0,0,0,0
25594,ECG,1657,1832,0,0,0,0,0
25594,ECG,1658,1820,0,0,0,0,0
25594,ECG,1659,1808,0,0,0,0,0
25604,ECG,1660,1796,0,0,0,0,0
25604,ECG,1661,1784,0,0,0,0,0
25604,ECG,1662,1772,0,0,0,0,0
25604,ECG,1663,1761,0,0,0,0,0
25604,ECG,1664,1749,0,0,0,0,0
25614,ECG,1665,1737,0,0,0,0,0
25614,ECG,1666,1726,0,0,0,0,0
25614,ECG,1667,1714,0,0,0,0,0
25614,ECG,1668,1703,0,0,0,0,0
25614,ECG,1669,1692,0,0,0,0,0
25623,ECG,1670,1681,0,0,0,0,0
25623,ECG,1671,1669,0,0,0,0,0
25623,ECG,1672,1658,0,0,0,0,0
25623,ECG,1673,1647,0,0,0,0,0
25623,ECG,1674,1636,0,0,0,0,0
25633,ECG,1675,1625,0,0,0,0,0
25633,ECG,1676,1615,0,0,0,0,0
25633,ECG,1677,1604,0,0,0,0,0
25633,ECG,1678,1593,0,0,0,0,0
25633,ECG,1679,1583,0,0,0,0,0
25643,ECG,1680,1572,0,0,0,0,0
25643,ECG,1681,1562,0,0,0,0,0
25643,ECG,1682,1551,0,0,0,0,0
25643,ECG,1683,1541,0,0,0,0,0
25643,ECG,1684,1531,0,0,0,0,0
25653,ECG,1685,1520,0,0,0,0,0
25653,ECG,1686,1510,0,0,0,0,0
25653,ECG,1687,1500,0,0,0,0,0
25653,ECG,1688,1490,0,0,0,0,0
25653,ECG,1689,1480,0,0,0,0,0
25663,ECG,1690,1470,0,0,0,0,0
25663,ECG,1691,1460,0,0,0,0,0
25663,ECG,1692,1451,0,0,0,0,0
25663,ECG,1693,1441,0,0,0,0,0
25663,ECG,1694,1431,0,0,0,0,0
25672,ECG,1695,1422,0,0,0,0,0
25672,ECG,1696,1412,0,0,0,0,0
25672,ECG,1697,1403,0,0,0,0,0
25672,ECG,1698,1393,0,0,0,0,0
25672,ECG,1699,1384,0,0,0,0,0
25682,ECG,1700,1375,0,0,0,0,0
25682,ECG,1701,1365,0,0,0,0,0
25682,ECG,1702,1356,0,0,0,0,0
25682,ECG,1703,1347,0,0,0,0,0
25682,ECG,1704,1338,0,0,0,0,0
25692,ECG,1705,1329,0,0,0,0,0
25692,ECG,1706,1320,0,0,0,0,0
25692,ECG,1707,1311,0,0,0,0,0
25692,ECG,1708,1302,0,0,0,0,0
25692,ECG,1709,1294,0,0,0,0,0
25702,ECG,1710,1285,0,0,0,0,0
25702,ECG,1711,1276,0,0,0,0,0
25702,ECG,1712,1268,0,0,0,0,0
25702,ECG,1713,1259,0,0,0,0,0
25702,ECG,1714,1251,0,0,0,0,0
25711,ECG,1715,1242,0,0,0,0,0
25711,ECG,1716,1234,0,0,0,0,0
25711,ECG,1717,1225,0,0,0,0,0
25711,ECG,1718,1217,0,0,0,0,0
25712,ECG,1719,1209,0,0,0,0,0
25721,ECG,1720,1201,0,0,0,0,0
25721,ECG,1721,1192,0,0,0,0,0
25721,ECG,1722,1184,0,0,0,0,0
25721,ECG,1723,1176,0,0,0,0,0
25721,ECG,1724,1168,0,0,0,0,0
25731,ECG,1725,1160,0,0,0,0,0
25731,ECG,1726,1152,0,0,0,0,0
25731,ECG,1727,1145,0,0,0,0,0
25731,ECG,1728,1137,0,0,0,0,0
25731,ECG,1729,1129,0,0,0,0,0
26741,ECG,1730,0,0,0,0,0,0
26741,ECG,1731,-1,0,0,0,0,0
26741,ECG,1732,-6,0,0,0,0,0
26741,ECG,1733,2,0,0,0,0,0
26741,ECG,1734,6,0,0,0,0,0
26751,ECG,1735,-17,0,0,0,0,0
26751,ECG,1736,38,0,0,0,0,0
26751,ECG,1737,-16,0,0,0,0,0
26751,ECG,1738,-26,0,0,0,0,0
26751,ECG,1739,151,0,0,0,0,0
26760,ECG,1740,-753,0,0,0,0,0
26760,ECG,1741,-2109,0,0,0,0,0
26760,ECG,1742,-1850,0,0,0,0,0
26760,ECG,1743,-36,0,0,0,0,0
26760,ECG,1744,3394,0,0,0,0,0
26770,ECG,1745,8729,0,0,0,0,0
26770,ECG,1746,15156,0,0,0,0,0
26770,ECG,1747,21689,0,0,0,0,0
26770,ECG,1748,27397,0,0,0,0,0
26770,ECG,1749,31311,0,0,0,0,0
26780,ECG,1750,32011,0,0,0,0,0
26780,ECG,1751,31810,0,0,0,0,0
26780,ECG,1752,31610,0,0,0,0,0
26780,ECG,1753,31343,0,0,0,0,0
26780,ECG,1754,31109,0,0,0,0,0
26790,ECG,1755,31019,0,0,0,0,0
26790,ECG,1756,30731,0,0,0,0,0
26790,ECG,1757,30591,0,0,0,0,0
26790,ECG,1758,30395,0,0,0,0,0
26790,ECG,1759,30195,0,0,0,0,0
26800,ECG,1760,30019,0,0,0,0,0
26800,ECG,1761,29827,0,0,0,0,0
26800,ECG,1762,29638,0,0,0,0,0
26800,ECG,1763,29451,0,0,0,0,0
26800,ECG,1764,29266,0,0,0,0,0
26809,ECG,1765,29082,0,0,0,0,0
26809,ECG,1766,28900,0,0,0,0,0
26809,ECG,1767,28718,0,0,0,0,0
26809,ECG,1768,28537,0,0,0,0,0
26809,ECG,1769,28358,0,0,0,0,0
26819,ECG,1770,28180,0,0,0,0,0
26819,ECG,1771,28002,0,0,0,0,0
26819,ECG,1772,27826,0,0,0,0,0
26819,ECG,1773,27651,0,0,0,0,0
26819,ECG,1774,27478,0,0,0,0,0
26829,ECG,1775,27305,0,0,0,0,0
26829,ECG,1776,27133,0,0,0,0,0
26829,ECG,1777,26963,0,0,0,0,0
26829,ECG,1778,26793,0,0,0,0,0
26829,ECG,1779,26625,0,0,0,0,0
26839,ECG,1780,26457,0,0,0,0,0
26839,ECG,1781,26291,0,0,0,0,0
26839,ECG,1782,26126,0,0,0,0,0
26839,ECG,1783,25961,0,0,0,0,0
26839,ECG,1784,25798,0,0,0,0,0
26849,ECG,1785,25636,0,0,0,0,0
26849,ECG,1786,25475,0,0,0,0,0
26849,ECG,1787,25314,0,0,0,0,0
26849,ECG,1788,25155,0,0,0,0,0
26849,ECG,1789,24997,0,0,0,0,0
26858,ECG,1790,24840,0,0,0,0,0
26858,ECG,1791,24683,0,0,0,0,0
26858,ECG,1792,24528,0,0,0,0,0
26858,ECG,1793,24374,0,0,0,0,0
26858,ECG,1794,24221,0,0,0,0,0
26868,ECG,1795,24068,0,0,0,0,0
26868,ECG,1796,23917,0,0,0,0,0
26868,ECG,1797,23766,0,0,0,0,0
26868,ECG,1798,23617,0,0,0,0,0
26868,ECG,1799,23468,0,0,0,0,0
26878,ECG,1800,23321,0,0,0,0,0
26878,ECG,1801,23174,0,0,0,0,0
26878,ECG,1802,23028,0,0,0,0,0
26878,ECG,1803,22883,0,0,0,0,0
26878,ECG,1804,22739,0,0,0,0,0
26888,ECG,1805,22596,0,0,0,0,0
26888,ECG,1806,22454,0,0,0,0,0
26888,ECG,1807,22313,0,0,0,0,0
26888,ECG,1808,22172,0,0,0,0,0
26888,ECG,1809,22033,0,0,0,0,0
26897,ECG,1810,21894,0,0,0,0,0
26897,ECG,1811,21756,0,0,0,0,0
26897,ECG,1812,21619,0,0,0,0,0
26897,ECG,1813,21483,0,0,0,0,0
26897,ECG,1814,21348,0,0,0,0,0
26907,ECG,1815,21214,0,0,0,0,0
26907,ECG,1816,21080,0,0,0,0,0
26907,ECG,1817,20948,0,0,0,0,0
26907,ECG,1818,20816,0,0,0,0,0
26907,ECG,1819,20685,0,0,0,0,0
26917,ECG,1820,20555,0,0,0,0,0
26917,ECG,1821,20425,0,0,0,0,0
26917,ECG,1822,20297,0,0,0,0,0
26917,ECG,1823,20169,0,0,0,0,0
26917,ECG,1824,20042,0,0,0,0,0
26927,ECG,1825,19916,0,0,0,0,0
26927,ECG,1826,19790,0,0,0,0,0
26927,ECG,1827,19666,0,0,0,0,0
26927,ECG,1828,19542,0,0,0,0,0
26927,ECG,1829,19419,0,0,0,0,0
26937,ECG,1830,19297,0,0,0,0,0
26937,ECG,1831,19175,0,0,0,0,0
26937,ECG,1832,19055,0,0,0,0,0
26937,ECG,1833,18935,0,0,0,0,0
26937,ECG,1834,18815,0,0,0,0,0
26946,ECG,1835,18697,0,0,0,0,0
26946,ECG,1836,18579,0,0,0,0,0
26946,ECG,1837,18462,0,0,0,0,0
26946,ECG,1838,18346,0,0,0,0,0
26946,ECG,1839,18230,0,0,0,0,0
26956,ECG,1840,18116,0,0,0,0,0
26956,ECG,1841,18002,0,0,0,0,0
26956,ECG,1842,17888,0,0,0,0,0
26956,ECG,1843,17775,0,0,0,0,0
26956,ECG,1844,17663,0,0,0,0,0
26966,ECG,1845,17552,0,0,0,0,0
26966,ECG,1846,17442,0,0,0,0,0
26966,ECG,1847,17332,0,0,0,0,0
26966,ECG,1848,17222,0,0,0,0,0
26966,ECG,1849,17114,0,0,0,0,0
26976,ECG,1850,17006,0,0,0,0,0
26976,ECG,1851,16899,0,0,0,0,0
26976,ECG,1852,16792,0,0,0,0,0
26976,ECG,1853,16687,0,0,0,0,0
26976,ECG,1854,16581,0,0,0,0,0
26986,ECG,1855,16477,0,0,0,0,0
26986,ECG,1856,16373,0,0,0,0,0
26986,ECG,1857,16270,0,0,0,0,0
26986,ECG,1858,16167,0,0,0,0,0
26986,ECG,1859,16065,0,0,0,0,0
26995,ECG,1860,15964,0,0,0,0,0
26995,ECG,1861,15864,0,0,0,0,0
26995,ECG,1862,15764,0,0,0,0,0
26995,ECG,1863,15664,0,0,0,0,0
26995,ECG,1864,15566,0,0,0,0,0
27005,ECG,1865,15467,0,0,0,0,0
27005,ECG,1866,15370,0,0,0,0,0
27005,ECG,1867,15273,0,0,0,0,0
27005,ECG,1868,15177,0,0,0,0,0
27005,ECG,1869,15081,0,0,0,0,0
27015,ECG,1870,14986,0,0,0,0,0
27015,ECG,1871,14891,0,0,0,0,0
27015,ECG,1872,14797,0,0,0,0,0
27015,ECG,1873,14704,0,0,0,0,0
27015,ECG,1874,14611,0,0,0,0,0
27025,ECG,1875,14519,0,0,0,0,0
27025,ECG,1876,14428,0,0,0,0,0
27025,ECG,1877,14337,0,0,0,0,0
27025,ECG,1878,14246,0,0,0,0,0
27025,ECG,1879,14156,0,0,0,0,0
27034,ECG,1880,14067,0,0,0,0,0
27034,ECG,1881,13978,0,0,0,0,0
27034,ECG,1882,13890,0,0,0,0,0
27034,ECG,1883,13802,0,0,0,0,0
27034,ECG,1884,13715,0,0,0,0,0
27044,ECG,1885,13629,0,0,0,0,0
27044,ECG,1886,13543,0,0,0,0,0
27044,ECG,1887,13457,0,0,0,0,0
27044,ECG,1888,13372,0,0,0,0,0
27044,ECG,1889,13288,0,0,0,0,0
27054,ECG,1890,13204,0,0,0,0,0
27054,ECG,1891,13121,0,0,0,0,0
27054,ECG,1892,13038,0,0,0,0,0
27054,ECG,1893,12956,0,0,0,0,0
27054,ECG,1894,12874,0,0,0,0,0
27064,ECG,1895,12793,0,0,0,0,0
27064,ECG,1896,12712,0,0,0,0,0
27064,ECG,1897,12632,0,0,0,0,0
27064,ECG,1898,12552,0,0,0,0,0
27064,ECG,1899,12473,0,0,0,0,0
27074,ECG,1900,12394,0,0,0,0,0
27074,ECG,1901,12316,0,0,0,0,0
27074,ECG,1902,12238,0,0,0,0,0
27074,ECG,1903,12161,0,0,0,0,0
27074,ECG,1904,12084,0,0,0,0,0
27083,ECG,1905,12008,0,0,0,0,0
27083,ECG,1906,11932,0,0,0,0,0
27083,ECG,1907,11857,0,0,0,0,0
27083,ECG,1908,11782,0,0,0,0,0
27083,ECG,1909,11707,0,0,0,0,0
27093,ECG,1910,11633,0,0,0,0,0
27093,ECG,1911,11560,0,0,0,0,0
27093,ECG,1912,11487,0,0,0,0,0
27093,ECG,1913,11414,0,0,0,0,0
27093,ECG,1914,11342,0,0,0,0,0
27103,ECG,1915,11271,0,0,0,0,0
27103,ECG,1916,11199,0,0,0,0,0
27103,ECG,1917,11129,0,0,0,0,0
27103,ECG,1918,11058,0,0,0,0,0
27103,ECG,1919,10988,0,0,0,0,0
27113,ECG,1920,10919,0,0,0,0,0
27113,ECG,1921,10850,0,0,0,0,0
27113,ECG,1922,10781,0,0,0,0,0
27113,ECG,1923,10713,0,0,0,0,0
27113,ECG,1924,10645,0,0,0,0,0
27122,ECG,1925,10578,0,0,0,0,0
27122,ECG,1926,10511,0,0,0,0,0
27122,ECG,1927,10445,0,0,0,0,0
27122,ECG,1928,10379,0,0,0,0,0
27122,ECG,1929,10313,0,0,0,0,0
27132,ECG,1930,10248,0,0,0,0,0
27132,ECG,1931,10183,0,0,0,0,0
27132,ECG,1932,10118,0,0,0,0,0
27132,ECG,1933,10054,0,0,0,0,0
27132,ECG,1934,9991,0,0,0,0,0
27142,ECG,1935,9928,0,0,0,0,0
27142,ECG,1936,9865,0,0,0,0,0
27142,ECG,1937,9802,0,0,0,0,0
27142,ECG,1938,9740,0,0,0,0,0
27142,ECG,1939,9679,0,0,0,0,0
27152,ECG,1940,9617,0,0,0,0,0
27152,ECG,1941,9557,0,0,0,0,0
27152,ECG,1942,9496,0,0,0,0,0
27152,ECG,1943,9436,0,0,0,0,0
27152,ECG,1944,9376,0,0,0,0,0
27162,ECG,1945,9317,0,0,0,0,0
27162,ECG,1946,9258,0,0,0,0,0
27162,ECG,1947,9200,0,0,0,0,0
27162,ECG,1948,9141,0,0,0,0,0
27162,ECG,1949,9083,0,0,0,0,0
27171,ECG,1950,9026,0,0,0,0,0
27171,ECG,1951,8969,0,0,0,0,0
27171,ECG,1952,8912,0,0,0,0,0
27171,ECG,1953,8855,0,0,0,0,0
27171,ECG,1954,8799,0,0,0,0,0
27181,ECG,1955,8744,0,0,0,0,0
27181,ECG,1956,8688,0,0,0,0,0
27181,ECG,1957,8633,0,0,0,0,0
27181,ECG,1958,8578,0,0,0,0,0
27181,ECG,1959,8524,0,0,0,0,0
27191,ECG,1960,8470,0,0,0,0,0
27191,ECG,1961,8416,0,0,0,0,0
27191,ECG,1962,8363,0,0,0,0,0
27191,ECG,1963,8310,0,0,0,0,0
27191,ECG,1964,8258,0,0,0,0,0
27201,ECG,1965,8205,0,0,0,0,0
27201,ECG,1966,8152,0,0,0,0,0
27201,ECG,1967,8104,0,0,0,0,0
27201,ECG,1968,8048,0,0,0,0,0
27201,ECG,1969,7998,0,0,0,0,0
27211,ECG,1970,7972,0,0,0,0,0
27211,ECG,1971,7916,0,0,0,0,0
27211,ECG,1972,7833,0,0,0,0,0
27211,ECG,1973,7760,0,0,0,0,0
27211,ECG,1974,7679,0,0,0,0,0
27220,ECG,1975,7599,0,0,0,0,0
27220,ECG,1976,7537,0,0,0,0,0
27220,ECG,1977,7491,0,0,0,0,0
27220,ECG,1978,7463,0,0,0,0,0
27220,ECG,1979,7450,0,0,0,0,0
27230,ECG,1980,7430,0,0,0,0,0
27230,ECG,1981,7409,0,0,0,0,0
27230,ECG,1982,7392,0,0,0,0,0
27230,ECG,1983,7337,0,0,0,0,0
27230,ECG,1984,7269,0,0,0,0,0
27240,ECG,1985,7228,0,0,0,0,0
27240,ECG,1986,7183,0,0,0,0,0
27240,ECG,1987,7132,0,0,0,0,0
27240,ECG,1988,7095,0,0,0,0,0
27240,ECG,1989,7045,0,0,0,0,0
27250,ECG,1990,6994,0,0,0,0,0
27250,ECG,1991,6999,0,0,0,0,0
27250,ECG,1992,6956,0,0,0,0,0
27250,ECG,1993,6848,0,0,0,0,0
27250,ECG,1994,6749,0,0,0,0,0
27259,ECG,1995,6640,0,0,0,0,0
27259,ECG,1996,6526,0,0,0,0,0
27259,ECG,1997,6444,0,0,0,0,0
27259,ECG,1998,6404,0,0,0,0,0
27259,ECG,1999,6400,0,0,0,0,0
27269,ECG,2000,6421,0,0,0,0,0
27269,ECG,2001,6478,0,0,0,0,0
27269,ECG,2002,6516,0,0,0,0,0
27269,ECG,2003,6496,0,0,0,0,0
27269,ECG,2004,6405,0,0,0,0,0
27279,ECG,2005,6266,0,0,0,0,0
27279,ECG,2006,6166,0,0,0,0,0
27279,ECG,2007,6094,0,0,0,0,0
27279,ECG,2008,6040,0,0,0,0,0
27279,ECG,2009,6025,0,0,0,0,0
27289,ECG,2010,6039,0,0,0,0,0
27289,ECG,2011,6059,0,0,0,0,0
27289,ECG,2012,6065,0,0,0,0,0
27289,ECG,2013,6084,0,0,0,0,0
27289,ECG,2014,6065,0,0,0,0,0
27299,ECG,2015,5986,0,0,0,0,0
27299,ECG,2016,5939,0,0,0,0,0
27299,ECG,2017,5910,0,0,0,0,0
27299,ECG,2018,5867,0,0,0,0,0
27299,ECG,2019,5831,0,0,0,0,0
27308,ECG,2020,5794,0,0,0,0,0
27308,ECG,2021,5756,0,0,0,0,0
27308,ECG,2022,5720,0,0,0,0,0
27308,ECG,2023,5684,0,0,0,0,0
27308,ECG,2024,5647,0,0,0,0,0
27318,ECG,2025,5611,0,0,0,0,0
27318,ECG,2026,5576,0,0,0,0,0
27318,ECG,2027,5540,0,0,0,0,0
27318,ECG,2028,5504,0,0,0,0,0
27318,ECG,2029,5472,0,0,0,0,0
27328,ECG,2030,5432,0,0,0,0,0
27328,ECG,2031,5404,0,0,0,0,0
27328,ECG,2032,5387,0,0,0,0,0
27328,ECG,2033,5339,0,0,0,0,0
27328,ECG,2034,5281,0,0,0,0,0
27338,ECG,2035,5229,0,0,0,0,0
27338,ECG,2036,5169,0,0,0,0,0
27338,ECG,2037,5116,0,0,0,0,0
27338,ECG,2038,5075,0,0,0,0,0
27338,ECG,2039,5049,0,0,0,0,0
27348,ECG,2040,5036,0,0,0,0,0
27348,ECG,2041,5026,0,0,0,0,0
27348,ECG,2042,5027,0,0,0,0,0
27348,ECG,2043,5030,0,0,0,0,0
27348,ECG,2044,4992,0,0,0,0,0
27357,ECG,2045,4922,0,0,0,0,0
27357,ECG,2046,4860,0,0,0,0,0
27357,ECG,2047,4805,0,0,0,0,0
27284,IMU,416,1100,-556,8404,-107,53,31
27303,IMU,417,1088,-296,8464,-120,65,43
27325,IMU,418,1096,-460,8396,-91,66,40
27342,IMU,419,1104,-476,8432,-95,63,33
27361,IMU,420,1148,-356,8400,-92,77,45
27380,IMU,421,1048,-464,8400,-92,67,32
27399,IMU,422,1096,-360,8444,-82,55,35
27418,IMU,423,1176,-428,8312,-90,50,26
27437,IMU,424,1092,-340,8304,-94,60,34
27456,IMU,425,1076,-352,8428,-99,54,33
27475,IMU,426,1116,-388,8484,-93,66,43
27494,IMU,427,1124,-484,8468,-101,68,41
27513,IMU,428,1068,-372,8392,-99,59,38
27532,IMU,429,1012,-320,8416,-110,71,14
27553,IMU,430,1112,-376,8472,-92,58,39
27571,IMU,431,1088,-372,8392,-94,69,28
27590,IMU,432,1160,-436,8424,-88,56,31
27609,IMU,433,1068,-380,8404,-94,61,42
27628,IMU,434,1152,-448,8364,-88,51,39
27647,IMU,435,1140,-440,8368,-87,52,41
27666,IMU,436,1052,-416,8368,-86,55,39
27686,IMU,437,1068,-312,8388,-98,73,37
27704,IMU,438,1128,-372,8340,-76,58,48
27723,IMU,439,1032,-476,8328,-102,72,44
27743,IMU,440,1128,-372,8428,-107,68,41
27764,IMU,441,1100,-448,8332,-88,51,45
27781,IMU,442,1060,-432,8360,-99,60,24
27800,IMU,443,1196,-496,8372,-109,62,35
27819,IMU,444,1080,-468,8368,-83,66,37
27838,IMU,445,1088,-504,8380,-87,59,45
27858,IMU,446,1140,-372,8328,-81,59,47
27876,IMU,447,1024,-348,8412,-99,42,27
27896,IMU,448,1080,-352,8376,-98,59,47
27915,IMU,449,1068,-348,8404,-107,59,33
27934,IMU,450,1068,-428,8372,-103,59,48
27953,IMU,451,1124,-460,8428,-89,66,22
27973,IMU,452,1052,-348,8424,-95,64,45
27992,IMU,453,1092,-436,8304,-97,60,12
28011,IMU,454,1080,-372,8444,-85,75,42
28030,IMU,455,1148,-432,8384,-95,73,31
28049,IMU,456,1068,-516,8388,-85,50,25
28068,IMU,457,1040,-408,8440,-89,67,46
28087,IMU,458,1016,-484,8384,-92,49,43
28106,IMU,459,1068,-488,8444,-93,46,52
28126,IMU,460,1040,-420,8400,-100,56,34
28145,IMU,461,1064,-416,8388,-93,66,34
28164,IMU,462,1060,-448,8416,-106,59,33
28183,IMU,463,1004,-508,8468,-87,60,33
28204,IMU,464,1128,-376,8376,-111,54,39
28221,IMU,465,1104,-344,8496,-88,60,29
28241,IMU,466,1172,-388,8448,-87,48,31
28260,IMU,467,1008,-388,8516,-97,56,40
28279,IMU,468,1028,-372,8364,-87,72,30
28298,IMU,469,1036,-504,8476,-111,84,36
28317,IMU,470,1116,-420,8380,-85,48,41
28336,IMU,471,1216,-320,8336,-94,48,39
28355,IMU,472,1244,-444,8476,-97,62,29
28375,IMU,473,1068,-436,8396,-90,74,27
28394,IMU,474,1100,-340,8388,-104,60,36
28417,IMU,475,1076,-460,8384,-93,50,34
28433,IMU,476,1112,-432,8416,-98,64,53
28451,IMU,477,1120,-368,8312,-102,60,31
28470,IMU,478,1036,-420,8452,-98,72,39
28490,IMU,479,1112,-340,8372,-90,47,39
28509,IMU,480,1016,-452,8484,-94,73,50
28528,IMU,481,1044,-384,8404,-93,72,27
28547,IMU,482,1188,-344,8376,-91,55,26
28566,IMU,483,1084,-436,8392,-89,55,52
28585,IMU,484,1168,-508,8360,-99,61,19
28605,IMU,485,1108,-432,8392,-95,58,43
28624,IMU,486,1156,-468,8432,-98,70,21
28647,IMU,487,1020,-468,8476,-86,39,56
28662,IMU,488,1080,-496,8400,-103,48,32
28681,IMU,489,1184,-428,8432,-93,54,52
28700,IMU,490,1148,-420,8388,-85,81,26
28719,IMU,491,1104,-380,8492,-74,59,21
28739,IMU,492,1036,-384,8416,-89,51,55
28758,IMU,493,972,-388,8364,-80,66,38
28777,IMU,494,1072,-408,8428,-112,55,34
28798,IMU,495,1144,-424,8448,-89,54,35
28815,IMU,496,1096,-276,8396,-117,66,41
28834,IMU,497,1048,-496,8412,-96,48,50
28857,IMU,498,1108,-468,8328,-92,56,39
28876,IMU,499,988,-400,8440,-101,29,37
28893,IMU,500,1112,-492,8336,-90,51,46
28911,IMU,501,1088,-396,8452,-107,54,39
28930,IMU,502,1080,-508,8476,-91,65,25
28949,IMU,503,996,-432,8340,-101,68,37
28968,IMU,504,1168,-488,8352,-97,59,33
28987,IMU,505,1100,-436,8424,-106,59,34
29006,IMU,506,1120,-388,8440,-82,39,40
29026,IMU,507,1172,-428,8412,-90,64,37
29045,IMU,508,988,-464,8344,-89,66,43
29064,IMU,509,1008,-404,8404,-100,57,42
29084,IMU,510,1052,-344,8480,-95,72,22
29102,IMU,511,1148,-400,8380,-93,62,23
29121,IMU,512,1112,-376,8372,-105,62,62
29141,IMU,513,1108,-404,8384,-98,58,33
29160,IMU,514,1036,-420,8432,-94,54,39
29179,IMU,515,1044,-488,8372,-93,61,42
29198,IMU,516,1036,-460,8472,-98,49,29
29217,IMU,517,1168,-416,8460,-85,53,40
29236,IMU,518,988,-448,8364,-91,66,36
29255,IMU,519,1148,-340,8456,-89,43,33
29274,IMU,520,1088,-372,8452,-97,51,35
29295,IMU,521,1108,-372,8276,-87,68,30
29312,IMU,522,1048,-592,8428,-105,65,39
29331,IMU,523,1064,-380,8372,-83,66,47
29351,IMU,524,1128,-336,8360,-104,45,18
29370,IMU,525,1104,-460,8356,-88,45,38
29389,IMU,526,1176,-436,8368,-92,50,46
29408,IMU,527,1096,-344,8376,-110,46,39
29427,IMU,528,1112,-424,8440,-101,60,29
29447,IMU,529,1048,-360,8440,-113,54,32
29465,IMU,530,1096,-404,8504,-89,62,43
29485,IMU,531,988,-428,8444,-87,65,39
29506,IMU,532,1108,-284,8376,-109,59,43
29525,IMU,533,1084,-376,8416,-90,59,28
29542,IMU,534,1100,-400,8492,-89,60,33
29561,IMU,535,1132,-384,8372,-99,65,46
29580,IMU,536,1024,-452,8416,-90,52,30
29599,IMU,537,1140,-404,8368,-97,45,25
29618,IMU,538,1076,-372,8452,-86,55,42
29637,IMU,539,1068,-452,8456,-88,63,22
29657,IMU,540,1112,-428,8324,-102,53,30
29676,IMU,541,1072,-368,8400,-88,50,36
29695,IMU,542,1072,-384,8408,-94,61,45
29714,IMU,543,1040,-440,8400,-96,56,46
29735,IMU,544,992,-340,8384,-102,70,43
29752,IMU,545,1092,-340,8432,-103,56,43
29771,IMU,546,1080,-388,8456,-105,65,39
29790,IMU,547,1236,-364,8368,-88,48,44
29809,IMU,548,1088,-412,8396,-96,66,36
29830,IMU,549,1164,-396,8444,-82,54,41
29848,IMU,550,1192,-404,8416,-102,45,34
29867,IMU,551,1096,-432,8472,-106,64,34
29886,IMU,552,1192,-444,8400,-87,50,40
29905,IMU,553,1024,-500,8240,-105,61,26
29924,IMU,554,1144,-344,8400,-88,50,35
29947,IMU,555,1152,-536,8388,-97,53,43
29963,IMU,556,972,-388,8444,-92,49,18
29982,IMU,557,1028,-500,8400,-104,70,45
30001,IMU,558,1136,-340,8344,-77,52,45
30020,IMU,559,1088,-360,8384,-98,52,38
30039,IMU,560,1072,-456,8416,-101,58,22
30058,IMU,561,1144,-392,8360,-92,50,21
30077,IMU,562,1132,-388,8380,-99,71,38
30097,IMU,563,1144,-384,8416,-99,51,29
30116,IMU,564,1028,-452,8356,-86,57,35
30135,IMU,565,1096,-396,8428,-89,69,40
30154,IMU,566,1108,-504,8368,-103,71,41
30174,IMU,567,1036,-392,8408,-93,61,41
30192,IMU,568,980,-476,8392,-95,68,55
30212,IMU,569,1052,-404,8468,-106,46,47
30231,IMU,570,1052,-408,8372,-108,78,48
30250,IMU,571,1152,-380,8404,-92,63,53
30269,IMU,572,1092,-480,8464,-93,58,56
30288,IMU,573,1016,-396,8400,-84,50,38
30307,IMU,574,1064,-380,8412,-89,61,44
30327,IMU,575,1036,-396,8356,-115,45,41
30346,IMU,576,1120,-456,8364,-111,56,39
30365,IMU,577,1132,-392,8436,-93,64,39
30386,IMU,578,1100,-420,8368,-98,53,35
30403,IMU,579,1176,-440,8416,-106,59,46
30422,IMU,580,1104,-376,8456,-86,56,39
30441,IMU,581,1088,-448,8360,-107,64,39
30461,IMU,582,1056,-420,8376,-88,59,34
30480,IMU,583,1116,-316,8420,-107,51,39
30499,IMU,584,1068,-468,8424,-97,62,32
30518,IMU,585,1140,-336,8424,-89,66,28
30537,IMU,586,1052,-428,8352,-98,53,37
30556,IMU,587,1088,-440,8368,-100,65,51
30576,IMU,588,1064,-452,8384,-114,70,44
30597,IMU,589,1088,-384,8456,-88,66,37
30615,IMU,590,1052,-416,8444,-86,60,34
30633,IMU,591,1064,-332,8444,-108,59,30
30652,IMU,592,1052,-540,8428,-85,61,31
30671,IMU,593,1112,-464,8388,-88,62,26
30691,IMU,594,1088,-440,8376,-100,62,42
30710,IMU,595,1040,-408,8348,-93,54,23
30729,IMU,596,1020,-368,8424,-104,63,56
30748,IMU,597,928,-436,8348,-98,63,43
30767,IMU,598,1132,-304,8432,-68,64,33
30786,IMU,599,1040,-488,8516,-86,50,52
30806,IMU,600,1104,-428,8276,-96,69,38
30826,IMU,601,1120,-456,8396,-108,49,40
30844,IMU,602,1084,-444,8356,-91,59,46
30864,IMU,603,1076,-384,8376,-86,59,35
30882,IMU,604,1140,-328,8388,-102,55,31
30901,IMU,605,1048,-448,8376,-112,71,38
30920,IMU,606,1016,-456,8464,-109,53,39
30940,IMU,607,1096,-372,8392,-83,66,31
30959,IMU,608,1200,-376,8396,-87,68,23
30978,IMU,609,1164,-420,8324,-111,51,48
30997,IMU,610,1124,-344,8516,-100,63,38
31016,IMU,611,1040,-452,8388,-98,55,45
31039,IMU,612,1040,-388,8428,-105,50,31
31055,IMU,613,1224,-388,8460,-88,71,25
31073,IMU,614,1048,-428,8400,-90,57,15
31092,IMU,615,1112,-404,8488,-83,59,38
31111,IMU,616,1140,-440,8468,-98,60,41
31131,IMU,617,1128,-368,8492,-95,64,37
31150,IMU,618,980,-380,8380,-99,57,41
31169,IMU,619,1092,-500,8396,-96,61,46
31188,IMU,620,1020,-360,8332,-100,52,30
31207,IMU,621,1048,-420,8360,-87,47,40
31226,IMU,622,1104,-464,8460,-83,59,42
31245,IMU,623,1144,-404,8452,-94,71,33
27357,ECG,2048,4755,0,0,0,0,0
27357,ECG,2049,4720,0,0,0,0,0
27367,ECG,2050,4701,0,0,0,0,0
27367,ECG,2051,4694,0,0,0,0,0
27367,ECG,2052,4691,0,0,0,0,0
27367,ECG,2053,4680,0,0,0,0,0
27367,ECG,2054,4677,0,0,0,0,0
27377,ECG,2055,4656,0,0,0,0,0
27377,ECG,2056,4607,0,0,0,0,0
27377,ECG,2057,4574,0,0,0,0,0
27377,ECG,2058,4548,0,0,0,0,0
27377,ECG,2059,4517,0,0,0,0,0
27387,ECG,2060,4490,0,0,0,0,0
27387,ECG,2061,4457,0,0,0,0,0
27387,ECG,2062,4440,0,0,0,0,0
27387,ECG,2063,4423,0,0,0,0,0
27387,ECG,2064,4374,0,0,0,0,0
27396,ECG,2065,4327,0,0,0,0,0
27396,ECG,2066,4281,0,0,0,0,0
27396,ECG,2067,4229,0,0,0,0,0
27396,ECG,2068,4186,0,0,0,0,0
27396,ECG,2069,4157,0,0,0,0,0
27406,ECG,2070,4138,0,0,0,0,0
27406,ECG,2071,4131,0,0,0,0,0
27406,ECG,2072,4128,0,0,0,0,0
27406,ECG,2073,4118,0,0,0,0,0
27406,ECG,2074,4114,0,0,0,0,0
27416,ECG,2075,4097,0,0,0,0,0
27416,ECG,2076,4053,0,0,0,0,0
27416,ECG,2077,4024,0,0,0,0,0
27416,ECG,2078,4003,0,0,0,0,0
27416,ECG,2079,3973,0,0,0,0,0
27426,ECG,2080,3950,0,0,0,0,0
27426,ECG,2081,3924,0,0,0,0,0
27426,ECG,2082,3896,0,0,0,0,0
27426,ECG,2083,3884,0,0,0,0,0
27426,ECG,2084,3863,0,0,0,0,0
27436,ECG,2085,3821,0,0,0,0,0
27436,ECG,2086,3781,0,0,0,0,0
27436,ECG,2087,3740,0,0,0,0,0
27436,ECG,2088,3697,0,0,0,0,0
27436,ECG,2089,3660,0,0,0,0,0
27445,ECG,2090,3638,0,0,0,0,0
27445,ECG,2091,3620,0,0,0,0,0
27445,ECG,2092,3614,0,0,0,0,0
27445,ECG,2093,3632,0,0,0,0,0
27445,ECG,2094,3624,0,0,0,0,0
27455,ECG,2095,3589,0,0,0,0,0
27455,ECG,2096,3543,0,0,0,0,0
27455,ECG,2097,3477,0,0,0,0,0
27455,ECG,2098,3422,0,0,0,0,0
27455,ECG,2099,3382,0,0,0,0,0
27465,ECG,2100,3366,0,0,0,0,0
27465,ECG,2101,3354,0,0,0,0,0
27465,ECG,2102,3363,0,0,0,0,0
27465,ECG,2103,3425,0,0,0,0,0
27465,ECG,2104,3426,0,0,0,0,0
27475,ECG,2105,3362,0,0,0,0,0
27475,ECG,2106,3282,0,0,0,0,0
27475,ECG,2107,3168,0,0,0,0,0
27475,ECG,2108,3078,0,0,0,0,0
27475,ECG,2109,3020,0,0,0,0,0
27485,ECG,2110,3007,0,0,0,0,0
27485,ECG,2111,3025,0,0,0,0,0
27485,ECG,2112,3072,0,0,0,0,0
27485,ECG,2113,3175,0,0,0,0,0
27485,ECG,2114,3226,0,0,0,0,0
27494,ECG,2115,3197,0,0,0,0,0
27494,ECG,2116,3101,0,0,0,0,0
27494,ECG,2117,2955,0,0,0,0,0
27494,ECG,2118,2857,0,0,0,0,0
27494,ECG,2119,2797,0,0,0,0,0
27504,ECG,2120,2769,0,0,0,0,0
27504,ECG,2121,2794,0,0,0,0,0
27504,ECG,2122,2857,0,0,0,0,0
27504,ECG,2123,2918,0,0,0,0,0
27504,ECG,2124,2961,0,0,0,0,0
27514,ECG,2125,3017,0,0,0,0,0
27514,ECG,2126,2998,0,0,0,0,0
27514,ECG,2127,2929,0,0,0,0,0
27514,ECG,2128,2912,0,0,0,0,0
27514,ECG,2129,2901,0,0,0,0,0
27524,ECG,2130,2874,0,0,0,0,0
27524,ECG,2131,2862,0,0,0,0,0
27524,ECG,2132,2836,0,0,0,0,0
27524,ECG,2133,2830,0,0,0,0,0
27524,ECG,2134,2832,0,0,0,0,0
27533,ECG,2135,2791,0,0,0,0,0
27533,ECG,2136,2743,0,0,0,0,0
27533,ECG,2137,2701,0,0,0,0,0
27533,ECG,2138,2649,0,0,0,0,0
27533,ECG,2139,2607,0,0,0,0,0
27543,ECG,2140,2583,0,0,0,0,0
27543,ECG,2141,2576,0,0,0,0,0
27543,ECG,2142,2582,0,0,0,0,0
27543,ECG,2143,2605,0,0,0,0,0
27543,ECG,2144,2625,0,0,0,0,0
27553,ECG,2145,2628,0,0,0,0,0
27553,ECG,2146,2612,0,0,0,0,0
27553,ECG,2147,2559,0,0,0,0,0
27553,ECG,2148,2512,0,0,0,0,0
27553,ECG,2149,2487,0,0,0,0,0
27563,ECG,2150,2463,0,0,0,0,0
27563,ECG,2151,2450,0,0,0,0,0
27563,ECG,2152,2451,0,0,0,0,0
27563,ECG,2153,2454,0,0,0,0,0
27563,ECG,2154,2453,0,0,0,0,0
27573,ECG,2155,2454,0,0,0,0,0
27573,ECG,2156,2451,0,0,0,0,0
27573,ECG,2157,2424,0,0,0,0,0
27573,ECG,2158,2400,0,0,0,0,0
27573,ECG,2159,2389,0,0,0,0,0
27582,ECG,2160,2372,0,0,0,0,0
27582,ECG,2161,2356,0,0,0,0,0
27582,ECG,2162,2341,0,0,0,0,0
27582,ECG,2163,2325,0,0,0,0,0
27582,ECG,2164,2310,0,0,0,0,0
27592,ECG,2165,2295,0,0,0,0,0
27592,ECG,2166,2280,0,0,0,0,0
27592,ECG,2167,2265,0,0,0,0,0
27592,ECG,2168,2250,0,0,0,0,0
27592,ECG,2169,2236,0,0,0,0,0
27602,ECG,2170,2221,0,0,0,0,0
27602,ECG,2171,2206,0,0,0,0,0
27602,ECG,2172,2193,0,0,0,0,0
27602,ECG,2173,2177,0,0,0,0,0
27602,ECG,2174,2164,0,0,0,0,0
27612,ECG,2175,2163,0,0,0,0,0
27612,ECG,2176,2144,0,0,0,0,0
27612,ECG,2177,2112,0,0,0,0,0
27612,ECG,2178,2086,0,0,0,0,0
27612,ECG,2179,2056,0,0,0,0,0
27622,ECG,2180,2025,0,0,0,0,0
27622,ECG,2181,2007,0,0,0,0,0
27622,ECG,2182,1997,0,0,0,0,0
27622,ECG,2183,1987,0,0,0,0,0
27622,ECG,2184,2010,0,0,0,0,0
27631,ECG,2185,2028,0,0,0,0,0
27631,ECG,2186,2001,0,0,0,0,0
27631,ECG,2187,1972,0,0,0,0,0
27631,ECG,2188,1924,0,0,0,0,0
27631,ECG,2189,1862,0,0,0,0,0
27641,ECG,2190,1828,0,0,0,0,0
27641,ECG,2191,1810,0,0,0,0,0
27641,ECG,2192,1808,0,0,0,0,0
27641,ECG,2193,1828,0,0,0,0,0
27641,ECG,2194,1853,0,0,0,0,0
27651,ECG,2195,1867,0,0,0,0,0
27651,ECG,2196,1891,0,0,0,0,0
27651,ECG,2197,1894,0,0,0,0,0
27651,ECG,2198,1855,0,0,0,0,0
27651,ECG,2199,1836,0,0,0,0,0
27661,ECG,2200,1830,0,0,0,0,0
27661,ECG,2201,1814,0,0,0,0,0
27661,ECG,2202,1803,0,0,0,0,0
27661,ECG,2203,1792,0,0,0,0,0
27661,ECG,2204,1779,0,0,0,0,0
27670,ECG,2205,1768,0,0,0,0,0
27670,ECG,2206,1756,0,0,0,0,0
27670,ECG,2207,1745,0,0,0,0,0
27670,ECG,2208,1733,0,0,0,0,0
27670,ECG,2209,1722,0,0,0,0,0
27680,ECG,2210,1710,0,0,0,0,0
27680,ECG,2211,1699,0,0,0,0,0
27680,ECG,2212,1688,0,0,0,0,0
27680,ECG,2213,1676,0,0,0,0,0
27680,ECG,2214,1665,0,0,0,0,0
27690,ECG,2215,1654,0,0,0,0,0
27690,ECG,2216,1643,0,0,0,0,0
27690,ECG,2217,1632,0,0,0,0,0
27690,ECG,2218,1621,0,0,0,0,0
27690,ECG,2219,1610,0,0,0,0,0
27700,ECG,2220,1600,0,0,0,0,0
27700,ECG,2221,1589,0,0,0,0,0
27700,ECG,2222,1578,0,0,0,0,0
27700,ECG,2223,1570,0,0,0,0,0
27700,ECG,2224,1556,0,0,0,0,0
27710,ECG,2225,1549,0,0,0,0,0
27710,ECG,2226,1553,0,0,0,0,0
27710,ECG,2227,1535,0,0,0,0,0
27710,ECG,2228,1505,0,0,0,0,0
27710,ECG,2229,1481,0,0,0,0,0
27719,ECG,2230,1454,0,0,0,0,0
27719,ECG,2231,1422,0,0,0,0,0
27719,ECG,2232,1413,0,0,0,0,0
27719,ECG,2233,1404,0,0,0,0,0
27719,ECG,2234,1396,0,0,0,0,0
27729,ECG,2235,1473,0,0,0,0,0
27729,ECG,2236,1483,0,0,0,0,0
27729,ECG,2237,1416,0,0,0,0,0
27729,ECG,2238,1327,0,0,0,0,0
27729,ECG,2239,1209,0,0,0,0,0
27739,ECG,2240,1072,0,0,0,0,0
27739,ECG,2241,999,0,0,0,0,0
27739,ECG,2242,980,0,0,0,0,0
27739,ECG,2243,1020,0,0,0,0,0
27739,ECG,2244,1122,0,0,0,0,0
27749,ECG,2245,1226,0,0,0,0,0
27749,ECG,2246,1306,0,0,0,0,0
27749,ECG,2247,1394,0,0,0,0,0
27749,ECG,2248,1385,0,0,0,0,0
27749,ECG,2249,1334,0,0,0,0,0
27758,ECG,2250,1317,0,0,0,0,0
27758,ECG,2251,1319,0,0,0,0,0
27758,ECG,2252,1300,0,0,0,0,0
27758,ECG,2253,1302,0,0,0,0,0
27758,ECG,2254,1278,0,0,0,0,0
27768,ECG,2255,1290,0,0,0,0,0
27768,ECG,2256,1314,0,0,0,0,0
27768,ECG,2257,1285,0,0,0,0,0
27768,ECG,2258,1199,0,0,0,0,0
27768,ECG,2259,1132,0,0,0,0,0
27778,ECG,2260,1041,0,0,0,0,0
27778,ECG,2261,967,0,0,0,0,0
27778,ECG,2262,939,0,0,0,0,0
27778,ECG,2263,948,0,0,0,0,0
27778,ECG,2264,1001,0,0,0,0,0
27788,ECG,2265,1079,0,0,0,0,0
27788,ECG,2266,1133,0,0,0,0,0
27788,ECG,2267,1197,0,0,0,0,0
27788,ECG,2268,1223,0,0,0,0,0
27788,ECG,2269,1193,0,0,0,0,0
28807,ECG,2270,0,0,0,0,0,0
28807,ECG,2271,-1,0,0,0,0,0
28807,ECG,2272,-6,0,0,0,0,0
28807,ECG,2273,2,0,0,0,0,0
28807,ECG,2274,6,0,0,0,0,0
28817,ECG,2275,-16,0,0,0,0,0
28817,ECG,2276,37,0,0,0,0,0
28817,ECG,2277,-16,0,0,0,0,0
28817,ECG,2278,-25,0,0,0,0,0
28817,ECG,2279,147,0,0,0,0,0
28826,ECG,2280,-744,0,0,0,0,0
28826,ECG,2281,-2083,0,0,0,0,0
28826,ECG,2282,-1839,0,0,0,0,0
28826,ECG,2283,-56,0,0,0,0,0
28826,ECG,2284,3336,0,0,0,0,0
28836,ECG,2285,8629,0,0,0,0,0
28836,ECG,2286,15021,0,0,0,0,0
28836,ECG,2287,21540,0,0,0,0,0
28836,ECG,2288,27254,0,0,0,0,0
28836,ECG,2289,31200,0,0,0,0,0
28846,ECG,2290,32016,0,0,0,0,0
28846,ECG,2291,31815,0,0,0,0,0
28846,ECG,2292,31615,0,0,0,0,0
28846,ECG,2293,31402,0,0,0,0,0
28846,ECG,2294,31125,0,0,0,0,0
28856,ECG,2295,30999,0,0,0,0,0
28856,ECG,2296,30672,0,0,0,0,0
28856,ECG,2297,30489,0,0,0,0,0
28856,ECG,2298,30270,0,0,0,0,0
28856,ECG,2299,30073,0,0,0,0,0
28866,ECG,2300,29894,0,0,0,0,0
28866,ECG,2301,29773,0,0,0,0,0
28866,ECG,2302,29690,0,0,0,0,0
28866,ECG,2303,29492,0,0,0,0,0
28866,ECG,2304,29197,0,0,0,0,0
28875,ECG,2305,28897,0,0,0,0,0
28875,ECG,2306,28536,0,0,0,0,0
28875,ECG,2307,28215,0,0,0,0,0
28875,ECG,2308,27994,0,0,0,0,0
28875,ECG,2309,27848,0,0,0,0,0
28885,ECG,2310,27768,0,0,0,0,0
28885,ECG,2311,27789,0,0,0,0,0
28885,ECG,2312,27801,0,0,0,0,0
28885,ECG,2313,27704,0,0,0,0,0
28885,ECG,2314,27544,0,0,0,0,0
28895,ECG,2315,27238,0,0,0,0,0
28895,ECG,2316,26898,0,0,0,0,0
28895,ECG,2317,26671,0,0,0,0,0
28895,ECG,2318,26480,0,0,0,0,0
28895,ECG,2319,26334,0,0,0,0,0
28905,ECG,2320,26251,0,0,0,0,0
28905,ECG,2321,26184,0,0,0,0,0
28905,ECG,2322,26094,0,0,0,0,0
28905,ECG,2323,26021,0,0,0,0,0
28905,ECG,2324,25877,0,0,0,0,0
28915,ECG,2325,25689,0,0,0,0,0
28915,ECG,2326,25499,0,0,0,0,0
28915,ECG,2327,25353,0,0,0,0,0
28915,ECG,2328,25186,0,0,0,0,0
28915,ECG,2329,25037,0,0,0,0,0
28924,ECG,2330,24858,0,0,0,0,0
28924,ECG,2331,24743,0,0,0,0,0
28924,ECG,2332,24605,0,0,0,0,0
28924,ECG,2333,24441,0,0,0,0,0
28924,ECG,2334,24158,0,0,0,0,0
28934,ECG,2335,23901,0,0,0,0,0
28934,ECG,2336,23606,0,0,0,0,0
28934,ECG,2337,23347,0,0,0,0,0
28934,ECG,2338,23163,0,0,0,0,0
28934,ECG,2339,23048,0,0,0,0,0
28944,ECG,2340,23010,0,0,0,0,0
28944,ECG,2341,23005,0,0,0,0,0
28944,ECG,2342,22981,0,0,0,0,0
28944,ECG,2343,22975,0,0,0,0,0
28944,ECG,2344,22830,0,0,0,0,0
28954,ECG,2345,22652,0,0,0,0,0
28954,ECG,2346,22430,0,0,0,0,0
28954,ECG,2347,22278,0,0,0,0,0
28954,ECG,2348,22104,0,0,0,0,0
28954,ECG,2349,21956,0,0,0,0,0
28963,ECG,2350,21831,0,0,0,0,0
28963,ECG,2351,21719,0,0,0,0,0
28963,ECG,2352,21618,0,0,0,0,0
28963,ECG,2353,21510,0,0,0,0,0
28963,ECG,2354,21405,0,0,0,0,0
28973,ECG,2355,21285,0,0,0,0,0
28973,ECG,2356,21130,0,0,0,0,0
28973,ECG,2357,20988,0,0,0,0,0
28973,ECG,2358,20855,0,0,0,0,0
28973,ECG,2359,20724,0,0,0,0,0
28983,ECG,2360,20599,0,0,0,0,0
28983,ECG,2361,20454,0,0,0,0,0
28983,ECG,2362,20372,0,0,0,0,0
28983,ECG,2363,20258,0,0,0,0,0
28983,ECG,2364,20104,0,0,0,0,0
28993,ECG,2365,19873,0,0,0,0,0
28993,ECG,2366,19652,0,0,0,0,0
28993,ECG,2367,19408,0,0,0,0,0
28993,ECG,2368,19197,0,0,0,0,0
28993,ECG,2369,19049,0,0,0,0,0
29003,ECG,2370,18968,0,0,0,0,0
29003,ECG,2371,18932,0,0,0,0,0
29003,ECG,2372,18948,0,0,0,0,0
29003,ECG,2373,18986,0,0,0,0,0
29003,ECG,2374,18914,0,0,0,0,0
29012,ECG,2375,18789,0,0,0,0,0
29012,ECG,2376,18516,0,0,0,0,0
29012,ECG,2377,18259,0,0,0,0,0
29012,ECG,2378,18065,0,0,0,0,0
29012,ECG,2379,17896,0,0,0,0,0
29022,ECG,2380,17803,0,0,0,0,0
29022,ECG,2381,17759,0,0,0,0,0
29022,ECG,2382,17744,0,0,0,0,0
29022,ECG,2383,17800,0,0,0,0,0
29022,ECG,2384,17771,0,0,0,0,0
29032,ECG,2385,17659,0,0,0,0,0
29032,ECG,2386,17434,0,0,0,0,0
29032,ECG,2387,17168,0,0,0,0,0
29032,ECG,2388,16946,0,0,0,0,0
29032,ECG,2389,16773,0,0,0,0,0
29042,ECG,2390,16659,0,0,0,0,0
29042,ECG,2391,16604,0,0,0,0,0
29042,ECG,2392,16618,0,0,0,0,0
29042,ECG,2393,16654,0,0,0,0,0
29042,ECG,2394,16622,0,0,0,0,0
29051,ECG,2395,16593,0,0,0,0,0
29051,ECG,2396,16471,0,0,0,0,0
29051,ECG,2397,16246,0,0,0,0,0
29051,ECG,2398,16106,0,0,0,0,0
29051,ECG,2399,15997,0,0,0,0,0
29061,ECG,2400,15903,0,0,0,0,0
29061,ECG,2401,15827,0,0,0,0,0
29061,ECG,2402,15759,0,0,0,0,0
29061,ECG,2403,15781,0,0,0,0,0
29061,ECG,2404,15682,0,0,0,0,0
29071,ECG,2405,15542,0,0,0,0,0
29071,ECG,2406,15278,0,0,0,0,0
29071,ECG,2407,15002,0,0,0,0,0
29071,ECG,2408,14738,0,0,0,0,0
29071,ECG,2409,14532,0,0,0,0,0
29081,ECG,2410,14437,0,0,0,0,0
29081,ECG,2411,14428,0,0,0,0,0
29081,ECG,2412,14478,0,0,0,0,0
29081,ECG,2413,14675,0,0,0,0,0
29081,ECG,2414,14744,0,0,0,0,0
29091,ECG,2415,14651,0,0,0,0,0
29091,ECG,2416,14405,0,0,0,0,0
29091,ECG,2417,13983,0,0,0,0,0
29091,ECG,2418,13617,0,0,0,0,0
29091,ECG,2419,13367,0,0,0,0,0
29100,ECG,2420,13230,0,0,0,0,0
29100,ECG,2421,13248,0,0,0,0,0
29100,ECG,2422,13379,0,0,0,0,0
29100,ECG,2423,13569,0,0,0,0,0
29100,ECG,2424,13744,0,0,0,0,0
29110,ECG,2425,13785,0,0,0,0,0
29110,ECG,2426,13698,0,0,0,0,0
29110,ECG,2427,13495,0,0,0,0,0
29110,ECG,2428,13275,0,0,0,0,0
29110,ECG,2429,13155,0,0,0,0,0
29120,ECG,2430,13028,0,0,0,0,0
29120,ECG,2431,12967,0,0,0,0,0
29120,ECG,2432,12931,0,0,0,0,0
29120,ECG,2433,12947,0,0,0,0,0
29120,ECG,2434,12982,0,0,0,0,0
29130,ECG,2435,12934,0,0,0,0,0
29130,ECG,2436,12839,0,0,0,0,0
29130,ECG,2437,12668,0,0,0,0,0
29130,ECG,2438,12477,0,0,0,0,0
29130,ECG,2439,12345,0,0,0,0,0
29140,ECG,2440,12240,0,0,0,0,0
29140,ECG,2441,12189,0,0,0,0,0
29140,ECG,2442,12146,0,0,0,0,0
29140,ECG,2443,12167,0,0,0,0,0
29140,ECG,2444,12243,0,0,0,0,0
29149,ECG,2445,12166,0,0,0,0,0
29149,ECG,2446,12025,0,0,0,0,0
29149,ECG,2447,11783,0,0,0,0,0
29149,ECG,2448,11512,0,0,0,0,0
29149,ECG,2449,11307,0,0,0,0,0
29159,ECG,2450,11162,0,0,0,0,0
29159,ECG,2451,11116,0,0,0,0,0
29159,ECG,2452,11154,0,0,0,0,0
29159,ECG,2453,11232,0,0,0,0,0
29159,ECG,2454,11388,0,0,0,0,0
29169,ECG,2455,11440,0,0,0,0,0
29169,ECG,2456,11368,0,0,0,0,0
29169,ECG,2457,11179,0,0,0,0,0
29169,ECG,2458,10885,0,0,0,0,0
29169,ECG,2459,10676,0,0,0,0,0
29179,ECG,2460,10507,0,0,0,0,0
29179,ECG,2461,10416,0,0,0,0,0
29179,ECG,2462,10424,0,0,0,0,0
29179,ECG,2463,10485,0,0,0,0,0
29179,ECG,2464,10601,0,0,0,0,0
29188,ECG,2465,10695,0,0,0,0,0
29188,ECG,2466,10690,0,0,0,0,0
29188,ECG,2467,10623,0,0,0,0,0
29189,ECG,2468,10412,0,0,0,0,0
29189,ECG,2469,10254,0,0,0,0,0
29198,ECG,2470,10156,0,0,0,0,0
29198,ECG,2471,10063,0,0,0,0,0
29198,ECG,2472,10020,0,0,0,0,0
29198,ECG,2473,10017,0,0,0,0,0
29198,ECG,2474,10039,0,0,0,0,0
29208,ECG,2475,10041,0,0,0,0,0
29208,ECG,2476,10024,0,0,0,0,0
29208,ECG,2477,9954,0,0,0,0,0
29208,ECG,2478,9797,0,0,0,0,0
29208,ECG,2479,9665,0,0,0,0,0
29218,ECG,2480,9576,0,0,0,0,0
29218,ECG,2481,9498,0,0,0,0,0
29218,ECG,2482,9457,0,0,0,0,0
29218,ECG,2483,9431,0,0,0,0,0
29218,ECG,2484,9443,0,0,0,0,0
29228,ECG,2485,9471,0,0,0,0,0
29228,ECG,2486,9414,0,0,0,0,0
29228,ECG,2487,9306,0,0,0,0,0
29228,ECG,2488,9174,0,0,0,0,0
29228,ECG,2489,9027,0,0,0,0,0
29237,ECG,2490,8912,0,0,0,0,0
29237,ECG,2491,8834,0,0,0,0,0
29237,ECG,2492,8810,0,0,0,0,0
29237,ECG,2493,8790,0,0,0,0,0
29237,ECG,2494,8830,0,0,0,0,0
29247,ECG,2495,8920,0,0,0,0,0
29247,ECG,2496,8864,0,0,0,0,0
29247,ECG,2497,8730,0,0,0,0,0
29247,ECG,2498,8382,0,0,0,0,0
29247,ECG,2499,8016,0,0,0,0,0
29257,ECG,2500,7687,0,0,0,0,0
29257,ECG,2501,7477,0,0,0,0,0
29257,ECG,2502,7439,0,0,0,0,0
29257,ECG,2503,7549,0,0,0,0,0
29257,ECG,2504,7792,0,0,0,0,0
29267,ECG,2505,8101,0,0,0,0,0
29267,ECG,2506,8325,0,0,0,0,0
29267,ECG,2507,8303,0,0,0,0,0
29267,ECG,2508,8224,0,0,0,0,0
29267,ECG,2509,7886,0,0,0,0,0
29277,ECG,2510,7688,0,0,0,0,0
29277,ECG,2511,7570,0,0,0,0,0
29277,ECG,2512,7512,0,0,0,0,0
29277,ECG,2513,7527,0,0,0,0,0
29277,ECG,2514,7608,0,0,0,0,0
29286,ECG,2515,7775,0,0,0,0,0
29286,ECG,2516,7848,0,0,0,0,0
29286,ECG,2517,7804,0,0,0,0,0
29286,ECG,2518,7659,0,0,0,0,0
29286,ECG,2519,7409,0,0,0,0,0
29296,ECG,2520,7226,0,0,0,0,0
29296,ECG,2521,7119,0,0,0,0,0
29296,ECG,2522,7071,0,0,0,0,0
29296,ECG,2523,7097,0,0,0,0,0
29296,ECG,2524,7166,0,0,0,0,0
29306,ECG,2525,7292,0,0,0,0,0
29306,ECG,2526,7390,0,0,0,0,0
29306,ECG,2527,7344,0,0,0,0,0
29306,ECG,2528,7240,0,0,0,0,0
29306,ECG,2529,7024,0,0,0,0,0
29316,ECG,2530,6879,0,0,0,0,0
29316,ECG,2531,6773,0,0,0,0,0
29316,ECG,2532,6709,0,0,0,0,0
29316,ECG,2533,6715,0,0,0,0,0
29316,ECG,2534,6740,0,0,0,0,0
29326,ECG,2535,6846,0,0,0,0,0
29326,ECG,2536,6948,0,0,0,0,0
29326,ECG,2537,6904,0,0,0,0,0
29326,ECG,2538,6802,0,0,0,0,0
29326,ECG,2539,6593,0,0,0,0,0
29335,ECG,2540,6407,0,0,0,0,0
29335,ECG,2541,6283,0,0,0,0,0
29335,ECG,2542,6209,0,0,0,0,0
29335,ECG,2543,6210,0,0,0,0,0
29335,ECG,2544,6248,0,0,0,0,0
29345,ECG,2545,6387,0,0,0,0,0
29345,ECG,2546,6508,0,0,0,0,0
29345,ECG,2547,6493,0,0,0,0,0
29345,ECG,2548,6414,0,0,0,0,0
29345,ECG,2549,6195,0,0,0,0,0
29355,ECG,2550,5989,0,0,0,0,0
29355,ECG,2551,5878,0,0,0,0,0
29355,ECG,2552,5800,0,0,0,0,0
29355,ECG,2553,5814,0,0,0,0,0
29355,ECG,2554,5857,0,0,0,0,0
29365,ECG,2555,5970,0,0,0,0,0
29365,ECG,2556,6147,0,0,0,0,0
29365,ECG,2557,6108,0,0,0,0,0
29365,ECG,2558,6025,0,0,0,0,0
29365,ECG,2559,5743,0,0,0,0,0
29374,ECG,2560,5462,0,0,0,0,0
29374,ECG,2561,5254,0,0,0,0,0
29374,ECG,2562,5122,0,0,0,0,0
29374,ECG,2563,5116,0,0,0,0,0
29374,ECG,2564,5214,0,0,0,0,0
29384,ECG,2565,5392,0,0,0,0,0
29384,ECG,2566,5604,0,0,0,0,0
29384,ECG,2567,5757,0,0,0,0,0
29384,ECG,2568,5720,0,0,0,0,0
29384,ECG,2569,5631,0,0,0,0,0
29394,ECG,2570,5384,0,0,0,0,0
29394,ECG,2571,5270,0,0,0,0,0
29394,ECG,2572,5179,0,0,0,0,0
29394,ECG,2573,5131,0,0,0,0,0
29394,ECG,2574,5157,0,0,0,0,0
29404,ECG,2575,5211,0,0,0,0,0
29404,ECG,2576,5300,0,0,0,0,0
29404,ECG,2577,5373,0,0,0,0,0
29404,ECG,2578,5379,0,0,0,0,0
29404,ECG,2579,5325,0,0,0,0,0
29414,ECG,2580,5186,0,0,0,0,0
29414,ECG,2581,5098,0,0,0,0,0
29414,ECG,2582,5038,0,0,0,0,0
29414,ECG,2583,4989,0,0,0,0,0
29414,ECG,2584,4985,0,0,0,0,0
29423,ECG,2585,4981,0,0,0,0,0
29423,ECG,2586,5014,0,0,0,0,0
29423,ECG,2587,5085,0,0,0,0,0
29423,ECG,2588,5053,0,0,0,0,0
29423,ECG,2589,4966,0,0,0,0,0
29433,ECG,2590,4830,0,0,0,0,0
29433,ECG,2591,4699,0,0,0,0,0
29433,ECG,2592,4596,0,0,0,0,0
29433,ECG,2593,4525,0,0,0,0,0
29433,ECG,2594,4525,0,0,0,0,0
29443,ECG,2595,4537,0,0,0,0,0
29443,ECG,2596,4620,0,0,0,0,0
29443,ECG,2597,4782,0,0,0,0,0
29443,ECG,2598,4752,0,0,0,0,0
29443,ECG,2599,4674,0,0,0,0,0
29453,ECG,2600,4424,0,0,0,0,0
29453,ECG,2601,4138,0,0,0,0,0
29453,ECG,2602,3919,0,0,0,0,0
29453,ECG,2603,3782,0,0,0,0,0
29453,ECG,2604,3777,0,0,0,0,0
29463,ECG,2605,3863,0,0,0,0,0
29463,ECG,2606,4067,0,0,0,0,0
29463,ECG,2607,4371,0,0,0,0,0
29463,ECG,2608,4484,0,0,0,0,0
29463,ECG,2609,4455,0,0,0,0,0
29472,ECG,2610,4237,0,0,0,0,0
29472,ECG,2611,3863,0,0,0,0,0
29472,ECG,2612,3613,0,0,0,0,0
29472,ECG,2613,3461,0,0,0,0,0
29472,ECG,2614,3437,0,0,0,0,0
29482,ECG,2615,3518,0,0,0,0,0
29482,ECG,2616,3750,0,0,0,0,0
29482,ECG,2617,4094,0,0,0,0,0
29482,ECG,2618,4224,0,0,0,0,0
29482,ECG,2619,4179,0,0,0,0,0
29492,ECG,2620,3969,0,0,0,0,0
29492,ECG,2621,3593,0,0,0,0,0
29492,ECG,2622,3343,0,0,0,0,0
29492,ECG,2623,3242,0,0,0,0,0
29492,ECG,2624,3244,0,0,0,0,0
29502,ECG,2625,3364,0,0,0,0,0
29502,ECG,2626,3596,0,0,0,0,0
29502,ECG,2627,3837,0,0,0,0,0
29502,ECG,2628,3987,0,0,0,0,0
29502,ECG,2629,3973,0,0,0,0,0
29511,ECG,2630,3874,0,0,0,0,0
29511,ECG,2631,3619,0,0,0,0,0
29511,ECG,2632,3523,0,0,0,0,0
29511,ECG,2633,3458,0,0,0,0,0
29511,ECG,2634,3436,0,0,0,0,0
29521,ECG,2635,3485,0,0,0,0,0
29521,ECG,2636,3570,0,0,0,0,0
29521,ECG,2637,3677,0,0,0,0,0
29521,ECG,2638,3743,0,0,0,0,0
29521,ECG,2639,3739,0,0,0,0,0
29531,ECG,2640,3643,0,0,0,0,0
29531,ECG,2641,3506,0,0,0,0,0
29531,ECG,2642,3429,0,0,0,0,0
29531,ECG,2643,3380,0,0,0,0,0
29531,ECG,2644,3356,0,0,0,0,0
29541,ECG,2645,3375,0,0,0,0,0
29541,ECG,2646,3413,0,0,0,0,0
29541,ECG,2647,3451,0,0,0,0,0
29541,ECG,2648,3493,0,0,0,0,0
29541,ECG,2649,3515,0,0,0,0,0
29551,ECG,2650,3474,0,0,0,0,0
29551,ECG,2651,3403,0,0,0,0,0
29551,ECG,2652,3370,0,0,0,0,0
29551,ECG,2653,3334,0,0,0,0,0
29551,ECG,2654,3302,0,0,0,0,0
29560,ECG,2655,3298,0,0,0,0,0
29560,ECG,2656,3255,0,0,0,0,0
29560,ECG,2657,3304,0,0,0,0,0
29560,ECG,2658,3319,0,0,0,0,0
29560,ECG,2659,3298,0,0,0,0,0
29570,ECG,2660,3115,0,0,0,0,0
29570,ECG,2661,2922,0,0,0,0,0
29570,ECG,2662,2682,0,0,0,0,0
29570,ECG,2663,2491,0,0,0,0,0
29570,ECG,2664,2403,0,0,0,0,0
29580,ECG,2665,2442,0,0,0,0,0
29580,ECG,2666,2559,0,0,0,0,0
29580,ECG,2667,2767,0,0,0,0,0
29580,ECG,2668,3044,0,0,0,0,0
29580,ECG,2669,3117,0,0,0,0,0
29590,ECG,2670,3097,0,0,0,0,0
29590,ECG,2671,2898,0,0,0,0,0
29590,ECG,2672,2627,0,0,0,0,0
29590,ECG,2673,2476,0,0,0,0,0
29590,ECG,2674,2377,0,0,0,0,0
29600,ECG,2675,2372,0,0,0,0,0
29600,ECG,2676,2462,0,0,0,0,0
29600,ECG,2677,2609,0,0,0,0,0
29600,ECG,2678,2788,0,0,0,0,0
29600,ECG,2679,2931,0,0,0,0,0
29609,ECG,2680,2924,0,0,0,0,0
29609,ECG,2681,2875,0,0,0,0,0
29609,ECG,2682,2686,0,0,0,0,0
29609,ECG,2683,2609,0,0,0,0,0
29609,ECG,2684,2549,0,0,0,0,0
29619,ECG,2685,2520,0,0,0,0,0
29619,ECG,2686,2535,0,0,0,0,0
29619,ECG,2687,2595,0,0,0,0,0
29619,ECG,2688,2696,0,0,0,0,0
29619,ECG,2689,2720,0,0,0,0,0
29629,ECG,2690,2717,0,0,0,0,0
29629,ECG,2691,2664,0,0,0,0,0
29629,ECG,2692,2526,0,0,0,0,0
29629,ECG,2693,2449,0,0,0,0,0
29629,ECG,2694,2413,0,0,0,0,0
29639,ECG,2695,2400,0,0,0,0,0
29639,ECG,2696,2431,0,0,0,0,0
29639,ECG,2697,2462,0,0,0,0,0
29639,ECG,2698,2557,0,0,0,0,0
29639,ECG,2699,2603,0,0,0,0,0
29648,ECG,2700,2586,0,0,0,0,0
29648,ECG,2701,2457,0,0,0,0,0
29648,ECG,2702,2316,0,0,0,0,0
29648,ECG,2703,2189,0,0,0,0,0
29649,ECG,2704,2099,0,0,0,0,0
29658,ECG,2705,2065,0,0,0,0,0
29658,ECG,2706,2093,0,0,0,0,0
29658,ECG,2707,2179,0,0,0,0,0
29658,ECG,2708,2274,0,0,0,0,0
29658,ECG,2709,2356,0,0,0,0,0
29668,ECG,2710,2438,0,0,0,0,0
29668,ECG,2711,2422,0,0,0,0,0
29668,ECG,2712,2347,0,0,0,0,0
29668,ECG,2713,2291,0,0,0,0,0
29668,ECG,2714,2265,0,0,0,0,0
29678,ECG,2715,2222,0,0,0,0,0
29678,ECG,2716,2210,0,0,0,0,0
29678,ECG,2717,2200,0,0,0,0,0
29678,ECG,2718,2217,0,0,0,0,0
29678,ECG,2719,2261,0,0,0,0,0
29688,ECG,2720,2259,0,0,0,0,0
29688,ECG,2721,2230,0,0,0,0,0
29688,ECG,2722,2170,0,0,0,0,0
29688,ECG,2723,2072,0,0,0,0,0
29688,ECG,2724,1998,0,0,0,0,0
29697,ECG,2725,1950,0,0,0,0,0
29697,ECG,2726,1937,0,0,0,0,0
29697,ECG,2727,1951,0,0,0,0,0
29697,ECG,2728,1993,0,0,0,0,0
29697,ECG,2729,2099,0,0,0,0,0
29707,ECG,2730,2153,0,0,0,0,0
29707,ECG,2731,2104,0,0,0,0,0
29707,ECG,2732,1999,0,0,0,0,0
29707,ECG,2733,1869,0,0,0,0,0
29707,ECG,2734,1747,0,0,0,0,0
29717,ECG,2735,1664,0,0,0,0,0
29717,ECG,2736,1662,0,0,0,0,0
29717,ECG,2737,1694,0,0,0,0,0
29717,ECG,2738,1768,0,0,0,0,0
29717,ECG,2739,1993,0,0,0,0,0
29727,ECG,2740,2030,0,0,0,0,0
29727,ECG,2741,2012,0,0,0,0,0
29727,ECG,2742,1780,0,0,0,0,0
29727,ECG,2743,1471,0,0,0,0,0
29727,ECG,2744,1191,0,0,0,0,0
29737,ECG,2745,1022,0,0,0,0,0
29737,ECG,2746,986,0,0,0,0,0
29737,ECG,2747,1085,0,0,0,0,0
29737,ECG,2748,1311,0,0,0,0,0
29737,ECG,2749,1611,0,0,0,0,0
29746,ECG,2750,1837,0,0,0,0,0
29746,ECG,2751,1922,0,0,0,0,0
29746,ECG,2752,1909,0,0,0,0,0
29746,ECG,2753,1680,0,0,0,0,0
29746,ECG,2754,1529,0,0,0,0,0
29756,ECG,2755,1475,0,0,0,0,0
29756,ECG,2756,1435,0,0,0,0,0
29756,ECG,2757,1481,0,0,0,0,0
29756,ECG,2758,1554,0,0,0,0,0
29756,ECG,2759,1663,0,0,0,0,0
29766,ECG,2760,1824,0,0,0,0,0
29766,ECG,2761,1812,0,0,0,0,0
29766,ECG,2762,1763,0,0,0,0,0
29766,ECG,2763,1566,0,0,0,0,0
29766,ECG,2764,1395,0,0,0,0,0
29776,ECG,2765,1253,0,0,0,0,0
29776,ECG,2766,1171,0,0,0,0,0
29776,ECG,2767,1185,0,0,0,0,0
29776,ECG,2768,1248,0,0,0,0,0
29776,ECG,2769,1435,0,0,0,0,0
29785,ECG,2770,1660,0,0,0,0,0
29785,ECG,2771,1704,0,0,0,0,0
29785,ECG,2772,1642,0,0,0,0,0
29785,ECG,2773,1459,0,0,0,0,0
29785,ECG,2774,1195,0,0,0,0,0
29795,ECG,2775,1040,0,0,0,0,0
29795,ECG,2776,983,0,0,0,0,0
29795,ECG,2777,1014,0,0,0,0,0
29795,ECG,2778,1129,0,0,0,0,0
29795,ECG,2779,1327,0,0,0,0,0
29805,ECG,2780,1539,0,0,0,0,0
29805,ECG,2781,1627,0,0,0,0,0
29805,ECG,2782,1617,0,0,0,0,0
29805,ECG,2783,1453,0,0,0,0,0
29805,ECG,2784,1239,0,0,0,0,0
29815,ECG,2785,1137,0,0,0,0,0
29815,ECG,2786,1067,0,0,0,0,0
29815,ECG,2787,1068,0,0,0,0,0
29815,ECG,2788,1150,0,0,0,0,0
29815,ECG,2789,1260,0,0,0,0,0
29825,ECG,2790,1405,0,0,0,0,0
29825,ECG,2791,1540,0,0,0,0,0
29825,ECG,2792,1529,0,0,0,0,0
29825,ECG,2793,1450,0,0,0,0,0
29825,ECG,2794,1290,0,0,0,0,0
29834,ECG,2795,1176,0,0,0,0,0
29834,ECG,2796,1079,0,0,0,0,0
29834,ECG,2797,1047,0,0,0,0,0
29834,ECG,2798,1074,0,0,0,0,0
29834,ECG,2799,1132,0,0,0,0,0
29844,ECG,2800,1302,0,0,0,0,0
29844,ECG,2801,1452,0,0,0,0,0
29844,ECG,2802,1443,0,0,0,0,0
29844,ECG,2803,1347,0,0,0,0,0
29844,ECG,2804,1153,0,0,0,0,0
29854,ECG,2805,948,0,0,0,0,0
29854,ECG,2806,827,0,0,0,0,0
29854,ECG,2807,788,0,0,0,0,0
29854,ECG,2808,834,0,0,0,0,0
29854,ECG,2809,927,0,0,0,0,0
30868,ECG,2810,0,0,0,0,0,0
30868,ECG,2811,-1,0,0,0,0,0
30868,ECG,2812,-6,0,0,0,0,0
30868,ECG,2813,2,0,0,0,0,0
30868,ECG,2814,6,0,0,0,0,0
30878,ECG,2815,-17,0,0,0,0,0
30878,ECG,2816,38,0,0,0,0,0
30878,ECG,2817,-16,0,0,0,0,0
30878,ECG,2818,-26,0,0,0,0,0
30878,ECG,2819,151,0,0,0,0,0
30887,ECG,2820,-753,0,0,0,0,0
30887,ECG,2821,-2110,0,0,0,0,0
30887,ECG,2822,-1851,0,0,0,0,0
30887,ECG,2823,-33,0,0,0,0,0
30887,ECG,2824,3388,0,0,0,0,0
30897,ECG,2825,8733,0,0,0,0,0
30897,ECG,2826,15161,0,0,0,0,0
30897,ECG,2827,21664,0,0,0,0,0
30897,ECG,2828,27490,0,0,0,0,0
30897,ECG,2829,31491,0,0,0,0,0
30907,ECG,2830,32010,0,0,0,0,0
30907,ECG,2831,31809,0,0,0,0,0
30907,ECG,2832,31609,0,0,0,0,0
30907,ECG,2833,30685,0,0,0,0,0
30907,ECG,2834,30291,0,0,0,0,0
30917,ECG,2835,30189,0,0,0,0,0
30917,ECG,2836,29978,0,0,0,0,0
30917,ECG,2837,30045,0,0,0,0,0
30917,ECG,2838,30173,0,0,0,0,0
30917,ECG,2839,30196,0,0,0,0,0
30927,ECG,2840,30081,0,0,0,0,0
30927,ECG,2841,29875,0,0,0,0,0
30927,ECG,2842,29391,0,0,0,0,0
30927,ECG,2843,29004,0,0,0,0,0
30927,ECG,2844,28742,0,0,0,0,0
30936,ECG,2845,28535,0,0,0,0,0
30936,ECG,2846,28419,0,0,0,0,0
30936,ECG,2847,28367,0,0,0,0,0
30936,ECG,2848,28474,0,0,0,0,0
30936,ECG,2849,28441,0,0,0,0,0
30946,ECG,2850,28263,0,0,0,0,0
30946,ECG,2851,27900,0,0,0,0,0
30946,ECG,2852,27362,0,0,0,0,0
30946,ECG,2853,26861,0,0,0,0,0
30946,ECG,2854,26487,0,0,0,0,0
30956,ECG,2855,26247,0,0,0,0,0
30956,ECG,2856,26203,0,0,0,0,0
30956,ECG,2857,26266,0,0,0,0,0
30956,ECG,2858,26426,0,0,0,0,0
30956,ECG,2859,26691,0,0,0,0,0
30966,ECG,2860,26573,0,0,0,0,0
30966,ECG,2861,26406,0,0,0,0,0
30966,ECG,2862,25926,0,0,0,0,0
30966,ECG,2863,25440,0,0,0,0,0
30966,ECG,2864,25058,0,0,0,0,0
30976,ECG,2865,24777,0,0,0,0,0
30976,ECG,2866,24649,0,0,0,0,0
30976,ECG,2867,24655,0,0,0,0,0
30976,ECG,2868,24760,0,0,0,0,0
30976,ECG,2869,24891,0,0,0,0,0
30985,ECG,2870,24982,0,0,0,0,0
30985,ECG,2871,24825,0,0,0,0,0
30985,ECG,2872,24642,0,0,0,0,0
30985,ECG,2873,24243,0,0,0,0,0
30985,ECG,2874,23996,0,0,0,0,0
30995,ECG,2875,23769,0,0,0,0,0
30995,ECG,2876,23608,0,0,0,0,0
30995,ECG,2877,23489,0,0,0,0,0
30995,ECG,2878,23461,0,0,0,0,0
30995,ECG,2879,23572,0,0,0,0,0
31005,ECG,2880,23469,0,0,0,0,0
31005,ECG,2881,23240,0,0,0,0,0
31005,ECG,2882,22928,0,0,0,0,0
31005,ECG,2883,22486,0,0,0,0,0
31005,ECG,2884,22099,0,0,0,0,0
31015,ECG,2885,21855,0,0,0,0,0
31015,ECG,2886,21727,0,0,0,0,0
31015,ECG,2887,21724,0,0,0,0,0
31015,ECG,2888,21821,0,0,0,0,0
31015,ECG,2889,21990,0,0,0,0,0
31024,ECG,2890,22064,0,0,0,0,0
31024,ECG,2891,21925,0,0,0,0,0
31024,ECG,2892,21670,0,0,0,0,0
31024,ECG,2893,21196,0,0,0,0,0
31024,ECG,2894,20843,0,0,0,0,0
31034,ECG,2895,20554,0,0,0,0,0
31034,ECG,2896,20371,0,0,0,0,0
31034,ECG,2897,20341,0,0,0,0,0
31034,ECG,2898,20381,0,0,0,0,0
31034,ECG,2899,20515,0,0,0,0,0
31044,ECG,2900,20686,0,0,0,0,0
31044,ECG,2901,20613,0,0,0,0,0
31044,ECG,2902,20483,0,0,0,0,0
31044,ECG,2903,20141,0,0,0,0,0
31044,ECG,2904,19804,0,0,0,0,0
31054,ECG,2905,19556,0,0,0,0,0
31054,ECG,2906,19385,0,0,0,0,0
31054,ECG,2907,19292,0,0,0,0,0
31054,ECG,2908,19259,0,0,0,0,0
31054,ECG,2909,19387,0,0,0,0,0
31064,ECG,2910,19483,0,0,0,0,0
31064,ECG,2911,19361,0,0,0,0,0
31064,ECG,2912,19154,0,0,0,0,0
31064,ECG,2913,18776,0,0,0,0,0
31064,ECG,2914,18366,0,0,0,0,0
31073,ECG,2915,18110,0,0,0,0,0
31073,ECG,2916,17942,0,0,0,0,0
31073,ECG,2917,17906,0,0,0,0,0
31073,ECG,2918,17955,0,0,0,0,0
31073,ECG,2919,18092,0,0,0,0,0
31083,ECG,2920,18318,0,0,0,0,0
31083,ECG,2921,18211,0,0,0,0,0
31083,ECG,2922,18097,0,0,0,0,0
31083,ECG,2923,17640,0,0,0,0,0
31083,ECG,2924,17204,0,0,0,0,0
31093,ECG,2925,16863,0,0,0,0,0
31093,ECG,2926,16620,0,0,0,0,0
31093,ECG,2927,16547,0,0,0,0,0
31093,ECG,2928,16591,0,0,0,0,0
31093,ECG,2929,16791,0,0,0,0,0
31103,ECG,2930,17081,0,0,0,0,0
31103,ECG,2931,17130,0,0,0,0,0
31103,ECG,2932,17022,0,0,0,0,0
31103,ECG,2933,16667,0,0,0,0,0
31103,ECG,2934,16157,0,0,0,0,0
31113,ECG,2935,15812,0,0,0,0,0
31113,ECG,2936,15591,0,0,0,0,0
31113,ECG,2937,15504,0,0,0,0,0
31113,ECG,2938,15575,0,0,0,0,0
31113,ECG,2939,15729,0,0,0,0,0
31122,ECG,2940,15958,0,0,0,0,0
31122,ECG,2941,16114,0,0,0,0,0
31122,ECG,2942,16013,0,0,0,0,0
31122,ECG,2943,15848,0,0,0,0,0
31122,ECG,2944,15464,0,0,0,0,0
31132,ECG,2945,15195,0,0,0,0,0
31132,ECG,2946,14986,0,0,0,0,0
31132,ECG,2947,14866,0,0,0,0,0
31132,ECG,2948,14837,0,0,0,0,0
31132,ECG,2949,14875,0,0,0,0,0
31142,ECG,2950,15063,0,0,0,0,0
31142,ECG,2951,15148,0,0,0,0,0
31142,ECG,2952,15053,0,0,0,0,0
31142,ECG,2953,14827,0,0,0,0,0
31142,ECG,2954,14431,0,0,0,0,0
31152,ECG,2955,14076,0,0,0,0,0
31152,ECG,2956,13850,0,0,0,0,0
31152,ECG,2957,13725,0,0,0,0,0
31152,ECG,2958,13730,0,0,0,0,0
31152,ECG,2959,13833,0,0,0,0,0
31161,ECG,2960,14044,0,0,0,0,0
31162,ECG,2961,14248,0,0,0,0,0
31162,ECG,2962,14158,0,0,0,0,0
31162,ECG,2963,14023,0,0,0,0,0
31162,ECG,2964,13550,0,0,0,0,0
31171,ECG,2965,13146,0,0,0,0,0
31171,ECG,2966,12843,0,0,0,0,0
31171,ECG,2967,12652,0,0,0,0,0
31171,ECG,2968,12627,0,0,0,0,0
31171,ECG,2969,12725,0,0,0,0,0
31181,ECG,2970,12997,0,0,0,0,0
31181,ECG,2971,13257,0,0,0,0,0
31181,ECG,2972,13310,0,0,0,0,0
31181,ECG,2973,13222,0,0,0,0,0
31181,ECG,2974,12914,0,0,0,0,0
31191,ECG,2975,12541,0,0,0,0,0
31191,ECG,2976,12325,0,0,0,0,0
31191,ECG,2977,12209,0,0,0,0,0
31191,ECG,2978,12197,0,0,0,0,0
31191,ECG,2979,12255,0,0,0,0,0
31201,ECG,2980,12393,0,0,0,0,0
31201,ECG,2981,12593,0,0,0,0,0
31201,ECG,2982,12530,0,0,0,0,0
31201,ECG,2983,12451,0,0,0,0,0
31201,ECG,2984,12090,0,0,0,0,0
31210,ECG,2985,11753,0,0,0,0,0
31210,ECG,2986,11506,0,0,0,0,0
31210,ECG,2987,11319,0,0,0,0,0
31210,ECG,2988,11285,0,0,0,0,0
31210,ECG,2989,11328,0,0,0,0,0
31220,ECG,2990,11479,0,0,0,0,0
31220,ECG,2991,11811,0,0,0,0,0
31220,ECG,2992,11788,0,0,0,0,0
31220,ECG,2993,11714,0,0,0,0,0
31220,ECG,2994,11287,0,0,0,0,0
31230,ECG,2995,10755,0,0,0,0,0
31230,ECG,2996,10332,0,0,0,0,0
31230,ECG,2997,10065,0,0,0,0,0
31230,ECG,2998,9990,0,0,0,0,0
31230,ECG,2999,10119,0,0,0,0,0
31240,ECG,3000,10410,0,0,0,0,0
31240,ECG,3001,10749,0,0,0,0,0
31240,ECG,3002,11024,0,0,0,0,0
31240,ECG,3003,11041,0,0,0,0,0
31240,ECG,3004,10971,0,0,0,0,0
31250,ECG,3005,10665,0,0,0,0,0
31250,ECG,3006,10474,0,0,0,0,0
31250,ECG,3007,10354,0,0,0,0,0
31250,ECG,3008,10263,0,0,0,0,0
31250,ECG,3009,10246,0,0,0,0,0
31259,ECG,3010,10262,0,0,0,0,0
31259,ECG,3011,10413,0,0,0,0,0
31259,ECG,3012,10442,0,0,0,0,0
31259,ECG,3013,10376,0,0,0,0,0
31259,ECG,3014,10127,0,0,0,0,0
31269,ECG,3015,9690,0,0,0,0,0
31269,ECG,3016,9280,0,0,0,0,0
31269,ECG,3017,8962,0,0,0,0,0
31269,ECG,3018,8787,0,0,0,0,0
31269,ECG,3019,8825,0,0,0,0,0
31279,ECG,3020,9002,0,0,0,0,0
31279,ECG,3021,9281,0,0,0,0,0
31279,ECG,3022,9680,0,0,0,0,0
31279,ECG,3023,9781,0,0,0,0,0
31279,ECG,3024,9719,0,0,0,0,0
31289,ECG,3025,9448,0,0,0,0,0
31289,ECG,3026,9071,0,0,0,0,0
31289,ECG,3027,8788,0,0,0,0,0
31289,ECG,3028,8626,0,0,0,0,0
31289,ECG,3029,8592,0,0,0,0,0
31298,ECG,3030,8649,0,0,0,0,0
31298,ECG,3031,8849,0,0,0,0,0
31298,ECG,3032,9139,0,0,0,0,0
31298,ECG,3033,9207,0,0,0,0,0
31298,ECG,3034,9149,0,0,0,0,0
31308,ECG,3035,8869,0,0,0,0,0
31308,ECG,3036,8436,0,0,0,0,0
31308,ECG,3037,8162,0,0,0,0,0
31308,ECG,3038,7990,0,0,0,0,0
31308,ECG,3039,7950,0,0,0,0,0
31318,ECG,3040,8037,0,0,0,0,0
31318,ECG,3041,8225,0,0,0,0,0
31318,ECG,3042,8527,0,0,0,0,0
31318,ECG,3043,8671,0,0,0,0,0
31318,ECG,3044,8616,0,0,0,0,0
31328,ECG,3045,8441,0,0,0,0,0
31328,ECG,3046,8087,0,0,0,0,0
31328,ECG,3047,7847,0,0,0,0,0
31328,ECG,3048,7706,0,0,0,0,0
31328,ECG,3049,7664,0,0,0,0,0
31338,ECG,3050,7694,0,0,0,0,0
31338,ECG,3051,7843,0,0,0,0,0
31338,ECG,3052,8129,0,0,0,0,0
31338,ECG,3053,8159,0,0,0,0,0
31338,ECG,3054,8100,0,0,0,0,0
31347,ECG,3055,7811,0,0,0,0,0
31347,ECG,3056,7378,0,0,0,0,0
31347,ECG,3057,7075,0,0,0,0,0
31347,ECG,3058,6898,0,0,0,0,0
31347,ECG,3059,6853,0,0,0,0,0
31357,ECG,3060,6964,0,0,0,0,0
31357,ECG,3061,7173,0,0,0,0,0
31357,ECG,3062,7482,0,0,0,0,0
31357,ECG,3063,7690,0,0,0,0,0
31357,ECG,3064,7641,0,0,0,0,0
31367,ECG,3065,7504,0,0,0,0,0
31367,ECG,3066,7117,0,0,0,0,0
31367,ECG,3067,6864,0,0,0,0,0
31367,ECG,3068,6694,0,0,0,0,0
31367,ECG,3069,6613,0,0,0,0,0
31377,ECG,3070,6679,0,0,0,0,0
31377,ECG,3071,6782,0,0,0,0,0
27125,PPG,100,129950,60018,0,0,0,0
27208,PPG,101,129957,60032,0,0,0,0
27288,PPG,102,129954,60021,0,0,0,0
27365,PPG,103,129929,60016,0,0,0,0
27445,PPG,104,129944,60032,0,0,0,0
27524,PPG,105,129955,60030,0,0,0,0
27604,PPG,106,129963,60024,0,0,0,0
27686,PPG,107,129952,60019,0,0,0,0
27775,PPG,108,129945,60029,0,0,0,0
27841,PPG,109,129949,60023,0,0,0,0
27919,PPG,110,129939,60017,0,0,0,0
27999,PPG,111,129947,60025,0,0,0,0
28078,PPG,112,129935,60036,0,0,0,0
28158,PPG,113,129958,60018,0,0,0,0
28241,PPG,114,129952,60022,0,0,0,0
28319,PPG,115,129939,60022,0,0,0,0
28397,PPG,116,129946,60026,0,0,0,0
28476,PPG,117,129944,60024,0,0,0,0
28556,PPG,118,129937,60030,0,0,0,0
28650,PPG,119,129946,60034,0,0,0,0
28715,PPG,120,129946,60027,0,0,0,0
28798,PPG,121,129934,60032,0,0,0,0
28893,PPG,122,129945,60027,0,0,0,0
28953,PPG,123,129963,60031,0,0,0,0
29033,PPG,124,129950,60028,0,0,0,0
29112,PPG,125,129950,60028,0,0,0,0
29191,PPG,126,129946,60029,0,0,0,0
29274,PPG,127,129957,60029,0,0,0,0
29353,PPG,128,129933,60025,0,0,0,0
29430,PPG,129,129949,60019,0,0,0,0
29525,PPG,130,129943,60016,0,0,0,0
29588,PPG,131,129964,60030,0,0,0,0
29668,PPG,132,129954,60021,0,0,0,0
29747,PPG,133,129955,60024,0,0,0,0
29830,PPG,134,129957,60034,0,0,0,0
29907,PPG,135,129952,60026,0,0,0,0
29985,PPG,136,129954,60033,0,0,0,0
30065,PPG,137,129953,60024,0,0,0,0
30145,PPG,138,129945,60027,0,0,0,0
30224,PPG,139,129959,60027,0,0,0,0
30304,PPG,140,129936,60023,0,0,0,0
30395,PPG,141,129940,60009,0,0,0,0
30463,PPG,142,129936,60024,0,0,0,0
30542,PPG,143,129948,60031,0,0,0,0
30622,PPG,144,129946,60018,0,0,0,0
30701,PPG,145,129947,60018,0,0,0,0
30781,PPG,146,129942,60024,0,0,0,0
30864,PPG,147,129951,60021,0,0,0,0
30942,PPG,148,129952,60025,0,0,0,0
31019,PPG,149,129940,60027,0,0,0,0
31099,PPG,150,129946,60018,0,0,0,0
31178,PPG,151,129949,60031,0,0,0,0
31268,PPG,152,129947,60025,0,0,0,0
31343,PPG,153,129950,60019,0,0,0,0
31421,PPG,154,129949,60026,0,0,0,0
31497,PPG,155,129947,60030,0,0,0,0
31577,PPG,156,129947,60026,0,0,0,0
31656,PPG,157,129953,60032,0,0,0,0
31736,PPG,158,129937,60021,0,0,0,0
31814,PPG,159,129944,60030,0,0,0,0
31896,PPG,160,129946,60024,0,0,0,0
31974,PPG,161,129946,60019,0,0,0,0
32052,PPG,162,129944,60020,0,0,0,0
32141,PPG,163,129946,60009,0,0,0,0
32211,PPG,164,129932,60028,0,0,0,0
32290,PPG,165,129941,60028,0,0,0,0
32370,PPG,166,129938,60021,0,0,0,0
32453,PPG,167,129951,60020,0,0,0,0
32530,PPG,168,129950,60027,0,0,0,0
32608,PPG,169,129947,60026,0,0,0,0
32688,PPG,170,129944,60020,0,0,0,0
32768,PPG,171,129936,60020,0,0,0,0
32847,PPG,172,129951,60020,0,0,0,0
32930,PPG,173,129944,60019,0,0,0,0
33016,PPG,174,129941,60021,0,0,0,0
33085,PPG,175,129933,60025,0,0,0,0
33165,PPG,176,129939,60009,0,0,0,0
33244,PPG,177,129955,60024,0,0,0,0
33324,PPG,178,129938,60029,0,0,0,0
33403,PPG,179,129945,60021,0,0,0,0
33486,PPG,180,129945,60028,0,0,0,0
33563,PPG,181,129945,60023,0,0,0,0
33641,PPG,182,129937,60018,0,0,0,0
33721,PPG,183,129938,60015,0,0,0,0
33800,PPG,184,129940,60027,0,0,0,0
33890,PPG,185,129960,60015,0,0,0,0
33959,PPG,186,129947,60018,0,0,0,0
34041,PPG,187,129930,60025,0,0,0,0
34137,PPG,188,129953,60026,0,0,0,0
34197,PPG,189,129939,60023,0,0,0,0
34277,PPG,190,129943,60025,0,0,0,0
34356,PPG,191,129954,60019,0,0,0,0
34436,PPG,192,129955,60029,0,0,0,0
34519,PPG,193,129946,60019,0,0,0,0
34597,PPG,194,129940,60033,0,0,0,0
34675,PPG,195,129941,60030,0,0,0,0
34760,PPG,196,129939,60034,0,0,0,0
34834,PPG,197,129944,60014,0,0,0,0
34913,PPG,198,129938,60024,0,0,0,0
34993,PPG,199,129946,60026,0,0,0,0
