timestamp_ms,type,seq,v1,v2,v3,v4,v5,v6
17797,META_START,10,16740,0,0,0,0,0
23839,ECG,0,0,0,0,0,0,0
23839,ECG,1,-1,0,0,0,0,0
23839,ECG,2,-6,0,0,0,0,0
23844,ECG,3,2,0,0,0,0,0
23844,ECG,4,6,0,0,0,0,0
23849,ECG,5,38,0,0,0,0,0
23849,ECG,6,-16,0,0,0,0,0
23854,ECG,7,-26,0,0,0,0,0
23854,ECG,8,151,0,0,0,0,0
23854,ECG,9,-753,0,0,0,0,0
23859,ECG,10,-2109,0,0,0,0,0
23859,ECG,11,-1850,0,0,0,0,0
23864,ECG,12,-36,0,0,0,0,0
23864,ECG,13,3394,0,0,0,0,0
23864,ECG,14,8729,0,0,0,0,0
23869,ECG,15,15156,0,0,0,0,0
23869,ECG,16,21689,0,0,0,0,0
23874,ECG,17,27397,0,0,0,0,0
23874,ECG,18,31311,0,0,0,0,0
23874,ECG,19,32011,0,0,0,0,0
23879,ECG,20,31810,0,0,0,0,0
23879,ECG,21,31610,0,0,0,0,0
23884,ECG,22,31343,0,0,0,0,0
23884,ECG,23,31109,0,0,0,0,0
23884,ECG,24,31019,0,0,0,0,0
23889,ECG,25,30731,0,0,0,0,0
23889,ECG,26,30591,0,0,0,0,0
23894,ECG,27,30395,0,0,0,0,0
23894,ECG,28,30195,0,0,0,0,0
23894,ECG,29,30019,0,0,0,0,0
23899,ECG,30,29827,0,0,0,0,0
23899,ECG,31,29638,0,0,0,0,0
23904,ECG,32,29266,0,0,0,0,0
23904,ECG,33,29082,0,0,0,0,0
23909,ECG,34,28900,0,0,0,0,0
23909,ECG,35,28718,0,0,0,0,0
23914,ECG,36,28358,0,0,0,0,0
23914,ECG,37,28180,0,0,0,0,0
23919,ECG,38,28002,0,0,0,0,0
23919,ECG,39,27826,0,0,0,0,0
23919,ECG,40,27651,0,0,0,0,0
23924,ECG,41,27478,0,0,0,0,0
23924,ECG,42,27305,0,0,0,0,0
23929,ECG,43,27133,0,0,0,0,0
23929,ECG,44,26963,0,0,0,0,0
23929,ECG,45,26793,0,0,0,0,0
23934,ECG,46,26625,0,0,0,0,0
23934,ECG,47,26457,0,0,0,0,0
24940,ECG,48,0,0,0,0,0,0
24940,ECG,49,-1,0,0,0,0,0
24940,ECG,50,-6,0,0,0,0,0
24945,ECG,51,2,0,0,0,0,0
24945,ECG,52,6,0,0,0,0,0
24950,ECG,53,38,0,0,0,0,0
24950,ECG,54,-16,0,0,0,0,0
24955,ECG,55,-26,0,0,0,0,0
24955,ECG,56,151,0,0,0,0,0
24955,ECG,57,-753,0,0,0,0,0
24960,ECG,58,-2109,0,0,0,0,0
24960,ECG,59,-1850,0,0,0,0,0
24965,ECG,60,-36,0,0,0,0,0
24965,ECG,61,3394,0,0,0,0,0
24970,ECG,62,15156,0,0,0,0,0
24970,ECG,63,21689,0,0,0,0,0
24975,ECG,64,27397,0,0,0,0,0
24975,ECG,65,31311,0,0,0,0,0
24975,ECG,66,32011,0,0,0,0,0
24980,ECG,67,31810,0,0,0,0,0
24980,ECG,68,31610,0,0,0,0,0
24985,ECG,69,31343,0,0,0,0,0
24985,ECG,70,31109,0,0,0,0,0
24985,ECG,71,31019,0,0,0,0,0
24990,ECG,72,30731,0,0,0,0,0
24990,ECG,73,30591,0,0,0,0,0
24995,ECG,74,30395,0,0,0,0,0
24995,ECG,75,30195,0,0,0,0,0
24995,ECG,76,30019,0,0,0,0,0
25000,ECG,77,29827,0,0,0,0,0
25000,ECG,78,29638,0,0,0,0,0
25005,ECG,79,29266,0,0,0,0,0
25005,ECG,80,29082,0,0,0,0,0
25010,ECG,81,28900,0,0,0,0,0
25010,ECG,82,28718,0,0,0,0,0
25015,ECG,83,28358,0,0,0,0,0
25015,ECG,84,28180,0,0,0,0,0
25020,ECG,85,28002,0,0,0,0,0
25020,ECG,86,27826,0,0,0,0,0
25020,ECG,87,27651,0,0,0,0,0
25025,ECG,88,27478,0,0,0,0,0
25025,ECG,89,27305,0,0,0,0,0
25030,ECG,90,27133,0,0,0,0,0
25030,ECG,91,26963,0,0,0,0,0
25030,ECG,92,26793,0,0,0,0,0
25035,ECG,93,26625,0,0,0,0,0
25035,ECG,94,26457,0,0,0,0,0
25040,ECG,95,26291,0,0,0,0,0
25040,ECG,96,26126,0,0,0,0,0
25040,ECG,97,25961,0,0,0,0,0
25045,ECG,98,25798,0,0,0,0,0
25045,ECG,99,25636,0,0,0,0,0
25050,ECG,100,25314,0,0,0,0,0
25050,ECG,101,25155,0,0,0,0,0
25055,ECG,102,24997,0,0,0,0,0
25055,ECG,103,24840,0,0,0,0,0
25055,ECG,104,24683,0,0,0,0,0
25060,ECG,105,24528,0,0,0,0,0
25060,ECG,106,24374,0,0,0,0,0
25065,ECG,107,24221,0,0,0,0,0
25065,ECG,108,24068,0,0,0,0,0
25070,ECG,109,23766,0,0,0,0,0
25070,ECG,110,23617,0,0,0,0,0
25075,ECG,111,23468,0,0,0,0,0
25075,ECG,112,23321,0,0,0,0,0
25075,ECG,113,23174,0,0,0,0,0
25080,ECG,114,23028,0,0,0,0,0
25080,ECG,115,22883,0,0,0,0,0
25085,ECG,116,22739,0,0,0,0,0
25085,ECG,117,22596,0,0,0,0,0
25085,ECG,118,22454,0,0,0,0,0
25090,ECG,119,22313,0,0,0,0,0
25090,ECG,120,22172,0,0,0,0,0
25095,ECG,121,22033,0,0,0,0,0
25095,ECG,122,21894,0,0,0,0,0
25095,ECG,123,21756,0,0,0,0,0
25100,ECG,124,21619,0,0,0,0,0
25100,ECG,125,21483,0,0,0,0,0
25105,ECG,126,21214,0,0,0,0,0
25105,ECG,127,21080,0,0,0,0,0
25110,ECG,128,20948,0,0,0,0,0
25110,ECG,129,20816,0,0,0,0,0
25110,ECG,130,20685,0,0,0,0,0
25115,ECG,131,20555,0,0,0,0,0
25115,ECG,132,20425,0,0,0,0,0
25120,ECG,133,20297,0,0,0,0,0
25120,ECG,134,20169,0,0,0,0,0
25125,ECG,135,19916,0,0,0,0,0
25125,ECG,136,19790,0,0,0,0,0
25130,ECG,137,19666,0,0,0,0,0
25130,ECG,138,19542,0,0,0,0,0
25130,ECG,139,19419,0,0,0,0,0
25135,ECG,140,19297,0,0,0,0,0
25135,ECG,141,19175,0,0,0,0,0
25140,ECG,142,19055,0,0,0,0,0
25140,ECG,143,18935,0,0,0,0,0
25140,ECG,144,18815,0,0,0,0,0
25145,ECG,145,18697,0,0,0,0,0
25145,ECG,146,18579,0,0,0,0,0
25150,ECG,147,18462,0,0,0,0,0
25150,ECG,148,18346,0,0,0,0,0
25150,ECG,149,18230,0,0,0,0,0
25155,ECG,150,18116,0,0,0,0,0
25155,ECG,151,18002,0,0,0,0,0
25160,ECG,152,17775,0,0,0,0,0
25160,ECG,153,17663,0,0,0,0,0
25165,ECG,154,17552,0,0,0,0,0
25165,ECG,155,17442,0,0,0,0,0
25170,ECG,156,17222,0,0,0,0,0
25170,ECG,157,17114,0,0,0,0,0
25175,ECG,158,17006,0,0,0,0,0
25175,ECG,159,16899,0,0,0,0,0
25175,ECG,160,16792,0,0,0,0,0
25180,ECG,161,16687,0,0,0,0,0
25180,ECG,162,16581,0,0,0,0,0
25185,ECG,163,16477,0,0,0,0,0
25185,ECG,164,16373,0,0,0,0,0
25185,ECG,165,16270,0,0,0,0,0
25190,ECG,166,16167,0,0,0,0,0
25190,ECG,167,16065,0,0,0,0,0
25195,ECG,168,15964,0,0,0,0,0
25195,ECG,169,15864,0,0,0,0,0
25195,ECG,170,15764,0,0,0,0,0
25200,ECG,171,15664,0,0,0,0,0
25200,ECG,172,15566,0,0,0,0,0
25205,ECG,173,15370,0,0,0,0,0
25205,ECG,174,15273,0,0,0,0,0
25210,ECG,175,15177,0,0,0,0,0
25210,ECG,176,15081,0,0,0,0,0
25210,ECG,177,14986,0,0,0,0,0
25215,ECG,178,14891,0,0,0,0,0
25215,ECG,179,14797,0,0,0,0,0
25220,ECG,180,14704,0,0,0,0,0
25220,ECG,181,14611,0,0,0,0,0
25225,ECG,182,14428,0,0,0,0,0
25225,ECG,183,14337,0,0,0,0,0
25230,ECG,184,14246,0,0,0,0,0
25230,ECG,185,14156,0,0,0,0,0
25230,ECG,186,14067,0,0,0,0,0
25235,ECG,187,13978,0,0,0,0,0
25235,ECG,188,13890,0,0,0,0,0
25240,ECG,189,13802,0,0,0,0,0
25240,ECG,190,13715,0,0,0,0,0
25240,ECG,191,13629,0,0,0,0,0
25245,ECG,192,13543,0,0,0,0,0
25245,ECG,193,13457,0,0,0,0,0
25250,ECG,194,13372,0,0,0,0,0
25250,ECG,195,13288,0,0,0,0,0
25250,ECG,196,13204,0,0,0,0,0
25255,ECG,197,13121,0,0,0,0,0
25255,ECG,198,13038,0,0,0,0,0
25260,ECG,199,12874,0,0,0,0,0
25260,ECG,200,12793,0,0,0,0,0
25265,ECG,201,12712,0,0,0,0,0
25265,ECG,202,12632,0,0,0,0,0
25270,ECG,203,12473,0,0,0,0,0
25270,ECG,204,12394,0,0,0,0,0
25275,ECG,205,12316,0,0,0,0,0
25275,ECG,206,12238,0,0,0,0,0
25275,ECG,207,12161,0,0,0,0,0
25280,ECG,208,12084,0,0,0,0,0
25280,ECG,209,12008,0,0,0,0,0
25285,ECG,210,11932,0,0,0,0,0
25285,ECG,211,11857,0,0,0,0,0
25285,ECG,212,11782,0,0,0,0,0
25290,ECG,213,11707,0,0,0,0,0
25290,ECG,214,11633,0,0,0,0,0
25295,ECG,215,11560,0,0,0,0,0
25295,ECG,216,11487,0,0,0,0,0
25295,ECG,217,11414,0,0,0,0,0
25300,ECG,218,11342,0,0,0,0,0
25300,ECG,219,11271,0,0,0,0,0
25305,ECG,220,11129,0,0,0,0,0
25305,ECG,221,11058,0,0,0,0,0
25310,ECG,222,10988,0,0,0,0,0
25310,ECG,223,10919,0,0,0,0,0
25315,ECG,224,10781,0,0,0,0,0
25315,ECG,225,10713,0,0,0,0,0
25320,ECG,226,10645,0,0,0,0,0
25320,ECG,227,10578,0,0,0,0,0
25320,ECG,228,10511,0,0,0,0,0
25325,ECG,229,10445,0,0,0,0,0
25325,ECG,230,10379,0,0,0,0,0
25330,ECG,231,10313,0,0,0,0,0
25330,ECG,232,10248,0,0,0,0,0
25330,ECG,233,10183,0,0,0,0,0
25335,ECG,234,10118,0,0,0,0,0
25335,ECG,235,10054,0,0,0,0,0
25340,ECG,236,9991,0,0,0,0,0
25340,ECG,237,9928,0,0,0,0,0
25340,ECG,238,9865,0,0,0,0,0
25345,ECG,239,9802,0,0,0,0,0
25345,ECG,240,9740,0,0,0,0,0
25350,ECG,241,9679,0,0,0,0,0
25350,ECG,242,9617,0,0,0,0,0
25350,ECG,243,9557,0,0,0,0,0
25355,ECG,244,9496,0,0,0,0,0
25355,ECG,245,9436,0,0,0,0,0
25355,ECG,246,9376,0,0,0,0,0
25360,ECG,247,9317,0,0,0,0,0
25360,ECG,248,9258,0,0,0,0,0
25365,ECG,249,9200,0,0,0,0,0
25365,ECG,250,9141,0,0,0,0,0
25370,ECG,251,9026,0,0,0,0,0
25370,ECG,252,8969,0,0,0,0,0
25375,ECG,253,8912,0,0,0,0,0
25375,ECG,254,8855,0,0,0,0,0
25375,ECG,255,8799,0,0,0,0,0
25380,ECG,256,8744,0,0,0,0,0
25380,ECG,257,8688,0,0,0,0,0
25385,ECG,258,8633,0,0,0,0,0
25385,ECG,259,8578,0,0,0,0,0
25385,ECG,260,8524,0,0,0,0,0
25390,ECG,261,8470,0,0,0,0,0
25390,ECG,262,8416,0,0,0,0,0
25395,ECG,263,8363,0,0,0,0,0
25395,ECG,264,8310,0,0,0,0,0
25395,ECG,265,8257,0,0,0,0,0
25400,ECG,266,8205,0,0,0,0,0
25400,ECG,267,8153,0,0,0,0,0
25405,ECG,268,8050,0,0,0,0,0
25405,ECG,269,7999,0,0,0,0,0
25410,ECG,270,7948,0,0,0,0,0
25410,ECG,271,7898,0,0,0,0,0
25415,ECG,272,7798,0,0,0,0,0
25415,ECG,273,7749,0,0,0,0,0
25420,ECG,274,7699,0,0,0,0,0
25420,ECG,275,7651,0,0,0,0,0
25420,ECG,276,7602,0,0,0,0,0
25425,ECG,277,7554,0,0,0,0,0
25425,ECG,278,7506,0,0,0,0,0
25430,ECG,279,7458,0,0,0,0,0
25430,ECG,280,7411,0,0,0,0,0
25430,ECG,281,7364,0,0,0,0,0
25435,ECG,282,7317,0,0,0,0,0
25435,ECG,283,7271,0,0,0,0,0
25440,ECG,284,7224,0,0,0,0,0
25440,ECG,285,7178,0,0,0,0,0
25440,ECG,286,7133,0,0,0,0,0
25445,ECG,287,7088,0,0,0,0,0
25445,ECG,288,7043,0,0,0,0,0
25450,ECG,289,6998,0,0,0,0,0
25450,ECG,290,6953,0,0,0,0,0
25450,ECG,291,6909,0,0,0,0,0
25455,ECG,292,6865,0,0,0,0,0
25455,ECG,293,6821,0,0,0,0,0
25460,ECG,294,6735,0,0,0,0,0
25460,ECG,295,6692,0,0,0,0,0
25465,ECG,296,6650,0,0,0,0,0
25465,ECG,297,6608,0,0,0,0,0
25470,ECG,298,6524,0,0,0,0,0
25470,ECG,299,6482,0,0,0,0,0
25475,ECG,300,6441,0,0,0,0,0
25475,ECG,301,6400,0,0,0,0,0
25475,ECG,302,6359,0,0,0,0,0
25480,ECG,303,6319,0,0,0,0,0
25480,ECG,304,6279,0,0,0,0,0
25485,ECG,305,6239,0,0,0,0,0
25485,ECG,306,6199,0,0,0,0,0
25485,ECG,307,6159,0,0,0,0,0
25490,ECG,308,6120,0,0,0,0,0
25490,ECG,309,6081,0,0,0,0,0
25495,ECG,310,6042,0,0,0,0,0
25495,ECG,311,6004,0,0,0,0,0
25495,ECG,312,5966,0,0,0,0,0
25500,ECG,313,5928,0,0,0,0,0
25500,ECG,314,5890,0,0,0,0,0
25505,ECG,315,5815,0,0,0,0,0
25505,ECG,316,5778,0,0,0,0,0
25510,ECG,317,5741,0,0,0,0,0
25510,ECG,318,5705,0,0,0,0,0
25510,ECG,319,5669,0,0,0,0,0
25515,ECG,320,5632,0,0,0,0,0
25515,ECG,321,5596,0,0,0,0,0
25520,ECG,322,5561,0,0,0,0,0
25520,ECG,323,5525,0,0,0,0,0
25525,ECG,324,5455,0,0,0,0,0
25525,ECG,325,5420,0,0,0,0,0
25530,ECG,326,5386,0,0,0,0,0
25530,ECG,327,5351,0,0,0,0,0
25530,ECG,328,5317,0,0,0,0,0
25535,ECG,329,5283,0,0,0,0,0
25535,ECG,330,5249,0,0,0,0,0
25540,ECG,331,5216,0,0,0,0,0
25540,ECG,332,5183,0,0,0,0,0
25540,ECG,333,5150,0,0,0,0,0
25545,ECG,334,5117,0,0,0,0,0
25545,ECG,335,5084,0,0,0,0,0
25550,ECG,336,5051,0,0,0,0,0
25550,ECG,337,5019,0,0,0,0,0
25550,ECG,338,4987,0,0,0,0,0
25555,ECG,339,4955,0,0,0,0,0
25555,ECG,340,4924,0,0,0,0,0
25560,ECG,341,4861,0,0,0,0,0
25560,ECG,342,4830,0,0,0,0,0
25565,ECG,343,4799,0,0,0,0,0
25565,ECG,344,4768,0,0,0,0,0
25565,ECG,345,4738,0,0,0,0,0
25570,ECG,346,4707,0,0,0,0,0
25570,ECG,347,4677,0,0,0,0,0
25575,ECG,348,4647,0,0,0,0,0
25575,ECG,349,4618,0,0,0,0,0
25580,ECG,350,4559,0,0,0,0,0
25580,ECG,351,4530,0,0,0,0,0
25585,ECG,352,4501,0,0,0,0,0
25585,ECG,353,4472,0,0,0,0,0
25585,ECG,354,4443,0,0,0,0,0
25590,ECG,355,4415,0,0,0,0,0
25590,ECG,356,4386,0,0,0,0,0
25595,ECG,357,4358,0,0,0,0,0
25595,ECG,358,4330,0,0,0,0,0
25595,ECG,359,4303,0,0,0,0,0
25600,ECG,360,4275,0,0,0,0,0
25600,ECG,361,4248,0,0,0,0,0
25605,ECG,362,4220,0,0,0,0,0
25605,ECG,363,4193,0,0,0,0,0
25605,ECG,364,4166,0,0,0,0,0
25610,ECG,365,4140,0,0,0,0,0
25610,ECG,366,4113,0,0,0,0,0
25615,ECG,367,4060,0,0,0,0,0
25615,ECG,368,4034,0,0,0,0,0
25620,ECG,369,4008,0,0,0,0,0
25620,ECG,370,3983,0,0,0,0,0
25625,ECG,371,3932,0,0,0,0,0
25625,ECG,372,3906,0,0,0,0,0
25630,ECG,373,3881,0,0,0,0,0
25630,ECG,374,3856,0,0,0,0,0
25630,ECG,375,3832,0,0,0,0,0
25635,ECG,376,3807,0,0,0,0,0
25635,ECG,377,3782,0,0,0,0,0
25640,ECG,378,3758,0,0,0,0,0
25640,ECG,379,3734,0,0,0,0,0
25640,ECG,380,3710,0,0,0,0,0
25645,ECG,381,3686,0,0,0,0,0
25645,ECG,382,3662,0,0,0,0,0
25650,ECG,383,3639,0,0,0,0,0
25650,ECG,384,3615,0,0,0,0,0
25650,ECG,385,3592,0,0,0,0,0
25655,ECG,386,3569,0,0,0,0,0
25655,ECG,387,3546,0,0,0,0,0
25660,ECG,388,3500,0,0,0,0,0
25660,ECG,389,3478,0,0,0,0,0
25665,ECG,390,3455,0,0,0,0,0
25665,ECG,391,3433,0,0,0,0,0
25665,ECG,392,3411,0,0,0,0,0
25670,ECG,393,3389,0,0,0,0,0
25670,ECG,394,3367,0,0,0,0,0
25675,ECG,395,3345,0,0,0,0,0
25675,ECG,396,3324,0,0,0,0,0
25675,ECG,397,3302,0,0,0,0,0
25680,ECG,398,3281,0,0,0,0,0
25680,ECG,399,3260,0,0,0,0,0
25685,ECG,400,3239,0,0,0,0,0
25685,ECG,401,3218,0,0,0,0,0
25685,ECG,402,3197,0,0,0,0,0
25690,ECG,403,3176,0,0,0,0,0
25690,ECG,404,3156,0,0,0,0,0
25695,ECG,405,3135,0,0,0,0,0
25695,ECG,406,3115,0,0,0,0,0
25695,ECG,407,3095,0,0,0,0,0
25700,ECG,408,3075,0,0,0,0,0
25700,ECG,409,3055,0,0,0,0,0
25705,ECG,410,3035,0,0,0,0,0
25705,ECG,411,3015,0,0,0,0,0
25705,ECG,412,2996,0,0,0,0,0
25710,ECG,413,2976,0,0,0,0,0
25710,ECG,414,2957,0,0,0,0,0
25715,ECG,415,2919,0,0,0,0,0
25715,ECG,416,2900,0,0,0,0,0
25720,ECG,417,2881,0,0,0,0,0
25720,ECG,418,2862,0,0,0,0,0
25725,ECG,419,2825,0,0,0,0,0
25725,ECG,420,2807,0,0,0,0,0
25730,ECG,421,2789,0,0,0,0,0
25730,ECG,422,2771,0,0,0,0,0
25730,ECG,423,2753,0,0,0,0,0
25735,ECG,424,2735,0,0,0,0,0
25735,ECG,425,2717,0,0,0,0,0
25740,ECG,426,2700,0,0,0,0,0
25740,ECG,427,2682,0,0,0,0,0
25740,ECG,428,2665,0,0,0,0,0
25745,ECG,429,2647,0,0,0,0,0
25745,ECG,430,2630,0,0,0,0,0
25750,ECG,431,2613,0,0,0,0,0
25750,ECG,432,2596,0,0,0,0,0
25750,ECG,433,2579,0,0,0,0,0
25755,ECG,434,2562,0,0,0,0,0
25755,ECG,435,2546,0,0,0,0,0
25760,ECG,436,2513,0,0,0,0,0
25760,ECG,437,2496,0,0,0,0,0
25765,ECG,438,2480,0,0,0,0,0
25765,ECG,439,2464,0,0,0,0,0
25770,ECG,440,2432,0,0,0,0,0
25770,ECG,441,2416,0,0,0,0,0
25775,ECG,442,2400,0,0,0,0,0
25775,ECG,443,2385,0,0,0,0,0
25775,ECG,444,2369,0,0,0,0,0
25780,ECG,445,2354,0,0,0,0,0
25780,ECG,446,2338,0,0,0,0,0
25785,ECG,447,2323,0,0,0,0,0
25785,ECG,448,2308,0,0,0,0,0
25785,ECG,449,2293,0,0,0,0,0
25790,ECG,450,2278,0,0,0,0,0
25790,ECG,451,2263,0,0,0,0,0
25795,ECG,452,2248,0,0,0,0,0
25795,ECG,453,2233,0,0,0,0,0
25795,ECG,454,2219,0,0,0,0,0
25800,ECG,455,2204,0,0,0,0,0
25800,ECG,456,2190,0,0,0,0,0
25805,ECG,457,2176,0,0,0,0,0
25805,ECG,458,2161,0,0,0,0,0
25805,ECG,459,2147,0,0,0,0,0
25810,ECG,460,2133,0,0,0,0,0
25810,ECG,461,2119,0,0,0,0,0
25815,ECG,462,2091,0,0,0,0,0
25815,ECG,463,2078,0,0,0,0,0
25820,ECG,464,2064,0,0,0,0,0
25820,ECG,465,2050,0,0,0,0,0
25825,ECG,466,2023,0,0,0,0,0
25825,ECG,467,2010,0,0,0,0,0
25830,ECG,468,1997,0,0,0,0,0
25830,ECG,469,1984,0,0,0,0,0
25830,ECG,470,1971,0,0,0,0,0
25835,ECG,471,1958,0,0,0,0,0
25835,ECG,472,1945,0,0,0,0,0
25840,ECG,473,1932,0,0,0,0,0
25840,ECG,474,1919,0,0,0,0,0
25840,ECG,475,1906,0,0,0,0,0
25845,ECG,476,1894,0,0,0,0,0
25845,ECG,477,1881,0,0,0,0,0
25850,ECG,478,1869,0,0,0,0,0
25850,ECG,479,1857,0,0,0,0,0
25850,ECG,480,1844,0,0,0,0,0
25855,ECG,481,1832,0,0,0,0,0
25855,ECG,482,1820,0,0,0,0,0
25860,ECG,483,1796,0,0,0,0,0
25860,ECG,484,1784,0,0,0,0,0
25865,ECG,485,1772,0,0,0,0,0
25865,ECG,486,1761,0,0,0,0,0
25865,ECG,487,1749,0,0,0,0,0
25870,ECG,488,1737,0,0,0,0,0
25870,ECG,489,1726,0,0,0,0,0
25875,ECG,490,1714,0,0,0,0,0
25875,ECG,491,1703,0,0,0,0,0
25880,ECG,492,1681,0,0,0,0,0
25880,ECG,493,1669,0,0,0,0,0
25885,ECG,494,1658,0,0,0,0,0
25885,ECG,495,1647,0,0,0,0,0
25885,ECG,496,1636,0,0,0,0,0
25890,ECG,497,1625,0,0,0,0,0
25890,ECG,498,1615,0,0,0,0,0
25895,ECG,499,1604,0,0,0,0,0
25895,ECG,500,1593,0,0,0,0,0
25895,ECG,501,1583,0,0,0,0,0
25900,ECG,502,1572,0,0,0,0,0
25900,ECG,503,1562,0,0,0,0,0
25905,ECG,504,1551,0,0,0,0,0
25905,ECG,505,1541,0,0,0,0,0
25905,ECG,506,1531,0,0,0,0,0
25910,ECG,507,1520,0,0,0,0,0
25910,ECG,508,1510,0,0,0,0,0
25915,ECG,509,1490,0,0,0,0,0
25915,ECG,510,1480,0,0,0,0,0
25920,ECG,511,1470,0,0,0,0,0
25920,ECG,512,1460,0,0,0,0,0
25925,ECG,513,1441,0,0,0,0,0
25925,ECG,514,1431,0,0,0,0,0
25930,ECG,515,1422,0,0,0,0,0
25930,ECG,516,1412,0,0,0,0,0
25930,ECG,517,1403,0,0,0,0,0
25935,ECG,518,1393,0,0,0,0,0
25935,ECG,519,1384,0,0,0,0,0
25940,ECG,520,1375,0,0,0,0,0
25940,ECG,521,1365,0,0,0,0,0
25940,ECG,522,1356,0,0,0,0,0
25945,ECG,523,1347,0,0,0,0,0
25945,ECG,524,1338,0,0,0,0,0
25950,ECG,525,1329,0,0,0,0,0
25950,ECG,526,1320,0,0,0,0,0
25950,ECG,527,1311,0,0,0,0,0
25955,ECG,528,1302,0,0,0,0,0
25955,ECG,529,1294,0,0,0,0,0
25960,ECG,530,1276,0,0,0,0,0
25960,ECG,531,1268,0,0,0,0,0
25965,ECG,532,1259,0,0,0,0,0
25965,ECG,533,1251,0,0,0,0,0
25970,ECG,534,1234,0,0,0,0,0
25970,ECG,535,1225,0,0,0,0,0
25975,ECG,536,1217,0,0,0,0,0
25975,ECG,537,1209,0,0,0,0,0
25975,ECG,538,1201,0,0,0,0,0
25980,ECG,539,1192,0,0,0,0,0
25980,ECG,540,1184,0,0,0,0,0
25985,ECG,541,1176,0,0,0,0,0
25985,ECG,542,1168,0,0,0,0,0
25985,ECG,543,1160,0,0,0,0,0
25990,ECG,544,1152,0,0,0,0,0
25990,ECG,545,1145,0,0,0,0,0
25995,ECG,546,1137,0,0,0,0,0
25995,ECG,547,1129,0,0,0,0,0
25995,ECG,548,1121,0,0,0,0,0
26000,ECG,549,1114,0,0,0,0,0
26000,ECG,550,1106,0,0,0,0,0
26005,ECG,551,1091,0,0,0,0,0
26005,ECG,552,1084,0,0,0,0,0
26010,ECG,553,1076,0,0,0,0,0
26010,ECG,554,1069,0,0,0,0,0
26010,ECG,555,1062,0,0,0,0,0
26015,ECG,556,1054,0,0,0,0,0
26015,ECG,557,1047,0,0,0,0,0
26020,ECG,558,1040,0,0,0,0,0
26020,ECG,559,1033,0,0,0,0,0
26025,ECG,560,1019,0,0,0,0,0
26025,ECG,561,1012,0,0,0,0,0
26030,ECG,562,1005,0,0,0,0,0
26030,ECG,563,998,0,0,0,0,0
26030,ECG,564,991,0,0,0,0,0
26035,ECG,565,984,0,0,0,0,0
26035,ECG,566,977,0,0,0,0,0
26040,ECG,567,970,0,0,0,0,0
26040,ECG,568,964,0,0,0,0,0
26040,ECG,569,957,0,0,0,0,0
26045,ECG,570,950,0,0,0,0,0
26045,ECG,571,944,0,0,0,0,0
26050,ECG,572,937,0,0,0,0,0
26050,ECG,573,931,0,0,0,0,0
26050,ECG,574,924,0,0,0,0,0
26055,ECG,575,918,0,0,0,0,0
26055,ECG,576,911,0,0,0,0,0
26060,ECG,577,899,0,0,0,0,0
26060,ECG,578,893,0,0,0,0,0
26065,ECG,579,886,0,0,0,0,0
26065,ECG,580,880,0,0,0,0,0
26070,ECG,581,868,0,0,0,0,0
26070,ECG,582,862,0,0,0,0,0
26075,ECG,583,856,0,0,0,0,0
26075,ECG,584,850,0,0,0,0,0
26075,ECG,585,844,0,0,0,0,0
26080,ECG,586,838,0,0,0,0,0
26080,ECG,587,832,0,0,0,0,0
26085,ECG,588,826,0,0,0,0,0
26085,ECG,589,820,0,0,0,0,0
26085,ECG,590,815,0,0,0,0,0
26090,ECG,591,809,0,0,0,0,0
26090,ECG,592,803,0,0,0,0,0
26095,ECG,593,797,0,0,0,0,0
26095,ECG,594,792,0,0,0,0,0
26095,ECG,595,786,0,0,0,0,0
26100,ECG,596,781,0,0,0,0,0
26100,ECG,597,775,0,0,0,0,0
26105,ECG,598,770,0,0,0,0,0
26105,ECG,599,764,0,0,0,0,0
26105,ECG,600,759,0,0,0,0,0
26110,ECG,601,753,0,0,0,0,0
26110,ECG,602,748,0,0,0,0,0
26110,ECG,603,743,0,0,0,0,0
26115,ECG,604,738,0,0,0,0,0
26115,ECG,605,732,0,0,0,0,0
26120,ECG,606,727,0,0,0,0,0
26120,ECG,607,722,0,0,0,0,0
26125,ECG,608,712,0,0,0,0,0
26125,ECG,609,707,0,0,0,0,0
26130,ECG,610,702,0,0,0,0,0
26130,ECG,611,697,0,0,0,0,0
26130,ECG,612,692,0,0,0,0,0
26135,ECG,613,687,0,0,0,0,0
26135,ECG,614,682,0,0,0,0,0
26140,ECG,615,677,0,0,0,0,0
26140,ECG,616,672,0,0,0,0,0
26140,ECG,617,667,0,0,0,0,0
26145,ECG,618,662,0,0,0,0,0
26145,ECG,619,658,0,0,0,0,0
26150,ECG,620,653,0,0,0,0,0
26150,ECG,621,648,0,0,0,0,0
26150,ECG,622,643,0,0,0,0,0
26155,ECG,623,639,0,0,0,0,0
26155,ECG,624,634,0,0,0,0,0
26160,ECG,625,625,0,0,0,0,0
26160,ECG,626,620,0,0,0,0,0
26165,ECG,627,616,0,0,0,0,0
26165,ECG,628,611,0,0,0,0,0
26170,ECG,629,602,0,0,0,0,0
26170,ECG,630,598,0,0,0,0,0
26175,ECG,631,594,0,0,0,0,0
26175,ECG,632,589,0,0,0,0,0
26175,ECG,633,585,0,0,0,0,0
26180,ECG,634,581,0,0,0,0,0
26180,ECG,635,577,0,0,0,0,0
26185,ECG,636,572,0,0,0,0,0
26185,ECG,637,568,0,0,0,0,0
26185,ECG,638,564,0,0,0,0,0
26190,ECG,639,560,0,0,0,0,0
26190,ECG,640,555,0,0,0,0,0
26195,ECG,641,551,0,0,0,0,0
26195,ECG,642,547,0,0,0,0,0
26195,ECG,643,543,0,0,0,0,0
26200,ECG,644,539,0,0,0,0,0
26200,ECG,645,535,0,0,0,0,0
26205,ECG,646,531,0,0,0,0,0
26205,ECG,647,527,0,0,0,0,0
26205,ECG,648,523,0,0,0,0,0
26210,ECG,649,519,0,0,0,0,0
26210,ECG,650,515,0,0,0,0,0
26215,ECG,651,508,0,0,0,0,0
26215,ECG,652,504,0,0,0,0,0
26220,ECG,653,500,0,0,0,0,0
26220,ECG,654,497,0,0,0,0,0
26225,ECG,655,489,0,0,0,0,0
26225,ECG,656,485,0,0,0,0,0
26230,ECG,657,482,0,0,0,0,0
26230,ECG,658,478,0,0,0,0,0
26230,ECG,659,474,0,0,0,0,0
26235,ECG,660,471,0,0,0,0,0
26235,ECG,661,467,0,0,0,0,0
26240,ECG,662,464,0,0,0,0,0
26240,ECG,663,460,0,0,0,0,0
26240,ECG,664,457,0,0,0,0,0
26245,ECG,665,453,0,0,0,0,0
26245,ECG,666,450,0,0,0,0,0
26250,ECG,667,446,0,0,0,0,0
26250,ECG,668,443,0,0,0,0,0
26250,ECG,669,439,0,0,0,0,0
26255,ECG,670,436,0,0,0,0,0
26255,ECG,671,433,0,0,0,0,0
26260,ECG,672,426,0,0,0,0,0
26260,ECG,673,423,0,0,0,0,0
26265,ECG,674,420,0,0,0,0,0
26265,ECG,675,416,0,0,0,0,0
26265,ECG,676,413,0,0,0,0,0
26270,ECG,677,410,0,0,0,0,0
26270,ECG,678,407,0,0,0,0,0
26275,ECG,679,403,0,0,0,0,0
26275,ECG,680,400,0,0,0,0,0
26275,ECG,681,397,0,0,0,0,0
26280,ECG,682,394,0,0,0,0,0
26280,ECG,683,391,0,0,0,0,0
26285,ECG,684,388,0,0,0,0,0
26285,ECG,685,385,0,0,0,0,0
26285,ECG,686,382,0,0,0,0,0
26290,ECG,687,379,0,0,0,0,0
26290,ECG,688,376,0,0,0,0,0
26295,ECG,689,373,0,0,0,0,0
26295,ECG,690,370,0,0,0,0,0
26295,ECG,691,367,0,0,0,0,0
26300,ECG,692,364,0,0,0,0,0
26300,ECG,693,361,0,0,0,0,0
26305,ECG,694,355,0,0,0,0,0
26305,ECG,695,352,0,0,0,0,0
26310,ECG,696,350,0,0,0,0,0
26310,ECG,697,347,0,0,0,0,0
26310,ECG,698,344,0,0,0,0,0
26315,ECG,699,341,0,0,0,0,0
26315,ECG,700,339,0,0,0,0,0
26320,ECG,701,336,0,0,0,0,0
26320,ECG,702,333,0,0,0,0,0
26325,ECG,703,328,0,0,0,0,0
26325,ECG,704,325,0,0,0,0,0
26330,ECG,705,322,0,0,0,0,0
26330,ECG,706,319,0,0,0,0,0
26330,ECG,707,317,0,0,0,0,0
26335,ECG,708,314,0,0,0,0,0
26335,ECG,709,312,0,0,0,0,0
26340,ECG,710,309,0,0,0,0,0
26340,ECG,711,307,0,0,0,0,0
26340,ECG,712,304,0,0,0,0,0
26345,ECG,713,302,0,0,0,0,0
26345,ECG,714,299,0,0,0,0,0
26350,ECG,715,297,0,0,0,0,0
26350,ECG,716,294,0,0,0,0,0
26350,ECG,717,292,0,0,0,0,0
26355,ECG,718,289,0,0,0,0,0
26355,ECG,719,287,0,0,0,0,0
26360,ECG,720,282,0,0,0,0,0
26360,ECG,721,279,0,0,0,0,0
26365,ECG,722,277,0,0,0,0,0
26365,ECG,723,274,0,0,0,0,0
26370,ECG,724,270,0,0,0,0,0
26370,ECG,725,268,0,0,0,0,0
26375,ECG,726,265,0,0,0,0,0
26375,ECG,727,263,0,0,0,0,0
26375,ECG,728,261,0,0,0,0,0
26380,ECG,729,259,0,0,0,0,0
26380,ECG,730,256,0,0,0,0,0
26385,ECG,731,254,0,0,0,0,0
26385,ECG,732,252,0,0,0,0,0
26385,ECG,733,250,0,0,0,0,0
26390,ECG,734,247,0,0,0,0,0
26390,ECG,735,245,0,0,0,0,0
26395,ECG,736,243,0,0,0,0,0
26395,ECG,737,241,0,0,0,0,0
26395,ECG,738,238,0,0,0,0,0
26400,ECG,739,236,0,0,0,0,0
26400,ECG,740,234,0,0,0,0,0
26405,ECG,741,232,0,0,0,0,0
26405,ECG,742,230,0,0,0,0,0
26405,ECG,743,228,0,0,0,0,0
26410,ECG,744,226,0,0,0,0,0
26410,ECG,745,224,0,0,0,0,0
26415,ECG,746,220,0,0,0,0,0
26415,ECG,747,218,0,0,0,0,0
26420,ECG,748,216,0,0,0,0,0
26420,ECG,749,214,0,0,0,0,0
26425,ECG,750,210,0,0,0,0,0
26425,ECG,751,208,0,0,0,0,0
26430,ECG,752,206,0,0,0,0,0
26430,ECG,753,204,0,0,0,0,0
26430,ECG,754,202,0,0,0,0,0
26435,ECG,755,200,0,0,0,0,0
26435,ECG,756,198,0,0,0,0,0
26440,ECG,757,197,0,0,0,0,0
26440,ECG,758,195,0,0,0,0,0
26440,ECG,759,193,0,0,0,0,0
26445,ECG,760,191,0,0,0,0,0
26445,ECG,761,190,0,0,0,0,0
26450,ECG,762,188,0,0,0,0,0
26450,ECG,763,186,0,0,0,0,0
26450,ECG,764,184,0,0,0,0,0
26455,ECG,765,183,0,0,0,0,0
26455,ECG,766,181,0,0,0,0,0
26460,ECG,767,177,0,0,0,0,0
26460,ECG,768,176,0,0,0,0,0
26465,ECG,769,174,0,0,0,0,0
26465,ECG,770,172,0,0,0,0,0
26465,ECG,771,170,0,0,0,0,0
26470,ECG,772,169,0,0,0,0,0
26470,ECG,773,167,0,0,0,0,0
26475,ECG,774,165,0,0,0,0,0
26475,ECG,775,163,0,0,0,0,0
26475,ECG,776,162,0,0,0,0,0
26480,ECG,777,160,0,0,0,0,0
26480,ECG,778,158,0,0,0,0,0
26485,ECG,779,157,0,0,0,0,0
26485,ECG,780,155,0,0,0,0,0
26485,ECG,781,154,0,0,0,0,0
26490,ECG,782,152,0,0,0,0,0
26490,ECG,783,151,0,0,0,0,0
26495,ECG,784,149,0,0,0,0,0
26495,ECG,785,148,0,0,0,0,0
26495,ECG,786,146,0,0,0,0,0
26500,ECG,787,145,0,0,0,0,0
26500,ECG,788,143,0,0,0,0,0
26505,ECG,789,142,0,0,0,0,0
26505,ECG,790,140,0,0,0,0,0
26505,ECG,791,139,0,0,0,0,0
26510,ECG,792,137,0,0,0,0,0
26510,ECG,793,136,0,0,0,0,0
26515,ECG,794,133,0,0,0,0,0
26515,ECG,795,131,0,0,0,0,0
26520,ECG,796,130,0,0,0,0,0
26520,ECG,797,128,0,0,0,0,0
26525,ECG,798,125,0,0,0,0,0
26525,ECG,799,124,0,0,0,0,0
26530,ECG,800,122,0,0,0,0,0
26530,ECG,801,121,0,0,0,0,0
26530,ECG,802,119,0,0,0,0,0
26535,ECG,803,118,0,0,0,0,0
26535,ECG,804,117,0,0,0,0,0
26540,ECG,805,115,0,0,0,0,0
26540,ECG,806,114,0,0,0,0,0
26540,ECG,807,113,0,0,0,0,0
26545,ECG,808,112,0,0,0,0,0
26545,ECG,809,110,0,0,0,0,0
26550,ECG,810,109,0,0,0,0,0
26550,ECG,811,108,0,0,0,0,0
26550,ECG,812,107,0,0,0,0,0
26555,ECG,813,105,0,0,0,0,0
26555,ECG,814,104,0,0,0,0,0
26560,ECG,815,102,0,0,0,0,0
26560,ECG,816,100,0,0,0,0,0
26565,ECG,817,99,0,0,0,0,0
26565,ECG,818,98,0,0,0,0,0
26565,ECG,819,97,0,0,0,0,0
26570,ECG,820,95,0,0,0,0,0
26570,ECG,821,94,0,0,0,0,0
26575,ECG,822,93,0,0,0,0,0
26575,ECG,823,92,0,0,0,0,0
26575,ECG,824,90,0,0,0,0,0
26580,ECG,825,89,0,0,0,0,0
26580,ECG,826,88,0,0,0,0,0
26585,ECG,827,87,0,0,0,0,0
26585,ECG,828,85,0,0,0,0,0
26585,ECG,829,84,0,0,0,0,0
26590,ECG,830,83,0,0,0,0,0
26590,ECG,831,82,0,0,0,0,0
26595,ECG,832,80,0,0,0,0,0
26595,ECG,833,79,0,0,0,0,0
26595,ECG,834,78,0,0,0,0,0
26600,ECG,835,77,0,0,0,0,0
26600,ECG,836,76,0,0,0,0,0
26605,ECG,837,75,0,0,0,0,0
26605,ECG,838,74,0,0,0,0,0
26605,ECG,839,73,0,0,0,0,0
26610,ECG,840,72,0,0,0,0,0
26610,ECG,841,71,0,0,0,0,0
26615,ECG,842,69,0,0,0,0,0
26615,ECG,843,68,0,0,0,0,0
26620,ECG,844,67,0,0,0,0,0
26620,ECG,845,66,0,0,0,0,0
26625,ECG,846,64,0,0,0,0,0
26625,ECG,847,63,0,0,0,0,0
26630,ECG,848,62,0,0,0,0,0
26630,ECG,849,61,0,0,0,0,0
26630,ECG,850,60,0,0,0,0,0
26635,ECG,851,59,0,0,0,0,0
26635,ECG,852,58,0,0,0,0,0
26640,ECG,853,57,0,0,0,0,0
26640,ECG,854,56,0,0,0,0,0
26640,ECG,855,55,0,0,0,0,0
26645,ECG,856,54,0,0,0,0,0
26645,ECG,857,53,0,0,0,0,0
26650,ECG,858,52,0,0,0,0,0
26650,ECG,859,51,0,0,0,0,0
26650,ECG,860,50,0,0,0,0,0
26655,ECG,861,49,0,0,0,0,0
26655,ECG,862,48,0,0,0,0,0
26660,ECG,863,46,0,0,0,0,0
26660,ECG,864,45,0,0,0,0,0
26665,ECG,865,44,0,0,0,0,0
26665,ECG,866,43,0,0,0,0,0
26665,ECG,867,42,0,0,0,0,0
26670,ECG,868,41,0,0,0,0,0
26670,ECG,869,40,0,0,0,0,0
26675,ECG,870,39,0,0,0,0,0
26675,ECG,871,38,0,0,0,0,0
26680,ECG,872,37,0,0,0,0,0
26680,ECG,873,36,0,0,0,0,0
26685,ECG,874,35,0,0,0,0,0
26685,ECG,875,35,0,0,0,0,0
26685,ECG,876,34,0,0,0,0,0
26690,ECG,877,33,0,0,0,0,0
26690,ECG,878,32,0,0,0,0,0
26695,ECG,879,32,0,0,0,0,0
26695,ECG,880,31,0,0,0,0,0
26695,ECG,881,30,0,0,0,0,0
26700,ECG,882,29,0,0,0,0,0
26700,ECG,883,29,0,0,0,0,0
26705,ECG,884,28,0,0,0,0,0
26705,ECG,885,27,0,0,0,0,0
26705,ECG,886,26,0,0,0,0,0
26710,ECG,887,26,0,0,0,0,0
26710,ECG,888,25,0,0,0,0,0
26715,ECG,889,23,0,0,0,0,0
26715,ECG,890,23,0,0,0,0,0
26720,ECG,891,22,0,0,0,0,0
26720,ECG,892,21,0,0,0,0,0
26725,ECG,893,20,0,0,0,0,0
26725,ECG,894,19,0,0,0,0,0
26730,ECG,895,18,0,0,0,0,0
26730,ECG,896,17,0,0,0,0,0
26730,ECG,897,17,0,0,0,0,0
26735,ECG,898,16,0,0,0,0,0
26735,ECG,899,15,0,0,0,0,0
26740,ECG,900,14,0,0,0,0,0
26740,ECG,901,14,0,0,0,0,0
26740,ECG,902,13,0,0,0,0,0
26745,ECG,903,12,0,0,0,0,0
26745,ECG,904,11,0,0,0,0,0
26750,ECG,905,11,0,0,0,0,0
26750,ECG,906,10,0,0,0,0,0
26750,ECG,907,9,0,0,0,0,0
26755,ECG,908,8,0,0,0,0,0
26755,ECG,909,8,0,0,0,0,0
26760,ECG,910,6,0,0,0,0,0
26760,ECG,911,5,0,0,0,0,0
26765,ECG,912,5,0,0,0,0,0
26765,ECG,913,4,0,0,0,0,0
26765,ECG,914,3,0,0,0,0,0
26770,ECG,915,2,0,0,0,0,0
26770,ECG,916,2,0,0,0,0,0
26775,ECG,917,1,0,0,0,0,0
26775,ECG,918,0,0,0,0,0,0
26775,ECG,919,-1,0,0,0,0,0
26780,ECG,920,-1,0,0,0,0,0
26780,ECG,921,-2,0,0,0,0,0
26785,ECG,922,-2,0,0,0,0,0
26785,ECG,923,-3,0,0,0,0,0
26785,ECG,924,-3,0,0,0,0,0
26790,ECG,925,-4,0,0,0,0,0
26790,ECG,926,-4,0,0,0,0,0
26795,ECG,927,-5,0,0,0,0,0
26795,ECG,928,-5,0,0,0,0,0
26795,ECG,929,-6,0,0,0,0,0
26800,ECG,930,-6,0,0,0,0,0
26800,ECG,931,-7,0,0,0,0,0
26805,ECG,932,-7,0,0,0,0,0
26805,ECG,933,-8,0,0,0,0,0
26805,ECG,934,-8,0,0,0,0,0
26810,ECG,935,-9,0,0,0,0,0
26810,ECG,936,-9,0,0,0,0,0
26815,ECG,937,-10,0,0,0,0,0
26815,ECG,938,-11,0,0,0,0,0
26820,ECG,939,-11,0,0,0,0,0
26820,ECG,940,-12,0,0,0,0,0
26825,ECG,941,-13,0,0,0,0,0
26825,ECG,942,-13,0,0,0,0,0
26830,ECG,943,-14,0,0,0,0,0
26830,ECG,944,-14,0,0,0,0,0
26830,ECG,945,-15,0,0,0,0,0
26835,ECG,946,-15,0,0,0,0,0
26835,ECG,947,-16,0,0,0,0,0
26840,ECG,948,-16,0,0,0,0,0
26840,ECG,949,-17,0,0,0,0,0
26840,ECG,950,-17,0,0,0,0,0
26845,ECG,951,-18,0,0,0,0,0
26845,ECG,952,-18,0,0,0,0,0
26850,ECG,953,-19,0,0,0,0,0
26850,ECG,954,-19,0,0,0,0,0
26850,ECG,955,-20,0,0,0,0,0
26855,ECG,956,-20,0,0,0,0,0
26855,ECG,957,-21,0,0,0,0,0
26860,ECG,958,-22,0,0,0,0,0
26860,ECG,959,-22,0,0,0,0,0
26865,ECG,960,-23,0,0,0,0,0
26865,ECG,961,-23,0,0,0,0,0
26865,ECG,962,-24,0,0,0,0,0
26870,ECG,963,-24,0,0,0,0,0
26870,ECG,964,-25,0,0,0,0,0
26875,ECG,965,-25,0,0,0,0,0
26875,ECG,966,-26,0,0,0,0,0
26880,ECG,967,-27,0,0,0,0,0
26880,ECG,968,-27,0,0,0,0,0
26885,ECG,969,-28,0,0,0,0,0
26885,ECG,970,-28,0,0,0,0,0
26885,ECG,971,-29,0,0,0,0,0
26890,ECG,972,-29,0,0,0,0,0
26890,ECG,973,-30,0,0,0,0,0
26895,ECG,974,-30,0,0,0,0,0
26895,ECG,975,-31,0,0,0,0,0
26895,ECG,976,-31,0,0,0,0,0
26900,ECG,977,-32,0,0,0,0,0
26900,ECG,978,-32,0,0,0,0,0
26905,ECG,979,-33,0,0,0,0,0
26905,ECG,980,-33,0,0,0,0,0
26905,ECG,981,-34,0,0,0,0,0
26910,ECG,982,-34,0,0,0,0,0
26910,ECG,983,-35,0,0,0,0,0
26915,ECG,984,-36,0,0,0,0,0
26915,ECG,985,-36,0,0,0,0,0
26920,ECG,986,-37,0,0,0,0,0
26920,ECG,987,-37,0,0,0,0,0
26925,ECG,988,-38,0,0,0,0,0
26925,ECG,989,-39,0,0,0,0,0
26930,ECG,990,-39,0,0,0,0,0
26930,ECG,991,-40,0,0,0,0,0
26930,ECG,992,-40,0,0,0,0,0
26935,ECG,993,-41,0,0,0,0,0
26935,ECG,994,-41,0,0,0,0,0
26940,ECG,995,-41,0,0,0,0,0
26940,ECG,996,-41,0,0,0,0,0
26940,ECG,997,-42,0,0,0,0,0
26945,ECG,998,-42,0,0,0,0,0
26945,ECG,999,-42,0,0,0,0,0
26950,ECG,1000,-42,0,0,0,0,0
26950,ECG,1001,-43,0,0,0,0,0
26950,ECG,1002,-43,0,0,0,0,0
26955,ECG,1003,-43,0,0,0,0,0
26955,ECG,1004,-43,0,0,0,0,0
26960,ECG,1005,-44,0,0,0,0,0
26960,ECG,1006,-44,0,0,0,0,0
26965,ECG,1007,-44,0,0,0,0,0
26965,ECG,1008,-45,0,0,0,0,0
26965,ECG,1009,-45,0,0,0,0,0
26970,ECG,1010,-45,0,0,0,0,0
26970,ECG,1011,-45,0,0,0,0,0
26975,ECG,1012,-46,0,0,0,0,0
26975,ECG,1013,-46,0,0,0,0,0
26980,ECG,1014,-46,0,0,0,0,0
26980,ECG,1015,-47,0,0,0,0,0
26985,ECG,1016,-47,0,0,0,0,0
26985,ECG,1017,-47,0,0,0,0,0
26985,ECG,1018,-47,0,0,0,0,0
26990,ECG,1019,-48,0,0,0,0,0
26990,ECG,1020,-48,0,0,0,0,0
26995,ECG,1021,-48,0,0,0,0,0
26995,ECG,1022,-48,0,0,0,0,0
26995,ECG,1023,-49,0,0,0,0,0
23840,IMU,0,1552,-80,8404,-72,61,52
23858,IMU,1,1468,-92,8404,-81,61,33
23878,IMU,2,1436,-40,8332,-96,46,47
23897,IMU,3,1496,-68,8316,-75,76,54
23916,IMU,4,1472,-20,8292,-73,68,29
23935,IMU,5,1500,-12,8400,-79,59,35
23954,IMU,6,1448,-16,8436,-83,73,39
23973,IMU,7,1572,-140,8352,-83,64,43
23992,IMU,8,1468,-52,8316,-88,58,45
24011,IMU,9,1440,-24,8356,-85,52,39
24033,IMU,10,1540,48,8400,-86,58,37
24050,IMU,11,1656,-28,8408,-100,82,55
24069,IMU,12,1476,-144,8412,-93,48,56
24088,IMU,13,1456,-16,8424,-94,55,59
24110,IMU,14,1568,-16,8360,-73,64,45
24126,IMU,15,1484,-72,8408,-95,50,37
24145,IMU,16,1388,-80,8352,-73,57,55
24165,IMU,17,1556,32,8380,-99,67,34
24184,IMU,18,1592,-20,8320,-86,68,35
24203,IMU,19,1544,40,8384,-78,58,40
24222,IMU,20,1372,-60,8488,-81,68,45
24241,IMU,21,1536,8,8408,-80,53,39
24260,IMU,22,1548,44,8288,-76,65,47
24279,IMU,23,1500,-24,8340,-87,77,44
24299,IMU,24,1484,68,8320,-91,57,49
24318,IMU,25,1484,-8,8384,-67,53,34
24337,IMU,26,1448,-80,8396,-109,69,49
24356,IMU,27,1588,-60,8340,-68,67,40
24375,IMU,28,1384,-40,8380,-77,64,34
24394,IMU,29,1504,-32,8456,-87,71,43
24414,IMU,30,1540,12,8388,-85,72,54
24433,IMU,31,1568,-132,8436,-77,66,48
24452,IMU,32,1472,-68,8384,-82,53,40
24471,IMU,33,1576,12,8428,-92,60,49
24490,IMU,34,1500,-96,8292,-90,68,21
24509,IMU,35,1468,-120,8404,-82,69,35
24529,IMU,36,1480,-56,8352,-90,53,56
24548,IMU,37,1460,-140,8388,-98,60,37
24567,IMU,38,1536,-112,8316,-80,66,52
24586,IMU,39,1540,-120,8432,-86,52,55
24605,IMU,40,1568,-44,8408,-88,55,57
24624,IMU,41,1564,-84,8416,-78,56,55
24643,IMU,42,1476,4,8416,-94,69,61
24663,IMU,43,1456,-76,8364,-80,59,40
24682,IMU,44,1528,-124,8388,-92,44,31
24701,IMU,45,1544,-24,8432,-79,63,58
24720,IMU,46,1520,-92,8340,-81,62,56
24739,IMU,47,1564,-12,8396,-74,59,56
24758,IMU,48,1484,24,8396,-71,56,39
24778,IMU,49,1504,4,8436,-82,68,50
24797,IMU,50,1516,24,8368,-84,56,52
24816,IMU,51,1492,-32,8376,-85,57,46
24835,IMU,52,1508,-148,8408,-88,68,41
24854,IMU,53,1424,0,8372,-92,50,36
24873,IMU,54,1552,-48,8408,-84,58,46
24893,IMU,55,1504,-32,8392,-94,56,51
24912,IMU,56,1588,-92,8380,-87,64,32
24931,IMU,57,1536,-116,8484,-92,80,39
24951,IMU,58,1540,60,8296,-92,62,40
24969,IMU,59,1500,36,8304,-71,63,42
24989,IMU,60,1600,-56,8424,-94,69,47
25008,IMU,61,1576,-60,8396,-83,69,41
25027,IMU,62,1596,-52,8336,-82,68,41
25046,IMU,63,1528,-32,8344,-102,57,49
25064,IMU,64,1496,20,8288,-85,69,35
25084,IMU,65,1508,-8,8292,-81,67,34
25103,IMU,66,1460,-40,8384,-100,63,35
25122,IMU,67,1528,16,8268,-84,62,33
25142,IMU,68,1524,-96,8420,-100,71,41
25160,IMU,69,1448,-60,8340,-96,66,42
25179,IMU,70,1560,-60,8296,-85,68,31
25199,IMU,71,1456,-40,8432,-99,70,40
25217,IMU,72,1564,12,8348,-73,46,41
25237,IMU,73,1460,-84,8404,-95,63,48
25256,IMU,74,1456,-72,8392,-82,54,37
25274,IMU,75,1452,56,8324,-88,59,52
25294,IMU,76,1524,0,8372,-85,55,49
25313,IMU,77,1400,8,8328,-70,71,57
25332,IMU,78,1532,-16,8412,-102,58,50
25351,IMU,79,1504,-16,8420,-76,56,38
25370,IMU,80,1512,-80,8432,-80,50,45
25389,IMU,81,1608,40,8396,-86,67,44
25408,IMU,82,1556,-40,8276,-95,59,39
25427,IMU,83,1524,-56,8396,-85,48,39
25446,IMU,84,1592,-4,8380,-78,72,39
25466,IMU,85,1592,36,8400,-101,57,30
25484,IMU,86,1528,-12,8448,-58,47,41
25504,IMU,87,1496,-44,8368,-78,60,44
25523,IMU,88,1548,-188,8360,-92,56,43
25542,IMU,89,1500,-108,8328,-73,75,59
25561,IMU,90,1492,92,8380,-76,59,42
25580,IMU,91,1572,16,8444,-80,61,41
25599,IMU,92,1500,-44,8388,-103,66,35
25618,IMU,93,1512,-12,8412,-102,71,46
25637,IMU,94,1440,-16,8388,-88,68,37
25657,IMU,95,1520,-72,8380,-79,64,42
25676,IMU,96,1620,-48,8464,-89,54,42
25694,IMU,97,1588,48,8400,-94,48,45
25714,IMU,98,1520,-68,8308,-82,74,48
25733,IMU,99,1556,32,8352,-80,58,33
25752,IMU,100,1532,8,8392,-85,66,47
25771,IMU,101,1480,52,8340,-81,58,46
25790,IMU,102,1476,-44,8388,-100,70,46
25809,IMU,103,1516,-160,8416,-70,49,38
25828,IMU,104,1524,24,8456,-97,71,31
25847,IMU,105,1532,-68,8396,-95,58,50
25867,IMU,106,1572,-80,8348,-84,60,41
25886,IMU,107,1524,40,8344,-91,66,46
25904,IMU,108,1476,-32,8360,-69,63,34
25924,IMU,109,1448,-24,8340,-95,42,44
25943,IMU,110,1472,-44,8356,-76,39,54
25962,IMU,111,1480,-64,8440,-93,53,50
25981,IMU,112,1520,-80,8476,-77,67,41
26000,IMU,113,1472,-48,8412,-89,56,36
26019,IMU,114,1516,0,8468,-71,75,39
26038,IMU,115,1556,-20,8332,-75,61,53
26057,IMU,116,1512,-88,8372,-91,56,53
26076,IMU,117,1672,-60,8224,-80,58,29
26096,IMU,118,1420,-16,8408,-80,47,45
26114,IMU,119,1504,-32,8468,-91,62,38
26134,IMU,120,1564,12,8348,-83,59,40
26153,IMU,121,1456,64,8328,-91,64,37
26172,IMU,122,1532,36,8360,-98,59,54
26191,IMU,123,1552,-60,8304,-104,64,47
26209,IMU,124,1504,-84,8316,-72,66,53
26229,IMU,125,1540,-20,8352,-60,53,52
26248,IMU,126,1528,-60,8484,-106,70,42
26268,IMU,127,1548,-16,8344,-95,64,50
26286,IMU,128,1560,36,8372,-74,72,42
26306,IMU,129,1496,4,8424,-101,61,33
26324,IMU,130,1504,48,8424,-79,62,40
26344,IMU,131,1580,8,8440,-79,67,55
26363,IMU,132,1456,-60,8432,-77,46,41
26382,IMU,133,1512,24,8408,-79,65,30
26401,IMU,134,1576,-32,8464,-73,46,43
26419,IMU,135,1564,8,8408,-89,69,48
26439,IMU,136,1528,104,8440,-73,69,53
26458,IMU,137,1688,-144,8252,-86,50,24
26477,IMU,138,1536,-36,8340,-83,65,36
26496,IMU,139,1520,-88,8436,-87,65,34
26515,IMU,140,1532,8,8420,-84,58,47
26534,IMU,141,1528,-80,8396,-76,76,29
26554,IMU,142,1552,-48,8364,-100,65,35
26573,IMU,143,1620,-80,8408,-77,58,39
26592,IMU,144,1444,20,8388,-67,56,46
26611,IMU,145,1472,-12,8472,-79,63,35
26629,IMU,146,1472,-92,8324,-86,63,62
26649,IMU,147,1592,-32,8324,-108,65,35
26668,IMU,148,1456,-132,8364,-98,58,25
26687,IMU,149,1536,-12,8376,-73,59,32
26706,IMU,150,1528,-12,8392,-81,46,56
26727,IMU,151,1564,-60,8368,-94,63,44
26744,IMU,152,1680,40,8332,-88,68,34
26764,IMU,153,1616,0,8432,-89,63,45
26783,IMU,154,1648,-64,8376,-94,39,53
26802,IMU,155,1480,-4,8376,-72,50,15
26821,IMU,156,1536,-72,8332,-88,52,37
26839,IMU,157,1552,60,8344,-83,58,35
26859,IMU,158,1436,-48,8340,-92,66,54
26878,IMU,159,1504,-4,8328,-100,57,52
26897,IMU,160,1556,-128,8432,-81,54,53
26916,IMU,161,1516,4,8396,-81,68,40
26936,IMU,162,1416,24,8316,-78,53,45
26954,IMU,163,1484,40,8460,-91,42,46
26974,IMU,164,1556,8,8384,-68,59,27
26993,IMU,165,1612,-32,8352,-76,58,56
27012,IMU,166,1520,24,8388,-99,70,36
27031,IMU,167,1500,-56,8360,-85,53,39
27049,IMU,168,1492,4,8420,-87,56,61
27069,IMU,169,1552,-56,8380,-91,68,50
27088,IMU,170,1460,-28,8420,-107,40,46
27107,IMU,171,1524,-36,8392,-88,59,51
27127,IMU,172,1604,-48,8408,-85,80,50
27145,IMU,173,1580,-44,8380,-72,71,52
27164,IMU,174,1536,16,8372,-77,59,49
27183,IMU,175,1612,-4,8324,-86,62,37
27204,IMU,176,1536,68,8376,-87,52,33
27221,IMU,177,1564,-24,8500,-93,65,28
27241,IMU,178,1528,-52,8416,-83,86,25
27259,IMU,179,1488,32,8368,-91,65,47
27279,IMU,180,1520,-56,8420,-96,66,29
27298,IMU,181,1508,-92,8392,-93,72,30
27317,IMU,182,1532,-72,8376,-75,46,43
27336,IMU,183,1548,-40,8308,-88,52,30
27355,IMU,184,1532,-28,8380,-80,70,46
27374,IMU,185,1528,64,8400,-103,56,39
27393,IMU,186,1484,-48,8384,-78,66,45
27413,IMU,187,1576,60,8284,-84,67,25
27431,IMU,188,1448,-60,8368,-89,52,48
27450,IMU,189,1540,-116,8424,-90,65,39
27469,IMU,190,1516,52,8400,-80,48,36
27489,IMU,191,1468,-24,8436,-93,79,40
27508,IMU,192,1544,12,8480,-72,53,27
27527,IMU,193,1436,-16,8376,-75,68,31
27546,IMU,194,1504,32,8408,-98,68,51
27564,IMU,195,1536,-8,8380,-87,44,32
27584,IMU,196,1448,-108,8408,-89,62,39
27603,IMU,197,1536,76,8384,-98,54,54
27622,IMU,198,1548,-84,8352,-86,59,35
27641,IMU,199,1532,-112,8428,-92,69,29
27660,IMU,200,1532,-32,8324,-79,69,37
27679,IMU,201,1564,0,8316,-89,75,46
27698,IMU,202,1560,0,8396,-75,64,48
27717,IMU,203,1540,-60,8348,-97,65,43
27736,IMU,204,1524,-12,8372,-88,61,51
27757,IMU,205,1508,0,8408,-64,43,49
27774,IMU,206,1548,52,8360,-77,60,60
27794,IMU,207,1504,4,8464,-77,62,66
27000,ECG,1024,-49,0,0,0,0,0
27000,ECG,1025,-49,0,0,0,0,0
27005,ECG,1026,-49,0,0,0,0,0
27005,ECG,1027,-50,0,0,0,0,0
27005,ECG,1028,-50,0,0,0,0,0
27010,ECG,1029,-50,0,0,0,0,0
27010,ECG,1030,-50,0,0,0,0,0
27015,ECG,1031,-51,0,0,0,0,0
27015,ECG,1032,-51,0,0,0,0,0
27020,ECG,1033,-51,0,0,0,0,0
27020,ECG,1034,-52,0,0,0,0,0
27025,ECG,1035,-52,0,0,0,0,0
27025,ECG,1036,-52,0,0,0,0,0
27030,ECG,1037,-53,0,0,0,0,0
27030,ECG,1038,-53,0,0,0,0,0
27030,ECG,1039,-53,0,0,0,0,0
27035,ECG,1040,-53,0,0,0,0,0
27035,ECG,1041,-54,0,0,0,0,0
27040,ECG,1042,-54,0,0,0,0,0
27040,ECG,1043,-54,0,0,0,0,0
27040,ECG,1044,-54,0,0,0,0,0
27045,ECG,1045,-55,0,0,0,0,0
27045,ECG,1046,-55,0,0,0,0,0
27050,ECG,1047,-55,0,0,0,0,0
27050,ECG,1048,-55,0,0,0,0,0
27050,ECG,1049,-56,0,0,0,0,0
27055,ECG,1050,-56,0,0,0,0,0
27055,ECG,1051,-56,0,0,0,0,0
27060,ECG,1052,-57,0,0,0,0,0
27060,ECG,1053,-57,0,0,0,0,0
27065,ECG,1054,-57,0,0,0,0,0
27065,ECG,1055,-57,0,0,0,0,0
27070,ECG,1056,-58,0,0,0,0,0
27070,ECG,1057,-58,0,0,0,0,0
27075,ECG,1058,-58,0,0,0,0,0
27075,ECG,1059,-59,0,0,0,0,0
27075,ECG,1060,-59,0,0,0,0,0
27080,ECG,1061,-59,0,0,0,0,0
27080,ECG,1062,-59,0,0,0,0,0
27085,ECG,1063,-60,0,0,0,0,0
27085,ECG,1064,-60,0,0,0,0,0
27085,ECG,1065,-60,0,0,0,0,0
27090,ECG,1066,-60,0,0,0,0,0
27090,ECG,1067,-61,0,0,0,0,0
27095,ECG,1068,-61,0,0,0,0,0
27095,ECG,1069,-61,0,0,0,0,0
27095,ECG,1070,-61,0,0,0,0,0
27100,ECG,1071,-62,0,0,0,0,0
27100,ECG,1072,-62,0,0,0,0,0
27105,ECG,1073,-62,0,0,0,0,0
27105,ECG,1074,-62,0,0,0,0,0
27105,ECG,1075,-63,0,0,0,0,0
27110,ECG,1076,-63,0,0,0,0,0
27110,ECG,1077,-63,0,0,0,0,0
27115,ECG,1078,-64,0,0,0,0,0
27115,ECG,1079,-64,0,0,0,0,0
27120,ECG,1080,-64,0,0,0,0,0
27120,ECG,1081,-64,0,0,0,0,0
27125,ECG,1082,-65,0,0,0,0,0
27125,ECG,1083,-65,0,0,0,0,0
27130,ECG,1084,-65,0,0,0,0,0
27130,ECG,1085,-66,0,0,0,0,0
27130,ECG,1086,-66,0,0,0,0,0
27135,ECG,1087,-66,0,0,0,0,0
27135,ECG,1088,-66,0,0,0,0,0
27140,ECG,1089,-67,0,0,0,0,0
27140,ECG,1090,-67,0,0,0,0,0
27140,ECG,1091,-67,0,0,0,0,0
27145,ECG,1092,-67,0,0,0,0,0
27145,ECG,1093,-68,0,0,0,0,0
27150,ECG,1094,-68,0,0,0,0,0
27150,ECG,1095,-68,0,0,0,0,0
27150,ECG,1096,-68,0,0,0,0,0
27155,ECG,1097,-69,0,0,0,0,0
27155,ECG,1098,-69,0,0,0,0,0
27160,ECG,1099,-69,0,0,0,0,0
27160,ECG,1100,-70,0,0,0,0,0
27165,ECG,1101,-70,0,0,0,0,0
27165,ECG,1102,-70,0,0,0,0,0
27165,ECG,1103,-70,0,0,0,0,0
27170,ECG,1104,-71,0,0,0,0,0
27170,ECG,1105,-71,0,0,0,0,0
27175,ECG,1106,-71,0,0,0,0,0
27175,ECG,1107,-71,0,0,0,0,0
27180,ECG,1108,-72,0,0,0,0,0
27180,ECG,1109,-72,0,0,0,0,0
27185,ECG,1110,-72,0,0,0,0,0
27185,ECG,1111,-73,0,0,0,0,0
27185,ECG,1112,-73,0,0,0,0,0
27190,ECG,1113,-73,0,0,0,0,0
27190,ECG,1114,-73,0,0,0,0,0
27195,ECG,1115,-74,0,0,0,0,0
27195,ECG,1116,-74,0,0,0,0,0
27195,ECG,1117,-74,0,0,0,0,0
27200,ECG,1118,-74,0,0,0,0,0
27200,ECG,1119,-75,0,0,0,0,0
27205,ECG,1120,-75,0,0,0,0,0
27205,ECG,1121,-75,0,0,0,0,0
27205,ECG,1122,-75,0,0,0,0,0
27210,ECG,1123,-76,0,0,0,0,0
27210,ECG,1124,-76,0,0,0,0,0
27215,ECG,1125,-76,0,0,0,0,0
27215,ECG,1126,-77,0,0,0,0,0
27220,ECG,1127,-77,0,0,0,0,0
27220,ECG,1128,-77,0,0,0,0,0
27225,ECG,1129,-78,0,0,0,0,0
27225,ECG,1130,-78,0,0,0,0,0
27230,ECG,1131,-78,0,0,0,0,0
27230,ECG,1132,-78,0,0,0,0,0
27230,ECG,1133,-79,0,0,0,0,0
27235,ECG,1134,-79,0,0,0,0,0
27235,ECG,1135,-79,0,0,0,0,0
27240,ECG,1136,-79,0,0,0,0,0
27240,ECG,1137,-80,0,0,0,0,0
27240,ECG,1138,-80,0,0,0,0,0
27245,ECG,1139,-80,0,0,0,0,0
27245,ECG,1140,-80,0,0,0,0,0
27250,ECG,1141,-80,0,0,0,0,0
27250,ECG,1142,-80,0,0,0,0,0
27250,ECG,1143,-80,0,0,0,0,0
27255,ECG,1144,-80,0,0,0,0,0
27255,ECG,1145,-80,0,0,0,0,0
27260,ECG,1146,-80,0,0,0,0,0
27260,ECG,1147,-80,0,0,0,0,0
27265,ECG,1148,-80,0,0,0,0,0
27265,ECG,1149,-80,0,0,0,0,0
27270,ECG,1150,-80,0,0,0,0,0
27270,ECG,1151,-80,0,0,0,0,0
27275,ECG,1152,-80,0,0,0,0,0
27275,ECG,1153,-80,0,0,0,0,0
27275,ECG,1154,-80,0,0,0,0,0
27280,ECG,1155,-80,0,0,0,0,0
27280,ECG,1156,-80,0,0,0,0,0
27285,ECG,1157,-80,0,0,0,0,0
27285,ECG,1158,-80,0,0,0,0,0
27285,ECG,1159,-80,0,0,0,0,0
27290,ECG,1160,-80,0,0,0,0,0
27290,ECG,1161,-80,0,0,0,0,0
27295,ECG,1162,-80,0,0,0,0,0
27295,ECG,1163,-80,0,0,0,0,0
27295,ECG,1164,-80,0,0,0,0,0
27300,ECG,1165,-80,0,0,0,0,0
27300,ECG,1166,-80,0,0,0,0,0
27305,ECG,1167,-80,0,0,0,0,0
27305,ECG,1168,-80,0,0,0,0,0
27310,ECG,1169,-80,0,0,0,0,0
27310,ECG,1170,-80,0,0,0,0,0
27310,ECG,1171,-80,0,0,0,0,0
27315,ECG,1172,-80,0,0,0,0,0
27315,ECG,1173,-80,0,0,0,0,0
27320,ECG,1174,-80,0,0,0,0,0
27320,ECG,1175,-80,0,0,0,0,0
27325,ECG,1176,-80,0,0,0,0,0
27325,ECG,1177,-80,0,0,0,0,0
27330,ECG,1178,-80,0,0,0,0,0
27330,ECG,1179,-80,0,0,0,0,0
27330,ECG,1180,-80,0,0,0,0,0
27335,ECG,1181,-80,0,0,0,0,0
27335,ECG,1182,-80,0,0,0,0,0
27340,ECG,1183,-80,0,0,0,0,0
27340,ECG,1184,-80,0,0,0,0,0
27340,ECG,1185,-80,0,0,0,0,0
27345,ECG,1186,-80,0,0,0,0,0
27345,ECG,1187,-80,0,0,0,0,0
27350,ECG,1188,-80,0,0,0,0,0
27350,ECG,1189,-80,0,0,0,0,0
27350,ECG,1190,-80,0,0,0,0,0
27355,ECG,1191,-80,0,0,0,0,0
27355,ECG,1192,-80,0,0,0,0,0
27360,ECG,1193,-80,0,0,0,0,0
27360,ECG,1194,-80,0,0,0,0,0
27365,ECG,1195,-80,0,0,0,0,0
27365,ECG,1196,-80,0,0,0,0,0
27370,ECG,1197,-80,0,0,0,0,0
27370,ECG,1198,-80,0,0,0,0,0
27375,ECG,1199,-80,0,0,0,0,0
27375,ECG,1200,-80,0,0,0,0,0
27375,ECG,1201,-80,0,0,0,0,0
27380,ECG,1202,-80,0,0,0,0,0
27380,ECG,1203,-80,0,0,0,0,0
27385,ECG,1204,-80,0,0,0,0,0
27385,ECG,1205,-80,0,0,0,0,0
27385,ECG,1206,-80,0,0,0,0,0
27390,ECG,1207,-80,0,0,0,0,0
27390,ECG,1208,-80,0,0,0,0,0
27395,ECG,1209,-80,0,0,0,0,0
27395,ECG,1210,-80,0,0,0,0,0
27395,ECG,1211,-80,0,0,0,0,0
27400,ECG,1212,-80,0,0,0,0,0
27400,ECG,1213,-80,0,0,0,0,0
27405,ECG,1214,-80,0,0,0,0,0
27405,ECG,1215,-80,0,0,0,0,0
27405,ECG,1216,-80,0,0,0,0,0
27410,ECG,1217,-80,0,0,0,0,0
27410,ECG,1218,-80,0,0,0,0,0
27410,ECG,1219,-80,0,0,0,0,0
27415,ECG,1220,-80,0,0,0,0,0
27415,ECG,1221,-80,0,0,0,0,0
27420,ECG,1222,-80,0,0,0,0,0
27420,ECG,1223,-80,0,0,0,0,0
27425,ECG,1224,-80,0,0,0,0,0
27425,ECG,1225,-80,0,0,0,0,0
27430,ECG,1226,-80,0,0,0,0,0
27430,ECG,1227,-80,0,0,0,0,0
27430,ECG,1228,-80,0,0,0,0,0
27435,ECG,1229,-80,0,0,0,0,0
27435,ECG,1230,-80,0,0,0,0,0
27440,ECG,1231,-80,0,0,0,0,0
27440,ECG,1232,-80,0,0,0,0,0
27440,ECG,1233,-80,0,0,0,0,0
27445,ECG,1234,-80,0,0,0,0,0
27445,ECG,1235,-80,0,0,0,0,0
27450,ECG,1236,-80,0,0,0,0,0
27450,ECG,1237,-80,0,0,0,0,0
27450,ECG,1238,-80,0,0,0,0,0
27455,ECG,1239,-80,0,0,0,0,0
27455,ECG,1240,-80,0,0,0,0,0
27460,ECG,1241,-80,0,0,0,0,0
27460,ECG,1242,-80,0,0,0,0,0
27465,ECG,1243,-80,0,0,0,0,0
27465,ECG,1244,-80,0,0,0,0,0
27470,ECG,1245,-80,0,0,0,0,0
27470,ECG,1246,-80,0,0,0,0,0
27475,ECG,1247,-80,0,0,0,0,0
27475,ECG,1248,-80,0,0,0,0,0
27475,ECG,1249,-80,0,0,0,0,0
27480,ECG,1250,-80,0,0,0,0,0
27480,ECG,1251,-80,0,0,0,0,0
27485,ECG,1252,-80,0,0,0,0,0
27485,ECG,1253,-80,0,0,0,0,0
27485,ECG,1254,-80,0,0,0,0,0
27490,ECG,1255,-80,0,0,0,0,0
27490,ECG,1256,-80,0,0,0,0,0
27495,ECG,1257,-80,0,0,0,0,0
27495,ECG,1258,-80,0,0,0,0,0
27495,ECG,1259,-80,0,0,0,0,0
27500,ECG,1260,-80,0,0,0,0,0
27500,ECG,1261,-80,0,0,0,0,0
27505,ECG,1262,-80,0,0,0,0,0
27505,ECG,1263,-80,0,0,0,0,0
27510,ECG,1264,-80,0,0,0,0,0
27510,ECG,1265,-80,0,0,0,0,0
27510,ECG,1266,-80,0,0,0,0,0
27515,ECG,1267,-80,0,0,0,0,0
27515,ECG,1268,-80,0,0,0,0,0
27520,ECG,1269,-80,0,0,0,0,0
27520,ECG,1270,-80,0,0,0,0,0
27525,ECG,1271,-80,0,0,0,0,0
27525,ECG,1272,-80,0,0,0,0,0
27530,ECG,1273,-80,0,0,0,0,0
27530,ECG,1274,-80,0,0,0,0,0
27530,ECG,1275,-80,0,0,0,0,0
27535,ECG,1276,-80,0,0,0,0,0
27535,ECG,1277,-80,0,0,0,0,0
27540,ECG,1278,-80,0,0,0,0,0
27540,ECG,1279,-80,0,0,0,0,0
27540,ECG,1280,-80,0,0,0,0,0
27545,ECG,1281,-80,0,0,0,0,0
27545,ECG,1282,-80,0,0,0,0,0
27550,ECG,1283,-80,0,0,0,0,0
27550,ECG,1284,-80,0,0,0,0,0
27550,ECG,1285,-80,0,0,0,0,0
27555,ECG,1286,-80,0,0,0,0,0
27555,ECG,1287,-80,0,0,0,0,0
27560,ECG,1288,-80,0,0,0,0,0
27560,ECG,1289,-80,0,0,0,0,0
27565,ECG,1290,-80,0,0,0,0,0
27565,ECG,1291,-80,0,0,0,0,0
27570,ECG,1292,-80,0,0,0,0,0
27570,ECG,1293,-80,0,0,0,0,0
27575,ECG,1294,-80,0,0,0,0,0
27575,ECG,1295,-80,0,0,0,0,0
27575,ECG,1296,-80,0,0,0,0,0
27580,ECG,1297,-80,0,0,0,0,0
27580,ECG,1298,-80,0,0,0,0,0
27585,ECG,1299,-80,0,0,0,0,0
27585,ECG,1300,-80,0,0,0,0,0
27585,ECG,1301,-80,0,0,0,0,0
27590,ECG,1302,-80,0,0,0,0,0
27590,ECG,1303,-80,0,0,0,0,0
27595,ECG,1304,-80,0,0,0,0,0
27595,ECG,1305,-80,0,0,0,0,0
27595,ECG,1306,-80,0,0,0,0,0
27600,ECG,1307,-80,0,0,0,0,0
27600,ECG,1308,-80,0,0,0,0,0
27605,ECG,1309,-80,0,0,0,0,0
27605,ECG,1310,-80,0,0,0,0,0
27610,ECG,1311,-80,0,0,0,0,0
27610,ECG,1312,-80,0,0,0,0,0
27610,ECG,1313,-80,0,0,0,0,0
27615,ECG,1314,-80,0,0,0,0,0
27615,ECG,1315,-80,0,0,0,0,0
27620,ECG,1316,-80,0,0,0,0,0
27620,ECG,1317,-80,0,0,0,0,0
27625,ECG,1318,-80,0,0,0,0,0
27625,ECG,1319,-80,0,0,0,0,0
27630,ECG,1320,-80,0,0,0,0,0
27630,ECG,1321,-80,0,0,0,0,0
27630,ECG,1322,-80,0,0,0,0,0
27635,ECG,1323,-80,0,0,0,0,0
27635,ECG,1324,-80,0,0,0,0,0
27640,ECG,1325,-80,0,0,0,0,0
27640,ECG,1326,-80,0,0,0,0,0
27640,ECG,1327,-80,0,0,0,0,0
27645,ECG,1328,-80,0,0,0,0,0
27645,ECG,1329,-80,0,0,0,0,0
27650,ECG,1330,-80,0,0,0,0,0
27650,ECG,1331,-80,0,0,0,0,0
27650,ECG,1332,-80,0,0,0,0,0
27655,ECG,1333,-80,0,0,0,0,0
27655,ECG,1334,-80,0,0,0,0,0
27660,ECG,1335,-80,0,0,0,0,0
27660,ECG,1336,-80,0,0,0,0,0
27665,ECG,1337,-80,0,0,0,0,0
27665,ECG,1338,-80,0,0,0,0,0
27670,ECG,1339,-80,0,0,0,0,0
27670,ECG,1340,-80,0,0,0,0,0
27675,ECG,1341,-80,0,0,0,0,0
27675,ECG,1342,-80,0,0,0,0,0
27675,ECG,1343,-80,0,0,0,0,0
27680,ECG,1344,-80,0,0,0,0,0
27680,ECG,1345,-80,0,0,0,0,0
27685,ECG,1346,-80,0,0,0,0,0
27685,ECG,1347,-80,0,0,0,0,0
27685,ECG,1348,-80,0,0,0,0,0
27690,ECG,1349,-80,0,0,0,0,0
27690,ECG,1350,-80,0,0,0,0,0
27695,ECG,1351,-80,0,0,0,0,0
27695,ECG,1352,-80,0,0,0,0,0
27695,ECG,1353,-80,0,0,0,0,0
27700,ECG,1354,-80,0,0,0,0,0
27700,ECG,1355,-80,0,0,0,0,0
27705,ECG,1356,-80,0,0,0,0,0
27705,ECG,1357,-80,0,0,0,0,0
27710,ECG,1358,-80,0,0,0,0,0
27710,ECG,1359,-80,0,0,0,0,0
27710,ECG,1360,-80,0,0,0,0,0
27715,ECG,1361,-80,0,0,0,0,0
27715,ECG,1362,-80,0,0,0,0,0
27720,ECG,1363,-80,0,0,0,0,0
27720,ECG,1364,-80,0,0,0,0,0
27725,ECG,1365,-80,0,0,0,0,0
27725,ECG,1366,-80,0,0,0,0,0
27730,ECG,1367,-80,0,0,0,0,0
27730,ECG,1368,-80,0,0,0,0,0
27730,ECG,1369,-80,0,0,0,0,0
27735,ECG,1370,-80,0,0,0,0,0
27735,ECG,1371,-80,0,0,0,0,0
27740,ECG,1372,-80,0,0,0,0,0
27740,ECG,1373,-80,0,0,0,0,0
27740,ECG,1374,-80,0,0,0,0,0
27745,ECG,1375,-80,0,0,0,0,0
27745,ECG,1376,-80,0,0,0,0,0
27750,ECG,1377,-80,0,0,0,0,0
27750,ECG,1378,-80,0,0,0,0,0
27750,ECG,1379,-80,0,0,0,0,0
27755,ECG,1380,-80,0,0,0,0,0
27755,ECG,1381,-80,0,0,0,0,0
27760,ECG,1382,-80,0,0,0,0,0
27760,ECG,1383,-80,0,0,0,0,0
27765,ECG,1384,-80,0,0,0,0,0
27765,ECG,1385,-80,0,0,0,0,0
27770,ECG,1386,-80,0,0,0,0,0
27770,ECG,1387,-80,0,0,0,0,0
27775,ECG,1388,-80,0,0,0,0,0
27775,ECG,1389,-80,0,0,0,0,0
27775,ECG,1390,-80,0,0,0,0,0
27780,ECG,1391,-80,0,0,0,0,0
27780,ECG,1392,-80,0,0,0,0,0
27785,ECG,1393,-80,0,0,0,0,0
27785,ECG,1394,-80,0,0,0,0,0
27785,ECG,1395,-80,0,0,0,0,0
27790,ECG,1396,-80,0,0,0,0,0
27790,ECG,1397,-80,0,0,0,0,0
27795,ECG,1398,-80,0,0,0,0,0
27795,ECG,1399,-80,0,0,0,0,0
27795,ECG,1400,-80,0,0,0,0,0
27800,ECG,1401,-80,0,0,0,0,0
27800,ECG,1402,-80,0,0,0,0,0
27805,ECG,1403,-80,0,0,0,0,0
27805,ECG,1404,-80,0,0,0,0,0
27805,ECG,1405,-80,0,0,0,0,0
27810,ECG,1406,-80,0,0,0,0,0
27810,ECG,1407,-80,0,0,0,0,0
27815,ECG,1408,-80,0,0,0,0,0
27815,ECG,1409,-80,0,0,0,0,0
27820,ECG,1410,-80,0,0,0,0,0
27820,ECG,1411,-80,0,0,0,0,0
27825,ECG,1412,-80,0,0,0,0,0
27825,ECG,1413,-80,0,0,0,0,0
27830,ECG,1414,-80,0,0,0,0,0
27830,ECG,1415,-80,0,0,0,0,0
27830,ECG,1416,-80,0,0,0,0,0
27835,ECG,1417,-80,0,0,0,0,0
27835,ECG,1418,-80,0,0,0,0,0
27840,ECG,1419,-80,0,0,0,0,0
27840,ECG,1420,-80,0,0,0,0,0
27840,ECG,1421,-80,0,0,0,0,0
27845,ECG,1422,-80,0,0,0,0,0
27845,ECG,1423,-80,0,0,0,0,0
27850,ECG,1424,-80,0,0,0,0,0
27850,ECG,1425,-80,0,0,0,0,0
27850,ECG,1426,-80,0,0,0,0,0
27855,ECG,1427,-80,0,0,0,0,0
27855,ECG,1428,-80,0,0,0,0,0
27860,ECG,1429,-80,0,0,0,0,0
27860,ECG,1430,-80,0,0,0,0,0
27865,ECG,1431,-80,0,0,0,0,0
27865,ECG,1432,-80,0,0,0,0,0
27870,ECG,1433,-80,0,0,0,0,0
27870,ECG,1434,-80,0,0,0,0,0
27875,ECG,1435,-80,0,0,0,0,0
27875,ECG,1436,-80,0,0,0,0,0
27875,ECG,1437,-80,0,0,0,0,0
27880,ECG,1438,-80,0,0,0,0,0
27880,ECG,1439,-80,0,0,0,0,0
27885,ECG,1440,-80,0,0,0,0,0
27885,ECG,1441,-80,0,0,0,0,0
27885,ECG,1442,-80,0,0,0,0,0
27890,ECG,1443,-80,0,0,0,0,0
27890,ECG,1444,-80,0,0,0,0,0
27895,ECG,1445,-80,0,0,0,0,0
27895,ECG,1446,-80,0,0,0,0,0
27895,ECG,1447,-80,0,0,0,0,0
27900,ECG,1448,-80,0,0,0,0,0
27900,ECG,1449,-80,0,0,0,0,0
27905,ECG,1450,-80,0,0,0,0,0
27905,ECG,1451,-80,0,0,0,0,0
27910,ECG,1452,-80,0,0,0,0,0
27910,ECG,1453,-80,0,0,0,0,0
27910,ECG,1454,-80,0,0,0,0,0
27915,ECG,1455,-80,0,0,0,0,0
27915,ECG,1456,-80,0,0,0,0,0
27920,ECG,1457,-80,0,0,0,0,0
27920,ECG,1458,-80,0,0,0,0,0
27925,ECG,1459,-80,0,0,0,0,0
27925,ECG,1460,-80,0,0,0,0,0
27930,ECG,1461,-80,0,0,0,0,0
27930,ECG,1462,-80,0,0,0,0,0
27930,ECG,1463,-80,0,0,0,0,0
27935,ECG,1464,-80,0,0,0,0,0
27935,ECG,1465,-80,0,0,0,0,0
27940,ECG,1466,-80,0,0,0,0,0
27940,ECG,1467,-80,0,0,0,0,0
27940,ECG,1468,-80,0,0,0,0,0
27945,ECG,1469,-80,0,0,0,0,0
27945,ECG,1470,-80,0,0,0,0,0
27950,ECG,1471,-80,0,0,0,0,0
27950,ECG,1472,-80,0,0,0,0,0
27950,ECG,1473,-80,0,0,0,0,0
27955,ECG,1474,-80,0,0,0,0,0
27955,ECG,1475,-80,0,0,0,0,0
27960,ECG,1476,-80,0,0,0,0,0
27960,ECG,1477,-80,0,0,0,0,0
27965,ECG,1478,-80,0,0,0,0,0
27965,ECG,1479,-80,0,0,0,0,0
27970,ECG,1480,-80,0,0,0,0,0
27970,ECG,1481,-80,0,0,0,0,0
27975,ECG,1482,-80,0,0,0,0,0
27975,ECG,1483,-80,0,0,0,0,0
27975,ECG,1484,-80,0,0,0,0,0
27980,ECG,1485,-80,0,0,0,0,0
27980,ECG,1486,-80,0,0,0,0,0
27985,ECG,1487,-80,0,0,0,0,0
27985,ECG,1488,-80,0,0,0,0,0
27985,ECG,1489,-80,0,0,0,0,0
27990,ECG,1490,-80,0,0,0,0,0
27990,ECG,1491,-80,0,0,0,0,0
27995,ECG,1492,-80,0,0,0,0,0
27995,ECG,1493,-80,0,0,0,0,0
27995,ECG,1494,-80,0,0,0,0,0
28000,ECG,1495,-80,0,0,0,0,0
28000,ECG,1496,-80,0,0,0,0,0
28005,ECG,1497,-80,0,0,0,0,0
28005,ECG,1498,-80,0,0,0,0,0
28010,ECG,1499,-80,0,0,0,0,0
28010,ECG,1500,-80,0,0,0,0,0
28015,ECG,1501,-80,0,0,0,0,0
28015,ECG,1502,-80,0,0,0,0,0
28020,ECG,1503,-80,0,0,0,0,0
28020,ECG,1504,-80,0,0,0,0,0
28025,ECG,1505,-80,0,0,0,0,0
28025,ECG,1506,-80,0,0,0,0,0
28030,ECG,1507,-80,0,0,0,0,0
28030,ECG,1508,-80,0,0,0,0,0
28030,ECG,1509,-80,0,0,0,0,0
28035,ECG,1510,-80,0,0,0,0,0
28035,ECG,1511,-80,0,0,0,0,0
28040,ECG,1512,-80,0,0,0,0,0
28040,ECG,1513,-80,0,0,0,0,0
28040,ECG,1514,-80,0,0,0,0,0
28045,ECG,1515,-80,0,0,0,0,0
28045,ECG,1516,-80,0,0,0,0,0
28050,ECG,1517,-80,0,0,0,0,0
28050,ECG,1518,-80,0,0,0,0,0
28050,ECG,1519,-80,0,0,0,0,0
28055,ECG,1520,-80,0,0,0,0,0
28055,ECG,1521,-80,0,0,0,0,0
28060,ECG,1522,-80,0,0,0,0,0
28060,ECG,1523,-80,0,0,0,0,0
28065,ECG,1524,-80,0,0,0,0,0
28065,ECG,1525,-80,0,0,0,0,0
28070,ECG,1526,-80,0,0,0,0,0
28070,ECG,1527,-80,0,0,0,0,0
28075,ECG,1528,-80,0,0,0,0,0
28075,ECG,1529,-80,0,0,0,0,0
28075,ECG,1530,-80,0,0,0,0,0
28080,ECG,1531,-80,0,0,0,0,0
28080,ECG,1532,-80,0,0,0,0,0
28085,ECG,1533,-80,0,0,0,0,0
28085,ECG,1534,-80,0,0,0,0,0
28085,ECG,1535,-80,0,0,0,0,0
28090,ECG,1536,-80,0,0,0,0,0
28090,ECG,1537,-80,0,0,0,0,0
28095,ECG,1538,-80,0,0,0,0,0
28095,ECG,1539,-80,0,0,0,0,0
28095,ECG,1540,-80,0,0,0,0,0
28100,ECG,1541,-80,0,0,0,0,0
28100,ECG,1542,-80,0,0,0,0,0
28105,ECG,1543,-80,0,0,0,0,0
28105,ECG,1544,-80,0,0,0,0,0
28110,ECG,1545,-80,0,0,0,0,0
28110,ECG,1546,-80,0,0,0,0,0
28110,ECG,1547,-80,0,0,0,0,0
28115,ECG,1548,-80,0,0,0,0,0
28115,ECG,1549,-80,0,0,0,0,0
28120,ECG,1550,-80,0,0,0,0,0
28120,ECG,1551,-80,0,0,0,0,0
28125,ECG,1552,-80,0,0,0,0,0
28125,ECG,1553,-80,0,0,0,0,0
28130,ECG,1554,-80,0,0,0,0,0
28130,ECG,1555,-80,0,0,0,0,0
28130,ECG,1556,-80,0,0,0,0,0
28135,ECG,1557,-80,0,0,0,0,0
28135,ECG,1558,-80,0,0,0,0,0
28140,ECG,1559,-80,0,0,0,0,0
28140,ECG,1560,-80,0,0,0,0,0
28140,ECG,1561,-80,0,0,0,0,0
28145,ECG,1562,-80,0,0,0,0,0
28145,ECG,1563,-80,0,0,0,0,0
28150,ECG,1564,-80,0,0,0,0,0
28150,ECG,1565,-80,0,0,0,0,0
28150,ECG,1566,-80,0,0,0,0,0
28155,ECG,1567,-80,0,0,0,0,0
28155,ECG,1568,-80,0,0,0,0,0
28160,ECG,1569,-80,0,0,0,0,0
28160,ECG,1570,-80,0,0,0,0,0
28165,ECG,1571,-80,0,0,0,0,0
28165,ECG,1572,-80,0,0,0,0,0
28165,ECG,1573,-80,0,0,0,0,0
28170,ECG,1574,-80,0,0,0,0,0
28170,ECG,1575,-80,0,0,0,0,0
28175,ECG,1576,-80,0,0,0,0,0
28175,ECG,1577,-80,0,0,0,0,0
28175,ECG,1578,-80,0,0,0,0,0
28180,ECG,1579,-80,0,0,0,0,0
28180,ECG,1580,-80,0,0,0,0,0
28185,ECG,1581,-80,0,0,0,0,0
28185,ECG,1582,-80,0,0,0,0,0
28185,ECG,1583,-80,0,0,0,0,0
28190,ECG,1584,-80,0,0,0,0,0
28190,ECG,1585,-80,0,0,0,0,0
28195,ECG,1586,-80,0,0,0,0,0
28195,ECG,1587,-80,0,0,0,0,0
28195,ECG,1588,-80,0,0,0,0,0
28200,ECG,1589,-80,0,0,0,0,0
28200,ECG,1590,-80,0,0,0,0,0
28205,ECG,1591,-80,0,0,0,0,0
28205,ECG,1592,-80,0,0,0,0,0
28210,ECG,1593,-80,0,0,0,0,0
28210,ECG,1594,-80,0,0,0,0,0
28210,ECG,1595,-80,0,0,0,0,0
28215,ECG,1596,-80,0,0,0,0,0
28215,ECG,1597,-80,0,0,0,0,0
28220,ECG,1598,-80,0,0,0,0,0
28220,ECG,1599,-80,0,0,0,0,0
28225,ECG,1600,-80,0,0,0,0,0
28225,ECG,1601,-80,0,0,0,0,0
28230,ECG,1602,-80,0,0,0,0,0
28230,ECG,1603,-80,0,0,0,0,0
28230,ECG,1604,-80,0,0,0,0,0
28235,ECG,1605,-80,0,0,0,0,0
28235,ECG,1606,-80,0,0,0,0,0
28240,ECG,1607,-80,0,0,0,0,0
28240,ECG,1608,-80,0,0,0,0,0
28240,ECG,1609,-80,0,0,0,0,0
28245,ECG,1610,-80,0,0,0,0,0
28245,ECG,1611,-80,0,0,0,0,0
28250,ECG,1612,-80,0,0,0,0,0
28250,ECG,1613,-80,0,0,0,0,0
28250,ECG,1614,-80,0,0,0,0,0
28255,ECG,1615,-80,0,0,0,0,0
28255,ECG,1616,-80,0,0,0,0,0
28260,ECG,1617,-80,0,0,0,0,0
28260,ECG,1618,-80,0,0,0,0,0
28265,ECG,1619,-80,0,0,0,0,0
28265,ECG,1620,-80,0,0,0,0,0
28270,ECG,1621,-80,0,0,0,0,0
28270,ECG,1622,-80,0,0,0,0,0
28275,ECG,1623,-80,0,0,0,0,0
28275,ECG,1624,-80,0,0,0,0,0
28275,ECG,1625,-80,0,0,0,0,0
28280,ECG,1626,-80,0,0,0,0,0
28280,ECG,1627,-80,0,0,0,0,0
28285,ECG,1628,-80,0,0,0,0,0
28285,ECG,1629,-80,0,0,0,0,0
28285,ECG,1630,-80,0,0,0,0,0
28290,ECG,1631,-80,0,0,0,0,0
28290,ECG,1632,-80,0,0,0,0,0
28295,ECG,1633,-80,0,0,0,0,0
28295,ECG,1634,-80,0,0,0,0,0
28295,ECG,1635,-80,0,0,0,0,0
28300,ECG,1636,-80,0,0,0,0,0
28300,ECG,1637,-80,0,0,0,0,0
28305,ECG,1638,-80,0,0,0,0,0
28305,ECG,1639,-80,0,0,0,0,0
28310,ECG,1640,-80,0,0,0,0,0
28310,ECG,1641,-80,0,0,0,0,0
28315,ECG,1642,-80,0,0,0,0,0
28315,ECG,1643,-80,0,0,0,0,0
28320,ECG,1644,-80,0,0,0,0,0
28320,ECG,1645,-80,0,0,0,0,0
28325,ECG,1646,-80,0,0,0,0,0
28325,ECG,1647,-80,0,0,0,0,0
28330,ECG,1648,-80,0,0,0,0,0
28330,ECG,1649,-80,0,0,0,0,0
28330,ECG,1650,-80,0,0,0,0,0
28335,ECG,1651,-80,0,0,0,0,0
28335,ECG,1652,-80,0,0,0,0,0
28340,ECG,1653,-80,0,0,0,0,0
28340,ECG,1654,-80,0,0,0,0,0
28340,ECG,1655,-80,0,0,0,0,0
28345,ECG,1656,-80,0,0,0,0,0
28345,ECG,1657,-80,0,0,0,0,0
28350,ECG,1658,-80,0,0,0,0,0
28350,ECG,1659,-80,0,0,0,0,0
28350,ECG,1660,-80,0,0,0,0,0
28355,ECG,1661,-80,0,0,0,0,0
28355,ECG,1662,-80,0,0,0,0,0
28360,ECG,1663,-80,0,0,0,0,0
28360,ECG,1664,-80,0,0,0,0,0
28365,ECG,1665,-80,0,0,0,0,0
28365,ECG,1666,-80,0,0,0,0,0
28370,ECG,1667,-80,0,0,0,0,0
28370,ECG,1668,-80,0,0,0,0,0
28375,ECG,1669,-80,0,0,0,0,0
28375,ECG,1670,-80,0,0,0,0,0
28375,ECG,1671,-80,0,0,0,0,0
28380,ECG,1672,-80,0,0,0,0,0
28380,ECG,1673,-80,0,0,0,0,0
28385,ECG,1674,-80,0,0,0,0,0
28385,ECG,1675,-80,0,0,0,0,0
28385,ECG,1676,-80,0,0,0,0,0
28390,ECG,1677,-80,0,0,0,0,0
28390,ECG,1678,-80,0,0,0,0,0
28395,ECG,1679,-80,0,0,0,0,0
28395,ECG,1680,-80,0,0,0,0,0
28395,ECG,1681,-80,0,0,0,0,0
28400,ECG,1682,-80,0,0,0,0,0
28400,ECG,1683,-80,0,0,0,0,0
28405,ECG,1684,-80,0,0,0,0,0
28405,ECG,1685,-80,0,0,0,0,0
28410,ECG,1686,-80,0,0,0,0,0
28410,ECG,1687,-80,0,0,0,0,0
28410,ECG,1688,-80,0,0,0,0,0
28415,ECG,1689,-80,0,0,0,0,0
28415,ECG,1690,-80,0,0,0,0,0
28420,ECG,1691,-80,0,0,0,0,0
28420,ECG,1692,-80,0,0,0,0,0
28425,ECG,1693,-80,0,0,0,0,0
28425,ECG,1694,-80,0,0,0,0,0
28430,ECG,1695,-80,0,0,0,0,0
28430,ECG,1696,-80,0,0,0,0,0
28430,ECG,1697,-80,0,0,0,0,0
28435,ECG,1698,-80,0,0,0,0,0
28435,ECG,1699,-80,0,0,0,0,0
28440,ECG,1700,-80,0,0,0,0,0
28440,ECG,1701,-80,0,0,0,0,0
28440,ECG,1702,-80,0,0,0,0,0
28445,ECG,1703,-80,0,0,0,0,0
28445,ECG,1704,-80,0,0,0,0,0
28450,ECG,1705,-80,0,0,0,0,0
28450,ECG,1706,-80,0,0,0,0,0
28450,ECG,1707,-80,0,0,0,0,0
28455,ECG,1708,-80,0,0,0,0,0
28455,ECG,1709,-80,0,0,0,0,0
28460,ECG,1710,-80,0,0,0,0,0
28460,ECG,1711,-80,0,0,0,0,0
28465,ECG,1712,-80,0,0,0,0,0
28465,ECG,1713,-80,0,0,0,0,0
28470,ECG,1714,-80,0,0,0,0,0
28470,ECG,1715,-80,0,0,0,0,0
28475,ECG,1716,-80,0,0,0,0,0
28475,ECG,1717,-80,0,0,0,0,0
28475,ECG,1718,-80,0,0,0,0,0
28480,ECG,1719,-80,0,0,0,0,0
28480,ECG,1720,-80,0,0,0,0,0
28485,ECG,1721,-80,0,0,0,0,0
28485,ECG,1722,-80,0,0,0,0,0
28485,ECG,1723,-80,0,0,0,0,0
28490,ECG,1724,-80,0,0,0,0,0
28490,ECG,1725,-80,0,0,0,0,0
28495,ECG,1726,-80,0,0,0,0,0
28495,ECG,1727,-80,0,0,0,0,0
28495,ECG,1728,-80,0,0,0,0,0
28500,ECG,1729,-80,0,0,0,0,0
28500,ECG,1730,-80,0,0,0,0,0
28505,ECG,1731,-80,0,0,0,0,0
28505,ECG,1732,-80,0,0,0,0,0
28510,ECG,1733,-80,0,0,0,0,0
28510,ECG,1734,-80,0,0,0,0,0
28515,ECG,1735,-80,0,0,0,0,0
28515,ECG,1736,-80,0,0,0,0,0
28520,ECG,1737,-80,0,0,0,0,0
28520,ECG,1738,-80,0,0,0,0,0
28520,ECG,1739,-80,0,0,0,0,0
28525,ECG,1740,-80,0,0,0,0,0
28525,ECG,1741,-80,0,0,0,0,0
28530,ECG,1742,-80,0,0,0,0,0
28530,ECG,1743,-80,0,0,0,0,0
28530,ECG,1744,-80,0,0,0,0,0
28535,ECG,1745,-80,0,0,0,0,0
28535,ECG,1746,-80,0,0,0,0,0
28540,ECG,1747,-80,0,0,0,0,0
28540,ECG,1748,-80,0,0,0,0,0
28540,ECG,1749,-80,0,0,0,0,0
28545,ECG,1750,-80,0,0,0,0,0
28545,ECG,1751,-80,0,0,0,0,0
28550,ECG,1752,-80,0,0,0,0,0
28550,ECG,1753,-80,0,0,0,0,0
28550,ECG,1754,-80,0,0,0,0,0
28555,ECG,1755,-80,0,0,0,0,0
28555,ECG,1756,-80,0,0,0,0,0
28560,ECG,1757,-80,0,0,0,0,0
28560,ECG,1758,-80,0,0,0,0,0
28565,ECG,1759,-80,0,0,0,0,0
28565,ECG,1760,-80,0,0,0,0,0
28570,ECG,1761,-80,0,0,0,0,0
28570,ECG,1762,-80,0,0,0,0,0
28575,ECG,1763,-80,0,0,0,0,0
28575,ECG,1764,-80,0,0,0,0,0
28575,ECG,1765,-80,0,0,0,0,0
28580,ECG,1766,-80,0,0,0,0,0
28580,ECG,1767,-80,0,0,0,0,0
28585,ECG,1768,-80,0,0,0,0,0
28585,ECG,1769,-80,0,0,0,0,0
28585,ECG,1770,-80,0,0,0,0,0
28590,ECG,1771,-80,0,0,0,0,0
28590,ECG,1772,-80,0,0,0,0,0
28595,ECG,1773,-80,0,0,0,0,0
28595,ECG,1774,-80,0,0,0,0,0
28595,ECG,1775,-80,0,0,0,0,0
28600,ECG,1776,-80,0,0,0,0,0
28600,ECG,1777,-80,0,0,0,0,0
28605,ECG,1778,-80,0,0,0,0,0
28605,ECG,1779,-80,0,0,0,0,0
28610,ECG,1780,-80,0,0,0,0,0
28610,ECG,1781,-80,0,0,0,0,0
28610,ECG,1782,-80,0,0,0,0,0
28615,ECG,1783,-80,0,0,0,0,0
28615,ECG,1784,-80,0,0,0,0,0
28620,ECG,1785,-80,0,0,0,0,0
28620,ECG,1786,-80,0,0,0,0,0
28625,ECG,1787,-80,0,0,0,0,0
28625,ECG,1788,-80,0,0,0,0,0
28630,ECG,1789,-80,0,0,0,0,0
28630,ECG,1790,-80,0,0,0,0,0
28630,ECG,1791,-80,0,0,0,0,0
28635,ECG,1792,-80,0,0,0,0,0
28635,ECG,1793,-80,0,0,0,0,0
28640,ECG,1794,-80,0,0,0,0,0
28640,ECG,1795,-80,0,0,0,0,0
28640,ECG,1796,-80,0,0,0,0,0
28645,ECG,1797,-80,0,0,0,0,0
28645,ECG,1798,-80,0,0,0,0,0
28650,ECG,1799,-80,0,0,0,0,0
28650,ECG,1800,-80,0,0,0,0,0
28650,ECG,1801,-80,0,0,0,0,0
28655,ECG,1802,-80,0,0,0,0,0
28655,ECG,1803,-80,0,0,0,0,0
28660,ECG,1804,-80,0,0,0,0,0
28660,ECG,1805,-80,0,0,0,0,0
28665,ECG,1806,-80,0,0,0,0,0
28665,ECG,1807,-80,0,0,0,0,0
28670,ECG,1808,-80,0,0,0,0,0
28670,ECG,1809,-80,0,0,0,0,0
28675,ECG,1810,-80,0,0,0,0,0
28675,ECG,1811,-80,0,0,0,0,0
28675,ECG,1812,-80,0,0,0,0,0
28680,ECG,1813,-80,0,0,0,0,0
28680,ECG,1814,-80,0,0,0,0,0
28685,ECG,1815,-80,0,0,0,0,0
28685,ECG,1816,-80,0,0,0,0,0
28685,ECG,1817,-80,0,0,0,0,0
28690,ECG,1818,-80,0,0,0,0,0
28690,ECG,1819,-80,0,0,0,0,0
28695,ECG,1820,-80,0,0,0,0,0
28695,ECG,1821,-80,0,0,0,0,0
28695,ECG,1822,-80,0,0,0,0,0
28700,ECG,1823,-80,0,0,0,0,0
28700,ECG,1824,-80,0,0,0,0,0
28705,ECG,1825,-80,0,0,0,0,0
28705,ECG,1826,-80,0,0,0,0,0
28705,ECG,1827,-80,0,0,0,0,0
28710,ECG,1828,-80,0,0,0,0,0
28710,ECG,1829,-80,0,0,0,0,0
28715,ECG,1830,-80,0,0,0,0,0
28715,ECG,1831,-80,0,0,0,0,0
28720,ECG,1832,-80,0,0,0,0,0
28720,ECG,1833,-80,0,0,0,0,0
28725,ECG,1834,-80,0,0,0,0,0
28725,ECG,1835,-80,0,0,0,0,0
28730,ECG,1836,-80,0,0,0,0,0
28730,ECG,1837,-80,0,0,0,0,0
28730,ECG,1838,-80,0,0,0,0,0
28735,ECG,1839,-80,0,0,0,0,0
28735,ECG,1840,-80,0,0,0,0,0
28740,ECG,1841,-80,0,0,0,0,0
28740,ECG,1842,-80,0,0,0,0,0
28740,ECG,1843,-80,0,0,0,0,0
28745,ECG,1844,-80,0,0,0,0,0
28745,ECG,1845,-80,0,0,0,0,0
28750,ECG,1846,-80,0,0,0,0,0
28750,ECG,1847,-80,0,0,0,0,0
28750,ECG,1848,-80,0,0,0,0,0
28755,ECG,1849,-80,0,0,0,0,0
28755,ECG,1850,-80,0,0,0,0,0
28760,ECG,1851,-80,0,0,0,0,0
28760,ECG,1852,-80,0,0,0,0,0
28765,ECG,1853,-80,0,0,0,0,0
28765,ECG,1854,-80,0,0,0,0,0
28765,ECG,1855,-80,0,0,0,0,0
28770,ECG,1856,-80,0,0,0,0,0
28770,ECG,1857,-80,0,0,0,0,0
28775,ECG,1858,-80,0,0,0,0,0
28775,ECG,1859,-80,0,0,0,0,0
28780,ECG,1860,-80,0,0,0,0,0
28780,ECG,1861,-80,0,0,0,0,0
28785,ECG,1862,-80,0,0,0,0,0
28785,ECG,1863,-80,0,0,0,0,0
28785,ECG,1864,-80,0,0,0,0,0
28790,ECG,1865,-80,0,0,0,0,0
28790,ECG,1866,-80,0,0,0,0,0
28795,ECG,1867,-80,0,0,0,0,0
28795,ECG,1868,-80,0,0,0,0,0
28795,ECG,1869,-80,0,0,0,0,0
28800,ECG,1870,-80,0,0,0,0,0
28800,ECG,1871,-80,0,0,0,0,0
28805,ECG,1872,-80,0,0,0,0,0
28805,ECG,1873,-80,0,0,0,0,0
28805,ECG,1874,-80,0,0,0,0,0
28810,ECG,1875,-80,0,0,0,0,0
28810,ECG,1876,-80,0,0,0,0,0
28815,ECG,1877,-80,0,0,0,0,0
28815,ECG,1878,-80,0,0,0,0,0
28820,ECG,1879,-80,0,0,0,0,0
28820,ECG,1880,-80,0,0,0,0,0
28825,ECG,1881,-80,0,0,0,0,0
28825,ECG,1882,-80,0,0,0,0,0
28830,ECG,1883,-80,0,0,0,0,0
28830,ECG,1884,-80,0,0,0,0,0
28830,ECG,1885,-80,0,0,0,0,0
28835,ECG,1886,-80,0,0,0,0,0
28835,ECG,1887,-80,0,0,0,0,0
28840,ECG,1888,-80,0,0,0,0,0
28840,ECG,1889,-80,0,0,0,0,0
28840,ECG,1890,-80,0,0,0,0,0
28845,ECG,1891,-80,0,0,0,0,0
28845,ECG,1892,-80,0,0,0,0,0
28850,ECG,1893,-80,0,0,0,0,0
28850,ECG,1894,-80,0,0,0,0,0
28850,ECG,1895,-80,0,0,0,0,0
28855,ECG,1896,-80,0,0,0,0,0
28855,ECG,1897,-80,0,0,0,0,0
28860,ECG,1898,-80,0,0,0,0,0
28860,ECG,1899,-80,0,0,0,0,0
28860,ECG,1900,-80,0,0,0,0,0
28865,ECG,1901,-80,0,0,0,0,0
28865,ECG,1902,-80,0,0,0,0,0
28865,ECG,1903,-80,0,0,0,0,0
28870,ECG,1904,-80,0,0,0,0,0
28870,ECG,1905,-80,0,0,0,0,0
28875,ECG,1906,-80,0,0,0,0,0
28875,ECG,1907,-80,0,0,0,0,0
28880,ECG,1908,-80,0,0,0,0,0
28880,ECG,1909,-80,0,0,0,0,0
28885,ECG,1910,-80,0,0,0,0,0
28885,ECG,1911,-80,0,0,0,0,0
28885,ECG,1912,-80,0,0,0,0,0
28890,ECG,1913,-80,0,0,0,0,0
28890,ECG,1914,-80,0,0,0,0,0
28895,ECG,1915,-80,0,0,0,0,0
28895,ECG,1916,-80,0,0,0,0,0
28895,ECG,1917,-80,0,0,0,0,0
28900,ECG,1918,-80,0,0,0,0,0
28900,ECG,1919,-80,0,0,0,0,0
28905,ECG,1920,-80,0,0,0,0,0
28905,ECG,1921,-80,0,0,0,0,0
28905,ECG,1922,-80,0,0,0,0,0
28910,ECG,1923,-80,0,0,0,0,0
28910,ECG,1924,-80,0,0,0,0,0
28915,ECG,1925,-80,0,0,0,0,0
28915,ECG,1926,-80,0,0,0,0,0
28920,ECG,1927,-80,0,0,0,0,0
28920,ECG,1928,-80,0,0,0,0,0
28920,ECG,1929,-80,0,0,0,0,0
28925,ECG,1930,-80,0,0,0,0,0
28925,ECG,1931,-80,0,0,0,0,0
28930,ECG,1932,-80,0,0,0,0,0
28930,ECG,1933,-80,0,0,0,0,0
28935,ECG,1934,-80,0,0,0,0,0
28935,ECG,1935,-80,0,0,0,0,0
28940,ECG,1936,-80,0,0,0,0,0
28940,ECG,1937,-80,0,0,0,0,0
28940,ECG,1938,-80,0,0,0,0,0
28945,ECG,1939,-80,0,0,0,0,0
28945,ECG,1940,-80,0,0,0,0,0
28950,ECG,1941,-80,0,0,0,0,0
28950,ECG,1942,-80,0,0,0,0,0
28950,ECG,1943,-80,0,0,0,0,0
28955,ECG,1944,-80,0,0,0,0,0
28955,ECG,1945,-80,0,0,0,0,0
28960,ECG,1946,-80,0,0,0,0,0
28960,ECG,1947,-80,0,0,0,0,0
28960,ECG,1948,-80,0,0,0,0,0
28965,ECG,1949,-80,0,0,0,0,0
28965,ECG,1950,-80,0,0,0,0,0
28970,ECG,1951,-80,0,0,0,0,0
28970,ECG,1952,-80,0,0,0,0,0
28975,ECG,1953,-80,0,0,0,0,0
28975,ECG,1954,-80,0,0,0,0,0
28980,ECG,1955,-80,0,0,0,0,0
28980,ECG,1956,-80,0,0,0,0,0
28985,ECG,1957,-80,0,0,0,0,0
28985,ECG,1958,-80,0,0,0,0,0
28985,ECG,1959,-80,0,0,0,0,0
28990,ECG,1960,-80,0,0,0,0,0
28990,ECG,1961,-80,0,0,0,0,0
28995,ECG,1962,-80,0,0,0,0,0
28995,ECG,1963,-80,0,0,0,0,0
28995,ECG,1964,-80,0,0,0,0,0
29000,ECG,1965,-80,0,0,0,0,0
29000,ECG,1966,-80,0,0,0,0,0
29005,ECG,1967,-80,0,0,0,0,0
29005,ECG,1968,-80,0,0,0,0,0
29005,ECG,1969,-80,0,0,0,0,0
29010,ECG,1970,-80,0,0,0,0,0
29010,ECG,1971,-80,0,0,0,0,0
29015,ECG,1972,-80,0,0,0,0,0
29015,ECG,1973,-80,0,0,0,0,0
29020,ECG,1974,-80,0,0,0,0,0
29020,ECG,1975,-80,0,0,0,0,0
29020,ECG,1976,-80,0,0,0,0,0
29025,ECG,1977,-80,0,0,0,0,0
29025,ECG,1978,-80,0,0,0,0,0
29030,ECG,1979,-80,0,0,0,0,0
29030,ECG,1980,-80,0,0,0,0,0
29035,ECG,1981,-80,0,0,0,0,0
29035,ECG,1982,-80,0,0,0,0,0
29040,ECG,1983,-80,0,0,0,0,0
29040,ECG,1984,-80,0,0,0,0,0
29040,ECG,1985,-80,0,0,0,0,0
29045,ECG,1986,-80,0,0,0,0,0
29045,ECG,1987,-80,0,0,0,0,0
29050,ECG,1988,-80,0,0,0,0,0
29050,ECG,1989,-80,0,0,0,0,0
29050,ECG,1990,-80,0,0,0,0,0
29055,ECG,1991,-80,0,0,0,0,0
29055,ECG,1992,-80,0,0,0,0,0
29060,ECG,1993,-80,0,0,0,0,0
29060,ECG,1994,-80,0,0,0,0,0
29060,ECG,1995,-80,0,0,0,0,0
29065,ECG,1996,-80,0,0,0,0,0
29065,ECG,1997,-80,0,0,0,0,0
29070,ECG,1998,-80,0,0,0,0,0
29070,ECG,1999,-80,0,0,0,0,0
29075,ECG,2000,-80,0,0,0,0,0
29075,ECG,2001,-80,0,0,0,0,0
29080,ECG,2002,-80,0,0,0,0,0
29080,ECG,2003,-80,0,0,0,0,0
29085,ECG,2004,-80,0,0,0,0,0
29085,ECG,2005,-80,0,0,0,0,0
29085,ECG,2006,-80,0,0,0,0,0
29090,ECG,2007,-80,0,0,0,0,0
29090,ECG,2008,-80,0,0,0,0,0
29095,ECG,2009,-80,0,0,0,0,0
29095,ECG,2010,-80,0,0,0,0,0
29095,ECG,2011,-80,0,0,0,0,0
29100,ECG,2012,-80,0,0,0,0,0
29100,ECG,2013,-80,0,0,0,0,0
29105,ECG,2014,-80,0,0,0,0,0
29105,ECG,2015,-80,0,0,0,0,0
29105,ECG,2016,-80,0,0,0,0,0
29110,ECG,2017,-80,0,0,0,0,0
29110,ECG,2018,-80,0,0,0,0,0
29115,ECG,2019,-80,0,0,0,0,0
29115,ECG,2020,-80,0,0,0,0,0
29120,ECG,2021,-80,0,0,0,0,0
29120,ECG,2022,-80,0,0,0,0,0
29125,ECG,2023,-80,0,0,0,0,0
29125,ECG,2024,-80,0,0,0,0,0
29130,ECG,2025,-80,0,0,0,0,0
29130,ECG,2026,-80,0,0,0,0,0
29130,ECG,2027,-80,0,0,0,0,0
29135,ECG,2028,-80,0,0,0,0,0
29135,ECG,2029,-80,0,0,0,0,0
29140,ECG,2030,-80,0,0,0,0,0
29140,ECG,2031,-80,0,0,0,0,0
29140,ECG,2032,-80,0,0,0,0,0
29145,ECG,2033,-80,0,0,0,0,0
29145,ECG,2034,-80,0,0,0,0,0
29150,ECG,2035,-80,0,0,0,0,0
29150,ECG,2036,-80,0,0,0,0,0
29150,ECG,2037,-80,0,0,0,0,0
29155,ECG,2038,-80,0,0,0,0,0
29155,ECG,2039,-80,0,0,0,0,0
29160,ECG,2040,-80,0,0,0,0,0
29160,ECG,2041,-80,0,0,0,0,0
29160,ECG,2042,-80,0,0,0,0,0
29165,ECG,2043,-80,0,0,0,0,0
29165,ECG,2044,-80,0,0,0,0,0
29170,ECG,2045,-80,0,0,0,0,0
29170,ECG,2046,-80,0,0,0,0,0
29175,ECG,2047,-80,0,0,0,0,0
23885,PPG,0,161431,80734,0,0,0,0
23885,PPG,1,161413,80750,0,0,0,0
23885,PPG,2,161431,80744,0,0,0,0
23885,PPG,3,161424,80744,0,0,0,0
23885,PPG,4,161431,80732,0,0,0,0
23885,PPG,5,161442,80752,0,0,0,0
23885,PPG,6,161435,80746,0,0,0,0
23885,PPG,7,161431,80748,0,0,0,0
23949,PPG,8,161429,80743,0,0,0,0
23949,PPG,9,161434,80758,0,0,0,0
23949,PPG,10,161425,80750,0,0,0,0
23949,PPG,11,161432,80746,0,0,0,0
23949,PPG,12,161422,80743,0,0,0,0
23949,PPG,13,161438,80744,0,0,0,0
23949,PPG,14,161421,80760,0,0,0,0
23949,PPG,15,161421,80732,0,0,0,0
24033,PPG,16,161434,80746,0,0,0,0
24033,PPG,17,161427,80737,0,0,0,0
24033,PPG,18,161433,80756,0,0,0,0
24033,PPG,19,161426,80744,0,0,0,0
24033,PPG,20,161431,80731,0,0,0,0
24033,PPG,21,161424,80735,0,0,0,0
24033,PPG,22,161418,80739,0,0,0,0
24033,PPG,23,161427,80740,0,0,0,0
24110,PPG,24,161428,80737,0,0,0,0
24110,PPG,25,161421,80741,0,0,0,0
24110,PPG,26,161432,80742,0,0,0,0
24110,PPG,27,161440,80738,0,0,0,0
24110,PPG,28,161429,80742,0,0,0,0
24186,PPG,29,161430,80751,0,0,0,0
24264,PPG,30,161438,80754,0,0,0,0
24344,PPG,31,161429,80751,0,0,0,0
24423,PPG,32,161440,80744,0,0,0,0
24503,PPG,33,161431,80746,0,0,0,0
24582,PPG,34,161424,80743,0,0,0,0
24665,PPG,35,161439,80747,0,0,0,0
24741,PPG,36,161434,80752,0,0,0,0
24821,PPG,37,161435,80745,0,0,0,0
24900,PPG,38,161444,80751,0,0,0,0
24980,PPG,39,161429,80757,0,0,0,0
25059,PPG,40,161431,80744,0,0,0,0
25142,PPG,41,161435,80751,0,0,0,0
25220,PPG,42,161441,80752,0,0,0,0
25297,PPG,43,161445,80747,0,0,0,0
25376,PPG,44,161437,80754,0,0,0,0
25456,PPG,45,161448,80744,0,0,0,0
25534,PPG,46,161432,80752,0,0,0,0
25614,PPG,47,161426,80762,0,0,0,0
25697,PPG,48,161444,80755,0,0,0,0
25773,PPG,49,161449,80758,0,0,0,0
25852,PPG,50,161437,80745,0,0,0,0
25931,PPG,51,161430,80756,0,0,0,0
26011,PPG,52,161443,80743,0,0,0,0
26089,PPG,53,161453,80745,0,0,0,0
26172,PPG,54,161438,80751,0,0,0,0
26251,PPG,55,161435,80752,0,0,0,0
26327,PPG,56,161436,80751,0,0,0,0
26407,PPG,57,161426,80745,0,0,0,0
26486,PPG,58,161440,80745,0,0,0,0
26565,PPG,59,161442,80745,0,0,0,0
26644,PPG,60,161435,80744,0,0,0,0
26727,PPG,61,161425,80743,0,0,0,0
26804,PPG,62,161431,80750,0,0,0,0
26882,PPG,63,161438,80744,0,0,0,0
26961,PPG,64,161428,80748,0,0,0,0
27042,PPG,65,161436,80735,0,0,0,0
27127,PPG,66,161438,80760,0,0,0,0
27205,PPG,67,161421,80755,0,0,0,0
27283,PPG,68,161425,80749,0,0,0,0
27358,PPG,69,161439,80753,0,0,0,0
27437,PPG,70,161425,80742,0,0,0,0
27516,PPG,71,161442,80747,0,0,0,0
27594,PPG,72,161440,80746,0,0,0,0
27674,PPG,73,161435,80761,0,0,0,0
27757,PPG,74,161439,80747,0,0,0,0
27836,PPG,75,161429,80760,0,0,0,0
27912,PPG,76,161438,80745,0,0,0,0
27991,PPG,77,161432,80752,0,0,0,0
28070,PPG,78,161429,80741,0,0,0,0
28149,PPG,79,161426,80752,0,0,0,0
28228,PPG,80,161439,80754,0,0,0,0
28311,PPG,81,161439,80741,0,0,0,0
28387,PPG,82,161433,80746,0,0,0,0
28467,PPG,83,161439,80748,0,0,0,0
28546,PPG,84,161437,80752,0,0,0,0
28625,PPG,85,161434,80752,0,0,0,0
28704,PPG,86,161436,80749,0,0,0,0
28787,PPG,87,161431,80749,0,0,0,0
28865,PPG,88,161429,80745,0,0,0,0
28942,PPG,89,161430,80745,0,0,0,0
29021,PPG,90,161428,80747,0,0,0,0
29100,PPG,91,161431,80750,0,0,0,0
29182,PPG,92,161418,80753,0,0,0,0
29265,PPG,93,161433,80753,0,0,0,0
29343,PPG,94,161432,80745,0,0,0,0
29420,PPG,95,161433,80742,0,0,0,0
29500,PPG,96,161427,80749,0,0,0,0
29576,PPG,97,161423,80740,0,0,0,0
29655,PPG,98,161438,80749,0,0,0,0
29734,PPG,99,161436,80748,0,0,0,0
29175,ECG,2048,-80,0,0,0,0,0
29180,ECG,2049,-80,0,0,0,0,0
29180,ECG,2050,-80,0,0,0,0,0
29185,ECG,2051,-80,0,0,0,0,0
29185,ECG,2052,-80,0,0,0,0,0
29185,ECG,2053,-80,0,0,0,0,0
29190,ECG,2054,-80,0,0,0,0,0
29190,ECG,2055,-80,0,0,0,0,0
29195,ECG,2056,-80,0,0,0,0,0
29195,ECG,2057,-80,0,0,0,0,0
29195,ECG,2058,-80,0,0,0,0,0
29200,ECG,2059,-80,0,0,0,0,0
29200,ECG,2060,-80,0,0,0,0,0
29205,ECG,2061,-80,0,0,0,0,0
29205,ECG,2062,-80,0,0,0,0,0
29205,ECG,2063,-80,0,0,0,0,0
29210,ECG,2064,-80,0,0,0,0,0
29210,ECG,2065,-80,0,0,0,0,0
29215,ECG,2066,-80,0,0,0,0,0
29215,ECG,2067,-80,0,0,0,0,0
29220,ECG,2068,-80,0,0,0,0,0
29220,ECG,2069,-80,0,0,0,0,0
29220,ECG,2070,-80,0,0,0,0,0
29225,ECG,2071,-80,0,0,0,0,0
29225,ECG,2072,-80,0,0,0,0,0
29230,ECG,2073,-80,0,0,0,0,0
29230,ECG,2074,-80,0,0,0,0,0
29235,ECG,2075,-80,0,0,0,0,0
29235,ECG,2076,-80,0,0,0,0,0
29240,ECG,2077,-80,0,0,0,0,0
29240,ECG,2078,-80,0,0,0,0,0
29240,ECG,2079,-80,0,0,0,0,0
29245,ECG,2080,-80,0,0,0,0,0
29245,ECG,2081,-80,0,0,0,0,0
29250,ECG,2082,-80,0,0,0,0,0
29250,ECG,2083,-80,0,0,0,0,0
29250,ECG,2084,-80,0,0,0,0,0
29255,ECG,2085,-80,0,0,0,0,0
29255,ECG,2086,-80,0,0,0,0,0
29260,ECG,2087,-80,0,0,0,0,0
29260,ECG,2088,-80,0,0,0,0,0
29260,ECG,2089,-80,0,0,0,0,0
29265,ECG,2090,-80,0,0,0,0,0
29265,ECG,2091,-80,0,0,0,0,0
29270,ECG,2092,-80,0,0,0,0,0
29270,ECG,2093,-80,0,0,0,0,0
29275,ECG,2094,-80,0,0,0,0,0
29275,ECG,2095,-80,0,0,0,0,0
29280,ECG,2096,-80,0,0,0,0,0
29280,ECG,2097,-80,0,0,0,0,0
29285,ECG,2098,-80,0,0,0,0,0
29285,ECG,2099,-80,0,0,0,0,0
29285,ECG,2100,-80,0,0,0,0,0
29290,ECG,2101,-80,0,0,0,0,0
29290,ECG,2102,-80,0,0,0,0,0
29295,ECG,2103,-80,0,0,0,0,0
29295,ECG,2104,-80,0,0,0,0,0
29295,ECG,2105,-80,0,0,0,0,0
29300,ECG,2106,-80,0,0,0,0,0
29300,ECG,2107,-80,0,0,0,0,0
29305,ECG,2108,-80,0,0,0,0,0
29305,ECG,2109,-80,0,0,0,0,0
29305,ECG,2110,-80,0,0,0,0,0
29310,ECG,2111,-80,0,0,0,0,0
29310,ECG,2112,-80,0,0,0,0,0
29315,ECG,2113,-80,0,0,0,0,0
29315,ECG,2114,-80,0,0,0,0,0
29315,ECG,2115,-80,0,0,0,0,0
29320,ECG,2116,-80,0,0,0,0,0
29320,ECG,2117,-80,0,0,0,0,0
29325,ECG,2118,-80,0,0,0,0,0
29325,ECG,2119,-80,0,0,0,0,0
29330,ECG,2120,-80,0,0,0,0,0
29330,ECG,2121,-80,0,0,0,0,0
29335,ECG,2122,-80,0,0,0,0,0
29335,ECG,2123,-80,0,0,0,0,0
29340,ECG,2124,-80,0,0,0,0,0
29340,ECG,2125,-80,0,0,0,0,0
29340,ECG,2126,-80,0,0,0,0,0
29345,ECG,2127,-80,0,0,0,0,0
29345,ECG,2128,-80,0,0,0,0,0
29350,ECG,2129,-80,0,0,0,0,0
29350,ECG,2130,-80,0,0,0,0,0
29350,ECG,2131,-80,0,0,0,0,0
29355,ECG,2132,-80,0,0,0,0,0
29355,ECG,2133,-80,0,0,0,0,0
29360,ECG,2134,-80,0,0,0,0,0
29360,ECG,2135,-80,0,0,0,0,0
29360,ECG,2136,-80,0,0,0,0,0
29365,ECG,2137,-80,0,0,0,0,0
29365,ECG,2138,-80,0,0,0,0,0
29370,ECG,2139,-80,0,0,0,0,0
29370,ECG,2140,-80,0,0,0,0,0
29375,ECG,2141,-80,0,0,0,0,0
29375,ECG,2142,-80,0,0,0,0,0
29375,ECG,2143,-80,0,0,0,0,0
29380,ECG,2144,-80,0,0,0,0,0
29380,ECG,2145,-80,0,0,0,0,0
29385,ECG,2146,-80,0,0,0,0,0
29385,ECG,2147,-80,0,0,0,0,0
29390,ECG,2148,-80,0,0,0,0,0
29390,ECG,2149,-80,0,0,0,0,0
29395,ECG,2150,-80,0,0,0,0,0
29395,ECG,2151,-80,0,0,0,0,0
29395,ECG,2152,-80,0,0,0,0,0
29400,ECG,2153,-80,0,0,0,0,0
29400,ECG,2154,-80,0,0,0,0,0
29405,ECG,2155,-80,0,0,0,0,0
29405,ECG,2156,-80,0,0,0,0,0
29405,ECG,2157,-80,0,0,0,0,0
29410,ECG,2158,-80,0,0,0,0,0
29410,ECG,2159,-80,0,0,0,0,0
29415,ECG,2160,-80,0,0,0,0,0
29415,ECG,2161,-80,0,0,0,0,0
29415,ECG,2162,-80,0,0,0,0,0
29420,ECG,2163,-80,0,0,0,0,0
29420,ECG,2164,-80,0,0,0,0,0
29425,ECG,2165,-80,0,0,0,0,0
29425,ECG,2166,-80,0,0,0,0,0
29430,ECG,2167,-80,0,0,0,0,0
29430,ECG,2168,-80,0,0,0,0,0
29435,ECG,2169,-80,0,0,0,0,0
29435,ECG,2170,-80,0,0,0,0,0
29440,ECG,2171,-80,0,0,0,0,0
29440,ECG,2172,-80,0,0,0,0,0
29440,ECG,2173,-80,0,0,0,0,0
29445,ECG,2174,-80,0,0,0,0,0
29445,ECG,2175,-80,0,0,0,0,0
29450,ECG,2176,-80,0,0,0,0,0
29450,ECG,2177,-80,0,0,0,0,0
29450,ECG,2178,-80,0,0,0,0,0
29455,ECG,2179,-80,0,0,0,0,0
29455,ECG,2180,-80,0,0,0,0,0
29460,ECG,2181,-80,0,0,0,0,0
29460,ECG,2182,-80,0,0,0,0,0
29460,ECG,2183,-80,0,0,0,0,0
29465,ECG,2184,-80,0,0,0,0,0
29465,ECG,2185,-80,0,0,0,0,0
29470,ECG,2186,-80,0,0,0,0,0
29470,ECG,2187,-80,0,0,0,0,0
29470,ECG,2188,-80,0,0,0,0,0
29475,ECG,2189,-80,0,0,0,0,0
29475,ECG,2190,-80,0,0,0,0,0
29475,ECG,2191,-80,0,0,0,0,0
29480,ECG,2192,-80,0,0,0,0,0
29480,ECG,2193,-80,0,0,0,0,0
29485,ECG,2194,-80,0,0,0,0,0
29485,ECG,2195,-80,0,0,0,0,0
29490,ECG,2196,-80,0,0,0,0,0
29490,ECG,2197,-80,0,0,0,0,0
29495,ECG,2198,-80,0,0,0,0,0
29495,ECG,2199,-80,0,0,0,0,0
29495,ECG,2200,-80,0,0,0,0,0
29500,ECG,2201,-80,0,0,0,0,0
29500,ECG,2202,-80,0,0,0,0,0
29505,ECG,2203,-80,0,0,0,0,0
29505,ECG,2204,-80,0,0,0,0,0
29505,ECG,2205,-80,0,0,0,0,0
29510,ECG,2206,-80,0,0,0,0,0
29510,ECG,2207,-80,0,0,0,0,0
29515,ECG,2208,-80,0,0,0,0,0
29515,ECG,2209,-80,0,0,0,0,0
29515,ECG,2210,-80,0,0,0,0,0
29520,ECG,2211,-80,0,0,0,0,0
29520,ECG,2212,-80,0,0,0,0,0
29525,ECG,2213,-80,0,0,0,0,0
29525,ECG,2214,-80,0,0,0,0,0
29530,ECG,2215,-80,0,0,0,0,0
29530,ECG,2216,-80,0,0,0,0,0
29530,ECG,2217,-80,0,0,0,0,0
29535,ECG,2218,-80,0,0,0,0,0
29535,ECG,2219,-80,0,0,0,0,0
29540,ECG,2220,-80,0,0,0,0,0
29540,ECG,2221,-80,0,0,0,0,0
29545,ECG,2222,-80,0,0,0,0,0
29545,ECG,2223,-80,0,0,0,0,0
29550,ECG,2224,-80,0,0,0,0,0
29550,ECG,2225,-80,0,0,0,0,0
29550,ECG,2226,-80,0,0,0,0,0
29555,ECG,2227,-80,0,0,0,0,0
29555,ECG,2228,-80,0,0,0,0,0
29560,ECG,2229,-80,0,0,0,0,0
29560,ECG,2230,-80,0,0,0,0,0
29560,ECG,2231,-80,0,0,0,0,0
29565,ECG,2232,-80,0,0,0,0,0
29565,ECG,2233,-80,0,0,0,0,0
29570,ECG,2234,-80,0,0,0,0,0
29570,ECG,2235,-80,0,0,0,0,0
29570,ECG,2236,-80,0,0,0,0,0
29575,ECG,2237,-80,0,0,0,0,0
29575,ECG,2238,-80,0,0,0,0,0
29580,ECG,2239,-80,0,0,0,0,0
29580,ECG,2240,-80,0,0,0,0,0
29585,ECG,2241,-80,0,0,0,0,0
29585,ECG,2242,-80,0,0,0,0,0
29590,ECG,2243,-80,0,0,0,0,0
29590,ECG,2244,-80,0,0,0,0,0
29595,ECG,2245,-80,0,0,0,0,0
29595,ECG,2246,-80,0,0,0,0,0
29595,ECG,2247,-80,0,0,0,0,0
29600,ECG,2248,-80,0,0,0,0,0
29600,ECG,2249,-80,0,0,0,0,0
29605,ECG,2250,-80,0,0,0,0,0
29605,ECG,2251,-80,0,0,0,0,0
29605,ECG,2252,-80,0,0,0,0,0
29610,ECG,2253,-80,0,0,0,0,0
29610,ECG,2254,-80,0,0,0,0,0
29615,ECG,2255,-80,0,0,0,0,0
29615,ECG,2256,-80,0,0,0,0,0
29615,ECG,2257,-80,0,0,0,0,0
29620,ECG,2258,-80,0,0,0,0,0
29620,ECG,2259,-80,0,0,0,0,0
29625,ECG,2260,-80,0,0,0,0,0
29625,ECG,2261,-80,0,0,0,0,0
29625,ECG,2262,-80,0,0,0,0,0
29630,ECG,2263,-80,0,0,0,0,0
29630,ECG,2264,-80,0,0,0,0,0
29630,ECG,2265,-80,0,0,0,0,0
29635,ECG,2266,-80,0,0,0,0,0
29635,ECG,2267,-80,0,0,0,0,0
29640,ECG,2268,-80,0,0,0,0,0
29640,ECG,2269,-80,0,0,0,0,0
29645,ECG,2270,-80,0,0,0,0,0
29645,ECG,2271,-80,0,0,0,0,0
29650,ECG,2272,-80,0,0,0,0,0
29650,ECG,2273,-80,0,0,0,0,0
29650,ECG,2274,-80,0,0,0,0,0
29655,ECG,2275,-80,0,0,0,0,0
29655,ECG,2276,-80,0,0,0,0,0
29660,ECG,2277,-80,0,0,0,0,0
29660,ECG,2278,-80,0,0,0,0,0
29660,ECG,2279,-80,0,0,0,0,0
29665,ECG,2280,-80,0,0,0,0,0
29665,ECG,2281,-80,0,0,0,0,0
29670,ECG,2282,-80,0,0,0,0,0
29670,ECG,2283,-80,0,0,0,0,0
29670,ECG,2284,-80,0,0,0,0,0
29675,ECG,2285,-80,0,0,0,0,0
29675,ECG,2286,-80,0,0,0,0,0
29680,ECG,2287,-80,0,0,0,0,0
29680,ECG,2288,-80,0,0,0,0,0
29685,ECG,2289,-80,0,0,0,0,0
29685,ECG,2290,-80,0,0,0,0,0
29690,ECG,2291,-80,0,0,0,0,0
29690,ECG,2292,-80,0,0,0,0,0
29695,ECG,2293,-80,0,0,0,0,0
29695,ECG,2294,-80,0,0,0,0,0
29695,ECG,2295,-80,0,0,0,0,0
29700,ECG,2296,-80,0,0,0,0,0
29700,ECG,2297,-80,0,0,0,0,0
29705,ECG,2298,-80,0,0,0,0,0
29705,ECG,2299,-80,0,0,0,0,0
29705,ECG,2300,-80,0,0,0,0,0
29710,ECG,2301,-80,0,0,0,0,0
29710,ECG,2302,-80,0,0,0,0,0
29715,ECG,2303,-80,0,0,0,0,0
29715,ECG,2304,-80,0,0,0,0,0
29715,ECG,2305,-80,0,0,0,0,0
29720,ECG,2306,-80,0,0,0,0,0
29720,ECG,2307,-80,0,0,0,0,0
29725,ECG,2308,-80,0,0,0,0,0
29725,ECG,2309,-80,0,0,0,0,0
29730,ECG,2310,-80,0,0,0,0,0
29730,ECG,2311,-80,0,0,0,0,0
29735,ECG,2312,-80,0,0,0,0,0
29735,ECG,2313,-80,0,0,0,0,0
29740,ECG,2314,-80,0,0,0,0,0
29740,ECG,2315,-80,0,0,0,0,0
29740,ECG,2316,-80,0,0,0,0,0
29745,ECG,2317,-80,0,0,0,0,0
29745,ECG,2318,-80,0,0,0,0,0
29750,ECG,2319,-80,0,0,0,0,0
29750,ECG,2320,-80,0,0,0,0,0
29750,ECG,2321,-80,0,0,0,0,0
29755,ECG,2322,-80,0,0,0,0,0
29755,ECG,2323,-80,0,0,0,0,0
29760,ECG,2324,-80,0,0,0,0,0
29760,ECG,2325,-80,0,0,0,0,0
29760,ECG,2326,-80,0,0,0,0,0
29765,ECG,2327,-80,0,0,0,0,0
29765,ECG,2328,-80,0,0,0,0,0
29770,ECG,2329,-80,0,0,0,0,0
29770,ECG,2330,-80,0,0,0,0,0
29770,ECG,2331,-80,0,0,0,0,0
29775,ECG,2332,-80,0,0,0,0,0
29775,ECG,2333,-80,0,0,0,0,0
29780,ECG,2334,-80,0,0,0,0,0
29780,ECG,2335,-80,0,0,0,0,0
29785,ECG,2336,-80,0,0,0,0,0
29785,ECG,2337,-80,0,0,0,0,0
29790,ECG,2338,-80,0,0,0,0,0
29790,ECG,2339,-80,0,0,0,0,0
29795,ECG,2340,-80,0,0,0,0,0
29795,ECG,2341,-80,0,0,0,0,0
29795,ECG,2342,-80,0,0,0,0,0
29800,ECG,2343,-80,0,0,0,0,0
29800,ECG,2344,-80,0,0,0,0,0
29805,ECG,2345,-80,0,0,0,0,0
29805,ECG,2346,-80,0,0,0,0,0
29805,ECG,2347,-80,0,0,0,0,0
29810,ECG,2348,-80,0,0,0,0,0
29810,ECG,2349,-80,0,0,0,0,0
29815,ECG,2350,-80,0,0,0,0,0
29815,ECG,2351,-80,0,0,0,0,0
29815,ECG,2352,-80,0,0,0,0,0
29820,ECG,2353,-80,0,0,0,0,0
29820,ECG,2354,-80,0,0,0,0,0
29825,ECG,2355,-80,0,0,0,0,0
29825,ECG,2356,-80,0,0,0,0,0
29830,ECG,2357,-80,0,0,0,0,0
29830,ECG,2358,-80,0,0,0,0,0
29830,ECG,2359,-80,0,0,0,0,0
29835,ECG,2360,-80,0,0,0,0,0
29835,ECG,2361,-80,0,0,0,0,0
29840,ECG,2362,-80,0,0,0,0,0
29840,ECG,2363,-80,0,0,0,0,0
29845,ECG,2364,-80,0,0,0,0,0
29845,ECG,2365,-80,0,0,0,0,0
29850,ECG,2366,-80,0,0,0,0,0
29850,ECG,2367,-80,0,0,0,0,0
29850,ECG,2368,-80,0,0,0,0,0
29855,ECG,2369,-80,0,0,0,0,0
29855,ECG,2370,-80,0,0,0,0,0
29860,ECG,2371,-80,0,0,0,0,0
29860,ECG,2372,-80,0,0,0,0,0
29860,ECG,2373,-80,0,0,0,0,0
29865,ECG,2374,-80,0,0,0,0,0
29865,ECG,2375,-80,0,0,0,0,0
29870,ECG,2376,-80,0,0,0,0,0
29870,ECG,2377,-80,0,0,0,0,0
29870,ECG,2378,-80,0,0,0,0,0
29875,ECG,2379,-80,0,0,0,0,0
29875,ECG,2380,-80,0,0,0,0,0
29880,ECG,2381,-80,0,0,0,0,0
29880,ECG,2382,-80,0,0,0,0,0
29885,ECG,2383,-80,0,0,0,0,0
29885,ECG,2384,-80,0,0,0,0,0
29890,ECG,2385,-80,0,0,0,0,0
29890,ECG,2386,-80,0,0,0,0,0
29895,ECG,2387,-80,0,0,0,0,0
29895,ECG,2388,-80,0,0,0,0,0
29895,ECG,2389,-80,0,0,0,0,0
29900,ECG,2390,-80,0,0,0,0,0
29900,ECG,2391,-80,0,0,0,0,0
29905,ECG,2392,-80,0,0,0,0,0
29905,ECG,2393,-80,0,0,0,0,0
29905,ECG,2394,-80,0,0,0,0,0
29910,ECG,2395,-80,0,0,0,0,0
29910,ECG,2396,-80,0,0,0,0,0
29915,ECG,2397,-80,0,0,0,0,0
29915,ECG,2398,-80,0,0,0,0,0
29915,ECG,2399,-80,0,0,0,0,0
29920,ECG,2400,-80,0,0,0,0,0
29920,ECG,2401,-80,0,0,0,0,0
29925,ECG,2402,-80,0,0,0,0,0
29925,ECG,2403,-80,0,0,0,0,0
29925,ECG,2404,-80,0,0,0,0,0
29930,ECG,2405,-80,0,0,0,0,0
29930,ECG,2406,-80,0,0,0,0,0
29930,ECG,2407,-80,0,0,0,0,0
29935,ECG,2408,-80,0,0,0,0,0
29935,ECG,2409,-80,0,0,0,0,0
29940,ECG,2410,-80,0,0,0,0,0
29940,ECG,2411,-80,0,0,0,0,0
29945,ECG,2412,-80,0,0,0,0,0
29945,ECG,2413,-80,0,0,0,0,0
29950,ECG,2414,-80,0,0,0,0,0
29950,ECG,2415,-80,0,0,0,0,0
29950,ECG,2416,-80,0,0,0,0,0
29955,ECG,2417,-80,0,0,0,0,0
29955,ECG,2418,-80,0,0,0,0,0
29960,ECG,2419,-80,0,0,0,0,0
29960,ECG,2420,-80,0,0,0,0,0
29960,ECG,2421,-80,0,0,0,0,0
29965,ECG,2422,-80,0,0,0,0,0
29965,ECG,2423,-80,0,0,0,0,0
29970,ECG,2424,-80,0,0,0,0,0
29970,ECG,2425,-80,0,0,0,0,0
29970,ECG,2426,-80,0,0,0,0,0
29975,ECG,2427,-80,0,0,0,0,0
29975,ECG,2428,-80,0,0,0,0,0
29980,ECG,2429,-80,0,0,0,0,0
29980,ECG,2430,-80,0,0,0,0,0
29985,ECG,2431,-80,0,0,0,0,0
29985,ECG,2432,-80,0,0,0,0,0
29990,ECG,2433,-80,0,0,0,0,0
29990,ECG,2434,-80,0,0,0,0,0
29995,ECG,2435,-80,0,0,0,0,0
29995,ECG,2436,-80,0,0,0,0,0
29995,ECG,2437,-80,0,0,0,0,0
30000,ECG,2438,-80,0,0,0,0,0
30000,ECG,2439,-80,0,0,0,0,0
30005,ECG,2440,-80,0,0,0,0,0
30005,ECG,2441,-80,0,0,0,0,0
30005,ECG,2442,-80,0,0,0,0,0
30010,ECG,2443,-80,0,0,0,0,0
30010,ECG,2444,-80,0,0,0,0,0
30015,ECG,2445,-80,0,0,0,0,0
30015,ECG,2446,-80,0,0,0,0,0
30015,ECG,2447,-80,0,0,0,0,0
30020,ECG,2448,-80,0,0,0,0,0
30020,ECG,2449,-80,0,0,0,0,0
30025,ECG,2450,-80,0,0,0,0,0
30025,ECG,2451,-80,0,0,0,0,0
30030,ECG,2452,-80,0,0,0,0,0
30030,ECG,2453,-80,0,0,0,0,0
30030,ECG,2454,-80,0,0,0,0,0
30035,ECG,2455,-80,0,0,0,0,0
30035,ECG,2456,-80,0,0,0,0,0
30040,ECG,2457,-80,0,0,0,0,0
30040,ECG,2458,-80,0,0,0,0,0
30040,ECG,2459,-80,0,0,0,0,0
30045,ECG,2460,-80,0,0,0,0,0
30045,ECG,2461,-80,0,0,0,0,0
30050,ECG,2462,-80,0,0,0,0,0
30050,ECG,2463,-80,0,0,0,0,0
30050,ECG,2464,-80,0,0,0,0,0
30055,ECG,2465,-80,0,0,0,0,0
30055,ECG,2466,-80,0,0,0,0,0
30060,ECG,2467,-80,0,0,0,0,0
30060,ECG,2468,-80,0,0,0,0,0
30060,ECG,2469,-80,0,0,0,0,0
30065,ECG,2470,-80,0,0,0,0,0
30065,ECG,2471,-80,0,0,0,0,0
30070,ECG,2472,-80,0,0,0,0,0
30070,ECG,2473,-80,0,0,0,0,0
30070,ECG,2474,-80,0,0,0,0,0
30075,ECG,2475,-80,0,0,0,0,0
30075,ECG,2476,-80,0,0,0,0,0
30080,ECG,2477,-80,0,0,0,0,0
30080,ECG,2478,-80,0,0,0,0,0
30085,ECG,2479,-80,0,0,0,0,0
30085,ECG,2480,-80,0,0,0,0,0
30090,ECG,2481,-80,0,0,0,0,0
30090,ECG,2482,-80,0,0,0,0,0
30095,ECG,2483,-80,0,0,0,0,0
30095,ECG,2484,-80,0,0,0,0,0
30095,ECG,2485,-80,0,0,0,0,0
30100,ECG,2486,-80,0,0,0,0,0
30100,ECG,2487,-80,0,0,0,0,0
30105,ECG,2488,-80,0,0,0,0,0
30105,ECG,2489,-80,0,0,0,0,0
30105,ECG,2490,-80,0,0,0,0,0
30110,ECG,2491,-80,0,0,0,0,0
30110,ECG,2492,-80,0,0,0,0,0
30115,ECG,2493,-80,0,0,0,0,0
30115,ECG,2494,-80,0,0,0,0,0
30115,ECG,2495,-80,0,0,0,0,0
30120,ECG,2496,-80,0,0,0,0,0
30120,ECG,2497,-80,0,0,0,0,0
30125,ECG,2498,-80,0,0,0,0,0
30125,ECG,2499,-80,0,0,0,0,0
30130,ECG,2500,-80,0,0,0,0,0
30130,ECG,2501,-80,0,0,0,0,0
30130,ECG,2502,-80,0,0,0,0,0
30135,ECG,2503,-80,0,0,0,0,0
30135,ECG,2504,-80,0,0,0,0,0
30140,ECG,2505,-80,0,0,0,0,0
30140,ECG,2506,-80,0,0,0,0,0
30140,ECG,2507,-80,0,0,0,0,0
30145,ECG,2508,-80,0,0,0,0,0
30145,ECG,2509,-80,0,0,0,0,0
30150,ECG,2510,-80,0,0,0,0,0
30150,ECG,2511,-80,0,0,0,0,0
30150,ECG,2512,-80,0,0,0,0,0
30155,ECG,2513,-80,0,0,0,0,0
30155,ECG,2514,-80,0,0,0,0,0
30160,ECG,2515,-80,0,0,0,0,0
30160,ECG,2516,-80,0,0,0,0,0
30160,ECG,2517,-80,0,0,0,0,0
30165,ECG,2518,-80,0,0,0,0,0
30165,ECG,2519,-80,0,0,0,0,0
30170,ECG,2520,-80,0,0,0,0,0
30170,ECG,2521,-80,0,0,0,0,0
30170,ECG,2522,-80,0,0,0,0,0
30175,ECG,2523,-80,0,0,0,0,0
30175,ECG,2524,-80,0,0,0,0,0
30180,ECG,2525,-80,0,0,0,0,0
30180,ECG,2526,-80,0,0,0,0,0
30185,ECG,2527,-80,0,0,0,0,0
30185,ECG,2528,-80,0,0,0,0,0
30190,ECG,2529,-80,0,0,0,0,0
30190,ECG,2530,-80,0,0,0,0,0
30195,ECG,2531,-80,0,0,0,0,0
30195,ECG,2532,-80,0,0,0,0,0
30195,ECG,2533,-80,0,0,0,0,0
30200,ECG,2534,-80,0,0,0,0,0
30200,ECG,2535,-80,0,0,0,0,0
30205,ECG,2536,-80,0,0,0,0,0
30205,ECG,2537,-80,0,0,0,0,0
30205,ECG,2538,-80,0,0,0,0,0
30210,ECG,2539,-80,0,0,0,0,0
30210,ECG,2540,-80,0,0,0,0,0
30215,ECG,2541,-80,0,0,0,0,0
30215,ECG,2542,-80,0,0,0,0,0
30215,ECG,2543,-80,0,0,0,0,0
30220,ECG,2544,-80,0,0,0,0,0
30220,ECG,2545,-80,0,0,0,0,0
30225,ECG,2546,-80,0,0,0,0,0
30225,ECG,2547,-80,0,0,0,0,0
30230,ECG,2548,-80,0,0,0,0,0
30230,ECG,2549,-80,0,0,0,0,0
30230,ECG,2550,-80,0,0,0,0,0
30235,ECG,2551,-80,0,0,0,0,0
30235,ECG,2552,-80,0,0,0,0,0
30240,ECG,2553,-80,0,0,0,0,0
30240,ECG,2554,-80,0,0,0,0,0
30240,ECG,2555,-80,0,0,0,0,0
30245,ECG,2556,-80,0,0,0,0,0
30245,ECG,2557,-80,0,0,0,0,0
30250,ECG,2558,-80,0,0,0,0,0
30250,ECG,2559,-80,0,0,0,0,0
30250,ECG,2560,-80,0,0,0,0,0
30255,ECG,2561,-80,0,0,0,0,0
30255,ECG,2562,-80,0,0,0,0,0
30260,ECG,2563,-80,0,0,0,0,0
30260,ECG,2564,-80,0,0,0,0,0
30260,ECG,2565,-80,0,0,0,0,0
30265,ECG,2566,-80,0,0,0,0,0
30265,ECG,2567,-80,0,0,0,0,0
30270,ECG,2568,-80,0,0,0,0,0
30270,ECG,2569,-80,0,0,0,0,0
30275,ECG,2570,-80,0,0,0,0,0
30275,ECG,2571,-80,0,0,0,0,0
30275,ECG,2572,-80,0,0,0,0,0
30280,ECG,2573,-80,0,0,0,0,0
30280,ECG,2574,-80,0,0,0,0,0
30285,ECG,2575,-80,0,0,0,0,0
30285,ECG,2576,-80,0,0,0,0,0
30290,ECG,2577,-80,0,0,0,0,0
30290,ECG,2578,-80,0,0,0,0,0
30295,ECG,2579,-80,0,0,0,0,0
30295,ECG,2580,-80,0,0,0,0,0
30295,ECG,2581,-80,0,0,0,0,0
30300,ECG,2582,-80,0,0,0,0,0
30300,ECG,2583,-80,0,0,0,0,0
30305,ECG,2584,-80,0,0,0,0,0
30305,ECG,2585,-80,0,0,0,0,0
30305,ECG,2586,-80,0,0,0,0,0
30310,ECG,2587,-80,0,0,0,0,0
30310,ECG,2588,-80,0,0,0,0,0
30315,ECG,2589,-80,0,0,0,0,0
30315,ECG,2590,-80,0,0,0,0,0
30315,ECG,2591,-80,0,0,0,0,0
30320,ECG,2592,-80,0,0,0,0,0
30320,ECG,2593,-80,0,0,0,0,0
30325,ECG,2594,-80,0,0,0,0,0
30325,ECG,2595,-80,0,0,0,0,0
30330,ECG,2596,-80,0,0,0,0,0
30330,ECG,2597,-80,0,0,0,0,0
30335,ECG,2598,-80,0,0,0,0,0
30335,ECG,2599,-80,0,0,0,0,0
30340,ECG,2600,-80,0,0,0,0,0
30340,ECG,2601,-80,0,0,0,0,0
30340,ECG,2602,-80,0,0,0,0,0
30345,ECG,2603,-80,0,0,0,0,0
30345,ECG,2604,-80,0,0,0,0,0
30350,ECG,2605,-80,0,0,0,0,0
30350,ECG,2606,-80,0,0,0,0,0
30350,ECG,2607,-80,0,0,0,0,0
30355,ECG,2608,-80,0,0,0,0,0
30355,ECG,2609,-80,0,0,0,0,0
30360,ECG,2610,-80,0,0,0,0,0
30360,ECG,2611,-80,0,0,0,0,0
30360,ECG,2612,-80,0,0,0,0,0
30365,ECG,2613,-80,0,0,0,0,0
30365,ECG,2614,-80,0,0,0,0,0
30370,ECG,2615,-80,0,0,0,0,0
30370,ECG,2616,-80,0,0,0,0,0
30370,ECG,2617,-80,0,0,0,0,0
30375,ECG,2618,-80,0,0,0,0,0
30375,ECG,2619,-80,0,0,0,0,0
30380,ECG,2620,-80,0,0,0,0,0
30380,ECG,2621,-80,0,0,0,0,0
30385,ECG,2622,-80,0,0,0,0,0
30385,ECG,2623,-80,0,0,0,0,0
30390,ECG,2624,-80,0,0,0,0,0
30390,ECG,2625,-80,0,0,0,0,0
30395,ECG,2626,-80,0,0,0,0,0
30395,ECG,2627,-80,0,0,0,0,0
30395,ECG,2628,-80,0,0,0,0,0
30400,ECG,2629,-80,0,0,0,0,0
30400,ECG,2630,-80,0,0,0,0,0
30405,ECG,2631,-80,0,0,0,0,0
30405,ECG,2632,-80,0,0,0,0,0
30405,ECG,2633,-80,0,0,0,0,0
30410,ECG,2634,-80,0,0,0,0,0
30410,ECG,2635,-80,0,0,0,0,0
30415,ECG,2636,-80,0,0,0,0,0
30415,ECG,2637,-80,0,0,0,0,0
30415,ECG,2638,-80,0,0,0,0,0
30420,ECG,2639,-80,0,0,0,0,0
30420,ECG,2640,-80,0,0,0,0,0
30425,ECG,2641,-80,0,0,0,0,0
30425,ECG,2642,-80,0,0,0,0,0
30430,ECG,2643,-80,0,0,0,0,0
30430,ECG,2644,-80,0,0,0,0,0
30430,ECG,2645,-80,0,0,0,0,0
30435,ECG,2646,-80,0,0,0,0,0
30435,ECG,2647,-80,0,0,0,0,0
30440,ECG,2648,-80,0,0,0,0,0
30440,ECG,2649,-80,0,0,0,0,0
30445,ECG,2650,-80,0,0,0,0,0
30445,ECG,2651,-80,0,0,0,0,0
30450,ECG,2652,-80,0,0,0,0,0
30450,ECG,2653,-80,0,0,0,0,0
30450,ECG,2654,-80,0,0,0,0,0
30455,ECG,2655,-80,0,0,0,0,0
30455,ECG,2656,-80,0,0,0,0,0
30460,ECG,2657,-80,0,0,0,0,0
30460,ECG,2658,-80,0,0,0,0,0
30460,ECG,2659,-80,0,0,0,0,0
30465,ECG,2660,-80,0,0,0,0,0
30465,ECG,2661,-80,0,0,0,0,0
30470,ECG,2662,-80,0,0,0,0,0
30470,ECG,2663,-80,0,0,0,0,0
30470,ECG,2664,-80,0,0,0,0,0
30475,ECG,2665,-80,0,0,0,0,0
30475,ECG,2666,-80,0,0,0,0,0
30480,ECG,2667,-80,0,0,0,0,0
30480,ECG,2668,-80,0,0,0,0,0
30485,ECG,2669,-80,0,0,0,0,0
30485,ECG,2670,-80,0,0,0,0,0
30485,ECG,2671,-80,0,0,0,0,0
30490,ECG,2672,-80,0,0,0,0,0
30490,ECG,2673,-80,0,0,0,0,0
30495,ECG,2674,-80,0,0,0,0,0
30495,ECG,2675,-80,0,0,0,0,0
30495,ECG,2676,-80,0,0,0,0,0
30500,ECG,2677,-80,0,0,0,0,0
30500,ECG,2678,-80,0,0,0,0,0
30505,ECG,2679,-80,0,0,0,0,0
30505,ECG,2680,-80,0,0,0,0,0
30505,ECG,2681,-80,0,0,0,0,0
30510,ECG,2682,-80,0,0,0,0,0
30510,ECG,2683,-80,0,0,0,0,0
30515,ECG,2684,-80,0,0,0,0,0
30515,ECG,2685,-80,0,0,0,0,0
30515,ECG,2686,-80,0,0,0,0,0
30520,ECG,2687,-80,0,0,0,0,0
30520,ECG,2688,-80,0,0,0,0,0
30525,ECG,2689,-80,0,0,0,0,0
30525,ECG,2690,-80,0,0,0,0,0
30525,ECG,2691,-80,0,0,0,0,0
30530,ECG,2692,-80,0,0,0,0,0
30530,ECG,2693,-80,0,0,0,0,0
30535,ECG,2694,-80,0,0,0,0,0
30535,ECG,2695,-80,0,0,0,0,0
30540,ECG,2696,-80,0,0,0,0,0
30540,ECG,2697,-80,0,0,0,0,0
30545,ECG,2698,-80,0,0,0,0,0
30545,ECG,2699,-80,0,0,0,0,0
30550,ECG,2700,-80,0,0,0,0,0
30550,ECG,2701,-80,0,0,0,0,0
30550,ECG,2702,-80,0,0,0,0,0
30555,ECG,2703,-80,0,0,0,0,0
30555,ECG,2704,-80,0,0,0,0,0
30560,ECG,2705,-80,0,0,0,0,0
30560,ECG,2706,-80,0,0,0,0,0
30560,ECG,2707,-80,0,0,0,0,0
30565,ECG,2708,-80,0,0,0,0,0
30565,ECG,2709,-80,0,0,0,0,0
30570,ECG,2710,-80,0,0,0,0,0
30570,ECG,2711,-80,0,0,0,0,0
30570,ECG,2712,-80,0,0,0,0,0
30575,ECG,2713,-80,0,0,0,0,0
30575,ECG,2714,-80,0,0,0,0,0
30580,ECG,2715,-80,0,0,0,0,0
30580,ECG,2716,-80,0,0,0,0,0
30585,ECG,2717,-80,0,0,0,0,0
30585,ECG,2718,-80,0,0,0,0,0
30585,ECG,2719,-80,0,0,0,0,0
30590,ECG,2720,-80,0,0,0,0,0
30590,ECG,2721,-80,0,0,0,0,0
30595,ECG,2722,-80,0,0,0,0,0
30595,ECG,2723,-80,0,0,0,0,0
30595,ECG,2724,-80,0,0,0,0,0
30600,ECG,2725,-80,0,0,0,0,0
30600,ECG,2726,-80,0,0,0,0,0
30605,ECG,2727,-80,0,0,0,0,0
30605,ECG,2728,-80,0,0,0,0,0
30605,ECG,2729,-80,0,0,0,0,0
30610,ECG,2730,-80,0,0,0,0,0
30610,ECG,2731,-80,0,0,0,0,0
30615,ECG,2732,-80,0,0,0,0,0
30615,ECG,2733,-80,0,0,0,0,0
30615,ECG,2734,-80,0,0,0,0,0
30620,ECG,2735,-80,0,0,0,0,0
30620,ECG,2736,-80,0,0,0,0,0
30625,ECG,2737,-80,0,0,0,0,0
30625,ECG,2738,-80,0,0,0,0,0
30625,ECG,2739,-80,0,0,0,0,0
30630,ECG,2740,-80,0,0,0,0,0
30630,ECG,2741,-80,0,0,0,0,0
30635,ECG,2742,-80,0,0,0,0,0
30635,ECG,2743,-80,0,0,0,0,0
30640,ECG,2744,-80,0,0,0,0,0
30640,ECG,2745,-80,0,0,0,0,0
30645,ECG,2746,-80,0,0,0,0,0
30645,ECG,2747,-80,0,0,0,0,0
30650,ECG,2748,-80,0,0,0,0,0
30650,ECG,2749,-80,0,0,0,0,0
30650,ECG,2750,-80,0,0,0,0,0
30655,ECG,2751,-80,0,0,0,0,0
30655,ECG,2752,-80,0,0,0,0,0
30660,ECG,2753,-80,0,0,0,0,0
30660,ECG,2754,-80,0,0,0,0,0
30660,ECG,2755,-80,0,0,0,0,0
30665,ECG,2756,-80,0,0,0,0,0
30665,ECG,2757,-80,0,0,0,0,0
30670,ECG,2758,-80,0,0,0,0,0
30670,ECG,2759,-80,0,0,0,0,0
30670,ECG,2760,-80,0,0,0,0,0
30675,ECG,2761,-80,0,0,0,0,0
30675,ECG,2762,-80,0,0,0,0,0
30680,ECG,2763,-80,0,0,0,0,0
30680,ECG,2764,-80,0,0,0,0,0
30685,ECG,2765,-80,0,0,0,0,0
30685,ECG,2766,-80,0,0,0,0,0
30685,ECG,2767,-80,0,0,0,0,0
30690,ECG,2768,-80,0,0,0,0,0
30690,ECG,2769,-80,0,0,0,0,0
30695,ECG,2770,-80,0,0,0,0,0
30695,ECG,2771,-80,0,0,0,0,0
30695,ECG,2772,-80,0,0,0,0,0
30700,ECG,2773,-80,0,0,0,0,0
30700,ECG,2774,-80,0,0,0,0,0
30705,ECG,2775,-80,0,0,0,0,0
30705,ECG,2776,-80,0,0,0,0,0
30705,ECG,2777,-80,0,0,0,0,0
30710,ECG,2778,-80,0,0,0,0,0
30710,ECG,2779,-80,0,0,0,0,0
30715,ECG,2780,-80,0,0,0,0,0
30715,ECG,2781,-80,0,0,0,0,0
30715,ECG,2782,-80,0,0,0,0,0
30720,ECG,2783,-80,0,0,0,0,0
30720,ECG,2784,-80,0,0,0,0,0
30725,ECG,2785,-80,0,0,0,0,0
30725,ECG,2786,-80,0,0,0,0,0
30725,ECG,2787,-80,0,0,0,0,0
30730,ECG,2788,-80,0,0,0,0,0
30730,ECG,2789,-80,0,0,0,0,0
30735,ECG,2790,-80,0,0,0,0,0
30735,ECG,2791,-80,0,0,0,0,0
30740,ECG,2792,-80,0,0,0,0,0
30740,ECG,2793,-80,0,0,0,0,0
30745,ECG,2794,-80,0,0,0,0,0
30745,ECG,2795,-80,0,0,0,0,0
30750,ECG,2796,-80,0,0,0,0,0
30750,ECG,2797,-80,0,0,0,0,0
30750,ECG,2798,-80,0,0,0,0,0
30755,ECG,2799,-80,0,0,0,0,0
30755,ECG,2800,-80,0,0,0,0,0
30760,ECG,2801,-80,0,0,0,0,0
30760,ECG,2802,-80,0,0,0,0,0
30760,ECG,2803,-80,0,0,0,0,0
30765,ECG,2804,-80,0,0,0,0,0
30765,ECG,2805,-80,0,0,0,0,0
30770,ECG,2806,-80,0,0,0,0,0
30770,ECG,2807,-80,0,0,0,0,0
30770,ECG,2808,-80,0,0,0,0,0
30775,ECG,2809,-80,0,0,0,0,0
30775,ECG,2810,-80,0,0,0,0,0
30780,ECG,2811,-80,0,0,0,0,0
30780,ECG,2812,-80,0,0,0,0,0
30785,ECG,2813,-80,0,0,0,0,0
30785,ECG,2814,-80,0,0,0,0,0
30785,ECG,2815,-80,0,0,0,0,0
30790,ECG,2816,-80,0,0,0,0,0
30790,ECG,2817,-80,0,0,0,0,0
30795,ECG,2818,-80,0,0,0,0,0
30795,ECG,2819,-80,0,0,0,0,0
30795,ECG,2820,-80,0,0,0,0,0
30800,ECG,2821,-80,0,0,0,0,0
30800,ECG,2822,-80,0,0,0,0,0
30805,ECG,2823,-80,0,0,0,0,0
30805,ECG,2824,-80,0,0,0,0,0
30805,ECG,2825,-80,0,0,0,0,0
30810,ECG,2826,-80,0,0,0,0,0
30810,ECG,2827,-80,0,0,0,0,0
30815,ECG,2828,-80,0,0,0,0,0
30815,ECG,2829,-80,0,0,0,0,0
30815,ECG,2830,-80,0,0,0,0,0
30820,ECG,2831,-80,0,0,0,0,0
30820,ECG,2832,-80,0,0,0,0,0
30825,ECG,2833,-80,0,0,0,0,0
30825,ECG,2834,-80,0,0,0,0,0
30825,ECG,2835,-80,0,0,0,0,0
30830,ECG,2836,-80,0,0,0,0,0
30830,ECG,2837,-80,0,0,0,0,0
30835,ECG,2838,-80,0,0,0,0,0
30835,ECG,2839,-80,0,0,0,0,0
30840,ECG,2840,-80,0,0,0,0,0
30840,ECG,2841,-80,0,0,0,0,0
30845,ECG,2842,-80,0,0,0,0,0
30845,ECG,2843,-80,0,0,0,0,0
30850,ECG,2844,-80,0,0,0,0,0
30850,ECG,2845,-80,0,0,0,0,0
30850,ECG,2846,-80,0,0,0,0,0
30855,ECG,2847,-80,0,0,0,0,0
30855,ECG,2848,-80,0,0,0,0,0
30860,ECG,2849,-80,0,0,0,0,0
30860,ECG,2850,-80,0,0,0,0,0
30860,ECG,2851,-80,0,0,0,0,0
30865,ECG,2852,-80,0,0,0,0,0
30865,ECG,2853,-80,0,0,0,0,0
30870,ECG,2854,-80,0,0,0,0,0
30870,ECG,2855,-80,0,0,0,0,0
30870,ECG,2856,-80,0,0,0,0,0
30875,ECG,2857,-80,0,0,0,0,0
30875,ECG,2858,-80,0,0,0,0,0
30880,ECG,2859,-80,0,0,0,0,0
30880,ECG,2860,-80,0,0,0,0,0
30885,ECG,2861,-80,0,0,0,0,0
30885,ECG,2862,-80,0,0,0,0,0
30885,ECG,2863,-80,0,0,0,0,0
30890,ECG,2864,-80,0,0,0,0,0
30890,ECG,2865,-80,0,0,0,0,0
30895,ECG,2866,-80,0,0,0,0,0
30895,ECG,2867,-80,0,0,0,0,0
30895,ECG,2868,-80,0,0,0,0,0
30900,ECG,2869,-80,0,0,0,0,0
30900,ECG,2870,-80,0,0,0,0,0
30905,ECG,2871,-80,0,0,0,0,0
30905,ECG,2872,-80,0,0,0,0,0
30905,ECG,2873,-80,0,0,0,0,0
30910,ECG,2874,-80,0,0,0,0,0
30910,ECG,2875,-80,0,0,0,0,0
30915,ECG,2876,-80,0,0,0,0,0
30915,ECG,2877,-80,0,0,0,0,0
30915,ECG,2878,-80,0,0,0,0,0
30920,ECG,2879,-80,0,0,0,0,0
30920,ECG,2880,-80,0,0,0,0,0
30925,ECG,2881,-80,0,0,0,0,0
30925,ECG,2882,-80,0,0,0,0,0
30925,ECG,2883,-80,0,0,0,0,0
30930,ECG,2884,-80,0,0,0,0,0
30930,ECG,2885,-80,0,0,0,0,0
30935,ECG,2886,-80,0,0,0,0,0
30935,ECG,2887,-80,0,0,0,0,0
30940,ECG,2888,-80,0,0,0,0,0
30940,ECG,2889,-80,0,0,0,0,0
30945,ECG,2890,-80,0,0,0,0,0
30945,ECG,2891,-80,0,0,0,0,0
30950,ECG,2892,-80,0,0,0,0,0
30950,ECG,2893,-80,0,0,0,0,0
30950,ECG,2894,-80,0,0,0,0,0
30955,ECG,2895,-80,0,0,0,0,0
30955,ECG,2896,-80,0,0,0,0,0
30960,ECG,2897,-80,0,0,0,0,0
30960,ECG,2898,-80,0,0,0,0,0
30960,ECG,2899,-80,0,0,0,0,0
30965,ECG,2900,-80,0,0,0,0,0
30965,ECG,2901,-80,0,0,0,0,0
30970,ECG,2902,-80,0,0,0,0,0
30970,ECG,2903,-80,0,0,0,0,0
30970,ECG,2904,-80,0,0,0,0,0
30975,ECG,2905,-80,0,0,0,0,0
30975,ECG,2906,-80,0,0,0,0,0
30980,ECG,2907,-80,0,0,0,0,0
30980,ECG,2908,-80,0,0,0,0,0
30985,ECG,2909,-80,0,0,0,0,0
30985,ECG,2910,-80,0,0,0,0,0
30985,ECG,2911,-80,0,0,0,0,0
30990,ECG,2912,-80,0,0,0,0,0
30990,ECG,2913,-80,0,0,0,0,0
30995,ECG,2914,-80,0,0,0,0,0
30995,ECG,2915,-80,0,0,0,0,0
31000,ECG,2916,-80,0,0,0,0,0
31000,ECG,2917,-80,0,0,0,0,0
31005,ECG,2918,-80,0,0,0,0,0
31005,ECG,2919,-80,0,0,0,0,0
31005,ECG,2920,-80,0,0,0,0,0
31010,ECG,2921,-80,0,0,0,0,0
31010,ECG,2922,-80,0,0,0,0,0
31015,ECG,2923,-80,0,0,0,0,0
31015,ECG,2924,-80,0,0,0,0,0
31015,ECG,2925,-80,0,0,0,0,0
31020,ECG,2926,-80,0,0,0,0,0
31020,ECG,2927,-80,0,0,0,0,0
31025,ECG,2928,-80,0,0,0,0,0
31025,ECG,2929,-80,0,0,0,0,0
31025,ECG,2930,-80,0,0,0,0,0
31030,ECG,2931,-80,0,0,0,0,0
31030,ECG,2932,-80,0,0,0,0,0
31035,ECG,2933,-80,0,0,0,0,0
31035,ECG,2934,-80,0,0,0,0,0
31040,ECG,2935,-80,0,0,0,0,0
31040,ECG,2936,-80,0,0,0,0,0
31045,ECG,2937,-80,0,0,0,0,0
31045,ECG,2938,-80,0,0,0,0,0
31050,ECG,2939,-80,0,0,0,0,0
31050,ECG,2940,-80,0,0,0,0,0
31050,ECG,2941,-80,0,0,0,0,0
31055,ECG,2942,-80,0,0,0,0,0
31055,ECG,2943,-80,0,0,0,0,0
31060,ECG,2944,-80,0,0,0,0,0
31060,ECG,2945,-80,0,0,0,0,0
31060,ECG,2946,-80,0,0,0,0,0
31065,ECG,2947,-80,0,0,0,0,0
31065,ECG,2948,-80,0,0,0,0,0
31070,ECG,2949,-80,0,0,0,0,0
31070,ECG,2950,-80,0,0,0,0,0
31070,ECG,2951,-80,0,0,0,0,0
31075,ECG,2952,-80,0,0,0,0,0
31075,ECG,2953,-80,0,0,0,0,0
31080,ECG,2954,-80,0,0,0,0,0
31080,ECG,2955,-80,0,0,0,0,0
31085,ECG,2956,-80,0,0,0,0,0
31085,ECG,2957,-80,0,0,0,0,0
31085,ECG,2958,-80,0,0,0,0,0
31090,ECG,2959,-80,0,0,0,0,0
31090,ECG,2960,-80,0,0,0,0,0
31095,ECG,2961,-80,0,0,0,0,0
31095,ECG,2962,-80,0,0,0,0,0
31100,ECG,2963,-80,0,0,0,0,0
31100,ECG,2964,-80,0,0,0,0,0
31105,ECG,2965,-80,0,0,0,0,0
31105,ECG,2966,-80,0,0,0,0,0
31105,ECG,2967,-80,0,0,0,0,0
31110,ECG,2968,-80,0,0,0,0,0
31110,ECG,2969,-80,0,0,0,0,0
31115,ECG,2970,-80,0,0,0,0,0
31115,ECG,2971,-80,0,0,0,0,0
31115,ECG,2972,-80,0,0,0,0,0
31120,ECG,2973,-80,0,0,0,0,0
31120,ECG,2974,-80,0,0,0,0,0
31125,ECG,2975,-80,0,0,0,0,0
31125,ECG,2976,-80,0,0,0,0,0
31125,ECG,2977,-80,0,0,0,0,0
31130,ECG,2978,-80,0,0,0,0,0
31130,ECG,2979,-80,0,0,0,0,0
31135,ECG,2980,-80,0,0,0,0,0
31135,ECG,2981,-80,0,0,0,0,0
31140,ECG,2982,-80,0,0,0,0,0
31140,ECG,2983,-80,0,0,0,0,0
31145,ECG,2984,-80,0,0,0,0,0
31145,ECG,2985,-80,0,0,0,0,0
31150,ECG,2986,-80,0,0,0,0,0
31150,ECG,2987,-80,0,0,0,0,0
31150,ECG,2988,-80,0,0,0,0,0
31155,ECG,2989,-80,0,0,0,0,0
31155,ECG,2990,-80,0,0,0,0,0
31160,ECG,2991,-80,0,0,0,0,0
31160,ECG,2992,-80,0,0,0,0,0
31160,ECG,2993,-80,0,0,0,0,0
31165,ECG,2994,-80,0,0,0,0,0
31165,ECG,2995,-80,0,0,0,0,0
31170,ECG,2996,-80,0,0,0,0,0
31170,ECG,2997,-80,0,0,0,0,0
31170,ECG,2998,-80,0,0,0,0,0
31175,ECG,2999,-80,0,0,0,0,0
31175,ECG,3000,-80,0,0,0,0,0
31180,ECG,3001,-80,0,0,0,0,0
31180,ECG,3002,-80,0,0,0,0,0
31185,ECG,3003,-80,0,0,0,0,0
31185,ECG,3004,-80,0,0,0,0,0
31185,ECG,3005,-80,0,0,0,0,0
31190,ECG,3006,-80,0,0,0,0,0
31190,ECG,3007,-80,0,0,0,0,0
31195,ECG,3008,-80,0,0,0,0,0
31195,ECG,3009,-80,0,0,0,0,0
31195,ECG,3010,-80,0,0,0,0,0
31200,ECG,3011,-80,0,0,0,0,0
31200,ECG,3012,-80,0,0,0,0,0
31205,ECG,3013,-80,0,0,0,0,0
31205,ECG,3014,-80,0,0,0,0,0
31205,ECG,3015,-80,0,0,0,0,0
31210,ECG,3016,-80,0,0,0,0,0
31210,ECG,3017,-80,0,0,0,0,0
31215,ECG,3018,-80,0,0,0,0,0
31215,ECG,3019,-80,0,0,0,0,0
31215,ECG,3020,-80,0,0,0,0,0
31220,ECG,3021,-80,0,0,0,0,0
31220,ECG,3022,-80,0,0,0,0,0
31225,ECG,3023,-80,0,0,0,0,0
31225,ECG,3024,-80,0,0,0,0,0
31225,ECG,3025,-80,0,0,0,0,0
31230,ECG,3026,-80,0,0,0,0,0
31230,ECG,3027,-80,0,0,0,0,0
31235,ECG,3028,-80,0,0,0,0,0
31235,ECG,3029,-80,0,0,0,0,0
31240,ECG,3030,-80,0,0,0,0,0
31240,ECG,3031,-80,0,0,0,0,0
31245,ECG,3032,-80,0,0,0,0,0
31245,ECG,3033,-80,0,0,0,0,0
31250,ECG,3034,-80,0,0,0,0,0
31250,ECG,3035,-80,0,0,0,0,0
31250,ECG,3036,-80,0,0,0,0,0
31255,ECG,3037,-80,0,0,0,0,0
31255,ECG,3038,-80,0,0,0,0,0
31260,ECG,3039,-80,0,0,0,0,0
31260,ECG,3040,-80,0,0,0,0,0
31260,ECG,3041,-80,0,0,0,0,0
31265,ECG,3042,-80,0,0,0,0,0
31265,ECG,3043,-80,0,0,0,0,0
31270,ECG,3044,-80,0,0,0,0,0
31270,ECG,3045,-80,0,0,0,0,0
31270,ECG,3046,-80,0,0,0,0,0
31275,ECG,3047,-80,0,0,0,0,0
31275,ECG,3048,-80,0,0,0,0,0
31280,ECG,3049,-80,0,0,0,0,0
31280,ECG,3050,-80,0,0,0,0,0
31285,ECG,3051,-80,0,0,0,0,0
31285,ECG,3052,-80,0,0,0,0,0
31290,ECG,3053,-80,0,0,0,0,0
31290,ECG,3054,-80,0,0,0,0,0
31295,ECG,3055,-80,0,0,0,0,0
31295,ECG,3056,-80,0,0,0,0,0
31300,ECG,3057,-80,0,0,0,0,0
31300,ECG,3058,-80,0,0,0,0,0
31305,ECG,3059,-80,0,0,0,0,0
31305,ECG,3060,-80,0,0,0,0,0
31305,ECG,3061,-80,0,0,0,0,0
31310,ECG,3062,-80,0,0,0,0,0
31310,ECG,3063,-80,0,0,0,0,0
31315,ECG,3064,-80,0,0,0,0,0
31315,ECG,3065,-80,0,0,0,0,0
31315,ECG,3066,-80,0,0,0,0,0
31320,ECG,3067,-80,0,0,0,0,0
31320,ECG,3068,-80,0,0,0,0,0
31325,ECG,3069,-80,0,0,0,0,0
31325,ECG,3070,-80,0,0,0,0,0
31325,ECG,3071,-80,0,0,0,0,0
27813,IMU,208,1492,-40,8376,-83,57,41
27832,IMU,209,1544,4,8412,-88,69,43
27851,IMU,210,1464,-48,8348,-82,66,45
27870,IMU,211,1552,-76,8412,-88,64,52
27889,IMU,212,1616,-12,8392,-86,56,49
27908,IMU,213,1636,-52,8344,-90,55,47
27927,IMU,214,1528,-72,8420,-84,71,54
27946,IMU,215,1504,-76,8368,-88,61,44
27966,IMU,216,1460,-8,8292,-77,78,46
27984,IMU,217,1528,-80,8344,-91,61,24
28004,IMU,218,1504,-52,8368,-79,50,34
28023,IMU,219,1480,-20,8384,-76,53,49
28042,IMU,220,1448,60,8344,-97,54,45
28061,IMU,221,1520,-60,8448,-81,86,40
28080,IMU,222,1528,-24,8212,-73,57,54
28099,IMU,223,1524,-28,8408,-68,59,47
28118,IMU,224,1656,-40,8300,-90,64,34
28137,IMU,225,1512,-104,8384,-80,59,46
28156,IMU,226,1464,-16,8416,-72,46,33
28176,IMU,227,1496,-44,8312,-103,64,49
28194,IMU,228,1604,-68,8400,-85,56,50
28214,IMU,229,1628,-80,8372,-77,50,27
28233,IMU,230,1464,-40,8340,-94,61,36
28252,IMU,231,1512,-36,8348,-87,68,42
28271,IMU,232,1580,-88,8280,-83,50,51
28289,IMU,233,1448,-128,8412,-73,58,41
28309,IMU,234,1556,-104,8308,-86,49,41
28328,IMU,235,1632,40,8340,-87,59,36
28347,IMU,236,1452,40,8360,-81,66,51
28366,IMU,237,1516,20,8424,-86,62,37
28385,IMU,238,1544,64,8416,-86,65,43
28404,IMU,239,1540,-56,8332,-87,76,27
28424,IMU,240,1600,20,8384,-84,61,50
28443,IMU,241,1444,-20,8336,-88,67,54
28462,IMU,242,1544,-28,8424,-60,62,38
28481,IMU,243,1532,-36,8372,-70,81,37
28499,IMU,244,1520,4,8372,-95,76,53
28519,IMU,245,1536,4,8376,-63,61,46
28538,IMU,246,1532,-48,8452,-78,49,51
28557,IMU,247,1504,4,8360,-86,59,43
28576,IMU,248,1556,-128,8456,-71,54,28
28595,IMU,249,1524,-28,8380,-74,35,35
28614,IMU,250,1488,-64,8376,-78,45,54
28634,IMU,251,1440,-44,8344,-66,71,41
28652,IMU,252,1512,-68,8476,-78,65,39
28672,IMU,253,1468,-20,8424,-81,61,48
28691,IMU,254,1548,-84,8324,-96,52,58
28709,IMU,255,1484,-32,8400,-83,70,36
28729,IMU,256,1524,-72,8408,-80,53,35
28748,IMU,257,1564,-4,8432,-89,50,49
28767,IMU,258,1464,-84,8344,-79,67,22
28787,IMU,259,1484,-56,8340,-95,59,31
28805,IMU,260,1540,-64,8408,-112,59,38
28824,IMU,261,1424,56,8440,-86,69,51
28843,IMU,262,1440,4,8340,-76,59,40
28862,IMU,263,1488,-4,8412,-82,58,45
28881,IMU,264,1460,-92,8368,-71,50,31
28901,IMU,265,1520,16,8408,-76,48,46
28919,IMU,266,1412,-56,8368,-93,71,45
28939,IMU,267,1504,24,8396,-87,73,40
28958,IMU,268,1544,4,8372,-80,64,52
28977,IMU,269,1484,-104,8396,-84,52,49
28996,IMU,270,1532,-16,8436,-90,48,47
29015,IMU,271,1568,-64,8400,-88,63,40
29034,IMU,272,1552,-36,8352,-82,56,50
29053,IMU,273,1504,-48,8332,-105,55,36
29072,IMU,274,1628,-64,8360,-83,57,36
29091,IMU,275,1488,-44,8336,-74,51,30
29111,IMU,276,1412,-4,8472,-84,67,49
29129,IMU,277,1432,28,8360,-82,51,55
29149,IMU,278,1524,-40,8400,-107,56,47
29168,IMU,279,1508,0,8272,-83,66,54
29187,IMU,280,1572,48,8340,-100,50,67
29206,IMU,281,1584,48,8380,-89,86,34
29225,IMU,282,1520,-12,8380,-83,78,34
29244,IMU,283,1488,-8,8340,-87,47,30
29264,IMU,284,1504,-128,8368,-97,66,49
29282,IMU,285,1456,48,8336,-71,60,39
29301,IMU,286,1432,-100,8388,-82,49,28
29320,IMU,287,1584,0,8356,-82,53,48
29339,IMU,288,1544,84,8368,-78,59,48
29359,IMU,289,1516,8,8388,-73,76,42
29378,IMU,290,1608,-52,8372,-83,54,49
29397,IMU,291,1568,68,8392,-88,60,53
29416,IMU,292,1552,-40,8420,-79,56,60
29434,IMU,293,1436,-24,8300,-77,56,39
29454,IMU,294,1528,-40,8340,-83,59,58
29473,IMU,295,1560,0,8344,-89,40,40
29492,IMU,296,1524,-100,8388,-81,45,31
29511,IMU,297,1620,4,8384,-101,54,25
29531,IMU,298,1496,-28,8516,-81,74,46
29549,IMU,299,1516,-28,8444,-89,55,50
29568,IMU,300,1564,-56,8492,-84,62,31
29588,IMU,301,1576,-4,8412,-87,71,36
29607,IMU,302,1460,0,8444,-101,54,42
29626,IMU,303,1568,-128,8468,-85,51,51
29644,IMU,304,1436,-32,8384,-101,47,45
29664,IMU,305,1520,-28,8316,-72,72,47
29683,IMU,306,1564,-80,8408,-86,55,44
29702,IMU,307,1604,-28,8388,-77,67,58
29721,IMU,308,1484,48,8376,-82,43,44
29740,IMU,309,1384,-84,8340,-93,68,47
29759,IMU,310,1600,-12,8340,-83,68,37
29778,IMU,311,1576,-92,8400,-91,72,40
29797,IMU,312,1516,20,8388,-91,50,33
29817,IMU,313,1552,12,8324,-90,75,39
29836,IMU,314,1580,4,8404,-81,52,43
29854,IMU,315,1448,-40,8484,-100,73,53
29874,IMU,316,1484,-72,8384,-89,57,46
29893,IMU,317,1588,-68,8360,-80,63,54
29912,IMU,318,1536,-68,8372,-88,61,33
29931,IMU,319,1492,4,8276,-83,58,34
29950,IMU,320,1528,36,8492,-85,59,35
29969,IMU,321,1572,-4,8328,-82,75,53
29989,IMU,322,1548,-16,8400,-78,61,50
30007,IMU,323,1512,36,8408,-77,57,41
30026,IMU,324,1572,-160,8284,-94,56,23
30046,IMU,325,1396,-4,8372,-80,63,55
30064,IMU,326,1492,-60,8336,-97,58,60
30084,IMU,327,1520,-112,8352,-76,67,29
30103,IMU,328,1596,16,8348,-85,70,43
30122,IMU,329,1560,56,8424,-81,57,30
30141,IMU,330,1488,-124,8380,-102,61,49
30160,IMU,331,1508,-12,8448,-88,67,27
30179,IMU,332,1468,-88,8420,-67,45,40
30198,IMU,333,1380,-8,8316,-73,62,41
30217,IMU,334,1460,-44,8396,-90,65,41
30236,IMU,335,1504,-48,8376,-80,73,37
30256,IMU,336,1528,-52,8448,-88,65,47
30274,IMU,337,1464,-44,8380,-76,59,35
30294,IMU,338,1588,16,8408,-77,44,53
30313,IMU,339,1480,4,8360,-82,74,47
30332,IMU,340,1544,-56,8352,-82,65,41
30351,IMU,341,1480,-28,8376,-82,53,39
30372,IMU,342,1584,-44,8456,-92,66,26
30389,IMU,343,1460,24,8440,-92,56,33
30408,IMU,344,1528,36,8360,-69,55,51
30427,IMU,345,1508,-32,8436,-76,62,56
30446,IMU,346,1560,44,8364,-74,69,36
30466,IMU,347,1640,-104,8368,-92,76,49
30484,IMU,348,1492,8,8416,-91,68,57
30504,IMU,349,1520,-52,8328,-78,61,42
30523,IMU,350,1552,-36,8336,-107,52,52
30542,IMU,351,1552,28,8416,-77,54,48
30561,IMU,352,1512,-16,8336,-90,74,46
30579,IMU,353,1448,-12,8332,-77,53,34
30599,IMU,354,1440,-12,8348,-92,70,41
30618,IMU,355,1584,-132,8336,-83,66,48
30637,IMU,356,1464,24,8400,-110,76,50
30656,IMU,357,1480,-48,8492,-76,61,38
30675,IMU,358,1516,-140,8400,-70,54,57
30694,IMU,359,1512,-8,8452,-75,68,43
30714,IMU,360,1548,-64,8352,-95,67,50
30733,IMU,361,1544,-32,8364,-86,60,46
30752,IMU,362,1552,-84,8360,-88,50,53
30771,IMU,363,1460,24,8280,-98,54,48
30789,IMU,364,1516,8,8404,-90,57,55
30809,IMU,365,1604,8,8300,-94,59,56
30828,IMU,366,1504,-44,8300,-82,65,59
30847,IMU,367,1504,-68,8396,-78,59,43
30866,IMU,368,1516,-48,8412,-85,56,41
30886,IMU,369,1564,-48,8392,-74,48,36
30904,IMU,370,1460,-12,8364,-102,64,39
30924,IMU,371,1524,-68,8416,-72,52,37
30943,IMU,372,1544,24,8432,-91,65,48
30962,IMU,373,1560,-32,8396,-98,53,39
30981,IMU,374,1460,-44,8356,-76,49,40
30999,IMU,375,1504,20,8376,-80,44,38
31019,IMU,376,1428,-8,8296,-89,60,55
31038,IMU,377,1528,-12,8452,-85,40,34
31057,IMU,378,1528,-24,8372,-86,57,46
31076,IMU,379,1456,16,8436,-89,45,54
31095,IMU,380,1556,92,8372,-83,52,50
31114,IMU,381,1504,40,8428,-85,53,54
31134,IMU,382,1512,-52,8436,-81,79,45
31153,IMU,383,1496,-92,8348,-82,77,44
31171,IMU,384,1504,-52,8416,-80,52,23
31191,IMU,385,1572,-68,8400,-65,53,42
31209,IMU,386,1472,-24,8376,-92,65,42
31229,IMU,387,1572,-16,8308,-94,56,46
31248,IMU,388,1528,-68,8448,-82,59,31
31267,IMU,389,1588,16,8408,-82,73,52
31286,IMU,390,1536,4,8372,-81,51,47
31305,IMU,391,1532,24,8400,-87,60,34
31324,IMU,392,1544,-140,8400,-93,59,53
31343,IMU,393,1500,-8,8356,-73,75,47
31362,IMU,394,1496,12,8348,-77,58,44
31381,IMU,395,1548,-48,8332,-95,62,47
31401,IMU,396,1464,-36,8304,-68,60,36
31419,IMU,397,1540,-48,8344,-90,61,48
31439,IMU,398,1540,-36,8416,-77,72,44
31458,IMU,399,1548,-12,8344,-96,68,43
31477,IMU,400,1540,-104,8392,-73,69,40
31496,IMU,401,1540,24,8432,-84,58,56
31515,IMU,402,1468,-36,8368,-77,55,46
31534,IMU,403,1560,24,8452,-75,60,40
31553,IMU,404,1564,-64,8412,-75,63,58
31572,IMU,405,1464,20,8252,-80,47,47
31591,IMU,406,1492,32,8340,-93,64,42
31611,IMU,407,1548,4,8344,-87,53,35
31629,IMU,408,1440,20,8364,-74,50,22
31649,IMU,409,1532,-72,8416,-87,50,30
31668,IMU,410,1472,-64,8328,-82,59,41
31687,IMU,411,1504,20,8356,-93,71,34
31706,IMU,412,1484,-32,8336,-96,78,55
31725,IMU,413,1540,-68,8268,-78,64,55
31744,IMU,414,1568,-32,8320,-84,59,54
31763,IMU,415,1560,-32,8388,-91,69,41
31330,ECG,3072,-80,0,0,0,0,0
31330,ECG,3073,-80,0,0,0,0,0
31335,ECG,3074,-80,0,0,0,0,0
31335,ECG,3075,-80,0,0,0,0,0
31340,ECG,3076,-80,0,0,0,0,0
31340,ECG,3077,-80,0,0,0,0,0
31345,ECG,3078,-80,0,0,0,0,0
31345,ECG,3079,-80,0,0,0,0,0
31350,ECG,3080,-80,0,0,0,0,0
31350,ECG,3081,-80,0,0,0,0,0
31350,ECG,3082,-80,0,0,0,0,0
31355,ECG,3083,-80,0,0,0,0,0
31355,ECG,3084,-80,0,0,0,0,0
31360,ECG,3085,-80,0,0,0,0,0
31360,ECG,3086,-80,0,0,0,0,0
31360,ECG,3087,-80,0,0,0,0,0
31365,ECG,3088,-80,0,0,0,0,0
31365,ECG,3089,-80,0,0,0,0,0
31370,ECG,3090,-80,0,0,0,0,0
31370,ECG,3091,-80,0,0,0,0,0
31370,ECG,3092,-80,0,0,0,0,0
31375,ECG,3093,-80,0,0,0,0,0
31375,ECG,3094,-80,0,0,0,0,0
31380,ECG,3095,-81,0,0,0,0,0
31380,ECG,3096,-80,0,0,0,0,0
31385,ECG,3097,-80,0,0,0,0,0
31385,ECG,3098,-82,0,0,0,0,0
31385,ECG,3099,-79,0,0,0,0,0
31390,ECG,3100,-83,0,0,0,0,0
31390,ECG,3101,-81,0,0,0,0,0
31395,ECG,3102,-60,0,0,0,0,0
31395,ECG,3103,-63,0,0,0,0,0
31400,ECG,3104,-118,0,0,0,0,0
31400,ECG,3105,-149,0,0,0,0,0
31405,ECG,3106,-180,0,0,0,0,0
31405,ECG,3107,-194,0,0,0,0,0
31405,ECG,3108,-192,0,0,0,0,0
31410,ECG,3109,-173,0,0,0,0,0
31410,ECG,3110,-141,0,0,0,0,0
31415,ECG,3111,-112,0,0,0,0,0
31415,ECG,3112,-85,0,0,0,0,0
31415,ECG,3113,-56,0,0,0,0,0
31420,ECG,3114,-63,0,0,0,0,0
31420,ECG,3115,-82,0,0,0,0,0
31425,ECG,3116,-79,0,0,0,0,0
31425,ECG,3117,-80,0,0,0,0,0
31425,ECG,3118,-79,0,0,0,0,0
31430,ECG,3119,-81,0,0,0,0,0
31430,ECG,3120,-81,0,0,0,0,0
31435,ECG,3121,-62,0,0,0,0,0
31435,ECG,3122,-93,0,0,0,0,0
31440,ECG,3123,-116,0,0,0,0,0
31440,ECG,3124,-145,0,0,0,0,0
31440,ECG,3125,-173,0,0,0,0,0
31445,ECG,3126,-189,0,0,0,0,0
31445,ECG,3127,-183,0,0,0,0,0
31450,ECG,3128,-168,0,0,0,0,0
31450,ECG,3129,-140,0,0,0,0,0
31455,ECG,3130,-55,0,0,0,0,0
31455,ECG,3131,-67,0,0,0,0,0
31460,ECG,3132,-107,0,0,0,0,0
31460,ECG,3133,-165,0,0,0,0,0
31460,ECG,3134,-202,0,0,0,0,0
31465,ECG,3135,-222,0,0,0,0,0
31465,ECG,3136,-224,0,0,0,0,0
31470,ECG,3137,-202,0,0,0,0,0
31470,ECG,3138,-159,0,0,0,0,0
31470,ECG,3139,-120,0,0,0,0,0
31475,ECG,3140,-88,0,0,0,0,0
31475,ECG,3141,-47,0,0,0,0,0
31480,ECG,3142,-48,0,0,0,0,0
31480,ECG,3143,-79,0,0,0,0,0
31480,ECG,3144,-77,0,0,0,0,0
31485,ECG,3145,-73,0,0,0,0,0
31485,ECG,3146,-77,0,0,0,0,0
31490,ECG,3147,-76,0,0,0,0,0
31490,ECG,3148,-77,0,0,0,0,0
31495,ECG,3149,-77,0,0,0,0,0
31495,ECG,3150,-77,0,0,0,0,0
31500,ECG,3151,-78,0,0,0,0,0
31500,ECG,3152,-78,0,0,0,0,0
31505,ECG,3153,-78,0,0,0,0,0
31505,ECG,3154,-78,0,0,0,0,0
31505,ECG,3155,-79,0,0,0,0,0
31510,ECG,3156,-79,0,0,0,0,0
31510,ECG,3157,-79,0,0,0,0,0
31515,ECG,3158,-79,0,0,0,0,0
31515,ECG,3159,-80,0,0,0,0,0
31515,ECG,3160,-80,0,0,0,0,0
31520,ECG,3161,-80,0,0,0,0,0
31520,ECG,3162,-80,0,0,0,0,0
31525,ECG,3163,-80,0,0,0,0,0
31525,ECG,3164,-80,0,0,0,0,0
31525,ECG,3165,-80,0,0,0,0,0
31530,ECG,3166,-80,0,0,0,0,0
31530,ECG,3167,-80,0,0,0,0,0
31535,ECG,3168,-80,0,0,0,0,0
31535,ECG,3169,-80,0,0,0,0,0
31540,ECG,3170,-80,0,0,0,0,0
31540,ECG,3171,-80,0,0,0,0,0
31540,ECG,3172,-80,0,0,0,0,0
31545,ECG,3173,-80,0,0,0,0,0
31545,ECG,3174,-80,0,0,0,0,0
31550,ECG,3175,-80,0,0,0,0,0
31550,ECG,3176,-80,0,0,0,0,0
31555,ECG,3177,-80,0,0,0,0,0
31555,ECG,3178,-80,0,0,0,0,0
31560,ECG,3179,-80,0,0,0,0,0
31560,ECG,3180,-81,0,0,0,0,0
31560,ECG,3181,-80,0,0,0,0,0
31565,ECG,3182,-81,0,0,0,0,0
31565,ECG,3183,-82,0,0,0,0,0
31570,ECG,3184,-76,0,0,0,0,0
31570,ECG,3185,-88,0,0,0,0,0
31570,ECG,3186,-73,0,0,0,0,0
31575,ECG,3187,-37,0,0,0,0,0
31575,ECG,3188,-62,0,0,0,0,0
31580,ECG,3189,-119,0,0,0,0,0
31580,ECG,3190,-163,0,0,0,0,0
31580,ECG,3191,-223,0,0,0,0,0
31585,ECG,3192,-273,0,0,0,0,0
31585,ECG,3193,-289,0,0,0,0,0
31590,ECG,3194,-233,0,0,0,0,0
31590,ECG,3195,-169,0,0,0,0,0
31595,ECG,3196,-123,0,0,0,0,0
31595,ECG,3197,-70,0,0,0,0,0
31595,ECG,3198,-32,0,0,0,0,0
31600,ECG,3199,-59,0,0,0,0,0
31600,ECG,3200,-85,0,0,0,0,0
31605,ECG,3201,-73,0,0,0,0,0
31605,ECG,3202,-77,0,0,0,0,0
31605,ECG,3203,-79,0,0,0,0,0
31610,ECG,3204,-77,0,0,0,0,0
31610,ECG,3205,-78,0,0,0,0,0
31615,ECG,3206,-78,0,0,0,0,0
31615,ECG,3207,-78,0,0,0,0,0
31615,ECG,3208,-79,0,0,0,0,0
31620,ECG,3209,-79,0,0,0,0,0
31620,ECG,3210,-79,0,0,0,0,0
31625,ECG,3211,-79,0,0,0,0,0
31625,ECG,3212,-81,0,0,0,0,0
31625,ECG,3213,-79,0,0,0,0,0
31630,ECG,3214,-78,0,0,0,0,0
31630,ECG,3215,-85,0,0,0,0,0
31635,ECG,3216,-55,0,0,0,0,0
31635,ECG,3217,-80,0,0,0,0,0
31640,ECG,3218,-107,0,0,0,0,0
31640,ECG,3219,-131,0,0,0,0,0
31640,ECG,3220,-164,0,0,0,0,0
31645,ECG,3221,-184,0,0,0,0,0
31645,ECG,3222,-188,0,0,0,0,0
31650,ECG,3223,-177,0,0,0,0,0
31650,ECG,3224,-149,0,0,0,0,0
31655,ECG,3225,-96,0,0,0,0,0
31655,ECG,3226,-65,0,0,0,0,0
31660,ECG,3227,-54,0,0,0,0,0
31660,ECG,3228,-77,0,0,0,0,0
31660,ECG,3229,-82,0,0,0,0,0
31665,ECG,3230,-76,0,0,0,0,0
31665,ECG,3231,-80,0,0,0,0,0
31670,ECG,3232,-79,0,0,0,0,0
31670,ECG,3233,-79,0,0,0,0,0
31670,ECG,3234,-80,0,0,0,0,0
31675,ECG,3235,-80,0,0,0,0,0
31675,ECG,3236,-80,0,0,0,0,0
31680,ECG,3237,-81,0,0,0,0,0
31680,ECG,3238,-81,0,0,0,0,0
31680,ECG,3239,-79,0,0,0,0,0
31685,ECG,3240,-83,0,0,0,0,0
31685,ECG,3241,-78,0,0,0,0,0
31690,ECG,3242,-89,0,0,0,0,0
31690,ECG,3243,-46,0,0,0,0,0
31695,ECG,3244,-37,0,0,0,0,0
31695,ECG,3245,-93,0,0,0,0,0
31700,ECG,3246,-208,0,0,0,0,0
31700,ECG,3247,-278,0,0,0,0,0
31705,ECG,3248,-317,0,0,0,0,0
31705,ECG,3249,-320,0,0,0,0,0
31705,ECG,3250,-289,0,0,0,0,0
31710,ECG,3251,-222,0,0,0,0,0
31710,ECG,3252,-155,0,0,0,0,0
31715,ECG,3253,-103,0,0,0,0,0
31715,ECG,3254,-36,0,0,0,0,0
31715,ECG,3255,-31,0,0,0,0,0
31720,ECG,3256,-78,0,0,0,0,0
31720,ECG,3257,-80,0,0,0,0,0
31725,ECG,3258,-72,0,0,0,0,0
31725,ECG,3259,-79,0,0,0,0,0
31725,ECG,3260,-77,0,0,0,0,0
31730,ECG,3261,-77,0,0,0,0,0
31730,ECG,3262,-78,0,0,0,0,0
31735,ECG,3263,-78,0,0,0,0,0
31735,ECG,3264,-78,0,0,0,0,0
31735,ECG,3265,-78,0,0,0,0,0
31740,ECG,3266,-78,0,0,0,0,0
31740,ECG,3267,-79,0,0,0,0,0
31745,ECG,3268,-79,0,0,0,0,0
31745,ECG,3269,-79,0,0,0,0,0
31750,ECG,3270,-79,0,0,0,0,0
31750,ECG,3271,-82,0,0,0,0,0
31755,ECG,3272,-69,0,0,0,0,0
31755,ECG,3273,-81,0,0,0,0,0
31760,ECG,3274,-93,0,0,0,0,0
31760,ECG,3275,-103,0,0,0,0,0
31760,ECG,3276,-117,0,0,0,0,0
31765,ECG,3277,-128,0,0,0,0,0
31765,ECG,3278,-123,0,0,0,0,0
31770,ECG,3279,-126,0,0,0,0,0
31770,ECG,3280,-111,0,0,0,0,0
31770,ECG,3281,-49,0,0,0,0,0
31775,ECG,3282,-50,0,0,0,0,0
31775,ECG,3283,-103,0,0,0,0,0
31780,ECG,3284,-148,0,0,0,0,0
31780,ECG,3285,-223,0,0,0,0,0
31780,ECG,3286,-287,0,0,0,0,0
31785,ECG,3287,-313,0,0,0,0,0
31785,ECG,3288,-305,0,0,0,0,0
31790,ECG,3289,-198,0,0,0,0,0
31790,ECG,3290,-115,0,0,0,0,0
31795,ECG,3291,-59,0,0,0,0,0
31795,ECG,3292,-35,0,0,0,0,0
31800,ECG,3293,-155,0,0,0,0,0
31800,ECG,3294,-182,0,0,0,0,0
31805,ECG,3295,-200,0,0,0,0,0
31805,ECG,3296,-199,0,0,0,0,0
31805,ECG,3297,-183,0,0,0,0,0
31810,ECG,3298,-144,0,0,0,0,0
31810,ECG,3299,-83,0,0,0,0,0
31815,ECG,3300,-61,0,0,0,0,0
31815,ECG,3301,-64,0,0,0,0,0
31815,ECG,3302,-95,0,0,0,0,0
31820,ECG,3303,-159,0,0,0,0,0
31820,ECG,3304,-190,0,0,0,0,0
31825,ECG,3305,-206,0,0,0,0,0
31825,ECG,3306,-204,0,0,0,0,0
31825,ECG,3307,-176,0,0,0,0,0
31830,ECG,3308,-147,0,0,0,0,0
31830,ECG,3309,-89,0,0,0,0,0
31835,ECG,3310,-26,0,0,0,0,0
31835,ECG,3311,-33,0,0,0,0,0
31835,ECG,3312,-101,0,0,0,0,0
31840,ECG,3313,-171,0,0,0,0,0
31840,ECG,3314,-229,0,0,0,0,0
31845,ECG,3315,-281,0,0,0,0,0
31845,ECG,3316,-269,0,0,0,0,0
31850,ECG,3317,-217,0,0,0,0,0
31850,ECG,3318,-78,0,0,0,0,0
31855,ECG,3319,-83,0,0,0,0,0
31855,ECG,3320,-146,0,0,0,0,0
31860,ECG,3321,-298,0,0,0,0,0
31860,ECG,3322,-428,0,0,0,0,0
31860,ECG,3323,-475,0,0,0,0,0
31865,ECG,3324,-479,0,0,0,0,0
31865,ECG,3325,-411,0,0,0,0,0
31870,ECG,3326,-296,0,0,0,0,0
31870,ECG,3327,-180,0,0,0,0,0
31870,ECG,3328,-61,0,0,0,0,0
31875,ECG,3329,-11,0,0,0,0,0
31875,ECG,3330,-11,0,0,0,0,0
31880,ECG,3331,-103,0,0,0,0,0
31880,ECG,3332,-130,0,0,0,0,0
31880,ECG,3333,-150,0,0,0,0,0
31885,ECG,3334,-169,0,0,0,0,0
31885,ECG,3335,-150,0,0,0,0,0
31890,ECG,3336,-94,0,0,0,0,0
31890,ECG,3337,-10,0,0,0,0,0
31895,ECG,3338,-18,0,0,0,0,0
31895,ECG,3339,-82,0,0,0,0,0
31895,ECG,3340,-162,0,0,0,0,0
31900,ECG,3341,-265,0,0,0,0,0
31900,ECG,3342,-335,0,0,0,0,0
31905,ECG,3343,-363,0,0,0,0,0
31905,ECG,3344,-348,0,0,0,0,0
31910,ECG,3345,-190,0,0,0,0,0
31910,ECG,3346,-120,0,0,0,0,0
31915,ECG,3347,-43,0,0,0,0,0
31915,ECG,3348,-3,0,0,0,0,0
31915,ECG,3349,-18,0,0,0,0,0
31920,ECG,3350,-60,0,0,0,0,0
31920,ECG,3351,-44,0,0,0,0,0
31925,ECG,3352,-48,0,0,0,0,0
31925,ECG,3353,-50,0,0,0,0,0
31925,ECG,3354,-47,0,0,0,0,0
31930,ECG,3355,-53,0,0,0,0,0
31930,ECG,3356,-33,0,0,0,0,0
31935,ECG,3357,-25,0,0,0,0,0
31935,ECG,3358,-55,0,0,0,0,0
31935,ECG,3359,-84,0,0,0,0,0
31940,ECG,3360,-113,0,0,0,0,0
31940,ECG,3361,-148,0,0,0,0,0
31945,ECG,3362,-168,0,0,0,0,0
31945,ECG,3363,-155,0,0,0,0,0
31950,ECG,3364,-132,0,0,0,0,0
31950,ECG,3365,-56,0,0,0,0,0
31955,ECG,3366,-43,0,0,0,0,0
31955,ECG,3367,-90,0,0,0,0,0
31960,ECG,3368,-171,0,0,0,0,0
31960,ECG,3369,-243,0,0,0,0,0
31960,ECG,3370,-277,0,0,0,0,0
31965,ECG,3371,-283,0,0,0,0,0
31965,ECG,3372,-253,0,0,0,0,0
31970,ECG,3373,-189,0,0,0,0,0
31970,ECG,3374,-122,0,0,0,0,0
31970,ECG,3375,-71,0,0,0,0,0
31975,ECG,3376,-7,0,0,0,0,0
31975,ECG,3377,-1,0,0,0,0,0
31980,ECG,3378,-55,0,0,0,0,0
31980,ECG,3379,-59,0,0,0,0,0
31980,ECG,3380,-55,0,0,0,0,0
31985,ECG,3381,-65,0,0,0,0,0
31985,ECG,3382,-55,0,0,0,0,0
31990,ECG,3383,-48,0,0,0,0,0
31990,ECG,3384,-4,0,0,0,0,0
31995,ECG,3385,-22,0,0,0,0,0
31995,ECG,3386,-82,0,0,0,0,0
31995,ECG,3387,-129,0,0,0,0,0
32000,ECG,3388,-191,0,0,0,0,0
32000,ECG,3389,-245,0,0,0,0,0
32005,ECG,3390,-264,0,0,0,0,0
32005,ECG,3391,-249,0,0,0,0,0
32010,ECG,3392,-133,0,0,0,0,0
32010,ECG,3393,-48,0,0,0,0,0
32015,ECG,3394,-30,0,0,0,0,0
32015,ECG,3395,-33,0,0,0,0,0
32015,ECG,3396,-104,0,0,0,0,0
32020,ECG,3397,-193,0,0,0,0,0
32020,ECG,3398,-225,0,0,0,0,0
32025,ECG,3399,-240,0,0,0,0,0
32025,ECG,3400,-226,0,0,0,0,0
32025,ECG,3401,-184,0,0,0,0,0
32030,ECG,3402,-122,0,0,0,0,0
32030,ECG,3403,-60,0,0,0,0,0
32035,ECG,3404,-16,0,0,0,0,0
32035,ECG,3405,-11,0,0,0,0,0
32035,ECG,3406,-67,0,0,0,0,0
32040,ECG,3407,-114,0,0,0,0,0
32040,ECG,3408,-130,0,0,0,0,0
32045,ECG,3409,-137,0,0,0,0,0
32045,ECG,3410,-125,0,0,0,0,0
32050,ECG,3411,-90,0,0,0,0,0
32050,ECG,3412,-22,0,0,0,0,0
32050,ECG,3413,-14,0,0,0,0,0
32055,ECG,3414,-50,0,0,0,0,0
32055,ECG,3415,-106,0,0,0,0,0
32060,ECG,3416,-183,0,0,0,0,0
32060,ECG,3417,-233,0,0,0,0,0
32065,ECG,3418,-250,0,0,0,0,0
32065,ECG,3419,-210,0,0,0,0,0
32070,ECG,3420,-149,0,0,0,0,0
32070,ECG,3421,-81,0,0,0,0,0
32070,ECG,3422,-22,0,0,0,0,0
32075,ECG,3423,5,0,0,0,0,0
32075,ECG,3424,-40,0,0,0,0,0
32080,ECG,3425,-100,0,0,0,0,0
32080,ECG,3426,-119,0,0,0,0,0
32080,ECG,3427,-139,0,0,0,0,0
32085,ECG,3428,-142,0,0,0,0,0
32085,ECG,3429,-127,0,0,0,0,0
32090,ECG,3430,-111,0,0,0,0,0
32090,ECG,3431,-50,0,0,0,0,0
32090,ECG,3432,-7,0,0,0,0,0
32095,ECG,3433,-29,0,0,0,0,0
32095,ECG,3434,-71,0,0,0,0,0
32095,ECG,3435,-140,0,0,0,0,0
32100,ECG,3436,-202,0,0,0,0,0
32100,ECG,3437,-235,0,0,0,0,0
32105,ECG,3438,-243,0,0,0,0,0
32105,ECG,3439,-217,0,0,0,0,0
32110,ECG,3440,-103,0,0,0,0,0
32110,ECG,3441,-39,0,0,0,0,0
32115,ECG,3442,-2,0,0,0,0,0
32115,ECG,3443,-16,0,0,0,0,0
32115,ECG,3444,-84,0,0,0,0,0
32120,ECG,3445,-122,0,0,0,0,0
32120,ECG,3446,-142,0,0,0,0,0
32125,ECG,3447,-156,0,0,0,0,0
32125,ECG,3448,-141,0,0,0,0,0
32125,ECG,3449,-129,0,0,0,0,0
32130,ECG,3450,-73,0,0,0,0,0
32130,ECG,3451,-6,0,0,0,0,0
32135,ECG,3452,-17,0,0,0,0,0
32135,ECG,3453,-58,0,0,0,0,0
32135,ECG,3454,-128,0,0,0,0,0
32140,ECG,3455,-210,0,0,0,0,0
32140,ECG,3456,-256,0,0,0,0,0
32145,ECG,3457,-257,0,0,0,0,0
32145,ECG,3458,-206,0,0,0,0,0
32150,ECG,3459,-131,0,0,0,0,0
32150,ECG,3460,-70,0,0,0,0,0
32150,ECG,3461,-16,0,0,0,0,0
32155,ECG,3462,9,0,0,0,0,0
32155,ECG,3463,-42,0,0,0,0,0
32160,ECG,3464,-81,0,0,0,0,0
32160,ECG,3465,-82,0,0,0,0,0
32160,ECG,3466,-91,0,0,0,0,0
32165,ECG,3467,-85,0,0,0,0,0
32165,ECG,3468,-80,0,0,0,0,0
32170,ECG,3469,-52,0,0,0,0,0
32170,ECG,3470,-12,0,0,0,0,0
32170,ECG,3471,-25,0,0,0,0,0
32175,ECG,3472,-54,0,0,0,0,0
32175,ECG,3473,-94,0,0,0,0,0
32180,ECG,3474,-145,0,0,0,0,0
32180,ECG,3475,-174,0,0,0,0,0
32180,ECG,3476,-186,0,0,0,0,0
32185,ECG,3477,-175,0,0,0,0,0
32185,ECG,3478,-142,0,0,0,0,0
32190,ECG,3479,-99,0,0,0,0,0
32190,ECG,3480,-55,0,0,0,0,0
32190,ECG,3481,-14,0,0,0,0,0
32195,ECG,3482,-5,0,0,0,0,0
32195,ECG,3483,-47,0,0,0,0,0
32200,ECG,3484,-91,0,0,0,0,0
32200,ECG,3485,-106,0,0,0,0,0
32205,ECG,3486,-101,0,0,0,0,0
32205,ECG,3487,-98,0,0,0,0,0
32210,ECG,3488,-13,0,0,0,0,0
32210,ECG,3489,-12,0,0,0,0,0
32215,ECG,3490,-55,0,0,0,0,0
32215,ECG,3491,-100,0,0,0,0,0
32215,ECG,3492,-173,0,0,0,0,0
32220,ECG,3493,-229,0,0,0,0,0
32220,ECG,3494,-251,0,0,0,0,0
32225,ECG,3495,-247,0,0,0,0,0
32225,ECG,3496,-208,0,0,0,0,0
32225,ECG,3497,-144,0,0,0,0,0
32230,ECG,3498,-91,0,0,0,0,0
32230,ECG,3499,-42,0,0,0,0,0
32235,ECG,3500,9,0,0,0,0,0
32235,ECG,3501,-7,0,0,0,0,0
32235,ECG,3502,-44,0,0,0,0,0
32240,ECG,3503,-35,0,0,0,0,0
32240,ECG,3504,-35,0,0,0,0,0
32245,ECG,3505,-34,0,0,0,0,0
32245,ECG,3506,-40,0,0,0,0,0
32250,ECG,3507,-39,0,0,0,0,0
32250,ECG,3508,-11,0,0,0,0,0
32250,ECG,3509,-17,0,0,0,0,0
32255,ECG,3510,-56,0,0,0,0,0
32255,ECG,3511,-84,0,0,0,0,0
32260,ECG,3512,-121,0,0,0,0,0
32260,ECG,3513,-157,0,0,0,0,0
32265,ECG,3514,-170,0,0,0,0,0
32265,ECG,3515,-150,0,0,0,0,0
32270,ECG,3516,-106,0,0,0,0,0
32270,ECG,3517,-67,0,0,0,0,0
32270,ECG,3518,-44,0,0,0,0,0
32275,ECG,3519,-16,0,0,0,0,0
32275,ECG,3520,-35,0,0,0,0,0
32280,ECG,3521,-68,0,0,0,0,0
32280,ECG,3522,-72,0,0,0,0,0
32280,ECG,3523,-74,0,0,0,0,0
32285,ECG,3524,-70,0,0,0,0,0
32285,ECG,3525,-68,0,0,0,0,0
32290,ECG,3526,-48,0,0,0,0,0
32290,ECG,3527,-12,0,0,0,0,0
32290,ECG,3528,-26,0,0,0,0,0
32295,ECG,3529,-62,0,0,0,0,0
32295,ECG,3530,-100,0,0,0,0,0
32300,ECG,3531,-180,0,0,0,0,0
32300,ECG,3532,-190,0,0,0,0,0
32305,ECG,3533,-177,0,0,0,0,0
32305,ECG,3534,-161,0,0,0,0,0
32310,ECG,3535,-3,0,0,0,0,0
32310,ECG,3536,-26,0,0,0,0,0
32315,ECG,3537,-71,0,0,0,0,0
32315,ECG,3538,-161,0,0,0,0,0
32315,ECG,3539,-266,0,0,0,0,0
32320,ECG,3540,-319,0,0,0,0,0
32320,ECG,3541,-337,0,0,0,0,0
32325,ECG,3542,-310,0,0,0,0,0
32325,ECG,3543,-243,0,0,0,0,0
32325,ECG,3544,-147,0,0,0,0,0
32330,ECG,3545,-58,0,0,0,0,0
32330,ECG,3546,4,0,0,0,0,0
32335,ECG,3547,8,0,0,0,0,0
32335,ECG,3548,-76,0,0,0,0,0
32335,ECG,3549,-138,0,0,0,0,0
32340,ECG,3550,-154,0,0,0,0,0
32340,ECG,3551,-174,0,0,0,0,0
32345,ECG,3552,-164,0,0,0,0,0
32345,ECG,3553,-134,0,0,0,0,0
32345,ECG,3554,-103,0,0,0,0,0
32350,ECG,3555,-45,0,0,0,0,0
32350,ECG,3556,6,0,0,0,0,0
32355,ECG,3557,-68,0,0,0,0,0
32355,ECG,3558,-126,0,0,0,0,0
32360,ECG,3559,-167,0,0,0,0,0
32360,ECG,3560,-201,0,0,0,0,0
32365,ECG,3561,-185,0,0,0,0,0
32365,ECG,3562,-145,0,0,0,0,0
32370,ECG,3563,-74,0,0,0,0,0
32370,ECG,3564,-33,0,0,0,0,0
32370,ECG,3565,-18,0,0,0,0,0
32375,ECG,3566,-34,0,0,0,0,0
32375,ECG,3567,-99,0,0,0,0,0
32380,ECG,3568,-138,0,0,0,0,0
32380,ECG,3569,-152,0,0,0,0,0
32380,ECG,3570,-158,0,0,0,0,0
32385,ECG,3571,-136,0,0,0,0,0
32385,ECG,3572,-115,0,0,0,0,0
32390,ECG,3573,-60,0,0,0,0,0
32390,ECG,3574,3,0,0,0,0,0
32390,ECG,3575,-4,0,0,0,0,0
32395,ECG,3576,-58,0,0,0,0,0
32395,ECG,3577,-129,0,0,0,0,0
32400,ECG,3578,-236,0,0,0,0,0
32400,ECG,3579,-253,0,0,0,0,0
32405,ECG,3580,-235,0,0,0,0,0
32405,ECG,3581,-185,0,0,0,0,0
32410,ECG,3582,-75,0,0,0,0,0
32410,ECG,3583,-17,0,0,0,0,0
32415,ECG,3584,11,0,0,0,0,0
32415,ECG,3585,-23,0,0,0,0,0
32415,ECG,3586,-42,0,0,0,0,0
32420,ECG,3587,-30,0,0,0,0,0
32420,ECG,3588,-36,0,0,0,0,0
32425,ECG,3589,-36,0,0,0,0,0
32425,ECG,3590,-35,0,0,0,0,0
32425,ECG,3591,-37,0,0,0,0,0
32430,ECG,3592,-37,0,0,0,0,0
32430,ECG,3593,-38,0,0,0,0,0
32435,ECG,3594,-38,0,0,0,0,0
32435,ECG,3595,-40,0,0,0,0,0
32435,ECG,3596,-39,0,0,0,0,0
32440,ECG,3597,-39,0,0,0,0,0
32440,ECG,3598,-44,0,0,0,0,0
32445,ECG,3599,-34,0,0,0,0,0
32445,ECG,3600,-48,0,0,0,0,0
32445,ECG,3601,-41,0,0,0,0,0
32450,ECG,3602,3,0,0,0,0,0
32450,ECG,3603,2,0,0,0,0,0
32450,ECG,3604,-91,0,0,0,0,0
32455,ECG,3605,-169,0,0,0,0,0
32455,ECG,3606,-271,0,0,0,0,0
32460,ECG,3607,-367,0,0,0,0,0
32460,ECG,3608,-411,0,0,0,0,0
32465,ECG,3609,-330,0,0,0,0,0
32465,ECG,3610,-232,0,0,0,0,0
32470,ECG,3611,-103,0,0,0,0,0
32470,ECG,3612,10,0,0,0,0,0
32470,ECG,3613,10,0,0,0,0,0
32475,ECG,3614,-48,0,0,0,0,0
32475,ECG,3615,-169,0,0,0,0,0
32480,ECG,3616,-228,0,0,0,0,0
32480,ECG,3617,-272,0,0,0,0,0
32480,ECG,3618,-286,0,0,0,0,0
32485,ECG,3619,-254,0,0,0,0,0
32485,ECG,3620,-191,0,0,0,0,0
32490,ECG,3621,-120,0,0,0,0,0
32490,ECG,3622,-68,0,0,0,0,0
32490,ECG,3623,2,0,0,0,0,0
32495,ECG,3624,13,0,0,0,0,0
32495,ECG,3625,-30,0,0,0,0,0
32500,ECG,3626,-28,0,0,0,0,0
32500,ECG,3627,-36,0,0,0,0,0
32505,ECG,3628,-34,0,0,0,0,0
32505,ECG,3629,-34,0,0,0,0,0
32505,ECG,3630,-36,0,0,0,0,0
32510,ECG,3631,-36,0,0,0,0,0
32510,ECG,3632,-36,0,0,0,0,0
32515,ECG,3633,-37,0,0,0,0,0
32515,ECG,3634,-37,0,0,0,0,0
32520,ECG,3635,-38,0,0,0,0,0
32520,ECG,3636,-39,0,0,0,0,0
32525,ECG,3637,-39,0,0,0,0,0
32525,ECG,3638,-40,0,0,0,0,0
32525,ECG,3639,-40,0,0,0,0,0
32530,ECG,3640,-41,0,0,0,0,0
32530,ECG,3641,-41,0,0,0,0,0
32535,ECG,3642,-41,0,0,0,0,0
32535,ECG,3643,-42,0,0,0,0,0
32535,ECG,3644,-42,0,0,0,0,0
32540,ECG,3645,-42,0,0,0,0,0
32540,ECG,3646,-43,0,0,0,0,0
32545,ECG,3647,-43,0,0,0,0,0
32545,ECG,3648,-43,0,0,0,0,0
32550,ECG,3649,-36,0,0,0,0,0
32550,ECG,3650,-38,0,0,0,0,0
32550,ECG,3651,-48,0,0,0,0,0
32555,ECG,3652,-56,0,0,0,0,0
32555,ECG,3653,-64,0,0,0,0,0
32560,ECG,3654,-74,0,0,0,0,0
32560,ECG,3655,-81,0,0,0,0,0
32565,ECG,3656,-77,0,0,0,0,0
32565,ECG,3657,-65,0,0,0,0,0
32570,ECG,3658,-10,0,0,0,0,0
32570,ECG,3659,-11,0,0,0,0,0
32570,ECG,3660,-67,0,0,0,0,0
32575,ECG,3661,-118,0,0,0,0,0
32575,ECG,3662,-186,0,0,0,0,0
32580,ECG,3663,-247,0,0,0,0,0
32580,ECG,3664,-274,0,0,0,0,0
32580,ECG,3665,-267,0,0,0,0,0
32585,ECG,3666,-232,0,0,0,0,0
32585,ECG,3667,-161,0,0,0,0,0
32590,ECG,3668,-92,0,0,0,0,0
32590,ECG,3669,-46,0,0,0,0,0
32590,ECG,3670,-3,0,0,0,0,0
32595,ECG,3671,-32,0,0,0,0,0
32595,ECG,3672,-91,0,0,0,0,0
32600,ECG,3673,-105,0,0,0,0,0
32600,ECG,3674,-102,0,0,0,0,0
32605,ECG,3675,-89,0,0,0,0,0
32605,ECG,3676,-83,0,0,0,0,0
32610,ECG,3677,0,0,0,0,0,0
32610,ECG,3678,-43,0,0,0,0,0
32615,ECG,3679,-113,0,0,0,0,0
32615,ECG,3680,-190,0,0,0,0,0
32615,ECG,3681,-267,0,0,0,0,0
32620,ECG,3682,-313,0,0,0,0,0
32620,ECG,3683,-318,0,0,0,0,0
32625,ECG,3684,-284,0,0,0,0,0
32625,ECG,3685,-208,0,0,0,0,0
32625,ECG,3686,-131,0,0,0,0,0
32630,ECG,3687,-74,0,0,0,0,0
32630,ECG,3688,5,0,0,0,0,0
32635,ECG,3689,4,0,0,0,0,0
32635,ECG,3690,-42,0,0,0,0,0
32635,ECG,3691,-45,0,0,0,0,0
32640,ECG,3692,-37,0,0,0,0,0
32640,ECG,3693,-44,0,0,0,0,0
32645,ECG,3694,-47,0,0,0,0,0
32645,ECG,3695,-26,0,0,0,0,0
32650,ECG,3696,-13,0,0,0,0,0
32650,ECG,3697,-47,0,0,0,0,0
32650,ECG,3698,-78,0,0,0,0,0
32655,ECG,3699,-111,0,0,0,0,0
32655,ECG,3700,-151,0,0,0,0,0
32660,ECG,3701,-174,0,0,0,0,0
32660,ECG,3702,-178,0,0,0,0,0
32665,ECG,3703,-127,0,0,0,0,0
32665,ECG,3704,-89,0,0,0,0,0
32670,ECG,3705,-61,0,0,0,0,0
32670,ECG,3706,-23,0,0,0,0,0
32670,ECG,3707,-14,0,0,0,0,0
32675,ECG,3708,-42,0,0,0,0,0
32675,ECG,3709,-46,0,0,0,0,0
32680,ECG,3710,-41,0,0,0,0,0
32680,ECG,3711,-45,0,0,0,0,0
32680,ECG,3712,-44,0,0,0,0,0
32685,ECG,3713,-44,0,0,0,0,0
32685,ECG,3714,-45,0,0,0,0,0
32690,ECG,3715,-45,0,0,0,0,0
32690,ECG,3716,-45,0,0,0,0,0
32690,ECG,3717,-45,0,0,0,0,0
32695,ECG,3718,-46,0,0,0,0,0
32695,ECG,3719,-46,0,0,0,0,0
32700,ECG,3720,-49,0,0,0,0,0
32700,ECG,3721,-42,0,0,0,0,0
32705,ECG,3722,-51,0,0,0,0,0
32705,ECG,3723,-45,0,0,0,0,0
32710,ECG,3724,-4,0,0,0,0,0
32710,ECG,3725,-88,0,0,0,0,0
32715,ECG,3726,-186,0,0,0,0,0
32715,ECG,3727,-298,0,0,0,0,0
32715,ECG,3728,-412,0,0,0,0,0
32720,ECG,3729,-468,0,0,0,0,0
32720,ECG,3730,-462,0,0,0,0,0
32725,ECG,3731,-393,0,0,0,0,0
32725,ECG,3732,-273,0,0,0,0,0
32725,ECG,3733,-163,0,0,0,0,0
32730,ECG,3734,-63,0,0,0,0,0
32730,ECG,3735,7,0,0,0,0,0
32735,ECG,3736,6,0,0,0,0,0
32735,ECG,3737,-42,0,0,0,0,0
32735,ECG,3738,-41,0,0,0,0,0
32740,ECG,3739,-35,0,0,0,0,0
32740,ECG,3740,-42,0,0,0,0,0
32745,ECG,3741,-39,0,0,0,0,0
32745,ECG,3742,-40,0,0,0,0,0
32745,ECG,3743,-41,0,0,0,0,0
32750,ECG,3744,-41,0,0,0,0,0
32750,ECG,3745,-41,0,0,0,0,0
32755,ECG,3746,-42,0,0,0,0,0
32755,ECG,3747,-42,0,0,0,0,0
32760,ECG,3748,-42,0,0,0,0,0
32760,ECG,3749,-42,0,0,0,0,0
32765,ECG,3750,-43,0,0,0,0,0
32765,ECG,3751,-43,0,0,0,0,0
32770,ECG,3752,-43,0,0,0,0,0
32770,ECG,3753,-44,0,0,0,0,0
32770,ECG,3754,-44,0,0,0,0,0
32775,ECG,3755,-44,0,0,0,0,0
32775,ECG,3756,-44,0,0,0,0,0
32780,ECG,3757,-46,0,0,0,0,0
32780,ECG,3758,-44,0,0,0,0,0
32780,ECG,3759,-45,0,0,0,0,0
32785,ECG,3760,-50,0,0,0,0,0
32785,ECG,3761,-14,0,0,0,0,0
32790,ECG,3762,-2,0,0,0,0,0
32790,ECG,3763,-39,0,0,0,0,0
32790,ECG,3764,-121,0,0,0,0,0
32795,ECG,3765,-199,0,0,0,0,0
32795,ECG,3766,-290,0,0,0,0,0
32800,ECG,3767,-370,0,0,0,0,0
32800,ECG,3768,-338,0,0,0,0,0
32805,ECG,3769,-262,0,0,0,0,0
32805,ECG,3770,-171,0,0,0,0,0
32805,ECG,3771,-93,0,0,0,0,0
32810,ECG,3772,-12,0,0,0,0,0
32810,ECG,3773,5,0,0,0,0,0
32815,ECG,3774,-22,0,0,0,0,0
32815,ECG,3775,-47,0,0,0,0,0
32820,ECG,3776,-41,0,0,0,0,0
32820,ECG,3777,-43,0,0,0,0,0
32825,ECG,3778,-41,0,0,0,0,0
32825,ECG,3779,-42,0,0,0,0,0
32825,ECG,3780,-43,0,0,0,0,0
32830,ECG,3781,-43,0,0,0,0,0
32830,ECG,3782,-43,0,0,0,0,0
32835,ECG,3783,-43,0,0,0,0,0
32835,ECG,3784,-43,0,0,0,0,0
32835,ECG,3785,-44,0,0,0,0,0
32840,ECG,3786,-44,0,0,0,0,0
32840,ECG,3787,-44,0,0,0,0,0
32845,ECG,3788,-44,0,0,0,0,0
32845,ECG,3789,-45,0,0,0,0,0
32845,ECG,3790,-45,0,0,0,0,0
32850,ECG,3791,-45,0,0,0,0,0
32850,ECG,3792,-45,0,0,0,0,0
32855,ECG,3793,-46,0,0,0,0,0
32855,ECG,3794,-46,0,0,0,0,0
32860,ECG,3795,-46,0,0,0,0,0
32860,ECG,3796,-47,0,0,0,0,0
32865,ECG,3797,-47,0,0,0,0,0
32865,ECG,3798,-47,0,0,0,0,0
32870,ECG,3799,-48,0,0,0,0,0
32870,ECG,3800,-48,0,0,0,0,0
32870,ECG,3801,-48,0,0,0,0,0
32875,ECG,3802,-48,0,0,0,0,0
32875,ECG,3803,-49,0,0,0,0,0
32880,ECG,3804,-50,0,0,0,0,0
32880,ECG,3805,-47,0,0,0,0,0
32880,ECG,3806,-51,0,0,0,0,0
32885,ECG,3807,-50,0,0,0,0,0
32885,ECG,3808,-28,0,0,0,0,0
32890,ECG,3809,-34,0,0,0,0,0
32890,ECG,3810,-65,0,0,0,0,0
32890,ECG,3811,-88,0,0,0,0,0
32895,ECG,3812,-118,0,0,0,0,0
32895,ECG,3813,-147,0,0,0,0,0
32900,ECG,3814,-158,0,0,0,0,0
32900,ECG,3815,-156,0,0,0,0,0
32900,ECG,3816,-137,0,0,0,0,0
32905,ECG,3817,-105,0,0,0,0,0
32905,ECG,3818,-79,0,0,0,0,0
32905,ECG,3819,-54,0,0,0,0,0
32910,ECG,3820,-27,0,0,0,0,0
32910,ECG,3821,-36,0,0,0,0,0
32915,ECG,3822,-56,0,0,0,0,0
32915,ECG,3823,-51,0,0,0,0,0
32920,ECG,3824,-54,0,0,0,0,0
32920,ECG,3825,-51,0,0,0,0,0
32925,ECG,3826,-50,0,0,0,0,0
32925,ECG,3827,-32,0,0,0,0,0
32925,ECG,3828,-21,0,0,0,0,0
32930,ECG,3829,-62,0,0,0,0,0
32930,ECG,3830,-115,0,0,0,0,0
32935,ECG,3831,-165,0,0,0,0,0
32935,ECG,3832,-219,0,0,0,0,0
32935,ECG,3833,-252,0,0,0,0,0
32940,ECG,3834,-254,0,0,0,0,0
32940,ECG,3835,-227,0,0,0,0,0
32945,ECG,3836,-176,0,0,0,0,0
32945,ECG,3837,-119,0,0,0,0,0
32945,ECG,3838,-70,0,0,0,0,0
32950,ECG,3839,-29,0,0,0,0,0
32950,ECG,3840,-16,0,0,0,0,0
32955,ECG,3841,-55,0,0,0,0,0
32955,ECG,3842,-50,0,0,0,0,0
32960,ECG,3843,-51,0,0,0,0,0
32960,ECG,3844,-53,0,0,0,0,0
32960,ECG,3845,-55,0,0,0,0,0
32965,ECG,3846,-35,0,0,0,0,0
32965,ECG,3847,-24,0,0,0,0,0
32970,ECG,3848,-57,0,0,0,0,0
32970,ECG,3849,-92,0,0,0,0,0
32975,ECG,3850,-170,0,0,0,0,0
32975,ECG,3851,-195,0,0,0,0,0
32980,ECG,3852,-199,0,0,0,0,0
32980,ECG,3853,-182,0,0,0,0,0
32980,ECG,3854,-144,0,0,0,0,0
32985,ECG,3855,-103,0,0,0,0,0
32985,ECG,3856,-71,0,0,0,0,0
32990,ECG,3857,-33,0,0,0,0,0
32990,ECG,3858,-24,0,0,0,0,0
32990,ECG,3859,-51,0,0,0,0,0
32995,ECG,3860,-55,0,0,0,0,0
32995,ECG,3861,-52,0,0,0,0,0
33000,ECG,3862,-55,0,0,0,0,0
33000,ECG,3863,-51,0,0,0,0,0
33000,ECG,3864,-60,0,0,0,0,0
33005,ECG,3865,-44,0,0,0,0,0
33005,ECG,3866,-17,0,0,0,0,0
33010,ECG,3867,-88,0,0,0,0,0
33010,ECG,3868,-121,0,0,0,0,0
33015,ECG,3869,-167,0,0,0,0,0
33015,ECG,3870,-200,0,0,0,0,0
33020,ECG,3871,-197,0,0,0,0,0
33020,ECG,3872,-161,0,0,0,0,0
33025,ECG,3873,-115,0,0,0,0,0
33025,ECG,3874,-82,0,0,0,0,0
33025,ECG,3875,-40,0,0,0,0,0
33030,ECG,3876,-15,0,0,0,0,0
33030,ECG,3877,-45,0,0,0,0,0
33035,ECG,3878,-58,0,0,0,0,0
33035,ECG,3879,-50,0,0,0,0,0
33035,ECG,3880,-55,0,0,0,0,0
33040,ECG,3881,-54,0,0,0,0,0
33040,ECG,3882,-54,0,0,0,0,0
33045,ECG,3883,-56,0,0,0,0,0
33045,ECG,3884,-43,0,0,0,0,0
33045,ECG,3885,-42,0,0,0,0,0
33050,ECG,3886,-61,0,0,0,0,0
33050,ECG,3887,-76,0,0,0,0,0
33055,ECG,3888,-113,0,0,0,0,0
33055,ECG,3889,-124,0,0,0,0,0
33060,ECG,3890,-120,0,0,0,0,0
33060,ECG,3891,-111,0,0,0,0,0
33060,ECG,3892,-97,0,0,0,0,0
33065,ECG,3893,-53,0,0,0,0,0
33065,ECG,3894,-31,0,0,0,0,0
33070,ECG,3895,-51,0,0,0,0,0
33070,ECG,3896,-85,0,0,0,0,0
33075,ECG,3897,-171,0,0,0,0,0
33075,ECG,3898,-196,0,0,0,0,0
33080,ECG,3899,-194,0,0,0,0,0
33080,ECG,3900,-175,0,0,0,0,0
33080,ECG,3901,-149,0,0,0,0,0
33085,ECG,3902,-58,0,0,0,0,0
33085,ECG,3903,-10,0,0,0,0,0
33090,ECG,3904,-41,0,0,0,0,0
33090,ECG,3905,-109,0,0,0,0,0
33090,ECG,3906,-214,0,0,0,0,0
33095,ECG,3907,-303,0,0,0,0,0
33095,ECG,3908,-354,0,0,0,0,0
33100,ECG,3909,-360,0,0,0,0,0
33100,ECG,3910,-318,0,0,0,0,0
33100,ECG,3911,-250,0,0,0,0,0
33105,ECG,3912,-122,0,0,0,0,0
33105,ECG,3913,-12,0,0,0,0,0
33110,ECG,3914,-61,0,0,0,0,0
33110,ECG,3915,-203,0,0,0,0,0
33115,ECG,3916,-308,0,0,0,0,0
33115,ECG,3917,-366,0,0,0,0,0
33120,ECG,3918,-354,0,0,0,0,0
33120,ECG,3919,-277,0,0,0,0,0
33125,ECG,3920,-174,0,0,0,0,0
33125,ECG,3921,-68,0,0,0,0,0
33125,ECG,3922,4,0,0,0,0,0
33130,ECG,3923,3,0,0,0,0,0
33130,ECG,3924,-78,0,0,0,0,0
33135,ECG,3925,-143,0,0,0,0,0
33135,ECG,3926,-170,0,0,0,0,0
33135,ECG,3927,-188,0,0,0,0,0
33140,ECG,3928,-184,0,0,0,0,0
33140,ECG,3929,-163,0,0,0,0,0
33145,ECG,3930,-59,0,0,0,0,0
33145,ECG,3931,4,0,0,0,0,0
33145,ECG,3932,-54,0,0,0,0,0
33150,ECG,3933,-131,0,0,0,0,0
33150,ECG,3934,-256,0,0,0,0,0
33155,ECG,3935,-482,0,0,0,0,0
33155,ECG,3936,-492,0,0,0,0,0
33160,ECG,3937,-439,0,0,0,0,0
33160,ECG,3938,-320,0,0,0,0,0
33165,ECG,3939,-87,0,0,0,0,0
33165,ECG,3940,15,0,0,0,0,0
33170,ECG,3941,15,0,0,0,0,0
33170,ECG,3942,-19,0,0,0,0,0
33170,ECG,3943,-38,0,0,0,0,0
33175,ECG,3944,-26,0,0,0,0,0
33175,ECG,3945,-36,0,0,0,0,0
33180,ECG,3946,-26,0,0,0,0,0
33180,ECG,3947,-43,0,0,0,0,0
33180,ECG,3948,-11,0,0,0,0,0
33185,ECG,3949,11,0,0,0,0,0
33185,ECG,3950,10,0,0,0,0,0
33190,ECG,3951,-126,0,0,0,0,0
33190,ECG,3952,-272,0,0,0,0,0
33190,ECG,3953,-444,0,0,0,0,0
33195,ECG,3954,-597,0,0,0,0,0
33195,ECG,3955,-660,0,0,0,0,0
33200,ECG,3956,-632,0,0,0,0,0
33200,ECG,3957,-512,0,0,0,0,0
33200,ECG,3958,-331,0,0,0,0,0
33205,ECG,3959,-175,0,0,0,0,0
33205,ECG,3960,-20,0,0,0,0,0
33205,ECG,3961,26,0,0,0,0,0
33210,ECG,3962,26,0,0,0,0,0
33210,ECG,3963,-29,0,0,0,0,0
33215,ECG,3964,-19,0,0,0,0,0
33215,ECG,3965,-18,0,0,0,0,0
33220,ECG,3966,-20,0,0,0,0,0
33220,ECG,3967,-27,0,0,0,0,0
33225,ECG,3968,0,0,0,0,0,0
33225,ECG,3969,11,0,0,0,0,0
33225,ECG,3970,-29,0,0,0,0,0
33230,ECG,3971,-68,0,0,0,0,0
33230,ECG,3972,-110,0,0,0,0,0
33235,ECG,3973,-158,0,0,0,0,0
33235,ECG,3974,-187,0,0,0,0,0
33235,ECG,3975,-191,0,0,0,0,0
33240,ECG,3976,-171,0,0,0,0,0
33240,ECG,3977,-127,0,0,0,0,0
33245,ECG,3978,-81,0,0,0,0,0
33245,ECG,3979,-44,0,0,0,0,0
33245,ECG,3980,2,0,0,0,0,0
33250,ECG,3981,9,0,0,0,0,0
33250,ECG,3982,-23,0,0,0,0,0
33255,ECG,3983,-25,0,0,0,0,0
33255,ECG,3984,-26,0,0,0,0,0
33260,ECG,3985,-21,0,0,0,0,0
33260,ECG,3986,-41,0,0,0,0,0
33265,ECG,3987,16,0,0,0,0,0
33265,ECG,3988,-21,0,0,0,0,0
33270,ECG,3989,-114,0,0,0,0,0
33270,ECG,3990,-197,0,0,0,0,0
33270,ECG,3991,-308,0,0,0,0,0
33275,ECG,3992,-381,0,0,0,0,0
33275,ECG,3993,-397,0,0,0,0,0
33280,ECG,3994,-360,0,0,0,0,0
33280,ECG,3995,-274,0,0,0,0,0
33280,ECG,3996,-157,0,0,0,0,0
33285,ECG,3997,-59,0,0,0,0,0
33285,ECG,3998,23,0,0,0,0,0
33290,ECG,3999,23,0,0,0,0,0
33290,ECG,4000,-54,0,0,0,0,0
33290,ECG,4001,-107,0,0,0,0,0
33295,ECG,4002,-114,0,0,0,0,0
33295,ECG,4003,-135,0,0,0,0,0
33300,ECG,4004,-122,0,0,0,0,0
33300,ECG,4005,-103,0,0,0,0,0
33300,ECG,4006,-73,0,0,0,0,0
33305,ECG,4007,-8,0,0,0,0,0
33305,ECG,4008,14,0,0,0,0,0
33310,ECG,4009,-76,0,0,0,0,0
33310,ECG,4010,-140,0,0,0,0,0
33315,ECG,4011,-187,0,0,0,0,0
33315,ECG,4012,-212,0,0,0,0,0
33320,ECG,4013,-176,0,0,0,0,0
33320,ECG,4014,-121,0,0,0,0,0
33325,ECG,4015,-74,0,0,0,0,0
33325,ECG,4016,-32,0,0,0,0,0
33325,ECG,4017,18,0,0,0,0,0
33330,ECG,4018,6,0,0,0,0,0
33330,ECG,4019,-30,0,0,0,0,0
33335,ECG,4020,-24,0,0,0,0,0
33335,ECG,4021,-23,0,0,0,0,0
33335,ECG,4022,-27,0,0,0,0,0
33340,ECG,4023,-24,0,0,0,0,0
33340,ECG,4024,-27,0,0,0,0,0
33345,ECG,4025,-25,0,0,0,0,0
33345,ECG,4026,-22,0,0,0,0,0
33345,ECG,4027,-27,0,0,0,0,0
33350,ECG,4028,-33,0,0,0,0,0
33350,ECG,4029,-39,0,0,0,0,0
33355,ECG,4030,-50,0,0,0,0,0
33355,ECG,4031,-51,0,0,0,0,0
33360,ECG,4032,-42,0,0,0,0,0
33360,ECG,4033,-57,0,0,0,0,0
33365,ECG,4034,13,0,0,0,0,0
33365,ECG,4035,-9,0,0,0,0,0
33370,ECG,4036,-101,0,0,0,0,0
33370,ECG,4037,-182,0,0,0,0,0
33370,ECG,4038,-288,0,0,0,0,0
33375,ECG,4039,-366,0,0,0,0,0
33375,ECG,4040,-386,0,0,0,0,0
33380,ECG,4041,-357,0,0,0,0,0
33380,ECG,4042,-285,0,0,0,0,0
33380,ECG,4043,-156,0,0,0,0,0
33385,ECG,4044,-55,0,0,0,0,0
33385,ECG,4045,6,0,0,0,0,0
33390,ECG,4046,19,0,0,0,0,0
33390,ECG,4047,-80,0,0,0,0,0
33390,ECG,4048,-162,0,0,0,0,0
33395,ECG,4049,-181,0,0,0,0,0
33395,ECG,4050,-194,0,0,0,0,0
33400,ECG,4051,-151,0,0,0,0,0
33400,ECG,4052,-51,0,0,0,0,0
33405,ECG,4053,20,0,0,0,0,0
33405,ECG,4054,-9,0,0,0,0,0
33405,ECG,4055,-74,0,0,0,0,0
33410,ECG,4056,-190,0,0,0,0,0
33410,ECG,4057,-310,0,0,0,0,0
33415,ECG,4058,-369,0,0,0,0,0
33415,ECG,4059,-386,0,0,0,0,0
33420,ECG,4060,-254,0,0,0,0,0
33420,ECG,4061,-153,0,0,0,0,0
33425,ECG,4062,-73,0,0,0,0,0
33425,ECG,4063,27,0,0,0,0,0
33425,ECG,4064,26,0,0,0,0,0
33430,ECG,4065,-23,0,0,0,0,0
33430,ECG,4066,-53,0,0,0,0,0
33435,ECG,4067,-58,0,0,0,0,0
33435,ECG,4068,-86,0,0,0,0,0
33435,ECG,4069,-82,0,0,0,0,0
33440,ECG,4070,-94,0,0,0,0,0
33440,ECG,4071,-55,0,0,0,0,0
33445,ECG,4072,24,0,0,0,0,0
33445,ECG,4073,18,0,0,0,0,0
33445,ECG,4074,-97,0,0,0,0,0
33450,ECG,4075,-196,0,0,0,0,0
33450,ECG,4076,-346,0,0,0,0,0
33455,ECG,4077,-523,0,0,0,0,0
33455,ECG,4078,-502,0,0,0,0,0
33460,ECG,4079,-404,0,0,0,0,0
33460,ECG,4080,-256,0,0,0,0,0
33460,ECG,4081,-135,0,0,0,0,0
33465,ECG,4082,-9,0,0,0,0,0
33465,ECG,4083,35,0,0,0,0,0
33470,ECG,4084,34,0,0,0,0,0
33470,ECG,4085,-21,0,0,0,0,0
33470,ECG,4086,-10,0,0,0,0,0
33475,ECG,4087,-10,0,0,0,0,0
33475,ECG,4088,-15,0,0,0,0,0
33480,ECG,4089,-12,0,0,0,0,0
33480,ECG,4090,-14,0,0,0,0,0
33480,ECG,4091,-14,0,0,0,0,0
33485,ECG,4092,-14,0,0,0,0,0
33485,ECG,4093,-15,0,0,0,0,0
33490,ECG,4094,-16,0,0,0,0,0
33490,ECG,4095,-16,0,0,0,0,0
33490,ECG,4096,-16,0,0,0,0,0
33495,ECG,4097,-18,0,0,0,0,0
33495,ECG,4098,-16,0,0,0,0,0
33500,ECG,4099,-18,0,0,0,0,0
33500,ECG,4100,-23,0,0,0,0,0
33500,ECG,4101,4,0,0,0,0,0
33505,ECG,4102,13,0,0,0,0,0
33505,ECG,4103,-27,0,0,0,0,0
33510,ECG,4104,-105,0,0,0,0,0
33510,ECG,4105,-150,0,0,0,0,0
33515,ECG,4106,-180,0,0,0,0,0
33515,ECG,4107,-177,0,0,0,0,0
33520,ECG,4108,-125,0,0,0,0,0
33520,ECG,4109,-25,0,0,0,0,0
33525,ECG,4110,24,0,0,0,0,0
33525,ECG,4111,-3,0,0,0,0,0
33525,ECG,4112,-88,0,0,0,0,0
33530,ECG,4113,-217,0,0,0,0,0
33530,ECG,4114,-328,0,0,0,0,0
33535,ECG,4115,-395,0,0,0,0,0
33535,ECG,4116,-410,0,0,0,0,0
33535,ECG,4117,-362,0,0,0,0,0
33540,ECG,4118,-269,0,0,0,0,0
33540,ECG,4119,-151,0,0,0,0,0
33545,ECG,4120,-39,0,0,0,0,0
33545,ECG,4121,32,0,0,0,0,0
33545,ECG,4122,31,0,0,0,0,0
33550,ECG,4123,-51,0,0,0,0,0
33550,ECG,4124,-100,0,0,0,0,0
33555,ECG,4125,-129,0,0,0,0,0
33555,ECG,4126,-117,0,0,0,0,0
33560,ECG,4127,-104,0,0,0,0,0
33560,ECG,4128,-35,0,0,0,0,0
33565,ECG,4129,-4,0,0,0,0,0
33565,ECG,4130,-46,0,0,0,0,0
33570,ECG,4131,-125,0,0,0,0,0
33570,ECG,4132,-209,0,0,0,0,0
33570,ECG,4133,-251,0,0,0,0,0
33575,ECG,4134,-264,0,0,0,0,0
33575,ECG,4135,-241,0,0,0,0,0
33580,ECG,4136,-177,0,0,0,0,0
33580,ECG,4137,-105,0,0,0,0,0
33580,ECG,4138,-53,0,0,0,0,0
33585,ECG,4139,16,0,0,0,0,0
33585,ECG,4140,32,0,0,0,0,0
33590,ECG,4141,-6,0,0,0,0,0
33590,ECG,4142,-21,0,0,0,0,0
33590,ECG,4143,-9,0,0,0,0,0
33595,ECG,4144,-16,0,0,0,0,0
33595,ECG,4145,-15,0,0,0,0,0
33600,ECG,4146,-17,0,0,0,0,0
33600,ECG,4147,-16,0,0,0,0,0
33605,ECG,4148,-17,0,0,0,0,0
33605,ECG,4149,-17,0,0,0,0,0
33605,ECG,4150,-18,0,0,0,0,0
33610,ECG,4151,-18,0,0,0,0,0
33610,ECG,4152,-19,0,0,0,0,0
33615,ECG,4153,-21,0,0,0,0,0
33615,ECG,4154,-17,0,0,0,0,0
33620,ECG,4155,-20,0,0,0,0,0
33620,ECG,4156,19,0,0,0,0,0
33625,ECG,4157,7,0,0,0,0,0
33625,ECG,4158,-49,0,0,0,0,0
33625,ECG,4159,-92,0,0,0,0,0
33630,ECG,4160,-148,0,0,0,0,0
33630,ECG,4161,-200,0,0,0,0,0
33635,ECG,4162,-225,0,0,0,0,0
33635,ECG,4163,-215,0,0,0,0,0
33635,ECG,4164,-184,0,0,0,0,0
33640,ECG,4165,-127,0,0,0,0,0
33640,ECG,4166,-35,0,0,0,0,0
33645,ECG,4167,21,0,0,0,0,0
33645,ECG,4168,10,0,0,0,0,0
33645,ECG,4169,-69,0,0,0,0,0
33650,ECG,4170,-173,0,0,0,0,0
33650,ECG,4171,-240,0,0,0,0,0
33655,ECG,4172,-293,0,0,0,0,0
33655,ECG,4173,-253,0,0,0,0,0
33660,ECG,4174,-191,0,0,0,0,0
33660,ECG,4175,-97,0,0,0,0,0
33665,ECG,4176,25,0,0,0,0,0
33665,ECG,4177,-11,0,0,0,0,0
33670,ECG,4178,-91,0,0,0,0,0
33670,ECG,4179,-146,0,0,0,0,0
33670,ECG,4180,-178,0,0,0,0,0
33675,ECG,4181,-189,0,0,0,0,0
33675,ECG,4182,-167,0,0,0,0,0
33680,ECG,4183,-137,0,0,0,0,0
33680,ECG,4184,-48,0,0,0,0,0
33680,ECG,4185,27,0,0,0,0,0
33685,ECG,4186,27,0,0,0,0,0
33685,ECG,4187,-83,0,0,0,0,0
33690,ECG,4188,-270,0,0,0,0,0
33690,ECG,4189,-451,0,0,0,0,0
33690,ECG,4190,-588,0,0,0,0,0
33695,ECG,4191,-650,0,0,0,0,0
33695,ECG,4192,-611,0,0,0,0,0
33700,ECG,4193,-309,0,0,0,0,0
33700,ECG,4194,-133,0,0,0,0,0
33705,ECG,4195,28,0,0,0,0,0
33705,ECG,4196,42,0,0,0,0,0
33705,ECG,4197,35,0,0,0,0,0
33710,ECG,4198,-62,0,0,0,0,0
33710,ECG,4199,-88,0,0,0,0,0
33715,ECG,4200,-95,0,0,0,0,0
33715,ECG,4201,-109,0,0,0,0,0
33720,ECG,4202,-13,0,0,0,0,0
33720,ECG,4203,20,0,0,0,0,0
33725,ECG,4204,-41,0,0,0,0,0
33725,ECG,4205,-84,0,0,0,0,0
33725,ECG,4206,-162,0,0,0,0,0
33730,ECG,4207,-269,0,0,0,0,0
33730,ECG,4208,-317,0,0,0,0,0
33735,ECG,4209,-314,0,0,0,0,0
33735,ECG,4210,-268,0,0,0,0,0
33735,ECG,4211,-184,0,0,0,0,0
33740,ECG,4212,-72,0,0,0,0,0
33740,ECG,4213,44,0,0,0,0,0
33745,ECG,4214,43,0,0,0,0,0
33745,ECG,4215,-35,0,0,0,0,0
33745,ECG,4216,-205,0,0,0,0,0
33750,ECG,4217,-329,0,0,0,0,0
33750,ECG,4218,-428,0,0,0,0,0
33755,ECG,4219,-429,0,0,0,0,0
33755,ECG,4220,-348,0,0,0,0,0
33760,ECG,4221,-207,0,0,0,0,0
33760,ECG,4222,8,0,0,0,0,0
33765,ECG,4223,42,0,0,0,0,0
33765,ECG,4224,-127,0,0,0,0,0
33770,ECG,4225,-332,0,0,0,0,0
33770,ECG,4226,-470,0,0,0,0,0
33770,ECG,4227,-544,0,0,0,0,0
33775,ECG,4228,-540,0,0,0,0,0
33775,ECG,4229,-450,0,0,0,0,0
33780,ECG,4230,-295,0,0,0,0,0
33780,ECG,4231,-133,0,0,0,0,0
33780,ECG,4232,4,0,0,0,0,0
33785,ECG,4233,62,0,0,0,0,0
33785,ECG,4234,61,0,0,0,0,0
33790,ECG,4235,-45,0,0,0,0,0
33790,ECG,4236,-69,0,0,0,0,0
33790,ECG,4237,-83,0,0,0,0,0
33795,ECG,4238,-86,0,0,0,0,0
33795,ECG,4239,-68,0,0,0,0,0
33800,ECG,4240,-54,0,0,0,0,0
33800,ECG,4241,42,0,0,0,0,0
33800,ECG,4242,58,0,0,0,0,0
33805,ECG,4243,36,0,0,0,0,0
33805,ECG,4244,-103,0,0,0,0,0
33810,ECG,4245,-415,0,0,0,0,0
33810,ECG,4246,-518,0,0,0,0,0
33815,ECG,4247,-545,0,0,0,0,0
33815,ECG,4248,-482,0,0,0,0,0
33820,ECG,4249,-190,0,0,0,0,0
33820,ECG,4250,-30,0,0,0,0,0
33825,ECG,4251,69,0,0,0,0,0
33825,ECG,4252,68,0,0,0,0,0
33825,ECG,4253,-7,0,0,0,0,0
33830,ECG,4254,-83,0,0,0,0,0
33830,ECG,4255,-104,0,0,0,0,0
33835,ECG,4256,-129,0,0,0,0,0
33835,ECG,4257,-121,0,0,0,0,0
33835,ECG,4258,-93,0,0,0,0,0
33840,ECG,4259,-57,0,0,0,0,0
33840,ECG,4260,7,0,0,0,0,0
33845,ECG,4261,53,0,0,0,0,0
33845,ECG,4262,48,0,0,0,0,0
33845,ECG,4263,-5,0,0,0,0,0
33850,ECG,4264,-66,0,0,0,0,0
33850,ECG,4265,-107,0,0,0,0,0
33855,ECG,4266,-136,0,0,0,0,0
33855,ECG,4267,-120,0,0,0,0,0
33860,ECG,4268,-53,0,0,0,0,0
33860,ECG,4269,41,0,0,0,0,0
33865,ECG,4270,-9,0,0,0,0,0
33865,ECG,4271,-132,0,0,0,0,0
33870,ECG,4272,-296,0,0,0,0,0
33870,ECG,4273,-420,0,0,0,0,0
33870,ECG,4274,-481,0,0,0,0,0
33875,ECG,4275,-465,0,0,0,0,0
33875,ECG,4276,-388,0,0,0,0,0
33880,ECG,4277,-247,0,0,0,0,0
33880,ECG,4278,-48,0,0,0,0,0
33880,ECG,4279,61,0,0,0,0,0
33885,ECG,4280,53,0,0,0,0,0
33885,ECG,4281,-34,0,0,0,0,0
33890,ECG,4282,-188,0,0,0,0,0
33890,ECG,4283,-295,0,0,0,0,0
33890,ECG,4284,-335,0,0,0,0,0
33895,ECG,4285,-321,0,0,0,0,0
33895,ECG,4286,-259,0,0,0,0,0
33900,ECG,4287,-8,0,0,0,0,0
33900,ECG,4288,75,0,0,0,0,0
33905,ECG,4289,74,0,0,0,0,0
33905,ECG,4290,-39,0,0,0,0,0
33910,ECG,4291,-316,0,0,0,0,0
33910,ECG,4292,-391,0,0,0,0,0
33915,ECG,4293,-393,0,0,0,0,0
33915,ECG,4294,-351,0,0,0,0,0
33920,ECG,4295,-25,0,0,0,0,0
33920,ECG,4296,58,0,0,0,0,0
33925,ECG,4297,51,0,0,0,0,0
33925,ECG,4298,-27,0,0,0,0,0
33925,ECG,4299,-240,0,0,0,0,0
33930,ECG,4300,-373,0,0,0,0,0
33930,ECG,4301,-417,0,0,0,0,0
33935,ECG,4302,-421,0,0,0,0,0
33935,ECG,4303,-343,0,0,0,0,0
33935,ECG,4304,-208,0,0,0,0,0
33940,ECG,4305,-92,0,0,0,0,0
33940,ECG,4306,14,0,0,0,0,0
33945,ECG,4307,85,0,0,0,0,0
33945,ECG,4308,84,0,0,0,0,0
33945,ECG,4309,27,0,0,0,0,0
33950,ECG,4310,38,0,0,0,0,0
33950,ECG,4311,40,0,0,0,0,0
33955,ECG,4312,43,0,0,0,0,0
33955,ECG,4313,22,0,0,0,0,0
33960,ECG,4314,56,0,0,0,0,0
33960,ECG,4315,77,0,0,0,0,0
33960,ECG,4316,50,0,0,0,0,0
33965,ECG,4317,-40,0,0,0,0,0
33965,ECG,4318,-116,0,0,0,0,0
33970,ECG,4319,-216,0,0,0,0,0
33970,ECG,4320,-293,0,0,0,0,0
33970,ECG,4321,-313,0,0,0,0,0
33975,ECG,4322,-283,0,0,0,0,0
33975,ECG,4323,-216,0,0,0,0,0
33980,ECG,4324,-94,0,0,0,0,0
33980,ECG,4325,20,0,0,0,0,0
33980,ECG,4326,77,0,0,0,0,0
33985,ECG,4327,72,0,0,0,0,0
33985,ECG,4328,-40,0,0,0,0,0
33990,ECG,4329,-138,0,0,0,0,0
33990,ECG,4330,-174,0,0,0,0,0
33990,ECG,4331,-199,0,0,0,0,0
33995,ECG,4332,-179,0,0,0,0,0
33995,ECG,4333,-143,0,0,0,0,0
34000,ECG,4334,-49,0,0,0,0,0
34000,ECG,4335,60,0,0,0,0,0
34000,ECG,4336,77,0,0,0,0,0
34005,ECG,4337,31,0,0,0,0,0
34005,ECG,4338,-94,0,0,0,0,0
34005,ECG,4339,-230,0,0,0,0,0
34010,ECG,4340,-308,0,0,0,0,0
34010,ECG,4341,-353,0,0,0,0,0
34015,ECG,4342,-333,0,0,0,0,0
34015,ECG,4343,-264,0,0,0,0,0
34020,ECG,4344,-18,0,0,0,0,0
34020,ECG,4345,73,0,0,0,0,0
34025,ECG,4346,80,0,0,0,0,0
34025,ECG,4347,-4,0,0,0,0,0
34025,ECG,4348,-104,0,0,0,0,0
34030,ECG,4349,-156,0,0,0,0,0
34030,ECG,4350,-192,0,0,0,0,0
34035,ECG,4351,-177,0,0,0,0,0
34035,ECG,4352,-144,0,0,0,0,0
34035,ECG,4353,-92,0,0,0,0,0
34040,ECG,4354,79,0,0,0,0,0
34040,ECG,4355,79,0,0,0,0,0
34045,ECG,4356,48,0,0,0,0,0
34045,ECG,4357,-147,0,0,0,0,0
34045,ECG,4358,-369,0,0,0,0,0
34050,ECG,4359,-571,0,0,0,0,0
34050,ECG,4360,-697,0,0,0,0,0
34055,ECG,4361,-609,0,0,0,0,0
34055,ECG,4362,-416,0,0,0,0,0
34060,ECG,4363,-106,0,0,0,0,0
34060,ECG,4364,75,0,0,0,0,0
34060,ECG,4365,94,0,0,0,0,0
34065,ECG,4366,9,0,0,0,0,0
34065,ECG,4367,-275,0,0,0,0,0
34070,ECG,4368,-457,0,0,0,0,0
34070,ECG,4369,-520,0,0,0,0,0
34070,ECG,4370,-536,0,0,0,0,0
34075,ECG,4371,-444,0,0,0,0,0
34075,ECG,4372,-280,0,0,0,0,0
34080,ECG,4373,-127,0,0,0,0,0
34080,ECG,4374,26,0,0,0,0,0
34080,ECG,4375,103,0,0,0,0,0
34085,ECG,4376,102,0,0,0,0,0
34085,ECG,4377,14,0,0,0,0,0
34090,ECG,4378,-17,0,0,0,0,0
34090,ECG,4379,-38,0,0,0,0,0
34090,ECG,4380,-69,0,0,0,0,0
34095,ECG,4381,-64,0,0,0,0,0
34095,ECG,4382,-48,0,0,0,0,0
34100,ECG,4383,-17,0,0,0,0,0
34100,ECG,4384,16,0,0,0,0,0
34100,ECG,4385,42,0,0,0,0,0
34105,ECG,4386,72,0,0,0,0,0
34105,ECG,4387,71,0,0,0,0,0
34110,ECG,4388,47,0,0,0,0,0
34110,ECG,4389,48,0,0,0,0,0
34115,ECG,4390,50,0,0,0,0,0
34115,ECG,4391,42,0,0,0,0,0
34120,ECG,4392,81,0,0,0,0,0
34120,ECG,4393,64,0,0,0,0,0
34125,ECG,4394,14,0,0,0,0,0
34125,ECG,4395,-21,0,0,0,0,0
34125,ECG,4396,-68,0,0,0,0,0
34130,ECG,4397,-114,0,0,0,0,0
34130,ECG,4398,-128,0,0,0,0,0
34135,ECG,4399,-118,0,0,0,0,0
34135,ECG,4400,-102,0,0,0,0,0
34135,ECG,4401,11,0,0,0,0,0
34140,ECG,4402,84,0,0,0,0,0
34140,ECG,4403,82,0,0,0,0,0
34145,ECG,4404,-60,0,0,0,0,0
34145,ECG,4405,-268,0,0,0,0,0
34145,ECG,4406,-506,0,0,0,0,0
34150,ECG,4407,-668,0,0,0,0,0
34150,ECG,4408,-737,0,0,0,0,0
34155,ECG,4409,-522,0,0,0,0,0
34155,ECG,4410,-309,0,0,0,0,0
34160,ECG,4411,-32,0,0,0,0,0
34160,ECG,4412,99,0,0,0,0,0
34160,ECG,4413,98,0,0,0,0,0
34165,ECG,4414,-18,0,0,0,0,0
34165,ECG,4415,-215,0,0,0,0,0
34170,ECG,4416,-323,0,0,0,0,0
34170,ECG,4417,-385,0,0,0,0,0
34175,ECG,4418,-303,0,0,0,0,0
34175,ECG,4419,-202,0,0,0,0,0
34180,ECG,4420,-44,0,0,0,0,0
34180,ECG,4421,103,0,0,0,0,0
34180,ECG,4422,102,0,0,0,0,0
34185,ECG,4423,34,0,0,0,0,0
34185,ECG,4424,-157,0,0,0,0,0
34190,ECG,4425,-290,0,0,0,0,0
34190,ECG,4426,-394,0,0,0,0,0
34190,ECG,4427,-441,0,0,0,0,0
34195,ECG,4428,-392,0,0,0,0,0
34195,ECG,4429,-302,0,0,0,0,0
34200,ECG,4430,-136,0,0,0,0,0
34200,ECG,4431,49,0,0,0,0,0
34200,ECG,4432,108,0,0,0,0,0
34205,ECG,4433,107,0,0,0,0,0
34205,ECG,4434,-52,0,0,0,0,0
34210,ECG,4435,-294,0,0,0,0,0
34210,ECG,4436,-329,0,0,0,0,0
34215,ECG,4437,-321,0,0,0,0,0
34215,ECG,4438,-246,0,0,0,0,0
34215,ECG,4439,-36,0,0,0,0,0
34220,ECG,4440,94,0,0,0,0,0
34220,ECG,4441,59,0,0,0,0,0
34225,ECG,4442,-15,0,0,0,0,0
34225,ECG,4443,-242,0,0,0,0,0
34225,ECG,4444,-492,0,0,0,0,0
34230,ECG,4445,-599,0,0,0,0,0
34230,ECG,4446,-629,0,0,0,0,0
34235,ECG,4447,-556,0,0,0,0,0
34235,ECG,4448,-380,0,0,0,0,0
34235,ECG,4449,-192,0,0,0,0,0
34240,ECG,4450,-12,0,0,0,0,0
34240,ECG,4451,122,0,0,0,0,0
34245,ECG,4452,121,0,0,0,0,0
34245,ECG,4453,75,0,0,0,0,0
34245,ECG,4454,28,0,0,0,0,0
34250,ECG,4455,18,0,0,0,0,0
34250,ECG,4456,-2,0,0,0,0,0
34255,ECG,4457,15,0,0,0,0,0
34255,ECG,4458,14,0,0,0,0,0
34255,ECG,4459,31,0,0,0,0,0
34260,ECG,4460,114,0,0,0,0,0
34260,ECG,4461,113,0,0,0,0,0
34265,ECG,4462,-104,0,0,0,0,0
34265,ECG,4463,-263,0,0,0,0,0
34270,ECG,4464,-416,0,0,0,0,0
34270,ECG,4465,-497,0,0,0,0,0
34275,ECG,4466,-409,0,0,0,0,0
34275,ECG,4467,-228,0,0,0,0,0
34280,ECG,4468,9,0,0,0,0,0
34280,ECG,4469,110,0,0,0,0,0
34280,ECG,4470,110,0,0,0,0,0
34285,ECG,4471,-34,0,0,0,0,0
34285,ECG,4472,-290,0,0,0,0,0
34290,ECG,4473,-426,0,0,0,0,0
34290,ECG,4474,-481,0,0,0,0,0
34290,ECG,4475,-474,0,0,0,0,0
34295,ECG,4476,-366,0,0,0,0,0
34295,ECG,4477,-214,0,0,0,0,0
34300,ECG,4478,-55,0,0,0,0,0
34300,ECG,4479,102,0,0,0,0,0
34300,ECG,4480,127,0,0,0,0,0
34305,ECG,4481,124,0,0,0,0,0
34305,ECG,4482,7,0,0,0,0,0
34310,ECG,4483,-54,0,0,0,0,0
34310,ECG,4484,-65,0,0,0,0,0
34315,ECG,4485,-50,0,0,0,0,0
34315,ECG,4486,-16,0,0,0,0,0
34320,ECG,4487,120,0,0,0,0,0
34320,ECG,4488,46,0,0,0,0,0
34325,ECG,4489,-63,0,0,0,0,0
34325,ECG,4490,-227,0,0,0,0,0
34325,ECG,4491,-373,0,0,0,0,0
34330,ECG,4492,-449,0,0,0,0,0
34330,ECG,4493,-443,0,0,0,0,0
34335,ECG,4494,-354,0,0,0,0,0
34335,ECG,4495,-248,0,0,0,0,0
34335,ECG,4496,-15,0,0,0,0,0
34340,ECG,4497,126,0,0,0,0,0
34340,ECG,4498,125,0,0,0,0,0
34345,ECG,4499,1,0,0,0,0,0
34345,ECG,4500,-246,0,0,0,0,0
34345,ECG,4501,-469,0,0,0,0,0
34350,ECG,4502,-603,0,0,0,0,0
34350,ECG,4503,-649,0,0,0,0,0
34355,ECG,4504,-572,0,0,0,0,0
34355,ECG,4505,-411,0,0,0,0,0
34355,ECG,4506,-183,0,0,0,0,0
34360,ECG,4507,49,0,0,0,0,0
34360,ECG,4508,137,0,0,0,0,0
34360,ECG,4509,136,0,0,0,0,0
34365,ECG,4510,-24,0,0,0,0,0
34365,ECG,4511,-181,0,0,0,0,0
34370,ECG,4512,-254,0,0,0,0,0
34370,ECG,4513,-295,0,0,0,0,0
34375,ECG,4514,-229,0,0,0,0,0
34375,ECG,4515,36,0,0,0,0,0
34380,ECG,4516,138,0,0,0,0,0
34380,ECG,4517,61,0,0,0,0,0
34380,ECG,4518,-90,0,0,0,0,0
34385,ECG,4519,-383,0,0,0,0,0
34385,ECG,4520,-728,0,0,0,0,0
34390,ECG,4521,-885,0,0,0,0,0
34390,ECG,4522,-909,0,0,0,0,0
34390,ECG,4523,-790,0,0,0,0,0
34395,ECG,4524,-529,0,0,0,0,0
34395,ECG,4525,-236,0,0,0,0,0
34400,ECG,4526,26,0,0,0,0,0
34400,ECG,4527,158,0,0,0,0,0
34400,ECG,4528,156,0,0,0,0,0
34405,ECG,4529,50,0,0,0,0,0
34405,ECG,4530,-40,0,0,0,0,0
34410,ECG,4531,-96,0,0,0,0,0
34410,ECG,4532,-70,0,0,0,0,0
34415,ECG,4533,-34,0,0,0,0,0
34415,ECG,4534,9,0,0,0,0,0
34415,ECG,4535,139,0,0,0,0,0
34420,ECG,4536,150,0,0,0,0,0
34420,ECG,4537,118,0,0,0,0,0
34425,ECG,4538,-17,0,0,0,0,0
34425,ECG,4539,-158,0,0,0,0,0
34430,ECG,4540,-359,0,0,0,0,0
34430,ECG,4541,-359,0,0,0,0,0
34435,ECG,4542,-298,0,0,0,0,0
34435,ECG,4543,-169,0,0,0,0,0
34435,ECG,4544,-15,0,0,0,0,0
34440,ECG,4545,89,0,0,0,0,0
34440,ECG,4546,152,0,0,0,0,0
34445,ECG,4547,146,0,0,0,0,0
34445,ECG,4548,12,0,0,0,0,0
34445,ECG,4549,-29,0,0,0,0,0
34450,ECG,4550,-45,0,0,0,0,0
34450,ECG,4551,-53,0,0,0,0,0
34455,ECG,4552,-22,0,0,0,0,0
34455,ECG,4553,-4,0,0,0,0,0
34455,ECG,4554,126,0,0,0,0,0
34460,ECG,4555,144,0,0,0,0,0
34460,ECG,4556,143,0,0,0,0,0
34465,ECG,4557,-310,0,0,0,0,0
34465,ECG,4558,-565,0,0,0,0,0
34470,ECG,4559,-758,0,0,0,0,0
34470,ECG,4560,-815,0,0,0,0,0
34475,ECG,4561,-544,0,0,0,0,0
34475,ECG,4562,-239,0,0,0,0,0
34480,ECG,4563,21,0,0,0,0,0
34480,ECG,4564,161,0,0,0,0,0
34480,ECG,4565,159,0,0,0,0,0
34485,ECG,4566,-12,0,0,0,0,0
34485,ECG,4567,-210,0,0,0,0,0
34490,ECG,4568,-288,0,0,0,0,0
34490,ECG,4569,-317,0,0,0,0,0
34490,ECG,4570,-296,0,0,0,0,0
34495,ECG,4571,-213,0,0,0,0,0
34495,ECG,4572,18,0,0,0,0,0
34500,ECG,4573,161,0,0,0,0,0
34500,ECG,4574,118,0,0,0,0,0
34500,ECG,4575,-6,0,0,0,0,0
34505,ECG,4576,-241,0,0,0,0,0
34505,ECG,4577,-486,0,0,0,0,0
34510,ECG,4578,-636,0,0,0,0,0
34510,ECG,4579,-540,0,0,0,0,0
34515,ECG,4580,-351,0,0,0,0,0
34515,ECG,4581,-131,0,0,0,0,0
34515,ECG,4582,121,0,0,0,0,0
34520,ECG,4583,171,0,0,0,0,0
34520,ECG,4584,169,0,0,0,0,0
34525,ECG,4585,-53,0,0,0,0,0
34525,ECG,4586,-214,0,0,0,0,0
34530,ECG,4587,-399,0,0,0,0,0
34530,ECG,4588,-368,0,0,0,0,0
34535,ECG,4589,-293,0,0,0,0,0
34535,ECG,4590,-124,0,0,0,0,0
34535,ECG,4591,95,0,0,0,0,0
34540,ECG,4592,173,0,0,0,0,0
34540,ECG,4593,159,0,0,0,0,0
34545,ECG,4594,16,0,0,0,0,0
34545,ECG,4595,-202,0,0,0,0,0
34545,ECG,4596,-318,0,0,0,0,0
34550,ECG,4597,-372,0,0,0,0,0
34550,ECG,4598,-351,0,0,0,0,0
34555,ECG,4599,-273,0,0,0,0,0
34555,ECG,4600,-118,0,0,0,0,0
34555,ECG,4601,108,0,0,0,0,0
34560,ECG,4602,174,0,0,0,0,0
34560,ECG,4603,158,0,0,0,0,0
34565,ECG,4604,-233,0,0,0,0,0
34565,ECG,4605,-370,0,0,0,0,0
34570,ECG,4606,-438,0,0,0,0,0
34570,ECG,4607,-427,0,0,0,0,0
34570,ECG,4608,-323,0,0,0,0,0
34575,ECG,4609,-167,0,0,0,0,0
34575,ECG,4610,-3,0,0,0,0,0
34580,ECG,4611,152,0,0,0,0,0
34580,ECG,4612,177,0,0,0,0,0
34585,ECG,4613,37,0,0,0,0,0
34585,ECG,4614,-3,0,0,0,0,0
34590,ECG,4615,-25,0,0,0,0,0
34590,ECG,4616,-45,0,0,0,0,0
34590,ECG,4617,-34,0,0,0,0,0
34595,ECG,4618,80,0,0,0,0,0
34595,ECG,4619,170,0,0,0,0,0
34600,ECG,4620,168,0,0,0,0,0
34600,ECG,4621,49,0,0,0,0,0
34600,ECG,4622,-211,0,0,0,0,0
34605,ECG,4623,-533,0,0,0,0,0
34605,ECG,4624,-784,0,0,0,0,0
34610,ECG,4625,-924,0,0,0,0,0
34610,ECG,4626,-908,0,0,0,0,0
34610,ECG,4627,-732,0,0,0,0,0
34615,ECG,4628,-484,0,0,0,0,0
34615,ECG,4629,-143,0,0,0,0,0
34620,ECG,4630,188,0,0,0,0,0
34620,ECG,4631,142,0,0,0,0,0
34625,ECG,4632,-19,0,0,0,0,0
34625,ECG,4633,-193,0,0,0,0,0
34630,ECG,4634,-274,0,0,0,0,0
34630,ECG,4635,-237,0,0,0,0,0
34635,ECG,4636,-133,0,0,0,0,0
34635,ECG,4637,65,0,0,0,0,0
34635,ECG,4638,187,0,0,0,0,0
34640,ECG,4639,185,0,0,0,0,0
34640,ECG,4640,77,0,0,0,0,0
34645,ECG,4641,-191,0,0,0,0,0
34645,ECG,4642,-403,0,0,0,0,0
34645,ECG,4643,-537,0,0,0,0,0
34650,ECG,4644,-592,0,0,0,0,0
34650,ECG,4645,-523,0,0,0,0,0
34655,ECG,4646,-371,0,0,0,0,0
34655,ECG,4647,-147,0,0,0,0,0
34655,ECG,4648,80,0,0,0,0,0
34660,ECG,4649,194,0,0,0,0,0
34660,ECG,4650,192,0,0,0,0,0
34665,ECG,4651,-55,0,0,0,0,0
34665,ECG,4652,-115,0,0,0,0,0
34670,ECG,4653,-135,0,0,0,0,0
34670,ECG,4654,-103,0,0,0,0,0
34670,ECG,4655,-61,0,0,0,0,0
34675,ECG,4656,50,0,0,0,0,0
34675,ECG,4657,188,0,0,0,0,0
34680,ECG,4658,187,0,0,0,0,0
34680,ECG,4659,110,0,0,0,0,0
34685,ECG,4660,-279,0,0,0,0,0
34685,ECG,4661,-421,0,0,0,0,0
34690,ECG,4662,-493,0,0,0,0,0
34690,ECG,4663,-450,0,0,0,0,0
34690,ECG,4664,-352,0,0,0,0,0
34695,ECG,4665,-148,0,0,0,0,0
34695,ECG,4666,126,0,0,0,0,0
34700,ECG,4667,192,0,0,0,0,0
34700,ECG,4668,189,0,0,0,0,0
34700,ECG,4669,-16,0,0,0,0,0
34705,ECG,4670,-285,0,0,0,0,0
34705,ECG,4671,-429,0,0,0,0,0
34710,ECG,4672,-504,0,0,0,0,0
34710,ECG,4673,-480,0,0,0,0,0
34710,ECG,4674,-364,0,0,0,0,0
34715,ECG,4675,-178,0,0,0,0,0
34715,ECG,4676,55,0,0,0,0,0
34720,ECG,4677,195,0,0,0,0,0
34720,ECG,4678,109,0,0,0,0,0
34725,ECG,4679,-97,0,0,0,0,0
34725,ECG,4680,-178,0,0,0,0,0
34725,ECG,4681,-239,0,0,0,0,0
34730,ECG,4682,-235,0,0,0,0,0
34730,ECG,4683,-170,0,0,0,0,0
34735,ECG,4684,-87,0,0,0,0,0
34735,ECG,4685,125,0,0,0,0,0
34735,ECG,4686,193,0,0,0,0,0
34740,ECG,4687,192,0,0,0,0,0
34740,ECG,4688,28,0,0,0,0,0
34745,ECG,4689,-213,0,0,0,0,0
34745,ECG,4690,-406,0,0,0,0,0
34745,ECG,4691,-523,0,0,0,0,0
34750,ECG,4692,-543,0,0,0,0,0
34750,ECG,4693,-455,0,0,0,0,0
34755,ECG,4694,-291,0,0,0,0,0
34755,ECG,4695,-38,0,0,0,0,0
34755,ECG,4696,162,0,0,0,0,0
34760,ECG,4697,199,0,0,0,0,0
34760,ECG,4698,189,0,0,0,0,0
34765,ECG,4699,-59,0,0,0,0,0
34765,ECG,4700,-211,0,0,0,0,0
34765,ECG,4701,-280,0,0,0,0,0
34770,ECG,4702,-314,0,0,0,0,0
34770,ECG,4703,-263,0,0,0,0,0
34775,ECG,4704,18,0,0,0,0,0
34775,ECG,4705,179,0,0,0,0,0
34780,ECG,4706,197,0,0,0,0,0
34780,ECG,4707,143,0,0,0,0,0
34785,ECG,4708,-217,0,0,0,0,0
34785,ECG,4709,-305,0,0,0,0,0
34790,ECG,4710,-344,0,0,0,0,0
34790,ECG,4711,-281,0,0,0,0,0
34790,ECG,4712,-209,0,0,0,0,0
34795,ECG,4713,-3,0,0,0,0,0
34795,ECG,4714,199,0,0,0,0,0
34800,ECG,4715,197,0,0,0,0,0
34800,ECG,4716,72,0,0,0,0,0
34800,ECG,4717,-230,0,0,0,0,0
34805,ECG,4718,-559,0,0,0,0,0
34805,ECG,4719,-793,0,0,0,0,0
34810,ECG,4720,-886,0,0,0,0,0
34810,ECG,4721,-819,0,0,0,0,0
34810,ECG,4722,-629,0,0,0,0,0
34815,ECG,4723,-274,0,0,0,0,0
34815,ECG,4724,65,0,0,0,0,0
34820,ECG,4725,213,0,0,0,0,0
34820,ECG,4726,12,0,0,0,0,0
34825,ECG,4727,-295,0,0,0,0,0
34825,ECG,4728,-400,0,0,0,0,0
34825,ECG,4729,-462,0,0,0,0,0
34830,ECG,4730,-421,0,0,0,0,0
34830,ECG,4731,-305,0,0,0,0,0
34835,ECG,4732,-98,0,0,0,0,0
34835,ECG,4733,148,0,0,0,0,0
34840,ECG,4734,215,0,0,0,0,0
34840,ECG,4735,24,0,0,0,0,0
34845,ECG,4736,-196,0,0,0,0,0
34845,ECG,4737,-303,0,0,0,0,0
34845,ECG,4738,-357,0,0,0,0,0
34850,ECG,4739,-328,0,0,0,0,0
34850,ECG,4740,-230,0,0,0,0,0
34855,ECG,4741,-67,0,0,0,0,0
34855,ECG,4742,132,0,0,0,0,0
34855,ECG,4743,216,0,0,0,0,0
34860,ECG,4744,214,0,0,0,0,0
34860,ECG,4745,59,0,0,0,0,0
34865,ECG,4746,-145,0,0,0,0,0
34865,ECG,4747,-258,0,0,0,0,0
34865,ECG,4748,-337,0,0,0,0,0
34870,ECG,4749,-332,0,0,0,0,0
34870,ECG,4750,-267,0,0,0,0,0
34875,ECG,4751,166,0,0,0,0,0
34875,ECG,4752,215,0,0,0,0,0
34880,ECG,4753,135,0,0,0,0,0
34880,ECG,4754,-91,0,0,0,0,0
34885,ECG,4755,-637,0,0,0,0,0
34885,ECG,4756,-735,0,0,0,0,0
34890,ECG,4757,-704,0,0,0,0,0
34890,ECG,4758,-540,0,0,0,0,0
34890,ECG,4759,-295,0,0,0,0,0
34895,ECG,4760,-16,0,0,0,0,0
34895,ECG,4761,220,0,0,0,0,0
34900,ECG,4762,226,0,0,0,0,0
34900,ECG,4763,206,0,0,0,0,0
34900,ECG,4764,24,0,0,0,0,0
34905,ECG,4765,-55,0,0,0,0,0
34905,ECG,4766,-99,0,0,0,0,0
34910,ECG,4767,-102,0,0,0,0,0
34910,ECG,4768,-65,0,0,0,0,0
34910,ECG,4769,-3,0,0,0,0,0
34915,ECG,4770,170,0,0,0,0,0
34915,ECG,4771,218,0,0,0,0,0
34920,ECG,4772,42,0,0,0,0,0
34920,ECG,4773,-187,0,0,0,0,0
34925,ECG,4774,-386,0,0,0,0,0
34925,ECG,4775,-508,0,0,0,0,0
34930,ECG,4776,-448,0,0,0,0,0
34930,ECG,4777,-284,0,0,0,0,0
34935,ECG,4778,-40,0,0,0,0,0
34935,ECG,4779,172,0,0,0,0,0
34935,ECG,4780,222,0,0,0,0,0
34940,ECG,4781,213,0,0,0,0,0
34940,ECG,4782,-2,0,0,0,0,0
34945,ECG,4783,-155,0,0,0,0,0
34945,ECG,4784,-223,0,0,0,0,0
34945,ECG,4785,-262,0,0,0,0,0
34950,ECG,4786,-211,0,0,0,0,0
34950,ECG,4787,-119,0,0,0,0,0
34955,ECG,4788,-4,0,0,0,0,0
34955,ECG,4789,175,0,0,0,0,0
34955,ECG,4790,218,0,0,0,0,0
34960,ECG,4791,216,0,0,0,0,0
34960,ECG,4792,59,0,0,0,0,0
34965,ECG,4793,-81,0,0,0,0,0
34965,ECG,4794,-185,0,0,0,0,0
34965,ECG,4795,-255,0,0,0,0,0
34970,ECG,4796,-240,0,0,0,0,0
34970,ECG,4797,-190,0,0,0,0,0
34975,ECG,4798,137,0,0,0,0,0
34975,ECG,4799,211,0,0,0,0,0
34980,ECG,4800,195,0,0,0,0,0
34980,ECG,4801,83,0,0,0,0,0
34985,ECG,4802,-241,0,0,0,0,0
34985,ECG,4803,-293,0,0,0,0,0
34990,ECG,4804,-284,0,0,0,0,0
34990,ECG,4805,-209,0,0,0,0,0
34990,ECG,4806,-80,0,0,0,0,0
34995,ECG,4807,116,0,0,0,0,0
34995,ECG,4808,213,0,0,0,0,0
35000,ECG,4809,211,0,0,0,0,0
35000,ECG,4810,91,0,0,0,0,0
35000,ECG,4811,-122,0,0,0,0,0
35005,ECG,4812,-244,0,0,0,0,0
35005,ECG,4813,-330,0,0,0,0,0
35010,ECG,4814,-340,0,0,0,0,0
35010,ECG,4815,-266,0,0,0,0,0
35010,ECG,4816,-158,0,0,0,0,0
35015,ECG,4817,60,0,0,0,0,0
35015,ECG,4818,212,0,0,0,0,0
35020,ECG,4819,99,0,0,0,0,0
35020,ECG,4820,-133,0,0,0,0,0
35025,ECG,4821,-325,0,0,0,0,0
35025,ECG,4822,-446,0,0,0,0,0
35025,ECG,4823,-469,0,0,0,0,0
35030,ECG,4824,-407,0,0,0,0,0
35030,ECG,4825,-268,0,0,0,0,0
35035,ECG,4826,15,0,0,0,0,0
35035,ECG,4827,196,0,0,0,0,0
35035,ECG,4828,213,0,0,0,0,0
35040,ECG,4829,134,0,0,0,0,0
35040,ECG,4830,-129,0,0,0,0,0
35045,ECG,4831,-345,0,0,0,0,0
35045,ECG,4832,-420,0,0,0,0,0
35045,ECG,4833,-437,0,0,0,0,0
35050,ECG,4834,-374,0,0,0,0,0
35050,ECG,4835,-177,0,0,0,0,0
35055,ECG,4836,90,0,0,0,0,0
35055,ECG,4837,189,0,0,0,0,0
35055,ECG,4838,177,0,0,0,0,0
35060,ECG,4839,28,0,0,0,0,0
35060,ECG,4840,-289,0,0,0,0,0
35065,ECG,4841,-482,0,0,0,0,0
35065,ECG,4842,-550,0,0,0,0,0
35065,ECG,4843,-548,0,0,0,0,0
35070,ECG,4844,-401,0,0,0,0,0
35070,ECG,4845,-222,0,0,0,0,0
35075,ECG,4846,224,0,0,0,0,0
35075,ECG,4847,222,0,0,0,0,0
35080,ECG,4848,175,0,0,0,0,0
35080,ECG,4849,-59,0,0,0,0,0
35085,ECG,4850,-372,0,0,0,0,0
35085,ECG,4851,-441,0,0,0,0,0
35090,ECG,4852,-396,0,0,0,0,0
35090,ECG,4853,-297,0,0,0,0,0
35090,ECG,4854,-103,0,0,0,0,0
35095,ECG,4855,138,0,0,0,0,0
35095,ECG,4856,224,0,0,0,0,0
35100,ECG,4857,222,0,0,0,0,0
35100,ECG,4858,66,0,0,0,0,0
35100,ECG,4859,-152,0,0,0,0,0
35105,ECG,4860,-257,0,0,0,0,0
35105,ECG,4861,-315,0,0,0,0,0
35110,ECG,4862,-292,0,0,0,0,0
35110,ECG,4863,-218,0,0,0,0,0
35110,ECG,4864,-59,0,0,0,0,0
35115,ECG,4865,167,0,0,0,0,0
35115,ECG,4866,222,0,0,0,0,0
35120,ECG,4867,42,0,0,0,0,0
35120,ECG,4868,-187,0,0,0,0,0
35125,ECG,4869,-311,0,0,0,0,0
35125,ECG,4870,-368,0,0,0,0,0
35125,ECG,4871,-350,0,0,0,0,0
35130,ECG,4872,-259,0,0,0,0,0
35130,ECG,4873,-30,0,0,0,0,0
35135,ECG,4874,222,0,0,0,0,0
35135,ECG,4875,220,0,0,0,0,0
35140,ECG,4876,-222,0,0,0,0,0
35140,ECG,4877,-643,0,0,0,0,0
35145,ECG,4878,-906,0,0,0,0,0
35145,ECG,4879,-1040,0,0,0,0,0
35145,ECG,4880,-1000,0,0,0,0,0
35150,ECG,4881,-777,0,0,0,0,0
35150,ECG,4882,-431,0,0,0,0,0
35155,ECG,4883,-60,0,0,0,0,0
35155,ECG,4884,221,0,0,0,0,0
35155,ECG,4885,242,0,0,0,0,0
35160,ECG,4886,159,0,0,0,0,0
35160,ECG,4887,-74,0,0,0,0,0
35165,ECG,4888,-192,0,0,0,0,0
35165,ECG,4889,-245,0,0,0,0,0
35165,ECG,4890,-219,0,0,0,0,0
35170,ECG,4891,-155,0,0,0,0,0
35170,ECG,4892,1,0,0,0,0,0
35175,ECG,4893,237,0,0,0,0,0
35175,ECG,4894,128,0,0,0,0,0
35180,ECG,4895,-180,0,0,0,0,0
35180,ECG,4896,-554,0,0,0,0,0
35180,ECG,4897,-855,0,0,0,0,0
35185,ECG,4898,-997,0,0,0,0,0
35185,ECG,4899,-964,0,0,0,0,0
35190,ECG,4900,-752,0,0,0,0,0
35190,ECG,4901,-439,0,0,0,0,0
35190,ECG,4902,-65,0,0,0,0,0
35195,ECG,4903,258,0,0,0,0,0
35195,ECG,4904,256,0,0,0,0,0
35200,ECG,4905,254,0,0,0,0,0
35200,ECG,4906,-64,0,0,0,0,0
35200,ECG,4907,-235,0,0,0,0,0
35205,ECG,4908,-352,0,0,0,0,0
35205,ECG,4909,-409,0,0,0,0,0
35210,ECG,4910,-354,0,0,0,0,0
35210,ECG,4911,-233,0,0,0,0,0
35210,ECG,4912,-20,0,0,0,0,0
35215,ECG,4913,179,0,0,0,0,0
35215,ECG,4914,256,0,0,0,0,0
35220,ECG,4915,48,0,0,0,0,0
35220,ECG,4916,-132,0,0,0,0,0
35225,ECG,4917,-231,0,0,0,0,0
35225,ECG,4918,-268,0,0,0,0,0
35225,ECG,4919,-239,0,0,0,0,0
35230,ECG,4920,-152,0,0,0,0,0
35230,ECG,4921,76,0,0,0,0,0
35235,ECG,4922,252,0,0,0,0,0
35235,ECG,4923,241,0,0,0,0,0
35240,ECG,4924,-184,0,0,0,0,0
35240,ECG,4925,-471,0,0,0,0,0
35245,ECG,4926,-645,0,0,0,0,0
35245,ECG,4927,-680,0,0,0,0,0
35245,ECG,4928,-594,0,0,0,0,0
35250,ECG,4929,-396,0,0,0,0,0
35250,ECG,4930,-62,0,0,0,0,0
35255,ECG,4931,222,0,0,0,0,0
35255,ECG,4932,259,0,0,0,0,0
35255,ECG,4933,210,0,0,0,0,0
35260,ECG,4934,-111,0,0,0,0,0
35260,ECG,4935,-398,0,0,0,0,0
35265,ECG,4936,-533,0,0,0,0,0
35265,ECG,4937,-595,0,0,0,0,0
35265,ECG,4938,-517,0,0,0,0,0
35270,ECG,4939,-332,0,0,0,0,0
35270,ECG,4940,-130,0,0,0,0,0
35275,ECG,4941,265,0,0,0,0,0
35275,ECG,4942,262,0,0,0,0,0
35280,ECG,4943,87,0,0,0,0,0
35280,ECG,4944,-134,0,0,0,0,0
35285,ECG,4945,-423,0,0,0,0,0
35285,ECG,4946,-439,0,0,0,0,0
35290,ECG,4947,-355,0,0,0,0,0
35290,ECG,4948,-167,0,0,0,0,0
35290,ECG,4949,81,0,0,0,0,0
35295,ECG,4950,265,0,0,0,0,0
35295,ECG,4951,263,0,0,0,0,0
35300,ECG,4952,106,0,0,0,0,0
35300,ECG,4953,-239,0,0,0,0,0
35300,ECG,4954,-483,0,0,0,0,0
35305,ECG,4955,-625,0,0,0,0,0
35305,ECG,4956,-670,0,0,0,0,0
35310,ECG,4957,-551,0,0,0,0,0
35310,ECG,4958,-368,0,0,0,0,0
35310,ECG,4959,-92,0,0,0,0,0
35315,ECG,4960,243,0,0,0,0,0
35315,ECG,4961,272,0,0,0,0,0
35320,ECG,4962,269,0,0,0,0,0
35320,ECG,4963,44,0,0,0,0,0
35320,ECG,4964,-208,0,0,0,0,0
35325,ECG,4965,-353,0,0,0,0,0
35325,ECG,4966,-410,0,0,0,0,0
35330,ECG,4967,-263,0,0,0,0,0
35330,ECG,4968,26,0,0,0,0,0
35335,ECG,4969,237,0,0,0,0,0
35335,ECG,4970,242,0,0,0,0,0
35340,ECG,4971,-246,0,0,0,0,0
35340,ECG,4972,-622,0,0,0,0,0
35345,ECG,4973,-818,0,0,0,0,0
35345,ECG,4974,-874,0,0,0,0,0
35345,ECG,4975,-768,0,0,0,0,0
35350,ECG,4976,-511,0,0,0,0,0
35350,ECG,4977,-179,0,0,0,0,0
35355,ECG,4978,179,0,0,0,0,0
35355,ECG,4979,286,0,0,0,0,0
35355,ECG,4980,284,0,0,0,0,0
35360,ECG,4981,27,0,0,0,0,0
35360,ECG,4982,-240,0,0,0,0,0
35365,ECG,4983,-394,0,0,0,0,0
35365,ECG,4984,-458,0,0,0,0,0
35365,ECG,4985,-422,0,0,0,0,0
35370,ECG,4986,-280,0,0,0,0,0
35370,ECG,4987,-99,0,0,0,0,0
35375,ECG,4988,288,0,0,0,0,0
35375,ECG,4989,285,0,0,0,0,0
35380,ECG,4990,275,0,0,0,0,0
35380,ECG,4991,152,0,0,0,0,0
35380,ECG,4992,96,0,0,0,0,0
35385,ECG,4993,64,0,0,0,0,0
35385,ECG,4994,58,0,0,0,0,0
35390,ECG,4995,46,0,0,0,0,0
35390,ECG,4996,140,0,0,0,0,0
35390,ECG,4997,273,0,0,0,0,0
35395,ECG,4998,263,0,0,0,0,0
35395,ECG,4999,117,0,0,0,0,0
35400,ECG,5000,-32,0,0,0,0,0
35400,ECG,5001,-279,0,0,0,0,0
35400,ECG,5002,-473,0,0,0,0,0
35405,ECG,5003,-535,0,0,0,0,0
35405,ECG,5004,-489,0,0,0,0,0
35410,ECG,5005,-359,0,0,0,0,0
35410,ECG,5006,-102,0,0,0,0,0
35410,ECG,5007,201,0,0,0,0,0
35415,ECG,5008,275,0,0,0,0,0
35415,ECG,5009,273,0,0,0,0,0
35420,ECG,5010,1,0,0,0,0,0
35420,ECG,5011,-321,0,0,0,0,0
35420,ECG,5012,-511,0,0,0,0,0
35425,ECG,5013,-629,0,0,0,0,0
35425,ECG,5014,-608,0,0,0,0,0
35430,ECG,5015,-214,0,0,0,0,0
35430,ECG,5016,137,0,0,0,0,0
35435,ECG,5017,282,0,0,0,0,0
35435,ECG,5018,279,0,0,0,0,0
35440,ECG,5019,-426,0,0,0,0,0
35440,ECG,5020,-740,0,0,0,0,0
35445,ECG,5021,-905,0,0,0,0,0
35445,ECG,5022,-915,0,0,0,0,0
35445,ECG,5023,-753,0,0,0,0,0
35450,ECG,5024,-372,0,0,0,0,0
35450,ECG,5025,33,0,0,0,0,0
35455,ECG,5026,232,0,0,0,0,0
35455,ECG,5027,266,0,0,0,0,0
35455,ECG,5028,16,0,0,0,0,0
35460,ECG,5029,-450,0,0,0,0,0
35460,ECG,5030,-740,0,0,0,0,0
35465,ECG,5031,-842,0,0,0,0,0
35465,ECG,5032,-814,0,0,0,0,0
35465,ECG,5033,-604,0,0,0,0,0
35470,ECG,5034,-336,0,0,0,0,0
35470,ECG,5035,48,0,0,0,0,0
35475,ECG,5036,309,0,0,0,0,0
35475,ECG,5037,168,0,0,0,0,0
35480,ECG,5038,-170,0,0,0,0,0
35480,ECG,5039,-489,0,0,0,0,0
35480,ECG,5040,-697,0,0,0,0,0
35485,ECG,5041,-759,0,0,0,0,0
35485,ECG,5042,-674,0,0,0,0,0
35490,ECG,5043,-461,0,0,0,0,0
35490,ECG,5044,-121,0,0,0,0,0
35495,ECG,5045,320,0,0,0,0,0
35495,ECG,5046,317,0,0,0,0,0
35500,ECG,5047,91,0,0,0,0,0
35500,ECG,5048,-162,0,0,0,0,0
35500,ECG,5049,-284,0,0,0,0,0
35505,ECG,5050,-327,0,0,0,0,0
35505,ECG,5051,-296,0,0,0,0,0
35510,ECG,5052,-185,0,0,0,0,0
35510,ECG,5053,116,0,0,0,0,0
35510,ECG,5054,317,0,0,0,0,0
35515,ECG,5055,295,0,0,0,0,0
35515,ECG,5056,127,0,0,0,0,0
35520,ECG,5057,-206,0,0,0,0,0
35520,ECG,5058,-562,0,0,0,0,0
35520,ECG,5059,-756,0,0,0,0,0
35525,ECG,5060,-805,0,0,0,0,0
35525,ECG,5061,-697,0,0,0,0,0
35525,ECG,5062,-440,0,0,0,0,0
35530,ECG,5063,-98,0,0,0,0,0
35530,ECG,5064,205,0,0,0,0,0
35535,ECG,5065,327,0,0,0,0,0
35535,ECG,5066,324,0,0,0,0,0
35540,ECG,5067,-110,0,0,0,0,0
35540,ECG,5068,-196,0,0,0,0,0
35545,ECG,5069,-241,0,0,0,0,0
35545,ECG,5070,-184,0,0,0,0,0
35545,ECG,5071,-83,0,0,0,0,0
35550,ECG,5072,81,0,0,0,0,0
35550,ECG,5073,289,0,0,0,0,0
35555,ECG,5074,319,0,0,0,0,0
35555,ECG,5075,295,0,0,0,0,0
35555,ECG,5076,106,0,0,0,0,0
35560,ECG,5077,-86,0,0,0,0,0
35560,ECG,5078,-206,0,0,0,0,0
35565,ECG,5079,-275,0,0,0,0,0
35565,ECG,5080,-247,0,0,0,0,0
35565,ECG,5081,-156,0,0,0,0,0
35570,ECG,5082,-6,0,0,0,0,0
35570,ECG,5083,269,0,0,0,0,0
35575,ECG,5084,310,0,0,0,0,0
35575,ECG,5085,38,0,0,0,0,0
35580,ECG,5086,-281,0,0,0,0,0
35580,ECG,5087,-547,0,0,0,0,0
35580,ECG,5088,-696,0,0,0,0,0
35585,ECG,5089,-702,0,0,0,0,0
35585,ECG,5090,-588,0,0,0,0,0
35590,ECG,5091,-263,0,0,0,0,0
35590,ECG,5092,116,0,0,0,0,0
35595,ECG,5093,280,0,0,0,0,0
35595,ECG,5094,98,0,0,0,0,0
35600,ECG,5095,-307,0,0,0,0,0
35600,ECG,5096,-535,0,0,0,0,0
35600,ECG,5097,-596,0,0,0,0,0
35605,ECG,5098,-563,0,0,0,0,0
35605,ECG,5099,-388,0,0,0,0,0
35610,ECG,5100,-148,0,0,0,0,0
35610,ECG,5101,115,0,0,0,0,0
35610,ECG,5102,326,0,0,0,0,0
35615,ECG,5103,323,0,0,0,0,0
35615,ECG,5104,274,0,0,0,0,0
35620,ECG,5105,77,0,0,0,0,0
35620,ECG,5106,-24,0,0,0,0,0
35620,ECG,5107,-110,0,0,0,0,0
35625,ECG,5108,-135,0,0,0,0,0
35625,ECG,5109,-96,0,0,0,0,0
35630,ECG,5110,169,0,0,0,0,0
35630,ECG,5111,315,0,0,0,0,0
35635,ECG,5112,312,0,0,0,0,0
35635,ECG,5113,149,0,0,0,0,0
35640,ECG,5114,-314,0,0,0,0,0
35640,ECG,5115,-480,0,0,0,0,0
35645,ECG,5116,-517,0,0,0,0,0
35645,ECG,5117,-442,0,0,0,0,0
35645,ECG,5118,-273,0,0,0,0,0
35650,ECG,5119,12,0,0,0,0,0
31782,IMU,416,1472,0,8432,-77,69,42
31801,IMU,417,1460,-28,8456,-79,55,48
31821,IMU,418,1560,-32,8416,-111,74,33
31839,IMU,419,1492,-4,8296,-88,57,50
31859,IMU,420,1456,-56,8436,-81,72,38
31879,IMU,421,1556,-32,8368,-80,62,34
31897,IMU,422,1564,-36,8404,-90,68,45
31916,IMU,423,1584,-60,8444,-87,63,48
31935,IMU,424,1564,-44,8368,-85,41,30
31954,IMU,425,1540,48,8376,-97,72,43
31973,IMU,426,1444,-72,8364,-85,67,50
31992,IMU,427,1528,-68,8364,-81,61,39
32011,IMU,428,1396,44,8300,-89,67,35
32031,IMU,429,1596,24,8308,-89,55,59
32049,IMU,430,1468,-12,8412,-79,59,45
32069,IMU,431,1480,-144,8424,-85,57,41
32088,IMU,432,1592,-28,8340,-101,53,47
32107,IMU,433,1564,-80,8412,-93,59,52
32126,IMU,434,1576,40,8324,-74,60,45
32144,IMU,435,1580,-64,8372,-82,65,48
32164,IMU,436,1552,0,8264,-76,56,43
32183,IMU,437,1540,-48,8288,-81,54,42
32202,IMU,438,1512,8,8432,-81,60,46
32221,IMU,439,1452,-112,8332,-77,54,50
32240,IMU,440,1536,-88,8364,-82,75,42
32259,IMU,441,1520,-36,8440,-77,58,33
32279,IMU,442,1536,-20,8320,-85,54,39
32298,IMU,443,1556,0,8448,-86,63,43
32317,IMU,444,1380,-8,8400,-85,47,41
32336,IMU,445,1460,-64,8372,-84,61,52
32354,IMU,446,1476,-16,8444,-82,47,44
32374,IMU,447,1508,-76,8352,-92,60,62
32393,IMU,448,1532,-12,8428,-85,66,51
32412,IMU,449,1544,-52,8348,-87,63,30
32432,IMU,450,1476,-100,8416,-74,73,52
32451,IMU,451,1540,72,8400,-86,61,40
32469,IMU,452,1476,-108,8356,-80,45,30
32489,IMU,453,1536,8,8308,-77,58,39
32508,IMU,454,1576,-68,8392,-86,42,54
32527,IMU,455,1548,48,8360,-101,65,51
32546,IMU,456,1568,60,8424,-86,73,48
32564,IMU,457,1520,-36,8416,-87,45,44
32584,IMU,458,1496,-64,8360,-87,54,44
32603,IMU,459,1528,-96,8376,-82,62,26
32622,IMU,460,1496,-76,8392,-64,53,50
32641,IMU,461,1456,-68,8380,-76,62,42
32660,IMU,462,1580,-4,8348,-89,61,35
32679,IMU,463,1512,40,8460,-85,70,42
32698,IMU,464,1472,8,8404,-68,47,46
32717,IMU,465,1508,-60,8376,-91,61,49
32736,IMU,466,1500,-44,8320,-67,72,30
32755,IMU,467,1532,-88,8316,-82,59,46
32774,IMU,468,1604,-16,8388,-73,53,39
32794,IMU,469,1556,-32,8420,-88,57,64
32813,IMU,470,1560,-24,8332,-89,79,38
32832,IMU,471,1436,-32,8332,-82,66,43
32851,IMU,472,1496,-16,8392,-73,69,63
32869,IMU,473,1520,-60,8368,-99,66,59
32889,IMU,474,1436,-100,8384,-94,65,39
32908,IMU,475,1560,-116,8408,-94,80,62
32927,IMU,476,1496,-56,8456,-100,56,54
32946,IMU,477,1440,-32,8432,-77,71,46
32965,IMU,478,1464,-76,8324,-67,68,58
32984,IMU,479,1500,-24,8400,-69,53,33
33003,IMU,480,1620,-56,8372,-100,76,36
33022,IMU,481,1428,-92,8332,-73,73,27
33041,IMU,482,1536,-4,8372,-90,68,37
33061,IMU,483,1464,-64,8396,-79,63,47
33079,IMU,484,1580,-4,8328,-95,51,33
33099,IMU,485,1532,0,8348,-96,63,55
33118,IMU,486,1516,-48,8384,-76,56,57
33137,IMU,487,1472,-4,8424,-65,53,26
33156,IMU,488,1424,-64,8336,-94,61,45
33174,IMU,489,1448,-28,8404,-83,84,43
33194,IMU,490,1436,-12,8468,-83,59,47
33213,IMU,491,1532,-44,8356,-95,81,47
33232,IMU,492,1548,76,8468,-92,62,43
33251,IMU,493,1440,-88,8360,-77,68,40
33270,IMU,494,1468,16,8420,-91,50,35
33289,IMU,495,1460,60,8380,-86,69,60
33308,IMU,496,1412,-148,8412,-81,66,42
33327,IMU,497,1544,-88,8392,-66,80,42
33346,IMU,498,1504,-84,8388,-94,66,36
33366,IMU,499,1452,-52,8412,-81,75,42
33384,IMU,500,1592,-4,8384,-88,67,50
33404,IMU,501,1520,-40,8380,-87,59,39
33423,IMU,502,1456,32,8340,-78,61,37
33442,IMU,503,1492,-20,8348,-74,72,39
33462,IMU,504,1600,-84,8408,-74,76,41
33480,IMU,505,1516,-84,8436,-72,65,21
33499,IMU,506,1572,64,8412,-79,53,58
33518,IMU,507,1644,-72,8360,-79,57,38
33537,IMU,508,1632,4,8416,-92,55,40
33556,IMU,509,1552,-84,8308,-89,58,52
33576,IMU,510,1556,-68,8476,-74,72,46
33594,IMU,511,1572,-56,8444,-67,59,29
33614,IMU,512,1520,16,8268,-80,81,37
33633,IMU,513,1540,-68,8324,-82,54,50
33652,IMU,514,1536,-20,8376,-97,79,38
33671,IMU,515,1528,-60,8360,-74,62,35
33689,IMU,516,1564,-68,8432,-70,73,31
33709,IMU,517,1532,-40,8376,-79,56,38
33728,IMU,518,1492,-92,8372,-77,56,34
33747,IMU,519,1560,-92,8396,-98,68,58
33766,IMU,520,1540,-60,8432,-96,60,53
33785,IMU,521,1480,-80,8472,-93,67,34
33804,IMU,522,1516,-8,8376,-73,59,45
33824,IMU,523,1556,36,8400,-93,56,52
33843,IMU,524,1496,8,8424,-86,55,40
33862,IMU,525,1520,-20,8360,-113,44,36
33881,IMU,526,1500,-24,8328,-80,68,46
33899,IMU,527,1584,-24,8348,-76,56,60
33919,IMU,528,1556,-84,8408,-79,69,48
33938,IMU,529,1504,4,8372,-76,48,19
33957,IMU,530,1480,-24,8396,-85,65,51
33976,IMU,531,1520,-76,8328,-77,64,34
33995,IMU,532,1548,-56,8412,-77,78,39
34014,IMU,533,1596,8,8312,-75,60,40
34034,IMU,534,1512,-12,8336,-85,58,48
34052,IMU,535,1520,44,8416,-73,58,55
34071,IMU,536,1512,-40,8432,-71,72,44
34091,IMU,537,1572,-32,8396,-77,58,45
34109,IMU,538,1544,-48,8360,-95,64,25
34129,IMU,539,1576,-52,8356,-86,47,30
34148,IMU,540,1552,-112,8344,-86,56,31
34167,IMU,541,1488,-60,8460,-81,54,36
34186,IMU,542,1556,-64,8392,-80,60,40
34205,IMU,543,1604,16,8264,-89,62,50
34224,IMU,544,1584,-124,8384,-87,55,46
34243,IMU,545,1504,-56,8424,-70,65,42
34262,IMU,546,1476,4,8376,-77,56,47
34281,IMU,547,1584,48,8440,-80,48,47
34301,IMU,548,1536,-104,8452,-99,52,46
34319,IMU,549,1532,-4,8408,-79,53,30
34339,IMU,550,1416,52,8436,-77,61,41
34358,IMU,551,1540,-52,8452,-80,63,58
34377,IMU,552,1584,-4,8404,-103,43,44
34396,IMU,553,1492,32,8348,-96,72,58
34415,IMU,554,1520,-16,8444,-88,56,46
34434,IMU,555,1492,-16,8412,-79,64,35
34453,IMU,556,1460,-8,8384,-75,66,56
34472,IMU,557,1440,44,8496,-90,66,39
34491,IMU,558,1432,40,8340,-80,76,33
34510,IMU,559,1524,-44,8440,-88,67,41
34529,IMU,560,1480,-48,8424,-93,61,48
34549,IMU,561,1500,-16,8468,-93,67,53
34568,IMU,562,1480,32,8336,-102,37,43
34586,IMU,563,1460,-36,8388,-100,54,39
34606,IMU,564,1412,16,8352,-84,50,52
34624,IMU,565,1472,-12,8400,-98,73,48
34644,IMU,566,1608,-88,8412,-83,67,59
34663,IMU,567,1488,8,8432,-70,63,36
34682,IMU,568,1436,40,8452,-85,55,37
34701,IMU,569,1544,24,8456,-80,70,40
34720,IMU,570,1604,-20,8352,-84,66,37
34739,IMU,571,1524,-36,8388,-94,61,43
34758,IMU,572,1588,28,8336,-98,66,32
34777,IMU,573,1512,-56,8352,-87,68,42
34796,IMU,574,1564,-56,8368,-90,61,47
34816,IMU,575,1496,-56,8420,-70,53,42
34834,IMU,576,1536,-28,8324,-92,76,47
34854,IMU,577,1484,-72,8396,-86,57,42
34873,IMU,578,1504,60,8340,-86,45,48
34892,IMU,579,1508,-52,8424,-104,62,36
34911,IMU,580,1556,88,8300,-96,71,41
34930,IMU,581,1572,-104,8304,-92,70,42
34949,IMU,582,1500,4,8296,-70,41,42
34968,IMU,583,1496,-48,8416,-84,60,45
34987,IMU,584,1456,-64,8448,-105,65,39
35006,IMU,585,1452,12,8440,-83,60,43
35026,IMU,586,1504,-56,8340,-82,55,25
35046,IMU,587,1560,-64,8464,-83,67,44
35064,IMU,588,1444,-32,8476,-79,49,54
35083,IMU,589,1520,-12,8300,-82,63,40
35102,IMU,590,1580,-24,8380,-84,63,33
35121,IMU,591,1492,-88,8368,-84,59,43
35139,IMU,592,1540,-68,8404,-88,52,45
35159,IMU,593,1516,4,8360,-72,55,48
35178,IMU,594,1536,-28,8376,-100,75,55
35197,IMU,595,1516,4,8304,-78,68,43
35216,IMU,596,1420,-40,8364,-102,45,48
35235,IMU,597,1476,48,8444,-85,64,43
35254,IMU,598,1524,-76,8356,-93,47,51
35273,IMU,599,1472,52,8292,-81,69,61
35292,IMU,600,1528,-40,8400,-86,50,47
35311,IMU,601,1564,-104,8396,-84,59,38
35331,IMU,602,1452,-68,8380,-96,68,49
35349,IMU,603,1612,60,8348,-81,63,34
35369,IMU,604,1548,-24,8252,-79,63,37
35388,IMU,605,1580,-44,8328,-95,67,13
35407,IMU,606,1612,-80,8404,-89,62,53
35426,IMU,607,1528,-68,8384,-86,64,59
35444,IMU,608,1460,-64,8432,-93,57,45
35464,IMU,609,1492,-28,8480,-70,59,25
35483,IMU,610,1576,40,8312,-92,68,43
35502,IMU,611,1552,-8,8280,-87,74,46
35521,IMU,612,1552,-36,8340,-77,42,34
35540,IMU,613,1396,40,8336,-87,56,52
35559,IMU,614,1424,-52,8364,-87,60,28
35578,IMU,615,1444,-64,8468,-81,60,34
35597,IMU,616,1532,-48,8392,-89,74,40
35617,IMU,617,1504,-132,8388,-83,56,52
35636,IMU,618,1472,-48,8396,-77,72,46
35654,IMU,619,1540,-4,8300,-79,64,40
35674,IMU,620,1496,-100,8412,-85,60,46
35693,IMU,621,1580,-36,8496,-76,74,42
35712,IMU,622,1480,-60,8360,-73,68,41
35731,IMU,623,1484,72,8432,-77,79,25
29817,PPG,100,161433,80750,0,0,0,0
29896,PPG,101,161430,80754,0,0,0,0
29972,PPG,102,161440,80747,0,0,0,0
30051,PPG,103,161432,80749,0,0,0,0
30131,PPG,104,161437,80752,0,0,0,0
30209,PPG,105,161444,80744,0,0,0,0
30289,PPG,106,161431,80750,0,0,0,0
30372,PPG,107,161434,80752,0,0,0,0
30449,PPG,108,161433,80759,0,0,0,0
30527,PPG,109,161420,80747,0,0,0,0
30606,PPG,110,161431,80754,0,0,0,0
30685,PPG,111,161441,80744,0,0,0,0
30764,PPG,112,161440,80745,0,0,0,0
30847,PPG,113,161435,80741,0,0,0,0
30926,PPG,114,161430,80752,0,0,0,0
31002,PPG,115,161443,80743,0,0,0,0
31081,PPG,116,161424,80743,0,0,0,0
31161,PPG,117,161444,80743,0,0,0,0
31239,PPG,118,161434,80748,0,0,0,0
31319,PPG,119,161436,80742,0,0,0,0
31405,PPG,120,161436,80761,0,0,0,0
31481,PPG,121,161450,80760,0,0,0,0
31558,PPG,122,161443,80756,0,0,0,0
31637,PPG,123,161438,80761,0,0,0,0
31717,PPG,124,161437,80750,0,0,0,0
31797,PPG,125,161441,80746,0,0,0,0
31879,PPG,126,161432,80737,0,0,0,0
31956,PPG,127,161434,80746,0,0,0,0
32033,PPG,128,161436,80748,0,0,0,0
32112,PPG,129,161442,80748,0,0,0,0
32191,PPG,130,161453,80757,0,0,0,0
32270,PPG,131,161434,80756,0,0,0,0
32349,PPG,132,161436,80737,0,0,0,0
32432,PPG,133,161432,80747,0,0,0,0
32510,PPG,134,161436,80750,0,0,0,0
32587,PPG,135,161448,80740,0,0,0,0
32666,PPG,136,161430,80738,0,0,0,0
32745,PPG,137,161426,80752,0,0,0,0
32824,PPG,138,161439,80752,0,0,0,0
32903,PPG,139,161419,80736,0,0,0,0
32986,PPG,140,161429,80754,0,0,0,0
33063,PPG,141,161447,80763,0,0,0,0
33141,PPG,142,161433,80750,0,0,0,0
33220,PPG,143,161446,80737,0,0,0,0
33299,PPG,144,161444,80752,0,0,0,0
33378,PPG,145,161441,80751,0,0,0,0
33462,PPG,146,161422,80746,0,0,0,0
33542,PPG,147,161429,80757,0,0,0,0
33617,PPG,148,161435,80746,0,0,0,0
33697,PPG,149,161444,80750,0,0,0,0
33777,PPG,150,161442,80745,0,0,0,0
33857,PPG,151,161440,80748,0,0,0,0
33933,PPG,152,161437,80751,0,0,0,0
34016,PPG,153,161439,80745,0,0,0,0
34093,PPG,154,161434,80739,0,0,0,0
34171,PPG,155,161440,80755,0,0,0,0
34250,PPG,156,161439,80746,0,0,0,0
34329,PPG,157,161432,80749,0,0,0,0
34408,PPG,158,161434,80740,0,0,0,0
34492,PPG,159,161443,80750,0,0,0,0
34571,PPG,160,161437,80750,0,0,0,0
34646,PPG,161,161433,80755,0,0,0,0
34726,PPG,162,161440,80749,0,0,0,0
34804,PPG,163,161444,80750,0,0,0,0
34883,PPG,164,161436,80746,0,0,0,0
34963,PPG,165,161432,80756,0,0,0,0
35047,PPG,166,161437,80753,0,0,0,0
35123,PPG,167,161436,80760,0,0,0,0
35201,PPG,168,161431,80750,0,0,0,0
35279,PPG,169,161440,80753,0,0,0,0
35358,PPG,170,161434,80765,0,0,0,0
35438,PPG,171,161433,80755,0,0,0,0
35522,PPG,172,161442,80756,0,0,0,0
35600,PPG,173,161432,80753,0,0,0,0
35677,PPG,174,161435,80752,0,0,0,0
35758,PPG,175,161448,80754,0,0,0,0
35837,PPG,176,161441,80746,0,0,0,0
35914,PPG,177,161447,80743,0,0,0,0
35999,PPG,178,161433,80749,0,0,0,0
36078,PPG,179,161434,80745,0,0,0,0
36157,PPG,180,161452,80748,0,0,0,0
36230,PPG,181,161427,80744,0,0,0,0
36309,PPG,182,161441,80752,0,0,0,0
36388,PPG,183,161440,80752,0,0,0,0
36467,PPG,184,161433,80754,0,0,0,0
36547,PPG,185,161446,80740,0,0,0,0
36630,PPG,186,161447,80758,0,0,0,0
36706,PPG,187,161433,80745,0,0,0,0
36784,PPG,188,161429,80758,0,0,0,0
36863,PPG,189,161428,80752,0,0,0,0
36942,PPG,190,161453,80759,0,0,0,0
37022,PPG,191,161436,80752,0,0,0,0
37106,PPG,192,161444,80746,0,0,0,0
37183,PPG,193,161444,80761,0,0,0,0
37259,PPG,194,161437,80751,0,0,0,0
37338,PPG,195,161433,80752,0,0,0,0
37417,PPG,196,161436,80761,0,0,0,0
37497,PPG,197,161448,80766,0,0,0,0
37576,PPG,198,161442,80757,0,0,0,0
37659,PPG,199,161440,80749,0,0,0,0
35650,ECG,5120,250,0,0,0,0,0
35655,ECG,5121,315,0,0,0,0,0
35655,ECG,5122,286,0,0,0,0,0
35655,ECG,5123,43,0,0,0,0,0
35660,ECG,5124,-175,0,0,0,0,0
35660,ECG,5125,-270,0,0,0,0,0
35665,ECG,5126,-300,0,0,0,0,0
35665,ECG,5127,-245,0,0,0,0,0
35665,ECG,5128,-123,0,0,0,0,0
35670,ECG,5129,108,0,0,0,0,0
35670,ECG,5130,312,0,0,0,0,0
35675,ECG,5131,203,0,0,0,0,0
35675,ECG,5132,-77,0,0,0,0,0
35680,ECG,5133,-345,0,0,0,0,0
35680,ECG,5134,-510,0,0,0,0,0
35680,ECG,5135,-564,0,0,0,0,0
35685,ECG,5136,-505,0,0,0,0,0
35685,ECG,5137,-322,0,0,0,0,0
35690,ECG,5138,-13,0,0,0,0,0
35690,ECG,5139,234,0,0,0,0,0
35695,ECG,5140,262,0,0,0,0,0
35695,ECG,5141,-29,0,0,0,0,0
35700,ECG,5142,-305,0,0,0,0,0
35700,ECG,5143,-439,0,0,0,0,0
35700,ECG,5144,-490,0,0,0,0,0
35705,ECG,5145,-418,0,0,0,0,0
35705,ECG,5146,-261,0,0,0,0,0
35710,ECG,5147,-27,0,0,0,0,0
35710,ECG,5148,265,0,0,0,0,0
35710,ECG,5149,314,0,0,0,0,0
35715,ECG,5150,286,0,0,0,0,0
35715,ECG,5151,47,0,0,0,0,0
35720,ECG,5152,-193,0,0,0,0,0
35720,ECG,5153,-365,0,0,0,0,0
35720,ECG,5154,-443,0,0,0,0,0
35725,ECG,5155,-401,0,0,0,0,0
35725,ECG,5156,-288,0,0,0,0,0
35730,ECG,5157,269,0,0,0,0,0
35730,ECG,5158,313,0,0,0,0,0
35735,ECG,5159,311,0,0,0,0,0
35735,ECG,5160,-8,0,0,0,0,0
35735,ECG,5161,-397,0,0,0,0,0
35740,ECG,5162,-678,0,0,0,0,0
35740,ECG,5163,-842,0,0,0,0,0
35745,ECG,5164,-837,0,0,0,0,0
35745,ECG,5165,-657,0,0,0,0,0
35745,ECG,5166,-385,0,0,0,0,0
35750,ECG,5167,14,0,0,0,0,0
35750,ECG,5168,327,0,0,0,0,0
35755,ECG,5169,324,0,0,0,0,0
35755,ECG,5170,232,0,0,0,0,0
35755,ECG,5171,-145,0,0,0,0,0
35760,ECG,5172,-430,0,0,0,0,0
35760,ECG,5173,-611,0,0,0,0,0
35765,ECG,5174,-660,0,0,0,0,0
35765,ECG,5175,-581,0,0,0,0,0
35765,ECG,5176,-363,0,0,0,0,0
35770,ECG,5177,31,0,0,0,0,0
35770,ECG,5178,286,0,0,0,0,0
35775,ECG,5179,330,0,0,0,0,0
35775,ECG,5180,223,0,0,0,0,0
35775,ECG,5181,-160,0,0,0,0,0
35780,ECG,5182,-482,0,0,0,0,0
35780,ECG,5183,-613,0,0,0,0,0
35785,ECG,5184,-525,0,0,0,0,0
35785,ECG,5185,-304,0,0,0,0,0
35790,ECG,5186,-13,0,0,0,0,0
35790,ECG,5187,338,0,0,0,0,0
35790,ECG,5188,335,0,0,0,0,0
35795,ECG,5189,327,0,0,0,0,0
35795,ECG,5190,-34,0,0,0,0,0
35800,ECG,5191,-321,0,0,0,0,0
35800,ECG,5192,-544,0,0,0,0,0
35800,ECG,5193,-665,0,0,0,0,0
35805,ECG,5194,-610,0,0,0,0,0
35805,ECG,5195,-480,0,0,0,0,0
35810,ECG,5196,-160,0,0,0,0,0
35810,ECG,5197,250,0,0,0,0,0
35810,ECG,5198,341,0,0,0,0,0
35815,ECG,5199,301,0,0,0,0,0
35815,ECG,5200,44,0,0,0,0,0
35820,ECG,5201,-346,0,0,0,0,0
35820,ECG,5202,-579,0,0,0,0,0
35820,ECG,5203,-645,0,0,0,0,0
35825,ECG,5204,-602,0,0,0,0,0
35825,ECG,5205,-442,0,0,0,0,0
35830,ECG,5206,322,0,0,0,0,0
35830,ECG,5207,345,0,0,0,0,0
35835,ECG,5208,279,0,0,0,0,0
35835,ECG,5209,-158,0,0,0,0,0
35835,ECG,5210,-644,0,0,0,0,0
35840,ECG,5211,-886,0,0,0,0,0
35840,ECG,5212,-1003,0,0,0,0,0
35845,ECG,5213,-912,0,0,0,0,0
35845,ECG,5214,-649,0,0,0,0,0
35850,ECG,5215,177,0,0,0,0,0
35850,ECG,5216,362,0,0,0,0,0
35855,ECG,5217,359,0,0,0,0,0
35855,ECG,5218,151,0,0,0,0,0
35855,ECG,5219,-159,0,0,0,0,0
35860,ECG,5220,-338,0,0,0,0,0
35860,ECG,5221,-425,0,0,0,0,0
35865,ECG,5222,-399,0,0,0,0,0
35865,ECG,5223,-278,0,0,0,0,0
35865,ECG,5224,-14,0,0,0,0,0
35870,ECG,5225,308,0,0,0,0,0
35870,ECG,5226,358,0,0,0,0,0
35875,ECG,5227,339,0,0,0,0,0
35875,ECG,5228,-31,0,0,0,0,0
35875,ECG,5229,-471,0,0,0,0,0
35880,ECG,5230,-754,0,0,0,0,0
35880,ECG,5231,-912,0,0,0,0,0
35885,ECG,5232,-675,0,0,0,0,0
35885,ECG,5233,-358,0,0,0,0,0
35890,ECG,5234,28,0,0,0,0,0
35890,ECG,5235,361,0,0,0,0,0
35895,ECG,5236,367,0,0,0,0,0
35895,ECG,5237,112,0,0,0,0,0
35900,ECG,5238,-38,0,0,0,0,0
35900,ECG,5239,-102,0,0,0,0,0
35900,ECG,5240,-122,0,0,0,0,0
35905,ECG,5241,-76,0,0,0,0,0
35905,ECG,5242,54,0,0,0,0,0
35910,ECG,5243,299,0,0,0,0,0
35910,ECG,5244,358,0,0,0,0,0
35910,ECG,5245,332,0,0,0,0,0
35915,ECG,5246,48,0,0,0,0,0
35915,ECG,5247,-343,0,0,0,0,0
35920,ECG,5248,-683,0,0,0,0,0
35920,ECG,5249,-889,0,0,0,0,0
35920,ECG,5250,-923,0,0,0,0,0
35925,ECG,5251,-754,0,0,0,0,0
35925,ECG,5252,-484,0,0,0,0,0
35930,ECG,5253,-71,0,0,0,0,0
35930,ECG,5254,374,0,0,0,0,0
35930,ECG,5255,371,0,0,0,0,0
35935,ECG,5256,334,0,0,0,0,0
35935,ECG,5257,-98,0,0,0,0,0
35940,ECG,5258,-780,0,0,0,0,0
35940,ECG,5259,-906,0,0,0,0,0
35945,ECG,5260,-847,0,0,0,0,0
35945,ECG,5261,-622,0,0,0,0,0
35950,ECG,5262,146,0,0,0,0,0
35950,ECG,5263,371,0,0,0,0,0
35955,ECG,5264,381,0,0,0,0,0
35955,ECG,5265,225,0,0,0,0,0
35955,ECG,5266,-70,0,0,0,0,0
35960,ECG,5267,-174,0,0,0,0,0
35960,ECG,5268,-208,0,0,0,0,0
35965,ECG,5269,-168,0,0,0,0,0
35965,ECG,5270,-57,0,0,0,0,0
35965,ECG,5271,129,0,0,0,0,0
35970,ECG,5272,346,0,0,0,0,0
35970,ECG,5273,373,0,0,0,0,0
35975,ECG,5274,337,0,0,0,0,0
35975,ECG,5275,120,0,0,0,0,0
35975,ECG,5276,-98,0,0,0,0,0
35980,ECG,5277,-224,0,0,0,0,0
35980,ECG,5278,-290,0,0,0,0,0
35985,ECG,5279,-144,0,0,0,0,0
35985,ECG,5280,58,0,0,0,0,0
35990,ECG,5281,368,0,0,0,0,0
35990,ECG,5282,365,0,0,0,0,0
35995,ECG,5283,-68,0,0,0,0,0
35995,ECG,5284,-512,0,0,0,0,0
36000,ECG,5285,-867,0,0,0,0,0
36000,ECG,5286,-1075,0,0,0,0,0
36000,ECG,5287,-1067,0,0,0,0,0
36005,ECG,5288,-873,0,0,0,0,0
36005,ECG,5289,-466,0,0,0,0,0
36010,ECG,5290,54,0,0,0,0,0
36010,ECG,5291,384,0,0,0,0,0
36010,ECG,5292,381,0,0,0,0,0
36015,ECG,5293,199,0,0,0,0,0
36015,ECG,5294,-313,0,0,0,0,0
36020,ECG,5295,-655,0,0,0,0,0
36020,ECG,5296,-822,0,0,0,0,0
36020,ECG,5297,-851,0,0,0,0,0
36025,ECG,5298,-674,0,0,0,0,0
36025,ECG,5299,-394,0,0,0,0,0
36030,ECG,5300,359,0,0,0,0,0
36030,ECG,5301,392,0,0,0,0,0
36035,ECG,5302,389,0,0,0,0,0
36035,ECG,5303,140,0,0,0,0,0
36035,ECG,5304,-60,0,0,0,0,0
36040,ECG,5305,-191,0,0,0,0,0
36040,ECG,5306,-236,0,0,0,0,0
36045,ECG,5307,-175,0,0,0,0,0
36045,ECG,5308,-101,0,0,0,0,0
36050,ECG,5309,385,0,0,0,0,0
36050,ECG,5310,382,0,0,0,0,0
36055,ECG,5311,242,0,0,0,0,0
36055,ECG,5312,-104,0,0,0,0,0
36055,ECG,5313,-494,0,0,0,0,0
36060,ECG,5314,-751,0,0,0,0,0
36060,ECG,5315,-841,0,0,0,0,0
36065,ECG,5316,-768,0,0,0,0,0
36065,ECG,5317,-545,0,0,0,0,0
36065,ECG,5318,-65,0,0,0,0,0
36070,ECG,5319,359,0,0,0,0,0
36070,ECG,5320,392,0,0,0,0,0
36075,ECG,5321,-195,0,0,0,0,0
36075,ECG,5322,-737,0,0,0,0,0
36080,ECG,5323,-1016,0,0,0,0,0
36080,ECG,5324,-1152,0,0,0,0,0
36085,ECG,5325,-745,0,0,0,0,0
36085,ECG,5326,-309,0,0,0,0,0
36090,ECG,5327,186,0,0,0,0,0
36090,ECG,5328,412,0,0,0,0,0
36095,ECG,5329,221,0,0,0,0,0
36095,ECG,5330,-119,0,0,0,0,0
36100,ECG,5331,-313,0,0,0,0,0
36100,ECG,5332,-393,0,0,0,0,0
36100,ECG,5333,-384,0,0,0,0,0
36105,ECG,5334,-271,0,0,0,0,0
36105,ECG,5335,107,0,0,0,0,0
36110,ECG,5336,408,0,0,0,0,0
36110,ECG,5337,405,0,0,0,0,0
36110,ECG,5338,185,0,0,0,0,0
36115,ECG,5339,-288,0,0,0,0,0
36115,ECG,5340,-845,0,0,0,0,0
36120,ECG,5341,-1183,0,0,0,0,0
36120,ECG,5342,-1309,0,0,0,0,0
36120,ECG,5343,-1173,0,0,0,0,0
36125,ECG,5344,-827,0,0,0,0,0
36125,ECG,5345,-354,0,0,0,0,0
36130,ECG,5346,431,0,0,0,0,0
36130,ECG,5347,428,0,0,0,0,0
36135,ECG,5348,136,0,0,0,0,0
36135,ECG,5349,-293,0,0,0,0,0
36140,ECG,5350,-759,0,0,0,0,0
36140,ECG,5351,-734,0,0,0,0,0
36145,ECG,5352,-577,0,0,0,0,0
36145,ECG,5353,-241,0,0,0,0,0
36145,ECG,5354,270,0,0,0,0,0
36150,ECG,5355,438,0,0,0,0,0
36150,ECG,5356,434,0,0,0,0,0
36155,ECG,5357,87,0,0,0,0,0
36155,ECG,5358,-464,0,0,0,0,0
36155,ECG,5359,-866,0,0,0,0,0
36160,ECG,5360,-1062,0,0,0,0,0
36160,ECG,5361,-1056,0,0,0,0,0
36165,ECG,5362,-843,0,0,0,0,0
36165,ECG,5363,-422,0,0,0,0,0
36165,ECG,5364,135,0,0,0,0,0
36170,ECG,5365,454,0,0,0,0,0
36170,ECG,5366,451,0,0,0,0,0
36175,ECG,5367,234,0,0,0,0,0
36175,ECG,5368,-380,0,0,0,0,0
36175,ECG,5369,-800,0,0,0,0,0
36180,ECG,5370,-1040,0,0,0,0,0
36180,ECG,5371,-1096,0,0,0,0,0
36180,ECG,5372,-918,0,0,0,0,0
36185,ECG,5373,-549,0,0,0,0,0
36185,ECG,5374,-8,0,0,0,0,0
36190,ECG,5375,455,0,0,0,0,0
36190,ECG,5376,468,0,0,0,0,0
36195,ECG,5377,-173,0,0,0,0,0
36195,ECG,5378,-610,0,0,0,0,0
36200,ECG,5379,-861,0,0,0,0,0
36200,ECG,5380,-912,0,0,0,0,0
36200,ECG,5381,-792,0,0,0,0,0
36205,ECG,5382,-451,0,0,0,0,0
36205,ECG,5383,84,0,0,0,0,0
36210,ECG,5384,466,0,0,0,0,0
36210,ECG,5385,477,0,0,0,0,0
36210,ECG,5386,243,0,0,0,0,0
36215,ECG,5387,-305,0,0,0,0,0
36215,ECG,5388,-800,0,0,0,0,0
36220,ECG,5389,-1046,0,0,0,0,0
36220,ECG,5390,-1099,0,0,0,0,0
36220,ECG,5391,-901,0,0,0,0,0
36225,ECG,5392,-534,0,0,0,0,0
36225,ECG,5393,-113,0,0,0,0,0
36230,ECG,5394,494,0,0,0,0,0
36230,ECG,5395,490,0,0,0,0,0
36235,ECG,5396,133,0,0,0,0,0
36235,ECG,5397,-244,0,0,0,0,0
36240,ECG,5398,-711,0,0,0,0,0
36240,ECG,5399,-686,0,0,0,0,0
36245,ECG,5400,-530,0,0,0,0,0
36245,ECG,5401,-191,0,0,0,0,0
36245,ECG,5402,269,0,0,0,0,0
36250,ECG,5403,497,0,0,0,0,0
36250,ECG,5404,493,0,0,0,0,0
36255,ECG,5405,312,0,0,0,0,0
36255,ECG,5406,-122,0,0,0,0,0
36255,ECG,5407,-377,0,0,0,0,0
36260,ECG,5408,-473,0,0,0,0,0
36260,ECG,5409,-472,0,0,0,0,0
36265,ECG,5410,-303,0,0,0,0,0
36265,ECG,5411,-60,0,0,0,0,0
36265,ECG,5412,230,0,0,0,0,0
36270,ECG,5413,493,0,0,0,0,0
36270,ECG,5414,489,0,0,0,0,0
36275,ECG,5415,441,0,0,0,0,0
36275,ECG,5416,150,0,0,0,0,0
36275,ECG,5417,-28,0,0,0,0,0
36280,ECG,5418,-162,0,0,0,0,0
36280,ECG,5419,-213,0,0,0,0,0
36285,ECG,5420,-15,0,0,0,0,0
36285,ECG,5421,276,0,0,0,0,0
36290,ECG,5422,460,0,0,0,0,0
36290,ECG,5423,459,0,0,0,0,0
36295,ECG,5424,-73,0,0,0,0,0
36295,ECG,5425,-411,0,0,0,0,0
36300,ECG,5426,-590,0,0,0,0,0
36300,ECG,5427,-629,0,0,0,0,0
36300,ECG,5428,-521,0,0,0,0,0
36305,ECG,5429,-270,0,0,0,0,0
36305,ECG,5430,117,0,0,0,0,0
36310,ECG,5431,440,0,0,0,0,0
36310,ECG,5432,476,0,0,0,0,0
36310,ECG,5433,364,0,0,0,0,0
36315,ECG,5434,45,0,0,0,0,0
36315,ECG,5435,-262,0,0,0,0,0
36320,ECG,5436,-423,0,0,0,0,0
36320,ECG,5437,-445,0,0,0,0,0
36320,ECG,5438,-364,0,0,0,0,0
36325,ECG,5439,-132,0,0,0,0,0
36325,ECG,5440,227,0,0,0,0,0
36330,ECG,5441,470,0,0,0,0,0
36330,ECG,5442,293,0,0,0,0,0
36335,ECG,5443,-119,0,0,0,0,0
36335,ECG,5444,-461,0,0,0,0,0
36340,ECG,5445,-695,0,0,0,0,0
36340,ECG,5446,-580,0,0,0,0,0
36345,ECG,5447,-329,0,0,0,0,0
36345,ECG,5448,110,0,0,0,0,0
36345,ECG,5449,439,0,0,0,0,0
36350,ECG,5450,474,0,0,0,0,0
36350,ECG,5451,353,0,0,0,0,0
36355,ECG,5452,25,0,0,0,0,0
36355,ECG,5453,-278,0,0,0,0,0
36355,ECG,5454,-422,0,0,0,0,0
36360,ECG,5455,-433,0,0,0,0,0
36360,ECG,5456,-319,0,0,0,0,0
36365,ECG,5457,-114,0,0,0,0,0
36365,ECG,5458,198,0,0,0,0,0
36365,ECG,5459,471,0,0,0,0,0
36370,ECG,5460,468,0,0,0,0,0
36370,ECG,5461,428,0,0,0,0,0
36375,ECG,5462,-99,0,0,0,0,0
36375,ECG,5463,-214,0,0,0,0,0
36380,ECG,5464,-274,0,0,0,0,0
36380,ECG,5465,-195,0,0,0,0,0
36380,ECG,5466,-50,0,0,0,0,0
36385,ECG,5467,145,0,0,0,0,0
36385,ECG,5468,401,0,0,0,0,0
36390,ECG,5469,457,0,0,0,0,0
36390,ECG,5470,454,0,0,0,0,0
36395,ECG,5471,46,0,0,0,0,0
36395,ECG,5472,-93,0,0,0,0,0
36400,ECG,5473,-185,0,0,0,0,0
36400,ECG,5474,-166,0,0,0,0,0
36400,ECG,5475,-109,0,0,0,0,0
36405,ECG,5476,141,0,0,0,0,0
36405,ECG,5477,447,0,0,0,0,0
36410,ECG,5478,443,0,0,0,0,0
36410,ECG,5479,297,0,0,0,0,0
36410,ECG,5480,-3,0,0,0,0,0
36415,ECG,5481,-437,0,0,0,0,0
36415,ECG,5482,-712,0,0,0,0,0
36420,ECG,5483,-805,0,0,0,0,0
36420,ECG,5484,-737,0,0,0,0,0
36420,ECG,5485,-505,0,0,0,0,0
36425,ECG,5486,-100,0,0,0,0,0
36425,ECG,5487,331,0,0,0,0,0
36430,ECG,5488,447,0,0,0,0,0
36430,ECG,5489,77,0,0,0,0,0
36435,ECG,5490,-425,0,0,0,0,0
36435,ECG,5491,-728,0,0,0,0,0
36440,ECG,5492,-923,0,0,0,0,0
36440,ECG,5493,-718,0,0,0,0,0
36445,ECG,5494,-365,0,0,0,0,0
36445,ECG,5495,96,0,0,0,0,0
36445,ECG,5496,463,0,0,0,0,0
36450,ECG,5497,460,0,0,0,0,0
36450,ECG,5498,312,0,0,0,0,0
36455,ECG,5499,-48,0,0,0,0,0
36455,ECG,5500,-332,0,0,0,0,0
36455,ECG,5501,-484,0,0,0,0,0
36460,ECG,5502,-499,0,0,0,0,0
36460,ECG,5503,-370,0,0,0,0,0
36465,ECG,5504,-157,0,0,0,0,0
36465,ECG,5505,137,0,0,0,0,0
36465,ECG,5506,461,0,0,0,0,0
36470,ECG,5507,457,0,0,0,0,0
36470,ECG,5508,430,0,0,0,0,0
36475,ECG,5509,117,0,0,0,0,0
36475,ECG,5510,-145,0,0,0,0,0
36475,ECG,5511,-328,0,0,0,0,0
36480,ECG,5512,-413,0,0,0,0,0
36480,ECG,5513,-377,0,0,0,0,0
36485,ECG,5514,78,0,0,0,0,0
36485,ECG,5515,350,0,0,0,0,0
36490,ECG,5516,439,0,0,0,0,0
36490,ECG,5517,373,0,0,0,0,0
36495,ECG,5518,-210,0,0,0,0,0
36495,ECG,5519,-374,0,0,0,0,0
36500,ECG,5520,-425,0,0,0,0,0
36500,ECG,5521,-345,0,0,0,0,0
36500,ECG,5522,-183,0,0,0,0,0
36505,ECG,5523,83,0,0,0,0,0
36505,ECG,5524,443,0,0,0,0,0
36510,ECG,5525,446,0,0,0,0,0
36510,ECG,5526,430,0,0,0,0,0
36510,ECG,5527,80,0,0,0,0,0
36515,ECG,5528,-291,0,0,0,0,0
36515,ECG,5529,-563,0,0,0,0,0
36520,ECG,5530,-707,0,0,0,0,0
36520,ECG,5531,-691,0,0,0,0,0
36520,ECG,5532,-512,0,0,0,0,0
36525,ECG,5533,-166,0,0,0,0,0
36525,ECG,5534,219,0,0,0,0,0
36530,ECG,5535,447,0,0,0,0,0
36530,ECG,5536,190,0,0,0,0,0
36535,ECG,5537,-199,0,0,0,0,0
36535,ECG,5538,-446,0,0,0,0,0
36540,ECG,5539,-528,0,0,0,0,0
36540,ECG,5540,-379,0,0,0,0,0
36545,ECG,5541,-74,0,0,0,0,0
36545,ECG,5542,319,0,0,0,0,0
36545,ECG,5543,449,0,0,0,0,0
36550,ECG,5544,410,0,0,0,0,0
36550,ECG,5545,144,0,0,0,0,0
36555,ECG,5546,-244,0,0,0,0,0
36555,ECG,5547,-512,0,0,0,0,0
36555,ECG,5548,-618,0,0,0,0,0
36560,ECG,5549,-578,0,0,0,0,0
36560,ECG,5550,-398,0,0,0,0,0
36565,ECG,5551,-127,0,0,0,0,0
36565,ECG,5552,235,0,0,0,0,0
36565,ECG,5553,450,0,0,0,0,0
36570,ECG,5554,447,0,0,0,0,0
36570,ECG,5555,350,0,0,0,0,0
36575,ECG,5556,71,0,0,0,0,0
36575,ECG,5557,-94,0,0,0,0,0
36575,ECG,5558,-176,0,0,0,0,0
36580,ECG,5559,-182,0,0,0,0,0
36580,ECG,5560,-114,0,0,0,0,0
36585,ECG,5561,293,0,0,0,0,0
36585,ECG,5562,394,0,0,0,0,0
36590,ECG,5563,434,0,0,0,0,0
36590,ECG,5564,366,0,0,0,0,0
36595,ECG,5565,-85,0,0,0,0,0
36595,ECG,5566,-180,0,0,0,0,0
36600,ECG,5567,-234,0,0,0,0,0
36600,ECG,5568,-164,0,0,0,0,0
36600,ECG,5569,-54,0,0,0,0,0
36605,ECG,5570,144,0,0,0,0,0
36605,ECG,5571,414,0,0,0,0,0
36610,ECG,5572,424,0,0,0,0,0
36610,ECG,5573,297,0,0,0,0,0
36610,ECG,5574,94,0,0,0,0,0
36615,ECG,5575,-123,0,0,0,0,0
36615,ECG,5576,-346,0,0,0,0,0
36620,ECG,5577,-409,0,0,0,0,0
36620,ECG,5578,-360,0,0,0,0,0
36620,ECG,5579,-235,0,0,0,0,0
36625,ECG,5580,132,0,0,0,0,0
36625,ECG,5581,421,0,0,0,0,0
36630,ECG,5582,204,0,0,0,0,0
36630,ECG,5583,-215,0,0,0,0,0
36635,ECG,5584,-692,0,0,0,0,0
36635,ECG,5585,-972,0,0,0,0,0
36635,ECG,5586,-1053,0,0,0,0,0
36640,ECG,5587,-914,0,0,0,0,0
36640,ECG,5588,-615,0,0,0,0,0
36645,ECG,5589,-152,0,0,0,0,0
36645,ECG,5590,378,0,0,0,0,0
36645,ECG,5591,434,0,0,0,0,0
36650,ECG,5592,431,0,0,0,0,0
36650,ECG,5593,-5,0,0,0,0,0
36655,ECG,5594,-472,0,0,0,0,0
36655,ECG,5595,-761,0,0,0,0,0
36655,ECG,5596,-908,0,0,0,0,0
36660,ECG,5597,-861,0,0,0,0,0
36660,ECG,5598,-637,0,0,0,0,0
36665,ECG,5599,-202,0,0,0,0,0
36665,ECG,5600,215,0,0,0,0,0
36665,ECG,5601,427,0,0,0,0,0
36670,ECG,5602,442,0,0,0,0,0
36670,ECG,5603,207,0,0,0,0,0
36675,ECG,5604,-179,0,0,0,0,0
36675,ECG,5605,-341,0,0,0,0,0
36675,ECG,5606,-393,0,0,0,0,0
36680,ECG,5607,-343,0,0,0,0,0
36680,ECG,5608,-181,0,0,0,0,0
36680,ECG,5609,72,0,0,0,0,0
36685,ECG,5610,374,0,0,0,0,0
36685,ECG,5611,439,0,0,0,0,0
36690,ECG,5612,435,0,0,0,0,0
36690,ECG,5613,149,0,0,0,0,0
36695,ECG,5614,-365,0,0,0,0,0
36695,ECG,5615,-491,0,0,0,0,0
36700,ECG,5616,-471,0,0,0,0,0
36700,ECG,5617,-330,0,0,0,0,0
36700,ECG,5618,-101,0,0,0,0,0
36705,ECG,5619,246,0,0,0,0,0
36705,ECG,5620,437,0,0,0,0,0
36710,ECG,5621,434,0,0,0,0,0
36710,ECG,5622,252,0,0,0,0,0
36710,ECG,5623,-119,0,0,0,0,0
36715,ECG,5624,-413,0,0,0,0,0
36715,ECG,5625,-609,0,0,0,0,0
36720,ECG,5626,-650,0,0,0,0,0
36720,ECG,5627,-543,0,0,0,0,0
36720,ECG,5628,-316,0,0,0,0,0
36725,ECG,5629,69,0,0,0,0,0
36725,ECG,5630,369,0,0,0,0,0
36730,ECG,5631,393,0,0,0,0,0
36730,ECG,5632,109,0,0,0,0,0
36735,ECG,5633,-132,0,0,0,0,0
36735,ECG,5634,-234,0,0,0,0,0
36735,ECG,5635,-254,0,0,0,0,0
36740,ECG,5636,-165,0,0,0,0,0
36740,ECG,5637,-30,0,0,0,0,0
36745,ECG,5638,228,0,0,0,0,0
36745,ECG,5639,429,0,0,0,0,0
36745,ECG,5640,426,0,0,0,0,0
36750,ECG,5641,317,0,0,0,0,0
36750,ECG,5642,-64,0,0,0,0,0
36755,ECG,5643,-385,0,0,0,0,0
36755,ECG,5644,-619,0,0,0,0,0
36755,ECG,5645,-729,0,0,0,0,0
36760,ECG,5646,-650,0,0,0,0,0
36760,ECG,5647,-440,0,0,0,0,0
36765,ECG,5648,-100,0,0,0,0,0
36765,ECG,5649,263,0,0,0,0,0
36765,ECG,5650,433,0,0,0,0,0
36770,ECG,5651,429,0,0,0,0,0
36770,ECG,5652,245,0,0,0,0,0
36775,ECG,5653,-53,0,0,0,0,0
36775,ECG,5654,-190,0,0,0,0,0
36775,ECG,5655,-271,0,0,0,0,0
36780,ECG,5656,-248,0,0,0,0,0
36780,ECG,5657,-145,0,0,0,0,0
36785,ECG,5658,333,0,0,0,0,0
36785,ECG,5659,423,0,0,0,0,0
36790,ECG,5660,407,0,0,0,0,0
36790,ECG,5661,216,0,0,0,0,0
36795,ECG,5662,-201,0,0,0,0,0
36795,ECG,5663,-271,0,0,0,0,0
36800,ECG,5664,-244,0,0,0,0,0
36800,ECG,5665,-129,0,0,0,0,0
36800,ECG,5666,44,0,0,0,0,0
36805,ECG,5667,307,0,0,0,0,0
36805,ECG,5668,414,0,0,0,0,0
36810,ECG,5669,410,0,0,0,0,0
36810,ECG,5670,247,0,0,0,0,0
36810,ECG,5671,-4,0,0,0,0,0
36815,ECG,5672,-175,0,0,0,0,0
36815,ECG,5673,-274,0,0,0,0,0
36820,ECG,5674,-285,0,0,0,0,0
36820,ECG,5675,-196,0,0,0,0,0
36820,ECG,5676,38,0,0,0,0,0
36825,ECG,5677,328,0,0,0,0,0
36825,ECG,5678,402,0,0,0,0,0
36830,ECG,5679,13,0,0,0,0,0
36830,ECG,5680,-405,0,0,0,0,0
36835,ECG,5681,-677,0,0,0,0,0
36835,ECG,5682,-786,0,0,0,0,0
36835,ECG,5683,-733,0,0,0,0,0
36840,ECG,5684,-513,0,0,0,0,0
36840,ECG,5685,-231,0,0,0,0,0
36845,ECG,5686,196,0,0,0,0,0
36845,ECG,5687,413,0,0,0,0,0
36850,ECG,5688,270,0,0,0,0,0
36850,ECG,5689,-90,0,0,0,0,0
36855,ECG,5690,-365,0,0,0,0,0
36855,ECG,5691,-530,0,0,0,0,0
36855,ECG,5692,-575,0,0,0,0,0
36860,ECG,5693,-471,0,0,0,0,0
36860,ECG,5694,-256,0,0,0,0,0
36865,ECG,5695,85,0,0,0,0,0
36865,ECG,5696,390,0,0,0,0,0
36865,ECG,5697,411,0,0,0,0,0
36870,ECG,5698,367,0,0,0,0,0
36870,ECG,5699,-10,0,0,0,0,0
36875,ECG,5700,-308,0,0,0,0,0
36875,ECG,5701,-480,0,0,0,0,0
36875,ECG,5702,-550,0,0,0,0,0
36880,ECG,5703,-486,0,0,0,0,0
36880,ECG,5704,-289,0,0,0,0,0
36885,ECG,5705,336,0,0,0,0,0
36885,ECG,5706,382,0,0,0,0,0
36890,ECG,5707,295,0,0,0,0,0
36890,ECG,5708,-15,0,0,0,0,0
36890,ECG,5709,-323,0,0,0,0,0
36895,ECG,5710,-454,0,0,0,0,0
36895,ECG,5711,-467,0,0,0,0,0
36900,ECG,5712,-357,0,0,0,0,0
36900,ECG,5713,-168,0,0,0,0,0
36900,ECG,5714,183,0,0,0,0,0
36905,ECG,5715,411,0,0,0,0,0
36905,ECG,5716,408,0,0,0,0,0
36910,ECG,5717,205,0,0,0,0,0
36910,ECG,5718,-325,0,0,0,0,0
36910,ECG,5719,-810,0,0,0,0,0
36915,ECG,5720,-1161,0,0,0,0,0
36915,ECG,5721,-1306,0,0,0,0,0
36920,ECG,5722,-1185,0,0,0,0,0
36920,ECG,5723,-847,0,0,0,0,0
36920,ECG,5724,-368,0,0,0,0,0
36925,ECG,5725,126,0,0,0,0,0
36925,ECG,5726,434,0,0,0,0,0
36930,ECG,5727,431,0,0,0,0,0
36930,ECG,5728,359,0,0,0,0,0
36930,ECG,5729,27,0,0,0,0,0
36935,ECG,5730,-105,0,0,0,0,0
36935,ECG,5731,-195,0,0,0,0,0
36940,ECG,5732,-136,0,0,0,0,0
36940,ECG,5733,65,0,0,0,0,0
36945,ECG,5734,346,0,0,0,0,0
36945,ECG,5735,422,0,0,0,0,0
36950,ECG,5736,93,0,0,0,0,0
36950,ECG,5737,-244,0,0,0,0,0
36955,ECG,5738,-506,0,0,0,0,0
36955,ECG,5739,-629,0,0,0,0,0
36955,ECG,5740,-585,0,0,0,0,0
36960,ECG,5741,-433,0,0,0,0,0
36960,ECG,5742,-137,0,0,0,0,0
36965,ECG,5743,284,0,0,0,0,0
36965,ECG,5744,425,0,0,0,0,0
36965,ECG,5745,421,0,0,0,0,0
36970,ECG,5746,154,0,0,0,0,0
36970,ECG,5747,-246,0,0,0,0,0
36975,ECG,5748,-528,0,0,0,0,0
36975,ECG,5749,-671,0,0,0,0,0
36975,ECG,5750,-652,0,0,0,0,0
36980,ECG,5751,-499,0,0,0,0,0
36980,ECG,5752,-204,0,0,0,0,0
36985,ECG,5753,429,0,0,0,0,0
36985,ECG,5754,425,0,0,0,0,0
36990,ECG,5755,180,0,0,0,0,0
36990,ECG,5756,-260,0,0,0,0,0
36990,ECG,5757,-566,0,0,0,0,0
36995,ECG,5758,-731,0,0,0,0,0
36995,ECG,5759,-724,0,0,0,0,0
37000,ECG,5760,-564,0,0,0,0,0
37000,ECG,5761,-274,0,0,0,0,0
37005,ECG,5762,434,0,0,0,0,0
37005,ECG,5763,431,0,0,0,0,0
37010,ECG,5764,146,0,0,0,0,0
37010,ECG,5765,-463,0,0,0,0,0
37010,ECG,5766,-941,0,0,0,0,0
37015,ECG,5767,-1237,0,0,0,0,0
37015,ECG,5768,-1307,0,0,0,0,0
37020,ECG,5769,-1116,0,0,0,0,0
37020,ECG,5770,-721,0,0,0,0,0
37020,ECG,5771,-126,0,0,0,0,0
37025,ECG,5772,397,0,0,0,0,0
37025,ECG,5773,456,0,0,0,0,0
37030,ECG,5774,453,0,0,0,0,0
37030,ECG,5775,-98,0,0,0,0,0
37030,ECG,5776,-550,0,0,0,0,0
37035,ECG,5777,-789,0,0,0,0,0
37035,ECG,5778,-899,0,0,0,0,0
37040,ECG,5779,-523,0,0,0,0,0
37040,ECG,5780,-135,0,0,0,0,0
37045,ECG,5781,286,0,0,0,0,0
37045,ECG,5782,466,0,0,0,0,0
37050,ECG,5783,252,0,0,0,0,0
37050,ECG,5784,-42,0,0,0,0,0
37055,ECG,5785,-216,0,0,0,0,0
37055,ECG,5786,-290,0,0,0,0,0
37055,ECG,5787,-289,0,0,0,0,0
37060,ECG,5788,-151,0,0,0,0,0
37060,ECG,5789,208,0,0,0,0,0
37065,ECG,5790,439,0,0,0,0,0
37065,ECG,5791,379,0,0,0,0,0
37065,ECG,5792,185,0,0,0,0,0
37070,ECG,5793,-225,0,0,0,0,0
37070,ECG,5794,-679,0,0,0,0,0
37075,ECG,5795,-933,0,0,0,0,0
37075,ECG,5796,-982,0,0,0,0,0
37075,ECG,5797,-825,0,0,0,0,0
37080,ECG,5798,-502,0,0,0,0,0
37080,ECG,5799,-58,0,0,0,0,0
37085,ECG,5800,469,0,0,0,0,0
37085,ECG,5801,465,0,0,0,0,0
37090,ECG,5802,99,0,0,0,0,0
37090,ECG,5803,-236,0,0,0,0,0
37090,ECG,5804,-433,0,0,0,0,0
37095,ECG,5805,-528,0,0,0,0,0
37095,ECG,5806,-470,0,0,0,0,0
37100,ECG,5807,-275,0,0,0,0,0
37100,ECG,5808,-39,0,0,0,0,0
37105,ECG,5809,466,0,0,0,0,0
37105,ECG,5810,463,0,0,0,0,0
37110,ECG,5811,242,0,0,0,0,0
37110,ECG,5812,-133,0,0,0,0,0
37110,ECG,5813,-459,0,0,0,0,0
37115,ECG,5814,-712,0,0,0,0,0
37115,ECG,5815,-784,0,0,0,0,0
37120,ECG,5816,-689,0,0,0,0,0
37120,ECG,5817,-382,0,0,0,0,0
37120,ECG,5818,56,0,0,0,0,0
37125,ECG,5819,331,0,0,0,0,0
37125,ECG,5820,424,0,0,0,0,0
37130,ECG,5821,317,0,0,0,0,0
37130,ECG,5822,-86,0,0,0,0,0
37130,ECG,5823,-435,0,0,0,0,0
37135,ECG,5824,-549,0,0,0,0,0
37135,ECG,5825,-543,0,0,0,0,0
37140,ECG,5826,-135,0,0,0,0,0
37140,ECG,5827,217,0,0,0,0,0
37145,ECG,5828,471,0,0,0,0,0
37145,ECG,5829,467,0,0,0,0,0
37150,ECG,5830,-29,0,0,0,0,0
37150,ECG,5831,-315,0,0,0,0,0
37155,ECG,5832,-480,0,0,0,0,0
37155,ECG,5833,-511,0,0,0,0,0
37155,ECG,5834,-406,0,0,0,0,0
37160,ECG,5835,-209,0,0,0,0,0
37160,ECG,5836,184,0,0,0,0,0
37165,ECG,5837,468,0,0,0,0,0
37165,ECG,5838,465,0,0,0,0,0
37165,ECG,5839,292,0,0,0,0,0
37170,ECG,5840,-202,0,0,0,0,0
37170,ECG,5841,-687,0,0,0,0,0
37175,ECG,5842,-1008,0,0,0,0,0
37175,ECG,5843,-1131,0,0,0,0,0
37175,ECG,5844,-1020,0,0,0,0,0
37180,ECG,5845,-704,0,0,0,0,0
37180,ECG,5846,-196,0,0,0,0,0
37185,ECG,5847,483,0,0,0,0,0
37185,ECG,5848,479,0,0,0,0,0
37190,ECG,5849,63,0,0,0,0,0
37190,ECG,5850,-405,0,0,0,0,0
37190,ECG,5851,-675,0,0,0,0,0
37195,ECG,5852,-791,0,0,0,0,0
37195,ECG,5853,-719,0,0,0,0,0
37200,ECG,5854,-499,0,0,0,0,0
37200,ECG,5855,-125,0,0,0,0,0
37200,ECG,5856,292,0,0,0,0,0
37205,ECG,5857,488,0,0,0,0,0
37205,ECG,5858,484,0,0,0,0,0
37210,ECG,5859,321,0,0,0,0,0
37210,ECG,5860,16,0,0,0,0,0
37210,ECG,5861,-137,0,0,0,0,0
37215,ECG,5862,-175,0,0,0,0,0
37215,ECG,5863,-160,0,0,0,0,0
37220,ECG,5864,-43,0,0,0,0,0
37220,ECG,5865,310,0,0,0,0,0
37220,ECG,5866,475,0,0,0,0,0
37225,ECG,5867,472,0,0,0,0,0
37225,ECG,5868,197,0,0,0,0,0
37230,ECG,5869,-342,0,0,0,0,0
37230,ECG,5870,-909,0,0,0,0,0
37230,ECG,5871,-1248,0,0,0,0,0
37235,ECG,5872,-1382,0,0,0,0,0
37235,ECG,5873,-1224,0,0,0,0,0
37240,ECG,5874,-360,0,0,0,0,0
37240,ECG,5875,255,0,0,0,0,0
37245,ECG,5876,499,0,0,0,0,0
37245,ECG,5877,496,0,0,0,0,0
37250,ECG,5878,-171,0,0,0,0,0
37250,ECG,5879,-506,0,0,0,0,0
37255,ECG,5880,-736,0,0,0,0,0
37255,ECG,5881,-760,0,0,0,0,0
37255,ECG,5882,-644,0,0,0,0,0
37260,ECG,5883,-326,0,0,0,0,0
37260,ECG,5884,191,0,0,0,0,0
37265,ECG,5885,482,0,0,0,0,0
37265,ECG,5886,500,0,0,0,0,0
37265,ECG,5887,315,0,0,0,0,0
37270,ECG,5888,-186,0,0,0,0,0
37270,ECG,5889,-565,0,0,0,0,0
37275,ECG,5890,-722,0,0,0,0,0
37275,ECG,5891,-743,0,0,0,0,0
37275,ECG,5892,-564,0,0,0,0,0
37280,ECG,5893,-255,0,0,0,0,0
37280,ECG,5894,126,0,0,0,0,0
37285,ECG,5895,504,0,0,0,0,0
37285,ECG,5896,464,0,0,0,0,0
37290,ECG,5897,43,0,0,0,0,0
37290,ECG,5898,-255,0,0,0,0,0
37295,ECG,5899,-569,0,0,0,0,0
37295,ECG,5900,-513,0,0,0,0,0
37300,ECG,5901,-314,0,0,0,0,0
37300,ECG,5902,161,0,0,0,0,0
37300,ECG,5903,505,0,0,0,0,0
37305,ECG,5904,500,0,0,0,0,0
37305,ECG,5905,248,0,0,0,0,0
37310,ECG,5906,-279,0,0,0,0,0
37310,ECG,5907,-858,0,0,0,0,0
37310,ECG,5908,-1180,0,0,0,0,0
37315,ECG,5909,-1257,0,0,0,0,0
37315,ECG,5910,-1097,0,0,0,0,0
37320,ECG,5911,-705,0,0,0,0,0
37320,ECG,5912,-149,0,0,0,0,0
37320,ECG,5913,385,0,0,0,0,0
37325,ECG,5914,522,0,0,0,0,0
37325,ECG,5915,518,0,0,0,0,0
37330,ECG,5916,-321,0,0,0,0,0
37330,ECG,5917,-569,0,0,0,0,0
37335,ECG,5918,-683,0,0,0,0,0
37335,ECG,5919,-619,0,0,0,0,0
37335,ECG,5920,-403,0,0,0,0,0
37340,ECG,5921,12,0,0,0,0,0
37340,ECG,5922,479,0,0,0,0,0
37345,ECG,5923,522,0,0,0,0,0
37345,ECG,5924,408,0,0,0,0,0
37350,ECG,5925,-684,0,0,0,0,0
37350,ECG,5926,-1101,0,0,0,0,0
37355,ECG,5927,-1283,0,0,0,0,0
37355,ECG,5928,-1200,0,0,0,0,0
37355,ECG,5929,-881,0,0,0,0,0
37360,ECG,5930,-367,0,0,0,0,0
37360,ECG,5931,204,0,0,0,0,0
37365,ECG,5932,544,0,0,0,0,0
37365,ECG,5933,540,0,0,0,0,0
37365,ECG,5934,343,0,0,0,0,0
37370,ECG,5935,-89,0,0,0,0,0
37370,ECG,5936,-342,0,0,0,0,0
37375,ECG,5937,-456,0,0,0,0,0
37375,ECG,5938,-429,0,0,0,0,0
37375,ECG,5939,-282,0,0,0,0,0
37380,ECG,5940,-14,0,0,0,0,0
37380,ECG,5941,373,0,0,0,0,0
37385,ECG,5942,533,0,0,0,0,0
37385,ECG,5943,312,0,0,0,0,0
37390,ECG,5944,-71,0,0,0,0,0
37390,ECG,5945,-352,0,0,0,0,0
37395,ECG,5946,-520,0,0,0,0,0
37395,ECG,5947,-385,0,0,0,0,0
37400,ECG,5948,-131,0,0,0,0,0
37400,ECG,5949,266,0,0,0,0,0
37400,ECG,5950,533,0,0,0,0,0
37405,ECG,5951,529,0,0,0,0,0
37405,ECG,5952,358,0,0,0,0,0
37410,ECG,5953,-42,0,0,0,0,0
37410,ECG,5954,-362,0,0,0,0,0
37410,ECG,5955,-555,0,0,0,0,0
37415,ECG,5956,-583,0,0,0,0,0
37415,ECG,5957,-478,0,0,0,0,0
37420,ECG,5958,-212,0,0,0,0,0
37420,ECG,5959,264,0,0,0,0,0
37420,ECG,5960,530,0,0,0,0,0
37425,ECG,5961,526,0,0,0,0,0
37425,ECG,5962,305,0,0,0,0,0
37430,ECG,5963,-568,0,0,0,0,0
37430,ECG,5964,-750,0,0,0,0,0
37435,ECG,5965,-768,0,0,0,0,0
37435,ECG,5966,-609,0,0,0,0,0
37440,ECG,5967,155,0,0,0,0,0
37440,ECG,5968,480,0,0,0,0,0
37445,ECG,5969,530,0,0,0,0,0
37445,ECG,5970,522,0,0,0,0,0
37445,ECG,5971,113,0,0,0,0,0
37450,ECG,5972,-136,0,0,0,0,0
37450,ECG,5973,-270,0,0,0,0,0
37455,ECG,5974,-328,0,0,0,0,0
37455,ECG,5975,-254,0,0,0,0,0
37455,ECG,5976,-88,0,0,0,0,0
37460,ECG,5977,254,0,0,0,0,0
37460,ECG,5978,523,0,0,0,0,0
37465,ECG,5979,519,0,0,0,0,0
37465,ECG,5980,289,0,0,0,0,0
37465,ECG,5981,-93,0,0,0,0,0
37470,ECG,5982,-472,0,0,0,0,0
37470,ECG,5983,-733,0,0,0,0,0
37475,ECG,5984,-794,0,0,0,0,0
37475,ECG,5985,-664,0,0,0,0,0
37475,ECG,5986,-388,0,0,0,0,0
37480,ECG,5987,41,0,0,0,0,0
37480,ECG,5988,454,0,0,0,0,0
37485,ECG,5989,519,0,0,0,0,0
37485,ECG,5990,128,0,0,0,0,0
37490,ECG,5991,-225,0,0,0,0,0
37490,ECG,5992,-417,0,0,0,0,0
37495,ECG,5993,-432,0,0,0,0,0
37495,ECG,5994,-253,0,0,0,0,0
37500,ECG,5995,61,0,0,0,0,0
37500,ECG,5996,444,0,0,0,0,0
37500,ECG,5997,518,0,0,0,0,0
37505,ECG,5998,514,0,0,0,0,0
37505,ECG,5999,220,0,0,0,0,0
37510,ECG,6000,-143,0,0,0,0,0
37510,ECG,6001,-369,0,0,0,0,0
37510,ECG,6002,-482,0,0,0,0,0
37515,ECG,6003,-456,0,0,0,0,0
37515,ECG,6004,-313,0,0,0,0,0
37520,ECG,6005,5,0,0,0,0,0
37520,ECG,6006,381,0,0,0,0,0
37520,ECG,6007,512,0,0,0,0,0
37525,ECG,6008,509,0,0,0,0,0
37525,ECG,6009,174,0,0,0,0,0
37530,ECG,6010,-524,0,0,0,0,0
37530,ECG,6011,-685,0,0,0,0,0
37535,ECG,6012,-657,0,0,0,0,0
37535,ECG,6013,-495,0,0,0,0,0
37540,ECG,6014,372,0,0,0,0,0
37540,ECG,6015,514,0,0,0,0,0
37545,ECG,6016,455,0,0,0,0,0
37545,ECG,6017,75,0,0,0,0,0
37550,ECG,6018,-801,0,0,0,0,0
37550,ECG,6019,-972,0,0,0,0,0
37555,ECG,6020,-924,0,0,0,0,0
37555,ECG,6021,-657,0,0,0,0,0
37555,ECG,6022,-278,0,0,0,0,0
37560,ECG,6023,201,0,0,0,0,0
37560,ECG,6024,526,0,0,0,0,0
37565,ECG,6025,522,0,0,0,0,0
37565,ECG,6026,379,0,0,0,0,0
37565,ECG,6027,-174,0,0,0,0,0
37570,ECG,6028,-563,0,0,0,0,0
37570,ECG,6029,-881,0,0,0,0,0
37575,ECG,6030,-1004,0,0,0,0,0
37575,ECG,6031,-890,0,0,0,0,0
37575,ECG,6032,-599,0,0,0,0,0
37580,ECG,6033,-100,0,0,0,0,0
37580,ECG,6034,349,0,0,0,0,0
37585,ECG,6035,530,0,0,0,0,0
37585,ECG,6036,211,0,0,0,0,0
37590,ECG,6037,-172,0,0,0,0,0
37590,ECG,6038,-338,0,0,0,0,0
37595,ECG,6039,-306,0,0,0,0,0
37595,ECG,6040,-137,0,0,0,0,0
37600,ECG,6041,255,0,0,0,0,0
37600,ECG,6042,527,0,0,0,0,0
37600,ECG,6043,523,0,0,0,0,0
37605,ECG,6044,366,0,0,0,0,0
37605,ECG,6045,-16,0,0,0,0,0
37610,ECG,6046,-399,0,0,0,0,0
37610,ECG,6047,-588,0,0,0,0,0
37610,ECG,6048,-639,0,0,0,0,0
37615,ECG,6049,-509,0,0,0,0,0
37615,ECG,6050,-260,0,0,0,0,0
37620,ECG,6051,100,0,0,0,0,0
37620,ECG,6052,519,0,0,0,0,0
37620,ECG,6053,523,0,0,0,0,0
37625,ECG,6054,519,0,0,0,0,0
37625,ECG,6055,101,0,0,0,0,0
37630,ECG,6056,-509,0,0,0,0,0
37630,ECG,6057,-661,0,0,0,0,0
37635,ECG,6058,-608,0,0,0,0,0
37635,ECG,6059,-440,0,0,0,0,0
37635,ECG,6060,-54,0,0,0,0,0
37640,ECG,6061,422,0,0,0,0,0
37640,ECG,6062,522,0,0,0,0,0
37645,ECG,6063,504,0,0,0,0,0
37645,ECG,6064,88,0,0,0,0,0
37650,ECG,6065,-785,0,0,0,0,0
37650,ECG,6066,-946,0,0,0,0,0
37655,ECG,6067,-901,0,0,0,0,0
37655,ECG,6068,-659,0,0,0,0,0
37655,ECG,6069,-225,0,0,0,0,0
37660,ECG,6070,283,0,0,0,0,0
37660,ECG,6071,532,0,0,0,0,0
37665,ECG,6072,528,0,0,0,0,0
37665,ECG,6073,257,0,0,0,0,0
37665,ECG,6074,-242,0,0,0,0,0
37670,ECG,6075,-557,0,0,0,0,0
37670,ECG,6076,-732,0,0,0,0,0
37675,ECG,6077,-734,0,0,0,0,0
37675,ECG,6078,-553,0,0,0,0,0
37675,ECG,6079,-195,0,0,0,0,0
37680,ECG,6080,281,0,0,0,0,0
37680,ECG,6081,534,0,0,0,0,0
37685,ECG,6082,202,0,0,0,0,0
37685,ECG,6083,-323,0,0,0,0,0
37690,ECG,6084,-727,0,0,0,0,0
37690,ECG,6085,-952,0,0,0,0,0
37690,ECG,6086,-954,0,0,0,0,0
37695,ECG,6087,-744,0,0,0,0,0
37695,ECG,6088,-411,0,0,0,0,0
37700,ECG,6089,135,0,0,0,0,0
37700,ECG,6090,545,0,0,0,0,0
37705,ECG,6091,421,0,0,0,0,0
37705,ECG,6092,-19,0,0,0,0,0
37710,ECG,6093,-413,0,0,0,0,0
37710,ECG,6094,-615,0,0,0,0,0
37710,ECG,6095,-659,0,0,0,0,0
37715,ECG,6096,-562,0,0,0,0,0
37715,ECG,6097,-213,0,0,0,0,0
37720,ECG,6098,300,0,0,0,0,0
37720,ECG,6099,520,0,0,0,0,0
37720,ECG,6100,476,0,0,0,0,0
37725,ECG,6101,192,0,0,0,0,0
37725,ECG,6102,-416,0,0,0,0,0
37730,ECG,6103,-871,0,0,0,0,0
37730,ECG,6104,-1040,0,0,0,0,0
37730,ECG,6105,-1026,0,0,0,0,0
37735,ECG,6106,-773,0,0,0,0,0
37735,ECG,6107,-351,0,0,0,0,0
37740,ECG,6108,556,0,0,0,0,0
37740,ECG,6109,552,0,0,0,0,0
37745,ECG,6110,419,0,0,0,0,0
37745,ECG,6111,-114,0,0,0,0,0
37750,ECG,6112,-739,0,0,0,0,0
37750,ECG,6113,-828,0,0,0,0,0
37755,ECG,6114,-689,0,0,0,0,0
37755,ECG,6115,-403,0,0,0,0,0
37755,ECG,6116,-9,0,0,0,0,0
37760,ECG,6117,471,0,0,0,0,0
37760,ECG,6118,558,0,0,0,0,0
37765,ECG,6119,554,0,0,0,0,0
37765,ECG,6120,204,0,0,0,0,0
37765,ECG,6121,-205,0,0,0,0,0
37770,ECG,6122,-494,0,0,0,0,0
37770,ECG,6123,-647,0,0,0,0,0
37775,ECG,6124,-650,0,0,0,0,0
37775,ECG,6125,-435,0,0,0,0,0
37775,ECG,6126,-5,0,0,0,0,0
37780,ECG,6127,393,0,0,0,0,0
37780,ECG,6128,524,0,0,0,0,0
37785,ECG,6129,-108,0,0,0,0,0
37785,ECG,6130,-704,0,0,0,0,0
37790,ECG,6131,-1094,0,0,0,0,0
37790,ECG,6132,-1224,0,0,0,0,0
37790,ECG,6133,-1092,0,0,0,0,0
37795,ECG,6134,-761,0,0,0,0,0
37795,ECG,6135,-275,0,0,0,0,0
37800,ECG,6136,375,0,0,0,0,0
37800,ECG,6137,575,0,0,0,0,0
37805,ECG,6138,259,0,0,0,0,0
37805,ECG,6139,-224,0,0,0,0,0
37810,ECG,6140,-590,0,0,0,0,0
37810,ECG,6141,-758,0,0,0,0,0
37810,ECG,6142,-732,0,0,0,0,0
37815,ECG,6143,-547,0,0,0,0,0
35750,IMU,624,1468,4,8428,-75,50,48
35769,IMU,625,1580,28,8508,-85,71,31
35788,IMU,626,1448,-52,8356,-94,55,53
35807,IMU,627,1588,-24,8376,-100,57,42
35826,IMU,628,1412,-12,8388,-96,53,33
35846,IMU,629,1476,-24,8308,-82,68,40
35864,IMU,630,1580,-48,8420,-90,66,28
35884,IMU,631,1452,-60,8424,-87,58,50
35903,IMU,632,1520,-20,8404,-75,44,46
35922,IMU,633,1492,-8,8316,-82,68,38
35941,IMU,634,1616,-24,8300,-94,58,38
35959,IMU,635,1424,-64,8348,-86,72,40
35979,IMU,636,1524,-60,8384,-89,49,37
35998,IMU,637,1532,-132,8344,-71,81,39
36017,IMU,638,1552,76,8448,-68,73,64
36037,IMU,639,1464,-80,8400,-84,58,48
36056,IMU,640,1536,-28,8392,-85,71,48
36074,IMU,641,1496,-20,8352,-92,62,52
36094,IMU,642,1688,-20,8412,-91,53,43
36113,IMU,643,1504,88,8364,-104,57,45
36132,IMU,644,1460,-144,8388,-87,74,51
36151,IMU,645,1556,-36,8344,-68,56,33
36169,IMU,646,1488,8,8300,-105,44,36
36189,IMU,647,1516,-40,8464,-86,55,34
36208,IMU,648,1492,-48,8392,-76,68,41
36227,IMU,649,1484,-12,8440,-85,67,51
36246,IMU,650,1548,-92,8416,-90,66,41
36265,IMU,651,1520,-20,8424,-73,51,43
36284,IMU,652,1456,-88,8388,-92,52,53
36303,IMU,653,1508,-44,8456,-95,66,47
36322,IMU,654,1500,-72,8312,-86,60,49
36341,IMU,655,1604,-68,8356,-87,53,47
36361,IMU,656,1500,-44,8424,-82,55,38
36379,IMU,657,1544,-28,8416,-93,61,43
36399,IMU,658,1460,24,8404,-72,65,32
36418,IMU,659,1552,-12,8356,-86,69,44
36437,IMU,660,1520,-44,8412,-106,67,33
36456,IMU,661,1528,-84,8436,-80,59,41
36475,IMU,662,1512,-104,8308,-79,65,49
36494,IMU,663,1356,56,8312,-83,68,45
36513,IMU,664,1596,4,8400,-85,56,44
36532,IMU,665,1536,-40,8284,-89,58,57
36551,IMU,666,1568,-104,8388,-72,73,33
36570,IMU,667,1548,64,8424,-82,57,47
36589,IMU,668,1520,-16,8372,-83,60,42
36609,IMU,669,1652,116,8372,-110,53,36
36630,IMU,670,1592,-68,8312,-89,61,44
36646,IMU,671,1456,8,8392,-101,70,41
36666,IMU,672,1544,40,8368,-86,56,47
36684,IMU,673,1612,-64,8340,-85,54,43
36704,IMU,674,1548,-44,8352,-85,58,50
36723,IMU,675,1576,-72,8380,-86,53,40
36742,IMU,676,1532,-48,8460,-94,64,37
36761,IMU,677,1488,-120,8328,-94,52,44
36780,IMU,678,1552,-12,8352,-76,51,40
36799,IMU,679,1580,16,8304,-80,56,44
36818,IMU,680,1472,-44,8392,-87,77,32
36838,IMU,681,1592,-12,8308,-88,53,29
36856,IMU,682,1592,-28,8352,-96,63,39
36876,IMU,683,1456,0,8396,-84,56,48
36894,IMU,684,1488,0,8360,-85,62,60
36914,IMU,685,1512,-40,8368,-96,48,43
36933,IMU,686,1476,64,8384,-75,79,38
36952,IMU,687,1472,-48,8392,-75,60,37
36971,IMU,688,1380,72,8368,-100,60,44
36990,IMU,689,1480,4,8304,-96,56,34
37009,IMU,690,1520,64,8388,-78,76,42
37028,IMU,691,1480,-64,8424,-78,46,36
37047,IMU,692,1528,-16,8284,-87,79,36
37066,IMU,693,1440,12,8368,-78,66,63
37086,IMU,694,1556,-36,8364,-79,57,45
37106,IMU,695,1548,-32,8368,-75,59,46
37124,IMU,696,1512,-20,8364,-80,72,38
37142,IMU,697,1540,-72,8348,-83,61,35
37162,IMU,698,1520,8,8284,-76,48,43
37181,IMU,699,1548,-52,8404,-91,86,54
37199,IMU,700,1568,-68,8440,-87,59,47
37219,IMU,701,1500,-88,8400,-70,76,52
37238,IMU,702,1524,4,8400,-83,73,47
37257,IMU,703,1484,8,8364,-93,73,28
37276,IMU,704,1544,-60,8400,-85,56,50
37295,IMU,705,1536,0,8436,-69,57,49
37314,IMU,706,1568,-64,8316,-77,66,43
37333,IMU,707,1584,-84,8472,-81,69,45
37352,IMU,708,1552,-28,8324,-55,59,43
37371,IMU,709,1472,-108,8376,-68,68,43
37391,IMU,710,1564,36,8420,-91,53,42
37409,IMU,711,1492,-60,8380,-79,62,40
37429,IMU,712,1512,-28,8424,-96,63,37
37448,IMU,713,1500,12,8316,-83,71,47
37467,IMU,714,1532,-128,8408,-85,63,51
37486,IMU,715,1568,-24,8356,-101,63,33
37504,IMU,716,1476,-36,8376,-83,70,45
37524,IMU,717,1548,-80,8368,-83,43,26
37543,IMU,718,1488,-8,8312,-77,69,40
37562,IMU,719,1484,-8,8432,-91,60,61
37581,IMU,720,1552,24,8416,-68,62,56
37600,IMU,721,1484,12,8384,-91,66,48
37619,IMU,722,1472,80,8384,-70,68,37
37639,IMU,723,1476,-16,8396,-88,58,40
37659,IMU,724,1572,-20,8328,-79,73,44
37676,IMU,725,1452,12,8356,-86,62,50
37696,IMU,726,1564,-40,8416,-70,59,38
37714,IMU,727,1448,44,8416,-99,66,38
37734,IMU,728,1540,-100,8388,-87,53,25
37753,IMU,729,1504,-76,8268,-98,65,34
37772,IMU,730,1468,32,8332,-92,47,42
37791,IMU,731,1584,-24,8424,-78,61,48
37810,IMU,732,1568,-28,8392,-80,74,43
37829,IMU,733,1484,-32,8396,-89,59,45
37848,IMU,734,1544,-108,8404,-93,68,35
37867,IMU,735,1480,-52,8440,-78,60,45
37886,IMU,736,1560,-104,8376,-88,60,31
37906,IMU,737,1508,-32,8420,-84,47,37
37924,IMU,738,1360,-8,8432,-82,64,37
37944,IMU,739,1544,12,8292,-71,56,43
37963,IMU,740,1572,4,8380,-82,55,49
37982,IMU,741,1612,-40,8308,-86,59,36
38001,IMU,742,1432,-92,8384,-82,47,42
38019,IMU,743,1544,-28,8392,-73,55,54
38039,IMU,744,1512,-52,8436,-76,43,41
38058,IMU,745,1392,-48,8392,-80,52,38
38077,IMU,746,1524,-24,8344,-92,64,35
38096,IMU,747,1460,-44,8432,-67,56,46
38115,IMU,748,1500,-12,8384,-99,72,45
38136,IMU,749,1412,-16,8348,-87,61,39
38153,IMU,750,1588,-68,8380,-86,54,35
38172,IMU,751,1536,12,8400,-80,57,30
38191,IMU,752,1496,60,8408,-60,62,46
38211,IMU,753,1424,20,8360,-85,59,34
38229,IMU,754,1536,4,8448,-94,48,45
38249,IMU,755,1444,8,8440,-85,60,29
38268,IMU,756,1564,-60,8416,-91,62,55
38287,IMU,757,1500,116,8372,-86,64,44
38306,IMU,758,1508,-72,8372,-76,67,56
38324,IMU,759,1452,-40,8336,-93,48,41
38344,IMU,760,1508,-32,8352,-77,64,20
38363,IMU,761,1600,12,8276,-80,70,39
38382,IMU,762,1564,96,8392,-82,65,65
38402,IMU,763,1572,-120,8352,-90,49,53
38421,IMU,764,1472,-104,8324,-85,65,40
38439,IMU,765,1540,-80,8360,-99,69,55
38459,IMU,766,1476,-20,8332,-76,65,43
38478,IMU,767,1564,-76,8396,-78,60,52
38497,IMU,768,1508,4,8320,-68,54,41
38516,IMU,769,1644,-24,8332,-80,68,48
38534,IMU,770,1520,-32,8392,-86,75,46
38554,IMU,771,1524,-52,8448,-90,59,37
38573,IMU,772,1492,-36,8344,-83,58,38
38592,IMU,773,1508,36,8436,-93,61,48
38611,IMU,774,1548,8,8364,-68,60,36
38630,IMU,775,1384,-52,8412,-76,55,37
38649,IMU,776,1396,-56,8452,-69,64,38
38668,IMU,777,1480,-32,8320,-73,75,44
38689,IMU,778,1444,-32,8320,-73,49,47
38706,IMU,779,1532,-24,8400,-106,51,36
38726,IMU,780,1460,0,8304,-93,65,44
38744,IMU,781,1568,-56,8288,-86,75,45
38764,IMU,782,1512,-60,8328,-79,61,32
38783,IMU,783,1452,48,8456,-76,52,42
38802,IMU,784,1556,24,8376,-95,48,47
38821,IMU,785,1480,20,8492,-79,64,37
38839,IMU,786,1536,-108,8368,-74,53,34
38859,IMU,787,1448,-84,8356,-86,63,46
38878,IMU,788,1496,52,8420,-84,69,48
38897,IMU,789,1440,-16,8432,-69,54,40
38916,IMU,790,1588,-52,8392,-68,56,53
38935,IMU,791,1528,-52,8388,-79,84,67
38954,IMU,792,1556,-56,8276,-94,74,41
38973,IMU,793,1556,-52,8376,-87,64,33
38992,IMU,794,1540,-16,8428,-74,65,40
39012,IMU,795,1524,24,8448,-79,52,40
39031,IMU,796,1480,-72,8364,-92,76,44
39049,IMU,797,1488,-16,8364,-92,59,39
39069,IMU,798,1400,-100,8272,-91,41,43
39088,IMU,799,1496,-60,8360,-80,62,39
39107,IMU,800,1560,-8,8372,-70,59,45
39126,IMU,801,1516,16,8448,-88,47,33
39145,IMU,802,1504,12,8388,-86,59,36
39164,IMU,803,1480,-44,8388,-101,60,52
39183,IMU,804,1524,-36,8372,-89,64,56
39202,IMU,805,1476,-20,8260,-74,68,38
39221,IMU,806,1548,-68,8412,-79,58,53
39240,IMU,807,1608,-44,8396,-84,63,46
39259,IMU,808,1468,68,8444,-98,55,32
39278,IMU,809,1444,-24,8444,-91,57,40
39298,IMU,810,1564,-64,8436,-88,68,65
39316,IMU,811,1496,-40,8380,-78,68,33
39336,IMU,812,1620,-8,8352,-97,59,56
39354,IMU,813,1552,-28,8424,-75,56,40
39374,IMU,814,1464,-28,8296,-87,57,31
39393,IMU,815,1552,-64,8352,-82,63,64
39412,IMU,816,1532,-104,8428,-72,53,46
39431,IMU,817,1476,-52,8432,-86,63,34
39450,IMU,818,1528,-8,8468,-77,59,62
39469,IMU,819,1464,-32,8480,-83,62,54
39488,IMU,820,1516,-28,8408,-92,58,43
39507,IMU,821,1524,-28,8448,-90,83,42
39526,IMU,822,1504,24,8452,-84,69,32
39546,IMU,823,1560,-76,8380,-99,56,50
39564,IMU,824,1476,-44,8440,-103,66,40
39584,IMU,825,1528,-100,8348,-91,67,53
39603,IMU,826,1576,-60,8372,-101,64,36
39622,IMU,827,1604,-92,8320,-86,56,40
39641,IMU,828,1488,-8,8392,-86,60,41
39660,IMU,829,1604,-36,8328,-82,66,31
39679,IMU,830,1400,-52,8360,-89,60,33
39698,IMU,831,1500,80,8316,-91,59,66
37815,ECG,6144,-184,0,0,0,0,0
37820,ECG,6145,347,0,0,0,0,0
37820,ECG,6146,577,0,0,0,0,0
37820,ECG,6147,572,0,0,0,0,0
37825,ECG,6148,307,0,0,0,0,0
37825,ECG,6149,-223,0,0,0,0,0
37830,ECG,6150,-595,0,0,0,0,0
37830,ECG,6151,-782,0,0,0,0,0
37830,ECG,6152,-793,0,0,0,0,0
37835,ECG,6153,-602,0,0,0,0,0
37835,ECG,6154,-230,0,0,0,0,0
37840,ECG,6155,580,0,0,0,0,0
37840,ECG,6156,575,0,0,0,0,0
37845,ECG,6157,287,0,0,0,0,0
37845,ECG,6158,-292,0,0,0,0,0
37845,ECG,6159,-709,0,0,0,0,0
37850,ECG,6160,-917,0,0,0,0,0
37850,ECG,6161,-939,0,0,0,0,0
37855,ECG,6162,-718,0,0,0,0,0
37855,ECG,6163,-360,0,0,0,0,0
37860,ECG,6164,560,0,0,0,0,0
37860,ECG,6165,584,0,0,0,0,0
37865,ECG,6166,580,0,0,0,0,0
37865,ECG,6167,246,0,0,0,0,0
37865,ECG,6168,-16,0,0,0,0,0
37870,ECG,6169,-153,0,0,0,0,0
37870,ECG,6170,-217,0,0,0,0,0
37875,ECG,6171,-158,0,0,0,0,0
37875,ECG,6172,-21,0,0,0,0,0
37875,ECG,6173,302,0,0,0,0,0
37880,ECG,6174,571,0,0,0,0,0
37880,ECG,6175,567,0,0,0,0,0
37885,ECG,6176,444,0,0,0,0,0
37885,ECG,6177,64,0,0,0,0,0
37885,ECG,6178,-325,0,0,0,0,0
37890,ECG,6179,-542,0,0,0,0,0
37890,ECG,6180,-630,0,0,0,0,0
37895,ECG,6181,-295,0,0,0,0,0
37895,ECG,6182,40,0,0,0,0,0
37900,ECG,6183,438,0,0,0,0,0
37900,ECG,6184,565,0,0,0,0,0
37905,ECG,6185,339,0,0,0,0,0
37905,ECG,6186,53,0,0,0,0,0
37910,ECG,6187,-114,0,0,0,0,0
37910,ECG,6188,-212,0,0,0,0,0
37910,ECG,6189,-175,0,0,0,0,0
37915,ECG,6190,-81,0,0,0,0,0
37915,ECG,6191,161,0,0,0,0,0
37920,ECG,6192,553,0,0,0,0,0
37920,ECG,6193,549,0,0,0,0,0
37920,ECG,6194,513,0,0,0,0,0
37925,ECG,6195,112,0,0,0,0,0
37925,ECG,6196,-391,0,0,0,0,0
37930,ECG,6197,-756,0,0,0,0,0
37930,ECG,6198,-963,0,0,0,0,0
37930,ECG,6199,-939,0,0,0,0,0
37935,ECG,6200,-718,0,0,0,0,0
37935,ECG,6201,-318,0,0,0,0,0
37940,ECG,6202,559,0,0,0,0,0
37940,ECG,6203,555,0,0,0,0,0
37945,ECG,6204,343,0,0,0,0,0
37945,ECG,6205,-178,0,0,0,0,0
37945,ECG,6206,-531,0,0,0,0,0
37950,ECG,6207,-715,0,0,0,0,0
37950,ECG,6208,-720,0,0,0,0,0
37955,ECG,6209,-556,0,0,0,0,0
37955,ECG,6210,-222,0,0,0,0,0
37960,ECG,6211,561,0,0,0,0,0
37960,ECG,6212,556,0,0,0,0,0
37965,ECG,6213,425,0,0,0,0,0
37965,ECG,6214,-39,0,0,0,0,0
37965,ECG,6215,-336,0,0,0,0,0
37970,ECG,6216,-480,0,0,0,0,0
37970,ECG,6217,-491,0,0,0,0,0
37975,ECG,6218,-370,0,0,0,0,0
37975,ECG,6219,-93,0,0,0,0,0
37975,ECG,6220,376,0,0,0,0,0
37980,ECG,6221,554,0,0,0,0,0
37980,ECG,6222,550,0,0,0,0,0
37985,ECG,6223,266,0,0,0,0,0
37985,ECG,6224,-263,0,0,0,0,0
37985,ECG,6225,-661,0,0,0,0,0
37990,ECG,6226,-873,0,0,0,0,0
37990,ECG,6227,-894,0,0,0,0,0
37995,ECG,6228,-352,0,0,0,0,0
37995,ECG,6229,143,0,0,0,0,0
38000,ECG,6230,562,0,0,0,0,0
38000,ECG,6231,557,0,0,0,0,0
38000,ECG,6232,491,0,0,0,0,0
38005,ECG,6233,35,0,0,0,0,0
38005,ECG,6234,-292,0,0,0,0,0
38010,ECG,6235,-481,0,0,0,0,0
38010,ECG,6236,-531,0,0,0,0,0
38010,ECG,6237,-432,0,0,0,0,0
38015,ECG,6238,-196,0,0,0,0,0
38015,ECG,6239,247,0,0,0,0,0
38020,ECG,6240,556,0,0,0,0,0
38020,ECG,6241,552,0,0,0,0,0
38020,ECG,6242,400,0,0,0,0,0
38025,ECG,6243,-87,0,0,0,0,0
38025,ECG,6244,-515,0,0,0,0,0
38030,ECG,6245,-735,0,0,0,0,0
38030,ECG,6246,-805,0,0,0,0,0
38030,ECG,6247,-672,0,0,0,0,0
38035,ECG,6248,-367,0,0,0,0,0
38035,ECG,6249,83,0,0,0,0,0
38040,ECG,6250,517,0,0,0,0,0
38040,ECG,6251,556,0,0,0,0,0
38040,ECG,6252,507,0,0,0,0,0
38045,ECG,6253,24,0,0,0,0,0
38045,ECG,6254,-396,0,0,0,0,0
38050,ECG,6255,-767,0,0,0,0,0
38050,ECG,6256,-677,0,0,0,0,0
38055,ECG,6257,-399,0,0,0,0,0
38055,ECG,6258,24,0,0,0,0,0
38060,ECG,6259,558,0,0,0,0,0
38060,ECG,6260,429,0,0,0,0,0
38065,ECG,6261,-1,0,0,0,0,0
38065,ECG,6262,-466,0,0,0,0,0
38065,ECG,6263,-733,0,0,0,0,0
38070,ECG,6264,-818,0,0,0,0,0
38070,ECG,6265,-693,0,0,0,0,0
38075,ECG,6266,-421,0,0,0,0,0
38075,ECG,6267,-61,0,0,0,0,0
38075,ECG,6268,444,0,0,0,0,0
38080,ECG,6269,563,0,0,0,0,0
38080,ECG,6270,558,0,0,0,0,0
38085,ECG,6271,311,0,0,0,0,0
38085,ECG,6272,-116,0,0,0,0,0
38085,ECG,6273,-420,0,0,0,0,0
38090,ECG,6274,-603,0,0,0,0,0
38090,ECG,6275,-631,0,0,0,0,0
38095,ECG,6276,-108,0,0,0,0,0
38095,ECG,6277,365,0,0,0,0,0
38100,ECG,6278,516,0,0,0,0,0
38100,ECG,6279,424,0,0,0,0,0
38100,ECG,6280,84,0,0,0,0,0
38105,ECG,6281,-494,0,0,0,0,0
38105,ECG,6282,-885,0,0,0,0,0
38110,ECG,6283,-1011,0,0,0,0,0
38110,ECG,6284,-931,0,0,0,0,0
38115,ECG,6285,-177,0,0,0,0,0
38115,ECG,6286,427,0,0,0,0,0
38120,ECG,6287,571,0,0,0,0,0
38120,ECG,6288,567,0,0,0,0,0
38120,ECG,6289,104,0,0,0,0,0
38125,ECG,6290,-529,0,0,0,0,0
38125,ECG,6291,-966,0,0,0,0,0
38130,ECG,6292,-1200,0,0,0,0,0
38130,ECG,6293,-1176,0,0,0,0,0
38130,ECG,6294,-909,0,0,0,0,0
38135,ECG,6295,-454,0,0,0,0,0
38135,ECG,6296,240,0,0,0,0,0
38140,ECG,6297,588,0,0,0,0,0
38140,ECG,6298,584,0,0,0,0,0
38140,ECG,6299,273,0,0,0,0,0
38145,ECG,6300,-447,0,0,0,0,0
38145,ECG,6301,-1025,0,0,0,0,0
38150,ECG,6302,-1450,0,0,0,0,0
38150,ECG,6303,-1237,0,0,0,0,0
38155,ECG,6304,-745,0,0,0,0,0
38155,ECG,6305,-24,0,0,0,0,0
38155,ECG,6306,526,0,0,0,0,0
38160,ECG,6307,609,0,0,0,0,0
38160,ECG,6308,502,0,0,0,0,0
38165,ECG,6309,-123,0,0,0,0,0
38165,ECG,6310,-624,0,0,0,0,0
38165,ECG,6311,-856,0,0,0,0,0
38170,ECG,6312,-906,0,0,0,0,0
38170,ECG,6313,-723,0,0,0,0,0
38175,ECG,6314,-375,0,0,0,0,0
38175,ECG,6315,110,0,0,0,0,0
38175,ECG,6316,598,0,0,0,0,0
38180,ECG,6317,614,0,0,0,0,0
38180,ECG,6318,598,0,0,0,0,0
38185,ECG,6319,137,0,0,0,0,0
38185,ECG,6320,-240,0,0,0,0,0
38185,ECG,6321,-472,0,0,0,0,0
38190,ECG,6322,-557,0,0,0,0,0
38190,ECG,6323,-484,0,0,0,0,0
38195,ECG,6324,219,0,0,0,0,0
38195,ECG,6325,612,0,0,0,0,0
38200,ECG,6326,607,0,0,0,0,0
38200,ECG,6327,420,0,0,0,0,0
38200,ECG,6328,-84,0,0,0,0,0
38205,ECG,6329,-621,0,0,0,0,0
38205,ECG,6330,-911,0,0,0,0,0
38210,ECG,6331,-983,0,0,0,0,0
38210,ECG,6332,-848,0,0,0,0,0
38215,ECG,6333,65,0,0,0,0,0
38215,ECG,6334,537,0,0,0,0,0
38220,ECG,6335,616,0,0,0,0,0
38220,ECG,6336,555,0,0,0,0,0
38220,ECG,6337,68,0,0,0,0,0
38225,ECG,6338,-372,0,0,0,0,0
38225,ECG,6339,-582,0,0,0,0,0
38230,ECG,6340,-645,0,0,0,0,0
38230,ECG,6341,-521,0,0,0,0,0
38230,ECG,6342,-240,0,0,0,0,0
38235,ECG,6343,152,0,0,0,0,0
38235,ECG,6344,562,0,0,0,0,0
38240,ECG,6345,613,0,0,0,0,0
38240,ECG,6346,608,0,0,0,0,0
38240,ECG,6347,181,0,0,0,0,0
38245,ECG,6348,-195,0,0,0,0,0
38245,ECG,6349,-444,0,0,0,0,0
38250,ECG,6350,-528,0,0,0,0,0
38250,ECG,6351,-335,0,0,0,0,0
38255,ECG,6352,48,0,0,0,0,0
38255,ECG,6353,518,0,0,0,0,0
38260,ECG,6354,603,0,0,0,0,0
38260,ECG,6355,96,0,0,0,0,0
38265,ECG,6356,-516,0,0,0,0,0
38265,ECG,6357,-975,0,0,0,0,0
38265,ECG,6358,-1217,0,0,0,0,0
38270,ECG,6359,-1220,0,0,0,0,0
38270,ECG,6360,-947,0,0,0,0,0
38275,ECG,6361,-428,0,0,0,0,0
38275,ECG,6362,148,0,0,0,0,0
38275,ECG,6363,625,0,0,0,0,0
38280,ECG,6364,621,0,0,0,0,0
38280,ECG,6365,391,0,0,0,0,0
38285,ECG,6366,-174,0,0,0,0,0
38285,ECG,6367,-614,0,0,0,0,0
38285,ECG,6368,-868,0,0,0,0,0
38290,ECG,6369,-909,0,0,0,0,0
38290,ECG,6370,-728,0,0,0,0,0
38295,ECG,6371,90,0,0,0,0,0
38295,ECG,6372,582,0,0,0,0,0
38300,ECG,6373,627,0,0,0,0,0
38300,ECG,6374,566,0,0,0,0,0
38305,ECG,6375,-137,0,0,0,0,0
38305,ECG,6376,-344,0,0,0,0,0
38310,ECG,6377,-387,0,0,0,0,0
38310,ECG,6378,-313,0,0,0,0,0
38315,ECG,6379,254,0,0,0,0,0
38315,ECG,6380,619,0,0,0,0,0
38320,ECG,6381,614,0,0,0,0,0
38320,ECG,6382,527,0,0,0,0,0
38320,ECG,6383,107,0,0,0,0,0
38325,ECG,6384,-319,0,0,0,0,0
38325,ECG,6385,-580,0,0,0,0,0
38330,ECG,6386,-693,0,0,0,0,0
38330,ECG,6387,-606,0,0,0,0,0
38330,ECG,6388,-372,0,0,0,0,0
38335,ECG,6389,30,0,0,0,0,0
38335,ECG,6390,554,0,0,0,0,0
38340,ECG,6391,613,0,0,0,0,0
38340,ECG,6392,599,0,0,0,0,0
38340,ECG,6393,108,0,0,0,0,0
38345,ECG,6394,-424,0,0,0,0,0
38345,ECG,6395,-815,0,0,0,0,0
38345,ECG,6396,-1001,0,0,0,0,0
38350,ECG,6397,-961,0,0,0,0,0
38350,ECG,6398,-695,0,0,0,0,0
38355,ECG,6399,-144,0,0,0,0,0
38355,ECG,6400,456,0,0,0,0,0
38360,ECG,6401,539,0,0,0,0,0
38360,ECG,6402,-34,0,0,0,0,0
38365,ECG,6403,-776,0,0,0,0,0
38365,ECG,6404,-1251,0,0,0,0,0
38365,ECG,6405,-1431,0,0,0,0,0
38370,ECG,6406,-1348,0,0,0,0,0
38370,ECG,6407,-974,0,0,0,0,0
38375,ECG,6408,-351,0,0,0,0,0
38375,ECG,6409,272,0,0,0,0,0
38375,ECG,6410,644,0,0,0,0,0
38380,ECG,6411,639,0,0,0,0,0
38380,ECG,6412,415,0,0,0,0,0
38385,ECG,6413,-76,0,0,0,0,0
38385,ECG,6414,-324,0,0,0,0,0
38385,ECG,6415,-418,0,0,0,0,0
38390,ECG,6416,-372,0,0,0,0,0
38390,ECG,6417,-188,0,0,0,0,0
38395,ECG,6418,537,0,0,0,0,0
38395,ECG,6419,632,0,0,0,0,0
38400,ECG,6420,627,0,0,0,0,0
38400,ECG,6421,238,0,0,0,0,0
38400,ECG,6422,-253,0,0,0,0,0
38405,ECG,6423,-694,0,0,0,0,0
38405,ECG,6424,-971,0,0,0,0,0
38410,ECG,6425,-992,0,0,0,0,0
38410,ECG,6426,-807,0,0,0,0,0
38410,ECG,6427,-406,0,0,0,0,0
38415,ECG,6428,222,0,0,0,0,0
38415,ECG,6429,641,0,0,0,0,0
38420,ECG,6430,636,0,0,0,0,0
38420,ECG,6431,426,0,0,0,0,0
38420,ECG,6432,-203,0,0,0,0,0
38425,ECG,6433,-706,0,0,0,0,0
38425,ECG,6434,-971,0,0,0,0,0
38430,ECG,6435,-1026,0,0,0,0,0
38430,ECG,6436,-830,0,0,0,0,0
38430,ECG,6437,-459,0,0,0,0,0
38435,ECG,6438,108,0,0,0,0,0
38435,ECG,6439,633,0,0,0,0,0
38440,ECG,6440,645,0,0,0,0,0
38440,ECG,6441,601,0,0,0,0,0
38440,ECG,6442,97,0,0,0,0,0
38445,ECG,6443,-318,0,0,0,0,0
38445,ECG,6444,-551,0,0,0,0,0
38450,ECG,6445,-511,0,0,0,0,0
38450,ECG,6446,-263,0,0,0,0,0
38455,ECG,6447,234,0,0,0,0,0
38455,ECG,6448,643,0,0,0,0,0
38460,ECG,6449,532,0,0,0,0,0
38460,ECG,6450,4,0,0,0,0,0
38465,ECG,6451,-493,0,0,0,0,0
38465,ECG,6452,-752,0,0,0,0,0
38465,ECG,6453,-852,0,0,0,0,0
38470,ECG,6454,-730,0,0,0,0,0
38470,ECG,6455,-410,0,0,0,0,0
38475,ECG,6456,83,0,0,0,0,0
38475,ECG,6457,577,0,0,0,0,0
38475,ECG,6458,641,0,0,0,0,0
38480,ECG,6459,605,0,0,0,0,0
38480,ECG,6460,49,0,0,0,0,0
38485,ECG,6461,-450,0,0,0,0,0
38485,ECG,6462,-763,0,0,0,0,0
38485,ECG,6463,-907,0,0,0,0,0
38490,ECG,6464,-808,0,0,0,0,0
38490,ECG,6465,-525,0,0,0,0,0
38495,ECG,6466,497,0,0,0,0,0
38495,ECG,6467,645,0,0,0,0,0
38500,ECG,6468,641,0,0,0,0,0
38500,ECG,6469,217,0,0,0,0,0
38505,ECG,6470,-698,0,0,0,0,0
38505,ECG,6471,-888,0,0,0,0,0
38510,ECG,6472,-859,0,0,0,0,0
38510,ECG,6473,-611,0,0,0,0,0
38510,ECG,6474,-203,0,0,0,0,0
38515,ECG,6475,334,0,0,0,0,0
38515,ECG,6476,650,0,0,0,0,0
38520,ECG,6477,645,0,0,0,0,0
38520,ECG,6478,413,0,0,0,0,0
38520,ECG,6479,-52,0,0,0,0,0
38525,ECG,6480,-396,0,0,0,0,0
38525,ECG,6481,-564,0,0,0,0,0
38530,ECG,6482,-551,0,0,0,0,0
38530,ECG,6483,-407,0,0,0,0,0
38530,ECG,6484,-66,0,0,0,0,0
38535,ECG,6485,502,0,0,0,0,0
38535,ECG,6486,643,0,0,0,0,0
38540,ECG,6487,637,0,0,0,0,0
38540,ECG,6488,208,0,0,0,0,0
38540,ECG,6489,-453,0,0,0,0,0
38545,ECG,6490,-980,0,0,0,0,0
38545,ECG,6491,-1243,0,0,0,0,0
38550,ECG,6492,-998,0,0,0,0,0
38550,ECG,6493,-486,0,0,0,0,0
38555,ECG,6494,212,0,0,0,0,0
38555,ECG,6495,660,0,0,0,0,0
38560,ECG,6496,427,0,0,0,0,0
38560,ECG,6497,-223,0,0,0,0,0
38565,ECG,6498,-676,0,0,0,0,0
38565,ECG,6499,-910,0,0,0,0,0
38565,ECG,6500,-927,0,0,0,0,0
38570,ECG,6501,-713,0,0,0,0,0
38570,ECG,6502,-332,0,0,0,0,0
38575,ECG,6503,294,0,0,0,0,0
38575,ECG,6504,665,0,0,0,0,0
38575,ECG,6505,660,0,0,0,0,0
38580,ECG,6506,415,0,0,0,0,0
38580,ECG,6507,-231,0,0,0,0,0
38585,ECG,6508,-759,0,0,0,0,0
38585,ECG,6509,-1058,0,0,0,0,0
38585,ECG,6510,-1132,0,0,0,0,0
38590,ECG,6511,-923,0,0,0,0,0
38590,ECG,6512,-528,0,0,0,0,0
38595,ECG,6513,600,0,0,0,0,0
38595,ECG,6514,672,0,0,0,0,0
38600,ECG,6515,668,0,0,0,0,0
38600,ECG,6516,248,0,0,0,0,0
38600,ECG,6517,-150,0,0,0,0,0
38605,ECG,6518,-360,0,0,0,0,0
38605,ECG,6519,-482,0,0,0,0,0
38610,ECG,6520,-393,0,0,0,0,0
38610,ECG,6521,-210,0,0,0,0,0
38615,ECG,6522,666,0,0,0,0,0
38615,ECG,6523,661,0,0,0,0,0
38620,ECG,6524,638,0,0,0,0,0
38620,ECG,6525,127,0,0,0,0,0
38620,ECG,6526,-437,0,0,0,0,0
38625,ECG,6527,-846,0,0,0,0,0
38625,ECG,6528,-1045,0,0,0,0,0
38630,ECG,6529,-1012,0,0,0,0,0
38630,ECG,6530,-735,0,0,0,0,0
38630,ECG,6531,-125,0,0,0,0,0
38635,ECG,6532,447,0,0,0,0,0
38635,ECG,6533,670,0,0,0,0,0
38640,ECG,6534,637,0,0,0,0,0
38640,ECG,6535,88,0,0,0,0,0
38640,ECG,6536,-643,0,0,0,0,0
38645,ECG,6537,-1026,0,0,0,0,0
38645,ECG,6538,-1190,0,0,0,0,0
38650,ECG,6539,-744,0,0,0,0,0
38650,ECG,6540,-249,0,0,0,0,0
38655,ECG,6541,439,0,0,0,0,0
38655,ECG,6542,683,0,0,0,0,0
38660,ECG,6543,342,0,0,0,0,0
38660,ECG,6544,-190,0,0,0,0,0
38665,ECG,6545,-608,0,0,0,0,0
38665,ECG,6546,-828,0,0,0,0,0
38665,ECG,6547,-825,0,0,0,0,0
38670,ECG,6548,-632,0,0,0,0,0
38670,ECG,6549,-171,0,0,0,0,0
38675,ECG,6550,389,0,0,0,0,0
38675,ECG,6551,684,0,0,0,0,0
38675,ECG,6552,679,0,0,0,0,0
38680,ECG,6553,353,0,0,0,0,0
38680,ECG,6554,-263,0,0,0,0,0
38685,ECG,6555,-649,0,0,0,0,0
38685,ECG,6556,-836,0,0,0,0,0
38685,ECG,6557,-815,0,0,0,0,0
38690,ECG,6558,-573,0,0,0,0,0
38690,ECG,6559,-194,0,0,0,0,0
38695,ECG,6560,404,0,0,0,0,0
38695,ECG,6561,685,0,0,0,0,0
38695,ECG,6562,680,0,0,0,0,0
38700,ECG,6563,366,0,0,0,0,0
38700,ECG,6564,-217,0,0,0,0,0
38700,ECG,6565,-708,0,0,0,0,0
38705,ECG,6566,-974,0,0,0,0,0
38705,ECG,6567,-1014,0,0,0,0,0
38710,ECG,6568,-814,0,0,0,0,0
38710,ECG,6569,-354,0,0,0,0,0
38715,ECG,6570,691,0,0,0,0,0
38715,ECG,6571,687,0,0,0,0,0
38720,ECG,6572,479,0,0,0,0,0
38720,ECG,6573,-221,0,0,0,0,0
38720,ECG,6574,-735,0,0,0,0,0
38725,ECG,6575,-1007,0,0,0,0,0
38725,ECG,6576,-1083,0,0,0,0,0
38730,ECG,6577,-886,0,0,0,0,0
38730,ECG,6578,-483,0,0,0,0,0
38730,ECG,6579,134,0,0,0,0,0
38735,ECG,6580,701,0,0,0,0,0
38735,ECG,6581,696,0,0,0,0,0
38740,ECG,6582,536,0,0,0,0,0
38740,ECG,6583,-51,0,0,0,0,0
38740,ECG,6584,-634,0,0,0,0,0
38745,ECG,6585,-977,0,0,0,0,0
38745,ECG,6586,-1080,0,0,0,0,0
38750,ECG,6587,-549,0,0,0,0,0
38750,ECG,6588,32,0,0,0,0,0
38755,ECG,6589,589,0,0,0,0,0
38755,ECG,6590,705,0,0,0,0,0
38755,ECG,6591,639,0,0,0,0,0
38760,ECG,6592,77,0,0,0,0,0
38760,ECG,6593,-482,0,0,0,0,0
38765,ECG,6594,-808,0,0,0,0,0
38765,ECG,6595,-931,0,0,0,0,0
38770,ECG,6596,-498,0,0,0,0,0
38770,ECG,6597,-36,0,0,0,0,0
38775,ECG,6598,514,0,0,0,0,0
38775,ECG,6599,709,0,0,0,0,0
38775,ECG,6600,704,0,0,0,0,0
38780,ECG,6601,414,0,0,0,0,0
38780,ECG,6602,-52,0,0,0,0,0
38785,ECG,6603,-377,0,0,0,0,0
38785,ECG,6604,-546,0,0,0,0,0
38785,ECG,6605,-559,0,0,0,0,0
38790,ECG,6606,-385,0,0,0,0,0
38790,ECG,6607,32,0,0,0,0,0
38795,ECG,6608,484,0,0,0,0,0
38795,ECG,6609,679,0,0,0,0,0
38795,ECG,6610,599,0,0,0,0,0
38800,ECG,6611,216,0,0,0,0,0
38800,ECG,6612,-336,0,0,0,0,0
38805,ECG,6613,-879,0,0,0,0,0
38805,ECG,6614,-812,0,0,0,0,0
38810,ECG,6615,-542,0,0,0,0,0
38810,ECG,6616,-79,0,0,0,0,0
38815,ECG,6617,703,0,0,0,0,0
38815,ECG,6618,698,0,0,0,0,0
38820,ECG,6619,245,0,0,0,0,0
38820,ECG,6620,-320,0,0,0,0,0
38820,ECG,6621,-759,0,0,0,0,0
38825,ECG,6622,-978,0,0,0,0,0
38825,ECG,6623,-940,0,0,0,0,0
38830,ECG,6624,-687,0,0,0,0,0
38830,ECG,6625,-260,0,0,0,0,0
38830,ECG,6626,350,0,0,0,0,0
38835,ECG,6627,709,0,0,0,0,0
38835,ECG,6628,704,0,0,0,0,0
38840,ECG,6629,518,0,0,0,0,0
38840,ECG,6630,-6,0,0,0,0,0
38840,ECG,6631,-399,0,0,0,0,0
38845,ECG,6632,-597,0,0,0,0,0
38845,ECG,6633,-626,0,0,0,0,0
38850,ECG,6634,-122,0,0,0,0,0
38850,ECG,6635,377,0,0,0,0,0
38855,ECG,6636,702,0,0,0,0,0
38855,ECG,6637,697,0,0,0,0,0
38855,ECG,6638,495,0,0,0,0,0
38860,ECG,6639,-41,0,0,0,0,0
38860,ECG,6640,-435,0,0,0,0,0
38865,ECG,6641,-628,0,0,0,0,0
38865,ECG,6642,-666,0,0,0,0,0
38870,ECG,6643,-175,0,0,0,0,0
38870,ECG,6644,251,0,0,0,0,0
38875,ECG,6645,698,0,0,0,0,0
38875,ECG,6646,693,0,0,0,0,0
38875,ECG,6647,678,0,0,0,0,0
38880,ECG,6648,246,0,0,0,0,0
38880,ECG,6649,-116,0,0,0,0,0
38885,ECG,6650,-354,0,0,0,0,0
38885,ECG,6651,-462,0,0,0,0,0
38885,ECG,6652,-407,0,0,0,0,0
38890,ECG,6653,-197,0,0,0,0,0
38890,ECG,6654,210,0,0,0,0,0
38895,ECG,6655,636,0,0,0,0,0
38895,ECG,6656,681,0,0,0,0,0
38895,ECG,6657,595,0,0,0,0,0
38900,ECG,6658,76,0,0,0,0,0
38900,ECG,6659,-485,0,0,0,0,0
38905,ECG,6660,-1036,0,0,0,0,0
38905,ECG,6661,-960,0,0,0,0,0
38910,ECG,6662,-658,0,0,0,0,0
38910,ECG,6663,-132,0,0,0,0,0
38910,ECG,6664,445,0,0,0,0,0
38915,ECG,6665,689,0,0,0,0,0
38915,ECG,6666,666,0,0,0,0,0
38920,ECG,6667,296,0,0,0,0,0
38920,ECG,6668,-206,0,0,0,0,0
38925,ECG,6669,-601,0,0,0,0,0
38925,ECG,6670,-523,0,0,0,0,0
38930,ECG,6671,-294,0,0,0,0,0
38930,ECG,6672,132,0,0,0,0,0
38930,ECG,6673,629,0,0,0,0,0
38935,ECG,6674,682,0,0,0,0,0
38935,ECG,6675,665,0,0,0,0,0
38940,ECG,6676,168,0,0,0,0,0
38940,ECG,6677,-387,0,0,0,0,0
38940,ECG,6678,-757,0,0,0,0,0
38945,ECG,6679,-942,0,0,0,0,0
38945,ECG,6680,-891,0,0,0,0,0
38950,ECG,6681,-622,0,0,0,0,0
38950,ECG,6682,-167,0,0,0,0,0
38950,ECG,6683,382,0,0,0,0,0
38955,ECG,6684,687,0,0,0,0,0
38955,ECG,6685,682,0,0,0,0,0
38955,ECG,6686,472,0,0,0,0,0
38960,ECG,6687,6,0,0,0,0,0
38960,ECG,6688,-292,0,0,0,0,0
38965,ECG,6689,-431,0,0,0,0,0
38965,ECG,6690,-417,0,0,0,0,0
38970,ECG,6691,71,0,0,0,0,0
38970,ECG,6692,587,0,0,0,0,0
38975,ECG,6693,674,0,0,0,0,0
38975,ECG,6694,624,0,0,0,0,0
38975,ECG,6695,174,0,0,0,0,0
38980,ECG,6696,-445,0,0,0,0,0
38980,ECG,6697,-918,0,0,0,0,0
38985,ECG,6698,-1150,0,0,0,0,0
38985,ECG,6699,-1119,0,0,0,0,0
38985,ECG,6700,-848,0,0,0,0,0
38990,ECG,6701,-345,0,0,0,0,0
38990,ECG,6702,282,0,0,0,0,0
38995,ECG,6703,688,0,0,0,0,0
38995,ECG,6704,683,0,0,0,0,0
38995,ECG,6705,526,0,0,0,0,0
39000,ECG,6706,23,0,0,0,0,0
39000,ECG,6707,-284,0,0,0,0,0
39005,ECG,6708,-407,0,0,0,0,0
39005,ECG,6709,-242,0,0,0,0,0
39010,ECG,6710,52,0,0,0,0,0
39010,ECG,6711,455,0,0,0,0,0
39010,ECG,6712,675,0,0,0,0,0
39015,ECG,6713,670,0,0,0,0,0
39015,ECG,6714,465,0,0,0,0,0
39020,ECG,6715,18,0,0,0,0,0
39020,ECG,6716,-287,0,0,0,0,0
39020,ECG,6717,-475,0,0,0,0,0
39025,ECG,6718,-506,0,0,0,0,0
39025,ECG,6719,-365,0,0,0,0,0
39030,ECG,6720,-102,0,0,0,0,0
39030,ECG,6721,346,0,0,0,0,0
39030,ECG,6722,666,0,0,0,0,0
39035,ECG,6723,661,0,0,0,0,0
39035,ECG,6724,521,0,0,0,0,0
39040,ECG,6725,6,0,0,0,0,0
39040,ECG,6726,-434,0,0,0,0,0
39040,ECG,6727,-709,0,0,0,0,0
39045,ECG,6728,-815,0,0,0,0,0
39045,ECG,6729,-695,0,0,0,0,0
39050,ECG,6730,93,0,0,0,0,0
39050,ECG,6731,605,0,0,0,0,0
39055,ECG,6732,662,0,0,0,0,0
39055,ECG,6733,595,0,0,0,0,0
39055,ECG,6734,77,0,0,0,0,0
39060,ECG,6735,-443,0,0,0,0,0
39060,ECG,6736,-776,0,0,0,0,0
39065,ECG,6737,-918,0,0,0,0,0
39065,ECG,6738,-817,0,0,0,0,0
39070,ECG,6739,-91,0,0,0,0,0
39070,ECG,6740,452,0,0,0,0,0
39075,ECG,6741,667,0,0,0,0,0
39075,ECG,6742,663,0,0,0,0,0
39075,ECG,6743,396,0,0,0,0,0
39080,ECG,6744,-68,0,0,0,0,0
39080,ECG,6745,-389,0,0,0,0,0
39085,ECG,6746,-576,0,0,0,0,0
39085,ECG,6747,-587,0,0,0,0,0
39085,ECG,6748,-440,0,0,0,0,0
39090,ECG,6749,-49,0,0,0,0,0
39090,ECG,6750,428,0,0,0,0,0
39095,ECG,6751,613,0,0,0,0,0
39095,ECG,6752,587,0,0,0,0,0
39095,ECG,6753,322,0,0,0,0,0
39100,ECG,6754,-167,0,0,0,0,0
39100,ECG,6755,-490,0,0,0,0,0
39105,ECG,6756,-525,0,0,0,0,0
39105,ECG,6757,-305,0,0,0,0,0
39110,ECG,6758,144,0,0,0,0,0
39110,ECG,6759,632,0,0,0,0,0
39115,ECG,6760,590,0,0,0,0,0
39115,ECG,6761,-29,0,0,0,0,0
39120,ECG,6762,-707,0,0,0,0,0
39120,ECG,6763,-1172,0,0,0,0,0
39120,ECG,6764,-1416,0,0,0,0,0
39125,ECG,6765,-1351,0,0,0,0,0
39125,ECG,6766,-996,0,0,0,0,0
39130,ECG,6767,-463,0,0,0,0,0
39130,ECG,6768,230,0,0,0,0,0
39130,ECG,6769,677,0,0,0,0,0
39135,ECG,6770,672,0,0,0,0,0
39135,ECG,6771,510,0,0,0,0,0
39140,ECG,6772,-22,0,0,0,0,0
39140,ECG,6773,-418,0,0,0,0,0
39140,ECG,6774,-624,0,0,0,0,0
39145,ECG,6775,-659,0,0,0,0,0
39145,ECG,6776,-503,0,0,0,0,0
39150,ECG,6777,-184,0,0,0,0,0
39150,ECG,6778,263,0,0,0,0,0
39150,ECG,6779,662,0,0,0,0,0
39155,ECG,6780,668,0,0,0,0,0
39155,ECG,6781,601,0,0,0,0,0
39160,ECG,6782,-220,0,0,0,0,0
39160,ECG,6783,-444,0,0,0,0,0
39165,ECG,6784,-521,0,0,0,0,0
39165,ECG,6785,-430,0,0,0,0,0
39170,ECG,6786,279,0,0,0,0,0
39170,ECG,6787,663,0,0,0,0,0
39175,ECG,6788,659,0,0,0,0,0
39175,ECG,6789,427,0,0,0,0,0
39175,ECG,6790,-58,0,0,0,0,0
39180,ECG,6791,-584,0,0,0,0,0
39180,ECG,6792,-881,0,0,0,0,0
39185,ECG,6793,-942,0,0,0,0,0
39185,ECG,6794,-793,0,0,0,0,0
39185,ECG,6795,-425,0,0,0,0,0
39190,ECG,6796,115,0,0,0,0,0
39190,ECG,6797,597,0,0,0,0,0
39195,ECG,6798,664,0,0,0,0,0
39195,ECG,6799,660,0,0,0,0,0
39195,ECG,6800,97,0,0,0,0,0
39200,ECG,6801,-385,0,0,0,0,0
39200,ECG,6802,-657,0,0,0,0,0
39205,ECG,6803,-707,0,0,0,0,0
39205,ECG,6804,-454,0,0,0,0,0
39210,ECG,6805,-34,0,0,0,0,0
39210,ECG,6806,505,0,0,0,0,0
39210,ECG,6807,665,0,0,0,0,0
39215,ECG,6808,660,0,0,0,0,0
39215,ECG,6809,324,0,0,0,0,0
39220,ECG,6810,-111,0,0,0,0,0
39220,ECG,6811,-427,0,0,0,0,0
39225,ECG,6812,-533,0,0,0,0,0
39225,ECG,6813,-359,0,0,0,0,0
39230,ECG,6814,54,0,0,0,0,0
39230,ECG,6815,503,0,0,0,0,0
39230,ECG,6816,657,0,0,0,0,0
39235,ECG,6817,632,0,0,0,0,0
39235,ECG,6818,277,0,0,0,0,0
39240,ECG,6819,-204,0,0,0,0,0
39240,ECG,6820,-479,0,0,0,0,0
39240,ECG,6821,-593,0,0,0,0,0
39245,ECG,6822,-528,0,0,0,0,0
39245,ECG,6823,-321,0,0,0,0,0
39250,ECG,6824,72,0,0,0,0,0
39250,ECG,6825,567,0,0,0,0,0
39250,ECG,6826,651,0,0,0,0,0
39255,ECG,6827,646,0,0,0,0,0
39255,ECG,6828,208,0,0,0,0,0
39260,ECG,6829,-659,0,0,0,0,0
39260,ECG,6830,-853,0,0,0,0,0
39265,ECG,6831,-806,0,0,0,0,0
39265,ECG,6832,-573,0,0,0,0,0
39270,ECG,6833,402,0,0,0,0,0
39270,ECG,6834,654,0,0,0,0,0
39275,ECG,6835,649,0,0,0,0,0
39275,ECG,6836,369,0,0,0,0,0
39275,ECG,6837,-204,0,0,0,0,0
39280,ECG,6838,-624,0,0,0,0,0
39280,ECG,6839,-872,0,0,0,0,0
39285,ECG,6840,-907,0,0,0,0,0
39285,ECG,6841,-718,0,0,0,0,0
39285,ECG,6842,-324,0,0,0,0,0
39290,ECG,6843,206,0,0,0,0,0
39290,ECG,6844,616,0,0,0,0,0
39295,ECG,6845,654,0,0,0,0,0
39295,ECG,6846,565,0,0,0,0,0
39295,ECG,6847,72,0,0,0,0,0
39300,ECG,6848,-263,0,0,0,0,0
39300,ECG,6849,-430,0,0,0,0,0
39305,ECG,6850,-330,0,0,0,0,0
39305,ECG,6851,-86,0,0,0,0,0
39310,ECG,6852,314,0,0,0,0,0
39310,ECG,6853,648,0,0,0,0,0
39310,ECG,6854,643,0,0,0,0,0
39315,ECG,6855,556,0,0,0,0,0
39315,ECG,6856,143,0,0,0,0,0
39320,ECG,6857,-208,0,0,0,0,0
39320,ECG,6858,-415,0,0,0,0,0
39325,ECG,6859,-403,0,0,0,0,0
39325,ECG,6860,-174,0,0,0,0,0
39330,ECG,6861,187,0,0,0,0,0
39330,ECG,6862,550,0,0,0,0,0
39330,ECG,6863,635,0,0,0,0,0
39335,ECG,6864,631,0,0,0,0,0
39335,ECG,6865,268,0,0,0,0,0
39340,ECG,6866,-82,0,0,0,0,0
39340,ECG,6867,-302,0,0,0,0,0
39340,ECG,6868,-418,0,0,0,0,0
39345,ECG,6869,-365,0,0,0,0,0
39345,ECG,6870,-210,0,0,0,0,0
39350,ECG,6871,114,0,0,0,0,0
39350,ECG,6872,534,0,0,0,0,0
39350,ECG,6873,624,0,0,0,0,0
39355,ECG,6874,584,0,0,0,0,0
39355,ECG,6875,263,0,0,0,0,0
39360,ECG,6876,-432,0,0,0,0,0
39360,ECG,6877,-559,0,0,0,0,0
39365,ECG,6878,-507,0,0,0,0,0
39365,ECG,6879,-325,0,0,0,0,0
39365,ECG,6880,13,0,0,0,0,0
39370,ECG,6881,449,0,0,0,0,0
39370,ECG,6882,618,0,0,0,0,0
39375,ECG,6883,614,0,0,0,0,0
39375,ECG,6884,372,0,0,0,0,0
39380,ECG,6885,-291,0,0,0,0,0
39380,ECG,6886,-439,0,0,0,0,0
39385,ECG,6887,-418,0,0,0,0,0
39385,ECG,6888,-286,0,0,0,0,0
39385,ECG,6889,-6,0,0,0,0,0
39390,ECG,6890,492,0,0,0,0,0
39390,ECG,6891,608,0,0,0,0,0
39395,ECG,6892,603,0,0,0,0,0
39395,ECG,6893,244,0,0,0,0,0
39395,ECG,6894,-294,0,0,0,0,0
39400,ECG,6895,-704,0,0,0,0,0
39400,ECG,6896,-928,0,0,0,0,0
39405,ECG,6897,-934,0,0,0,0,0
39405,ECG,6898,-711,0,0,0,0,0
39405,ECG,6899,-327,0,0,0,0,0
39410,ECG,6900,207,0,0,0,0,0
39410,ECG,6901,615,0,0,0,0,0
39415,ECG,6902,525,0,0,0,0,0
39415,ECG,6903,3,0,0,0,0,0
39420,ECG,6904,-339,0,0,0,0,0
39420,ECG,6905,-546,0,0,0,0,0
39425,ECG,6906,-483,0,0,0,0,0
39425,ECG,6907,-220,0,0,0,0,0
39430,ECG,6908,260,0,0,0,0,0
39430,ECG,6909,610,0,0,0,0,0
39430,ECG,6910,606,0,0,0,0,0
39435,ECG,6911,436,0,0,0,0,0
39435,ECG,6912,-102,0,0,0,0,0
39440,ECG,6913,-575,0,0,0,0,0
39440,ECG,6914,-833,0,0,0,0,0
39440,ECG,6915,-913,0,0,0,0,0
39445,ECG,6916,-757,0,0,0,0,0
39445,ECG,6917,-440,0,0,0,0,0
39450,ECG,6918,46,0,0,0,0,0
39450,ECG,6919,534,0,0,0,0,0
39450,ECG,6920,612,0,0,0,0,0
39455,ECG,6921,607,0,0,0,0,0
39455,ECG,6922,233,0,0,0,0,0
39460,ECG,6923,-341,0,0,0,0,0
39460,ECG,6924,-432,0,0,0,0,0
39465,ECG,6925,-365,0,0,0,0,0
39465,ECG,6926,-173,0,0,0,0,0
39465,ECG,6927,185,0,0,0,0,0
39470,ECG,6928,592,0,0,0,0,0
39470,ECG,6929,601,0,0,0,0,0
39475,ECG,6930,532,0,0,0,0,0
39475,ECG,6931,48,0,0,0,0,0
39480,ECG,6932,-780,0,0,0,0,0
39480,ECG,6933,-934,0,0,0,0,0
39485,ECG,6934,-866,0,0,0,0,0
39485,ECG,6935,-605,0,0,0,0,0
39485,ECG,6936,-88,0,0,0,0,0
39490,ECG,6937,475,0,0,0,0,0
39490,ECG,6938,608,0,0,0,0,0
39495,ECG,6939,593,0,0,0,0,0
39495,ECG,6940,56,0,0,0,0,0
39495,ECG,6941,-598,0,0,0,0,0
39500,ECG,6942,-1021,0,0,0,0,0
39500,ECG,6943,-1217,0,0,0,0,0
39505,ECG,6944,-1154,0,0,0,0,0
39505,ECG,6945,-859,0,0,0,0,0
39505,ECG,6946,-329,0,0,0,0,0
39510,ECG,6947,317,0,0,0,0,0
39510,ECG,6948,624,0,0,0,0,0
39515,ECG,6949,313,0,0,0,0,0
39515,ECG,6950,-210,0,0,0,0,0
39520,ECG,6951,-564,0,0,0,0,0
39520,ECG,6952,-716,0,0,0,0,0
39520,ECG,6953,-679,0,0,0,0,0
39525,ECG,6954,-456,0,0,0,0,0
39525,ECG,6955,-113,0,0,0,0,0
39530,ECG,6956,309,0,0,0,0,0
39530,ECG,6957,624,0,0,0,0,0
39535,ECG,6958,549,0,0,0,0,0
39535,ECG,6959,222,0,0,0,0,0
39540,ECG,6960,30,0,0,0,0,0
39540,ECG,6961,-77,0,0,0,0,0
39540,ECG,6962,-94,0,0,0,0,0
39545,ECG,6963,-33,0,0,0,0,0
39545,ECG,6964,200,0,0,0,0,0
39550,ECG,6965,553,0,0,0,0,0
39550,ECG,6966,601,0,0,0,0,0
39550,ECG,6967,513,0,0,0,0,0
39555,ECG,6968,178,0,0,0,0,0
39555,ECG,6969,-338,0,0,0,0,0
39560,ECG,6970,-724,0,0,0,0,0
39560,ECG,6971,-907,0,0,0,0,0
39560,ECG,6972,-898,0,0,0,0,0
39565,ECG,6973,-654,0,0,0,0,0
39565,ECG,6974,-269,0,0,0,0,0
39570,ECG,6975,609,0,0,0,0,0
39570,ECG,6976,604,0,0,0,0,0
39575,ECG,6977,391,0,0,0,0,0
39575,ECG,6978,-163,0,0,0,0,0
39580,ECG,6979,-930,0,0,0,0,0
39580,ECG,6980,-1018,0,0,0,0,0
39585,ECG,6981,-865,0,0,0,0,0
39585,ECG,6982,-543,0,0,0,0,0
39585,ECG,6983,-1,0,0,0,0,0
39590,ECG,6984,520,0,0,0,0,0
39590,ECG,6985,615,0,0,0,0,0
39595,ECG,6986,610,0,0,0,0,0
39595,ECG,6987,192,0,0,0,0,0
39595,ECG,6988,-247,0,0,0,0,0
39600,ECG,6989,-458,0,0,0,0,0
39600,ECG,6990,-525,0,0,0,0,0
39605,ECG,6991,-454,0,0,0,0,0
39605,ECG,6992,-202,0,0,0,0,0
39605,ECG,6993,209,0,0,0,0,0
39610,ECG,6994,537,0,0,0,0,0
39610,ECG,6995,607,0,0,0,0,0
39615,ECG,6996,93,0,0,0,0,0
39615,ECG,6997,-306,0,0,0,0,0
39620,ECG,6998,-510,0,0,0,0,0
39620,ECG,6999,-591,0,0,0,0,0
39620,ECG,7000,-489,0,0,0,0,0
39625,ECG,7001,-254,0,0,0,0,0
39625,ECG,7002,112,0,0,0,0,0
39630,ECG,7003,516,0,0,0,0,0
39630,ECG,7004,603,0,0,0,0,0
39635,ECG,7005,272,0,0,0,0,0
39635,ECG,7006,-83,0,0,0,0,0
39640,ECG,7007,-315,0,0,0,0,0
39640,ECG,7008,-431,0,0,0,0,0
39640,ECG,7009,-394,0,0,0,0,0
39645,ECG,7010,-239,0,0,0,0,0
39645,ECG,7011,66,0,0,0,0,0
39650,ECG,7012,475,0,0,0,0,0
39650,ECG,7013,593,0,0,0,0,0
39650,ECG,7014,573,0,0,0,0,0
39655,ECG,7015,224,0,0,0,0,0
39655,ECG,7016,-188,0,0,0,0,0
39660,ECG,7017,-504,0,0,0,0,0
39660,ECG,7018,-668,0,0,0,0,0
39660,ECG,7019,-630,0,0,0,0,0
39665,ECG,7020,-437,0,0,0,0,0
39665,ECG,7021,-119,0,0,0,0,0
39670,ECG,7022,591,0,0,0,0,0
39670,ECG,7023,587,0,0,0,0,0
39675,ECG,7024,401,0,0,0,0,0
39675,ECG,7025,-51,0,0,0,0,0
39675,ECG,7026,-379,0,0,0,0,0
39680,ECG,7027,-575,0,0,0,0,0
39680,ECG,7028,-606,0,0,0,0,0
39685,ECG,7029,-486,0,0,0,0,0
39685,ECG,7030,-192,0,0,0,0,0
39690,ECG,7031,579,0,0,0,0,0
39690,ECG,7032,584,0,0,0,0,0
39695,ECG,7033,414,0,0,0,0,0
39695,ECG,7034,-52,0,0,0,0,0
39695,ECG,7035,-411,0,0,0,0,0
39700,ECG,7036,-575,0,0,0,0,0
39700,ECG,7037,-603,0,0,0,0,0
39705,ECG,7038,-458,0,0,0,0,0
39705,ECG,7039,-136,0,0,0,0,0
39705,ECG,7040,284,0,0,0,0,0
39710,ECG,7041,584,0,0,0,0,0
39710,ECG,7042,580,0,0,0,0,0
39715,ECG,7043,369,0,0,0,0,0
39715,ECG,7044,-92,0,0,0,0,0
39715,ECG,7045,-426,0,0,0,0,0
39720,ECG,7046,-614,0,0,0,0,0
39720,ECG,7047,-636,0,0,0,0,0
39725,ECG,7048,-215,0,0,0,0,0
39725,ECG,7049,215,0,0,0,0,0
39730,ECG,7050,582,0,0,0,0,0
39730,ECG,7051,578,0,0,0,0,0
39735,ECG,7052,127,0,0,0,0,0
39735,ECG,7053,-222,0,0,0,0,0
39740,ECG,7054,-399,0,0,0,0,0
39740,ECG,7055,-466,0,0,0,0,0
39740,ECG,7056,-369,0,0,0,0,0
39745,ECG,7057,-152,0,0,0,0,0
39745,ECG,7058,140,0,0,0,0,0
39750,ECG,7059,483,0,0,0,0,0
39750,ECG,7060,570,0,0,0,0,0
39750,ECG,7061,566,0,0,0,0,0
39755,ECG,7062,324,0,0,0,0,0
39755,ECG,7063,60,0,0,0,0,0
39760,ECG,7064,-95,0,0,0,0,0
39760,ECG,7065,-206,0,0,0,0,0
39760,ECG,7066,-176,0,0,0,0,0
39765,ECG,7067,-84,0,0,0,0,0
39765,ECG,7068,155,0,0,0,0,0
39770,ECG,7069,554,0,0,0,0,0
39770,ECG,7070,517,0,0,0,0,0
39775,ECG,7071,304,0,0,0,0,0
39775,ECG,7072,-37,0,0,0,0,0
39775,ECG,7073,-232,0,0,0,0,0
39780,ECG,7074,-295,0,0,0,0,0
39780,ECG,7075,-278,0,0,0,0,0
39785,ECG,7076,-121,0,0,0,0,0
39785,ECG,7077,245,0,0,0,0,0
39790,ECG,7078,540,0,0,0,0,0
39790,ECG,7079,365,0,0,0,0,0
39795,ECG,7080,-131,0,0,0,0,0
39795,ECG,7081,-673,0,0,0,0,0
39795,ECG,7082,-987,0,0,0,0,0
39800,ECG,7083,-1112,0,0,0,0,0
39800,ECG,7084,-1001,0,0,0,0,0
39805,ECG,7085,-673,0,0,0,0,0
39805,ECG,7086,-161,0,0,0,0,0
39805,ECG,7087,394,0,0,0,0,0
39810,ECG,7088,555,0,0,0,0,0
39810,ECG,7089,551,0,0,0,0,0
39815,ECG,7090,105,0,0,0,0,0
39815,ECG,7091,-399,0,0,0,0,0
39815,ECG,7092,-732,0,0,0,0,0
39820,ECG,7093,-880,0,0,0,0,0
39820,ECG,7094,-824,0,0,0,0,0
39825,ECG,7095,-148,0,0,0,0,0
39825,ECG,7096,374,0,0,0,0,0
39830,ECG,7097,562,0,0,0,0,0
39830,ECG,7098,558,0,0,0,0,0
39830,ECG,7099,129,0,0,0,0,0
39835,ECG,7100,-412,0,0,0,0,0
39835,ECG,7101,-810,0,0,0,0,0
39840,ECG,7102,-1018,0,0,0,0,0
39840,ECG,7103,-987,0,0,0,0,0
39845,ECG,7104,-339,0,0,0,0,0
39845,ECG,7105,229,0,0,0,0,0
39850,ECG,7106,573,0,0,0,0,0
39850,ECG,7107,569,0,0,0,0,0
39850,ECG,7108,369,0,0,0,0,0
39855,ECG,7109,-155,0,0,0,0,0
39855,ECG,7110,-566,0,0,0,0,0
39860,ECG,7111,-792,0,0,0,0,0
39860,ECG,7112,-836,0,0,0,0,0
39860,ECG,7113,-682,0,0,0,0,0
39865,ECG,7114,-333,0,0,0,0,0
39865,ECG,7115,170,0,0,0,0,0
39870,ECG,7116,573,0,0,0,0,0
39870,ECG,7117,399,0,0,0,0,0
39875,ECG,7118,-120,0,0,0,0,0
39875,ECG,7119,-554,0,0,0,0,0
39875,ECG,7120,-787,0,0,0,0,0
39880,ECG,7121,-841,0,0,0,0,0
39880,ECG,7122,-689,0,0,0,0,0
39885,ECG,7123,-364,0,0,0,0,0
39885,ECG,7124,126,0,0,0,0,0
39890,ECG,7125,577,0,0,0,0,0
39890,ECG,7126,452,0,0,0,0,0
39895,ECG,7127,-27,0,0,0,0,0
39895,ECG,7128,-469,0,0,0,0,0
39895,ECG,7129,-713,0,0,0,0,0
39900,ECG,7130,-788,0,0,0,0,0
39900,ECG,7131,-657,0,0,0,0,0
39905,ECG,7132,-377,0,0,0,0,0
39905,ECG,7133,27,0,0,0,0,0
39905,ECG,7134,488,0,0,0,0,0
39910,ECG,7135,580,0,0,0,0,0
39910,ECG,7136,576,0,0,0,0,0
39915,ECG,7137,263,0,0,0,0,0
39915,ECG,7138,-109,0,0,0,0,0
39915,ECG,7139,-343,0,0,0,0,0
39920,ECG,7140,-467,0,0,0,0,0
39920,ECG,7141,-436,0,0,0,0,0
39925,ECG,7142,53,0,0,0,0,0
39925,ECG,7143,474,0,0,0,0,0
39930,ECG,7144,572,0,0,0,0,0
39930,ECG,7145,534,0,0,0,0,0
39935,ECG,7146,-306,0,0,0,0,0
39935,ECG,7147,-629,0,0,0,0,0
39940,ECG,7148,-776,0,0,0,0,0
39940,ECG,7149,-731,0,0,0,0,0
39940,ECG,7150,-524,0,0,0,0,0
39945,ECG,7151,-119,0,0,0,0,0
39945,ECG,7152,385,0,0,0,0,0
39950,ECG,7153,575,0,0,0,0,0
39950,ECG,7154,570,0,0,0,0,0
39950,ECG,7155,227,0,0,0,0,0
39955,ECG,7156,-263,0,0,0,0,0
39955,ECG,7157,-600,0,0,0,0,0
39960,ECG,7158,-767,0,0,0,0,0
39960,ECG,7159,-739,0,0,0,0,0
39960,ECG,7160,-545,0,0,0,0,0
39965,ECG,7161,-140,0,0,0,0,0
39965,ECG,7162,349,0,0,0,0,0
39970,ECG,7163,577,0,0,0,0,0
39970,ECG,7164,573,0,0,0,0,0
39970,ECG,7165,277,0,0,0,0,0
39975,ECG,7166,-201,0,0,0,0,0
39975,ECG,7167,-499,0,0,0,0,0
39980,ECG,7168,-601,0,0,0,0,0
39980,ECG,7169,-410,0,0,0,0,0
39985,ECG,7170,-100,0,0,0,0,0
39985,ECG,7171,446,0,0,0,0,0
39990,ECG,7172,570,0,0,0,0,0
39990,ECG,7173,159,0,0,0,0,0
39995,ECG,7174,-461,0,0,0,0,0
39995,ECG,7175,-984,0,0,0,0,0
39995,ECG,7176,-1301,0,0,0,0,0
40000,ECG,7177,-1344,0,0,0,0,0
40000,ECG,7178,-1128,0,0,0,0,0
40005,ECG,7179,-626,0,0,0,0,0
40005,ECG,7180,11,0,0,0,0,0
40005,ECG,7181,463,0,0,0,0,0
40010,ECG,7182,593,0,0,0,0,0
40010,ECG,7183,589,0,0,0,0,0
40015,ECG,7184,42,0,0,0,0,0
40015,ECG,7185,-298,0,0,0,0,0
40015,ECG,7186,-434,0,0,0,0,0
40020,ECG,7187,-470,0,0,0,0,0
40020,ECG,7188,-340,0,0,0,0,0
40025,ECG,7189,306,0,0,0,0,0
40025,ECG,7190,588,0,0,0,0,0
40030,ECG,7191,584,0,0,0,0,0
40030,ECG,7192,381,0,0,0,0,0
40035,ECG,7193,-378,0,0,0,0,0
40035,ECG,7194,-602,0,0,0,0,0
40040,ECG,7195,-631,0,0,0,0,0
40040,ECG,7196,-503,0,0,0,0,0
40040,ECG,7197,-245,0,0,0,0,0
40045,ECG,7198,246,0,0,0,0,0
40045,ECG,7199,586,0,0,0,0,0
40050,ECG,7200,582,0,0,0,0,0
40050,ECG,7201,415,0,0,0,0,0
40050,ECG,7202,-120,0,0,0,0,0
40055,ECG,7203,-601,0,0,0,0,0
40055,ECG,7204,-874,0,0,0,0,0
40060,ECG,7205,-966,0,0,0,0,0
40060,ECG,7206,-823,0,0,0,0,0
40060,ECG,7207,-493,0,0,0,0,0
40065,ECG,7208,-12,0,0,0,0,0
40065,ECG,7209,462,0,0,0,0,0
40070,ECG,7210,591,0,0,0,0,0
40070,ECG,7211,587,0,0,0,0,0
40070,ECG,7212,241,0,0,0,0,0
40075,ECG,7213,-114,0,0,0,0,0
40075,ECG,7214,-293,0,0,0,0,0
40075,ECG,7215,-388,0,0,0,0,0
40080,ECG,7216,-322,0,0,0,0,0
40080,ECG,7217,-143,0,0,0,0,0
40085,ECG,7218,127,0,0,0,0,0
40085,ECG,7219,500,0,0,0,0,0
40090,ECG,7220,575,0,0,0,0,0
40090,ECG,7221,265,0,0,0,0,0
40095,ECG,7222,-120,0,0,0,0,0
40095,ECG,7223,-394,0,0,0,0,0
40095,ECG,7224,-564,0,0,0,0,0
40100,ECG,7225,-561,0,0,0,0,0
40100,ECG,7226,-400,0,0,0,0,0
40105,ECG,7227,-109,0,0,0,0,0
40105,ECG,7228,310,0,0,0,0,0
40105,ECG,7229,576,0,0,0,0,0
40110,ECG,7230,572,0,0,0,0,0
40110,ECG,7231,405,0,0,0,0,0
40115,ECG,7232,-31,0,0,0,0,0
40115,ECG,7233,-349,0,0,0,0,0
40115,ECG,7234,-526,0,0,0,0,0
40120,ECG,7235,-569,0,0,0,0,0
40120,ECG,7236,-424,0,0,0,0,0
40125,ECG,7237,163,0,0,0,0,0
40125,ECG,7238,533,0,0,0,0,0
40130,ECG,7239,568,0,0,0,0,0
40130,ECG,7240,564,0,0,0,0,0
40130,ECG,7241,292,0,0,0,0,0
40135,ECG,7242,47,0,0,0,0,0
40135,ECG,7243,-86,0,0,0,0,0
40140,ECG,7244,-144,0,0,0,0,0
40140,ECG,7245,-95,0,0,0,0,0
40140,ECG,7246,16,0,0,0,0,0
40145,ECG,7247,270,0,0,0,0,0
40145,ECG,7248,538,0,0,0,0,0
40150,ECG,7249,549,0,0,0,0,0
40150,ECG,7250,534,0,0,0,0,0
40150,ECG,7251,198,0,0,0,0,0
40155,ECG,7252,-145,0,0,0,0,0
40155,ECG,7253,-360,0,0,0,0,0
40160,ECG,7254,-479,0,0,0,0,0
40160,ECG,7255,-455,0,0,0,0,0
40160,ECG,7256,-305,0,0,0,0,0
40165,ECG,7257,61,0,0,0,0,0
40165,ECG,7258,405,0,0,0,0,0
40170,ECG,7259,461,0,0,0,0,0
40170,ECG,7260,173,0,0,0,0,0
40175,ECG,7261,-183,0,0,0,0,0
40175,ECG,7262,-393,0,0,0,0,0
40180,ECG,7263,-368,0,0,0,0,0
40180,ECG,7264,-187,0,0,0,0,0
40185,ECG,7265,142,0,0,0,0,0
40185,ECG,7266,536,0,0,0,0,0
40185,ECG,7267,535,0,0,0,0,0
40190,ECG,7268,494,0,0,0,0,0
40190,ECG,7269,90,0,0,0,0,0
40195,ECG,7270,-302,0,0,0,0,0
40195,ECG,7271,-567,0,0,0,0,0
40195,ECG,7272,-700,0,0,0,0,0
40200,ECG,7273,-631,0,0,0,0,0
40200,ECG,7274,-427,0,0,0,0,0
40205,ECG,7275,-65,0,0,0,0,0
40205,ECG,7276,410,0,0,0,0,0
40205,ECG,7277,536,0,0,0,0,0
40210,ECG,7278,532,0,0,0,0,0
40210,ECG,7279,187,0,0,0,0,0
40215,ECG,7280,-307,0,0,0,0,0
40215,ECG,7281,-626,0,0,0,0,0
40215,ECG,7282,-820,0,0,0,0,0
40220,ECG,7283,-798,0,0,0,0,0
40220,ECG,7284,-608,0,0,0,0,0
40225,ECG,7285,271,0,0,0,0,0
40225,ECG,7286,542,0,0,0,0,0
40230,ECG,7287,538,0,0,0,0,0
40230,ECG,7288,359,0,0,0,0,0
40235,ECG,7289,-406,0,0,0,0,0
40235,ECG,7290,-542,0,0,0,0,0
40240,ECG,7291,-533,0,0,0,0,0
40240,ECG,7292,-403,0,0,0,0,0
40240,ECG,7293,-79,0,0,0,0,0
40245,ECG,7294,394,0,0,0,0,0
40245,ECG,7295,537,0,0,0,0,0
40250,ECG,7296,533,0,0,0,0,0
40250,ECG,7297,230,0,0,0,0,0
40250,ECG,7298,-311,0,0,0,0,0
40255,ECG,7299,-656,0,0,0,0,0
40255,ECG,7300,-828,0,0,0,0,0
40260,ECG,7301,-814,0,0,0,0,0
40260,ECG,7302,-628,0,0,0,0,0
40260,ECG,7303,-247,0,0,0,0,0
40265,ECG,7304,303,0,0,0,0,0
40265,ECG,7305,542,0,0,0,0,0
40270,ECG,7306,309,0,0,0,0,0
40270,ECG,7307,-191,0,0,0,0,0
40275,ECG,7308,-500,0,0,0,0,0
40275,ECG,7309,-630,0,0,0,0,0
40275,ECG,7310,-617,0,0,0,0,0
40280,ECG,7311,-424,0,0,0,0,0
40280,ECG,7312,-115,0,0,0,0,0
40285,ECG,7313,283,0,0,0,0,0
40285,ECG,7314,541,0,0,0,0,0
40290,ECG,7315,400,0,0,0,0,0
40290,ECG,7316,-55,0,0,0,0,0
40295,ECG,7317,-332,0,0,0,0,0
40295,ECG,7318,-539,0,0,0,0,0
40295,ECG,7319,-609,0,0,0,0,0
40300,ECG,7320,-485,0,0,0,0,0
40300,ECG,7321,-255,0,0,0,0,0
40305,ECG,7322,137,0,0,0,0,0
40305,ECG,7323,539,0,0,0,0,0
40305,ECG,7324,535,0,0,0,0,0
40310,ECG,7325,464,0,0,0,0,0
40310,ECG,7326,17,0,0,0,0,0
40315,ECG,7327,-397,0,0,0,0,0
40315,ECG,7328,-655,0,0,0,0,0
40315,ECG,7329,-766,0,0,0,0,0
40320,ECG,7330,-671,0,0,0,0,0
40320,ECG,7331,-448,0,0,0,0,0
40325,ECG,7332,435,0,0,0,0,0
40325,ECG,7333,538,0,0,0,0,0
40330,ECG,7334,534,0,0,0,0,0
40330,ECG,7335,210,0,0,0,0,0
40335,ECG,7336,-428,0,0,0,0,0
40335,ECG,7337,-526,0,0,0,0,0
40340,ECG,7338,-465,0,0,0,0,0
40340,ECG,7339,-297,0,0,0,0,0
40340,ECG,7340,41,0,0,0,0,0
40345,ECG,7341,455,0,0,0,0,0
40345,ECG,7342,533,0,0,0,0,0
40350,ECG,7343,529,0,0,0,0,0
40350,ECG,7344,209,0,0,0,0,0
40350,ECG,7345,-199,0,0,0,0,0
40355,ECG,7346,-425,0,0,0,0,0
40355,ECG,7347,-544,0,0,0,0,0
40360,ECG,7348,-498,0,0,0,0,0
40360,ECG,7349,-326,0,0,0,0,0
40360,ECG,7350,-14,0,0,0,0,0
40365,ECG,7351,408,0,0,0,0,0
40365,ECG,7352,528,0,0,0,0,0
40370,ECG,7353,524,0,0,0,0,0
40370,ECG,7354,234,0,0,0,0,0
40370,ECG,7355,-204,0,0,0,0,0
40375,ECG,7356,-470,0,0,0,0,0
40375,ECG,7357,-630,0,0,0,0,0
40375,ECG,7358,-620,0,0,0,0,0
40380,ECG,7359,-439,0,0,0,0,0
40380,ECG,7360,-158,0,0,0,0,0
40385,ECG,7361,238,0,0,0,0,0
40385,ECG,7362,528,0,0,0,0,0
40390,ECG,7363,457,0,0,0,0,0
40390,ECG,7364,116,0,0,0,0,0
40395,ECG,7365,-88,0,0,0,0,0
40395,ECG,7366,-208,0,0,0,0,0
40395,ECG,7367,-231,0,0,0,0,0
40400,ECG,7368,-147,0,0,0,0,0
40400,ECG,7369,4,0,0,0,0,0
40405,ECG,7370,346,0,0,0,0,0
40405,ECG,7371,513,0,0,0,0,0
40405,ECG,7372,510,0,0,0,0,0
40410,ECG,7373,321,0,0,0,0,0
40410,ECG,7374,-91,0,0,0,0,0
40415,ECG,7375,-440,0,0,0,0,0
40415,ECG,7376,-645,0,0,0,0,0
40415,ECG,7377,-696,0,0,0,0,0
40420,ECG,7378,-574,0,0,0,0,0
40420,ECG,7379,-315,0,0,0,0,0
40425,ECG,7380,481,0,0,0,0,0
40425,ECG,7381,512,0,0,0,0,0
40430,ECG,7382,471,0,0,0,0,0
40430,ECG,7383,50,0,0,0,0,0
40435,ECG,7384,-441,0,0,0,0,0
40435,ECG,7385,-508,0,0,0,0,0
40440,ECG,7386,-400,0,0,0,0,0
40440,ECG,7387,-202,0,0,0,0,0
40440,ECG,7388,112,0,0,0,0,0
40445,ECG,7389,485,0,0,0,0,0
40445,ECG,7390,507,0,0,0,0,0
40450,ECG,7391,502,0,0,0,0,0
40450,ECG,7392,154,0,0,0,0,0
40450,ECG,7393,-145,0,0,0,0,0
40455,ECG,7394,-341,0,0,0,0,0
40455,ECG,7395,-453,0,0,0,0,0
40460,ECG,7396,-391,0,0,0,0,0
40460,ECG,7397,-239,0,0,0,0,0
40460,ECG,7398,28,0,0,0,0,0
40465,ECG,7399,420,0,0,0,0,0
40465,ECG,7400,501,0,0,0,0,0
40470,ECG,7401,199,0,0,0,0,0
40470,ECG,7402,-197,0,0,0,0,0
40475,ECG,7403,-465,0,0,0,0,0
40475,ECG,7404,-629,0,0,0,0,0
40475,ECG,7405,-610,0,0,0,0,0
40480,ECG,7406,-467,0,0,0,0,0
40480,ECG,7407,-126,0,0,0,0,0
40485,ECG,7408,395,0,0,0,0,0
40485,ECG,7409,500,0,0,0,0,0
40485,ECG,7410,470,0,0,0,0,0
40490,ECG,7411,56,0,0,0,0,0
40490,ECG,7412,-556,0,0,0,0,0
40495,ECG,7413,-985,0,0,0,0,0
40495,ECG,7414,-1181,0,0,0,0,0
40495,ECG,7415,-1161,0,0,0,0,0
40500,ECG,7416,-884,0,0,0,0,0
40500,ECG,7417,-425,0,0,0,0,0
40505,ECG,7418,107,0,0,0,0,0
40505,ECG,7419,520,0,0,0,0,0
40505,ECG,7420,516,0,0,0,0,0
40510,ECG,7421,440,0,0,0,0,0
40510,ECG,7422,-55,0,0,0,0,0
40515,ECG,7423,-327,0,0,0,0,0
40515,ECG,7424,-495,0,0,0,0,0
40515,ECG,7425,-548,0,0,0,0,0
40520,ECG,7426,-410,0,0,0,0,0
40520,ECG,7427,-213,0,0,0,0,0
40525,ECG,7428,516,0,0,0,0,0
40525,ECG,7429,512,0,0,0,0,0
40530,ECG,7430,414,0,0,0,0,0
40530,ECG,7431,46,0,0,0,0,0
40535,ECG,7432,-550,0,0,0,0,0
40535,ECG,7433,-624,0,0,0,0,0
40540,ECG,7434,-541,0,0,0,0,0
40540,ECG,7435,-303,0,0,0,0,0
40540,ECG,7436,133,0,0,0,0,0
40545,ECG,7437,510,0,0,0,0,0
40545,ECG,7438,510,0,0,0,0,0
40550,ECG,7439,361,0,0,0,0,0
40550,ECG,7440,-158,0,0,0,0,0
40550,ECG,7441,-654,0,0,0,0,0
40555,ECG,7442,-912,0,0,0,0,0
40555,ECG,7443,-996,0,0,0,0,0
40560,ECG,7444,-860,0,0,0,0,0
40560,ECG,7445,-545,0,0,0,0,0
40560,ECG,7446,2,0,0,0,0,0
40565,ECG,7447,516,0,0,0,0,0
40565,ECG,7448,521,0,0,0,0,0
40570,ECG,7449,-144,0,0,0,0,0
40570,ECG,7450,-714,0,0,0,0,0
40575,ECG,7451,-1026,0,0,0,0,0
40575,ECG,7452,-1154,0,0,0,0,0
40575,ECG,7453,-1017,0,0,0,0,0
40580,ECG,7454,-693,0,0,0,0,0
40580,ECG,7455,-218,0,0,0,0,0
40585,ECG,7456,390,0,0,0,0,0
40585,ECG,7457,537,0,0,0,0,0
40585,ECG,7458,533,0,0,0,0,0
40590,ECG,7459,201,0,0,0,0,0
40590,ECG,7460,-253,0,0,0,0,0
40595,ECG,7461,-547,0,0,0,0,0
40595,ECG,7462,-688,0,0,0,0,0
40595,ECG,7463,-647,0,0,0,0,0
40600,ECG,7464,-474,0,0,0,0,0
40600,ECG,7465,-56,0,0,0,0,0
40605,ECG,7466,429,0,0,0,0,0
40605,ECG,7467,537,0,0,0,0,0
40605,ECG,7468,525,0,0,0,0,0
40610,ECG,7469,121,0,0,0,0,0
40610,ECG,7470,-441,0,0,0,0,0
40615,ECG,7471,-746,0,0,0,0,0
40615,ECG,7472,-885,0,0,0,0,0
40615,ECG,7473,-831,0,0,0,0,0
40620,ECG,7474,-574,0,0,0,0,0
40620,ECG,7475,-184,0,0,0,0,0
40625,ECG,7476,544,0,0,0,0,0
40625,ECG,7477,540,0,0,0,0,0
40630,ECG,7478,321,0,0,0,0,0
40630,ECG,7479,-109,0,0,0,0,0
40635,ECG,7480,-530,0,0,0,0,0
40635,ECG,7481,-527,0,0,0,0,0
40640,ECG,7482,-395,0,0,0,0,0
40640,ECG,7483,-70,0,0,0,0,0
40640,ECG,7484,377,0,0,0,0,0
40645,ECG,7485,539,0,0,0,0,0
40645,ECG,7486,531,0,0,0,0,0
40650,ECG,7487,214,0,0,0,0,0
40650,ECG,7488,-303,0,0,0,0,0
40650,ECG,7489,-650,0,0,0,0,0
40655,ECG,7490,-810,0,0,0,0,0
40655,ECG,7491,-805,0,0,0,0,0
40660,ECG,7492,-576,0,0,0,0,0
40660,ECG,7493,-250,0,0,0,0,0
40660,ECG,7494,163,0,0,0,0,0
40665,ECG,7495,545,0,0,0,0,0
40665,ECG,7496,541,0,0,0,0,0
40670,ECG,7497,88,0,0,0,0,0
40670,ECG,7498,-220,0,0,0,0,0
40675,ECG,7499,-450,0,0,0,0,0
40675,ECG,7500,-553,0,0,0,0,0
40675,ECG,7501,-491,0,0,0,0,0
40680,ECG,7502,-298,0,0,0,0,0
40680,ECG,7503,47,0,0,0,0,0
40685,ECG,7504,374,0,0,0,0,0
40685,ECG,7505,538,0,0,0,0,0
40685,ECG,7506,534,0,0,0,0,0
40690,ECG,7507,308,0,0,0,0,0
40690,ECG,7508,24,0,0,0,0,0
40695,ECG,7509,-104,0,0,0,0,0
40695,ECG,7510,-146,0,0,0,0,0
40695,ECG,7511,-110,0,0,0,0,0
40700,ECG,7512,37,0,0,0,0,0
40700,ECG,7513,342,0,0,0,0,0
40705,ECG,7514,524,0,0,0,0,0
40705,ECG,7515,520,0,0,0,0,0
40705,ECG,7516,243,0,0,0,0,0
40710,ECG,7517,-204,0,0,0,0,0
40710,ECG,7518,-660,0,0,0,0,0
40715,ECG,7519,-1012,0,0,0,0,0
40715,ECG,7520,-861,0,0,0,0,0
40720,ECG,7521,-538,0,0,0,0,0
40720,ECG,7522,-65,0,0,0,0,0
40720,ECG,7523,427,0,0,0,0,0
40725,ECG,7524,533,0,0,0,0,0
40725,ECG,7525,529,0,0,0,0,0
40730,ECG,7526,197,0,0,0,0,0
40730,ECG,7527,-178,0,0,0,0,0
40735,ECG,7528,-458,0,0,0,0,0
40735,ECG,7529,-395,0,0,0,0,0
40740,ECG,7530,-222,0,0,0,0,0
40740,ECG,7531,59,0,0,0,0,0
40740,ECG,7532,419,0,0,0,0,0
40745,ECG,7533,526,0,0,0,0,0
40745,ECG,7534,522,0,0,0,0,0
40750,ECG,7535,310,0,0,0,0,0
40750,ECG,7536,8,0,0,0,0,0
40750,ECG,7537,-160,0,0,0,0,0
40755,ECG,7538,-247,0,0,0,0,0
40755,ECG,7539,-222,0,0,0,0,0
40760,ECG,7540,-101,0,0,0,0,0
40760,ECG,7541,107,0,0,0,0,0
40760,ECG,7542,431,0,0,0,0,0
40765,ECG,7543,512,0,0,0,0,0
40765,ECG,7544,508,0,0,0,0,0
40770,ECG,7545,-152,0,0,0,0,0
40770,ECG,7546,-422,0,0,0,0,0
40775,ECG,7547,-594,0,0,0,0,0
40775,ECG,7548,-603,0,0,0,0,0
40780,ECG,7549,-192,0,0,0,0,0
40780,ECG,7550,213,0,0,0,0,0
40785,ECG,7551,512,0,0,0,0,0
40785,ECG,7552,508,0,0,0,0,0
40785,ECG,7553,408,0,0,0,0,0
40790,ECG,7554,7,0,0,0,0,0
40790,ECG,7555,-298,0,0,0,0,0
40795,ECG,7556,-471,0,0,0,0,0
40795,ECG,7557,-523,0,0,0,0,0
40795,ECG,7558,-425,0,0,0,0,0
40800,ECG,7559,-203,0,0,0,0,0
40800,ECG,7560,162,0,0,0,0,0
40805,ECG,7561,436,0,0,0,0,0
40805,ECG,7562,504,0,0,0,0,0
40805,ECG,7563,478,0,0,0,0,0
40810,ECG,7564,163,0,0,0,0,0
40810,ECG,7565,-92,0,0,0,0,0
40815,ECG,7566,-185,0,0,0,0,0
40815,ECG,7567,-210,0,0,0,0,0
40815,ECG,7568,-155,0,0,0,0,0
40820,ECG,7569,39,0,0,0,0,0
40820,ECG,7570,356,0,0,0,0,0
40820,ECG,7571,493,0,0,0,0,0
40825,ECG,7572,460,0,0,0,0,0
40825,ECG,7573,259,0,0,0,0,0
40830,ECG,7574,-119,0,0,0,0,0
40830,ECG,7575,-409,0,0,0,0,0
40835,ECG,7576,-555,0,0,0,0,0
40835,ECG,7577,-401,0,0,0,0,0
40840,ECG,7578,-169,0,0,0,0,0
40840,ECG,7579,219,0,0,0,0,0
40840,ECG,7580,492,0,0,0,0,0
40845,ECG,7581,488,0,0,0,0,0
40845,ECG,7582,348,0,0,0,0,0
40850,ECG,7583,-35,0,0,0,0,0
40850,ECG,7584,-361,0,0,0,0,0
40850,ECG,7585,-563,0,0,0,0,0
40855,ECG,7586,-621,0,0,0,0,0
40855,ECG,7587,-511,0,0,0,0,0
40860,ECG,7588,-285,0,0,0,0,0
40860,ECG,7589,72,0,0,0,0,0
40860,ECG,7590,413,0,0,0,0,0
40865,ECG,7591,488,0,0,0,0,0
40865,ECG,7592,485,0,0,0,0,0
40870,ECG,7593,-77,0,0,0,0,0
40870,ECG,7594,-210,0,0,0,0,0
40875,ECG,7595,-289,0,0,0,0,0
40875,ECG,7596,-239,0,0,0,0,0
40880,ECG,7597,163,0,0,0,0,0
40880,ECG,7598,480,0,0,0,0,0
40885,ECG,7599,476,0,0,0,0,0
40885,ECG,7600,410,0,0,0,0,0
40885,ECG,7601,-50,0,0,0,0,0
40890,ECG,7602,-534,0,0,0,0,0
40890,ECG,7603,-885,0,0,0,0,0
40895,ECG,7604,-1090,0,0,0,0,0
40895,ECG,7605,-1039,0,0,0,0,0
40895,ECG,7606,-797,0,0,0,0,0
40900,ECG,7607,-379,0,0,0,0,0
40900,ECG,7608,220,0,0,0,0,0
40905,ECG,7609,493,0,0,0,0,0
40905,ECG,7610,489,0,0,0,0,0
40905,ECG,7611,170,0,0,0,0,0
40910,ECG,7612,-377,0,0,0,0,0
40910,ECG,7613,-806,0,0,0,0,0
40915,ECG,7614,-1048,0,0,0,0,0
40915,ECG,7615,-1049,0,0,0,0,0
40915,ECG,7616,-860,0,0,0,0,0
40920,ECG,7617,-443,0,0,0,0,0
40920,ECG,7618,131,0,0,0,0,0
40925,ECG,7619,504,0,0,0,0,0
40925,ECG,7620,346,0,0,0,0,0
40930,ECG,7621,-168,0,0,0,0,0
40930,ECG,7622,-509,0,0,0,0,0
40935,ECG,7623,-661,0,0,0,0,0
40935,ECG,7624,-488,0,0,0,0,0
40940,ECG,7625,-193,0,0,0,0,0
40940,ECG,7626,162,0,0,0,0,0
40940,ECG,7627,494,0,0,0,0,0
40945,ECG,7628,505,0,0,0,0,0
40945,ECG,7629,489,0,0,0,0,0
40950,ECG,7630,169,0,0,0,0,0
40950,ECG,7631,-15,0,0,0,0,0
40950,ECG,7632,-143,0,0,0,0,0
40955,ECG,7633,-191,0,0,0,0,0
40955,ECG,7634,-126,0,0,0,0,0
40960,ECG,7635,-11,0,0,0,0,0
40960,ECG,7636,268,0,0,0,0,0
40960,ECG,7637,493,0,0,0,0,0
40965,ECG,7638,490,0,0,0,0,0
40965,ECG,7639,339,0,0,0,0,0
40970,ECG,7640,-320,0,0,0,0,0
40970,ECG,7641,-523,0,0,0,0,0
40975,ECG,7642,-587,0,0,0,0,0
40975,ECG,7643,-492,0,0,0,0,0
40975,ECG,7644,-280,0,0,0,0,0
40980,ECG,7645,56,0,0,0,0,0
40980,ECG,7646,413,0,0,0,0,0
40985,ECG,7647,489,0,0,0,0,0
40985,ECG,7648,485,0,0,0,0,0
40985,ECG,7649,199,0,0,0,0,0
40990,ECG,7650,-97,0,0,0,0,0
40990,ECG,7651,-253,0,0,0,0,0
40995,ECG,7652,-338,0,0,0,0,0
40995,ECG,7653,-284,0,0,0,0,0
40995,ECG,7654,-157,0,0,0,0,0
41000,ECG,7655,95,0,0,0,0,0
41000,ECG,7656,447,0,0,0,0,0
41005,ECG,7657,479,0,0,0,0,0
41005,ECG,7658,460,0,0,0,0,0
41005,ECG,7659,153,0,0,0,0,0
41010,ECG,7660,-210,0,0,0,0,0
41010,ECG,7661,-447,0,0,0,0,0
41015,ECG,7662,-562,0,0,0,0,0
41015,ECG,7663,-526,0,0,0,0,0
41015,ECG,7664,-379,0,0,0,0,0
41020,ECG,7665,-22,0,0,0,0,0
41020,ECG,7666,401,0,0,0,0,0
41025,ECG,7667,445,0,0,0,0,0
41025,ECG,7668,70,0,0,0,0,0
41030,ECG,7669,-424,0,0,0,0,0
41030,ECG,7670,-712,0,0,0,0,0
41035,ECG,7671,-793,0,0,0,0,0
41035,ECG,7672,-559,0,0,0,0,0
41040,ECG,7673,-204,0,0,0,0,0
41040,ECG,7674,254,0,0,0,0,0
41040,ECG,7675,485,0,0,0,0,0
41045,ECG,7676,482,0,0,0,0,0
41045,ECG,7677,317,0,0,0,0,0
41050,ECG,7678,-50,0,0,0,0,0
41050,ECG,7679,-263,0,0,0,0,0
41050,ECG,7680,-385,0,0,0,0,0
41055,ECG,7681,-373,0,0,0,0,0
41055,ECG,7682,-262,0,0,0,0,0
41060,ECG,7683,-36,0,0,0,0,0
41060,ECG,7684,348,0,0,0,0,0
41060,ECG,7685,477,0,0,0,0,0
41065,ECG,7686,474,0,0,0,0,0
41065,ECG,7687,245,0,0,0,0,0
41070,ECG,7688,-484,0,0,0,0,0
41070,ECG,7689,-650,0,0,0,0,0
41075,ECG,7690,-661,0,0,0,0,0
41075,ECG,7691,-526,0,0,0,0,0
41075,ECG,7692,-228,0,0,0,0,0
41080,ECG,7693,239,0,0,0,0,0
41080,ECG,7694,479,0,0,0,0,0
41085,ECG,7695,476,0,0,0,0,0
41085,ECG,7696,269,0,0,0,0,0
41085,ECG,7697,-196,0,0,0,0,0
41090,ECG,7698,-515,0,0,0,0,0
41090,ECG,7699,-672,0,0,0,0,0
41095,ECG,7700,-676,0,0,0,0,0
41095,ECG,7701,-504,0,0,0,0,0
41095,ECG,7702,-239,0,0,0,0,0
41100,ECG,7703,209,0,0,0,0,0
41100,ECG,7704,481,0,0,0,0,0
41105,ECG,7705,477,0,0,0,0,0
41105,ECG,7706,332,0,0,0,0,0
41105,ECG,7707,-135,0,0,0,0,0
41110,ECG,7708,-487,0,0,0,0,0
41110,ECG,7709,-698,0,0,0,0,0
41115,ECG,7710,-634,0,0,0,0,0
41115,ECG,7711,-367,0,0,0,0,0
41120,ECG,7712,18,0,0,0,0,0
41120,ECG,7713,370,0,0,0,0,0
41125,ECG,7714,479,0,0,0,0,0
41125,ECG,7715,239,0,0,0,0,0
41130,ECG,7716,8,0,0,0,0,0
41130,ECG,7717,-85,0,0,0,0,0
41135,ECG,7718,-100,0,0,0,0,0
41135,ECG,7719,-5,0,0,0,0,0
41140,ECG,7720,246,0,0,0,0,0
41140,ECG,7721,470,0,0,0,0,0
41140,ECG,7722,467,0,0,0,0,0
41145,ECG,7723,340,0,0,0,0,0
41145,ECG,7724,-65,0,0,0,0,0
41150,ECG,7725,-486,0,0,0,0,0
41150,ECG,7726,-776,0,0,0,0,0
41150,ECG,7727,-921,0,0,0,0,0
41155,ECG,7728,-839,0,0,0,0,0
41155,ECG,7729,-596,0,0,0,0,0
41160,ECG,7730,-219,0,0,0,0,0
41160,ECG,7731,290,0,0,0,0,0
41160,ECG,7732,478,0,0,0,0,0
41165,ECG,7733,475,0,0,0,0,0
41165,ECG,7734,224,0,0,0,0,0
41170,ECG,7735,-482,0,0,0,0,0
41170,ECG,7736,-636,0,0,0,0,0
41175,ECG,7737,-620,0,0,0,0,0
41175,ECG,7738,-469,0,0,0,0,0
41180,ECG,7739,258,0,0,0,0,0
41180,ECG,7740,480,0,0,0,0,0
41185,ECG,7741,476,0,0,0,0,0
41185,ECG,7742,319,0,0,0,0,0
41185,ECG,7743,-96,0,0,0,0,0
41190,ECG,7744,-352,0,0,0,0,0
41190,ECG,7745,-483,0,0,0,0,0
41195,ECG,7746,-486,0,0,0,0,0
41195,ECG,7747,-363,0,0,0,0,0
41195,ECG,7748,-117,0,0,0,0,0
41200,ECG,7749,280,0,0,0,0,0
41200,ECG,7750,476,0,0,0,0,0
41205,ECG,7751,472,0,0,0,0,0
41205,ECG,7752,308,0,0,0,0,0
41205,ECG,7753,-107,0,0,0,0,0
41210,ECG,7754,-386,0,0,0,0,0
41210,ECG,7755,-536,0,0,0,0,0
41215,ECG,7756,-564,0,0,0,0,0
41215,ECG,7757,-429,0,0,0,0,0
41215,ECG,7758,-190,0,0,0,0,0
41220,ECG,7759,161,0,0,0,0,0
41220,ECG,7760,470,0,0,0,0,0
41220,ECG,7761,471,0,0,0,0,0
41225,ECG,7762,423,0,0,0,0,0
41225,ECG,7763,75,0,0,0,0,0
41230,ECG,7764,-158,0,0,0,0,0
41230,ECG,7765,-306,0,0,0,0,0
41235,ECG,7766,-270,0,0,0,0,0
41235,ECG,7767,-138,0,0,0,0,0
41240,ECG,7768,191,0,0,0,0,0
41240,ECG,7769,466,0,0,0,0,0
41240,ECG,7770,463,0,0,0,0,0
41245,ECG,7771,317,0,0,0,0,0
41245,ECG,7772,-108,0,0,0,0,0
41250,ECG,7773,-538,0,0,0,0,0
41250,ECG,7774,-824,0,0,0,0,0
41250,ECG,7775,-937,0,0,0,0,0
41255,ECG,7776,-834,0,0,0,0,0
41255,ECG,7777,-578,0,0,0,0,0
41260,ECG,7778,-126,0,0,0,0,0
41260,ECG,7779,334,0,0,0,0,0
41260,ECG,7780,474,0,0,0,0,0
41265,ECG,7781,471,0,0,0,0,0
41265,ECG,7782,169,0,0,0,0,0
41270,ECG,7783,-397,0,0,0,0,0
41270,ECG,7784,-484,0,0,0,0,0
41275,ECG,7785,-423,0,0,0,0,0
41275,ECG,7786,-267,0,0,0,0,0
41280,ECG,7787,473,0,0,0,0,0
41280,ECG,7788,469,0,0,0,0,0
41285,ECG,7789,416,0,0,0,0,0
41285,ECG,7790,5,0,0,0,0,0
41285,ECG,7791,-457,0,0,0,0,0
41290,ECG,7792,-729,0,0,0,0,0
41290,ECG,7793,-868,0,0,0,0,0
41295,ECG,7794,-797,0,0,0,0,0
41295,ECG,7795,-553,0,0,0,0,0
41295,ECG,7796,-198,0,0,0,0,0
41300,ECG,7797,273,0,0,0,0,0
41300,ECG,7798,478,0,0,0,0,0
41305,ECG,7799,475,0,0,0,0,0
41305,ECG,7800,275,0,0,0,0,0
41305,ECG,7801,-132,0,0,0,0,0
41310,ECG,7802,-371,0,0,0,0,0
41310,ECG,7803,-528,0,0,0,0,0
41315,ECG,7804,-399,0,0,0,0,0
41315,ECG,7805,-152,0,0,0,0,0
41320,ECG,7806,263,0,0,0,0,0
41320,ECG,7807,476,0,0,0,0,0
41325,ECG,7808,327,0,0,0,0,0
41325,ECG,7809,-77,0,0,0,0,0
41330,ECG,7810,-347,0,0,0,0,0
41330,ECG,7811,-469,0,0,0,0,0
41330,ECG,7812,-485,0,0,0,0,0
41335,ECG,7813,-368,0,0,0,0,0
41335,ECG,7814,-83,0,0,0,0,0
41340,ECG,7815,308,0,0,0,0,0
41340,ECG,7816,472,0,0,0,0,0
41340,ECG,7817,469,0,0,0,0,0
41345,ECG,7818,188,0,0,0,0,0
41345,ECG,7819,-298,0,0,0,0,0
41350,ECG,7820,-615,0,0,0,0,0
41350,ECG,7821,-770,0,0,0,0,0
41350,ECG,7822,-774,0,0,0,0,0
41355,ECG,7823,-575,0,0,0,0,0
41355,ECG,7824,-281,0,0,0,0,0
41360,ECG,7825,131,0,0,0,0,0
41360,ECG,7826,479,0,0,0,0,0
41360,ECG,7827,476,0,0,0,0,0
41365,ECG,7828,421,0,0,0,0,0
41365,ECG,7829,44,0,0,0,0,0
41365,ECG,7830,-241,0,0,0,0,0
41370,ECG,7831,-418,0,0,0,0,0
41370,ECG,7832,-492,0,0,0,0,0
41375,ECG,7833,-411,0,0,0,0,0
41375,ECG,7834,-224,0,0,0,0,0
41380,ECG,7835,385,0,0,0,0,0
41380,ECG,7836,472,0,0,0,0,0
41385,ECG,7837,469,0,0,0,0,0
41385,ECG,7838,200,0,0,0,0,0
41385,ECG,7839,-91,0,0,0,0,0
41390,ECG,7840,-287,0,0,0,0,0
41390,ECG,7841,-402,0,0,0,0,0
41395,ECG,7842,-379,0,0,0,0,0
41395,ECG,7843,-269,0,0,0,0,0
41395,ECG,7844,9,0,0,0,0,0
41400,ECG,7845,347,0,0,0,0,0
41400,ECG,7846,455,0,0,0,0,0
41405,ECG,7847,412,0,0,0,0,0
41405,ECG,7848,202,0,0,0,0,0
41405,ECG,7849,-132,0,0,0,0,0
41410,ECG,7850,-336,0,0,0,0,0
41410,ECG,7851,-401,0,0,0,0,0
41415,ECG,7852,-209,0,0,0,0,0
41415,ECG,7853,69,0,0,0,0,0
41420,ECG,7854,425,0,0,0,0,0
41420,ECG,7855,459,0,0,0,0,0
41420,ECG,7856,448,0,0,0,0,0
41425,ECG,7857,90,0,0,0,0,0
41425,ECG,7858,-303,0,0,0,0,0
41430,ECG,7859,-561,0,0,0,0,0
41430,ECG,7860,-705,0,0,0,0,0
41435,ECG,7861,-484,0,0,0,0,0
41435,ECG,7862,-171,0,0,0,0,0
41440,ECG,7863,255,0,0,0,0,0
41440,ECG,7864,463,0,0,0,0,0
41440,ECG,7865,459,0,0,0,0,0
41445,ECG,7866,298,0,0,0,0,0
41445,ECG,7867,-68,0,0,0,0,0
41450,ECG,7868,-279,0,0,0,0,0
41450,ECG,7869,-386,0,0,0,0,0
41450,ECG,7870,-378,0,0,0,0,0
41455,ECG,7871,-250,0,0,0,0,0
41455,ECG,7872,-48,0,0,0,0,0
41460,ECG,7873,303,0,0,0,0,0
41460,ECG,7874,456,0,0,0,0,0
41460,ECG,7875,452,0,0,0,0,0
41465,ECG,7876,254,0,0,0,0,0
41465,ECG,7877,-150,0,0,0,0,0
41470,ECG,7878,-639,0,0,0,0,0
41470,ECG,7879,-681,0,0,0,0,0
41475,ECG,7880,-555,0,0,0,0,0
41475,ECG,7881,-302,0,0,0,0,0
41480,ECG,7882,449,0,0,0,0,0
41480,ECG,7883,455,0,0,0,0,0
41485,ECG,7884,383,0,0,0,0,0
41485,ECG,7885,-43,0,0,0,0,0
41485,ECG,7886,-373,0,0,0,0,0
41490,ECG,7887,-543,0,0,0,0,0
41490,ECG,7888,-608,0,0,0,0,0
41495,ECG,7889,-494,0,0,0,0,0
41495,ECG,7890,-287,0,0,0,0,0
41495,ECG,7891,57,0,0,0,0,0
41500,ECG,7892,446,0,0,0,0,0
41500,ECG,7893,455,0,0,0,0,0
41505,ECG,7894,433,0,0,0,0,0
41505,ECG,7895,72,0,0,0,0,0
41505,ECG,7896,-267,0,0,0,0,0
41510,ECG,7897,-477,0,0,0,0,0
41510,ECG,7898,-572,0,0,0,0,0
41515,ECG,7899,-512,0,0,0,0,0
41515,ECG,7900,-339,0,0,0,0,0
41515,ECG,7901,6,0,0,0,0,0
41520,ECG,7902,343,0,0,0,0,0
41520,ECG,7903,455,0,0,0,0,0
41520,ECG,7904,451,0,0,0,0,0
41525,ECG,7905,179,0,0,0,0,0
41525,ECG,7906,-145,0,0,0,0,0
41530,ECG,7907,-283,0,0,0,0,0
41530,ECG,7908,-345,0,0,0,0,0
41535,ECG,7909,-141,0,0,0,0,0
41535,ECG,7910,108,0,0,0,0,0
41540,ECG,7911,449,0,0,0,0,0
41540,ECG,7912,446,0,0,0,0,0
41540,ECG,7913,421,0,0,0,0,0
41545,ECG,7914,2,0,0,0,0,0
41545,ECG,7915,-421,0,0,0,0,0
41550,ECG,7916,-736,0,0,0,0,0
41550,ECG,7917,-914,0,0,0,0,0
41550,ECG,7918,-881,0,0,0,0,0
41555,ECG,7919,-684,0,0,0,0,0
41555,ECG,7920,-265,0,0,0,0,0
41560,ECG,7921,231,0,0,0,0,0
41560,ECG,7922,457,0,0,0,0,0
41560,ECG,7923,453,0,0,0,0,0
41565,ECG,7924,174,0,0,0,0,0
41565,ECG,7925,-318,0,0,0,0,0
41570,ECG,7926,-704,0,0,0,0,0
41570,ECG,7927,-666,0,0,0,0,0
41575,ECG,7928,-470,0,0,0,0,0
41575,ECG,7929,-147,0,0,0,0,0
41575,ECG,7930,246,0,0,0,0,0
41580,ECG,7931,460,0,0,0,0,0
41580,ECG,7932,456,0,0,0,0,0
41585,ECG,7933,315,0,0,0,0,0
41585,ECG,7934,-5,0,0,0,0,0
41590,ECG,7935,-265,0,0,0,0,0
41590,ECG,7936,-251,0,0,0,0,0
41595,ECG,7937,-150,0,0,0,0,0
41595,ECG,7938,42,0,0,0,0,0
41595,ECG,7939,360,0,0,0,0,0
41600,ECG,7940,449,0,0,0,0,0
41600,ECG,7941,445,0,0,0,0,0
41605,ECG,7942,194,0,0,0,0,0
41605,ECG,7943,-187,0,0,0,0,0
41605,ECG,7944,-472,0,0,0,0,0
41610,ECG,7945,-641,0,0,0,0,0
41610,ECG,7946,-653,0,0,0,0,0
41615,ECG,7947,-536,0,0,0,0,0
41615,ECG,7948,-219,0,0,0,0,0
41615,ECG,7949,201,0,0,0,0,0
41620,ECG,7950,392,0,0,0,0,0
41620,ECG,7951,437,0,0,0,0,0
41625,ECG,7952,-118,0,0,0,0,0
41625,ECG,7953,-360,0,0,0,0,0
41630,ECG,7954,-437,0,0,0,0,0
41630,ECG,7955,-422,0,0,0,0,0
41635,ECG,7956,-35,0,0,0,0,0
41635,ECG,7957,210,0,0,0,0,0
41640,ECG,7958,447,0,0,0,0,0
41640,ECG,7959,443,0,0,0,0,0
41640,ECG,7960,383,0,0,0,0,0
41645,ECG,7961,116,0,0,0,0,0
41645,ECG,7962,-54,0,0,0,0,0
41650,ECG,7963,-221,0,0,0,0,0
41650,ECG,7964,-283,0,0,0,0,0
41650,ECG,7965,-242,0,0,0,0,0
41655,ECG,7966,-135,0,0,0,0,0
41655,ECG,7967,160,0,0,0,0,0
41660,ECG,7968,404,0,0,0,0,0
41660,ECG,7969,410,0,0,0,0,0
41660,ECG,7970,326,0,0,0,0,0
41665,ECG,7971,58,0,0,0,0,0
41665,ECG,7972,-257,0,0,0,0,0
41670,ECG,7973,-442,0,0,0,0,0
41670,ECG,7974,-359,0,0,0,0,0
41675,ECG,7975,-181,0,0,0,0,0
41675,ECG,7976,124,0,0,0,0,0
41675,ECG,7977,432,0,0,0,0,0
41680,ECG,7978,429,0,0,0,0,0
41680,ECG,7979,382,0,0,0,0,0
41685,ECG,7980,13,0,0,0,0,0
41685,ECG,7981,-308,0,0,0,0,0
41690,ECG,7982,-610,0,0,0,0,0
41690,ECG,7983,-548,0,0,0,0,0
41695,ECG,7984,-374,0,0,0,0,0
41695,ECG,7985,4,0,0,0,0,0
41695,ECG,7986,367,0,0,0,0,0
41700,ECG,7987,430,0,0,0,0,0
41700,ECG,7988,366,0,0,0,0,0
41705,ECG,7989,16,0,0,0,0,0
41705,ECG,7990,-386,0,0,0,0,0
41705,ECG,7991,-594,0,0,0,0,0
41710,ECG,7992,-675,0,0,0,0,0
41710,ECG,7993,-599,0,0,0,0,0
41715,ECG,7994,-366,0,0,0,0,0
41715,ECG,7995,-80,0,0,0,0,0
41715,ECG,7996,243,0,0,0,0,0
41720,ECG,7997,434,0,0,0,0,0
41720,ECG,7998,430,0,0,0,0,0
41725,ECG,7999,83,0,0,0,0,0
41725,ECG,8000,-53,0,0,0,0,0
41730,ECG,8001,-167,0,0,0,0,0
41730,ECG,8002,-172,0,0,0,0,0
41730,ECG,8003,-123,0,0,0,0,0
41735,ECG,8004,36,0,0,0,0,0
41735,ECG,8005,342,0,0,0,0,0
41740,ECG,8006,421,0,0,0,0,0
41740,ECG,8007,348,0,0,0,0,0
41740,ECG,8008,127,0,0,0,0,0
41745,ECG,8009,-232,0,0,0,0,0
41745,ECG,8010,-530,0,0,0,0,0
41750,ECG,8011,-669,0,0,0,0,0
41750,ECG,8012,-645,0,0,0,0,0
41750,ECG,8013,-491,0,0,0,0,0
41755,ECG,8014,-223,0,0,0,0,0
41755,ECG,8015,247,0,0,0,0,0
41760,ECG,8016,425,0,0,0,0,0
41760,ECG,8017,422,0,0,0,0,0
41760,ECG,8018,165,0,0,0,0,0
41765,ECG,8019,-331,0,0,0,0,0
41765,ECG,8020,-721,0,0,0,0,0
41770,ECG,8021,-943,0,0,0,0,0
41770,ECG,8022,-978,0,0,0,0,0
41770,ECG,8023,-812,0,0,0,0,0
41775,ECG,8024,-474,0,0,0,0,0
41775,ECG,8025,44,0,0,0,0,0
41780,ECG,8026,435,0,0,0,0,0
41780,ECG,8027,335,0,0,0,0,0
41785,ECG,8028,-166,0,0,0,0,0
41785,ECG,8029,-526,0,0,0,0,0
41790,ECG,8030,-745,0,0,0,0,0
41790,ECG,8031,-603,0,0,0,0,0
41795,ECG,8032,-347,0,0,0,0,0
41795,ECG,8033,68,0,0,0,0,0
41795,ECG,8034,419,0,0,0,0,0
41800,ECG,8035,441,0,0,0,0,0
41800,ECG,8036,416,0,0,0,0,0
41805,ECG,8037,57,0,0,0,0,0
41805,ECG,8038,-218,0,0,0,0,0
41805,ECG,8039,-341,0,0,0,0,0
41810,ECG,8040,-385,0,0,0,0,0
41810,ECG,8041,-301,0,0,0,0,0
41815,ECG,8042,-129,0,0,0,0,0
41815,ECG,8043,153,0,0,0,0,0
41815,ECG,8044,401,0,0,0,0,0
41820,ECG,8045,434,0,0,0,0,0
41820,ECG,8046,425,0,0,0,0,0
41825,ECG,8047,-94,0,0,0,0,0
41825,ECG,8048,-203,0,0,0,0,0
41830,ECG,8049,-266,0,0,0,0,0
41830,ECG,8050,-205,0,0,0,0,0
41830,ECG,8051,-88,0,0,0,0,0
41835,ECG,8052,135,0,0,0,0,0
41835,ECG,8053,393,0,0,0,0,0
41840,ECG,8054,424,0,0,0,0,0
41840,ECG,8055,394,0,0,0,0,0
41845,ECG,8056,-82,0,0,0,0,0
41845,ECG,8057,-221,0,0,0,0,0
41850,ECG,8058,-293,0,0,0,0,0
41850,ECG,8059,-239,0,0,0,0,0
41850,ECG,8060,-134,0,0,0,0,0
41855,ECG,8061,85,0,0,0,0,0
41855,ECG,8062,411,0,0,0,0,0
41860,ECG,8063,415,0,0,0,0,0
41860,ECG,8064,387,0,0,0,0,0
41860,ECG,8065,83,0,0,0,0,0
41865,ECG,8066,-265,0,0,0,0,0
41865,ECG,8067,-493,0,0,0,0,0
41870,ECG,8068,-617,0,0,0,0,0
41870,ECG,8069,-584,0,0,0,0,0
41870,ECG,8070,-416,0,0,0,0,0
41875,ECG,8071,-139,0,0,0,0,0
41875,ECG,8072,200,0,0,0,0,0
41880,ECG,8073,414,0,0,0,0,0
41880,ECG,8074,324,0,0,0,0,0
41885,ECG,8075,22,0,0,0,0,0
41885,ECG,8076,-116,0,0,0,0,0
41890,ECG,8077,-219,0,0,0,0,0
41890,ECG,8078,-126,0,0,0,0,0
41895,ECG,8079,11,0,0,0,0,0
41895,ECG,8080,220,0,0,0,0,0
41895,ECG,8081,406,0,0,0,0,0
41900,ECG,8082,403,0,0,0,0,0
41900,ECG,8083,342,0,0,0,0,0
41905,ECG,8084,102,0,0,0,0,0
41905,ECG,8085,-69,0,0,0,0,0
41905,ECG,8086,-192,0,0,0,0,0
41910,ECG,8087,-231,0,0,0,0,0
41910,ECG,8088,-199,0,0,0,0,0
41915,ECG,8089,-77,0,0,0,0,0
41915,ECG,8090,209,0,0,0,0,0
41915,ECG,8091,350,0,0,0,0,0
41920,ECG,8092,324,0,0,0,0,0
41920,ECG,8093,260,0,0,0,0,0
41925,ECG,8094,-217,0,0,0,0,0
41925,ECG,8095,-301,0,0,0,0,0
41930,ECG,8096,-293,0,0,0,0,0
41930,ECG,8097,-205,0,0,0,0,0
41935,ECG,8098,247,0,0,0,0,0
41935,ECG,8099,388,0,0,0,0,0
41940,ECG,8100,385,0,0,0,0,0
41940,ECG,8101,243,0,0,0,0,0
41940,ECG,8102,-75,0,0,0,0,0
41945,ECG,8103,-284,0,0,0,0,0
41945,ECG,8104,-414,0,0,0,0,0
41950,ECG,8105,-447,0,0,0,0,0
41950,ECG,8106,-338,0,0,0,0,0
41950,ECG,8107,-172,0,0,0,0,0
41955,ECG,8108,114,0,0,0,0,0
41955,ECG,8109,386,0,0,0,0,0
41960,ECG,8110,383,0,0,0,0,0
41960,ECG,8111,324,0,0,0,0,0
41960,ECG,8112,3,0,0,0,0,0
41965,ECG,8113,-260,0,0,0,0,0
41965,ECG,8114,-427,0,0,0,0,0
41970,ECG,8115,-504,0,0,0,0,0
41970,ECG,8116,-432,0,0,0,0,0
41970,ECG,8117,-275,0,0,0,0,0
41975,ECG,8118,-7,0,0,0,0,0
41975,ECG,8119,312,0,0,0,0,0
41975,ECG,8120,382,0,0,0,0,0
41980,ECG,8121,379,0,0,0,0,0
41980,ECG,8122,114,0,0,0,0,0
41985,ECG,8123,-195,0,0,0,0,0
41985,ECG,8124,-385,0,0,0,0,0
41990,ECG,8125,-479,0,0,0,0,0
41990,ECG,8126,-373,0,0,0,0,0
41995,ECG,8127,-84,0,0,0,0,0
41995,ECG,8128,289,0,0,0,0,0
41995,ECG,8129,381,0,0,0,0,0
42000,ECG,8130,324,0,0,0,0,0
42000,ECG,8131,64,0,0,0,0,0
42005,ECG,8132,-317,0,0,0,0,0
42005,ECG,8133,-559,0,0,0,0,0
42005,ECG,8134,-649,0,0,0,0,0
42010,ECG,8135,-592,0,0,0,0,0
42010,ECG,8136,-438,0,0,0,0,0
42015,ECG,8137,-70,0,0,0,0,0
42015,ECG,8138,362,0,0,0,0,0
42015,ECG,8139,384,0,0,0,0,0
42020,ECG,8140,336,0,0,0,0,0
42020,ECG,8141,-76,0,0,0,0,0
42025,ECG,8142,-852,0,0,0,0,0
42025,ECG,8143,-988,0,0,0,0,0
42030,ECG,8144,-917,0,0,0,0,0
42030,ECG,8145,-666,0,0,0,0,0
42035,ECG,8146,177,0,0,0,0,0
42035,ECG,8147,399,0,0,0,0,0
42040,ECG,8148,396,0,0,0,0,0
42040,ECG,8149,224,0,0,0,0,0
42040,ECG,8150,-154,0,0,0,0,0
42045,ECG,8151,-347,0,0,0,0,0
42045,ECG,8152,-475,0,0,0,0,0
42050,ECG,8153,-460,0,0,0,0,0
42050,ECG,8154,-342,0,0,0,0,0
42050,ECG,8155,-131,0,0,0,0,0
42055,ECG,8156,274,0,0,0,0,0
42055,ECG,8157,397,0,0,0,0,0
42060,ECG,8158,394,0,0,0,0,0
42060,ECG,8159,148,0,0,0,0,0
42060,ECG,8160,-281,0,0,0,0,0
42065,ECG,8161,-595,0,0,0,0,0
42065,ECG,8162,-770,0,0,0,0,0
42070,ECG,8163,-617,0,0,0,0,0
42070,ECG,8164,-348,0,0,0,0,0
42075,ECG,8165,78,0,0,0,0,0
42075,ECG,8166,406,0,0,0,0,0
42075,ECG,8167,402,0,0,0,0,0
42080,ECG,8168,318,0,0,0,0,0
42080,ECG,8169,-150,0,0,0,0,0
42085,ECG,8170,-487,0,0,0,0,0
42085,ECG,8171,-704,0,0,0,0,0
42090,ECG,8172,-683,0,0,0,0,0
42090,ECG,8173,-444,0,0,0,0,0
42095,ECG,8174,-36,0,0,0,0,0
42095,ECG,8175,281,0,0,0,0,0
42095,ECG,8176,410,0,0,0,0,0
42100,ECG,8177,407,0,0,0,0,0
42100,ECG,8178,144,0,0,0,0,0
42105,ECG,8179,-116,0,0,0,0,0
42105,ECG,8180,-189,0,0,0,0,0
42105,ECG,8181,-221,0,0,0,0,0
42110,ECG,8182,-151,0,0,0,0,0
42110,ECG,8183,-36,0,0,0,0,0
42115,ECG,8184,205,0,0,0,0,0
42115,ECG,8185,401,0,0,0,0,0
42115,ECG,8186,398,0,0,0,0,0
42120,ECG,8187,302,0,0,0,0,0
42120,ECG,8188,8,0,0,0,0,0
42125,ECG,8189,-413,0,0,0,0,0
42125,ECG,8190,-475,0,0,0,0,0
42130,ECG,8191,-400,0,0,0,0,0
39719,IMU,832,1544,4,8420,-85,64,40
39736,IMU,833,1396,-76,8412,-90,62,46
39755,IMU,834,1448,-76,8432,-69,51,43
39774,IMU,835,1576,-132,8424,-104,72,51
39794,IMU,836,1600,-84,8360,-101,91,46
39813,IMU,837,1544,-60,8300,-92,59,55
39832,IMU,838,1536,112,8344,-84,71,54
39851,IMU,839,1532,72,8416,-91,69,35
39869,IMU,840,1576,-56,8360,-94,58,40
39889,IMU,841,1468,-4,8340,-89,41,40
39908,IMU,842,1608,-120,8392,-73,52,62
39927,IMU,843,1524,-52,8376,-86,59,45
39946,IMU,844,1552,16,8328,-77,59,54
39965,IMU,845,1508,-96,8328,-93,64,41
39984,IMU,846,1432,-16,8392,-91,55,40
40003,IMU,847,1456,-72,8360,-90,63,31
40022,IMU,848,1604,36,8408,-96,74,49
40041,IMU,849,1624,-48,8420,-72,54,39
40061,IMU,850,1480,-60,8456,-76,70,53
40079,IMU,851,1436,-60,8468,-89,61,47
40099,IMU,852,1584,-16,8432,-91,78,36
40118,IMU,853,1504,-28,8304,-80,65,47
40137,IMU,854,1540,-164,8412,-94,65,53
40156,IMU,855,1504,-68,8364,-91,69,48
40175,IMU,856,1520,-48,8372,-85,71,40
40195,IMU,857,1536,44,8332,-88,52,33
40213,IMU,858,1516,80,8368,-93,65,50
40232,IMU,859,1616,-8,8392,-95,86,43
40251,IMU,860,1564,-36,8368,-83,57,35
40271,IMU,861,1540,-32,8340,-67,59,52
40289,IMU,862,1476,12,8388,-83,62,48
40309,IMU,863,1516,-44,8296,-101,49,36
40328,IMU,864,1560,-40,8412,-76,53,43
40347,IMU,865,1580,-56,8408,-70,68,49
40366,IMU,866,1552,32,8428,-95,59,45
40384,IMU,867,1500,4,8372,-86,55,35
40404,IMU,868,1548,-96,8356,-81,66,49
40423,IMU,869,1504,-168,8396,-100,56,37
40442,IMU,870,1536,-104,8328,-67,58,46
40461,IMU,871,1480,-44,8440,-103,61,17
40480,IMU,872,1512,-24,8384,-104,53,50
40499,IMU,873,1472,32,8392,-88,58,55
40519,IMU,874,1480,-132,8348,-90,48,51
40538,IMU,875,1528,-84,8384,-94,58,36
40557,IMU,876,1540,-20,8340,-76,67,39
40576,IMU,877,1524,-4,8308,-93,67,46
40594,IMU,878,1372,-24,8328,-88,67,21
40614,IMU,879,1468,48,8372,-75,37,37
40633,IMU,880,1480,-64,8404,-70,49,42
40652,IMU,881,1472,72,8372,-91,56,57
40671,IMU,882,1352,64,8380,-68,70,40
40690,IMU,883,1516,-28,8352,-63,69,47
40709,IMU,884,1484,60,8460,-89,56,36
40728,IMU,885,1472,-16,8396,-91,55,37
40748,IMU,886,1568,-44,8400,-91,55,53
40766,IMU,887,1596,-48,8336,-99,51,40
40786,IMU,888,1548,32,8416,-108,52,36
40804,IMU,889,1452,72,8356,-81,50,46
40824,IMU,890,1596,28,8404,-75,50,48
40843,IMU,891,1484,-52,8364,-82,67,46
40862,IMU,892,1596,-28,8372,-74,54,45
40881,IMU,893,1440,16,8388,-86,59,34
40900,IMU,894,1512,-56,8372,-82,52,28
40919,IMU,895,1640,32,8320,-70,61,31
40938,IMU,896,1548,-68,8280,-82,54,56
40957,IMU,897,1420,-8,8328,-91,60,48
40977,IMU,898,1348,-16,8232,-71,68,55
40996,IMU,899,1488,-128,8388,-94,49,47
41014,IMU,900,1336,-52,8408,-77,67,37
41034,IMU,901,1568,-84,8376,-68,65,53
41053,IMU,902,1476,56,8340,-80,74,47
41072,IMU,903,1636,-112,8384,-79,56,35
41091,IMU,904,1452,36,8460,-90,59,64
41109,IMU,905,1440,-76,8364,-86,61,30
41129,IMU,906,1492,-88,8396,-86,49,39
41148,IMU,907,1500,-56,8352,-107,53,52
41167,IMU,908,1444,-20,8400,-63,55,49
41186,IMU,909,1584,-92,8368,-93,47,50
41205,IMU,910,1508,-32,8404,-85,61,49
41224,IMU,911,1384,-16,8404,-75,53,39
41243,IMU,912,1444,-84,8452,-81,68,48
41262,IMU,913,1524,20,8400,-85,65,60
41281,IMU,914,1500,-16,8412,-88,50,58
41302,IMU,915,1464,48,8380,-83,79,43
41319,IMU,916,1552,-28,8296,-85,55,40
41339,IMU,917,1460,-152,8460,-74,60,45
41358,IMU,918,1540,-132,8392,-87,51,45
41377,IMU,919,1500,36,8372,-86,60,38
41396,IMU,920,1536,-12,8308,-93,63,35
41415,IMU,921,1636,-48,8368,-76,83,53
41434,IMU,922,1444,-108,8388,-102,75,37
41453,IMU,923,1500,64,8472,-88,72,50
41472,IMU,924,1504,-40,8316,-101,58,47
41491,IMU,925,1584,-76,8392,-85,73,50
41511,IMU,926,1508,-104,8376,-72,68,38
41529,IMU,927,1468,-76,8376,-80,64,44
41549,IMU,928,1524,-20,8404,-95,62,43
41568,IMU,929,1504,-60,8320,-66,64,43
41587,IMU,930,1488,-72,8340,-99,74,32
41606,IMU,931,1528,48,8364,-100,70,47
41624,IMU,932,1624,-36,8420,-89,60,61
41644,IMU,933,1540,-12,8392,-79,59,43
41663,IMU,934,1392,-60,8412,-94,47,42
41682,IMU,935,1592,-120,8412,-85,72,46
41701,IMU,936,1468,-72,8348,-74,71,32
41720,IMU,937,1480,-68,8424,-80,71,46
41739,IMU,938,1512,-76,8416,-95,65,46
41758,IMU,939,1632,16,8348,-79,65,48
41777,IMU,940,1492,-4,8436,-95,59,46
41796,IMU,941,1524,-96,8304,-82,46,39
41816,IMU,942,1520,-72,8328,-87,58,41
41834,IMU,943,1516,-12,8364,-70,66,35
41854,IMU,944,1484,48,8348,-92,47,48
41873,IMU,945,1400,-16,8368,-78,60,59
41892,IMU,946,1508,-100,8348,-85,46,40
41911,IMU,947,1596,60,8460,-78,68,42
41929,IMU,948,1484,-24,8424,-98,64,54
41949,IMU,949,1504,-84,8324,-61,63,43
41968,IMU,950,1516,-24,8348,-79,62,34
41987,IMU,951,1468,-68,8424,-86,52,43
42006,IMU,952,1492,-120,8408,-84,67,42
42025,IMU,953,1524,-76,8396,-95,66,42
42044,IMU,954,1524,-104,8344,-81,74,43
42063,IMU,955,1468,-12,8448,-87,51,47
42082,IMU,956,1572,-52,8368,-68,43,51
42101,IMU,957,1552,-124,8416,-93,58,46
42121,IMU,958,1480,-16,8376,-87,73,33
42139,IMU,959,1480,-4,8340,-83,69,36
42159,IMU,960,1424,56,8384,-97,59,28
42178,IMU,961,1540,-44,8396,-90,77,36
42197,IMU,962,1464,-112,8328,-87,48,36
42216,IMU,963,1484,-36,8312,-88,73,39
42234,IMU,964,1512,8,8408,-93,66,47
42254,IMU,965,1532,16,8364,-100,60,46
42273,IMU,966,1536,-44,8372,-105,57,24
42292,IMU,967,1560,60,8400,-95,69,50
42311,IMU,968,1480,56,8448,-73,52,59
42332,IMU,969,1424,-12,8332,-103,45,42
42349,IMU,970,1500,-52,8356,-92,55,49
42368,IMU,971,1584,-92,8444,-72,44,40
42387,IMU,972,1564,-72,8344,-82,78,51
42407,IMU,973,1500,0,8288,-70,65,33
42426,IMU,974,1512,76,8376,-82,78,33
42444,IMU,975,1480,-36,8472,-100,60,38
42464,IMU,976,1548,-64,8352,-78,49,48
42483,IMU,977,1508,4,8376,-60,64,34
42502,IMU,978,1580,16,8312,-92,67,48
42521,IMU,979,1456,-68,8332,-74,67,36
42540,IMU,980,1524,-36,8368,-79,61,43
42559,IMU,981,1460,-72,8264,-90,66,41
42578,IMU,982,1540,136,8468,-81,53,61
42597,IMU,983,1528,52,8364,-70,47,49
42616,IMU,984,1536,116,8372,-88,49,54
42636,IMU,985,1600,-60,8428,-100,72,24
42654,IMU,986,1540,-96,8392,-93,63,43
42674,IMU,987,1468,-44,8396,-82,59,50
42693,IMU,988,1544,-88,8416,-94,60,53
42712,IMU,989,1616,-40,8352,-101,72,41
42731,IMU,990,1524,20,8404,-79,63,57
42749,IMU,991,1528,-8,8300,-66,57,49
42769,IMU,992,1536,-48,8456,-74,73,41
42788,IMU,993,1492,-4,8356,-101,69,40
42807,IMU,994,1600,-40,8464,-91,54,34
42826,IMU,995,1512,-24,8316,-88,73,48
42845,IMU,996,1564,48,8412,-76,58,28
42864,IMU,997,1520,-76,8408,-88,75,49
42883,IMU,998,1584,52,8388,-101,60,39
42902,IMU,999,1516,-20,8376,-76,62,46
42921,IMU,1000,1492,-8,8316,-67,60,50
42941,IMU,1001,1544,0,8440,-97,60,37
42959,IMU,1002,1516,-40,8392,-85,81,47
42979,IMU,1003,1548,-44,8352,-105,54,60
42998,IMU,1004,1560,-84,8416,-69,51,55
43017,IMU,1005,1520,-4,8392,-79,52,41
43036,IMU,1006,1540,-60,8364,-93,51,31
43054,IMU,1007,1488,-16,8368,-88,53,46
43074,IMU,1008,1540,-44,8352,-105,58,57
43093,IMU,1009,1488,-52,8300,-88,53,46
43112,IMU,1010,1456,-112,8432,-108,55,45
43132,IMU,1011,1512,-76,8304,-100,59,40
43150,IMU,1012,1568,4,8348,-84,59,36
43169,IMU,1013,1436,-8,8392,-83,60,38
43189,IMU,1014,1488,-52,8436,-104,55,38
43207,IMU,1015,1580,44,8396,-79,60,27
43227,IMU,1016,1528,-16,8300,-83,54,35
43246,IMU,1017,1500,-24,8440,-67,62,37
43264,IMU,1018,1532,-80,8372,-88,69,49
43284,IMU,1019,1564,-32,8456,-94,69,32
43303,IMU,1020,1476,-28,8408,-81,52,38
43322,IMU,1021,1532,-12,8372,-88,72,49
43341,IMU,1022,1580,-84,8356,-72,52,47
43361,IMU,1023,1568,-52,8384,-86,54,49
43379,IMU,1024,1584,-100,8420,-88,58,43
43399,IMU,1025,1512,-92,8352,-88,61,58
43418,IMU,1026,1568,-84,8356,-72,61,53
43436,IMU,1027,1540,-60,8428,-81,66,43
43456,IMU,1028,1524,-8,8284,-105,67,52
43474,IMU,1029,1544,-84,8344,-96,80,29
43494,IMU,1030,1564,-112,8420,-81,57,39
43513,IMU,1031,1564,-36,8408,-91,62,39
43532,IMU,1032,1488,0,8416,-85,61,47
43551,IMU,1033,1420,16,8316,-87,64,48
43570,IMU,1034,1520,-92,8380,-99,74,45
43589,IMU,1035,1484,-52,8424,-74,53,42
43608,IMU,1036,1520,-12,8360,-95,71,42
43627,IMU,1037,1560,-16,8356,-82,53,50
43646,IMU,1038,1576,-100,8392,-99,56,35
43666,IMU,1039,1536,0,8372,-83,67,37
42130,ECG,8192,-246,0,0,0,0,0
42135,ECG,8193,399,0,0,0,0,0
42135,ECG,8194,396,0,0,0,0,0
42140,ECG,8195,340,0,0,0,0,0
42140,ECG,8196,-50,0,0,0,0,0
42140,ECG,8197,-428,0,0,0,0,0
42145,ECG,8198,-640,0,0,0,0,0
42145,ECG,8199,-746,0,0,0,0,0
42150,ECG,8200,-673,0,0,0,0,0
42150,ECG,8201,-455,0,0,0,0,0
42150,ECG,8202,-135,0,0,0,0,0
42155,ECG,8203,210,0,0,0,0,0
42155,ECG,8204,403,0,0,0,0,0
42160,ECG,8205,400,0,0,0,0,0
42160,ECG,8206,277,0,0,0,0,0
42160,ECG,8207,36,0,0,0,0,0
42165,ECG,8208,-67,0,0,0,0,0
42165,ECG,8209,-137,0,0,0,0,0
42170,ECG,8210,-46,0,0,0,0,0
42170,ECG,8211,98,0,0,0,0,0
42175,ECG,8212,377,0,0,0,0,0
42175,ECG,8213,389,0,0,0,0,0
42175,ECG,8214,343,0,0,0,0,0
42180,ECG,8215,128,0,0,0,0,0
42180,ECG,8216,-170,0,0,0,0,0
42185,ECG,8217,-377,0,0,0,0,0
42185,ECG,8218,-485,0,0,0,0,0
42190,ECG,8219,-326,0,0,0,0,0
42190,ECG,8220,-109,0,0,0,0,0
42195,ECG,8221,221,0,0,0,0,0
42195,ECG,8222,388,0,0,0,0,0
42195,ECG,8223,385,0,0,0,0,0
42200,ECG,8224,240,0,0,0,0,0
42200,ECG,8225,-108,0,0,0,0,0
42205,ECG,8226,-322,0,0,0,0,0
42205,ECG,8227,-472,0,0,0,0,0
42205,ECG,8228,-493,0,0,0,0,0
42210,ECG,8229,-398,0,0,0,0,0
42210,ECG,8230,-207,0,0,0,0,0
42215,ECG,8231,193,0,0,0,0,0
42215,ECG,8232,387,0,0,0,0,0
42215,ECG,8233,384,0,0,0,0,0
42220,ECG,8234,209,0,0,0,0,0
42220,ECG,8235,-202,0,0,0,0,0
42225,ECG,8236,-679,0,0,0,0,0
42225,ECG,8237,-707,0,0,0,0,0
42230,ECG,8238,-568,0,0,0,0,0
42230,ECG,8239,-307,0,0,0,0,0
42235,ECG,8240,371,0,0,0,0,0
42235,ECG,8241,390,0,0,0,0,0
42240,ECG,8242,376,0,0,0,0,0
42240,ECG,8243,16,0,0,0,0,0
42240,ECG,8244,-209,0,0,0,0,0
42245,ECG,8245,-319,0,0,0,0,0
42245,ECG,8246,-379,0,0,0,0,0
42250,ECG,8247,-294,0,0,0,0,0
42250,ECG,8248,-138,0,0,0,0,0
42250,ECG,8249,70,0,0,0,0,0
42255,ECG,8250,339,0,0,0,0,0
42255,ECG,8251,385,0,0,0,0,0
42260,ECG,8252,382,0,0,0,0,0
42260,ECG,8253,149,0,0,0,0,0
42260,ECG,8254,-72,0,0,0,0,0
42265,ECG,8255,-223,0,0,0,0,0
42265,ECG,8256,-325,0,0,0,0,0
42270,ECG,8257,-203,0,0,0,0,0
42270,ECG,8258,-35,0,0,0,0,0
42275,ECG,8259,179,0,0,0,0,0
42275,ECG,8260,370,0,0,0,0,0
42275,ECG,8261,376,0,0,0,0,0
42280,ECG,8262,347,0,0,0,0,0
42280,ECG,8263,166,0,0,0,0,0
42285,ECG,8264,69,0,0,0,0,0
42285,ECG,8265,9,0,0,0,0,0
42285,ECG,8266,-3,0,0,0,0,0
42290,ECG,8267,19,0,0,0,0,0
42290,ECG,8268,107,0,0,0,0,0
42295,ECG,8269,317,0,0,0,0,0
42295,ECG,8270,362,0,0,0,0,0
42295,ECG,8271,294,0,0,0,0,0
42300,ECG,8272,151,0,0,0,0,0
42300,ECG,8273,-103,0,0,0,0,0
42305,ECG,8274,-318,0,0,0,0,0
42305,ECG,8275,-420,0,0,0,0,0
42305,ECG,8276,-404,0,0,0,0,0
42310,ECG,8277,-314,0,0,0,0,0
42310,ECG,8278,-109,0,0,0,0,0
42315,ECG,8279,359,0,0,0,0,0
42315,ECG,8280,354,0,0,0,0,0
42320,ECG,8281,75,0,0,0,0,0
42320,ECG,8282,-338,0,0,0,0,0
42320,ECG,8283,-658,0,0,0,0,0
42325,ECG,8284,-821,0,0,0,0,0
42325,ECG,8285,-820,0,0,0,0,0
42330,ECG,8286,-664,0,0,0,0,0
42330,ECG,8287,-344,0,0,0,0,0
42335,ECG,8288,331,0,0,0,0,0
42335,ECG,8289,368,0,0,0,0,0
42340,ECG,8290,315,0,0,0,0,0
42340,ECG,8291,-43,0,0,0,0,0
42340,ECG,8292,-220,0,0,0,0,0
42345,ECG,8293,-289,0,0,0,0,0
42345,ECG,8294,-297,0,0,0,0,0
42350,ECG,8295,-198,0,0,0,0,0
42350,ECG,8296,-30,0,0,0,0,0
42350,ECG,8297,227,0,0,0,0,0
42355,ECG,8298,363,0,0,0,0,0
42355,ECG,8299,360,0,0,0,0,0
42360,ECG,8300,204,0,0,0,0,0
42360,ECG,8301,-129,0,0,0,0,0
42360,ECG,8302,-364,0,0,0,0,0
42365,ECG,8303,-532,0,0,0,0,0
42365,ECG,8304,-579,0,0,0,0,0
42370,ECG,8305,-301,0,0,0,0,0
42370,ECG,8306,37,0,0,0,0,0
42375,ECG,8307,353,0,0,0,0,0
42375,ECG,8308,363,0,0,0,0,0
42380,ECG,8309,-2,0,0,0,0,0
42380,ECG,8310,-288,0,0,0,0,0
42385,ECG,8311,-439,0,0,0,0,0
42385,ECG,8312,-473,0,0,0,0,0
42385,ECG,8313,-408,0,0,0,0,0
42390,ECG,8314,-224,0,0,0,0,0
42390,ECG,8315,87,0,0,0,0,0
42395,ECG,8316,287,0,0,0,0,0
42395,ECG,8317,362,0,0,0,0,0
42395,ECG,8318,342,0,0,0,0,0
42400,ECG,8319,61,0,0,0,0,0
42400,ECG,8320,-149,0,0,0,0,0
42405,ECG,8321,-212,0,0,0,0,0
42405,ECG,8322,-243,0,0,0,0,0
42405,ECG,8323,-176,0,0,0,0,0
42410,ECG,8324,-37,0,0,0,0,0
42410,ECG,8325,125,0,0,0,0,0
42415,ECG,8326,270,0,0,0,0,0
42415,ECG,8327,353,0,0,0,0,0
42415,ECG,8328,350,0,0,0,0,0
42420,ECG,8329,252,0,0,0,0,0
42420,ECG,8330,194,0,0,0,0,0
42425,ECG,8331,155,0,0,0,0,0
42425,ECG,8332,180,0,0,0,0,0
42430,ECG,8333,201,0,0,0,0,0
42430,ECG,8334,234,0,0,0,0,0
42435,ECG,8335,332,0,0,0,0,0
42435,ECG,8336,282,0,0,0,0,0
42440,ECG,8337,71,0,0,0,0,0
42440,ECG,8338,-133,0,0,0,0,0
42440,ECG,8339,-336,0,0,0,0,0
42445,ECG,8340,-469,0,0,0,0,0
42445,ECG,8341,-470,0,0,0,0,0
42450,ECG,8342,-376,0,0,0,0,0
42450,ECG,8343,-185,0,0,0,0,0
42450,ECG,8344,103,0,0,0,0,0
42455,ECG,8345,302,0,0,0,0,0
42455,ECG,8346,330,0,0,0,0,0
42460,ECG,8347,276,0,0,0,0,0
42460,ECG,8348,29,0,0,0,0,0
42460,ECG,8349,-132,0,0,0,0,0
42465,ECG,8350,-198,0,0,0,0,0
42465,ECG,8351,-213,0,0,0,0,0
42470,ECG,8352,-21,0,0,0,0,0
42470,ECG,8353,147,0,0,0,0,0
42475,ECG,8354,271,0,0,0,0,0
42475,ECG,8355,322,0,0,0,0,0
42480,ECG,8356,159,0,0,0,0,0
42480,ECG,8357,87,0,0,0,0,0
42485,ECG,8358,60,0,0,0,0,0
42485,ECG,8359,44,0,0,0,0,0
42485,ECG,8360,80,0,0,0,0,0
42490,ECG,8361,122,0,0,0,0,0
42490,ECG,8362,210,0,0,0,0,0
42495,ECG,8363,307,0,0,0,0,0
42495,ECG,8364,305,0,0,0,0,0
42495,ECG,8365,232,0,0,0,0,0
42500,ECG,8366,92,0,0,0,0,0
42500,ECG,8367,-29,0,0,0,0,0
42505,ECG,8368,-120,0,0,0,0,0
42505,ECG,8369,-167,0,0,0,0,0
42505,ECG,8370,-130,0,0,0,0,0
42510,ECG,8371,-61,0,0,0,0,0
42510,ECG,8372,61,0,0,0,0,0
42515,ECG,8373,296,0,0,0,0,0
42515,ECG,8374,276,0,0,0,0,0
42520,ECG,8375,102,0,0,0,0,0
42520,ECG,8376,-93,0,0,0,0,0
42520,ECG,8377,-241,0,0,0,0,0
42525,ECG,8378,-311,0,0,0,0,0
42525,ECG,8379,-298,0,0,0,0,0
42530,ECG,8380,-236,0,0,0,0,0
42530,ECG,8381,1,0,0,0,0,0
42535,ECG,8382,250,0,0,0,0,0
42535,ECG,8383,204,0,0,0,0,0
42540,ECG,8384,10,0,0,0,0,0
42540,ECG,8385,-300,0,0,0,0,0
42540,ECG,8386,-448,0,0,0,0,0
42545,ECG,8387,-489,0,0,0,0,0
42545,ECG,8388,-435,0,0,0,0,0
42550,ECG,8389,-278,0,0,0,0,0
42550,ECG,8390,-46,0,0,0,0,0
42550,ECG,8391,193,0,0,0,0,0
42555,ECG,8392,293,0,0,0,0,0
42555,ECG,8393,291,0,0,0,0,0
42560,ECG,8394,124,0,0,0,0,0
42560,ECG,8395,-70,0,0,0,0,0
42560,ECG,8396,-165,0,0,0,0,0
42565,ECG,8397,-238,0,0,0,0,0
42565,ECG,8398,-215,0,0,0,0,0
42570,ECG,8399,-2,0,0,0,0,0
42570,ECG,8400,226,0,0,0,0,0
42575,ECG,8401,286,0,0,0,0,0
42575,ECG,8402,247,0,0,0,0,0
42575,ECG,8403,89,0,0,0,0,0
42580,ECG,8404,-130,0,0,0,0,0
42580,ECG,8405,-276,0,0,0,0,0
42585,ECG,8406,-342,0,0,0,0,0
42585,ECG,8407,-314,0,0,0,0,0
42585,ECG,8408,-224,0,0,0,0,0
42590,ECG,8409,-42,0,0,0,0,0
42590,ECG,8410,217,0,0,0,0,0
42595,ECG,8411,283,0,0,0,0,0
42595,ECG,8412,280,0,0,0,0,0
42595,ECG,8413,58,0,0,0,0,0
42600,ECG,8414,-247,0,0,0,0,0
42600,ECG,8415,-445,0,0,0,0,0
42605,ECG,8416,-572,0,0,0,0,0
42605,ECG,8417,-570,0,0,0,0,0
42605,ECG,8418,-463,0,0,0,0,0
42610,ECG,8419,-237,0,0,0,0,0
42610,ECG,8420,115,0,0,0,0,0
42615,ECG,8421,288,0,0,0,0,0
42615,ECG,8422,285,0,0,0,0,0
42615,ECG,8423,91,0,0,0,0,0
42620,ECG,8424,-253,0,0,0,0,0
42620,ECG,8425,-503,0,0,0,0,0
42625,ECG,8426,-621,0,0,0,0,0
42625,ECG,8427,-493,0,0,0,0,0
42630,ECG,8428,-264,0,0,0,0,0
42630,ECG,8429,68,0,0,0,0,0
42635,ECG,8430,292,0,0,0,0,0
42635,ECG,8431,189,0,0,0,0,0
42640,ECG,8432,-127,0,0,0,0,0
42640,ECG,8433,-336,0,0,0,0,0
42640,ECG,8434,-451,0,0,0,0,0
42645,ECG,8435,-475,0,0,0,0,0
42645,ECG,8436,-378,0,0,0,0,0
42650,ECG,8437,-215,0,0,0,0,0
42650,ECG,8438,54,0,0,0,0,0
42650,ECG,8439,289,0,0,0,0,0
42655,ECG,8440,293,0,0,0,0,0
42655,ECG,8441,242,0,0,0,0,0
42660,ECG,8442,-15,0,0,0,0,0
42660,ECG,8443,-209,0,0,0,0,0
42660,ECG,8444,-307,0,0,0,0,0
42665,ECG,8445,-344,0,0,0,0,0
42665,ECG,8446,-278,0,0,0,0,0
42670,ECG,8447,46,0,0,0,0,0
42670,ECG,8448,239,0,0,0,0,0
42675,ECG,8449,289,0,0,0,0,0
42675,ECG,8450,287,0,0,0,0,0
42675,ECG,8451,99,0,0,0,0,0
42680,ECG,8452,-50,0,0,0,0,0
42680,ECG,8453,-117,0,0,0,0,0
42685,ECG,8454,-156,0,0,0,0,0
42685,ECG,8455,-123,0,0,0,0,0
42690,ECG,8456,103,0,0,0,0,0
42690,ECG,8457,251,0,0,0,0,0
42695,ECG,8458,276,0,0,0,0,0
42695,ECG,8459,233,0,0,0,0,0
42695,ECG,8460,71,0,0,0,0,0
42700,ECG,8461,-94,0,0,0,0,0
42700,ECG,8462,-168,0,0,0,0,0
42705,ECG,8463,-203,0,0,0,0,0
42705,ECG,8464,-163,0,0,0,0,0
42705,ECG,8465,-77,0,0,0,0,0
42710,ECG,8466,59,0,0,0,0,0
42710,ECG,8467,232,0,0,0,0,0
42715,ECG,8468,273,0,0,0,0,0
42715,ECG,8469,267,0,0,0,0,0
42715,ECG,8470,96,0,0,0,0,0
42720,ECG,8471,-60,0,0,0,0,0
42720,ECG,8472,-159,0,0,0,0,0
42725,ECG,8473,-198,0,0,0,0,0
42725,ECG,8474,-144,0,0,0,0,0
42730,ECG,8475,16,0,0,0,0,0
42730,ECG,8476,253,0,0,0,0,0
42735,ECG,8477,200,0,0,0,0,0
42735,ECG,8478,-13,0,0,0,0,0
42740,ECG,8479,-296,0,0,0,0,0
42740,ECG,8480,-485,0,0,0,0,0
42740,ECG,8481,-572,0,0,0,0,0
42745,ECG,8482,-540,0,0,0,0,0
42745,ECG,8483,-405,0,0,0,0,0
42750,ECG,8484,-170,0,0,0,0,0
42750,ECG,8485,111,0,0,0,0,0
42750,ECG,8486,272,0,0,0,0,0
42755,ECG,8487,269,0,0,0,0,0
42755,ECG,8488,160,0,0,0,0,0
42760,ECG,8489,-77,0,0,0,0,0
42760,ECG,8490,-185,0,0,0,0,0
42760,ECG,8491,-246,0,0,0,0,0
42765,ECG,8492,-234,0,0,0,0,0
42765,ECG,8493,-157,0,0,0,0,0
42770,ECG,8494,196,0,0,0,0,0
42770,ECG,8495,265,0,0,0,0,0
42775,ECG,8496,263,0,0,0,0,0
42775,ECG,8497,68,0,0,0,0,0
42775,ECG,8498,-200,0,0,0,0,0
42780,ECG,8499,-403,0,0,0,0,0
42780,ECG,8500,-530,0,0,0,0,0
42785,ECG,8501,-543,0,0,0,0,0
42785,ECG,8502,-442,0,0,0,0,0
42785,ECG,8503,-256,0,0,0,0,0
42790,ECG,8504,32,0,0,0,0,0
42790,ECG,8505,259,0,0,0,0,0
42795,ECG,8506,268,0,0,0,0,0
42795,ECG,8507,215,0,0,0,0,0
42795,ECG,8508,-61,0,0,0,0,0
42800,ECG,8509,-249,0,0,0,0,0
42800,ECG,8510,-344,0,0,0,0,0
42805,ECG,8511,-377,0,0,0,0,0
42805,ECG,8512,-302,0,0,0,0,0
42805,ECG,8513,-180,0,0,0,0,0
42810,ECG,8514,51,0,0,0,0,0
42810,ECG,8515,269,0,0,0,0,0
42815,ECG,8516,267,0,0,0,0,0
42815,ECG,8517,192,0,0,0,0,0
42815,ECG,8518,-77,0,0,0,0,0
42820,ECG,8519,-313,0,0,0,0,0
42820,ECG,8520,-461,0,0,0,0,0
42825,ECG,8521,-452,0,0,0,0,0
42825,ECG,8522,-321,0,0,0,0,0
42830,ECG,8523,-51,0,0,0,0,0
42830,ECG,8524,252,0,0,0,0,0
42835,ECG,8525,237,0,0,0,0,0
42835,ECG,8526,-49,0,0,0,0,0
42840,ECG,8527,-351,0,0,0,0,0
42840,ECG,8528,-518,0,0,0,0,0
42840,ECG,8529,-595,0,0,0,0,0
42845,ECG,8530,-542,0,0,0,0,0
42845,ECG,8531,-392,0,0,0,0,0
42850,ECG,8532,-112,0,0,0,0,0
42850,ECG,8533,199,0,0,0,0,0
42850,ECG,8534,275,0,0,0,0,0
42855,ECG,8535,273,0,0,0,0,0
42855,ECG,8536,-10,0,0,0,0,0
42860,ECG,8537,-329,0,0,0,0,0
42860,ECG,8538,-504,0,0,0,0,0
42860,ECG,8539,-603,0,0,0,0,0
42865,ECG,8540,-561,0,0,0,0,0
42865,ECG,8541,-426,0,0,0,0,0
42870,ECG,8542,161,0,0,0,0,0
42870,ECG,8543,281,0,0,0,0,0
42875,ECG,8544,279,0,0,0,0,0
42875,ECG,8545,85,0,0,0,0,0
42875,ECG,8546,-205,0,0,0,0,0
42880,ECG,8547,-360,0,0,0,0,0
42880,ECG,8548,-433,0,0,0,0,0
42885,ECG,8549,-400,0,0,0,0,0
42885,ECG,8550,-286,0,0,0,0,0
42890,ECG,8551,220,0,0,0,0,0
42890,ECG,8552,281,0,0,0,0,0
42895,ECG,8553,278,0,0,0,0,0
42895,ECG,8554,11,0,0,0,0,0
42895,ECG,8555,-355,0,0,0,0,0
42900,ECG,8556,-614,0,0,0,0,0
42900,ECG,8557,-786,0,0,0,0,0
42905,ECG,8558,-796,0,0,0,0,0
42905,ECG,8559,-656,0,0,0,0,0
42905,ECG,8560,-393,0,0,0,0,0
42910,ECG,8561,-7,0,0,0,0,0
42910,ECG,8562,277,0,0,0,0,0
42915,ECG,8563,291,0,0,0,0,0
42915,ECG,8564,224,0,0,0,0,0
42915,ECG,8565,-117,0,0,0,0,0
42920,ECG,8566,-340,0,0,0,0,0
42920,ECG,8567,-447,0,0,0,0,0
42925,ECG,8568,-378,0,0,0,0,0
42925,ECG,8569,-203,0,0,0,0,0
42930,ECG,8570,91,0,0,0,0,0
42930,ECG,8571,279,0,0,0,0,0
42935,ECG,8572,209,0,0,0,0,0
42935,ECG,8573,-62,0,0,0,0,0
42940,ECG,8574,-247,0,0,0,0,0
42940,ECG,8575,-324,0,0,0,0,0
42940,ECG,8576,-340,0,0,0,0,0
42945,ECG,8577,-249,0,0,0,0,0
42945,ECG,8578,-120,0,0,0,0,0
42950,ECG,8579,121,0,0,0,0,0
42950,ECG,8580,290,0,0,0,0,0
42950,ECG,8581,288,0,0,0,0,0
42955,ECG,8582,165,0,0,0,0,0
42955,ECG,8583,-172,0,0,0,0,0
42960,ECG,8584,-446,0,0,0,0,0
42960,ECG,8585,-651,0,0,0,0,0
42960,ECG,8586,-728,0,0,0,0,0
42965,ECG,8587,-646,0,0,0,0,0
42965,ECG,8588,-475,0,0,0,0,0
42970,ECG,8589,256,0,0,0,0,0
42970,ECG,8590,297,0,0,0,0,0
42975,ECG,8591,247,0,0,0,0,0
42975,ECG,8592,-94,0,0,0,0,0
42975,ECG,8593,-456,0,0,0,0,0
42980,ECG,8594,-621,0,0,0,0,0
42980,ECG,8595,-683,0,0,0,0,0
42985,ECG,8596,-592,0,0,0,0,0
42985,ECG,8597,-404,0,0,0,0,0
42990,ECG,8598,297,0,0,0,0,0
42990,ECG,8599,304,0,0,0,0,0
42995,ECG,8600,293,0,0,0,0,0
42995,ECG,8601,-88,0,0,0,0,0
42995,ECG,8602,-447,0,0,0,0,0
43000,ECG,8603,-654,0,0,0,0,0
43000,ECG,8604,-770,0,0,0,0,0
43005,ECG,8605,-711,0,0,0,0,0
43005,ECG,8606,-508,0,0,0,0,0
43005,ECG,8607,-230,0,0,0,0,0
43010,ECG,8608,104,0,0,0,0,0
43010,ECG,8609,315,0,0,0,0,0
43015,ECG,8610,313,0,0,0,0,0
43015,ECG,8611,221,0,0,0,0,0
43015,ECG,8612,-47,0,0,0,0,0
43020,ECG,8613,-175,0,0,0,0,0
43020,ECG,8614,-278,0,0,0,0,0
43025,ECG,8615,-220,0,0,0,0,0
43025,ECG,8616,-89,0,0,0,0,0
43030,ECG,8617,158,0,0,0,0,0
43030,ECG,8618,301,0,0,0,0,0
43030,ECG,8619,307,0,0,0,0,0
43035,ECG,8620,213,0,0,0,0,0
43035,ECG,8621,-24,0,0,0,0,0
43040,ECG,8622,-187,0,0,0,0,0
43040,ECG,8623,-260,0,0,0,0,0
43045,ECG,8624,-193,0,0,0,0,0
43045,ECG,8625,-69,0,0,0,0,0
43050,ECG,8626,182,0,0,0,0,0
43050,ECG,8627,303,0,0,0,0,0
43050,ECG,8628,301,0,0,0,0,0
43055,ECG,8629,165,0,0,0,0,0
43055,ECG,8630,-111,0,0,0,0,0
43060,ECG,8631,-317,0,0,0,0,0
43060,ECG,8632,-429,0,0,0,0,0
43060,ECG,8633,-458,0,0,0,0,0
43065,ECG,8634,-368,0,0,0,0,0
43065,ECG,8635,-192,0,0,0,0,0
43070,ECG,8636,27,0,0,0,0,0
43070,ECG,8637,208,0,0,0,0,0
43070,ECG,8638,302,0,0,0,0,0
43075,ECG,8639,299,0,0,0,0,0
43075,ECG,8640,173,0,0,0,0,0
43075,ECG,8641,94,0,0,0,0,0
43080,ECG,8642,76,0,0,0,0,0
43080,ECG,8643,46,0,0,0,0,0
43085,ECG,8644,72,0,0,0,0,0
43085,ECG,8645,111,0,0,0,0,0
43090,ECG,8646,251,0,0,0,0,0
43090,ECG,8647,285,0,0,0,0,0
43095,ECG,8648,257,0,0,0,0,0
43095,ECG,8649,173,0,0,0,0,0
43095,ECG,8650,100,0,0,0,0,0
43100,ECG,8651,48,0,0,0,0,0
43100,ECG,8652,14,0,0,0,0,0
43105,ECG,8653,30,0,0,0,0,0
43105,ECG,8654,44,0,0,0,0,0
43105,ECG,8655,130,0,0,0,0,0
43110,ECG,8656,273,0,0,0,0,0
43110,ECG,8657,270,0,0,0,0,0
43115,ECG,8658,190,0,0,0,0,0
43115,ECG,8659,45,0,0,0,0,0
43115,ECG,8660,-154,0,0,0,0,0
43120,ECG,8661,-295,0,0,0,0,0
43120,ECG,8662,-356,0,0,0,0,0
43125,ECG,8663,-239,0,0,0,0,0
43125,ECG,8664,-42,0,0,0,0,0
43130,ECG,8665,160,0,0,0,0,0
43130,ECG,8666,260,0,0,0,0,0
43130,ECG,8667,266,0,0,0,0,0
43135,ECG,8668,106,0,0,0,0,0
43135,ECG,8669,-105,0,0,0,0,0
43140,ECG,8670,-204,0,0,0,0,0
43140,ECG,8671,-257,0,0,0,0,0
43140,ECG,8672,-231,0,0,0,0,0
43145,ECG,8673,-155,0,0,0,0,0
43145,ECG,8674,-8,0,0,0,0,0
43150,ECG,8675,217,0,0,0,0,0
43150,ECG,8676,263,0,0,0,0,0
43150,ECG,8677,230,0,0,0,0,0
43155,ECG,8678,51,0,0,0,0,0
43155,ECG,8679,-174,0,0,0,0,0
43160,ECG,8680,-336,0,0,0,0,0
43160,ECG,8681,-415,0,0,0,0,0
43160,ECG,8682,-398,0,0,0,0,0
43165,ECG,8683,-298,0,0,0,0,0
43165,ECG,8684,-114,0,0,0,0,0
43170,ECG,8685,97,0,0,0,0,0
43170,ECG,8686,238,0,0,0,0,0
43170,ECG,8687,262,0,0,0,0,0
43175,ECG,8688,197,0,0,0,0,0
43175,ECG,8689,23,0,0,0,0,0
43180,ECG,8690,-89,0,0,0,0,0
43180,ECG,8691,-79,0,0,0,0,0
43185,ECG,8692,-34,0,0,0,0,0
43185,ECG,8693,41,0,0,0,0,0
43190,ECG,8694,253,0,0,0,0,0
43190,ECG,8695,225,0,0,0,0,0
43195,ECG,8696,62,0,0,0,0,0
43195,ECG,8697,-148,0,0,0,0,0
43195,ECG,8698,-317,0,0,0,0,0
43200,ECG,8699,-414,0,0,0,0,0
43200,ECG,8700,-419,0,0,0,0,0
43205,ECG,8701,-326,0,0,0,0,0
43205,ECG,8702,-170,0,0,0,0,0
43205,ECG,8703,61,0,0,0,0,0
43210,ECG,8704,254,0,0,0,0,0
43210,ECG,8705,252,0,0,0,0,0
43215,ECG,8706,182,0,0,0,0,0
43215,ECG,8707,-99,0,0,0,0,0
43215,ECG,8708,-292,0,0,0,0,0
43220,ECG,8709,-424,0,0,0,0,0
43220,ECG,8710,-488,0,0,0,0,0
43225,ECG,8711,-285,0,0,0,0,0
43225,ECG,8712,-80,0,0,0,0,0
43230,ECG,8713,170,0,0,0,0,0
43230,ECG,8714,255,0,0,0,0,0
43235,ECG,8715,97,0,0,0,0,0
43235,ECG,8716,-89,0,0,0,0,0
43240,ECG,8717,-189,0,0,0,0,0
43240,ECG,8718,-247,0,0,0,0,0
43240,ECG,8719,-226,0,0,0,0,0
43245,ECG,8720,-153,0,0,0,0,0
43245,ECG,8721,-18,0,0,0,0,0
43250,ECG,8722,162,0,0,0,0,0
43250,ECG,8723,249,0,0,0,0,0
43250,ECG,8724,247,0,0,0,0,0
43255,ECG,8725,131,0,0,0,0,0
43255,ECG,8726,-40,0,0,0,0,0
43260,ECG,8727,-128,0,0,0,0,0
43260,ECG,8728,-176,0,0,0,0,0
43260,ECG,8729,-161,0,0,0,0,0
43265,ECG,8730,-119,0,0,0,0,0
43265,ECG,8731,24,0,0,0,0,0
43270,ECG,8732,244,0,0,0,0,0
43270,ECG,8733,241,0,0,0,0,0
43270,ECG,8734,169,0,0,0,0,0
43275,ECG,8735,-32,0,0,0,0,0
43275,ECG,8736,-311,0,0,0,0,0
43280,ECG,8737,-577,0,0,0,0,0
43280,ECG,8738,-550,0,0,0,0,0
43285,ECG,8739,-401,0,0,0,0,0
43285,ECG,8740,-207,0,0,0,0,0
43290,ECG,8741,248,0,0,0,0,0
43290,ECG,8742,246,0,0,0,0,0
43295,ECG,8743,106,0,0,0,0,0
43295,ECG,8744,-184,0,0,0,0,0
43295,ECG,8745,-394,0,0,0,0,0
43300,ECG,8746,-545,0,0,0,0,0
43300,ECG,8747,-583,0,0,0,0,0
43305,ECG,8748,-503,0,0,0,0,0
43305,ECG,8749,-315,0,0,0,0,0
43305,ECG,8750,-69,0,0,0,0,0
43310,ECG,8751,106,0,0,0,0,0
43310,ECG,8752,253,0,0,0,0,0
43315,ECG,8753,250,0,0,0,0,0
43315,ECG,8754,160,0,0,0,0,0
43315,ECG,8755,78,0,0,0,0,0
43320,ECG,8756,84,0,0,0,0,0
43320,ECG,8757,70,0,0,0,0,0
43325,ECG,8758,94,0,0,0,0,0
43325,ECG,8759,119,0,0,0,0,0
43325,ECG,8760,176,0,0,0,0,0
43330,ECG,8761,239,0,0,0,0,0
43330,ECG,8762,237,0,0,0,0,0
43335,ECG,8763,54,0,0,0,0,0
43335,ECG,8764,-35,0,0,0,0,0
43340,ECG,8765,-105,0,0,0,0,0
43340,ECG,8766,-131,0,0,0,0,0
43345,ECG,8767,-43,0,0,0,0,0
43345,ECG,8768,65,0,0,0,0,0
43350,ECG,8769,175,0,0,0,0,0
43350,ECG,8770,229,0,0,0,0,0
43350,ECG,8771,210,0,0,0,0,0
43355,ECG,8772,92,0,0,0,0,0
43355,ECG,8773,-18,0,0,0,0,0
43360,ECG,8774,-75,0,0,0,0,0
43360,ECG,8775,-106,0,0,0,0,0
43360,ECG,8776,-95,0,0,0,0,0
43365,ECG,8777,-43,0,0,0,0,0
43365,ECG,8778,51,0,0,0,0,0
43370,ECG,8779,129,0,0,0,0,0
43370,ECG,8780,175,0,0,0,0,0
43370,ECG,8781,206,0,0,0,0,0
43375,ECG,8782,159,0,0,0,0,0
43375,ECG,8783,98,0,0,0,0,0
43380,ECG,8784,81,0,0,0,0,0
43380,ECG,8785,95,0,0,0,0,0
43385,ECG,8786,104,0,0,0,0,0
43385,ECG,8787,147,0,0,0,0,0
43385,ECG,8788,208,0,0,0,0,0
43390,ECG,8789,206,0,0,0,0,0
43390,ECG,8790,118,0,0,0,0,0
43395,ECG,8791,0,0,0,0,0,0
43395,ECG,8792,-121,0,0,0,0,0
43395,ECG,8793,-227,0,0,0,0,0
43400,ECG,8794,-278,0,0,0,0,0
43400,ECG,8795,-252,0,0,0,0,0
43405,ECG,8796,-190,0,0,0,0,0
43405,ECG,8797,-40,0,0,0,0,0
43405,ECG,8798,156,0,0,0,0,0
43410,ECG,8799,203,0,0,0,0,0
43410,ECG,8800,170,0,0,0,0,0
43415,ECG,8801,-1,0,0,0,0,0
43415,ECG,8802,-216,0,0,0,0,0
43415,ECG,8803,-350,0,0,0,0,0
43420,ECG,8804,-415,0,0,0,0,0
43420,ECG,8805,-392,0,0,0,0,0
43425,ECG,8806,-300,0,0,0,0,0
43425,ECG,8807,-122,0,0,0,0,0
43425,ECG,8808,87,0,0,0,0,0
43430,ECG,8809,191,0,0,0,0,0
43430,ECG,8810,203,0,0,0,0,0
43435,ECG,8811,-77,0,0,0,0,0
43435,ECG,8812,-154,0,0,0,0,0
43440,ECG,8813,-191,0,0,0,0,0
43440,ECG,8814,-166,0,0,0,0,0
43445,ECG,8815,-2,0,0,0,0,0
43445,ECG,8816,201,0,0,0,0,0
43450,ECG,8817,199,0,0,0,0,0
43450,ECG,8818,155,0,0,0,0,0
43450,ECG,8819,-80,0,0,0,0,0
43455,ECG,8820,-354,0,0,0,0,0
43455,ECG,8821,-559,0,0,0,0,0
43460,ECG,8822,-678,0,0,0,0,0
43460,ECG,8823,-668,0,0,0,0,0
43460,ECG,8824,-531,0,0,0,0,0
43465,ECG,8825,-311,0,0,0,0,0
43465,ECG,8826,-49,0,0,0,0,0
43470,ECG,8827,178,0,0,0,0,0
43470,ECG,8828,209,0,0,0,0,0
43470,ECG,8829,207,0,0,0,0,0
43475,ECG,8830,7,0,0,0,0,0
43475,ECG,8831,-75,0,0,0,0,0
43480,ECG,8832,-138,0,0,0,0,0
43480,ECG,8833,-102,0,0,0,0,0
43485,ECG,8834,-40,0,0,0,0,0
43485,ECG,8835,112,0,0,0,0,0
43490,ECG,8836,181,0,0,0,0,0
43490,ECG,8837,107,0,0,0,0,0
43495,ECG,8838,-55,0,0,0,0,0
43495,ECG,8839,-183,0,0,0,0,0
43500,ECG,8840,-255,0,0,0,0,0
43500,ECG,8841,-205,0,0,0,0,0
43505,ECG,8842,-96,0,0,0,0,0
43505,ECG,8843,41,0,0,0,0,0
43505,ECG,8844,139,0,0,0,0,0
43510,ECG,8845,198,0,0,0,0,0
43510,ECG,8846,183,0,0,0,0,0
43515,ECG,8847,54,0,0,0,0,0
43515,ECG,8848,-3,0,0,0,0,0
43515,ECG,8849,-28,0,0,0,0,0
43520,ECG,8850,-40,0,0,0,0,0
43520,ECG,8851,-10,0,0,0,0,0
43525,ECG,8852,16,0,0,0,0,0
43525,ECG,8853,125,0,0,0,0,0
43525,ECG,8854,189,0,0,0,0,0
43530,ECG,8855,188,0,0,0,0,0
43530,ECG,8856,59,0,0,0,0,0
43535,ECG,8857,-296,0,0,0,0,0
43535,ECG,8858,-425,0,0,0,0,0
43540,ECG,8859,-470,0,0,0,0,0
43540,ECG,8860,-422,0,0,0,0,0
43545,ECG,8861,-101,0,0,0,0,0
43545,ECG,8862,93,0,0,0,0,0
43550,ECG,8863,192,0,0,0,0,0
43550,ECG,8864,191,0,0,0,0,0
43550,ECG,8865,47,0,0,0,0,0
43555,ECG,8866,-107,0,0,0,0,0
43555,ECG,8867,-179,0,0,0,0,0
43560,ECG,8868,-223,0,0,0,0,0
43560,ECG,8869,-205,0,0,0,0,0
43560,ECG,8870,-136,0,0,0,0,0
43565,ECG,8871,-33,0,0,0,0,0
43565,ECG,8872,75,0,0,0,0,0
43570,ECG,8873,164,0,0,0,0,0
43570,ECG,8874,187,0,0,0,0,0
43570,ECG,8875,140,0,0,0,0,0
43575,ECG,8876,70,0,0,0,0,0
43575,ECG,8877,47,0,0,0,0,0
43580,ECG,8878,34,0,0,0,0,0
43580,ECG,8879,49,0,0,0,0,0
43585,ECG,8880,71,0,0,0,0,0
43585,ECG,8881,155,0,0,0,0,0
43590,ECG,8882,136,0,0,0,0,0
43590,ECG,8883,48,0,0,0,0,0
43595,ECG,8884,-57,0,0,0,0,0
43595,ECG,8885,-150,0,0,0,0,0
43600,ECG,8886,-209,0,0,0,0,0
43600,ECG,8887,-165,0,0,0,0,0
43605,ECG,8888,-84,0,0,0,0,0
43605,ECG,8889,56,0,0,0,0,0
43605,ECG,8890,157,0,0,0,0,0
43610,ECG,8891,172,0,0,0,0,0
43610,ECG,8892,111,0,0,0,0,0
43615,ECG,8893,-29,0,0,0,0,0
43615,ECG,8894,-120,0,0,0,0,0
43615,ECG,8895,-175,0,0,0,0,0
43620,ECG,8896,-182,0,0,0,0,0
43620,ECG,8897,-146,0,0,0,0,0
43625,ECG,8898,-91,0,0,0,0,0
43625,ECG,8899,107,0,0,0,0,0
43625,ECG,8900,169,0,0,0,0,0
43630,ECG,8901,153,0,0,0,0,0
43630,ECG,8902,-9,0,0,0,0,0
43635,ECG,8903,-478,0,0,0,0,0
43635,ECG,8904,-605,0,0,0,0,0
43640,ECG,8905,-631,0,0,0,0,0
43640,ECG,8906,-540,0,0,0,0,0
43640,ECG,8907,-360,0,0,0,0,0
43645,ECG,8908,-107,0,0,0,0,0
43645,ECG,8909,100,0,0,0,0,0
43650,ECG,8910,178,0,0,0,0,0
43650,ECG,8911,176,0,0,0,0,0
43655,ECG,8912,-123,0,0,0,0,0
43655,ECG,8913,-161,0,0,0,0,0
43660,ECG,8914,-193,0,0,0,0,0
43660,ECG,8915,-152,0,0,0,0,0
43660,ECG,8916,-89,0,0,0,0,0
43665,ECG,8917,26,0,0,0,0,0
43665,ECG,8918,173,0,0,0,0,0
43670,ECG,8919,173,0,0,0,0,0
43670,ECG,8920,124,0,0,0,0,0
43670,ECG,8921,-51,0,0,0,0,0
43675,ECG,8922,-206,0,0,0,0,0
43675,ECG,8923,-312,0,0,0,0,0
43680,ECG,8924,-340,0,0,0,0,0
43680,ECG,8925,-256,0,0,0,0,0
43685,ECG,8926,-105,0,0,0,0,0
43685,ECG,8927,77,0,0,0,0,0
43685,ECG,8928,175,0,0,0,0,0
43690,ECG,8929,173,0,0,0,0,0
43690,ECG,8930,67,0,0,0,0,0
43695,ECG,8931,-86,0,0,0,0,0
43695,ECG,8932,-160,0,0,0,0,0
43695,ECG,8933,-194,0,0,0,0,0
43700,ECG,8934,-183,0,0,0,0,0
43700,ECG,8935,-138,0,0,0,0,0
43705,ECG,8936,-7,0,0,0,0,0
43705,ECG,8937,170,0,0,0,0,0
43705,ECG,8938,170,0,0,0,0,0
43710,ECG,8939,111,0,0,0,0,0
43710,ECG,8940,-106,0,0,0,0,0
43715,ECG,8941,-360,0,0,0,0,0
43715,ECG,8942,-540,0,0,0,0,0
43715,ECG,8943,-634,0,0,0,0,0
43720,ECG,8944,-609,0,0,0,0,0
43720,ECG,8945,-499,0,0,0,0,0
43725,ECG,8946,-246,0,0,0,0,0
43725,ECG,8947,78,0,0,0,0,0
43725,ECG,8948,180,0,0,0,0,0
43730,ECG,8949,141,0,0,0,0,0
43730,ECG,8950,-91,0,0,0,0,0
43735,ECG,8951,-630,0,0,0,0,0
43735,ECG,8952,-721,0,0,0,0,0
43740,ECG,8953,-676,0,0,0,0,0
43740,ECG,8954,-538,0,0,0,0,0
43740,ECG,8955,-274,0,0,0,0,0
43745,ECG,8956,84,0,0,0,0,0
43745,ECG,8957,192,0,0,0,0,0
43750,ECG,8958,190,0,0,0,0,0
43750,ECG,8959,-46,0,0,0,0,0
43750,ECG,8960,-383,0,0,0,0,0
43755,ECG,8961,-590,0,0,0,0,0
43755,ECG,8962,-697,0,0,0,0,0
43760,ECG,8963,-676,0,0,0,0,0
43760,ECG,8964,-526,0,0,0,0,0
43760,ECG,8965,-311,0,0,0,0,0
43765,ECG,8966,7,0,0,0,0,0
43765,ECG,8967,204,0,0,0,0,0
43770,ECG,8968,202,0,0,0,0,0
43770,ECG,8969,89,0,0,0,0,0
43770,ECG,8970,-220,0,0,0,0,0
43775,ECG,8971,-417,0,0,0,0,0
43775,ECG,8972,-548,0,0,0,0,0
43780,ECG,8973,-586,0,0,0,0,0
43780,ECG,8974,-489,0,0,0,0,0
43780,ECG,8975,-326,0,0,0,0,0
43785,ECG,8976,-85,0,0,0,0,0
43785,ECG,8977,160,0,0,0,0,0
43790,ECG,8978,207,0,0,0,0,0
43790,ECG,8979,-2,0,0,0,0,0
43795,ECG,8980,-164,0,0,0,0,0
43795,ECG,8981,-246,0,0,0,0,0
43800,ECG,8982,-259,0,0,0,0,0
43800,ECG,8983,-180,0,0,0,0,0
43805,ECG,8984,-12,0,0,0,0,0
43805,ECG,8985,152,0,0,0,0,0
43805,ECG,8986,206,0,0,0,0,0
43810,ECG,8987,190,0,0,0,0,0
43810,ECG,8988,31,0,0,0,0,0
43815,ECG,8989,-135,0,0,0,0,0
43815,ECG,8990,-204,0,0,0,0,0
43815,ECG,8991,-238,0,0,0,0,0
43820,ECG,8992,-207,0,0,0,0,0
43820,ECG,8993,-141,0,0,0,0,0
43825,ECG,8994,20,0,0,0,0,0
43825,ECG,8995,199,0,0,0,0,0
43825,ECG,8996,203,0,0,0,0,0
43830,ECG,8997,142,0,0,0,0,0
43830,ECG,8998,-47,0,0,0,0,0
43835,ECG,8999,-368,0,0,0,0,0
43835,ECG,9000,-420,0,0,0,0,0
43840,ECG,9001,-381,0,0,0,0,0
43840,ECG,9002,-273,0,0,0,0,0
43840,ECG,9003,-79,0,0,0,0,0
43845,ECG,9004,118,0,0,0,0,0
43845,ECG,9005,205,0,0,0,0,0
43850,ECG,9006,203,0,0,0,0,0
43850,ECG,9007,41,0,0,0,0,0
43855,ECG,9008,-210,0,0,0,0,0
43855,ECG,9009,-258,0,0,0,0,0
43860,ECG,9010,-223,0,0,0,0,0
43860,ECG,9011,-157,0,0,0,0,0
43860,ECG,9012,-27,0,0,0,0,0
43865,ECG,9013,191,0,0,0,0,0
43865,ECG,9014,201,0,0,0,0,0
43870,ECG,9015,170,0,0,0,0,0
43870,ECG,9016,-35,0,0,0,0,0
43870,ECG,9017,-272,0,0,0,0,0
43875,ECG,9018,-438,0,0,0,0,0
43875,ECG,9019,-537,0,0,0,0,0
43880,ECG,9020,-519,0,0,0,0,0
43880,ECG,9021,-410,0,0,0,0,0
43880,ECG,9022,-229,0,0,0,0,0
43885,ECG,9023,50,0,0,0,0,0
43885,ECG,9024,207,0,0,0,0,0
43890,ECG,9025,74,0,0,0,0,0
43890,ECG,9026,-197,0,0,0,0,0
43895,ECG,9027,-375,0,0,0,0,0
43895,ECG,9028,-483,0,0,0,0,0
43895,ECG,9029,-502,0,0,0,0,0
43900,ECG,9030,-411,0,0,0,0,0
43900,ECG,9031,-250,0,0,0,0,0
43905,ECG,9032,-27,0,0,0,0,0
43905,ECG,9033,162,0,0,0,0,0
43905,ECG,9034,210,0,0,0,0,0
43910,ECG,9035,208,0,0,0,0,0
43910,ECG,9036,9,0,0,0,0,0
43915,ECG,9037,-107,0,0,0,0,0
43915,ECG,9038,-162,0,0,0,0,0
43915,ECG,9039,-193,0,0,0,0,0
43920,ECG,9040,-151,0,0,0,0,0
43920,ECG,9041,-88,0,0,0,0,0
43925,ECG,9042,50,0,0,0,0,0
43925,ECG,9043,193,0,0,0,0,0
43925,ECG,9044,204,0,0,0,0,0
43930,ECG,9045,146,0,0,0,0,0
43930,ECG,9046,-6,0,0,0,0,0
43935,ECG,9047,-154,0,0,0,0,0
43935,ECG,9048,-235,0,0,0,0,0
43935,ECG,9049,-270,0,0,0,0,0
43940,ECG,9050,-234,0,0,0,0,0
43940,ECG,9051,-151,0,0,0,0,0
43945,ECG,9052,134,0,0,0,0,0
43945,ECG,9053,201,0,0,0,0,0
43950,ECG,9054,197,0,0,0,0,0
43950,ECG,9055,73,0,0,0,0,0
43955,ECG,9056,-91,0,0,0,0,0
43955,ECG,9057,-121,0,0,0,0,0
43960,ECG,9058,-104,0,0,0,0,0
43960,ECG,9059,-44,0,0,0,0,0
43960,ECG,9060,26,0,0,0,0,0
43965,ECG,9061,113,0,0,0,0,0
43965,ECG,9062,194,0,0,0,0,0
43970,ECG,9063,192,0,0,0,0,0
43970,ECG,9064,121,0,0,0,0,0
43970,ECG,9065,47,0,0,0,0,0
43975,ECG,9066,6,0,0,0,0,0
43975,ECG,9067,-36,0,0,0,0,0
43980,ECG,9068,-33,0,0,0,0,0
43980,ECG,9069,-27,0,0,0,0,0
43980,ECG,9070,26,0,0,0,0,0
43985,ECG,9071,168,0,0,0,0,0
43985,ECG,9072,182,0,0,0,0,0
43990,ECG,9073,17,0,0,0,0,0
43990,ECG,9074,-145,0,0,0,0,0
43995,ECG,9075,-273,0,0,0,0,0
43995,ECG,9076,-326,0,0,0,0,0
44000,ECG,9077,-238,0,0,0,0,0
44000,ECG,9078,-109,0,0,0,0,0
44005,ECG,9079,99,0,0,0,0,0
44005,ECG,9080,183,0,0,0,0,0
44005,ECG,9081,181,0,0,0,0,0
44010,ECG,9082,39,0,0,0,0,0
44010,ECG,9083,-177,0,0,0,0,0
44015,ECG,9084,-313,0,0,0,0,0
44015,ECG,9085,-396,0,0,0,0,0
44015,ECG,9086,-403,0,0,0,0,0
44020,ECG,9087,-320,0,0,0,0,0
44020,ECG,9088,-186,0,0,0,0,0
44025,ECG,9089,0,0,0,0,0,0
44025,ECG,9090,158,0,0,0,0,0
44025,ECG,9091,183,0,0,0,0,0
44030,ECG,9092,159,0,0,0,0,0
44030,ECG,9093,-11,0,0,0,0,0
44035,ECG,9094,-100,0,0,0,0,0
44035,ECG,9095,-152,0,0,0,0,0
44035,ECG,9096,-171,0,0,0,0,0
44040,ECG,9097,-130,0,0,0,0,0
44040,ECG,9098,-82,0,0,0,0,0
44040,ECG,9099,72,0,0,0,0,0
44045,ECG,9100,180,0,0,0,0,0
44045,ECG,9101,178,0,0,0,0,0
44050,ECG,9102,66,0,0,0,0,0
44050,ECG,9103,-139,0,0,0,0,0
44055,ECG,9104,-460,0,0,0,0,0
44055,ECG,9105,-507,0,0,0,0,0
44060,ECG,9106,-449,0,0,0,0,0
44060,ECG,9107,-313,0,0,0,0,0
44060,ECG,9108,-115,0,0,0,0,0
44065,ECG,9109,84,0,0,0,0,0
44065,ECG,9110,184,0,0,0,0,0
44070,ECG,9111,182,0,0,0,0,0
44070,ECG,9112,55,0,0,0,0,0
44070,ECG,9113,-86,0,0,0,0,0
44075,ECG,9114,-139,0,0,0,0,0
44075,ECG,9115,-183,0,0,0,0,0
44080,ECG,9116,-166,0,0,0,0,0
44080,ECG,9117,-110,0,0,0,0,0
44080,ECG,9118,-14,0,0,0,0,0
44085,ECG,9119,95,0,0,0,0,0
44085,ECG,9120,154,0,0,0,0,0
44090,ECG,9121,108,0,0,0,0,0
44090,ECG,9122,16,0,0,0,0,0
44095,ECG,9123,-16,0,0,0,0,0
44095,ECG,9124,-30,0,0,0,0,0
44095,ECG,9125,-27,0,0,0,0,0
44100,ECG,9126,-4,0,0,0,0,0
44100,ECG,9127,78,0,0,0,0,0
44105,ECG,9128,148,0,0,0,0,0
44105,ECG,9129,133,0,0,0,0,0
44110,ECG,9130,9,0,0,0,0,0
44110,ECG,9131,-98,0,0,0,0,0
44115,ECG,9132,-148,0,0,0,0,0
44115,ECG,9133,-168,0,0,0,0,0
44115,ECG,9134,-138,0,0,0,0,0
44120,ECG,9135,-77,0,0,0,0,0
44120,ECG,9136,5,0,0,0,0,0
44125,ECG,9137,138,0,0,0,0,0
44125,ECG,9138,164,0,0,0,0,0
44125,ECG,9139,141,0,0,0,0,0
44130,ECG,9140,10,0,0,0,0,0
44130,ECG,9141,-110,0,0,0,0,0
44135,ECG,9142,-201,0,0,0,0,0
44135,ECG,9143,-261,0,0,0,0,0
44135,ECG,9144,-247,0,0,0,0,0
44140,ECG,9145,-190,0,0,0,0,0
44140,ECG,9146,-97,0,0,0,0,0
44145,ECG,9147,162,0,0,0,0,0
44145,ECG,9148,161,0,0,0,0,0
44150,ECG,9149,20,0,0,0,0,0
44150,ECG,9150,-184,0,0,0,0,0
44150,ECG,9151,-337,0,0,0,0,0
44155,ECG,9152,-430,0,0,0,0,0
44155,ECG,9153,-444,0,0,0,0,0
44160,ECG,9154,-370,0,0,0,0,0
44160,ECG,9155,-233,0,0,0,0,0
44160,ECG,9156,-44,0,0,0,0,0
44165,ECG,9157,110,0,0,0,0,0
44165,ECG,9158,165,0,0,0,0,0
44170,ECG,9159,164,0,0,0,0,0
44170,ECG,9160,5,0,0,0,0,0
44170,ECG,9161,-84,0,0,0,0,0
44175,ECG,9162,-114,0,0,0,0,0
44175,ECG,9163,-138,0,0,0,0,0
44180,ECG,9164,-104,0,0,0,0,0
44180,ECG,9165,-50,0,0,0,0,0
44180,ECG,9166,26,0,0,0,0,0
44185,ECG,9167,136,0,0,0,0,0
44185,ECG,9168,159,0,0,0,0,0
44190,ECG,9169,130,0,0,0,0,0
44190,ECG,9170,10,0,0,0,0,0
44190,ECG,9171,-82,0,0,0,0,0
44195,ECG,9172,-157,0,0,0,0,0
44195,ECG,9173,-199,0,0,0,0,0
44200,ECG,9174,-154,0,0,0,0,0
44200,ECG,9175,-3,0,0,0,0,0
44205,ECG,9176,156,0,0,0,0,0
44205,ECG,9177,140,0,0,0,0,0
44210,ECG,9178,-138,0,0,0,0,0
44210,ECG,9179,-384,0,0,0,0,0
44215,ECG,9180,-526,0,0,0,0,0
44215,ECG,9181,-569,0,0,0,0,0
44215,ECG,9182,-523,0,0,0,0,0
44220,ECG,9183,-373,0,0,0,0,0
44220,ECG,9184,-169,0,0,0,0,0
44225,ECG,9185,3,0,0,0,0,0
44225,ECG,9186,164,0,0,0,0,0
44225,ECG,9187,163,0,0,0,0,0
44230,ECG,9188,130,0,0,0,0,0
44230,ECG,9189,38,0,0,0,0,0
44235,ECG,9190,41,0,0,0,0,0
44235,ECG,9191,22,0,0,0,0,0
44235,ECG,9192,35,0,0,0,0,0
44240,ECG,9193,37,0,0,0,0,0
44240,ECG,9194,84,0,0,0,0,0
44245,ECG,9195,154,0,0,0,0,0
44245,ECG,9196,153,0,0,0,0,0
44245,ECG,9197,51,0,0,0,0,0
44250,ECG,9198,-67,0,0,0,0,0
44250,ECG,9199,-215,0,0,0,0,0
44255,ECG,9200,-380,0,0,0,0,0
44255,ECG,9201,-348,0,0,0,0,0
44260,ECG,9202,-267,0,0,0,0,0
44260,ECG,9203,-114,0,0,0,0,0
44265,ECG,9204,155,0,0,0,0,0
44265,ECG,9205,154,0,0,0,0,0
44270,ECG,9206,15,0,0,0,0,0
44270,ECG,9207,-168,0,0,0,0,0
44270,ECG,9208,-257,0,0,0,0,0
44275,ECG,9209,-314,0,0,0,0,0
44275,ECG,9210,-300,0,0,0,0,0
44280,ECG,9211,-231,0,0,0,0,0
44280,ECG,9212,-109,0,0,0,0,0
44280,ECG,9213,65,0,0,0,0,0
44285,ECG,9214,155,0,0,0,0,0
44285,ECG,9215,154,0,0,0,0,0
37736,PPG,200,161437,80746,0,0,0,0
37813,PPG,201,161429,80748,0,0,0,0
37895,PPG,202,161441,80752,0,0,0,0
37974,PPG,203,161434,80749,0,0,0,0
38053,PPG,204,161439,80752,0,0,0,0
38137,PPG,205,161439,80749,0,0,0,0
38215,PPG,206,161434,80750,0,0,0,0
38289,PPG,207,161444,80749,0,0,0,0
38368,PPG,208,161450,80764,0,0,0,0
38447,PPG,209,161430,80753,0,0,0,0
38527,PPG,210,161438,80751,0,0,0,0
38606,PPG,211,161447,80752,0,0,0,0
38689,PPG,212,161442,80759,0,0,0,0
38766,PPG,213,161424,80732,0,0,0,0
38843,PPG,214,161437,80747,0,0,0,0
38922,PPG,215,161431,80759,0,0,0,0
39002,PPG,216,161442,80748,0,0,0,0
39081,PPG,217,161435,80745,0,0,0,0
39160,PPG,218,161434,80752,0,0,0,0
39242,PPG,219,161434,80746,0,0,0,0
39319,PPG,220,161430,80747,0,0,0,0
39397,PPG,221,161442,80747,0,0,0,0
39477,PPG,222,161432,80754,0,0,0,0
39556,PPG,223,161439,80750,0,0,0,0
39635,PPG,224,161430,80740,0,0,0,0
39720,PPG,225,161429,80754,0,0,0,0
39800,PPG,226,161437,80752,0,0,0,0
39872,PPG,227,161434,80739,0,0,0,0
39952,PPG,228,161446,80753,0,0,0,0
40033,PPG,229,161433,80751,0,0,0,0
40113,PPG,230,161440,80745,0,0,0,0
40195,PPG,231,161428,80752,0,0,0,0
40276,PPG,232,161433,80742,0,0,0,0
40351,PPG,233,161446,80753,0,0,0,0
40427,PPG,234,161424,80743,0,0,0,0
40507,PPG,235,161427,80754,0,0,0,0
40586,PPG,236,161432,80749,0,0,0,0
40665,PPG,237,161421,80744,0,0,0,0
40748,PPG,238,161439,80742,0,0,0,0
40827,PPG,239,161428,80744,0,0,0,0
40902,PPG,240,161423,80735,0,0,0,0
40982,PPG,241,161434,80752,0,0,0,0
41061,PPG,242,161434,80755,0,0,0,0
41140,PPG,243,161437,80744,0,0,0,0
41219,PPG,244,161437,80744,0,0,0,0
41302,PPG,245,161443,80750,0,0,0,0
41379,PPG,246,161437,80743,0,0,0,0
41457,PPG,247,161427,80744,0,0,0,0
41536,PPG,248,161431,80748,0,0,0,0
41615,PPG,249,161438,80751,0,0,0,0
41694,PPG,250,161429,80750,0,0,0,0
41777,PPG,251,161437,80744,0,0,0,0
41856,PPG,252,161430,80738,0,0,0,0
41932,PPG,253,161432,80750,0,0,0,0
42011,PPG,254,161436,80752,0,0,0,0
42090,PPG,255,161429,80748,0,0,0,0
42171,PPG,256,161435,80752,0,0,0,0
42254,PPG,257,161449,80748,0,0,0,0
42333,PPG,258,161439,80749,0,0,0,0
42411,PPG,259,161428,80744,0,0,0,0
42490,PPG,260,161427,80747,0,0,0,0
42568,PPG,261,161444,80740,0,0,0,0
42644,PPG,262,161435,80744,0,0,0,0
42723,PPG,263,161448,80749,0,0,0,0
42803,PPG,264,161435,80752,0,0,0,0
42886,PPG,265,161431,80753,0,0,0,0
42962,PPG,266,161431,80748,0,0,0,0
43041,PPG,267,161448,80749,0,0,0,0
43119,PPG,268,161454,80748,0,0,0,0
43199,PPG,269,161440,80759,0,0,0,0
43278,PPG,270,161432,80745,0,0,0,0
43362,PPG,271,161439,80749,0,0,0,0
43439,PPG,272,161428,80750,0,0,0,0
43516,PPG,273,161427,80751,0,0,0,0
43595,PPG,274,161432,80742,0,0,0,0
43677,PPG,275,161424,80758,0,0,0,0
43756,PPG,276,161449,80755,0,0,0,0
43832,PPG,277,161433,80749,0,0,0,0
43916,PPG,278,161439,80758,0,0,0,0
43992,PPG,279,161439,80748,0,0,0,0
44071,PPG,280,161438,80744,0,0,0,0
44149,PPG,281,161443,80754,0,0,0,0
44229,PPG,282,161446,80758,0,0,0,0
44309,PPG,283,161448,80753,0,0,0,0
44392,PPG,284,161442,80748,0,0,0,0
44471,PPG,285,161445,80753,0,0,0,0
44547,PPG,286,161435,80752,0,0,0,0
44628,PPG,287,161428,80758,0,0,0,0
44707,PPG,288,161443,80752,0,0,0,0
44783,PPG,289,161435,80757,0,0,0,0
44862,PPG,290,161429,80758,0,0,0,0
44946,PPG,291,161434,80762,0,0,0,0
45022,PPG,292,161440,80752,0,0,0,0
45100,PPG,293,161438,80744,0,0,0,0
45179,PPG,294,161434,80753,0,0,0,0
45258,PPG,295,161442,80750,0,0,0,0
45337,PPG,296,161441,80751,0,0,0,0
45422,PPG,297,161428,80753,0,0,0,0
45499,PPG,298,161440,80759,0,0,0,0
45576,PPG,299,161442,80756,0,0,0,0
44290,ECG,9216,44,0,0,0,0,0
44290,ECG,9217,-128,0,0,0,0,0
44290,ECG,9218,-218,0,0,0,0,0
44295,ECG,9219,-270,0,0,0,0,0
44295,ECG,9220,-268,0,0,0,0,0
44300,ECG,9221,-107,0,0,0,0,0
44300,ECG,9222,44,0,0,0,0,0
44305,ECG,9223,154,0,0,0,0,0
44305,ECG,9224,153,0,0,0,0,0
44310,ECG,9225,-81,0,0,0,0,0
44310,ECG,9226,-176,0,0,0,0,0
44315,ECG,9227,-232,0,0,0,0,0
44315,ECG,9228,-252,0,0,0,0,0
44315,ECG,9229,-202,0,0,0,0,0
44320,ECG,9230,-116,0,0,0,0,0
44320,ECG,9231,-20,0,0,0,0,0
44325,ECG,9232,103,0,0,0,0,0
44325,ECG,9233,151,0,0,0,0,0
44325,ECG,9234,150,0,0,0,0,0
44330,ECG,9235,37,0,0,0,0,0
44330,ECG,9236,-34,0,0,0,0,0
44335,ECG,9237,-89,0,0,0,0,0
44335,ECG,9238,-128,0,0,0,0,0
44335,ECG,9239,-114,0,0,0,0,0
44340,ECG,9240,-99,0,0,0,0,0
44340,ECG,9241,-5,0,0,0,0,0
44345,ECG,9242,143,0,0,0,0,0
44345,ECG,9243,65,0,0,0,0,0
44350,ECG,9244,-62,0,0,0,0,0
44350,ECG,9245,-253,0,0,0,0,0
44350,ECG,9246,-378,0,0,0,0,0
44355,ECG,9247,-425,0,0,0,0,0
44355,ECG,9248,-403,0,0,0,0,0
44360,ECG,9249,-310,0,0,0,0,0
44360,ECG,9250,-133,0,0,0,0,0
44365,ECG,9251,122,0,0,0,0,0
44365,ECG,9252,149,0,0,0,0,0
44370,ECG,9253,58,0,0,0,0,0
44370,ECG,9254,-83,0,0,0,0,0
44370,ECG,9255,-122,0,0,0,0,0
44375,ECG,9256,-139,0,0,0,0,0
44375,ECG,9257,-124,0,0,0,0,0
44380,ECG,9258,-74,0,0,0,0,0
44380,ECG,9259,12,0,0,0,0,0
44380,ECG,9260,89,0,0,0,0,0
44385,ECG,9261,124,0,0,0,0,0
44385,ECG,9262,124,0,0,0,0,0
44390,ECG,9263,46,0,0,0,0,0
44390,ECG,9264,-23,0,0,0,0,0
44390,ECG,9265,-46,0,0,0,0,0
44395,ECG,9266,-62,0,0,0,0,0
44395,ECG,9267,-43,0,0,0,0,0
44400,ECG,9268,45,0,0,0,0,0
44400,ECG,9269,138,0,0,0,0,0
44405,ECG,9270,137,0,0,0,0,0
44405,ECG,9271,62,0,0,0,0,0
44405,ECG,9272,-55,0,0,0,0,0
44410,ECG,9273,-182,0,0,0,0,0
44410,ECG,9274,-271,0,0,0,0,0
44415,ECG,9275,-315,0,0,0,0,0
44415,ECG,9276,-288,0,0,0,0,0
44415,ECG,9277,-217,0,0,0,0,0
44420,ECG,9278,-97,0,0,0,0,0
44420,ECG,9279,60,0,0,0,0,0
44425,ECG,9280,138,0,0,0,0,0
44425,ECG,9281,136,0,0,0,0,0
44425,ECG,9282,28,0,0,0,0,0
44430,ECG,9283,-111,0,0,0,0,0
44430,ECG,9284,-181,0,0,0,0,0
44435,ECG,9285,-226,0,0,0,0,0
44435,ECG,9286,-217,0,0,0,0,0
44435,ECG,9287,-169,0,0,0,0,0
44440,ECG,9288,-78,0,0,0,0,0
44440,ECG,9289,64,0,0,0,0,0
44445,ECG,9290,131,0,0,0,0,0
44445,ECG,9291,23,0,0,0,0,0
44450,ECG,9292,-137,0,0,0,0,0
44450,ECG,9293,-230,0,0,0,0,0
44450,ECG,9294,-288,0,0,0,0,0
44455,ECG,9295,-297,0,0,0,0,0
44455,ECG,9296,-233,0,0,0,0,0
44460,ECG,9297,-146,0,0,0,0,0
44460,ECG,9298,-16,0,0,0,0,0
44465,ECG,9299,134,0,0,0,0,0
44465,ECG,9300,86,0,0,0,0,0
44470,ECG,9301,-43,0,0,0,0,0
44470,ECG,9302,-140,0,0,0,0,0
44470,ECG,9303,-206,0,0,0,0,0
44475,ECG,9304,-232,0,0,0,0,0
44475,ECG,9305,-204,0,0,0,0,0
44480,ECG,9306,-142,0,0,0,0,0
44480,ECG,9307,-36,0,0,0,0,0
44480,ECG,9308,55,0,0,0,0,0
44485,ECG,9309,115,0,0,0,0,0
44485,ECG,9310,131,0,0,0,0,0
44490,ECG,9311,53,0,0,0,0,0
44490,ECG,9312,-17,0,0,0,0,0
44490,ECG,9313,-31,0,0,0,0,0
44495,ECG,9314,-47,0,0,0,0,0
44495,ECG,9315,-35,0,0,0,0,0
44500,ECG,9316,33,0,0,0,0,0
44500,ECG,9317,92,0,0,0,0,0
44505,ECG,9318,104,0,0,0,0,0
44505,ECG,9319,81,0,0,0,0,0
44510,ECG,9320,-36,0,0,0,0,0
44510,ECG,9321,-69,0,0,0,0,0
44515,ECG,9322,-89,0,0,0,0,0
44515,ECG,9323,-74,0,0,0,0,0
44515,ECG,9324,-50,0,0,0,0,0
44520,ECG,9325,1,0,0,0,0,0
44520,ECG,9326,99,0,0,0,0,0
44525,ECG,9327,118,0,0,0,0,0
44525,ECG,9328,72,0,0,0,0,0
44525,ECG,9329,-14,0,0,0,0,0
44530,ECG,9330,-117,0,0,0,0,0
44530,ECG,9331,-188,0,0,0,0,0
44535,ECG,9332,-226,0,0,0,0,0
44535,ECG,9333,-213,0,0,0,0,0
44535,ECG,9334,-171,0,0,0,0,0
44540,ECG,9335,-75,0,0,0,0,0
44540,ECG,9336,49,0,0,0,0,0
44545,ECG,9337,95,0,0,0,0,0
44545,ECG,9338,99,0,0,0,0,0
44545,ECG,9339,20,0,0,0,0,0
44550,ECG,9340,-104,0,0,0,0,0
44550,ECG,9341,-160,0,0,0,0,0
44555,ECG,9342,-175,0,0,0,0,0
44555,ECG,9343,-141,0,0,0,0,0
44560,ECG,9344,-36,0,0,0,0,0
44560,ECG,9345,87,0,0,0,0,0
44565,ECG,9346,56,0,0,0,0,0
44565,ECG,9347,-50,0,0,0,0,0
44570,ECG,9348,-197,0,0,0,0,0
44570,ECG,9349,-267,0,0,0,0,0
44570,ECG,9350,-297,0,0,0,0,0
44575,ECG,9351,-274,0,0,0,0,0
44575,ECG,9352,-194,0,0,0,0,0
44580,ECG,9353,-93,0,0,0,0,0
44580,ECG,9354,21,0,0,0,0,0
44580,ECG,9355,114,0,0,0,0,0
44585,ECG,9356,112,0,0,0,0,0
44585,ECG,9357,44,0,0,0,0,0
44590,ECG,9358,-40,0,0,0,0,0
44590,ECG,9359,-74,0,0,0,0,0
44590,ECG,9360,-108,0,0,0,0,0
44595,ECG,9361,-108,0,0,0,0,0
44595,ECG,9362,-84,0,0,0,0,0
44600,ECG,9363,43,0,0,0,0,0
44600,ECG,9364,95,0,0,0,0,0
44605,ECG,9365,91,0,0,0,0,0
44605,ECG,9366,28,0,0,0,0,0
44610,ECG,9367,-147,0,0,0,0,0
44610,ECG,9368,-194,0,0,0,0,0
44615,ECG,9369,-206,0,0,0,0,0
44615,ECG,9370,-170,0,0,0,0,0
44615,ECG,9371,-120,0,0,0,0,0
44620,ECG,9372,-9,0,0,0,0,0
44620,ECG,9373,104,0,0,0,0,0
44625,ECG,9374,105,0,0,0,0,0
44625,ECG,9375,33,0,0,0,0,0
44625,ECG,9376,-86,0,0,0,0,0
44630,ECG,9377,-198,0,0,0,0,0
44630,ECG,9378,-268,0,0,0,0,0
44635,ECG,9379,-293,0,0,0,0,0
44635,ECG,9380,-256,0,0,0,0,0
44635,ECG,9381,-188,0,0,0,0,0
44640,ECG,9382,-72,0,0,0,0,0
44640,ECG,9383,69,0,0,0,0,0
44645,ECG,9384,106,0,0,0,0,0
44645,ECG,9385,87,0,0,0,0,0
44645,ECG,9386,-41,0,0,0,0,0
44650,ECG,9387,-162,0,0,0,0,0
44650,ECG,9388,-227,0,0,0,0,0
44650,ECG,9389,-266,0,0,0,0,0
44655,ECG,9390,-246,0,0,0,0,0
44655,ECG,9391,-189,0,0,0,0,0
44660,ECG,9392,-90,0,0,0,0,0
44660,ECG,9393,26,0,0,0,0,0
44665,ECG,9394,105,0,0,0,0,0
44665,ECG,9395,28,0,0,0,0,0
44670,ECG,9396,-73,0,0,0,0,0
44670,ECG,9397,-110,0,0,0,0,0
44670,ECG,9398,-136,0,0,0,0,0
44675,ECG,9399,-129,0,0,0,0,0
44675,ECG,9400,-102,0,0,0,0,0
44680,ECG,9401,-38,0,0,0,0,0
44680,ECG,9402,61,0,0,0,0,0
44680,ECG,9403,90,0,0,0,0,0
44685,ECG,9404,65,0,0,0,0,0
44685,ECG,9405,-12,0,0,0,0,0
44690,ECG,9406,-122,0,0,0,0,0
44690,ECG,9407,-186,0,0,0,0,0
44690,ECG,9408,-218,0,0,0,0,0
44695,ECG,9409,-209,0,0,0,0,0
44695,ECG,9410,-164,0,0,0,0,0
44700,ECG,9411,22,0,0,0,0,0
44700,ECG,9412,80,0,0,0,0,0
44705,ECG,9413,92,0,0,0,0,0
44705,ECG,9414,27,0,0,0,0,0
44710,ECG,9415,-114,0,0,0,0,0
44710,ECG,9416,-139,0,0,0,0,0
44715,ECG,9417,-137,0,0,0,0,0
44715,ECG,9418,-102,0,0,0,0,0
44715,ECG,9419,-55,0,0,0,0,0
44720,ECG,9420,21,0,0,0,0,0
44720,ECG,9421,82,0,0,0,0,0
44725,ECG,9422,87,0,0,0,0,0
44725,ECG,9423,34,0,0,0,0,0
44725,ECG,9424,-40,0,0,0,0,0
44730,ECG,9425,-83,0,0,0,0,0
44730,ECG,9426,-116,0,0,0,0,0
44735,ECG,9427,-117,0,0,0,0,0
44735,ECG,9428,-96,0,0,0,0,0
44735,ECG,9429,-68,0,0,0,0,0
44740,ECG,9430,52,0,0,0,0,0
44740,ECG,9431,93,0,0,0,0,0
44745,ECG,9432,-51,0,0,0,0,0
44745,ECG,9433,-218,0,0,0,0,0
44750,ECG,9434,-377,0,0,0,0,0
44750,ECG,9435,-475,0,0,0,0,0
44750,ECG,9436,-500,0,0,0,0,0
44755,ECG,9437,-438,0,0,0,0,0
44755,ECG,9438,-310,0,0,0,0,0
44760,ECG,9439,-144,0,0,0,0,0
44760,ECG,9440,14,0,0,0,0,0
44760,ECG,9441,100,0,0,0,0,0
44765,ECG,9442,99,0,0,0,0,0
44765,ECG,9443,1,0,0,0,0,0
44770,ECG,9444,-82,0,0,0,0,0
44770,ECG,9445,-107,0,0,0,0,0
44770,ECG,9446,-135,0,0,0,0,0
44775,ECG,9447,-118,0,0,0,0,0
44775,ECG,9448,-84,0,0,0,0,0
44780,ECG,9449,-33,0,0,0,0,0
44780,ECG,9450,59,0,0,0,0,0
44780,ECG,9451,96,0,0,0,0,0
44785,ECG,9452,69,0,0,0,0,0
44785,ECG,9453,-17,0,0,0,0,0
44790,ECG,9454,-109,0,0,0,0,0
44790,ECG,9455,-172,0,0,0,0,0
44790,ECG,9456,-214,0,0,0,0,0
44795,ECG,9457,-202,0,0,0,0,0
44795,ECG,9458,-176,0,0,0,0,0
44800,ECG,9459,61,0,0,0,0,0
44800,ECG,9460,91,0,0,0,0,0
44805,ECG,9461,43,0,0,0,0,0
44805,ECG,9462,-53,0,0,0,0,0
44810,ECG,9463,-322,0,0,0,0,0
44810,ECG,9464,-364,0,0,0,0,0
44815,ECG,9465,-355,0,0,0,0,0
44815,ECG,9466,-278,0,0,0,0,0
44815,ECG,9467,-158,0,0,0,0,0
44820,ECG,9468,-40,0,0,0,0,0
44820,ECG,9469,67,0,0,0,0,0
44825,ECG,9470,97,0,0,0,0,0
44825,ECG,9471,77,0,0,0,0,0
44825,ECG,9472,-18,0,0,0,0,0
44830,ECG,9473,-33,0,0,0,0,0
44830,ECG,9474,-55,0,0,0,0,0
44835,ECG,9475,-59,0,0,0,0,0
44835,ECG,9476,-43,0,0,0,0,0
44835,ECG,9477,-26,0,0,0,0,0
44840,ECG,9478,55,0,0,0,0,0
44840,ECG,9479,92,0,0,0,0,0
44845,ECG,9480,-12,0,0,0,0,0
44845,ECG,9481,-107,0,0,0,0,0
44850,ECG,9482,-191,0,0,0,0,0
44850,ECG,9483,-236,0,0,0,0,0
44850,ECG,9484,-242,0,0,0,0,0
44855,ECG,9485,-201,0,0,0,0,0
44855,ECG,9486,-135,0,0,0,0,0
44860,ECG,9487,-30,0,0,0,0,0
44860,ECG,9488,68,0,0,0,0,0
44860,ECG,9489,91,0,0,0,0,0
44865,ECG,9490,52,0,0,0,0,0
44865,ECG,9491,-56,0,0,0,0,0
44870,ECG,9492,-127,0,0,0,0,0
44870,ECG,9493,-167,0,0,0,0,0
44870,ECG,9494,-187,0,0,0,0,0
44875,ECG,9495,-165,0,0,0,0,0
44875,ECG,9496,-116,0,0,0,0,0
44880,ECG,9497,-39,0,0,0,0,0
44880,ECG,9498,27,0,0,0,0,0
44880,ECG,9499,71,0,0,0,0,0
44885,ECG,9500,76,0,0,0,0,0
44885,ECG,9501,5,0,0,0,0,0
44890,ECG,9502,-47,0,0,0,0,0
44890,ECG,9503,-65,0,0,0,0,0
44890,ECG,9504,-81,0,0,0,0,0
44895,ECG,9505,-69,0,0,0,0,0
44895,ECG,9506,-54,0,0,0,0,0
44900,ECG,9507,66,0,0,0,0,0
44900,ECG,9508,63,0,0,0,0,0
44905,ECG,9509,21,0,0,0,0,0
44905,ECG,9510,-44,0,0,0,0,0
44910,ECG,9511,-173,0,0,0,0,0
44910,ECG,9512,-192,0,0,0,0,0
44915,ECG,9513,-176,0,0,0,0,0
44915,ECG,9514,-133,0,0,0,0,0
44915,ECG,9515,-54,0,0,0,0,0
44920,ECG,9516,21,0,0,0,0,0
44920,ECG,9517,58,0,0,0,0,0
44925,ECG,9518,66,0,0,0,0,0
44925,ECG,9519,1,0,0,0,0,0
44925,ECG,9520,-66,0,0,0,0,0
44930,ECG,9521,-85,0,0,0,0,0
44930,ECG,9522,-102,0,0,0,0,0
44935,ECG,9523,-91,0,0,0,0,0
44935,ECG,9524,-64,0,0,0,0,0
44935,ECG,9525,-27,0,0,0,0,0
44940,ECG,9526,33,0,0,0,0,0
44940,ECG,9527,67,0,0,0,0,0
44945,ECG,9528,-4,0,0,0,0,0
44945,ECG,9529,-59,0,0,0,0,0
44950,ECG,9530,-93,0,0,0,0,0
44950,ECG,9531,-119,0,0,0,0,0
44955,ECG,9532,-95,0,0,0,0,0
44955,ECG,9533,-53,0,0,0,0,0
44960,ECG,9534,44,0,0,0,0,0
44960,ECG,9535,70,0,0,0,0,0
44960,ECG,9536,28,0,0,0,0,0
44965,ECG,9537,-42,0,0,0,0,0
44965,ECG,9538,-151,0,0,0,0,0
44970,ECG,9539,-225,0,0,0,0,0
44970,ECG,9540,-269,0,0,0,0,0
44970,ECG,9541,-256,0,0,0,0,0
44975,ECG,9542,-212,0,0,0,0,0
44975,ECG,9543,-146,0,0,0,0,0
44980,ECG,9544,44,0,0,0,0,0
44980,ECG,9545,75,0,0,0,0,0
44980,ECG,9546,60,0,0,0,0,0
44985,ECG,9547,-111,0,0,0,0,0
44985,ECG,9548,-331,0,0,0,0,0
44990,ECG,9549,-624,0,0,0,0,0
44990,ECG,9550,-631,0,0,0,0,0
44995,ECG,9551,-544,0,0,0,0,0
44995,ECG,9552,-379,0,0,0,0,0
44995,ECG,9553,-116,0,0,0,0,0
45000,ECG,9554,62,0,0,0,0,0
45000,ECG,9555,87,0,0,0,0,0
45005,ECG,9556,49,0,0,0,0,0
45005,ECG,9557,-192,0,0,0,0,0
45010,ECG,9558,-388,0,0,0,0,0
45010,ECG,9559,-411,0,0,0,0,0
45015,ECG,9560,-345,0,0,0,0,0
45015,ECG,9561,-233,0,0,0,0,0
45015,ECG,9562,-89,0,0,0,0,0
45020,ECG,9563,44,0,0,0,0,0
45020,ECG,9564,92,0,0,0,0,0
45025,ECG,9565,91,0,0,0,0,0
45025,ECG,9566,-53,0,0,0,0,0
45025,ECG,9567,-124,0,0,0,0,0
45030,ECG,9568,-161,0,0,0,0,0
45030,ECG,9569,-191,0,0,0,0,0
45035,ECG,9570,-157,0,0,0,0,0
45035,ECG,9571,-132,0,0,0,0,0
45035,ECG,9572,-36,0,0,0,0,0
45040,ECG,9573,90,0,0,0,0,0
45040,ECG,9574,89,0,0,0,0,0
45045,ECG,9575,-154,0,0,0,0,0
45045,ECG,9576,-340,0,0,0,0,0
45050,ECG,9577,-469,0,0,0,0,0
45050,ECG,9578,-525,0,0,0,0,0
45050,ECG,9579,-499,0,0,0,0,0
45055,ECG,9580,-385,0,0,0,0,0
45055,ECG,9581,-215,0,0,0,0,0
45060,ECG,9582,-83,0,0,0,0,0
45060,ECG,9583,58,0,0,0,0,0
45060,ECG,9584,98,0,0,0,0,0
45065,ECG,9585,97,0,0,0,0,0
45065,ECG,9586,32,0,0,0,0,0
45070,ECG,9587,57,0,0,0,0,0
45070,ECG,9588,48,0,0,0,0,0
45070,ECG,9589,49,0,0,0,0,0
45075,ECG,9590,48,0,0,0,0,0
45075,ECG,9591,38,0,0,0,0,0
45080,ECG,9592,90,0,0,0,0,0
45080,ECG,9593,89,0,0,0,0,0
45080,ECG,9594,16,0,0,0,0,0
45085,ECG,9595,-64,0,0,0,0,0
45085,ECG,9596,-155,0,0,0,0,0
45090,ECG,9597,-255,0,0,0,0,0
45090,ECG,9598,-309,0,0,0,0,0
45090,ECG,9599,-305,0,0,0,0,0
45095,ECG,9600,-256,0,0,0,0,0
45095,ECG,9601,-163,0,0,0,0,0
45100,ECG,9602,59,0,0,0,0,0
45100,ECG,9603,90,0,0,0,0,0
45105,ECG,9604,50,0,0,0,0,0
45105,ECG,9605,-71,0,0,0,0,0
45110,ECG,9606,-158,0,0,0,0,0
45110,ECG,9607,-164,0,0,0,0,0
45115,ECG,9608,-137,0,0,0,0,0
45115,ECG,9609,-87,0,0,0,0,0
45115,ECG,9610,24,0,0,0,0,0
45120,ECG,9611,88,0,0,0,0,0
45120,ECG,9612,66,0,0,0,0,0
45125,ECG,9613,-12,0,0,0,0,0
45125,ECG,9614,-146,0,0,0,0,0
45125,ECG,9615,-248,0,0,0,0,0
45130,ECG,9616,-305,0,0,0,0,0
45130,ECG,9617,-315,0,0,0,0,0
45135,ECG,9618,-272,0,0,0,0,0
45135,ECG,9619,-183,0,0,0,0,0
45135,ECG,9620,-51,0,0,0,0,0
45140,ECG,9621,40,0,0,0,0,0
45140,ECG,9622,83,0,0,0,0,0
45145,ECG,9623,-56,0,0,0,0,0
45145,ECG,9624,-122,0,0,0,0,0
45150,ECG,9625,-146,0,0,0,0,0
45150,ECG,9626,-152,0,0,0,0,0
45155,ECG,9627,-75,0,0,0,0,0
45155,ECG,9628,-6,0,0,0,0,0
45160,ECG,9629,53,0,0,0,0,0
45160,ECG,9630,77,0,0,0,0,0
45160,ECG,9631,48,0,0,0,0,0
45165,ECG,9632,-22,0,0,0,0,0
45165,ECG,9633,-61,0,0,0,0,0
45170,ECG,9634,-80,0,0,0,0,0
45170,ECG,9635,-91,0,0,0,0,0
45170,ECG,9636,-77,0,0,0,0,0
45175,ECG,9637,-45,0,0,0,0,0
45175,ECG,9638,-10,0,0,0,0,0
45180,ECG,9639,19,0,0,0,0,0
45180,ECG,9640,56,0,0,0,0,0
45180,ECG,9641,67,0,0,0,0,0
45185,ECG,9642,34,0,0,0,0,0
45185,ECG,9643,22,0,0,0,0,0
45190,ECG,9644,20,0,0,0,0,0
45190,ECG,9645,13,0,0,0,0,0
45190,ECG,9646,13,0,0,0,0,0
45195,ECG,9647,9,0,0,0,0,0
45195,ECG,9648,27,0,0,0,0,0
45195,ECG,9649,48,0,0,0,0,0
45200,ECG,9650,28,0,0,0,0,0
45200,ECG,9651,7,0,0,0,0,0
45205,ECG,9652,-17,0,0,0,0,0
45205,ECG,9653,-53,0,0,0,0,0
45210,ECG,9654,-86,0,0,0,0,0
45210,ECG,9655,-63,0,0,0,0,0
45215,ECG,9656,-56,0,0,0,0,0
45215,ECG,9657,-12,0,0,0,0,0
45215,ECG,9658,70,0,0,0,0,0
45220,ECG,9659,69,0,0,0,0,0
45220,ECG,9660,-19,0,0,0,0,0
45225,ECG,9661,-153,0,0,0,0,0
45225,ECG,9662,-304,0,0,0,0,0
45225,ECG,9663,-435,0,0,0,0,0
45230,ECG,9664,-496,0,0,0,0,0
45230,ECG,9665,-480,0,0,0,0,0
45235,ECG,9666,-388,0,0,0,0,0
45235,ECG,9667,-233,0,0,0,0,0
45235,ECG,9668,-105,0,0,0,0,0
45240,ECG,9669,17,0,0,0,0,0
45240,ECG,9670,78,0,0,0,0,0
45245,ECG,9671,16,0,0,0,0,0
45245,ECG,9672,34,0,0,0,0,0
45250,ECG,9673,31,0,0,0,0,0
45250,ECG,9674,30,0,0,0,0,0
45250,ECG,9675,28,0,0,0,0,0
45255,ECG,9676,21,0,0,0,0,0
45255,ECG,9677,71,0,0,0,0,0
45260,ECG,9678,70,0,0,0,0,0
45260,ECG,9679,-8,0,0,0,0,0
45260,ECG,9680,-85,0,0,0,0,0
45265,ECG,9681,-179,0,0,0,0,0
45265,ECG,9682,-277,0,0,0,0,0
45270,ECG,9683,-328,0,0,0,0,0
45270,ECG,9684,-324,0,0,0,0,0
45270,ECG,9685,-263,0,0,0,0,0
45275,ECG,9686,-181,0,0,0,0,0
45275,ECG,9687,-49,0,0,0,0,0
45280,ECG,9688,74,0,0,0,0,0
45280,ECG,9689,73,0,0,0,0,0
45280,ECG,9690,3,0,0,0,0,0
45285,ECG,9691,-161,0,0,0,0,0
45285,ECG,9692,-276,0,0,0,0,0
45290,ECG,9693,-404,0,0,0,0,0
45290,ECG,9694,-364,0,0,0,0,0
45295,ECG,9695,-286,0,0,0,0,0
45295,ECG,9696,-124,0,0,0,0,0
45295,ECG,9697,22,0,0,0,0,0
45300,ECG,9698,72,0,0,0,0,0
45300,ECG,9699,62,0,0,0,0,0
45305,ECG,9700,-76,0,0,0,0,0
45305,ECG,9701,-210,0,0,0,0,0
45310,ECG,9702,-282,0,0,0,0,0
45310,ECG,9703,-255,0,0,0,0,0
45315,ECG,9704,-194,0,0,0,0,0
45315,ECG,9705,-51,0,0,0,0,0
45315,ECG,9706,62,0,0,0,0,0
45320,ECG,9707,66,0,0,0,0,0
45320,ECG,9708,18,0,0,0,0,0
45325,ECG,9709,-129,0,0,0,0,0
45325,ECG,9710,-267,0,0,0,0,0
45325,ECG,9711,-324,0,0,0,0,0
45330,ECG,9712,-347,0,0,0,0,0
45330,ECG,9713,-310,0,0,0,0,0
45335,ECG,9714,-213,0,0,0,0,0
45335,ECG,9715,-105,0,0,0,0,0
45335,ECG,9716,-22,0,0,0,0,0
45340,ECG,9717,81,0,0,0,0,0
45340,ECG,9718,83,0,0,0,0,0
45345,ECG,9719,27,0,0,0,0,0
45345,ECG,9720,43,0,0,0,0,0
45350,ECG,9721,31,0,0,0,0,0
45350,ECG,9722,36,0,0,0,0,0
45350,ECG,9723,33,0,0,0,0,0
45355,ECG,9724,29,0,0,0,0,0
45355,ECG,9725,67,0,0,0,0,0
45360,ECG,9726,63,0,0,0,0,0
45360,ECG,9727,11,0,0,0,0,0
45360,ECG,9728,-29,0,0,0,0,0
45365,ECG,9729,-77,0,0,0,0,0
45365,ECG,9730,-128,0,0,0,0,0
45370,ECG,9731,-154,0,0,0,0,0
45370,ECG,9732,-145,0,0,0,0,0
45370,ECG,9733,-125,0,0,0,0,0
45375,ECG,9734,-67,0,0,0,0,0
45375,ECG,9735,29,0,0,0,0,0
45380,ECG,9736,56,0,0,0,0,0
45380,ECG,9737,32,0,0,0,0,0
45380,ECG,9738,-34,0,0,0,0,0
45385,ECG,9739,-139,0,0,0,0,0
45385,ECG,9740,-204,0,0,0,0,0
45390,ECG,9741,-233,0,0,0,0,0
45390,ECG,9742,-223,0,0,0,0,0
45390,ECG,9743,-188,0,0,0,0,0
45395,ECG,9744,-97,0,0,0,0,0
45395,ECG,9745,24,0,0,0,0,0
45400,ECG,9746,44,0,0,0,0,0
45400,ECG,9747,-53,0,0,0,0,0
45405,ECG,9748,-194,0,0,0,0,0
45405,ECG,9749,-271,0,0,0,0,0
45410,ECG,9750,-310,0,0,0,0,0
45410,ECG,9751,-244,0,0,0,0,0
45415,ECG,9752,-163,0,0,0,0,0
45415,ECG,9753,-46,0,0,0,0,0
45415,ECG,9754,76,0,0,0,0,0
45420,ECG,9755,75,0,0,0,0,0
45420,ECG,9756,11,0,0,0,0,0
45425,ECG,9757,-89,0,0,0,0,0
45425,ECG,9758,-160,0,0,0,0,0
45425,ECG,9759,-216,0,0,0,0,0
45430,ECG,9760,-228,0,0,0,0,0
45430,ECG,9761,-202,0,0,0,0,0
45435,ECG,9762,-150,0,0,0,0,0
45435,ECG,9763,-46,0,0,0,0,0
45435,ECG,9764,30,0,0,0,0,0
45440,ECG,9765,56,0,0,0,0,0
45440,ECG,9766,43,0,0,0,0,0
45445,ECG,9767,-124,0,0,0,0,0
45445,ECG,9768,-150,0,0,0,0,0
45450,ECG,9769,-162,0,0,0,0,0
45450,ECG,9770,-139,0,0,0,0,0
45450,ECG,9771,-102,0,0,0,0,0
45455,ECG,9772,-17,0,0,0,0,0
45455,ECG,9773,53,0,0,0,0,0
45460,ECG,9774,54,0,0,0,0,0
45460,ECG,9775,16,0,0,0,0,0
45460,ECG,9776,-76,0,0,0,0,0
45465,ECG,9777,-152,0,0,0,0,0
45465,ECG,9778,-189,0,0,0,0,0
45470,ECG,9779,-206,0,0,0,0,0
45470,ECG,9780,-177,0,0,0,0,0
45470,ECG,9781,-131,0,0,0,0,0
45475,ECG,9782,-52,0,0,0,0,0
45475,ECG,9783,47,0,0,0,0,0
45480,ECG,9784,71,0,0,0,0,0
45480,ECG,9785,36,0,0,0,0,0
45480,ECG,9786,-63,0,0,0,0,0
45485,ECG,9787,-146,0,0,0,0,0
45485,ECG,9788,-197,0,0,0,0,0
45490,ECG,9789,-229,0,0,0,0,0
45490,ECG,9790,-205,0,0,0,0,0
45490,ECG,9791,-170,0,0,0,0,0
45495,ECG,9792,-83,0,0,0,0,0
45495,ECG,9793,59,0,0,0,0,0
45500,ECG,9794,23,0,0,0,0,0
45500,ECG,9795,-101,0,0,0,0,0
45505,ECG,9796,-254,0,0,0,0,0
45505,ECG,9797,-348,0,0,0,0,0
45510,ECG,9798,-380,0,0,0,0,0
45510,ECG,9799,-303,0,0,0,0,0
45515,ECG,9800,-182,0,0,0,0,0
45515,ECG,9801,-36,0,0,0,0,0
45515,ECG,9802,70,0,0,0,0,0
45520,ECG,9803,75,0,0,0,0,0
45520,ECG,9804,12,0,0,0,0,0
45525,ECG,9805,-116,0,0,0,0,0
45525,ECG,9806,-165,0,0,0,0,0
45525,ECG,9807,-201,0,0,0,0,0
45530,ECG,9808,-204,0,0,0,0,0
45530,ECG,9809,-165,0,0,0,0,0
45535,ECG,9810,-106,0,0,0,0,0
45535,ECG,9811,-19,0,0,0,0,0
45535,ECG,9812,50,0,0,0,0,0
45540,ECG,9813,75,0,0,0,0,0
45540,ECG,9814,24,0,0,0,0,0
45545,ECG,9815,-124,0,0,0,0,0
45545,ECG,9816,-161,0,0,0,0,0
45550,ECG,9817,-171,0,0,0,0,0
45550,ECG,9818,-149,0,0,0,0,0
45550,ECG,9819,-111,0,0,0,0,0
45555,ECG,9820,-19,0,0,0,0,0
45555,ECG,9821,48,0,0,0,0,0
45560,ECG,9822,43,0,0,0,0,0
45560,ECG,9823,8,0,0,0,0,0
45565,ECG,9824,-152,0,0,0,0,0
45565,ECG,9825,-190,0,0,0,0,0
45570,ECG,9826,-192,0,0,0,0,0
45570,ECG,9827,-170,0,0,0,0,0
45570,ECG,9828,-120,0,0,0,0,0
45575,ECG,9829,1,0,0,0,0,0
45575,ECG,9830,62,0,0,0,0,0
45580,ECG,9831,39,0,0,0,0,0
45580,ECG,9832,-16,0,0,0,0,0
45580,ECG,9833,-145,0,0,0,0,0
45585,ECG,9834,-238,0,0,0,0,0
45585,ECG,9835,-269,0,0,0,0,0
45590,ECG,9836,-282,0,0,0,0,0
45590,ECG,9837,-246,0,0,0,0,0
45590,ECG,9838,-187,0,0,0,0,0
45595,ECG,9839,-85,0,0,0,0,0
45595,ECG,9840,28,0,0,0,0,0
45600,ECG,9841,-33,0,0,0,0,0
45600,ECG,9842,-162,0,0,0,0,0
45605,ECG,9843,-246,0,0,0,0,0
45605,ECG,9844,-300,0,0,0,0,0
45610,ECG,9845,-273,0,0,0,0,0
45610,ECG,9846,-209,0,0,0,0,0
45615,ECG,9847,-112,0,0,0,0,0
45615,ECG,9848,-2,0,0,0,0,0
45615,ECG,9849,77,0,0,0,0,0
45620,ECG,9850,77,0,0,0,0,0
45620,ECG,9851,-1,0,0,0,0,0
45625,ECG,9852,-77,0,0,0,0,0
45625,ECG,9853,-102,0,0,0,0,0
45625,ECG,9854,-126,0,0,0,0,0
45630,ECG,9855,-114,0,0,0,0,0
45630,ECG,9856,-103,0,0,0,0,0
45635,ECG,9857,-31,0,0,0,0,0
45635,ECG,9858,75,0,0,0,0,0
45635,ECG,9859,58,0,0,0,0,0
45640,ECG,9860,-4,0,0,0,0,0
45640,ECG,9861,-98,0,0,0,0,0
45645,ECG,9862,-312,0,0,0,0,0
45645,ECG,9863,-343,0,0,0,0,0
45650,ECG,9864,-316,0,0,0,0,0
45650,ECG,9865,-245,0,0,0,0,0
45655,ECG,9866,12,0,0,0,0,0
45655,ECG,9867,77,0,0,0,0,0
45660,ECG,9868,76,0,0,0,0,0
45660,ECG,9869,-44,0,0,0,0,0
45665,ECG,9870,-238,0,0,0,0,0
45665,ECG,9871,-281,0,0,0,0,0
45670,ECG,9872,-277,0,0,0,0,0
45670,ECG,9873,-220,0,0,0,0,0
45670,ECG,9874,-130,0,0,0,0,0
45675,ECG,9875,-52,0,0,0,0,0
45675,ECG,9876,22,0,0,0,0,0
45680,ECG,9877,79,0,0,0,0,0
45680,ECG,9878,77,0,0,0,0,0
45680,ECG,9879,25,0,0,0,0,0
45685,ECG,9880,33,0,0,0,0,0
45685,ECG,9881,32,0,0,0,0,0
45690,ECG,9882,30,0,0,0,0,0
45690,ECG,9883,30,0,0,0,0,0
45690,ECG,9884,24,0,0,0,0,0
45695,ECG,9885,56,0,0,0,0,0
45695,ECG,9886,63,0,0,0,0,0
45700,ECG,9887,-25,0,0,0,0,0
45700,ECG,9888,-70,0,0,0,0,0
45705,ECG,9889,-119,0,0,0,0,0
45705,ECG,9890,-149,0,0,0,0,0
45705,ECG,9891,-147,0,0,0,0,0
45710,ECG,9892,-124,0,0,0,0,0
45710,ECG,9893,-86,0,0,0,0,0
45715,ECG,9894,1,0,0,0,0,0
45715,ECG,9895,62,0,0,0,0,0
45715,ECG,9896,49,0,0,0,0,0
45720,ECG,9897,-8,0,0,0,0,0
45720,ECG,9898,-104,0,0,0,0,0
45725,ECG,9899,-175,0,0,0,0,0
45725,ECG,9900,-217,0,0,0,0,0
45725,ECG,9901,-227,0,0,0,0,0
45730,ECG,9902,-194,0,0,0,0,0
45730,ECG,9903,-143,0,0,0,0,0
45735,ECG,9904,-42,0,0,0,0,0
45735,ECG,9905,47,0,0,0,0,0
45735,ECG,9906,66,0,0,0,0,0
45740,ECG,9907,20,0,0,0,0,0
45740,ECG,9908,-87,0,0,0,0,0
45745,ECG,9909,-168,0,0,0,0,0
45745,ECG,9910,-211,0,0,0,0,0
45745,ECG,9911,-231,0,0,0,0,0
45750,ECG,9912,-199,0,0,0,0,0
45750,ECG,9913,-160,0,0,0,0,0
45755,ECG,9914,68,0,0,0,0,0
45755,ECG,9915,67,0,0,0,0,0
45760,ECG,9916,0,0,0,0,0,0
45760,ECG,9917,-135,0,0,0,0,0
45765,ECG,9918,-348,0,0,0,0,0
45765,ECG,9919,-383,0,0,0,0,0
45770,ECG,9920,-352,0,0,0,0,0
45770,ECG,9921,-266,0,0,0,0,0
45770,ECG,9922,-142,0,0,0,0,0
45775,ECG,9923,-32,0,0,0,0,0
45775,ECG,9924,64,0,0,0,0,0
45780,ECG,9925,71,0,0,0,0,0
45780,ECG,9926,15,0,0,0,0,0
45780,ECG,9927,-58,0,0,0,0,0
45785,ECG,9928,-65,0,0,0,0,0
45785,ECG,9929,-84,0,0,0,0,0
45790,ECG,9930,-79,0,0,0,0,0
45790,ECG,9931,-60,0,0,0,0,0
45790,ECG,9932,-27,0,0,0,0,0
45795,ECG,9933,14,0,0,0,0,0
45795,ECG,9934,32,0,0,0,0,0
45800,ECG,9935,35,0,0,0,0,0
45800,ECG,9936,7,0,0,0,0,0
45800,ECG,9937,-31,0,0,0,0,0
45805,ECG,9938,-44,0,0,0,0,0
45805,ECG,9939,-57,0,0,0,0,0
45810,ECG,9940,-39,0,0,0,0,0
45810,ECG,9941,-25,0,0,0,0,0
45815,ECG,9942,56,0,0,0,0,0
45815,ECG,9943,62,0,0,0,0,0
45820,ECG,9944,-77,0,0,0,0,0
45820,ECG,9945,-177,0,0,0,0,0
45825,ECG,9946,-273,0,0,0,0,0
45825,ECG,9947,-326,0,0,0,0,0
45825,ECG,9948,-329,0,0,0,0,0
45830,ECG,9949,-278,0,0,0,0,0
45830,ECG,9950,-186,0,0,0,0,0
45835,ECG,9951,-81,0,0,0,0,0
45835,ECG,9952,13,0,0,0,0,0
45835,ECG,9953,65,0,0,0,0,0
45840,ECG,9954,60,0,0,0,0,0
45840,ECG,9955,-35,0,0,0,0,0
45845,ECG,9956,-68,0,0,0,0,0
45845,ECG,9957,-85,0,0,0,0,0
45845,ECG,9958,-100,0,0,0,0,0
45850,ECG,9959,-85,0,0,0,0,0
45850,ECG,9960,-67,0,0,0,0,0
45855,ECG,9961,26,0,0,0,0,0
45855,ECG,9962,29,0,0,0,0,0
45860,ECG,9963,14,0,0,0,0,0
45860,ECG,9964,-36,0,0,0,0,0
45860,ECG,9965,-83,0,0,0,0,0
45865,ECG,9966,-106,0,0,0,0,0
45865,ECG,9967,-115,0,0,0,0,0
45870,ECG,9968,-98,0,0,0,0,0
45870,ECG,9969,-82,0,0,0,0,0
45870,ECG,9970,-20,0,0,0,0,0
45875,ECG,9971,58,0,0,0,0,0
45875,ECG,9972,47,0,0,0,0,0
45880,ECG,9973,-14,0,0,0,0,0
45880,ECG,9974,-101,0,0,0,0,0
45880,ECG,9975,-195,0,0,0,0,0
45885,ECG,9976,-255,0,0,0,0,0
45885,ECG,9977,-278,0,0,0,0,0
45890,ECG,9978,-259,0,0,0,0,0
45890,ECG,9979,-194,0,0,0,0,0
45890,ECG,9980,-108,0,0,0,0,0
45895,ECG,9981,-45,0,0,0,0,0
45895,ECG,9982,30,0,0,0,0,0
45900,ECG,9983,34,0,0,0,0,0
45900,ECG,9984,2,0,0,0,0,0
45905,ECG,9985,18,0,0,0,0,0
45905,ECG,9986,9,0,0,0,0,0
45905,ECG,9987,13,0,0,0,0,0
45910,ECG,9988,8,0,0,0,0,0
45910,ECG,9989,8,0,0,0,0,0
45915,ECG,9990,52,0,0,0,0,0
45915,ECG,9991,45,0,0,0,0,0
45920,ECG,9992,-68,0,0,0,0,0
45920,ECG,9993,-130,0,0,0,0,0
45925,ECG,9994,-192,0,0,0,0,0
45925,ECG,9995,-220,0,0,0,0,0
45925,ECG,9996,-216,0,0,0,0,0
45930,ECG,9997,-179,0,0,0,0,0
45930,ECG,9998,-113,0,0,0,0,0
45935,ECG,9999,-56,0,0,0,0,0
45935,ECG,10000,-3,0,0,0,0,0
45935,ECG,10001,52,0,0,0,0,0
45940,ECG,10002,41,0,0,0,0,0
45940,ECG,10003,0,0,0,0,0,0
45945,ECG,10004,6,0,0,0,0,0
45945,ECG,10005,6,0,0,0,0,0
45945,ECG,10006,3,0,0,0,0,0
45950,ECG,10007,5,0,0,0,0,0
45950,ECG,10008,-4,0,0,0,0,0
45955,ECG,10009,34,0,0,0,0,0
45955,ECG,10010,-5,0,0,0,0,0
45960,ECG,10011,-38,0,0,0,0,0
45960,ECG,10012,-79,0,0,0,0,0
45965,ECG,10013,-127,0,0,0,0,0
45965,ECG,10014,-144,0,0,0,0,0
45970,ECG,10015,-148,0,0,0,0,0
45970,ECG,10016,-133,0,0,0,0,0
45970,ECG,10017,-87,0,0,0,0,0
45975,ECG,10018,-60,0,0,0,0,0
45975,ECG,10019,-65,0,0,0,0,0
45980,ECG,10020,-90,0,0,0,0,0
45980,ECG,10021,-142,0,0,0,0,0
45980,ECG,10022,-170,0,0,0,0,0
45985,ECG,10023,-177,0,0,0,0,0
45985,ECG,10024,-162,0,0,0,0,0
45990,ECG,10025,-127,0,0,0,0,0
45990,ECG,10026,-102,0,0,0,0,0
45990,ECG,10027,-50,0,0,0,0,0
45995,ECG,10028,-1,0,0,0,0,0
45995,ECG,10029,24,0,0,0,0,0
46000,ECG,10030,14,0,0,0,0,0
46000,ECG,10031,-39,0,0,0,0,0
46000,ECG,10032,-68,0,0,0,0,0
46005,ECG,10033,-77,0,0,0,0,0
46005,ECG,10034,-84,0,0,0,0,0
46010,ECG,10035,-53,0,0,0,0,0
46010,ECG,10036,-31,0,0,0,0,0
46015,ECG,10037,-15,0,0,0,0,0
46015,ECG,10038,8,0,0,0,0,0
46020,ECG,10039,-5,0,0,0,0,0
46020,ECG,10040,-7,0,0,0,0,0
46025,ECG,10041,-4,0,0,0,0,0
46025,ECG,10042,-9,0,0,0,0,0
46025,ECG,10043,-3,0,0,0,0,0
46030,ECG,10044,-10,0,0,0,0,0
46030,ECG,10045,-10,0,0,0,0,0
46035,ECG,10046,30,0,0,0,0,0
46035,ECG,10047,25,0,0,0,0,0
46035,ECG,10048,-33,0,0,0,0,0
46040,ECG,10049,-76,0,0,0,0,0
46040,ECG,10050,-130,0,0,0,0,0
46045,ECG,10051,-186,0,0,0,0,0
46045,ECG,10052,-211,0,0,0,0,0
46045,ECG,10053,-207,0,0,0,0,0
46050,ECG,10054,-174,0,0,0,0,0
46050,ECG,10055,-115,0,0,0,0,0
46055,ECG,10056,-20,0,0,0,0,0
46055,ECG,10057,33,0,0,0,0,0
46060,ECG,10058,21,0,0,0,0,0
46060,ECG,10059,-16,0,0,0,0,0
46065,ECG,10060,-11,0,0,0,0,0
46065,ECG,10061,-10,0,0,0,0,0
46070,ECG,10062,-14,0,0,0,0,0
46070,ECG,10063,-15,0,0,0,0,0
46070,ECG,10064,28,0,0,0,0,0
46075,ECG,10065,26,0,0,0,0,0
46075,ECG,10066,-38,0,0,0,0,0
46080,ECG,10067,-87,0,0,0,0,0
46080,ECG,10068,-148,0,0,0,0,0
46080,ECG,10069,-211,0,0,0,0,0
46085,ECG,10070,-241,0,0,0,0,0
46085,ECG,10071,-238,0,0,0,0,0
46090,ECG,10072,-202,0,0,0,0,0
46090,ECG,10073,-136,0,0,0,0,0
46090,ECG,10074,-78,0,0,0,0,0
46095,ECG,10075,-25,0,0,0,0,0
46095,ECG,10076,32,0,0,0,0,0
46100,ECG,10077,-22,0,0,0,0,0
46100,ECG,10078,-19,0,0,0,0,0
46105,ECG,10079,-20,0,0,0,0,0
46105,ECG,10080,-22,0,0,0,0,0
46105,ECG,10081,-23,0,0,0,0,0
46110,ECG,10082,-24,0,0,0,0,0
46110,ECG,10083,7,0,0,0,0,0
46115,ECG,10084,8,0,0,0,0,0
46115,ECG,10085,-33,0,0,0,0,0
46120,ECG,10086,-104,0,0,0,0,0
46120,ECG,10087,-146,0,0,0,0,0
46125,ECG,10088,-165,0,0,0,0,0
46125,ECG,10089,-163,0,0,0,0,0
46125,ECG,10090,-141,0,0,0,0,0
46130,ECG,10091,-98,0,0,0,0,0
46130,ECG,10092,-60,0,0,0,0,0
46135,ECG,10093,-28,0,0,0,0,0
46135,ECG,10094,12,0,0,0,0,0
46135,ECG,10095,6,0,0,0,0,0
46140,ECG,10096,-24,0,0,0,0,0
46140,ECG,10097,-20,0,0,0,0,0
46145,ECG,10098,-19,0,0,0,0,0
46145,ECG,10099,-23,0,0,0,0,0
46145,ECG,10100,-21,0,0,0,0,0
46150,ECG,10101,-22,0,0,0,0,0
46150,ECG,10102,-23,0,0,0,0,0
46155,ECG,10103,-25,0,0,0,0,0
46155,ECG,10104,-22,0,0,0,0,0
46160,ECG,10105,-25,0,0,0,0,0
46160,ECG,10106,-27,0,0,0,0,0
46160,ECG,10107,-6,0,0,0,0,0
46165,ECG,10108,-6,0,0,0,0,0
46165,ECG,10109,-37,0,0,0,0,0
46170,ECG,10110,-60,0,0,0,0,0
46170,ECG,10111,-89,0,0,0,0,0
46175,ECG,10112,-134,0,0,0,0,0
46175,ECG,10113,-133,0,0,0,0,0
46180,ECG,10114,-117,0,0,0,0,0
46180,ECG,10115,-86,0,0,0,0,0
46180,ECG,10116,-58,0,0,0,0,0
46185,ECG,10117,-36,0,0,0,0,0
46185,ECG,10118,-6,0,0,0,0,0
46190,ECG,10119,-10,0,0,0,0,0
46190,ECG,10120,-32,0,0,0,0,0
46190,ECG,10121,-30,0,0,0,0,0
46195,ECG,10122,-28,0,0,0,0,0
46195,ECG,10123,-31,0,0,0,0,0
46200,ECG,10124,-30,0,0,0,0,0
46200,ECG,10125,-31,0,0,0,0,0
46200,ECG,10126,-32,0,0,0,0,0
46205,ECG,10127,-32,0,0,0,0,0
46205,ECG,10128,-33,0,0,0,0,0
46205,ECG,10129,-33,0,0,0,0,0
46210,ECG,10130,-34,0,0,0,0,0
46210,ECG,10131,-34,0,0,0,0,0
46215,ECG,10132,-35,0,0,0,0,0
46215,ECG,10133,-35,0,0,0,0,0
46220,ECG,10134,-36,0,0,0,0,0
46220,ECG,10135,-37,0,0,0,0,0
46225,ECG,10136,-37,0,0,0,0,0
46225,ECG,10137,-38,0,0,0,0,0
46225,ECG,10138,-38,0,0,0,0,0
46230,ECG,10139,-39,0,0,0,0,0
46230,ECG,10140,-39,0,0,0,0,0
46235,ECG,10141,-40,0,0,0,0,0
46235,ECG,10142,-40,0,0,0,0,0
46235,ECG,10143,-41,0,0,0,0,0
46240,ECG,10144,-41,0,0,0,0,0
46240,ECG,10145,-41,0,0,0,0,0
46245,ECG,10146,-41,0,0,0,0,0
46245,ECG,10147,-42,0,0,0,0,0
46245,ECG,10148,-42,0,0,0,0,0
46250,ECG,10149,-42,0,0,0,0,0
46250,ECG,10150,-42,0,0,0,0,0
46255,ECG,10151,-43,0,0,0,0,0
46255,ECG,10152,-43,0,0,0,0,0
46260,ECG,10153,-44,0,0,0,0,0
46260,ECG,10154,-43,0,0,0,0,0
46260,ECG,10155,-44,0,0,0,0,0
46265,ECG,10156,-44,0,0,0,0,0
46265,ECG,10157,-43,0,0,0,0,0
46270,ECG,10158,-46,0,0,0,0,0
46270,ECG,10159,-42,0,0,0,0,0
46275,ECG,10160,-44,0,0,0,0,0
46275,ECG,10161,-55,0,0,0,0,0
46280,ECG,10162,-64,0,0,0,0,0
46280,ECG,10163,-75,0,0,0,0,0
46280,ECG,10164,-87,0,0,0,0,0
46285,ECG,10165,-86,0,0,0,0,0
46285,ECG,10166,-81,0,0,0,0,0
46290,ECG,10167,-85,0,0,0,0,0
46290,ECG,10168,-37,0,0,0,0,0
46290,ECG,10169,-3,0,0,0,0,0
46295,ECG,10170,-40,0,0,0,0,0
46295,ECG,10171,-100,0,0,0,0,0
46300,ECG,10172,-168,0,0,0,0,0
46300,ECG,10173,-247,0,0,0,0,0
46300,ECG,10174,-298,0,0,0,0,0
46305,ECG,10175,-309,0,0,0,0,0
46305,ECG,10176,-278,0,0,0,0,0
46310,ECG,10177,-121,0,0,0,0,0
46310,ECG,10178,-4,0,0,0,0,0
46315,ECG,10179,2,0,0,0,0,0
46315,ECG,10180,-54,0,0,0,0,0
46320,ECG,10181,-301,0,0,0,0,0
46320,ECG,10182,-370,0,0,0,0,0
46325,ECG,10183,-400,0,0,0,0,0
46325,ECG,10184,-371,0,0,0,0,0
46325,ECG,10185,-300,0,0,0,0,0
46330,ECG,10186,-176,0,0,0,0,0
46330,ECG,10187,-69,0,0,0,0,0
46335,ECG,10188,-8,0,0,0,0,0
46335,ECG,10189,9,0,0,0,0,0
46335,ECG,10190,-83,0,0,0,0,0
46340,ECG,10191,-171,0,0,0,0,0
46340,ECG,10192,-189,0,0,0,0,0
46345,ECG,10193,-205,0,0,0,0,0
46345,ECG,10194,-189,0,0,0,0,0
46345,ECG,10195,-157,0,0,0,0,0
46350,ECG,10196,-93,0,0,0,0,0
46350,ECG,10197,-23,0,0,0,0,0
46355,ECG,10198,-30,0,0,0,0,0
46355,ECG,10199,-100,0,0,0,0,0
46360,ECG,10200,-169,0,0,0,0,0
46360,ECG,10201,-200,0,0,0,0,0
46360,ECG,10202,-220,0,0,0,0,0
46365,ECG,10203,-203,0,0,0,0,0
46365,ECG,10204,-166,0,0,0,0,0
46370,ECG,10205,-111,0,0,0,0,0
46370,ECG,10206,-41,0,0,0,0,0
46370,ECG,10207,1,0,0,0,0,0
46375,ECG,10208,-7,0,0,0,0,0
46375,ECG,10209,-69,0,0,0,0,0
46380,ECG,10210,-130,0,0,0,0,0
46380,ECG,10211,-160,0,0,0,0,0
46380,ECG,10212,-181,0,0,0,0,0
46385,ECG,10213,-179,0,0,0,0,0
46385,ECG,10214,-152,0,0,0,0,0
46390,ECG,10215,-110,0,0,0,0,0
46390,ECG,10216,-73,0,0,0,0,0
46390,ECG,10217,-40,0,0,0,0,0
46395,ECG,10218,-1,0,0,0,0,0
46395,ECG,10219,-11,0,0,0,0,0
46400,ECG,10220,-39,0,0,0,0,0
46400,ECG,10221,-34,0,0,0,0,0
46400,ECG,10222,-33,0,0,0,0,0
46405,ECG,10223,-36,0,0,0,0,0
46405,ECG,10224,-35,0,0,0,0,0
46405,ECG,10225,-36,0,0,0,0,0
46410,ECG,10226,-37,0,0,0,0,0
46410,ECG,10227,-37,0,0,0,0,0
46415,ECG,10228,-38,0,0,0,0,0
46415,ECG,10229,-38,0,0,0,0,0
46420,ECG,10230,-38,0,0,0,0,0
46420,ECG,10231,-41,0,0,0,0,0
46425,ECG,10232,-39,0,0,0,0,0
46425,ECG,10233,-38,0,0,0,0,0
46425,ECG,10234,-49,0,0,0,0,0
46430,ECG,10235,-21,0,0,0,0,0
46430,ECG,10236,2,0,0,0,0,0
46435,ECG,10237,-42,0,0,0,0,0
46435,ECG,10238,-88,0,0,0,0,0
46435,ECG,10239,-132,0,0,0,0,0
43684,IMU,1040,1568,-32,8356,-86,65,48
43704,IMU,1041,1388,-36,8420,-80,72,25
43723,IMU,1042,1552,-80,8328,-88,63,36
43742,IMU,1043,1616,-48,8320,-62,69,46
43761,IMU,1044,1504,36,8412,-71,55,46
43780,IMU,1045,1488,-68,8408,-81,59,46
43799,IMU,1046,1540,-24,8460,-82,61,58
43818,IMU,1047,1476,-84,8428,-79,55,39
43837,IMU,1048,1560,204,8348,-86,49,41
43856,IMU,1049,1576,-88,8348,-121,59,49
43876,IMU,1050,1476,-20,8412,-80,61,46
43894,IMU,1051,1468,-12,8408,-98,73,62
43916,IMU,1052,1552,-72,8468,-99,64,40
43933,IMU,1053,1636,4,8376,-77,69,62
43952,IMU,1054,1508,24,8440,-83,59,49
43971,IMU,1055,1436,-56,8376,-56,55,47
43989,IMU,1056,1520,52,8372,-78,59,31
44009,IMU,1057,1636,-12,8388,-96,57,30
44028,IMU,1058,1608,-12,8392,-87,78,40
44047,IMU,1059,1416,-52,8424,-74,54,32
44066,IMU,1060,1508,-56,8368,-95,40,42
44085,IMU,1061,1448,-72,8380,-80,59,46
44104,IMU,1062,1528,-96,8504,-88,46,48
44124,IMU,1063,1576,20,8392,-86,55,52
44143,IMU,1064,1592,-8,8272,-99,65,37
44162,IMU,1065,1540,-52,8408,-72,53,57
44181,IMU,1066,1580,-60,8372,-90,60,47
44199,IMU,1067,1500,80,8364,-89,61,35
44219,IMU,1068,1604,100,8344,-90,60,37
44238,IMU,1069,1552,4,8408,-77,48,37
44257,IMU,1070,1500,-88,8412,-86,61,29
44276,IMU,1071,1512,-64,8480,-87,65,41
44295,IMU,1072,1424,-40,8444,-74,60,43
44314,IMU,1073,1552,-24,8360,-74,72,46
44333,IMU,1074,1548,-12,8380,-94,71,47
44353,IMU,1075,1564,-48,8400,-95,48,38
44371,IMU,1076,1564,-20,8364,-96,54,47
44392,IMU,1077,1572,8,8324,-75,71,47
44409,IMU,1078,1636,-40,8356,-81,52,49
44429,IMU,1079,1520,-72,8388,-78,69,30
44448,IMU,1080,1520,-12,8384,-86,51,48
44467,IMU,1081,1632,72,8404,-87,53,46
44486,IMU,1082,1560,-36,8328,-75,59,46
44505,IMU,1083,1516,-116,8420,-74,74,43
44524,IMU,1084,1644,60,8368,-86,68,52
44543,IMU,1085,1516,-60,8352,-93,59,47
44562,IMU,1086,1480,4,8352,-82,49,45
44581,IMU,1087,1508,12,8416,-87,49,55
44601,IMU,1088,1548,-12,8340,-65,74,44
44619,IMU,1089,1644,-24,8408,-88,52,43
44639,IMU,1090,1512,-44,8452,-90,54,42
44658,IMU,1091,1512,4,8356,-111,62,34
44677,IMU,1092,1408,-64,8316,-84,68,36
44696,IMU,1093,1572,-16,8376,-90,36,53
44715,IMU,1094,1460,84,8364,-84,49,44
44734,IMU,1095,1512,-44,8452,-83,63,57
44753,IMU,1096,1476,76,8412,-98,64,60
44772,IMU,1097,1548,-52,8428,-75,37,47
44791,IMU,1098,1644,-16,8452,-75,62,35
44810,IMU,1099,1604,-40,8348,-111,58,43
44829,IMU,1100,1568,-36,8380,-78,74,48
44849,IMU,1101,1500,-100,8292,-109,53,47
44868,IMU,1102,1540,-56,8424,-80,65,46
44886,IMU,1103,1492,40,8348,-66,56,47
44906,IMU,1104,1432,-28,8384,-101,65,41
44924,IMU,1105,1540,-52,8376,-77,77,48
44946,IMU,1106,1600,-44,8384,-72,63,33
44963,IMU,1107,1584,32,8376,-87,59,43
44982,IMU,1108,1460,-40,8388,-68,64,38
45001,IMU,1109,1440,-20,8444,-83,69,45
45020,IMU,1110,1640,-52,8388,-87,62,41
45039,IMU,1111,1496,-72,8368,-82,64,51
45058,IMU,1112,1492,-88,8368,-83,69,37
45077,IMU,1113,1464,-88,8376,-89,55,31
45096,IMU,1114,1632,-128,8396,-73,67,34
45116,IMU,1115,1588,-20,8368,-98,50,39
45134,IMU,1116,1500,56,8424,-82,69,40
45154,IMU,1117,1512,-4,8444,-79,66,49
45173,IMU,1118,1548,-36,8428,-89,63,56
45192,IMU,1119,1540,-60,8376,-80,56,45
45211,IMU,1120,1464,-52,8408,-75,63,39
45230,IMU,1121,1360,-16,8388,-91,58,50
45249,IMU,1122,1476,-48,8316,-90,73,47
45268,IMU,1123,1576,-40,8392,-95,55,43
45287,IMU,1124,1532,24,8336,-82,66,37
45306,IMU,1125,1532,24,8420,-79,59,35
45325,IMU,1126,1512,-64,8304,-83,59,52
45344,IMU,1127,1580,44,8344,-81,70,41
45364,IMU,1128,1528,-100,8380,-85,50,51
45383,IMU,1129,1416,-96,8456,-102,54,27
45402,IMU,1130,1560,-68,8364,-93,69,52
45421,IMU,1131,1576,-68,8476,-73,50,41
45439,IMU,1132,1556,-16,8400,-103,59,39
45459,IMU,1133,1548,-136,8352,-96,65,55
45478,IMU,1134,1524,-80,8408,-81,62,29
45497,IMU,1135,1380,-24,8456,-78,61,38
45516,IMU,1136,1396,16,8360,-90,43,39
45535,IMU,1137,1484,24,8324,-90,47,54
45554,IMU,1138,1572,-16,8312,-96,58,47
45573,IMU,1139,1508,20,8316,-102,72,43
45592,IMU,1140,1392,-44,8420,-89,70,38
45611,IMU,1141,1544,16,8332,-88,47,27
45631,IMU,1142,1620,28,8388,-77,68,54
45649,IMU,1143,1512,-20,8424,-88,52,39
45669,IMU,1144,1636,-28,8276,-88,39,44
45688,IMU,1145,1568,16,8396,-84,76,52
45707,IMU,1146,1576,76,8352,-82,62,51
45726,IMU,1147,1440,-24,8428,-96,60,53
45744,IMU,1148,1552,-44,8456,-83,57,36
45764,IMU,1149,1452,-16,8400,-94,59,46
45783,IMU,1150,1536,4,8368,-95,47,52
45802,IMU,1151,1608,-60,8384,-86,72,46
45821,IMU,1152,1584,48,8444,-81,62,52
45840,IMU,1153,1584,40,8336,-99,63,55
45859,IMU,1154,1544,-16,8352,-83,65,43
45878,IMU,1155,1552,-60,8356,-70,68,54
45897,IMU,1156,1532,-96,8404,-70,67,38
45916,IMU,1157,1456,-76,8436,-95,50,41
45936,IMU,1158,1508,20,8432,-82,62,52
45954,IMU,1159,1512,16,8460,-80,67,55
45976,IMU,1160,1488,-68,8348,-76,70,48
45993,IMU,1161,1472,20,8320,-83,61,43
46012,IMU,1162,1524,-92,8396,-92,61,41
46031,IMU,1163,1572,32,8392,-67,58,43
46049,IMU,1164,1468,-100,8416,-73,49,29
46069,IMU,1165,1572,-72,8368,-87,77,50
46088,IMU,1166,1488,-52,8380,-93,61,47
46107,IMU,1167,1460,-68,8324,-77,59,50
46126,IMU,1168,1576,-20,8452,-75,55,46
46146,IMU,1169,1516,-76,8448,-90,61,25
46164,IMU,1170,1492,64,8408,-78,67,47
46184,IMU,1171,1552,-8,8328,-99,52,53
46203,IMU,1172,1528,-36,8288,-82,51,58
46222,IMU,1173,1620,-60,8392,-94,50,56
46241,IMU,1174,1556,-52,8304,-90,65,50
46259,IMU,1175,1540,-68,8372,-90,53,45
46279,IMU,1176,1540,4,8332,-96,66,54
46298,IMU,1177,1460,-52,8356,-104,41,39
46317,IMU,1178,1520,-44,8364,-78,50,28
46336,IMU,1179,1552,60,8348,-93,67,33
46355,IMU,1180,1540,-60,8292,-84,77,57
46374,IMU,1181,1516,12,8316,-87,75,49
46394,IMU,1182,1468,-56,8368,-90,54,54
46413,IMU,1183,1472,-104,8388,-92,62,48
46432,IMU,1184,1500,12,8448,-95,65,31
46452,IMU,1185,1560,-16,8440,-91,58,40
46469,IMU,1186,1544,-40,8328,-77,68,37
46489,IMU,1187,1524,-16,8404,-89,57,35
46508,IMU,1188,1504,32,8372,-104,62,34
46527,IMU,1189,1548,-136,8380,-87,68,48
46546,IMU,1190,1644,20,8368,-80,69,52
46565,IMU,1191,1536,-12,8344,-67,67,35
46584,IMU,1192,1584,-84,8356,-76,53,31
46603,IMU,1193,1600,40,8372,-89,57,47
46622,IMU,1194,1464,64,8400,-93,72,40
46641,IMU,1195,1568,0,8368,-82,49,53
46661,IMU,1196,1444,28,8252,-82,52,42
46679,IMU,1197,1600,-148,8388,-89,65,43
46699,IMU,1198,1516,-84,8360,-76,50,37
46718,IMU,1199,1528,20,8368,-94,65,59
46737,IMU,1200,1616,-20,8444,-89,70,35
46756,IMU,1201,1528,-200,8308,-96,63,58
46774,IMU,1202,1508,-100,8320,-63,52,57
46794,IMU,1203,1484,-68,8376,-72,66,41
46813,IMU,1204,1612,56,8412,-91,55,43
46832,IMU,1205,1512,8,8368,-96,79,62
46851,IMU,1206,1500,0,8460,-79,72,42
46870,IMU,1207,1528,-40,8336,-92,63,39
46889,IMU,1208,1572,44,8356,-72,68,46
46909,IMU,1209,1476,-16,8400,-104,61,28
46928,IMU,1210,1472,12,8396,-74,63,43
46947,IMU,1211,1520,88,8432,-92,54,50
46966,IMU,1212,1500,-8,8432,-82,54,26
46984,IMU,1213,1500,-68,8344,-73,58,48
47006,IMU,1214,1548,-120,8388,-80,58,23
47023,IMU,1215,1620,28,8332,-69,56,40
47042,IMU,1216,1452,0,8356,-83,60,35
47061,IMU,1217,1496,-124,8412,-88,62,51
47080,IMU,1218,1560,-40,8380,-75,73,47
47099,IMU,1219,1464,-28,8368,-79,72,24
47119,IMU,1220,1576,-4,8208,-85,74,35
47137,IMU,1221,1516,24,8452,-93,56,49
47157,IMU,1222,1484,32,8344,-82,73,60
47176,IMU,1223,1348,-8,8428,-100,52,38
47194,IMU,1224,1452,60,8344,-83,79,44
47214,IMU,1225,1468,-32,8400,-88,66,31
47233,IMU,1226,1572,28,8352,-93,60,49
47252,IMU,1227,1552,60,8340,-83,48,45
47271,IMU,1228,1428,116,8408,-88,54,44
47290,IMU,1229,1584,-48,8424,-107,58,53
47309,IMU,1230,1532,-12,8332,-86,69,54
47328,IMU,1231,1612,56,8380,-86,48,46
47347,IMU,1232,1508,-36,8376,-89,53,39
47366,IMU,1233,1492,-68,8388,-74,58,52
47386,IMU,1234,1456,12,8416,-69,63,42
47404,IMU,1235,1428,28,8444,-93,50,47
47424,IMU,1236,1536,-40,8452,-69,51,46
47443,IMU,1237,1584,-40,8368,-80,57,34
47462,IMU,1238,1456,-56,8372,-75,61,48
47481,IMU,1239,1540,48,8368,-78,60,16
47499,IMU,1240,1556,-96,8496,-80,69,53
47519,IMU,1241,1524,0,8456,-93,66,46
47538,IMU,1242,1468,-28,8312,-64,44,56
47557,IMU,1243,1508,-32,8324,-105,58,50
47576,IMU,1244,1480,28,8288,-77,56,41
47595,IMU,1245,1456,-96,8416,-81,76,54
47614,IMU,1246,1512,0,8344,-79,63,42
47634,IMU,1247,1428,0,8376,-77,61,50
46440,ECG,10240,-188,0,0,0,0,0
46440,ECG,10241,-223,0,0,0,0,0
46445,ECG,10242,-231,0,0,0,0,0
46445,ECG,10243,-210,0,0,0,0,0
46445,ECG,10244,-166,0,0,0,0,0
46450,ECG,10245,-105,0,0,0,0,0
46450,ECG,10246,-47,0,0,0,0,0
46455,ECG,10247,-14,0,0,0,0,0
46455,ECG,10248,-73,0,0,0,0,0
46460,ECG,10249,-109,0,0,0,0,0
46460,ECG,10250,-123,0,0,0,0,0
46460,ECG,10251,-139,0,0,0,0,0
46465,ECG,10252,-126,0,0,0,0,0
46465,ECG,10253,-114,0,0,0,0,0
46470,ECG,10254,-83,0,0,0,0,0
46470,ECG,10255,-12,0,0,0,0,0
46475,ECG,10256,-46,0,0,0,0,0
46475,ECG,10257,-122,0,0,0,0,0
46480,ECG,10258,-210,0,0,0,0,0
46480,ECG,10259,-279,0,0,0,0,0
46480,ECG,10260,-320,0,0,0,0,0
46485,ECG,10261,-312,0,0,0,0,0
46485,ECG,10262,-271,0,0,0,0,0
46490,ECG,10263,-191,0,0,0,0,0
46490,ECG,10264,-77,0,0,0,0,0
46490,ECG,10265,-14,0,0,0,0,0
46495,ECG,10266,-5,0,0,0,0,0
46495,ECG,10267,-67,0,0,0,0,0
46500,ECG,10268,-174,0,0,0,0,0
46500,ECG,10269,-232,0,0,0,0,0
46500,ECG,10270,-260,0,0,0,0,0
46505,ECG,10271,-259,0,0,0,0,0
46505,ECG,10272,-223,0,0,0,0,0
46510,ECG,10273,-78,0,0,0,0,0
46510,ECG,10274,-26,0,0,0,0,0
46515,ECG,10275,-1,0,0,0,0,0
46515,ECG,10276,-34,0,0,0,0,0
46520,ECG,10277,-133,0,0,0,0,0
46520,ECG,10278,-147,0,0,0,0,0
46525,ECG,10279,-146,0,0,0,0,0
46525,ECG,10280,-129,0,0,0,0,0
46525,ECG,10281,-101,0,0,0,0,0
46530,ECG,10282,-33,0,0,0,0,0
46530,ECG,10283,0,0,0,0,0,0
46535,ECG,10284,-26,0,0,0,0,0
46535,ECG,10285,-77,0,0,0,0,0
46535,ECG,10286,-152,0,0,0,0,0
46540,ECG,10287,-208,0,0,0,0,0
46540,ECG,10288,-240,0,0,0,0,0
46545,ECG,10289,-240,0,0,0,0,0
46545,ECG,10290,-209,0,0,0,0,0
46545,ECG,10291,-160,0,0,0,0,0
46550,ECG,10292,-70,0,0,0,0,0
46550,ECG,10293,-9,0,0,0,0,0
46555,ECG,10294,-46,0,0,0,0,0
46555,ECG,10295,-134,0,0,0,0,0
46560,ECG,10296,-189,0,0,0,0,0
46560,ECG,10297,-222,0,0,0,0,0
46560,ECG,10298,-226,0,0,0,0,0
46565,ECG,10299,-201,0,0,0,0,0
46565,ECG,10300,-163,0,0,0,0,0
46570,ECG,10301,-56,0,0,0,0,0
46570,ECG,10302,15,0,0,0,0,0
46575,ECG,10303,-74,0,0,0,0,0
46575,ECG,10304,-193,0,0,0,0,0
46580,ECG,10305,-295,0,0,0,0,0
46580,ECG,10306,-345,0,0,0,0,0
46580,ECG,10307,-359,0,0,0,0,0
46585,ECG,10308,-319,0,0,0,0,0
46585,ECG,10309,-236,0,0,0,0,0
46590,ECG,10310,-136,0,0,0,0,0
46590,ECG,10311,-53,0,0,0,0,0
46590,ECG,10312,20,0,0,0,0,0
46595,ECG,10313,19,0,0,0,0,0
46595,ECG,10314,-54,0,0,0,0,0
46600,ECG,10315,-86,0,0,0,0,0
46600,ECG,10316,-89,0,0,0,0,0
46600,ECG,10317,-103,0,0,0,0,0
46605,ECG,10318,-95,0,0,0,0,0
46605,ECG,10319,-78,0,0,0,0,0
46610,ECG,10320,-41,0,0,0,0,0
46610,ECG,10321,-22,0,0,0,0,0
46615,ECG,10322,-9,0,0,0,0,0
46615,ECG,10323,-23,0,0,0,0,0
46615,ECG,10324,-31,0,0,0,0,0
46620,ECG,10325,-27,0,0,0,0,0
46620,ECG,10326,-30,0,0,0,0,0
46625,ECG,10327,-28,0,0,0,0,0
46625,ECG,10328,-31,0,0,0,0,0
46630,ECG,10329,-14,0,0,0,0,0
46630,ECG,10330,-17,0,0,0,0,0
46635,ECG,10331,-42,0,0,0,0,0
46635,ECG,10332,-61,0,0,0,0,0
46635,ECG,10333,-85,0,0,0,0,0
46640,ECG,10334,-109,0,0,0,0,0
46640,ECG,10335,-120,0,0,0,0,0
46645,ECG,10336,-119,0,0,0,0,0
46645,ECG,10337,-105,0,0,0,0,0
46645,ECG,10338,-79,0,0,0,0,0
46650,ECG,10339,-57,0,0,0,0,0
46650,ECG,10340,-38,0,0,0,0,0
46655,ECG,10341,-15,0,0,0,0,0
46655,ECG,10342,-21,0,0,0,0,0
46655,ECG,10343,-38,0,0,0,0,0
46660,ECG,10344,-34,0,0,0,0,0
46660,ECG,10345,-35,0,0,0,0,0
46660,ECG,10346,-37,0,0,0,0,0
46665,ECG,10347,-35,0,0,0,0,0
46665,ECG,10348,-40,0,0,0,0,0
46670,ECG,10349,-31,0,0,0,0,0
46670,ECG,10350,-24,0,0,0,0,0
46675,ECG,10351,-54,0,0,0,0,0
46675,ECG,10352,-69,0,0,0,0,0
46680,ECG,10353,-87,0,0,0,0,0
46680,ECG,10354,-99,0,0,0,0,0
46680,ECG,10355,-100,0,0,0,0,0
46685,ECG,10356,-93,0,0,0,0,0
46685,ECG,10357,-82,0,0,0,0,0
46690,ECG,10358,-54,0,0,0,0,0
46690,ECG,10359,-32,0,0,0,0,0
46690,ECG,10360,-33,0,0,0,0,0
46695,ECG,10361,-45,0,0,0,0,0
46695,ECG,10362,-76,0,0,0,0,0
46700,ECG,10363,-100,0,0,0,0,0
46700,ECG,10364,-112,0,0,0,0,0
46700,ECG,10365,-117,0,0,0,0,0
46705,ECG,10366,-107,0,0,0,0,0
46705,ECG,10367,-92,0,0,0,0,0
46710,ECG,10368,-40,0,0,0,0,0
46710,ECG,10369,-30,0,0,0,0,0
46715,ECG,10370,-37,0,0,0,0,0
46715,ECG,10371,-65,0,0,0,0,0
46715,ECG,10372,-84,0,0,0,0,0
46720,ECG,10373,-92,0,0,0,0,0
46720,ECG,10374,-98,0,0,0,0,0
46725,ECG,10375,-94,0,0,0,0,0
46725,ECG,10376,-81,0,0,0,0,0
46725,ECG,10377,-66,0,0,0,0,0
46730,ECG,10378,-54,0,0,0,0,0
46730,ECG,10379,-40,0,0,0,0,0
46735,ECG,10380,-31,0,0,0,0,0
46735,ECG,10381,-42,0,0,0,0,0
46735,ECG,10382,-48,0,0,0,0,0
46740,ECG,10383,-44,0,0,0,0,0
46740,ECG,10384,-46,0,0,0,0,0
46745,ECG,10385,-46,0,0,0,0,0
46745,ECG,10386,-46,0,0,0,0,0
46745,ECG,10387,-47,0,0,0,0,0
46750,ECG,10388,-47,0,0,0,0,0
46750,ECG,10389,-47,0,0,0,0,0
46755,ECG,10390,-47,0,0,0,0,0
46755,ECG,10391,-47,0,0,0,0,0
46755,ECG,10392,-48,0,0,0,0,0
46760,ECG,10393,-48,0,0,0,0,0
46760,ECG,10394,-48,0,0,0,0,0
46765,ECG,10395,-49,0,0,0,0,0
46765,ECG,10396,-49,0,0,0,0,0
46770,ECG,10397,-49,0,0,0,0,0
46770,ECG,10398,-49,0,0,0,0,0
46775,ECG,10399,-50,0,0,0,0,0
46775,ECG,10400,-50,0,0,0,0,0
46780,ECG,10401,-50,0,0,0,0,0
46780,ECG,10402,-52,0,0,0,0,0
46780,ECG,10403,-49,0,0,0,0,0
46785,ECG,10404,-52,0,0,0,0,0
46785,ECG,10405,-54,0,0,0,0,0
46790,ECG,10406,-29,0,0,0,0,0
46790,ECG,10407,-27,0,0,0,0,0
46790,ECG,10408,-64,0,0,0,0,0
46795,ECG,10409,-92,0,0,0,0,0
46795,ECG,10410,-125,0,0,0,0,0
46800,ECG,10411,-161,0,0,0,0,0
46800,ECG,10412,-179,0,0,0,0,0
46800,ECG,10413,-178,0,0,0,0,0
46805,ECG,10414,-159,0,0,0,0,0
46805,ECG,10415,-122,0,0,0,0,0
46810,ECG,10416,-61,0,0,0,0,0
46810,ECG,10417,-26,0,0,0,0,0
46815,ECG,10418,-28,0,0,0,0,0
46815,ECG,10419,-56,0,0,0,0,0
46815,ECG,10420,-54,0,0,0,0,0
46820,ECG,10421,-44,0,0,0,0,0
46820,ECG,10422,-46,0,0,0,0,0
46825,ECG,10423,-54,0,0,0,0,0
46825,ECG,10424,-70,0,0,0,0,0
46825,ECG,10425,-66,0,0,0,0,0
46830,ECG,10426,-62,0,0,0,0,0
46830,ECG,10427,-92,0,0,0,0,0
46835,ECG,10428,-118,0,0,0,0,0
46835,ECG,10429,-137,0,0,0,0,0
46835,ECG,10430,-158,0,0,0,0,0
46840,ECG,10431,-168,0,0,0,0,0
46840,ECG,10432,-165,0,0,0,0,0
46845,ECG,10433,-140,0,0,0,0,0
46845,ECG,10434,-120,0,0,0,0,0
46845,ECG,10435,-92,0,0,0,0,0
46850,ECG,10436,-50,0,0,0,0,0
46850,ECG,10437,-28,0,0,0,0,0
46855,ECG,10438,-43,0,0,0,0,0
46855,ECG,10439,-84,0,0,0,0,0
46855,ECG,10440,-118,0,0,0,0,0
46860,ECG,10441,-136,0,0,0,0,0
46860,ECG,10442,-148,0,0,0,0,0
46865,ECG,10443,-125,0,0,0,0,0
46865,ECG,10444,-98,0,0,0,0,0
46870,ECG,10445,-67,0,0,0,0,0
46870,ECG,10446,-44,0,0,0,0,0
46875,ECG,10447,-57,0,0,0,0,0
46875,ECG,10448,-84,0,0,0,0,0
46880,ECG,10449,-92,0,0,0,0,0
46880,ECG,10450,-100,0,0,0,0,0
46880,ECG,10451,-100,0,0,0,0,0
46885,ECG,10452,-92,0,0,0,0,0
46885,ECG,10453,-80,0,0,0,0,0
46890,ECG,10454,-67,0,0,0,0,0
46890,ECG,10455,-58,0,0,0,0,0
46890,ECG,10456,-44,0,0,0,0,0
46895,ECG,10457,-45,0,0,0,0,0
46895,ECG,10458,-58,0,0,0,0,0
46900,ECG,10459,-47,0,0,0,0,0
46900,ECG,10460,-40,0,0,0,0,0
46900,ECG,10461,-57,0,0,0,0,0
46905,ECG,10462,-71,0,0,0,0,0
46905,ECG,10463,-85,0,0,0,0,0
46910,ECG,10464,-114,0,0,0,0,0
46910,ECG,10465,-116,0,0,0,0,0
46915,ECG,10466,-110,0,0,0,0,0
46915,ECG,10467,-94,0,0,0,0,0
46920,ECG,10468,-64,0,0,0,0,0
46920,ECG,10469,-47,0,0,0,0,0
46925,ECG,10470,-42,0,0,0,0,0
46925,ECG,10471,-59,0,0,0,0,0
46930,ECG,10472,-44,0,0,0,0,0
46930,ECG,10473,-56,0,0,0,0,0
46935,ECG,10474,-68,0,0,0,0,0
46935,ECG,10475,-78,0,0,0,0,0
46935,ECG,10476,-93,0,0,0,0,0
46940,ECG,10477,-103,0,0,0,0,0
46940,ECG,10478,-106,0,0,0,0,0
46945,ECG,10479,-101,0,0,0,0,0
46945,ECG,10480,-91,0,0,0,0,0
46945,ECG,10481,-77,0,0,0,0,0
46950,ECG,10482,-67,0,0,0,0,0
46950,ECG,10483,-55,0,0,0,0,0
46955,ECG,10484,-48,0,0,0,0,0
46955,ECG,10485,-57,0,0,0,0,0
46955,ECG,10486,-61,0,0,0,0,0
46960,ECG,10487,-58,0,0,0,0,0
46960,ECG,10488,-60,0,0,0,0,0
46965,ECG,10489,-60,0,0,0,0,0
46965,ECG,10490,-61,0,0,0,0,0
46970,ECG,10491,-61,0,0,0,0,0
46970,ECG,10492,-61,0,0,0,0,0
46975,ECG,10493,-62,0,0,0,0,0
46975,ECG,10494,-62,0,0,0,0,0
46980,ECG,10495,-62,0,0,0,0,0
46980,ECG,10496,-62,0,0,0,0,0
46980,ECG,10497,-63,0,0,0,0,0
46985,ECG,10498,-63,0,0,0,0,0
46985,ECG,10499,-63,0,0,0,0,0
46990,ECG,10500,-62,0,0,0,0,0
46990,ECG,10501,-66,0,0,0,0,0
46990,ECG,10502,-62,0,0,0,0,0
46995,ECG,10503,-62,0,0,0,0,0
46995,ECG,10504,-74,0,0,0,0,0
47000,ECG,10505,-33,0,0,0,0,0
47000,ECG,10506,-21,0,0,0,0,0
47000,ECG,10507,-69,0,0,0,0,0
47005,ECG,10508,-133,0,0,0,0,0
47005,ECG,10509,-196,0,0,0,0,0
47010,ECG,10510,-324,0,0,0,0,0
47010,ECG,10511,-332,0,0,0,0,0
47015,ECG,10512,-303,0,0,0,0,0
47015,ECG,10513,-233,0,0,0,0,0
47015,ECG,10514,-156,0,0,0,0,0
47020,ECG,10515,-99,0,0,0,0,0
47020,ECG,10516,-25,0,0,0,0,0
47025,ECG,10517,-15,0,0,0,0,0
47025,ECG,10518,-56,0,0,0,0,0
47030,ECG,10519,-56,0,0,0,0,0
47030,ECG,10520,-63,0,0,0,0,0
47035,ECG,10521,-61,0,0,0,0,0
47035,ECG,10522,-61,0,0,0,0,0
47035,ECG,10523,-62,0,0,0,0,0
47040,ECG,10524,-62,0,0,0,0,0
47040,ECG,10525,-62,0,0,0,0,0
47045,ECG,10526,-62,0,0,0,0,0
47045,ECG,10527,-63,0,0,0,0,0
47045,ECG,10528,-60,0,0,0,0,0
47050,ECG,10529,-58,0,0,0,0,0
47050,ECG,10530,-65,0,0,0,0,0
47055,ECG,10531,-67,0,0,0,0,0
47055,ECG,10532,-76,0,0,0,0,0
47055,ECG,10533,-80,0,0,0,0,0
47060,ECG,10534,-60,0,0,0,0,0
47060,ECG,10535,-66,0,0,0,0,0
47065,ECG,10536,-117,0,0,0,0,0
47065,ECG,10537,-145,0,0,0,0,0
47070,ECG,10538,-173,0,0,0,0,0
47070,ECG,10539,-180,0,0,0,0,0
47070,ECG,10540,-177,0,0,0,0,0
47075,ECG,10541,-161,0,0,0,0,0
47075,ECG,10542,-125,0,0,0,0,0
47080,ECG,10543,-95,0,0,0,0,0
47080,ECG,10544,-67,0,0,0,0,0
47085,ECG,10545,-46,0,0,0,0,0
47085,ECG,10546,-67,0,0,0,0,0
47090,ECG,10547,-63,0,0,0,0,0
47090,ECG,10548,-63,0,0,0,0,0
47090,ECG,10549,-65,0,0,0,0,0
47095,ECG,10550,-64,0,0,0,0,0
47095,ECG,10551,-64,0,0,0,0,0
47100,ECG,10552,-65,0,0,0,0,0
47100,ECG,10553,-65,0,0,0,0,0
47100,ECG,10554,-65,0,0,0,0,0
47105,ECG,10555,-65,0,0,0,0,0
47105,ECG,10556,-66,0,0,0,0,0
47110,ECG,10557,-66,0,0,0,0,0
47110,ECG,10558,-66,0,0,0,0,0
47110,ECG,10559,-66,0,0,0,0,0
47115,ECG,10560,-67,0,0,0,0,0
47115,ECG,10561,-67,0,0,0,0,0
47115,ECG,10562,-67,0,0,0,0,0
47120,ECG,10563,-67,0,0,0,0,0
47120,ECG,10564,-68,0,0,0,0,0
47125,ECG,10565,-68,0,0,0,0,0
47125,ECG,10566,-68,0,0,0,0,0
47130,ECG,10567,-69,0,0,0,0,0
47130,ECG,10568,-69,0,0,0,0,0
47135,ECG,10569,-69,0,0,0,0,0
47135,ECG,10570,-69,0,0,0,0,0
47135,ECG,10571,-70,0,0,0,0,0
47140,ECG,10572,-70,0,0,0,0,0
47140,ECG,10573,-70,0,0,0,0,0
47145,ECG,10574,-70,0,0,0,0,0
47145,ECG,10575,-71,0,0,0,0,0
47145,ECG,10576,-71,0,0,0,0,0
47150,ECG,10577,-71,0,0,0,0,0
47150,ECG,10578,-71,0,0,0,0,0
47155,ECG,10579,-72,0,0,0,0,0
47155,ECG,10580,-72,0,0,0,0,0
47155,ECG,10581,-72,0,0,0,0,0
47160,ECG,10582,-72,0,0,0,0,0
47160,ECG,10583,-73,0,0,0,0,0
47165,ECG,10584,-73,0,0,0,0,0
47165,ECG,10585,-73,0,0,0,0,0
47170,ECG,10586,-74,0,0,0,0,0
47170,ECG,10587,-74,0,0,0,0,0
47170,ECG,10588,-74,0,0,0,0,0
47175,ECG,10589,-74,0,0,0,0,0
47175,ECG,10590,-75,0,0,0,0,0
47180,ECG,10591,-75,0,0,0,0,0
47180,ECG,10592,-75,0,0,0,0,0
47180,ECG,10593,-75,0,0,0,0,0
47185,ECG,10594,-76,0,0,0,0,0
47185,ECG,10595,-76,0,0,0,0,0
47190,ECG,10596,-76,0,0,0,0,0
47190,ECG,10597,-76,0,0,0,0,0
47190,ECG,10598,-77,0,0,0,0,0
47195,ECG,10599,-77,0,0,0,0,0
47195,ECG,10600,-77,0,0,0,0,0
47200,ECG,10601,-77,0,0,0,0,0
47200,ECG,10602,-78,0,0,0,0,0
47200,ECG,10603,-78,0,0,0,0,0
47205,ECG,10604,-78,0,0,0,0,0
47205,ECG,10605,-78,0,0,0,0,0
47210,ECG,10606,-79,0,0,0,0,0
47210,ECG,10607,-79,0,0,0,0,0
47210,ECG,10608,-79,0,0,0,0,0
47215,ECG,10609,-80,0,0,0,0,0
47215,ECG,10610,-79,0,0,0,0,0
47215,ECG,10611,-81,0,0,0,0,0
47220,ECG,10612,-80,0,0,0,0,0
47220,ECG,10613,-78,0,0,0,0,0
47225,ECG,10614,-86,0,0,0,0,0
47225,ECG,10615,-67,0,0,0,0,0
47230,ECG,10616,-78,0,0,0,0,0
47230,ECG,10617,-113,0,0,0,0,0
47235,ECG,10618,-145,0,0,0,0,0
47235,ECG,10619,-188,0,0,0,0,0
47235,ECG,10620,-215,0,0,0,0,0
47240,ECG,10621,-221,0,0,0,0,0
47240,ECG,10622,-208,0,0,0,0,0
47245,ECG,10623,-173,0,0,0,0,0
47245,ECG,10624,-131,0,0,0,0,0
47245,ECG,10625,-102,0,0,0,0,0
47250,ECG,10626,-63,0,0,0,0,0
47250,ECG,10627,-45,0,0,0,0,0
47255,ECG,10628,-73,0,0,0,0,0
47255,ECG,10629,-82,0,0,0,0,0
47255,ECG,10630,-75,0,0,0,0,0
47260,ECG,10631,-80,0,0,0,0,0
47260,ECG,10632,-79,0,0,0,0,0
47265,ECG,10633,-80,0,0,0,0,0
47265,ECG,10634,-79,0,0,0,0,0
47270,ECG,10635,-80,0,0,0,0,0
47270,ECG,10636,-80,0,0,0,0,0
47270,ECG,10637,-80,0,0,0,0,0
47275,ECG,10638,-80,0,0,0,0,0
47275,ECG,10639,-80,0,0,0,0,0
47280,ECG,10640,-80,0,0,0,0,0
47280,ECG,10641,-80,0,0,0,0,0
47280,ECG,10642,-80,0,0,0,0,0
47285,ECG,10643,-80,0,0,0,0,0
47285,ECG,10644,-80,0,0,0,0,0
47290,ECG,10645,-80,0,0,0,0,0
47290,ECG,10646,-80,0,0,0,0,0
47290,ECG,10647,-81,0,0,0,0,0
47295,ECG,10648,-80,0,0,0,0,0
47295,ECG,10649,-81,0,0,0,0,0
47300,ECG,10650,-80,0,0,0,0,0
47300,ECG,10651,-80,0,0,0,0,0
47300,ECG,10652,-85,0,0,0,0,0
47305,ECG,10653,-72,0,0,0,0,0
47305,ECG,10654,-60,0,0,0,0,0
47310,ECG,10655,-83,0,0,0,0,0
47310,ECG,10656,-103,0,0,0,0,0
47310,ECG,10657,-121,0,0,0,0,0
47315,ECG,10658,-154,0,0,0,0,0
47315,ECG,10659,-153,0,0,0,0,0
47320,ECG,10660,-160,0,0,0,0,0
47320,ECG,10661,-167,0,0,0,0,0
47325,ECG,10662,-169,0,0,0,0,0
47325,ECG,10663,-187,0,0,0,0,0
47330,ECG,10664,-180,0,0,0,0,0
47330,ECG,10665,-186,0,0,0,0,0
47335,ECG,10666,-159,0,0,0,0,0
47335,ECG,10667,-119,0,0,0,0,0
47335,ECG,10668,-97,0,0,0,0,0
47340,ECG,10669,-62,0,0,0,0,0
47340,ECG,10670,-50,0,0,0,0,0
47345,ECG,10671,-75,0,0,0,0,0
47345,ECG,10672,-81,0,0,0,0,0
47345,ECG,10673,-75,0,0,0,0,0
47350,ECG,10674,-79,0,0,0,0,0
47350,ECG,10675,-78,0,0,0,0,0
47355,ECG,10676,-78,0,0,0,0,0
47355,ECG,10677,-79,0,0,0,0,0
47355,ECG,10678,-79,0,0,0,0,0
47360,ECG,10679,-79,0,0,0,0,0
47360,ECG,10680,-79,0,0,0,0,0
47365,ECG,10681,-80,0,0,0,0,0
47365,ECG,10682,-80,0,0,0,0,0
47370,ECG,10683,-80,0,0,0,0,0
47370,ECG,10684,-80,0,0,0,0,0
47370,ECG,10685,-80,0,0,0,0,0
47375,ECG,10686,-80,0,0,0,0,0
47375,ECG,10687,-80,0,0,0,0,0
47380,ECG,10688,-80,0,0,0,0,0
47380,ECG,10689,-81,0,0,0,0,0
47385,ECG,10690,-80,0,0,0,0,0
47385,ECG,10691,-82,0,0,0,0,0
47390,ECG,10692,-80,0,0,0,0,0
47390,ECG,10693,-80,0,0,0,0,0
47390,ECG,10694,-85,0,0,0,0,0
47395,ECG,10695,-70,0,0,0,0,0
47395,ECG,10696,-61,0,0,0,0,0
47400,ECG,10697,-84,0,0,0,0,0
47400,ECG,10698,-104,0,0,0,0,0
47400,ECG,10699,-124,0,0,0,0,0
47405,ECG,10700,-152,0,0,0,0,0
47405,ECG,10701,-166,0,0,0,0,0
47410,ECG,10702,-169,0,0,0,0,0
47410,ECG,10703,-159,0,0,0,0,0
47410,ECG,10704,-132,0,0,0,0,0
47415,ECG,10705,-114,0,0,0,0,0
47415,ECG,10706,-85,0,0,0,0,0
47420,ECG,10707,-53,0,0,0,0,0
47420,ECG,10708,-105,0,0,0,0,0
47425,ECG,10709,-132,0,0,0,0,0
47425,ECG,10710,-164,0,0,0,0,0
47430,ECG,10711,-200,0,0,0,0,0
47430,ECG,10712,-191,0,0,0,0,0
47435,ECG,10713,-166,0,0,0,0,0
47435,ECG,10714,-124,0,0,0,0,0
47435,ECG,10715,-95,0,0,0,0,0
47440,ECG,10716,-71,0,0,0,0,0
47440,ECG,10717,-55,0,0,0,0,0
47445,ECG,10718,-83,0,0,0,0,0
47445,ECG,10719,-104,0,0,0,0,0
47445,ECG,10720,-101,0,0,0,0,0
47450,ECG,10721,-104,0,0,0,0,0
47450,ECG,10722,-102,0,0,0,0,0
47455,ECG,10723,-93,0,0,0,0,0
47455,ECG,10724,-86,0,0,0,0,0
47455,ECG,10725,-81,0,0,0,0,0
47460,ECG,10726,-73,0,0,0,0,0
47460,ECG,10727,-72,0,0,0,0,0
47465,ECG,10728,-78,0,0,0,0,0
47465,ECG,10729,-78,0,0,0,0,0
47465,ECG,10730,-77,0,0,0,0,0
47470,ECG,10731,-79,0,0,0,0,0
47470,ECG,10732,-79,0,0,0,0,0
47470,ECG,10733,-79,0,0,0,0,0
47475,ECG,10734,-79,0,0,0,0,0
47475,ECG,10735,-80,0,0,0,0,0
47480,ECG,10736,-78,0,0,0,0,0
47480,ECG,10737,-82,0,0,0,0,0
47485,ECG,10738,-63,0,0,0,0,0
47485,ECG,10739,-73,0,0,0,0,0
47490,ECG,10740,-89,0,0,0,0,0
47490,ECG,10741,-108,0,0,0,0,0
47490,ECG,10742,-134,0,0,0,0,0
47495,ECG,10743,-102,0,0,0,0,0
47495,ECG,10744,-91,0,0,0,0,0
47500,ECG,10745,-164,0,0,0,0,0
47500,ECG,10746,-228,0,0,0,0,0
47500,ECG,10747,-286,0,0,0,0,0
47505,ECG,10748,-360,0,0,0,0,0
47505,ECG,10749,-397,0,0,0,0,0
47510,ECG,10750,-383,0,0,0,0,0
47510,ECG,10751,-349,0,0,0,0,0
47510,ECG,10752,-279,0,0,0,0,0
47515,ECG,10753,-174,0,0,0,0,0
47515,ECG,10754,-84,0,0,0,0,0
47520,ECG,10755,-31,0,0,0,0,0
47520,ECG,10756,-111,0,0,0,0,0
47525,ECG,10757,-150,0,0,0,0,0
47525,ECG,10758,-162,0,0,0,0,0
47530,ECG,10759,-163,0,0,0,0,0
47530,ECG,10760,-139,0,0,0,0,0
47535,ECG,10761,-109,0,0,0,0,0
47535,ECG,10762,-88,0,0,0,0,0
47535,ECG,10763,-60,0,0,0,0,0
47540,ECG,10764,-45,0,0,0,0,0
47540,ECG,10765,-64,0,0,0,0,0
47545,ECG,10766,-73,0,0,0,0,0
47545,ECG,10767,-68,0,0,0,0,0
47545,ECG,10768,-71,0,0,0,0,0
47550,ECG,10769,-70,0,0,0,0,0
47550,ECG,10770,-70,0,0,0,0,0
47555,ECG,10771,-71,0,0,0,0,0
47555,ECG,10772,-71,0,0,0,0,0
47555,ECG,10773,-71,0,0,0,0,0
47560,ECG,10774,-71,0,0,0,0,0
47560,ECG,10775,-72,0,0,0,0,0
47565,ECG,10776,-72,0,0,0,0,0
47565,ECG,10777,-72,0,0,0,0,0
47565,ECG,10778,-73,0,0,0,0,0
47570,ECG,10779,-72,0,0,0,0,0
47570,ECG,10780,-73,0,0,0,0,0
47570,ECG,10781,-73,0,0,0,0,0
47575,ECG,10782,-67,0,0,0,0,0
47575,ECG,10783,-70,0,0,0,0,0
47580,ECG,10784,-78,0,0,0,0,0
47580,ECG,10785,-83,0,0,0,0,0
47585,ECG,10786,-98,0,0,0,0,0
47585,ECG,10787,-101,0,0,0,0,0
47590,ECG,10788,-100,0,0,0,0,0
47590,ECG,10789,-95,0,0,0,0,0
47590,ECG,10790,-87,0,0,0,0,0
47595,ECG,10791,-81,0,0,0,0,0
47595,ECG,10792,-74,0,0,0,0,0
47600,ECG,10793,-68,0,0,0,0,0
47600,ECG,10794,-72,0,0,0,0,0
47600,ECG,10795,-75,0,0,0,0,0
47605,ECG,10796,-75,0,0,0,0,0
47605,ECG,10797,-77,0,0,0,0,0
47610,ECG,10798,-73,0,0,0,0,0
47610,ECG,10799,-79,0,0,0,0,0
47610,ECG,10800,-74,0,0,0,0,0
47615,ECG,10801,-42,0,0,0,0,0
47615,ECG,10802,-46,0,0,0,0,0
47620,ECG,10803,-134,0,0,0,0,0
47620,ECG,10804,-206,0,0,0,0,0
47625,ECG,10805,-269,0,0,0,0,0
47625,ECG,10806,-313,0,0,0,0,0
47630,ECG,10807,-297,0,0,0,0,0
47630,ECG,10808,-241,0,0,0,0,0
47635,ECG,10809,-177,0,0,0,0,0
47635,ECG,10810,-88,0,0,0,0,0
47635,ECG,10811,-32,0,0,0,0,0
47640,ECG,10812,-55,0,0,0,0,0
47640,ECG,10813,-90,0,0,0,0,0
47645,ECG,10814,-126,0,0,0,0,0
47645,ECG,10815,-164,0,0,0,0,0
47645,ECG,10816,-167,0,0,0,0,0
47650,ECG,10817,-166,0,0,0,0,0
47650,ECG,10818,-159,0,0,0,0,0
47655,ECG,10819,-82,0,0,0,0,0
47655,ECG,10820,-42,0,0,0,0,0
47655,ECG,10821,-84,0,0,0,0,0
47660,ECG,10822,-114,0,0,0,0,0
47660,ECG,10823,-185,0,0,0,0,0
47665,ECG,10824,-275,0,0,0,0,0
47665,ECG,10825,-310,0,0,0,0,0
47665,ECG,10826,-313,0,0,0,0,0
47670,ECG,10827,-281,0,0,0,0,0
47670,ECG,10828,-213,0,0,0,0,0
47675,ECG,10829,-74,0,0,0,0,0
47675,ECG,10830,-18,0,0,0,0,0
47680,ECG,10831,-23,0,0,0,0,0
47680,ECG,10832,-93,0,0,0,0,0
47685,ECG,10833,-134,0,0,0,0,0
47685,ECG,10834,-153,0,0,0,0,0
47690,ECG,10835,-147,0,0,0,0,0
47690,ECG,10836,-135,0,0,0,0,0
47690,ECG,10837,-111,0,0,0,0,0
47695,ECG,10838,-77,0,0,0,0,0
47695,ECG,10839,-58,0,0,0,0,0
47700,ECG,10840,-49,0,0,0,0,0
47700,ECG,10841,-66,0,0,0,0,0
47700,ECG,10842,-97,0,0,0,0,0
47705,ECG,10843,-109,0,0,0,0,0
47705,ECG,10844,-115,0,0,0,0,0
47710,ECG,10845,-117,0,0,0,0,0
47710,ECG,10846,-109,0,0,0,0,0
47710,ECG,10847,-94,0,0,0,0,0
47715,ECG,10848,-79,0,0,0,0,0
47715,ECG,10849,-68,0,0,0,0,0
47720,ECG,10850,-55,0,0,0,0,0
47720,ECG,10851,-66,0,0,0,0,0
47725,ECG,10852,-64,0,0,0,0,0
47725,ECG,10853,-65,0,0,0,0,0
47730,ECG,10854,-68,0,0,0,0,0
47730,ECG,10855,-65,0,0,0,0,0
47735,ECG,10856,-43,0,0,0,0,0
47735,ECG,10857,-52,0,0,0,0,0
47735,ECG,10858,-82,0,0,0,0,0
47740,ECG,10859,-105,0,0,0,0,0
47740,ECG,10860,-137,0,0,0,0,0
47745,ECG,10861,-155,0,0,0,0,0
47745,ECG,10862,-167,0,0,0,0,0
47745,ECG,10863,-173,0,0,0,0,0
47750,ECG,10864,-158,0,0,0,0,0
47750,ECG,10865,-148,0,0,0,0,0
47755,ECG,10866,-105,0,0,0,0,0
47755,ECG,10867,-50,0,0,0,0,0
47755,ECG,10868,-71,0,0,0,0,0
47760,ECG,10869,-141,0,0,0,0,0
47760,ECG,10870,-203,0,0,0,0,0
47765,ECG,10871,-254,0,0,0,0,0
47765,ECG,10872,-290,0,0,0,0,0
47765,ECG,10873,-305,0,0,0,0,0
47770,ECG,10874,-292,0,0,0,0,0
47770,ECG,10875,-256,0,0,0,0,0
47770,ECG,10876,-195,0,0,0,0,0
47775,ECG,10877,-132,0,0,0,0,0
47775,ECG,10878,-73,0,0,0,0,0
47780,ECG,10879,-54,0,0,0,0,0
47780,ECG,10880,-102,0,0,0,0,0
47780,ECG,10881,-128,0,0,0,0,0
47785,ECG,10882,-126,0,0,0,0,0
47785,ECG,10883,-127,0,0,0,0,0
47790,ECG,10884,-119,0,0,0,0,0
47790,ECG,10885,-115,0,0,0,0,0
47790,ECG,10886,-99,0,0,0,0,0
47795,ECG,10887,-66,0,0,0,0,0
47795,ECG,10888,-45,0,0,0,0,0
47800,ECG,10889,-45,0,0,0,0,0
47800,ECG,10890,-66,0,0,0,0,0
47800,ECG,10891,-96,0,0,0,0,0
47805,ECG,10892,-112,0,0,0,0,0
47805,ECG,10893,-124,0,0,0,0,0
47810,ECG,10894,-125,0,0,0,0,0
47810,ECG,10895,-117,0,0,0,0,0
47810,ECG,10896,-98,0,0,0,0,0
47815,ECG,10897,-72,0,0,0,0,0
47815,ECG,10898,-48,0,0,0,0,0
47820,ECG,10899,-67,0,0,0,0,0
47820,ECG,10900,-112,0,0,0,0,0
47825,ECG,10901,-145,0,0,0,0,0
47825,ECG,10902,-173,0,0,0,0,0
47830,ECG,10903,-178,0,0,0,0,0
47830,ECG,10904,-148,0,0,0,0,0
47835,ECG,10905,-77,0,0,0,0,0
47835,ECG,10906,-57,0,0,0,0,0
47835,ECG,10907,-82,0,0,0,0,0
47840,ECG,10908,-104,0,0,0,0,0
47840,ECG,10909,-162,0,0,0,0,0
47845,ECG,10910,-225,0,0,0,0,0
47845,ECG,10911,-246,0,0,0,0,0
47845,ECG,10912,-236,0,0,0,0,0
47850,ECG,10913,-204,0,0,0,0,0
47850,ECG,10914,-150,0,0,0,0,0
47855,ECG,10915,-88,0,0,0,0,0
47855,ECG,10916,-37,0,0,0,0,0
47855,ECG,10917,-16,0,0,0,0,0
47860,ECG,10918,-57,0,0,0,0,0
47860,ECG,10919,-111,0,0,0,0,0
47865,ECG,10920,-131,0,0,0,0,0
47865,ECG,10921,-146,0,0,0,0,0
47865,ECG,10922,-150,0,0,0,0,0
47870,ECG,10923,-135,0,0,0,0,0
47870,ECG,10924,-111,0,0,0,0,0
47875,ECG,10925,-65,0,0,0,0,0
47875,ECG,10926,-38,0,0,0,0,0
47880,ECG,10927,-36,0,0,0,0,0
47880,ECG,10928,-56,0,0,0,0,0
47885,ECG,10929,-54,0,0,0,0,0
47885,ECG,10930,-57,0,0,0,0,0
47890,ECG,10931,-56,0,0,0,0,0
47890,ECG,10932,-56,0,0,0,0,0
47890,ECG,10933,-57,0,0,0,0,0
47895,ECG,10934,-57,0,0,0,0,0
47895,ECG,10935,-57,0,0,0,0,0
47900,ECG,10936,-57,0,0,0,0,0
47900,ECG,10937,-57,0,0,0,0,0
47900,ECG,10938,-58,0,0,0,0,0
47905,ECG,10939,-58,0,0,0,0,0
47905,ECG,10940,-58,0,0,0,0,0
47910,ECG,10941,-58,0,0,0,0,0
47910,ECG,10942,-58,0,0,0,0,0
47910,ECG,10943,-59,0,0,0,0,0
47915,ECG,10944,-58,0,0,0,0,0
47915,ECG,10945,-58,0,0,0,0,0
47920,ECG,10946,-62,0,0,0,0,0
47920,ECG,10947,-63,0,0,0,0,0
47925,ECG,10948,-66,0,0,0,0,0
47925,ECG,10949,-68,0,0,0,0,0
47930,ECG,10950,-68,0,0,0,0,0
47930,ECG,10951,-67,0,0,0,0,0
47935,ECG,10952,-40,0,0,0,0,0
47935,ECG,10953,-32,0,0,0,0,0
47935,ECG,10954,-70,0,0,0,0,0
47940,ECG,10955,-108,0,0,0,0,0
47940,ECG,10956,-149,0,0,0,0,0
47945,ECG,10957,-194,0,0,0,0,0
47945,ECG,10958,-222,0,0,0,0,0
47945,ECG,10959,-216,0,0,0,0,0
47950,ECG,10960,-205,0,0,0,0,0
47950,ECG,10961,-152,0,0,0,0,0
47955,ECG,10962,-58,0,0,0,0,0
47955,ECG,10963,-42,0,0,0,0,0
47955,ECG,10964,-73,0,0,0,0,0
47960,ECG,10965,-126,0,0,0,0,0
47960,ECG,10966,-226,0,0,0,0,0
47965,ECG,10967,-320,0,0,0,0,0
47965,ECG,10968,-307,0,0,0,0,0
47970,ECG,10969,-263,0,0,0,0,0
47970,ECG,10970,-185,0,0,0,0,0
47970,ECG,10971,-77,0,0,0,0,0
47975,ECG,10972,-17,0,0,0,0,0
47975,ECG,10973,-21,0,0,0,0,0
47980,ECG,10974,-99,0,0,0,0,0
47980,ECG,10975,-201,0,0,0,0,0
47985,ECG,10976,-287,0,0,0,0,0
47985,ECG,10977,-281,0,0,0,0,0
47990,ECG,10978,-250,0,0,0,0,0
47990,ECG,10979,-172,0,0,0,0,0
47990,ECG,10980,-70,0,0,0,0,0
47995,ECG,10981,-32,0,0,0,0,0
47995,ECG,10982,-20,0,0,0,0,0
48000,ECG,10983,-90,0,0,0,0,0
48000,ECG,10984,-219,0,0,0,0,0
48000,ECG,10985,-284,0,0,0,0,0
48005,ECG,10986,-327,0,0,0,0,0
48005,ECG,10987,-341,0,0,0,0,0
48010,ECG,10988,-293,0,0,0,0,0
48010,ECG,10989,-233,0,0,0,0,0
48010,ECG,10990,-138,0,0,0,0,0
48015,ECG,10991,1,0,0,0,0,0
48015,ECG,10992,0,0,0,0,0,0
48020,ECG,10993,-221,0,0,0,0,0
48020,ECG,10994,-362,0,0,0,0,0
48025,ECG,10995,-504,0,0,0,0,0
48025,ECG,10996,-558,0,0,0,0,0
48025,ECG,10997,-543,0,0,0,0,0
48030,ECG,10998,-464,0,0,0,0,0
48030,ECG,10999,-252,0,0,0,0,0
48035,ECG,11000,-74,0,0,0,0,0
48035,ECG,11001,-45,0,0,0,0,0
48035,ECG,11002,-71,0,0,0,0,0
48040,ECG,11003,-224,0,0,0,0,0
48040,ECG,11004,-435,0,0,0,0,0
48045,ECG,11005,-535,0,0,0,0,0
48045,ECG,11006,-552,0,0,0,0,0
48045,ECG,11007,-499,0,0,0,0,0
48050,ECG,11008,-368,0,0,0,0,0
48050,ECG,11009,-222,0,0,0,0,0
48055,ECG,11010,-79,0,0,0,0,0
48055,ECG,11011,25,0,0,0,0,0
48055,ECG,11012,24,0,0,0,0,0
48060,ECG,11013,-40,0,0,0,0,0
48060,ECG,11014,-104,0,0,0,0,0
48065,ECG,11015,-127,0,0,0,0,0
48065,ECG,11016,-156,0,0,0,0,0
48065,ECG,11017,-150,0,0,0,0,0
48070,ECG,11018,-139,0,0,0,0,0
48070,ECG,11019,-96,0,0,0,0,0
48075,ECG,11020,-8,0,0,0,0,0
48075,ECG,11021,-28,0,0,0,0,0
48080,ECG,11022,-70,0,0,0,0,0
48080,ECG,11023,-153,0,0,0,0,0
48085,ECG,11024,-221,0,0,0,0,0
48085,ECG,11025,-217,0,0,0,0,0
48090,ECG,11026,-173,0,0,0,0,0
48090,ECG,11027,-123,0,0,0,0,0
48090,ECG,11028,-61,0,0,0,0,0
48095,ECG,11029,18,0,0,0,0,0
48095,ECG,11030,24,0,0,0,0,0
48100,ECG,11031,-30,0,0,0,0,0
48100,ECG,11032,-97,0,0,0,0,0
48100,ECG,11033,-138,0,0,0,0,0
48105,ECG,11034,-177,0,0,0,0,0
48105,ECG,11035,-193,0,0,0,0,0
48110,ECG,11036,-174,0,0,0,0,0
48110,ECG,11037,-145,0,0,0,0,0
48110,ECG,11038,-89,0,0,0,0,0
48115,ECG,11039,-2,0,0,0,0,0
48115,ECG,11040,25,0,0,0,0,0
48120,ECG,11041,-103,0,0,0,0,0
48120,ECG,11042,-197,0,0,0,0,0
48125,ECG,11043,-267,0,0,0,0,0
48125,ECG,11044,-293,0,0,0,0,0
48125,ECG,11045,-300,0,0,0,0,0
48130,ECG,11046,-241,0,0,0,0,0
48130,ECG,11047,-48,0,0,0,0,0
48135,ECG,11048,28,0,0,0,0,0
48135,ECG,11049,-76,0,0,0,0,0
48135,ECG,11050,-200,0,0,0,0,0
48140,ECG,11051,-421,0,0,0,0,0
48140,ECG,11052,-677,0,0,0,0,0
48145,ECG,11053,-792,0,0,0,0,0
48145,ECG,11054,-793,0,0,0,0,0
48145,ECG,11055,-679,0,0,0,0,0
48150,ECG,11056,-475,0,0,0,0,0
48150,ECG,11057,-246,0,0,0,0,0
48155,ECG,11058,-16,0,0,0,0,0
48155,ECG,11059,48,0,0,0,0,0
48155,ECG,11060,47,0,0,0,0,0
48160,ECG,11061,-78,0,0,0,0,0
48160,ECG,11062,-162,0,0,0,0,0
48165,ECG,11063,-199,0,0,0,0,0
48165,ECG,11064,-224,0,0,0,0,0
48165,ECG,11065,-200,0,0,0,0,0
48170,ECG,11066,-164,0,0,0,0,0
48170,ECG,11067,-76,0,0,0,0,0
48175,ECG,11068,39,0,0,0,0,0
48175,ECG,11069,2,0,0,0,0,0
48180,ECG,11070,-98,0,0,0,0,0
48180,ECG,11071,-204,0,0,0,0,0
48185,ECG,11072,-286,0,0,0,0,0
48185,ECG,11073,-265,0,0,0,0,0
48190,ECG,11074,-214,0,0,0,0,0
48190,ECG,11075,-104,0,0,0,0,0
48190,ECG,11076,12,0,0,0,0,0
48195,ECG,11077,41,0,0,0,0,0
48195,ECG,11078,11,0,0,0,0,0
48200,ECG,11079,-103,0,0,0,0,0
48200,ECG,11080,-228,0,0,0,0,0
48200,ECG,11081,-288,0,0,0,0,0
48205,ECG,11082,-318,0,0,0,0,0
48205,ECG,11083,-292,0,0,0,0,0
48210,ECG,11084,-230,0,0,0,0,0
48210,ECG,11085,-134,0,0,0,0,0
48210,ECG,11086,18,0,0,0,0,0
48215,ECG,11087,53,0,0,0,0,0
48215,ECG,11088,38,0,0,0,0,0
48220,ECG,11089,-267,0,0,0,0,0
48220,ECG,11090,-378,0,0,0,0,0
48225,ECG,11091,-446,0,0,0,0,0
48225,ECG,11092,-442,0,0,0,0,0
48225,ECG,11093,-368,0,0,0,0,0
48230,ECG,11094,-246,0,0,0,0,0
48230,ECG,11095,-101,0,0,0,0,0
48235,ECG,11096,33,0,0,0,0,0
48235,ECG,11097,61,0,0,0,0,0
48235,ECG,11098,34,0,0,0,0,0
48240,ECG,11099,-99,0,0,0,0,0
48240,ECG,11100,-172,0,0,0,0,0
48245,ECG,11101,-216,0,0,0,0,0
48245,ECG,11102,-234,0,0,0,0,0
48245,ECG,11103,-227,0,0,0,0,0
48250,ECG,11104,-129,0,0,0,0,0
48250,ECG,11105,36,0,0,0,0,0
48255,ECG,11106,56,0,0,0,0,0
48255,ECG,11107,-46,0,0,0,0,0
48255,ECG,11108,-209,0,0,0,0,0
48260,ECG,11109,-453,0,0,0,0,0
48260,ECG,11110,-668,0,0,0,0,0
48265,ECG,11111,-763,0,0,0,0,0
48265,ECG,11112,-744,0,0,0,0,0
48265,ECG,11113,-623,0,0,0,0,0
48270,ECG,11114,-383,0,0,0,0,0
48270,ECG,11115,-107,0,0,0,0,0
48275,ECG,11116,79,0,0,0,0,0
48275,ECG,11117,-77,0,0,0,0,0
48280,ECG,11118,-367,0,0,0,0,0
48280,ECG,11119,-572,0,0,0,0,0
48285,ECG,11120,-725,0,0,0,0,0
48285,ECG,11121,-625,0,0,0,0,0
48290,ECG,11122,-455,0,0,0,0,0
48290,ECG,11123,-228,0,0,0,0,0
48290,ECG,11124,19,0,0,0,0,0
48295,ECG,11125,95,0,0,0,0,0
48295,ECG,11126,83,0,0,0,0,0
48300,ECG,11127,-36,0,0,0,0,0
48300,ECG,11128,-156,0,0,0,0,0
48300,ECG,11129,-232,0,0,0,0,0
48305,ECG,11130,-245,0,0,0,0,0
48305,ECG,11131,-224,0,0,0,0,0
48310,ECG,11132,-162,0,0,0,0,0
48310,ECG,11133,-41,0,0,0,0,0
48310,ECG,11134,82,0,0,0,0,0
48315,ECG,11135,94,0,0,0,0,0
48315,ECG,11136,49,0,0,0,0,0
48320,ECG,11137,-358,0,0,0,0,0
48320,ECG,11138,-503,0,0,0,0,0
48325,ECG,11139,-591,0,0,0,0,0
48325,ECG,11140,-569,0,0,0,0,0
48325,ECG,11141,-472,0,0,0,0,0
48330,ECG,11142,-285,0,0,0,0,0
48330,ECG,11143,-42,0,0,0,0,0
48335,ECG,11144,88,0,0,0,0,0
48335,ECG,11145,86,0,0,0,0,0
48340,ECG,11146,-200,0,0,0,0,0
48340,ECG,11147,-332,0,0,0,0,0
48345,ECG,11148,-370,0,0,0,0,0
48345,ECG,11149,-352,0,0,0,0,0
48345,ECG,11150,-287,0,0,0,0,0
48350,ECG,11151,-131,0,0,0,0,0
48350,ECG,11152,37,0,0,0,0,0
48355,ECG,11153,100,0,0,0,0,0
48355,ECG,11154,79,0,0,0,0,0
48355,ECG,11155,-61,0,0,0,0,0
48360,ECG,11156,-242,0,0,0,0,0
48360,ECG,11157,-337,0,0,0,0,0
48365,ECG,11158,-381,0,0,0,0,0
48365,ECG,11159,-359,0,0,0,0,0
48365,ECG,11160,-270,0,0,0,0,0
48370,ECG,11161,-147,0,0,0,0,0
48370,ECG,11162,-9,0,0,0,0,0
48375,ECG,11163,112,0,0,0,0,0
48375,ECG,11164,54,0,0,0,0,0
48380,ECG,11165,-44,0,0,0,0,0
48380,ECG,11166,-87,0,0,0,0,0
48385,ECG,11167,-117,0,0,0,0,0
48385,ECG,11168,-97,0,0,0,0,0
48390,ECG,11169,-48,0,0,0,0,0
48390,ECG,11170,81,0,0,0,0,0
48390,ECG,11171,108,0,0,0,0,0
48395,ECG,11172,62,0,0,0,0,0
48395,ECG,11173,-52,0,0,0,0,0
48400,ECG,11174,-214,0,0,0,0,0
48400,ECG,11175,-349,0,0,0,0,0
48400,ECG,11176,-419,0,0,0,0,0
48405,ECG,11177,-426,0,0,0,0,0
48405,ECG,11178,-349,0,0,0,0,0
48410,ECG,11179,-222,0,0,0,0,0
48410,ECG,11180,-85,0,0,0,0,0
48410,ECG,11181,84,0,0,0,0,0
48415,ECG,11182,113,0,0,0,0,0
48415,ECG,11183,112,0,0,0,0,0
48420,ECG,11184,-149,0,0,0,0,0
48420,ECG,11185,-235,0,0,0,0,0
48425,ECG,11186,-283,0,0,0,0,0
48425,ECG,11187,-278,0,0,0,0,0
48425,ECG,11188,-226,0,0,0,0,0
48430,ECG,11189,-54,0,0,0,0,0
48430,ECG,11190,75,0,0,0,0,0
48435,ECG,11191,49,0,0,0,0,0
48435,ECG,11192,-15,0,0,0,0,0
48440,ECG,11193,-396,0,0,0,0,0
48440,ECG,11194,-510,0,0,0,0,0
48445,ECG,11195,-525,0,0,0,0,0
48445,ECG,11196,-465,0,0,0,0,0
48445,ECG,11197,-329,0,0,0,0,0
48450,ECG,11198,-117,0,0,0,0,0
48450,ECG,11199,89,0,0,0,0,0
48455,ECG,11200,121,0,0,0,0,0
48455,ECG,11201,84,0,0,0,0,0
48455,ECG,11202,-133,0,0,0,0,0
48460,ECG,11203,-323,0,0,0,0,0
48460,ECG,11204,-445,0,0,0,0,0
48465,ECG,11205,-492,0,0,0,0,0
48465,ECG,11206,-466,0,0,0,0,0
48465,ECG,11207,-350,0,0,0,0,0
48470,ECG,11208,-105,0,0,0,0,0
48470,ECG,11209,75,0,0,0,0,0
48475,ECG,11210,12,0,0,0,0,0
48475,ECG,11211,-225,0,0,0,0,0
48480,ECG,11212,-473,0,0,0,0,0
48480,ECG,11213,-603,0,0,0,0,0
48485,ECG,11214,-562,0,0,0,0,0
48485,ECG,11215,-385,0,0,0,0,0
48490,ECG,11216,-200,0,0,0,0,0
48490,ECG,11217,19,0,0,0,0,0
48490,ECG,11218,140,0,0,0,0,0
48495,ECG,11219,139,0,0,0,0,0
48495,ECG,11220,40,0,0,0,0,0
48500,ECG,11221,-84,0,0,0,0,0
48500,ECG,11222,-186,0,0,0,0,0
48500,ECG,11223,-264,0,0,0,0,0
48505,ECG,11224,-275,0,0,0,0,0
48505,ECG,11225,-257,0,0,0,0,0
48510,ECG,11226,-121,0,0,0,0,0
48510,ECG,11227,90,0,0,0,0,0
48510,ECG,11228,121,0,0,0,0,0
48515,ECG,11229,19,0,0,0,0,0
48515,ECG,11230,-149,0,0,0,0,0
48520,ECG,11231,-430,0,0,0,0,0
48520,ECG,11232,-658,0,0,0,0,0
48520,ECG,11233,-744,0,0,0,0,0
48525,ECG,11234,-711,0,0,0,0,0
48525,ECG,11235,-560,0,0,0,0,0
48530,ECG,11236,-44,0,0,0,0,0
48530,ECG,11237,154,0,0,0,0,0
48535,ECG,11238,153,0,0,0,0,0
48535,ECG,11239,51,0,0,0,0,0
48540,ECG,11240,-411,0,0,0,0,0
48540,ECG,11241,-541,0,0,0,0,0
48545,ECG,11242,-582,0,0,0,0,0
48545,ECG,11243,-516,0,0,0,0,0
48545,ECG,11244,-357,0,0,0,0,0
48550,ECG,11245,-135,0,0,0,0,0
48550,ECG,11246,64,0,0,0,0,0
48555,ECG,11247,162,0,0,0,0,0
48555,ECG,11248,149,0,0,0,0,0
48555,ECG,11249,-19,0,0,0,0,0
48560,ECG,11250,-162,0,0,0,0,0
48560,ECG,11251,-235,0,0,0,0,0
48565,ECG,11252,-249,0,0,0,0,0
48565,ECG,11253,-226,0,0,0,0,0
48565,ECG,11254,-142,0,0,0,0,0
48570,ECG,11255,49,0,0,0,0,0
48570,ECG,11256,155,0,0,0,0,0
48575,ECG,11257,13,0,0,0,0,0
48575,ECG,11258,-180,0,0,0,0,0
48580,ECG,11259,-369,0,0,0,0,0
48580,ECG,11260,-463,0,0,0,0,0
48585,ECG,11261,-392,0,0,0,0,0
48585,ECG,11262,-246,0,0,0,0,0
48590,ECG,11263,-30,0,0,0,0,0
48590,ECG,11264,162,0,0,0,0,0
48590,ECG,11265,165,0,0,0,0,0
48595,ECG,11266,96,0,0,0,0,0
48595,ECG,11267,-131,0,0,0,0,0
48600,ECG,11268,-299,0,0,0,0,0
48600,ECG,11269,-406,0,0,0,0,0
48600,ECG,11270,-447,0,0,0,0,0
48605,ECG,11271,-394,0,0,0,0,0
48605,ECG,11272,-267,0,0,0,0,0
48610,ECG,11273,-97,0,0,0,0,0
48610,ECG,11274,91,0,0,0,0,0
48610,ECG,11275,169,0,0,0,0,0
48615,ECG,11276,167,0,0,0,0,0
48615,ECG,11277,-15,0,0,0,0,0
48620,ECG,11278,-306,0,0,0,0,0
48620,ECG,11279,-382,0,0,0,0,0
48625,ECG,11280,-379,0,0,0,0,0
48625,ECG,11281,-299,0,0,0,0,0
48625,ECG,11282,-162,0,0,0,0,0
48630,ECG,11283,-4,0,0,0,0,0
48630,ECG,11284,122,0,0,0,0,0
48635,ECG,11285,170,0,0,0,0,0
48635,ECG,11286,130,0,0,0,0,0
48640,ECG,11287,-61,0,0,0,0,0
48640,ECG,11288,-89,0,0,0,0,0
48645,ECG,11289,-89,0,0,0,0,0
48645,ECG,11290,-68,0,0,0,0,0
48645,ECG,11291,-6,0,0,0,0,0
48650,ECG,11292,107,0,0,0,0,0
48650,ECG,11293,140,0,0,0,0,0
48655,ECG,11294,102,0,0,0,0,0
48655,ECG,11295,48,0,0,0,0,0
48655,ECG,11296,-58,0,0,0,0,0
48660,ECG,11297,-145,0,0,0,0,0
48660,ECG,11298,-171,0,0,0,0,0
48665,ECG,11299,-163,0,0,0,0,0
48665,ECG,11300,-111,0,0,0,0,0
48665,ECG,11301,-29,0,0,0,0,0
48670,ECG,11302,47,0,0,0,0,0
48670,ECG,11303,122,0,0,0,0,0
48675,ECG,11304,135,0,0,0,0,0
48675,ECG,11305,76,0,0,0,0,0
48680,ECG,11306,70,0,0,0,0,0
48680,ECG,11307,57,0,0,0,0,0
48680,ECG,11308,54,0,0,0,0,0
48685,ECG,11309,58,0,0,0,0,0
48685,ECG,11310,65,0,0,0,0,0
48690,ECG,11311,131,0,0,0,0,0
48690,ECG,11312,147,0,0,0,0,0
48690,ECG,11313,105,0,0,0,0,0
48695,ECG,11314,16,0,0,0,0,0
48695,ECG,11315,-93,0,0,0,0,0
48700,ECG,11316,-199,0,0,0,0,0
48700,ECG,11317,-274,0,0,0,0,0
48700,ECG,11318,-278,0,0,0,0,0
48705,ECG,11319,-241,0,0,0,0,0
48705,ECG,11320,-161,0,0,0,0,0
48710,ECG,11321,54,0,0,0,0,0
48710,ECG,11322,147,0,0,0,0,0
48710,ECG,11323,118,0,0,0,0,0
48715,ECG,11324,-23,0,0,0,0,0
48715,ECG,11325,-249,0,0,0,0,0
48720,ECG,11326,-576,0,0,0,0,0
48720,ECG,11327,-587,0,0,0,0,0
48725,ECG,11328,-499,0,0,0,0,0
48725,ECG,11329,-325,0,0,0,0,0
48725,ECG,11330,-80,0,0,0,0,0
48730,ECG,11331,128,0,0,0,0,0
48730,ECG,11332,155,0,0,0,0,0
48735,ECG,11333,135,0,0,0,0,0
48735,ECG,11334,-119,0,0,0,0,0
48740,ECG,11335,-374,0,0,0,0,0
48740,ECG,11336,-418,0,0,0,0,0
48745,ECG,11337,-371,0,0,0,0,0
48745,ECG,11338,-261,0,0,0,0,0
48745,ECG,11339,-67,0,0,0,0,0
48750,ECG,11340,100,0,0,0,0,0
48750,ECG,11341,159,0,0,0,0,0
48755,ECG,11342,114,0,0,0,0,0
48755,ECG,11343,-63,0,0,0,0,0
48755,ECG,11344,-228,0,0,0,0,0
48760,ECG,11345,-313,0,0,0,0,0
48760,ECG,11346,-339,0,0,0,0,0
48765,ECG,11347,-293,0,0,0,0,0
48765,ECG,11348,-210,0,0,0,0,0
48765,ECG,11349,-35,0,0,0,0,0
48770,ECG,11350,160,0,0,0,0,0
48770,ECG,11351,159,0,0,0,0,0
48775,ECG,11352,-106,0,0,0,0,0
48775,ECG,11353,-316,0,0,0,0,0
48780,ECG,11354,-450,0,0,0,0,0
48780,ECG,11355,-511,0,0,0,0,0
48780,ECG,11356,-473,0,0,0,0,0
48785,ECG,11357,-356,0,0,0,0,0
48785,ECG,11358,-166,0,0,0,0,0
48790,ECG,11359,37,0,0,0,0,0
48790,ECG,11360,166,0,0,0,0,0
48795,ECG,11361,53,0,0,0,0,0
48795,ECG,11362,-96,0,0,0,0,0
48800,ECG,11363,-164,0,0,0,0,0
48800,ECG,11364,-205,0,0,0,0,0
48800,ECG,11365,-191,0,0,0,0,0
48805,ECG,11366,-132,0,0,0,0,0
48805,ECG,11367,-42,0,0,0,0,0
48810,ECG,11368,93,0,0,0,0,0
48810,ECG,11369,162,0,0,0,0,0
48810,ECG,11370,160,0,0,0,0,0
48815,ECG,11371,33,0,0,0,0,0
48815,ECG,11372,-110,0,0,0,0,0
48820,ECG,11373,-208,0,0,0,0,0
48820,ECG,11374,-273,0,0,0,0,0
48820,ECG,11375,-271,0,0,0,0,0
48825,ECG,11376,-223,0,0,0,0,0
48825,ECG,11377,-120,0,0,0,0,0
48830,ECG,11378,154,0,0,0,0,0
48830,ECG,11379,139,0,0,0,0,0
48835,ECG,11380,49,0,0,0,0,0
48835,ECG,11381,-127,0,0,0,0,0
48840,ECG,11382,-309,0,0,0,0,0
48840,ECG,11383,-307,0,0,0,0,0
48845,ECG,11384,-242,0,0,0,0,0
48845,ECG,11385,-140,0,0,0,0,0
48845,ECG,11386,50,0,0,0,0,0
48850,ECG,11387,160,0,0,0,0,0
48850,ECG,11388,158,0,0,0,0,0
48855,ECG,11389,36,0,0,0,0,0
48855,ECG,11390,-175,0,0,0,0,0
48855,ECG,11391,-339,0,0,0,0,0
48860,ECG,11392,-440,0,0,0,0,0
48860,ECG,11393,-459,0,0,0,0,0
48865,ECG,11394,-396,0,0,0,0,0
48865,ECG,11395,-256,0,0,0,0,0
48865,ECG,11396,-14,0,0,0,0,0
48870,ECG,11397,151,0,0,0,0,0
48870,ECG,11398,163,0,0,0,0,0
48875,ECG,11399,-188,0,0,0,0,0
48875,ECG,11400,-386,0,0,0,0,0
48880,ECG,11401,-478,0,0,0,0,0
48880,ECG,11402,-504,0,0,0,0,0
48880,ECG,11403,-427,0,0,0,0,0
48885,ECG,11404,-280,0,0,0,0,0
48885,ECG,11405,-68,0,0,0,0,0
48890,ECG,11406,126,0,0,0,0,0
48890,ECG,11407,169,0,0,0,0,0
48895,ECG,11408,-38,0,0,0,0,0
48895,ECG,11409,-181,0,0,0,0,0
48900,ECG,11410,-252,0,0,0,0,0
48900,ECG,11411,-280,0,0,0,0,0
48900,ECG,11412,-239,0,0,0,0,0
48905,ECG,11413,-167,0,0,0,0,0
48905,ECG,11414,22,0,0,0,0,0
48910,ECG,11415,169,0,0,0,0,0
48910,ECG,11416,167,0,0,0,0,0
48910,ECG,11417,37,0,0,0,0,0
48915,ECG,11418,-303,0,0,0,0,0
48915,ECG,11419,-646,0,0,0,0,0
48920,ECG,11420,-899,0,0,0,0,0
48920,ECG,11421,-1022,0,0,0,0,0
48920,ECG,11422,-963,0,0,0,0,0
48925,ECG,11423,-750,0,0,0,0,0
48925,ECG,11424,-427,0,0,0,0,0
48930,ECG,11425,191,0,0,0,0,0
48930,ECG,11426,190,0,0,0,0,0
48935,ECG,11427,79,0,0,0,0,0
48935,ECG,11428,-183,0,0,0,0,0
48940,ECG,11429,-420,0,0,0,0,0
48940,ECG,11430,-412,0,0,0,0,0
48945,ECG,11431,-335,0,0,0,0,0
48945,ECG,11432,-170,0,0,0,0,0
48945,ECG,11433,92,0,0,0,0,0
48950,ECG,11434,194,0,0,0,0,0
48950,ECG,11435,180,0,0,0,0,0
48955,ECG,11436,-6,0,0,0,0,0
48955,ECG,11437,-287,0,0,0,0,0
48955,ECG,11438,-494,0,0,0,0,0
48960,ECG,11439,-597,0,0,0,0,0
48960,ECG,11440,-593,0,0,0,0,0
48965,ECG,11441,-478,0,0,0,0,0
48965,ECG,11442,-285,0,0,0,0,0
48965,ECG,11443,-13,0,0,0,0,0
48970,ECG,11444,202,0,0,0,0,0
48970,ECG,11445,200,0,0,0,0,0
48975,ECG,11446,140,0,0,0,0,0
48975,ECG,11447,-89,0,0,0,0,0
48975,ECG,11448,-240,0,0,0,0,0
48980,ECG,11449,-313,0,0,0,0,0
48980,ECG,11450,-321,0,0,0,0,0
48985,ECG,11451,-130,0,0,0,0,0
48985,ECG,11452,109,0,0,0,0,0
48990,ECG,11453,166,0,0,0,0,0
48990,ECG,11454,138,0,0,0,0,0
48995,ECG,11455,-213,0,0,0,0,0
48995,ECG,11456,-373,0,0,0,0,0
49000,ECG,11457,-415,0,0,0,0,0
49000,ECG,11458,-401,0,0,0,0,0
49000,ECG,11459,-295,0,0,0,0,0
49005,ECG,11460,-103,0,0,0,0,0
49005,ECG,11461,101,0,0,0,0,0
49010,ECG,11462,203,0,0,0,0,0
49010,ECG,11463,201,0,0,0,0,0
49010,ECG,11464,7,0,0,0,0,0
49015,ECG,11465,-263,0,0,0,0,0
49015,ECG,11466,-425,0,0,0,0,0
49020,ECG,11467,-543,0,0,0,0,0
49020,ECG,11468,-556,0,0,0,0,0
49020,ECG,11469,-451,0,0,0,0,0
49025,ECG,11470,-283,0,0,0,0,0
49025,ECG,11471,-62,0,0,0,0,0
49030,ECG,11472,209,0,0,0,0,0
49030,ECG,11473,207,0,0,0,0,0
49035,ECG,11474,73,0,0,0,0,0
49035,ECG,11475,-43,0,0,0,0,0
49040,ECG,11476,-124,0,0,0,0,0
49040,ECG,11477,-106,0,0,0,0,0
49045,ECG,11478,-59,0,0,0,0,0
49045,ECG,11479,58,0,0,0,0,0
49045,ECG,11480,202,0,0,0,0,0
49050,ECG,11481,200,0,0,0,0,0
49050,ECG,11482,139,0,0,0,0,0
49055,ECG,11483,-87,0,0,0,0,0
49055,ECG,11484,-321,0,0,0,0,0
49055,ECG,11485,-517,0,0,0,0,0
49060,ECG,11486,-628,0,0,0,0,0
49060,ECG,11487,-616,0,0,0,0,0
49065,ECG,11488,-506,0,0,0,0,0
49065,ECG,11489,-263,0,0,0,0,0
49065,ECG,11490,15,0,0,0,0,0
49070,ECG,11491,163,0,0,0,0,0
49070,ECG,11492,177,0,0,0,0,0
49075,ECG,11493,-168,0,0,0,0,0
49075,ECG,11494,-321,0,0,0,0,0
49080,ECG,11495,-363,0,0,0,0,0
49080,ECG,11496,-328,0,0,0,0,0
49080,ECG,11497,-237,0,0,0,0,0
49085,ECG,11498,-58,0,0,0,0,0
49085,ECG,11499,122,0,0,0,0,0
49090,ECG,11500,209,0,0,0,0,0
49090,ECG,11501,205,0,0,0,0,0
49095,ECG,11502,-101,0,0,0,0,0
49095,ECG,11503,-175,0,0,0,0,0
49100,ECG,11504,-215,0,0,0,0,0
49100,ECG,11505,-191,0,0,0,0,0
49100,ECG,11506,-119,0,0,0,0,0
49105,ECG,11507,-11,0,0,0,0,0
49105,ECG,11508,168,0,0,0,0,0
49110,ECG,11509,205,0,0,0,0,0
49110,ECG,11510,203,0,0,0,0,0
49110,ECG,11511,-21,0,0,0,0,0
49115,ECG,11512,-259,0,0,0,0,0
49115,ECG,11513,-464,0,0,0,0,0
49120,ECG,11514,-607,0,0,0,0,0
49120,ECG,11515,-625,0,0,0,0,0
49120,ECG,11516,-537,0,0,0,0,0
49125,ECG,11517,-324,0,0,0,0,0
49125,ECG,11518,-25,0,0,0,0,0
49130,ECG,11519,212,0,0,0,0,0
49130,ECG,11520,67,0,0,0,0,0
49135,ECG,11521,-254,0,0,0,0,0
49135,ECG,11522,-519,0,0,0,0,0
49140,ECG,11523,-678,0,0,0,0,0
49140,ECG,11524,-584,0,0,0,0,0
49145,ECG,11525,-358,0,0,0,0,0
49145,ECG,11526,-55,0,0,0,0,0
49145,ECG,11527,156,0,0,0,0,0
49150,ECG,11528,212,0,0,0,0,0
49150,ECG,11529,112,0,0,0,0,0
49155,ECG,11530,-125,0,0,0,0,0
49155,ECG,11531,-326,0,0,0,0,0
49155,ECG,11532,-405,0,0,0,0,0
49160,ECG,11533,-397,0,0,0,0,0
49160,ECG,11534,-307,0,0,0,0,0
49165,ECG,11535,-162,0,0,0,0,0
49165,ECG,11536,44,0,0,0,0,0
49165,ECG,11537,225,0,0,0,0,0
49170,ECG,11538,223,0,0,0,0,0
49170,ECG,11539,161,0,0,0,0,0
49175,ECG,11540,-160,0,0,0,0,0
49175,ECG,11541,-242,0,0,0,0,0
49180,ECG,11542,-261,0,0,0,0,0
49180,ECG,11543,-233,0,0,0,0,0
49185,ECG,11544,92,0,0,0,0,0
49185,ECG,11545,221,0,0,0,0,0
49190,ECG,11546,219,0,0,0,0,0
49190,ECG,11547,107,0,0,0,0,0
49190,ECG,11548,-251,0,0,0,0,0
49195,ECG,11549,-553,0,0,0,0,0
49195,ECG,11550,-766,0,0,0,0,0
49200,ECG,11551,-876,0,0,0,0,0
49200,ECG,11552,-819,0,0,0,0,0
49200,ECG,11553,-621,0,0,0,0,0
49205,ECG,11554,-326,0,0,0,0,0
49205,ECG,11555,15,0,0,0,0,0
49210,ECG,11556,237,0,0,0,0,0
49210,ECG,11557,235,0,0,0,0,0
49210,ECG,11558,72,0,0,0,0,0
49215,ECG,11559,-163,0,0,0,0,0
49215,ECG,11560,-366,0,0,0,0,0
49220,ECG,11561,-438,0,0,0,0,0
49220,ECG,11562,-354,0,0,0,0,0
49225,ECG,11563,-165,0,0,0,0,0
49225,ECG,11564,95,0,0,0,0,0
49225,ECG,11565,239,0,0,0,0,0
49230,ECG,11566,237,0,0,0,0,0
49230,ECG,11567,35,0,0,0,0,0
49235,ECG,11568,-279,0,0,0,0,0
49235,ECG,11569,-559,0,0,0,0,0
49240,ECG,11570,-770,0,0,0,0,0
49240,ECG,11571,-681,0,0,0,0,0
49245,ECG,11572,-416,0,0,0,0,0
49245,ECG,11573,-43,0,0,0,0,0
49245,ECG,11574,195,0,0,0,0,0
49250,ECG,11575,195,0,0,0,0,0
49250,ECG,11576,-6,0,0,0,0,0
49255,ECG,11577,-347,0,0,0,0,0
49255,ECG,11578,-672,0,0,0,0,0
49255,ECG,11579,-823,0,0,0,0,0
49260,ECG,11580,-806,0,0,0,0,0
49260,ECG,11581,-659,0,0,0,0,0
49265,ECG,11582,-344,0,0,0,0,0
49265,ECG,11583,36,0,0,0,0,0
49265,ECG,11584,266,0,0,0,0,0
49270,ECG,11585,264,0,0,0,0,0
49270,ECG,11586,25,0,0,0,0,0
49275,ECG,11587,-752,0,0,0,0,0
49275,ECG,11588,-950,0,0,0,0,0
49280,ECG,11589,-985,0,0,0,0,0
49280,ECG,11590,-834,0,0,0,0,0
49285,ECG,11591,-162,0,0,0,0,0
49285,ECG,11592,225,0,0,0,0,0
49290,ECG,11593,283,0,0,0,0,0
49290,ECG,11594,247,0,0,0,0,0
49290,ECG,11595,-40,0,0,0,0,0
49295,ECG,11596,-321,0,0,0,0,0
49295,ECG,11597,-495,0,0,0,0,0
49300,ECG,11598,-548,0,0,0,0,0
49300,ECG,11599,-495,0,0,0,0,0
49300,ECG,11600,-334,0,0,0,0,0
49305,ECG,11601,-66,0,0,0,0,0
49305,ECG,11602,190,0,0,0,0,0
49310,ECG,11603,287,0,0,0,0,0
49310,ECG,11604,252,0,0,0,0,0
49310,ECG,11605,16,0,0,0,0,0
49315,ECG,11606,-217,0,0,0,0,0
49315,ECG,11607,-360,0,0,0,0,0
49320,ECG,11608,-415,0,0,0,0,0
49320,ECG,11609,-369,0,0,0,0,0
49320,ECG,11610,-239,0,0,0,0,0
49325,ECG,11611,-31,0,0,0,0,0
49325,ECG,11612,224,0,0,0,0,0
49325,ECG,11613,286,0,0,0,0,0
49330,ECG,11614,283,0,0,0,0,0
49330,ECG,11615,0,0,0,0,0,0
49335,ECG,11616,-301,0,0,0,0,0
49335,ECG,11617,-533,0,0,0,0,0
49340,ECG,11618,-684,0,0,0,0,0
49340,ECG,11619,-521,0,0,0,0,0
49345,ECG,11620,-188,0,0,0,0,0
49345,ECG,11621,91,0,0,0,0,0
49345,ECG,11622,211,0,0,0,0,0
49350,ECG,11623,132,0,0,0,0,0
49350,ECG,11624,-187,0,0,0,0,0
49355,ECG,11625,-603,0,0,0,0,0
49355,ECG,11626,-892,0,0,0,0,0
49355,ECG,11627,-979,0,0,0,0,0
49360,ECG,11628,-889,0,0,0,0,0
49360,ECG,11629,-646,0,0,0,0,0
49365,ECG,11630,-308,0,0,0,0,0
49365,ECG,11631,84,0,0,0,0,0
49365,ECG,11632,313,0,0,0,0,0
49370,ECG,11633,311,0,0,0,0,0
49370,ECG,11634,198,0,0,0,0,0
49375,ECG,11635,-240,0,0,0,0,0
49375,ECG,11636,-332,0,0,0,0,0
49380,ECG,11637,-340,0,0,0,0,0
49380,ECG,11638,-278,0,0,0,0,0
49380,ECG,11639,-103,0,0,0,0,0
49385,ECG,11640,137,0,0,0,0,0
49385,ECG,11641,268,0,0,0,0,0
49390,ECG,11642,260,0,0,0,0,0
49390,ECG,11643,138,0,0,0,0,0
49395,ECG,11644,-238,0,0,0,0,0
49395,ECG,11645,-316,0,0,0,0,0
49400,ECG,11646,-296,0,0,0,0,0
49400,ECG,11647,-205,0,0,0,0,0
49400,ECG,11648,-46,0,0,0,0,0
49405,ECG,11649,197,0,0,0,0,0
49405,ECG,11650,306,0,0,0,0,0
49410,ECG,11651,303,0,0,0,0,0
49410,ECG,11652,110,0,0,0,0,0
49410,ECG,11653,-185,0,0,0,0,0
49415,ECG,11654,-424,0,0,0,0,0
49415,ECG,11655,-590,0,0,0,0,0
49420,ECG,11656,-620,0,0,0,0,0
49420,ECG,11657,-528,0,0,0,0,0
49420,ECG,11658,-321,0,0,0,0,0
49425,ECG,11659,35,0,0,0,0,0
49425,ECG,11660,312,0,0,0,0,0
49430,ECG,11661,165,0,0,0,0,0
49430,ECG,11662,-229,0,0,0,0,0
49435,ECG,11663,-592,0,0,0,0,0
49435,ECG,11664,-804,0,0,0,0,0
49435,ECG,11665,-875,0,0,0,0,0
49440,ECG,11666,-772,0,0,0,0,0
49440,ECG,11667,-513,0,0,0,0,0
49445,ECG,11668,-181,0,0,0,0,0
49445,ECG,11669,182,0,0,0,0,0
49450,ECG,11670,321,0,0,0,0,0
49450,ECG,11671,73,0,0,0,0,0
49455,ECG,11672,-201,0,0,0,0,0
49455,ECG,11673,-388,0,0,0,0,0
49455,ECG,11674,-495,0,0,0,0,0
49460,ECG,11675,-473,0,0,0,0,0
49460,ECG,11676,-351,0,0,0,0,0
49465,ECG,11677,-146,0,0,0,0,0
49465,ECG,11678,121,0,0,0,0,0
49465,ECG,11679,305,0,0,0,0,0
49470,ECG,11680,322,0,0,0,0,0
49470,ECG,11681,258,0,0,0,0,0
49475,ECG,11682,63,0,0,0,0,0
49475,ECG,11683,-69,0,0,0,0,0
49475,ECG,11684,-102,0,0,0,0,0
49480,ECG,11685,-108,0,0,0,0,0
49480,ECG,11686,-65,0,0,0,0,0
49480,ECG,11687,132,0,0,0,0,0
49485,ECG,11688,314,0,0,0,0,0
49485,ECG,11689,291,0,0,0,0,0
49490,ECG,11690,174,0,0,0,0,0
49490,ECG,11691,-76,0,0,0,0,0
49495,ECG,11692,-624,0,0,0,0,0
49495,ECG,11693,-710,0,0,0,0,0
49500,ECG,11694,-660,0,0,0,0,0
49500,ECG,11695,-466,0,0,0,0,0
49500,ECG,11696,-203,0,0,0,0,0
49505,ECG,11697,121,0,0,0,0,0
49505,ECG,11698,321,0,0,0,0,0
49510,ECG,11699,318,0,0,0,0,0
49510,ECG,11700,149,0,0,0,0,0
49510,ECG,11701,-101,0,0,0,0,0
49515,ECG,11702,-312,0,0,0,0,0
49515,ECG,11703,-457,0,0,0,0,0
49520,ECG,11704,-469,0,0,0,0,0
49520,ECG,11705,-402,0,0,0,0,0
49520,ECG,11706,-183,0,0,0,0,0
49525,ECG,11707,148,0,0,0,0,0
49525,ECG,11708,296,0,0,0,0,0
49530,ECG,11709,79,0,0,0,0,0
49530,ECG,11710,-260,0,0,0,0,0
49535,ECG,11711,-538,0,0,0,0,0
49535,ECG,11712,-648,0,0,0,0,0
49535,ECG,11713,-628,0,0,0,0,0
49540,ECG,11714,-482,0,0,0,0,0
49540,ECG,11715,-224,0,0,0,0,0
49545,ECG,11716,109,0,0,0,0,0
49545,ECG,11717,328,0,0,0,0,0
49545,ECG,11718,325,0,0,0,0,0
49550,ECG,11719,175,0,0,0,0,0
49550,ECG,11720,-181,0,0,0,0,0
49555,ECG,11721,-442,0,0,0,0,0
49555,ECG,11722,-621,0,0,0,0,0
49555,ECG,11723,-665,0,0,0,0,0
49560,ECG,11724,-569,0,0,0,0,0
49560,ECG,11725,-355,0,0,0,0,0
49565,ECG,11726,-17,0,0,0,0,0
49565,ECG,11727,297,0,0,0,0,0
49565,ECG,11728,332,0,0,0,0,0
49570,ECG,11729,271,0,0,0,0,0
49570,ECG,11730,-75,0,0,0,0,0
49575,ECG,11731,-402,0,0,0,0,0
49575,ECG,11732,-603,0,0,0,0,0
49575,ECG,11733,-677,0,0,0,0,0
49580,ECG,11734,-624,0,0,0,0,0
49580,ECG,11735,-422,0,0,0,0,0
49585,ECG,11736,227,0,0,0,0,0
49585,ECG,11737,338,0,0,0,0,0
49590,ECG,11738,283,0,0,0,0,0
49590,ECG,11739,-38,0,0,0,0,0
49595,ECG,11740,-587,0,0,0,0,0
49595,ECG,11741,-670,0,0,0,0,0
49600,ECG,11742,-610,0,0,0,0,0
49600,ECG,11743,-423,0,0,0,0,0
49600,ECG,11744,-139,0,0,0,0,0
49605,ECG,11745,183,0,0,0,0,0
49605,ECG,11746,345,0,0,0,0,0
49610,ECG,11747,342,0,0,0,0,0
49610,ECG,11748,144,0,0,0,0,0
49610,ECG,11749,-102,0,0,0,0,0
49615,ECG,11750,-287,0,0,0,0,0
49615,ECG,11751,-361,0,0,0,0,0
49620,ECG,11752,-343,0,0,0,0,0
49620,ECG,11753,-254,0,0,0,0,0
49620,ECG,11754,8,0,0,0,0,0
49625,ECG,11755,294,0,0,0,0,0
49625,ECG,11756,334,0,0,0,0,0
49630,ECG,11757,-51,0,0,0,0,0
49630,ECG,11758,-401,0,0,0,0,0
49635,ECG,11759,-638,0,0,0,0,0
49635,ECG,11760,-707,0,0,0,0,0
49640,ECG,11761,-444,0,0,0,0,0
49640,ECG,11762,-92,0,0,0,0,0
49645,ECG,11763,237,0,0,0,0,0
49645,ECG,11764,348,0,0,0,0,0
49645,ECG,11765,345,0,0,0,0,0
49650,ECG,11766,2,0,0,0,0,0
49650,ECG,11767,-349,0,0,0,0,0
49655,ECG,11768,-553,0,0,0,0,0
49655,ECG,11769,-654,0,0,0,0,0
49655,ECG,11770,-612,0,0,0,0,0
49660,ECG,11771,-442,0,0,0,0,0
49660,ECG,11772,-142,0,0,0,0,0
49665,ECG,11773,175,0,0,0,0,0
49665,ECG,11774,353,0,0,0,0,0
49665,ECG,11775,350,0,0,0,0,0
49670,ECG,11776,151,0,0,0,0,0
49670,ECG,11777,-136,0,0,0,0,0
49675,ECG,11778,-329,0,0,0,0,0
49675,ECG,11779,-430,0,0,0,0,0
49675,ECG,11780,-419,0,0,0,0,0
49680,ECG,11781,-316,0,0,0,0,0
49680,ECG,11782,-103,0,0,0,0,0
49680,ECG,11783,194,0,0,0,0,0
49685,ECG,11784,352,0,0,0,0,0
49685,ECG,11785,349,0,0,0,0,0
49690,ECG,11786,122,0,0,0,0,0
49690,ECG,11787,-263,0,0,0,0,0
49695,ECG,11788,-856,0,0,0,0,0
49695,ECG,11789,-933,0,0,0,0,0
49700,ECG,11790,-836,0,0,0,0,0
49700,ECG,11791,-547,0,0,0,0,0
49700,ECG,11792,-150,0,0,0,0,0
49705,ECG,11793,224,0,0,0,0,0
49705,ECG,11794,365,0,0,0,0,0
49710,ECG,11795,237,0,0,0,0,0
49710,ECG,11796,-95,0,0,0,0,0
49710,ECG,11797,-431,0,0,0,0,0
49715,ECG,11798,-673,0,0,0,0,0
49715,ECG,11799,-727,0,0,0,0,0
49720,ECG,11800,-633,0,0,0,0,0
49720,ECG,11801,-415,0,0,0,0,0
49720,ECG,11802,-75,0,0,0,0,0
49725,ECG,11803,245,0,0,0,0,0
49725,ECG,11804,372,0,0,0,0,0
49730,ECG,11805,144,0,0,0,0,0
49730,ECG,11806,-92,0,0,0,0,0
49735,ECG,11807,-217,0,0,0,0,0
49735,ECG,11808,-237,0,0,0,0,0
49735,ECG,11809,-187,0,0,0,0,0
49740,ECG,11810,-77,0,0,0,0,0
49740,ECG,11811,129,0,0,0,0,0
49745,ECG,11812,344,0,0,0,0,0
49745,ECG,11813,362,0,0,0,0,0
49750,ECG,11814,96,0,0,0,0,0
49750,ECG,11815,-115,0,0,0,0,0
49755,ECG,11816,-247,0,0,0,0,0
49755,ECG,11817,-301,0,0,0,0,0
49755,ECG,11818,-261,0,0,0,0,0
49760,ECG,11819,-145,0,0,0,0,0
49760,ECG,11820,51,0,0,0,0,0
49765,ECG,11821,279,0,0,0,0,0
49765,ECG,11822,356,0,0,0,0,0
49765,ECG,11823,353,0,0,0,0,0
49770,ECG,11824,135,0,0,0,0,0
49770,ECG,11825,-101,0,0,0,0,0
49775,ECG,11826,-258,0,0,0,0,0
49775,ECG,11827,-352,0,0,0,0,0
49775,ECG,11828,-345,0,0,0,0,0
49780,ECG,11829,-239,0,0,0,0,0
49780,ECG,11830,-53,0,0,0,0,0
49785,ECG,11831,352,0,0,0,0,0
49785,ECG,11832,349,0,0,0,0,0
49790,ECG,11833,194,0,0,0,0,0
49790,ECG,11834,-49,0,0,0,0,0
49795,ECG,11835,-340,0,0,0,0,0
49795,ECG,11836,-347,0,0,0,0,0
49800,ECG,11837,-262,0,0,0,0,0
49800,ECG,11838,-105,0,0,0,0,0
49800,ECG,11839,164,0,0,0,0,0
49805,ECG,11840,347,0,0,0,0,0
49805,ECG,11841,344,0,0,0,0,0
49810,ECG,11842,200,0,0,0,0,0
49810,ECG,11843,-68,0,0,0,0,0
49810,ECG,11844,-315,0,0,0,0,0
49815,ECG,11845,-444,0,0,0,0,0
49815,ECG,11846,-464,0,0,0,0,0
49820,ECG,11847,-390,0,0,0,0,0
49820,ECG,11848,-182,0,0,0,0,0
49820,ECG,11849,127,0,0,0,0,0
49825,ECG,11850,339,0,0,0,0,0
49825,ECG,11851,343,0,0,0,0,0
49830,ECG,11852,-179,0,0,0,0,0
49830,ECG,11853,-488,0,0,0,0,0
49835,ECG,11854,-663,0,0,0,0,0
49835,ECG,11855,-722,0,0,0,0,0
49840,ECG,11856,-392,0,0,0,0,0
49840,ECG,11857,-47,0,0,0,0,0
49845,ECG,11858,288,0,0,0,0,0
49845,ECG,11859,351,0,0,0,0,0
49845,ECG,11860,253,0,0,0,0,0
49850,ECG,11861,-67,0,0,0,0,0
49850,ECG,11862,-382,0,0,0,0,0
49855,ECG,11863,-602,0,0,0,0,0
49855,ECG,11864,-657,0,0,0,0,0
49855,ECG,11865,-592,0,0,0,0,0
49860,ECG,11866,-388,0,0,0,0,0
49860,ECG,11867,13,0,0,0,0,0
49865,ECG,11868,340,0,0,0,0,0
49865,ECG,11869,356,0,0,0,0,0
49865,ECG,11870,167,0,0,0,0,0
49870,ECG,11871,-238,0,0,0,0,0
49870,ECG,11872,-673,0,0,0,0,0
49875,ECG,11873,-930,0,0,0,0,0
49875,ECG,11874,-988,0,0,0,0,0
49875,ECG,11875,-871,0,0,0,0,0
49880,ECG,11876,-570,0,0,0,0,0
49880,ECG,11877,-138,0,0,0,0,0
49885,ECG,11878,372,0,0,0,0,0
49885,ECG,11879,369,0,0,0,0,0
49890,ECG,11880,-83,0,0,0,0,0
49890,ECG,11881,-491,0,0,0,0,0
49895,ECG,11882,-912,0,0,0,0,0
49895,ECG,11883,-857,0,0,0,0,0
49900,ECG,11884,-649,0,0,0,0,0
49900,ECG,11885,-244,0,0,0,0,0
49900,ECG,11886,244,0,0,0,0,0
49905,ECG,11887,384,0,0,0,0,0
49905,ECG,11888,308,0,0,0,0,0
49910,ECG,11889,-55,0,0,0,0,0
49910,ECG,11890,-540,0,0,0,0,0
49910,ECG,11891,-895,0,0,0,0,0
49915,ECG,11892,-1016,0,0,0,0,0
49915,ECG,11893,-969,0,0,0,0,0
49920,ECG,11894,-701,0,0,0,0,0
49920,ECG,11895,-227,0,0,0,0,0
49920,ECG,11896,204,0,0,0,0,0
49925,ECG,11897,400,0,0,0,0,0
49925,ECG,11898,367,0,0,0,0,0
49930,ECG,11899,-637,0,0,0,0,0
49930,ECG,11900,-963,0,0,0,0,0
49935,ECG,11901,-1113,0,0,0,0,0
49935,ECG,11902,-1041,0,0,0,0,0
49940,ECG,11903,-376,0,0,0,0,0
49940,ECG,11904,139,0,0,0,0,0
49945,ECG,11905,420,0,0,0,0,0
49945,ECG,11906,416,0,0,0,0,0
49945,ECG,11907,224,0,0,0,0,0
49950,ECG,11908,-155,0,0,0,0,0
49950,ECG,11909,-468,0,0,0,0,0
49955,ECG,11910,-615,0,0,0,0,0
49955,ECG,11911,-628,0,0,0,0,0
49955,ECG,11912,-509,0,0,0,0,0
49960,ECG,11913,-179,0,0,0,0,0
49960,ECG,11914,211,0,0,0,0,0
49965,ECG,11915,404,0,0,0,0,0
49965,ECG,11916,380,0,0,0,0,0
49965,ECG,11917,84,0,0,0,0,0
49970,ECG,11918,-379,0,0,0,0,0
49970,ECG,11919,-725,0,0,0,0,0
49975,ECG,11920,-882,0,0,0,0,0
49975,ECG,11921,-859,0,0,0,0,0
49975,ECG,11922,-669,0,0,0,0,0
49980,ECG,11923,-307,0,0,0,0,0
49980,ECG,11924,152,0,0,0,0,0
49985,ECG,11925,429,0,0,0,0,0
49985,ECG,11926,205,0,0,0,0,0
49990,ECG,11927,-217,0,0,0,0,0
49990,ECG,11928,-556,0,0,0,0,0
49995,ECG,11929,-766,0,0,0,0,0
49995,ECG,11930,-628,0,0,0,0,0
50000,ECG,11931,-323,0,0,0,0,0
50000,ECG,11932,50,0,0,0,0,0
50000,ECG,11933,374,0,0,0,0,0
50005,ECG,11934,436,0,0,0,0,0
50005,ECG,11935,356,0,0,0,0,0
50010,ECG,11936,16,0,0,0,0,0
50010,ECG,11937,-251,0,0,0,0,0
50010,ECG,11938,-428,0,0,0,0,0
50015,ECG,11939,-485,0,0,0,0,0
50015,ECG,11940,-412,0,0,0,0,0
50020,ECG,11941,-210,0,0,0,0,0
50020,ECG,11942,69,0,0,0,0,0
50020,ECG,11943,350,0,0,0,0,0
50025,ECG,11944,434,0,0,0,0,0
50025,ECG,11945,350,0,0,0,0,0
50030,ECG,11946,-235,0,0,0,0,0
50030,ECG,11947,-455,0,0,0,0,0
50035,ECG,11948,-533,0,0,0,0,0
50035,ECG,11949,-482,0,0,0,0,0
50040,ECG,11950,-14,0,0,0,0,0
50040,ECG,11951,312,0,0,0,0,0
50045,ECG,11952,434,0,0,0,0,0
50045,ECG,11953,363,0,0,0,0,0
50045,ECG,11954,143,0,0,0,0,0
50050,ECG,11955,-156,0,0,0,0,0
50050,ECG,11956,-365,0,0,0,0,0
50055,ECG,11957,-420,0,0,0,0,0
50055,ECG,11958,-378,0,0,0,0,0
50055,ECG,11959,-221,0,0,0,0,0
50060,ECG,11960,69,0,0,0,0,0
50060,ECG,11961,358,0,0,0,0,0
50065,ECG,11962,429,0,0,0,0,0
50065,ECG,11963,362,0,0,0,0,0
50065,ECG,11964,56,0,0,0,0,0
50070,ECG,11965,-283,0,0,0,0,0
50070,ECG,11966,-501,0,0,0,0,0
50075,ECG,11967,-597,0,0,0,0,0
50075,ECG,11968,-542,0,0,0,0,0
50075,ECG,11969,-348,0,0,0,0,0
50080,ECG,11970,-109,0,0,0,0,0
50080,ECG,11971,259,0,0,0,0,0
50080,ECG,11972,430,0,0,0,0,0
50085,ECG,11973,427,0,0,0,0,0
50085,ECG,11974,235,0,0,0,0,0
50090,ECG,11975,-105,0,0,0,0,0
50090,ECG,11976,-404,0,0,0,0,0
50095,ECG,11977,-642,0,0,0,0,0
50095,ECG,11978,-547,0,0,0,0,0
50100,ECG,11979,-277,0,0,0,0,0
50100,ECG,11980,67,0,0,0,0,0
50100,ECG,11981,320,0,0,0,0,0
50105,ECG,11982,430,0,0,0,0,0
50105,ECG,11983,386,0,0,0,0,0
50110,ECG,11984,36,0,0,0,0,0
50110,ECG,11985,-226,0,0,0,0,0
50110,ECG,11986,-341,0,0,0,0,0
50115,ECG,11987,-376,0,0,0,0,0
50115,ECG,11988,-308,0,0,0,0,0
50120,ECG,11989,-116,0,0,0,0,0
50120,ECG,11990,195,0,0,0,0,0
50120,ECG,11991,427,0,0,0,0,0
50125,ECG,11992,423,0,0,0,0,0
50125,ECG,11993,217,0,0,0,0,0
50130,ECG,11994,-457,0,0,0,0,0
50130,ECG,11995,-664,0,0,0,0,0
50135,ECG,11996,-701,0,0,0,0,0
50135,ECG,11997,-597,0,0,0,0,0
50140,ECG,11998,22,0,0,0,0,0
50140,ECG,11999,357,0,0,0,0,0
50145,ECG,12000,429,0,0,0,0,0
50145,ECG,12001,364,0,0,0,0,0
50145,ECG,12002,48,0,0,0,0,0
50150,ECG,12003,-245,0,0,0,0,0
50150,ECG,12004,-431,0,0,0,0,0
50155,ECG,12005,-488,0,0,0,0,0
50155,ECG,12006,-428,0,0,0,0,0
50155,ECG,12007,-231,0,0,0,0,0
50160,ECG,12008,62,0,0,0,0,0
50160,ECG,12009,322,0,0,0,0,0
50165,ECG,12010,426,0,0,0,0,0
50165,ECG,12011,365,0,0,0,0,0
50165,ECG,12012,89,0,0,0,0,0
50170,ECG,12013,-180,0,0,0,0,0
50170,ECG,12014,-353,0,0,0,0,0
50175,ECG,12015,-404,0,0,0,0,0
50175,ECG,12016,-359,0,0,0,0,0
50175,ECG,12017,-191,0,0,0,0,0
50180,ECG,12018,107,0,0,0,0,0
50180,ECG,12019,368,0,0,0,0,0
50185,ECG,12020,323,0,0,0,0,0
50185,ECG,12021,-29,0,0,0,0,0
50190,ECG,12022,-408,0,0,0,0,0
50190,ECG,12023,-674,0,0,0,0,0
50195,ECG,12024,-751,0,0,0,0,0
50195,ECG,12025,-530,0,0,0,0,0
50200,ECG,12026,-200,0,0,0,0,0
50200,ECG,12027,182,0,0,0,0,0
50200,ECG,12028,429,0,0,0,0,0
50205,ECG,12029,426,0,0,0,0,0
50205,ECG,12030,158,0,0,0,0,0
50210,ECG,12031,-176,0,0,0,0,0
50210,ECG,12032,-487,0,0,0,0,0
50210,ECG,12033,-656,0,0,0,0,0
50215,ECG,12034,-656,0,0,0,0,0
50215,ECG,12035,-533,0,0,0,0,0
50220,ECG,12036,-229,0,0,0,0,0
50220,ECG,12037,181,0,0,0,0,0
50220,ECG,12038,427,0,0,0,0,0
50225,ECG,12039,408,0,0,0,0,0
50225,ECG,12040,164,0,0,0,0,0
50230,ECG,12041,-642,0,0,0,0,0
50230,ECG,12042,-817,0,0,0,0,0
50235,ECG,12043,-833,0,0,0,0,0
50235,ECG,12044,-685,0,0,0,0,0
50235,ECG,12045,-326,0,0,0,0,0
50240,ECG,12046,76,0,0,0,0,0
50240,ECG,12047,389,0,0,0,0,0
50245,ECG,12048,440,0,0,0,0,0
50245,ECG,12049,254,0,0,0,0,0
50245,ECG,12050,-159,0,0,0,0,0
50250,ECG,12051,-493,0,0,0,0,0
50250,ECG,12052,-706,0,0,0,0,0
50255,ECG,12053,-753,0,0,0,0,0
50255,ECG,12054,-635,0,0,0,0,0
50255,ECG,12055,-361,0,0,0,0,0
50260,ECG,12056,17,0,0,0,0,0
50260,ECG,12057,380,0,0,0,0,0
50265,ECG,12058,446,0,0,0,0,0
50265,ECG,12059,306,0,0,0,0,0
50265,ECG,12060,-34,0,0,0,0,0
50270,ECG,12061,-401,0,0,0,0,0
50270,ECG,12062,-661,0,0,0,0,0
50275,ECG,12063,-731,0,0,0,0,0
50275,ECG,12064,-663,0,0,0,0,0
50275,ECG,12065,-409,0,0,0,0,0
50280,ECG,12066,-18,0,0,0,0,0
50280,ECG,12067,310,0,0,0,0,0
50285,ECG,12068,313,0,0,0,0,0
50285,ECG,12069,-1,0,0,0,0,0
50290,ECG,12070,-348,0,0,0,0,0
50290,ECG,12071,-568,0,0,0,0,0
50295,ECG,12072,-512,0,0,0,0,0
50295,ECG,12073,-288,0,0,0,0,0
50300,ECG,12074,89,0,0,0,0,0
50300,ECG,12075,447,0,0,0,0,0
50300,ECG,12076,452,0,0,0,0,0
50305,ECG,12077,312,0,0,0,0,0
50305,ECG,12078,-100,0,0,0,0,0
50310,ECG,12079,-517,0,0,0,0,0
50310,ECG,12080,-816,0,0,0,0,0
50310,ECG,12081,-923,0,0,0,0,0
50315,ECG,12082,-841,0,0,0,0,0
50315,ECG,12083,-576,0,0,0,0,0
50320,ECG,12084,-164,0,0,0,0,0
50320,ECG,12085,270,0,0,0,0,0
50320,ECG,12086,464,0,0,0,0,0
50325,ECG,12087,461,0,0,0,0,0
50325,ECG,12088,144,0,0,0,0,0
50330,ECG,12089,-468,0,0,0,0,0
50330,ECG,12090,-568,0,0,0,0,0
50335,ECG,12091,-534,0,0,0,0,0
50335,ECG,12092,-347,0,0,0,0,0
50335,ECG,12093,-14,0,0,0,0,0
50340,ECG,12094,334,0,0,0,0,0
50340,ECG,12095,463,0,0,0,0,0
50345,ECG,12096,408,0,0,0,0,0
50345,ECG,12097,37,0,0,0,0,0
50345,ECG,12098,-400,0,0,0,0,0
50350,ECG,12099,-715,0,0,0,0,0
50350,ECG,12100,-856,0,0,0,0,0
50355,ECG,12101,-819,0,0,0,0,0
50355,ECG,12102,-601,0,0,0,0,0
50355,ECG,12103,-242,0,0,0,0,0
50360,ECG,12104,177,0,0,0,0,0
50360,ECG,12105,473,0,0,0,0,0
50365,ECG,12106,469,0,0,0,0,0
50365,ECG,12107,304,0,0,0,0,0
50365,ECG,12108,-58,0,0,0,0,0
50370,ECG,12109,-345,0,0,0,0,0
50370,ECG,12110,-501,0,0,0,0,0
50375,ECG,12111,-523,0,0,0,0,0
50375,ECG,12112,-424,0,0,0,0,0
50375,ECG,12113,-168,0,0,0,0,0
50380,ECG,12114,196,0,0,0,0,0
50380,ECG,12115,438,0,0,0,0,0
50385,ECG,12116,260,0,0,0,0,0
50385,ECG,12117,-73,0,0,0,0,0
50390,ECG,12118,-392,0,0,0,0,0
50390,ECG,12119,-539,0,0,0,0,0
50395,ECG,12120,-438,0,0,0,0,0
50395,ECG,12121,-80,0,0,0,0,0
50400,ECG,12122,311,0,0,0,0,0
50400,ECG,12123,468,0,0,0,0,0
50400,ECG,12124,383,0,0,0,0,0
50405,ECG,12125,-35,0,0,0,0,0
50405,ECG,12126,-620,0,0,0,0,0
50410,ECG,12127,-1079,0,0,0,0,0
50410,ECG,12128,-1328,0,0,0,0,0
50410,ECG,12129,-1320,0,0,0,0,0
50415,ECG,12130,-1057,0,0,0,0,0
50415,ECG,12131,-621,0,0,0,0,0
50420,ECG,12132,-73,0,0,0,0,0
50420,ECG,12133,446,0,0,0,0,0
50420,ECG,12134,492,0,0,0,0,0
50425,ECG,12135,425,0,0,0,0,0
50425,ECG,12136,102,0,0,0,0,0
50430,ECG,12137,-189,0,0,0,0,0
50430,ECG,12138,-387,0,0,0,0,0
50430,ECG,12139,-424,0,0,0,0,0
50435,ECG,12140,-354,0,0,0,0,0
50435,ECG,12141,-153,0,0,0,0,0
50435,ECG,12142,183,0,0,0,0,0
50440,ECG,12143,458,0,0,0,0,0
50440,ECG,12144,484,0,0,0,0,0
50445,ECG,12145,372,0,0,0,0,0
50445,ECG,12146,-22,0,0,0,0,0
50450,ECG,12147,-671,0,0,0,0,0
50450,ECG,12148,-778,0,0,0,0,0
50455,ECG,12149,-720,0,0,0,0,0
50455,ECG,12150,-486,0,0,0,0,0
50455,ECG,12151,-81,0,0,0,0,0
50460,ECG,12152,323,0,0,0,0,0
50460,ECG,12153,491,0,0,0,0,0
50465,ECG,12154,384,0,0,0,0,0
50465,ECG,12155,29,0,0,0,0,0
50465,ECG,12156,-352,0,0,0,0,0
50470,ECG,12157,-643,0,0,0,0,0
50470,ECG,12158,-751,0,0,0,0,0
50475,ECG,12159,-684,0,0,0,0,0
50475,ECG,12160,-445,0,0,0,0,0
50475,ECG,12161,-53,0,0,0,0,0
50480,ECG,12162,313,0,0,0,0,0
50480,ECG,12163,495,0,0,0,0,0
50485,ECG,12164,144,0,0,0,0,0
50485,ECG,12165,-284,0,0,0,0,0
50490,ECG,12166,-594,0,0,0,0,0
50490,ECG,12167,-777,0,0,0,0,0
50495,ECG,12168,-619,0,0,0,0,0
50495,ECG,12169,-259,0,0,0,0,0
50500,ECG,12170,237,0,0,0,0,0
50500,ECG,12171,501,0,0,0,0,0
50500,ECG,12172,393,0,0,0,0,0
50505,ECG,12173,75,0,0,0,0,0
50505,ECG,12174,-367,0,0,0,0,0
50510,ECG,12175,-799,0,0,0,0,0
50510,ECG,12176,-995,0,0,0,0,0
50510,ECG,12177,-964,0,0,0,0,0
50515,ECG,12178,-728,0,0,0,0,0
50515,ECG,12179,-277,0,0,0,0,0
50520,ECG,12180,191,0,0,0,0,0
50520,ECG,12181,514,0,0,0,0,0
50520,ECG,12182,510,0,0,0,0,0
50525,ECG,12183,178,0,0,0,0,0
50525,ECG,12184,-344,0,0,0,0,0
50530,ECG,12185,-927,0,0,0,0,0
50530,ECG,12186,-936,0,0,0,0,0
50535,ECG,12187,-736,0,0,0,0,0
50535,ECG,12188,-347,0,0,0,0,0
50535,ECG,12189,159,0,0,0,0,0
50540,ECG,12190,524,0,0,0,0,0
50540,ECG,12191,520,0,0,0,0,0
50545,ECG,12192,201,0,0,0,0,0
50545,ECG,12193,-281,0,0,0,0,0
50545,ECG,12194,-726,0,0,0,0,0
50550,ECG,12195,-966,0,0,0,0,0
50550,ECG,12196,-970,0,0,0,0,0
50555,ECG,12197,-784,0,0,0,0,0
50555,ECG,12198,-404,0,0,0,0,0
50555,ECG,12199,137,0,0,0,0,0
50560,ECG,12200,536,0,0,0,0,0
50560,ECG,12201,532,0,0,0,0,0
50565,ECG,12202,317,0,0,0,0,0
50565,ECG,12203,-256,0,0,0,0,0
50565,ECG,12204,-795,0,0,0,0,0
50570,ECG,12205,-1096,0,0,0,0,0
50570,ECG,12206,-1222,0,0,0,0,0
50575,ECG,12207,-1075,0,0,0,0,0
50575,ECG,12208,-636,0,0,0,0,0
50575,ECG,12209,-181,0,0,0,0,0
50580,ECG,12210,253,0,0,0,0,0
50580,ECG,12211,541,0,0,0,0,0
50585,ECG,12212,-157,0,0,0,0,0
50585,ECG,12213,-557,0,0,0,0,0
50590,ECG,12214,-858,0,0,0,0,0
50590,ECG,12215,-937,0,0,0,0,0
50595,ECG,12216,-507,0,0,0,0,0
50595,ECG,12217,-59,0,0,0,0,0
50600,ECG,12218,391,0,0,0,0,0
50600,ECG,12219,561,0,0,0,0,0
50600,ECG,12220,557,0,0,0,0,0
50605,ECG,12221,382,0,0,0,0,0
50605,ECG,12222,-8,0,0,0,0,0
50610,ECG,12223,-268,0,0,0,0,0
50610,ECG,12224,-383,0,0,0,0,0
50610,ECG,12225,-416,0,0,0,0,0
50615,ECG,12226,-301,0,0,0,0,0
50615,ECG,12227,-28,0,0,0,0,0
50620,ECG,12228,276,0,0,0,0,0
50620,ECG,12229,464,0,0,0,0,0
50620,ECG,12230,442,0,0,0,0,0
50625,ECG,12231,246,0,0,0,0,0
50625,ECG,12232,3,0,0,0,0,0
50630,ECG,12233,-352,0,0,0,0,0
50630,ECG,12234,-301,0,0,0,0,0
50635,ECG,12235,-166,0,0,0,0,0
50635,ECG,12236,90,0,0,0,0,0
50635,ECG,12237,430,0,0,0,0,0
50640,ECG,12238,542,0,0,0,0,0
50640,ECG,12239,538,0,0,0,0,0
50645,ECG,12240,264,0,0,0,0,0
50645,ECG,12241,-88,0,0,0,0,0
50650,ECG,12242,-526,0,0,0,0,0
50650,ECG,12243,-534,0,0,0,0,0
50655,ECG,12244,-401,0,0,0,0,0
50655,ECG,12245,-109,0,0,0,0,0
50655,ECG,12246,241,0,0,0,0,0
50660,ECG,12247,525,0,0,0,0,0
50660,ECG,12248,535,0,0,0,0,0
50665,ECG,12249,386,0,0,0,0,0
50665,ECG,12250,-9,0,0,0,0,0
50665,ECG,12251,-326,0,0,0,0,0
50670,ECG,12252,-549,0,0,0,0,0
50670,ECG,12253,-622,0,0,0,0,0
50675,ECG,12254,-543,0,0,0,0,0
50675,ECG,12255,-287,0,0,0,0,0
50675,ECG,12256,118,0,0,0,0,0
50680,ECG,12257,455,0,0,0,0,0
50680,ECG,12258,517,0,0,0,0,0
50685,ECG,12259,-107,0,0,0,0,0
50685,ECG,12260,-510,0,0,0,0,0
50690,ECG,12261,-793,0,0,0,0,0
50690,ECG,12262,-830,0,0,0,0,0
50690,ECG,12263,-704,0,0,0,0,0
50695,ECG,12264,-394,0,0,0,0,0
50695,ECG,12265,117,0,0,0,0,0
50700,ECG,12266,500,0,0,0,0,0
50700,ECG,12267,540,0,0,0,0,0
50700,ECG,12268,400,0,0,0,0,0
50705,ECG,12269,-70,0,0,0,0,0
50705,ECG,12270,-524,0,0,0,0,0
50710,ECG,12271,-788,0,0,0,0,0
50710,ECG,12272,-868,0,0,0,0,0
50710,ECG,12273,-763,0,0,0,0,0
50715,ECG,12274,-458,0,0,0,0,0
50715,ECG,12275,-27,0,0,0,0,0
50720,ECG,12276,395,0,0,0,0,0
50720,ECG,12277,547,0,0,0,0,0
50720,ECG,12278,521,0,0,0,0,0
50725,ECG,12279,115,0,0,0,0,0
50725,ECG,12280,-236,0,0,0,0,0
50730,ECG,12281,-520,0,0,0,0,0
50730,ECG,12282,-650,0,0,0,0,0
50730,ECG,12283,-591,0,0,0,0,0
50735,ECG,12284,-392,0,0,0,0,0
50735,ECG,12285,-43,0,0,0,0,0
50740,ECG,12286,546,0,0,0,0,0
50740,ECG,12287,523,0,0,0,0,0
47653,IMU,1248,1464,52,8336,-90,63,57
47672,IMU,1249,1560,-64,8448,-76,48,47
47691,IMU,1250,1564,-20,8384,-81,59,43
47709,IMU,1251,1460,-40,8452,-90,67,42
47729,IMU,1252,1464,-48,8436,-68,63,46
47748,IMU,1253,1504,-136,8332,-81,72,38
47767,IMU,1254,1540,76,8296,-98,66,35
47786,IMU,1255,1536,-28,8356,-80,55,58
47805,IMU,1256,1468,-32,8388,-97,63,48
47824,IMU,1257,1528,24,8436,-98,68,36
47843,IMU,1258,1464,-24,8416,-65,58,34
47862,IMU,1259,1468,36,8412,-65,58,32
47881,IMU,1260,1504,36,8492,-73,68,43
47901,IMU,1261,1432,-104,8452,-93,69,49
47919,IMU,1262,1420,-8,8324,-82,60,40
47939,IMU,1263,1520,-12,8364,-83,49,54
47958,IMU,1264,1556,-36,8424,-89,62,34
47977,IMU,1265,1524,-108,8360,-83,56,30
47996,IMU,1266,1500,-16,8372,-95,59,48
48015,IMU,1267,1460,60,8428,-69,55,54
48036,IMU,1268,1608,-28,8408,-76,65,41
48053,IMU,1269,1516,-28,8360,-92,50,48
48072,IMU,1270,1616,68,8392,-88,59,52
48091,IMU,1271,1580,-28,8304,-84,71,51
48111,IMU,1272,1460,-4,8344,-101,59,56
48129,IMU,1273,1480,24,8344,-95,72,51
48149,IMU,1274,1480,-16,8372,-84,45,35
48168,IMU,1275,1512,-96,8428,-83,72,48
48187,IMU,1276,1456,44,8372,-104,73,47
48206,IMU,1277,1460,24,8288,-91,54,67
48225,IMU,1278,1540,-8,8380,-85,75,35
48244,IMU,1279,1564,-16,8392,-86,57,36
48263,IMU,1280,1448,-20,8376,-74,79,34
48282,IMU,1281,1484,-36,8372,-121,64,36
48301,IMU,1282,1528,-100,8336,-71,58,36
48321,IMU,1283,1636,68,8472,-89,64,28
48339,IMU,1284,1440,-64,8388,-88,67,47
48359,IMU,1285,1484,-20,8428,-105,59,53
48378,IMU,1286,1480,-132,8416,-78,68,40
48397,IMU,1287,1492,-108,8372,-82,58,52
48416,IMU,1288,1480,-28,8344,-86,68,54
48434,IMU,1289,1528,12,8400,-85,41,53
48454,IMU,1290,1464,4,8408,-96,56,45
48473,IMU,1291,1564,-72,8368,-86,53,57
48492,IMU,1292,1500,32,8384,-89,55,49
48511,IMU,1293,1484,36,8436,-88,68,42
48530,IMU,1294,1560,-64,8476,-93,76,45
48549,IMU,1295,1580,8,8412,-62,54,40
48568,IMU,1296,1516,-48,8344,-64,43,37
48589,IMU,1297,1588,-112,8304,-83,54,30
48606,IMU,1298,1540,84,8440,-80,68,59
48626,IMU,1299,1532,28,8396,-73,53,28
48644,IMU,1300,1524,-16,8428,-75,67,36
48664,IMU,1301,1536,-12,8376,-93,60,33
48683,IMU,1302,1496,-8,8368,-88,61,54
48702,IMU,1303,1572,-60,8372,-96,52,18
48721,IMU,1304,1568,68,8364,-83,45,26
48740,IMU,1305,1500,52,8428,-101,57,53
48759,IMU,1306,1480,-32,8400,-90,75,37
48778,IMU,1307,1508,-16,8380,-73,60,25
48797,IMU,1308,1424,-52,8380,-74,60,62
48816,IMU,1309,1580,-56,8440,-90,69,35
48836,IMU,1310,1592,-60,8428,-82,53,49
48854,IMU,1311,1548,-64,8344,-77,59,39
48874,IMU,1312,1492,-84,8432,-87,71,53
48893,IMU,1313,1488,-92,8384,-99,56,46
48912,IMU,1314,1504,-4,8432,-94,71,45
48931,IMU,1315,1552,44,8404,-76,54,34
48949,IMU,1316,1496,-16,8416,-95,56,64
48969,IMU,1317,1496,-132,8352,-86,65,45
48988,IMU,1318,1568,-20,8344,-92,62,30
49007,IMU,1319,1416,20,8324,-93,63,45
49026,IMU,1320,1424,-32,8436,-82,67,40
49045,IMU,1321,1456,-40,8372,-94,69,56
49065,IMU,1322,1548,-36,8336,-92,55,53
49084,IMU,1323,1436,28,8384,-107,69,48
49102,IMU,1324,1496,-84,8368,-82,56,31
49121,IMU,1325,1532,60,8388,-77,59,50
49141,IMU,1326,1528,68,8388,-92,68,32
49159,IMU,1327,1480,20,8384,-94,54,36
49179,IMU,1328,1492,-8,8300,-100,62,55
49198,IMU,1329,1576,-40,8392,-88,58,48
49217,IMU,1330,1544,48,8420,-90,53,42
49236,IMU,1331,1480,16,8424,-81,58,61
49255,IMU,1332,1488,-108,8328,-85,63,44
49274,IMU,1333,1564,8,8400,-92,67,51
49293,IMU,1334,1512,-112,8356,-91,79,31
49312,IMU,1335,1468,-72,8364,-67,68,45
49331,IMU,1336,1468,-52,8388,-96,45,47
49351,IMU,1337,1472,20,8416,-74,73,62
49369,IMU,1338,1472,-32,8428,-85,50,39
49389,IMU,1339,1540,44,8312,-85,62,47
49408,IMU,1340,1596,-32,8360,-73,63,35
49427,IMU,1341,1424,-68,8340,-71,57,77
49446,IMU,1342,1536,-96,8428,-85,65,49
49464,IMU,1343,1556,156,8360,-81,55,31
49484,IMU,1344,1496,-52,8412,-87,54,44
49503,IMU,1345,1552,0,8348,-83,73,39
49522,IMU,1346,1600,28,8364,-73,73,60
49541,IMU,1347,1616,-20,8380,-61,46,40
49560,IMU,1348,1464,8,8392,-72,68,31
49579,IMU,1349,1540,-48,8464,-91,67,52
49599,IMU,1350,1604,-52,8384,-88,66,36
49619,IMU,1351,1600,-32,8392,-76,56,33
49636,IMU,1352,1400,-68,8328,-89,52,57
49656,IMU,1353,1548,-68,8392,-79,64,55
49674,IMU,1354,1436,8,8396,-95,78,37
49694,IMU,1355,1500,-8,8384,-82,60,35
49713,IMU,1356,1516,-92,8400,-106,66,41
49732,IMU,1357,1528,-32,8404,-70,63,49
49751,IMU,1358,1432,-44,8324,-86,71,44
49770,IMU,1359,1540,16,8380,-88,58,45
49789,IMU,1360,1468,-100,8408,-97,53,46
49808,IMU,1361,1596,-52,8432,-86,67,40
49827,IMU,1362,1596,12,8436,-84,65,52
49846,IMU,1363,1568,-28,8400,-107,66,40
49866,IMU,1364,1532,-4,8348,-87,48,34
49884,IMU,1365,1440,-12,8328,-86,64,34
49904,IMU,1366,1516,-92,8440,-86,62,66
49923,IMU,1367,1568,-4,8376,-83,46,46
49942,IMU,1368,1532,36,8444,-81,62,37
49961,IMU,1369,1496,-40,8392,-76,56,53
49979,IMU,1370,1448,28,8424,-86,60,43
49999,IMU,1371,1500,-16,8384,-80,58,42
50018,IMU,1372,1580,-16,8348,-83,72,39
50037,IMU,1373,1500,-76,8344,-105,66,46
50056,IMU,1374,1512,-16,8304,-82,59,28
50075,IMU,1375,1480,68,8360,-90,54,38
50094,IMU,1376,1592,88,8344,-91,66,35
50113,IMU,1377,1496,-28,8436,-78,66,45
50132,IMU,1378,1572,64,8384,-93,55,40
50151,IMU,1379,1620,-48,8336,-90,62,42
50171,IMU,1380,1576,-32,8296,-86,63,46
50189,IMU,1381,1492,-88,8432,-90,56,41
50209,IMU,1382,1456,-36,8420,-82,69,42
50228,IMU,1383,1484,4,8412,-82,69,51
50247,IMU,1384,1556,-84,8368,-74,63,49
50266,IMU,1385,1532,-36,8416,-69,55,33
50285,IMU,1386,1572,84,8408,-88,68,47
50304,IMU,1387,1500,-4,8368,-97,61,63
50323,IMU,1388,1464,44,8376,-108,54,49
50342,IMU,1389,1508,-16,8408,-80,68,38
50361,IMU,1390,1456,0,8388,-81,63,40
50380,IMU,1391,1508,32,8408,-70,74,41
50399,IMU,1392,1508,16,8380,-75,76,40
50419,IMU,1393,1580,44,8372,-85,65,48
50438,IMU,1394,1444,-4,8476,-98,55,36
50457,IMU,1395,1488,36,8424,-87,63,33
50476,IMU,1396,1468,-52,8288,-98,69,41
50494,IMU,1397,1508,-116,8420,-83,42,43
50514,IMU,1398,1588,-44,8364,-74,53,44
50533,IMU,1399,1576,-40,8396,-82,62,46
50552,IMU,1400,1512,-124,8364,-87,69,48
50571,IMU,1401,1444,-72,8408,-73,59,32
50590,IMU,1402,1516,4,8416,-86,67,46
50609,IMU,1403,1524,-116,8348,-76,70,50
50628,IMU,1404,1588,-4,8344,-83,62,59
50649,IMU,1405,1516,24,8384,-90,39,34
50667,IMU,1406,1600,-8,8356,-86,78,43
50686,IMU,1407,1580,-60,8360,-87,79,33
50704,IMU,1408,1636,28,8364,-77,59,40
50724,IMU,1409,1620,-132,8456,-109,67,29
50743,IMU,1410,1556,12,8432,-88,61,56
50762,IMU,1411,1588,-80,8332,-97,62,36
50781,IMU,1412,1532,-52,8360,-92,48,53
50800,IMU,1413,1464,36,8352,-82,59,54
50819,IMU,1414,1424,-20,8356,-86,41,46
50838,IMU,1415,1480,-24,8384,-76,63,45
50857,IMU,1416,1544,-88,8320,-89,77,47
50876,IMU,1417,1544,-12,8396,-97,49,31
50896,IMU,1418,1544,8,8432,-83,54,53
50914,IMU,1419,1528,-64,8372,-80,57,41
50934,IMU,1420,1480,52,8392,-107,61,36
50953,IMU,1421,1452,24,8392,-70,64,39
50972,IMU,1422,1516,40,8316,-85,69,51
50991,IMU,1423,1548,-64,8328,-74,59,45
51010,IMU,1424,1492,-136,8396,-107,72,44
51029,IMU,1425,1444,4,8376,-88,62,49
51048,IMU,1426,1500,-112,8412,-86,57,38
51067,IMU,1427,1472,144,8348,-81,67,40
51086,IMU,1428,1548,-24,8388,-62,56,61
51106,IMU,1429,1628,-36,8412,-94,55,47
51126,IMU,1430,1552,0,8464,-92,55,40
51144,IMU,1431,1440,-88,8400,-69,77,26
51163,IMU,1432,1484,-56,8444,-82,61,45
51182,IMU,1433,1556,-76,8328,-81,57,40
51201,IMU,1434,1552,-36,8368,-62,58,35
51219,IMU,1435,1476,-52,8344,-74,61,32
51239,IMU,1436,1496,-80,8404,-64,53,42
51258,IMU,1437,1456,-84,8412,-90,54,52
51277,IMU,1438,1476,-48,8324,-98,66,44
51296,IMU,1439,1524,4,8436,-71,63,31
51315,IMU,1440,1520,36,8348,-75,46,44
51334,IMU,1441,1604,-112,8364,-89,62,55
51353,IMU,1442,1444,-4,8380,-83,50,47
51372,IMU,1443,1656,64,8392,-70,71,46
51392,IMU,1444,1536,44,8460,-105,56,38
51411,IMU,1445,1580,72,8412,-89,68,55
51429,IMU,1446,1548,-140,8400,-82,42,48
51449,IMU,1447,1476,-16,8396,-88,60,33
51468,IMU,1448,1448,-12,8356,-82,54,28
51487,IMU,1449,1508,4,8424,-92,60,41
51506,IMU,1450,1544,4,8376,-92,67,41
51525,IMU,1451,1516,4,8440,-86,60,42
51544,IMU,1452,1524,24,8412,-67,73,56
51563,IMU,1453,1556,-4,8292,-78,85,45
51582,IMU,1454,1516,-28,8376,-105,41,42
51601,IMU,1455,1608,-96,8312,-76,51,44
50745,ECG,12288,243,0,0,0,0,0
50745,ECG,12289,-97,0,0,0,0,0
50750,ECG,12290,-470,0,0,0,0,0
50750,ECG,12291,-423,0,0,0,0,0
50755,ECG,12292,-268,0,0,0,0,0
50755,ECG,12293,-3,0,0,0,0,0
50755,ECG,12294,378,0,0,0,0,0
50760,ECG,12295,540,0,0,0,0,0
50760,ECG,12296,536,0,0,0,0,0
50765,ECG,12297,323,0,0,0,0,0
50765,ECG,12298,-20,0,0,0,0,0
50765,ECG,12299,-290,0,0,0,0,0
50770,ECG,12300,-426,0,0,0,0,0
50770,ECG,12301,-440,0,0,0,0,0
50775,ECG,12302,-316,0,0,0,0,0
50775,ECG,12303,-38,0,0,0,0,0
50775,ECG,12304,289,0,0,0,0,0
50780,ECG,12305,517,0,0,0,0,0
50780,ECG,12306,528,0,0,0,0,0
50785,ECG,12307,347,0,0,0,0,0
50785,ECG,12308,-29,0,0,0,0,0
50785,ECG,12309,-289,0,0,0,0,0
50790,ECG,12310,-425,0,0,0,0,0
50790,ECG,12311,-435,0,0,0,0,0
50790,ECG,12312,-324,0,0,0,0,0
50795,ECG,12313,-72,0,0,0,0,0
50795,ECG,12314,333,0,0,0,0,0
50800,ECG,12315,525,0,0,0,0,0
50800,ECG,12316,521,0,0,0,0,0
50805,ECG,12317,-234,0,0,0,0,0
50805,ECG,12318,-648,0,0,0,0,0
50810,ECG,12319,-879,0,0,0,0,0
50810,ECG,12320,-906,0,0,0,0,0
50810,ECG,12321,-740,0,0,0,0,0
50815,ECG,12322,-389,0,0,0,0,0
50815,ECG,12323,68,0,0,0,0,0
50820,ECG,12324,501,0,0,0,0,0
50820,ECG,12325,530,0,0,0,0,0
50820,ECG,12326,492,0,0,0,0,0
50825,ECG,12327,27,0,0,0,0,0
50825,ECG,12328,-360,0,0,0,0,0
50830,ECG,12329,-609,0,0,0,0,0
50830,ECG,12330,-715,0,0,0,0,0
50830,ECG,12331,-663,0,0,0,0,0
50835,ECG,12332,-361,0,0,0,0,0
50835,ECG,12333,93,0,0,0,0,0
50840,ECG,12334,436,0,0,0,0,0
50840,ECG,12335,220,0,0,0,0,0
50845,ECG,12336,-246,0,0,0,0,0
50845,ECG,12337,-727,0,0,0,0,0
50850,ECG,12338,-1005,0,0,0,0,0
50850,ECG,12339,-830,0,0,0,0,0
50855,ECG,12340,-419,0,0,0,0,0
50855,ECG,12341,112,0,0,0,0,0
50855,ECG,12342,518,0,0,0,0,0
50860,ECG,12343,544,0,0,0,0,0
50860,ECG,12344,291,0,0,0,0,0
50865,ECG,12345,-229,0,0,0,0,0
50865,ECG,12346,-689,0,0,0,0,0
50865,ECG,12347,-978,0,0,0,0,0
50870,ECG,12348,-1029,0,0,0,0,0
50870,ECG,12349,-878,0,0,0,0,0
50875,ECG,12350,-496,0,0,0,0,0
50875,ECG,12351,12,0,0,0,0,0
50875,ECG,12352,424,0,0,0,0,0
50880,ECG,12353,557,0,0,0,0,0
50880,ECG,12354,452,0,0,0,0,0
50885,ECG,12355,-329,0,0,0,0,0
50885,ECG,12356,-562,0,0,0,0,0
50890,ECG,12357,-626,0,0,0,0,0
50890,ECG,12358,-521,0,0,0,0,0
50890,ECG,12359,-261,0,0,0,0,0
50895,ECG,12360,84,0,0,0,0,0
50895,ECG,12361,434,0,0,0,0,0
50900,ECG,12362,556,0,0,0,0,0
50900,ECG,12363,407,0,0,0,0,0
50905,ECG,12364,-391,0,0,0,0,0
50905,ECG,12365,-701,0,0,0,0,0
50910,ECG,12366,-836,0,0,0,0,0
50910,ECG,12367,-766,0,0,0,0,0
50910,ECG,12368,-537,0,0,0,0,0
50915,ECG,12369,-172,0,0,0,0,0
50915,ECG,12370,248,0,0,0,0,0
50920,ECG,12371,563,0,0,0,0,0
50920,ECG,12372,559,0,0,0,0,0
50920,ECG,12373,470,0,0,0,0,0
50925,ECG,12374,110,0,0,0,0,0
50925,ECG,12375,-211,0,0,0,0,0
50930,ECG,12376,-428,0,0,0,0,0
50930,ECG,12377,-507,0,0,0,0,0
50930,ECG,12378,-472,0,0,0,0,0
50935,ECG,12379,-210,0,0,0,0,0
50935,ECG,12380,182,0,0,0,0,0
50940,ECG,12381,437,0,0,0,0,0
50940,ECG,12382,289,0,0,0,0,0
50945,ECG,12383,-59,0,0,0,0,0
50945,ECG,12384,-430,0,0,0,0,0
50950,ECG,12385,-626,0,0,0,0,0
50950,ECG,12386,-460,0,0,0,0,0
50955,ECG,12387,-103,0,0,0,0,0
50955,ECG,12388,250,0,0,0,0,0
50955,ECG,12389,526,0,0,0,0,0
50960,ECG,12390,545,0,0,0,0,0
50960,ECG,12391,165,0,0,0,0,0
50965,ECG,12392,-281,0,0,0,0,0
50965,ECG,12393,-631,0,0,0,0,0
50965,ECG,12394,-861,0,0,0,0,0
50970,ECG,12395,-853,0,0,0,0,0
50970,ECG,12396,-656,0,0,0,0,0
50975,ECG,12397,-335,0,0,0,0,0
50975,ECG,12398,127,0,0,0,0,0
50975,ECG,12399,563,0,0,0,0,0
50980,ECG,12400,559,0,0,0,0,0
50980,ECG,12401,467,0,0,0,0,0
50985,ECG,12402,108,0,0,0,0,0
50985,ECG,12403,-271,0,0,0,0,0
50985,ECG,12404,-514,0,0,0,0,0
50990,ECG,12405,-595,0,0,0,0,0
50990,ECG,12406,-528,0,0,0,0,0
50995,ECG,12407,67,0,0,0,0,0
50995,ECG,12408,443,0,0,0,0,0
51000,ECG,12409,556,0,0,0,0,0
51000,ECG,12410,552,0,0,0,0,0
51005,ECG,12411,-316,0,0,0,0,0
51005,ECG,12412,-641,0,0,0,0,0
51010,ECG,12413,-813,0,0,0,0,0
51010,ECG,12414,-805,0,0,0,0,0
51010,ECG,12415,-596,0,0,0,0,0
51015,ECG,12416,-197,0,0,0,0,0
51015,ECG,12417,235,0,0,0,0,0
51020,ECG,12418,493,0,0,0,0,0
51020,ECG,12419,519,0,0,0,0,0
51020,ECG,12420,308,0,0,0,0,0
51025,ECG,12421,-46,0,0,0,0,0
51025,ECG,12422,-317,0,0,0,0,0
51030,ECG,12423,-394,0,0,0,0,0
51030,ECG,12424,-356,0,0,0,0,0
51030,ECG,12425,-196,0,0,0,0,0
51035,ECG,12426,117,0,0,0,0,0
51035,ECG,12427,412,0,0,0,0,0
51040,ECG,12428,548,0,0,0,0,0
51040,ECG,12429,238,0,0,0,0,0
51045,ECG,12430,-199,0,0,0,0,0
51045,ECG,12431,-534,0,0,0,0,0
51050,ECG,12432,-808,0,0,0,0,0
51050,ECG,12433,-677,0,0,0,0,0
51055,ECG,12434,-306,0,0,0,0,0
51055,ECG,12435,168,0,0,0,0,0
51055,ECG,12436,462,0,0,0,0,0
51060,ECG,12437,428,0,0,0,0,0
51060,ECG,12438,129,0,0,0,0,0
51065,ECG,12439,-296,0,0,0,0,0
51065,ECG,12440,-748,0,0,0,0,0
51065,ECG,12441,-988,0,0,0,0,0
51070,ECG,12442,-948,0,0,0,0,0
51070,ECG,12443,-744,0,0,0,0,0
51075,ECG,12444,-315,0,0,0,0,0
51075,ECG,12445,205,0,0,0,0,0
51075,ECG,12446,560,0,0,0,0,0
51080,ECG,12447,563,0,0,0,0,0
51080,ECG,12448,322,0,0,0,0,0
51085,ECG,12449,-462,0,0,0,0,0
51085,ECG,12450,-656,0,0,0,0,0
51090,ECG,12451,-662,0,0,0,0,0
51090,ECG,12452,-521,0,0,0,0,0
51090,ECG,12453,-170,0,0,0,0,0
51095,ECG,12454,265,0,0,0,0,0
51095,ECG,12455,567,0,0,0,0,0
51100,ECG,12456,562,0,0,0,0,0
51100,ECG,12457,282,0,0,0,0,0
51100,ECG,12458,-209,0,0,0,0,0
51105,ECG,12459,-619,0,0,0,0,0
51105,ECG,12460,-891,0,0,0,0,0
51110,ECG,12461,-942,0,0,0,0,0
51110,ECG,12462,-778,0,0,0,0,0
51110,ECG,12463,-444,0,0,0,0,0
51115,ECG,12464,-22,0,0,0,0,0
51115,ECG,12465,439,0,0,0,0,0
51120,ECG,12466,572,0,0,0,0,0
51120,ECG,12467,568,0,0,0,0,0
51120,ECG,12468,307,0,0,0,0,0
51125,ECG,12469,3,0,0,0,0,0
51125,ECG,12470,-229,0,0,0,0,0
51130,ECG,12471,-325,0,0,0,0,0
51130,ECG,12472,-319,0,0,0,0,0
51130,ECG,12473,-178,0,0,0,0,0
51135,ECG,12474,128,0,0,0,0,0
51135,ECG,12475,437,0,0,0,0,0
51140,ECG,12476,432,0,0,0,0,0
51140,ECG,12477,120,0,0,0,0,0
51145,ECG,12478,-274,0,0,0,0,0
51145,ECG,12479,-584,0,0,0,0,0
51150,ECG,12480,-626,0,0,0,0,0
51150,ECG,12481,-413,0,0,0,0,0
51155,ECG,12482,45,0,0,0,0,0
51155,ECG,12483,455,0,0,0,0,0
51155,ECG,12484,547,0,0,0,0,0
51160,ECG,12485,392,0,0,0,0,0
51160,ECG,12486,17,0,0,0,0,0
51165,ECG,12487,-442,0,0,0,0,0
51165,ECG,12488,-732,0,0,0,0,0
51165,ECG,12489,-789,0,0,0,0,0
51170,ECG,12490,-690,0,0,0,0,0
51170,ECG,12491,-384,0,0,0,0,0
51175,ECG,12492,99,0,0,0,0,0
51175,ECG,12493,485,0,0,0,0,0
51175,ECG,12494,563,0,0,0,0,0
51180,ECG,12495,518,0,0,0,0,0
51180,ECG,12496,-44,0,0,0,0,0
51185,ECG,12497,-865,0,0,0,0,0
51185,ECG,12498,-1038,0,0,0,0,0
51190,ECG,12499,-959,0,0,0,0,0
51190,ECG,12500,-689,0,0,0,0,0
51190,ECG,12501,-261,0,0,0,0,0
51195,ECG,12502,259,0,0,0,0,0
51195,ECG,12503,576,0,0,0,0,0
51200,ECG,12504,572,0,0,0,0,0
51200,ECG,12505,387,0,0,0,0,0
51205,ECG,12506,-352,0,0,0,0,0
51205,ECG,12507,-547,0,0,0,0,0
51210,ECG,12508,-591,0,0,0,0,0
51210,ECG,12509,-496,0,0,0,0,0
51210,ECG,12510,-165,0,0,0,0,0
51215,ECG,12511,237,0,0,0,0,0
51215,ECG,12512,498,0,0,0,0,0
51220,ECG,12513,519,0,0,0,0,0
51220,ECG,12514,208,0,0,0,0,0
51220,ECG,12515,-225,0,0,0,0,0
51225,ECG,12516,-618,0,0,0,0,0
51225,ECG,12517,-863,0,0,0,0,0
51230,ECG,12518,-864,0,0,0,0,0
51230,ECG,12519,-691,0,0,0,0,0
51230,ECG,12520,-287,0,0,0,0,0
51235,ECG,12521,207,0,0,0,0,0
51235,ECG,12522,536,0,0,0,0,0
51235,ECG,12523,575,0,0,0,0,0
51240,ECG,12524,299,0,0,0,0,0
51240,ECG,12525,-134,0,0,0,0,0
51245,ECG,12526,-503,0,0,0,0,0
51245,ECG,12527,-704,0,0,0,0,0
51250,ECG,12528,-530,0,0,0,0,0
51250,ECG,12529,-205,0,0,0,0,0
51255,ECG,12530,257,0,0,0,0,0
51255,ECG,12531,580,0,0,0,0,0
51255,ECG,12532,576,0,0,0,0,0
51260,ECG,12533,359,0,0,0,0,0
51260,ECG,12534,-174,0,0,0,0,0
51265,ECG,12535,-663,0,0,0,0,0
51265,ECG,12536,-1019,0,0,0,0,0
51265,ECG,12537,-1143,0,0,0,0,0
51270,ECG,12538,-1030,0,0,0,0,0
51270,ECG,12539,-672,0,0,0,0,0
51275,ECG,12540,-159,0,0,0,0,0
51275,ECG,12541,355,0,0,0,0,0
51275,ECG,12542,592,0,0,0,0,0
51280,ECG,12543,571,0,0,0,0,0
51280,ECG,12544,158,0,0,0,0,0
51285,ECG,12545,-584,0,0,0,0,0
51285,ECG,12546,-694,0,0,0,0,0
51290,ECG,12547,-629,0,0,0,0,0
51290,ECG,12548,-412,0,0,0,0,0
51290,ECG,12549,12,0,0,0,0,0
51295,ECG,12550,466,0,0,0,0,0
51295,ECG,12551,590,0,0,0,0,0
51300,ECG,12552,512,0,0,0,0,0
51300,ECG,12553,124,0,0,0,0,0
51300,ECG,12554,-364,0,0,0,0,0
51305,ECG,12555,-722,0,0,0,0,0
51305,ECG,12556,-864,0,0,0,0,0
51310,ECG,12557,-803,0,0,0,0,0
51310,ECG,12558,-577,0,0,0,0,0
51310,ECG,12559,-134,0,0,0,0,0
51315,ECG,12560,410,0,0,0,0,0
51315,ECG,12561,596,0,0,0,0,0
51320,ECG,12562,592,0,0,0,0,0
51320,ECG,12563,192,0,0,0,0,0
51320,ECG,12564,-365,0,0,0,0,0
51325,ECG,12565,-785,0,0,0,0,0
51325,ECG,12566,-1016,0,0,0,0,0
51330,ECG,12567,-1031,0,0,0,0,0
51330,ECG,12568,-739,0,0,0,0,0
51330,ECG,12569,-222,0,0,0,0,0
51335,ECG,12570,184,0,0,0,0,0
51335,ECG,12571,378,0,0,0,0,0
51340,ECG,12572,-149,0,0,0,0,0
51340,ECG,12573,-724,0,0,0,0,0
51345,ECG,12574,-1056,0,0,0,0,0
51345,ECG,12575,-1170,0,0,0,0,0
51350,ECG,12576,-640,0,0,0,0,0
51350,ECG,12577,-196,0,0,0,0,0
51355,ECG,12578,398,0,0,0,0,0
51355,ECG,12579,624,0,0,0,0,0
51355,ECG,12580,619,0,0,0,0,0
51360,ECG,12581,423,0,0,0,0,0
51360,ECG,12582,104,0,0,0,0,0
51365,ECG,12583,-180,0,0,0,0,0
51365,ECG,12584,-357,0,0,0,0,0
51365,ECG,12585,-363,0,0,0,0,0
51370,ECG,12586,-228,0,0,0,0,0
51370,ECG,12587,3,0,0,0,0,0
51375,ECG,12588,296,0,0,0,0,0
51375,ECG,12589,548,0,0,0,0,0
51375,ECG,12590,608,0,0,0,0,0
51380,ECG,12591,458,0,0,0,0,0
51380,ECG,12592,65,0,0,0,0,0
51385,ECG,12593,-358,0,0,0,0,0
51385,ECG,12594,-421,0,0,0,0,0
51390,ECG,12595,-314,0,0,0,0,0
51390,ECG,12596,-40,0,0,0,0,0
51390,ECG,12597,286,0,0,0,0,0
51395,ECG,12598,426,0,0,0,0,0
51395,ECG,12599,392,0,0,0,0,0
51400,ECG,12600,214,0,0,0,0,0
51400,ECG,12601,-167,0,0,0,0,0
51400,ECG,12602,-521,0,0,0,0,0
51405,ECG,12603,-688,0,0,0,0,0
51405,ECG,12604,-662,0,0,0,0,0
51410,ECG,12605,-449,0,0,0,0,0
51410,ECG,12606,-151,0,0,0,0,0
51410,ECG,12607,230,0,0,0,0,0
51415,ECG,12608,573,0,0,0,0,0
51415,ECG,12609,600,0,0,0,0,0
51420,ECG,12610,344,0,0,0,0,0
51420,ECG,12611,-1,0,0,0,0,0
51420,ECG,12612,-285,0,0,0,0,0
51425,ECG,12613,-505,0,0,0,0,0
51425,ECG,12614,-552,0,0,0,0,0
51430,ECG,12615,-433,0,0,0,0,0
51430,ECG,12616,-209,0,0,0,0,0
51430,ECG,12617,199,0,0,0,0,0
51435,ECG,12618,549,0,0,0,0,0
51435,ECG,12619,595,0,0,0,0,0
51440,ECG,12620,180,0,0,0,0,0
51440,ECG,12621,-189,0,0,0,0,0
51445,ECG,12622,-413,0,0,0,0,0
51445,ECG,12623,-493,0,0,0,0,0
51450,ECG,12624,-210,0,0,0,0,0
51450,ECG,12625,124,0,0,0,0,0
51455,ECG,12626,469,0,0,0,0,0
51455,ECG,12627,588,0,0,0,0,0
51455,ECG,12628,584,0,0,0,0,0
51460,ECG,12629,199,0,0,0,0,0
51460,ECG,12630,-228,0,0,0,0,0
51465,ECG,12631,-553,0,0,0,0,0
51465,ECG,12632,-758,0,0,0,0,0
51465,ECG,12633,-755,0,0,0,0,0
51470,ECG,12634,-583,0,0,0,0,0
51470,ECG,12635,-187,0,0,0,0,0
51475,ECG,12636,292,0,0,0,0,0
51475,ECG,12637,478,0,0,0,0,0
51475,ECG,12638,416,0,0,0,0,0
51480,ECG,12639,189,0,0,0,0,0
51480,ECG,12640,-223,0,0,0,0,0
51485,ECG,12641,-620,0,0,0,0,0
51485,ECG,12642,-519,0,0,0,0,0
51490,ECG,12643,-285,0,0,0,0,0
51490,ECG,12644,34,0,0,0,0,0
51490,ECG,12645,438,0,0,0,0,0
51495,ECG,12646,588,0,0,0,0,0
51495,ECG,12647,584,0,0,0,0,0
51500,ECG,12648,377,0,0,0,0,0
51500,ECG,12649,8,0,0,0,0,0
51505,ECG,12650,-462,0,0,0,0,0
51505,ECG,12651,-501,0,0,0,0,0
51510,ECG,12652,-399,0,0,0,0,0
51510,ECG,12653,-148,0,0,0,0,0
51510,ECG,12654,244,0,0,0,0,0
51515,ECG,12655,525,0,0,0,0,0
51515,ECG,12656,578,0,0,0,0,0
51520,ECG,12657,507,0,0,0,0,0
51520,ECG,12658,98,0,0,0,0,0
51520,ECG,12659,-244,0,0,0,0,0
51525,ECG,12660,-434,0,0,0,0,0
51525,ECG,12661,-511,0,0,0,0,0
51530,ECG,12662,-447,0,0,0,0,0
51530,ECG,12663,-214,0,0,0,0,0
51530,ECG,12664,154,0,0,0,0,0
51535,ECG,12665,437,0,0,0,0,0
51535,ECG,12666,572,0,0,0,0,0
51540,ECG,12667,113,0,0,0,0,0
51540,ECG,12668,-209,0,0,0,0,0
51545,ECG,12669,-435,0,0,0,0,0
51545,ECG,12670,-526,0,0,0,0,0
51550,ECG,12671,-259,0,0,0,0,0
51550,ECG,12672,104,0,0,0,0,0
51555,ECG,12673,473,0,0,0,0,0
51555,ECG,12674,567,0,0,0,0,0
51555,ECG,12675,444,0,0,0,0,0
51560,ECG,12676,50,0,0,0,0,0
51560,ECG,12677,-341,0,0,0,0,0
51565,ECG,12678,-677,0,0,0,0,0
51565,ECG,12679,-830,0,0,0,0,0
51565,ECG,12680,-774,0,0,0,0,0
51570,ECG,12681,-517,0,0,0,0,0
51570,ECG,12682,-62,0,0,0,0,0
51575,ECG,12683,423,0,0,0,0,0
51575,ECG,12684,571,0,0,0,0,0
51575,ECG,12685,441,0,0,0,0,0
51580,ECG,12686,-110,0,0,0,0,0
51580,ECG,12687,-691,0,0,0,0,0
51585,ECG,12688,-1168,0,0,0,0,0
51585,ECG,12689,-1374,0,0,0,0,0
51585,ECG,12690,-1278,0,0,0,0,0
51590,ECG,12691,-959,0,0,0,0,0
51590,ECG,12692,-402,0,0,0,0,0
51595,ECG,12693,595,0,0,0,0,0
51595,ECG,12694,591,0,0,0,0,0
51600,ECG,12695,383,0,0,0,0,0
51600,ECG,12696,-72,0,0,0,0,0
51605,ECG,12697,-455,0,0,0,0,0
51605,ECG,12698,-418,0,0,0,0,0
51610,ECG,12699,-261,0,0,0,0,0
51610,ECG,12700,92,0,0,0,0,0
51610,ECG,12701,475,0,0,0,0,0
51615,ECG,12702,586,0,0,0,0,0
51615,ECG,12703,559,0,0,0,0,0
51620,ECG,12704,238,0,0,0,0,0
51620,ECG,12705,-170,0,0,0,0,0
51620,ECG,12706,-413,0,0,0,0,0
51625,ECG,12707,-522,0,0,0,0,0
51625,ECG,12708,-476,0,0,0,0,0
51630,ECG,12709,-276,0,0,0,0,0
51630,ECG,12710,13,0,0,0,0,0
51630,ECG,12711,388,0,0,0,0,0
51635,ECG,12712,580,0,0,0,0,0
51635,ECG,12713,576,0,0,0,0,0
51640,ECG,12714,-26,0,0,0,0,0
51640,ECG,12715,-331,0,0,0,0,0
51645,ECG,12716,-535,0,0,0,0,0
51645,ECG,12717,-597,0,0,0,0,0
51645,ECG,12718,-497,0,0,0,0,0
51650,ECG,12719,-104,0,0,0,0,0
51650,ECG,12720,309,0,0,0,0,0
51655,ECG,12721,456,0,0,0,0,0
51655,ECG,12722,435,0,0,0,0,0
51660,ECG,12723,-492,0,0,0,0,0
51660,ECG,12724,-927,0,0,0,0,0
51665,ECG,12725,-1123,0,0,0,0,0
51665,ECG,12726,-1084,0,0,0,0,0
51665,ECG,12727,-792,0,0,0,0,0
51670,ECG,12728,-391,0,0,0,0,0
51670,ECG,12729,128,0,0,0,0,0
51675,ECG,12730,592,0,0,0,0,0
51675,ECG,12731,588,0,0,0,0,0
51675,ECG,12732,486,0,0,0,0,0
51680,ECG,12733,190,0,0,0,0,0
51680,ECG,12734,-114,0,0,0,0,0
51685,ECG,12735,-309,0,0,0,0,0
51685,ECG,12736,-336,0,0,0,0,0
51685,ECG,12737,-257,0,0,0,0,0
51690,ECG,12738,-71,0,0,0,0,0
51690,ECG,12739,266,0,0,0,0,0
51695,ECG,12740,575,0,0,0,0,0
51695,ECG,12741,514,0,0,0,0,0
51700,ECG,12742,98,0,0,0,0,0
51700,ECG,12743,-307,0,0,0,0,0
51705,ECG,12744,-690,0,0,0,0,0
51705,ECG,12745,-640,0,0,0,0,0
51710,ECG,12746,-394,0,0,0,0,0
51710,ECG,12747,-23,0,0,0,0,0
51710,ECG,12748,371,0,0,0,0,0
51715,ECG,12749,575,0,0,0,0,0
51715,ECG,12750,500,0,0,0,0,0
51720,ECG,12751,127,0,0,0,0,0
51720,ECG,12752,-262,0,0,0,0,0
51720,ECG,12753,-537,0,0,0,0,0
51725,ECG,12754,-646,0,0,0,0,0
51725,ECG,12755,-570,0,0,0,0,0
51730,ECG,12756,-369,0,0,0,0,0
51730,ECG,12757,42,0,0,0,0,0
51730,ECG,12758,471,0,0,0,0,0
51735,ECG,12759,573,0,0,0,0,0
51735,ECG,12760,486,0,0,0,0,0
51740,ECG,12761,-235,0,0,0,0,0
51740,ECG,12762,-482,0,0,0,0,0
51745,ECG,12763,-548,0,0,0,0,0
51745,ECG,12764,-473,0,0,0,0,0
51745,ECG,12765,-257,0,0,0,0,0
51750,ECG,12766,88,0,0,0,0,0
51750,ECG,12767,458,0,0,0,0,0
51755,ECG,12768,568,0,0,0,0,0
51755,ECG,12769,564,0,0,0,0,0
51760,ECG,12770,-45,0,0,0,0,0
51760,ECG,12771,-233,0,0,0,0,0
51765,ECG,12772,-330,0,0,0,0,0
51765,ECG,12773,-298,0,0,0,0,0
51765,ECG,12774,-154,0,0,0,0,0
51770,ECG,12775,116,0,0,0,0,0
51770,ECG,12776,450,0,0,0,0,0
51775,ECG,12777,556,0,0,0,0,0
51775,ECG,12778,552,0,0,0,0,0
51775,ECG,12779,232,0,0,0,0,0
51780,ECG,12780,-177,0,0,0,0,0
51780,ECG,12781,-479,0,0,0,0,0
51785,ECG,12782,-652,0,0,0,0,0
51785,ECG,12783,-672,0,0,0,0,0
51785,ECG,12784,-504,0,0,0,0,0
51790,ECG,12785,-100,0,0,0,0,0
51790,ECG,12786,306,0,0,0,0,0
51795,ECG,12787,475,0,0,0,0,0
51795,ECG,12788,119,0,0,0,0,0
51800,ECG,12789,-398,0,0,0,0,0
51800,ECG,12790,-772,0,0,0,0,0
51800,ECG,12791,-937,0,0,0,0,0
51805,ECG,12792,-889,0,0,0,0,0
51805,ECG,12793,-636,0,0,0,0,0
51810,ECG,12794,-274,0,0,0,0,0
51810,ECG,12795,233,0,0,0,0,0
51810,ECG,12796,566,0,0,0,0,0
51815,ECG,12797,562,0,0,0,0,0
51815,ECG,12798,344,0,0,0,0,0
51820,ECG,12799,-80,0,0,0,0,0
51820,ECG,12800,-497,0,0,0,0,0
51820,ECG,12801,-762,0,0,0,0,0
51825,ECG,12802,-825,0,0,0,0,0
51825,ECG,12803,-714,0,0,0,0,0
51830,ECG,12804,-362,0,0,0,0,0
51830,ECG,12805,78,0,0,0,0,0
51830,ECG,12806,419,0,0,0,0,0
51835,ECG,12807,567,0,0,0,0,0
51835,ECG,12808,494,0,0,0,0,0
51840,ECG,12809,-345,0,0,0,0,0
51840,ECG,12810,-553,0,0,0,0,0
51845,ECG,12811,-627,0,0,0,0,0
51845,ECG,12812,-529,0,0,0,0,0
51845,ECG,12813,-289,0,0,0,0,0
51850,ECG,12814,80,0,0,0,0,0
51850,ECG,12815,511,0,0,0,0,0
51855,ECG,12816,565,0,0,0,0,0
51855,ECG,12817,500,0,0,0,0,0
51860,ECG,12818,-361,0,0,0,0,0
51860,ECG,12819,-745,0,0,0,0,0
51865,ECG,12820,-917,0,0,0,0,0
51865,ECG,12821,-901,0,0,0,0,0
51865,ECG,12822,-682,0,0,0,0,0
51870,ECG,12823,-259,0,0,0,0,0
51870,ECG,12824,213,0,0,0,0,0
51875,ECG,12825,541,0,0,0,0,0
51875,ECG,12826,570,0,0,0,0,0
51875,ECG,12827,365,0,0,0,0,0
51880,ECG,12828,-30,0,0,0,0,0
51880,ECG,12829,-333,0,0,0,0,0
51885,ECG,12830,-466,0,0,0,0,0
51885,ECG,12831,-480,0,0,0,0,0
51885,ECG,12832,-348,0,0,0,0,0
51890,ECG,12833,33,0,0,0,0,0
51890,ECG,12834,392,0,0,0,0,0
51895,ECG,12835,406,0,0,0,0,0
51895,ECG,12836,57,0,0,0,0,0
51900,ECG,12837,-389,0,0,0,0,0
51900,ECG,12838,-724,0,0,0,0,0
51900,ECG,12839,-852,0,0,0,0,0
51905,ECG,12840,-787,0,0,0,0,0
51905,ECG,12841,-490,0,0,0,0,0
51910,ECG,12842,-25,0,0,0,0,0
51910,ECG,12843,339,0,0,0,0,0
51915,ECG,12844,540,0,0,0,0,0
51915,ECG,12845,74,0,0,0,0,0
51920,ECG,12846,-379,0,0,0,0,0
51920,ECG,12847,-688,0,0,0,0,0
51920,ECG,12848,-855,0,0,0,0,0
51925,ECG,12849,-802,0,0,0,0,0
51925,ECG,12850,-563,0,0,0,0,0
51930,ECG,12851,-200,0,0,0,0,0
51930,ECG,12852,300,0,0,0,0,0
51930,ECG,12853,579,0,0,0,0,0
51935,ECG,12854,544,0,0,0,0,0
51935,ECG,12855,185,0,0,0,0,0
51940,ECG,12856,-210,0,0,0,0,0
51940,ECG,12857,-638,0,0,0,0,0
51940,ECG,12858,-869,0,0,0,0,0
51945,ECG,12859,-851,0,0,0,0,0
51945,ECG,12860,-659,0,0,0,0,0
51950,ECG,12861,168,0,0,0,0,0
51950,ECG,12862,577,0,0,0,0,0
51955,ECG,12863,582,0,0,0,0,0
51955,ECG,12864,537,0,0,0,0,0
51960,ECG,12865,-196,0,0,0,0,0
51960,ECG,12866,-371,0,0,0,0,0
51965,ECG,12867,-432,0,0,0,0,0
51965,ECG,12868,-362,0,0,0,0,0
51965,ECG,12869,-139,0,0,0,0,0
51970,ECG,12870,218,0,0,0,0,0
51970,ECG,12871,525,0,0,0,0,0
51975,ECG,12872,572,0,0,0,0,0
51975,ECG,12873,482,0,0,0,0,0
51975,ECG,12874,69,0,0,0,0,0
51980,ECG,12875,-339,0,0,0,0,0
51980,ECG,12876,-601,0,0,0,0,0
51985,ECG,12877,-707,0,0,0,0,0
51985,ECG,12878,-650,0,0,0,0,0
51985,ECG,12879,-399,0,0,0,0,0
51990,ECG,12880,20,0,0,0,0,0
51990,ECG,12881,429,0,0,0,0,0
51995,ECG,12882,474,0,0,0,0,0
51995,ECG,12883,54,0,0,0,0,0
52000,ECG,12884,-399,0,0,0,0,0
52000,ECG,12885,-747,0,0,0,0,0
52000,ECG,12886,-881,0,0,0,0,0
52005,ECG,12887,-809,0,0,0,0,0
52005,ECG,12888,-549,0,0,0,0,0
52010,ECG,12889,-136,0,0,0,0,0
52010,ECG,12890,338,0,0,0,0,0
52010,ECG,12891,580,0,0,0,0,0
52015,ECG,12892,576,0,0,0,0,0
52015,ECG,12893,287,0,0,0,0,0
52020,ECG,12894,-111,0,0,0,0,0
52020,ECG,12895,-429,0,0,0,0,0
52020,ECG,12896,-570,0,0,0,0,0
52025,ECG,12897,-549,0,0,0,0,0
52025,ECG,12898,-400,0,0,0,0,0
52030,ECG,12899,-64,0,0,0,0,0
52030,ECG,12900,389,0,0,0,0,0
52030,ECG,12901,576,0,0,0,0,0
52035,ECG,12902,571,0,0,0,0,0
52035,ECG,12903,225,0,0,0,0,0
52040,ECG,12904,-282,0,0,0,0,0
52040,ECG,12905,-707,0,0,0,0,0
52040,ECG,12906,-926,0,0,0,0,0
52045,ECG,12907,-947,0,0,0,0,0
52045,ECG,12908,-768,0,0,0,0,0
52050,ECG,12909,196,0,0,0,0,0
52050,ECG,12910,498,0,0,0,0,0
52055,ECG,12911,581,0,0,0,0,0
52055,ECG,12912,293,0,0,0,0,0
52060,ECG,12913,-583,0,0,0,0,0
52060,ECG,12914,-763,0,0,0,0,0
52065,ECG,12915,-755,0,0,0,0,0
52065,ECG,12916,-563,0,0,0,0,0
52065,ECG,12917,-196,0,0,0,0,0
52070,ECG,12918,255,0,0,0,0,0
52070,ECG,12919,587,0,0,0,0,0
52075,ECG,12920,583,0,0,0,0,0
52075,ECG,12921,298,0,0,0,0,0
52075,ECG,12922,-116,0,0,0,0,0
52080,ECG,12923,-487,0,0,0,0,0
52080,ECG,12924,-735,0,0,0,0,0
52085,ECG,12925,-749,0,0,0,0,0
52085,ECG,12926,-600,0,0,0,0,0
52085,ECG,12927,-293,0,0,0,0,0
52090,ECG,12928,172,0,0,0,0,0
52090,ECG,12929,574,0,0,0,0,0
52095,ECG,12930,480,0,0,0,0,0
52095,ECG,12931,57,0,0,0,0,0
52100,ECG,12932,-343,0,0,0,0,0
52100,ECG,12933,-593,0,0,0,0,0
52105,ECG,12934,-597,0,0,0,0,0
52105,ECG,12935,-327,0,0,0,0,0
52110,ECG,12936,104,0,0,0,0,0
52110,ECG,12937,496,0,0,0,0,0
52115,ECG,12938,461,0,0,0,0,0
52115,ECG,12939,-6,0,0,0,0,0
52120,ECG,12940,-455,0,0,0,0,0
52120,ECG,12941,-781,0,0,0,0,0
52120,ECG,12942,-901,0,0,0,0,0
52125,ECG,12943,-809,0,0,0,0,0
52125,ECG,12944,-525,0,0,0,0,0
52130,ECG,12945,-80,0,0,0,0,0
52130,ECG,12946,381,0,0,0,0,0
52130,ECG,12947,591,0,0,0,0,0
52135,ECG,12948,587,0,0,0,0,0
52135,ECG,12949,259,0,0,0,0,0
52140,ECG,12950,-141,0,0,0,0,0
52140,ECG,12951,-427,0,0,0,0,0
52140,ECG,12952,-543,0,0,0,0,0
52145,ECG,12953,-516,0,0,0,0,0
52145,ECG,12954,-345,0,0,0,0,0
52150,ECG,12955,435,0,0,0,0,0
52150,ECG,12956,585,0,0,0,0,0
52155,ECG,12957,493,0,0,0,0,0
52155,ECG,12958,150,0,0,0,0,0
52160,ECG,12959,-612,0,0,0,0,0
52160,ECG,12960,-726,0,0,0,0,0
52165,ECG,12961,-680,0,0,0,0,0
52165,ECG,12962,-438,0,0,0,0,0
52165,ECG,12963,26,0,0,0,0,0
52170,ECG,12964,422,0,0,0,0,0
52170,ECG,12965,586,0,0,0,0,0
52175,ECG,12966,487,0,0,0,0,0
52175,ECG,12967,43,0,0,0,0,0
52175,ECG,12968,-443,0,0,0,0,0
52180,ECG,12969,-763,0,0,0,0,0
52180,ECG,12970,-892,0,0,0,0,0
52185,ECG,12971,-808,0,0,0,0,0
52185,ECG,12972,-509,0,0,0,0,0
52185,ECG,12973,-83,0,0,0,0,0
52190,ECG,12974,402,0,0,0,0,0
52190,ECG,12975,592,0,0,0,0,0
52195,ECG,12976,17,0,0,0,0,0
52195,ECG,12977,-536,0,0,0,0,0
52200,ECG,12978,-1001,0,0,0,0,0
52200,ECG,12979,-1263,0,0,0,0,0
52200,ECG,12980,-1247,0,0,0,0,0
52205,ECG,12981,-962,0,0,0,0,0
52205,ECG,12982,-451,0,0,0,0,0
52210,ECG,12983,136,0,0,0,0,0
52210,ECG,12984,548,0,0,0,0,0
52215,ECG,12985,251,0,0,0,0,0
52215,ECG,12986,-371,0,0,0,0,0
52220,ECG,12987,-880,0,0,0,0,0
52220,ECG,12988,-1139,0,0,0,0,0
52220,ECG,12989,-1183,0,0,0,0,0
52225,ECG,12990,-972,0,0,0,0,0
52225,ECG,12991,-499,0,0,0,0,0
52230,ECG,12992,35,0,0,0,0,0
52230,ECG,12993,418,0,0,0,0,0
52230,ECG,12994,563,0,0,0,0,0
52235,ECG,12995,398,0,0,0,0,0
52235,ECG,12996,36,0,0,0,0,0
52240,ECG,12997,-292,0,0,0,0,0
52240,ECG,12998,-460,0,0,0,0,0
52240,ECG,12999,-441,0,0,0,0,0
52245,ECG,13000,-286,0,0,0,0,0
52245,ECG,13001,-25,0,0,0,0,0
52250,ECG,13002,622,0,0,0,0,0
52250,ECG,13003,617,0,0,0,0,0
52255,ECG,13004,487,0,0,0,0,0
52255,ECG,13005,91,0,0,0,0,0
52260,ECG,13006,-606,0,0,0,0,0
52260,ECG,13007,-731,0,0,0,0,0
52265,ECG,13008,-692,0,0,0,0,0
52265,ECG,13009,-466,0,0,0,0,0
52265,ECG,13010,-4,0,0,0,0,0
52270,ECG,13011,435,0,0,0,0,0
52270,ECG,13012,611,0,0,0,0,0
52275,ECG,13013,468,0,0,0,0,0
52275,ECG,13014,70,0,0,0,0,0
52275,ECG,13015,-399,0,0,0,0,0
52280,ECG,13016,-772,0,0,0,0,0
52280,ECG,13017,-902,0,0,0,0,0
52285,ECG,13018,-816,0,0,0,0,0
52285,ECG,13019,-546,0,0,0,0,0
52285,ECG,13020,-59,0,0,0,0,0
52290,ECG,13021,428,0,0,0,0,0
52290,ECG,13022,624,0,0,0,0,0
52295,ECG,13023,602,0,0,0,0,0
52295,ECG,13024,196,0,0,0,0,0
52295,ECG,13025,-252,0,0,0,0,0
52300,ECG,13026,-578,0,0,0,0,0
52300,ECG,13027,-720,0,0,0,0,0
52300,ECG,13028,-671,0,0,0,0,0
52305,ECG,13029,-442,0,0,0,0,0
52305,ECG,13030,-50,0,0,0,0,0
52310,ECG,13031,369,0,0,0,0,0
52310,ECG,13032,624,0,0,0,0,0
52315,ECG,13033,317,0,0,0,0,0
52315,ECG,13034,-105,0,0,0,0,0
52320,ECG,13035,-442,0,0,0,0,0
52320,ECG,13036,-650,0,0,0,0,0
52320,ECG,13037,-666,0,0,0,0,0
52325,ECG,13038,-531,0,0,0,0,0
52325,ECG,13039,-172,0,0,0,0,0
52330,ECG,13040,290,0,0,0,0,0
52330,ECG,13041,573,0,0,0,0,0
52330,ECG,13042,593,0,0,0,0,0
52335,ECG,13043,287,0,0,0,0,0
52335,ECG,13044,-206,0,0,0,0,0
52340,ECG,13045,-636,0,0,0,0,0
52340,ECG,13046,-907,0,0,0,0,0
52340,ECG,13047,-949,0,0,0,0,0
52345,ECG,13048,-773,0,0,0,0,0
52345,ECG,13049,-395,0,0,0,0,0
52350,ECG,13050,582,0,0,0,0,0
52350,ECG,13051,626,0,0,0,0,0
52355,ECG,13052,395,0,0,0,0,0
52355,ECG,13053,-58,0,0,0,0,0
52355,ECG,13054,-493,0,0,0,0,0
52360,ECG,13055,-812,0,0,0,0,0
52360,ECG,13056,-875,0,0,0,0,0
52365,ECG,13057,-741,0,0,0,0,0
52365,ECG,13058,-421,0,0,0,0,0
52365,ECG,13059,91,0,0,0,0,0
52370,ECG,13060,527,0,0,0,0,0
52370,ECG,13061,631,0,0,0,0,0
52375,ECG,13062,523,0,0,0,0,0
52375,ECG,13063,144,0,0,0,0,0
52375,ECG,13064,-236,0,0,0,0,0
52380,ECG,13065,-461,0,0,0,0,0
52380,ECG,13066,-498,0,0,0,0,0
52385,ECG,13067,-309,0,0,0,0,0
52385,ECG,13068,-43,0,0,0,0,0
52385,ECG,13069,208,0,0,0,0,0
52390,ECG,13070,434,0,0,0,0,0
52390,ECG,13071,451,0,0,0,0,0
52395,ECG,13072,118,0,0,0,0,0
52395,ECG,13073,-404,0,0,0,0,0
52395,ECG,13074,-809,0,0,0,0,0
52400,ECG,13075,-1001,0,0,0,0,0
52400,ECG,13076,-989,0,0,0,0,0
52405,ECG,13077,-421,0,0,0,0,0
52405,ECG,13078,138,0,0,0,0,0
52410,ECG,13079,622,0,0,0,0,0
52410,ECG,13080,636,0,0,0,0,0
52410,ECG,13081,446,0,0,0,0,0
52415,ECG,13082,-133,0,0,0,0,0
52415,ECG,13083,-766,0,0,0,0,0
52420,ECG,13084,-1258,0,0,0,0,0
52420,ECG,13085,-1493,0,0,0,0,0
52420,ECG,13086,-1389,0,0,0,0,0
52425,ECG,13087,-988,0,0,0,0,0
52425,ECG,13088,-409,0,0,0,0,0
52430,ECG,13089,205,0,0,0,0,0
52430,ECG,13090,611,0,0,0,0,0
52430,ECG,13091,644,0,0,0,0,0
52435,ECG,13092,291,0,0,0,0,0
52435,ECG,13093,-210,0,0,0,0,0
52440,ECG,13094,-521,0,0,0,0,0
52440,ECG,13095,-598,0,0,0,0,0
52440,ECG,13096,-526,0,0,0,0,0
52445,ECG,13097,-324,0,0,0,0,0
52445,ECG,13098,77,0,0,0,0,0
52450,ECG,13099,656,0,0,0,0,0
52450,ECG,13100,608,0,0,0,0,0
52455,ECG,13101,330,0,0,0,0,0
52455,ECG,13102,-85,0,0,0,0,0
52455,ECG,13103,-375,0,0,0,0,0
52460,ECG,13104,-492,0,0,0,0,0
52460,ECG,13105,-462,0,0,0,0,0
52465,ECG,13106,-247,0,0,0,0,0
52465,ECG,13107,98,0,0,0,0,0
52465,ECG,13108,432,0,0,0,0,0
52470,ECG,13109,647,0,0,0,0,0
52470,ECG,13110,618,0,0,0,0,0
52475,ECG,13111,246,0,0,0,0,0
52475,ECG,13112,-177,0,0,0,0,0
52475,ECG,13113,-462,0,0,0,0,0
52480,ECG,13114,-607,0,0,0,0,0
52480,ECG,13115,-576,0,0,0,0,0
52485,ECG,13116,-386,0,0,0,0,0
52485,ECG,13117,-20,0,0,0,0,0
52485,ECG,13118,421,0,0,0,0,0
52490,ECG,13119,642,0,0,0,0,0
52490,ECG,13120,574,0,0,0,0,0
52495,ECG,13121,257,0,0,0,0,0
52495,ECG,13122,-209,0,0,0,0,0
52495,ECG,13123,-593,0,0,0,0,0
52500,ECG,13124,-781,0,0,0,0,0
52500,ECG,13125,-785,0,0,0,0,0
52505,ECG,13126,-116,0,0,0,0,0
52505,ECG,13127,333,0,0,0,0,0
52510,ECG,13128,577,0,0,0,0,0
52510,ECG,13129,536,0,0,0,0,0
52510,ECG,13130,133,0,0,0,0,0
52515,ECG,13131,-418,0,0,0,0,0
52515,ECG,13132,-836,0,0,0,0,0
52520,ECG,13133,-1050,0,0,0,0,0
52520,ECG,13134,-1019,0,0,0,0,0
52520,ECG,13135,-754,0,0,0,0,0
52525,ECG,13136,-323,0,0,0,0,0
52525,ECG,13137,197,0,0,0,0,0
52530,ECG,13138,637,0,0,0,0,0
52530,ECG,13139,651,0,0,0,0,0
52530,ECG,13140,490,0,0,0,0,0
52535,ECG,13141,94,0,0,0,0,0
52535,ECG,13142,-260,0,0,0,0,0
52540,ECG,13143,-505,0,0,0,0,0
52540,ECG,13144,-580,0,0,0,0,0
52540,ECG,13145,-482,0,0,0,0,0
52545,ECG,13146,-187,0,0,0,0,0
52545,ECG,13147,206,0,0,0,0,0
52550,ECG,13148,521,0,0,0,0,0
52550,ECG,13149,632,0,0,0,0,0
52550,ECG,13150,430,0,0,0,0,0
52555,ECG,13151,-10,0,0,0,0,0
52555,ECG,13152,-479,0,0,0,0,0
52560,ECG,13153,-926,0,0,0,0,0
52560,ECG,13154,-833,0,0,0,0,0
52565,ECG,13155,-556,0,0,0,0,0
52565,ECG,13156,-86,0,0,0,0,0
52565,ECG,13157,431,0,0,0,0,0
52570,ECG,13158,653,0,0,0,0,0
52570,ECG,13159,531,0,0,0,0,0
52575,ECG,13160,151,0,0,0,0,0
52575,ECG,13161,-313,0,0,0,0,0
52575,ECG,13162,-716,0,0,0,0,0
52580,ECG,13163,-905,0,0,0,0,0
52580,ECG,13164,-864,0,0,0,0,0
52585,ECG,13165,-624,0,0,0,0,0
52585,ECG,13166,-167,0,0,0,0,0
52585,ECG,13167,307,0,0,0,0,0
52590,ECG,13168,592,0,0,0,0,0
52590,ECG,13169,639,0,0,0,0,0
52595,ECG,13170,411,0,0,0,0,0
52595,ECG,13171,70,0,0,0,0,0
52595,ECG,13172,-169,0,0,0,0,0
52600,ECG,13173,-257,0,0,0,0,0
52600,ECG,13174,-207,0,0,0,0,0
52605,ECG,13175,193,0,0,0,0,0
52605,ECG,13176,514,0,0,0,0,0
52610,ECG,13177,642,0,0,0,0,0
52610,ECG,13178,637,0,0,0,0,0
52610,ECG,13179,374,0,0,0,0,0
52615,ECG,13180,41,0,0,0,0,0
52615,ECG,13181,-234,0,0,0,0,0
52620,ECG,13182,-418,0,0,0,0,0
52620,ECG,13183,-453,0,0,0,0,0
52625,ECG,13184,74,0,0,0,0,0
52625,ECG,13185,401,0,0,0,0,0
52630,ECG,13186,512,0,0,0,0,0
52630,ECG,13187,357,0,0,0,0,0
52630,ECG,13188,-87,0,0,0,0,0
52635,ECG,13189,-655,0,0,0,0,0
52635,ECG,13190,-1078,0,0,0,0,0
52640,ECG,13191,-1230,0,0,0,0,0
52640,ECG,13192,-1101,0,0,0,0,0
52640,ECG,13193,-776,0,0,0,0,0
52645,ECG,13194,-262,0,0,0,0,0
52645,ECG,13195,385,0,0,0,0,0
52650,ECG,13196,649,0,0,0,0,0
52650,ECG,13197,645,0,0,0,0,0
52650,ECG,13198,344,0,0,0,0,0
52655,ECG,13199,-158,0,0,0,0,0
52655,ECG,13200,-579,0,0,0,0,0
52660,ECG,13201,-810,0,0,0,0,0
52660,ECG,13202,-634,0,0,0,0,0
52665,ECG,13203,-212,0,0,0,0,0
52665,ECG,13204,268,0,0,0,0,0
52670,ECG,13205,647,0,0,0,0,0
52670,ECG,13206,406,0,0,0,0,0
52675,ECG,13207,-130,0,0,0,0,0
52675,ECG,13208,-541,0,0,0,0,0
52675,ECG,13209,-801,0,0,0,0,0
52680,ECG,13210,-846,0,0,0,0,0
52680,ECG,13211,-682,0,0,0,0,0
52685,ECG,13212,-370,0,0,0,0,0
52685,ECG,13213,138,0,0,0,0,0
52685,ECG,13214,652,0,0,0,0,0
52690,ECG,13215,650,0,0,0,0,0
52690,ECG,13216,624,0,0,0,0,0
52695,ECG,13217,51,0,0,0,0,0
52695,ECG,13218,-587,0,0,0,0,0
52695,ECG,13219,-1075,0,0,0,0,0
52700,ECG,13220,-1356,0,0,0,0,0
52700,ECG,13221,-1371,0,0,0,0,0
52705,ECG,13222,-1072,0,0,0,0,0
52705,ECG,13223,-499,0,0,0,0,0
52705,ECG,13224,125,0,0,0,0,0
52710,ECG,13225,522,0,0,0,0,0
52710,ECG,13226,520,0,0,0,0,0
52715,ECG,13227,-223,0,0,0,0,0
52715,ECG,13228,-615,0,0,0,0,0
52720,ECG,13229,-739,0,0,0,0,0
52720,ECG,13230,-624,0,0,0,0,0
52725,ECG,13231,86,0,0,0,0,0
52725,ECG,13232,538,0,0,0,0,0
52730,ECG,13233,669,0,0,0,0,0
52730,ECG,13234,664,0,0,0,0,0
52730,ECG,13235,202,0,0,0,0,0
52735,ECG,13236,-471,0,0,0,0,0
52735,ECG,13237,-989,0,0,0,0,0
52740,ECG,13238,-1356,0,0,0,0,0
52740,ECG,13239,-1467,0,0,0,0,0
52740,ECG,13240,-1245,0,0,0,0,0
52745,ECG,13241,-706,0,0,0,0,0
52745,ECG,13242,-94,0,0,0,0,0
52750,ECG,13243,405,0,0,0,0,0
52750,ECG,13244,621,0,0,0,0,0
52750,ECG,13245,439,0,0,0,0,0
52755,ECG,13246,-1,0,0,0,0,0
52755,ECG,13247,-459,0,0,0,0,0
52760,ECG,13248,-668,0,0,0,0,0
52760,ECG,13249,-490,0,0,0,0,0
52765,ECG,13250,-167,0,0,0,0,0
52765,ECG,13251,343,0,0,0,0,0
52770,ECG,13252,686,0,0,0,0,0
52770,ECG,13253,402,0,0,0,0,0
52775,ECG,13254,-46,0,0,0,0,0
52775,ECG,13255,-549,0,0,0,0,0
52775,ECG,13256,-865,0,0,0,0,0
52780,ECG,13257,-923,0,0,0,0,0
52780,ECG,13258,-785,0,0,0,0,0
52785,ECG,13259,-416,0,0,0,0,0
52785,ECG,13260,99,0,0,0,0,0
52785,ECG,13261,546,0,0,0,0,0
52790,ECG,13262,691,0,0,0,0,0
52790,ECG,13263,671,0,0,0,0,0
52795,ECG,13264,261,0,0,0,0,0
52795,ECG,13265,-116,0,0,0,0,0
52795,ECG,13266,-324,0,0,0,0,0
52800,ECG,13267,-385,0,0,0,0,0
52800,ECG,13268,-309,0,0,0,0,0
52805,ECG,13269,-99,0,0,0,0,0
52805,ECG,13270,276,0,0,0,0,0
52805,ECG,13271,626,0,0,0,0,0
52810,ECG,13272,677,0,0,0,0,0
52810,ECG,13273,569,0,0,0,0,0
52815,ECG,13274,-151,0,0,0,0,0
52815,ECG,13275,-392,0,0,0,0,0
52820,ECG,13276,-464,0,0,0,0,0
52820,ECG,13277,-413,0,0,0,0,0
52825,ECG,13278,294,0,0,0,0,0
52825,ECG,13279,609,0,0,0,0,0
52830,ECG,13280,666,0,0,0,0,0
52830,ECG,13281,478,0,0,0,0,0
52830,ECG,13282,-148,0,0,0,0,0
52835,ECG,13283,-720,0,0,0,0,0
52835,ECG,13284,-1120,0,0,0,0,0
52840,ECG,13285,-1304,0,0,0,0,0
52840,ECG,13286,-1191,0,0,0,0,0
52840,ECG,13287,-781,0,0,0,0,0
52845,ECG,13288,-195,0,0,0,0,0
52845,ECG,13289,405,0,0,0,0,0
52850,ECG,13290,684,0,0,0,0,0
52850,ECG,13291,499,0,0,0,0,0
52850,ECG,13292,-28,0,0,0,0,0
52855,ECG,13293,-651,0,0,0,0,0
52855,ECG,13294,-1130,0,0,0,0,0
52860,ECG,13295,-1176,0,0,0,0,0
52860,ECG,13296,-823,0,0,0,0,0
52865,ECG,13297,-238,0,0,0,0,0
52865,ECG,13298,388,0,0,0,0,0
52865,ECG,13299,701,0,0,0,0,0
52870,ECG,13300,696,0,0,0,0,0
52870,ECG,13301,293,0,0,0,0,0
52875,ECG,13302,-241,0,0,0,0,0
52875,ECG,13303,-666,0,0,0,0,0
52880,ECG,13304,-837,0,0,0,0,0
52880,ECG,13305,-608,0,0,0,0,0
52885,ECG,13306,-150,0,0,0,0,0
52885,ECG,13307,373,0,0,0,0,0
52885,ECG,13308,702,0,0,0,0,0
52890,ECG,13309,698,0,0,0,0,0
52890,ECG,13310,371,0,0,0,0,0
52895,ECG,13311,-129,0,0,0,0,0
45654,PPG,300,161433,80752,0,0,0,0
45733,PPG,301,161435,80743,0,0,0,0
45813,PPG,302,161444,80745,0,0,0,0
45892,PPG,303,161438,80751,0,0,0,0
45976,PPG,304,161445,80749,0,0,0,0
46052,PPG,305,161432,80750,0,0,0,0
46130,PPG,306,161433,80749,0,0,0,0
46209,PPG,307,161439,80744,0,0,0,0
46288,PPG,308,161445,80757,0,0,0,0
46367,PPG,309,161443,80756,0,0,0,0
46453,PPG,310,161438,80755,0,0,0,0
46531,PPG,311,161436,80756,0,0,0,0
46608,PPG,312,161437,80747,0,0,0,0
46687,PPG,313,161436,80751,0,0,0,0
46767,PPG,314,161431,80750,0,0,0,0
46844,PPG,315,161435,80751,0,0,0,0
46922,PPG,316,161423,80747,0,0,0,0
47006,PPG,317,161440,80755,0,0,0,0
47082,PPG,318,161446,80768,0,0,0,0
47159,PPG,319,161440,80754,0,0,0,0
47238,PPG,320,161434,80758,0,0,0,0
47318,PPG,321,161440,80748,0,0,0,0
47397,PPG,322,161444,80745,0,0,0,0
47477,PPG,323,161440,80751,0,0,0,0
47559,PPG,324,161433,80744,0,0,0,0
47638,PPG,325,161434,80759,0,0,0,0
47716,PPG,326,161429,80738,0,0,0,0
47793,PPG,327,161436,80755,0,0,0,0
47872,PPG,328,161444,80751,0,0,0,0
47952,PPG,329,161441,80771,0,0,0,0
48036,PPG,330,161440,80746,0,0,0,0
48113,PPG,331,161446,80750,0,0,0,0
48189,PPG,332,161447,80769,0,0,0,0
48269,PPG,333,161431,80749,0,0,0,0
48348,PPG,334,161433,80743,0,0,0,0
48428,PPG,335,161436,80752,0,0,0,0
48507,PPG,336,161426,80750,0,0,0,0
48589,PPG,337,161435,80753,0,0,0,0
48668,PPG,338,161443,80755,0,0,0,0
48746,PPG,339,161432,80745,0,0,0,0
48825,PPG,340,161428,80753,0,0,0,0
48906,PPG,341,161444,80757,0,0,0,0
48983,PPG,342,161429,80755,0,0,0,0
49065,PPG,343,161432,80745,0,0,0,0
49143,PPG,344,161440,80754,0,0,0,0
49219,PPG,345,161433,80755,0,0,0,0
49298,PPG,346,161439,80754,0,0,0,0
49377,PPG,347,161442,80744,0,0,0,0
49457,PPG,348,161440,80757,0,0,0,0
49537,PPG,349,161438,80765,0,0,0,0
49619,PPG,350,161447,80748,0,0,0,0
49696,PPG,351,161425,80753,0,0,0,0
49773,PPG,352,161435,80746,0,0,0,0
49852,PPG,353,161437,80751,0,0,0,0
49932,PPG,354,161438,80754,0,0,0,0
50011,PPG,355,161439,80753,0,0,0,0
50094,PPG,356,161438,80750,0,0,0,0
50173,PPG,357,161449,80753,0,0,0,0
50249,PPG,358,161428,80753,0,0,0,0
50328,PPG,359,161438,80756,0,0,0,0
50407,PPG,360,161440,80759,0,0,0,0
50486,PPG,361,161433,80756,0,0,0,0
50566,PPG,362,161449,80753,0,0,0,0
50649,PPG,363,161442,80763,0,0,0,0
50726,PPG,364,161444,80756,0,0,0,0
50807,PPG,365,161437,80755,0,0,0,0
50884,PPG,366,161439,80754,0,0,0,0
50963,PPG,367,161440,80749,0,0,0,0
51042,PPG,368,161445,80746,0,0,0,0
51127,PPG,369,161433,80742,0,0,0,0
51203,PPG,370,161444,80759,0,0,0,0
51279,PPG,371,161436,80746,0,0,0,0
51357,PPG,372,161444,80751,0,0,0,0
51437,PPG,373,161441,80757,0,0,0,0
51516,PPG,374,161446,80748,0,0,0,0
51596,PPG,375,161429,80752,0,0,0,0
51680,PPG,376,161442,80746,0,0,0,0
51756,PPG,377,161454,80757,0,0,0,0
51833,PPG,378,161434,80749,0,0,0,0
51912,PPG,379,161443,80746,0,0,0,0
51991,PPG,380,161432,80758,0,0,0,0
52071,PPG,381,161424,80748,0,0,0,0
52149,PPG,382,161446,80744,0,0,0,0
52233,PPG,383,161444,80762,0,0,0,0
52309,PPG,384,161445,80747,0,0,0,0
52387,PPG,385,161427,80742,0,0,0,0
52467,PPG,386,161446,80751,0,0,0,0
52546,PPG,387,161445,80742,0,0,0,0
52625,PPG,388,161418,80752,0,0,0,0
52708,PPG,389,161423,80758,0,0,0,0
52786,PPG,390,161444,80754,0,0,0,0
52863,PPG,391,161436,80746,0,0,0,0
52946,PPG,392,161428,80747,0,0,0,0
53024,PPG,393,161421,80758,0,0,0,0
53104,PPG,394,161435,80755,0,0,0,0
53187,PPG,395,161422,80747,0,0,0,0
53264,PPG,396,161430,80746,0,0,0,0
53340,PPG,397,161422,80746,0,0,0,0
53417,PPG,398,161439,80748,0,0,0,0
53497,PPG,399,161433,80748,0,0,0,0
52895,ECG,13312,-543,0,0,0,0,0
52895,ECG,13313,-736,0,0,0,0,0
52900,ECG,13314,-730,0,0,0,0,0
52900,ECG,13315,-561,0,0,0,0,0
52905,ECG,13316,-112,0,0,0,0,0
52905,ECG,13317,407,0,0,0,0,0
52905,ECG,13318,674,0,0,0,0,0
52910,ECG,13319,681,0,0,0,0,0
52910,ECG,13320,331,0,0,0,0,0
52915,ECG,13321,-739,0,0,0,0,0
52915,ECG,13322,-1025,0,0,0,0,0
52920,ECG,13323,-1074,0,0,0,0,0
52920,ECG,13324,-894,0,0,0,0,0
52925,ECG,13325,87,0,0,0,0,0
52925,ECG,13326,565,0,0,0,0,0
52930,ECG,13327,707,0,0,0,0,0
52930,ECG,13328,437,0,0,0,0,0
52930,ECG,13329,34,0,0,0,0,0
52935,ECG,13330,-330,0,0,0,0,0
52935,ECG,13331,-631,0,0,0,0,0
52940,ECG,13332,-681,0,0,0,0,0
52940,ECG,13333,-545,0,0,0,0,0
52940,ECG,13334,-197,0,0,0,0,0
52945,ECG,13335,247,0,0,0,0,0
52945,ECG,13336,573,0,0,0,0,0
52950,ECG,13337,703,0,0,0,0,0
52950,ECG,13338,669,0,0,0,0,0
52950,ECG,13339,187,0,0,0,0,0
52955,ECG,13340,-276,0,0,0,0,0
52955,ECG,13341,-615,0,0,0,0,0
52960,ECG,13342,-800,0,0,0,0,0
52960,ECG,13343,-589,0,0,0,0,0
52965,ECG,13344,-141,0,0,0,0,0
52965,ECG,13345,338,0,0,0,0,0
52965,ECG,13346,584,0,0,0,0,0
52970,ECG,13347,488,0,0,0,0,0
52970,ECG,13348,223,0,0,0,0,0
52975,ECG,13349,-136,0,0,0,0,0
52975,ECG,13350,-538,0,0,0,0,0
52980,ECG,13351,-601,0,0,0,0,0
52980,ECG,13352,-363,0,0,0,0,0
52985,ECG,13353,22,0,0,0,0,0
52985,ECG,13354,500,0,0,0,0,0
52985,ECG,13355,702,0,0,0,0,0
52990,ECG,13356,697,0,0,0,0,0
52990,ECG,13357,329,0,0,0,0,0
52995,ECG,13358,-71,0,0,0,0,0
52995,ECG,13359,-445,0,0,0,0,0
52995,ECG,13360,-630,0,0,0,0,0
53000,ECG,13361,-604,0,0,0,0,0
53000,ECG,13362,-445,0,0,0,0,0
53005,ECG,13363,-42,0,0,0,0,0
53005,ECG,13364,476,0,0,0,0,0
53005,ECG,13365,696,0,0,0,0,0
53010,ECG,13366,691,0,0,0,0,0
53010,ECG,13367,327,0,0,0,0,0
53015,ECG,13368,-837,0,0,0,0,0
53015,ECG,13369,-1130,0,0,0,0,0
53020,ECG,13370,-1199,0,0,0,0,0
53020,ECG,13371,-1001,0,0,0,0,0
53020,ECG,13372,-458,0,0,0,0,0
53025,ECG,13373,139,0,0,0,0,0
53025,ECG,13374,535,0,0,0,0,0
53030,ECG,13375,672,0,0,0,0,0
53030,ECG,13376,348,0,0,0,0,0
53030,ECG,13377,-206,0,0,0,0,0
53035,ECG,13378,-656,0,0,0,0,0
53035,ECG,13379,-910,0,0,0,0,0
53040,ECG,13380,-891,0,0,0,0,0
53040,ECG,13381,-651,0,0,0,0,0
53040,ECG,13382,-246,0,0,0,0,0
53045,ECG,13383,264,0,0,0,0,0
53045,ECG,13384,714,0,0,0,0,0
53050,ECG,13385,709,0,0,0,0,0
53050,ECG,13386,380,0,0,0,0,0
53050,ECG,13387,-86,0,0,0,0,0
53055,ECG,13388,-500,0,0,0,0,0
53055,ECG,13389,-793,0,0,0,0,0
53060,ECG,13390,-594,0,0,0,0,0
53060,ECG,13391,-204,0,0,0,0,0
53065,ECG,13392,163,0,0,0,0,0
53065,ECG,13393,465,0,0,0,0,0
53065,ECG,13394,569,0,0,0,0,0
53070,ECG,13395,258,0,0,0,0,0
53070,ECG,13396,-280,0,0,0,0,0
53075,ECG,13397,-729,0,0,0,0,0
53075,ECG,13398,-958,0,0,0,0,0
53075,ECG,13399,-945,0,0,0,0,0
53080,ECG,13400,-778,0,0,0,0,0
53080,ECG,13401,-379,0,0,0,0,0
53085,ECG,13402,212,0,0,0,0,0
53085,ECG,13403,626,0,0,0,0,0
53085,ECG,13404,719,0,0,0,0,0
53090,ECG,13405,506,0,0,0,0,0
53090,ECG,13406,43,0,0,0,0,0
53095,ECG,13407,-497,0,0,0,0,0
53095,ECG,13408,-899,0,0,0,0,0
53095,ECG,13409,-1036,0,0,0,0,0
53100,ECG,13410,-909,0,0,0,0,0
53100,ECG,13411,-590,0,0,0,0,0
53105,ECG,13412,-97,0,0,0,0,0
53105,ECG,13413,503,0,0,0,0,0
53105,ECG,13414,727,0,0,0,0,0
53110,ECG,13415,706,0,0,0,0,0
53110,ECG,13416,365,0,0,0,0,0
53115,ECG,13417,-496,0,0,0,0,0
53115,ECG,13418,-638,0,0,0,0,0
53120,ECG,13419,-623,0,0,0,0,0
53120,ECG,13420,-440,0,0,0,0,0
53125,ECG,13421,488,0,0,0,0,0
53125,ECG,13422,718,0,0,0,0,0
53130,ECG,13423,642,0,0,0,0,0
53130,ECG,13424,221,0,0,0,0,0
53130,ECG,13425,-303,0,0,0,0,0
53135,ECG,13426,-675,0,0,0,0,0
53135,ECG,13427,-875,0,0,0,0,0
53140,ECG,13428,-829,0,0,0,0,0
53140,ECG,13429,-512,0,0,0,0,0
53140,ECG,13430,-23,0,0,0,0,0
53145,ECG,13431,427,0,0,0,0,0
53145,ECG,13432,668,0,0,0,0,0
53150,ECG,13433,574,0,0,0,0,0
53150,ECG,13434,117,0,0,0,0,0
53150,ECG,13435,-406,0,0,0,0,0
53155,ECG,13436,-737,0,0,0,0,0
53155,ECG,13437,-833,0,0,0,0,0
53160,ECG,13438,-430,0,0,0,0,0
53160,ECG,13439,37,0,0,0,0,0
53165,ECG,13440,526,0,0,0,0,0
53165,ECG,13441,723,0,0,0,0,0
53165,ECG,13442,718,0,0,0,0,0
53170,ECG,13443,492,0,0,0,0,0
53170,ECG,13444,27,0,0,0,0,0
53175,ECG,13445,-313,0,0,0,0,0
53175,ECG,13446,-541,0,0,0,0,0
53180,ECG,13447,-486,0,0,0,0,0
53180,ECG,13448,-196,0,0,0,0,0
53185,ECG,13449,234,0,0,0,0,0
53185,ECG,13450,612,0,0,0,0,0
53185,ECG,13451,701,0,0,0,0,0
53190,ECG,13452,512,0,0,0,0,0
53190,ECG,13453,217,0,0,0,0,0
53195,ECG,13454,-123,0,0,0,0,0
53195,ECG,13455,-359,0,0,0,0,0
53195,ECG,13456,-383,0,0,0,0,0
53200,ECG,13457,-282,0,0,0,0,0
53200,ECG,13458,-36,0,0,0,0,0
53205,ECG,13459,343,0,0,0,0,0
53205,ECG,13460,646,0,0,0,0,0
53205,ECG,13461,698,0,0,0,0,0
53210,ECG,13462,584,0,0,0,0,0
53210,ECG,13463,249,0,0,0,0,0
53215,ECG,13464,-227,0,0,0,0,0
53215,ECG,13465,-267,0,0,0,0,0
53220,ECG,13466,-194,0,0,0,0,0
53220,ECG,13467,34,0,0,0,0,0
53225,ECG,13468,641,0,0,0,0,0
53225,ECG,13469,675,0,0,0,0,0
53230,ECG,13470,493,0,0,0,0,0
53230,ECG,13471,126,0,0,0,0,0
53230,ECG,13472,-190,0,0,0,0,0
53235,ECG,13473,-370,0,0,0,0,0
53235,ECG,13474,-398,0,0,0,0,0
53240,ECG,13475,-260,0,0,0,0,0
53240,ECG,13476,-40,0,0,0,0,0
53240,ECG,13477,318,0,0,0,0,0
53245,ECG,13478,672,0,0,0,0,0
53245,ECG,13479,667,0,0,0,0,0
53250,ECG,13480,593,0,0,0,0,0
53250,ECG,13481,147,0,0,0,0,0
53250,ECG,13482,-281,0,0,0,0,0
53255,ECG,13483,-610,0,0,0,0,0
53255,ECG,13484,-772,0,0,0,0,0
53260,ECG,13485,-493,0,0,0,0,0
53260,ECG,13486,-65,0,0,0,0,0
53265,ECG,13487,407,0,0,0,0,0
53265,ECG,13488,669,0,0,0,0,0
53265,ECG,13489,664,0,0,0,0,0
53270,ECG,13490,327,0,0,0,0,0
53270,ECG,13491,-114,0,0,0,0,0
53275,ECG,13492,-425,0,0,0,0,0
53275,ECG,13493,-605,0,0,0,0,0
53280,ECG,13494,-369,0,0,0,0,0
53280,ECG,13495,-35,0,0,0,0,0
53285,ECG,13496,340,0,0,0,0,0
53285,ECG,13497,635,0,0,0,0,0
53285,ECG,13498,659,0,0,0,0,0
53290,ECG,13499,474,0,0,0,0,0
53290,ECG,13500,56,0,0,0,0,0
53295,ECG,13501,-229,0,0,0,0,0
53295,ECG,13502,-389,0,0,0,0,0
53295,ECG,13503,-432,0,0,0,0,0
53300,ECG,13504,-337,0,0,0,0,0
53300,ECG,13505,-63,0,0,0,0,0
53305,ECG,13506,303,0,0,0,0,0
53305,ECG,13507,582,0,0,0,0,0
53305,ECG,13508,636,0,0,0,0,0
53310,ECG,13509,413,0,0,0,0,0
53310,ECG,13510,66,0,0,0,0,0
53315,ECG,13511,-553,0,0,0,0,0
53315,ECG,13512,-574,0,0,0,0,0
53320,ECG,13513,-469,0,0,0,0,0
53320,ECG,13514,-186,0,0,0,0,0
53325,ECG,13515,647,0,0,0,0,0
53325,ECG,13516,622,0,0,0,0,0
53330,ECG,13517,300,0,0,0,0,0
53330,ECG,13518,-197,0,0,0,0,0
53330,ECG,13519,-715,0,0,0,0,0
53335,ECG,13520,-993,0,0,0,0,0
53335,ECG,13521,-1011,0,0,0,0,0
53340,ECG,13522,-824,0,0,0,0,0
53340,ECG,13523,-386,0,0,0,0,0
53340,ECG,13524,140,0,0,0,0,0
53345,ECG,13525,522,0,0,0,0,0
53345,ECG,13526,652,0,0,0,0,0
53350,ECG,13527,633,0,0,0,0,0
53350,ECG,13528,232,0,0,0,0,0
53350,ECG,13529,-14,0,0,0,0,0
53355,ECG,13530,-93,0,0,0,0,0
53355,ECG,13531,-112,0,0,0,0,0
53360,ECG,13532,279,0,0,0,0,0
53360,ECG,13533,533,0,0,0,0,0
53365,ECG,13534,633,0,0,0,0,0
53365,ECG,13535,542,0,0,0,0,0
53365,ECG,13536,159,0,0,0,0,0
53370,ECG,13537,-328,0,0,0,0,0
53370,ECG,13538,-688,0,0,0,0,0
53375,ECG,13539,-898,0,0,0,0,0
53375,ECG,13540,-888,0,0,0,0,0
53375,ECG,13541,-668,0,0,0,0,0
53380,ECG,13542,-342,0,0,0,0,0
53380,ECG,13543,198,0,0,0,0,0
53385,ECG,13544,642,0,0,0,0,0
53385,ECG,13545,637,0,0,0,0,0
53385,ECG,13546,451,0,0,0,0,0
53390,ECG,13547,-92,0,0,0,0,0
53390,ECG,13548,-671,0,0,0,0,0
53395,ECG,13549,-1117,0,0,0,0,0
53395,ECG,13550,-1309,0,0,0,0,0
53395,ECG,13551,-1241,0,0,0,0,0
53400,ECG,13552,-878,0,0,0,0,0
53400,ECG,13553,-252,0,0,0,0,0
53405,ECG,13554,300,0,0,0,0,0
53405,ECG,13555,652,0,0,0,0,0
53405,ECG,13556,652,0,0,0,0,0
53410,ECG,13557,161,0,0,0,0,0
53410,ECG,13558,-393,0,0,0,0,0
53415,ECG,13559,-893,0,0,0,0,0
53415,ECG,13560,-830,0,0,0,0,0
53420,ECG,13561,-538,0,0,0,0,0
53420,ECG,13562,-85,0,0,0,0,0
53425,ECG,13563,661,0,0,0,0,0
53425,ECG,13564,647,0,0,0,0,0
53430,ECG,13565,308,0,0,0,0,0
53430,ECG,13566,-98,0,0,0,0,0
53430,ECG,13567,-447,0,0,0,0,0
53435,ECG,13568,-631,0,0,0,0,0
53435,ECG,13569,-615,0,0,0,0,0
53440,ECG,13570,-462,0,0,0,0,0
53440,ECG,13571,-181,0,0,0,0,0
53440,ECG,13572,248,0,0,0,0,0
53445,ECG,13573,580,0,0,0,0,0
53445,ECG,13574,623,0,0,0,0,0
53450,ECG,13575,512,0,0,0,0,0
53450,ECG,13576,322,0,0,0,0,0
53450,ECG,13577,117,0,0,0,0,0
53455,ECG,13578,-7,0,0,0,0,0
53455,ECG,13579,-13,0,0,0,0,0
53460,ECG,13580,226,0,0,0,0,0
53460,ECG,13581,471,0,0,0,0,0
53465,ECG,13582,634,0,0,0,0,0
53465,ECG,13583,629,0,0,0,0,0
53465,ECG,13584,479,0,0,0,0,0
53470,ECG,13585,27,0,0,0,0,0
53470,ECG,13586,-356,0,0,0,0,0
53475,ECG,13587,-673,0,0,0,0,0
53475,ECG,13588,-829,0,0,0,0,0
53480,ECG,13589,-453,0,0,0,0,0
53480,ECG,13590,3,0,0,0,0,0
53485,ECG,13591,355,0,0,0,0,0
53485,ECG,13592,553,0,0,0,0,0
53485,ECG,13593,505,0,0,0,0,0
53490,ECG,13594,107,0,0,0,0,0
53490,ECG,13595,-332,0,0,0,0,0
53495,ECG,13596,-539,0,0,0,0,0
53495,ECG,13597,-568,0,0,0,0,0
53495,ECG,13598,-457,0,0,0,0,0
53500,ECG,13599,-177,0,0,0,0,0
53500,ECG,13600,206,0,0,0,0,0
53505,ECG,13601,525,0,0,0,0,0
53505,ECG,13602,628,0,0,0,0,0
53505,ECG,13603,553,0,0,0,0,0
53510,ECG,13604,255,0,0,0,0,0
53510,ECG,13605,-59,0,0,0,0,0
53510,ECG,13606,-273,0,0,0,0,0
53515,ECG,13607,-343,0,0,0,0,0
53515,ECG,13608,-286,0,0,0,0,0
53520,ECG,13609,-148,0,0,0,0,0
53520,ECG,13610,195,0,0,0,0,0
53525,ECG,13611,615,0,0,0,0,0
53525,ECG,13612,428,0,0,0,0,0
53530,ECG,13613,60,0,0,0,0,0
53530,ECG,13614,-376,0,0,0,0,0
53530,ECG,13615,-742,0,0,0,0,0
53535,ECG,13616,-881,0,0,0,0,0
53535,ECG,13617,-821,0,0,0,0,0
53540,ECG,13618,-514,0,0,0,0,0
53540,ECG,13619,3,0,0,0,0,0
53540,ECG,13620,383,0,0,0,0,0
53545,ECG,13621,592,0,0,0,0,0
53545,ECG,13622,543,0,0,0,0,0
53550,ECG,13623,83,0,0,0,0,0
53550,ECG,13624,-380,0,0,0,0,0
53550,ECG,13625,-620,0,0,0,0,0
53555,ECG,13626,-708,0,0,0,0,0
53555,ECG,13627,-602,0,0,0,0,0
53560,ECG,13628,33,0,0,0,0,0
53560,ECG,13629,410,0,0,0,0,0
53565,ECG,13630,620,0,0,0,0,0
53565,ECG,13631,615,0,0,0,0,0
53570,ECG,13632,109,0,0,0,0,0
53570,ECG,13633,-124,0,0,0,0,0
53575,ECG,13634,-280,0,0,0,0,0
53575,ECG,13635,-285,0,0,0,0,0
53575,ECG,13636,-186,0,0,0,0,0
53580,ECG,13637,19,0,0,0,0,0
53580,ECG,13638,386,0,0,0,0,0
53585,ECG,13639,606,0,0,0,0,0
53585,ECG,13640,524,0,0,0,0,0
53585,ECG,13641,328,0,0,0,0,0
53590,ECG,13642,-2,0,0,0,0,0
53590,ECG,13643,-345,0,0,0,0,0
53595,ECG,13644,-492,0,0,0,0,0
53595,ECG,13645,-483,0,0,0,0,0
53595,ECG,13646,-353,0,0,0,0,0
53600,ECG,13647,-17,0,0,0,0,0
53600,ECG,13648,377,0,0,0,0,0
53605,ECG,13649,595,0,0,0,0,0
53605,ECG,13650,357,0,0,0,0,0
53610,ECG,13651,-88,0,0,0,0,0
53610,ECG,13652,-386,0,0,0,0,0
53610,ECG,13653,-532,0,0,0,0,0
53615,ECG,13654,-540,0,0,0,0,0
53615,ECG,13655,-371,0,0,0,0,0
53620,ECG,13656,-105,0,0,0,0,0
53620,ECG,13657,260,0,0,0,0,0
53625,ECG,13658,590,0,0,0,0,0
53625,ECG,13659,488,0,0,0,0,0
53630,ECG,13660,170,0,0,0,0,0
53630,ECG,13661,-120,0,0,0,0,0
53630,ECG,13662,-322,0,0,0,0,0
53635,ECG,13663,-373,0,0,0,0,0
53635,ECG,13664,-313,0,0,0,0,0
53640,ECG,13665,-120,0,0,0,0,0
53640,ECG,13666,262,0,0,0,0,0
53640,ECG,13667,562,0,0,0,0,0
53645,ECG,13668,579,0,0,0,0,0
53645,ECG,13669,435,0,0,0,0,0
53650,ECG,13670,18,0,0,0,0,0
53650,ECG,13671,-405,0,0,0,0,0
53650,ECG,13672,-650,0,0,0,0,0
53655,ECG,13673,-730,0,0,0,0,0
53655,ECG,13674,-648,0,0,0,0,0
53660,ECG,13675,87,0,0,0,0,0
53660,ECG,13676,455,0,0,0,0,0
53665,ECG,13677,581,0,0,0,0,0
53665,ECG,13678,530,0,0,0,0,0
53665,ECG,13679,4,0,0,0,0,0
53670,ECG,13680,-456,0,0,0,0,0
53670,ECG,13681,-799,0,0,0,0,0
53675,ECG,13682,-966,0,0,0,0,0
53675,ECG,13683,-904,0,0,0,0,0
53675,ECG,13684,-644,0,0,0,0,0
53680,ECG,13685,-187,0,0,0,0,0
53680,ECG,13686,331,0,0,0,0,0
53685,ECG,13687,590,0,0,0,0,0
53685,ECG,13688,555,0,0,0,0,0
53685,ECG,13689,222,0,0,0,0,0
53690,ECG,13690,-264,0,0,0,0,0
53690,ECG,13691,-664,0,0,0,0,0
53695,ECG,13692,-825,0,0,0,0,0
53695,ECG,13693,-809,0,0,0,0,0
53695,ECG,13694,-597,0,0,0,0,0
53700,ECG,13695,-191,0,0,0,0,0
53700,ECG,13696,283,0,0,0,0,0
53705,ECG,13697,594,0,0,0,0,0
53705,ECG,13698,562,0,0,0,0,0
53705,ECG,13699,236,0,0,0,0,0
53710,ECG,13700,-181,0,0,0,0,0
53710,ECG,13701,-538,0,0,0,0,0
53715,ECG,13702,-678,0,0,0,0,0
53715,ECG,13703,-468,0,0,0,0,0
53720,ECG,13704,-73,0,0,0,0,0
53720,ECG,13705,339,0,0,0,0,0
53725,ECG,13706,558,0,0,0,0,0
53725,ECG,13707,247,0,0,0,0,0
53730,ECG,13708,-181,0,0,0,0,0
53730,ECG,13709,-486,0,0,0,0,0
53730,ECG,13710,-601,0,0,0,0,0
53735,ECG,13711,-559,0,0,0,0,0
53735,ECG,13712,-365,0,0,0,0,0
53740,ECG,13713,-31,0,0,0,0,0
53740,ECG,13714,354,0,0,0,0,0
53740,ECG,13715,591,0,0,0,0,0
53745,ECG,13716,586,0,0,0,0,0
53745,ECG,13717,403,0,0,0,0,0
53750,ECG,13718,-17,0,0,0,0,0
53750,ECG,13719,-355,0,0,0,0,0
53750,ECG,13720,-575,0,0,0,0,0
53755,ECG,13721,-651,0,0,0,0,0
53755,ECG,13722,-553,0,0,0,0,0
53760,ECG,13723,160,0,0,0,0,0
53760,ECG,13724,461,0,0,0,0,0
53765,ECG,13725,533,0,0,0,0,0
53765,ECG,13726,326,0,0,0,0,0
53765,ECG,13727,-49,0,0,0,0,0
53770,ECG,13728,-446,0,0,0,0,0
53770,ECG,13729,-663,0,0,0,0,0
53775,ECG,13730,-665,0,0,0,0,0
53775,ECG,13731,-537,0,0,0,0,0
53780,ECG,13732,266,0,0,0,0,0
53780,ECG,13733,575,0,0,0,0,0
53785,ECG,13734,584,0,0,0,0,0
53785,ECG,13735,332,0,0,0,0,0
53785,ECG,13736,-201,0,0,0,0,0
53790,ECG,13737,-702,0,0,0,0,0
53790,ECG,13738,-1034,0,0,0,0,0
53795,ECG,13739,-1150,0,0,0,0,0
53795,ECG,13740,-1015,0,0,0,0,0
53795,ECG,13741,-684,0,0,0,0,0
53800,ECG,13742,-210,0,0,0,0,0
53800,ECG,13743,390,0,0,0,0,0
53805,ECG,13744,601,0,0,0,0,0
53805,ECG,13745,563,0,0,0,0,0
53805,ECG,13746,201,0,0,0,0,0
53810,ECG,13747,-195,0,0,0,0,0
53810,ECG,13748,-589,0,0,0,0,0
53815,ECG,13749,-713,0,0,0,0,0
53815,ECG,13750,-499,0,0,0,0,0
53820,ECG,13751,-113,0,0,0,0,0
53820,ECG,13752,256,0,0,0,0,0
53825,ECG,13753,598,0,0,0,0,0
53825,ECG,13754,337,0,0,0,0,0
53830,ECG,13755,-131,0,0,0,0,0
53830,ECG,13756,-430,0,0,0,0,0
53830,ECG,13757,-590,0,0,0,0,0
53576,PPG,400,161435,80750,0,0,0,0
53655,PPG,401,161444,80753,0,0,0,0
53734,PPG,402,161443,80747,0,0,0,0
53817,PPG,403,161434,80756,0,0,0,0
51621,IMU,1456,1640,-56,8348,-69,68,47
51639,IMU,1457,1576,-44,8360,-90,58,47
51659,IMU,1458,1584,52,8348,-89,60,57
51679,IMU,1459,1536,-60,8448,-102,76,44
51697,IMU,1460,1444,-40,8352,-76,53,59
51716,IMU,1461,1488,4,8396,-71,59,53
51734,IMU,1462,1540,-76,8424,-88,76,11
51754,IMU,1463,1576,20,8404,-62,62,38
51773,IMU,1464,1640,-20,8440,-83,60,45
51792,IMU,1465,1528,-92,8356,-83,52,50
51811,IMU,1466,1572,-44,8360,-84,55,22
51830,IMU,1467,1528,88,8372,-72,78,39
51849,IMU,1468,1424,32,8352,-76,55,57
51869,IMU,1469,1440,-56,8400,-69,44,33
51888,IMU,1470,1632,-60,8364,-83,58,41
51907,IMU,1471,1376,-20,8340,-67,51,46
51926,IMU,1472,1448,-92,8372,-69,43,49
51944,IMU,1473,1512,12,8352,-102,64,41
51964,IMU,1474,1408,8,8404,-81,48,57
51983,IMU,1475,1620,-68,8308,-105,45,45
52002,IMU,1476,1492,20,8484,-78,61,36
52021,IMU,1477,1452,-16,8440,-73,58,38
52040,IMU,1478,1572,8,8440,-86,61,38
52059,IMU,1479,1552,-20,8424,-95,50,35
52078,IMU,1480,1680,-8,8408,-86,61,37
52097,IMU,1481,1604,-132,8372,-82,42,24
52116,IMU,1482,1568,-100,8476,-85,73,23
52136,IMU,1483,1528,64,8316,-80,74,50
52154,IMU,1484,1572,-64,8420,-92,54,48
52174,IMU,1485,1524,-20,8336,-77,59,38
52193,IMU,1486,1572,-76,8368,-92,74,36
52212,IMU,1487,1468,-64,8448,-82,61,44
52233,IMU,1488,1512,16,8352,-92,66,51
52249,IMU,1489,1552,-64,8352,-76,57,68
52269,IMU,1490,1568,68,8360,-87,64,29
52288,IMU,1491,1572,-8,8360,-63,48,36
52307,IMU,1492,1540,-52,8328,-72,80,46
52326,IMU,1493,1492,-148,8388,-77,46,43
52345,IMU,1494,1536,52,8396,-94,62,40
52364,IMU,1495,1496,32,8284,-87,40,35
52384,IMU,1496,1472,-60,8364,-80,77,40
52403,IMU,1497,1408,36,8388,-81,60,37
52422,IMU,1498,1452,-76,8316,-81,67,33
52441,IMU,1499,1472,-112,8384,-77,58,52
52459,IMU,1500,1568,-28,8360,-89,62,55
52479,IMU,1501,1452,-132,8412,-85,63,47
52498,IMU,1502,1488,16,8400,-80,61,65
52517,IMU,1503,1484,-80,8368,-89,48,49
52536,IMU,1504,1544,8,8344,-81,45,51
52555,IMU,1505,1472,44,8316,-72,79,46
52574,IMU,1506,1496,-44,8336,-81,62,42
52593,IMU,1507,1612,-32,8368,-83,68,46
52613,IMU,1508,1480,36,8384,-55,69,31
52631,IMU,1509,1424,20,8360,-89,76,37
52651,IMU,1510,1496,-80,8432,-84,68,45
52669,IMU,1511,1588,12,8376,-69,81,34
52689,IMU,1512,1572,76,8400,-88,45,39
52708,IMU,1513,1512,-52,8296,-97,47,39
52727,IMU,1514,1612,-16,8312,-104,66,42
52746,IMU,1515,1468,-56,8364,-89,66,50
52765,IMU,1516,1564,-100,8404,-82,69,37
52784,IMU,1517,1520,0,8400,-80,56,41
52803,IMU,1518,1384,72,8400,-85,55,39
52822,IMU,1519,1624,-52,8456,-99,76,43
52841,IMU,1520,1492,-92,8336,-85,79,54
52861,IMU,1521,1500,-8,8420,-85,59,41
52879,IMU,1522,1548,-16,8408,-91,62,29
52899,IMU,1523,1412,24,8460,-67,54,45
52918,IMU,1524,1536,0,8396,-89,56,26
52937,IMU,1525,1532,-84,8344,-95,69,28
52956,IMU,1526,1552,-36,8392,-90,75,31
52975,IMU,1527,1468,-84,8424,-79,68,49
52994,IMU,1528,1492,-72,8388,-89,55,34
53013,IMU,1529,1456,-4,8344,-92,63,55
53032,IMU,1530,1488,-24,8256,-69,63,47
53051,IMU,1531,1512,32,8368,-70,67,50
53070,IMU,1532,1516,0,8384,-82,63,47
53089,IMU,1533,1504,-60,8332,-76,65,45
53109,IMU,1534,1516,-8,8312,-97,73,38
53128,IMU,1535,1604,-80,8432,-89,65,45
53147,IMU,1536,1404,40,8372,-82,58,53
53166,IMU,1537,1596,-60,8376,-76,65,35
53186,IMU,1538,1556,-40,8400,-63,56,49
53204,IMU,1539,1516,36,8396,-87,73,34
53223,IMU,1540,1512,-24,8392,-91,81,40
53242,IMU,1541,1424,-88,8440,-81,57,58
53263,IMU,1542,1528,-8,8320,-78,47,32
53280,IMU,1543,1528,24,8380,-68,65,39
53299,IMU,1544,1560,52,8360,-73,65,54
53318,IMU,1545,1532,-4,8388,-76,72,33
53337,IMU,1546,1536,0,8440,-80,61,56
53356,IMU,1547,1524,100,8464,-83,56,46
53376,IMU,1548,1560,-72,8392,-87,66,33
53394,IMU,1549,1444,-8,8344,-80,74,39
53414,IMU,1550,1416,-48,8424,-80,62,42
53433,IMU,1551,1496,-12,8380,-81,74,44
53452,IMU,1552,1460,-60,8364,-90,78,28
53471,IMU,1553,1516,-24,8432,-69,51,49
53490,IMU,1554,1484,8,8292,-87,61,57
53509,IMU,1555,1472,0,8316,-82,65,43
53528,IMU,1556,1588,-52,8376,-92,62,36
53547,IMU,1557,1496,-56,8336,-75,66,37
53566,IMU,1558,1584,-108,8360,-77,43,33
53586,IMU,1559,1456,-48,8328,-85,70,55
53604,IMU,1560,1588,8,8404,-85,61,52
53624,IMU,1561,1480,48,8376,-82,83,41
53643,IMU,1562,1548,-24,8360,-87,54,41
53662,IMU,1563,1440,24,8380,-78,56,33
53681,IMU,1564,1476,-44,8404,-93,64,37
53699,IMU,1565,1648,-44,8380,-88,65,43
53719,IMU,1566,1584,-20,8360,-89,61,34
53738,IMU,1567,1560,-4,8300,-65,66,54
53757,IMU,1568,1564,-52,8364,-93,76,37
53776,IMU,1569,1560,-84,8432,-93,49,65
53795,IMU,1570,1524,20,8416,-94,59,45
53814,IMU,1571,1660,0,8448,-86,50,51
