timestamp_ms,type,seq,v1,v2,v3,v4,v5,v6
17772,META_START,1,16727,0,0,0,0,0
18935,ECG,0,0,0,0,0,0,0
18935,ECG,1,-1,0,0,0,0,0
18935,ECG,2,-6,0,0,0,0,0
18935,ECG,3,2,0,0,0,0,0
18940,ECG,4,6,0,0,0,0,0
18940,ECG,5,-17,0,0,0,0,0
18940,ECG,6,38,0,0,0,0,0
18945,ECG,7,-16,0,0,0,0,0
18945,ECG,8,-26,0,0,0,0,0
18950,ECG,9,151,0,0,0,0,0
18950,ECG,10,-753,0,0,0,0,0
18950,ECG,11,-2109,0,0,0,0,0
18955,ECG,12,-1850,0,0,0,0,0
18955,ECG,13,-36,0,0,0,0,0
18960,ECG,14,8729,0,0,0,0,0
18960,ECG,15,15156,0,0,0,0,0
18965,ECG,16,21689,0,0,0,0,0
18965,ECG,17,27397,0,0,0,0,0
18970,ECG,18,32011,0,0,0,0,0
18970,ECG,19,31810,0,0,0,0,0
18975,ECG,20,31610,0,0,0,0,0
18975,ECG,21,31343,0,0,0,0,0
18975,ECG,22,31109,0,0,0,0,0
18980,ECG,23,31019,0,0,0,0,0
18980,ECG,24,30731,0,0,0,0,0
18985,ECG,25,30591,0,0,0,0,0
18985,ECG,26,30395,0,0,0,0,0
18985,ECG,27,30195,0,0,0,0,0
18990,ECG,28,30019,0,0,0,0,0
18990,ECG,29,29827,0,0,0,0,0
18995,ECG,30,29451,0,0,0,0,0
18995,ECG,31,29266,0,0,0,0,0
19000,ECG,32,29082,0,0,0,0,0
19000,ECG,33,28900,0,0,0,0,0
19001,ECG,34,28718,0,0,0,0,0
19005,ECG,35,28537,0,0,0,0,0
19005,ECG,36,28358,0,0,0,0,0
19010,ECG,37,28180,0,0,0,0,0
19010,ECG,38,28002,0,0,0,0,0
19010,ECG,39,27826,0,0,0,0,0
19015,ECG,40,27651,0,0,0,0,0
19015,ECG,41,27478,0,0,0,0,0
19020,ECG,42,27305,0,0,0,0,0
19020,ECG,43,27133,0,0,0,0,0
19020,ECG,44,26963,0,0,0,0,0
19025,ECG,45,26793,0,0,0,0,0
19025,ECG,46,26625,0,0,0,0,0
19030,ECG,47,26457,0,0,0,0,0
19030,ECG,48,26291,0,0,0,0,0
19030,ECG,49,26126,0,0,0,0,0
19035,ECG,50,25961,0,0,0,0,0
19035,ECG,51,25798,0,0,0,0,0
19040,ECG,52,25475,0,0,0,0,0
19040,ECG,53,25314,0,0,0,0,0
19045,ECG,54,25155,0,0,0,0,0
19045,ECG,55,24997,0,0,0,0,0
19050,ECG,56,24683,0,0,0,0,0
19050,ECG,57,24528,0,0,0,0,0
19055,ECG,58,24374,0,0,0,0,0
19055,ECG,59,24221,0,0,0,0,0
19055,ECG,60,24068,0,0,0,0,0
19060,ECG,61,23917,0,0,0,0,0
19060,ECG,62,23766,0,0,0,0,0
19065,ECG,63,23617,0,0,0,0,0
19065,ECG,64,23468,0,0,0,0,0
19065,ECG,65,23321,0,0,0,0,0
19070,ECG,66,23174,0,0,0,0,0
19070,ECG,67,23028,0,0,0,0,0
19075,ECG,68,22739,0,0,0,0,0
19075,ECG,69,22596,0,0,0,0,0
19080,ECG,70,22454,0,0,0,0,0
19080,ECG,71,22313,0,0,0,0,0
19081,ECG,72,22172,0,0,0,0,0
19085,ECG,73,22033,0,0,0,0,0
19085,ECG,74,21894,0,0,0,0,0
19090,ECG,75,21756,0,0,0,0,0
19090,ECG,76,21619,0,0,0,0,0
19090,ECG,77,21483,0,0,0,0,0
19095,ECG,78,21348,0,0,0,0,0
19095,ECG,79,21214,0,0,0,0,0
19100,ECG,80,21080,0,0,0,0,0
19100,ECG,81,20948,0,0,0,0,0
19100,ECG,82,20816,0,0,0,0,0
19105,ECG,83,20685,0,0,0,0,0
19105,ECG,84,20555,0,0,0,0,0
19110,ECG,85,20425,0,0,0,0,0
19110,ECG,86,20297,0,0,0,0,0
19110,ECG,87,20169,0,0,0,0,0
19115,ECG,88,20042,0,0,0,0,0
19115,ECG,89,19916,0,0,0,0,0
19120,ECG,90,19666,0,0,0,0,0
19120,ECG,91,19542,0,0,0,0,0
19125,ECG,92,19419,0,0,0,0,0
19125,ECG,93,19297,0,0,0,0,0
19130,ECG,94,19055,0,0,0,0,0
19130,ECG,95,18935,0,0,0,0,0
19135,ECG,96,18815,0,0,0,0,0
19135,ECG,97,18697,0,0,0,0,0
19135,ECG,98,18579,0,0,0,0,0
19140,ECG,99,18462,0,0,0,0,0
19140,ECG,100,18346,0,0,0,0,0
19145,ECG,101,18230,0,0,0,0,0
19145,ECG,102,18116,0,0,0,0,0
19145,ECG,103,18002,0,0,0,0,0
19150,ECG,104,17888,0,0,0,0,0
19150,ECG,105,17775,0,0,0,0,0
19155,ECG,106,17663,0,0,0,0,0
19155,ECG,107,17552,0,0,0,0,0
19155,ECG,108,17442,0,0,0,0,0
19160,ECG,109,17332,0,0,0,0,0
19160,ECG,110,17222,0,0,0,0,0
19161,ECG,111,17114,0,0,0,0,0
19165,ECG,112,17006,0,0,0,0,0
19165,ECG,113,16899,0,0,0,0,0
19170,ECG,114,16792,0,0,0,0,0
19170,ECG,115,16687,0,0,0,0,0
19175,ECG,116,16477,0,0,0,0,0
19175,ECG,117,16373,0,0,0,0,0
19180,ECG,118,16270,0,0,0,0,0
19180,ECG,119,16167,0,0,0,0,0
19180,ECG,120,16065,0,0,0,0,0
19185,ECG,121,15964,0,0,0,0,0
19185,ECG,122,15864,0,0,0,0,0
19190,ECG,123,15764,0,0,0,0,0
19190,ECG,124,15664,0,0,0,0,0
19190,ECG,125,15566,0,0,0,0,0
19195,ECG,126,15467,0,0,0,0,0
19195,ECG,127,15370,0,0,0,0,0
19200,ECG,128,15177,0,0,0,0,0
19200,ECG,129,15081,0,0,0,0,0
19205,ECG,130,14986,0,0,0,0,0
19205,ECG,131,14891,0,0,0,0,0
19210,ECG,132,14704,0,0,0,0,0
19210,ECG,133,14611,0,0,0,0,0
19215,ECG,134,14519,0,0,0,0,0
19215,ECG,135,14428,0,0,0,0,0
19215,ECG,136,14337,0,0,0,0,0
19220,ECG,137,14246,0,0,0,0,0
19220,ECG,138,14156,0,0,0,0,0
19225,ECG,139,14067,0,0,0,0,0
19225,ECG,140,13978,0,0,0,0,0
19225,ECG,141,13890,0,0,0,0,0
19230,ECG,142,13802,0,0,0,0,0
19230,ECG,143,13715,0,0,0,0,0
19235,ECG,144,13629,0,0,0,0,0
19235,ECG,145,13543,0,0,0,0,0
19235,ECG,146,13457,0,0,0,0,0
19240,ECG,147,13372,0,0,0,0,0
19240,ECG,148,13288,0,0,0,0,0
19245,ECG,149,13121,0,0,0,0,0
19245,ECG,150,13038,0,0,0,0,0
19250,ECG,151,12956,0,0,0,0,0
19250,ECG,152,12874,0,0,0,0,0
19255,ECG,153,12712,0,0,0,0,0
19255,ECG,154,12632,0,0,0,0,0
19260,ECG,155,12552,0,0,0,0,0
19260,ECG,156,12473,0,0,0,0,0
19260,ECG,157,12394,0,0,0,0,0
19265,ECG,158,12316,0,0,0,0,0
19265,ECG,159,12238,0,0,0,0,0
19270,ECG,160,12161,0,0,0,0,0
19270,ECG,161,12084,0,0,0,0,0
19270,ECG,162,12008,0,0,0,0,0
19275,ECG,163,11932,0,0,0,0,0
19275,ECG,164,11857,0,0,0,0,0
19280,ECG,165,11707,0,0,0,0,0
19280,ECG,166,11633,0,0,0,0,0
19285,ECG,167,11560,0,0,0,0,0
19285,ECG,168,11487,0,0,0,0,0
19290,ECG,169,11342,0,0,0,0,0
19290,ECG,170,11271,0,0,0,0,0
19295,ECG,171,11199,0,0,0,0,0
19295,ECG,172,11129,0,0,0,0,0
19295,ECG,173,11058,0,0,0,0,0
19300,ECG,174,10988,0,0,0,0,0
19300,ECG,175,10919,0,0,0,0,0
19305,ECG,176,10850,0,0,0,0,0
19305,ECG,177,10781,0,0,0,0,0
19305,ECG,178,10713,0,0,0,0,0
19310,ECG,179,10645,0,0,0,0,0
19310,ECG,180,10578,0,0,0,0,0
19315,ECG,181,10511,0,0,0,0,0
19315,ECG,182,10445,0,0,0,0,0
19315,ECG,183,10379,0,0,0,0,0
19320,ECG,184,10313,0,0,0,0,0
19320,ECG,185,10248,0,0,0,0,0
19325,ECG,186,10118,0,0,0,0,0
19325,ECG,187,10054,0,0,0,0,0
19330,ECG,188,9991,0,0,0,0,0
19330,ECG,189,9928,0,0,0,0,0
19335,ECG,190,9802,0,0,0,0,0
19335,ECG,191,9740,0,0,0,0,0
19340,ECG,192,9679,0,0,0,0,0
19340,ECG,193,9617,0,0,0,0,0
19340,ECG,194,9557,0,0,0,0,0
19345,ECG,195,9496,0,0,0,0,0
19345,ECG,196,9436,0,0,0,0,0
19350,ECG,197,9376,0,0,0,0,0
19350,ECG,198,9317,0,0,0,0,0
19350,ECG,199,9258,0,0,0,0,0
19355,ECG,200,9200,0,0,0,0,0
19355,ECG,201,9141,0,0,0,0,0
19360,ECG,202,9026,0,0,0,0,0
19360,ECG,203,8969,0,0,0,0,0
19365,ECG,204,8912,0,0,0,0,0
19365,ECG,205,8855,0,0,0,0,0
19366,ECG,206,8799,0,0,0,0,0
19370,ECG,207,8744,0,0,0,0,0
19370,ECG,208,8688,0,0,0,0,0
19375,ECG,209,8633,0,0,0,0,0
19375,ECG,210,8578,0,0,0,0,0
19375,ECG,211,8524,0,0,0,0,0
19380,ECG,212,8470,0,0,0,0,0
19380,ECG,213,8416,0,0,0,0,0
19385,ECG,214,8363,0,0,0,0,0
19385,ECG,215,8310,0,0,0,0,0
19385,ECG,216,8257,0,0,0,0,0
19390,ECG,217,8205,0,0,0,0,0
19390,ECG,218,8153,0,0,0,0,0
19395,ECG,219,8101,0,0,0,0,0
19395,ECG,220,8050,0,0,0,0,0
19395,ECG,221,7999,0,0,0,0,0
19400,ECG,222,7948,0,0,0,0,0
19400,ECG,223,7898,0,0,0,0,0
19405,ECG,224,7798,0,0,0,0,0
19405,ECG,225,7749,0,0,0,0,0
19410,ECG,226,7699,0,0,0,0,0
19410,ECG,227,7651,0,0,0,0,0
19415,ECG,228,7554,0,0,0,0,0
19415,ECG,229,7506,0,0,0,0,0
19420,ECG,230,7458,0,0,0,0,0
19420,ECG,231,7411,0,0,0,0,0
19420,ECG,232,7364,0,0,0,0,0
19425,ECG,233,7317,0,0,0,0,0
19425,ECG,234,7271,0,0,0,0,0
19430,ECG,235,7224,0,0,0,0,0
19430,ECG,236,7178,0,0,0,0,0
19430,ECG,237,7133,0,0,0,0,0
19435,ECG,238,7088,0,0,0,0,0
19435,ECG,239,7043,0,0,0,0,0
19440,ECG,240,6998,0,0,0,0,0
19440,ECG,241,6953,0,0,0,0,0
19440,ECG,242,6909,0,0,0,0,0
19445,ECG,243,6865,0,0,0,0,0
19445,ECG,244,6821,0,0,0,0,0
19446,ECG,245,6778,0,0,0,0,0
19450,ECG,246,6735,0,0,0,0,0
19450,ECG,247,6692,0,0,0,0,0
19455,ECG,248,6650,0,0,0,0,0
19455,ECG,249,6608,0,0,0,0,0
19455,ECG,250,6566,0,0,0,0,0
19460,ECG,251,6524,0,0,0,0,0
19460,ECG,252,6482,0,0,0,0,0
19465,ECG,253,6441,0,0,0,0,0
19465,ECG,254,6400,0,0,0,0,0
19465,ECG,255,6359,0,0,0,0,0
19470,ECG,256,6319,0,0,0,0,0
19470,ECG,257,6279,0,0,0,0,0
19475,ECG,258,6239,0,0,0,0,0
19475,ECG,259,6199,0,0,0,0,0
19475,ECG,260,6159,0,0,0,0,0
19480,ECG,261,6120,0,0,0,0,0
19480,ECG,262,6081,0,0,0,0,0
19485,ECG,263,6004,0,0,0,0,0
19485,ECG,264,5966,0,0,0,0,0
19490,ECG,265,5928,0,0,0,0,0
19490,ECG,266,5890,0,0,0,0,0
19495,ECG,267,5815,0,0,0,0,0
19495,ECG,268,5778,0,0,0,0,0
19500,ECG,269,5741,0,0,0,0,0
19500,ECG,270,5705,0,0,0,0,0
19500,ECG,271,5669,0,0,0,0,0
19505,ECG,272,5632,0,0,0,0,0
19505,ECG,273,5596,0,0,0,0,0
19510,ECG,274,5561,0,0,0,0,0
19510,ECG,275,5525,0,0,0,0,0
19510,ECG,276,5490,0,0,0,0,0
19515,ECG,277,5455,0,0,0,0,0
19515,ECG,278,5420,0,0,0,0,0
19520,ECG,279,5386,0,0,0,0,0
19520,ECG,280,5351,0,0,0,0,0
19520,ECG,281,5317,0,0,0,0,0
19525,ECG,282,5283,0,0,0,0,0
19525,ECG,283,5249,0,0,0,0,0
19526,ECG,284,5216,0,0,0,0,0
19530,ECG,285,5183,0,0,0,0,0
19530,ECG,286,5150,0,0,0,0,0
19535,ECG,287,5117,0,0,0,0,0
19535,ECG,288,5084,0,0,0,0,0
19540,ECG,289,5019,0,0,0,0,0
19540,ECG,290,4987,0,0,0,0,0
19545,ECG,291,4955,0,0,0,0,0
19545,ECG,292,4924,0,0,0,0,0
19545,ECG,293,4892,0,0,0,0,0
19550,ECG,294,4861,0,0,0,0,0
19550,ECG,295,4830,0,0,0,0,0
19555,ECG,296,4799,0,0,0,0,0
19555,ECG,297,4768,0,0,0,0,0
19555,ECG,298,4738,0,0,0,0,0
19560,ECG,299,4707,0,0,0,0,0
19560,ECG,300,4677,0,0,0,0,0
19565,ECG,301,4618,0,0,0,0,0
19565,ECG,302,4588,0,0,0,0,0
19570,ECG,303,4559,0,0,0,0,0
19570,ECG,304,4530,0,0,0,0,0
19575,ECG,305,4472,0,0,0,0,0
19575,ECG,306,4443,0,0,0,0,0
19580,ECG,307,4415,0,0,0,0,0
19580,ECG,308,4386,0,0,0,0,0
19580,ECG,309,4358,0,0,0,0,0
19585,ECG,310,4330,0,0,0,0,0
19585,ECG,311,4303,0,0,0,0,0
19590,ECG,312,4275,0,0,0,0,0
19590,ECG,313,4248,0,0,0,0,0
19590,ECG,314,4220,0,0,0,0,0
19595,ECG,315,4193,0,0,0,0,0
19595,ECG,316,4166,0,0,0,0,0
19600,ECG,317,4140,0,0,0,0,0
19600,ECG,318,4113,0,0,0,0,0
19600,ECG,319,4087,0,0,0,0,0
19605,ECG,320,4060,0,0,0,0,0
19605,ECG,321,4034,0,0,0,0,0
19610,ECG,322,3983,0,0,0,0,0
19610,ECG,323,3957,0,0,0,0,0
19615,ECG,324,3932,0,0,0,0,0
19615,ECG,325,3906,0,0,0,0,0
19620,ECG,326,3856,0,0,0,0,0
19620,ECG,327,3832,0,0,0,0,0
19625,ECG,328,3807,0,0,0,0,0
19625,ECG,329,3782,0,0,0,0,0
19625,ECG,330,3758,0,0,0,0,0
19630,ECG,331,3734,0,0,0,0,0
19630,ECG,332,3710,0,0,0,0,0
19635,ECG,333,3686,0,0,0,0,0
19635,ECG,334,3662,0,0,0,0,0
19635,ECG,335,3639,0,0,0,0,0
19640,ECG,336,3615,0,0,0,0,0
19640,ECG,337,3592,0,0,0,0,0
19645,ECG,338,3546,0,0,0,0,0
19645,ECG,339,3523,0,0,0,0,0
19650,ECG,340,3500,0,0,0,0,0
19650,ECG,341,3478,0,0,0,0,0
19651,ECG,342,3455,0,0,0,0,0
19655,ECG,343,3433,0,0,0,0,0
19655,ECG,344,3411,0,0,0,0,0
19660,ECG,345,3389,0,0,0,0,0
19660,ECG,346,3367,0,0,0,0,0
19660,ECG,347,3345,0,0,0,0,0
19665,ECG,348,3324,0,0,0,0,0
19665,ECG,349,3302,0,0,0,0,0
19670,ECG,350,3281,0,0,0,0,0
19670,ECG,351,3260,0,0,0,0,0
19670,ECG,352,3239,0,0,0,0,0
19675,ECG,353,3218,0,0,0,0,0
19675,ECG,354,3197,0,0,0,0,0
19680,ECG,355,3176,0,0,0,0,0
19680,ECG,356,3156,0,0,0,0,0
19680,ECG,357,3135,0,0,0,0,0
19685,ECG,358,3115,0,0,0,0,0
19685,ECG,359,3095,0,0,0,0,0
19690,ECG,360,3055,0,0,0,0,0
19690,ECG,361,3035,0,0,0,0,0
19695,ECG,362,3015,0,0,0,0,0
19695,ECG,363,2996,0,0,0,0,0
19700,ECG,364,2957,0,0,0,0,0
19700,ECG,365,2938,0,0,0,0,0
19705,ECG,366,2919,0,0,0,0,0
19705,ECG,367,2900,0,0,0,0,0
19705,ECG,368,2881,0,0,0,0,0
19710,ECG,369,2862,0,0,0,0,0
19710,ECG,370,2844,0,0,0,0,0
19715,ECG,371,2825,0,0,0,0,0
19715,ECG,372,2807,0,0,0,0,0
19715,ECG,373,2789,0,0,0,0,0
19720,ECG,374,2771,0,0,0,0,0
19720,ECG,375,2753,0,0,0,0,0
19725,ECG,376,2735,0,0,0,0,0
19725,ECG,377,2717,0,0,0,0,0
19725,ECG,378,2700,0,0,0,0,0
19730,ECG,379,2682,0,0,0,0,0
19730,ECG,380,2665,0,0,0,0,0
19731,ECG,381,2647,0,0,0,0,0
19735,ECG,382,2630,0,0,0,0,0
19735,ECG,383,2613,0,0,0,0,0
19740,ECG,384,2596,0,0,0,0,0
19740,ECG,385,2579,0,0,0,0,0
19740,ECG,386,2562,0,0,0,0,0
19745,ECG,387,2546,0,0,0,0,0
19745,ECG,388,2529,0,0,0,0,0
19750,ECG,389,2513,0,0,0,0,0
19750,ECG,390,2496,0,0,0,0,0
19750,ECG,391,2480,0,0,0,0,0
19755,ECG,392,2464,0,0,0,0,0
19755,ECG,393,2448,0,0,0,0,0
19760,ECG,394,2432,0,0,0,0,0
19760,ECG,395,2416,0,0,0,0,0
19760,ECG,396,2400,0,0,0,0,0
19765,ECG,397,2385,0,0,0,0,0
19765,ECG,398,2369,0,0,0,0,0
19770,ECG,399,2338,0,0,0,0,0
19770,ECG,400,2323,0,0,0,0,0
19775,ECG,401,2308,0,0,0,0,0
19775,ECG,402,2293,0,0,0,0,0
19780,ECG,403,2263,0,0,0,0,0
19780,ECG,404,2248,0,0,0,0,0
19785,ECG,405,2233,0,0,0,0,0
19785,ECG,406,2219,0,0,0,0,0
19785,ECG,407,2204,0,0,0,0,0
19790,ECG,408,2190,0,0,0,0,0
19790,ECG,409,2176,0,0,0,0,0
19795,ECG,410,2161,0,0,0,0,0
19795,ECG,411,2147,0,0,0,0,0
19795,ECG,412,2133,0,0,0,0,0
19800,ECG,413,2119,0,0,0,0,0
19800,ECG,414,2105,0,0,0,0,0
19805,ECG,415,2091,0,0,0,0,0
19805,ECG,416,2078,0,0,0,0,0
19805,ECG,417,2064,0,0,0,0,0
19810,ECG,418,2050,0,0,0,0,0
19810,ECG,419,2037,0,0,0,0,0
19811,ECG,420,2023,0,0,0,0,0
19815,ECG,421,2010,0,0,0,0,0
19815,ECG,422,1997,0,0,0,0,0
19820,ECG,423,1984,0,0,0,0,0
19820,ECG,424,1971,0,0,0,0,0
19825,ECG,425,1945,0,0,0,0,0
19825,ECG,426,1932,0,0,0,0,0
19830,ECG,427,1919,0,0,0,0,0
19830,ECG,428,1906,0,0,0,0,0
19830,ECG,429,1894,0,0,0,0,0
19835,ECG,430,1881,0,0,0,0,0
19835,ECG,431,1869,0,0,0,0,0
19840,ECG,432,1857,0,0,0,0,0
19840,ECG,433,1844,0,0,0,0,0
19840,ECG,434,1832,0,0,0,0,0
19845,ECG,435,1820,0,0,0,0,0
19845,ECG,436,1808,0,0,0,0,0
19850,ECG,437,1784,0,0,0,0,0
19850,ECG,438,1772,0,0,0,0,0
19855,ECG,439,1761,0,0,0,0,0
19855,ECG,440,1749,0,0,0,0,0
19860,ECG,441,1726,0,0,0,0,0
19860,ECG,442,1714,0,0,0,0,0
19865,ECG,443,1703,0,0,0,0,0
19865,ECG,444,1692,0,0,0,0,0
19865,ECG,445,1681,0,0,0,0,0
19870,ECG,446,1669,0,0,0,0,0
19870,ECG,447,1658,0,0,0,0,0
19875,ECG,448,1647,0,0,0,0,0
19875,ECG,449,1636,0,0,0,0,0
19875,ECG,450,1625,0,0,0,0,0
19880,ECG,451,1615,0,0,0,0,0
19880,ECG,452,1604,0,0,0,0,0
19885,ECG,453,1593,0,0,0,0,0
19885,ECG,454,1583,0,0,0,0,0
19885,ECG,455,1572,0,0,0,0,0
19890,ECG,456,1562,0,0,0,0,0
19890,ECG,457,1551,0,0,0,0,0
19895,ECG,458,1531,0,0,0,0,0
19895,ECG,459,1520,0,0,0,0,0
19900,ECG,460,1510,0,0,0,0,0
19900,ECG,461,1500,0,0,0,0,0
19905,ECG,462,1480,0,0,0,0,0
19905,ECG,463,1470,0,0,0,0,0
19910,ECG,464,1460,0,0,0,0,0
19910,ECG,465,1451,0,0,0,0,0
19910,ECG,466,1441,0,0,0,0,0
19915,ECG,467,1431,0,0,0,0,0
19915,ECG,468,1422,0,0,0,0,0
19925,ECG,469,1412,0,0,0,0,0
19925,ECG,470,1403,0,0,0,0,0
19925,ECG,471,1393,0,0,0,0,0
19925,ECG,472,1384,0,0,0,0,0
19925,ECG,473,1375,0,0,0,0,0
19930,ECG,474,1365,0,0,0,0,0
19930,ECG,475,1356,0,0,0,0,0
19930,ECG,476,1347,0,0,0,0,0
19935,ECG,477,1338,0,0,0,0,0
19935,ECG,478,1329,0,0,0,0,0
19936,ECG,479,1320,0,0,0,0,0
19940,ECG,480,1311,0,0,0,0,0
19940,ECG,481,1302,0,0,0,0,0
19945,ECG,482,1294,0,0,0,0,0
19945,ECG,483,1285,0,0,0,0,0
19945,ECG,484,1276,0,0,0,0,0
19950,ECG,485,1268,0,0,0,0,0
19950,ECG,486,1259,0,0,0,0,0
19955,ECG,487,1251,0,0,0,0,0
19955,ECG,488,1242,0,0,0,0,0
19955,ECG,489,1234,0,0,0,0,0
19960,ECG,490,1225,0,0,0,0,0
19960,ECG,491,1217,0,0,0,0,0
19965,ECG,492,1209,0,0,0,0,0
19965,ECG,493,1201,0,0,0,0,0
19965,ECG,494,1192,0,0,0,0,0
19970,ECG,495,1184,0,0,0,0,0
19970,ECG,496,1176,0,0,0,0,0
19975,ECG,497,1160,0,0,0,0,0
19975,ECG,498,1152,0,0,0,0,0
19980,ECG,499,1145,0,0,0,0,0
19980,ECG,500,1137,0,0,0,0,0
19985,ECG,501,1121,0,0,0,0,0
19985,ECG,502,1114,0,0,0,0,0
19990,ECG,503,1106,0,0,0,0,0
19990,ECG,504,1099,0,0,0,0,0
19990,ECG,505,1091,0,0,0,0,0
19995,ECG,506,1084,0,0,0,0,0
19995,ECG,507,1076,0,0,0,0,0
20000,ECG,508,1069,0,0,0,0,0
20000,ECG,509,1062,0,0,0,0,0
20000,ECG,510,1054,0,0,0,0,0
20005,ECG,511,1047,0,0,0,0,0
20005,ECG,512,1040,0,0,0,0,0
20010,ECG,513,1033,0,0,0,0,0
20010,ECG,514,1026,0,0,0,0,0
20010,ECG,515,1019,0,0,0,0,0
20015,ECG,516,1012,0,0,0,0,0
20015,ECG,517,1005,0,0,0,0,0
20016,ECG,518,998,0,0,0,0,0
20020,ECG,519,991,0,0,0,0,0
20020,ECG,520,984,0,0,0,0,0
20025,ECG,521,977,0,0,0,0,0
20025,ECG,522,970,0,0,0,0,0
20025,ECG,523,964,0,0,0,0,0
21032,ECG,524,0,0,0,0,0,0
21032,ECG,525,-1,0,0,0,0,0
21032,ECG,526,-6,0,0,0,0,0
21037,ECG,527,2,0,0,0,0,0
21037,ECG,528,6,0,0,0,0,0
21042,ECG,529,38,0,0,0,0,0
21042,ECG,530,-16,0,0,0,0,0
21047,ECG,531,-26,0,0,0,0,0
21047,ECG,532,151,0,0,0,0,0
21052,ECG,533,-2109,0,0,0,0,0
21052,ECG,534,-1850,0,0,0,0,0
21057,ECG,535,-36,0,0,0,0,0
21057,ECG,536,3394,0,0,0,0,0
21057,ECG,537,8729,0,0,0,0,0
21062,ECG,538,15156,0,0,0,0,0
21062,ECG,539,21689,0,0,0,0,0
21067,ECG,540,27397,0,0,0,0,0
21067,ECG,541,31311,0,0,0,0,0
21067,ECG,542,32011,0,0,0,0,0
21072,ECG,543,31810,0,0,0,0,0
21072,ECG,544,31610,0,0,0,0,0
21077,ECG,545,31109,0,0,0,0,0
21077,ECG,546,31019,0,0,0,0,0
21082,ECG,547,30731,0,0,0,0,0
21082,ECG,548,30591,0,0,0,0,0
21083,ECG,549,30395,0,0,0,0,0
21087,ECG,550,30195,0,0,0,0,0
21087,ECG,551,30019,0,0,0,0,0
21092,ECG,552,29827,0,0,0,0,0
21092,ECG,553,29638,0,0,0,0,0
21092,ECG,554,29451,0,0,0,0,0
21097,ECG,555,29266,0,0,0,0,0
21097,ECG,556,29082,0,0,0,0,0
21102,ECG,557,28900,0,0,0,0,0
21102,ECG,558,28718,0,0,0,0,0
21102,ECG,559,28537,0,0,0,0,0
21107,ECG,560,28358,0,0,0,0,0
21107,ECG,561,28180,0,0,0,0,0
21112,ECG,562,28002,0,0,0,0,0
21112,ECG,563,27826,0,0,0,0,0
21112,ECG,564,27651,0,0,0,0,0
21117,ECG,565,27478,0,0,0,0,0
21117,ECG,566,27305,0,0,0,0,0
21122,ECG,567,26963,0,0,0,0,0
21122,ECG,568,26793,0,0,0,0,0
21127,ECG,569,26625,0,0,0,0,0
21127,ECG,570,26457,0,0,0,0,0
21132,ECG,571,26126,0,0,0,0,0
21132,ECG,572,25961,0,0,0,0,0
21137,ECG,573,25798,0,0,0,0,0
21137,ECG,574,25636,0,0,0,0,0
21137,ECG,575,25475,0,0,0,0,0
21142,ECG,576,25314,0,0,0,0,0
21142,ECG,577,25155,0,0,0,0,0
21147,ECG,578,24997,0,0,0,0,0
21147,ECG,579,24840,0,0,0,0,0
21147,ECG,580,24683,0,0,0,0,0
21152,ECG,581,24528,0,0,0,0,0
21152,ECG,582,24374,0,0,0,0,0
21157,ECG,583,24221,0,0,0,0,0
21157,ECG,584,24068,0,0,0,0,0
21157,ECG,585,23917,0,0,0,0,0
21162,ECG,586,23766,0,0,0,0,0
21162,ECG,587,23617,0,0,0,0,0
21163,ECG,588,23468,0,0,0,0,0
21167,ECG,589,23321,0,0,0,0,0
21167,ECG,590,23174,0,0,0,0,0
21172,ECG,591,23028,0,0,0,0,0
21172,ECG,592,22883,0,0,0,0,0
21177,ECG,593,22596,0,0,0,0,0
21177,ECG,594,22454,0,0,0,0,0
21182,ECG,595,22313,0,0,0,0,0
21182,ECG,596,22172,0,0,0,0,0
21182,ECG,597,22033,0,0,0,0,0
21187,ECG,598,21894,0,0,0,0,0
21187,ECG,599,21756,0,0,0,0,0
21192,ECG,600,21619,0,0,0,0,0
21192,ECG,601,21483,0,0,0,0,0
21192,ECG,602,21348,0,0,0,0,0
21197,ECG,603,21214,0,0,0,0,0
21197,ECG,604,21080,0,0,0,0,0
21202,ECG,605,20816,0,0,0,0,0
21202,ECG,606,20685,0,0,0,0,0
21207,ECG,607,20555,0,0,0,0,0
21207,ECG,608,20425,0,0,0,0,0
21212,ECG,609,20169,0,0,0,0,0
21212,ECG,610,20042,0,0,0,0,0
21217,ECG,611,19916,0,0,0,0,0
21217,ECG,612,19790,0,0,0,0,0
21217,ECG,613,19666,0,0,0,0,0
21222,ECG,614,19542,0,0,0,0,0
21222,ECG,615,19419,0,0,0,0,0
21227,ECG,616,19297,0,0,0,0,0
21227,ECG,617,19175,0,0,0,0,0
21227,ECG,618,19055,0,0,0,0,0
21232,ECG,619,18935,0,0,0,0,0
21232,ECG,620,18815,0,0,0,0,0
21237,ECG,621,18697,0,0,0,0,0
21237,ECG,622,18579,0,0,0,0,0
21237,ECG,623,18462,0,0,0,0,0
21242,ECG,624,18346,0,0,0,0,0
21242,ECG,625,18230,0,0,0,0,0
21247,ECG,626,18002,0,0,0,0,0
21247,ECG,627,17888,0,0,0,0,0
21252,ECG,628,17775,0,0,0,0,0
21252,ECG,629,17663,0,0,0,0,0
21257,ECG,630,17442,0,0,0,0,0
21257,ECG,631,17332,0,0,0,0,0
21262,ECG,632,17222,0,0,0,0,0
21262,ECG,633,17114,0,0,0,0,0
21262,ECG,634,17006,0,0,0,0,0
21267,ECG,635,16899,0,0,0,0,0
21267,ECG,636,16792,0,0,0,0,0
21272,ECG,637,16687,0,0,0,0,0
21272,ECG,638,16581,0,0,0,0,0
21272,ECG,639,16477,0,0,0,0,0
21277,ECG,640,16373,0,0,0,0,0
21277,ECG,641,16270,0,0,0,0,0
21282,ECG,642,16065,0,0,0,0,0
21282,ECG,643,15964,0,0,0,0,0
21287,ECG,644,15864,0,0,0,0,0
21287,ECG,645,15764,0,0,0,0,0
21288,ECG,646,15664,0,0,0,0,0
21292,ECG,647,15566,0,0,0,0,0
21292,ECG,648,15467,0,0,0,0,0
21297,ECG,649,15370,0,0,0,0,0
21297,ECG,650,15273,0,0,0,0,0
21297,ECG,651,15177,0,0,0,0,0
21302,ECG,652,15081,0,0,0,0,0
21302,ECG,653,14986,0,0,0,0,0
21307,ECG,654,14891,0,0,0,0,0
21307,ECG,655,14797,0,0,0,0,0
21307,ECG,656,14704,0,0,0,0,0
21312,ECG,657,14611,0,0,0,0,0
21312,ECG,658,14519,0,0,0,0,0
21317,ECG,659,14428,0,0,0,0,0
21317,ECG,660,14337,0,0,0,0,0
21317,ECG,661,14246,0,0,0,0,0
21322,ECG,662,14156,0,0,0,0,0
21322,ECG,663,14067,0,0,0,0,0
21327,ECG,664,13890,0,0,0,0,0
21327,ECG,665,13802,0,0,0,0,0
21332,ECG,666,13715,0,0,0,0,0
21332,ECG,667,13629,0,0,0,0,0
21337,ECG,668,13457,0,0,0,0,0
21337,ECG,669,13372,0,0,0,0,0
21342,ECG,670,13288,0,0,0,0,0
21342,ECG,671,13204,0,0,0,0,0
21342,ECG,672,13121,0,0,0,0,0
21347,ECG,673,13038,0,0,0,0,0
21347,ECG,674,12956,0,0,0,0,0
21352,ECG,675,12874,0,0,0,0,0
21352,ECG,676,12793,0,0,0,0,0
21352,ECG,677,12712,0,0,0,0,0
21357,ECG,678,12632,0,0,0,0,0
21357,ECG,679,12552,0,0,0,0,0
21362,ECG,680,12394,0,0,0,0,0
21362,ECG,681,12316,0,0,0,0,0
21367,ECG,682,12238,0,0,0,0,0
21367,ECG,683,12161,0,0,0,0,0
21368,ECG,684,12084,0,0,0,0,0
21372,ECG,685,12008,0,0,0,0,0
21372,ECG,686,11932,0,0,0,0,0
21377,ECG,687,11857,0,0,0,0,0
21377,ECG,688,11782,0,0,0,0,0
21377,ECG,689,11707,0,0,0,0,0
21382,ECG,690,11633,0,0,0,0,0
21382,ECG,691,11560,0,0,0,0,0
21387,ECG,692,11487,0,0,0,0,0
21387,ECG,693,11414,0,0,0,0,0
21387,ECG,694,11342,0,0,0,0,0
21392,ECG,695,11271,0,0,0,0,0
21392,ECG,696,11199,0,0,0,0,0
21397,ECG,697,11129,0,0,0,0,0
21397,ECG,698,11058,0,0,0,0,0
21397,ECG,699,10988,0,0,0,0,0
21402,ECG,700,10919,0,0,0,0,0
21402,ECG,701,10850,0,0,0,0,0
21407,ECG,702,10713,0,0,0,0,0
21407,ECG,703,10645,0,0,0,0,0
21412,ECG,704,10578,0,0,0,0,0
21412,ECG,705,10511,0,0,0,0,0
21417,ECG,706,10379,0,0,0,0,0
21417,ECG,707,10313,0,0,0,0,0
21422,ECG,708,10248,0,0,0,0,0
21422,ECG,709,10183,0,0,0,0,0
21422,ECG,710,10118,0,0,0,0,0
21427,ECG,711,10054,0,0,0,0,0
21427,ECG,712,9991,0,0,0,0,0
21432,ECG,713,9928,0,0,0,0,0
21432,ECG,714,9865,0,0,0,0,0
21432,ECG,715,9802,0,0,0,0,0
21437,ECG,716,9740,0,0,0,0,0
21437,ECG,717,9679,0,0,0,0,0
21442,ECG,718,9617,0,0,0,0,0
21442,ECG,719,9557,0,0,0,0,0
21442,ECG,720,9496,0,0,0,0,0
21447,ECG,721,9436,0,0,0,0,0
21447,ECG,722,9376,0,0,0,0,0
21448,ECG,723,9317,0,0,0,0,0
21452,ECG,724,9258,0,0,0,0,0
21452,ECG,725,9200,0,0,0,0,0
21457,ECG,726,9141,0,0,0,0,0
21457,ECG,727,9083,0,0,0,0,0
21462,ECG,728,8969,0,0,0,0,0
21462,ECG,729,8912,0,0,0,0,0
21467,ECG,730,8855,0,0,0,0,0
21467,ECG,731,8799,0,0,0,0,0
21467,ECG,732,8744,0,0,0,0,0
21472,ECG,733,8688,0,0,0,0,0
21472,ECG,734,8633,0,0,0,0,0
21477,ECG,735,8578,0,0,0,0,0
21477,ECG,736,8524,0,0,0,0,0
21477,ECG,737,8470,0,0,0,0,0
21482,ECG,738,8416,0,0,0,0,0
21482,ECG,739,8363,0,0,0,0,0
21487,ECG,740,8257,0,0,0,0,0
21487,ECG,741,8205,0,0,0,0,0
21492,ECG,742,8153,0,0,0,0,0
21492,ECG,743,8101,0,0,0,0,0
21497,ECG,744,7999,0,0,0,0,0
21497,ECG,745,7948,0,0,0,0,0
21502,ECG,746,7898,0,0,0,0,0
21502,ECG,747,7848,0,0,0,0,0
21502,ECG,748,7798,0,0,0,0,0
21507,ECG,749,7749,0,0,0,0,0
21507,ECG,750,7699,0,0,0,0,0
21512,ECG,751,7651,0,0,0,0,0
21512,ECG,752,7602,0,0,0,0,0
21512,ECG,753,7554,0,0,0,0,0
21517,ECG,754,7506,0,0,0,0,0
21517,ECG,755,7458,0,0,0,0,0
21522,ECG,756,7411,0,0,0,0,0
21522,ECG,757,7364,0,0,0,0,0
21522,ECG,758,7317,0,0,0,0,0
21527,ECG,759,7271,0,0,0,0,0
21527,ECG,760,7224,0,0,0,0,0
21532,ECG,761,7133,0,0,0,0,0
21532,ECG,762,7088,0,0,0,0,0
21537,ECG,763,7043,0,0,0,0,0
21537,ECG,764,6998,0,0,0,0,0
21542,ECG,765,6909,0,0,0,0,0
21542,ECG,766,6865,0,0,0,0,0
21547,ECG,767,6821,0,0,0,0,0
21547,ECG,768,6778,0,0,0,0,0
21547,ECG,769,6735,0,0,0,0,0
21552,ECG,770,6692,0,0,0,0,0
21552,ECG,771,6650,0,0,0,0,0
21557,ECG,772,6608,0,0,0,0,0
21557,ECG,773,6566,0,0,0,0,0
21557,ECG,774,6524,0,0,0,0,0
21562,ECG,775,6482,0,0,0,0,0
21562,ECG,776,6441,0,0,0,0,0
21567,ECG,777,6359,0,0,0,0,0
21567,ECG,778,6319,0,0,0,0,0
21572,ECG,779,6279,0,0,0,0,0
21572,ECG,780,6239,0,0,0,0,0
21577,ECG,781,6159,0,0,0,0,0
21577,ECG,782,6120,0,0,0,0,0
21582,ECG,783,6081,0,0,0,0,0
21582,ECG,784,6042,0,0,0,0,0
21582,ECG,785,6004,0,0,0,0,0
21587,ECG,786,5966,0,0,0,0,0
21587,ECG,787,5928,0,0,0,0,0
21592,ECG,788,5890,0,0,0,0,0
21592,ECG,789,5852,0,0,0,0,0
21592,ECG,790,5815,0,0,0,0,0
21597,ECG,791,5778,0,0,0,0,0
21597,ECG,792,5741,0,0,0,0,0
21602,ECG,793,5705,0,0,0,0,0
21602,ECG,794,5669,0,0,0,0,0
21602,ECG,795,5632,0,0,0,0,0
21607,ECG,796,5596,0,0,0,0,0
21607,ECG,797,5561,0,0,0,0,0
21612,ECG,798,5490,0,0,0,0,0
21612,ECG,799,5455,0,0,0,0,0
21617,ECG,800,5420,0,0,0,0,0
21617,ECG,801,5386,0,0,0,0,0
21622,ECG,802,5317,0,0,0,0,0
21622,ECG,803,5283,0,0,0,0,0
21627,ECG,804,5249,0,0,0,0,0
21627,ECG,805,5216,0,0,0,0,0
21627,ECG,806,5183,0,0,0,0,0
21632,ECG,807,5150,0,0,0,0,0
21632,ECG,808,5117,0,0,0,0,0
21637,ECG,809,5084,0,0,0,0,0
21637,ECG,810,5051,0,0,0,0,0
21637,ECG,811,5019,0,0,0,0,0
21642,ECG,812,4987,0,0,0,0,0
21642,ECG,813,4955,0,0,0,0,0
21647,ECG,814,4892,0,0,0,0,0
21647,ECG,815,4861,0,0,0,0,0
21652,ECG,816,4830,0,0,0,0,0
21652,ECG,817,4799,0,0,0,0,0
21653,ECG,818,4768,0,0,0,0,0
21657,ECG,819,4738,0,0,0,0,0
21657,ECG,820,4707,0,0,0,0,0
21662,ECG,821,4677,0,0,0,0,0
21662,ECG,822,4647,0,0,0,0,0
21662,ECG,823,4618,0,0,0,0,0
21667,ECG,824,4588,0,0,0,0,0
21667,ECG,825,4559,0,0,0,0,0
21672,ECG,826,4530,0,0,0,0,0
21672,ECG,827,4501,0,0,0,0,0
21672,ECG,828,4472,0,0,0,0,0
21677,ECG,829,4443,0,0,0,0,0
21677,ECG,830,4415,0,0,0,0,0
21682,ECG,831,4386,0,0,0,0,0
21682,ECG,832,4358,0,0,0,0,0
21682,ECG,833,4330,0,0,0,0,0
21687,ECG,834,4303,0,0,0,0,0
21687,ECG,835,4275,0,0,0,0,0
21692,ECG,836,4220,0,0,0,0,0
21692,ECG,837,4193,0,0,0,0,0
21697,ECG,838,4166,0,0,0,0,0
21697,ECG,839,4140,0,0,0,0,0
21702,ECG,840,4087,0,0,0,0,0
21702,ECG,841,4060,0,0,0,0,0
21707,ECG,842,4034,0,0,0,0,0
21707,ECG,843,4008,0,0,0,0,0
21707,ECG,844,3983,0,0,0,0,0
21712,ECG,845,3957,0,0,0,0,0
21712,ECG,846,3932,0,0,0,0,0
21717,ECG,847,3906,0,0,0,0,0
21717,ECG,848,3881,0,0,0,0,0
21717,ECG,849,3856,0,0,0,0,0
21722,ECG,850,3832,0,0,0,0,0
21722,ECG,851,3807,0,0,0,0,0
21727,ECG,852,3782,0,0,0,0,0
21727,ECG,853,3758,0,0,0,0,0
21727,ECG,854,3734,0,0,0,0,0
21732,ECG,855,3710,0,0,0,0,0
21732,ECG,856,3686,0,0,0,0,0
21733,ECG,857,3662,0,0,0,0,0
21737,ECG,858,3639,0,0,0,0,0
21737,ECG,859,3615,0,0,0,0,0
21742,ECG,860,3592,0,0,0,0,0
21742,ECG,861,3569,0,0,0,0,0
21747,ECG,862,3523,0,0,0,0,0
21747,ECG,863,3500,0,0,0,0,0
21752,ECG,864,3478,0,0,0,0,0
21752,ECG,865,3455,0,0,0,0,0
21752,ECG,866,3433,0,0,0,0,0
21757,ECG,867,3411,0,0,0,0,0
21757,ECG,868,3389,0,0,0,0,0
21762,ECG,869,3367,0,0,0,0,0
21762,ECG,870,3345,0,0,0,0,0
21762,ECG,871,3324,0,0,0,0,0
21767,ECG,872,3302,0,0,0,0,0
21767,ECG,873,3281,0,0,0,0,0
21772,ECG,874,3239,0,0,0,0,0
21772,ECG,875,3218,0,0,0,0,0
21777,ECG,876,3197,0,0,0,0,0
21777,ECG,877,3176,0,0,0,0,0
21782,ECG,878,3135,0,0,0,0,0
21782,ECG,879,3115,0,0,0,0,0
21787,ECG,880,3095,0,0,0,0,0
21787,ECG,881,3075,0,0,0,0,0
21787,ECG,882,3055,0,0,0,0,0
21792,ECG,883,3035,0,0,0,0,0
21792,ECG,884,3015,0,0,0,0,0
21797,ECG,885,2996,0,0,0,0,0
21797,ECG,886,2976,0,0,0,0,0
21797,ECG,887,2957,0,0,0,0,0
21802,ECG,888,2938,0,0,0,0,0
21802,ECG,889,2919,0,0,0,0,0
21807,ECG,890,2900,0,0,0,0,0
21807,ECG,891,2881,0,0,0,0,0
21807,ECG,892,2862,0,0,0,0,0
21812,ECG,893,2844,0,0,0,0,0
21812,ECG,894,2825,0,0,0,0,0
21817,ECG,895,2789,0,0,0,0,0
21817,ECG,896,2771,0,0,0,0,0
21822,ECG,897,2753,0,0,0,0,0
21822,ECG,898,2735,0,0,0,0,0
21827,ECG,899,2700,0,0,0,0,0
21827,ECG,900,2682,0,0,0,0,0
21832,ECG,901,2665,0,0,0,0,0
21832,ECG,902,2647,0,0,0,0,0
21832,ECG,903,2630,0,0,0,0,0
21837,ECG,904,2613,0,0,0,0,0
21837,ECG,905,2596,0,0,0,0,0
21842,ECG,906,2579,0,0,0,0,0
21842,ECG,907,2562,0,0,0,0,0
21842,ECG,908,2546,0,0,0,0,0
21847,ECG,909,2529,0,0,0,0,0
21847,ECG,910,2513,0,0,0,0,0
21852,ECG,911,2480,0,0,0,0,0
21852,ECG,912,2464,0,0,0,0,0
21857,ECG,913,2448,0,0,0,0,0
21857,ECG,914,2432,0,0,0,0,0
21862,ECG,915,2400,0,0,0,0,0
21862,ECG,916,2385,0,0,0,0,0
21867,ECG,917,2369,0,0,0,0,0
21867,ECG,918,2354,0,0,0,0,0
21867,ECG,919,2338,0,0,0,0,0
21872,ECG,920,2323,0,0,0,0,0
21872,ECG,921,2308,0,0,0,0,0
21877,ECG,922,2293,0,0,0,0,0
21877,ECG,923,2278,0,0,0,0,0
21877,ECG,924,2263,0,0,0,0,0
21882,ECG,925,2248,0,0,0,0,0
21882,ECG,926,2233,0,0,0,0,0
21887,ECG,927,2219,0,0,0,0,0
21887,ECG,928,2204,0,0,0,0,0
21887,ECG,929,2190,0,0,0,0,0
21892,ECG,930,2176,0,0,0,0,0
21892,ECG,931,2161,0,0,0,0,0
21897,ECG,932,2133,0,0,0,0,0
21897,ECG,933,2119,0,0,0,0,0
21902,ECG,934,2105,0,0,0,0,0
21902,ECG,935,2091,0,0,0,0,0
21907,ECG,936,2064,0,0,0,0,0
21907,ECG,937,2050,0,0,0,0,0
21912,ECG,938,2037,0,0,0,0,0
21912,ECG,939,2023,0,0,0,0,0
21912,ECG,940,2010,0,0,0,0,0
21917,ECG,941,1997,0,0,0,0,0
21917,ECG,942,1984,0,0,0,0,0
21922,ECG,943,1971,0,0,0,0,0
21922,ECG,944,1958,0,0,0,0,0
21922,ECG,945,1945,0,0,0,0,0
21927,ECG,946,1932,0,0,0,0,0
21927,ECG,947,1919,0,0,0,0,0
21932,ECG,948,1894,0,0,0,0,0
21932,ECG,949,1881,0,0,0,0,0
21937,ECG,950,1869,0,0,0,0,0
21937,ECG,951,1857,0,0,0,0,0
21938,ECG,952,1844,0,0,0,0,0
21942,ECG,953,1832,0,0,0,0,0
21942,ECG,954,1820,0,0,0,0,0
21947,ECG,955,1808,0,0,0,0,0
21947,ECG,956,1796,0,0,0,0,0
21947,ECG,957,1784,0,0,0,0,0
21952,ECG,958,1772,0,0,0,0,0
21952,ECG,959,1761,0,0,0,0,0
21957,ECG,960,1749,0,0,0,0,0
21957,ECG,961,1737,0,0,0,0,0
21957,ECG,962,1726,0,0,0,0,0
21962,ECG,963,1714,0,0,0,0,0
21962,ECG,964,1703,0,0,0,0,0
21967,ECG,965,1692,0,0,0,0,0
21967,ECG,966,1681,0,0,0,0,0
21967,ECG,967,1669,0,0,0,0,0
21972,ECG,968,1658,0,0,0,0,0
21972,ECG,969,1647,0,0,0,0,0
21977,ECG,970,1625,0,0,0,0,0
21977,ECG,971,1615,0,0,0,0,0
21982,ECG,972,1604,0,0,0,0,0
21982,ECG,973,1593,0,0,0,0,0
21987,ECG,974,1572,0,0,0,0,0
21987,ECG,975,1562,0,0,0,0,0
21992,ECG,976,1551,0,0,0,0,0
21992,ECG,977,1541,0,0,0,0,0
21992,ECG,978,1531,0,0,0,0,0
21997,ECG,979,1520,0,0,0,0,0
21997,ECG,980,1510,0,0,0,0,0
22002,ECG,981,1500,0,0,0,0,0
22002,ECG,982,1490,0,0,0,0,0
22002,ECG,983,1480,0,0,0,0,0
22007,ECG,984,1470,0,0,0,0,0
22007,ECG,985,1460,0,0,0,0,0
22012,ECG,986,1451,0,0,0,0,0
22012,ECG,987,1441,0,0,0,0,0
22012,ECG,988,1431,0,0,0,0,0
22017,ECG,989,1422,0,0,0,0,0
22017,ECG,990,1412,0,0,0,0,0
22018,ECG,991,1403,0,0,0,0,0
22022,ECG,992,1393,0,0,0,0,0
22022,ECG,993,1384,0,0,0,0,0
22027,ECG,994,1375,0,0,0,0,0
22027,ECG,995,1365,0,0,0,0,0
22027,ECG,996,1356,0,0,0,0,0
22032,ECG,997,1347,0,0,0,0,0
22032,ECG,998,1338,0,0,0,0,0
22037,ECG,999,1329,0,0,0,0,0
22037,ECG,1000,1320,0,0,0,0,0
22037,ECG,1001,1311,0,0,0,0,0
22042,ECG,1002,1302,0,0,0,0,0
22042,ECG,1003,1294,0,0,0,0,0
22047,ECG,1004,1285,0,0,0,0,0
22047,ECG,1005,1276,0,0,0,0,0
22047,ECG,1006,1268,0,0,0,0,0
22052,ECG,1007,1259,0,0,0,0,0
22052,ECG,1008,1251,0,0,0,0,0
22057,ECG,1009,1234,0,0,0,0,0
22057,ECG,1010,1225,0,0,0,0,0
22062,ECG,1011,1217,0,0,0,0,0
22062,ECG,1012,1209,0,0,0,0,0
22067,ECG,1013,1192,0,0,0,0,0
22067,ECG,1014,1184,0,0,0,0,0
22072,ECG,1015,1176,0,0,0,0,0
22072,ECG,1016,1168,0,0,0,0,0
22072,ECG,1017,1160,0,0,0,0,0
22077,ECG,1018,1152,0,0,0,0,0
22077,ECG,1019,1145,0,0,0,0,0
22082,ECG,1020,1137,0,0,0,0,0
22082,ECG,1021,1129,0,0,0,0,0
22082,ECG,1022,1121,0,0,0,0,0
22087,ECG,1023,1114,0,0,0,0,0
18937,IMU,0,1412,-12,8348,-100,54,36
18956,IMU,1,1392,-224,8376,-79,56,30
18975,IMU,2,1304,-32,8364,-105,51,43
18994,IMU,3,1408,-72,8372,-70,57,35
19014,IMU,4,1400,-40,8404,-102,67,42
19033,IMU,5,1468,-92,8400,-66,70,40
19052,IMU,6,1376,-48,8404,-89,65,28
19071,IMU,7,1352,-56,8436,-99,46,37
19090,IMU,8,1360,-60,8380,-85,72,40
19109,IMU,9,1400,-48,8332,-99,66,31
19129,IMU,10,1368,-56,8344,-114,63,55
19148,IMU,11,1240,-68,8388,-76,52,49
19167,IMU,12,1264,0,8336,-71,63,51
19186,IMU,13,1348,-48,8340,-84,60,28
19205,IMU,14,1400,-28,8388,-104,65,46
19224,IMU,15,1452,-120,8488,-83,67,35
19244,IMU,16,1364,-128,8424,-68,56,28
19263,IMU,17,1488,-48,8396,-100,60,36
19282,IMU,18,1432,-4,8416,-96,70,45
19301,IMU,19,1344,-100,8412,-80,48,43
19320,IMU,20,1244,-88,8384,-78,49,33
19339,IMU,21,1368,-76,8348,-86,66,53
19359,IMU,22,1316,-68,8440,-86,50,36
19378,IMU,23,1308,-4,8392,-101,81,24
19397,IMU,24,1404,-68,8464,-88,68,51
19417,IMU,25,1372,-16,8440,-88,49,42
19435,IMU,26,1284,-180,8356,-90,59,41
19454,IMU,27,1352,-132,8308,-94,60,39
19474,IMU,28,1448,-44,8400,-85,58,29
19493,IMU,29,1488,-48,8480,-90,54,46
19512,IMU,30,1404,-68,8364,-68,47,42
19531,IMU,31,1456,-32,8388,-89,48,43
19550,IMU,32,1428,-120,8484,-86,68,43
19569,IMU,33,1300,-28,8380,-83,55,48
19589,IMU,34,1340,-36,8360,-96,58,34
19608,IMU,35,1320,-40,8364,-94,59,36
19627,IMU,36,1432,-44,8332,-84,55,37
19646,IMU,37,1372,-48,8440,-94,66,65
19665,IMU,38,1292,-92,8440,-79,58,54
19684,IMU,39,1324,-144,8400,-74,66,53
19703,IMU,40,1372,-36,8360,-91,61,37
19723,IMU,41,1348,-80,8384,-64,52,43
19742,IMU,42,1244,-92,8404,-84,51,41
19761,IMU,43,1312,-112,8384,-94,49,50
19780,IMU,44,1408,-128,8436,-83,60,33
19799,IMU,45,1368,-204,8404,-104,60,46
19818,IMU,46,1432,-140,8428,-85,48,37
19838,IMU,47,1448,-172,8288,-79,63,27
19857,IMU,48,1364,-80,8372,-96,57,48
19876,IMU,49,1320,-168,8404,-104,57,46
19895,IMU,50,1364,-168,8396,-85,67,37
19914,IMU,51,1404,-60,8376,-87,66,34
19933,IMU,52,1372,-16,8388,-88,75,42
19953,IMU,53,1372,-80,8364,-68,71,42
19972,IMU,54,1320,-68,8376,-86,56,48
19991,IMU,55,1304,32,8324,-102,48,45
20010,IMU,56,1396,-40,8436,-94,49,63
20029,IMU,57,1328,-28,8376,-65,50,44
20048,IMU,58,1392,-76,8420,-96,74,52
20067,IMU,59,1340,-172,8488,-94,62,40
20086,IMU,60,1364,-80,8508,-87,66,34
20105,IMU,61,1360,-52,8312,-86,68,37
20124,IMU,62,1360,8,8396,-88,65,43
20144,IMU,63,1308,-64,8472,-87,60,41
20165,IMU,64,1408,-56,8392,-87,50,29
20182,IMU,65,1344,-20,8356,-101,48,46
20201,IMU,66,1356,-148,8364,-83,63,30
20220,IMU,67,1404,-124,8420,-106,53,42
20239,IMU,68,1388,-68,8408,-98,61,48
20259,IMU,69,1488,-72,8444,-89,59,34
20278,IMU,70,1372,-92,8420,-84,57,34
20297,IMU,71,1396,-92,8432,-92,66,34
20316,IMU,72,1372,-156,8352,-93,58,33
20335,IMU,73,1284,-48,8452,-84,59,54
20354,IMU,74,1468,-136,8476,-71,48,29
20379,IMU,75,1420,-84,8380,-109,66,46
20393,IMU,76,1344,8,8484,-99,70,49
20412,IMU,77,1296,-76,8472,-94,48,49
20431,IMU,78,1448,-76,8348,-89,64,33
20451,IMU,79,1468,-80,8364,-79,59,33
20469,IMU,80,1396,-60,8416,-75,66,29
20489,IMU,81,1388,-132,8384,-95,59,36
20508,IMU,82,1312,-124,8376,-95,62,31
20527,IMU,83,1400,-80,8364,-66,54,54
20546,IMU,84,1404,-56,8336,-94,57,35
20565,IMU,85,1320,-84,8384,-92,63,50
20588,IMU,86,1308,-216,8408,-76,62,30
20604,IMU,87,1496,-108,8432,-89,48,13
20623,IMU,88,1336,-76,8504,-92,55,61
20642,IMU,89,1332,76,8356,-100,72,57
20661,IMU,90,1424,36,8408,-70,49,40
20680,IMU,91,1404,-80,8396,-87,69,45
20699,IMU,92,1332,-64,8356,-60,61,47
20718,IMU,93,1400,-80,8424,-102,59,57
20738,IMU,94,1316,16,8408,-93,58,39
20757,IMU,95,1284,-72,8264,-94,69,30
20776,IMU,96,1324,-24,8392,-78,60,31
20795,IMU,97,1308,-100,8412,-88,54,42
20816,IMU,98,1392,-108,8404,-84,62,66
20833,IMU,99,1332,-60,8332,-81,59,46
20853,IMU,100,1380,-20,8344,-92,58,21
20872,IMU,101,1304,-188,8368,-106,65,55
20891,IMU,102,1388,-120,8412,-72,39,53
20910,IMU,103,1392,-68,8356,-88,60,41
20929,IMU,104,1456,-172,8320,-102,72,35
20948,IMU,105,1336,-104,8520,-89,55,31
20967,IMU,106,1416,-124,8508,-102,70,39
20987,IMU,107,1432,-24,8312,-89,65,45
21006,IMU,108,1428,-72,8420,-89,55,56
21028,IMU,109,1396,-104,8356,-87,54,29
21045,IMU,110,1236,-128,8424,-93,53,46
21064,IMU,111,1436,-52,8392,-106,55,36
21083,IMU,112,1380,-148,8344,-94,60,42
21102,IMU,113,1340,-96,8316,-81,54,46
21121,IMU,114,1440,-104,8360,-85,72,43
21140,IMU,115,1308,-120,8400,-77,56,37
21160,IMU,116,1368,-44,8336,-102,78,44
21179,IMU,117,1296,0,8412,-78,65,35
21198,IMU,118,1360,24,8360,-73,48,45
21217,IMU,119,1280,-80,8364,-102,58,43
21238,IMU,120,1296,-120,8444,-83,60,44
21259,IMU,121,1404,-144,8384,-83,50,42
21275,IMU,122,1388,-188,8388,-90,67,39
21294,IMU,123,1372,-104,8424,-82,62,29
21313,IMU,124,1472,-44,8392,-95,42,56
21331,IMU,125,1404,-108,8352,-94,61,28
21351,IMU,126,1368,-32,8440,-101,64,44
21370,IMU,127,1332,-4,8368,-86,56,47
21389,IMU,128,1268,-80,8456,-93,67,31
21409,IMU,129,1272,-40,8396,-87,64,37
21428,IMU,130,1372,-108,8408,-94,47,38
21446,IMU,131,1340,-24,8364,-95,67,46
21468,IMU,132,1424,-44,8452,-93,78,46
21486,IMU,133,1392,-84,8416,-90,56,55
21504,IMU,134,1340,-100,8456,-87,51,45
21523,IMU,135,1324,-28,8388,-81,46,53
21543,IMU,136,1428,-96,8364,-80,72,46
21561,IMU,137,1396,-28,8388,-59,57,43
21581,IMU,138,1392,-124,8400,-98,65,31
21600,IMU,139,1396,-104,8432,-80,52,58
21619,IMU,140,1308,20,8388,-82,39,53
21638,IMU,141,1412,-56,8336,-89,70,50
21658,IMU,142,1384,-24,8372,-75,55,37
21680,IMU,143,1336,-100,8364,-91,37,45
21699,IMU,144,1336,36,8384,-83,55,54
21715,IMU,145,1388,-28,8388,-97,61,30
21735,IMU,146,1376,-60,8360,-71,57,50
21753,IMU,147,1284,-80,8356,-102,72,52
21773,IMU,148,1376,-136,8340,-93,78,49
21791,IMU,149,1372,-120,8412,-103,73,37
21811,IMU,150,1332,-88,8328,-94,52,36
21830,IMU,151,1448,-32,8412,-99,58,49
21849,IMU,152,1236,-148,8432,-98,41,36
21868,IMU,153,1356,-84,8404,-86,75,36
21887,IMU,154,1336,-24,8388,-76,65,69
21908,IMU,155,1328,-124,8384,-92,60,42
21926,IMU,156,1448,-152,8332,-100,54,39
21945,IMU,157,1416,-16,8336,-100,67,34
21964,IMU,158,1264,-20,8424,-94,52,43
21983,IMU,159,1468,-168,8368,-95,65,39
22002,IMU,160,1428,-128,8420,-82,53,36
22022,IMU,161,1340,-104,8316,-89,65,53
22043,IMU,162,1500,-84,8360,-87,46,44
22060,IMU,163,1492,-80,8444,-85,75,50
22079,IMU,164,1328,-96,8392,-81,51,34
22099,IMU,165,1340,-216,8416,-81,56,23
22120,IMU,166,1404,-172,8404,-75,59,36
22139,IMU,167,1456,-76,8364,-78,53,43
22156,IMU,168,1396,-148,8416,-94,56,44
22174,IMU,169,1452,-44,8448,-92,55,35
22194,IMU,170,1304,-172,8428,-79,72,43
22213,IMU,171,1424,-124,8420,-100,82,34
22232,IMU,172,1384,-60,8388,-104,72,30
22251,IMU,173,1400,32,8436,-91,53,38
22270,IMU,174,1340,-16,8304,-75,50,62
22289,IMU,175,1456,-132,8456,-90,55,45
22309,IMU,176,1328,-48,8436,-77,56,44
22328,IMU,177,1400,-48,8580,-108,69,26
22349,IMU,178,1372,-8,8348,-109,62,52
22366,IMU,179,1400,-156,8364,-95,70,41
22385,IMU,180,1452,-88,8316,-86,56,48
22404,IMU,181,1456,-60,8380,-91,43,40
22424,IMU,182,1440,-92,8460,-89,73,54
22443,IMU,183,1320,-84,8416,-101,62,52
22462,IMU,184,1296,-76,8480,-83,70,47
22481,IMU,185,1392,-68,8428,-85,41,31
22500,IMU,186,1396,-60,8428,-93,54,63
22521,IMU,187,1460,-44,8332,-82,51,57
22539,IMU,188,1356,-68,8420,-98,53,56
22559,IMU,189,1288,-52,8368,-92,67,42
22577,IMU,190,1368,-100,8384,-87,69,40
22596,IMU,191,1404,-88,8420,-93,71,47
22615,IMU,192,1296,-124,8380,-87,68,51
22634,IMU,193,1316,-120,8320,-83,84,37
22653,IMU,194,1436,-120,8384,-89,63,40
22673,IMU,195,1360,-72,8392,-76,71,52
22692,IMU,196,1360,-36,8520,-102,67,40
22711,IMU,197,1332,-176,8312,-94,61,54
22730,IMU,198,1392,8,8348,-90,57,46
22749,IMU,199,1404,-88,8416,-97,56,38
22772,IMU,200,1316,-112,8448,-94,67,56
22789,IMU,201,1316,-120,8340,-85,74,36
22807,IMU,202,1424,-48,8436,-91,55,43
22826,IMU,203,1420,-48,8400,-94,62,32
22845,IMU,204,1336,-40,8300,-96,44,37
22864,IMU,205,1380,-124,8396,-94,72,44
22883,IMU,206,1368,-136,8424,-70,53,40
22903,IMU,207,1372,-116,8488,-87,48,48
22087,ECG,1024,1106,0,0,0,0,0
22092,ECG,1025,1099,0,0,0,0,0
22092,ECG,1026,1091,0,0,0,0,0
22092,ECG,1027,1084,0,0,0,0,0
22097,ECG,1028,1076,0,0,0,0,0
22097,ECG,1029,1069,0,0,0,0,0
22098,ECG,1030,1062,0,0,0,0,0
22102,ECG,1031,1054,0,0,0,0,0
22102,ECG,1032,1047,0,0,0,0,0
22107,ECG,1033,1040,0,0,0,0,0
22107,ECG,1034,1033,0,0,0,0,0
22112,ECG,1035,1019,0,0,0,0,0
22112,ECG,1036,1012,0,0,0,0,0
22117,ECG,1037,1005,0,0,0,0,0
22117,ECG,1038,998,0,0,0,0,0
22117,ECG,1039,991,0,0,0,0,0
22122,ECG,1040,984,0,0,0,0,0
22122,ECG,1041,977,0,0,0,0,0
22127,ECG,1042,970,0,0,0,0,0
22127,ECG,1043,964,0,0,0,0,0
22127,ECG,1044,957,0,0,0,0,0
22132,ECG,1045,950,0,0,0,0,0
22132,ECG,1046,944,0,0,0,0,0
22137,ECG,1047,931,0,0,0,0,0
22137,ECG,1048,924,0,0,0,0,0
22142,ECG,1049,918,0,0,0,0,0
22142,ECG,1050,911,0,0,0,0,0
22147,ECG,1051,899,0,0,0,0,0
22147,ECG,1052,893,0,0,0,0,0
22152,ECG,1053,886,0,0,0,0,0
22152,ECG,1054,880,0,0,0,0,0
22152,ECG,1055,874,0,0,0,0,0
23159,ECG,1056,0,0,0,0,0,0
23159,ECG,1057,-1,0,0,0,0,0
23159,ECG,1058,-6,0,0,0,0,0
23164,ECG,1059,2,0,0,0,0,0
23164,ECG,1060,6,0,0,0,0,0
23169,ECG,1061,38,0,0,0,0,0
23169,ECG,1062,-16,0,0,0,0,0
23174,ECG,1063,-26,0,0,0,0,0
23174,ECG,1064,151,0,0,0,0,0
23179,ECG,1065,-2109,0,0,0,0,0
23179,ECG,1066,-1850,0,0,0,0,0
23184,ECG,1067,-36,0,0,0,0,0
23184,ECG,1068,3394,0,0,0,0,0
23184,ECG,1069,8729,0,0,0,0,0
23189,ECG,1070,15156,0,0,0,0,0
23189,ECG,1071,21689,0,0,0,0,0
23194,ECG,1072,27397,0,0,0,0,0
23194,ECG,1073,31311,0,0,0,0,0
23194,ECG,1074,32011,0,0,0,0,0
23199,ECG,1075,31810,0,0,0,0,0
23199,ECG,1076,31610,0,0,0,0,0
23204,ECG,1077,31343,0,0,0,0,0
23204,ECG,1078,31109,0,0,0,0,0
23204,ECG,1079,31019,0,0,0,0,0
23209,ECG,1080,30731,0,0,0,0,0
23209,ECG,1081,30591,0,0,0,0,0
23210,ECG,1082,30395,0,0,0,0,0
23214,ECG,1083,30195,0,0,0,0,0
23214,ECG,1084,30019,0,0,0,0,0
23219,ECG,1085,29827,0,0,0,0,0
23219,ECG,1086,29638,0,0,0,0,0
23219,ECG,1087,29451,0,0,0,0,0
23224,ECG,1088,29266,0,0,0,0,0
23224,ECG,1089,29082,0,0,0,0,0
23229,ECG,1090,28900,0,0,0,0,0
23229,ECG,1091,28718,0,0,0,0,0
23229,ECG,1092,28537,0,0,0,0,0
23234,ECG,1093,28358,0,0,0,0,0
23234,ECG,1094,28180,0,0,0,0,0
23239,ECG,1095,28002,0,0,0,0,0
23239,ECG,1096,27826,0,0,0,0,0
23239,ECG,1097,27651,0,0,0,0,0
23244,ECG,1098,27478,0,0,0,0,0
23244,ECG,1099,27305,0,0,0,0,0
23249,ECG,1100,26963,0,0,0,0,0
23249,ECG,1101,26793,0,0,0,0,0
23254,ECG,1102,26625,0,0,0,0,0
23254,ECG,1103,26457,0,0,0,0,0
23259,ECG,1104,26126,0,0,0,0,0
23259,ECG,1105,25961,0,0,0,0,0
23264,ECG,1106,25798,0,0,0,0,0
23264,ECG,1107,25636,0,0,0,0,0
23264,ECG,1108,25475,0,0,0,0,0
23269,ECG,1109,25314,0,0,0,0,0
23269,ECG,1110,25155,0,0,0,0,0
23274,ECG,1111,24997,0,0,0,0,0
23274,ECG,1112,24840,0,0,0,0,0
23274,ECG,1113,24683,0,0,0,0,0
23279,ECG,1114,24528,0,0,0,0,0
23279,ECG,1115,24374,0,0,0,0,0
23284,ECG,1116,24221,0,0,0,0,0
23284,ECG,1117,24068,0,0,0,0,0
23284,ECG,1118,23917,0,0,0,0,0
23289,ECG,1119,23766,0,0,0,0,0
23289,ECG,1120,23617,0,0,0,0,0
23290,ECG,1121,23468,0,0,0,0,0
23294,ECG,1122,23321,0,0,0,0,0
23294,ECG,1123,23174,0,0,0,0,0
23299,ECG,1124,23028,0,0,0,0,0
23299,ECG,1125,22883,0,0,0,0,0
23304,ECG,1126,22596,0,0,0,0,0
23304,ECG,1127,22454,0,0,0,0,0
23309,ECG,1128,22313,0,0,0,0,0
23309,ECG,1129,22172,0,0,0,0,0
23309,ECG,1130,22033,0,0,0,0,0
23314,ECG,1131,21894,0,0,0,0,0
23314,ECG,1132,21756,0,0,0,0,0
23319,ECG,1133,21619,0,0,0,0,0
23319,ECG,1134,21483,0,0,0,0,0
23319,ECG,1135,21348,0,0,0,0,0
23324,ECG,1136,21214,0,0,0,0,0
23324,ECG,1137,21080,0,0,0,0,0
23329,ECG,1138,20816,0,0,0,0,0
23329,ECG,1139,20685,0,0,0,0,0
23334,ECG,1140,20555,0,0,0,0,0
23334,ECG,1141,20425,0,0,0,0,0
23339,ECG,1142,20169,0,0,0,0,0
23339,ECG,1143,20042,0,0,0,0,0
23345,ECG,1144,19916,0,0,0,0,0
23345,ECG,1145,19790,0,0,0,0,0
23345,ECG,1146,19666,0,0,0,0,0
23350,ECG,1147,19542,0,0,0,0,0
23350,ECG,1148,19419,0,0,0,0,0
23350,ECG,1149,19297,0,0,0,0,0
23355,ECG,1150,19175,0,0,0,0,0
23355,ECG,1151,19055,0,0,0,0,0
23360,ECG,1152,18935,0,0,0,0,0
23360,ECG,1153,18815,0,0,0,0,0
23360,ECG,1154,18697,0,0,0,0,0
23365,ECG,1155,18579,0,0,0,0,0
23365,ECG,1156,18462,0,0,0,0,0
23370,ECG,1157,18230,0,0,0,0,0
23370,ECG,1158,18116,0,0,0,0,0
23375,ECG,1159,18002,0,0,0,0,0
23375,ECG,1160,17888,0,0,0,0,0
23380,ECG,1161,17663,0,0,0,0,0
23380,ECG,1162,17552,0,0,0,0,0
23385,ECG,1163,17442,0,0,0,0,0
23385,ECG,1164,17332,0,0,0,0,0
23385,ECG,1165,17222,0,0,0,0,0
23390,ECG,1166,17114,0,0,0,0,0
23390,ECG,1167,17006,0,0,0,0,0
23395,ECG,1168,16899,0,0,0,0,0
23395,ECG,1169,16792,0,0,0,0,0
23395,ECG,1170,16687,0,0,0,0,0
23400,ECG,1171,16581,0,0,0,0,0
23400,ECG,1172,16477,0,0,0,0,0
23405,ECG,1173,16373,0,0,0,0,0
23405,ECG,1174,16270,0,0,0,0,0
23405,ECG,1175,16167,0,0,0,0,0
23410,ECG,1176,16065,0,0,0,0,0
23410,ECG,1177,15964,0,0,0,0,0
23415,ECG,1178,15764,0,0,0,0,0
23415,ECG,1179,15664,0,0,0,0,0
23420,ECG,1180,15566,0,0,0,0,0
23420,ECG,1181,15467,0,0,0,0,0
23425,ECG,1182,15273,0,0,0,0,0
23425,ECG,1183,15177,0,0,0,0,0
23430,ECG,1184,15081,0,0,0,0,0
23430,ECG,1185,14986,0,0,0,0,0
23430,ECG,1186,14891,0,0,0,0,0
23435,ECG,1187,14797,0,0,0,0,0
23435,ECG,1188,14704,0,0,0,0,0
23440,ECG,1189,14611,0,0,0,0,0
23440,ECG,1190,14519,0,0,0,0,0
23440,ECG,1191,14428,0,0,0,0,0
23445,ECG,1192,14337,0,0,0,0,0
23445,ECG,1193,14246,0,0,0,0,0
23450,ECG,1194,14067,0,0,0,0,0
23450,ECG,1195,13978,0,0,0,0,0
23455,ECG,1196,13890,0,0,0,0,0
23455,ECG,1197,13802,0,0,0,0,0
23456,ECG,1198,13715,0,0,0,0,0
23460,ECG,1199,13629,0,0,0,0,0
23460,ECG,1200,13543,0,0,0,0,0
23465,ECG,1201,13457,0,0,0,0,0
23465,ECG,1202,13372,0,0,0,0,0
23465,ECG,1203,13288,0,0,0,0,0
23470,ECG,1204,13204,0,0,0,0,0
23470,ECG,1205,13121,0,0,0,0,0
23475,ECG,1206,13038,0,0,0,0,0
23475,ECG,1207,12956,0,0,0,0,0
23475,ECG,1208,12874,0,0,0,0,0
23480,ECG,1209,12793,0,0,0,0,0
23480,ECG,1210,12712,0,0,0,0,0
23485,ECG,1211,12632,0,0,0,0,0
23485,ECG,1212,12552,0,0,0,0,0
23485,ECG,1213,12473,0,0,0,0,0
23490,ECG,1214,12394,0,0,0,0,0
23490,ECG,1215,12316,0,0,0,0,0
23495,ECG,1216,12161,0,0,0,0,0
23495,ECG,1217,12084,0,0,0,0,0
23500,ECG,1218,12008,0,0,0,0,0
23500,ECG,1219,11932,0,0,0,0,0
23505,ECG,1220,11782,0,0,0,0,0
23505,ECG,1221,11707,0,0,0,0,0
23510,ECG,1222,11633,0,0,0,0,0
23510,ECG,1223,11560,0,0,0,0,0
23510,ECG,1224,11487,0,0,0,0,0
23515,ECG,1225,11414,0,0,0,0,0
23515,ECG,1226,11342,0,0,0,0,0
23520,ECG,1227,11271,0,0,0,0,0
23520,ECG,1228,11199,0,0,0,0,0
23520,ECG,1229,11129,0,0,0,0,0
23525,ECG,1230,11058,0,0,0,0,0
23525,ECG,1231,10988,0,0,0,0,0
23530,ECG,1232,10850,0,0,0,0,0
23530,ECG,1233,10781,0,0,0,0,0
23535,ECG,1234,10713,0,0,0,0,0
23535,ECG,1235,10645,0,0,0,0,0
23536,ECG,1236,10578,0,0,0,0,0
23540,ECG,1237,10511,0,0,0,0,0
23540,ECG,1238,10445,0,0,0,0,0
23545,ECG,1239,10379,0,0,0,0,0
23545,ECG,1240,10313,0,0,0,0,0
23545,ECG,1241,10248,0,0,0,0,0
23550,ECG,1242,10183,0,0,0,0,0
23550,ECG,1243,10118,0,0,0,0,0
23555,ECG,1244,10054,0,0,0,0,0
23555,ECG,1245,9991,0,0,0,0,0
23555,ECG,1246,9928,0,0,0,0,0
23560,ECG,1247,9865,0,0,0,0,0
23560,ECG,1248,9802,0,0,0,0,0
23565,ECG,1249,9740,0,0,0,0,0
23565,ECG,1250,9679,0,0,0,0,0
23565,ECG,1251,9617,0,0,0,0,0
23570,ECG,1252,9557,0,0,0,0,0
23570,ECG,1253,9496,0,0,0,0,0
23575,ECG,1254,9376,0,0,0,0,0
23575,ECG,1255,9317,0,0,0,0,0
23580,ECG,1256,9258,0,0,0,0,0
23580,ECG,1257,9200,0,0,0,0,0
23585,ECG,1258,9083,0,0,0,0,0
23585,ECG,1259,9026,0,0,0,0,0
23590,ECG,1260,8969,0,0,0,0,0
23590,ECG,1261,8912,0,0,0,0,0
23590,ECG,1262,8855,0,0,0,0,0
23595,ECG,1263,8799,0,0,0,0,0
23595,ECG,1264,8744,0,0,0,0,0
23600,ECG,1265,8688,0,0,0,0,0
23600,ECG,1266,8633,0,0,0,0,0
23600,ECG,1267,8578,0,0,0,0,0
23605,ECG,1268,8524,0,0,0,0,0
23605,ECG,1269,8470,0,0,0,0,0
23610,ECG,1270,8416,0,0,0,0,0
23610,ECG,1271,8363,0,0,0,0,0
23610,ECG,1272,8310,0,0,0,0,0
23615,ECG,1273,8257,0,0,0,0,0
23615,ECG,1274,8205,0,0,0,0,0
23616,ECG,1275,8153,0,0,0,0,0
23620,ECG,1276,8101,0,0,0,0,0
23620,ECG,1277,8050,0,0,0,0,0
23625,ECG,1278,7999,0,0,0,0,0
23625,ECG,1279,7948,0,0,0,0,0
23630,ECG,1280,7848,0,0,0,0,0
23630,ECG,1281,7798,0,0,0,0,0
23635,ECG,1282,7749,0,0,0,0,0
23635,ECG,1283,7699,0,0,0,0,0
23635,ECG,1284,7651,0,0,0,0,0
23640,ECG,1285,7602,0,0,0,0,0
23640,ECG,1286,7554,0,0,0,0,0
23645,ECG,1287,7506,0,0,0,0,0
23645,ECG,1288,7458,0,0,0,0,0
23645,ECG,1289,7411,0,0,0,0,0
23650,ECG,1290,7364,0,0,0,0,0
23650,ECG,1291,7317,0,0,0,0,0
23655,ECG,1292,7224,0,0,0,0,0
23655,ECG,1293,7178,0,0,0,0,0
23660,ECG,1294,7133,0,0,0,0,0
23660,ECG,1295,7088,0,0,0,0,0
23665,ECG,1296,6998,0,0,0,0,0
23665,ECG,1297,6953,0,0,0,0,0
23670,ECG,1298,6909,0,0,0,0,0
23670,ECG,1299,6865,0,0,0,0,0
23670,ECG,1300,6821,0,0,0,0,0
23675,ECG,1301,6778,0,0,0,0,0
23675,ECG,1302,6735,0,0,0,0,0
23680,ECG,1303,6692,0,0,0,0,0
23680,ECG,1304,6650,0,0,0,0,0
23680,ECG,1305,6608,0,0,0,0,0
23685,ECG,1306,6566,0,0,0,0,0
23685,ECG,1307,6524,0,0,0,0,0
23690,ECG,1308,6482,0,0,0,0,0
23690,ECG,1309,6441,0,0,0,0,0
23690,ECG,1310,6400,0,0,0,0,0
23695,ECG,1311,6359,0,0,0,0,0
23695,ECG,1312,6319,0,0,0,0,0
23700,ECG,1313,6239,0,0,0,0,0
23700,ECG,1314,6199,0,0,0,0,0
23705,ECG,1315,6159,0,0,0,0,0
23705,ECG,1316,6120,0,0,0,0,0
23710,ECG,1317,6042,0,0,0,0,0
23710,ECG,1318,6004,0,0,0,0,0
23715,ECG,1319,5966,0,0,0,0,0
23715,ECG,1320,5928,0,0,0,0,0
23715,ECG,1321,5890,0,0,0,0,0
23720,ECG,1322,5852,0,0,0,0,0
23720,ECG,1323,5815,0,0,0,0,0
23725,ECG,1324,5778,0,0,0,0,0
23725,ECG,1325,5741,0,0,0,0,0
23725,ECG,1326,5705,0,0,0,0,0
23730,ECG,1327,5669,0,0,0,0,0
23730,ECG,1328,5632,0,0,0,0,0
23735,ECG,1329,5561,0,0,0,0,0
23735,ECG,1330,5525,0,0,0,0,0
23740,ECG,1331,5490,0,0,0,0,0
23740,ECG,1332,5455,0,0,0,0,0
23745,ECG,1333,5386,0,0,0,0,0
23745,ECG,1334,5351,0,0,0,0,0
23750,ECG,1335,5317,0,0,0,0,0
23750,ECG,1336,5283,0,0,0,0,0
23750,ECG,1337,5249,0,0,0,0,0
23755,ECG,1338,5216,0,0,0,0,0
23755,ECG,1339,5183,0,0,0,0,0
23760,ECG,1340,5150,0,0,0,0,0
23760,ECG,1341,5117,0,0,0,0,0
23760,ECG,1342,5084,0,0,0,0,0
23765,ECG,1343,5051,0,0,0,0,0
23765,ECG,1344,5019,0,0,0,0,0
23770,ECG,1345,4987,0,0,0,0,0
23770,ECG,1346,4955,0,0,0,0,0
23770,ECG,1347,4924,0,0,0,0,0
23775,ECG,1348,4892,0,0,0,0,0
23775,ECG,1349,4861,0,0,0,0,0
23780,ECG,1350,4799,0,0,0,0,0
23780,ECG,1351,4768,0,0,0,0,0
23785,ECG,1352,4738,0,0,0,0,0
23785,ECG,1353,4707,0,0,0,0,0
23790,ECG,1354,4647,0,0,0,0,0
23790,ECG,1355,4618,0,0,0,0,0
23795,ECG,1356,4588,0,0,0,0,0
23795,ECG,1357,4559,0,0,0,0,0
23795,ECG,1358,4530,0,0,0,0,0
23800,ECG,1359,4501,0,0,0,0,0
23800,ECG,1360,4472,0,0,0,0,0
23805,ECG,1361,4443,0,0,0,0,0
23805,ECG,1362,4415,0,0,0,0,0
23805,ECG,1363,4386,0,0,0,0,0
23810,ECG,1364,4358,0,0,0,0,0
23810,ECG,1365,4330,0,0,0,0,0
23815,ECG,1366,4275,0,0,0,0,0
23815,ECG,1367,4248,0,0,0,0,0
23820,ECG,1368,4220,0,0,0,0,0
23820,ECG,1369,4193,0,0,0,0,0
23821,ECG,1370,4166,0,0,0,0,0
23825,ECG,1371,4140,0,0,0,0,0
23825,ECG,1372,4113,0,0,0,0,0
23830,ECG,1373,4087,0,0,0,0,0
23830,ECG,1374,4060,0,0,0,0,0
23830,ECG,1375,4034,0,0,0,0,0
23835,ECG,1376,4008,0,0,0,0,0
23835,ECG,1377,3983,0,0,0,0,0
23840,ECG,1378,3957,0,0,0,0,0
23840,ECG,1379,3932,0,0,0,0,0
23840,ECG,1380,3906,0,0,0,0,0
23845,ECG,1381,3881,0,0,0,0,0
23845,ECG,1382,3856,0,0,0,0,0
23850,ECG,1383,3832,0,0,0,0,0
23850,ECG,1384,3807,0,0,0,0,0
23850,ECG,1385,3782,0,0,0,0,0
23855,ECG,1386,3758,0,0,0,0,0
23855,ECG,1387,3734,0,0,0,0,0
23860,ECG,1388,3686,0,0,0,0,0
23860,ECG,1389,3662,0,0,0,0,0
23865,ECG,1390,3639,0,0,0,0,0
23865,ECG,1391,3615,0,0,0,0,0
23870,ECG,1392,3569,0,0,0,0,0
23870,ECG,1393,3546,0,0,0,0,0
23875,ECG,1394,3523,0,0,0,0,0
23875,ECG,1395,3500,0,0,0,0,0
23875,ECG,1396,3478,0,0,0,0,0
23880,ECG,1397,3455,0,0,0,0,0
23880,ECG,1398,3433,0,0,0,0,0
23885,ECG,1399,3411,0,0,0,0,0
23885,ECG,1400,3389,0,0,0,0,0
23885,ECG,1401,3367,0,0,0,0,0
23890,ECG,1402,3345,0,0,0,0,0
23890,ECG,1403,3324,0,0,0,0,0
23895,ECG,1404,3302,0,0,0,0,0
23895,ECG,1405,3281,0,0,0,0,0
23895,ECG,1406,3260,0,0,0,0,0
23900,ECG,1407,3239,0,0,0,0,0
23900,ECG,1408,3218,0,0,0,0,0
23901,ECG,1409,3197,0,0,0,0,0
23905,ECG,1410,3176,0,0,0,0,0
23905,ECG,1411,3156,0,0,0,0,0
23910,ECG,1412,3135,0,0,0,0,0
23910,ECG,1413,3115,0,0,0,0,0
23915,ECG,1414,3075,0,0,0,0,0
23915,ECG,1415,3055,0,0,0,0,0
23920,ECG,1416,3035,0,0,0,0,0
23920,ECG,1417,3015,0,0,0,0,0
23920,ECG,1418,2996,0,0,0,0,0
23925,ECG,1419,2976,0,0,0,0,0
23925,ECG,1420,2957,0,0,0,0,0
23930,ECG,1421,2938,0,0,0,0,0
23930,ECG,1422,2919,0,0,0,0,0
23930,ECG,1423,2900,0,0,0,0,0
23935,ECG,1424,2881,0,0,0,0,0
23935,ECG,1425,2862,0,0,0,0,0
23940,ECG,1426,2825,0,0,0,0,0
23940,ECG,1427,2807,0,0,0,0,0
23945,ECG,1428,2789,0,0,0,0,0
23945,ECG,1429,2771,0,0,0,0,0
23950,ECG,1430,2735,0,0,0,0,0
23950,ECG,1431,2717,0,0,0,0,0
23955,ECG,1432,2700,0,0,0,0,0
23955,ECG,1433,2682,0,0,0,0,0
23955,ECG,1434,2665,0,0,0,0,0
23960,ECG,1435,2647,0,0,0,0,0
23960,ECG,1436,2630,0,0,0,0,0
23965,ECG,1437,2613,0,0,0,0,0
23965,ECG,1438,2596,0,0,0,0,0
23965,ECG,1439,2579,0,0,0,0,0
23970,ECG,1440,2562,0,0,0,0,0
23970,ECG,1441,2546,0,0,0,0,0
23975,ECG,1442,2529,0,0,0,0,0
23975,ECG,1443,2513,0,0,0,0,0
23975,ECG,1444,2496,0,0,0,0,0
23980,ECG,1445,2480,0,0,0,0,0
23980,ECG,1446,2464,0,0,0,0,0
23985,ECG,1447,2432,0,0,0,0,0
23985,ECG,1448,2416,0,0,0,0,0
23990,ECG,1449,2400,0,0,0,0,0
23990,ECG,1450,2385,0,0,0,0,0
23995,ECG,1451,2354,0,0,0,0,0
23995,ECG,1452,2338,0,0,0,0,0
24000,ECG,1453,2323,0,0,0,0,0
24000,ECG,1454,2308,0,0,0,0,0
24000,ECG,1455,2293,0,0,0,0,0
24005,ECG,1456,2278,0,0,0,0,0
24005,ECG,1457,2263,0,0,0,0,0
24010,ECG,1458,2248,0,0,0,0,0
24010,ECG,1459,2233,0,0,0,0,0
24010,ECG,1460,2219,0,0,0,0,0
24015,ECG,1461,2204,0,0,0,0,0
24015,ECG,1462,2190,0,0,0,0,0
24020,ECG,1463,2161,0,0,0,0,0
24020,ECG,1464,2147,0,0,0,0,0
24025,ECG,1465,2133,0,0,0,0,0
24025,ECG,1466,2119,0,0,0,0,0
24030,ECG,1467,2091,0,0,0,0,0
24030,ECG,1468,2078,0,0,0,0,0
24035,ECG,1469,2064,0,0,0,0,0
24035,ECG,1470,2050,0,0,0,0,0
24035,ECG,1471,2037,0,0,0,0,0
24040,ECG,1472,2023,0,0,0,0,0
24040,ECG,1473,2010,0,0,0,0,0
24045,ECG,1474,1997,0,0,0,0,0
24045,ECG,1475,1984,0,0,0,0,0
24045,ECG,1476,1971,0,0,0,0,0
24050,ECG,1477,1958,0,0,0,0,0
24050,ECG,1478,1945,0,0,0,0,0
24055,ECG,1479,1932,0,0,0,0,0
24055,ECG,1480,1919,0,0,0,0,0
24055,ECG,1481,1906,0,0,0,0,0
24060,ECG,1482,1894,0,0,0,0,0
24060,ECG,1483,1881,0,0,0,0,0
24065,ECG,1484,1857,0,0,0,0,0
24065,ECG,1485,1844,0,0,0,0,0
24070,ECG,1486,1832,0,0,0,0,0
24070,ECG,1487,1820,0,0,0,0,0
24075,ECG,1488,1796,0,0,0,0,0
24075,ECG,1489,1784,0,0,0,0,0
24080,ECG,1490,1772,0,0,0,0,0
24080,ECG,1491,1761,0,0,0,0,0
24080,ECG,1492,1749,0,0,0,0,0
24085,ECG,1493,1737,0,0,0,0,0
24085,ECG,1494,1726,0,0,0,0,0
24090,ECG,1495,1714,0,0,0,0,0
24090,ECG,1496,1703,0,0,0,0,0
24090,ECG,1497,1692,0,0,0,0,0
24095,ECG,1498,1681,0,0,0,0,0
24095,ECG,1499,1669,0,0,0,0,0
24100,ECG,1500,1647,0,0,0,0,0
24100,ECG,1501,1636,0,0,0,0,0
24105,ECG,1502,1625,0,0,0,0,0
24105,ECG,1503,1615,0,0,0,0,0
24106,ECG,1504,1604,0,0,0,0,0
24110,ECG,1505,1593,0,0,0,0,0
24110,ECG,1506,1583,0,0,0,0,0
24115,ECG,1507,1572,0,0,0,0,0
24115,ECG,1508,1562,0,0,0,0,0
24115,ECG,1509,1551,0,0,0,0,0
24120,ECG,1510,1541,0,0,0,0,0
24120,ECG,1511,1531,0,0,0,0,0
24125,ECG,1512,1520,0,0,0,0,0
24125,ECG,1513,1510,0,0,0,0,0
24125,ECG,1514,1500,0,0,0,0,0
24130,ECG,1515,1490,0,0,0,0,0
24130,ECG,1516,1480,0,0,0,0,0
24135,ECG,1517,1470,0,0,0,0,0
24135,ECG,1518,1460,0,0,0,0,0
24135,ECG,1519,1451,0,0,0,0,0
24140,ECG,1520,1441,0,0,0,0,0
24140,ECG,1521,1431,0,0,0,0,0
24145,ECG,1522,1412,0,0,0,0,0
24145,ECG,1523,1403,0,0,0,0,0
24150,ECG,1524,1393,0,0,0,0,0
24150,ECG,1525,1384,0,0,0,0,0
24155,ECG,1526,1365,0,0,0,0,0
24155,ECG,1527,1356,0,0,0,0,0
24160,ECG,1528,1347,0,0,0,0,0
24160,ECG,1529,1338,0,0,0,0,0
24160,ECG,1530,1329,0,0,0,0,0
24165,ECG,1531,1320,0,0,0,0,0
24165,ECG,1532,1311,0,0,0,0,0
24170,ECG,1533,1302,0,0,0,0,0
24170,ECG,1534,1294,0,0,0,0,0
24170,ECG,1535,1285,0,0,0,0,0
24175,ECG,1536,1276,0,0,0,0,0
24175,ECG,1537,1268,0,0,0,0,0
24180,ECG,1538,1259,0,0,0,0,0
24180,ECG,1539,1251,0,0,0,0,0
24180,ECG,1540,1242,0,0,0,0,0
24185,ECG,1541,1234,0,0,0,0,0
24185,ECG,1542,1225,0,0,0,0,0
24186,ECG,1543,1217,0,0,0,0,0
24190,ECG,1544,1209,0,0,0,0,0
24190,ECG,1545,1201,0,0,0,0,0
24195,ECG,1546,1192,0,0,0,0,0
24195,ECG,1547,1184,0,0,0,0,0
24195,ECG,1548,1176,0,0,0,0,0
24200,ECG,1549,1168,0,0,0,0,0
24200,ECG,1550,1160,0,0,0,0,0
24205,ECG,1551,1152,0,0,0,0,0
24205,ECG,1552,1145,0,0,0,0,0
24205,ECG,1553,1137,0,0,0,0,0
24210,ECG,1554,1129,0,0,0,0,0
24210,ECG,1555,1121,0,0,0,0,0
24215,ECG,1556,1114,0,0,0,0,0
24215,ECG,1557,1106,0,0,0,0,0
24215,ECG,1558,1099,0,0,0,0,0
24220,ECG,1559,1091,0,0,0,0,0
24220,ECG,1560,1084,0,0,0,0,0
25227,ECG,1561,0,0,0,0,0,0
25227,ECG,1562,-1,0,0,0,0,0
25227,ECG,1563,-6,0,0,0,0,0
25232,ECG,1564,2,0,0,0,0,0
25232,ECG,1565,6,0,0,0,0,0
25237,ECG,1566,38,0,0,0,0,0
25237,ECG,1567,-16,0,0,0,0,0
25242,ECG,1568,-26,0,0,0,0,0
25242,ECG,1569,151,0,0,0,0,0
25247,ECG,1570,-2109,0,0,0,0,0
25247,ECG,1571,-1850,0,0,0,0,0
25252,ECG,1572,-36,0,0,0,0,0
25252,ECG,1573,3394,0,0,0,0,0
25252,ECG,1574,8729,0,0,0,0,0
25257,ECG,1575,15156,0,0,0,0,0
25257,ECG,1576,21689,0,0,0,0,0
25262,ECG,1577,27397,0,0,0,0,0
25262,ECG,1578,31311,0,0,0,0,0
25262,ECG,1579,32011,0,0,0,0,0
25267,ECG,1580,31810,0,0,0,0,0
25267,ECG,1581,31610,0,0,0,0,0
25272,ECG,1582,31343,0,0,0,0,0
25272,ECG,1583,31109,0,0,0,0,0
25272,ECG,1584,31019,0,0,0,0,0
25277,ECG,1585,30731,0,0,0,0,0
25277,ECG,1586,30591,0,0,0,0,0
25278,ECG,1587,30395,0,0,0,0,0
25282,ECG,1588,30195,0,0,0,0,0
25282,ECG,1589,30019,0,0,0,0,0
25287,ECG,1590,29827,0,0,0,0,0
25287,ECG,1591,29638,0,0,0,0,0
25287,ECG,1592,29451,0,0,0,0,0
25292,ECG,1593,29266,0,0,0,0,0
25292,ECG,1594,29082,0,0,0,0,0
25297,ECG,1595,28900,0,0,0,0,0
25297,ECG,1596,28718,0,0,0,0,0
25297,ECG,1597,28537,0,0,0,0,0
25302,ECG,1598,28358,0,0,0,0,0
25302,ECG,1599,28180,0,0,0,0,0
25307,ECG,1600,28002,0,0,0,0,0
25307,ECG,1601,27826,0,0,0,0,0
25307,ECG,1602,27651,0,0,0,0,0
25312,ECG,1603,27478,0,0,0,0,0
25312,ECG,1604,27305,0,0,0,0,0
25317,ECG,1605,26963,0,0,0,0,0
25317,ECG,1606,26793,0,0,0,0,0
25322,ECG,1607,26625,0,0,0,0,0
25322,ECG,1608,26457,0,0,0,0,0
25327,ECG,1609,26126,0,0,0,0,0
25327,ECG,1610,25961,0,0,0,0,0
25332,ECG,1611,25798,0,0,0,0,0
25332,ECG,1612,25636,0,0,0,0,0
25332,ECG,1613,25475,0,0,0,0,0
25337,ECG,1614,25314,0,0,0,0,0
25337,ECG,1615,25155,0,0,0,0,0
25342,ECG,1616,24997,0,0,0,0,0
25342,ECG,1617,24840,0,0,0,0,0
25342,ECG,1618,24683,0,0,0,0,0
25347,ECG,1619,24528,0,0,0,0,0
25347,ECG,1620,24374,0,0,0,0,0
25352,ECG,1621,24221,0,0,0,0,0
25352,ECG,1622,24068,0,0,0,0,0
25352,ECG,1623,23917,0,0,0,0,0
25357,ECG,1624,23766,0,0,0,0,0
25357,ECG,1625,23617,0,0,0,0,0
25358,ECG,1626,23468,0,0,0,0,0
25362,ECG,1627,23321,0,0,0,0,0
25362,ECG,1628,23174,0,0,0,0,0
25367,ECG,1629,23028,0,0,0,0,0
25367,ECG,1630,22883,0,0,0,0,0
25372,ECG,1631,22596,0,0,0,0,0
25372,ECG,1632,22454,0,0,0,0,0
25377,ECG,1633,22313,0,0,0,0,0
25377,ECG,1634,22172,0,0,0,0,0
25377,ECG,1635,22033,0,0,0,0,0
25382,ECG,1636,21894,0,0,0,0,0
25382,ECG,1637,21756,0,0,0,0,0
25387,ECG,1638,21619,0,0,0,0,0
25387,ECG,1639,21483,0,0,0,0,0
25387,ECG,1640,21348,0,0,0,0,0
25392,ECG,1641,21214,0,0,0,0,0
25392,ECG,1642,21080,0,0,0,0,0
25397,ECG,1643,20816,0,0,0,0,0
25397,ECG,1644,20685,0,0,0,0,0
25402,ECG,1645,20555,0,0,0,0,0
25402,ECG,1646,20425,0,0,0,0,0
25407,ECG,1647,20169,0,0,0,0,0
25407,ECG,1648,20042,0,0,0,0,0
25412,ECG,1649,19916,0,0,0,0,0
25412,ECG,1650,19790,0,0,0,0,0
25412,ECG,1651,19666,0,0,0,0,0
25417,ECG,1652,19542,0,0,0,0,0
25417,ECG,1653,19419,0,0,0,0,0
25422,ECG,1654,19297,0,0,0,0,0
25422,ECG,1655,19175,0,0,0,0,0
25422,ECG,1656,19055,0,0,0,0,0
25427,ECG,1657,18935,0,0,0,0,0
25427,ECG,1658,18815,0,0,0,0,0
25432,ECG,1659,18697,0,0,0,0,0
25432,ECG,1660,18579,0,0,0,0,0
25432,ECG,1661,18462,0,0,0,0,0
25437,ECG,1662,18346,0,0,0,0,0
25437,ECG,1663,18230,0,0,0,0,0
25442,ECG,1664,18002,0,0,0,0,0
25442,ECG,1665,17888,0,0,0,0,0
25447,ECG,1666,17775,0,0,0,0,0
25447,ECG,1667,17663,0,0,0,0,0
25452,ECG,1668,17442,0,0,0,0,0
25452,ECG,1669,17332,0,0,0,0,0
25457,ECG,1670,17222,0,0,0,0,0
25457,ECG,1671,17114,0,0,0,0,0
25457,ECG,1672,17006,0,0,0,0,0
25462,ECG,1673,16899,0,0,0,0,0
25462,ECG,1674,16792,0,0,0,0,0
25467,ECG,1675,16687,0,0,0,0,0
25467,ECG,1676,16581,0,0,0,0,0
25467,ECG,1677,16477,0,0,0,0,0
25472,ECG,1678,16373,0,0,0,0,0
25472,ECG,1679,16270,0,0,0,0,0
25477,ECG,1680,16065,0,0,0,0,0
25477,ECG,1681,15964,0,0,0,0,0
25482,ECG,1682,15864,0,0,0,0,0
25482,ECG,1683,15764,0,0,0,0,0
25483,ECG,1684,15664,0,0,0,0,0
25487,ECG,1685,15566,0,0,0,0,0
25487,ECG,1686,15467,0,0,0,0,0
25492,ECG,1687,15370,0,0,0,0,0
25492,ECG,1688,15273,0,0,0,0,0
25492,ECG,1689,15177,0,0,0,0,0
25497,ECG,1690,15081,0,0,0,0,0
25497,ECG,1691,14986,0,0,0,0,0
25502,ECG,1692,14891,0,0,0,0,0
25502,ECG,1693,14797,0,0,0,0,0
25502,ECG,1694,14704,0,0,0,0,0
25507,ECG,1695,14611,0,0,0,0,0
25507,ECG,1696,14519,0,0,0,0,0
25512,ECG,1697,14428,0,0,0,0,0
25512,ECG,1698,14337,0,0,0,0,0
25512,ECG,1699,14246,0,0,0,0,0
25517,ECG,1700,14156,0,0,0,0,0
25517,ECG,1701,14067,0,0,0,0,0
25522,ECG,1702,13890,0,0,0,0,0
25522,ECG,1703,13802,0,0,0,0,0
25527,ECG,1704,13715,0,0,0,0,0
25527,ECG,1705,13629,0,0,0,0,0
25532,ECG,1706,13457,0,0,0,0,0
25532,ECG,1707,13372,0,0,0,0,0
25537,ECG,1708,13288,0,0,0,0,0
25537,ECG,1709,13204,0,0,0,0,0
25537,ECG,1710,13121,0,0,0,0,0
25542,ECG,1711,13038,0,0,0,0,0
25542,ECG,1712,12956,0,0,0,0,0
25547,ECG,1713,12874,0,0,0,0,0
25547,ECG,1714,12793,0,0,0,0,0
25547,ECG,1715,12712,0,0,0,0,0
25552,ECG,1716,12632,0,0,0,0,0
25552,ECG,1717,12552,0,0,0,0,0
25557,ECG,1718,12394,0,0,0,0,0
25557,ECG,1719,12316,0,0,0,0,0
25562,ECG,1720,12238,0,0,0,0,0
25562,ECG,1721,12161,0,0,0,0,0
25563,ECG,1722,12084,0,0,0,0,0
25567,ECG,1723,12008,0,0,0,0,0
25567,ECG,1724,11932,0,0,0,0,0
25572,ECG,1725,11857,0,0,0,0,0
25572,ECG,1726,11782,0,0,0,0,0
25572,ECG,1727,11707,0,0,0,0,0
25577,ECG,1728,11633,0,0,0,0,0
25577,ECG,1729,11560,0,0,0,0,0
25582,ECG,1730,11487,0,0,0,0,0
25582,ECG,1731,11414,0,0,0,0,0
25582,ECG,1732,11342,0,0,0,0,0
25587,ECG,1733,11271,0,0,0,0,0
25587,ECG,1734,11199,0,0,0,0,0
25592,ECG,1735,11129,0,0,0,0,0
25592,ECG,1736,11058,0,0,0,0,0
25592,ECG,1737,10988,0,0,0,0,0
25597,ECG,1738,10919,0,0,0,0,0
25597,ECG,1739,10850,0,0,0,0,0
25602,ECG,1740,10713,0,0,0,0,0
25602,ECG,1741,10645,0,0,0,0,0
25607,ECG,1742,10578,0,0,0,0,0
25607,ECG,1743,10511,0,0,0,0,0
25612,ECG,1744,10379,0,0,0,0,0
25612,ECG,1745,10313,0,0,0,0,0
25617,ECG,1746,10248,0,0,0,0,0
25617,ECG,1747,10183,0,0,0,0,0
25617,ECG,1748,10118,0,0,0,0,0
25622,ECG,1749,10054,0,0,0,0,0
25622,ECG,1750,9991,0,0,0,0,0
25627,ECG,1751,9928,0,0,0,0,0
25627,ECG,1752,9865,0,0,0,0,0
25627,ECG,1753,9802,0,0,0,0,0
25632,ECG,1754,9740,0,0,0,0,0
25632,ECG,1755,9679,0,0,0,0,0
25637,ECG,1756,9617,0,0,0,0,0
25637,ECG,1757,9557,0,0,0,0,0
25637,ECG,1758,9496,0,0,0,0,0
25642,ECG,1759,9436,0,0,0,0,0
25642,ECG,1760,9376,0,0,0,0,0
25643,ECG,1761,9317,0,0,0,0,0
25647,ECG,1762,9258,0,0,0,0,0
25647,ECG,1763,9200,0,0,0,0,0
25652,ECG,1764,9141,0,0,0,0,0
25652,ECG,1765,9083,0,0,0,0,0
25657,ECG,1766,8969,0,0,0,0,0
25657,ECG,1767,8912,0,0,0,0,0
25662,ECG,1768,8855,0,0,0,0,0
25662,ECG,1769,8799,0,0,0,0,0
25662,ECG,1770,8744,0,0,0,0,0
25667,ECG,1771,8688,0,0,0,0,0
25667,ECG,1772,8633,0,0,0,0,0
25672,ECG,1773,8578,0,0,0,0,0
25672,ECG,1774,8524,0,0,0,0,0
25672,ECG,1775,8470,0,0,0,0,0
25677,ECG,1776,8416,0,0,0,0,0
25677,ECG,1777,8363,0,0,0,0,0
25682,ECG,1778,8257,0,0,0,0,0
25682,ECG,1779,8205,0,0,0,0,0
25687,ECG,1780,8153,0,0,0,0,0
25687,ECG,1781,8101,0,0,0,0,0
25692,ECG,1782,7999,0,0,0,0,0
25692,ECG,1783,7948,0,0,0,0,0
25697,ECG,1784,7898,0,0,0,0,0
25697,ECG,1785,7848,0,0,0,0,0
25697,ECG,1786,7798,0,0,0,0,0
25702,ECG,1787,7749,0,0,0,0,0
25702,ECG,1788,7699,0,0,0,0,0
25707,ECG,1789,7651,0,0,0,0,0
25707,ECG,1790,7602,0,0,0,0,0
25707,ECG,1791,7554,0,0,0,0,0
25712,ECG,1792,7506,0,0,0,0,0
25712,ECG,1793,7458,0,0,0,0,0
25717,ECG,1794,7411,0,0,0,0,0
25717,ECG,1795,7364,0,0,0,0,0
25717,ECG,1796,7317,0,0,0,0,0
25722,ECG,1797,7271,0,0,0,0,0
25722,ECG,1798,7224,0,0,0,0,0
25727,ECG,1799,7133,0,0,0,0,0
25727,ECG,1800,7088,0,0,0,0,0
25732,ECG,1801,7043,0,0,0,0,0
25732,ECG,1802,6998,0,0,0,0,0
25737,ECG,1803,6909,0,0,0,0,0
25737,ECG,1804,6865,0,0,0,0,0
25742,ECG,1805,6821,0,0,0,0,0
25742,ECG,1806,6778,0,0,0,0,0
25742,ECG,1807,6735,0,0,0,0,0
25747,ECG,1808,6692,0,0,0,0,0
25747,ECG,1809,6650,0,0,0,0,0
25752,ECG,1810,6608,0,0,0,0,0
25752,ECG,1811,6566,0,0,0,0,0
25752,ECG,1812,6524,0,0,0,0,0
25757,ECG,1813,6482,0,0,0,0,0
25757,ECG,1814,6441,0,0,0,0,0
25762,ECG,1815,6359,0,0,0,0,0
25762,ECG,1816,6319,0,0,0,0,0
25767,ECG,1817,6279,0,0,0,0,0
25767,ECG,1818,6239,0,0,0,0,0
25772,ECG,1819,6159,0,0,0,0,0
25772,ECG,1820,6120,0,0,0,0,0
25777,ECG,1821,6081,0,0,0,0,0
25777,ECG,1822,6042,0,0,0,0,0
25777,ECG,1823,6004,0,0,0,0,0
25782,ECG,1824,5966,0,0,0,0,0
25782,ECG,1825,5928,0,0,0,0,0
25787,ECG,1826,5890,0,0,0,0,0
25787,ECG,1827,5852,0,0,0,0,0
25787,ECG,1828,5815,0,0,0,0,0
25792,ECG,1829,5778,0,0,0,0,0
25792,ECG,1830,5741,0,0,0,0,0
25797,ECG,1831,5705,0,0,0,0,0
25797,ECG,1832,5669,0,0,0,0,0
25797,ECG,1833,5632,0,0,0,0,0
25802,ECG,1834,5596,0,0,0,0,0
25802,ECG,1835,5561,0,0,0,0,0
25807,ECG,1836,5490,0,0,0,0,0
25807,ECG,1837,5455,0,0,0,0,0
25812,ECG,1838,5420,0,0,0,0,0
25812,ECG,1839,5386,0,0,0,0,0
25817,ECG,1840,5317,0,0,0,0,0
25817,ECG,1841,5283,0,0,0,0,0
25822,ECG,1842,5249,0,0,0,0,0
25822,ECG,1843,5216,0,0,0,0,0
25822,ECG,1844,5183,0,0,0,0,0
25827,ECG,1845,5150,0,0,0,0,0
25827,ECG,1846,5117,0,0,0,0,0
25832,ECG,1847,5084,0,0,0,0,0
25832,ECG,1848,5051,0,0,0,0,0
25832,ECG,1849,5019,0,0,0,0,0
25837,ECG,1850,4987,0,0,0,0,0
25837,ECG,1851,4955,0,0,0,0,0
25842,ECG,1852,4892,0,0,0,0,0
25842,ECG,1853,4861,0,0,0,0,0
25847,ECG,1854,4830,0,0,0,0,0
25847,ECG,1855,4799,0,0,0,0,0
25848,ECG,1856,4768,0,0,0,0,0
25852,ECG,1857,4738,0,0,0,0,0
25852,ECG,1858,4707,0,0,0,0,0
25857,ECG,1859,4677,0,0,0,0,0
25857,ECG,1860,4647,0,0,0,0,0
25857,ECG,1861,4618,0,0,0,0,0
25862,ECG,1862,4588,0,0,0,0,0
25862,ECG,1863,4559,0,0,0,0,0
25867,ECG,1864,4530,0,0,0,0,0
25867,ECG,1865,4501,0,0,0,0,0
25867,ECG,1866,4472,0,0,0,0,0
25872,ECG,1867,4443,0,0,0,0,0
25872,ECG,1868,4415,0,0,0,0,0
25877,ECG,1869,4386,0,0,0,0,0
25877,ECG,1870,4358,0,0,0,0,0
25877,ECG,1871,4330,0,0,0,0,0
25882,ECG,1872,4303,0,0,0,0,0
25882,ECG,1873,4275,0,0,0,0,0
25887,ECG,1874,4220,0,0,0,0,0
25887,ECG,1875,4193,0,0,0,0,0
25892,ECG,1876,4166,0,0,0,0,0
25892,ECG,1877,4140,0,0,0,0,0
25897,ECG,1878,4087,0,0,0,0,0
25897,ECG,1879,4060,0,0,0,0,0
25902,ECG,1880,4034,0,0,0,0,0
25902,ECG,1881,4008,0,0,0,0,0
25902,ECG,1882,3983,0,0,0,0,0
25907,ECG,1883,3957,0,0,0,0,0
25907,ECG,1884,3932,0,0,0,0,0
25912,ECG,1885,3906,0,0,0,0,0
25912,ECG,1886,3881,0,0,0,0,0
25912,ECG,1887,3856,0,0,0,0,0
25917,ECG,1888,3832,0,0,0,0,0
25917,ECG,1889,3807,0,0,0,0,0
25922,ECG,1890,3782,0,0,0,0,0
25922,ECG,1891,3758,0,0,0,0,0
25922,ECG,1892,3734,0,0,0,0,0
25927,ECG,1893,3710,0,0,0,0,0
25927,ECG,1894,3686,0,0,0,0,0
25928,ECG,1895,3662,0,0,0,0,0
25932,ECG,1896,3639,0,0,0,0,0
25932,ECG,1897,3615,0,0,0,0,0
25937,ECG,1898,3592,0,0,0,0,0
25937,ECG,1899,3569,0,0,0,0,0
25942,ECG,1900,3523,0,0,0,0,0
25942,ECG,1901,3500,0,0,0,0,0
25947,ECG,1902,3478,0,0,0,0,0
25947,ECG,1903,3455,0,0,0,0,0
25947,ECG,1904,3433,0,0,0,0,0
25952,ECG,1905,3411,0,0,0,0,0
25952,ECG,1906,3389,0,0,0,0,0
25957,ECG,1907,3367,0,0,0,0,0
25957,ECG,1908,3345,0,0,0,0,0
25957,ECG,1909,3324,0,0,0,0,0
25962,ECG,1910,3302,0,0,0,0,0
25962,ECG,1911,3281,0,0,0,0,0
25967,ECG,1912,3239,0,0,0,0,0
25967,ECG,1913,3218,0,0,0,0,0
25972,ECG,1914,3197,0,0,0,0,0
25972,ECG,1915,3176,0,0,0,0,0
25977,ECG,1916,3135,0,0,0,0,0
25977,ECG,1917,3115,0,0,0,0,0
25982,ECG,1918,3095,0,0,0,0,0
25982,ECG,1919,3075,0,0,0,0,0
25982,ECG,1920,3055,0,0,0,0,0
25987,ECG,1921,3035,0,0,0,0,0
25987,ECG,1922,3015,0,0,0,0,0
25992,ECG,1923,2996,0,0,0,0,0
25992,ECG,1924,2976,0,0,0,0,0
25992,ECG,1925,2957,0,0,0,0,0
25997,ECG,1926,2938,0,0,0,0,0
25997,ECG,1927,2919,0,0,0,0,0
26002,ECG,1928,2900,0,0,0,0,0
26002,ECG,1929,2881,0,0,0,0,0
26002,ECG,1930,2862,0,0,0,0,0
26007,ECG,1931,2844,0,0,0,0,0
26007,ECG,1932,2825,0,0,0,0,0
26012,ECG,1933,2789,0,0,0,0,0
26012,ECG,1934,2771,0,0,0,0,0
26017,ECG,1935,2753,0,0,0,0,0
26017,ECG,1936,2735,0,0,0,0,0
26022,ECG,1937,2700,0,0,0,0,0
26022,ECG,1938,2682,0,0,0,0,0
26027,ECG,1939,2665,0,0,0,0,0
26027,ECG,1940,2647,0,0,0,0,0
26027,ECG,1941,2630,0,0,0,0,0
26032,ECG,1942,2613,0,0,0,0,0
26032,ECG,1943,2596,0,0,0,0,0
26037,ECG,1944,2579,0,0,0,0,0
26037,ECG,1945,2562,0,0,0,0,0
26037,ECG,1946,2546,0,0,0,0,0
26042,ECG,1947,2529,0,0,0,0,0
26042,ECG,1948,2513,0,0,0,0,0
26047,ECG,1949,2480,0,0,0,0,0
26047,ECG,1950,2464,0,0,0,0,0
26052,ECG,1951,2448,0,0,0,0,0
26052,ECG,1952,2432,0,0,0,0,0
26057,ECG,1953,2400,0,0,0,0,0
26057,ECG,1954,2385,0,0,0,0,0
26062,ECG,1955,2369,0,0,0,0,0
26062,ECG,1956,2354,0,0,0,0,0
26062,ECG,1957,2338,0,0,0,0,0
26067,ECG,1958,2323,0,0,0,0,0
26067,ECG,1959,2308,0,0,0,0,0
26072,ECG,1960,2293,0,0,0,0,0
26072,ECG,1961,2278,0,0,0,0,0
26072,ECG,1962,2263,0,0,0,0,0
26077,ECG,1963,2248,0,0,0,0,0
26077,ECG,1964,2233,0,0,0,0,0
26082,ECG,1965,2219,0,0,0,0,0
26082,ECG,1966,2204,0,0,0,0,0
26082,ECG,1967,2190,0,0,0,0,0
26087,ECG,1968,2176,0,0,0,0,0
26087,ECG,1969,2161,0,0,0,0,0
26092,ECG,1970,2133,0,0,0,0,0
26092,ECG,1971,2119,0,0,0,0,0
26097,ECG,1972,2105,0,0,0,0,0
26097,ECG,1973,2091,0,0,0,0,0
26102,ECG,1974,2064,0,0,0,0,0
26102,ECG,1975,2050,0,0,0,0,0
26107,ECG,1976,2037,0,0,0,0,0
26107,ECG,1977,2023,0,0,0,0,0
26107,ECG,1978,2010,0,0,0,0,0
26112,ECG,1979,1997,0,0,0,0,0
26112,ECG,1980,1984,0,0,0,0,0
26117,ECG,1981,1971,0,0,0,0,0
26117,ECG,1982,1958,0,0,0,0,0
26117,ECG,1983,1945,0,0,0,0,0
26122,ECG,1984,1932,0,0,0,0,0
26122,ECG,1985,1919,0,0,0,0,0
26127,ECG,1986,1894,0,0,0,0,0
26127,ECG,1987,1881,0,0,0,0,0
26132,ECG,1988,1869,0,0,0,0,0
26132,ECG,1989,1857,0,0,0,0,0
26133,ECG,1990,1844,0,0,0,0,0
26137,ECG,1991,1832,0,0,0,0,0
26137,ECG,1992,1820,0,0,0,0,0
26142,ECG,1993,1808,0,0,0,0,0
26142,ECG,1994,1796,0,0,0,0,0
26142,ECG,1995,1784,0,0,0,0,0
26147,ECG,1996,1772,0,0,0,0,0
26147,ECG,1997,1761,0,0,0,0,0
26152,ECG,1998,1749,0,0,0,0,0
26152,ECG,1999,1737,0,0,0,0,0
26152,ECG,2000,1726,0,0,0,0,0
26157,ECG,2001,1714,0,0,0,0,0
26157,ECG,2002,1703,0,0,0,0,0
26162,ECG,2003,1692,0,0,0,0,0
26162,ECG,2004,1681,0,0,0,0,0
26162,ECG,2005,1669,0,0,0,0,0
26167,ECG,2006,1658,0,0,0,0,0
26167,ECG,2007,1647,0,0,0,0,0
26172,ECG,2008,1625,0,0,0,0,0
26172,ECG,2009,1615,0,0,0,0,0
26177,ECG,2010,1604,0,0,0,0,0
26177,ECG,2011,1593,0,0,0,0,0
26182,ECG,2012,1572,0,0,0,0,0
26182,ECG,2013,1562,0,0,0,0,0
26187,ECG,2014,1551,0,0,0,0,0
26187,ECG,2015,1541,0,0,0,0,0
26187,ECG,2016,1531,0,0,0,0,0
26192,ECG,2017,1520,0,0,0,0,0
26192,ECG,2018,1510,0,0,0,0,0
26197,ECG,2019,1500,0,0,0,0,0
26197,ECG,2020,1490,0,0,0,0,0
26197,ECG,2021,1480,0,0,0,0,0
26202,ECG,2022,1470,0,0,0,0,0
26202,ECG,2023,1460,0,0,0,0,0
26207,ECG,2024,1451,0,0,0,0,0
26207,ECG,2025,1441,0,0,0,0,0
26207,ECG,2026,1431,0,0,0,0,0
26212,ECG,2027,1422,0,0,0,0,0
26212,ECG,2028,1412,0,0,0,0,0
26213,ECG,2029,1403,0,0,0,0,0
26217,ECG,2030,1393,0,0,0,0,0
26217,ECG,2031,1384,0,0,0,0,0
26222,ECG,2032,1375,0,0,0,0,0
26222,ECG,2033,1365,0,0,0,0,0
26222,ECG,2034,1356,0,0,0,0,0
26227,ECG,2035,1347,0,0,0,0,0
26227,ECG,2036,1338,0,0,0,0,0
26232,ECG,2037,1329,0,0,0,0,0
26232,ECG,2038,1320,0,0,0,0,0
26232,ECG,2039,1311,0,0,0,0,0
26237,ECG,2040,1302,0,0,0,0,0
26237,ECG,2041,1294,0,0,0,0,0
26242,ECG,2042,1285,0,0,0,0,0
26242,ECG,2043,1276,0,0,0,0,0
26242,ECG,2044,1268,0,0,0,0,0
26247,ECG,2045,1259,0,0,0,0,0
26247,ECG,2046,1251,0,0,0,0,0
26252,ECG,2047,1234,0,0,0,0,0
18939,PPG,0,140505,68951,0,0,0,0
19016,PPG,1,140498,68950,0,0,0,0
19096,PPG,2,140492,68944,0,0,0,0
19175,PPG,3,140491,68951,0,0,0,0
19254,PPG,4,140501,68962,0,0,0,0
19334,PPG,5,140510,68955,0,0,0,0
19418,PPG,6,140504,68950,0,0,0,0
19495,PPG,7,140515,68950,0,0,0,0
19573,PPG,8,140512,68938,0,0,0,0
19653,PPG,9,140502,68954,0,0,0,0
19732,PPG,10,140504,68958,0,0,0,0
19812,PPG,11,140502,68954,0,0,0,0
19895,PPG,12,140509,68952,0,0,0,0
19974,PPG,13,140509,68964,0,0,0,0
20050,PPG,14,140512,68959,0,0,0,0
20129,PPG,15,140507,68951,0,0,0,0
20209,PPG,16,140496,68955,0,0,0,0
20288,PPG,17,140507,68958,0,0,0,0
20379,PPG,18,140517,68951,0,0,0,0
20451,PPG,19,140497,68952,0,0,0,0
20529,PPG,20,140511,68953,0,0,0,0
20607,PPG,21,140500,68957,0,0,0,0
20686,PPG,22,140511,68952,0,0,0,0
20766,PPG,23,140506,68952,0,0,0,0
20845,PPG,24,140507,68953,0,0,0,0
20925,PPG,25,140522,68961,0,0,0,0
21008,PPG,26,140495,68943,0,0,0,0
21085,PPG,27,140501,68955,0,0,0,0
21164,PPG,28,140512,68958,0,0,0,0
21251,PPG,29,140509,68956,0,0,0,0
21323,PPG,30,140509,68954,0,0,0,0
21402,PPG,31,140506,68949,0,0,0,0
21486,PPG,32,140501,68976,0,0,0,0
21564,PPG,33,140513,68960,0,0,0,0
21641,PPG,34,140493,68945,0,0,0,0
21720,PPG,35,140505,68942,0,0,0,0
21800,PPG,36,140506,68968,0,0,0,0
21880,PPG,37,140502,68962,0,0,0,0
21959,PPG,38,140505,68957,0,0,0,0
22043,PPG,39,140513,68946,0,0,0,0
22139,PPG,40,140513,68957,0,0,0,0
22200,PPG,41,140501,68945,0,0,0,0
22279,PPG,42,140508,68955,0,0,0,0
22359,PPG,43,140510,68956,0,0,0,0
22438,PPG,44,140506,68957,0,0,0,0
22521,PPG,45,140488,68959,0,0,0,0
22598,PPG,46,140501,68950,0,0,0,0
22675,PPG,47,140517,68951,0,0,0,0
22754,PPG,48,140508,68965,0,0,0,0
22834,PPG,49,140486,68956,0,0,0,0
22916,PPG,50,140499,68946,0,0,0,0
23004,PPG,51,140494,68949,0,0,0,0
23076,PPG,52,140495,68947,0,0,0,0
23154,PPG,53,140498,68943,0,0,0,0
23232,PPG,54,140499,68951,0,0,0,0
23312,PPG,55,140508,68946,0,0,0,0
23391,PPG,56,140506,68949,0,0,0,0
23471,PPG,57,140489,68950,0,0,0,0
23550,PPG,58,140498,68951,0,0,0,0
23633,PPG,59,140489,68948,0,0,0,0
23710,PPG,60,140499,68952,0,0,0,0
23788,PPG,61,140492,68953,0,0,0,0
23875,PPG,62,140497,68953,0,0,0,0
23948,PPG,63,140495,68954,0,0,0,0
24028,PPG,64,140497,68946,0,0,0,0
24111,PPG,65,140499,68950,0,0,0,0
24189,PPG,66,140502,68943,0,0,0,0
24266,PPG,67,140501,68960,0,0,0,0
24345,PPG,68,140494,68958,0,0,0,0
24425,PPG,69,140498,68948,0,0,0,0
24504,PPG,70,140501,68952,0,0,0,0
24584,PPG,71,140502,68958,0,0,0,0
24667,PPG,72,140492,68954,0,0,0,0
24750,PPG,73,140499,68943,0,0,0,0
24823,PPG,74,140494,68956,0,0,0,0
24902,PPG,75,140498,68947,0,0,0,0
24982,PPG,76,140511,68956,0,0,0,0
25061,PPG,77,140498,68956,0,0,0,0
25144,PPG,78,140484,68945,0,0,0,0
25223,PPG,79,140488,68946,0,0,0,0
25300,PPG,80,140498,68953,0,0,0,0
25380,PPG,81,140479,68955,0,0,0,0
25459,PPG,82,140496,68949,0,0,0,0
25539,PPG,83,140503,68945,0,0,0,0
25627,PPG,84,140500,68947,0,0,0,0
25702,PPG,85,140496,68944,0,0,0,0
25779,PPG,86,140493,68959,0,0,0,0
25857,PPG,87,140484,68945,0,0,0,0
25936,PPG,88,140495,68949,0,0,0,0
26016,PPG,89,140487,68947,0,0,0,0
26095,PPG,90,140491,68949,0,0,0,0
26175,PPG,91,140491,68946,0,0,0,0
26279,PPG,92,140492,68950,0,0,0,0
26337,PPG,93,140489,68945,0,0,0,0
26416,PPG,94,140490,68949,0,0,0,0
26506,PPG,95,140497,68950,0,0,0,0
26575,PPG,96,140492,68944,0,0,0,0
26654,PPG,97,140489,68947,0,0,0,0
26735,PPG,98,140499,68954,0,0,0,0
26813,PPG,99,140500,68959,0,0,0,0
22922,IMU,208,1412,-124,8432,-101,70,52
22941,IMU,209,1396,-168,8416,-101,52,39
22960,IMU,210,1336,-12,8340,-90,56,23
22979,IMU,211,1416,-92,8376,-95,60,50
23003,IMU,212,1360,44,8416,-105,66,50
23017,IMU,213,1528,-32,8420,-93,68,34
23037,IMU,214,1340,-44,8512,-75,55,38
23056,IMU,215,1376,-76,8416,-98,65,57
23076,IMU,216,1464,-76,8428,-84,66,56
23094,IMU,217,1392,-20,8400,-90,37,54
23113,IMU,218,1492,-60,8420,-74,72,60
23132,IMU,219,1460,-96,8408,-68,65,34
23152,IMU,220,1376,-28,8400,-80,49,61
23171,IMU,221,1460,-12,8516,-72,43,34
23190,IMU,222,1252,-40,8456,-108,60,34
23213,IMU,223,1344,-100,8448,-96,63,44
23228,IMU,224,1384,-40,8320,-85,46,34
23248,IMU,225,1312,-44,8348,-102,65,46
23267,IMU,226,1392,-44,8344,-92,62,34
23286,IMU,227,1376,4,8316,-89,65,48
23305,IMU,228,1484,-144,8420,-93,77,44
23324,IMU,229,1328,-128,8432,-90,49,37
23343,IMU,230,1376,-100,8396,-82,66,50
23363,IMU,231,1384,-96,8348,-95,74,29
23382,IMU,232,1356,-108,8436,-86,52,61
23401,IMU,233,1356,-8,8424,-95,47,42
23420,IMU,234,1316,-36,8320,-82,62,48
23442,IMU,235,1404,-116,8504,-86,67,34
23459,IMU,236,1368,-60,8436,-83,63,64
23478,IMU,237,1356,-80,8416,-77,53,47
23497,IMU,238,1312,-28,8376,-89,60,59
23516,IMU,239,1368,-24,8376,-88,52,48
23535,IMU,240,1400,-104,8424,-94,45,46
23554,IMU,241,1492,-140,8456,-79,71,37
23573,IMU,242,1324,-84,8424,-85,60,37
23593,IMU,243,1428,-116,8404,-79,52,43
23612,IMU,244,1344,-100,8340,-84,55,31
23631,IMU,245,1356,-96,8432,-79,48,65
23652,IMU,246,1400,-172,8376,-88,65,31
23669,IMU,247,1324,-92,8264,-85,59,36
23688,IMU,248,1356,-60,8364,-96,49,38
23708,IMU,249,1328,12,8344,-88,67,55
23727,IMU,250,1356,-156,8372,-92,69,34
23746,IMU,251,1392,-64,8412,-90,53,28
23765,IMU,252,1380,-48,8332,-90,61,25
23784,IMU,253,1424,-32,8380,-85,72,51
23803,IMU,254,1328,-84,8284,-82,54,61
23823,IMU,255,1324,-140,8408,-88,65,35
23842,IMU,256,1380,-16,8344,-94,51,46
23863,IMU,257,1384,-100,8332,-81,57,50
23882,IMU,258,1352,-140,8420,-85,58,47
23899,IMU,259,1364,-76,8376,-74,68,43
23918,IMU,260,1440,-92,8400,-93,62,41
23938,IMU,261,1300,-184,8400,-105,61,54
23957,IMU,262,1352,-96,8356,-102,74,48
23976,IMU,263,1300,-24,8352,-85,48,29
23995,IMU,264,1424,-12,8436,-100,69,51
24014,IMU,265,1284,-16,8452,-81,63,55
24033,IMU,266,1280,-180,8380,-87,32,30
24053,IMU,267,1300,-76,8416,-71,50,45
24072,IMU,268,1464,-116,8460,-93,38,49
24093,IMU,269,1400,-116,8324,-87,53,40
24111,IMU,270,1388,-128,8316,-84,48,54
24129,IMU,271,1372,-88,8416,-74,67,30
24148,IMU,272,1412,-88,8344,-81,48,46
24168,IMU,273,1244,-116,8360,-104,47,57
24187,IMU,274,1368,-36,8400,-75,58,32
24206,IMU,275,1416,-96,8496,-85,61,42
24224,IMU,276,1340,-44,8504,-95,60,33
24244,IMU,277,1356,-16,8408,-79,57,42
24263,IMU,278,1412,-56,8412,-92,62,54
24282,IMU,279,1392,-80,8444,-86,72,45
24305,IMU,280,1408,-52,8464,-77,62,40
24320,IMU,281,1420,-104,8416,-105,60,38
24339,IMU,282,1292,-116,8384,-85,48,41
24359,IMU,283,1336,-104,8308,-100,66,46
24378,IMU,284,1348,-96,8336,-91,75,39
24397,IMU,285,1216,44,8380,-85,57,52
24416,IMU,286,1344,-188,8480,-87,75,47
24435,IMU,287,1372,-24,8460,-90,51,34
24454,IMU,288,1396,-140,8440,-87,70,46
24474,IMU,289,1344,-156,8352,-88,50,15
24493,IMU,290,1376,-180,8384,-91,56,53
24512,IMU,291,1264,-52,8340,-90,64,53
24533,IMU,292,1352,-64,8368,-88,62,53
24550,IMU,293,1320,-128,8396,-84,50,42
24569,IMU,294,1348,-108,8328,-99,44,30
24589,IMU,295,1300,-168,8368,-89,51,55
24608,IMU,296,1256,-120,8392,-83,60,58
24627,IMU,297,1332,-144,8296,-74,72,38
24646,IMU,298,1396,-72,8416,-83,66,48
24667,IMU,299,1388,-144,8432,-85,86,36
24684,IMU,300,1424,-56,8444,-95,53,41
24703,IMU,301,1384,-104,8340,-84,58,42
24723,IMU,302,1440,-76,8352,-104,57,22
24744,IMU,303,1312,-104,8324,-88,59,47
24761,IMU,304,1464,-4,8312,-76,63,38
24780,IMU,305,1272,-28,8404,-75,47,59
24799,IMU,306,1376,-56,8420,-90,63,38
24818,IMU,307,1428,-52,8404,-79,58,34
24838,IMU,308,1416,-96,8356,-98,69,50
24857,IMU,309,1392,-84,8436,-82,54,51
24876,IMU,310,1356,-136,8340,-89,51,51
24895,IMU,311,1392,-120,8436,-81,75,37
24914,IMU,312,1312,-60,8388,-75,58,23
24933,IMU,313,1352,-60,8436,-88,72,52
24955,IMU,314,1380,-92,8356,-96,77,61
24973,IMU,315,1360,-24,8424,-88,51,43
24991,IMU,316,1460,-68,8444,-82,63,34
25010,IMU,317,1284,-68,8376,-73,40,41
25029,IMU,318,1316,-68,8380,-71,57,49
25048,IMU,319,1412,-40,8492,-73,65,48
25067,IMU,320,1348,-80,8504,-95,66,32
25087,IMU,321,1408,-104,8376,-72,72,26
25106,IMU,322,1408,-76,8388,-76,65,28
25125,IMU,323,1300,-84,8352,-76,58,46
25144,IMU,324,1280,-184,8452,-103,51,29
25163,IMU,325,1356,-64,8392,-87,66,30
25186,IMU,326,1468,-144,8472,-75,63,30
25202,IMU,327,1452,-28,8400,-109,40,48
25221,IMU,328,1352,-60,8396,-95,55,41
25240,IMU,329,1384,-72,8424,-97,43,46
25260,IMU,330,1320,-56,8396,-86,54,37
25279,IMU,331,1408,-52,8420,-92,56,39
25298,IMU,332,1384,-96,8368,-85,58,58
25317,IMU,333,1388,-104,8376,-80,65,44
25336,IMU,334,1316,-108,8436,-94,56,51
25355,IMU,335,1320,-140,8396,-77,56,53
25375,IMU,336,1332,-72,8424,-106,63,36
25398,IMU,337,1368,-176,8392,-83,66,25
25413,IMU,338,1348,-24,8360,-75,60,33
25431,IMU,339,1412,-72,8344,-85,56,34
25451,IMU,340,1344,-4,8392,-93,73,35
25470,IMU,341,1412,-108,8464,-85,69,35
25489,IMU,342,1376,8,8376,-92,55,34
25508,IMU,343,1328,-56,8408,-100,71,43
25528,IMU,344,1372,-108,8384,-82,73,34
25546,IMU,345,1436,-72,8304,-84,63,57
25566,IMU,346,1368,-48,8404,-106,65,43
25585,IMU,347,1372,32,8404,-97,48,57
25604,IMU,348,1360,-112,8424,-107,68,53
25625,IMU,349,1424,-40,8360,-111,53,31
25643,IMU,350,1428,-80,8404,-100,59,37
25661,IMU,351,1352,-112,8360,-96,61,34
25681,IMU,352,1400,-68,8400,-96,45,51
25702,IMU,353,1304,-104,8408,-89,40,36
25719,IMU,354,1372,-84,8436,-86,51,26
25738,IMU,355,1256,-52,8348,-90,48,55
25758,IMU,356,1416,-172,8356,-80,70,26
25776,IMU,357,1340,84,8284,-94,60,45
25796,IMU,358,1356,-164,8340,-83,61,30
25815,IMU,359,1348,-132,8536,-75,48,21
25836,IMU,360,1340,-96,8424,-83,61,50
25853,IMU,361,1364,-4,8388,-97,58,42
25873,IMU,362,1404,-100,8420,-71,48,36
25891,IMU,363,1304,-84,8388,-97,60,40
25911,IMU,364,1344,-48,8384,-67,55,58
25930,IMU,365,1380,-168,8436,-92,65,42
25949,IMU,366,1340,-68,8444,-93,66,46
25968,IMU,367,1336,-44,8388,-99,64,58
25987,IMU,368,1360,-20,8456,-94,45,33
26006,IMU,369,1400,-136,8340,-72,63,44
26026,IMU,370,1340,-52,8404,-97,60,45
26048,IMU,371,1392,-4,8364,-90,61,47
26066,IMU,372,1360,-84,8380,-93,64,52
26083,IMU,373,1224,-72,8456,-76,61,46
26102,IMU,374,1312,-176,8416,-85,42,45
26121,IMU,375,1384,-72,8380,-86,52,38
26141,IMU,376,1416,-84,8364,-93,65,38
26160,IMU,377,1444,-192,8376,-86,52,45
26179,IMU,378,1376,-68,8312,-77,51,39
26198,IMU,379,1408,-108,8316,-103,66,39
26217,IMU,380,1392,0,8396,-102,49,62
26236,IMU,381,1280,-56,8360,-101,71,26
26256,IMU,382,1380,-32,8484,-79,61,42
26278,IMU,383,1296,-16,8332,-106,61,37
26294,IMU,384,1340,12,8364,-98,69,31
26313,IMU,385,1460,-88,8408,-86,48,45
26332,IMU,386,1304,-60,8400,-83,48,31
26351,IMU,387,1484,-128,8456,-95,51,48
26370,IMU,388,1440,-4,8432,-83,63,47
26389,IMU,389,1356,-72,8396,-95,58,31
26409,IMU,390,1448,-148,8432,-89,57,28
26428,IMU,391,1292,-108,8348,-95,54,64
26447,IMU,392,1236,-108,8416,-80,45,53
26466,IMU,393,1428,8,8348,-76,58,24
26488,IMU,394,1300,-96,8336,-95,64,54
26506,IMU,395,1356,-80,8476,-64,62,59
26524,IMU,396,1392,-88,8348,-100,44,37
26543,IMU,397,1336,-164,8400,-92,61,35
26562,IMU,398,1376,-64,8444,-75,54,39
26581,IMU,399,1408,-104,8352,-96,56,43
26600,IMU,400,1376,-80,8304,-94,60,39
26619,IMU,401,1408,-48,8432,-83,76,38
26639,IMU,402,1292,-164,8380,-105,72,50
26658,IMU,403,1388,-36,8264,-94,62,44
26677,IMU,404,1396,-76,8340,-102,59,35
26696,IMU,405,1316,-100,8404,-101,58,36
26717,IMU,406,1348,-100,8384,-95,60,40
26735,IMU,407,1324,-88,8404,-73,57,21
26753,IMU,408,1336,-60,8524,-88,68,49
26773,IMU,409,1328,-128,8436,-88,79,45
26792,IMU,410,1344,-76,8412,-93,67,39
26811,IMU,411,1528,-176,8332,-86,60,50
26830,IMU,412,1356,16,8380,-84,61,34
26849,IMU,413,1476,-20,8492,-71,71,45
26868,IMU,414,1316,-48,8328,-102,62,41
26888,IMU,415,1300,-84,8392,-89,75,42
26252,ECG,2048,1225,0,0,0,0,0
26257,ECG,2049,1217,0,0,0,0,0
26257,ECG,2050,1209,0,0,0,0,0
26262,ECG,2051,1192,0,0,0,0,0
26262,ECG,2052,1184,0,0,0,0,0
26267,ECG,2053,1176,0,0,0,0,0
26267,ECG,2054,1168,0,0,0,0,0
26267,ECG,2055,1160,0,0,0,0,0
26272,ECG,2056,1152,0,0,0,0,0
26272,ECG,2057,1145,0,0,0,0,0
26277,ECG,2058,1137,0,0,0,0,0
26277,ECG,2059,1129,0,0,0,0,0
26277,ECG,2060,1121,0,0,0,0,0
26282,ECG,2061,1114,0,0,0,0,0
26282,ECG,2062,1106,0,0,0,0,0
26287,ECG,2063,1099,0,0,0,0,0
26287,ECG,2064,1091,0,0,0,0,0
26287,ECG,2065,1084,0,0,0,0,0
26292,ECG,2066,1076,0,0,0,0,0
26292,ECG,2067,1069,0,0,0,0,0
26293,ECG,2068,1062,0,0,0,0,0
27299,ECG,2069,0,0,0,0,0,0
27299,ECG,2070,-1,0,0,0,0,0
27299,ECG,2071,-6,0,0,0,0,0
27304,ECG,2072,2,0,0,0,0,0
27304,ECG,2073,6,0,0,0,0,0
27309,ECG,2074,38,0,0,0,0,0
27309,ECG,2075,-16,0,0,0,0,0
27314,ECG,2076,-26,0,0,0,0,0
27314,ECG,2077,151,0,0,0,0,0
27319,ECG,2078,-2109,0,0,0,0,0
27319,ECG,2079,-1850,0,0,0,0,0
27324,ECG,2080,-36,0,0,0,0,0
27324,ECG,2081,3394,0,0,0,0,0
27324,ECG,2082,8729,0,0,0,0,0
27329,ECG,2083,15156,0,0,0,0,0
27329,ECG,2084,21689,0,0,0,0,0
27334,ECG,2085,27397,0,0,0,0,0
27334,ECG,2086,31311,0,0,0,0,0
27334,ECG,2087,32011,0,0,0,0,0
27339,ECG,2088,31810,0,0,0,0,0
27339,ECG,2089,31610,0,0,0,0,0
27344,ECG,2090,31343,0,0,0,0,0
27344,ECG,2091,31109,0,0,0,0,0
27344,ECG,2092,31019,0,0,0,0,0
27349,ECG,2093,30731,0,0,0,0,0
27349,ECG,2094,30591,0,0,0,0,0
27350,ECG,2095,30395,0,0,0,0,0
27354,ECG,2096,30195,0,0,0,0,0
27354,ECG,2097,30019,0,0,0,0,0
27359,ECG,2098,29827,0,0,0,0,0
27359,ECG,2099,29638,0,0,0,0,0
27364,ECG,2100,29266,0,0,0,0,0
27364,ECG,2101,29082,0,0,0,0,0
27369,ECG,2102,28900,0,0,0,0,0
27369,ECG,2103,28718,0,0,0,0,0
27369,ECG,2104,28537,0,0,0,0,0
27374,ECG,2105,28358,0,0,0,0,0
27374,ECG,2106,28180,0,0,0,0,0
27379,ECG,2107,28002,0,0,0,0,0
27379,ECG,2108,27826,0,0,0,0,0
27379,ECG,2109,27651,0,0,0,0,0
27384,ECG,2110,27478,0,0,0,0,0
27384,ECG,2111,27305,0,0,0,0,0
27389,ECG,2112,26963,0,0,0,0,0
27389,ECG,2113,26793,0,0,0,0,0
27394,ECG,2114,26625,0,0,0,0,0
27394,ECG,2115,26457,0,0,0,0,0
27399,ECG,2116,26126,0,0,0,0,0
27399,ECG,2117,25961,0,0,0,0,0
27404,ECG,2118,25798,0,0,0,0,0
27404,ECG,2119,25636,0,0,0,0,0
27404,ECG,2120,25475,0,0,0,0,0
27409,ECG,2121,25314,0,0,0,0,0
27409,ECG,2122,25155,0,0,0,0,0
27414,ECG,2123,24997,0,0,0,0,0
27414,ECG,2124,24840,0,0,0,0,0
27414,ECG,2125,24683,0,0,0,0,0
27419,ECG,2126,24528,0,0,0,0,0
27419,ECG,2127,24374,0,0,0,0,0
27424,ECG,2128,24221,0,0,0,0,0
27424,ECG,2129,24068,0,0,0,0,0
27424,ECG,2130,23917,0,0,0,0,0
27429,ECG,2131,23766,0,0,0,0,0
27429,ECG,2132,23617,0,0,0,0,0
27434,ECG,2133,23321,0,0,0,0,0
27434,ECG,2134,23174,0,0,0,0,0
27439,ECG,2135,23028,0,0,0,0,0
27439,ECG,2136,22883,0,0,0,0,0
27444,ECG,2137,22596,0,0,0,0,0
27444,ECG,2138,22454,0,0,0,0,0
27449,ECG,2139,22313,0,0,0,0,0
27449,ECG,2140,22172,0,0,0,0,0
27449,ECG,2141,22033,0,0,0,0,0
27454,ECG,2142,21894,0,0,0,0,0
27454,ECG,2143,21756,0,0,0,0,0
27459,ECG,2144,21619,0,0,0,0,0
27459,ECG,2145,21483,0,0,0,0,0
27459,ECG,2146,21348,0,0,0,0,0
27464,ECG,2147,21214,0,0,0,0,0
27464,ECG,2148,21080,0,0,0,0,0
27469,ECG,2149,20816,0,0,0,0,0
27469,ECG,2150,20685,0,0,0,0,0
27474,ECG,2151,20555,0,0,0,0,0
27474,ECG,2152,20425,0,0,0,0,0
27479,ECG,2153,20169,0,0,0,0,0
27479,ECG,2154,20042,0,0,0,0,0
27484,ECG,2155,19916,0,0,0,0,0
27484,ECG,2156,19790,0,0,0,0,0
27484,ECG,2157,19666,0,0,0,0,0
27489,ECG,2158,19542,0,0,0,0,0
27489,ECG,2159,19419,0,0,0,0,0
27494,ECG,2160,19297,0,0,0,0,0
27494,ECG,2161,19175,0,0,0,0,0
27494,ECG,2162,19055,0,0,0,0,0
27499,ECG,2163,18935,0,0,0,0,0
27499,ECG,2164,18815,0,0,0,0,0
27504,ECG,2165,18697,0,0,0,0,0
27504,ECG,2166,18579,0,0,0,0,0
27504,ECG,2167,18462,0,0,0,0,0
27509,ECG,2168,18346,0,0,0,0,0
27509,ECG,2169,18230,0,0,0,0,0
27514,ECG,2170,18002,0,0,0,0,0
27514,ECG,2171,17888,0,0,0,0,0
27519,ECG,2172,17775,0,0,0,0,0
27519,ECG,2173,17663,0,0,0,0,0
27524,ECG,2174,17442,0,0,0,0,0
27524,ECG,2175,17332,0,0,0,0,0
27529,ECG,2176,17222,0,0,0,0,0
27529,ECG,2177,17114,0,0,0,0,0
27529,ECG,2178,17006,0,0,0,0,0
27534,ECG,2179,16899,0,0,0,0,0
27534,ECG,2180,16792,0,0,0,0,0
27539,ECG,2181,16687,0,0,0,0,0
27539,ECG,2182,16581,0,0,0,0,0
27539,ECG,2183,16477,0,0,0,0,0
27544,ECG,2184,16373,0,0,0,0,0
27544,ECG,2185,16270,0,0,0,0,0
27549,ECG,2186,16065,0,0,0,0,0
27549,ECG,2187,15964,0,0,0,0,0
27554,ECG,2188,15864,0,0,0,0,0
27554,ECG,2189,15764,0,0,0,0,0
27555,ECG,2190,15664,0,0,0,0,0
27559,ECG,2191,15566,0,0,0,0,0
27559,ECG,2192,15467,0,0,0,0,0
27564,ECG,2193,15370,0,0,0,0,0
27564,ECG,2194,15273,0,0,0,0,0
27564,ECG,2195,15177,0,0,0,0,0
27569,ECG,2196,15081,0,0,0,0,0
27569,ECG,2197,14986,0,0,0,0,0
27574,ECG,2198,14891,0,0,0,0,0
27574,ECG,2199,14797,0,0,0,0,0
27574,ECG,2200,14704,0,0,0,0,0
27579,ECG,2201,14611,0,0,0,0,0
27579,ECG,2202,14519,0,0,0,0,0
27584,ECG,2203,14428,0,0,0,0,0
27584,ECG,2204,14337,0,0,0,0,0
27584,ECG,2205,14246,0,0,0,0,0
27589,ECG,2206,14156,0,0,0,0,0
27589,ECG,2207,14067,0,0,0,0,0
27594,ECG,2208,13890,0,0,0,0,0
27594,ECG,2209,13802,0,0,0,0,0
27599,ECG,2210,13715,0,0,0,0,0
27599,ECG,2211,13629,0,0,0,0,0
27604,ECG,2212,13457,0,0,0,0,0
27604,ECG,2213,13372,0,0,0,0,0
27609,ECG,2214,13288,0,0,0,0,0
27609,ECG,2215,13204,0,0,0,0,0
27609,ECG,2216,13121,0,0,0,0,0
27614,ECG,2217,13038,0,0,0,0,0
27614,ECG,2218,12956,0,0,0,0,0
27619,ECG,2219,12874,0,0,0,0,0
27619,ECG,2220,12793,0,0,0,0,0
27619,ECG,2221,12712,0,0,0,0,0
27624,ECG,2222,12632,0,0,0,0,0
27624,ECG,2223,12552,0,0,0,0,0
27629,ECG,2224,12473,0,0,0,0,0
27629,ECG,2225,12394,0,0,0,0,0
27629,ECG,2226,12316,0,0,0,0,0
27634,ECG,2227,12238,0,0,0,0,0
27634,ECG,2228,12161,0,0,0,0,0
27635,ECG,2229,12084,0,0,0,0,0
27639,ECG,2230,12008,0,0,0,0,0
27639,ECG,2231,11932,0,0,0,0,0
27644,ECG,2232,11857,0,0,0,0,0
27644,ECG,2233,11782,0,0,0,0,0
27644,ECG,2234,11707,0,0,0,0,0
27649,ECG,2235,11633,0,0,0,0,0
27649,ECG,2236,11560,0,0,0,0,0
27654,ECG,2237,11487,0,0,0,0,0
27654,ECG,2238,11414,0,0,0,0,0
27654,ECG,2239,11342,0,0,0,0,0
27659,ECG,2240,11271,0,0,0,0,0
27659,ECG,2241,11199,0,0,0,0,0
27664,ECG,2242,11129,0,0,0,0,0
27664,ECG,2243,11058,0,0,0,0,0
27664,ECG,2244,10988,0,0,0,0,0
27669,ECG,2245,10919,0,0,0,0,0
27669,ECG,2246,10850,0,0,0,0,0
27674,ECG,2247,10713,0,0,0,0,0
27674,ECG,2248,10645,0,0,0,0,0
27679,ECG,2249,10578,0,0,0,0,0
27679,ECG,2250,10511,0,0,0,0,0
27684,ECG,2251,10379,0,0,0,0,0
27684,ECG,2252,10313,0,0,0,0,0
27689,ECG,2253,10248,0,0,0,0,0
27689,ECG,2254,10183,0,0,0,0,0
27689,ECG,2255,10118,0,0,0,0,0
27694,ECG,2256,10054,0,0,0,0,0
27694,ECG,2257,9991,0,0,0,0,0
27699,ECG,2258,9928,0,0,0,0,0
27699,ECG,2259,9865,0,0,0,0,0
27699,ECG,2260,9802,0,0,0,0,0
27704,ECG,2261,9740,0,0,0,0,0
27704,ECG,2262,9679,0,0,0,0,0
27709,ECG,2263,9617,0,0,0,0,0
27709,ECG,2264,9557,0,0,0,0,0
27709,ECG,2265,9496,0,0,0,0,0
27714,ECG,2266,9436,0,0,0,0,0
27714,ECG,2267,9376,0,0,0,0,0
27715,ECG,2268,9317,0,0,0,0,0
27719,ECG,2269,9258,0,0,0,0,0
27719,ECG,2270,9200,0,0,0,0,0
27724,ECG,2271,9141,0,0,0,0,0
27724,ECG,2272,9083,0,0,0,0,0
27729,ECG,2273,8969,0,0,0,0,0
27729,ECG,2274,8912,0,0,0,0,0
27734,ECG,2275,8855,0,0,0,0,0
27734,ECG,2276,8799,0,0,0,0,0
27734,ECG,2277,8744,0,0,0,0,0
27739,ECG,2278,8688,0,0,0,0,0
27739,ECG,2279,8633,0,0,0,0,0
27744,ECG,2280,8578,0,0,0,0,0
27744,ECG,2281,8524,0,0,0,0,0
27744,ECG,2282,8470,0,0,0,0,0
27749,ECG,2283,8416,0,0,0,0,0
27749,ECG,2284,8363,0,0,0,0,0
27754,ECG,2285,8257,0,0,0,0,0
27754,ECG,2286,8205,0,0,0,0,0
27759,ECG,2287,8153,0,0,0,0,0
27759,ECG,2288,8101,0,0,0,0,0
27764,ECG,2289,7999,0,0,0,0,0
27764,ECG,2290,7948,0,0,0,0,0
27769,ECG,2291,7898,0,0,0,0,0
27769,ECG,2292,7848,0,0,0,0,0
27769,ECG,2293,7798,0,0,0,0,0
27774,ECG,2294,7749,0,0,0,0,0
27774,ECG,2295,7699,0,0,0,0,0
27779,ECG,2296,7651,0,0,0,0,0
27779,ECG,2297,7602,0,0,0,0,0
27779,ECG,2298,7554,0,0,0,0,0
27784,ECG,2299,7506,0,0,0,0,0
27784,ECG,2300,7458,0,0,0,0,0
27789,ECG,2301,7411,0,0,0,0,0
27789,ECG,2302,7364,0,0,0,0,0
27789,ECG,2303,7317,0,0,0,0,0
27794,ECG,2304,7271,0,0,0,0,0
27794,ECG,2305,7224,0,0,0,0,0
27799,ECG,2306,7133,0,0,0,0,0
27799,ECG,2307,7088,0,0,0,0,0
27804,ECG,2308,7043,0,0,0,0,0
27804,ECG,2309,6998,0,0,0,0,0
27809,ECG,2310,6909,0,0,0,0,0
27809,ECG,2311,6865,0,0,0,0,0
27814,ECG,2312,6821,0,0,0,0,0
27814,ECG,2313,6778,0,0,0,0,0
27814,ECG,2314,6735,0,0,0,0,0
27819,ECG,2315,6692,0,0,0,0,0
27819,ECG,2316,6650,0,0,0,0,0
27824,ECG,2317,6608,0,0,0,0,0
27824,ECG,2318,6566,0,0,0,0,0
27824,ECG,2319,6524,0,0,0,0,0
27829,ECG,2320,6482,0,0,0,0,0
27829,ECG,2321,6441,0,0,0,0,0
27834,ECG,2322,6359,0,0,0,0,0
27834,ECG,2323,6319,0,0,0,0,0
27839,ECG,2324,6279,0,0,0,0,0
27839,ECG,2325,6239,0,0,0,0,0
27840,ECG,2326,6199,0,0,0,0,0
27844,ECG,2327,6159,0,0,0,0,0
27844,ECG,2328,6120,0,0,0,0,0
27849,ECG,2329,6081,0,0,0,0,0
27849,ECG,2330,6042,0,0,0,0,0
27849,ECG,2331,6004,0,0,0,0,0
27854,ECG,2332,5966,0,0,0,0,0
27854,ECG,2333,5928,0,0,0,0,0
27859,ECG,2334,5890,0,0,0,0,0
27859,ECG,2335,5852,0,0,0,0,0
27859,ECG,2336,5815,0,0,0,0,0
27864,ECG,2337,5778,0,0,0,0,0
27864,ECG,2338,5741,0,0,0,0,0
27869,ECG,2339,5705,0,0,0,0,0
27869,ECG,2340,5669,0,0,0,0,0
27869,ECG,2341,5632,0,0,0,0,0
27874,ECG,2342,5596,0,0,0,0,0
27874,ECG,2343,5561,0,0,0,0,0
27879,ECG,2344,5490,0,0,0,0,0
27879,ECG,2345,5455,0,0,0,0,0
27884,ECG,2346,5420,0,0,0,0,0
27884,ECG,2347,5386,0,0,0,0,0
27889,ECG,2348,5317,0,0,0,0,0
27889,ECG,2349,5283,0,0,0,0,0
27894,ECG,2350,5249,0,0,0,0,0
27894,ECG,2351,5216,0,0,0,0,0
27894,ECG,2352,5183,0,0,0,0,0
27899,ECG,2353,5150,0,0,0,0,0
27899,ECG,2354,5117,0,0,0,0,0
27904,ECG,2355,5084,0,0,0,0,0
27904,ECG,2356,5051,0,0,0,0,0
27904,ECG,2357,5019,0,0,0,0,0
27909,ECG,2358,4987,0,0,0,0,0
27909,ECG,2359,4955,0,0,0,0,0
27914,ECG,2360,4924,0,0,0,0,0
27914,ECG,2361,4892,0,0,0,0,0
27914,ECG,2362,4861,0,0,0,0,0
27919,ECG,2363,4830,0,0,0,0,0
27919,ECG,2364,4799,0,0,0,0,0
27920,ECG,2365,4768,0,0,0,0,0
27924,ECG,2366,4738,0,0,0,0,0
27924,ECG,2367,4707,0,0,0,0,0
27929,ECG,2368,4677,0,0,0,0,0
27929,ECG,2369,4647,0,0,0,0,0
27929,ECG,2370,4618,0,0,0,0,0
27934,ECG,2371,4588,0,0,0,0,0
27934,ECG,2372,4559,0,0,0,0,0
27939,ECG,2373,4530,0,0,0,0,0
27939,ECG,2374,4501,0,0,0,0,0
27939,ECG,2375,4472,0,0,0,0,0
27944,ECG,2376,4443,0,0,0,0,0
27944,ECG,2377,4415,0,0,0,0,0
27949,ECG,2378,4386,0,0,0,0,0
27949,ECG,2379,4358,0,0,0,0,0
27949,ECG,2380,4330,0,0,0,0,0
27954,ECG,2381,4303,0,0,0,0,0
27954,ECG,2382,4275,0,0,0,0,0
27959,ECG,2383,4220,0,0,0,0,0
27959,ECG,2384,4193,0,0,0,0,0
27964,ECG,2385,4166,0,0,0,0,0
27964,ECG,2386,4140,0,0,0,0,0
27969,ECG,2387,4087,0,0,0,0,0
27969,ECG,2388,4060,0,0,0,0,0
27974,ECG,2389,4034,0,0,0,0,0
27974,ECG,2390,4008,0,0,0,0,0
27974,ECG,2391,3983,0,0,0,0,0
27979,ECG,2392,3957,0,0,0,0,0
27979,ECG,2393,3932,0,0,0,0,0
27984,ECG,2394,3906,0,0,0,0,0
27984,ECG,2395,3881,0,0,0,0,0
27984,ECG,2396,3856,0,0,0,0,0
27989,ECG,2397,3832,0,0,0,0,0
27989,ECG,2398,3807,0,0,0,0,0
27994,ECG,2399,3782,0,0,0,0,0
27994,ECG,2400,3758,0,0,0,0,0
27994,ECG,2401,3734,0,0,0,0,0
27999,ECG,2402,3710,0,0,0,0,0
27999,ECG,2403,3686,0,0,0,0,0
28000,ECG,2404,3662,0,0,0,0,0
28004,ECG,2405,3639,0,0,0,0,0
28004,ECG,2406,3615,0,0,0,0,0
28009,ECG,2407,3592,0,0,0,0,0
28009,ECG,2408,3569,0,0,0,0,0
28014,ECG,2409,3523,0,0,0,0,0
28014,ECG,2410,3500,0,0,0,0,0
28019,ECG,2411,3478,0,0,0,0,0
28019,ECG,2412,3455,0,0,0,0,0
28019,ECG,2413,3433,0,0,0,0,0
28024,ECG,2414,3411,0,0,0,0,0
28024,ECG,2415,3389,0,0,0,0,0
28029,ECG,2416,3367,0,0,0,0,0
28029,ECG,2417,3345,0,0,0,0,0
28029,ECG,2418,3324,0,0,0,0,0
28034,ECG,2419,3302,0,0,0,0,0
28034,ECG,2420,3281,0,0,0,0,0
28039,ECG,2421,3239,0,0,0,0,0
28039,ECG,2422,3218,0,0,0,0,0
28044,ECG,2423,3197,0,0,0,0,0
28044,ECG,2424,3176,0,0,0,0,0
28049,ECG,2425,3135,0,0,0,0,0
28049,ECG,2426,3115,0,0,0,0,0
28054,ECG,2427,3095,0,0,0,0,0
28054,ECG,2428,3075,0,0,0,0,0
28054,ECG,2429,3055,0,0,0,0,0
28059,ECG,2430,3035,0,0,0,0,0
28059,ECG,2431,3015,0,0,0,0,0
28064,ECG,2432,2996,0,0,0,0,0
28064,ECG,2433,2976,0,0,0,0,0
28064,ECG,2434,2957,0,0,0,0,0
28069,ECG,2435,2938,0,0,0,0,0
28069,ECG,2436,2919,0,0,0,0,0
28074,ECG,2437,2900,0,0,0,0,0
28074,ECG,2438,2881,0,0,0,0,0
28074,ECG,2439,2862,0,0,0,0,0
28079,ECG,2440,2844,0,0,0,0,0
28079,ECG,2441,2825,0,0,0,0,0
28084,ECG,2442,2789,0,0,0,0,0
28084,ECG,2443,2771,0,0,0,0,0
28089,ECG,2444,2753,0,0,0,0,0
28089,ECG,2445,2735,0,0,0,0,0
28094,ECG,2446,2700,0,0,0,0,0
28094,ECG,2447,2682,0,0,0,0,0
28099,ECG,2448,2665,0,0,0,0,0
28099,ECG,2449,2647,0,0,0,0,0
28099,ECG,2450,2630,0,0,0,0,0
28104,ECG,2451,2613,0,0,0,0,0
28104,ECG,2452,2596,0,0,0,0,0
28109,ECG,2453,2579,0,0,0,0,0
28109,ECG,2454,2562,0,0,0,0,0
28109,ECG,2455,2546,0,0,0,0,0
28114,ECG,2456,2529,0,0,0,0,0
28114,ECG,2457,2513,0,0,0,0,0
28119,ECG,2458,2480,0,0,0,0,0
28119,ECG,2459,2464,0,0,0,0,0
28124,ECG,2460,2448,0,0,0,0,0
28124,ECG,2461,2432,0,0,0,0,0
28125,ECG,2462,2416,0,0,0,0,0
28129,ECG,2463,2400,0,0,0,0,0
28129,ECG,2464,2385,0,0,0,0,0
28134,ECG,2465,2369,0,0,0,0,0
28134,ECG,2466,2354,0,0,0,0,0
28134,ECG,2467,2338,0,0,0,0,0
28139,ECG,2468,2323,0,0,0,0,0
28139,ECG,2469,2308,0,0,0,0,0
28144,ECG,2470,2293,0,0,0,0,0
28144,ECG,2471,2278,0,0,0,0,0
28144,ECG,2472,2263,0,0,0,0,0
28149,ECG,2473,2248,0,0,0,0,0
28149,ECG,2474,2233,0,0,0,0,0
28154,ECG,2475,2219,0,0,0,0,0
28154,ECG,2476,2204,0,0,0,0,0
28154,ECG,2477,2190,0,0,0,0,0
28159,ECG,2478,2176,0,0,0,0,0
28159,ECG,2479,2161,0,0,0,0,0
28164,ECG,2480,2133,0,0,0,0,0
28164,ECG,2481,2119,0,0,0,0,0
28169,ECG,2482,2105,0,0,0,0,0
28169,ECG,2483,2091,0,0,0,0,0
28174,ECG,2484,2064,0,0,0,0,0
28174,ECG,2485,2050,0,0,0,0,0
28179,ECG,2486,2037,0,0,0,0,0
28179,ECG,2487,2023,0,0,0,0,0
28179,ECG,2488,2010,0,0,0,0,0
28184,ECG,2489,1997,0,0,0,0,0
28184,ECG,2490,1984,0,0,0,0,0
28189,ECG,2491,1971,0,0,0,0,0
28189,ECG,2492,1958,0,0,0,0,0
28189,ECG,2493,1945,0,0,0,0,0
28194,ECG,2494,1932,0,0,0,0,0
28194,ECG,2495,1919,0,0,0,0,0
28199,ECG,2496,1894,0,0,0,0,0
28199,ECG,2497,1881,0,0,0,0,0
28204,ECG,2498,1869,0,0,0,0,0
28204,ECG,2499,1857,0,0,0,0,0
28205,ECG,2500,1844,0,0,0,0,0
28209,ECG,2501,1832,0,0,0,0,0
28209,ECG,2502,1820,0,0,0,0,0
28214,ECG,2503,1808,0,0,0,0,0
28214,ECG,2504,1796,0,0,0,0,0
28214,ECG,2505,1784,0,0,0,0,0
28219,ECG,2506,1772,0,0,0,0,0
28219,ECG,2507,1761,0,0,0,0,0
28224,ECG,2508,1749,0,0,0,0,0
28224,ECG,2509,1737,0,0,0,0,0
28224,ECG,2510,1726,0,0,0,0,0
28229,ECG,2511,1714,0,0,0,0,0
28229,ECG,2512,1703,0,0,0,0,0
28234,ECG,2513,1692,0,0,0,0,0
28234,ECG,2514,1681,0,0,0,0,0
28234,ECG,2515,1669,0,0,0,0,0
28239,ECG,2516,1658,0,0,0,0,0
28239,ECG,2517,1647,0,0,0,0,0
28244,ECG,2518,1625,0,0,0,0,0
28244,ECG,2519,1615,0,0,0,0,0
28249,ECG,2520,1604,0,0,0,0,0
28249,ECG,2521,1593,0,0,0,0,0
28254,ECG,2522,1572,0,0,0,0,0
28254,ECG,2523,1562,0,0,0,0,0
28259,ECG,2524,1551,0,0,0,0,0
28259,ECG,2525,1541,0,0,0,0,0
28259,ECG,2526,1531,0,0,0,0,0
28264,ECG,2527,1520,0,0,0,0,0
28264,ECG,2528,1510,0,0,0,0,0
28269,ECG,2529,1500,0,0,0,0,0
28269,ECG,2530,1490,0,0,0,0,0
28269,ECG,2531,1480,0,0,0,0,0
28274,ECG,2532,1470,0,0,0,0,0
28274,ECG,2533,1460,0,0,0,0,0
28279,ECG,2534,1451,0,0,0,0,0
28279,ECG,2535,1441,0,0,0,0,0
28279,ECG,2536,1431,0,0,0,0,0
28284,ECG,2537,1422,0,0,0,0,0
28284,ECG,2538,1412,0,0,0,0,0
28285,ECG,2539,1403,0,0,0,0,0
28289,ECG,2540,1393,0,0,0,0,0
28289,ECG,2541,1384,0,0,0,0,0
28294,ECG,2542,1375,0,0,0,0,0
28294,ECG,2543,1365,0,0,0,0,0
28299,ECG,2544,1347,0,0,0,0,0
28299,ECG,2545,1338,0,0,0,0,0
28304,ECG,2546,1329,0,0,0,0,0
28304,ECG,2547,1320,0,0,0,0,0
28304,ECG,2548,1311,0,0,0,0,0
28309,ECG,2549,1302,0,0,0,0,0
28309,ECG,2550,1294,0,0,0,0,0
28314,ECG,2551,1285,0,0,0,0,0
28314,ECG,2552,1276,0,0,0,0,0
28314,ECG,2553,1268,0,0,0,0,0
28319,ECG,2554,1259,0,0,0,0,0
28319,ECG,2555,1251,0,0,0,0,0
28324,ECG,2556,1234,0,0,0,0,0
28324,ECG,2557,1225,0,0,0,0,0
28329,ECG,2558,1217,0,0,0,0,0
28329,ECG,2559,1209,0,0,0,0,0
28334,ECG,2560,1192,0,0,0,0,0
28334,ECG,2561,1184,0,0,0,0,0
28339,ECG,2562,1176,0,0,0,0,0
28339,ECG,2563,1168,0,0,0,0,0
28339,ECG,2564,1160,0,0,0,0,0
28344,ECG,2565,1152,0,0,0,0,0
28344,ECG,2566,1145,0,0,0,0,0
28349,ECG,2567,1137,0,0,0,0,0
28349,ECG,2568,1129,0,0,0,0,0
28349,ECG,2569,1121,0,0,0,0,0
28354,ECG,2570,1114,0,0,0,0,0
28354,ECG,2571,1106,0,0,0,0,0
28359,ECG,2572,1099,0,0,0,0,0
28359,ECG,2573,1091,0,0,0,0,0
28359,ECG,2574,1084,0,0,0,0,0
28364,ECG,2575,1076,0,0,0,0,0
28364,ECG,2576,1069,0,0,0,0,0
29371,ECG,2577,0,0,0,0,0,0
29371,ECG,2578,-1,0,0,0,0,0
29371,ECG,2579,-6,0,0,0,0,0
29376,ECG,2580,2,0,0,0,0,0
29376,ECG,2581,6,0,0,0,0,0
29381,ECG,2582,38,0,0,0,0,0
29381,ECG,2583,-16,0,0,0,0,0
29386,ECG,2584,-26,0,0,0,0,0
29386,ECG,2585,151,0,0,0,0,0
29391,ECG,2586,-2109,0,0,0,0,0
29391,ECG,2587,-1850,0,0,0,0,0
29396,ECG,2588,-36,0,0,0,0,0
29396,ECG,2589,3394,0,0,0,0,0
29396,ECG,2590,8729,0,0,0,0,0
29401,ECG,2591,15156,0,0,0,0,0
29401,ECG,2592,21689,0,0,0,0,0
29406,ECG,2593,27397,0,0,0,0,0
29406,ECG,2594,31311,0,0,0,0,0
29406,ECG,2595,32011,0,0,0,0,0
29411,ECG,2596,31810,0,0,0,0,0
29411,ECG,2597,31610,0,0,0,0,0
29416,ECG,2598,31343,0,0,0,0,0
29416,ECG,2599,31109,0,0,0,0,0
29416,ECG,2600,31019,0,0,0,0,0
29421,ECG,2601,30731,0,0,0,0,0
29421,ECG,2602,30591,0,0,0,0,0
29422,ECG,2603,30395,0,0,0,0,0
29426,ECG,2604,30195,0,0,0,0,0
29426,ECG,2605,30019,0,0,0,0,0
29431,ECG,2606,29827,0,0,0,0,0
29431,ECG,2607,29638,0,0,0,0,0
29431,ECG,2608,29451,0,0,0,0,0
29436,ECG,2609,29266,0,0,0,0,0
29436,ECG,2610,29082,0,0,0,0,0
29441,ECG,2611,28900,0,0,0,0,0
29441,ECG,2612,28718,0,0,0,0,0
29441,ECG,2613,28537,0,0,0,0,0
29446,ECG,2614,28358,0,0,0,0,0
29446,ECG,2615,28180,0,0,0,0,0
29451,ECG,2616,28002,0,0,0,0,0
29451,ECG,2617,27826,0,0,0,0,0
29451,ECG,2618,27651,0,0,0,0,0
29456,ECG,2619,27478,0,0,0,0,0
29456,ECG,2620,27305,0,0,0,0,0
29461,ECG,2621,26963,0,0,0,0,0
29461,ECG,2622,26793,0,0,0,0,0
29466,ECG,2623,26625,0,0,0,0,0
29466,ECG,2624,26457,0,0,0,0,0
29471,ECG,2625,26126,0,0,0,0,0
29471,ECG,2626,25961,0,0,0,0,0
29476,ECG,2627,25798,0,0,0,0,0
29476,ECG,2628,25636,0,0,0,0,0
29476,ECG,2629,25475,0,0,0,0,0
29481,ECG,2630,25314,0,0,0,0,0
29481,ECG,2631,25155,0,0,0,0,0
29486,ECG,2632,24997,0,0,0,0,0
29486,ECG,2633,24840,0,0,0,0,0
29486,ECG,2634,24683,0,0,0,0,0
29491,ECG,2635,24528,0,0,0,0,0
29491,ECG,2636,24374,0,0,0,0,0
29496,ECG,2637,24221,0,0,0,0,0
29496,ECG,2638,24068,0,0,0,0,0
29496,ECG,2639,23917,0,0,0,0,0
29501,ECG,2640,23766,0,0,0,0,0
29501,ECG,2641,23617,0,0,0,0,0
29502,ECG,2642,23468,0,0,0,0,0
29506,ECG,2643,23321,0,0,0,0,0
29506,ECG,2644,23174,0,0,0,0,0
29511,ECG,2645,23028,0,0,0,0,0
29511,ECG,2646,22883,0,0,0,0,0
29516,ECG,2647,22596,0,0,0,0,0
29516,ECG,2648,22454,0,0,0,0,0
29521,ECG,2649,22313,0,0,0,0,0
29521,ECG,2650,22172,0,0,0,0,0
29521,ECG,2651,22033,0,0,0,0,0
29526,ECG,2652,21894,0,0,0,0,0
29526,ECG,2653,21756,0,0,0,0,0
29531,ECG,2654,21619,0,0,0,0,0
29531,ECG,2655,21483,0,0,0,0,0
29531,ECG,2656,21348,0,0,0,0,0
29536,ECG,2657,21214,0,0,0,0,0
29536,ECG,2658,21080,0,0,0,0,0
29541,ECG,2659,20816,0,0,0,0,0
29541,ECG,2660,20685,0,0,0,0,0
29546,ECG,2661,20555,0,0,0,0,0
29546,ECG,2662,20425,0,0,0,0,0
29551,ECG,2663,20169,0,0,0,0,0
29551,ECG,2664,20042,0,0,0,0,0
29556,ECG,2665,19916,0,0,0,0,0
29556,ECG,2666,19790,0,0,0,0,0
29556,ECG,2667,19666,0,0,0,0,0
29561,ECG,2668,19542,0,0,0,0,0
29561,ECG,2669,19419,0,0,0,0,0
29566,ECG,2670,19297,0,0,0,0,0
29566,ECG,2671,19175,0,0,0,0,0
29566,ECG,2672,19055,0,0,0,0,0
29571,ECG,2673,18935,0,0,0,0,0
29571,ECG,2674,18815,0,0,0,0,0
29576,ECG,2675,18697,0,0,0,0,0
29576,ECG,2676,18579,0,0,0,0,0
29576,ECG,2677,18462,0,0,0,0,0
29581,ECG,2678,18346,0,0,0,0,0
29581,ECG,2679,18230,0,0,0,0,0
29586,ECG,2680,18002,0,0,0,0,0
29586,ECG,2681,17888,0,0,0,0,0
29591,ECG,2682,17775,0,0,0,0,0
29591,ECG,2683,17663,0,0,0,0,0
29596,ECG,2684,17442,0,0,0,0,0
29596,ECG,2685,17332,0,0,0,0,0
29601,ECG,2686,17222,0,0,0,0,0
29601,ECG,2687,17114,0,0,0,0,0
29601,ECG,2688,17006,0,0,0,0,0
29606,ECG,2689,16899,0,0,0,0,0
29606,ECG,2690,16792,0,0,0,0,0
29611,ECG,2691,16687,0,0,0,0,0
29611,ECG,2692,16581,0,0,0,0,0
29611,ECG,2693,16477,0,0,0,0,0
29616,ECG,2694,16373,0,0,0,0,0
29616,ECG,2695,16270,0,0,0,0,0
29621,ECG,2696,16065,0,0,0,0,0
29621,ECG,2697,15964,0,0,0,0,0
29626,ECG,2698,15864,0,0,0,0,0
29626,ECG,2699,15764,0,0,0,0,0
29627,ECG,2700,15664,0,0,0,0,0
29631,ECG,2701,15566,0,0,0,0,0
29631,ECG,2702,15467,0,0,0,0,0
29636,ECG,2703,15370,0,0,0,0,0
29636,ECG,2704,15273,0,0,0,0,0
29636,ECG,2705,15177,0,0,0,0,0
29641,ECG,2706,15081,0,0,0,0,0
29641,ECG,2707,14986,0,0,0,0,0
29646,ECG,2708,14891,0,0,0,0,0
29646,ECG,2709,14797,0,0,0,0,0
29646,ECG,2710,14704,0,0,0,0,0
29651,ECG,2711,14611,0,0,0,0,0
29651,ECG,2712,14519,0,0,0,0,0
29656,ECG,2713,14428,0,0,0,0,0
29656,ECG,2714,14337,0,0,0,0,0
29656,ECG,2715,14246,0,0,0,0,0
29661,ECG,2716,14156,0,0,0,0,0
29661,ECG,2717,14067,0,0,0,0,0
29666,ECG,2718,13890,0,0,0,0,0
29666,ECG,2719,13802,0,0,0,0,0
29671,ECG,2720,13715,0,0,0,0,0
29671,ECG,2721,13629,0,0,0,0,0
29676,ECG,2722,13457,0,0,0,0,0
29676,ECG,2723,13372,0,0,0,0,0
29681,ECG,2724,13288,0,0,0,0,0
29681,ECG,2725,13204,0,0,0,0,0
29681,ECG,2726,13121,0,0,0,0,0
29686,ECG,2727,13038,0,0,0,0,0
29686,ECG,2728,12956,0,0,0,0,0
29691,ECG,2729,12874,0,0,0,0,0
29691,ECG,2730,12793,0,0,0,0,0
29691,ECG,2731,12712,0,0,0,0,0
29696,ECG,2732,12632,0,0,0,0,0
29696,ECG,2733,12552,0,0,0,0,0
29701,ECG,2734,12394,0,0,0,0,0
29701,ECG,2735,12316,0,0,0,0,0
29706,ECG,2736,12238,0,0,0,0,0
29706,ECG,2737,12161,0,0,0,0,0
29707,ECG,2738,12084,0,0,0,0,0
29711,ECG,2739,12008,0,0,0,0,0
29711,ECG,2740,11932,0,0,0,0,0
29716,ECG,2741,11857,0,0,0,0,0
29716,ECG,2742,11782,0,0,0,0,0
29716,ECG,2743,11707,0,0,0,0,0
29721,ECG,2744,11633,0,0,0,0,0
29721,ECG,2745,11560,0,0,0,0,0
29726,ECG,2746,11487,0,0,0,0,0
29726,ECG,2747,11414,0,0,0,0,0
29726,ECG,2748,11342,0,0,0,0,0
29731,ECG,2749,11271,0,0,0,0,0
29731,ECG,2750,11199,0,0,0,0,0
29736,ECG,2751,11129,0,0,0,0,0
29736,ECG,2752,11058,0,0,0,0,0
29736,ECG,2753,10988,0,0,0,0,0
29741,ECG,2754,10919,0,0,0,0,0
29741,ECG,2755,10850,0,0,0,0,0
29746,ECG,2756,10713,0,0,0,0,0
29746,ECG,2757,10645,0,0,0,0,0
29751,ECG,2758,10578,0,0,0,0,0
29751,ECG,2759,10511,0,0,0,0,0
29756,ECG,2760,10379,0,0,0,0,0
29756,ECG,2761,10313,0,0,0,0,0
29761,ECG,2762,10248,0,0,0,0,0
29761,ECG,2763,10183,0,0,0,0,0
29761,ECG,2764,10118,0,0,0,0,0
29766,ECG,2765,10054,0,0,0,0,0
29766,ECG,2766,9991,0,0,0,0,0
29771,ECG,2767,9928,0,0,0,0,0
29771,ECG,2768,9865,0,0,0,0,0
29771,ECG,2769,9802,0,0,0,0,0
29776,ECG,2770,9740,0,0,0,0,0
29776,ECG,2771,9679,0,0,0,0,0
29781,ECG,2772,9617,0,0,0,0,0
29781,ECG,2773,9557,0,0,0,0,0
29781,ECG,2774,9496,0,0,0,0,0
29786,ECG,2775,9436,0,0,0,0,0
29786,ECG,2776,9376,0,0,0,0,0
29787,ECG,2777,9317,0,0,0,0,0
29791,ECG,2778,9258,0,0,0,0,0
29791,ECG,2779,9200,0,0,0,0,0
29796,ECG,2780,9141,0,0,0,0,0
29796,ECG,2781,9083,0,0,0,0,0
29801,ECG,2782,8969,0,0,0,0,0
29801,ECG,2783,8912,0,0,0,0,0
29806,ECG,2784,8855,0,0,0,0,0
29806,ECG,2785,8799,0,0,0,0,0
29806,ECG,2786,8744,0,0,0,0,0
29811,ECG,2787,8688,0,0,0,0,0
29811,ECG,2788,8633,0,0,0,0,0
29816,ECG,2789,8579,0,0,0,0,0
29816,ECG,2790,8523,0,0,0,0,0
29816,ECG,2791,8472,0,0,0,0,0
29821,ECG,2792,8416,0,0,0,0,0
29821,ECG,2793,8361,0,0,0,0,0
29826,ECG,2794,8279,0,0,0,0,0
29826,ECG,2795,8195,0,0,0,0,0
29831,ECG,2796,8118,0,0,0,0,0
29831,ECG,2797,8036,0,0,0,0,0
29836,ECG,2798,7887,0,0,0,0,0
29836,ECG,2799,7837,0,0,0,0,0
29841,ECG,2800,7804,0,0,0,0,0
29841,ECG,2801,7787,0,0,0,0,0
29841,ECG,2802,7767,0,0,0,0,0
29846,ECG,2803,7743,0,0,0,0,0
29846,ECG,2804,7725,0,0,0,0,0
29851,ECG,2805,7673,0,0,0,0,0
29851,ECG,2806,7602,0,0,0,0,0
29851,ECG,2807,7556,0,0,0,0,0
29856,ECG,2808,7510,0,0,0,0,0
29856,ECG,2809,7460,0,0,0,0,0
29861,ECG,2810,7414,0,0,0,0,0
29861,ECG,2811,7367,0,0,0,0,0
29861,ECG,2812,7320,0,0,0,0,0
29866,ECG,2813,7273,0,0,0,0,0
29866,ECG,2814,7227,0,0,0,0,0
29871,ECG,2815,7135,0,0,0,0,0
29871,ECG,2816,7091,0,0,0,0,0
29876,ECG,2817,7045,0,0,0,0,0
29876,ECG,2818,6999,0,0,0,0,0
29881,ECG,2819,6908,0,0,0,0,0
29881,ECG,2820,6870,0,0,0,0,0
29886,ECG,2821,6860,0,0,0,0,0
29886,ECG,2822,6802,0,0,0,0,0
29886,ECG,2823,6713,0,0,0,0,0
29891,ECG,2824,6637,0,0,0,0,0
29891,ECG,2825,6549,0,0,0,0,0
29896,ECG,2826,6466,0,0,0,0,0
29896,ECG,2827,6407,0,0,0,0,0
29896,ECG,2828,6373,0,0,0,0,0
29901,ECG,2829,6362,0,0,0,0,0
29901,ECG,2830,6367,0,0,0,0,0
29906,ECG,2831,6382,0,0,0,0,0
29906,ECG,2832,6358,0,0,0,0,0
29911,ECG,2833,6280,0,0,0,0,0
29911,ECG,2834,6191,0,0,0,0,0
29916,ECG,2835,6082,0,0,0,0,0
29916,ECG,2836,6040,0,0,0,0,0
29921,ECG,2837,6016,0,0,0,0,0
29921,ECG,2838,6000,0,0,0,0,0
29921,ECG,2839,5986,0,0,0,0,0
29926,ECG,2840,5967,0,0,0,0,0
29926,ECG,2841,5953,0,0,0,0,0
29931,ECG,2842,5916,0,0,0,0,0
29931,ECG,2843,5860,0,0,0,0,0
29931,ECG,2844,5823,0,0,0,0,0
29936,ECG,2845,5789,0,0,0,0,0
29936,ECG,2846,5749,0,0,0,0,0
29941,ECG,2847,5715,0,0,0,0,0
29941,ECG,2848,5677,0,0,0,0,0
29941,ECG,2849,5639,0,0,0,0,0
29946,ECG,2850,5610,0,0,0,0,0
29946,ECG,2851,5577,0,0,0,0,0
29951,ECG,2852,5488,0,0,0,0,0
29951,ECG,2853,5445,0,0,0,0,0
29956,ECG,2854,5401,0,0,0,0,0
29956,ECG,2855,5360,0,0,0,0,0
29961,ECG,2856,5297,0,0,0,0,0
29961,ECG,2857,5270,0,0,0,0,0
29966,ECG,2858,5257,0,0,0,0,0
29966,ECG,2859,5238,0,0,0,0,0
29966,ECG,2860,5196,0,0,0,0,0
29971,ECG,2861,5145,0,0,0,0,0
29971,ECG,2862,5088,0,0,0,0,0
29976,ECG,2863,5034,0,0,0,0,0
29976,ECG,2864,4989,0,0,0,0,0
29976,ECG,2865,4954,0,0,0,0,0
29981,ECG,2866,4931,0,0,0,0,0
29981,ECG,2867,4919,0,0,0,0,0
29986,ECG,2868,4892,0,0,0,0,0
29986,ECG,2869,4882,0,0,0,0,0
29991,ECG,2870,4856,0,0,0,0,0
29991,ECG,2871,4809,0,0,0,0,0
29992,ECG,2872,4777,0,0,0,0,0
29996,ECG,2873,4749,0,0,0,0,0
29996,ECG,2874,4717,0,0,0,0,0
30001,ECG,2875,4687,0,0,0,0,0
30001,ECG,2876,4657,0,0,0,0,0
30001,ECG,2877,4627,0,0,0,0,0
30006,ECG,2878,4598,0,0,0,0,0
30006,ECG,2879,4568,0,0,0,0,0
30011,ECG,2880,4539,0,0,0,0,0
30011,ECG,2881,4510,0,0,0,0,0
30011,ECG,2882,4481,0,0,0,0,0
30016,ECG,2883,4452,0,0,0,0,0
30016,ECG,2884,4424,0,0,0,0,0
30021,ECG,2885,4396,0,0,0,0,0
30021,ECG,2886,4367,0,0,0,0,0
30021,ECG,2887,4339,0,0,0,0,0
30026,ECG,2888,4312,0,0,0,0,0
30026,ECG,2889,4284,0,0,0,0,0
30031,ECG,2890,4229,0,0,0,0,0
30031,ECG,2891,4203,0,0,0,0,0
30036,ECG,2892,4174,0,0,0,0,0
30036,ECG,2893,4149,0,0,0,0,0
30041,ECG,2894,4093,0,0,0,0,0
30041,ECG,2895,4078,0,0,0,0,0
30046,ECG,2896,4056,0,0,0,0,0
30046,ECG,2897,4014,0,0,0,0,0
30046,ECG,2898,3974,0,0,0,0,0
30051,ECG,2899,3934,0,0,0,0,0
30051,ECG,2900,3891,0,0,0,0,0
30056,ECG,2901,3856,0,0,0,0,0
30056,ECG,2902,3830,0,0,0,0,0
30056,ECG,2903,3813,0,0,0,0,0
30061,ECG,2904,3805,0,0,0,0,0
30061,ECG,2905,3797,0,0,0,0,0
30066,ECG,2906,3785,0,0,0,0,0
30066,ECG,2907,3778,0,0,0,0,0
30066,ECG,2908,3756,0,0,0,0,0
30071,ECG,2909,3719,0,0,0,0,0
30071,ECG,2910,3695,0,0,0,0,0
30072,ECG,2911,3673,0,0,0,0,0
30076,ECG,2912,3648,0,0,0,0,0
30076,ECG,2913,3625,0,0,0,0,0
30081,ECG,2914,3602,0,0,0,0,0
30081,ECG,2915,3578,0,0,0,0,0
30086,ECG,2916,3532,0,0,0,0,0
30086,ECG,2917,3510,0,0,0,0,0
30091,ECG,2918,3487,0,0,0,0,0
30091,ECG,2919,3465,0,0,0,0,0
30091,ECG,2920,3443,0,0,0,0,0
30096,ECG,2921,3420,0,0,0,0,0
30096,ECG,2922,3398,0,0,0,0,0
30101,ECG,2923,3376,0,0,0,0,0
30101,ECG,2924,3353,0,0,0,0,0
30101,ECG,2925,3338,0,0,0,0,0
30106,ECG,2926,3320,0,0,0,0,0
30106,ECG,2927,3289,0,0,0,0,0
30111,ECG,2928,3228,0,0,0,0,0
30111,ECG,2929,3195,0,0,0,0,0
30116,ECG,2930,3167,0,0,0,0,0
30116,ECG,2931,3145,0,0,0,0,0
30121,ECG,2932,3118,0,0,0,0,0
30121,ECG,2933,3112,0,0,0,0,0
30126,ECG,2934,3107,0,0,0,0,0
30126,ECG,2935,3094,0,0,0,0,0
30126,ECG,2936,3067,0,0,0,0,0
30131,ECG,2937,3032,0,0,0,0,0
30131,ECG,2938,3002,0,0,0,0,0
30136,ECG,2939,2976,0,0,0,0,0
30136,ECG,2940,2953,0,0,0,0,0
30136,ECG,2941,2936,0,0,0,0,0
30141,ECG,2942,2924,0,0,0,0,0
30141,ECG,2943,2915,0,0,0,0,0
30146,ECG,2944,2903,0,0,0,0,0
30146,ECG,2945,2894,0,0,0,0,0
30146,ECG,2946,2882,0,0,0,0,0
30151,ECG,2947,2857,0,0,0,0,0
30151,ECG,2948,2835,0,0,0,0,0
30156,ECG,2949,2799,0,0,0,0,0
30156,ECG,2950,2781,0,0,0,0,0
30161,ECG,2951,2763,0,0,0,0,0
30161,ECG,2952,2745,0,0,0,0,0
30166,ECG,2953,2710,0,0,0,0,0
30166,ECG,2954,2692,0,0,0,0,0
30171,ECG,2955,2675,0,0,0,0,0
30171,ECG,2956,2657,0,0,0,0,0
30171,ECG,2957,2640,0,0,0,0,0
30176,ECG,2958,2623,0,0,0,0,0
30176,ECG,2959,2606,0,0,0,0,0
30181,ECG,2960,2589,0,0,0,0,0
30181,ECG,2961,2572,0,0,0,0,0
30181,ECG,2962,2555,0,0,0,0,0
30186,ECG,2963,2538,0,0,0,0,0
30186,ECG,2964,2522,0,0,0,0,0
30191,ECG,2965,2489,0,0,0,0,0
30191,ECG,2966,2474,0,0,0,0,0
30196,ECG,2967,2456,0,0,0,0,0
30196,ECG,2968,2442,0,0,0,0,0
30201,ECG,2969,2404,0,0,0,0,0
30201,ECG,2970,2411,0,0,0,0,0
30206,ECG,2971,2409,0,0,0,0,0
30206,ECG,2972,2359,0,0,0,0,0
30206,ECG,2973,2310,0,0,0,0,0
30211,ECG,2974,2262,0,0,0,0,0
30211,ECG,2975,2205,0,0,0,0,0
30216,ECG,2976,2165,0,0,0,0,0
30216,ECG,2977,2147,0,0,0,0,0
30216,ECG,2978,2148,0,0,0,0,0
30221,ECG,2979,2171,0,0,0,0,0
30221,ECG,2980,2196,0,0,0,0,0
30226,ECG,2981,2211,0,0,0,0,0
30226,ECG,2982,2236,0,0,0,0,0
30226,ECG,2983,2232,0,0,0,0,0
30231,ECG,2984,2189,0,0,0,0,0
30231,ECG,2985,2170,0,0,0,0,0
30236,ECG,2986,2143,0,0,0,0,0
30236,ECG,2987,2131,0,0,0,0,0
30241,ECG,2988,2117,0,0,0,0,0
30241,ECG,2989,2102,0,0,0,0,0
30246,ECG,2990,2075,0,0,0,0,0
30246,ECG,2991,2061,0,0,0,0,0
30251,ECG,2992,2048,0,0,0,0,0
30251,ECG,2993,2034,0,0,0,0,0
30251,ECG,2994,2021,0,0,0,0,0
30256,ECG,2995,2008,0,0,0,0,0
30256,ECG,2996,1995,0,0,0,0,0
30261,ECG,2997,1982,0,0,0,0,0
30261,ECG,2998,1969,0,0,0,0,0
30261,ECG,2999,1956,0,0,0,0,0
30266,ECG,3000,1943,0,0,0,0,0
30266,ECG,3001,1930,0,0,0,0,0
30271,ECG,3002,1904,0,0,0,0,0
30271,ECG,3003,1892,0,0,0,0,0
30276,ECG,3004,1880,0,0,0,0,0
30276,ECG,3005,1866,0,0,0,0,0
30277,ECG,3006,1855,0,0,0,0,0
30281,ECG,3007,1842,0,0,0,0,0
30281,ECG,3008,1830,0,0,0,0,0
30286,ECG,3009,1825,0,0,0,0,0
30286,ECG,3010,1812,0,0,0,0,0
30286,ECG,3011,1790,0,0,0,0,0
30291,ECG,3012,1772,0,0,0,0,0
30291,ECG,3013,1750,0,0,0,0,0
30296,ECG,3014,1730,0,0,0,0,0
30296,ECG,3015,1714,0,0,0,0,0
30296,ECG,3016,1703,0,0,0,0,0
30301,ECG,3017,1697,0,0,0,0,0
30301,ECG,3018,1696,0,0,0,0,0
30306,ECG,3019,1693,0,0,0,0,0
30306,ECG,3020,1689,0,0,0,0,0
30306,ECG,3021,1687,0,0,0,0,0
30311,ECG,3022,1674,0,0,0,0,0
30311,ECG,3023,1656,0,0,0,0,0
30316,ECG,3024,1636,0,0,0,0,0
30316,ECG,3025,1625,0,0,0,0,0
30321,ECG,3026,1615,0,0,0,0,0
30321,ECG,3027,1604,0,0,0,0,0
30326,ECG,3028,1582,0,0,0,0,0
30326,ECG,3029,1572,0,0,0,0,0
30331,ECG,3030,1561,0,0,0,0,0
30331,ECG,3031,1551,0,0,0,0,0
30331,ECG,3032,1541,0,0,0,0,0
30336,ECG,3033,1531,0,0,0,0,0
30336,ECG,3034,1519,0,0,0,0,0
30341,ECG,3035,1511,0,0,0,0,0
30341,ECG,3036,1499,0,0,0,0,0
30341,ECG,3037,1489,0,0,0,0,0
30346,ECG,3038,1493,0,0,0,0,0
30346,ECG,3039,1481,0,0,0,0,0
30351,ECG,3040,1452,0,0,0,0,0
30351,ECG,3041,1428,0,0,0,0,0
30351,ECG,3042,1401,0,0,0,0,0
30356,ECG,3043,1371,0,0,0,0,0
30356,ECG,3044,1355,0,0,0,0,0
30357,ECG,3045,1347,0,0,0,0,0
30361,ECG,3046,1345,0,0,0,0,0
30361,ECG,3047,1373,0,0,0,0,0
30366,ECG,3048,1390,0,0,0,0,0
30366,ECG,3049,1370,0,0,0,0,0
30366,ECG,3050,1355,0,0,0,0,0
30371,ECG,3051,1318,0,0,0,0,0
30371,ECG,3052,1267,0,0,0,0,0
30376,ECG,3053,1241,0,0,0,0,0
30376,ECG,3054,1233,0,0,0,0,0
30376,ECG,3055,1236,0,0,0,0,0
30381,ECG,3056,1243,0,0,0,0,0
30381,ECG,3057,1298,0,0,0,0,0
30386,ECG,3058,1341,0,0,0,0,0
30386,ECG,3059,1306,0,0,0,0,0
30386,ECG,3060,1244,0,0,0,0,0
30391,ECG,3061,1158,0,0,0,0,0
30391,ECG,3062,1076,0,0,0,0,0
30396,ECG,3063,1006,0,0,0,0,0
30396,ECG,3064,1023,0,0,0,0,0
30401,ECG,3065,1077,0,0,0,0,0
30401,ECG,3066,1139,0,0,0,0,0
30406,ECG,3067,1241,0,0,0,0,0
30406,ECG,3068,1248,0,0,0,0,0
30411,ECG,3069,1201,0,0,0,0,0
30411,ECG,3070,1181,0,0,0,0,0
30411,ECG,3071,1185,0,0,0,0,0
26907,IMU,416,1308,-116,8384,-92,62,36
26930,IMU,417,1388,-68,8412,-87,76,26
26948,IMU,418,1360,-60,8340,-96,54,19
26964,IMU,419,1324,-136,8364,-92,64,35
26983,IMU,420,1384,-100,8380,-97,68,44
27003,IMU,421,1392,-120,8432,-73,57,39
27022,IMU,422,1332,-64,8320,-95,52,30
27041,IMU,423,1388,-92,8456,-91,56,49
27060,IMU,424,1392,-56,8356,-102,55,43
27079,IMU,425,1316,-132,8408,-84,66,21
27098,IMU,426,1284,-16,8420,-104,57,39
27117,IMU,427,1380,-48,8392,-100,49,49
27139,IMU,428,1320,-88,8408,-73,60,35
27157,IMU,429,1400,-192,8328,-92,66,55
27175,IMU,430,1316,-132,8308,-79,57,52
27194,IMU,431,1380,-24,8312,-87,58,48
27213,IMU,432,1404,-20,8500,-94,66,39
27232,IMU,433,1220,-56,8464,-64,54,29
27252,IMU,434,1296,-136,8416,-83,63,49
27271,IMU,435,1328,-60,8428,-100,52,30
27290,IMU,436,1448,-12,8380,-70,59,53
27309,IMU,437,1352,-76,8440,-80,52,39
27328,IMU,438,1388,-52,8428,-96,54,34
27348,IMU,439,1400,-36,8380,-87,55,43
27370,IMU,440,1344,-40,8512,-90,61,53
27386,IMU,441,1284,-136,8392,-89,56,42
27405,IMU,442,1268,-8,8432,-94,56,37
27424,IMU,443,1380,-24,8312,-95,60,38
27443,IMU,444,1392,-8,8444,-90,61,42
27463,IMU,445,1280,-152,8368,-78,63,52
27482,IMU,446,1308,40,8340,-100,67,35
27501,IMU,447,1356,-80,8328,-82,72,32
27520,IMU,448,1408,36,8352,-95,63,42
27539,IMU,449,1368,-108,8464,-74,57,37
27559,IMU,450,1412,-104,8444,-94,62,48
27581,IMU,451,1416,-160,8412,-74,53,51
27597,IMU,452,1388,-44,8392,-98,55,27
27616,IMU,453,1288,-4,8416,-82,63,28
27636,IMU,454,1452,-68,8376,-79,55,53
27654,IMU,455,1356,-44,8396,-90,46,24
27673,IMU,456,1300,-76,8388,-89,46,41
27693,IMU,457,1356,-16,8368,-77,61,29
27712,IMU,458,1332,-164,8412,-104,58,65
27731,IMU,459,1352,-108,8368,-84,56,38
27750,IMU,460,1360,-208,8352,-117,59,40
27770,IMU,461,1456,-16,8420,-92,68,42
27788,IMU,462,1440,-64,8388,-95,52,28
27810,IMU,463,1388,-92,8404,-98,65,34
27827,IMU,464,1396,-132,8468,-102,73,37
27846,IMU,465,1336,-140,8352,-90,66,42
27865,IMU,466,1348,-76,8336,-94,65,34
27884,IMU,467,1408,-132,8340,-89,45,52
27903,IMU,468,1316,-16,8424,-93,43,54
27923,IMU,469,1400,-160,8436,-92,43,45
27942,IMU,470,1360,-140,8404,-92,57,43
27961,IMU,471,1292,-196,8264,-85,66,29
27980,IMU,472,1328,-88,8332,-101,66,42
27999,IMU,473,1436,-76,8312,-85,53,51
28020,IMU,474,1328,-56,8412,-95,67,51
28037,IMU,475,1356,-156,8408,-84,49,28
28057,IMU,476,1272,-188,8364,-98,53,23
28076,IMU,477,1396,-64,8384,-85,59,31
28095,IMU,478,1412,-40,8328,-95,55,56
28114,IMU,479,1340,0,8268,-78,58,51
28133,IMU,480,1328,-120,8436,-83,65,39
28152,IMU,481,1280,-28,8428,-89,60,33
28172,IMU,482,1196,-116,8420,-83,63,34
28191,IMU,483,1264,-224,8356,-81,59,45
28210,IMU,484,1356,-56,8488,-88,49,31
28231,IMU,485,1332,-28,8352,-89,63,40
28250,IMU,486,1444,-136,8376,-83,65,37
28267,IMU,487,1400,-96,8396,-93,50,48
28287,IMU,488,1284,-100,8352,-105,67,52
28306,IMU,489,1376,-52,8416,-77,59,50
28327,IMU,490,1328,-56,8372,-81,80,57
28344,IMU,491,1308,-124,8416,-97,53,47
28363,IMU,492,1348,-72,8424,-94,64,37
28382,IMU,493,1364,-16,8376,-82,58,39
28401,IMU,494,1340,-88,8456,-109,57,55
28420,IMU,495,1360,-40,8384,-85,68,47
28439,IMU,496,1528,-132,8376,-86,56,40
28460,IMU,497,1360,-40,8364,-83,44,23
28478,IMU,498,1376,-108,8408,-75,56,57
28497,IMU,499,1448,-72,8412,-98,71,49
28516,IMU,500,1392,-52,8452,-89,61,29
28535,IMU,501,1328,-20,8340,-96,72,50
28554,IMU,502,1336,-116,8372,-95,62,51
28574,IMU,503,1420,-76,8464,-94,72,27
28593,IMU,504,1408,-36,8344,-92,60,35
28612,IMU,505,1428,-116,8340,-90,61,41
28631,IMU,506,1392,-72,8412,-82,62,42
28650,IMU,507,1376,-24,8408,-93,67,47
28673,IMU,508,1376,8,8456,-90,62,33
28689,IMU,509,1392,0,8344,-79,72,43
28708,IMU,510,1392,-176,8424,-82,63,22
28727,IMU,511,1352,-60,8416,-97,51,40
28746,IMU,512,1376,-84,8384,-88,50,31
28765,IMU,513,1392,-176,8428,-88,55,31
28784,IMU,514,1292,-92,8368,-86,64,51
28804,IMU,515,1452,-32,8400,-83,59,55
28823,IMU,516,1392,-56,8364,-102,47,21
28842,IMU,517,1428,-60,8428,-93,56,49
28861,IMU,518,1404,24,8380,-77,63,46
28880,IMU,519,1368,-108,8396,-105,72,46
28901,IMU,520,1452,-24,8396,-97,50,30
28918,IMU,521,1356,-56,8316,-77,58,48
28938,IMU,522,1276,-52,8312,-103,65,30
28957,IMU,523,1324,-96,8472,-82,65,27
28976,IMU,524,1360,24,8344,-76,51,46
28995,IMU,525,1468,-112,8356,-89,72,46
29014,IMU,526,1348,-88,8352,-86,49,50
29033,IMU,527,1304,-76,8364,-79,67,35
29053,IMU,528,1324,-104,8364,-99,56,24
29072,IMU,529,1436,-108,8456,-98,63,57
29091,IMU,530,1296,-76,8420,-89,76,57
29112,IMU,531,1320,-120,8356,-80,76,48
29129,IMU,532,1380,-92,8344,-87,48,40
29148,IMU,533,1372,-28,8392,-81,58,36
29167,IMU,534,1352,-140,8428,-98,65,36
29187,IMU,535,1440,-8,8392,-109,79,33
29206,IMU,536,1456,-24,8352,-96,69,33
29225,IMU,537,1432,8,8412,-100,72,67
29244,IMU,538,1304,-148,8324,-94,75,37
29263,IMU,539,1352,-100,8320,-95,63,42
29282,IMU,540,1340,-132,8360,-95,60,23
29302,IMU,541,1400,-124,8312,-81,43,8
29323,IMU,542,1320,-220,8376,-92,63,40
29342,IMU,543,1412,-16,8456,-95,63,54
29360,IMU,544,1404,-112,8368,-104,47,32
29379,IMU,545,1388,-64,8352,-83,71,47
29398,IMU,546,1388,-80,8420,-78,46,51
29417,IMU,547,1404,-152,8396,-100,58,46
29436,IMU,548,1376,20,8300,-69,70,53
29455,IMU,549,1332,-72,8304,-88,61,45
29474,IMU,550,1432,-128,8428,-101,53,31
29494,IMU,551,1436,-104,8428,-82,60,32
29513,IMU,552,1304,-108,8408,-98,47,59
29532,IMU,553,1384,-108,8444,-87,48,50
29552,IMU,554,1440,-128,8392,-75,59,55
29570,IMU,555,1320,-100,8340,-97,69,41
29589,IMU,556,1380,-160,8396,-85,73,52
29609,IMU,557,1324,-92,8396,-89,54,39
29628,IMU,558,1408,-160,8364,-95,71,39
29647,IMU,559,1304,-52,8412,-83,60,38
29666,IMU,560,1420,-92,8392,-93,61,44
29685,IMU,561,1276,-20,8376,-76,39,49
29704,IMU,562,1332,-28,8364,-105,65,28
29724,IMU,563,1388,-96,8416,-89,66,34
29743,IMU,564,1308,-8,8384,-88,43,49
29765,IMU,565,1288,-80,8368,-68,69,53
29782,IMU,566,1396,-68,8380,-97,74,31
29800,IMU,567,1380,-20,8432,-66,56,56
29819,IMU,568,1416,-132,8404,-88,54,46
29839,IMU,569,1376,-144,8436,-76,59,19
29858,IMU,570,1340,-40,8400,-95,55,42
29877,IMU,571,1364,-52,8440,-90,70,57
29895,IMU,572,1440,-8,8320,-88,52,40
29915,IMU,573,1264,-4,8452,-97,55,38
29934,IMU,574,1400,-40,8360,-80,54,56
29953,IMU,575,1372,-52,8276,-85,70,46
29973,IMU,576,1320,-128,8336,-107,61,51
29993,IMU,577,1400,-148,8332,-79,45,58
30010,IMU,578,1264,-168,8404,-93,52,56
30030,IMU,579,1396,-140,8412,-87,63,36
30049,IMU,580,1360,-68,8448,-77,61,44
30068,IMU,581,1356,-104,8396,-78,61,43
30087,IMU,582,1344,-40,8384,-106,67,47
30107,IMU,583,1344,-72,8356,-88,54,47
30125,IMU,584,1416,-204,8400,-88,55,41
30145,IMU,585,1340,-72,8372,-84,63,42
30164,IMU,586,1340,-32,8372,-121,61,41
30183,IMU,587,1320,-108,8428,-106,47,45
30205,IMU,588,1408,-80,8340,-92,55,35
30222,IMU,589,1324,-60,8380,-85,46,32
30240,IMU,590,1348,-40,8344,-66,57,41
30260,IMU,591,1324,-88,8392,-85,54,33
30279,IMU,592,1380,-100,8388,-100,55,44
30298,IMU,593,1292,-108,8424,-83,57,43
30317,IMU,594,1396,-152,8428,-82,49,40
30337,IMU,595,1268,-28,8424,-93,62,66
30355,IMU,596,1432,-128,8380,-77,55,42
30375,IMU,597,1344,-100,8428,-85,51,55
30395,IMU,598,1348,-132,8356,-84,53,36
30415,IMU,599,1480,-216,8460,-98,53,45
30434,IMU,600,1392,-60,8412,-78,53,66
30454,IMU,601,1352,-140,8388,-86,43,39
30470,IMU,602,1248,-132,8364,-74,46,54
30489,IMU,603,1428,16,8372,-101,50,47
30509,IMU,604,1408,-68,8396,-79,63,37
30528,IMU,605,1272,-104,8324,-94,75,42
30547,IMU,606,1352,-20,8328,-93,65,21
30566,IMU,607,1392,-12,8424,-96,72,45
30585,IMU,608,1264,-136,8284,-82,69,43
30604,IMU,609,1428,-144,8420,-76,67,24
30624,IMU,610,1388,-96,8404,-90,66,46
30647,IMU,611,1396,-56,8376,-98,68,41
30662,IMU,612,1360,-92,8432,-73,54,38
30681,IMU,613,1356,-52,8404,-83,64,40
30700,IMU,614,1396,-12,8412,-88,54,51
30719,IMU,615,1420,-48,8356,-81,59,48
30738,IMU,616,1280,-48,8404,-92,64,38
30758,IMU,617,1416,-180,8404,-94,59,34
30777,IMU,618,1340,-44,8416,-93,58,47
30796,IMU,619,1412,-120,8440,-91,85,52
30815,IMU,620,1332,-68,8368,-86,60,34
30834,IMU,621,1416,-40,8316,-95,65,48
30857,IMU,622,1352,-76,8320,-88,75,60
30875,IMU,623,1336,-140,8448,-88,69,45
26892,PPG,100,140487,68936,0,0,0,0
26973,PPG,101,140498,68946,0,0,0,0
27050,PPG,102,140486,68942,0,0,0,0
27129,PPG,103,140490,68948,0,0,0,0
27209,PPG,104,140493,68946,0,0,0,0
27292,PPG,105,140488,68942,0,0,0,0
27374,PPG,106,140492,68947,0,0,0,0
27448,PPG,107,140484,68942,0,0,0,0
27527,PPG,108,140481,68937,0,0,0,0
27607,PPG,109,140482,68953,0,0,0,0
27687,PPG,110,140485,68945,0,0,0,0
27771,PPG,111,140488,68953,0,0,0,0
27848,PPG,112,140478,68936,0,0,0,0
27925,PPG,113,140489,68943,0,0,0,0
28005,PPG,114,140487,68951,0,0,0,0
28084,PPG,115,140482,68950,0,0,0,0
28164,PPG,116,140471,68934,0,0,0,0
28252,PPG,117,140477,68938,0,0,0,0
28327,PPG,118,140496,68940,0,0,0,0
28403,PPG,119,140492,68949,0,0,0,0
28482,PPG,120,140498,68950,0,0,0,0
28561,PPG,121,140492,68943,0,0,0,0
28641,PPG,122,140480,68951,0,0,0,0
28720,PPG,123,140494,68953,0,0,0,0
28804,PPG,124,140504,68958,0,0,0,0
28891,PPG,125,140481,68947,0,0,0,0
28959,PPG,126,140488,68945,0,0,0,0
29039,PPG,127,140506,68959,0,0,0,0
29122,PPG,128,140488,68952,0,0,0,0
29198,PPG,129,140497,68946,0,0,0,0
29277,PPG,130,140485,68950,0,0,0,0
29360,PPG,131,140476,68946,0,0,0,0
29438,PPG,132,140491,68941,0,0,0,0
29516,PPG,133,140493,68949,0,0,0,0
29595,PPG,134,140489,68950,0,0,0,0
29675,PPG,135,140506,68938,0,0,0,0
29755,PPG,136,140489,68952,0,0,0,0
29834,PPG,137,140484,68938,0,0,0,0
29918,PPG,138,140481,68946,0,0,0,0
29996,PPG,139,140495,68943,0,0,0,0
30074,PPG,140,140492,68940,0,0,0,0
30153,PPG,141,140488,68956,0,0,0,0
30232,PPG,142,140488,68954,0,0,0,0
30312,PPG,143,140489,68943,0,0,0,0
30395,PPG,144,140489,68956,0,0,0,0
30473,PPG,145,140473,68948,0,0,0,0
30553,PPG,146,140481,68964,0,0,0,0
30649,PPG,147,140490,68937,0,0,0,0
30711,PPG,148,140488,68944,0,0,0,0
30791,PPG,149,140491,68954,0,0,0,0
30875,PPG,150,140494,68961,0,0,0,0
30954,PPG,151,140493,68938,0,0,0,0
31028,PPG,152,140497,68951,0,0,0,0
31107,PPG,153,140497,68951,0,0,0,0
31186,PPG,154,140481,68942,0,0,0,0
31266,PPG,155,140480,68948,0,0,0,0
31346,PPG,156,140495,68954,0,0,0,0
31429,PPG,157,140481,68952,0,0,0,0
31529,PPG,158,140494,68953,0,0,0,0
31585,PPG,159,140479,68949,0,0,0,0
31664,PPG,160,140497,68953,0,0,0,0
31744,PPG,161,140482,68945,0,0,0,0
31823,PPG,162,140484,68947,0,0,0,0
31902,PPG,163,140486,68951,0,0,0,0
31986,PPG,164,140487,68947,0,0,0,0
32063,PPG,165,140489,68950,0,0,0,0
32141,PPG,166,140492,68945,0,0,0,0
32221,PPG,167,140483,68945,0,0,0,0
32301,PPG,168,140488,68941,0,0,0,0
32395,PPG,169,140486,68945,0,0,0,0
32464,PPG,170,140484,68944,0,0,0,0
32542,PPG,171,140491,68942,0,0,0,0
32620,PPG,172,140491,68945,0,0,0,0
32698,PPG,173,140490,68953,0,0,0,0
32777,PPG,174,140481,68949,0,0,0,0
32857,PPG,175,140490,68940,0,0,0,0
32937,PPG,176,140485,68946,0,0,0,0
33020,PPG,177,140485,68940,0,0,0,0
33097,PPG,178,140480,68948,0,0,0,0
33175,PPG,179,140486,68949,0,0,0,0
33272,PPG,180,140486,68936,0,0,0,0
33334,PPG,181,140482,68953,0,0,0,0
33414,PPG,182,140504,68945,0,0,0,0
33493,PPG,183,140485,68942,0,0,0,0
33577,PPG,184,140481,68947,0,0,0,0
33653,PPG,185,140484,68948,0,0,0,0
33733,PPG,186,140488,68951,0,0,0,0
33812,PPG,187,140479,68945,0,0,0,0
33892,PPG,188,140491,68953,0,0,0,0
33971,PPG,189,140484,68943,0,0,0,0
34054,PPG,190,140486,68939,0,0,0,0
34151,PPG,191,140479,68933,0,0,0,0
34209,PPG,192,140478,68940,0,0,0,0
34289,PPG,193,140472,68956,0,0,0,0
34368,PPG,194,140476,68952,0,0,0,0
34448,PPG,195,140493,68949,0,0,0,0
34528,PPG,196,140493,68947,0,0,0,0
34611,PPG,197,140489,68947,0,0,0,0
34687,PPG,198,140486,68941,0,0,0,0
34766,PPG,199,140481,68952,0,0,0,0
30892,IMU,624,1436,-52,8460,-82,51,52
30911,IMU,625,1308,-116,8348,-89,46,27
30930,IMU,626,1340,20,8316,-87,67,64
30949,IMU,627,1304,-152,8360,-109,44,47
30968,IMU,628,1384,-16,8360,-70,73,43
30988,IMU,629,1396,-92,8432,-80,70,34
31007,IMU,630,1392,-88,8412,-80,50,42
31026,IMU,631,1404,-44,8280,-80,59,46
31045,IMU,632,1392,-96,8356,-81,59,45
31064,IMU,633,1376,-100,8360,-92,52,39
31085,IMU,634,1380,-152,8432,-88,73,49
31103,IMU,635,1372,-16,8368,-61,71,44
31122,IMU,636,1356,-32,8384,-82,49,53
31141,IMU,637,1296,-20,8464,-101,71,48
31160,IMU,638,1308,-100,8372,-83,57,32
31179,IMU,639,1488,-48,8400,-92,56,37
31198,IMU,640,1440,-52,8372,-81,60,30
31217,IMU,641,1320,-144,8392,-101,50,13
31237,IMU,642,1356,-100,8392,-101,59,46
31256,IMU,643,1296,-16,8348,-76,55,49
31275,IMU,644,1272,-180,8392,-92,53,32
31296,IMU,645,1348,-72,8356,-100,45,48
31313,IMU,646,1340,-68,8404,-87,63,46
31332,IMU,647,1324,-60,8448,-94,73,28
31352,IMU,648,1428,-136,8416,-94,63,56
31371,IMU,649,1380,-92,8360,-92,58,39
31390,IMU,650,1400,-136,8400,-94,52,48
31409,IMU,651,1388,-116,8440,-110,63,48
31429,IMU,652,1416,-156,8484,-86,65,46
31447,IMU,653,1420,-104,8344,-91,47,46
31467,IMU,654,1308,-148,8400,-97,69,47
31486,IMU,655,1464,-12,8360,-88,66,33
31507,IMU,656,1368,-232,8388,-93,61,32
31529,IMU,657,1300,-80,8388,-81,78,29
31544,IMU,658,1400,0,8424,-96,56,45
31562,IMU,659,1308,-56,8376,-91,56,43
31582,IMU,660,1448,-96,8360,-101,55,49
31601,IMU,661,1452,-128,8448,-98,66,50
31620,IMU,662,1324,-24,8392,-98,56,43
31639,IMU,663,1380,-84,8416,-79,46,24
31658,IMU,664,1388,-36,8364,-97,53,46
31677,IMU,665,1408,-144,8452,-104,49,53
31697,IMU,666,1416,-116,8352,-87,65,46
31716,IMU,667,1272,-40,8488,-70,48,34
31737,IMU,668,1300,-68,8400,-82,76,48
31754,IMU,669,1376,-44,8356,-81,55,30
31773,IMU,670,1412,-32,8436,-84,58,47
31792,IMU,671,1344,-140,8460,-110,54,48
31812,IMU,672,1400,-68,8416,-85,52,36
31831,IMU,673,1232,-100,8332,-75,47,52
31850,IMU,674,1324,-76,8436,-91,60,35
31869,IMU,675,1344,-64,8352,-110,60,52
31888,IMU,676,1332,-96,8452,-83,52,36
31907,IMU,677,1232,-112,8380,-81,48,46
31927,IMU,678,1440,8,8368,-89,49,35
31949,IMU,679,1392,-176,8420,-96,66,43
31966,IMU,680,1440,-128,8420,-89,44,40
31986,IMU,681,1392,-160,8396,-87,63,40
32003,IMU,682,1336,-96,8368,-82,28,40
32022,IMU,683,1376,-128,8392,-96,77,35
32042,IMU,684,1324,-28,8396,-104,50,43
32061,IMU,685,1332,-64,8408,-101,65,60
32080,IMU,686,1388,-96,8388,-91,57,40
32099,IMU,687,1448,-68,8372,-100,71,37
32118,IMU,688,1300,-68,8420,-93,69,38
32137,IMU,689,1316,-8,8408,-83,71,52
32157,IMU,690,1344,-32,8412,-84,36,47
32177,IMU,691,1292,-12,8368,-83,65,38
32195,IMU,692,1240,-88,8380,-82,49,37
32214,IMU,693,1364,-108,8348,-87,69,42
32233,IMU,694,1304,-4,8360,-89,45,38
32252,IMU,695,1376,-112,8412,-91,61,34
32271,IMU,696,1332,8,8332,-100,42,35
32291,IMU,697,1428,-80,8324,-90,67,36
32310,IMU,698,1340,-16,8384,-89,55,40
32329,IMU,699,1360,-96,8376,-93,57,24
32348,IMU,700,1388,-40,8356,-80,53,23
32367,IMU,701,1320,-108,8404,-82,70,48
32391,IMU,702,1284,-100,8444,-99,60,24
32406,IMU,703,1460,-164,8352,-79,64,43
32428,IMU,704,1400,-96,8384,-102,69,62
32444,IMU,705,1352,-84,8392,-75,50,29
32464,IMU,706,1444,-72,8408,-83,72,41
32482,IMU,707,1384,32,8408,-107,64,41
32501,IMU,708,1368,-20,8408,-100,56,59
32521,IMU,709,1312,-128,8452,-89,63,37
32540,IMU,710,1304,-104,8392,-106,52,40
32559,IMU,711,1324,-44,8328,-97,60,50
32578,IMU,712,1220,-64,8368,-98,54,47
32598,IMU,713,1416,-108,8364,-94,55,46
32617,IMU,714,1264,-60,8356,-85,59,27
32635,IMU,715,1348,-28,8420,-100,49,38
32654,IMU,716,1372,0,8424,-102,49,30
32674,IMU,717,1360,-40,8408,-83,50,41
32693,IMU,718,1396,-40,8416,-91,74,45
32712,IMU,719,1352,-44,8316,-78,68,33
32731,IMU,720,1400,-108,8436,-92,49,41
32750,IMU,721,1368,16,8388,-85,45,31
32769,IMU,722,1312,-112,8436,-87,70,40
32788,IMU,723,1372,-128,8432,-85,60,49
32808,IMU,724,1348,-100,8392,-102,51,46
32828,IMU,725,1392,-88,8388,-73,63,49
32846,IMU,726,1452,-84,8352,-92,62,45
32865,IMU,727,1296,-92,8364,-89,68,44
32884,IMU,728,1336,-52,8384,-82,43,62
32903,IMU,729,1380,32,8472,-74,59,40
32923,IMU,730,1340,-108,8340,-82,67,29
32942,IMU,731,1320,-144,8280,-97,69,46
32961,IMU,732,1368,-124,8384,-81,49,56
32980,IMU,733,1360,-104,8356,-79,70,32
32999,IMU,734,1348,-108,8440,-81,68,40
33020,IMU,735,1268,-100,8408,-79,50,51
33041,IMU,736,1304,-72,8408,-88,66,14
33057,IMU,737,1376,-100,8352,-87,48,41
33076,IMU,738,1448,4,8368,-70,61,40
33095,IMU,739,1388,-48,8452,-70,53,39
33114,IMU,740,1448,-132,8392,-111,46,29
33133,IMU,741,1300,-16,8412,-79,61,36
33153,IMU,742,1268,-88,8384,-82,87,41
33172,IMU,743,1316,-48,8348,-78,68,31
33191,IMU,744,1356,-16,8416,-73,62,24
33210,IMU,745,1396,-40,8360,-78,67,35
33229,IMU,746,1420,-132,8376,-87,58,40
33248,IMU,747,1424,-96,8480,-93,77,44
33272,IMU,748,1388,-48,8340,-88,53,38
33287,IMU,749,1412,-96,8324,-85,55,39
33306,IMU,750,1432,-84,8324,-90,59,33
33325,IMU,751,1332,-112,8416,-74,49,40
33344,IMU,752,1416,-48,8364,-92,59,54
33363,IMU,753,1440,-72,8400,-87,69,48
33382,IMU,754,1376,-136,8400,-87,61,50
33402,IMU,755,1460,-124,8352,-89,52,18
33421,IMU,756,1404,-76,8380,-87,71,52
33440,IMU,757,1384,-64,8412,-100,44,46
33459,IMU,758,1344,4,8460,-92,55,27
33480,IMU,759,1328,-12,8416,-96,74,50
33497,IMU,760,1356,-56,8432,-89,59,50
33517,IMU,761,1376,-156,8356,-89,55,35
33536,IMU,762,1424,-96,8384,-102,59,44
33555,IMU,763,1384,-48,8440,-95,67,39
33574,IMU,764,1340,-116,8364,-76,53,42
33593,IMU,765,1272,-24,8288,-105,64,28
33613,IMU,766,1432,-116,8280,-79,44,35
33632,IMU,767,1440,-96,8292,-84,66,35
33651,IMU,768,1452,-56,8504,-83,68,42
33670,IMU,769,1344,-124,8348,-77,57,37
33691,IMU,770,1396,-88,8456,-91,50,36
33710,IMU,771,1336,-100,8396,-93,69,42
33728,IMU,772,1364,0,8400,-100,53,22
33747,IMU,773,1420,-88,8408,-87,60,53
33766,IMU,774,1316,-136,8416,-79,67,35
33785,IMU,775,1348,-164,8424,-88,61,40
33805,IMU,776,1424,-80,8312,-82,75,29
33823,IMU,777,1300,-72,8296,-82,61,39
33843,IMU,778,1124,-120,8324,-89,49,33
33862,IMU,779,1348,0,8420,-107,65,46
33881,IMU,780,1344,-4,8408,-95,62,51
33900,IMU,781,1420,-76,8452,-84,59,43
33921,IMU,782,1452,-124,8436,-95,59,48
33938,IMU,783,1308,-92,8432,-96,50,41
33958,IMU,784,1368,-16,8392,-94,65,38
33977,IMU,785,1328,-124,8380,-88,49,42
33996,IMU,786,1372,-88,8400,-109,61,49
34015,IMU,787,1432,-36,8280,-93,71,45
34034,IMU,788,1360,-172,8448,-93,53,43
34054,IMU,789,1416,-88,8456,-84,46,42
34073,IMU,790,1436,-92,8424,-77,86,43
34092,IMU,791,1480,-152,8472,-91,34,47
34111,IMU,792,1304,-24,8408,-90,78,57
34133,IMU,793,1328,-124,8428,-76,53,37
34151,IMU,794,1408,-88,8416,-93,43,31
34169,IMU,795,1452,-28,8484,-82,44,44
34188,IMU,796,1404,-44,8532,-88,47,54
34207,IMU,797,1348,-184,8272,-85,80,60
34226,IMU,798,1356,-92,8376,-81,49,53
34245,IMU,799,1260,-92,8328,-74,66,37
34264,IMU,800,1328,-168,8432,-96,65,41
34283,IMU,801,1328,-100,8388,-81,46,40
34303,IMU,802,1308,-88,8436,-82,50,37
34322,IMU,803,1296,-68,8352,-62,56,52
34341,IMU,804,1368,-88,8356,-99,47,39
34361,IMU,805,1296,-148,8356,-89,67,33
34379,IMU,806,1368,-48,8392,-102,43,48
34398,IMU,807,1340,-152,8416,-100,65,44
34417,IMU,808,1384,-56,8456,-109,65,29
34437,IMU,809,1368,-200,8392,-77,35,43
34456,IMU,810,1280,-124,8480,-89,64,48
34474,IMU,811,1284,-16,8428,-89,62,33
34494,IMU,812,1480,-100,8392,-93,56,44
34513,IMU,813,1448,-208,8344,-83,65,35
34533,IMU,814,1380,-44,8308,-104,62,37
34551,IMU,815,1380,-120,8448,-82,88,45
34572,IMU,816,1576,-72,8748,-116,80,41
34589,IMU,817,1320,-36,8380,-93,69,28
34609,IMU,818,1356,60,8440,-68,57,42
34628,IMU,819,1360,-104,8264,-104,60,36
34647,IMU,820,1488,-168,8448,-82,65,44
34666,IMU,821,1376,-68,8372,-102,60,39
34685,IMU,822,1388,-164,8356,-81,56,33
34704,IMU,823,1376,-84,8408,-85,49,42
34724,IMU,824,1324,0,8488,-115,69,37
34743,IMU,825,1384,-88,8440,-74,52,39
34762,IMU,826,1364,-96,8376,-88,50,44
34782,IMU,827,1208,-136,8476,-88,89,43
34802,IMU,828,1312,-120,8424,-82,73,49
34819,IMU,829,1304,-36,8380,-94,72,44
34838,IMU,830,1296,-80,8360,-88,67,41
34858,IMU,831,1324,-24,8472,-82,82,34
30416,ECG,3072,1169,0,0,0,0,0
30416,ECG,3073,1165,0,0,0,0,0
30421,ECG,3074,1155,0,0,0,0,0
30421,ECG,3075,1146,0,0,0,0,0
30421,ECG,3076,1154,0,0,0,0,0
31428,ECG,3077,0,0,0,0,0,0
31428,ECG,3078,-1,0,0,0,0,0
31428,ECG,3079,-6,0,0,0,0,0
31433,ECG,3080,2,0,0,0,0,0
31433,ECG,3081,6,0,0,0,0,0
31438,ECG,3082,38,0,0,0,0,0
31438,ECG,3083,-16,0,0,0,0,0
31443,ECG,3084,-26,0,0,0,0,0
31443,ECG,3085,151,0,0,0,0,0
31448,ECG,3086,-2109,0,0,0,0,0
31448,ECG,3087,-1850,0,0,0,0,0
31453,ECG,3088,-36,0,0,0,0,0
31453,ECG,3089,3394,0,0,0,0,0
31453,ECG,3090,8729,0,0,0,0,0
31458,ECG,3091,15156,0,0,0,0,0
31458,ECG,3092,21689,0,0,0,0,0
31463,ECG,3093,27397,0,0,0,0,0
31463,ECG,3094,31311,0,0,0,0,0
31463,ECG,3095,32011,0,0,0,0,0
31468,ECG,3096,31810,0,0,0,0,0
31468,ECG,3097,31610,0,0,0,0,0
31473,ECG,3098,31343,0,0,0,0,0
31473,ECG,3099,31109,0,0,0,0,0
31473,ECG,3100,31019,0,0,0,0,0
31478,ECG,3101,30731,0,0,0,0,0
31478,ECG,3102,30591,0,0,0,0,0
31479,ECG,3103,30395,0,0,0,0,0
31483,ECG,3104,30195,0,0,0,0,0
31483,ECG,3105,30019,0,0,0,0,0
31488,ECG,3106,29827,0,0,0,0,0
31488,ECG,3107,29637,0,0,0,0,0
31493,ECG,3108,29267,0,0,0,0,0
31493,ECG,3109,29081,0,0,0,0,0
31498,ECG,3110,28901,0,0,0,0,0
31498,ECG,3111,28718,0,0,0,0,0
31498,ECG,3112,28535,0,0,0,0,0
31503,ECG,3113,28374,0,0,0,0,0
31503,ECG,3114,28198,0,0,0,0,0
31508,ECG,3115,27996,0,0,0,0,0
31508,ECG,3116,27799,0,0,0,0,0
31508,ECG,3117,27600,0,0,0,0,0
31513,ECG,3118,27400,0,0,0,0,0
31513,ECG,3119,27214,0,0,0,0,0
31518,ECG,3120,26885,0,0,0,0,0
31518,ECG,3121,26742,0,0,0,0,0
31523,ECG,3122,26598,0,0,0,0,0
31523,ECG,3123,26452,0,0,0,0,0
31528,ECG,3124,26146,0,0,0,0,0
31528,ECG,3125,25962,0,0,0,0,0
31533,ECG,3126,25800,0,0,0,0,0
31533,ECG,3127,25640,0,0,0,0,0
31533,ECG,3128,25477,0,0,0,0,0
31538,ECG,3129,25318,0,0,0,0,0
31538,ECG,3130,25158,0,0,0,0,0
31543,ECG,3131,25000,0,0,0,0,0
31543,ECG,3132,24843,0,0,0,0,0
31543,ECG,3133,24686,0,0,0,0,0
31548,ECG,3134,24531,0,0,0,0,0
31548,ECG,3135,24377,0,0,0,0,0
31553,ECG,3136,24224,0,0,0,0,0
31553,ECG,3137,24071,0,0,0,0,0
31553,ECG,3138,23920,0,0,0,0,0
31558,ECG,3139,23769,0,0,0,0,0
31558,ECG,3140,23620,0,0,0,0,0
31563,ECG,3141,23324,0,0,0,0,0
31563,ECG,3142,23177,0,0,0,0,0
31568,ECG,3143,23031,0,0,0,0,0
31568,ECG,3144,22886,0,0,0,0,0
31573,ECG,3145,22599,0,0,0,0,0
31573,ECG,3146,22456,0,0,0,0,0
31578,ECG,3147,22319,0,0,0,0,0
31578,ECG,3148,22170,0,0,0,0,0
31578,ECG,3149,22042,0,0,0,0,0
31583,ECG,3150,21933,0,0,0,0,0
31583,ECG,3151,21773,0,0,0,0,0
31588,ECG,3152,21594,0,0,0,0,0
31588,ECG,3153,21425,0,0,0,0,0
31588,ECG,3154,21245,0,0,0,0,0
31593,ECG,3155,21075,0,0,0,0,0
31593,ECG,3156,20927,0,0,0,0,0
31598,ECG,3157,20705,0,0,0,0,0
31598,ECG,3158,20620,0,0,0,0,0
31603,ECG,3159,20556,0,0,0,0,0
31603,ECG,3160,20467,0,0,0,0,0
31608,ECG,3161,20139,0,0,0,0,0
31608,ECG,3162,19950,0,0,0,0,0
31613,ECG,3163,19790,0,0,0,0,0
31613,ECG,3164,19638,0,0,0,0,0
31613,ECG,3165,19513,0,0,0,0,0
31618,ECG,3166,19424,0,0,0,0,0
31618,ECG,3167,19327,0,0,0,0,0
31623,ECG,3168,19281,0,0,0,0,0
31623,ECG,3169,19231,0,0,0,0,0
31623,ECG,3170,19110,0,0,0,0,0
31628,ECG,3171,18896,0,0,0,0,0
31628,ECG,3172,18661,0,0,0,0,0
31633,ECG,3173,18431,0,0,0,0,0
31633,ECG,3174,18226,0,0,0,0,0
31633,ECG,3175,18078,0,0,0,0,0
31638,ECG,3176,17993,0,0,0,0,0
31638,ECG,3177,17960,0,0,0,0,0
31643,ECG,3178,17961,0,0,0,0,0
31643,ECG,3179,17936,0,0,0,0,0
31648,ECG,3180,17843,0,0,0,0,0
31648,ECG,3181,17681,0,0,0,0,0
31653,ECG,3182,17396,0,0,0,0,0
31653,ECG,3183,17272,0,0,0,0,0
31658,ECG,3184,17171,0,0,0,0,0
31658,ECG,3185,17081,0,0,0,0,0
31658,ECG,3186,16994,0,0,0,0,0
31663,ECG,3187,16941,0,0,0,0,0
31663,ECG,3188,16857,0,0,0,0,0
31668,ECG,3189,16714,0,0,0,0,0
31668,ECG,3190,16553,0,0,0,0,0
31668,ECG,3191,16392,0,0,0,0,0
31673,ECG,3192,16240,0,0,0,0,0
31673,ECG,3193,16110,0,0,0,0,0
31678,ECG,3194,15935,0,0,0,0,0
31678,ECG,3195,15887,0,0,0,0,0
31683,ECG,3196,15836,0,0,0,0,0
31683,ECG,3197,15778,0,0,0,0,0
31684,ECG,3198,15729,0,0,0,0,0
31688,ECG,3199,15626,0,0,0,0,0
31688,ECG,3200,15491,0,0,0,0,0
31693,ECG,3201,15399,0,0,0,0,0
31693,ECG,3202,15301,0,0,0,0,0
31693,ECG,3203,15203,0,0,0,0,0
31698,ECG,3204,15112,0,0,0,0,0
31698,ECG,3205,15004,0,0,0,0,0
31703,ECG,3206,14943,0,0,0,0,0
31703,ECG,3207,14869,0,0,0,0,0
31703,ECG,3208,14733,0,0,0,0,0
31708,ECG,3209,14582,0,0,0,0,0
31708,ECG,3210,14436,0,0,0,0,0
31713,ECG,3211,14275,0,0,0,0,0
31713,ECG,3212,14138,0,0,0,0,0
31713,ECG,3213,14039,0,0,0,0,0
31718,ECG,3214,13975,0,0,0,0,0
31718,ECG,3215,13939,0,0,0,0,0
31723,ECG,3216,13906,0,0,0,0,0
31723,ECG,3217,13867,0,0,0,0,0
31728,ECG,3218,13782,0,0,0,0,0
31728,ECG,3219,13627,0,0,0,0,0
31733,ECG,3220,13405,0,0,0,0,0
31733,ECG,3221,13306,0,0,0,0,0
31738,ECG,3222,13236,0,0,0,0,0
31738,ECG,3223,13167,0,0,0,0,0
31738,ECG,3224,13115,0,0,0,0,0
31743,ECG,3225,13095,0,0,0,0,0
31743,ECG,3226,13026,0,0,0,0,0
31748,ECG,3227,12903,0,0,0,0,0
31748,ECG,3228,12762,0,0,0,0,0
31748,ECG,3229,12617,0,0,0,0,0
31753,ECG,3230,12488,0,0,0,0,0
31753,ECG,3231,12383,0,0,0,0,0
31758,ECG,3232,12314,0,0,0,0,0
31758,ECG,3233,12264,0,0,0,0,0
31758,ECG,3234,12253,0,0,0,0,0
31763,ECG,3235,12258,0,0,0,0,0
31763,ECG,3236,12211,0,0,0,0,0
31764,ECG,3237,12140,0,0,0,0,0
31768,ECG,3238,12011,0,0,0,0,0
31768,ECG,3239,11852,0,0,0,0,0
31773,ECG,3240,11743,0,0,0,0,0
31773,ECG,3241,11651,0,0,0,0,0
31773,ECG,3242,11583,0,0,0,0,0
31778,ECG,3243,11543,0,0,0,0,0
31778,ECG,3244,11516,0,0,0,0,0
31783,ECG,3245,11502,0,0,0,0,0
31783,ECG,3246,11475,0,0,0,0,0
31783,ECG,3247,11414,0,0,0,0,0
31788,ECG,3248,11297,0,0,0,0,0
31788,ECG,3249,11173,0,0,0,0,0
31793,ECG,3250,11081,0,0,0,0,0
31793,ECG,3251,10991,0,0,0,0,0
31793,ECG,3252,10919,0,0,0,0,0
31798,ECG,3253,10871,0,0,0,0,0
31798,ECG,3254,10818,0,0,0,0,0
31803,ECG,3255,10798,0,0,0,0,0
31803,ECG,3256,10720,0,0,0,0,0
31808,ECG,3257,10579,0,0,0,0,0
31808,ECG,3258,10426,0,0,0,0,0
31813,ECG,3259,10151,0,0,0,0,0
31813,ECG,3260,10065,0,0,0,0,0
31818,ECG,3261,10023,0,0,0,0,0
31818,ECG,3262,10024,0,0,0,0,0
31818,ECG,3263,10044,0,0,0,0,0
31823,ECG,3264,10044,0,0,0,0,0
31823,ECG,3265,10057,0,0,0,0,0
31828,ECG,3266,10018,0,0,0,0,0
31828,ECG,3267,9927,0,0,0,0,0
31828,ECG,3268,9840,0,0,0,0,0
31833,ECG,3269,9790,0,0,0,0,0
31833,ECG,3270,9721,0,0,0,0,0
31838,ECG,3271,9664,0,0,0,0,0
31838,ECG,3272,9598,0,0,0,0,0
31838,ECG,3273,9542,0,0,0,0,0
31843,ECG,3274,9508,0,0,0,0,0
31843,ECG,3275,9435,0,0,0,0,0
31844,ECG,3276,9340,0,0,0,0,0
31848,ECG,3277,9253,0,0,0,0,0
31848,ECG,3278,9159,0,0,0,0,0
31853,ECG,3279,9069,0,0,0,0,0
31853,ECG,3280,8996,0,0,0,0,0
31858,ECG,3281,8912,0,0,0,0,0
31858,ECG,3282,8890,0,0,0,0,0
31863,ECG,3283,8914,0,0,0,0,0
31863,ECG,3284,8888,0,0,0,0,0
31863,ECG,3285,8796,0,0,0,0,0
31868,ECG,3286,8666,0,0,0,0,0
31868,ECG,3287,8522,0,0,0,0,0
31873,ECG,3288,8398,0,0,0,0,0
31873,ECG,3289,8305,0,0,0,0,0
31873,ECG,3290,8249,0,0,0,0,0
31878,ECG,3291,8237,0,0,0,0,0
31878,ECG,3292,8259,0,0,0,0,0
31883,ECG,3293,8283,0,0,0,0,0
31883,ECG,3294,8299,0,0,0,0,0
31888,ECG,3295,8246,0,0,0,0,0
31888,ECG,3296,8145,0,0,0,0,0
31893,ECG,3297,8051,0,0,0,0,0
31893,ECG,3298,7993,0,0,0,0,0
31898,ECG,3299,7946,0,0,0,0,0
31898,ECG,3300,7895,0,0,0,0,0
31898,ECG,3301,7844,0,0,0,0,0
31903,ECG,3302,7795,0,0,0,0,0
31903,ECG,3303,7746,0,0,0,0,0
31908,ECG,3304,7696,0,0,0,0,0
31908,ECG,3305,7647,0,0,0,0,0
31908,ECG,3306,7600,0,0,0,0,0
31913,ECG,3307,7552,0,0,0,0,0
31913,ECG,3308,7500,0,0,0,0,0
31918,ECG,3309,7460,0,0,0,0,0
31918,ECG,3310,7404,0,0,0,0,0
31918,ECG,3311,7359,0,0,0,0,0
31923,ECG,3312,7358,0,0,0,0,0
31923,ECG,3313,7307,0,0,0,0,0
31928,ECG,3314,7096,0,0,0,0,0
31928,ECG,3315,6984,0,0,0,0,0
31933,ECG,3316,6874,0,0,0,0,0
31933,ECG,3317,6801,0,0,0,0,0
31938,ECG,3318,6759,0,0,0,0,0
31938,ECG,3319,6787,0,0,0,0,0
31943,ECG,3320,6803,0,0,0,0,0
31943,ECG,3321,6815,0,0,0,0,0
31943,ECG,3322,6827,0,0,0,0,0
31948,ECG,3323,6775,0,0,0,0,0
31948,ECG,3324,6688,0,0,0,0,0
31953,ECG,3325,6655,0,0,0,0,0
31953,ECG,3326,6615,0,0,0,0,0
31953,ECG,3327,6567,0,0,0,0,0
31958,ECG,3328,6530,0,0,0,0,0
31958,ECG,3329,6486,0,0,0,0,0
31963,ECG,3330,6414,0,0,0,0,0
31963,ECG,3331,6372,0,0,0,0,0
31968,ECG,3332,6318,0,0,0,0,0
31968,ECG,3333,6267,0,0,0,0,0
31969,ECG,3334,6216,0,0,0,0,0
31973,ECG,3335,6161,0,0,0,0,0
31973,ECG,3336,6118,0,0,0,0,0
31978,ECG,3337,6083,0,0,0,0,0
31978,ECG,3338,6039,0,0,0,0,0
31978,ECG,3339,6043,0,0,0,0,0
31983,ECG,3340,6052,0,0,0,0,0
31983,ECG,3341,5979,0,0,0,0,0
31988,ECG,3342,5892,0,0,0,0,0
31988,ECG,3343,5797,0,0,0,0,0
31988,ECG,3344,5680,0,0,0,0,0
31993,ECG,3345,5595,0,0,0,0,0
31993,ECG,3346,5545,0,0,0,0,0
31998,ECG,3347,5527,0,0,0,0,0
31998,ECG,3348,5548,0,0,0,0,0
31998,ECG,3349,5583,0,0,0,0,0
32003,ECG,3350,5599,0,0,0,0,0
32003,ECG,3351,5629,0,0,0,0,0
32008,ECG,3352,5550,0,0,0,0,0
32008,ECG,3353,5495,0,0,0,0,0
32013,ECG,3354,5472,0,0,0,0,0
32013,ECG,3355,5430,0,0,0,0,0
32018,ECG,3356,5364,0,0,0,0,0
32018,ECG,3357,5325,0,0,0,0,0
32023,ECG,3358,5306,0,0,0,0,0
32023,ECG,3359,5281,0,0,0,0,0
32023,ECG,3360,5225,0,0,0,0,0
32028,ECG,3361,5171,0,0,0,0,0
32028,ECG,3362,5118,0,0,0,0,0
32033,ECG,3363,5059,0,0,0,0,0
32033,ECG,3364,5009,0,0,0,0,0
32033,ECG,3365,4978,0,0,0,0,0
32038,ECG,3366,4953,0,0,0,0,0
32038,ECG,3367,4940,0,0,0,0,0
32043,ECG,3368,4965,0,0,0,0,0
32043,ECG,3369,4959,0,0,0,0,0
32043,ECG,3370,4907,0,0,0,0,0
32048,ECG,3371,4844,0,0,0,0,0
32048,ECG,3372,4753,0,0,0,0,0
32049,ECG,3373,4672,0,0,0,0,0
32053,ECG,3374,4619,0,0,0,0,0
32053,ECG,3375,4584,0,0,0,0,0
32058,ECG,3376,4581,0,0,0,0,0
32058,ECG,3377,4594,0,0,0,0,0
32058,ECG,3378,4612,0,0,0,0,0
32063,ECG,3379,4640,0,0,0,0,0
32063,ECG,3380,4650,0,0,0,0,0
32068,ECG,3381,4595,0,0,0,0,0
32068,ECG,3382,4507,0,0,0,0,0
32068,ECG,3383,4447,0,0,0,0,0
32073,ECG,3384,4392,0,0,0,0,0
32073,ECG,3385,4346,0,0,0,0,0
32078,ECG,3386,4322,0,0,0,0,0
32078,ECG,3387,4312,0,0,0,0,0
32078,ECG,3388,4317,0,0,0,0,0
32083,ECG,3389,4318,0,0,0,0,0
32083,ECG,3390,4317,0,0,0,0,0
32088,ECG,3391,4284,0,0,0,0,0
32088,ECG,3392,4236,0,0,0,0,0
32093,ECG,3393,4213,0,0,0,0,0
32093,ECG,3394,4185,0,0,0,0,0
32098,ECG,3395,4133,0,0,0,0,0
32098,ECG,3396,4102,0,0,0,0,0
32103,ECG,3397,4088,0,0,0,0,0
32103,ECG,3398,4071,0,0,0,0,0
32103,ECG,3399,4025,0,0,0,0,0
32108,ECG,3400,3980,0,0,0,0,0
32108,ECG,3401,3936,0,0,0,0,0
32113,ECG,3402,3886,0,0,0,0,0
32113,ECG,3403,3847,0,0,0,0,0
32113,ECG,3404,3819,0,0,0,0,0
32118,ECG,3405,3803,0,0,0,0,0
32118,ECG,3406,3800,0,0,0,0,0
32123,ECG,3407,3798,0,0,0,0,0
32123,ECG,3408,3790,0,0,0,0,0
32123,ECG,3409,3789,0,0,0,0,0
32128,ECG,3410,3771,0,0,0,0,0
32128,ECG,3411,3730,0,0,0,0,0
32129,ECG,3412,3704,0,0,0,0,0
32133,ECG,3413,3683,0,0,0,0,0
32133,ECG,3414,3657,0,0,0,0,0
32138,ECG,3415,3637,0,0,0,0,0
32138,ECG,3416,3607,0,0,0,0,0
32143,ECG,3417,3588,0,0,0,0,0
32143,ECG,3418,3546,0,0,0,0,0
32148,ECG,3419,3499,0,0,0,0,0
32148,ECG,3420,3456,0,0,0,0,0
32148,ECG,3421,3406,0,0,0,0,0
32153,ECG,3422,3362,0,0,0,0,0
32153,ECG,3423,3337,0,0,0,0,0
32158,ECG,3424,3320,0,0,0,0,0
32158,ECG,3425,3318,0,0,0,0,0
32158,ECG,3426,3347,0,0,0,0,0
32163,ECG,3427,3346,0,0,0,0,0
32163,ECG,3428,3319,0,0,0,0,0
32168,ECG,3429,3223,0,0,0,0,0
32168,ECG,3430,3164,0,0,0,0,0
32173,ECG,3431,3134,0,0,0,0,0
32173,ECG,3432,3111,0,0,0,0,0
32178,ECG,3433,3120,0,0,0,0,0
32178,ECG,3434,3124,0,0,0,0,0
32183,ECG,3435,3143,0,0,0,0,0
32183,ECG,3436,3157,0,0,0,0,0
32183,ECG,3437,3111,0,0,0,0,0
32188,ECG,3438,3049,0,0,0,0,0
32188,ECG,3439,3011,0,0,0,0,0
32193,ECG,3440,2967,0,0,0,0,0
32193,ECG,3441,2931,0,0,0,0,0
32193,ECG,3442,2913,0,0,0,0,0
32198,ECG,3443,2905,0,0,0,0,0
32198,ECG,3444,2910,0,0,0,0,0
32203,ECG,3445,2915,0,0,0,0,0
32203,ECG,3446,2915,0,0,0,0,0
32203,ECG,3447,2920,0,0,0,0,0
32208,ECG,3448,2902,0,0,0,0,0
32208,ECG,3449,2867,0,0,0,0,0
32213,ECG,3450,2829,0,0,0,0,0
32213,ECG,3451,2815,0,0,0,0,0
32218,ECG,3452,2794,0,0,0,0,0
32218,ECG,3453,2769,0,0,0,0,0
32223,ECG,3454,2784,0,0,0,0,0
32223,ECG,3455,2707,0,0,0,0,0
32228,ECG,3456,2610,0,0,0,0,0
32228,ECG,3457,2505,0,0,0,0,0
32228,ECG,3458,2392,0,0,0,0,0
32233,ECG,3459,2314,0,0,0,0,0
32233,ECG,3460,2295,0,0,0,0,0
32238,ECG,3461,2327,0,0,0,0,0
32238,ECG,3462,2383,0,0,0,0,0
32238,ECG,3463,2515,0,0,0,0,0
32243,ECG,3464,2622,0,0,0,0,0
32243,ECG,3465,2605,0,0,0,0,0
32248,ECG,3466,2325,0,0,0,0,0
32248,ECG,3467,2171,0,0,0,0,0
32253,ECG,3468,2068,0,0,0,0,0
32253,ECG,3469,2024,0,0,0,0,0
32254,ECG,3470,2056,0,0,0,0,0
32258,ECG,3471,2137,0,0,0,0,0
32258,ECG,3472,2279,0,0,0,0,0
32263,ECG,3473,2415,0,0,0,0,0
32263,ECG,3474,2457,0,0,0,0,0
32263,ECG,3475,2441,0,0,0,0,0
32268,ECG,3476,2274,0,0,0,0,0
32268,ECG,3477,2132,0,0,0,0,0
32273,ECG,3478,2062,0,0,0,0,0
32273,ECG,3479,2009,0,0,0,0,0
32273,ECG,3480,2013,0,0,0,0,0
32278,ECG,3481,2068,0,0,0,0,0
32278,ECG,3482,2146,0,0,0,0,0
32283,ECG,3483,2209,0,0,0,0,0
32283,ECG,3484,2278,0,0,0,0,0
32283,ECG,3485,2300,0,0,0,0,0
32288,ECG,3486,2269,0,0,0,0,0
32288,ECG,3487,2219,0,0,0,0,0
32293,ECG,3488,2194,0,0,0,0,0
32293,ECG,3489,2184,0,0,0,0,0
32298,ECG,3490,2170,0,0,0,0,0
32298,ECG,3491,2145,0,0,0,0,0
32303,ECG,3492,2170,0,0,0,0,0
32303,ECG,3493,2097,0,0,0,0,0
32308,ECG,3494,2022,0,0,0,0,0
32308,ECG,3495,1942,0,0,0,0,0
32308,ECG,3496,1852,0,0,0,0,0
32313,ECG,3497,1794,0,0,0,0,0
32313,ECG,3498,1781,0,0,0,0,0
32318,ECG,3499,1803,0,0,0,0,0
32318,ECG,3500,1859,0,0,0,0,0
32318,ECG,3501,1959,0,0,0,0,0
32323,ECG,3502,2031,0,0,0,0,0
32323,ECG,3503,2030,0,0,0,0,0
32328,ECG,3504,1799,0,0,0,0,0
32328,ECG,3505,1694,0,0,0,0,0
32333,ECG,3506,1629,0,0,0,0,0
32333,ECG,3507,1596,0,0,0,0,0
32334,ECG,3508,1623,0,0,0,0,0
32338,ECG,3509,1688,0,0,0,0,0
32338,ECG,3510,1768,0,0,0,0,0
32343,ECG,3511,1857,0,0,0,0,0
32343,ECG,3512,1913,0,0,0,0,0
32343,ECG,3513,1901,0,0,0,0,0
32348,ECG,3514,1807,0,0,0,0,0
32348,ECG,3515,1735,0,0,0,0,0
32353,ECG,3516,1690,0,0,0,0,0
32353,ECG,3517,1648,0,0,0,0,0
32353,ECG,3518,1645,0,0,0,0,0
32358,ECG,3519,1649,0,0,0,0,0
32358,ECG,3520,1686,0,0,0,0,0
32363,ECG,3521,1778,0,0,0,0,0
32363,ECG,3522,1787,0,0,0,0,0
32363,ECG,3523,1727,0,0,0,0,0
32368,ECG,3524,1648,0,0,0,0,0
32368,ECG,3525,1525,0,0,0,0,0
32373,ECG,3526,1387,0,0,0,0,0
32373,ECG,3527,1383,0,0,0,0,0
32378,ECG,3528,1428,0,0,0,0,0
32378,ECG,3529,1510,0,0,0,0,0
32383,ECG,3530,1640,0,0,0,0,0
32383,ECG,3531,1684,0,0,0,0,0
32388,ECG,3532,1672,0,0,0,0,0
32388,ECG,3533,1608,0,0,0,0,0
32388,ECG,3534,1608,0,0,0,0,0
32393,ECG,3535,1599,0,0,0,0,0
32393,ECG,3536,1583,0,0,0,0,0
32398,ECG,3537,1576,0,0,0,0,0
32398,ECG,3538,1564,0,0,0,0,0
32398,ECG,3539,1553,0,0,0,0,0
32403,ECG,3540,1544,0,0,0,0,0
32403,ECG,3541,1533,0,0,0,0,0
32408,ECG,3542,1523,0,0,0,0,0
32408,ECG,3543,1513,0,0,0,0,0
32408,ECG,3544,1503,0,0,0,0,0
32413,ECG,3545,1492,0,0,0,0,0
32413,ECG,3546,1483,0,0,0,0,0
32414,ECG,3547,1474,0,0,0,0,0
32418,ECG,3548,1460,0,0,0,0,0
32418,ECG,3549,1459,0,0,0,0,0
32423,ECG,3550,1460,0,0,0,0,0
32423,ECG,3551,1435,0,0,0,0,0
32428,ECG,3552,1384,0,0,0,0,0
32428,ECG,3553,1356,0,0,0,0,0
32433,ECG,3554,1332,0,0,0,0,0
32433,ECG,3555,1319,0,0,0,0,0
32433,ECG,3556,1320,0,0,0,0,0
32438,ECG,3557,1320,0,0,0,0,0
32438,ECG,3558,1341,0,0,0,0,0
32443,ECG,3559,1371,0,0,0,0,0
32443,ECG,3560,1359,0,0,0,0,0
32443,ECG,3561,1325,0,0,0,0,0
32448,ECG,3562,1274,0,0,0,0,0
32448,ECG,3563,1224,0,0,0,0,0
32453,ECG,3564,1167,0,0,0,0,0
32453,ECG,3565,1175,0,0,0,0,0
32458,ECG,3566,1188,0,0,0,0,0
32458,ECG,3567,1214,0,0,0,0,0
32463,ECG,3568,1302,0,0,0,0,0
32463,ECG,3569,1261,0,0,0,0,0
32468,ECG,3570,1129,0,0,0,0,0
32468,ECG,3571,997,0,0,0,0,0
32468,ECG,3572,877,0,0,0,0,0
32473,ECG,3573,794,0,0,0,0,0
32473,ECG,3574,784,0,0,0,0,0
32478,ECG,3575,836,0,0,0,0,0
32478,ECG,3576,930,0,0,0,0,0
32478,ECG,3577,1085,0,0,0,0,0
32483,ECG,3578,1218,0,0,0,0,0
32483,ECG,3579,1226,0,0,0,0,0
32488,ECG,3580,1169,0,0,0,0,0
32488,ECG,3581,1005,0,0,0,0,0
32488,ECG,3582,885,0,0,0,0,0
32493,ECG,3583,818,0,0,0,0,0
32493,ECG,3584,789,0,0,0,0,0
32498,ECG,3585,895,0,0,0,0,0
32498,ECG,3586,998,0,0,0,0,0
32503,ECG,3587,1077,0,0,0,0,0
32503,ECG,3588,1150,0,0,0,0,0
32508,ECG,3589,1084,0,0,0,0,0
32508,ECG,3590,1037,0,0,0,0,0
32513,ECG,3591,1031,0,0,0,0,0
32513,ECG,3592,1016,0,0,0,0,0
32513,ECG,3593,1016,0,0,0,0,0
32518,ECG,3594,1021,0,0,0,0,0
32518,ECG,3595,1043,0,0,0,0,0
32523,ECG,3596,1060,0,0,0,0,0
32523,ECG,3597,1051,0,0,0,0,0
32523,ECG,3598,1028,0,0,0,0,0
32528,ECG,3599,989,0,0,0,0,0
32528,ECG,3600,952,0,0,0,0,0
32533,ECG,3601,917,0,0,0,0,0
32533,ECG,3602,924,0,0,0,0,0
32538,ECG,3603,941,0,0,0,0,0
32538,ECG,3604,944,0,0,0,0,0
33545,ECG,3605,0,0,0,0,0,0
33545,ECG,3606,-1,0,0,0,0,0
33545,ECG,3607,-6,0,0,0,0,0
33550,ECG,3608,2,0,0,0,0,0
33550,ECG,3609,6,0,0,0,0,0
33555,ECG,3610,38,0,0,0,0,0
33555,ECG,3611,-16,0,0,0,0,0
33560,ECG,3612,-26,0,0,0,0,0
33560,ECG,3613,151,0,0,0,0,0
33565,ECG,3614,-2109,0,0,0,0,0
33565,ECG,3615,-1851,0,0,0,0,0
33570,ECG,3616,-35,0,0,0,0,0
33570,ECG,3617,3392,0,0,0,0,0
33570,ECG,3618,8729,0,0,0,0,0
33575,ECG,3619,15159,0,0,0,0,0
33575,ECG,3620,21680,0,0,0,0,0
33580,ECG,3621,27418,0,0,0,0,0
33580,ECG,3622,31371,0,0,0,0,0
33580,ECG,3623,32011,0,0,0,0,0
33585,ECG,3624,31809,0,0,0,0,0
33585,ECG,3625,31610,0,0,0,0,0
33590,ECG,3626,31141,0,0,0,0,0
33590,ECG,3627,30852,0,0,0,0,0
33590,ECG,3628,30752,0,0,0,0,0
33595,ECG,3629,30483,0,0,0,0,0
33595,ECG,3630,30406,0,0,0,0,0
33596,ECG,3631,30283,0,0,0,0,0
33600,ECG,3632,30183,0,0,0,0,0
33600,ECG,3633,30066,0,0,0,0,0
33605,ECG,3634,29877,0,0,0,0,0
33605,ECG,3635,29592,0,0,0,0,0
33610,ECG,3636,29077,0,0,0,0,0
33610,ECG,3637,28842,0,0,0,0,0
33615,ECG,3638,28655,0,0,0,0,0
33615,ECG,3639,28508,0,0,0,0,0
33615,ECG,3640,28383,0,0,0,0,0
33620,ECG,3641,28303,0,0,0,0,0
33620,ECG,3642,28216,0,0,0,0,0
33625,ECG,3643,28062,0,0,0,0,0
33625,ECG,3644,27840,0,0,0,0,0
33625,ECG,3645,27560,0,0,0,0,0
33630,ECG,3646,27308,0,0,0,0,0
33630,ECG,3647,27089,0,0,0,0,0
33635,ECG,3648,26752,0,0,0,0,0
33635,ECG,3649,26630,0,0,0,0,0
33640,ECG,3650,26585,0,0,0,0,0
33640,ECG,3651,26499,0,0,0,0,0
33645,ECG,3652,26119,0,0,0,0,0
33645,ECG,3653,25837,0,0,0,0,0
33650,ECG,3654,25562,0,0,0,0,0
33650,ECG,3655,25357,0,0,0,0,0
33650,ECG,3656,25183,0,0,0,0,0
33655,ECG,3657,25064,0,0,0,0,0
33655,ECG,3658,24983,0,0,0,0,0
33660,ECG,3659,24919,0,0,0,0,0
33660,ECG,3660,24863,0,0,0,0,0
33660,ECG,3661,24758,0,0,0,0,0
33665,ECG,3662,24598,0,0,0,0,0
33665,ECG,3663,24345,0,0,0,0,0
33670,ECG,3664,24138,0,0,0,0,0
33670,ECG,3665,23953,0,0,0,0,0
33670,ECG,3666,23775,0,0,0,0,0
33675,ECG,3667,23642,0,0,0,0,0
33675,ECG,3668,23512,0,0,0,0,0
33680,ECG,3669,23378,0,0,0,0,0
33680,ECG,3670,23247,0,0,0,0,0
33685,ECG,3671,23053,0,0,0,0,0
33685,ECG,3672,22827,0,0,0,0,0
33690,ECG,3673,22355,0,0,0,0,0
33690,ECG,3674,22181,0,0,0,0,0
33695,ECG,3675,22050,0,0,0,0,0
33695,ECG,3676,21969,0,0,0,0,0
33695,ECG,3677,21918,0,0,0,0,0
33700,ECG,3678,21866,0,0,0,0,0
33700,ECG,3679,21811,0,0,0,0,0
33705,ECG,3680,21705,0,0,0,0,0
33705,ECG,3681,21541,0,0,0,0,0
33705,ECG,3682,21337,0,0,0,0,0
33710,ECG,3683,21193,0,0,0,0,0
33710,ECG,3684,21042,0,0,0,0,0
33715,ECG,3685,20787,0,0,0,0,0
33715,ECG,3686,20668,0,0,0,0,0
33720,ECG,3687,20604,0,0,0,0,0
33720,ECG,3688,20502,0,0,0,0,0
33725,ECG,3689,20162,0,0,0,0,0
33725,ECG,3690,19961,0,0,0,0,0
33730,ECG,3691,19766,0,0,0,0,0
33730,ECG,3692,19609,0,0,0,0,0
33730,ECG,3693,19480,0,0,0,0,0
33735,ECG,3694,19389,0,0,0,0,0
33735,ECG,3695,19328,0,0,0,0,0
33740,ECG,3696,19270,0,0,0,0,0
33740,ECG,3697,19209,0,0,0,0,0
33740,ECG,3698,19144,0,0,0,0,0
33745,ECG,3699,19014,0,0,0,0,0
33745,ECG,3700,18834,0,0,0,0,0
33750,ECG,3701,18700,0,0,0,0,0
33750,ECG,3702,18570,0,0,0,0,0
33750,ECG,3703,18443,0,0,0,0,0
33755,ECG,3704,18338,0,0,0,0,0
33755,ECG,3705,18217,0,0,0,0,0
33760,ECG,3706,18090,0,0,0,0,0
33760,ECG,3707,17951,0,0,0,0,0
33765,ECG,3708,17767,0,0,0,0,0
33765,ECG,3709,17574,0,0,0,0,0
33770,ECG,3710,17180,0,0,0,0,0
33770,ECG,3711,17044,0,0,0,0,0
33775,ECG,3712,16969,0,0,0,0,0
33775,ECG,3713,16925,0,0,0,0,0
33775,ECG,3714,16913,0,0,0,0,0
33780,ECG,3715,16965,0,0,0,0,0
33780,ECG,3716,16888,0,0,0,0,0
33785,ECG,3717,16768,0,0,0,0,0
33785,ECG,3718,16516,0,0,0,0,0
33785,ECG,3719,16266,0,0,0,0,0
33790,ECG,3720,16061,0,0,0,0,0
33790,ECG,3721,15895,0,0,0,0,0
33795,ECG,3722,15770,0,0,0,0,0
33795,ECG,3723,15783,0,0,0,0,0
33800,ECG,3724,15823,0,0,0,0,0
33800,ECG,3725,15841,0,0,0,0,0
33801,ECG,3726,15770,0,0,0,0,0
33805,ECG,3727,15646,0,0,0,0,0
33805,ECG,3728,15422,0,0,0,0,0
33810,ECG,3729,15278,0,0,0,0,0
33810,ECG,3730,15148,0,0,0,0,0
33810,ECG,3731,15040,0,0,0,0,0
33815,ECG,3732,14970,0,0,0,0,0
33815,ECG,3733,14915,0,0,0,0,0
33820,ECG,3734,14918,0,0,0,0,0
33820,ECG,3735,14892,0,0,0,0,0
33820,ECG,3736,14790,0,0,0,0,0
33825,ECG,3737,14645,0,0,0,0,0
33825,ECG,3738,14444,0,0,0,0,0
33830,ECG,3739,14263,0,0,0,0,0
33830,ECG,3740,14128,0,0,0,0,0
33830,ECG,3741,14022,0,0,0,0,0
33835,ECG,3742,13967,0,0,0,0,0
33835,ECG,3743,13948,0,0,0,0,0
33840,ECG,3744,13934,0,0,0,0,0
33840,ECG,3745,13915,0,0,0,0,0
33845,ECG,3746,13827,0,0,0,0,0
33845,ECG,3747,13674,0,0,0,0,0
33850,ECG,3748,13451,0,0,0,0,0
33850,ECG,3749,13347,0,0,0,0,0
33855,ECG,3750,13276,0,0,0,0,0
33855,ECG,3751,13194,0,0,0,0,0
33855,ECG,3752,13140,0,0,0,0,0
33860,ECG,3753,13149,0,0,0,0,0
33860,ECG,3754,13066,0,0,0,0,0
33865,ECG,3755,12910,0,0,0,0,0
33865,ECG,3756,12736,0,0,0,0,0
33865,ECG,3757,12527,0,0,0,0,0
33870,ECG,3758,12342,0,0,0,0,0
33870,ECG,3759,12212,0,0,0,0,0
33875,ECG,3760,12141,0,0,0,0,0
33875,ECG,3761,12135,0,0,0,0,0
33875,ECG,3762,12169,0,0,0,0,0
33880,ECG,3763,12215,0,0,0,0,0
33880,ECG,3764,12253,0,0,0,0,0
33881,ECG,3765,12203,0,0,0,0,0
33885,ECG,3766,12105,0,0,0,0,0
33885,ECG,3767,11921,0,0,0,0,0
33890,ECG,3768,11813,0,0,0,0,0
33890,ECG,3769,11710,0,0,0,0,0
33890,ECG,3770,11623,0,0,0,0,0
33895,ECG,3771,11570,0,0,0,0,0
33895,ECG,3772,11527,0,0,0,0,0
33900,ECG,3773,11514,0,0,0,0,0
33900,ECG,3774,11490,0,0,0,0,0
33900,ECG,3775,11439,0,0,0,0,0
33905,ECG,3776,11356,0,0,0,0,0
33905,ECG,3777,11226,0,0,0,0,0
33910,ECG,3778,11114,0,0,0,0,0
33910,ECG,3779,11026,0,0,0,0,0
33910,ECG,3780,10946,0,0,0,0,0
33915,ECG,3781,10891,0,0,0,0,0
33915,ECG,3782,10838,0,0,0,0,0
33920,ECG,3783,10815,0,0,0,0,0
33920,ECG,3784,10742,0,0,0,0,0
33925,ECG,3785,10635,0,0,0,0,0
33925,ECG,3786,10503,0,0,0,0,0
33930,ECG,3787,10258,0,0,0,0,0
33930,ECG,3788,10176,0,0,0,0,0
33935,ECG,3789,10130,0,0,0,0,0
33935,ECG,3790,10102,0,0,0,0,0
33935,ECG,3791,10115,0,0,0,0,0
33940,ECG,3792,10134,0,0,0,0,0
33940,ECG,3793,10094,0,0,0,0,0
33945,ECG,3794,10014,0,0,0,0,0
33945,ECG,3795,9873,0,0,0,0,0
33945,ECG,3796,9729,0,0,0,0,0
33950,ECG,3797,9633,0,0,0,0,0
33950,ECG,3798,9548,0,0,0,0,0
33955,ECG,3799,9505,0,0,0,0,0
33955,ECG,3800,9486,0,0,0,0,0
33955,ECG,3801,9474,0,0,0,0,0
33960,ECG,3802,9521,0,0,0,0,0
33960,ECG,3803,9497,0,0,0,0,0
33961,ECG,3804,9425,0,0,0,0,0
33965,ECG,3805,9250,0,0,0,0,0
33965,ECG,3806,9079,0,0,0,0,0
33970,ECG,3807,8927,0,0,0,0,0
33970,ECG,3808,8805,0,0,0,0,0
33975,ECG,3809,8736,0,0,0,0,0
33975,ECG,3810,8767,0,0,0,0,0
33980,ECG,3811,8835,0,0,0,0,0
33980,ECG,3812,8881,0,0,0,0,0
33980,ECG,3813,8871,0,0,0,0,0
33985,ECG,3814,8802,0,0,0,0,0
33985,ECG,3815,8634,0,0,0,0,0
33990,ECG,3816,8524,0,0,0,0,0
33990,ECG,3817,8444,0,0,0,0,0
33990,ECG,3818,8373,0,0,0,0,0
33995,ECG,3819,8344,0,0,0,0,0
33995,ECG,3820,8320,0,0,0,0,0
34000,ECG,3821,8371,0,0,0,0,0
34000,ECG,3822,8318,0,0,0,0,0
34005,ECG,3823,8221,0,0,0,0,0
34005,ECG,3824,8079,0,0,0,0,0
34010,ECG,3825,7843,0,0,0,0,0
34010,ECG,3826,7772,0,0,0,0,0
34015,ECG,3827,7749,0,0,0,0,0
34015,ECG,3828,7747,0,0,0,0,0
34015,ECG,3829,7792,0,0,0,0,0
34020,ECG,3830,7845,0,0,0,0,0
34020,ECG,3831,7829,0,0,0,0,0
34025,ECG,3832,7747,0,0,0,0,0
34025,ECG,3833,7590,0,0,0,0,0
34025,ECG,3834,7443,0,0,0,0,0
34030,ECG,3835,7344,0,0,0,0,0
34030,ECG,3836,7264,0,0,0,0,0
34035,ECG,3837,7241,0,0,0,0,0
34035,ECG,3838,7241,0,0,0,0,0
34035,ECG,3839,7279,0,0,0,0,0
34040,ECG,3840,7369,0,0,0,0,0
34040,ECG,3841,7357,0,0,0,0,0
34045,ECG,3842,7120,0,0,0,0,0
34045,ECG,3843,6940,0,0,0,0,0
34050,ECG,3844,6808,0,0,0,0,0
34050,ECG,3845,6710,0,0,0,0,0
34055,ECG,3846,6697,0,0,0,0,0
34055,ECG,3847,6750,0,0,0,0,0
34060,ECG,3848,6861,0,0,0,0,0
34060,ECG,3849,6917,0,0,0,0,0
34060,ECG,3850,6873,0,0,0,0,0
34065,ECG,3851,6745,0,0,0,0,0
34065,ECG,3852,6553,0,0,0,0,0
34070,ECG,3853,6422,0,0,0,0,0
34070,ECG,3854,6327,0,0,0,0,0
34070,ECG,3855,6274,0,0,0,0,0
34075,ECG,3856,6281,0,0,0,0,0
34075,ECG,3857,6330,0,0,0,0,0
34080,ECG,3858,6429,0,0,0,0,0
34080,ECG,3859,6461,0,0,0,0,0
34085,ECG,3860,6420,0,0,0,0,0
34085,ECG,3861,6310,0,0,0,0,0
34086,ECG,3862,6254,0,0,0,0,0
34090,ECG,3863,6215,0,0,0,0,0
34090,ECG,3864,6163,0,0,0,0,0
34095,ECG,3865,6141,0,0,0,0,0
34095,ECG,3866,6097,0,0,0,0,0
34095,ECG,3867,6095,0,0,0,0,0
34100,ECG,3868,6104,0,0,0,0,0
34100,ECG,3869,6064,0,0,0,0,0
34105,ECG,3870,5931,0,0,0,0,0
34105,ECG,3871,5804,0,0,0,0,0
34105,ECG,3872,5660,0,0,0,0,0
34110,ECG,3873,5537,0,0,0,0,0
34110,ECG,3874,5464,0,0,0,0,0
34115,ECG,3875,5455,0,0,0,0,0
34115,ECG,3876,5484,0,0,0,0,0
34115,ECG,3877,5561,0,0,0,0,0
34120,ECG,3878,5675,0,0,0,0,0
34120,ECG,3879,5705,0,0,0,0,0
34125,ECG,3880,5515,0,0,0,0,0
34125,ECG,3881,5343,0,0,0,0,0
34130,ECG,3882,5238,0,0,0,0,0
34130,ECG,3883,5156,0,0,0,0,0
34135,ECG,3884,5154,0,0,0,0,0
34135,ECG,3885,5203,0,0,0,0,0
34140,ECG,3886,5299,0,0,0,0,0
34140,ECG,3887,5364,0,0,0,0,0
34140,ECG,3888,5330,0,0,0,0,0
34145,ECG,3889,5226,0,0,0,0,0
34145,ECG,3890,5067,0,0,0,0,0
34150,ECG,3891,4961,0,0,0,0,0
34150,ECG,3892,4882,0,0,0,0,0
34150,ECG,3893,4838,0,0,0,0,0
34155,ECG,3894,4843,0,0,0,0,0
34155,ECG,3895,4882,0,0,0,0,0
34160,ECG,3896,4937,0,0,0,0,0
34160,ECG,3897,4973,0,0,0,0,0
34160,ECG,3898,5009,0,0,0,0,0
34165,ECG,3899,4979,0,0,0,0,0
34165,ECG,3900,4879,0,0,0,0,0
34166,ECG,3901,4826,0,0,0,0,0
34170,ECG,3902,4795,0,0,0,0,0
34170,ECG,3903,4753,0,0,0,0,0
34175,ECG,3904,4732,0,0,0,0,0
34175,ECG,3905,4712,0,0,0,0,0
34175,ECG,3906,4698,0,0,0,0,0
34180,ECG,3907,4696,0,0,0,0,0
34180,ECG,3908,4676,0,0,0,0,0
34185,ECG,3909,4631,0,0,0,0,0
34185,ECG,3910,4575,0,0,0,0,0
34185,ECG,3911,4523,0,0,0,0,0
34190,ECG,3912,4477,0,0,0,0,0
34190,ECG,3913,4437,0,0,0,0,0
34195,ECG,3914,4415,0,0,0,0,0
34195,ECG,3915,4391,0,0,0,0,0
34195,ECG,3916,4398,0,0,0,0,0
34200,ECG,3917,4419,0,0,0,0,0
34200,ECG,3918,4383,0,0,0,0,0
34205,ECG,3919,4258,0,0,0,0,0
34205,ECG,3920,4169,0,0,0,0,0
34210,ECG,3921,4107,0,0,0,0,0
34210,ECG,3922,4063,0,0,0,0,0
34215,ECG,3923,4058,0,0,0,0,0
34215,ECG,3924,4078,0,0,0,0,0
34220,ECG,3925,4136,0,0,0,0,0
34220,ECG,3926,4148,0,0,0,0,0
34220,ECG,3927,4096,0,0,0,0,0
34225,ECG,3928,3992,0,0,0,0,0
34225,ECG,3929,3885,0,0,0,0,0
34230,ECG,3930,3804,0,0,0,0,0
34230,ECG,3931,3739,0,0,0,0,0
34230,ECG,3932,3724,0,0,0,0,0
34235,ECG,3933,3730,0,0,0,0,0
34235,ECG,3934,3761,0,0,0,0,0
34240,ECG,3935,3872,0,0,0,0,0
34240,ECG,3936,3899,0,0,0,0,0
34240,ECG,3937,3852,0,0,0,0,0
34245,ECG,3938,3732,0,0,0,0,0
34245,ECG,3939,3561,0,0,0,0,0
34246,ECG,3940,3431,0,0,0,0,0
34250,ECG,3941,3346,0,0,0,0,0
34250,ECG,3942,3321,0,0,0,0,0
34255,ECG,3943,3354,0,0,0,0,0
34255,ECG,3944,3423,0,0,0,0,0
34260,ECG,3945,3670,0,0,0,0,0
34260,ECG,3946,3647,0,0,0,0,0
34265,ECG,3947,3546,0,0,0,0,0
34265,ECG,3948,3343,0,0,0,0,0
34265,ECG,3949,3196,0,0,0,0,0
34270,ECG,3950,3110,0,0,0,0,0
34270,ECG,3951,3064,0,0,0,0,0
34275,ECG,3952,3103,0,0,0,0,0
34275,ECG,3953,3180,0,0,0,0,0
34275,ECG,3954,3289,0,0,0,0,0
34280,ECG,3955,3412,0,0,0,0,0
34280,ECG,3956,3435,0,0,0,0,0
34285,ECG,3957,3252,0,0,0,0,0
34285,ECG,3958,3141,0,0,0,0,0
34290,ECG,3959,3071,0,0,0,0,0
34290,ECG,3960,3012,0,0,0,0,0
34295,ECG,3961,3038,0,0,0,0,0
34295,ECG,3962,3095,0,0,0,0,0
34300,ECG,3963,3160,0,0,0,0,0
34300,ECG,3964,3206,0,0,0,0,0
34300,ECG,3965,3210,0,0,0,0,0
34305,ECG,3966,3142,0,0,0,0,0
34305,ECG,3967,3054,0,0,0,0,0
34310,ECG,3968,3018,0,0,0,0,0
34310,ECG,3969,2977,0,0,0,0,0
34310,ECG,3970,2962,0,0,0,0,0
34315,ECG,3971,2955,0,0,0,0,0
34315,ECG,3972,2962,0,0,0,0,0
34320,ECG,3973,3037,0,0,0,0,0
34320,ECG,3974,3033,0,0,0,0,0
34320,ECG,3975,2966,0,0,0,0,0
34325,ECG,3976,2855,0,0,0,0,0
34325,ECG,3977,2716,0,0,0,0,0
34330,ECG,3978,2515,0,0,0,0,0
34330,ECG,3979,2500,0,0,0,0,0
34335,ECG,3980,2531,0,0,0,0,0
34335,ECG,3981,2616,0,0,0,0,0
34340,ECG,3982,2833,0,0,0,0,0
34340,ECG,3983,2833,0,0,0,0,0
34345,ECG,3984,2748,0,0,0,0,0
34345,ECG,3985,2584,0,0,0,0,0
34345,ECG,3986,2479,0,0,0,0,0
34350,ECG,3987,2425,0,0,0,0,0
34350,ECG,3988,2401,0,0,0,0,0
34355,ECG,3989,2437,0,0,0,0,0
34355,ECG,3990,2498,0,0,0,0,0
34355,ECG,3991,2573,0,0,0,0,0
34360,ECG,3992,2660,0,0,0,0,0
34360,ECG,3993,2672,0,0,0,0,0
34365,ECG,3994,2522,0,0,0,0,0
34365,ECG,3995,2457,0,0,0,0,0
34370,ECG,3996,2404,0,0,0,0,0
34370,ECG,3997,2366,0,0,0,0,0
34371,ECG,3998,2365,0,0,0,0,0
34375,ECG,3999,2382,0,0,0,0,0
34375,ECG,4000,2420,0,0,0,0,0
34380,ECG,4001,2454,0,0,0,0,0
34380,ECG,4002,2479,0,0,0,0,0
34380,ECG,4003,2485,0,0,0,0,0
34385,ECG,4004,2432,0,0,0,0,0
34385,ECG,4005,2378,0,0,0,0,0
34390,ECG,4006,2358,0,0,0,0,0
34390,ECG,4007,2334,0,0,0,0,0
34390,ECG,4008,2319,0,0,0,0,0
34395,ECG,4009,2315,0,0,0,0,0
34395,ECG,4010,2315,0,0,0,0,0
34400,ECG,4011,2313,0,0,0,0,0
34400,ECG,4012,2310,0,0,0,0,0
34400,ECG,4013,2309,0,0,0,0,0
34405,ECG,4014,2289,0,0,0,0,0
34405,ECG,4015,2265,0,0,0,0,0
34410,ECG,4016,2238,0,0,0,0,0
34410,ECG,4017,2222,0,0,0,0,0
34415,ECG,4018,2209,0,0,0,0,0
34415,ECG,4019,2194,0,0,0,0,0
34420,ECG,4020,2165,0,0,0,0,0
34420,ECG,4021,2151,0,0,0,0,0
34425,ECG,4022,2137,0,0,0,0,0
34425,ECG,4023,2123,0,0,0,0,0
34425,ECG,4024,2109,0,0,0,0,0
34430,ECG,4025,2096,0,0,0,0,0
34430,ECG,4026,2081,0,0,0,0,0
34435,ECG,4027,2068,0,0,0,0,0
34435,ECG,4028,2054,0,0,0,0,0
34435,ECG,4029,2039,0,0,0,0,0
34440,ECG,4030,2033,0,0,0,0,0
34440,ECG,4031,2025,0,0,0,0,0
34445,ECG,4032,1975,0,0,0,0,0
34445,ECG,4033,1952,0,0,0,0,0
34450,ECG,4034,1924,0,0,0,0,0
34450,ECG,4035,1903,0,0,0,0,0
34451,ECG,4036,1892,0,0,0,0,0
34455,ECG,4037,1877,0,0,0,0,0
34455,ECG,4038,1886,0,0,0,0,0
34460,ECG,4039,1918,0,0,0,0,0
34460,ECG,4040,1895,0,0,0,0,0
34460,ECG,4041,1853,0,0,0,0,0
34465,ECG,4042,1813,0,0,0,0,0
34465,ECG,4043,1745,0,0,0,0,0
34470,ECG,4044,1694,0,0,0,0,0
34470,ECG,4045,1672,0,0,0,0,0
34470,ECG,4046,1668,0,0,0,0,0
34475,ECG,4047,1689,0,0,0,0,0
34475,ECG,4048,1724,0,0,0,0,0
34480,ECG,4049,1747,0,0,0,0,0
34480,ECG,4050,1774,0,0,0,0,0
34480,ECG,4051,1796,0,0,0,0,0
34485,ECG,4052,1761,0,0,0,0,0
34485,ECG,4053,1729,0,0,0,0,0
34490,ECG,4054,1712,0,0,0,0,0
34490,ECG,4055,1701,0,0,0,0,0
34495,ECG,4056,1690,0,0,0,0,0
34495,ECG,4057,1676,0,0,0,0,0
34500,ECG,4058,1676,0,0,0,0,0
34500,ECG,4059,1639,0,0,0,0,0
34505,ECG,4060,1603,0,0,0,0,0
34505,ECG,4061,1564,0,0,0,0,0
34505,ECG,4062,1525,0,0,0,0,0
34510,ECG,4063,1495,0,0,0,0,0
34510,ECG,4064,1488,0,0,0,0,0
34515,ECG,4065,1492,0,0,0,0,0
34515,ECG,4066,1501,0,0,0,0,0
34515,ECG,4067,1560,0,0,0,0,0
34520,ECG,4068,1596,0,0,0,0,0
34520,ECG,4069,1556,0,0,0,0,0
34525,ECG,4070,1483,0,0,0,0,0
34525,ECG,4071,1390,0,0,0,0,0
34525,ECG,4072,1301,0,0,0,0,0
34530,ECG,4073,1246,0,0,0,0,0
34530,ECG,4074,1224,0,0,0,0,0
34531,ECG,4075,1246,0,0,0,0,0
34535,ECG,4076,1308,0,0,0,0,0
34535,ECG,4077,1365,0,0,0,0,0
34540,ECG,4078,1436,0,0,0,0,0
34540,ECG,4079,1494,0,0,0,0,0
34545,ECG,4080,1397,0,0,0,0,0
34545,ECG,4081,1341,0,0,0,0,0
34550,ECG,4082,1293,0,0,0,0,0
34550,ECG,4083,1245,0,0,0,0,0
34550,ECG,4084,1234,0,0,0,0,0
34555,ECG,4085,1238,0,0,0,0,0
34555,ECG,4086,1270,0,0,0,0,0
34560,ECG,4087,1328,0,0,0,0,0
34560,ECG,4088,1345,0,0,0,0,0
34560,ECG,4089,1358,0,0,0,0,0
34565,ECG,4090,1348,0,0,0,0,0
34565,ECG,4091,1282,0,0,0,0,0
35572,ECG,4092,0,0,0,0,0,0
35572,ECG,4093,-1,0,0,0,0,0
35572,ECG,4094,-6,0,0,0,0,0
35577,ECG,4095,2,0,0,0,0,0
34877,IMU,832,1336,-4,8468,-99,64,44
34896,IMU,833,1320,-108,8556,-68,78,42
34915,IMU,834,1456,-12,8396,-75,60,47
34934,IMU,835,1328,-92,8328,-102,72,32
34953,IMU,836,1392,-96,8348,-100,64,28
34973,IMU,837,1408,-76,8428,-102,69,41
34992,IMU,838,1364,-80,8520,-94,39,32
35015,IMU,839,1248,32,8544,-84,69,33
35030,IMU,840,1356,-192,8364,-95,48,19
35049,IMU,841,1388,0,8468,-131,60,47
35068,IMU,842,1364,-108,8220,-71,57,19
35088,IMU,843,1488,-64,8272,-119,89,60
35107,IMU,844,1304,-60,8460,-97,62,34
35126,IMU,845,6900,2368,8212,-117,-260,-368
35145,IMU,846,1568,-1668,8272,-389,587,-495
35164,IMU,847,-1688,3064,6772,-356,158,31
35183,IMU,848,-1412,1456,9212,-446,526,140
35203,IMU,849,1688,-808,8776,-495,236,72
35225,IMU,850,1856,-612,8728,-935,905,190
35242,IMU,851,1396,-276,8904,-990,1143,222
35260,IMU,852,1300,-264,8372,-1402,1622,287
35279,IMU,853,1228,-384,8508,-1448,1550,298
35298,IMU,854,1988,-768,8820,-873,530,-690
35317,IMU,855,-272,604,7152,-496,611,216
35337,IMU,856,2056,560,6296,-450,716,211
35356,IMU,857,3328,-2728,9252,-494,751,221
35375,IMU,858,896,-848,8604,-568,561,111
35394,IMU,859,1384,100,7588,-1037,195,160
35413,IMU,860,536,0,8572,-636,723,188
35432,IMU,861,1072,-508,7992,-533,403,92
35453,IMU,862,996,-480,8692,-67,4,42
35471,IMU,863,804,-508,8272,87,-135,28
35490,IMU,864,1028,-496,8512,121,-154,3
35509,IMU,865,384,-580,10116,112,-96,23
35528,IMU,866,976,-412,8100,-109,-11,156
35547,IMU,867,1360,-316,8864,-365,224,23
35567,IMU,868,692,-576,8100,-369,439,122
35586,IMU,869,924,-544,8404,62,-142,-19
35605,IMU,870,864,-460,8228,106,-149,7
35625,IMU,871,968,-444,8400,136,-206,-3
35644,IMU,872,1008,-448,8480,-78,40,30
35664,IMU,873,856,-448,8364,-140,106,54
35681,IMU,874,916,-488,8604,-167,150,52
35701,IMU,875,916,-448,8256,-131,113,56
35720,IMU,876,1044,-484,8496,-76,34,43
35739,IMU,877,888,-448,8304,-46,20,19
35758,IMU,878,952,-448,8428,-99,59,28
35778,IMU,879,904,-396,8324,-84,75,53
35796,IMU,880,1072,-504,8420,-112,77,23
35816,IMU,881,976,-524,8408,-77,52,43
35835,IMU,882,952,-360,8328,-94,67,40
35854,IMU,883,928,-416,8452,-89,67,52
35874,IMU,884,944,-416,9080,-63,32,4
35896,IMU,885,924,-424,7888,-128,145,71
35912,IMU,886,1136,-296,9932,-59,30,19
35931,IMU,887,692,-208,8020,-37,92,1
35950,IMU,888,1000,-548,8468,-92,17,66
35969,IMU,889,1012,-672,8244,-70,81,39
35989,IMU,890,1440,-1752,15196,33,-207,-36
36008,IMU,891,772,-636,7984,58,-209,-120
36026,IMU,892,900,-108,9568,60,98,98
36046,IMU,893,856,-420,7384,-155,301,119
36065,IMU,894,984,-504,9348,-86,-179,-44
36084,IMU,895,924,-480,8104,-108,113,51
36105,IMU,896,968,-380,8000,-85,-20,-8
36123,IMU,897,952,-552,8804,-48,151,77
36141,IMU,898,888,-404,8092,-72,15,43
36161,IMU,899,988,-532,8996,-50,67,52
36180,IMU,900,864,-504,8140,-86,54,35
36199,IMU,901,936,-384,8896,-51,50,53
36218,IMU,902,992,-396,8136,-93,68,20
36237,IMU,903,1028,-460,8660,-115,47,59
36256,IMU,904,856,-428,8148,-95,53,29
36276,IMU,905,988,-400,8452,-93,35,45
36295,IMU,906,900,-520,8332,-87,49,43
36319,IMU,907,1036,-480,8504,-96,65,39
36335,IMU,908,1028,-472,8496,-66,45,57
36352,IMU,909,920,-416,8336,-108,73,53
36371,IMU,910,912,-504,8504,-72,59,29
36391,IMU,911,828,-588,8356,-93,65,41
36410,IMU,912,1096,-384,8456,-102,58,32
36429,IMU,913,1012,-404,8340,-88,56,40
36448,IMU,914,924,-508,8464,-94,65,32
36467,IMU,915,920,-472,8356,-97,61,32
36486,IMU,916,996,-508,8480,-94,64,50
36506,IMU,917,988,-524,8404,-91,77,30
36525,IMU,918,984,-440,8320,-98,56,36
36545,IMU,919,968,-448,8432,-93,59,47
36563,IMU,920,856,-488,8388,-85,73,38
36582,IMU,921,808,-396,8360,-89,79,46
36601,IMU,922,920,-444,8452,-92,55,54
36621,IMU,923,956,-432,8384,-69,66,62
36639,IMU,924,968,-516,8512,-87,58,45
36659,IMU,925,968,-440,8432,-91,66,55
36679,IMU,926,812,-388,8420,-69,42,33
36697,IMU,927,944,-432,8360,-87,54,42
36716,IMU,928,976,-492,8428,-106,55,39
36735,IMU,929,984,-436,8384,-89,39,43
36757,IMU,930,964,-500,8376,-104,70,27
36774,IMU,931,824,-456,8396,-102,60,20
36793,IMU,932,952,-416,8400,-86,70,48
36812,IMU,933,964,-524,8388,-101,58,43
36831,IMU,934,884,-396,8376,-94,48,46
36850,IMU,935,928,-428,8472,-93,48,41
36869,IMU,936,868,-428,8352,-61,71,37
36888,IMU,937,984,-452,8392,-77,43,55
36908,IMU,938,924,-544,8500,-111,62,55
36927,IMU,939,904,-444,8364,-75,60,42
36946,IMU,940,1012,-428,8572,-98,55,47
36966,IMU,941,984,-444,8400,-77,52,36
36985,IMU,942,1024,-472,8432,-90,49,44
37003,IMU,943,932,-460,8436,-94,61,43
37023,IMU,944,964,-380,8488,-91,53,40
37042,IMU,945,992,-608,8480,-94,47,43
37061,IMU,946,932,-448,8456,-80,50,66
37080,IMU,947,876,-568,8420,-79,54,28
37099,IMU,948,928,-516,8444,-95,69,45
37118,IMU,949,880,-380,8516,-105,48,48
37138,IMU,950,924,-416,8328,-79,47,50
37157,IMU,951,944,-376,8452,-88,52,34
37176,IMU,952,1056,-460,8420,-106,59,45
37197,IMU,953,1108,-396,8436,-81,58,41
37214,IMU,954,956,-384,8380,-95,39,34
37233,IMU,955,960,-424,8432,-86,56,42
37253,IMU,956,976,-372,8448,-93,61,29
37272,IMU,957,972,-428,8484,-57,60,43
37291,IMU,958,904,-380,8408,-104,53,47
37310,IMU,959,852,-456,8340,-101,48,31
37329,IMU,960,884,-420,8388,-92,56,48
37348,IMU,961,976,-468,8440,-99,60,45
37367,IMU,962,880,-480,8460,-114,49,43
37387,IMU,963,980,-420,8572,-100,60,38
37410,IMU,964,1016,-528,8428,-96,34,29
37426,IMU,965,932,-508,8472,-101,55,39
37444,IMU,966,944,-412,8408,-98,62,40
37463,IMU,967,1012,-492,8508,-75,54,56
37482,IMU,968,1008,-476,8344,-101,61,44
37502,IMU,969,1032,-420,8404,-83,64,68
37521,IMU,970,940,-360,8424,-81,67,43
37540,IMU,971,864,-480,8488,-87,60,25
37559,IMU,972,992,-476,8480,-95,43,46
37578,IMU,973,992,-404,8464,-86,45,49
37597,IMU,974,888,-384,8452,-105,62,61
37617,IMU,975,956,-384,8524,-105,50,47
37642,IMU,976,988,-392,8500,-98,54,48
37655,IMU,977,1020,-388,8408,-100,64,47
37674,IMU,978,968,-392,8436,-95,58,52
37693,IMU,979,976,-368,8492,-93,55,60
37714,IMU,980,944,-496,8412,-98,45,49
37732,IMU,981,1056,-376,8448,-91,58,49
37751,IMU,982,900,-460,8368,-86,57,62
37770,IMU,983,944,-444,8488,-75,55,31
37789,IMU,984,960,-488,8444,-94,58,32
37808,IMU,985,960,-440,8408,-99,58,50
37828,IMU,986,944,-412,8456,-79,71,34
37850,IMU,987,984,-468,8416,-78,60,48
37866,IMU,988,964,-456,8452,-96,61,53
37885,IMU,989,960,-496,8420,-104,45,42
37904,IMU,990,1056,-488,8380,-81,62,45
37923,IMU,991,896,-396,8340,-90,47,58
37943,IMU,992,948,-484,8512,-102,71,44
37962,IMU,993,956,-452,8444,-74,61,53
37981,IMU,994,904,-512,8396,-92,59,34
38000,IMU,995,952,-532,8448,-89,66,40
38019,IMU,996,848,-424,8384,-117,56,51
38038,IMU,997,952,-456,8384,-94,62,43
38058,IMU,998,916,-452,8452,-96,62,45
38078,IMU,999,944,-516,8448,-72,59,47
38096,IMU,1000,980,-412,8444,-81,58,37
38115,IMU,1001,920,-512,8432,-89,78,43
38134,IMU,1002,944,-452,8488,-82,54,49
38153,IMU,1003,932,-484,8356,-71,56,43
38172,IMU,1004,1004,-532,8448,-93,70,42
38192,IMU,1005,968,-372,8392,-91,79,47
38211,IMU,1006,980,-492,8480,-89,54,56
38230,IMU,1007,972,-376,8428,-97,55,39
38249,IMU,1008,1016,-444,8532,-100,54,29
38268,IMU,1009,952,-452,8392,-81,65,39
38290,IMU,1010,1004,-552,8448,-95,54,36
38307,IMU,1011,868,-444,8456,-108,62,36
38326,IMU,1012,1060,-420,8400,-92,54,39
38345,IMU,1013,980,-416,8424,-89,56,39
38364,IMU,1014,920,-512,8332,-90,48,46
38383,IMU,1015,1040,-440,8368,-82,55,44
38402,IMU,1016,920,-476,8408,-96,63,46
38422,IMU,1017,988,-396,8448,-80,60,47
38441,IMU,1018,1048,-496,8452,-73,50,45
38460,IMU,1019,1016,-428,8368,-98,61,50
38479,IMU,1020,956,-368,8392,-92,62,59
38501,IMU,1021,848,-380,8456,-109,48,43
38520,IMU,1022,908,-532,8444,-67,50,37
38537,IMU,1023,932,-496,8348,-93,63,35
38556,IMU,1024,960,-444,8392,-85,60,49
38575,IMU,1025,852,-424,8468,-109,73,40
38594,IMU,1026,948,-484,8516,-85,49,57
38613,IMU,1027,944,-456,8436,-90,61,35
38632,IMU,1028,960,-464,8452,-83,61,58
38652,IMU,1029,896,-484,8428,-82,57,50
38671,IMU,1030,928,-400,8392,-84,57,55
38690,IMU,1031,936,-348,8480,-98,74,48
38709,IMU,1032,1012,-456,8372,-94,60,43
38728,IMU,1033,968,-504,8464,-102,52,40
38747,IMU,1034,1044,-408,8484,-83,58,39
38766,IMU,1035,928,-460,8380,-78,73,50
38785,IMU,1036,992,-544,8376,-83,50,52
38804,IMU,1037,964,-364,8360,-96,53,30
38824,IMU,1038,892,-516,8452,-95,62,43
38843,IMU,1039,964,-440,8464,-83,73,33
35577,ECG,4096,6,0,0,0,0,0
35582,ECG,4097,38,0,0,0,0,0
35582,ECG,4098,-16,0,0,0,0,0
35587,ECG,4099,-26,0,0,0,0,0
35587,ECG,4100,151,0,0,0,0,0
35592,ECG,4101,-2108,0,0,0,0,0
35592,ECG,4102,-1851,0,0,0,0,0
35597,ECG,4103,-37,0,0,0,0,0
35597,ECG,4104,3410,0,0,0,0,0
35597,ECG,4105,8745,0,0,0,0,0
35602,ECG,4106,15147,0,0,0,0,0
35602,ECG,4107,21661,0,0,0,0,0
35607,ECG,4108,27346,0,0,0,0,0
35607,ECG,4109,31236,0,0,0,0,0
35607,ECG,4110,32011,0,0,0,0,0
35612,ECG,4111,31810,0,0,0,0,0
35612,ECG,4112,31610,0,0,0,0,0
35617,ECG,4113,31291,0,0,0,0,0
35617,ECG,4114,31152,0,0,0,0,0
35617,ECG,4115,31019,0,0,0,0,0
35622,ECG,4116,30715,0,0,0,0,0
35622,ECG,4117,30481,0,0,0,0,0
35623,ECG,4118,30164,0,0,0,0,0
35627,ECG,4119,29856,0,0,0,0,0
35627,ECG,4120,29627,0,0,0,0,0
35632,ECG,4121,29436,0,0,0,0,0
35632,ECG,4122,29310,0,0,0,0,0
35637,ECG,4123,29159,0,0,0,0,0
35637,ECG,4124,29076,0,0,0,0,0
35642,ECG,4125,28957,0,0,0,0,0
35642,ECG,4126,28775,0,0,0,0,0
35642,ECG,4127,28527,0,0,0,0,0
35647,ECG,4128,28339,0,0,0,0,0
35647,ECG,4129,28153,0,0,0,0,0
35652,ECG,4130,27967,0,0,0,0,0
35652,ECG,4131,27798,0,0,0,0,0
35652,ECG,4132,27621,0,0,0,0,0
35657,ECG,4133,27494,0,0,0,0,0
35657,ECG,4134,27358,0,0,0,0,0
35662,ECG,4135,26932,0,0,0,0,0
35662,ECG,4136,26705,0,0,0,0,0
35667,ECG,4137,26464,0,0,0,0,0
35667,ECG,4138,26259,0,0,0,0,0
35672,ECG,4139,25944,0,0,0,0,0
35672,ECG,4140,25837,0,0,0,0,0
35677,ECG,4141,25738,0,0,0,0,0
35677,ECG,4142,25622,0,0,0,0,0
35677,ECG,4143,25523,0,0,0,0,0
35682,ECG,4144,25378,0,0,0,0,0
35682,ECG,4145,25178,0,0,0,0,0
35687,ECG,4146,25012,0,0,0,0,0
35687,ECG,4147,24863,0,0,0,0,0
35687,ECG,4148,24701,0,0,0,0,0
35692,ECG,4149,24552,0,0,0,0,0
35692,ECG,4150,24386,0,0,0,0,0
35697,ECG,4151,24255,0,0,0,0,0
35697,ECG,4152,24132,0,0,0,0,0
35697,ECG,4153,23948,0,0,0,0,0
35702,ECG,4154,23739,0,0,0,0,0
35702,ECG,4155,23542,0,0,0,0,0
35707,ECG,4156,23132,0,0,0,0,0
35707,ECG,4157,22972,0,0,0,0,0
35712,ECG,4158,22844,0,0,0,0,0
35712,ECG,4159,22751,0,0,0,0,0
35717,ECG,4160,22578,0,0,0,0,0
35717,ECG,4161,22495,0,0,0,0,0
35722,ECG,4162,22382,0,0,0,0,0
35722,ECG,4163,22209,0,0,0,0,0
35722,ECG,4164,22049,0,0,0,0,0
35727,ECG,4165,21924,0,0,0,0,0
35727,ECG,4166,21779,0,0,0,0,0
35732,ECG,4167,21643,0,0,0,0,0
35732,ECG,4168,21509,0,0,0,0,0
35732,ECG,4169,21368,0,0,0,0,0
35737,ECG,4170,21246,0,0,0,0,0
35737,ECG,4171,21126,0,0,0,0,0
35742,ECG,4172,20818,0,0,0,0,0
35742,ECG,4173,20665,0,0,0,0,0
35747,ECG,4174,20507,0,0,0,0,0
35747,ECG,4175,20359,0,0,0,0,0
35752,ECG,4176,20109,0,0,0,0,0
35752,ECG,4177,20001,0,0,0,0,0
35757,ECG,4178,19907,0,0,0,0,0
35757,ECG,4179,19817,0,0,0,0,0
35757,ECG,4180,19710,0,0,0,0,0
35762,ECG,4181,19575,0,0,0,0,0
35762,ECG,4182,19416,0,0,0,0,0
35767,ECG,4183,19266,0,0,0,0,0
35767,ECG,4184,19128,0,0,0,0,0
35767,ECG,4185,18996,0,0,0,0,0
35772,ECG,4186,18887,0,0,0,0,0
35772,ECG,4187,18773,0,0,0,0,0
35777,ECG,4188,18692,0,0,0,0,0
35777,ECG,4189,18644,0,0,0,0,0
35777,ECG,4190,18521,0,0,0,0,0
35782,ECG,4191,18349,0,0,0,0,0
35782,ECG,4192,18163,0,0,0,0,0
35787,ECG,4193,17782,0,0,0,0,0
35787,ECG,4194,17640,0,0,0,0,0
35792,ECG,4195,17540,0,0,0,0,0
35792,ECG,4196,17481,0,0,0,0,0
35797,ECG,4197,17417,0,0,0,0,0
35797,ECG,4198,17375,0,0,0,0,0
35802,ECG,4199,17299,0,0,0,0,0
35802,ECG,4200,17157,0,0,0,0,0
35802,ECG,4201,16996,0,0,0,0,0
35807,ECG,4202,16882,0,0,0,0,0
35807,ECG,4203,16766,0,0,0,0,0
35812,ECG,4204,16658,0,0,0,0,0
35812,ECG,4205,16566,0,0,0,0,0
35812,ECG,4206,16472,0,0,0,0,0
35817,ECG,4207,16398,0,0,0,0,0
35817,ECG,4208,16323,0,0,0,0,0
35822,ECG,4209,16083,0,0,0,0,0
35822,ECG,4210,15945,0,0,0,0,0
35827,ECG,4211,15814,0,0,0,0,0
35827,ECG,4212,15694,0,0,0,0,0
35828,ECG,4213,15587,0,0,0,0,0
35832,ECG,4214,15503,0,0,0,0,0
35832,ECG,4215,15427,0,0,0,0,0
35837,ECG,4216,15363,0,0,0,0,0
35837,ECG,4217,15312,0,0,0,0,0
35837,ECG,4218,15241,0,0,0,0,0
35842,ECG,4219,15124,0,0,0,0,0
35842,ECG,4220,14984,0,0,0,0,0
35847,ECG,4221,14853,0,0,0,0,0
35847,ECG,4222,14731,0,0,0,0,0
35847,ECG,4223,14623,0,0,0,0,0
35852,ECG,4224,14539,0,0,0,0,0
35852,ECG,4225,14453,0,0,0,0,0
35857,ECG,4226,14416,0,0,0,0,0
35857,ECG,4227,14398,0,0,0,0,0
35857,ECG,4228,14295,0,0,0,0,0
35862,ECG,4229,14169,0,0,0,0,0
35862,ECG,4230,14020,0,0,0,0,0
35867,ECG,4231,13701,0,0,0,0,0
35867,ECG,4232,13597,0,0,0,0,0
35872,ECG,4233,13524,0,0,0,0,0
35872,ECG,4234,13492,0,0,0,0,0
35877,ECG,4235,13446,0,0,0,0,0
35877,ECG,4236,13424,0,0,0,0,0
35882,ECG,4237,13372,0,0,0,0,0
35882,ECG,4238,13261,0,0,0,0,0
35882,ECG,4239,13151,0,0,0,0,0
35887,ECG,4240,13082,0,0,0,0,0
35887,ECG,4241,12993,0,0,0,0,0
35892,ECG,4242,12912,0,0,0,0,0
35892,ECG,4243,12833,0,0,0,0,0
35892,ECG,4244,12746,0,0,0,0,0
35897,ECG,4245,12682,0,0,0,0,0
35897,ECG,4246,12609,0,0,0,0,0
35902,ECG,4247,12507,0,0,0,0,0
35902,ECG,4248,12407,0,0,0,0,0
35902,ECG,4249,12308,0,0,0,0,0
35907,ECG,4250,12205,0,0,0,0,0
35907,ECG,4251,12111,0,0,0,0,0
35908,ECG,4252,12035,0,0,0,0,0
35912,ECG,4253,11972,0,0,0,0,0
35912,ECG,4254,11906,0,0,0,0,0
35917,ECG,4255,11893,0,0,0,0,0
35917,ECG,4256,11864,0,0,0,0,0
35917,ECG,4257,11765,0,0,0,0,0
35922,ECG,4258,11620,0,0,0,0,0
35922,ECG,4259,11459,0,0,0,0,0
35927,ECG,4260,11296,0,0,0,0,0
35927,ECG,4261,11167,0,0,0,0,0
35927,ECG,4262,11079,0,0,0,0,0
35932,ECG,4263,11036,0,0,0,0,0
35932,ECG,4264,11038,0,0,0,0,0
35937,ECG,4265,11055,0,0,0,0,0
35937,ECG,4266,11051,0,0,0,0,0
35937,ECG,4267,11062,0,0,0,0,0
35942,ECG,4268,11007,0,0,0,0,0
35942,ECG,4269,10905,0,0,0,0,0
35947,ECG,4270,10761,0,0,0,0,0
35947,ECG,4271,10685,0,0,0,0,0
35952,ECG,4272,10623,0,0,0,0,0
35952,ECG,4273,10549,0,0,0,0,0
35957,ECG,4274,10462,0,0,0,0,0
35957,ECG,4275,10378,0,0,0,0,0
35962,ECG,4276,10260,0,0,0,0,0
35962,ECG,4277,10148,0,0,0,0,0
35962,ECG,4278,10026,0,0,0,0,0
35967,ECG,4279,9912,0,0,0,0,0
35967,ECG,4280,9825,0,0,0,0,0
35972,ECG,4281,9772,0,0,0,0,0
35972,ECG,4282,9748,0,0,0,0,0
35972,ECG,4283,9740,0,0,0,0,0
35977,ECG,4284,9754,0,0,0,0,0
35977,ECG,4285,9761,0,0,0,0,0
35982,ECG,4286,9702,0,0,0,0,0
35982,ECG,4287,9575,0,0,0,0,0
35982,ECG,4288,9443,0,0,0,0,0
35987,ECG,4289,9335,0,0,0,0,0
35987,ECG,4290,9239,0,0,0,0,0
35988,ECG,4291,9176,0,0,0,0,0
35992,ECG,4292,9138,0,0,0,0,0
35992,ECG,4293,9122,0,0,0,0,0
35997,ECG,4294,9149,0,0,0,0,0
35997,ECG,4295,9141,0,0,0,0,0
36002,ECG,4296,9004,0,0,0,0,0
36002,ECG,4297,8870,0,0,0,0,0
36007,ECG,4298,8755,0,0,0,0,0
36007,ECG,4299,8678,0,0,0,0,0
36007,ECG,4300,8617,0,0,0,0,0
36012,ECG,4301,8587,0,0,0,0,0
36012,ECG,4302,8578,0,0,0,0,0
36017,ECG,4303,8574,0,0,0,0,0
36017,ECG,4304,8563,0,0,0,0,0
36017,ECG,4305,8553,0,0,0,0,0
36022,ECG,4306,8493,0,0,0,0,0
36022,ECG,4307,8397,0,0,0,0,0
36027,ECG,4308,8277,0,0,0,0,0
36027,ECG,4309,8216,0,0,0,0,0
36032,ECG,4310,8176,0,0,0,0,0
36032,ECG,4311,8117,0,0,0,0,0
36037,ECG,4312,8091,0,0,0,0,0
36037,ECG,4313,8026,0,0,0,0,0
36042,ECG,4314,7906,0,0,0,0,0
36042,ECG,4315,7793,0,0,0,0,0
36042,ECG,4316,7659,0,0,0,0,0
36047,ECG,4317,7544,0,0,0,0,0
36047,ECG,4318,7472,0,0,0,0,0
36052,ECG,4319,7437,0,0,0,0,0
36052,ECG,4320,7446,0,0,0,0,0
36052,ECG,4321,7482,0,0,0,0,0
36057,ECG,4322,7496,0,0,0,0,0
36057,ECG,4323,7517,0,0,0,0,0
36062,ECG,4324,7508,0,0,0,0,0
36062,ECG,4325,7442,0,0,0,0,0
36062,ECG,4326,7358,0,0,0,0,0
36067,ECG,4327,7326,0,0,0,0,0
36067,ECG,4328,7276,0,0,0,0,0
36072,ECG,4329,7185,0,0,0,0,0
36072,ECG,4330,7137,0,0,0,0,0
36077,ECG,4331,7092,0,0,0,0,0
36077,ECG,4332,7048,0,0,0,0,0
36082,ECG,4333,6958,0,0,0,0,0
36082,ECG,4334,6914,0,0,0,0,0
36087,ECG,4335,6871,0,0,0,0,0
36087,ECG,4336,6826,0,0,0,0,0
36087,ECG,4337,6782,0,0,0,0,0
36092,ECG,4338,6743,0,0,0,0,0
36092,ECG,4339,6693,0,0,0,0,0
36097,ECG,4340,6659,0,0,0,0,0
36097,ECG,4341,6645,0,0,0,0,0
36097,ECG,4342,6584,0,0,0,0,0
36102,ECG,4343,6504,0,0,0,0,0
36102,ECG,4344,6433,0,0,0,0,0
36107,ECG,4345,6275,0,0,0,0,0
36107,ECG,4346,6223,0,0,0,0,0
36112,ECG,4347,6195,0,0,0,0,0
36112,ECG,4348,6174,0,0,0,0,0
36113,ECG,4349,6189,0,0,0,0,0
36117,ECG,4350,6214,0,0,0,0,0
36117,ECG,4351,6187,0,0,0,0,0
36122,ECG,4352,6132,0,0,0,0,0
36122,ECG,4353,6038,0,0,0,0,0
36122,ECG,4354,5931,0,0,0,0,0
36127,ECG,4355,5861,0,0,0,0,0
36127,ECG,4356,5807,0,0,0,0,0
36132,ECG,4357,5778,0,0,0,0,0
36132,ECG,4358,5777,0,0,0,0,0
36132,ECG,4359,5791,0,0,0,0,0
36137,ECG,4360,5791,0,0,0,0,0
36137,ECG,4361,5797,0,0,0,0,0
36142,ECG,4362,5795,0,0,0,0,0
36142,ECG,4363,5733,0,0,0,0,0
36142,ECG,4364,5674,0,0,0,0,0
36147,ECG,4365,5648,0,0,0,0,0
36147,ECG,4366,5609,0,0,0,0,0
36152,ECG,4367,5539,0,0,0,0,0
36152,ECG,4368,5502,0,0,0,0,0
36157,ECG,4369,5468,0,0,0,0,0
36157,ECG,4370,5433,0,0,0,0,0
36162,ECG,4371,5363,0,0,0,0,0
36162,ECG,4372,5329,0,0,0,0,0
36167,ECG,4373,5296,0,0,0,0,0
36167,ECG,4374,5260,0,0,0,0,0
36167,ECG,4375,5229,0,0,0,0,0
36172,ECG,4376,5196,0,0,0,0,0
36172,ECG,4377,5154,0,0,0,0,0
36177,ECG,4378,5151,0,0,0,0,0
36177,ECG,4379,5134,0,0,0,0,0
36177,ECG,4380,5058,0,0,0,0,0
36182,ECG,4381,4984,0,0,0,0,0
36182,ECG,4382,4911,0,0,0,0,0
36187,ECG,4383,4828,0,0,0,0,0
36187,ECG,4384,4766,0,0,0,0,0
36187,ECG,4385,4728,0,0,0,0,0
36192,ECG,4386,4724,0,0,0,0,0
36192,ECG,4387,4730,0,0,0,0,0
36193,ECG,4388,4759,0,0,0,0,0
36197,ECG,4389,4809,0,0,0,0,0
36197,ECG,4390,4798,0,0,0,0,0
36202,ECG,4391,4726,0,0,0,0,0
36202,ECG,4392,4611,0,0,0,0,0
36202,ECG,4393,4513,0,0,0,0,0
36207,ECG,4394,4432,0,0,0,0,0
36207,ECG,4395,4374,0,0,0,0,0
36212,ECG,4396,4360,0,0,0,0,0
36212,ECG,4397,4367,0,0,0,0,0
36212,ECG,4398,4411,0,0,0,0,0
36217,ECG,4399,4471,0,0,0,0,0
36217,ECG,4400,4486,0,0,0,0,0
36222,ECG,4401,4464,0,0,0,0,0
36222,ECG,4402,4376,0,0,0,0,0
36222,ECG,4403,4265,0,0,0,0,0
36227,ECG,4404,4205,0,0,0,0,0
36227,ECG,4405,4158,0,0,0,0,0
36232,ECG,4406,4139,0,0,0,0,0
36232,ECG,4407,4161,0,0,0,0,0
36237,ECG,4408,4175,0,0,0,0,0
36237,ECG,4409,4188,0,0,0,0,0
36242,ECG,4410,4160,0,0,0,0,0
36242,ECG,4411,4105,0,0,0,0,0
36247,ECG,4412,4087,0,0,0,0,0
36247,ECG,4413,4060,0,0,0,0,0
36247,ECG,4414,4031,0,0,0,0,0
36252,ECG,4415,4008,0,0,0,0,0
36252,ECG,4416,3981,0,0,0,0,0
36257,ECG,4417,3955,0,0,0,0,0
36257,ECG,4418,3930,0,0,0,0,0
36257,ECG,4419,3905,0,0,0,0,0
36262,ECG,4420,3880,0,0,0,0,0
36262,ECG,4421,3855,0,0,0,0,0
36267,ECG,4422,3830,0,0,0,0,0
36267,ECG,4423,3806,0,0,0,0,0
36267,ECG,4424,3781,0,0,0,0,0
36272,ECG,4425,3757,0,0,0,0,0
36272,ECG,4426,3733,0,0,0,0,0
36273,ECG,4427,3709,0,0,0,0,0
36277,ECG,4428,3685,0,0,0,0,0
36277,ECG,4429,3661,0,0,0,0,0
36282,ECG,4430,3638,0,0,0,0,0
36282,ECG,4431,3613,0,0,0,0,0
36287,ECG,4432,3568,0,0,0,0,0
36287,ECG,4433,3543,0,0,0,0,0
36292,ECG,4434,3526,0,0,0,0,0
36292,ECG,4435,3494,0,0,0,0,0
36292,ECG,4436,3481,0,0,0,0,0
36297,ECG,4437,3498,0,0,0,0,0
36297,ECG,4438,3465,0,0,0,0,0
36302,ECG,4439,3372,0,0,0,0,0
36302,ECG,4440,3295,0,0,0,0,0
36302,ECG,4441,3200,0,0,0,0,0
36307,ECG,4442,3112,0,0,0,0,0
36307,ECG,4443,3064,0,0,0,0,0
36312,ECG,4444,3081,0,0,0,0,0
36312,ECG,4445,3138,0,0,0,0,0
36317,ECG,4446,3179,0,0,0,0,0
36317,ECG,4447,3222,0,0,0,0,0
36322,ECG,4448,3215,0,0,0,0,0
36322,ECG,4449,3155,0,0,0,0,0
36327,ECG,4450,3144,0,0,0,0,0
36327,ECG,4451,3124,0,0,0,0,0
36327,ECG,4452,3100,0,0,0,0,0
36332,ECG,4453,3083,0,0,0,0,0
36332,ECG,4454,3062,0,0,0,0,0
36337,ECG,4455,3042,0,0,0,0,0
36337,ECG,4456,3023,0,0,0,0,0
36337,ECG,4457,3003,0,0,0,0,0
36342,ECG,4458,2984,0,0,0,0,0
36342,ECG,4459,2964,0,0,0,0,0
36347,ECG,4460,2945,0,0,0,0,0
36347,ECG,4461,2926,0,0,0,0,0
36347,ECG,4462,2907,0,0,0,0,0
36352,ECG,4463,2888,0,0,0,0,0
36352,ECG,4464,2870,0,0,0,0,0
36357,ECG,4465,2833,0,0,0,0,0
36357,ECG,4466,2814,0,0,0,0,0
36362,ECG,4467,2796,0,0,0,0,0
36362,ECG,4468,2778,0,0,0,0,0
36367,ECG,4469,2742,0,0,0,0,0
36367,ECG,4470,2724,0,0,0,0,0
36372,ECG,4471,2706,0,0,0,0,0
36372,ECG,4472,2689,0,0,0,0,0
36372,ECG,4473,2671,0,0,0,0,0
36377,ECG,4474,2654,0,0,0,0,0
36377,ECG,4475,2637,0,0,0,0,0
36382,ECG,4476,2620,0,0,0,0,0
36382,ECG,4477,2603,0,0,0,0,0
36382,ECG,4478,2586,0,0,0,0,0
36387,ECG,4479,2569,0,0,0,0,0
36387,ECG,4480,2552,0,0,0,0,0
36392,ECG,4481,2519,0,0,0,0,0
36392,ECG,4482,2503,0,0,0,0,0
36397,ECG,4483,2486,0,0,0,0,0
36397,ECG,4484,2470,0,0,0,0,0
36398,ECG,4485,2454,0,0,0,0,0
36402,ECG,4486,2438,0,0,0,0,0
36402,ECG,4487,2422,0,0,0,0,0
36407,ECG,4488,2406,0,0,0,0,0
36407,ECG,4489,2391,0,0,0,0,0
36407,ECG,4490,2375,0,0,0,0,0
36412,ECG,4491,2360,0,0,0,0,0
36412,ECG,4492,2344,0,0,0,0,0
36417,ECG,4493,2329,0,0,0,0,0
36417,ECG,4494,2314,0,0,0,0,0
36417,ECG,4495,2299,0,0,0,0,0
36422,ECG,4496,2284,0,0,0,0,0
36422,ECG,4497,2268,0,0,0,0,0
36427,ECG,4498,2254,0,0,0,0,0
36427,ECG,4499,2239,0,0,0,0,0
36427,ECG,4500,2224,0,0,0,0,0
36432,ECG,4501,2211,0,0,0,0,0
36432,ECG,4502,2194,0,0,0,0,0
36437,ECG,4503,2176,0,0,0,0,0
36437,ECG,4504,2155,0,0,0,0,0
36442,ECG,4505,2130,0,0,0,0,0
36442,ECG,4506,2108,0,0,0,0,0
36447,ECG,4507,2059,0,0,0,0,0
36447,ECG,4508,2043,0,0,0,0,0
36452,ECG,4509,2032,0,0,0,0,0
36452,ECG,4510,2027,0,0,0,0,0
36452,ECG,4511,2027,0,0,0,0,0
36457,ECG,4512,2022,0,0,0,0,0
36457,ECG,4513,2019,0,0,0,0,0
36462,ECG,4514,2013,0,0,0,0,0
36462,ECG,4515,1993,0,0,0,0,0
36462,ECG,4516,1976,0,0,0,0,0
36467,ECG,4517,1965,0,0,0,0,0
36467,ECG,4518,1951,0,0,0,0,0
36472,ECG,4519,1926,0,0,0,0,0
36472,ECG,4520,1913,0,0,0,0,0
36477,ECG,4521,1901,0,0,0,0,0
36477,ECG,4522,1888,0,0,0,0,0
36478,ECG,4523,1876,0,0,0,0,0
36482,ECG,4524,1863,0,0,0,0,0
36482,ECG,4525,1851,0,0,0,0,0
36487,ECG,4526,1839,0,0,0,0,0
36487,ECG,4527,1826,0,0,0,0,0
36487,ECG,4528,1814,0,0,0,0,0
36492,ECG,4529,1802,0,0,0,0,0
36492,ECG,4530,1790,0,0,0,0,0
36497,ECG,4531,1779,0,0,0,0,0
36497,ECG,4532,1767,0,0,0,0,0
36497,ECG,4533,1755,0,0,0,0,0
36502,ECG,4534,1744,0,0,0,0,0
36502,ECG,4535,1732,0,0,0,0,0
36507,ECG,4536,1721,0,0,0,0,0
36507,ECG,4537,1709,0,0,0,0,0
36507,ECG,4538,1698,0,0,0,0,0
36512,ECG,4539,1687,0,0,0,0,0
36512,ECG,4540,1675,0,0,0,0,0
36517,ECG,4541,1653,0,0,0,0,0
36517,ECG,4542,1642,0,0,0,0,0
36522,ECG,4543,1631,0,0,0,0,0
36522,ECG,4544,1621,0,0,0,0,0
36527,ECG,4545,1599,0,0,0,0,0
36527,ECG,4546,1588,0,0,0,0,0
36532,ECG,4547,1578,0,0,0,0,0
36532,ECG,4548,1567,0,0,0,0,0
36532,ECG,4549,1557,0,0,0,0,0
36537,ECG,4550,1546,0,0,0,0,0
36537,ECG,4551,1536,0,0,0,0,0
36542,ECG,4552,1526,0,0,0,0,0
36542,ECG,4553,1516,0,0,0,0,0
36542,ECG,4554,1506,0,0,0,0,0
36547,ECG,4555,1496,0,0,0,0,0
36547,ECG,4556,1486,0,0,0,0,0
36552,ECG,4557,1476,0,0,0,0,0
36552,ECG,4558,1466,0,0,0,0,0
36552,ECG,4559,1456,0,0,0,0,0
36557,ECG,4560,1446,0,0,0,0,0
36557,ECG,4561,1437,0,0,0,0,0
36558,ECG,4562,1427,0,0,0,0,0
36562,ECG,4563,1417,0,0,0,0,0
36562,ECG,4564,1408,0,0,0,0,0
36567,ECG,4565,1399,0,0,0,0,0
36567,ECG,4566,1388,0,0,0,0,0
36572,ECG,4567,1370,0,0,0,0,0
36572,ECG,4568,1360,0,0,0,0,0
36577,ECG,4569,1367,0,0,0,0,0
36577,ECG,4570,1360,0,0,0,0,0
36577,ECG,4571,1327,0,0,0,0,0
36582,ECG,4572,1297,0,0,0,0,0
36582,ECG,4573,1264,0,0,0,0,0
36587,ECG,4574,1229,0,0,0,0,0
36587,ECG,4575,1207,0,0,0,0,0
36587,ECG,4576,1198,0,0,0,0,0
36592,ECG,4577,1202,0,0,0,0,0
36592,ECG,4578,1220,0,0,0,0,0
36597,ECG,4579,1248,0,0,0,0,0
36597,ECG,4580,1265,0,0,0,0,0
36602,ECG,4581,1256,0,0,0,0,0
36602,ECG,4582,1231,0,0,0,0,0
36607,ECG,4583,1216,0,0,0,0,0
36607,ECG,4584,1207,0,0,0,0,0
36612,ECG,4585,1200,0,0,0,0,0
36612,ECG,4586,1191,0,0,0,0,0
36612,ECG,4587,1183,0,0,0,0,0
36617,ECG,4588,1175,0,0,0,0,0
36617,ECG,4589,1167,0,0,0,0,0
36622,ECG,4590,1159,0,0,0,0,0
36622,ECG,4591,1151,0,0,0,0,0
36622,ECG,4592,1143,0,0,0,0,0
36627,ECG,4593,1135,0,0,0,0,0
36627,ECG,4594,1128,0,0,0,0,0
37634,ECG,4595,0,0,0,0,0,0
37634,ECG,4596,-1,0,0,0,0,0
37634,ECG,4597,-6,0,0,0,0,0
37639,ECG,4598,2,0,0,0,0,0
37639,ECG,4599,6,0,0,0,0,0
37644,ECG,4600,38,0,0,0,0,0
37644,ECG,4601,-16,0,0,0,0,0
37649,ECG,4602,-26,0,0,0,0,0
37649,ECG,4603,151,0,0,0,0,0
37654,ECG,4604,-2109,0,0,0,0,0
37654,ECG,4605,-1850,0,0,0,0,0
37659,ECG,4606,-36,0,0,0,0,0
37659,ECG,4607,3394,0,0,0,0,0
37659,ECG,4608,8729,0,0,0,0,0
37664,ECG,4609,15156,0,0,0,0,0
37664,ECG,4610,21689,0,0,0,0,0
37669,ECG,4611,27397,0,0,0,0,0
37669,ECG,4612,31311,0,0,0,0,0
37669,ECG,4613,32011,0,0,0,0,0
37674,ECG,4614,31810,0,0,0,0,0
37674,ECG,4615,31610,0,0,0,0,0
37679,ECG,4616,31343,0,0,0,0,0
37679,ECG,4617,31109,0,0,0,0,0
37679,ECG,4618,31019,0,0,0,0,0
37684,ECG,4619,30732,0,0,0,0,0
37684,ECG,4620,30591,0,0,0,0,0
37685,ECG,4621,30395,0,0,0,0,0
37689,ECG,4622,30196,0,0,0,0,0
37689,ECG,4623,30017,0,0,0,0,0
37694,ECG,4624,29827,0,0,0,0,0
37694,ECG,4625,29654,0,0,0,0,0
37694,ECG,4626,29462,0,0,0,0,0
37699,ECG,4627,29255,0,0,0,0,0
37699,ECG,4628,29056,0,0,0,0,0
37704,ECG,4629,28852,0,0,0,0,0
37704,ECG,4630,28651,0,0,0,0,0
37704,ECG,4631,28464,0,0,0,0,0
37709,ECG,4632,28287,0,0,0,0,0
37709,ECG,4633,28123,0,0,0,0,0
37714,ECG,4634,27969,0,0,0,0,0
37714,ECG,4635,27810,0,0,0,0,0
37714,ECG,4636,27653,0,0,0,0,0
37719,ECG,4637,27498,0,0,0,0,0
37719,ECG,4638,27317,0,0,0,0,0
37724,ECG,4639,26966,0,0,0,0,0
37724,ECG,4640,26797,0,0,0,0,0
37729,ECG,4641,26627,0,0,0,0,0
37729,ECG,4642,26460,0,0,0,0,0
37734,ECG,4643,26128,0,0,0,0,0
37734,ECG,4644,25964,0,0,0,0,0
37739,ECG,4645,25801,0,0,0,0,0
37739,ECG,4646,25639,0,0,0,0,0
37739,ECG,4647,25477,0,0,0,0,0
37744,ECG,4648,25317,0,0,0,0,0
37744,ECG,4649,25158,0,0,0,0,0
37749,ECG,4650,25000,0,0,0,0,0
37749,ECG,4651,24842,0,0,0,0,0
37749,ECG,4652,24686,0,0,0,0,0
37754,ECG,4653,24531,0,0,0,0,0
37754,ECG,4654,24377,0,0,0,0,0
37759,ECG,4655,24223,0,0,0,0,0
37759,ECG,4656,24071,0,0,0,0,0
37759,ECG,4657,23920,0,0,0,0,0
37764,ECG,4658,23769,0,0,0,0,0
37764,ECG,4659,23620,0,0,0,0,0
37765,ECG,4660,23471,0,0,0,0,0
37769,ECG,4661,23323,0,0,0,0,0
37769,ECG,4662,23177,0,0,0,0,0
37774,ECG,4663,23031,0,0,0,0,0
37774,ECG,4664,22886,0,0,0,0,0
37779,ECG,4665,22599,0,0,0,0,0
37779,ECG,4666,22457,0,0,0,0,0
37784,ECG,4667,22315,0,0,0,0,0
37784,ECG,4668,22175,0,0,0,0,0
37784,ECG,4669,22035,0,0,0,0,0
37789,ECG,4670,21897,0,0,0,0,0
37789,ECG,4671,21759,0,0,0,0,0
37794,ECG,4672,21622,0,0,0,0,0
37794,ECG,4673,21486,0,0,0,0,0
37794,ECG,4674,21351,0,0,0,0,0
37799,ECG,4675,21216,0,0,0,0,0
37799,ECG,4676,21083,0,0,0,0,0
37804,ECG,4677,20818,0,0,0,0,0
37804,ECG,4678,20687,0,0,0,0,0
37809,ECG,4679,20557,0,0,0,0,0
37809,ECG,4680,20428,0,0,0,0,0
37814,ECG,4681,20171,0,0,0,0,0
37814,ECG,4682,20044,0,0,0,0,0
37819,ECG,4683,19918,0,0,0,0,0
37819,ECG,4684,19793,0,0,0,0,0
37819,ECG,4685,19668,0,0,0,0,0
37824,ECG,4686,19544,0,0,0,0,0
37824,ECG,4687,19421,0,0,0,0,0
37829,ECG,4688,19299,0,0,0,0,0
37829,ECG,4689,19178,0,0,0,0,0
37829,ECG,4690,19057,0,0,0,0,0
37834,ECG,4691,18937,0,0,0,0,0
37834,ECG,4692,18818,0,0,0,0,0
37839,ECG,4693,18699,0,0,0,0,0
37839,ECG,4694,18581,0,0,0,0,0
37839,ECG,4695,18464,0,0,0,0,0
37844,ECG,4696,18348,0,0,0,0,0
37844,ECG,4697,18233,0,0,0,0,0
37849,ECG,4698,18004,0,0,0,0,0
37849,ECG,4699,17890,0,0,0,0,0
37854,ECG,4700,17778,0,0,0,0,0
37854,ECG,4701,17666,0,0,0,0,0
37859,ECG,4702,17444,0,0,0,0,0
37859,ECG,4703,17334,0,0,0,0,0
37864,ECG,4704,17225,0,0,0,0,0
37864,ECG,4705,17116,0,0,0,0,0
37864,ECG,4706,17008,0,0,0,0,0
37869,ECG,4707,16901,0,0,0,0,0
37869,ECG,4708,16795,0,0,0,0,0
37874,ECG,4709,16689,0,0,0,0,0
37874,ECG,4710,16584,0,0,0,0,0
37874,ECG,4711,16479,0,0,0,0,0
37879,ECG,4712,16375,0,0,0,0,0
37879,ECG,4713,16272,0,0,0,0,0
37884,ECG,4714,16068,0,0,0,0,0
37884,ECG,4715,15966,0,0,0,0,0
37889,ECG,4716,15866,0,0,0,0,0
37889,ECG,4717,15766,0,0,0,0,0
37890,ECG,4718,15666,0,0,0,0,0
37894,ECG,4719,15567,0,0,0,0,0
37894,ECG,4720,15469,0,0,0,0,0
37899,ECG,4721,15372,0,0,0,0,0
37899,ECG,4722,15275,0,0,0,0,0
37899,ECG,4723,15178,0,0,0,0,0
37904,ECG,4724,15083,0,0,0,0,0
37904,ECG,4725,14988,0,0,0,0,0
37909,ECG,4726,14893,0,0,0,0,0
37909,ECG,4727,14799,0,0,0,0,0
37909,ECG,4728,14706,0,0,0,0,0
37914,ECG,4729,14613,0,0,0,0,0
37914,ECG,4730,14521,0,0,0,0,0
37919,ECG,4731,14429,0,0,0,0,0
37919,ECG,4732,14338,0,0,0,0,0
37919,ECG,4733,14248,0,0,0,0,0
37924,ECG,4734,14158,0,0,0,0,0
37924,ECG,4735,14069,0,0,0,0,0
37929,ECG,4736,13892,0,0,0,0,0
37929,ECG,4737,13804,0,0,0,0,0
37934,ECG,4738,13717,0,0,0,0,0
37934,ECG,4739,13631,0,0,0,0,0
37939,ECG,4740,13459,0,0,0,0,0
37939,ECG,4741,13374,0,0,0,0,0
37944,ECG,4742,13290,0,0,0,0,0
37944,ECG,4743,13206,0,0,0,0,0
37944,ECG,4744,13123,0,0,0,0,0
37949,ECG,4745,13040,0,0,0,0,0
37949,ECG,4746,12958,0,0,0,0,0
37954,ECG,4747,12876,0,0,0,0,0
37954,ECG,4748,12795,0,0,0,0,0
37954,ECG,4749,12714,0,0,0,0,0
37959,ECG,4750,12634,0,0,0,0,0
37959,ECG,4751,12554,0,0,0,0,0
37964,ECG,4752,12396,0,0,0,0,0
37964,ECG,4753,12318,0,0,0,0,0
37969,ECG,4754,12240,0,0,0,0,0
37969,ECG,4755,12163,0,0,0,0,0
37970,ECG,4756,12086,0,0,0,0,0
37974,ECG,4757,12010,0,0,0,0,0
37974,ECG,4758,11934,0,0,0,0,0
37979,ECG,4759,11858,0,0,0,0,0
37979,ECG,4760,11783,0,0,0,0,0
37979,ECG,4761,11709,0,0,0,0,0
37984,ECG,4762,11635,0,0,0,0,0
37984,ECG,4763,11561,0,0,0,0,0
37989,ECG,4764,11488,0,0,0,0,0
37989,ECG,4765,11416,0,0,0,0,0
37989,ECG,4766,11344,0,0,0,0,0
37994,ECG,4767,11272,0,0,0,0,0
37994,ECG,4768,11201,0,0,0,0,0
37999,ECG,4769,11130,0,0,0,0,0
37999,ECG,4770,11060,0,0,0,0,0
37999,ECG,4771,10990,0,0,0,0,0
38004,ECG,4772,10920,0,0,0,0,0
38004,ECG,4773,10851,0,0,0,0,0
38009,ECG,4774,10714,0,0,0,0,0
38009,ECG,4775,10647,0,0,0,0,0
38014,ECG,4776,10579,0,0,0,0,0
38014,ECG,4777,10512,0,0,0,0,0
38019,ECG,4778,10380,0,0,0,0,0
38019,ECG,4779,10314,0,0,0,0,0
38024,ECG,4780,10249,0,0,0,0,0
38024,ECG,4781,10184,0,0,0,0,0
38024,ECG,4782,10120,0,0,0,0,0
38029,ECG,4783,10056,0,0,0,0,0
38029,ECG,4784,9992,0,0,0,0,0
38034,ECG,4785,9929,0,0,0,0,0
38034,ECG,4786,9866,0,0,0,0,0
38034,ECG,4787,9804,0,0,0,0,0
38039,ECG,4788,9742,0,0,0,0,0
38039,ECG,4789,9680,0,0,0,0,0
38044,ECG,4790,9619,0,0,0,0,0
38044,ECG,4791,9558,0,0,0,0,0
38044,ECG,4792,9497,0,0,0,0,0
38049,ECG,4793,9437,0,0,0,0,0
38049,ECG,4794,9377,0,0,0,0,0
38050,ECG,4795,9318,0,0,0,0,0
38054,ECG,4796,9259,0,0,0,0,0
38054,ECG,4797,9201,0,0,0,0,0
38059,ECG,4798,9142,0,0,0,0,0
38059,ECG,4799,9084,0,0,0,0,0
38064,ECG,4800,8970,0,0,0,0,0
38064,ECG,4801,8913,0,0,0,0,0
38069,ECG,4802,8856,0,0,0,0,0
38069,ECG,4803,8800,0,0,0,0,0
38069,ECG,4804,8744,0,0,0,0,0
38074,ECG,4805,8689,0,0,0,0,0
38074,ECG,4806,8634,0,0,0,0,0
38079,ECG,4807,8579,0,0,0,0,0
38079,ECG,4808,8526,0,0,0,0,0
38079,ECG,4809,8470,0,0,0,0,0
38084,ECG,4810,8418,0,0,0,0,0
38084,ECG,4811,8372,0,0,0,0,0
38089,ECG,4812,8253,0,0,0,0,0
38089,ECG,4813,8194,0,0,0,0,0
38094,ECG,4814,8133,0,0,0,0,0
38094,ECG,4815,8072,0,0,0,0,0
38099,ECG,4816,7968,0,0,0,0,0
38099,ECG,4817,7924,0,0,0,0,0
38104,ECG,4818,7884,0,0,0,0,0
38104,ECG,4819,7842,0,0,0,0,0
38104,ECG,4820,7800,0,0,0,0,0
38109,ECG,4821,7759,0,0,0,0,0
38109,ECG,4822,7706,0,0,0,0,0
38114,ECG,4823,7651,0,0,0,0,0
38114,ECG,4824,7604,0,0,0,0,0
38114,ECG,4825,7556,0,0,0,0,0
38119,ECG,4826,7508,0,0,0,0,0
38119,ECG,4827,7460,0,0,0,0,0
38124,ECG,4828,7413,0,0,0,0,0
38124,ECG,4829,7366,0,0,0,0,0
38124,ECG,4830,7319,0,0,0,0,0
38129,ECG,4831,7272,0,0,0,0,0
38129,ECG,4832,7226,0,0,0,0,0
38134,ECG,4833,7135,0,0,0,0,0
38134,ECG,4834,7089,0,0,0,0,0
38139,ECG,4835,7044,0,0,0,0,0
38139,ECG,4836,7000,0,0,0,0,0
38144,ECG,4837,6911,0,0,0,0,0
38144,ECG,4838,6867,0,0,0,0,0
38149,ECG,4839,6823,0,0,0,0,0
38149,ECG,4840,6780,0,0,0,0,0
38149,ECG,4841,6737,0,0,0,0,0
38154,ECG,4842,6694,0,0,0,0,0
38154,ECG,4843,6652,0,0,0,0,0
38159,ECG,4844,6609,0,0,0,0,0
38159,ECG,4845,6567,0,0,0,0,0
38159,ECG,4846,6526,0,0,0,0,0
38164,ECG,4847,6484,0,0,0,0,0
38164,ECG,4848,6443,0,0,0,0,0
38169,ECG,4849,6361,0,0,0,0,0
38169,ECG,4850,6321,0,0,0,0,0
38174,ECG,4851,6280,0,0,0,0,0
38174,ECG,4852,6240,0,0,0,0,0
38179,ECG,4853,6161,0,0,0,0,0
38179,ECG,4854,6122,0,0,0,0,0
38184,ECG,4855,6083,0,0,0,0,0
38184,ECG,4856,6044,0,0,0,0,0
38184,ECG,4857,6006,0,0,0,0,0
38189,ECG,4858,5967,0,0,0,0,0
38189,ECG,4859,5929,0,0,0,0,0
38194,ECG,4860,5892,0,0,0,0,0
38194,ECG,4861,5854,0,0,0,0,0
38194,ECG,4862,5817,0,0,0,0,0
38199,ECG,4863,5780,0,0,0,0,0
38199,ECG,4864,5743,0,0,0,0,0
38204,ECG,4865,5707,0,0,0,0,0
38204,ECG,4866,5670,0,0,0,0,0
38204,ECG,4867,5634,0,0,0,0,0
38209,ECG,4868,5598,0,0,0,0,0
38209,ECG,4869,5562,0,0,0,0,0
38214,ECG,4870,5492,0,0,0,0,0
38214,ECG,4871,5457,0,0,0,0,0
38219,ECG,4872,5422,0,0,0,0,0
38219,ECG,4873,5387,0,0,0,0,0
38224,ECG,4874,5319,0,0,0,0,0
38224,ECG,4875,5285,0,0,0,0,0
38229,ECG,4876,5251,0,0,0,0,0
38229,ECG,4877,5218,0,0,0,0,0
38229,ECG,4878,5184,0,0,0,0,0
38234,ECG,4879,5151,0,0,0,0,0
38234,ECG,4880,5118,0,0,0,0,0
38239,ECG,4881,5086,0,0,0,0,0
38239,ECG,4882,5053,0,0,0,0,0
38239,ECG,4883,5021,0,0,0,0,0
38244,ECG,4884,4989,0,0,0,0,0
38244,ECG,4885,4957,0,0,0,0,0
38249,ECG,4886,4894,0,0,0,0,0
38249,ECG,4887,4862,0,0,0,0,0
38254,ECG,4888,4831,0,0,0,0,0
38254,ECG,4889,4800,0,0,0,0,0
38255,ECG,4890,4770,0,0,0,0,0
38259,ECG,4891,4739,0,0,0,0,0
38259,ECG,4892,4709,0,0,0,0,0
38264,ECG,4893,4679,0,0,0,0,0
38264,ECG,4894,4649,0,0,0,0,0
38264,ECG,4895,4619,0,0,0,0,0
38269,ECG,4896,4590,0,0,0,0,0
38269,ECG,4897,4560,0,0,0,0,0
38274,ECG,4898,4531,0,0,0,0,0
38274,ECG,4899,4502,0,0,0,0,0
38274,ECG,4900,4473,0,0,0,0,0
38279,ECG,4901,4444,0,0,0,0,0
38279,ECG,4902,4416,0,0,0,0,0
38284,ECG,4903,4388,0,0,0,0,0
38284,ECG,4904,4360,0,0,0,0,0
38284,ECG,4905,4332,0,0,0,0,0
38289,ECG,4906,4304,0,0,0,0,0
38289,ECG,4907,4276,0,0,0,0,0
38294,ECG,4908,4222,0,0,0,0,0
38294,ECG,4909,4195,0,0,0,0,0
38299,ECG,4910,4168,0,0,0,0,0
38299,ECG,4911,4141,0,0,0,0,0
38304,ECG,4912,4088,0,0,0,0,0
38304,ECG,4913,4062,0,0,0,0,0
38309,ECG,4914,4036,0,0,0,0,0
38309,ECG,4915,4009,0,0,0,0,0
38309,ECG,4916,3984,0,0,0,0,0
38314,ECG,4917,3959,0,0,0,0,0
38314,ECG,4918,3932,0,0,0,0,0
38319,ECG,4919,3908,0,0,0,0,0
38319,ECG,4920,3883,0,0,0,0,0
38319,ECG,4921,3855,0,0,0,0,0
38324,ECG,4922,3841,0,0,0,0,0
38324,ECG,4923,3822,0,0,0,0,0
38329,ECG,4924,3781,0,0,0,0,0
38329,ECG,4925,3744,0,0,0,0,0
38329,ECG,4926,3705,0,0,0,0,0
38334,ECG,4927,3663,0,0,0,0,0
38334,ECG,4928,3629,0,0,0,0,0
38335,ECG,4929,3605,0,0,0,0,0
38339,ECG,4930,3588,0,0,0,0,0
38339,ECG,4931,3582,0,0,0,0,0
38344,ECG,4932,3576,0,0,0,0,0
38344,ECG,4933,3565,0,0,0,0,0
38349,ECG,4934,3539,0,0,0,0,0
38349,ECG,4935,3504,0,0,0,0,0
38354,ECG,4936,3481,0,0,0,0,0
38354,ECG,4937,3460,0,0,0,0,0
38354,ECG,4938,3436,0,0,0,0,0
38359,ECG,4939,3415,0,0,0,0,0
38359,ECG,4940,3392,0,0,0,0,0
38364,ECG,4941,3370,0,0,0,0,0
38364,ECG,4942,3349,0,0,0,0,0
38364,ECG,4943,3327,0,0,0,0,0
38369,ECG,4944,3306,0,0,0,0,0
38369,ECG,4945,3284,0,0,0,0,0
38374,ECG,4946,3242,0,0,0,0,0
38374,ECG,4947,3221,0,0,0,0,0
38379,ECG,4948,3200,0,0,0,0,0
38379,ECG,4949,3180,0,0,0,0,0
38384,ECG,4950,3139,0,0,0,0,0
38384,ECG,4951,3118,0,0,0,0,0
38389,ECG,4952,3098,0,0,0,0,0
38389,ECG,4953,3078,0,0,0,0,0
38389,ECG,4954,3058,0,0,0,0,0
38394,ECG,4955,3038,0,0,0,0,0
38394,ECG,4956,3019,0,0,0,0,0
38399,ECG,4957,2999,0,0,0,0,0
38399,ECG,4958,2980,0,0,0,0,0
38399,ECG,4959,2960,0,0,0,0,0
38404,ECG,4960,2941,0,0,0,0,0
38404,ECG,4961,2922,0,0,0,0,0
38409,ECG,4962,2903,0,0,0,0,0
38409,ECG,4963,2884,0,0,0,0,0
38409,ECG,4964,2866,0,0,0,0,0
38414,ECG,4965,2847,0,0,0,0,0
38414,ECG,4966,2829,0,0,0,0,0
38419,ECG,4967,2792,0,0,0,0,0
38419,ECG,4968,2774,0,0,0,0,0
38424,ECG,4969,2756,0,0,0,0,0
38424,ECG,4970,2738,0,0,0,0,0
38429,ECG,4971,2703,0,0,0,0,0
38429,ECG,4972,2685,0,0,0,0,0
38434,ECG,4973,2668,0,0,0,0,0
38434,ECG,4974,2650,0,0,0,0,0
38434,ECG,4975,2633,0,0,0,0,0
38439,ECG,4976,2616,0,0,0,0,0
38439,ECG,4977,2599,0,0,0,0,0
38444,ECG,4978,2582,0,0,0,0,0
38444,ECG,4979,2565,0,0,0,0,0
38444,ECG,4980,2549,0,0,0,0,0
38449,ECG,4981,2532,0,0,0,0,0
38449,ECG,4982,2516,0,0,0,0,0
38454,ECG,4983,2483,0,0,0,0,0
38454,ECG,4984,2467,0,0,0,0,0
38459,ECG,4985,2451,0,0,0,0,0
38459,ECG,4986,2435,0,0,0,0,0
38464,ECG,4987,2403,0,0,0,0,0
38464,ECG,4988,2387,0,0,0,0,0
38469,ECG,4989,2372,0,0,0,0,0
38469,ECG,4990,2356,0,0,0,0,0
38469,ECG,4991,2341,0,0,0,0,0
38474,ECG,4992,2325,0,0,0,0,0
38474,ECG,4993,2310,0,0,0,0,0
38479,ECG,4994,2295,0,0,0,0,0
38479,ECG,4995,2280,0,0,0,0,0
38479,ECG,4996,2265,0,0,0,0,0
38484,ECG,4997,2250,0,0,0,0,0
38484,ECG,4998,2236,0,0,0,0,0
38489,ECG,4999,2221,0,0,0,0,0
38489,ECG,5000,2206,0,0,0,0,0
38489,ECG,5001,2192,0,0,0,0,0
38494,ECG,5002,2178,0,0,0,0,0
38494,ECG,5003,2163,0,0,0,0,0
38499,ECG,5004,2135,0,0,0,0,0
38499,ECG,5005,2121,0,0,0,0,0
38504,ECG,5006,2107,0,0,0,0,0
38504,ECG,5007,2093,0,0,0,0,0
38509,ECG,5008,2066,0,0,0,0,0
38509,ECG,5009,2052,0,0,0,0,0
38514,ECG,5010,2039,0,0,0,0,0
38514,ECG,5011,2026,0,0,0,0,0
38514,ECG,5012,2012,0,0,0,0,0
38519,ECG,5013,1999,0,0,0,0,0
38519,ECG,5014,1987,0,0,0,0,0
38524,ECG,5015,1970,0,0,0,0,0
38524,ECG,5016,1964,0,0,0,0,0
38524,ECG,5017,1963,0,0,0,0,0
38529,ECG,5018,1937,0,0,0,0,0
38529,ECG,5019,1907,0,0,0,0,0
38534,ECG,5020,1848,0,0,0,0,0
38534,ECG,5021,1820,0,0,0,0,0
38539,ECG,5022,1804,0,0,0,0,0
38539,ECG,5023,1799,0,0,0,0,0
38540,ECG,5024,1796,0,0,0,0,0
38544,ECG,5025,1814,0,0,0,0,0
38544,ECG,5026,1834,0,0,0,0,0
38549,ECG,5027,1823,0,0,0,0,0
38549,ECG,5028,1796,0,0,0,0,0
38549,ECG,5029,1750,0,0,0,0,0
38554,ECG,5030,1703,0,0,0,0,0
38554,ECG,5031,1672,0,0,0,0,0
38559,ECG,5032,1652,0,0,0,0,0
38559,ECG,5033,1648,0,0,0,0,0
38559,ECG,5034,1659,0,0,0,0,0
38564,ECG,5035,1678,0,0,0,0,0
38564,ECG,5036,1689,0,0,0,0,0
38569,ECG,5037,1704,0,0,0,0,0
38569,ECG,5038,1711,0,0,0,0,0
38569,ECG,5039,1683,0,0,0,0,0
38574,ECG,5040,1661,0,0,0,0,0
38574,ECG,5041,1656,0,0,0,0,0
38579,ECG,5042,1631,0,0,0,0,0
38579,ECG,5043,1621,0,0,0,0,0
38584,ECG,5044,1610,0,0,0,0,0
38584,ECG,5045,1599,0,0,0,0,0
38589,ECG,5046,1578,0,0,0,0,0
38589,ECG,5047,1567,0,0,0,0,0
38594,ECG,5048,1557,0,0,0,0,0
38594,ECG,5049,1547,0,0,0,0,0
38594,ECG,5050,1536,0,0,0,0,0
38599,ECG,5051,1527,0,0,0,0,0
38599,ECG,5052,1515,0,0,0,0,0
38604,ECG,5053,1507,0,0,0,0,0
38604,ECG,5054,1504,0,0,0,0,0
38604,ECG,5055,1489,0,0,0,0,0
38609,ECG,5056,1469,0,0,0,0,0
38609,ECG,5057,1453,0,0,0,0,0
38614,ECG,5058,1433,0,0,0,0,0
38614,ECG,5059,1415,0,0,0,0,0
38614,ECG,5060,1403,0,0,0,0,0
38619,ECG,5061,1395,0,0,0,0,0
38619,ECG,5062,1394,0,0,0,0,0
38620,ECG,5063,1395,0,0,0,0,0
38624,ECG,5064,1393,0,0,0,0,0
38624,ECG,5065,1392,0,0,0,0,0
38629,ECG,5066,1390,0,0,0,0,0
38629,ECG,5067,1375,0,0,0,0,0
38629,ECG,5068,1362,0,0,0,0,0
38634,ECG,5069,1355,0,0,0,0,0
38634,ECG,5070,1345,0,0,0,0,0
38639,ECG,5071,1336,0,0,0,0,0
38639,ECG,5072,1327,0,0,0,0,0
38639,ECG,5073,1318,0,0,0,0,0
38644,ECG,5074,1309,0,0,0,0,0
38644,ECG,5075,1300,0,0,0,0,0
38649,ECG,5076,1291,0,0,0,0,0
38649,ECG,5077,1283,0,0,0,0,0
38649,ECG,5078,1274,0,0,0,0,0
38654,ECG,5079,1265,0,0,0,0,0
38654,ECG,5080,1257,0,0,0,0,0
38659,ECG,5081,1240,0,0,0,0,0
38659,ECG,5082,1231,0,0,0,0,0
38664,ECG,5083,1223,0,0,0,0,0
38664,ECG,5084,1215,0,0,0,0,0
38669,ECG,5085,1198,0,0,0,0,0
38669,ECG,5086,1190,0,0,0,0,0
38674,ECG,5087,1182,0,0,0,0,0
38674,ECG,5088,1174,0,0,0,0,0
38674,ECG,5089,1166,0,0,0,0,0
38679,ECG,5090,1158,0,0,0,0,0
38679,ECG,5091,1150,0,0,0,0,0
38684,ECG,5092,1142,0,0,0,0,0
38684,ECG,5093,1135,0,0,0,0,0
38684,ECG,5094,1127,0,0,0,0,0
38689,ECG,5095,1119,0,0,0,0,0
38689,ECG,5096,1111,0,0,0,0,0
38694,ECG,5097,1104,0,0,0,0,0
38694,ECG,5098,1096,0,0,0,0,0
38694,ECG,5099,1089,0,0,0,0,0
38699,ECG,5100,1081,0,0,0,0,0
38699,ECG,5101,1074,0,0,0,0,0
38700,ECG,5102,1067,0,0,0,0,0
38704,ECG,5103,1059,0,0,0,0,0
38704,ECG,5104,1052,0,0,0,0,0
39711,ECG,5105,0,0,0,0,0,0
39711,ECG,5106,-1,0,0,0,0,0
39711,ECG,5107,-6,0,0,0,0,0
39716,ECG,5108,2,0,0,0,0,0
39716,ECG,5109,6,0,0,0,0,0
39721,ECG,5110,38,0,0,0,0,0
39721,ECG,5111,-16,0,0,0,0,0
39726,ECG,5112,-26,0,0,0,0,0
39726,ECG,5113,151,0,0,0,0,0
39731,ECG,5114,-2109,0,0,0,0,0
39731,ECG,5115,-1850,0,0,0,0,0
39736,ECG,5116,-36,0,0,0,0,0
39736,ECG,5117,3394,0,0,0,0,0
39736,ECG,5118,8729,0,0,0,0,0
39741,ECG,5119,15156,0,0,0,0,0
34848,PPG,200,140492,68948,0,0,0,0
34928,PPG,201,140481,68942,0,0,0,0
35015,PPG,202,140508,68955,0,0,0,0
35088,PPG,203,140446,68922,0,0,0,0
35166,PPG,204,140326,68877,0,0,0,0
35244,PPG,205,136937,67047,0,0,0,0
35323,PPG,206,127759,61817,0,0,0,0
35403,PPG,207,122489,58883,0,0,0,0
35482,PPG,208,118151,55994,0,0,0,0
35562,PPG,209,118205,56019,0,0,0,0
35647,PPG,210,117674,55701,0,0,0,0
35724,PPG,211,117911,55887,0,0,0,0
35803,PPG,212,117898,55879,0,0,0,0
35896,PPG,213,117996,55925,0,0,0,0
35963,PPG,214,117908,55866,0,0,0,0
36040,PPG,215,118455,56070,0,0,0,0
36123,PPG,216,117253,55544,0,0,0,0
36201,PPG,217,117232,55566,0,0,0,0
36279,PPG,218,117325,55604,0,0,0,0
36358,PPG,219,117252,55564,0,0,0,0
36437,PPG,220,117242,55577,0,0,0,0
36516,PPG,221,117219,55561,0,0,0,0
36596,PPG,222,117189,55555,0,0,0,0
36679,PPG,223,117193,55550,0,0,0,0
36763,PPG,224,117179,55542,0,0,0,0
36835,PPG,225,117176,55520,0,0,0,0
36914,PPG,226,117148,55522,0,0,0,0
36994,PPG,227,117136,55521,0,0,0,0
37073,PPG,228,117136,55514,0,0,0,0
37153,PPG,229,117117,55497,0,0,0,0
37235,PPG,230,117118,55503,0,0,0,0
37312,PPG,231,117106,55512,0,0,0,0
37391,PPG,232,117093,55490,0,0,0,0
37471,PPG,233,117083,55487,0,0,0,0
37551,PPG,234,117076,55486,0,0,0,0
37642,PPG,235,117069,55493,0,0,0,0
37714,PPG,236,117068,55483,0,0,0,0
37792,PPG,237,117060,55485,0,0,0,0
37869,PPG,238,117057,55482,0,0,0,0
37948,PPG,239,117046,55474,0,0,0,0
38028,PPG,240,117040,55476,0,0,0,0
38107,PPG,241,117027,55472,0,0,0,0
38187,PPG,242,117031,55467,0,0,0,0
38271,PPG,243,117022,55464,0,0,0,0
38347,PPG,244,117027,55467,0,0,0,0
38426,PPG,245,117015,55474,0,0,0,0
38520,PPG,246,117000,55464,0,0,0,0
38585,PPG,247,117006,55465,0,0,0,0
38665,PPG,248,117006,55454,0,0,0,0
38747,PPG,249,116996,55460,0,0,0,0
38826,PPG,250,116997,55455,0,0,0,0
38905,PPG,251,116977,55445,0,0,0,0
38982,PPG,252,116986,55450,0,0,0,0
39062,PPG,253,116987,55451,0,0,0,0
39142,PPG,254,116971,55451,0,0,0,0
39221,PPG,255,116976,55451,0,0,0,0
39304,PPG,256,116966,55447,0,0,0,0
39387,PPG,257,116973,55446,0,0,0,0
39460,PPG,258,116963,55449,0,0,0,0
39539,PPG,259,116961,55438,0,0,0,0
39619,PPG,260,116959,55445,0,0,0,0
39698,PPG,261,116951,55432,0,0,0,0
39784,PPG,262,116960,55432,0,0,0,0
39863,PPG,263,116953,55432,0,0,0,0
39939,PPG,264,116937,55424,0,0,0,0
40019,PPG,265,116952,55424,0,0,0,0
40099,PPG,266,116944,55427,0,0,0,0
40179,PPG,267,116931,55424,0,0,0,0
40267,PPG,268,116934,55429,0,0,0,0
40339,PPG,269,116941,55428,0,0,0,0
40417,PPG,270,116930,55419,0,0,0,0
40494,PPG,271,116922,55431,0,0,0,0
40574,PPG,272,116921,55426,0,0,0,0
40653,PPG,273,116914,55423,0,0,0,0
40733,PPG,274,116922,55436,0,0,0,0
40812,PPG,275,116919,55421,0,0,0,0
40895,PPG,276,116916,55418,0,0,0,0
40971,PPG,277,116900,55421,0,0,0,0
41051,PPG,278,116895,55423,0,0,0,0
41132,PPG,279,116909,55413,0,0,0,0
41210,PPG,280,116912,55417,0,0,0,0
41289,PPG,281,116898,55412,0,0,0,0
41373,PPG,282,116916,55425,0,0,0,0
41450,PPG,283,116899,55416,0,0,0,0
41528,PPG,284,116897,55411,0,0,0,0
41608,PPG,285,116892,55424,0,0,0,0
41687,PPG,286,116895,55417,0,0,0,0
41767,PPG,287,116901,55409,0,0,0,0
41846,PPG,288,116884,55410,0,0,0,0
41930,PPG,289,116889,55411,0,0,0,0
42011,PPG,290,116895,55415,0,0,0,0
42085,PPG,291,116889,55413,0,0,0,0
42165,PPG,292,116891,55412,0,0,0,0
42244,PPG,293,116891,55403,0,0,0,0
42324,PPG,294,116885,55407,0,0,0,0
42407,PPG,295,116890,55411,0,0,0,0
42485,PPG,296,116881,55400,0,0,0,0
42562,PPG,297,116882,55410,0,0,0,0
42642,PPG,298,116863,55416,0,0,0,0
42721,PPG,299,116880,55404,0,0,0,0
38862,IMU,1040,1060,-444,8456,-89,50,48
38881,IMU,1041,1000,-472,8444,-93,50,42
38900,IMU,1042,968,-472,8288,-81,46,38
38919,IMU,1043,1044,-424,8480,-89,59,43
38941,IMU,1044,996,-476,8452,-93,54,44
38958,IMU,1045,992,-524,8384,-87,57,31
38977,IMU,1046,980,-396,8364,-88,72,45
38996,IMU,1047,952,-512,8436,-98,86,35
39015,IMU,1048,972,-424,8456,-90,57,49
39034,IMU,1049,944,-456,8404,-87,74,48
39053,IMU,1050,940,-520,8380,-93,58,36
39073,IMU,1051,884,-424,8408,-90,54,48
39092,IMU,1052,1072,-364,8448,-82,70,47
39111,IMU,1053,904,-428,8456,-82,69,40
39130,IMU,1054,964,-416,8492,-95,40,48
39150,IMU,1055,904,-488,8392,-99,59,44
39170,IMU,1056,936,-464,8504,-87,49,39
39188,IMU,1057,964,-452,8392,-97,61,48
39207,IMU,1058,952,-412,8432,-83,48,20
39226,IMU,1059,972,-540,8496,-93,48,41
39245,IMU,1060,908,-456,8584,-83,66,24
39264,IMU,1061,1024,-468,8360,-111,63,37
39283,IMU,1062,1124,-500,8400,-88,65,46
39304,IMU,1063,964,-456,8476,-87,58,54
39322,IMU,1064,932,-460,8320,-72,55,45
39341,IMU,1065,912,-508,8512,-112,49,41
39360,IMU,1066,1020,-452,8404,-82,61,63
39381,IMU,1067,852,-460,8420,-74,65,43
39398,IMU,1068,928,-504,8420,-90,60,37
39417,IMU,1069,884,-476,8500,-74,57,40
39437,IMU,1070,1000,-424,8392,-79,61,38
39456,IMU,1071,1024,-380,8408,-87,49,56
39475,IMU,1072,1020,-444,8424,-99,57,24
39494,IMU,1073,920,-444,8420,-84,60,41
39513,IMU,1074,868,-424,8400,-72,62,37
39532,IMU,1075,972,-428,8380,-99,73,41
39552,IMU,1076,936,-460,8448,-77,59,55
39571,IMU,1077,932,-508,8480,-82,41,40
39594,IMU,1078,972,-480,8440,-81,60,26
39610,IMU,1079,1048,-408,8408,-94,63,24
39628,IMU,1080,924,-436,8532,-86,55,20
39647,IMU,1081,952,-452,8492,-95,61,35
39667,IMU,1082,960,-488,8484,-94,48,29
39686,IMU,1083,916,-348,8436,-78,60,30
39705,IMU,1084,984,-324,8460,-92,67,37
39724,IMU,1085,1060,-360,8452,-88,50,55
39744,IMU,1086,932,-464,8392,-83,58,36
39763,IMU,1087,1008,-440,8428,-101,72,47
39784,IMU,1088,1012,-448,8376,-71,55,34
39801,IMU,1089,1076,-388,8388,-88,49,47
39822,IMU,1090,876,-416,8500,-79,56,38
39839,IMU,1091,1052,-508,8412,-85,74,44
39859,IMU,1092,992,-532,8376,-93,57,44
39878,IMU,1093,936,-384,8448,-75,68,30
39897,IMU,1094,976,-436,8448,-100,71,39
39916,IMU,1095,1040,-436,8436,-87,66,30
39935,IMU,1096,896,-432,8400,-77,61,47
39954,IMU,1097,892,-444,8380,-91,74,30
39974,IMU,1098,1048,-512,8388,-93,57,38
39993,IMU,1099,1016,-392,8540,-98,50,23
40012,IMU,1100,912,-360,8396,-96,55,38
40034,IMU,1101,844,-528,8468,-102,61,48
40051,IMU,1102,1116,-376,8340,-104,78,41
40069,IMU,1103,1024,-476,8424,-81,60,39
40089,IMU,1104,964,-460,8420,-89,55,48
40108,IMU,1105,796,-504,8476,-93,67,42
40127,IMU,1106,968,-356,8376,-96,67,39
40145,IMU,1107,884,-480,8500,-81,59,49
40165,IMU,1108,1052,-476,8388,-88,43,29
40184,IMU,1109,988,-440,8420,-82,52,35
40203,IMU,1110,896,-448,8428,-107,44,45
40222,IMU,1111,900,-448,8424,-97,66,37
40242,IMU,1112,856,-456,8448,-91,55,37
40267,IMU,1113,924,-468,8472,-98,54,36
40280,IMU,1114,940,-568,8440,-87,76,41
40299,IMU,1115,824,-516,8388,-76,62,43
40318,IMU,1116,868,-344,8576,-91,55,44
40339,IMU,1117,976,-376,8396,-93,46,37
40357,IMU,1118,916,-448,8340,-88,35,61
40375,IMU,1119,932,-440,8400,-80,47,35
40395,IMU,1120,1076,-484,8564,-95,81,48
40414,IMU,1121,864,-444,8468,-92,69,49
40433,IMU,1122,920,-444,8388,-93,46,37
40452,IMU,1123,1012,-452,8468,-96,60,29
40473,IMU,1124,868,-516,8372,-78,55,44
40490,IMU,1125,936,-444,8488,-76,62,41
40510,IMU,1126,936,-524,8416,-89,56,39
40529,IMU,1127,1000,-560,8412,-77,64,52
40548,IMU,1128,964,-412,8472,-76,66,34
40567,IMU,1129,944,-372,8396,-77,40,39
40587,IMU,1130,840,-532,8408,-81,46,33
40605,IMU,1131,968,-448,8376,-75,54,34
40625,IMU,1132,992,-464,8440,-91,53,47
40644,IMU,1133,1024,-368,8508,-83,67,33
40663,IMU,1134,1008,-408,8372,-99,60,41
40686,IMU,1135,956,-432,8420,-87,65,43
40703,IMU,1136,892,-336,8432,-98,40,35
40720,IMU,1137,948,-436,8516,-89,67,37
40740,IMU,1138,1008,-448,8384,-80,62,40
40759,IMU,1139,1004,-516,8408,-97,49,44
40778,IMU,1140,944,-468,8432,-80,48,61
40797,IMU,1141,924,-368,8480,-108,63,50
40816,IMU,1142,932,-360,8404,-82,56,36
40835,IMU,1143,920,-480,8384,-100,58,47
40854,IMU,1144,972,-452,8412,-100,36,45
40874,IMU,1145,928,-416,8472,-80,53,45
40893,IMU,1146,1004,-432,8468,-96,62,42
40913,IMU,1147,872,-444,8524,-93,53,57
40931,IMU,1148,1004,-476,8436,-73,64,37
40950,IMU,1149,992,-420,8448,-81,72,47
40969,IMU,1150,996,-456,8444,-97,73,38
40988,IMU,1151,944,-444,8404,-91,60,50
41008,IMU,1152,944,-488,8432,-77,71,50
41027,IMU,1153,852,-488,8460,-90,48,43
41046,IMU,1154,920,-484,8396,-81,55,21
41065,IMU,1155,880,-456,8504,-78,67,55
41084,IMU,1156,920,-564,8432,-91,65,47
41103,IMU,1157,1044,-436,8464,-96,74,38
41126,IMU,1158,900,-396,8392,-100,69,36
41145,IMU,1159,972,-460,8448,-88,69,33
41161,IMU,1160,996,-516,8420,-87,60,30
41180,IMU,1161,1016,-404,8408,-93,63,46
41199,IMU,1162,1068,-444,8420,-81,47,33
41218,IMU,1163,868,-444,8340,-91,52,53
41238,IMU,1164,884,-416,8428,-86,32,40
41257,IMU,1165,932,-444,8416,-83,63,35
41276,IMU,1166,920,-484,8420,-81,36,34
41295,IMU,1167,992,-492,8444,-102,57,31
41314,IMU,1168,892,-372,8456,-101,63,43
41333,IMU,1169,860,-388,8408,-85,59,42
41355,IMU,1170,996,-444,8408,-83,58,45
41373,IMU,1171,948,-520,8464,-90,60,47
41391,IMU,1172,964,-528,8460,-89,47,50
41410,IMU,1173,980,-388,8432,-85,54,36
41429,IMU,1174,892,-336,8356,-98,61,34
41448,IMU,1175,896,-436,8400,-106,52,49
41467,IMU,1176,964,-360,8408,-95,66,30
41487,IMU,1177,1100,-532,8480,-89,62,57
41506,IMU,1178,996,-444,8484,-80,59,40
41525,IMU,1179,992,-532,8412,-114,65,39
41544,IMU,1180,912,-476,8464,-86,66,50
41565,IMU,1181,932,-432,8392,-101,41,36
41582,IMU,1182,920,-412,8380,-80,55,39
41602,IMU,1183,904,-400,8468,-106,50,46
41621,IMU,1184,952,-376,8440,-78,52,53
41640,IMU,1185,952,-428,8388,-99,64,45
41659,IMU,1186,1064,-484,8440,-105,67,45
41678,IMU,1187,868,-384,8380,-81,60,43
41697,IMU,1188,992,-460,8412,-95,51,35
41717,IMU,1189,992,-428,8320,-88,72,52
41736,IMU,1190,932,-504,8400,-88,60,44
41755,IMU,1191,904,-512,8404,-98,72,22
41778,IMU,1192,1000,-460,8464,-92,54,38
41796,IMU,1193,1080,-420,8416,-85,39,40
41812,IMU,1194,932,-416,8408,-103,68,34
41832,IMU,1195,928,-420,8440,-95,56,59
41851,IMU,1196,900,-408,8480,-87,73,33
41870,IMU,1197,960,-404,8456,-83,61,45
41889,IMU,1198,940,-492,8388,-101,41,43
41908,IMU,1199,980,-436,8448,-66,66,41
41927,IMU,1200,1072,-428,8584,-73,43,62
41947,IMU,1201,984,-408,8504,-101,61,48
41966,IMU,1202,892,-488,8412,-94,56,49
41985,IMU,1203,988,-456,8440,-93,69,43
42007,IMU,1204,904,-412,8452,-89,67,46
42023,IMU,1205,1000,-452,8408,-87,71,45
42042,IMU,1206,948,-408,8484,-92,57,34
42062,IMU,1207,1016,-416,8372,-86,65,42
42081,IMU,1208,976,-440,8456,-77,68,27
42100,IMU,1209,868,-352,8404,-95,63,34
42119,IMU,1210,1012,-432,8308,-92,60,27
42138,IMU,1211,1048,-496,8428,-77,47,47
42157,IMU,1212,1044,-532,8408,-96,53,40
42177,IMU,1213,956,-468,8476,-89,65,47
42196,IMU,1214,1016,-484,8428,-92,56,34
42219,IMU,1215,988,-388,8372,-81,60,39
42234,IMU,1216,1020,-348,8444,-83,71,43
42253,IMU,1217,976,-460,8420,-99,67,63
42272,IMU,1218,948,-448,8456,-85,50,34
42292,IMU,1219,964,-512,8480,-108,71,34
42311,IMU,1220,848,-368,8376,-98,60,28
42330,IMU,1221,1008,-360,8384,-88,65,47
42349,IMU,1222,956,-420,8376,-94,57,41
42368,IMU,1223,964,-480,8376,-86,70,52
42387,IMU,1224,960,-520,8472,-98,55,27
42407,IMU,1225,1064,-452,8520,-103,68,37
42426,IMU,1226,980,-500,8460,-83,59,53
42446,IMU,1227,976,-472,8456,-103,53,41
42464,IMU,1228,956,-472,8444,-85,48,31
42483,IMU,1229,976,-380,8468,-83,59,53
42502,IMU,1230,868,-500,8408,-107,55,46
42522,IMU,1231,936,-408,8460,-95,53,47
42541,IMU,1232,1036,-424,8468,-74,50,42
42560,IMU,1233,928,-432,8412,-81,68,54
42579,IMU,1234,1028,-504,8460,-76,45,25
42598,IMU,1235,984,-460,8360,-84,53,24
42617,IMU,1236,972,-460,8364,-83,47,45
42636,IMU,1237,968,-396,8372,-87,60,45
42659,IMU,1238,1004,-516,8392,-102,64,48
42675,IMU,1239,984,-496,8404,-92,53,48
42694,IMU,1240,1016,-452,8412,-98,69,43
42713,IMU,1241,960,-500,8348,-71,58,39
42732,IMU,1242,928,-496,8452,-80,73,54
42751,IMU,1243,876,-540,8376,-108,50,38
42771,IMU,1244,980,-428,8364,-91,72,33
42790,IMU,1245,944,-528,8496,-85,59,32
42809,IMU,1246,908,-452,8384,-88,57,43
42828,IMU,1247,928,-372,8376,-80,60,29
39741,ECG,5120,21689,0,0,0,0,0
39746,ECG,5121,27397,0,0,0,0,0
39746,ECG,5122,31311,0,0,0,0,0
39746,ECG,5123,32011,0,0,0,0,0
39751,ECG,5124,31810,0,0,0,0,0
39751,ECG,5125,31610,0,0,0,0,0
39756,ECG,5126,31342,0,0,0,0,0
39756,ECG,5127,31109,0,0,0,0,0
39756,ECG,5128,31019,0,0,0,0,0
39761,ECG,5129,30729,0,0,0,0,0
39761,ECG,5130,30596,0,0,0,0,0
39762,ECG,5131,30409,0,0,0,0,0
39766,ECG,5132,30196,0,0,0,0,0
39766,ECG,5133,30006,0,0,0,0,0
39771,ECG,5134,29802,0,0,0,0,0
39771,ECG,5135,29598,0,0,0,0,0
39776,ECG,5136,29214,0,0,0,0,0
39776,ECG,5137,29035,0,0,0,0,0
39781,ECG,5138,28865,0,0,0,0,0
39781,ECG,5139,28700,0,0,0,0,0
39781,ECG,5140,28530,0,0,0,0,0
39786,ECG,5141,28366,0,0,0,0,0
39786,ECG,5142,28194,0,0,0,0,0
39791,ECG,5143,28006,0,0,0,0,0
39791,ECG,5144,27828,0,0,0,0,0
39791,ECG,5145,27654,0,0,0,0,0
39796,ECG,5146,27479,0,0,0,0,0
39796,ECG,5147,27310,0,0,0,0,0
39801,ECG,5148,26976,0,0,0,0,0
39801,ECG,5149,26839,0,0,0,0,0
39806,ECG,5150,26640,0,0,0,0,0
39806,ECG,5151,26421,0,0,0,0,0
39811,ECG,5152,25990,0,0,0,0,0
39811,ECG,5153,25783,0,0,0,0,0
39816,ECG,5154,25607,0,0,0,0,0
39816,ECG,5155,25458,0,0,0,0,0
39816,ECG,5156,25341,0,0,0,0,0
39821,ECG,5157,25240,0,0,0,0,0
39821,ECG,5158,25123,0,0,0,0,0
39826,ECG,5159,25017,0,0,0,0,0
39826,ECG,5160,24893,0,0,0,0,0
39826,ECG,5161,24705,0,0,0,0,0
39831,ECG,5162,24530,0,0,0,0,0
39831,ECG,5163,24387,0,0,0,0,0
39836,ECG,5164,24228,0,0,0,0,0
39836,ECG,5165,24077,0,0,0,0,0
39836,ECG,5166,23926,0,0,0,0,0
39841,ECG,5167,23771,0,0,0,0,0
39841,ECG,5168,23637,0,0,0,0,0
39846,ECG,5169,23324,0,0,0,0,0
39846,ECG,5170,23159,0,0,0,0,0
39851,ECG,5171,22993,0,0,0,0,0
39851,ECG,5172,22826,0,0,0,0,0
39856,ECG,5173,22524,0,0,0,0,0
39856,ECG,5174,22396,0,0,0,0,0
39861,ECG,5175,22268,0,0,0,0,0
39861,ECG,5176,22183,0,0,0,0,0
39861,ECG,5177,22087,0,0,0,0,0
39866,ECG,5178,21948,0,0,0,0,0
39866,ECG,5179,21706,0,0,0,0,0
39871,ECG,5180,21449,0,0,0,0,0
39871,ECG,5181,21193,0,0,0,0,0
39871,ECG,5182,20962,0,0,0,0,0
39876,ECG,5183,20790,0,0,0,0,0
39876,ECG,5184,20688,0,0,0,0,0
39881,ECG,5185,20641,0,0,0,0,0
39881,ECG,5186,20643,0,0,0,0,0
39886,ECG,5187,20603,0,0,0,0,0
39886,ECG,5188,20492,0,0,0,0,0
39891,ECG,5189,20091,0,0,0,0,0
39891,ECG,5190,19936,0,0,0,0,0
39896,ECG,5191,19798,0,0,0,0,0
39896,ECG,5192,19682,0,0,0,0,0
39896,ECG,5193,19580,0,0,0,0,0
39901,ECG,5194,19512,0,0,0,0,0
39901,ECG,5195,19452,0,0,0,0,0
39906,ECG,5196,19342,0,0,0,0,0
39906,ECG,5197,19203,0,0,0,0,0
39906,ECG,5198,19023,0,0,0,0,0
39911,ECG,5199,18835,0,0,0,0,0
39911,ECG,5200,18684,0,0,0,0,0
39916,ECG,5201,18546,0,0,0,0,0
39916,ECG,5202,18443,0,0,0,0,0
39916,ECG,5203,18359,0,0,0,0,0
39921,ECG,5204,18293,0,0,0,0,0
39921,ECG,5205,18276,0,0,0,0,0
39926,ECG,5206,18047,0,0,0,0,0
39926,ECG,5207,17825,0,0,0,0,0
39931,ECG,5208,17599,0,0,0,0,0
39931,ECG,5209,17398,0,0,0,0,0
39936,ECG,5210,17119,0,0,0,0,0
39936,ECG,5211,17063,0,0,0,0,0
39941,ECG,5212,17041,0,0,0,0,0
39941,ECG,5213,17060,0,0,0,0,0
39941,ECG,5214,17062,0,0,0,0,0
39946,ECG,5215,16982,0,0,0,0,0
39946,ECG,5216,16840,0,0,0,0,0
39951,ECG,5217,16624,0,0,0,0,0
39951,ECG,5218,16452,0,0,0,0,0
39951,ECG,5219,16314,0,0,0,0,0
39956,ECG,5220,16195,0,0,0,0,0
39956,ECG,5221,16120,0,0,0,0,0
39961,ECG,5222,16032,0,0,0,0,0
39961,ECG,5223,16010,0,0,0,0,0
39966,ECG,5224,15951,0,0,0,0,0
39966,ECG,5225,15830,0,0,0,0,0
39967,ECG,5226,15652,0,0,0,0,0
39971,ECG,5227,15495,0,0,0,0,0
39971,ECG,5228,15364,0,0,0,0,0
39976,ECG,5229,15244,0,0,0,0,0
39976,ECG,5230,15155,0,0,0,0,0
39976,ECG,5231,15091,0,0,0,0,0
39981,ECG,5232,15045,0,0,0,0,0
39981,ECG,5233,14990,0,0,0,0,0
39986,ECG,5234,14936,0,0,0,0,0
39986,ECG,5235,14880,0,0,0,0,0
39986,ECG,5236,14769,0,0,0,0,0
39991,ECG,5237,14651,0,0,0,0,0
39991,ECG,5238,14564,0,0,0,0,0
39996,ECG,5239,14473,0,0,0,0,0
39996,ECG,5240,14382,0,0,0,0,0
39996,ECG,5241,14285,0,0,0,0,0
40001,ECG,5242,14216,0,0,0,0,0
40001,ECG,5243,14154,0,0,0,0,0
40006,ECG,5244,13885,0,0,0,0,0
40006,ECG,5245,13738,0,0,0,0,0
40011,ECG,5246,13581,0,0,0,0,0
40011,ECG,5247,13437,0,0,0,0,0
40016,ECG,5248,13269,0,0,0,0,0
40016,ECG,5249,13231,0,0,0,0,0
40021,ECG,5250,13230,0,0,0,0,0
40021,ECG,5251,13251,0,0,0,0,0
40021,ECG,5252,13213,0,0,0,0,0
40026,ECG,5253,13112,0,0,0,0,0
40026,ECG,5254,12929,0,0,0,0,0
40031,ECG,5255,12738,0,0,0,0,0
40031,ECG,5256,12590,0,0,0,0,0
40031,ECG,5257,12469,0,0,0,0,0
40036,ECG,5258,12388,0,0,0,0,0
40036,ECG,5259,12359,0,0,0,0,0
40041,ECG,5260,12361,0,0,0,0,0
40041,ECG,5261,12350,0,0,0,0,0
40041,ECG,5262,12365,0,0,0,0,0
40046,ECG,5263,12336,0,0,0,0,0
40046,ECG,5264,12254,0,0,0,0,0
40047,ECG,5265,12108,0,0,0,0,0
40051,ECG,5266,12003,0,0,0,0,0
40051,ECG,5267,11888,0,0,0,0,0
40056,ECG,5268,11785,0,0,0,0,0
40056,ECG,5269,11711,0,0,0,0,0
40056,ECG,5270,11641,0,0,0,0,0
40061,ECG,5271,11605,0,0,0,0,0
40061,ECG,5272,11610,0,0,0,0,0
40066,ECG,5273,11548,0,0,0,0,0
40066,ECG,5274,11452,0,0,0,0,0
40066,ECG,5275,11348,0,0,0,0,0
40071,ECG,5276,11193,0,0,0,0,0
40071,ECG,5277,11057,0,0,0,0,0
40076,ECG,5278,10971,0,0,0,0,0
40076,ECG,5279,10909,0,0,0,0,0
40076,ECG,5280,10865,0,0,0,0,0
40081,ECG,5281,10895,0,0,0,0,0
40081,ECG,5282,10931,0,0,0,0,0
40086,ECG,5283,10742,0,0,0,0,0
40086,ECG,5284,10570,0,0,0,0,0
40091,ECG,5285,10362,0,0,0,0,0
40091,ECG,5286,10222,0,0,0,0,0
40096,ECG,5287,10090,0,0,0,0,0
40096,ECG,5288,10113,0,0,0,0,0
40101,ECG,5289,10144,0,0,0,0,0
40101,ECG,5290,10198,0,0,0,0,0
40101,ECG,5291,10228,0,0,0,0,0
40106,ECG,5292,10164,0,0,0,0,0
40106,ECG,5293,10017,0,0,0,0,0
40111,ECG,5294,9850,0,0,0,0,0
40111,ECG,5295,9716,0,0,0,0,0
40111,ECG,5296,9589,0,0,0,0,0
40116,ECG,5297,9510,0,0,0,0,0
40116,ECG,5298,9478,0,0,0,0,0
40121,ECG,5299,9485,0,0,0,0,0
40121,ECG,5300,9506,0,0,0,0,0
40121,ECG,5301,9522,0,0,0,0,0
40126,ECG,5302,9549,0,0,0,0,0
40126,ECG,5303,9490,0,0,0,0,0
40127,ECG,5304,9382,0,0,0,0,0
40131,ECG,5305,9283,0,0,0,0,0
40131,ECG,5306,9211,0,0,0,0,0
40136,ECG,5307,9131,0,0,0,0,0
40136,ECG,5308,9074,0,0,0,0,0
40141,ECG,5309,8990,0,0,0,0,0
40141,ECG,5310,8990,0,0,0,0,0
40146,ECG,5311,8928,0,0,0,0,0
40146,ECG,5312,8845,0,0,0,0,0
40146,ECG,5313,8758,0,0,0,0,0
40151,ECG,5314,8634,0,0,0,0,0
40151,ECG,5315,8528,0,0,0,0,0
40156,ECG,5316,8460,0,0,0,0,0
40156,ECG,5317,8417,0,0,0,0,0
40156,ECG,5318,8391,0,0,0,0,0
40161,ECG,5319,8415,0,0,0,0,0
40161,ECG,5320,8459,0,0,0,0,0
40166,ECG,5321,8320,0,0,0,0,0
40166,ECG,5322,8148,0,0,0,0,0
40171,ECG,5323,7962,0,0,0,0,0
40171,ECG,5324,7818,0,0,0,0,0
40176,ECG,5325,7680,0,0,0,0,0
40176,ECG,5326,7690,0,0,0,0,0
40181,ECG,5327,7775,0,0,0,0,0
40181,ECG,5328,7885,0,0,0,0,0
40181,ECG,5329,7914,0,0,0,0,0
40186,ECG,5330,7845,0,0,0,0,0
40186,ECG,5331,7664,0,0,0,0,0
40191,ECG,5332,7453,0,0,0,0,0
40191,ECG,5333,7297,0,0,0,0,0
40191,ECG,5334,7191,0,0,0,0,0
40196,ECG,5335,7159,0,0,0,0,0
40196,ECG,5336,7190,0,0,0,0,0
40201,ECG,5337,7257,0,0,0,0,0
40201,ECG,5338,7371,0,0,0,0,0
40201,ECG,5339,7449,0,0,0,0,0
40206,ECG,5340,7402,0,0,0,0,0
40206,ECG,5341,7271,0,0,0,0,0
40211,ECG,5342,6948,0,0,0,0,0
40211,ECG,5343,6844,0,0,0,0,0
40216,ECG,5344,6795,0,0,0,0,0
40216,ECG,5345,6785,0,0,0,0,0
40221,ECG,5346,6956,0,0,0,0,0
40221,ECG,5347,6995,0,0,0,0,0
40226,ECG,5348,6922,0,0,0,0,0
40226,ECG,5349,6778,0,0,0,0,0
40226,ECG,5350,6550,0,0,0,0,0
40231,ECG,5351,6362,0,0,0,0,0
40231,ECG,5352,6256,0,0,0,0,0
40236,ECG,5353,6210,0,0,0,0,0
40236,ECG,5354,6246,0,0,0,0,0
40236,ECG,5355,6334,0,0,0,0,0
40241,ECG,5356,6433,0,0,0,0,0
40241,ECG,5357,6537,0,0,0,0,0
40246,ECG,5358,6504,0,0,0,0,0
40246,ECG,5359,6359,0,0,0,0,0
40251,ECG,5360,6263,0,0,0,0,0
40251,ECG,5361,6194,0,0,0,0,0
40252,ECG,5362,6129,0,0,0,0,0
40256,ECG,5363,6099,0,0,0,0,0
40256,ECG,5364,6097,0,0,0,0,0
40261,ECG,5365,6098,0,0,0,0,0
40261,ECG,5366,6106,0,0,0,0,0
40261,ECG,5367,6137,0,0,0,0,0
40266,ECG,5368,6110,0,0,0,0,0
40266,ECG,5369,6022,0,0,0,0,0
40271,ECG,5370,5933,0,0,0,0,0
40271,ECG,5371,5858,0,0,0,0,0
40271,ECG,5372,5782,0,0,0,0,0
40276,ECG,5373,5729,0,0,0,0,0
40276,ECG,5374,5701,0,0,0,0,0
40281,ECG,5375,5683,0,0,0,0,0
40281,ECG,5376,5704,0,0,0,0,0
40281,ECG,5377,5724,0,0,0,0,0
40286,ECG,5378,5700,0,0,0,0,0
40286,ECG,5379,5664,0,0,0,0,0
40291,ECG,5380,5492,0,0,0,0,0
40291,ECG,5381,5432,0,0,0,0,0
40296,ECG,5382,5390,0,0,0,0,0
40296,ECG,5383,5368,0,0,0,0,0
40301,ECG,5384,5380,0,0,0,0,0
40301,ECG,5385,5425,0,0,0,0,0
40306,ECG,5386,5390,0,0,0,0,0
40306,ECG,5387,5278,0,0,0,0,0
40306,ECG,5388,5132,0,0,0,0,0
40311,ECG,5389,4979,0,0,0,0,0
40311,ECG,5390,4858,0,0,0,0,0
40316,ECG,5391,4789,0,0,0,0,0
40316,ECG,5392,4780,0,0,0,0,0
40316,ECG,5393,4815,0,0,0,0,0
40321,ECG,5394,4928,0,0,0,0,0
40321,ECG,5395,5032,0,0,0,0,0
40326,ECG,5396,5047,0,0,0,0,0
40326,ECG,5397,5011,0,0,0,0,0
40326,ECG,5398,4869,0,0,0,0,0
40331,ECG,5399,4706,0,0,0,0,0
40331,ECG,5400,4621,0,0,0,0,0
40332,ECG,5401,4568,0,0,0,0,0
40336,ECG,5402,4564,0,0,0,0,0
40336,ECG,5403,4598,0,0,0,0,0
40341,ECG,5404,4660,0,0,0,0,0
40341,ECG,5405,4754,0,0,0,0,0
40341,ECG,5406,4768,0,0,0,0,0
40346,ECG,5407,4722,0,0,0,0,0
40346,ECG,5408,4571,0,0,0,0,0
40351,ECG,5409,4429,0,0,0,0,0
40351,ECG,5410,4326,0,0,0,0,0
40351,ECG,5411,4251,0,0,0,0,0
40356,ECG,5412,4230,0,0,0,0,0
40356,ECG,5413,4257,0,0,0,0,0
40361,ECG,5414,4319,0,0,0,0,0
40361,ECG,5415,4387,0,0,0,0,0
40361,ECG,5416,4439,0,0,0,0,0
40366,ECG,5417,4456,0,0,0,0,0
40366,ECG,5418,4409,0,0,0,0,0
40371,ECG,5419,4263,0,0,0,0,0
40371,ECG,5420,4225,0,0,0,0,0
40376,ECG,5421,4191,0,0,0,0,0
40376,ECG,5422,4178,0,0,0,0,0
40381,ECG,5423,4176,0,0,0,0,0
40381,ECG,5424,4189,0,0,0,0,0
40386,ECG,5425,4159,0,0,0,0,0
40386,ECG,5426,4096,0,0,0,0,0
40386,ECG,5427,4021,0,0,0,0,0
40391,ECG,5428,3949,0,0,0,0,0
40391,ECG,5429,3892,0,0,0,0,0
40396,ECG,5430,3856,0,0,0,0,0
40396,ECG,5431,3844,0,0,0,0,0
40396,ECG,5432,3850,0,0,0,0,0
40401,ECG,5433,3878,0,0,0,0,0
40401,ECG,5434,3904,0,0,0,0,0
40406,ECG,5435,3906,0,0,0,0,0
40406,ECG,5436,3875,0,0,0,0,0
40406,ECG,5437,3799,0,0,0,0,0
40411,ECG,5438,3727,0,0,0,0,0
40411,ECG,5439,3681,0,0,0,0,0
40412,ECG,5440,3644,0,0,0,0,0
40416,ECG,5441,3625,0,0,0,0,0
40416,ECG,5442,3630,0,0,0,0,0
40421,ECG,5443,3635,0,0,0,0,0
40421,ECG,5444,3641,0,0,0,0,0
40426,ECG,5445,3667,0,0,0,0,0
40426,ECG,5446,3591,0,0,0,0,0
40431,ECG,5447,3523,0,0,0,0,0
40431,ECG,5448,3456,0,0,0,0,0
40431,ECG,5449,3389,0,0,0,0,0
40436,ECG,5450,3352,0,0,0,0,0
40436,ECG,5451,3325,0,0,0,0,0
40441,ECG,5452,3342,0,0,0,0,0
40441,ECG,5453,3409,0,0,0,0,0
40441,ECG,5454,3402,0,0,0,0,0
40446,ECG,5455,3358,0,0,0,0,0
40446,ECG,5456,3330,0,0,0,0,0
40451,ECG,5457,3131,0,0,0,0,0
40451,ECG,5458,3093,0,0,0,0,0
40456,ECG,5459,3089,0,0,0,0,0
40456,ECG,5460,3106,0,0,0,0,0
40461,ECG,5461,3227,0,0,0,0,0
40461,ECG,5462,3260,0,0,0,0,0
40466,ECG,5463,3239,0,0,0,0,0
40466,ECG,5464,3108,0,0,0,0,0
40466,ECG,5465,2960,0,0,0,0,0
40471,ECG,5466,2838,0,0,0,0,0
40471,ECG,5467,2739,0,0,0,0,0
40476,ECG,5468,2702,0,0,0,0,0
40476,ECG,5469,2718,0,0,0,0,0
40476,ECG,5470,2792,0,0,0,0,0
40481,ECG,5471,2918,0,0,0,0,0
40481,ECG,5472,2990,0,0,0,0,0
40486,ECG,5473,3028,0,0,0,0,0
40486,ECG,5474,3000,0,0,0,0,0
40486,ECG,5475,2877,0,0,0,0,0
40491,ECG,5476,2789,0,0,0,0,0
40491,ECG,5477,2747,0,0,0,0,0
40496,ECG,5478,2740,0,0,0,0,0
40496,ECG,5479,2765,0,0,0,0,0
40501,ECG,5480,2832,0,0,0,0,0
40501,ECG,5481,2881,0,0,0,0,0
40506,ECG,5482,2774,0,0,0,0,0
40506,ECG,5483,2667,0,0,0,0,0
40511,ECG,5484,2583,0,0,0,0,0
40511,ECG,5485,2525,0,0,0,0,0
40511,ECG,5486,2498,0,0,0,0,0
40516,ECG,5487,2514,0,0,0,0,0
40516,ECG,5488,2547,0,0,0,0,0
40521,ECG,5489,2623,0,0,0,0,0
40521,ECG,5490,2714,0,0,0,0,0
40521,ECG,5491,2696,0,0,0,0,0
40526,ECG,5492,2656,0,0,0,0,0
40526,ECG,5493,2455,0,0,0,0,0
40531,ECG,5494,2133,0,0,0,0,0
40531,ECG,5495,2019,0,0,0,0,0
40536,ECG,5496,2006,0,0,0,0,0
40536,ECG,5497,2060,0,0,0,0,0
40537,ECG,5498,2183,0,0,0,0,0
40541,ECG,5499,2398,0,0,0,0,0
40541,ECG,5500,2538,0,0,0,0,0
40546,ECG,5501,2511,0,0,0,0,0
40546,ECG,5502,2378,0,0,0,0,0
40546,ECG,5503,2186,0,0,0,0,0
40551,ECG,5504,2006,0,0,0,0,0
40551,ECG,5505,1906,0,0,0,0,0
40556,ECG,5506,1897,0,0,0,0,0
40556,ECG,5507,1955,0,0,0,0,0
40556,ECG,5508,2076,0,0,0,0,0
40561,ECG,5509,2247,0,0,0,0,0
40561,ECG,5510,2390,0,0,0,0,0
40566,ECG,5511,2389,0,0,0,0,0
40566,ECG,5512,2324,0,0,0,0,0
40566,ECG,5513,2122,0,0,0,0,0
40571,ECG,5514,1992,0,0,0,0,0
40571,ECG,5515,1902,0,0,0,0,0
40576,ECG,5516,1892,0,0,0,0,0
40576,ECG,5517,1961,0,0,0,0,0
40581,ECG,5518,2093,0,0,0,0,0
40581,ECG,5519,2230,0,0,0,0,0
40586,ECG,5520,2204,0,0,0,0,0
40586,ECG,5521,2042,0,0,0,0,0
40591,ECG,5522,1889,0,0,0,0,0
40591,ECG,5523,1795,0,0,0,0,0
40591,ECG,5524,1741,0,0,0,0,0
40596,ECG,5525,1753,0,0,0,0,0
40596,ECG,5526,1825,0,0,0,0,0
40601,ECG,5527,1912,0,0,0,0,0
40601,ECG,5528,2029,0,0,0,0,0
40601,ECG,5529,2126,0,0,0,0,0
40606,ECG,5530,2112,0,0,0,0,0
40606,ECG,5531,2024,0,0,0,0,0
40611,ECG,5532,1800,0,0,0,0,0
40611,ECG,5533,1716,0,0,0,0,0
40616,ECG,5534,1687,0,0,0,0,0
40616,ECG,5535,1694,0,0,0,0,0
40617,ECG,5536,1761,0,0,0,0,0
40621,ECG,5537,1910,0,0,0,0,0
40621,ECG,5538,1997,0,0,0,0,0
40626,ECG,5539,1961,0,0,0,0,0
40626,ECG,5540,1825,0,0,0,0,0
40626,ECG,5541,1597,0,0,0,0,0
40631,ECG,5542,1386,0,0,0,0,0
40631,ECG,5543,1260,0,0,0,0,0
40636,ECG,5544,1223,0,0,0,0,0
40636,ECG,5545,1288,0,0,0,0,0
40636,ECG,5546,1433,0,0,0,0,0
40641,ECG,5547,1618,0,0,0,0,0
40641,ECG,5548,1788,0,0,0,0,0
40646,ECG,5549,1886,0,0,0,0,0
40646,ECG,5550,1874,0,0,0,0,0
40646,ECG,5551,1796,0,0,0,0,0
40651,ECG,5552,1709,0,0,0,0,0
40651,ECG,5553,1680,0,0,0,0,0
40656,ECG,5554,1663,0,0,0,0,0
40656,ECG,5555,1678,0,0,0,0,0
40661,ECG,5556,1708,0,0,0,0,0
40661,ECG,5557,1757,0,0,0,0,0
40666,ECG,5558,1726,0,0,0,0,0
40666,ECG,5559,1621,0,0,0,0,0
40671,ECG,5560,1529,0,0,0,0,0
40671,ECG,5561,1444,0,0,0,0,0
40671,ECG,5562,1384,0,0,0,0,0
40676,ECG,5563,1374,0,0,0,0,0
40676,ECG,5564,1393,0,0,0,0,0
40681,ECG,5565,1475,0,0,0,0,0
40681,ECG,5566,1579,0,0,0,0,0
40681,ECG,5567,1612,0,0,0,0,0
40686,ECG,5568,1609,0,0,0,0,0
40686,ECG,5569,1556,0,0,0,0,0
40691,ECG,5570,1450,0,0,0,0,0
40691,ECG,5571,1379,0,0,0,0,0
40691,ECG,5572,1353,0,0,0,0,0
40696,ECG,5573,1353,0,0,0,0,0
40696,ECG,5574,1397,0,0,0,0,0
40697,ECG,5575,1444,0,0,0,0,0
40701,ECG,5576,1489,0,0,0,0,0
40701,ECG,5577,1571,0,0,0,0,0
40706,ECG,5578,1560,0,0,0,0,0
40706,ECG,5579,1488,0,0,0,0,0
40711,ECG,5580,1308,0,0,0,0,0
40711,ECG,5581,1213,0,0,0,0,0
40716,ECG,5582,1168,0,0,0,0,0
40716,ECG,5583,1171,0,0,0,0,0
40716,ECG,5584,1199,0,0,0,0,0
40721,ECG,5585,1315,0,0,0,0,0
40721,ECG,5586,1437,0,0,0,0,0
40726,ECG,5587,1439,0,0,0,0,0
40726,ECG,5588,1396,0,0,0,0,0
40726,ECG,5589,1272,0,0,0,0,0
40731,ECG,5590,1095,0,0,0,0,0
40731,ECG,5591,1002,0,0,0,0,0
40736,ECG,5592,982,0,0,0,0,0
40736,ECG,5593,1069,0,0,0,0,0
40741,ECG,5594,1180,0,0,0,0,0
40741,ECG,5595,1276,0,0,0,0,0
40746,ECG,5596,1382,0,0,0,0,0
40746,ECG,5597,1350,0,0,0,0,0
40751,ECG,5598,1292,0,0,0,0,0
40751,ECG,5599,1285,0,0,0,0,0
40751,ECG,5600,1270,0,0,0,0,0
40756,ECG,5601,1261,0,0,0,0,0
40756,ECG,5602,1252,0,0,0,0,0
40761,ECG,5603,1273,0,0,0,0,0
40761,ECG,5604,1293,0,0,0,0,0
40761,ECG,5605,1258,0,0,0,0,0
40766,ECG,5606,1223,0,0,0,0,0
40766,ECG,5607,1179,0,0,0,0,0
41773,ECG,5608,0,0,0,0,0,0
41773,ECG,5609,-1,0,0,0,0,0
41773,ECG,5610,-6,0,0,0,0,0
41778,ECG,5611,2,0,0,0,0,0
41778,ECG,5612,6,0,0,0,0,0
41783,ECG,5613,39,0,0,0,0,0
41783,ECG,5614,-16,0,0,0,0,0
41788,ECG,5615,-27,0,0,0,0,0
41788,ECG,5616,151,0,0,0,0,0
41793,ECG,5617,-2108,0,0,0,0,0
41793,ECG,5618,-1849,0,0,0,0,0
41798,ECG,5619,-42,0,0,0,0,0
41798,ECG,5620,3423,0,0,0,0,0
41798,ECG,5621,8796,0,0,0,0,0
41803,ECG,5622,15185,0,0,0,0,0
41803,ECG,5623,21629,0,0,0,0,0
41808,ECG,5624,27229,0,0,0,0,0
41808,ECG,5625,31032,0,0,0,0,0
41808,ECG,5626,32014,0,0,0,0,0
41813,ECG,5627,31813,0,0,0,0,0
41813,ECG,5628,31613,0,0,0,0,0
41818,ECG,5629,31025,0,0,0,0,0
41818,ECG,5630,30893,0,0,0,0,0
41818,ECG,5631,31004,0,0,0,0,0
41823,ECG,5632,30830,0,0,0,0,0
41823,ECG,5633,30636,0,0,0,0,0
41824,ECG,5634,30280,0,0,0,0,0
41828,ECG,5635,29869,0,0,0,0,0
41828,ECG,5636,29493,0,0,0,0,0
41833,ECG,5637,29165,0,0,0,0,0
41833,ECG,5638,28948,0,0,0,0,0
41833,ECG,5639,28825,0,0,0,0,0
41838,ECG,5640,28816,0,0,0,0,0
41838,ECG,5641,28894,0,0,0,0,0
41843,ECG,5642,28900,0,0,0,0,0
41843,ECG,5643,28789,0,0,0,0,0
41843,ECG,5644,28528,0,0,0,0,0
41848,ECG,5645,28112,0,0,0,0,0
41848,ECG,5646,27742,0,0,0,0,0
41853,ECG,5647,27473,0,0,0,0,0
41853,ECG,5648,27285,0,0,0,0,0
41853,ECG,5649,27181,0,0,0,0,0
41858,ECG,5650,27149,0,0,0,0,0
41858,ECG,5651,27204,0,0,0,0,0
41863,ECG,5652,27050,0,0,0,0,0
41863,ECG,5653,26781,0,0,0,0,0
41868,ECG,5654,26359,0,0,0,0,0
41868,ECG,5655,25971,0,0,0,0,0
41873,ECG,5656,25453,0,0,0,0,0
41873,ECG,5657,25351,0,0,0,0,0
41878,ECG,5658,25339,0,0,0,0,0
41878,ECG,5659,25424,0,0,0,0,0
41878,ECG,5660,25500,0,0,0,0,0
41883,ECG,5661,25422,0,0,0,0,0
41883,ECG,5662,25233,0,0,0,0,0
41888,ECG,5663,24885,0,0,0,0,0
41888,ECG,5664,24535,0,0,0,0,0
41888,ECG,5665,24275,0,0,0,0,0
41893,ECG,5666,24090,0,0,0,0,0
41893,ECG,5667,23977,0,0,0,0,0
41898,ECG,5668,23934,0,0,0,0,0
41898,ECG,5669,23947,0,0,0,0,0
41898,ECG,5670,23965,0,0,0,0,0
41903,ECG,5671,23886,0,0,0,0,0
41903,ECG,5672,23736,0,0,0,0,0
41904,ECG,5673,23411,0,0,0,0,0
41908,ECG,5674,23072,0,0,0,0,0
41908,ECG,5675,22799,0,0,0,0,0
41913,ECG,5676,22558,0,0,0,0,0
41913,ECG,5677,22406,0,0,0,0,0
41918,ECG,5678,22328,0,0,0,0,0
41918,ECG,5679,22381,0,0,0,0,0
41923,ECG,5680,22409,0,0,0,0,0
41923,ECG,5681,22305,0,0,0,0,0
41923,ECG,5682,22102,0,0,0,0,0
41928,ECG,5683,21817,0,0,0,0,0
41928,ECG,5684,21542,0,0,0,0,0
41933,ECG,5685,21329,0,0,0,0,0
41933,ECG,5686,21178,0,0,0,0,0
41933,ECG,5687,21073,0,0,0,0,0
41938,ECG,5688,21044,0,0,0,0,0
41938,ECG,5689,21081,0,0,0,0,0
41943,ECG,5690,20953,0,0,0,0,0
41943,ECG,5691,20686,0,0,0,0,0
41948,ECG,5692,20325,0,0,0,0,0
41948,ECG,5693,19992,0,0,0,0,0
41953,ECG,5694,19560,0,0,0,0,0
41953,ECG,5695,19493,0,0,0,0,0
41958,ECG,5696,19529,0,0,0,0,0
41958,ECG,5697,19664,0,0,0,0,0
41958,ECG,5698,19771,0,0,0,0,0
41963,ECG,5699,19697,0,0,0,0,0
41963,ECG,5700,19490,0,0,0,0,0
41968,ECG,5701,19087,0,0,0,0,0
41968,ECG,5702,18689,0,0,0,0,0
41968,ECG,5703,18374,0,0,0,0,0
41973,ECG,5704,18180,0,0,0,0,0
41973,ECG,5705,18106,0,0,0,0,0
41978,ECG,5706,18158,0,0,0,0,0
41978,ECG,5707,18319,0,0,0,0,0
41978,ECG,5708,18469,0,0,0,0,0
41983,ECG,5709,18515,0,0,0,0,0
41983,ECG,5710,18385,0,0,0,0,0
41988,ECG,5711,17774,0,0,0,0,0
41988,ECG,5712,17516,0,0,0,0,0
41993,ECG,5713,17359,0,0,0,0,0
41993,ECG,5714,17281,0,0,0,0,0
41998,ECG,5715,17337,0,0,0,0,0
41998,ECG,5716,17421,0,0,0,0,0
42003,ECG,5717,17409,0,0,0,0,0
42003,ECG,5718,17297,0,0,0,0,0
42003,ECG,5719,17005,0,0,0,0,0
42008,ECG,5720,16696,0,0,0,0,0
42008,ECG,5721,16424,0,0,0,0,0
42013,ECG,5722,16223,0,0,0,0,0
42013,ECG,5723,16114,0,0,0,0,0
42013,ECG,5724,16087,0,0,0,0,0
42018,ECG,5725,16156,0,0,0,0,0
42018,ECG,5726,16287,0,0,0,0,0
42023,ECG,5727,16234,0,0,0,0,0
42023,ECG,5728,15983,0,0,0,0,0
42028,ECG,5729,15654,0,0,0,0,0
42028,ECG,5730,15352,0,0,0,0,0
42029,ECG,5731,15135,0,0,0,0,0
42033,ECG,5732,15030,0,0,0,0,0
42033,ECG,5733,15029,0,0,0,0,0
42038,ECG,5734,15080,0,0,0,0,0
42038,ECG,5735,15228,0,0,0,0,0
42038,ECG,5736,15385,0,0,0,0,0
42043,ECG,5737,15290,0,0,0,0,0
42043,ECG,5738,15110,0,0,0,0,0
42048,ECG,5739,14823,0,0,0,0,0
42048,ECG,5740,14544,0,0,0,0,0
42048,ECG,5741,14320,0,0,0,0,0
42053,ECG,5742,14196,0,0,0,0,0
42053,ECG,5743,14152,0,0,0,0,0
42058,ECG,5744,14184,0,0,0,0,0
42058,ECG,5745,14326,0,0,0,0,0
42058,ECG,5746,14402,0,0,0,0,0
42063,ECG,5747,14367,0,0,0,0,0
42063,ECG,5748,14239,0,0,0,0,0
42068,ECG,5749,13672,0,0,0,0,0
42068,ECG,5750,13519,0,0,0,0,0
42073,ECG,5751,13407,0,0,0,0,0
42073,ECG,5752,13377,0,0,0,0,0
42078,ECG,5753,13471,0,0,0,0,0
42078,ECG,5754,13545,0,0,0,0,0
42083,ECG,5755,13509,0,0,0,0,0
42083,ECG,5756,13418,0,0,0,0,0
42083,ECG,5757,13174,0,0,0,0,0
42088,ECG,5758,12975,0,0,0,0,0
42088,ECG,5759,12820,0,0,0,0,0
42093,ECG,5760,12693,0,0,0,0,0
42093,ECG,5761,12635,0,0,0,0,0
42093,ECG,5762,12613,0,0,0,0,0
42098,ECG,5763,12637,0,0,0,0,0
42098,ECG,5764,12719,0,0,0,0,0
42103,ECG,5765,12609,0,0,0,0,0
42103,ECG,5766,12380,0,0,0,0,0
42108,ECG,5767,12115,0,0,0,0,0
42108,ECG,5768,11902,0,0,0,0,0
42109,ECG,5769,11739,0,0,0,0,0
42113,ECG,5770,11657,0,0,0,0,0
42113,ECG,5771,11648,0,0,0,0,0
42118,ECG,5772,11710,0,0,0,0,0
42118,ECG,5773,11865,0,0,0,0,0
42118,ECG,5774,11933,0,0,0,0,0
42123,ECG,5775,11858,0,0,0,0,0
42123,ECG,5776,11624,0,0,0,0,0
42128,ECG,5777,11293,0,0,0,0,0
42128,ECG,5778,11001,0,0,0,0,0
42128,ECG,5779,10795,0,0,0,0,0
42133,ECG,5780,10701,0,0,0,0,0
42133,ECG,5781,10715,0,0,0,0,0
42138,ECG,5782,10823,0,0,0,0,0
42138,ECG,5783,11021,0,0,0,0,0
42138,ECG,5784,11202,0,0,0,0,0
42143,ECG,5785,11156,0,0,0,0,0
42143,ECG,5786,11068,0,0,0,0,0
42148,ECG,5787,10331,0,0,0,0,0
42148,ECG,5788,10069,0,0,0,0,0
42153,ECG,5789,9894,0,0,0,0,0
42153,ECG,5790,9848,0,0,0,0,0
42158,ECG,5791,10158,0,0,0,0,0
42158,ECG,5792,10371,0,0,0,0,0
42163,ECG,5793,10460,0,0,0,0,0
42163,ECG,5794,10375,0,0,0,0,0
42163,ECG,5795,10109,0,0,0,0,0
42168,ECG,5796,9790,0,0,0,0,0
42168,ECG,5797,9542,0,0,0,0,0
42173,ECG,5798,9423,0,0,0,0,0
42173,ECG,5799,9404,0,0,0,0,0
42173,ECG,5800,9478,0,0,0,0,0
42178,ECG,5801,9678,0,0,0,0,0
42178,ECG,5802,9863,0,0,0,0,0
42183,ECG,5803,9881,0,0,0,0,0
42183,ECG,5804,9747,0,0,0,0,0
42183,ECG,5805,9436,0,0,0,0,0
42188,ECG,5806,9096,0,0,0,0,0
42188,ECG,5807,8835,0,0,0,0,0
42189,ECG,5808,8684,0,0,0,0,0
42193,ECG,5809,8668,0,0,0,0,0
42193,ECG,5810,8750,0,0,0,0,0
42198,ECG,5811,8930,0,0,0,0,0
42198,ECG,5812,9209,0,0,0,0,0
42203,ECG,5813,9244,0,0,0,0,0
42203,ECG,5814,8912,0,0,0,0,0
42208,ECG,5815,8526,0,0,0,0,0
42208,ECG,5816,8189,0,0,0,0,0
42208,ECG,5817,7941,0,0,0,0,0
42213,ECG,5818,7856,0,0,0,0,0
42213,ECG,5819,7941,0,0,0,0,0
42218,ECG,5820,8141,0,0,0,0,0
42218,ECG,5821,8410,0,0,0,0,0
42218,ECG,5822,8714,0,0,0,0,0
42223,ECG,5823,8713,0,0,0,0,0
42223,ECG,5824,8657,0,0,0,0,0
42228,ECG,5825,7993,0,0,0,0,0
42228,ECG,5826,7744,0,0,0,0,0
42233,ECG,5827,7601,0,0,0,0,0
42233,ECG,5828,7579,0,0,0,0,0
42238,ECG,5829,7895,0,0,0,0,0
42238,ECG,5830,8146,0,0,0,0,0
42243,ECG,5831,8198,0,0,0,0,0
42243,ECG,5832,8079,0,0,0,0,0
42243,ECG,5833,7776,0,0,0,0,0
42248,ECG,5834,7391,0,0,0,0,0
42248,ECG,5835,7126,0,0,0,0,0
42253,ECG,5836,6998,0,0,0,0,0
42253,ECG,5837,7001,0,0,0,0,0
42253,ECG,5838,7127,0,0,0,0,0
42258,ECG,5839,7362,0,0,0,0,0
42258,ECG,5840,7632,0,0,0,0,0
42263,ECG,5841,7729,0,0,0,0,0
42263,ECG,5842,7680,0,0,0,0,0
42263,ECG,5843,7406,0,0,0,0,0
42268,ECG,5844,7002,0,0,0,0,0
42268,ECG,5845,6691,0,0,0,0,0
42273,ECG,5846,6376,0,0,0,0,0
42273,ECG,5847,6441,0,0,0,0,0
42278,ECG,5848,6660,0,0,0,0,0
42278,ECG,5849,7004,0,0,0,0,0
42283,ECG,5850,7201,0,0,0,0,0
42283,ECG,5851,6948,0,0,0,0,0
42288,ECG,5852,6575,0,0,0,0,0
42288,ECG,5853,6208,0,0,0,0,0
42288,ECG,5854,5997,0,0,0,0,0
42293,ECG,5855,5963,0,0,0,0,0
42293,ECG,5856,6067,0,0,0,0,0
42298,ECG,5857,6315,0,0,0,0,0
42298,ECG,5858,6622,0,0,0,0,0
42298,ECG,5859,6843,0,0,0,0,0
42303,ECG,5860,6830,0,0,0,0,0
42303,ECG,5861,6682,0,0,0,0,0
42308,ECG,5862,6054,0,0,0,0,0
42308,ECG,5863,5900,0,0,0,0,0
42313,ECG,5864,5845,0,0,0,0,0
42313,ECG,5865,5896,0,0,0,0,0
42314,ECG,5866,6032,0,0,0,0,0
42318,ECG,5867,6274,0,0,0,0,0
42318,ECG,5868,6475,0,0,0,0,0
42323,ECG,5869,6434,0,0,0,0,0
42323,ECG,5870,6311,0,0,0,0,0
42323,ECG,5871,5928,0,0,0,0,0
42328,ECG,5872,5560,0,0,0,0,0
42328,ECG,5873,5285,0,0,0,0,0
42333,ECG,5874,5134,0,0,0,0,0
42333,ECG,5875,5137,0,0,0,0,0
42333,ECG,5876,5288,0,0,0,0,0
42338,ECG,5877,5583,0,0,0,0,0
42338,ECG,5878,5894,0,0,0,0,0
42343,ECG,5879,6058,0,0,0,0,0
42343,ECG,5880,5998,0,0,0,0,0
42343,ECG,5881,5751,0,0,0,0,0
42348,ECG,5882,5457,0,0,0,0,0
42348,ECG,5883,5231,0,0,0,0,0
42353,ECG,5884,5150,0,0,0,0,0
42353,ECG,5885,5250,0,0,0,0,0
42358,ECG,5886,5430,0,0,0,0,0
42358,ECG,5887,5636,0,0,0,0,0
42363,ECG,5888,5685,0,0,0,0,0
42363,ECG,5889,5492,0,0,0,0,0
42368,ECG,5890,5243,0,0,0,0,0
42368,ECG,5891,5068,0,0,0,0,0
42368,ECG,5892,4945,0,0,0,0,0
42373,ECG,5893,4910,0,0,0,0,0
42373,ECG,5894,4964,0,0,0,0,0
42378,ECG,5895,5083,0,0,0,0,0
42378,ECG,5896,5271,0,0,0,0,0
42378,ECG,5897,5387,0,0,0,0,0
42383,ECG,5898,5353,0,0,0,0,0
42383,ECG,5899,5101,0,0,0,0,0
42388,ECG,5900,4384,0,0,0,0,0
42388,ECG,5901,4137,0,0,0,0,0
42393,ECG,5902,4047,0,0,0,0,0
42393,ECG,5903,4095,0,0,0,0,0
42394,ECG,5904,4331,0,0,0,0,0
42398,ECG,5905,4710,0,0,0,0,0
42398,ECG,5906,4962,0,0,0,0,0
42403,ECG,5907,5031,0,0,0,0,0
42403,ECG,5908,4891,0,0,0,0,0
42403,ECG,5909,4498,0,0,0,0,0
42408,ECG,5910,4093,0,0,0,0,0
42408,ECG,5911,3850,0,0,0,0,0
42413,ECG,5912,3762,0,0,0,0,0
42413,ECG,5913,3829,0,0,0,0,0
42413,ECG,5914,4063,0,0,0,0,0
42418,ECG,5915,4398,0,0,0,0,0
42418,ECG,5916,4696,0,0,0,0,0
42423,ECG,5917,4783,0,0,0,0,0
42423,ECG,5918,4574,0,0,0,0,0
42423,ECG,5919,4173,0,0,0,0,0
42428,ECG,5920,3810,0,0,0,0,0
42428,ECG,5921,3525,0,0,0,0,0
42433,ECG,5922,3493,0,0,0,0,0
42433,ECG,5923,3707,0,0,0,0,0
42438,ECG,5924,3992,0,0,0,0,0
42438,ECG,5925,4318,0,0,0,0,0
42443,ECG,5926,4498,0,0,0,0,0
42443,ECG,5927,4426,0,0,0,0,0
42448,ECG,5928,4229,0,0,0,0,0
42448,ECG,5929,4064,0,0,0,0,0
42448,ECG,5930,3967,0,0,0,0,0
42453,ECG,5931,3929,0,0,0,0,0
42453,ECG,5932,3923,0,0,0,0,0
42458,ECG,5933,4047,0,0,0,0,0
42458,ECG,5934,4240,0,0,0,0,0
42458,ECG,5935,4259,0,0,0,0,0
42463,ECG,5936,4139,0,0,0,0,0
42463,ECG,5937,3879,0,0,0,0,0
42468,ECG,5938,3496,0,0,0,0,0
42468,ECG,5939,3164,0,0,0,0,0
42468,ECG,5940,2976,0,0,0,0,0
42473,ECG,5941,2945,0,0,0,0,0
42473,ECG,5942,3077,0,0,0,0,0
42474,ECG,5943,3340,0,0,0,0,0
42478,ECG,5944,3691,0,0,0,0,0
42478,ECG,5945,4024,0,0,0,0,0
42483,ECG,5946,4008,0,0,0,0,0
42483,ECG,5947,3855,0,0,0,0,0
42488,ECG,5948,3200,0,0,0,0,0
42488,ECG,5949,2972,0,0,0,0,0
42493,ECG,5950,2893,0,0,0,0,0
42493,ECG,5951,2953,0,0,0,0,0
42493,ECG,5952,3137,0,0,0,0,0
42498,ECG,5953,3422,0,0,0,0,0
42498,ECG,5954,3699,0,0,0,0,0
42503,ECG,5955,3791,0,0,0,0,0
42503,ECG,5956,3767,0,0,0,0,0
42503,ECG,5957,3478,0,0,0,0,0
42508,ECG,5958,3155,0,0,0,0,0
42508,ECG,5959,2925,0,0,0,0,0
42513,ECG,5960,2764,0,0,0,0,0
42513,ECG,5961,2864,0,0,0,0,0
42518,ECG,5962,3086,0,0,0,0,0
42518,ECG,5963,3390,0,0,0,0,0
42523,ECG,5964,3541,0,0,0,0,0
42523,ECG,5965,3329,0,0,0,0,0
42528,ECG,5966,3021,0,0,0,0,0
42528,ECG,5967,2735,0,0,0,0,0
42528,ECG,5968,2594,0,0,0,0,0
42533,ECG,5969,2571,0,0,0,0,0
42533,ECG,5970,2669,0,0,0,0,0
42538,ECG,5971,2920,0,0,0,0,0
42538,ECG,5972,3178,0,0,0,0,0
42538,ECG,5973,3350,0,0,0,0,0
42543,ECG,5974,3362,0,0,0,0,0
42543,ECG,5975,3127,0,0,0,0,0
42548,ECG,5976,2800,0,0,0,0,0
42548,ECG,5977,2556,0,0,0,0,0
42548,ECG,5978,2418,0,0,0,0,0
42553,ECG,5979,2404,0,0,0,0,0
42553,ECG,5980,2524,0,0,0,0,0
42558,ECG,5981,2934,0,0,0,0,0
42558,ECG,5982,3206,0,0,0,0,0
42563,ECG,5983,3186,0,0,0,0,0
42563,ECG,5984,3119,0,0,0,0,0
42568,ECG,5985,2667,0,0,0,0,0
42568,ECG,5986,2499,0,0,0,0,0
42573,ECG,5987,2431,0,0,0,0,0
42573,ECG,5988,2424,0,0,0,0,0
42573,ECG,5989,2554,0,0,0,0,0
42578,ECG,5990,2799,0,0,0,0,0
42578,ECG,5991,2937,0,0,0,0,0
42583,ECG,5992,2976,0,0,0,0,0
42583,ECG,5993,2910,0,0,0,0,0
42583,ECG,5994,2570,0,0,0,0,0
42588,ECG,5995,2175,0,0,0,0,0
42588,ECG,5996,1937,0,0,0,0,0
42593,ECG,5997,1800,0,0,0,0,0
42593,ECG,5998,1960,0,0,0,0,0
42598,ECG,5999,2223,0,0,0,0,0
42598,ECG,6000,2544,0,0,0,0,0
42603,ECG,6001,2799,0,0,0,0,0
42603,ECG,6002,2632,0,0,0,0,0
42608,ECG,6003,2437,0,0,0,0,0
42608,ECG,6004,2222,0,0,0,0,0
42608,ECG,6005,2074,0,0,0,0,0
42613,ECG,6006,2055,0,0,0,0,0
42613,ECG,6007,2130,0,0,0,0,0
42618,ECG,6008,2305,0,0,0,0,0
42618,ECG,6009,2531,0,0,0,0,0
42618,ECG,6010,2702,0,0,0,0,0
42623,ECG,6011,2678,0,0,0,0,0
42623,ECG,6012,2442,0,0,0,0,0
42628,ECG,6013,2140,0,0,0,0,0
42628,ECG,6014,1847,0,0,0,0,0
42628,ECG,6015,1657,0,0,0,0,0
42633,ECG,6016,1616,0,0,0,0,0
42633,ECG,6017,1703,0,0,0,0,0
42638,ECG,6018,2224,0,0,0,0,0
42638,ECG,6019,2533,0,0,0,0,0
42643,ECG,6020,2548,0,0,0,0,0
42643,ECG,6021,2433,0,0,0,0,0
42648,ECG,6022,1723,0,0,0,0,0
42648,ECG,6023,1459,0,0,0,0,0
42653,ECG,6024,1356,0,0,0,0,0
42653,ECG,6025,1393,0,0,0,0,0
42653,ECG,6026,1592,0,0,0,0,0
42658,ECG,6027,1932,0,0,0,0,0
42658,ECG,6028,2249,0,0,0,0,0
42663,ECG,6029,2424,0,0,0,0,0
42663,ECG,6030,2397,0,0,0,0,0
42663,ECG,6031,2131,0,0,0,0,0
42668,ECG,6032,1797,0,0,0,0,0
42668,ECG,6033,1579,0,0,0,0,0
42673,ECG,6034,1508,0,0,0,0,0
42673,ECG,6035,1645,0,0,0,0,0
42678,ECG,6036,1883,0,0,0,0,0
42678,ECG,6037,2154,0,0,0,0,0
42679,ECG,6038,2299,0,0,0,0,0
42683,ECG,6039,2277,0,0,0,0,0
42683,ECG,6040,2027,0,0,0,0,0
42688,ECG,6041,1743,0,0,0,0,0
42688,ECG,6042,1487,0,0,0,0,0
42688,ECG,6043,1355,0,0,0,0,0
42693,ECG,6044,1346,0,0,0,0,0
42693,ECG,6045,1444,0,0,0,0,0
42698,ECG,6046,1691,0,0,0,0,0
42698,ECG,6047,1950,0,0,0,0,0
42698,ECG,6048,2107,0,0,0,0,0
42703,ECG,6049,2150,0,0,0,0,0
42703,ECG,6050,2015,0,0,0,0,0
42708,ECG,6051,1785,0,0,0,0,0
42708,ECG,6052,1605,0,0,0,0,0
42708,ECG,6053,1530,0,0,0,0,0
42713,ECG,6054,1539,0,0,0,0,0
42713,ECG,6055,1606,0,0,0,0,0
42718,ECG,6056,1997,0,0,0,0,0
42718,ECG,6057,2063,0,0,0,0,0
42723,ECG,6058,2007,0,0,0,0,0
42723,ECG,6059,1753,0,0,0,0,0
42728,ECG,6060,1220,0,0,0,0,0
42728,ECG,6061,1072,0,0,0,0,0
42733,ECG,6062,1064,0,0,0,0,0
42733,ECG,6063,1185,0,0,0,0,0
42733,ECG,6064,1428,0,0,0,0,0
42738,ECG,6065,1746,0,0,0,0,0
42738,ECG,6066,1963,0,0,0,0,0
42743,ECG,6067,1950,0,0,0,0,0
42743,ECG,6068,1686,0,0,0,0,0
42743,ECG,6069,1223,0,0,0,0,0
42748,ECG,6070,813,0,0,0,0,0
42748,ECG,6071,512,0,0,0,0,0
42753,ECG,6072,408,0,0,0,0,0
42753,ECG,6073,520,0,0,0,0,0
42753,ECG,6074,826,0,0,0,0,0
42758,ECG,6075,1258,0,0,0,0,0
42758,ECG,6076,1672,0,0,0,0,0
42759,ECG,6077,1876,0,0,0,0,0
42763,ECG,6078,1864,0,0,0,0,0
42763,ECG,6079,1519,0,0,0,0,0
42768,ECG,6080,1115,0,0,0,0,0
42768,ECG,6081,839,0,0,0,0,0
42773,ECG,6082,706,0,0,0,0,0
42773,ECG,6083,862,0,0,0,0,0
42778,ECG,6084,1180,0,0,0,0,0
42778,ECG,6085,1566,0,0,0,0,0
42778,ECG,6086,1785,0,0,0,0,0
42783,ECG,6087,1720,0,0,0,0,0
42783,ECG,6088,1433,0,0,0,0,0
42788,ECG,6089,1049,0,0,0,0,0
42788,ECG,6090,697,0,0,0,0,0
42788,ECG,6091,506,0,0,0,0,0
42793,ECG,6092,519,0,0,0,0,0
42793,ECG,6093,674,0,0,0,0,0
42798,ECG,6094,1424,0,0,0,0,0
42798,ECG,6095,1701,0,0,0,0,0
42803,ECG,6096,1709,0,0,0,0,0
42803,ECG,6097,1518,0,0,0,0,0
42808,ECG,6098,887,0,0,0,0,0
42808,ECG,6099,742,0,0,0,0,0
42813,ECG,6100,736,0,0,0,0,0
42813,ECG,6101,851,0,0,0,0,0
42813,ECG,6102,1066,0,0,0,0,0
42818,ECG,6103,1381,0,0,0,0,0
42818,ECG,6104,1640,0,0,0,0,0
42823,ECG,6105,1629,0,0,0,0,0
42823,ECG,6106,1507,0,0,0,0,0
42823,ECG,6107,1174,0,0,0,0,0
42828,ECG,6108,912,0,0,0,0,0
42828,ECG,6109,724,0,0,0,0,0
42833,ECG,6110,642,0,0,0,0,0
42833,ECG,6111,709,0,0,0,0,0
42833,ECG,6112,924,0,0,0,0,0
43840,ECG,6113,0,0,0,0,0,0
43840,ECG,6114,-1,0,0,0,0,0
43840,ECG,6115,-5,0,0,0,0,0
43845,ECG,6116,1,0,0,0,0,0
43845,ECG,6117,6,0,0,0,0,0
43850,ECG,6118,35,0,0,0,0,0
43850,ECG,6119,-14,0,0,0,0,0
43855,ECG,6120,-24,0,0,0,0,0
43855,ECG,6121,139,0,0,0,0,0
43860,ECG,6122,-1985,0,0,0,0,0
43860,ECG,6123,-1818,0,0,0,0,0
43865,ECG,6124,-168,0,0,0,0,0
43865,ECG,6125,3090,0,0,0,0,0
43865,ECG,6126,8230,0,0,0,0,0
43870,ECG,6127,14508,0,0,0,0,0
43870,ECG,6128,21004,0,0,0,0,0
43875,ECG,6129,26805,0,0,0,0,0
43875,ECG,6130,30928,0,0,0,0,0
43875,ECG,6131,32030,0,0,0,0,0
43880,ECG,6132,31829,0,0,0,0,0
43880,ECG,6133,31629,0,0,0,0,0
43885,ECG,6134,30722,0,0,0,0,0
43885,ECG,6135,30005,0,0,0,0,0
43885,ECG,6136,29550,0,0,0,0,0
43890,ECG,6137,29135,0,0,0,0,0
43890,ECG,6138,29076,0,0,0,0,0
43891,ECG,6139,29183,0,0,0,0,0
43895,ECG,6140,29522,0,0,0,0,0
43895,ECG,6141,29810,0,0,0,0,0
43900,ECG,6142,29842,0,0,0,0,0
43900,ECG,6143,29671,0,0,0,0,0
42847,IMU,1248,1048,-400,8356,-71,68,34
42869,IMU,1249,840,-420,8440,-91,68,41
42889,IMU,1250,932,-416,8440,-83,53,32
42904,IMU,1251,860,-444,8412,-80,81,47
42924,IMU,1252,944,-432,8456,-76,72,48
42943,IMU,1253,1044,-500,8424,-86,71,41
42964,IMU,1254,920,-432,8492,-89,58,68
42981,IMU,1255,1008,-412,8380,-79,64,41
43000,IMU,1256,980,-544,8412,-84,69,39
43019,IMU,1257,876,-500,8360,-95,63,34
43038,IMU,1258,936,-508,8396,-96,55,29
43058,IMU,1259,992,-412,8424,-94,53,51
43077,IMU,1260,996,-448,8380,-78,55,40
43098,IMU,1261,968,-440,8412,-72,54,38
43115,IMU,1262,952,-460,8436,-116,57,61
43134,IMU,1263,920,-448,8408,-83,53,38
43153,IMU,1264,936,-328,8428,-98,62,39
43173,IMU,1265,1036,-416,8380,-95,61,46
43192,IMU,1266,892,-396,8488,-97,59,47
43211,IMU,1267,984,-444,8464,-91,65,45
43230,IMU,1268,836,-472,8488,-73,53,24
43249,IMU,1269,956,-460,8476,-76,68,41
43268,IMU,1270,952,-548,8444,-80,74,42
43288,IMU,1271,892,-476,8464,-73,68,34
43309,IMU,1272,1024,-480,8428,-98,50,35
43326,IMU,1273,952,-452,8492,-99,63,47
43345,IMU,1274,952,-432,8340,-79,64,35
43364,IMU,1275,956,-508,8432,-110,68,29
43383,IMU,1276,1032,-512,8424,-87,48,29
43402,IMU,1277,960,-444,8336,-95,61,47
43422,IMU,1278,996,-388,8460,-101,65,47
43441,IMU,1279,964,-452,8444,-100,48,33
43460,IMU,1280,980,-492,8432,-88,72,36
43479,IMU,1281,996,-432,8488,-85,47,51
43498,IMU,1282,988,-440,8376,-96,68,21
43517,IMU,1283,864,-432,8440,-101,51,49
43537,IMU,1284,936,-396,8444,-82,53,35
43556,IMU,1285,904,-516,8412,-106,53,29
43575,IMU,1286,864,-428,8488,-97,49,37
43594,IMU,1287,956,-424,8396,-80,53,46
43613,IMU,1288,1032,-488,8384,-82,61,41
43632,IMU,1289,924,-388,8400,-98,65,57
43652,IMU,1290,1028,-476,8312,-89,52,28
43671,IMU,1291,896,-448,8500,-89,60,37
43690,IMU,1292,1076,-416,8496,-74,44,46
43709,IMU,1293,1020,-412,8456,-94,60,54
43728,IMU,1294,1044,-380,8424,-82,64,57
43749,IMU,1295,996,-464,8400,-86,53,33
43767,IMU,1296,848,-464,8392,-95,45,45
43786,IMU,1297,892,-464,8424,-82,54,39
43805,IMU,1298,900,-460,8508,-93,67,54
43824,IMU,1299,948,-372,8504,-99,61,38
43843,IMU,1300,1032,-376,8404,-97,75,49
43863,IMU,1301,888,-372,8440,-106,61,46
43882,IMU,1302,932,-384,8464,-95,58,46
43901,IMU,1303,956,-492,8452,-91,55,40
43921,IMU,1304,1048,-424,8476,-94,62,46
43939,IMU,1305,940,-424,8428,-75,61,46
43962,IMU,1306,880,-348,8432,-91,47,50
43979,IMU,1307,880,-436,8460,-98,56,42
43998,IMU,1308,904,-520,8416,-99,68,45
44016,IMU,1309,944,-436,8492,-96,56,23
44035,IMU,1310,1000,-480,8444,-93,51,52
44054,IMU,1311,1016,-520,8400,-102,63,37
44073,IMU,1312,996,-456,8472,-94,45,43
44093,IMU,1313,964,-472,8456,-88,60,28
44112,IMU,1314,944,-448,8532,-100,54,47
44131,IMU,1315,988,-432,8372,-99,35,15
44150,IMU,1316,1056,-460,8476,-79,53,30
44169,IMU,1317,944,-448,8472,-88,56,30
44190,IMU,1318,992,-464,8276,-84,53,53
44208,IMU,1319,868,-488,8464,-88,39,34
44227,IMU,1320,972,-324,8452,-94,46,41
44246,IMU,1321,952,-504,8420,-88,60,46
44265,IMU,1322,876,-448,8360,-94,59,41
44284,IMU,1323,1000,-384,8400,-93,57,49
44303,IMU,1324,976,-436,8400,-99,54,27
44323,IMU,1325,960,-380,8476,-90,57,45
44342,IMU,1326,940,-480,8440,-90,58,41
44361,IMU,1327,940,-556,8488,-89,66,35
44380,IMU,1328,968,-424,8472,-83,72,44
44406,IMU,1329,936,-332,8528,-96,55,53
44418,IMU,1330,976,-416,8328,-102,57,39
44438,IMU,1331,940,-440,8452,-89,62,33
44457,IMU,1332,944,-428,8472,-92,60,43
44476,IMU,1333,992,-436,8432,-93,61,49
44495,IMU,1334,1004,-516,8344,-83,71,37
44514,IMU,1335,920,-424,8528,-96,59,38
44533,IMU,1336,904,-440,8444,-84,55,33
44553,IMU,1337,1060,-448,8508,-100,63,48
44572,IMU,1338,924,-524,8552,-105,50,53
44591,IMU,1339,976,-412,8508,-83,53,39
44609,IMU,1340,964,-372,8444,-78,61,32
44632,IMU,1341,848,-420,8424,-98,48,33
44648,IMU,1342,924,-508,8500,-91,55,45
44668,IMU,1343,948,-452,8444,-92,54,51
44687,IMU,1344,948,-504,8408,-104,48,44
44706,IMU,1345,972,-556,8392,-111,61,31
44724,IMU,1346,924,-428,8396,-94,69,49
44744,IMU,1347,972,-452,8468,-93,54,34
44763,IMU,1348,1032,-452,8448,-102,55,51
44782,IMU,1349,952,-408,8408,-98,58,46
44801,IMU,1350,924,-448,8428,-89,52,32
44821,IMU,1351,896,-448,8472,-88,63,29
44842,IMU,1352,968,-460,8464,-73,60,28
44859,IMU,1353,992,-400,8376,-107,75,40
44878,IMU,1354,908,-560,8468,-106,61,42
44897,IMU,1355,1128,-488,8484,-81,48,38
44916,IMU,1356,1088,-364,8476,-84,56,52
44935,IMU,1357,952,-432,8468,-80,51,32
44954,IMU,1358,1044,-548,8364,-98,72,50
44974,IMU,1359,868,-436,8364,-86,56,60
44993,IMU,1360,992,-448,8416,-93,70,65
45012,IMU,1361,988,-472,8460,-75,53,61
45032,IMU,1362,876,-464,8460,-93,52,52
45052,IMU,1363,972,-444,8432,-102,84,49
45070,IMU,1364,932,-424,8508,-78,50,31
45088,IMU,1365,1012,-472,8400,-90,54,52
45108,IMU,1366,1052,-396,8540,-85,57,28
45127,IMU,1367,880,-520,8468,-97,56,42
45146,IMU,1368,908,-424,8416,-92,55,58
45165,IMU,1369,972,-480,8472,-85,57,37
45184,IMU,1370,952,-500,8440,-75,78,40
45203,IMU,1371,896,-388,8480,-90,79,38
45223,IMU,1372,964,-476,8420,-76,62,29
45242,IMU,1373,964,-544,8416,-79,44,31
45261,IMU,1374,964,-432,8452,-88,71,42
45283,IMU,1375,968,-444,8424,-93,61,35
45299,IMU,1376,872,-408,8348,-85,46,55
45318,IMU,1377,996,-480,8472,-91,59,45
45338,IMU,1378,924,-512,8504,-92,47,50
45357,IMU,1379,960,-484,8484,-81,49,22
45376,IMU,1380,1000,-468,8484,-92,57,51
45395,IMU,1381,944,-376,8436,-106,61,50
45414,IMU,1382,1100,-480,8484,-100,72,28
45433,IMU,1383,988,-436,8420,-100,58,39
45452,IMU,1384,912,-440,8400,-87,59,30
45472,IMU,1385,912,-468,8380,-82,69,47
45495,IMU,1386,872,-480,8460,-89,46,33
45511,IMU,1387,1024,-356,8432,-93,58,51
45529,IMU,1388,988,-528,8416,-102,71,45
45548,IMU,1389,980,-460,8408,-90,54,36
45567,IMU,1390,884,-480,8524,-83,54,50
45589,IMU,1391,1012,-472,8464,-79,46,41
45606,IMU,1392,1064,-456,8408,-80,64,57
45625,IMU,1393,1036,-544,8388,-88,68,59
45644,IMU,1394,956,-456,8308,-80,59,26
45663,IMU,1395,912,-392,8472,-83,76,40
45682,IMU,1396,988,-452,8384,-100,68,31
45702,IMU,1397,888,-364,8464,-105,58,36
45722,IMU,1398,948,-548,8372,-93,66,35
45740,IMU,1399,880,-436,8428,-87,54,40
45759,IMU,1400,968,-420,8432,-102,66,40
45778,IMU,1401,992,-476,8468,-100,63,46
45797,IMU,1402,1016,-524,8424,-85,46,49
45817,IMU,1403,1056,-356,8492,-87,67,28
45836,IMU,1404,988,-416,8372,-78,44,27
45855,IMU,1405,984,-432,8416,-85,63,45
45874,IMU,1406,968,-356,8460,-103,56,48
45893,IMU,1407,968,-460,8424,-95,58,60
45913,IMU,1408,996,-464,8396,-98,62,45
45934,IMU,1409,852,-496,8532,-70,52,49
45951,IMU,1410,940,-444,8500,-93,54,41
45970,IMU,1411,968,-464,8404,-92,55,48
45989,IMU,1412,928,-368,8384,-93,55,44
46008,IMU,1413,844,-428,8484,-91,53,46
46028,IMU,1414,1092,-416,8484,-91,58,37
46046,IMU,1415,948,-540,8472,-101,60,36
46066,IMU,1416,928,-428,8484,-92,64,33
46085,IMU,1417,956,-516,8400,-118,45,33
46104,IMU,1418,908,-476,8460,-77,53,45
46123,IMU,1419,1052,-492,8388,-77,61,53
46144,IMU,1420,1008,-512,8464,-78,62,46
46164,IMU,1421,948,-372,8364,-82,61,31
46181,IMU,1422,940,-488,8488,-90,48,46
46200,IMU,1423,936,-440,8384,-100,55,43
46219,IMU,1424,912,-424,8532,-89,60,32
46238,IMU,1425,996,-384,8480,-88,61,34
46258,IMU,1426,912,-460,8416,-80,60,35
46276,IMU,1427,924,-376,8420,-97,56,50
46296,IMU,1428,964,-404,8400,-86,58,37
46315,IMU,1429,932,-420,8328,-108,56,30
46334,IMU,1430,944,-476,8440,-76,55,51
46353,IMU,1431,992,-324,8448,-88,75,45
46374,IMU,1432,896,-468,8352,-81,60,40
46391,IMU,1433,1052,-400,8516,-95,80,28
46411,IMU,1434,848,-488,8476,-81,56,40
46430,IMU,1435,880,-388,8424,-96,45,43
46450,IMU,1436,888,-444,8404,-89,48,47
46468,IMU,1437,964,-452,8396,-111,48,40
46487,IMU,1438,996,-492,8408,-74,65,54
46506,IMU,1439,880,-464,8412,-120,63,19
46526,IMU,1440,948,-468,8436,-88,37,37
46545,IMU,1441,824,-444,8480,-109,66,46
46564,IMU,1442,1028,-460,8432,-92,66,46
46588,IMU,1443,976,-496,8488,-90,59,40
46603,IMU,1444,996,-364,8432,-83,56,31
46624,IMU,1445,788,-448,8412,-73,54,29
46641,IMU,1446,1000,-476,8428,-82,67,52
46660,IMU,1447,968,-372,8416,-74,62,45
46679,IMU,1448,912,-444,8496,-91,70,34
46698,IMU,1449,1024,-364,8460,-95,53,32
46717,IMU,1450,960,-436,8340,-74,67,52
46736,IMU,1451,1012,-424,8496,-72,50,39
46756,IMU,1452,896,-456,8448,-90,53,52
46775,IMU,1453,1040,-476,8496,-72,66,33
46794,IMU,1454,1004,-452,8368,-85,73,42
46815,IMU,1455,900,-472,8484,-96,51,43
43905,ECG,6144,28546,0,0,0,0,0
43905,ECG,6145,28006,0,0,0,0,0
43910,ECG,6146,27639,0,0,0,0,0
43910,ECG,6147,27479,0,0,0,0,0
43910,ECG,6148,27535,0,0,0,0,0
43915,ECG,6149,27714,0,0,0,0,0
43915,ECG,6150,27955,0,0,0,0,0
43920,ECG,6151,28067,0,0,0,0,0
43920,ECG,6152,27768,0,0,0,0,0
43920,ECG,6153,27207,0,0,0,0,0
43925,ECG,6154,26598,0,0,0,0,0
43925,ECG,6155,25979,0,0,0,0,0
43930,ECG,6156,25397,0,0,0,0,0
43930,ECG,6157,25478,0,0,0,0,0
43935,ECG,6158,25772,0,0,0,0,0
43935,ECG,6159,26093,0,0,0,0,0
43940,ECG,6160,26334,0,0,0,0,0
43940,ECG,6161,25954,0,0,0,0,0
43945,ECG,6162,25364,0,0,0,0,0
43945,ECG,6163,24830,0,0,0,0,0
43945,ECG,6164,24399,0,0,0,0,0
43950,ECG,6165,24131,0,0,0,0,0
43950,ECG,6166,24110,0,0,0,0,0
43955,ECG,6167,24288,0,0,0,0,0
43955,ECG,6168,24521,0,0,0,0,0
43955,ECG,6169,24731,0,0,0,0,0
43960,ECG,6170,24692,0,0,0,0,0
43960,ECG,6171,24284,0,0,0,0,0
43965,ECG,6172,23650,0,0,0,0,0
43965,ECG,6173,22940,0,0,0,0,0
43965,ECG,6174,22369,0,0,0,0,0
43970,ECG,6175,22081,0,0,0,0,0
43970,ECG,6176,22049,0,0,0,0,0
43975,ECG,6177,22636,0,0,0,0,0
43975,ECG,6178,23095,0,0,0,0,0
43980,ECG,6179,23267,0,0,0,0,0
43980,ECG,6180,23168,0,0,0,0,0
43985,ECG,6181,22173,0,0,0,0,0
43985,ECG,6182,21662,0,0,0,0,0
43990,ECG,6183,21331,0,0,0,0,0
43990,ECG,6184,21164,0,0,0,0,0
43990,ECG,6185,21236,0,0,0,0,0
43995,ECG,6186,21452,0,0,0,0,0
43995,ECG,6187,21669,0,0,0,0,0
44000,ECG,6188,21818,0,0,0,0,0
44000,ECG,6189,21675,0,0,0,0,0
44000,ECG,6190,21183,0,0,0,0,0
44005,ECG,6191,20562,0,0,0,0,0
44005,ECG,6192,19979,0,0,0,0,0
44010,ECG,6193,19425,0,0,0,0,0
44010,ECG,6194,19517,0,0,0,0,0
44015,ECG,6195,19770,0,0,0,0,0
44015,ECG,6196,20130,0,0,0,0,0
44020,ECG,6197,20391,0,0,0,0,0
44020,ECG,6198,20019,0,0,0,0,0
44025,ECG,6199,19443,0,0,0,0,0
44025,ECG,6200,18844,0,0,0,0,0
44025,ECG,6201,18399,0,0,0,0,0
44030,ECG,6202,18184,0,0,0,0,0
44030,ECG,6203,18205,0,0,0,0,0
44035,ECG,6204,18471,0,0,0,0,0
44035,ECG,6205,18870,0,0,0,0,0
44035,ECG,6206,19204,0,0,0,0,0
44040,ECG,6207,19333,0,0,0,0,0
44040,ECG,6208,19116,0,0,0,0,0
44045,ECG,6209,18590,0,0,0,0,0
44045,ECG,6210,18006,0,0,0,0,0
44045,ECG,6211,17536,0,0,0,0,0
44050,ECG,6212,17268,0,0,0,0,0
44050,ECG,6213,17241,0,0,0,0,0
44055,ECG,6214,17668,0,0,0,0,0
44055,ECG,6215,17972,0,0,0,0,0
44060,ECG,6216,18123,0,0,0,0,0
44060,ECG,6217,17956,0,0,0,0,0
44065,ECG,6218,16933,0,0,0,0,0
44065,ECG,6219,16457,0,0,0,0,0
44070,ECG,6220,16189,0,0,0,0,0
44070,ECG,6221,16086,0,0,0,0,0
44070,ECG,6222,16215,0,0,0,0,0
44075,ECG,6223,16549,0,0,0,0,0
44075,ECG,6224,16839,0,0,0,0,0
44080,ECG,6225,16958,0,0,0,0,0
44080,ECG,6226,16878,0,0,0,0,0
44080,ECG,6227,16441,0,0,0,0,0
44085,ECG,6228,15743,0,0,0,0,0
44085,ECG,6229,15117,0,0,0,0,0
44090,ECG,6230,14520,0,0,0,0,0
44090,ECG,6231,14662,0,0,0,0,0
44095,ECG,6232,15032,0,0,0,0,0
44095,ECG,6233,15506,0,0,0,0,0
44096,ECG,6234,15852,0,0,0,0,0
44100,ECG,6235,15767,0,0,0,0,0
44100,ECG,6236,15343,0,0,0,0,0
44105,ECG,6237,14817,0,0,0,0,0
44105,ECG,6238,14237,0,0,0,0,0
44105,ECG,6239,13824,0,0,0,0,0
44110,ECG,6240,13766,0,0,0,0,0
44110,ECG,6241,13966,0,0,0,0,0
44115,ECG,6242,14330,0,0,0,0,0
44115,ECG,6243,14805,0,0,0,0,0
44115,ECG,6244,15184,0,0,0,0,0
44120,ECG,6245,15133,0,0,0,0,0
44120,ECG,6246,14900,0,0,0,0,0
44125,ECG,6247,14323,0,0,0,0,0
44125,ECG,6248,13745,0,0,0,0,0
44125,ECG,6249,13321,0,0,0,0,0
44130,ECG,6250,13104,0,0,0,0,0
44130,ECG,6251,13081,0,0,0,0,0
44135,ECG,6252,13662,0,0,0,0,0
44135,ECG,6253,14059,0,0,0,0,0
44140,ECG,6254,14204,0,0,0,0,0
44140,ECG,6255,14093,0,0,0,0,0
44145,ECG,6256,13133,0,0,0,0,0
44145,ECG,6257,12692,0,0,0,0,0
44150,ECG,6258,12436,0,0,0,0,0
44150,ECG,6259,12364,0,0,0,0,0
44150,ECG,6260,12490,0,0,0,0,0
44155,ECG,6261,12818,0,0,0,0,0
44155,ECG,6262,13197,0,0,0,0,0
44160,ECG,6263,13431,0,0,0,0,0
44160,ECG,6264,13333,0,0,0,0,0
44160,ECG,6265,12875,0,0,0,0,0
44165,ECG,6266,12363,0,0,0,0,0
44165,ECG,6267,11902,0,0,0,0,0
44170,ECG,6268,11580,0,0,0,0,0
44170,ECG,6269,11502,0,0,0,0,0
44170,ECG,6270,11670,0,0,0,0,0
44175,ECG,6271,11997,0,0,0,0,0
44175,ECG,6272,12348,0,0,0,0,0
44176,ECG,6273,12568,0,0,0,0,0
44180,ECG,6274,12440,0,0,0,0,0
44180,ECG,6275,11985,0,0,0,0,0
44185,ECG,6276,11410,0,0,0,0,0
44185,ECG,6277,10904,0,0,0,0,0
44185,ECG,6278,10636,0,0,0,0,0
44190,ECG,6279,10611,0,0,0,0,0
44190,ECG,6280,10763,0,0,0,0,0
44195,ECG,6281,11119,0,0,0,0,0
44195,ECG,6282,11583,0,0,0,0,0
44195,ECG,6283,11873,0,0,0,0,0
44200,ECG,6284,11859,0,0,0,0,0
44200,ECG,6285,11572,0,0,0,0,0
44205,ECG,6286,11072,0,0,0,0,0
44205,ECG,6287,10625,0,0,0,0,0
44205,ECG,6288,10321,0,0,0,0,0
44210,ECG,6289,10187,0,0,0,0,0
44210,ECG,6290,10223,0,0,0,0,0
44215,ECG,6291,10891,0,0,0,0,0
44215,ECG,6292,11138,0,0,0,0,0
44220,ECG,6293,11134,0,0,0,0,0
44220,ECG,6294,10854,0,0,0,0,0
44225,ECG,6295,9753,0,0,0,0,0
44225,ECG,6296,9383,0,0,0,0,0
44230,ECG,6297,9208,0,0,0,0,0
44230,ECG,6298,9272,0,0,0,0,0
44230,ECG,6299,9559,0,0,0,0,0
44235,ECG,6300,9924,0,0,0,0,0
44235,ECG,6301,10371,0,0,0,0,0
44240,ECG,6302,10543,0,0,0,0,0
44240,ECG,6303,10425,0,0,0,0,0
44240,ECG,6304,9936,0,0,0,0,0
44245,ECG,6305,9466,0,0,0,0,0
44245,ECG,6306,8951,0,0,0,0,0
44250,ECG,6307,8627,0,0,0,0,0
44250,ECG,6308,8569,0,0,0,0,0
44250,ECG,6309,8708,0,0,0,0,0
44255,ECG,6310,9091,0,0,0,0,0
44255,ECG,6311,9534,0,0,0,0,0
44256,ECG,6312,9772,0,0,0,0,0
44260,ECG,6313,9743,0,0,0,0,0
44260,ECG,6314,9333,0,0,0,0,0
44265,ECG,6315,8665,0,0,0,0,0
44265,ECG,6316,8131,0,0,0,0,0
44270,ECG,6317,7719,0,0,0,0,0
44270,ECG,6318,7950,0,0,0,0,0
44275,ECG,6319,8364,0,0,0,0,0
44275,ECG,6320,8810,0,0,0,0,0
44275,ECG,6321,9243,0,0,0,0,0
44280,ECG,6322,9330,0,0,0,0,0
44280,ECG,6323,8972,0,0,0,0,0
44285,ECG,6324,8469,0,0,0,0,0
44285,ECG,6325,7956,0,0,0,0,0
44285,ECG,6326,7583,0,0,0,0,0
44290,ECG,6327,7474,0,0,0,0,0
44290,ECG,6328,7597,0,0,0,0,0
44295,ECG,6329,8292,0,0,0,0,0
44295,ECG,6330,8611,0,0,0,0,0
44300,ECG,6331,8714,0,0,0,0,0
44300,ECG,6332,8531,0,0,0,0,0
44305,ECG,6333,7424,0,0,0,0,0
44305,ECG,6334,7028,0,0,0,0,0
44310,ECG,6335,6844,0,0,0,0,0
44310,ECG,6336,6867,0,0,0,0,0
44310,ECG,6337,7122,0,0,0,0,0
44315,ECG,6338,7604,0,0,0,0,0
44315,ECG,6339,8052,0,0,0,0,0
44320,ECG,6340,8205,0,0,0,0,0
44320,ECG,6341,8075,0,0,0,0,0
44320,ECG,6342,7705,0,0,0,0,0
44325,ECG,6343,7158,0,0,0,0,0
44325,ECG,6344,6664,0,0,0,0,0
44330,ECG,6345,6446,0,0,0,0,0
44330,ECG,6346,6454,0,0,0,0,0
44330,ECG,6347,6675,0,0,0,0,0
44335,ECG,6348,7106,0,0,0,0,0
44335,ECG,6349,7544,0,0,0,0,0
44340,ECG,6350,7799,0,0,0,0,0
44340,ECG,6351,7421,0,0,0,0,0
44345,ECG,6352,6948,0,0,0,0,0
44345,ECG,6353,6526,0,0,0,0,0
44350,ECG,6354,6150,0,0,0,0,0
44350,ECG,6355,6305,0,0,0,0,0
44355,ECG,6356,6636,0,0,0,0,0
44355,ECG,6357,6994,0,0,0,0,0
44355,ECG,6358,7271,0,0,0,0,0
44360,ECG,6359,7260,0,0,0,0,0
44360,ECG,6360,6881,0,0,0,0,0
44365,ECG,6361,6355,0,0,0,0,0
44365,ECG,6362,5886,0,0,0,0,0
44365,ECG,6363,5578,0,0,0,0,0
44370,ECG,6364,5494,0,0,0,0,0
44370,ECG,6365,5652,0,0,0,0,0
44375,ECG,6366,6522,0,0,0,0,0
44375,ECG,6367,6970,0,0,0,0,0
44380,ECG,6368,6999,0,0,0,0,0
44380,ECG,6369,6718,0,0,0,0,0
44381,ECG,6370,6214,0,0,0,0,0
44385,ECG,6371,5632,0,0,0,0,0
44385,ECG,6372,5204,0,0,0,0,0
44390,ECG,6373,5050,0,0,0,0,0
44390,ECG,6374,5124,0,0,0,0,0
44390,ECG,6375,5445,0,0,0,0,0
44395,ECG,6376,5989,0,0,0,0,0
44395,ECG,6377,6460,0,0,0,0,0
44400,ECG,6378,6608,0,0,0,0,0
44400,ECG,6379,6387,0,0,0,0,0
44400,ECG,6380,5827,0,0,0,0,0
44405,ECG,6381,5191,0,0,0,0,0
44405,ECG,6382,4756,0,0,0,0,0
44410,ECG,6383,4574,0,0,0,0,0
44410,ECG,6384,4639,0,0,0,0,0
44410,ECG,6385,5012,0,0,0,0,0
44415,ECG,6386,5543,0,0,0,0,0
44415,ECG,6387,5965,0,0,0,0,0
44420,ECG,6388,6152,0,0,0,0,0
44420,ECG,6389,5688,0,0,0,0,0
44425,ECG,6390,5139,0,0,0,0,0
44425,ECG,6391,4686,0,0,0,0,0
44430,ECG,6392,4390,0,0,0,0,0
44430,ECG,6393,4550,0,0,0,0,0
44435,ECG,6394,4912,0,0,0,0,0
44435,ECG,6395,5368,0,0,0,0,0
44435,ECG,6396,5729,0,0,0,0,0
44440,ECG,6397,5793,0,0,0,0,0
44440,ECG,6398,5582,0,0,0,0,0
44445,ECG,6399,5243,0,0,0,0,0
44445,ECG,6400,4865,0,0,0,0,0
44445,ECG,6401,4559,0,0,0,0,0
44450,ECG,6402,4426,0,0,0,0,0
44450,ECG,6403,4514,0,0,0,0,0
44455,ECG,6404,4782,0,0,0,0,0
44455,ECG,6405,5164,0,0,0,0,0
44455,ECG,6406,5497,0,0,0,0,0
44460,ECG,6407,5513,0,0,0,0,0
44460,ECG,6408,5249,0,0,0,0,0
44461,ECG,6409,4838,0,0,0,0,0
44465,ECG,6410,4312,0,0,0,0,0
44465,ECG,6411,3901,0,0,0,0,0
44470,ECG,6412,3745,0,0,0,0,0
44470,ECG,6413,3796,0,0,0,0,0
44470,ECG,6414,4067,0,0,0,0,0
44475,ECG,6415,4530,0,0,0,0,0
44475,ECG,6416,4956,0,0,0,0,0
44480,ECG,6417,5147,0,0,0,0,0
44480,ECG,6418,5020,0,0,0,0,0
44480,ECG,6419,4589,0,0,0,0,0
44485,ECG,6420,4112,0,0,0,0,0
44485,ECG,6421,3765,0,0,0,0,0
44490,ECG,6422,3560,0,0,0,0,0
44490,ECG,6423,3582,0,0,0,0,0
44490,ECG,6424,3837,0,0,0,0,0
44495,ECG,6425,4284,0,0,0,0,0
44495,ECG,6426,4780,0,0,0,0,0
44500,ECG,6427,4940,0,0,0,0,0
44500,ECG,6428,4489,0,0,0,0,0
44505,ECG,6429,3946,0,0,0,0,0
44505,ECG,6430,3463,0,0,0,0,0
44510,ECG,6431,3148,0,0,0,0,0
44510,ECG,6432,3369,0,0,0,0,0
44515,ECG,6433,3848,0,0,0,0,0
44515,ECG,6434,4353,0,0,0,0,0
44515,ECG,6435,4673,0,0,0,0,0
44520,ECG,6436,4683,0,0,0,0,0
44520,ECG,6437,4292,0,0,0,0,0
44525,ECG,6438,3712,0,0,0,0,0
44525,ECG,6439,3217,0,0,0,0,0
44525,ECG,6440,2936,0,0,0,0,0
44530,ECG,6441,2903,0,0,0,0,0
44530,ECG,6442,3123,0,0,0,0,0
44535,ECG,6443,3542,0,0,0,0,0
44535,ECG,6444,4044,0,0,0,0,0
44535,ECG,6445,4462,0,0,0,0,0
44540,ECG,6446,4505,0,0,0,0,0
44540,ECG,6447,4156,0,0,0,0,0
44541,ECG,6448,3616,0,0,0,0,0
44545,ECG,6449,3070,0,0,0,0,0
44545,ECG,6450,2681,0,0,0,0,0
44550,ECG,6451,2540,0,0,0,0,0
44550,ECG,6452,2686,0,0,0,0,0
44555,ECG,6453,3572,0,0,0,0,0
44555,ECG,6454,3979,0,0,0,0,0
44560,ECG,6455,4109,0,0,0,0,0
44560,ECG,6456,3849,0,0,0,0,0
44560,ECG,6457,3311,0,0,0,0,0
44565,ECG,6458,2745,0,0,0,0,0
44565,ECG,6459,2347,0,0,0,0,0
44570,ECG,6460,2212,0,0,0,0,0
44570,ECG,6461,2357,0,0,0,0,0
44570,ECG,6462,2748,0,0,0,0,0
44575,ECG,6463,3320,0,0,0,0,0
44575,ECG,6464,3846,0,0,0,0,0
44580,ECG,6465,3835,0,0,0,0,0
44580,ECG,6466,3337,0,0,0,0,0
44585,ECG,6467,2731,0,0,0,0,0
44585,ECG,6468,2224,0,0,0,0,0
44590,ECG,6469,1997,0,0,0,0,0
44590,ECG,6470,2301,0,0,0,0,0
44595,ECG,6471,2829,0,0,0,0,0
44595,ECG,6472,3392,0,0,0,0,0
44595,ECG,6473,3783,0,0,0,0,0
44600,ECG,6474,3825,0,0,0,0,0
44600,ECG,6475,3467,0,0,0,0,0
44605,ECG,6476,2941,0,0,0,0,0
44605,ECG,6477,2490,0,0,0,0,0
44605,ECG,6478,2209,0,0,0,0,0
44610,ECG,6479,2148,0,0,0,0,0
44610,ECG,6480,2334,0,0,0,0,0
44615,ECG,6481,2714,0,0,0,0,0
44615,ECG,6482,3218,0,0,0,0,0
44615,ECG,6483,3612,0,0,0,0,0
44620,ECG,6484,3621,0,0,0,0,0
44620,ECG,6485,3323,0,0,0,0,0
44625,ECG,6486,2285,0,0,0,0,0
44625,ECG,6487,1939,0,0,0,0,0
44630,ECG,6488,1845,0,0,0,0,0
44630,ECG,6489,2001,0,0,0,0,0
44635,ECG,6490,2926,0,0,0,0,0
44635,ECG,6491,3298,0,0,0,0,0
44640,ECG,6492,3372,0,0,0,0,0
44640,ECG,6493,3110,0,0,0,0,0
44640,ECG,6494,2540,0,0,0,0,0
44645,ECG,6495,1968,0,0,0,0,0
44645,ECG,6496,1599,0,0,0,0,0
44650,ECG,6497,1467,0,0,0,0,0
44650,ECG,6498,1610,0,0,0,0,0
44650,ECG,6499,1999,0,0,0,0,0
44655,ECG,6500,2574,0,0,0,0,0
44655,ECG,6501,3109,0,0,0,0,0
44660,ECG,6502,3168,0,0,0,0,0
44660,ECG,6503,2685,0,0,0,0,0
44665,ECG,6504,2176,0,0,0,0,0
44665,ECG,6505,1744,0,0,0,0,0
44666,ECG,6506,1508,0,0,0,0,0
44670,ECG,6507,1562,0,0,0,0,0
44670,ECG,6508,1879,0,0,0,0,0
44675,ECG,6509,2380,0,0,0,0,0
44675,ECG,6510,2864,0,0,0,0,0
44675,ECG,6511,3137,0,0,0,0,0
44680,ECG,6512,3067,0,0,0,0,0
44680,ECG,6513,2663,0,0,0,0,0
44685,ECG,6514,2134,0,0,0,0,0
44685,ECG,6515,1717,0,0,0,0,0
44685,ECG,6516,1512,0,0,0,0,0
44690,ECG,6517,1542,0,0,0,0,0
44690,ECG,6518,1829,0,0,0,0,0
44695,ECG,6519,2266,0,0,0,0,0
44695,ECG,6520,2696,0,0,0,0,0
44695,ECG,6521,2952,0,0,0,0,0
44700,ECG,6522,2852,0,0,0,0,0
44700,ECG,6523,2404,0,0,0,0,0
44705,ECG,6524,1330,0,0,0,0,0
44705,ECG,6525,1035,0,0,0,0,0
44710,ECG,6526,1025,0,0,0,0,0
44710,ECG,6527,1270,0,0,0,0,0
44715,ECG,6528,2332,0,0,0,0,0
44715,ECG,6529,2830,0,0,0,0,0
44720,ECG,6530,2924,0,0,0,0,0
44720,ECG,6531,2643,0,0,0,0,0
44720,ECG,6532,2096,0,0,0,0,0
44725,ECG,6533,1499,0,0,0,0,0
44725,ECG,6534,1039,0,0,0,0,0
44730,ECG,6535,842,0,0,0,0,0
44730,ECG,6536,948,0,0,0,0,0
44730,ECG,6537,1363,0,0,0,0,0
44735,ECG,6538,1907,0,0,0,0,0
44735,ECG,6539,2392,0,0,0,0,0
44740,ECG,6540,2612,0,0,0,0,0
44740,ECG,6541,2097,0,0,0,0,0
44745,ECG,6542,1493,0,0,0,0,0
44745,ECG,6543,1041,0,0,0,0,0
44746,ECG,6544,832,0,0,0,0,0
44750,ECG,6545,885,0,0,0,0,0
44750,ECG,6546,1234,0,0,0,0,0
44755,ECG,6547,1755,0,0,0,0,0
44755,ECG,6548,2234,0,0,0,0,0
44755,ECG,6549,2509,0,0,0,0,0
44760,ECG,6550,2429,0,0,0,0,0
44760,ECG,6551,2062,0,0,0,0,0
44765,ECG,6552,1544,0,0,0,0,0
44765,ECG,6553,1063,0,0,0,0,0
44765,ECG,6554,858,0,0,0,0,0
44770,ECG,6555,914,0,0,0,0,0
44770,ECG,6556,1166,0,0,0,0,0
44775,ECG,6557,1655,0,0,0,0,0
44775,ECG,6558,2231,0,0,0,0,0
44775,ECG,6559,2563,0,0,0,0,0
44780,ECG,6560,2510,0,0,0,0,0
44780,ECG,6561,2138,0,0,0,0,0
44785,ECG,6562,930,0,0,0,0,0
44785,ECG,6563,548,0,0,0,0,0
44790,ECG,6564,430,0,0,0,0,0
44790,ECG,6565,649,0,0,0,0,0
44795,ECG,6566,1669,0,0,0,0,0
44795,ECG,6567,2211,0,0,0,0,0
44800,ECG,6568,2405,0,0,0,0,0
44800,ECG,6569,2079,0,0,0,0,0
44800,ECG,6570,1540,0,0,0,0,0
44805,ECG,6571,987,0,0,0,0,0
44805,ECG,6572,579,0,0,0,0,0
44810,ECG,6573,476,0,0,0,0,0
44810,ECG,6574,663,0,0,0,0,0
44810,ECG,6575,1098,0,0,0,0,0
44815,ECG,6576,1691,0,0,0,0,0
44815,ECG,6577,2162,0,0,0,0,0
44820,ECG,6578,2272,0,0,0,0,0
44820,ECG,6579,2032,0,0,0,0,0
44820,ECG,6580,1500,0,0,0,0,0
44825,ECG,6581,832,0,0,0,0,0
44825,ECG,6582,338,0,0,0,0,0
44826,ECG,6583,145,0,0,0,0,0
44830,ECG,6584,257,0,0,0,0,0
44830,ECG,6585,631,0,0,0,0,0
44835,ECG,6586,1164,0,0,0,0,0
44835,ECG,6587,1726,0,0,0,0,0
44840,ECG,6588,1939,0,0,0,0,0
44840,ECG,6589,1538,0,0,0,0,0
44845,ECG,6590,1051,0,0,0,0,0
44845,ECG,6591,680,0,0,0,0,0
44845,ECG,6592,510,0,0,0,0,0
44850,ECG,6593,550,0,0,0,0,0
44850,ECG,6594,888,0,0,0,0,0
44855,ECG,6595,1467,0,0,0,0,0
44855,ECG,6596,1922,0,0,0,0,0
44855,ECG,6597,2105,0,0,0,0,0
44860,ECG,6598,2024,0,0,0,0,0
44860,ECG,6599,1541,0,0,0,0,0
44865,ECG,6600,366,0,0,0,0,0
44865,ECG,6601,100,0,0,0,0,0
44870,ECG,6602,120,0,0,0,0,0
44870,ECG,6603,471,0,0,0,0,0
44875,ECG,6604,1565,0,0,0,0,0
44875,ECG,6605,1955,0,0,0,0,0
44880,ECG,6606,1955,0,0,0,0,0
44880,ECG,6607,1587,0,0,0,0,0
44880,ECG,6608,1062,0,0,0,0,0
44885,ECG,6609,525,0,0,0,0,0
44885,ECG,6610,191,0,0,0,0,0
44890,ECG,6611,155,0,0,0,0,0
44890,ECG,6612,362,0,0,0,0,0
44890,ECG,6613,814,0,0,0,0,0
44895,ECG,6614,1403,0,0,0,0,0
44895,ECG,6615,1854,0,0,0,0,0
44900,ECG,6616,1957,0,0,0,0,0
44900,ECG,6617,1695,0,0,0,0,0
44900,ECG,6618,1209,0,0,0,0,0
45907,ECG,6619,0,0,0,0,0,0
45907,ECG,6620,-1,0,0,0,0,0
45907,ECG,6621,-6,0,0,0,0,0
45912,ECG,6622,2,0,0,0,0,0
45912,ECG,6623,6,0,0,0,0,0
45917,ECG,6624,38,0,0,0,0,0
45917,ECG,6625,-16,0,0,0,0,0
45922,ECG,6626,-25,0,0,0,0,0
45922,ECG,6627,149,0,0,0,0,0
45927,ECG,6628,-2107,0,0,0,0,0
45927,ECG,6629,-1859,0,0,0,0,0
45932,ECG,6630,5,0,0,0,0,0
45932,ECG,6631,3521,0,0,0,0,0
45932,ECG,6632,8839,0,0,0,0,0
45937,ECG,6633,15173,0,0,0,0,0
45937,ECG,6634,21511,0,0,0,0,0
45942,ECG,6635,26820,0,0,0,0,0
45942,ECG,6636,30265,0,0,0,0,0
45942,ECG,6637,31968,0,0,0,0,0
45947,ECG,6638,31819,0,0,0,0,0
45947,ECG,6639,31121,0,0,0,0,0
45952,ECG,6640,29908,0,0,0,0,0
45952,ECG,6641,30142,0,0,0,0,0
45952,ECG,6642,30513,0,0,0,0,0
45957,ECG,6643,30531,0,0,0,0,0
45957,ECG,6644,30288,0,0,0,0,0
45958,ECG,6645,29674,0,0,0,0,0
45962,ECG,6646,28976,0,0,0,0,0
45962,ECG,6647,28289,0,0,0,0,0
45967,ECG,6648,27820,0,0,0,0,0
45967,ECG,6649,27710,0,0,0,0,0
45967,ECG,6650,27886,0,0,0,0,0
45972,ECG,6651,28285,0,0,0,0,0
45972,ECG,6652,28737,0,0,0,0,0
45977,ECG,6653,28948,0,0,0,0,0
45977,ECG,6654,28761,0,0,0,0,0
45977,ECG,6655,28264,0,0,0,0,0
45982,ECG,6656,27557,0,0,0,0,0
45982,ECG,6657,26873,0,0,0,0,0
45987,ECG,6658,26418,0,0,0,0,0
45987,ECG,6659,26222,0,0,0,0,0
45987,ECG,6660,26317,0,0,0,0,0
45992,ECG,6661,26571,0,0,0,0,0
45992,ECG,6662,26857,0,0,0,0,0
45997,ECG,6663,26933,0,0,0,0,0
45997,ECG,6664,26458,0,0,0,0,0
46002,ECG,6665,25811,0,0,0,0,0
46002,ECG,6666,25174,0,0,0,0,0
46007,ECG,6667,24526,0,0,0,0,0
46007,ECG,6668,24570,0,0,0,0,0
46012,ECG,6669,24863,0,0,0,0,0
46012,ECG,6670,25251,0,0,0,0,0
46012,ECG,6671,25470,0,0,0,0,0
46017,ECG,6672,25419,0,0,0,0,0
46017,ECG,6673,25073,0,0,0,0,0
46022,ECG,6674,24483,0,0,0,0,0
46022,ECG,6675,23839,0,0,0,0,0
46022,ECG,6676,23325,0,0,0,0,0
46027,ECG,6677,23052,0,0,0,0,0
46027,ECG,6678,23052,0,0,0,0,0
46032,ECG,6679,23296,0,0,0,0,0
46032,ECG,6680,23626,0,0,0,0,0
46032,ECG,6681,23865,0,0,0,0,0
46037,ECG,6682,23872,0,0,0,0,0
46037,ECG,6683,23560,0,0,0,0,0
46038,ECG,6684,22989,0,0,0,0,0
46042,ECG,6685,22301,0,0,0,0,0
46042,ECG,6686,21721,0,0,0,0,0
46047,ECG,6687,21366,0,0,0,0,0
46047,ECG,6688,21286,0,0,0,0,0
46052,ECG,6689,21820,0,0,0,0,0
46052,ECG,6690,22218,0,0,0,0,0
46057,ECG,6691,22373,0,0,0,0,0
46057,ECG,6692,22123,0,0,0,0,0
46057,ECG,6693,21619,0,0,0,0,0
46062,ECG,6694,20974,0,0,0,0,0
46062,ECG,6695,20356,0,0,0,0,0
46067,ECG,6696,19935,0,0,0,0,0
46067,ECG,6697,19825,0,0,0,0,0
46067,ECG,6698,20039,0,0,0,0,0
46072,ECG,6699,20463,0,0,0,0,0
46072,ECG,6700,20895,0,0,0,0,0
46077,ECG,6701,21057,0,0,0,0,0
46077,ECG,6702,20651,0,0,0,0,0
46082,ECG,6703,19951,0,0,0,0,0
46082,ECG,6704,19270,0,0,0,0,0
46087,ECG,6705,18566,0,0,0,0,0
46087,ECG,6706,18621,0,0,0,0,0
46092,ECG,6707,18917,0,0,0,0,0
46092,ECG,6708,19337,0,0,0,0,0
46092,ECG,6709,19620,0,0,0,0,0
46097,ECG,6710,19665,0,0,0,0,0
46097,ECG,6711,19441,0,0,0,0,0
46102,ECG,6712,18955,0,0,0,0,0
46102,ECG,6713,18408,0,0,0,0,0
46102,ECG,6714,17950,0,0,0,0,0
46107,ECG,6715,17696,0,0,0,0,0
46107,ECG,6716,17717,0,0,0,0,0
46112,ECG,6717,17979,0,0,0,0,0
46112,ECG,6718,18337,0,0,0,0,0
46112,ECG,6719,18593,0,0,0,0,0
46117,ECG,6720,18637,0,0,0,0,0
46117,ECG,6721,18371,0,0,0,0,0
46122,ECG,6722,17329,0,0,0,0,0
46122,ECG,6723,16831,0,0,0,0,0
46127,ECG,6724,16552,0,0,0,0,0
46127,ECG,6725,16572,0,0,0,0,0
46132,ECG,6726,17140,0,0,0,0,0
46132,ECG,6727,17469,0,0,0,0,0
46137,ECG,6728,17513,0,0,0,0,0
46137,ECG,6729,17231,0,0,0,0,0
46137,ECG,6730,16753,0,0,0,0,0
46142,ECG,6731,16144,0,0,0,0,0
46142,ECG,6732,15595,0,0,0,0,0
46147,ECG,6733,15301,0,0,0,0,0
46147,ECG,6734,15272,0,0,0,0,0
46147,ECG,6735,15466,0,0,0,0,0
46152,ECG,6736,15877,0,0,0,0,0
46152,ECG,6737,16388,0,0,0,0,0
46157,ECG,6738,16464,0,0,0,0,0
46157,ECG,6739,15907,0,0,0,0,0
46162,ECG,6740,15214,0,0,0,0,0
46162,ECG,6741,14535,0,0,0,0,0
46163,ECG,6742,14022,0,0,0,0,0
46167,ECG,6743,13875,0,0,0,0,0
46167,ECG,6744,14086,0,0,0,0,0
46172,ECG,6745,14502,0,0,0,0,0
46172,ECG,6746,15012,0,0,0,0,0
46172,ECG,6747,15406,0,0,0,0,0
46177,ECG,6748,15544,0,0,0,0,0
46177,ECG,6749,15314,0,0,0,0,0
46182,ECG,6750,14754,0,0,0,0,0
46182,ECG,6751,14234,0,0,0,0,0
46182,ECG,6752,13928,0,0,0,0,0
46187,ECG,6753,13788,0,0,0,0,0
46187,ECG,6754,13805,0,0,0,0,0
46192,ECG,6755,14044,0,0,0,0,0
46192,ECG,6756,14407,0,0,0,0,0
46192,ECG,6757,14622,0,0,0,0,0
46197,ECG,6758,14662,0,0,0,0,0
46197,ECG,6759,14460,0,0,0,0,0
46202,ECG,6760,13401,0,0,0,0,0
46202,ECG,6761,12884,0,0,0,0,0
46207,ECG,6762,12548,0,0,0,0,0
46207,ECG,6763,12485,0,0,0,0,0
46212,ECG,6764,13023,0,0,0,0,0
46212,ECG,6765,13447,0,0,0,0,0
46217,ECG,6766,13700,0,0,0,0,0
46217,ECG,6767,13565,0,0,0,0,0
46217,ECG,6768,13177,0,0,0,0,0
46222,ECG,6769,12703,0,0,0,0,0
46222,ECG,6770,12223,0,0,0,0,0
46227,ECG,6771,11916,0,0,0,0,0
46227,ECG,6772,11895,0,0,0,0,0
46227,ECG,6773,12098,0,0,0,0,0
46232,ECG,6774,12459,0,0,0,0,0
46232,ECG,6775,12830,0,0,0,0,0
46237,ECG,6776,12766,0,0,0,0,0
46237,ECG,6777,12324,0,0,0,0,0
46242,ECG,6778,11747,0,0,0,0,0
46242,ECG,6779,11270,0,0,0,0,0
46243,ECG,6780,11024,0,0,0,0,0
46247,ECG,6781,11022,0,0,0,0,0
46247,ECG,6782,11250,0,0,0,0,0
46252,ECG,6783,11664,0,0,0,0,0
46252,ECG,6784,12116,0,0,0,0,0
46252,ECG,6785,12341,0,0,0,0,0
46257,ECG,6786,12158,0,0,0,0,0
46257,ECG,6787,11617,0,0,0,0,0
46262,ECG,6788,10952,0,0,0,0,0
46262,ECG,6789,10368,0,0,0,0,0
46262,ECG,6790,9984,0,0,0,0,0
46267,ECG,6791,9888,0,0,0,0,0
46267,ECG,6792,10123,0,0,0,0,0
46272,ECG,6793,10594,0,0,0,0,0
46272,ECG,6794,11095,0,0,0,0,0
46272,ECG,6795,11442,0,0,0,0,0
46277,ECG,6796,11519,0,0,0,0,0
46277,ECG,6797,11229,0,0,0,0,0
46282,ECG,6798,10071,0,0,0,0,0
46282,ECG,6799,9674,0,0,0,0,0
46287,ECG,6800,9486,0,0,0,0,0
46287,ECG,6801,9534,0,0,0,0,0
46292,ECG,6802,10241,0,0,0,0,0
46292,ECG,6803,10535,0,0,0,0,0
46297,ECG,6804,10607,0,0,0,0,0
46297,ECG,6805,10434,0,0,0,0,0
46297,ECG,6806,9994,0,0,0,0,0
46302,ECG,6807,9480,0,0,0,0,0
46302,ECG,6808,9063,0,0,0,0,0
46307,ECG,6809,8817,0,0,0,0,0
46307,ECG,6810,8846,0,0,0,0,0
46307,ECG,6811,9150,0,0,0,0,0
46312,ECG,6812,9552,0,0,0,0,0
46312,ECG,6813,9931,0,0,0,0,0
46317,ECG,6814,10175,0,0,0,0,0
46317,ECG,6815,10059,0,0,0,0,0
46317,ECG,6816,9664,0,0,0,0,0
46322,ECG,6817,9167,0,0,0,0,0
46322,ECG,6818,8624,0,0,0,0,0
46323,ECG,6819,8250,0,0,0,0,0
46327,ECG,6820,8147,0,0,0,0,0
46327,ECG,6821,8288,0,0,0,0,0
46332,ECG,6822,8686,0,0,0,0,0
46332,ECG,6823,9158,0,0,0,0,0
46337,ECG,6824,9366,0,0,0,0,0
46337,ECG,6825,9090,0,0,0,0,0
46342,ECG,6826,8516,0,0,0,0,0
46342,ECG,6827,7880,0,0,0,0,0
46342,ECG,6828,7474,0,0,0,0,0
46347,ECG,6829,7331,0,0,0,0,0
46347,ECG,6830,7485,0,0,0,0,0
46352,ECG,6831,7937,0,0,0,0,0
46352,ECG,6832,8472,0,0,0,0,0
46352,ECG,6833,8878,0,0,0,0,0
46357,ECG,6834,8999,0,0,0,0,0
46357,ECG,6835,8755,0,0,0,0,0
46362,ECG,6836,7794,0,0,0,0,0
46362,ECG,6837,7376,0,0,0,0,0
46367,ECG,6838,7200,0,0,0,0,0
46367,ECG,6839,7352,0,0,0,0,0
46372,ECG,6840,8038,0,0,0,0,0
46372,ECG,6841,8365,0,0,0,0,0
46377,ECG,6842,8413,0,0,0,0,0
46377,ECG,6843,8133,0,0,0,0,0
46377,ECG,6844,7619,0,0,0,0,0
46382,ECG,6845,7055,0,0,0,0,0
46382,ECG,6846,6612,0,0,0,0,0
46387,ECG,6847,6411,0,0,0,0,0
46387,ECG,6848,6558,0,0,0,0,0
46387,ECG,6849,6876,0,0,0,0,0
46392,ECG,6850,7284,0,0,0,0,0
46392,ECG,6851,7771,0,0,0,0,0
46397,ECG,6852,7986,0,0,0,0,0
46397,ECG,6853,7793,0,0,0,0,0
46397,ECG,6854,7346,0,0,0,0,0
46402,ECG,6855,6736,0,0,0,0,0
46402,ECG,6856,6134,0,0,0,0,0
46407,ECG,6857,5757,0,0,0,0,0
46407,ECG,6858,6022,0,0,0,0,0
46412,ECG,6859,6561,0,0,0,0,0
46412,ECG,6860,7090,0,0,0,0,0
46417,ECG,6861,7513,0,0,0,0,0
46417,ECG,6862,7219,0,0,0,0,0
46422,ECG,6863,6575,0,0,0,0,0
46422,ECG,6864,6011,0,0,0,0,0
46422,ECG,6865,5624,0,0,0,0,0
46427,ECG,6866,5517,0,0,0,0,0
46427,ECG,6867,5740,0,0,0,0,0
46432,ECG,6868,6133,0,0,0,0,0
46432,ECG,6869,6605,0,0,0,0,0
46432,ECG,6870,7011,0,0,0,0,0
46437,ECG,6871,7157,0,0,0,0,0
46437,ECG,6872,6973,0,0,0,0,0
46442,ECG,6873,6136,0,0,0,0,0
46442,ECG,6874,5711,0,0,0,0,0
46447,ECG,6875,5519,0,0,0,0,0
46447,ECG,6876,5524,0,0,0,0,0
46448,ECG,6877,5722,0,0,0,0,0
46452,ECG,6878,6145,0,0,0,0,0
46452,ECG,6879,6517,0,0,0,0,0
46457,ECG,6880,6664,0,0,0,0,0
46457,ECG,6881,6596,0,0,0,0,0
46457,ECG,6882,6274,0,0,0,0,0
46462,ECG,6883,5777,0,0,0,0,0
46462,ECG,6884,5296,0,0,0,0,0
46467,ECG,6885,4945,0,0,0,0,0
46467,ECG,6886,4832,0,0,0,0,0
46467,ECG,6887,5040,0,0,0,0,0
46472,ECG,6888,5407,0,0,0,0,0
46472,ECG,6889,5844,0,0,0,0,0
46477,ECG,6890,6242,0,0,0,0,0
46477,ECG,6891,6248,0,0,0,0,0
46477,ECG,6892,5898,0,0,0,0,0
46482,ECG,6893,5421,0,0,0,0,0
46482,ECG,6894,4926,0,0,0,0,0
46487,ECG,6895,4431,0,0,0,0,0
46487,ECG,6896,4572,0,0,0,0,0
46492,ECG,6897,5014,0,0,0,0,0
46492,ECG,6898,5547,0,0,0,0,0
46497,ECG,6899,6028,0,0,0,0,0
46497,ECG,6900,5833,0,0,0,0,0
46502,ECG,6901,5324,0,0,0,0,0
46502,ECG,6902,4837,0,0,0,0,0
46502,ECG,6903,4521,0,0,0,0,0
46507,ECG,6904,4378,0,0,0,0,0
46507,ECG,6905,4548,0,0,0,0,0
46512,ECG,6906,4935,0,0,0,0,0
46512,ECG,6907,5347,0,0,0,0,0
46512,ECG,6908,5688,0,0,0,0,0
46517,ECG,6909,5734,0,0,0,0,0
46517,ECG,6910,5422,0,0,0,0,0
46522,ECG,6911,4403,0,0,0,0,0
46522,ECG,6912,4010,0,0,0,0,0
46527,ECG,6913,3891,0,0,0,0,0
46527,ECG,6914,4055,0,0,0,0,0
46528,ECG,6915,4407,0,0,0,0,0
46532,ECG,6916,4862,0,0,0,0,0
46532,ECG,6917,5240,0,0,0,0,0
46537,ECG,6918,5304,0,0,0,0,0
46537,ECG,6919,5114,0,0,0,0,0
46537,ECG,6920,4711,0,0,0,0,0
46542,ECG,6921,4182,0,0,0,0,0
46542,ECG,6922,3806,0,0,0,0,0
46547,ECG,6923,3663,0,0,0,0,0
46547,ECG,6924,3719,0,0,0,0,0
46547,ECG,6925,4030,0,0,0,0,0
46552,ECG,6926,4565,0,0,0,0,0
46552,ECG,6927,5024,0,0,0,0,0
46557,ECG,6928,5155,0,0,0,0,0
46557,ECG,6929,4932,0,0,0,0,0
46557,ECG,6930,4448,0,0,0,0,0
46562,ECG,6931,3860,0,0,0,0,0
46562,ECG,6932,3315,0,0,0,0,0
46567,ECG,6933,3018,0,0,0,0,0
46567,ECG,6934,3398,0,0,0,0,0
46572,ECG,6935,3899,0,0,0,0,0
46572,ECG,6936,4386,0,0,0,0,0
46577,ECG,6937,4724,0,0,0,0,0
46577,ECG,6938,4302,0,0,0,0,0
46582,ECG,6939,3709,0,0,0,0,0
46582,ECG,6940,3202,0,0,0,0,0
46582,ECG,6941,2869,0,0,0,0,0
46587,ECG,6942,2780,0,0,0,0,0
46587,ECG,6943,3024,0,0,0,0,0
46592,ECG,6944,3476,0,0,0,0,0
46592,ECG,6945,3960,0,0,0,0,0
46592,ECG,6946,4277,0,0,0,0,0
46597,ECG,6947,4329,0,0,0,0,0
46597,ECG,6948,4165,0,0,0,0,0
46602,ECG,6949,3763,0,0,0,0,0
46602,ECG,6950,3261,0,0,0,0,0
46602,ECG,6951,2890,0,0,0,0,0
46607,ECG,6952,2757,0,0,0,0,0
46607,ECG,6953,2864,0,0,0,0,0
46608,ECG,6954,3210,0,0,0,0,0
46612,ECG,6955,3757,0,0,0,0,0
46612,ECG,6956,4198,0,0,0,0,0
46617,ECG,6957,4282,0,0,0,0,0
46617,ECG,6958,4084,0,0,0,0,0
46622,ECG,6959,3298,0,0,0,0,0
46622,ECG,6960,2917,0,0,0,0,0
46627,ECG,6961,2723,0,0,0,0,0
46627,ECG,6962,2885,0,0,0,0,0
46627,ECG,6963,3278,0,0,0,0,0
46632,ECG,6964,3674,0,0,0,0,0
46632,ECG,6965,4032,0,0,0,0,0
46637,ECG,6966,4204,0,0,0,0,0
46637,ECG,6967,4015,0,0,0,0,0
46637,ECG,6968,3506,0,0,0,0,0
46642,ECG,6969,2959,0,0,0,0,0
46642,ECG,6970,2611,0,0,0,0,0
46647,ECG,6971,2501,0,0,0,0,0
46647,ECG,6972,2823,0,0,0,0,0
46652,ECG,6973,3307,0,0,0,0,0
46652,ECG,6974,3715,0,0,0,0,0
46657,ECG,6975,3861,0,0,0,0,0
46657,ECG,6976,3428,0,0,0,0,0
46662,ECG,6977,2835,0,0,0,0,0
46662,ECG,6978,2262,0,0,0,0,0
46662,ECG,6979,1890,0,0,0,0,0
46667,ECG,6980,1852,0,0,0,0,0
46667,ECG,6981,2107,0,0,0,0,0
46672,ECG,6982,2601,0,0,0,0,0
46672,ECG,6983,3207,0,0,0,0,0
46672,ECG,6984,3615,0,0,0,0,0
46677,ECG,6985,3686,0,0,0,0,0
46677,ECG,6986,3465,0,0,0,0,0
46682,ECG,6987,2960,0,0,0,0,0
46682,ECG,6988,2393,0,0,0,0,0
46682,ECG,6989,2045,0,0,0,0,0
46687,ECG,6990,1950,0,0,0,0,0
46687,ECG,6991,2110,0,0,0,0,0
46692,ECG,6992,3091,0,0,0,0,0
46692,ECG,6993,3463,0,0,0,0,0
46697,ECG,6994,3583,0,0,0,0,0
46697,ECG,6995,3325,0,0,0,0,0
46702,ECG,6996,2231,0,0,0,0,0
46702,ECG,6997,1804,0,0,0,0,0
46707,ECG,6998,1634,0,0,0,0,0
46707,ECG,6999,1806,0,0,0,0,0
46707,ECG,7000,2187,0,0,0,0,0
46712,ECG,7001,2678,0,0,0,0,0
46712,ECG,7002,3243,0,0,0,0,0
46717,ECG,7003,3459,0,0,0,0,0
46717,ECG,7004,3223,0,0,0,0,0
46717,ECG,7005,2781,0,0,0,0,0
46722,ECG,7006,2219,0,0,0,0,0
46722,ECG,7007,1729,0,0,0,0,0
46727,ECG,7008,1646,0,0,0,0,0
46727,ECG,7009,2013,0,0,0,0,0
46732,ECG,7010,2451,0,0,0,0,0
46732,ECG,7011,2853,0,0,0,0,0
46737,ECG,7012,2879,0,0,0,0,0
46737,ECG,7013,2474,0,0,0,0,0
46742,ECG,7014,1895,0,0,0,0,0
46742,ECG,7015,1502,0,0,0,0,0
46742,ECG,7016,1374,0,0,0,0,0
46747,ECG,7017,1481,0,0,0,0,0
46747,ECG,7018,1815,0,0,0,0,0
46752,ECG,7019,2378,0,0,0,0,0
46752,ECG,7020,2872,0,0,0,0,0
46752,ECG,7021,3063,0,0,0,0,0
46757,ECG,7022,3016,0,0,0,0,0
46757,ECG,7023,2636,0,0,0,0,0
46762,ECG,7024,2068,0,0,0,0,0
46762,ECG,7025,1558,0,0,0,0,0
46762,ECG,7026,1192,0,0,0,0,0
46767,ECG,7027,1128,0,0,0,0,0
46767,ECG,7028,1381,0,0,0,0,0
46772,ECG,7029,2382,0,0,0,0,0
46772,ECG,7030,2851,0,0,0,0,0
46777,ECG,7031,3072,0,0,0,0,0
46777,ECG,7032,2901,0,0,0,0,0
46782,ECG,7033,2045,0,0,0,0,0
46782,ECG,7034,1693,0,0,0,0,0
46787,ECG,7035,1531,0,0,0,0,0
46787,ECG,7036,1629,0,0,0,0,0
46787,ECG,7037,1929,0,0,0,0,0
46792,ECG,7038,2310,0,0,0,0,0
46792,ECG,7039,2626,0,0,0,0,0
46797,ECG,7040,2747,0,0,0,0,0
46797,ECG,7041,2650,0,0,0,0,0
46797,ECG,7042,2326,0,0,0,0,0
46802,ECG,7043,1847,0,0,0,0,0
46802,ECG,7044,1468,0,0,0,0,0
46807,ECG,7045,1379,0,0,0,0,0
46807,ECG,7046,1610,0,0,0,0,0
46812,ECG,7047,2060,0,0,0,0,0
46812,ECG,7048,2497,0,0,0,0,0
46813,ECG,7049,2698,0,0,0,0,0
46817,ECG,7050,2665,0,0,0,0,0
46817,ECG,7051,2403,0,0,0,0,0
46822,ECG,7052,1966,0,0,0,0,0
46822,ECG,7053,1494,0,0,0,0,0
46822,ECG,7054,1173,0,0,0,0,0
46827,ECG,7055,1137,0,0,0,0,0
46827,ECG,7056,1312,0,0,0,0,0
46832,ECG,7057,1622,0,0,0,0,0
46832,ECG,7058,2026,0,0,0,0,0
46832,ECG,7059,2325,0,0,0,0,0
46837,ECG,7060,2317,0,0,0,0,0
46837,ECG,7061,1978,0,0,0,0,0
46842,ECG,7062,1479,0,0,0,0,0
46842,ECG,7063,1020,0,0,0,0,0
46842,ECG,7064,691,0,0,0,0,0
46847,ECG,7065,638,0,0,0,0,0
46847,ECG,7066,938,0,0,0,0,0
46852,ECG,7067,1881,0,0,0,0,0
46852,ECG,7068,2220,0,0,0,0,0
46857,ECG,7069,2267,0,0,0,0,0
46857,ECG,7070,1939,0,0,0,0,0
46862,ECG,7071,867,0,0,0,0,0
46862,ECG,7072,514,0,0,0,0,0
46867,ECG,7073,484,0,0,0,0,0
46867,ECG,7074,752,0,0,0,0,0
46867,ECG,7075,1226,0,0,0,0,0
46872,ECG,7076,1820,0,0,0,0,0
46872,ECG,7077,2289,0,0,0,0,0
46877,ECG,7078,2460,0,0,0,0,0
46877,ECG,7079,2303,0,0,0,0,0
46877,ECG,7080,1838,0,0,0,0,0
46882,ECG,7081,1255,0,0,0,0,0
46882,ECG,7082,785,0,0,0,0,0
46887,ECG,7083,555,0,0,0,0,0
46887,ECG,7084,602,0,0,0,0,0
46887,ECG,7085,915,0,0,0,0,0
46892,ECG,7086,1418,0,0,0,0,0
46892,ECG,7087,1893,0,0,0,0,0
46893,ECG,7088,2129,0,0,0,0,0
46897,ECG,7089,2031,0,0,0,0,0
46897,ECG,7090,1545,0,0,0,0,0
46902,ECG,7091,889,0,0,0,0,0
46902,ECG,7092,320,0,0,0,0,0
46907,ECG,7093,129,0,0,0,0,0
46907,ECG,7094,475,0,0,0,0,0
46912,ECG,7095,1018,0,0,0,0,0
46912,ECG,7096,1540,0,0,0,0,0
46912,ECG,7097,1826,0,0,0,0,0
46917,ECG,7098,1840,0,0,0,0,0
46917,ECG,7099,1532,0,0,0,0,0
46922,ECG,7100,1029,0,0,0,0,0
46922,ECG,7101,552,0,0,0,0,0
46922,ECG,7102,305,0,0,0,0,0
46927,ECG,7103,323,0,0,0,0,0
46927,ECG,7104,558,0,0,0,0,0
46932,ECG,7105,1510,0,0,0,0,0
46932,ECG,7106,1976,0,0,0,0,0
46937,ECG,7107,2222,0,0,0,0,0
46937,ECG,7108,2089,0,0,0,0,0
46942,ECG,7109,1215,0,0,0,0,0
46942,ECG,7110,732,0,0,0,0,0
46947,ECG,7111,464,0,0,0,0,0
46947,ECG,7112,511,0,0,0,0,0
46947,ECG,7113,809,0,0,0,0,0
46952,ECG,7114,1244,0,0,0,0,0
46952,ECG,7115,1657,0,0,0,0,0
46957,ECG,7116,1840,0,0,0,0,0
46957,ECG,7117,1686,0,0,0,0,0
46957,ECG,7118,1301,0,0,0,0,0
46962,ECG,7119,810,0,0,0,0,0
46962,ECG,7120,445,0,0,0,0,0
46967,ECG,7121,421,0,0,0,0,0
46967,ECG,7122,634,0,0,0,0,0
46967,ECG,7123,1010,0,0,0,0,0
46972,ECG,7124,1490,0,0,0,0,0
46972,ECG,7125,1825,0,0,0,0,0
46973,ECG,7126,1878,0,0,0,0,0
47979,ECG,7127,0,0,0,0,0,0
47979,ECG,7128,-1,0,0,0,0,0
47979,ECG,7129,-6,0,0,0,0,0
47984,ECG,7130,2,0,0,0,0,0
47984,ECG,7131,6,0,0,0,0,0
47989,ECG,7132,38,0,0,0,0,0
47989,ECG,7133,-16,0,0,0,0,0
47994,ECG,7134,-26,0,0,0,0,0
47994,ECG,7135,150,0,0,0,0,0
47999,ECG,7136,-2110,0,0,0,0,0
47999,ECG,7137,-1850,0,0,0,0,0
48004,ECG,7138,-37,0,0,0,0,0
48004,ECG,7139,3394,0,0,0,0,0
48004,ECG,7140,8739,0,0,0,0,0
48009,ECG,7141,15221,0,0,0,0,0
48009,ECG,7142,21841,0,0,0,0,0
48014,ECG,7143,27519,0,0,0,0,0
48014,ECG,7144,31229,0,0,0,0,0
48014,ECG,7145,32009,0,0,0,0,0
48019,ECG,7146,31808,0,0,0,0,0
48019,ECG,7147,31529,0,0,0,0,0
48024,ECG,7148,29736,0,0,0,0,0
48024,ECG,7149,29398,0,0,0,0,0
48024,ECG,7150,29517,0,0,0,0,0
48029,ECG,7151,29597,0,0,0,0,0
48029,ECG,7152,29909,0,0,0,0,0
48030,ECG,7153,30168,0,0,0,0,0
48034,ECG,7154,30134,0,0,0,0,0
48034,ECG,7155,29782,0,0,0,0,0
48039,ECG,7156,29174,0,0,0,0,0
48039,ECG,7157,28501,0,0,0,0,0
48044,ECG,7158,27611,0,0,0,0,0
48044,ECG,7159,27583,0,0,0,0,0
48049,ECG,7160,27712,0,0,0,0,0
48049,ECG,7161,27936,0,0,0,0,0
48049,ECG,7162,28146,0,0,0,0,0
48054,ECG,7163,28206,0,0,0,0,0
48054,ECG,7164,27935,0,0,0,0,0
48059,ECG,7165,27300,0,0,0,0,0
48059,ECG,7166,26659,0,0,0,0,0
48059,ECG,7167,26033,0,0,0,0,0
48064,ECG,7168,25600,0,0,0,0,0
48064,ECG,7169,25520,0,0,0,0,0
48069,ECG,7170,25815,0,0,0,0,0
48069,ECG,7171,26143,0,0,0,0,0
48074,ECG,7172,26272,0,0,0,0,0
48074,ECG,7173,26204,0,0,0,0,0
48079,ECG,7174,25057,0,0,0,0,0
48079,ECG,7175,24386,0,0,0,0,0
48084,ECG,7176,23961,0,0,0,0,0
48084,ECG,7177,23709,0,0,0,0,0
48084,ECG,7178,23753,0,0,0,0,0
48089,ECG,7179,24128,0,0,0,0,0
48089,ECG,7180,24544,0,0,0,0,0
48094,ECG,7181,24870,0,0,0,0,0
48094,ECG,7182,24956,0,0,0,0,0
48094,ECG,7183,24703,0,0,0,0,0
48099,ECG,7184,24220,0,0,0,0,0
48099,ECG,7185,23597,0,0,0,0,0
48104,ECG,7186,23124,0,0,0,0,0
48104,ECG,7187,22944,0,0,0,0,0
48104,ECG,7188,22921,0,0,0,0,0
48109,ECG,7189,23121,0,0,0,0,0
48109,ECG,7190,23388,0,0,0,0,0
48114,ECG,7191,23542,0,0,0,0,0
48114,ECG,7192,23116,0,0,0,0,0
48119,ECG,7193,22377,0,0,0,0,0
48119,ECG,7194,21746,0,0,0,0,0
48124,ECG,7195,20915,0,0,0,0,0
48124,ECG,7196,20889,0,0,0,0,0
48129,ECG,7197,21084,0,0,0,0,0
48129,ECG,7198,21504,0,0,0,0,0
48129,ECG,7199,22019,0,0,0,0,0
48134,ECG,7200,22204,0,0,0,0,0
48134,ECG,7201,21984,0,0,0,0,0
48139,ECG,7202,21551,0,0,0,0,0
48139,ECG,7203,20922,0,0,0,0,0
48139,ECG,7204,20305,0,0,0,0,0
48144,ECG,7205,19963,0,0,0,0,0
48144,ECG,7206,19871,0,0,0,0,0
48149,ECG,7207,20257,0,0,0,0,0
48149,ECG,7208,20619,0,0,0,0,0
48154,ECG,7209,20855,0,0,0,0,0
48154,ECG,7210,20781,0,0,0,0,0
48159,ECG,7211,19652,0,0,0,0,0
48159,ECG,7212,19046,0,0,0,0,0
48164,ECG,7213,18611,0,0,0,0,0
48164,ECG,7214,18447,0,0,0,0,0
48164,ECG,7215,18596,0,0,0,0,0
48169,ECG,7216,18809,0,0,0,0,0
48169,ECG,7217,18931,0,0,0,0,0
48174,ECG,7218,19051,0,0,0,0,0
48174,ECG,7219,19014,0,0,0,0,0
48174,ECG,7220,18581,0,0,0,0,0
48179,ECG,7221,18085,0,0,0,0,0
48179,ECG,7222,17738,0,0,0,0,0
48184,ECG,7223,17460,0,0,0,0,0
48184,ECG,7224,17427,0,0,0,0,0
48184,ECG,7225,17580,0,0,0,0,0
48189,ECG,7226,17835,0,0,0,0,0
48189,ECG,7227,18208,0,0,0,0,0
48194,ECG,7228,18265,0,0,0,0,0
48194,ECG,7229,18081,0,0,0,0,0
48199,ECG,7230,17775,0,0,0,0,0
48199,ECG,7231,17232,0,0,0,0,0
48204,ECG,7232,16520,0,0,0,0,0
48204,ECG,7233,16362,0,0,0,0,0
48209,ECG,7234,16389,0,0,0,0,0
48209,ECG,7235,16679,0,0,0,0,0
48209,ECG,7236,17042,0,0,0,0,0
48214,ECG,7237,17271,0,0,0,0,0
48214,ECG,7238,17129,0,0,0,0,0
48219,ECG,7239,16604,0,0,0,0,0
48219,ECG,7240,16036,0,0,0,0,0
48219,ECG,7241,15534,0,0,0,0,0
48224,ECG,7242,15120,0,0,0,0,0
48224,ECG,7243,14972,0,0,0,0,0
48229,ECG,7244,15589,0,0,0,0,0
48229,ECG,7245,16046,0,0,0,0,0
48234,ECG,7246,16261,0,0,0,0,0
48234,ECG,7247,16199,0,0,0,0,0
48235,ECG,7248,15787,0,0,0,0,0
48239,ECG,7249,15118,0,0,0,0,0
48239,ECG,7250,14528,0,0,0,0,0
48244,ECG,7251,14211,0,0,0,0,0
48244,ECG,7252,14122,0,0,0,0,0
48244,ECG,7253,14216,0,0,0,0,0
48249,ECG,7254,14550,0,0,0,0,0
48249,ECG,7255,15026,0,0,0,0,0
48254,ECG,7256,15337,0,0,0,0,0
48254,ECG,7257,15257,0,0,0,0,0
48254,ECG,7258,14833,0,0,0,0,0
48259,ECG,7259,14326,0,0,0,0,0
48259,ECG,7260,13850,0,0,0,0,0
48264,ECG,7261,13499,0,0,0,0,0
48264,ECG,7262,13392,0,0,0,0,0
48264,ECG,7263,13502,0,0,0,0,0
48269,ECG,7264,13766,0,0,0,0,0
48269,ECG,7265,14067,0,0,0,0,0
48274,ECG,7266,14461,0,0,0,0,0
48274,ECG,7267,14126,0,0,0,0,0
48279,ECG,7268,13703,0,0,0,0,0
48279,ECG,7269,13347,0,0,0,0,0
48284,ECG,7270,12883,0,0,0,0,0
48284,ECG,7271,12910,0,0,0,0,0
48289,ECG,7272,12981,0,0,0,0,0
48289,ECG,7273,13058,0,0,0,0,0
48289,ECG,7274,13126,0,0,0,0,0
48294,ECG,7275,13025,0,0,0,0,0
48294,ECG,7276,12742,0,0,0,0,0
48299,ECG,7277,12339,0,0,0,0,0
48299,ECG,7278,11876,0,0,0,0,0
48299,ECG,7279,11630,0,0,0,0,0
48304,ECG,7280,11570,0,0,0,0,0
48304,ECG,7281,11600,0,0,0,0,0
48309,ECG,7282,11859,0,0,0,0,0
48309,ECG,7283,12229,0,0,0,0,0
48309,ECG,7284,12528,0,0,0,0,0
48314,ECG,7285,12777,0,0,0,0,0
48314,ECG,7286,12771,0,0,0,0,0
48315,ECG,7287,12481,0,0,0,0,0
48319,ECG,7288,12046,0,0,0,0,0
48319,ECG,7289,11679,0,0,0,0,0
48324,ECG,7290,11317,0,0,0,0,0
48324,ECG,7291,11135,0,0,0,0,0
48329,ECG,7292,11406,0,0,0,0,0
48329,ECG,7293,11648,0,0,0,0,0
48334,ECG,7294,11858,0,0,0,0,0
48334,ECG,7295,11855,0,0,0,0,0
48334,ECG,7296,11635,0,0,0,0,0
48339,ECG,7297,11203,0,0,0,0,0
48339,ECG,7298,10710,0,0,0,0,0
48344,ECG,7299,10423,0,0,0,0,0
48344,ECG,7300,10340,0,0,0,0,0
48344,ECG,7301,10382,0,0,0,0,0
48349,ECG,7302,10617,0,0,0,0,0
48349,ECG,7303,10994,0,0,0,0,0
48354,ECG,7304,11188,0,0,0,0,0
48354,ECG,7305,10995,0,0,0,0,0
48359,ECG,7306,10586,0,0,0,0,0
48359,ECG,7307,10109,0,0,0,0,0
48364,ECG,7308,9573,0,0,0,0,0
48364,ECG,7309,9636,0,0,0,0,0
48369,ECG,7310,9931,0,0,0,0,0
48369,ECG,7311,10269,0,0,0,0,0
48369,ECG,7312,10535,0,0,0,0,0
48374,ECG,7313,10486,0,0,0,0,0
48374,ECG,7314,9998,0,0,0,0,0
48379,ECG,7315,9355,0,0,0,0,0
48379,ECG,7316,8768,0,0,0,0,0
48379,ECG,7317,8360,0,0,0,0,0
48384,ECG,7318,8259,0,0,0,0,0
48384,ECG,7319,8448,0,0,0,0,0
48389,ECG,7320,8831,0,0,0,0,0
48389,ECG,7321,9359,0,0,0,0,0
48389,ECG,7322,9906,0,0,0,0,0
48394,ECG,7323,10107,0,0,0,0,0
48394,ECG,7324,9877,0,0,0,0,0
48399,ECG,7325,8733,0,0,0,0,0
48399,ECG,7326,8177,0,0,0,0,0
48404,ECG,7327,7814,0,0,0,0,0
48404,ECG,7328,7705,0,0,0,0,0
48409,ECG,7329,8198,0,0,0,0,0
48409,ECG,7330,8770,0,0,0,0,0
48414,ECG,7331,9128,0,0,0,0,0
48414,ECG,7332,9205,0,0,0,0,0
48414,ECG,7333,8940,0,0,0,0,0
48419,ECG,7334,8334,0,0,0,0,0
48419,ECG,7335,7798,0,0,0,0,0
48424,ECG,7336,7457,0,0,0,0,0
48424,ECG,7337,7297,0,0,0,0,0
48424,ECG,7338,7432,0,0,0,0,0
48429,ECG,7339,7851,0,0,0,0,0
48429,ECG,7340,8430,0,0,0,0,0
48434,ECG,7341,8984,0,0,0,0,0
48434,ECG,7342,8664,0,0,0,0,0
48439,ECG,7343,8013,0,0,0,0,0
48439,ECG,7344,7387,0,0,0,0,0
48444,ECG,7345,6627,0,0,0,0,0
48444,ECG,7346,6715,0,0,0,0,0
48449,ECG,7347,7150,0,0,0,0,0
48449,ECG,7348,7661,0,0,0,0,0
48449,ECG,7349,8070,0,0,0,0,0
48454,ECG,7350,8329,0,0,0,0,0
48454,ECG,7351,8069,0,0,0,0,0
48459,ECG,7352,7343,0,0,0,0,0
48459,ECG,7353,6658,0,0,0,0,0
48459,ECG,7354,6089,0,0,0,0,0
48464,ECG,7355,5835,0,0,0,0,0
48464,ECG,7356,6008,0,0,0,0,0
48469,ECG,7357,6327,0,0,0,0,0
48469,ECG,7358,6792,0,0,0,0,0
48469,ECG,7359,7308,0,0,0,0,0
48474,ECG,7360,7590,0,0,0,0,0
48474,ECG,7361,7486,0,0,0,0,0
48479,ECG,7362,6619,0,0,0,0,0
48479,ECG,7363,6096,0,0,0,0,0
48484,ECG,7364,5821,0,0,0,0,0
48484,ECG,7365,5810,0,0,0,0,0
48489,ECG,7366,6431,0,0,0,0,0
48489,ECG,7367,6879,0,0,0,0,0
48494,ECG,7368,7184,0,0,0,0,0
48494,ECG,7369,7346,0,0,0,0,0
48494,ECG,7370,7241,0,0,0,0,0
48499,ECG,7371,6892,0,0,0,0,0
48499,ECG,7372,6478,0,0,0,0,0
48504,ECG,7373,6230,0,0,0,0,0
48504,ECG,7374,6151,0,0,0,0,0
48504,ECG,7375,6240,0,0,0,0,0
48509,ECG,7376,6542,0,0,0,0,0
48509,ECG,7377,6889,0,0,0,0,0
48514,ECG,7378,7074,0,0,0,0,0
48514,ECG,7379,6742,0,0,0,0,0
48519,ECG,7380,6248,0,0,0,0,0
48519,ECG,7381,5734,0,0,0,0,0
48520,ECG,7382,5398,0,0,0,0,0
48524,ECG,7383,5343,0,0,0,0,0
48524,ECG,7384,5486,0,0,0,0,0
48529,ECG,7385,5781,0,0,0,0,0
48529,ECG,7386,6090,0,0,0,0,0
48529,ECG,7387,6284,0,0,0,0,0
48534,ECG,7388,6245,0,0,0,0,0
48534,ECG,7389,5830,0,0,0,0,0
48539,ECG,7390,5270,0,0,0,0,0
48539,ECG,7391,4831,0,0,0,0,0
48539,ECG,7392,4552,0,0,0,0,0
48544,ECG,7393,4546,0,0,0,0,0
48544,ECG,7394,4822,0,0,0,0,0
48549,ECG,7395,5278,0,0,0,0,0
48549,ECG,7396,5823,0,0,0,0,0
48549,ECG,7397,6263,0,0,0,0,0
48554,ECG,7398,6448,0,0,0,0,0
48554,ECG,7399,6407,0,0,0,0,0
48559,ECG,7400,5386,0,0,0,0,0
48559,ECG,7401,4839,0,0,0,0,0
48564,ECG,7402,4447,0,0,0,0,0
48564,ECG,7403,4276,0,0,0,0,0
48569,ECG,7404,4867,0,0,0,0,0
48569,ECG,7405,5350,0,0,0,0,0
48574,ECG,7406,5747,0,0,0,0,0
48574,ECG,7407,5734,0,0,0,0,0
48574,ECG,7408,5307,0,0,0,0,0
48579,ECG,7409,4751,0,0,0,0,0
48579,ECG,7410,4114,0,0,0,0,0
48584,ECG,7411,3712,0,0,0,0,0
48584,ECG,7412,3753,0,0,0,0,0
48584,ECG,7413,4052,0,0,0,0,0
48589,ECG,7414,4599,0,0,0,0,0
48589,ECG,7415,5294,0,0,0,0,0
48594,ECG,7416,5732,0,0,0,0,0
48594,ECG,7417,5721,0,0,0,0,0
48594,ECG,7418,5366,0,0,0,0,0
48599,ECG,7419,4766,0,0,0,0,0
48599,ECG,7420,4170,0,0,0,0,0
48600,ECG,7421,3829,0,0,0,0,0
48604,ECG,7422,3853,0,0,0,0,0
48604,ECG,7423,4147,0,0,0,0,0
48609,ECG,7424,4422,0,0,0,0,0
48609,ECG,7425,4753,0,0,0,0,0
48609,ECG,7426,5069,0,0,0,0,0
48614,ECG,7427,4994,0,0,0,0,0
48614,ECG,7428,4582,0,0,0,0,0
48619,ECG,7429,4127,0,0,0,0,0
48619,ECG,7430,3712,0,0,0,0,0
48619,ECG,7431,3433,0,0,0,0,0
48624,ECG,7432,3491,0,0,0,0,0
48624,ECG,7433,3746,0,0,0,0,0
48629,ECG,7434,4094,0,0,0,0,0
48629,ECG,7435,4386,0,0,0,0,0
48629,ECG,7436,4315,0,0,0,0,0
48634,ECG,7437,4220,0,0,0,0,0
48634,ECG,7438,4153,0,0,0,0,0
48639,ECG,7439,3157,0,0,0,0,0
48639,ECG,7440,2913,0,0,0,0,0
48644,ECG,7441,2777,0,0,0,0,0
48644,ECG,7442,2812,0,0,0,0,0
48649,ECG,7443,3694,0,0,0,0,0
48649,ECG,7444,4059,0,0,0,0,0
48654,ECG,7445,4365,0,0,0,0,0
48654,ECG,7446,4395,0,0,0,0,0
48654,ECG,7447,4129,0,0,0,0,0
48659,ECG,7448,3790,0,0,0,0,0
48659,ECG,7449,3319,0,0,0,0,0
48664,ECG,7450,2905,0,0,0,0,0
48664,ECG,7451,2870,0,0,0,0,0
48664,ECG,7452,3084,0,0,0,0,0
48669,ECG,7453,3541,0,0,0,0,0
48669,ECG,7454,4195,0,0,0,0,0
48674,ECG,7455,4585,0,0,0,0,0
48674,ECG,7456,4617,0,0,0,0,0
48674,ECG,7457,4444,0,0,0,0,0
48679,ECG,7458,3920,0,0,0,0,0
48679,ECG,7459,3225,0,0,0,0,0
48680,ECG,7460,2759,0,0,0,0,0
48684,ECG,7461,2586,0,0,0,0,0
48684,ECG,7462,2655,0,0,0,0,0
48689,ECG,7463,2992,0,0,0,0,0
48689,ECG,7464,3563,0,0,0,0,0
48694,ECG,7465,4484,0,0,0,0,0
48694,ECG,7466,4412,0,0,0,0,0
48699,ECG,7467,4012,0,0,0,0,0
48699,ECG,7468,3495,0,0,0,0,0
48699,ECG,7469,3007,0,0,0,0,0
48704,ECG,7470,2691,0,0,0,0,0
48704,ECG,7471,2640,0,0,0,0,0
48709,ECG,7472,2933,0,0,0,0,0
48709,ECG,7473,3384,0,0,0,0,0
48709,ECG,7474,3753,0,0,0,0,0
48714,ECG,7475,3959,0,0,0,0,0
48714,ECG,7476,3768,0,0,0,0,0
48719,ECG,7477,2551,0,0,0,0,0
48719,ECG,7478,2030,0,0,0,0,0
48724,ECG,7479,1738,0,0,0,0,0
48724,ECG,7480,1848,0,0,0,0,0
48729,ECG,7481,2903,0,0,0,0,0
48729,ECG,7482,3509,0,0,0,0,0
48734,ECG,7483,3885,0,0,0,0,0
48734,ECG,7484,3711,0,0,0,0,0
48734,ECG,7485,3255,0,0,0,0,0
48739,ECG,7486,2734,0,0,0,0,0
48739,ECG,7487,2255,0,0,0,0,0
48744,ECG,7488,2008,0,0,0,0,0
48744,ECG,7489,2065,0,0,0,0,0
48744,ECG,7490,2367,0,0,0,0,0
48749,ECG,7491,2874,0,0,0,0,0
48749,ECG,7492,3484,0,0,0,0,0
48754,ECG,7493,3807,0,0,0,0,0
48754,ECG,7494,3719,0,0,0,0,0
48754,ECG,7495,3355,0,0,0,0,0
48759,ECG,7496,2794,0,0,0,0,0
48759,ECG,7497,2289,0,0,0,0,0
48764,ECG,7498,1922,0,0,0,0,0
48764,ECG,7499,2131,0,0,0,0,0
48769,ECG,7500,2578,0,0,0,0,0
48769,ECG,7501,3107,0,0,0,0,0
48774,ECG,7502,3434,0,0,0,0,0
48774,ECG,7503,3013,0,0,0,0,0
48779,ECG,7504,2324,0,0,0,0,0
48779,ECG,7505,1638,0,0,0,0,0
48779,ECG,7506,1214,0,0,0,0,0
48784,ECG,7507,1085,0,0,0,0,0
48784,ECG,7508,1236,0,0,0,0,0
48789,ECG,7509,1671,0,0,0,0,0
48789,ECG,7510,2282,0,0,0,0,0
48789,ECG,7511,2886,0,0,0,0,0
48794,ECG,7512,3232,0,0,0,0,0
48794,ECG,7513,3225,0,0,0,0,0
48799,ECG,7514,2423,0,0,0,0,0
48799,ECG,7515,1998,0,0,0,0,0
48804,ECG,7516,1707,0,0,0,0,0
48804,ECG,7517,1632,0,0,0,0,0
48805,ECG,7518,1812,0,0,0,0,0
48809,ECG,7519,2194,0,0,0,0,0
48809,ECG,7520,2681,0,0,0,0,0
48814,ECG,7521,3058,0,0,0,0,0
48814,ECG,7522,3172,0,0,0,0,0
48814,ECG,7523,2943,0,0,0,0,0
48819,ECG,7524,2432,0,0,0,0,0
48819,ECG,7525,1867,0,0,0,0,0
48824,ECG,7526,1384,0,0,0,0,0
48824,ECG,7527,1189,0,0,0,0,0
48824,ECG,7528,1362,0,0,0,0,0
48829,ECG,7529,1720,0,0,0,0,0
48829,ECG,7530,2170,0,0,0,0,0
48834,ECG,7531,2560,0,0,0,0,0
48834,ECG,7532,2715,0,0,0,0,0
48834,ECG,7533,2589,0,0,0,0,0
48839,ECG,7534,2310,0,0,0,0,0
48839,ECG,7535,2041,0,0,0,0,0
48844,ECG,7536,1917,0,0,0,0,0
48844,ECG,7537,2132,0,0,0,0,0
48849,ECG,7538,2480,0,0,0,0,0
48849,ECG,7539,2918,0,0,0,0,0
48854,ECG,7540,3107,0,0,0,0,0
48854,ECG,7541,2917,0,0,0,0,0
48859,ECG,7542,2404,0,0,0,0,0
48859,ECG,7543,1888,0,0,0,0,0
48859,ECG,7544,1472,0,0,0,0,0
48864,ECG,7545,1230,0,0,0,0,0
48864,ECG,7546,1234,0,0,0,0,0
48869,ECG,7547,1568,0,0,0,0,0
48869,ECG,7548,2110,0,0,0,0,0
48869,ECG,7549,2564,0,0,0,0,0
48874,ECG,7550,2824,0,0,0,0,0
48874,ECG,7551,2657,0,0,0,0,0
48879,ECG,7552,1484,0,0,0,0,0
48879,ECG,7553,917,0,0,0,0,0
48884,ECG,7554,625,0,0,0,0,0
48884,ECG,7555,712,0,0,0,0,0
48885,ECG,7556,1074,0,0,0,0,0
48889,ECG,7557,1640,0,0,0,0,0
48889,ECG,7558,2263,0,0,0,0,0
48894,ECG,7559,2668,0,0,0,0,0
48894,ECG,7560,2580,0,0,0,0,0
48894,ECG,7561,2100,0,0,0,0,0
48899,ECG,7562,1440,0,0,0,0,0
48899,ECG,7563,830,0,0,0,0,0
48904,ECG,7564,511,0,0,0,0,0
48904,ECG,7565,468,0,0,0,0,0
48904,ECG,7566,833,0,0,0,0,0
48909,ECG,7567,1463,0,0,0,0,0
48909,ECG,7568,1926,0,0,0,0,0
48914,ECG,7569,2268,0,0,0,0,0
48914,ECG,7570,2335,0,0,0,0,0
48914,ECG,7571,1891,0,0,0,0,0
48919,ECG,7572,1274,0,0,0,0,0
48919,ECG,7573,735,0,0,0,0,0
48924,ECG,7574,493,0,0,0,0,0
48924,ECG,7575,793,0,0,0,0,0
48929,ECG,7576,1327,0,0,0,0,0
48929,ECG,7577,2014,0,0,0,0,0
42801,PPG,300,116872,55411,0,0,0,0
42889,PPG,301,116879,55409,0,0,0,0
42964,PPG,302,116877,55412,0,0,0,0
43041,PPG,303,116876,55411,0,0,0,0
43119,PPG,304,116866,55411,0,0,0,0
43199,PPG,305,116878,55411,0,0,0,0
43278,PPG,306,116885,55404,0,0,0,0
43358,PPG,307,116881,55405,0,0,0,0
43437,PPG,308,116875,55399,0,0,0,0
43528,PPG,309,116873,55404,0,0,0,0
43596,PPG,310,116859,55414,0,0,0,0
43676,PPG,311,116859,55410,0,0,0,0
43755,PPG,312,116876,55404,0,0,0,0
43835,PPG,313,116877,55405,0,0,0,0
43921,PPG,314,116868,55403,0,0,0,0
43999,PPG,315,116863,55404,0,0,0,0
44078,PPG,316,116872,55404,0,0,0,0
44154,PPG,317,116864,55406,0,0,0,0
44236,PPG,318,116861,55406,0,0,0,0
44315,PPG,319,116864,55403,0,0,0,0
44406,PPG,320,116859,55403,0,0,0,0
44476,PPG,321,116867,55403,0,0,0,0
44555,PPG,322,116862,55416,0,0,0,0
44634,PPG,323,116876,55409,0,0,0,0
44710,PPG,324,116862,55410,0,0,0,0
44789,PPG,325,116866,55399,0,0,0,0
44869,PPG,326,116863,55412,0,0,0,0
44949,PPG,327,116849,55407,0,0,0,0
45032,PPG,328,116864,55410,0,0,0,0
45110,PPG,329,116865,55398,0,0,0,0
45187,PPG,330,116859,55403,0,0,0,0
45285,PPG,331,116847,55400,0,0,0,0
45346,PPG,332,116860,55408,0,0,0,0
45426,PPG,333,116856,55404,0,0,0,0
45511,PPG,334,116849,55407,0,0,0,0
45589,PPG,335,116853,55411,0,0,0,0
45665,PPG,336,116863,55406,0,0,0,0
45744,PPG,337,116865,55399,0,0,0,0
45824,PPG,338,116849,55397,0,0,0,0
45903,PPG,339,116851,55407,0,0,0,0
45983,PPG,340,116852,55405,0,0,0,0
46066,PPG,341,116849,55400,0,0,0,0
46164,PPG,342,116854,55409,0,0,0,0
46222,PPG,343,116845,55393,0,0,0,0
46301,PPG,344,116847,55404,0,0,0,0
46380,PPG,345,116853,55405,0,0,0,0
46460,PPG,346,116860,55413,0,0,0,0
46540,PPG,347,116861,55406,0,0,0,0
46624,PPG,348,116852,55412,0,0,0,0
46700,PPG,349,116857,55414,0,0,0,0
46779,PPG,350,116850,55416,0,0,0,0
46860,PPG,351,116845,55405,0,0,0,0
46939,PPG,352,116853,55398,0,0,0,0
47033,PPG,353,116847,55400,0,0,0,0
47096,PPG,354,116853,55411,0,0,0,0
47179,PPG,355,116858,55403,0,0,0,0
47257,PPG,356,116856,55413,0,0,0,0
47335,PPG,357,116861,55414,0,0,0,0
47415,PPG,358,116850,55418,0,0,0,0
47494,PPG,359,116848,55414,0,0,0,0
47574,PPG,360,116852,55403,0,0,0,0
47657,PPG,361,116856,55410,0,0,0,0
47735,PPG,362,116857,55414,0,0,0,0
47812,PPG,363,116853,55414,0,0,0,0
47911,PPG,364,116855,55409,0,0,0,0
47971,PPG,365,116861,55422,0,0,0,0
48051,PPG,366,116867,55418,0,0,0,0
48137,PPG,367,116859,55417,0,0,0,0
48216,PPG,368,116863,55415,0,0,0,0
48292,PPG,369,116860,55424,0,0,0,0
48372,PPG,370,116856,55427,0,0,0,0
48452,PPG,371,116853,55413,0,0,0,0
48528,PPG,372,116853,55420,0,0,0,0
48608,PPG,373,116850,55406,0,0,0,0
48691,PPG,374,116867,55428,0,0,0,0
48787,PPG,375,116854,55423,0,0,0,0
48847,PPG,376,116851,55420,0,0,0,0
48926,PPG,377,116840,55419,0,0,0,0
46832,IMU,1456,1012,-480,8476,-81,56,45
46851,IMU,1457,912,-576,8444,-94,65,39
46871,IMU,1458,976,-484,8304,-104,46,44
46890,IMU,1459,808,-444,8444,-92,70,51
46909,IMU,1460,972,-420,8384,-100,59,30
46928,IMU,1461,876,-420,8420,-95,49,35
46947,IMU,1462,928,-396,8444,-97,61,30
46966,IMU,1463,936,-448,8400,-85,57,34
46985,IMU,1464,984,-428,8504,-89,39,35
47004,IMU,1465,1008,-396,8412,-111,56,58
47032,IMU,1466,980,-452,8416,-93,66,47
47043,IMU,1467,900,-488,8436,-93,70,48
47062,IMU,1468,1020,-364,8420,-92,63,49
47081,IMU,1469,960,-452,8420,-78,53,41
47100,IMU,1470,896,-428,8476,-107,68,43
47119,IMU,1471,1020,-492,8436,-89,53,60
47138,IMU,1472,880,-444,8428,-93,62,35
47158,IMU,1473,928,-412,8404,-104,53,35
47177,IMU,1474,940,-436,8436,-72,69,33
47196,IMU,1475,968,-520,8544,-96,72,28
47215,IMU,1476,1032,-476,8432,-89,40,23
47237,IMU,1477,924,-500,8396,-86,60,47
47254,IMU,1478,908,-448,8464,-92,58,30
47273,IMU,1479,896,-440,8400,-86,49,39
47292,IMU,1480,908,-460,8404,-61,53,47
47311,IMU,1481,952,-408,8428,-86,85,46
47330,IMU,1482,948,-400,8424,-86,44,40
47349,IMU,1483,944,-392,8440,-88,56,42
47368,IMU,1484,892,-396,8444,-71,64,40
47388,IMU,1485,988,-392,8444,-96,44,43
47407,IMU,1486,964,-420,8476,-82,65,45
47426,IMU,1487,936,-456,8488,-81,51,34
47445,IMU,1488,928,-452,8368,-93,69,43
47467,IMU,1489,836,-464,8440,-85,65,48
47483,IMU,1490,1020,-416,8324,-97,66,48
47502,IMU,1491,964,-464,8536,-99,51,24
47522,IMU,1492,920,-428,8492,-82,62,42
47541,IMU,1493,1008,-372,8376,-99,46,49
47560,IMU,1494,1004,-440,8416,-100,43,61
47579,IMU,1495,1024,-408,8440,-95,67,55
47598,IMU,1496,944,-412,8428,-87,53,43
47617,IMU,1497,972,-440,8292,-92,59,42
47637,IMU,1498,1016,-456,8500,-92,61,54
47657,IMU,1499,1032,-520,8388,-108,61,38
47678,IMU,1500,916,-452,8368,-88,67,42
47694,IMU,1501,908,-436,8448,-85,68,50
47713,IMU,1502,968,-444,8428,-85,47,41
47732,IMU,1503,988,-460,8472,-75,51,41
47752,IMU,1504,984,-408,8512,-98,72,58
47771,IMU,1505,960,-480,8472,-77,62,27
47790,IMU,1506,908,-548,8472,-78,69,37
47809,IMU,1507,1028,-420,8352,-82,57,42
47828,IMU,1508,968,-472,8468,-99,56,59
47847,IMU,1509,992,-400,8396,-80,77,30
47867,IMU,1510,912,-440,8396,-82,69,52
47886,IMU,1511,924,-512,8492,-104,69,49
47908,IMU,1512,1036,-464,8484,-94,58,41
47927,IMU,1513,840,-380,8420,-91,41,34
47943,IMU,1514,908,-448,8384,-85,58,67
47962,IMU,1515,884,-392,8436,-79,62,40
47982,IMU,1516,928,-468,8452,-99,52,52
48001,IMU,1517,848,-440,8444,-66,65,42
48020,IMU,1518,848,-336,8416,-89,58,40
48039,IMU,1519,1068,-532,8404,-94,81,44
48058,IMU,1520,880,-316,8528,-87,52,43
48078,IMU,1521,996,-348,8384,-112,60,54
48097,IMU,1522,920,-420,8456,-87,50,50
48118,IMU,1523,976,-488,8380,-91,66,61
48137,IMU,1524,964,-484,8388,-89,69,49
48154,IMU,1525,1020,-396,8464,-88,48,30
48173,IMU,1526,912,-516,8400,-93,63,52
48193,IMU,1527,900,-368,8436,-82,52,35
48212,IMU,1528,900,-472,8428,-90,66,41
48231,IMU,1529,1024,-488,8364,-100,43,59
48250,IMU,1530,872,-416,8404,-82,61,37
48269,IMU,1531,996,-580,8388,-98,52,48
48288,IMU,1532,960,-492,8488,-90,52,42
48307,IMU,1533,876,-444,8420,-91,68,56
48330,IMU,1534,956,-388,8392,-80,31,41
48346,IMU,1535,948,-360,8480,-104,65,46
48365,IMU,1536,988,-476,8472,-90,57,37
48384,IMU,1537,968,-460,8400,-78,47,30
48403,IMU,1538,968,-492,8432,-91,49,45
48422,IMU,1539,1056,-440,8412,-94,44,44
48442,IMU,1540,968,-484,8528,-105,63,43
48461,IMU,1541,1016,-456,8500,-86,55,55
48480,IMU,1542,1028,-364,8420,-104,53,20
48499,IMU,1543,892,-508,8388,-105,53,41
48518,IMU,1544,1020,-476,8400,-76,67,52
48537,IMU,1545,892,-360,8396,-84,64,42
48558,IMU,1546,1024,-440,8360,-95,69,37
48576,IMU,1547,976,-492,8464,-78,50,38
48595,IMU,1548,904,-452,8448,-102,67,34
48614,IMU,1549,1056,-476,8396,-86,54,41
48633,IMU,1550,896,-384,8532,-94,67,37
48652,IMU,1551,980,-448,8504,-96,64,42
48672,IMU,1552,928,-472,8344,-77,63,42
48691,IMU,1553,1008,-440,8388,-85,72,42
48710,IMU,1554,960,-468,8424,-81,50,38
48729,IMU,1555,932,-392,8428,-96,48,59
48748,IMU,1556,1036,-416,8444,-98,47,39
48771,IMU,1557,988,-436,8428,-91,58,44
48787,IMU,1558,972,-344,8452,-94,65,29
48806,IMU,1559,1000,-416,8468,-92,63,38
48825,IMU,1560,976,-412,8404,-99,55,26
48844,IMU,1561,908,-532,8420,-94,49,26
48863,IMU,1562,904,-460,8480,-85,54,34
48882,IMU,1563,972,-540,8360,-75,50,37
48902,IMU,1564,892,-480,8296,-97,65,49
48921,IMU,1565,996,-440,8480,-92,54,56
