timestamp_ms,type,seq,v1,v2,v3,v4,v5,v6
17918,META_START,1,16864,0,0,0,0,0
19301,IMU,0,1144,-428,8440,-88,56,48
19320,IMU,1,1188,-416,8396,-112,67,42
19339,IMU,2,1048,-328,8348,-112,63,40
19358,IMU,3,1072,-344,8436,-110,50,24
19377,IMU,4,1064,-464,8452,-89,45,27
19396,IMU,5,1120,-360,8392,-93,73,20
19417,IMU,6,1068,-452,8404,-86,61,14
19435,IMU,7,1144,-456,8436,-111,56,23
19454,IMU,8,1132,-432,8340,-77,61,34
19473,IMU,9,1044,-472,8420,-103,55,27
19492,IMU,10,1156,-436,8424,-99,61,42
19511,IMU,11,1076,-440,8416,-88,56,36
19530,IMU,12,1104,-368,8328,-103,55,47
19549,IMU,13,1092,-336,8472,-89,50,28
19568,IMU,14,1060,-448,8428,-91,61,37
19587,IMU,15,992,-492,8368,-102,60,49
19607,IMU,16,1072,-460,8384,-108,47,31
19626,IMU,17,1128,-420,8428,-102,65,42
19645,IMU,18,1152,-476,8348,-82,61,43
19664,IMU,19,1068,-388,8464,-92,61,43
19683,IMU,20,1120,-428,8420,-109,65,39
19702,IMU,21,968,-392,8312,-100,63,33
19721,IMU,22,1064,-356,8364,-93,70,30
19740,IMU,23,1112,-412,8424,-93,67,28
19760,IMU,24,1124,-416,8448,-93,59,46
19779,IMU,25,1144,-384,8384,-97,58,34
19798,IMU,26,1152,-512,8460,-103,59,31
19817,IMU,27,1052,-384,8484,-112,60,29
19836,IMU,28,1100,-444,8316,-92,59,23
19855,IMU,29,988,-520,8316,-124,65,41
19874,IMU,30,1048,-352,8404,-92,58,35
19894,IMU,31,1060,-444,8456,-107,52,33
19913,IMU,32,1060,-416,8436,-97,65,52
19932,IMU,33,1180,-392,8360,-103,55,43
19951,IMU,34,1208,-504,8232,-104,63,28
19970,IMU,35,1080,-448,8452,-91,70,33
19989,IMU,36,1064,-372,8520,-96,49,43
20008,IMU,37,1044,-500,8368,-112,68,48
20027,IMU,38,1132,-344,8424,-113,55,41
20046,IMU,39,976,-440,8328,-87,66,42
20065,IMU,40,1052,-340,8444,-105,53,42
20085,IMU,41,1116,-340,8440,-85,60,41
20104,IMU,42,1092,-436,8420,-101,41,36
20123,IMU,43,1080,-348,8364,-105,56,43
20142,IMU,44,1092,-288,8408,-89,58,27
20161,IMU,45,1160,-392,8416,-120,69,18
20180,IMU,46,1036,-440,8404,-95,69,43
20199,IMU,47,1200,-440,8476,-94,51,33
20219,IMU,48,1168,-472,8456,-82,60,42
20238,IMU,49,1164,-428,8420,-96,62,50
20257,IMU,50,1108,-416,8384,-75,62,35
20276,IMU,51,1128,-308,8456,-95,55,42
20295,IMU,52,1124,-456,8428,-104,49,45
20315,IMU,53,1120,-376,8400,-101,47,37
20334,IMU,54,1068,-396,8344,-105,74,23
20353,IMU,55,1220,-396,8444,-95,83,31
20372,IMU,56,1088,-432,8352,-100,42,40
20391,IMU,57,1156,-452,8376,-89,57,37
20410,IMU,58,968,-348,8480,-83,38,46
20429,IMU,59,1140,-388,8352,-89,60,34
20449,IMU,60,1072,-332,8444,-85,54,22
20468,IMU,61,1192,-408,8340,-120,52,29
20487,IMU,62,1020,-512,8384,-91,61,23
20506,IMU,63,1152,-396,8324,-95,69,27
20527,IMU,64,1144,-352,8504,-99,77,49
20544,IMU,65,1188,-452,8548,-101,56,39
20563,IMU,66,1120,-348,8492,-88,63,31
20583,IMU,67,1192,-452,8432,-102,56,39
20602,IMU,68,1052,-504,8332,-110,80,42
20621,IMU,69,1084,-340,8428,-95,49,42
20640,IMU,70,1144,-416,8388,-95,50,40
20659,IMU,71,1192,-352,8384,-98,48,42
20678,IMU,72,1192,-396,8436,-115,64,39
20698,IMU,73,1048,-404,8352,-106,61,35
20717,IMU,74,1128,-376,8408,-92,57,35
20739,IMU,75,1056,-384,8356,-87,63,44
20756,IMU,76,1204,-400,8388,-98,65,34
20774,IMU,77,1064,-368,8488,-95,52,43
20793,IMU,78,1088,-476,8432,-93,57,33
20812,IMU,79,1128,-384,8356,-100,61,40
20832,IMU,80,1120,-424,8560,-111,63,59
20851,IMU,81,1008,-408,8464,-94,59,37
20870,IMU,82,1112,-452,8480,-90,50,45
20889,IMU,83,960,-404,8412,-99,69,42
20908,IMU,84,1116,-292,8404,-93,73,37
20927,IMU,85,1100,-448,8456,-74,74,28
20947,IMU,86,1020,-416,8496,-85,50,34
20968,IMU,87,1120,-396,8452,-108,37,32
20985,IMU,88,1168,-432,8408,-97,53,41
21006,IMU,89,1048,-408,8460,-73,58,43
21023,IMU,90,1124,-364,8468,-91,59,37
21042,IMU,91,1032,-476,8420,-109,63,45
21062,IMU,92,1096,-508,8408,-95,57,33
21081,IMU,93,1124,-380,8436,-100,66,36
21100,IMU,94,1040,-336,8456,-73,69,58
21119,IMU,95,1124,-480,8372,-120,48,25
21138,IMU,96,964,-512,8404,-97,71,42
21157,IMU,97,1080,-368,8356,-98,53,38
21180,IMU,98,992,-440,8388,-91,68,23
21196,IMU,99,1040,-408,8344,-93,68,48
21215,IMU,100,1032,-368,8460,-98,59,27
21234,IMU,101,1144,-452,8524,-77,74,25
21253,IMU,102,1080,-308,8364,-96,57,37
21272,IMU,103,1092,-404,8376,-96,59,47
21291,IMU,104,1096,-344,8404,-98,56,54
21310,IMU,105,1100,-420,8432,-97,50,38
21329,IMU,106,1048,-416,8472,-92,63,38
21349,IMU,107,1204,-332,8424,-96,81,50
21368,IMU,108,1104,-292,8308,-99,60,43
21387,IMU,109,1088,-384,8412,-99,77,39
21409,IMU,110,1080,-372,8400,-111,65,48
21425,IMU,111,1128,-440,8404,-100,74,41
21444,IMU,112,1132,-392,8452,-90,70,30
21463,IMU,113,1116,-432,8444,-103,48,42
21483,IMU,114,1072,-324,8308,-99,74,45
21502,IMU,115,1108,-440,8432,-80,54,43
21521,IMU,116,972,-456,8448,-86,53,57
21540,IMU,117,1196,-368,8464,-99,50,43
21559,IMU,118,1040,-388,8456,-87,74,50
21578,IMU,119,984,-412,8424,-93,61,52
21597,IMU,120,1044,-408,8484,-105,55,38
21618,IMU,121,1072,-364,8324,-104,71,30
21636,IMU,122,1184,-440,8440,-93,58,43
21655,IMU,123,1100,-416,8428,-101,48,36
21674,IMU,124,1036,-364,8468,-83,51,53
21693,IMU,125,1052,-384,8464,-86,51,34
21712,IMU,126,1012,-416,8472,-98,76,42
21731,IMU,127,1160,-412,8412,-100,60,40
21750,IMU,128,1052,-360,8424,-102,57,35
21770,IMU,129,1136,-412,8392,-108,65,43
21789,IMU,130,1168,-468,8436,-83,75,26
21808,IMU,131,1148,-436,8452,-108,62,31
21829,IMU,132,1204,-344,8412,-96,59,40
21848,IMU,133,1120,-488,8376,-80,55,42
21865,IMU,134,1208,-488,8424,-100,70,33
21885,IMU,135,1044,-468,8440,-94,62,48
21904,IMU,136,1092,-416,8436,-79,73,53
21923,IMU,137,1044,-360,8368,-93,56,20
21942,IMU,138,1084,-376,8380,-109,63,37
21961,IMU,139,1140,-412,8440,-98,52,34
21980,IMU,140,1012,-452,8352,-112,58,29
22000,IMU,141,1092,-360,8360,-102,59,20
22019,IMU,142,1076,-388,8472,-104,74,47
22039,IMU,143,1128,-388,8420,-105,51,27
22059,IMU,144,1160,-468,8452,-111,65,44
22076,IMU,145,1060,-388,8464,-97,72,34
22095,IMU,146,1112,-312,8404,-94,62,33
22114,IMU,147,1120,-348,8456,-105,66,35
22134,IMU,148,1064,-428,8436,-93,63,31
22153,IMU,149,1056,-528,8364,-102,45,48
22172,IMU,150,1056,-372,8392,-93,76,45
22191,IMU,151,1172,-352,8376,-93,62,42
22210,IMU,152,1004,-364,8356,-85,53,34
22229,IMU,153,1100,-356,8420,-93,64,33
22249,IMU,154,1088,-376,8476,-92,65,24
22271,IMU,155,1108,-448,8432,-95,52,33
22287,IMU,156,1144,-336,8412,-90,65,37
22306,IMU,157,1016,-348,8480,-102,65,50
22325,IMU,158,1148,-324,8432,-103,65,31
22344,IMU,159,1148,-448,8452,-93,66,33
22364,IMU,160,1080,-496,8388,-77,71,45
22383,IMU,161,1104,-340,8452,-98,68,33
22402,IMU,162,1084,-376,8464,-107,68,52
22421,IMU,163,1072,-296,8336,-108,54,49
22440,IMU,164,1180,-372,8452,-92,60,42
22459,IMU,165,1184,-508,8504,-95,61,36
22478,IMU,166,1060,-424,8352,-117,49,40
22499,IMU,167,960,-348,8420,-83,62,46
22517,IMU,168,1120,-444,8400,-111,73,49
22536,IMU,169,1160,-348,8356,-108,59,48
22555,IMU,170,988,-308,8460,-95,52,40
22574,IMU,171,1096,-428,8416,-83,73,9
22593,IMU,172,1068,-456,8396,-88,55,52
22612,IMU,173,1152,-308,8372,-85,63,39
22631,IMU,174,1072,-312,8352,-112,64,42
22651,IMU,175,1104,-472,8396,-85,57,54
22670,IMU,176,1148,-472,8492,-106,69,28
22689,IMU,177,1080,-384,8400,-94,66,37
22710,IMU,178,1156,-468,8380,-104,69,57
22727,IMU,179,1100,-360,8392,-112,70,31
22746,IMU,180,1148,-384,8460,-101,62,42
22766,IMU,181,1088,-436,8396,-90,34,37
22785,IMU,182,1032,-400,8464,-115,46,39
22804,IMU,183,1080,-524,8392,-86,63,32
22823,IMU,184,1120,-476,8368,-94,59,28
22842,IMU,185,1040,-420,8468,-108,56,30
22861,IMU,186,1060,-452,8440,-112,58,37
22880,IMU,187,1208,-488,8424,-80,55,46
22899,IMU,188,1068,-424,8344,-95,64,31
22920,IMU,189,1040,-448,8356,-82,62,41
22938,IMU,190,1160,-400,8388,-100,53,36
22956,IMU,191,1048,-436,8472,-84,45,30
22976,IMU,192,1104,-368,8336,-100,51,35
22995,IMU,193,1072,-396,8468,-94,62,59
23014,IMU,194,976,-416,8420,-96,46,37
23033,IMU,195,1056,-424,8372,-106,40,36
23052,IMU,196,1124,-344,8372,-80,55,42
23073,IMU,197,1120,-420,8424,-102,66,25
23091,IMU,198,1132,-444,8500,-103,61,36
23110,IMU,199,1084,-416,8400,-95,61,31
23129,IMU,200,1072,-388,8372,-99,43,36
23150,IMU,201,1080,-380,8444,-85,57,43
23167,IMU,202,1016,-388,8428,-87,72,42
23186,IMU,203,1040,-412,8416,-105,54,26
23205,IMU,204,1128,-388,8472,-109,56,40
23224,IMU,205,1108,-420,8404,-96,40,36
23243,IMU,206,1080,-396,8404,-104,62,48
23262,IMU,207,1152,-352,8408,-104,77,26
19296,ECG,0,0,0,0,0,0,0
19296,ECG,1,-1,0,0,0,0,0
19296,ECG,2,-4,0,0,0,0,0
19296,ECG,3,0,0,0,0,0,0
19296,ECG,4,3,0,0,0,0,0
19306,ECG,5,-9,0,0,0,0,0
19306,ECG,6,17,0,0,0,0,0
19306,ECG,7,-5,0,0,0,0,0
19306,ECG,8,-22,0,0,0,0,0
19306,ECG,9,78,0,0,0,0,0
19315,ECG,10,-395,0,0,0,0,0
19315,ECG,11,-1230,0,0,0,0,0
19315,ECG,12,-1093,0,0,0,0,0
19315,ECG,13,65,0,0,0,0,0
19315,ECG,14,2119,0,0,0,0,0
19325,ECG,15,5087,0,0,0,0,0
19325,ECG,16,8425,0,0,0,0,0
19325,ECG,17,11809,0,0,0,0,0
19325,ECG,18,14636,0,0,0,0,0
19325,ECG,19,16498,0,0,0,0,0
19335,ECG,20,17520,0,0,0,0,0
19335,ECG,21,17897,0,0,0,0,0
19335,ECG,22,17613,0,0,0,0,0
19335,ECG,23,17122,0,0,0,0,0
19335,ECG,24,17490,0,0,0,0,0
19345,ECG,25,17996,0,0,0,0,0
19345,ECG,26,17879,0,0,0,0,0
19345,ECG,27,17701,0,0,0,0,0
19345,ECG,28,17304,0,0,0,0,0
19345,ECG,29,16756,0,0,0,0,0
19355,ECG,30,16375,0,0,0,0,0
19355,ECG,31,16289,0,0,0,0,0
19355,ECG,32,16396,0,0,0,0,0
19355,ECG,33,16569,0,0,0,0,0
19355,ECG,34,17174,0,0,0,0,0
19364,ECG,35,17643,0,0,0,0,0
19364,ECG,36,17635,0,0,0,0,0
19364,ECG,37,17445,0,0,0,0,0
19364,ECG,38,16822,0,0,0,0,0
19364,ECG,39,16079,0,0,0,0,0
19374,ECG,40,15455,0,0,0,0,0
19374,ECG,41,15049,0,0,0,0,0
19374,ECG,42,15142,0,0,0,0,0
19374,ECG,43,15576,0,0,0,0,0
19374,ECG,44,16267,0,0,0,0,0
19384,ECG,45,16845,0,0,0,0,0
19384,ECG,46,16959,0,0,0,0,0
19384,ECG,47,16628,0,0,0,0,0
19384,ECG,48,15865,0,0,0,0,0
19384,ECG,49,15155,0,0,0,0,0
19394,ECG,50,14667,0,0,0,0,0
19394,ECG,51,14324,0,0,0,0,0
19394,ECG,52,14364,0,0,0,0,0
19394,ECG,53,14686,0,0,0,0,0
19394,ECG,54,15172,0,0,0,0,0
19404,ECG,55,15558,0,0,0,0,0
19404,ECG,56,15574,0,0,0,0,0
19404,ECG,57,15225,0,0,0,0,0
19404,ECG,58,14515,0,0,0,0,0
19404,ECG,59,13880,0,0,0,0,0
19413,ECG,60,13540,0,0,0,0,0
19413,ECG,61,13453,0,0,0,0,0
19413,ECG,62,13612,0,0,0,0,0
19413,ECG,63,13874,0,0,0,0,0
19413,ECG,64,14391,0,0,0,0,0
19423,ECG,65,14851,0,0,0,0,0
19423,ECG,66,14878,0,0,0,0,0
19423,ECG,67,14548,0,0,0,0,0
19423,ECG,68,13803,0,0,0,0,0
19423,ECG,69,13069,0,0,0,0,0
19433,ECG,70,12659,0,0,0,0,0
19433,ECG,71,12495,0,0,0,0,0
19433,ECG,72,12588,0,0,0,0,0
19433,ECG,73,12869,0,0,0,0,0
19433,ECG,74,13360,0,0,0,0,0
19443,ECG,75,13756,0,0,0,0,0
19443,ECG,76,13908,0,0,0,0,0
19443,ECG,77,13852,0,0,0,0,0
19443,ECG,78,13233,0,0,0,0,0
19443,ECG,79,12483,0,0,0,0,0
19452,ECG,80,11991,0,0,0,0,0
19452,ECG,81,11621,0,0,0,0,0
19452,ECG,82,11529,0,0,0,0,0
19452,ECG,83,11604,0,0,0,0,0
19452,ECG,84,11928,0,0,0,0,0
19462,ECG,85,12290,0,0,0,0,0
19462,ECG,86,12420,0,0,0,0,0
19462,ECG,87,12363,0,0,0,0,0
19462,ECG,88,11795,0,0,0,0,0
19462,ECG,89,11210,0,0,0,0,0
19472,ECG,90,10733,0,0,0,0,0
19472,ECG,91,10256,0,0,0,0,0
19472,ECG,92,10222,0,0,0,0,0
19472,ECG,93,10360,0,0,0,0,0
19472,ECG,94,10745,0,0,0,0,0
19482,ECG,95,11170,0,0,0,0,0
19482,ECG,96,11313,0,0,0,0,0
19482,ECG,97,11246,0,0,0,0,0
19482,ECG,98,10850,0,0,0,0,0
19482,ECG,99,10561,0,0,0,0,0
19492,ECG,100,10328,0,0,0,0,0
19492,ECG,101,10178,0,0,0,0,0
19492,ECG,102,10306,0,0,0,0,0
19492,ECG,103,10425,0,0,0,0,0
19492,ECG,104,10817,0,0,0,0,0
19501,ECG,105,11166,0,0,0,0,0
19501,ECG,106,11182,0,0,0,0,0
19501,ECG,107,11035,0,0,0,0,0
19501,ECG,108,10498,0,0,0,0,0
19501,ECG,109,10020,0,0,0,0,0
19511,ECG,110,9755,0,0,0,0,0
19511,ECG,111,9556,0,0,0,0,0
19511,ECG,112,9543,0,0,0,0,0
19511,ECG,113,9576,0,0,0,0,0
19511,ECG,114,9892,0,0,0,0,0
19521,ECG,115,10271,0,0,0,0,0
19521,ECG,116,10367,0,0,0,0,0
19521,ECG,117,10249,0,0,0,0,0
19521,ECG,118,9771,0,0,0,0,0
19521,ECG,119,9305,0,0,0,0,0
19531,ECG,120,9036,0,0,0,0,0
19531,ECG,121,8917,0,0,0,0,0
19531,ECG,122,8979,0,0,0,0,0
19531,ECG,123,9072,0,0,0,0,0
19531,ECG,124,9458,0,0,0,0,0
19541,ECG,125,9843,0,0,0,0,0
19541,ECG,126,9948,0,0,0,0,0
19541,ECG,127,9938,0,0,0,0,0
19541,ECG,128,9440,0,0,0,0,0
19541,ECG,129,8854,0,0,0,0,0
19550,ECG,130,8518,0,0,0,0,0
19550,ECG,131,8162,0,0,0,0,0
19550,ECG,132,7949,0,0,0,0,0
19550,ECG,133,7962,0,0,0,0,0
19550,ECG,134,8298,0,0,0,0,0
19560,ECG,135,8683,0,0,0,0,0
19560,ECG,136,8992,0,0,0,0,0
19560,ECG,137,9223,0,0,0,0,0
19560,ECG,138,8922,0,0,0,0,0
19560,ECG,139,8478,0,0,0,0,0
19570,ECG,140,8079,0,0,0,0,0
19570,ECG,141,7664,0,0,0,0,0
19570,ECG,142,7487,0,0,0,0,0
19570,ECG,143,7440,0,0,0,0,0
19570,ECG,144,7752,0,0,0,0,0
19580,ECG,145,8264,0,0,0,0,0
19580,ECG,146,8680,0,0,0,0,0
19580,ECG,147,8972,0,0,0,0,0
19580,ECG,148,8767,0,0,0,0,0
19580,ECG,149,8364,0,0,0,0,0
19589,ECG,150,7876,0,0,0,0,0
19589,ECG,151,7259,0,0,0,0,0
19590,ECG,152,6912,0,0,0,0,0
19590,ECG,153,6737,0,0,0,0,0
19590,ECG,154,6883,0,0,0,0,0
19599,ECG,155,7211,0,0,0,0,0
19599,ECG,156,7532,0,0,0,0,0
19599,ECG,157,7843,0,0,0,0,0
19599,ECG,158,7684,0,0,0,0,0
19599,ECG,159,7428,0,0,0,0,0
19609,ECG,160,7097,0,0,0,0,0
19609,ECG,161,6584,0,0,0,0,0
19609,ECG,162,6349,0,0,0,0,0
19609,ECG,163,6250,0,0,0,0,0
19609,ECG,164,6462,0,0,0,0,0
19619,ECG,165,6857,0,0,0,0,0
19619,ECG,166,7160,0,0,0,0,0
19619,ECG,167,7308,0,0,0,0,0
19619,ECG,168,7173,0,0,0,0,0
19619,ECG,169,7095,0,0,0,0,0
19629,ECG,170,6871,0,0,0,0,0
19629,ECG,171,6599,0,0,0,0,0
19629,ECG,172,6590,0,0,0,0,0
19629,ECG,173,6550,0,0,0,0,0
19629,ECG,174,6697,0,0,0,0,0
19638,ECG,175,6920,0,0,0,0,0
19638,ECG,176,6999,0,0,0,0,0
19638,ECG,177,6980,0,0,0,0,0
19638,ECG,178,6704,0,0,0,0,0
19638,ECG,179,6506,0,0,0,0,0
19648,ECG,180,6389,0,0,0,0,0
19648,ECG,181,6231,0,0,0,0,0
19648,ECG,182,6183,0,0,0,0,0
19648,ECG,183,6132,0,0,0,0,0
19648,ECG,184,6228,0,0,0,0,0
19658,ECG,185,6370,0,0,0,0,0
19658,ECG,186,6516,0,0,0,0,0
19658,ECG,187,6711,0,0,0,0,0
19658,ECG,188,6585,0,0,0,0,0
19658,ECG,189,6358,0,0,0,0,0
19668,ECG,190,6213,0,0,0,0,0
19668,ECG,191,5984,0,0,0,0,0
19668,ECG,192,5696,0,0,0,0,0
19668,ECG,193,5512,0,0,0,0,0
19668,ECG,194,5672,0,0,0,0,0
19678,ECG,195,5906,0,0,0,0,0
19678,ECG,196,6151,0,0,0,0,0
19678,ECG,197,6492,0,0,0,0,0
19678,ECG,198,6567,0,0,0,0,0
19678,ECG,199,6493,0,0,0,0,0
19687,ECG,200,6217,0,0,0,0,0
19687,ECG,201,5688,0,0,0,0,0
19687,ECG,202,5290,0,0,0,0,0
19687,ECG,203,4988,0,0,0,0,0
19687,ECG,204,4908,0,0,0,0,0
19697,ECG,205,5064,0,0,0,0,0
19697,ECG,206,5305,0,0,0,0,0
19697,ECG,207,5553,0,0,0,0,0
19697,ECG,208,5616,0,0,0,0,0
19697,ECG,209,5663,0,0,0,0,0
19707,ECG,210,5543,0,0,0,0,0
19707,ECG,211,5251,0,0,0,0,0
19707,ECG,212,5070,0,0,0,0,0
19707,ECG,213,4888,0,0,0,0,0
19707,ECG,214,4836,0,0,0,0,0
19717,ECG,215,4954,0,0,0,0,0
19717,ECG,216,5197,0,0,0,0,0
19717,ECG,217,5398,0,0,0,0,0
19717,ECG,218,5465,0,0,0,0,0
19717,ECG,219,5681,0,0,0,0,0
19727,ECG,220,5726,0,0,0,0,0
19727,ECG,221,5513,0,0,0,0,0
19727,ECG,222,5367,0,0,0,0,0
19727,ECG,223,5124,0,0,0,0,0
19727,ECG,224,4829,0,0,0,0,0
19736,ECG,225,4656,0,0,0,0,0
19736,ECG,226,4625,0,0,0,0,0
19736,ECG,227,4698,0,0,0,0,0
19736,ECG,228,4836,0,0,0,0,0
19736,ECG,229,5126,0,0,0,0,0
19746,ECG,230,5317,0,0,0,0,0
19746,ECG,231,5260,0,0,0,0,0
19746,ECG,232,5080,0,0,0,0,0
19746,ECG,233,4750,0,0,0,0,0
19746,ECG,234,4468,0,0,0,0,0
19756,ECG,235,4276,0,0,0,0,0
19756,ECG,236,4176,0,0,0,0,0
19756,ECG,237,4289,0,0,0,0,0
19756,ECG,238,4516,0,0,0,0,0
19756,ECG,239,4843,0,0,0,0,0
19766,ECG,240,5059,0,0,0,0,0
19766,ECG,241,5018,0,0,0,0,0
19766,ECG,242,4815,0,0,0,0,0
19766,ECG,243,4413,0,0,0,0,0
19766,ECG,244,4037,0,0,0,0,0
19775,ECG,245,3812,0,0,0,0,0
19775,ECG,246,3794,0,0,0,0,0
19775,ECG,247,4113,0,0,0,0,0
19775,ECG,248,4440,0,0,0,0,0
19775,ECG,249,4696,0,0,0,0,0
19785,ECG,250,4815,0,0,0,0,0
19785,ECG,251,4599,0,0,0,0,0
19785,ECG,252,4214,0,0,0,0,0
19785,ECG,253,3576,0,0,0,0,0
19785,ECG,254,2917,0,0,0,0,0
19795,ECG,255,2606,0,0,0,0,0
19795,ECG,256,2665,0,0,0,0,0
19795,ECG,257,3048,0,0,0,0,0
19795,ECG,258,3527,0,0,0,0,0
19795,ECG,259,4127,0,0,0,0,0
19805,ECG,260,4475,0,0,0,0,0
19805,ECG,261,4358,0,0,0,0,0
19805,ECG,262,4163,0,0,0,0,0
19805,ECG,263,3740,0,0,0,0,0
19805,ECG,264,3257,0,0,0,0,0
19815,ECG,265,2911,0,0,0,0,0
19815,ECG,266,2796,0,0,0,0,0
19815,ECG,267,3151,0,0,0,0,0
19815,ECG,268,3580,0,0,0,0,0
19815,ECG,269,3945,0,0,0,0,0
19824,ECG,270,4096,0,0,0,0,0
19824,ECG,271,3862,0,0,0,0,0
19824,ECG,272,3505,0,0,0,0,0
19824,ECG,273,2990,0,0,0,0,0
19824,ECG,274,2499,0,0,0,0,0
19834,ECG,275,2298,0,0,0,0,0
19834,ECG,276,2427,0,0,0,0,0
19834,ECG,277,2820,0,0,0,0,0
19834,ECG,278,3398,0,0,0,0,0
19834,ECG,279,4148,0,0,0,0,0
19844,ECG,280,4490,0,0,0,0,0
19844,ECG,281,4348,0,0,0,0,0
19844,ECG,282,4105,0,0,0,0,0
19844,ECG,283,3545,0,0,0,0,0
19844,ECG,284,3005,0,0,0,0,0
19854,ECG,285,2741,0,0,0,0,0
19854,ECG,286,2528,0,0,0,0,0
19854,ECG,287,2565,0,0,0,0,0
19854,ECG,288,2864,0,0,0,0,0
19854,ECG,289,3253,0,0,0,0,0
19864,ECG,290,3540,0,0,0,0,0
19864,ECG,291,3578,0,0,0,0,0
19864,ECG,292,3408,0,0,0,0,0
19864,ECG,293,3021,0,0,0,0,0
19864,ECG,294,2601,0,0,0,0,0
19873,ECG,295,2372,0,0,0,0,0
19873,ECG,296,2435,0,0,0,0,0
19873,ECG,297,2673,0,0,0,0,0
19873,ECG,298,2963,0,0,0,0,0
19873,ECG,299,3481,0,0,0,0,0
19883,ECG,300,3910,0,0,0,0,0
19883,ECG,301,3946,0,0,0,0,0
19883,ECG,302,3714,0,0,0,0,0
19883,ECG,303,3171,0,0,0,0,0
19883,ECG,304,2606,0,0,0,0,0
19893,ECG,305,2245,0,0,0,0,0
19893,ECG,306,2059,0,0,0,0,0
19893,ECG,307,2178,0,0,0,0,0
19893,ECG,308,2496,0,0,0,0,0
19893,ECG,309,2923,0,0,0,0,0
19903,ECG,310,3230,0,0,0,0,0
19903,ECG,311,3248,0,0,0,0,0
19903,ECG,312,3095,0,0,0,0,0
19903,ECG,313,2616,0,0,0,0,0
19903,ECG,314,2047,0,0,0,0,0
19912,ECG,315,1733,0,0,0,0,0
19912,ECG,316,1686,0,0,0,0,0
19912,ECG,317,1904,0,0,0,0,0
19912,ECG,318,2262,0,0,0,0,0
19912,ECG,319,2760,0,0,0,0,0
19922,ECG,320,3085,0,0,0,0,0
19922,ECG,321,3114,0,0,0,0,0
19922,ECG,322,2938,0,0,0,0,0
19922,ECG,323,2312,0,0,0,0,0
19922,ECG,324,1778,0,0,0,0,0
19932,ECG,325,1455,0,0,0,0,0
19932,ECG,326,1090,0,0,0,0,0
19932,ECG,327,1085,0,0,0,0,0
19932,ECG,328,1379,0,0,0,0,0
19932,ECG,329,1847,0,0,0,0,0
19942,ECG,330,2233,0,0,0,0,0
19942,ECG,331,2366,0,0,0,0,0
19942,ECG,332,2373,0,0,0,0,0
19942,ECG,333,2170,0,0,0,0,0
19942,ECG,334,1902,0,0,0,0,0
19952,ECG,335,1671,0,0,0,0,0
19952,ECG,336,1700,0,0,0,0,0
19952,ECG,337,1931,0,0,0,0,0
19952,ECG,338,2157,0,0,0,0,0
19952,ECG,339,2669,0,0,0,0,0
19961,ECG,340,3120,0,0,0,0,0
19961,ECG,341,3172,0,0,0,0,0
19961,ECG,342,2978,0,0,0,0,0
19961,ECG,343,2456,0,0,0,0,0
19961,ECG,344,1873,0,0,0,0,0
19971,ECG,345,1528,0,0,0,0,0
19971,ECG,346,1405,0,0,0,0,0
19971,ECG,347,1559,0,0,0,0,0
19971,ECG,348,1953,0,0,0,0,0
19971,ECG,349,2496,0,0,0,0,0
19981,ECG,350,2907,0,0,0,0,0
19981,ECG,351,2995,0,0,0,0,0
19981,ECG,352,2817,0,0,0,0,0
19981,ECG,353,2310,0,0,0,0,0
19981,ECG,354,1725,0,0,0,0,0
19991,ECG,355,1380,0,0,0,0,0
19991,ECG,356,1283,0,0,0,0,0
19991,ECG,357,1435,0,0,0,0,0
19991,ECG,358,1820,0,0,0,0,0
19991,ECG,359,2377,0,0,0,0,0
20001,ECG,360,2768,0,0,0,0,0
20001,ECG,361,2858,0,0,0,0,0
20001,ECG,362,2761,0,0,0,0,0
20001,ECG,363,2249,0,0,0,0,0
20001,ECG,364,1633,0,0,0,0,0
20010,ECG,365,1240,0,0,0,0,0
20010,ECG,366,903,0,0,0,0,0
20010,ECG,367,814,0,0,0,0,0
20010,ECG,368,1088,0,0,0,0,0
20010,ECG,369,1551,0,0,0,0,0
20020,ECG,370,1897,0,0,0,0,0
20020,ECG,371,2147,0,0,0,0,0
20020,ECG,372,2282,0,0,0,0,0
20020,ECG,373,1983,0,0,0,0,0
20020,ECG,374,1602,0,0,0,0,0
20030,ECG,375,1290,0,0,0,0,0
20030,ECG,376,964,0,0,0,0,0
20030,ECG,377,873,0,0,0,0,0
20030,ECG,378,1014,0,0,0,0,0
20030,ECG,379,1360,0,0,0,0,0
20040,ECG,380,1775,0,0,0,0,0
20040,ECG,381,2062,0,0,0,0,0
20040,ECG,382,2080,0,0,0,0,0
20040,ECG,383,1881,0,0,0,0,0
20040,ECG,384,1726,0,0,0,0,0
20049,ECG,385,1479,0,0,0,0,0
20050,ECG,386,1208,0,0,0,0,0
20050,ECG,387,1174,0,0,0,0,0
20050,ECG,388,1251,0,0,0,0,0
20050,ECG,389,1505,0,0,0,0,0
20059,ECG,390,1787,0,0,0,0,0
20059,ECG,391,1822,0,0,0,0,0
20059,ECG,392,1721,0,0,0,0,0
20059,ECG,393,1456,0,0,0,0,0
20059,ECG,394,1152,0,0,0,0,0
20069,ECG,395,958,0,0,0,0,0
20069,ECG,396,870,0,0,0,0,0
20069,ECG,397,900,0,0,0,0,0
20069,ECG,398,1036,0,0,0,0,0
20069,ECG,399,1403,0,0,0,0,0
20079,ECG,400,1746,0,0,0,0,0
20079,ECG,401,1837,0,0,0,0,0
20079,ECG,402,1753,0,0,0,0,0
20079,ECG,403,1411,0,0,0,0,0
20079,ECG,404,1104,0,0,0,0,0
20089,ECG,405,945,0,0,0,0,0
20089,ECG,406,794,0,0,0,0,0
20089,ECG,407,779,0,0,0,0,0
20089,ECG,408,902,0,0,0,0,0
20089,ECG,409,1195,0,0,0,0,0
20098,ECG,410,1468,0,0,0,0,0
20098,ECG,411,1563,0,0,0,0,0
20098,ECG,412,1502,0,0,0,0,0
20098,ECG,413,1200,0,0,0,0,0
20098,ECG,414,977,0,0,0,0,0
20108,ECG,415,897,0,0,0,0,0
20108,ECG,416,812,0,0,0,0,0
20108,ECG,417,818,0,0,0,0,0
20108,ECG,418,897,0,0,0,0,0
20108,ECG,419,1160,0,0,0,0,0
20118,ECG,420,1423,0,0,0,0,0
20118,ECG,421,1486,0,0,0,0,0
20118,ECG,422,1428,0,0,0,0,0
20118,ECG,423,1192,0,0,0,0,0
20118,ECG,424,943,0,0,0,0,0
20128,ECG,425,806,0,0,0,0,0
20128,ECG,426,789,0,0,0,0,0
20128,ECG,427,843,0,0,0,0,0
20128,ECG,428,947,0,0,0,0,0
20128,ECG,429,1266,0,0,0,0,0
20138,ECG,430,1532,0,0,0,0,0
20138,ECG,431,1656,0,0,0,0,0
20138,ECG,432,1745,0,0,0,0,0
20138,ECG,433,1495,0,0,0,0,0
20138,ECG,434,1164,0,0,0,0,0
20147,ECG,435,963,0,0,0,0,0
20147,ECG,436,660,0,0,0,0,0
20147,ECG,437,411,0,0,0,0,0
20147,ECG,438,362,0,0,0,0,0
20147,ECG,439,500,0,0,0,0,0
20157,ECG,440,676,0,0,0,0,0
20157,ECG,441,957,0,0,0,0,0
20157,ECG,442,1258,0,0,0,0,0
20157,ECG,443,1201,0,0,0,0,0
20157,ECG,444,1112,0,0,0,0,0
20167,ECG,445,979,0,0,0,0,0
20167,ECG,446,532,0,0,0,0,0
20167,ECG,447,110,0,0,0,0,0
20167,ECG,448,-43,0,0,0,0,0
20167,ECG,449,106,0,0,0,0,0
20177,ECG,450,406,0,0,0,0,0
20177,ECG,451,887,0,0,0,0,0
20177,ECG,452,1429,0,0,0,0,0
20177,ECG,453,1688,0,0,0,0,0
20177,ECG,454,1740,0,0,0,0,0
21187,ECG,455,0,0,0,0,0,0
21187,ECG,456,-1,0,0,0,0,0
21187,ECG,457,-3,0,0,0,0,0
21187,ECG,458,0,0,0,0,0,0
21187,ECG,459,3,0,0,0,0,0
21197,ECG,460,-7,0,0,0,0,0
21197,ECG,461,17,0,0,0,0,0
21197,ECG,462,-8,0,0,0,0,0
21197,ECG,463,-9,0,0,0,0,0
21197,ECG,464,64,0,0,0,0,0
21206,ECG,465,-374,0,0,0,0,0
21206,ECG,466,-1171,0,0,0,0,0
21206,ECG,467,-1356,0,0,0,0,0
21206,ECG,468,-361,0,0,0,0,0
21206,ECG,469,2007,0,0,0,0,0
21216,ECG,470,5440,0,0,0,0,0
21216,ECG,471,9475,0,0,0,0,0
21216,ECG,472,13541,0,0,0,0,0
21216,ECG,473,16844,0,0,0,0,0
21216,ECG,474,18782,0,0,0,0,0
21226,ECG,475,19420,0,0,0,0,0
21226,ECG,476,18898,0,0,0,0,0
21226,ECG,477,17271,0,0,0,0,0
21226,ECG,478,15884,0,0,0,0,0
21226,ECG,479,15703,0,0,0,0,0
21236,ECG,480,16268,0,0,0,0,0
21236,ECG,481,17095,0,0,0,0,0
21236,ECG,482,17686,0,0,0,0,0
21236,ECG,483,17874,0,0,0,0,0
21236,ECG,484,17736,0,0,0,0,0
21246,ECG,485,17267,0,0,0,0,0
21246,ECG,486,16476,0,0,0,0,0
21246,ECG,487,15507,0,0,0,0,0
21246,ECG,488,14799,0,0,0,0,0
21246,ECG,489,14644,0,0,0,0,0
21255,ECG,490,15095,0,0,0,0,0
21255,ECG,491,15816,0,0,0,0,0
21255,ECG,492,16343,0,0,0,0,0
21255,ECG,493,16590,0,0,0,0,0
21255,ECG,494,16504,0,0,0,0,0
21265,ECG,495,16097,0,0,0,0,0
21265,ECG,496,15439,0,0,0,0,0
21265,ECG,497,14583,0,0,0,0,0
21265,ECG,498,13821,0,0,0,0,0
21265,ECG,499,13452,0,0,0,0,0
21275,ECG,500,13795,0,0,0,0,0
21275,ECG,501,14721,0,0,0,0,0
21275,ECG,502,15585,0,0,0,0,0
21275,ECG,503,16121,0,0,0,0,0
21275,ECG,504,16298,0,0,0,0,0
21285,ECG,505,16052,0,0,0,0,0
21285,ECG,506,15382,0,0,0,0,0
21285,ECG,507,14308,0,0,0,0,0
21285,ECG,508,13195,0,0,0,0,0
21285,ECG,509,12629,0,0,0,0,0
21295,ECG,510,12830,0,0,0,0,0
21295,ECG,511,13541,0,0,0,0,0
21295,ECG,512,14401,0,0,0,0,0
21295,ECG,513,15135,0,0,0,0,0
21295,ECG,514,15394,0,0,0,0,0
21304,ECG,515,15068,0,0,0,0,0
21304,ECG,516,14400,0,0,0,0,0
21304,ECG,517,13434,0,0,0,0,0
21304,ECG,518,12393,0,0,0,0,0
21304,ECG,519,11822,0,0,0,0,0
21314,ECG,520,11976,0,0,0,0,0
21314,ECG,521,12771,0,0,0,0,0
21314,ECG,522,13711,0,0,0,0,0
21314,ECG,523,14339,0,0,0,0,0
21314,ECG,524,14584,0,0,0,0,0
21324,ECG,525,14396,0,0,0,0,0
21324,ECG,526,13811,0,0,0,0,0
21324,ECG,527,12877,0,0,0,0,0
21324,ECG,528,11782,0,0,0,0,0
21324,ECG,529,11042,0,0,0,0,0
21334,ECG,530,11034,0,0,0,0,0
21334,ECG,531,11717,0,0,0,0,0
21334,ECG,532,12625,0,0,0,0,0
21334,ECG,533,13308,0,0,0,0,0
21334,ECG,534,13606,0,0,0,0,0
21343,ECG,535,13491,0,0,0,0,0
21343,ECG,536,13022,0,0,0,0,0
21343,ECG,537,12125,0,0,0,0,0
21343,ECG,538,11030,0,0,0,0,0
21343,ECG,539,10362,0,0,0,0,0
21353,ECG,540,10361,0,0,0,0,0
21353,ECG,541,11039,0,0,0,0,0
21353,ECG,542,12076,0,0,0,0,0
21353,ECG,543,12873,0,0,0,0,0
21353,ECG,544,13200,0,0,0,0,0
21363,ECG,545,13076,0,0,0,0,0
21363,ECG,546,12564,0,0,0,0,0
21363,ECG,547,11720,0,0,0,0,0
21363,ECG,548,10644,0,0,0,0,0
21363,ECG,549,9717,0,0,0,0,0
21373,ECG,550,9492,0,0,0,0,0
21373,ECG,551,10059,0,0,0,0,0
21373,ECG,552,10920,0,0,0,0,0
21373,ECG,553,11615,0,0,0,0,0
21373,ECG,554,11997,0,0,0,0,0
21383,ECG,555,12006,0,0,0,0,0
21383,ECG,556,11634,0,0,0,0,0
21383,ECG,557,10966,0,0,0,0,0
21383,ECG,558,10025,0,0,0,0,0
21383,ECG,559,9141,0,0,0,0,0
21392,ECG,560,8808,0,0,0,0,0
21392,ECG,561,9200,0,0,0,0,0
21392,ECG,562,10107,0,0,0,0,0
21392,ECG,563,10901,0,0,0,0,0
21392,ECG,564,11272,0,0,0,0,0
21402,ECG,565,11290,0,0,0,0,0
21402,ECG,566,10971,0,0,0,0,0
21402,ECG,567,10315,0,0,0,0,0
21402,ECG,568,9308,0,0,0,0,0
21402,ECG,569,8423,0,0,0,0,0
21412,ECG,570,8076,0,0,0,0,0
21412,ECG,571,8291,0,0,0,0,0
21412,ECG,572,9045,0,0,0,0,0
21412,ECG,573,9841,0,0,0,0,0
21412,ECG,574,10267,0,0,0,0,0
21422,ECG,575,10315,0,0,0,0,0
21422,ECG,576,10049,0,0,0,0,0
21422,ECG,577,9559,0,0,0,0,0
21422,ECG,578,8804,0,0,0,0,0
21422,ECG,579,8021,0,0,0,0,0
21431,ECG,580,7620,0,0,0,0,0
21431,ECG,581,7830,0,0,0,0,0
21431,ECG,582,8571,0,0,0,0,0
21431,ECG,583,9307,0,0,0,0,0
21431,ECG,584,9767,0,0,0,0,0
21441,ECG,585,9947,0,0,0,0,0
21441,ECG,586,9748,0,0,0,0,0
21441,ECG,587,9271,0,0,0,0,0
21441,ECG,588,8500,0,0,0,0,0
21441,ECG,589,7526,0,0,0,0,0
21451,ECG,590,6955,0,0,0,0,0
21451,ECG,591,7176,0,0,0,0,0
21451,ECG,592,7999,0,0,0,0,0
21451,ECG,593,8943,0,0,0,0,0
21451,ECG,594,9651,0,0,0,0,0
21461,ECG,595,10008,0,0,0,0,0
21461,ECG,596,9895,0,0,0,0,0
21461,ECG,597,9384,0,0,0,0,0
21461,ECG,598,8512,0,0,0,0,0
21461,ECG,599,7374,0,0,0,0,0
21471,ECG,600,6537,0,0,0,0,0
21471,ECG,601,6404,0,0,0,0,0
21471,ECG,602,7058,0,0,0,0,0
21471,ECG,603,8065,0,0,0,0,0
21471,ECG,604,8771,0,0,0,0,0
21480,ECG,605,9113,0,0,0,0,0
21480,ECG,606,9043,0,0,0,0,0
21480,ECG,607,8597,0,0,0,0,0
21480,ECG,608,7822,0,0,0,0,0
21480,ECG,609,6746,0,0,0,0,0
21490,ECG,610,5971,0,0,0,0,0
21490,ECG,611,5864,0,0,0,0,0
21490,ECG,612,6447,0,0,0,0,0
21490,ECG,613,7450,0,0,0,0,0
21490,ECG,614,8309,0,0,0,0,0
21500,ECG,615,8749,0,0,0,0,0
21500,ECG,616,8644,0,0,0,0,0
21500,ECG,617,8172,0,0,0,0,0
21500,ECG,618,7379,0,0,0,0,0
21500,ECG,619,6168,0,0,0,0,0
21510,ECG,620,5185,0,0,0,0,0
21510,ECG,621,4917,0,0,0,0,0
21510,ECG,622,5394,0,0,0,0,0
21510,ECG,623,6530,0,0,0,0,0
21510,ECG,624,7645,0,0,0,0,0
21520,ECG,625,8338,0,0,0,0,0
21520,ECG,626,8671,0,0,0,0,0
21520,ECG,627,8515,0,0,0,0,0
21520,ECG,628,7823,0,0,0,0,0
21520,ECG,629,6749,0,0,0,0,0
22530,ECG,630,0,0,0,0,0,0
22530,ECG,631,-1,0,0,0,0,0
22530,ECG,632,-5,0,0,0,0,0
22530,ECG,633,3,0,0,0,0,0
22530,ECG,634,3,0,0,0,0,0
22540,ECG,635,-14,0,0,0,0,0
22540,ECG,636,34,0,0,0,0,0
22540,ECG,637,-29,0,0,0,0,0
22540,ECG,638,-8,0,0,0,0,0
22540,ECG,639,110,0,0,0,0,0
22549,ECG,640,-684,0,0,0,0,0
22549,ECG,641,-1482,0,0,0,0,0
22549,ECG,642,-907,0,0,0,0,0
22549,ECG,643,477,0,0,0,0,0
22549,ECG,644,2844,0,0,0,0,0
22559,ECG,645,6305,0,0,0,0,0
22559,ECG,646,9988,0,0,0,0,0
22559,ECG,647,13499,0,0,0,0,0
22559,ECG,648,16129,0,0,0,0,0
22559,ECG,649,17118,0,0,0,0,0
22569,ECG,650,17707,0,0,0,0,0
22569,ECG,651,18628,0,0,0,0,0
22569,ECG,652,19061,0,0,0,0,0
22569,ECG,653,20200,0,0,0,0,0
22569,ECG,654,22328,0,0,0,0,0
22579,ECG,655,23639,0,0,0,0,0
22579,ECG,656,23782,0,0,0,0,0
22579,ECG,657,22875,0,0,0,0,0
22579,ECG,658,20984,0,0,0,0,0
22579,ECG,659,18542,0,0,0,0,0
22589,ECG,660,16354,0,0,0,0,0
22589,ECG,661,15536,0,0,0,0,0
22589,ECG,662,16577,0,0,0,0,0
22589,ECG,663,18763,0,0,0,0,0
22589,ECG,664,20929,0,0,0,0,0
22598,ECG,665,22494,0,0,0,0,0
22598,ECG,666,22842,0,0,0,0,0
22598,ECG,667,21966,0,0,0,0,0
22598,ECG,668,20269,0,0,0,0,0
22598,ECG,669,17765,0,0,0,0,0
22608,ECG,670,15516,0,0,0,0,0
22608,ECG,671,14588,0,0,0,0,0
22608,ECG,672,15341,0,0,0,0,0
22608,ECG,673,17531,0,0,0,0,0
22608,ECG,674,19825,0,0,0,0,0
22618,ECG,675,21378,0,0,0,0,0
22618,ECG,676,21861,0,0,0,0,0
22618,ECG,677,21079,0,0,0,0,0
22618,ECG,678,19218,0,0,0,0,0
22618,ECG,679,16622,0,0,0,0,0
22628,ECG,680,14132,0,0,0,0,0
22628,ECG,681,12755,0,0,0,0,0
22628,ECG,682,13297,0,0,0,0,0
22628,ECG,683,15527,0,0,0,0,0
22628,ECG,684,18113,0,0,0,0,0
22638,ECG,685,20060,0,0,0,0,0
22638,ECG,686,20897,0,0,0,0,0
22638,ECG,687,20420,0,0,0,0,0
22638,ECG,688,18804,0,0,0,0,0
22638,ECG,689,16365,0,0,0,0,0
22647,ECG,690,13637,0,0,0,0,0
22647,ECG,691,11736,0,0,0,0,0
22647,ECG,692,11778,0,0,0,0,0
22647,ECG,693,13717,0,0,0,0,0
22647,ECG,694,16380,0,0,0,0,0
22657,ECG,695,18545,0,0,0,0,0
22657,ECG,696,19621,0,0,0,0,0
22657,ECG,697,19461,0,0,0,0,0
22657,ECG,698,18139,0,0,0,0,0
22657,ECG,699,15867,0,0,0,0,0
22667,ECG,700,13164,0,0,0,0,0
22667,ECG,701,11135,0,0,0,0,0
22667,ECG,702,10805,0,0,0,0,0
22667,ECG,703,12416,0,0,0,0,0
22667,ECG,704,15135,0,0,0,0,0
22677,ECG,705,17546,0,0,0,0,0
22677,ECG,706,18860,0,0,0,0,0
22677,ECG,707,18911,0,0,0,0,0
22677,ECG,708,17750,0,0,0,0,0
22677,ECG,709,15564,0,0,0,0,0
22686,ECG,710,12777,0,0,0,0,0
22686,ECG,711,10477,0,0,0,0,0
22686,ECG,712,9817,0,0,0,0,0
22686,ECG,713,11152,0,0,0,0,0
22686,ECG,714,13777,0,0,0,0,0
22696,ECG,715,16359,0,0,0,0,0
22696,ECG,716,17900,0,0,0,0,0
22696,ECG,717,18146,0,0,0,0,0
22696,ECG,718,17178,0,0,0,0,0
22696,ECG,719,15109,0,0,0,0,0
22706,ECG,720,12413,0,0,0,0,0
22706,ECG,721,9977,0,0,0,0,0
22706,ECG,722,8928,0,0,0,0,0
22706,ECG,723,9996,0,0,0,0,0
22706,ECG,724,12539,0,0,0,0,0
22716,ECG,725,15197,0,0,0,0,0
22716,ECG,726,16960,0,0,0,0,0
22716,ECG,727,17439,0,0,0,0,0
22716,ECG,728,16651,0,0,0,0,0
22716,ECG,729,14698,0,0,0,0,0
22726,ECG,730,11970,0,0,0,0,0
22726,ECG,731,9367,0,0,0,0,0
22726,ECG,732,8086,0,0,0,0,0
22726,ECG,733,8838,0,0,0,0,0
22726,ECG,734,11252,0,0,0,0,0
22735,ECG,735,14105,0,0,0,0,0
22735,ECG,736,16133,0,0,0,0,0
22735,ECG,737,16879,0,0,0,0,0
22735,ECG,738,16276,0,0,0,0,0
22735,ECG,739,14404,0,0,0,0,0
22745,ECG,740,11753,0,0,0,0,0
22745,ECG,741,8950,0,0,0,0,0
22745,ECG,742,7154,0,0,0,0,0
22745,ECG,743,7494,0,0,0,0,0
22745,ECG,744,9677,0,0,0,0,0
22755,ECG,745,12484,0,0,0,0,0
22755,ECG,746,14744,0,0,0,0,0
22755,ECG,747,15809,0,0,0,0,0
22755,ECG,748,15557,0,0,0,0,0
22755,ECG,749,14059,0,0,0,0,0
22765,ECG,750,11611,0,0,0,0,0
22765,ECG,751,8837,0,0,0,0,0
22765,ECG,752,6867,0,0,0,0,0
22765,ECG,753,6775,0,0,0,0,0
22765,ECG,754,8646,0,0,0,0,0
22775,ECG,755,11515,0,0,0,0,0
22775,ECG,756,13999,0,0,0,0,0
22775,ECG,757,15298,0,0,0,0,0
22775,ECG,758,15272,0,0,0,0,0
22775,ECG,759,13929,0,0,0,0,0
22784,ECG,760,11527,0,0,0,0,0
22784,ECG,761,8658,0,0,0,0,0
22784,ECG,762,6384,0,0,0,0,0
22784,ECG,763,5874,0,0,0,0,0
22784,ECG,764,7446,0,0,0,0,0
22794,ECG,765,10298,0,0,0,0,0
22794,ECG,766,13008,0,0,0,0,0
22794,ECG,767,14578,0,0,0,0,0
22794,ECG,768,14791,0,0,0,0,0
22794,ECG,769,13722,0,0,0,0,0
22804,ECG,770,11495,0,0,0,0,0
22804,ECG,771,8536,0,0,0,0,0
22804,ECG,772,6136,0,0,0,0,0
22804,ECG,773,5388,0,0,0,0,0
22804,ECG,774,6357,0,0,0,0,0
22814,ECG,775,8740,0,0,0,0,0
22814,ECG,776,11387,0,0,0,0,0
22814,ECG,777,12995,0,0,0,0,0
22814,ECG,778,13317,0,0,0,0,0
22814,ECG,779,12441,0,0,0,0,0
22824,ECG,780,10559,0,0,0,0,0
22824,ECG,781,8094,0,0,0,0,0
22824,ECG,782,5789,0,0,0,0,0
22824,ECG,783,4791,0,0,0,0,0
22824,ECG,784,5907,0,0,0,0,0
22833,ECG,785,8550,0,0,0,0,0
22833,ECG,786,11246,0,0,0,0,0
22833,ECG,787,13203,0,0,0,0,0
22833,ECG,788,13958,0,0,0,0,0
22833,ECG,789,13145,0,0,0,0,0
22843,ECG,790,11184,0,0,0,0,0
22843,ECG,791,8506,0,0,0,0,0
22843,ECG,792,5730,0,0,0,0,0
22843,ECG,793,4156,0,0,0,0,0
22843,ECG,794,4673,0,0,0,0,0
22853,ECG,795,7030,0,0,0,0,0
22853,ECG,796,9934,0,0,0,0,0
22853,ECG,797,12167,0,0,0,0,0
22853,ECG,798,13149,0,0,0,0,0
22853,ECG,799,12620,0,0,0,0,0
22863,ECG,800,10886,0,0,0,0,0
22863,ECG,801,8341,0,0,0,0,0
22863,ECG,802,5557,0,0,0,0,0
22863,ECG,803,3708,0,0,0,0,0
22863,ECG,804,3737,0,0,0,0,0
22872,ECG,805,5734,0,0,0,0,0
22872,ECG,806,8646,0,0,0,0,0
22872,ECG,807,11113,0,0,0,0,0
22872,ECG,808,12366,0,0,0,0,0
22872,ECG,809,12172,0,0,0,0,0
22882,ECG,810,10790,0,0,0,0,0
22882,ECG,811,8386,0,0,0,0,0
22882,ECG,812,5579,0,0,0,0,0
22882,ECG,813,3573,0,0,0,0,0
22882,ECG,814,3167,0,0,0,0,0
22892,ECG,815,4822,0,0,0,0,0
22892,ECG,816,7815,0,0,0,0,0
22892,ECG,817,10570,0,0,0,0,0
22892,ECG,818,12139,0,0,0,0,0
22892,ECG,819,12309,0,0,0,0,0
22902,ECG,820,11170,0,0,0,0,0
22902,ECG,821,8737,0,0,0,0,0
22902,ECG,822,5688,0,0,0,0,0
22902,ECG,823,3172,0,0,0,0,0
22902,ECG,824,2133,0,0,0,0,0
22912,ECG,825,3316,0,0,0,0,0
22912,ECG,826,6104,0,0,0,0,0
22912,ECG,827,9052,0,0,0,0,0
22912,ECG,828,11112,0,0,0,0,0
22912,ECG,829,11633,0,0,0,0,0
22921,ECG,830,10775,0,0,0,0,0
22921,ECG,831,8825,0,0,0,0,0
22921,ECG,832,6052,0,0,0,0,0
22921,ECG,833,3398,0,0,0,0,0
22921,ECG,834,2047,0,0,0,0,0
22931,ECG,835,3006,0,0,0,0,0
22931,ECG,836,5724,0,0,0,0,0
22931,ECG,837,8686,0,0,0,0,0
22931,ECG,838,10904,0,0,0,0,0
22931,ECG,839,11632,0,0,0,0,0
22941,ECG,840,10926,0,0,0,0,0
22941,ECG,841,9017,0,0,0,0,0
22941,ECG,842,6243,0,0,0,0,0
22941,ECG,843,3541,0,0,0,0,0
22941,ECG,844,1856,0,0,0,0,0
22951,ECG,845,2269,0,0,0,0,0
22951,ECG,846,4622,0,0,0,0,0
22951,ECG,847,7624,0,0,0,0,0
22951,ECG,848,10058,0,0,0,0,0
22951,ECG,849,10960,0,0,0,0,0
22961,ECG,850,10471,0,0,0,0,0
22961,ECG,851,8836,0,0,0,0,0
22961,ECG,852,6182,0,0,0,0,0
22961,ECG,853,3395,0,0,0,0,0
22961,ECG,854,1530,0,0,0,0,0
22970,ECG,855,1633,0,0,0,0,0
22970,ECG,856,3748,0,0,0,0,0
22970,ECG,857,6742,0,0,0,0,0
22970,ECG,858,9346,0,0,0,0,0
22970,ECG,859,10496,0,0,0,0,0
22980,ECG,860,10175,0,0,0,0,0
22980,ECG,861,8685,0,0,0,0,0
22980,ECG,862,6168,0,0,0,0,0
22980,ECG,863,3375,0,0,0,0,0
22980,ECG,864,1308,0,0,0,0,0
22990,ECG,865,1087,0,0,0,0,0
22990,ECG,866,2921,0,0,0,0,0
22990,ECG,867,5767,0,0,0,0,0
22990,ECG,868,8391,0,0,0,0,0
22990,ECG,869,9705,0,0,0,0,0
23000,ECG,870,9569,0,0,0,0,0
23000,ECG,871,8282,0,0,0,0,0
23000,ECG,872,5938,0,0,0,0,0
23000,ECG,873,3170,0,0,0,0,0
23000,ECG,874,1037,0,0,0,0,0
23009,ECG,875,575,0,0,0,0,0
23009,ECG,876,2110,0,0,0,0,0
23009,ECG,877,4866,0,0,0,0,0
23009,ECG,878,7556,0,0,0,0,0
23009,ECG,879,9100,0,0,0,0,0
23019,ECG,880,9231,0,0,0,0,0
23019,ECG,881,8144,0,0,0,0,0
23019,ECG,882,5993,0,0,0,0,0
23019,ECG,883,3249,0,0,0,0,0
23019,ECG,884,946,0,0,0,0,0
23029,ECG,885,238,0,0,0,0,0
23029,ECG,886,1464,0,0,0,0,0
23029,ECG,887,3990,0,0,0,0,0
23029,ECG,888,6696,0,0,0,0,0
23029,ECG,889,8502,0,0,0,0,0
23039,ECG,890,8971,0,0,0,0,0
23039,ECG,891,8110,0,0,0,0,0
23039,ECG,892,6092,0,0,0,0,0
23039,ECG,893,3385,0,0,0,0,0
23039,ECG,894,932,0,0,0,0,0
23049,ECG,895,-129,0,0,0,0,0
23049,ECG,896,769,0,0,0,0,0
23049,ECG,897,3228,0,0,0,0,0
23049,ECG,898,5911,0,0,0,0,0
23049,ECG,899,7716,0,0,0,0,0
23058,ECG,900,8381,0,0,0,0,0
23058,ECG,901,7703,0,0,0,0,0
23058,ECG,902,5851,0,0,0,0,0
23058,ECG,903,3273,0,0,0,0,0
23058,ECG,904,743,0,0,0,0,0
23068,ECG,905,-498,0,0,0,0,0
23068,ECG,906,166,0,0,0,0,0
23068,ECG,907,2399,0,0,0,0,0
23068,ECG,908,5015,0,0,0,0,0
23068,ECG,909,6890,0,0,0,0,0
23078,ECG,910,7638,0,0,0,0,0
23078,ECG,911,7161,0,0,0,0,0
23078,ECG,912,5600,0,0,0,0,0
23078,ECG,913,3222,0,0,0,0,0
23078,ECG,914,797,0,0,0,0,0
23088,ECG,915,-774,0,0,0,0,0
23088,ECG,916,-585,0,0,0,0,0
23088,ECG,917,1779,0,0,0,0,0
23088,ECG,918,4850,0,0,0,0,0
23088,ECG,919,7311,0,0,0,0,0
23098,ECG,920,8781,0,0,0,0,0
23098,ECG,921,8776,0,0,0,0,0
23098,ECG,922,7391,0,0,0,0,0
23098,ECG,923,4954,0,0,0,0,0
23098,ECG,924,2003,0,0,0,0,0
23107,ECG,925,-394,0,0,0,0,0
23107,ECG,926,-1037,0,0,0,0,0
23107,ECG,927,573,0,0,0,0,0
23107,ECG,928,3533,0,0,0,0,0
23107,ECG,929,6467,0,0,0,0,0
23117,ECG,930,8303,0,0,0,0,0
23117,ECG,931,8611,0,0,0,0,0
23117,ECG,932,7561,0,0,0,0,0
23117,ECG,933,5289,0,0,0,0,0
23117,ECG,934,2376,0,0,0,0,0
23127,ECG,935,-178,0,0,0,0,0
23127,ECG,936,-1256,0,0,0,0,0
23127,ECG,937,-51,0,0,0,0,0
23127,ECG,938,2783,0,0,0,0,0
23127,ECG,939,5840,0,0,0,0,0
23137,ECG,940,7972,0,0,0,0,0
23137,ECG,941,8552,0,0,0,0,0
23137,ECG,942,7712,0,0,0,0,0
23137,ECG,943,5601,0,0,0,0,0
23137,ECG,944,2656,0,0,0,0,0
23146,ECG,945,-56,0,0,0,0,0
23146,ECG,946,-1498,0,0,0,0,0
23146,ECG,947,-814,0,0,0,0,0
23146,ECG,948,1845,0,0,0,0,0
23146,ECG,949,5134,0,0,0,0,0
23156,ECG,950,7692,0,0,0,0,0
23156,ECG,951,8694,0,0,0,0,0
23156,ECG,952,8172,0,0,0,0,0
23156,ECG,953,6419,0,0,0,0,0
23156,ECG,954,3661,0,0,0,0,0
23166,ECG,955,789,0,0,0,0,0
23166,ECG,956,-1072,0,0,0,0,0
23166,ECG,957,-864,0,0,0,0,0
23166,ECG,958,1428,0,0,0,0,0
23166,ECG,959,4516,0,0,0,0,0
23176,ECG,960,7205,0,0,0,0,0
23176,ECG,961,8460,0,0,0,0,0
23176,ECG,962,8101,0,0,0,0,0
23176,ECG,963,6346,0,0,0,0,0
23176,ECG,964,3448,0,0,0,0,0
23186,ECG,965,521,0,0,0,0,0
23186,ECG,966,-1509,0,0,0,0,0
23186,ECG,967,-1631,0,0,0,0,0
23186,ECG,968,491,0,0,0,0,0
23186,ECG,969,3636,0,0,0,0,0
23195,ECG,970,6555,0,0,0,0,0
23195,ECG,971,8156,0,0,0,0,0
23195,ECG,972,8038,0,0,0,0,0
23195,ECG,973,6470,0,0,0,0,0
23195,ECG,974,3803,0,0,0,0,0
23205,ECG,975,827,0,0,0,0,0
23205,ECG,976,-1529,0,0,0,0,0
23205,ECG,977,-2041,0,0,0,0,0
23205,ECG,978,-242,0,0,0,0,0
23205,ECG,979,2730,0,0,0,0,0
23215,ECG,980,5653,0,0,0,0,0
23215,ECG,981,7501,0,0,0,0,0
23215,ECG,982,7760,0,0,0,0,0
23215,ECG,983,6656,0,0,0,0,0
23215,ECG,984,4331,0,0,0,0,0
23225,ECG,985,1397,0,0,0,0,0
23225,ECG,986,-1088,0,0,0,0,0
23225,ECG,987,-2064,0,0,0,0,0
23225,ECG,988,-829,0,0,0,0,0
23225,ECG,989,1940,0,0,0,0,0
23235,ECG,990,5001,0,0,0,0,0
23235,ECG,991,7116,0,0,0,0,0
23235,ECG,992,7596,0,0,0,0,0
23235,ECG,993,6794,0,0,0,0,0
23235,ECG,994,4695,0,0,0,0,0
23244,ECG,995,1836,0,0,0,0,0
23244,ECG,996,-545,0,0,0,0,0
23244,ECG,997,-1635,0,0,0,0,0
23244,ECG,998,-601,0,0,0,0,0
23244,ECG,999,2225,0,0,0,0,0
23254,ECG,1000,5473,0,0,0,0,0
23254,ECG,1001,7725,0,0,0,0,0
23254,ECG,1002,8298,0,0,0,0,0
23254,ECG,1003,7453,0,0,0,0,0
23254,ECG,1004,5149,0,0,0,0,0
23264,ECG,1005,2127,0,0,0,0,0
23264,ECG,1006,-505,0,0,0,0,0
23264,ECG,1007,-1767,0,0,0,0,0
23264,ECG,1008,-850,0,0,0,0,0
23264,ECG,1009,1461,0,0,0,0,0
23274,ECG,1010,4287,0,0,0,0,0
23274,ECG,1011,6603,0,0,0,0,0
23274,ECG,1012,7212,0,0,0,0,0
23274,ECG,1013,6264,0,0,0,0,0
23274,ECG,1014,4217,0,0,0,0,0
23283,ECG,1015,1492,0,0,0,0,0
23283,ECG,1016,-1195,0,0,0,0,0
23283,ECG,1017,-2824,0,0,0,0,0
23283,ECG,1018,-2365,0,0,0,0,0
23283,ECG,1019,44,0,0,0,0,0
23293,ECG,1020,3157,0,0,0,0,0
23293,ECG,1021,5728,0,0,0,0,0
23293,ECG,1022,7081,0,0,0,0,0
23293,ECG,1023,7090,0,0,0,0,0
19301,PPG,0,130398,60249,0,0,0,0
19301,PPG,1,130384,60253,0,0,0,0
19301,PPG,2,130379,60253,0,0,0,0
19334,PPG,3,130387,60249,0,0,0,0
19417,PPG,4,130404,60254,0,0,0,0
19494,PPG,5,130399,60252,0,0,0,0
19572,PPG,6,130404,60271,0,0,0,0
19651,PPG,7,130392,60255,0,0,0,0
19730,PPG,8,130382,60258,0,0,0,0
19810,PPG,9,130398,60267,0,0,0,0
19889,PPG,10,130380,60262,0,0,0,0
19972,PPG,11,130408,60261,0,0,0,0
20048,PPG,12,130393,60257,0,0,0,0
20128,PPG,13,130397,60267,0,0,0,0
20207,PPG,14,130394,60258,0,0,0,0
20286,PPG,15,130400,60259,0,0,0,0
20366,PPG,16,130414,60264,0,0,0,0
20449,PPG,17,130394,60259,0,0,0,0
20535,PPG,18,130384,60255,0,0,0,0
20605,PPG,19,130395,60251,0,0,0,0
20684,PPG,20,130401,60265,0,0,0,0
20764,PPG,21,130397,60252,0,0,0,0
20843,PPG,22,130399,60259,0,0,0,0
20923,PPG,23,130393,60263,0,0,0,0
21006,PPG,24,130390,60256,0,0,0,0
21083,PPG,25,130398,60256,0,0,0,0
21161,PPG,26,130398,60268,0,0,0,0
21241,PPG,27,130395,60255,0,0,0,0
21320,PPG,28,130392,60276,0,0,0,0
21409,PPG,29,130387,60257,0,0,0,0
21483,PPG,30,130402,60266,0,0,0,0
21561,PPG,31,130390,60264,0,0,0,0
21638,PPG,32,130391,60258,0,0,0,0
21718,PPG,33,130390,60251,0,0,0,0
21797,PPG,34,130387,60261,0,0,0,0
21877,PPG,35,130378,60260,0,0,0,0
21956,PPG,36,130407,60263,0,0,0,0
22039,PPG,37,130387,60253,0,0,0,0
22117,PPG,38,130394,60258,0,0,0,0
22195,PPG,39,130389,60257,0,0,0,0
22278,PPG,40,130382,60257,0,0,0,0
22354,PPG,41,130391,60263,0,0,0,0
22433,PPG,42,130387,60259,0,0,0,0
22513,PPG,43,130384,60253,0,0,0,0
22595,PPG,44,130389,60256,0,0,0,0
22672,PPG,45,130391,60255,0,0,0,0
22751,PPG,46,130389,60258,0,0,0,0
22831,PPG,47,130394,60259,0,0,0,0
22910,PPG,48,130388,60270,0,0,0,0
22989,PPG,49,130400,60259,0,0,0,0
23073,PPG,50,130399,60268,0,0,0,0
23156,PPG,51,130389,60246,0,0,0,0
23227,PPG,52,130383,60258,0,0,0,0
23309,PPG,53,130379,60248,0,0,0,0
23403,PPG,54,130388,60267,0,0,0,0
23467,PPG,55,130394,60258,0,0,0,0
23550,PPG,56,130399,60256,0,0,0,0
23629,PPG,57,130403,60256,0,0,0,0
23707,PPG,58,130389,60256,0,0,0,0
23786,PPG,59,130390,60249,0,0,0,0
23865,PPG,60,130385,60260,0,0,0,0
23943,PPG,61,130390,60261,0,0,0,0
24032,PPG,62,130392,60261,0,0,0,0
24105,PPG,63,130396,60262,0,0,0,0
24183,PPG,64,130386,60259,0,0,0,0
24261,PPG,65,130388,60256,0,0,0,0
24340,PPG,66,130387,60255,0,0,0,0
24420,PPG,67,130379,60239,0,0,0,0
24499,PPG,68,130384,60256,0,0,0,0
24579,PPG,69,130397,60257,0,0,0,0
24662,PPG,70,130381,60253,0,0,0,0
24739,PPG,71,130387,60261,0,0,0,0
24817,PPG,72,130384,60254,0,0,0,0
24900,PPG,73,130391,60266,0,0,0,0
24976,PPG,74,130391,60256,0,0,0,0
25055,PPG,75,130389,60261,0,0,0,0
25139,PPG,76,130386,60254,0,0,0,0
25217,PPG,77,130378,60257,0,0,0,0
25294,PPG,78,130395,60250,0,0,0,0
25373,PPG,79,130395,60252,0,0,0,0
25452,PPG,80,130389,60249,0,0,0,0
25532,PPG,81,130395,60256,0,0,0,0
25611,PPG,82,130390,60265,0,0,0,0
25694,PPG,83,130388,60251,0,0,0,0
25777,PPG,84,130385,60258,0,0,0,0
25850,PPG,85,130393,60249,0,0,0,0
25929,PPG,86,130401,60250,0,0,0,0
26009,PPG,87,130382,60253,0,0,0,0
26088,PPG,88,130383,60261,0,0,0,0
26168,PPG,89,130389,60253,0,0,0,0
26251,PPG,90,130389,60257,0,0,0,0
26327,PPG,91,130380,60254,0,0,0,0
26407,PPG,92,130397,60247,0,0,0,0
26486,PPG,93,130380,60251,0,0,0,0
26566,PPG,94,130390,60261,0,0,0,0
26655,PPG,95,130397,60264,0,0,0,0
26728,PPG,96,130383,60264,0,0,0,0
26806,PPG,97,130390,60261,0,0,0,0
26883,PPG,98,130375,60256,0,0,0,0
26963,PPG,99,130384,60241,0,0,0,0
23282,IMU,208,1152,-344,8424,-89,56,47
23301,IMU,209,1136,-440,8364,-112,60,36
23320,IMU,210,1156,-432,8392,-88,52,29
23339,IMU,211,1160,-472,8476,-101,66,26
23362,IMU,212,1084,-420,8396,-99,64,48
23380,IMU,213,1072,-380,8452,-77,57,41
23403,IMU,214,1140,-432,8352,-91,43,52
23415,IMU,215,1052,-408,8424,-111,70,30
23435,IMU,216,1132,-420,8380,-91,78,35
23454,IMU,217,1044,-344,8464,-100,57,31
23473,IMU,218,1052,-312,8364,-86,61,32
23492,IMU,219,1088,-424,8408,-96,56,51
23511,IMU,220,944,-452,8432,-115,44,40
23530,IMU,221,1096,-364,8376,-94,60,25
23550,IMU,222,1172,-436,8412,-96,76,52
23569,IMU,223,1092,-296,8372,-109,68,43
23589,IMU,224,1088,-360,8444,-97,53,21
23607,IMU,225,1128,-336,8364,-72,65,49
23626,IMU,226,1056,-404,8448,-116,69,26
23645,IMU,227,1108,-392,8416,-95,55,45
23664,IMU,228,1180,-508,8480,-107,52,33
23683,IMU,229,1120,-404,8376,-96,60,44
23702,IMU,230,1096,-344,8412,-86,49,40
23721,IMU,231,1008,-388,8436,-101,55,45
23741,IMU,232,1012,-412,8432,-91,55,34
23760,IMU,233,1048,-332,8356,-99,58,44
23779,IMU,234,1080,-520,8348,-94,35,21
23801,IMU,235,1200,-456,8476,-87,53,33
23817,IMU,236,1220,-468,8424,-89,53,26
23836,IMU,237,1104,-480,8352,-98,73,34
23856,IMU,238,1152,-404,8356,-88,62,39
23875,IMU,239,1136,-432,8340,-98,52,52
23894,IMU,240,1124,-456,8368,-84,64,53
23913,IMU,241,1124,-440,8400,-99,51,47
23932,IMU,242,1072,-456,8420,-102,44,33
23951,IMU,243,1112,-380,8352,-96,52,42
23971,IMU,244,1052,-384,8404,-91,51,40
23990,IMU,245,1008,-408,8428,-84,62,32
24009,IMU,246,1100,-348,8416,-104,66,47
24029,IMU,247,1100,-416,8480,-102,56,39
24047,IMU,248,1128,-484,8428,-88,58,39
24066,IMU,249,1096,-488,8392,-105,54,37
24085,IMU,250,1080,-416,8340,-108,49,48
24105,IMU,251,1140,-384,8400,-97,67,60
24124,IMU,252,1124,-400,8432,-98,53,27
24143,IMU,253,1204,-456,8384,-101,56,61
24162,IMU,254,1136,-336,8420,-99,53,41
24181,IMU,255,1060,-472,8332,-88,67,39
24200,IMU,256,1088,-392,8532,-93,58,39
24220,IMU,257,1124,-400,8508,-98,50,29
24241,IMU,258,1064,-384,8464,-104,68,36
24258,IMU,259,1176,-436,8464,-101,67,43
24277,IMU,260,1204,-444,8476,-100,58,33
24296,IMU,261,1048,-316,8432,-99,69,29
24315,IMU,262,1124,-448,8468,-79,70,31
24335,IMU,263,1164,-396,8436,-93,58,43
24354,IMU,264,1056,-332,8472,-89,56,48
24373,IMU,265,1080,-364,8376,-89,65,38
24392,IMU,266,1064,-468,8352,-81,70,54
24411,IMU,267,916,-396,8452,-103,50,19
24430,IMU,268,1144,-404,8464,-106,51,48
24453,IMU,269,1104,-440,8452,-96,66,34
24469,IMU,270,1128,-344,8424,-94,61,43
24488,IMU,271,1032,-424,8400,-107,59,48
24507,IMU,272,1176,-364,8336,-97,69,39
24526,IMU,273,1108,-340,8388,-94,62,27
24545,IMU,274,1060,-380,8420,-102,65,29
24564,IMU,275,1064,-404,8412,-100,62,30
24584,IMU,276,1072,-412,8400,-104,57,51
24603,IMU,277,1172,-248,8388,-104,71,48
24622,IMU,278,1124,-516,8364,-86,65,50
24641,IMU,279,1104,-460,8404,-94,52,39
24662,IMU,280,1116,-508,8424,-96,69,34
24681,IMU,281,1072,-476,8356,-97,74,35
24698,IMU,282,1068,-360,8424,-93,52,44
24718,IMU,283,1124,-376,8436,-86,69,33
24737,IMU,284,1120,-348,8396,-101,77,39
24756,IMU,285,1120,-384,8396,-91,52,38
24775,IMU,286,1100,-404,8380,-94,80,42
24794,IMU,287,1208,-296,8440,-96,42,49
24813,IMU,288,1092,-400,8472,-90,63,51
24832,IMU,289,1152,-428,8432,-79,59,38
24852,IMU,290,1120,-444,8424,-97,69,46
24871,IMU,291,1120,-420,8420,-96,49,48
24892,IMU,292,1080,-488,8464,-94,62,51
24909,IMU,293,1008,-332,8396,-86,67,54
24928,IMU,294,1116,-352,8428,-95,70,25
24947,IMU,295,1072,-356,8388,-105,55,38
24966,IMU,296,1160,-464,8368,-85,44,34
24985,IMU,297,1088,-544,8420,-97,59,58
25004,IMU,298,1072,-500,8420,-92,56,33
25024,IMU,299,1044,-440,8348,-100,83,47
25043,IMU,300,992,-324,8352,-101,74,58
25062,IMU,301,1040,-448,8480,-111,55,52
25081,IMU,302,1120,-376,8388,-99,63,30
25100,IMU,303,1140,-404,8456,-93,62,44
25122,IMU,304,1184,-312,8468,-87,73,33
25139,IMU,305,1128,-404,8476,-101,59,42
25158,IMU,306,1112,-516,8364,-95,56,56
25177,IMU,307,1148,-384,8460,-89,54,33
25196,IMU,308,1136,-432,8416,-94,71,34
25215,IMU,309,1144,-364,8376,-111,50,44
25234,IMU,310,1092,-436,8468,-87,62,52
25253,IMU,311,1044,-376,8464,-93,54,28
25272,IMU,312,1072,-424,8444,-105,47,42
25291,IMU,313,1024,-440,8408,-102,72,23
25310,IMU,314,1076,-356,8412,-94,66,39
25333,IMU,315,1036,-460,8444,-91,45,57
25349,IMU,316,1084,-436,8404,-91,47,29
25368,IMU,317,1136,-412,8428,-99,59,31
25387,IMU,318,1048,-436,8416,-94,61,58
25406,IMU,319,1100,-372,8424,-94,55,24
25425,IMU,320,1196,-416,8424,-103,59,48
25444,IMU,321,1000,-328,8440,-99,58,35
25463,IMU,322,1164,-384,8440,-104,62,18
25482,IMU,323,1076,-436,8320,-100,52,30
25501,IMU,324,1120,-400,8408,-87,76,35
25521,IMU,325,1088,-364,8320,-112,49,22
25541,IMU,326,1132,-324,8352,-108,76,41
25561,IMU,327,1092,-464,8368,-98,56,33
25578,IMU,328,1072,-356,8440,-84,60,40
25597,IMU,329,1040,-436,8416,-100,61,35
25616,IMU,330,1128,-404,8400,-88,55,29
25636,IMU,331,1092,-444,8408,-86,63,35
25654,IMU,332,1168,-424,8428,-87,59,38
25674,IMU,333,1116,-388,8408,-92,58,37
25694,IMU,334,1032,-408,8404,-90,64,37
25712,IMU,335,1112,-396,8392,-96,71,44
25731,IMU,336,1096,-348,8396,-98,71,40
25750,IMU,337,1144,-344,8440,-89,60,39
25771,IMU,338,1140,-448,8428,-96,49,42
25789,IMU,339,1092,-444,8368,-107,65,43
25808,IMU,340,1068,-340,8380,-107,45,33
25827,IMU,341,1132,-428,8392,-96,49,20
25846,IMU,342,1092,-388,8496,-102,71,47
25865,IMU,343,1056,-368,8428,-103,73,26
25884,IMU,344,1060,-400,8376,-90,62,40
25904,IMU,345,1156,-332,8476,-95,60,25
25923,IMU,346,1064,-464,8372,-92,45,41
25942,IMU,347,1104,-432,8320,-86,54,37
25961,IMU,348,1132,-424,8412,-87,65,42
25984,IMU,349,1012,-324,8452,-86,59,33
26000,IMU,350,1072,-384,8400,-101,48,43
26019,IMU,351,1072,-440,8448,-97,61,43
26038,IMU,352,1052,-412,8408,-93,59,40
26057,IMU,353,1152,-444,8464,-118,60,40
26076,IMU,354,1108,-520,8392,-101,63,52
26095,IMU,355,1080,-308,8384,-115,52,50
26114,IMU,356,1100,-384,8412,-109,59,30
26133,IMU,357,1104,-392,8396,-101,59,33
26153,IMU,358,1104,-440,8412,-96,71,32
26172,IMU,359,1112,-428,8432,-94,44,37
26191,IMU,360,1048,-360,8452,-97,62,28
26211,IMU,361,1128,-500,8400,-97,57,37
26229,IMU,362,1120,-468,8484,-97,73,42
26248,IMU,363,1188,-448,8388,-108,65,30
26268,IMU,364,1044,-396,8388,-111,70,47
26287,IMU,365,1228,-308,8368,-105,69,47
26306,IMU,366,1072,-512,8368,-96,82,32
26325,IMU,367,1048,-452,8440,-90,59,24
26344,IMU,368,1092,-464,8320,-109,61,46
26363,IMU,369,1156,-356,8456,-73,50,32
26383,IMU,370,1104,-384,8368,-101,72,43
26402,IMU,371,1008,-408,8396,-107,57,47
26424,IMU,372,1048,-344,8436,-112,72,30
26440,IMU,373,984,-408,8464,-113,61,35
26459,IMU,374,1152,-496,8376,-95,61,53
26478,IMU,375,1096,-408,8412,-109,53,43
26497,IMU,376,1168,-388,8432,-98,70,30
26517,IMU,377,1052,-452,8368,-87,49,28
26536,IMU,378,1156,-380,8352,-97,48,42
26555,IMU,379,1132,-444,8400,-102,49,39
26574,IMU,380,1080,-360,8476,-104,60,40
26593,IMU,381,1128,-376,8428,-99,50,31
26612,IMU,382,1096,-388,8436,-96,66,46
26633,IMU,383,1004,-372,8488,-86,76,17
26653,IMU,384,1104,-424,8392,-79,81,34
26670,IMU,385,1012,-440,8420,-93,74,43
26689,IMU,386,1024,-432,8396,-102,66,52
26708,IMU,387,1192,-364,8448,-79,66,57
26728,IMU,388,1012,-356,8408,-106,79,36
26746,IMU,389,1088,-424,8508,-99,55,45
26766,IMU,390,976,-356,8468,-99,61,52
26785,IMU,391,1060,-480,8408,-109,62,47
26804,IMU,392,1112,-368,8408,-110,65,45
26823,IMU,393,1020,-448,8340,-83,61,39
26842,IMU,394,1312,-520,8376,-82,44,35
26863,IMU,395,1112,-412,8424,-85,48,57
26880,IMU,396,996,-436,8380,-92,79,44
26899,IMU,397,1152,-384,8468,-99,68,50
26918,IMU,398,1116,-308,8404,-114,64,23
26937,IMU,399,1032,-488,8436,-88,61,40
26957,IMU,400,1012,-436,8480,-93,76,30
26976,IMU,401,1132,-404,8416,-89,40,30
26995,IMU,402,1092,-360,8344,-87,60,35
27014,IMU,403,1064,-344,8424,-90,50,46
27033,IMU,404,984,-488,8424,-94,49,46
27052,IMU,405,1004,-392,8372,-94,57,34
27074,IMU,406,1160,-452,8340,-114,67,30
27093,IMU,407,1092,-416,8428,-104,58,39
27110,IMU,408,1036,-440,8324,-76,52,43
27129,IMU,409,1092,-396,8404,-97,74,23
27148,IMU,410,1176,-356,8420,-90,52,31
27167,IMU,411,1128,-432,8384,-92,75,16
27186,IMU,412,996,-416,8412,-97,62,40
27205,IMU,413,1100,-296,8452,-92,56,58
27224,IMU,414,1116,-252,8504,-98,66,39
27243,IMU,415,1060,-488,8556,-90,72,45
23293,ECG,1024,5596,0,0,0,0,0
23303,ECG,1025,2895,0,0,0,0,0
23303,ECG,1026,90,0,0,0,0,0
23303,ECG,1027,-1919,0,0,0,0,0
23303,ECG,1028,-2175,0,0,0,0,0
23303,ECG,1029,-239,0,0,0,0,0
23313,ECG,1030,2891,0,0,0,0,0
23313,ECG,1031,5851,0,0,0,0,0
23313,ECG,1032,7545,0,0,0,0,0
23313,ECG,1033,7583,0,0,0,0,0
23313,ECG,1034,6072,0,0,0,0,0
23323,ECG,1035,3359,0,0,0,0,0
23323,ECG,1036,271,0,0,0,0,0
23323,ECG,1037,-2189,0,0,0,0,0
23323,ECG,1038,-2849,0,0,0,0,0
23323,ECG,1039,-1232,0,0,0,0,0
23332,ECG,1040,1804,0,0,0,0,0
23332,ECG,1041,4984,0,0,0,0,0
23332,ECG,1042,7074,0,0,0,0,0
23332,ECG,1043,7475,0,0,0,0,0
23332,ECG,1044,6301,0,0,0,0,0
23342,ECG,1045,3834,0,0,0,0,0
23342,ECG,1046,753,0,0,0,0,0
23342,ECG,1047,-1928,0,0,0,0,0
23342,ECG,1048,-3018,0,0,0,0,0
23342,ECG,1049,-1874,0,0,0,0,0
23352,ECG,1050,868,0,0,0,0,0
23352,ECG,1051,4074,0,0,0,0,0
23352,ECG,1052,6465,0,0,0,0,0
23352,ECG,1053,7179,0,0,0,0,0
23352,ECG,1054,6280,0,0,0,0,0
23362,ECG,1055,4081,0,0,0,0,0
23362,ECG,1056,1173,0,0,0,0,0
23362,ECG,1057,-1501,0,0,0,0,0
23362,ECG,1058,-2911,0,0,0,0,0
23362,ECG,1059,-2227,0,0,0,0,0
23372,ECG,1060,359,0,0,0,0,0
23372,ECG,1061,3559,0,0,0,0,0
23372,ECG,1062,6024,0,0,0,0,0
23372,ECG,1063,7048,0,0,0,0,0
23372,ECG,1064,6525,0,0,0,0,0
23381,ECG,1065,4649,0,0,0,0,0
23381,ECG,1066,1848,0,0,0,0,0
23381,ECG,1067,-896,0,0,0,0,0
23381,ECG,1068,-2542,0,0,0,0,0
23381,ECG,1069,-2430,0,0,0,0,0
23391,ECG,1070,-260,0,0,0,0,0
23391,ECG,1071,2911,0,0,0,0,0
23391,ECG,1072,5623,0,0,0,0,0
23391,ECG,1073,7059,0,0,0,0,0
23391,ECG,1074,6813,0,0,0,0,0
23401,ECG,1075,5255,0,0,0,0,0
23401,ECG,1076,2712,0,0,0,0,0
23401,ECG,1077,-145,0,0,0,0,0
23401,ECG,1078,-2190,0,0,0,0,0
23401,ECG,1079,-2480,0,0,0,0,0
23411,ECG,1080,-616,0,0,0,0,0
23411,ECG,1081,2316,0,0,0,0,0
23411,ECG,1082,5149,0,0,0,0,0
23411,ECG,1083,6790,0,0,0,0,0
23411,ECG,1084,6565,0,0,0,0,0
23420,ECG,1085,5033,0,0,0,0,0
23420,ECG,1086,2379,0,0,0,0,0
23420,ECG,1087,-623,0,0,0,0,0
23420,ECG,1088,-2804,0,0,0,0,0
23420,ECG,1089,-3425,0,0,0,0,0
23430,ECG,1090,-1743,0,0,0,0,0
23430,ECG,1091,1413,0,0,0,0,0
23430,ECG,1092,4566,0,0,0,0,0
23430,ECG,1093,6620,0,0,0,0,0
23430,ECG,1094,6804,0,0,0,0,0
23440,ECG,1095,5453,0,0,0,0,0
23440,ECG,1096,3002,0,0,0,0,0
23440,ECG,1097,78,0,0,0,0,0
23440,ECG,1098,-2321,0,0,0,0,0
23440,ECG,1099,-3262,0,0,0,0,0
23450,ECG,1100,-1908,0,0,0,0,0
23450,ECG,1101,1028,0,0,0,0,0
23450,ECG,1102,4206,0,0,0,0,0
23450,ECG,1103,6465,0,0,0,0,0
23450,ECG,1104,6842,0,0,0,0,0
23460,ECG,1105,5686,0,0,0,0,0
23460,ECG,1106,3286,0,0,0,0,0
23460,ECG,1107,191,0,0,0,0,0
23460,ECG,1108,-2338,0,0,0,0,0
23460,ECG,1109,-3568,0,0,0,0,0
23469,ECG,1110,-2691,0,0,0,0,0
23469,ECG,1111,24,0,0,0,0,0
23469,ECG,1112,3298,0,0,0,0,0
23469,ECG,1113,5858,0,0,0,0,0
23469,ECG,1114,6590,0,0,0,0,0
23479,ECG,1115,5754,0,0,0,0,0
23479,ECG,1116,3563,0,0,0,0,0
23479,ECG,1117,463,0,0,0,0,0
23479,ECG,1118,-2200,0,0,0,0,0
23479,ECG,1119,-3668,0,0,0,0,0
23489,ECG,1120,-3003,0,0,0,0,0
23489,ECG,1121,-373,0,0,0,0,0
23489,ECG,1122,2865,0,0,0,0,0
23489,ECG,1123,5603,0,0,0,0,0
23489,ECG,1124,6595,0,0,0,0,0
23499,ECG,1125,5880,0,0,0,0,0
23499,ECG,1126,3920,0,0,0,0,0
23499,ECG,1127,986,0,0,0,0,0
23499,ECG,1128,-1834,0,0,0,0,0
23499,ECG,1129,-3527,0,0,0,0,0
23509,ECG,1130,-3132,0,0,0,0,0
23509,ECG,1131,-802,0,0,0,0,0
23509,ECG,1132,2331,0,0,0,0,0
23509,ECG,1133,5084,0,0,0,0,0
23509,ECG,1134,6213,0,0,0,0,0
23518,ECG,1135,5755,0,0,0,0,0
23518,ECG,1136,3985,0,0,0,0,0
23518,ECG,1137,1187,0,0,0,0,0
23518,ECG,1138,-1604,0,0,0,0,0
23518,ECG,1139,-3666,0,0,0,0,0
23528,ECG,1140,-3899,0,0,0,0,0
23528,ECG,1141,-1842,0,0,0,0,0
23528,ECG,1142,1302,0,0,0,0,0
23528,ECG,1143,4238,0,0,0,0,0
23528,ECG,1144,5882,0,0,0,0,0
23538,ECG,1145,5879,0,0,0,0,0
23538,ECG,1146,4467,0,0,0,0,0
23538,ECG,1147,1922,0,0,0,0,0
23538,ECG,1148,-944,0,0,0,0,0
23538,ECG,1149,-3176,0,0,0,0,0
23548,ECG,1150,-3702,0,0,0,0,0
23548,ECG,1151,-2146,0,0,0,0,0
23548,ECG,1152,668,0,0,0,0,0
23548,ECG,1153,3651,0,0,0,0,0
23548,ECG,1154,5424,0,0,0,0,0
23557,ECG,1155,5468,0,0,0,0,0
23557,ECG,1156,4184,0,0,0,0,0
23557,ECG,1157,1764,0,0,0,0,0
23557,ECG,1158,-1008,0,0,0,0,0
23557,ECG,1159,-3171,0,0,0,0,0
23567,ECG,1160,-4022,0,0,0,0,0
23567,ECG,1161,-2714,0,0,0,0,0
23567,ECG,1162,386,0,0,0,0,0
23567,ECG,1163,3654,0,0,0,0,0
23567,ECG,1164,5859,0,0,0,0,0
23577,ECG,1165,6540,0,0,0,0,0
23577,ECG,1166,5667,0,0,0,0,0
23577,ECG,1167,3458,0,0,0,0,0
23577,ECG,1168,561,0,0,0,0,0
23577,ECG,1169,-2168,0,0,0,0,0
23587,ECG,1170,-3745,0,0,0,0,0
23587,ECG,1171,-3196,0,0,0,0,0
23587,ECG,1172,-766,0,0,0,0,0
23587,ECG,1173,2438,0,0,0,0,0
23587,ECG,1174,5165,0,0,0,0,0
23597,ECG,1175,6332,0,0,0,0,0
23597,ECG,1176,5829,0,0,0,0,0
23597,ECG,1177,3917,0,0,0,0,0
23597,ECG,1178,1188,0,0,0,0,0
23597,ECG,1179,-1431,0,0,0,0,0
23606,ECG,1180,-3161,0,0,0,0,0
23606,ECG,1181,-3023,0,0,0,0,0
23606,ECG,1182,-763,0,0,0,0,0
23606,ECG,1183,2481,0,0,0,0,0
23606,ECG,1184,5229,0,0,0,0,0
24616,ECG,1185,0,0,0,0,0,0
24616,ECG,1186,-1,0,0,0,0,0
24616,ECG,1187,-5,0,0,0,0,0
24616,ECG,1188,0,0,0,0,0,0
24616,ECG,1189,4,0,0,0,0,0
24626,ECG,1190,-11,0,0,0,0,0
24626,ECG,1191,27,0,0,0,0,0
24626,ECG,1192,-11,0,0,0,0,0
24626,ECG,1193,-12,0,0,0,0,0
24626,ECG,1194,103,0,0,0,0,0
24635,ECG,1195,-532,0,0,0,0,0
24635,ECG,1196,-1596,0,0,0,0,0
24635,ECG,1197,-1747,0,0,0,0,0
24635,ECG,1198,-621,0,0,0,0,0
24635,ECG,1199,2194,0,0,0,0,0
24645,ECG,1200,6789,0,0,0,0,0
24645,ECG,1201,12616,0,0,0,0,0
24645,ECG,1202,19328,0,0,0,0,0
24645,ECG,1203,25762,0,0,0,0,0
24645,ECG,1204,30168,0,0,0,0,0
24655,ECG,1205,32078,0,0,0,0,0
24655,ECG,1206,31876,0,0,0,0,0
24655,ECG,1207,29234,0,0,0,0,0
24655,ECG,1208,25717,0,0,0,0,0
24655,ECG,1209,23417,0,0,0,0,0
24665,ECG,1210,22283,0,0,0,0,0
24665,ECG,1211,22411,0,0,0,0,0
24665,ECG,1212,23987,0,0,0,0,0
24665,ECG,1213,26415,0,0,0,0,0
24665,ECG,1214,28737,0,0,0,0,0
24675,ECG,1215,30010,0,0,0,0,0
24675,ECG,1216,29499,0,0,0,0,0
24675,ECG,1217,27403,0,0,0,0,0
24675,ECG,1218,24596,0,0,0,0,0
24675,ECG,1219,21998,0,0,0,0,0
24684,ECG,1220,20510,0,0,0,0,0
24684,ECG,1221,20341,0,0,0,0,0
24684,ECG,1222,21495,0,0,0,0,0
24684,ECG,1223,23834,0,0,0,0,0
24684,ECG,1224,26372,0,0,0,0,0
24694,ECG,1225,28042,0,0,0,0,0
24694,ECG,1226,28059,0,0,0,0,0
24694,ECG,1227,26384,0,0,0,0,0
24694,ECG,1228,23842,0,0,0,0,0
24694,ECG,1229,21279,0,0,0,0,0
24704,ECG,1230,19580,0,0,0,0,0
24704,ECG,1231,19216,0,0,0,0,0
24704,ECG,1232,20264,0,0,0,0,0
24704,ECG,1233,22437,0,0,0,0,0
24704,ECG,1234,24751,0,0,0,0,0
24714,ECG,1235,26405,0,0,0,0,0
24714,ECG,1236,26573,0,0,0,0,0
24714,ECG,1237,24920,0,0,0,0,0
24714,ECG,1238,22307,0,0,0,0,0
24714,ECG,1239,19669,0,0,0,0,0
24724,ECG,1240,17879,0,0,0,0,0
24724,ECG,1241,17413,0,0,0,0,0
24724,ECG,1242,18322,0,0,0,0,0
24724,ECG,1243,20438,0,0,0,0,0
24724,ECG,1244,22910,0,0,0,0,0
24733,ECG,1245,24851,0,0,0,0,0
24733,ECG,1246,25332,0,0,0,0,0
24733,ECG,1247,24009,0,0,0,0,0
24733,ECG,1248,21642,0,0,0,0,0
24733,ECG,1249,19009,0,0,0,0,0
24743,ECG,1250,16963,0,0,0,0,0
24743,ECG,1251,16201,0,0,0,0,0
24743,ECG,1252,16952,0,0,0,0,0
24743,ECG,1253,18863,0,0,0,0,0
24743,ECG,1254,21110,0,0,0,0,0
24753,ECG,1255,22981,0,0,0,0,0
24753,ECG,1256,23550,0,0,0,0,0
24753,ECG,1257,22392,0,0,0,0,0
24753,ECG,1258,20075,0,0,0,0,0
24753,ECG,1259,17432,0,0,0,0,0
24763,ECG,1260,15444,0,0,0,0,0
24763,ECG,1261,14763,0,0,0,0,0
24763,ECG,1262,15346,0,0,0,0,0
24763,ECG,1263,17127,0,0,0,0,0
24763,ECG,1264,19739,0,0,0,0,0
24772,ECG,1265,22070,0,0,0,0,0
24772,ECG,1266,23159,0,0,0,0,0
24772,ECG,1267,22594,0,0,0,0,0
24772,ECG,1268,20688,0,0,0,0,0
24772,ECG,1269,18174,0,0,0,0,0
24782,ECG,1270,15876,0,0,0,0,0
24782,ECG,1271,14638,0,0,0,0,0
24782,ECG,1272,14630,0,0,0,0,0
24782,ECG,1273,15819,0,0,0,0,0
24782,ECG,1274,17975,0,0,0,0,0
24792,ECG,1275,20342,0,0,0,0,0
24792,ECG,1276,21885,0,0,0,0,0
24792,ECG,1277,21721,0,0,0,0,0
24792,ECG,1278,20051,0,0,0,0,0
24792,ECG,1279,17564,0,0,0,0,0
24802,ECG,1280,15125,0,0,0,0,0
24802,ECG,1281,13717,0,0,0,0,0
24802,ECG,1282,13513,0,0,0,0,0
24802,ECG,1283,14470,0,0,0,0,0
24802,ECG,1284,16468,0,0,0,0,0
24812,ECG,1285,18896,0,0,0,0,0
24812,ECG,1286,20728,0,0,0,0,0
24812,ECG,1287,20802,0,0,0,0,0
24812,ECG,1288,19279,0,0,0,0,0
24812,ECG,1289,17061,0,0,0,0,0
24821,ECG,1290,14782,0,0,0,0,0
24821,ECG,1291,13368,0,0,0,0,0
24821,ECG,1292,13192,0,0,0,0,0
24821,ECG,1293,14023,0,0,0,0,0
24821,ECG,1294,15827,0,0,0,0,0
24831,ECG,1295,18160,0,0,0,0,0
24831,ECG,1296,19948,0,0,0,0,0
24831,ECG,1297,19977,0,0,0,0,0
24831,ECG,1298,19085,0,0,0,0,0
24831,ECG,1299,16503,0,0,0,0,0
24841,ECG,1300,13894,0,0,0,0,0
24841,ECG,1301,12188,0,0,0,0,0
24841,ECG,1302,11471,0,0,0,0,0
24841,ECG,1303,11818,0,0,0,0,0
24841,ECG,1304,13371,0,0,0,0,0
24851,ECG,1305,15758,0,0,0,0,0
24851,ECG,1306,17968,0,0,0,0,0
24851,ECG,1307,18993,0,0,0,0,0
24851,ECG,1308,18237,0,0,0,0,0
24851,ECG,1309,16115,0,0,0,0,0
24861,ECG,1310,13619,0,0,0,0,0
24861,ECG,1311,11571,0,0,0,0,0
24861,ECG,1312,10675,0,0,0,0,0
24861,ECG,1313,10916,0,0,0,0,0
24861,ECG,1314,12267,0,0,0,0,0
24870,ECG,1315,14599,0,0,0,0,0
24870,ECG,1316,16881,0,0,0,0,0
24870,ECG,1317,18112,0,0,0,0,0
24870,ECG,1318,17656,0,0,0,0,0
24870,ECG,1319,15556,0,0,0,0,0
24880,ECG,1320,13062,0,0,0,0,0
24880,ECG,1321,10915,0,0,0,0,0
24880,ECG,1322,9826,0,0,0,0,0
24880,ECG,1323,9927,0,0,0,0,0
24880,ECG,1324,11071,0,0,0,0,0
24890,ECG,1325,13304,0,0,0,0,0
24890,ECG,1326,15738,0,0,0,0,0
24890,ECG,1327,17259,0,0,0,0,0
24890,ECG,1328,17151,0,0,0,0,0
24890,ECG,1329,15375,0,0,0,0,0
24900,ECG,1330,12833,0,0,0,0,0
24900,ECG,1331,10525,0,0,0,0,0
24900,ECG,1332,9196,0,0,0,0,0
24900,ECG,1333,8976,0,0,0,0,0
24900,ECG,1334,9891,0,0,0,0,0
24910,ECG,1335,11989,0,0,0,0,0
24910,ECG,1336,14294,0,0,0,0,0
24910,ECG,1337,16049,0,0,0,0,0
24910,ECG,1338,16353,0,0,0,0,0
24910,ECG,1339,14742,0,0,0,0,0
24919,ECG,1340,12271,0,0,0,0,0
24919,ECG,1341,9911,0,0,0,0,0
24919,ECG,1342,8404,0,0,0,0,0
24919,ECG,1343,8072,0,0,0,0,0
24919,ECG,1344,8880,0,0,0,0,0
24929,ECG,1345,10892,0,0,0,0,0
24929,ECG,1346,13224,0,0,0,0,0
24929,ECG,1347,15032,0,0,0,0,0
24929,ECG,1348,15505,0,0,0,0,0
24929,ECG,1349,14081,0,0,0,0,0
24939,ECG,1350,11664,0,0,0,0,0
24939,ECG,1351,9210,0,0,0,0,0
24939,ECG,1352,7528,0,0,0,0,0
24939,ECG,1353,7070,0,0,0,0,0
24939,ECG,1354,7782,0,0,0,0,0
24949,ECG,1355,9718,0,0,0,0,0
24949,ECG,1356,12109,0,0,0,0,0
24949,ECG,1357,14064,0,0,0,0,0
24949,ECG,1358,14772,0,0,0,0,0
24949,ECG,1359,13634,0,0,0,0,0
24958,ECG,1360,11392,0,0,0,0,0
24958,ECG,1361,8958,0,0,0,0,0
24958,ECG,1362,7173,0,0,0,0,0
24958,ECG,1363,6558,0,0,0,0,0
24958,ECG,1364,7154,0,0,0,0,0
24968,ECG,1365,9007,0,0,0,0,0
24968,ECG,1366,11221,0,0,0,0,0
24968,ECG,1367,13076,0,0,0,0,0
24968,ECG,1368,13890,0,0,0,0,0
24968,ECG,1369,12806,0,0,0,0,0
24978,ECG,1370,10655,0,0,0,0,0
24978,ECG,1371,8351,0,0,0,0,0
24978,ECG,1372,6529,0,0,0,0,0
24978,ECG,1373,5993,0,0,0,0,0
24978,ECG,1374,6580,0,0,0,0,0
24988,ECG,1375,8166,0,0,0,0,0
24988,ECG,1376,10577,0,0,0,0,0
24988,ECG,1377,12783,0,0,0,0,0
24988,ECG,1378,13662,0,0,0,0,0
24988,ECG,1379,13083,0,0,0,0,0
24998,ECG,1380,11272,0,0,0,0,0
24998,ECG,1381,8724,0,0,0,0,0
24998,ECG,1382,6579,0,0,0,0,0
24998,ECG,1383,5520,0,0,0,0,0
24998,ECG,1384,5501,0,0,0,0,0
25007,ECG,1385,6815,0,0,0,0,0
25007,ECG,1386,8931,0,0,0,0,0
25007,ECG,1387,10941,0,0,0,0,0
25007,ECG,1388,12273,0,0,0,0,0
25007,ECG,1389,12038,0,0,0,0,0
25017,ECG,1390,10257,0,0,0,0,0
25017,ECG,1391,7870,0,0,0,0,0
25017,ECG,1392,5636,0,0,0,0,0
25017,ECG,1393,4386,0,0,0,0,0
25017,ECG,1394,4444,0,0,0,0,0
25027,ECG,1395,5509,0,0,0,0,0
25027,ECG,1396,7646,0,0,0,0,0
25027,ECG,1397,10303,0,0,0,0,0
25027,ECG,1398,12107,0,0,0,0,0
25027,ECG,1399,12380,0,0,0,0,0
25037,ECG,1400,11219,0,0,0,0,0
25037,ECG,1401,9158,0,0,0,0,0
25037,ECG,1402,6899,0,0,0,0,0
25037,ECG,1403,5287,0,0,0,0,0
25037,ECG,1404,4805,0,0,0,0,0
25047,ECG,1405,5378,0,0,0,0,0
25047,ECG,1406,7013,0,0,0,0,0
25047,ECG,1407,9211,0,0,0,0,0
25047,ECG,1408,11226,0,0,0,0,0
25047,ECG,1409,11977,0,0,0,0,0
25056,ECG,1410,11220,0,0,0,0,0
25056,ECG,1411,9280,0,0,0,0,0
25056,ECG,1412,7125,0,0,0,0,0
25056,ECG,1413,5403,0,0,0,0,0
25056,ECG,1414,4752,0,0,0,0,0
25066,ECG,1415,5081,0,0,0,0,0
25066,ECG,1416,6363,0,0,0,0,0
25066,ECG,1417,8476,0,0,0,0,0
25066,ECG,1418,10588,0,0,0,0,0
25066,ECG,1419,11464,0,0,0,0,0
25076,ECG,1420,10736,0,0,0,0,0
25076,ECG,1421,9157,0,0,0,0,0
25076,ECG,1422,7205,0,0,0,0,0
25076,ECG,1423,5619,0,0,0,0,0
25076,ECG,1424,5146,0,0,0,0,0
25086,ECG,1425,5521,0,0,0,0,0
25086,ECG,1426,6750,0,0,0,0,0
25086,ECG,1427,8715,0,0,0,0,0
25086,ECG,1428,10499,0,0,0,0,0
25086,ECG,1429,10955,0,0,0,0,0
25095,ECG,1430,10834,0,0,0,0,0
25095,ECG,1431,8812,0,0,0,0,0
25095,ECG,1432,6557,0,0,0,0,0
25095,ECG,1433,4943,0,0,0,0,0
25095,ECG,1434,4173,0,0,0,0,0
25105,ECG,1435,4250,0,0,0,0,0
25105,ECG,1436,5296,0,0,0,0,0
25105,ECG,1437,7212,0,0,0,0,0
25105,ECG,1438,9252,0,0,0,0,0
25105,ECG,1439,10496,0,0,0,0,0
25115,ECG,1440,10430,0,0,0,0,0
25115,ECG,1441,8870,0,0,0,0,0
25115,ECG,1442,6713,0,0,0,0,0
25115,ECG,1443,4805,0,0,0,0,0
25115,ECG,1444,3737,0,0,0,0,0
25125,ECG,1445,3626,0,0,0,0,0
25125,ECG,1446,4421,0,0,0,0,0
25125,ECG,1447,6214,0,0,0,0,0
25125,ECG,1448,8308,0,0,0,0,0
25125,ECG,1449,9875,0,0,0,0,0
25135,ECG,1450,10004,0,0,0,0,0
25135,ECG,1451,8785,0,0,0,0,0
25135,ECG,1452,6730,0,0,0,0,0
25135,ECG,1453,4745,0,0,0,0,0
25135,ECG,1454,3499,0,0,0,0,0
25144,ECG,1455,3278,0,0,0,0,0
25144,ECG,1456,3910,0,0,0,0,0
25144,ECG,1457,5504,0,0,0,0,0
25144,ECG,1458,7602,0,0,0,0,0
25144,ECG,1459,9353,0,0,0,0,0
25154,ECG,1460,9601,0,0,0,0,0
25154,ECG,1461,8676,0,0,0,0,0
25154,ECG,1462,6797,0,0,0,0,0
25154,ECG,1463,4868,0,0,0,0,0
25154,ECG,1464,3519,0,0,0,0,0
25164,ECG,1465,3228,0,0,0,0,0
25164,ECG,1466,3740,0,0,0,0,0
25164,ECG,1467,5089,0,0,0,0,0
25164,ECG,1468,7085,0,0,0,0,0
25164,ECG,1469,8920,0,0,0,0,0
25174,ECG,1470,9210,0,0,0,0,0
25174,ECG,1471,8776,0,0,0,0,0
25174,ECG,1472,7035,0,0,0,0,0
25174,ECG,1473,5180,0,0,0,0,0
25174,ECG,1474,3855,0,0,0,0,0
25184,ECG,1475,3441,0,0,0,0,0
25184,ECG,1476,3732,0,0,0,0,0
25184,ECG,1477,4882,0,0,0,0,0
25184,ECG,1478,6706,0,0,0,0,0
25184,ECG,1479,8361,0,0,0,0,0
25193,ECG,1480,8820,0,0,0,0,0
25193,ECG,1481,8498,0,0,0,0,0
25193,ECG,1482,6697,0,0,0,0,0
25193,ECG,1483,4777,0,0,0,0,0
25193,ECG,1484,3375,0,0,0,0,0
25203,ECG,1485,2847,0,0,0,0,0
25203,ECG,1486,3099,0,0,0,0,0
25203,ECG,1487,4148,0,0,0,0,0
25203,ECG,1488,5919,0,0,0,0,0
25203,ECG,1489,7738,0,0,0,0,0
25213,ECG,1490,8464,0,0,0,0,0
25213,ECG,1491,8410,0,0,0,0,0
25213,ECG,1492,6920,0,0,0,0,0
25213,ECG,1493,5000,0,0,0,0,0
25213,ECG,1494,3446,0,0,0,0,0
25223,ECG,1495,2661,0,0,0,0,0
25223,ECG,1496,2653,0,0,0,0,0
25223,ECG,1497,3439,0,0,0,0,0
25223,ECG,1498,5064,0,0,0,0,0
25223,ECG,1499,6899,0,0,0,0,0
25232,ECG,1500,8126,0,0,0,0,0
25232,ECG,1501,8075,0,0,0,0,0
25232,ECG,1502,6869,0,0,0,0,0
25232,ECG,1503,4911,0,0,0,0,0
25232,ECG,1504,3124,0,0,0,0,0
25242,ECG,1505,2088,0,0,0,0,0
25242,ECG,1506,1960,0,0,0,0,0
25242,ECG,1507,2614,0,0,0,0,0
25242,ECG,1508,4081,0,0,0,0,0
25242,ECG,1509,6039,0,0,0,0,0
25252,ECG,1510,7771,0,0,0,0,0
25252,ECG,1511,7770,0,0,0,0,0
25252,ECG,1512,7101,0,0,0,0,0
25252,ECG,1513,5383,0,0,0,0,0
25252,ECG,1514,3596,0,0,0,0,0
25262,ECG,1515,2470,0,0,0,0,0
25262,ECG,1516,2217,0,0,0,0,0
25262,ECG,1517,2632,0,0,0,0,0
25262,ECG,1518,3910,0,0,0,0,0
25262,ECG,1519,5675,0,0,0,0,0
25272,ECG,1520,7255,0,0,0,0,0
25272,ECG,1521,7464,0,0,0,0,0
25272,ECG,1522,7104,0,0,0,0,0
25272,ECG,1523,5190,0,0,0,0,0
25272,ECG,1524,3273,0,0,0,0,0
25281,ECG,1525,1965,0,0,0,0,0
25281,ECG,1526,1460,0,0,0,0,0
25281,ECG,1527,1735,0,0,0,0,0
25281,ECG,1528,2872,0,0,0,0,0
25281,ECG,1529,4631,0,0,0,0,0
25291,ECG,1530,6469,0,0,0,0,0
25291,ECG,1531,7193,0,0,0,0,0
25291,ECG,1532,7147,0,0,0,0,0
25291,ECG,1533,5652,0,0,0,0,0
25291,ECG,1534,3769,0,0,0,0,0
25301,ECG,1535,2285,0,0,0,0,0
25301,ECG,1536,1625,0,0,0,0,0
25301,ECG,1537,1678,0,0,0,0,0
25301,ECG,1538,2510,0,0,0,0,0
25301,ECG,1539,4092,0,0,0,0,0
25311,ECG,1540,5921,0,0,0,0,0
25311,ECG,1541,6924,0,0,0,0,0
25311,ECG,1542,6880,0,0,0,0,0
25311,ECG,1543,5519,0,0,0,0,0
25311,ECG,1544,3668,0,0,0,0,0
25321,ECG,1545,2044,0,0,0,0,0
25321,ECG,1546,1240,0,0,0,0,0
25321,ECG,1547,1264,0,0,0,0,0
25321,ECG,1548,2036,0,0,0,0,0
25321,ECG,1549,3532,0,0,0,0,0
25330,ECG,1550,5428,0,0,0,0,0
25330,ECG,1551,6677,0,0,0,0,0
25330,ECG,1552,6634,0,0,0,0,0
25330,ECG,1553,5760,0,0,0,0,0
25330,ECG,1554,3892,0,0,0,0,0
25340,ECG,1555,2216,0,0,0,0,0
25340,ECG,1556,1248,0,0,0,0,0
25340,ECG,1557,1081,0,0,0,0,0
25340,ECG,1558,1642,0,0,0,0,0
25340,ECG,1559,2926,0,0,0,0,0
25350,ECG,1560,4789,0,0,0,0,0
25350,ECG,1561,6411,0,0,0,0,0
25350,ECG,1562,6399,0,0,0,0,0
25350,ECG,1563,5932,0,0,0,0,0
25350,ECG,1564,4253,0,0,0,0,0
25360,ECG,1565,2600,0,0,0,0,0
25360,ECG,1566,1617,0,0,0,0,0
25360,ECG,1567,1382,0,0,0,0,0
25360,ECG,1568,1775,0,0,0,0,0
25360,ECG,1569,2879,0,0,0,0,0
25369,ECG,1570,4569,0,0,0,0,0
25369,ECG,1571,6078,0,0,0,0,0
25369,ECG,1572,6158,0,0,0,0,0
25369,ECG,1573,5881,0,0,0,0,0
25369,ECG,1574,4138,0,0,0,0,0
25379,ECG,1575,2448,0,0,0,0,0
25379,ECG,1576,1376,0,0,0,0,0
25379,ECG,1577,977,0,0,0,0,0
25379,ECG,1578,1313,0,0,0,0,0
25379,ECG,1579,2287,0,0,0,0,0
25389,ECG,1580,3798,0,0,0,0,0
25389,ECG,1581,5548,0,0,0,0,0
25389,ECG,1582,5939,0,0,0,0,0
25389,ECG,1583,5901,0,0,0,0,0
25389,ECG,1584,4640,0,0,0,0,0
25399,ECG,1585,3032,0,0,0,0,0
25399,ECG,1586,1818,0,0,0,0,0
25399,ECG,1587,1248,0,0,0,0,0
25399,ECG,1588,1289,0,0,0,0,0
25399,ECG,1589,2011,0,0,0,0,0
25409,ECG,1590,3533,0,0,0,0,0
25409,ECG,1591,5084,0,0,0,0,0
25409,ECG,1592,5716,0,0,0,0,0
25409,ECG,1593,5512,0,0,0,0,0
25409,ECG,1594,4180,0,0,0,0,0
25418,ECG,1595,2395,0,0,0,0,0
25418,ECG,1596,1167,0,0,0,0,0
25418,ECG,1597,758,0,0,0,0,0
25418,ECG,1598,951,0,0,0,0,0
25418,ECG,1599,1874,0,0,0,0,0
25428,ECG,1600,3489,0,0,0,0,0
25428,ECG,1601,5048,0,0,0,0,0
25428,ECG,1602,5515,0,0,0,0,0
25428,ECG,1603,5480,0,0,0,0,0
25428,ECG,1604,3834,0,0,0,0,0
25438,ECG,1605,1915,0,0,0,0,0
25438,ECG,1606,554,0,0,0,0,0
25438,ECG,1607,-112,0,0,0,0,0
25438,ECG,1608,-38,0,0,0,0,0
25438,ECG,1609,872,0,0,0,0,0
25448,ECG,1610,2543,0,0,0,0,0
25448,ECG,1611,4362,0,0,0,0,0
25448,ECG,1612,5353,0,0,0,0,0
25448,ECG,1613,5319,0,0,0,0,0
25448,ECG,1614,3895,0,0,0,0,0
25458,ECG,1615,1952,0,0,0,0,0
25458,ECG,1616,307,0,0,0,0,0
25458,ECG,1617,-534,0,0,0,0,0
25458,ECG,1618,-541,0,0,0,0,0
25458,ECG,1619,278,0,0,0,0,0
25467,ECG,1620,1962,0,0,0,0,0
25467,ECG,1621,3888,0,0,0,0,0
25467,ECG,1622,5210,0,0,0,0,0
25467,ECG,1623,5177,0,0,0,0,0
25467,ECG,1624,3923,0,0,0,0,0
25477,ECG,1625,1990,0,0,0,0,0
25477,ECG,1626,261,0,0,0,0,0
25477,ECG,1627,-654,0,0,0,0,0
25477,ECG,1628,-658,0,0,0,0,0
25477,ECG,1629,86,0,0,0,0,0
25487,ECG,1630,1547,0,0,0,0,0
25487,ECG,1631,3501,0,0,0,0,0
25487,ECG,1632,5076,0,0,0,0,0
25487,ECG,1633,5044,0,0,0,0,0
25487,ECG,1634,4553,0,0,0,0,0
25497,ECG,1635,2789,0,0,0,0,0
25497,ECG,1636,1102,0,0,0,0,0
25497,ECG,1637,20,0,0,0,0,0
25497,ECG,1638,-288,0,0,0,0,0
25497,ECG,1639,119,0,0,0,0,0
25506,ECG,1640,1204,0,0,0,0,0
25506,ECG,1641,2846,0,0,0,0,0
25506,ECG,1642,4425,0,0,0,0,0
25506,ECG,1643,4901,0,0,0,0,0
25506,ECG,1644,4870,0,0,0,0,0
25516,ECG,1645,3806,0,0,0,0,0
25516,ECG,1646,2517,0,0,0,0,0
25516,ECG,1647,1735,0,0,0,0,0
25516,ECG,1648,1461,0,0,0,0,0
25516,ECG,1649,1637,0,0,0,0,0
25526,ECG,1650,2253,0,0,0,0,0
25526,ECG,1651,3221,0,0,0,0,0
25526,ECG,1652,4425,0,0,0,0,0
25526,ECG,1653,4701,0,0,0,0,0
25526,ECG,1654,4671,0,0,0,0,0
25536,ECG,1655,3649,0,0,0,0,0
25536,ECG,1656,2372,0,0,0,0,0
25536,ECG,1657,1263,0,0,0,0,0
25536,ECG,1658,590,0,0,0,0,0
25536,ECG,1659,567,0,0,0,0,0
25546,ECG,1660,1054,0,0,0,0,0
25546,ECG,1661,2107,0,0,0,0,0
25546,ECG,1662,3635,0,0,0,0,0
25546,ECG,1663,4541,0,0,0,0,0
25546,ECG,1664,4512,0,0,0,0,0
25555,ECG,1665,3859,0,0,0,0,0
25555,ECG,1666,2350,0,0,0,0,0
25555,ECG,1667,1032,0,0,0,0,0
25555,ECG,1668,349,0,0,0,0,0
25555,ECG,1669,256,0,0,0,0,0
25565,ECG,1670,715,0,0,0,0,0
25565,ECG,1671,1802,0,0,0,0,0
25565,ECG,1672,3337,0,0,0,0,0
25565,ECG,1673,4393,0,0,0,0,0
25565,ECG,1674,4365,0,0,0,0,0
25575,ECG,1675,3821,0,0,0,0,0
25575,ECG,1676,2160,0,0,0,0,0
25575,ECG,1677,757,0,0,0,0,0
25575,ECG,1678,-57,0,0,0,0,0
25575,ECG,1679,-258,0,0,0,0,0
25585,ECG,1680,210,0,0,0,0,0
25585,ECG,1681,1215,0,0,0,0,0
25585,ECG,1682,2729,0,0,0,0,0
25585,ECG,1683,4244,0,0,0,0,0
25585,ECG,1684,4238,0,0,0,0,0
25595,ECG,1685,4139,0,0,0,0,0
25595,ECG,1686,2671,0,0,0,0,0
25595,ECG,1687,1267,0,0,0,0,0
25595,ECG,1688,377,0,0,0,0,0
25595,ECG,1689,15,0,0,0,0,0
25604,ECG,1690,290,0,0,0,0,0
25604,ECG,1691,1062,0,0,0,0,0
25604,ECG,1692,2261,0,0,0,0,0
25604,ECG,1693,3749,0,0,0,0,0
25604,ECG,1694,4107,0,0,0,0,0
25614,ECG,1695,4081,0,0,0,0,0
25614,ECG,1696,3222,0,0,0,0,0
25614,ECG,1697,1938,0,0,0,0,0
25614,ECG,1698,1052,0,0,0,0,0
25614,ECG,1699,606,0,0,0,0,0
25624,ECG,1700,659,0,0,0,0,0
25624,ECG,1701,1159,0,0,0,0,0
25624,ECG,1702,2170,0,0,0,0,0
25624,ECG,1703,3471,0,0,0,0,0
25624,ECG,1704,3960,0,0,0,0,0
25634,ECG,1705,3934,0,0,0,0,0
25634,ECG,1706,3154,0,0,0,0,0
25634,ECG,1707,1592,0,0,0,0,0
25634,ECG,1708,491,0,0,0,0,0
25634,ECG,1709,-178,0,0,0,0,0
25643,ECG,1710,-284,0,0,0,0,0
25643,ECG,1711,252,0,0,0,0,0
25643,ECG,1712,1215,0,0,0,0,0
25643,ECG,1713,2632,0,0,0,0,0
25643,ECG,1714,3849,0,0,0,0,0
26658,ECG,1715,0,0,0,0,0,0
26658,ECG,1716,-1,0,0,0,0,0
26658,ECG,1717,-6,0,0,0,0,0
26658,ECG,1718,2,0,0,0,0,0
26658,ECG,1719,6,0,0,0,0,0
26668,ECG,1720,-17,0,0,0,0,0
26668,ECG,1721,38,0,0,0,0,0
26668,ECG,1722,-16,0,0,0,0,0
26668,ECG,1723,-26,0,0,0,0,0
26668,ECG,1724,151,0,0,0,0,0
26677,ECG,1725,-753,0,0,0,0,0
26677,ECG,1726,-2109,0,0,0,0,0
26677,ECG,1727,-1850,0,0,0,0,0
26677,ECG,1728,-36,0,0,0,0,0
26677,ECG,1729,3394,0,0,0,0,0
26687,ECG,1730,8729,0,0,0,0,0
26687,ECG,1731,15156,0,0,0,0,0
26687,ECG,1732,21689,0,0,0,0,0
26687,ECG,1733,27397,0,0,0,0,0
26687,ECG,1734,31311,0,0,0,0,0
26697,ECG,1735,32011,0,0,0,0,0
26697,ECG,1736,31810,0,0,0,0,0
26697,ECG,1737,31610,0,0,0,0,0
26697,ECG,1738,31343,0,0,0,0,0
26697,ECG,1739,31109,0,0,0,0,0
26707,ECG,1740,31019,0,0,0,0,0
26707,ECG,1741,30731,0,0,0,0,0
26707,ECG,1742,30591,0,0,0,0,0
26707,ECG,1743,30395,0,0,0,0,0
26707,ECG,1744,30195,0,0,0,0,0
26717,ECG,1745,30019,0,0,0,0,0
26717,ECG,1746,29827,0,0,0,0,0
26717,ECG,1747,29638,0,0,0,0,0
26717,ECG,1748,29451,0,0,0,0,0
26717,ECG,1749,29266,0,0,0,0,0
26726,ECG,1750,29082,0,0,0,0,0
26726,ECG,1751,28900,0,0,0,0,0
26726,ECG,1752,28718,0,0,0,0,0
26726,ECG,1753,28537,0,0,0,0,0
26726,ECG,1754,28358,0,0,0,0,0
26736,ECG,1755,28180,0,0,0,0,0
26736,ECG,1756,28002,0,0,0,0,0
26736,ECG,1757,27826,0,0,0,0,0
26736,ECG,1758,27651,0,0,0,0,0
26736,ECG,1759,27478,0,0,0,0,0
26746,ECG,1760,27305,0,0,0,0,0
26746,ECG,1761,27133,0,0,0,0,0
26746,ECG,1762,26963,0,0,0,0,0
26746,ECG,1763,26793,0,0,0,0,0
26746,ECG,1764,26625,0,0,0,0,0
26756,ECG,1765,26457,0,0,0,0,0
26756,ECG,1766,26291,0,0,0,0,0
26756,ECG,1767,26126,0,0,0,0,0
26756,ECG,1768,25961,0,0,0,0,0
26756,ECG,1769,25798,0,0,0,0,0
26766,ECG,1770,25636,0,0,0,0,0
26766,ECG,1771,25475,0,0,0,0,0
26766,ECG,1772,25314,0,0,0,0,0
26766,ECG,1773,25155,0,0,0,0,0
26766,ECG,1774,24997,0,0,0,0,0
26775,ECG,1775,24840,0,0,0,0,0
26775,ECG,1776,24683,0,0,0,0,0
26775,ECG,1777,24528,0,0,0,0,0
26775,ECG,1778,24374,0,0,0,0,0
26775,ECG,1779,24221,0,0,0,0,0
26785,ECG,1780,24068,0,0,0,0,0
26785,ECG,1781,23917,0,0,0,0,0
26785,ECG,1782,23766,0,0,0,0,0
26785,ECG,1783,23617,0,0,0,0,0
26785,ECG,1784,23468,0,0,0,0,0
26795,ECG,1785,23321,0,0,0,0,0
26795,ECG,1786,23174,0,0,0,0,0
26795,ECG,1787,23028,0,0,0,0,0
26795,ECG,1788,22883,0,0,0,0,0
26795,ECG,1789,22739,0,0,0,0,0
26805,ECG,1790,22596,0,0,0,0,0
26805,ECG,1791,22454,0,0,0,0,0
26805,ECG,1792,22313,0,0,0,0,0
26805,ECG,1793,22172,0,0,0,0,0
26805,ECG,1794,22033,0,0,0,0,0
26814,ECG,1795,21894,0,0,0,0,0
26814,ECG,1796,21756,0,0,0,0,0
26814,ECG,1797,21619,0,0,0,0,0
26814,ECG,1798,21483,0,0,0,0,0
26814,ECG,1799,21348,0,0,0,0,0
26824,ECG,1800,21214,0,0,0,0,0
26824,ECG,1801,21080,0,0,0,0,0
26824,ECG,1802,20948,0,0,0,0,0
26824,ECG,1803,20816,0,0,0,0,0
26824,ECG,1804,20685,0,0,0,0,0
26834,ECG,1805,20555,0,0,0,0,0
26834,ECG,1806,20425,0,0,0,0,0
26834,ECG,1807,20297,0,0,0,0,0
26834,ECG,1808,20169,0,0,0,0,0
26834,ECG,1809,20042,0,0,0,0,0
26844,ECG,1810,19916,0,0,0,0,0
26844,ECG,1811,19790,0,0,0,0,0
26844,ECG,1812,19666,0,0,0,0,0
26844,ECG,1813,19542,0,0,0,0,0
26844,ECG,1814,19419,0,0,0,0,0
26854,ECG,1815,19297,0,0,0,0,0
26854,ECG,1816,19175,0,0,0,0,0
26854,ECG,1817,19055,0,0,0,0,0
26854,ECG,1818,18935,0,0,0,0,0
26854,ECG,1819,18815,0,0,0,0,0
26863,ECG,1820,18697,0,0,0,0,0
26863,ECG,1821,18579,0,0,0,0,0
26863,ECG,1822,18462,0,0,0,0,0
26863,ECG,1823,18346,0,0,0,0,0
26863,ECG,1824,18230,0,0,0,0,0
26873,ECG,1825,18116,0,0,0,0,0
26873,ECG,1826,18002,0,0,0,0,0
26873,ECG,1827,17888,0,0,0,0,0
26873,ECG,1828,17775,0,0,0,0,0
26873,ECG,1829,17663,0,0,0,0,0
26883,ECG,1830,17552,0,0,0,0,0
26883,ECG,1831,17442,0,0,0,0,0
26883,ECG,1832,17332,0,0,0,0,0
26883,ECG,1833,17222,0,0,0,0,0
26883,ECG,1834,17114,0,0,0,0,0
26893,ECG,1835,17006,0,0,0,0,0
26893,ECG,1836,16899,0,0,0,0,0
26893,ECG,1837,16792,0,0,0,0,0
26893,ECG,1838,16687,0,0,0,0,0
26893,ECG,1839,16581,0,0,0,0,0
26903,ECG,1840,16477,0,0,0,0,0
26903,ECG,1841,16373,0,0,0,0,0
26903,ECG,1842,16270,0,0,0,0,0
26903,ECG,1843,16167,0,0,0,0,0
26903,ECG,1844,16065,0,0,0,0,0
26912,ECG,1845,15964,0,0,0,0,0
26912,ECG,1846,15864,0,0,0,0,0
26912,ECG,1847,15764,0,0,0,0,0
26912,ECG,1848,15664,0,0,0,0,0
26912,ECG,1849,15566,0,0,0,0,0
26922,ECG,1850,15467,0,0,0,0,0
26922,ECG,1851,15370,0,0,0,0,0
26922,ECG,1852,15273,0,0,0,0,0
26922,ECG,1853,15177,0,0,0,0,0
26922,ECG,1854,15081,0,0,0,0,0
26932,ECG,1855,14986,0,0,0,0,0
26932,ECG,1856,14891,0,0,0,0,0
26932,ECG,1857,14797,0,0,0,0,0
26932,ECG,1858,14704,0,0,0,0,0
26932,ECG,1859,14611,0,0,0,0,0
26942,ECG,1860,14519,0,0,0,0,0
26942,ECG,1861,14428,0,0,0,0,0
26942,ECG,1862,14337,0,0,0,0,0
26942,ECG,1863,14246,0,0,0,0,0
26942,ECG,1864,14156,0,0,0,0,0
26951,ECG,1865,14067,0,0,0,0,0
26951,ECG,1866,13978,0,0,0,0,0
26951,ECG,1867,13890,0,0,0,0,0
26951,ECG,1868,13802,0,0,0,0,0
26951,ECG,1869,13715,0,0,0,0,0
26961,ECG,1870,13629,0,0,0,0,0
26961,ECG,1871,13543,0,0,0,0,0
26961,ECG,1872,13457,0,0,0,0,0
26961,ECG,1873,13372,0,0,0,0,0
26961,ECG,1874,13288,0,0,0,0,0
26971,ECG,1875,13204,0,0,0,0,0
26971,ECG,1876,13121,0,0,0,0,0
26971,ECG,1877,13038,0,0,0,0,0
26971,ECG,1878,12956,0,0,0,0,0
26971,ECG,1879,12874,0,0,0,0,0
26981,ECG,1880,12793,0,0,0,0,0
26981,ECG,1881,12712,0,0,0,0,0
26981,ECG,1882,12632,0,0,0,0,0
26981,ECG,1883,12552,0,0,0,0,0
26981,ECG,1884,12473,0,0,0,0,0
26991,ECG,1885,12394,0,0,0,0,0
26991,ECG,1886,12316,0,0,0,0,0
26991,ECG,1887,12238,0,0,0,0,0
26991,ECG,1888,12161,0,0,0,0,0
26991,ECG,1889,12084,0,0,0,0,0
27000,ECG,1890,12008,0,0,0,0,0
27000,ECG,1891,11932,0,0,0,0,0
27000,ECG,1892,11857,0,0,0,0,0
27000,ECG,1893,11782,0,0,0,0,0
27000,ECG,1894,11707,0,0,0,0,0
27010,ECG,1895,11633,0,0,0,0,0
27010,ECG,1896,11560,0,0,0,0,0
27010,ECG,1897,11487,0,0,0,0,0
27010,ECG,1898,11414,0,0,0,0,0
27010,ECG,1899,11342,0,0,0,0,0
27020,ECG,1900,11271,0,0,0,0,0
27020,ECG,1901,11199,0,0,0,0,0
27020,ECG,1902,11129,0,0,0,0,0
27020,ECG,1903,11058,0,0,0,0,0
27020,ECG,1904,10988,0,0,0,0,0
27030,ECG,1905,10919,0,0,0,0,0
27030,ECG,1906,10850,0,0,0,0,0
27030,ECG,1907,10781,0,0,0,0,0
27030,ECG,1908,10713,0,0,0,0,0
27030,ECG,1909,10645,0,0,0,0,0
27040,ECG,1910,10578,0,0,0,0,0
27040,ECG,1911,10511,0,0,0,0,0
27040,ECG,1912,10445,0,0,0,0,0
27040,ECG,1913,10379,0,0,0,0,0
27040,ECG,1914,10313,0,0,0,0,0
27049,ECG,1915,10248,0,0,0,0,0
27049,ECG,1916,10183,0,0,0,0,0
27049,ECG,1917,10118,0,0,0,0,0
27049,ECG,1918,10054,0,0,0,0,0
27049,ECG,1919,9991,0,0,0,0,0
27059,ECG,1920,9928,0,0,0,0,0
27059,ECG,1921,9865,0,0,0,0,0
27059,ECG,1922,9802,0,0,0,0,0
27059,ECG,1923,9740,0,0,0,0,0
27059,ECG,1924,9679,0,0,0,0,0
27069,ECG,1925,9617,0,0,0,0,0
27069,ECG,1926,9557,0,0,0,0,0
27069,ECG,1927,9496,0,0,0,0,0
27069,ECG,1928,9436,0,0,0,0,0
27069,ECG,1929,9376,0,0,0,0,0
27079,ECG,1930,9317,0,0,0,0,0
27079,ECG,1931,9258,0,0,0,0,0
27079,ECG,1932,9200,0,0,0,0,0
27079,ECG,1933,9141,0,0,0,0,0
27079,ECG,1934,9083,0,0,0,0,0
27088,ECG,1935,9026,0,0,0,0,0
27088,ECG,1936,8969,0,0,0,0,0
27088,ECG,1937,8912,0,0,0,0,0
27088,ECG,1938,8855,0,0,0,0,0
27088,ECG,1939,8799,0,0,0,0,0
27098,ECG,1940,8744,0,0,0,0,0
27098,ECG,1941,8688,0,0,0,0,0
27098,ECG,1942,8633,0,0,0,0,0
27098,ECG,1943,8578,0,0,0,0,0
27098,ECG,1944,8524,0,0,0,0,0
27108,ECG,1945,8470,0,0,0,0,0
27108,ECG,1946,8416,0,0,0,0,0
27108,ECG,1947,8363,0,0,0,0,0
27108,ECG,1948,8310,0,0,0,0,0
27108,ECG,1949,8257,0,0,0,0,0
27118,ECG,1950,8205,0,0,0,0,0
27118,ECG,1951,8153,0,0,0,0,0
27118,ECG,1952,8101,0,0,0,0,0
27118,ECG,1953,8050,0,0,0,0,0
27118,ECG,1954,7999,0,0,0,0,0
27128,ECG,1955,7948,0,0,0,0,0
27128,ECG,1956,7898,0,0,0,0,0
27128,ECG,1957,7848,0,0,0,0,0
27128,ECG,1958,7798,0,0,0,0,0
27128,ECG,1959,7749,0,0,0,0,0
27137,ECG,1960,7699,0,0,0,0,0
27137,ECG,1961,7651,0,0,0,0,0
27137,ECG,1962,7602,0,0,0,0,0
27137,ECG,1963,7554,0,0,0,0,0
27137,ECG,1964,7506,0,0,0,0,0
27147,ECG,1965,7458,0,0,0,0,0
27147,ECG,1966,7411,0,0,0,0,0
27147,ECG,1967,7364,0,0,0,0,0
27147,ECG,1968,7317,0,0,0,0,0
27147,ECG,1969,7271,0,0,0,0,0
27157,ECG,1970,7224,0,0,0,0,0
27157,ECG,1971,7178,0,0,0,0,0
27157,ECG,1972,7133,0,0,0,0,0
27157,ECG,1973,7088,0,0,0,0,0
27157,ECG,1974,7043,0,0,0,0,0
27167,ECG,1975,6998,0,0,0,0,0
27167,ECG,1976,6953,0,0,0,0,0
27167,ECG,1977,6909,0,0,0,0,0
27167,ECG,1978,6865,0,0,0,0,0
27167,ECG,1979,6821,0,0,0,0,0
27177,ECG,1980,6778,0,0,0,0,0
27177,ECG,1981,6735,0,0,0,0,0
27177,ECG,1982,6692,0,0,0,0,0
27177,ECG,1983,6650,0,0,0,0,0
27177,ECG,1984,6608,0,0,0,0,0
27186,ECG,1985,6566,0,0,0,0,0
27186,ECG,1986,6524,0,0,0,0,0
27186,ECG,1987,6482,0,0,0,0,0
27186,ECG,1988,6441,0,0,0,0,0
27186,ECG,1989,6400,0,0,0,0,0
27196,ECG,1990,6359,0,0,0,0,0
27196,ECG,1991,6319,0,0,0,0,0
27196,ECG,1992,6279,0,0,0,0,0
27196,ECG,1993,6239,0,0,0,0,0
27196,ECG,1994,6199,0,0,0,0,0
27206,ECG,1995,6159,0,0,0,0,0
27206,ECG,1996,6120,0,0,0,0,0
27206,ECG,1997,6081,0,0,0,0,0
27206,ECG,1998,6042,0,0,0,0,0
27206,ECG,1999,6004,0,0,0,0,0
27216,ECG,2000,5966,0,0,0,0,0
27216,ECG,2001,5928,0,0,0,0,0
27216,ECG,2002,5890,0,0,0,0,0
27216,ECG,2003,5852,0,0,0,0,0
27216,ECG,2004,5815,0,0,0,0,0
27225,ECG,2005,5778,0,0,0,0,0
27225,ECG,2006,5741,0,0,0,0,0
27225,ECG,2007,5705,0,0,0,0,0
27225,ECG,2008,5669,0,0,0,0,0
27226,ECG,2009,5632,0,0,0,0,0
27235,ECG,2010,5596,0,0,0,0,0
27235,ECG,2011,5561,0,0,0,0,0
27235,ECG,2012,5525,0,0,0,0,0
27235,ECG,2013,5490,0,0,0,0,0
27235,ECG,2014,5455,0,0,0,0,0
27245,ECG,2015,5420,0,0,0,0,0
27245,ECG,2016,5386,0,0,0,0,0
27245,ECG,2017,5351,0,0,0,0,0
27245,ECG,2018,5317,0,0,0,0,0
27245,ECG,2019,5283,0,0,0,0,0
27255,ECG,2020,5249,0,0,0,0,0
27255,ECG,2021,5216,0,0,0,0,0
27255,ECG,2022,5183,0,0,0,0,0
27255,ECG,2023,5150,0,0,0,0,0
27255,ECG,2024,5117,0,0,0,0,0
27265,ECG,2025,5084,0,0,0,0,0
27265,ECG,2026,5051,0,0,0,0,0
27265,ECG,2027,5019,0,0,0,0,0
27265,ECG,2028,4987,0,0,0,0,0
27265,ECG,2029,4955,0,0,0,0,0
27274,ECG,2030,4924,0,0,0,0,0
27274,ECG,2031,4892,0,0,0,0,0
27274,ECG,2032,4861,0,0,0,0,0
27274,ECG,2033,4830,0,0,0,0,0
27274,ECG,2034,4799,0,0,0,0,0
27284,ECG,2035,4768,0,0,0,0,0
27284,ECG,2036,4738,0,0,0,0,0
27284,ECG,2037,4707,0,0,0,0,0
27284,ECG,2038,4677,0,0,0,0,0
27284,ECG,2039,4647,0,0,0,0,0
27294,ECG,2040,4618,0,0,0,0,0
27294,ECG,2041,4588,0,0,0,0,0
27294,ECG,2042,4559,0,0,0,0,0
27294,ECG,2043,4530,0,0,0,0,0
27294,ECG,2044,4501,0,0,0,0,0
27304,ECG,2045,4472,0,0,0,0,0
27304,ECG,2046,4443,0,0,0,0,0
27304,ECG,2047,4415,0,0,0,0,0
27263,IMU,416,1052,-436,8300,-88,61,46
27282,IMU,417,1092,-432,8444,-93,69,29
27302,IMU,418,1108,-308,8432,-83,66,22
27320,IMU,419,1120,-440,8484,-81,52,46
27339,IMU,420,1096,-364,8344,-106,40,49
27358,IMU,421,1136,-404,8416,-83,60,39
27377,IMU,422,1092,-464,8368,-90,53,40
27396,IMU,423,1128,-384,8416,-92,50,30
27415,IMU,424,1000,-500,8352,-89,60,42
27435,IMU,425,1144,-412,8404,-97,74,43
27454,IMU,426,1108,-428,8452,-100,52,43
27473,IMU,427,1192,-408,8436,-95,47,47
27492,IMU,428,1124,-348,8396,-95,56,35
27515,IMU,429,1132,-408,8424,-92,74,34
27530,IMU,430,1100,-396,8404,-84,49,25
27550,IMU,431,1116,-368,8360,-82,44,45
27569,IMU,432,1128,-412,8364,-91,69,47
27588,IMU,433,1088,-384,8388,-103,60,30
27607,IMU,434,1072,-468,8376,-93,59,66
27626,IMU,435,1044,-376,8356,-107,79,45
27645,IMU,436,1008,-376,8388,-100,58,48
27664,IMU,437,1056,-368,8372,-82,56,34
27683,IMU,438,1040,-372,8372,-70,63,37
27702,IMU,439,1096,-520,8432,-88,48,29
27721,IMU,440,968,-352,8364,-85,60,34
27742,IMU,441,1148,-444,8392,-85,58,50
27761,IMU,442,1072,-376,8428,-94,68,35
27779,IMU,443,1004,-404,8392,-98,61,52
27798,IMU,444,968,-360,8420,-97,56,40
27817,IMU,445,1140,-424,8456,-83,47,46
27836,IMU,446,1112,-360,8388,-114,65,36
27856,IMU,447,1096,-432,8392,-92,71,42
27875,IMU,448,1116,-412,8384,-94,49,38
27894,IMU,449,984,-388,8328,-107,59,36
27913,IMU,450,1176,-396,8348,-98,54,38
27932,IMU,451,1132,-448,8348,-104,64,50
27954,IMU,452,856,-396,8392,-122,63,45
27970,IMU,453,1128,-408,8444,-88,58,37
27990,IMU,454,1040,-428,8408,-92,71,37
28009,IMU,455,1036,-400,8440,-98,66,37
28028,IMU,456,1052,-360,8444,-91,69,44
28047,IMU,457,1032,-396,8280,-106,58,22
28066,IMU,458,1060,-412,8400,-94,42,31
28085,IMU,459,1020,-456,8352,-104,55,34
28105,IMU,460,1120,-416,8476,-103,54,27
28124,IMU,461,1100,-444,8420,-97,58,38
28143,IMU,462,1108,-440,8416,-102,58,31
28164,IMU,463,1116,-320,8404,-107,56,39
28181,IMU,464,1080,-396,8460,-92,57,47
28204,IMU,465,1108,-396,8372,-102,65,63
28220,IMU,466,1140,-368,8372,-108,83,38
28239,IMU,467,1056,-364,8452,-90,60,27
28258,IMU,468,1092,-440,8388,-89,66,28
28277,IMU,469,1088,-304,8412,-81,40,63
28296,IMU,470,1124,-392,8460,-93,49,23
28317,IMU,471,1060,-416,8436,-90,53,46
28334,IMU,472,1164,-400,8408,-110,61,49
28354,IMU,473,1104,-416,8416,-87,66,44
28373,IMU,474,1088,-340,8428,-105,48,36
28394,IMU,475,1136,-384,8388,-91,62,54
28411,IMU,476,1132,-420,8488,-71,70,26
28430,IMU,477,1096,-348,8400,-88,57,36
28449,IMU,478,1156,-380,8288,-103,52,29
28469,IMU,479,1096,-492,8400,-98,59,47
28488,IMU,480,1180,-364,8432,-86,56,39
28507,IMU,481,1104,-324,8384,-109,53,55
28526,IMU,482,1120,-368,8444,-98,48,33
28545,IMU,483,1140,-488,8344,-100,60,38
28564,IMU,484,1064,-444,8376,-104,71,36
28584,IMU,485,1020,-496,8524,-107,55,24
28606,IMU,486,1124,-368,8444,-98,67,50
28622,IMU,487,1012,-384,8404,-108,58,35
28641,IMU,488,1100,-488,8412,-79,65,67
28660,IMU,489,1000,-500,8456,-94,43,44
28679,IMU,490,1064,-372,8428,-95,54,38
28699,IMU,491,1072,-472,8396,-97,84,34
28718,IMU,492,1068,-420,8400,-85,64,42
28737,IMU,493,1028,-464,8472,-89,61,52
28756,IMU,494,1032,-448,8516,-83,46,42
28775,IMU,495,1084,-440,8488,-110,51,25
28794,IMU,496,1076,-448,8456,-81,55,45
28813,IMU,497,1128,-404,8376,-88,53,34
28834,IMU,498,1096,-492,8464,-87,63,43
28851,IMU,499,1224,-384,8304,-93,63,31
28870,IMU,500,1044,-336,8348,-92,64,36
28889,IMU,501,1084,-328,8460,-103,87,27
28909,IMU,502,948,-392,8384,-108,69,38
28928,IMU,503,980,-440,8480,-85,61,40
28947,IMU,504,1184,-348,8444,-95,70,44
28966,IMU,505,1124,-284,8376,-105,54,34
28985,IMU,506,1088,-376,8472,-104,66,45
29004,IMU,507,1064,-328,8332,-114,62,37
29024,IMU,508,1132,-412,8484,-91,67,34
29046,IMU,509,1016,-436,8420,-94,56,18
29062,IMU,510,1204,-428,8440,-102,66,56
29081,IMU,511,1120,-452,8424,-97,52,30
29100,IMU,512,1028,-348,8436,-89,64,38
29119,IMU,513,1000,-448,8408,-96,72,30
29138,IMU,514,1032,-476,8352,-84,58,30
29157,IMU,515,1204,-440,8408,-89,65,34
29176,IMU,516,1112,-388,8320,-96,65,31
29195,IMU,517,1088,-452,8416,-105,70,38
29214,IMU,518,1092,-472,8404,-95,69,38
29234,IMU,519,1096,-468,8416,-105,68,45
29254,IMU,520,1088,-412,8392,-103,59,35
29273,IMU,521,1068,-352,8448,-81,57,31
29291,IMU,522,1104,-336,8436,-97,39,41
29310,IMU,523,1120,-348,8384,-90,62,24
29329,IMU,524,1152,-528,8444,-94,49,42
29350,IMU,525,1100,-404,8400,-80,62,26
29368,IMU,526,1148,-532,8436,-94,68,34
29387,IMU,527,1184,-368,8452,-94,59,39
29406,IMU,528,1120,-372,8384,-86,52,48
29425,IMU,529,1104,-400,8420,-107,59,35
29444,IMU,530,1028,-448,8416,-90,54,41
29463,IMU,531,1088,-328,8412,-99,63,46
29485,IMU,532,1068,-372,8436,-117,40,30
29501,IMU,533,1064,-356,8408,-105,54,48
29520,IMU,534,1012,-444,8428,-110,66,39
29540,IMU,535,1044,-436,8464,-96,62,43
29559,IMU,536,1076,-444,8356,-83,65,28
29578,IMU,537,1100,-372,8436,-98,68,35
29597,IMU,538,1228,-440,8440,-104,71,10
29616,IMU,539,1028,-452,8424,-104,53,36
29635,IMU,540,1124,-468,8452,-91,49,23
29654,IMU,541,1012,-360,8472,-89,59,37
29673,IMU,542,1112,-452,8348,-96,58,47
29696,IMU,543,1128,-444,8396,-95,66,57
29714,IMU,544,1092,-364,8300,-105,45,29
29731,IMU,545,1136,-460,8408,-80,45,33
29750,IMU,546,1060,-504,8384,-110,63,54
29769,IMU,547,1104,-340,8376,-98,46,37
29788,IMU,548,1088,-376,8452,-96,49,33
29807,IMU,549,1056,-452,8484,-84,56,30
29826,IMU,550,1076,-416,8340,-96,54,35
29846,IMU,551,1092,-408,8396,-105,61,27
29865,IMU,552,1016,-392,8440,-119,64,49
29884,IMU,553,1044,-364,8376,-96,48,50
29903,IMU,554,1196,-416,8328,-114,48,42
29924,IMU,555,1060,-424,8352,-106,62,45
29941,IMU,556,1076,-352,8404,-99,60,23
29960,IMU,557,1056,-356,8352,-100,52,31
29980,IMU,558,1104,-416,8424,-97,69,33
29999,IMU,559,956,-348,8396,-94,53,34
30018,IMU,560,1044,-328,8384,-102,70,45
30037,IMU,561,1128,-464,8436,-84,52,40
30056,IMU,562,1128,-392,8348,-100,45,33
30075,IMU,563,1036,-364,8412,-89,65,42
30095,IMU,564,1120,-376,8412,-101,57,52
30114,IMU,565,1116,-476,8408,-102,69,27
30136,IMU,566,1148,-436,8412,-108,60,26
30152,IMU,567,1080,-428,8536,-105,64,40
30171,IMU,568,1176,-492,8376,-96,61,49
30190,IMU,569,1036,-432,8452,-94,59,39
30210,IMU,570,1164,-404,8388,-102,61,42
30229,IMU,571,1140,-412,8512,-92,61,42
30248,IMU,572,1120,-384,8436,-91,65,44
30267,IMU,573,1068,-408,8344,-104,55,40
30286,IMU,574,1160,-412,8388,-94,54,47
30305,IMU,575,1112,-516,8348,-87,59,31
30324,IMU,576,1084,-404,8372,-95,49,40
30344,IMU,577,1220,-500,8408,-101,62,40
30365,IMU,578,1172,-496,8428,-121,52,38
30383,IMU,579,1036,-392,8392,-98,73,36
30401,IMU,580,1096,-436,8428,-107,63,40
30420,IMU,581,1128,-488,8456,-98,58,24
30439,IMU,582,1028,-424,8348,-86,60,35
30459,IMU,583,1104,-420,8356,-98,56,36
30478,IMU,584,1052,-484,8464,-109,43,35
30497,IMU,585,1072,-440,8352,-111,46,32
30516,IMU,586,1156,-444,8528,-83,49,24
30535,IMU,587,1172,-392,8452,-96,72,31
30554,IMU,588,1112,-436,8468,-101,62,38
30576,IMU,589,1168,-356,8396,-105,53,34
30593,IMU,590,1196,-336,8420,-76,56,43
30612,IMU,591,1148,-352,8396,-106,56,28
30631,IMU,592,1084,-420,8424,-87,58,40
30650,IMU,593,1148,-380,8424,-94,65,31
30669,IMU,594,1100,-420,8408,-100,71,43
30689,IMU,595,1096,-404,8416,-102,60,40
30708,IMU,596,1140,-464,8440,-113,55,48
30727,IMU,597,1060,-388,8392,-102,51,33
30746,IMU,598,1060,-416,8388,-92,40,42
30765,IMU,599,1040,-404,8364,-94,63,25
30787,IMU,600,1096,-404,8384,-87,57,43
30805,IMU,601,1036,-396,8456,-98,67,32
30823,IMU,602,1096,-512,8432,-97,63,36
30842,IMU,603,1088,-464,8392,-92,50,26
30861,IMU,604,1124,-416,8408,-94,59,40
30880,IMU,605,1112,-348,8444,-91,47,41
30899,IMU,606,1072,-404,8416,-91,61,39
30918,IMU,607,1128,-308,8440,-91,68,28
30938,IMU,608,1072,-312,8356,-93,61,55
30957,IMU,609,1148,-384,8388,-102,79,34
30976,IMU,610,1088,-436,8376,-103,69,44
30995,IMU,611,1012,-508,8432,-108,66,54
31015,IMU,612,1048,-420,8428,-88,63,40
31033,IMU,613,1120,-316,8424,-105,54,36
31052,IMU,614,1092,-440,8312,-102,73,37
31071,IMU,615,1076,-356,8436,-92,40,36
31090,IMU,616,1168,-392,8440,-92,54,37
31109,IMU,617,1084,-436,8452,-92,60,59
31128,IMU,618,1028,-404,8404,-93,64,24
31147,IMU,619,1000,-444,8336,-100,63,36
31167,IMU,620,1104,-388,8396,-103,55,34
31186,IMU,621,1152,-444,8372,-113,67,39
31205,IMU,622,1036,-512,8364,-86,61,29
31227,IMU,623,1036,-396,8436,-102,64,49
27304,ECG,2048,4386,0,0,0,0,0
27304,ECG,2049,4358,0,0,0,0,0
27314,ECG,2050,4330,0,0,0,0,0
27314,ECG,2051,4303,0,0,0,0,0
27314,ECG,2052,4275,0,0,0,0,0
27314,ECG,2053,4248,0,0,0,0,0
27314,ECG,2054,4220,0,0,0,0,0
27323,ECG,2055,4193,0,0,0,0,0
27323,ECG,2056,4166,0,0,0,0,0
27323,ECG,2057,4140,0,0,0,0,0
27323,ECG,2058,4113,0,0,0,0,0
27323,ECG,2059,4087,0,0,0,0,0
27333,ECG,2060,4060,0,0,0,0,0
27333,ECG,2061,4034,0,0,0,0,0
27333,ECG,2062,4008,0,0,0,0,0
27333,ECG,2063,3983,0,0,0,0,0
27333,ECG,2064,3957,0,0,0,0,0
27343,ECG,2065,3932,0,0,0,0,0
27343,ECG,2066,3906,0,0,0,0,0
27343,ECG,2067,3881,0,0,0,0,0
27343,ECG,2068,3856,0,0,0,0,0
27343,ECG,2069,3832,0,0,0,0,0
27353,ECG,2070,3807,0,0,0,0,0
27353,ECG,2071,3782,0,0,0,0,0
27353,ECG,2072,3758,0,0,0,0,0
27353,ECG,2073,3734,0,0,0,0,0
27353,ECG,2074,3710,0,0,0,0,0
27362,ECG,2075,3686,0,0,0,0,0
27362,ECG,2076,3662,0,0,0,0,0
27362,ECG,2077,3639,0,0,0,0,0
27362,ECG,2078,3615,0,0,0,0,0
27362,ECG,2079,3592,0,0,0,0,0
27372,ECG,2080,3569,0,0,0,0,0
27372,ECG,2081,3546,0,0,0,0,0
27372,ECG,2082,3523,0,0,0,0,0
27372,ECG,2083,3500,0,0,0,0,0
27372,ECG,2084,3478,0,0,0,0,0
27382,ECG,2085,3455,0,0,0,0,0
27382,ECG,2086,3433,0,0,0,0,0
27382,ECG,2087,3411,0,0,0,0,0
27382,ECG,2088,3389,0,0,0,0,0
27382,ECG,2089,3367,0,0,0,0,0
27392,ECG,2090,3345,0,0,0,0,0
27392,ECG,2091,3324,0,0,0,0,0
27392,ECG,2092,3302,0,0,0,0,0
27392,ECG,2093,3281,0,0,0,0,0
27392,ECG,2094,3260,0,0,0,0,0
27402,ECG,2095,3239,0,0,0,0,0
27402,ECG,2096,3218,0,0,0,0,0
27402,ECG,2097,3197,0,0,0,0,0
27402,ECG,2098,3176,0,0,0,0,0
27402,ECG,2099,3156,0,0,0,0,0
27411,ECG,2100,3135,0,0,0,0,0
27411,ECG,2101,3115,0,0,0,0,0
27411,ECG,2102,3095,0,0,0,0,0
27411,ECG,2103,3075,0,0,0,0,0
27411,ECG,2104,3055,0,0,0,0,0
27421,ECG,2105,3035,0,0,0,0,0
27421,ECG,2106,3015,0,0,0,0,0
27421,ECG,2107,2996,0,0,0,0,0
27421,ECG,2108,2976,0,0,0,0,0
27421,ECG,2109,2957,0,0,0,0,0
27431,ECG,2110,2938,0,0,0,0,0
27431,ECG,2111,2919,0,0,0,0,0
27431,ECG,2112,2900,0,0,0,0,0
27431,ECG,2113,2881,0,0,0,0,0
27431,ECG,2114,2862,0,0,0,0,0
27441,ECG,2115,2844,0,0,0,0,0
27441,ECG,2116,2825,0,0,0,0,0
27441,ECG,2117,2807,0,0,0,0,0
27441,ECG,2118,2789,0,0,0,0,0
27441,ECG,2119,2771,0,0,0,0,0
27451,ECG,2120,2753,0,0,0,0,0
27451,ECG,2121,2735,0,0,0,0,0
27451,ECG,2122,2717,0,0,0,0,0
27451,ECG,2123,2700,0,0,0,0,0
27451,ECG,2124,2682,0,0,0,0,0
27460,ECG,2125,2665,0,0,0,0,0
27460,ECG,2126,2647,0,0,0,0,0
27460,ECG,2127,2630,0,0,0,0,0
27460,ECG,2128,2613,0,0,0,0,0
27460,ECG,2129,2596,0,0,0,0,0
27470,ECG,2130,2579,0,0,0,0,0
27470,ECG,2131,2562,0,0,0,0,0
27470,ECG,2132,2546,0,0,0,0,0
27470,ECG,2133,2529,0,0,0,0,0
27470,ECG,2134,2513,0,0,0,0,0
27480,ECG,2135,2496,0,0,0,0,0
27480,ECG,2136,2480,0,0,0,0,0
27480,ECG,2137,2464,0,0,0,0,0
27480,ECG,2138,2448,0,0,0,0,0
27480,ECG,2139,2432,0,0,0,0,0
27490,ECG,2140,2416,0,0,0,0,0
27490,ECG,2141,2400,0,0,0,0,0
27490,ECG,2142,2385,0,0,0,0,0
27490,ECG,2143,2369,0,0,0,0,0
27490,ECG,2144,2354,0,0,0,0,0
27500,ECG,2145,2338,0,0,0,0,0
27500,ECG,2146,2323,0,0,0,0,0
27500,ECG,2147,2308,0,0,0,0,0
27500,ECG,2148,2293,0,0,0,0,0
27500,ECG,2149,2278,0,0,0,0,0
27509,ECG,2150,2263,0,0,0,0,0
27509,ECG,2151,2248,0,0,0,0,0
27509,ECG,2152,2233,0,0,0,0,0
27509,ECG,2153,2219,0,0,0,0,0
27509,ECG,2154,2204,0,0,0,0,0
27519,ECG,2155,2190,0,0,0,0,0
27519,ECG,2156,2176,0,0,0,0,0
27519,ECG,2157,2161,0,0,0,0,0
27519,ECG,2158,2147,0,0,0,0,0
27519,ECG,2159,2133,0,0,0,0,0
27529,ECG,2160,2119,0,0,0,0,0
27529,ECG,2161,2105,0,0,0,0,0
27529,ECG,2162,2091,0,0,0,0,0
27529,ECG,2163,2078,0,0,0,0,0
27529,ECG,2164,2064,0,0,0,0,0
27539,ECG,2165,2050,0,0,0,0,0
27539,ECG,2166,2037,0,0,0,0,0
27539,ECG,2167,2023,0,0,0,0,0
27539,ECG,2168,2010,0,0,0,0,0
27539,ECG,2169,1997,0,0,0,0,0
27548,ECG,2170,1984,0,0,0,0,0
27548,ECG,2171,1971,0,0,0,0,0
27548,ECG,2172,1958,0,0,0,0,0
27548,ECG,2173,1945,0,0,0,0,0
27548,ECG,2174,1932,0,0,0,0,0
27558,ECG,2175,1919,0,0,0,0,0
27558,ECG,2176,1906,0,0,0,0,0
27558,ECG,2177,1894,0,0,0,0,0
27558,ECG,2178,1881,0,0,0,0,0
27558,ECG,2179,1869,0,0,0,0,0
27568,ECG,2180,1857,0,0,0,0,0
27568,ECG,2181,1844,0,0,0,0,0
27568,ECG,2182,1832,0,0,0,0,0
27568,ECG,2183,1820,0,0,0,0,0
27568,ECG,2184,1808,0,0,0,0,0
27578,ECG,2185,1796,0,0,0,0,0
27578,ECG,2186,1784,0,0,0,0,0
27578,ECG,2187,1772,0,0,0,0,0
27578,ECG,2188,1761,0,0,0,0,0
27578,ECG,2189,1749,0,0,0,0,0
27588,ECG,2190,1737,0,0,0,0,0
27588,ECG,2191,1726,0,0,0,0,0
27588,ECG,2192,1714,0,0,0,0,0
27588,ECG,2193,1703,0,0,0,0,0
27588,ECG,2194,1692,0,0,0,0,0
27597,ECG,2195,1681,0,0,0,0,0
27597,ECG,2196,1669,0,0,0,0,0
27597,ECG,2197,1658,0,0,0,0,0
27597,ECG,2198,1647,0,0,0,0,0
27597,ECG,2199,1636,0,0,0,0,0
27607,ECG,2200,1625,0,0,0,0,0
27607,ECG,2201,1615,0,0,0,0,0
27607,ECG,2202,1604,0,0,0,0,0
27607,ECG,2203,1593,0,0,0,0,0
27607,ECG,2204,1583,0,0,0,0,0
27617,ECG,2205,1572,0,0,0,0,0
27617,ECG,2206,1562,0,0,0,0,0
27617,ECG,2207,1551,0,0,0,0,0
27617,ECG,2208,1541,0,0,0,0,0
27617,ECG,2209,1531,0,0,0,0,0
27627,ECG,2210,1520,0,0,0,0,0
27627,ECG,2211,1510,0,0,0,0,0
27627,ECG,2212,1500,0,0,0,0,0
27627,ECG,2213,1490,0,0,0,0,0
27627,ECG,2214,1480,0,0,0,0,0
27636,ECG,2215,1470,0,0,0,0,0
27636,ECG,2216,1460,0,0,0,0,0
27636,ECG,2217,1451,0,0,0,0,0
27636,ECG,2218,1441,0,0,0,0,0
27636,ECG,2219,1431,0,0,0,0,0
27646,ECG,2220,1422,0,0,0,0,0
27646,ECG,2221,1412,0,0,0,0,0
27646,ECG,2222,1403,0,0,0,0,0
27646,ECG,2223,1393,0,0,0,0,0
27646,ECG,2224,1384,0,0,0,0,0
27656,ECG,2225,1375,0,0,0,0,0
27656,ECG,2226,1365,0,0,0,0,0
27656,ECG,2227,1356,0,0,0,0,0
27656,ECG,2228,1347,0,0,0,0,0
27656,ECG,2229,1338,0,0,0,0,0
27666,ECG,2230,1329,0,0,0,0,0
27666,ECG,2231,1320,0,0,0,0,0
27666,ECG,2232,1311,0,0,0,0,0
27666,ECG,2233,1302,0,0,0,0,0
27666,ECG,2234,1294,0,0,0,0,0
27676,ECG,2235,1285,0,0,0,0,0
27676,ECG,2236,1276,0,0,0,0,0
27676,ECG,2237,1268,0,0,0,0,0
27676,ECG,2238,1259,0,0,0,0,0
27676,ECG,2239,1251,0,0,0,0,0
27685,ECG,2240,1242,0,0,0,0,0
27685,ECG,2241,1234,0,0,0,0,0
27685,ECG,2242,1225,0,0,0,0,0
27685,ECG,2243,1217,0,0,0,0,0
27685,ECG,2244,1209,0,0,0,0,0
27695,ECG,2245,1201,0,0,0,0,0
27695,ECG,2246,1192,0,0,0,0,0
27695,ECG,2247,1184,0,0,0,0,0
27695,ECG,2248,1176,0,0,0,0,0
27695,ECG,2249,1168,0,0,0,0,0
27705,ECG,2250,1160,0,0,0,0,0
27705,ECG,2251,1152,0,0,0,0,0
27705,ECG,2252,1145,0,0,0,0,0
27705,ECG,2253,1137,0,0,0,0,0
27705,ECG,2254,1129,0,0,0,0,0
27715,ECG,2255,1121,0,0,0,0,0
27715,ECG,2256,1114,0,0,0,0,0
27715,ECG,2257,1106,0,0,0,0,0
27715,ECG,2258,1099,0,0,0,0,0
27715,ECG,2259,1091,0,0,0,0,0
28729,ECG,2260,0,0,0,0,0,0
28729,ECG,2261,-1,0,0,0,0,0
28729,ECG,2262,-6,0,0,0,0,0
28729,ECG,2263,2,0,0,0,0,0
28729,ECG,2264,6,0,0,0,0,0
28739,ECG,2265,-17,0,0,0,0,0
28739,ECG,2266,38,0,0,0,0,0
28739,ECG,2267,-16,0,0,0,0,0
28739,ECG,2268,-26,0,0,0,0,0
28739,ECG,2269,151,0,0,0,0,0
28748,ECG,2270,-753,0,0,0,0,0
28748,ECG,2271,-2109,0,0,0,0,0
28748,ECG,2272,-1850,0,0,0,0,0
28748,ECG,2273,-36,0,0,0,0,0
28748,ECG,2274,3394,0,0,0,0,0
28758,ECG,2275,8729,0,0,0,0,0
28758,ECG,2276,15156,0,0,0,0,0
28758,ECG,2277,21689,0,0,0,0,0
28758,ECG,2278,27397,0,0,0,0,0
28758,ECG,2279,31311,0,0,0,0,0
28768,ECG,2280,32011,0,0,0,0,0
28768,ECG,2281,31810,0,0,0,0,0
28768,ECG,2282,31610,0,0,0,0,0
28768,ECG,2283,31343,0,0,0,0,0
28768,ECG,2284,31109,0,0,0,0,0
28778,ECG,2285,31019,0,0,0,0,0
28778,ECG,2286,30731,0,0,0,0,0
28778,ECG,2287,30591,0,0,0,0,0
28778,ECG,2288,30395,0,0,0,0,0
28778,ECG,2289,30195,0,0,0,0,0
28788,ECG,2290,30019,0,0,0,0,0
28788,ECG,2291,29827,0,0,0,0,0
28788,ECG,2292,29638,0,0,0,0,0
28788,ECG,2293,29451,0,0,0,0,0
28788,ECG,2294,29266,0,0,0,0,0
28797,ECG,2295,29082,0,0,0,0,0
28797,ECG,2296,28900,0,0,0,0,0
28797,ECG,2297,28718,0,0,0,0,0
28797,ECG,2298,28537,0,0,0,0,0
28797,ECG,2299,28358,0,0,0,0,0
28807,ECG,2300,28180,0,0,0,0,0
28807,ECG,2301,28002,0,0,0,0,0
28807,ECG,2302,27826,0,0,0,0,0
28807,ECG,2303,27651,0,0,0,0,0
28807,ECG,2304,27478,0,0,0,0,0
28817,ECG,2305,27305,0,0,0,0,0
28817,ECG,2306,27133,0,0,0,0,0
28817,ECG,2307,26963,0,0,0,0,0
28817,ECG,2308,26793,0,0,0,0,0
28817,ECG,2309,26625,0,0,0,0,0
28827,ECG,2310,26457,0,0,0,0,0
28827,ECG,2311,26291,0,0,0,0,0
28827,ECG,2312,26126,0,0,0,0,0
28827,ECG,2313,25961,0,0,0,0,0
28827,ECG,2314,25798,0,0,0,0,0
28837,ECG,2315,25636,0,0,0,0,0
28837,ECG,2316,25475,0,0,0,0,0
28837,ECG,2317,25314,0,0,0,0,0
28837,ECG,2318,25155,0,0,0,0,0
28837,ECG,2319,24997,0,0,0,0,0
28846,ECG,2320,24840,0,0,0,0,0
28846,ECG,2321,24683,0,0,0,0,0
28846,ECG,2322,24528,0,0,0,0,0
28846,ECG,2323,24374,0,0,0,0,0
28846,ECG,2324,24221,0,0,0,0,0
28856,ECG,2325,24068,0,0,0,0,0
28856,ECG,2326,23917,0,0,0,0,0
28856,ECG,2327,23766,0,0,0,0,0
28856,ECG,2328,23617,0,0,0,0,0
28856,ECG,2329,23468,0,0,0,0,0
28866,ECG,2330,23321,0,0,0,0,0
28866,ECG,2331,23174,0,0,0,0,0
28866,ECG,2332,23028,0,0,0,0,0
28866,ECG,2333,22883,0,0,0,0,0
28866,ECG,2334,22739,0,0,0,0,0
28876,ECG,2335,22596,0,0,0,0,0
28876,ECG,2336,22454,0,0,0,0,0
28876,ECG,2337,22313,0,0,0,0,0
28876,ECG,2338,22172,0,0,0,0,0
28876,ECG,2339,22033,0,0,0,0,0
28885,ECG,2340,21894,0,0,0,0,0
28885,ECG,2341,21756,0,0,0,0,0
28885,ECG,2342,21619,0,0,0,0,0
28885,ECG,2343,21483,0,0,0,0,0
28885,ECG,2344,21348,0,0,0,0,0
28895,ECG,2345,21214,0,0,0,0,0
28895,ECG,2346,21080,0,0,0,0,0
28895,ECG,2347,20948,0,0,0,0,0
28895,ECG,2348,20816,0,0,0,0,0
28895,ECG,2349,20685,0,0,0,0,0
28905,ECG,2350,20555,0,0,0,0,0
28905,ECG,2351,20425,0,0,0,0,0
28905,ECG,2352,20297,0,0,0,0,0
28905,ECG,2353,20169,0,0,0,0,0
28905,ECG,2354,20042,0,0,0,0,0
28915,ECG,2355,19916,0,0,0,0,0
28915,ECG,2356,19790,0,0,0,0,0
28915,ECG,2357,19666,0,0,0,0,0
28915,ECG,2358,19542,0,0,0,0,0
28915,ECG,2359,19419,0,0,0,0,0
28925,ECG,2360,19297,0,0,0,0,0
28925,ECG,2361,19175,0,0,0,0,0
28925,ECG,2362,19055,0,0,0,0,0
28925,ECG,2363,18935,0,0,0,0,0
28925,ECG,2364,18815,0,0,0,0,0
28934,ECG,2365,18697,0,0,0,0,0
28934,ECG,2366,18579,0,0,0,0,0
28934,ECG,2367,18462,0,0,0,0,0
28934,ECG,2368,18346,0,0,0,0,0
28934,ECG,2369,18230,0,0,0,0,0
28944,ECG,2370,18116,0,0,0,0,0
28944,ECG,2371,18002,0,0,0,0,0
28944,ECG,2372,17888,0,0,0,0,0
28944,ECG,2373,17775,0,0,0,0,0
28944,ECG,2374,17663,0,0,0,0,0
28954,ECG,2375,17552,0,0,0,0,0
28954,ECG,2376,17442,0,0,0,0,0
28954,ECG,2377,17332,0,0,0,0,0
28954,ECG,2378,17222,0,0,0,0,0
28954,ECG,2379,17114,0,0,0,0,0
28964,ECG,2380,17006,0,0,0,0,0
28964,ECG,2381,16899,0,0,0,0,0
28964,ECG,2382,16792,0,0,0,0,0
28964,ECG,2383,16687,0,0,0,0,0
28964,ECG,2384,16581,0,0,0,0,0
28973,ECG,2385,16477,0,0,0,0,0
28973,ECG,2386,16373,0,0,0,0,0
28973,ECG,2387,16270,0,0,0,0,0
28973,ECG,2388,16167,0,0,0,0,0
28973,ECG,2389,16065,0,0,0,0,0
28983,ECG,2390,15964,0,0,0,0,0
28983,ECG,2391,15864,0,0,0,0,0
28983,ECG,2392,15764,0,0,0,0,0
28983,ECG,2393,15664,0,0,0,0,0
28983,ECG,2394,15566,0,0,0,0,0
28993,ECG,2395,15467,0,0,0,0,0
28993,ECG,2396,15370,0,0,0,0,0
28993,ECG,2397,15273,0,0,0,0,0
28993,ECG,2398,15177,0,0,0,0,0
28993,ECG,2399,15081,0,0,0,0,0
29003,ECG,2400,14986,0,0,0,0,0
29003,ECG,2401,14891,0,0,0,0,0
29003,ECG,2402,14797,0,0,0,0,0
29003,ECG,2403,14704,0,0,0,0,0
29003,ECG,2404,14611,0,0,0,0,0
29013,ECG,2405,14519,0,0,0,0,0
29013,ECG,2406,14428,0,0,0,0,0
29013,ECG,2407,14337,0,0,0,0,0
29013,ECG,2408,14246,0,0,0,0,0
29013,ECG,2409,14156,0,0,0,0,0
29022,ECG,2410,14067,0,0,0,0,0
29022,ECG,2411,13978,0,0,0,0,0
29022,ECG,2412,13890,0,0,0,0,0
29022,ECG,2413,13802,0,0,0,0,0
29022,ECG,2414,13715,0,0,0,0,0
29032,ECG,2415,13629,0,0,0,0,0
29032,ECG,2416,13543,0,0,0,0,0
29032,ECG,2417,13457,0,0,0,0,0
29032,ECG,2418,13372,0,0,0,0,0
29032,ECG,2419,13288,0,0,0,0,0
29042,ECG,2420,13204,0,0,0,0,0
29042,ECG,2421,13121,0,0,0,0,0
29042,ECG,2422,13038,0,0,0,0,0
29042,ECG,2423,12956,0,0,0,0,0
29042,ECG,2424,12874,0,0,0,0,0
29052,ECG,2425,12793,0,0,0,0,0
29052,ECG,2426,12712,0,0,0,0,0
29052,ECG,2427,12632,0,0,0,0,0
29052,ECG,2428,12552,0,0,0,0,0
29052,ECG,2429,12473,0,0,0,0,0
29062,ECG,2430,12394,0,0,0,0,0
29062,ECG,2431,12316,0,0,0,0,0
29062,ECG,2432,12238,0,0,0,0,0
29062,ECG,2433,12161,0,0,0,0,0
29062,ECG,2434,12084,0,0,0,0,0
29071,ECG,2435,12008,0,0,0,0,0
29071,ECG,2436,11932,0,0,0,0,0
29071,ECG,2437,11857,0,0,0,0,0
29071,ECG,2438,11782,0,0,0,0,0
29071,ECG,2439,11707,0,0,0,0,0
29081,ECG,2440,11633,0,0,0,0,0
29081,ECG,2441,11560,0,0,0,0,0
29081,ECG,2442,11487,0,0,0,0,0
29081,ECG,2443,11414,0,0,0,0,0
29081,ECG,2444,11342,0,0,0,0,0
29091,ECG,2445,11271,0,0,0,0,0
29091,ECG,2446,11199,0,0,0,0,0
29091,ECG,2447,11129,0,0,0,0,0
29091,ECG,2448,11058,0,0,0,0,0
29091,ECG,2449,10988,0,0,0,0,0
29101,ECG,2450,10919,0,0,0,0,0
29101,ECG,2451,10850,0,0,0,0,0
29101,ECG,2452,10781,0,0,0,0,0
29101,ECG,2453,10713,0,0,0,0,0
29101,ECG,2454,10645,0,0,0,0,0
29110,ECG,2455,10578,0,0,0,0,0
29110,ECG,2456,10511,0,0,0,0,0
29110,ECG,2457,10445,0,0,0,0,0
29110,ECG,2458,10379,0,0,0,0,0
29110,ECG,2459,10313,0,0,0,0,0
29120,ECG,2460,10248,0,0,0,0,0
29120,ECG,2461,10183,0,0,0,0,0
29120,ECG,2462,10118,0,0,0,0,0
29120,ECG,2463,10054,0,0,0,0,0
29120,ECG,2464,9991,0,0,0,0,0
29130,ECG,2465,9928,0,0,0,0,0
29130,ECG,2466,9865,0,0,0,0,0
29130,ECG,2467,9802,0,0,0,0,0
29130,ECG,2468,9740,0,0,0,0,0
29130,ECG,2469,9679,0,0,0,0,0
29140,ECG,2470,9617,0,0,0,0,0
29140,ECG,2471,9557,0,0,0,0,0
29140,ECG,2472,9496,0,0,0,0,0
29140,ECG,2473,9436,0,0,0,0,0
29140,ECG,2474,9376,0,0,0,0,0
29150,ECG,2475,9317,0,0,0,0,0
29150,ECG,2476,9258,0,0,0,0,0
29150,ECG,2477,9200,0,0,0,0,0
29150,ECG,2478,9141,0,0,0,0,0
29150,ECG,2479,9083,0,0,0,0,0
29159,ECG,2480,9026,0,0,0,0,0
29159,ECG,2481,8969,0,0,0,0,0
29159,ECG,2482,8912,0,0,0,0,0
29159,ECG,2483,8855,0,0,0,0,0
29159,ECG,2484,8799,0,0,0,0,0
29169,ECG,2485,8744,0,0,0,0,0
29169,ECG,2486,8688,0,0,0,0,0
29169,ECG,2487,8633,0,0,0,0,0
29169,ECG,2488,8578,0,0,0,0,0
29169,ECG,2489,8524,0,0,0,0,0
29179,ECG,2490,8470,0,0,0,0,0
29179,ECG,2491,8416,0,0,0,0,0
29179,ECG,2492,8363,0,0,0,0,0
29179,ECG,2493,8310,0,0,0,0,0
29179,ECG,2494,8257,0,0,0,0,0
29189,ECG,2495,8205,0,0,0,0,0
29189,ECG,2496,8153,0,0,0,0,0
29189,ECG,2497,8101,0,0,0,0,0
29189,ECG,2498,8050,0,0,0,0,0
29189,ECG,2499,7999,0,0,0,0,0
29199,ECG,2500,7948,0,0,0,0,0
29199,ECG,2501,7898,0,0,0,0,0
29199,ECG,2502,7848,0,0,0,0,0
29199,ECG,2503,7798,0,0,0,0,0
29199,ECG,2504,7749,0,0,0,0,0
29208,ECG,2505,7699,0,0,0,0,0
29208,ECG,2506,7651,0,0,0,0,0
29208,ECG,2507,7602,0,0,0,0,0
29208,ECG,2508,7554,0,0,0,0,0
29208,ECG,2509,7506,0,0,0,0,0
29218,ECG,2510,7458,0,0,0,0,0
29218,ECG,2511,7411,0,0,0,0,0
29218,ECG,2512,7364,0,0,0,0,0
29218,ECG,2513,7317,0,0,0,0,0
29218,ECG,2514,7271,0,0,0,0,0
29228,ECG,2515,7224,0,0,0,0,0
29228,ECG,2516,7178,0,0,0,0,0
29228,ECG,2517,7133,0,0,0,0,0
29228,ECG,2518,7088,0,0,0,0,0
29228,ECG,2519,7043,0,0,0,0,0
29238,ECG,2520,6998,0,0,0,0,0
29238,ECG,2521,6953,0,0,0,0,0
29238,ECG,2522,6909,0,0,0,0,0
29238,ECG,2523,6865,0,0,0,0,0
29238,ECG,2524,6821,0,0,0,0,0
29247,ECG,2525,6778,0,0,0,0,0
29247,ECG,2526,6735,0,0,0,0,0
29247,ECG,2527,6692,0,0,0,0,0
29247,ECG,2528,6650,0,0,0,0,0
29247,ECG,2529,6608,0,0,0,0,0
29257,ECG,2530,6566,0,0,0,0,0
29257,ECG,2531,6524,0,0,0,0,0
29257,ECG,2532,6482,0,0,0,0,0
29257,ECG,2533,6441,0,0,0,0,0
29257,ECG,2534,6400,0,0,0,0,0
29267,ECG,2535,6359,0,0,0,0,0
29267,ECG,2536,6319,0,0,0,0,0
29267,ECG,2537,6279,0,0,0,0,0
29267,ECG,2538,6239,0,0,0,0,0
29267,ECG,2539,6199,0,0,0,0,0
29277,ECG,2540,6159,0,0,0,0,0
29277,ECG,2541,6120,0,0,0,0,0
29277,ECG,2542,6081,0,0,0,0,0
29277,ECG,2543,6042,0,0,0,0,0
29277,ECG,2544,6004,0,0,0,0,0
29287,ECG,2545,5966,0,0,0,0,0
29287,ECG,2546,5928,0,0,0,0,0
29287,ECG,2547,5890,0,0,0,0,0
29287,ECG,2548,5852,0,0,0,0,0
29287,ECG,2549,5815,0,0,0,0,0
29296,ECG,2550,5778,0,0,0,0,0
29296,ECG,2551,5741,0,0,0,0,0
29296,ECG,2552,5705,0,0,0,0,0
29296,ECG,2553,5669,0,0,0,0,0
29296,ECG,2554,5632,0,0,0,0,0
29306,ECG,2555,5596,0,0,0,0,0
29306,ECG,2556,5561,0,0,0,0,0
29306,ECG,2557,5525,0,0,0,0,0
29306,ECG,2558,5490,0,0,0,0,0
29306,ECG,2559,5455,0,0,0,0,0
29316,ECG,2560,5420,0,0,0,0,0
29316,ECG,2561,5386,0,0,0,0,0
29316,ECG,2562,5351,0,0,0,0,0
29316,ECG,2563,5317,0,0,0,0,0
29316,ECG,2564,5283,0,0,0,0,0
29326,ECG,2565,5249,0,0,0,0,0
29326,ECG,2566,5216,0,0,0,0,0
29326,ECG,2567,5183,0,0,0,0,0
29326,ECG,2568,5150,0,0,0,0,0
29326,ECG,2569,5117,0,0,0,0,0
29336,ECG,2570,5084,0,0,0,0,0
29336,ECG,2571,5051,0,0,0,0,0
29336,ECG,2572,5019,0,0,0,0,0
29336,ECG,2573,4987,0,0,0,0,0
29336,ECG,2574,4955,0,0,0,0,0
29345,ECG,2575,4924,0,0,0,0,0
29345,ECG,2576,4892,0,0,0,0,0
29345,ECG,2577,4861,0,0,0,0,0
29345,ECG,2578,4830,0,0,0,0,0
29345,ECG,2579,4799,0,0,0,0,0
29355,ECG,2580,4768,0,0,0,0,0
29355,ECG,2581,4738,0,0,0,0,0
29355,ECG,2582,4707,0,0,0,0,0
29355,ECG,2583,4677,0,0,0,0,0
29355,ECG,2584,4647,0,0,0,0,0
29365,ECG,2585,4618,0,0,0,0,0
29365,ECG,2586,4588,0,0,0,0,0
29365,ECG,2587,4559,0,0,0,0,0
29365,ECG,2588,4530,0,0,0,0,0
29365,ECG,2589,4501,0,0,0,0,0
29375,ECG,2590,4472,0,0,0,0,0
29375,ECG,2591,4443,0,0,0,0,0
29375,ECG,2592,4415,0,0,0,0,0
29375,ECG,2593,4386,0,0,0,0,0
29375,ECG,2594,4358,0,0,0,0,0
29384,ECG,2595,4330,0,0,0,0,0
29384,ECG,2596,4303,0,0,0,0,0
29384,ECG,2597,4275,0,0,0,0,0
29384,ECG,2598,4248,0,0,0,0,0
29384,ECG,2599,4220,0,0,0,0,0
29394,ECG,2600,4193,0,0,0,0,0
29394,ECG,2601,4166,0,0,0,0,0
29394,ECG,2602,4140,0,0,0,0,0
29394,ECG,2603,4113,0,0,0,0,0
29394,ECG,2604,4087,0,0,0,0,0
29404,ECG,2605,4060,0,0,0,0,0
29404,ECG,2606,4034,0,0,0,0,0
29404,ECG,2607,4008,0,0,0,0,0
29404,ECG,2608,3983,0,0,0,0,0
29404,ECG,2609,3957,0,0,0,0,0
29414,ECG,2610,3932,0,0,0,0,0
29414,ECG,2611,3906,0,0,0,0,0
29414,ECG,2612,3881,0,0,0,0,0
29414,ECG,2613,3856,0,0,0,0,0
29414,ECG,2614,3832,0,0,0,0,0
29424,ECG,2615,3807,0,0,0,0,0
29424,ECG,2616,3782,0,0,0,0,0
29424,ECG,2617,3758,0,0,0,0,0
29424,ECG,2618,3734,0,0,0,0,0
29424,ECG,2619,3710,0,0,0,0,0
29433,ECG,2620,3686,0,0,0,0,0
29433,ECG,2621,3662,0,0,0,0,0
29433,ECG,2622,3639,0,0,0,0,0
29433,ECG,2623,3615,0,0,0,0,0
29433,ECG,2624,3592,0,0,0,0,0
29443,ECG,2625,3569,0,0,0,0,0
29443,ECG,2626,3546,0,0,0,0,0
29443,ECG,2627,3523,0,0,0,0,0
29443,ECG,2628,3500,0,0,0,0,0
29443,ECG,2629,3478,0,0,0,0,0
29453,ECG,2630,3455,0,0,0,0,0
29453,ECG,2631,3433,0,0,0,0,0
29453,ECG,2632,3411,0,0,0,0,0
29453,ECG,2633,3389,0,0,0,0,0
29453,ECG,2634,3367,0,0,0,0,0
29463,ECG,2635,3345,0,0,0,0,0
29463,ECG,2636,3324,0,0,0,0,0
29463,ECG,2637,3302,0,0,0,0,0
29463,ECG,2638,3281,0,0,0,0,0
29463,ECG,2639,3260,0,0,0,0,0
29473,ECG,2640,3239,0,0,0,0,0
29473,ECG,2641,3218,0,0,0,0,0
29473,ECG,2642,3197,0,0,0,0,0
29473,ECG,2643,3176,0,0,0,0,0
29473,ECG,2644,3156,0,0,0,0,0
29482,ECG,2645,3135,0,0,0,0,0
29482,ECG,2646,3115,0,0,0,0,0
29482,ECG,2647,3095,0,0,0,0,0
29482,ECG,2648,3075,0,0,0,0,0
29482,ECG,2649,3055,0,0,0,0,0
29492,ECG,2650,3035,0,0,0,0,0
29492,ECG,2651,3015,0,0,0,0,0
29492,ECG,2652,2996,0,0,0,0,0
29492,ECG,2653,2976,0,0,0,0,0
29492,ECG,2654,2957,0,0,0,0,0
29502,ECG,2655,2938,0,0,0,0,0
29502,ECG,2656,2919,0,0,0,0,0
29502,ECG,2657,2900,0,0,0,0,0
29502,ECG,2658,2881,0,0,0,0,0
29502,ECG,2659,2862,0,0,0,0,0
29512,ECG,2660,2844,0,0,0,0,0
29512,ECG,2661,2825,0,0,0,0,0
29512,ECG,2662,2807,0,0,0,0,0
29512,ECG,2663,2789,0,0,0,0,0
29512,ECG,2664,2771,0,0,0,0,0
29521,ECG,2665,2753,0,0,0,0,0
29521,ECG,2666,2735,0,0,0,0,0
29521,ECG,2667,2717,0,0,0,0,0
29521,ECG,2668,2700,0,0,0,0,0
29521,ECG,2669,2682,0,0,0,0,0
29531,ECG,2670,2665,0,0,0,0,0
29531,ECG,2671,2647,0,0,0,0,0
29531,ECG,2672,2630,0,0,0,0,0
29531,ECG,2673,2613,0,0,0,0,0
29531,ECG,2674,2596,0,0,0,0,0
29541,ECG,2675,2579,0,0,0,0,0
29541,ECG,2676,2562,0,0,0,0,0
29541,ECG,2677,2546,0,0,0,0,0
29541,ECG,2678,2529,0,0,0,0,0
29541,ECG,2679,2513,0,0,0,0,0
29551,ECG,2680,2496,0,0,0,0,0
29551,ECG,2681,2480,0,0,0,0,0
29551,ECG,2682,2464,0,0,0,0,0
29551,ECG,2683,2448,0,0,0,0,0
29551,ECG,2684,2432,0,0,0,0,0
29561,ECG,2685,2416,0,0,0,0,0
29561,ECG,2686,2400,0,0,0,0,0
29561,ECG,2687,2385,0,0,0,0,0
29561,ECG,2688,2369,0,0,0,0,0
29561,ECG,2689,2354,0,0,0,0,0
29570,ECG,2690,2338,0,0,0,0,0
29570,ECG,2691,2323,0,0,0,0,0
29570,ECG,2692,2308,0,0,0,0,0
29570,ECG,2693,2293,0,0,0,0,0
29570,ECG,2694,2278,0,0,0,0,0
29580,ECG,2695,2263,0,0,0,0,0
29580,ECG,2696,2248,0,0,0,0,0
29580,ECG,2697,2233,0,0,0,0,0
29580,ECG,2698,2219,0,0,0,0,0
29580,ECG,2699,2204,0,0,0,0,0
29590,ECG,2700,2190,0,0,0,0,0
29590,ECG,2701,2176,0,0,0,0,0
29590,ECG,2702,2161,0,0,0,0,0
29590,ECG,2703,2147,0,0,0,0,0
29590,ECG,2704,2133,0,0,0,0,0
29600,ECG,2705,2119,0,0,0,0,0
29600,ECG,2706,2105,0,0,0,0,0
29600,ECG,2707,2091,0,0,0,0,0
29600,ECG,2708,2078,0,0,0,0,0
29600,ECG,2709,2064,0,0,0,0,0
29610,ECG,2710,2050,0,0,0,0,0
29610,ECG,2711,2037,0,0,0,0,0
29610,ECG,2712,2023,0,0,0,0,0
29610,ECG,2713,2010,0,0,0,0,0
29610,ECG,2714,1997,0,0,0,0,0
29619,ECG,2715,1984,0,0,0,0,0
29619,ECG,2716,1971,0,0,0,0,0
29619,ECG,2717,1958,0,0,0,0,0
29619,ECG,2718,1945,0,0,0,0,0
29619,ECG,2719,1932,0,0,0,0,0
29629,ECG,2720,1919,0,0,0,0,0
29629,ECG,2721,1906,0,0,0,0,0
29629,ECG,2722,1894,0,0,0,0,0
29629,ECG,2723,1881,0,0,0,0,0
29629,ECG,2724,1869,0,0,0,0,0
29639,ECG,2725,1857,0,0,0,0,0
29639,ECG,2726,1844,0,0,0,0,0
29639,ECG,2727,1832,0,0,0,0,0
29639,ECG,2728,1820,0,0,0,0,0
29639,ECG,2729,1808,0,0,0,0,0
29649,ECG,2730,1796,0,0,0,0,0
29649,ECG,2731,1784,0,0,0,0,0
29649,ECG,2732,1772,0,0,0,0,0
29649,ECG,2733,1761,0,0,0,0,0
29649,ECG,2734,1749,0,0,0,0,0
29658,ECG,2735,1737,0,0,0,0,0
29658,ECG,2736,1726,0,0,0,0,0
29658,ECG,2737,1714,0,0,0,0,0
29658,ECG,2738,1703,0,0,0,0,0
29658,ECG,2739,1692,0,0,0,0,0
29668,ECG,2740,1681,0,0,0,0,0
29668,ECG,2741,1669,0,0,0,0,0
29668,ECG,2742,1658,0,0,0,0,0
29668,ECG,2743,1647,0,0,0,0,0
29668,ECG,2744,1636,0,0,0,0,0
29678,ECG,2745,1625,0,0,0,0,0
29678,ECG,2746,1615,0,0,0,0,0
29678,ECG,2747,1604,0,0,0,0,0
29678,ECG,2748,1593,0,0,0,0,0
29678,ECG,2749,1583,0,0,0,0,0
29688,ECG,2750,1572,0,0,0,0,0
29688,ECG,2751,1562,0,0,0,0,0
29688,ECG,2752,1551,0,0,0,0,0
29688,ECG,2753,1541,0,0,0,0,0
29688,ECG,2754,1531,0,0,0,0,0
29698,ECG,2755,1520,0,0,0,0,0
29698,ECG,2756,1510,0,0,0,0,0
29698,ECG,2757,1500,0,0,0,0,0
29698,ECG,2758,1490,0,0,0,0,0
29698,ECG,2759,1480,0,0,0,0,0
29707,ECG,2760,1470,0,0,0,0,0
29707,ECG,2761,1460,0,0,0,0,0
29707,ECG,2762,1451,0,0,0,0,0
29707,ECG,2763,1441,0,0,0,0,0
29707,ECG,2764,1431,0,0,0,0,0
29717,ECG,2765,1422,0,0,0,0,0
29717,ECG,2766,1412,0,0,0,0,0
29717,ECG,2767,1403,0,0,0,0,0
29717,ECG,2768,1393,0,0,0,0,0
29717,ECG,2769,1384,0,0,0,0,0
29727,ECG,2770,1375,0,0,0,0,0
29727,ECG,2771,1365,0,0,0,0,0
29727,ECG,2772,1356,0,0,0,0,0
29727,ECG,2773,1347,0,0,0,0,0
29727,ECG,2774,1338,0,0,0,0,0
29737,ECG,2775,1329,0,0,0,0,0
29737,ECG,2776,1320,0,0,0,0,0
29737,ECG,2777,1311,0,0,0,0,0
29737,ECG,2778,1302,0,0,0,0,0
29737,ECG,2779,1294,0,0,0,0,0
29747,ECG,2780,1285,0,0,0,0,0
29747,ECG,2781,1276,0,0,0,0,0
29747,ECG,2782,1268,0,0,0,0,0
29747,ECG,2783,1259,0,0,0,0,0
29747,ECG,2784,1251,0,0,0,0,0
29756,ECG,2785,1242,0,0,0,0,0
29756,ECG,2786,1234,0,0,0,0,0
29756,ECG,2787,1225,0,0,0,0,0
29756,ECG,2788,1217,0,0,0,0,0
29756,ECG,2789,1209,0,0,0,0,0
29766,ECG,2790,1201,0,0,0,0,0
29766,ECG,2791,1192,0,0,0,0,0
29766,ECG,2792,1184,0,0,0,0,0
29766,ECG,2793,1176,0,0,0,0,0
29766,ECG,2794,1168,0,0,0,0,0
29776,ECG,2795,1160,0,0,0,0,0
29776,ECG,2796,1152,0,0,0,0,0
29776,ECG,2797,1145,0,0,0,0,0
29776,ECG,2798,1137,0,0,0,0,0
29776,ECG,2799,1129,0,0,0,0,0
30790,ECG,2800,0,0,0,0,0,0
30790,ECG,2801,-1,0,0,0,0,0
30790,ECG,2802,-6,0,0,0,0,0
30790,ECG,2803,2,0,0,0,0,0
30790,ECG,2804,6,0,0,0,0,0
30800,ECG,2805,-17,0,0,0,0,0
30800,ECG,2806,38,0,0,0,0,0
30800,ECG,2807,-16,0,0,0,0,0
30800,ECG,2808,-26,0,0,0,0,0
30800,ECG,2809,151,0,0,0,0,0
30809,ECG,2810,-753,0,0,0,0,0
30809,ECG,2811,-2109,0,0,0,0,0
30809,ECG,2812,-1850,0,0,0,0,0
30809,ECG,2813,-36,0,0,0,0,0
30809,ECG,2814,3394,0,0,0,0,0
30819,ECG,2815,8729,0,0,0,0,0
30819,ECG,2816,15156,0,0,0,0,0
30819,ECG,2817,21689,0,0,0,0,0
30819,ECG,2818,27397,0,0,0,0,0
30819,ECG,2819,31311,0,0,0,0,0
30829,ECG,2820,32011,0,0,0,0,0
30829,ECG,2821,31810,0,0,0,0,0
30829,ECG,2822,31610,0,0,0,0,0
30829,ECG,2823,31343,0,0,0,0,0
30829,ECG,2824,31109,0,0,0,0,0
30839,ECG,2825,31019,0,0,0,0,0
30839,ECG,2826,30731,0,0,0,0,0
30839,ECG,2827,30591,0,0,0,0,0
30839,ECG,2828,30395,0,0,0,0,0
30839,ECG,2829,30195,0,0,0,0,0
30849,ECG,2830,30019,0,0,0,0,0
30849,ECG,2831,29827,0,0,0,0,0
30849,ECG,2832,29638,0,0,0,0,0
30849,ECG,2833,29451,0,0,0,0,0
30849,ECG,2834,29266,0,0,0,0,0
30858,ECG,2835,29082,0,0,0,0,0
30858,ECG,2836,28900,0,0,0,0,0
30858,ECG,2837,28718,0,0,0,0,0
30858,ECG,2838,28537,0,0,0,0,0
30858,ECG,2839,28358,0,0,0,0,0
30868,ECG,2840,28180,0,0,0,0,0
30868,ECG,2841,28002,0,0,0,0,0
30868,ECG,2842,27826,0,0,0,0,0
30868,ECG,2843,27651,0,0,0,0,0
30868,ECG,2844,27478,0,0,0,0,0
30878,ECG,2845,27305,0,0,0,0,0
30878,ECG,2846,27133,0,0,0,0,0
30878,ECG,2847,26963,0,0,0,0,0
30878,ECG,2848,26793,0,0,0,0,0
30878,ECG,2849,26625,0,0,0,0,0
30888,ECG,2850,26457,0,0,0,0,0
30888,ECG,2851,26291,0,0,0,0,0
30888,ECG,2852,26126,0,0,0,0,0
30888,ECG,2853,25961,0,0,0,0,0
30888,ECG,2854,25798,0,0,0,0,0
30898,ECG,2855,25636,0,0,0,0,0
30898,ECG,2856,25475,0,0,0,0,0
30898,ECG,2857,25314,0,0,0,0,0
30898,ECG,2858,25155,0,0,0,0,0
30898,ECG,2859,24997,0,0,0,0,0
30907,ECG,2860,24840,0,0,0,0,0
30907,ECG,2861,24683,0,0,0,0,0
30907,ECG,2862,24528,0,0,0,0,0
30907,ECG,2863,24374,0,0,0,0,0
30907,ECG,2864,24221,0,0,0,0,0
30917,ECG,2865,24068,0,0,0,0,0
30917,ECG,2866,23917,0,0,0,0,0
30917,ECG,2867,23766,0,0,0,0,0
30917,ECG,2868,23617,0,0,0,0,0
30917,ECG,2869,23468,0,0,0,0,0
30927,ECG,2870,23321,0,0,0,0,0
30927,ECG,2871,23174,0,0,0,0,0
30927,ECG,2872,23028,0,0,0,0,0
30927,ECG,2873,22883,0,0,0,0,0
30927,ECG,2874,22739,0,0,0,0,0
30937,ECG,2875,22596,0,0,0,0,0
30937,ECG,2876,22454,0,0,0,0,0
30937,ECG,2877,22313,0,0,0,0,0
30937,ECG,2878,22172,0,0,0,0,0
30937,ECG,2879,22033,0,0,0,0,0
30946,ECG,2880,21894,0,0,0,0,0
30946,ECG,2881,21756,0,0,0,0,0
30946,ECG,2882,21619,0,0,0,0,0
30946,ECG,2883,21483,0,0,0,0,0
30946,ECG,2884,21348,0,0,0,0,0
30956,ECG,2885,21214,0,0,0,0,0
30956,ECG,2886,21080,0,0,0,0,0
30956,ECG,2887,20948,0,0,0,0,0
30956,ECG,2888,20816,0,0,0,0,0
30956,ECG,2889,20685,0,0,0,0,0
30966,ECG,2890,20555,0,0,0,0,0
30966,ECG,2891,20425,0,0,0,0,0
30966,ECG,2892,20297,0,0,0,0,0
30966,ECG,2893,20169,0,0,0,0,0
30966,ECG,2894,20042,0,0,0,0,0
30976,ECG,2895,19916,0,0,0,0,0
30976,ECG,2896,19790,0,0,0,0,0
30976,ECG,2897,19666,0,0,0,0,0
30976,ECG,2898,19542,0,0,0,0,0
30976,ECG,2899,19419,0,0,0,0,0
30986,ECG,2900,19297,0,0,0,0,0
30986,ECG,2901,19175,0,0,0,0,0
30986,ECG,2902,19055,0,0,0,0,0
30986,ECG,2903,18935,0,0,0,0,0
30986,ECG,2904,18815,0,0,0,0,0
30995,ECG,2905,18697,0,0,0,0,0
30995,ECG,2906,18579,0,0,0,0,0
30995,ECG,2907,18462,0,0,0,0,0
30995,ECG,2908,18346,0,0,0,0,0
30995,ECG,2909,18230,0,0,0,0,0
31005,ECG,2910,18116,0,0,0,0,0
31005,ECG,2911,18002,0,0,0,0,0
31005,ECG,2912,17888,0,0,0,0,0
31005,ECG,2913,17775,0,0,0,0,0
31005,ECG,2914,17663,0,0,0,0,0
31015,ECG,2915,17552,0,0,0,0,0
31015,ECG,2916,17442,0,0,0,0,0
31015,ECG,2917,17332,0,0,0,0,0
31015,ECG,2918,17222,0,0,0,0,0
31015,ECG,2919,17114,0,0,0,0,0
31025,ECG,2920,17006,0,0,0,0,0
31025,ECG,2921,16899,0,0,0,0,0
31025,ECG,2922,16792,0,0,0,0,0
31025,ECG,2923,16687,0,0,0,0,0
31025,ECG,2924,16581,0,0,0,0,0
31035,ECG,2925,16477,0,0,0,0,0
31035,ECG,2926,16373,0,0,0,0,0
31035,ECG,2927,16270,0,0,0,0,0
31035,ECG,2928,16167,0,0,0,0,0
31035,ECG,2929,16065,0,0,0,0,0
31044,ECG,2930,15964,0,0,0,0,0
31044,ECG,2931,15864,0,0,0,0,0
31044,ECG,2932,15764,0,0,0,0,0
31044,ECG,2933,15664,0,0,0,0,0
31044,ECG,2934,15566,0,0,0,0,0
31054,ECG,2935,15467,0,0,0,0,0
31054,ECG,2936,15370,0,0,0,0,0
31054,ECG,2937,15273,0,0,0,0,0
31054,ECG,2938,15177,0,0,0,0,0
31054,ECG,2939,15081,0,0,0,0,0
31064,ECG,2940,14986,0,0,0,0,0
31064,ECG,2941,14891,0,0,0,0,0
31064,ECG,2942,14797,0,0,0,0,0
31064,ECG,2943,14704,0,0,0,0,0
31064,ECG,2944,14611,0,0,0,0,0
31074,ECG,2945,14519,0,0,0,0,0
31074,ECG,2946,14428,0,0,0,0,0
31074,ECG,2947,14337,0,0,0,0,0
31074,ECG,2948,14246,0,0,0,0,0
31074,ECG,2949,14156,0,0,0,0,0
31084,ECG,2950,14067,0,0,0,0,0
31084,ECG,2951,13978,0,0,0,0,0
31084,ECG,2952,13890,0,0,0,0,0
31084,ECG,2953,13802,0,0,0,0,0
31084,ECG,2954,13715,0,0,0,0,0
31093,ECG,2955,13629,0,0,0,0,0
31093,ECG,2956,13543,0,0,0,0,0
31093,ECG,2957,13457,0,0,0,0,0
31093,ECG,2958,13372,0,0,0,0,0
31093,ECG,2959,13288,0,0,0,0,0
31103,ECG,2960,13204,0,0,0,0,0
31103,ECG,2961,13121,0,0,0,0,0
31103,ECG,2962,13038,0,0,0,0,0
31103,ECG,2963,12956,0,0,0,0,0
31103,ECG,2964,12874,0,0,0,0,0
31113,ECG,2965,12793,0,0,0,0,0
31113,ECG,2966,12712,0,0,0,0,0
31113,ECG,2967,12632,0,0,0,0,0
31113,ECG,2968,12552,0,0,0,0,0
31113,ECG,2969,12473,0,0,0,0,0
31123,ECG,2970,12394,0,0,0,0,0
31123,ECG,2971,12316,0,0,0,0,0
31123,ECG,2972,12238,0,0,0,0,0
31123,ECG,2973,12161,0,0,0,0,0
31123,ECG,2974,12084,0,0,0,0,0
31132,ECG,2975,12008,0,0,0,0,0
31132,ECG,2976,11932,0,0,0,0,0
31132,ECG,2977,11857,0,0,0,0,0
31132,ECG,2978,11782,0,0,0,0,0
31132,ECG,2979,11707,0,0,0,0,0
31142,ECG,2980,11633,0,0,0,0,0
31142,ECG,2981,11560,0,0,0,0,0
31142,ECG,2982,11487,0,0,0,0,0
31142,ECG,2983,11414,0,0,0,0,0
31142,ECG,2984,11342,0,0,0,0,0
31152,ECG,2985,11271,0,0,0,0,0
31152,ECG,2986,11199,0,0,0,0,0
31152,ECG,2987,11129,0,0,0,0,0
31152,ECG,2988,11058,0,0,0,0,0
31152,ECG,2989,10988,0,0,0,0,0
31162,ECG,2990,10919,0,0,0,0,0
31162,ECG,2991,10850,0,0,0,0,0
31162,ECG,2992,10781,0,0,0,0,0
31162,ECG,2993,10713,0,0,0,0,0
31162,ECG,2994,10645,0,0,0,0,0
31172,ECG,2995,10578,0,0,0,0,0
31172,ECG,2996,10511,0,0,0,0,0
31172,ECG,2997,10445,0,0,0,0,0
31172,ECG,2998,10379,0,0,0,0,0
31172,ECG,2999,10313,0,0,0,0,0
31181,ECG,3000,10248,0,0,0,0,0
31181,ECG,3001,10183,0,0,0,0,0
31181,ECG,3002,10118,0,0,0,0,0
31181,ECG,3003,10054,0,0,0,0,0
31181,ECG,3004,9991,0,0,0,0,0
31191,ECG,3005,9928,0,0,0,0,0
31191,ECG,3006,9865,0,0,0,0,0
31191,ECG,3007,9802,0,0,0,0,0
31191,ECG,3008,9740,0,0,0,0,0
31191,ECG,3009,9679,0,0,0,0,0
31201,ECG,3010,9617,0,0,0,0,0
31201,ECG,3011,9557,0,0,0,0,0
31201,ECG,3012,9496,0,0,0,0,0
31201,ECG,3013,9436,0,0,0,0,0
31201,ECG,3014,9376,0,0,0,0,0
31211,ECG,3015,9317,0,0,0,0,0
31211,ECG,3016,9258,0,0,0,0,0
31211,ECG,3017,9200,0,0,0,0,0
31211,ECG,3018,9141,0,0,0,0,0
31211,ECG,3019,9083,0,0,0,0,0
31221,ECG,3020,9026,0,0,0,0,0
31221,ECG,3021,8969,0,0,0,0,0
31221,ECG,3022,8912,0,0,0,0,0
31221,ECG,3023,8855,0,0,0,0,0
31221,ECG,3024,8799,0,0,0,0,0
31230,ECG,3025,8744,0,0,0,0,0
31230,ECG,3026,8688,0,0,0,0,0
31230,ECG,3027,8633,0,0,0,0,0
31230,ECG,3028,8578,0,0,0,0,0
31230,ECG,3029,8524,0,0,0,0,0
31240,ECG,3030,8470,0,0,0,0,0
31240,ECG,3031,8416,0,0,0,0,0
31240,ECG,3032,8363,0,0,0,0,0
31240,ECG,3033,8310,0,0,0,0,0
31240,ECG,3034,8257,0,0,0,0,0
31250,ECG,3035,8205,0,0,0,0,0
31250,ECG,3036,8153,0,0,0,0,0
31250,ECG,3037,8101,0,0,0,0,0
31250,ECG,3038,8050,0,0,0,0,0
31250,ECG,3039,7999,0,0,0,0,0
31260,ECG,3040,7948,0,0,0,0,0
31260,ECG,3041,7898,0,0,0,0,0
31260,ECG,3042,7848,0,0,0,0,0
31260,ECG,3043,7798,0,0,0,0,0
31260,ECG,3044,7749,0,0,0,0,0
31269,ECG,3045,7699,0,0,0,0,0
31269,ECG,3046,7651,0,0,0,0,0
31269,ECG,3047,7602,0,0,0,0,0
31269,ECG,3048,7554,0,0,0,0,0
31269,ECG,3049,7506,0,0,0,0,0
31279,ECG,3050,7458,0,0,0,0,0
31279,ECG,3051,7411,0,0,0,0,0
31279,ECG,3052,7364,0,0,0,0,0
31279,ECG,3053,7317,0,0,0,0,0
31279,ECG,3054,7271,0,0,0,0,0
31289,ECG,3055,7224,0,0,0,0,0
31289,ECG,3056,7178,0,0,0,0,0
31289,ECG,3057,7133,0,0,0,0,0
31289,ECG,3058,7088,0,0,0,0,0
31289,ECG,3059,7043,0,0,0,0,0
31299,ECG,3060,6998,0,0,0,0,0
31299,ECG,3061,6953,0,0,0,0,0
31299,ECG,3062,6909,0,0,0,0,0
31299,ECG,3063,6865,0,0,0,0,0
31299,ECG,3064,6821,0,0,0,0,0
31309,ECG,3065,6778,0,0,0,0,0
31309,ECG,3066,6735,0,0,0,0,0
31309,ECG,3067,6692,0,0,0,0,0
31309,ECG,3068,6650,0,0,0,0,0
31309,ECG,3069,6608,0,0,0,0,0
31318,ECG,3070,6566,0,0,0,0,0
31318,ECG,3071,6524,0,0,0,0,0
27042,PPG,100,130387,60253,0,0,0,0
27121,PPG,101,130394,60259,0,0,0,0
27201,PPG,102,130399,60267,0,0,0,0
27286,PPG,103,130391,60265,0,0,0,0
27362,PPG,104,130394,60254,0,0,0,0
27440,PPG,105,130399,60263,0,0,0,0
27531,PPG,106,130388,60256,0,0,0,0
27600,PPG,107,130390,60250,0,0,0,0
27679,PPG,108,130383,60258,0,0,0,0
27761,PPG,109,130391,60256,0,0,0,0
27838,PPG,110,130398,60258,0,0,0,0
27916,PPG,111,130381,60244,0,0,0,0
27995,PPG,112,130387,60255,0,0,0,0
28075,PPG,113,130391,60252,0,0,0,0
28154,PPG,114,130384,60251,0,0,0,0
28234,PPG,115,130391,60261,0,0,0,0
28317,PPG,116,130374,60264,0,0,0,0
28398,PPG,117,130381,60261,0,0,0,0
28473,PPG,118,130390,60250,0,0,0,0
28552,PPG,119,130387,60263,0,0,0,0
28632,PPG,120,130388,60263,0,0,0,0
28711,PPG,121,130381,60260,0,0,0,0
28794,PPG,122,130386,60260,0,0,0,0
28873,PPG,123,130380,60254,0,0,0,0
28949,PPG,124,130384,60256,0,0,0,0
29029,PPG,125,130373,60254,0,0,0,0
29108,PPG,126,130391,60251,0,0,0,0
29187,PPG,127,130388,60255,0,0,0,0
29268,PPG,128,130391,60251,0,0,0,0
29350,PPG,129,130400,60261,0,0,0,0
29427,PPG,130,130386,60252,0,0,0,0
29505,PPG,131,130392,60244,0,0,0,0
29584,PPG,132,130388,60258,0,0,0,0
29664,PPG,133,130377,60270,0,0,0,0
29743,PPG,134,130394,60251,0,0,0,0
29822,PPG,135,130402,60256,0,0,0,0
29905,PPG,136,130389,60259,0,0,0,0
29982,PPG,137,130388,60261,0,0,0,0
30061,PPG,138,130389,60260,0,0,0,0
30145,PPG,139,130387,60260,0,0,0,0
30220,PPG,140,130384,60256,0,0,0,0
30300,PPG,141,130386,60261,0,0,0,0
30383,PPG,142,130392,60257,0,0,0,0
30461,PPG,143,130392,60249,0,0,0,0
30538,PPG,144,130377,60267,0,0,0,0
30618,PPG,145,130392,60258,0,0,0,0
30697,PPG,146,130392,60261,0,0,0,0
30777,PPG,147,130378,60251,0,0,0,0
30856,PPG,148,130389,60255,0,0,0,0
30940,PPG,149,130392,60265,0,0,0,0
31021,PPG,150,130379,60253,0,0,0,0
31095,PPG,151,130386,60257,0,0,0,0
31174,PPG,152,130393,60258,0,0,0,0
31255,PPG,153,130391,60273,0,0,0,0
31334,PPG,154,130389,60266,0,0,0,0
31417,PPG,155,130398,60258,0,0,0,0
31495,PPG,156,130386,60259,0,0,0,0
31573,PPG,157,130391,60254,0,0,0,0
31652,PPG,158,130387,60263,0,0,0,0
31732,PPG,159,130396,60258,0,0,0,0
31809,PPG,160,130395,60261,0,0,0,0
31898,PPG,161,130384,60258,0,0,0,0
31972,PPG,162,130392,60260,0,0,0,0
32049,PPG,163,130393,60254,0,0,0,0
32127,PPG,164,130383,60262,0,0,0,0
32207,PPG,165,130396,60254,0,0,0,0
32286,PPG,166,130393,60265,0,0,0,0
32366,PPG,167,130400,60266,0,0,0,0
32445,PPG,168,130395,60252,0,0,0,0
32528,PPG,169,130397,60264,0,0,0,0
32604,PPG,170,130384,60251,0,0,0,0
32684,PPG,171,130385,60257,0,0,0,0
32769,PPG,172,130383,60256,0,0,0,0
32843,PPG,173,130378,60255,0,0,0,0
32922,PPG,174,130390,60252,0,0,0,0
33005,PPG,175,130389,60255,0,0,0,0
33083,PPG,176,130371,60256,0,0,0,0
33160,PPG,177,130384,60254,0,0,0,0
33240,PPG,178,130387,60264,0,0,0,0
33319,PPG,179,130388,60262,0,0,0,0
33399,PPG,180,130391,60249,0,0,0,0
33478,PPG,181,130380,60259,0,0,0,0
33561,PPG,182,130387,60256,0,0,0,0
33642,PPG,183,130390,60249,0,0,0,0
33716,PPG,184,130384,60243,0,0,0,0
33795,PPG,185,130380,60265,0,0,0,0
33875,PPG,186,130391,60260,0,0,0,0
33954,PPG,187,130378,60251,0,0,0,0
34037,PPG,188,130402,60262,0,0,0,0
34115,PPG,189,130384,60258,0,0,0,0
34193,PPG,190,130382,60256,0,0,0,0
34272,PPG,191,130389,60256,0,0,0,0
34352,PPG,192,130389,60253,0,0,0,0
34431,PPG,193,130394,60254,0,0,0,0
34519,PPG,194,130386,60251,0,0,0,0
34594,PPG,195,130388,60255,0,0,0,0
34671,PPG,196,130381,60259,0,0,0,0
34750,PPG,197,130381,60250,0,0,0,0
34829,PPG,198,130383,60249,0,0,0,0
34909,PPG,199,130381,60256,0,0,0,0
