[12:31:10.489] ✅ 连接成功，开始接收数据
[12:31:10.552] [MS_SUBMIT] ECG ok idx=0 count=1024 q=1 ok=3
[12:31:12.288] [MS_WRITER] wrote type=1 total=3 bytes=92338 ecg_written=3072 fail=0
[12:31:12.288] [MS_SUBMIT] ECG ok idx=1 count=1024 q=1 ok=4
[12:31:12.569] [MS_WRITER] wrote type=1 total=4 bytes=124142 ecg_written=4096 fail=0
[12:31:12.569] [ECG_AUTO_STOP] t=13234
[12:31:12.647] [MAX30003] StopStream done. STATUS=0x100109
[12:31:12.647] [MS_SUBMIT] ECG ok idx=0 count=983 q=1 ok=5
[12:31:12.787] ail=0
[12:31:12.882] [REC_STOP]
[12:31:13.052] [MS_SD] close final_sync=0 close=0 bytes=155018 ecg_written=5079
[12:31:13.068] [DUMP_REQ]
[12:31:13.223] [DUMP_BEGIN]
[12:31:13.255] [DATA_FILE_BEGIN]
[12:31:13.271] timestamp_ms,type,seq,v1,v2,v3,v4,v5,v6
[12:31:13.302] 3295,ECG,0,0,0,0,0,0,0
[12:31:13.302] 3295,ECG,1,-1,0,0,0,0,0
[12:31:13.443] 3295,ECG,2,-3,0,0,0,0,0
[12:31:13.443] 3295,ECG,3,-3,0,0,0,0,0
[12:31:13.459] 3300,ECG,4,5,0,0,0,0,0
[12:31:13.459] 3300,ECG,5,-6,0,0,0,0,0
[12:31:13.490] 3305,ECG,6,8,0,0,0,0,0
[12:31:13.490] 3305,ECG,7,16,0,0,0,0,0
[12:31:13.521] 3305,ECG,8,-34,0,0,0,0,0
[12:31:13.646] 3310,ECG,9,71,0,0,0,0,0
[12:31:13.646] 3310,ECG,10,-208,0,0,0,0,0
[12:31:13.678] 3310,ECG,11,-1231,0,0,0,0,0
[12:31:13.678] 3315,ECG,12,-1703,0,0,0,0,0
[12:31:13.693] 3315,ECG,13,-887,0,0,0,0,0
[12:31:13.693] 3320,ECG,14,1194,0,0,0,0,0
[12:31:13.724] 3320,ECG,15,4959,0,0,0,0,0
[12:31:13.881] 3320,ECG,16,10131,0,0,0,0,0
[12:31:13.881] 3325,ECG,17,15757,0,0,0,0,0
[12:31:13.912] 3325,ECG,18,21370,0,0,0,0,0
[12:31:13.912] 3330,ECG,19,26184,0,0,0,0,0
[12:31:13.927] 3330,ECG,20,28503,0,0,0,0,0
[12:31:14.069] 3330,ECG,21,27802,0,0,0,0,0
[12:31:14.069] 3335,ECG,22,24855,0,0,0,0,0
[12:31:14.085] 3335,ECG,23,20812,0,0,0,0,0
[12:31:14.085] 3340,ECG,24,17496,0,0,0,0,0
[12:31:14.117] 3340,ECG,25,15846,0,0,0,0,0
[12:31:14.149] 3340,ECG,26,15850,0,0,0,0,0
[12:31:14.149] 3345,ECG,27,17446,0,0,0,0,0
[12:31:14.274] 3345,ECG,28,20234,0,0,0,0,0
[12:31:14.305] 3350,ECG,29,23561,0,0,0,0,0
[12:31:14.305] 3350,ECG,30,26084,0,0,0,0,0
[12:31:14.321] 3350,ECG,31,26295,0,0,0,0,0
[12:31:14.321] 3355,ECG,32,23967,0,0,0,0,0
[12:31:14.352] 3355,ECG,33,20217,0,0,0,0,0
[12:31:14.506] 3360,ECG,34,16710,0,0,0,0,0
[12:31:14.506] 3360,ECG,35,14557,0,0,0,0,0
[12:31:14.537] 3360,ECG,36,14045,0,0,0,0,0
[12:31:14.537] 3365,ECG,37,15231,0,0,0,0,0
[12:31:14.552] 3365,ECG,38,17884,0,0,0,0,0
[12:31:14.693] 3365,ECG,39,21307,0,0,0,0,0
[12:31:14.693] 3370,ECG,40,24313,0,0,0,0,0
[12:31:14.724] 3370,ECG,41,25329,0,0,0,0,0
[12:31:14.724] 3375,ECG,42,23566,0,0,0,0,0
[12:31:14.740] 3375,ECG,43,19993,0,0,0,0,0
[12:31:14.772] 3375,ECG,44,16344,0,0,0,0,0
[12:31:14.772] 3380,ECG,45,13802,0,0,0,0,0
[12:31:14.896] 3380,ECG,46,12936,0,0,0,0,0
[12:31:14.896] 3385,ECG,47,13750,0,0,0,0,0
[12:31:14.927] 3385,ECG,48,16009,0,0,0,0,0
[12:31:14.958] 3385,ECG,49,19322,0,0,0,0,0
[12:31:14.958] 3390,ECG,50,22415,0,0,0,0,0
[12:31:14.973] 3390,ECG,51,23679,0,0,0,0,0
[12:31:14.973] 3395,ECG,52,22333,0,0,0,0,0
[12:31:15.131] 3395,ECG,53,18909,0,0,0,0,0
[12:31:15.162] 3395,ECG,54,15024,0,0,0,0,0
[12:31:15.162] 3400,ECG,55,12279,0,0,0,0,0
[12:31:15.194] 3400,ECG,56,11249,0,0,0,0,0
[12:31:15.194] 3400,ECG,57,11876,0,0,0,0,0
[12:31:15.319] 3405,ECG,58,14105,0,0,0,0,0
[12:31:15.351] 3405,ECG,59,17422,0,0,0,0,0
[12:31:15.351] 3410,ECG,60,20784,0,0,0,0,0
[12:31:15.367] 3410,ECG,61,22751,0,0,0,0,0
[12:31:15.367] 3410,ECG,62,22025,0,0,0,0,0
[12:31:15.398] 3415,ECG,63,18870,0,0,0,0,0
[12:31:15.523] 3415,ECG,64,14900,0,0,0,0,0
[12:31:15.523] 3420,ECG,65,11717,0,0,0,0,0
[12:31:15.553] 3420,ECG,66,10159,0,0,0,0,0
[12:31:15.553] 3420,ECG,67,10442,0,0,0,0,0
[12:31:15.585] 3425,ECG,68,12365,0,0,0,0,0
[12:31:15.600] 3425,ECG,69,15474,0,0,0,0,0
[12:31:15.600] 3430,ECG,70,19069,0,0,0,0,0
[12:31:15.739] 3430,ECG,71,21576,0,0,0,0,0
[12:31:15.739] 3430,ECG,72,21482,0,0,0,0,0
[12:31:15.770] 3435,ECG,73,18863,0,0,0,0,0
[12:31:15.786] 3435,ECG,74,15106,0,0,0,0,0
[12:31:15.786] 3440,ECG,75,11790,0,0,0,0,0
[12:31:15.817] 3440,ECG,76,9867,0,0,0,0,0
[12:31:15.817] 3440,ECG,77,9647,0,0,0,0,0
[12:31:15.942] 3445,ECG,78,11105,0,0,0,0,0
[12:31:15.973] 3445,ECG,79,13939,0,0,0,0,0
[12:31:15.973] 3445,ECG,80,17308,0,0,0,0,0
[12:31:16.004] 3450,ECG,81,19990,0,0,0,0,0
[12:31:16.004] 3450,ECG,82,20602,0,0,0,0,0
[12:31:16.019] 3455,ECG,83,18360,0,0,0,0,0
[12:31:16.158] 3455,ECG,84,14497,0,0,0,0,0
[12:31:16.158] 3455,ECG,85,10946,0,0,0,0,0
[12:31:16.173] 3460,ECG,86,8638,0,0,0,0,0
[12:31:16.173] 3460,ECG,87,7936,0,0,0,0,0
[12:31:16.205] 3465,ECG,88,8969,0,0,0,0,0
[12:31:16.237] 3465,ECG,89,11501,0,0,0,0,0
[12:31:16.237] 3465,ECG,90,14988,0,0,0,0,0
[12:31:16.365] 3470,ECG,91,18203,0,0,0,0,0
[12:31:16.365] 3470,ECG,92,19336,0,0,0,0,0
[12:31:16.397] 3475,ECG,93,17791,0,0,0,0,0
[12:31:16.413] 3475,ECG,94,14513,0,0,0,0,0
[12:31:16.413] 3475,ECG,95,10863,0,0,0,0,0
[12:31:16.444] 3480,ECG,96,8378,0,0,0,0,0
[12:31:16.444] 3480,ECG,97,7645,0,0,0,0,0
[12:31:16.570] 3485,ECG,98,8387,0,0,0,0,0
[12:31:16.601] 3485,ECG,99,10495,0,0,0,0,0
[12:31:16.601] 3485,ECG,100,13650,0,0,0,0,0
[12:31:16.617] 3490,ECG,101,16781,0,0,0,0,0
[12:31:16.648] 3490,ECG,102,18268,0,0,0,0,0
[12:31:16.648] 3490,ECG,103,17198,0,0,0,0,0
[12:31:16.790] 3495,ECG,104,14114,0,0,0,0,0
[12:31:16.790] 3495,ECG,105,10536,0,0,0,0,0
[12:31:16.806] 3500,ECG,106,7854,0,0,0,0,0
[12:31:16.837] 3500,ECG,107,6648,0,0,0,0,0
[12:31:16.837] 3500,ECG,108,7114,0,0,0,0,0
[12:31:16.852] 3505,ECG,109,9052,0,0,0,0,0
[12:31:16.852] 3505,ECG,110,12056,0,0,0,0,0
[12:31:16.993] 3510,ECG,111,15457,0,0,0,0,0
[12:31:17.024] 3510,ECG,112,17681,0,0,0,0,0
[12:31:17.024] 3510,ECG,113,17377,0,0,0,0,0
[12:31:17.040] 3515,ECG,114,14667,0,0,0,0,0
[12:31:17.072] 3515,ECG,115,10989,0,0,0,0,0
[12:31:17.072] 3520,ECG,116,8012,0,0,0,0,0
[12:31:17.199] 3520,ECG,117,6481,0,0,0,0,0
[12:31:17.199] 3520,ECG,118,6530,0,0,0,0,0
[12:31:17.232] 3525,ECG,119,8148,0,0,0,0,0
[12:31:17.248] 3525,ECG,120,11067,0,0,0,0,0
[12:31:17.248] 3530,ECG,121,14442,0,0,0,0,0
[12:31:17.280] 3530,ECG,122,16655,0,0,0,0,0
[12:31:17.280] 3530,ECG,123,16507,0,0,0,0,0
[12:31:17.405] 3535,ECG,124,14048,0,0,0,0,0
[12:31:17.435] 3535,ECG,125,10359,0,0,0,0,0
[12:31:17.436] 3535,ECG,126,7162,0,0,0,0,0
[12:31:17.466] 3540,ECG,127,5502,0,0,0,0,0
[12:31:17.482] 3540,ECG,128,5561,0,0,0,0,0
[12:31:17.482] 3545,ECG,129,7268,0,0,0,0,0
[12:31:17.622] 3545,ECG,130,10129,0,0,0,0,0
[12:31:17.622] 3545,ECG,131,13435,0,0,0,0,0
[12:31:17.638] 3550,ECG,132,16087,0,0,0,0,0
[12:31:17.670] 3550,ECG,133,16560,0,0,0,0,0
[12:31:17.670] 3555,ECG,134,14211,0,0,0,0,0
[12:31:17.701] 3555,ECG,135,10298,0,0,0,0,0
[12:31:17.701] 3555,ECG,136,6772,0,0,0,0,0
[12:31:17.857] 3560,ECG,137,4557,0,0,0,0,0
[12:31:17.873] 3560,ECG,138,3895,0,0,0,0,0
[12:31:17.873] 3565,ECG,139,4992,0,0,0,0,0
[12:31:17.904] 3565,ECG,140,7672,0,0,0,0,0
[12:31:18.030] 3565,ECG,141,11269,0,0,0,0,0
[12:31:18.030] 3570,ECG,142,14538,0,0,0,0,0
[12:31:18.062] 3570,ECG,143,15916,0,0,0,0,0
[12:31:18.062] 3575,ECG,144,14541,0,0,0,0,0
[12:31:18.093] 3575,ECG,145,11081,0,0,0,0,0
[12:31:18.108] 3575,ECG,146,7226,0,0,0,0,0
[12:31:18.108] 3580,ECG,147,4415,0,0,0,0,0
[12:31:18.250] 3580,ECG,148,3290,0,0,0,0,0
[12:31:18.250] 3585,ECG,149,3904,0,0,0,0,0
[12:31:18.266] 3585,ECG,150,6018,0,0,0,0,0
[12:31:18.297] 3585,ECG,151,9377,0,0,0,0,0
[12:31:18.297] 3590,ECG,152,12916,0,0,0,0,0
[12:31:18.327] 3590,ECG,153,14663,0,0,0,0,0
[12:31:18.454] 3590,ECG,154,13879,0,0,0,0,0
[12:31:18.454] 3595,ECG,155,11197,0,0,0,0,0
[12:31:18.486] 3595,ECG,156,7727,0,0,0,0,0
[12:31:18.486] 3600,ECG,157,5086,0,0,0,0,0
[12:31:18.501] 3600,ECG,158,4125,0,0,0,0,0
[12:31:18.532] 3600,ECG,159,4734,0,0,0,0,0
[12:31:18.532] 3605,ECG,160,6699,0,0,0,0,0
[12:31:18.657] 3605,ECG,161,9652,0,0,0,0,0
[12:31:18.657] 3610,ECG,162,12786,0,0,0,0,0
[12:31:18.688] 3610,ECG,163,14676,0,0,0,0,0
[12:31:18.720] 3610,ECG,164,14073,0,0,0,0,0
[12:31:18.720] 3615,ECG,165,11039,0,0,0,0,0
[12:31:18.736] 3615,ECG,166,7218,0,0,0,0,0
[12:31:18.736] 3620,ECG,167,4275,0,0,0,0,0
[12:31:18.878] 3620,ECG,168,2719,0,0,0,0,0
[12:31:18.894] 3620,ECG,169,2809,0,0,0,0,0
[12:31:18.894] 3625,ECG,170,4570,0,0,0,0,0
[12:31:18.925] 3625,ECG,171,7515,0,0,0,0,0
[12:31:18.957] 3630,ECG,172,10992,0,0,0,0,0
[12:31:18.957] 3630,ECG,173,13663,0,0,0,0,0
[12:31:19.113] 3630,ECG,174,13969,0,0,0,0,0
[12:31:19.113] 3635,ECG,175,11625,0,0,0,0,0
[12:31:19.130] 3635,ECG,176,7924,0,0,0,0,0
[12:31:19.161] 3635,ECG,177,4533,0,0,0,0,0
[12:31:19.161] 3640,ECG,178,2416,0,0,0,0,0
[12:31:19.287] 3640,ECG,179,2021,0,0,0,0,0
[12:31:19.287] 3645,ECG,180,3351,0,0,0,0,0
[12:31:19.319] 3645,ECG,181,6102,0,0,0,0,0
[12:31:19.349] 3645,ECG,182,9563,0,0,0,0,0
[12:31:19.349] 3650,ECG,183,12466,0,0,0,0,0
[12:31:19.364] 3650,ECG,184,13458,0,0,0,0,0
[12:31:19.507] 3655,ECG,185,11589,0,0,0,0,0
[12:31:19.507] 3655,ECG,186,7668,0,0,0,0,0
[12:31:19.522] 3655,ECG,187,3781,0,0,0,0,0
[12:31:19.522] 3660,ECG,188,1207,0,0,0,0,0
[12:31:19.554] 3660,ECG,189,392,0,0,0,0,0
[12:31:19.584] 3665,ECG,190,1431,0,0,0,0,0
[12:31:19.584] 3665,ECG,191,4032,0,0,0,0,0
[12:31:19.742] 3665,ECG,192,7713,0,0,0,0,0
[12:31:19.742] 3670,ECG,193,11210,0,0,0,0,0
[12:31:19.757] 3670,ECG,194,12595,0,0,0,0,0
[12:31:19.788] 3675,ECG,195,11329,0,0,0,0,0
[12:31:19.788] 3675,ECG,196,8241,0,0,0,0,0
[12:31:19.912] 3675,ECG,197,4551,0,0,0,0,0
[12:31:19.912] 3680,ECG,198,1928,0,0,0,0,0
[12:31:19.943] 3680,ECG,199,1139,0,0,0,0,0
[12:31:19.974] 3680,ECG,200,2000,0,0,0,0,0
[12:31:19.974] 3685,ECG,201,4378,0,0,0,0,0
[12:31:19.990] 3685,ECG,202,7729,0,0,0,0,0
[12:31:19.990] 3690,ECG,203,10950,0,0,0,0,0
[12:31:20.130] 3690,ECG,204,12752,0,0,0,0,0
[12:31:20.160] 3690,ECG,205,11874,0,0,0,0,0
[12:31:20.160] 3695,ECG,206,8517,0,0,0,0,0
[12:31:20.176] 3695,ECG,207,4643,0,0,0,0,0
[12:31:20.207] 3700,ECG,208,1685,0,0,0,0,0
[12:31:20.207] 3700,ECG,209,132,0,0,0,0,0
[12:31:20.362] 3700,ECG,210,344,0,0,0,0,0
[12:31:20.362] 3705,ECG,211,2320,0,0,0,0,0
[12:31:20.393] 3705,ECG,212,5634,0,0,0,0,0
[12:31:20.393] 3710,ECG,213,9281,0,0,0,0,0
[12:31:20.408] 3710,ECG,214,11590,0,0,0,0,0
[12:31:20.547] 3710,ECG,215,11275,0,0,0,0,0
[12:31:20.547] 3715,ECG,216,8590,0,0,0,0,0
[12:31:20.578] 3715,ECG,217,4811,0,0,0,0,0
[12:31:20.594] 3720,ECG,218,1525,0,0,0,0,0
[12:31:20.594] 3720,ECG,219,-72,0,0,0,0,0
[12:31:20.625] 3720,ECG,220,161,0,0,0,0,0
[12:31:20.625] 3725,ECG,221,1926,0,0,0,0,0
[12:31:20.750] 3725,ECG,222,4948,0,0,0,0,0
[12:31:20.781] 3725,ECG,223,8583,0,0,0,0,0
[12:31:20.781] 3730,ECG,224,11406,0,0,0,0,0
[12:31:20.813] 3730,ECG,225,11803,0,0,0,0,0
[12:31:20.813] 3735,ECG,226,9371,0,0,0,0,0
[12:31:20.828] 3735,ECG,227,5494,0,0,0,0,0
[12:31:20.967] 3735,ECG,228,1968,0,0,0,0,0
[12:31:20.967] 3740,ECG,229,-355,0,0,0,0,0
[12:31:20.997] 3740,ECG,230,-1042,0,0,0,0,0
[12:31:20.997] 3745,ECG,231,128,0,0,0,0,0
[12:31:21.012] 3745,ECG,232,2795,0,0,0,0,0
[12:31:21.044] 3745,ECG,233,6339,0,0,0,0,0
[12:31:21.044] 3750,ECG,234,9665,0,0,0,0,0
[12:31:21.167] 3750,ECG,235,11069,0,0,0,0,0
[12:31:21.167] 3755,ECG,236,9663,0,0,0,0,0
[12:31:21.198] 3755,ECG,237,6295,0,0,0,0,0
[12:31:21.229] 3755,ECG,238,2626,0,0,0,0,0
[12:31:21.229] 3760,ECG,239,68,0,0,0,0,0
[12:31:21.245] 3760,ECG,240,-820,0,0,0,0,0
[12:31:21.245] 3765,ECG,241,-25,0,0,0,0,0
[12:31:21.387] 3765,ECG,242,2445,0,0,0,0,0
[12:31:21.403] 3765,ECG,243,6035,0,0,0,0,0
[12:31:21.403] 3770,ECG,244,9373,0,0,0,0,0
[12:31:21.435] 3770,ECG,245,10924,0,0,0,0,0
[12:31:21.435] 3770,ECG,246,9797,0,0,0,0,0
[12:31:21.466] 3775,ECG,247,6536,0,0,0,0,0
[12:31:21.592] 3775,ECG,248,2726,0,0,0,0,0
[12:31:21.592] 3780,ECG,249,-98,0,0,0,0,0
[12:31:21.624] 3780,ECG,250,-1136,0,0,0,0,0
[12:31:21.624] 3780,ECG,251,-433,0,0,0,0,0
[12:31:21.639] 3785,ECG,252,1777,0,0,0,0,0
[12:31:21.671] 3785,ECG,253,5164,0,0,0,0,0
[12:31:21.671] 3790,ECG,254,8692,0,0,0,0,0
[12:31:21.797] 3790,ECG,255,10735,0,0,0,0,0
[12:31:21.829] 3790,ECG,256,10034,0,0,0,0,0
[12:31:21.829] 3795,ECG,257,6912,0,0,0,0,0
[12:31:21.859] 3795,ECG,258,3064,0,0,0,0,0
[12:31:21.859] 3800,ECG,259,31,0,0,0,0,0
[12:31:21.875] 3800,ECG,260,-1461,0,0,0,0,0
[12:31:22.016] 3800,ECG,261,-1176,0,0,0,0,0
[12:31:22.016] 3805,ECG,262,759,0,0,0,0,0
[12:31:22.032] 3805,ECG,263,3927,0,0,0,0,0
[12:31:22.032] 3810,ECG,264,7563,0,0,0,0,0
[12:31:22.062] 3810,ECG,265,10062,0,0,0,0,0
[12:31:22.093] 3810,ECG,266,9948,0,0,0,0,0
[12:31:22.093] 3815,ECG,267,7445,0,0,0,0,0
[12:31:22.220] 3815,ECG,268,3825,0,0,0,0,0
[12:31:22.220] 3815,ECG,269,584,0,0,0,0,0
[12:31:22.252] 3820,ECG,270,-1088,0,0,0,0,0
[12:31:22.268] 3820,ECG,271,-1021,0,0,0,0,0
[12:31:22.268] 3825,ECG,272,559,0,0,0,0,0
[12:31:22.300] 3825,ECG,273,3473,0,0,0,0,0
[12:31:22.300] 3825,ECG,274,6958,0,0,0,0,0
[12:31:22.426] 3830,ECG,275,9690,0,0,0,0,0
[12:31:22.458] 3830,ECG,276,10215,0,0,0,0,0
[12:31:22.458] 3835,ECG,277,7902,0,0,0,0,0
[12:31:22.474] 3835,ECG,278,4062,0,0,0,0,0
[12:31:22.474] 3835,ECG,279,564,0,0,0,0,0
[12:31:22.506] 3840,ECG,280,-1661,0,0,0,0,0
[12:31:22.645] 3840,ECG,281,-2178,0,0,0,0,0
[12:31:22.645] 3845,ECG,282,-912,0,0,0,0,0
[12:31:22.662] 3845,ECG,283,1911,0,0,0,0,0
[12:31:22.662] 3845,ECG,284,5583,0,0,0,0,0
[12:31:22.693] 3850,ECG,285,8645,0,0,0,0,0
[12:31:22.708] 3850,ECG,286,9585,0,0,0,0,0
[12:31:22.708] 3855,ECG,287,7827,0,0,0,0,0
[12:31:22.848] 3855,ECG,288,4187,0,0,0,0,0
[12:31:22.848] 3855,ECG,289,405,0,0,0,0,0
[12:31:22.879] 3860,ECG,290,-2065,0,0,0,0,0
[12:31:22.895] 3860,ECG,291,-2741,0,0,0,0,0
[12:31:22.895] 3860,ECG,292,-1576,0,0,0,0,0
[12:31:22.926] 3865,ECG,293,1131,0,0,0,0,0
[12:31:23.050] 3865,ECG,294,4689,0,0,0,0,0
[12:31:23.050] 3870,ECG,295,8019,0,0,0,0,0
[12:31:23.082] 3870,ECG,296,9459,0,0,0,0,0
[12:31:23.082] 3870,ECG,297,8087,0,0,0,0,0
[12:31:23.114] 3875,ECG,298,4735,0,0,0,0,0
[12:31:23.130] 3875,ECG,299,982,0,0,0,0,0
[12:31:23.130] 3880,ECG,300,-1720,0,0,0,0,0
[12:31:23.272] 3880,ECG,301,-2634,0,0,0,0,0
[12:31:23.272] 3880,ECG,302,-1832,0,0,0,0,0
[12:31:23.287] 3885,ECG,303,437,0,0,0,0,0
[12:31:23.318] 3885,ECG,304,3852,0,0,0,0,0
[12:31:23.318] 3890,ECG,305,7435,0,0,0,0,0
[12:31:23.349] 3890,ECG,306,9459,0,0,0,0,0
[12:31:23.349] 3890,ECG,307,8867,0,0,0,0,0
[12:31:23.473] 3895,ECG,308,6040,0,0,0,0,0
[12:31:23.504] 3895,ECG,309,2444,0,0,0,0,0
[12:31:23.504] 3900,ECG,310,-329,0,0,0,0,0
[12:31:23.520] 3900,ECG,311,-1654,0,0,0,0,0
[12:31:23.551] 3900,ECG,312,-1394,0,0,0,0,0
[12:31:23.551] 3905,ECG,313,379,0,0,0,0,0
[12:31:23.678] 3905,ECG,314,3289,0,0,0,0,0
[12:31:23.678] 3905,ECG,315,6479,0,0,0,0,0
[12:31:23.709] 3910,ECG,316,8478,0,0,0,0,0
[12:31:23.740] 3910,ECG,317,8189,0,0,0,0,0
[12:31:23.740] 3915,ECG,318,5596,0,0,0,0,0
[12:31:23.756] 3915,ECG,319,1933,0,0,0,0,0
[12:31:23.756] 3915,ECG,320,-1082,0,0,0,0,0
[12:31:23.867] ⚠ 串口异常: ClearCommError failed (PermissionError(13, '设备不识别此命令。', None, 22))
[12:31:23.867] 3920,EC
[12:31:23.867] 📊 本次连接统计: 335行数据
[12:31:23.867] ⚠ 连接断开，等待重连...
[12:31:24.352] ✅ 连接成功，开始接收数据
[12:31:24.352] 📈 累计重连次数: 2
[12:31:26.945] [ECG_V1] Sensor task started
[12:31:26.961] [SENSOR] before MAX30003_Init
[12:31:26.961] [MAX30003] Initializing...
[12:31:26.961] [MAX30003_INIT] step=cs
[12:31:26.961] [MAX30003_INIT] step=sw_reset
[12:31:26.991] [MAX30003_INIT] step=status1
[12:31:26.991] [MAX30003_INIT] step=status2
[12:31:26.991] [MAX30003_INIT] step=info1
[12:31:26.991] [MAX30003_INIT] step=info2
[12:31:26.992] [MAX30003_INIT] step=info3
[12:31:26.992] [MAX30003] INFO=0x513639
[12:31:27.007] [MAX30003_INIT] step=cnfg_ecg
[12:31:27.007] [MAX30003][OK] CNFG_ECG = 0x025000
[12:31:27.007] [MAX30003_INIT] step=cnfg_gen
[12:31:27.007] NFG_GEN = 0x081217
[12:31:27.007] NFG_CAL = 0x000000
[12:31:27.007] [MAX30003][OK] CNFG_EMUX = 0x000000
[12:31:27.007] [MAX30003_INIT] step=mngr_dyn
[12:31:27.117] [MAX30003][OK] MNGR_DYN = 0xBF0000
[12:31:27.117] [MAX30003_INIT] step=pll_wait
[12:31:27.117] [MAX30003_INIT] step=en_int
[12:31:27.132] [MAX30003_INIT] step=mngr_int
[12:31:27.132] [MAX30003][OK] MNGR_INT = 0x200000
[12:31:27.178] [MAX30003] Init done. STATUS=0x000100
[12:31:27.178] [SENSOR] after MAX30003_Init
[12:31:27.178] [SENSOR] after MAX30003_INIT_DONE log
[12:31:27.178] [SDDBG] new log opened path=0:/log_001.txt
[12:31:27.178] [MS_SD] mount begin file=0:/ecg_001.csv
[12:31:27.193] [MS_SD] mount ok
[12:31:27.193] [MS_SD] open begin file=0:/ecg_001.csv
[12:31:27.193] [MS_SD] open ok
[12:31:27.193] [MS_SD] header ok bw=41
[12:31:27.193] [MS_SD] first sync res=0
[12:31:27.193] [MS_SD] file opened and released
[12:31:27.193] [REC] record start file_opened=1 tick=3287
[12:31:27.193] [REC] before MAX30003_StartStream tick=3287
[12:31:29.204] [MAX30003_INIT] step=fifo_synch
[12:31:29.390] [MAX30003] StartStream status1=0x000100 status2=0x000100 status3=0x000100
[12:31:31.211] [REC] after MAX30003_StartStream tick=3290 start_tick=3231
[12:31:31.382] [MS_SUBMIT] ECG ok idx=0 count=1024 q=1 ok=1
[12:31:33.213] [MS_WRITER] wrote type=1 total=1 bytes=29074 ecg_written=1024 fail=0
[12:31:33.417] [MS_SUBMIT] ECG ok idx=1 count=1024 q=1 ok=2
[12:31:35.230] [MS_WRITER] wrote type=1 total=2 bytes=59153 ecg_written=2048 fail=0
[12:31:35.401] [MS_SUBMIT] ECG ok idx=0 count=1024 q=1 ok=3
[12:31:37.153] [MS_WRITER] wrote type=1 total=3 bytes=89222 ecg_written=3072 fail=0
[12:31:37.153] [MS_SUBMIT] ECG ok idx=1 count=1024 q=1 ok=4
[12:31:37.341] [MS_WRITER] wrote type=1 total=4 bytes=119907 ecg_written=4096 fail=0
[12:31:37.341] [ECG_AUTO_STOP] t=13235
[12:31:37.372] [MAX30003] StopStream done. STATUS=0x100109
[12:31:37.372] [MS_SUBMIT] ECG ok idx=0 count=986 q=1 ok=5
[12:31:37.499] [MS_WRITER] wrote type=1 total=5 bytes=149845 ecg_written=5082 fail=0
[12:31:37.499] [REC_STOP]
[12:31:37.530] [MS_SD] close final_sync=0 close=0 bytes=149845 ecg_written=5082
[12:31:37.560] [DUMP_REQ]
[12:31:37.592] [DUMP_BEGIN]
[12:31:37.730] [DATA_FILE_BEGIN]
[12:31:37.761] timestamp_ms,type,seq,v1,v2,v3,v4,v5,v6
[12:31:37.777] 3296,ECG,0,0,0,0,0,0,0
[12:31:37.777] 3296,ECG,1,-1,0,0,0,0,0
[12:31:37.808] 3296,ECG,2,-2,0,0,0,0,0
[12:31:37.808] 3296,ECG,3,-1,0,0,0,0,0
[12:31:37.934] 3301,ECG,4,0,0,0,0,0,0
[12:31:37.934] 3301,ECG,5,-5,0,0,0,0,0
[12:31:37.965] 3306,ECG,6,5,0,0,0,0,0
[12:31:37.965] 3306,ECG,7,-6,0,0,0,0,0
[12:31:37.997] 3306,ECG,8,-8,0,0,0,0,0
[12:31:37.997] 3311,ECG,9,26,0,0,0,0,0
[12:31:38.012] 3311,ECG,10,-153,0,0,0,0,0
[12:31:38.152] 3311,ECG,11,-416,0,0,0,0,0
[12:31:38.152] 3316,ECG,12,-370,0,0,0,0,0
[12:31:38.168] 3316,ECG,13,-33,0,0,0,0,0
[12:31:38.168] 3321,ECG,14,624,0,0,0,0,0
[12:31:38.200] 3321,ECG,15,1666,0,0,0,0,0
[12:31:38.231] 3321,ECG,16,2950,0,0,0,0,0
[12:31:38.231] 3326,ECG,17,4318,0,0,0,0,0
[12:31:38.356] 3326,ECG,18,5591,0,0,0,0,0
[12:31:38.356] 3331,ECG,19,6552,0,0,0,0,0
[12:31:38.387] 3331,ECG,20,7174,0,0,0,0,0
[12:31:38.387] 3331,ECG,21,7489,0,0,0,0,0
[12:31:38.403] 3336,ECG,22,7358,0,0,0,0,0
[12:31:38.436] 3336,ECG,23,7045,0,0,0,0,0
[12:31:38.436] 3341,ECG,24,6873,0,0,0,0,0
[12:31:38.576] 3341,ECG,25,6657,0,0,0,0,0
[12:31:38.576] 3341,ECG,26,6396,0,0,0,0,0
[12:31:38.591] 3346,ECG,27,6235,0,0,0,0,0
[12:31:38.623] 3346,ECG,28,6182,0,0,0,0,0
[12:31:38.623] 3351,ECG,29,6249,0,0,0,0,0
[12:31:38.638] 3351,ECG,30,6397,0,0,0,0,0
[12:31:38.638] 3351,ECG,31,6559,0,0,0,0,0
[12:31:38.780] 3356,ECG,32,6662,0,0,0,0,0
[12:31:38.780] 3356,ECG,33,6646,0,0,0,0,0
[12:31:38.796] 3361,ECG,34,6499,0,0,0,0,0
[12:31:38.827] 3361,ECG,35,6265,0,0,0,0,0
[12:31:38.827] 3361,ECG,36,6015,0,0,0,0,0
[12:31:38.858] 3366,ECG,37,5824,0,0,0,0,0
[12:31:38.858] 3366,ECG,38,5753,0,0,0,0,0
[12:31:38.982] 3366,ECG,39,5808,0,0,0,0,0
[12:31:39.013] 3371,ECG,40,5958,0,0,0,0,0
[12:31:39.013] 3371,ECG,41,6140,0,0,0,0,0
[12:31:39.044] 3376,ECG,42,6274,0,0,0,0,0
[12:31:39.044] 3376,ECG,43,6297,0,0,0,0,0
[12:31:39.060] 3376,ECG,44,6185,0,0,0,0,0
[12:31:39.060] 3381,ECG,45,5966,0,0,0,0,0
[12:31:39.200] 3381,ECG,46,5711,0,0,0,0,0
[12:31:39.216] 3386,ECG,47,5501,0,0,0,0,0
[12:31:39.216] 3386,ECG,48,5396,0,0,0,0,0
[12:31:39.247] 3386,ECG,49,5420,0,0,0,0,0
[12:31:39.247] 3391,ECG,50,5553,0,0,0,0,0
[12:31:39.277] 3391,ECG,51,5734,0,0,0,0,0
[12:31:39.402] 3396,ECG,52,5885,0,0,0,0,0
[12:31:39.402] 3396,ECG,53,5934,0,0,0,0,0
[12:31:39.433] 3396,ECG,54,5849,0,0,0,0,0
[12:31:39.433] 3401,ECG,55,5648,0,0,0,0,0
[12:31:39.449] 3401,ECG,56,5395,0,0,0,0,0
[12:31:39.449] 3406,ECG,57,5168,0,0,0,0,0
[12:31:39.480] 3406,ECG,58,5035,0,0,0,0,0
[12:31:39.620] 3406,ECG,59,5032,0,0,0,0,0
[12:31:39.620] 3411,ECG,60,5145,0,0,0,0,0
[12:31:39.637] 3411,ECG,61,5321,0,0,0,0,0
[12:31:39.637] 3411,ECG,62,5488,0,0,0,0,0
[12:31:39.668] 3416,ECG,63,5571,0,0,0,0,0
[12:31:39.699] 3416,ECG,64,5525,0,0,0,0,0
[12:31:39.699] 3421,ECG,65,5353,0,0,0,0,0
[12:31:39.823] 3421,ECG,66,5113,0,0,0,0,0
[12:31:39.823] 3421,ECG,67,4884,0,0,0,0,0
[12:31:39.854] 3426,ECG,68,4738,0,0,0,0,0
[12:31:39.854] 3426,ECG,69,4714,0,0,0,0,0
[12:31:39.869] 3431,ECG,70,4810,0,0,0,0,0
[12:31:39.900] 3431,ECG,71,4984,0,0,0,0,0
[12:31:39.900] 3431,ECG,72,5164,0,0,0,0,0
[12:31:40.038] 3436,ECG,73,5269,0,0,0,0,0
[12:31:40.038] 3436,ECG,74,5255,0,0,0,0,0
[12:31:40.054] 3441,ECG,75,5106,0,0,0,0,0
[12:31:40.085] 3441,ECG,76,4877,0,0,0,0,0
[12:31:40.085] 3441,ECG,77,4644,0,0,0,0,0
[12:31:40.117] 3446,ECG,78,4478,0,0,0,0,0
[12:31:40.117] 3446,ECG,79,4433,0,0,0,0,0
[12:31:40.240] 3451,ECG,80,4510,0,0,0,0,0
[12:31:40.240] 3451,ECG,81,4671,0,0,0,0,0
[12:31:40.272] 3451,ECG,82,4849,0,0,0,0,0
[12:31:40.287] 3456,ECG,83,4971,0,0,0,0,0
[12:31:40.287] 3456,ECG,84,4974,0,0,0,0,0
[12:31:40.319] 3456,ECG,85,4842,0,0,0,0,0
[12:31:40.319] 3461,ECG,86,4622,0,0,0,0,0
[12:31:40.459] 3461,ECG,87,4381,0,0,0,0,0
[12:31:40.474] 3466,ECG,88,4198,0,0,0,0,0
[12:31:40.474] 3466,ECG,89,4131,0,0,0,0,0
[12:31:40.507] 3466,ECG,90,4191,0,0,0,0,0
[12:31:40.507] 3471,ECG,91,4348,0,0,0,0,0
[12:31:40.522] 3471,ECG,92,4542,0,0,0,0,0
[12:31:40.522] 3476,ECG,93,4694,0,0,0,0,0
[12:31:40.662] 3476,ECG,94,4737,0,0,0,0,0
[12:31:40.693] 3476,ECG,95,4641,0,0,0,0,0
[12:31:40.693] 3481,ECG,96,4439,0,0,0,0,0
[12:31:40.709] 3481,ECG,97,4196,0,0,0,0,0
[12:31:40.709] 3486,ECG,98,3991,0,0,0,0,0
[12:31:40.740] 3486,ECG,99,3889,0,0,0,0,0
[12:31:40.864] 3486,ECG,100,3918,0,0,0,0,0
[12:31:40.864] 3491,ECG,101,4056,0,0,0,0,0
[12:31:40.895] 3491,ECG,102,4246,0,0,0,0,0
[12:31:40.895] 3496,ECG,103,4413,0,0,0,0,0
[12:31:40.927] 3496,ECG,104,4486,0,0,0,0,0
[12:31:40.942] 3496,ECG,105,4426,0,0,0,0,0
[12:31:40.942] 3501,ECG,106,4246,0,0,0,0,0
[12:31:41.085] 3501,ECG,107,4014,0,0,0,0,0
[12:31:41.085] 3501,ECG,108,3804,0,0,0,0,0
[12:31:41.100] 3506,ECG,109,3687,0,0,0,0,0
[12:31:41.131] 3506,ECG,110,3697,0,0,0,0,0
[12:31:41.131] 3511,ECG,111,3820,0,0,0,0,0
[12:31:41.162] 3511,ECG,112,4005,0,0,0,0,0
[12:31:41.162] 3511,ECG,113,4179,0,0,0,0,0
[12:31:41.285] 3516,ECG,114,4267,0,0,0,0,0
[12:31:41.317] 3516,ECG,115,4219,0,0,0,0,0
[12:31:41.317] 3521,ECG,116,4050,0,0,0,0,0
[12:31:41.332] 3521,ECG,117,3811,0,0,0,0,0
[12:31:41.332] 3521,ECG,118,3583,0,0,0,0,0
[12:31:41.364] 3526,ECG,119,3443,0,0,0,0,0
[12:31:41.489] 3526,ECG,120,3427,0,0,0,0,0
[12:31:41.489] 3531,ECG,121,3534,0,0,0,0,0
[12:31:41.521] 3531,ECG,122,3720,0,0,0,0,0
[12:31:41.521] 3531,ECG,123,3910,0,0,0,0,0
[12:31:41.552] 3536,ECG,124,4027,0,0,0,0,0
[12:31:41.567] 3536,ECG,125,4018,0,0,0,0,0
[12:31:41.567] 3541,ECG,126,3875,0,0,0,0,0
[12:31:41.706] 3541,ECG,127,3650,0,0,0,0,0
[12:31:41.707] 3541,ECG,128,3419,0,0,0,0,0
[12:31:41.738] 3546,ECG,129,3254,0,0,0,0,0
[12:31:41.754] 3546,ECG,130,3209,0,0,0,0,0
[12:31:41.754] 3546,ECG,131,3292,0,0,0,0,0
[12:31:41.785] 3551,ECG,132,3461,0,0,0,0,0
[12:31:41.785] 3551,ECG,133,3655,0,0,0,0,0
[12:31:41.912] 3556,ECG,134,3798,0,0,0,0,0
[12:31:41.940] 3556,ECG,135,3824,0,0,0,0,0
[12:31:41.940] 3556,ECG,136,3713,0,0,0,0,0
[12:31:41.972] 3561,ECG,137,3506,0,0,0,0,0
[12:31:41.987] 3561,ECG,138,3270,0,0,0,0,0
[12:31:41.987] 3566,ECG,139,3085,0,0,0,0,0
[12:31:42.143] 3566,ECG,140,3010,0,0,0,0,0
[12:31:42.143] 3566,ECG,141,3064,0,0,0,0,0
[12:31:42.174] 3571,ECG,142,3221,0,0,0,0,0
[12:31:42.206] 3571,ECG,143,3422,0,0,0,0,0
[12:31:42.206] 3576,ECG,144,3588,0,0,0,0,0
[12:31:42.331] 3576,ECG,145,3645,0,0,0,0,0
[12:31:42.331] 3576,ECG,146,3570,0,0,0,0,0
[12:31:42.361] 3581,ECG,147,3381,0,0,0,0,0
[12:31:42.377] 3581,ECG,148,3143,0,0,0,0,0
[12:31:42.377] 3586,ECG,149,2940,0,0,0,0,0
[12:31:42.409] 3586,ECG,150,2838,0,0,0,0,0
[12:31:42.409] 3586,ECG,151,2864,0,0,0,0,0
[12:31:42.548] 3591,ECG,152,3004,0,0,0,0,0
[12:31:42.564] 3591,ECG,153,3201,0,0,0,0,0
[12:31:42.564] 3591,ECG,154,3376,0,0,0,0,0
[12:31:42.595] 3596,ECG,155,3460,0,0,0,0,0
[12:31:42.595] 3596,ECG,156,3411,0,0,0,0,0
[12:31:42.626] 3601,ECG,157,3240,0,0,0,0,0
[12:31:42.752] 3601,ECG,158,3013,0,0,0,0,0
[12:31:42.752] 3601,ECG,159,2806,0,0,0,0,0
[12:31:42.783] 3606,ECG,160,2687,0,0,0,0,0
[12:31:42.783] 3606,ECG,161,2694,0,0,0,0,0
[12:31:42.799] 3611,ECG,162,2816,0,0,0,0,0
[12:31:42.831] 3611,ECG,163,3002,0,0,0,0,0
[12:31:42.831] 3611,ECG,164,3182,0,0,0,0,0
[12:31:42.956] 3616,ECG,165,3284,0,0,0,0,0
[12:31:42.956] 3616,ECG,166,3252,0,0,0,0,0
[12:31:42.987] 3621,ECG,167,3095,0,0,0,0,0
[12:31:43.004] 3621,ECG,168,2873,0,0,0,0,0
[12:31:43.004] 3621,ECG,169,2656,0,0,0,0,0
[12:31:43.035] 3626,ECG,170,2518,0,0,0,0,0
[12:31:43.035] 3626,ECG,171,2503,0,0,0,0,0
[12:31:43.176] 3631,ECG,172,2611,0,0,0,0,0
[12:31:43.192] 3631,ECG,173,2797,0,0,0,0,0
[12:31:43.192] 3631,ECG,174,2991,0,0,0,0,0
[12:31:43.223] 3636,ECG,175,3117,0,0,0,0,0
[12:31:43.223] 3636,ECG,176,3123,0,0,0,0,0
[12:31:43.254] 3636,ECG,177,2994,0,0,0,0,0
[12:31:43.409] 3641,ECG,178,2778,0,0,0,0,0
[12:31:43.409] 3641,ECG,179,2552,0,0,0,0,0
[12:31:43.425] 3646,ECG,180,2392,0,0,0,0,0
[12:31:43.425] 3646,ECG,181,2347,0,0,0,0,0
[12:31:43.457] 3646,ECG,182,2428,0,0,0,0,0
[12:31:43.580] 3651,ECG,183,2601,0,0,0,0,0
[12:31:43.580] 3651,ECG,184,2800,0,0,0,0,0
[12:31:43.612] 3656,ECG,185,2950,0,0,0,0,0
[12:31:43.643] 3656,ECG,186,2988,0,0,0,0,0
[12:31:43.643] 3656,ECG,187,2891,0,0,0,0,0
[12:31:43.659] 3661,ECG,188,2694,0,0,0,0,0
[12:31:43.659] 3661,ECG,189,2471,0,0,0,0,0
[12:31:43.799] 3666,ECG,190,2295,0,0,0,0,0
[12:31:43.830] 3666,ECG,191,2226,0,0,0,0,0
[12:31:43.830] 3666,ECG,192,2287,0,0,0,0,0
[12:31:43.846] 3671,ECG,193,2447,0,0,0,0,0
[12:31:43.846] 3671,ECG,194,2647,0,0,0,0,0
[12:31:43.878] 3676,ECG,195,2808,0,0,0,0,0
[12:31:44.033] 3676,ECG,196,2864,0,0,0,0,0
[12:31:44.033] 3676,ECG,197,2783,0,0,0,0,0
[12:31:44.049] 3681,ECG,198,2592,0,0,0,0,0
[12:31:44.049] 3681,ECG,199,2355,0,0,0,0,0
[12:31:44.080] 3681,ECG,200,2154,0,0,0,0,0
[12:31:44.221] 3686,ECG,201,2058,0,0,0,0,0
[12:31:44.221] 3686,ECG,202,2093,0,0,0,0,0
[12:31:44.237] 3691,ECG,203,2239,0,0,0,0,0
[12:31:44.237] 3691,ECG,204,2442,0,0,0,0,0
[12:31:44.267] 3691,ECG,205,2625,0,0,0,0,0
[12:31:44.298] 3696,ECG,206,2714,0,0,0,0,0
[12:31:44.298] 3696,ECG,207,2666,0,0,0,0,0
[12:31:44.423] 3701,ECG,208,2496,0,0,0,0,0
[12:31:44.423] 3701,ECG,209,2268,0,0,0,0,0
[12:31:44.454] 3701,ECG,210,2057,0,0,0,0,0
[12:31:44.469] 3706,ECG,211,1936,0,0,0,0,0
[12:31:44.469] 3706,ECG,212,1945,0,0,0,0,0
[12:31:44.501] 3711,ECG,213,2073,0,0,0,0,0
[12:31:44.501] 3711,ECG,214,2274,0,0,0,0,0
[12:31:44.658] 3711,ECG,215,2473,0,0,0,0,0
[12:31:44.690] 3716,ECG,216,2590,0,0,0,0,0
[12:31:44.690] 3716,ECG,217,2579,0,0,0,0,0
[12:31:44.706] 3721,ECG,218,2434,0,0,0,0,0
[12:31:44.706] 3721,ECG,219,2210,0,0,0,0,0
[12:31:44.847] 3721,ECG,220,1986,0,0,0,0,0
[12:31:44.862] 3726,ECG,221,1838,0,0,0,0,0
[12:31:44.862] 3726,ECG,222,1816,0,0,0,0,0
[12:31:44.893] 3726,ECG,223,1920,0,0,0,0,0
[12:31:44.893] 3731,ECG,224,2109,0,0,0,0,0
[12:31:44.924] 3731,ECG,225,2318,0,0,0,0,0
[12:31:45.050] 3736,ECG,226,2463,0,0,0,0,0
[12:31:45.050] 3736,ECG,227,2483,0,0,0,0,0
[12:31:45.082] 3736,ECG,228,2368,0,0,0,0,0
[12:31:45.082] 3741,ECG,229,2159,0,0,0,0,0
[12:31:45.097] 3741,ECG,230,1933,0,0,0,0,0
[12:31:45.129] 3746,ECG,231,1768,0,0,0,0,0
[12:31:45.129] 3746,ECG,232,1721,0,0,0,0,0
[12:31:45.253] 3746,ECG,233,1803,0,0,0,0,0
[12:31:45.285] 3751,ECG,234,1981,0,0,0,0,0
[12:31:45.285] 3751,ECG,235,2186,0,0,0,0,0
[12:31:45.316] 3756,ECG,236,2345,0,0,0,0,0
[12:31:45.316] 3756,ECG,237,2390,0,0,0,0,0
[12:31:45.332] 3756,ECG,238,2295,0,0,0,0,0
[12:31:45.472] 3761,ECG,239,2097,0,0,0,0,0
[12:31:45.472] 3761,ECG,240,1866,0,0,0,0,0
[12:31:45.488] 3766,ECG,241,1678,0,0,0,0,0
[12:31:45.488] 3766,ECG,242,1598,0,0,0,0,0
[12:31:45.519] 3766,ECG,243,1651,0,0,0,0,0
[12:31:45.551] 3771,ECG,244,1808,0,0,0,0,0
[12:31:45.551] 3771,ECG,245,2012,0,0,0,0,0
[12:31:45.675] 3771,ECG,246,2186,0,0,0,0,0
[12:31:45.675] 3776,ECG,247,2258,0,0,0,0,0
[12:31:45.706] 3776,ECG,248,2192,0,0,0,0,0
[12:31:45.723] 3781,ECG,249,2012,0,0,0,0,0
[12:31:45.723] 3781,ECG,250,1782,0,0,0,0,0
[12:31:45.754] 3781,ECG,251,1580,0,0,0,0,0
[12:31:45.754] 3786,ECG,252,1477,0,0,0,0,0
[12:31:45.893] 3786,ECG,253,1506,0,0,0,0,0
[12:31:45.909] 3791,ECG,254,1650,0,0,0,0,0
[12:31:45.909] 3791,ECG,255,1858,0,0,0,0,0
[12:31:45.941] 3791,ECG,256,2051,0,0,0,0,0
[12:31:45.941] 3796,ECG,257,2154,0,0,0,0,0
[12:31:45.972] 3796,ECG,258,2123,0,0,0,0,0
[12:31:46.096] 3801,ECG,259,1964,0,0,0,0,0
[12:31:46.096] 3801,ECG,260,1741,0,0,0,0,0
[12:31:46.128] 3801,ECG,261,1531,0,0,0,0,0
[12:31:46.128] 3806,ECG,262,1406,0,0,0,0,0
[12:31:46.143] 3806,ECG,263,1407,0,0,0,0,0
[12:31:46.174] 3811,ECG,264,1531,0,0,0,0,0
[12:31:46.174] 3811,ECG,265,1729,0,0,0,0,0
[12:31:46.299] 3811,ECG,266,1927,0,0,0,0,0
[12:31:46.299] 3816,ECG,267,2050,0,0,0,0,0
[12:31:46.330] 3816,ECG,268,2042,0,0,0,0,0
[12:31:46.361] 3816,ECG,269,1902,0,0,0,0,0
[12:31:46.361] 3821,ECG,270,1684,0,0,0,0,0
[12:31:46.376] 3821,ECG,271,1465,0,0,0,0,0
[12:31:46.376] 3826,ECG,272,1324,0,0,0,0,0
[12:31:46.520] 3826,ECG,273,1306,0,0,0,0,0
[12:31:46.536] 3826,ECG,274,1411,0,0,0,0,0
[12:31:46.536] 3831,ECG,275,1600,0,0,0,0,0
[12:31:46.567] 3831,ECG,276,1805,0,0,0,0,0
[12:31:46.567] 3836,ECG,277,1946,0,0,0,0,0
[12:31:46.599] 3836,ECG,278,1963,0,0,0,0,0
[12:31:46.724] 3836,ECG,279,1845,0,0,0,0,0
[12:31:46.724] 3841,ECG,280,1635,0,0,0,0,0
[12:31:46.756] 3841,ECG,281,1408,0,0,0,0,0
[12:31:46.771] 3846,ECG,282,1243,0,0,0,0,0
[12:31:46.771] 3846,ECG,283,1196,0,0,0,0,0
[12:31:46.803] 3846,ECG,284,1278,0,0,0,0,0
[12:31:46.803] 3851,ECG,285,1456,0,0,0,0,0
[12:31:46.929] 3851,ECG,286,1663,0,0,0,0,0
[12:31:46.961] 3856,ECG,287,1827,0,0,0,0,0
[12:31:46.961] 3856,ECG,288,1881,0,0,0,0,0
[12:31:46.992] 3856,ECG,289,1796,0,0,0,0,0
[12:31:46.992] 3861,ECG,290,1605,0,0,0,0,0
[12:31:47.008] 3861,ECG,291,1377,0,0,0,0,0
[12:31:47.136] 3861,ECG,292,1189,0,0,0,0,0
[12:31:47.136] 3866,ECG,293,1111,0,0,0,0,0
[12:31:47.168] 3866,ECG,294,1165,0,0,0,0,0
[12:31:47.168] 3871,ECG,295,1323,0,0,0,0,0
[12:31:47.199] 3871,ECG,296,1528,0,0,0,0,0
[12:31:47.214] 3871,ECG,297,1713,0,0,0,0,0
[12:31:47.214] 3876,ECG,298,1797,0,0,0,0,0
[12:31:47.354] 3876,ECG,299,1745,0,0,0,0,0
[12:31:47.354] 3881,ECG,300,1576,0,0,0,0,0
[12:31:47.370] 3881,ECG,301,1351,0,0,0,0,0
[12:31:47.401] 3881,ECG,302,1149,0,0,0,0,0
[12:31:47.401] 3886,ECG,303,1046,0,0,0,0,0
[12:31:47.432] 3886,ECG,304,1072,0,0,0,0,0
[12:31:47.432] 3891,ECG,305,1214,0,0,0,0,0
[12:31:47.556] 3891,ECG,306,1427,0,0,0,0,0
[12:31:47.587] 3891,ECG,307,1628,0,0,0,0,0
[12:31:47.587] 3896,ECG,308,1740,0,0,0,0,0
[12:31:47.619] 3896,ECG,309,1720,0,0,0,0,0
[12:31:47.619] 3901,ECG,310,1572,0,0,0,0,0
[12:31:47.634] 3901,ECG,311,1345,0,0,0,0,0
[12:31:47.776] 3901,ECG,312,1130,0,0,0,0,0
[12:31:47.776] 3906,ECG,313,995,0,0,0,0,0
[12:31:47.792] 3906,ECG,314,989,0,0,0,0,0
[12:31:47.792] 3906,ECG,315,1108,0,0,0,0,0
[12:31:47.823] 3911,ECG,316,1302,0,0,0,0,0
[12:31:47.855] 3911,ECG,317,1499,0,0,0,0,0
[12:31:47.855] 3916,ECG,318,1627,0,0,0,0,0
[12:31:47.980] 3916,ECG,319,1627,0,0,0,0,0
[12:31:47.980] 3916,ECG,320,1491,0,0,0,0,0
[12:31:48.011] 3921,ECG,321,1276,0,0,0,0,0
[12:31:48.027] 3921,ECG,322,1057,0,0,0,0,0
[12:31:48.027] 3926,ECG,323,910,0,0,0,0,0
[12:31:48.058] 3926,ECG,324,885,0,0,0,0,0
[12:31:48.058] 3926,ECG,325,988,0,0,0,0,0
[12:31:48.184] 3931,ECG,326,1179,0,0,0,0,0
[12:31:48.215] 3931,ECG,327,1390,0,0,0,0,0
[12:31:48.215] 3936,ECG,328,1541,0,0,0,0,0
[12:31:48.247] 3936,ECG,329,1573,0,0,0,0,0
[12:31:48.247] 3936,ECG,330,1467,0,0,0,0,0
[12:31:48.262] 3941,ECG,331,1264,0,0,0,0,0
[12:31:48.402] 3941,ECG,332,1037,0,0,0,0,0
[12:31:48.402] 3946,ECG,333,865,0,0,0,0,0
[12:31:48.418] 3946,ECG,334,806,0,0,0,0,0
[12:31:48.418] 3946,ECG,335,874,0,0,0,0,0
[12:31:48.450] 3951,ECG,336,1043,0,0,0,0,0
[12:31:48.481] 3951,ECG,337,1256,0,0,0,0,0
[12:31:48.481] 3951,ECG,338,1430,0,0,0,0,0
[12:31:48.604] 3956,ECG,339,1498,0,0,0,0,0
[12:31:48.604] 3956,ECG,340,1433,0,0,0,0,0
[12:31:48.635] 3961,ECG,341,1256,0,0,0,0,0
[12:31:48.650] 3961,ECG,342,1036,0,0,0,0,0
[12:31:48.650] 3961,ECG,343,854,0,0,0,0,0
[12:31:48.682] 3966,ECG,344,772,0,0,0,0,0
[12:31:48.682] 3966,ECG,345,816,0,0,0,0,0
[12:31:48.822] 3971,ECG,346,969,0,0,0,0,0
[12:31:48.837] 3971,ECG,347,1172,0,0,0,0,0
[12:31:48.837] 3971,ECG,348,1352,0,0,0,0,0
[12:31:48.868] 3976,ECG,349,1440,0,0,0,0,0
[12:31:48.868] 3976,ECG,350,1393,0,0,0,0,0
[12:31:48.900] 3981,ECG,351,1226,0,0,0,0,0
[12:31:49.024] 3981,ECG,352,1008,0,0,0,0,0
[12:31:49.024] 3981,ECG,353,809,0,0,0,0,0
[12:31:49.055] 3986,ECG,354,703,0,0,0,0,0
[12:31:49.055] 3986,ECG,355,726,0,0,0,0,0
[12:31:49.070] 3991,ECG,356,861,0,0,0,0,0
[12:31:49.070] 3991,ECG,357,1062,0,0,0,0,0
[12:31:49.101] 3991,ECG,358,1255,0,0,0,0,0
[12:31:49.241] 3996,ECG,359,1362,0,0,0,0,0
[12:31:49.241] 3996,ECG,360,1339,0,0,0,0,0
[12:31:49.257] 3996,ECG,361,1188,0,0,0,0,0
[12:31:49.257] 4001,ECG,362,969,0,0,0,0,0
[12:31:49.288] 4001,ECG,363,755,0,0,0,0,0
[12:31:49.319] 4006,ECG,364,622,0,0,0,0,0
[12:31:49.319] 4006,ECG,365,618,0,0,0,0,0
[12:31:49.445] 4006,ECG,366,739,0,0,0,0,0
[12:31:49.445] 4011,ECG,367,939,0,0,0,0,0
[12:31:49.475] 4011,ECG,368,1149,0,0,0,0,0
[12:31:49.491] 4016,ECG,369,1291,0,0,0,0,0
[12:31:49.491] 4016,ECG,370,1305,0,0,0,0,0
[12:31:49.521] 4016,ECG,371,1181,0,0,0,0,0
[12:31:49.521] 4021,ECG,372,970,0,0,0,0,0
[12:31:49.647] 4021,ECG,373,749,0,0,0,0,0
[12:31:49.679] 4026,ECG,374,590,0,0,0,0,0
[12:31:49.679] 4026,ECG,375,553,0,0,0,0,0
[12:31:49.710] 4026,ECG,376,650,0,0,0,0,0
[12:31:49.710] 4031,ECG,377,837,0,0,0,0,0
[12:31:49.725] 4031,ECG,378,1049,0,0,0,0,0
[12:31:49.867] 4036,ECG,379,1211,0,0,0,0,0
[12:31:49.867] 4036,ECG,380,1254,0,0,0,0,0
[12:31:49.883] 4036,ECG,381,1156,0,0,0,0,0
[12:31:49.883] 4041,ECG,382,960,0,0,0,0,0
[12:31:49.914] 4041,ECG,383,734,0,0,0,0,0
[12:31:49.914] 4041,ECG,384,560,0,0,0,0,0
[12:31:49.943] 4046,ECG,385,500,0,0,0,0,0
[12:31:50.068] 4046,ECG,386,572,0,0,0,0,0
[12:31:50.068] 4051,ECG,387,746,0,0,0,0,0
[12:31:50.098] 4051,ECG,388,966,0,0,0,0,0
[12:31:50.098] 4051,ECG,389,1145,0,0,0,0,0
[12:31:50.114] 4056,ECG,390,1215,0,0,0,0,0
[12:31:50.146] 4056,ECG,391,1146,0,0,0,0,0
[12:31:50.146] 4061,ECG,392,963,0,0,0,0,0
[12:31:50.286] 4061,ECG,393,732,0,0,0,0,0
[12:31:50.286] 4061,ECG,394,539,0,0,0,0,0
[12:31:50.301] 4066,ECG,395,448,0,0,0,0,0
[12:31:50.332] 4066,ECG,396,489,0,0,0,0,0
[12:31:50.332] 4071,ECG,397,644,0,0,0,0,0
[12:31:50.363] 4071,ECG,398,856,0,0,0,0,0
[12:31:50.363] 4071,ECG,399,1045,0,0,0,0,0
[12:31:50.487] 4076,ECG,400,1141,0,0,0,0,0
[12:31:50.518] 4076,ECG,401,1099,0,0,0,0,0
[12:31:50.518] 4081,ECG,402,935,0,0,0,0,0
[12:31:50.533] 4081,ECG,403,712,0,0,0,0,0
[12:31:50.533] 4081,ECG,404,508,0,0,0,0,0
[12:31:50.564] 4086,ECG,405,396,0,0,0,0,0
[12:31:50.564] 4086,ECG,406,415,0,0,0,0,0
[12:31:50.705] 4086,ECG,407,551,0,0,0,0,0
[12:31:50.721] 4091,ECG,408,757,0,0,0,0,0
[12:31:50.721] 4091,ECG,409,961,0,0,0,0,0
[12:31:50.753] 4096,ECG,410,1084,0,0,0,0,0
[12:31:50.753] 4096,ECG,411,1075,0,0,0,0,0
[12:31:50.769] 4096,ECG,412,937,0,0,0,0,0
[12:31:50.909] 4101,ECG,413,721,0,0,0,0,0
[12:31:50.909] 4101,ECG,414,507,0,0,0,0,0
[12:31:50.924] 4106,ECG,415,370,0,0,0,0,0
[12:31:50.924] 4106,ECG,416,357,0,0,0,0,0
[12:31:50.956] 4106,ECG,417,468,0,0,0,0,0
[12:31:50.956] 4111,ECG,418,667,0,0,0,0,0
[12:31:50.987] 4111,ECG,419,884,0,0,0,0,0
[12:31:51.113] 4116,ECG,420,1035,0,0,0,0,0
[12:31:51.113] 4116,ECG,421,1061,0,0,0,0,0
[12:31:51.145] 4116,ECG,422,952,0,0,0,0,0
[12:31:51.145] 4121,ECG,423,748,0,0,0,0,0
[12:31:51.160] 4121,ECG,424,527,0,0,0,0,0
[12:31:51.191] 4126,ECG,425,367,0,0,0,0,0
[12:31:51.191] 4126,ECG,426,325,0,0,0,0,0
[12:31:51.333] 4126,ECG,427,414,0,0,0,0,0
[12:31:51.333] 4131,ECG,428,598,0,0,0,0,0
[12:31:51.348] 4131,ECG,429,811,0,0,0,0,0
[12:31:51.380] 4131,ECG,430,975,0,0,0,0,0
[12:31:51.380] 4136,ECG,431,1025,0,0,0,0,0
[12:31:51.395] 4136,ECG,432,937,0,0,0,0,0
[12:31:51.395] 4141,ECG,433,745,0,0,0,0,0
[12:31:51.537] 4141,ECG,434,526,0,0,0,0,0
[12:31:51.537] 4141,ECG,435,354,0,0,0,0,0
[12:31:51.553] 4146,ECG,436,291,0,0,0,0,0
[12:31:51.585] 4146,ECG,437,360,0,0,0,0,0
[12:31:51.585] 4151,ECG,438,532,0,0,0,0,0
[12:31:51.616] 4151,ECG,439,745,0,0,0,0,0
[12:31:51.616] 4151,ECG,440,927,0,0,0,0,0
[12:31:51.738] 4156,ECG,441,1004,0,0,0,0,0
[12:31:51.770] 4156,ECG,442,943,0,0,0,0,0
[12:31:51.770] 4161,ECG,443,768,0,0,0,0,0
[12:31:51.800] 4161,ECG,444,548,0,0,0,0,0
[12:31:51.800] 4161,ECG,445,360,0,0,0,0,0
[12:31:51.815] 4166,ECG,446,271,0,0,0,0,0
[12:31:51.815] 4166,ECG,447,314,0,0,0,0,0
[12:31:51.956] 4171,ECG,448,470,0,0,0,0,0
[12:31:51.971] 4171,ECG,449,684,0,0,0,0,0
[12:31:51.971] 4171,ECG,450,883,0,0,0,0,0
[12:31:52.002] 4176,ECG,451,991,0,0,0,0,0
[12:31:52.002] 4176,ECG,452,961,0,0,0,0,0
[12:31:52.034] 4181,ECG,453,803,0,0,0,0,0
[12:31:52.159] 4181,ECG,454,583,0,0,0,0,0
[12:31:52.159] 4181,ECG,455,380,0,0,0,0,0
[12:31:52.190] 4186,ECG,456,261,0,0,0,0,0
[12:31:52.190] 4186,ECG,457,272,0,0,0,0,0
[12:31:52.221] 4186,ECG,458,404,0,0,0,0,0
[12:31:52.221] 4191,ECG,459,608,0,0,0,0,0
[12:31:52.237] 4191,ECG,460,812,0,0,0,0,0
[12:31:52.378] 4196,ECG,461,939,0,0,0,0,0
[12:31:52.378] 4196,ECG,462,932,0,0,0,0,0
[12:31:52.393] 4196,ECG,463,791,0,0,0,0,0
[12:31:52.393] 4201,ECG,464,570,0,0,0,0,0
[12:31:52.425] 4201,ECG,465,348,0,0,0,0,0
[12:31:52.440] 4206,ECG,466,206,0,0,0,0,0
[12:31:52.440] 4206,ECG,467,190,0,0,0,0,0
[12:31:52.580] 4206,ECG,468,303,0,0,0,0,0
[12:31:52.580] 4211,ECG,469,503,0,0,0,0,0
[12:31:52.611] 4211,ECG,470,719,0,0,0,0,0
[12:31:52.611] 4216,ECG,471,869,0,0,0,0,0
[12:31:52.627] 4216,ECG,472,894,0,0,0,0,0
[12:31:52.658] 4216,ECG,473,781,0,0,0,0,0
[12:31:52.658] 4221,ECG,474,572,0,0,0,0,0
[12:31:52.784] 4221,ECG,475,344,0,0,0,0,0
[12:31:52.784] 4221,ECG,476,185,0,0,0,0,0
[12:31:52.815] 4226,ECG,477,146,0,0,0,0,0
[12:31:52.845] 4226,ECG,478,237,0,0,0,0,0
[12:31:52.845] 4231,ECG,479,427,0,0,0,0,0
[12:31:52.861] 4231,ECG,480,650,0,0,0,0,0
[12:31:52.861] 4231,ECG,481,823,0,0,0,0,0
[12:31:53.001] 4236,ECG,482,881,0,0,0,0,0
[12:31:53.001] 4236,ECG,483,798,0,0,0,0,0
[12:31:53.017] 4241,ECG,484,609,0,0,0,0,0
[12:31:53.049] 4241,ECG,485,386,0,0,0,0,0
[12:31:53.049] 4241,ECG,486,206,0,0,0,0,0
[12:31:53.080] 4246,ECG,487,134,0,0,0,0,0
[12:31:53.080] 4246,ECG,488,193,0,0,0,0,0
[12:31:53.206] 4251,ECG,489,358,0,0,0,0,0
[12:31:53.236] 4251,ECG,490,566,0,0,0,0,0
[12:31:53.236] 4251,ECG,491,745,0,0,0,0,0
[12:31:53.252] 4256,ECG,492,824,0,0,0,0,0
[12:31:53.252] 4256,ECG,493,763,0,0,0,0,0
[12:31:53.284] 4261,ECG,494,586,0,0,0,0,0
[12:31:53.284] 4261,ECG,495,358,0,0,0,0,0
[12:31:53.410] 4261,ECG,496,161,0,0,0,0,0
[12:31:53.441] 4266,ECG,497,63,0,0,0,0,0
[12:31:53.441] 4266,ECG,498,94,0,0,0,0,0
[12:31:53.472] 4271,ECG,499,239,0,0,0,0,0
[12:31:53.472] 4271,ECG,500,449,0,0,0,0,0
[12:31:53.487] 4271,ECG,501,646,0,0,0,0,0
[12:31:53.630] 4276,ECG,502,752,0,0,0,0,0
[12:31:53.630] 4276,ECG,503,731,0,0,0,0,0
[12:31:53.645] 4276,ECG,504,584,0,0,0,0,0
[12:31:53.647] 4281,ECG,505,370,0,0,0,0,0
[12:31:53.676] 4281,ECG,506,171,0,0,0,0,0
[12:31:53.676] 4286,ECG,507,57,0,0,0,0,0
[12:31:53.707] 4286,ECG,508,69,0,0,0,0,0
[12:31:53.833] 4286,ECG,509,200,0,0,0,0,0
[12:31:53.833] 4291,ECG,510,401,0,0,0,0,0
[12:31:53.863] 4291,ECG,511,602,0,0,0,0,0
[12:31:53.863] 4296,ECG,512,730,0,0,0,0,0
[12:31:53.879] 4296,ECG,513,728,0,0,0,0,0
[12:31:53.879] 4296,ECG,514,592,0,0,0,0,0
[12:31:53.911] 4301,ECG,515,380,0,0,0,0,0
[12:31:54.051] 4301,ECG,516,164,0,0,0,0,0
[12:31:54.051] 4306,ECG,517,20,0,0,0,0,0
[12:31:54.067] 4306,ECG,518,2,0,0,0,0,0
[12:31:54.067] 4306,ECG,519,112,0,0,0,0,0
[12:31:54.098] 4311,ECG,520,306,0,0,0,0,0
[12:31:54.114] 4311,ECG,521,519,0,0,0,0,0
[12:31:54.114] 4311,ECG,522,676,0,0,0,0,0
[12:31:54.253] 4316,ECG,523,709,0,0,0,0,0
[12:31:54.253] 4316,ECG,524,603,0,0,0,0,0
[12:31:54.284] 4321,ECG,525,401,0,0,0,0,0
[12:31:54.284] 4321,ECG,526,176,0,0,0,0,0
[12:31:54.300] 4321,ECG,527,9,0,0,0,0,0
[12:31:54.331] 4326,ECG,528,-45,0,0,0,0,0
[12:31:54.331] 4326,ECG,529,35,0,0,0,0,0
[12:31:54.455] 4331,ECG,530,215,0,0,0,0,0
[12:31:54.455] 4331,ECG,531,432,0,0,0,0,0
[12:31:54.486] 4331,ECG,532,607,0,0,0,0,0
[12:31:54.486] 4336,ECG,533,671,0,0,0,0,0
[12:31:54.517] 4336,ECG,534,597,0,0,0,0,0
[12:31:54.533] 4341,ECG,535,414,0,0,0,0,0
[12:31:54.533] 4341,ECG,536,190,0,0,0,0,0
[12:31:54.673] 4341,ECG,537,10,0,0,0,0,0
[12:31:54.673] 4346,ECG,538,-65,0,0,0,0,0
[12:31:54.704] 4346,ECG,539,-9,0,0,0,0,0
[12:31:54.704] 4351,ECG,540,157,0,0,0,0,0
[12:31:54.719] 4351,ECG,541,375,0,0,0,0,0
[12:31:54.750] 4351,ECG,542,564,0,0,0,0,0
[12:31:54.750] 4356,ECG,543,653,0,0,0,0,0
[12:31:54.876] 4356,ECG,544,603,0,0,0,0,0
[12:31:54.876] 4356,ECG,545,433,0,0,0,0,0
[12:31:54.906] 4361,ECG,546,208,0,0,0,0,0
[12:31:54.937] 4361,ECG,547,8,0,0,0,0,0
[12:31:54.937] 4366,ECG,548,-96,0,0,0,0,0
[12:31:54.953] 4366,ECG,549,-67,0,0,0,0,0
[12:31:54.953] 4366,ECG,550,78,0,0,0,0,0
[12:31:55.092] 4371,ECG,551,288,0,0,0,0,0
[12:31:55.092] 4371,ECG,552,491,0,0,0,0,0
[12:31:55.107] 4376,ECG,553,606,0,0,0,0,0
[12:31:55.139] 4376,ECG,554,588,0,0,0,0,0
[12:31:55.139] 4376,ECG,555,439,0,0,0,0,0
[12:31:55.171] 4381,ECG,556,220,0,0,0,0,0
[12:31:55.171] 4381,ECG,557,9,0,0,0,0,0
[12:31:55.297] 4386,ECG,558,-119,0,0,0,0,0
[12:31:55.329] 4386,ECG,559,-118,0,0,0,0,0
[12:31:55.329] 4386,ECG,560,7,0,0,0,0,0
[12:31:55.345] 4391,ECG,561,212,0,0,0,0,0
[12:31:55.345] 4391,ECG,562,425,0,0,0,0,0
[12:31:55.375] 4396,ECG,563,570,0,0,0,0,0
[12:31:55.375] 4396,ECG,564,587,0,0,0,0,0
[12:31:55.502] 4396,ECG,565,468,0,0,0,0,0
[12:31:55.533] 4401,ECG,566,263,0,0,0,0,0
[12:31:55.533] 4401,ECG,567,46,0,0,0,0,0
[12:31:55.565] 4406,ECG,568,-107,0,0,0,0,0
[12:31:55.565] 4406,ECG,569,-136,0,0,0,0,0
[12:31:55.581] 4406,ECG,570,-33,0,0,0,0,0
[12:31:55.581] 4411,ECG,571,162,0,0,0,0,0
[12:31:55.721] 4411,ECG,572,385,0,0,0,0,0
[12:31:55.737] 4411,ECG,573,559,0,0,0,0,0
[12:31:55.737] 4416,ECG,574,612,0,0,0,0,0
[12:31:55.769] 4416,ECG,575,526,0,0,0,0,0
[12:31:55.769] 4421,ECG,576,338,0,0,0,0,0
[12:31:55.799] 4421,ECG,577,116,0,0,0,0,0
[12:31:55.923] 4421,ECG,578,-56,0,0,0,0,0
[12:31:55.923] 4426,ECG,579,-114,0,0,0,0,0
[12:31:55.954] 4426,ECG,580,-45,0,0,0,0,0
[12:31:55.954] 4431,ECG,581,130,0,0,0,0,0
[12:31:55.970] 4431,ECG,582,350,0,0,0,0,0
[12:31:56.000] 4431,ECG,583,529,0,0,0,0,0
[12:31:56.000] 4436,ECG,584,604,0,0,0,0,0
[12:31:56.141] 4436,ECG,585,542,0,0,0,0,0
[12:31:56.141] 4441,ECG,586,363,0,0,0,0,0
[12:31:56.157] 4441,ECG,587,142,0,0,0,0,0
[12:31:56.157] 4441,ECG,588,-40,0,0,0,0,0
[12:31:56.188] 4446,ECG,589,-123,0,0,0,0,0
[12:31:56.220] 4446,ECG,590,-74,0,0,0,0,0
[12:31:56.220] 4446,ECG,591,87,0,0,0,0,0
[12:31:56.346] 4451,ECG,592,304,0,0,0,0,0
[12:31:56.346] 4451,ECG,593,499,0,0,0,0,0
[12:31:56.377] 4456,ECG,594,596,0,0,0,0,0
[12:31:56.392] 4456,ECG,595,553,0,0,0,0,0
[12:31:56.392] 4456,ECG,596,386,0,0,0,0,0
[12:31:56.423] 4461,ECG,597,161,0,0,0,0,0
[12:31:56.423] 4461,ECG,598,-45,0,0,0,0,0
[12:31:56.548] 4466,ECG,599,-159,0,0,0,0,0
[12:31:56.548] 4466,ECG,600,-140,0,0,0,0,0
[12:31:56.579] 4466,ECG,601,-1,0,0,0,0,0
[12:31:56.611] 4471,ECG,602,209,0,0,0,0,0
[12:31:56.611] 4471,ECG,603,418,0,0,0,0,0
[12:31:56.626] 4476,ECG,604,545,0,0,0,0,0
[12:31:56.626] 4476,ECG,605,538,0,0,0,0,0
[12:31:56.766] 4476,ECG,606,397,0,0,0,0,0
[12:31:56.783] 4481,ECG,607,180,0,0,0,0,0
[12:31:56.783] 4481,ECG,608,-32,0,0,0,0,0
[12:31:56.814] 4486,ECG,609,-166,0,0,0,0,0
[12:31:56.814] 4486,ECG,610,-176,0,0,0,0,0
[12:31:56.845] 4486,ECG,611,-59,0,0,0,0,0
[12:31:56.845] 4491,ECG,612,143,0,0,0,0,0
[12:31:56.969] 4491,ECG,613,355,0,0,0,0,0
[12:31:57.000] 4496,ECG,614,503,0,0,0,0,0
[12:31:57.000] 4496,ECG,615,525,0,0,0,0,0
[12:31:57.015] 4496,ECG,616,410,0,0,0,0,0
[12:31:57.015] 4501,ECG,617,206,0,0,0,0,0
[12:31:57.047] 4501,ECG,618,-8,0,0,0,0,0
[12:31:57.173] 4501,ECG,619,-158,0,0,0,0,0
[12:31:57.173] 4506,ECG,620,-187,0,0,0,0,0
[12:31:57.204] 4506,ECG,621,-85,0,0,0,0,0
[12:31:57.204] 4511,ECG,622,107,0,0,0,0,0
[12:31:57.236] 4511,ECG,623,325,0,0,0,0,0
[12:31:57.252] 4511,ECG,624,490,0,0,0,0,0
[12:31:57.252] 4516,ECG,625,534,0,0,0,0,0
[12:31:57.392] 4516,ECG,626,438,0,0,0,0,0
[12:31:57.392] 4521,ECG,627,242,0,0,0,0,0
[12:31:57.407] 4521,ECG,628,17,0,0,0,0,0
[12:31:57.407] 4521,ECG,629,-155,0,0,0,0,0
[12:31:57.439] 4526,ECG,630,-212,0,0,0,0,0
[12:31:57.470] 4526,ECG,631,-139,0,0,0,0,0
[12:31:57.470] 4531,ECG,632,37,0,0,0,0,0
[12:31:57.596] 4531,ECG,633,259,0,0,0,0,0
[12:31:57.596] 4531,ECG,634,442,0,0,0,0,0
[12:31:57.627] 4536,ECG,635,515,0,0,0,0,0
[12:31:57.642] 4536,ECG,636,449,0,0,0,0,0
[12:31:57.642] 4541,ECG,637,269,0,0,0,0,0
[12:31:57.673] 4541,ECG,638,44,0,0,0,0,0
[12:31:57.673] 4541,ECG,639,-148,0,0,0,0,0
[12:31:57.814] 4546,ECG,640,-236,0,0,0,0,0
[12:31:57.814] 4546,ECG,641,-192,0,0,0,0,0
[12:31:57.830] 4546,ECG,642,-35,0,0,0,0,0
[12:31:57.862] 4551,ECG,643,181,0,0,0,0,0
[12:31:57.862] 4551,ECG,644,378,0,0,0,0,0
[12:31:57.877] 4556,ECG,645,484,0,0,0,0,0
[12:31:57.877] 4556,ECG,646,453,0,0,0,0,0
[12:31:58.019] 4556,ECG,647,297,0,0,0,0,0
[12:31:58.035] 4561,ECG,648,78,0,0,0,0,0
[12:31:58.035] 4561,ECG,649,-123,0,0,0,0,0
[12:31:58.066] 4566,ECG,650,-234,0,0,0,0,0
[12:31:58.066] 4566,ECG,651,-214,0,0,0,0,0
[12:31:58.098] 4566,ECG,652,-73,0,0,0,0,0
[12:31:58.223] 4571,ECG,653,138,0,0,0,0,0
[12:31:58.223] 4571,ECG,654,350,0,0,0,0,0
[12:31:58.254] 4576,ECG,655,484,0,0,0,0,0
[12:31:58.254] 4576,ECG,656,484,0,0,0,0,0
[12:31:58.285] 4576,ECG,657,351,0,0,0,0,0
[12:31:58.285] 4581,ECG,658,139,0,0,0,0,0
[12:31:58.301] 4581,ECG,659,-75,0,0,0,0,0
[12:31:58.441] 4586,ECG,660,-215,0,0,0,0,0
[12:31:58.441] 4586,ECG,661,-230,0,0,0,0,0
[12:31:58.457] 4586,ECG,662,-120,0,0,0,0,0
[12:31:58.457] 4591,ECG,663,76,0,0,0,0,0
[12:31:58.488] 4591,ECG,664,287,0,0,0,0,0
[12:31:58.520] 4591,ECG,665,432,0,0,0,0,0
[12:31:58.520] 4596,ECG,666,455,0,0,0,0,0
[12:31:58.645] 4596,ECG,667,344,0,0,0,0,0
[12:31:58.645] 4601,ECG,668,141,0,0,0,0,0
[12:31:58.675] 4601,ECG,669,-77,0,0,0,0,0
[12:31:58.691] 4601,ECG,670,-231,0,0,0,0,0
[12:31:58.691] 4606,ECG,671,-267,0,0,0,0,0
[12:31:58.723] 4606,ECG,672,-174,0,0,0,0,0
[12:31:58.723] 4611,ECG,673,15,0,0,0,0,0
[12:31:58.849] 4611,ECG,674,233,0,0,0,0,0
[12:31:58.849] 4611,ECG,675,402,0,0,0,0,0
[12:31:58.880] 4616,ECG,676,455,0,0,0,0,0
[12:31:58.912] 4616,ECG,677,368,0,0,0,0,0
[12:31:58.912] 4621,ECG,678,177,0,0,0,0,0
[12:31:58.927] 4621,ECG,679,-46,0,0,0,0,0
[12:31:58.927] 4621,ECG,680,-221,0,0,0,0,0
[12:31:59.067] 4626,ECG,681,-289,0,0,0,0,0
[12:31:59.083] 4626,ECG,682,-220,0,0,0,0,0
[12:31:59.083] 4631,ECG,683,-47,0,0,0,0,0
[12:31:59.115] 4631,ECG,684,171,0,0,0,0,0
[12:31:59.115] 4631,ECG,685,359,0,0,0,0,0
[12:31:59.146] 4636,ECG,686,444,0,0,0,0,0
[12:31:59.272] 4636,ECG,687,391,0,0,0,0,0
[12:31:59.272] 4636,ECG,688,224,0,0,0,0,0
[12:31:59.303] 4641,ECG,689,7,0,0,0,0,0
[12:31:59.303] 4641,ECG,690,-181,0,0,0,0,0
[12:31:59.319] 4646,ECG,691,-269,0,0,0,0,0
[12:31:59.319] 4646,ECG,692,-230,0,0,0,0,0
[12:31:59.350] 4646,ECG,693,-77,0,0,0,0,0
[12:31:59.475] 4651,ECG,694,137,0,0,0,0,0
[12:31:59.476] 4651,ECG,695,336,0,0,0,0,0
[12:31:59.506] 4656,ECG,696,442,0,0,0,0,0
[12:31:59.506] 4656,ECG,697,417,0,0,0,0,0
[12:31:59.538] 4656,ECG,698,268,0,0,0,0,0
[12:31:59.554] 4661,ECG,699,56,0,0,0,0,0
[12:31:59.554] 4661,ECG,700,-140,0,0,0,0,0
[12:31:59.694] 4666,ECG,701,-251,0,0,0,0,0
[12:31:59.694] 4666,ECG,702,-236,0,0,0,0,0
[12:31:59.710] 4666,ECG,703,-102,0,0,0,0,0
[12:31:59.741] 4671,ECG,704,101,0,0,0,0,0
[12:31:59.741] 4671,ECG,705,303,0,0,0,0,0
[12:31:59.772] 4676,ECG,706,427,0,0,0,0,0
[12:31:59.772] 4676,ECG,707,420,0,0,0,0,0
[12:31:59.898] 4676,ECG,708,284,0,0,0,0,0
[12:31:59.898] 4681,ECG,709,71,0,0,0,0,0
[12:31:59.930] 4681,ECG,710,-141,0,0,0,0,0
[12:31:59.945] 4681,ECG,711,-278,0,0,0,0,0
[12:31:59.945] 4686,ECG,712,-290,0,0,0,0,0
[12:31:59.977] 4686,ECG,713,-175,0,0,0,0,0
[12:31:59.977] 4691,ECG,714,26,0,0,0,0,0
[12:32:00.101] 4691,ECG,715,243,0,0,0,0,0
[12:32:00.133] 4691,ECG,716,399,0,0,0,0,0
[12:32:00.133] 4696,ECG,717,432,0,0,0,0,0
[12:32:00.163] 4696,ECG,718,324,0,0,0,0,0
[12:32:00.163] 4701,ECG,719,124,0,0,0,0,0
[12:32:00.178] 4701,ECG,720,-97,0,0,0,0,0
[12:32:00.178] 4701,ECG,721,-262,0,0,0,0,0
[12:32:00.319] 4706,ECG,722,-309,0,0,0,0,0
[12:32:00.335] 4706,ECG,723,-224,0,0,0,0,0
[12:32:00.335] 4711,ECG,724,-40,0,0,0,0,0
[12:32:00.366] 4711,ECG,725,181,0,0,0,0,0
[12:32:00.366] 4711,ECG,726,360,0,0,0,0,0
[12:32:00.397] 4716,ECG,727,425,0,0,0,0,0
[12:32:00.521] 4716,ECG,728,351,0,0,0,0,0
[12:32:00.521] 4721,ECG,729,168,0,0,0,0,0
[12:32:00.552] 4721,ECG,730,-53,0,0,0,0,0
[12:32:00.552] 4721,ECG,731,-230,0,0,0,0,0
[12:32:00.584] 4726,ECG,732,-300,0,0,0,0,0
[12:32:00.599] 4726,ECG,733,-238,0,0,0,0,0
[12:32:00.599] 4726,ECG,734,-65,0,0,0,0,0
[12:32:00.738] 4731,ECG,735,158,0,0,0,0,0
[12:32:00.738] 4731,ECG,736,356,0,0,0,0,0
[12:32:00.753] 4736,ECG,737,450,0,0,0,0,0
[12:32:00.784] 4736,ECG,738,404,0,0,0,0,0
[12:32:00.784] 4736,ECG,739,242,0,0,0,0,0
[12:32:00.814] 4741,ECG,740,23,0,0,0,0,0
[12:32:00.814] 4741,ECG,741,-172,0,0,0,0,0
[12:32:00.939] 4746,ECG,742,-268,0,0,0,0,0
[12:32:00.939] 4746,ECG,743,-236,0,0,0,0,0
[12:32:00.970] 4746,ECG,744,-89,0,0,0,0,0
[12:32:01.001] 4751,ECG,745,122,0,0,0,0,0
[12:32:01.001] 4751,ECG,746,322,0,0,0,0,0
[12:32:01.016] 4756,ECG,747,435,0,0,0,0,0
[12:32:01.016] 4756,ECG,748,415,0,0,0,0,0
[12:32:01.158] 4756,ECG,749,266,0,0,0,0,0
[12:32:01.173] 4761,ECG,750,49,0,0,0,0,0
[12:32:01.173] 4761,ECG,751,-155,0,0,0,0,0
[12:32:01.205] 4766,ECG,752,-279,0,0,0,0,0
[12:32:01.205] 4766,ECG,753,-277,0,0,0,0,0
[12:32:01.237] 4766,ECG,754,-149,0,0,0,0,0
[12:32:01.362] 4771,ECG,755,55,0,0,0,0,0
[12:32:01.362] 4771,ECG,756,266,0,0,0,0,0
[12:32:01.393] 4771,ECG,757,405,0,0,0,0,0
[12:32:01.393] 4776,ECG,758,415,0,0,0,0,0
[12:32:01.410] 4776,ECG,759,290,0,0,0,0,0
[12:32:01.410] 4781,ECG,760,80,0,0,0,0,0
[12:32:01.440] 4781,ECG,761,-139,0,0,0,0,0
[12:32:01.566] 4781,ECG,762,-289,0,0,0,0,0
[12:32:01.566] 4786,ECG,763,-316,0,0,0,0,0
[12:32:01.596] 4786,ECG,764,-216,0,0,0,0,0
[12:32:01.596] 4791,ECG,765,-24,0,0,0,0,0
[12:32:01.627] 4791,ECG,766,197,0,0,0,0,0
[12:32:01.643] 4791,ECG,767,364,0,0,0,0,0
[12:32:01.643] 4796,ECG,768,411,0,0,0,0,0
[12:32:01.785] 4796,ECG,769,322,0,0,0,0,0
[12:32:01.785] 4801,ECG,770,135,0,0,0,0,0
[12:32:01.801] 4801,ECG,771,-80,0,0,0,0,0
[12:32:01.831] 4801,ECG,772,-241,0,0,0,0,0
[12:32:01.831] 4806,ECG,773,-290,0,0,0,0,0
[12:32:01.862] 4806,ECG,774,-214,0,0,0,0,0
[12:32:01.862] 4811,ECG,775,-36,0,0,0,0,0
[12:32:01.988] 4811,ECG,776,178,0,0,0,0,0
[12:32:01.988] 4811,ECG,777,347,0,0,0,0,0
[12:32:02.019] 4816,ECG,778,413,0,0,0,0,0
[12:32:02.034] 4816,ECG,779,341,0,0,0,0,0
[12:32:02.034] 4816,ECG,780,160,0,0,0,0,0
[12:32:02.066] 4821,ECG,781,-57,0,0,0,0,0
[12:32:02.066] 4821,ECG,782,-232,0,0,0,0,0
[12:32:02.193] 4826,ECG,783,-302,0,0,0,0,0
[12:32:02.224] 4826,ECG,784,-241,0,0,0,0,0
[12:32:02.224] 4826,ECG,785,-75,0,0,0,0,0
[12:32:02.255] 4831,ECG,786,139,0,0,0,0,0
[12:32:02.255] 4831,ECG,787,327,0,0,0,0,0
[12:32:02.271] 4836,ECG,788,416,0,0,0,0,0
[12:32:02.412] 4836,ECG,789,366,0,0,0,0,0
[12:32:02.412] 4836,ECG,790,200,0,0,0,0,0
[12:32:02.428] 4841,ECG,791,-21,0,0,0,0,0
[12:32:02.428] 4841,ECG,792,-218,0,0,0,0,0
[12:32:02.459] 4846,ECG,793,-323,0,0,0,0,0
[12:32:02.489] 4846,ECG,794,-297,0,0,0,0,0
[12:32:02.489] 4846,ECG,795,-153,0,0,0,0,0
[12:32:02.613] 4851,ECG,796,56,0,0,0,0,0
[12:32:02.613] 4851,ECG,797,259,0,0,0,0,0
[12:32:02.645] 4856,ECG,798,382,0,0,0,0,0
[12:32:02.645] 4856,ECG,799,370,0,0,0,0,0
[12:32:02.677] 4856,ECG,800,228,0,0,0,0,0
[12:32:02.692] 4861,ECG,801,13,0,0,0,0,0
[12:32:02.692] 4861,ECG,802,-195,0,0,0,0,0
[12:32:02.833] 4861,ECG,803,-324,0,0,0,0,0
[12:32:02.833] 4866,ECG,804,-326,0,0,0,0,0
[12:32:02.849] 4866,ECG,805,-201,0,0,0,0,0
[12:32:02.880] 4871,ECG,806,8,0,0,0,0,0
[12:32:02.880] 4871,ECG,807,230,0,0,0,0,0
[12:32:02.911] 4871,ECG,808,384,0,0,0,0,0
[12:32:02.911] 4876,ECG,809,409,0,0,0,0,0
[12:32:03.036] 4876,ECG,810,297,0,0,0,0,0
[12:32:03.036] 4881,ECG,811,95,0,0,0,0,0
[12:32:03.068] 4881,ECG,812,-123,0,0,0,0,0
[12:32:03.084] 4881,ECG,813,-274,0,0,0,0,0
[12:32:03.084] 4886,ECG,814,-304,0,0,0,0,0
[12:32:03.115] 4886,ECG,815,-206,0,0,0,0,0
[12:32:03.115] 4891,ECG,816,-15,0,0,0,0,0
[12:32:03.240] 4891,ECG,817,204,0,0,0,0,0
[12:32:03.271] 4891,ECG,818,368,0,0,0,0,0
[12:32:03.271] 4896,ECG,819,414,0,0,0,0,0
[12:32:03.303] 4896,ECG,820,321,0,0,0,0,0
[12:32:03.303] 4901,ECG,821,126,0,0,0,0,0
[12:32:03.319] 4901,ECG,822,-95,0,0,0,0,0
[12:32:03.458] 4901,ECG,823,-263,0,0,0,0,0
[12:32:03.458] 4906,ECG,824,-320,0,0,0,0,0
[12:32:03.474] 4906,ECG,825,-248,0,0,0,0,0
[12:32:03.474] 4906,ECG,826,-74,0,0,0,0,0
[12:32:03.506] 4911,ECG,827,141,0,0,0,0,0
[12:32:03.506] 4911,ECG,828,315,0,0,0,0,0
[12:32:03.537] 4916,ECG,829,384,0,0,0,0,0
[12:32:03.662] 4916,ECG,830,315,0,0,0,0,0
[12:32:03.662] 4916,ECG,831,136,0,0,0,0,0
[12:32:03.693] 4921,ECG,832,-83,0,0,0,0,0
[12:32:03.693] 4921,ECG,833,-265,0,0,0,0,0
[12:32:03.709] 4926,ECG,834,-346,0,0,0,0,0
[12:32:03.740] 4926,ECG,835,-297,0,0,0,0,0
[12:32:03.740] 4926,ECG,836,-136,0,0,0,0,0
[12:32:03.867] 4931,ECG,837,78,0,0,0,0,0
[12:32:03.867] 4931,ECG,838,274,0,0,0,0,0
[12:32:03.898] 4936,ECG,839,373,0,0,0,0,0
[12:32:03.929] 4936,ECG,840,336,0,0,0,0,0
[12:32:03.929] 4936,ECG,841,177,0,0,0,0,0
[12:32:03.945] 4941,ECG,842,-45,0,0,0,0,0
[12:32:03.945] 4941,ECG,843,-250,0,0,0,0,0
[12:32:04.084] 4946,ECG,844,-363,0,0,0,0,0
[12:32:04.099] 4946,ECG,845,-346,0,0,0,0,0
[12:32:04.099] 4946,ECG,846,-211,0,0,0,0,0
[12:32:04.130] 4951,ECG,847,-2,0,0,0,0,0
[12:32:04.130] 4951,ECG,848,211,0,0,0,0,0
[12:32:04.161] 4951,ECG,849,343,0,0,0,0,0
[12:32:04.161] 4956,ECG,850,346,0,0,0,0,0
[12:32:04.285] 4956,ECG,851,217,0,0,0,0,0
[12:32:04.315] 4961,ECG,852,12,0,0,0,0,0
[12:32:04.315] 4961,ECG,853,-194,0,0,0,0,0
[12:32:04.345] 4961,ECG,854,-327,0,0,0,0,0
[12:32:04.345] 4966,ECG,855,-338,0,0,0,0,0
[12:32:04.361] 4966,ECG,856,-224,0,0,0,0,0
[12:32:04.502] 4971,ECG,857,-27,0,0,0,0,0
[12:32:04.502] 4971,ECG,858,183,0,0,0,0,0
[12:32:04.533] 4971,ECG,859,332,0,0,0,0,0
[12:32:04.533] 4976,ECG,860,360,0,0,0,0,0
[12:32:04.549] 4976,ECG,861,250,0,0,0,0,0
[12:32:04.549] 4981,ECG,862,49,0,0,0,0,0
[12:32:04.580] 4981,ECG,863,-162,0,0,0,0,0
[12:32:04.705] 4981,ECG,864,-315,0,0,0,0,0
[12:32:04.705] 4986,ECG,865,-351,0,0,0,0,0
[12:32:04.737] 4986,ECG,866,-257,0,0,0,0,0
[12:32:04.737] 4991,ECG,867,-71,0,0,0,0,0
[12:32:04.768] 4991,ECG,868,142,0,0,0,0,0
[12:32:04.784] 4991,ECG,869,304,0,0,0,0,0
[12:32:04.784] 4996,ECG,870,351,0,0,0,0,0
[12:32:04.924] 4996,ECG,871,258,0,0,0,0,0
[12:32:04.924] 4996,ECG,872,62,0,0,0,0,0
[12:32:04.941] 5001,ECG,873,-164,0,0,0,0,0
[12:32:04.972] 5001,ECG,874,-339,0,0,0,0,0
[12:32:04.972] 5006,ECG,875,-400,0,0,0,0,0
[12:32:05.003] 5006,ECG,876,-330,0,0,0,0,0
[12:32:05.003] 5006,ECG,877,-155,0,0,0,0,0
[12:32:05.128] 5011,ECG,878,66,0,0,0,0,0
[12:32:05.158] 5011,ECG,879,256,0,0,0,0,0
[12:32:05.158] 5016,ECG,880,339,0,0,0,0,0
[12:32:05.174] 5016,ECG,881,284,0,0,0,0,0
[12:32:05.174] 5016,ECG,882,113,0,0,0,0,0
[12:32:05.206] 5021,ECG,883,-108,0,0,0,0,0
[12:32:05.331] 5021,ECG,884,-293,0,0,0,0,0
[12:32:05.331] 5026,ECG,885,-379,0,0,0,0,0
[12:32:05.362] 5026,ECG,886,-336,0,0,0,0,0
[12:32:05.362] 5026,ECG,887,-176,0,0,0,0,0
[12:32:05.393] 5031,ECG,888,41,0,0,0,0,0
[12:32:05.393] 5031,ECG,889,240,0,0,0,0,0
[12:32:05.409] 5036,ECG,890,349,0,0,0,0,0
[12:32:05.551] 5036,ECG,891,319,0,0,0,0,0
[12:32:05.551] 5036,ECG,892,163,0,0,0,0,0
[12:32:05.566] 5041,ECG,893,-57,0,0,0,0,0
[12:32:05.566] 5041,ECG,894,-263,0,0,0,0,0
[12:32:05.597] 5041,ECG,895,-376,0,0,0,0,0
[12:32:05.628] 5046,ECG,896,-359,0,0,0,0,0
[12:32:05.628] 5046,ECG,897,-225,0,0,0,0,0
[12:32:05.752] 5051,ECG,898,-17,0,0,0,0,0
[12:32:05.752] 5051,ECG,899,193,0,0,0,0,0
[12:32:05.782] 5051,ECG,900,321,0,0,0,0,0
[12:32:05.798] 5056,ECG,901,315,0,0,0,0,0
[12:32:05.798] 5056,ECG,902,177,0,0,0,0,0
[12:32:05.830] 5061,ECG,903,-41,0,0,0,0,0
[12:32:05.830] 5061,ECG,904,-261,0,0,0,0,0
[12:32:05.970] 5061,ECG,905,-404,0,0,0,0,0
[12:32:05.986] 5066,ECG,906,-421,0,0,0,0,0
[12:32:05.986] 5066,ECG,907,-308,0,0,0,0,0
[12:32:06.029] 5071,ECG,908,-111,0,0,0,0,0
[12:32:06.029] 5071,ECG,909,102,0,0,0,0,0
[12:32:06.034] 5071,ECG,910,257,0,0,0,0,0
[12:32:06.034] 5076,ECG,911,289,0,0,0,0,0
[12:32:06.174] 5076,ECG,912,179,0,0,0,0,0
[12:32:06.205] 5081,ECG,913,-23,0,0,0,0,0
[12:32:06.205] 5081,ECG,914,-241,0,0,0,0,0
[12:32:06.221] 5081,ECG,915,-402,0,0,0,0,0
[12:32:06.221] 5086,ECG,916,-445,0,0,0,0,0
[12:32:06.252] 5086,ECG,917,-355,0,0,0,0,0
[12:32:06.377] 5086,ECG,918,-169,0,0,0,0,0
[12:32:06.377] 5091,ECG,919,53,0,0,0,0,0
[12:32:06.407] 5091,ECG,920,232,0,0,0,0,0
[12:32:06.408] 5096,ECG,921,300,0,0,0,0,0
[12:32:06.439] 5096,ECG,922,227,0,0,0,0,0
[12:32:06.454] 5096,ECG,923,48,0,0,0,0,0
[12:32:06.454] 5101,ECG,924,-174,0,0,0,0,0
[12:32:06.593] 5101,ECG,925,-353,0,0,0,0,0
[12:32:06.593] 5106,ECG,926,-423,0,0,0,0,0
[12:32:06.609] 5106,ECG,927,-366,0,0,0,0,0
[12:32:06.640] 5106,ECG,928,-204,0,0,0,0,0
[12:32:06.640] 5111,ECG,929,13,0,0,0,0,0
[12:32:06.671] 5111,ECG,930,203,0,0,0,0,0
[12:32:06.671] 5116,ECG,931,294,0,0,0,0,0
[12:32:06.795] 5116,ECG,932,254,0,0,0,0,0
[12:32:06.795] 5116,ECG,933,96,0,0,0,0,0
[12:32:06.826] 5121,ECG,934,-120,0,0,0,0,0
[12:32:06.857] 5121,ECG,935,-306,0,0,0,0,0
[12:32:06.857] 5126,ECG,936,-397,0,0,0,0,0
[12:32:06.872] 5126,ECG,937,-363,0,0,0,0,0
[12:32:06.872] 5126,ECG,938,-216,0,0,0,0,0
[12:32:07.011] 5131,ECG,939,-9,0,0,0,0,0
[12:32:07.042] 5131,ECG,940,184,0,0,0,0,0
[12:32:07.042] 5131,ECG,941,292,0,0,0,0,0
[12:32:07.058] 5136,ECG,942,266,0,0,0,0,0
[12:32:07.058] 5136,ECG,943,112,0,0,0,0,0
[12:32:07.089] 5141,ECG,944,-104,0,0,0,0,0
[12:32:07.215] 5141,ECG,945,-309,0,0,0,0,0
[12:32:07.215] 5141,ECG,946,-430,0,0,0,0,0
[12:32:07.247] 5146,ECG,947,-420,0,0,0,0,0
[12:32:07.247] 5146,ECG,948,-284,0,0,0,0,0
[12:32:07.262] 5151,ECG,949,-77,0,0,0,0,0
[12:32:07.295] 5151,ECG,950,135,0,0,0,0,0
[12:32:07.295] 5151,ECG,951,273,0,0,0,0,0
[12:32:07.435] 5156,ECG,952,279,0,0,0,0,0
[12:32:07.435] 5156,ECG,953,152,0,0,0,0,0
[12:32:07.451] 5161,ECG,954,-58,0,0,0,0,0
[12:32:07.451] 5161,ECG,955,-272,0,0,0,0,0
[12:32:07.483] 5161,ECG,956,-413,0,0,0,0,0
[12:32:07.499] 5166,ECG,957,-431,0,0,0,0,0
[12:32:07.499] 5166,ECG,958,-320,0,0,0,0,0
[12:32:07.640] 5171,ECG,959,-117,0,0,0,0,0
[12:32:07.640] 5171,ECG,960,105,0,0,0,0,0
[12:32:07.656] 5171,ECG,961,268,0,0,0,0,0
[12:32:07.687] 5176,ECG,962,308,0,0,0,0,0
[12:32:07.687] 5176,ECG,963,210,0,0,0,0,0
[12:32:07.719] 5176,ECG,964,14,0,0,0,0,0
[12:32:07.719] 5181,ECG,965,-203,0,0,0,0,0
[12:32:07.844] 5181,ECG,966,-362,0,0,0,0,0
[12:32:07.875] 5186,ECG,967,-406,0,0,0,0,0
[12:32:07.875] 5186,ECG,968,-318,0,0,0,0,0
[12:32:07.891] 5186,ECG,969,-131,0,0,0,0,0
[12:32:07.891] 5191,ECG,970,90,0,0,0,0,0
[12:32:07.922] 5191,ECG,971,267,0,0,0,0,0
[12:32:08.062] 5196,ECG,972,329,0,0,0,0,0
[12:32:08.062] 5196,ECG,973,250,0,0,0,0,0
[12:32:08.078] 5196,ECG,974,63,0,0,0,0,0
[12:32:08.078] 5201,ECG,975,-159,0,0,0,0,0
[12:32:08.109] 5201,ECG,976,-338,0,0,0,0,0
[12:32:08.125] 5206,ECG,977,-411,0,0,0,0,0
[12:32:08.125] 5206,ECG,978,-350,0,0,0,0,0
[12:32:08.267] 5206,ECG,979,-180,0,0,0,0,0
[12:32:08.267] 5211,ECG,980,40,0,0,0,0,0
[12:32:08.283] 5211,ECG,981,231,0,0,0,0,0
[12:32:08.283] 5216,ECG,982,322,0,0,0,0,0
[12:32:08.315] 5216,ECG,983,275,0,0,0,0,0
[12:32:08.346] 5216,ECG,984,108,0,0,0,0,0
[12:32:08.346] 5221,ECG,985,-115,0,0,0,0,0
[12:32:08.471] 5221,ECG,986,-312,0,0,0,0,0
[12:32:08.471] 5221,ECG,987,-412,0,0,0,0,0
[12:32:08.502] 5226,ECG,988,-383,0,0,0,0,0
[12:32:08.518] 5226,ECG,989,-238,0,0,0,0,0
[12:32:08.518] 5231,ECG,990,-24,0,0,0,0,0
[12:32:08.550] 5231,ECG,991,185,0,0,0,0,0
[12:32:08.550] 5231,ECG,992,308,0,0,0,0,0
[12:32:08.674] 5236,ECG,993,296,0,0,0,0,0
[12:32:08.705] 5236,ECG,994,155,0,0,0,0,0
[12:32:08.705] 5241,ECG,995,-55,0,0,0,0,0
[12:32:08.737] 5241,ECG,996,-260,0,0,0,0,0
[12:32:08.737] 5241,ECG,997,-388,0,0,0,0,0
[12:32:08.753] 5246,ECG,998,-389,0,0,0,0,0
[12:32:08.894] 5246,ECG,999,-263,0,0,0,0,0
[12:32:08.894] 5251,ECG,1000,-57,0,0,0,0,0
[12:32:08.909] 5251,ECG,1001,160,0,0,0,0,0
[12:32:08.909] 5251,ECG,1002,312,0,0,0,0,0
[12:32:08.940] 5256,ECG,1003,336,0,0,0,0,0
[12:32:08.972] 5256,ECG,1004,222,0,0,0,0,0
[12:32:08.972] 5261,ECG,1005,19,0,0,0,0,0
[12:32:09.096] 5261,ECG,1006,-198,0,0,0,0,0
[12:32:09.096] 5261,ECG,1007,-348,0,0,0,0,0
[12:32:09.128] 5266,ECG,1008,-380,0,0,0,0,0
[12:32:09.159] 5266,ECG,1009,-287,0,0,0,0,0
[12:32:09.159] 5266,ECG,1010,-100,0,0,0,0,0
[12:32:09.174] 5271,ECG,1011,116,0,0,0,0,0
[12:32:09.174] 5271,ECG,1012,280,0,0,0,0,0
[12:32:09.315] 5276,ECG,1013,327,0,0,0,0,0
[12:32:09.330] 5276,ECG,1014,236,0,0,0,0,0
[12:32:09.330] 5276,ECG,1015,44,0,0,0,0,0
[12:32:09.361] 5281,ECG,1016,-174,0,0,0,0,0
[12:32:09.392] 5281,ECG,1017,-338,0,0,0,0,0
[12:32:09.392] 5286,ECG,1018,-389,0,0,0,0,0
[12:32:09.516] 5286,ECG,1019,-312,0,0,0,0,0
[12:32:09.516] 5286,ECG,1020,-134,0,0,0,0,0
[12:32:09.547] 5291,ECG,1021,83,0,0,0,0,0
[12:32:09.577] 5291,ECG,1022,260,0,0,0,0,0
[12:32:09.577] 5296,ECG,1023,329,0,0,0,0,0
[12:32:09.593] 5297,ECG,1024,260,0,0,0,0,0
[12:32:09.593] 5297,ECG,1025,76,0,0,0,0,0
[12:32:09.735] 5302,ECG,1026,-149,0,0,0,0,0
[12:32:09.752] 5302,ECG,1027,-333,0,0,0,0,0
[12:32:09.752] 5302,ECG,1028,-414,0,0,0,0,0
[12:32:09.782] 5307,ECG,1029,-362,0,0,0,0,0
[12:32:09.813] 5307,ECG,1030,-196,0,0,0,0,0
[12:32:09.813] 5312,ECG,1031,25,0,0,0,0,0
[12:32:09.939] 5312,ECG,1032,226,0,0,0,0,0
[12:32:09.939] 5312,ECG,1033,332,0,0,0,0,0
[12:32:09.955] 5317,ECG,1034,298,0,0,0,0,0
[12:32:09.986] 5317,ECG,1035,139,0,0,0,0,0
[12:32:09.986] 5317,ECG,1036,-80,0,0,0,0,0
[12:32:10.017] 5322,ECG,1037,-280,0,0,0,0,0
[12:32:10.017] 5322,ECG,1038,-387,0,0,0,0,0
[12:32:10.140] 5327,ECG,1039,-365,0,0,0,0,0
[12:32:10.172] 5327,ECG,1040,-224,0,0,0,0,0
[12:32:10.172] 5327,ECG,1041,-13,0,0,0,0,0
[12:32:10.203] 5332,ECG,1042,195,0,0,0,0,0
[12:32:10.203] 5332,ECG,1043,319,0,0,0,0,0
[12:32:10.219] 5337,ECG,1044,309,0,0,0,0,0
[12:32:10.361] 5337,ECG,1045,171,0,0,0,0,0
[12:32:10.361] 5337,ECG,1046,-40,0,0,0,0,0
[12:32:10.376] 5342,ECG,1047,-246,0,0,0,0,0
[12:32:10.376] 5342,ECG,1048,-373,0,0,0,0,0
[12:32:10.407] 5347,ECG,1049,-373,0,0,0,0,0
[12:32:10.439] 5347,ECG,1050,-248,0,0,0,0,0
[12:32:10.439] 5347,ECG,1051,-44,0,0,0,0,0
[12:32:10.563] 5352,ECG,1052,168,0,0,0,0,0
[12:32:10.595] 5352,ECG,1053,312,0,0,0,0,0
[12:32:10.595] 5357,ECG,1054,331,0,0,0,0,0
[12:32:10.610] 5357,ECG,1055,213,0,0,0,0,0
[12:32:10.610] 5357,ECG,1056,7,0,0,0,0,0
[12:32:10.641] 5362,ECG,1057,-207,0,0,0,0,0
[12:32:10.781] 5362,ECG,1058,-355,0,0,0,0,0
[12:32:10.781] 5362,ECG,1059,-385,0,0,0,0,0
[12:32:10.798] 5367,ECG,1060,-285,0,0,0,0,0
[12:32:10.798] 5367,ECG,1061,-92,0,0,0,0,0
[12:32:10.829] 5372,ECG,1062,126,0,0,0,0,0
[12:32:10.844] 5372,ECG,1063,291,0,0,0,0,0
[12:32:10.844] 5372,ECG,1064,340,0,0,0,0,0
[12:32:10.986] 5377,ECG,1065,249,0,0,0,0,0
[12:32:10.986] 5377,ECG,1066,54,0,0,0,0,0
[12:32:11.001] 5382,ECG,1067,-171,0,0,0,0,0
[12:32:11.032] 5382,ECG,1068,-345,0,0,0,0,0
[12:32:11.032] 5382,ECG,1069,-406,0,0,0,0,0
[12:32:11.062] 5387,ECG,1070,-335,0,0,0,0,0
[12:32:11.186] 5387,ECG,1071,-161,0,0,0,0,0
[12:32:11.186] 5392,ECG,1072,60,0,0,0,0,0
[12:32:11.217] 5392,ECG,1073,245,0,0,0,0,0
[12:32:11.217] 5392,ECG,1074,322,0,0,0,0,0
[12:32:11.248] 5397,ECG,1075,260,0,0,0,0,0
[12:32:11.263] 5397,ECG,1076,85,0,0,0,0,0
[12:32:11.263] 5402,ECG,1077,-138,0,0,0,0,0
[12:32:11.403] 5402,ECG,1078,-329,0,0,0,0,0
[12:32:11.403] 5402,ECG,1079,-412,0,0,0,0,0
[12:32:11.419] 5407,ECG,1080,-363,0,0,0,0,0
[12:32:11.450] 5407,ECG,1081,-197,0,0,0,0,0
[12:32:11.450] 5407,ECG,1082,28,0,0,0,0,0
[12:32:11.482] 5412,ECG,1083,232,0,0,0,0,0
[12:32:11.482] 5412,ECG,1084,341,0,0,0,0,0
[12:32:11.609] 5417,ECG,1085,310,0,0,0,0,0
[12:32:11.639] 5417,ECG,1086,149,0,0,0,0,0
[12:32:11.639] 5417,ECG,1087,-74,0,0,0,0,0
[12:32:11.655] 5422,ECG,1088,-281,0,0,0,0,0
[12:32:11.687] 5422,ECG,1089,-400,0,0,0,0,0
[12:32:11.687] 5427,ECG,1090,-387,0,0,0,0,0
[12:32:11.813] 5427,ECG,1091,-253,0,0,0,0,0
[12:32:11.813] 5427,ECG,1092,-43,0,0,0,0,0
[12:32:11.845] 5432,ECG,1093,168,0,0,0,0,0
[12:32:11.876] 5432,ECG,1094,301,0,0,0,0,0
[12:32:11.876] 5437,ECG,1095,303,0,0,0,0,0
[12:32:11.891] 5437,ECG,1096,172,0,0,0,0,0
[12:32:11.891] 5437,ECG,1097,-36,0,0,0,0,0
[12:32:12.031] 5442,ECG,1098,-246,0,0,0,0,0
[12:32:12.047] 5442,ECG,1099,-379,0,0,0,0,0
[12:32:12.047] 5442,ECG,1100,-388,0,0,0,0,0
[12:32:12.079] 5447,ECG,1101,-272,0,0,0,0,0
[12:32:12.079] 5447,ECG,1102,-72,0,0,0,0,0
[12:32:12.111] 5452,ECG,1103,147,0,0,0,0,0
[12:32:12.236] 5452,ECG,1104,302,0,0,0,0,0
[12:32:12.236] 5452,ECG,1105,333,0,0,0,0,0
[12:32:12.267] 5457,ECG,1106,226,0,0,0,0,0
[12:32:12.267] 5457,ECG,1107,28,0,0,0,0,0
[12:32:12.283] 5462,ECG,1108,-189,0,0,0,0,0
[12:32:12.314] 5462,ECG,1109,-352,0,0,0,0,0
[12:32:12.314] 5462,ECG,1110,-395,0,0,0,0,0
[12:32:12.455] 5467,ECG,1111,-307,0,0,0,0,0
[12:32:12.470] 5467,ECG,1112,-123,0,0,0,0,0
[12:32:12.470] 5472,ECG,1113,96,0,0,0,0,0
[12:32:12.501] 5472,ECG,1114,275,0,0,0,0,0
[12:32:12.501] 5472,ECG,1115,342,0,0,0,0,0
[12:32:12.517] 5477,ECG,1116,267,0,0,0,0,0
[12:32:12.659] 5477,ECG,1117,87,0,0,0,0,0
[12:32:12.659] 5482,ECG,1118,-133,0,0,0,0,0
[12:32:12.674] 5482,ECG,1119,-309,0,0,0,0,0
[12:32:12.674] 5482,ECG,1120,-376,0,0,0,0,0
[12:32:12.706] 5487,ECG,1121,-319,0,0,0,0,0
[12:32:12.737] 5487,ECG,1122,-152,0,0,0,0,0
[12:32:12.737] 5487,ECG,1123,69,0,0,0,0,0
[12:32:12.862] 5492,ECG,1124,256,0,0,0,0,0
[12:32:12.893] 5492,ECG,1125,342,0,0,0,0,0
[12:32:12.893] 5497,ECG,1126,289,0,0,0,0,0
[12:32:12.908] 5497,ECG,1127,117,0,0,0,0,0
[12:32:12.908] 5497,ECG,1128,-108,0,0,0,0,0
[12:32:12.939] 5502,ECG,1129,-303,0,0,0,0,0
[12:32:13.080] 5502,ECG,1130,-398,0,0,0,0,0
[12:32:13.080] 5507,ECG,1131,-360,0,0,0,0,0
[12:32:13.095] 5507,ECG,1132,-206,0,0,0,0,0
[12:32:13.095] 5507,ECG,1133,8,0,0,0,0,0
[12:32:13.127] 5512,ECG,1134,209,0,0,0,0,0
[12:32:13.158] 5512,ECG,1135,321,0,0,0,0,0
[12:32:13.158] 5517,ECG,1136,295,0,0,0,0,0
[12:32:13.282] 5517,ECG,1137,144,0,0,0,0,0
[12:32:13.282] 5517,ECG,1138,-75,0,0,0,0,0
[12:32:13.313] 5522,ECG,1139,-282,0,0,0,0,0
[12:32:13.328] 5522,ECG,1140,-404,0,0,0,0,0
[12:32:13.328] 5527,ECG,1141,-399,0,0,0,0,0
[12:32:13.360] 5527,ECG,1142,-272,0,0,0,0,0
[12:32:13.485] 5527,ECG,1143,-69,0,0,0,0,0
[12:32:13.485] 5532,ECG,1144,141,0,0,0,0,0
[12:32:13.516] 5532,ECG,1145,281,0,0,0,0,0
[12:32:13.516] 5537,ECG,1146,293,0,0,0,0,0
[12:32:13.548] 5537,ECG,1147,170,0,0,0,0,0
[12:32:13.564] 5537,ECG,1148,-34,0,0,0,0,0
[12:32:13.564] 5542,ECG,1149,-244,0,0,0,0,0
[12:32:13.703] 5542,ECG,1150,-383,0,0,0,0,0
[12:32:13.703] 5542,ECG,1151,-399,0,0,0,0,0
[12:32:13.719] 5547,ECG,1152,-293,0,0,0,0,0
[12:32:13.750] 5547,ECG,1153,-97,0,0,0,0,0
[12:32:13.750] 5552,ECG,1154,121,0,0,0,0,0
[12:32:13.782] 5552,ECG,1155,278,0,0,0,0,0
[12:32:13.782] 5552,ECG,1156,315,0,0,0,0,0
[12:32:13.904] 5557,ECG,1157,212,0,0,0,0,0
[12:32:13.936] 5557,ECG,1158,9,0,0,0,0,0
[12:32:13.936] 5562,ECG,1159,-217,0,0,0,0,0
[12:32:13.967] 5562,ECG,1160,-383,0,0,0,0,0
[12:32:13.983] 5562,ECG,1161,-430,0,0,0,0,0
[12:32:13.983] 5567,ECG,1162,-347,0,0,0,0,0
[12:32:14.121] 5567,ECG,1163,-161,0,0,0,0,0
[12:32:14.121] 5572,ECG,1164,60,0,0,0,0,0
[12:32:14.153] 5572,ECG,1165,239,0,0,0,0,0
[12:32:14.168] 5572,ECG,1166,308,0,0,0,0,0
[12:32:14.168] 5577,ECG,1167,235,0,0,0,0,0
[12:32:14.199] 5577,ECG,1168,51,0,0,0,0,0
[12:32:14.199] 5577,ECG,1169,-171,0,0,0,0,0
[12:32:14.323] 5582,ECG,1170,-354,0,0,0,0,0
[12:32:14.354] 5582,ECG,1171,-433,0,0,0,0,0
[12:32:14.354] 5587,ECG,1172,-378,0,0,0,0,0
[12:32:14.385] 5587,ECG,1173,-214,0,0,0,0,0
[12:32:14.385] 5587,ECG,1174,0,0,0,0,0,0
[12:32:14.401] 5592,ECG,1175,190,0,0,0,0,0
[12:32:14.542] 5592,ECG,1176,282,0,0,0,0,0
[12:32:14.542] 5597,ECG,1177,237,0,0,0,0,0
[12:32:14.558] 5597,ECG,1178,71,0,0,0,0,0
[12:32:14.558] 5597,ECG,1179,-149,0,0,0,0,0
[12:32:14.589] 5602,ECG,1180,-345,0,0,0,0,0
[12:32:14.621] 5602,ECG,1181,-448,0,0,0,0,0
[12:32:14.621] 5607,ECG,1182,-422,0,0,0,0,0
[12:32:14.746] 5607,ECG,1183,-278,0,0,0,0,0
[12:32:14.776] 5607,ECG,1184,-68,0,0,0,0,0
[12:32:14.776] 5612,ECG,1185,136,0,0,0,0,0
[12:32:14.792] 5612,ECG,1186,260,0,0,0,0,0
[12:32:14.792] 5617,ECG,1187,251,0,0,0,0,0
[12:32:14.823] 5617,ECG,1188,110,0,0,0,0,0
[12:32:14.948] 5617,ECG,1189,-100,0,0,0,0,0
[12:32:14.948] 5622,ECG,1190,-306,0,0,0,0,0
[12:32:14.980] 5622,ECG,1191,-436,0,0,0,0,0
[12:32:14.980] 5627,ECG,1192,-440,0,0,0,0,0
[12:32:15.012] 5627,ECG,1193,-322,0,0,0,0,0
[12:32:15.027] 5627,ECG,1194,-122,0,0,0,0,0
[12:32:15.027] 5632,ECG,1195,91,0,0,0,0,0
[12:32:15.168] 5632,ECG,1196,234,0,0,0,0,0
[12:32:15.184] 5632,ECG,1197,253,0,0,0,0,0
[12:32:15.184] 5637,ECG,1198,138,0,0,0,0,0
[12:32:15.215] 5637,ECG,1199,-65,0,0,0,0,0
[12:32:15.215] 5642,ECG,1200,-279,0,0,0,0,0
[12:32:15.246] 5642,ECG,1201,-424,0,0,0,0,0
[12:32:15.370] 5642,ECG,1202,-450,0,0,0,0,0
[12:32:15.370] 5647,ECG,1203,-353,0,0,0,0,0
[12:32:15.402] 5647,ECG,1204,-164,0,0,0,0,0
[12:32:15.402] 5652,ECG,1205,51,0,0,0,0,0
[12:32:15.433] 5652,ECG,1206,210,0,0,0,0,0
[12:32:15.448] 5652,ECG,1207,249,0,0,0,0,0
[12:32:15.448] 5657,ECG,1208,150,0,0,0,0,0
[12:32:15.588] 5657,ECG,1209,-49,0,0,0,0,0
[12:32:15.588] 5662,ECG,1210,-271,0,0,0,0,0
[12:32:15.603] 5662,ECG,1211,-441,0,0,0,0,0
[12:32:15.635] 5662,ECG,1212,-494,0,0,0,0,0
[12:32:15.635] 5667,ECG,1213,-417,0,0,0,0,0
[12:32:15.666] 5667,ECG,1214,-242,0,0,0,0,0
[12:32:15.791] 5672,ECG,1215,-26,0,0,0,0,0
[12:32:15.791] 5672,ECG,1216,154,0,0,0,0,0
[12:32:15.822] 5672,ECG,1217,225,0,0,0,0,0
[12:32:15.822] 5677,ECG,1218,158,0,0,0,0,0
[12:32:15.838] 5677,ECG,1219,-20,0,0,0,0,0
[12:32:15.870] 5677,ECG,1220,-240,0,0,0,0,0
[12:32:15.870] 5682,ECG,1221,-423,0,0,0,0,0
[12:32:16.009] 5682,ECG,1222,-502,0,0,0,0,0
[12:32:16.009] 5687,ECG,1223,-453,0,0,0,0,0
[12:32:16.025] 5687,ECG,1224,-296,0,0,0,0,0
[12:32:16.057] 5687,ECG,1225,-82,0,0,0,0,0
[12:32:16.057] 5692,ECG,1226,109,0,0,0,0,0
[12:32:16.072] 5692,ECG,1227,207,0,0,0,0,0
[12:32:16.212] 5697,ECG,1228,172,0,0,0,0,0
[12:32:16.212] 5697,ECG,1229,15,0,0,0,0,0
[12:32:16.244] 5697,ECG,1230,-200,0,0,0,0,0
[12:32:16.244] 5702,ECG,1231,-395,0,0,0,0,0
[12:32:16.260] 5702,ECG,1232,-501,0,0,0,0,0
[12:32:16.292] 5707,ECG,1233,-479,0,0,0,0,0
[12:32:16.292] 5707,ECG,1234,-343,0,0,0,0,0
[12:32:16.420] 5707,ECG,1235,-135,0,0,0,0,0
[12:32:16.420] 5712,ECG,1236,68,0,0,0,0,0
[12:32:16.452] 5712,ECG,1237,188,0,0,0,0,0
[12:32:16.468] 5717,ECG,1238,179,0,0,0,0,0
[12:32:16.468] 5717,ECG,1239,41,0,0,0,0,0
[12:32:16.500] 5717,ECG,1240,-170,0,0,0,0,0
[12:32:16.500] 5722,ECG,1241,-375,0,0,0,0,0
[12:32:16.624] 5722,ECG,1242,-502,0,0,0,0,0
[12:32:16.655] 5722,ECG,1243,-508,0,0,0,0,0
[12:32:16.655] 5727,ECG,1244,-387,0,0,0,0,0
[12:32:16.686] 5727,ECG,1245,-185,0,0,0,0,0
[12:32:16.702] 5732,ECG,1246,26,0,0,0,0,0
[12:32:16.702] 5732,ECG,1247,170,0,0,0,0,0
[12:32:16.842] 5732,ECG,1248,187,0,0,0,0,0
[12:32:16.842] 5737,ECG,1249,66,0,0,0,0,0
[12:32:16.858] 5737,ECG,1250,-140,0,0,0,0,0
[12:32:16.890] 5742,ECG,1251,-357,0,0,0,0,0
[12:32:16.890] 5742,ECG,1252,-508,0,0,0,0,0
[12:32:16.922] 5742,ECG,1253,-539,0,0,0,0,0
[12:32:16.922] 5747,ECG,1254,-441,0,0,0,0,0
[12:32:17.049] 5747,ECG,1255,-253,0,0,0,0,0
[12:32:17.065] 5752,ECG,1256,-36,0,0,0,0,0
[12:32:17.065] 5752,ECG,1257,128,0,0,0,0,0
[12:32:17.096] 5752,ECG,1258,176,0,0,0,0,0
[12:32:17.128] 5757,ECG,1259,83,0,0,0,0,0
[12:32:17.128] 5757,ECG,1260,-110,0,0,0,0,0
[12:32:17.254] 5762,ECG,1261,-334,0,0,0,0,0
[12:32:17.254] 5762,ECG,1262,-506,0,0,0,0,0
[12:32:17.286] 5762,ECG,1263,-566,0,0,0,0,0
[12:32:17.301] 5767,ECG,1264,-495,0,0,0,0,0
[12:32:17.301] 5767,ECG,1265,-319,0,0,0,0,0
[12:32:17.332] 5767,ECG,1266,-97,0,0,0,0,0
[12:32:17.332] 5772,ECG,1267,93,0,0,0,0,0
[12:32:17.472] 5772,ECG,1268,182,0,0,0,0,0
[12:32:17.488] 5777,ECG,1269,131,0,0,0,0,0
[12:32:17.488] 5777,ECG,1270,-41,0,0,0,0,0
[12:32:17.519] 5777,ECG,1271,-259,0,0,0,0,0
[12:32:17.550] 5782,ECG,1272,-448,0,0,0,0,0
[12:32:17.550] 5782,ECG,1273,-541,0,0,0,0,0
[12:32:17.674] 5787,ECG,1274,-502,0,0,0,0,0
[12:32:17.674] 5787,ECG,1275,-349,0,0,0,0,0
[12:32:17.706] 5787,ECG,1276,-137,0,0,0,0,0
[12:32:17.722] 5792,ECG,1277,60,0,0,0,0,0
[12:32:17.722] 5792,ECG,1278,166,0,0,0,0,0
[12:32:17.753] 5797,ECG,1279,137,0,0,0,0,0
[12:32:17.753] 5797,ECG,1280,-12,0,0,0,0,0
[12:32:17.878] 5797,ECG,1281,-226,0,0,0,0,0
[12:32:17.910] 5802,ECG,1282,-425,0,0,0,0,0
[12:32:17.910] 5802,ECG,1283,-531,0,0,0,0,0
[12:32:17.941] 5807,ECG,1284,-511,0,0,0,0,0
[12:32:17.956] 5807,ECG,1285,-375,0,0,0,0,0
[12:32:17.956] 5807,ECG,1286,-169,0,0,0,0,0
[12:32:18.097] 5812,ECG,1287,34,0,0,0,0,0
[12:32:18.097] 5812,ECG,1288,159,0,0,0,0,0
[12:32:18.113] 5812,ECG,1289,152,0,0,0,0,0
[12:32:18.144] 5817,ECG,1290,14,0,0,0,0,0
[12:32:18.144] 5817,ECG,1291,-196,0,0,0,0,0
[12:32:18.175] 5822,ECG,1292,-404,0,0,0,0,0
[12:32:18.175] 5822,ECG,1293,-536,0,0,0,0,0
[12:32:18.303] 5822,ECG,1294,-543,0,0,0,0,0
[12:32:18.334] 5827,ECG,1295,-426,0,0,0,0,0
[12:32:18.334] 5827,ECG,1296,-224,0,0,0,0,0
[12:32:18.349] 5832,ECG,1297,-9,0,0,0,0,0
[12:32:18.349] 5832,ECG,1298,143,0,0,0,0,0
[12:32:18.379] 5832,ECG,1299,174,0,0,0,0,0
[12:32:18.504] 5837,ECG,1300,69,0,0,0,0,0
[12:32:18.504] 5837,ECG,1301,-129,0,0,0,0,0
[12:32:18.534] 5842,ECG,1302,-341,0,0,0,0,0
[12:32:18.564] 5842,ECG,1303,-494,0,0,0,0,0
[12:32:18.564] 5842,ECG,1304,-531,0,0,0,0,0
[12:32:18.595] 5847,ECG,1305,-441,0,0,0,0,0
[12:32:18.595] 5847,ECG,1306,-255,0,0,0,0,0
[12:32:18.720] 5852,ECG,1307,-37,0,0,0,0,0
[12:32:18.751] 5852,ECG,1308,136,0,0,0,0,0
[12:32:18.751] 5852,ECG,1309,193,0,0,0,0,0
[12:32:18.767] 5857,ECG,1310,112,0,0,0,0,0
[12:32:18.767] 5857,ECG,1311,-69,0,0,0,0,0
[12:32:18.798] 5857,ECG,1312,-286,0,0,0,0,0
[12:32:18.922] 5862,ECG,1313,-458,0,0,0,0,0
[12:32:18.922] 5862,ECG,1314,-516,0,0,0,0,0
[12:32:18.953] 5867,ECG,1315,-447,0,0,0,0,0
[12:32:18.984] 5867,ECG,1316,-269,0,0,0,0,0
[12:32:18.984] 5867,ECG,1317,-42,0,0,0,0,0
[12:32:19.000] 5872,ECG,1318,151,0,0,0,0,0
[12:32:19.000] 5872,ECG,1319,239,0,0,0,0,0
[12:32:19.141] 5877,ECG,1320,189,0,0,0,0,0
[12:32:19.156] 5877,ECG,1321,17,0,0,0,0,0
[12:32:19.156] 5877,ECG,1322,-203,0,0,0,0,0
[12:32:19.188] 5882,ECG,1323,-393,0,0,0,0,0
[12:32:19.188] 5882,ECG,1324,-487,0,0,0,0,0
[12:32:19.219] 5887,ECG,1325,-451,0,0,0,0,0
[12:32:19.344] 5887,ECG,1326,-300,0,0,0,0,0
[12:32:19.344] 5887,ECG,1327,-86,0,0,0,0,0
[12:32:19.375] 5892,ECG,1328,116,0,0,0,0,0
[12:32:19.375] 5892,ECG,1329,228,0,0,0,0,0
[12:32:19.406] 5897,ECG,1330,205,0,0,0,0,0
[12:32:19.422] 5897,ECG,1331,59,0,0,0,0,0
[12:32:19.422] 5897,ECG,1332,-152,0,0,0,0,0
[12:32:19.562] 5902,ECG,1333,-350,0,0,0,0,0
[12:32:19.578] 5902,ECG,1334,-462,0,0,0,0,0
[12:32:19.578] 5902,ECG,1335,-447,0,0,0,0,0
[12:32:19.609] 5907,ECG,1336,-315,0,0,0,0,0
[12:32:19.609] 5907,ECG,1337,-109,0,0,0,0,0
[12:32:19.640] 5912,ECG,1338,99,0,0,0,0,0
[12:32:19.764] 5912,ECG,1339,236,0,0,0,0,0
[12:32:19.764] 5912,ECG,1340,242,0,0,0,0,0
[12:32:19.796] 5917,ECG,1341,111,0,0,0,0,0
[12:32:19.796] 5917,ECG,1342,-96,0,0,0,0,0
[12:32:19.812] 5922,ECG,1343,-305,0,0,0,0,0
[12:32:19.843] 5922,ECG,1344,-442,0,0,0,0,0
[12:32:19.843] 5922,ECG,1345,-455,0,0,0,0,0
[12:32:19.968] 5927,ECG,1346,-341,0,0,0,0,0
[12:32:19.999] 5927,ECG,1347,-139,0,0,0,0,0
[12:32:19.999] 5932,ECG,1348,83,0,0,0,0,0
[12:32:20.031] 5932,ECG,1349,246,0,0,0,0,0
[12:32:20.031] 5932,ECG,1350,287,0,0,0,0,0
[12:32:20.046] 5937,ECG,1351,187,0,0,0,0,0
[12:32:20.185] 5937,ECG,1352,-11,0,0,0,0,0
[12:32:20.185] 5942,ECG,1353,-230,0,0,0,0,0
[12:32:20.216] 5942,ECG,1354,-391,0,0,0,0,0
[12:32:20.216] 5942,ECG,1355,-436,0,0,0,0,0
[12:32:20.231] 5947,ECG,1356,-351,0,0,0,0,0
[12:32:20.262] 5947,ECG,1357,-169,0,0,0,0,0
[12:32:20.262] 5947,ECG,1358,48,0,0,0,0,0
[12:32:20.387] 5952,ECG,1359,219,0,0,0,0,0
[12:32:20.387] 5952,ECG,1360,277,0,0,0,0,0
[12:32:20.418] 5957,ECG,1361,198,0,0,0,0,0
[12:32:20.449] 5957,ECG,1362,12,0,0,0,0,0
[12:32:20.449] 5957,ECG,1363,-208,0,0,0,0,0
[12:32:20.465] 5962,ECG,1364,-382,0,0,0,0,0
[12:32:20.607] 5962,ECG,1365,-447,0,0,0,0,0
[12:32:20.607] 5967,ECG,1366,-380,0,0,0,0,0
[12:32:20.622] 5967,ECG,1367,-206,0,0,0,0,0
[12:32:20.622] 5967,ECG,1368,16,0,0,0,0,0
[12:32:20.653] 5972,ECG,1369,206,0,0,0,0,0
[12:32:20.684] 5972,ECG,1370,295,0,0,0,0,0
[12:32:20.684] 5977,ECG,1371,245,0,0,0,0,0
[12:32:20.809] 5977,ECG,1372,76,0,0,0,0,0
[12:32:20.809] 5977,ECG,1373,-141,0,0,0,0,0
[12:32:20.840] 5982,ECG,1374,-333,0,0,0,0,0
[12:32:20.855] 5982,ECG,1375,-428,0,0,0,0,0
[12:32:20.855] 5987,ECG,1376,-393,0,0,0,0,0
[12:32:20.887] 5987,ECG,1377,-243,0,0,0,0,0
[12:32:20.887] 5987,ECG,1378,-31,0,0,0,0,0
[12:32:21.028] 5992,ECG,1379,171,0,0,0,0,0
[12:32:21.043] 5992,ECG,1380,289,0,0,0,0,0
[12:32:21.043] 5992,ECG,1381,274,0,0,0,0,0
[12:32:21.074] 5997,ECG,1382,133,0,0,0,0,0
[12:32:21.105] 5997,ECG,1383,-71,0,0,0,0,0
[12:32:21.105] 6002,ECG,1384,-266,0,0,0,0,0
[12:32:21.229] 6002,ECG,1385,-381,0,0,0,0,0
[12:32:21.229] 6002,ECG,1386,-369,0,0,0,0,0
[12:32:21.259] 6007,ECG,1387,-239,0,0,0,0,0
[12:32:21.275] 6007,ECG,1388,-33,0,0,0,0,0
[12:32:21.275] 6012,ECG,1389,181,0,0,0,0,0
[12:32:21.307] 6012,ECG,1390,321,0,0,0,0,0
[12:32:21.307] 6012,ECG,1391,331,0,0,0,0,0
[12:32:21.447] 6017,ECG,1392,211,0,0,0,0,0
[12:32:21.462] 6017,ECG,1393,9,0,0,0,0,0
[12:32:21.462] 6022,ECG,1394,-201,0,0,0,0,0
[12:32:21.494] 6022,ECG,1395,-337,0,0,0,0,0
[12:32:21.494] 6022,ECG,1396,-355,0,0,0,0,0
[12:32:21.510] 6027,ECG,1397,-251,0,0,0,0,0
[12:32:21.651] 6027,ECG,1398,-57,0,0,0,0,0
[12:32:21.651] 6032,ECG,1399,156,0,0,0,0,0
[12:32:21.682] 6032,ECG,1400,309,0,0,0,0,0
[12:32:21.697] 6032,ECG,1401,346,0,0,0,0,0
[12:32:21.697] 6037,ECG,1402,246,0,0,0,0,0
[12:32:21.729] 6037,ECG,1403,49,0,0,0,0,0
[12:32:21.729] 6037,ECG,1404,-162,0,0,0,0,0
[12:32:21.854] 6042,ECG,1405,-319,0,0,0,0,0
[12:32:21.885] 6042,ECG,1406,-365,0,0,0,0,0
[12:32:21.885] 6047,ECG,1407,-283,0,0,0,0,0
[12:32:21.916] 6047,ECG,1408,-104,0,0,0,0,0
[12:32:21.916] 6047,ECG,1409,111,0,0,0,0,0
[12:32:21.931] 6052,ECG,1410,287,0,0,0,0,0
[12:32:22.072] 6052,ECG,1411,354,0,0,0,0,0
[12:32:22.072] 6057,ECG,1412,283,0,0,0,0,0
[12:32:22.088] 6057,ECG,1413,105,0,0,0,0,0
[12:32:22.088] 6057,ECG,1414,-114,0,0,0,0,0
[12:32:22.120] 6062,ECG,1415,-295,0,0,0,0,0
[12:32:22.150] 6062,ECG,1416,-372,0,0,0,0,0
[12:32:22.150] 6067,ECG,1417,-318,0,0,0,0,0
[12:32:22.274] 6067,ECG,1418,-159,0,0,0,0,0
[12:32:22.306] 6067,ECG,1419,59,0,0,0,0,0
[12:32:22.306] 6072,ECG,1420,256,0,0,0,0,0
[12:32:22.322] 6072,ECG,1421,357,0,0,0,0,0
[12:32:22.322] 6077,ECG,1422,322,0,0,0,0,0
[12:32:22.353] 6077,ECG,1423,162,0,0,0,0,0
[12:32:22.477] 6077,ECG,1424,-56,0,0,0,0,0
[12:32:22.477] 6082,ECG,1425,-252,0,0,0,0,0
[12:32:22.508] 6082,ECG,1426,-355,0,0,0,0,0
[12:32:22.508] 6082,ECG,1427,-329,0,0,0,0,0
[12:32:22.539] 6087,ECG,1428,-183,0,0,0,0,0
[12:32:22.554] 6087,ECG,1429,34,0,0,0,0,0
[12:32:22.554] 6092,ECG,1430,241,0,0,0,0,0
[12:32:22.694] 6092,ECG,1431,369,0,0,0,0,0
[12:32:22.694] 6092,ECG,1432,364,0,0,0,0,0
[12:32:22.725] 6097,ECG,1433,223,0,0,0,0,0
[12:32:22.741] 6097,ECG,1434,8,0,0,0,0,0
[12:32:22.741] 6102,ECG,1435,-202,0,0,0,0,0
[12:32:22.773] 6102,ECG,1436,-332,0,0,0,0,0
[12:32:22.897] 6102,ECG,1437,-335,0,0,0,0,0
[12:32:22.897] 6107,ECG,1438,-215,0,0,0,0,0
[12:32:22.928] 6107,ECG,1439,-17,0,0,0,0,0
[12:32:22.928] 6112,ECG,1440,191,0,0,0,0,0
[12:32:22.959] 6112,ECG,1441,331,0,0,0,0,0
[12:32:22.974] 6112,ECG,1442,341,0,0,0,0,0
[12:32:22.975] 6117,ECG,1443,216,0,0,0,0,0
[12:32:23.114] 6117,ECG,1444,8,0,0,0,0,0
[12:32:23.114] 6122,ECG,1445,-209,0,0,0,0,0
[12:32:23.131] 6122,ECG,1446,-359,0,0,0,0,0
[12:32:23.162] 6122,ECG,1447,-385,0,0,0,0,0
[12:32:23.162] 6127,ECG,1448,-282,0,0,0,0,0
[12:32:23.195] 6127,ECG,1449,-88,0,0,0,0,0
[12:32:23.195] 6127,ECG,1450,129,0,0,0,0,0
[12:32:23.318] 6132,ECG,1451,291,0,0,0,0,0
[12:32:23.349] 6132,ECG,1452,334,0,0,0,0,0
[12:32:23.349] 6137,ECG,1453,238,0,0,0,0,0
[12:32:23.380] 6137,ECG,1454,41,0,0,0,0,0
[12:32:23.380] 6137,ECG,1455,-180,0,0,0,0,0
[12:32:23.395] 6142,ECG,1456,-350,0,0,0,0,0
[12:32:23.536] 6142,ECG,1457,-405,0,0,0,0,0
[12:32:23.536] 6147,ECG,1458,-331,0,0,0,0,0
[12:32:23.551] 6147,ECG,1459,-155,0,0,0,0,0
[12:32:23.582] 6147,ECG,1460,61,0,0,0,0,0
[12:32:23.582] 6152,ECG,1461,242,0,0,0,0,0
[12:32:23.613] 6152,ECG,1462,316,0,0,0,0,0
[12:32:23.613] 6157,ECG,1463,251,0,0,0,0,0
[12:32:23.739] 6157,ECG,1464,77,0,0,0,0,0
[12:32:23.770] 6157,ECG,1465,-137,0,0,0,0,0
[12:32:23.770] 6162,ECG,1466,-318,0,0,0,0,0
[12:32:23.786] 6162,ECG,1467,-395,0,0,0,0,0
[12:32:23.786] 6167,ECG,1468,-344,0,0,0,0,0
[12:32:23.817] 6167,ECG,1469,-185,0,0,0,0,0
[12:32:23.942] 6167,ECG,1470,30,0,0,0,0,0
[12:32:23.942] 6172,ECG,1471,224,0,0,0,0,0
[12:32:23.973] 6172,ECG,1472,317,0,0,0,0,0
[12:32:23.973] 6172,ECG,1473,278,0,0,0,0,0
[12:32:24.004] 6177,ECG,1474,118,0,0,0,0,0
[12:32:24.019] 6177,ECG,1475,-101,0,0,0,0,0
[12:32:24.019] 6182,ECG,1476,-296,0,0,0,0,0
[12:32:24.159] 6182,ECG,1477,-398,0,0,0,0,0
[12:32:24.175] 6182,ECG,1478,-376,0,0,0,0,0
[12:32:24.175] 6187,ECG,1479,-235,0,0,0,0,0
[12:32:24.206] 6187,ECG,1480,-27,0,0,0,0,0
[12:32:24.206] 6192,ECG,1481,175,0,0,0,0,0
[12:32:24.237] 6192,ECG,1482,296,0,0,0,0,0
[12:32:24.362] 6192,ECG,1483,287,0,0,0,0,0
[12:32:24.362] 6197,ECG,1484,144,0,0,0,0,0
[12:32:24.394] 6197,ECG,1485,-67,0,0,0,0,0
[12:32:24.394] 6202,ECG,1486,-272,0,0,0,0,0
[12:32:24.425] 6202,ECG,1487,-401,0,0,0,0,0
[12:32:24.440] 6202,ECG,1488,-404,0,0,0,0,0
[12:32:24.440] 6207,ECG,1489,-283,0,0,0,0,0
[12:32:24.580] 6207,ECG,1490,-81,0,0,0,0,0
[12:32:24.596] 6212,ECG,1491,133,0,0,0,0,0
[12:32:24.596] 6212,ECG,1492,282,0,0,0,0,0
[12:32:24.627] 6212,ECG,1493,303,0,0,0,0,0
[12:32:24.627] 6217,ECG,1494,189,0,0,0,0,0
[12:32:24.657] 6217,ECG,1495,-14,0,0,0,0,0
[12:32:24.783] 6217,ECG,1496,-234,0,0,0,0,0
[12:32:24.783] 6222,ECG,1497,-391,0,0,0,0,0
[12:32:24.814] 6222,ECG,1498,-425,0,0,0,0,0
[12:32:24.814] 6227,ECG,1499,-334,0,0,0,0,0
[12:32:24.830] 6227,ECG,1500,-146,0,0,0,0,0
[12:32:24.860] 6227,ECG,1501,75,0,0,0,0,0
[12:32:24.860] 6232,ECG,1502,244,0,0,0,0,0
[12:32:24.986] 6232,ECG,1503,300,0,0,0,0,0
[12:32:24.986] 6237,ECG,1504,218,0,0,0,0,0
[12:32:25.017] 6237,ECG,1505,31,0,0,0,0,0
[12:32:25.048] 6237,ECG,1506,-188,0,0,0,0,0
[12:32:25.048] 6242,ECG,1507,-361,0,0,0,0,0
[12:32:25.064] 6242,ECG,1508,-422,0,0,0,0,0
[12:32:25.203] 6247,ECG,1509,-352,0,0,0,0,0
[12:32:25.203] 6247,ECG,1510,-180,0,0,0,0,0
[12:32:25.235] 6247,ECG,1511,40,0,0,0,0,0
[12:32:25.235] 6252,ECG,1512,226,0,0,0,0,0
[12:32:25.251] 6252,ECG,1513,305,0,0,0,0,0
[12:32:25.281] 6257,ECG,1514,247,0,0,0,0,0
[12:32:25.281] 6257,ECG,1515,75,0,0,0,0,0
[12:32:25.405] 6257,ECG,1516,-143,0,0,0,0,0
[12:32:25.405] 6262,ECG,1517,-330,0,0,0,0,0
[12:32:25.436] 6262,ECG,1518,-417,0,0,0,0,0
[12:32:25.467] 6262,ECG,1519,-375,0,0,0,0,0
[12:32:25.467] 6267,ECG,1520,-221,0,0,0,0,0
[12:32:25.483] 6267,ECG,1521,-9,0,0,0,0,0
[12:32:25.483] 6272,ECG,1522,184,0,0,0,0,0
[12:32:25.623] 6272,ECG,1523,287,0,0,0,0,0
[12:32:25.639] 6272,ECG,1524,253,0,0,0,0,0
[12:32:25.639] 6277,ECG,1525,96,0,0,0,0,0
[12:32:25.670] 6277,ECG,1526,-120,0,0,0,0,0
[12:32:25.670] 6282,ECG,1527,-318,0,0,0,0,0
[12:32:25.702] 6282,ECG,1528,-432,0,0,0,0,0
[12:32:25.828] 6282,ECG,1529,-417,0,0,0,0,0
[12:32:25.828] 6287,ECG,1530,-280,0,0,0,0,0
[12:32:25.860] 6287,ECG,1531,-73,0,0,0,0,0
[12:32:25.876] 6292,ECG,1532,134,0,0,0,0,0
[12:32:25.876] 6292,ECG,1533,266,0,0,0,0,0
[12:32:25.907] 6292,ECG,1534,271,0,0,0,0,0
[12:32:25.907] 6297,ECG,1535,142,0,0,0,0,0
[12:32:26.033] 6297,ECG,1536,-65,0,0,0,0,0
[12:32:26.063] 6302,ECG,1537,-274,0,0,0,0,0
[12:32:26.063] 6302,ECG,1538,-411,0,0,0,0,0
[12:32:26.094] 6302,ECG,1539,-426,0,0,0,0,0
[12:32:26.094] 6307,ECG,1540,-318,0,0,0,0,0
[12:32:26.110] 6307,ECG,1541,-124,0,0,0,0,0
[12:32:26.251] 6312,ECG,1542,88,0,0,0,0,0
[12:32:26.251] 6312,ECG,1543,241,0,0,0,0,0
[12:32:26.281] 6312,ECG,1544,275,0,0,0,0,0
[12:32:26.297] 6317,ECG,1545,170,0,0,0,0,0
[12:32:26.297] 6317,ECG,1546,-25,0,0,0,0,0
[12:32:26.327] 6317,ECG,1547,-239,0,0,0,0,0
[12:32:26.327] 6322,ECG,1548,-395,0,0,0,0,0
[12:32:26.452] 6322,ECG,1549,-433,0,0,0,0,0
[12:32:26.483] 6327,ECG,1550,-343,0,0,0,0,0
[12:32:26.483] 6327,ECG,1551,-159,0,0,0,0,0
[12:32:26.514] 6327,ECG,1552,57,0,0,0,0,0
[12:32:26.514] 6332,ECG,1553,225,0,0,0,0,0
[12:32:26.529] 6332,ECG,1554,277,0,0,0,0,0
[12:32:26.668] 6337,ECG,1555,193,0,0,0,0,0
[12:32:26.668] 6337,ECG,1556,3,0,0,0,0,0
[12:32:26.699] 6337,ECG,1557,-222,0,0,0,0,0
[12:32:26.699] 6342,ECG,1558,-398,0,0,0,0,0
[12:32:26.715] 6342,ECG,1559,-463,0,0,0,0,0
[12:32:26.746] 6347,ECG,1560,-399,0,0,0,0,0
[12:32:26.746] 6347,ECG,1561,-231,0,0,0,0,0
[12:32:26.870] 6347,ECG,1562,-16,0,0,0,0,0
[12:32:26.901] 6352,ECG,1563,166,0,0,0,0,0
[12:32:26.901] 6352,ECG,1564,244,0,0,0,0,0
[12:32:26.932] 6352,ECG,1565,186,0,0,0,0,0
[12:32:26.932] 6357,ECG,1566,14,0,0,0,0,0
[12:32:26.948] 6357,ECG,1567,-205,0,0,0,0,0
[12:32:27.089] 6362,ECG,1568,-390,0,0,0,0,0
[12:32:27.089] 6362,ECG,1569,-476,0,0,0,0,0
[12:32:27.105] 6362,ECG,1570,-432,0,0,0,0,0
[12:32:27.105] 6367,ECG,1571,-275,0,0,0,0,0
[12:32:27.136] 6367,ECG,1572,-57,0,0,0,0,0
[12:32:27.169] 6372,ECG,1573,144,0,0,0,0,0
[12:32:27.169] 6372,ECG,1574,255,0,0,0,0,0
[12:32:27.293] 6372,ECG,1575,229,0,0,0,0,0
[12:32:27.293] 6377,ECG,1576,78,0,0,0,0,0
[12:32:27.324] 6377,ECG,1577,-136,0,0,0,0,0
[12:32:27.340] 6382,ECG,1578,-337,0,0,0,0,0
[12:32:27.340] 6382,ECG,1579,-452,0,0,0,0,0
[12:32:27.372] 6382,ECG,1580,-441,0,0,0,0,0
[12:32:27.498] 6387,ECG,1581,-312,0,0,0,0,0
[12:32:27.498] 6387,ECG,1582,-109,0,0,0,0,0
[12:32:27.529] 6392,ECG,1583,94,0,0,0,0,0
[12:32:27.529] 6392,ECG,1584,219,0,0,0,0,0
[12:32:27.561] 6392,ECG,1585,216,0,0,0,0,0
[12:32:27.576] 6397,ECG,1586,82,0,0,0,0,0
[12:32:27.576] 6397,ECG,1587,-133,0,0,0,0,0
[12:32:27.714] 6397,ECG,1588,-344,0,0,0,0,0
[12:32:27.714] 6402,ECG,1589,-482,0,0,0,0,0
[12:32:27.730] 6402,ECG,1590,-499,0,0,0,0,0
[12:32:27.761] 6407,ECG,1591,-390,0,0,0,0,0
[12:32:27.761] 6407,ECG,1592,-197,0,0,0,0,0
[12:32:27.792] 6407,ECG,1593,13,0,0,0,0,0
[12:32:27.918] 6412,ECG,1594,162,0,0,0,0,0
[12:32:27.918] 6412,ECG,1595,188,0,0,0,0,0
[12:32:27.950] 6417,ECG,1596,76,0,0,0,0,0
[12:32:27.950] 6417,ECG,1597,-125,0,0,0,0,0
[12:32:27.965] 6417,ECG,1598,-342,0,0,0,0,0
[12:32:27.996] 6422,ECG,1599,-500,0,0,0,0,0
[12:32:27.996] 6422,ECG,1600,-542,0,0,0,0,0
[12:32:28.136] 6427,ECG,1601,-457,0,0,0,0,0
[12:32:28.136] 6427,ECG,1602,-276,0,0,0,0,0
[12:32:28.153] 6427,ECG,1603,-60,0,0,0,0,0
[12:32:28.184] 6432,ECG,1604,112,0,0,0,0,0
[12:32:28.184] 6432,ECG,1605,172,0,0,0,0,0
[12:32:28.216] 6437,ECG,1606,93,0,0,0,0,0
[12:32:28.216] 6437,ECG,1607,-93,0,0,0,0,0
[12:32:28.341] 6437,ECG,1608,-312,0,0,0,0,0
[12:32:28.358] 6442,ECG,1609,-491,0,0,0,0,0
[12:32:28.358] 6442,ECG,1610,-566,0,0,0,0,0
[12:32:28.388] 6447,ECG,1611,-510,0,0,0,0,0
[12:32:28.420] 6447,ECG,1612,-346,0,0,0,0,0
[12:32:28.420] 6447,ECG,1613,-132,0,0,0,0,0
[12:32:28.545] 6452,ECG,1614,57,0,0,0,0,0
[12:32:28.545] 6452,ECG,1615,148,0,0,0,0,0
[12:32:28.576] 6452,ECG,1616,104,0,0,0,0,0
[12:32:28.607] 6457,ECG,1617,-60,0,0,0,0,0
[12:32:28.607] 6457,ECG,1618,-278,0,0,0,0,0
[12:32:28.623] 6462,ECG,1619,-470,0,0,0,0,0
[12:32:28.623] 6462,ECG,1620,-566,0,0,0,0,0
[12:32:28.764] 6462,ECG,1621,-536,0,0,0,0,0
[12:32:28.779] 6467,ECG,1622,-393,0,0,0,0,0
[12:32:28.780] 6467,ECG,1623,-184,0,0,0,0,0
[12:32:28.810] 6472,ECG,1624,16,0,0,0,0,0
[12:32:28.841] 6472,ECG,1625,132,0,0,0,0,0
[12:32:28.841] 6472,ECG,1626,114,0,0,0,0,0
[12:32:28.967] 6477,ECG,1627,-28,0,0,0,0,0
[12:32:28.967] 6477,ECG,1628,-236,0,0,0,0,0
[12:32:28.998] 6482,ECG,1629,-438,0,0,0,0,0
[12:32:29.014] 6482,ECG,1630,-559,0,0,0,0,0
[12:32:29.014] 6482,ECG,1631,-554,0,0,0,0,0
[12:32:29.045] 6487,ECG,1632,-432,0,0,0,0,0
[12:32:29.045] 6487,ECG,1633,-234,0,0,0,0,0
[12:32:29.171] 6487,ECG,1634,-30,0,0,0,0,0
[12:32:29.202] 6492,ECG,1635,102,0,0,0,0,0
[12:32:29.202] 6492,ECG,1636,110,0,0,0,0,0
[12:32:29.234] 6497,ECG,1637,-13,0,0,0,0,0
[12:32:29.249] 6497,ECG,1638,-219,0,0,0,0,0
[12:32:29.249] 6497,ECG,1639,-429,0,0,0,0,0
[12:32:29.390] 6502,ECG,1640,-568,0,0,0,0,0
[12:32:29.390] 6502,ECG,1641,-590,0,0,0,0,0
[12:32:29.405] 6507,ECG,1642,-486,0,0,0,0,0
[12:32:29.437] 6507,ECG,1643,-292,0,0,0,0,0
[12:32:29.437] 6507,ECG,1644,-77,0,0,0,0,0
[12:32:29.468] 6512,ECG,1645,80,0,0,0,0,0
[12:32:29.468] 6512,ECG,1646,120,0,0,0,0,0
[12:32:29.592] 6517,ECG,1647,24,0,0,0,0,0
[12:32:29.623] 6517,ECG,1648,-168,0,0,0,0,0
[12:32:29.623] 6517,ECG,1649,-385,0,0,0,0,0
[12:32:29.639] 6522,ECG,1650,-549,0,0,0,0,0
[12:32:29.670] 6522,ECG,1651,-601,0,0,0,0,0
[12:32:29.670] 6527,ECG,1652,-523,0,0,0,0,0
[12:32:29.812] 6527,ECG,1653,-348,0,0,0,0,0
[12:32:29.812] 6527,ECG,1654,-133,0,0,0,0,0
[12:32:29.827] 6532,ECG,1655,45,0,0,0,0,0
[12:32:29.858] 6532,ECG,1656,117,0,0,0,0,0
[12:32:29.858] 6537,ECG,1657,47,0,0,0,0,0
[12:32:29.874] 6537,ECG,1658,-130,0,0,0,0,0
[12:32:29.874] 6537,ECG,1659,-342,0,0,0,0,0
[12:32:30.015] 6542,ECG,1660,-521,0,0,0,0,0
[12:32:30.031] 6542,ECG,1661,-594,0,0,0,0,0
[12:32:30.031] 6542,ECG,1662,-538,0,0,0,0,0
[12:32:30.062] 6547,ECG,1663,-375,0,0,0,0,0
[12:32:30.093] 6547,ECG,1664,-158,0,0,0,0,0
[12:32:30.093] 6552,ECG,1665,34,0,0,0,0,0
[12:32:30.218] 6552,ECG,1666,126,0,0,0,0,0
[12:32:30.218] 6552,ECG,1667,86,0,0,0,0,0
[12:32:30.249] 6557,ECG,1668,-76,0,0,0,0,0
[12:32:30.280] 6557,ECG,1669,-292,0,0,0,0,0
[12:32:30.280] 6562,ECG,1670,-483,0,0,0,0,0
[12:32:30.296] 6562,ECG,1671,-582,0,0,0,0,0
[12:32:30.296] 6562,ECG,1672,-558,0,0,0,0,0
[12:32:30.437] 6567,ECG,1673,-417,0,0,0,0,0
[12:32:30.452] 6567,ECG,1674,-213,0,0,0,0,0
[12:32:30.452] 6572,ECG,1675,-15,0,0,0,0,0
[12:32:30.484] 6572,ECG,1676,101,0,0,0,0,0
[12:32:30.484] 6572,ECG,1677,87,0,0,0,0,0
[12:32:30.516] 6577,ECG,1678,-54,0,0,0,0,0
[12:32:30.639] 6577,ECG,1679,-264,0,0,0,0,0
[12:32:30.639] 6577,ECG,1680,-468,0,0,0,0,0
[12:32:30.670] 6582,ECG,1681,-593,0,0,0,0,0
[12:32:30.686] 6582,ECG,1682,-594,0,0,0,0,0
[12:32:30.686] 6587,ECG,1683,-476,0,0,0,0,0
[12:32:30.717] 6587,ECG,1684,-278,0,0,0,0,0
[12:32:30.717] 6587,ECG,1685,-70,0,0,0,0,0
[12:32:30.843] 6592,ECG,1686,70,0,0,0,0,0
[12:32:30.873] 6592,ECG,1687,86,0,0,0,0,0
[12:32:30.873] 6597,ECG,1688,-30,0,0,0,0,0
[12:32:30.906] 6597,ECG,1689,-230,0,0,0,0,0
[12:32:30.906] 6597,ECG,1690,-441,0,0,0,0,0
[12:32:30.921] 6602,ECG,1691,-584,0,0,0,0,0
[12:32:31.061] 6602,ECG,1692,-606,0,0,0,0,0
[12:32:31.061] 6607,ECG,1693,-504,0,0,0,0,0
[12:32:31.076] 6607,ECG,1694,-310,0,0,0,0,0
[12:32:31.107] 6607,ECG,1695,-92,0,0,0,0,0
[12:32:31.107] 6612,ECG,1696,70,0,0,0,0,0
[12:32:31.138] 6612,ECG,1697,118,0,0,0,0,0
[12:32:31.138] 6617,ECG,1698,30,0,0,0,0,0
[12:32:31.263] 6617,ECG,1699,-160,0,0,0,0,0
[12:32:31.295] 6617,ECG,1700,-376,0,0,0,0,0
[12:32:31.295] 6622,ECG,1701,-541,0,0,0,0,0
[12:32:31.326] 6622,ECG,1702,-600,0,0,0,0,0
[12:32:31.326] 6627,ECG,1703,-528,0,0,0,0,0
[12:32:31.342] 6627,ECG,1704,-354,0,0,0,0,0
[12:32:31.485] 6627,ECG,1705,-137,0,0,0,0,0
[12:32:31.485] 6632,ECG,1706,42,0,0,0,0,0
[12:32:31.501] 6632,ECG,1707,117,0,0,0,0,0
[12:32:31.501] 6632,ECG,1708,55,0,0,0,0,0
[12:32:31.532] 6637,ECG,1709,-116,0,0,0,0,0
[12:32:31.548] 6637,ECG,1710,-331,0,0,0,0,0
[12:32:31.548] 6642,ECG,1711,-514,0,0,0,0,0
[12:32:31.690] 6642,ECG,1712,-598,0,0,0,0,0
[12:32:31.705] 6642,ECG,1713,-553,0,0,0,0,0
[12:32:31.705] 6647,ECG,1714,-401,0,0,0,0,0
[12:32:31.736] 6647,ECG,1715,-189,0,0,0,0,0
[12:32:31.736] 6652,ECG,1716,6,0,0,0,0,0
[12:32:31.767] 6652,ECG,1717,110,0,0,0,0,0
[12:32:31.891] 6652,ECG,1718,80,0,0,0,0,0
[12:32:31.891] 6657,ECG,1719,-68,0,0,0,0,0
[12:32:31.922] 6657,ECG,1720,-274,0,0,0,0,0
[12:32:31.922] 6662,ECG,1721,-464,0,0,0,0,0
[12:32:31.938] 6662,ECG,1722,-568,0,0,0,0,0
[12:32:31.969] 6662,ECG,1723,-546,0,0,0,0,0
[12:32:31.969] 6667,ECG,1724,-410,0,0,0,0,0
[12:32:32.111] 6667,ECG,1725,-205,0,0,0,0,0
[12:32:32.127] 6672,ECG,1726,-4,0,0,0,0,0
[12:32:32.127] 6672,ECG,1727,121,0,0,0,0,0
[12:32:32.158] 6672,ECG,1728,120,0,0,0,0,0
[12:32:32.158] 6677,ECG,1729,-13,0,0,0,0,0
[12:32:32.174] 6677,ECG,1730,-218,0,0,0,0,0
[12:32:32.316] 6677,ECG,1731,-419,0,0,0,0,0
[12:32:32.316] 6682,ECG,1732,-550,0,0,0,0,0
[12:32:32.332] 6682,ECG,1733,-557,0,0,0,0,0
[12:32:32.332] 6687,ECG,1734,-442,0,0,0,0,0
[12:32:32.363] 6687,ECG,1735,-244,0,0,0,0,0
[12:32:32.395] 6687,ECG,1736,-31,0,0,0,0,0
[12:32:32.395] 6692,ECG,1737,116,0,0,0,0,0
[12:32:32.522] 6692,ECG,1738,142,0,0,0,0,0
[12:32:32.522] 6697,ECG,1739,37,0,0,0,0,0
[12:32:32.554] 6697,ECG,1740,-154,0,0,0,0,0
[12:32:32.570] 6697,ECG,1741,-363,0,0,0,0,0
[12:32:32.570] 6702,ECG,1742,-506,0,0,0,0,0
[12:32:32.601] 6702,ECG,1743,-533,0,0,0,0,0
[12:32:32.727] 6707,ECG,1744,-437,0,0,0,0,0
[12:32:32.727] 6707,ECG,1745,-248,0,0,0,0,0
[12:32:32.758] 6707,ECG,1746,-31,0,0,0,0,0
[12:32:32.758] 6712,ECG,1747,134,0,0,0,0,0
[12:32:32.788] 6712,ECG,1748,182,0,0,0,0,0
[12:32:32.804] 6717,ECG,1749,93,0,0,0,0,0
[12:32:32.804] 6717,ECG,1750,-97,0,0,0,0,0
[12:32:32.945] 6717,ECG,1751,-316,0,0,0,0,0
[12:32:32.945] 6722,ECG,1752,-488,0,0,0,0,0
[12:32:32.961] 6722,ECG,1753,-548,0,0,0,0,0
[12:32:32.993] 6722,ECG,1754,-478,0,0,0,0,0
[12:32:32.993] 6727,ECG,1755,-303,0,0,0,0,0
[12:32:33.024] 6727,ECG,1756,-85,0,0,0,0,0
[12:32:33.151] 6732,ECG,1757,100,0,0,0,0,0
[12:32:33.151] 6732,ECG,1758,182,0,0,0,0,0
[12:32:33.167] 6732,ECG,1759,128,0,0,0,0,0
[12:32:33.167] 6737,ECG,1760,-40,0,0,0,0,0
[12:32:33.198] 6737,ECG,1761,-252,0,0,0,0,0
[12:32:33.230] 6742,ECG,1762,-433,0,0,0,0,0
[12:32:33.230] 6742,ECG,1763,-518,0,0,0,0,0
[12:32:33.355] 6742,ECG,1764,-476,0,0,0,0,0
[12:32:33.387] 6747,ECG,1765,-324,0,0,0,0,0
[12:32:33.387] 6747,ECG,1766,-116,0,0,0,0,0
[12:32:33.403] 6752,ECG,1767,76,0,0,0,0,0
[12:32:33.403] 6752,ECG,1768,180,0,0,0,0,0
[12:32:33.434] 6752,ECG,1769,155,0,0,0,0,0
[12:32:33.434] 6757,ECG,1770,6,0,0,0,0,0
[12:32:33.574] 6757,ECG,1771,-206,0,0,0,0,0
[12:32:33.589] 6762,ECG,1772,-401,0,0,0,0,0
[12:32:33.589] 6762,ECG,1773,-512,0,0,0,0,0
[12:32:33.620] 6762,ECG,1774,-501,0,0,0,0,0
[12:32:33.652] 6767,ECG,1775,-372,0,0,0,0,0
[12:32:33.652] 6767,ECG,1776,-164,0,0,0,0,0
[12:32:33.776] 6767,ECG,1777,44,0,0,0,0,0
[12:32:33.776] 6772,ECG,1778,180,0,0,0,0,0
[12:32:33.807] 6772,ECG,1779,191,0,0,0,0,0
[12:32:33.823] 6777,ECG,1780,74,0,0,0,0,0
[12:32:33.823] 6777,ECG,1781,-123,0,0,0,0,0
[12:32:33.853] 6777,ECG,1782,-322,0,0,0,0,0
[12:32:33.853] 6782,ECG,1783,-452,0,0,0,0,0
[12:32:33.993] 6782,ECG,1784,-461,0,0,0,0,0
[12:32:34.009] 6787,ECG,1785,-352,0,0,0,0,0
[12:32:34.009] 6787,ECG,1786,-161,0,0,0,0,0
[12:32:34.040] 6787,ECG,1787,46,0,0,0,0,0
[12:32:34.056] 6792,ECG,1788,192,0,0,0,0,0
[12:32:34.056] 6792,ECG,1789,216,0,0,0,0,0
[12:32:34.197] 6797,ECG,1790,105,0,0,0,0,0
[12:32:34.197] 6797,ECG,1791,-94,0,0,0,0,0
[12:32:34.213] 6797,ECG,1792,-307,0,0,0,0,0
[12:32:34.244] 6802,ECG,1793,-462,0,0,0,0,0
[12:32:34.244] 6802,ECG,1794,-496,0,0,0,0,0
[12:32:34.274] 6807,ECG,1795,-404,0,0,0,0,0
[12:32:34.274] 6807,ECG,1796,-219,0,0,0,0,0
[12:32:34.399] 6807,ECG,1797,-1,0,0,0,0,0
[12:32:34.431] 6812,ECG,1798,171,0,0,0,0,0
[12:32:34.431] 6812,ECG,1799,229,0,0,0,0,0
[12:32:34.463] 6812,ECG,1800,151,0,0,0,0,0
[12:32:34.463] 6817,ECG,1801,-31,0,0,0,0,0
[12:32:34.479] 6817,ECG,1802,-247,0,0,0,0,0
[12:32:34.619] 6822,ECG,1803,-417,0,0,0,0,0
[12:32:34.619] 6822,ECG,1804,-481,0,0,0,0,0
[12:32:34.635] 6822,ECG,1805,-418,0,0,0,0,0
[12:32:34.666] 6827,ECG,1806,-250,0,0,0,0,0
[12:32:34.667] 6827,ECG,1807,-34,0,0,0,0,0
[12:32:34.697] 6832,ECG,1808,152,0,0,0,0,0
[12:32:34.697] 6832,ECG,1809,244,0,0,0,0,0
[12:32:34.824] 6832,ECG,1810,200,0,0,0,0,0
[12:32:34.854] 6837,ECG,1811,38,0,0,0,0,0
[12:32:34.854] 6837,ECG,1812,-170,0,0,0,0,0
[12:32:34.870] 6842,ECG,1813,-352,0,0,0,0,0
[12:32:34.870] 6842,ECG,1814,-443,0,0,0,0,0
[12:32:34.900] 6842,ECG,1815,-405,0,0,0,0,0
[12:32:35.025] 6847,ECG,1816,-258,0,0,0,0,0
[12:32:35.025] 6847,ECG,1817,-53,0,0,0,0,0
[12:32:35.056] 6852,ECG,1818,142,0,0,0,0,0
[12:32:35.088] 6852,ECG,1819,248,0,0,0,0,0
[12:32:35.088] 6852,ECG,1820,222,0,0,0,0,0
[12:32:35.103] 6857,ECG,1821,74,0,0,0,0,0
[12:32:35.103] 6857,ECG,1822,-137,0,0,0,0,0
[12:32:35.243] 6857,ECG,1823,-335,0,0,0,0,0
[12:32:35.259] 6862,ECG,1824,-441,0,0,0,0,0
[12:32:35.259] 6862,ECG,1825,-420,0,0,0,0,0
[12:32:35.290] 6867,ECG,1826,-283,0,0,0,0,0
[12:32:35.290] 6867,ECG,1827,-70,0,0,0,0,0
[12:32:35.322] 6867,ECG,1828,140,0,0,0,0,0
[12:32:35.445] 6872,ECG,1829,273,0,0,0,0,0
[12:32:35.445] 6872,ECG,1830,276,0,0,0,0,0
[12:32:35.475] 6877,ECG,1831,147,0,0,0,0,0
[12:32:35.475] 6877,ECG,1832,-61,0,0,0,0,0
[12:32:35.506] 6877,ECG,1833,-272,0,0,0,0,0
[12:32:35.522] 6882,ECG,1834,-409,0,0,0,0,0
[12:32:35.522] 6882,ECG,1835,-422,0,0,0,0,0
[12:32:35.660] 6887,ECG,1836,-312,0,0,0,0,0
[12:32:35.692] 6887,ECG,1837,-117,0,0,0,0,0
[12:32:35.692] 6887,ECG,1838,98,0,0,0,0,0
[12:32:35.707] 6892,ECG,1839,252,0,0,0,0,0
[12:32:35.707] 6892,ECG,1840,285,0,0,0,0,0
[12:32:35.739] 6897,ECG,1841,185,0,0,0,0,0
[12:32:35.865] 6897,ECG,1842,-11,0,0,0,0,0
[12:32:35.865] 6897,ECG,1843,-224,0,0,0,0,0
[12:32:35.896] 6902,ECG,1844,-382,0,0,0,0,0
[12:32:35.896] 6902,ECG,1845,-427,0,0,0,0,0
[12:32:35.912] 6902,ECG,1846,-343,0,0,0,0,0
[12:32:35.943] 6907,ECG,1847,-160,0,0,0,0,0
[12:32:35.943] 6907,ECG,1848,60,0,0,0,0,0
[12:32:36.084] 6912,ECG,1849,239,0,0,0,0,0
[12:32:36.100] 6912,ECG,1850,307,0,0,0,0,0
[12:32:36.100] 6912,ECG,1851,236,0,0,0,0,0
[12:32:36.131] 6917,ECG,1852,55,0,0,0,0,0
[12:32:36.131] 6917,ECG,1853,-164,0,0,0,0,0
[12:32:36.148] 6922,ECG,1854,-343,0,0,0,0,0
[12:32:36.287] 6922,ECG,1855,-416,0,0,0,0,0
[12:32:36.287] 6922,ECG,1856,-361,0,0,0,0,0
[12:32:36.318] 6927,ECG,1857,-194,0,0,0,0,0
[12:32:36.318] 6927,ECG,1858,30,0,0,0,0,0
[12:32:36.333] 6932,ECG,1859,228,0,0,0,0,0
[12:32:36.365] 6932,ECG,1860,327,0,0,0,0,0
[12:32:36.365] 6932,ECG,1861,291,0,0,0,0,0
[12:32:36.490] 6937,ECG,1862,132,0,0,0,0,0
[12:32:36.490] 6937,ECG,1863,-81,0,0,0,0,0
[12:32:36.521] 6942,ECG,1864,-273,0,0,0,0,0
[12:32:36.552] 6942,ECG,1865,-372,0,0,0,0,0
[12:32:36.552] 6942,ECG,1866,-343,0,0,0,0,0
[12:32:36.568] 6947,ECG,1867,-201,0,0,0,0,0
[12:32:36.708] 6947,ECG,1868,4,0,0,0,0,0
[12:32:36.708] 6947,ECG,1869,202,0,0,0,0,0
[12:32:36.723] 6952,ECG,1870,316,0,0,0,0,0
[12:32:36.723] 6952,ECG,1871,297,0,0,0,0,0
[12:32:36.754] 6957,ECG,1872,153,0,0,0,0,0
[12:32:36.785] 6957,ECG,1873,-57,0,0,0,0,0
[12:32:36.785] 6957,ECG,1874,-257,0,0,0,0,0
[12:32:36.911] 6962,ECG,1875,-377,0,0,0,0,0
[12:32:36.911] 6962,ECG,1876,-371,0,0,0,0,0
[12:32:36.942] 6967,ECG,1877,-246,0,0,0,0,0
[12:32:36.957] 6967,ECG,1878,-46,0,0,0,0,0
[12:32:36.957] 6967,ECG,1879,161,0,0,0,0,0
[12:32:36.989] 6972,ECG,1880,297,0,0,0,0,0
[12:32:36.989] 6972,ECG,1881,309,0,0,0,0,0
[12:32:37.116] 6977,ECG,1882,192,0,0,0,0,0
[12:32:37.146] 6977,ECG,1883,-4,0,0,0,0,0
[12:32:37.146] 6977,ECG,1884,-208,0,0,0,0,0
[12:32:37.177] 6982,ECG,1885,-346,0,0,0,0,0
[12:32:37.193] 6982,ECG,1886,-366,0,0,0,0,0
[12:32:37.193] 6987,ECG,1887,-261,0,0,0,0,0
[12:32:37.333] 6987,ECG,1888,-69,0,0,0,0,0
[12:32:37.333] 6987,ECG,1889,145,0,0,0,0,0
[12:32:37.364] 6992,ECG,1890,302,0,0,0,0,0
[12:32:37.380] 6992,ECG,1891,346,0,0,0,0,0
[12:32:37.380] 6992,ECG,1892,251,0,0,0,0,0
[12:32:37.412] 6997,ECG,1893,57,0,0,0,0,0
[12:32:37.412] 6997,ECG,1894,-157,0,0,0,0,0
[12:32:37.536] 7002,ECG,1895,-316,0,0,0,0,0
[12:32:37.567] 7002,ECG,1896,-365,0,0,0,0,0
[12:32:37.567] 7002,ECG,1897,-286,0,0,0,0,0
[12:32:37.599] 7007,ECG,1898,-108,0,0,0,0,0
[12:32:37.599] 7007,ECG,1899,105,0,0,0,0,0
[12:32:37.614] 7012,ECG,1900,280,0,0,0,0,0
[12:32:37.754] 7012,ECG,1901,344,0,0,0,0,0
[12:32:37.754] 7012,ECG,1902,268,0,0,0,0,0
[12:32:37.770] 7017,ECG,1903,85,0,0,0,0,0
[12:32:37.770] 7017,ECG,1904,-136,0,0,0,0,0
[12:32:37.801] 7022,ECG,1905,-317,0,0,0,0,0
[12:32:37.832] 7022,ECG,1906,-387,0,0,0,0,0
[12:32:37.832] 7022,ECG,1907,-326,0,0,0,0,0
[12:32:37.957] 7027,ECG,1908,-159,0,0,0,0,0
[12:32:37.988] 7027,ECG,1909,60,0,0,0,0,0
[12:32:37.988] 7032,ECG,1910,254,0,0,0,0,0
[12:32:38.004] 7032,ECG,1911,347,0,0,0,0,0
[12:32:38.004] 7032,ECG,1912,303,0,0,0,0,0
[12:32:38.034] 7037,ECG,1913,138,0,0,0,0,0
[12:32:38.174] 7037,ECG,1914,-82,0,0,0,0,0
[12:32:38.174] 7037,ECG,1915,-277,0,0,0,0,0
[12:32:38.190] 7042,ECG,1916,-378,0,0,0,0,0
[12:32:38.190] 7042,ECG,1917,-350,0,0,0,0,0
[12:32:38.221] 7047,ECG,1918,-204,0,0,0,0,0
[12:32:38.252] 7047,ECG,1919,11,0,0,0,0,0
[12:32:38.252] 7047,ECG,1920,219,0,0,0,0,0
[12:32:38.378] 7052,ECG,1921,344,0,0,0,0,0
[12:32:38.378] 7052,ECG,1922,338,0,0,0,0,0
[12:32:38.409] 7057,ECG,1923,201,0,0,0,0,0
[12:32:38.424] 7057,ECG,1924,-7,0,0,0,0,0
[12:32:38.424] 7057,ECG,1925,-213,0,0,0,0,0
[12:32:38.456] 7062,ECG,1926,-341,0,0,0,0,0
[12:32:38.582] 7062,ECG,1927,-346,0,0,0,0,0
[12:32:38.582] 7067,ECG,1928,-228,0,0,0,0,0
[12:32:38.614] 7067,ECG,1929,-33,0,0,0,0,0
[12:32:38.614] 7067,ECG,1930,177,0,0,0,0,0
[12:32:38.645] 7072,ECG,1931,321,0,0,0,0,0
[12:32:38.661] 7072,ECG,1932,340,0,0,0,0,0
[12:32:38.661] 7077,ECG,1933,227,0,0,0,0,0
[12:32:38.801] 7077,ECG,1934,26,0,0,0,0,0
[12:32:38.801] 7077,ECG,1935,-187,0,0,0,0,0
[12:32:38.816] 7082,ECG,1936,-332,0,0,0,0,0
[12:32:38.847] 7082,ECG,1937,-358,0,0,0,0,0
[12:32:38.847] 7082,ECG,1938,-259,0,0,0,0,0
[12:32:38.878] 7087,ECG,1939,-66,0,0,0,0,0
[12:32:38.878] 7087,ECG,1940,155,0,0,0,0,0
[12:32:39.002] 7092,ECG,1941,317,0,0,0,0,0
[12:32:39.033] 7092,ECG,1942,364,0,0,0,0,0
[12:32:39.033] 7092,ECG,1943,275,0,0,0,0,0
[12:32:39.064] 7097,ECG,1944,84,0,0,0,0,0
[12:32:39.080] 7097,ECG,1945,-133,0,0,0,0,0
[12:32:39.080] 7102,ECG,1946,-298,0,0,0,0,0
[12:32:39.218] 7102,ECG,1947,-355,0,0,0,0,0
[12:32:39.218] 7102,ECG,1948,-284,0,0,0,0,0
[12:32:39.234] 7107,ECG,1949,-111,0,0,0,0,0
[12:32:39.265] 7107,ECG,1950,103,0,0,0,0,0
[12:32:39.265] 7112,ECG,1951,281,0,0,0,0,0
[12:32:39.296] 7112,ECG,1952,355,0,0,0,0,0
[12:32:39.296] 7112,ECG,1953,291,0,0,0,0,0
[12:32:39.421] 7117,ECG,1954,118,0,0,0,0,0
[12:32:39.453] 7117,ECG,1955,-97,0,0,0,0,0
[12:32:39.453] 7122,ECG,1956,-280,0,0,0,0,0
[12:32:39.468] 7122,ECG,1957,-363,0,0,0,0,0
[12:32:39.499] 7122,ECG,1958,-318,0,0,0,0,0
[12:32:39.499] 7127,ECG,1959,-163,0,0,0,0,0
[12:32:39.639] 7127,ECG,1960,49,0,0,0,0,0
[12:32:39.639] 7127,ECG,1961,245,0,0,0,0,0
[12:32:39.654] 7132,ECG,1962,350,0,0,0,0,0
[12:32:39.686] 7132,ECG,1963,320,0,0,0,0,0
[12:32:39.686] 7137,ECG,1964,167,0,0,0,0,0
[12:32:39.717] 7137,ECG,1965,-47,0,0,0,0,0
[12:32:39.717] 7137,ECG,1966,-246,0,0,0,0,0
[12:32:39.841] 7142,ECG,1967,-361,0,0,0,0,0
[12:32:39.872] 7142,ECG,1968,-349,0,0,0,0,0
[12:32:39.872] 7147,ECG,1969,-217,0,0,0,0,0
[12:32:39.887] 7147,ECG,1970,-14,0,0,0,0,0
[12:32:39.887] 7147,ECG,1971,192,0,0,0,0,0
[12:32:39.918] 7152,ECG,1972,323,0,0,0,0,0
[12:32:40.044] 7152,ECG,1973,328,0,0,0,0,0
[12:32:40.044] 7157,ECG,1974,201,0,0,0,0,0
[12:32:40.075] 7157,ECG,1975,-1,0,0,0,0,0
[12:32:40.075] 7157,ECG,1976,-202,0,0,0,0,0
[12:32:40.106] 7162,ECG,1977,-332,0,0,0,0,0
[12:32:40.122] 7162,ECG,1978,-343,0,0,0,0,0
[12:32:40.122] 7167,ECG,1979,-231,0,0,0,0,0
[12:32:40.261] 7167,ECG,1980,-33,0,0,0,0,0
[12:32:40.292] 7167,ECG,1981,177,0,0,0,0,0
[12:32:40.292] 7172,ECG,1982,323,0,0,0,0,0
[12:32:40.308] 7172,ECG,1983,348,0,0,0,0,0
[12:32:40.308] 7172,ECG,1984,236,0,0,0,0,0
[12:32:40.339] 7177,ECG,1985,37,0,0,0,0,0
[12:32:40.463] 7177,ECG,1986,-175,0,0,0,0,0
[12:32:40.463] 7182,ECG,1987,-326,0,0,0,0,0
[12:32:40.495] 7182,ECG,1988,-358,0,0,0,0,0
[12:32:40.495] 7182,ECG,1989,-266,0,0,0,0,0
[12:32:40.526] 7187,ECG,1990,-83,0,0,0,0,0
[12:32:40.541] 7187,ECG,1991,131,0,0,0,0,0
[12:32:40.541] 7192,ECG,1992,296,0,0,0,0,0
[12:32:40.682] 7192,ECG,1993,344,0,0,0,0,0
[12:32:40.682] 7192,ECG,1994,255,0,0,0,0,0
[12:32:40.698] 7197,ECG,1995,65,0,0,0,0,0
[12:32:40.729] 7197,ECG,1996,-154,0,0,0,0,0
[12:32:40.729] 7202,ECG,1997,-323,0,0,0,0,0
[12:32:40.760] 7202,ECG,1998,-382,0,0,0,0,0
[12:32:40.885] 7202,ECG,1999,-312,0,0,0,0,0
[12:32:40.885] 7207,ECG,2000,-137,0,0,0,0,0
[12:32:40.917] 7207,ECG,2001,83,0,0,0,0,0
[12:32:40.917] 7212,ECG,2002,269,0,0,0,0,0
[12:32:40.933] 7212,ECG,2003,353,0,0,0,0,0
[12:32:40.964] 7212,ECG,2004,298,0,0,0,0,0
[12:32:40.964] 7217,ECG,2005,125,0,0,0,0,0
[12:32:41.089] 7217,ECG,2006,-93,0,0,0,0,0
[12:32:41.089] 7217,ECG,2007,-280,0,0,0,0,0
[12:32:41.120] 7222,ECG,2008,-366,0,0,0,0,0
[12:32:41.151] 7222,ECG,2009,-319,0,0,0,0,0
[12:32:41.151] 7227,ECG,2010,-162,0,0,0,0,0
[12:32:41.166] 7227,ECG,2011,55,0,0,0,0,0
[12:32:41.166] 7227,ECG,2012,261,0,0,0,0,0
[12:32:41.308] 7232,ECG,2013,368,0,0,0,0,0
[12:32:41.339] 7232,ECG,2014,337,0,0,0,0,0
[12:32:41.339] 7237,ECG,2015,184,0,0,0,0,0
[12:32:41.355] 7237,ECG,2016,-36,0,0,0,0,0
[12:32:41.386] 7237,ECG,2017,-243,0,0,0,0,0
[12:32:41.386] 7242,ECG,2018,-358,0,0,0,0,0
[12:32:41.512] 7242,ECG,2019,-346,0,0,0,0,0
[12:32:41.512] 7247,ECG,2020,-213,0,0,0,0,0
[12:32:41.543] 7247,ECG,2021,-3,0,0,0,0,0
[12:32:41.558] 7247,ECG,2022,205,0,0,0,0,0
[12:32:41.558] 7252,ECG,2023,338,0,0,0,0,0
[12:32:41.589] 7252,ECG,2024,344,0,0,0,0,0
[12:32:41.589] 7257,ECG,2025,217,0,0,0,0,0
[12:32:41.729] 7257,ECG,2026,10,0,0,0,0,0
[12:32:41.745] 7257,ECG,2027,-197,0,0,0,0,0
[12:32:41.745] 7262,ECG,2028,-337,0,0,0,0,0
[12:32:41.776] 7262,ECG,2029,-357,0,0,0,0,0
[12:32:41.776] 7262,ECG,2030,-253,0,0,0,0,0
[12:32:41.807] 7267,ECG,2031,-64,0,0,0,0,0
[12:32:41.930] 7267,ECG,2032,147,0,0,0,0,0
[12:32:41.930] 7272,ECG,2033,300,0,0,0,0,0
[12:32:41.962] 7272,ECG,2034,336,0,0,0,0,0
[12:32:41.962] 7272,ECG,2035,239,0,0,0,0,0
[12:32:41.978] 7277,ECG,2036,49,0,0,0,0,0
[12:32:42.009] 7277,ECG,2037,-163,0,0,0,0,0
[12:32:42.009] 7282,ECG,2038,-318,0,0,0,0,0
[12:32:42.134] 7282,ECG,2039,-364,0,0,0,0,0
[12:32:42.166] 7282,ECG,2040,-282,0,0,0,0,0
[12:32:42.166] 7287,ECG,2041,-101,0,0,0,0,0
[12:32:42.197] 7287,ECG,2042,117,0,0,0,0,0
[12:32:42.197] 7292,ECG,2043,293,0,0,0,0,0
[12:32:42.213] 7292,ECG,2044,360,0,0,0,0,0
[12:32:42.355] 7292,ECG,2045,289,0,0,0,0,0
[12:32:42.355] 7297,ECG,2046,109,0,0,0,0,0
[12:32:42.371] 7297,ECG,2047,-108,0,0,0,0,0
[12:32:42.371] 7298,ECG,2048,-286,0,0,0,0,0
[12:32:42.402] 7303,ECG,2049,-360,0,0,0,0,0
[12:32:42.433] 7303,ECG,2050,-306,0,0,0,0,0
[12:32:42.433] 7308,ECG,2051,-145,0,0,0,0,0
[12:32:42.559] 7308,ECG,2052,71,0,0,0,0,0
[12:32:42.590] 7308,ECG,2053,259,0,0,0,0,0
[12:32:42.590] 7313,ECG,2054,349,0,0,0,0,0
[12:32:42.606] 7313,ECG,2055,303,0,0,0,0,0
[12:32:42.606] 7313,ECG,2056,141,0,0,0,0,0
[12:32:42.637] 7318,ECG,2057,-70,0,0,0,0,0
[12:32:42.764] 7318,ECG,2058,-253,0,0,0,0,0
[12:32:42.764] 7323,ECG,2059,-341,0,0,0,0,0
[12:32:42.794] 7323,ECG,2060,-300,0,0,0,0,0
[12:32:42.795] 7323,ECG,2061,-148,0,0,0,0,0
[12:32:42.826] 7328,ECG,2062,63,0,0,0,0,0
[12:32:42.841] 7328,ECG,2063,257,0,0,0,0,0
[12:32:42.841] 7333,ECG,2064,365,0,0,0,0,0
[12:32:42.981] 7333,ECG,2065,335,0,0,0,0,0
[12:32:42.981] 7333,ECG,2066,179,0,0,0,0,0
[12:32:42.997] 7338,ECG,2067,-39,0,0,0,0,0
[12:32:43.029] 7338,ECG,2068,-244,0,0,0,0,0
[12:32:43.029] 7343,ECG,2069,-361,0,0,0,0,0
[12:32:43.060] 7343,ECG,2070,-348,0,0,0,0,0
[12:32:43.186] 7343,ECG,2071,-214,0,0,0,0,0
[12:32:43.186] 7348,ECG,2072,-7,0,0,0,0,0
[12:32:43.217] 7348,ECG,2073,202,0,0,0,0,0
[12:32:43.217] 7353,ECG,2074,335,0,0,0,0,0
[12:32:43.233] 7353,ECG,2075,339,0,0,0,0,0
[12:32:43.263] 7353,ECG,2076,208,0,0,0,0,0
[12:32:43.263] 7358,ECG,2077,-6,0,0,0,0,0
[12:32:43.389] 7358,ECG,2078,-219,0,0,0,0,0
[12:32:43.389] 7358,ECG,2079,-358,0,0,0,0,0
[12:32:43.422] 7363,ECG,2080,-375,0,0,0,0,0
[12:32:43.453] 7363,ECG,2081,-264,0,0,0,0,0
[12:32:43.453] 7368,ECG,2082,-65,0,0,0,0,0
[12:32:43.468] 7368,ECG,2083,151,0,0,0,0,0
[12:32:43.468] 7368,ECG,2084,306,0,0,0,0,0
[12:32:43.610] 7373,ECG,2085,337,0,0,0,0,0
[12:32:43.626] 7373,ECG,2086,232,0,0,0,0,0
[12:32:43.626] 7378,ECG,2087,34,0,0,0,0,0
[12:32:43.657] 7378,ECG,2088,-184,0,0,0,0,0
[12:32:43.657] 7378,ECG,2089,-340,0,0,0,0,0
[12:32:43.689] 7383,ECG,2090,-375,0,0,0,0,0
[12:32:43.815] 7383,ECG,2091,-285,0,0,0,0,0
[12:32:43.815] 7388,ECG,2092,-103,0,0,0,0,0
[12:32:43.846] 7388,ECG,2093,114,0,0,0,0,0
[12:32:43.862] 7388,ECG,2094,282,0,0,0,0,0
[12:32:43.862] 7393,ECG,2095,334,0,0,0,0,0
[12:32:43.893] 7393,ECG,2096,248,0,0,0,0,0
[12:32:43.893] 7398,ECG,2097,56,0,0,0,0,0
[12:32:44.017] 7398,ECG,2098,-169,0,0,0,0,0
[12:32:44.048] 7398,ECG,2099,-347,0,0,0,0,0
[12:32:44.048] 7403,ECG,2100,-416,0,0,0,0,0
[12:32:44.080] 7403,ECG,2101,-354,0,0,0,0,0
[12:32:44.080] 7403,ECG,2102,-187,0,0,0,0,0
[12:32:44.095] 7408,ECG,2103,25,0,0,0,0,0
[12:32:44.235] 7408,ECG,2104,212,0,0,0,0,0
[12:32:44.235] 7413,ECG,2105,300,0,0,0,0,0
[12:32:44.251] 7413,ECG,2106,251,0,0,0,0,0
[12:32:44.251] 7413,ECG,2107,88,0,0,0,0,0
[12:32:44.282] 7418,ECG,2108,-127,0,0,0,0,0
[12:32:44.313] 7418,ECG,2109,-316,0,0,0,0,0
[12:32:44.313] 7423,ECG,2110,-412,0,0,0,0,0
[12:32:44.438] 7423,ECG,2111,-381,0,0,0,0,0
[12:32:44.469] 7423,ECG,2112,-239,0,0,0,0,0
[12:32:44.469] 7428,ECG,2113,-35,0,0,0,0,0
[12:32:44.501] 7428,ECG,2114,160,0,0,0,0,0
[12:32:44.501] 7433,ECG,2115,274,0,0,0,0,0
[12:32:44.516] 7433,ECG,2116,258,0,0,0,0,0
[12:32:44.658] 7433,ECG,2117,119,0,0,0,0,0
[12:32:44.658] 7438,ECG,2118,-89,0,0,0,0,0
[12:32:44.673] 7438,ECG,2119,-288,0,0,0,0,0
[12:32:44.673] 7443,ECG,2120,-401,0,0,0,0,0
[12:32:44.704] 7443,ECG,2121,-392,0,0,0,0,0
[12:32:44.735] 7443,ECG,2122,-271,0,0,0,0,0
[12:32:44.735] 7448,ECG,2123,-71,0,0,0,0,0
[12:32:44.859] 7448,ECG,2124,135,0,0,0,0,0
[12:32:44.890] 7448,ECG,2125,267,0,0,0,0,0
[12:32:44.890] 7453,ECG,2126,277,0,0,0,0,0
[12:32:44.905] 7453,ECG,2127,158,0,0,0,0,0
[12:32:44.905] 7458,ECG,2128,-44,0,0,0,0,0
[12:32:44.936] 7458,ECG,2129,-252,0,0,0,0,0
[12:32:45.075] 7458,ECG,2130,-391,0,0,0,0,0
[12:32:45.075] 7463,ECG,2131,-411,0,0,0,0,0
[12:32:45.091] 7463,ECG,2132,-305,0,0,0,0,0
[12:32:45.091] 7468,ECG,2133,-114,0,0,0,0,0
[12:32:45.122] 7468,ECG,2134,95,0,0,0,0,0
[12:32:45.154] 7468,ECG,2135,248,0,0,0,0,0
[12:32:45.154] 7473,ECG,2136,284,0,0,0,0,0
[12:32:45.278] 7473,ECG,2137,184,0,0,0,0,0
[12:32:45.278] 7478,ECG,2138,-10,0,0,0,0,0
[12:32:45.309] 7478,ECG,2139,-224,0,0,0,0,0
[12:32:45.325] 7478,ECG,2140,-387,0,0,0,0,0
[12:32:45.325] 7483,ECG,2141,-435,0,0,0,0,0
[12:32:45.355] 7483,ECG,2142,-354,0,0,0,0,0
[12:32:45.481] 7488,ECG,2143,-177,0,0,0,0,0
[12:32:45.481] 7488,ECG,2144,36,0,0,0,0,0
[12:32:45.512] 7488,ECG,2145,210,0,0,0,0,0
[12:32:45.512] 7493,ECG,2146,276,0,0,0,0,0
[12:32:45.543] 7493,ECG,2147,203,0,0,0,0,0
[12:32:45.559] 7493,ECG,2148,20,0,0,0,0,0
[12:32:45.559] 7498,ECG,2149,-198,0,0,0,0,0
[12:32:45.700] 7498,ECG,2150,-374,0,0,0,0,0
[12:32:45.700] 7503,ECG,2151,-451,0,0,0,0,0
[12:32:45.716] 7503,ECG,2152,-398,0,0,0,0,0
[12:32:45.747] 7503,ECG,2153,-236,0,0,0,0,0
[12:32:45.747] 7508,ECG,2154,-25,0,0,0,0,0
[12:32:45.778] 7508,ECG,2155,163,0,0,0,0,0
[12:32:45.904] 7513,ECG,2156,256,0,0,0,0,0
[12:32:45.904] 7513,ECG,2157,214,0,0,0,0,0
[12:32:45.936] 7513,ECG,2158,56,0,0,0,0,0
[12:32:45.936] 7518,ECG,2159,-155,0,0,0,0,0
[12:32:45.951] 7518,ECG,2160,-341,0,0,0,0,0
[12:32:45.982] 7523,ECG,2161,-433,0,0,0,0,0
[12:32:45.982] 7523,ECG,2162,-399,0,0,0,0,0
[12:32:46.123] 7523,ECG,2163,-249,0,0,0,0,0
[12:32:46.123] 7528,ECG,2164,-39,0,0,0,0,0
[12:32:46.138] 7528,ECG,2165,158,0,0,0,0,0
[12:32:46.170] 7533,ECG,2166,269,0,0,0,0,0
[12:32:46.170] 7533,ECG,2167,247,0,0,0,0,0
[12:32:46.186] 7533,ECG,2168,99,0,0,0,0,0
[12:32:46.186] 7538,ECG,2169,-117,0,0,0,0,0
[12:32:46.330] 7538,ECG,2170,-321,0,0,0,0,0
[12:32:46.346] 7538,ECG,2171,-442,0,0,0,0,0
[12:32:46.346] 7543,ECG,2172,-438,0,0,0,0,0
[12:32:46.378] 7543,ECG,2173,-313,0,0,0,0,0
[12:32:46.409] 7548,ECG,2174,-110,0,0,0,0,0
[12:32:46.410] 7548,ECG,2175,103,0,0,0,0,0
[12:32:46.535] 7548,ECG,2176,243,0,0,0,0,0
[12:32:46.535] 7553,ECG,2177,254,0,0,0,0,0
[12:32:46.551] 7553,ECG,2178,135,0,0,0,0,0
[12:32:46.583] 7558,ECG,2179,-69,0,0,0,0,0
[12:32:46.583] 7558,ECG,2180,-283,0,0,0,0,0
[12:32:46.615] 7558,ECG,2181,-430,0,0,0,0,0
[12:32:46.615] 7563,ECG,2182,-459,0,0,0,0,0
[12:32:46.740] 7563,ECG,2183,-363,0,0,0,0,0
[12:32:46.772] 7568,ECG,2184,-174,0,0,0,0,0
[12:32:46.772] 7568,ECG,2185,42,0,0,0,0,0
[12:32:46.788] 7568,ECG,2186,208,0,0,0,0,0
[12:32:46.818] 7573,ECG,2187,254,0,0,0,0,0
[12:32:46.818] 7573,ECG,2188,164,0,0,0,0,0
[12:32:46.944] 7578,ECG,2189,-23,0,0,0,0,0
[12:32:46.944] 7578,ECG,2190,-239,0,0,0,0,0
[12:32:46.976] 7578,ECG,2191,-407,0,0,0,0,0
[12:32:47.008] 7583,ECG,2192,-463,0,0,0,0,0
[12:32:47.008] 7583,ECG,2193,-390,0,0,0,0,0
[12:32:47.023] 7583,ECG,2194,-217,0,0,0,0,0
[12:32:47.023] 7588,ECG,2195,1,0,0,0,0,0
[12:32:47.167] 7588,ECG,2196,187,0,0,0,0,0
[12:32:47.183] 7593,ECG,2197,265,0,0,0,0,0
[12:32:47.183] 7593,ECG,2198,205,0,0,0,0,0
[12:32:47.214] 7593,ECG,2199,34,0,0,0,0,0
[12:32:47.214] 7598,ECG,2200,-182,0,0,0,0,0
[12:32:47.245] 7598,ECG,2201,-363,0,0,0,0,0
[12:32:47.369] 7603,ECG,2202,-445,0,0,0,0,0
[12:32:47.369] 7603,ECG,2203,-402,0,0,0,0,0
[12:32:47.401] 7603,ECG,2204,-247,0,0,0,0,0
[12:32:47.416] 7608,ECG,2205,-35,0,0,0,0,0
[12:32:47.416] 7608,ECG,2206,156,0,0,0,0,0
[12:32:47.447] 7613,ECG,2207,253,0,0,0,0,0
[12:32:47.447] 7613,ECG,2208,217,0,0,0,0,0
[12:32:47.585] 7613,ECG,2209,60,0,0,0,0,0
[12:32:47.601] 7618,ECG,2210,-154,0,0,0,0,0
[12:32:47.601] 7618,ECG,2211,-347,0,0,0,0,0
[12:32:47.631] 7623,ECG,2212,-452,0,0,0,0,0
[12:32:47.631] 7623,ECG,2213,-431,0,0,0,0,0
[12:32:47.662] 7623,ECG,2214,-294,0,0,0,0,0
[12:32:47.787] 7628,ECG,2215,-91,0,0,0,0,0
[12:32:47.787] 7628,ECG,2216,108,0,0,0,0,0
[12:32:47.817] 7628,ECG,2217,227,0,0,0,0,0
[12:32:47.817] 7633,ECG,2218,214,0,0,0,0,0
[12:32:47.832] 7633,ECG,2219,74,0,0,0,0,0
[12:32:47.863] 7638,ECG,2220,-136,0,0,0,0,0
[12:32:47.863] 7638,ECG,2221,-343,0,0,0,0,0
[12:32:48.002] 7638,ECG,2222,-472,0,0,0,0,0
[12:32:48.017] 7643,ECG,2223,-479,0,0,0,0,0
[12:32:48.017] 7643,ECG,2224,-361,0,0,0,0,0
[12:32:48.048] 7648,ECG,2225,-158,0,0,0,0,0
[12:32:48.048] 7648,ECG,2226,57,0,0,0,0,0
[12:32:48.079] 7648,ECG,2227,207,0,0,0,0,0
[12:32:48.203] 7653,ECG,2228,230,0,0,0,0,0
[12:32:48.203] 7653,ECG,2229,123,0,0,0,0,0
[12:32:48.234] 7658,ECG,2230,-73,0,0,0,0,0
[12:32:48.234] 7658,ECG,2231,-285,0,0,0,0,0
[12:32:48.265] 7658,ECG,2232,-434,0,0,0,0,0
[12:32:48.281] 7663,ECG,2233,-464,0,0,0,0,0
[12:32:48.281] 7663,ECG,2234,-373,0,0,0,0,0
[12:32:48.421] 7668,ECG,2235,-188,0,0,0,0,0
[12:32:48.437] 7668,ECG,2236,28,0,0,0,0,0
[12:32:48.437] 7668,ECG,2237,194,0,0,0,0,0
[12:32:48.468] 7673,ECG,2238,246,0,0,0,0,0
[12:32:48.468] 7673,ECG,2239,164,0,0,0,0,0
[12:32:48.500] 7673,ECG,2240,-18,0,0,0,0,0
[12:32:48.625] 7678,ECG,2241,-227,0,0,0,0,0
[12:32:48.625] 7678,ECG,2242,-387,0,0,0,0,0
[12:32:48.655] 7683,ECG,2243,-442,0,0,0,0,0
[12:32:48.655] 7683,ECG,2244,-369,0,0,0,0,0
[12:32:48.670] 7683,ECG,2245,-195,0,0,0,0,0
[12:32:48.702] 7688,ECG,2246,17,0,0,0,0,0
[12:32:48.702] 7688,ECG,2247,195,0,0,0,0,0
[12:32:48.828] 7693,ECG,2248,266,0,0,0,0,0
[12:32:48.828] 7693,ECG,2249,200,0,0,0,0,0
[12:32:48.859] 7693,ECG,2250,22,0,0,0,0,0
[12:32:48.890] 7698,ECG,2251,-198,0,0,0,0,0
[12:32:48.890] 7698,ECG,2252,-385,0,0,0,0,0
[12:32:48.905] 7703,ECG,2253,-469,0,0,0,0,0
[12:32:49.047] 7703,ECG,2254,-424,0,0,0,0,0
[12:32:49.047] 7703,ECG,2255,-268,0,0,0,0,0
[12:32:49.062] 7708,ECG,2256,-56,0,0,0,0,0
[12:32:49.062] 7708,ECG,2257,138,0,0,0,0,0
[12:32:49.093] 7713,ECG,2258,241,0,0,0,0,0
[12:32:49.124] 7713,ECG,2259,209,0,0,0,0,0
[12:32:49.124] 7713,ECG,2260,53,0,0,0,0,0
[12:32:49.248] 7718,ECG,2261,-159,0,0,0,0,0
[12:32:49.248] 7718,ECG,2262,-354,0,0,0,0,0
[12:32:49.279] 7718,ECG,2263,-465,0,0,0,0,0
[12:32:49.311] 7723,ECG,2264,-449,0,0,0,0,0
[12:32:49.311] 7723,ECG,2265,-312,0,0,0,0,0
[12:32:49.326] 7728,ECG,2266,-106,0,0,0,0,0
[12:32:49.465] 7728,ECG,2267,102,0,0,0,0,0
[12:32:49.465] 7728,ECG,2268,235,0,0,0,0,0
[12:32:49.480] 7733,ECG,2269,237,0,0,0,0,0
[12:32:49.480] 7733,ECG,2270,108,0,0,0,0,0
[12:32:49.512] 7738,ECG,2271,-101,0,0,0,0,0
[12:32:49.544] 7738,ECG,2272,-308,0,0,0,0,0
[12:32:49.544] 7738,ECG,2273,-440,0,0,0,0,0
[12:32:49.669] 7743,ECG,2274,-451,0,0,0,0,0
[12:32:49.669] 7743,ECG,2275,-338,0,0,0,0,0
[12:32:49.700] 7748,ECG,2276,-139,0,0,0,0,0
[12:32:49.716] 7748,ECG,2277,77,0,0,0,0,0
[12:32:49.716] 7748,ECG,2278,231,0,0,0,0,0
[12:32:49.748] 7753,ECG,2279,262,0,0,0,0,0
[12:32:49.748] 7753,ECG,2280,155,0,0,0,0,0
[12:32:49.873] 7758,ECG,2281,-44,0,0,0,0,0
[12:32:49.905] 7758,ECG,2282,-259,0,0,0,0,0
[12:32:49.905] 7758,ECG,2283,-414,0,0,0,0,0
[12:32:49.936] 7763,ECG,2284,-449,0,0,0,0,0
[12:32:49.952] 7763,ECG,2285,-358,0,0,0,0,0
[12:32:49.952] 7763,ECG,2286,-172,0,0,0,0,0
[12:32:50.092] 7768,ECG,2287,45,0,0,0,0,0
[12:32:50.092] 7768,ECG,2288,212,0,0,0,0,0
[12:32:50.107] 7773,ECG,2289,270,0,0,0,0,0
[12:32:50.138] 7773,ECG,2290,188,0,0,0,0,0
[12:32:50.138] 7773,ECG,2291,5,0,0,0,0,0
[12:32:50.169] 7778,ECG,2292,-209,0,0,0,0,0
[12:32:50.169] 7778,ECG,2293,-376,0,0,0,0,0
[12:32:50.292] 7783,ECG,2294,-438,0,0,0,0,0
[12:32:50.324] 7783,ECG,2295,-371,0,0,0,0,0
[12:32:50.324] 7783,ECG,2296,-200,0,0,0,0,0
[12:32:50.356] 7788,ECG,2297,17,0,0,0,0,0
[12:32:50.356] 7788,ECG,2298,204,0,0,0,0,0
[12:32:50.372] 7793,ECG,2299,289,0,0,0,0,0
[12:32:50.511] 7793,ECG,2300,240,0,0,0,0,0
[12:32:50.511] 7793,ECG,2301,78,0,0,0,0,0
[12:32:50.526] 7798,ECG,2302,-136,0,0,0,0,0
[12:32:50.558] 7798,ECG,2303,-322,0,0,0,0,0
[12:32:50.558] 7803,ECG,2304,-416,0,0,0,0,0
[12:32:50.589] 7803,ECG,2305,-385,0,0,0,0,0
[12:32:50.589] 7803,ECG,2306,-241,0,0,0,0,0
[12:32:50.714] 7808,ECG,2307,-34,0,0,0,0,0
[12:32:50.745] 7808,ECG,2308,163,0,0,0,0,0
[12:32:50.745] 7808,ECG,2309,277,0,0,0,0,0
[12:32:50.761] 7813,ECG,2310,260,0,0,0,0,0
[12:32:50.761] 7813,ECG,2311,122,0,0,0,0,0
[12:32:50.792] 7818,ECG,2312,-81,0,0,0,0,0
[12:32:50.933] 7818,ECG,2313,-273,0,0,0,0,0
[12:32:50.933] 7818,ECG,2314,-383,0,0,0,0,0
[12:32:50.948] 7823,ECG,2315,-374,0,0,0,0,0
[12:32:50.980] 7823,ECG,2316,-252,0,0,0,0,0
[12:32:50.980] 7828,ECG,2317,-54,0,0,0,0,0
[12:32:50.995] 7828,ECG,2318,147,0,0,0,0,0
[12:32:50.995] 7828,ECG,2319,272,0,0,0,0,0
[12:32:51.137] 7833,ECG,2320,274,0,0,0,0,0
[12:32:51.153] 7833,ECG,2321,151,0,0,0,0,0
[12:32:51.153] 7838,ECG,2322,-49,0,0,0,0,0
[12:32:51.184] 7838,ECG,2323,-251,0,0,0,0,0
[12:32:51.184] 7838,ECG,2324,-381,0,0,0,0,0
[12:32:51.215] 7843,ECG,2325,-391,0,0,0,0,0
[12:32:51.341] 7843,ECG,2326,-278,0,0,0,0,0
[12:32:51.341] 7848,ECG,2327,-88,0,0,0,0,0
[12:32:51.372] 7848,ECG,2328,116,0,0,0,0,0
[12:32:51.372] 7848,ECG,2329,262,0,0,0,0,0
[12:32:51.388] 7853,ECG,2330,285,0,0,0,0,0
[12:32:51.419] 7853,ECG,2331,174,0,0,0,0,0
[12:32:51.419] 7853,ECG,2332,-24,0,0,0,0,0
[12:32:51.559] 7858,ECG,2333,-240,0,0,0,0,0
[12:32:51.574] 7858,ECG,2334,-397,0,0,0,0,0
[12:32:51.574] 7863,ECG,2335,-438,0,0,0,0,0
[12:32:51.605] 7863,ECG,2336,-353,0,0,0,0,0
[12:32:51.605] 7863,ECG,2337,-171,0,0,0,0,0
[12:32:51.636] 7868,ECG,2338,46,0,0,0,0,0
[12:32:51.761] 7868,ECG,2339,219,0,0,0,0,0
[12:32:51.761] 7873,ECG,2340,285,0,0,0,0,0
[12:32:51.791] 7873,ECG,2341,213,0,0,0,0,0
[12:32:51.791] 7873,ECG,2342,35,0,0,0,0,0
[12:32:51.807] 7878,ECG,2343,-179,0,0,0,0,0
[12:32:51.839] 7878,ECG,2344,-354,0,0,0,0,0
[12:32:51.839] 7883,ECG,2345,-426,0,0,0,0,0
[12:32:51.964] 7883,ECG,2346,-366,0,0,0,0,0
[12:32:51.964] 7883,ECG,2347,-196,0,0,0,0,0
[12:32:51.996] 7888,ECG,2348,21,0,0,0,0,0
[12:32:52.028] 7888,ECG,2349,213,0,0,0,0,0
[12:32:52.028] 7893,ECG,2350,308,0,0,0,0,0
[12:32:52.043] 7893,ECG,2351,263,0,0,0,0,0
[12:32:52.043] 7893,ECG,2352,98,0,0,0,0,0
[12:32:52.184] 7898,ECG,2353,-122,0,0,0,0,0
[12:32:52.200] 7898,ECG,2354,-316,0,0,0,0,0
[12:32:52.200] 7898,ECG,2355,-415,0,0,0,0,0
[12:32:52.231] 7903,ECG,2356,-385,0,0,0,0,0
[12:32:52.263] 7903,ECG,2357,-236,0,0,0,0,0
[12:32:52.263] 7908,ECG,2358,-20,0,0,0,0,0
[12:32:52.387] 7908,ECG,2359,189,0,0,0,0,0
[12:32:52.387] 7908,ECG,2360,310,0,0,0,0,0
[12:32:52.418] 7913,ECG,2361,295,0,0,0,0,0
[12:32:52.434] 7913,ECG,2362,155,0,0,0,0,0
[12:32:52.434] 7918,ECG,2363,-56,0,0,0,0,0
[12:32:52.465] 7918,ECG,2364,-261,0,0,0,0,0
[12:32:52.465] 7918,ECG,2365,-381,0,0,0,0,0
[12:32:52.606] 7923,ECG,2366,-376,0,0,0,0,0
[12:32:52.622] 7923,ECG,2367,-254,0,0,0,0,0
[12:32:52.622] 7928,ECG,2368,-52,0,0,0,0,0
[12:32:52.653] 7928,ECG,2369,158,0,0,0,0,0
[12:32:52.668] 7928,ECG,2370,296,0,0,0,0,0
[12:32:52.668] 7933,ECG,2371,307,0,0,0,0,0
[12:32:52.806] 7933,ECG,2372,187,0,0,0,0,0
[12:32:52.806] 7938,ECG,2373,-15,0,0,0,0,0
[12:32:52.836] 7938,ECG,2374,-222,0,0,0,0,0
[12:32:52.851] 7938,ECG,2375,-364,0,0,0,0,0
[12:32:52.851] 7943,ECG,2376,-389,0,0,0,0,0
[12:32:52.882] 7943,ECG,2377,-287,0,0,0,0,0
[12:32:52.882] 7943,ECG,2378,-97,0,0,0,0,0
[12:32:53.024] 7948,ECG,2379,117,0,0,0,0,0
[12:32:53.040] 7948,ECG,2380,281,0,0,0,0,0
[12:32:53.040] 7953,ECG,2381,331,0,0,0,0,0
[12:32:53.071] 7953,ECG,2382,240,0,0,0,0,0
[12:32:53.071] 7953,ECG,2383,53,0,0,0,0,0
[12:32:53.087] 7958,ECG,2384,-161,0,0,0,0,0
[12:32:53.226] 7958,ECG,2385,-324,0,0,0,0,0
[12:32:53.226] 7963,ECG,2386,-380,0,0,0,0,0
[12:32:53.258] 7963,ECG,2387,-314,0,0,0,0,0
[12:32:53.273] 7963,ECG,2388,-146,0,0,0,0,0
[12:32:53.273] 7968,ECG,2389,69,0,0,0,0,0
[12:32:53.304] 7968,ECG,2390,249,0,0,0,0,0
[12:32:53.304] 7973,ECG,2391,326,0,0,0,0,0
[12:32:53.427] 7973,ECG,2392,269,0,0,0,0,0
[12:32:53.458] 7973,ECG,2393,105,0,0,0,0,0
[12:32:53.458] 7978,ECG,2394,-104,0,0,0,0,0
[12:32:53.490] 7978,ECG,2395,-277,0,0,0,0,0
[12:32:53.490] 7983,ECG,2396,-351,0,0,0,0,0
[12:32:53.505] 7983,ECG,2397,-301,0,0,0,0,0
[12:32:53.645] 7983,ECG,2398,-144,0,0,0,0,0
[12:32:53.645] 7988,ECG,2399,66,0,0,0,0,0
[12:32:53.676] 7988,ECG,2400,251,0,0,0,0,0
[12:32:53.676] 7988,ECG,2401,343,0,0,0,0,0
[12:32:53.691] 7993,ECG,2402,298,0,0,0,0,0
[12:32:53.722] 7993,ECG,2403,132,0,0,0,0,0
[12:32:53.722] 7998,ECG,2404,-86,0,0,0,0,0
[12:32:53.846] 7998,ECG,2405,-278,0,0,0,0,0
[12:32:53.878] 7998,ECG,2406,-378,0,0,0,0,0
[12:32:53.878] 8003,ECG,2407,-349,0,0,0,0,0
[12:32:53.908] 8003,ECG,2408,-203,0,0,0,0,0
[12:32:53.908] 8008,ECG,2409,6,0,0,0,0,0
[12:32:53.924] 8008,ECG,2410,208,0,0,0,0,0
[12:32:54.064] 8008,ECG,2411,329,0,0,0,0,0
[12:32:54.064] 8013,ECG,2412,314,0,0,0,0,0
[12:32:54.094] 8013,ECG,2413,171,0,0,0,0,0
[12:32:54.094] 8018,ECG,2414,-41,0,0,0,0,0
[12:32:54.110] 8018,ECG,2415,-246,0,0,0,0,0
[12:32:54.141] 8018,ECG,2416,-373,0,0,0,0,0
[12:32:54.141] 8023,ECG,2417,-377,0,0,0,0,0
[12:32:54.265] 8023,ECG,2418,-255,0,0,0,0,0
[12:32:54.265] 8028,ECG,2419,-54,0,0,0,0,0
[12:32:54.296] 8028,ECG,2420,160,0,0,0,0,0
[12:32:54.328] 8028,ECG,2421,308,0,0,0,0,0
[12:32:54.328] 8033,ECG,2422,332,0,0,0,0,0
[12:32:54.343] 8033,ECG,2423,222,0,0,0,0,0
[12:32:54.343] 8033,ECG,2424,25,0,0,0,0,0
[12:32:54.484] 8038,ECG,2425,-188,0,0,0,0,0
[12:32:54.500] 8038,ECG,2426,-336,0,0,0,0,0
[12:32:54.500] 8043,ECG,2427,-370,0,0,0,0,0
[12:32:54.531] 8043,ECG,2428,-279,0,0,0,0,0
[12:32:54.562] 8043,ECG,2429,-91,0,0,0,0,0
[12:32:54.562] 8048,ECG,2430,124,0,0,0,0,0
[12:32:54.688] 8048,ECG,2431,286,0,0,0,0,0
[12:32:54.688] 8053,ECG,2432,336,0,0,0,0,0
[12:32:54.720] 8053,ECG,2433,248,0,0,0,0,0
[12:32:54.736] 8053,ECG,2434,57,0,0,0,0,0
[12:32:54.736] 8058,ECG,2435,-162,0,0,0,0,0
[12:32:54.766] 8058,ECG,2436,-332,0,0,0,0,0
[12:32:54.766] 8063,ECG,2437,-390,0,0,0,0,0
[12:32:54.891] 8063,ECG,2438,-318,0,0,0,0,0
[12:32:54.922] 8063,ECG,2439,-144,0,0,0,0,0
[12:32:54.922] 8068,ECG,2440,73,0,0,0,0,0
[12:32:54.955] 8068,ECG,2441,255,0,0,0,0,0
[12:32:54.970] 8073,ECG,2442,327,0,0,0,0,0
[12:32:54.970] 8073,ECG,2443,262,0,0,0,0,0
[12:32:55.110] 8073,ECG,2444,88,0,0,0,0,0
[12:32:55.110] 8078,ECG,2445,-127,0,0,0,0,0
[12:32:55.125] 8078,ECG,2446,-307,0,0,0,0,0
[12:32:55.156] 8078,ECG,2447,-385,0,0,0,0,0
[12:32:55.156] 8083,ECG,2448,-334,0,0,0,0,0
[12:32:55.187] 8083,ECG,2449,-175,0,0,0,0,0
[12:32:55.187] 8088,ECG,2450,39,0,0,0,0,0
[12:32:55.312] 8088,ECG,2451,231,0,0,0,0,0
[12:32:55.342] 8088,ECG,2452,325,0,0,0,0,0
[12:32:55.342] 8093,ECG,2453,283,0,0,0,0,0
[12:32:55.374] 8093,ECG,2454,122,0,0,0,0,0
[12:32:55.374] 8098,ECG,2455,-96,0,0,0,0,0
[12:32:55.389] 8098,ECG,2456,-293,0,0,0,0,0
[12:32:55.531] 8098,ECG,2457,-401,0,0,0,0,0
[12:32:55.531] 8103,ECG,2458,-382,0,0,0,0,0
[12:32:55.546] 8103,ECG,2459,-247,0,0,0,0,0
[12:32:55.577] 8108,ECG,2460,-41,0,0,0,0,0
[12:32:55.577] 8108,ECG,2461,163,0,0,0,0,0
[12:32:55.608] 8108,ECG,2462,292,0,0,0,0,0
[12:32:55.608] 8113,ECG,2463,289,0,0,0,0,0
[12:32:55.733] 8113,ECG,2464,154,0,0,0,0,0
[12:32:55.764] 8118,ECG,2465,-52,0,0,0,0,0
[12:32:55.764] 8118,ECG,2466,-257,0,0,0,0,0
[12:32:55.780] 8118,ECG,2467,-389,0,0,0,0,0
[12:32:55.780] 8123,ECG,2468,-400,0,0,0,0,0
[12:32:55.811] 8123,ECG,2469,-289,0,0,0,0,0
[12:32:55.951] 8128,ECG,2470,-96,0,0,0,0,0
[12:32:55.951] 8128,ECG,2471,115,0,0,0,0,0
[12:32:55.967] 8128,ECG,2472,263,0,0,0,0,0
[12:32:55.967] 8133,ECG,2473,290,0,0,0,0,0
[12:32:55.998] 8133,ECG,2474,186,0,0,0,0,0
[12:32:56.029] 8133,ECG,2475,-7,0,0,0,0,0
[12:32:56.029] 8138,ECG,2476,-217,0,0,0,0,0
[12:32:56.152] 8138,ECG,2477,-362,0,0,0,0,0
[12:32:56.183] 8143,ECG,2478,-391,0,0,0,0,0
[12:32:56.183] 8143,ECG,2479,-299,0,0,0,0,0
[12:32:56.198] 8143,ECG,2480,-114,0,0,0,0,0
[12:32:56.198] 8148,ECG,2481,96,0,0,0,0,0
[12:32:56.229] 8148,ECG,2482,254,0,0,0,0,0
[12:32:56.368] 8153,ECG,2483,297,0,0,0,0,0
[12:32:56.368] 8153,ECG,2484,203,0,0,0,0,0
[12:32:56.384] 8153,ECG,2485,6,0,0,0,0,0
[12:32:56.384] 8158,ECG,2486,-215,0,0,0,0,0
[12:32:56.415] 8158,ECG,2487,-384,0,0,0,0,0
[12:32:56.446] 8163,ECG,2488,-443,0,0,0,0,0
[12:32:56.446] 8163,ECG,2489,-373,0,0,0,0,0
[12:32:56.572] 8163,ECG,2490,-199,0,0,0,0,0
[12:32:56.572] 8168,ECG,2491,16,0,0,0,0,0
[12:32:56.603] 8168,ECG,2492,198,0,0,0,0,0
[12:32:56.619] 8168,ECG,2493,274,0,0,0,0,0
[12:32:56.619] 8173,ECG,2494,214,0,0,0,0,0
[12:32:56.650] 8173,ECG,2495,42,0,0,0,0,0
[12:32:56.650] 8178,ECG,2496,-175,0,0,0,0,0
[12:32:56.775] 8178,ECG,2497,-360,0,0,0,0,0
[12:32:56.806] 8178,ECG,2498,-446,0,0,0,0,0
[12:32:56.806] 8183,ECG,2499,-404,0,0,0,0,0
[12:32:56.837] 8183,ECG,2500,-252,0,0,0,0,0
[12:32:56.852] 8188,ECG,2501,-43,0,0,0,0,0
[12:32:56.852] 8188,ECG,2502,150,0,0,0,0,0
[12:32:56.993] 8188,ECG,2503,254,0,0,0,0,0
[12:32:56.993] 8193,ECG,2504,225,0,0,0,0,0
[12:32:57.009] 8193,ECG,2505,76,0,0,0,0,0
[12:32:57.040] 8198,ECG,2506,-133,0,0,0,0,0
[12:32:57.040] 8198,ECG,2507,-326,0,0,0,0,0
[12:32:57.071] 8198,ECG,2508,-430,0,0,0,0,0
[12:32:57.071] 8203,ECG,2509,-410,0,0,0,0,0
[12:32:57.196] 8203,ECG,2510,-272,0,0,0,0,0
[12:32:57.226] 8208,ECG,2511,-63,0,0,0,0,0
[12:32:57.226] 8208,ECG,2512,141,0,0,0,0,0
[12:32:57.242] 8208,ECG,2513,266,0,0,0,0,0
[12:32:57.273] 8213,ECG,2514,259,0,0,0,0,0
[12:32:57.273] 8213,ECG,2515,121,0,0,0,0,0
[12:32:57.415] 8213,ECG,2516,-91,0,0,0,0,0
[12:32:57.415] 8218,ECG,2517,-298,0,0,0,0,0
[12:32:57.431] 8218,ECG,2518,-430,0,0,0,0,0
[12:32:57.462] 8223,ECG,2519,-440,0,0,0,0,0
[12:32:57.462] 8223,ECG,2520,-325,0,0,0,0,0
[12:32:57.478] 8223,ECG,2521,-127,0,0,0,0,0
[12:32:57.478] 8228,ECG,2522,84,0,0,0,0,0
[12:32:57.620] 8228,ECG,2523,230,0,0,0,0,0
[12:32:57.636] 8233,ECG,2524,253,0,0,0,0,0
[12:32:57.636] 8233,ECG,2525,140,0,0,0,0,0
[12:32:57.667] 8233,ECG,2526,-61,0,0,0,0,0
[12:32:57.667] 8238,ECG,2527,-275,0,0,0,0,0
[12:32:57.699] 8238,ECG,2528,-428,0,0,0,0,0
[12:32:57.823] 8243,ECG,2529,-462,0,0,0,0,0
[12:32:57.823] 8243,ECG,2530,-372,0,0,0,0,0
[12:32:57.854] 8243,ECG,2531,-188,0,0,0,0,0
[12:32:57.885] 8248,ECG,2532,27,0,0,0,0,0
[12:32:57.885] 8248,ECG,2533,196,0,0,0,0,0
[12:32:57.900] 8253,ECG,2534,251,0,0,0,0,0
[12:32:57.900] 8253,ECG,2535,170,0,0,0,0,0
[12:32:58.039] 8253,ECG,2536,-12,0,0,0,0,0
[12:32:58.054] 8258,ECG,2537,-226,0,0,0,0,0
[12:32:58.054] 8258,ECG,2538,-397,0,0,0,0,0
[12:32:58.085] 8263,ECG,2539,-461,0,0,0,0,0
[12:32:58.085] 8263,ECG,2540,-398,0,0,0,0,0
[12:32:58.116] 8263,ECG,2541,-231,0,0,0,0,0
[12:32:58.240] 8268,ECG,2542,-17,0,0,0,0,0
[12:32:58.241] 8268,ECG,2543,172,0,0,0,0,0
[12:32:58.271] 8268,ECG,2544,261,0,0,0,0,0
[12:32:58.302] 8273,ECG,2545,214,0,0,0,0,0
[12:32:58.302] 8273,ECG,2546,55,0,0,0,0,0
[12:32:58.317] 8278,ECG,2547,-155,0,0,0,0,0
[12:32:58.317] 8278,ECG,2548,-338,0,0,0,0,0
[12:32:58.455] 8278,ECG,2549,-427,0,0,0,0,0
[12:32:58.486] 8283,ECG,2550,-395,0,0,0,0,0
[12:32:58.486] 8283,ECG,2551,-255,0,0,0,0,0
[12:32:58.502] 8288,ECG,2552,-53,0,0,0,0,0
[12:32:58.502] 8288,ECG,2553,137,0,0,0,0,0
[12:32:58.533] 8288,ECG,2554,239,0,0,0,0,0
[12:32:58.658] 8293,ECG,2555,215,0,0,0,0,0
[12:32:58.658] 8293,ECG,2556,74,0,0,0,0,0
[12:32:58.688] 8298,ECG,2557,-131,0,0,0,0,0
[12:32:58.688] 8298,ECG,2558,-317,0,0,0,0,0
[12:32:58.720] 8298,ECG,2559,-417,0,0,0,0,0
[12:32:58.735] 8303,ECG,2560,-397,0,0,0,0,0
[12:32:58.735] 8303,ECG,2561,-260,0,0,0,0,0
[12:32:58.876] 8308,ECG,2562,-54,0,0,0,0,0
[12:32:58.891] 8308,ECG,2563,149,0,0,0,0,0
[12:32:58.891] 8308,ECG,2564,274,0,0,0,0,0
[12:32:58.921] 8313,ECG,2565,269,0,0,0,0,0
[12:32:58.921] 8313,ECG,2566,135,0,0,0,0,0
[12:32:58.952] 8313,ECG,2567,-73,0,0,0,0,0
[12:32:59.078] 8318,ECG,2568,-283,0,0,0,0,0
[12:32:59.078] 8318,ECG,2569,-419,0,0,0,0,0
[12:32:59.110] 8323,ECG,2570,-431,0,0,0,0,0
[12:32:59.110] 8323,ECG,2571,-319,0,0,0,0,0
[12:32:59.126] 8323,ECG,2572,-122,0,0,0,0,0
[12:32:59.157] 8328,ECG,2573,96,0,0,0,0,0
[12:32:59.157] 8328,ECG,2574,250,0,0,0,0,0
[12:32:59.296] 8333,ECG,2575,283,0,0,0,0,0
[12:32:59.296] 8333,ECG,2576,179,0,0,0,0,0
[12:32:59.312] 8333,ECG,2577,-15,0,0,0,0,0
[12:32:59.343] 8338,ECG,2578,-226,0,0,0,0,0
[12:32:59.343] 8338,ECG,2579,-378,0,0,0,0,0
[12:32:59.374] 8343,ECG,2580,-417,0,0,0,0,0
[12:32:59.500] 8343,ECG,2581,-330,0,0,0,0,0
[12:32:59.500] 8343,ECG,2582,-145,0,0,0,0,0
[12:32:59.531] 8348,ECG,2583,74,0,0,0,0,0
[12:32:59.531] 8348,ECG,2584,249,0,0,0,0,0
[12:32:59.547] 8353,ECG,2585,315,0,0,0,0,0
[12:32:59.577] 8353,ECG,2586,244,0,0,0,0,0
[12:32:59.577] 8353,ECG,2587,63,0,0,0,0,0
[12:32:59.702] 8358,ECG,2588,-148,0,0,0,0,0
[12:32:59.702] 8358,ECG,2589,-313,0,0,0,0,0
[12:32:59.734] 8358,ECG,2590,-373,0,0,0,0,0
[12:32:59.765] 8363,ECG,2591,-304,0,0,0,0,0
[12:32:59.765] 8363,ECG,2592,-130,0,0,0,0,0
[12:32:59.780] 8368,ECG,2593,87,0,0,0,0,0
[12:32:59.920] 8368,ECG,2594,272,0,0,0,0,0
[12:32:59.920] 8368,ECG,2595,358,0,0,0,0,0
[12:32:59.935] 8373,ECG,2596,302,0,0,0,0,0
[12:32:59.935] 8373,ECG,2597,131,0,0,0,0,0
[12:32:59.966] 8378,ECG,2598,-90,0,0,0,0,0
[12:32:59.997] 8378,ECG,2599,-283,0,0,0,0,0
[12:32:59.997] 8378,ECG,2600,-375,0,0,0,0,0
[12:33:00.122] 8383,ECG,2601,-334,0,0,0,0,0
[12:33:00.122] 8383,ECG,2602,-184,0,0,0,0,0
[12:33:00.153] 8388,ECG,2603,27,0,0,0,0,0
[12:33:00.185] 8388,ECG,2604,223,0,0,0,0,0
[12:33:00.185] 8388,ECG,2605,332,0,0,0,0,0
[12:33:00.200] 8393,ECG,2606,305,0,0,0,0,0
[12:33:00.200] 8393,ECG,2607,156,0,0,0,0,0
[12:33:00.340] 8398,ECG,2608,-57,0,0,0,0,0
[12:33:00.356] 8398,ECG,2609,-255,0,0,0,0,0
[12:33:00.356] 8398,ECG,2610,-370,0,0,0,0,0
[12:33:00.387] 8403,ECG,2611,-360,0,0,0,0,0
[12:33:00.418] 8403,ECG,2612,-229,0,0,0,0,0
[12:33:00.418] 8403,ECG,2613,-22,0,0,0,0,0
[12:33:00.542] 8408,ECG,2614,189,0,0,0,0,0
[12:33:00.542] 8408,ECG,2615,328,0,0,0,0,0
[12:33:00.573] 8413,ECG,2616,342,0,0,0,0,0
[12:33:00.589] 8413,ECG,2617,223,0,0,0,0,0
[12:33:00.589] 8413,ECG,2618,22,0,0,0,0,0
[12:33:00.622] 8418,ECG,2619,-186,0,0,0,0,0
[12:33:00.622] 8418,ECG,2620,-329,0,0,0,0,0
[12:33:00.746] 8423,ECG,2621,-352,0,0,0,0,0
[12:33:00.777] 8423,ECG,2622,-255,0,0,0,0,0
[12:33:00.777] 8423,ECG,2623,-68,0,0,0,0,0
[12:33:00.808] 8428,ECG,2624,145,0,0,0,0,0
[12:33:00.808] 8428,ECG,2625,303,0,0,0,0,0
[12:33:00.824] 8433,ECG,2626,344,0,0,0,0,0
[12:33:00.967] 8433,ECG,2627,249,0,0,0,0,0
[12:33:00.967] 8433,ECG,2628,57,0,0,0,0,0
[12:33:00.983] 8438,ECG,2629,-159,0,0,0,0,0
[12:33:00.983] 8438,ECG,2630,-321,0,0,0,0,0
[12:33:01.014] 8443,ECG,2631,-370,0,0,0,0,0
[12:33:01.046] 8443,ECG,2632,-297,0,0,0,0,0
[12:33:01.046] 8443,ECG,2633,-124,0,0,0,0,0
[12:33:01.170] 8448,ECG,2634,91,0,0,0,0,0
[12:33:01.202] 8448,ECG,2635,264,0,0,0,0,0
[12:33:01.202] 8448,ECG,2636,330,0,0,0,0,0
[12:33:01.217] 8453,ECG,2637,260,0,0,0,0,0
[12:33:01.217] 8453,ECG,2638,83,0,0,0,0,0
[12:33:01.248] 8458,ECG,2639,-134,0,0,0,0,0
[12:33:01.374] 8458,ECG,2640,-308,0,0,0,0,0
[12:33:01.374] 8458,ECG,2641,-377,0,0,0,0,0
[12:33:01.406] 8463,ECG,2642,-320,0,0,0,0,0
[12:33:01.406] 8463,ECG,2643,-157,0,0,0,0,0
[12:33:01.438] 8468,ECG,2644,55,0,0,0,0,0
[12:33:01.453] 8468,ECG,2645,238,0,0,0,0,0
[12:33:01.453] 8468,ECG,2646,325,0,0,0,0,0
[12:33:01.592] 8473,ECG,2647,276,0,0,0,0,0
[12:33:01.592] 8473,ECG,2648,108,0,0,0,0,0
[12:33:01.608] 8478,ECG,2649,-111,0,0,0,0,0
[12:33:01.638] 8478,ECG,2650,-302,0,0,0,0,0
[12:33:01.638] 8478,ECG,2651,-400,0,0,0,0,0
[12:33:01.669] 8483,ECG,2652,-368,0,0,0,0,0
[12:33:01.793] 8483,ECG,2653,-223,0,0,0,0,0
[12:33:01.793] 8488,ECG,2654,-14,0,0,0,0,0
[12:33:01.824] 8488,ECG,2655,187,0,0,0,0,0
[12:33:01.824] 8488,ECG,2656,304,0,0,0,0,0
[12:33:01.856] 8493,ECG,2657,286,0,0,0,0,0
[12:33:01.871] 8493,ECG,2658,145,0,0,0,0,0
[12:33:01.871] 8493,ECG,2659,-60,0,0,0,0,0
[12:33:02.010] 8498,ECG,2660,-258,0,0,0,0,0
[12:33:02.010] 8498,ECG,2661,-376,0,0,0,0,0
[12:33:02.041] 8503,ECG,2662,-368,0,0,0,0,0
[12:33:02.057] 8503,ECG,2663,-243,0,0,0,0,0
[12:33:02.057] 8503,ECG,2664,-43,0,0,0,0,0
[12:33:02.088] 8508,ECG,2665,164,0,0,0,0,0
[12:33:02.213] 8508,ECG,2666,296,0,0,0,0,0
[12:33:02.213] 8513,ECG,2667,304,0,0,0,0,0
[12:33:02.244] 8513,ECG,2668,182,0,0,0,0,0
[12:33:02.244] 8513,ECG,2669,-21,0,0,0,0,0
[12:33:02.275] 8518,ECG,2670,-230,0,0,0,0,0
[12:33:02.290] 8518,ECG,2671,-363,0,0,0,0,0
[12:33:02.290] 8523,ECG,2672,-376,0,0,0,0,0
[12:33:02.432] 8523,ECG,2673,-269,0,0,0,0,0
[12:33:02.432] 8523,ECG,2674,-74,0,0,0,0,0
[12:33:02.448] 8528,ECG,2675,139,0,0,0,0,0
[12:33:02.478] 8528,ECG,2676,294,0,0,0,0,0
[12:33:02.478] 8533,ECG,2677,326,0,0,0,0,0
[12:33:02.510] 8533,ECG,2678,221,0,0,0,0,0
[12:33:02.510] 8533,ECG,2679,20,0,0,0,0,0
[12:33:02.636] 8538,ECG,2680,-198,0,0,0,0,0
[12:33:02.668] 8538,ECG,2681,-363,0,0,0,0,0
[12:33:02.668] 8538,ECG,2682,-413,0,0,0,0,0
[12:33:02.684] 8543,ECG,2683,-331,0,0,0,0,0
[12:33:02.715] 8543,ECG,2684,-153,0,0,0,0,0
[12:33:02.715] 8548,ECG,2685,61,0,0,0,0,0
[12:33:02.840] 8548,ECG,2686,237,0,0,0,0,0
[12:33:02.840] 8548,ECG,2687,307,0,0,0,0,0
[12:33:02.871] 8553,ECG,2688,238,0,0,0,0,0
[12:33:02.902] 8553,ECG,2689,61,0,0,0,0,0
[12:33:02.902] 8558,ECG,2690,-156,0,0,0,0,0
[12:33:02.919] 8558,ECG,2691,-335,0,0,0,0,0
[12:33:02.919] 8558,ECG,2692,-412,0,0,0,0,0
[12:33:03.058] 8563,ECG,2693,-362,0,0,0,0,0
[12:33:03.074] 8563,ECG,2694,-202,0,0,0,0,0
[12:33:03.074] 8568,ECG,2695,11,0,0,0,0,0
[12:33:03.104] 8568,ECG,2696,203,0,0,0,0,0
[12:33:03.104] 8568,ECG,2697,304,0,0,0,0,0
[12:33:03.136] 8573,ECG,2698,269,0,0,0,0,0
[12:33:03.262] 8573,ECG,2699,114,0,0,0,0,0
[12:33:03.262] 8578,ECG,2700,-98,0,0,0,0,0
[12:33:03.294] 8578,ECG,2701,-291,0,0,0,0,0
[12:33:03.311] 8578,ECG,2702,-398,0,0,0,0,0
[12:33:03.311] 8583,ECG,2703,-376,0,0,0,0,0
[12:33:03.342] 8583,ECG,2704,-236,0,0,0,0,0
[12:33:03.342] 8583,ECG,2705,-27,0,0,0,0,0
[12:33:03.470] 8588,ECG,2706,178,0,0,0,0,0
[12:33:03.502] 8588,ECG,2707,303,0,0,0,0,0
[12:33:03.502] 8593,ECG,2708,296,0,0,0,0,0
[12:33:03.518] 8593,ECG,2709,164,0,0,0,0,0
[12:33:03.518] 8593,ECG,2710,-42,0,0,0,0,0
[12:33:03.550] 8598,ECG,2711,-245,0,0,0,0,0
[12:33:03.674] 8598,ECG,2712,-369,0,0,0,0,0
[12:33:03.674] 8603,ECG,2713,-369,0,0,0,0,0
[12:33:03.705] 8603,ECG,2714,-254,0,0,0,0,0
[12:33:03.737] 8603,ECG,2715,-56,0,0,0,0,0
[12:33:03.737] 8608,ECG,2716,150,0,0,0,0,0
[12:33:03.752] 8608,ECG,2717,286,0,0,0,0,0
[12:33:03.752] 8613,ECG,2718,297,0,0,0,0,0
[12:33:03.892] 8613,ECG,2719,176,0,0,0,0,0
[12:33:03.923] 8613,ECG,2720,-28,0,0,0,0,0
[12:33:03.923] 8618,ECG,2721,-237,0,0,0,0,0
[12:33:03.939] 8618,ECG,2722,-379,0,0,0,0,0
[12:33:03.939] 8623,ECG,2723,-401,0,0,0,0,0
[12:33:03.969] 8623,ECG,2724,-298,0,0,0,0,0
[12:33:04.092] 8623,ECG,2725,-109,0,0,0,0,0
[12:33:04.092] 8628,ECG,2726,103,0,0,0,0,0
[12:33:04.124] 8628,ECG,2727,265,0,0,0,0,0
[12:33:04.124] 8628,ECG,2728,309,0,0,0,0,0
[12:33:04.154] 8633,ECG,2729,212,0,0,0,0,0
[12:33:04.170] 8633,ECG,2730,20,0,0,0,0,0
[12:33:04.170] 8638,ECG,2731,-196,0,0,0,0,0
[12:33:04.310] 8638,ECG,2732,-362,0,0,0,0,0
[12:33:04.341] 8638,ECG,2733,-416,0,0,0,0,0
[12:33:04.341] 8643,ECG,2734,-344,0,0,0,0,0
[12:33:04.356] 8643,ECG,2735,-171,0,0,0,0,0
[12:33:04.356] 8648,ECG,2736,45,0,0,0,0,0
[12:33:04.387] 8648,ECG,2737,225,0,0,0,0,0
[12:33:04.513] 8648,ECG,2738,300,0,0,0,0,0
[12:33:04.513] 8653,ECG,2739,238,0,0,0,0,0
[12:33:04.544] 8653,ECG,2740,67,0,0,0,0,0
[12:33:04.544] 8658,ECG,2741,-149,0,0,0,0,0
[12:33:04.575] 8658,ECG,2742,-331,0,0,0,0,0
[12:33:04.591] 8658,ECG,2743,-411,0,0,0,0,0
[12:33:04.591] 8663,ECG,2744,-364,0,0,0,0,0
[12:33:04.731] 8663,ECG,2745,-206,0,0,0,0,0
[12:33:04.731] 8668,ECG,2746,10,0,0,0,0,0
[12:33:04.746] 8668,ECG,2747,206,0,0,0,0,0
[12:33:04.778] 8668,ECG,2748,309,0,0,0,0,0
[12:33:04.778] 8673,ECG,2749,276,0,0,0,0,0
[12:33:04.808] 8673,ECG,2750,117,0,0,0,0,0
[12:33:04.808] 8673,ECG,2751,-99,0,0,0,0,0
[12:33:04.935] 8678,ECG,2752,-296,0,0,0,0,0
[12:33:04.967] 8678,ECG,2753,-405,0,0,0,0,0
[12:33:04.967] 8683,ECG,2754,-387,0,0,0,0,0
[12:33:04.983] 8683,ECG,2755,-250,0,0,0,0,0
[12:33:05.015] 8683,ECG,2756,-43,0,0,0,0,0
[12:33:05.015] 8688,ECG,2757,160,0,0,0,0,0
[12:33:05.142] 8688,ECG,2758,284,0,0,0,0,0
[12:33:05.142] 8693,ECG,2759,279,0,0,0,0,0
[12:33:05.172] 8693,ECG,2760,143,0,0,0,0,0
[12:33:05.204] 8693,ECG,2761,-64,0,0,0,0,0
[12:33:05.204] 8698,ECG,2762,-267,0,0,0,0,0
[12:33:05.220] 8698,ECG,2763,-396,0,0,0,0,0
[12:33:05.220] 8703,ECG,2764,-405,0,0,0,0,0
[12:33:05.347] 8703,ECG,2765,-290,0,0,0,0,0
[12:33:05.378] 8703,ECG,2766,-94,0,0,0,0,0
[12:33:05.378] 8708,ECG,2767,118,0,0,0,0,0
[12:33:05.409] 8708,ECG,2768,269,0,0,0,0,0
[12:33:05.425] 8713,ECG,2769,299,0,0,0,0,0
[12:33:05.425] 8713,ECG,2770,193,0,0,0,0,0
[12:33:05.566] 8713,ECG,2771,-2,0,0,0,0,0
[12:33:05.566] 8718,ECG,2772,-215,0,0,0,0,0
[12:33:05.581] 8718,ECG,2773,-367,0,0,0,0,0
[12:33:05.612] 8718,ECG,2774,-404,0,0,0,0,0
[12:33:05.612] 8723,ECG,2775,-316,0,0,0,0,0
[12:33:05.644] 8723,ECG,2776,-130,0,0,0,0,0
[12:33:05.644] 8728,ECG,2777,88,0,0,0,0,0
[12:33:05.770] 8728,ECG,2778,255,0,0,0,0,0
[12:33:05.802] 8728,ECG,2779,311,0,0,0,0,0
[12:33:05.802] 8733,ECG,2780,226,0,0,0,0,0
[12:33:05.818] 8733,ECG,2781,36,0,0,0,0,0
[12:33:05.818] 8738,ECG,2782,-182,0,0,0,0,0
[12:33:05.850] 8738,ECG,2783,-354,0,0,0,0,0
[12:33:05.975] 8738,ECG,2784,-418,0,0,0,0,0
[12:33:05.975] 8743,ECG,2785,-348,0,0,0,0,0
[12:33:06.007] 8743,ECG,2786,-174,0,0,0,0,0
[12:33:06.038] 8748,ECG,2787,42,0,0,0,0,0
[12:33:06.038] 8748,ECG,2788,226,0,0,0,0,0
[12:33:06.055] 8748,ECG,2789,306,0,0,0,0,0
[12:33:06.055] 8753,ECG,2790,244,0,0,0,0,0
[12:33:06.197] 8753,ECG,2791,72,0,0,0,0,0
[12:33:06.212] 8758,ECG,2792,-148,0,0,0,0,0
[12:33:06.212] 8758,ECG,2793,-337,0,0,0,0,0
[12:33:06.244] 8758,ECG,2794,-426,0,0,0,0,0
[12:33:06.244] 8763,ECG,2795,-389,0,0,0,0,0
[12:33:06.275] 8763,ECG,2796,-243,0,0,0,0,0
[12:33:06.400] 8763,ECG,2797,-35,0,0,0,0,0
[12:33:06.400] 8768,ECG,2798,158,0,0,0,0,0
[12:33:06.431] 8768,ECG,2799,260,0,0,0,0,0
[12:33:06.431] 8773,ECG,2800,230,0,0,0,0,0
[12:33:06.447] 8773,ECG,2801,81,0,0,0,0,0
[12:33:06.479] 8773,ECG,2802,-130,0,0,0,0,0
[12:33:06.479] 8778,ECG,2803,-325,0,0,0,0,0
[12:33:06.603] 8778,ECG,2804,-435,0,0,0,0,0
[12:33:06.635] 8783,ECG,2805,-419,0,0,0,0,0
[12:33:06.635] 8783,ECG,2806,-287,0,0,0,0,0
[12:33:06.667] 8783,ECG,2807,-81,0,0,0,0,0
[12:33:06.667] 8788,ECG,2808,125,0,0,0,0,0
[12:33:06.681] 8788,ECG,2809,257,0,0,0,0,0
[12:33:06.822] 8793,ECG,2810,264,0,0,0,0,0
[12:33:06.822] 8793,ECG,2811,139,0,0,0,0,0
[12:33:06.837] 8793,ECG,2812,-64,0,0,0,0,0
[12:33:06.837] 8798,ECG,2813,-269,0,0,0,0,0
[12:33:06.868] 8798,ECG,2814,-404,0,0,0,0,0
[12:33:06.899] 8803,ECG,2815,-421,0,0,0,0,0
[12:33:06.899] 8803,ECG,2816,-315,0,0,0,0,0
[12:33:07.025] 8803,ECG,2817,-125,0,0,0,0,0
[12:33:07.056] 8808,ECG,2818,87,0,0,0,0,0
[12:33:07.056] 8808,ECG,2819,243,0,0,0,0,0
[12:33:07.072] 8808,ECG,2820,281,0,0,0,0,0
[12:33:07.072] 8813,ECG,2821,184,0,0,0,0,0
[12:33:07.102] 8813,ECG,2822,-3,0,0,0,0,0
[12:33:07.242] 8818,ECG,2823,-211,0,0,0,0,0
[12:33:07.242] 8818,ECG,2824,-364,0,0,0,0,0
[12:33:07.258] 8818,ECG,2825,-404,0,0,0,0,0
[12:33:07.259] 8823,ECG,2826,-322,0,0,0,0,0
[12:33:07.290] 8823,ECG,2827,-147,0,0,0,0,0
[12:33:07.322] 8828,ECG,2828,65,0,0,0,0,0
[12:33:07.322] 8828,ECG,2829,231,0,0,0,0,0
[12:33:07.446] 8828,ECG,2830,287,0,0,0,0,0
[12:33:07.446] 8833,ECG,2831,208,0,0,0,0,0
[12:33:07.478] 8833,ECG,2832,22,0,0,0,0,0
[12:33:07.493] 8838,ECG,2833,-195,0,0,0,0,0
[12:33:07.493] 8838,ECG,2834,-368,0,0,0,0,0
[12:33:07.523] 8838,ECG,2835,-435,0,0,0,0,0
[12:33:07.648] 8843,ECG,2836,-374,0,0,0,0,0
[12:33:07.648] 8843,ECG,2837,-208,0,0,0,0,0
[12:33:07.679] 8848,ECG,2838,4,0,0,0,0,0
[12:33:07.679] 8848,ECG,2839,189,0,0,0,0,0
[12:33:07.710] 8848,ECG,2840,273,0,0,0,0,0
[12:33:07.726] 8853,ECG,2841,222,0,0,0,0,0
[12:33:07.726] 8853,ECG,2842,54,0,0,0,0,0
[12:33:07.867] 8853,ECG,2843,-163,0,0,0,0,0
[12:33:07.867] 8858,ECG,2844,-351,0,0,0,0,0
[12:33:07.883] 8858,ECG,2845,-443,0,0,0,0,0
[12:33:07.913] 8863,ECG,2846,-405,0,0,0,0,0
[12:33:07.913] 8863,ECG,2847,-257,0,0,0,0,0
[12:33:07.944] 8863,ECG,2848,-47,0,0,0,0,0
[12:33:07.944] 8868,ECG,2849,155,0,0,0,0,0
[12:33:08.070] 8868,ECG,2850,272,0,0,0,0,0
[12:33:08.101] 8873,ECG,2851,254,0,0,0,0,0
[12:33:08.101] 8873,ECG,2852,114,0,0,0,0,0
[12:33:08.116] 8873,ECG,2853,-93,0,0,0,0,0
[12:33:08.116] 8878,ECG,2854,-291,0,0,0,0,0
[12:33:08.149] 8878,ECG,2855,-405,0,0,0,0,0
[12:33:08.289] 8883,ECG,2856,-398,0,0,0,0,0
[12:33:08.289] 8883,ECG,2857,-275,0,0,0,0,0
[12:33:08.305] 8883,ECG,2858,-72,0,0,0,0,0
[12:33:08.336] 8888,ECG,2859,132,0,0,0,0,0
[12:33:08.336] 8888,ECG,2860,262,0,0,0,0,0
[12:33:08.367] 8893,ECG,2861,269,0,0,0,0,0
[12:33:08.367] 8893,ECG,2862,144,0,0,0,0,0
[12:33:08.493] 8893,ECG,2863,-65,0,0,0,0,0
[12:33:08.524] 8898,ECG,2864,-275,0,0,0,0,0
[12:33:08.524] 8898,ECG,2865,-411,0,0,0,0,0
[12:33:08.540] 8898,ECG,2866,-428,0,0,0,0,0
[12:33:08.540] 8903,ECG,2867,-318,0,0,0,0,0
[12:33:08.571] 8903,ECG,2868,-122,0,0,0,0,0
[12:33:08.695] 8908,ECG,2869,93,0,0,0,0,0
[12:33:08.695] 8908,ECG,2870,254,0,0,0,0,0
[12:33:08.727] 8908,ECG,2871,292,0,0,0,0,0
[12:33:08.727] 8913,ECG,2872,189,0,0,0,0,0
[12:33:08.757] 8913,ECG,2873,-8,0,0,0,0,0
[12:33:08.773] 8918,ECG,2874,-224,0,0,0,0,0
[12:33:08.773] 8918,ECG,2875,-388,0,0,0,0,0
[12:33:08.914] 8918,ECG,2876,-434,0,0,0,0,0
[12:33:08.930] 8923,ECG,2877,-352,0,0,0,0,0
[12:33:08.930] 8923,ECG,2878,-174,0,0,0,0,0
[12:33:08.962] 8928,ECG,2879,40,0,0,0,0,0
[12:33:08.962] 8928,ECG,2880,212,0,0,0,0,0
[12:33:08.993] 8928,ECG,2881,278,0,0,0,0,0
[12:33:09.118] 8933,ECG,2882,206,0,0,0,0,0
[12:33:09.118] 8933,ECG,2883,23,0,0,0,0,0
[12:33:09.149] 8938,ECG,2884,-194,0,0,0,0,0
[12:33:09.149] 8938,ECG,2885,-371,0,0,0,0,0
[12:33:09.165] 8938,ECG,2886,-442,0,0,0,0,0
[12:33:09.196] 8943,ECG,2887,-384,0,0,0,0,0
[12:33:09.196] 8943,ECG,2888,-219,0,0,0,0,0
[12:33:09.322] 8943,ECG,2889,-1,0,0,0,0,0
[12:33:09.322] 8948,ECG,2890,192,0,0,0,0,0
[12:33:09.352] 8948,ECG,2891,291,0,0,0,0,0
[12:33:09.384] 8953,ECG,2892,249,0,0,0,0,0
[12:33:09.384] 8953,ECG,2893,84,0,0,0,0,0
[12:33:09.401] 8953,ECG,2894,-135,0,0,0,0,0
[12:33:09.540] 8958,ECG,2895,-334,0,0,0,0,0
[12:33:09.540] 8958,ECG,2896,-440,0,0,0,0,0
[12:33:09.556] 8963,ECG,2897,-414,0,0,0,0,0
[12:33:09.556] 8963,ECG,2898,-272,0,0,0,0,0
[12:33:09.586] 8963,ECG,2899,-57,0,0,0,0,0
[12:33:09.617] 8968,ECG,2900,155,0,0,0,0,0
[12:33:09.617] 8968,ECG,2901,286,0,0,0,0,0
[12:33:09.742] 8973,ECG,2902,282,0,0,0,0,0
[12:33:09.742] 8973,ECG,2903,150,0,0,0,0,0
[12:33:09.773] 8973,ECG,2904,-55,0,0,0,0,0
[12:33:09.805] 8978,ECG,2905,-257,0,0,0,0,0
[12:33:09.805] 8978,ECG,2906,-380,0,0,0,0,0
[12:33:09.821] 8983,ECG,2907,-383,0,0,0,0,0
[12:33:09.961] 8983,ECG,2908,-268,0,0,0,0,0
[12:33:09.961] 8983,ECG,2909,-74,0,0,0,0,0
[12:33:09.976] 8988,ECG,2910,128,0,0,0,0,0
[12:33:09.976] 8988,ECG,2911,261,0,0,0,0,0
[12:33:10.007] 8988,ECG,2912,275,0,0,0,0,0
[12:33:10.038] 8993,ECG,2913,157,0,0,0,0,0
[12:33:10.038] 8993,ECG,2914,-45,0,0,0,0,0
[12:33:10.163] 8998,ECG,2915,-253,0,0,0,0,0
[12:33:10.163] 8998,ECG,2916,-396,0,0,0,0,0
[12:33:10.195] 8998,ECG,2917,-420,0,0,0,0,0
[12:33:10.211] 9003,ECG,2918,-320,0,0,0,0,0
[12:33:10.211] 9003,ECG,2919,-130,0,0,0,0,0
[12:33:10.242] 9008,ECG,2920,87,0,0,0,0,0
[12:33:10.242] 9008,ECG,2921,251,0,0,0,0,0
[12:33:10.366] 9008,ECG,2922,302,0,0,0,0,0
[12:33:10.397] 9013,ECG,2923,214,0,0,0,0,0
[12:33:10.397] 9013,ECG,2924,28,0,0,0,0,0
[12:33:10.428] 9018,ECG,2925,-186,0,0,0,0,0
[12:33:10.443] 9018,ECG,2926,-352,0,0,0,0,0
[12:33:10.443] 9018,ECG,2927,-411,0,0,0,0,0
[12:33:10.585] 9023,ECG,2928,-343,0,0,0,0,0
[12:33:10.585] 9023,ECG,2929,-173,0,0,0,0,0
[12:33:10.600] 9028,ECG,2930,38,0,0,0,0,0
[12:33:10.631] 9028,ECG,2931,214,0,0,0,0,0
[12:33:10.631] 9028,ECG,2932,285,0,0,0,0,0
[12:33:10.662] 9033,ECG,2933,220,0,0,0,0,0
[12:33:10.662] 9033,ECG,2934,50,0,0,0,0,0
[12:33:10.788] 9033,ECG,2935,-161,0,0,0,0,0
[12:33:10.820] 9038,ECG,2936,-338,0,0,0,0,0
[12:33:10.820] 9038,ECG,2937,-413,0,0,0,0,0
[12:33:10.836] 9043,ECG,2938,-362,0,0,0,0,0
[12:33:10.836] 9043,ECG,2939,-207,0,0,0,0,0
[12:33:10.868] 9043,ECG,2940,3,0,0,0,0,0
[12:33:10.993] 9048,ECG,2941,188,0,0,0,0,0
[12:33:10.993] 9048,ECG,2942,278,0,0,0,0,0
[12:33:11.025] 9053,ECG,2943,238,0,0,0,0,0
[12:33:11.025] 9053,ECG,2944,78,0,0,0,0,0
[12:33:11.057] 9053,ECG,2945,-135,0,0,0,0,0
[12:33:11.073] 9058,ECG,2946,-324,0,0,0,0,0
[12:33:11.073] 9058,ECG,2947,-425,0,0,0,0,0
[12:33:11.214] 9063,ECG,2948,-399,0,0,0,0,0
[12:33:11.229] 9063,ECG,2949,-256,0,0,0,0,0
[12:33:11.229] 9063,ECG,2950,-48,0,0,0,0,0
[12:33:11.261] 9068,ECG,2951,154,0,0,0,0,0
[12:33:11.261] 9068,ECG,2952,275,0,0,0,0,0
[12:33:11.292] 9073,ECG,2953,266,0,0,0,0,0
[12:33:11.418] 9073,ECG,2954,129,0,0,0,0,0
[12:33:11.418] 9073,ECG,2955,-80,0,0,0,0,0
[12:33:11.449] 9078,ECG,2956,-284,0,0,0,0,0
[12:33:11.449] 9078,ECG,2957,-410,0,0,0,0,0
[12:33:11.465] 9078,ECG,2958,-415,0,0,0,0,0
[12:33:11.496] 9083,ECG,2959,-302,0,0,0,0,0
[12:33:11.496] 9083,ECG,2960,-109,0,0,0,0,0
[12:33:11.620] 9088,ECG,2961,94,0,0,0,0,0
[12:33:11.651] 9088,ECG,2962,232,0,0,0,0,0
[12:33:11.651] 9088,ECG,2963,245,0,0,0,0,0
[12:33:11.682] 9093,ECG,2964,126,0,0,0,0,0
[12:33:11.682] 9093,ECG,2965,-78,0,0,0,0,0
[12:33:11.698] 9098,ECG,2966,-290,0,0,0,0,0
[12:33:11.838] 9098,ECG,2967,-438,0,0,0,0,0
[12:33:11.838] 9098,ECG,2968,-471,0,0,0,0,0
[12:33:11.870] 9103,ECG,2969,-379,0,0,0,0,0
[12:33:11.870] 9103,ECG,2970,-191,0,0,0,0,0
[12:33:11.885] 9108,ECG,2971,25,0,0,0,0,0
[12:33:11.916] 9108,ECG,2972,193,0,0,0,0,0
[12:33:11.916] 9108,ECG,2973,250,0,0,0,0,0
[12:33:12.039] 9113,ECG,2974,168,0,0,0,0,0
[12:33:12.039] 9113,ECG,2975,-16,0,0,0,0,0
[12:33:12.071] 9118,ECG,2976,-230,0,0,0,0,0
[12:33:12.103] 9118,ECG,2977,-399,0,0,0,0,0
[12:33:12.103] 9118,ECG,2978,-462,0,0,0,0,0
[12:33:12.118] 9123,ECG,2979,-398,0,0,0,0,0
[12:33:12.260] 9123,ECG,2980,-230,0,0,0,0,0
[12:33:12.260] 9123,ECG,2981,-15,0,0,0,0,0
[12:33:12.276] 9128,ECG,2982,171,0,0,0,0,0
[12:33:12.276] 9128,ECG,2983,255,0,0,0,0,0
[12:33:12.308] 9133,ECG,2984,200,0,0,0,0,0
[12:33:12.339] 9133,ECG,2985,30,0,0,0,0,0
[12:33:12.339] 9133,ECG,2986,-189,0,0,0,0,0
[12:33:12.465] 9138,ECG,2987,-377,0,0,0,0,0
[12:33:12.465] 9138,ECG,2988,-465,0,0,0,0,0
[12:33:12.496] 9143,ECG,2989,-428,0,0,0,0,0
[12:33:12.511] 9143,ECG,2990,-279,0,0,0,0,0
[12:33:12.511] 9143,ECG,2991,-67,0,0,0,0,0
[12:33:12.542] 9148,ECG,2992,131,0,0,0,0,0
[12:33:12.681] 9148,ECG,2993,237,0,0,0,0,0
[12:33:12.681] 9153,ECG,2994,209,0,0,0,0,0
[12:33:12.697] 9153,ECG,2995,57,0,0,0,0,0
[12:33:12.697] 9153,ECG,2996,-156,0,0,0,0,0
[12:33:12.728] 9158,ECG,2997,-352,0,0,0,0,0
[12:33:12.743] 9158,ECG,2998,-462,0,0,0,0,0
[12:33:12.743] 9163,ECG,2999,-446,0,0,0,0,0
[12:33:12.883] 9163,ECG,3000,-311,0,0,0,0,0
[12:33:12.883] 9163,ECG,3001,-102,0,0,0,0,0
[12:33:12.915] 9168,ECG,3002,105,0,0,0,0,0
[12:33:12.931] 9168,ECG,3003,234,0,0,0,0,0
[12:33:12.931] 9168,ECG,3004,234,0,0,0,0,0
[12:33:12.961] 9173,ECG,3005,102,0,0,0,0,0
[12:33:12.961] 9173,ECG,3006,-105,0,0,0,0,0
[12:33:13.086] 9178,ECG,3007,-314,0,0,0,0,0
[12:33:13.117] 9178,ECG,3008,-451,0,0,0,0,0
[12:33:13.117] 9178,ECG,3009,-464,0,0,0,0,0
[12:33:13.148] 9183,ECG,3010,-355,0,0,0,0,0
[12:33:13.164] 9183,ECG,3011,-163,0,0,0,0,0
[12:33:13.164] 9188,ECG,3012,48,0,0,0,0,0
[12:33:13.303] 9188,ECG,3013,201,0,0,0,0,0
[12:33:13.303] 9188,ECG,3014,232,0,0,0,0,0
[12:33:13.319] 9193,ECG,3015,129,0,0,0,0,0
[12:33:13.349] 9193,ECG,3016,-64,0,0,0,0,0
[12:33:13.349] 9198,ECG,3017,-275,0,0,0,0,0
[12:33:13.380] 9198,ECG,3018,-425,0,0,0,0,0
[12:33:13.380] 9198,ECG,3019,-459,0,0,0,0,0
[12:33:13.505] 9203,ECG,3020,-369,0,0,0,0,0
[12:33:13.536] 9203,ECG,3021,-180,0,0,0,0,0
[12:33:13.536] 9208,ECG,3022,39,0,0,0,0,0
[12:33:13.567] 9208,ECG,3023,211,0,0,0,0,0
[12:33:13.583] 9208,ECG,3024,273,0,0,0,0,0
[12:33:13.583] 9213,ECG,3025,194,0,0,0,0,0
[12:33:13.722] 9213,ECG,3026,5,0,0,0,0,0
[12:33:13.722] 9213,ECG,3027,-214,0,0,0,0,0
[12:33:13.737] 9218,ECG,3028,-386,0,0,0,0,0
[12:33:13.768] 9218,ECG,3029,-451,0,0,0,0,0
[12:33:13.768] 9223,ECG,3030,-384,0,0,0,0,0
[12:33:13.799] 9223,ECG,3031,-213,0,0,0,0,0
[12:33:13.799] 9223,ECG,3032,6,0,0,0,0,0
[12:33:13.924] 9228,ECG,3033,193,0,0,0,0,0
[12:33:13.955] 9228,ECG,3034,274,0,0,0,0,0
[12:33:13.955] 9233,ECG,3035,218,0,0,0,0,0
[12:33:13.986] 9233,ECG,3036,47,0,0,0,0,0
[12:33:13.986] 9233,ECG,3037,-174,0,0,0,0,0
[12:33:14.001] 9238,ECG,3038,-365,0,0,0,0,0
[12:33:14.140] 9238,ECG,3039,-455,0,0,0,0,0
[12:33:14.140] 9243,ECG,3040,-416,0,0,0,0,0
[12:33:14.156] 9243,ECG,3041,-267,0,0,0,0,0
[12:33:14.187] 9243,ECG,3042,-58,0,0,0,0,0
[12:33:14.187] 9248,ECG,3043,140,0,0,0,0,0
[12:33:14.218] 9248,ECG,3044,253,0,0,0,0,0
[12:33:14.218] 9253,ECG,3045,231,0,0,0,0,0
[12:33:14.340] 9253,ECG,3046,83,0,0,0,0,0
[12:33:14.371] 9253,ECG,3047,-129,0,0,0,0,0
[12:33:14.371] 9258,ECG,3048,-328,0,0,0,0,0
[12:33:14.402] 9258,ECG,3049,-443,0,0,0,0,0
[12:33:14.402] 9258,ECG,3050,-433,0,0,0,0,0
[12:33:14.418] 9263,ECG,3051,-305,0,0,0,0,0
[12:33:14.556] 9263,ECG,3052,-99,0,0,0,0,0
[12:33:14.556] 9268,ECG,3053,110,0,0,0,0,0
[12:33:14.588] 9268,ECG,3054,248,0,0,0,0,0
[12:33:14.588] 9268,ECG,3055,261,0,0,0,0,0
[12:33:14.604] 9273,ECG,3056,138,0,0,0,0,0
[12:33:14.635] 9273,ECG,3057,-66,0,0,0,0,0
[12:33:14.635] 9278,ECG,3058,-276,0,0,0,0,0
[12:33:14.760] 9278,ECG,3059,-418,0,0,0,0,0
[12:33:14.792] 9278,ECG,3060,-438,0,0,0,0,0
[12:33:14.792] 9283,ECG,3061,-336,0,0,0,0,0
[12:33:14.808] 9283,ECG,3062,-148,0,0,0,0,0
[12:33:14.808] 9288,ECG,3063,61,0,0,0,0,0
[12:33:14.839] 9288,ECG,3064,213,0,0,0,0,0
[12:33:14.980] 9288,ECG,3065,244,0,0,0,0,0
[12:33:14.980] 9293,ECG,3066,141,0,0,0,0,0
[12:33:14.995] 9293,ECG,3067,-54,0,0,0,0,0
[12:33:14.995] 9298,ECG,3068,-270,0,0,0,0,0
[12:33:15.027] 9298,ECG,3069,-430,0,0,0,0,0
[12:33:15.057] 9298,ECG,3070,-474,0,0,0,0,0
[12:33:15.057] 9303,ECG,3071,-392,0,0,0,0,0
[12:33:15.182] 9304,ECG,3072,-211,0,0,0,0,0
[12:33:15.182] 9304,ECG,3073,3,0,0,0,0,0
[12:33:15.214] 9309,ECG,3074,174,0,0,0,0,0
[12:33:15.229] 9309,ECG,3075,239,0,0,0,0,0
[12:33:15.229] 9309,ECG,3076,165,0,0,0,0,0
[12:33:15.260] 9314,ECG,3077,-15,0,0,0,0,0
[12:33:15.386] 9314,ECG,3078,-228,0,0,0,0,0
[12:33:15.386] 9319,ECG,3079,-399,0,0,0,0,0
[12:33:15.417] 9319,ECG,3080,-466,0,0,0,0,0
[12:33:15.417] 9319,ECG,3081,-406,0,0,0,0,0
[12:33:15.449] 9324,ECG,3082,-240,0,0,0,0,0
[12:33:15.464] 9324,ECG,3083,-25,0,0,0,0,0
[12:33:15.464] 9329,ECG,3084,164,0,0,0,0,0
[12:33:15.605] 9329,ECG,3085,252,0,0,0,0,0
[12:33:15.605] 9329,ECG,3086,205,0,0,0,0,0
[12:33:15.620] 9334,ECG,3087,43,0,0,0,0,0
[12:33:15.652] 9334,ECG,3088,-168,0,0,0,0,0
[12:33:15.652] 9339,ECG,3089,-352,0,0,0,0,0
[12:33:15.683] 9339,ECG,3090,-442,0,0,0,0,0
[12:33:15.807] 9339,ECG,3091,-403,0,0,0,0,0
[12:33:15.807] 9344,ECG,3092,-252,0,0,0,0,0
[12:33:15.838] 9344,ECG,3093,-42,0,0,0,0,0
[12:33:15.838] 9344,ECG,3094,155,0,0,0,0,0
[12:33:15.870] 9349,ECG,3095,266,0,0,0,0,0
[12:33:15.885] 9349,ECG,3096,242,0,0,0,0,0
[12:33:15.885] 9354,ECG,3097,93,0,0,0,0,0
[12:33:16.024] 9354,ECG,3098,-122,0,0,0,0,0
[12:33:16.024] 9354,ECG,3099,-322,0,0,0,0,0
[12:33:16.040] 9359,ECG,3100,-439,0,0,0,0,0
[12:33:16.071] 9359,ECG,3101,-431,0,0,0,0,0
[12:33:16.071] 9364,ECG,3102,-305,0,0,0,0,0
[12:33:16.103] 9364,ECG,3103,-103,0,0,0,0,0
[12:33:16.103] 9364,ECG,3104,102,0,0,0,0,0
[12:33:16.226] 9369,ECG,3105,235,0,0,0,0,0
[12:33:16.257] 9369,ECG,3106,241,0,0,0,0,0
[12:33:16.257] 9374,ECG,3107,116,0,0,0,0,0
[12:33:16.273] 9374,ECG,3108,-88,0,0,0,0,0
[12:33:16.305] 9374,ECG,3109,-296,0,0,0,0,0
[12:33:16.305] 9379,ECG,3110,-435,0,0,0,0,0
[12:33:16.434] 9379,ECG,3111,-454,0,0,0,0,0
[12:33:16.434] 9384,ECG,3112,-350,0,0,0,0,0
[12:33:16.466] 9384,ECG,3113,-157,0,0,0,0,0
[12:33:16.496] 9384,ECG,3114,60,0,0,0,0,0
[12:33:16.496] 9389,ECG,3115,221,0,0,0,0,0
[12:33:16.511] 9389,ECG,3116,265,0,0,0,0,0
[12:33:16.511] 9394,ECG,3117,171,0,0,0,0,0
[12:33:16.653] 9394,ECG,3118,-21,0,0,0,0,0
[12:33:16.668] 9394,ECG,3119,-234,0,0,0,0,0
[12:33:16.668] 9399,ECG,3120,-396,0,0,0,0,0
[12:33:16.700] 9399,ECG,3121,-445,0,0,0,0,0
[12:33:16.730] 9399,ECG,3122,-365,0,0,0,0,0
[12:33:16.730] 9404,ECG,3123,-189,0,0,0,0,0
[12:33:16.856] 9404,ECG,3124,29,0,0,0,0,0
[12:33:16.856] 9409,ECG,3125,210,0,0,0,0,0
[12:33:16.887] 9409,ECG,3126,279,0,0,0,0,0
[12:33:16.903] 9409,ECG,3127,210,0,0,0,0,0
[12:33:16.903] 9414,ECG,3128,32,0,0,0,0,0
[12:33:16.935] 9414,ECG,3129,-188,0,0,0,0,0
[12:33:16.935] 9419,ECG,3130,-368,0,0,0,0,0
[12:33:17.061] 9419,ECG,3131,-442,0,0,0,0,0
[12:33:17.093] 9419,ECG,3132,-389,0,0,0,0,0
[12:33:17.093] 9424,ECG,3133,-226,0,0,0,0,0
[12:33:17.109] 9424,ECG,3134,-9,0,0,0,0,0
[12:33:17.109] 9429,ECG,3135,180,0,0,0,0,0
[12:33:17.141] 9429,ECG,3136,275,0,0,0,0,0
[12:33:17.281] 9429,ECG,3137,236,0,0,0,0,0
[12:33:17.281] 9434,ECG,3138,73,0,0,0,0,0
[12:33:17.296] 9434,ECG,3139,-142,0,0,0,0,0
[12:33:17.296] 9434,ECG,3140,-332,0,0,0,0,0
[12:33:17.329] 9439,ECG,3141,-432,0,0,0,0,0
[12:33:17.344] 9439,ECG,3142,-406,0,0,0,0,0
[12:33:17.344] 9444,ECG,3143,-263,0,0,0,0,0
[12:33:17.485] 9444,ECG,3144,-54,0,0,0,0,0
[12:33:17.501] 9444,ECG,3145,147,0,0,0,0,0
[12:33:17.501] 9449,ECG,3146,266,0,0,0,0,0
[12:33:17.532] 9449,ECG,3147,253,0,0,0,0,0
[12:33:17.532] 9454,ECG,3148,114,0,0,0,0,0
[12:33:17.563] 9454,ECG,3149,-96,0,0,0,0,0
[12:33:17.689] 9454,ECG,3150,-301,0,0,0,0,0
[12:33:17.689] 9459,ECG,3151,-427,0,0,0,0,0
[12:33:17.720] 9459,ECG,3152,-431,0,0,0,0,0
[12:33:17.720] 9464,ECG,3153,-314,0,0,0,0,0
[12:33:17.736] 9464,ECG,3154,-116,0,0,0,0,0
[12:33:17.767] 9464,ECG,3155,93,0,0,0,0,0
[12:33:17.767] 9469,ECG,3156,236,0,0,0,0,0
[12:33:17.907] 9469,ECG,3157,258,0,0,0,0,0
[12:33:17.923] 9474,ECG,3158,148,0,0,0,0,0
[12:33:17.923] 9474,ECG,3159,-50,0,0,0,0,0
[12:33:17.953] 9474,ECG,3160,-258,0,0,0,0,0
[12:33:17.953] 9479,ECG,3161,-402,0,0,0,0,0
[12:33:17.983] 9479,ECG,3162,-432,0,0,0,0,0
[12:33:18.108] 9484,ECG,3163,-338,0,0,0,0,0
[12:33:18.108] 9484,ECG,3164,-154,0,0,0,0,0
[12:33:18.139] 9484,ECG,3165,58,0,0,0,0,0
[12:33:18.139] 9489,ECG,3166,220,0,0,0,0,0
[12:33:18.170] 9489,ECG,3167,268,0,0,0,0,0
[12:33:18.186] 9489,ECG,3168,180,0,0,0,0,0
[12:33:18.186] 9494,ECG,3169,-5,0,0,0,0,0
[12:33:18.327] 9494,ECG,3170,-215,0,0,0,0,0
[12:33:18.327] 9499,ECG,3171,-377,0,0,0,0,0
[12:33:18.343] 9499,ECG,3172,-429,0,0,0,0,0
[12:33:18.374] 9499,ECG,3173,-353,0,0,0,0,0
[12:33:18.374] 9504,ECG,3174,-182,0,0,0,0,0
[12:33:18.390] 9504,ECG,3175,29,0,0,0,0,0
[12:33:18.530] 9509,ECG,3176,204,0,0,0,0,0
[12:33:18.530] 9509,ECG,3177,270,0,0,0,0,0
[12:33:18.561] 9509,ECG,3178,199,0,0,0,0,0
[12:33:18.561] 9514,ECG,3179,22,0,0,0,0,0
[12:33:18.576] 9514,ECG,3180,-196,0,0,0,0,0
[12:33:18.608] 9519,ECG,3181,-377,0,0,0,0,0
[12:33:18.608] 9519,ECG,3182,-453,0,0,0,0,0
[12:33:18.732] 9519,ECG,3183,-400,0,0,0,0,0
[12:33:18.732] 9524,ECG,3184,-241,0,0,0,0,0
[12:33:18.764] 9524,ECG,3185,-27,0,0,0,0,0
[12:33:18.794] 9529,ECG,3186,163,0,0,0,0,0
[12:33:18.794] 9529,ECG,3187,258,0,0,0,0,0
[12:33:18.810] 9529,ECG,3188,219,0,0,0,0,0
[12:33:18.810] 9534,ECG,3189,54,0,0,0,0,0
[12:33:18.950] 9534,ECG,3190,-164,0,0,0,0,0
[12:33:18.966] 9534,ECG,3191,-357,0,0,0,0,0
[12:33:18.966] 9539,ECG,3192,-458,0,0,0,0,0
[12:33:18.996] 9539,ECG,3193,-429,0,0,0,0,0
[12:33:19.028] 9544,ECG,3194,-281,0,0,0,0,0
[12:33:19.028] 9544,ECG,3195,-64,0,0,0,0,0
[12:33:19.153] 9544,ECG,3196,148,0,0,0,0,0
[12:33:19.153] 9549,ECG,3197,276,0,0,0,0,0
[12:33:19.184] 9549,ECG,3198,272,0,0,0,0,0
[12:33:19.215] 9554,ECG,3199,137,0,0,0,0,0
[12:33:19.215] 9554,ECG,3200,-70,0,0,0,0,0
[12:33:19.230] 9554,ECG,3201,-272,0,0,0,0,0
[12:33:19.230] 9559,ECG,3202,-392,0,0,0,0,0
[12:33:19.370] 9559,ECG,3203,-384,0,0,0,0,0
[12:33:19.386] 9564,ECG,3204,-260,0,0,0,0,0
[12:33:19.386] 9564,ECG,3205,-54,0,0,0,0,0
[12:33:19.417] 9564,ECG,3206,165,0,0,0,0,0
[12:33:19.449] 9569,ECG,3207,312,0,0,0,0,0
[12:33:19.449] 9569,ECG,3208,333,0,0,0,0,0
[12:33:19.573] 9574,ECG,3209,219,0,0,0,0,0
[12:33:19.573] 9574,ECG,3210,15,0,0,0,0,0
[12:33:19.605] 9574,ECG,3211,-196,0,0,0,0,0
[12:33:19.621] 9579,ECG,3212,-343,0,0,0,0,0
[12:33:19.621] 9579,ECG,3213,-372,0,0,0,0,0
[12:33:19.652] 9579,ECG,3214,-274,0,0,0,0,0
[12:33:19.652] 9584,ECG,3215,-84,0,0,0,0,0
[12:33:19.776] 9584,ECG,3216,129,0,0,0,0,0
[12:33:19.808] 9589,ECG,3217,290,0,0,0,0,0
[12:33:19.808] 9589,ECG,3218,337,0,0,0,0,0
[12:33:19.840] 9589,ECG,3219,247,0,0,0,0,0
[12:33:19.840] 9594,ECG,3220,58,0,0,0,0,0
[12:33:19.856] 9594,ECG,3221,-153,0,0,0,0,0
[12:33:19.996] 9599,ECG,3222,-312,0,0,0,0,0
[12:33:19.996] 9599,ECG,3223,-362,0,0,0,0,0
[12:33:20.011] 9599,ECG,3224,-288,0,0,0,0,0
[12:33:20.043] 9604,ECG,3225,-115,0,0,0,0,0
[12:33:20.043] 9604,ECG,3226,96,0,0,0,0,0
[12:33:20.074] 9609,ECG,3227,272,0,0,0,0,0
[12:33:20.074] 9609,ECG,3228,344,0,0,0,0,0
[12:33:20.200] 9609,ECG,3229,276,0,0,0,0,0
[12:33:20.232] 9614,ECG,3230,98,0,0,0,0,0
[12:33:20.232] 9614,ECG,3231,-120,0,0,0,0,0
[12:33:20.247] 9619,ECG,3232,-303,0,0,0,0,0
[12:33:20.247] 9619,ECG,3233,-385,0,0,0,0,0
[12:33:20.278] 9619,ECG,3234,-339,0,0,0,0,0
[12:33:20.417] 9624,ECG,3235,-187,0,0,0,0,0
[12:33:20.417] 9624,ECG,3236,27,0,0,0,0,0
[12:33:20.433] 9624,ECG,3237,226,0,0,0,0,0
[12:33:20.433] 9629,ECG,3238,332,0,0,0,0,0
[12:33:20.464] 9629,ECG,3239,307,0,0,0,0,0
[12:33:20.495] 9634,ECG,3240,159,0,0,0,0,0
[12:33:20.495] 9634,ECG,3241,-51,0,0,0,0,0
[12:33:20.621] 9634,ECG,3242,-243,0,0,0,0,0
[12:33:20.621] 9639,ECG,3243,-348,0,0,0,0,0
[12:33:20.653] 9639,ECG,3244,-330,0,0,0,0,0
[12:33:20.668] 9644,ECG,3245,-196,0,0,0,0,0
[12:33:20.668] 9644,ECG,3246,7,0,0,0,0,0
[12:33:20.700] 9644,ECG,3247,207,0,0,0,0,0
[12:33:20.824] 9649,ECG,3248,332,0,0,0,0,0
[12:33:20.824] 9649,ECG,3249,329,0,0,0,0,0
[12:33:20.856] 9654,ECG,3250,197,0,0,0,0,0
[12:33:20.856] 9654,ECG,3251,-6,0,0,0,0,0
[12:33:20.887] 9654,ECG,3252,-206,0,0,0,0,0
[12:33:20.902] 9659,ECG,3253,-332,0,0,0,0,0
[12:33:20.902] 9659,ECG,3254,-334,0,0,0,0,0
[12:33:21.042] 9664,ECG,3255,-218,0,0,0,0,0
[12:33:21.042] 9664,ECG,3256,-23,0,0,0,0,0
[12:33:21.058] 9664,ECG,3257,186,0,0,0,0,0
[12:33:21.089] 9669,ECG,3258,330,0,0,0,0,0
[12:33:21.089] 9669,ECG,3259,347,0,0,0,0,0
[12:33:21.120] 9669,ECG,3260,231,0,0,0,0,0
[12:33:21.120] 9674,ECG,3261,31,0,0,0,0,0
[12:33:21.246] 9674,ECG,3262,-182,0,0,0,0,0
[12:33:21.277] 9679,ECG,3263,-331,0,0,0,0,0
[12:33:21.277] 9679,ECG,3264,-359,0,0,0,0,0
[12:33:21.292] 9679,ECG,3265,-260,0,0,0,0,0
[12:33:21.323] 9684,ECG,3266,-70,0,0,0,0,0
[12:33:21.323] 9684,ECG,3267,148,0,0,0,0,0
[12:33:21.463] 9689,ECG,3268,315,0,0,0,0,0
[12:33:21.463] 9689,ECG,3269,364,0,0,0,0,0
[12:33:21.479] 9689,ECG,3270,271,0,0,0,0,0
[12:33:21.510] 9694,ECG,3271,77,0,0,0,0,0
[12:33:21.510] 9694,ECG,3272,-146,0,0,0,0,0
[12:33:21.541] 9699,ECG,3273,-320,0,0,0,0,0
[12:33:21.541] 9699,ECG,3274,-381,0,0,0,0,0
[12:33:21.669] 9699,ECG,3275,-312,0,0,0,0,0
[12:33:21.685] 9704,ECG,3276,-139,0,0,0,0,0
[12:33:21.685] 9704,ECG,3277,79,0,0,0,0,0
[12:33:21.716] 9709,ECG,3278,264,0,0,0,0,0
[12:33:21.716] 9709,ECG,3279,344,0,0,0,0,0
[12:33:21.747] 9709,ECG,3280,286,0,0,0,0,0
[12:33:21.873] 9714,ECG,3281,113,0,0,0,0,0
[12:33:21.873] 9714,ECG,3282,-105,0,0,0,0,0
[12:33:21.905] 9714,ECG,3283,-286,0,0,0,0,0
[12:33:21.921] 9719,ECG,3284,-369,0,0,0,0,0
[12:33:21.921] 9719,ECG,3285,-322,0,0,0,0,0
[12:33:21.952] 9724,ECG,3286,-161,0,0,0,0,0
[12:33:21.952] 9724,ECG,3287,60,0,0,0,0,0
[12:33:22.078] 9724,ECG,3288,262,0,0,0,0,0
[12:33:22.108] 9729,ECG,3289,368,0,0,0,0,0
[12:33:22.108] 9729,ECG,3290,335,0,0,0,0,0
[12:33:22.140] 9734,ECG,3291,176,0,0,0,0,0
[12:33:22.140] 9734,ECG,3292,-46,0,0,0,0,0
[12:33:22.156] 9734,ECG,3293,-248,0,0,0,0,0
[12:33:22.298] 9739,ECG,3294,-361,0,0,0,0,0
[12:33:22.298] 9739,ECG,3295,-344,0,0,0,0,0
[12:33:22.313] 9744,ECG,3296,-208,0,0,0,0,0
[12:33:22.313] 9744,ECG,3297,0,0,0,0,0,0
[12:33:22.344] 9744,ECG,3298,207,0,0,0,0,0
[12:33:22.375] 9749,ECG,3299,335,0,0,0,0,0
[12:33:22.375] 9749,ECG,3300,330,0,0,0,0,0
[12:33:22.502] 9754,ECG,3301,193,0,0,0,0,0
[12:33:22.502] 9754,ECG,3302,-20,0,0,0,0,0
[12:33:22.533] 9754,ECG,3303,-229,0,0,0,0,0
[12:33:22.549] 9759,ECG,3304,-363,0,0,0,0,0
[12:33:22.549] 9759,ECG,3305,-370,0,0,0,0,0
[12:33:22.579] 9759,ECG,3306,-256,0,0,0,0,0
[12:33:22.707] 9764,ECG,3307,-56,0,0,0,0,0
[12:33:22.707] 9764,ECG,3308,163,0,0,0,0,0
[12:33:22.739] 9769,ECG,3309,318,0,0,0,0,0
[12:33:22.739] 9769,ECG,3310,350,0,0,0,0,0
[12:33:22.770] 9769,ECG,3311,249,0,0,0,0,0
[12:33:22.786] 9774,ECG,3312,54,0,0,0,0,0
[12:33:22.786] 9774,ECG,3313,-157,0,0,0,0,0
[12:33:22.926] 9779,ECG,3314,-311,0,0,0,0,0
[12:33:22.926] 9779,ECG,3315,-354,0,0,0,0,0
[12:33:22.942] 9779,ECG,3316,-271,0,0,0,0,0
[12:33:22.973] 9784,ECG,3317,-92,0,0,0,0,0
[12:33:22.973] 9784,ECG,3318,120,0,0,0,0,0
[12:33:23.003] 9789,ECG,3319,287,0,0,0,0,0
[12:33:23.003] 9789,ECG,3320,349,0,0,0,0,0
[12:33:23.130] 9789,ECG,3321,279,0,0,0,0,0
[12:33:23.161] 9794,ECG,3322,102,0,0,0,0,0
[12:33:23.161] 9794,ECG,3323,-106,0,0,0,0,0
[12:33:23.177] 9799,ECG,3324,-268,0,0,0,0,0
[12:33:23.209] 9799,ECG,3325,-331,0,0,0,0,0
[12:33:23.209] 9799,ECG,3326,-268,0,0,0,0,0
[12:33:23.334] 9804,ECG,3327,-106,0,0,0,0,0
[12:33:23.334] 9804,ECG,3328,104,0,0,0,0,0
[12:33:23.365] 9804,ECG,3329,282,0,0,0,0,0
[12:33:23.397] 9809,ECG,3330,360,0,0,0,0,0
[12:33:23.397] 9809,ECG,3331,304,0,0,0,0,0
[12:33:23.413] 9814,ECG,3332,136,0,0,0,0,0
[12:33:23.413] 9814,ECG,3333,-79,0,0,0,0,0
[12:33:23.552] 9814,ECG,3334,-266,0,0,0,0,0
[12:33:23.568] 9819,ECG,3335,-356,0,0,0,0,0
[12:33:23.568] 9819,ECG,3336,-315,0,0,0,0,0
[12:33:23.599] 9824,ECG,3337,-166,0,0,0,0,0
[12:33:23.630] 9824,ECG,3338,45,0,0,0,0,0
[12:33:23.630] 9824,ECG,3339,244,0,0,0,0,0
[12:33:23.754] 9829,ECG,3340,350,0,0,0,0,0
[12:33:23.754] 9829,ECG,3341,322,0,0,0,0,0
[12:33:23.785] 9834,ECG,3342,171,0,0,0,0,0
[12:33:23.801] 9834,ECG,3343,-42,0,0,0,0,0
[12:33:23.801] 9834,ECG,3344,-244,0,0,0,0,0
[12:33:23.831] 9839,ECG,3345,-361,0,0,0,0,0
[12:33:23.831] 9839,ECG,3346,-349,0,0,0,0,0
[12:33:23.972] 9844,ECG,3347,-219,0,0,0,0,0
[12:33:23.988] 9844,ECG,3348,-11,0,0,0,0,0
[12:33:23.988] 9844,ECG,3349,199,0,0,0,0,0
[12:33:24.018] 9849,ECG,3350,333,0,0,0,0,0
[12:33:24.018] 9849,ECG,3351,341,0,0,0,0,0
[12:33:24.051] 9849,ECG,3352,215,0,0,0,0,0
[12:33:24.175] 9854,ECG,3353,7,0,0,0,0,0
[12:33:24.175] 9854,ECG,3354,-199,0,0,0,0,0
[12:33:24.207] 9859,ECG,3355,-337,0,0,0,0,0
[12:33:24.207] 9859,ECG,3356,-352,0,0,0,0,0
[12:33:24.222] 9859,ECG,3357,-241,0,0,0,0,0
[12:33:24.254] 9864,ECG,3358,-43,0,0,0,0,0
[12:33:24.254] 9864,ECG,3359,174,0,0,0,0,0
[12:33:24.382] 9869,ECG,3360,331,0,0,0,0,0
[12:33:24.414] 9869,ECG,3361,366,0,0,0,0,0
[12:33:24.414] 9869,ECG,3362,265,0,0,0,0,0
[12:33:24.430] 9874,ECG,3363,75,0,0,0,0,0
[12:33:24.430] 9874,ECG,3364,-134,0,0,0,0,0
[12:33:24.462] 9879,ECG,3365,-286,0,0,0,0,0
[12:33:24.587] 9879,ECG,3366,-323,0,0,0,0,0
[12:33:24.587] 9879,ECG,3367,-234,0,0,0,0,0
[12:33:24.619] 9884,ECG,3368,-50,0,0,0,0,0
[12:33:24.619] 9884,ECG,3369,168,0,0,0,0,0
[12:33:24.651] 9889,ECG,3370,342,0,0,0,0,0
[12:33:24.667] 9889,ECG,3371,402,0,0,0,0,0
[12:33:24.667] 9889,ECG,3372,322,0,0,0,0,0
[12:33:24.808] 9894,ECG,3373,139,0,0,0,0,0
[12:33:24.808] 9894,ECG,3374,-80,0,0,0,0,0
[12:33:24.824] 9894,ECG,3375,-256,0,0,0,0,0
[12:33:24.856] 9899,ECG,3376,-331,0,0,0,0,0
[12:33:24.856] 9899,ECG,3377,-280,0,0,0,0,0
[12:33:24.887] 9904,ECG,3378,-121,0,0,0,0,0
[12:33:25.015] 9904,ECG,3379,91,0,0,0,0,0
[12:33:25.015] 9904,ECG,3380,274,0,0,0,0,0
[12:33:25.031] 9909,ECG,3381,362,0,0,0,0,0
[12:33:25.031] 9909,ECG,3382,317,0,0,0,0,0
[12:33:25.062] 9914,ECG,3383,155,0,0,0,0,0
[12:33:25.093] 9914,ECG,3384,-58,0,0,0,0,0
[12:33:25.093] 9914,ECG,3385,-245,0,0,0,0,0
[12:33:25.219] 9919,ECG,3386,-339,0,0,0,0,0
[12:33:25.219] 9919,ECG,3387,-306,0,0,0,0,0
[12:33:25.250] 9924,ECG,3388,-163,0,0,0,0,0
[12:33:25.266] 9924,ECG,3389,46,0,0,0,0,0
[12:33:25.266] 9924,ECG,3390,249,0,0,0,0,0
[12:33:25.297] 9929,ECG,3391,363,0,0,0,0,0
[12:33:25.297] 9929,ECG,3392,345,0,0,0,0,0
[12:33:25.437] 9934,ECG,3393,203,0,0,0,0,0
[12:33:25.452] 9934,ECG,3394,-9,0,0,0,0,0
[12:33:25.452] 9934,ECG,3395,-210,0,0,0,0,0
[12:33:25.483] 9939,ECG,3396,-329,0,0,0,0,0
[12:33:25.515] 9939,ECG,3397,-325,0,0,0,0,0
[12:33:25.515] 9939,ECG,3398,-198,0,0,0,0,0
[12:33:25.640] 9944,ECG,3399,6,0,0,0,0,0
[12:33:25.640] 9944,ECG,3400,215,0,0,0,0,0
[12:33:25.671] 9949,ECG,3401,353,0,0,0,0,0
[12:33:25.687] 9949,ECG,3402,367,0,0,0,0,0
[12:33:25.687] 9949,ECG,3403,245,0,0,0,0,0
[12:33:25.718] 9954,ECG,3404,39,0,0,0,0,0
[12:33:25.718] 9954,ECG,3405,-171,0,0,0,0,0
[12:33:25.844] 9959,ECG,3406,-312,0,0,0,0,0
[12:33:25.876] 9959,ECG,3407,-332,0,0,0,0,0
[12:33:25.876] 9959,ECG,3408,-226,0,0,0,0,0
[12:33:25.907] 9964,ECG,3409,-33,0,0,0,0,0
[12:33:25.907] 9964,ECG,3410,180,0,0,0,0,0
[12:33:25.922] 9969,ECG,3411,337,0,0,0,0,0
[12:33:26.050] 9969,ECG,3412,369,0,0,0,0,0
[12:33:26.050] 9969,ECG,3413,265,0,0,0,0,0
[12:33:26.081] 9974,ECG,3414,68,0,0,0,0,0
[12:33:26.081] 9974,ECG,3415,-147,0,0,0,0,0
[12:33:26.112] 9979,ECG,3416,-308,0,0,0,0,0
[12:33:26.127] 9979,ECG,3417,-353,0,0,0,0,0
[12:33:26.127] 9979,ECG,3418,-267,0,0,0,0,0
[12:33:26.268] 9984,ECG,3419,-83,0,0,0,0,0
[12:33:26.300] 9984,ECG,3420,135,0,0,0,0,0
[12:33:26.300] 9984,ECG,3421,309,0,0,0,0,0
[12:33:26.315] 9989,ECG,3422,373,0,0,0,0,0
[12:33:26.315] 9989,ECG,3423,297,0,0,0,0,0
[12:33:26.346] 9994,ECG,3424,111,0,0,0,0,0
[12:33:26.470] 9994,ECG,3425,-111,0,0,0,0,0
[12:33:26.470] 9994,ECG,3426,-291,0,0,0,0,0
[12:33:26.502] 9999,ECG,3427,-367,0,0,0,0,0
[12:33:26.502] 9999,ECG,3428,-313,0,0,0,0,0
[12:33:26.534] 10004,ECG,3429,-150,0,0,0,0,0
[12:33:26.550] 10004,ECG,3430,65,0,0,0,0,0
[12:33:26.550] 10004,ECG,3431,255,0,0,0,0,0
[12:33:26.690] 10009,ECG,3432,348,0,0,0,0,0
[12:33:26.705] 10009,ECG,3433,305,0,0,0,0,0
[12:33:26.705] 10014,ECG,3434,143,0,0,0,0,0
[12:33:26.737] 10014,ECG,3435,-70,0,0,0,0,0
[12:33:26.737] 10014,ECG,3436,-256,0,0,0,0,0
[12:33:26.768] 10019,ECG,3437,-349,0,0,0,0,0
[12:33:26.895] 10019,ECG,3438,-313,0,0,0,0,0
[12:33:26.895] 10024,ECG,3439,-163,0,0,0,0,0
[12:33:26.926] 10024,ECG,3440,49,0,0,0,0,0
[12:33:26.942] 10024,ECG,3441,251,0,0,0,0,0
[12:33:26.942] 10029,ECG,3442,366,0,0,0,0,0
[12:33:26.974] 10029,ECG,3443,345,0,0,0,0,0
[12:33:26.974] 10029,ECG,3444,200,0,0,0,0,0
[12:33:27.101] 10034,ECG,3445,-11,0,0,0,0,0
[12:33:27.133] 10034,ECG,3446,-212,0,0,0,0,0
[12:33:27.133] 10039,ECG,3447,-329,0,0,0,0,0
[12:33:27.148] 10039,ECG,3448,-322,0,0,0,0,0
[12:33:27.179] 10039,ECG,3449,-196,0,0,0,0,0
[12:33:27.179] 10044,ECG,3450,7,0,0,0,0,0
[12:33:27.318] 10044,ECG,3451,216,0,0,0,0,0
[12:33:27.334] 10049,ECG,3452,353,0,0,0,0,0
[12:33:27.334] 10049,ECG,3453,363,0,0,0,0,0
[12:33:27.365] 10049,ECG,3454,240,0,0,0,0,0
[12:33:27.365] 10054,ECG,3455,32,0,0,0,0,0
[12:33:27.398] 10054,ECG,3456,-184,0,0,0,0,0
[12:33:27.521] 10059,ECG,3457,-332,0,0,0,0,0
[12:33:27.521] 10059,ECG,3458,-362,0,0,0,0,0
[12:33:27.552] 10059,ECG,3459,-266,0,0,0,0,0
[12:33:27.568] 10064,ECG,3460,-80,0,0,0,0,0
[12:33:27.568] 10064,ECG,3461,133,0,0,0,0,0
[12:33:27.598] 10069,ECG,3462,295,0,0,0,0,0
[12:33:27.599] 10069,ECG,3463,338,0,0,0,0,0
[12:33:27.726] 10069,ECG,3464,244,0,0,0,0,0
[12:33:27.757] 10074,ECG,3465,53,0,0,0,0,0
[12:33:27.757] 10074,ECG,3466,-164,0,0,0,0,0
[12:33:27.788] 10074,ECG,3467,-330,0,0,0,0,0
[12:33:27.804] 10079,ECG,3468,-388,0,0,0,0,0
[12:33:27.804] 10079,ECG,3469,-318,0,0,0,0,0
[12:33:27.946] 10084,ECG,3470,-149,0,0,0,0,0
[12:33:27.961] 10084,ECG,3471,64,0,0,0,0,0
[12:33:27.961] 10084,ECG,3472,244,0,0,0,0,0
[12:33:27.993] 10089,ECG,3473,317,0,0,0,0,0
[12:33:27.993] 10089,ECG,3474,255,0,0,0,0,0
[12:33:28.023] 10094,ECG,3475,84,0,0,0,0,0
[12:33:28.147] 10094,ECG,3476,-130,0,0,0,0,0
[12:33:28.147] 10094,ECG,3477,-309,0,0,0,0,0
[12:33:28.178] 10099,ECG,3478,-387,0,0,0,0,0
[12:33:28.194] 10099,ECG,3479,-338,0,0,0,0,0
[12:33:28.194] 10104,ECG,3480,-178,0,0,0,0,0
[12:33:28.226] 10104,ECG,3481,41,0,0,0,0,0
[12:33:28.226] 10104,ECG,3482,238,0,0,0,0,0
[12:33:28.351] 10109,ECG,3483,339,0,0,0,0,0
[12:33:28.382] 10109,ECG,3484,306,0,0,0,0,0
[12:33:28.382] 10114,ECG,3485,145,0,0,0,0,0
[12:33:28.413] 10114,ECG,3486,-76,0,0,0,0,0
[12:33:28.428] 10114,ECG,3487,-274,0,0,0,0,0
[12:33:28.428] 10119,ECG,3488,-384,0,0,0,0,0
[12:33:28.568] 10119,ECG,3489,-364,0,0,0,0,0
[12:33:28.599] 10119,ECG,3490,-226,0,0,0,0,0
[12:33:28.599] 10124,ECG,3491,-19,0,0,0,0,0
[12:33:28.614] 10124,ECG,3492,186,0,0,0,0,0
[12:33:28.614] 10129,ECG,3493,310,0,0,0,0,0
[12:33:28.645] 10129,ECG,3494,302,0,0,0,0,0
[12:33:28.783] 10129,ECG,3495,163,0,0,0,0,0
[12:33:28.783] 10134,ECG,3496,-48,0,0,0,0,0
[12:33:28.799] 10134,ECG,3497,-253,0,0,0,0,0
[12:33:28.831] 10139,ECG,3498,-383,0,0,0,0,0
[12:33:28.831] 10139,ECG,3499,-390,0,0,0,0,0
[12:33:28.846] 10139,ECG,3500,-274,0,0,0,0,0
[12:33:28.986] 10144,ECG,3501,-77,0,0,0,0,0
[12:33:28.986] 10144,ECG,3502,133,0,0,0,0,0
[12:33:29.018] 10149,ECG,3503,278,0,0,0,0,0
[12:33:29.018] 10149,ECG,3504,301,0,0,0,0,0
[12:33:29.034] 10149,ECG,3505,192,0,0,0,0,0
[12:33:29.066] 10154,ECG,3506,-6,0,0,0,0,0
[12:33:29.066] 10154,ECG,3507,-216,0,0,0,0,0
[12:33:29.191] 10159,ECG,3508,-365,0,0,0,0,0
[12:33:29.223] 10159,ECG,3509,-400,0,0,0,0,0
[12:33:29.223] 10159,ECG,3510,-309,0,0,0,0,0
[12:33:29.238] 10164,ECG,3511,-124,0,0,0,0,0
[12:33:29.238] 10164,ECG,3512,89,0,0,0,0,0
[12:33:29.270] 10164,ECG,3513,254,0,0,0,0,0
[12:33:29.409] 10169,ECG,3514,307,0,0,0,0,0
[12:33:29.409] 10169,ECG,3515,225,0,0,0,0,0
[12:33:29.425] 10174,ECG,3516,42,0,0,0,0,0
[12:33:29.457] 10174,ECG,3517,-167,0,0,0,0,0
[12:33:29.457] 10174,ECG,3518,-327,0,0,0,0,0
[12:33:29.488] 10179,ECG,3519,-381,0,0,0,0,0
[12:33:29.611] 10179,ECG,3520,-308,0,0,0,0,0
[12:33:29.611] 10184,ECG,3521,-137,0,0,0,0,0
[12:33:29.643] 10184,ECG,3522,76,0,0,0,0,0
[12:33:29.643] 10184,ECG,3523,253,0,0,0,0,0
[12:33:29.658] 10189,ECG,3524,326,0,0,0,0,0
[12:33:29.689] 10189,ECG,3525,262,0,0,0,0,0
[12:33:29.689] 10194,ECG,3526,88,0,0,0,0,0
[12:33:29.814] 10194,ECG,3527,-130,0,0,0,0,0
[12:33:29.845] 10194,ECG,3528,-314,0,0,0,0,0
[12:33:29.845] 10199,ECG,3529,-398,0,0,0,0,0
[12:33:29.876] 10199,ECG,3530,-356,0,0,0,0,0
[12:33:29.877] 10204,ECG,3531,-206,0,0,0,0,0
[12:33:29.892] 10204,ECG,3532,3,0,0,0,0,0
[12:33:30.034] 10204,ECG,3533,194,0,0,0,0,0
[12:33:30.034] 10209,ECG,3534,297,0,0,0,0,0
[12:33:30.050] 10209,ECG,3535,269,0,0,0,0,0
[12:33:30.082] 10209,ECG,3536,120,0,0,0,0,0
[12:33:30.082] 10214,ECG,3537,-86,0,0,0,0,0
[12:33:30.113] 10214,ECG,3538,-278,0,0,0,0,0
[12:33:30.113] 10219,ECG,3539,-388,0,0,0,0,0
[12:33:30.239] 10219,ECG,3540,-372,0,0,0,0,0
[12:33:30.270] 10219,ECG,3541,-242,0,0,0,0,0
[12:33:30.270] 10224,ECG,3542,-44,0,0,0,0,0
[12:33:30.287] 10224,ECG,3543,157,0,0,0,0,0
[12:33:30.318] 10229,ECG,3544,282,0,0,0,0,0
[12:33:30.318] 10229,ECG,3545,278,0,0,0,0,0
[12:33:30.443] 10229,ECG,3546,147,0,0,0,0,0
[12:33:30.474] 10234,ECG,3547,-58,0,0,0,0,0
[12:33:30.474] 10234,ECG,3548,-264,0,0,0,0,0
[12:33:30.505] 10239,ECG,3549,-394,0,0,0,0,0
[12:33:30.505] 10239,ECG,3550,-404,0,0,0,0,0
[12:33:30.522] 10239,ECG,3551,-290,0,0,0,0,0
[12:33:30.663] 10244,ECG,3552,-90,0,0,0,0,0
[12:33:30.663] 10244,ECG,3553,127,0,0,0,0,0
[12:33:30.678] 10249,ECG,3554,281,0,0,0,0,0
[12:33:30.710] 10249,ECG,3555,312,0,0,0,0,0
[12:33:30.710] 10249,ECG,3556,206,0,0,0,0,0
[12:33:30.741] 10254,ECG,3557,6,0,0,0,0,0
[12:33:30.741] 10254,ECG,3558,-212,0,0,0,0,0
[12:33:30.866] 10254,ECG,3559,-369,0,0,0,0,0
[12:33:30.898] 10259,ECG,3560,-410,0,0,0,0,0
[12:33:30.898] 10259,ECG,3561,-323,0,0,0,0,0
[12:33:30.914] 10264,ECG,3562,-140,0,0,0,0,0
[12:33:30.945] 10264,ECG,3563,76,0,0,0,0,0
[12:33:30.945] 10264,ECG,3564,247,0,0,0,0,0
[12:33:31.070] 10269,ECG,3565,305,0,0,0,0,0
[12:33:31.101] 10269,ECG,3566,224,0,0,0,0,0
[12:33:31.101] 10274,ECG,3567,37,0,0,0,0,0
[12:33:31.133] 10274,ECG,3568,-181,0,0,0,0,0
[12:33:31.133] 10274,ECG,3569,-354,0,0,0,0,0
[12:33:31.148] 10279,ECG,3570,-422,0,0,0,0,0
[12:33:31.290] 10279,ECG,3571,-359,0,0,0,0,0
[12:33:31.290] 10284,ECG,3572,-191,0,0,0,0,0
[12:33:31.305] 10284,ECG,3573,26,0,0,0,0,0
[12:33:31.337] 10284,ECG,3574,212,0,0,0,0,0
[12:33:31.337] 10289,ECG,3575,296,0,0,0,0,0
[12:33:31.368] 10289,ECG,3576,244,0,0,0,0,0
[12:33:31.368] 10294,ECG,3577,76,0,0,0,0,0
[12:33:31.494] 10294,ECG,3578,-142,0,0,0,0,0
[12:33:31.526] 10294,ECG,3579,-335,0,0,0,0,0
[12:33:31.526] 10299,ECG,3580,-428,0,0,0,0,0
[12:33:31.541] 10299,ECG,3581,-394,0,0,0,0,0
[12:33:31.573] 10299,ECG,3582,-249,0,0,0,0,0
[12:33:31.573] 10304,ECG,3583,-41,0,0,0,0,0
[12:33:31.699] 10304,ECG,3584,157,0,0,0,0,0
[12:33:31.730] 10309,ECG,3585,269,0,0,0,0,0
[12:33:31.730] 10309,ECG,3586,253,0,0,0,0,0
[12:33:31.762] 10309,ECG,3587,109,0,0,0,0,0
[12:33:31.762] 10314,ECG,3588,-99,0,0,0,0,0
[12:33:31.777] 10314,ECG,3589,-295,0,0,0,0,0
[12:33:31.916] 10319,ECG,3590,-408,0,0,0,0,0
[12:33:31.916] 10319,ECG,3591,-400,0,0,0,0,0
[12:33:31.931] 10319,ECG,3592,-273,0,0,0,0,0
[12:33:31.962] 10324,ECG,3593,-71,0,0,0,0,0
[12:33:31.962] 10324,ECG,3594,136,0,0,0,0,0
[12:33:31.993] 10329,ECG,3595,270,0,0,0,0,0
[12:33:31.993] 10329,ECG,3596,280,0,0,0,0,0
[12:33:32.118] 10329,ECG,3597,161,0,0,0,0,0
[12:33:32.150] 10334,ECG,3598,-38,0,0,0,0,0
[12:33:32.150] 10334,ECG,3599,-238,0,0,0,0,0
[12:33:32.166] 10339,ECG,3600,-368,0,0,0,0,0
[12:33:32.198] 10339,ECG,3601,-378,0,0,0,0,0
[12:33:32.198] 10339,ECG,3602,-268,0,0,0,0,0
[12:33:32.338] 10344,ECG,3603,-77,0,0,0,0,0
[12:33:32.354] 10344,ECG,3604,130,0,0,0,0,0
[12:33:32.354] 10344,ECG,3605,279,0,0,0,0,0
[12:33:32.386] 10349,ECG,3606,303,0,0,0,0,0
[12:33:32.386] 10349,ECG,3607,193,0,0,0,0,0
[12:33:32.402] 10354,ECG,3608,-5,0,0,0,0,0
[12:33:32.542] 10354,ECG,3609,-222,0,0,0,0,0
[12:33:32.542] 10354,ECG,3610,-380,0,0,0,0,0
[12:33:32.573] 10359,ECG,3611,-420,0,0,0,0,0
[12:33:32.588] 10359,ECG,3612,-334,0,0,0,0,0
[12:33:32.588] 10364,ECG,3613,-153,0,0,0,0,0
[12:33:32.619] 10364,ECG,3614,63,0,0,0,0,0
[12:33:32.745] 10364,ECG,3615,234,0,0,0,0,0
[12:33:32.745] 10369,ECG,3616,296,0,0,0,0,0
[12:33:32.775] 10369,ECG,3617,218,0,0,0,0,0
[12:33:32.775] 10374,ECG,3618,33,0,0,0,0,0
[12:33:32.807] 10374,ECG,3619,-184,0,0,0,0,0
[12:33:32.822] 10374,ECG,3620,-362,0,0,0,0,0
[12:33:32.822] 10379,ECG,3621,-436,0,0,0,0,0
[12:33:32.964] 10379,ECG,3622,-378,0,0,0,0,0
[12:33:32.979] 10384,ECG,3623,-214,0,0,0,0,0
[12:33:32.979] 10384,ECG,3624,0,0,0,0,0,0
[12:33:33.010] 10384,ECG,3625,189,0,0,0,0,0
[12:33:33.010] 10389,ECG,3626,278,0,0,0,0,0
[12:33:33.041] 10389,ECG,3627,232,0,0,0,0,0
[12:33:33.165] 10394,ECG,3628,69,0,0,0,0,0
[12:33:33.165] 10394,ECG,3629,-143,0,0,0,0,0
[12:33:33.196] 10394,ECG,3630,-328,0,0,0,0,0
[12:33:33.212] 10399,ECG,3631,-417,0,0,0,0,0
[12:33:33.212] 10399,ECG,3632,-376,0,0,0,0,0
[12:33:33.243] 10399,ECG,3633,-219,0,0,0,0,0
[12:33:33.243] 10404,ECG,3634,4,0,0,0,0,0
[12:33:33.384] 10404,ECG,3635,215,0,0,0,0,0
[12:33:33.400] 10409,ECG,3636,335,0,0,0,0,0
[12:33:33.400] 10409,ECG,3637,320,0,0,0,0,0
[12:33:33.431] 10409,ECG,3638,179,0,0,0,0,0
[12:33:33.447] 10414,ECG,3639,-33,0,0,0,0,0
[12:33:33.447] 10414,ECG,3640,-234,0,0,0,0,0
[12:33:33.586] 10419,ECG,3641,-347,0,0,0,0,0
[12:33:33.617] 10419,ECG,3642,-337,0,0,0,0,0
[12:33:33.617] 10419,ECG,3643,-209,0,0,0,0,0
[12:33:33.633] 10424,ECG,3644,-2,0,0,0,0,0
[12:33:33.633] 10424,ECG,3645,211,0,0,0,0,0
[12:33:33.663] 10429,ECG,3646,346,0,0,0,0,0
[12:33:33.788] 10429,ECG,3647,351,0,0,0,0,0
[12:33:33.788] 10429,ECG,3648,220,0,0,0,0,0
[12:33:33.819] 10434,ECG,3649,6,0,0,0,0,0
[12:33:33.850] 10434,ECG,3650,-209,0,0,0,0,0
[12:33:33.850] 10434,ECG,3651,-355,0,0,0,0,0
[12:33:33.865] 10439,ECG,3652,-378,0,0,0,0,0
[12:33:33.865] 10439,ECG,3653,-269,0,0,0,0,0
[12:33:34.005] 10444,ECG,3654,-70,0,0,0,0,0
[12:33:34.036] 10444,ECG,3655,151,0,0,0,0,0
[12:33:34.036] 10444,ECG,3656,320,0,0,0,0,0
[12:33:34.052] 10449,ECG,3657,366,0,0,0,0,0
[12:33:34.083] 10449,ECG,3658,272,0,0,0,0,0
[12:33:34.083] 10454,ECG,3659,79,0,0,0,0,0
[12:33:34.207] 10454,ECG,3660,-139,0,0,0,0,0
[12:33:34.207] 10454,ECG,3661,-307,0,0,0,0,0
[12:33:34.239] 10459,ECG,3662,-365,0,0,0,0,0
[12:33:34.270] 10459,ECG,3663,-292,0,0,0,0,0
[12:33:34.270] 10464,ECG,3664,-120,0,0,0,0,0
[12:33:34.286] 10464,ECG,3665,95,0,0,0,0,0
[12:33:34.427] 10464,ECG,3666,277,0,0,0,0,0
[12:33:34.427] 10469,ECG,3667,352,0,0,0,0,0
[12:33:34.442] 10469,ECG,3668,292,0,0,0,0,0
[12:33:34.472] 10474,ECG,3669,122,0,0,0,0,0
[12:33:34.472] 10474,ECG,3670,-93,0,0,0,0,0
[12:33:34.503] 10474,ECG,3671,-271,0,0,0,0,0
[12:33:34.503] 10479,ECG,3672,-350,0,0,0,0,0
[12:33:34.628] 10479,ECG,3673,-304,0,0,0,0,0
[12:33:34.659] 10484,ECG,3674,-151,0,0,0,0,0
[12:33:34.659] 10484,ECG,3675,59,0,0,0,0,0
[12:33:34.690] 10484,ECG,3676,249,0,0,0,0,0
[12:33:34.706] 10489,ECG,3677,345,0,0,0,0,0
[12:33:34.706] 10489,ECG,3678,311,0,0,0,0,0
[12:33:34.845] 10489,ECG,3679,161,0,0,0,0,0
[12:33:34.845] 10494,ECG,3680,-42,0,0,0,0,0
[12:33:34.860] 10494,ECG,3681,-224,0,0,0,0,0
[12:33:34.892] 10499,ECG,3682,-317,0,0,0,0,0
[12:33:34.892] 10499,ECG,3683,-287,0,0,0,0,0
[12:33:34.923] 10499,ECG,3684,-146,0,0,0,0,0
[12:33:35.048] 10504,ECG,3685,57,0,0,0,0,0
[12:33:35.048] 10504,ECG,3686,247,0,0,0,0,0
[12:33:35.080] 10509,ECG,3687,356,0,0,0,0,0
[12:33:35.095] 10509,ECG,3688,333,0,0,0,0,0
[12:33:35.095] 10509,ECG,3689,182,0,0,0,0,0
[12:33:35.127] 10514,ECG,3690,-33,0,0,0,0,0
[12:33:35.127] 10514,ECG,3691,-238,0,0,0,0,0
[12:33:35.251] 10519,ECG,3692,-362,0,0,0,0,0
[12:33:35.283] 10519,ECG,3693,-357,0,0,0,0,0
[12:33:35.283] 10519,ECG,3694,-230,0,0,0,0,0
[12:33:35.314] 10524,ECG,3695,-27,0,0,0,0,0
[12:33:35.330] 10524,ECG,3696,186,0,0,0,0,0
[12:33:35.330] 10529,ECG,3697,330,0,0,0,0,0
[12:33:35.472] 10529,ECG,3698,344,0,0,0,0,0
[12:33:35.472] 10529,ECG,3699,226,0,0,0,0,0
[12:33:35.487] 10534,ECG,3700,23,0,0,0,0,0
[12:33:35.519] 10534,ECG,3701,-191,0,0,0,0,0
[12:33:35.519] 10534,ECG,3702,-335,0,0,0,0,0
[12:33:35.551] 10539,ECG,3703,-363,0,0,0,0,0
[12:33:35.675] 10539,ECG,3704,-263,0,0,0,0,0
[12:33:35.675] 10544,ECG,3705,-71,0,0,0,0,0
[12:33:35.706] 10544,ECG,3706,143,0,0,0,0,0
[12:33:35.722] 10544,ECG,3707,301,0,0,0,0,0
[12:33:35.722] 10549,ECG,3708,343,0,0,0,0,0
[12:33:35.752] 10549,ECG,3709,249,0,0,0,0,0
[12:33:35.752] 10554,ECG,3710,54,0,0,0,0,0
[12:33:35.890] 10554,ECG,3711,-163,0,0,0,0,0
[12:33:35.906] 10554,ECG,3712,-323,0,0,0,0,0
[12:33:35.906] 10559,ECG,3713,-371,0,0,0,0,0
[12:33:35.937] 10559,ECG,3714,-285,0,0,0,0,0
[12:33:35.969] 10564,ECG,3715,-101,0,0,0,0,0
[12:33:35.969] 10564,ECG,3716,123,0,0,0,0,0
[12:33:36.093] 10564,ECG,3717,307,0,0,0,0,0
[12:33:36.093] 10569,ECG,3718,379,0,0,0,0,0
[12:33:36.124] 10569,ECG,3719,311,0,0,0,0,0
[12:33:36.139] 10574,ECG,3720,-92,0,0,0,0,0
[12:33:36.139] 10574,ECG,3721,-276,0,0,0,0,0
[12:33:36.171] 10579,ECG,3722,-357,0,0,0,0,0
[12:33:36.312] 10579,ECG,3723,-309,0,0,0,0,0
[12:33:36.312] 10579,ECG,3724,-154,0,0,0,0,0
[12:33:36.328] 10584,ECG,3725,58,0,0,0,0,0
[12:33:36.359] 10584,ECG,3726,249,0,0,0,0,0
[12:33:36.359] 10589,ECG,3727,343,0,0,0,0,0
[12:33:36.375] 10589,ECG,3728,301,0,0,0,0,0
[12:33:36.375] 10589,ECG,3729,140,0,0,0,0,0
[12:33:36.513] 10594,ECG,3730,-74,0,0,0,0,0
[12:33:36.544] 10594,ECG,3731,-267,0,0,0,0,0
[12:33:36.544] 10599,ECG,3732,-370,0,0,0,0,0
[12:33:36.560] 10599,ECG,3733,-343,0,0,0,0,0
[12:33:36.590] 10599,ECG,3734,-200,0,0,0,0,0
[12:33:36.590] 10604,ECG,3735,8,0,0,0,0,0
[12:33:36.716] 10604,ECG,3736,212,0,0,0,0,0
[12:33:36.716] 10609,ECG,3737,335,0,0,0,0,0
[12:33:36.748] 10609,ECG,3738,325,0,0,0,0,0
[12:33:36.780] 10609,ECG,3739,187,0,0,0,0,0
[12:33:36.780] 10614,ECG,3740,-25,0,0,0,0,0
[12:33:36.795] 10614,ECG,3741,-232,0,0,0,0,0
[12:33:36.933] 10619,ECG,3742,-360,0,0,0,0,0
[12:33:36.933] 10619,ECG,3743,-365,0,0,0,0,0
[12:33:36.965] 10619,ECG,3744,-248,0,0,0,0,0
[12:33:36.981] 10624,ECG,3745,-46,0,0,0,0,0
[12:33:36.981] 10624,ECG,3746,170,0,0,0,0,0
[12:33:37.012] 10624,ECG,3747,320,0,0,0,0,0
[12:33:37.012] 10629,ECG,3748,346,0,0,0,0,0
[12:33:37.139] 10629,ECG,3749,237,0,0,0,0,0
[12:33:37.170] 10634,ECG,3750,38,0,0,0,0,0
[12:33:37.170] 10634,ECG,3751,-176,0,0,0,0,0
[12:33:37.186] 10634,ECG,3752,-327,0,0,0,0,0
[12:33:37.217] 10639,ECG,3753,-360,0,0,0,0,0
[12:33:37.217] 10639,ECG,3754,-265,0,0,0,0,0
[12:33:37.357] 10644,ECG,3755,-75,0,0,0,0,0
[12:33:37.357] 10644,ECG,3756,142,0,0,0,0,0
[12:33:37.373] 10644,ECG,3757,305,0,0,0,0,0
[12:33:37.404] 10649,ECG,3758,353,0,0,0,0,0
[12:33:37.404] 10649,ECG,3759,259,0,0,0,0,0
[12:33:37.420] 10654,ECG,3760,62,0,0,0,0,0
[12:33:37.561] 10654,ECG,3761,-160,0,0,0,0,0
[12:33:37.561] 10654,ECG,3762,-331,0,0,0,0,0
[12:33:37.577] 10659,ECG,3763,-390,0,0,0,0,0
[12:33:37.608] 10659,ECG,3764,-312,0,0,0,0,0
[12:33:37.608] 10659,ECG,3765,-132,0,0,0,0,0
[12:33:37.640] 10664,ECG,3766,89,0,0,0,0,0
[12:33:37.640] 10664,ECG,3767,276,0,0,0,0,0
[12:33:37.766] 10669,ECG,3768,356,0,0,0,0,0
[12:33:37.797] 10669,ECG,3769,295,0,0,0,0,0
[12:33:37.797] 10669,ECG,3770,122,0,0,0,0,0
[12:33:37.812] 10674,ECG,3771,-96,0,0,0,0,0
[12:33:37.843] 10674,ECG,3772,-282,0,0,0,0,0
[12:33:37.843] 10679,ECG,3773,-367,0,0,0,0,0
[12:33:37.983] 10679,ECG,3774,-324,0,0,0,0,0
[12:33:37.999] 10679,ECG,3775,-168,0,0,0,0,0
[12:33:37.999] 10684,ECG,3776,49,0,0,0,0,0
[12:33:38.031] 10684,ECG,3777,245,0,0,0,0,0
[12:33:38.031] 10689,ECG,3778,346,0,0,0,0,0
[12:33:38.062] 10689,ECG,3779,318,0,0,0,0,0
[12:33:38.187] 10689,ECG,3780,167,0,0,0,0,0
[12:33:38.187] 10694,ECG,3781,-48,0,0,0,0,0
[12:33:38.218] 10694,ECG,3782,-243,0,0,0,0,0
[12:33:38.234] 10699,ECG,3783,-349,0,0,0,0,0
[12:33:38.234] 10699,ECG,3784,-331,0,0,0,0,0
[12:33:38.266] 10699,ECG,3785,-197,0,0,0,0,0
[12:33:38.266] 10704,ECG,3786,12,0,0,0,0,0
[12:33:38.391] 10704,ECG,3787,217,0,0,0,0,0
[12:33:38.422] 10709,ECG,3788,343,0,0,0,0,0
[12:33:38.422] 10709,ECG,3789,340,0,0,0,0,0
[12:33:38.454] 10709,ECG,3790,208,0,0,0,0,0
[12:33:38.469] 10714,ECG,3791,3,0,0,0,0,0
[12:33:38.469] 10714,ECG,3792,-196,0,0,0,0,0
[12:33:38.611] 10714,ECG,3793,-320,0,0,0,0,0
[12:33:38.611] 10719,ECG,3794,-318,0,0,0,0,0
[12:33:38.626] 10719,ECG,3795,-198,0,0,0,0,0
[12:33:38.657] 10724,ECG,3796,0,0,0,0,0,0
[12:33:38.657] 10724,ECG,3797,210,0,0,0,0,0
[12:33:38.688] 10724,ECG,3798,355,0,0,0,0,0
[12:33:38.812] 10729,ECG,3799,369,0,0,0,0,0
[12:33:38.812] 10729,ECG,3800,249,0,0,0,0,0
[12:33:38.844] 10734,ECG,3801,44,0,0,0,0,0
[12:33:38.844] 10734,ECG,3802,-175,0,0,0,0,0
[12:33:38.860] 10734,ECG,3803,-328,0,0,0,0,0
[12:33:38.891] 10739,ECG,3804,-360,0,0,0,0,0
[12:33:38.891] 10739,ECG,3805,-265,0,0,0,0,0
[12:33:39.017] 10744,ECG,3806,-78,0,0,0,0,0
[12:33:39.049] 10744,ECG,3807,137,0,0,0,0,0
[12:33:39.049] 10744,ECG,3808,304,0,0,0,0,0
[12:33:39.081] 10749,ECG,3809,356,0,0,0,0,0
[12:33:39.081] 10749,ECG,3810,268,0,0,0,0,0
[12:33:39.097] 10754,ECG,3811,76,0,0,0,0,0
[12:33:39.237] 10754,ECG,3812,-144,0,0,0,0,0
[12:33:39.237] 10754,ECG,3813,-316,0,0,0,0,0
[12:33:39.252] 10759,ECG,3814,-378,0,0,0,0,0
[12:33:39.284] 10759,ECG,3815,-308,0,0,0,0,0
[12:33:39.284] 10759,ECG,3816,-133,0,0,0,0,0
[12:33:39.315] 10764,ECG,3817,88,0,0,0,0,0
[12:33:39.441] 10764,ECG,3818,278,0,0,0,0,0
[12:33:39.441] 10769,ECG,3819,364,0,0,0,0,0
[12:33:39.474] 10769,ECG,3820,308,0,0,0,0,0
[12:33:39.474] 10769,ECG,3821,136,0,0,0,0,0
[12:33:39.489] 10774,ECG,3822,-84,0,0,0,0,0
[12:33:39.520] 10774,ECG,3823,-277,0,0,0,0,0
[12:33:39.520] 10779,ECG,3824,-368,0,0,0,0,0
[12:33:39.645] 10779,ECG,3825,-328,0,0,0,0,0
[12:33:39.676] 10779,ECG,3826,-174,0,0,0,0,0
[12:33:39.676] 10784,ECG,3827,43,0,0,0,0,0
[12:33:39.707] 10784,ECG,3828,248,0,0,0,0,0
[12:33:39.707] 10789,ECG,3829,361,0,0,0,0,0
[12:33:39.723] 10789,ECG,3830,338,0,0,0,0,0
[12:33:39.862] 10789,ECG,3831,190,0,0,0,0,0
[12:33:39.862] 10794,ECG,3832,-23,0,0,0,0,0
[12:33:39.878] 10794,ECG,3833,-222,0,0,0,0,0
[12:33:39.909] 10799,ECG,3834,-335,0,0,0,0,0
[12:33:39.909] 10799,ECG,3835,-325,0,0,0,0,0
[12:33:39.941] 10799,ECG,3836,-197,0,0,0,0,0
[12:33:40.065] 10804,ECG,3837,4,0,0,0,0,0
[12:33:40.065] 10804,ECG,3838,204,0,0,0,0,0
[12:33:40.097] 10804,ECG,3839,328,0,0,0,0,0
[12:33:40.097] 10809,ECG,3840,325,0,0,0,0,0
[12:33:40.113] 10809,ECG,3841,190,0,0,0,0,0
[12:33:40.143] 10814,ECG,3842,-19,0,0,0,0,0
[12:33:40.143] 10814,ECG,3843,-223,0,0,0,0,0
[12:33:40.284] 10814,ECG,3844,-355,0,0,0,0,0
[12:33:40.299] 10819,ECG,3845,-366,0,0,0,0,0
[12:33:40.299] 10819,ECG,3846,-254,0,0,0,0,0
[12:33:40.331] 10824,ECG,3847,-58,0,0,0,0,0
[12:33:40.331] 10824,ECG,3848,155,0,0,0,0,0
[12:33:40.363] 10824,ECG,3849,306,0,0,0,0,0
[12:33:40.488] 10829,ECG,3850,334,0,0,0,0,0
[12:33:40.488] 10829,ECG,3851,228,0,0,0,0,0
[12:33:40.519] 10834,ECG,3852,32,0,0,0,0,0
[12:33:40.535] 10834,ECG,3853,-183,0,0,0,0,0
[12:33:40.535] 10834,ECG,3854,-342,0,0,0,0,0
[12:33:40.566] 10839,ECG,3855,-385,0,0,0,0,0
[12:33:40.691] 10839,ECG,3856,-302,0,0,0,0,0
[12:33:40.691] 10844,ECG,3857,-124,0,0,0,0,0
[12:33:40.722] 10844,ECG,3858,90,0,0,0,0,0
[12:33:40.722] 10844,ECG,3859,263,0,0,0,0,0
[12:33:40.754] 10849,ECG,3860,326,0,0,0,0,0
[12:33:40.770] 10849,ECG,3861,255,0,0,0,0,0
[12:33:40.770] 10849,ECG,3862,77,0,0,0,0,0
[12:33:40.909] 10854,ECG,3863,-134,0,0,0,0,0
[12:33:40.925] 10854,ECG,3864,-302,0,0,0,0,0
[12:33:40.925] 10859,ECG,3865,-368,0,0,0,0,0
[12:33:40.955] 10859,ECG,3866,-312,0,0,0,0,0
[12:33:40.987] 10859,ECG,3867,-149,0,0,0,0,0
[12:33:40.987] 10864,ECG,3868,61,0,0,0,0,0
[12:33:41.111] 10864,ECG,3869,239,0,0,0,0,0
[12:33:41.111] 10869,ECG,3870,318,0,0,0,0,0
[12:33:41.141] 10869,ECG,3871,264,0,0,0,0,0
[12:33:41.172] 10869,ECG,3872,96,0,0,0,0,0
[12:33:41.172] 10874,ECG,3873,-120,0,0,0,0,0
[12:33:41.187] 10874,ECG,3874,-307,0,0,0,0,0
[12:33:41.329] 10879,ECG,3875,-397,0,0,0,0,0
[12:33:41.329] 10879,ECG,3876,-360,0,0,0,0,0
[12:33:41.345] 10879,ECG,3877,-213,0,0,0,0,0
[12:33:41.345] 10884,ECG,3878,-4,0,0,0,0,0
[12:33:41.376] 10884,ECG,3879,193,0,0,0,0,0
[12:33:41.407] 10889,ECG,3880,304,0,0,0,0,0
[12:33:41.407] 10889,ECG,3881,279,0,0,0,0,0
[12:33:41.531] 10889,ECG,3882,130,0,0,0,0,0
[12:33:41.562] 10894,ECG,3883,-82,0,0,0,0,0
[12:33:41.562] 10894,ECG,3884,-283,0,0,0,0,0
[12:33:41.577] 10894,ECG,3885,-403,0,0,0,0,0
[12:33:41.577] 10899,ECG,3886,-397,0,0,0,0,0
[12:33:41.608] 10899,ECG,3887,-270,0,0,0,0,0
[12:33:41.734] 10904,ECG,3888,-67,0,0,0,0,0
[12:33:41.734] 10904,ECG,3889,144,0,0,0,0,0
[12:33:41.766] 10904,ECG,3890,285,0,0,0,0,0
[12:33:41.797] 10909,ECG,3891,297,0,0,0,0,0
[12:33:41.797] 10909,ECG,3892,177,0,0,0,0,0
[12:33:41.813] 10914,ECG,3893,-26,0,0,0,0,0
[12:33:41.955] 10914,ECG,3894,-235,0,0,0,0,0
[12:33:41.955] 10914,ECG,3895,-378,0,0,0,0,0
[12:33:41.971] 10919,ECG,3896,-404,0,0,0,0,0
[12:33:41.971] 10919,ECG,3897,-301,0,0,0,0,0
[12:33:42.002] 10924,ECG,3898,-106,0,0,0,0,0
[12:33:42.033] 10924,ECG,3899,109,0,0,0,0,0
[12:33:42.033] 10924,ECG,3900,271,0,0,0,0,0
[12:33:42.159] 10929,ECG,3901,314,0,0,0,0,0
[12:33:42.190] 10929,ECG,3902,220,0,0,0,0,0
[12:33:42.190] 10934,ECG,3903,29,0,0,0,0,0
[12:33:42.206] 10934,ECG,3904,-184,0,0,0,0,0
[12:33:42.237] 10934,ECG,3905,-342,0,0,0,0,0
[12:33:42.237] 10939,ECG,3906,-386,0,0,0,0,0
[12:33:42.363] 10939,ECG,3907,-303,0,0,0,0,0
[12:33:42.363] 10939,ECG,3908,-121,0,0,0,0,0
[12:33:42.393] 10944,ECG,3909,104,0,0,0,0,0
[12:33:42.424] 10944,ECG,3910,286,0,0,0,0,0
[12:33:42.424] 10949,ECG,3911,350,0,0,0,0,0
[12:33:42.440] 10949,ECG,3912,275,0,0,0,0,0
[12:33:42.581] 10949,ECG,3913,90,0,0,0,0,0
[12:33:42.581] 10954,ECG,3914,-135,0,0,0,0,0
[12:33:42.597] 10954,ECG,3915,-319,0,0,0,0,0
[12:33:42.597] 10959,ECG,3916,-396,0,0,0,0,0
[12:33:42.628] 10959,ECG,3917,-344,0,0,0,0,0
[12:33:42.659] 10959,ECG,3918,-183,0,0,0,0,0
[12:33:42.659] 10964,ECG,3919,30,0,0,0,0,0
[12:33:42.786] 10964,ECG,3920,218,0,0,0,0,0
[12:33:42.817] 10969,ECG,3921,307,0,0,0,0,0
[12:33:42.817] 10969,ECG,3922,260,0,0,0,0,0
[12:33:42.833] 10969,ECG,3923,94,0,0,0,0,0
[12:33:42.864] 10974,ECG,3924,-122,0,0,0,0,0
[12:33:42.864] 10974,ECG,3925,-309,0,0,0,0,0
[12:33:42.989] 10979,ECG,3926,-400,0,0,0,0,0
[12:33:42.989] 10979,ECG,3927,-364,0,0,0,0,0
[12:33:43.020] 10979,ECG,3928,-211,0,0,0,0,0
[12:33:43.050] 10984,ECG,3929,5,0,0,0,0,0
[12:33:43.050] 10984,ECG,3930,210,0,0,0,0,0
[12:33:43.066] 10984,ECG,3931,331,0,0,0,0,0
[12:33:43.206] 10989,ECG,3932,314,0,0,0,0,0
[12:33:43.206] 10989,ECG,3933,166,0,0,0,0,0
[12:33:43.238] 10994,ECG,3934,-49,0,0,0,0,0
[12:33:43.238] 10994,ECG,3935,-258,0,0,0,0,0
[12:33:43.254] 10994,ECG,3936,-387,0,0,0,0,0
[12:33:43.286] 10999,ECG,3937,-388,0,0,0,0,0
[12:33:43.286] 10999,ECG,3938,-266,0,0,0,0,0
[12:33:43.410] 11004,ECG,3939,-64,0,0,0,0,0
[12:33:43.441] 11004,ECG,3940,151,0,0,0,0,0
[12:33:43.441] 11004,ECG,3941,296,0,0,0,0,0
[12:33:43.472] 11009,ECG,3942,314,0,0,0,0,0
[12:33:43.487] 11009,ECG,3943,199,0,0,0,0,0
[12:33:43.487] 11014,ECG,3944,-3,0,0,0,0,0
[12:33:43.626] 11014,ECG,3945,-214,0,0,0,0,0
[12:33:43.626] 11014,ECG,3946,-355,0,0,0,0,0
[12:33:43.642] 11019,ECG,3947,-379,0,0,0,0,0
[12:33:43.674] 11019,ECG,3948,-279,0,0,0,0,0
[12:33:43.674] 11024,ECG,3949,-85,0,0,0,0,0
[12:33:43.706] 11024,ECG,3950,130,0,0,0,0,0
[12:33:43.831] 11024,ECG,3951,286,0,0,0,0,0
[12:33:43.831] 11029,ECG,3952,325,0,0,0,0,0
[12:33:43.863] 11029,ECG,3953,225,0,0,0,0,0
[12:33:43.863] 11029,ECG,3954,28,0,0,0,0,0
[12:33:43.879] 11034,ECG,3955,-190,0,0,0,0,0
[12:33:43.911] 11034,ECG,3956,-349,0,0,0,0,0
[12:33:43.911] 11039,ECG,3957,-393,0,0,0,0,0
[12:33:44.035] 11039,ECG,3958,-307,0,0,0,0,0
[12:33:44.066] 11039,ECG,3959,-122,0,0,0,0,0
[12:33:44.066] 11044,ECG,3960,94,0,0,0,0,0
[12:33:44.098] 11044,ECG,3961,268,0,0,0,0,0
[12:33:44.114] 11049,ECG,3962,331,0,0,0,0,0
[12:33:44.114] 11049,ECG,3963,250,0,0,0,0,0
[12:33:44.255] 11049,ECG,3964,61,0,0,0,0,0
[12:33:44.255] 11054,ECG,3965,-164,0,0,0,0,0
[12:33:44.271] 11054,ECG,3966,-347,0,0,0,0,0
[12:33:44.302] 11059,ECG,3967,-420,0,0,0,0,0
[12:33:44.302] 11059,ECG,3968,-360,0,0,0,0,0
[12:33:44.333] 11059,ECG,3969,-193,0,0,0,0,0
[12:33:44.457] 11064,ECG,3970,30,0,0,0,0,0
[12:33:44.457] 11064,ECG,3971,230,0,0,0,0,0
[12:33:44.489] 11069,ECG,3972,327,0,0,0,0,0
[12:33:44.489] 11069,ECG,3973,285,0,0,0,0,0
[12:33:44.504] 11069,ECG,3974,120,0,0,0,0,0
[12:33:44.536] 11074,ECG,3975,-101,0,0,0,0,0
[12:33:44.536] 11074,ECG,3976,-299,0,0,0,0,0
[12:33:44.677] 11074,ECG,3977,-402,0,0,0,0,0
[12:33:44.693] 11079,ECG,3978,-374,0,0,0,0,0
[12:33:44.693] 11079,ECG,3979,-224,0,0,0,0,0
[12:33:44.724] 11084,ECG,3980,-7,0,0,0,0,0
[12:33:44.739] 11084,ECG,3981,202,0,0,0,0,0
[12:33:44.739] 11084,ECG,3982,331,0,0,0,0,0
[12:33:44.882] 11089,ECG,3983,325,0,0,0,0,0
[12:33:44.882] 11089,ECG,3984,188,0,0,0,0,0
[12:33:44.897] 11094,ECG,3985,-23,0,0,0,0,0
[12:33:44.928] 11094,ECG,3986,-229,0,0,0,0,0
[12:33:44.928] 11094,ECG,3987,-354,0,0,0,0,0
[12:33:44.960] 11099,ECG,3988,-355,0,0,0,0,0
[12:33:45.085] 11099,ECG,3989,-236,0,0,0,0,0
[12:33:45.085] 11104,ECG,3990,-35,0,0,0,0,0
[12:33:45.116] 11104,ECG,3991,175,0,0,0,0,0
[12:33:45.116] 11104,ECG,3992,314,0,0,0,0,0
[12:33:45.132] 11109,ECG,3993,330,0,0,0,0,0
[12:33:45.163] 11109,ECG,3994,212,0,0,0,0,0
[12:33:45.163] 11114,ECG,3995,10,0,0,0,0,0
[12:33:45.303] 11114,ECG,3996,-198,0,0,0,0,0
[12:33:45.319] 11114,ECG,3997,-343,0,0,0,0,0
[12:33:45.319] 11119,ECG,3998,-368,0,0,0,0,0
[12:33:45.349] 11119,ECG,3999,-271,0,0,0,0,0
[12:33:45.381] 11119,ECG,4000,-86,0,0,0,0,0
[12:33:45.381] 11124,ECG,4001,124,0,0,0,0,0
[12:33:45.507] 11124,ECG,4002,280,0,0,0,0,0
[12:33:45.508] 11129,ECG,4003,315,0,0,0,0,0
[12:33:45.524] 11129,ECG,4004,217,0,0,0,0,0
[12:33:45.555] 11129,ECG,4005,24,0,0,0,0,0
[12:33:45.555] 11134,ECG,4006,-192,0,0,0,0,0
[12:33:45.587] 11134,ECG,4007,-352,0,0,0,0,0
[12:33:45.710] 11139,ECG,4008,-400,0,0,0,0,0
[12:33:45.710] 11139,ECG,4009,-321,0,0,0,0,0
[12:33:45.741] 11139,ECG,4010,-140,0,0,0,0,0
[12:33:45.741] 11144,ECG,4011,80,0,0,0,0,0
[12:33:45.771] 11144,ECG,4012,261,0,0,0,0,0
[12:33:45.787] 11149,ECG,4013,333,0,0,0,0,0
[12:33:45.787] 11149,ECG,4014,268,0,0,0,0,0
[12:33:45.928] 11149,ECG,4015,92,0,0,0,0,0
[12:33:45.944] 11154,ECG,4016,-125,0,0,0,0,0
[12:33:45.944] 11154,ECG,4017,-306,0,0,0,0,0
[12:33:45.977] 11159,ECG,4018,-384,0,0,0,0,0
[12:33:46.008] 11159,ECG,4019,-335,0,0,0,0,0
[12:33:46.008] 11159,ECG,4020,-177,0,0,0,0,0
[12:33:46.132] 11164,ECG,4021,35,0,0,0,0,0
[12:33:46.132] 11164,ECG,4022,224,0,0,0,0,0
[12:33:46.163] 11164,ECG,4023,318,0,0,0,0,0
[12:33:46.179] 11169,ECG,4024,280,0,0,0,0,0
[12:33:46.179] 11169,ECG,4025,124,0,0,0,0,0
[12:33:46.211] 11174,ECG,4026,-85,0,0,0,0,0
[12:33:46.336] 11174,ECG,4027,-268,0,0,0,0,0
[12:33:46.336] 11174,ECG,4028,-360,0,0,0,0,0
[12:33:46.368] 11179,ECG,4029,-328,0,0,0,0,0
[12:33:46.400] 11179,ECG,4030,-183,0,0,0,0,0
[12:33:46.400] 11184,ECG,4031,28,0,0,0,0,0
[12:33:46.416] 11184,ECG,4032,227,0,0,0,0,0
[12:33:46.416] 11184,ECG,4033,342,0,0,0,0,0
[12:33:46.558] 11189,ECG,4034,323,0,0,0,0,0
[12:33:46.574] 11189,ECG,4035,178,0,0,0,0,0
[12:33:46.574] 11194,ECG,4036,-35,0,0,0,0,0
[12:33:46.606] 11194,ECG,4037,-235,0,0,0,0,0
[12:33:46.621] 11194,ECG,4038,-357,0,0,0,0,0
[12:33:46.621] 11199,ECG,4039,-353,0,0,0,0,0
[12:33:46.764] 11199,ECG,4040,-228,0,0,0,0,0
[12:33:46.764] 11204,ECG,4041,-25,0,0,0,0,0
[12:33:46.779] 11204,ECG,4042,184,0,0,0,0,0
[12:33:46.811] 11204,ECG,4043,326,0,0,0,0,0
[12:33:46.811] 11209,ECG,4044,340,0,0,0,0,0
[12:33:46.843] 11209,ECG,4045,219,0,0,0,0,0
[12:33:46.969] 11209,ECG,4046,17,0,0,0,0,0
[12:33:46.969] 11214,ECG,4047,-196,0,0,0,0,0
[12:33:47.001] 11214,ECG,4048,-341,0,0,0,0,0
[12:33:47.001] 11219,ECG,4049,-367,0,0,0,0,0
[12:33:47.017] 11219,ECG,4050,-270,0,0,0,0,0
[12:33:47.049] 11219,ECG,4051,-80,0,0,0,0,0
[12:33:47.049] 11224,ECG,4052,137,0,0,0,0,0
[12:33:47.176] 11224,ECG,4053,302,0,0,0,0,0
[12:33:47.207] 11229,ECG,4054,350,0,0,0,0,0
[12:33:47.208] 11229,ECG,4055,256,0,0,0,0,0
[12:33:47.223] 11229,ECG,4056,63,0,0,0,0,0
[12:33:47.255] 11234,ECG,4057,-156,0,0,0,0,0
[12:33:47.255] 11234,ECG,4058,-323,0,0,0,0,0
[12:33:47.396] 11239,ECG,4059,-378,0,0,0,0,0
[12:33:47.396] 11239,ECG,4060,-304,0,0,0,0,0
[12:33:47.412] 11239,ECG,4061,-124,0,0,0,0,0
[12:33:47.443] 11244,ECG,4062,99,0,0,0,0,0
[12:33:47.443] 11244,ECG,4063,287,0,0,0,0,0
[12:33:47.459] 11249,ECG,4064,365,0,0,0,0,0
[12:33:47.599] 11249,ECG,4065,302,0,0,0,0,0
[12:33:47.599] 11249,ECG,4066,126,0,0,0,0,0
[12:33:47.630] 11254,ECG,4067,-94,0,0,0,0,0
[12:33:47.630] 11254,ECG,4068,-278,0,0,0,0,0
[12:33:47.646] 11254,ECG,4069,-360,0,0,0,0,0
[12:33:47.678] 11259,ECG,4070,-309,0,0,0,0,0
[12:33:47.678] 11259,ECG,4071,-152,0,0,0,0,0
[12:33:47.803] 11264,ECG,4072,63,0,0,0,0,0
[12:33:47.835] 11264,ECG,4073,254,0,0,0,0,0
[12:33:47.835] 11264,ECG,4074,349,0,0,0,0,0
[12:33:47.851] 11269,ECG,4075,307,0,0,0,0,0
[12:33:47.884] 11269,ECG,4076,144,0,0,0,0,0
[12:33:47.884] 11274,ECG,4077,-76,0,0,0,0,0
[12:33:48.008] 11274,ECG,4078,-274,0,0,0,0,0
[12:33:48.008] 11274,ECG,4079,-382,0,0,0,0,0
[12:33:48.039] 11279,ECG,4080,-362,0,0,0,0,0
[12:33:48.070] 11279,ECG,4081,-223,0,0,0,0,0
[12:33:48.070] 11284,ECG,4082,-14,0,0,0,0,0
[12:33:48.086] 11284,ECG,4083,193,0,0,0,0,0
[12:33:48.229] 11284,ECG,4084,321,0,0,0,0,0
[12:33:48.229] 11289,ECG,4085,318,0,0,0,0,0
[12:33:48.244] 11289,ECG,4086,187,0,0,0,0,0
[12:33:48.244] 11294,ECG,4087,-18,0,0,0,0,0
[12:33:48.276] 11294,ECG,4088,-220,0,0,0,0,0
[12:33:48.307] 11294,ECG,4089,-349,0,0,0,0,0
[12:33:48.307] 11299,ECG,4090,-357,0,0,0,0,0
[12:33:48.431] 11299,ECG,4091,-244,0,0,0,0,0
[12:33:48.462] 11304,ECG,4092,-50,0,0,0,0,0
[12:33:48.462] 11304,ECG,4093,160,0,0,0,0,0
[12:33:48.477] 11304,ECG,4094,304,0,0,0,0,0
[12:33:48.509] 11309,ECG,4095,326,0,0,0,0,0
[12:33:48.509] 11310,ECG,4096,215,0,0,0,0,0
[12:33:48.648] 11310,ECG,4097,17,0,0,0,0,0
[12:33:48.648] 11315,ECG,4098,-197,0,0,0,0,0
[12:33:48.664] 11315,ECG,4099,-345,0,0,0,0,0
[12:33:48.695] 11315,ECG,4100,-377,0,0,0,0,0
[12:33:48.695] 11320,ECG,4101,-289,0,0,0,0,0
[12:33:48.725] 11320,ECG,4102,-109,0,0,0,0,0
[12:33:48.850] 11325,ECG,4103,105,0,0,0,0,0
[12:33:48.850] 11325,ECG,4104,264,0,0,0,0,0
[12:33:48.882] 11325,ECG,4105,310,0,0,0,0,0
[12:33:48.898] 11330,ECG,4106,224,0,0,0,0,0
[12:33:48.898] 11330,ECG,4107,38,0,0,0,0,0
[12:33:48.930] 11335,ECG,4108,-171,0,0,0,0,0
[12:33:48.930] 11335,ECG,4109,-330,0,0,0,0,0
[12:33:49.054] 11335,ECG,4110,-385,0,0,0,0,0
[12:33:49.085] 11340,ECG,4111,-313,0,0,0,0,0
[12:33:49.085] 11340,ECG,4112,-144,0,0,0,0,0
[12:33:49.117] 11345,ECG,4113,64,0,0,0,0,0
[12:33:49.132] 11345,ECG,4114,236,0,0,0,0,0
[12:33:49.132] 11345,ECG,4115,304,0,0,0,0,0
[12:33:49.272] 11350,ECG,4116,231,0,0,0,0,0
[12:33:49.272] 11350,ECG,4117,49,0,0,0,0,0
[12:33:49.288] 11350,ECG,4118,-172,0,0,0,0,0
[12:33:49.320] 11355,ECG,4119,-355,0,0,0,0,0
[12:33:49.320] 11355,ECG,4120,-440,0,0,0,0,0
[12:33:49.351] 11360,ECG,4121,-393,0,0,0,0,0
[12:33:49.475] 11360,ECG,4122,-237,0,0,0,0,0
[12:33:49.475] 11360,ECG,4123,-23,0,0,0,0,0
[12:33:49.506] 11365,ECG,4124,173,0,0,0,0,0
[12:33:49.537] 11365,ECG,4125,276,0,0,0,0,0
[12:33:49.537] 11370,ECG,4126,243,0,0,0,0,0
[12:33:49.553] 11370,ECG,4127,89,0,0,0,0,0
[12:33:49.553] 11370,ECG,4128,-125,0,0,0,0,0
[12:33:49.695] 11375,ECG,4129,-317,0,0,0,0,0
[12:33:49.710] 11375,ECG,4130,-418,0,0,0,0,0
[12:33:49.710] 11380,ECG,4131,-394,0,0,0,0,0
[12:33:49.741] 11380,ECG,4132,-254,0,0,0,0,0
[12:33:49.772] 11380,ECG,4133,-42,0,0,0,0,0
[12:33:49.772] 11385,ECG,4134,163,0,0,0,0,0
[12:33:49.898] 11385,ECG,4135,288,0,0,0,0,0
[12:33:49.898] 11390,ECG,4136,280,0,0,0,0,0
[12:33:49.929] 11390,ECG,4137,141,0,0,0,0,0
[12:33:49.945] 11390,ECG,4138,-73,0,0,0,0,0
[12:33:49.945] 11395,ECG,4139,-278,0,0,0,0,0
[12:33:49.976] 11395,ECG,4140,-408,0,0,0,0,0
[12:33:50.103] 11395,ECG,4141,-414,0,0,0,0,0
[12:33:50.103] 11400,ECG,4142,-294,0,0,0,0,0
[12:33:50.134] 11400,ECG,4143,-94,0,0,0,0,0
[12:33:50.150] 11405,ECG,4144,117,0,0,0,0,0
[12:33:50.150] 11405,ECG,4145,264,0,0,0,0,0
[12:33:50.181] 11405,ECG,4146,284,0,0,0,0,0
[12:33:50.181] 11410,ECG,4147,169,0,0,0,0,0
[12:33:50.322] 11410,ECG,4148,-35,0,0,0,0,0
[12:33:50.337] 11415,ECG,4149,-252,0,0,0,0,0
[12:33:50.337] 11415,ECG,4150,-400,0,0,0,0,0
[12:33:50.368] 11415,ECG,4151,-428,0,0,0,0,0
[12:33:50.399] 11420,ECG,4152,-334,0,0,0,0,0
[12:33:50.399] 11420,ECG,4153,-149,0,0,0,0,0
[12:33:50.524] 11425,ECG,4154,67,0,0,0,0,0
[12:33:50.555] 11425,ECG,4155,230,0,0,0,0,0
[12:33:50.555] 11425,ECG,4156,276,0,0,0,0,0
[12:33:50.571] 11430,ECG,4157,185,0,0,0,0,0
[12:33:50.571] 11430,ECG,4158,-7,0,0,0,0,0
[12:33:50.602] 11435,ECG,4159,-225,0,0,0,0,0
[12:33:50.729] 11435,ECG,4160,-394,0,0,0,0,0
[12:33:50.729] 11435,ECG,4161,-451,0,0,0,0,0
[12:33:50.761] 11440,ECG,4162,-379,0,0,0,0,0
[12:33:50.792] 11440,ECG,4163,-206,0,0,0,0,0
[12:33:50.792] 11445,ECG,4164,7,0,0,0,0,0
[12:33:50.808] 11445,ECG,4165,188,0,0,0,0,0
[12:33:50.808] 11445,ECG,4166,267,0,0,0,0,0
[12:33:50.949] 11450,ECG,4167,207,0,0,0,0,0
[12:33:50.964] 11450,ECG,4168,38,0,0,0,0,0
[12:33:50.964] 11450,ECG,4169,-172,0,0,0,0,0
[12:33:50.997] 11455,ECG,4170,-350,0,0,0,0,0
[12:33:51.028] 11455,ECG,4171,-426,0,0,0,0,0
[12:33:51.028] 11460,ECG,4172,-376,0,0,0,0,0
[12:33:51.153] 11460,ECG,4173,-221,0,0,0,0,0
[12:33:51.185] 11460,ECG,4174,-10,0,0,0,0,0
[12:33:51.185] 11465,ECG,4175,180,0,0,0,0,0
[12:33:51.200] 11465,ECG,4176,271,0,0,0,0,0
[12:33:51.200] 11470,ECG,4177,228,0,0,0,0,0
[12:33:51.232] 11470,ECG,4178,67,0,0,0,0,0
[12:33:51.358] 11470,ECG,4179,-156,0,0,0,0,0
[12:33:51.358] 11475,ECG,4180,-355,0,0,0,0,0
[12:33:51.389] 11475,ECG,4181,-461,0,0,0,0,0
[12:33:51.405] 11480,ECG,4182,-440,0,0,0,0,0
[12:33:51.405] 11480,ECG,4183,-299,0,0,0,0,0
[12:33:51.437] 11480,ECG,4184,-87,0,0,0,0,0
[12:33:51.437] 11485,ECG,4185,119,0,0,0,0,0
[12:33:51.563] 11485,ECG,4186,245,0,0,0,0,0
[12:33:51.595] 11485,ECG,4187,240,0,0,0,0,0
[12:33:51.595] 11490,ECG,4188,102,0,0,0,0,0
[12:33:51.627] 11490,ECG,4189,-108,0,0,0,0,0
[12:33:51.643] 11495,ECG,4190,-313,0,0,0,0,0
[12:33:51.643] 11495,ECG,4191,-447,0,0,0,0,0
[12:33:51.784] 11495,ECG,4192,-458,0,0,0,0,0
[12:33:51.800] 11500,ECG,4193,-343,0,0,0,0,0
[12:33:51.800] 11500,ECG,4194,-145,0,0,0,0,0
[12:33:51.831] 11505,ECG,4195,67,0,0,0,0,0
[12:33:51.831] 11505,ECG,4196,221,0,0,0,0,0
[12:33:51.862] 11505,ECG,4197,251,0,0,0,0,0
[12:33:51.988] 11510,ECG,4198,145,0,0,0,0,0
[12:33:51.988] 11510,ECG,4199,-49,0,0,0,0,0
[12:33:52.019] 11515,ECG,4200,-259,0,0,0,0,0
[12:33:52.035] 11515,ECG,4201,-410,0,0,0,0,0
[12:33:52.035] 11515,ECG,4202,-445,0,0,0,0,0
[12:33:52.066] 11520,ECG,4203,-356,0,0,0,0,0
[12:33:52.191] 11520,ECG,4204,-173,0,0,0,0,0
[12:33:52.191] 11525,ECG,4205,46,0,0,0,0,0
[12:33:52.223] 11525,ECG,4206,218,0,0,0,0,0
[12:33:52.223] 11525,ECG,4207,273,0,0,0,0,0
[12:33:52.254] 11530,ECG,4208,191,0,0,0,0,0
[12:33:52.270] 11530,ECG,4209,1,0,0,0,0,0
[12:33:52.270] 11530,ECG,4210,-221,0,0,0,0,0
[12:33:52.412] 11535,ECG,4211,-396,0,0,0,0,0
[12:33:52.428] 11535,ECG,4212,-458,0,0,0,0,0
[12:33:52.428] 11540,ECG,4213,-390,0,0,0,0,0
[12:33:52.459] 11540,ECG,4214,-213,0,0,0,0,0
[12:33:52.459] 11540,ECG,4215,7,0,0,0,0,0
[12:33:52.490] 11545,ECG,4216,193,0,0,0,0,0
[12:33:52.614] 11545,ECG,4217,274,0,0,0,0,0
[12:33:52.614] 11550,ECG,4218,214,0,0,0,0,0
[12:33:52.646] 11550,ECG,4219,36,0,0,0,0,0
[12:33:52.662] 11550,ECG,4220,-190,0,0,0,0,0
[12:33:52.662] 11555,ECG,4221,-382,0,0,0,0,0
[12:33:52.692] 11555,ECG,4222,-473,0,0,0,0,0
[12:33:52.832] 11560,ECG,4223,-432,0,0,0,0,0
[12:33:52.832] 11560,ECG,4224,-279,0,0,0,0,0
[12:33:52.847] 11560,ECG,4225,-65,0,0,0,0,0
[12:33:52.847] 11565,ECG,4226,132,0,0,0,0,0
[12:33:52.878] 11565,ECG,4227,239,0,0,0,0,0
[12:33:52.909] 11570,ECG,4228,211,0,0,0,0,0
[12:33:52.909] 11570,ECG,4229,62,0,0,0,0,0
[12:33:53.035] 11570,ECG,4230,-149,0,0,0,0,0
[12:33:53.066] 11575,ECG,4231,-345,0,0,0,0,0
[12:33:53.066] 11575,ECG,4232,-459,0,0,0,0,0
[12:33:53.082] 11575,ECG,4233,-446,0,0,0,0,0
[12:33:53.082] 11580,ECG,4234,-316,0,0,0,0,0
[12:33:53.112] 11580,ECG,4235,-111,0,0,0,0,0
[12:33:53.237] 11585,ECG,4236,94,0,0,0,0,0
[12:33:53.237] 11585,ECG,4237,225,0,0,0,0,0
[12:33:53.268] 11585,ECG,4238,225,0,0,0,0,0
[12:33:53.299] 11590,ECG,4239,92,0,0,0,0,0
[12:33:53.299] 11590,ECG,4240,-120,0,0,0,0,0
[12:33:53.315] 11595,ECG,4241,-334,0,0,0,0,0
[12:33:53.454] 11595,ECG,4242,-475,0,0,0,0,0
[12:33:53.454] 11595,ECG,4243,-494,0,0,0,0,0
[12:33:53.470] 11600,ECG,4244,-387,0,0,0,0,0
[12:33:53.470] 11600,ECG,4245,-188,0,0,0,0,0
[12:33:53.501] 11605,ECG,4246,32,0,0,0,0,0
[12:33:53.531] 11605,ECG,4247,196,0,0,0,0,0
[12:33:53.531] 11605,ECG,4248,242,0,0,0,0,0
[12:33:53.655] 11610,ECG,4249,150,0,0,0,0,0
[12:33:53.686] 11610,ECG,4250,-36,0,0,0,0,0
[12:33:53.686] 11615,ECG,4251,-242,0,0,0,0,0
[12:33:53.717] 11615,ECG,4252,-396,0,0,0,0,0
[12:33:53.733] 11615,ECG,4253,-437,0,0,0,0,0
[12:33:53.733] 11620,ECG,4254,-355,0,0,0,0,0
[12:33:53.875] 11620,ECG,4255,-180,0,0,0,0,0
[12:33:53.875] 11620,ECG,4256,31,0,0,0,0,0
[12:33:53.890] 11625,ECG,4257,199,0,0,0,0,0
[12:33:53.922] 11625,ECG,4258,255,0,0,0,0,0
[12:33:53.922] 11630,ECG,4259,174,0,0,0,0,0
[12:33:53.953] 11630,ECG,4260,-11,0,0,0,0,0
[12:33:54.076] 11630,ECG,4261,-227,0,0,0,0,0
[12:33:54.076] 11635,ECG,4262,-398,0,0,0,0,0
[12:33:54.107] 11635,ECG,4263,-461,0,0,0,0,0
[12:33:54.107] 11640,ECG,4264,-395,0,0,0,0,0
[12:33:54.137] 11640,ECG,4265,-226,0,0,0,0,0
[12:33:54.153] 11640,ECG,4266,-9,0,0,0,0,0
[12:33:54.153] 11645,ECG,4267,180,0,0,0,0,0
[12:33:54.293] 11645,ECG,4268,265,0,0,0,0,0
[12:33:54.308] 11650,ECG,4269,213,0,0,0,0,0
[12:33:54.308] 11650,ECG,4270,41,0,0,0,0,0
[12:33:54.339] 11650,ECG,4271,-178,0,0,0,0,0
[12:33:54.371] 11655,ECG,4272,-368,0,0,0,0,0
[12:33:54.371] 11655,ECG,4273,-459,0,0,0,0,0
[12:33:54.498] 11660,ECG,4274,-422,0,0,0,0,0
[12:33:54.498] 11660,ECG,4275,-271,0,0,0,0,0
[12:33:54.528] 11660,ECG,4276,-58,0,0,0,0,0
[12:33:54.543] 11665,ECG,4277,144,0,0,0,0,0
[12:33:54.543] 11665,ECG,4278,261,0,0,0,0,0
[12:33:54.574] 11670,ECG,4279,241,0,0,0,0,0
[12:33:54.714] 11670,ECG,4280,97,0,0,0,0,0
[12:33:54.714] 11670,ECG,4281,-111,0,0,0,0,0
[12:33:54.730] 11675,ECG,4282,-310,0,0,0,0,0
[12:33:54.730] 11675,ECG,4283,-425,0,0,0,0,0
[12:33:54.762] 11675,ECG,4284,-414,0,0,0,0,0
[12:33:54.778] 11680,ECG,4285,-287,0,0,0,0,0
[12:33:54.778] 11680,ECG,4286,-84,0,0,0,0,0
[12:33:54.917] 11685,ECG,4287,122,0,0,0,0,0
[12:33:54.949] 11685,ECG,4288,249,0,0,0,0,0
[12:33:54.949] 11685,ECG,4289,249,0,0,0,0,0
[12:33:54.964] 11690,ECG,4290,120,0,0,0,0,0
[12:33:54.995] 11690,ECG,4291,-91,0,0,0,0,0
[12:33:54.995] 11695,ECG,4292,-299,0,0,0,0,0
[12:33:55.119] 11695,ECG,4293,-432,0,0,0,0,0
[12:33:55.119] 11695,ECG,4294,-445,0,0,0,0,0
[12:33:55.150] 11700,ECG,4295,-333,0,0,0,0,0
[12:33:55.181] 11700,ECG,4296,-136,0,0,0,0,0
[12:33:55.181] 11705,ECG,4297,76,0,0,0,0,0
[12:33:55.196] 11705,ECG,4298,229,0,0,0,0,0
[12:33:55.338] 11705,ECG,4299,260,0,0,0,0,0
[12:33:55.338] 11710,ECG,4300,152,0,0,0,0,0
[12:33:55.353] 11710,ECG,4301,-45,0,0,0,0,0
[12:33:55.385] 11710,ECG,4302,-258,0,0,0,0,0
[12:33:55.385] 11715,ECG,4303,-415,0,0,0,0,0
[12:33:55.416] 11715,ECG,4304,-456,0,0,0,0,0
[12:33:55.416] 11720,ECG,4305,-368,0,0,0,0,0
[12:33:55.540] 11720,ECG,4306,-184,0,0,0,0,0
[12:33:55.571] 11720,ECG,4307,34,0,0,0,0,0
[12:33:55.571] 11725,ECG,4308,209,0,0,0,0,0
[12:33:55.602] 11725,ECG,4309,273,0,0,0,0,0
[12:33:55.618] 11730,ECG,4310,199,0,0,0,0,0
[12:33:55.618] 11730,ECG,4311,15,0,0,0,0,0
[12:33:55.758] 11730,ECG,4312,-207,0,0,0,0,0
[12:33:55.758] 11735,ECG,4313,-389,0,0,0,0,0
[12:33:55.774] 11735,ECG,4314,-465,0,0,0,0,0
[12:33:55.805] 11740,ECG,4315,-413,0,0,0,0,0
[12:33:55.805] 11740,ECG,4316,-248,0,0,0,0,0
[12:33:55.837] 11740,ECG,4317,-28,0,0,0,0,0
[12:33:55.961] 11745,ECG,4318,168,0,0,0,0,0
[12:33:55.961] 11745,ECG,4319,266,0,0,0,0,0
[12:33:55.992] 11750,ECG,4320,228,0,0,0,0,0
[12:33:56.008] 11750,ECG,4321,66,0,0,0,0,0
[12:33:56.008] 11750,ECG,4322,-150,0,0,0,0,0
[12:33:56.040] 11755,ECG,4323,-341,0,0,0,0,0
[12:33:56.040] 11755,ECG,4324,-441,0,0,0,0,0
[12:33:56.165] 11760,ECG,4325,-414,0,0,0,0,0
[12:33:56.196] 11760,ECG,4326,-270,0,0,0,0,0
[12:33:56.196] 11760,ECG,4327,-59,0,0,0,0,0
[12:33:56.227] 11765,ECG,4328,146,0,0,0,0,0
[12:33:56.243] 11765,ECG,4329,268,0,0,0,0,0
[12:33:56.243] 11765,ECG,4330,256,0,0,0,0,0
[12:33:56.385] 11770,ECG,4331,116,0,0,0,0,0
[12:33:56.385] 11770,ECG,4332,-92,0,0,0,0,0
[12:33:56.401] 11775,ECG,4333,-295,0,0,0,0,0
[12:33:56.433] 11775,ECG,4334,-418,0,0,0,0,0
[12:33:56.433] 11775,ECG,4335,-416,0,0,0,0,0
[12:33:56.463] 11780,ECG,4336,-296,0,0,0,0,0
[12:33:56.587] 11780,ECG,4337,-100,0,0,0,0,0
[12:33:56.587] 11785,ECG,4338,105,0,0,0,0,0
[12:33:56.618] 11785,ECG,4339,239,0,0,0,0,0
[12:33:56.634] 11785,ECG,4340,248,0,0,0,0,0
[12:33:56.634] 11790,ECG,4341,123,0,0,0,0,0
[12:33:56.665] 11790,ECG,4342,-85,0,0,0,0,0
[12:33:56.665] 11795,ECG,4343,-297,0,0,0,0,0
[12:33:56.805] 11795,ECG,4344,-436,0,0,0,0,0
[12:33:56.822] 11795,ECG,4345,-454,0,0,0,0,0
[12:33:56.822] 11800,ECG,4346,-346,0,0,0,0,0
[12:33:56.852] 11800,ECG,4347,-148,0,0,0,0,0
[12:33:56.883] 11800,ECG,4348,72,0,0,0,0,0
[12:33:56.883] 11805,ECG,4349,231,0,0,0,0,0
[12:33:57.007] 11805,ECG,4350,272,0,0,0,0,0
[12:33:57.038] 11810,ECG,4351,174,0,0,0,0,0
[12:33:57.038] 11810,ECG,4352,-23,0,0,0,0,0
[12:33:57.054] 11810,ECG,4353,-243,0,0,0,0,0
[12:33:57.054] 11815,ECG,4354,-410,0,0,0,0,0
[12:33:57.085] 11815,ECG,4355,-462,0,0,0,0,0
[12:33:57.209] 11820,ECG,4356,-384,0,0,0,0,0
[12:33:57.209] 11820,ECG,4357,-207,0,0,0,0,0
[12:33:57.240] 11820,ECG,4358,13,0,0,0,0,0
[12:33:57.272] 11825,ECG,4359,197,0,0,0,0,0
[12:33:57.272] 11825,ECG,4360,273,0,0,0,0,0
[12:33:57.287] 11830,ECG,4361,211,0,0,0,0,0
[12:33:57.287] 11830,ECG,4362,39,0,0,0,0,0
[12:33:57.428] 11830,ECG,4363,-173,0,0,0,0,0
[12:33:57.443] 11835,ECG,4364,-348,0,0,0,0,0
[12:33:57.443] 11835,ECG,4365,-423,0,0,0,0,0
[12:33:57.475] 11840,ECG,4366,-371,0,0,0,0,0
[12:33:57.507] 11840,ECG,4367,-212,0,0,0,0,0
[12:33:57.507] 11840,ECG,4368,4,0,0,0,0,0
[12:33:57.629] 11845,ECG,4369,195,0,0,0,0,0
[12:33:57.660] 11845,ECG,4370,290,0,0,0,0,0
[12:33:57.660] 11845,ECG,4371,253,0,0,0,0,0
[12:33:57.691] 11850,ECG,4372,95,0,0,0,0,0
[12:33:57.691] 11850,ECG,4373,-121,0,0,0,0,0
[12:33:57.706] 11855,ECG,4374,-314,0,0,0,0,0
[12:33:57.848] 11855,ECG,4375,-415,0,0,0,0,0
[12:33:57.848] 11855,ECG,4376,-393,0,0,0,0,0
[12:33:57.864] 11860,ECG,4377,-256,0,0,0,0,0
[12:33:57.895] 11860,ECG,4378,-51,0,0,0,0,0
[12:33:57.895] 11865,ECG,4379,146,0,0,0,0,0
[12:33:57.926] 11865,ECG,4380,264,0,0,0,0,0
[12:33:58.054] 11865,ECG,4381,252,0,0,0,0,0
[12:33:58.054] 11870,ECG,4382,110,0,0,0,0,0
[12:33:58.085] 11870,ECG,4383,-101,0,0,0,0,0
[12:33:58.085] 11875,ECG,4384,-304,0,0,0,0,0
[12:33:58.101] 11875,ECG,4385,-431,0,0,0,0,0
[12:33:58.131] 11875,ECG,4386,-433,0,0,0,0,0
[12:33:58.131] 11880,ECG,4387,-314,0,0,0,0,0
[12:33:58.257] 11880,ECG,4388,-116,0,0,0,0,0
[12:33:58.289] 11885,ECG,4389,92,0,0,0,0,0
[12:33:58.289] 11885,ECG,4390,234,0,0,0,0,0
[12:33:58.320] 11885,ECG,4391,250,0,0,0,0,0
[12:33:58.320] 11890,ECG,4392,133,0,0,0,0,0
[12:33:58.336] 11890,ECG,4393,-69,0,0,0,0,0
[12:33:58.476] 11895,ECG,4394,-282,0,0,0,0,0
[12:33:58.476] 11895,ECG,4395,-429,0,0,0,0,0
[12:33:58.492] 11895,ECG,4396,-457,0,0,0,0,0
[12:33:58.524] 11900,ECG,4397,-360,0,0,0,0,0
[12:33:58.524] 11900,ECG,4398,-167,0,0,0,0,0
[12:33:58.556] 11900,ECG,4399,56,0,0,0,0,0
[12:33:58.682] 11905,ECG,4400,223,0,0,0,0,0
[12:33:58.682] 11905,ECG,4401,278,0,0,0,0,0
[12:33:58.713] 11910,ECG,4402,192,0,0,0,0,0
[12:33:58.713] 11910,ECG,4403,0,0,0,0,0,0
[12:33:58.728] 11910,ECG,4404,-219,0,0,0,0,0
[12:33:58.759] 11915,ECG,4405,-389,0,0,0,0,0
[12:33:58.759] 11915,ECG,4406,-453,0,0,0,0,0
[12:33:58.885] 11920,ECG,4407,-385,0,0,0,0,0
[12:33:58.916] 11920,ECG,4408,-212,0,0,0,0,0
[12:33:58.916] 11920,ECG,4409,5,0,0,0,0,0
[12:33:58.947] 11925,ECG,4410,186,0,0,0,0,0
[12:33:58.947] 11925,ECG,4411,262,0,0,0,0,0
[12:33:58.963] 11930,ECG,4412,198,0,0,0,0,0
[12:33:59.102] 11930,ECG,4413,25,0,0,0,0,0
[12:33:59.102] 11930,ECG,4414,-190,0,0,0,0,0
[12:33:59.118] 11935,ECG,4415,-371,0,0,0,0,0
[12:33:59.149] 11935,ECG,4416,-449,0,0,0,0,0
[12:33:59.149] 11935,ECG,4417,-398,0,0,0,0,0
[12:33:59.180] 11940,ECG,4418,-243,0,0,0,0,0
[12:33:59.306] 11940,ECG,4419,-33,0,0,0,0,0
[12:33:59.306] 11945,ECG,4420,156,0,0,0,0,0
[12:33:59.337] 11945,ECG,4421,250,0,0,0,0,0
[12:33:59.337] 11945,ECG,4422,208,0,0,0,0,0
[12:33:59.352] 11950,ECG,4423,44,0,0,0,0,0
[12:33:59.384] 11950,ECG,4424,-173,0,0,0,0,0
[12:33:59.384] 11955,ECG,4425,-369,0,0,0,0,0
[12:33:59.524] 11955,ECG,4426,-476,0,0,0,0,0
[12:33:59.539] 11955,ECG,4427,-455,0,0,0,0,0
[12:33:59.539] 11960,ECG,4428,-318,0,0,0,0,0
[12:33:59.572] 11960,ECG,4429,-112,0,0,0,0,0
[12:33:59.588] 11965,ECG,4430,95,0,0,0,0,0
[12:33:59.588] 11965,ECG,4431,223,0,0,0,0,0
[12:33:59.728] 11965,ECG,4432,221,0,0,0,0,0
[12:33:59.728] 11970,ECG,4433,89,0,0,0,0,0
[12:33:59.744] 11970,ECG,4434,-117,0,0,0,0,0
[12:33:59.775] 11975,ECG,4435,-324,0,0,0,0,0
[12:33:59.775] 11975,ECG,4436,-459,0,0,0,0,0
[12:33:59.806] 11975,ECG,4437,-470,0,0,0,0,0
[12:33:59.930] 11980,ECG,4438,-362,0,0,0,0,0
[12:33:59.930] 11980,ECG,4439,-169,0,0,0,0,0
[12:33:59.961] 11985,ECG,4440,39,0,0,0,0,0
[12:33:59.961] 11985,ECG,4441,189,0,0,0,0,0
[12:33:59.992] 11985,ECG,4442,218,0,0,0,0,0
[12:34:00.008] 11990,ECG,4443,112,0,0,0,0,0
[12:34:00.008] 11990,ECG,4444,-79,0,0,0,0,0
[12:34:00.149] 11990,ECG,4445,-285,0,0,0,0,0
[12:34:00.164] 11995,ECG,4446,-431,0,0,0,0,0
[12:34:00.164] 11995,ECG,4447,-460,0,0,0,0,0
[12:34:00.196] 12000,ECG,4448,-368,0,0,0,0,0
[12:34:00.226] 12000,ECG,4449,-183,0,0,0,0,0
[12:34:00.226] 12000,ECG,4450,32,0,0,0,0,0
[12:34:00.350] 12005,ECG,4451,193,0,0,0,0,0
[12:34:00.350] 12005,ECG,4452,241,0,0,0,0,0
[12:34:00.382] 12010,ECG,4453,157,0,0,0,0,0
[12:34:00.397] 12010,ECG,4454,-33,0,0,0,0,0
[12:34:00.397] 12010,ECG,4455,-253,0,0,0,0,0
[12:34:00.429] 12015,ECG,4456,-420,0,0,0,0,0
[12:34:00.570] 12015,ECG,4457,-479,0,0,0,0,0
[12:34:00.570] 12020,ECG,4458,-414,0,0,0,0,0
[12:34:00.585] 12020,ECG,4459,-243,0,0,0,0,0
[12:34:00.616] 12020,ECG,4460,-29,0,0,0,0,0
[12:34:00.616] 12025,ECG,4461,152,0,0,0,0,0
[12:34:00.647] 12025,ECG,4462,233,0,0,0,0,0
[12:34:00.647] 12030,ECG,4463,176,0,0,0,0,0
[12:34:00.771] 12030,ECG,4464,4,0,0,0,0,0
