[13:35:50.434] ❌ 连接失败，重试中...
[13:35:53.700] ❌ 连接失败，重试中...
[13:35:54.841] ✅ 连接成功，开始接收数据
[13:35:57.345] [ECG_V1] Sensor task started
[13:35:57.345] [SENSOR] before MAX30003_Init
[13:35:57.346] [MAX30003] Initializing...
[13:35:57.346] [MAX30003_INIT] step=cs
[13:35:57.360] [MAX30003_INIT] step=sw_reset
[13:35:57.391] [MAX30003_INIT] step=status1
[13:35:57.391] [MAX30003_INIT] step=status2
[13:35:57.392] [MAX30003_INIT] step=info1
[13:35:57.392] [MAX30003_INIT] step=info2
[13:35:57.393] [MAX30003_INIT] step=info3
[13:35:57.393] [MAX30003] INFO=0x513639
[13:35:57.393] [MAX30003_INIT] step=cnfg_ecg
[13:35:57.393] [MAX30003][OK] CNFG_ECG = 0x025000
[13:35:57.394] [MAX30003_INIT] step=cnfg_gen
[13:35:57.407] [MAX30003][OK] CNFG_GEN = 0x081217
[13:35:57.408] [MAX30003][OK] CNFG_CAL = 0x000000
[13:35:57.408] NFG_EMUX = 0x000000
[13:35:57.409] [MAX30003_INIT] step=mngr_dyn_skip
[13:35:57.499] [MAX30003_INIT] step=pll_wait
[13:35:57.515] [MAX30003_INIT] step=en_int
[13:35:57.515] [MAX30003][OK] EN_INT = 0x000002
[13:35:57.515] [MAX30003][OK] MNGR_INT = 0x200000
[13:35:57.516] [MAX30003] Init done. STATUS=0x000100
[13:35:57.530] [SENSOR] after MAX30003_Init
[13:35:57.562] [SENSOR] after MAX30003_INIT_DONE log
[13:35:57.562] [SDDBG] new log opened path=0:/log_001.txt
[13:35:57.577] [MS_SD] mount begin file=0:/ecg_001.csv
[13:35:57.577] [MS_SD] mount ok
[13:35:57.577] [MS_SD] open begin file=0:/ecg_001.csv
[13:35:57.578] [MS_SD] open ok
[13:35:57.593] [MS_SD] header ok bw=41
[13:35:57.594] [MS_SD] first sync res=0
[13:35:57.594] [MS_SD] file opened and released
[13:35:57.594] [REC] record start file_opened=1 tick=3293
[13:35:57.594] [REC] before MAX30003_StartStream tick=3294
[13:35:57.595] [MAX30003_INIT] step=fifo_synch
[13:35:57.654] [MAX30003] StartStream status1=0x100109 status2=0x100109 status3=0x100109
[13:35:57.670] [REC] after MAX30003_StartStream tick=3297 start_tick=3230
[13:35:59.447] [MIC] open ok file=0:/mic_001.wav
[13:35:59.448] [MIC] dma_start ret=0 words=16384 bytes=65536
[13:36:01.191] [MIC] write halves=8 bytes=65536 raw=00000002..00ffffff pcm=0..255 drops=0
[13:36:02.935] [MIC] write halves=16 bytes=131072 raw=00000002..00fffffe pcm=0..255 drops=0
[13:36:04.696] [MIC] write halves=24 bytes=196608 raw=00000000..00ffffff pcm=0..255 drops=0
[13:36:06.445] [MIC] write halves=32 bytes=262144 raw=00000001..00fffffd pcm=0..255 drops=0
[13:36:07.540] [MIC] write halves=40 bytes=327680 raw=00000004..00fffffd pcm=0..255 drops=0
[13:36:07.541] [ECG_AUTO_STOP] t=13233
[13:36:07.555] [MAX30003] StopStream done. STATUS=0x100109
[13:36:07.556] [SDDBG][ERR] open path=0:/log_001.txt res=18
[13:36:07.557] [SDDBG][ERR] open path=0:/log_001.txt res=18
[13:36:07.557] [SDDBG][ERR] open path=0:/log_001.txt res=18
[13:36:07.758] [SDDBG][ERR] open path=0:/log_001.txt res=18
[13:36:07.758] [REC_STOP]
[13:36:07.834] [MS_SD] close final_sync=0 close=0 bytes=154330 ecg_written=5076
[13:36:07.834] [DUMP_REQ]
[13:36:07.865] [DUMP_BEGIN]
[13:36:07.896] [DATA_FILE_BEGIN]
[13:36:07.912] timestamp_ms,type,seq,v1,v2,v3,v4,v5,v6
[13:36:07.944] 3303,ECG,0,0,0,0,0,0,0
[13:36:07.944] 3303,ECG,1,-1,0,0,0,0,0
[13:36:07.975] 3303,ECG,2,-5,0,0,0,0,0
[13:36:07.975] 3303,ECG,3,1,0,0,0,0,0
[13:36:07.991] 3308,ECG,4,6,0,0,0,0,0
[13:36:07.991] 3308,ECG,5,-15,0,0,0,0,0
[13:36:08.022] 3313,ECG,6,32,0,0,0,0,0
[13:36:08.023] 3313,ECG,7,-12,0,0,0,0,0
[13:36:08.053] 3313,ECG,8,-26,0,0,0,0,0
[13:36:08.068] 3318,ECG,9,129,0,0,0,0,0
[13:36:08.068] 3318,ECG,10,-646,0,0,0,0,0
[13:36:08.100] 3318,ECG,11,-1843,0,0,0,0,0
[13:36:08.100] 3323,ECG,12,-1620,0,0,0,0,0
[13:36:08.132] 3323,ECG,13,7,0,0,0,0,0
[13:36:08.133] 3328,ECG,14,3075,0,0,0,0,0
[13:36:08.148] 3328,ECG,15,7813,0,0,0,0,0
[13:36:08.179] 3328,ECG,16,13403,0,0,0,0,0
[13:36:08.179] 3333,ECG,17,18845,0,0,0,0,0
[13:36:08.195] 3333,ECG,18,23178,0,0,0,0,0
[13:36:08.196] 3338,ECG,19,25510,0,0,0,0,0
[13:36:08.227] 3338,ECG,20,26080,0,0,0,0,0
[13:36:08.259] 3338,ECG,21,25562,0,0,0,0,0
[13:36:08.259] 3343,ECG,22,23760,0,0,0,0,0
[13:36:08.275] 3343,ECG,23,22239,0,0,0,0,0
[13:36:08.275] 3348,ECG,24,22523,0,0,0,0,0
[13:36:08.306] 3348,ECG,25,23429,0,0,0,0,0
[13:36:08.338] 3348,ECG,26,24472,0,0,0,0,0
[13:36:08.338] 3353,ECG,27,25485,0,0,0,0,0
[13:36:08.353] 3353,ECG,28,25728,0,0,0,0,0
[13:36:08.383] 3358,ECG,29,25292,0,0,0,0,0
[13:36:08.383] 3358,ECG,30,24338,0,0,0,0,0
[13:36:08.415] 3358,ECG,31,22968,0,0,0,0,0
[13:36:08.416] 3363,ECG,32,21768,0,0,0,0,0
[13:36:08.431] 3363,ECG,33,21181,0,0,0,0,0
[13:36:08.446] 3363,ECG,34,21114,0,0,0,0,0
[13:36:08.446] 3368,ECG,35,21570,0,0,0,0,0
[13:36:08.462] 3368,ECG,36,22496,0,0,0,0,0
[13:36:08.462] 3373,ECG,37,23370,0,0,0,0,0
[13:36:08.493] 3373,EC[MIC][ERR] write res=15 bytes=376832
[13:36:08.509] G,38,23754,0,0,0,0,0
[13:36:08.540] 3373,ECG,39,23426,0,0,0,0,0
[13:36:08.541] 3378,ECG,40,22416,0,0,0,0,0
[13:36:08.572] 3378,ECG,41,21149,0,0,0,0,0
[13:36:08.572] 3383,ECG,42,20044,0,0,0,0,0
[13:36:08.588] 3383,ECG,43,19349,0,0,0,0,0
[13:36:08.620] 3383,ECG,44,19262,0,0,0,0,0
[13:36:08.620] 3388,ECG,45,19829,0,0,0,0,0
[13:36:08.651] 3388,ECG,46,20806,0,0,0,0,0
[13:36:08.651] 3393,ECG,47,21773,0,0,0,0,0
[13:36:08.667] 3393,ECG,48,22441,0,0,0,0,0
[13:36:08.698] 3393,ECG,49,22426,0,0,0,0,0
[13:36:08.699] 3398,ECG,50,21590,0,0,0,0,0
[13:36:08.729] 3398,ECG,51,20440,0,0,0,0,0
[13:36:08.730] 3403,ECG,52,19276,0,0,0,0,0
[13:36:08.745] 3403,ECG,53,18350,0,0,0,0,0
[13:36:08.776] 3403,ECG,54,18097,0,0,0,0,0
[13:36:08.777] 3408,ECG,55,18465,0,0,0,0,0
[13:36:08.808] 3408,ECG,56,19240,0,0,0,0,0
[13:36:08.809] 3408,ECG,57,20285,0,0,0,0,0
[13:36:08.824] 3413,ECG,58,21142,0,0,0,0,0
[13:36:08.854] 3413,ECG,59,21316,0,0,0,0,0
[13:36:08.854] 3418,ECG,60,20785,0,0,0,0,0
[13:36:08.887] 3418,ECG,61,19737,0,0,0,0,0
[13:36:08.887] 3418,ECG,62,18464,0,0,0,0,0
[13:36:08.910] 3423,ECG,63,17476,0,0,0,0,0
[13:36:08.931] 3423,ECG,64,17036,0,0,0,0,0
[13:36:08.932] 3428,ECG,65,17170,0,0,0,0,0
[13:36:08.963] 3428,ECG,66,17813,0,0,0,0,0
[13:36:08.964] 3428,ECG,67,18693,0,0,0,0,0
[13:36:08.978] 3433,ECG,68,19393,0,0,0,0,0
[13:36:09.009] 3433,ECG,69,19598,0,0,0,0,0
[13:36:09.010] 3438,ECG,70,19180,0,0,0,0,0
[13:36:09.041] 3438,ECG,71,18147,0,0,0,0,0
[13:36:09.042] 3438,ECG,72,16906,0,0,0,0,0
[13:36:09.056] 3443,ECG,73,15956,0,0,0,0,0
[13:36:09.088] 3443,ECG,74,15497,0,0,0,0,0
[13:36:09.088] 3448,ECG,75,15682,0,0,0,0,0
[13:36:09.119] 3448,ECG,76,16448,0,0,0,0,0
[13:36:09.135] 3448,ECG,77,17438,0,0,0,0,0
[13:36:09.135] 3453,ECG,78,18349,0,0,0,0,0
[13:36:09.166] 3453,ECG,79,18853,0,0,0,0,0
[13:36:09.166] 3453,ECG,80,18575,0,0,0,0,0
[13:36:09.196] 3458,ECG,81,17617,0,0,0,0,0
[13:36:09.212] 3458,ECG,82,16520,0,0,0,0,0
[13:36:09.213] 3463,ECG,83,15520,0,0,0,0,0
[13:36:09.244] 3463,ECG,84,14906,0,0,0,0,0
[13:36:09.244] 3463,ECG,85,15087,0,0,0,0,0
[13:36:09.275] 3468,ECG,86,15820,0,0,0,0,0
[13:36:09.291] 3468,ECG,87,16748,0,0,0,0,0
[13:36:09.291] 3473,ECG,88,17618,0,0,0,0,0
[13:36:09.322] 3473,ECG,89,17992,0,0,0,0,0
[13:36:09.322] 3473,ECG,90,17615,0,0,0,0,0
[13:36:09.353] 3478,ECG,91,16556,0,0,0,0,0
[13:36:09.369] 3478,ECG,92,15197,0,0,0,0,0
[13:36:09.370] 3483,ECG,93,13974,0,0,0,0,0
[13:36:09.399] 3483,ECG,94,13309,0,0,0,0,0
[13:36:09.400] 3483,ECG,95,13398,0,0,0,0,0
[13:36:09.430] 3488,ECG,96,14015,0,0,0,0,0
[13:36:09.446] 3488,ECG,97,15042,0,0,0,0,0
[13:36:09.447] 3493,ECG,98,16136,0,0,0,0,0
[13:36:09.477] 3493,ECG,99,16656,0,0,0,0,0
[13:36:09.477] 3493,ECG,100,16467,0,0,0,0,0
[13:36:09.507] 3498,ECG,101,15680,0,0,0,0,0
[13:36:09.523] 3498,ECG,102,14418,0,0,0,0,0
[13:36:09.523] 3498,ECG,103,13193,0,0,0,0,0
[13:36:09.554] 3503,ECG,104,12499,0,0,0,0,0
[13:36:09.585] 3503,ECG,105,12398,0,0,0,0,0
[13:36:09.585] 3508,ECG,106,12941,0,0,0,0,0
[13:36:09.600] 3508,ECG,107,13997,0,0,0,0,0
[13:36:09.600] 3508,ECG,108,15084,0,0,0,0,0
[13:36:09.632] 3513,ECG,109,15859,0,0,0,0,0
[13:36:09.663] 3513,ECG,110,16017,0,0,0,0,0
[13:36:09.663] 3518,ECG,111,15295,0,0,0,0,0
[13:36:09.680] 3518,ECG,112,14016,0,0,0,0,0
[13:36:09.712] 3518,ECG,113,12766,0,0,0,0,0
[13:36:09.712] 3523,ECG,114,11847,0,0,0,0,0
[13:36:09.742] 3523,ECG,115,11509,0,0,0,0,0
[13:36:09.742] 3528,ECG,116,11869,0,0,0,0,0
[13:36:09.758] 3528,ECG,117,12769,0,0,0,0,0
[13:36:09.789] 3528,ECG,118,13931,0,0,0,0,0
[13:36:09.789] 3533,ECG,119,14885,0,0,0,0,0
[13:36:09.820] 3533,ECG,120,15241,0,0,0,0,0
[13:36:09.835] 3538,ECG,121,14842,0,0,0,0,0
[13:36:09.836] 3538,ECG,122,13797,0,0,0,0,0
[13:36:09.866] 3538,ECG,123,12505,0,0,0,0,0
[13:36:09.867] 3543,ECG,124,11355,0,0,0,0,0
[13:36:09.897] 3543,ECG,125,10811,0,0,0,0,0
[13:36:09.912] 3543,ECG,126,11084,0,0,0,0,0
[13:36:09.913] 3548,ECG,127,11857,0,0,0,0,0
[13:36:09.943] 3548,ECG,128,12914,0,0,0,0,0
[13:36:09.974] 3553,ECG,129,13933,0,0,0,0,0
[13:36:09.975] 3553,ECG,130,14355,0,0,0,0,0
[13:36:10.005] 3553,ECG,131,14021,0,0,0,0,0
[13:36:10.005] 3558,ECG,132,13050,0,0,0,0,0
[13:36:10.021] 3558,ECG,133,11701,0,0,0,0,0
[13:36:10.051] 3563,ECG,134,10496,0,0,0,0,0
[13:36:10.051] 3563,ECG,135,9795,0,0,0,0,0
[13:36:10.082] 3563,ECG,136,9683,0,0,0,0,0
[13:36:10.098] 3568,ECG,137,10203,0,0,0,0,0
[13:36:10.099] 3568,ECG,138,11143,0,0,0,0,0
[13:36:10.130] 3573,ECG,139,12034,0,0,0,0,0
[13:36:10.130] 3573,ECG,140,12499,0,0,0,0,0
[13:36:10.162] 3573,ECG,141,12337,0,0,0,0,0
[13:36:10.177] 3578,ECG,142,11579,0,0,0,0,0
[13:36:10.178] 3578,ECG,143,10611,0,0,0,0,0
[13:36:10.208] 3583,ECG,144,9769,0,0,0,0,0
[13:36:10.209] 3583,ECG,145,9278,0,0,0,0,0
[13:36:10.240] 3583,ECG,146,9407,0,0,0,0,0
[13:36:10.256] 3588,ECG,147,9974,0,0,0,0,0
[13:36:10.256] 3588,ECG,148,10777,0,0,0,0,0
[13:36:10.288] 3588,ECG,149,11697,0,0,0,0,0
[13:36:10.304] 3593,ECG,150,12246,0,0,0,0,0
[13:36:10.305] 3593,ECG,151,12120,0,0,0,0,0
[13:36:10.335] 3598,ECG,152,11290,0,0,0,0,0
[13:36:10.336] 3598,ECG,153,10082,0,0,0,0,0
[13:36:10.366] 3598,ECG,154,8996,0,0,0,0,0
[13:36:10.381] 3603,ECG,155,8287,0,0,0,0,0
[13:36:10.382] 3603,ECG,156,8095,0,0,0,0,0
[13:36:10.412] 3608,ECG,157,8463,0,0,0,0,0
[13:36:10.412] 3608,ECG,158,9345,0,0,0,0,0
[13:36:10.443] 3608,ECG,159,10384,0,0,0,0,0
[13:36:10.475] 3613,ECG,160,11179,0,0,0,0,0
[13:36:10.475] 3613,ECG,161,11482,0,0,0,0,0
[13:36:10.490] 3618,ECG,162,11001,0,0,0,0,0
[13:36:10.521] 3618,ECG,163,9934,0,0,0,0,0
[13:36:10.522] 3618,ECG,164,8844,0,0,0,0,0
[13:36:10.551] 3623,ECG,165,8055,0,0,0,0,0
[13:36:10.552] 3623,ECG,166,7819,0,0,0,0,0
[13:36:10.567] 3628,ECG,167,8231,0,0,0,0,0
[13:36:10.598] 3628,ECG,168,9038,0,0,0,0,0
[13:36:10.598] 3628,ECG,169,10030,0,0,0,0,0
[13:36:10.630] 3633,ECG,170,11007,0,0,0,0,0
[13:36:10.630] 3633,ECG,171,11480,0,0,0,0,0
[13:36:10.645] 3633,ECG,172,11117,0,0,0,0,0
[13:36:10.676] 3638,ECG,173,10113,0,0,0,0,0
[13:36:10.677] 3638,ECG,174,8866,0,0,0,0,0
[13:36:10.707] 3643,ECG,175,7766,0,0,0,0,0
[13:36:10.723] 3643,ECG,176,7241,0,0,0,0,0
[13:36:10.723] 3643,ECG,177,7279,0,0,0,0,0
[13:36:10.755] 3648,ECG,178,7817,0,0,0,0,0
[13:36:10.756] 3648,ECG,179,8871,0,0,0,0,0
[13:36:10.787] 3653,ECG,180,9887,0,0,0,0,0
[13:36:10.802] 3653,ECG,181,10457,0,0,0,0,0
[13:36:10.802] 3653,ECG,182,10418,0,0,0,0,0
[13:36:10.833] 3658,ECG,183,9610,0,0,0,0,0
[13:36:10.833] 3658,ECG,184,8384,0,0,0,0,0
[13:36:10.864] 3663,ECG,185,7271,0,0,0,0,0
[13:36:10.879] 3663,ECG,186,6553,0,0,0,0,0
[13:36:10.880] 3663,ECG,187,6477,0,0,0,0,0
[13:36:10.910] 3668,ECG,188,7120,0,0,0,0,0
[13:36:10.910] 3668,ECG,189,8144,0,0,0,0,0
[13:36:10.942] 3673,ECG,190,9214,0,0,0,0,0
[13:36:10.958] 3673,ECG,191,10072,0,0,0,0,0
[13:36:10.958] 3673,ECG,192,10223,0,0,0,0,0
[13:36:10.989] 3678,ECG,193,9514,0,0,0,0,0
[13:36:10.990] 3678,ECG,194,8387,0,0,0,0,0
[13:36:11.020] 3683,ECG,195,7207,0,0,0,0,0
[13:36:11.036] 3683,ECG,196,6422,0,0,0,0,0
[13:36:11.036] 3683,ECG,197,6335,0,0,0,0,0
[13:36:11.067] 3688,ECG,198,6779,0,0,0,0,0
[13:36:11.067] 3688,ECG,199,7729,0,0,0,0,0
[13:36:11.099] 3688,ECG,200,8884,0,0,0,0,0
[13:36:11.114] 3693,ECG,201,9715,0,0,0,0,0
[13:36:11.114] 3693,ECG,202,9941,0,0,0,0,0
[13:36:11.145] 3698,ECG,203,9360,0,0,0,0,0
[13:36:11.177] 3698,ECG,204,8158,0,0,0,0,0
[13:36:11.177] 3698,ECG,205,6797,0,0,0,0,0
[13:36:11.192] 3703,ECG,206,5809,0,0,0,0,0
[13:36:11.192] 3703,ECG,207,5483,0,0,0,0,0
[13:36:11.224] 3708,ECG,208,5876,0,0,0,0,0
[13:36:11.255] 3708,ECG,209,6912,0,0,0,0,0
[13:36:11.255] 3708,ECG,210,8057,0,0,0,0,0
[13:36:11.271] 3713,ECG,211,8982,0,0,0,0,0
[13:36:11.271] 3713,ECG,212,9376,0,0,0,0,0
[13:36:11.302] 3718,ECG,213,8930,0,0,0,0,0
[13:36:11.334] 3718,ECG,214,7914,0,0,0,0,0
[13:36:11.334] 3718,ECG,215,6602,0,0,0,0,0
[13:36:11.349] 3723,ECG,216,5491,0,0,0,0,0
[13:36:11.350] 3723,ECG,217,5052,0,0,0,0,0
[13:36:11.381] 3723,ECG,218,5234,0,0,0,0,0
[13:36:11.397] 3728,ECG,219,5929,0,0,0,0,0
[13:36:11.398] 3728,ECG,220,6965,0,0,0,0,0
[13:36:11.428] 3733,ECG,221,7967,0,0,0,0,0
[13:36:11.429] 3733,ECG,222,8446,0,0,0,0,0
[13:36:11.459] 3733,ECG,223,8211,0,0,0,0,0
[13:36:11.475] 3738,ECG,224,7430,0,0,0,0,0
[13:36:11.476] 3738,ECG,225,6387,0,0,0,0,0
[13:36:11.506] 3743,ECG,226,5418,0,0,0,0,0
[13:36:11.507] 3743,ECG,227,4815,0,0,0,0,0
[13:36:11.538] 3743,ECG,228,4875,0,0,0,0,0
[13:36:11.554] 3748,ECG,229,5529,0,0,0,0,0
[13:36:11.555] 3748,ECG,230,6442,0,0,0,0,0
[13:36:11.586] 3753,ECG,231,7421,0,0,0,0,0
[13:36:11.587] 3753,ECG,232,8058,0,0,0,0,0
[13:36:11.617] 3753,ECG,233,7972,0,0,0,0,0
[13:36:11.633] 3758,ECG,234,7285,0,0,0,0,0
[13:36:11.633] 3758,ECG,235,6259,0,0,0,0,0
[13:36:11.663] 3763,ECG,236,5140,0,0,0,0,0
[13:36:11.664] 3763,ECG,237,4362,0,0,0,0,0
[13:36:11.695] 3763,ECG,238,4164,0,0,0,0,0
[13:36:11.711] 3768,ECG,239,4501,0,0,0,0,0
[13:36:11.712] 3768,ECG,240,5311,0,0,0,0,0
[13:36:11.743] 3768,ECG,241,6274,0,0,0,0,0
[13:36:11.743] 3773,ECG,242,7007,0,0,0,0,0
[13:36:11.775] 3773,ECG,243,7279,0,0,0,0,0
[13:36:11.790] 3778,ECG,244,6887,0,0,0,0,0
[13:36:11.791] 3778,ECG,245,6012,0,0,0,0,0
[13:36:11.822] 3778,ECG,246,5115,0,0,0,0,0
[13:36:11.822] 3783,ECG,247,4419,0,0,0,0,0
[13:36:11.853] 3783,ECG,248,4142,0,0,0,0,0
[13:36:11.868] 3788,ECG,249,4492,0,0,0,0,0
[13:36:11.869] 3788,ECG,250,5350,0,0,0,0,0
[13:36:11.899] 3788,ECG,251,6397,0,0,0,0,0
[13:36:11.931] 3793,ECG,252,7226,0,0,0,0,0
[13:36:11.932] 3793,ECG,253,7458,0,0,0,0,0
[13:36:11.946] 3798,ECG,254,7008,0,0,0,0,0
[13:36:11.947] 3798,ECG,255,6031,0,0,0,0,0
[13:36:11.978] 3798,ECG,256,4758,0,0,0,0,0
[13:36:12.009] 3803,ECG,257,3713,0,0,0,0,0
[13:36:12.009] 3803,ECG,258,3307,0,0,0,0,0
[13:36:12.025] 3808,ECG,259,3473,0,0,0,0,0
[13:36:12.025] 3808,ECG,260,4161,0,0,0,0,0
[13:36:12.056] 3808,ECG,261,5251,0,0,0,0,0
[13:36:12.087] 3813,ECG,262,6251,0,0,0,0,0
[13:36:12.087] 3813,ECG,263,6724,0,0,0,0,0
[13:36:12.103] 3813,ECG,264,6476,0,0,0,0,0
[13:36:12.103] 3818,ECG,265,5663,0,0,0,0,0
[13:36:12.135] 3818,ECG,266,4703,0,0,0,0,0
[13:36:12.151] 3823,ECG,267,3790,0,0,0,0,0
[13:36:12.152] 3823,ECG,268,3213,0,0,0,0,0
[13:36:12.183] 3823,ECG,269,3407,0,0,0,0,0
[13:36:12.183] 3828,ECG,270,4164,0,0,0,0,0
[13:36:12.213] 3828,ECG,271,5106,0,0,0,0,0
[13:36:12.228] 3833,ECG,272,6139,0,0,0,0,0
[13:36:12.229] 3833,ECG,273,6851,0,0,0,0,0
[13:36:12.260] 3833,ECG,274,6796,0,0,0,0,0
[13:36:12.261] 3838,ECG,275,6064,0,0,0,0,0
[13:36:12.291] 3838,ECG,276,5044,0,0,0,0,0
[13:36:12.321] 3843,ECG,277,4023,0,0,0,0,0
[13:36:12.322] 3843,ECG,278,3256,0,0,0,0,0
[13:36:12.337] 3843,ECG,279,3030,0,0,0,0,0
[13:36:12.337] 3848,ECG,280,3408,0,0,0,0,0
[13:36:12.368] 3848,ECG,281,4338,0,0,0,0,0
[13:36:12.384] 3853,ECG,282,5445,0,0,0,0,0
[13:36:12.385] 3853,ECG,283,6199,0,0,0,0,0
[13:36:12.415] 3853,ECG,284,6431,0,0,0,0,0
[13:36:12.416] 3858,ECG,285,5890,0,0,0,0,0
[13:36:12.447] 3858,ECG,286,4775,0,0,0,0,0
[13:36:12.463] 3858,ECG,287,3748,0,0,0,0,0
[13:36:12.463] 3863,ECG,288,3073,0,0,0,0,0
[13:36:12.494] 3863,ECG,289,2846,0,0,0,0,0
[13:36:12.494] 3868,ECG,290,3124,0,0,0,0,0
[13:36:12.525] 3868,ECG,291,3956,0,0,0,0,0
[13:36:12.541] 3868,ECG,292,5044,0,0,0,0,0
[13:36:12.541] 3873,ECG,293,5819,0,0,0,0,0
[13:36:12.573] 3873,ECG,294,5990,0,0,0,0,0
[13:36:12.574] 3878,ECG,295,5486,0,0,0,0,0
[13:36:12.604] 3878,ECG,296,4500,0,0,0,0,0
[13:36:12.619] 3878,ECG,297,3434,0,0,0,0,0
[13:36:12.620] 3883,ECG,298,2710,0,0,0,0,0
[13:36:12.650] 3883,ECG,299,2543,0,0,0,0,0
[13:36:12.681] 3888,ECG,300,2901,0,0,0,0,0
[13:36:12.681] 3888,ECG,301,3712,0,0,0,0,0
[13:36:12.712] 3888,ECG,302,4697,0,0,0,0,0
[13:36:12.712] 3893,ECG,303,5543,0,0,0,0,0
[13:36:12.728] 3893,ECG,304,5921,0,0,0,0,0
[13:36:12.759] 3898,ECG,305,5453,0,0,0,0,0
[13:36:12.759] 3898,ECG,306,4421,0,0,0,0,0
[13:36:12.791] 3898,ECG,307,3332,0,0,0,0,0
[13:36:12.791] 3903,ECG,308,2357,0,0,0,0,0
[13:36:12.806] 3903,ECG,309,1870,0,0,0,0,0
[13:36:12.837] 3908,ECG,310,2088,0,0,0,0,0
[13:36:12.837] 3908,ECG,311,2854,0,0,0,0,0
[13:36:12.868] 3908,ECG,312,3914,0,0,0,0,0
[13:36:12.868] 3913,ECG,313,4945,0,0,0,0,0
[13:36:12.884] 3913,ECG,314,5568,0,0,0,0,0
[13:36:12.915] 3913,ECG,315,5418,0,0,0,0,0
[13:36:12.916] 3918,ECG,316,4588,0,0,0,0,0
[13:36:12.947] 3918,ECG,317,3446,0,0,0,0,0
[13:36:12.947] 3923,ECG,318,2360,0,0,0,0,0
[13:36:12.961] 3923,ECG,319,1753,0,0,0,0,0
[13:36:12.993] 3923,ECG,320,1780,0,0,0,0,0
[13:36:12.994] 3928,ECG,321,2401,0,0,0,0,0
[13:36:13.009] 3928,ECG,322,3517,0,0,0,0,0
[13:36:13.010] 3933,ECG,323,4743,0,0,0,0,0
[13:36:13.040] 3933,ECG,324,5482,0,0,0,0,0
[13:36:13.072] 3933,ECG,325,5518,0,0,0,0,0
[13:36:13.073] 3938,ECG,326,4894,0,0,0,0,0
[13:36:13.088] 3938,ECG,327,3758,0,0,0,0,0
[13:36:13.088] 3943,ECG,328,2652,0,0,0,0,0
[13:36:13.120] 3943,ECG,329,1886,0,0,0,0,0
[13:36:13.150] 3943,ECG,330,1636,0,0,0,0,0
[13:36:13.150] 3948,ECG,331,2134,0,0,0,0,0
[13:36:13.167] 3948,ECG,332,3126,0,0,0,0,0
[13:36:13.167] 3948,ECG,333,4204,0,0,0,0,0
[13:36:13.198] 3953,ECG,334,5011,0,0,0,0,0
[13:36:13.230] 3953,ECG,335,5129,0,0,0,0,0
[13:36:13.231] 3958,ECG,336,4475,0,0,0,0,0
[13:36:13.245] 3958,ECG,337,3421,0,0,0,0,0
[13:36:13.246] 3958,ECG,338,2316,0,0,0,0,0
[13:36:13.276] 3963,ECG,339,1481,0,0,0,0,0
[13:36:13.308] 3963,ECG,340,1285,0,0,0,0,0
[13:36:13.308] 3968,ECG,341,1746,0,0,0,0,0
[13:36:13.323] 3968,ECG,342,2742,0,0,0,0,0
[13:36:13.324] 3968,ECG,343,3977,0,0,0,0,0
[13:36:13.354] 3973,ECG,344,4893,0,0,0,0,0
[13:36:13.385] 3973,ECG,345,5194,0,0,0,0,0
[13:36:13.385] 3978,ECG,346,4742,0,0,0,0,0
[13:36:13.401] 3978,ECG,347,3643,0,0,0,0,0
[13:36:13.432] 3978,ECG,348,2349,0,0,0,0,0
[13:36:13.432] 3983,ECG,349,1297,0,0,0,0,0
[13:36:13.463] 3983,ECG,350,805,0,0,0,0,0
[13:36:13.463] 3988,ECG,351,957,0,0,0,0,0
[13:36:13.478] 3988,ECG,352,1700,0,0,0,0,0
[13:36:13.478] 3988,ECG,353,2838,0,0,0,0,0
[13:36:13.509] 3993,ECG,354,3931,0,0,0,0,0
[13:36:13.541] 3993,ECG,355,4563,0,0,0,0,0
[13:36:13.541] 3998,ECG,356,4454,0,0,0,0,0
[13:36:13.557] 3998,ECG,357,3714,0,0,0,0,0
[13:36:13.588] 3998,ECG,358,2736,0,0,0,0,0
[13:36:13.589] 4003,ECG,359,1791,0,0,0,0,0
[13:36:13.619] 4003,ECG,360,1184,0,0,0,0,0
[13:36:13.619] 4003,ECG,361,1217,0,0,0,0,0
[13:36:13.634] 4008,ECG,362,1858,0,0,0,0,0
[13:36:13.666] 4008,ECG,363,2844,0,0,0,0,0
[13:36:13.666] 4013,ECG,364,3875,0,0,0,0,0
[13:36:13.696] 4013,ECG,365,4547,0,0,0,0,0
[13:36:13.696] 4013,ECG,366,4538,0,0,0,0,0
[13:36:13.712] 4018,ECG,367,3905,0,0,0,0,0
[13:36:13.743] 4018,ECG,368,2905,0,0,0,0,0
[13:36:13.743] 4023,ECG,369,1869,0,0,0,0,0
[13:36:13.774] 4023,ECG,370,1219,0,0,0,0,0
[13:36:13.774] 4023,ECG,371,1074,0,0,0,0,0
[13:36:13.790] 4028,ECG,372,1335,0,0,0,0,0
[13:36:13.821] 4028,ECG,373,1978,0,0,0,0,0
[13:36:13.821] 4033,ECG,374,2797,0,0,0,0,0
[13:36:13.853] 4033,ECG,375,3399,0,0,0,0,0
[13:36:13.853] 4033,ECG,376,3460,0,0,0,0,0
[13:36:13.868] 4038,ECG,377,3001,0,0,0,0,0
[13:36:13.899] 4038,ECG,378,2260,0,0,0,0,0
[13:36:13.899] 4043,ECG,379,1448,0,0,0,0,0
[13:36:13.932] 4043,ECG,380,981,0,0,0,0,0
[13:36:13.933] 4043,ECG,381,1026,0,0,0,0,0
[13:36:13.947] 4048,ECG,382,1493,0,0,0,0,0
[13:36:13.979] 4048,ECG,383,2339,0,0,0,0,0
[13:36:13.980] 4048,ECG,384,3332,0,0,0,0,0
[13:36:14.010] 4053,ECG,385,4128,0,0,0,0,0
[13:36:14.011] 4053,ECG,386,4410,0,0,0,0,0
[13:36:14.026] 4058,ECG,387,3978,0,0,0,0,0
[13:36:14.057] 4058,ECG,388,2930,0,0,0,0,0
[13:36:14.058] 4058,ECG,389,1753,0,0,0,0,0
[13:36:14.087] 4063,ECG,390,821,0,0,0,0,0
[13:36:14.088] 4063,ECG,391,354,0,0,0,0,0
[13:36:14.103] 4068,ECG,392,624,0,0,0,0,0
[13:36:14.135] 4068,ECG,393,1421,0,0,0,0,0
[13:36:14.135] 4068,ECG,394,2461,0,0,0,0,0
[13:36:14.167] 4073,ECG,395,3514,0,0,0,0,0
[13:36:14.167] 4073,ECG,396,4047,0,0,0,0,0
[13:36:14.181] 4078,ECG,397,3790,0,0,0,0,0
[13:36:14.213] 4078,ECG,398,2938,0,0,0,0,0
[13:36:14.213] 4078,ECG,399,1868,0,0,0,0,0
[13:36:14.244] 4083,ECG,400,999,0,0,0,0,0
[13:36:14.244] 4083,ECG,401,622,0,0,0,0,0
[13:36:14.259] 4088,ECG,402,806,0,0,0,0,0
[13:36:14.290] 4088,ECG,403,1554,0,0,0,0,0
[13:36:14.291] 4088,ECG,404,2620,0,0,0,0,0
[13:36:14.321] 4093,ECG,405,3538,0,0,0,0,0
[13:36:14.321] 4093,ECG,406,3969,0,0,0,0,0
[13:36:14.336] 4093,ECG,407,3705,0,0,0,0,0
[13:36:14.367] 4098,ECG,408,2866,0,0,0,0,0
[13:36:14.368] 4098,ECG,409,1736,0,0,0,0,0
[13:36:14.398] 4103,ECG,410,686,0,0,0,0,0
[13:36:14.399] 4103,ECG,411,180,0,0,0,0,0
[13:36:14.414] 4103,ECG,412,298,0,0,0,0,0
[13:36:14.445] 4108,ECG,413,894,0,0,0,0,0
[13:36:14.446] 4108,ECG,414,1747,0,0,0,0,0
[13:36:14.476] 4113,ECG,415,2631,0,0,0,0,0
[13:36:14.477] 4113,ECG,416,3249,0,0,0,0,0
[13:36:14.492] 4113,ECG,417,3148,0,0,0,0,0
[13:36:14.523] 4118,ECG,418,2301,0,0,0,0,0
[13:36:14.523] 4118,ECG,419,1157,0,0,0,0,0
[13:36:14.555] 4123,ECG,420,205,0,0,0,0,0
[13:36:14.555] 4123,ECG,421,-340,0,0,0,0,0
[13:36:14.571] 4123,ECG,422,-336,0,0,0,0,0
[13:36:14.602] 4128,ECG,423,334,0,0,0,0,0
[13:36:14.603] 4128,ECG,424,1364,0,0,0,0,0
[13:36:14.633] 4133,ECG,425,2468,0,0,0,0,0
[13:36:14.633] 4133,ECG,426,3317,0,0,0,0,0
[13:36:14.650] 4133,ECG,427,3425,0,0,0,0,0
[13:36:14.681] 4138,ECG,428,2849,0,0,0,0,0
[13:36:14.682] 4138,ECG,429,1797,0,0,0,0,0
[13:36:14.712] 4138,ECG,430,591,0,0,0,0,0
[13:36:14.713] 4143,ECG,431,-261,0,0,0,0,0
[13:36:14.727] 4143,ECG,432,-499,0,0,0,0,0
[13:36:14.758] 4148,ECG,433,-28,0,0,0,0,0
[13:36:14.759] 4148,ECG,434,951,0,0,0,0,0
[13:36:14.789] 4148,ECG,435,2097,0,0,0,0,0
[13:36:14.790] 4153,ECG,436,3068,0,0,0,0,0
[13:36:14.804] 4153,ECG,437,3517,0,0,0,0,0
[13:36:14.835] 4158,ECG,438,3258,0,0,0,0,0
[13:36:14.835] 4158,ECG,439,2282,0,0,0,0,0
[13:36:14.866] 4158,ECG,440,1069,0,0,0,0,0
[13:36:14.866] 4163,ECG,441,221,0,0,0,0,0
[13:36:14.897] 4163,ECG,442,-115,0,0,0,0,0
[13:36:14.897] 4168,ECG,443,73,0,0,0,0,0
[13:36:14.912] 4168,ECG,444,816,0,0,0,0,0
[13:36:14.944] 4168,ECG,445,1888,0,0,0,0,0
[13:36:14.945] 4173,ECG,446,2820,0,0,0,0,0
[13:36:14.960] 4173,ECG,447,3215,0,0,0,0,0
[13:36:14.961] 4178,ECG,448,2880,0,0,0,0,0
[13:36:14.991] 4178,ECG,449,2006,0,0,0,0,0
[13:36:15.022] 4178,ECG,450,970,0,0,0,0,0
[13:36:15.022] 4183,ECG,451,26,0,0,0,0,0
[13:36:15.053] 4183,ECG,452,-444,0,0,0,0,0
[13:36:15.054] 4183,ECG,453,-186,0,0,0,0,0
[13:36:15.069] 4188,ECG,454,557,0,0,0,0,0
[13:36:15.100] 4188,ECG,455,1535,0,0,0,0,0
[13:36:15.100] 4193,ECG,456,2552,0,0,0,0,0
[13:36:15.116] 4193,ECG,457,3108,0,0,0,0,0
[13:36:15.117] 4193,ECG,458,2909,0,0,0,0,0
[13:36:15.147] 4198,ECG,459,2078,0,0,0,0,0
[13:36:15.178] 4198,ECG,460,876,0,0,0,0,0
[13:36:15.178] 4203,ECG,461,-218,0,0,0,0,0
[13:36:15.209] 4203,ECG,462,-854,0,0,0,0,0
[13:36:15.209] 4203,ECG,463,-958,0,0,0,0,0
[13:36:15.225] 4208,ECG,464,-463,0,0,0,0,0
[13:36:15.257] 4208,ECG,465,470,0,0,0,0,0
[13:36:15.257] 4213,ECG,466,1511,0,0,0,0,0
[13:36:15.272] 4213,ECG,467,2348,0,0,0,0,0
[13:36:15.273] 4213,ECG,468,2599,0,0,0,0,0
[13:36:15.304] 4218,ECG,469,2120,0,0,0,0,0
[13:36:15.335] 4218,ECG,470,1236,0,0,0,0,0
[13:36:15.335] 4223,ECG,471,350,0,0,0,0,0
[13:36:15.366] 4223,ECG,472,-296,0,0,0,0,0
[13:36:15.366] 4223,ECG,473,-451,0,0,0,0,0
[13:36:15.382] 4228,ECG,474,-5,0,0,0,0,0
[13:36:15.414] 4228,ECG,475,853,0,0,0,0,0
[13:36:15.415] 4228,ECG,476,1896,0,0,0,0,0
[13:36:15.430] 4233,ECG,477,2805,0,0,0,0,0
[13:36:15.431] 4233,ECG,478,3137,0,0,0,0,0
[13:36:15.461] 4238,ECG,479,2679,0,0,0,0,0
[13:36:15.492] 4238,ECG,480,1698,0,0,0,0,0
[13:36:15.492] 4238,ECG,481,603,0,0,0,0,0
[13:36:15.508] 4243,ECG,482,-371,0,0,0,0,0
[13:36:15.508] 4243,ECG,483,-770,0,0,0,0,0
[13:36:15.539] 4248,ECG,484,-424,0,0,0,0,0
[13:36:15.570] 4248,ECG,485,298,0,0,0,0,0
[13:36:15.570] 4248,ECG,486,1224,0,0,0,0,0
[13:36:15.586] 4253,ECG,487,2087,0,0,0,0,0
[13:36:15.587] 4253,ECG,488,2417,0,0,0,0,0
[13:36:15.616] 4258,ECG,489,2007,0,0,0,0,0
[13:36:15.647] 4258,ECG,490,1053,0,0,0,0,0
[13:36:15.647] 4258,ECG,491,64,0,0,0,0,0
[13:36:15.662] 4263,ECG,492,-570,0,0,0,0,0
[13:36:15.662] 4263,ECG,493,-715,0,0,0,0,0
[13:36:15.694] 4268,ECG,494,-371,0,0,0,0,0
[13:36:15.725] 4268,ECG,495,475,0,0,0,0,0
[13:36:15.725] 4268,ECG,496,1625,0,0,0,0,0
[13:36:15.741] 4273,ECG,497,2525,0,0,0,0,0
[13:36:15.741] 4273,ECG,498,2909,0,0,0,0,0
[13:36:15.773] 4273,ECG,499,2694,0,0,0,0,0
[13:36:15.804] 4278,ECG,500,1843,0,0,0,0,0
[13:36:15.804] 4278,ECG,501,663,0,0,0,0,0
[13:36:15.819] 4283,ECG,502,-384,0,0,0,0,0
[13:36:15.819] 4283,ECG,503,-858,0,0,0,0,0
[13:36:15.850] 4283,ECG,504,-814,0,0,0,0,0
[13:36:15.881] 4288,ECG,505,-360,0,0,0,0,0
[13:36:15.881] 4288,ECG,506,598,0,0,0,0,0
[13:36:15.912] 4293,ECG,507,1669,0,0,0,0,0
[13:36:15.912] 4293,ECG,508,2447,0,0,0,0,0
[13:36:15.928] 4293,ECG,509,2624,0,0,0,0,0
[13:36:15.959] 4298,ECG,510,2083,0,0,0,0,0
[13:36:15.960] 4298,ECG,511,1190,0,0,0,0,0
[13:36:15.975] 4303,ECG,512,292,0,0,0,0,0
[13:36:15.975] 4303,ECG,513,-285,0,0,0,0,0
[13:36:16.006] 4303,ECG,514,-285,0,0,0,0,0
[13:36:16.038] 4308,ECG,515,267,0,0,0,0,0
[13:36:16.038] 4308,ECG,516,1107,0,0,0,0,0
[13:36:16.053] 4313,ECG,517,1995,0,0,0,0,0
[13:36:16.053] 4313,ECG,518,2677,0,0,0,0,0
[13:36:16.085] 4313,ECG,519,2705,0,0,0,0,0
[13:36:16.116] 4318,ECG,520,2003,0,0,0,0,0
[13:36:16.117] 4318,ECG,521,889,0,0,0,0,0
[13:36:16.131] 4318,ECG,522,-218,0,0,0,0,0
[13:36:16.132] 4323,ECG,523,-911,0,0,0,0,0
[13:36:16.163] 4323,ECG,524,-998,0,0,0,0,0
[13:36:16.194] 4328,ECG,525,-444,0,0,0,0,0
[13:36:16.195] 4328,ECG,526,511,0,0,0,0,0
[13:36:16.210] 4328,ECG,527,1572,0,0,0,0,0
[13:36:16.210] 4333,ECG,528,2418,0,0,0,0,0
[13:36:16.241] 4333,ECG,529,2665,0,0,0,0,0
[13:36:16.272] 4338,ECG,530,2220,0,0,0,0,0
[13:36:16.273] 4338,ECG,531,1213,0,0,0,0,0
[13:36:16.288] 4338,ECG,532,16,0,0,0,0,0
[13:36:16.289] 4343,ECG,533,-946,0,0,0,0,0
[13:36:16.319] 4343,ECG,534,-1347,0,0,0,0,0
[13:36:16.351] 4348,ECG,535,-1116,0,0,0,0,0
[13:36:16.352] 4348,ECG,536,-370,0,0,0,0,0
[13:36:16.367] 4348,ECG,537,710,0,0,0,0,0
[13:36:16.367] 4353,ECG,538,1708,0,0,0,0,0
[13:36:16.397] 4353,ECG,539,2310,0,0,0,0,0
[13:36:16.428] 4358,ECG,540,2232,0,0,0,0,0
[13:36:16.429] 4358,ECG,541,1502,0,0,0,0,0
[13:36:16.445] 4358,ECG,542,554,0,0,0,0,0
[13:36:16.445] 4363,ECG,543,-301,0,0,0,0,0
[13:36:16.476] 4363,ECG,544,-751,0,0,0,0,0
[13:36:16.507] 4363,ECG,545,-664,0,0,0,0,0
[13:36:16.507] 4368,ECG,546,-28,0,0,0,0,0
[13:36:16.523] 4368,ECG,547,1050,0,0,0,0,0
[13:36:16.523] 4373,ECG,548,2073,0,0,0,0,0
[13:36:16.553] 4373,ECG,549,2635,0,0,0,0,0
[13:36:16.584] 4373,ECG,550,2584,0,0,0,0,0
[13:36:16.584] 4378,ECG,551,1876,0,0,0,0,0
[13:36:16.600] 4378,ECG,552,816,0,0,0,0,0
[13:36:16.600] 4383,ECG,553,-105,0,0,0,0,0
[13:36:16.630] 4383,ECG,554,-643,0,0,0,0,0
[13:36:16.662] 4383,ECG,555,-654,0,0,0,0,0
[13:36:16.663] 4388,ECG,556,-76,0,0,0,0,0
[13:36:16.678] 4388,ECG,557,892,0,0,0,0,0
[13:36:16.678] 4393,ECG,558,1921,0,0,0,0,0
[13:36:16.710] 4393,ECG,559,2629,0,0,0,0,0
[13:36:16.740] 4393,ECG,560,2589,0,0,0,0,0
[13:36:16.741] 4398,ECG,561,1764,0,0,0,0,0
[13:36:16.756] 4398,ECG,562,576,0,0,0,0,0
[13:36:16.757] 4403,ECG,563,-633,0,0,0,0,0
[13:36:16.787] 4403,ECG,564,-1511,0,0,0,0,0
[13:36:16.818] 4403,ECG,565,-1677,0,0,0,0,0
[13:36:16.818] 4408,ECG,566,-1133,0,0,0,0,0
[13:36:16.833] 4408,ECG,567,-85,0,0,0,0,0
[13:36:16.833] 4408,ECG,568,1179,0,0,0,0,0
[13:36:16.864] 4413,ECG,569,2212,0,0,0,0,0
[13:36:16.895] 4413,ECG,570,2586,0,0,0,0,0
[13:36:16.895] 4418,ECG,571,2117,0,0,0,0,0
[13:36:16.926] 4418,ECG,572,1082,0,0,0,0,0
[13:36:16.926] 4418,ECG,573,34,0,0,0,0,0
[13:36:16.942] 4423,ECG,574,-637,0,0,0,0,0
[13:36:16.973] 4423,ECG,575,-819,0,0,0,0,0
[13:36:16.973] 4428,ECG,576,-452,0,0,0,0,0
[13:36:17.004] 4428,ECG,577,488,0,0,0,0,0
[13:36:17.004] 4428,ECG,578,1645,0,0,0,0,0
[13:36:17.019] 4433,ECG,579,2507,0,0,0,0,0
[13:36:17.051] 4433,ECG,580,2746,0,0,0,0,0
[13:36:17.051] 4438,ECG,581,2259,0,0,0,0,0
[13:36:17.083] 4438,ECG,582,1258,0,0,0,0,0
[13:36:17.083] 4438,ECG,583,33,0,0,0,0,0
[13:36:17.099] 4443,ECG,584,-1051,0,0,0,0,0
[13:36:17.130] 4443,ECG,585,-1550,0,0,0,0,0
[13:36:17.130] 4448,ECG,586,-1372,0,0,0,0,0
[13:36:17.146] 4448,ECG,587,-712,0,0,0,0,0
[13:36:17.146] 4448,ECG,588,342,0,0,0,0,0
[13:36:17.176] 4453,ECG,589,1511,0,0,0,0,0
[13:36:17.208] 4453,ECG,590,2190,0,0,0,0,0
[13:36:17.208] 4453,ECG,591,2089,0,0,0,0,0
[13:36:17.224] 4458,ECG,592,1338,0,0,0,0,0
[13:36:17.224] 4458,ECG,593,264,0,0,0,0,0
[13:36:17.255] 4463,ECG,594,-743,0,0,0,0,0
[13:36:17.286] 4463,ECG,595,-1402,0,0,0,0,0
[13:36:17.287] 4463,ECG,596,-1422,0,0,0,0,0
[13:36:17.302] 4468,ECG,597,-729,0,0,0,0,0
[13:36:17.302] 4468,ECG,598,423,0,0,0,0,0
[13:36:17.334] 4473,ECG,599,1655,0,0,0,0,0
[13:36:17.365] 4473,ECG,600,2546,0,0,0,0,0
[13:36:17.365] 4473,ECG,601,2709,0,0,0,0,0
[13:36:17.380] 4478,ECG,602,1967,0,0,0,0,0
[13:36:17.381] 4478,ECG,603,758,0,0,0,0,0
[13:36:17.411] 4483,ECG,604,-337,0,0,0,0,0
[13:36:17.442] 4483,ECG,605,-1090,0,0,0,0,0
[13:36:17.442] 4483,ECG,606,-1278,0,0,0,0,0
[13:36:17.458] 4488,ECG,607,-801,0,0,0,0,0
[13:36:17.489] 4488,ECG,608,180,0,0,0,0,0
[13:36:17.489] 4493,ECG,609,1375,0,0,0,0,0
[13:36:17.520] 4493,ECG,610,2302,0,0,0,0,0
[13:36:17.520] 4493,ECG,611,2447,0,0,0,0,0
[13:36:17.550] 4498,ECG,612,1783,0,0,0,0,0
[13:36:17.567] 4498,ECG,613,637,0,0,0,0,0
[13:36:17.567] 4498,ECG,614,-630,0,0,0,0,0
[13:36:17.597] 4503,ECG,615,-1477,0,0,0,0,0
[13:36:17.597] 4503,ECG,616,-1635,0,0,0,0,0
[13:36:17.628] 4508,ECG,617,-1249,0,0,0,0,0
[13:36:17.644] 4508,ECG,618,-316,0,0,0,0,0
[13:36:17.645] 4508,ECG,619,921,0,0,0,0,0
[13:36:17.675] 4513,ECG,620,1931,0,0,0,0,0
[13:36:17.675] 4513,ECG,621,2395,0,0,0,0,0
[13:36:17.705] 4518,ECG,622,2062,0,0,0,0,0
[13:36:17.721] 4518,ECG,623,1061,0,0,0,0,0
[13:36:17.722] 4518,ECG,624,-97,0,0,0,0,0
[13:36:17.752] 4523,ECG,625,-1034,0,0,0,0,0
[13:36:17.753] 4523,ECG,626,-1397,0,0,0,0,0
[13:36:17.784] 4528,ECG,627,-1057,0,0,0,0,0
[13:36:17.799] 4528,ECG,628,-295,0,0,0,0,0
[13:36:17.800] 4528,ECG,629,699,0,0,0,0,0
[13:36:17.829] 4533,ECG,630,1734,0,0,0,0,0
[13:36:17.830] 4533,ECG,631,2280,0,0,0,0,0
[13:36:17.861] 4538,ECG,632,2072,0,0,0,0,0
[13:36:17.877] 4538,ECG,633,1260,0,0,0,0,0
[13:36:17.877] 4538,ECG,634,155,0,0,0,0,0
[13:36:17.907] 4543,ECG,635,-734,0,0,0,0,0
[13:36:17.907] 4543,ECG,636,-1149,0,0,0,0,0
[13:36:17.938] 4543,ECG,637,-1030,0,0,0,0,0
[13:36:17.953] 4548,ECG,638,-289,0,0,0,0,0
[13:36:17.953] 4548,ECG,639,854,0,0,0,0,0
[13:36:17.984] 4553,ECG,640,1888,0,0,0,0,0
[13:36:18.015] 4553,ECG,641,2488,0,0,0,0,0
[13:36:18.015] 4553,ECG,642,2426,0,0,0,0,0
[13:36:18.030] 4558,ECG,643,1636,0,0,0,0,0
[13:36:18.031] 4558,ECG,644,466,0,0,0,0,0
[13:36:18.062] 4563,ECG,645,-719,0,0,0,0,0
[13:36:18.092] 4563,ECG,646,-1511,0,0,0,0,0
[13:36:18.093] 4563,ECG,647,-1616,0,0,0,0,0
[13:36:18.123] 4568,ECG,648,-1104,0,0,0,0,0
[13:36:18.124] 4568,ECG,649,-177,0,0,0,0,0
[13:36:18.139] 4573,ECG,650,929,0,0,0,0,0
[13:36:18.170] 4573,ECG,651,1871,0,0,0,0,0
[13:36:18.171] 4573,ECG,652,2117,0,0,0,0,0
[13:36:18.186] 4578,ECG,653,1584,0,0,0,0,0
[13:36:18.186] 4578,ECG,654,638,0,0,0,0,0
[13:36:18.218] 4583,ECG,655,-440,0,0,0,0,0
[13:36:18.249] 4583,ECG,656,-1268,0,0,0,0,0
[13:36:18.249] 4583,ECG,657,-1564,0,0,0,0,0
[13:36:18.264] 4588,ECG,658,-1279,0,0,0,0,0
[13:36:18.264] 4588,ECG,659,-458,0,0,0,0,0
[13:36:18.296] 4593,ECG,660,574,0,0,0,0,0
[13:36:18.327] 4593,ECG,661,1395,0,0,0,0,0
[13:36:18.327] 4593,ECG,662,1717,0,0,0,0,0
[13:36:18.342] 4598,ECG,663,1329,0,0,0,0,0
[13:36:18.342] 4598,ECG,664,395,0,0,0,0,0
[13:36:18.373] 4598,ECG,665,-642,0,0,0,0,0
[13:36:18.404] 4603,ECG,666,-1398,0,0,0,0,0
[13:36:18.404] 4603,ECG,667,-1607,0,0,0,0,0
[13:36:18.435] 4608,ECG,668,-1246,0,0,0,0,0
[13:36:18.450] 4608,ECG,669,-412,0,0,0,0,0
[13:36:18.450] 4608,ECG,670,620,0,0,0,0,0
[13:36:18.482] 4613,ECG,671,1429,0,0,0,0,0
[13:36:18.482] 4613,ECG,672,1652,0,0,0,0,0
[13:36:18.513] 4618,ECG,673,1206,0,0,0,0,0
[13:36:18.514] 4618,ECG,674,296,0,0,0,0,0
[13:36:18.528] 4618,ECG,675,-763,0,0,0,0,0
[13:36:18.559] 4623,ECG,676,-1478,0,0,0,0,0
[13:36:18.560] 4623,ECG,677,-1623,0,0,0,0,0
[13:36:18.591] 4628,ECG,678,-1233,0,0,0,0,0
[13:36:18.606] 4628,ECG,679,-333,0,0,0,0,0
[13:36:18.606] 4628,ECG,680,794,0,0,0,0,0
[13:36:18.637] 4633,ECG,681,1790,0,0,0,0,0
[13:36:18.637] 4633,ECG,682,2281,0,0,0,0,0
[13:36:18.669] 4633,ECG,683,1981,0,0,0,0,0
[13:36:18.684] 4638,ECG,684,1108,0,0,0,0,0
[13:36:18.684] 4638,ECG,685,80,0,0,0,0,0
[13:36:18.717] 4643,ECG,686,-873,0,0,0,0,0
[13:36:18.717] 4643,ECG,687,-1451,0,0,0,0,0
[13:36:18.747] 4643,ECG,688,-1336,0,0,0,0,0
[13:36:18.762] 4648,ECG,689,-693,0,0,0,0,0
[13:36:18.762] 4648,ECG,690,172,0,0,0,0,0
[13:36:18.794] 4653,ECG,691,1197,0,0,0,0,0
[13:36:18.794] 4653,ECG,692,1986,0,0,0,0,0
[13:36:18.825] 4653,ECG,693,1978,0,0,0,0,0
[13:36:18.841] 4658,ECG,694,1202,0,0,0,0,0
[13:36:18.841] 4658,ECG,695,76,0,0,0,0,0
[13:36:18.871] 4663,ECG,696,-943,0,0,0,0,0
[13:36:18.872] 4663,ECG,697,-1537,0,0,0,0,0
[13:36:18.910] 4663,ECG,698,-1588,0,0,0,0,0
[13:36:18.918] 4668,ECG,699,-1013,0,0,0,0,0
[13:36:18.918] 4668,ECG,700,82,0,0,0,0,0
[13:36:18.948] 4673,ECG,701,1236,0,0,0,0,0
[13:36:18.949] 4673,ECG,702,2043,0,0,0,0,0
[13:36:18.980] 4673,ECG,703,2317,0,0,0,0,0
[13:36:18.996] 4678,ECG,704,1797,0,0,0,0,0
[13:36:18.996] 4678,ECG,705,606,0,0,0,0,0
[13:36:19.028] 4683,ECG,706,-664,0,0,0,0,0
[13:36:19.028] 4683,ECG,707,-1507,0,0,0,0,0
[13:36:19.058] 4683,ECG,708,-1645,0,0,0,0,0
[13:36:19.074] 4688,ECG,709,-1141,0,0,0,0,0
[13:36:19.074] 4688,ECG,710,-126,0,0,0,0,0
[13:36:19.106] 4688,ECG,711,1176,0,0,0,0,0
[13:36:19.107] 4693,ECG,712,2212,0,0,0,0,0
[13:36:19.137] 4693,ECG,713,2597,0,0,0,0,0
[13:36:19.153] 4698,ECG,714,2200,0,0,0,0,0
[13:36:19.154] 4698,ECG,715,1145,0,0,0,0,0
[13:36:19.185] 4698,ECG,716,-132,0,0,0,0,0
[13:36:19.200] 4703,ECG,717,-1185,0,0,0,0,0
[13:36:19.201] 4703,ECG,718,-1716,0,0,0,0,0
[13:36:19.231] 4708,ECG,719,-1483,0,0,0,0,0
[13:36:19.231] 4708,ECG,720,-578,0,0,0,0,0
[13:36:19.263] 4708,ECG,721,559,0,0,0,0,0
[13:36:19.279] 4713,ECG,722,1584,0,0,0,0,0
[13:36:19.279] 4713,ECG,723,2157,0,0,0,0,0
[13:36:19.310] 4718,ECG,724,1977,0,0,0,0,0
[13:36:19.311] 4718,ECG,725,1136,0,0,0,0,0
[13:36:19.341] 4718,ECG,726,70,0,0,0,0,0
[13:36:19.357] 4723,ECG,727,-799,0,0,0,0,0
[13:36:19.358] 4723,ECG,728,-1252,0,0,0,0,0
[13:36:19.388] 4728,ECG,729,-1101,0,0,0,0,0
[13:36:19.389] 4728,ECG,730,-393,0,0,0,0,0
[13:36:19.420] 4728,ECG,731,567,0,0,0,0,0
[13:36:19.451] 4733,ECG,732,1581,0,0,0,0,0
[13:36:19.452] 4733,ECG,733,2192,0,0,0,0,0
[13:36:19.466] 4733,ECG,734,1976,0,0,0,0,0
[13:36:19.467] 4738,ECG,735,1200,0,0,0,0,0
[13:36:19.498] 4738,ECG,736,182,0,0,0,0,0
[13:36:19.528] 4743,ECG,737,-881,0,0,0,0,0
[13:36:19.529] 4743,ECG,738,-1497,0,0,0,0,0
[13:36:19.544] 4743,ECG,739,-1469,0,0,0,0,0
[13:36:19.545] 4748,ECG,740,-981,0,0,0,0,0
[13:36:19.575] 4748,ECG,741,3,0,0,0,0,0
[13:36:19.591] 4753,ECG,742,1195,0,0,0,0,0
[13:36:19.592] 4753,ECG,743,1921,0,0,0,0,0
[13:36:19.622] 4753,ECG,744,1998,0,0,0,0,0
[13:36:19.623] 4758,ECG,745,1474,0,0,0,0,0
[13:36:19.654] 4758,ECG,746,460,0,0,0,0,0
[13:36:19.670] 4763,ECG,747,-576,0,0,0,0,0
[13:36:19.671] 4763,ECG,748,-1303,0,0,0,0,0
[13:36:19.701] 4763,ECG,749,-1594,0,0,0,0,0
[13:36:19.702] 4768,ECG,750,-1246,0,0,0,0,0
[13:36:19.732] 4768,ECG,751,-321,0,0,0,0,0
[13:36:19.748] 4773,ECG,752,747,0,0,0,0,0
[13:36:19.749] 4773,ECG,753,1583,0,0,0,0,0
[13:36:19.778] 4773,ECG,754,1881,0,0,0,0,0
[13:36:19.778] 4778,ECG,755,1357,0,0,0,0,0
[13:36:19.809] 4778,ECG,756,273,0,0,0,0,0
[13:36:19.840] 4778,ECG,757,-784,0,0,0,0,0
[13:36:19.841] 4783,ECG,758,-1509,0,0,0,0,0
[13:36:19.855] 4783,ECG,759,-1735,0,0,0,0,0
[13:36:19.885] 4788,ECG,760,-1414,0,0,0,0,0
[13:36:19.885] 4788,ECG,761,-654,0,0,0,0,0
[13:36:19.916] 4788,ECG,762,409,0,0,0,0,0
[13:36:19.916] 4793,ECG,763,1373,0,0,0,0,0
[13:36:19.932] 4793,ECG,764,1730,0,0,0,0,0
[13:36:19.963] 4798,ECG,765,1400,0,0,0,0,0
[13:36:19.964] 4798,ECG,766,557,0,0,0,0,0
[13:36:19.993] 4798,ECG,767,-464,0,0,0,0,0
[13:36:19.993] 4803,ECG,768,-1212,0,0,0,0,0
[13:36:20.009] 4803,ECG,769,-1489,0,0,0,0,0
[13:36:20.040] 4808,ECG,770,-1273,0,0,0,0,0
[13:36:20.041] 4808,ECG,771,-632,0,0,0,0,0
[13:36:20.071] 4808,ECG,772,249,0,0,0,0,0
[13:36:20.071] 4813,ECG,773,1131,0,0,0,0,0
[13:36:20.087] 4813,ECG,774,1622,0,0,0,0,0
[13:36:20.118] 4818,ECG,775,1410,0,0,0,0,0
[13:36:20.118] 4818,ECG,776,631,0,0,0,0,0
[13:36:20.148] 4818,ECG,777,-345,0,0,0,0,0
[13:36:20.148] 4823,ECG,778,-1264,0,0,0,0,0
[13:36:20.164] 4823,ECG,779,-1695,0,0,0,0,0
[13:36:20.196] 4823,ECG,780,-1408,0,0,0,0,0
[13:36:20.196] 4828,ECG,781,-752,0,0,0,0,0
[13:36:20.228] 4828,ECG,782,190,0,0,0,0,0
[13:36:20.228] 4833,ECG,783,1251,0,0,0,0,0
[13:36:20.244] 4833,ECG,784,1879,0,0,0,0,0
[13:36:20.274] 4833,ECG,785,1815,0,0,0,0,0
[13:36:20.274] 4838,ECG,786,1060,0,0,0,0,0
[13:36:20.306] 4838,ECG,787,-25,0,0,0,0,0
[13:36:20.306] 4843,ECG,788,-976,0,0,0,0,0
[13:36:20.321] 4843,ECG,789,-1468,0,0,0,0,0
[13:36:20.353] 4843,ECG,790,-1332,0,0,0,0,0
[13:36:20.354] 4848,ECG,791,-613,0,0,0,0,0
[13:36:20.384] 4848,ECG,792,471,0,0,0,0,0
[13:36:20.385] 4853,ECG,793,1422,0,0,0,0,0
[13:36:20.400] 4853,ECG,794,1979,0,0,0,0,0
[13:36:20.430] 4853,ECG,795,1972,0,0,0,0,0
[13:36:20.431] 4858,ECG,796,1173,0,0,0,0,0
[13:36:20.461] 4858,ECG,797,-55,0,0,0,0,0
[13:36:20.477] 4863,ECG,798,-1173,0,0,0,0,0
[13:36:20.478] 4863,ECG,799,-1894,0,0,0,0,0
[13:36:20.508] 4863,ECG,800,-1996,0,0,0,0,0
[13:36:20.509] 4868,ECG,801,-1391,0,0,0,0,0
[13:36:20.540] 4868,ECG,802,-314,0,0,0,0,0
[13:36:20.555] 4868,ECG,803,840,0,0,0,0,0
[13:36:20.556] 4873,ECG,804,1699,0,0,0,0,0
[13:36:20.587] 4873,ECG,805,1889,0,0,0,0,0
[13:36:20.588] 4878,ECG,806,1332,0,0,0,0,0
[13:36:20.619] 4878,ECG,807,316,0,0,0,0,0
[13:36:20.634] 4878,ECG,808,-737,0,0,0,0,0
[13:36:20.635] 4883,ECG,809,-1498,0,0,0,0,0
[13:36:20.665] 4883,ECG,810,-1735,0,0,0,0,0
[13:36:20.666] 4888,ECG,811,-1361,0,0,0,0,0
[13:36:20.696] 4888,ECG,812,-512,0,0,0,0,0
[13:36:20.712] 4888,ECG,813,561,0,0,0,0,0
[13:36:20.713] 4893,ECG,814,1481,0,0,0,0,0
[13:36:20.743] 4893,ECG,815,1864,0,0,0,0,0
[13:36:20.744] 4898,ECG,816,1505,0,0,0,0,0
[13:36:20.774] 4898,ECG,817,586,0,0,0,0,0
[13:36:20.790] 4898,ECG,818,-588,0,0,0,0,0
[13:36:20.791] 4903,ECG,819,-1636,0,0,0,0,0
[13:36:20.821] 4903,ECG,820,-2090,0,0,0,0,0
[13:36:20.853] 4908,ECG,821,-1935,0,0,0,0,0
[13:36:20.854] 4908,ECG,822,-1193,0,0,0,0,0
[13:36:20.868] 4908,ECG,823,9,0,0,0,0,0
[13:36:20.868] 4913,ECG,824,1098,0,0,0,0,0
[13:36:20.899] 4913,ECG,825,1773,0,0,0,0,0
[13:36:20.900] 4913,ECG,826,1818,0,0,0,0,0
[13:36:20.930] 4918,ECG,827,954,0,0,0,0,0
[13:36:20.945] 4918,ECG,828,-324,0,0,0,0,0
[13:36:20.946] 4923,ECG,829,-1357,0,0,0,0,0
[13:36:20.977] 4923,ECG,830,-2080,0,0,0,0,0
[13:36:21.008] 4923,ECG,831,-2152,0,0,0,0,0
[13:36:21.009] 4928,ECG,832,-1390,0,0,0,0,0
[13:36:21.024] 4928,ECG,833,-243,0,0,0,0,0
[13:36:21.024] 4933,ECG,834,981,0,0,0,0,0
[13:36:21.055] 4933,ECG,835,1785,0,0,0,0,0
[13:36:21.086] 4933,ECG,836,1691,0,0,0,0,0
[13:36:21.087] 4938,ECG,837,948,0,0,0,0,0
[13:36:21.101] 4938,ECG,838,-68,0,0,0,0,0
[13:36:21.101] 4943,ECG,839,-1209,0,0,0,0,0
[13:36:21.132] 4943,ECG,840,-1929,0,0,0,0,0
[13:36:21.163] 4943,ECG,841,-1872,0,0,0,0,0
[13:36:21.163] 4948,ECG,842,-1348,0,0,0,0,0
[13:36:21.179] 4948,ECG,843,-412,0,0,0,0,0
[13:36:21.180] 4953,ECG,844,728,0,0,0,0,0
[13:36:21.210] 4953,ECG,845,1525,0,0,0,0,0
[13:36:21.241] 4953,ECG,846,1710,0,0,0,0,0
[13:36:21.241] 4958,ECG,847,1163,0,0,0,0,0
[13:36:21.257] 4958,ECG,848,104,0,0,0,0,0
[13:36:21.257] 4958,ECG,849,-938,0,0,0,0,0
[13:36:21.287] 4963,ECG,850,-1571,0,0,0,0,0
[13:36:21.318] 4963,ECG,851,-1679,0,0,0,0,0
[13:36:21.318] 4968,ECG,852,-1272,0,0,0,0,0
[13:36:21.334] 4968,ECG,853,-343,0,0,0,0,0
[13:36:21.334] 4968,ECG,854,864,0,0,0,0,0
[13:36:21.367] 4973,ECG,855,1871,0,0,0,0,0
[13:36:21.396] 4973,ECG,856,2264,0,0,0,0,0
[13:36:21.396] 4978,ECG,857,1797,0,0,0,0,0
[13:36:21.427] 4978,ECG,858,719,0,0,0,0,0
[13:36:21.427] 4978,ECG,859,-513,0,0,0,0,0
[13:36:21.443] 4983,ECG,860,-1575,0,0,0,0,0
[13:36:21.475] 4983,ECG,861,-2038,0,0,0,0,0
[13:36:21.475] 4988,ECG,862,-1770,0,0,0,0,0
[13:36:21.491] 4988,ECG,863,-989,0,0,0,0,0
[13:36:21.522] 4988,ECG,864,107,0,0,0,0,0
[13:36:21.523] 4993,ECG,865,1200,0,0,0,0,0
[13:36:21.553] 4993,ECG,866,1844,0,0,0,0,0
[13:36:21.554] 4998,ECG,867,1683,0,0,0,0,0
[13:36:21.569] 4998,ECG,868,869,0,0,0,0,0
[13:36:21.600] 4998,ECG,869,-144,0,0,0,0,0
[13:36:21.600] 5003,ECG,870,-1102,0,0,0,0,0
[13:36:21.631] 5003,ECG,871,-1678,0,0,0,0,0
[13:36:21.632] 5003,ECG,872,-1584,0,0,0,0,0
[13:36:21.647] 5008,ECG,873,-960,0,0,0,0,0
[13:36:21.679] 5008,ECG,874,-47,0,0,0,0,0
[13:36:21.679] 5013,ECG,875,912,0,0,0,0,0
[13:36:21.710] 5013,ECG,876,1574,0,0,0,0,0
[13:36:21.711] 5013,ECG,877,1619,0,0,0,0,0
[13:36:21.726] 5018,ECG,878,948,0,0,0,0,0
[13:36:21.757] 5018,ECG,879,-168,0,0,0,0,0
[13:36:21.758] 5023,ECG,880,-1226,0,0,0,0,0
[13:36:21.788] 5023,ECG,881,-1895,0,0,0,0,0
[13:36:21.788] 5023,ECG,882,-2097,0,0,0,0,0
[13:36:21.804] 5028,ECG,883,-1703,0,0,0,0,0
[13:36:21.834] 5028,ECG,884,-757,0,0,0,0,0
[13:36:21.834] 5033,ECG,885,407,0,0,0,0,0
[13:36:21.867] 5033,ECG,886,1339,0,0,0,0,0
[13:36:21.867] 5033,ECG,887,1620,0,0,0,0,0
[13:36:21.882] 5038,ECG,888,1260,0,0,0,0,0
[13:36:21.913] 5038,ECG,889,397,0,0,0,0,0
[13:36:21.913] 5043,ECG,890,-656,0,0,0,0,0
[13:36:21.944] 5043,ECG,891,-1398,0,0,0,0,0
[13:36:21.960] 5043,ECG,892,-1698,0,0,0,0,0
[13:36:21.961] 5048,ECG,893,-1475,0,0,0,0,0
[13:36:21.991] 5048,ECG,894,-714,0,0,0,0,0
[13:36:21.992] 5048,ECG,895,233,0,0,0,0,0
[13:36:22.022] 5053,ECG,896,995,0,0,0,0,0
[13:36:22.038] 5053,ECG,897,1314,0,0,0,0,0
[13:36:22.039] 5058,ECG,898,925,0,0,0,0,0
[13:36:22.070] 5058,ECG,899,29,0,0,0,0,0
[13:36:22.071] 5058,ECG,900,-851,0,0,0,0,0
[13:36:22.101] 5063,ECG,901,-1575,0,0,0,0,0
[13:36:22.117] 5063,ECG,902,-1833,0,0,0,0,0
[13:36:22.117] 5068,ECG,903,-1423,0,0,0,0,0
[13:36:22.148] 5068,ECG,904,-642,0,0,0,0,0
[13:36:22.150] 5068,ECG,905,407,0,0,0,0,0
[13:36:22.180] 5073,ECG,906,1474,0,0,0,0,0
[13:36:22.196] 5073,ECG,907,2002,0,0,0,0,0
[13:36:22.196] 5078,ECG,908,1744,0,0,0,0,0
[13:36:22.227] 5078,ECG,909,850,0,0,0,0,0
[13:36:22.227] 5078,ECG,910,-283,0,0,0,0,0
[13:36:22.258] 5083,ECG,911,-1230,0,0,0,0,0
[13:36:22.274] 5083,ECG,912,-1770,0,0,0,0,0
[13:36:22.275] 5088,ECG,913,-1777,0,0,0,0,0
[13:36:22.305] 5088,ECG,914,-1207,0,0,0,0,0
[13:36:22.306] 5088,ECG,915,-192,0,0,0,0,0
[13:36:22.337] 5093,ECG,916,908,0,0,0,0,0
[13:36:22.353] 5093,ECG,917,1573,0,0,0,0,0
[13:36:22.353] 5093,ECG,918,1551,0,0,0,0,0
[13:36:22.384] 5098,ECG,919,845,0,0,0,0,0
[13:36:22.385] 5098,ECG,920,-279,0,0,0,0,0
[13:36:22.418] 5103,ECG,921,-1290,0,0,0,0,0
[13:36:22.431] 5103,ECG,922,-1854,0,0,0,0,0
[13:36:22.432] 5103,ECG,923,-1906,0,0,0,0,0
[13:36:22.462] 5108,ECG,924,-1395,0,0,0,0,0
[13:36:22.495] 5108,ECG,925,-382,0,0,0,0,0
[13:36:22.496] 5113,ECG,926,742,0,0,0,0,0
[13:36:22.510] 5113,ECG,927,1570,0,0,0,0,0
[13:36:22.511] 5113,ECG,928,1746,0,0,0,0,0
[13:36:22.543] 5118,ECG,929,1106,0,0,0,0,0
[13:36:22.543] 5118,ECG,930,59,0,0,0,0,0
[13:36:22.558] 5123,ECG,931,-972,0,0,0,0,0
[13:36:22.590] 5123,ECG,932,-1704,0,0,0,0,0
[13:36:22.590] 5123,ECG,933,-1816,0,0,0,0,0
[13:36:22.621] 5128,ECG,934,-1324,0,0,0,0,0
[13:36:22.637] 5128,ECG,935,-419,0,0,0,0,0
[13:36:22.638] 5133,ECG,936,773,0,0,0,0,0
[13:36:22.668] 5133,ECG,937,1819,0,0,0,0,0
[13:36:22.668] 5133,ECG,938,2184,0,0,0,0,0
[13:36:22.700] 5138,ECG,939,1756,0,0,0,0,0
[13:36:22.715] 5138,ECG,940,758,0,0,0,0,0
[13:36:22.716] 5138,ECG,941,-374,0,0,0,0,0
[13:36:22.746] 5143,ECG,942,-1226,0,0,0,0,0
[13:36:22.747] 5143,ECG,943,-1599,0,0,0,0,0
[13:36:22.777] 5148,ECG,944,-1398,0,0,0,0,0
[13:36:22.792] 5148,ECG,945,-659,0,0,0,0,0
[13:36:22.793] 5148,ECG,946,388,0,0,0,0,0
[13:36:22.823] 5153,ECG,947,1317,0,0,0,0,0
[13:36:22.824] 5153,ECG,948,1752,0,0,0,0,0
[13:36:22.855] 5158,ECG,949,1430,0,0,0,0,0
[13:36:22.870] 5158,ECG,950,429,0,0,0,0,0
[13:36:22.870] 5158,ECG,951,-707,0,0,0,0,0
[13:36:22.902] 5163,ECG,952,-1573,0,0,0,0,0
[13:36:22.902] 5163,ECG,953,-1941,0,0,0,0,0
[13:36:22.933] 5168,ECG,954,-1689,0,0,0,0,0
[13:36:22.947] 5168,ECG,955,-888,0,0,0,0,0
[13:36:22.947] 5168,ECG,956,300,0,0,0,0,0
[13:36:22.979] 5173,ECG,957,1404,0,0,0,0,0
[13:36:22.980] 5173,ECG,958,1984,0,0,0,0,0
[13:36:23.011] 5178,ECG,959,1841,0,0,0,0,0
[13:36:23.027] 5178,ECG,960,1001,0,0,0,0,0
[13:36:23.027] 5178,ECG,961,-206,0,0,0,0,0
[13:36:23.058] 5183,ECG,962,-1310,0,0,0,0,0
[13:36:23.090] 5183,ECG,963,-1817,0,0,0,0,0
[13:36:23.091] 5183,ECG,964,-1687,0,0,0,0,0
[13:36:23.106] 5188,ECG,965,-1082,0,0,0,0,0
[13:36:23.106] 5188,ECG,966,-66,0,0,0,0,0
[13:36:23.137] 5193,ECG,967,1002,0,0,0,0,0
[13:36:23.167] 5193,ECG,968,1681,0,0,0,0,0
[13:36:23.167] 5193,ECG,969,1652,0,0,0,0,0
[13:36:23.183] 5198,ECG,970,905,0,0,0,0,0
[13:36:23.183] 5198,ECG,971,-214,0,0,0,0,0
[13:36:23.214] 5203,ECG,972,-1279,0,0,0,0,0
[13:36:23.246] 5203,ECG,973,-1918,0,0,0,0,0
[13:36:23.247] 5203,ECG,974,-1890,0,0,0,0,0
[13:36:23.261] 5208,ECG,975,-1204,0,0,0,0,0
[13:36:23.261] 5208,ECG,976,-111,0,0,0,0,0
[13:36:23.292] 5213,ECG,977,1099,0,0,0,0,0
[13:36:23.324] 5213,ECG,978,2008,0,0,0,0,0
[13:36:23.324] 5213,ECG,979,2134,0,0,0,0,0
[13:36:23.340] 5218,ECG,980,1429,0,0,0,0,0
[13:36:23.340] 5218,ECG,981,265,0,0,0,0,0
[13:36:23.371] 5223,ECG,982,-1021,0,0,0,0,0
[13:36:23.403] 5223,ECG,983,-2020,0,0,0,0,0
[13:36:23.403] 5223,ECG,984,-2281,0,0,0,0,0
[13:36:23.418] 5228,ECG,985,-1775,0,0,0,0,0
[13:36:23.449] 5228,ECG,986,-718,0,0,0,0,0
[13:36:23.450] 5228,ECG,987,573,0,0,0,0,0
[13:36:23.480] 5233,ECG,988,1653,0,0,0,0,0
[13:36:23.480] 5233,ECG,989,2094,0,0,0,0,0
[13:36:23.496] 5238,ECG,990,1675,0,0,0,0,0
[13:36:23.528] 5238,ECG,991,587,0,0,0,0,0
[13:36:23.528] 5238,ECG,992,-692,0,0,0,0,0
[13:36:23.559] 5243,ECG,993,-1660,0,0,0,0,0
[13:36:23.560] 5243,ECG,994,-2069,0,0,0,0,0
[13:36:23.575] 5248,ECG,995,-1808,0,0,0,0,0
[13:36:23.605] 5248,ECG,996,-872,0,0,0,0,0
[13:36:23.606] 5248,ECG,997,336,0,0,0,0,0
[13:36:23.638] 5253,ECG,998,1376,0,0,0,0,0
[13:36:23.638] 5253,ECG,999,1925,0,0,0,0,0
[13:36:23.654] 5258,ECG,1000,1643,0,0,0,0,0
[13:36:23.686] 5258,ECG,1001,695,0,0,0,0,0
[13:36:23.686] 5258,ECG,1002,-401,0,0,0,0,0
[13:36:23.701] 5263,ECG,1003,-1362,0,0,0,0,0
[13:36:23.732] 5263,ECG,1004,-1955,0,0,0,0,0
[13:36:23.733] 5268,ECG,1005,-1880,0,0,0,0,0
[13:36:23.763] 5268,ECG,1006,-1257,0,0,0,0,0
[13:36:23.794] 5268,ECG,1007,-329,0,0,0,0,0
[13:36:23.795] 5273,ECG,1008,739,0,0,0,0,0
[13:36:23.810] 5273,ECG,1009,1384,0,0,0,0,0
[13:36:23.810] 5273,ECG,1010,1284,0,0,0,0,0
[13:36:23.840] 5278,ECG,1011,641,0,0,0,0,0
[13:36:23.871] 5278,ECG,1012,-326,0,0,0,0,0
[13:36:23.871] 5283,ECG,1013,-1220,0,0,0,0,0
[13:36:23.886] 5283,ECG,1014,-1669,0,0,0,0,0
[13:36:23.918] 5283,ECG,1015,-1630,0,0,0,0,0
[13:36:23.918] 5288,ECG,1016,-1111,0,0,0,0,0
[13:36:23.948] 5288,ECG,1017,-122,0,0,0,0,0
[13:36:23.949] 5293,ECG,1018,980,0,0,0,0,0
[13:36:23.964] 5293,ECG,1019,1756,0,0,0,0,0
[13:36:23.996] 5293,ECG,1020,1964,0,0,0,0,0
[13:36:23.997] 5298,ECG,1021,1387,0,0,0,0,0
[13:36:24.028] 5298,ECG,1022,286,0,0,0,0,0
[13:36:24.044] 5303,ECG,1023,-854,0,0,0,0,0
[13:36:24.045] 5303,ECG,1024,-1683,0,0,0,0,0
[13:36:24.075] 5303,ECG,1025,-1955,0,0,0,0,0
[13:36:24.075] 5308,ECG,1026,-1681,0,0,0,0,0
[13:36:24.106] 5308,ECG,1027,-870,0,0,0,0,0
[13:36:24.122] 5313,ECG,1028,247,0,0,0,0,0
[13:36:24.123] 5313,ECG,1029,1178,0,0,0,0,0
[13:36:24.154] 5313,ECG,1030,1578,0,0,0,0,0
[13:36:24.170] 5318,ECG,1031,1241,0,0,0,0,0
[13:36:24.171] 5318,ECG,1032,345,0,0,0,0,0
[13:36:24.200] 5318,ECG,1033,-654,0,0,0,0,0
[13:36:24.200] 5323,ECG,1034,-1429,0,0,0,0,0
[13:36:24.232] 5323,ECG,1035,-1762,0,0,0,0,0
[13:36:24.263] 5328,ECG,1036,-1463,0,0,0,0,0
[13:36:24.263] 5328,ECG,1037,-617,0,0,0,0,0
[13:36:24.278] 5328,ECG,1038,453,0,0,0,0,0
[13:36:24.310] 5333,ECG,1039,1449,0,0,0,0,0
[13:36:24.310] 5333,ECG,1040,1927,0,0,0,0,0
[13:36:24.340] 5338,ECG,1041,1606,0,0,0,0,0
[13:36:24.341] 5338,ECG,1042,646,0,0,0,0,0
[13:36:24.355] 5338,ECG,1043,-554,0,0,0,0,0
[13:36:24.387] 5343,ECG,1044,-1558,0,0,0,0,0
[13:36:24.388] 5343,ECG,1045,-2079,0,0,0,0,0
[13:36:24.418] 5348,ECG,1046,-1968,0,0,0,0,0
[13:36:24.434] 5348,ECG,1047,-1289,0,0,0,0,0
[13:36:24.434] 5348,ECG,1048,-189,0,0,0,0,0
[13:36:24.465] 5353,ECG,1049,1026,0,0,0,0,0
[13:36:24.496] 5353,ECG,1050,1745,0,0,0,0,0
[13:36:24.497] 5358,ECG,1051,1634,0,0,0,0,0
[13:36:24.512] 5358,ECG,1052,838,0,0,0,0,0
[13:36:24.512] 5358,ECG,1053,-285,0,0,0,0,0
[13:36:24.542] 5363,ECG,1054,-1349,0,0,0,0,0
[13:36:24.574] 5363,ECG,1055,-1963,0,0,0,0,0
[13:36:24.574] 5363,ECG,1056,-1877,0,0,0,0,0
[13:36:24.589] 5368,ECG,1057,-1131,0,0,0,0,0
[13:36:24.620] 5368,ECG,1058,7,0,0,0,0,0
[13:36:24.621] 5373,ECG,1059,1180,0,0,0,0,0
[13:36:24.651] 5373,ECG,1060,1992,0,0,0,0,0
[13:36:24.651] 5373,ECG,1061,2011,0,0,0,0,0
[13:36:24.667] 5378,ECG,1062,1171,0,0,0,0,0
[13:36:24.698] 5378,ECG,1063,-116,0,0,0,0,0
[13:36:24.698] 5383,ECG,1064,-1369,0,0,0,0,0
[13:36:24.728] 5383,ECG,1065,-2183,0,0,0,0,0
[13:36:24.744] 5383,ECG,1066,-2313,0,0,0,0,0
[13:36:24.745] 5388,ECG,1067,-1794,0,0,0,0,0
[13:36:24.775] 5388,ECG,1068,-801,0,0,0,0,0
[13:36:24.775] 5393,ECG,1069,406,0,0,0,0,0
[13:36:24.806] 5393,ECG,1070,1291,0,0,0,0,0
[13:36:24.822] 5393,ECG,1071,1400,0,0,0,0,0
[13:36:24.822] 5398,ECG,1072,728,0,0,0,0,0
[13:36:24.852] 5398,ECG,1073,-446,0,0,0,0,0
[13:36:24.883] 5403,ECG,1074,-1614,0,0,0,0,0
[13:36:24.883] 5403,ECG,1075,-2348,0,0,0,0,0
[13:36:24.899] 5403,ECG,1076,-2415,0,0,0,0,0
[13:36:24.930] 5408,ECG,1077,-1779,0,0,0,0,0
[13:36:24.931] 5408,ECG,1078,-635,0,0,0,0,0
[13:36:24.961] 5408,ECG,1079,708,0,0,0,0,0
[13:36:24.962] 5413,ECG,1080,1730,0,0,0,0,0
[13:36:24.976] 5413,ECG,1081,2050,0,0,0,0,0
[13:36:25.007] 5418,ECG,1082,1601,0,0,0,0,0
[13:36:25.007] 5418,ECG,1083,572,0,0,0,0,0
[13:36:25.038] 5418,ECG,1084,-567,0,0,0,0,0
[13:36:25.039] 5423,ECG,1085,-1474,0,0,0,0,0
[13:36:25.070] 5423,ECG,1086,-1867,0,0,0,0,0
[13:36:25.085] 5428,ECG,1087,-1543,0,0,0,0,0
[13:36:25.085] 5428,ECG,1088,-684,0,0,0,0,0
[13:36:25.117] 5428,ECG,1089,417,0,0,0,0,0
[13:36:25.147] 5433,ECG,1090,1447,0,0,0,0,0
[13:36:25.147] 5433,ECG,1091,1996,0,0,0,0,0
[13:36:25.162] 5438,ECG,1092,1737,0,0,0,0,0
[13:36:25.162] 5438,ECG,1093,733,0,0,0,0,0
[13:36:25.194] 5438,ECG,1094,-539,0,0,0,0,0
[13:36:25.225] 5443,ECG,1095,-1555,0,0,0,0,0
[13:36:25.225] 5443,ECG,1096,-2107,0,0,0,0,0
[13:36:25.240] 5448,ECG,1097,-2119,0,0,0,0,0
[13:36:25.271] 5448,ECG,1098,-1416,0,0,0,0,0
[13:36:25.271] 5448,ECG,1099,-243,0,0,0,0,0
[13:36:25.302] 5453,ECG,1100,910,0,0,0,0,0
[13:36:25.318] 5453,ECG,1101,1735,0,0,0,0,0
[13:36:25.318] 5453,ECG,1102,1758,0,0,0,0,0
[13:36:25.349] 5458,ECG,1103,920,0,0,0,0,0
[13:36:25.349] 5458,ECG,1104,-166,0,0,0,0,0
[13:36:25.379] 5463,ECG,1105,-1246,0,0,0,0,0
[13:36:25.395] 5463,ECG,1106,-2020,0,0,0,0,0
[13:36:25.395] 5463,ECG,1107,-2029,0,0,0,0,0
[13:36:25.427] 5468,ECG,1108,-1491,0,0,0,0,0
[13:36:25.459] 5468,ECG,1109,-578,0,0,0,0,0
[13:36:25.460] 5473,ECG,1110,530,0,0,0,0,0
[13:36:25.475] 5473,ECG,1111,1281,0,0,0,0,0
[13:36:25.476] 5473,ECG,1112,1442,0,0,0,0,0
[13:36:25.506] 5478,ECG,1113,939,0,0,0,0,0
[13:36:25.537] 5478,ECG,1114,-143,0,0,0,0,0
[13:36:25.538] 5483,ECG,1115,-1292,0,0,0,0,0
[13:36:25.552] 5483,ECG,1116,-1927,0,0,0,0,0
[13:36:25.584] 5483,ECG,1117,-1958,0,0,0,0,0
[13:36:25.584] 5488,ECG,1118,-1459,0,0,0,0,0
[13:36:25.614] 5488,ECG,1119,-452,0,0,0,0,0
[13:36:25.629] 5493,ECG,1120,733,0,0,0,0,0
[13:36:25.630] 5493,ECG,1121,1649,0,0,0,0,0
[13:36:25.661] 5493,ECG,1122,1858,0,0,0,0,0
[13:36:25.662] 5498,ECG,1123,1277,0,0,0,0,0
[13:36:25.692] 5498,ECG,1124,233,0,0,0,0,0
[13:36:25.708] 5498,ECG,1125,-914,0,0,0,0,0
[13:36:25.708] 5503,ECG,1126,-1777,0,0,0,0,0
[13:36:25.739] 5503,ECG,1127,-2022,0,0,0,0,0
[13:36:25.770] 5508,ECG,1128,-1501,0,0,0,0,0
[13:36:25.771] 5508,ECG,1129,-461,0,0,0,0,0
[13:36:25.785] 5508,ECG,1130,673,0,0,0,0,0
[13:36:25.786] 5513,ECG,1131,1567,0,0,0,0,0
[13:36:25.816] 5513,ECG,1132,1891,0,0,0,0,0
[13:36:25.848] 5518,ECG,1133,1432,0,0,0,0,0
[13:36:25.848] 5518,ECG,1134,348,0,0,0,0,0
[13:36:25.863] 5518,ECG,1135,-811,0,0,0,0,0
[13:36:25.895] 5523,ECG,1136,-1659,0,0,0,0,0
[13:36:25.895] 5523,ECG,1137,-2038,0,0,0,0,0
[13:36:25.926] 5528,ECG,1138,-1798,0,0,0,0,0
[13:36:25.926] 5528,ECG,1139,-1002,0,0,0,0,0
[13:36:25.942] 5528,ECG,1140,151,0,0,0,0,0
[13:36:25.974] 5533,ECG,1141,1220,0,0,0,0,0
[13:36:25.974] 5533,ECG,1142,1796,0,0,0,0,0
[13:36:25.990] 5538,ECG,1143,1772,0,0,0,0,0
[13:36:26.022] 5538,ECG,1144,1044,0,0,0,0,0
[13:36:26.022] 5538,ECG,1145,-76,0,0,0,0,0
[13:36:26.054] 5543,ECG,1146,-1039,0,0,0,0,0
[13:36:26.054] 5543,ECG,1147,-1552,0,0,0,0,0
[13:36:26.069] 5543,ECG,1148,-1529,0,0,0,0,0
[13:36:26.099] 5548,ECG,1149,-1020,0,0,0,0,0
[13:36:26.100] 5548,ECG,1150,0,0,0,0,0,0
[13:36:26.130] 5553,ECG,1151,1169,0,0,0,0,0
[13:36:26.161] 5553,ECG,1152,1921,0,0,0,0,0
[13:36:26.161] 5553,ECG,1153,1978,0,0,0,0,0
[13:36:26.177] 5558,ECG,1154,1308,0,0,0,0,0
[13:36:26.177] 5558,ECG,1155,194,0,0,0,0,0
[13:36:26.209] 5563,ECG,1156,-1045,0,0,0,0,0
[13:36:26.225] 5563,ECG,1157,-1872,0,0,0,0,0
[13:36:26.225] 5563,ECG,1158,-1913,0,0,0,0,0
[13:36:26.257] 5568,ECG,1159,-1421,0,0,0,0,0
[13:36:26.288] 5568,ECG,1160,-565,0,0,0,0,0
[13:36:26.289] 5573,ECG,1161,518,0,0,0,0,0
[13:36:26.303] 5573,ECG,1162,1366,0,0,0,0,0
[13:36:26.304] 5573,ECG,1163,1526,0,0,0,0,0
[13:36:26.335] 5578,ECG,1164,937,0,0,0,0,0
[13:36:26.367] 5578,ECG,1165,-148,0,0,0,0,0
[13:36:26.367] 5583,ECG,1166,-1373,0,0,0,0,0
[13:36:26.382] 5583,ECG,1167,-2302,0,0,0,0,0
[13:36:26.414] 5583,ECG,1168,-2632,0,0,0,0,0
[13:36:26.414] 5588,ECG,1169,-2231,0,0,0,0,0
[13:36:26.446] 5588,ECG,1170,-1203,0,0,0,0,0
[13:36:26.462] 5593,ECG,1171,-3,0,0,0,0,0
[13:36:26.462] 5593,ECG,1172,1031,0,0,0,0,0
[13:36:26.494] 5593,ECG,1173,1637,0,0,0,0,0
[13:36:26.494] 5598,ECG,1174,1414,0,0,0,0,0
[13:36:26.525] 5598,ECG,1175,455,0,0,0,0,0
[13:36:26.540] 5598,ECG,1176,-675,0,0,0,0,0
[13:36:26.541] 5603,ECG,1177,-1622,0,0,0,0,0
[13:36:26.571] 5603,ECG,1178,-2124,0,0,0,0,0
[13:36:26.604] 5608,ECG,1179,-1851,0,0,0,0,0
[13:36:26.604] 5608,ECG,1180,-909,0,0,0,0,0
[13:36:26.619] 5608,ECG,1181,258,0,0,0,0,0
[13:36:26.619] 5613,ECG,1182,1331,0,0,0,0,0
[13:36:26.650] 5613,ECG,1183,1876,0,0,0,0,0
[13:36:26.681] 5618,ECG,1184,1571,0,0,0,0,0
[13:36:26.681] 5618,ECG,1185,631,0,0,0,0,0
[13:36:26.696] 5618,ECG,1186,-571,0,0,0,0,0
[13:36:26.727] 5623,ECG,1187,-1629,0,0,0,0,0
[13:36:26.728] 5623,ECG,1188,-2094,0,0,0,0,0
[13:36:26.759] 5628,ECG,1189,-1890,0,0,0,0,0
[13:36:26.760] 5628,ECG,1190,-1137,0,0,0,0,0
[13:36:26.774] 5628,ECG,1191,63,0,0,0,0,0
[13:36:26.806] 5633,ECG,1192,1253,0,0,0,0,0
[13:36:26.807] 5633,ECG,1193,1908,0,0,0,0,0
[13:36:26.838] 5633,ECG,1194,1784,0,0,0,0,0
[13:36:26.852] 5638,ECG,1195,961,0,0,0,0,0
[13:36:26.853] 5638,ECG,1196,-217,0,0,0,0,0
[13:36:26.883] 5643,ECG,1197,-1349,0,0,0,0,0
[13:36:26.883] 5643,ECG,1198,-2027,0,0,0,0,0
[13:36:26.914] 5643,ECG,1199,-2088,0,0,0,0,0
[13:36:26.929] 5648,ECG,1200,-1574,0,0,0,0,0
[13:36:26.930] 5648,ECG,1201,-641,0,0,0,0,0
[13:36:26.961] 5653,ECG,1202,438,0,0,0,0,0
[13:36:26.992] 5653,ECG,1203,1258,0,0,0,0,0
[13:36:26.993] 5653,ECG,1204,1413,0,0,0,0,0
[13:36:27.008] 5658,ECG,1205,857,0,0,0,0,0
[13:36:27.008] 5658,ECG,1206,-168,0,0,0,0,0
[13:36:27.038] 5663,ECG,1207,-1139,0,0,0,0,0
[13:36:27.069] 5663,ECG,1208,-1721,0,0,0,0,0
[13:36:27.069] 5663,ECG,1209,-1860,0,0,0,0,0
[13:36:27.085] 5668,ECG,1210,-1418,0,0,0,0,0
[13:36:27.117] 5668,ECG,1211,-550,0,0,0,0,0
[13:36:27.117] 5673,ECG,1212,389,0,0,0,0,0
[13:36:27.147] 5673,ECG,1213,1110,0,0,0,0,0
[13:36:27.163] 5673,ECG,1214,1340,0,0,0,0,0
[13:36:27.163] 5678,ECG,1215,834,0,0,0,0,0
[13:36:27.194] 5678,ECG,1216,-261,0,0,0,0,0
[13:36:27.195] 5683,ECG,1217,-1433,0,0,0,0,0
[13:36:27.225] 5683,ECG,1218,-2280,0,0,0,0,0
[13:36:27.241] 5683,ECG,1219,-2514,0,0,0,0,0
[13:36:27.242] 5688,ECG,1220,-2079,0,0,0,0,0
[13:36:27.272] 5688,ECG,1221,-1115,0,0,0,0,0
[13:36:27.304] 5688,ECG,1222,176,0,0,0,0,0
[13:36:27.305] 5693,ECG,1223,1366,0,0,0,0,0
[13:36:27.319] 5693,ECG,1224,1965,0,0,0,0,0
[13:36:27.319] 5698,ECG,1225,1704,0,0,0,0,0
[13:36:27.350] 5698,ECG,1226,782,0,0,0,0,0
[13:36:27.382] 5698,ECG,1227,-410,0,0,0,0,0
[13:36:27.382] 5703,ECG,1228,-1560,0,0,0,0,0
[13:36:27.398] 5703,ECG,1229,-2232,0,0,0,0,0
[13:36:27.429] 5708,ECG,1230,-2163,0,0,0,0,0
[13:36:27.429] 5708,ECG,1231,-1474,0,0,0,0,0
[13:36:27.460] 5708,ECG,1232,-410,0,0,0,0,0
[13:36:27.476] 5713,ECG,1233,676,0,0,0,0,0
[13:36:27.477] 5713,ECG,1234,1330,0,0,0,0,0
[13:36:27.508] 5718,ECG,1235,1233,0,0,0,0,0
[13:36:27.509] 5718,ECG,1236,405,0,0,0,0,0
[13:36:27.539] 5718,ECG,1237,-789,0,0,0,0,0
[13:36:27.556] 5723,ECG,1238,-1807,0,0,0,0,0
[13:36:27.556] 5723,ECG,1239,-2238,0,0,0,0,0
[13:36:27.587] 5728,ECG,1240,-2022,0,0,0,0,0
[13:36:27.618] 5728,ECG,1241,-1295,0,0,0,0,0
[13:36:27.618] 5728,ECG,1242,-102,0,0,0,0,0
[13:36:27.634] 5733,ECG,1243,1174,0,0,0,0,0
[13:36:27.634] 5733,ECG,1244,1874,0,0,0,0,0
[13:36:27.665] 5733,ECG,1245,1849,0,0,0,0,0
[13:36:27.696] 5738,ECG,1246,1106,0,0,0,0,0
[13:36:27.697] 5738,ECG,1247,-160,0,0,0,0,0
[13:36:27.712] 5743,ECG,1248,-1295,0,0,0,0,0
[13:36:27.745] 5743,ECG,1249,-1965,0,0,0,0,0
[13:36:27.745] 5743,ECG,1250,-2025,0,0,0,0,0
[13:36:27.760] 5748,ECG,1251,-1333,0,0,0,0,0
[13:36:27.790] 5748,ECG,1252,-239,0,0,0,0,0
[13:36:27.790] 5753,ECG,1253,872,0,0,0,0,0
[13:36:27.822] 5753,ECG,1254,1718,0,0,0,0,0
[13:36:27.823] 5753,ECG,1255,1857,0,0,0,0,0
[13:36:27.853] 5758,ECG,1256,1219,0,0,0,0,0
[13:36:27.869] 5758,ECG,1257,194,0,0,0,0,0
[13:36:27.869] 5763,ECG,1258,-931,0,0,0,0,0
[13:36:27.900] 5763,ECG,1259,-1780,0,0,0,0,0
[13:36:27.932] 5763,ECG,1260,-1899,0,0,0,0,0
[13:36:27.932] 5768,ECG,1261,-1382,0,0,0,0,0
[13:36:27.947] 5768,ECG,1262,-449,0,0,0,0,0
[13:36:27.947] 5773,ECG,1263,756,0,0,0,0,0
[13:36:27.978] 5773,ECG,1264,1668,0,0,0,0,0
[13:36:28.009] 5773,ECG,1265,1896,0,0,0,0,0
[13:36:28.009] 5778,ECG,1266,1375,0,0,0,0,0
[13:36:28.024] 5778,ECG,1267,260,0,0,0,0,0
[13:36:28.055] 5778,ECG,1268,-889,0,0,0,0,0
[13:36:28.055] 5783,ECG,1269,-1695,0,0,0,0,0
[13:36:28.086] 5783,ECG,1270,-1988,0,0,0,0,0
[13:36:28.087] 5788,ECG,1271,-1671,0,0,0,0,0
[13:36:28.102] 5788,ECG,1272,-840,0,0,0,0,0
[13:36:28.134] 5788,ECG,1273,239,0,0,0,0,0
[13:36:28.134] 5793,ECG,1274,1136,0,0,0,0,0
[13:36:28.163] 5793,ECG,1275,1469,0,0,0,0,0
[13:36:28.178] 5798,ECG,1276,1028,0,0,0,0,0
[13:36:28.179] 5798,ECG,1277,-22,0,0,0,0,0
[13:36:28.210] 5798,ECG,1278,-1142,0,0,0,0,0
[13:36:28.210] 5803,ECG,1279,-2002,0,0,0,0,0
[13:36:28.240] 5803,ECG,1280,-2386,0,0,0,0,0
[13:36:28.256] 5808,ECG,1281,-2025,0,0,0,0,0
[13:36:28.256] 5808,ECG,1282,-1092,0,0,0,0,0
[13:36:28.286] 5808,ECG,1283,64,0,0,0,0,0
[13:36:28.317] 5813,ECG,1284,1203,0,0,0,0,0
[13:36:28.317] 5813,ECG,1285,1853,0,0,0,0,0
[13:36:28.332] 5818,ECG,1286,1660,0,0,0,0,0
[13:36:28.333] 5818,ECG,1287,744,0,0,0,0,0
[13:36:28.363] 5818,ECG,1288,-426,0,0,0,0,0
[13:36:28.394] 5823,ECG,1289,-1477,0,0,0,0,0
[13:36:28.395] 5823,ECG,1290,-2081,0,0,0,0,0
[13:36:28.410] 5823,ECG,1291,-1955,0,0,0,0,0
[13:36:28.441] 5828,ECG,1292,-1254,0,0,0,0,0
[13:36:28.441] 5828,ECG,1293,-151,0,0,0,0,0
[13:36:28.473] 5833,ECG,1294,1061,0,0,0,0,0
[13:36:28.503] 5833,ECG,1295,1874,0,0,0,0,0
[13:36:28.504] 5833,ECG,1296,1989,0,0,0,0,0
[13:36:28.519] 5838,ECG,1297,1306,0,0,0,0,0
[13:36:28.520] 5838,ECG,1298,158,0,0,0,0,0
[13:36:28.551] 5843,ECG,1299,-940,0,0,0,0,0
[13:36:28.566] 5843,ECG,1300,-1708,0,0,0,0,0
[13:36:28.566] 5843,ECG,1301,-1994,0,0,0,0,0
[13:36:28.597] 5848,ECG,1302,-1677,0,0,0,0,0
[13:36:28.628] 5848,ECG,1303,-768,0,0,0,0,0
[13:36:28.628] 5853,ECG,1304,368,0,0,0,0,0
[13:36:28.659] 5853,ECG,1305,1275,0,0,0,0,0
[13:36:28.659] 5853,ECG,1306,1537,0,0,0,0,0
[13:36:28.674] 5858,ECG,1307,987,0,0,0,0,0
[13:36:28.705] 5858,ECG,1308,-77,0,0,0,0,0
[13:36:28.706] 5863,ECG,1309,-1260,0,0,0,0,0
[13:36:28.735] 5863,ECG,1310,-2096,0,0,0,0,0
[13:36:28.751] 5863,ECG,1311,-2225,0,0,0,0,0
[13:36:28.751] 5868,ECG,1312,-1693,0,0,0,0,0
[13:36:28.782] 5868,ECG,1313,-647,0,0,0,0,0
[13:36:28.783] 5868,ECG,1314,694,0,0,0,0,0
[13:36:28.814] 5873,ECG,1315,1823,0,0,0,0,0
[13:36:28.830] 5873,ECG,1316,2242,0,0,0,0,0
[13:36:28.830] 5878,ECG,1317,1781,0,0,0,0,0
[13:36:28.861] 5878,ECG,1318,670,0,0,0,0,0
[13:36:28.893] 5878,ECG,1319,-640,0,0,0,0,0
[13:36:28.893] 5883,ECG,1320,-1681,0,0,0,0,0
[13:36:28.910] 5883,ECG,1321,-2122,0,0,0,0,0
[13:36:28.910] 5888,ECG,1322,-1897,0,0,0,0,0
[13:36:28.939] 5888,ECG,1323,-1041,0,0,0,0,0
[13:36:28.969] 5888,ECG,1324,208,0,0,0,0,0
[13:36:28.969] 5893,ECG,1325,1309,0,0,0,0,0
[13:36:28.984] 5893,ECG,1326,1891,0,0,0,0,0
[13:36:29.016] 5898,ECG,1327,1757,0,0,0,0,0
[13:36:29.016] 5898,ECG,1328,869,0,0,0,0,0
[13:36:29.047] 5898,ECG,1329,-325,0,0,0,0,0
[13:36:29.048] 5903,ECG,1330,-1347,0,0,0,0,0
[13:36:29.063] 5903,ECG,1331,-2000,0,0,0,0,0
[13:36:29.094] 5908,ECG,1332,-2045,0,0,0,0,0
[13:36:29.094] 5908,ECG,1333,-1394,0,0,0,0,0
[13:36:29.126] 5908,ECG,1334,-286,0,0,0,0,0
[13:36:29.141] 5913,ECG,1335,916,0,0,0,0,0
[13:36:29.141] 5913,ECG,1336,1720,0,0,0,0,0
[13:36:29.173] 5913,ECG,1337,1766,0,0,0,0,0
[13:36:29.205] 5918,ECG,1338,1054,0,0,0,0,0
[13:36:29.205] 5918,ECG,1339,-92,0,0,0,0,0
[13:36:29.221] 5923,ECG,1340,-1124,0,0,0,0,0
[13:36:29.221] 5923,ECG,1341,-1728,0,0,0,0,0
[13:36:29.251] 5923,ECG,1342,-1783,0,0,0,0,0
[13:36:29.284] 5928,ECG,1343,-1222,0,0,0,0,0
[13:36:29.284] 5928,ECG,1344,-238,0,0,0,0,0
[13:36:29.299] 5933,ECG,1345,836,0,0,0,0,0
[13:36:29.331] 5933,ECG,1346,1554,0,0,0,0,0
[13:36:29.331] 5933,ECG,1347,1523,0,0,0,0,0
[13:36:29.361] 5938,ECG,1348,723,0,0,0,0,0
[13:36:29.362] 5938,ECG,1349,-449,0,0,0,0,0
[13:36:29.377] 5943,ECG,1350,-1559,0,0,0,0,0
[13:36:29.409] 5943,ECG,1351,-2232,0,0,0,0,0
[13:36:29.409] 5943,ECG,1352,-2177,0,0,0,0,0
[13:36:29.425] 5948,ECG,1353,-1526,0,0,0,0,0
[13:36:29.457] 5948,ECG,1354,-450,0,0,0,0,0
[13:36:29.458] 5953,ECG,1355,805,0,0,0,0,0
[13:36:29.487] 5953,ECG,1356,1744,0,0,0,0,0
[13:36:29.488] 5953,ECG,1357,1967,0,0,0,0,0
[13:36:29.503] 5958,ECG,1358,1313,0,0,0,0,0
[13:36:29.535] 5958,ECG,1359,134,0,0,0,0,0
[13:36:29.535] 5958,ECG,1360,-1123,0,0,0,0,0
[13:36:29.566] 5963,ECG,1361,-2157,0,0,0,0,0
[13:36:29.583] 5963,ECG,1362,-2575,0,0,0,0,0
[13:36:29.583] 5968,ECG,1363,-2224,0,0,0,0,0
[13:36:29.614] 5968,ECG,1364,-1271,0,0,0,0,0
[13:36:29.646] 5968,ECG,1365,-12,0,0,0,0,0
[13:36:29.646] 5973,ECG,1366,1152,0,0,0,0,0
[13:36:29.661] 5973,ECG,1367,1735,0,0,0,0,0
[13:36:29.661] 5978,ECG,1368,1515,0,0,0,0,0
[13:36:29.693] 5978,ECG,1369,565,0,0,0,0,0
[13:36:29.725] 5978,ECG,1370,-686,0,0,0,0,0
[13:36:29.725] 5983,ECG,1371,-1580,0,0,0,0,0
[13:36:29.741] 5983,ECG,1372,-1920,0,0,0,0,0
[13:36:29.772] 5988,ECG,1373,-1698,0,0,0,0,0
[13:36:29.773] 5988,ECG,1374,-823,0,0,0,0,0
[13:36:29.802] 5988,ECG,1375,410,0,0,0,0,0
[13:36:29.802] 5993,ECG,1376,1500,0,0,0,0,0
[13:36:29.818] 5993,ECG,1377,2070,0,0,0,0,0
[13:36:29.848] 5998,ECG,1378,1813,0,0,0,0,0
[13:36:29.849] 5998,ECG,1379,806,0,0,0,0,0
[13:36:29.878] 5998,ECG,1380,-460,0,0,0,0,0
[13:36:29.895] 6003,ECG,1381,-1556,0,0,0,0,0
[13:36:29.895] 6003,ECG,1382,-2096,0,0,0,0,0
[13:36:29.925] 6003,ECG,1383,-1971,0,0,0,0,0
[13:36:29.956] 6008,ECG,1384,-1330,0,0,0,0,0
[13:36:29.956] 6008,ECG,1385,-253,0,0,0,0,0
[13:36:29.972] 6013,ECG,1386,844,0,0,0,0,0
[13:36:29.972] 6013,ECG,1387,1525,0,0,0,0,0
[13:36:30.002] 6013,ECG,1388,1579,0,0,0,0,0
[13:36:30.033] 6018,ECG,1389,815,0,0,0,0,0
[13:36:30.033] 6018,ECG,1390,-443,0,0,0,0,0
[13:36:30.065] 6023,ECG,1391,-1572,0,0,0,0,0
[13:36:30.080] 6023,ECG,1392,-2299,0,0,0,0,0
[13:36:30.080] 6023,ECG,1393,-2389,0,0,0,0,0
[13:36:30.111] 6028,ECG,1394,-1701,0,0,0,0,0
[13:36:30.111] 6028,ECG,1395,-580,0,0,0,0,0
[13:36:30.127] 6033,ECG,1396,680,0,0,0,0,0
[13:36:30.158] 6033,ECG,1397,1756,0,0,0,0,0
[13:36:30.158] 6033,ECG,1398,2063,0,0,0,0,0
[13:36:30.190] 6038,ECG,1399,1575,0,0,0,0,0
[13:36:30.205] 6038,ECG,1400,532,0,0,0,0,0
[13:36:30.206] 6043,ECG,1401,-820,0,0,0,0,0
[13:36:30.237] 6043,ECG,1402,-1837,0,0,0,0,0
[13:36:30.237] 6043,ECG,1403,-2112,0,0,0,0,0
[13:36:30.268] 6048,ECG,1404,-1759,0,0,0,0,0
[13:36:30.283] 6048,ECG,1405,-882,0,0,0,0,0
[13:36:30.283] 6048,ECG,1406,378,0,0,0,0,0
[13:36:30.315] 6053,ECG,1407,1473,0,0,0,0,0
[13:36:30.347] 6053,ECG,1408,1917,0,0,0,0,0
[13:36:30.347] 6058,ECG,1409,1579,0,0,0,0,0
[13:36:30.363] 6058,ECG,1410,630,0,0,0,0,0
[13:36:30.363] 6058,ECG,1411,-524,0,0,0,0,0
[13:36:30.395] 6063,ECG,1412,-1516,0,0,0,0,0
[13:36:30.426] 6063,ECG,1413,-1954,0,0,0,0,0
[13:36:30.427] 6068,ECG,1414,-1707,0,0,0,0,0
[13:36:30.442] 6068,ECG,1415,-903,0,0,0,0,0
[13:36:30.474] 6068,ECG,1416,308,0,0,0,0,0
[13:36:30.475] 6073,ECG,1417,1392,0,0,0,0,0
[13:36:30.504] 6073,ECG,1418,1894,0,0,0,0,0
[13:36:30.505] 6078,ECG,1419,1641,0,0,0,0,0
[13:36:30.520] 6078,ECG,1420,606,0,0,0,0,0
[13:36:30.551] 6078,ECG,1421,-724,0,0,0,0,0
[13:36:30.551] 6083,ECG,1422,-1822,0,0,0,0,0
[13:36:30.582] 6083,ECG,1423,-2371,0,0,0,0,0
[13:36:30.597] 6088,ECG,1424,-2176,0,0,0,0,0
[13:36:30.597] 6088,ECG,1425,-1319,0,0,0,0,0
[13:36:30.629] 6088,ECG,1426,-20,0,0,0,0,0
[13:36:30.630] 6093,ECG,1427,1312,0,0,0,0,0
[13:36:30.660] 6093,ECG,1428,2139,0,0,0,0,0
[13:36:30.676] 6093,ECG,1429,2046,0,0,0,0,0
[13:36:30.677] 6098,ECG,1430,1091,0,0,0,0,0
[13:36:30.707] 6098,ECG,1431,-199,0,0,0,0,0
[13:36:30.738] 6103,ECG,1432,-1402,0,0,0,0,0
[13:36:30.738] 6103,ECG,1433,-2094,0,0,0,0,0
[13:36:30.754] 6103,ECG,1434,-1968,0,0,0,0,0
[13:36:30.785] 6108,ECG,1435,-1172,0,0,0,0,0
[13:36:30.786] 6108,ECG,1436,51,0,0,0,0,0
[13:36:30.816] 6113,ECG,1437,1426,0,0,0,0,0
[13:36:30.817] 6113,ECG,1438,2452,0,0,0,0,0
[13:36:30.831] 6113,ECG,1439,2629,0,0,0,0,0
[13:36:30.863] 6118,ECG,1440,1877,0,0,0,0,0
[13:36:30.863] 6118,ECG,1441,633,0,0,0,0,0
[13:36:30.894] 6123,ECG,1442,-646,0,0,0,0,0
[13:36:30.909] 6123,ECG,1443,-1564,0,0,0,0,0
[13:36:30.910] 6123,ECG,1444,-1812,0,0,0,0,0
[13:36:30.940] 6128,ECG,1445,-1461,0,0,0,0,0
[13:36:30.941] 6128,ECG,1446,-625,0,0,0,0,0
[13:36:30.972] 6133,ECG,1447,481,0,0,0,0,0
[13:36:30.987] 6133,ECG,1448,1383,0,0,0,0,0
[13:36:30.988] 6133,ECG,1449,1731,0,0,0,0,0
[13:36:31.018] 6138,ECG,1450,1286,0,0,0,0,0
[13:36:31.050] 6138,ECG,1451,217,0,0,0,0,0
[13:36:31.050] 6138,ECG,1452,-921,0,0,0,0,0
[13:36:31.065] 6143,ECG,1453,-1819,0,0,0,0,0
[13:36:31.066] 6143,ECG,1454,-2230,0,0,0,0,0
[13:36:31.096] 6148,ECG,1455,-1963,0,0,0,0,0
[13:36:31.128] 6148,ECG,1456,-1173,0,0,0,0,0
[13:36:31.128] 6148,ECG,1457,-115,0,0,0,0,0
[13:36:31.143] 6153,ECG,1458,920,0,0,0,0,0
[13:36:31.174] 6153,ECG,1459,1538,0,0,0,0,0
[13:36:31.174] 6158,ECG,1460,1374,0,0,0,0,0
[13:36:31.206] 6158,ECG,1461,536,0,0,0,0,0
[13:36:31.206] 6158,ECG,1462,-532,0,0,0,0,0
[13:36:31.221] 6163,ECG,1463,-1560,0,0,0,0,0
[13:36:31.251] 6163,ECG,1464,-2170,0,0,0,0,0
[13:36:31.251] 6168,ECG,1465,-2117,0,0,0,0,0
[13:36:31.284] 6168,ECG,1466,-1450,0,0,0,0,0
[13:36:31.299] 6168,ECG,1467,-346,0,0,0,0,0
[13:36:31.301] 6173,ECG,1468,775,0,0,0,0,0
[13:36:31.330] 6173,ECG,1469,1578,0,0,0,0,0
[13:36:31.360] 6178,ECG,1470,1702,0,0,0,0,0
[13:36:31.360] 6178,ECG,1471,950,0,0,0,0,0
[13:36:31.376] 6178,ECG,1472,-272,0,0,0,0,0
[13:36:31.376] 6183,ECG,1473,-1441,0,0,0,0,0
[13:36:31.408] 6183,ECG,1474,-2259,0,0,0,0,0
[13:36:31.439] 6183,ECG,1475,-2525,0,0,0,0,0
[13:36:31.439] 6188,ECG,1476,-2036,0,0,0,0,0
[13:36:31.455] 6188,ECG,1477,-915,0,0,0,0,0
[13:36:31.486] 6193,ECG,1478,416,0,0,0,0,0
[13:36:31.486] 6193,ECG,1479,1487,0,0,0,0,0
[13:36:31.517] 6193,ECG,1480,1827,0,0,0,0,0
[13:36:31.518] 6198,ECG,1481,1371,0,0,0,0,0
[13:36:31.533] 6198,ECG,1482,365,0,0,0,0,0
[13:36:31.564] 6203,ECG,1483,-809,0,0,0,0,0
[13:36:31.564] 6203,ECG,1484,-1663,0,0,0,0,0
[13:36:31.596] 6203,ECG,1485,-1949,0,0,0,0,0
[13:36:31.611] 6208,ECG,1486,-1626,0,0,0,0,0
[13:36:31.611] 6208,ECG,1487,-799,0,0,0,0,0
[13:36:31.642] 6213,ECG,1488,230,0,0,0,0,0
[13:36:31.642] 6213,ECG,1489,1074,0,0,0,0,0
[13:36:31.673] 6213,ECG,1490,1345,0,0,0,0,0
[13:36:31.689] 6218,ECG,1491,880,0,0,0,0,0
[13:36:31.690] 6218,ECG,1492,-69,0,0,0,0,0
[13:36:31.721] 6223,ECG,1493,-1038,0,0,0,0,0
[13:36:31.752] 6223,ECG,1494,-1689,0,0,0,0,0
[13:36:31.752] 6223,ECG,1495,-1795,0,0,0,0,0
[13:36:31.767] 6228,ECG,1496,-1324,0,0,0,0,0
[13:36:31.767] 6228,ECG,1497,-409,0,0,0,0,0
[13:36:31.799] 6228,ECG,1498,796,0,0,0,0,0
[13:36:31.830] 6233,ECG,1499,1785,0,0,0,0,0
[13:36:31.831] 6233,ECG,1500,2111,0,0,0,0,0
[13:36:31.846] 6238,ECG,1501,1749,0,0,0,0,0
[13:36:31.877] 6238,ECG,1502,758,0,0,0,0,0
[13:36:31.878] 6238,ECG,1503,-478,0,0,0,0,0
[13:36:31.908] 6243,ECG,1504,-1405,0,0,0,0,0
[13:36:31.909] 6243,ECG,1505,-1840,0,0,0,0,0
[13:36:31.923] 6248,ECG,1506,-1678,0,0,0,0,0
[13:36:31.954] 6248,ECG,1507,-876,0,0,0,0,0
[13:36:31.955] 6248,ECG,1508,306,0,0,0,0,0
[13:36:31.986] 6253,ECG,1509,1548,0,0,0,0,0
[13:36:32.002] 6253,ECG,1510,2295,0,0,0,0,0
[13:36:32.002] 6258,ECG,1511,2121,0,0,0,0,0
[13:36:32.033] 6258,ECG,1512,1254,0,0,0,0,0
[13:36:32.033] 6258,ECG,1513,90,0,0,0,0,0
[13:36:32.064] 6263,ECG,1514,-1001,0,0,0,0,0
[13:36:32.080] 6263,ECG,1515,-1622,0,0,0,0,0
[13:36:32.080] 6268,ECG,1516,-1601,0,0,0,0,0
[13:36:32.112] 6268,ECG,1517,-1016,0,0,0,0,0
[13:36:32.143] 6268,ECG,1518,6,0,0,0,0,0
[13:36:32.143] 6273,ECG,1519,1141,0,0,0,0,0
[13:36:32.159] 6273,ECG,1520,1814,0,0,0,0,0
[13:36:32.159] 6278,ECG,1521,1730,0,0,0,0,0
[13:36:32.190] 6278,ECG,1522,866,0,0,0,0,0
[13:36:32.220] 6278,ECG,1523,-435,0,0,0,0,0
[13:36:32.221] 6283,ECG,1524,-1561,0,0,0,0,0
[13:36:32.236] 6283,ECG,1525,-2235,0,0,0,0,0
[13:36:32.267] 6283,ECG,1526,-2245,0,0,0,0,0
[13:36:32.267] 6288,ECG,1527,-1522,0,0,0,0,0
[13:36:32.298] 6288,ECG,1528,-318,0,0,0,0,0
[13:36:32.314] 6293,ECG,1529,1037,0,0,0,0,0
[13:36:32.314] 6293,ECG,1530,2022,0,0,0,0,0
[13:36:32.345] 6293,ECG,1531,2252,0,0,0,0,0
[13:36:32.345] 6298,ECG,1532,1620,0,0,0,0,0
[13:36:32.376] 6298,ECG,1533,412,0,0,0,0,0
[13:36:32.392] 6303,ECG,1534,-829,0,0,0,0,0
[13:36:32.393] 6303,ECG,1535,-1762,0,0,0,0,0
[13:36:32.423] 6303,ECG,1536,-2046,0,0,0,0,0
[13:36:32.454] 6308,ECG,1537,-1617,0,0,0,0,0
[13:36:32.455] 6308,ECG,1538,-667,0,0,0,0,0
[13:36:32.470] 6313,ECG,1539,588,0,0,0,0,0
[13:36:32.470] 6313,ECG,1540,1707,0,0,0,0,0
[13:36:32.500] 6313,ECG,1541,2145,0,0,0,0,0
[13:36:32.532] 6318,ECG,1542,1653,0,0,0,0,0
[13:36:32.532] 6318,ECG,1543,590,0,0,0,0,0
[13:36:32.548] 6318,ECG,1544,-699,0,0,0,0,0
[13:36:32.579] 6323,ECG,1545,-1807,0,0,0,0,0
[13:36:32.579] 6323,ECG,1546,-2219,0,0,0,0,0
[13:36:32.611] 6328,ECG,1547,-1996,0,0,0,0,0
[13:36:32.612] 6328,ECG,1548,-1196,0,0,0,0,0
[13:36:32.627] 6328,ECG,1549,59,0,0,0,0,0
[13:36:32.658] 6333,ECG,1550,1211,0,0,0,0,0
[13:36:32.659] 6333,ECG,1551,1733,0,0,0,0,0
[13:36:32.690] 6338,ECG,1552,1426,0,0,0,0,0
[13:36:32.706] 6338,ECG,1553,422,0,0,0,0,0
[13:36:32.706] 6338,ECG,1554,-916,0,0,0,0,0
[13:36:32.737] 6343,ECG,1555,-2023,0,0,0,0,0
[13:36:32.738] 6343,ECG,1556,-2535,0,0,0,0,0
[13:36:32.768] 6348,ECG,1557,-2336,0,0,0,0,0
[13:36:32.784] 6348,ECG,1558,-1468,0,0,0,0,0
[13:36:32.784] 6348,ECG,1559,-273,0,0,0,0,0
[13:36:32.815] 6353,ECG,1560,925,0,0,0,0,0
[13:36:32.846] 6353,ECG,1561,1792,0,0,0,0,0
[13:36:32.846] 6358,ECG,1562,1790,0,0,0,0,0
[13:36:32.861] 6358,ECG,1563,896,0,0,0,0,0
[13:36:32.861] 6358,ECG,1564,-287,0,0,0,0,0
[13:36:32.892] 6363,ECG,1565,-1338,0,0,0,0,0
[13:36:32.923] 6363,ECG,1566,-2020,0,0,0,0,0
[13:36:32.923] 6368,ECG,1567,-2090,0,0,0,0,0
[13:36:32.938] 6368,ECG,1568,-1483,0,0,0,0,0
[13:36:32.969] 6368,ECG,1569,-413,0,0,0,0,0
[13:36:32.969] 6373,ECG,1570,763,0,0,0,0,0
[13:36:33.000] 6373,ECG,1571,1627,0,0,0,0,0
[13:36:33.015] 6373,ECG,1572,1784,0,0,0,0,0
[13:36:33.017] 6378,ECG,1573,1196,0,0,0,0,0
[13:36:33.046] 6378,ECG,1574,112,0,0,0,0,0
[13:36:33.047] 6383,ECG,1575,-987,0,0,0,0,0
[13:36:33.077] 6383,ECG,1576,-1633,0,0,0,0,0
[13:36:33.108] 6383,ECG,1577,-1686,0,0,0,0,0
[13:36:33.108] 6388,ECG,1578,-1096,0,0,0,0,0
[13:36:33.123] 6388,ECG,1579,-41,0,0,0,0,0
[13:36:33.154] 6393,ECG,1580,1135,0,0,0,0,0
[13:36:33.154] 6393,ECG,1581,2017,0,0,0,0,0
[13:36:33.184] 6393,ECG,1582,2176,0,0,0,0,0
[13:36:33.184] 6398,ECG,1583,1521,0,0,0,0,0
[13:36:33.200] 6398,ECG,1584,361,0,0,0,0,0
[13:36:33.231] 6403,ECG,1585,-861,0,0,0,0,0
[13:36:33.232] 6403,ECG,1586,-1760,0,0,0,0,0
[13:36:33.262] 6403,ECG,1587,-1985,0,0,0,0,0
[13:36:33.278] 6408,ECG,1588,-1523,0,0,0,0,0
[13:36:33.278] 6408,ECG,1589,-547,0,0,0,0,0
[13:36:33.309] 6413,ECG,1590,781,0,0,0,0,0
[13:36:33.310] 6413,ECG,1591,1933,0,0,0,0,0
[13:36:33.340] 6413,ECG,1592,2412,0,0,0,0,0
[13:36:33.356] 6418,ECG,1593,2094,0,0,0,0,0
[13:36:33.356] 6418,ECG,1594,1050,0,0,0,0,0
[13:36:33.387] 6418,ECG,1595,-269,0,0,0,0,0
[13:36:33.417] 6423,ECG,1596,-1290,0,0,0,0,0
[13:36:33.417] 6423,ECG,1597,-1886,0,0,0,0,0
[13:36:33.434] 6428,ECG,1598,-1861,0,0,0,0,0
[13:36:33.464] 6428,ECG,1599,-1000,0,0,0,0,0
[13:36:33.465] 6428,ECG,1600,267,0,0,0,0,0
[13:36:33.496] 6433,ECG,1601,1428,0,0,0,0,0
[13:36:33.497] 6433,ECG,1602,2084,0,0,0,0,0
[13:36:33.512] 6438,ECG,1603,1871,0,0,0,0,0
[13:36:33.544] 6438,ECG,1604,944,0,0,0,0,0
[13:36:33.544] 6438,ECG,1605,-296,0,0,0,0,0
[13:36:33.575] 6443,ECG,1606,-1455,0,0,0,0,0
[13:36:33.591] 6443,ECG,1607,-2021,0,0,0,0,0
[13:36:33.591] 6448,ECG,1608,-1815,0,0,0,0,0
[13:36:33.622] 6448,ECG,1609,-1076,0,0,0,0,0
[13:36:33.622] 6448,ECG,1610,77,0,0,0,0,0
[13:36:33.652] 6453,ECG,1611,1356,0,0,0,0,0
[13:36:33.668] 6453,ECG,1612,2129,0,0,0,0,0
[13:36:33.669] 6458,ECG,1613,2116,0,0,0,0,0
[13:36:33.699] 6458,ECG,1614,1304,0,0,0,0,0
[13:36:33.699] 6458,ECG,1615,8,0,0,0,0,0
[13:36:33.729] 6463,ECG,1616,-1126,0,0,0,0,0
[13:36:33.745] 6463,ECG,1617,-1842,0,0,0,0,0
[13:36:33.745] 6463,ECG,1618,-1956,0,0,0,0,0
[13:36:33.776] 6468,ECG,1619,-1366,0,0,0,0,0
[13:36:33.807] 6468,ECG,1620,-376,0,0,0,0,0
[13:36:33.808] 6473,ECG,1621,760,0,0,0,0,0
[13:36:33.822] 6473,ECG,1622,1593,0,0,0,0,0
[13:36:33.853] 6473,ECG,1623,1682,0,0,0,0,0
[13:36:33.854] 6478,ECG,1624,1085,0,0,0,0,0
[13:36:33.884] 6478,ECG,1625,63,0,0,0,0,0
[13:36:33.885] 6483,ECG,1626,-1076,0,0,0,0,0
[13:36:33.899] 6483,ECG,1627,-1914,0,0,0,0,0
[13:36:33.930] 6483,ECG,1628,-2051,0,0,0,0,0
[13:36:33.930] 6488,ECG,1629,-1510,0,0,0,0,0
[13:36:33.961] 6488,ECG,1630,-485,0,0,0,0,0
[13:36:33.977] 6493,ECG,1631,786,0,0,0,0,0
[13:36:33.977] 6493,ECG,1632,1819,0,0,0,0,0
[13:36:34.008] 6493,ECG,1633,2246,0,0,0,0,0
[13:36:34.008] 6498,ECG,1634,1835,0,0,0,0,0
[13:36:34.040] 6498,ECG,1635,701,0,0,0,0,0
[13:36:34.070] 6503,ECG,1636,-570,0,0,0,0,0
[13:36:34.070] 6503,ECG,1637,-1605,0,0,0,0,0
[13:36:34.085] 6503,ECG,1638,-2163,0,0,0,0,0
[13:36:34.117] 6508,ECG,1639,-1959,0,0,0,0,0
[13:36:34.117] 6508,ECG,1640,-1040,0,0,0,0,0
[13:36:34.148] 6508,ECG,1641,211,0,0,0,0,0
[13:36:34.148] 6513,ECG,1642,1391,0,0,0,0,0
[13:36:34.164] 6513,ECG,1643,2030,0,0,0,0,0
[13:36:34.196] 6518,ECG,1644,1823,0,0,0,0,0
[13:36:34.197] 6518,ECG,1645,968,0,0,0,0,0
[13:36:34.228] 6518,ECG,1646,-209,0,0,0,0,0
[13:36:34.244] 6523,ECG,1647,-1297,0,0,0,0,0
[13:36:34.244] 6523,ECG,1648,-1802,0,0,0,0,0
[13:36:34.274] 6528,ECG,1649,-1586,0,0,0,0,0
[13:36:34.291] 6528,ECG,1650,-834,0,0,0,0,0
[13:36:34.291] 6528,ECG,1651,337,0,0,0,0,0
[13:36:34.321] 6533,ECG,1652,1575,0,0,0,0,0
[13:36:34.321] 6533,ECG,1653,2181,0,0,0,0,0
[13:36:34.351] 6538,ECG,1654,1960,0,0,0,0,0
[13:36:34.383] 6538,ECG,1655,1117,0,0,0,0,0
[13:36:34.383] 6538,ECG,1656,-86,0,0,0,0,0
[13:36:34.398] 6543,ECG,1657,-1211,0,0,0,0,0
[13:36:34.430] 6543,ECG,1658,-1920,0,0,0,0,0
[13:36:34.430] 6548,ECG,1659,-1952,0,0,0,0,0
[13:36:34.461] 6548,ECG,1660,-1168,0,0,0,0,0
[13:36:34.462] 6548,ECG,1661,74,0,0,0,0,0
[13:36:34.477] 6553,ECG,1662,1258,0,0,0,0,0
[13:36:34.508] 6553,ECG,1663,2063,0,0,0,0,0
[13:36:34.508] 6553,ECG,1664,2120,0,0,0,0,0
[13:36:34.524] 6558,ECG,1665,1254,0,0,0,0,0
[13:36:34.524] 6558,ECG,1666,-86,0,0,0,0,0
[13:36:34.556] 6563,ECG,1667,-1261,0,0,0,0,0
[13:36:34.587] 6563,ECG,1668,-2028,0,0,0,0,0
[13:36:34.588] 6563,ECG,1669,-2165,0,0,0,0,0
[13:36:34.603] 6568,ECG,1670,-1510,0,0,0,0,0
[13:36:34.634] 6568,ECG,1671,-356,0,0,0,0,0
[13:36:34.634] 6573,ECG,1672,1019,0,0,0,0,0
[13:36:34.665] 6573,ECG,1673,2101,0,0,0,0,0
[13:36:34.681] 6573,ECG,1674,2348,0,0,0,0,0
[13:36:34.681] 6578,ECG,1675,1778,0,0,0,0,0
[13:36:34.712] 6578,ECG,1676,615,0,0,0,0,0
[13:36:34.713] 6583,ECG,1677,-730,0,0,0,0,0
[13:36:34.744] 6583,ECG,1678,-1745,0,0,0,0,0
[13:36:34.760] 6583,ECG,1679,-2081,0,0,0,0,0
[13:36:34.760] 6588,ECG,1680,-1761,0,0,0,0,0
[13:36:34.792] 6588,ECG,1681,-886,0,0,0,0,0
[13:36:34.823] 6593,ECG,1682,394,0,0,0,0,0
[13:36:34.824] 6593,ECG,1683,1469,0,0,0,0,0
[13:36:34.839] 6593,ECG,1684,1908,0,0,0,0,0
[13:36:34.840] 6598,ECG,1685,1617,0,0,0,0,0
[13:36:34.871] 6598,ECG,1686,596,0,0,0,0,0
[13:36:34.903] 6598,ECG,1687,-652,0,0,0,0,0
[13:36:34.903] 6603,ECG,1688,-1598,0,0,0,0,0
[13:36:34.918] 6603,ECG,1689,-2062,0,0,0,0,0
[13:36:34.950] 6608,ECG,1690,-1805,0,0,0,0,0
[13:36:34.950] 6608,ECG,1691,-873,0,0,0,0,0
[13:36:34.981] 6608,ECG,1692,294,0,0,0,0,0
[13:36:34.982] 6613,ECG,1693,1378,0,0,0,0,0
[13:36:34.996] 6613,ECG,1694,1978,0,0,0,0,0
[13:36:35.027] 6618,ECG,1695,1764,0,0,0,0,0
[13:36:35.028] 6618,ECG,1696,820,0,0,0,0,0
[13:36:35.058] 6618,ECG,1697,-485,0,0,0,0,0
[13:36:35.074] 6623,ECG,1698,-1688,0,0,0,0,0
[13:36:35.075] 6623,ECG,1699,-2436,0,0,0,0,0
[13:36:35.106] 6628,ECG,1700,-2494,0,0,0,0,0
[13:36:35.138] 6628,ECG,1701,-1947,0,0,0,0,0
[13:36:35.138] 6628,ECG,1702,-965,0,0,0,0,0
[13:36:35.154] 6633,ECG,1703,241,0,0,0,0,0
[13:36:35.154] 6633,ECG,1704,1137,0,0,0,0,0
[13:36:35.185] 6638,ECG,1705,1368,0,0,0,0,0
[13:36:35.201] 6638,ECG,1706,843,0,0,0,0,0
[13:36:35.202] 6638,ECG,1707,-135,0,0,0,0,0
[13:36:35.233] 6643,ECG,1708,-1080,0,0,0,0,0
[13:36:35.265] 6643,ECG,1709,-1751,0,0,0,0,0
[13:36:35.265] 6643,ECG,1710,-1784,0,0,0,0,0
[13:36:35.280] 6648,ECG,1711,-1109,0,0,0,0,0
[13:36:35.281] 6648,ECG,1712,-29,0,0,0,0,0
[13:36:35.312] 6653,ECG,1713,1208,0,0,0,0,0
[13:36:35.343] 6653,ECG,1714,2174,0,0,0,0,0
[13:36:35.344] 6653,ECG,1715,2465,0,0,0,0,0
[13:36:35.359] 6658,ECG,1716,1899,0,0,0,0,0
[13:36:35.390] 6658,ECG,1717,711,0,0,0,0,0
[13:36:35.391] 6663,ECG,1718,-539,0,0,0,0,0
[13:36:35.421] 6663,ECG,1719,-1508,0,0,0,0,0
[13:36:35.421] 6663,ECG,1720,-1834,0,0,0,0,0
[13:36:35.437] 6668,ECG,1721,-1424,0,0,0,0,0
[13:36:35.468] 6668,ECG,1722,-536,0,0,0,0,0
[13:36:35.468] 6673,ECG,1723,629,0,0,0,0,0
[13:36:35.499] 6673,ECG,1724,1545,0,0,0,0,0
[13:36:35.515] 6673,ECG,1725,1823,0,0,0,0,0
[13:36:35.515] 6678,ECG,1726,1430,0,0,0,0,0
[13:36:35.546] 6678,ECG,1727,410,0,0,0,0,0
[13:36:35.547] 6683,ECG,1728,-821,0,0,0,0,0
[13:36:35.578] 6683,ECG,1729,-1712,0,0,0,0,0
[13:36:35.594] 6683,ECG,1730,-1950,0,0,0,0,0
[13:36:35.594] 6688,ECG,1731,-1558,0,0,0,0,0
[13:36:35.626] 6688,ECG,1732,-604,0,0,0,0,0
[13:36:35.656] 6688,ECG,1733,744,0,0,0,0,0
[13:36:35.657] 6693,ECG,1734,1910,0,0,0,0,0
[13:36:35.672] 6693,ECG,1735,2445,0,0,0,0,0
[13:36:35.673] 6698,ECG,1736,2139,0,0,0,0,0
[13:36:35.702] 6698,ECG,1737,1040,0,0,0,0,0
[13:36:35.733] 6698,ECG,1738,-331,0,0,0,0,0
[13:36:35.733] 6703,ECG,1739,-1497,0,0,0,0,0
[13:36:35.749] 6703,ECG,1740,-2103,0,0,0,0,0
[13:36:35.780] 6708,ECG,1741,-1934,0,0,0,0,0
[13:36:35.781] 6708,ECG,1742,-1192,0,0,0,0,0
[13:36:35.813] 6708,ECG,1743,-98,0,0,0,0,0
[13:36:35.828] 6713,ECG,1744,1076,0,0,0,0,0
[13:36:35.829] 6713,ECG,1745,1765,0,0,0,0,0
[13:36:35.859] 6718,ECG,1746,1602,0,0,0,0,0
[13:36:35.860] 6718,ECG,1747,684,0,0,0,0,0
[13:36:35.891] 6718,ECG,1748,-572,0,0,0,0,0
[13:36:35.906] 6723,ECG,1749,-1676,0,0,0,0,0
[13:36:35.907] 6723,ECG,1750,-2269,0,0,0,0,0
[13:36:35.937] 6728,ECG,1751,-2111,0,0,0,0,0
[13:36:35.968] 6728,ECG,1752,-1248,0,0,0,0,0
[13:36:35.968] 6728,ECG,1753,-32,0,0,0,0,0
[13:36:35.984] 6733,ECG,1754,1207,0,0,0,0,0
[13:36:35.984] 6733,ECG,1755,2089,0,0,0,0,0
[13:36:36.016] 6733,ECG,1756,2249,0,0,0,0,0
[13:36:36.048] 6738,ECG,1757,1569,0,0,0,0,0
[13:36:36.049] 6738,ECG,1758,358,0,0,0,0,0
[13:36:36.064] 6743,ECG,1759,-797,0,0,0,0,0
[13:36:36.096] 6743,ECG,1760,-1588,0,0,0,0,0
[13:36:36.096] 6743,ECG,1761,-1755,0,0,0,0,0
[13:36:36.112] 6748,ECG,1762,-1202,0,0,0,0,0
[13:36:36.144] 6748,ECG,1763,-167,0,0,0,0,0
[13:36:36.144] 6753,ECG,1764,1058,0,0,0,0,0
[13:36:36.176] 6753,ECG,1765,1946,0,0,0,0,0
[13:36:36.176] 6753,ECG,1766,2091,0,0,0,0,0
[13:36:36.192] 6758,ECG,1767,1423,0,0,0,0,0
[13:36:36.224] 6758,ECG,1768,266,0,0,0,0,0
[13:36:36.224] 6763,ECG,1769,-950,0,0,0,0,0
[13:36:36.255] 6763,ECG,1770,-1897,0,0,0,0,0
[13:36:36.271] 6763,ECG,1771,-2096,0,0,0,0,0
[13:36:36.271] 6768,ECG,1772,-1623,0,0,0,0,0
[13:36:36.303] 6768,ECG,1773,-698,0,0,0,0,0
[13:36:36.303] 6773,ECG,1774,601,0,0,0,0,0
[13:36:36.334] 6773,ECG,1775,1627,0,0,0,0,0
[13:36:36.350] 6773,ECG,1776,1968,0,0,0,0,0
[13:36:36.350] 6778,ECG,1777,1533,0,0,0,0,0
[13:36:36.382] 6778,ECG,1778,334,0,0,0,0,0
[13:36:36.398] 6778,ECG,1779,-1008,0,0,0,0,0
[13:36:36.398] 6783,ECG,1780,-1991,0,0,0,0,0
[13:36:36.430] 6783,ECG,1781,-2492,0,0,0,0,0
[13:36:36.430] 6788,ECG,1782,-2246,0,0,0,0,0
[13:36:36.462] 6788,ECG,1783,-1276,0,0,0,0,0
[13:36:36.478] 6788,ECG,1784,-60,0,0,0,0,0
[13:36:36.478] 6793,ECG,1785,1092,0,0,0,0,0
[13:36:36.510] 6793,ECG,1786,1835,0,0,0,0,0
[13:36:36.542] 6798,ECG,1787,1646,0,0,0,0,0
[13:36:36.542] 6798,ECG,1788,725,0,0,0,0,0
[13:36:36.558] 6798,ECG,1789,-386,0,0,0,0,0
[13:36:36.558] 6803,ECG,1790,-1457,0,0,0,0,0
[13:36:36.589] 6803,ECG,1791,-2041,0,0,0,0,0
[13:36:36.605] 6808,ECG,1792,-1921,0,0,0,0,0
[13:36:36.605] 6808,ECG,1793,-1281,0,0,0,0,0
[13:36:36.637] 6808,ECG,1794,-173,0,0,0,0,0
[13:36:36.669] 6813,ECG,1795,997,0,0,0,0,0
[13:36:36.669] 6813,ECG,1796,1662,0,0,0,0,0
[13:36:36.685] 6818,ECG,1797,1681,0,0,0,0,0
[13:36:36.717] 6818,ECG,1798,1004,0,0,0,0,0
[13:36:36.717] 6818,ECG,1799,-200,0,0,0,0,0
[13:36:36.749] 6823,ECG,1800,-1357,0,0,0,0,0
[13:36:36.749] 6823,ECG,1801,-1997,0,0,0,0,0
[13:36:36.765] 6823,ECG,1802,-2066,0,0,0,0,0
[13:36:36.797] 6828,ECG,1803,-1554,0,0,0,0,0
[13:36:36.798] 6828,ECG,1804,-473,0,0,0,0,0
[13:36:36.813] 6833,ECG,1805,767,0,0,0,0,0
[13:36:36.844] 6833,ECG,1806,1688,0,0,0,0,0
[13:36:36.844] 6833,ECG,1807,1963,0,0,0,0,0
[13:36:36.875] 6838,ECG,1808,1441,0,0,0,0,0
[13:36:36.876] 6838,ECG,1809,369,0,0,0,0,0
[13:36:36.891] 6843,ECG,1810,-841,0,0,0,0,0
[13:36:36.923] 6843,ECG,1811,-1718,0,0,0,0,0
[13:36:36.924] 6843,ECG,1812,-1881,0,0,0,0,0
[13:36:36.955] 6848,ECG,1813,-1326,0,0,0,0,0
[13:36:36.971] 6848,ECG,1814,-258,0,0,0,0,0
[13:36:36.971] 6853,ECG,1815,1028,0,0,0,0,0
[13:36:37.003] 6853,ECG,1816,2105,0,0,0,0,0
[13:36:37.004] 6853,ECG,1817,2519,0,0,0,0,0
[13:36:37.035] 6858,ECG,1818,1992,0,0,0,0,0
[13:36:37.051] 6858,ECG,1819,695,0,0,0,0,0
[13:36:37.051] 6863,ECG,1820,-802,0,0,0,0,0
[13:36:37.082] 6863,ECG,1821,-2089,0,0,0,0,0
[13:36:37.114] 6863,ECG,1822,-2873,0,0,0,0,0
[13:36:37.114] 6868,ECG,1823,-2797,0,0,0,0,0
[13:36:37.130] 6868,ECG,1824,-1916,0,0,0,0,0
[13:36:37.162] 6868,ECG,1825,-575,0,0,0,0,0
[13:36:37.162] 6873,ECG,1826,814,0,0,0,0,0
[13:36:37.178] 6873,ECG,1827,1716,0,0,0,0,0
[13:36:37.178] 6878,ECG,1828,1738,0,0,0,0,0
[13:36:37.210] 6878,ECG,1829,931,0,0,0,0,0
[13:36:37.241] 6878,ECG,1830,-264,0,0,0,0,0
[13:36:37.241] 6883,ECG,1831,-1417,0,0,0,0,0
[13:36:37.256] 6883,ECG,1832,-2083,0,0,0,0,0
[13:36:37.287] 6888,ECG,1833,-2022,0,0,0,0,0
[13:36:37.287] 6888,ECG,1834,-1339,0,0,0,0,0
[13:36:37.318] 6888,ECG,1835,-154,0,0,0,0,0
[13:36:37.318] 6893,ECG,1836,1131,0,0,0,0,0
[13:36:37.334] 6893,ECG,1837,1932,0,0,0,0,0
[13:36:37.366] 6898,ECG,1838,1880,0,0,0,0,0
[13:36:37.366] 6898,ECG,1839,1024,0,0,0,0,0
[13:36:37.398] 6898,ECG,1840,-224,0,0,0,0,0
[13:36:37.414] 6903,ECG,1841,-1406,0,0,0,0,0
[13:36:37.414] 6903,ECG,1842,-2110,0,0,0,0,0
[13:36:37.446] 6908,ECG,1843,-2100,0,0,0,0,0
[13:36:37.478] 6908,ECG,1844,-1429,0,0,0,0,0
[13:36:37.479] 6908,ECG,1845,-261,0,0,0,0,0
[13:36:37.494] 6913,ECG,1846,1094,0,0,0,0,0
[13:36:37.494] 6913,ECG,1847,2065,0,0,0,0,0
[13:36:37.526] 6913,ECG,1848,2275,0,0,0,0,0
[13:36:37.542] 6918,ECG,1849,1619,0,0,0,0,0
[13:36:37.542] 6918,ECG,1850,347,0,0,0,0,0
[13:36:37.573] 6923,ECG,1851,-947,0,0,0,0,0
[13:36:37.605] 6923,ECG,1852,-1906,0,0,0,0,0
[13:36:37.605] 6923,ECG,1853,-2250,0,0,0,0,0
[13:36:37.620] 6928,ECG,1854,-1832,0,0,0,0,0
[13:36:37.620] 6928,ECG,1855,-794,0,0,0,0,0
[13:36:37.651] 6933,ECG,1856,538,0,0,0,0,0
[13:36:37.683] 6933,ECG,1857,1615,0,0,0,0,0
[13:36:37.683] 6933,ECG,1858,2029,0,0,0,0,0
[13:36:37.698] 6938,ECG,1859,1608,0,0,0,0,0
[13:36:37.730] 6938,ECG,1860,535,0,0,0,0,0
[13:36:37.730] 6943,ECG,1861,-734,0,0,0,0,0
[13:36:37.762] 6943,ECG,1862,-1762,0,0,0,0,0
[13:36:37.762] 6943,ECG,1863,-2167,0,0,0,0,0
[13:36:37.778] 6948,ECG,1864,-1936,0,0,0,0,0
[13:36:37.808] 6948,ECG,1865,-1142,0,0,0,0,0
[13:36:37.809] 6953,ECG,1866,82,0,0,0,0,0
[13:36:37.840] 6953,ECG,1867,1163,0,0,0,0,0
[13:36:37.855] 6953,ECG,1868,1631,0,0,0,0,0
[13:36:37.855] 6958,ECG,1869,1382,0,0,0,0,0
[13:36:37.885] 6958,ECG,1870,533,0,0,0,0,0
[13:36:37.885] 6963,ECG,1871,-547,0,0,0,0,0
[13:36:37.911] 6963,ECG,1872,-1430,0,0,0,0,0
[13:36:37.933] 6963,ECG,1873,-1863,0,0,0,0,0
[13:36:37.934] 6968,ECG,1874,-1736,0,0,0,0,0
[13:36:37.965] 6968,ECG,1875,-1007,0,0,0,0,0
[13:36:37.996] 6968,ECG,1876,110,0,0,0,0,0
[13:36:37.996] 6973,ECG,1877,1215,0,0,0,0,0
[13:36:38.012] 6973,ECG,1878,1860,0,0,0,0,0
[13:36:38.044] 6978,ECG,1879,1689,0,0,0,0,0
[13:36:38.044] 6978,ECG,1880,841,0,0,0,0,0
[13:36:38.075] 6978,ECG,1881,-242,0,0,0,0,0
[13:36:38.075] 6983,ECG,1882,-1192,0,0,0,0,0
[13:36:38.091] 6983,ECG,1883,-1721,0,0,0,0,0
[13:36:38.123] 6988,ECG,1884,-1653,0,0,0,0,0
[13:36:38.123] 6988,ECG,1885,-1022,0,0,0,0,0
[13:36:38.155] 6988,ECG,1886,-50,0,0,0,0,0
[13:36:38.171] 6993,ECG,1887,933,0,0,0,0,0
[13:36:38.172] 6993,ECG,1888,1500,0,0,0,0,0
[13:36:38.203] 6998,ECG,1889,1375,0,0,0,0,0
[13:36:38.203] 6998,ECG,1890,482,0,0,0,0,0
[13:36:38.219] 6998,ECG,1891,-790,0,0,0,0,0
[13:36:38.251] 7003,ECG,1892,-1796,0,0,0,0,0
[13:36:38.251] 7003,ECG,1893,-2283,0,0,0,0,0
[13:36:38.284] 7003,ECG,1894,-2091,0,0,0,0,0
[13:36:38.299] 7008,ECG,1895,-1304,0,0,0,0,0
[13:36:38.300] 7008,ECG,1896,-232,0,0,0,0,0
[13:36:38.331] 7013,ECG,1897,993,0,0,0,0,0
[13:36:38.331] 7013,ECG,1898,1881,0,0,0,0,0
[13:36:38.362] 7013,ECG,1899,1990,0,0,0,0,0
[13:36:38.377] 7018,ECG,1900,1332,0,0,0,0,0
[13:36:38.378] 7018,ECG,1901,130,0,0,0,0,0
[13:36:38.408] 7023,ECG,1902,-1104,0,0,0,0,0
[13:36:38.440] 7023,ECG,1903,-2000,0,0,0,0,0
[13:36:38.441] 7023,ECG,1904,-2299,0,0,0,0,0
[13:36:38.456] 7028,ECG,1905,-1798,0,0,0,0,0
[13:36:38.488] 7028,ECG,1906,-751,0,0,0,0,0
[13:36:38.488] 7033,ECG,1907,430,0,0,0,0,0
[13:36:38.518] 7033,ECG,1908,1435,0,0,0,0,0
[13:36:38.519] 7033,ECG,1909,1873,0,0,0,0,0
[13:36:38.533] 7038,ECG,1910,1426,0,0,0,0,0
[13:36:38.565] 7038,ECG,1911,323,0,0,0,0,0
[13:36:38.566] 7043,ECG,1912,-937,0,0,0,0,0
[13:36:38.597] 7043,ECG,1913,-1977,0,0,0,0,0
[13:36:38.612] 7043,ECG,1914,-2364,0,0,0,0,0
[13:36:38.613] 7048,ECG,1915,-1978,0,0,0,0,0
[13:36:38.644] 7048,ECG,1916,-986,0,0,0,0,0
[13:36:38.645] 7048,ECG,1917,439,0,0,0,0,0
[13:36:38.676] 7053,ECG,1918,1707,0,0,0,0,0
[13:36:38.691] 7053,ECG,1919,2313,0,0,0,0,0
[13:36:38.692] 7058,ECG,1920,2084,0,0,0,0,0
[13:36:38.723] 7058,ECG,1921,1095,0,0,0,0,0
[13:36:38.739] 7058,ECG,1922,-161,0,0,0,0,0
[13:36:38.740] 7063,ECG,1923,-1292,0,0,0,0,0
[13:36:38.770] 7063,ECG,1924,-1967,0,0,0,0,0
[13:36:38.771] 7068,ECG,1925,-1914,0,0,0,0,0
[13:36:38.801] 7068,ECG,1926,-1236,0,0,0,0,0
[13:36:38.817] 7068,ECG,1927,-61,0,0,0,0,0
[13:36:38.817] 7073,ECG,1928,1221,0,0,0,0,0
[13:36:38.849] 7073,ECG,1929,1995,0,0,0,0,0
[13:36:38.880] 7078,ECG,1930,1999,0,0,0,0,0
[13:36:38.880] 7078,ECG,1931,1282,0,0,0,0,0
[13:36:38.895] 7078,ECG,1932,82,0,0,0,0,0
[13:36:38.895] 7083,ECG,1933,-1076,0,0,0,0,0
[13:36:38.927] 7083,ECG,1934,-1708,0,0,0,0,0
[13:36:38.958] 7088,ECG,1935,-1716,0,0,0,0,0
[13:36:38.959] 7088,ECG,1936,-1153,0,0,0,0,0
[13:36:38.974] 7088,ECG,1937,-117,0,0,0,0,0
[13:36:39.005] 7093,ECG,1938,1079,0,0,0,0,0
[13:36:39.005] 7093,ECG,1939,1927,0,0,0,0,0
[13:36:39.037] 7093,ECG,1940,1985,0,0,0,0,0
[13:36:39.038] 7098,ECG,1941,1190,0,0,0,0,0
[13:36:39.052] 7098,ECG,1942,-42,0,0,0,0,0
[13:36:39.084] 7103,ECG,1943,-1210,0,0,0,0,0
[13:36:39.084] 7103,ECG,1944,-2016,0,0,0,0,0
[13:36:39.115] 7103,ECG,1945,-2164,0,0,0,0,0
[13:36:39.130] 7108,ECG,1946,-1562,0,0,0,0,0
[13:36:39.131] 7108,ECG,1947,-464,0,0,0,0,0
[13:36:39.162] 7113,ECG,1948,753,0,0,0,0,0
[13:36:39.193] 7113,ECG,1949,1656,0,0,0,0,0
[13:36:39.193] 7113,ECG,1950,1879,0,0,0,0,0
[13:36:39.209] 7118,ECG,1951,1248,0,0,0,0,0
[13:36:39.209] 7118,ECG,1952,5,0,0,0,0,0
[13:36:39.240] 7123,ECG,1953,-1315,0,0,0,0,0
[13:36:39.270] 7123,ECG,1954,-2232,0,0,0,0,0
[13:36:39.271] 7123,ECG,1955,-2417,0,0,0,0,0
[13:36:39.286] 7128,ECG,1956,-1944,0,0,0,0,0
[13:36:39.318] 7128,ECG,1957,-981,0,0,0,0,0
[13:36:39.318] 7133,ECG,1958,316,0,0,0,0,0
[13:36:39.348] 7133,ECG,1959,1419,0,0,0,0,0
[13:36:39.349] 7133,ECG,1960,1870,0,0,0,0,0
[13:36:39.364] 7138,ECG,1961,1560,0,0,0,0,0
[13:36:39.395] 7138,ECG,1962,579,0,0,0,0,0
[13:36:39.396] 7138,ECG,1963,-679,0,0,0,0,0
[13:36:39.426] 7143,ECG,1964,-1672,0,0,0,0,0
[13:36:39.441] 7143,ECG,1965,-2077,0,0,0,0,0
[13:36:39.442] 7148,ECG,1966,-1800,0,0,0,0,0
[13:36:39.472] 7148,ECG,1967,-973,0,0,0,0,0
[13:36:39.472] 7148,ECG,1968,195,0,0,0,0,0
[13:36:39.503] 7153,ECG,1969,1356,0,0,0,0,0
[13:36:39.534] 7153,ECG,1970,1977,0,0,0,0,0
[13:36:39.534] 7158,ECG,1971,1743,0,0,0,0,0
[13:36:39.549] 7158,ECG,1972,770,0,0,0,0,0
[13:36:39.580] 7158,ECG,1973,-517,0,0,0,0,0
[13:36:39.580] 7163,ECG,1974,-1742,0,0,0,0,0
[13:36:39.612] 7163,ECG,1975,-2488,0,0,0,0,0
[13:36:39.612] 7168,ECG,1976,-2391,0,0,0,0,0
[13:36:39.627] 7168,ECG,1977,-1609,0,0,0,0,0
[13:36:39.658] 7168,ECG,1978,-423,0,0,0,0,0
[13:36:39.658] 7173,ECG,1979,817,0,0,0,0,0
[13:36:39.689] 7173,ECG,1980,1637,0,0,0,0,0
[13:36:39.704] 7178,ECG,1981,1655,0,0,0,0,0
[13:36:39.704] 7178,ECG,1982,783,0,0,0,0,0
[13:36:39.734] 7178,ECG,1983,-468,0,0,0,0,0
[13:36:39.735] 7183,ECG,1984,-1565,0,0,0,0,0
[13:36:39.766] 7183,ECG,1985,-2199,0,0,0,0,0
[13:36:39.781] 7188,ECG,1986,-2176,0,0,0,0,0
[13:36:39.782] 7188,ECG,1987,-1452,0,0,0,0,0
[13:36:39.812] 7188,ECG,1988,-186,0,0,0,0,0
[13:36:39.844] 7193,ECG,1989,1112,0,0,0,0,0
[13:36:39.844] 7193,ECG,1990,2022,0,0,0,0,0
[13:36:39.859] 7193,ECG,1991,2217,0,0,0,0,0
[13:36:39.890] 7198,ECG,1992,1476,0,0,0,0,0
[13:36:39.890] 7198,ECG,1993,135,0,0,0,0,0
[13:36:39.921] 7203,ECG,1994,-1227,0,0,0,0,0
[13:36:39.921] 7203,ECG,1995,-2146,0,0,0,0,0
[13:36:39.937] 7203,ECG,1996,-2374,0,0,0,0,0
[13:36:39.968] 7208,ECG,1997,-1899,0,0,0,0,0
[13:36:39.968] 7208,ECG,1998,-815,0,0,0,0,0
[13:36:39.999] 7213,ECG,1999,600,0,0,0,0,0
[13:36:40.015] 7213,ECG,2000,1727,0,0,0,0,0
[13:36:40.015] 7213,ECG,2001,2078,0,0,0,0,0
[13:36:40.047] 7218,ECG,2002,1580,0,0,0,0,0
[13:36:40.047] 7218,ECG,2003,422,0,0,0,0,0
[13:36:40.080] 7223,ECG,2004,-894,0,0,0,0,0
[13:36:40.096] 7223,ECG,2005,-1909,0,0,0,0,0
[13:36:40.096] 7223,ECG,2006,-2309,0,0,0,0,0
[13:36:40.127] 7228,ECG,2007,-1957,0,0,0,0,0
[13:36:40.157] 7228,ECG,2008,-1088,0,0,0,0,0
[13:36:40.158] 7228,ECG,2009,48,0,0,0,0,0
[13:36:40.172] 7233,ECG,2010,1094,0,0,0,0,0
[13:36:40.172] 7233,ECG,2011,1574,0,0,0,0,0
[13:36:40.203] 7238,ECG,2012,1188,0,0,0,0,0
[13:36:40.235] 7238,ECG,2013,112,0,0,0,0,0
[13:36:40.235] 7238,ECG,2014,-1052,0,0,0,0,0
[13:36:40.250] 7243,ECG,2015,-1945,0,0,0,0,0
[13:36:40.281] 7243,ECG,2016,-2353,0,0,0,0,0
[13:36:40.282] 7248,ECG,2017,-2028,0,0,0,0,0
[13:36:40.313] 7248,ECG,2018,-1229,0,0,0,0,0
[13:36:40.328] 7248,ECG,2019,-149,0,0,0,0,0
[13:36:40.329] 7253,ECG,2020,1514,0,0,0,0,0
[13:36:40.358] 7253,ECG,2021,2529,0,0,0,0,0
[13:36:40.359] 7258,ECG,2022,1630,0,0,0,0,0
[13:36:40.390] 7258,ECG,2023,-150,0,0,0,0,0
[13:36:40.406] 7258,ECG,2024,-2214,0,0,0,0,0
[13:36:40.406] 7263,ECG,2025,-4426,0,0,0,0,0
[13:36:40.437] 7263,ECG,2026,-5786,0,0,0,0,0
[13:36:40.468] 7268,ECG,2027,-5817,0,0,0,0,0
[13:36:40.469] 7268,ECG,2028,-4691,0,0,0,0,0
[13:36:40.484] 7268,ECG,2029,-2559,0,0,0,0,0
[13:36:40.515] 7273,ECG,2030,-197,0,0,0,0,0
[13:36:40.515] 7273,ECG,2031,1596,0,0,0,0,0
[13:36:40.546] 7278,ECG,2032,2782,0,0,0,0,0
[13:36:40.547] 7278,ECG,2033,2390,0,0,0,0,0
[13:36:40.561] 7278,ECG,2034,506,0,0,0,0,0
[13:36:40.592] 7283,ECG,2035,-893,0,0,0,0,0
[13:36:40.593] 7283,ECG,2036,-1600,0,0,0,0,0
[13:36:40.624] 7283,ECG,2037,-1982,0,0,0,0,0
[13:36:40.639] 7288,ECG,2038,-1599,0,0,0,0,0
[13:36:40.639] 7288,ECG,2039,-567,0,0,0,0,0
[13:36:40.671] 7293,ECG,2040,727,0,0,0,0,0
[13:36:40.671] 7293,ECG,2041,1814,0,0,0,0,0
[13:36:40.702] 7293,ECG,2042,2219,0,0,0,0,0
[13:36:40.718] 7298,ECG,2043,1756,0,0,0,0,0
[13:36:40.718] 7298,ECG,2044,718,0,0,0,0,0
[13:36:40.749] 7303,ECG,2045,-464,0,0,0,0,0
[13:36:40.781] 7303,ECG,2046,-1496,0,0,0,0,0
[13:36:40.782] 7303,ECG,2047,-1931,0,0,0,0,0
[13:36:40.797] 7308,ECG,2048,-1704,0,0,0,0,0
[13:36:40.798] 7308,ECG,2049,-971,0,0,0,0,0
[13:36:40.828] 7313,ECG,2050,199,0,0,0,0,0
[13:36:40.859] 7313,ECG,2051,1346,0,0,0,0,0
[13:36:40.859] 7313,ECG,2052,1938,0,0,0,0,0
[13:36:40.875] 7318,ECG,2053,1621,0,0,0,0,0
[13:36:40.906] 7318,ECG,2054,471,0,0,0,0,0
[13:36:40.906] 7323,ECG,2055,-858,0,0,0,0,0
[13:36:40.937] 7323,ECG,2056,-1811,0,0,0,0,0
[13:36:40.937] 7323,ECG,2057,-2271,0,0,0,0,0
[13:36:40.954] 7328,ECG,2058,-2054,0,0,0,0,0
[13:36:40.984] 7328,ECG,2059,-1218,0,0,0,0,0
[13:36:40.984] 7328,ECG,2060,-2,0,0,0,0,0
[13:36:41.015] 7333,ECG,2061,1732,0,0,0,0,0
[13:36:41.030] 7333,ECG,2062,2667,0,0,0,0,0
[13:36:41.031] 7338,ECG,2063,1733,0,0,0,0,0
[13:36:41.062] 7338,ECG,2064,-64,0,0,0,0,0
[13:36:41.063] 7338,ECG,2065,-2204,0,0,0,0,0
[13:36:41.092] 7343,ECG,2066,-4251,0,0,0,0,0
[13:36:41.109] 7343,ECG,2067,-5356,0,0,0,0,0
[13:36:41.109] 7348,ECG,2068,-5297,0,0,0,0,0
[13:36:41.138] 7348,ECG,2069,-4192,0,0,0,0,0
[13:36:41.169] 7348,ECG,2070,-2179,0,0,0,0,0
[13:36:41.169] 7353,ECG,2071,-20,0,0,0,0,0
[13:36:41.185] 7353,ECG,2072,1545,0,0,0,0,0
[13:36:41.215] 7358,ECG,2073,2477,0,0,0,0,0
[13:36:41.216] 7358,ECG,2074,1939,0,0,0,0,0
[13:36:41.246] 7358,ECG,2075,191,0,0,0,0,0
[13:36:41.247] 7363,ECG,2076,-1050,0,0,0,0,0
[13:36:41.263] 7363,ECG,2077,-1613,0,0,0,0,0
[13:36:41.293] 7368,ECG,2078,-1551,0,0,0,0,0
[13:36:41.294] 7368,ECG,2079,-858,0,0,0,0,0
[13:36:41.324] 7368,ECG,2080,95,0,0,0,0,0
[13:36:41.340] 7373,ECG,2081,1687,0,0,0,0,0
[13:36:41.340] 7373,ECG,2082,2968,0,0,0,0,0
[13:36:41.371] 7373,ECG,2083,2541,0,0,0,0,0
[13:36:41.372] 7378,ECG,2084,1023,0,0,0,0,0
[13:36:41.402] 7378,ECG,2085,-1056,0,0,0,0,0
[13:36:41.433] 7383,ECG,2086,-3246,0,0,0,0,0
[13:36:41.434] 7383,ECG,2087,-4712,0,0,0,0,0
[13:36:41.449] 7383,ECG,2088,-5097,0,0,0,0,0
[13:36:41.481] 7388,ECG,2089,-4318,0,0,0,0,0
[13:36:41.481] 7388,ECG,2090,-2643,0,0,0,0,0
[13:36:41.497] 7393,ECG,2091,-283,0,0,0,0,0
[13:36:41.527] 7393,ECG,2092,1751,0,0,0,0,0
[13:36:41.528] 7393,ECG,2093,2449,0,0,0,0,0
[13:36:41.559] 7398,ECG,2094,1687,0,0,0,0,0
[13:36:41.560] 7398,ECG,2095,-368,0,0,0,0,0
[13:36:41.575] 7403,ECG,2096,-2473,0,0,0,0,0
[13:36:41.606] 7403,ECG,2097,-3867,0,0,0,0,0
[13:36:41.607] 7403,ECG,2098,-4414,0,0,0,0,0
[13:36:41.637] 7408,ECG,2099,-3785,0,0,0,0,0
[13:36:41.652] 7408,ECG,2100,-2462,0,0,0,0,0
[13:36:41.652] 7413,ECG,2101,-591,0,0,0,0,0
[13:36:41.683] 7413,ECG,2102,1698,0,0,0,0,0
[13:36:41.714] 7413,ECG,2103,2948,0,0,0,0,0
[13:36:41.714] 7418,ECG,2104,2164,0,0,0,0,0
[13:36:41.745] 7418,ECG,2105,-41,0,0,0,0,0
[13:36:41.746] 7418,ECG,2106,-2422,0,0,0,0,0
[13:36:41.761] 7423,ECG,2107,-4268,0,0,0,0,0
[13:36:41.792] 7423,ECG,2108,-5355,0,0,0,0,0
[13:36:41.792] 7428,ECG,2109,-5184,0,0,0,0,0
[13:36:41.808] 7428,ECG,2110,-3737,0,0,0,0,0
[13:36:41.839] 7428,ECG,2111,-1668,0,0,0,0,0
[13:36:41.840] 7433,ECG,2112,658,0,0,0,0,0
[13:36:41.871] 7433,ECG,2113,2578,0,0,0,0,0
[13:36:41.886] 7438,ECG,2114,2933,0,0,0,0,0
[13:36:41.886] 7438,ECG,2115,1343,0,0,0,0,0
[13:36:41.917] 7438,ECG,2116,-1032,0,0,0,0,0
[13:36:41.917] 7443,ECG,2117,-2837,0,0,0,0,0
[13:36:41.948] 7443,ECG,2118,-3934,0,0,0,0,0
[13:36:41.979] 7448,ECG,2119,-4124,0,0,0,0,0
[13:36:41.979] 7448,ECG,2120,-3210,0,0,0,0,0
[13:36:41.995] 7448,ECG,2121,-1535,0,0,0,0,0
[13:36:42.026] 7453,ECG,2122,349,0,0,0,0,0
[13:36:42.027] 7453,ECG,2123,1633,0,0,0,0,0
[13:36:42.042] 7458,ECG,2124,2284,0,0,0,0,0
[13:36:42.043] 7458,ECG,2125,1947,0,0,0,0,0
[13:36:42.072] 7458,ECG,2126,391,0,0,0,0,0
[13:36:42.103] 7463,ECG,2127,-951,0,0,0,0,0
[13:36:42.103] 7463,ECG,2128,-1535,0,0,0,0,0
[13:36:42.134] 7463,ECG,2129,-1600,0,0,0,0,0
[13:36:42.149] 7468,ECG,2130,-977,0,0,0,0,0
[13:36:42.150] 7468,ECG,2131,167,0,0,0,0,0
[13:36:42.180] 7473,ECG,2132,1440,0,0,0,0,0
[13:36:42.181] 7473,ECG,2133,2328,0,0,0,0,0
[13:36:42.212] 7473,ECG,2134,2420,0,0,0,0,0
[13:36:42.227] 7478,ECG,2135,1594,0,0,0,0,0
[13:36:42.228] 7478,ECG,2136,240,0,0,0,0,0
[13:36:42.259] 7483,ECG,2137,-1039,0,0,0,0,0
[13:36:42.290] 7483,ECG,2138,-1977,0,0,0,0,0
[13:36:42.290] 7483,ECG,2139,-2252,0,0,0,0,0
[13:36:42.306] 7488,ECG,2140,-1736,0,0,0,0,0
[13:36:42.337] 7488,ECG,2141,-685,0,0,0,0,0
[13:36:42.338] 7493,ECG,2142,686,0,0,0,0,0
[13:36:42.368] 7493,ECG,2143,1882,0,0,0,0,0
[13:36:42.369] 7493,ECG,2144,2307,0,0,0,0,0
[13:36:42.383] 7498,ECG,2145,1904,0,0,0,0,0
[13:36:42.414] 7498,ECG,2146,940,0,0,0,0,0
[13:36:42.415] 7503,ECG,2147,-286,0,0,0,0,0
[13:36:42.446] 7503,ECG,2148,-1221,0,0,0,0,0
[13:36:42.461] 7503,ECG,2149,-1443,0,0,0,0,0
[13:36:42.461] 7508,ECG,2150,-1119,0,0,0,0,0
[13:36:42.493] 7508,ECG,2151,-255,0,0,0,0,0
[13:36:42.494] 7508,ECG,2152,1045,0,0,0,0,0
[13:36:42.524] 7513,ECG,2153,2164,0,0,0,0,0
[13:36:42.539] 7513,ECG,2154,2716,0,0,0,0,0
[13:36:42.539] 7518,ECG,2155,2411,0,0,0,0,0
[13:36:42.571] 7518,ECG,2156,1261,0,0,0,0,0
[13:36:42.602] 7518,ECG,2157,-155,0,0,0,0,0
[13:36:42.602] 7523,ECG,2158,-1352,0,0,0,0,0
[13:36:42.617] 7523,ECG,2159,-1969,0,0,0,0,0
[13:36:42.649] 7528,ECG,2160,-1871,0,0,0,0,0
[13:36:42.649] 7528,ECG,2161,-1169,0,0,0,0,0
[13:36:42.681] 7528,ECG,2162,44,0,0,0,0,0
[13:36:42.681] 7533,ECG,2163,1326,0,0,0,0,0
[13:36:42.696] 7533,ECG,2164,2076,0,0,0,0,0
[13:36:42.728] 7538,ECG,2165,2058,0,0,0,0,0
[13:36:42.728] 7538,ECG,2166,1297,0,0,0,0,0
[13:36:42.760] 7538,ECG,2167,106,0,0,0,0,0
[13:36:42.760] 7543,ECG,2168,-1080,0,0,0,0,0
[13:36:42.776] 7543,ECG,2169,-1841,0,0,0,0,0
[13:36:42.807] 7548,ECG,2170,-1831,0,0,0,0,0
[13:36:42.808] 7548,ECG,2171,-1077,0,0,0,0,0
[13:36:42.823] 7548,ECG,2172,90,0,0,0,0,0
[13:36:42.854] 7553,ECG,2173,1343,0,0,0,0,0
[13:36:42.855] 7553,ECG,2174,2397,0,0,0,0,0
[13:36:42.884] 7553,ECG,2175,2654,0,0,0,0,0
[13:36:42.915] 7558,ECG,2176,1793,0,0,0,0,0
[13:36:42.916] 7558,ECG,2177,380,0,0,0,0,0
[13:36:42.931] 7563,ECG,2178,-1005,0,0,0,0,0
[13:36:42.931] 7563,ECG,2179,-2051,0,0,0,0,0
[13:36:42.962] 7563,ECG,2180,-2482,0,0,0,0,0
[13:36:42.993] 7568,ECG,2181,-2118,0,0,0,0,0
[13:36:42.994] 7568,ECG,2182,-981,0,0,0,0,0
[13:36:43.009] 7573,ECG,2183,526,0,0,0,0,0
[13:36:43.040] 7573,ECG,2184,1782,0,0,0,0,0
[13:36:43.041] 7573,ECG,2185,2319,0,0,0,0,0
[13:36:43.071] 7578,ECG,2186,1986,0,0,0,0,0
[13:36:43.071] 7578,ECG,2187,916,0,0,0,0,0
[13:36:43.087] 7583,ECG,2188,-457,0,0,0,0,0
[13:36:43.118] 7583,ECG,2189,-1590,0,0,0,0,0
[13:36:43.118] 7583,ECG,2190,-2109,0,0,0,0,0
[13:36:43.148] 7588,ECG,2191,-1915,0,0,0,0,0
[13:36:43.164] 7588,ECG,2192,-1134,0,0,0,0,0
[13:36:43.165] 7593,ECG,2193,33,0,0,0,0,0
[13:36:43.195] 7593,ECG,2194,1202,0,0,0,0,0
[13:36:43.195] 7593,ECG,2195,1843,0,0,0,0,0
[13:36:43.226] 7598,ECG,2196,1573,0,0,0,0,0
[13:36:43.240] 7598,ECG,2197,580,0,0,0,0,0
[13:36:43.240] 7598,ECG,2198,-595,0,0,0,0,0
[13:36:43.271] 7603,ECG,2199,-1571,0,0,0,0,0
[13:36:43.302] 7603,ECG,2200,-2015,0,0,0,0,0
[13:36:43.302] 7608,ECG,2201,-1763,0,0,0,0,0
[13:36:43.318] 7608,ECG,2202,-916,0,0,0,0,0
[13:36:43.318] 7608,ECG,2203,315,0,0,0,0,0
[13:36:43.350] 7613,ECG,2204,1524,0,0,0,0,0
[13:36:43.380] 7613,ECG,2205,2196,0,0,0,0,0
[13:36:43.381] 7618,ECG,2206,2064,0,0,0,0,0
[13:36:43.396] 7618,ECG,2207,1178,0,0,0,0,0
[13:36:43.428] 7618,ECG,2208,-118,0,0,0,0,0
[13:36:43.429] 7623,ECG,2209,-1237,0,0,0,0,0
[13:36:43.460] 7623,ECG,2210,-1827,0,0,0,0,0
[13:36:43.475] 7628,ECG,2211,-1790,0,0,0,0,0
[13:36:43.476] 7628,ECG,2212,-1151,0,0,0,0,0
[13:36:43.507] 7628,ECG,2213,-114,0,0,0,0,0
[13:36:43.508] 7633,ECG,2214,1035,0,0,0,0,0
[13:36:43.539] 7633,ECG,2215,1842,0,0,0,0,0
[13:36:43.555] 7638,ECG,2216,1942,0,0,0,0,0
[13:36:43.555] 7638,ECG,2217,1208,0,0,0,0,0
[13:36:43.586] 7638,ECG,2218,-3,0,0,0,0,0
[13:36:43.617] 7643,ECG,2219,-1157,0,0,0,0,0
[13:36:43.617] 7643,ECG,2220,-2030,0,0,0,0,0
[13:36:43.633] 7643,ECG,2221,-2213,0,0,0,0,0
[13:36:43.633] 7648,ECG,2222,-1642,0,0,0,0,0
[13:36:43.665] 7648,ECG,2223,-587,0,0,0,0,0
[13:36:43.681] 7653,ECG,2224,797,0,0,0,0,0
[13:36:43.681] 7653,ECG,2225,1907,0,0,0,0,0
[13:36:43.712] 7653,ECG,2226,2315,0,0,0,0,0
[13:36:43.742] 7658,ECG,2227,1920,0,0,0,0,0
[13:36:43.743] 7658,ECG,2228,838,0,0,0,0,0
[13:36:43.773] 7663,ECG,2229,-431,0,0,0,0,0
[13:36:43.774] 7663,ECG,2230,-1434,0,0,0,0,0
[13:36:43.789] 7663,ECG,2231,-1810,0,0,0,0,0
[13:36:43.820] 7668,ECG,2232,-1464,0,0,0,0,0
[13:36:43.821] 7668,ECG,2233,-510,0,0,0,0,0
[13:36:43.850] 7673,ECG,2234,804,0,0,0,0,0
[13:36:43.866] 7673,ECG,2235,1954,0,0,0,0,0
[13:36:43.867] 7673,ECG,2236,2456,0,0,0,0,0
[13:36:43.896] 7678,ECG,2237,2026,0,0,0,0,0
[13:36:43.897] 7678,ECG,2238,910,0,0,0,0,0
[13:36:43.928] 7683,ECG,2239,-356,0,0,0,0,0
[13:36:43.943] 7683,ECG,2240,-1382,0,0,0,0,0
[13:36:43.943] 7683,ECG,2241,-1787,0,0,0,0,0
[13:36:43.974] 7688,ECG,2242,-1452,0,0,0,0,0
[13:36:44.005] 7688,ECG,2243,-480,0,0,0,0,0
[13:36:44.006] 7688,ECG,2244,814,0,0,0,0,0
[13:36:44.021] 7693,ECG,2245,1914,0,0,0,0,0
[13:36:44.021] 7693,ECG,2246,2463,0,0,0,0,0
[13:36:44.052] 7698,ECG,2247,2181,0,0,0,0,0
[13:36:44.083] 7698,ECG,2248,1082,0,0,0,0,0
[13:36:44.084] 7698,ECG,2249,-322,0,0,0,0,0
[13:36:44.098] 7703,ECG,2250,-1476,0,0,0,0,0
[13:36:44.129] 7703,ECG,2251,-2080,0,0,0,0,0
[13:36:44.130] 7708,ECG,2252,-1958,0,0,0,0,0
[13:36:44.161] 7708,ECG,2253,-1132,0,0,0,0,0
[13:36:44.177] 7708,ECG,2254,117,0,0,0,0,0
[13:36:44.178] 7713,ECG,2255,1402,0,0,0,0,0
[13:36:44.208] 7713,ECG,2256,2194,0,0,0,0,0
[13:36:44.209] 7718,ECG,2257,2162,0,0,0,0,0
[13:36:44.239] 7718,ECG,2258,1382,0,0,0,0,0
[13:36:44.255] 7718,ECG,2259,169,0,0,0,0,0
[13:36:44.256] 7723,ECG,2260,-1013,0,0,0,0,0
[13:36:44.286] 7723,ECG,2261,-1801,0,0,0,0,0
[13:36:44.318] 7728,ECG,2262,-1906,0,0,0,0,0
[13:36:44.318] 7728,ECG,2263,-1259,0,0,0,0,0
[13:36:44.334] 7728,ECG,2264,-170,0,0,0,0,0
[13:36:44.334] 7733,ECG,2265,1066,0,0,0,0,0
[13:36:44.365] 7733,ECG,2266,2037,0,0,0,0,0
[13:36:44.396] 7733,ECG,2267,2259,0,0,0,0,0
[13:36:44.396] 7738,ECG,2268,1598,0,0,0,0,0
[13:36:44.411] 7738,ECG,2269,388,0,0,0,0,0
[13:36:44.444] 7743,ECG,2270,-838,0,0,0,0,0
[13:36:44.444] 7743,ECG,2271,-1786,0,0,0,0,0
[13:36:44.475] 7743,ECG,2272,-2161,0,0,0,0,0
[13:36:44.491] 7748,ECG,2273,-1829,0,0,0,0,0
[13:36:44.492] 7748,ECG,2274,-889,0,0,0,0,0
[13:36:44.522] 7753,ECG,2275,436,0,0,0,0,0
[13:36:44.523] 7753,ECG,2276,1471,0,0,0,0,0
[13:36:44.553] 7753,ECG,2277,1822,0,0,0,0,0
[13:36:44.569] 7758,ECG,2278,1477,0,0,0,0,0
[13:36:44.569] 7758,ECG,2279,489,0,0,0,0,0
[13:36:44.600] 7763,ECG,2280,-758,0,0,0,0,0
[13:36:44.633] 7763,ECG,2281,-1770,0,0,0,0,0
[13:36:44.633] 7763,ECG,2282,-2128,0,0,0,0,0
[13:36:44.649] 7768,ECG,2283,-1843,0,0,0,0,0
[13:36:44.649] 7768,ECG,2284,-1003,0,0,0,0,0
[13:36:44.680] 7773,ECG,2285,305,0,0,0,0,0
[13:36:44.696] 7773,ECG,2286,1542,0,0,0,0,0
[13:36:44.696] 7773,ECG,2287,2154,0,0,0,0,0
[13:36:44.728] 7778,ECG,2288,1845,0,0,0,0,0
[13:36:44.759] 7778,ECG,2289,783,0,0,0,0,0
[13:36:44.760] 7778,ECG,2290,-512,0,0,0,0,0
[13:36:44.775] 7783,ECG,2291,-1621,0,0,0,0,0
[13:36:44.775] 7783,ECG,2292,-2185,0,0,0,0,0
[13:36:44.806] 7788,ECG,2293,-1944,0,0,0,0,0
[13:36:44.837] 7788,ECG,2294,-987,0,0,0,0,0
[13:36:44.838] 7788,ECG,2295,380,0,0,0,0,0
[13:36:44.853] 7793,ECG,2296,1749,0,0,0,0,0
[13:36:44.885] 7793,ECG,2297,2577,0,0,0,0,0
[13:36:44.886] 7798,ECG,2298,2542,0,0,0,0,0
[13:36:44.917] 7798,ECG,2299,1658,0,0,0,0,0
[13:36:44.917] 7798,ECG,2300,268,0,0,0,0,0
[13:36:44.931] 7803,ECG,2301,-1034,0,0,0,0,0
[13:36:44.962] 7803,ECG,2302,-1823,0,0,0,0,0
[13:36:44.962] 7808,ECG,2303,-1919,0,0,0,0,0
[13:36:44.993] 7808,ECG,2304,-1376,0,0,0,0,0
[13:36:45.008] 7808,ECG,2305,-331,0,0,0,0,0
[13:36:45.009] 7813,ECG,2306,853,0,0,0,0,0
[13:36:45.039] 7813,ECG,2307,1674,0,0,0,0,0
[13:36:45.040] 7818,ECG,2308,1848,0,0,0,0,0
[13:36:45.071] 7818,ECG,2309,1177,0,0,0,0,0
[13:36:45.086] 7818,ECG,2310,34,0,0,0,0,0
[13:36:45.086] 7823,ECG,2311,-1034,0,0,0,0,0
[13:36:45.117] 7823,ECG,2312,-1837,0,0,0,0,0
[13:36:45.148] 7823,ECG,2313,-1916,0,0,0,0,0
[13:36:45.148] 7828,ECG,2314,-1213,0,0,0,0,0
[13:36:45.178] 7828,ECG,2315,-247,0,0,0,0,0
[13:36:45.193] 7833,ECG,2316,1277,0,0,0,0,0
[13:36:45.194] 7833,ECG,2317,2823,0,0,0,0,0
[13:36:45.223] 7833,ECG,2318,2575,0,0,0,0,0
[13:36:45.224] 7838,ECG,2319,781,0,0,0,0,0
[13:36:45.254] 7838,ECG,2320,-1506,0,0,0,0,0
[13:36:45.269] 7843,ECG,2321,-4006,0,0,0,0,0
[13:36:45.269] 7843,ECG,2322,-5951,0,0,0,0,0
[13:36:45.300] 7843,ECG,2323,-6607,0,0,0,0,0
[13:36:45.330] 7848,ECG,2324,-5816,0,0,0,0,0
[13:36:45.331] 7848,ECG,2325,-3981,0,0,0,0,0
[13:36:45.361] 7853,ECG,2326,-1299,0,0,0,0,0
[13:36:45.378] 7853,ECG,2327,1432,0,0,0,0,0
[13:36:45.378] 7853,ECG,2328,2727,0,0,0,0,0
[13:36:45.409] 7858,ECG,2329,2096,0,0,0,0,0
[13:36:45.409] 7858,ECG,2330,-318,0,0,0,0,0
[13:36:45.425] 7863,ECG,2331,-3106,0,0,0,0,0
[13:36:45.457] 7863,ECG,2332,-4914,0,0,0,0,0
[13:36:45.458] 7863,ECG,2333,-5692,0,0,0,0,0
[13:36:45.488] 7868,ECG,2334,-5103,0,0,0,0,0
[13:36:45.504] 7868,ECG,2335,-3437,0,0,0,0,0
[13:36:45.504] 7873,ECG,2336,-1199,0,0,0,0,0
[13:36:45.535] 7873,ECG,2337,1371,0,0,0,0,0
[13:36:45.567] 7873,ECG,2338,3023,0,0,0,0,0
[13:36:45.567] 7878,ECG,2339,2773,0,0,0,0,0
[13:36:45.582] 7878,ECG,2340,742,0,0,0,0,0
[13:36:45.583] 7878,ECG,2341,-1893,0,0,0,0,0
[13:36:45.613] 7883,ECG,2342,-3844,0,0,0,0,0
[13:36:45.645] 7883,ECG,2343,-4891,0,0,0,0,0
[13:36:45.645] 7888,ECG,2344,-4809,0,0,0,0,0
[13:36:45.660] 7888,ECG,2345,-3698,0,0,0,0,0
[13:36:45.691] 7888,ECG,2346,-1836,0,0,0,0,0
[13:36:45.691] 7893,ECG,2347,684,0,0,0,0,0
[13:36:45.722] 7893,ECG,2348,2527,0,0,0,0,0
[13:36:45.723] 7898,ECG,2349,2556,0,0,0,0,0
[13:36:45.738] 7898,ECG,2350,779,0,0,0,0,0
[13:36:45.770] 7898,ECG,2351,-2020,0,0,0,0,0
[13:36:45.770] 7903,ECG,2352,-4439,0,0,0,0,0
[13:36:45.800] 7903,ECG,2353,-5902,0,0,0,0,0
[13:36:45.816] 7908,ECG,2354,-6162,0,0,0,0,0
[13:36:45.816] 7908,ECG,2355,-4981,0,0,0,0,0
[13:36:45.847] 7908,ECG,2356,-2668,0,0,0,0,0
[13:36:45.879] 7913,ECG,2357,-93,0,0,0,0,0
[13:36:45.879] 7913,ECG,2358,1900,0,0,0,0,0
[13:36:45.894] 7913,ECG,2359,3218,0,0,0,0,0
[13:36:45.895] 7918,ECG,2360,2949,0,0,0,0,0
[13:36:45.926] 7918,ECG,2361,941,0,0,0,0,0
[13:36:45.957] 7923,ECG,2362,-768,0,0,0,0,0
[13:36:45.958] 7923,ECG,2363,-1617,0,0,0,0,0
[13:36:45.973] 7923,ECG,2364,-1946,0,0,0,0,0
[13:36:46.004] 7928,ECG,2365,-1379,0,0,0,0,0
[13:36:46.005] 7928,ECG,2366,-386,0,0,0,0,0
[13:36:46.035] 7933,ECG,2367,1127,0,0,0,0,0
[13:36:46.035] 7933,ECG,2368,2984,0,0,0,0,0
[13:36:46.051] 7933,ECG,2369,3186,0,0,0,0,0
[13:36:46.083] 7938,ECG,2370,1705,0,0,0,0,0
[13:36:46.084] 7938,ECG,2371,-238,0,0,0,0,0
[13:36:46.114] 7943,ECG,2372,-2533,0,0,0,0,0
[13:36:46.130] 7943,ECG,2373,-4500,0,0,0,0,0
[13:36:46.131] 7943,ECG,2374,-5337,0,0,0,0,0
[13:36:46.162] 7948,ECG,2375,-4791,0,0,0,0,0
[13:36:46.193] 7948,ECG,2376,-3185,0,0,0,0,0
[13:36:46.194] 7953,ECG,2377,-839,0,0,0,0,0
[13:36:46.208] 7953,ECG,2378,1781,0,0,0,0,0
[13:36:46.209] 7953,ECG,2379,3279,0,0,0,0,0
[13:36:46.240] 7958,ECG,2380,2847,0,0,0,0,0
[13:36:46.271] 7958,ECG,2381,565,0,0,0,0,0
[13:36:46.271] 7963,ECG,2382,-2278,0,0,0,0,0
[13:36:46.286] 7963,ECG,2383,-4267,0,0,0,0,0
[13:36:46.317] 7963,ECG,2384,-5378,0,0,0,0,0
[13:36:46.318] 7968,ECG,2385,-5243,0,0,0,0,0
[13:36:46.348] 7968,ECG,2386,-3823,0,0,0,0,0
[13:36:46.363] 7968,ECG,2387,-1564,0,0,0,0,0
[13:36:46.364] 7973,ECG,2388,1201,0,0,0,0,0
[13:36:46.395] 7973,ECG,2389,3062,0,0,0,0,0
[13:36:46.396] 7978,ECG,2390,3053,0,0,0,0,0
[13:36:46.426] 7978,ECG,2391,1187,0,0,0,0,0
[13:36:46.443] 7978,ECG,2392,-1629,0,0,0,0,0
[13:36:46.443] 7983,ECG,2393,-3871,0,0,0,0,0
[13:36:46.474] 7983,ECG,2394,-5174,0,0,0,0,0
[13:36:46.505] 7988,ECG,2395,-5286,0,0,0,0,0
[13:36:46.506] 7988,ECG,2396,-4120,0,0,0,0,0
[13:36:46.520] 7988,ECG,2397,-2165,0,0,0,0,0
[13:36:46.552] 7993,ECG,2398,506,0,0,0,0,0
[13:36:46.553] 7993,ECG,2399,2736,0,0,0,0,0
[13:36:46.582] 7998,ECG,2400,3140,0,0,0,0,0
[13:36:46.583] 7998,ECG,2401,1599,0,0,0,0,0
[13:36:46.598] 7998,ECG,2402,-1256,0,0,0,0,0
[13:36:46.629] 8003,ECG,2403,-3783,0,0,0,0,0
[13:36:46.629] 8003,ECG,2404,-5218,0,0,0,0,0
[13:36:46.660] 8003,ECG,2405,-5670,0,0,0,0,0
[13:36:46.676] 8008,ECG,2406,-4770,0,0,0,0,0
[13:36:46.676] 8008,ECG,2407,-2866,0,0,0,0,0
[13:36:46.706] 8013,ECG,2408,-274,0,0,0,0,0
[13:36:46.738] 8013,ECG,2409,2299,0,0,0,0,0
[13:36:46.739] 8013,ECG,2410,3376,0,0,0,0,0
[13:36:46.754] 8018,ECG,2411,2450,0,0,0,0,0
[13:36:46.754] 8018,ECG,2412,-55,0,0,0,0,0
[13:36:46.784] 8023,ECG,2413,-2692,0,0,0,0,0
[13:36:46.815] 8023,ECG,2414,-4434,0,0,0,0,0
[13:36:46.816] 8023,ECG,2415,-5196,0,0,0,0,0
[13:36:46.830] 8028,ECG,2416,-4597,0,0,0,0,0
[13:36:46.861] 8028,ECG,2417,-2945,0,0,0,0,0
[13:36:46.862] 8033,ECG,2418,-604,0,0,0,0,0
[13:36:46.892] 8033,ECG,2419,2034,0,0,0,0,0
[13:36:46.907] 8033,ECG,2420,3637,0,0,0,0,0
[13:36:46.907] 8038,ECG,2421,3341,0,0,0,0,0
[13:36:46.938] 8038,ECG,2422,1259,0,0,0,0,0
[13:36:46.938] 8043,ECG,2423,-1321,0,0,0,0,0
[13:36:46.973] 8043,ECG,2424,-3229,0,0,0,0,0
[13:36:47.018] 8043,ECG,2425,-4363,0,0,0,0,0
[13:36:47.022] 8048,ECG,2426,-4244,0,0,0,0,0
[13:36:47.023] 8048,ECG,2427,-3006,0,0,0,0,0
[13:36:47.047] 8048,ECG,2428,-1062,0,0,0,0,0
[13:36:47.047] 8053,ECG,2429,1504,0,0,0,0,0
[13:36:47.064] 8053,ECG,2430,3180,0,0,0,0,0
[13:36:47.096] 8058,ECG,2431,3040,0,0,0,0,0
[13:36:47.097] 8058,ECG,2432,1260,0,0,0,0,0
[13:36:47.127] 8058,ECG,2433,-1596,0,0,0,0,0
[13:36:47.127] 8063,ECG,2434,-3934,0,0,0,0,0
[13:36:47.142] 8063,ECG,2435,-5190,0,0,0,0,0
[13:36:47.173] 8068,ECG,2436,-5294,0,0,0,0,0
[13:36:47.173] 8068,ECG,2437,-4219,0,0,0,0,0
[13:36:47.205] 8068,ECG,2438,-2262,0,0,0,0,0
[13:36:47.221] 8073,ECG,2439,441,0,0,0,0,0
[13:36:47.221] 8073,ECG,2440,2329,0,0,0,0,0
[13:36:47.252] 8078,ECG,2441,2431,0,0,0,0,0
[13:36:47.252] 8078,ECG,2442,923,0,0,0,0,0
[13:36:47.284] 8078,ECG,2443,-1808,0,0,0,0,0
[13:36:47.301] 8083,ECG,2444,-4149,0,0,0,0,0
[13:36:47.301] 8083,ECG,2445,-5388,0,0,0,0,0
[13:36:47.330] 8088,ECG,2446,-5440,0,0,0,0,0
[13:36:47.362] 8088,ECG,2447,-4141,0,0,0,0,0
[13:36:47.362] 8088,ECG,2448,-1994,0,0,0,0,0
[13:36:47.378] 8093,ECG,2449,818,0,0,0,0,0
[13:36:47.410] 8093,ECG,2450,3400,0,0,0,0,0
[13:36:47.410] 8098,ECG,2451,4243,0,0,0,0,0
[13:36:47.441] 8098,ECG,2452,2853,0,0,0,0,0
[13:36:47.442] 8098,ECG,2453,15,0,0,0,0,0
[13:36:47.457] 8103,ECG,2454,-2775,0,0,0,0,0
[13:36:47.490] 8103,ECG,2455,-4872,0,0,0,0,0
[13:36:47.490] 8103,ECG,2456,-5894,0,0,0,0,0
[13:36:47.520] 8108,ECG,2457,-5338,0,0,0,0,0
[13:36:47.536] 8108,ECG,2458,-3639,0,0,0,0,0
[13:36:47.537] 8113,ECG,2459,-1035,0,0,0,0,0
[13:36:47.568] 8113,ECG,2460,1857,0,0,0,0,0
[13:36:47.583] 8113,ECG,2461,3443,0,0,0,0,0
[13:36:47.584] 8118,ECG,2462,2870,0,0,0,0,0
[13:36:47.615] 8118,ECG,2463,348,0,0,0,0,0
[13:36:47.615] 8123,ECG,2464,-2584,0,0,0,0,0
[13:36:47.647] 8123,ECG,2465,-4609,0,0,0,0,0
[13:36:47.663] 8123,ECG,2466,-5606,0,0,0,0,0
[13:36:47.663] 8128,ECG,2467,-5214,0,0,0,0,0
[13:36:47.694] 8128,ECG,2468,-3594,0,0,0,0,0
[13:36:47.713] 8133,ECG,2469,-1088,0,0,0,0,0
[13:36:47.714] 8133,ECG,2470,1854,0,0,0,0,0
[13:36:47.740] 8133,ECG,2471,3641,0,0,0,0,0
[13:36:47.772] 8138,ECG,2472,3296,0,0,0,0,0
[13:36:47.772] 8138,ECG,2473,970,0,0,0,0,0
[13:36:47.803] 8143,ECG,2474,-4320,0,0,0,0,0
[13:36:47.804] 8143,ECG,2475,-5481,0,0,0,0,0
[13:36:47.818] 8148,ECG,2476,-5254,0,0,0,0,0
[13:36:47.850] 8148,ECG,2477,-3649,0,0,0,0,0
[13:36:47.852] 8148,ECG,2478,-1197,0,0,0,0,0
[13:36:47.880] 8153,ECG,2479,1756,0,0,0,0,0
[13:36:47.896] 8153,ECG,2480,3647,0,0,0,0,0
[13:36:47.896] 8158,ECG,2481,3562,0,0,0,0,0
[13:36:47.927] 8158,ECG,2482,1618,0,0,0,0,0
[13:36:47.927] 8158,ECG,2483,-1537,0,0,0,0,0
[13:36:47.959] 8163,ECG,2484,-4180,0,0,0,0,0
[13:36:47.975] 8163,ECG,2485,-5615,0,0,0,0,0
[13:36:47.975] 8168,ECG,2486,-5668,0,0,0,0,0
[13:36:48.007] 8168,ECG,2487,-4333,0,0,0,0,0
[13:36:48.037] 8168,ECG,2488,-2120,0,0,0,0,0
[13:36:48.037] 8173,ECG,2489,836,0,0,0,0,0
[13:36:48.053] 8173,ECG,2490,3405,0,0,0,0,0
[13:36:48.083] 8178,ECG,2491,4138,0,0,0,0,0
[13:36:48.084] 8178,ECG,2492,2748,0,0,0,0,0
[13:36:48.115] 8178,ECG,2493,-8,0,0,0,0,0
[13:36:48.118] 8183,ECG,2494,-2529,0,0,0,0,0
[13:36:48.130] 8183,ECG,2495,-4064,0,0,0,0,0
[13:36:48.162] 8188,ECG,2496,-4532,0,0,0,0,0
[13:36:48.162] 8188,ECG,2497,-3676,0,0,0,0,0
[13:36:48.194] 8188,ECG,2498,-1788,0,0,0,0,0
[13:36:48.210] 8193,ECG,2499,787,0,0,0,0,0
[13:36:48.210] 8193,ECG,2500,3362,0,0,0,0,0
[13:36:48.242] 8193,ECG,2501,4536,0,0,0,0,0
[13:36:48.242] 8198,ECG,2502,3453,0,0,0,0,0
[13:36:48.273] 8198,ECG,2503,670,0,0,0,0,0
[13:36:48.289] 8203,ECG,2504,-2135,0,0,0,0,0
[13:36:48.289] 8203,ECG,2505,-4131,0,0,0,0,0
[13:36:48.320] 8203,ECG,2506,-5228,0,0,0,0,0
[13:36:48.351] 8208,ECG,2507,-4814,0,0,0,0,0
[13:36:48.351] 8208,ECG,2508,-3172,0,0,0,0,0
[13:36:48.366] 8213,ECG,2509,-799,0,0,0,0,0
[13:36:48.398] 8213,ECG,2510,1861,0,0,0,0,0
[13:36:48.398] 8213,ECG,2511,3346,0,0,0,0,0
[13:36:48.430] 8218,ECG,2512,3012,0,0,0,0,0
[13:36:48.430] 8218,ECG,2513,963,0,0,0,0,0
[13:36:48.446] 8223,ECG,2514,-1943,0,0,0,0,0
[13:36:48.478] 8223,ECG,2515,-4100,0,0,0,0,0
[13:36:48.478] 8223,ECG,2516,-5121,0,0,0,0,0
[13:36:48.494] 8228,ECG,2517,-4908,0,0,0,0,0
[13:36:48.526] 8228,ECG,2518,-3504,0,0,0,0,0
[13:36:48.526] 8233,ECG,2519,-1344,0,0,0,0,0
[13:36:48.558] 8233,ECG,2520,1369,0,0,0,0,0
[13:36:48.574] 8233,ECG,2521,3469,0,0,0,0,0
[13:36:48.574] 8238,ECG,2522,3701,0,0,0,0,0
[13:36:48.606] 8238,ECG,2523,2055,0,0,0,0,0
[13:36:48.607] 8238,ECG,2524,-412,0,0,0,0,0
[13:36:48.637] 8243,ECG,2525,-2329,0,0,0,0,0
[13:36:48.653] 8243,ECG,2526,-3456,0,0,0,0,0
[13:36:48.654] 8248,ECG,2527,-3547,0,0,0,0,0
[13:36:48.684] 8248,ECG,2528,-2456,0,0,0,0,0
[13:36:48.715] 8248,ECG,2529,-630,0,0,0,0,0
[13:36:48.716] 8253,ECG,2530,1895,0,0,0,0,0
[13:36:48.730] 8253,ECG,2531,3729,0,0,0,0,0
[13:36:48.762] 8258,ECG,2532,3677,0,0,0,0,0
[13:36:48.762] 8258,ECG,2533,2049,0,0,0,0,0
[13:36:48.793] 8258,ECG,2534,-804,0,0,0,0,0
[13:36:48.794] 8263,ECG,2535,-3413,0,0,0,0,0
[13:36:48.809] 8263,ECG,2536,-4865,0,0,0,0,0
[13:36:48.841] 8268,ECG,2537,-5128,0,0,0,0,0
[13:36:48.841] 8268,ECG,2538,-4000,0,0,0,0,0
[13:36:48.872] 8268,ECG,2539,-1868,0,0,0,0,0
[13:36:48.887] 8273,ECG,2540,1000,0,0,0,0,0
[13:36:48.888] 8273,ECG,2541,3458,0,0,0,0,0
[13:36:48.919] 8278,ECG,2542,4235,0,0,0,0,0
[13:36:48.919] 8278,ECG,2543,3174,0,0,0,0,0
[13:36:48.950] 8278,ECG,2544,548,0,0,0,0,0
[13:36:48.966] 8283,ECG,2545,-2125,0,0,0,0,0
[13:36:48.966] 8283,ECG,2546,-3755,0,0,0,0,0
[13:36:48.997] 8283,ECG,2547,-4325,0,0,0,0,0
[13:36:49.028] 8288,ECG,2548,-3642,0,0,0,0,0
[13:36:49.028] 8288,ECG,2549,-1975,0,0,0,0,0
[13:36:49.043] 8293,ECG,2550,462,0,0,0,0,0
[13:36:49.074] 8293,ECG,2551,2939,0,0,0,0,0
[13:36:49.075] 8293,ECG,2552,4023,0,0,0,0,0
[13:36:49.105] 8298,ECG,2553,3128,0,0,0,0,0
[13:36:49.106] 8298,ECG,2554,659,0,0,0,0,0
[13:36:49.121] 8303,ECG,2555,-1905,0,0,0,0,0
[13:36:49.152] 8303,ECG,2556,-3615,0,0,0,0,0
[13:36:49.152] 8303,ECG,2557,-4376,0,0,0,0,0
[13:36:49.183] 8308,ECG,2558,-3788,0,0,0,0,0
[13:36:49.200] 8308,ECG,2559,-2186,0,0,0,0,0
[13:36:49.200] 8313,ECG,2560,213,0,0,0,0,0
[13:36:49.230] 8313,ECG,2561,3004,0,0,0,0,0
[13:36:49.231] 8313,ECG,2562,4512,0,0,0,0,0
[13:36:49.262] 8318,ECG,2563,3843,0,0,0,0,0
[13:36:49.277] 8318,ECG,2564,1249,0,0,0,0,0
[13:36:49.278] 8323,ECG,2565,-1977,0,0,0,0,0
[13:36:49.308] 8323,ECG,2566,-4384,0,0,0,0,0
[13:36:49.339] 8323,ECG,2567,-5693,0,0,0,0,0
[13:36:49.340] 8328,ECG,2568,-5525,0,0,0,0,0
[13:36:49.355] 8328,ECG,2569,-3846,0,0,0,0,0
[13:36:49.386] 8328,ECG,2570,-1352,0,0,0,0,0
[13:36:49.387] 8333,ECG,2571,1629,0,0,0,0,0
[13:36:49.418] 8333,ECG,2572,4016,0,0,0,0,0
[13:36:49.419] 8338,ECG,2573,4291,0,0,0,0,0
[13:36:49.434] 8338,ECG,2574,2234,0,0,0,0,0
[13:36:49.465] 8338,ECG,2575,-951,0,0,0,0,0
[13:36:49.465] 8343,ECG,2576,-3565,0,0,0,0,0
[13:36:49.496] 8343,ECG,2577,-4992,0,0,0,0,0
[13:36:49.512] 8348,ECG,2578,-5076,0,0,0,0,0
[13:36:49.512] 8348,ECG,2579,-3862,0,0,0,0,0
[13:36:49.543] 8348,ECG,2580,-1750,0,0,0,0,0
[13:36:49.574] 8353,ECG,2581,1220,0,0,0,0,0
[13:36:49.574] 8353,ECG,2582,3724,0,0,0,0,0
[13:36:49.589] 8358,ECG,2583,4288,0,0,0,0,0
[13:36:49.589] 8358,ECG,2584,2806,0,0,0,0,0
[13:36:49.620] 8358,ECG,2585,-212,0,0,0,0,0
[13:36:49.650] 8363,ECG,2586,-3216,0,0,0,0,0
[13:36:49.650] 8363,ECG,2587,-5199,0,0,0,0,0
[13:36:49.667] 8368,ECG,2588,-5893,0,0,0,0,0
[13:36:49.696] 8368,ECG,2589,-5028,0,0,0,0,0
[13:36:49.697] 8368,ECG,2590,-3011,0,0,0,0,0
[13:36:49.728] 8373,ECG,2591,-61,0,0,0,0,0
[13:36:49.743] 8373,ECG,2592,2988,0,0,0,0,0
[13:36:49.743] 8373,ECG,2593,4472,0,0,0,0,0
[13:36:49.774] 8378,ECG,2594,3634,0,0,0,0,0
[13:36:49.775] 8378,ECG,2595,852,0,0,0,0,0
[13:36:49.807] 8383,ECG,2596,-2236,0,0,0,0,0
[13:36:49.822] 8383,ECG,2597,-4422,0,0,0,0,0
[13:36:49.823] 8383,ECG,2598,-5524,0,0,0,0,0
[13:36:49.854] 8388,ECG,2599,-4991,0,0,0,0,0
[13:36:49.886] 8388,ECG,2600,-3106,0,0,0,0,0
[13:36:49.886] 8393,ECG,2601,-392,0,0,0,0,0
[13:36:49.901] 8393,ECG,2602,2680,0,0,0,0,0
[13:36:49.934] 8393,ECG,2603,4439,0,0,0,0,0
[13:36:49.934] 8398,ECG,2604,3803,0,0,0,0,0
[13:36:49.963] 8398,ECG,2605,1074,0,0,0,0,0
[13:36:49.964] 8403,ECG,2606,-2234,0,0,0,0,0
[13:36:49.979] 8403,ECG,2607,-4565,0,0,0,0,0
[13:36:50.010] 8403,ECG,2608,-5604,0,0,0,0,0
[13:36:50.011] 8408,ECG,2609,-5147,0,0,0,0,0
[13:36:50.043] 8408,ECG,2610,-3393,0,0,0,0,0
[13:36:50.059] 8413,ECG,2611,-703,0,0,0,0,0
[13:36:50.060] 8413,ECG,2612,2454,0,0,0,0,0
[13:36:50.091] 8413,ECG,2613,4459,0,0,0,0,0
[13:36:50.091] 8418,ECG,2614,4313,0,0,0,0,0
[13:36:50.121] 8418,ECG,2615,2106,0,0,0,0,0
[13:36:50.137] 8418,ECG,2616,-1229,0,0,0,0,0
[13:36:50.138] 8423,ECG,2617,-3897,0,0,0,0,0
[13:36:50.168] 8423,ECG,2618,-5236,0,0,0,0,0
[13:36:50.199] 8428,ECG,2619,-5191,0,0,0,0,0
[13:36:50.200] 8428,ECG,2620,-3766,0,0,0,0,0
[13:36:50.215] 8428,ECG,2621,-1379,0,0,0,0,0
[13:36:50.245] 8433,ECG,2622,1644,0,0,0,0,0
[13:36:50.246] 8433,ECG,2623,3904,0,0,0,0,0
[13:36:50.277] 8438,ECG,2624,4334,0,0,0,0,0
[13:36:50.277] 8438,ECG,2625,2903,0,0,0,0,0
[13:36:50.292] 8438,ECG,2626,-1,0,0,0,0,0
[13:36:50.323] 8443,ECG,2627,-2567,0,0,0,0,0
[13:36:50.324] 8443,ECG,2628,-3978,0,0,0,0,0
[13:36:50.354] 8448,ECG,2629,-4278,0,0,0,0,0
[13:36:50.370] 8448,ECG,2630,-3187,0,0,0,0,0
[13:36:50.370] 8448,ECG,2631,-1231,0,0,0,0,0
[13:36:50.402] 8453,ECG,2632,1395,0,0,0,0,0
[13:36:50.433] 8453,ECG,2633,3866,0,0,0,0,0
[13:36:50.433] 8458,ECG,2634,4598,0,0,0,0,0
[13:36:50.449] 8458,ECG,2635,3167,0,0,0,0,0
[13:36:50.449] 8458,ECG,2636,349,0,0,0,0,0
[13:36:50.481] 8463,ECG,2637,-2265,0,0,0,0,0
[13:36:50.512] 8463,ECG,2638,-4040,0,0,0,0,0
[13:36:50.513] 8463,ECG,2639,-4810,0,0,0,0,0
[13:36:50.528] 8468,ECG,2640,-4009,0,0,0,0,0
[13:36:50.559] 8468,ECG,2641,-2149,0,0,0,0,0
[13:36:50.560] 8473,ECG,2642,413,0,0,0,0,0
[13:36:50.590] 8473,ECG,2643,3156,0,0,0,0,0
[13:36:50.591] 8473,ECG,2644,4455,0,0,0,0,0
[13:36:50.606] 8478,ECG,2645,3592,0,0,0,0,0
[13:36:50.638] 8478,ECG,2646,929,0,0,0,0,0
[13:36:50.639] 8483,ECG,2647,-2060,0,0,0,0,0
[13:36:50.654] 8483,ECG,2648,-4038,0,0,0,0,0
[13:36:50.686] 8483,ECG,2649,-4926,0,0,0,0,0
[13:36:50.687] 8488,ECG,2650,-4407,0,0,0,0,0
[13:36:50.717] 8488,ECG,2651,-2677,0,0,0,0,0
[13:36:50.733] 8493,ECG,2652,-129,0,0,0,0,0
[13:36:50.733] 8493,ECG,2653,2833,0,0,0,0,0
[13:36:50.764] 8493,ECG,2654,4618,0,0,0,0,0
[13:36:50.764] 8498,ECG,2655,4293,0,0,0,0,0
[13:36:50.795] 8498,ECG,2656,1958,0,0,0,0,0
[13:36:50.811] 8503,ECG,2657,-1194,0,0,0,0,0
[13:36:50.812] 8503,ECG,2658,-3503,0,0,0,0,0
[13:36:50.843] 8503,ECG,2659,-4755,0,0,0,0,0
[13:36:50.874] 8508,ECG,2660,-4665,0,0,0,0,0
[13:36:50.875] 8508,ECG,2661,-3193,0,0,0,0,0
[13:36:50.890] 8508,ECG,2662,-743,0,0,0,0,0
[13:36:50.921] 8513,ECG,2663,2304,0,0,0,0,0
[13:36:50.921] 8513,ECG,2664,4282,0,0,0,0,0
[13:36:50.951] 8518,ECG,2665,4327,0,0,0,0,0
[13:36:50.951] 8518,ECG,2666,2491,0,0,0,0,0
[13:36:50.966] 8518,ECG,2667,-637,0,0,0,0,0
[13:36:50.998] 8523,ECG,2668,-3210,0,0,0,0,0
[13:36:50.998] 8523,ECG,2669,-4561,0,0,0,0,0
[13:36:51.029] 8528,ECG,2670,-4575,0,0,0,0,0
[13:36:51.044] 8528,ECG,2671,-3215,0,0,0,0,0
[13:36:51.045] 8528,ECG,2672,-1057,0,0,0,0,0
[13:36:51.076] 8533,ECG,2673,1775,0,0,0,0,0
[13:36:51.108] 8533,ECG,2674,4312,0,0,0,0,0
[13:36:51.109] 8538,ECG,2675,4886,0,0,0,0,0
[13:36:51.124] 8538,ECG,2676,3091,0,0,0,0,0
[13:36:51.124] 8538,ECG,2677,103,0,0,0,0,0
[13:36:51.154] 8543,ECG,2678,-2540,0,0,0,0,0
[13:36:51.185] 8543,ECG,2679,-4349,0,0,0,0,0
[13:36:51.185] 8548,ECG,2680,-4926,0,0,0,0,0
[13:36:51.201] 8548,ECG,2681,-3986,0,0,0,0,0
[13:36:51.231] 8548,ECG,2682,-2061,0,0,0,0,0
[13:36:51.232] 8553,ECG,2683,755,0,0,0,0,0
[13:36:51.262] 8553,ECG,2684,3446,0,0,0,0,0
[13:36:51.263] 8553,ECG,2685,4398,0,0,0,0,0
[13:36:51.278] 8558,ECG,2686,3472,0,0,0,0,0
[13:36:51.310] 8558,ECG,2687,828,0,0,0,0,0
[13:36:51.310] 8563,ECG,2688,-2165,0,0,0,0,0
[13:36:51.341] 8563,ECG,2689,-4003,0,0,0,0,0
[13:36:51.357] 8563,ECG,2690,-4703,0,0,0,0,0
[13:36:51.358] 8568,ECG,2691,-4086,0,0,0,0,0
[13:36:51.388] 8568,ECG,2692,-2339,0,0,0,0,0
[13:36:51.420] 8573,ECG,2693,314,0,0,0,0,0
[13:36:51.420] 8573,ECG,2694,3055,0,0,0,0,0
[13:36:51.436] 8573,ECG,2695,4329,0,0,0,0,0
[13:36:51.436] 8578,ECG,2696,3818,0,0,0,0,0
[13:36:51.467] 8578,ECG,2697,1562,0,0,0,0,0
[13:36:51.498] 8583,ECG,2698,-1211,0,0,0,0,0
[13:36:51.498] 8583,ECG,2699,-3018,0,0,0,0,0
[13:36:51.514] 8583,ECG,2700,-3894,0,0,0,0,0
[13:36:51.545] 8588,ECG,2701,-3543,0,0,0,0,0
[13:36:51.546] 8588,ECG,2702,-2050,0,0,0,0,0
[13:36:51.577] 8593,ECG,2703,186,0,0,0,0,0
[13:36:51.578] 8593,ECG,2704,2846,0,0,0,0,0
