timestamp_ms,type,seq,v1,v2,v3,v4,v5,v6
17833,META_START,1,16752,0,0,0,0,0
19034,IMU,0,1276,-224,8376,-81,55,49
19052,IMU,1,1260,-196,8496,-93,78,50
19071,IMU,2,1376,-196,8396,-98,61,23
19090,IMU,3,1280,-232,8460,-87,60,41
19109,IMU,4,1228,-220,8492,-69,81,37
19129,IMU,5,1236,-200,8316,-100,58,61
19148,IMU,6,1296,-244,8380,-98,60,41
19167,IMU,7,1256,-236,8392,-86,53,49
19186,IMU,8,1308,-168,8376,-101,57,48
19204,IMU,9,1256,-176,8364,-80,55,54
19224,IMU,10,1304,-312,8344,-90,54,56
19243,IMU,11,1380,-196,8452,-77,59,43
19262,IMU,12,1348,-140,8376,-76,52,37
19281,IMU,13,1364,-168,8404,-82,62,37
19300,IMU,14,1284,-204,8436,-87,61,42
19319,IMU,15,1360,-184,8436,-104,68,41
19338,IMU,16,1268,-248,8324,-97,69,29
19358,IMU,17,1204,-228,8408,-90,60,50
19377,IMU,18,1280,-172,8340,-89,50,49
19396,IMU,19,1264,-268,8368,-88,67,48
19417,IMU,20,1232,-152,8436,-85,61,32
19434,IMU,21,1224,-132,8384,-93,64,39
19453,IMU,22,1196,-312,8360,-77,61,42
19472,IMU,23,1328,-176,8404,-99,61,33
19491,IMU,24,1388,-252,8404,-79,76,43
19510,IMU,25,1312,-168,8352,-112,65,37
19529,IMU,26,1304,-180,8392,-86,76,41
19548,IMU,27,1224,-260,8368,-88,57,54
19567,IMU,28,1300,-316,8380,-98,59,53
19587,IMU,29,1284,-248,8340,-75,63,47
19606,IMU,30,1224,-140,8344,-85,55,32
19624,IMU,31,1252,-232,8384,-92,60,43
19644,IMU,32,1184,-104,8428,-76,63,46
19663,IMU,33,1272,-164,8412,-87,74,41
19682,IMU,34,1320,-220,8432,-91,50,46
19701,IMU,35,1256,-108,8416,-100,51,47
19720,IMU,36,1264,-172,8384,-87,60,27
19739,IMU,37,1116,-312,8488,-82,48,59
19758,IMU,38,1244,-200,8436,-69,50,60
19777,IMU,39,1272,-148,8436,-93,63,40
19797,IMU,40,1248,-284,8412,-87,47,38
19816,IMU,41,1212,-212,8404,-79,56,35
19834,IMU,42,1240,-152,8384,-106,69,34
19854,IMU,43,1196,-184,8504,-81,67,18
19873,IMU,44,1212,-120,8336,-78,63,39
19892,IMU,45,1284,-136,8392,-92,62,47
19911,IMU,46,1244,-160,8360,-101,53,33
19930,IMU,47,1232,-120,8424,-90,45,26
19949,IMU,48,1232,-160,8392,-89,52,33
19968,IMU,49,1256,-124,8368,-95,42,39
19988,IMU,50,1288,-204,8448,-76,55,49
20006,IMU,51,1156,-244,8428,-92,56,18
20025,IMU,52,1372,-196,8352,-77,56,52
20044,IMU,53,1232,-152,8436,-79,49,35
20063,IMU,54,1268,-220,8488,-85,60,57
20083,IMU,55,1324,-168,8412,-92,52,26
20102,IMU,56,1260,-112,8564,-71,66,56
20121,IMU,57,1300,-176,8444,-85,67,57
20140,IMU,58,1300,-272,8368,-89,69,59
20159,IMU,59,1292,-208,8380,-91,52,53
20178,IMU,60,1288,-208,8416,-106,60,28
20197,IMU,61,1260,-268,8476,-99,69,55
20221,IMU,62,1168,-92,8444,-88,55,53
20236,IMU,63,1296,-188,8372,-96,56,42
20255,IMU,64,1300,-184,8472,-97,60,35
20274,IMU,65,1336,-128,8432,-86,64,44
20293,IMU,66,1196,-232,8360,-91,69,47
20312,IMU,67,1228,-204,8408,-89,52,36
20331,IMU,68,1292,-252,8512,-85,50,37
20351,IMU,69,1328,-176,8380,-85,51,38
20370,IMU,70,1308,-240,8412,-101,47,45
20389,IMU,71,1220,-260,8336,-86,61,39
20408,IMU,72,1204,-196,8364,-83,39,32
20431,IMU,73,1264,-256,8456,-73,55,44
20446,IMU,74,1256,-208,8404,-96,55,54
20466,IMU,75,1352,-264,8412,-85,65,52
20485,IMU,76,1220,-196,8368,-81,47,40
20504,IMU,77,1248,-228,8384,-76,74,46
20523,IMU,78,1320,-144,8384,-83,58,50
20542,IMU,79,1200,-224,8436,-96,49,32
20561,IMU,80,1148,-160,8380,-74,65,55
20580,IMU,81,1408,-220,8408,-100,67,34
20600,IMU,82,1284,-264,8396,-85,53,45
20619,IMU,83,1244,-288,8416,-101,35,55
20638,IMU,84,1300,-84,8400,-96,55,39
20659,IMU,85,1364,-180,8392,-86,70,53
20676,IMU,86,1268,-148,8420,-75,78,49
20695,IMU,87,1272,-156,8408,-87,73,46
20715,IMU,88,1208,-156,8376,-84,58,46
20734,IMU,89,1252,-156,8432,-101,69,44
20753,IMU,90,1336,-200,8380,-93,65,42
20772,IMU,91,1248,-208,8440,-100,61,38
20791,IMU,92,1324,-212,8248,-89,62,47
20810,IMU,93,1224,-44,8424,-79,46,49
20830,IMU,94,1212,-176,8440,-81,59,39
20849,IMU,95,1292,-176,8424,-76,55,37
20871,IMU,96,1204,-200,8460,-92,54,46
20887,IMU,97,1200,-164,8412,-105,59,54
20906,IMU,98,1264,-140,8364,-110,50,39
20925,IMU,99,1296,-268,8456,-77,60,47
20944,IMU,100,1264,-224,8384,-85,56,35
20964,IMU,101,1256,-188,8336,-77,58,37
20983,IMU,102,1256,-212,8396,-96,67,46
21004,IMU,103,1332,-240,8320,-97,62,38
21021,IMU,104,1340,-364,8408,-90,50,44
21040,IMU,105,1368,-180,8448,-89,42,47
21059,IMU,106,1232,-216,8388,-76,63,55
21081,IMU,107,1328,-200,8420,-100,63,37
21101,IMU,108,1156,-236,8456,-69,72,41
21117,IMU,109,1244,-224,8392,-81,48,64
21136,IMU,110,1296,-172,8460,-76,47,44
21156,IMU,111,1204,-232,8440,-82,70,41
21174,IMU,112,1276,-228,8428,-79,57,24
21194,IMU,113,1376,-140,8388,-101,63,37
21213,IMU,114,1248,-212,8440,-105,59,42
21231,IMU,115,1240,-148,8480,-85,73,45
21251,IMU,116,1268,-216,8412,-101,61,39
21270,IMU,117,1248,-192,8408,-70,37,29
21289,IMU,118,1252,-144,8340,-83,61,28
21310,IMU,119,1276,-176,8384,-102,72,33
21327,IMU,120,1228,-148,8408,-82,66,41
21346,IMU,121,1256,-216,8424,-100,69,44
21366,IMU,122,1208,-124,8368,-82,33,43
21385,IMU,123,1240,-180,8420,-93,65,37
21404,IMU,124,1308,-200,8436,-85,57,46
21423,IMU,125,1292,-164,8476,-92,65,42
21442,IMU,126,1260,-144,8436,-94,62,36
21461,IMU,127,1196,-176,8356,-76,75,43
21481,IMU,128,1264,-116,8448,-73,61,46
21500,IMU,129,1264,-160,8400,-82,55,46
21523,IMU,130,1264,-128,8400,-84,55,53
21539,IMU,131,1316,-288,8408,-89,47,52
21557,IMU,132,1276,-176,8440,-89,69,43
21576,IMU,133,1296,-124,8424,-89,57,33
21595,IMU,134,1272,-252,8440,-80,42,53
21615,IMU,135,1212,-156,8392,-83,69,43
21634,IMU,136,1332,-240,8384,-101,58,48
21653,IMU,137,1232,-236,8416,-96,74,48
21672,IMU,138,1224,-164,8360,-102,60,46
21691,IMU,139,1228,-240,8420,-87,58,43
21710,IMU,140,1288,-240,8452,-77,54,39
21730,IMU,141,1276,-192,8308,-89,51,45
21751,IMU,142,1284,-168,8360,-72,53,43
21768,IMU,143,1288,-152,8368,-92,59,34
21787,IMU,144,1212,-136,8308,-92,62,48
21806,IMU,145,1292,-192,8340,-90,67,56
21825,IMU,146,1296,-204,8368,-76,55,50
21845,IMU,147,1204,-224,8380,-84,52,56
21864,IMU,148,1248,-256,8396,-82,53,42
21883,IMU,149,1316,-140,8408,-97,49,41
21902,IMU,150,1260,-120,8396,-89,55,44
21921,IMU,151,1300,-120,8372,-93,58,30
21940,IMU,152,1316,-224,8332,-94,58,41
21961,IMU,153,1208,-196,8384,-80,65,47
21979,IMU,154,1256,-204,8368,-92,69,49
21998,IMU,155,1252,-216,8348,-97,54,44
22017,IMU,156,1208,-168,8420,-112,69,47
22038,IMU,157,1292,-104,8392,-76,62,40
22055,IMU,158,1188,-160,8440,-78,44,36
22074,IMU,159,1152,-128,8364,-86,68,42
22094,IMU,160,1240,-200,8352,-87,49,40
22113,IMU,161,1260,-204,8416,-74,54,31
22132,IMU,162,1264,-240,8412,-94,68,44
22151,IMU,163,1252,-108,8360,-72,56,43
22172,IMU,164,1196,-68,8520,-93,71,47
22191,IMU,165,1308,-140,8292,-69,55,32
22209,IMU,166,1300,-212,8384,-72,61,39
22228,IMU,167,1280,-192,8420,-96,63,45
22247,IMU,168,1216,-252,8368,-100,55,51
22266,IMU,169,1220,-88,8432,-89,54,40
22285,IMU,170,1288,-196,8404,-96,55,35
22304,IMU,171,1192,-196,8436,-102,65,36
22324,IMU,172,1304,-184,8340,-86,52,39
22342,IMU,173,1244,-44,8432,-96,61,54
22362,IMU,174,1248,-284,8476,-87,72,37
22381,IMU,175,1232,-208,8432,-85,58,31
22401,IMU,176,1252,-224,8408,-105,56,41
22419,IMU,177,1316,-208,8368,-98,48,44
22438,IMU,178,1152,-172,8416,-84,52,37
22457,IMU,179,1280,-196,8416,-74,60,50
22476,IMU,180,1224,-124,8452,-93,58,33
22496,IMU,181,1252,-264,8276,-88,56,50
22515,IMU,182,1224,-152,8440,-81,61,44
22534,IMU,183,1196,-224,8368,-101,48,48
22552,IMU,184,1296,-232,8336,-91,42,47
22572,IMU,185,1284,-144,8288,-82,50,41
22591,IMU,186,1312,-180,8380,-99,51,27
22613,IMU,187,1200,-264,8428,-92,49,34
22630,IMU,188,1348,-148,8428,-81,48,46
22648,IMU,189,1252,-280,8448,-73,56,48
22667,IMU,190,1208,-168,8412,-75,56,38
22686,IMU,191,1260,-100,8452,-83,38,49
22706,IMU,192,1268,-192,8428,-81,46,70
22724,IMU,193,1164,-156,8352,-78,66,32
22744,IMU,194,1180,-288,8416,-88,60,30
22762,IMU,195,1284,-220,8388,-106,55,62
22782,IMU,196,1312,-212,8468,-73,55,41
22801,IMU,197,1184,-188,8372,-86,46,30
22820,IMU,198,1292,-192,8364,-81,53,55
22845,IMU,199,1328,-200,8368,-91,66,46
22858,IMU,200,1176,-212,8360,-99,62,43
22877,IMU,201,1320,-88,8380,-100,66,28
22896,IMU,202,1300,-208,8396,-93,63,43
22916,IMU,203,1232,-316,8436,-81,58,34
22935,IMU,204,1228,-240,8376,-89,63,41
22954,IMU,205,1276,-156,8456,-85,50,28
22972,IMU,206,1252,-128,8336,-96,64,62
22992,IMU,207,1332,-176,8320,-98,67,44
18995,ECG,0,0,0,0,0,0,0
18995,ECG,1,-1,0,0,0,0,0
18995,ECG,2,-6,0,0,0,0,0
18995,ECG,3,2,0,0,0,0,0
19000,ECG,4,6,0,0,0,0,0
19000,ECG,5,-17,0,0,0,0,0
19000,ECG,6,38,0,0,0,0,0
19005,ECG,7,-16,0,0,0,0,0
19005,ECG,8,-26,0,0,0,0,0
19010,ECG,9,151,0,0,0,0,0
19010,ECG,10,-753,0,0,0,0,0
19010,ECG,11,-2109,0,0,0,0,0
19015,ECG,12,-1850,0,0,0,0,0
19015,ECG,13,-36,0,0,0,0,0
19020,ECG,14,8729,0,0,0,0,0
19020,ECG,15,15156,0,0,0,0,0
19025,ECG,16,21689,0,0,0,0,0
19025,ECG,17,27397,0,0,0,0,0
19030,ECG,18,32011,0,0,0,0,0
19030,ECG,19,31810,0,0,0,0,0
19035,ECG,20,31610,0,0,0,0,0
19035,ECG,21,31343,0,0,0,0,0
19035,ECG,22,31109,0,0,0,0,0
19040,ECG,23,31019,0,0,0,0,0
19040,ECG,24,30731,0,0,0,0,0
19045,ECG,25,30591,0,0,0,0,0
19045,ECG,26,30395,0,0,0,0,0
19045,ECG,27,30195,0,0,0,0,0
19050,ECG,28,30019,0,0,0,0,0
19050,ECG,29,29827,0,0,0,0,0
19055,ECG,30,29638,0,0,0,0,0
19055,ECG,31,29451,0,0,0,0,0
19055,ECG,32,29266,0,0,0,0,0
19060,ECG,33,29082,0,0,0,0,0
19060,ECG,34,28900,0,0,0,0,0
19065,ECG,35,28718,0,0,0,0,0
19065,ECG,36,28537,0,0,0,0,0
19065,ECG,37,28358,0,0,0,0,0
19070,ECG,38,28180,0,0,0,0,0
19070,ECG,39,28002,0,0,0,0,0
19075,ECG,40,27651,0,0,0,0,0
19075,ECG,41,27478,0,0,0,0,0
19080,ECG,42,27305,0,0,0,0,0
19080,ECG,43,27133,0,0,0,0,0
19085,ECG,44,26793,0,0,0,0,0
19085,ECG,45,26625,0,0,0,0,0
19090,ECG,46,26457,0,0,0,0,0
19090,ECG,47,26291,0,0,0,0,0
19090,ECG,48,26126,0,0,0,0,0
19095,ECG,49,25961,0,0,0,0,0
19095,ECG,50,25798,0,0,0,0,0
19100,ECG,51,25636,0,0,0,0,0
19100,ECG,52,25475,0,0,0,0,0
19100,ECG,53,25314,0,0,0,0,0
19105,ECG,54,25155,0,0,0,0,0
19105,ECG,55,24997,0,0,0,0,0
19110,ECG,56,24840,0,0,0,0,0
19110,ECG,57,24683,0,0,0,0,0
19110,ECG,58,24528,0,0,0,0,0
19115,ECG,59,24374,0,0,0,0,0
19115,ECG,60,24221,0,0,0,0,0
19120,ECG,61,23917,0,0,0,0,0
19120,ECG,62,23766,0,0,0,0,0
19125,ECG,63,23617,0,0,0,0,0
19125,ECG,64,23468,0,0,0,0,0
19126,ECG,65,23321,0,0,0,0,0
19130,ECG,66,23174,0,0,0,0,0
19130,ECG,67,23028,0,0,0,0,0
19135,ECG,68,22883,0,0,0,0,0
19135,ECG,69,22739,0,0,0,0,0
19135,ECG,70,22596,0,0,0,0,0
19140,ECG,71,22454,0,0,0,0,0
19140,ECG,72,22313,0,0,0,0,0
19145,ECG,73,22172,0,0,0,0,0
19145,ECG,74,22033,0,0,0,0,0
19145,ECG,75,21894,0,0,0,0,0
19150,ECG,76,21756,0,0,0,0,0
19150,ECG,77,21619,0,0,0,0,0
19155,ECG,78,21483,0,0,0,0,0
19155,ECG,79,21348,0,0,0,0,0
19155,ECG,80,21214,0,0,0,0,0
19160,ECG,81,21080,0,0,0,0,0
19160,ECG,82,20948,0,0,0,0,0
19165,ECG,83,20816,0,0,0,0,0
19165,ECG,84,20685,0,0,0,0,0
19165,ECG,85,20555,0,0,0,0,0
19170,ECG,86,20425,0,0,0,0,0
19170,ECG,87,20297,0,0,0,0,0
19175,ECG,88,20042,0,0,0,0,0
19175,ECG,89,19916,0,0,0,0,0
19180,ECG,90,19790,0,0,0,0,0
19180,ECG,91,19666,0,0,0,0,0
19185,ECG,92,19419,0,0,0,0,0
19185,ECG,93,19297,0,0,0,0,0
19190,ECG,94,19175,0,0,0,0,0
19190,ECG,95,19055,0,0,0,0,0
19190,ECG,96,18935,0,0,0,0,0
19195,ECG,97,18815,0,0,0,0,0
19195,ECG,98,18697,0,0,0,0,0
19200,ECG,99,18579,0,0,0,0,0
19200,ECG,100,18462,0,0,0,0,0
19200,ECG,101,18346,0,0,0,0,0
19205,ECG,102,18230,0,0,0,0,0
19205,ECG,103,18116,0,0,0,0,0
19210,ECG,104,18002,0,0,0,0,0
19210,ECG,105,17888,0,0,0,0,0
19210,ECG,106,17775,0,0,0,0,0
19215,ECG,107,17663,0,0,0,0,0
19215,ECG,108,17552,0,0,0,0,0
19220,ECG,109,17332,0,0,0,0,0
19220,ECG,110,17222,0,0,0,0,0
19225,ECG,111,17114,0,0,0,0,0
19225,ECG,112,17006,0,0,0,0,0
19230,ECG,113,16792,0,0,0,0,0
19230,ECG,114,16687,0,0,0,0,0
19235,ECG,115,16581,0,0,0,0,0
19235,ECG,116,16477,0,0,0,0,0
19235,ECG,117,16373,0,0,0,0,0
19240,ECG,118,16270,0,0,0,0,0
19240,ECG,119,16167,0,0,0,0,0
19245,ECG,120,16065,0,0,0,0,0
19245,ECG,121,15964,0,0,0,0,0
19245,ECG,122,15864,0,0,0,0,0
19250,ECG,123,15764,0,0,0,0,0
19250,ECG,124,15664,0,0,0,0,0
19255,ECG,125,15566,0,0,0,0,0
19255,ECG,126,15467,0,0,0,0,0
19255,ECG,127,15370,0,0,0,0,0
19260,ECG,128,15273,0,0,0,0,0
19260,ECG,129,15177,0,0,0,0,0
19265,ECG,130,15081,0,0,0,0,0
19265,ECG,131,14986,0,0,0,0,0
19265,ECG,132,14891,0,0,0,0,0
19270,ECG,133,14797,0,0,0,0,0
19270,ECG,134,14704,0,0,0,0,0
19275,ECG,135,14519,0,0,0,0,0
19275,ECG,136,14428,0,0,0,0,0
19280,ECG,137,14337,0,0,0,0,0
19280,ECG,138,14246,0,0,0,0,0
19285,ECG,139,14067,0,0,0,0,0
19285,ECG,140,13978,0,0,0,0,0
19290,ECG,141,13890,0,0,0,0,0
19290,ECG,142,13802,0,0,0,0,0
19290,ECG,143,13715,0,0,0,0,0
19295,ECG,144,13629,0,0,0,0,0
19295,ECG,145,13543,0,0,0,0,0
19300,ECG,146,13457,0,0,0,0,0
19300,ECG,147,13372,0,0,0,0,0
19300,ECG,148,13288,0,0,0,0,0
19305,ECG,149,13204,0,0,0,0,0
19305,ECG,150,13121,0,0,0,0,0
19310,ECG,151,13038,0,0,0,0,0
19310,ECG,152,12956,0,0,0,0,0
19310,ECG,153,12874,0,0,0,0,0
19315,ECG,154,12793,0,0,0,0,0
19315,ECG,155,12712,0,0,0,0,0
19320,ECG,156,12552,0,0,0,0,0
19320,ECG,157,12473,0,0,0,0,0
19325,ECG,158,12394,0,0,0,0,0
19325,ECG,159,12316,0,0,0,0,0
19330,ECG,160,12161,0,0,0,0,0
19330,ECG,161,12084,0,0,0,0,0
19335,ECG,162,12008,0,0,0,0,0
19335,ECG,163,11932,0,0,0,0,0
19335,ECG,164,11857,0,0,0,0,0
19340,ECG,165,11782,0,0,0,0,0
19340,ECG,166,11707,0,0,0,0,0
19345,ECG,167,11633,0,0,0,0,0
19345,ECG,168,11560,0,0,0,0,0
19345,ECG,169,11487,0,0,0,0,0
19350,ECG,170,11414,0,0,0,0,0
19350,ECG,171,11342,0,0,0,0,0
19355,ECG,172,11271,0,0,0,0,0
19355,ECG,173,11199,0,0,0,0,0
19355,ECG,174,11129,0,0,0,0,0
19360,ECG,175,11058,0,0,0,0,0
19360,ECG,176,10988,0,0,0,0,0
19365,ECG,177,10919,0,0,0,0,0
19365,ECG,178,10850,0,0,0,0,0
19365,ECG,179,10781,0,0,0,0,0
19370,ECG,180,10713,0,0,0,0,0
19370,ECG,181,10645,0,0,0,0,0
19375,ECG,182,10511,0,0,0,0,0
19375,ECG,183,10445,0,0,0,0,0
19380,ECG,184,10379,0,0,0,0,0
19380,ECG,185,10313,0,0,0,0,0
19385,ECG,186,10183,0,0,0,0,0
19385,ECG,187,10118,0,0,0,0,0
19390,ECG,188,10054,0,0,0,0,0
19390,ECG,189,9991,0,0,0,0,0
19390,ECG,190,9928,0,0,0,0,0
19395,ECG,191,9865,0,0,0,0,0
19395,ECG,192,9802,0,0,0,0,0
19400,ECG,193,9740,0,0,0,0,0
19400,ECG,194,9679,0,0,0,0,0
19400,ECG,195,9617,0,0,0,0,0
19405,ECG,196,9557,0,0,0,0,0
19405,ECG,197,9496,0,0,0,0,0
19410,ECG,198,9436,0,0,0,0,0
19410,ECG,199,9376,0,0,0,0,0
19410,ECG,200,9317,0,0,0,0,0
19415,ECG,201,9258,0,0,0,0,0
19415,ECG,202,9200,0,0,0,0,0
19420,ECG,203,9083,0,0,0,0,0
19420,ECG,204,9026,0,0,0,0,0
19425,ECG,205,8969,0,0,0,0,0
19425,ECG,206,8912,0,0,0,0,0
19430,ECG,207,8799,0,0,0,0,0
19430,ECG,208,8744,0,0,0,0,0
19435,ECG,209,8688,0,0,0,0,0
19435,ECG,210,8633,0,0,0,0,0
19435,ECG,211,8578,0,0,0,0,0
19440,ECG,212,8524,0,0,0,0,0
19440,ECG,213,8470,0,0,0,0,0
19445,ECG,214,8416,0,0,0,0,0
19445,ECG,215,8363,0,0,0,0,0
19445,ECG,216,8310,0,0,0,0,0
19450,ECG,217,8257,0,0,0,0,0
19450,ECG,218,8205,0,0,0,0,0
19455,ECG,219,8153,0,0,0,0,0
19455,ECG,220,8101,0,0,0,0,0
19455,ECG,221,8050,0,0,0,0,0
19460,ECG,222,7999,0,0,0,0,0
19460,ECG,223,7948,0,0,0,0,0
19465,ECG,224,7848,0,0,0,0,0
19465,ECG,225,7798,0,0,0,0,0
19470,ECG,226,7749,0,0,0,0,0
19470,ECG,227,7699,0,0,0,0,0
19471,ECG,228,7651,0,0,0,0,0
19475,ECG,229,7602,0,0,0,0,0
19475,ECG,230,7554,0,0,0,0,0
19480,ECG,231,7506,0,0,0,0,0
19480,ECG,232,7458,0,0,0,0,0
19480,ECG,233,7411,0,0,0,0,0
19485,ECG,234,7364,0,0,0,0,0
19485,ECG,235,7317,0,0,0,0,0
19490,ECG,236,7271,0,0,0,0,0
19490,ECG,237,7224,0,0,0,0,0
19490,ECG,238,7178,0,0,0,0,0
19495,ECG,239,7133,0,0,0,0,0
19495,ECG,240,7088,0,0,0,0,0
19500,ECG,241,7043,0,0,0,0,0
19500,ECG,242,6998,0,0,0,0,0
19500,ECG,243,6953,0,0,0,0,0
19505,ECG,244,6909,0,0,0,0,0
19505,ECG,245,6865,0,0,0,0,0
19510,ECG,246,6821,0,0,0,0,0
19510,ECG,247,6778,0,0,0,0,0
19510,ECG,248,6735,0,0,0,0,0
19515,ECG,249,6692,0,0,0,0,0
19515,ECG,250,6650,0,0,0,0,0
19520,ECG,251,6566,0,0,0,0,0
19520,ECG,252,6524,0,0,0,0,0
19525,ECG,253,6482,0,0,0,0,0
19525,ECG,254,6441,0,0,0,0,0
19530,ECG,255,6359,0,0,0,0,0
19530,ECG,256,6319,0,0,0,0,0
19535,ECG,257,6279,0,0,0,0,0
19535,ECG,258,6239,0,0,0,0,0
19535,ECG,259,6199,0,0,0,0,0
19540,ECG,260,6159,0,0,0,0,0
19540,ECG,261,6120,0,0,0,0,0
19545,ECG,262,6081,0,0,0,0,0
19545,ECG,263,6042,0,0,0,0,0
19545,ECG,264,6004,0,0,0,0,0
19550,ECG,265,5966,0,0,0,0,0
19550,ECG,266,5928,0,0,0,0,0
19555,ECG,267,5890,0,0,0,0,0
19555,ECG,268,5852,0,0,0,0,0
19555,ECG,269,5815,0,0,0,0,0
19560,ECG,270,5778,0,0,0,0,0
19560,ECG,271,5741,0,0,0,0,0
19565,ECG,272,5669,0,0,0,0,0
19565,ECG,273,5632,0,0,0,0,0
19570,ECG,274,5596,0,0,0,0,0
19570,ECG,275,5561,0,0,0,0,0
19571,ECG,276,5525,0,0,0,0,0
19575,ECG,277,5490,0,0,0,0,0
19575,ECG,278,5455,0,0,0,0,0
19580,ECG,279,5420,0,0,0,0,0
19580,ECG,280,5386,0,0,0,0,0
19580,ECG,281,5351,0,0,0,0,0
19585,ECG,282,5317,0,0,0,0,0
19585,ECG,283,5283,0,0,0,0,0
19590,ECG,284,5249,0,0,0,0,0
19590,ECG,285,5216,0,0,0,0,0
19590,ECG,286,5183,0,0,0,0,0
19595,ECG,287,5150,0,0,0,0,0
19595,ECG,288,5117,0,0,0,0,0
19600,ECG,289,5084,0,0,0,0,0
19600,ECG,290,5051,0,0,0,0,0
19600,ECG,291,5019,0,0,0,0,0
19605,ECG,292,4987,0,0,0,0,0
19605,ECG,293,4955,0,0,0,0,0
19610,ECG,294,4924,0,0,0,0,0
19610,ECG,295,4892,0,0,0,0,0
19610,ECG,296,4861,0,0,0,0,0
19615,ECG,297,4830,0,0,0,0,0
19615,ECG,298,4799,0,0,0,0,0
19620,ECG,299,4738,0,0,0,0,0
19620,ECG,300,4707,0,0,0,0,0
19625,ECG,301,4677,0,0,0,0,0
19625,ECG,302,4647,0,0,0,0,0
19630,ECG,303,4588,0,0,0,0,0
19630,ECG,304,4559,0,0,0,0,0
19635,ECG,305,4530,0,0,0,0,0
19635,ECG,306,4501,0,0,0,0,0
19635,ECG,307,4472,0,0,0,0,0
19640,ECG,308,4443,0,0,0,0,0
19640,ECG,309,4415,0,0,0,0,0
19645,ECG,310,4386,0,0,0,0,0
19645,ECG,311,4358,0,0,0,0,0
19645,ECG,312,4330,0,0,0,0,0
19650,ECG,313,4303,0,0,0,0,0
19650,ECG,314,4275,0,0,0,0,0
19655,ECG,315,4248,0,0,0,0,0
19655,ECG,316,4220,0,0,0,0,0
19655,ECG,317,4193,0,0,0,0,0
19660,ECG,318,4166,0,0,0,0,0
19660,ECG,319,4140,0,0,0,0,0
19665,ECG,320,4087,0,0,0,0,0
19665,ECG,321,4060,0,0,0,0,0
19670,ECG,322,4034,0,0,0,0,0
19670,ECG,323,4008,0,0,0,0,0
19671,ECG,324,3983,0,0,0,0,0
19675,ECG,325,3957,0,0,0,0,0
19675,ECG,326,3932,0,0,0,0,0
19680,ECG,327,3906,0,0,0,0,0
19680,ECG,328,3881,0,0,0,0,0
19685,ECG,329,3832,0,0,0,0,0
19685,ECG,330,3807,0,0,0,0,0
19690,ECG,331,3782,0,0,0,0,0
19690,ECG,332,3758,0,0,0,0,0
19690,ECG,333,3734,0,0,0,0,0
19695,ECG,334,3710,0,0,0,0,0
19695,ECG,335,3686,0,0,0,0,0
19700,ECG,336,3662,0,0,0,0,0
19700,ECG,337,3639,0,0,0,0,0
19700,ECG,338,3615,0,0,0,0,0
19705,ECG,339,3592,0,0,0,0,0
19705,ECG,340,3569,0,0,0,0,0
19710,ECG,341,3546,0,0,0,0,0
19710,ECG,342,3523,0,0,0,0,0
19710,ECG,343,3500,0,0,0,0,0
19715,ECG,344,3478,0,0,0,0,0
19715,ECG,345,3455,0,0,0,0,0
19720,ECG,346,3411,0,0,0,0,0
19720,ECG,347,3389,0,0,0,0,0
19725,ECG,348,3367,0,0,0,0,0
19725,ECG,349,3345,0,0,0,0,0
19730,ECG,350,3302,0,0,0,0,0
19730,ECG,351,3281,0,0,0,0,0
19735,ECG,352,3260,0,0,0,0,0
19735,ECG,353,3239,0,0,0,0,0
19735,ECG,354,3218,0,0,0,0,0
19740,ECG,355,3197,0,0,0,0,0
19740,ECG,356,3176,0,0,0,0,0
19745,ECG,357,3156,0,0,0,0,0
19745,ECG,358,3135,0,0,0,0,0
19745,ECG,359,3115,0,0,0,0,0
19750,ECG,360,3095,0,0,0,0,0
19750,ECG,361,3075,0,0,0,0,0
19755,ECG,362,3055,0,0,0,0,0
19755,ECG,363,3035,0,0,0,0,0
19755,ECG,364,3015,0,0,0,0,0
19760,ECG,365,2996,0,0,0,0,0
19760,ECG,366,2976,0,0,0,0,0
19765,ECG,367,2938,0,0,0,0,0
19765,ECG,368,2919,0,0,0,0,0
19770,ECG,369,2900,0,0,0,0,0
19770,ECG,370,2881,0,0,0,0,0
19771,ECG,371,2862,0,0,0,0,0
19775,ECG,372,2844,0,0,0,0,0
19775,ECG,373,2825,0,0,0,0,0
19780,ECG,374,2807,0,0,0,0,0
19780,ECG,375,2789,0,0,0,0,0
19785,ECG,376,2753,0,0,0,0,0
19785,ECG,377,2735,0,0,0,0,0
19790,ECG,378,2717,0,0,0,0,0
19790,ECG,379,2700,0,0,0,0,0
19790,ECG,380,2682,0,0,0,0,0
19795,ECG,381,2665,0,0,0,0,0
19795,ECG,382,2647,0,0,0,0,0
19800,ECG,383,2630,0,0,0,0,0
19800,ECG,384,2613,0,0,0,0,0
19800,ECG,385,2596,0,0,0,0,0
19805,ECG,386,2579,0,0,0,0,0
19805,ECG,387,2562,0,0,0,0,0
19810,ECG,388,2546,0,0,0,0,0
19810,ECG,389,2529,0,0,0,0,0
19810,ECG,390,2513,0,0,0,0,0
19815,ECG,391,2496,0,0,0,0,0
19815,ECG,392,2480,0,0,0,0,0
19820,ECG,393,2448,0,0,0,0,0
19820,ECG,394,2432,0,0,0,0,0
19825,ECG,395,2416,0,0,0,0,0
19825,ECG,396,2400,0,0,0,0,0
19830,ECG,397,2369,0,0,0,0,0
19830,ECG,398,2354,0,0,0,0,0
19835,ECG,399,2338,0,0,0,0,0
19835,ECG,400,2323,0,0,0,0,0
19835,ECG,401,2308,0,0,0,0,0
19840,ECG,402,2293,0,0,0,0,0
19840,ECG,403,2278,0,0,0,0,0
19845,ECG,404,2263,0,0,0,0,0
19845,ECG,405,2248,0,0,0,0,0
19845,ECG,406,2233,0,0,0,0,0
19850,ECG,407,2219,0,0,0,0,0
19850,ECG,408,2204,0,0,0,0,0
19855,ECG,409,2190,0,0,0,0,0
19855,ECG,410,2176,0,0,0,0,0
19855,ECG,411,2161,0,0,0,0,0
19860,ECG,412,2147,0,0,0,0,0
19860,ECG,413,2133,0,0,0,0,0
19865,ECG,414,2105,0,0,0,0,0
19865,ECG,415,2091,0,0,0,0,0
19870,ECG,416,2078,0,0,0,0,0
19870,ECG,417,2064,0,0,0,0,0
19871,ECG,418,2050,0,0,0,0,0
19875,ECG,419,2037,0,0,0,0,0
19875,ECG,420,2023,0,0,0,0,0
19880,ECG,421,2010,0,0,0,0,0
19880,ECG,422,1997,0,0,0,0,0
19880,ECG,423,1984,0,0,0,0,0
19885,ECG,424,1971,0,0,0,0,0
19885,ECG,425,1958,0,0,0,0,0
19890,ECG,426,1945,0,0,0,0,0
19890,ECG,427,1932,0,0,0,0,0
19890,ECG,428,1919,0,0,0,0,0
19895,ECG,429,1906,0,0,0,0,0
19895,ECG,430,1894,0,0,0,0,0
19900,ECG,431,1881,0,0,0,0,0
19900,ECG,432,1869,0,0,0,0,0
19900,ECG,433,1857,0,0,0,0,0
19905,ECG,434,1844,0,0,0,0,0
19905,ECG,435,1832,0,0,0,0,0
19910,ECG,436,1820,0,0,0,0,0
19910,ECG,437,1808,0,0,0,0,0
19910,ECG,438,1796,0,0,0,0,0
19915,ECG,439,1784,0,0,0,0,0
19915,ECG,440,1772,0,0,0,0,0
19920,ECG,441,1749,0,0,0,0,0
19920,ECG,442,1737,0,0,0,0,0
19925,ECG,443,1726,0,0,0,0,0
19925,ECG,444,1714,0,0,0,0,0
19930,ECG,445,1692,0,0,0,0,0
19930,ECG,446,1681,0,0,0,0,0
19935,ECG,447,1669,0,0,0,0,0
19935,ECG,448,1658,0,0,0,0,0
19935,ECG,449,1647,0,0,0,0,0
19940,ECG,450,1636,0,0,0,0,0
19940,ECG,451,1625,0,0,0,0,0
19945,ECG,452,1615,0,0,0,0,0
19945,ECG,453,1604,0,0,0,0,0
19945,ECG,454,1593,0,0,0,0,0
19950,ECG,455,1583,0,0,0,0,0
19950,ECG,456,1572,0,0,0,0,0
19955,ECG,457,1562,0,0,0,0,0
19955,ECG,458,1551,0,0,0,0,0
19955,ECG,459,1541,0,0,0,0,0
19960,ECG,460,1531,0,0,0,0,0
19960,ECG,461,1520,0,0,0,0,0
19965,ECG,462,1500,0,0,0,0,0
19965,ECG,463,1490,0,0,0,0,0
19970,ECG,464,1480,0,0,0,0,0
19970,ECG,465,1470,0,0,0,0,0
19971,ECG,466,1460,0,0,0,0,0
19975,ECG,467,1451,0,0,0,0,0
19975,ECG,468,1441,0,0,0,0,0
19984,ECG,469,1431,0,0,0,0,0
19984,ECG,470,1422,0,0,0,0,0
19984,ECG,471,1412,0,0,0,0,0
19984,ECG,472,1403,0,0,0,0,0
19989,ECG,473,1384,0,0,0,0,0
19989,ECG,474,1375,0,0,0,0,0
19994,ECG,475,1365,0,0,0,0,0
19994,ECG,476,1356,0,0,0,0,0
19994,ECG,477,1347,0,0,0,0,0
19999,ECG,478,1338,0,0,0,0,0
19999,ECG,479,1329,0,0,0,0,0
20004,ECG,480,1320,0,0,0,0,0
20004,ECG,481,1311,0,0,0,0,0
20004,ECG,482,1302,0,0,0,0,0
20009,ECG,483,1294,0,0,0,0,0
20009,ECG,484,1285,0,0,0,0,0
20014,ECG,485,1276,0,0,0,0,0
20014,ECG,486,1268,0,0,0,0,0
20014,ECG,487,1259,0,0,0,0,0
20019,ECG,488,1251,0,0,0,0,0
20019,ECG,489,1242,0,0,0,0,0
20024,ECG,490,1225,0,0,0,0,0
20024,ECG,491,1217,0,0,0,0,0
20029,ECG,492,1209,0,0,0,0,0
20029,ECG,493,1201,0,0,0,0,0
20034,ECG,494,1184,0,0,0,0,0
20034,ECG,495,1176,0,0,0,0,0
20039,ECG,496,1168,0,0,0,0,0
20039,ECG,497,1160,0,0,0,0,0
20039,ECG,498,1152,0,0,0,0,0
20044,ECG,499,1145,0,0,0,0,0
20044,ECG,500,1137,0,0,0,0,0
20049,ECG,501,1129,0,0,0,0,0
20049,ECG,502,1121,0,0,0,0,0
20049,ECG,503,1114,0,0,0,0,0
20054,ECG,504,1106,0,0,0,0,0
20054,ECG,505,1099,0,0,0,0,0
20059,ECG,506,1091,0,0,0,0,0
20059,ECG,507,1084,0,0,0,0,0
20059,ECG,508,1076,0,0,0,0,0
20064,ECG,509,1069,0,0,0,0,0
20064,ECG,510,1062,0,0,0,0,0
20069,ECG,511,1047,0,0,0,0,0
20069,ECG,512,1040,0,0,0,0,0
20074,ECG,513,1033,0,0,0,0,0
20074,ECG,514,1026,0,0,0,0,0
20075,ECG,515,1019,0,0,0,0,0
20079,ECG,516,1012,0,0,0,0,0
20079,ECG,517,1005,0,0,0,0,0
20084,ECG,518,998,0,0,0,0,0
20084,ECG,519,991,0,0,0,0,0
20084,ECG,520,984,0,0,0,0,0
21091,ECG,521,0,0,0,0,0,0
21091,ECG,522,-1,0,0,0,0,0
21091,ECG,523,-6,0,0,0,0,0
21096,ECG,524,2,0,0,0,0,0
21096,ECG,525,6,0,0,0,0,0
21101,ECG,526,38,0,0,0,0,0
21101,ECG,527,-16,0,0,0,0,0
21106,ECG,528,-26,0,0,0,0,0
21106,ECG,529,151,0,0,0,0,0
21111,ECG,530,-2109,0,0,0,0,0
21111,ECG,531,-1850,0,0,0,0,0
21116,ECG,532,-36,0,0,0,0,0
21116,ECG,533,3394,0,0,0,0,0
21116,ECG,534,8729,0,0,0,0,0
21121,ECG,535,15156,0,0,0,0,0
21121,ECG,536,21689,0,0,0,0,0
21126,ECG,537,27397,0,0,0,0,0
21126,ECG,538,31311,0,0,0,0,0
21126,ECG,539,32011,0,0,0,0,0
21131,ECG,540,31810,0,0,0,0,0
21131,ECG,541,31610,0,0,0,0,0
21136,ECG,542,31343,0,0,0,0,0
21136,ECG,543,31109,0,0,0,0,0
21136,ECG,544,31019,0,0,0,0,0
21141,ECG,545,30731,0,0,0,0,0
21141,ECG,546,30591,0,0,0,0,0
21146,ECG,547,30195,0,0,0,0,0
21146,ECG,548,30019,0,0,0,0,0
21151,ECG,549,29827,0,0,0,0,0
21151,ECG,550,29638,0,0,0,0,0
21152,ECG,551,29451,0,0,0,0,0
21156,ECG,552,29266,0,0,0,0,0
21156,ECG,553,29082,0,0,0,0,0
21161,ECG,554,28900,0,0,0,0,0
21161,ECG,555,28718,0,0,0,0,0
21166,ECG,556,28358,0,0,0,0,0
21166,ECG,557,28180,0,0,0,0,0
21171,ECG,558,28002,0,0,0,0,0
21171,ECG,559,27826,0,0,0,0,0
21171,ECG,560,27651,0,0,0,0,0
21176,ECG,561,27478,0,0,0,0,0
21176,ECG,562,27305,0,0,0,0,0
21181,ECG,563,27133,0,0,0,0,0
21181,ECG,564,26963,0,0,0,0,0
21181,ECG,565,26793,0,0,0,0,0
21186,ECG,566,26625,0,0,0,0,0
21186,ECG,567,26457,0,0,0,0,0
21191,ECG,568,26291,0,0,0,0,0
21191,ECG,569,26126,0,0,0,0,0
21191,ECG,570,25961,0,0,0,0,0
21196,ECG,571,25798,0,0,0,0,0
21196,ECG,572,25636,0,0,0,0,0
21201,ECG,573,25314,0,0,0,0,0
21201,ECG,574,25155,0,0,0,0,0
21206,ECG,575,24997,0,0,0,0,0
21206,ECG,576,24840,0,0,0,0,0
21207,ECG,577,24683,0,0,0,0,0
21211,ECG,578,24528,0,0,0,0,0
21211,ECG,579,24374,0,0,0,0,0
22218,ECG,580,0,0,0,0,0,0
22218,ECG,581,-1,0,0,0,0,0
22218,ECG,582,-6,0,0,0,0,0
22223,ECG,583,2,0,0,0,0,0
22223,ECG,584,6,0,0,0,0,0
22228,ECG,585,38,0,0,0,0,0
22228,ECG,586,-16,0,0,0,0,0
22233,ECG,587,-26,0,0,0,0,0
22233,ECG,588,151,0,0,0,0,0
22234,ECG,589,-753,0,0,0,0,0
22238,ECG,590,-2109,0,0,0,0,0
22238,ECG,591,-1850,0,0,0,0,0
22243,ECG,592,-36,0,0,0,0,0
22243,ECG,593,3394,0,0,0,0,0
22248,ECG,594,15156,0,0,0,0,0
22248,ECG,595,21689,0,0,0,0,0
22253,ECG,596,27397,0,0,0,0,0
22253,ECG,597,31311,0,0,0,0,0
22253,ECG,598,32011,0,0,0,0,0
22258,ECG,599,31810,0,0,0,0,0
22258,ECG,600,31610,0,0,0,0,0
22263,ECG,601,31343,0,0,0,0,0
22263,ECG,602,31109,0,0,0,0,0
22263,ECG,603,31019,0,0,0,0,0
22268,ECG,604,30731,0,0,0,0,0
22268,ECG,605,30591,0,0,0,0,0
22273,ECG,606,30395,0,0,0,0,0
22273,ECG,607,30195,0,0,0,0,0
22273,ECG,608,30019,0,0,0,0,0
22278,ECG,609,29827,0,0,0,0,0
22278,ECG,610,29638,0,0,0,0,0
22283,ECG,611,29266,0,0,0,0,0
22283,ECG,612,29082,0,0,0,0,0
22288,ECG,613,28900,0,0,0,0,0
22288,ECG,614,28718,0,0,0,0,0
22293,ECG,615,28358,0,0,0,0,0
22293,ECG,616,28180,0,0,0,0,0
22298,ECG,617,28002,0,0,0,0,0
22298,ECG,618,27826,0,0,0,0,0
22298,ECG,619,27651,0,0,0,0,0
22303,ECG,620,27478,0,0,0,0,0
22303,ECG,621,27305,0,0,0,0,0
22308,ECG,622,27133,0,0,0,0,0
22308,ECG,623,26963,0,0,0,0,0
22308,ECG,624,26793,0,0,0,0,0
22313,ECG,625,26625,0,0,0,0,0
22313,ECG,626,26457,0,0,0,0,0
22318,ECG,627,26291,0,0,0,0,0
22318,ECG,628,26126,0,0,0,0,0
22318,ECG,629,25961,0,0,0,0,0
22323,ECG,630,25798,0,0,0,0,0
22323,ECG,631,25636,0,0,0,0,0
22328,ECG,632,25475,0,0,0,0,0
22328,ECG,633,25314,0,0,0,0,0
22328,ECG,634,25155,0,0,0,0,0
22333,ECG,635,24997,0,0,0,0,0
22333,ECG,636,24840,0,0,0,0,0
22338,ECG,637,24528,0,0,0,0,0
22338,ECG,638,24374,0,0,0,0,0
22343,ECG,639,24221,0,0,0,0,0
22343,ECG,640,24068,0,0,0,0,0
22348,ECG,641,23766,0,0,0,0,0
22348,ECG,642,23617,0,0,0,0,0
22353,ECG,643,23468,0,0,0,0,0
22353,ECG,644,23321,0,0,0,0,0
22353,ECG,645,23174,0,0,0,0,0
22358,ECG,646,23028,0,0,0,0,0
22358,ECG,647,22883,0,0,0,0,0
22363,ECG,648,22739,0,0,0,0,0
22363,ECG,649,22596,0,0,0,0,0
22363,ECG,650,22454,0,0,0,0,0
22368,ECG,651,22313,0,0,0,0,0
22368,ECG,652,22172,0,0,0,0,0
22373,ECG,653,22033,0,0,0,0,0
22373,ECG,654,21894,0,0,0,0,0
22373,ECG,655,21756,0,0,0,0,0
22378,ECG,656,21619,0,0,0,0,0
22378,ECG,657,21483,0,0,0,0,0
22383,ECG,658,21214,0,0,0,0,0
22383,ECG,659,21080,0,0,0,0,0
22388,ECG,660,20948,0,0,0,0,0
22388,ECG,661,20816,0,0,0,0,0
22393,ECG,662,20555,0,0,0,0,0
22393,ECG,663,20425,0,0,0,0,0
22398,ECG,664,20297,0,0,0,0,0
22398,ECG,665,20169,0,0,0,0,0
22398,ECG,666,20042,0,0,0,0,0
22403,ECG,667,19916,0,0,0,0,0
22403,ECG,668,19790,0,0,0,0,0
22408,ECG,669,19666,0,0,0,0,0
22408,ECG,670,19542,0,0,0,0,0
22408,ECG,671,19419,0,0,0,0,0
22413,ECG,672,19297,0,0,0,0,0
22413,ECG,673,19175,0,0,0,0,0
22418,ECG,674,19055,0,0,0,0,0
22418,ECG,675,18935,0,0,0,0,0
22418,ECG,676,18815,0,0,0,0,0
22423,ECG,677,18697,0,0,0,0,0
22423,ECG,678,18579,0,0,0,0,0
22428,ECG,679,18462,0,0,0,0,0
22428,ECG,680,18346,0,0,0,0,0
22428,ECG,681,18230,0,0,0,0,0
22433,ECG,682,18116,0,0,0,0,0
22433,ECG,683,18002,0,0,0,0,0
22438,ECG,684,17775,0,0,0,0,0
22438,ECG,685,17663,0,0,0,0,0
22443,ECG,686,17552,0,0,0,0,0
22443,ECG,687,17442,0,0,0,0,0
22448,ECG,688,17222,0,0,0,0,0
22448,ECG,689,17114,0,0,0,0,0
22453,ECG,690,17006,0,0,0,0,0
22453,ECG,691,16899,0,0,0,0,0
22453,ECG,692,16792,0,0,0,0,0
22458,ECG,693,16687,0,0,0,0,0
22458,ECG,694,16581,0,0,0,0,0
22463,ECG,695,16477,0,0,0,0,0
22463,ECG,696,16373,0,0,0,0,0
22463,ECG,697,16270,0,0,0,0,0
22468,ECG,698,16167,0,0,0,0,0
22468,ECG,699,16065,0,0,0,0,0
22473,ECG,700,15964,0,0,0,0,0
22473,ECG,701,15864,0,0,0,0,0
22473,ECG,702,15764,0,0,0,0,0
22478,ECG,703,15664,0,0,0,0,0
22478,ECG,704,15566,0,0,0,0,0
22483,ECG,705,15370,0,0,0,0,0
22483,ECG,706,15273,0,0,0,0,0
22488,ECG,707,15177,0,0,0,0,0
22488,ECG,708,15081,0,0,0,0,0
22489,ECG,709,14986,0,0,0,0,0
22493,ECG,710,14891,0,0,0,0,0
22493,ECG,711,14797,0,0,0,0,0
22498,ECG,712,14704,0,0,0,0,0
22498,ECG,713,14611,0,0,0,0,0
22498,ECG,714,14519,0,0,0,0,0
22503,ECG,715,14428,0,0,0,0,0
22503,ECG,716,14337,0,0,0,0,0
22508,ECG,717,14246,0,0,0,0,0
22508,ECG,718,14156,0,0,0,0,0
22508,ECG,719,14067,0,0,0,0,0
22513,ECG,720,13978,0,0,0,0,0
22513,ECG,721,13890,0,0,0,0,0
22518,ECG,722,13802,0,0,0,0,0
22518,ECG,723,13715,0,0,0,0,0
22518,ECG,724,13629,0,0,0,0,0
22523,ECG,725,13543,0,0,0,0,0
22523,ECG,726,13457,0,0,0,0,0
22528,ECG,727,13372,0,0,0,0,0
22528,ECG,728,13288,0,0,0,0,0
22528,ECG,729,13204,0,0,0,0,0
22533,ECG,730,13121,0,0,0,0,0
22533,ECG,731,13038,0,0,0,0,0
22538,ECG,732,12874,0,0,0,0,0
22538,ECG,733,12793,0,0,0,0,0
22543,ECG,734,12712,0,0,0,0,0
22543,ECG,735,12632,0,0,0,0,0
22548,ECG,736,12473,0,0,0,0,0
22548,ECG,737,12394,0,0,0,0,0
22553,ECG,738,12316,0,0,0,0,0
22553,ECG,739,12238,0,0,0,0,0
22553,ECG,740,12161,0,0,0,0,0
22558,ECG,741,12084,0,0,0,0,0
22558,ECG,742,12008,0,0,0,0,0
22563,ECG,743,11932,0,0,0,0,0
22563,ECG,744,11857,0,0,0,0,0
22563,ECG,745,11782,0,0,0,0,0
22568,ECG,746,11707,0,0,0,0,0
22568,ECG,747,11633,0,0,0,0,0
22573,ECG,748,11560,0,0,0,0,0
22573,ECG,749,11487,0,0,0,0,0
22573,ECG,750,11414,0,0,0,0,0
22578,ECG,751,11342,0,0,0,0,0
22578,ECG,752,11271,0,0,0,0,0
22583,ECG,753,11129,0,0,0,0,0
22583,ECG,754,11058,0,0,0,0,0
22588,ECG,755,10988,0,0,0,0,0
22588,ECG,756,10919,0,0,0,0,0
22593,ECG,757,10781,0,0,0,0,0
22593,ECG,758,10713,0,0,0,0,0
22598,ECG,759,10645,0,0,0,0,0
22598,ECG,760,10578,0,0,0,0,0
22598,ECG,761,10511,0,0,0,0,0
22603,ECG,762,10445,0,0,0,0,0
22603,ECG,763,10379,0,0,0,0,0
22608,ECG,764,10313,0,0,0,0,0
22608,ECG,765,10248,0,0,0,0,0
22608,ECG,766,10183,0,0,0,0,0
22613,ECG,767,10118,0,0,0,0,0
22613,ECG,768,10054,0,0,0,0,0
22618,ECG,769,9991,0,0,0,0,0
22618,ECG,770,9928,0,0,0,0,0
22618,ECG,771,9865,0,0,0,0,0
22623,ECG,772,9802,0,0,0,0,0
22623,ECG,773,9740,0,0,0,0,0
22628,ECG,774,9679,0,0,0,0,0
22628,ECG,775,9617,0,0,0,0,0
22628,ECG,776,9557,0,0,0,0,0
22633,ECG,777,9496,0,0,0,0,0
22633,ECG,778,9436,0,0,0,0,0
22638,ECG,779,9317,0,0,0,0,0
22638,ECG,780,9258,0,0,0,0,0
22643,ECG,781,9200,0,0,0,0,0
22643,ECG,782,9141,0,0,0,0,0
22648,ECG,783,9026,0,0,0,0,0
22648,ECG,784,8969,0,0,0,0,0
22653,ECG,785,8912,0,0,0,0,0
22653,ECG,786,8855,0,0,0,0,0
22653,ECG,787,8799,0,0,0,0,0
22658,ECG,788,8744,0,0,0,0,0
22658,ECG,789,8688,0,0,0,0,0
22663,ECG,790,8633,0,0,0,0,0
22663,ECG,791,8578,0,0,0,0,0
22663,ECG,792,8524,0,0,0,0,0
22668,ECG,793,8470,0,0,0,0,0
22668,ECG,794,8416,0,0,0,0,0
22673,ECG,795,8363,0,0,0,0,0
22673,ECG,796,8310,0,0,0,0,0
22673,ECG,797,8257,0,0,0,0,0
22678,ECG,798,8205,0,0,0,0,0
22678,ECG,799,8153,0,0,0,0,0
22683,ECG,800,8050,0,0,0,0,0
22683,ECG,801,7999,0,0,0,0,0
22688,ECG,802,7948,0,0,0,0,0
22688,ECG,803,7898,0,0,0,0,0
22689,ECG,804,7848,0,0,0,0,0
22693,ECG,805,7798,0,0,0,0,0
22693,ECG,806,7749,0,0,0,0,0
22698,ECG,807,7699,0,0,0,0,0
22698,ECG,808,7651,0,0,0,0,0
22703,ECG,809,7554,0,0,0,0,0
22703,ECG,810,7506,0,0,0,0,0
22708,ECG,811,7458,0,0,0,0,0
22708,ECG,812,7411,0,0,0,0,0
22708,ECG,813,7364,0,0,0,0,0
22713,ECG,814,7317,0,0,0,0,0
22713,ECG,815,7271,0,0,0,0,0
22718,ECG,816,7224,0,0,0,0,0
22718,ECG,817,7178,0,0,0,0,0
22718,ECG,818,7133,0,0,0,0,0
22723,ECG,819,7088,0,0,0,0,0
22723,ECG,820,7043,0,0,0,0,0
22728,ECG,821,6998,0,0,0,0,0
22728,ECG,822,6953,0,0,0,0,0
22728,ECG,823,6909,0,0,0,0,0
22733,ECG,824,6865,0,0,0,0,0
22733,ECG,825,6821,0,0,0,0,0
22738,ECG,826,6735,0,0,0,0,0
22738,ECG,827,6692,0,0,0,0,0
22743,ECG,828,6650,0,0,0,0,0
22743,ECG,829,6608,0,0,0,0,0
22748,ECG,830,6524,0,0,0,0,0
22748,ECG,831,6482,0,0,0,0,0
22753,ECG,832,6441,0,0,0,0,0
22753,ECG,833,6400,0,0,0,0,0
22753,ECG,834,6359,0,0,0,0,0
22758,ECG,835,6319,0,0,0,0,0
22758,ECG,836,6279,0,0,0,0,0
22763,ECG,837,6239,0,0,0,0,0
22763,ECG,838,6199,0,0,0,0,0
22763,ECG,839,6159,0,0,0,0,0
22768,ECG,840,6120,0,0,0,0,0
22768,ECG,841,6081,0,0,0,0,0
22773,ECG,842,6042,0,0,0,0,0
22773,ECG,843,6004,0,0,0,0,0
22773,ECG,844,5966,0,0,0,0,0
22778,ECG,845,5928,0,0,0,0,0
22778,ECG,846,5890,0,0,0,0,0
22783,ECG,847,5852,0,0,0,0,0
22783,ECG,848,5815,0,0,0,0,0
22783,ECG,849,5778,0,0,0,0,0
22788,ECG,850,5741,0,0,0,0,0
22788,ECG,851,5705,0,0,0,0,0
22789,ECG,852,5669,0,0,0,0,0
22793,ECG,853,5632,0,0,0,0,0
22793,ECG,854,5596,0,0,0,0,0
22798,ECG,855,5561,0,0,0,0,0
22798,ECG,856,5525,0,0,0,0,0
22803,ECG,857,5455,0,0,0,0,0
22803,ECG,858,5420,0,0,0,0,0
22808,ECG,859,5386,0,0,0,0,0
22808,ECG,860,5351,0,0,0,0,0
22808,ECG,861,5317,0,0,0,0,0
22813,ECG,862,5283,0,0,0,0,0
22813,ECG,863,5249,0,0,0,0,0
22818,ECG,864,5216,0,0,0,0,0
22818,ECG,865,5183,0,0,0,0,0
22818,ECG,866,5150,0,0,0,0,0
22823,ECG,867,5117,0,0,0,0,0
22823,ECG,868,5084,0,0,0,0,0
22828,ECG,869,5051,0,0,0,0,0
22828,ECG,870,5019,0,0,0,0,0
22828,ECG,871,4987,0,0,0,0,0
22833,ECG,872,4955,0,0,0,0,0
22833,ECG,873,4924,0,0,0,0,0
22838,ECG,874,4861,0,0,0,0,0
22838,ECG,875,4830,0,0,0,0,0
22843,ECG,876,4799,0,0,0,0,0
22843,ECG,877,4768,0,0,0,0,0
22848,ECG,878,4707,0,0,0,0,0
22848,ECG,879,4677,0,0,0,0,0
22853,ECG,880,4647,0,0,0,0,0
22853,ECG,881,4618,0,0,0,0,0
22853,ECG,882,4588,0,0,0,0,0
22858,ECG,883,4559,0,0,0,0,0
22858,ECG,884,4530,0,0,0,0,0
22863,ECG,885,4501,0,0,0,0,0
22863,ECG,886,4472,0,0,0,0,0
22863,ECG,887,4443,0,0,0,0,0
22868,ECG,888,4415,0,0,0,0,0
22868,ECG,889,4386,0,0,0,0,0
22873,ECG,890,4358,0,0,0,0,0
22873,ECG,891,4330,0,0,0,0,0
22873,ECG,892,4303,0,0,0,0,0
22878,ECG,893,4275,0,0,0,0,0
22878,ECG,894,4248,0,0,0,0,0
22883,ECG,895,4193,0,0,0,0,0
22883,ECG,896,4166,0,0,0,0,0
22888,ECG,897,4140,0,0,0,0,0
22888,ECG,898,4113,0,0,0,0,0
22889,ECG,899,4087,0,0,0,0,0
22893,ECG,900,4060,0,0,0,0,0
22893,ECG,901,4034,0,0,0,0,0
22898,ECG,902,4008,0,0,0,0,0
22898,ECG,903,3983,0,0,0,0,0
22898,ECG,904,3957,0,0,0,0,0
22903,ECG,905,3932,0,0,0,0,0
22903,ECG,906,3906,0,0,0,0,0
22908,ECG,907,3881,0,0,0,0,0
22908,ECG,908,3856,0,0,0,0,0
22908,ECG,909,3832,0,0,0,0,0
22913,ECG,910,3807,0,0,0,0,0
22913,ECG,911,3782,0,0,0,0,0
22918,ECG,912,3758,0,0,0,0,0
22918,ECG,913,3734,0,0,0,0,0
22918,ECG,914,3710,0,0,0,0,0
22923,ECG,915,3686,0,0,0,0,0
22923,ECG,916,3662,0,0,0,0,0
22928,ECG,917,3639,0,0,0,0,0
22928,ECG,918,3615,0,0,0,0,0
22928,ECG,919,3592,0,0,0,0,0
22933,ECG,920,3569,0,0,0,0,0
22933,ECG,921,3546,0,0,0,0,0
22938,ECG,922,3500,0,0,0,0,0
22938,ECG,923,3478,0,0,0,0,0
22943,ECG,924,3455,0,0,0,0,0
22943,ECG,925,3433,0,0,0,0,0
22948,ECG,926,3389,0,0,0,0,0
22948,ECG,927,3367,0,0,0,0,0
22953,ECG,928,3345,0,0,0,0,0
22953,ECG,929,3324,0,0,0,0,0
22953,ECG,930,3302,0,0,0,0,0
22958,ECG,931,3281,0,0,0,0,0
22958,ECG,932,3260,0,0,0,0,0
22963,ECG,933,3239,0,0,0,0,0
22963,ECG,934,3218,0,0,0,0,0
22963,ECG,935,3197,0,0,0,0,0
22968,ECG,936,3176,0,0,0,0,0
22968,ECG,937,3156,0,0,0,0,0
22973,ECG,938,3135,0,0,0,0,0
22973,ECG,939,3115,0,0,0,0,0
22973,ECG,940,3095,0,0,0,0,0
22978,ECG,941,3075,0,0,0,0,0
22978,ECG,942,3055,0,0,0,0,0
22983,ECG,943,3015,0,0,0,0,0
22983,ECG,944,2996,0,0,0,0,0
22988,ECG,945,2976,0,0,0,0,0
22988,ECG,946,2957,0,0,0,0,0
22989,ECG,947,2938,0,0,0,0,0
22993,ECG,948,2919,0,0,0,0,0
22993,ECG,949,2900,0,0,0,0,0
22998,ECG,950,2881,0,0,0,0,0
22998,ECG,951,2862,0,0,0,0,0
23003,ECG,952,2825,0,0,0,0,0
23003,ECG,953,2807,0,0,0,0,0
23008,ECG,954,2789,0,0,0,0,0
23008,ECG,955,2771,0,0,0,0,0
23008,ECG,956,2753,0,0,0,0,0
23013,ECG,957,2735,0,0,0,0,0
23013,ECG,958,2717,0,0,0,0,0
23018,ECG,959,2700,0,0,0,0,0
23018,ECG,960,2682,0,0,0,0,0
23018,ECG,961,2665,0,0,0,0,0
23023,ECG,962,2647,0,0,0,0,0
23023,ECG,963,2630,0,0,0,0,0
23028,ECG,964,2613,0,0,0,0,0
23028,ECG,965,2596,0,0,0,0,0
23028,ECG,966,2579,0,0,0,0,0
23033,ECG,967,2562,0,0,0,0,0
23033,ECG,968,2546,0,0,0,0,0
23038,ECG,969,2513,0,0,0,0,0
23038,ECG,970,2496,0,0,0,0,0
23043,ECG,971,2480,0,0,0,0,0
23043,ECG,972,2464,0,0,0,0,0
23048,ECG,973,2432,0,0,0,0,0
23048,ECG,974,2416,0,0,0,0,0
23053,ECG,975,2400,0,0,0,0,0
23053,ECG,976,2385,0,0,0,0,0
23053,ECG,977,2369,0,0,0,0,0
23058,ECG,978,2354,0,0,0,0,0
23058,ECG,979,2338,0,0,0,0,0
23063,ECG,980,2323,0,0,0,0,0
23063,ECG,981,2308,0,0,0,0,0
23063,ECG,982,2293,0,0,0,0,0
23068,ECG,983,2278,0,0,0,0,0
23068,ECG,984,2263,0,0,0,0,0
23073,ECG,985,2248,0,0,0,0,0
23073,ECG,986,2233,0,0,0,0,0
23073,ECG,987,2219,0,0,0,0,0
23078,ECG,988,2204,0,0,0,0,0
23078,ECG,989,2190,0,0,0,0,0
23083,ECG,990,2176,0,0,0,0,0
23083,ECG,991,2161,0,0,0,0,0
23083,ECG,992,2147,0,0,0,0,0
23088,ECG,993,2133,0,0,0,0,0
23088,ECG,994,2119,0,0,0,0,0
23093,ECG,995,2091,0,0,0,0,0
23093,ECG,996,2078,0,0,0,0,0
23098,ECG,997,2064,0,0,0,0,0
23098,ECG,998,2050,0,0,0,0,0
23103,ECG,999,2023,0,0,0,0,0
23103,ECG,1000,2010,0,0,0,0,0
23108,ECG,1001,1997,0,0,0,0,0
23108,ECG,1002,1984,0,0,0,0,0
23108,ECG,1003,1971,0,0,0,0,0
23113,ECG,1004,1958,0,0,0,0,0
23113,ECG,1005,1945,0,0,0,0,0
23118,ECG,1006,1932,0,0,0,0,0
23118,ECG,1007,1919,0,0,0,0,0
23118,ECG,1008,1906,0,0,0,0,0
23123,ECG,1009,1894,0,0,0,0,0
23123,ECG,1010,1881,0,0,0,0,0
23128,ECG,1011,1869,0,0,0,0,0
23128,ECG,1012,1857,0,0,0,0,0
23128,ECG,1013,1844,0,0,0,0,0
23133,ECG,1014,1832,0,0,0,0,0
23133,ECG,1015,1820,0,0,0,0,0
23138,ECG,1016,1796,0,0,0,0,0
23138,ECG,1017,1784,0,0,0,0,0
23143,ECG,1018,1772,0,0,0,0,0
23143,ECG,1019,1761,0,0,0,0,0
23148,ECG,1020,1737,0,0,0,0,0
23148,ECG,1021,1726,0,0,0,0,0
23153,ECG,1022,1714,0,0,0,0,0
23153,ECG,1023,1703,0,0,0,0,0
19016,PPG,0,140766,67719,0,0,0,0
19095,PPG,1,140772,67703,0,0,0,0
19174,PPG,2,140759,67701,0,0,0,0
19253,PPG,3,140759,67713,0,0,0,0
19333,PPG,4,140768,67699,0,0,0,0
19417,PPG,5,140769,67710,0,0,0,0
19493,PPG,6,140764,67702,0,0,0,0
19571,PPG,7,140776,67697,0,0,0,0
19650,PPG,8,140762,67710,0,0,0,0
19729,PPG,9,140759,67702,0,0,0,0
19808,PPG,10,140770,67703,0,0,0,0
19888,PPG,11,140769,67691,0,0,0,0
19971,PPG,12,140760,67707,0,0,0,0
20047,PPG,13,140762,67703,0,0,0,0
20125,PPG,14,140769,67705,0,0,0,0
20224,PPG,15,140757,67711,0,0,0,0
20284,PPG,16,140773,67700,0,0,0,0
20364,PPG,17,140772,67704,0,0,0,0
20449,PPG,18,140771,67706,0,0,0,0
20525,PPG,19,140755,67711,0,0,0,0
20602,PPG,20,140766,67702,0,0,0,0
20682,PPG,21,140772,67708,0,0,0,0
20762,PPG,22,140773,67704,0,0,0,0
20841,PPG,23,140762,67712,0,0,0,0
20921,PPG,24,140766,67715,0,0,0,0
21004,PPG,25,140747,67704,0,0,0,0
21101,PPG,26,140767,67700,0,0,0,0
21159,PPG,27,140763,67713,0,0,0,0
21238,PPG,28,140771,67708,0,0,0,0
21318,PPG,29,140760,67703,0,0,0,0
21397,PPG,30,140767,67709,0,0,0,0
21481,PPG,31,140755,67708,0,0,0,0
21559,PPG,32,140747,67697,0,0,0,0
21636,PPG,33,140763,67697,0,0,0,0
21716,PPG,34,140753,67705,0,0,0,0
21795,PPG,35,140750,67707,0,0,0,0
21875,PPG,36,140762,67707,0,0,0,0
21971,PPG,37,140767,67712,0,0,0,0
22038,PPG,38,140754,67693,0,0,0,0
22115,PPG,39,140754,67703,0,0,0,0
22193,PPG,40,140765,67700,0,0,0,0
22272,PPG,41,140760,67705,0,0,0,0
22352,PPG,42,140754,67708,0,0,0,0
22431,PPG,43,140762,67697,0,0,0,0
22515,PPG,44,140758,67703,0,0,0,0
22593,PPG,45,140771,67694,0,0,0,0
22670,PPG,46,140757,67705,0,0,0,0
22748,PPG,47,140764,67711,0,0,0,0
22845,PPG,48,140760,67697,0,0,0,0
22906,PPG,49,140756,67702,0,0,0,0
22986,PPG,50,140749,67697,0,0,0,0
23072,PPG,51,140757,67685,0,0,0,0
23147,PPG,52,140743,67691,0,0,0,0
23226,PPG,53,140746,67701,0,0,0,0
23305,PPG,54,140740,67701,0,0,0,0
23385,PPG,55,140747,67697,0,0,0,0
23463,PPG,56,140757,67699,0,0,0,0
23547,PPG,57,140748,67694,0,0,0,0
23625,PPG,58,140748,67704,0,0,0,0
23720,PPG,59,140744,67693,0,0,0,0
23780,PPG,60,140754,67695,0,0,0,0
23860,PPG,61,140745,67704,0,0,0,0
23939,PPG,62,140747,67693,0,0,0,0
24019,PPG,63,140760,67697,0,0,0,0
24102,PPG,64,140754,67691,0,0,0,0
24180,PPG,65,140750,67695,0,0,0,0
24258,PPG,66,140742,67691,0,0,0,0
24337,PPG,67,140745,67704,0,0,0,0
24417,PPG,68,140747,67694,0,0,0,0
24496,PPG,69,140742,67685,0,0,0,0
24588,PPG,70,140745,67689,0,0,0,0
24658,PPG,71,140747,67687,0,0,0,0
24735,PPG,72,140749,67689,0,0,0,0
24814,PPG,73,140744,67689,0,0,0,0
24892,PPG,74,140745,67693,0,0,0,0
24972,PPG,75,140736,67699,0,0,0,0
25051,PPG,76,140754,67707,0,0,0,0
25130,PPG,77,140749,67696,0,0,0,0
25212,PPG,78,140743,67687,0,0,0,0
25289,PPG,79,140739,67694,0,0,0,0
25368,PPG,80,140734,67697,0,0,0,0
25465,PPG,81,140741,67694,0,0,0,0
25527,PPG,82,140737,67695,0,0,0,0
25606,PPG,83,140733,67690,0,0,0,0
25692,PPG,84,140739,67689,0,0,0,0
25767,PPG,85,140743,67696,0,0,0,0
25845,PPG,86,140748,67699,0,0,0,0
25924,PPG,87,140749,67694,0,0,0,0
26004,PPG,88,140725,67689,0,0,0,0
26084,PPG,89,140742,67695,0,0,0,0
26163,PPG,90,140730,67685,0,0,0,0
26246,PPG,91,140748,67684,0,0,0,0
26343,PPG,92,140732,67689,0,0,0,0
26401,PPG,93,140739,67692,0,0,0,0
26481,PPG,94,140731,67694,0,0,0,0
26560,PPG,95,140737,67684,0,0,0,0
26640,PPG,96,140729,67684,0,0,0,0
26723,PPG,97,140734,67687,0,0,0,0
26800,PPG,98,140741,67694,0,0,0,0
26877,PPG,99,140735,67684,0,0,0,0
23011,IMU,208,1204,-128,8364,-96,55,42
23030,IMU,209,1244,-108,8304,-86,62,47
23052,IMU,210,1336,-160,8368,-83,48,33
23072,IMU,211,1308,-124,8420,-87,69,49
23087,IMU,212,1324,-236,8348,-80,67,37
23106,IMU,213,1276,-128,8384,-89,62,41
23126,IMU,214,1280,-260,8420,-88,51,41
23145,IMU,215,1320,-216,8396,-78,64,31
23164,IMU,216,1288,-264,8384,-82,58,55
23182,IMU,217,1248,-244,8344,-90,56,53
23202,IMU,218,1240,-192,8504,-82,66,40
23221,IMU,219,1324,-220,8428,-83,63,30
23240,IMU,220,1228,-268,8496,-97,78,41
23259,IMU,221,1260,-220,8304,-93,58,40
23280,IMU,222,1340,-208,8464,-88,73,38
23297,IMU,223,1192,-148,8404,-90,58,49
23316,IMU,224,1248,-180,8440,-103,68,37
23335,IMU,225,1264,-176,8320,-88,61,40
23354,IMU,226,1300,-148,8320,-93,52,26
23374,IMU,227,1264,-164,8352,-89,64,27
23393,IMU,228,1336,-184,8452,-85,45,48
23412,IMU,229,1280,-108,8380,-81,46,48
23431,IMU,230,1256,-288,8376,-95,63,43
23450,IMU,231,1244,-120,8436,-93,57,43
23469,IMU,232,1216,-200,8512,-80,52,39
23491,IMU,233,1280,-100,8408,-96,60,39
23508,IMU,234,1144,-208,8428,-96,46,36
23527,IMU,235,1256,-172,8356,-81,70,48
23547,IMU,236,1220,-224,8492,-85,47,24
23565,IMU,237,1232,-176,8420,-93,63,42
23584,IMU,238,1360,-200,8336,-89,73,52
23603,IMU,239,1300,-268,8372,-86,66,35
23623,IMU,240,1204,-204,8464,-94,68,34
23642,IMU,241,1348,-256,8384,-95,66,32
23661,IMU,242,1256,-236,8352,-92,53,34
23680,IMU,243,1220,-236,8408,-80,53,43
23701,IMU,244,1216,-144,8320,-81,60,41
23720,IMU,245,1188,-148,8420,-73,60,42
23738,IMU,246,1216,-176,8332,-91,75,39
23757,IMU,247,1244,-256,8424,-82,58,55
23776,IMU,248,1344,-80,8416,-91,55,53
23795,IMU,249,1304,-284,8400,-59,53,35
23814,IMU,250,1208,-236,8380,-89,62,43
23833,IMU,251,1268,-204,8368,-74,51,31
23853,IMU,252,1332,-112,8368,-111,55,49
23872,IMU,253,1296,-208,8436,-75,55,43
23891,IMU,254,1204,-216,8416,-95,56,63
23910,IMU,255,1220,-184,8432,-100,61,30
23931,IMU,256,1204,-164,8364,-86,77,20
23948,IMU,257,1276,-160,8448,-90,57,45
23968,IMU,258,1176,-272,8412,-89,65,47
23987,IMU,259,1244,-116,8420,-95,47,40
24006,IMU,260,1184,-152,8364,-92,66,43
24025,IMU,261,1300,-124,8420,-81,76,53
24044,IMU,262,1188,-244,8372,-84,67,48
24063,IMU,263,1292,-168,8480,-92,52,48
24082,IMU,264,1248,-188,8384,-73,52,39
24102,IMU,265,1296,-164,8400,-86,65,45
24121,IMU,266,1360,-272,8396,-85,62,51
24144,IMU,267,1280,-244,8404,-90,49,44
24160,IMU,268,1212,-132,8360,-94,55,40
24178,IMU,269,1256,-272,8368,-96,54,37
24197,IMU,270,1256,-188,8436,-90,73,29
24217,IMU,271,1308,-276,8464,-78,65,48
24236,IMU,272,1340,-212,8324,-78,52,32
24255,IMU,273,1256,-144,8460,-91,56,40
24274,IMU,274,1260,-136,8408,-88,76,39
24293,IMU,275,1288,-272,8400,-99,63,55
24313,IMU,276,1152,-188,8396,-101,66,40
24332,IMU,277,1300,-212,8368,-106,51,43
24351,IMU,278,1272,-124,8344,-96,71,36
24372,IMU,279,1272,-132,8408,-73,68,46
24389,IMU,280,1260,-296,8352,-87,54,37
24408,IMU,281,1244,-132,8280,-80,51,22
24427,IMU,282,1328,-172,8456,-83,68,45
24446,IMU,283,1176,-272,8276,-79,50,34
24465,IMU,284,1304,-184,8384,-72,57,44
24485,IMU,285,1444,-176,8480,-103,43,40
24504,IMU,286,1216,-220,8456,-97,62,58
24523,IMU,287,1356,-196,8372,-80,55,32
24542,IMU,288,1204,-184,8372,-78,66,41
24561,IMU,289,1300,-228,8380,-89,49,31
24583,IMU,290,1212,-160,8424,-77,50,40
24599,IMU,291,1232,-108,8404,-97,55,47
24618,IMU,292,1228,-112,8312,-107,46,39
24637,IMU,293,1248,-256,8344,-82,56,52
24658,IMU,294,1204,-284,8448,-79,72,34
24675,IMU,295,1268,-172,8524,-74,55,42
24694,IMU,296,1388,-180,8392,-93,49,27
24714,IMU,297,1256,-208,8408,-90,62,50
24733,IMU,298,1272,-220,8412,-87,59,30
24752,IMU,299,1328,-248,8364,-80,68,46
24771,IMU,300,1352,-232,8456,-84,61,35
24790,IMU,301,1188,-192,8412,-110,68,52
24812,IMU,302,1364,-148,8380,-104,64,39
24828,IMU,303,1240,-172,8396,-79,54,37
24847,IMU,304,1248,-144,8448,-85,36,46
24866,IMU,305,1312,-220,8448,-98,55,53
24885,IMU,306,1340,-256,8336,-85,61,24
24904,IMU,307,1220,-216,8440,-88,67,49
24924,IMU,308,1140,-116,8400,-78,71,40
24943,IMU,309,1360,-172,8540,-92,68,51
24962,IMU,310,1312,-196,8404,-87,54,50
24981,IMU,311,1308,-244,8456,-86,55,56
25000,IMU,312,1304,-240,8444,-60,73,59
25021,IMU,313,1272,-172,8396,-78,65,30
25039,IMU,314,1244,-328,8412,-83,63,35
25057,IMU,315,1188,-200,8408,-104,55,34
25076,IMU,316,1304,-240,8352,-103,58,45
25096,IMU,317,1260,-104,8412,-92,61,45
25114,IMU,318,1316,-184,8404,-84,55,47
25134,IMU,319,1324,-160,8380,-76,50,43
25153,IMU,320,1244,-276,8428,-88,66,35
25172,IMU,321,1216,-212,8320,-84,64,25
25191,IMU,322,1376,-172,8396,-89,62,35
25210,IMU,323,1300,-128,8484,-90,59,38
25232,IMU,324,1320,-160,8388,-100,60,52
25251,IMU,325,1384,-144,8380,-98,59,43
25267,IMU,326,1356,-192,8412,-88,43,53
25286,IMU,327,1284,-144,8384,-88,60,56
25305,IMU,328,1360,-120,8380,-95,55,40
25324,IMU,329,1272,-184,8496,-75,62,34
25343,IMU,330,1224,-128,8416,-74,74,48
25363,IMU,331,1324,-212,8416,-74,59,42
25382,IMU,332,1292,-240,8408,-78,57,48
25401,IMU,333,1256,-148,8452,-89,64,46
25420,IMU,334,1232,-172,8380,-77,52,54
25439,IMU,335,1260,-196,8376,-95,47,36
25464,IMU,336,1304,-172,8376,-79,45,44
25477,IMU,337,1248,-220,8408,-98,62,44
25497,IMU,338,1240,-196,8328,-92,61,41
25516,IMU,339,1376,-248,8372,-96,69,43
25535,IMU,340,1384,-232,8392,-93,71,40
25554,IMU,341,1216,-288,8432,-83,55,41
25573,IMU,342,1224,-148,8452,-64,49,58
25592,IMU,343,1232,-316,8428,-90,65,37
25612,IMU,344,1184,-252,8332,-86,66,33
25631,IMU,345,1256,-168,8332,-83,63,31
25650,IMU,346,1264,-168,8368,-94,54,40
25673,IMU,347,1212,-244,8476,-76,57,48
25692,IMU,348,1280,-276,8392,-93,60,35
25707,IMU,349,1304,-260,8472,-88,65,37
25727,IMU,350,1256,-180,8356,-82,56,45
25746,IMU,351,1188,-188,8392,-76,47,47
25765,IMU,352,1332,-156,8400,-102,62,57
25784,IMU,353,1224,-204,8428,-75,56,35
25803,IMU,354,1320,-260,8388,-100,52,43
25822,IMU,355,1336,-148,8408,-74,48,41
25842,IMU,356,1176,-148,8460,-95,50,44
25861,IMU,357,1204,-212,8436,-90,56,55
25880,IMU,358,1248,-224,8424,-102,56,45
25900,IMU,359,1280,-188,8416,-85,59,39
25918,IMU,360,1332,-232,8380,-78,53,36
25937,IMU,361,1280,-176,8440,-106,60,46
25956,IMU,362,1256,-168,8400,-68,47,37
25976,IMU,363,1264,-160,8364,-100,59,53
25995,IMU,364,1280,-272,8400,-67,46,48
26014,IMU,365,1300,-224,8356,-81,53,33
26033,IMU,366,1336,-288,8360,-92,41,30
26052,IMU,367,1208,-200,8392,-98,54,41
26071,IMU,368,1316,-196,8316,-82,62,54
26091,IMU,369,1280,-20,8452,-74,49,50
26112,IMU,370,1348,-184,8412,-88,54,33
26129,IMU,371,1212,-224,8316,-73,60,45
26148,IMU,372,1244,-120,8448,-99,58,36
26167,IMU,373,1224,-240,8404,-74,59,42
26186,IMU,374,1236,-204,8388,-76,49,52
26206,IMU,375,1256,-112,8568,-86,50,40
26225,IMU,376,1268,-240,8384,-95,69,38
26244,IMU,377,1260,-144,8384,-84,53,40
26263,IMU,378,1276,-260,8416,-92,56,40
26282,IMU,379,1220,-120,8420,-103,53,56
26301,IMU,380,1216,-248,8428,-92,67,43
26321,IMU,381,1292,-188,8472,-88,49,31
26343,IMU,382,1284,-144,8412,-103,61,47
26359,IMU,383,1240,-260,8456,-98,51,53
26378,IMU,384,1260,-184,8356,-84,49,39
26397,IMU,385,1152,-148,8504,-85,72,46
26416,IMU,386,1256,-208,8408,-83,63,45
26435,IMU,387,1144,-100,8388,-95,55,57
26455,IMU,388,1236,-224,8288,-106,65,38
26473,IMU,389,1188,-264,8420,-77,48,35
26493,IMU,390,1232,-168,8352,-75,61,30
26511,IMU,391,1244,-156,8352,-95,62,31
26531,IMU,392,1348,-244,8400,-81,56,42
26551,IMU,393,1252,-160,8504,-81,77,50
26569,IMU,394,1232,-128,8344,-94,65,28
26588,IMU,395,1360,-140,8396,-101,62,41
26607,IMU,396,1276,-108,8372,-80,55,36
26626,IMU,397,1320,-144,8336,-108,70,47
26645,IMU,398,1268,-224,8464,-97,59,40
26665,IMU,399,1172,-200,8412,-92,60,47
26684,IMU,400,1212,-200,8380,-96,53,30
26703,IMU,401,1180,-224,8336,-85,66,51
26723,IMU,402,1300,-128,8428,-81,63,41
26741,IMU,403,1280,-244,8292,-95,56,47
26764,IMU,404,1204,-136,8500,-77,52,24
26779,IMU,405,1196,-200,8408,-70,55,56
26798,IMU,406,1312,-240,8380,-75,46,53
26817,IMU,407,1152,-240,8432,-75,56,37
26836,IMU,408,1272,-260,8428,-71,63,38
26855,IMU,409,1368,-208,8368,-75,74,57
26874,IMU,410,1216,-144,8380,-109,56,35
26894,IMU,411,1212,-148,8424,-99,50,36
26913,IMU,412,1216,-140,8332,-73,58,41
26931,IMU,413,1256,-156,8428,-78,53,29
26951,IMU,414,1296,-216,8352,-84,55,53
26970,IMU,415,1320,-212,8384,-95,60,50
23153,ECG,1024,1692,0,0,0,0,0
23158,ECG,1025,1681,0,0,0,0,0
23158,ECG,1026,1669,0,0,0,0,0
23163,ECG,1027,1658,0,0,0,0,0
23163,ECG,1028,1647,0,0,0,0,0
23163,ECG,1029,1636,0,0,0,0,0
23168,ECG,1030,1625,0,0,0,0,0
23168,ECG,1031,1615,0,0,0,0,0
23173,ECG,1032,1604,0,0,0,0,0
23173,ECG,1033,1593,0,0,0,0,0
23173,ECG,1034,1583,0,0,0,0,0
23178,ECG,1035,1572,0,0,0,0,0
23178,ECG,1036,1562,0,0,0,0,0
23183,ECG,1037,1551,0,0,0,0,0
23183,ECG,1038,1541,0,0,0,0,0
23183,ECG,1039,1531,0,0,0,0,0
23188,ECG,1040,1520,0,0,0,0,0
23188,ECG,1041,1510,0,0,0,0,0
23193,ECG,1042,1490,0,0,0,0,0
23193,ECG,1043,1480,0,0,0,0,0
23198,ECG,1044,1470,0,0,0,0,0
23198,ECG,1045,1460,0,0,0,0,0
23203,ECG,1046,1441,0,0,0,0,0
23203,ECG,1047,1431,0,0,0,0,0
23208,ECG,1048,1422,0,0,0,0,0
23208,ECG,1049,1412,0,0,0,0,0
23208,ECG,1050,1403,0,0,0,0,0
23213,ECG,1051,1393,0,0,0,0,0
23213,ECG,1052,1384,0,0,0,0,0
23218,ECG,1053,1375,0,0,0,0,0
23218,ECG,1054,1365,0,0,0,0,0
23218,ECG,1055,1356,0,0,0,0,0
23223,ECG,1056,1347,0,0,0,0,0
23223,ECG,1057,1338,0,0,0,0,0
23228,ECG,1058,1329,0,0,0,0,0
23228,ECG,1059,1320,0,0,0,0,0
23228,ECG,1060,1311,0,0,0,0,0
23233,ECG,1061,1302,0,0,0,0,0
23233,ECG,1062,1294,0,0,0,0,0
23238,ECG,1063,1276,0,0,0,0,0
23238,ECG,1064,1268,0,0,0,0,0
23243,ECG,1065,1259,0,0,0,0,0
23243,ECG,1066,1251,0,0,0,0,0
23244,ECG,1067,1242,0,0,0,0,0
23248,ECG,1068,1234,0,0,0,0,0
23248,ECG,1069,1225,0,0,0,0,0
23253,ECG,1070,1217,0,0,0,0,0
23253,ECG,1071,1209,0,0,0,0,0
23258,ECG,1072,1192,0,0,0,0,0
23258,ECG,1073,1184,0,0,0,0,0
24265,ECG,1074,0,0,0,0,0,0
24265,ECG,1075,-1,0,0,0,0,0
24265,ECG,1076,-6,0,0,0,0,0
24270,ECG,1077,2,0,0,0,0,0
24270,ECG,1078,6,0,0,0,0,0
24275,ECG,1079,38,0,0,0,0,0
24275,ECG,1080,-16,0,0,0,0,0
24280,ECG,1081,-26,0,0,0,0,0
24280,ECG,1082,151,0,0,0,0,0
24281,ECG,1083,-753,0,0,0,0,0
24285,ECG,1084,-2109,0,0,0,0,0
24285,ECG,1085,-1850,0,0,0,0,0
24290,ECG,1086,-36,0,0,0,0,0
24290,ECG,1087,3394,0,0,0,0,0
24295,ECG,1088,15156,0,0,0,0,0
24295,ECG,1089,21689,0,0,0,0,0
24300,ECG,1090,27397,0,0,0,0,0
24300,ECG,1091,31311,0,0,0,0,0
24300,ECG,1092,32011,0,0,0,0,0
24305,ECG,1093,31810,0,0,0,0,0
24305,ECG,1094,31610,0,0,0,0,0
24310,ECG,1095,31343,0,0,0,0,0
24310,ECG,1096,31109,0,0,0,0,0
24310,ECG,1097,31019,0,0,0,0,0
24315,ECG,1098,30731,0,0,0,0,0
24315,ECG,1099,30591,0,0,0,0,0
24320,ECG,1100,30395,0,0,0,0,0
24320,ECG,1101,30195,0,0,0,0,0
24320,ECG,1102,30019,0,0,0,0,0
24325,ECG,1103,29827,0,0,0,0,0
24325,ECG,1104,29638,0,0,0,0,0
24330,ECG,1105,29266,0,0,0,0,0
24330,ECG,1106,29082,0,0,0,0,0
24335,ECG,1107,28900,0,0,0,0,0
24335,ECG,1108,28718,0,0,0,0,0
24340,ECG,1109,28358,0,0,0,0,0
24340,ECG,1110,28180,0,0,0,0,0
24345,ECG,1111,28002,0,0,0,0,0
24345,ECG,1112,27826,0,0,0,0,0
24345,ECG,1113,27651,0,0,0,0,0
24350,ECG,1114,27478,0,0,0,0,0
24350,ECG,1115,27305,0,0,0,0,0
24355,ECG,1116,27133,0,0,0,0,0
24355,ECG,1117,26963,0,0,0,0,0
24355,ECG,1118,26793,0,0,0,0,0
24360,ECG,1119,26625,0,0,0,0,0
24360,ECG,1120,26457,0,0,0,0,0
24365,ECG,1121,26291,0,0,0,0,0
24365,ECG,1122,26126,0,0,0,0,0
24365,ECG,1123,25961,0,0,0,0,0
24370,ECG,1124,25798,0,0,0,0,0
24370,ECG,1125,25636,0,0,0,0,0
24375,ECG,1126,25314,0,0,0,0,0
24375,ECG,1127,25155,0,0,0,0,0
24380,ECG,1128,24997,0,0,0,0,0
24380,ECG,1129,24840,0,0,0,0,0
24381,ECG,1130,24683,0,0,0,0,0
24385,ECG,1131,24528,0,0,0,0,0
24385,ECG,1132,24374,0,0,0,0,0
24390,ECG,1133,24221,0,0,0,0,0
24390,ECG,1134,24068,0,0,0,0,0
24395,ECG,1135,23766,0,0,0,0,0
24395,ECG,1136,23617,0,0,0,0,0
24400,ECG,1137,23468,0,0,0,0,0
24400,ECG,1138,23321,0,0,0,0,0
24400,ECG,1139,23174,0,0,0,0,0
24405,ECG,1140,23028,0,0,0,0,0
24405,ECG,1141,22883,0,0,0,0,0
24410,ECG,1142,22739,0,0,0,0,0
24410,ECG,1143,22596,0,0,0,0,0
24410,ECG,1144,22454,0,0,0,0,0
24415,ECG,1145,22313,0,0,0,0,0
24415,ECG,1146,22172,0,0,0,0,0
24420,ECG,1147,22033,0,0,0,0,0
24420,ECG,1148,21894,0,0,0,0,0
24420,ECG,1149,21756,0,0,0,0,0
24425,ECG,1150,21619,0,0,0,0,0
24425,ECG,1151,21483,0,0,0,0,0
24430,ECG,1152,21214,0,0,0,0,0
24430,ECG,1153,21080,0,0,0,0,0
24435,ECG,1154,20948,0,0,0,0,0
24435,ECG,1155,20816,0,0,0,0,0
24440,ECG,1156,20555,0,0,0,0,0
24440,ECG,1157,20425,0,0,0,0,0
24445,ECG,1158,20297,0,0,0,0,0
24445,ECG,1159,20169,0,0,0,0,0
24445,ECG,1160,20042,0,0,0,0,0
24450,ECG,1161,19916,0,0,0,0,0
24450,ECG,1162,19790,0,0,0,0,0
24455,ECG,1163,19666,0,0,0,0,0
24455,ECG,1164,19542,0,0,0,0,0
24455,ECG,1165,19419,0,0,0,0,0
24460,ECG,1166,19297,0,0,0,0,0
24460,ECG,1167,19175,0,0,0,0,0
24465,ECG,1168,19055,0,0,0,0,0
24465,ECG,1169,18935,0,0,0,0,0
24465,ECG,1170,18815,0,0,0,0,0
24470,ECG,1171,18697,0,0,0,0,0
24470,ECG,1172,18579,0,0,0,0,0
24475,ECG,1173,18346,0,0,0,0,0
24475,ECG,1174,18230,0,0,0,0,0
24480,ECG,1175,18116,0,0,0,0,0
24480,ECG,1176,18002,0,0,0,0,0
24481,ECG,1177,17888,0,0,0,0,0
24485,ECG,1178,17775,0,0,0,0,0
24485,ECG,1179,17663,0,0,0,0,0
24490,ECG,1180,17552,0,0,0,0,0
24490,ECG,1181,17442,0,0,0,0,0
24495,ECG,1182,17222,0,0,0,0,0
24495,ECG,1183,17114,0,0,0,0,0
24500,ECG,1184,17006,0,0,0,0,0
24500,ECG,1185,16899,0,0,0,0,0
24500,ECG,1186,16792,0,0,0,0,0
24505,ECG,1187,16687,0,0,0,0,0
24505,ECG,1188,16581,0,0,0,0,0
24510,ECG,1189,16477,0,0,0,0,0
24510,ECG,1190,16373,0,0,0,0,0
24510,ECG,1191,16270,0,0,0,0,0
24515,ECG,1192,16167,0,0,0,0,0
24515,ECG,1193,16065,0,0,0,0,0
24520,ECG,1194,15964,0,0,0,0,0
24520,ECG,1195,15864,0,0,0,0,0
24520,ECG,1196,15764,0,0,0,0,0
24525,ECG,1197,15664,0,0,0,0,0
24525,ECG,1198,15566,0,0,0,0,0
24530,ECG,1199,15370,0,0,0,0,0
24530,ECG,1200,15273,0,0,0,0,0
24535,ECG,1201,15177,0,0,0,0,0
24535,ECG,1202,15081,0,0,0,0,0
24540,ECG,1203,14891,0,0,0,0,0
24540,ECG,1204,14797,0,0,0,0,0
24545,ECG,1205,14704,0,0,0,0,0
24545,ECG,1206,14611,0,0,0,0,0
24545,ECG,1207,14519,0,0,0,0,0
24550,ECG,1208,14428,0,0,0,0,0
24550,ECG,1209,14337,0,0,0,0,0
24555,ECG,1210,14246,0,0,0,0,0
24555,ECG,1211,14156,0,0,0,0,0
24555,ECG,1212,14067,0,0,0,0,0
24560,ECG,1213,13978,0,0,0,0,0
24560,ECG,1214,13890,0,0,0,0,0
24565,ECG,1215,13802,0,0,0,0,0
24565,ECG,1216,13715,0,0,0,0,0
24565,ECG,1217,13629,0,0,0,0,0
24570,ECG,1218,13543,0,0,0,0,0
24570,ECG,1219,13457,0,0,0,0,0
24575,ECG,1220,13372,0,0,0,0,0
24575,ECG,1221,13288,0,0,0,0,0
24575,ECG,1222,13204,0,0,0,0,0
24580,ECG,1223,13121,0,0,0,0,0
24580,ECG,1224,13038,0,0,0,0,0
24585,ECG,1225,12874,0,0,0,0,0
24585,ECG,1226,12793,0,0,0,0,0
24590,ECG,1227,12712,0,0,0,0,0
24590,ECG,1228,12632,0,0,0,0,0
24595,ECG,1229,12473,0,0,0,0,0
24595,ECG,1230,12394,0,0,0,0,0
24600,ECG,1231,12316,0,0,0,0,0
24600,ECG,1232,12238,0,0,0,0,0
24600,ECG,1233,12161,0,0,0,0,0
24605,ECG,1234,12084,0,0,0,0,0
24605,ECG,1235,12008,0,0,0,0,0
24610,ECG,1236,11932,0,0,0,0,0
24610,ECG,1237,11857,0,0,0,0,0
24610,ECG,1238,11782,0,0,0,0,0
24615,ECG,1239,11707,0,0,0,0,0
24615,ECG,1240,11633,0,0,0,0,0
24620,ECG,1241,11560,0,0,0,0,0
24620,ECG,1242,11487,0,0,0,0,0
24620,ECG,1243,11414,0,0,0,0,0
24625,ECG,1244,11342,0,0,0,0,0
24625,ECG,1245,11271,0,0,0,0,0
24630,ECG,1246,11129,0,0,0,0,0
24630,ECG,1247,11058,0,0,0,0,0
24635,ECG,1248,10988,0,0,0,0,0
24635,ECG,1249,10919,0,0,0,0,0
24640,ECG,1250,10781,0,0,0,0,0
24640,ECG,1251,10713,0,0,0,0,0
24645,ECG,1252,10645,0,0,0,0,0
24645,ECG,1253,10578,0,0,0,0,0
24645,ECG,1254,10511,0,0,0,0,0
24650,ECG,1255,10445,0,0,0,0,0
24650,ECG,1256,10379,0,0,0,0,0
24655,ECG,1257,10313,0,0,0,0,0
24655,ECG,1258,10248,0,0,0,0,0
24655,ECG,1259,10183,0,0,0,0,0
24660,ECG,1260,10118,0,0,0,0,0
24660,ECG,1261,10054,0,0,0,0,0
24665,ECG,1262,9991,0,0,0,0,0
24665,ECG,1263,9928,0,0,0,0,0
24665,ECG,1264,9865,0,0,0,0,0
24670,ECG,1265,9802,0,0,0,0,0
24670,ECG,1266,9740,0,0,0,0,0
24675,ECG,1267,9679,0,0,0,0,0
24675,ECG,1268,9617,0,0,0,0,0
24675,ECG,1269,9557,0,0,0,0,0
24680,ECG,1270,9496,0,0,0,0,0
24680,ECG,1271,9436,0,0,0,0,0
24685,ECG,1272,9317,0,0,0,0,0
24685,ECG,1273,9258,0,0,0,0,0
24690,ECG,1274,9200,0,0,0,0,0
24690,ECG,1275,9141,0,0,0,0,0
24695,ECG,1276,9026,0,0,0,0,0
24695,ECG,1277,8969,0,0,0,0,0
24700,ECG,1278,8912,0,0,0,0,0
24700,ECG,1279,8855,0,0,0,0,0
24700,ECG,1280,8799,0,0,0,0,0
24705,ECG,1281,8744,0,0,0,0,0
24705,ECG,1282,8688,0,0,0,0,0
24710,ECG,1283,8633,0,0,0,0,0
24710,ECG,1284,8578,0,0,0,0,0
24710,ECG,1285,8524,0,0,0,0,0
24715,ECG,1286,8470,0,0,0,0,0
24715,ECG,1287,8416,0,0,0,0,0
24720,ECG,1288,8363,0,0,0,0,0
24720,ECG,1289,8310,0,0,0,0,0
24720,ECG,1290,8257,0,0,0,0,0
24725,ECG,1291,8205,0,0,0,0,0
24725,ECG,1292,8153,0,0,0,0,0
24730,ECG,1293,8050,0,0,0,0,0
24730,ECG,1294,7999,0,0,0,0,0
24735,ECG,1295,7948,0,0,0,0,0
24735,ECG,1296,7898,0,0,0,0,0
24736,ECG,1297,7848,0,0,0,0,0
24740,ECG,1298,7798,0,0,0,0,0
24740,ECG,1299,7749,0,0,0,0,0
24745,ECG,1300,7699,0,0,0,0,0
24745,ECG,1301,7651,0,0,0,0,0
24745,ECG,1302,7602,0,0,0,0,0
24750,ECG,1303,7554,0,0,0,0,0
24750,ECG,1304,7506,0,0,0,0,0
24755,ECG,1305,7458,0,0,0,0,0
24755,ECG,1306,7411,0,0,0,0,0
24755,ECG,1307,7364,0,0,0,0,0
24760,ECG,1308,7317,0,0,0,0,0
24760,ECG,1309,7271,0,0,0,0,0
24765,ECG,1310,7224,0,0,0,0,0
24765,ECG,1311,7178,0,0,0,0,0
24765,ECG,1312,7133,0,0,0,0,0
24770,ECG,1313,7088,0,0,0,0,0
24770,ECG,1314,7043,0,0,0,0,0
24775,ECG,1315,6953,0,0,0,0,0
24775,ECG,1316,6909,0,0,0,0,0
24780,ECG,1317,6865,0,0,0,0,0
24780,ECG,1318,6821,0,0,0,0,0
24781,ECG,1319,6778,0,0,0,0,0
24785,ECG,1320,6735,0,0,0,0,0
24785,ECG,1321,6692,0,0,0,0,0
24790,ECG,1322,6650,0,0,0,0,0
24790,ECG,1323,6608,0,0,0,0,0
24795,ECG,1324,6524,0,0,0,0,0
24795,ECG,1325,6482,0,0,0,0,0
24800,ECG,1326,6441,0,0,0,0,0
24800,ECG,1327,6400,0,0,0,0,0
24800,ECG,1328,6359,0,0,0,0,0
24805,ECG,1329,6319,0,0,0,0,0
24805,ECG,1330,6279,0,0,0,0,0
24810,ECG,1331,6239,0,0,0,0,0
24810,ECG,1332,6199,0,0,0,0,0
24810,ECG,1333,6159,0,0,0,0,0
24815,ECG,1334,6120,0,0,0,0,0
24815,ECG,1335,6081,0,0,0,0,0
24820,ECG,1336,6042,0,0,0,0,0
24820,ECG,1337,6004,0,0,0,0,0
24820,ECG,1338,5966,0,0,0,0,0
24825,ECG,1339,5928,0,0,0,0,0
24825,ECG,1340,5890,0,0,0,0,0
24830,ECG,1341,5815,0,0,0,0,0
24830,ECG,1342,5778,0,0,0,0,0
24835,ECG,1343,5741,0,0,0,0,0
24835,ECG,1344,5705,0,0,0,0,0
24836,ECG,1345,5669,0,0,0,0,0
24840,ECG,1346,5632,0,0,0,0,0
24840,ECG,1347,5596,0,0,0,0,0
24845,ECG,1348,5561,0,0,0,0,0
24845,ECG,1349,5525,0,0,0,0,0
24845,ECG,1350,5490,0,0,0,0,0
24850,ECG,1351,5455,0,0,0,0,0
24850,ECG,1352,5420,0,0,0,0,0
24855,ECG,1353,5386,0,0,0,0,0
24855,ECG,1354,5351,0,0,0,0,0
24855,ECG,1355,5317,0,0,0,0,0
24860,ECG,1356,5283,0,0,0,0,0
24860,ECG,1357,5249,0,0,0,0,0
24865,ECG,1358,5216,0,0,0,0,0
24865,ECG,1359,5183,0,0,0,0,0
24865,ECG,1360,5150,0,0,0,0,0
24870,ECG,1361,5117,0,0,0,0,0
24870,ECG,1362,5084,0,0,0,0,0
24875,ECG,1363,5051,0,0,0,0,0
24875,ECG,1364,5019,0,0,0,0,0
24875,ECG,1365,4987,0,0,0,0,0
24880,ECG,1366,4955,0,0,0,0,0
24880,ECG,1367,4924,0,0,0,0,0
24885,ECG,1368,4861,0,0,0,0,0
24885,ECG,1369,4830,0,0,0,0,0
24890,ECG,1370,4799,0,0,0,0,0
24890,ECG,1371,4768,0,0,0,0,0
24895,ECG,1372,4707,0,0,0,0,0
24895,ECG,1373,4677,0,0,0,0,0
24900,ECG,1374,4647,0,0,0,0,0
24900,ECG,1375,4618,0,0,0,0,0
24900,ECG,1376,4588,0,0,0,0,0
24905,ECG,1377,4559,0,0,0,0,0
24905,ECG,1378,4530,0,0,0,0,0
24910,ECG,1379,4501,0,0,0,0,0
24910,ECG,1380,4472,0,0,0,0,0
24910,ECG,1381,4443,0,0,0,0,0
24915,ECG,1382,4415,0,0,0,0,0
24915,ECG,1383,4386,0,0,0,0,0
24920,ECG,1384,4358,0,0,0,0,0
24920,ECG,1385,4330,0,0,0,0,0
24920,ECG,1386,4303,0,0,0,0,0
24925,ECG,1387,4275,0,0,0,0,0
24925,ECG,1388,4248,0,0,0,0,0
24930,ECG,1389,4193,0,0,0,0,0
24930,ECG,1390,4166,0,0,0,0,0
24935,ECG,1391,4140,0,0,0,0,0
24935,ECG,1392,4113,0,0,0,0,0
24936,ECG,1393,4087,0,0,0,0,0
24940,ECG,1394,4060,0,0,0,0,0
24940,ECG,1395,4034,0,0,0,0,0
24945,ECG,1396,4008,0,0,0,0,0
24945,ECG,1397,3983,0,0,0,0,0
24950,ECG,1398,3932,0,0,0,0,0
24950,ECG,1399,3906,0,0,0,0,0
24955,ECG,1400,3881,0,0,0,0,0
24955,ECG,1401,3856,0,0,0,0,0
24955,ECG,1402,3832,0,0,0,0,0
24960,ECG,1403,3807,0,0,0,0,0
24960,ECG,1404,3782,0,0,0,0,0
24965,ECG,1405,3758,0,0,0,0,0
24965,ECG,1406,3734,0,0,0,0,0
24965,ECG,1407,3710,0,0,0,0,0
24970,ECG,1408,3686,0,0,0,0,0
24970,ECG,1409,3662,0,0,0,0,0
24975,ECG,1410,3639,0,0,0,0,0
24975,ECG,1411,3615,0,0,0,0,0
24975,ECG,1412,3592,0,0,0,0,0
24980,ECG,1413,3569,0,0,0,0,0
24980,ECG,1414,3546,0,0,0,0,0
24985,ECG,1415,3500,0,0,0,0,0
24985,ECG,1416,3478,0,0,0,0,0
24990,ECG,1417,3455,0,0,0,0,0
24990,ECG,1418,3433,0,0,0,0,0
24995,ECG,1419,3389,0,0,0,0,0
24995,ECG,1420,3367,0,0,0,0,0
25000,ECG,1421,3345,0,0,0,0,0
25000,ECG,1422,3324,0,0,0,0,0
25000,ECG,1423,3302,0,0,0,0,0
25005,ECG,1424,3281,0,0,0,0,0
25005,ECG,1425,3260,0,0,0,0,0
25010,ECG,1426,3239,0,0,0,0,0
25010,ECG,1427,3218,0,0,0,0,0
25010,ECG,1428,3197,0,0,0,0,0
25015,ECG,1429,3176,0,0,0,0,0
25015,ECG,1430,3156,0,0,0,0,0
25020,ECG,1431,3135,0,0,0,0,0
25020,ECG,1432,3115,0,0,0,0,0
25020,ECG,1433,3095,0,0,0,0,0
25025,ECG,1434,3075,0,0,0,0,0
25025,ECG,1435,3055,0,0,0,0,0
25030,ECG,1436,3035,0,0,0,0,0
25030,ECG,1437,3015,0,0,0,0,0
25030,ECG,1438,2996,0,0,0,0,0
25035,ECG,1439,2976,0,0,0,0,0
25035,ECG,1440,2957,0,0,0,0,0
25036,ECG,1441,2938,0,0,0,0,0
25040,ECG,1442,2919,0,0,0,0,0
25040,ECG,1443,2900,0,0,0,0,0
25045,ECG,1444,2881,0,0,0,0,0
25045,ECG,1445,2862,0,0,0,0,0
25050,ECG,1446,2825,0,0,0,0,0
25050,ECG,1447,2807,0,0,0,0,0
25055,ECG,1448,2789,0,0,0,0,0
25055,ECG,1449,2771,0,0,0,0,0
25055,ECG,1450,2753,0,0,0,0,0
25060,ECG,1451,2735,0,0,0,0,0
25060,ECG,1452,2717,0,0,0,0,0
25065,ECG,1453,2700,0,0,0,0,0
25065,ECG,1454,2682,0,0,0,0,0
25065,ECG,1455,2665,0,0,0,0,0
25070,ECG,1456,2647,0,0,0,0,0
25070,ECG,1457,2630,0,0,0,0,0
25075,ECG,1458,2613,0,0,0,0,0
25075,ECG,1459,2596,0,0,0,0,0
25075,ECG,1460,2579,0,0,0,0,0
25080,ECG,1461,2562,0,0,0,0,0
25080,ECG,1462,2546,0,0,0,0,0
25085,ECG,1463,2513,0,0,0,0,0
25085,ECG,1464,2496,0,0,0,0,0
25090,ECG,1465,2480,0,0,0,0,0
25090,ECG,1466,2464,0,0,0,0,0
25095,ECG,1467,2432,0,0,0,0,0
25095,ECG,1468,2416,0,0,0,0,0
25100,ECG,1469,2400,0,0,0,0,0
25100,ECG,1470,2385,0,0,0,0,0
25100,ECG,1471,2369,0,0,0,0,0
25105,ECG,1472,2354,0,0,0,0,0
25105,ECG,1473,2338,0,0,0,0,0
25110,ECG,1474,2323,0,0,0,0,0
25110,ECG,1475,2308,0,0,0,0,0
25110,ECG,1476,2293,0,0,0,0,0
25115,ECG,1477,2278,0,0,0,0,0
25115,ECG,1478,2263,0,0,0,0,0
25120,ECG,1479,2248,0,0,0,0,0
25120,ECG,1480,2233,0,0,0,0,0
25120,ECG,1481,2219,0,0,0,0,0
25125,ECG,1482,2204,0,0,0,0,0
25125,ECG,1483,2190,0,0,0,0,0
25130,ECG,1484,2161,0,0,0,0,0
25130,ECG,1485,2147,0,0,0,0,0
25135,ECG,1486,2133,0,0,0,0,0
25135,ECG,1487,2119,0,0,0,0,0
25140,ECG,1488,2091,0,0,0,0,0
25140,ECG,1489,2078,0,0,0,0,0
25145,ECG,1490,2064,0,0,0,0,0
25145,ECG,1491,2050,0,0,0,0,0
25150,ECG,1492,2023,0,0,0,0,0
25150,ECG,1493,2010,0,0,0,0,0
25155,ECG,1494,1997,0,0,0,0,0
25155,ECG,1495,1984,0,0,0,0,0
25155,ECG,1496,1971,0,0,0,0,0
25160,ECG,1497,1958,0,0,0,0,0
25160,ECG,1498,1945,0,0,0,0,0
25165,ECG,1499,1932,0,0,0,0,0
25165,ECG,1500,1919,0,0,0,0,0
25165,ECG,1501,1906,0,0,0,0,0
25170,ECG,1502,1894,0,0,0,0,0
25170,ECG,1503,1881,0,0,0,0,0
25175,ECG,1504,1869,0,0,0,0,0
25175,ECG,1505,1857,0,0,0,0,0
25175,ECG,1506,1844,0,0,0,0,0
25180,ECG,1507,1832,0,0,0,0,0
25180,ECG,1508,1820,0,0,0,0,0
25185,ECG,1509,1796,0,0,0,0,0
25185,ECG,1510,1784,0,0,0,0,0
25190,ECG,1511,1772,0,0,0,0,0
25190,ECG,1512,1761,0,0,0,0,0
25191,ECG,1513,1749,0,0,0,0,0
25195,ECG,1514,1737,0,0,0,0,0
25195,ECG,1515,1726,0,0,0,0,0
25200,ECG,1516,1714,0,0,0,0,0
25200,ECG,1517,1703,0,0,0,0,0
25205,ECG,1518,1681,0,0,0,0,0
25205,ECG,1519,1669,0,0,0,0,0
25210,ECG,1520,1658,0,0,0,0,0
25210,ECG,1521,1647,0,0,0,0,0
25210,ECG,1522,1636,0,0,0,0,0
25215,ECG,1523,1625,0,0,0,0,0
25215,ECG,1524,1615,0,0,0,0,0
25220,ECG,1525,1604,0,0,0,0,0
25220,ECG,1526,1593,0,0,0,0,0
25220,ECG,1527,1583,0,0,0,0,0
25225,ECG,1528,1572,0,0,0,0,0
25225,ECG,1529,1562,0,0,0,0,0
25230,ECG,1530,1551,0,0,0,0,0
25230,ECG,1531,1541,0,0,0,0,0
25230,ECG,1532,1531,0,0,0,0,0
25235,ECG,1533,1520,0,0,0,0,0
25235,ECG,1534,1510,0,0,0,0,0
25240,ECG,1535,1490,0,0,0,0,0
25240,ECG,1536,1480,0,0,0,0,0
25245,ECG,1537,1470,0,0,0,0,0
25245,ECG,1538,1460,0,0,0,0,0
25250,ECG,1539,1441,0,0,0,0,0
25250,ECG,1540,1431,0,0,0,0,0
25255,ECG,1541,1422,0,0,0,0,0
25255,ECG,1542,1412,0,0,0,0,0
25255,ECG,1543,1403,0,0,0,0,0
25260,ECG,1544,1393,0,0,0,0,0
25260,ECG,1545,1384,0,0,0,0,0
25265,ECG,1546,1375,0,0,0,0,0
25265,ECG,1547,1365,0,0,0,0,0
25265,ECG,1548,1356,0,0,0,0,0
25270,ECG,1549,1347,0,0,0,0,0
25270,ECG,1550,1338,0,0,0,0,0
25275,ECG,1551,1329,0,0,0,0,0
25275,ECG,1552,1320,0,0,0,0,0
25275,ECG,1553,1311,0,0,0,0,0
25280,ECG,1554,1302,0,0,0,0,0
25280,ECG,1555,1294,0,0,0,0,0
25285,ECG,1556,1276,0,0,0,0,0
25285,ECG,1557,1268,0,0,0,0,0
25290,ECG,1558,1259,0,0,0,0,0
25290,ECG,1559,1251,0,0,0,0,0
25291,ECG,1560,1242,0,0,0,0,0
25295,ECG,1561,1234,0,0,0,0,0
25295,ECG,1562,1225,0,0,0,0,0
25300,ECG,1563,1217,0,0,0,0,0
25300,ECG,1564,1209,0,0,0,0,0
25305,ECG,1565,1192,0,0,0,0,0
25305,ECG,1566,1184,0,0,0,0,0
25310,ECG,1567,1176,0,0,0,0,0
25310,ECG,1568,1168,0,0,0,0,0
25310,ECG,1569,1160,0,0,0,0,0
25315,ECG,1570,1152,0,0,0,0,0
25315,ECG,1571,1145,0,0,0,0,0
25320,ECG,1572,1137,0,0,0,0,0
25320,ECG,1573,1129,0,0,0,0,0
25320,ECG,1574,1121,0,0,0,0,0
26327,ECG,1575,0,0,0,0,0,0
26327,ECG,1576,-1,0,0,0,0,0
26327,ECG,1577,-6,0,0,0,0,0
26332,ECG,1578,2,0,0,0,0,0
26332,ECG,1579,6,0,0,0,0,0
26337,ECG,1580,38,0,0,0,0,0
26337,ECG,1581,-16,0,0,0,0,0
26342,ECG,1582,-26,0,0,0,0,0
26342,ECG,1583,151,0,0,0,0,0
26347,ECG,1584,-2109,0,0,0,0,0
26347,ECG,1585,-1850,0,0,0,0,0
26352,ECG,1586,-36,0,0,0,0,0
26352,ECG,1587,3394,0,0,0,0,0
26352,ECG,1588,8729,0,0,0,0,0
26357,ECG,1589,15156,0,0,0,0,0
26357,ECG,1590,21689,0,0,0,0,0
26363,ECG,1591,27397,0,0,0,0,0
26363,ECG,1592,31311,0,0,0,0,0
26363,ECG,1593,32011,0,0,0,0,0
26367,ECG,1594,31810,0,0,0,0,0
26367,ECG,1595,31610,0,0,0,0,0
26372,ECG,1596,31343,0,0,0,0,0
26372,ECG,1597,31109,0,0,0,0,0
26372,ECG,1598,31019,0,0,0,0,0
26377,ECG,1599,30731,0,0,0,0,0
26377,ECG,1600,30591,0,0,0,0,0
26382,ECG,1601,30195,0,0,0,0,0
26382,ECG,1602,30019,0,0,0,0,0
26387,ECG,1603,29827,0,0,0,0,0
26387,ECG,1604,29638,0,0,0,0,0
26388,ECG,1605,29451,0,0,0,0,0
26392,ECG,1606,29266,0,0,0,0,0
26392,ECG,1607,29082,0,0,0,0,0
26397,ECG,1608,28900,0,0,0,0,0
26397,ECG,1609,28718,0,0,0,0,0
26397,ECG,1610,28537,0,0,0,0,0
26402,ECG,1611,28358,0,0,0,0,0
26402,ECG,1612,28180,0,0,0,0,0
26407,ECG,1613,28002,0,0,0,0,0
26407,ECG,1614,27826,0,0,0,0,0
26407,ECG,1615,27651,0,0,0,0,0
26412,ECG,1616,27478,0,0,0,0,0
26412,ECG,1617,27305,0,0,0,0,0
26417,ECG,1618,27133,0,0,0,0,0
26417,ECG,1619,26963,0,0,0,0,0
26417,ECG,1620,26793,0,0,0,0,0
26422,ECG,1621,26625,0,0,0,0,0
26422,ECG,1622,26457,0,0,0,0,0
26427,ECG,1623,26291,0,0,0,0,0
26427,ECG,1624,26126,0,0,0,0,0
26427,ECG,1625,25961,0,0,0,0,0
26432,ECG,1626,25798,0,0,0,0,0
26432,ECG,1627,25636,0,0,0,0,0
26437,ECG,1628,25314,0,0,0,0,0
26437,ECG,1629,25155,0,0,0,0,0
26442,ECG,1630,24997,0,0,0,0,0
26442,ECG,1631,24840,0,0,0,0,0
26447,ECG,1632,24528,0,0,0,0,0
26447,ECG,1633,24374,0,0,0,0,0
26452,ECG,1634,24221,0,0,0,0,0
26452,ECG,1635,24068,0,0,0,0,0
26452,ECG,1636,23917,0,0,0,0,0
26457,ECG,1637,23766,0,0,0,0,0
26457,ECG,1638,23617,0,0,0,0,0
26462,ECG,1639,23468,0,0,0,0,0
26462,ECG,1640,23321,0,0,0,0,0
26462,ECG,1641,23174,0,0,0,0,0
26467,ECG,1642,23028,0,0,0,0,0
26467,ECG,1643,22883,0,0,0,0,0
26472,ECG,1644,22739,0,0,0,0,0
26472,ECG,1645,22596,0,0,0,0,0
26472,ECG,1646,22454,0,0,0,0,0
26477,ECG,1647,22313,0,0,0,0,0
26477,ECG,1648,22172,0,0,0,0,0
26482,ECG,1649,21894,0,0,0,0,0
26482,ECG,1650,21756,0,0,0,0,0
26487,ECG,1651,21619,0,0,0,0,0
26487,ECG,1652,21483,0,0,0,0,0
26488,ECG,1653,21348,0,0,0,0,0
26492,ECG,1654,21214,0,0,0,0,0
26492,ECG,1655,21080,0,0,0,0,0
26497,ECG,1656,20948,0,0,0,0,0
26497,ECG,1657,20816,0,0,0,0,0
26497,ECG,1658,20685,0,0,0,0,0
26502,ECG,1659,20555,0,0,0,0,0
26502,ECG,1660,20425,0,0,0,0,0
26507,ECG,1661,20297,0,0,0,0,0
26507,ECG,1662,20169,0,0,0,0,0
26507,ECG,1663,20042,0,0,0,0,0
26512,ECG,1664,19916,0,0,0,0,0
26512,ECG,1665,19790,0,0,0,0,0
26517,ECG,1666,19666,0,0,0,0,0
26517,ECG,1667,19542,0,0,0,0,0
26517,ECG,1668,19419,0,0,0,0,0
26522,ECG,1669,19297,0,0,0,0,0
26522,ECG,1670,19175,0,0,0,0,0
26527,ECG,1671,19055,0,0,0,0,0
26527,ECG,1672,18935,0,0,0,0,0
26527,ECG,1673,18815,0,0,0,0,0
26532,ECG,1674,18697,0,0,0,0,0
26532,ECG,1675,18579,0,0,0,0,0
26537,ECG,1676,18346,0,0,0,0,0
26537,ECG,1677,18230,0,0,0,0,0
26542,ECG,1678,18116,0,0,0,0,0
26542,ECG,1679,18002,0,0,0,0,0
26547,ECG,1680,17775,0,0,0,0,0
26547,ECG,1681,17663,0,0,0,0,0
26552,ECG,1682,17552,0,0,0,0,0
26552,ECG,1683,17442,0,0,0,0,0
26552,ECG,1684,17332,0,0,0,0,0
26557,ECG,1685,17222,0,0,0,0,0
26557,ECG,1686,17114,0,0,0,0,0
26562,ECG,1687,17006,0,0,0,0,0
26562,ECG,1688,16899,0,0,0,0,0
26562,ECG,1689,16792,0,0,0,0,0
26567,ECG,1690,16687,0,0,0,0,0
26567,ECG,1691,16581,0,0,0,0,0
26572,ECG,1692,16477,0,0,0,0,0
26572,ECG,1693,16373,0,0,0,0,0
26572,ECG,1694,16270,0,0,0,0,0
26577,ECG,1695,16167,0,0,0,0,0
26577,ECG,1696,16065,0,0,0,0,0
26582,ECG,1697,15864,0,0,0,0,0
26582,ECG,1698,15764,0,0,0,0,0
26587,ECG,1699,15664,0,0,0,0,0
26587,ECG,1700,15566,0,0,0,0,0
26592,ECG,1701,15370,0,0,0,0,0
26592,ECG,1702,15273,0,0,0,0,0
26597,ECG,1703,15177,0,0,0,0,0
26597,ECG,1704,15081,0,0,0,0,0
26597,ECG,1705,14986,0,0,0,0,0
26602,ECG,1706,14891,0,0,0,0,0
26602,ECG,1707,14797,0,0,0,0,0
26607,ECG,1708,14704,0,0,0,0,0
26607,ECG,1709,14611,0,0,0,0,0
26607,ECG,1710,14519,0,0,0,0,0
26612,ECG,1711,14428,0,0,0,0,0
26612,ECG,1712,14337,0,0,0,0,0
26617,ECG,1713,14246,0,0,0,0,0
26617,ECG,1714,14156,0,0,0,0,0
26617,ECG,1715,14067,0,0,0,0,0
26622,ECG,1716,13978,0,0,0,0,0
26622,ECG,1717,13890,0,0,0,0,0
26627,ECG,1718,13802,0,0,0,0,0
26627,ECG,1719,13715,0,0,0,0,0
26627,ECG,1720,13629,0,0,0,0,0
26632,ECG,1721,13543,0,0,0,0,0
26632,ECG,1722,13457,0,0,0,0,0
26637,ECG,1723,13288,0,0,0,0,0
26637,ECG,1724,13204,0,0,0,0,0
26642,ECG,1725,13121,0,0,0,0,0
26642,ECG,1726,13038,0,0,0,0,0
26647,ECG,1727,12874,0,0,0,0,0
26647,ECG,1728,12793,0,0,0,0,0
26652,ECG,1729,12712,0,0,0,0,0
26652,ECG,1730,12632,0,0,0,0,0
26652,ECG,1731,12552,0,0,0,0,0
26657,ECG,1732,12473,0,0,0,0,0
26657,ECG,1733,12394,0,0,0,0,0
26662,ECG,1734,12316,0,0,0,0,0
26662,ECG,1735,12238,0,0,0,0,0
26662,ECG,1736,12161,0,0,0,0,0
26667,ECG,1737,12084,0,0,0,0,0
26667,ECG,1738,12008,0,0,0,0,0
26672,ECG,1739,11932,0,0,0,0,0
26672,ECG,1740,11857,0,0,0,0,0
26672,ECG,1741,11782,0,0,0,0,0
26677,ECG,1742,11707,0,0,0,0,0
26677,ECG,1743,11633,0,0,0,0,0
26682,ECG,1744,11487,0,0,0,0,0
26682,ECG,1745,11414,0,0,0,0,0
26687,ECG,1746,11342,0,0,0,0,0
26687,ECG,1747,11271,0,0,0,0,0
26692,ECG,1748,11129,0,0,0,0,0
26692,ECG,1749,11058,0,0,0,0,0
26697,ECG,1750,10988,0,0,0,0,0
26697,ECG,1751,10919,0,0,0,0,0
26697,ECG,1752,10850,0,0,0,0,0
26702,ECG,1753,10781,0,0,0,0,0
26702,ECG,1754,10713,0,0,0,0,0
26707,ECG,1755,10645,0,0,0,0,0
26707,ECG,1756,10578,0,0,0,0,0
26707,ECG,1757,10511,0,0,0,0,0
26712,ECG,1758,10445,0,0,0,0,0
26712,ECG,1759,10379,0,0,0,0,0
26717,ECG,1760,10313,0,0,0,0,0
26717,ECG,1761,10248,0,0,0,0,0
26717,ECG,1762,10183,0,0,0,0,0
26722,ECG,1763,10118,0,0,0,0,0
26722,ECG,1764,10054,0,0,0,0,0
26727,ECG,1765,9928,0,0,0,0,0
26727,ECG,1766,9865,0,0,0,0,0
26732,ECG,1767,9802,0,0,0,0,0
26732,ECG,1768,9740,0,0,0,0,0
26737,ECG,1769,9617,0,0,0,0,0
26737,ECG,1770,9557,0,0,0,0,0
26742,ECG,1771,9496,0,0,0,0,0
26742,ECG,1772,9436,0,0,0,0,0
26747,ECG,1773,9317,0,0,0,0,0
26747,ECG,1774,9258,0,0,0,0,0
26752,ECG,1775,9200,0,0,0,0,0
26752,ECG,1776,9141,0,0,0,0,0
26752,ECG,1777,9083,0,0,0,0,0
26757,ECG,1778,9026,0,0,0,0,0
26757,ECG,1779,8969,0,0,0,0,0
26762,ECG,1780,8912,0,0,0,0,0
26762,ECG,1781,8855,0,0,0,0,0
26762,ECG,1782,8799,0,0,0,0,0
26767,ECG,1783,8744,0,0,0,0,0
26767,ECG,1784,8688,0,0,0,0,0
26772,ECG,1785,8633,0,0,0,0,0
26772,ECG,1786,8578,0,0,0,0,0
26772,ECG,1787,8524,0,0,0,0,0
26777,ECG,1788,8470,0,0,0,0,0
26777,ECG,1789,8416,0,0,0,0,0
26782,ECG,1790,8310,0,0,0,0,0
26782,ECG,1791,8257,0,0,0,0,0
26787,ECG,1792,8205,0,0,0,0,0
26787,ECG,1793,8153,0,0,0,0,0
26788,ECG,1794,8101,0,0,0,0,0
26792,ECG,1795,8050,0,0,0,0,0
26792,ECG,1796,7999,0,0,0,0,0
26797,ECG,1797,7948,0,0,0,0,0
26797,ECG,1798,7898,0,0,0,0,0
26797,ECG,1799,7848,0,0,0,0,0
26802,ECG,1800,7798,0,0,0,0,0
26802,ECG,1801,7749,0,0,0,0,0
26807,ECG,1802,7699,0,0,0,0,0
26807,ECG,1803,7651,0,0,0,0,0
26807,ECG,1804,7602,0,0,0,0,0
26812,ECG,1805,7554,0,0,0,0,0
26812,ECG,1806,7506,0,0,0,0,0
26817,ECG,1807,7458,0,0,0,0,0
26817,ECG,1808,7411,0,0,0,0,0
26817,ECG,1809,7364,0,0,0,0,0
26822,ECG,1810,7317,0,0,0,0,0
26822,ECG,1811,7271,0,0,0,0,0
26827,ECG,1812,7224,0,0,0,0,0
26827,ECG,1813,7178,0,0,0,0,0
26827,ECG,1814,7133,0,0,0,0,0
26832,ECG,1815,7088,0,0,0,0,0
26832,ECG,1816,7043,0,0,0,0,0
26837,ECG,1817,6953,0,0,0,0,0
26837,ECG,1818,6909,0,0,0,0,0
26842,ECG,1819,6865,0,0,0,0,0
26842,ECG,1820,6821,0,0,0,0,0
26847,ECG,1821,6735,0,0,0,0,0
26847,ECG,1822,6692,0,0,0,0,0
26852,ECG,1823,6650,0,0,0,0,0
26852,ECG,1824,6608,0,0,0,0,0
26852,ECG,1825,6566,0,0,0,0,0
26857,ECG,1826,6524,0,0,0,0,0
26857,ECG,1827,6482,0,0,0,0,0
26862,ECG,1828,6441,0,0,0,0,0
26862,ECG,1829,6400,0,0,0,0,0
26862,ECG,1830,6359,0,0,0,0,0
26867,ECG,1831,6319,0,0,0,0,0
26867,ECG,1832,6279,0,0,0,0,0
26872,ECG,1833,6239,0,0,0,0,0
26872,ECG,1834,6199,0,0,0,0,0
26872,ECG,1835,6159,0,0,0,0,0
26877,ECG,1836,6120,0,0,0,0,0
26877,ECG,1837,6081,0,0,0,0,0
26882,ECG,1838,6004,0,0,0,0,0
26882,ECG,1839,5966,0,0,0,0,0
26887,ECG,1840,5928,0,0,0,0,0
26887,ECG,1841,5890,0,0,0,0,0
26888,ECG,1842,5852,0,0,0,0,0
26892,ECG,1843,5815,0,0,0,0,0
26892,ECG,1844,5778,0,0,0,0,0
26897,ECG,1845,5741,0,0,0,0,0
26897,ECG,1846,5705,0,0,0,0,0
26902,ECG,1847,5632,0,0,0,0,0
26902,ECG,1848,5596,0,0,0,0,0
26907,ECG,1849,5561,0,0,0,0,0
26907,ECG,1850,5525,0,0,0,0,0
26907,ECG,1851,5490,0,0,0,0,0
26912,ECG,1852,5455,0,0,0,0,0
26912,ECG,1853,5420,0,0,0,0,0
26917,ECG,1854,5386,0,0,0,0,0
26917,ECG,1855,5351,0,0,0,0,0
26917,ECG,1856,5317,0,0,0,0,0
26922,ECG,1857,5283,0,0,0,0,0
26922,ECG,1858,5249,0,0,0,0,0
26927,ECG,1859,5216,0,0,0,0,0
26927,ECG,1860,5183,0,0,0,0,0
26927,ECG,1861,5150,0,0,0,0,0
26932,ECG,1862,5117,0,0,0,0,0
26932,ECG,1863,5084,0,0,0,0,0
26937,ECG,1864,5019,0,0,0,0,0
26937,ECG,1865,4987,0,0,0,0,0
26942,ECG,1866,4955,0,0,0,0,0
26942,ECG,1867,4924,0,0,0,0,0
26947,ECG,1868,4861,0,0,0,0,0
26947,ECG,1869,4830,0,0,0,0,0
26952,ECG,1870,4799,0,0,0,0,0
26952,ECG,1871,4768,0,0,0,0,0
26952,ECG,1872,4738,0,0,0,0,0
26957,ECG,1873,4707,0,0,0,0,0
26957,ECG,1874,4677,0,0,0,0,0
26962,ECG,1875,4647,0,0,0,0,0
26962,ECG,1876,4618,0,0,0,0,0
26962,ECG,1877,4588,0,0,0,0,0
26967,ECG,1878,4559,0,0,0,0,0
26967,ECG,1879,4530,0,0,0,0,0
26972,ECG,1880,4501,0,0,0,0,0
26972,ECG,1881,4472,0,0,0,0,0
26972,ECG,1882,4443,0,0,0,0,0
26977,ECG,1883,4415,0,0,0,0,0
26977,ECG,1884,4386,0,0,0,0,0
26982,ECG,1885,4358,0,0,0,0,0
26982,ECG,1886,4330,0,0,0,0,0
26982,ECG,1887,4303,0,0,0,0,0
26987,ECG,1888,4275,0,0,0,0,0
26987,ECG,1889,4248,0,0,0,0,0
26988,ECG,1890,4220,0,0,0,0,0
26992,ECG,1891,4193,0,0,0,0,0
26992,ECG,1892,4166,0,0,0,0,0
26997,ECG,1893,4140,0,0,0,0,0
26997,ECG,1894,4113,0,0,0,0,0
27002,ECG,1895,4060,0,0,0,0,0
27002,ECG,1896,4034,0,0,0,0,0
27007,ECG,1897,4008,0,0,0,0,0
27007,ECG,1898,3983,0,0,0,0,0
27007,ECG,1899,3957,0,0,0,0,0
27012,ECG,1900,3932,0,0,0,0,0
27012,ECG,1901,3906,0,0,0,0,0
27017,ECG,1902,3881,0,0,0,0,0
27017,ECG,1903,3856,0,0,0,0,0
27017,ECG,1904,3832,0,0,0,0,0
27022,ECG,1905,3807,0,0,0,0,0
27022,ECG,1906,3782,0,0,0,0,0
27027,ECG,1907,3758,0,0,0,0,0
27027,ECG,1908,3734,0,0,0,0,0
27027,ECG,1909,3710,0,0,0,0,0
27032,ECG,1910,3686,0,0,0,0,0
27032,ECG,1911,3662,0,0,0,0,0
27037,ECG,1912,3615,0,0,0,0,0
27037,ECG,1913,3592,0,0,0,0,0
27042,ECG,1914,3569,0,0,0,0,0
27042,ECG,1915,3546,0,0,0,0,0
27043,ECG,1916,3523,0,0,0,0,0
27047,ECG,1917,3500,0,0,0,0,0
27047,ECG,1918,3478,0,0,0,0,0
27052,ECG,1919,3455,0,0,0,0,0
27052,ECG,1920,3433,0,0,0,0,0
27052,ECG,1921,3411,0,0,0,0,0
27057,ECG,1922,3389,0,0,0,0,0
27057,ECG,1923,3367,0,0,0,0,0
27062,ECG,1924,3345,0,0,0,0,0
27062,ECG,1925,3324,0,0,0,0,0
27062,ECG,1926,3302,0,0,0,0,0
27067,ECG,1927,3281,0,0,0,0,0
27067,ECG,1928,3260,0,0,0,0,0
27072,ECG,1929,3239,0,0,0,0,0
27072,ECG,1930,3218,0,0,0,0,0
27072,ECG,1931,3197,0,0,0,0,0
27077,ECG,1932,3176,0,0,0,0,0
27077,ECG,1933,3156,0,0,0,0,0
27082,ECG,1934,3115,0,0,0,0,0
27082,ECG,1935,3095,0,0,0,0,0
27087,ECG,1936,3075,0,0,0,0,0
27087,ECG,1937,3055,0,0,0,0,0
27092,ECG,1938,3015,0,0,0,0,0
27092,ECG,1939,2996,0,0,0,0,0
27097,ECG,1940,2976,0,0,0,0,0
27097,ECG,1941,2957,0,0,0,0,0
27102,ECG,1942,2919,0,0,0,0,0
27102,ECG,1943,2900,0,0,0,0,0
27107,ECG,1944,2881,0,0,0,0,0
27107,ECG,1945,2862,0,0,0,0,0
27107,ECG,1946,2844,0,0,0,0,0
27112,ECG,1947,2825,0,0,0,0,0
27112,ECG,1948,2807,0,0,0,0,0
27117,ECG,1949,2789,0,0,0,0,0
27117,ECG,1950,2771,0,0,0,0,0
27117,ECG,1951,2753,0,0,0,0,0
27122,ECG,1952,2735,0,0,0,0,0
27122,ECG,1953,2717,0,0,0,0,0
27127,ECG,1954,2700,0,0,0,0,0
27127,ECG,1955,2682,0,0,0,0,0
27127,ECG,1956,2665,0,0,0,0,0
27132,ECG,1957,2647,0,0,0,0,0
27132,ECG,1958,2630,0,0,0,0,0
27137,ECG,1959,2596,0,0,0,0,0
27137,ECG,1960,2579,0,0,0,0,0
27142,ECG,1961,2562,0,0,0,0,0
27142,ECG,1962,2546,0,0,0,0,0
27147,ECG,1963,2513,0,0,0,0,0
27147,ECG,1964,2496,0,0,0,0,0
27152,ECG,1965,2480,0,0,0,0,0
27152,ECG,1966,2464,0,0,0,0,0
27152,ECG,1967,2448,0,0,0,0,0
27157,ECG,1968,2432,0,0,0,0,0
27157,ECG,1969,2416,0,0,0,0,0
27162,ECG,1970,2400,0,0,0,0,0
27162,ECG,1971,2385,0,0,0,0,0
27162,ECG,1972,2369,0,0,0,0,0
27167,ECG,1973,2354,0,0,0,0,0
27167,ECG,1974,2338,0,0,0,0,0
27172,ECG,1975,2323,0,0,0,0,0
27172,ECG,1976,2308,0,0,0,0,0
27172,ECG,1977,2293,0,0,0,0,0
27177,ECG,1978,2278,0,0,0,0,0
27177,ECG,1979,2263,0,0,0,0,0
27182,ECG,1980,2248,0,0,0,0,0
27182,ECG,1981,2233,0,0,0,0,0
27182,ECG,1982,2219,0,0,0,0,0
27187,ECG,1983,2204,0,0,0,0,0
27187,ECG,1984,2190,0,0,0,0,0
27192,ECG,1985,2161,0,0,0,0,0
27192,ECG,1986,2147,0,0,0,0,0
27197,ECG,1987,2133,0,0,0,0,0
27197,ECG,1988,2119,0,0,0,0,0
27202,ECG,1989,2091,0,0,0,0,0
27202,ECG,1990,2078,0,0,0,0,0
27207,ECG,1991,2064,0,0,0,0,0
27207,ECG,1992,2050,0,0,0,0,0
27207,ECG,1993,2037,0,0,0,0,0
27212,ECG,1994,2023,0,0,0,0,0
27212,ECG,1995,2010,0,0,0,0,0
27217,ECG,1996,1997,0,0,0,0,0
27217,ECG,1997,1984,0,0,0,0,0
27217,ECG,1998,1971,0,0,0,0,0
27222,ECG,1999,1958,0,0,0,0,0
27222,ECG,2000,1945,0,0,0,0,0
27227,ECG,2001,1932,0,0,0,0,0
27227,ECG,2002,1919,0,0,0,0,0
27227,ECG,2003,1906,0,0,0,0,0
27232,ECG,2004,1894,0,0,0,0,0
27232,ECG,2005,1881,0,0,0,0,0
27237,ECG,2006,1857,0,0,0,0,0
27237,ECG,2007,1844,0,0,0,0,0
27242,ECG,2008,1832,0,0,0,0,0
27242,ECG,2009,1820,0,0,0,0,0
27243,ECG,2010,1808,0,0,0,0,0
27247,ECG,2011,1796,0,0,0,0,0
27247,ECG,2012,1784,0,0,0,0,0
27252,ECG,2013,1772,0,0,0,0,0
27252,ECG,2014,1761,0,0,0,0,0
27252,ECG,2015,1749,0,0,0,0,0
27257,ECG,2016,1737,0,0,0,0,0
27257,ECG,2017,1726,0,0,0,0,0
27262,ECG,2018,1714,0,0,0,0,0
27262,ECG,2019,1703,0,0,0,0,0
27262,ECG,2020,1692,0,0,0,0,0
27267,ECG,2021,1681,0,0,0,0,0
27267,ECG,2022,1669,0,0,0,0,0
27272,ECG,2023,1658,0,0,0,0,0
27272,ECG,2024,1647,0,0,0,0,0
27272,ECG,2025,1636,0,0,0,0,0
27277,ECG,2026,1625,0,0,0,0,0
27277,ECG,2027,1615,0,0,0,0,0
27282,ECG,2028,1604,0,0,0,0,0
27282,ECG,2029,1593,0,0,0,0,0
27282,ECG,2030,1583,0,0,0,0,0
27287,ECG,2031,1572,0,0,0,0,0
27287,ECG,2032,1562,0,0,0,0,0
27292,ECG,2033,1541,0,0,0,0,0
27292,ECG,2034,1531,0,0,0,0,0
27297,ECG,2035,1520,0,0,0,0,0
27297,ECG,2036,1510,0,0,0,0,0
27302,ECG,2037,1490,0,0,0,0,0
27302,ECG,2038,1480,0,0,0,0,0
27307,ECG,2039,1470,0,0,0,0,0
27307,ECG,2040,1460,0,0,0,0,0
27307,ECG,2041,1451,0,0,0,0,0
27312,ECG,2042,1441,0,0,0,0,0
27312,ECG,2043,1431,0,0,0,0,0
27317,ECG,2044,1422,0,0,0,0,0
27317,ECG,2045,1412,0,0,0,0,0
27317,ECG,2046,1403,0,0,0,0,0
27322,ECG,2047,1393,0,0,0,0,0
26991,IMU,416,1328,-216,8396,-98,58,37
27008,IMU,417,1224,-144,8364,-88,58,46
27027,IMU,418,1300,-244,8320,-62,75,34
27047,IMU,419,1336,-168,8488,-92,69,46
27065,IMU,420,1232,-196,8376,-85,61,37
27084,IMU,421,1316,-184,8464,-74,43,35
27103,IMU,422,1180,-228,8372,-102,50,29
27123,IMU,423,1292,-204,8388,-83,58,45
27141,IMU,424,1240,-136,8412,-71,63,34
27161,IMU,425,1180,-196,8368,-75,62,41
27180,IMU,426,1292,-156,8388,-80,66,43
27211,IMU,427,1276,-196,8380,-79,52,39
27218,IMU,428,1352,-228,8444,-84,58,42
27237,IMU,429,1336,-192,8416,-68,52,40
27256,IMU,430,1280,-196,8308,-75,54,38
27278,IMU,431,1312,-152,8368,-83,48,31
27294,IMU,432,1248,-236,8352,-78,57,44
27313,IMU,433,1200,-212,8388,-78,45,53
27332,IMU,434,1228,-268,8368,-83,73,60
27351,IMU,435,1228,-152,8464,-85,58,46
27371,IMU,436,1236,-148,8492,-80,59,44
27390,IMU,437,1344,-184,8372,-77,74,34
27409,IMU,438,1288,-320,8428,-104,49,58
27429,IMU,439,1172,-132,8412,-94,56,37
27447,IMU,440,1308,-160,8316,-77,51,49
27466,IMU,441,1188,-156,8328,-85,57,40
27485,IMU,442,1320,-188,8500,-92,67,53
27504,IMU,443,1312,-128,8348,-96,60,46
27523,IMU,444,1256,-172,8456,-95,54,43
27543,IMU,445,1244,-104,8504,-82,64,33
27562,IMU,446,1264,-144,8360,-90,65,42
27581,IMU,447,1216,-220,8444,-93,65,57
27600,IMU,448,1348,-240,8404,-104,55,49
27619,IMU,449,1308,-248,8380,-94,55,36
27641,IMU,450,1400,-212,8404,-89,73,38
27658,IMU,451,1340,-124,8368,-96,49,41
27677,IMU,452,1224,-180,8444,-85,54,34
27696,IMU,453,1264,-264,8340,-91,65,43
27715,IMU,454,1192,-164,8408,-85,74,29
27734,IMU,455,1256,-160,8412,-74,53,42
27755,IMU,456,1240,-136,8356,-95,54,34
27773,IMU,457,1320,-188,8408,-73,48,35
27792,IMU,458,1280,-116,8412,-95,59,50
27811,IMU,459,1324,-172,8360,-79,52,49
27830,IMU,460,1236,-228,8280,-90,63,43
27850,IMU,461,1292,-212,8504,-89,65,40
27870,IMU,462,1300,-176,8400,-84,51,33
27887,IMU,463,1304,-204,8456,-61,52,49
27907,IMU,464,1252,-200,8384,-85,67,41
27926,IMU,465,1272,-168,8340,-79,73,48
27945,IMU,466,1324,-116,8416,-83,59,63
27964,IMU,467,1220,-156,8412,-99,42,34
27983,IMU,468,1284,-208,8400,-83,66,31
28002,IMU,469,1200,-232,8328,-69,65,34
28022,IMU,470,1416,-112,8436,-86,50,50
28041,IMU,471,1208,-160,8308,-101,65,26
28060,IMU,472,1244,-224,8392,-94,60,58
28082,IMU,473,1312,-268,8500,-109,54,33
28098,IMU,474,1244,-204,8368,-75,50,36
28117,IMU,475,1260,-216,8460,-97,55,40
28137,IMU,476,1224,-164,8320,-95,68,42
28156,IMU,477,1168,-16,8356,-76,58,55
28175,IMU,478,1300,-60,8444,-70,54,50
28194,IMU,479,1280,-152,8368,-95,54,49
28213,IMU,480,1232,-188,8364,-108,55,25
28232,IMU,481,1316,-164,8336,-92,47,42
28251,IMU,482,1332,-92,8452,-83,61,37
28271,IMU,483,1276,-208,8444,-83,55,38
28294,IMU,484,1216,-228,8312,-88,63,39
28310,IMU,485,1208,-212,8456,-101,64,36
28328,IMU,486,1384,-144,8340,-88,44,37
28347,IMU,487,1280,-204,8392,-90,77,32
28366,IMU,488,1240,-232,8432,-77,43,36
28386,IMU,489,1384,-188,8396,-85,46,58
28405,IMU,490,1356,-280,8344,-75,57,46
28424,IMU,491,1304,-184,8384,-77,61,51
28443,IMU,492,1296,-320,8384,-91,46,42
28462,IMU,493,1304,-248,8416,-73,62,46
28482,IMU,494,1296,-208,8392,-105,62,46
28501,IMU,495,1308,-240,8344,-111,80,54
28521,IMU,496,1252,-168,8400,-76,54,58
28538,IMU,497,1224,-152,8428,-90,56,35
28558,IMU,498,1248,-216,8380,-89,64,30
28577,IMU,499,1228,-164,8412,-66,59,26
28596,IMU,500,1184,-216,8424,-95,56,37
28615,IMU,501,1284,-248,8468,-98,50,46
28634,IMU,502,1352,-264,8372,-92,75,44
28653,IMU,503,1268,-184,8480,-95,65,25
28672,IMU,504,1120,-280,8448,-102,58,36
28692,IMU,505,1184,-252,8404,-100,62,50
28711,IMU,506,1276,-148,8424,-81,49,49
28733,IMU,507,1336,-208,8440,-86,44,43
28749,IMU,508,1352,-228,8356,-72,53,50
28768,IMU,509,1248,-204,8440,-75,55,43
28787,IMU,510,1196,-168,8388,-82,62,52
28806,IMU,511,1324,-208,8488,-113,58,42
28825,IMU,512,1200,-148,8360,-87,58,42
28844,IMU,513,1192,-204,8364,-83,68,45
28863,IMU,514,1232,-228,8392,-86,60,42
28882,IMU,515,1188,-164,8392,-70,76,55
28902,IMU,516,1292,-108,8356,-85,49,45
28921,IMU,517,1268,-132,8364,-71,48,35
28940,IMU,518,1304,-188,8276,-85,67,36
28960,IMU,519,1244,-104,8308,-102,84,47
28978,IMU,520,1296,-192,8356,-83,56,34
28997,IMU,521,1264,-188,8416,-72,56,42
29016,IMU,522,1308,-228,8376,-104,76,34
29035,IMU,523,1268,-216,8320,-104,54,37
29054,IMU,524,1168,-160,8432,-99,43,43
29073,IMU,525,1380,-272,8456,-88,57,36
29092,IMU,526,1292,-188,8440,-84,48,41
29112,IMU,527,1308,-200,8352,-88,54,40
29131,IMU,528,1228,-240,8408,-88,28,45
29150,IMU,529,1268,-176,8404,-94,34,55
29172,IMU,530,1312,-216,8404,-72,60,21
29188,IMU,531,1288,-204,8384,-86,57,28
29207,IMU,532,1320,-236,8496,-84,60,27
29226,IMU,533,1304,-232,8412,-85,55,46
29245,IMU,534,1192,-160,8368,-83,66,48
29264,IMU,535,1212,-236,8476,-94,59,51
29283,IMU,536,1248,-204,8368,-66,45,39
29302,IMU,537,1272,-160,8388,-80,54,33
29322,IMU,538,1292,-168,8448,-102,59,49
29342,IMU,539,1228,-212,8320,-91,61,21
29360,IMU,540,1272,-176,8316,-74,50,24
29380,IMU,541,1304,-120,8420,-94,65,38
29400,IMU,542,1232,-264,8340,-89,68,43
29417,IMU,543,1220,-104,8364,-76,53,45
29436,IMU,544,1300,-180,8340,-91,40,61
29455,IMU,545,1336,-164,8372,-82,78,28
29474,IMU,546,1272,-268,8380,-72,62,46
29493,IMU,547,1264,-112,8380,-107,66,57
29512,IMU,548,1164,-180,8420,-99,43,55
29531,IMU,549,1240,-164,8320,-88,56,27
29551,IMU,550,1260,-224,8436,-81,80,45
29570,IMU,551,1324,-284,8380,-88,72,24
29589,IMU,552,1296,-216,8320,-89,66,44
29610,IMU,553,1308,-100,8420,-86,64,25
29627,IMU,554,1312,-212,8460,-78,67,26
29646,IMU,555,1252,-180,8384,-76,72,44
29666,IMU,556,1220,-324,8448,-95,42,44
29685,IMU,557,1256,-200,8408,-74,60,55
29704,IMU,558,1260,-188,8420,-88,51,53
29723,IMU,559,1220,-272,8448,-88,58,40
29742,IMU,560,1264,-152,8396,-68,55,55
29761,IMU,561,1228,-220,8400,-83,62,35
29781,IMU,562,1260,-196,8456,-104,59,32
29800,IMU,563,1128,-228,8396,-87,60,50
29830,IMU,564,1268,-192,8416,-81,61,46
29838,IMU,565,1268,-156,8328,-62,50,31
29857,IMU,566,1216,-124,8476,-79,69,40
29876,IMU,567,1292,-256,8436,-89,65,31
29895,IMU,568,1252,-228,8348,-80,58,47
29915,IMU,569,1232,-160,8444,-77,59,48
29934,IMU,570,1340,-180,8356,-101,71,58
29953,IMU,571,1296,-232,8448,-92,56,66
29972,IMU,572,1252,-180,8444,-93,59,37
29991,IMU,573,1324,-128,8400,-82,73,48
30010,IMU,574,1276,-180,8364,-86,52,30
30030,IMU,575,1340,-88,8328,-85,54,40
30051,IMU,576,1288,-280,8392,-76,45,65
30068,IMU,577,1260,-148,8512,-79,68,37
30087,IMU,578,1340,-248,8412,-78,45,35
30106,IMU,579,1224,-188,8396,-86,61,50
30125,IMU,580,1276,-212,8380,-82,53,33
30145,IMU,581,1356,-132,8412,-85,54,36
30164,IMU,582,1300,-232,8384,-87,66,42
30183,IMU,583,1280,-268,8368,-83,62,24
30202,IMU,584,1312,-244,8328,-98,84,38
30221,IMU,585,1240,-184,8428,-80,68,50
30240,IMU,586,1252,-308,8376,-84,56,37
30262,IMU,587,1348,-172,8396,-78,59,41
30279,IMU,588,1340,-276,8320,-92,49,31
30298,IMU,589,1260,-260,8384,-87,70,55
30317,IMU,590,1248,-180,8432,-92,55,30
30336,IMU,591,1380,-160,8404,-94,59,36
30355,IMU,592,1328,-144,8372,-70,66,37
30375,IMU,593,1304,-220,8376,-74,59,49
30394,IMU,594,1268,-204,8444,-100,55,47
30413,IMU,595,1332,-64,8476,-87,55,28
30432,IMU,596,1224,-148,8444,-85,65,37
30451,IMU,597,1264,-180,8392,-92,54,52
30472,IMU,598,1272,-284,8328,-78,71,44
30494,IMU,599,1240,-252,8416,-102,62,30
30511,IMU,600,1216,-176,8416,-88,43,29
30528,IMU,601,1272,-108,8336,-80,48,48
30547,IMU,602,1192,-212,8452,-89,60,50
30566,IMU,603,1316,-172,8388,-68,67,41
30585,IMU,604,1276,-176,8392,-80,60,45
30604,IMU,605,1264,-220,8372,-78,53,46
30623,IMU,606,1320,-136,8460,-91,73,41
30642,IMU,607,1276,-100,8460,-75,63,48
30662,IMU,608,1216,-180,8400,-100,62,36
30681,IMU,609,1312,-280,8472,-82,47,47
30708,IMU,610,1288,-156,8420,-92,70,42
30720,IMU,611,1356,-208,8408,-99,49,47
30738,IMU,612,1216,-216,8452,-83,39,59
30757,IMU,613,1304,-188,8468,-101,42,40
30776,IMU,614,1308,-260,8392,-82,54,54
30795,IMU,615,1204,-188,8420,-87,47,42
30814,IMU,616,1208,-240,8452,-86,58,58
30833,IMU,617,1296,-188,8368,-77,51,52
30852,IMU,618,1308,-160,8396,-62,57,45
30872,IMU,619,1248,-244,8464,-95,71,48
30890,IMU,620,1240,-180,8396,-95,45,59
30913,IMU,621,1240,-192,8396,-91,48,20
30930,IMU,622,1136,-180,8472,-89,60,56
30948,IMU,623,1184,-164,8372,-88,59,37
27322,ECG,2048,1384,0,0,0,0,0
27327,ECG,2049,1375,0,0,0,0,0
27327,ECG,2050,1365,0,0,0,0,0
27327,ECG,2051,1356,0,0,0,0,0
27332,ECG,2052,1347,0,0,0,0,0
27332,ECG,2053,1338,0,0,0,0,0
27337,ECG,2054,1320,0,0,0,0,0
27337,ECG,2055,1311,0,0,0,0,0
27342,ECG,2056,1302,0,0,0,0,0
27342,ECG,2057,1294,0,0,0,0,0
27347,ECG,2058,1276,0,0,0,0,0
27347,ECG,2059,1268,0,0,0,0,0
27352,ECG,2060,1259,0,0,0,0,0
27352,ECG,2061,1251,0,0,0,0,0
27352,ECG,2062,1242,0,0,0,0,0
27357,ECG,2063,1234,0,0,0,0,0
27357,ECG,2064,1225,0,0,0,0,0
27362,ECG,2065,1217,0,0,0,0,0
27362,ECG,2066,1209,0,0,0,0,0
27362,ECG,2067,1201,0,0,0,0,0
27367,ECG,2068,1192,0,0,0,0,0
27367,ECG,2069,1184,0,0,0,0,0
27372,ECG,2070,1176,0,0,0,0,0
27372,ECG,2071,1168,0,0,0,0,0
27372,ECG,2072,1160,0,0,0,0,0
27377,ECG,2073,1152,0,0,0,0,0
27377,ECG,2074,1145,0,0,0,0,0
27382,ECG,2075,1137,0,0,0,0,0
27382,ECG,2076,1129,0,0,0,0,0
27382,ECG,2077,1121,0,0,0,0,0
27387,ECG,2078,1114,0,0,0,0,0
27387,ECG,2079,1106,0,0,0,0,0
28394,ECG,2080,0,0,0,0,0,0
28394,ECG,2081,-1,0,0,0,0,0
28394,ECG,2082,-6,0,0,0,0,0
28399,ECG,2083,2,0,0,0,0,0
28399,ECG,2084,6,0,0,0,0,0
28404,ECG,2085,38,0,0,0,0,0
28404,ECG,2086,-16,0,0,0,0,0
28409,ECG,2087,-26,0,0,0,0,0
28409,ECG,2088,151,0,0,0,0,0
28410,ECG,2089,-753,0,0,0,0,0
28414,ECG,2090,-2109,0,0,0,0,0
28414,ECG,2091,-1850,0,0,0,0,0
28419,ECG,2092,-36,0,0,0,0,0
28419,ECG,2093,3394,0,0,0,0,0
28419,ECG,2094,8729,0,0,0,0,0
28424,ECG,2095,15156,0,0,0,0,0
28424,ECG,2096,21689,0,0,0,0,0
28429,ECG,2097,27397,0,0,0,0,0
28429,ECG,2098,31311,0,0,0,0,0
28429,ECG,2099,32011,0,0,0,0,0
28434,ECG,2100,31810,0,0,0,0,0
28434,ECG,2101,31610,0,0,0,0,0
28439,ECG,2102,31343,0,0,0,0,0
28439,ECG,2103,31109,0,0,0,0,0
28439,ECG,2104,31019,0,0,0,0,0
28444,ECG,2105,30731,0,0,0,0,0
28444,ECG,2106,30591,0,0,0,0,0
28449,ECG,2107,30195,0,0,0,0,0
28449,ECG,2108,30019,0,0,0,0,0
28454,ECG,2109,29827,0,0,0,0,0
28454,ECG,2110,29638,0,0,0,0,0
28455,ECG,2111,29451,0,0,0,0,0
28459,ECG,2112,29266,0,0,0,0,0
28459,ECG,2113,29082,0,0,0,0,0
28464,ECG,2114,28900,0,0,0,0,0
28464,ECG,2115,28718,0,0,0,0,0
28469,ECG,2116,28358,0,0,0,0,0
28469,ECG,2117,28180,0,0,0,0,0
28474,ECG,2118,28002,0,0,0,0,0
28474,ECG,2119,27826,0,0,0,0,0
28474,ECG,2120,27651,0,0,0,0,0
28479,ECG,2121,27478,0,0,0,0,0
28479,ECG,2122,27305,0,0,0,0,0
28484,ECG,2123,27133,0,0,0,0,0
28484,ECG,2124,26963,0,0,0,0,0
28484,ECG,2125,26793,0,0,0,0,0
28489,ECG,2126,26625,0,0,0,0,0
28489,ECG,2127,26457,0,0,0,0,0
28494,ECG,2128,26291,0,0,0,0,0
28494,ECG,2129,26126,0,0,0,0,0
28494,ECG,2130,25961,0,0,0,0,0
28499,ECG,2131,25798,0,0,0,0,0
28499,ECG,2132,25636,0,0,0,0,0
28504,ECG,2133,25314,0,0,0,0,0
28504,ECG,2134,25155,0,0,0,0,0
28509,ECG,2135,24997,0,0,0,0,0
28509,ECG,2136,24840,0,0,0,0,0
28514,ECG,2137,24528,0,0,0,0,0
28514,ECG,2138,24374,0,0,0,0,0
28519,ECG,2139,24221,0,0,0,0,0
28519,ECG,2140,24068,0,0,0,0,0
28519,ECG,2141,23917,0,0,0,0,0
28524,ECG,2142,23766,0,0,0,0,0
28524,ECG,2143,23617,0,0,0,0,0
28529,ECG,2144,23468,0,0,0,0,0
28529,ECG,2145,23321,0,0,0,0,0
28529,ECG,2146,23174,0,0,0,0,0
28534,ECG,2147,23028,0,0,0,0,0
28534,ECG,2148,22883,0,0,0,0,0
28539,ECG,2149,22739,0,0,0,0,0
28539,ECG,2150,22596,0,0,0,0,0
28539,ECG,2151,22454,0,0,0,0,0
28544,ECG,2152,22313,0,0,0,0,0
28544,ECG,2153,22172,0,0,0,0,0
28549,ECG,2154,22033,0,0,0,0,0
28549,ECG,2155,21894,0,0,0,0,0
28549,ECG,2156,21756,0,0,0,0,0
28554,ECG,2157,21619,0,0,0,0,0
28554,ECG,2158,21483,0,0,0,0,0
28555,ECG,2159,21348,0,0,0,0,0
28559,ECG,2160,21214,0,0,0,0,0
28559,ECG,2161,21080,0,0,0,0,0
28564,ECG,2162,20948,0,0,0,0,0
28564,ECG,2163,20816,0,0,0,0,0
28569,ECG,2164,20555,0,0,0,0,0
28569,ECG,2165,20425,0,0,0,0,0
28574,ECG,2166,20297,0,0,0,0,0
28574,ECG,2167,20169,0,0,0,0,0
28574,ECG,2168,20042,0,0,0,0,0
28579,ECG,2169,19916,0,0,0,0,0
28579,ECG,2170,19790,0,0,0,0,0
28584,ECG,2171,19666,0,0,0,0,0
28584,ECG,2172,19542,0,0,0,0,0
28584,ECG,2173,19419,0,0,0,0,0
28589,ECG,2174,19297,0,0,0,0,0
28589,ECG,2175,19175,0,0,0,0,0
28594,ECG,2176,19055,0,0,0,0,0
28594,ECG,2177,18935,0,0,0,0,0
28594,ECG,2178,18815,0,0,0,0,0
28599,ECG,2179,18697,0,0,0,0,0
28599,ECG,2180,18579,0,0,0,0,0
28604,ECG,2181,18346,0,0,0,0,0
28604,ECG,2182,18230,0,0,0,0,0
28609,ECG,2183,18116,0,0,0,0,0
28609,ECG,2184,18002,0,0,0,0,0
28614,ECG,2185,17775,0,0,0,0,0
28614,ECG,2186,17663,0,0,0,0,0
28619,ECG,2187,17552,0,0,0,0,0
28619,ECG,2188,17442,0,0,0,0,0
28619,ECG,2189,17332,0,0,0,0,0
28624,ECG,2190,17222,0,0,0,0,0
28624,ECG,2191,17114,0,0,0,0,0
28629,ECG,2192,17006,0,0,0,0,0
28629,ECG,2193,16899,0,0,0,0,0
28629,ECG,2194,16792,0,0,0,0,0
28634,ECG,2195,16687,0,0,0,0,0
28634,ECG,2196,16581,0,0,0,0,0
28639,ECG,2197,16477,0,0,0,0,0
28639,ECG,2198,16373,0,0,0,0,0
28639,ECG,2199,16270,0,0,0,0,0
28644,ECG,2200,16167,0,0,0,0,0
28644,ECG,2201,16065,0,0,0,0,0
28649,ECG,2202,15864,0,0,0,0,0
28649,ECG,2203,15764,0,0,0,0,0
28654,ECG,2204,15664,0,0,0,0,0
28654,ECG,2205,15566,0,0,0,0,0
28655,ECG,2206,15467,0,0,0,0,0
28659,ECG,2207,15370,0,0,0,0,0
28659,ECG,2208,15273,0,0,0,0,0
28664,ECG,2209,15177,0,0,0,0,0
28664,ECG,2210,15081,0,0,0,0,0
28669,ECG,2211,14891,0,0,0,0,0
28669,ECG,2212,14797,0,0,0,0,0
28674,ECG,2213,14704,0,0,0,0,0
28674,ECG,2214,14611,0,0,0,0,0
28674,ECG,2215,14519,0,0,0,0,0
28679,ECG,2216,14428,0,0,0,0,0
28679,ECG,2217,14337,0,0,0,0,0
28684,ECG,2218,14246,0,0,0,0,0
28684,ECG,2219,14156,0,0,0,0,0
28684,ECG,2220,14067,0,0,0,0,0
28689,ECG,2221,13978,0,0,0,0,0
28689,ECG,2222,13890,0,0,0,0,0
28694,ECG,2223,13802,0,0,0,0,0
28694,ECG,2224,13715,0,0,0,0,0
28694,ECG,2225,13629,0,0,0,0,0
28699,ECG,2226,13543,0,0,0,0,0
28699,ECG,2227,13457,0,0,0,0,0
28704,ECG,2228,13288,0,0,0,0,0
28704,ECG,2229,13204,0,0,0,0,0
28709,ECG,2230,13121,0,0,0,0,0
28709,ECG,2231,13038,0,0,0,0,0
28714,ECG,2232,12874,0,0,0,0,0
28714,ECG,2233,12793,0,0,0,0,0
28719,ECG,2234,12712,0,0,0,0,0
28719,ECG,2235,12632,0,0,0,0,0
28719,ECG,2236,12552,0,0,0,0,0
28724,ECG,2237,12473,0,0,0,0,0
28724,ECG,2238,12394,0,0,0,0,0
28729,ECG,2239,12316,0,0,0,0,0
28729,ECG,2240,12238,0,0,0,0,0
28729,ECG,2241,12161,0,0,0,0,0
28734,ECG,2242,12084,0,0,0,0,0
28734,ECG,2243,12008,0,0,0,0,0
28739,ECG,2244,11932,0,0,0,0,0
28739,ECG,2245,11857,0,0,0,0,0
28739,ECG,2246,11782,0,0,0,0,0
28744,ECG,2247,11707,0,0,0,0,0
28744,ECG,2248,11633,0,0,0,0,0
28749,ECG,2249,11487,0,0,0,0,0
28749,ECG,2250,11414,0,0,0,0,0
28754,ECG,2251,11342,0,0,0,0,0
28754,ECG,2252,11271,0,0,0,0,0
28755,ECG,2253,11199,0,0,0,0,0
28759,ECG,2254,11129,0,0,0,0,0
28759,ECG,2255,11058,0,0,0,0,0
28764,ECG,2256,10988,0,0,0,0,0
28764,ECG,2257,10919,0,0,0,0,0
28769,ECG,2258,10781,0,0,0,0,0
28769,ECG,2259,10713,0,0,0,0,0
28774,ECG,2260,10645,0,0,0,0,0
28774,ECG,2261,10578,0,0,0,0,0
28774,ECG,2262,10511,0,0,0,0,0
28779,ECG,2263,10445,0,0,0,0,0
28779,ECG,2264,10379,0,0,0,0,0
28784,ECG,2265,10313,0,0,0,0,0
28784,ECG,2266,10248,0,0,0,0,0
28784,ECG,2267,10183,0,0,0,0,0
28789,ECG,2268,10118,0,0,0,0,0
28789,ECG,2269,10054,0,0,0,0,0
28794,ECG,2270,9991,0,0,0,0,0
28794,ECG,2271,9928,0,0,0,0,0
28794,ECG,2272,9865,0,0,0,0,0
28799,ECG,2273,9802,0,0,0,0,0
28799,ECG,2274,9740,0,0,0,0,0
28804,ECG,2275,9617,0,0,0,0,0
28804,ECG,2276,9557,0,0,0,0,0
28809,ECG,2277,9496,0,0,0,0,0
28809,ECG,2278,9436,0,0,0,0,0
28810,ECG,2279,9376,0,0,0,0,0
28814,ECG,2280,9317,0,0,0,0,0
28814,ECG,2281,9258,0,0,0,0,0
28819,ECG,2282,9200,0,0,0,0,0
28819,ECG,2283,9141,0,0,0,0,0
28819,ECG,2284,9083,0,0,0,0,0
28824,ECG,2285,9026,0,0,0,0,0
28824,ECG,2286,8969,0,0,0,0,0
28829,ECG,2287,8912,0,0,0,0,0
28829,ECG,2288,8855,0,0,0,0,0
28829,ECG,2289,8799,0,0,0,0,0
28834,ECG,2290,8744,0,0,0,0,0
28834,ECG,2291,8688,0,0,0,0,0
28839,ECG,2292,8633,0,0,0,0,0
28839,ECG,2293,8578,0,0,0,0,0
28839,ECG,2294,8524,0,0,0,0,0
28844,ECG,2295,8470,0,0,0,0,0
28844,ECG,2296,8416,0,0,0,0,0
28849,ECG,2297,8310,0,0,0,0,0
28849,ECG,2298,8257,0,0,0,0,0
28854,ECG,2299,8205,0,0,0,0,0
28854,ECG,2300,8153,0,0,0,0,0
28855,ECG,2301,8101,0,0,0,0,0
28859,ECG,2302,8050,0,0,0,0,0
28859,ECG,2303,7999,0,0,0,0,0
28864,ECG,2304,7948,0,0,0,0,0
28864,ECG,2305,7898,0,0,0,0,0
28869,ECG,2306,7798,0,0,0,0,0
28869,ECG,2307,7749,0,0,0,0,0
28874,ECG,2308,7699,0,0,0,0,0
28874,ECG,2309,7651,0,0,0,0,0
28874,ECG,2310,7602,0,0,0,0,0
28879,ECG,2311,7554,0,0,0,0,0
28879,ECG,2312,7506,0,0,0,0,0
28884,ECG,2313,7458,0,0,0,0,0
28884,ECG,2314,7411,0,0,0,0,0
28884,ECG,2315,7364,0,0,0,0,0
28889,ECG,2316,7317,0,0,0,0,0
28889,ECG,2317,7271,0,0,0,0,0
28894,ECG,2318,7224,0,0,0,0,0
28894,ECG,2319,7178,0,0,0,0,0
28894,ECG,2320,7133,0,0,0,0,0
28899,ECG,2321,7088,0,0,0,0,0
28899,ECG,2322,7043,0,0,0,0,0
28904,ECG,2323,6953,0,0,0,0,0
28904,ECG,2324,6909,0,0,0,0,0
28909,ECG,2325,6865,0,0,0,0,0
28909,ECG,2326,6821,0,0,0,0,0
28914,ECG,2327,6735,0,0,0,0,0
28914,ECG,2328,6692,0,0,0,0,0
28919,ECG,2329,6650,0,0,0,0,0
28919,ECG,2330,6608,0,0,0,0,0
28919,ECG,2331,6566,0,0,0,0,0
28924,ECG,2332,6524,0,0,0,0,0
28924,ECG,2333,6482,0,0,0,0,0
28929,ECG,2334,6441,0,0,0,0,0
28929,ECG,2335,6400,0,0,0,0,0
28929,ECG,2336,6359,0,0,0,0,0
28934,ECG,2337,6319,0,0,0,0,0
28934,ECG,2338,6279,0,0,0,0,0
28939,ECG,2339,6239,0,0,0,0,0
28939,ECG,2340,6199,0,0,0,0,0
28939,ECG,2341,6159,0,0,0,0,0
28944,ECG,2342,6120,0,0,0,0,0
28944,ECG,2343,6081,0,0,0,0,0
28949,ECG,2344,6042,0,0,0,0,0
28949,ECG,2345,6004,0,0,0,0,0
28949,ECG,2346,5966,0,0,0,0,0
28954,ECG,2347,5928,0,0,0,0,0
28954,ECG,2348,5890,0,0,0,0,0
28959,ECG,2349,5815,0,0,0,0,0
28959,ECG,2350,5778,0,0,0,0,0
28964,ECG,2351,5741,0,0,0,0,0
28964,ECG,2352,5705,0,0,0,0,0
28969,ECG,2353,5632,0,0,0,0,0
28969,ECG,2354,5596,0,0,0,0,0
28974,ECG,2355,5561,0,0,0,0,0
28974,ECG,2356,5525,0,0,0,0,0
28974,ECG,2357,5490,0,0,0,0,0
28979,ECG,2358,5455,0,0,0,0,0
28979,ECG,2359,5420,0,0,0,0,0
28984,ECG,2360,5386,0,0,0,0,0
28984,ECG,2361,5351,0,0,0,0,0
28984,ECG,2362,5317,0,0,0,0,0
28989,ECG,2363,5283,0,0,0,0,0
28989,ECG,2364,5249,0,0,0,0,0
28994,ECG,2365,5216,0,0,0,0,0
28994,ECG,2366,5183,0,0,0,0,0
28994,ECG,2367,5150,0,0,0,0,0
28999,ECG,2368,5117,0,0,0,0,0
28999,ECG,2369,5084,0,0,0,0,0
29004,ECG,2370,5019,0,0,0,0,0
29004,ECG,2371,4987,0,0,0,0,0
29009,ECG,2372,4955,0,0,0,0,0
29009,ECG,2373,4924,0,0,0,0,0
29010,ECG,2374,4892,0,0,0,0,0
29014,ECG,2375,4861,0,0,0,0,0
29014,ECG,2376,4830,0,0,0,0,0
29019,ECG,2377,4799,0,0,0,0,0
29019,ECG,2378,4768,0,0,0,0,0
29024,ECG,2379,4707,0,0,0,0,0
29024,ECG,2380,4677,0,0,0,0,0
29029,ECG,2381,4647,0,0,0,0,0
29029,ECG,2382,4618,0,0,0,0,0
29029,ECG,2383,4588,0,0,0,0,0
29034,ECG,2384,4559,0,0,0,0,0
29034,ECG,2385,4530,0,0,0,0,0
29039,ECG,2386,4501,0,0,0,0,0
29039,ECG,2387,4472,0,0,0,0,0
29039,ECG,2388,4443,0,0,0,0,0
29044,ECG,2389,4415,0,0,0,0,0
29044,ECG,2390,4386,0,0,0,0,0
29049,ECG,2391,4358,0,0,0,0,0
29049,ECG,2392,4330,0,0,0,0,0
29049,ECG,2393,4303,0,0,0,0,0
29054,ECG,2394,4275,0,0,0,0,0
29054,ECG,2395,4248,0,0,0,0,0
29059,ECG,2396,4193,0,0,0,0,0
29059,ECG,2397,4166,0,0,0,0,0
29064,ECG,2398,4140,0,0,0,0,0
29064,ECG,2399,4113,0,0,0,0,0
29069,ECG,2400,4060,0,0,0,0,0
29069,ECG,2401,4034,0,0,0,0,0
29074,ECG,2402,4008,0,0,0,0,0
29074,ECG,2403,3983,0,0,0,0,0
29074,ECG,2404,3957,0,0,0,0,0
29079,ECG,2405,3932,0,0,0,0,0
29079,ECG,2406,3906,0,0,0,0,0
29084,ECG,2407,3881,0,0,0,0,0
29084,ECG,2408,3856,0,0,0,0,0
29084,ECG,2409,3832,0,0,0,0,0
29089,ECG,2410,3807,0,0,0,0,0
29089,ECG,2411,3782,0,0,0,0,0
29094,ECG,2412,3758,0,0,0,0,0
29094,ECG,2413,3734,0,0,0,0,0
29094,ECG,2414,3710,0,0,0,0,0
29099,ECG,2415,3686,0,0,0,0,0
29099,ECG,2416,3662,0,0,0,0,0
29104,ECG,2417,3615,0,0,0,0,0
29104,ECG,2418,3592,0,0,0,0,0
29109,ECG,2419,3569,0,0,0,0,0
29109,ECG,2420,3546,0,0,0,0,0
29110,ECG,2421,3523,0,0,0,0,0
29114,ECG,2422,3500,0,0,0,0,0
29114,ECG,2423,3478,0,0,0,0,0
29119,ECG,2424,3455,0,0,0,0,0
29119,ECG,2425,3433,0,0,0,0,0
29124,ECG,2426,3389,0,0,0,0,0
29124,ECG,2427,3367,0,0,0,0,0
29129,ECG,2428,3345,0,0,0,0,0
29129,ECG,2429,3324,0,0,0,0,0
29129,ECG,2430,3302,0,0,0,0,0
29134,ECG,2431,3281,0,0,0,0,0
29134,ECG,2432,3260,0,0,0,0,0
29139,ECG,2433,3239,0,0,0,0,0
29139,ECG,2434,3218,0,0,0,0,0
29139,ECG,2435,3197,0,0,0,0,0
29144,ECG,2436,3176,0,0,0,0,0
29144,ECG,2437,3156,0,0,0,0,0
29149,ECG,2438,3135,0,0,0,0,0
29149,ECG,2439,3115,0,0,0,0,0
29149,ECG,2440,3095,0,0,0,0,0
29154,ECG,2441,3075,0,0,0,0,0
29154,ECG,2442,3055,0,0,0,0,0
29159,ECG,2443,3015,0,0,0,0,0
29159,ECG,2444,2996,0,0,0,0,0
29164,ECG,2445,2976,0,0,0,0,0
29164,ECG,2446,2957,0,0,0,0,0
29165,ECG,2447,2938,0,0,0,0,0
29169,ECG,2448,2919,0,0,0,0,0
29169,ECG,2449,2900,0,0,0,0,0
29174,ECG,2450,2881,0,0,0,0,0
29174,ECG,2451,2862,0,0,0,0,0
29179,ECG,2452,2825,0,0,0,0,0
29179,ECG,2453,2807,0,0,0,0,0
29184,ECG,2454,2789,0,0,0,0,0
29184,ECG,2455,2771,0,0,0,0,0
29184,ECG,2456,2753,0,0,0,0,0
29189,ECG,2457,2735,0,0,0,0,0
29189,ECG,2458,2717,0,0,0,0,0
29194,ECG,2459,2700,0,0,0,0,0
29194,ECG,2460,2682,0,0,0,0,0
29194,ECG,2461,2665,0,0,0,0,0
29199,ECG,2462,2647,0,0,0,0,0
29199,ECG,2463,2630,0,0,0,0,0
29204,ECG,2464,2613,0,0,0,0,0
29204,ECG,2465,2596,0,0,0,0,0
29204,ECG,2466,2579,0,0,0,0,0
29209,ECG,2467,2562,0,0,0,0,0
29209,ECG,2468,2546,0,0,0,0,0
29214,ECG,2469,2513,0,0,0,0,0
29214,ECG,2470,2496,0,0,0,0,0
29219,ECG,2471,2480,0,0,0,0,0
29219,ECG,2472,2464,0,0,0,0,0
29224,ECG,2473,2432,0,0,0,0,0
29224,ECG,2474,2416,0,0,0,0,0
29229,ECG,2475,2400,0,0,0,0,0
29229,ECG,2476,2385,0,0,0,0,0
29229,ECG,2477,2369,0,0,0,0,0
29234,ECG,2478,2354,0,0,0,0,0
29234,ECG,2479,2338,0,0,0,0,0
29239,ECG,2480,2323,0,0,0,0,0
29239,ECG,2481,2308,0,0,0,0,0
29239,ECG,2482,2293,0,0,0,0,0
29244,ECG,2483,2278,0,0,0,0,0
29244,ECG,2484,2263,0,0,0,0,0
29249,ECG,2485,2248,0,0,0,0,0
29249,ECG,2486,2233,0,0,0,0,0
29249,ECG,2487,2219,0,0,0,0,0
29254,ECG,2488,2204,0,0,0,0,0
29254,ECG,2489,2190,0,0,0,0,0
29259,ECG,2490,2161,0,0,0,0,0
29259,ECG,2491,2147,0,0,0,0,0
29264,ECG,2492,2133,0,0,0,0,0
29264,ECG,2493,2119,0,0,0,0,0
29265,ECG,2494,2105,0,0,0,0,0
29269,ECG,2495,2091,0,0,0,0,0
29269,ECG,2496,2078,0,0,0,0,0
29274,ECG,2497,2064,0,0,0,0,0
29274,ECG,2498,2050,0,0,0,0,0
29279,ECG,2499,2023,0,0,0,0,0
29279,ECG,2500,2010,0,0,0,0,0
29284,ECG,2501,1997,0,0,0,0,0
29284,ECG,2502,1984,0,0,0,0,0
29284,ECG,2503,1971,0,0,0,0,0
29289,ECG,2504,1958,0,0,0,0,0
29289,ECG,2505,1945,0,0,0,0,0
29294,ECG,2506,1932,0,0,0,0,0
29294,ECG,2507,1919,0,0,0,0,0
29294,ECG,2508,1906,0,0,0,0,0
29299,ECG,2509,1894,0,0,0,0,0
29299,ECG,2510,1881,0,0,0,0,0
29304,ECG,2511,1869,0,0,0,0,0
29304,ECG,2512,1857,0,0,0,0,0
29304,ECG,2513,1844,0,0,0,0,0
29309,ECG,2514,1832,0,0,0,0,0
29309,ECG,2515,1820,0,0,0,0,0
29314,ECG,2516,1796,0,0,0,0,0
29314,ECG,2517,1784,0,0,0,0,0
29319,ECG,2518,1772,0,0,0,0,0
29319,ECG,2519,1761,0,0,0,0,0
29324,ECG,2520,1737,0,0,0,0,0
29324,ECG,2521,1726,0,0,0,0,0
29329,ECG,2522,1714,0,0,0,0,0
29329,ECG,2523,1703,0,0,0,0,0
29329,ECG,2524,1692,0,0,0,0,0
29334,ECG,2525,1681,0,0,0,0,0
29334,ECG,2526,1669,0,0,0,0,0
29339,ECG,2527,1658,0,0,0,0,0
29339,ECG,2528,1647,0,0,0,0,0
29339,ECG,2529,1636,0,0,0,0,0
29344,ECG,2530,1625,0,0,0,0,0
29344,ECG,2531,1615,0,0,0,0,0
29349,ECG,2532,1604,0,0,0,0,0
29349,ECG,2533,1593,0,0,0,0,0
29349,ECG,2534,1583,0,0,0,0,0
29354,ECG,2535,1572,0,0,0,0,0
29354,ECG,2536,1562,0,0,0,0,0
29359,ECG,2537,1541,0,0,0,0,0
29359,ECG,2538,1531,0,0,0,0,0
29364,ECG,2539,1520,0,0,0,0,0
29364,ECG,2540,1510,0,0,0,0,0
29365,ECG,2541,1500,0,0,0,0,0
29369,ECG,2542,1490,0,0,0,0,0
29369,ECG,2543,1480,0,0,0,0,0
29374,ECG,2544,1470,0,0,0,0,0
29374,ECG,2545,1460,0,0,0,0,0
29379,ECG,2546,1441,0,0,0,0,0
29379,ECG,2547,1431,0,0,0,0,0
29384,ECG,2548,1422,0,0,0,0,0
29384,ECG,2549,1412,0,0,0,0,0
29384,ECG,2550,1403,0,0,0,0,0
29389,ECG,2551,1393,0,0,0,0,0
29389,ECG,2552,1384,0,0,0,0,0
29394,ECG,2553,1375,0,0,0,0,0
29394,ECG,2554,1365,0,0,0,0,0
29394,ECG,2555,1356,0,0,0,0,0
29399,ECG,2556,1347,0,0,0,0,0
29399,ECG,2557,1338,0,0,0,0,0
29404,ECG,2558,1329,0,0,0,0,0
29404,ECG,2559,1320,0,0,0,0,0
29404,ECG,2560,1311,0,0,0,0,0
29409,ECG,2561,1302,0,0,0,0,0
29409,ECG,2562,1294,0,0,0,0,0
29414,ECG,2563,1276,0,0,0,0,0
29414,ECG,2564,1268,0,0,0,0,0
29419,ECG,2565,1259,0,0,0,0,0
29419,ECG,2566,1251,0,0,0,0,0
29420,ECG,2567,1242,0,0,0,0,0
29424,ECG,2568,1234,0,0,0,0,0
29424,ECG,2569,1225,0,0,0,0,0
29429,ECG,2570,1217,0,0,0,0,0
29429,ECG,2571,1209,0,0,0,0,0
29429,ECG,2572,1201,0,0,0,0,0
29434,ECG,2573,1192,0,0,0,0,0
29434,ECG,2574,1184,0,0,0,0,0
29439,ECG,2575,1176,0,0,0,0,0
29439,ECG,2576,1168,0,0,0,0,0
29439,ECG,2577,1160,0,0,0,0,0
29444,ECG,2578,1152,0,0,0,0,0
29444,ECG,2579,1145,0,0,0,0,0
29449,ECG,2580,1137,0,0,0,0,0
29449,ECG,2581,1129,0,0,0,0,0
29449,ECG,2582,1121,0,0,0,0,0
29454,ECG,2583,1114,0,0,0,0,0
29454,ECG,2584,1106,0,0,0,0,0
30461,ECG,2585,0,0,0,0,0,0
30461,ECG,2586,-1,0,0,0,0,0
30461,ECG,2587,-6,0,0,0,0,0
30466,ECG,2588,2,0,0,0,0,0
30466,ECG,2589,6,0,0,0,0,0
30471,ECG,2590,38,0,0,0,0,0
30471,ECG,2591,-16,0,0,0,0,0
30476,ECG,2592,-26,0,0,0,0,0
30476,ECG,2593,151,0,0,0,0,0
30477,ECG,2594,-753,0,0,0,0,0
30481,ECG,2595,-2109,0,0,0,0,0
30481,ECG,2596,-1850,0,0,0,0,0
30486,ECG,2597,-36,0,0,0,0,0
30486,ECG,2598,3394,0,0,0,0,0
30486,ECG,2599,8729,0,0,0,0,0
30491,ECG,2600,15156,0,0,0,0,0
30491,ECG,2601,21689,0,0,0,0,0
30496,ECG,2602,27397,0,0,0,0,0
30496,ECG,2603,31312,0,0,0,0,0
30496,ECG,2604,32011,0,0,0,0,0
30501,ECG,2605,31810,0,0,0,0,0
30501,ECG,2606,31610,0,0,0,0,0
30506,ECG,2607,31340,0,0,0,0,0
30506,ECG,2608,31108,0,0,0,0,0
30506,ECG,2609,31019,0,0,0,0,0
30511,ECG,2610,30711,0,0,0,0,0
30511,ECG,2611,30630,0,0,0,0,0
30516,ECG,2612,30438,0,0,0,0,0
30516,ECG,2613,30241,0,0,0,0,0
30516,ECG,2614,29894,0,0,0,0,0
30521,ECG,2615,29553,0,0,0,0,0
30521,ECG,2616,29172,0,0,0,0,0
30526,ECG,2617,28603,0,0,0,0,0
30526,ECG,2618,28465,0,0,0,0,0
30531,ECG,2619,28426,0,0,0,0,0
30531,ECG,2620,28445,0,0,0,0,0
30536,ECG,2621,28416,0,0,0,0,0
30536,ECG,2622,28246,0,0,0,0,0
30541,ECG,2623,28057,0,0,0,0,0
30541,ECG,2624,27799,0,0,0,0,0
30541,ECG,2625,27638,0,0,0,0,0
30546,ECG,2626,27452,0,0,0,0,0
30546,ECG,2627,27279,0,0,0,0,0
30551,ECG,2628,27122,0,0,0,0,0
30551,ECG,2629,26962,0,0,0,0,0
30551,ECG,2630,26805,0,0,0,0,0
30556,ECG,2631,26648,0,0,0,0,0
30556,ECG,2632,26491,0,0,0,0,0
30561,ECG,2633,26318,0,0,0,0,0
30561,ECG,2634,26146,0,0,0,0,0
30561,ECG,2635,25984,0,0,0,0,0
30566,ECG,2636,25820,0,0,0,0,0
30566,ECG,2637,25657,0,0,0,0,0
30571,ECG,2638,25336,0,0,0,0,0
30571,ECG,2639,25177,0,0,0,0,0
30576,ECG,2640,25019,0,0,0,0,0
30576,ECG,2641,24861,0,0,0,0,0
30577,ECG,2642,24705,0,0,0,0,0
30581,ECG,2643,24550,0,0,0,0,0
30581,ECG,2644,24395,0,0,0,0,0
30586,ECG,2645,24242,0,0,0,0,0
30586,ECG,2646,24089,0,0,0,0,0
30591,ECG,2647,23787,0,0,0,0,0
30591,ECG,2648,23638,0,0,0,0,0
30596,ECG,2649,23489,0,0,0,0,0
30596,ECG,2650,23341,0,0,0,0,0
30596,ECG,2651,23194,0,0,0,0,0
30601,ECG,2652,23049,0,0,0,0,0
30601,ECG,2653,22904,0,0,0,0,0
30606,ECG,2654,22757,0,0,0,0,0
30606,ECG,2655,22619,0,0,0,0,0
30606,ECG,2656,22471,0,0,0,0,0
30611,ECG,2657,22329,0,0,0,0,0
30611,ECG,2658,22229,0,0,0,0,0
30616,ECG,2659,22086,0,0,0,0,0
30616,ECG,2660,21891,0,0,0,0,0
30616,ECG,2661,21713,0,0,0,0,0
30621,ECG,2662,21524,0,0,0,0,0
30621,ECG,2663,21334,0,0,0,0,0
30626,ECG,2664,21044,0,0,0,0,0
30626,ECG,2665,20943,0,0,0,0,0
30631,ECG,2666,20866,0,0,0,0,0
30631,ECG,2667,20787,0,0,0,0,0
30636,ECG,2668,20621,0,0,0,0,0
30636,ECG,2669,20476,0,0,0,0,0
30641,ECG,2670,20305,0,0,0,0,0
30641,ECG,2671,20178,0,0,0,0,0
30641,ECG,2672,20049,0,0,0,0,0
30646,ECG,2673,19917,0,0,0,0,0
30646,ECG,2674,19797,0,0,0,0,0
30651,ECG,2675,19675,0,0,0,0,0
30651,ECG,2676,19558,0,0,0,0,0
30651,ECG,2677,19439,0,0,0,0,0
30656,ECG,2678,19322,0,0,0,0,0
30656,ECG,2679,19203,0,0,0,0,0
30661,ECG,2680,19078,0,0,0,0,0
30661,ECG,2681,18956,0,0,0,0,0
30661,ECG,2682,18838,0,0,0,0,0
30666,ECG,2683,18719,0,0,0,0,0
30666,ECG,2684,18602,0,0,0,0,0
30671,ECG,2685,18368,0,0,0,0,0
30671,ECG,2686,18252,0,0,0,0,0
30676,ECG,2687,18137,0,0,0,0,0
30676,ECG,2688,18023,0,0,0,0,0
30677,ECG,2689,17909,0,0,0,0,0
30681,ECG,2690,17797,0,0,0,0,0
30681,ECG,2691,17684,0,0,0,0,0
30686,ECG,2692,17573,0,0,0,0,0
30686,ECG,2693,17463,0,0,0,0,0
30691,ECG,2694,17248,0,0,0,0,0
30691,ECG,2695,17147,0,0,0,0,0
30696,ECG,2696,17026,0,0,0,0,0
30696,ECG,2697,16906,0,0,0,0,0
30696,ECG,2698,16787,0,0,0,0,0
30701,ECG,2699,16665,0,0,0,0,0
30701,ECG,2700,16550,0,0,0,0,0
30706,ECG,2701,16443,0,0,0,0,0
30706,ECG,2702,16345,0,0,0,0,0
30706,ECG,2703,16255,0,0,0,0,0
30711,ECG,2704,16169,0,0,0,0,0
30711,ECG,2705,16077,0,0,0,0,0
30716,ECG,2706,15991,0,0,0,0,0
30716,ECG,2707,15897,0,0,0,0,0
30716,ECG,2708,15785,0,0,0,0,0
30721,ECG,2709,15683,0,0,0,0,0
30721,ECG,2710,15587,0,0,0,0,0
30726,ECG,2711,15390,0,0,0,0,0
30726,ECG,2712,15294,0,0,0,0,0
30731,ECG,2713,15194,0,0,0,0,0
30731,ECG,2714,15108,0,0,0,0,0
30736,ECG,2715,14909,0,0,0,0,0
30736,ECG,2716,14803,0,0,0,0,0
30741,ECG,2717,14697,0,0,0,0,0
30741,ECG,2718,14589,0,0,0,0,0
30741,ECG,2719,14486,0,0,0,0,0
30746,ECG,2720,14394,0,0,0,0,0
30746,ECG,2721,14310,0,0,0,0,0
30751,ECG,2722,14230,0,0,0,0,0
30751,ECG,2723,14165,0,0,0,0,0
30751,ECG,2724,14098,0,0,0,0,0
30756,ECG,2725,14007,0,0,0,0,0
30756,ECG,2726,13904,0,0,0,0,0
30761,ECG,2727,13788,0,0,0,0,0
30761,ECG,2728,13678,0,0,0,0,0
30761,ECG,2729,13580,0,0,0,0,0
30766,ECG,2730,13489,0,0,0,0,0
30766,ECG,2731,13411,0,0,0,0,0
30771,ECG,2732,13281,0,0,0,0,0
30771,ECG,2733,13213,0,0,0,0,0
30776,ECG,2734,13150,0,0,0,0,0
30776,ECG,2735,13076,0,0,0,0,0
30777,ECG,2736,12978,0,0,0,0,0
30781,ECG,2737,12892,0,0,0,0,0
30781,ECG,2738,12815,0,0,0,0,0
30786,ECG,2739,12732,0,0,0,0,0
30786,ECG,2740,12652,0,0,0,0,0
30791,ECG,2741,12492,0,0,0,0,0
30791,ECG,2742,12414,0,0,0,0,0
30796,ECG,2743,12335,0,0,0,0,0
30796,ECG,2744,12257,0,0,0,0,0
30796,ECG,2745,12179,0,0,0,0,0
30801,ECG,2746,12103,0,0,0,0,0
30801,ECG,2747,12026,0,0,0,0,0
30806,ECG,2748,11950,0,0,0,0,0
30806,ECG,2749,11876,0,0,0,0,0
30806,ECG,2750,11797,0,0,0,0,0
30811,ECG,2751,11730,0,0,0,0,0
30811,ECG,2752,11668,0,0,0,0,0
30816,ECG,2753,11581,0,0,0,0,0
30816,ECG,2754,11490,0,0,0,0,0
30816,ECG,2755,11403,0,0,0,0,0
30821,ECG,2756,11311,0,0,0,0,0
30821,ECG,2757,11225,0,0,0,0,0
30826,ECG,2758,11087,0,0,0,0,0
30826,ECG,2759,11028,0,0,0,0,0
30831,ECG,2760,10976,0,0,0,0,0
30831,ECG,2761,10957,0,0,0,0,0
30836,ECG,2762,10797,0,0,0,0,0
30836,ECG,2763,10678,0,0,0,0,0
30841,ECG,2764,10556,0,0,0,0,0
30841,ECG,2765,10443,0,0,0,0,0
30841,ECG,2766,10350,0,0,0,0,0
30846,ECG,2767,10286,0,0,0,0,0
30846,ECG,2768,10248,0,0,0,0,0
30851,ECG,2769,10235,0,0,0,0,0
30851,ECG,2770,10218,0,0,0,0,0
30851,ECG,2771,10192,0,0,0,0,0
30856,ECG,2772,10178,0,0,0,0,0
30856,ECG,2773,10107,0,0,0,0,0
30861,ECG,2774,10008,0,0,0,0,0
30861,ECG,2775,9949,0,0,0,0,0
30861,ECG,2776,9888,0,0,0,0,0
30866,ECG,2777,9823,0,0,0,0,0
30866,ECG,2778,9762,0,0,0,0,0
30871,ECG,2779,9650,0,0,0,0,0
30871,ECG,2780,9589,0,0,0,0,0
30876,ECG,2781,9511,0,0,0,0,0
30876,ECG,2782,9438,0,0,0,0,0
30877,ECG,2783,9362,0,0,0,0,0
30881,ECG,2784,9286,0,0,0,0,0
30881,ECG,2785,9219,0,0,0,0,0
30886,ECG,2786,9161,0,0,0,0,0
30886,ECG,2787,9113,0,0,0,0,0
30891,ECG,2788,9034,0,0,0,0,0
30891,ECG,2789,9000,0,0,0,0,0
30896,ECG,2790,8949,0,0,0,0,0
30896,ECG,2791,8875,0,0,0,0,0
30896,ECG,2792,8796,0,0,0,0,0
30901,ECG,2793,8726,0,0,0,0,0
30901,ECG,2794,8659,0,0,0,0,0
30906,ECG,2795,8600,0,0,0,0,0
30906,ECG,2796,8551,0,0,0,0,0
30906,ECG,2797,8508,0,0,0,0,0
30911,ECG,2798,8469,0,0,0,0,0
30911,ECG,2799,8435,0,0,0,0,0
30916,ECG,2800,8397,0,0,0,0,0
30916,ECG,2801,8342,0,0,0,0,0
30916,ECG,2802,8269,0,0,0,0,0
30921,ECG,2803,8203,0,0,0,0,0
30921,ECG,2804,8141,0,0,0,0,0
30926,ECG,2805,8033,0,0,0,0,0
30926,ECG,2806,7981,0,0,0,0,0
30931,ECG,2807,7955,0,0,0,0,0
30931,ECG,2808,7939,0,0,0,0,0
30936,ECG,2809,7797,0,0,0,0,0
30936,ECG,2810,7718,0,0,0,0,0
30941,ECG,2811,7618,0,0,0,0,0
30941,ECG,2812,7539,0,0,0,0,0
30941,ECG,2813,7484,0,0,0,0,0
30946,ECG,2814,7445,0,0,0,0,0
30946,ECG,2815,7430,0,0,0,0,0
30951,ECG,2816,7424,0,0,0,0,0
30951,ECG,2817,7407,0,0,0,0,0
30951,ECG,2818,7397,0,0,0,0,0
30956,ECG,2819,7374,0,0,0,0,0
30956,ECG,2820,7302,0,0,0,0,0
30961,ECG,2821,7243,0,0,0,0,0
30961,ECG,2822,7204,0,0,0,0,0
30961,ECG,2823,7156,0,0,0,0,0
30966,ECG,2824,7111,0,0,0,0,0
30966,ECG,2825,7064,0,0,0,0,0
30971,ECG,2826,6991,0,0,0,0,0
30971,ECG,2827,6937,0,0,0,0,0
30976,ECG,2828,6877,0,0,0,0,0
30976,ECG,2829,6819,0,0,0,0,0
30977,ECG,2830,6759,0,0,0,0,0
30981,ECG,2831,6702,0,0,0,0,0
30981,ECG,2832,6653,0,0,0,0,0
30986,ECG,2833,6619,0,0,0,0,0
30986,ECG,2834,6584,0,0,0,0,0
30991,ECG,2835,6577,0,0,0,0,0
30991,ECG,2836,6547,0,0,0,0,0
30996,ECG,2837,6455,0,0,0,0,0
30996,ECG,2838,6352,0,0,0,0,0
30996,ECG,2839,6242,0,0,0,0,0
31001,ECG,2840,6142,0,0,0,0,0
31001,ECG,2841,6071,0,0,0,0,0
31006,ECG,2842,6035,0,0,0,0,0
31006,ECG,2843,6033,0,0,0,0,0
31006,ECG,2844,6061,0,0,0,0,0
31011,ECG,2845,6082,0,0,0,0,0
31011,ECG,2846,6097,0,0,0,0,0
31016,ECG,2847,6116,0,0,0,0,0
31016,ECG,2848,6069,0,0,0,0,0
31016,ECG,2849,5990,0,0,0,0,0
31021,ECG,2850,5955,0,0,0,0,0
31021,ECG,2851,5921,0,0,0,0,0
31026,ECG,2852,5844,0,0,0,0,0
31026,ECG,2853,5806,0,0,0,0,0
31031,ECG,2854,5768,0,0,0,0,0
31031,ECG,2855,5732,0,0,0,0,0
31036,ECG,2856,5659,0,0,0,0,0
31036,ECG,2857,5623,0,0,0,0,0
31041,ECG,2858,5587,0,0,0,0,0
31041,ECG,2859,5552,0,0,0,0,0
31041,ECG,2860,5516,0,0,0,0,0
31046,ECG,2861,5481,0,0,0,0,0
31046,ECG,2862,5446,0,0,0,0,0
31051,ECG,2863,5411,0,0,0,0,0
31051,ECG,2864,5377,0,0,0,0,0
31051,ECG,2865,5342,0,0,0,0,0
31056,ECG,2866,5308,0,0,0,0,0
31056,ECG,2867,5274,0,0,0,0,0
31061,ECG,2868,5242,0,0,0,0,0
31061,ECG,2869,5205,0,0,0,0,0
31061,ECG,2870,5174,0,0,0,0,0
31066,ECG,2871,5146,0,0,0,0,0
31066,ECG,2872,5097,0,0,0,0,0
31071,ECG,2873,5099,0,0,0,0,0
31071,ECG,2874,5087,0,0,0,0,0
31071,ECG,2875,5025,0,0,0,0,0
31076,ECG,2876,4912,0,0,0,0,0
31076,ECG,2877,4811,0,0,0,0,0
31081,ECG,2878,4588,0,0,0,0,0
31081,ECG,2879,4540,0,0,0,0,0
31086,ECG,2880,4534,0,0,0,0,0
31086,ECG,2881,4577,0,0,0,0,0
31091,ECG,2882,4679,0,0,0,0,0
31091,ECG,2883,4734,0,0,0,0,0
31096,ECG,2884,4724,0,0,0,0,0
31096,ECG,2885,4666,0,0,0,0,0
31096,ECG,2886,4609,0,0,0,0,0
31101,ECG,2887,4596,0,0,0,0,0
31101,ECG,2888,4560,0,0,0,0,0
31106,ECG,2889,4531,0,0,0,0,0
31106,ECG,2890,4504,0,0,0,0,0
31106,ECG,2891,4473,0,0,0,0,0
31111,ECG,2892,4445,0,0,0,0,0
31111,ECG,2893,4417,0,0,0,0,0
31116,ECG,2894,4388,0,0,0,0,0
31116,ECG,2895,4360,0,0,0,0,0
31116,ECG,2896,4332,0,0,0,0,0
31121,ECG,2897,4305,0,0,0,0,0
31121,ECG,2898,4277,0,0,0,0,0
31126,ECG,2899,4222,0,0,0,0,0
31126,ECG,2900,4195,0,0,0,0,0
31131,ECG,2901,4168,0,0,0,0,0
31131,ECG,2902,4142,0,0,0,0,0
31136,ECG,2903,4089,0,0,0,0,0
31136,ECG,2904,4062,0,0,0,0,0
31141,ECG,2905,4036,0,0,0,0,0
31141,ECG,2906,4011,0,0,0,0,0
31141,ECG,2907,3984,0,0,0,0,0
31146,ECG,2908,3960,0,0,0,0,0
31146,ECG,2909,3933,0,0,0,0,0
31151,ECG,2910,3909,0,0,0,0,0
31151,ECG,2911,3895,0,0,0,0,0
31151,ECG,2912,3866,0,0,0,0,0
31156,ECG,2913,3825,0,0,0,0,0
31156,ECG,2914,3790,0,0,0,0,0
31161,ECG,2915,3751,0,0,0,0,0
31161,ECG,2916,3710,0,0,0,0,0
31161,ECG,2917,3685,0,0,0,0,0
31166,ECG,2918,3664,0,0,0,0,0
31166,ECG,2919,3637,0,0,0,0,0
31171,ECG,2920,3687,0,0,0,0,0
31171,ECG,2921,3614,0,0,0,0,0
31176,ECG,2922,3539,0,0,0,0,0
31176,ECG,2923,3445,0,0,0,0,0
31177,ECG,2924,3332,0,0,0,0,0
31181,ECG,2925,3262,0,0,0,0,0
31181,ECG,2926,3232,0,0,0,0,0
31186,ECG,2927,3241,0,0,0,0,0
31186,ECG,2928,3289,0,0,0,0,0
31191,ECG,2929,3400,0,0,0,0,0
31191,ECG,2930,3446,0,0,0,0,0
31196,ECG,2931,3423,0,0,0,0,0
31196,ECG,2932,3332,0,0,0,0,0
31196,ECG,2933,3280,0,0,0,0,0
31201,ECG,2934,3248,0,0,0,0,0
31201,ECG,2935,3210,0,0,0,0,0
31206,ECG,2936,3194,0,0,0,0,0
31206,ECG,2937,3188,0,0,0,0,0
31206,ECG,2938,3191,0,0,0,0,0
31211,ECG,2939,3190,0,0,0,0,0
31211,ECG,2940,3188,0,0,0,0,0
31216,ECG,2941,3188,0,0,0,0,0
31216,ECG,2942,3159,0,0,0,0,0
31216,ECG,2943,3126,0,0,0,0,0
31221,ECG,2944,3109,0,0,0,0,0
31221,ECG,2945,3088,0,0,0,0,0
31226,ECG,2946,3046,0,0,0,0,0
31226,ECG,2947,3029,0,0,0,0,0
31231,ECG,2948,3042,0,0,0,0,0
31231,ECG,2949,3015,0,0,0,0,0
31236,ECG,2950,2897,0,0,0,0,0
31236,ECG,2951,2831,0,0,0,0,0
31241,ECG,2952,2768,0,0,0,0,0
31241,ECG,2953,2730,0,0,0,0,0
31241,ECG,2954,2715,0,0,0,0,0
31246,ECG,2955,2725,0,0,0,0,0
31246,ECG,2956,2755,0,0,0,0,0
31251,ECG,2957,2778,0,0,0,0,0
31251,ECG,2958,2799,0,0,0,0,0
31251,ECG,2959,2823,0,0,0,0,0
31256,ECG,2960,2794,0,0,0,0,0
31256,ECG,2961,2749,0,0,0,0,0
31261,ECG,2962,2736,0,0,0,0,0
31261,ECG,2963,2719,0,0,0,0,0
31261,ECG,2964,2698,0,0,0,0,0
31266,ECG,2965,2682,0,0,0,0,0
31266,ECG,2966,2664,0,0,0,0,0
31271,ECG,2967,2630,0,0,0,0,0
31271,ECG,2968,2613,0,0,0,0,0
31276,ECG,2969,2596,0,0,0,0,0
31276,ECG,2970,2579,0,0,0,0,0
31277,ECG,2971,2562,0,0,0,0,0
31281,ECG,2972,2545,0,0,0,0,0
31281,ECG,2973,2529,0,0,0,0,0
31286,ECG,2974,2512,0,0,0,0,0
31286,ECG,2975,2496,0,0,0,0,0
31291,ECG,2976,2464,0,0,0,0,0
31291,ECG,2977,2448,0,0,0,0,0
31296,ECG,2978,2432,0,0,0,0,0
31296,ECG,2979,2416,0,0,0,0,0
31296,ECG,2980,2400,0,0,0,0,0
31301,ECG,2981,2384,0,0,0,0,0
31301,ECG,2982,2369,0,0,0,0,0
31306,ECG,2983,2353,0,0,0,0,0
31306,ECG,2984,2338,0,0,0,0,0
31306,ECG,2985,2323,0,0,0,0,0
31311,ECG,2986,2308,0,0,0,0,0
31311,ECG,2987,2293,0,0,0,0,0
31316,ECG,2988,2278,0,0,0,0,0
31316,ECG,2989,2262,0,0,0,0,0
31316,ECG,2990,2248,0,0,0,0,0
31321,ECG,2991,2233,0,0,0,0,0
31321,ECG,2992,2218,0,0,0,0,0
31326,ECG,2993,2188,0,0,0,0,0
31326,ECG,2994,2177,0,0,0,0,0
31331,ECG,2995,2175,0,0,0,0,0
31331,ECG,2996,2153,0,0,0,0,0
31336,ECG,2997,2096,0,0,0,0,0
31336,ECG,2998,2065,0,0,0,0,0
31341,ECG,2999,2036,0,0,0,0,0
31341,ECG,3000,2017,0,0,0,0,0
31341,ECG,3001,2007,0,0,0,0,0
31346,ECG,3002,2006,0,0,0,0,0
31346,ECG,3003,2011,0,0,0,0,0
31351,ECG,3004,2012,0,0,0,0,0
31351,ECG,3005,2013,0,0,0,0,0
31351,ECG,3006,2014,0,0,0,0,0
31356,ECG,3007,1991,0,0,0,0,0
31356,ECG,3008,1970,0,0,0,0,0
31361,ECG,3009,1960,0,0,0,0,0
31361,ECG,3010,1946,0,0,0,0,0
31361,ECG,3011,1933,0,0,0,0,0
31366,ECG,3012,1921,0,0,0,0,0
31366,ECG,3013,1908,0,0,0,0,0
31371,ECG,3014,1883,0,0,0,0,0
31371,ECG,3015,1871,0,0,0,0,0
31376,ECG,3016,1858,0,0,0,0,0
31376,ECG,3017,1846,0,0,0,0,0
31377,ECG,3018,1834,0,0,0,0,0
31381,ECG,3019,1821,0,0,0,0,0
31381,ECG,3020,1809,0,0,0,0,0
31386,ECG,3021,1801,0,0,0,0,0
31386,ECG,3022,1781,0,0,0,0,0
31391,ECG,3023,1790,0,0,0,0,0
31391,ECG,3024,1759,0,0,0,0,0
31396,ECG,3025,1716,0,0,0,0,0
31396,ECG,3026,1681,0,0,0,0,0
31396,ECG,3027,1635,0,0,0,0,0
31401,ECG,3028,1598,0,0,0,0,0
31401,ECG,3029,1580,0,0,0,0,0
31406,ECG,3030,1576,0,0,0,0,0
31406,ECG,3031,1591,0,0,0,0,0
31406,ECG,3032,1616,0,0,0,0,0
31411,ECG,3033,1628,0,0,0,0,0
31411,ECG,3034,1648,0,0,0,0,0
31416,ECG,3035,1659,0,0,0,0,0
31416,ECG,3036,1627,0,0,0,0,0
31416,ECG,3037,1605,0,0,0,0,0
31421,ECG,3038,1600,0,0,0,0,0
31421,ECG,3039,1585,0,0,0,0,0
31426,ECG,3040,1557,0,0,0,0,0
31426,ECG,3041,1566,0,0,0,0,0
31431,ECG,3042,1590,0,0,0,0,0
31431,ECG,3043,1566,0,0,0,0,0
31436,ECG,3044,1399,0,0,0,0,0
31436,ECG,3045,1301,0,0,0,0,0
31441,ECG,3046,1219,0,0,0,0,0
31441,ECG,3047,1183,0,0,0,0,0
31441,ECG,3048,1194,0,0,0,0,0
31446,ECG,3049,1241,0,0,0,0,0
31446,ECG,3050,1329,0,0,0,0,0
31451,ECG,3051,1412,0,0,0,0,0
31451,ECG,3052,1466,0,0,0,0,0
31451,ECG,3053,1480,0,0,0,0,0
31456,ECG,3054,1409,0,0,0,0,0
31456,ECG,3055,1324,0,0,0,0,0
31461,ECG,3056,1301,0,0,0,0,0
31461,ECG,3057,1277,0,0,0,0,0
31461,ECG,3058,1271,0,0,0,0,0
31466,ECG,3059,1289,0,0,0,0,0
31466,ECG,3060,1315,0,0,0,0,0
31471,ECG,3061,1355,0,0,0,0,0
31471,ECG,3062,1374,0,0,0,0,0
31476,ECG,3063,1349,0,0,0,0,0
31476,ECG,3064,1322,0,0,0,0,0
31477,ECG,3065,1320,0,0,0,0,0
31481,ECG,3066,1309,0,0,0,0,0
31481,ECG,3067,1301,0,0,0,0,0
31486,ECG,3068,1292,0,0,0,0,0
31486,ECG,3069,1282,0,0,0,0,0
31486,ECG,3070,1284,0,0,0,0,0
31491,ECG,3071,1275,0,0,0,0,0
26956,PPG,100,140726,67683,0,0,0,0
27038,PPG,101,140724,67692,0,0,0,0
27115,PPG,102,140741,67685,0,0,0,0
27213,PPG,103,140734,67681,0,0,0,0
27278,PPG,104,140724,67698,0,0,0,0
27355,PPG,105,140729,67691,0,0,0,0
27434,PPG,106,140730,67688,0,0,0,0
27514,PPG,107,140730,67693,0,0,0,0
27593,PPG,108,140732,67688,0,0,0,0
27672,PPG,109,140741,67684,0,0,0,0
27755,PPG,110,140717,67701,0,0,0,0
27832,PPG,111,140735,67684,0,0,0,0
27909,PPG,112,140722,67684,0,0,0,0
27989,PPG,113,140729,67690,0,0,0,0
28086,PPG,114,140738,67692,0,0,0,0
28148,PPG,115,140723,67680,0,0,0,0
28227,PPG,116,140730,67688,0,0,0,0
28313,PPG,117,140733,67686,0,0,0,0
28388,PPG,118,140727,67695,0,0,0,0
28466,PPG,119,140724,67680,0,0,0,0
28545,PPG,120,140731,67694,0,0,0,0
28625,PPG,121,140713,67678,0,0,0,0
28704,PPG,122,140729,67686,0,0,0,0
28783,PPG,123,140726,67695,0,0,0,0
28866,PPG,124,140732,67691,0,0,0,0
28954,PPG,125,140726,67692,0,0,0,0
29021,PPG,126,140722,67688,0,0,0,0
29100,PPG,127,140717,67681,0,0,0,0
29182,PPG,128,140724,67687,0,0,0,0
29258,PPG,129,140741,67685,0,0,0,0
29342,PPG,130,140739,67693,0,0,0,0
29420,PPG,131,140730,67671,0,0,0,0
29496,PPG,132,140721,67679,0,0,0,0
29576,PPG,133,140726,67691,0,0,0,0
29656,PPG,134,140717,67679,0,0,0,0
29735,PPG,135,140730,67680,0,0,0,0
29830,PPG,136,140721,67686,0,0,0,0
29898,PPG,137,140734,67685,0,0,0,0
29974,PPG,138,140727,67675,0,0,0,0
30055,PPG,139,140736,67686,0,0,0,0
30133,PPG,140,140723,67683,0,0,0,0
30212,PPG,141,140740,67689,0,0,0,0
30292,PPG,142,140721,67690,0,0,0,0
30375,PPG,143,140732,67677,0,0,0,0
30453,PPG,144,140718,67680,0,0,0,0
30530,PPG,145,140725,67690,0,0,0,0
30609,PPG,146,140721,67671,0,0,0,0
30708,PPG,147,140731,67686,0,0,0,0
30769,PPG,148,140724,67681,0,0,0,0
30848,PPG,149,140734,67677,0,0,0,0
30933,PPG,150,140724,67692,0,0,0,0
31009,PPG,151,140726,67684,0,0,0,0
31087,PPG,152,140725,67696,0,0,0,0
31164,PPG,153,140718,67682,0,0,0,0
31244,PPG,154,140713,67678,0,0,0,0
31323,PPG,155,140712,67678,0,0,0,0
31407,PPG,156,140721,67680,0,0,0,0
31485,PPG,157,140710,67683,0,0,0,0
31572,PPG,158,140714,67678,0,0,0,0
31643,PPG,159,140724,67680,0,0,0,0
31723,PPG,160,140717,67675,0,0,0,0
31808,PPG,161,140727,67673,0,0,0,0
31880,PPG,162,140724,67679,0,0,0,0
31962,PPG,163,140712,67668,0,0,0,0
32040,PPG,164,140718,67681,0,0,0,0
32118,PPG,165,140709,67683,0,0,0,0
32197,PPG,166,140723,67679,0,0,0,0
32277,PPG,167,140722,67682,0,0,0,0
32356,PPG,168,140727,67681,0,0,0,0
32449,PPG,169,140722,67681,0,0,0,0
32519,PPG,170,140719,67678,0,0,0,0
32595,PPG,171,140723,67684,0,0,0,0
32676,PPG,172,140711,67682,0,0,0,0
32753,PPG,173,140707,67672,0,0,0,0
32832,PPG,174,140719,67675,0,0,0,0
32911,PPG,175,140704,67683,0,0,0,0
32995,PPG,176,140714,67672,0,0,0,0
33072,PPG,177,140713,67674,0,0,0,0
33150,PPG,178,140706,67681,0,0,0,0
33229,PPG,179,140714,67679,0,0,0,0
33307,PPG,180,140705,67678,0,0,0,0
33387,PPG,181,140710,67686,0,0,0,0
33466,PPG,182,140709,67675,0,0,0,0
33554,PPG,183,140719,67684,0,0,0,0
33625,PPG,184,140706,67683,0,0,0,0
33704,PPG,185,140703,67671,0,0,0,0
33786,PPG,186,140706,67668,0,0,0,0
33863,PPG,187,140707,67682,0,0,0,0
33943,PPG,188,140692,67678,0,0,0,0
34026,PPG,189,140707,67669,0,0,0,0
34104,PPG,190,140704,67680,0,0,0,0
34181,PPG,191,140706,67672,0,0,0,0
34261,PPG,192,140702,67670,0,0,0,0
34340,PPG,193,140692,67686,0,0,0,0
34428,PPG,194,140699,67684,0,0,0,0
34500,PPG,195,140700,67676,0,0,0,0
34583,PPG,196,140700,67676,0,0,0,0
34660,PPG,197,140706,67673,0,0,0,0
34738,PPG,198,140709,67659,0,0,0,0
34817,PPG,199,140703,67669,0,0,0,0
30967,IMU,624,1232,-76,8436,-82,44,43
30986,IMU,625,1232,-172,8392,-95,55,46
31005,IMU,626,1188,-156,8380,-97,66,36
31024,IMU,627,1264,-212,8440,-109,61,18
31043,IMU,628,1308,-228,8356,-88,65,40
31062,IMU,629,1320,-208,8320,-86,56,47
31081,IMU,630,1276,-88,8368,-93,66,50
31100,IMU,631,1240,-240,8420,-83,46,39
31120,IMU,632,1280,-168,8392,-88,69,41
31142,IMU,633,1292,-120,8388,-85,72,43
31158,IMU,634,1200,-172,8436,-84,49,49
31177,IMU,635,1280,-176,8416,-105,54,40
31196,IMU,636,1268,-184,8424,-70,63,41
31215,IMU,637,1344,-192,8296,-79,50,55
31234,IMU,638,1248,-80,8356,-77,42,42
31253,IMU,639,1308,-224,8444,-78,67,50
31272,IMU,640,1288,-216,8456,-66,36,36
31291,IMU,641,1320,-132,8384,-89,40,36
31310,IMU,642,1372,-132,8440,-76,57,38
31330,IMU,643,1272,-172,8312,-84,52,37
31352,IMU,644,1312,-128,8412,-86,53,42
31368,IMU,645,1288,-216,8404,-80,58,58
31387,IMU,646,1308,-128,8368,-91,60,30
31407,IMU,647,1316,-200,8436,-73,60,41
31425,IMU,648,1260,-244,8464,-65,46,49
31444,IMU,649,1240,-224,8364,-95,47,46
31463,IMU,650,1248,-164,8456,-78,62,26
31482,IMU,651,1264,-188,8328,-93,62,37
31502,IMU,652,1312,-156,8444,-94,62,50
31520,IMU,653,1272,-248,8448,-97,68,43
31539,IMU,654,1260,-196,8328,-104,57,53
31559,IMU,655,1224,-252,8424,-105,53,46
31581,IMU,656,1288,-120,8400,-77,57,39
31597,IMU,657,1296,-188,8392,-72,56,38
31616,IMU,658,1356,-136,8300,-85,60,47
31635,IMU,659,1252,-240,8372,-75,55,41
31654,IMU,660,1280,-196,8432,-88,48,46
31674,IMU,661,1272,-244,8480,-88,52,45
31693,IMU,662,1256,-200,8420,-88,61,38
31712,IMU,663,1352,-240,8308,-106,55,22
31731,IMU,664,1252,-248,8380,-114,62,42
31750,IMU,665,1212,-160,8352,-79,50,47
31769,IMU,666,1284,-232,8392,-94,59,44
31791,IMU,667,1244,-180,8384,-90,51,64
31808,IMU,668,1324,-140,8396,-75,37,44
31827,IMU,669,1176,-164,8416,-95,63,46
31846,IMU,670,1304,-124,8436,-91,48,54
31865,IMU,671,1300,-212,8344,-83,50,40
31884,IMU,672,1288,-140,8460,-83,41,38
31903,IMU,673,1336,-136,8436,-80,68,56
31923,IMU,674,1240,-204,8388,-89,63,34
31942,IMU,675,1324,-260,8392,-98,73,41
31962,IMU,676,1380,-228,8384,-89,55,25
31980,IMU,677,1176,-168,8372,-61,48,48
32000,IMU,678,1316,-140,8464,-95,53,62
32020,IMU,679,1276,-176,8452,-89,53,37
32038,IMU,680,1300,-196,8432,-87,73,37
32057,IMU,681,1332,-240,8360,-73,58,42
32076,IMU,682,1248,-148,8440,-89,73,42
32095,IMU,683,1316,-116,8396,-91,57,37
32114,IMU,684,1288,-268,8464,-88,59,46
32133,IMU,685,1248,-140,8448,-76,53,39
32153,IMU,686,1276,-152,8428,-75,48,46
32172,IMU,687,1272,-212,8368,-75,59,41
32191,IMU,688,1244,-260,8328,-90,64,54
32210,IMU,689,1244,-168,8372,-96,48,44
32231,IMU,690,1376,-180,8404,-98,48,35
32248,IMU,691,1288,-308,8412,-89,44,50
32267,IMU,692,1356,-248,8416,-96,60,43
32287,IMU,693,1236,-220,8388,-97,50,37
32306,IMU,694,1220,-144,8360,-98,53,65
32325,IMU,695,1276,-196,8376,-65,71,56
32344,IMU,696,1272,-168,8408,-86,58,43
32363,IMU,697,1268,-324,8428,-79,53,39
32382,IMU,698,1364,-124,8400,-90,63,46
32402,IMU,699,1276,-248,8452,-99,68,51
32421,IMU,700,1328,-276,8392,-80,50,42
32449,IMU,701,1260,-112,8356,-99,56,52
32459,IMU,702,1252,-192,8336,-71,58,35
32478,IMU,703,1320,-152,8444,-79,55,38
32497,IMU,704,1216,-256,8392,-99,61,14
32517,IMU,705,1212,-112,8416,-88,76,28
32536,IMU,706,1224,-212,8428,-84,63,42
32555,IMU,707,1268,-220,8456,-107,50,38
32574,IMU,708,1236,-228,8468,-89,61,46
32593,IMU,709,1248,-136,8420,-79,53,32
32612,IMU,710,1304,-240,8412,-93,58,41
32631,IMU,711,1276,-220,8404,-94,56,40
32651,IMU,712,1244,-132,8452,-76,52,43
32672,IMU,713,1328,-180,8420,-90,53,33
32689,IMU,714,1296,-200,8268,-89,52,28
32707,IMU,715,1252,-172,8420,-83,64,23
32727,IMU,716,1348,-160,8484,-106,44,41
32746,IMU,717,1272,-276,8412,-98,57,42
32765,IMU,718,1244,-132,8400,-86,50,41
32784,IMU,719,1236,-188,8444,-85,54,40
32803,IMU,720,1268,-96,8484,-85,63,47
32822,IMU,721,1300,-148,8412,-76,51,36
32841,IMU,722,1252,-208,8328,-96,60,47
32860,IMU,723,1344,-208,8396,-76,60,42
32885,IMU,724,1276,-192,8356,-102,66,35
32899,IMU,725,1228,-164,8332,-88,63,37
32917,IMU,726,1248,-184,8328,-104,71,29
32936,IMU,727,1264,-188,8324,-97,58,24
32956,IMU,728,1292,-160,8372,-99,62,34
32975,IMU,729,1356,-248,8356,-98,62,46
32995,IMU,730,1184,-196,8352,-85,54,33
33012,IMU,731,1340,-220,8348,-83,60,43
33032,IMU,732,1308,-184,8416,-87,54,47
33051,IMU,733,1232,-212,8444,-91,58,37
33070,IMU,734,1292,-188,8400,-90,47,37
33089,IMU,735,1196,-240,8336,-99,59,36
33109,IMU,736,1304,-220,8456,-96,73,40
33127,IMU,737,1192,-192,8420,-88,79,32
33147,IMU,738,1308,-112,8436,-58,48,41
33166,IMU,739,1212,-268,8504,-89,79,39
33185,IMU,740,1208,-256,8312,-74,48,40
33204,IMU,741,1324,-236,8380,-93,48,28
33222,IMU,742,1288,-228,8336,-87,63,40
33242,IMU,743,1188,-112,8416,-86,76,27
33261,IMU,744,1252,-152,8360,-76,47,47
33280,IMU,745,1192,-168,8420,-77,55,46
33299,IMU,746,1164,-220,8396,-88,56,43
33321,IMU,747,1232,-168,8492,-93,41,45
33337,IMU,748,1172,-184,8360,-83,74,37
33356,IMU,749,1236,-212,8400,-87,42,33
33375,IMU,750,1168,-252,8376,-80,62,59
33394,IMU,751,1244,-196,8380,-85,69,48
33413,IMU,752,1320,-228,8428,-90,63,40
33432,IMU,753,1288,-312,8460,-96,52,39
33451,IMU,754,1252,-136,8448,-75,49,35
33471,IMU,755,1356,-140,8264,-106,80,32
33490,IMU,756,1208,-160,8464,-74,71,40
33509,IMU,757,1348,-240,8400,-83,80,47
33528,IMU,758,1304,-100,8384,-81,72,48
33550,IMU,759,1336,-72,8388,-91,69,55
33566,IMU,760,1320,-204,8308,-96,56,37
33585,IMU,761,1216,-220,8352,-106,75,35
33604,IMU,762,1196,-212,8388,-82,48,40
33623,IMU,763,1288,-220,8364,-89,58,39
33642,IMU,764,1244,-232,8420,-96,51,39
33661,IMU,765,1344,-188,8520,-77,65,30
33681,IMU,766,1216,-180,8444,-69,67,41
33700,IMU,767,1192,-164,8404,-103,49,29
33719,IMU,768,1264,-260,8468,-81,62,44
33738,IMU,769,1192,-224,8368,-90,67,39
33759,IMU,770,1228,-144,8428,-95,58,39
33776,IMU,771,1304,-220,8284,-91,46,36
33796,IMU,772,1200,-208,8308,-85,45,37
33815,IMU,773,1288,-140,8392,-81,55,47
33834,IMU,774,1288,-216,8320,-92,53,34
33853,IMU,775,1252,-316,8544,-80,67,41
33872,IMU,776,1244,-168,8364,-94,48,55
33891,IMU,777,1344,-116,8432,-69,50,38
33911,IMU,778,1288,-160,8360,-70,66,46
33930,IMU,779,1152,-168,8336,-98,54,59
33949,IMU,780,1324,-204,8316,-100,56,42
33971,IMU,781,1192,-200,8384,-93,59,52
33991,IMU,782,1352,-96,8344,-92,68,46
34006,IMU,783,1200,-200,8416,-73,64,33
34026,IMU,784,1248,-220,8504,-90,60,37
34045,IMU,785,1288,-124,8468,-89,47,34
34064,IMU,786,1304,-108,8440,-96,79,45
34083,IMU,787,1208,-228,8424,-88,58,42
34102,IMU,788,1288,-160,8364,-91,59,31
34121,IMU,789,1276,-300,8348,-88,51,30
34140,IMU,790,1156,-192,8376,-89,84,31
34160,IMU,791,1320,-276,8368,-101,63,38
34179,IMU,792,1312,-184,8492,-83,64,45
34200,IMU,793,1172,-116,8376,-82,63,25
34217,IMU,794,1196,-116,8292,-98,62,47
34236,IMU,795,1248,-228,8376,-85,46,50
34255,IMU,796,1164,-216,8356,-98,60,50
34275,IMU,797,1276,-180,8384,-89,47,44
34294,IMU,798,1336,-164,8380,-88,81,49
34313,IMU,799,1256,-212,8504,-110,52,46
34332,IMU,800,1168,-184,8412,-79,67,44
34351,IMU,801,1320,-96,8388,-92,73,41
34370,IMU,802,1248,-288,8356,-98,58,59
34389,IMU,803,1276,-196,8488,-74,65,32
34412,IMU,804,1280,-112,8428,-74,63,30
34428,IMU,805,1240,-184,8416,-75,61,48
34447,IMU,806,1304,-188,8368,-89,41,48
34466,IMU,807,1288,-164,8328,-86,63,57
34485,IMU,808,1204,-164,8448,-77,62,37
34504,IMU,809,1188,-232,8300,-67,58,38
34524,IMU,810,1340,-140,8428,-73,68,58
34543,IMU,811,1316,-176,8532,-83,47,39
34562,IMU,812,1268,-140,8424,-95,61,41
34583,IMU,813,1272,-224,8416,-66,65,39
34601,IMU,814,1292,-196,8356,-88,57,39
34619,IMU,815,1352,-68,8516,-94,74,55
34641,IMU,816,1304,-164,8492,-80,50,47
34658,IMU,817,1228,-148,8424,-92,69,29
34677,IMU,818,1304,-148,8372,-90,71,43
34696,IMU,819,1356,-152,8384,-82,68,34
34715,IMU,820,1216,-156,8480,-84,59,41
34734,IMU,821,1372,-192,8468,-81,47,48
34753,IMU,822,1268,-232,8464,-75,69,55
34773,IMU,823,1260,-224,8448,-70,48,27
34791,IMU,824,1136,-196,8448,-91,71,42
34811,IMU,825,1192,-220,8428,-90,63,45
34829,IMU,826,1340,-64,8408,-97,54,46
34851,IMU,827,1236,-176,8324,-90,57,53
34868,IMU,828,1324,-160,8340,-87,77,36
34887,IMU,829,1228,-260,8384,-72,73,35
34906,IMU,830,1280,-200,8384,-92,54,37
34925,IMU,831,1324,-236,8396,-72,76,36
31491,ECG,3072,1251,0,0,0,0,0
31496,ECG,3073,1232,0,0,0,0,0
31496,ECG,3074,1209,0,0,0,0,0
31496,ECG,3075,1185,0,0,0,0,0
31501,ECG,3076,1171,0,0,0,0,0
31501,ECG,3077,1163,0,0,0,0,0
31506,ECG,3078,1163,0,0,0,0,0
31506,ECG,3079,1171,0,0,0,0,0
31506,ECG,3080,1177,0,0,0,0,0
31511,ECG,3081,1181,0,0,0,0,0
31511,ECG,3082,1188,0,0,0,0,0
31516,ECG,3083,1177,0,0,0,0,0
31516,ECG,3084,1158,0,0,0,0,0
31516,ECG,3085,1152,0,0,0,0,0
31521,ECG,3086,1145,0,0,0,0,0
31521,ECG,3087,1135,0,0,0,0,0
32528,ECG,3088,0,0,0,0,0,0
32528,ECG,3089,-1,0,0,0,0,0
32528,ECG,3090,-5,0,0,0,0,0
32533,ECG,3091,2,0,0,0,0,0
32533,ECG,3092,5,0,0,0,0,0
32538,ECG,3093,35,0,0,0,0,0
32538,ECG,3094,-16,0,0,0,0,0
32543,ECG,3095,-19,0,0,0,0,0
32543,ECG,3096,132,0,0,0,0,0
32544,ECG,3097,-714,0,0,0,0,0
32548,ECG,3098,-1987,0,0,0,0,0
32548,ECG,3099,-1824,0,0,0,0,0
32553,ECG,3100,-150,0,0,0,0,0
32553,ECG,3101,3157,0,0,0,0,0
32553,ECG,3102,8332,0,0,0,0,0
32558,ECG,3103,14643,0,0,0,0,0
32558,ECG,3104,21144,0,0,0,0,0
32563,ECG,3105,26895,0,0,0,0,0
32563,ECG,3106,30937,0,0,0,0,0
32563,ECG,3107,32028,0,0,0,0,0
32568,ECG,3108,31826,0,0,0,0,0
32568,ECG,3109,31626,0,0,0,0,0
32573,ECG,3110,31428,0,0,0,0,0
32573,ECG,3111,31155,0,0,0,0,0
32573,ECG,3112,31028,0,0,0,0,0
32578,ECG,3113,30755,0,0,0,0,0
32578,ECG,3114,30603,0,0,0,0,0
32583,ECG,3115,30411,0,0,0,0,0
32583,ECG,3116,30211,0,0,0,0,0
32583,ECG,3117,30028,0,0,0,0,0
32588,ECG,3118,29870,0,0,0,0,0
32588,ECG,3119,29685,0,0,0,0,0
32593,ECG,3120,29233,0,0,0,0,0
32593,ECG,3121,29007,0,0,0,0,0
32598,ECG,3122,28779,0,0,0,0,0
32598,ECG,3123,28574,0,0,0,0,0
32603,ECG,3124,28239,0,0,0,0,0
32603,ECG,3125,28104,0,0,0,0,0
32608,ECG,3126,27986,0,0,0,0,0
32608,ECG,3127,27852,0,0,0,0,0
32608,ECG,3128,27698,0,0,0,0,0
32613,ECG,3129,27501,0,0,0,0,0
32613,ECG,3130,27273,0,0,0,0,0
32618,ECG,3131,27075,0,0,0,0,0
32618,ECG,3132,26893,0,0,0,0,0
32618,ECG,3133,26718,0,0,0,0,0
32623,ECG,3134,26562,0,0,0,0,0
32623,ECG,3135,26420,0,0,0,0,0
32628,ECG,3136,26280,0,0,0,0,0
32628,ECG,3137,26135,0,0,0,0,0
32628,ECG,3138,25998,0,0,0,0,0
32633,ECG,3139,25838,0,0,0,0,0
32633,ECG,3140,25656,0,0,0,0,0
32638,ECG,3141,25336,0,0,0,0,0
32638,ECG,3142,25175,0,0,0,0,0
32643,ECG,3143,25020,0,0,0,0,0
32643,ECG,3144,24854,0,0,0,0,0
32644,ECG,3145,24718,0,0,0,0,0
32648,ECG,3146,24583,0,0,0,0,0
32648,ECG,3147,24396,0,0,0,0,0
32653,ECG,3148,24206,0,0,0,0,0
32653,ECG,3149,24020,0,0,0,0,0
32653,ECG,3150,23825,0,0,0,0,0
32658,ECG,3151,23646,0,0,0,0,0
32658,ECG,3152,23488,0,0,0,0,0
32663,ECG,3153,23361,0,0,0,0,0
32663,ECG,3154,23238,0,0,0,0,0
32663,ECG,3155,23149,0,0,0,0,0
32668,ECG,3156,23089,0,0,0,0,0
32668,ECG,3157,22951,0,0,0,0,0
32673,ECG,3158,22752,0,0,0,0,0
32673,ECG,3159,22515,0,0,0,0,0
32673,ECG,3160,22283,0,0,0,0,0
32678,ECG,3161,22075,0,0,0,0,0
32678,ECG,3162,21900,0,0,0,0,0
32683,ECG,3163,21781,0,0,0,0,0
32683,ECG,3164,21688,0,0,0,0,0
32683,ECG,3165,21648,0,0,0,0,0
32688,ECG,3166,21632,0,0,0,0,0
32688,ECG,3167,21545,0,0,0,0,0
32693,ECG,3168,21188,0,0,0,0,0
32693,ECG,3169,20943,0,0,0,0,0
32698,ECG,3170,20753,0,0,0,0,0
32698,ECG,3171,20604,0,0,0,0,0
32703,ECG,3172,20381,0,0,0,0,0
32703,ECG,3173,20404,0,0,0,0,0
32708,ECG,3174,20378,0,0,0,0,0
32708,ECG,3175,20196,0,0,0,0,0
32708,ECG,3176,20007,0,0,0,0,0
32713,ECG,3177,19730,0,0,0,0,0
32713,ECG,3178,19418,0,0,0,0,0
32718,ECG,3179,19216,0,0,0,0,0
32718,ECG,3180,19075,0,0,0,0,0
32718,ECG,3181,19008,0,0,0,0,0
32723,ECG,3182,19019,0,0,0,0,0
32723,ECG,3183,19037,0,0,0,0,0
32728,ECG,3184,19055,0,0,0,0,0
32728,ECG,3185,19029,0,0,0,0,0
32728,ECG,3186,18910,0,0,0,0,0
32733,ECG,3187,18709,0,0,0,0,0
32733,ECG,3188,18530,0,0,0,0,0
32738,ECG,3189,18227,0,0,0,0,0
32738,ECG,3190,18116,0,0,0,0,0
32743,ECG,3191,18026,0,0,0,0,0
32743,ECG,3192,17939,0,0,0,0,0
32748,ECG,3193,17872,0,0,0,0,0
32748,ECG,3194,17744,0,0,0,0,0
32753,ECG,3195,17541,0,0,0,0,0
32753,ECG,3196,17308,0,0,0,0,0
32753,ECG,3197,17081,0,0,0,0,0
32758,ECG,3198,16900,0,0,0,0,0
32758,ECG,3199,16773,0,0,0,0,0
32763,ECG,3200,16708,0,0,0,0,0
32763,ECG,3201,16693,0,0,0,0,0
32763,ECG,3202,16714,0,0,0,0,0
32768,ECG,3203,16711,0,0,0,0,0
32768,ECG,3204,16688,0,0,0,0,0
32773,ECG,3205,16583,0,0,0,0,0
32773,ECG,3206,16397,0,0,0,0,0
32773,ECG,3207,16242,0,0,0,0,0
32778,ECG,3208,16131,0,0,0,0,0
32778,ECG,3209,16015,0,0,0,0,0
32783,ECG,3210,15845,0,0,0,0,0
32783,ECG,3211,15798,0,0,0,0,0
32788,ECG,3212,15770,0,0,0,0,0
32788,ECG,3213,15670,0,0,0,0,0
32789,ECG,3214,15494,0,0,0,0,0
32793,ECG,3215,15289,0,0,0,0,0
32793,ECG,3216,15079,0,0,0,0,0
32798,ECG,3217,14895,0,0,0,0,0
32798,ECG,3218,14764,0,0,0,0,0
32803,ECG,3219,14660,0,0,0,0,0
32803,ECG,3220,14702,0,0,0,0,0
32808,ECG,3221,14723,0,0,0,0,0
32808,ECG,3222,14684,0,0,0,0,0
32808,ECG,3223,14622,0,0,0,0,0
32813,ECG,3224,14450,0,0,0,0,0
32813,ECG,3225,14257,0,0,0,0,0
32818,ECG,3226,14143,0,0,0,0,0
32818,ECG,3227,14042,0,0,0,0,0
32818,ECG,3228,13972,0,0,0,0,0
32823,ECG,3229,13930,0,0,0,0,0
32823,ECG,3230,13885,0,0,0,0,0
32828,ECG,3231,13884,0,0,0,0,0
32828,ECG,3232,13830,0,0,0,0,0
32828,ECG,3233,13723,0,0,0,0,0
32833,ECG,3234,13539,0,0,0,0,0
32833,ECG,3235,13377,0,0,0,0,0
32838,ECG,3236,13092,0,0,0,0,0
32838,ECG,3237,13010,0,0,0,0,0
32843,ECG,3238,12959,0,0,0,0,0
32843,ECG,3239,12955,0,0,0,0,0
32844,ECG,3240,12962,0,0,0,0,0
32848,ECG,3241,12928,0,0,0,0,0
32848,ECG,3242,12899,0,0,0,0,0
32853,ECG,3243,12805,0,0,0,0,0
32853,ECG,3244,12647,0,0,0,0,0
32858,ECG,3245,12469,0,0,0,0,0
32858,ECG,3246,12387,0,0,0,0,0
32863,ECG,3247,12328,0,0,0,0,0
32863,ECG,3248,12275,0,0,0,0,0
32863,ECG,3249,12214,0,0,0,0,0
32868,ECG,3250,12158,0,0,0,0,0
32868,ECG,3251,12098,0,0,0,0,0
32873,ECG,3252,12010,0,0,0,0,0
32873,ECG,3253,11923,0,0,0,0,0
32873,ECG,3254,11854,0,0,0,0,0
32878,ECG,3255,11776,0,0,0,0,0
32878,ECG,3256,11701,0,0,0,0,0
32883,ECG,3257,11633,0,0,0,0,0
32883,ECG,3258,11547,0,0,0,0,0
32883,ECG,3259,11494,0,0,0,0,0
32888,ECG,3260,11453,0,0,0,0,0
32888,ECG,3261,11353,0,0,0,0,0
32893,ECG,3262,11101,0,0,0,0,0
32893,ECG,3263,10963,0,0,0,0,0
32898,ECG,3264,10842,0,0,0,0,0
32898,ECG,3265,10756,0,0,0,0,0
32903,ECG,3266,10685,0,0,0,0,0
32903,ECG,3267,10685,0,0,0,0,0
32908,ECG,3268,10668,0,0,0,0,0
32908,ECG,3269,10660,0,0,0,0,0
32908,ECG,3270,10624,0,0,0,0,0
32913,ECG,3271,10530,0,0,0,0,0
32913,ECG,3272,10437,0,0,0,0,0
32918,ECG,3273,10381,0,0,0,0,0
32918,ECG,3274,10323,0,0,0,0,0
32918,ECG,3275,10236,0,0,0,0,0
32923,ECG,3276,10202,0,0,0,0,0
32923,ECG,3277,10164,0,0,0,0,0
32928,ECG,3278,10100,0,0,0,0,0
32928,ECG,3279,9906,0,0,0,0,0
32928,ECG,3280,9688,0,0,0,0,0
32933,ECG,3281,9440,0,0,0,0,0
32933,ECG,3282,9210,0,0,0,0,0
32938,ECG,3283,9072,0,0,0,0,0
32938,ECG,3284,9033,0,0,0,0,0
32938,ECG,3285,9100,0,0,0,0,0
32943,ECG,3286,9220,0,0,0,0,0
32943,ECG,3287,9358,0,0,0,0,0
32944,ECG,3288,9504,0,0,0,0,0
32948,ECG,3289,9444,0,0,0,0,0
32948,ECG,3290,9367,0,0,0,0,0
32953,ECG,3291,9161,0,0,0,0,0
32953,ECG,3292,9038,0,0,0,0,0
32958,ECG,3293,8854,0,0,0,0,0
32958,ECG,3294,8827,0,0,0,0,0
32963,ECG,3295,8824,0,0,0,0,0
32963,ECG,3296,8843,0,0,0,0,0
32963,ECG,3297,8864,0,0,0,0,0
32968,ECG,3298,8870,0,0,0,0,0
32968,ECG,3299,8814,0,0,0,0,0
32973,ECG,3300,8685,0,0,0,0,0
32973,ECG,3301,8580,0,0,0,0,0
32973,ECG,3302,8505,0,0,0,0,0
32978,ECG,3303,8430,0,0,0,0,0
32978,ECG,3304,8385,0,0,0,0,0
32983,ECG,3305,8345,0,0,0,0,0
32983,ECG,3306,8341,0,0,0,0,0
32983,ECG,3307,8374,0,0,0,0,0
32988,ECG,3308,8331,0,0,0,0,0
32988,ECG,3309,8217,0,0,0,0,0
32993,ECG,3310,7900,0,0,0,0,0
32993,ECG,3311,7761,0,0,0,0,0
32998,ECG,3312,7667,0,0,0,0,0
32998,ECG,3313,7630,0,0,0,0,0
33003,ECG,3314,7691,0,0,0,0,0
33003,ECG,3315,7775,0,0,0,0,0
33008,ECG,3316,7820,0,0,0,0,0
33008,ECG,3317,7784,0,0,0,0,0
33008,ECG,3318,7675,0,0,0,0,0
33013,ECG,3319,7523,0,0,0,0,0
33013,ECG,3320,7417,0,0,0,0,0
33018,ECG,3321,7343,0,0,0,0,0
33018,ECG,3322,7296,0,0,0,0,0
33018,ECG,3323,7269,0,0,0,0,0
33023,ECG,3324,7302,0,0,0,0,0
33023,ECG,3325,7367,0,0,0,0,0
33028,ECG,3326,7327,0,0,0,0,0
33028,ECG,3327,7250,0,0,0,0,0
33028,ECG,3328,7128,0,0,0,0,0
33033,ECG,3329,6947,0,0,0,0,0
33033,ECG,3330,6825,0,0,0,0,0
33038,ECG,3331,6729,0,0,0,0,0
33038,ECG,3332,6750,0,0,0,0,0
33043,ECG,3333,6804,0,0,0,0,0
33043,ECG,3334,6877,0,0,0,0,0
33044,ECG,3335,6910,0,0,0,0,0
33048,ECG,3336,6873,0,0,0,0,0
33048,ECG,3337,6756,0,0,0,0,0
33053,ECG,3338,6624,0,0,0,0,0
33053,ECG,3339,6544,0,0,0,0,0
33058,ECG,3340,6438,0,0,0,0,0
33058,ECG,3341,6430,0,0,0,0,0
33063,ECG,3342,6441,0,0,0,0,0
33063,ECG,3343,6446,0,0,0,0,0
33063,ECG,3344,6446,0,0,0,0,0
33068,ECG,3345,6452,0,0,0,0,0
33068,ECG,3346,6399,0,0,0,0,0
33073,ECG,3347,6325,0,0,0,0,0
33073,ECG,3348,6292,0,0,0,0,0
33073,ECG,3349,6253,0,0,0,0,0
33078,ECG,3350,6209,0,0,0,0,0
33078,ECG,3351,6172,0,0,0,0,0
33083,ECG,3352,6132,0,0,0,0,0
33083,ECG,3353,6093,0,0,0,0,0
33083,ECG,3354,6055,0,0,0,0,0
33088,ECG,3355,6016,0,0,0,0,0
33088,ECG,3356,5978,0,0,0,0,0
33093,ECG,3357,5903,0,0,0,0,0
33093,ECG,3358,5864,0,0,0,0,0
33098,ECG,3359,5827,0,0,0,0,0
33098,ECG,3360,5792,0,0,0,0,0
33103,ECG,3361,5725,0,0,0,0,0
33103,ECG,3362,5715,0,0,0,0,0
33108,ECG,3363,5656,0,0,0,0,0
33108,ECG,3364,5578,0,0,0,0,0
33108,ECG,3365,5507,0,0,0,0,0
33113,ECG,3366,5425,0,0,0,0,0
33113,ECG,3367,5354,0,0,0,0,0
33118,ECG,3368,5306,0,0,0,0,0
33118,ECG,3369,5282,0,0,0,0,0
33118,ECG,3370,5283,0,0,0,0,0
33123,ECG,3371,5293,0,0,0,0,0
33123,ECG,3372,5303,0,0,0,0,0
33128,ECG,3373,5319,0,0,0,0,0
33128,ECG,3374,5302,0,0,0,0,0
33128,ECG,3375,5232,0,0,0,0,0
33133,ECG,3376,5170,0,0,0,0,0
33133,ECG,3377,5126,0,0,0,0,0
33138,ECG,3378,5049,0,0,0,0,0
33138,ECG,3379,5010,0,0,0,0,0
33143,ECG,3380,5012,0,0,0,0,0
33143,ECG,3381,5048,0,0,0,0,0
33144,ECG,3382,4989,0,0,0,0,0
33148,ECG,3383,4891,0,0,0,0,0
33148,ECG,3384,4800,0,0,0,0,0
33153,ECG,3385,4670,0,0,0,0,0
33153,ECG,3386,4563,0,0,0,0,0
33158,ECG,3387,4497,0,0,0,0,0
33158,ECG,3388,4528,0,0,0,0,0
33163,ECG,3389,4593,0,0,0,0,0
33163,ECG,3390,4649,0,0,0,0,0
33163,ECG,3391,4691,0,0,0,0,0
33168,ECG,3392,4686,0,0,0,0,0
33168,ECG,3393,4608,0,0,0,0,0
33173,ECG,3394,4518,0,0,0,0,0
33173,ECG,3395,4480,0,0,0,0,0
33173,ECG,3396,4437,0,0,0,0,0
33178,ECG,3397,4411,0,0,0,0,0
33178,ECG,3398,4403,0,0,0,0,0
33183,ECG,3399,4389,0,0,0,0,0
33183,ECG,3400,4410,0,0,0,0,0
33183,ECG,3401,4427,0,0,0,0,0
33188,ECG,3402,4375,0,0,0,0,0
33188,ECG,3403,4290,0,0,0,0,0
33193,ECG,3404,4125,0,0,0,0,0
33193,ECG,3405,4056,0,0,0,0,0
33198,ECG,3406,4029,0,0,0,0,0
33198,ECG,3407,4016,0,0,0,0,0
33203,ECG,3408,4141,0,0,0,0,0
33203,ECG,3409,4160,0,0,0,0,0
33208,ECG,3410,4087,0,0,0,0,0
33208,ECG,3411,3969,0,0,0,0,0
33208,ECG,3412,3783,0,0,0,0,0
33213,ECG,3413,3616,0,0,0,0,0
33213,ECG,3414,3522,0,0,0,0,0
33218,ECG,3415,3491,0,0,0,0,0
33218,ECG,3416,3530,0,0,0,0,0
33218,ECG,3417,3631,0,0,0,0,0
33223,ECG,3418,3769,0,0,0,0,0
33223,ECG,3419,3870,0,0,0,0,0
33228,ECG,3420,3894,0,0,0,0,0
33228,ECG,3421,3848,0,0,0,0,0
33228,ECG,3422,3686,0,0,0,0,0
33233,ECG,3423,3592,0,0,0,0,0
33233,ECG,3424,3535,0,0,0,0,0
33238,ECG,3425,3499,0,0,0,0,0
33238,ECG,3426,3520,0,0,0,0,0
33238,ECG,3427,3522,0,0,0,0,0
33243,ECG,3428,3628,0,0,0,0,0
33243,ECG,3429,3684,0,0,0,0,0
33244,ECG,3430,3660,0,0,0,0,0
33248,ECG,3431,3478,0,0,0,0,0
33248,ECG,3432,3207,0,0,0,0,0
33253,ECG,3433,2917,0,0,0,0,0
33253,ECG,3434,2686,0,0,0,0,0
33258,ECG,3435,2617,0,0,0,0,0
33258,ECG,3436,2779,0,0,0,0,0
33263,ECG,3437,3037,0,0,0,0,0
33263,ECG,3438,3272,0,0,0,0,0
33263,ECG,3439,3465,0,0,0,0,0
33268,ECG,3440,3442,0,0,0,0,0
33268,ECG,3441,3388,0,0,0,0,0
33273,ECG,3442,3204,0,0,0,0,0
33273,ECG,3443,3163,0,0,0,0,0
33273,ECG,3444,3119,0,0,0,0,0
33278,ECG,3445,3101,0,0,0,0,0
33278,ECG,3446,3126,0,0,0,0,0
33283,ECG,3447,3160,0,0,0,0,0
33283,ECG,3448,3185,0,0,0,0,0
33283,ECG,3449,3213,0,0,0,0,0
33288,ECG,3450,3235,0,0,0,0,0
33288,ECG,3451,3190,0,0,0,0,0
33293,ECG,3452,3132,0,0,0,0,0
33293,ECG,3453,3109,0,0,0,0,0
33298,ECG,3454,3087,0,0,0,0,0
33298,ECG,3455,3072,0,0,0,0,0
33303,ECG,3456,3038,0,0,0,0,0
33303,ECG,3457,3036,0,0,0,0,0
33308,ECG,3458,2994,0,0,0,0,0
33308,ECG,3459,2947,0,0,0,0,0
33308,ECG,3460,2904,0,0,0,0,0
33313,ECG,3461,2855,0,0,0,0,0
33313,ECG,3462,2809,0,0,0,0,0
33318,ECG,3463,2788,0,0,0,0,0
33318,ECG,3464,2782,0,0,0,0,0
33318,ECG,3465,2772,0,0,0,0,0
33323,ECG,3466,2840,0,0,0,0,0
33323,ECG,3467,2867,0,0,0,0,0
33328,ECG,3468,2823,0,0,0,0,0
33328,ECG,3469,2712,0,0,0,0,0
33328,ECG,3470,2574,0,0,0,0,0
33333,ECG,3471,2422,0,0,0,0,0
33333,ECG,3472,2322,0,0,0,0,0
33338,ECG,3473,2307,0,0,0,0,0
33338,ECG,3474,2394,0,0,0,0,0
33343,ECG,3475,2532,0,0,0,0,0
33343,ECG,3476,2614,0,0,0,0,0
33344,ECG,3477,2671,0,0,0,0,0
33348,ECG,3478,2669,0,0,0,0,0
33348,ECG,3479,2540,0,0,0,0,0
33353,ECG,3480,2450,0,0,0,0,0
33353,ECG,3481,2430,0,0,0,0,0
33358,ECG,3482,2413,0,0,0,0,0
33358,ECG,3483,2439,0,0,0,0,0
33363,ECG,3484,2465,0,0,0,0,0
33363,ECG,3485,2496,0,0,0,0,0
33363,ECG,3486,2514,0,0,0,0,0
33368,ECG,3487,2480,0,0,0,0,0
33368,ECG,3488,2420,0,0,0,0,0
33373,ECG,3489,2390,0,0,0,0,0
33373,ECG,3490,2362,0,0,0,0,0
33373,ECG,3491,2335,0,0,0,0,0
33378,ECG,3492,2334,0,0,0,0,0
33378,ECG,3493,2316,0,0,0,0,0
33383,ECG,3494,2332,0,0,0,0,0
33383,ECG,3495,2383,0,0,0,0,0
33383,ECG,3496,2368,0,0,0,0,0
33388,ECG,3497,2273,0,0,0,0,0
33388,ECG,3498,2178,0,0,0,0,0
33393,ECG,3499,1963,0,0,0,0,0
33393,ECG,3500,1915,0,0,0,0,0
33398,ECG,3501,1923,0,0,0,0,0
33398,ECG,3502,1949,0,0,0,0,0
33403,ECG,3503,2233,0,0,0,0,0
33403,ECG,3504,2222,0,0,0,0,0
33408,ECG,3505,2150,0,0,0,0,0
33408,ECG,3506,1983,0,0,0,0,0
33408,ECG,3507,1768,0,0,0,0,0
33413,ECG,3508,1653,0,0,0,0,0
33413,ECG,3509,1595,0,0,0,0,0
33418,ECG,3510,1621,0,0,0,0,0
33418,ECG,3511,1718,0,0,0,0,0
33418,ECG,3512,1851,0,0,0,0,0
33423,ECG,3513,2043,0,0,0,0,0
33423,ECG,3514,2108,0,0,0,0,0
33428,ECG,3515,2094,0,0,0,0,0
33428,ECG,3516,1932,0,0,0,0,0
33428,ECG,3517,1738,0,0,0,0,0
33433,ECG,3518,1613,0,0,0,0,0
33433,ECG,3519,1515,0,0,0,0,0
33438,ECG,3520,1509,0,0,0,0,0
33438,ECG,3521,1562,0,0,0,0,0
33438,ECG,3522,1677,0,0,0,0,0
33443,ECG,3523,1879,0,0,0,0,0
33443,ECG,3524,1983,0,0,0,0,0
33448,ECG,3525,1874,0,0,0,0,0
33448,ECG,3526,1656,0,0,0,0,0
33453,ECG,3527,1520,0,0,0,0,0
33453,ECG,3528,1456,0,0,0,0,0
33458,ECG,3529,1496,0,0,0,0,0
33458,ECG,3530,1604,0,0,0,0,0
33463,ECG,3531,1717,0,0,0,0,0
33463,ECG,3532,1822,0,0,0,0,0
33463,ECG,3533,1868,0,0,0,0,0
33468,ECG,3534,1856,0,0,0,0,0
33468,ECG,3535,1751,0,0,0,0,0
33473,ECG,3536,1715,0,0,0,0,0
33473,ECG,3537,1687,0,0,0,0,0
33473,ECG,3538,1660,0,0,0,0,0
33478,ECG,3539,1666,0,0,0,0,0
33478,ECG,3540,1660,0,0,0,0,0
33483,ECG,3541,1706,0,0,0,0,0
33483,ECG,3542,1765,0,0,0,0,0
33483,ECG,3543,1730,0,0,0,0,0
33488,ECG,3544,1667,0,0,0,0,0
33488,ECG,3545,1581,0,0,0,0,0
33493,ECG,3546,1413,0,0,0,0,0
33493,ECG,3547,1386,0,0,0,0,0
33498,ECG,3548,1402,0,0,0,0,0
33498,ECG,3549,1433,0,0,0,0,0
33499,ECG,3550,1546,0,0,0,0,0
33503,ECG,3551,1663,0,0,0,0,0
33503,ECG,3552,1651,0,0,0,0,0
33508,ECG,3553,1570,0,0,0,0,0
33508,ECG,3554,1415,0,0,0,0,0
33508,ECG,3555,1249,0,0,0,0,0
33513,ECG,3556,1158,0,0,0,0,0
33513,ECG,3557,1114,0,0,0,0,0
33518,ECG,3558,1136,0,0,0,0,0
33518,ECG,3559,1230,0,0,0,0,0
33518,ECG,3560,1350,0,0,0,0,0
33523,ECG,3561,1438,0,0,0,0,0
33523,ECG,3562,1545,0,0,0,0,0
33528,ECG,3563,1552,0,0,0,0,0
33528,ECG,3564,1524,0,0,0,0,0
33528,ECG,3565,1473,0,0,0,0,0
33533,ECG,3566,1485,0,0,0,0,0
33533,ECG,3567,1463,0,0,0,0,0
33538,ECG,3568,1460,0,0,0,0,0
33538,ECG,3569,1447,0,0,0,0,0
33538,ECG,3570,1433,0,0,0,0,0
33543,ECG,3571,1473,0,0,0,0,0
33543,ECG,3572,1463,0,0,0,0,0
33548,ECG,3573,1318,0,0,0,0,0
33548,ECG,3574,1239,0,0,0,0,0
33553,ECG,3575,1159,0,0,0,0,0
33553,ECG,3576,1114,0,0,0,0,0
33558,ECG,3577,1142,0,0,0,0,0
33558,ECG,3578,1206,0,0,0,0,0
33563,ECG,3579,1269,0,0,0,0,0
33563,ECG,3580,1325,0,0,0,0,0
33563,ECG,3581,1370,0,0,0,0,0
33568,ECG,3582,1351,0,0,0,0,0
33568,ECG,3583,1284,0,0,0,0,0
33573,ECG,3584,1269,0,0,0,0,0
33573,ECG,3585,1254,0,0,0,0,0
33573,ECG,3586,1241,0,0,0,0,0
33578,ECG,3587,1235,0,0,0,0,0
33578,ECG,3588,1233,0,0,0,0,0
34585,ECG,3589,0,0,0,0,0,0
34585,ECG,3590,-1,0,0,0,0,0
34585,ECG,3591,-6,0,0,0,0,0
34590,ECG,3592,2,0,0,0,0,0
34590,ECG,3593,6,0,0,0,0,0
34595,ECG,3594,38,0,0,0,0,0
34595,ECG,3595,-16,0,0,0,0,0
34600,ECG,3596,-26,0,0,0,0,0
34600,ECG,3597,151,0,0,0,0,0
34601,ECG,3598,-753,0,0,0,0,0
34605,ECG,3599,-2109,0,0,0,0,0
34605,ECG,3600,-1850,0,0,0,0,0
34610,ECG,3601,-36,0,0,0,0,0
34610,ECG,3602,3394,0,0,0,0,0
34610,ECG,3603,8729,0,0,0,0,0
34615,ECG,3604,15155,0,0,0,0,0
34615,ECG,3605,21690,0,0,0,0,0
34620,ECG,3606,27394,0,0,0,0,0
34620,ECG,3607,31313,0,0,0,0,0
34620,ECG,3608,32011,0,0,0,0,0
34625,ECG,3609,31810,0,0,0,0,0
34625,ECG,3610,31610,0,0,0,0,0
34630,ECG,3611,31308,0,0,0,0,0
34630,ECG,3612,31047,0,0,0,0,0
34630,ECG,3613,30943,0,0,0,0,0
34635,ECG,3614,30638,0,0,0,0,0
34635,ECG,3615,30502,0,0,0,0,0
34640,ECG,3616,30325,0,0,0,0,0
34640,ECG,3617,30153,0,0,0,0,0
34640,ECG,3618,29999,0,0,0,0,0
34645,ECG,3619,29831,0,0,0,0,0
34645,ECG,3620,29663,0,0,0,0,0
34650,ECG,3621,29266,0,0,0,0,0
34650,ECG,3622,29083,0,0,0,0,0
34655,ECG,3623,28907,0,0,0,0,0
34655,ECG,3624,28718,0,0,0,0,0
34660,ECG,3625,28405,0,0,0,0,0
34660,ECG,3626,28226,0,0,0,0,0
34665,ECG,3627,27984,0,0,0,0,0
34665,ECG,3628,27724,0,0,0,0,0
34665,ECG,3629,27456,0,0,0,0,0
34670,ECG,3630,27180,0,0,0,0,0
34670,ECG,3631,26949,0,0,0,0,0
34675,ECG,3632,26780,0,0,0,0,0
34675,ECG,3633,26653,0,0,0,0,0
34675,ECG,3634,26587,0,0,0,0,0
34680,ECG,3635,26559,0,0,0,0,0
34680,ECG,3636,26471,0,0,0,0,0
34685,ECG,3637,26344,0,0,0,0,0
34685,ECG,3638,26131,0,0,0,0,0
34685,ECG,3639,25840,0,0,0,0,0
34690,ECG,3640,25612,0,0,0,0,0
34690,ECG,3641,25423,0,0,0,0,0
34695,ECG,3642,25139,0,0,0,0,0
34695,ECG,3643,25036,0,0,0,0,0
34700,ECG,3644,24988,0,0,0,0,0
34700,ECG,3645,24904,0,0,0,0,0
34705,ECG,3646,24506,0,0,0,0,0
34705,ECG,3647,24244,0,0,0,0,0
34710,ECG,3648,24010,0,0,0,0,0
34710,ECG,3649,23817,0,0,0,0,0
34710,ECG,3650,23658,0,0,0,0,0
34715,ECG,3651,23549,0,0,0,0,0
34715,ECG,3652,23475,0,0,0,0,0
34720,ECG,3653,23401,0,0,0,0,0
34720,ECG,3654,23340,0,0,0,0,0
34720,ECG,3655,23247,0,0,0,0,0
34725,ECG,3656,23101,0,0,0,0,0
34725,ECG,3657,22865,0,0,0,0,0
34730,ECG,3658,22680,0,0,0,0,0
34730,ECG,3659,22500,0,0,0,0,0
34730,ECG,3660,22323,0,0,0,0,0
34735,ECG,3661,22186,0,0,0,0,0
34735,ECG,3662,22062,0,0,0,0,0
34740,ECG,3663,21896,0,0,0,0,0
34740,ECG,3664,21789,0,0,0,0,0
34745,ECG,3665,21662,0,0,0,0,0
34745,ECG,3666,21505,0,0,0,0,0
34750,ECG,3667,21139,0,0,0,0,0
34750,ECG,3668,20994,0,0,0,0,0
34755,ECG,3669,20865,0,0,0,0,0
34755,ECG,3670,20748,0,0,0,0,0
34760,ECG,3671,20590,0,0,0,0,0
34760,ECG,3672,20481,0,0,0,0,0
34765,ECG,3673,20336,0,0,0,0,0
34765,ECG,3674,20157,0,0,0,0,0
34765,ECG,3675,19957,0,0,0,0,0
34770,ECG,3676,19784,0,0,0,0,0
34770,ECG,3677,19634,0,0,0,0,0
34775,ECG,3678,19513,0,0,0,0,0
34775,ECG,3679,19421,0,0,0,0,0
34775,ECG,3680,19350,0,0,0,0,0
34780,ECG,3681,19293,0,0,0,0,0
34780,ECG,3682,19221,0,0,0,0,0
34785,ECG,3683,19121,0,0,0,0,0
34785,ECG,3684,18972,0,0,0,0,0
34785,ECG,3685,18803,0,0,0,0,0
34790,ECG,3686,18662,0,0,0,0,0
34790,ECG,3687,18529,0,0,0,0,0
34795,ECG,3688,18310,0,0,0,0,0
34795,ECG,3689,18212,0,0,0,0,0
34800,ECG,3690,18169,0,0,0,0,0
34800,ECG,3691,18084,0,0,0,0,0
34805,ECG,3692,17741,0,0,0,0,0
34805,ECG,3693,17514,0,0,0,0,0
34810,ECG,3694,17297,0,0,0,0,0
34810,ECG,3695,17110,0,0,0,0,0
34810,ECG,3696,16981,0,0,0,0,0
34815,ECG,3697,16912,0,0,0,0,0
34815,ECG,3698,16888,0,0,0,0,0
34820,ECG,3699,16913,0,0,0,0,0
34820,ECG,3700,16922,0,0,0,0,0
34820,ECG,3701,16879,0,0,0,0,0
34825,ECG,3702,16765,0,0,0,0,0
34825,ECG,3703,16567,0,0,0,0,0
34830,ECG,3704,16388,0,0,0,0,0
34830,ECG,3705,16256,0,0,0,0,0
34830,ECG,3706,16142,0,0,0,0,0
34835,ECG,3707,16058,0,0,0,0,0
34835,ECG,3708,15995,0,0,0,0,0
34840,ECG,3709,15911,0,0,0,0,0
34840,ECG,3710,15840,0,0,0,0,0
34845,ECG,3711,15732,0,0,0,0,0
34845,ECG,3712,15573,0,0,0,0,0
34846,ECG,3713,15431,0,0,0,0,0
34850,ECG,3714,15316,0,0,0,0,0
34850,ECG,3715,15206,0,0,0,0,0
34855,ECG,3716,15122,0,0,0,0,0
34855,ECG,3717,15046,0,0,0,0,0
34855,ECG,3718,14993,0,0,0,0,0
34860,ECG,3719,14955,0,0,0,0,0
34860,ECG,3720,14876,0,0,0,0,0
34865,ECG,3721,14757,0,0,0,0,0
34865,ECG,3722,14608,0,0,0,0,0
34865,ECG,3723,14457,0,0,0,0,0
34870,ECG,3724,14330,0,0,0,0,0
34870,ECG,3725,14220,0,0,0,0,0
34875,ECG,3726,14136,0,0,0,0,0
34875,ECG,3727,14079,0,0,0,0,0
34875,ECG,3728,14038,0,0,0,0,0
34880,ECG,3729,13990,0,0,0,0,0
34880,ECG,3730,13942,0,0,0,0,0
34885,ECG,3731,13892,0,0,0,0,0
34885,ECG,3732,13786,0,0,0,0,0
34885,ECG,3733,13676,0,0,0,0,0
34890,ECG,3734,13596,0,0,0,0,0
34890,ECG,3735,13506,0,0,0,0,0
34895,ECG,3736,13333,0,0,0,0,0
34895,ECG,3737,13254,0,0,0,0,0
34900,ECG,3738,13215,0,0,0,0,0
34900,ECG,3739,13131,0,0,0,0,0
34905,ECG,3740,12804,0,0,0,0,0
34905,ECG,3741,12629,0,0,0,0,0
34910,ECG,3742,12455,0,0,0,0,0
34910,ECG,3743,12331,0,0,0,0,0
34910,ECG,3744,12271,0,0,0,0,0
34915,ECG,3745,12237,0,0,0,0,0
34915,ECG,3746,12274,0,0,0,0,0
34920,ECG,3747,12364,0,0,0,0,0
34920,ECG,3748,12339,0,0,0,0,0
34920,ECG,3749,12235,0,0,0,0,0
34925,ECG,3750,12044,0,0,0,0,0
34925,ECG,3751,11790,0,0,0,0,0
34930,ECG,3752,11621,0,0,0,0,0
34930,ECG,3753,11503,0,0,0,0,0
34930,ECG,3754,11434,0,0,0,0,0
34935,ECG,3755,11445,0,0,0,0,0
34935,ECG,3756,11485,0,0,0,0,0
34940,ECG,3757,11523,0,0,0,0,0
34940,ECG,3758,11598,0,0,0,0,0
34940,ECG,3759,11524,0,0,0,0,0
34945,ECG,3760,11423,0,0,0,0,0
34945,ECG,3761,11222,0,0,0,0,0
34946,ECG,3762,11092,0,0,0,0,0
34950,ECG,3763,10953,0,0,0,0,0
34950,ECG,3764,10846,0,0,0,0,0
34955,ECG,3765,10796,0,0,0,0,0
34955,ECG,3766,10769,0,0,0,0,0
34960,ECG,3767,10815,0,0,0,0,0
34960,ECG,3768,10806,0,0,0,0,0
34965,ECG,3769,10752,0,0,0,0,0
34965,ECG,3770,10624,0,0,0,0,0
34965,ECG,3771,10472,0,0,0,0,0
34970,ECG,3772,10368,0,0,0,0,0
34970,ECG,3773,10283,0,0,0,0,0
34975,ECG,3774,10217,0,0,0,0,0
34975,ECG,3775,10183,0,0,0,0,0
34975,ECG,3776,10167,0,0,0,0,0
34980,ECG,3777,10144,0,0,0,0,0
34980,ECG,3778,10119,0,0,0,0,0
34985,ECG,3779,10097,0,0,0,0,0
34985,ECG,3780,10022,0,0,0,0,0
34985,ECG,3781,9929,0,0,0,0,0
34990,ECG,3782,9873,0,0,0,0,0
34990,ECG,3783,9808,0,0,0,0,0
34995,ECG,3784,9685,0,0,0,0,0
34995,ECG,3785,9620,0,0,0,0,0
35000,ECG,3786,9603,0,0,0,0,0
35000,ECG,3787,9545,0,0,0,0,0
35001,ECG,3788,9423,0,0,0,0,0
35005,ECG,3789,9313,0,0,0,0,0
35005,ECG,3790,9194,0,0,0,0,0
35010,ECG,3791,9072,0,0,0,0,0
35010,ECG,3792,8980,0,0,0,0,0
35010,ECG,3793,8927,0,0,0,0,0
35015,ECG,3794,8901,0,0,0,0,0
35015,ECG,3795,8905,0,0,0,0,0
35020,ECG,3796,8940,0,0,0,0,0
35020,ECG,3797,8947,0,0,0,0,0
35020,ECG,3798,8903,0,0,0,0,0
35025,ECG,3799,8794,0,0,0,0,0
35025,ECG,3800,8646,0,0,0,0,0
35030,ECG,3801,8538,0,0,0,0,0
35030,ECG,3802,8450,0,0,0,0,0
35030,ECG,3803,8395,0,0,0,0,0
35035,ECG,3804,8363,0,0,0,0,0
35035,ECG,3805,8357,0,0,0,0,0
35040,ECG,3806,8431,0,0,0,0,0
35040,ECG,3807,8424,0,0,0,0,0
35040,ECG,3808,8328,0,0,0,0,0
35045,ECG,3809,8192,0,0,0,0,0
35045,ECG,3810,7998,0,0,0,0,0
35050,ECG,3811,7723,0,0,0,0,0
35050,ECG,3812,7666,0,0,0,0,0
35055,ECG,3813,7671,0,0,0,0,0
35055,ECG,3814,7751,0,0,0,0,0
35060,ECG,3815,7841,0,0,0,0,0
35060,ECG,3816,7871,0,0,0,0,0
35065,ECG,3817,7801,0,0,0,0,0
35065,ECG,3818,7642,0,0,0,0,0
35065,ECG,3819,7570,0,0,0,0,0
35070,ECG,3820,7520,0,0,0,0,0
35070,ECG,3821,7468,0,0,0,0,0
35075,ECG,3822,7450,0,0,0,0,0
35075,ECG,3823,7429,0,0,0,0,0
35075,ECG,3824,7414,0,0,0,0,0
35080,ECG,3825,7411,0,0,0,0,0
35080,ECG,3826,7365,0,0,0,0,0
35085,ECG,3827,7295,0,0,0,0,0
35085,ECG,3828,7234,0,0,0,0,0
35085,ECG,3829,7168,0,0,0,0,0
35090,ECG,3830,7110,0,0,0,0,0
35090,ECG,3831,7063,0,0,0,0,0
35095,ECG,3832,6991,0,0,0,0,0
35095,ECG,3833,6963,0,0,0,0,0
35100,ECG,3834,6929,0,0,0,0,0
35100,ECG,3835,6900,0,0,0,0,0
35101,ECG,3836,6864,0,0,0,0,0
35105,ECG,3837,6810,0,0,0,0,0
35105,ECG,3838,6764,0,0,0,0,0
35110,ECG,3839,6723,0,0,0,0,0
35110,ECG,3840,6677,0,0,0,0,0
35115,ECG,3841,6589,0,0,0,0,0
35115,ECG,3842,6557,0,0,0,0,0
35120,ECG,3843,6554,0,0,0,0,0
35120,ECG,3844,6511,0,0,0,0,0
35120,ECG,3845,6387,0,0,0,0,0
35125,ECG,3846,6275,0,0,0,0,0
35125,ECG,3847,6147,0,0,0,0,0
35130,ECG,3848,6025,0,0,0,0,0
35130,ECG,3849,5949,0,0,0,0,0
35130,ECG,3850,5920,0,0,0,0,0
35135,ECG,3851,5936,0,0,0,0,0
35135,ECG,3852,5993,0,0,0,0,0
35140,ECG,3853,6071,0,0,0,0,0
35140,ECG,3854,6084,0,0,0,0,0
35145,ECG,3855,6030,0,0,0,0,0
35145,ECG,3856,5937,0,0,0,0,0
35146,ECG,3857,5901,0,0,0,0,0
35150,ECG,3858,5860,0,0,0,0,0
35150,ECG,3859,5824,0,0,0,0,0
35155,ECG,3860,5797,0,0,0,0,0
35155,ECG,3861,5756,0,0,0,0,0
35160,ECG,3862,5747,0,0,0,0,0
35160,ECG,3863,5672,0,0,0,0,0
35165,ECG,3864,5579,0,0,0,0,0
35165,ECG,3865,5491,0,0,0,0,0
35165,ECG,3866,5394,0,0,0,0,0
35170,ECG,3867,5316,0,0,0,0,0
35170,ECG,3868,5277,0,0,0,0,0
35175,ECG,3869,5263,0,0,0,0,0
35175,ECG,3870,5279,0,0,0,0,0
35175,ECG,3871,5334,0,0,0,0,0
35180,ECG,3872,5351,0,0,0,0,0
35180,ECG,3873,5338,0,0,0,0,0
35185,ECG,3874,5293,0,0,0,0,0
35185,ECG,3875,5183,0,0,0,0,0
35185,ECG,3876,5099,0,0,0,0,0
35190,ECG,3877,5053,0,0,0,0,0
35190,ECG,3878,5014,0,0,0,0,0
35195,ECG,3879,5007,0,0,0,0,0
35195,ECG,3880,5023,0,0,0,0,0
35200,ECG,3881,5039,0,0,0,0,0
35200,ECG,3882,5027,0,0,0,0,0
35201,ECG,3883,4968,0,0,0,0,0
35205,ECG,3884,4885,0,0,0,0,0
35205,ECG,3885,4822,0,0,0,0,0
35210,ECG,3886,4772,0,0,0,0,0
35210,ECG,3887,4730,0,0,0,0,0
35210,ECG,3888,4710,0,0,0,0,0
35215,ECG,3889,4703,0,0,0,0,0
35215,ECG,3890,4705,0,0,0,0,0
35220,ECG,3891,4698,0,0,0,0,0
35220,ECG,3892,4697,0,0,0,0,0
35220,ECG,3893,4685,0,0,0,0,0
35225,ECG,3894,4635,0,0,0,0,0
35225,ECG,3895,4597,0,0,0,0,0
35230,ECG,3896,4570,0,0,0,0,0
35230,ECG,3897,4542,0,0,0,0,0
35230,ECG,3898,4512,0,0,0,0,0
35235,ECG,3899,4476,0,0,0,0,0
35235,ECG,3900,4486,0,0,0,0,0
35240,ECG,3901,4469,0,0,0,0,0
35240,ECG,3902,4391,0,0,0,0,0
35240,ECG,3903,4303,0,0,0,0,0
35245,ECG,3904,4214,0,0,0,0,0
35245,ECG,3905,4112,0,0,0,0,0
35250,ECG,3906,4006,0,0,0,0,0
35250,ECG,3907,4011,0,0,0,0,0
35255,ECG,3908,4050,0,0,0,0,0
35255,ECG,3909,4092,0,0,0,0,0
35260,ECG,3910,4175,0,0,0,0,0
35260,ECG,3911,4149,0,0,0,0,0
35265,ECG,3912,4045,0,0,0,0,0
35265,ECG,3913,3979,0,0,0,0,0
35265,ECG,3914,3926,0,0,0,0,0
35270,ECG,3915,3875,0,0,0,0,0
35270,ECG,3916,3850,0,0,0,0,0
35275,ECG,3917,3842,0,0,0,0,0
35275,ECG,3918,3850,0,0,0,0,0
35275,ECG,3919,3860,0,0,0,0,0
35280,ECG,3920,3864,0,0,0,0,0
35280,ECG,3921,3873,0,0,0,0,0
35285,ECG,3922,3851,0,0,0,0,0
35285,ECG,3923,3803,0,0,0,0,0
35285,ECG,3924,3776,0,0,0,0,0
35290,ECG,3925,3756,0,0,0,0,0
35290,ECG,3926,3732,0,0,0,0,0
35295,ECG,3927,3692,0,0,0,0,0
35295,ECG,3928,3702,0,0,0,0,0
35300,ECG,3929,3660,0,0,0,0,0
35300,ECG,3930,3578,0,0,0,0,0
35305,ECG,3931,3410,0,0,0,0,0
35305,ECG,3932,3330,0,0,0,0,0
35310,ECG,3933,3282,0,0,0,0,0
35310,ECG,3934,3270,0,0,0,0,0
35310,ECG,3935,3295,0,0,0,0,0
35315,ECG,3936,3337,0,0,0,0,0
35315,ECG,3937,3381,0,0,0,0,0
35320,ECG,3938,3436,0,0,0,0,0
35320,ECG,3939,3437,0,0,0,0,0
35320,ECG,3940,3377,0,0,0,0,0
35325,ECG,3941,3301,0,0,0,0,0
35325,ECG,3942,3252,0,0,0,0,0
35330,ECG,3943,3204,0,0,0,0,0
35330,ECG,3944,3172,0,0,0,0,0
35330,ECG,3945,3159,0,0,0,0,0
35335,ECG,3946,3160,0,0,0,0,0
35335,ECG,3947,3171,0,0,0,0,0
35340,ECG,3948,3178,0,0,0,0,0
35340,ECG,3949,3186,0,0,0,0,0
35340,ECG,3950,3185,0,0,0,0,0
35345,ECG,3951,3154,0,0,0,0,0
35345,ECG,3952,3120,0,0,0,0,0
35350,ECG,3953,3083,0,0,0,0,0
35350,ECG,3954,3061,0,0,0,0,0
35355,ECG,3955,3041,0,0,0,0,0
35355,ECG,3956,3028,0,0,0,0,0
35360,ECG,3957,2981,0,0,0,0,0
35360,ECG,3958,2955,0,0,0,0,0
35365,ECG,3959,2926,0,0,0,0,0
35365,ECG,3960,2899,0,0,0,0,0
35365,ECG,3961,2871,0,0,0,0,0
35370,ECG,3962,2857,0,0,0,0,0
35370,ECG,3963,2843,0,0,0,0,0
35375,ECG,3964,2822,0,0,0,0,0
35375,ECG,3965,2863,0,0,0,0,0
35375,ECG,3966,2859,0,0,0,0,0
35380,ECG,3967,2797,0,0,0,0,0
35380,ECG,3968,2702,0,0,0,0,0
35385,ECG,3969,2601,0,0,0,0,0
35385,ECG,3970,2490,0,0,0,0,0
35385,ECG,3971,2416,0,0,0,0,0
35390,ECG,3972,2389,0,0,0,0,0
35390,ECG,3973,2409,0,0,0,0,0
35395,ECG,3974,2549,0,0,0,0,0
35395,ECG,3975,2602,0,0,0,0,0
35400,ECG,3976,2674,0,0,0,0,0
35400,ECG,3977,2657,0,0,0,0,0
35401,ECG,3978,2600,0,0,0,0,0
35405,ECG,3979,2574,0,0,0,0,0
35405,ECG,3980,2565,0,0,0,0,0
35410,ECG,3981,2543,0,0,0,0,0
35410,ECG,3982,2535,0,0,0,0,0
35415,ECG,3983,2531,0,0,0,0,0
35415,ECG,3984,2524,0,0,0,0,0
35420,ECG,3985,2500,0,0,0,0,0
35420,ECG,3986,2349,0,0,0,0,0
35420,ECG,3987,2206,0,0,0,0,0
35425,ECG,3988,2037,0,0,0,0,0
35425,ECG,3989,1901,0,0,0,0,0
35430,ECG,3990,1842,0,0,0,0,0
35430,ECG,3991,1867,0,0,0,0,0
35430,ECG,3992,1966,0,0,0,0,0
35435,ECG,3993,2103,0,0,0,0,0
35435,ECG,3994,2259,0,0,0,0,0
35440,ECG,3995,2369,0,0,0,0,0
35440,ECG,3996,2354,0,0,0,0,0
35440,ECG,3997,2272,0,0,0,0,0
35445,ECG,3998,2151,0,0,0,0,0
35445,ECG,3999,2088,0,0,0,0,0
35450,ECG,4000,2029,0,0,0,0,0
35450,ECG,4001,2035,0,0,0,0,0
35455,ECG,4002,2098,0,0,0,0,0
35455,ECG,4003,2197,0,0,0,0,0
35460,ECG,4004,2162,0,0,0,0,0
35460,ECG,4005,2086,0,0,0,0,0
35465,ECG,4006,1946,0,0,0,0,0
35465,ECG,4007,1869,0,0,0,0,0
35465,ECG,4008,1834,0,0,0,0,0
35470,ECG,4009,1835,0,0,0,0,0
35470,ECG,4010,1882,0,0,0,0,0
35475,ECG,4011,1941,0,0,0,0,0
35475,ECG,4012,2038,0,0,0,0,0
35475,ECG,4013,2098,0,0,0,0,0
35480,ECG,4014,2084,0,0,0,0,0
35480,ECG,4015,1980,0,0,0,0,0
35485,ECG,4016,1864,0,0,0,0,0
35485,ECG,4017,1783,0,0,0,0,0
35485,ECG,4018,1721,0,0,0,0,0
35490,ECG,4019,1702,0,0,0,0,0
35490,ECG,4020,1719,0,0,0,0,0
35495,ECG,4021,1877,0,0,0,0,0
35495,ECG,4022,1906,0,0,0,0,0
35500,ECG,4023,1939,0,0,0,0,0
35500,ECG,4024,1903,0,0,0,0,0
35501,ECG,4025,1786,0,0,0,0,0
35505,ECG,4026,1733,0,0,0,0,0
35505,ECG,4027,1710,0,0,0,0,0
35510,ECG,4028,1698,0,0,0,0,0
35510,ECG,4029,1723,0,0,0,0,0
35515,ECG,4030,1799,0,0,0,0,0
35515,ECG,4031,1856,0,0,0,0,0
35520,ECG,4032,1834,0,0,0,0,0
35520,ECG,4033,1748,0,0,0,0,0
35520,ECG,4034,1672,0,0,0,0,0
35525,ECG,4035,1587,0,0,0,0,0
35525,ECG,4036,1524,0,0,0,0,0
35530,ECG,4037,1501,0,0,0,0,0
35530,ECG,4038,1515,0,0,0,0,0
35530,ECG,4039,1554,0,0,0,0,0
35535,ECG,4040,1625,0,0,0,0,0
35535,ECG,4041,1700,0,0,0,0,0
35540,ECG,4042,1734,0,0,0,0,0
35540,ECG,4043,1707,0,0,0,0,0
35540,ECG,4044,1614,0,0,0,0,0
35545,ECG,4045,1536,0,0,0,0,0
35545,ECG,4046,1494,0,0,0,0,0
35550,ECG,4047,1463,0,0,0,0,0
35550,ECG,4048,1486,0,0,0,0,0
35555,ECG,4049,1524,0,0,0,0,0
35555,ECG,4050,1583,0,0,0,0,0
35560,ECG,4051,1607,0,0,0,0,0
35560,ECG,4052,1540,0,0,0,0,0
35565,ECG,4053,1469,0,0,0,0,0
35565,ECG,4054,1425,0,0,0,0,0
35565,ECG,4055,1390,0,0,0,0,0
35570,ECG,4056,1383,0,0,0,0,0
35570,ECG,4057,1392,0,0,0,0,0
35575,ECG,4058,1422,0,0,0,0,0
35575,ECG,4059,1492,0,0,0,0,0
35575,ECG,4060,1521,0,0,0,0,0
35580,ECG,4061,1494,0,0,0,0,0
35580,ECG,4062,1423,0,0,0,0,0
35585,ECG,4063,1320,0,0,0,0,0
35585,ECG,4064,1242,0,0,0,0,0
35585,ECG,4065,1195,0,0,0,0,0
35590,ECG,4066,1185,0,0,0,0,0
35590,ECG,4067,1207,0,0,0,0,0
35595,ECG,4068,1364,0,0,0,0,0
35595,ECG,4069,1405,0,0,0,0,0
35600,ECG,4070,1408,0,0,0,0,0
35600,ECG,4071,1363,0,0,0,0,0
35601,ECG,4072,1260,0,0,0,0,0
35605,ECG,4073,1198,0,0,0,0,0
35605,ECG,4074,1171,0,0,0,0,0
35610,ECG,4075,1161,0,0,0,0,0
35610,ECG,4076,1193,0,0,0,0,0
35615,ECG,4077,1278,0,0,0,0,0
35615,ECG,4078,1359,0,0,0,0,0
35620,ECG,4079,1350,0,0,0,0,0
35620,ECG,4080,1283,0,0,0,0,0
35620,ECG,4081,1193,0,0,0,0,0
35625,ECG,4082,1123,0,0,0,0,0
35625,ECG,4083,1056,0,0,0,0,0
35630,ECG,4084,1028,0,0,0,0,0
35630,ECG,4085,1036,0,0,0,0,0
35630,ECG,4086,1063,0,0,0,0,0
35635,ECG,4087,1170,0,0,0,0,0
35635,ECG,4088,1251,0,0,0,0,0
35640,ECG,4089,1236,0,0,0,0,0
35640,ECG,4090,1199,0,0,0,0,0
35640,ECG,4091,1080,0,0,0,0,0
36647,ECG,4092,0,0,0,0,0,0
36647,ECG,4093,-1,0,0,0,0,0
36647,ECG,4094,-6,0,0,0,0,0
36652,ECG,4095,2,0,0,0,0,0
34944,IMU,832,1244,-196,8476,-98,50,49
34963,IMU,833,1220,-156,8352,-93,62,30
34983,IMU,834,1260,-96,8408,-67,64,40
35002,IMU,835,1236,-196,8476,-101,71,55
35021,IMU,836,1264,-120,8396,-83,39,40
35039,IMU,837,1292,-188,8408,-86,62,43
35060,IMU,838,1272,-152,8340,-78,66,45
35079,IMU,839,1224,-168,8428,-109,54,51
35097,IMU,840,1232,-224,8376,-86,67,46
35116,IMU,841,1276,-212,8416,-75,65,37
35135,IMU,842,1268,-264,8408,-82,53,48
35154,IMU,843,1252,-264,8320,-88,63,43
35173,IMU,844,1236,-216,8420,-62,54,38
35192,IMU,845,1224,-212,8408,-77,60,37
35211,IMU,846,1316,-228,8412,-78,61,36
35231,IMU,847,1376,-116,8384,-80,57,45
35249,IMU,848,1184,-144,8356,-92,56,51
35269,IMU,849,1196,-160,8420,-95,67,51
35289,IMU,850,1264,-196,8284,-70,57,47
35307,IMU,851,1216,-252,8456,-86,56,43
35326,IMU,852,1388,-200,8468,-73,61,52
35345,IMU,853,1260,-244,8392,-97,61,46
35364,IMU,854,1212,-216,8344,-104,58,31
35383,IMU,855,1232,-232,8372,-73,64,48
35403,IMU,856,1252,-180,8364,-75,44,46
35422,IMU,857,1208,-176,8356,-84,51,48
35441,IMU,858,1368,-244,8428,-91,58,36
35459,IMU,859,1268,-128,8384,-88,42,39
35479,IMU,860,1296,-152,8416,-83,50,16
35501,IMU,861,1292,-200,8516,-83,65,34
35518,IMU,862,1260,-164,8432,-75,56,53
35536,IMU,863,1232,-104,8360,-77,61,39
35555,IMU,864,1328,-56,8384,-77,62,41
35574,IMU,865,1368,-164,8364,-79,78,53
35593,IMU,866,1136,-248,8452,-89,52,56
35613,IMU,867,1272,-212,8376,-95,56,51
35631,IMU,868,1204,-212,8480,-77,41,43
35650,IMU,869,1232,-220,8364,-99,42,36
35669,IMU,870,1260,-136,8396,-81,73,59
35688,IMU,871,1332,-212,8424,-93,56,40
35708,IMU,872,1260,-216,8436,-78,56,31
35730,IMU,873,1388,-224,8356,-95,63,55
35746,IMU,874,1292,-128,8456,-107,67,47
35765,IMU,875,1196,-184,8476,-80,61,65
35784,IMU,876,1276,-196,8396,-80,49,53
35803,IMU,877,1268,-112,8400,-100,50,58
35823,IMU,878,1252,-188,8360,-89,66,44
35842,IMU,879,1112,-196,8448,-90,59,37
35861,IMU,880,1172,-192,8384,-90,82,60
35880,IMU,881,1284,-272,8324,-87,76,51
35899,IMU,882,1312,-236,8356,-82,61,33
35918,IMU,883,1164,-208,8412,-102,62,40
35941,IMU,884,1352,-204,8372,-89,74,45
35957,IMU,885,1156,-116,8428,-83,71,48
35976,IMU,886,1232,-188,8340,-86,53,44
35995,IMU,887,1320,-212,8460,-102,82,37
36014,IMU,888,1124,-172,8376,-92,65,32
36033,IMU,889,1248,-296,8408,-106,56,39
36052,IMU,890,1332,-244,8412,-83,63,55
36072,IMU,891,1204,-180,8460,-104,56,53
36091,IMU,892,1248,-100,8368,-83,59,51
36110,IMU,893,1292,-96,8428,-95,58,31
36129,IMU,894,1356,-156,8464,-88,60,29
36148,IMU,895,1172,-204,8360,-88,69,44
36168,IMU,896,1240,-224,8368,-82,54,45
36187,IMU,897,1280,-172,8352,-96,54,38
36206,IMU,898,1276,-276,8440,-82,52,35
36225,IMU,899,1260,-196,8384,-70,59,31
36244,IMU,900,1188,-212,8420,-76,65,47
36263,IMU,901,1244,-224,8448,-102,53,42
36282,IMU,902,1244,-276,8404,-89,56,39
36302,IMU,903,1224,-240,8440,-99,72,45
36321,IMU,904,1184,-244,8432,-81,67,42
36340,IMU,905,1256,-264,8392,-85,55,49
36359,IMU,906,1356,-144,8332,-74,45,44
36380,IMU,907,1260,-136,8332,-87,55,29
36397,IMU,908,1292,-248,8392,-87,52,45
36417,IMU,909,1216,-196,8472,-85,50,32
36436,IMU,910,1308,-236,8308,-82,67,37
36455,IMU,911,1240,-204,8340,-87,62,42
36474,IMU,912,1256,-236,8380,-72,54,52
36493,IMU,913,1216,-180,8464,-81,59,44
36512,IMU,914,1196,-160,8396,-96,58,39
36531,IMU,915,1268,-172,8388,-97,58,42
36551,IMU,916,1236,-240,8424,-82,53,27
36570,IMU,917,1220,-136,8380,-76,52,46
36591,IMU,918,1284,-76,8432,-77,71,54
36610,IMU,919,1208,-180,8428,-86,67,52
36627,IMU,920,1352,-144,8456,-88,67,43
36647,IMU,921,1252,-232,8404,-110,63,39
36666,IMU,922,1312,-152,8432,-80,66,46
36685,IMU,923,1284,-252,8492,-90,39,37
36704,IMU,924,1340,-204,8408,-88,50,44
36723,IMU,925,1228,-176,8480,-85,57,47
36742,IMU,926,1320,-244,8388,-103,49,46
36761,IMU,927,1216,-160,8412,-83,60,50
36780,IMU,928,1176,-272,8296,-90,65,50
36800,IMU,929,1280,-256,8468,-96,59,28
36821,IMU,930,1204,-168,8424,-86,52,38
36838,IMU,931,1256,-164,8388,-92,49,58
36856,IMU,932,1296,-220,8360,-69,68,43
36876,IMU,933,1200,-76,8404,-91,70,42
36895,IMU,934,1248,-160,8428,-85,64,23
36914,IMU,935,1284,-192,8384,-75,55,46
36933,IMU,936,1356,-212,8400,-79,73,41
36952,IMU,937,1192,-244,8348,-86,66,46
36971,IMU,938,1192,-172,8452,-104,55,46
36990,IMU,939,1348,-200,8456,-87,34,17
37010,IMU,940,1320,-104,8416,-82,58,47
37032,IMU,941,1196,-164,8472,-92,55,59
37051,IMU,942,1244,-216,8376,-84,46,34
37066,IMU,943,1228,-152,8404,-84,50,39
37086,IMU,944,1268,-212,8396,-85,54,30
37105,IMU,945,1276,-104,8368,-80,54,41
37124,IMU,946,1224,-220,8436,-80,56,43
37143,IMU,947,1204,-240,8412,-95,60,47
37162,IMU,948,1372,-56,8436,-83,53,44
37181,IMU,949,1288,-156,8328,-89,59,49
37203,IMU,950,1316,-236,8404,-76,59,50
37220,IMU,951,1276,-164,8388,-76,47,62
37239,IMU,952,1272,-168,8508,-74,59,46
37259,IMU,953,1256,-292,8344,-79,70,46
37276,IMU,954,1172,-228,8332,-84,59,46
37296,IMU,955,1276,-172,8444,-87,65,36
37315,IMU,956,1348,-152,8432,-94,62,48
37334,IMU,957,1204,-264,8404,-91,60,57
37353,IMU,958,1140,-192,8448,-87,61,56
37372,IMU,959,1304,-112,8444,-96,45,30
37391,IMU,960,1228,-200,8328,-75,63,43
37410,IMU,961,1276,-204,8408,-90,60,47
37430,IMU,962,1308,-148,8524,-104,65,40
37448,IMU,963,1220,-200,8384,-115,58,51
37470,IMU,964,1224,-244,8528,-70,57,38
37486,IMU,965,1232,-376,8384,-96,73,46
37506,IMU,966,1272,-236,8420,-86,51,39
37525,IMU,967,1204,-256,8356,-76,47,45
37544,IMU,968,1280,-56,8444,-92,36,39
37563,IMU,969,1348,-212,8392,-87,62,33
37582,IMU,970,1288,-160,8360,-85,61,48
37601,IMU,971,1312,-224,8336,-88,47,30
37620,IMU,972,1284,-208,8380,-77,78,40
37639,IMU,973,1252,-188,8492,-70,60,40
37658,IMU,974,1216,-228,8356,-97,54,49
37678,IMU,975,1184,-176,8400,-91,64,29
37699,IMU,976,1288,-180,8316,-91,52,34
37715,IMU,977,1216,-236,8484,-80,58,53
37734,IMU,978,1264,-180,8388,-74,62,45
37754,IMU,979,1340,-140,8432,-99,59,46
37773,IMU,980,1236,-248,8436,-80,56,49
37792,IMU,981,1296,-268,8472,-84,48,37
37811,IMU,982,1264,-180,8376,-71,44,49
37830,IMU,983,1324,-180,8460,-102,78,50
37849,IMU,984,1236,-184,8404,-86,50,33
37868,IMU,985,1260,-136,8360,-80,58,33
37888,IMU,986,1276,-184,8420,-86,64,47
37910,IMU,987,1188,-180,8364,-77,69,46
37926,IMU,988,1260,-192,8344,-82,62,50
37945,IMU,989,1232,-252,8376,-85,55,47
37964,IMU,990,1220,-200,8412,-93,58,65
37983,IMU,991,1224,-160,8448,-89,74,41
38003,IMU,992,1316,-256,8388,-84,54,45
38022,IMU,993,1280,-152,8432,-101,50,58
38041,IMU,994,1280,-152,8412,-85,55,46
38060,IMU,995,1212,-228,8424,-108,58,48
38079,IMU,996,1340,-216,8404,-74,61,27
38098,IMU,997,1248,-148,8432,-84,58,52
38120,IMU,998,1200,-128,8348,-75,56,33
38138,IMU,999,1284,-152,8400,-104,69,43
38156,IMU,1000,1244,-184,8512,-85,49,42
38175,IMU,1001,1240,-236,8448,-92,63,50
38194,IMU,1002,1260,-220,8392,-75,55,42
38213,IMU,1003,1336,-212,8332,-86,50,39
38234,IMU,1004,1212,-256,8372,-99,77,45
38252,IMU,1005,1144,-124,8380,-91,77,44
38271,IMU,1006,1216,-280,8400,-91,49,36
38290,IMU,1007,1240,-164,8452,-88,69,39
38309,IMU,1008,1208,-204,8376,-84,48,43
38328,IMU,1009,1280,-168,8384,-81,45,66
38350,IMU,1010,1292,-244,8408,-96,62,48
38367,IMU,1011,1152,-196,8400,-73,65,55
38386,IMU,1012,1236,-228,8408,-82,53,54
38405,IMU,1013,1352,-232,8424,-82,51,54
38424,IMU,1014,1204,-128,8388,-79,52,44
38443,IMU,1015,1268,-204,8504,-90,58,43
38462,IMU,1016,1220,-32,8376,-76,71,34
38482,IMU,1017,1260,-212,8424,-86,42,34
38501,IMU,1018,1280,-252,8428,-101,46,41
38520,IMU,1019,1236,-80,8388,-95,69,43
38539,IMU,1020,1176,-260,8372,-99,51,43
38562,IMU,1021,1236,-108,8384,-101,50,33
38578,IMU,1022,1304,-188,8456,-87,57,48
38597,IMU,1023,1264,-248,8376,-82,57,43
38616,IMU,1024,1228,-176,8368,-83,53,41
38635,IMU,1025,1252,-228,8292,-95,57,40
38654,IMU,1026,1296,-140,8456,-91,59,47
38673,IMU,1027,1328,-232,8392,-83,67,28
38692,IMU,1028,1264,-136,8384,-86,73,41
38711,IMU,1029,1320,-132,8448,-88,52,46
38731,IMU,1030,1200,-168,8452,-94,65,45
38750,IMU,1031,1316,-184,8424,-72,50,48
38769,IMU,1032,1304,-200,8352,-87,58,54
38792,IMU,1033,1320,-96,8432,-96,60,46
38807,IMU,1034,1252,-272,8380,-93,55,39
38827,IMU,1035,1292,-200,8356,-86,57,42
38846,IMU,1036,1184,-256,8432,-88,57,46
38865,IMU,1037,1248,-244,8400,-113,55,36
38883,IMU,1038,1320,-232,8400,-87,72,40
38903,IMU,1039,1264,-112,8444,-72,50,40
36652,ECG,4096,6,0,0,0,0,0
36657,ECG,4097,38,0,0,0,0,0
36657,ECG,4098,-16,0,0,0,0,0
36662,ECG,4099,-27,0,0,0,0,0
36662,ECG,4100,151,0,0,0,0,0
36663,ECG,4101,-754,0,0,0,0,0
36667,ECG,4102,-2110,0,0,0,0,0
36667,ECG,4103,-1847,0,0,0,0,0
36672,ECG,4104,-40,0,0,0,0,0
36672,ECG,4105,3397,0,0,0,0,0
36677,ECG,4106,15173,0,0,0,0,0
36677,ECG,4107,21668,0,0,0,0,0
36682,ECG,4108,27344,0,0,0,0,0
36682,ECG,4109,31217,0,0,0,0,0
36682,ECG,4110,32011,0,0,0,0,0
36687,ECG,4111,31810,0,0,0,0,0
36687,ECG,4112,31610,0,0,0,0,0
36692,ECG,4113,31227,0,0,0,0,0
36692,ECG,4114,31037,0,0,0,0,0
36692,ECG,4115,30991,0,0,0,0,0
36697,ECG,4116,30731,0,0,0,0,0
36697,ECG,4117,30624,0,0,0,0,0
36702,ECG,4118,30413,0,0,0,0,0
36702,ECG,4119,30192,0,0,0,0,0
36702,ECG,4120,30021,0,0,0,0,0
36707,ECG,4121,29828,0,0,0,0,0
36707,ECG,4122,29638,0,0,0,0,0
36712,ECG,4123,29265,0,0,0,0,0
36712,ECG,4124,29090,0,0,0,0,0
36717,ECG,4125,28914,0,0,0,0,0
36717,ECG,4126,28718,0,0,0,0,0
36722,ECG,4127,28334,0,0,0,0,0
36722,ECG,4128,28137,0,0,0,0,0
36727,ECG,4129,27955,0,0,0,0,0
36727,ECG,4130,27774,0,0,0,0,0
36727,ECG,4131,27603,0,0,0,0,0
36732,ECG,4132,27475,0,0,0,0,0
36732,ECG,4133,27334,0,0,0,0,0
36737,ECG,4134,27138,0,0,0,0,0
36737,ECG,4135,26923,0,0,0,0,0
36737,ECG,4136,26680,0,0,0,0,0
36742,ECG,4137,26421,0,0,0,0,0
36742,ECG,4138,26192,0,0,0,0,0
36747,ECG,4139,26004,0,0,0,0,0
36747,ECG,4140,25861,0,0,0,0,0
36747,ECG,4141,25758,0,0,0,0,0
36752,ECG,4142,25673,0,0,0,0,0
36752,ECG,4143,25605,0,0,0,0,0
36757,ECG,4144,25525,0,0,0,0,0
36757,ECG,4145,25366,0,0,0,0,0
36757,ECG,4146,25152,0,0,0,0,0
36762,ECG,4147,24939,0,0,0,0,0
36762,ECG,4148,24738,0,0,0,0,0
36767,ECG,4149,24399,0,0,0,0,0
36767,ECG,4150,24261,0,0,0,0,0
36772,ECG,4151,24145,0,0,0,0,0
36772,ECG,4152,24031,0,0,0,0,0
36777,ECG,4153,23801,0,0,0,0,0
36777,ECG,4154,23655,0,0,0,0,0
36782,ECG,4155,23490,0,0,0,0,0
36782,ECG,4156,23338,0,0,0,0,0
36782,ECG,4157,23189,0,0,0,0,0
36787,ECG,4158,23044,0,0,0,0,0
36787,ECG,4159,22903,0,0,0,0,0
36792,ECG,4160,22745,0,0,0,0,0
36792,ECG,4161,22637,0,0,0,0,0
36792,ECG,4162,22514,0,0,0,0,0
36797,ECG,4163,22332,0,0,0,0,0
36797,ECG,4164,22128,0,0,0,0,0
36802,ECG,4165,21932,0,0,0,0,0
36802,ECG,4166,21716,0,0,0,0,0
36802,ECG,4167,21530,0,0,0,0,0
36807,ECG,4168,21382,0,0,0,0,0
36807,ECG,4169,21270,0,0,0,0,0
36812,ECG,4170,21139,0,0,0,0,0
36812,ECG,4171,21061,0,0,0,0,0
36817,ECG,4172,21015,0,0,0,0,0
36817,ECG,4173,20883,0,0,0,0,0
36818,ECG,4174,20699,0,0,0,0,0
36822,ECG,4175,20537,0,0,0,0,0
36822,ECG,4176,20392,0,0,0,0,0
36827,ECG,4177,20232,0,0,0,0,0
36827,ECG,4178,20101,0,0,0,0,0
36832,ECG,4179,19878,0,0,0,0,0
36832,ECG,4180,19814,0,0,0,0,0
36837,ECG,4181,19681,0,0,0,0,0
36837,ECG,4182,19527,0,0,0,0,0
36837,ECG,4183,19383,0,0,0,0,0
36842,ECG,4184,19191,0,0,0,0,0
36842,ECG,4185,19010,0,0,0,0,0
36847,ECG,4186,18879,0,0,0,0,0
36847,ECG,4187,18774,0,0,0,0,0
36847,ECG,4188,18696,0,0,0,0,0
36852,ECG,4189,18640,0,0,0,0,0
36852,ECG,4190,18577,0,0,0,0,0
36857,ECG,4191,18507,0,0,0,0,0
36857,ECG,4192,18411,0,0,0,0,0
36857,ECG,4193,18253,0,0,0,0,0
36862,ECG,4194,18102,0,0,0,0,0
36862,ECG,4195,17984,0,0,0,0,0
36867,ECG,4196,17752,0,0,0,0,0
36867,ECG,4197,17652,0,0,0,0,0
36872,ECG,4198,17556,0,0,0,0,0
36872,ECG,4199,17458,0,0,0,0,0
36877,ECG,4200,17264,0,0,0,0,0
36877,ECG,4201,17148,0,0,0,0,0
36882,ECG,4202,17032,0,0,0,0,0
36882,ECG,4203,16928,0,0,0,0,0
36882,ECG,4204,16821,0,0,0,0,0
36887,ECG,4205,16714,0,0,0,0,0
36887,ECG,4206,16611,0,0,0,0,0
36892,ECG,4207,16502,0,0,0,0,0
36892,ECG,4208,16404,0,0,0,0,0
36892,ECG,4209,16312,0,0,0,0,0
36897,ECG,4210,16199,0,0,0,0,0
36897,ECG,4211,16081,0,0,0,0,0
36902,ECG,4212,15967,0,0,0,0,0
36902,ECG,4213,15848,0,0,0,0,0
36902,ECG,4214,15734,0,0,0,0,0
36907,ECG,4215,15631,0,0,0,0,0
36907,ECG,4216,15535,0,0,0,0,0
36912,ECG,4217,15450,0,0,0,0,0
36912,ECG,4218,15380,0,0,0,0,0
36912,ECG,4219,15294,0,0,0,0,0
36917,ECG,4220,15202,0,0,0,0,0
36917,ECG,4221,15109,0,0,0,0,0
36922,ECG,4222,14880,0,0,0,0,0
36922,ECG,4223,14786,0,0,0,0,0
36927,ECG,4224,14691,0,0,0,0,0
36927,ECG,4225,14607,0,0,0,0,0
36932,ECG,4226,14443,0,0,0,0,0
36932,ECG,4227,14373,0,0,0,0,0
36937,ECG,4228,14292,0,0,0,0,0
36937,ECG,4229,14183,0,0,0,0,0
36937,ECG,4230,14075,0,0,0,0,0
36942,ECG,4231,13973,0,0,0,0,0
36942,ECG,4232,13871,0,0,0,0,0
36947,ECG,4233,13774,0,0,0,0,0
36947,ECG,4234,13692,0,0,0,0,0
36947,ECG,4235,13608,0,0,0,0,0
36952,ECG,4236,13539,0,0,0,0,0
36952,ECG,4237,13506,0,0,0,0,0
36957,ECG,4238,13429,0,0,0,0,0
36957,ECG,4239,13305,0,0,0,0,0
36957,ECG,4240,13174,0,0,0,0,0
36962,ECG,4241,13027,0,0,0,0,0
36962,ECG,4242,12892,0,0,0,0,0
36967,ECG,4243,12709,0,0,0,0,0
36967,ECG,4244,12652,0,0,0,0,0
36972,ECG,4245,12633,0,0,0,0,0
36972,ECG,4246,12664,0,0,0,0,0
36977,ECG,4247,12507,0,0,0,0,0
36977,ECG,4248,12351,0,0,0,0,0
36982,ECG,4249,12152,0,0,0,0,0
36982,ECG,4250,11995,0,0,0,0,0
36982,ECG,4251,11881,0,0,0,0,0
36987,ECG,4252,11810,0,0,0,0,0
36987,ECG,4253,11786,0,0,0,0,0
36992,ECG,4254,11802,0,0,0,0,0
36992,ECG,4255,11830,0,0,0,0,0
36992,ECG,4256,11837,0,0,0,0,0
36997,ECG,4257,11789,0,0,0,0,0
36997,ECG,4258,11665,0,0,0,0,0
37002,ECG,4259,11490,0,0,0,0,0
37002,ECG,4260,11373,0,0,0,0,0
37002,ECG,4261,11269,0,0,0,0,0
37007,ECG,4262,11188,0,0,0,0,0
37007,ECG,4263,11144,0,0,0,0,0
37012,ECG,4264,11112,0,0,0,0,0
37012,ECG,4265,11103,0,0,0,0,0
37017,ECG,4266,11054,0,0,0,0,0
37017,ECG,4267,10964,0,0,0,0,0
37018,ECG,4268,10842,0,0,0,0,0
37022,ECG,4269,10729,0,0,0,0,0
37022,ECG,4270,10638,0,0,0,0,0
37027,ECG,4271,10570,0,0,0,0,0
37027,ECG,4272,10507,0,0,0,0,0
37032,ECG,4273,10495,0,0,0,0,0
37032,ECG,4274,10456,0,0,0,0,0
37037,ECG,4275,10341,0,0,0,0,0
37037,ECG,4276,10217,0,0,0,0,0
37037,ECG,4277,10047,0,0,0,0,0
37042,ECG,4278,9888,0,0,0,0,0
37042,ECG,4279,9785,0,0,0,0,0
37047,ECG,4280,9720,0,0,0,0,0
37047,ECG,4281,9705,0,0,0,0,0
37047,ECG,4282,9734,0,0,0,0,0
37052,ECG,4283,9754,0,0,0,0,0
37052,ECG,4284,9766,0,0,0,0,0
37057,ECG,4285,9773,0,0,0,0,0
37057,ECG,4286,9712,0,0,0,0,0
37057,ECG,4287,9603,0,0,0,0,0
37062,ECG,4288,9544,0,0,0,0,0
37062,ECG,4289,9488,0,0,0,0,0
37067,ECG,4290,9366,0,0,0,0,0
37067,ECG,4291,9306,0,0,0,0,0
37072,ECG,4292,9246,0,0,0,0,0
37072,ECG,4293,9188,0,0,0,0,0
37077,ECG,4294,9072,0,0,0,0,0
37077,ECG,4295,9015,0,0,0,0,0
37082,ECG,4296,8958,0,0,0,0,0
37082,ECG,4297,8901,0,0,0,0,0
37082,ECG,4298,8845,0,0,0,0,0
37087,ECG,4299,8789,0,0,0,0,0
37087,ECG,4300,8733,0,0,0,0,0
37092,ECG,4301,8678,0,0,0,0,0
37092,ECG,4302,8623,0,0,0,0,0
37092,ECG,4303,8568,0,0,0,0,0
37097,ECG,4304,8514,0,0,0,0,0
37097,ECG,4305,8460,0,0,0,0,0
37102,ECG,4306,8406,0,0,0,0,0
37102,ECG,4307,8353,0,0,0,0,0
37102,ECG,4308,8300,0,0,0,0,0
37107,ECG,4309,8247,0,0,0,0,0
37107,ECG,4310,8195,0,0,0,0,0
37112,ECG,4311,8091,0,0,0,0,0
37112,ECG,4312,8040,0,0,0,0,0
37117,ECG,4313,7989,0,0,0,0,0
37117,ECG,4314,7938,0,0,0,0,0
37118,ECG,4315,7888,0,0,0,0,0
37122,ECG,4316,7838,0,0,0,0,0
37122,ECG,4317,7788,0,0,0,0,0
37127,ECG,4318,7739,0,0,0,0,0
37127,ECG,4319,7690,0,0,0,0,0
37132,ECG,4320,7593,0,0,0,0,0
37132,ECG,4321,7544,0,0,0,0,0
37137,ECG,4322,7496,0,0,0,0,0
37137,ECG,4323,7449,0,0,0,0,0
37137,ECG,4324,7402,0,0,0,0,0
37142,ECG,4325,7355,0,0,0,0,0
37142,ECG,4326,7307,0,0,0,0,0
37147,ECG,4327,7262,0,0,0,0,0
37147,ECG,4328,7215,0,0,0,0,0
37147,ECG,4329,7168,0,0,0,0,0
37152,ECG,4330,7139,0,0,0,0,0
37152,ECG,4331,7096,0,0,0,0,0
37157,ECG,4332,7029,0,0,0,0,0
37157,ECG,4333,6962,0,0,0,0,0
37157,ECG,4334,6891,0,0,0,0,0
37162,ECG,4335,6821,0,0,0,0,0
37162,ECG,4336,6759,0,0,0,0,0
37167,ECG,4337,6687,0,0,0,0,0
37167,ECG,4338,6663,0,0,0,0,0
37172,ECG,4339,6673,0,0,0,0,0
37172,ECG,4340,6670,0,0,0,0,0
37177,ECG,4341,6535,0,0,0,0,0
37177,ECG,4342,6441,0,0,0,0,0
37182,ECG,4343,6350,0,0,0,0,0
37182,ECG,4344,6281,0,0,0,0,0
37182,ECG,4345,6235,0,0,0,0,0
37187,ECG,4346,6213,0,0,0,0,0
37187,ECG,4347,6215,0,0,0,0,0
37192,ECG,4348,6222,0,0,0,0,0
37192,ECG,4349,6216,0,0,0,0,0
37192,ECG,4350,6223,0,0,0,0,0
37197,ECG,4351,6195,0,0,0,0,0
37197,ECG,4352,6122,0,0,0,0,0
37202,ECG,4353,6078,0,0,0,0,0
37202,ECG,4354,6046,0,0,0,0,0
37202,ECG,4355,6003,0,0,0,0,0
37207,ECG,4356,5966,0,0,0,0,0
37207,ECG,4357,5929,0,0,0,0,0
37212,ECG,4358,5890,0,0,0,0,0
37212,ECG,4359,5853,0,0,0,0,0
37212,ECG,4360,5816,0,0,0,0,0
37217,ECG,4361,5779,0,0,0,0,0
37217,ECG,4362,5742,0,0,0,0,0
37222,ECG,4363,5670,0,0,0,0,0
37222,ECG,4364,5631,0,0,0,0,0
37227,ECG,4365,5598,0,0,0,0,0
37227,ECG,4366,5563,0,0,0,0,0
37232,ECG,4367,5514,0,0,0,0,0
37232,ECG,4368,5498,0,0,0,0,0
37237,ECG,4369,5418,0,0,0,0,0
37237,ECG,4370,5336,0,0,0,0,0
37237,ECG,4371,5256,0,0,0,0,0
37242,ECG,4372,5165,0,0,0,0,0
37242,ECG,4373,5096,0,0,0,0,0
37247,ECG,4374,5058,0,0,0,0,0
37247,ECG,4375,5046,0,0,0,0,0
37247,ECG,4376,5063,0,0,0,0,0
37252,ECG,4377,5094,0,0,0,0,0
37252,ECG,4378,5104,0,0,0,0,0
37257,ECG,4379,5114,0,0,0,0,0
37257,ECG,4380,5087,0,0,0,0,0
37257,ECG,4381,5006,0,0,0,0,0
37262,ECG,4382,4955,0,0,0,0,0
37262,ECG,4383,4926,0,0,0,0,0
37267,ECG,4384,4889,0,0,0,0,0
37267,ECG,4385,4865,0,0,0,0,0
37267,ECG,4386,4846,0,0,0,0,0
37272,ECG,4387,4825,0,0,0,0,0
37272,ECG,4388,4803,0,0,0,0,0
37277,ECG,4389,4753,0,0,0,0,0
37277,ECG,4390,4714,0,0,0,0,0
37282,ECG,4391,4684,0,0,0,0,0
37282,ECG,4392,4655,0,0,0,0,0
37287,ECG,4393,4596,0,0,0,0,0
37287,ECG,4394,4566,0,0,0,0,0
37292,ECG,4395,4536,0,0,0,0,0
37292,ECG,4396,4508,0,0,0,0,0
37292,ECG,4397,4479,0,0,0,0,0
37297,ECG,4398,4450,0,0,0,0,0
37297,ECG,4399,4421,0,0,0,0,0
37302,ECG,4400,4394,0,0,0,0,0
37302,ECG,4401,4365,0,0,0,0,0
37302,ECG,4402,4336,0,0,0,0,0
37307,ECG,4403,4311,0,0,0,0,0
37307,ECG,4404,4279,0,0,0,0,0
37312,ECG,4405,4256,0,0,0,0,0
37312,ECG,4406,4248,0,0,0,0,0
37312,ECG,4407,4211,0,0,0,0,0
37317,ECG,4408,4157,0,0,0,0,0
37317,ECG,4409,4111,0,0,0,0,0
37322,ECG,4410,4008,0,0,0,0,0
37322,ECG,4411,3973,0,0,0,0,0
37327,ECG,4412,3951,0,0,0,0,0
37327,ECG,4413,3944,0,0,0,0,0
37332,ECG,4414,3944,0,0,0,0,0
37332,ECG,4415,3941,0,0,0,0,0
37337,ECG,4416,3938,0,0,0,0,0
37337,ECG,4417,3900,0,0,0,0,0
37337,ECG,4418,3862,0,0,0,0,0
37342,ECG,4419,3841,0,0,0,0,0
37342,ECG,4420,3815,0,0,0,0,0
37347,ECG,4421,3793,0,0,0,0,0
37347,ECG,4422,3763,0,0,0,0,0
37347,ECG,4423,3748,0,0,0,0,0
37352,ECG,4424,3750,0,0,0,0,0
37352,ECG,4425,3706,0,0,0,0,0
37357,ECG,4426,3646,0,0,0,0,0
37357,ECG,4427,3595,0,0,0,0,0
37357,ECG,4428,3531,0,0,0,0,0
37362,ECG,4429,3477,0,0,0,0,0
37362,ECG,4430,3443,0,0,0,0,0
37367,ECG,4431,3428,0,0,0,0,0
37367,ECG,4432,3435,0,0,0,0,0
37367,ECG,4433,3453,0,0,0,0,0
37372,ECG,4434,3460,0,0,0,0,0
37372,ECG,4435,3472,0,0,0,0,0
37373,ECG,4436,3477,0,0,0,0,0
37377,ECG,4437,3434,0,0,0,0,0
37377,ECG,4438,3395,0,0,0,0,0
37382,ECG,4439,3381,0,0,0,0,0
37382,ECG,4440,3357,0,0,0,0,0
37387,ECG,4441,3314,0,0,0,0,0
37387,ECG,4442,3292,0,0,0,0,0
37392,ECG,4443,3271,0,0,0,0,0
37392,ECG,4444,3250,0,0,0,0,0
37392,ECG,4445,3229,0,0,0,0,0
37397,ECG,4446,3208,0,0,0,0,0
37397,ECG,4447,3187,0,0,0,0,0
37402,ECG,4448,3167,0,0,0,0,0
37402,ECG,4449,3147,0,0,0,0,0
37402,ECG,4450,3126,0,0,0,0,0
37407,ECG,4451,3106,0,0,0,0,0
37407,ECG,4452,3085,0,0,0,0,0
37412,ECG,4453,3066,0,0,0,0,0
37412,ECG,4454,3051,0,0,0,0,0
37412,ECG,4455,3029,0,0,0,0,0
37417,ECG,4456,3004,0,0,0,0,0
37417,ECG,4457,2981,0,0,0,0,0
37422,ECG,4458,2931,0,0,0,0,0
37422,ECG,4459,2909,0,0,0,0,0
37427,ECG,4460,2892,0,0,0,0,0
37427,ECG,4461,2875,0,0,0,0,0
37428,ECG,4462,2863,0,0,0,0,0
37432,ECG,4463,2859,0,0,0,0,0
37432,ECG,4464,2844,0,0,0,0,0
37437,ECG,4465,2817,0,0,0,0,0
37437,ECG,4466,2788,0,0,0,0,0
37437,ECG,4467,2753,0,0,0,0,0
37442,ECG,4468,2724,0,0,0,0,0
37442,ECG,4469,2700,0,0,0,0,0
37447,ECG,4470,2683,0,0,0,0,0
37447,ECG,4471,2672,0,0,0,0,0
37447,ECG,4472,2669,0,0,0,0,0
37452,ECG,4473,2664,0,0,0,0,0
37452,ECG,4474,2657,0,0,0,0,0
37457,ECG,4475,2652,0,0,0,0,0
37457,ECG,4476,2633,0,0,0,0,0
37457,ECG,4477,2606,0,0,0,0,0
37462,ECG,4478,2592,0,0,0,0,0
37462,ECG,4479,2575,0,0,0,0,0
37467,ECG,4480,2557,0,0,0,0,0
37467,ECG,4481,2541,0,0,0,0,0
37467,ECG,4482,2524,0,0,0,0,0
37472,ECG,4483,2508,0,0,0,0,0
37472,ECG,4484,2492,0,0,0,0,0
37477,ECG,4485,2459,0,0,0,0,0
37477,ECG,4486,2443,0,0,0,0,0
37482,ECG,4487,2427,0,0,0,0,0
37482,ECG,4488,2411,0,0,0,0,0
37487,ECG,4489,2380,0,0,0,0,0
37487,ECG,4490,2364,0,0,0,0,0
37492,ECG,4491,2349,0,0,0,0,0
37492,ECG,4492,2334,0,0,0,0,0
37492,ECG,4493,2318,0,0,0,0,0
37497,ECG,4494,2303,0,0,0,0,0
37497,ECG,4495,2288,0,0,0,0,0
37502,ECG,4496,2273,0,0,0,0,0
37502,ECG,4497,2258,0,0,0,0,0
37502,ECG,4498,2244,0,0,0,0,0
37507,ECG,4499,2229,0,0,0,0,0
37507,ECG,4500,2214,0,0,0,0,0
37512,ECG,4501,2200,0,0,0,0,0
37512,ECG,4502,2185,0,0,0,0,0
37512,ECG,4503,2171,0,0,0,0,0
37517,ECG,4504,2157,0,0,0,0,0
37517,ECG,4505,2143,0,0,0,0,0
37522,ECG,4506,2115,0,0,0,0,0
37522,ECG,4507,2101,0,0,0,0,0
37527,ECG,4508,2087,0,0,0,0,0
37527,ECG,4509,2073,0,0,0,0,0
37528,ECG,4510,2060,0,0,0,0,0
37532,ECG,4511,2046,0,0,0,0,0
37532,ECG,4512,2033,0,0,0,0,0
37537,ECG,4513,2020,0,0,0,0,0
37537,ECG,4514,2006,0,0,0,0,0
37542,ECG,4515,1980,0,0,0,0,0
37542,ECG,4516,1967,0,0,0,0,0
37547,ECG,4517,1955,0,0,0,0,0
37547,ECG,4518,1939,0,0,0,0,0
37547,ECG,4519,1935,0,0,0,0,0
37552,ECG,4520,1933,0,0,0,0,0
37552,ECG,4521,1905,0,0,0,0,0
37557,ECG,4522,1875,0,0,0,0,0
37557,ECG,4523,1845,0,0,0,0,0
37557,ECG,4524,1812,0,0,0,0,0
37562,ECG,4525,1784,0,0,0,0,0
37562,ECG,4526,1768,0,0,0,0,0
37567,ECG,4527,1763,0,0,0,0,0
37567,ECG,4528,1768,0,0,0,0,0
37567,ECG,4529,1778,0,0,0,0,0
37572,ECG,4530,1782,0,0,0,0,0
37572,ECG,4531,1790,0,0,0,0,0
37577,ECG,4532,1763,0,0,0,0,0
37577,ECG,4533,1746,0,0,0,0,0
37582,ECG,4534,1738,0,0,0,0,0
37582,ECG,4535,1725,0,0,0,0,0
37587,ECG,4536,1703,0,0,0,0,0
37587,ECG,4537,1691,0,0,0,0,0
37592,ECG,4538,1680,0,0,0,0,0
37592,ECG,4539,1669,0,0,0,0,0
37592,ECG,4540,1658,0,0,0,0,0
37597,ECG,4541,1647,0,0,0,0,0
37597,ECG,4542,1636,0,0,0,0,0
37602,ECG,4543,1625,0,0,0,0,0
37602,ECG,4544,1614,0,0,0,0,0
37602,ECG,4545,1604,0,0,0,0,0
37607,ECG,4546,1593,0,0,0,0,0
37607,ECG,4547,1582,0,0,0,0,0
37612,ECG,4548,1572,0,0,0,0,0
37612,ECG,4549,1561,0,0,0,0,0
37612,ECG,4550,1551,0,0,0,0,0
37617,ECG,4551,1540,0,0,0,0,0
37617,ECG,4552,1531,0,0,0,0,0
37622,ECG,4553,1510,0,0,0,0,0
37622,ECG,4554,1502,0,0,0,0,0
37627,ECG,4555,1485,0,0,0,0,0
37627,ECG,4556,1491,0,0,0,0,0
37632,ECG,4557,1471,0,0,0,0,0
37632,ECG,4558,1416,0,0,0,0,0
37637,ECG,4559,1366,0,0,0,0,0
37637,ECG,4560,1304,0,0,0,0,0
37637,ECG,4561,1255,0,0,0,0,0
37642,ECG,4562,1232,0,0,0,0,0
37642,ECG,4563,1236,0,0,0,0,0
37647,ECG,4564,1267,0,0,0,0,0
37647,ECG,4565,1311,0,0,0,0,0
37647,ECG,4566,1343,0,0,0,0,0
37652,ECG,4567,1381,0,0,0,0,0
37652,ECG,4568,1401,0,0,0,0,0
37657,ECG,4569,1365,0,0,0,0,0
37657,ECG,4570,1339,0,0,0,0,0
37657,ECG,4571,1336,0,0,0,0,0
37662,ECG,4572,1324,0,0,0,0,0
37662,ECG,4573,1318,0,0,0,0,0
37667,ECG,4574,1305,0,0,0,0,0
37667,ECG,4575,1300,0,0,0,0,0
37667,ECG,4576,1312,0,0,0,0,0
37672,ECG,4577,1294,0,0,0,0,0
37672,ECG,4578,1257,0,0,0,0,0
37677,ECG,4579,1191,0,0,0,0,0
37677,ECG,4580,1157,0,0,0,0,0
37682,ECG,4581,1139,0,0,0,0,0
37682,ECG,4582,1135,0,0,0,0,0
37687,ECG,4583,1168,0,0,0,0,0
37687,ECG,4584,1184,0,0,0,0,0
37692,ECG,4585,1199,0,0,0,0,0
37692,ECG,4586,1216,0,0,0,0,0
37692,ECG,4587,1196,0,0,0,0,0
37697,ECG,4588,1172,0,0,0,0,0
37697,ECG,4589,1169,0,0,0,0,0
37702,ECG,4590,1160,0,0,0,0,0
37702,ECG,4591,1151,0,0,0,0,0
37702,ECG,4592,1146,0,0,0,0,0
37707,ECG,4593,1133,0,0,0,0,0
37707,ECG,4594,1134,0,0,0,0,0
38714,ECG,4595,0,0,0,0,0,0
38714,ECG,4596,-1,0,0,0,0,0
38714,ECG,4597,-6,0,0,0,0,0
38719,ECG,4598,2,0,0,0,0,0
38719,ECG,4599,6,0,0,0,0,0
38724,ECG,4600,38,0,0,0,0,0
38724,ECG,4601,-16,0,0,0,0,0
38729,ECG,4602,-26,0,0,0,0,0
38729,ECG,4603,151,0,0,0,0,0
38730,ECG,4604,-753,0,0,0,0,0
38734,ECG,4605,-2109,0,0,0,0,0
38734,ECG,4606,-1850,0,0,0,0,0
38739,ECG,4607,-36,0,0,0,0,0
38739,ECG,4608,3394,0,0,0,0,0
38739,ECG,4609,8729,0,0,0,0,0
38744,ECG,4610,15156,0,0,0,0,0
38744,ECG,4611,21689,0,0,0,0,0
38749,ECG,4612,27397,0,0,0,0,0
38749,ECG,4613,31311,0,0,0,0,0
38749,ECG,4614,32011,0,0,0,0,0
38754,ECG,4615,31810,0,0,0,0,0
38754,ECG,4616,31610,0,0,0,0,0
38759,ECG,4617,31343,0,0,0,0,0
38759,ECG,4618,31109,0,0,0,0,0
38759,ECG,4619,31019,0,0,0,0,0
38764,ECG,4620,30731,0,0,0,0,0
38764,ECG,4621,30591,0,0,0,0,0
38769,ECG,4622,30395,0,0,0,0,0
38769,ECG,4623,30195,0,0,0,0,0
38769,ECG,4624,30019,0,0,0,0,0
38774,ECG,4625,29827,0,0,0,0,0
38774,ECG,4626,29638,0,0,0,0,0
38779,ECG,4627,29266,0,0,0,0,0
38779,ECG,4628,29082,0,0,0,0,0
38784,ECG,4629,28900,0,0,0,0,0
38784,ECG,4630,28718,0,0,0,0,0
38789,ECG,4631,28358,0,0,0,0,0
38789,ECG,4632,28180,0,0,0,0,0
38794,ECG,4633,28002,0,0,0,0,0
38794,ECG,4634,27826,0,0,0,0,0
38794,ECG,4635,27651,0,0,0,0,0
38799,ECG,4636,27478,0,0,0,0,0
38799,ECG,4637,27305,0,0,0,0,0
38804,ECG,4638,27133,0,0,0,0,0
38804,ECG,4639,26963,0,0,0,0,0
38804,ECG,4640,26793,0,0,0,0,0
38809,ECG,4641,26625,0,0,0,0,0
38809,ECG,4642,26457,0,0,0,0,0
38814,ECG,4643,26291,0,0,0,0,0
38814,ECG,4644,26126,0,0,0,0,0
38814,ECG,4645,25961,0,0,0,0,0
38819,ECG,4646,25798,0,0,0,0,0
38819,ECG,4647,25636,0,0,0,0,0
38824,ECG,4648,25314,0,0,0,0,0
38824,ECG,4649,25155,0,0,0,0,0
38829,ECG,4650,24997,0,0,0,0,0
38829,ECG,4651,24840,0,0,0,0,0
38830,ECG,4652,24683,0,0,0,0,0
38834,ECG,4653,24528,0,0,0,0,0
38834,ECG,4654,24374,0,0,0,0,0
38839,ECG,4655,24221,0,0,0,0,0
38839,ECG,4656,24068,0,0,0,0,0
38844,ECG,4657,23766,0,0,0,0,0
38844,ECG,4658,23617,0,0,0,0,0
38849,ECG,4659,23468,0,0,0,0,0
38849,ECG,4660,23321,0,0,0,0,0
38849,ECG,4661,23174,0,0,0,0,0
38854,ECG,4662,23028,0,0,0,0,0
38854,ECG,4663,22883,0,0,0,0,0
38859,ECG,4664,22739,0,0,0,0,0
38859,ECG,4665,22596,0,0,0,0,0
38859,ECG,4666,22454,0,0,0,0,0
38864,ECG,4667,22313,0,0,0,0,0
38864,ECG,4668,22172,0,0,0,0,0
38869,ECG,4669,22033,0,0,0,0,0
38869,ECG,4670,21894,0,0,0,0,0
38869,ECG,4671,21756,0,0,0,0,0
38874,ECG,4672,21619,0,0,0,0,0
38874,ECG,4673,21483,0,0,0,0,0
38879,ECG,4674,21214,0,0,0,0,0
38879,ECG,4675,21080,0,0,0,0,0
38884,ECG,4676,20948,0,0,0,0,0
38884,ECG,4677,20816,0,0,0,0,0
38889,ECG,4678,20555,0,0,0,0,0
38889,ECG,4679,20425,0,0,0,0,0
38894,ECG,4680,20297,0,0,0,0,0
38894,ECG,4681,20169,0,0,0,0,0
38894,ECG,4682,20042,0,0,0,0,0
38899,ECG,4683,19916,0,0,0,0,0
38899,ECG,4684,19790,0,0,0,0,0
38904,ECG,4685,19666,0,0,0,0,0
38904,ECG,4686,19542,0,0,0,0,0
38904,ECG,4687,19419,0,0,0,0,0
38909,ECG,4688,19297,0,0,0,0,0
38909,ECG,4689,19175,0,0,0,0,0
38914,ECG,4690,19055,0,0,0,0,0
38914,ECG,4691,18935,0,0,0,0,0
38914,ECG,4692,18815,0,0,0,0,0
38919,ECG,4693,18697,0,0,0,0,0
38919,ECG,4694,18579,0,0,0,0,0
38924,ECG,4695,18346,0,0,0,0,0
38924,ECG,4696,18230,0,0,0,0,0
38929,ECG,4697,18116,0,0,0,0,0
38929,ECG,4698,18002,0,0,0,0,0
38934,ECG,4699,17775,0,0,0,0,0
38934,ECG,4700,17663,0,0,0,0,0
38939,ECG,4701,17552,0,0,0,0,0
38939,ECG,4702,17442,0,0,0,0,0
38939,ECG,4703,17332,0,0,0,0,0
38944,ECG,4704,17222,0,0,0,0,0
38944,ECG,4705,17114,0,0,0,0,0
38949,ECG,4706,17006,0,0,0,0,0
38949,ECG,4707,16899,0,0,0,0,0
38949,ECG,4708,16792,0,0,0,0,0
38954,ECG,4709,16687,0,0,0,0,0
38954,ECG,4710,16581,0,0,0,0,0
38959,ECG,4711,16477,0,0,0,0,0
38959,ECG,4712,16373,0,0,0,0,0
38959,ECG,4713,16270,0,0,0,0,0
38964,ECG,4714,16167,0,0,0,0,0
38964,ECG,4715,16065,0,0,0,0,0
38969,ECG,4716,15864,0,0,0,0,0
38969,ECG,4717,15764,0,0,0,0,0
38974,ECG,4718,15664,0,0,0,0,0
38974,ECG,4719,15566,0,0,0,0,0
38975,ECG,4720,15467,0,0,0,0,0
38979,ECG,4721,15370,0,0,0,0,0
38979,ECG,4722,15273,0,0,0,0,0
38984,ECG,4723,15177,0,0,0,0,0
38984,ECG,4724,15081,0,0,0,0,0
38989,ECG,4725,14891,0,0,0,0,0
38989,ECG,4726,14797,0,0,0,0,0
38994,ECG,4727,14704,0,0,0,0,0
38994,ECG,4728,14611,0,0,0,0,0
38994,ECG,4729,14519,0,0,0,0,0
38999,ECG,4730,14428,0,0,0,0,0
38999,ECG,4731,14337,0,0,0,0,0
39004,ECG,4732,14246,0,0,0,0,0
39004,ECG,4733,14156,0,0,0,0,0
39004,ECG,4734,14067,0,0,0,0,0
39009,ECG,4735,13978,0,0,0,0,0
39009,ECG,4736,13890,0,0,0,0,0
39014,ECG,4737,13802,0,0,0,0,0
39014,ECG,4738,13715,0,0,0,0,0
39014,ECG,4739,13629,0,0,0,0,0
39019,ECG,4740,13543,0,0,0,0,0
39019,ECG,4741,13457,0,0,0,0,0
39024,ECG,4742,13288,0,0,0,0,0
39024,ECG,4743,13204,0,0,0,0,0
39029,ECG,4744,13121,0,0,0,0,0
39029,ECG,4745,13038,0,0,0,0,0
39034,ECG,4746,12874,0,0,0,0,0
39034,ECG,4747,12793,0,0,0,0,0
39039,ECG,4748,12712,0,0,0,0,0
39039,ECG,4749,12632,0,0,0,0,0
39039,ECG,4750,12552,0,0,0,0,0
39044,ECG,4751,12473,0,0,0,0,0
39044,ECG,4752,12394,0,0,0,0,0
39049,ECG,4753,12316,0,0,0,0,0
39049,ECG,4754,12238,0,0,0,0,0
39049,ECG,4755,12161,0,0,0,0,0
39054,ECG,4756,12084,0,0,0,0,0
39054,ECG,4757,12008,0,0,0,0,0
39059,ECG,4758,11932,0,0,0,0,0
39059,ECG,4759,11857,0,0,0,0,0
39059,ECG,4760,11782,0,0,0,0,0
39064,ECG,4761,11707,0,0,0,0,0
39064,ECG,4762,11633,0,0,0,0,0
39069,ECG,4763,11487,0,0,0,0,0
39069,ECG,4764,11414,0,0,0,0,0
39074,ECG,4765,11342,0,0,0,0,0
39074,ECG,4766,11271,0,0,0,0,0
39075,ECG,4767,11199,0,0,0,0,0
39079,ECG,4768,11129,0,0,0,0,0
39079,ECG,4769,11058,0,0,0,0,0
39084,ECG,4770,10988,0,0,0,0,0
39084,ECG,4771,10919,0,0,0,0,0
39089,ECG,4772,10781,0,0,0,0,0
39089,ECG,4773,10713,0,0,0,0,0
39094,ECG,4774,10645,0,0,0,0,0
39094,ECG,4775,10578,0,0,0,0,0
39094,ECG,4776,10511,0,0,0,0,0
39099,ECG,4777,10445,0,0,0,0,0
39099,ECG,4778,10379,0,0,0,0,0
39104,ECG,4779,10313,0,0,0,0,0
39104,ECG,4780,10248,0,0,0,0,0
39104,ECG,4781,10183,0,0,0,0,0
39109,ECG,4782,10118,0,0,0,0,0
39109,ECG,4783,10054,0,0,0,0,0
39114,ECG,4784,9991,0,0,0,0,0
39114,ECG,4785,9928,0,0,0,0,0
39114,ECG,4786,9865,0,0,0,0,0
39119,ECG,4787,9802,0,0,0,0,0
39119,ECG,4788,9740,0,0,0,0,0
39124,ECG,4789,9617,0,0,0,0,0
39124,ECG,4790,9557,0,0,0,0,0
39129,ECG,4791,9496,0,0,0,0,0
39129,ECG,4792,9436,0,0,0,0,0
39134,ECG,4793,9317,0,0,0,0,0
39134,ECG,4794,9258,0,0,0,0,0
39139,ECG,4795,9200,0,0,0,0,0
39139,ECG,4796,9141,0,0,0,0,0
39139,ECG,4797,9083,0,0,0,0,0
39144,ECG,4798,9026,0,0,0,0,0
39144,ECG,4799,8969,0,0,0,0,0
39149,ECG,4800,8912,0,0,0,0,0
39149,ECG,4801,8855,0,0,0,0,0
39149,ECG,4802,8799,0,0,0,0,0
39154,ECG,4803,8744,0,0,0,0,0
39154,ECG,4804,8688,0,0,0,0,0
39159,ECG,4805,8633,0,0,0,0,0
39159,ECG,4806,8578,0,0,0,0,0
39159,ECG,4807,8524,0,0,0,0,0
39164,ECG,4808,8470,0,0,0,0,0
39164,ECG,4809,8416,0,0,0,0,0
39169,ECG,4810,8310,0,0,0,0,0
39169,ECG,4811,8257,0,0,0,0,0
39174,ECG,4812,8205,0,0,0,0,0
39174,ECG,4813,8153,0,0,0,0,0
39175,ECG,4814,8101,0,0,0,0,0
39179,ECG,4815,8050,0,0,0,0,0
39179,ECG,4816,7999,0,0,0,0,0
39184,ECG,4817,7948,0,0,0,0,0
39184,ECG,4818,7898,0,0,0,0,0
39189,ECG,4819,7798,0,0,0,0,0
39189,ECG,4820,7749,0,0,0,0,0
39194,ECG,4821,7699,0,0,0,0,0
39194,ECG,4822,7651,0,0,0,0,0
39194,ECG,4823,7602,0,0,0,0,0
39199,ECG,4824,7554,0,0,0,0,0
39199,ECG,4825,7506,0,0,0,0,0
39204,ECG,4826,7458,0,0,0,0,0
39204,ECG,4827,7411,0,0,0,0,0
39204,ECG,4828,7364,0,0,0,0,0
39209,ECG,4829,7317,0,0,0,0,0
39209,ECG,4830,7271,0,0,0,0,0
39214,ECG,4831,7224,0,0,0,0,0
39214,ECG,4832,7178,0,0,0,0,0
39214,ECG,4833,7133,0,0,0,0,0
39219,ECG,4834,7088,0,0,0,0,0
39219,ECG,4835,7043,0,0,0,0,0
39224,ECG,4836,6953,0,0,0,0,0
39224,ECG,4837,6909,0,0,0,0,0
39229,ECG,4838,6865,0,0,0,0,0
39229,ECG,4839,6821,0,0,0,0,0
39230,ECG,4840,6778,0,0,0,0,0
39234,ECG,4841,6735,0,0,0,0,0
39234,ECG,4842,6692,0,0,0,0,0
39239,ECG,4843,6650,0,0,0,0,0
39239,ECG,4844,6608,0,0,0,0,0
39244,ECG,4845,6524,0,0,0,0,0
39244,ECG,4846,6482,0,0,0,0,0
39249,ECG,4847,6441,0,0,0,0,0
39249,ECG,4848,6400,0,0,0,0,0
39249,ECG,4849,6359,0,0,0,0,0
39254,ECG,4850,6319,0,0,0,0,0
39254,ECG,4851,6279,0,0,0,0,0
39259,ECG,4852,6239,0,0,0,0,0
39259,ECG,4853,6199,0,0,0,0,0
39259,ECG,4854,6159,0,0,0,0,0
39264,ECG,4855,6120,0,0,0,0,0
39264,ECG,4856,6081,0,0,0,0,0
39269,ECG,4857,6042,0,0,0,0,0
39269,ECG,4858,6004,0,0,0,0,0
39269,ECG,4859,5966,0,0,0,0,0
39274,ECG,4860,5928,0,0,0,0,0
39274,ECG,4861,5890,0,0,0,0,0
39279,ECG,4862,5815,0,0,0,0,0
39279,ECG,4863,5778,0,0,0,0,0
39284,ECG,4864,5741,0,0,0,0,0
39284,ECG,4865,5705,0,0,0,0,0
39289,ECG,4866,5632,0,0,0,0,0
39289,ECG,4867,5596,0,0,0,0,0
39294,ECG,4868,5561,0,0,0,0,0
39294,ECG,4869,5525,0,0,0,0,0
39294,ECG,4870,5490,0,0,0,0,0
39299,ECG,4871,5455,0,0,0,0,0
39299,ECG,4872,5420,0,0,0,0,0
39304,ECG,4873,5386,0,0,0,0,0
39304,ECG,4874,5351,0,0,0,0,0
39304,ECG,4875,5317,0,0,0,0,0
39309,ECG,4876,5283,0,0,0,0,0
39309,ECG,4877,5249,0,0,0,0,0
39314,ECG,4878,5216,0,0,0,0,0
39314,ECG,4879,5183,0,0,0,0,0
39314,ECG,4880,5150,0,0,0,0,0
39319,ECG,4881,5117,0,0,0,0,0
39319,ECG,4882,5084,0,0,0,0,0
39324,ECG,4883,5019,0,0,0,0,0
39324,ECG,4884,4987,0,0,0,0,0
39329,ECG,4885,4955,0,0,0,0,0
39329,ECG,4886,4924,0,0,0,0,0
39330,ECG,4887,4892,0,0,0,0,0
39334,ECG,4888,4861,0,0,0,0,0
39334,ECG,4889,4830,0,0,0,0,0
39339,ECG,4890,4799,0,0,0,0,0
39339,ECG,4891,4768,0,0,0,0,0
39344,ECG,4892,4707,0,0,0,0,0
39344,ECG,4893,4677,0,0,0,0,0
39349,ECG,4894,4647,0,0,0,0,0
39349,ECG,4895,4618,0,0,0,0,0
39349,ECG,4896,4588,0,0,0,0,0
39354,ECG,4897,4559,0,0,0,0,0
39354,ECG,4898,4530,0,0,0,0,0
39359,ECG,4899,4501,0,0,0,0,0
39359,ECG,4900,4472,0,0,0,0,0
39359,ECG,4901,4443,0,0,0,0,0
39364,ECG,4902,4415,0,0,0,0,0
39364,ECG,4903,4386,0,0,0,0,0
39369,ECG,4904,4358,0,0,0,0,0
39369,ECG,4905,4330,0,0,0,0,0
39369,ECG,4906,4303,0,0,0,0,0
39374,ECG,4907,4275,0,0,0,0,0
39374,ECG,4908,4248,0,0,0,0,0
39379,ECG,4909,4193,0,0,0,0,0
39379,ECG,4910,4166,0,0,0,0,0
39384,ECG,4911,4140,0,0,0,0,0
39384,ECG,4912,4113,0,0,0,0,0
39389,ECG,4913,4060,0,0,0,0,0
39389,ECG,4914,4034,0,0,0,0,0
39394,ECG,4915,4008,0,0,0,0,0
39394,ECG,4916,3983,0,0,0,0,0
39394,ECG,4917,3957,0,0,0,0,0
39399,ECG,4918,3932,0,0,0,0,0
39399,ECG,4919,3906,0,0,0,0,0
39404,ECG,4920,3881,0,0,0,0,0
39404,ECG,4921,3856,0,0,0,0,0
39404,ECG,4922,3832,0,0,0,0,0
39409,ECG,4923,3807,0,0,0,0,0
39409,ECG,4924,3782,0,0,0,0,0
39414,ECG,4925,3758,0,0,0,0,0
39414,ECG,4926,3734,0,0,0,0,0
39414,ECG,4927,3710,0,0,0,0,0
39419,ECG,4928,3686,0,0,0,0,0
39419,ECG,4929,3662,0,0,0,0,0
39424,ECG,4930,3615,0,0,0,0,0
39424,ECG,4931,3592,0,0,0,0,0
39429,ECG,4932,3569,0,0,0,0,0
39429,ECG,4933,3546,0,0,0,0,0
39434,ECG,4934,3500,0,0,0,0,0
39434,ECG,4935,3478,0,0,0,0,0
39439,ECG,4936,3455,0,0,0,0,0
39439,ECG,4937,3433,0,0,0,0,0
39439,ECG,4938,3411,0,0,0,0,0
39444,ECG,4939,3389,0,0,0,0,0
39444,ECG,4940,3367,0,0,0,0,0
39449,ECG,4941,3345,0,0,0,0,0
39449,ECG,4942,3324,0,0,0,0,0
39449,ECG,4943,3302,0,0,0,0,0
39454,ECG,4944,3281,0,0,0,0,0
39454,ECG,4945,3260,0,0,0,0,0
39459,ECG,4946,3239,0,0,0,0,0
39459,ECG,4947,3218,0,0,0,0,0
39459,ECG,4948,3197,0,0,0,0,0
39464,ECG,4949,3176,0,0,0,0,0
39464,ECG,4950,3156,0,0,0,0,0
39469,ECG,4951,3135,0,0,0,0,0
39469,ECG,4952,3115,0,0,0,0,0
39469,ECG,4953,3095,0,0,0,0,0
39474,ECG,4954,3075,0,0,0,0,0
39474,ECG,4955,3055,0,0,0,0,0
39475,ECG,4956,3035,0,0,0,0,0
39479,ECG,4957,3015,0,0,0,0,0
39479,ECG,4958,2996,0,0,0,0,0
39484,ECG,4959,2976,0,0,0,0,0
39484,ECG,4960,2957,0,0,0,0,0
39489,ECG,4961,2919,0,0,0,0,0
39489,ECG,4962,2900,0,0,0,0,0
39494,ECG,4963,2881,0,0,0,0,0
39494,ECG,4964,2862,0,0,0,0,0
39494,ECG,4965,2844,0,0,0,0,0
39499,ECG,4966,2825,0,0,0,0,0
39499,ECG,4967,2807,0,0,0,0,0
39504,ECG,4968,2789,0,0,0,0,0
39504,ECG,4969,2771,0,0,0,0,0
39504,ECG,4970,2753,0,0,0,0,0
39509,ECG,4971,2735,0,0,0,0,0
39509,ECG,4972,2717,0,0,0,0,0
39514,ECG,4973,2700,0,0,0,0,0
39514,ECG,4974,2682,0,0,0,0,0
39514,ECG,4975,2665,0,0,0,0,0
39519,ECG,4976,2647,0,0,0,0,0
39519,ECG,4977,2630,0,0,0,0,0
39524,ECG,4978,2596,0,0,0,0,0
39524,ECG,4979,2579,0,0,0,0,0
39529,ECG,4980,2562,0,0,0,0,0
39529,ECG,4981,2546,0,0,0,0,0
39530,ECG,4982,2529,0,0,0,0,0
39534,ECG,4983,2513,0,0,0,0,0
39534,ECG,4984,2496,0,0,0,0,0
39539,ECG,4985,2480,0,0,0,0,0
39539,ECG,4986,2464,0,0,0,0,0
39544,ECG,4987,2432,0,0,0,0,0
39544,ECG,4988,2416,0,0,0,0,0
39549,ECG,4989,2400,0,0,0,0,0
39549,ECG,4990,2385,0,0,0,0,0
39549,ECG,4991,2369,0,0,0,0,0
39554,ECG,4992,2354,0,0,0,0,0
39554,ECG,4993,2338,0,0,0,0,0
39559,ECG,4994,2323,0,0,0,0,0
39559,ECG,4995,2308,0,0,0,0,0
39559,ECG,4996,2293,0,0,0,0,0
39564,ECG,4997,2278,0,0,0,0,0
39564,ECG,4998,2263,0,0,0,0,0
39569,ECG,4999,2248,0,0,0,0,0
39569,ECG,5000,2233,0,0,0,0,0
39569,ECG,5001,2219,0,0,0,0,0
39574,ECG,5002,2204,0,0,0,0,0
39574,ECG,5003,2190,0,0,0,0,0
39579,ECG,5004,2161,0,0,0,0,0
39579,ECG,5005,2147,0,0,0,0,0
39584,ECG,5006,2133,0,0,0,0,0
39584,ECG,5007,2119,0,0,0,0,0
39589,ECG,5008,2091,0,0,0,0,0
39589,ECG,5009,2078,0,0,0,0,0
39594,ECG,5010,2064,0,0,0,0,0
39594,ECG,5011,2050,0,0,0,0,0
39594,ECG,5012,2037,0,0,0,0,0
39599,ECG,5013,2023,0,0,0,0,0
39599,ECG,5014,2010,0,0,0,0,0
39604,ECG,5015,1997,0,0,0,0,0
39604,ECG,5016,1984,0,0,0,0,0
39604,ECG,5017,1971,0,0,0,0,0
39609,ECG,5018,1958,0,0,0,0,0
39609,ECG,5019,1945,0,0,0,0,0
39614,ECG,5020,1932,0,0,0,0,0
39614,ECG,5021,1919,0,0,0,0,0
39614,ECG,5022,1906,0,0,0,0,0
39619,ECG,5023,1894,0,0,0,0,0
39619,ECG,5024,1881,0,0,0,0,0
39624,ECG,5025,1869,0,0,0,0,0
39624,ECG,5026,1857,0,0,0,0,0
39624,ECG,5027,1844,0,0,0,0,0
39629,ECG,5028,1832,0,0,0,0,0
39629,ECG,5029,1820,0,0,0,0,0
39634,ECG,5030,1796,0,0,0,0,0
39634,ECG,5031,1784,0,0,0,0,0
39639,ECG,5032,1772,0,0,0,0,0
39639,ECG,5033,1761,0,0,0,0,0
39644,ECG,5034,1737,0,0,0,0,0
39644,ECG,5035,1726,0,0,0,0,0
39649,ECG,5036,1714,0,0,0,0,0
39649,ECG,5037,1703,0,0,0,0,0
39649,ECG,5038,1692,0,0,0,0,0
39654,ECG,5039,1681,0,0,0,0,0
39654,ECG,5040,1669,0,0,0,0,0
39659,ECG,5041,1658,0,0,0,0,0
39659,ECG,5042,1647,0,0,0,0,0
39659,ECG,5043,1636,0,0,0,0,0
39664,ECG,5044,1625,0,0,0,0,0
39664,ECG,5045,1615,0,0,0,0,0
39669,ECG,5046,1604,0,0,0,0,0
39669,ECG,5047,1593,0,0,0,0,0
39669,ECG,5048,1583,0,0,0,0,0
39674,ECG,5049,1572,0,0,0,0,0
39674,ECG,5050,1562,0,0,0,0,0
39679,ECG,5051,1541,0,0,0,0,0
39679,ECG,5052,1531,0,0,0,0,0
39684,ECG,5053,1520,0,0,0,0,0
39684,ECG,5054,1510,0,0,0,0,0
39685,ECG,5055,1500,0,0,0,0,0
39689,ECG,5056,1490,0,0,0,0,0
39689,ECG,5057,1480,0,0,0,0,0
39694,ECG,5058,1470,0,0,0,0,0
39694,ECG,5059,1460,0,0,0,0,0
39699,ECG,5060,1441,0,0,0,0,0
39699,ECG,5061,1431,0,0,0,0,0
39704,ECG,5062,1422,0,0,0,0,0
39704,ECG,5063,1412,0,0,0,0,0
39704,ECG,5064,1403,0,0,0,0,0
39709,ECG,5065,1393,0,0,0,0,0
39709,ECG,5066,1384,0,0,0,0,0
39714,ECG,5067,1375,0,0,0,0,0
39714,ECG,5068,1365,0,0,0,0,0
39714,ECG,5069,1356,0,0,0,0,0
39719,ECG,5070,1347,0,0,0,0,0
39719,ECG,5071,1338,0,0,0,0,0
39724,ECG,5072,1329,0,0,0,0,0
39724,ECG,5073,1320,0,0,0,0,0
39724,ECG,5074,1311,0,0,0,0,0
39729,ECG,5075,1302,0,0,0,0,0
39729,ECG,5076,1294,0,0,0,0,0
39734,ECG,5077,1276,0,0,0,0,0
39734,ECG,5078,1268,0,0,0,0,0
39739,ECG,5079,1259,0,0,0,0,0
39739,ECG,5080,1251,0,0,0,0,0
39744,ECG,5081,1234,0,0,0,0,0
39744,ECG,5082,1225,0,0,0,0,0
39749,ECG,5083,1217,0,0,0,0,0
39749,ECG,5084,1209,0,0,0,0,0
39749,ECG,5085,1201,0,0,0,0,0
39754,ECG,5086,1192,0,0,0,0,0
39754,ECG,5087,1184,0,0,0,0,0
39759,ECG,5088,1176,0,0,0,0,0
39759,ECG,5089,1168,0,0,0,0,0
39759,ECG,5090,1160,0,0,0,0,0
39764,ECG,5091,1152,0,0,0,0,0
39764,ECG,5092,1145,0,0,0,0,0
39769,ECG,5093,1137,0,0,0,0,0
39769,ECG,5094,1129,0,0,0,0,0
39769,ECG,5095,1121,0,0,0,0,0
39774,ECG,5096,1114,0,0,0,0,0
39774,ECG,5097,1106,0,0,0,0,0
39779,ECG,5098,1091,0,0,0,0,0
39779,ECG,5099,1084,0,0,0,0,0
40786,ECG,5100,0,0,0,0,0,0
40786,ECG,5101,-1,0,0,0,0,0
40786,ECG,5102,-6,0,0,0,0,0
40791,ECG,5103,2,0,0,0,0,0
40791,ECG,5104,6,0,0,0,0,0
40796,ECG,5105,38,0,0,0,0,0
40796,ECG,5106,-16,0,0,0,0,0
40801,ECG,5107,-26,0,0,0,0,0
40801,ECG,5108,151,0,0,0,0,0
40802,ECG,5109,-753,0,0,0,0,0
40806,ECG,5110,-2109,0,0,0,0,0
40806,ECG,5111,-1850,0,0,0,0,0
40811,ECG,5112,-36,0,0,0,0,0
40811,ECG,5113,3394,0,0,0,0,0
40816,ECG,5114,15156,0,0,0,0,0
40816,ECG,5115,21689,0,0,0,0,0
40821,ECG,5116,27397,0,0,0,0,0
40821,ECG,5117,31311,0,0,0,0,0
40821,ECG,5118,32011,0,0,0,0,0
40826,ECG,5119,31810,0,0,0,0,0
34898,PPG,200,140695,67661,0,0,0,0
34978,PPG,201,140696,67665,0,0,0,0
35055,PPG,202,140697,67674,0,0,0,0
35137,PPG,203,140691,67669,0,0,0,0
35214,PPG,204,140698,67670,0,0,0,0
35296,PPG,205,140697,67670,0,0,0,0
35372,PPG,206,140700,67670,0,0,0,0
35452,PPG,207,140707,67669,0,0,0,0
35531,PPG,208,140695,67668,0,0,0,0
35614,PPG,209,140689,67675,0,0,0,0
35691,PPG,210,140701,67666,0,0,0,0
35768,PPG,211,140696,67660,0,0,0,0
35848,PPG,212,140703,67673,0,0,0,0
35928,PPG,213,140698,67660,0,0,0,0
36007,PPG,214,140698,67669,0,0,0,0
36087,PPG,215,140695,67672,0,0,0,0
36171,PPG,216,140706,67667,0,0,0,0
36246,PPG,217,140693,67666,0,0,0,0
36325,PPG,218,140695,67669,0,0,0,0
36405,PPG,219,140700,67668,0,0,0,0
36484,PPG,220,140700,67667,0,0,0,0
36564,PPG,221,140696,67665,0,0,0,0
36648,PPG,222,140686,67669,0,0,0,0
36726,PPG,223,140694,67669,0,0,0,0
36804,PPG,224,140695,67670,0,0,0,0
36884,PPG,225,140692,67666,0,0,0,0
36963,PPG,226,140700,67673,0,0,0,0
37051,PPG,227,140700,67668,0,0,0,0
37120,PPG,228,140704,67672,0,0,0,0
37203,PPG,229,140712,67673,0,0,0,0
37279,PPG,230,140689,67663,0,0,0,0
37357,PPG,231,140711,67666,0,0,0,0
37436,PPG,232,140696,67664,0,0,0,0
37515,PPG,233,140690,67672,0,0,0,0
37595,PPG,234,140706,67666,0,0,0,0
37678,PPG,235,140691,67669,0,0,0,0
37756,PPG,236,140703,67662,0,0,0,0
37833,PPG,237,140691,67673,0,0,0,0
37914,PPG,238,140693,67660,0,0,0,0
37992,PPG,239,140696,67669,0,0,0,0
38071,PPG,240,140695,67665,0,0,0,0
38151,PPG,241,140699,67664,0,0,0,0
38234,PPG,242,140693,67676,0,0,0,0
38311,PPG,243,140694,67667,0,0,0,0
38389,PPG,244,140692,67675,0,0,0,0
38469,PPG,245,140693,67672,0,0,0,0
38548,PPG,246,140693,67674,0,0,0,0
38628,PPG,247,140697,67676,0,0,0,0
38708,PPG,248,140683,67661,0,0,0,0
38794,PPG,249,140689,67670,0,0,0,0
38867,PPG,250,140687,67654,0,0,0,0
38949,PPG,251,140688,67672,0,0,0,0
39027,PPG,252,140700,67654,0,0,0,0
39104,PPG,253,140696,67668,0,0,0,0
39183,PPG,254,140697,67661,0,0,0,0
39267,PPG,255,140694,67670,0,0,0,0
39345,PPG,256,140694,67654,0,0,0,0
39421,PPG,257,140687,67664,0,0,0,0
39501,PPG,258,140700,67669,0,0,0,0
39580,PPG,259,140688,67658,0,0,0,0
39661,PPG,260,140680,67665,0,0,0,0
39738,PPG,261,140685,67666,0,0,0,0
39821,PPG,262,140682,67654,0,0,0,0
39898,PPG,263,140689,67658,0,0,0,0
39976,PPG,264,140683,67664,0,0,0,0
40056,PPG,265,140678,67665,0,0,0,0
40136,PPG,266,140677,67667,0,0,0,0
40215,PPG,267,140683,67661,0,0,0,0
40298,PPG,268,140692,67658,0,0,0,0
40377,PPG,269,140675,67654,0,0,0,0
40454,PPG,270,140691,67661,0,0,0,0
40534,PPG,271,140690,67658,0,0,0,0
40613,PPG,272,140690,67668,0,0,0,0
40692,PPG,273,140674,67664,0,0,0,0
40772,PPG,274,140678,67677,0,0,0,0
40857,PPG,275,140693,67663,0,0,0,0
40935,PPG,276,140679,67664,0,0,0,0
41012,PPG,277,140689,67665,0,0,0,0
41091,PPG,278,140677,67655,0,0,0,0
41170,PPG,279,140684,67651,0,0,0,0
41255,PPG,280,140686,67654,0,0,0,0
41331,PPG,281,140677,67659,0,0,0,0
41436,PPG,282,140687,67658,0,0,0,0
41486,PPG,283,140670,67657,0,0,0,0
41564,PPG,284,140679,67653,0,0,0,0
41644,PPG,285,140674,67663,0,0,0,0
41724,PPG,286,140692,67661,0,0,0,0
41803,PPG,287,140680,67665,0,0,0,0
41885,PPG,288,140678,67652,0,0,0,0
41963,PPG,289,140684,67664,0,0,0,0
42041,PPG,290,140682,67660,0,0,0,0
42120,PPG,291,140679,67662,0,0,0,0
42200,PPG,292,140665,67651,0,0,0,0
42288,PPG,293,140677,67659,0,0,0,0
42359,PPG,294,140677,67659,0,0,0,0
42442,PPG,295,140689,67662,0,0,0,0
42518,PPG,296,140675,67652,0,0,0,0
42598,PPG,297,140695,67656,0,0,0,0
42677,PPG,298,140677,67662,0,0,0,0
42757,PPG,299,140677,67657,0,0,0,0
38922,IMU,1040,1264,-212,8436,-68,41,46
38941,IMU,1041,1288,-256,8432,-97,59,40
38960,IMU,1042,1252,-212,8412,-82,55,35
38979,IMU,1043,1296,-212,8368,-91,50,40
39000,IMU,1044,1272,-248,8352,-79,49,43
39017,IMU,1045,1288,-140,8420,-103,58,48
39036,IMU,1046,1344,-220,8408,-87,62,39
39055,IMU,1047,1268,-144,8388,-88,60,52
39075,IMU,1048,1284,-252,8320,-104,61,43
39093,IMU,1049,1312,-204,8324,-94,51,49
39113,IMU,1050,1136,-284,8468,-94,82,50
39132,IMU,1051,1188,-128,8372,-87,71,40
39151,IMU,1052,1224,-200,8348,-95,74,45
39170,IMU,1053,1264,-220,8356,-102,60,53
39189,IMU,1054,1296,-140,8448,-100,56,51
39210,IMU,1055,1236,-180,8432,-75,68,42
39228,IMU,1056,1208,-256,8428,-88,52,45
39250,IMU,1057,1256,-72,8428,-78,63,48
39267,IMU,1058,1304,-236,8388,-89,53,49
39285,IMU,1059,1160,-200,8400,-109,56,32
39303,IMU,1060,1352,-216,8424,-81,77,49
39323,IMU,1061,1288,-168,8372,-97,65,33
39342,IMU,1062,1256,-128,8360,-82,47,45
39361,IMU,1063,1364,-84,8404,-93,60,33
39380,IMU,1064,1224,-136,8400,-87,57,55
39399,IMU,1065,1248,-252,8440,-90,54,49
39418,IMU,1066,1224,-200,8460,-77,49,34
39440,IMU,1067,1248,-264,8360,-104,53,49
39457,IMU,1068,1360,-288,8312,-95,57,51
39476,IMU,1069,1252,-224,8424,-96,62,50
39495,IMU,1070,1352,-200,8408,-88,44,38
39513,IMU,1071,1244,-160,8460,-86,61,48
39533,IMU,1072,1256,-204,8392,-86,43,36
39552,IMU,1073,1272,-184,8416,-78,52,51
39571,IMU,1074,1224,-176,8448,-94,54,29
39590,IMU,1075,1268,-200,8384,-95,49,39
39609,IMU,1076,1252,-164,8424,-83,60,8
39628,IMU,1077,1312,-228,8328,-73,55,49
39650,IMU,1078,1180,-140,8424,-72,61,37
39668,IMU,1079,1228,-276,8404,-95,54,51
39686,IMU,1080,1292,-240,8376,-87,57,43
39704,IMU,1081,1292,-176,8416,-95,73,47
39723,IMU,1082,1268,-208,8260,-103,61,37
39743,IMU,1083,1352,-148,8432,-95,55,55
39762,IMU,1084,1324,-132,8412,-88,53,44
39781,IMU,1085,1324,-320,8396,-81,66,70
39800,IMU,1086,1284,-76,8420,-102,62,38
39819,IMU,1087,1260,-244,8480,-83,48,32
39838,IMU,1088,1312,-140,8376,-96,59,49
39857,IMU,1089,1200,-232,8396,-90,63,35
39878,IMU,1090,1296,-152,8316,-75,56,42
39895,IMU,1091,1300,-128,8360,-95,56,45
39915,IMU,1092,1292,-176,8388,-96,53,59
39934,IMU,1093,1324,-188,8396,-97,57,51
39953,IMU,1094,1276,-244,8372,-96,70,41
39972,IMU,1095,1304,-168,8436,-91,74,23
39991,IMU,1096,1268,-192,8412,-83,67,34
40010,IMU,1097,1264,-68,8412,-85,64,51
40030,IMU,1098,1264,-236,8384,-98,64,24
40049,IMU,1099,1236,-164,8288,-88,58,48
40068,IMU,1100,1284,-192,8432,-77,53,33
40091,IMU,1101,1304,-152,8404,-68,49,53
40107,IMU,1102,1224,-300,8440,-92,60,46
40125,IMU,1103,1196,-160,8392,-85,54,51
40144,IMU,1104,1204,-156,8460,-85,69,42
40164,IMU,1105,1292,-120,8356,-84,74,36
40183,IMU,1106,1252,-196,8376,-82,66,28
40202,IMU,1107,1280,-256,8516,-83,71,36
40221,IMU,1108,1288,-212,8476,-82,61,51
40240,IMU,1109,1276,-196,8352,-86,51,31
40259,IMU,1110,1252,-284,8396,-87,59,37
40279,IMU,1111,1160,-140,8448,-68,59,44
40298,IMU,1112,1240,-164,8404,-90,54,46
40318,IMU,1113,1336,-160,8356,-57,63,32
40336,IMU,1114,1292,-192,8408,-79,64,46
40355,IMU,1115,1284,-228,8416,-92,40,42
40374,IMU,1116,1264,-272,8356,-96,49,38
40394,IMU,1117,1220,-192,8428,-95,62,30
40413,IMU,1118,1204,-116,8372,-90,61,41
40432,IMU,1119,1204,-216,8424,-83,72,44
40451,IMU,1120,1292,-168,8388,-86,53,39
40470,IMU,1121,1292,-260,8480,-90,58,43
40489,IMU,1122,1276,-240,8404,-70,60,34
40509,IMU,1123,1212,-204,8312,-103,48,40
40530,IMU,1124,1264,-96,8368,-90,65,38
40547,IMU,1125,1248,-120,8304,-85,46,31
40566,IMU,1126,1232,-244,8368,-92,42,41
40585,IMU,1127,1288,-204,8372,-73,68,32
40604,IMU,1128,1220,-140,8364,-93,59,52
40623,IMU,1129,1260,-168,8488,-92,75,52
40643,IMU,1130,1224,-88,8428,-105,64,29
40662,IMU,1131,1284,-116,8476,-80,52,53
40681,IMU,1132,1344,-152,8432,-88,42,23
40700,IMU,1133,1224,-256,8456,-82,62,46
40719,IMU,1134,1288,-168,8408,-92,52,48
40740,IMU,1135,1352,-144,8432,-69,56,48
40760,IMU,1136,1336,-264,8380,-80,53,52
40777,IMU,1137,1256,-72,8436,-95,67,42
40796,IMU,1138,1280,-208,8460,-80,54,31
40815,IMU,1139,1312,-252,8400,-95,54,35
40834,IMU,1140,1276,-168,8348,-96,66,41
40855,IMU,1141,1448,-264,8328,-74,56,34
40873,IMU,1142,1200,-152,8528,-90,61,39
40892,IMU,1143,1324,-196,8412,-80,42,34
40910,IMU,1144,1312,-136,8420,-96,64,51
40930,IMU,1145,1348,-252,8432,-87,50,39
40949,IMU,1146,1256,-208,8416,-76,53,32
40970,IMU,1147,1352,-176,8464,-84,59,54
40987,IMU,1148,1216,-232,8444,-92,56,38
41006,IMU,1149,1272,-144,8408,-76,60,37
41025,IMU,1150,1272,-152,8472,-81,57,44
41044,IMU,1151,1264,-144,8352,-79,74,46
41063,IMU,1152,1300,-208,8352,-94,43,44
41082,IMU,1153,1284,-180,8388,-86,60,30
41102,IMU,1154,1268,-144,8360,-73,45,39
41120,IMU,1155,1228,-136,8352,-92,69,61
41140,IMU,1156,1324,-168,8428,-81,56,34
41159,IMU,1157,1276,-236,8400,-77,72,36
41182,IMU,1158,1200,-196,8340,-83,65,48
41198,IMU,1159,1328,-228,8456,-99,60,44
41216,IMU,1160,1340,-196,8444,-75,47,43
41235,IMU,1161,1240,-176,8384,-93,66,44
41255,IMU,1162,1248,-180,8424,-94,56,48
41274,IMU,1163,1224,-280,8488,-95,64,34
41292,IMU,1164,1192,-172,8368,-105,78,35
41312,IMU,1165,1184,-252,8404,-88,66,47
41331,IMU,1166,1260,-196,8404,-88,55,44
41350,IMU,1167,1228,-128,8412,-76,41,38
41369,IMU,1168,1228,-252,8344,-70,56,34
41388,IMU,1169,1208,-220,8408,-61,59,47
41408,IMU,1170,1216,-220,8392,-80,65,59
41436,IMU,1171,1212,-212,8404,-88,59,41
41445,IMU,1172,1200,-172,8472,-85,65,58
41464,IMU,1173,1300,-132,8380,-97,60,39
41483,IMU,1174,1240,-156,8408,-77,68,31
41502,IMU,1175,1392,-260,8380,-92,60,36
41521,IMU,1176,1296,-68,8296,-75,52,35
41540,IMU,1177,1324,-224,8380,-81,59,40
41560,IMU,1178,1232,-200,8508,-96,53,35
41579,IMU,1179,1208,-264,8340,-83,62,41
41598,IMU,1180,1328,-244,8348,-79,64,41
41620,IMU,1181,1288,-276,8372,-76,52,38
41637,IMU,1182,1332,-164,8348,-97,63,48
41655,IMU,1183,1256,-120,8436,-75,56,50
41674,IMU,1184,1312,-224,8380,-99,66,52
41693,IMU,1185,1256,-184,8344,-86,57,45
41712,IMU,1186,1284,-196,8444,-77,59,23
41731,IMU,1187,1196,-244,8416,-83,60,40
41750,IMU,1188,1188,-160,8368,-94,38,32
41770,IMU,1189,1336,-200,8384,-66,52,55
41789,IMU,1190,1236,-156,8432,-92,53,27
41808,IMU,1191,1244,-172,8276,-96,65,31
41827,IMU,1192,1312,-176,8416,-86,33,37
41848,IMU,1193,1252,-168,8392,-86,49,37
41865,IMU,1194,1340,-184,8392,-87,63,49
41885,IMU,1195,1268,-180,8376,-66,63,62
41903,IMU,1196,1252,-176,8408,-70,62,37
41922,IMU,1197,1320,-160,8504,-76,75,58
41941,IMU,1198,1272,-212,8444,-80,54,39
41961,IMU,1199,1232,-256,8420,-102,53,42
41980,IMU,1200,1324,-224,8376,-81,62,45
41999,IMU,1201,1224,-164,8308,-85,59,46
42018,IMU,1202,1316,-276,8472,-72,68,45
42037,IMU,1203,1280,-192,8400,-92,46,34
42059,IMU,1204,1200,-208,8416,-99,66,36
42076,IMU,1205,1292,-104,8432,-82,67,58
42095,IMU,1206,1264,-116,8304,-98,43,45
42114,IMU,1207,1268,-216,8364,-72,57,26
42133,IMU,1208,1272,-196,8316,-99,50,53
42152,IMU,1209,1344,-136,8360,-79,52,37
42171,IMU,1210,1248,-116,8372,-102,62,37
42191,IMU,1211,1228,-160,8360,-90,53,46
42210,IMU,1212,1352,-224,8352,-95,66,53
42229,IMU,1213,1228,-256,8416,-80,72,39
42248,IMU,1214,1240,-268,8344,-90,60,23
42268,IMU,1215,1188,-172,8448,-96,59,46
42288,IMU,1216,1316,-140,8360,-76,46,28
42305,IMU,1217,1312,-164,8384,-75,45,40
42325,IMU,1218,1180,-80,8420,-77,80,52
42344,IMU,1219,1308,-188,8392,-78,57,35
42363,IMU,1220,1216,-212,8328,-78,59,41
42382,IMU,1221,1320,-116,8440,-83,59,39
42401,IMU,1222,1288,-216,8500,-73,50,41
42420,IMU,1223,1280,-268,8376,-84,64,48
42440,IMU,1224,1208,-160,8360,-62,53,56
42459,IMU,1225,1236,-156,8372,-88,62,51
42478,IMU,1226,1248,-156,8460,-61,58,26
42499,IMU,1227,1256,-180,8440,-96,50,49
42516,IMU,1228,1256,-160,8448,-88,51,42
42535,IMU,1229,1268,-160,8364,-86,52,47
42555,IMU,1230,1288,-196,8352,-101,74,56
42574,IMU,1231,1232,-160,8308,-78,66,41
42593,IMU,1232,1196,-72,8360,-68,51,50
42612,IMU,1233,1228,-240,8424,-90,48,43
42631,IMU,1234,1280,-272,8496,-77,53,57
42650,IMU,1235,1248,-76,8348,-99,54,50
42669,IMU,1236,1280,-176,8384,-76,48,53
42689,IMU,1237,1232,-204,8476,-102,70,40
42712,IMU,1238,1268,-148,8400,-88,55,50
42728,IMU,1239,1260,-156,8476,-94,54,45
42746,IMU,1240,1196,-128,8312,-98,61,49
42765,IMU,1241,1188,-280,8436,-88,49,42
42784,IMU,1242,1284,-176,8320,-75,53,35
42804,IMU,1243,1228,-72,8472,-95,43,52
42823,IMU,1244,1188,-176,8388,-77,55,27
42842,IMU,1245,1272,-216,8332,-90,50,36
42861,IMU,1246,1256,-244,8320,-90,66,20
42881,IMU,1247,1220,-164,8404,-98,64,38
40826,ECG,5120,31610,0,0,0,0,0
40831,ECG,5121,31340,0,0,0,0,0
40831,ECG,5122,31111,0,0,0,0,0
40831,ECG,5123,31019,0,0,0,0,0
40836,ECG,5124,30741,0,0,0,0,0
40836,ECG,5125,30576,0,0,0,0,0
40841,ECG,5126,30362,0,0,0,0,0
40841,ECG,5127,30137,0,0,0,0,0
40841,ECG,5128,29939,0,0,0,0,0
40846,ECG,5129,29739,0,0,0,0,0
40846,ECG,5130,29557,0,0,0,0,0
40851,ECG,5131,29233,0,0,0,0,0
40851,ECG,5132,29094,0,0,0,0,0
40856,ECG,5133,28916,0,0,0,0,0
40856,ECG,5134,28715,0,0,0,0,0
40861,ECG,5135,28262,0,0,0,0,0
40861,ECG,5136,28053,0,0,0,0,0
40866,ECG,5137,27865,0,0,0,0,0
40866,ECG,5138,27700,0,0,0,0,0
40866,ECG,5139,27544,0,0,0,0,0
40871,ECG,5140,27435,0,0,0,0,0
40871,ECG,5141,27334,0,0,0,0,0
40876,ECG,5142,27157,0,0,0,0,0
40876,ECG,5143,26953,0,0,0,0,0
40876,ECG,5144,26714,0,0,0,0,0
40881,ECG,5145,26458,0,0,0,0,0
40881,ECG,5146,26246,0,0,0,0,0
40886,ECG,5147,26064,0,0,0,0,0
40886,ECG,5148,25915,0,0,0,0,0
40886,ECG,5149,25805,0,0,0,0,0
40891,ECG,5150,25712,0,0,0,0,0
40891,ECG,5151,25601,0,0,0,0,0
40896,ECG,5152,25503,0,0,0,0,0
40896,ECG,5153,25372,0,0,0,0,0
40896,ECG,5154,25183,0,0,0,0,0
40901,ECG,5155,25001,0,0,0,0,0
40901,ECG,5156,24857,0,0,0,0,0
40906,ECG,5157,24540,0,0,0,0,0
40906,ECG,5158,24388,0,0,0,0,0
40911,ECG,5159,24233,0,0,0,0,0
40911,ECG,5160,24081,0,0,0,0,0
40916,ECG,5161,23779,0,0,0,0,0
40916,ECG,5162,23629,0,0,0,0,0
40921,ECG,5163,23481,0,0,0,0,0
40921,ECG,5164,23333,0,0,0,0,0
40921,ECG,5165,23184,0,0,0,0,0
40926,ECG,5166,23045,0,0,0,0,0
40926,ECG,5167,22891,0,0,0,0,0
40931,ECG,5168,22751,0,0,0,0,0
40931,ECG,5169,22652,0,0,0,0,0
40931,ECG,5170,22508,0,0,0,0,0
40936,ECG,5171,22294,0,0,0,0,0
40936,ECG,5172,22096,0,0,0,0,0
40941,ECG,5173,21884,0,0,0,0,0
40941,ECG,5174,21675,0,0,0,0,0
40941,ECG,5175,21503,0,0,0,0,0
40946,ECG,5176,21373,0,0,0,0,0
40946,ECG,5177,21285,0,0,0,0,0
40951,ECG,5178,21165,0,0,0,0,0
40951,ECG,5179,21113,0,0,0,0,0
40956,ECG,5180,21012,0,0,0,0,0
40956,ECG,5181,20853,0,0,0,0,0
40957,ECG,5182,20654,0,0,0,0,0
40961,ECG,5183,20497,0,0,0,0,0
40961,ECG,5184,20347,0,0,0,0,0
40966,ECG,5185,20207,0,0,0,0,0
40966,ECG,5186,20089,0,0,0,0,0
40971,ECG,5187,19893,0,0,0,0,0
40971,ECG,5188,19790,0,0,0,0,0
40976,ECG,5189,19694,0,0,0,0,0
40976,ECG,5190,19590,0,0,0,0,0
40976,ECG,5191,19447,0,0,0,0,0
40981,ECG,5192,19314,0,0,0,0,0
40981,ECG,5193,19199,0,0,0,0,0
40986,ECG,5194,19075,0,0,0,0,0
40986,ECG,5195,18955,0,0,0,0,0
40986,ECG,5196,18837,0,0,0,0,0
40991,ECG,5197,18718,0,0,0,0,0
40991,ECG,5198,18600,0,0,0,0,0
40996,ECG,5199,18483,0,0,0,0,0
40996,ECG,5200,18366,0,0,0,0,0
40996,ECG,5201,18251,0,0,0,0,0
41001,ECG,5202,18136,0,0,0,0,0
41001,ECG,5203,18020,0,0,0,0,0
41006,ECG,5204,17792,0,0,0,0,0
41006,ECG,5205,17685,0,0,0,0,0
41011,ECG,5206,17595,0,0,0,0,0
41011,ECG,5207,17475,0,0,0,0,0
41016,ECG,5208,17206,0,0,0,0,0
41016,ECG,5209,17061,0,0,0,0,0
41021,ECG,5210,16921,0,0,0,0,0
41021,ECG,5211,16798,0,0,0,0,0
41021,ECG,5212,16690,0,0,0,0,0
41026,ECG,5213,16604,0,0,0,0,0
41026,ECG,5214,16532,0,0,0,0,0
41031,ECG,5215,16456,0,0,0,0,0
41031,ECG,5216,16394,0,0,0,0,0
41031,ECG,5217,16324,0,0,0,0,0
41036,ECG,5218,16198,0,0,0,0,0
41036,ECG,5219,16068,0,0,0,0,0
41041,ECG,5220,15954,0,0,0,0,0
41041,ECG,5221,15831,0,0,0,0,0
41041,ECG,5222,15720,0,0,0,0,0
41046,ECG,5223,15621,0,0,0,0,0
41046,ECG,5224,15530,0,0,0,0,0
41051,ECG,5225,15450,0,0,0,0,0
41051,ECG,5226,15370,0,0,0,0,0
41051,ECG,5227,15288,0,0,0,0,0
41056,ECG,5228,15208,0,0,0,0,0
41056,ECG,5229,15115,0,0,0,0,0
41061,ECG,5230,14911,0,0,0,0,0
41061,ECG,5231,14821,0,0,0,0,0
41066,ECG,5232,14725,0,0,0,0,0
41066,ECG,5233,14631,0,0,0,0,0
41071,ECG,5234,14463,0,0,0,0,0
41071,ECG,5235,14351,0,0,0,0,0
41076,ECG,5236,14245,0,0,0,0,0
41076,ECG,5237,14135,0,0,0,0,0
41076,ECG,5238,14026,0,0,0,0,0
41081,ECG,5239,13926,0,0,0,0,0
41081,ECG,5240,13838,0,0,0,0,0
41086,ECG,5241,13765,0,0,0,0,0
41086,ECG,5242,13692,0,0,0,0,0
41086,ECG,5243,13635,0,0,0,0,0
41091,ECG,5244,13609,0,0,0,0,0
41091,ECG,5245,13524,0,0,0,0,0
41096,ECG,5246,13386,0,0,0,0,0
41096,ECG,5247,13210,0,0,0,0,0
41096,ECG,5248,13035,0,0,0,0,0
41101,ECG,5249,12867,0,0,0,0,0
41101,ECG,5250,12731,0,0,0,0,0
41106,ECG,5251,12613,0,0,0,0,0
41106,ECG,5252,12615,0,0,0,0,0
41111,ECG,5253,12638,0,0,0,0,0
41111,ECG,5254,12669,0,0,0,0,0
41112,ECG,5255,12628,0,0,0,0,0
41116,ECG,5256,12508,0,0,0,0,0
41116,ECG,5257,12347,0,0,0,0,0
41121,ECG,5258,12208,0,0,0,0,0
41121,ECG,5259,12085,0,0,0,0,0
41126,ECG,5260,11934,0,0,0,0,0
41126,ECG,5261,11899,0,0,0,0,0
41131,ECG,5262,11882,0,0,0,0,0
41131,ECG,5263,11861,0,0,0,0,0
41131,ECG,5264,11831,0,0,0,0,0
41136,ECG,5265,11775,0,0,0,0,0
41136,ECG,5266,11671,0,0,0,0,0
41141,ECG,5267,11568,0,0,0,0,0
41141,ECG,5268,11492,0,0,0,0,0
41141,ECG,5269,11414,0,0,0,0,0
41146,ECG,5270,11345,0,0,0,0,0
41146,ECG,5271,11279,0,0,0,0,0
41151,ECG,5272,11183,0,0,0,0,0
41151,ECG,5273,11130,0,0,0,0,0
41156,ECG,5274,11021,0,0,0,0,0
41156,ECG,5275,10900,0,0,0,0,0
41157,ECG,5276,10779,0,0,0,0,0
41161,ECG,5277,10658,0,0,0,0,0
41161,ECG,5278,10556,0,0,0,0,0
41166,ECG,5279,10491,0,0,0,0,0
41166,ECG,5280,10444,0,0,0,0,0
41171,ECG,5281,10455,0,0,0,0,0
41171,ECG,5282,10427,0,0,0,0,0
41176,ECG,5283,10358,0,0,0,0,0
41176,ECG,5284,10254,0,0,0,0,0
41176,ECG,5285,10102,0,0,0,0,0
41181,ECG,5286,9978,0,0,0,0,0
41181,ECG,5287,9896,0,0,0,0,0
41186,ECG,5288,9835,0,0,0,0,0
41186,ECG,5289,9800,0,0,0,0,0
41186,ECG,5290,9812,0,0,0,0,0
41191,ECG,5291,9821,0,0,0,0,0
41191,ECG,5292,9778,0,0,0,0,0
41196,ECG,5293,9728,0,0,0,0,0
41196,ECG,5294,9624,0,0,0,0,0
41196,ECG,5295,9485,0,0,0,0,0
41201,ECG,5296,9399,0,0,0,0,0
41201,ECG,5297,9332,0,0,0,0,0
41206,ECG,5298,9259,0,0,0,0,0
41206,ECG,5299,9238,0,0,0,0,0
41211,ECG,5300,9231,0,0,0,0,0
41211,ECG,5301,9224,0,0,0,0,0
41212,ECG,5302,9158,0,0,0,0,0
41216,ECG,5303,9043,0,0,0,0,0
41216,ECG,5304,8945,0,0,0,0,0
41221,ECG,5305,8857,0,0,0,0,0
41221,ECG,5306,8774,0,0,0,0,0
41221,ECG,5307,8717,0,0,0,0,0
41226,ECG,5308,8673,0,0,0,0,0
41226,ECG,5309,8648,0,0,0,0,0
41231,ECG,5310,8663,0,0,0,0,0
41231,ECG,5311,8643,0,0,0,0,0
41231,ECG,5312,8576,0,0,0,0,0
41236,ECG,5313,8482,0,0,0,0,0
41236,ECG,5314,8349,0,0,0,0,0
41241,ECG,5315,8233,0,0,0,0,0
41241,ECG,5316,8148,0,0,0,0,0
41241,ECG,5317,8092,0,0,0,0,0
41246,ECG,5318,8068,0,0,0,0,0
41246,ECG,5319,8065,0,0,0,0,0
41251,ECG,5320,8103,0,0,0,0,0
41251,ECG,5321,8122,0,0,0,0,0
41251,ECG,5322,8077,0,0,0,0,0
41256,ECG,5323,7976,0,0,0,0,0
41256,ECG,5324,7837,0,0,0,0,0
41261,ECG,5325,7629,0,0,0,0,0
41261,ECG,5326,7568,0,0,0,0,0
41266,ECG,5327,7547,0,0,0,0,0
41266,ECG,5328,7553,0,0,0,0,0
41271,ECG,5329,7590,0,0,0,0,0
41271,ECG,5330,7601,0,0,0,0,0
41276,ECG,5331,7544,0,0,0,0,0
41276,ECG,5332,7430,0,0,0,0,0
41276,ECG,5333,7347,0,0,0,0,0
41281,ECG,5334,7276,0,0,0,0,0
41281,ECG,5335,7214,0,0,0,0,0
41286,ECG,5336,7175,0,0,0,0,0
41286,ECG,5337,7130,0,0,0,0,0
41286,ECG,5338,7161,0,0,0,0,0
41291,ECG,5339,7183,0,0,0,0,0
41291,ECG,5340,7095,0,0,0,0,0
41296,ECG,5341,6984,0,0,0,0,0
41296,ECG,5342,6853,0,0,0,0,0
41296,ECG,5343,6685,0,0,0,0,0
41301,ECG,5344,6572,0,0,0,0,0
41301,ECG,5345,6513,0,0,0,0,0
41306,ECG,5346,6553,0,0,0,0,0
41306,ECG,5347,6609,0,0,0,0,0
41311,ECG,5348,6657,0,0,0,0,0
41311,ECG,5349,6712,0,0,0,0,0
41316,ECG,5350,6572,0,0,0,0,0
41316,ECG,5351,6485,0,0,0,0,0
41321,ECG,5352,6427,0,0,0,0,0
41321,ECG,5353,6354,0,0,0,0,0
41321,ECG,5354,6309,0,0,0,0,0
41326,ECG,5355,6279,0,0,0,0,0
41326,ECG,5356,6262,0,0,0,0,0
41331,ECG,5357,6256,0,0,0,0,0
41331,ECG,5358,6238,0,0,0,0,0
41331,ECG,5359,6228,0,0,0,0,0
41336,ECG,5360,6204,0,0,0,0,0
41336,ECG,5361,6146,0,0,0,0,0
41341,ECG,5362,6094,0,0,0,0,0
41341,ECG,5363,6064,0,0,0,0,0
41341,ECG,5364,6028,0,0,0,0,0
41346,ECG,5365,5971,0,0,0,0,0
41346,ECG,5366,5982,0,0,0,0,0
41351,ECG,5367,5953,0,0,0,0,0
41351,ECG,5368,5901,0,0,0,0,0
41351,ECG,5369,5737,0,0,0,0,0
41356,ECG,5370,5583,0,0,0,0,0
41356,ECG,5371,5403,0,0,0,0,0
41361,ECG,5372,5184,0,0,0,0,0
41361,ECG,5373,5189,0,0,0,0,0
41366,ECG,5374,5250,0,0,0,0,0
41366,ECG,5375,5398,0,0,0,0,0
41371,ECG,5376,5567,0,0,0,0,0
41371,ECG,5377,5514,0,0,0,0,0
41376,ECG,5378,5291,0,0,0,0,0
41376,ECG,5379,5072,0,0,0,0,0
41376,ECG,5380,4935,0,0,0,0,0
41381,ECG,5381,4849,0,0,0,0,0
41381,ECG,5382,4843,0,0,0,0,0
41386,ECG,5383,4905,0,0,0,0,0
41386,ECG,5384,5027,0,0,0,0,0
41386,ECG,5385,5151,0,0,0,0,0
41391,ECG,5386,5226,0,0,0,0,0
41391,ECG,5387,5207,0,0,0,0,0
41396,ECG,5388,5098,0,0,0,0,0
41396,ECG,5389,4951,0,0,0,0,0
41396,ECG,5390,4872,0,0,0,0,0
41401,ECG,5391,4813,0,0,0,0,0
41401,ECG,5392,4796,0,0,0,0,0
41406,ECG,5393,4831,0,0,0,0,0
41406,ECG,5394,4921,0,0,0,0,0
41411,ECG,5395,4924,0,0,0,0,0
41411,ECG,5396,4855,0,0,0,0,0
41412,ECG,5397,4721,0,0,0,0,0
41416,ECG,5398,4567,0,0,0,0,0
41416,ECG,5399,4444,0,0,0,0,0
41421,ECG,5400,4361,0,0,0,0,0
41421,ECG,5401,4340,0,0,0,0,0
41426,ECG,5402,4432,0,0,0,0,0
41426,ECG,5403,4556,0,0,0,0,0
41431,ECG,5404,4632,0,0,0,0,0
41431,ECG,5405,4602,0,0,0,0,0
41431,ECG,5406,4480,0,0,0,0,0
41436,ECG,5407,4283,0,0,0,0,0
41436,ECG,5408,4134,0,0,0,0,0
41441,ECG,5409,4025,0,0,0,0,0
41441,ECG,5410,3974,0,0,0,0,0
41441,ECG,5411,3995,0,0,0,0,0
41446,ECG,5412,4070,0,0,0,0,0
41446,ECG,5413,4188,0,0,0,0,0
41451,ECG,5414,4274,0,0,0,0,0
41451,ECG,5415,4333,0,0,0,0,0
41451,ECG,5416,4305,0,0,0,0,0
41456,ECG,5417,4188,0,0,0,0,0
41456,ECG,5418,4099,0,0,0,0,0
41461,ECG,5419,4024,0,0,0,0,0
41461,ECG,5420,4011,0,0,0,0,0
41466,ECG,5421,4019,0,0,0,0,0
41466,ECG,5422,4028,0,0,0,0,0
41471,ECG,5423,4040,0,0,0,0,0
41471,ECG,5424,4029,0,0,0,0,0
41476,ECG,5425,3977,0,0,0,0,0
41476,ECG,5426,3945,0,0,0,0,0
41476,ECG,5427,3926,0,0,0,0,0
41481,ECG,5428,3896,0,0,0,0,0
41481,ECG,5429,3874,0,0,0,0,0
41486,ECG,5430,3846,0,0,0,0,0
41486,ECG,5431,3825,0,0,0,0,0
41486,ECG,5432,3819,0,0,0,0,0
41491,ECG,5433,3786,0,0,0,0,0
41491,ECG,5434,3736,0,0,0,0,0
41496,ECG,5435,3691,0,0,0,0,0
41496,ECG,5436,3641,0,0,0,0,0
41496,ECG,5437,3594,0,0,0,0,0
41501,ECG,5438,3560,0,0,0,0,0
41501,ECG,5439,3544,0,0,0,0,0
41506,ECG,5440,3535,0,0,0,0,0
41506,ECG,5441,3542,0,0,0,0,0
41506,ECG,5442,3578,0,0,0,0,0
41511,ECG,5443,3580,0,0,0,0,0
41511,ECG,5444,3520,0,0,0,0,0
41516,ECG,5445,3337,0,0,0,0,0
41516,ECG,5446,3255,0,0,0,0,0
41521,ECG,5447,3199,0,0,0,0,0
41521,ECG,5448,3183,0,0,0,0,0
41526,ECG,5449,3245,0,0,0,0,0
41526,ECG,5450,3351,0,0,0,0,0
41531,ECG,5451,3371,0,0,0,0,0
41531,ECG,5452,3320,0,0,0,0,0
41531,ECG,5453,3163,0,0,0,0,0
41536,ECG,5454,2961,0,0,0,0,0
41536,ECG,5455,2800,0,0,0,0,0
41541,ECG,5456,2694,0,0,0,0,0
41541,ECG,5457,2668,0,0,0,0,0
41541,ECG,5458,2722,0,0,0,0,0
41546,ECG,5459,2832,0,0,0,0,0
41546,ECG,5460,3004,0,0,0,0,0
41551,ECG,5461,3146,0,0,0,0,0
41551,ECG,5462,3159,0,0,0,0,0
41551,ECG,5463,3093,0,0,0,0,0
41556,ECG,5464,2930,0,0,0,0,0
41556,ECG,5465,2794,0,0,0,0,0
41561,ECG,5466,2719,0,0,0,0,0
41561,ECG,5467,2688,0,0,0,0,0
41561,ECG,5468,2699,0,0,0,0,0
41566,ECG,5469,2776,0,0,0,0,0
41566,ECG,5470,2874,0,0,0,0,0
41567,ECG,5471,2919,0,0,0,0,0
41571,ECG,5472,2949,0,0,0,0,0
41571,ECG,5473,2902,0,0,0,0,0
41576,ECG,5474,2774,0,0,0,0,0
41576,ECG,5475,2696,0,0,0,0,0
41581,ECG,5476,2636,0,0,0,0,0
41581,ECG,5477,2656,0,0,0,0,0
41586,ECG,5478,2689,0,0,0,0,0
41586,ECG,5479,2732,0,0,0,0,0
41586,ECG,5480,2786,0,0,0,0,0
41591,ECG,5481,2790,0,0,0,0,0
41591,ECG,5482,2734,0,0,0,0,0
41596,ECG,5483,2670,0,0,0,0,0
41596,ECG,5484,2616,0,0,0,0,0
41596,ECG,5485,2574,0,0,0,0,0
41601,ECG,5486,2549,0,0,0,0,0
41601,ECG,5487,2541,0,0,0,0,0
41606,ECG,5488,2547,0,0,0,0,0
41606,ECG,5489,2574,0,0,0,0,0
41606,ECG,5490,2587,0,0,0,0,0
41611,ECG,5491,2585,0,0,0,0,0
41611,ECG,5492,2575,0,0,0,0,0
41616,ECG,5493,2483,0,0,0,0,0
41616,ECG,5494,2464,0,0,0,0,0
41621,ECG,5495,2443,0,0,0,0,0
41621,ECG,5496,2436,0,0,0,0,0
41626,ECG,5497,2427,0,0,0,0,0
41626,ECG,5498,2446,0,0,0,0,0
41631,ECG,5499,2462,0,0,0,0,0
41631,ECG,5500,2412,0,0,0,0,0
41631,ECG,5501,2348,0,0,0,0,0
41636,ECG,5502,2297,0,0,0,0,0
41636,ECG,5503,2238,0,0,0,0,0
41641,ECG,5504,2191,0,0,0,0,0
41641,ECG,5505,2175,0,0,0,0,0
41641,ECG,5506,2173,0,0,0,0,0
41646,ECG,5507,2200,0,0,0,0,0
41646,ECG,5508,2265,0,0,0,0,0
41651,ECG,5509,2290,0,0,0,0,0
41651,ECG,5510,2266,0,0,0,0,0
41651,ECG,5511,2199,0,0,0,0,0
41656,ECG,5512,2085,0,0,0,0,0
41656,ECG,5513,1992,0,0,0,0,0
41661,ECG,5514,1938,0,0,0,0,0
41661,ECG,5515,1919,0,0,0,0,0
41661,ECG,5516,1932,0,0,0,0,0
41666,ECG,5517,1996,0,0,0,0,0
41666,ECG,5518,2093,0,0,0,0,0
41671,ECG,5519,2122,0,0,0,0,0
41671,ECG,5520,2075,0,0,0,0,0
41676,ECG,5521,1970,0,0,0,0,0
41676,ECG,5522,1895,0,0,0,0,0
41681,ECG,5523,1861,0,0,0,0,0
41681,ECG,5524,1885,0,0,0,0,0
41686,ECG,5525,1930,0,0,0,0,0
41686,ECG,5526,1986,0,0,0,0,0
41686,ECG,5527,2028,0,0,0,0,0
41691,ECG,5528,2031,0,0,0,0,0
41691,ECG,5529,1968,0,0,0,0,0
41696,ECG,5530,1891,0,0,0,0,0
41696,ECG,5531,1851,0,0,0,0,0
41696,ECG,5532,1813,0,0,0,0,0
41701,ECG,5533,1796,0,0,0,0,0
41701,ECG,5534,1800,0,0,0,0,0
41706,ECG,5535,1810,0,0,0,0,0
41706,ECG,5536,1882,0,0,0,0,0
41706,ECG,5537,1923,0,0,0,0,0
41711,ECG,5538,1899,0,0,0,0,0
41711,ECG,5539,1778,0,0,0,0,0
41716,ECG,5540,1493,0,0,0,0,0
41716,ECG,5541,1387,0,0,0,0,0
41721,ECG,5542,1344,0,0,0,0,0
41721,ECG,5543,1376,0,0,0,0,0
41722,ECG,5544,1469,0,0,0,0,0
41726,ECG,5545,1587,0,0,0,0,0
41726,ECG,5546,1702,0,0,0,0,0
41731,ECG,5547,1806,0,0,0,0,0
41731,ECG,5548,1794,0,0,0,0,0
41731,ECG,5549,1742,0,0,0,0,0
41736,ECG,5550,1676,0,0,0,0,0
41736,ECG,5551,1650,0,0,0,0,0
41741,ECG,5552,1623,0,0,0,0,0
41741,ECG,5553,1617,0,0,0,0,0
41741,ECG,5554,1612,0,0,0,0,0
41746,ECG,5555,1633,0,0,0,0,0
41746,ECG,5556,1697,0,0,0,0,0
41751,ECG,5557,1691,0,0,0,0,0
41751,ECG,5558,1617,0,0,0,0,0
41751,ECG,5559,1527,0,0,0,0,0
41756,ECG,5560,1413,0,0,0,0,0
41756,ECG,5561,1317,0,0,0,0,0
41761,ECG,5562,1268,0,0,0,0,0
41761,ECG,5563,1270,0,0,0,0,0
41761,ECG,5564,1310,0,0,0,0,0
41766,ECG,5565,1404,0,0,0,0,0
41766,ECG,5566,1526,0,0,0,0,0
41771,ECG,5567,1569,0,0,0,0,0
41771,ECG,5568,1483,0,0,0,0,0
41776,ECG,5569,1350,0,0,0,0,0
41776,ECG,5570,1277,0,0,0,0,0
41781,ECG,5571,1240,0,0,0,0,0
41781,ECG,5572,1276,0,0,0,0,0
41786,ECG,5573,1345,0,0,0,0,0
41786,ECG,5574,1457,0,0,0,0,0
41786,ECG,5575,1506,0,0,0,0,0
41791,ECG,5576,1485,0,0,0,0,0
41791,ECG,5577,1365,0,0,0,0,0
41796,ECG,5578,1218,0,0,0,0,0
41796,ECG,5579,1116,0,0,0,0,0
41796,ECG,5580,1046,0,0,0,0,0
41801,ECG,5581,1034,0,0,0,0,0
41801,ECG,5582,1080,0,0,0,0,0
41806,ECG,5583,1160,0,0,0,0,0
41806,ECG,5584,1304,0,0,0,0,0
41806,ECG,5585,1422,0,0,0,0,0
41811,ECG,5586,1413,0,0,0,0,0
41811,ECG,5587,1316,0,0,0,0,0
41816,ECG,5588,1118,0,0,0,0,0
41816,ECG,5589,951,0,0,0,0,0
41816,ECG,5590,831,0,0,0,0,0
41821,ECG,5591,778,0,0,0,0,0
41821,ECG,5592,816,0,0,0,0,0
41826,ECG,5593,1073,0,0,0,0,0
41826,ECG,5594,1235,0,0,0,0,0
41831,ECG,5595,1341,0,0,0,0,0
41831,ECG,5596,1332,0,0,0,0,0
41836,ECG,5597,1141,0,0,0,0,0
41836,ECG,5598,1092,0,0,0,0,0
41841,ECG,5599,1066,0,0,0,0,0
41841,ECG,5600,1069,0,0,0,0,0
41841,ECG,5601,1097,0,0,0,0,0
42848,ECG,5602,0,0,0,0,0,0
42848,ECG,5603,-1,0,0,0,0,0
42848,ECG,5604,-6,0,0,0,0,0
42853,ECG,5605,1,0,0,0,0,0
42853,ECG,5606,7,0,0,0,0,0
42858,ECG,5607,36,0,0,0,0,0
42858,ECG,5608,-13,0,0,0,0,0
42863,ECG,5609,-27,0,0,0,0,0
42863,ECG,5610,146,0,0,0,0,0
42864,ECG,5611,-713,0,0,0,0,0
42868,ECG,5612,-2051,0,0,0,0,0
42868,ECG,5613,-1854,0,0,0,0,0
42873,ECG,5614,-117,0,0,0,0,0
42873,ECG,5615,3226,0,0,0,0,0
42873,ECG,5616,8470,0,0,0,0,0
42878,ECG,5617,14835,0,0,0,0,0
42878,ECG,5618,21358,0,0,0,0,0
42883,ECG,5619,27102,0,0,0,0,0
42883,ECG,5620,31111,0,0,0,0,0
42883,ECG,5621,32021,0,0,0,0,0
42888,ECG,5622,31819,0,0,0,0,0
42888,ECG,5623,31619,0,0,0,0,0
42893,ECG,5624,31238,0,0,0,0,0
42893,ECG,5625,30804,0,0,0,0,0
42893,ECG,5626,30558,0,0,0,0,0
42898,ECG,5627,30171,0,0,0,0,0
42898,ECG,5628,30018,0,0,0,0,0
42903,ECG,5629,29886,0,0,0,0,0
42903,ECG,5630,29863,0,0,0,0,0
42903,ECG,5631,29905,0,0,0,0,0
42908,ECG,5632,29843,0,0,0,0,0
42908,ECG,5633,29688,0,0,0,0,0
42913,ECG,5634,28971,0,0,0,0,0
42913,ECG,5635,28604,0,0,0,0,0
42918,ECG,5636,28321,0,0,0,0,0
42918,ECG,5637,28132,0,0,0,0,0
42923,ECG,5638,28009,0,0,0,0,0
42923,ECG,5639,28046,0,0,0,0,0
42928,ECG,5640,28051,0,0,0,0,0
42928,ECG,5641,27917,0,0,0,0,0
42928,ECG,5642,27658,0,0,0,0,0
42933,ECG,5643,27325,0,0,0,0,0
42933,ECG,5644,27004,0,0,0,0,0
42938,ECG,5645,26736,0,0,0,0,0
42938,ECG,5646,26555,0,0,0,0,0
42938,ECG,5647,26431,0,0,0,0,0
42943,ECG,5648,26365,0,0,0,0,0
42943,ECG,5649,26370,0,0,0,0,0
42948,ECG,5650,26357,0,0,0,0,0
42948,ECG,5651,26228,0,0,0,0,0
42948,ECG,5652,25998,0,0,0,0,0
42953,ECG,5653,25679,0,0,0,0,0
42953,ECG,5654,25368,0,0,0,0,0
42958,ECG,5655,24912,0,0,0,0,0
42958,ECG,5656,24795,0,0,0,0,0
42963,ECG,5657,24717,0,0,0,0,0
42963,ECG,5658,24715,0,0,0,0,0
42964,ECG,5659,24774,0,0,0,0,0
42968,ECG,5660,24641,0,0,0,0,0
42968,ECG,5661,24422,0,0,0,0,0
42973,ECG,5662,24070,0,0,0,0,0
42973,ECG,5663,23715,0,0,0,0,0
42978,ECG,5664,23170,0,0,0,0,0
42978,ECG,5665,23047,0,0,0,0,0
42983,ECG,5666,23010,0,0,0,0,0
42983,ECG,5667,23132,0,0,0,0,0
42983,ECG,5668,23239,0,0,0,0,0
42988,ECG,5669,23157,0,0,0,0,0
42988,ECG,5670,22932,0,0,0,0,0
42993,ECG,5671,22513,0,0,0,0,0
42993,ECG,5672,22035,0,0,0,0,0
42993,ECG,5673,21703,0,0,0,0,0
42998,ECG,5674,21494,0,0,0,0,0
42998,ECG,5675,21404,0,0,0,0,0
43003,ECG,5676,21474,0,0,0,0,0
43003,ECG,5677,21634,0,0,0,0,0
43003,ECG,5678,21759,0,0,0,0,0
43008,ECG,5679,21772,0,0,0,0,0
43008,ECG,5680,21629,0,0,0,0,0
43013,ECG,5681,20763,0,0,0,0,0
43013,ECG,5682,20450,0,0,0,0,0
43018,ECG,5683,20229,0,0,0,0,0
43018,ECG,5684,20137,0,0,0,0,0
43023,ECG,5685,20251,0,0,0,0,0
43023,ECG,5686,20435,0,0,0,0,0
43028,ECG,5687,20460,0,0,0,0,0
43028,ECG,5688,20302,0,0,0,0,0
43028,ECG,5689,20046,0,0,0,0,0
43033,ECG,5690,19710,0,0,0,0,0
43033,ECG,5691,19412,0,0,0,0,0
43038,ECG,5692,19233,0,0,0,0,0
43038,ECG,5693,19132,0,0,0,0,0
43038,ECG,5694,19109,0,0,0,0,0
43043,ECG,5695,19171,0,0,0,0,0
43043,ECG,5696,19231,0,0,0,0,0
43048,ECG,5697,19236,0,0,0,0,0
43048,ECG,5698,19115,0,0,0,0,0
43048,ECG,5699,18840,0,0,0,0,0
43053,ECG,5700,18524,0,0,0,0,0
43053,ECG,5701,18291,0,0,0,0,0
43058,ECG,5702,18108,0,0,0,0,0
43058,ECG,5703,17985,0,0,0,0,0
43058,ECG,5704,17970,0,0,0,0,0
43063,ECG,5705,18036,0,0,0,0,0
43063,ECG,5706,18080,0,0,0,0,0
43068,ECG,5707,17855,0,0,0,0,0
43068,ECG,5708,17531,0,0,0,0,0
43073,ECG,5709,17173,0,0,0,0,0
43073,ECG,5710,16877,0,0,0,0,0
43078,ECG,5711,16641,0,0,0,0,0
43078,ECG,5712,16679,0,0,0,0,0
43083,ECG,5713,16777,0,0,0,0,0
43083,ECG,5714,16939,0,0,0,0,0
43083,ECG,5715,16998,0,0,0,0,0
43088,ECG,5716,16891,0,0,0,0,0
43088,ECG,5717,16693,0,0,0,0,0
43093,ECG,5718,16325,0,0,0,0,0
43093,ECG,5719,15980,0,0,0,0,0
43093,ECG,5720,15718,0,0,0,0,0
43098,ECG,5721,15542,0,0,0,0,0
43098,ECG,5722,15475,0,0,0,0,0
43103,ECG,5723,15566,0,0,0,0,0
43103,ECG,5724,15752,0,0,0,0,0
43103,ECG,5725,15869,0,0,0,0,0
43108,ECG,5726,15829,0,0,0,0,0
43108,ECG,5727,15585,0,0,0,0,0
43113,ECG,5728,14737,0,0,0,0,0
43113,ECG,5729,14424,0,0,0,0,0
43118,ECG,5730,14282,0,0,0,0,0
43118,ECG,5731,14289,0,0,0,0,0
43123,ECG,5732,14663,0,0,0,0,0
43123,ECG,5733,14901,0,0,0,0,0
43128,ECG,5734,14948,0,0,0,0,0
43128,ECG,5735,14825,0,0,0,0,0
43128,ECG,5736,14556,0,0,0,0,0
43133,ECG,5737,14266,0,0,0,0,0
43133,ECG,5738,14040,0,0,0,0,0
43138,ECG,5739,13920,0,0,0,0,0
43138,ECG,5740,13868,0,0,0,0,0
43138,ECG,5741,13896,0,0,0,0,0
43143,ECG,5742,13985,0,0,0,0,0
43143,ECG,5743,14076,0,0,0,0,0
43148,ECG,5744,14050,0,0,0,0,0
43148,ECG,5745,13946,0,0,0,0,0
43148,ECG,5746,13617,0,0,0,0,0
43153,ECG,5747,13307,0,0,0,0,0
43153,ECG,5748,13045,0,0,0,0,0
43158,ECG,5749,12788,0,0,0,0,0
43158,ECG,5750,12807,0,0,0,0,0
43163,ECG,5751,12989,0,0,0,0,0
43163,ECG,5752,13181,0,0,0,0,0
43168,ECG,5753,12998,0,0,0,0,0
43168,ECG,5754,12694,0,0,0,0,0
43173,ECG,5755,12290,0,0,0,0,0
43173,ECG,5756,11971,0,0,0,0,0
43178,ECG,5757,11799,0,0,0,0,0
43178,ECG,5758,11915,0,0,0,0,0
43183,ECG,5759,12095,0,0,0,0,0
43183,ECG,5760,12306,0,0,0,0,0
43183,ECG,5761,12436,0,0,0,0,0
43188,ECG,5762,12357,0,0,0,0,0
43188,ECG,5763,12172,0,0,0,0,0
43193,ECG,5764,11898,0,0,0,0,0
43193,ECG,5765,11672,0,0,0,0,0
43193,ECG,5766,11497,0,0,0,0,0
43198,ECG,5767,11408,0,0,0,0,0
43198,ECG,5768,11385,0,0,0,0,0
43203,ECG,5769,11467,0,0,0,0,0
43203,ECG,5770,11597,0,0,0,0,0
43203,ECG,5771,11623,0,0,0,0,0
43208,ECG,5772,11559,0,0,0,0,0
43208,ECG,5773,11407,0,0,0,0,0
43213,ECG,5774,10912,0,0,0,0,0
43213,ECG,5775,10795,0,0,0,0,0
43218,ECG,5776,10738,0,0,0,0,0
43218,ECG,5777,10761,0,0,0,0,0
43219,ECG,5778,10821,0,0,0,0,0
43223,ECG,5779,10891,0,0,0,0,0
43223,ECG,5780,10988,0,0,0,0,0
43228,ECG,5781,10922,0,0,0,0,0
43228,ECG,5782,10832,0,0,0,0,0
43228,ECG,5783,10642,0,0,0,0,0
43233,ECG,5784,10495,0,0,0,0,0
43233,ECG,5785,10357,0,0,0,0,0
43238,ECG,5786,10257,0,0,0,0,0
43238,ECG,5787,10206,0,0,0,0,0
43238,ECG,5788,10173,0,0,0,0,0
43243,ECG,5789,10241,0,0,0,0,0
43243,ECG,5790,10327,0,0,0,0,0
43248,ECG,5791,10262,0,0,0,0,0
43248,ECG,5792,10086,0,0,0,0,0
43248,ECG,5793,9838,0,0,0,0,0
43253,ECG,5794,9544,0,0,0,0,0
43253,ECG,5795,9322,0,0,0,0,0
43258,ECG,5796,9178,0,0,0,0,0
43258,ECG,5797,9271,0,0,0,0,0
43263,ECG,5798,9452,0,0,0,0,0
43263,ECG,5799,9616,0,0,0,0,0
43264,ECG,5800,9654,0,0,0,0,0
43268,ECG,5801,9518,0,0,0,0,0
43268,ECG,5802,9202,0,0,0,0,0
43273,ECG,5803,8877,0,0,0,0,0
43273,ECG,5804,8673,0,0,0,0,0
43278,ECG,5805,8572,0,0,0,0,0
43278,ECG,5806,8666,0,0,0,0,0
43283,ECG,5807,8827,0,0,0,0,0
43283,ECG,5808,9052,0,0,0,0,0
43283,ECG,5809,9089,0,0,0,0,0
43288,ECG,5810,9031,0,0,0,0,0
43288,ECG,5811,8809,0,0,0,0,0
43293,ECG,5812,8516,0,0,0,0,0
43293,ECG,5813,8298,0,0,0,0,0
43293,ECG,5814,8149,0,0,0,0,0
43298,ECG,5815,8087,0,0,0,0,0
43298,ECG,5816,8132,0,0,0,0,0
43303,ECG,5817,8228,0,0,0,0,0
43303,ECG,5818,8384,0,0,0,0,0
43303,ECG,5819,8552,0,0,0,0,0
43308,ECG,5820,8498,0,0,0,0,0
43308,ECG,5821,8389,0,0,0,0,0
43313,ECG,5822,7875,0,0,0,0,0
43313,ECG,5823,7690,0,0,0,0,0
43318,ECG,5824,7588,0,0,0,0,0
43318,ECG,5825,7557,0,0,0,0,0
43319,ECG,5826,7673,0,0,0,0,0
43323,ECG,5827,7901,0,0,0,0,0
43323,ECG,5828,7946,0,0,0,0,0
43328,ECG,5829,7863,0,0,0,0,0
43328,ECG,5830,7734,0,0,0,0,0
43328,ECG,5831,7421,0,0,0,0,0
43333,ECG,5832,7118,0,0,0,0,0
43333,ECG,5833,6999,0,0,0,0,0
43338,ECG,5834,6988,0,0,0,0,0
43338,ECG,5835,7057,0,0,0,0,0
43338,ECG,5836,7266,0,0,0,0,0
43343,ECG,5837,7509,0,0,0,0,0
43343,ECG,5838,7576,0,0,0,0,0
43348,ECG,5839,7528,0,0,0,0,0
43348,ECG,5840,7267,0,0,0,0,0
43348,ECG,5841,6873,0,0,0,0,0
43353,ECG,5842,6604,0,0,0,0,0
43353,ECG,5843,6423,0,0,0,0,0
43358,ECG,5844,6354,0,0,0,0,0
43358,ECG,5845,6432,0,0,0,0,0
43358,ECG,5846,6616,0,0,0,0,0
43363,ECG,5847,6829,0,0,0,0,0
43363,ECG,5848,7078,0,0,0,0,0
43368,ECG,5849,7050,0,0,0,0,0
43368,ECG,5850,6740,0,0,0,0,0
43373,ECG,5851,6468,0,0,0,0,0
43373,ECG,5852,6208,0,0,0,0,0
43378,ECG,5853,5995,0,0,0,0,0
43378,ECG,5854,6078,0,0,0,0,0
43383,ECG,5855,6285,0,0,0,0,0
43383,ECG,5856,6456,0,0,0,0,0
43383,ECG,5857,6529,0,0,0,0,0
43388,ECG,5858,6543,0,0,0,0,0
43388,ECG,5859,6450,0,0,0,0,0
43393,ECG,5860,6247,0,0,0,0,0
43393,ECG,5861,6103,0,0,0,0,0
43393,ECG,5862,6089,0,0,0,0,0
43398,ECG,5863,6099,0,0,0,0,0
43398,ECG,5864,6167,0,0,0,0,0
43403,ECG,5865,6301,0,0,0,0,0
43403,ECG,5866,6327,0,0,0,0,0
43403,ECG,5867,6286,0,0,0,0,0
43408,ECG,5868,6084,0,0,0,0,0
43408,ECG,5869,5804,0,0,0,0,0
43413,ECG,5870,5412,0,0,0,0,0
43413,ECG,5871,5336,0,0,0,0,0
43418,ECG,5872,5381,0,0,0,0,0
43418,ECG,5873,5502,0,0,0,0,0
43419,ECG,5874,5679,0,0,0,0,0
43423,ECG,5875,5921,0,0,0,0,0
43423,ECG,5876,5923,0,0,0,0,0
43428,ECG,5877,5883,0,0,0,0,0
43428,ECG,5878,5579,0,0,0,0,0
43428,ECG,5879,5291,0,0,0,0,0
43433,ECG,5880,5040,0,0,0,0,0
43433,ECG,5881,4884,0,0,0,0,0
43438,ECG,5882,4864,0,0,0,0,0
43438,ECG,5883,4942,0,0,0,0,0
43438,ECG,5884,5130,0,0,0,0,0
43443,ECG,5885,5428,0,0,0,0,0
43443,ECG,5886,5585,0,0,0,0,0
43448,ECG,5887,5550,0,0,0,0,0
43448,ECG,5888,5353,0,0,0,0,0
43448,ECG,5889,4991,0,0,0,0,0
43453,ECG,5890,4693,0,0,0,0,0
43453,ECG,5891,4518,0,0,0,0,0
43458,ECG,5892,4461,0,0,0,0,0
43458,ECG,5893,4534,0,0,0,0,0
43458,ECG,5894,4764,0,0,0,0,0
43463,ECG,5895,5081,0,0,0,0,0
43463,ECG,5896,5244,0,0,0,0,0
43468,ECG,5897,4889,0,0,0,0,0
43468,ECG,5898,4455,0,0,0,0,0
43473,ECG,5899,4107,0,0,0,0,0
43473,ECG,5900,3933,0,0,0,0,0
43478,ECG,5901,4078,0,0,0,0,0
43478,ECG,5902,4355,0,0,0,0,0
43483,ECG,5903,4688,0,0,0,0,0
43483,ECG,5904,4950,0,0,0,0,0
43483,ECG,5905,4950,0,0,0,0,0
43488,ECG,5906,4906,0,0,0,0,0
43488,ECG,5907,4603,0,0,0,0,0
43493,ECG,5908,4394,0,0,0,0,0
43493,ECG,5909,4274,0,0,0,0,0
43493,ECG,5910,4204,0,0,0,0,0
43498,ECG,5911,4231,0,0,0,0,0
43498,ECG,5912,4313,0,0,0,0,0
43503,ECG,5913,4460,0,0,0,0,0
43503,ECG,5914,4648,0,0,0,0,0
43503,ECG,5915,4661,0,0,0,0,0
43508,ECG,5916,4562,0,0,0,0,0
43508,ECG,5917,4334,0,0,0,0,0
43513,ECG,5918,3923,0,0,0,0,0
43513,ECG,5919,3832,0,0,0,0,0
43518,ECG,5920,3829,0,0,0,0,0
43518,ECG,5921,3924,0,0,0,0,0
43519,ECG,5922,4174,0,0,0,0,0
43523,ECG,5923,4330,0,0,0,0,0
43523,ECG,5924,4307,0,0,0,0,0
43528,ECG,5925,4236,0,0,0,0,0
43528,ECG,5926,4006,0,0,0,0,0
43528,ECG,5927,3725,0,0,0,0,0
43533,ECG,5928,3596,0,0,0,0,0
43533,ECG,5929,3574,0,0,0,0,0
43538,ECG,5930,3627,0,0,0,0,0
43538,ECG,5931,3794,0,0,0,0,0
43538,ECG,5932,3992,0,0,0,0,0
43543,ECG,5933,4137,0,0,0,0,0
43543,ECG,5934,4143,0,0,0,0,0
43548,ECG,5935,4117,0,0,0,0,0
43548,ECG,5936,3760,0,0,0,0,0
43548,ECG,5937,3495,0,0,0,0,0
43553,ECG,5938,3291,0,0,0,0,0
43553,ECG,5939,3130,0,0,0,0,0
43558,ECG,5940,3201,0,0,0,0,0
43558,ECG,5941,3396,0,0,0,0,0
43563,ECG,5942,3684,0,0,0,0,0
43563,ECG,5943,3880,0,0,0,0,0
43564,ECG,5944,3879,0,0,0,0,0
43568,ECG,5945,3730,0,0,0,0,0
43568,ECG,5946,3474,0,0,0,0,0
43573,ECG,5947,3199,0,0,0,0,0
43573,ECG,5948,3039,0,0,0,0,0
43578,ECG,5949,3044,0,0,0,0,0
43578,ECG,5950,3228,0,0,0,0,0
43583,ECG,5951,3466,0,0,0,0,0
43583,ECG,5952,3640,0,0,0,0,0
43583,ECG,5953,3628,0,0,0,0,0
43588,ECG,5954,3419,0,0,0,0,0
43588,ECG,5955,3135,0,0,0,0,0
43593,ECG,5956,2866,0,0,0,0,0
43593,ECG,5957,2701,0,0,0,0,0
43593,ECG,5958,2693,0,0,0,0,0
43598,ECG,5959,2786,0,0,0,0,0
43598,ECG,5960,2977,0,0,0,0,0
43603,ECG,5961,3271,0,0,0,0,0
43603,ECG,5962,3490,0,0,0,0,0
43603,ECG,5963,3473,0,0,0,0,0
43608,ECG,5964,3348,0,0,0,0,0
43608,ECG,5965,3076,0,0,0,0,0
43613,ECG,5966,2701,0,0,0,0,0
43613,ECG,5967,2660,0,0,0,0,0
43618,ECG,5968,2715,0,0,0,0,0
43618,ECG,5969,2855,0,0,0,0,0
43619,ECG,5970,3062,0,0,0,0,0
43623,ECG,5971,3247,0,0,0,0,0
43623,ECG,5972,3279,0,0,0,0,0
43628,ECG,5973,3224,0,0,0,0,0
43628,ECG,5974,3008,0,0,0,0,0
43633,ECG,5975,2718,0,0,0,0,0
43633,ECG,5976,2669,0,0,0,0,0
43638,ECG,5977,2687,0,0,0,0,0
43638,ECG,5978,2767,0,0,0,0,0
43638,ECG,5979,2924,0,0,0,0,0
43643,ECG,5980,3049,0,0,0,0,0
43643,ECG,5981,3084,0,0,0,0,0
43648,ECG,5982,3021,0,0,0,0,0
43648,ECG,5983,2846,0,0,0,0,0
43648,ECG,5984,2680,0,0,0,0,0
43653,ECG,5985,2582,0,0,0,0,0
43653,ECG,5986,2538,0,0,0,0,0
43658,ECG,5987,2558,0,0,0,0,0
43658,ECG,5988,2626,0,0,0,0,0
43658,ECG,5989,2751,0,0,0,0,0
43663,ECG,5990,2908,0,0,0,0,0
43663,ECG,5991,2911,0,0,0,0,0
43668,ECG,5992,2618,0,0,0,0,0
43668,ECG,5993,2393,0,0,0,0,0
43673,ECG,5994,2201,0,0,0,0,0
43673,ECG,5995,2085,0,0,0,0,0
43678,ECG,5996,2162,0,0,0,0,0
43678,ECG,5997,2376,0,0,0,0,0
43683,ECG,5998,2615,0,0,0,0,0
43683,ECG,5999,2711,0,0,0,0,0
43683,ECG,6000,2676,0,0,0,0,0
43688,ECG,6001,2502,0,0,0,0,0
43688,ECG,6002,2242,0,0,0,0,0
43693,ECG,6003,2055,0,0,0,0,0
43693,ECG,6004,1992,0,0,0,0,0
43693,ECG,6005,2016,0,0,0,0,0
43698,ECG,6006,2111,0,0,0,0,0
43698,ECG,6007,2331,0,0,0,0,0
43703,ECG,6008,2571,0,0,0,0,0
43703,ECG,6009,2601,0,0,0,0,0
43703,ECG,6010,2567,0,0,0,0,0
43708,ECG,6011,2254,0,0,0,0,0
43708,ECG,6012,1900,0,0,0,0,0
43713,ECG,6013,1493,0,0,0,0,0
43713,ECG,6014,1479,0,0,0,0,0
43718,ECG,6015,1612,0,0,0,0,0
43718,ECG,6016,1908,0,0,0,0,0
43719,ECG,6017,2235,0,0,0,0,0
43723,ECG,6018,2432,0,0,0,0,0
43723,ECG,6019,2423,0,0,0,0,0
43728,ECG,6020,2183,0,0,0,0,0
43728,ECG,6021,1869,0,0,0,0,0
43728,ECG,6022,1628,0,0,0,0,0
43733,ECG,6023,1508,0,0,0,0,0
43733,ECG,6024,1530,0,0,0,0,0
43738,ECG,6025,1670,0,0,0,0,0
43738,ECG,6026,1877,0,0,0,0,0
43738,ECG,6027,2125,0,0,0,0,0
43743,ECG,6028,2345,0,0,0,0,0
43743,ECG,6029,2329,0,0,0,0,0
43748,ECG,6030,2277,0,0,0,0,0
43748,ECG,6031,2064,0,0,0,0,0
43748,ECG,6032,1905,0,0,0,0,0
43753,ECG,6033,1793,0,0,0,0,0
43753,ECG,6034,1746,0,0,0,0,0
43758,ECG,6035,1749,0,0,0,0,0
43758,ECG,6036,1865,0,0,0,0,0
43758,ECG,6037,2083,0,0,0,0,0
43763,ECG,6038,2168,0,0,0,0,0
43763,ECG,6039,2108,0,0,0,0,0
43768,ECG,6040,1670,0,0,0,0,0
43768,ECG,6041,1388,0,0,0,0,0
43773,ECG,6042,1233,0,0,0,0,0
43773,ECG,6043,1200,0,0,0,0,0
43778,ECG,6044,1504,0,0,0,0,0
43778,ECG,6045,1735,0,0,0,0,0
43783,ECG,6046,2028,0,0,0,0,0
43783,ECG,6047,2091,0,0,0,0,0
43783,ECG,6048,2077,0,0,0,0,0
43788,ECG,6049,1861,0,0,0,0,0
43788,ECG,6050,1666,0,0,0,0,0
43793,ECG,6051,1470,0,0,0,0,0
43793,ECG,6052,1333,0,0,0,0,0
43793,ECG,6053,1316,0,0,0,0,0
43798,ECG,6054,1380,0,0,0,0,0
43798,ECG,6055,1533,0,0,0,0,0
43803,ECG,6056,1742,0,0,0,0,0
43803,ECG,6057,1900,0,0,0,0,0
43803,ECG,6058,1969,0,0,0,0,0
43808,ECG,6059,1920,0,0,0,0,0
43808,ECG,6060,1774,0,0,0,0,0
43813,ECG,6061,1611,0,0,0,0,0
43813,ECG,6062,1596,0,0,0,0,0
43818,ECG,6063,1617,0,0,0,0,0
43818,ECG,6064,1743,0,0,0,0,0
43819,ECG,6065,1874,0,0,0,0,0
43823,ECG,6066,1865,0,0,0,0,0
43823,ECG,6067,1744,0,0,0,0,0
43828,ECG,6068,1508,0,0,0,0,0
43828,ECG,6069,1226,0,0,0,0,0
43833,ECG,6070,916,0,0,0,0,0
43833,ECG,6071,944,0,0,0,0,0
43838,ECG,6072,1084,0,0,0,0,0
43838,ECG,6073,1309,0,0,0,0,0
43838,ECG,6074,1613,0,0,0,0,0
43843,ECG,6075,1776,0,0,0,0,0
43843,ECG,6076,1765,0,0,0,0,0
43848,ECG,6077,1589,0,0,0,0,0
43848,ECG,6078,1303,0,0,0,0,0
43848,ECG,6079,1069,0,0,0,0,0
43853,ECG,6080,928,0,0,0,0,0
43853,ECG,6081,900,0,0,0,0,0
43858,ECG,6082,984,0,0,0,0,0
43858,ECG,6083,1161,0,0,0,0,0
43858,ECG,6084,1407,0,0,0,0,0
43863,ECG,6085,1632,0,0,0,0,0
43863,ECG,6086,1679,0,0,0,0,0
43868,ECG,6087,1434,0,0,0,0,0
43868,ECG,6088,1260,0,0,0,0,0
43873,ECG,6089,1160,0,0,0,0,0
43873,ECG,6090,1126,0,0,0,0,0
43878,ECG,6091,1258,0,0,0,0,0
43878,ECG,6092,1452,0,0,0,0,0
43883,ECG,6093,1589,0,0,0,0,0
43883,ECG,6094,1586,0,0,0,0,0
43883,ECG,6095,1452,0,0,0,0,0
43888,ECG,6096,1127,0,0,0,0,0
43888,ECG,6097,818,0,0,0,0,0
43893,ECG,6098,601,0,0,0,0,0
43893,ECG,6099,497,0,0,0,0,0
43893,ECG,6100,543,0,0,0,0,0
43898,ECG,6101,712,0,0,0,0,0
43898,ECG,6102,1026,0,0,0,0,0
43903,ECG,6103,1399,0,0,0,0,0
43903,ECG,6104,1519,0,0,0,0,0
43903,ECG,6105,1401,0,0,0,0,0
43908,ECG,6106,1104,0,0,0,0,0
43908,ECG,6107,760,0,0,0,0,0
44915,ECG,6108,0,0,0,0,0,0
44915,ECG,6109,-1,0,0,0,0,0
44915,ECG,6110,-6,0,0,0,0,0
44920,ECG,6111,2,0,0,0,0,0
44920,ECG,6112,7,0,0,0,0,0
44925,ECG,6113,38,0,0,0,0,0
44925,ECG,6114,-16,0,0,0,0,0
44930,ECG,6115,-28,0,0,0,0,0
44930,ECG,6116,153,0,0,0,0,0
44931,ECG,6117,-755,0,0,0,0,0
44935,ECG,6118,-2111,0,0,0,0,0
44935,ECG,6119,-1791,0,0,0,0,0
44940,ECG,6120,83,0,0,0,0,0
44940,ECG,6121,3465,0,0,0,0,0
44945,ECG,6122,14826,0,0,0,0,0
44945,ECG,6123,21070,0,0,0,0,0
44950,ECG,6124,26531,0,0,0,0,0
44950,ECG,6125,30294,0,0,0,0,0
44950,ECG,6126,32028,0,0,0,0,0
44955,ECG,6127,31827,0,0,0,0,0
44955,ECG,6128,31627,0,0,0,0,0
44960,ECG,6129,31082,0,0,0,0,0
44960,ECG,6130,31141,0,0,0,0,0
44960,ECG,6131,31037,0,0,0,0,0
44965,ECG,6132,30613,0,0,0,0,0
44965,ECG,6133,30178,0,0,0,0,0
44970,ECG,6134,29693,0,0,0,0,0
44970,ECG,6135,29297,0,0,0,0,0
44970,ECG,6136,29079,0,0,0,0,0
44975,ECG,6137,29001,0,0,0,0,0
44975,ECG,6138,29107,0,0,0,0,0
44980,ECG,6139,29196,0,0,0,0,0
44980,ECG,6140,29079,0,0,0,0,0
44985,ECG,6141,28692,0,0,0,0,0
44985,ECG,6142,28108,0,0,0,0,0
44990,ECG,6143,27264,0,0,0,0,0
42900,IMU,1248,1412,-168,8448,-108,58,31
42921,IMU,1249,1268,-196,8376,-89,48,30
42939,IMU,1250,1264,-208,8416,-91,67,26
42957,IMU,1251,1240,-132,8304,-87,67,42
42976,IMU,1252,1264,-196,8384,-83,62,35
42995,IMU,1253,1220,-228,8336,-92,73,41
43014,IMU,1254,1292,-200,8424,-77,60,57
43033,IMU,1255,1244,-208,8392,-93,65,47
43052,IMU,1256,1208,-180,8388,-76,54,37
43071,IMU,1257,1308,-192,8424,-98,52,31
43090,IMU,1258,1236,-236,8388,-83,42,40
43109,IMU,1259,1320,-216,8408,-93,57,50
43129,IMU,1260,1336,-164,8452,-104,67,48
43150,IMU,1261,1324,-224,8444,-80,65,43
43167,IMU,1262,1336,-268,8472,-87,54,51
43186,IMU,1263,1212,-152,8348,-71,71,44
43205,IMU,1264,1288,-76,8436,-81,59,40
43224,IMU,1265,1304,-296,8404,-89,52,35
43243,IMU,1266,1188,-136,8420,-100,56,49
43262,IMU,1267,1240,-228,8452,-78,50,46
43281,IMU,1268,1232,-216,8376,-109,55,36
43300,IMU,1269,1348,-200,8364,-93,63,40
43320,IMU,1270,1372,-148,8284,-99,47,34
43339,IMU,1271,1268,-288,8484,-89,55,44
43357,IMU,1272,1216,-220,8368,-86,59,44
43379,IMU,1273,1264,-160,8304,-77,53,45
43396,IMU,1274,1228,-272,8368,-89,66,42
43415,IMU,1275,1304,-192,8400,-92,50,39
43434,IMU,1276,1204,-184,8356,-96,47,42
43453,IMU,1277,1288,-160,8360,-85,65,28
43475,IMU,1278,1296,-208,8376,-75,53,49
43491,IMU,1279,1252,-136,8420,-94,68,27
43510,IMU,1280,1276,-212,8396,-99,54,31
43529,IMU,1281,1328,-228,8480,-92,64,45
43548,IMU,1282,1248,-192,8444,-87,45,53
43568,IMU,1283,1424,-308,8388,-71,65,32
43590,IMU,1284,1280,-60,8468,-101,48,57
43606,IMU,1285,1208,-188,8368,-93,55,46
43625,IMU,1286,1260,-188,8344,-96,54,46
43644,IMU,1287,1168,-224,8424,-82,41,46
43663,IMU,1288,1216,-136,8476,-88,66,47
43682,IMU,1289,1308,-252,8356,-91,48,40
43701,IMU,1290,1232,-200,8492,-86,64,46
43721,IMU,1291,1244,-172,8388,-85,46,47
43739,IMU,1292,1208,-216,8372,-63,47,50
43759,IMU,1293,1308,-200,8452,-92,54,33
43777,IMU,1294,1180,-204,8412,-82,39,44
43798,IMU,1295,1264,-228,8524,-71,53,38
43819,IMU,1296,1336,-244,8312,-81,49,38
43835,IMU,1297,1312,-172,8416,-79,58,36
43854,IMU,1298,1364,-200,8396,-71,67,47
43873,IMU,1299,1232,-204,8388,-78,80,44
43892,IMU,1300,1404,-224,8348,-65,48,37
43911,IMU,1301,1176,-216,8376,-92,63,48
43930,IMU,1302,1260,-216,8476,-90,62,37
43950,IMU,1303,1360,-172,8384,-77,41,48
43968,IMU,1304,1176,-284,8292,-80,58,27
43988,IMU,1305,1292,-168,8344,-91,77,42
44007,IMU,1306,1264,-168,8432,-80,52,48
44029,IMU,1307,1392,-188,8424,-82,66,38
44045,IMU,1308,1164,-284,8400,-88,61,35
44064,IMU,1309,1328,-236,8396,-90,63,48
44083,IMU,1310,1272,-168,8408,-102,55,58
44103,IMU,1311,1312,-192,8400,-98,65,51
44122,IMU,1312,1196,-264,8388,-70,48,41
44141,IMU,1313,1200,-112,8428,-104,52,48
44160,IMU,1314,1188,-212,8404,-90,73,47
44179,IMU,1315,1356,-160,8432,-77,51,22
44198,IMU,1316,1376,-172,8372,-81,56,42
44218,IMU,1317,1292,-228,8416,-89,73,40
44240,IMU,1318,1292,-144,8376,-78,49,64
44257,IMU,1319,1216,-264,8408,-89,58,52
44275,IMU,1320,1304,-172,8388,-75,54,41
44294,IMU,1321,1252,-56,8508,-91,60,39
44313,IMU,1322,1288,-148,8424,-87,45,44
44332,IMU,1323,1200,-296,8376,-96,49,59
44352,IMU,1324,1320,-92,8396,-100,74,45
44371,IMU,1325,1364,-232,8372,-90,62,29
44390,IMU,1326,1324,-196,8368,-100,83,37
44409,IMU,1327,1296,-164,8500,-83,53,38
44428,IMU,1328,1168,-156,8452,-87,65,60
44447,IMU,1329,1404,-168,8324,-86,52,35
44468,IMU,1330,1200,-212,8416,-88,66,39
44486,IMU,1331,1276,-204,8332,-91,60,30
44507,IMU,1332,1208,-144,8456,-75,61,59
44524,IMU,1333,1224,-204,8376,-77,63,54
44543,IMU,1334,1272,-256,8404,-91,59,38
44562,IMU,1335,1312,-140,8364,-93,69,31
44582,IMU,1336,1276,-152,8408,-79,62,52
44601,IMU,1337,1240,-196,8384,-102,58,42
44620,IMU,1338,1276,-256,8420,-88,54,22
44639,IMU,1339,1228,-256,8400,-81,38,22
44658,IMU,1340,1208,-252,8376,-92,82,52
44680,IMU,1341,1288,-268,8392,-97,56,27
44696,IMU,1342,1180,-108,8380,-96,65,40
44716,IMU,1343,1240,-244,8380,-93,63,54
44735,IMU,1344,1240,-204,8444,-93,58,43
44754,IMU,1345,1192,-140,8408,-70,60,43
44773,IMU,1346,1260,-208,8416,-90,44,34
44792,IMU,1347,1284,-148,8396,-95,57,36
44811,IMU,1348,1288,-192,8388,-94,74,47
44831,IMU,1349,1312,-192,8456,-75,58,42
44850,IMU,1350,1320,-140,8364,-75,60,47
44869,IMU,1351,1272,-260,8412,-95,54,41
44888,IMU,1352,1344,-164,8436,-87,50,34
44911,IMU,1353,1284,-288,8364,-79,49,34
44927,IMU,1354,1284,-120,8448,-88,55,40
44946,IMU,1355,1244,-204,8368,-94,79,56
44964,IMU,1356,1292,-168,8432,-81,71,38
44984,IMU,1357,1224,-172,8412,-76,49,35
45003,IMU,1358,1156,-164,8452,-80,72,42
45022,IMU,1359,1320,-228,8348,-91,46,33
45041,IMU,1360,1236,-104,8444,-70,48,45
45060,IMU,1361,1188,-148,8384,-88,69,38
45079,IMU,1362,1280,-96,8420,-80,44,35
45098,IMU,1363,1216,-112,8392,-74,54,43
45120,IMU,1364,1212,-300,8400,-91,48,44
45137,IMU,1365,1232,-348,8324,-79,54,36
45156,IMU,1366,1260,-248,8488,-104,62,43
45174,IMU,1367,1192,-236,8440,-94,55,45
45194,IMU,1368,1240,-168,8392,-95,50,53
45213,IMU,1369,1228,-92,8460,-75,45,38
45233,IMU,1370,1324,-188,8444,-90,63,65
45251,IMU,1371,1236,-124,8436,-87,58,57
45270,IMU,1372,1120,-188,8408,-82,63,50
45289,IMU,1373,1244,-192,8336,-79,49,50
45308,IMU,1374,1252,-156,8356,-95,63,50
45329,IMU,1375,1276,-180,8384,-79,50,51
45348,IMU,1376,1308,-192,8480,-83,68,53
45366,IMU,1377,1216,-208,8316,-80,57,41
45384,IMU,1378,1368,-188,8412,-84,71,41
45404,IMU,1379,1204,-184,8392,-87,51,31
45423,IMU,1380,1276,-140,8380,-86,49,33
45442,IMU,1381,1284,-284,8400,-89,50,51
45462,IMU,1382,1228,-248,8356,-93,54,50
45480,IMU,1383,1312,-248,8404,-112,66,29
45499,IMU,1384,1348,-204,8344,-100,62,43
45518,IMU,1385,1292,-284,8396,-100,59,27
45539,IMU,1386,1272,-200,8364,-77,64,56
45559,IMU,1387,1324,-56,8408,-95,66,36
45576,IMU,1388,1304,-168,8396,-73,68,47
45594,IMU,1389,1272,-208,8364,-97,58,42
45614,IMU,1390,1300,-204,8408,-91,36,37
45633,IMU,1391,1284,-224,8472,-85,56,41
45652,IMU,1392,1312,-124,8408,-98,56,46
45671,IMU,1393,1208,-196,8408,-88,49,46
45690,IMU,1394,1228,-204,8340,-76,63,49
45709,IMU,1395,1196,-176,8456,-80,53,36
45728,IMU,1396,1232,-152,8440,-81,66,59
45747,IMU,1397,1212,-168,8384,-80,59,28
45770,IMU,1398,1332,-240,8376,-102,55,44
45788,IMU,1399,1208,-224,8400,-100,59,55
45804,IMU,1400,1316,-224,8324,-76,64,50
45824,IMU,1401,1128,-300,8432,-80,53,38
45843,IMU,1402,1272,-208,8404,-97,68,49
45862,IMU,1403,1252,-240,8380,-68,70,50
45881,IMU,1404,1232,-288,8404,-69,52,32
45900,IMU,1405,1280,-220,8408,-94,68,41
45919,IMU,1406,1280,-204,8376,-92,50,37
45938,IMU,1407,1296,-104,8416,-92,47,46
45957,IMU,1408,1240,-216,8404,-89,48,40
45976,IMU,1409,1316,-196,8384,-85,66,43
45997,IMU,1410,1228,-208,8452,-96,58,54
46014,IMU,1411,1280,-196,8404,-101,75,37
46033,IMU,1412,1324,-320,8364,-71,54,61
46053,IMU,1413,1260,-124,8440,-93,64,36
46072,IMU,1414,1208,-212,8348,-99,63,34
46091,IMU,1415,1232,-228,8464,-101,52,26
46110,IMU,1416,1252,-128,8472,-86,72,43
46129,IMU,1417,1236,-224,8388,-76,72,29
46148,IMU,1418,1316,-208,8428,-94,54,41
46168,IMU,1419,1200,-128,8392,-94,67,46
46187,IMU,1420,1216,-108,8448,-87,51,51
46209,IMU,1421,1272,-152,8364,-75,62,54
46225,IMU,1422,1336,-176,8436,-90,77,47
46244,IMU,1423,1232,-208,8324,-89,49,48
46263,IMU,1424,1344,-256,8408,-76,55,39
46283,IMU,1425,1284,-176,8376,-80,50,49
46302,IMU,1426,1352,-200,8400,-91,53,34
46321,IMU,1427,1292,-204,8388,-77,64,51
46340,IMU,1428,1296,-240,8288,-88,48,33
46359,IMU,1429,1204,-192,8444,-91,46,43
46378,IMU,1430,1292,-296,8392,-85,36,43
46397,IMU,1431,1260,-152,8468,-100,61,43
46417,IMU,1432,1284,-240,8372,-90,64,41
46438,IMU,1433,1268,-248,8384,-80,54,19
46455,IMU,1434,1304,-168,8380,-72,55,47
46474,IMU,1435,1172,-112,8308,-63,56,29
46493,IMU,1436,1324,-224,8420,-87,64,54
46512,IMU,1437,1300,-232,8360,-101,59,44
46532,IMU,1438,1272,-216,8452,-97,61,40
46551,IMU,1439,1180,-160,8312,-88,47,39
46571,IMU,1440,1216,-188,8372,-81,64,54
46589,IMU,1441,1324,-252,8472,-69,65,40
46608,IMU,1442,1376,-136,8376,-84,68,33
46627,IMU,1443,1232,-144,8344,-72,57,39
46648,IMU,1444,1264,-184,8408,-95,57,29
46666,IMU,1445,1300,-248,8336,-74,57,43
46685,IMU,1446,1304,-240,8436,-95,58,65
46704,IMU,1447,1216,-120,8388,-78,50,34
46723,IMU,1448,1212,-200,8396,-81,59,43
46742,IMU,1449,1244,-84,8424,-103,55,38
46761,IMU,1450,1224,-196,8348,-85,59,49
46781,IMU,1451,1304,-224,8388,-100,62,36
46800,IMU,1452,1196,-252,8424,-103,48,35
46819,IMU,1453,1208,-216,8364,-85,68,25
46838,IMU,1454,1348,-156,8428,-87,83,39
46861,IMU,1455,1296,-144,8492,-80,60,21
44990,ECG,6144,27067,0,0,0,0,0
44995,ECG,6145,27063,0,0,0,0,0
44995,ECG,6146,27215,0,0,0,0,0
44995,ECG,6147,27397,0,0,0,0,0
45000,ECG,6148,27464,0,0,0,0,0
45000,ECG,6149,27268,0,0,0,0,0
45005,ECG,6150,26815,0,0,0,0,0
45005,ECG,6151,26303,0,0,0,0,0
45005,ECG,6152,25807,0,0,0,0,0
45010,ECG,6153,25413,0,0,0,0,0
45010,ECG,6154,25267,0,0,0,0,0
45015,ECG,6155,25289,0,0,0,0,0
45015,ECG,6156,25417,0,0,0,0,0
45015,ECG,6157,25692,0,0,0,0,0
45020,ECG,6158,25916,0,0,0,0,0
45020,ECG,6159,25803,0,0,0,0,0
45025,ECG,6160,25609,0,0,0,0,0
45025,ECG,6161,25134,0,0,0,0,0
45025,ECG,6162,24634,0,0,0,0,0
45030,ECG,6163,24212,0,0,0,0,0
45030,ECG,6164,23892,0,0,0,0,0
45035,ECG,6165,23818,0,0,0,0,0
45035,ECG,6166,23961,0,0,0,0,0
45040,ECG,6167,24081,0,0,0,0,0
45040,ECG,6168,24135,0,0,0,0,0
45045,ECG,6169,23380,0,0,0,0,0
45045,ECG,6170,22883,0,0,0,0,0
45050,ECG,6171,22443,0,0,0,0,0
45050,ECG,6172,22190,0,0,0,0,0
45050,ECG,6173,22155,0,0,0,0,0
45055,ECG,6174,22245,0,0,0,0,0
45055,ECG,6175,22487,0,0,0,0,0
45060,ECG,6176,22797,0,0,0,0,0
45060,ECG,6177,22825,0,0,0,0,0
45060,ECG,6178,22666,0,0,0,0,0
45065,ECG,6179,22259,0,0,0,0,0
45065,ECG,6180,21691,0,0,0,0,0
45070,ECG,6181,21196,0,0,0,0,0
45070,ECG,6182,20862,0,0,0,0,0
45070,ECG,6183,20690,0,0,0,0,0
45075,ECG,6184,20759,0,0,0,0,0
45075,ECG,6185,20978,0,0,0,0,0
45080,ECG,6186,21266,0,0,0,0,0
45080,ECG,6187,21134,0,0,0,0,0
45085,ECG,6188,20681,0,0,0,0,0
45085,ECG,6189,20099,0,0,0,0,0
45086,ECG,6190,19609,0,0,0,0,0
45090,ECG,6191,19301,0,0,0,0,0
45090,ECG,6192,19215,0,0,0,0,0
45095,ECG,6193,19323,0,0,0,0,0
45095,ECG,6194,19605,0,0,0,0,0
45100,ECG,6195,20099,0,0,0,0,0
45100,ECG,6196,19990,0,0,0,0,0
45105,ECG,6197,19682,0,0,0,0,0
45105,ECG,6198,19289,0,0,0,0,0
45105,ECG,6199,18889,0,0,0,0,0
45110,ECG,6200,18615,0,0,0,0,0
45110,ECG,6201,18536,0,0,0,0,0
45115,ECG,6202,18556,0,0,0,0,0
45115,ECG,6203,18681,0,0,0,0,0
45115,ECG,6204,18941,0,0,0,0,0
45120,ECG,6205,19007,0,0,0,0,0
45120,ECG,6206,18887,0,0,0,0,0
45125,ECG,6207,18017,0,0,0,0,0
45125,ECG,6208,17395,0,0,0,0,0
45130,ECG,6209,16911,0,0,0,0,0
45130,ECG,6210,16599,0,0,0,0,0
45131,ECG,6211,16504,0,0,0,0,0
45135,ECG,6212,16693,0,0,0,0,0
45135,ECG,6213,17087,0,0,0,0,0
45140,ECG,6214,17463,0,0,0,0,0
45140,ECG,6215,17660,0,0,0,0,0
45145,ECG,6216,17042,0,0,0,0,0
45145,ECG,6217,16543,0,0,0,0,0
45150,ECG,6218,16091,0,0,0,0,0
45150,ECG,6219,15839,0,0,0,0,0
45150,ECG,6220,15832,0,0,0,0,0
45155,ECG,6221,15996,0,0,0,0,0
45155,ECG,6222,16319,0,0,0,0,0
45160,ECG,6223,16686,0,0,0,0,0
45160,ECG,6224,16747,0,0,0,0,0
45160,ECG,6225,16609,0,0,0,0,0
45165,ECG,6226,16046,0,0,0,0,0
45165,ECG,6227,15430,0,0,0,0,0
45170,ECG,6228,14887,0,0,0,0,0
45170,ECG,6229,14544,0,0,0,0,0
45170,ECG,6230,14450,0,0,0,0,0
45175,ECG,6231,14592,0,0,0,0,0
45175,ECG,6232,14951,0,0,0,0,0
45180,ECG,6233,15673,0,0,0,0,0
45180,ECG,6234,15672,0,0,0,0,0
45185,ECG,6235,15330,0,0,0,0,0
45185,ECG,6236,14820,0,0,0,0,0
45190,ECG,6237,14059,0,0,0,0,0
45190,ECG,6238,13966,0,0,0,0,0
45195,ECG,6239,14012,0,0,0,0,0
45195,ECG,6240,14224,0,0,0,0,0
45195,ECG,6241,14581,0,0,0,0,0
45200,ECG,6242,14809,0,0,0,0,0
45200,ECG,6243,14760,0,0,0,0,0
45205,ECG,6244,14474,0,0,0,0,0
45205,ECG,6245,14001,0,0,0,0,0
45205,ECG,6246,13539,0,0,0,0,0
45210,ECG,6247,13214,0,0,0,0,0
45210,ECG,6248,13054,0,0,0,0,0
45215,ECG,6249,13094,0,0,0,0,0
45215,ECG,6250,13319,0,0,0,0,0
45215,ECG,6251,13597,0,0,0,0,0
45220,ECG,6252,13806,0,0,0,0,0
45220,ECG,6253,13817,0,0,0,0,0
45225,ECG,6254,12938,0,0,0,0,0
45225,ECG,6255,12513,0,0,0,0,0
45230,ECG,6256,12194,0,0,0,0,0
45230,ECG,6257,12100,0,0,0,0,0
45231,ECG,6258,12194,0,0,0,0,0
45235,ECG,6259,12447,0,0,0,0,0
45235,ECG,6260,12847,0,0,0,0,0
45240,ECG,6261,13146,0,0,0,0,0
45240,ECG,6262,13090,0,0,0,0,0
45245,ECG,6263,12320,0,0,0,0,0
45245,ECG,6264,11790,0,0,0,0,0
45250,ECG,6265,11411,0,0,0,0,0
45250,ECG,6266,11239,0,0,0,0,0
45250,ECG,6267,11264,0,0,0,0,0
45255,ECG,6268,11470,0,0,0,0,0
45255,ECG,6269,11828,0,0,0,0,0
45260,ECG,6270,12212,0,0,0,0,0
45260,ECG,6271,12336,0,0,0,0,0
45260,ECG,6272,12258,0,0,0,0,0
45265,ECG,6273,11887,0,0,0,0,0
45265,ECG,6274,11407,0,0,0,0,0
45270,ECG,6275,11015,0,0,0,0,0
45270,ECG,6276,10774,0,0,0,0,0
45270,ECG,6277,10688,0,0,0,0,0
45275,ECG,6278,10786,0,0,0,0,0
45275,ECG,6279,11088,0,0,0,0,0
45280,ECG,6280,11494,0,0,0,0,0
45280,ECG,6281,11391,0,0,0,0,0
45285,ECG,6282,11046,0,0,0,0,0
45285,ECG,6283,10591,0,0,0,0,0
45290,ECG,6284,10032,0,0,0,0,0
45290,ECG,6285,10021,0,0,0,0,0
45295,ECG,6286,10231,0,0,0,0,0
45295,ECG,6287,10546,0,0,0,0,0
45295,ECG,6288,10751,0,0,0,0,0
45300,ECG,6289,10877,0,0,0,0,0
45300,ECG,6290,10761,0,0,0,0,0
45305,ECG,6291,10281,0,0,0,0,0
45305,ECG,6292,9760,0,0,0,0,0
45305,ECG,6293,9367,0,0,0,0,0
45310,ECG,6294,9105,0,0,0,0,0
45310,ECG,6295,9056,0,0,0,0,0
45315,ECG,6296,9194,0,0,0,0,0
45315,ECG,6297,9506,0,0,0,0,0
45315,ECG,6298,9946,0,0,0,0,0
45320,ECG,6299,10206,0,0,0,0,0
45320,ECG,6300,10138,0,0,0,0,0
45325,ECG,6301,9887,0,0,0,0,0
45325,ECG,6302,9500,0,0,0,0,0
45325,ECG,6303,9045,0,0,0,0,0
45330,ECG,6304,8733,0,0,0,0,0
45330,ECG,6305,8641,0,0,0,0,0
45331,ECG,6306,8735,0,0,0,0,0
45335,ECG,6307,9014,0,0,0,0,0
45335,ECG,6308,9376,0,0,0,0,0
45340,ECG,6309,9603,0,0,0,0,0
45340,ECG,6310,9552,0,0,0,0,0
45345,ECG,6311,8830,0,0,0,0,0
45345,ECG,6312,8457,0,0,0,0,0
45350,ECG,6313,8224,0,0,0,0,0
45350,ECG,6314,8205,0,0,0,0,0
45350,ECG,6315,8342,0,0,0,0,0
45355,ECG,6316,8596,0,0,0,0,0
45355,ECG,6317,8957,0,0,0,0,0
45360,ECG,6318,9179,0,0,0,0,0
45360,ECG,6319,9121,0,0,0,0,0
45360,ECG,6320,8955,0,0,0,0,0
45365,ECG,6321,8465,0,0,0,0,0
45365,ECG,6322,8025,0,0,0,0,0
45370,ECG,6323,7688,0,0,0,0,0
45370,ECG,6324,7496,0,0,0,0,0
45370,ECG,6325,7496,0,0,0,0,0
45375,ECG,6326,7715,0,0,0,0,0
45375,ECG,6327,8057,0,0,0,0,0
45380,ECG,6328,8564,0,0,0,0,0
45380,ECG,6329,8398,0,0,0,0,0
45385,ECG,6330,7971,0,0,0,0,0
45385,ECG,6331,7514,0,0,0,0,0
45386,ECG,6332,7170,0,0,0,0,0
45390,ECG,6333,7009,0,0,0,0,0
45390,ECG,6334,7049,0,0,0,0,0
45395,ECG,6335,7272,0,0,0,0,0
45395,ECG,6336,7584,0,0,0,0,0
45395,ECG,6337,7884,0,0,0,0,0
45400,ECG,6338,8055,0,0,0,0,0
45400,ECG,6339,7968,0,0,0,0,0
45405,ECG,6340,7650,0,0,0,0,0
45405,ECG,6341,7273,0,0,0,0,0
45405,ECG,6342,6999,0,0,0,0,0
45410,ECG,6343,6881,0,0,0,0,0
45410,ECG,6344,6880,0,0,0,0,0
45415,ECG,6345,7004,0,0,0,0,0
45415,ECG,6346,7291,0,0,0,0,0
45415,ECG,6347,7571,0,0,0,0,0
45420,ECG,6348,7637,0,0,0,0,0
45420,ECG,6349,7453,0,0,0,0,0
45425,ECG,6350,7071,0,0,0,0,0
45425,ECG,6351,6593,0,0,0,0,0
45425,ECG,6352,6178,0,0,0,0,0
45430,ECG,6353,5951,0,0,0,0,0
45430,ECG,6354,5958,0,0,0,0,0
45435,ECG,6355,6541,0,0,0,0,0
45435,ECG,6356,6932,0,0,0,0,0
45440,ECG,6357,7151,0,0,0,0,0
45440,ECG,6358,7010,0,0,0,0,0
45445,ECG,6359,6062,0,0,0,0,0
45445,ECG,6360,5648,0,0,0,0,0
45450,ECG,6361,5435,0,0,0,0,0
45450,ECG,6362,5501,0,0,0,0,0
45450,ECG,6363,5747,0,0,0,0,0
45455,ECG,6364,6094,0,0,0,0,0
45455,ECG,6365,6508,0,0,0,0,0
45460,ECG,6366,6786,0,0,0,0,0
45460,ECG,6367,6744,0,0,0,0,0
45460,ECG,6368,6390,0,0,0,0,0
45465,ECG,6369,5911,0,0,0,0,0
45465,ECG,6370,5522,0,0,0,0,0
45470,ECG,6371,5298,0,0,0,0,0
45470,ECG,6372,5243,0,0,0,0,0
45470,ECG,6373,5411,0,0,0,0,0
45475,ECG,6374,5776,0,0,0,0,0
45475,ECG,6375,6089,0,0,0,0,0
45480,ECG,6376,6247,0,0,0,0,0
45480,ECG,6377,5905,0,0,0,0,0
45485,ECG,6378,5377,0,0,0,0,0
45485,ECG,6379,4940,0,0,0,0,0
45486,ECG,6380,4687,0,0,0,0,0
45490,ECG,6381,4684,0,0,0,0,0
45490,ECG,6382,4892,0,0,0,0,0
45495,ECG,6383,5261,0,0,0,0,0
45495,ECG,6384,5766,0,0,0,0,0
45500,ECG,6385,5935,0,0,0,0,0
45500,ECG,6386,5600,0,0,0,0,0
45505,ECG,6387,5102,0,0,0,0,0
45505,ECG,6388,4570,0,0,0,0,0
45505,ECG,6389,4269,0,0,0,0,0
45510,ECG,6390,4246,0,0,0,0,0
45510,ECG,6391,4415,0,0,0,0,0
45515,ECG,6392,4807,0,0,0,0,0
45515,ECG,6393,5326,0,0,0,0,0
45515,ECG,6394,5680,0,0,0,0,0
45520,ECG,6395,5759,0,0,0,0,0
45520,ECG,6396,5494,0,0,0,0,0
45525,ECG,6397,4945,0,0,0,0,0
45525,ECG,6398,4464,0,0,0,0,0
45525,ECG,6399,4133,0,0,0,0,0
45530,ECG,6400,3986,0,0,0,0,0
45530,ECG,6401,4100,0,0,0,0,0
45535,ECG,6402,4902,0,0,0,0,0
45535,ECG,6403,5214,0,0,0,0,0
45540,ECG,6404,5357,0,0,0,0,0
45540,ECG,6405,5114,0,0,0,0,0
45545,ECG,6406,3948,0,0,0,0,0
45545,ECG,6407,3498,0,0,0,0,0
45550,ECG,6408,3292,0,0,0,0,0
45550,ECG,6409,3371,0,0,0,0,0
45550,ECG,6410,3690,0,0,0,0,0
45555,ECG,6411,4239,0,0,0,0,0
45555,ECG,6412,4809,0,0,0,0,0
45560,ECG,6413,5040,0,0,0,0,0
45560,ECG,6414,4900,0,0,0,0,0
45560,ECG,6415,4539,0,0,0,0,0
45565,ECG,6416,4000,0,0,0,0,0
45565,ECG,6417,3475,0,0,0,0,0
45570,ECG,6418,3209,0,0,0,0,0
45570,ECG,6419,3219,0,0,0,0,0
45570,ECG,6420,3482,0,0,0,0,0
45575,ECG,6421,3966,0,0,0,0,0
45575,ECG,6422,4466,0,0,0,0,0
45580,ECG,6423,4748,0,0,0,0,0
45580,ECG,6424,4360,0,0,0,0,0
45585,ECG,6425,3895,0,0,0,0,0
45585,ECG,6426,3503,0,0,0,0,0
45590,ECG,6427,3282,0,0,0,0,0
45590,ECG,6428,3505,0,0,0,0,0
45595,ECG,6429,3903,0,0,0,0,0
45595,ECG,6430,4347,0,0,0,0,0
45595,ECG,6431,4628,0,0,0,0,0
45600,ECG,6432,4619,0,0,0,0,0
45600,ECG,6433,4269,0,0,0,0,0
45605,ECG,6434,3761,0,0,0,0,0
45605,ECG,6435,3335,0,0,0,0,0
45605,ECG,6436,3061,0,0,0,0,0
45610,ECG,6437,2991,0,0,0,0,0
45610,ECG,6438,3176,0,0,0,0,0
45615,ECG,6439,3524,0,0,0,0,0
45615,ECG,6440,3939,0,0,0,0,0
45615,ECG,6441,4264,0,0,0,0,0
45620,ECG,6442,4236,0,0,0,0,0
45620,ECG,6443,3901,0,0,0,0,0
45625,ECG,6444,3442,0,0,0,0,0
45625,ECG,6445,2970,0,0,0,0,0
45625,ECG,6446,2675,0,0,0,0,0
45630,ECG,6447,2677,0,0,0,0,0
45630,ECG,6448,2896,0,0,0,0,0
45635,ECG,6449,3705,0,0,0,0,0
45635,ECG,6450,4034,0,0,0,0,0
45640,ECG,6451,4103,0,0,0,0,0
45640,ECG,6452,3843,0,0,0,0,0
45645,ECG,6453,2928,0,0,0,0,0
45645,ECG,6454,2654,0,0,0,0,0
45650,ECG,6455,2562,0,0,0,0,0
45650,ECG,6456,2675,0,0,0,0,0
45650,ECG,6457,3000,0,0,0,0,0
45655,ECG,6458,3450,0,0,0,0,0
45655,ECG,6459,3786,0,0,0,0,0
45660,ECG,6460,3897,0,0,0,0,0
45660,ECG,6461,3711,0,0,0,0,0
45660,ECG,6462,3273,0,0,0,0,0
45665,ECG,6463,2808,0,0,0,0,0
45665,ECG,6464,2452,0,0,0,0,0
45670,ECG,6465,2320,0,0,0,0,0
45670,ECG,6466,2446,0,0,0,0,0
45670,ECG,6467,2721,0,0,0,0,0
45675,ECG,6468,3145,0,0,0,0,0
45675,ECG,6469,3590,0,0,0,0,0
45680,ECG,6470,3576,0,0,0,0,0
45680,ECG,6471,3211,0,0,0,0,0
45685,ECG,6472,2712,0,0,0,0,0
45685,ECG,6473,2335,0,0,0,0,0
45686,ECG,6474,2172,0,0,0,0,0
45690,ECG,6475,2196,0,0,0,0,0
45690,ECG,6476,2472,0,0,0,0,0
45695,ECG,6477,2884,0,0,0,0,0
45695,ECG,6478,3217,0,0,0,0,0
45700,ECG,6479,3303,0,0,0,0,0
45700,ECG,6480,2864,0,0,0,0,0
45705,ECG,6481,2379,0,0,0,0,0
45705,ECG,6482,2026,0,0,0,0,0
45705,ECG,6483,1816,0,0,0,0,0
45710,ECG,6484,1880,0,0,0,0,0
45710,ECG,6485,2182,0,0,0,0,0
45715,ECG,6486,2609,0,0,0,0,0
45715,ECG,6487,3094,0,0,0,0,0
45715,ECG,6488,3374,0,0,0,0,0
45720,ECG,6489,3290,0,0,0,0,0
45720,ECG,6490,2917,0,0,0,0,0
45725,ECG,6491,2383,0,0,0,0,0
45725,ECG,6492,1910,0,0,0,0,0
45725,ECG,6493,1614,0,0,0,0,0
45730,ECG,6494,1554,0,0,0,0,0
45730,ECG,6495,1771,0,0,0,0,0
45735,ECG,6496,2700,0,0,0,0,0
45735,ECG,6497,3028,0,0,0,0,0
45740,ECG,6498,3047,0,0,0,0,0
45740,ECG,6499,2800,0,0,0,0,0
45745,ECG,6500,2031,0,0,0,0,0
45745,ECG,6501,1829,0,0,0,0,0
45750,ECG,6502,1864,0,0,0,0,0
45750,ECG,6503,2158,0,0,0,0,0
45750,ECG,6504,2520,0,0,0,0,0
45755,ECG,6505,2845,0,0,0,0,0
45755,ECG,6506,3023,0,0,0,0,0
45760,ECG,6507,2898,0,0,0,0,0
45760,ECG,6508,2523,0,0,0,0,0
45760,ECG,6509,2009,0,0,0,0,0
45765,ECG,6510,1587,0,0,0,0,0
45765,ECG,6511,1381,0,0,0,0,0
45770,ECG,6512,1393,0,0,0,0,0
45770,ECG,6513,1647,0,0,0,0,0
45770,ECG,6514,2011,0,0,0,0,0
45775,ECG,6515,2396,0,0,0,0,0
45775,ECG,6516,2658,0,0,0,0,0
45780,ECG,6517,2664,0,0,0,0,0
45780,ECG,6518,2398,0,0,0,0,0
45780,ECG,6519,1928,0,0,0,0,0
45785,ECG,6520,1516,0,0,0,0,0
45785,ECG,6521,1245,0,0,0,0,0
45786,ECG,6522,1159,0,0,0,0,0
45790,ECG,6523,1328,0,0,0,0,0
45790,ECG,6524,1713,0,0,0,0,0
45795,ECG,6525,2241,0,0,0,0,0
45795,ECG,6526,2643,0,0,0,0,0
45800,ECG,6527,2474,0,0,0,0,0
45800,ECG,6528,2039,0,0,0,0,0
45805,ECG,6529,1513,0,0,0,0,0
45805,ECG,6530,1103,0,0,0,0,0
45805,ECG,6531,979,0,0,0,0,0
45810,ECG,6532,1125,0,0,0,0,0
45810,ECG,6533,1501,0,0,0,0,0
45815,ECG,6534,1995,0,0,0,0,0
45815,ECG,6535,2472,0,0,0,0,0
45815,ECG,6536,2722,0,0,0,0,0
45820,ECG,6537,2648,0,0,0,0,0
45820,ECG,6538,2234,0,0,0,0,0
45825,ECG,6539,1774,0,0,0,0,0
45825,ECG,6540,1410,0,0,0,0,0
45825,ECG,6541,1235,0,0,0,0,0
45830,ECG,6542,1248,0,0,0,0,0
45830,ECG,6543,1439,0,0,0,0,0
45835,ECG,6544,2268,0,0,0,0,0
45835,ECG,6545,2494,0,0,0,0,0
45840,ECG,6546,2458,0,0,0,0,0
45840,ECG,6547,2154,0,0,0,0,0
45841,ECG,6548,1683,0,0,0,0,0
45845,ECG,6549,1290,0,0,0,0,0
45845,ECG,6550,1098,0,0,0,0,0
45850,ECG,6551,1083,0,0,0,0,0
45850,ECG,6552,1258,0,0,0,0,0
45850,ECG,6553,1658,0,0,0,0,0
45855,ECG,6554,2138,0,0,0,0,0
45855,ECG,6555,2458,0,0,0,0,0
45860,ECG,6556,2459,0,0,0,0,0
45860,ECG,6557,2147,0,0,0,0,0
45860,ECG,6558,1691,0,0,0,0,0
45865,ECG,6559,1270,0,0,0,0,0
45865,ECG,6560,1026,0,0,0,0,0
45870,ECG,6561,984,0,0,0,0,0
45870,ECG,6562,1164,0,0,0,0,0
45870,ECG,6563,1562,0,0,0,0,0
45875,ECG,6564,1978,0,0,0,0,0
45875,ECG,6565,2295,0,0,0,0,0
45880,ECG,6566,2306,0,0,0,0,0
45880,ECG,6567,1901,0,0,0,0,0
45880,ECG,6568,1363,0,0,0,0,0
45885,ECG,6569,886,0,0,0,0,0
45885,ECG,6570,599,0,0,0,0,0
45890,ECG,6571,790,0,0,0,0,0
45890,ECG,6572,1236,0,0,0,0,0
45895,ECG,6573,1719,0,0,0,0,0
45895,ECG,6574,2104,0,0,0,0,0
45900,ECG,6575,2035,0,0,0,0,0
45900,ECG,6576,1608,0,0,0,0,0
45905,ECG,6577,1169,0,0,0,0,0
45905,ECG,6578,902,0,0,0,0,0
45905,ECG,6579,821,0,0,0,0,0
45910,ECG,6580,915,0,0,0,0,0
45910,ECG,6581,1173,0,0,0,0,0
45915,ECG,6582,1581,0,0,0,0,0
45915,ECG,6583,1988,0,0,0,0,0
45915,ECG,6584,2128,0,0,0,0,0
45920,ECG,6585,1981,0,0,0,0,0
45920,ECG,6586,1650,0,0,0,0,0
45925,ECG,6587,1241,0,0,0,0,0
45925,ECG,6588,894,0,0,0,0,0
45925,ECG,6589,719,0,0,0,0,0
45930,ECG,6590,764,0,0,0,0,0
45930,ECG,6591,1025,0,0,0,0,0
45935,ECG,6592,1781,0,0,0,0,0
45935,ECG,6593,1975,0,0,0,0,0
45940,ECG,6594,1899,0,0,0,0,0
45940,ECG,6595,1534,0,0,0,0,0
45941,ECG,6596,1086,0,0,0,0,0
45945,ECG,6597,751,0,0,0,0,0
45945,ECG,6598,603,0,0,0,0,0
45950,ECG,6599,656,0,0,0,0,0
45950,ECG,6600,924,0,0,0,0,0
45955,ECG,6601,1686,0,0,0,0,0
45955,ECG,6602,1927,0,0,0,0,0
45960,ECG,6603,1839,0,0,0,0,0
45960,ECG,6604,1499,0,0,0,0,0
45960,ECG,6605,1081,0,0,0,0,0
45965,ECG,6606,671,0,0,0,0,0
45965,ECG,6607,436,0,0,0,0,0
46972,ECG,6608,0,0,0,0,0,0
46972,ECG,6609,-1,0,0,0,0,0
46972,ECG,6610,-5,0,0,0,0,0
46977,ECG,6611,2,0,0,0,0,0
46977,ECG,6612,7,0,0,0,0,0
46982,ECG,6613,35,0,0,0,0,0
46982,ECG,6614,-13,0,0,0,0,0
46987,ECG,6615,-28,0,0,0,0,0
46987,ECG,6616,145,0,0,0,0,0
46992,ECG,6617,-2042,0,0,0,0,0
46992,ECG,6618,-1761,0,0,0,0,0
46997,ECG,6619,52,0,0,0,0,0
46997,ECG,6620,3272,0,0,0,0,0
46997,ECG,6621,8250,0,0,0,0,0
47002,ECG,6622,14319,0,0,0,0,0
47002,ECG,6623,20522,0,0,0,0,0
47007,ECG,6624,26052,0,0,0,0,0
47007,ECG,6625,29998,0,0,0,0,0
47007,ECG,6626,32043,0,0,0,0,0
47012,ECG,6627,31842,0,0,0,0,0
47012,ECG,6628,31642,0,0,0,0,0
47017,ECG,6629,30987,0,0,0,0,0
47017,ECG,6630,30640,0,0,0,0,0
47017,ECG,6631,30187,0,0,0,0,0
47022,ECG,6632,29330,0,0,0,0,0
47022,ECG,6633,28752,0,0,0,0,0
47027,ECG,6634,28271,0,0,0,0,0
47027,ECG,6635,28473,0,0,0,0,0
47032,ECG,6636,28850,0,0,0,0,0
47032,ECG,6637,29192,0,0,0,0,0
47033,ECG,6638,29409,0,0,0,0,0
47037,ECG,6639,29289,0,0,0,0,0
47037,ECG,6640,28824,0,0,0,0,0
47042,ECG,6641,28221,0,0,0,0,0
47042,ECG,6642,27580,0,0,0,0,0
47047,ECG,6643,26913,0,0,0,0,0
47047,ECG,6644,26977,0,0,0,0,0
47052,ECG,6645,27161,0,0,0,0,0
47052,ECG,6646,27464,0,0,0,0,0
47052,ECG,6647,27656,0,0,0,0,0
47057,ECG,6648,27462,0,0,0,0,0
47057,ECG,6649,27023,0,0,0,0,0
47062,ECG,6650,26417,0,0,0,0,0
47062,ECG,6651,25806,0,0,0,0,0
47062,ECG,6652,25422,0,0,0,0,0
47067,ECG,6653,25267,0,0,0,0,0
47067,ECG,6654,25330,0,0,0,0,0
47072,ECG,6655,25590,0,0,0,0,0
47072,ECG,6656,25897,0,0,0,0,0
47072,ECG,6657,25987,0,0,0,0,0
47077,ECG,6658,25840,0,0,0,0,0
47077,ECG,6659,25436,0,0,0,0,0
47082,ECG,6660,24180,0,0,0,0,0
47082,ECG,6661,23731,0,0,0,0,0
47087,ECG,6662,23531,0,0,0,0,0
47087,ECG,6663,23585,0,0,0,0,0
47092,ECG,6664,23966,0,0,0,0,0
47092,ECG,6665,24078,0,0,0,0,0
47097,ECG,6666,23974,0,0,0,0,0
47097,ECG,6667,23604,0,0,0,0,0
47097,ECG,6668,23097,0,0,0,0,0
47102,ECG,6669,22628,0,0,0,0,0
47102,ECG,6670,22293,0,0,0,0,0
47107,ECG,6671,22155,0,0,0,0,0
47107,ECG,6672,22193,0,0,0,0,0
47107,ECG,6673,22473,0,0,0,0,0
47112,ECG,6674,22864,0,0,0,0,0
47112,ECG,6675,22965,0,0,0,0,0
47117,ECG,6676,22809,0,0,0,0,0
47117,ECG,6677,22514,0,0,0,0,0
47117,ECG,6678,21989,0,0,0,0,0
47122,ECG,6679,21399,0,0,0,0,0
47122,ECG,6680,20966,0,0,0,0,0
47127,ECG,6681,20723,0,0,0,0,0
47127,ECG,6682,20952,0,0,0,0,0
47132,ECG,6683,21303,0,0,0,0,0
47132,ECG,6684,21573,0,0,0,0,0
47133,ECG,6685,21635,0,0,0,0,0
47137,ECG,6686,21329,0,0,0,0,0
47137,ECG,6687,20820,0,0,0,0,0
47142,ECG,6688,20361,0,0,0,0,0
47142,ECG,6689,19904,0,0,0,0,0
47147,ECG,6690,19512,0,0,0,0,0
47147,ECG,6691,19610,0,0,0,0,0
47152,ECG,6692,19828,0,0,0,0,0
47152,ECG,6693,20097,0,0,0,0,0
47152,ECG,6694,20191,0,0,0,0,0
47157,ECG,6695,19984,0,0,0,0,0
47157,ECG,6696,19504,0,0,0,0,0
47162,ECG,6697,18929,0,0,0,0,0
47162,ECG,6698,18428,0,0,0,0,0
47162,ECG,6699,18089,0,0,0,0,0
47167,ECG,6700,17963,0,0,0,0,0
47167,ECG,6701,18066,0,0,0,0,0
47172,ECG,6702,18376,0,0,0,0,0
47172,ECG,6703,18744,0,0,0,0,0
47172,ECG,6704,19007,0,0,0,0,0
47177,ECG,6705,19001,0,0,0,0,0
47177,ECG,6706,18755,0,0,0,0,0
47182,ECG,6707,18001,0,0,0,0,0
47182,ECG,6708,17694,0,0,0,0,0
47187,ECG,6709,17605,0,0,0,0,0
47187,ECG,6710,17621,0,0,0,0,0
47192,ECG,6711,17981,0,0,0,0,0
47192,ECG,6712,18010,0,0,0,0,0
47197,ECG,6713,17824,0,0,0,0,0
47197,ECG,6714,17454,0,0,0,0,0
47197,ECG,6715,16941,0,0,0,0,0
47202,ECG,6716,16498,0,0,0,0,0
47202,ECG,6717,16217,0,0,0,0,0
47207,ECG,6718,16074,0,0,0,0,0
47207,ECG,6719,16159,0,0,0,0,0
47207,ECG,6720,16436,0,0,0,0,0
47212,ECG,6721,16711,0,0,0,0,0
47212,ECG,6722,16877,0,0,0,0,0
47217,ECG,6723,16812,0,0,0,0,0
47217,ECG,6724,16398,0,0,0,0,0
47217,ECG,6725,15850,0,0,0,0,0
47222,ECG,6726,15403,0,0,0,0,0
47222,ECG,6727,15068,0,0,0,0,0
47227,ECG,6728,15084,0,0,0,0,0
47227,ECG,6729,15372,0,0,0,0,0
47232,ECG,6730,15683,0,0,0,0,0
47232,ECG,6731,15832,0,0,0,0,0
47233,ECG,6732,15718,0,0,0,0,0
47237,ECG,6733,15348,0,0,0,0,0
47237,ECG,6734,14836,0,0,0,0,0
47242,ECG,6735,14363,0,0,0,0,0
47242,ECG,6736,14076,0,0,0,0,0
47247,ECG,6737,14152,0,0,0,0,0
47247,ECG,6738,14424,0,0,0,0,0
47252,ECG,6739,14751,0,0,0,0,0
47252,ECG,6740,15010,0,0,0,0,0
47252,ECG,6741,15038,0,0,0,0,0
47257,ECG,6742,14826,0,0,0,0,0
47257,ECG,6743,14483,0,0,0,0,0
47262,ECG,6744,14086,0,0,0,0,0
47262,ECG,6745,13740,0,0,0,0,0
47262,ECG,6746,13529,0,0,0,0,0
47267,ECG,6747,13458,0,0,0,0,0
47267,ECG,6748,13538,0,0,0,0,0
47272,ECG,6749,13720,0,0,0,0,0
47272,ECG,6750,13908,0,0,0,0,0
47272,ECG,6751,14035,0,0,0,0,0
47277,ECG,6752,13937,0,0,0,0,0
47277,ECG,6753,13587,0,0,0,0,0
47282,ECG,6754,12818,0,0,0,0,0
47282,ECG,6755,12542,0,0,0,0,0
47287,ECG,6756,12451,0,0,0,0,0
47287,ECG,6757,12517,0,0,0,0,0
47288,ECG,6758,12760,0,0,0,0,0
47292,ECG,6759,13082,0,0,0,0,0
47292,ECG,6760,13222,0,0,0,0,0
47297,ECG,6761,13107,0,0,0,0,0
47297,ECG,6762,12837,0,0,0,0,0
47302,ECG,6763,11986,0,0,0,0,0
47302,ECG,6764,11752,0,0,0,0,0
47307,ECG,6765,11692,0,0,0,0,0
47307,ECG,6766,11770,0,0,0,0,0
47307,ECG,6767,12038,0,0,0,0,0
47312,ECG,6768,12314,0,0,0,0,0
47312,ECG,6769,12470,0,0,0,0,0
47317,ECG,6770,12470,0,0,0,0,0
47317,ECG,6771,12242,0,0,0,0,0
47317,ECG,6772,11798,0,0,0,0,0
47322,ECG,6773,11427,0,0,0,0,0
47322,ECG,6774,11172,0,0,0,0,0
47327,ECG,6775,11008,0,0,0,0,0
47327,ECG,6776,11018,0,0,0,0,0
47327,ECG,6777,11197,0,0,0,0,0
47332,ECG,6778,11401,0,0,0,0,0
47332,ECG,6779,11604,0,0,0,0,0
47337,ECG,6780,11392,0,0,0,0,0
47337,ECG,6781,11018,0,0,0,0,0
47342,ECG,6782,10616,0,0,0,0,0
47342,ECG,6783,10258,0,0,0,0,0
47347,ECG,6784,10103,0,0,0,0,0
47347,ECG,6785,10333,0,0,0,0,0
47352,ECG,6786,10666,0,0,0,0,0
47352,ECG,6787,10889,0,0,0,0,0
47352,ECG,6788,10895,0,0,0,0,0
47357,ECG,6789,10660,0,0,0,0,0
47357,ECG,6790,10282,0,0,0,0,0
47362,ECG,6791,9839,0,0,0,0,0
47362,ECG,6792,9489,0,0,0,0,0
47362,ECG,6793,9385,0,0,0,0,0
47367,ECG,6794,9460,0,0,0,0,0
47367,ECG,6795,9689,0,0,0,0,0
47372,ECG,6796,10085,0,0,0,0,0
47372,ECG,6797,10421,0,0,0,0,0
47372,ECG,6798,10431,0,0,0,0,0
47377,ECG,6799,10146,0,0,0,0,0
47377,ECG,6800,9665,0,0,0,0,0
47382,ECG,6801,8718,0,0,0,0,0
47382,ECG,6802,8511,0,0,0,0,0
47387,ECG,6803,8514,0,0,0,0,0
47387,ECG,6804,8785,0,0,0,0,0
47388,ECG,6805,9216,0,0,0,0,0
47392,ECG,6806,9562,0,0,0,0,0
47392,ECG,6807,9752,0,0,0,0,0
47397,ECG,6808,9604,0,0,0,0,0
47397,ECG,6809,9157,0,0,0,0,0
47397,ECG,6810,8728,0,0,0,0,0
47402,ECG,6811,8372,0,0,0,0,0
47402,ECG,6812,8206,0,0,0,0,0
47407,ECG,6813,8317,0,0,0,0,0
47407,ECG,6814,8553,0,0,0,0,0
47407,ECG,6815,8822,0,0,0,0,0
47412,ECG,6816,9059,0,0,0,0,0
47412,ECG,6817,9091,0,0,0,0,0
47417,ECG,6818,8733,0,0,0,0,0
47417,ECG,6819,8151,0,0,0,0,0
47417,ECG,6820,7620,0,0,0,0,0
47422,ECG,6821,7231,0,0,0,0,0
47422,ECG,6822,7097,0,0,0,0,0
47427,ECG,6823,7207,0,0,0,0,0
47427,ECG,6824,7553,0,0,0,0,0
47427,ECG,6825,8068,0,0,0,0,0
47432,ECG,6826,8508,0,0,0,0,0
47432,ECG,6827,8729,0,0,0,0,0
47437,ECG,6828,8339,0,0,0,0,0
47437,ECG,6829,7859,0,0,0,0,0
47442,ECG,6830,7359,0,0,0,0,0
47442,ECG,6831,7074,0,0,0,0,0
47447,ECG,6832,7105,0,0,0,0,0
47447,ECG,6833,7404,0,0,0,0,0
47452,ECG,6834,7792,0,0,0,0,0
47452,ECG,6835,7900,0,0,0,0,0
47452,ECG,6836,7796,0,0,0,0,0
47457,ECG,6837,7506,0,0,0,0,0
47457,ECG,6838,7036,0,0,0,0,0
47462,ECG,6839,6678,0,0,0,0,0
47462,ECG,6840,6504,0,0,0,0,0
47462,ECG,6841,6491,0,0,0,0,0
47467,ECG,6842,6722,0,0,0,0,0
47467,ECG,6843,7145,0,0,0,0,0
47472,ECG,6844,7526,0,0,0,0,0
47472,ECG,6845,7828,0,0,0,0,0
47472,ECG,6846,7787,0,0,0,0,0
47477,ECG,6847,7427,0,0,0,0,0
47477,ECG,6848,6948,0,0,0,0,0
47482,ECG,6849,6214,0,0,0,0,0
47482,ECG,6850,6094,0,0,0,0,0
47487,ECG,6851,6235,0,0,0,0,0
47487,ECG,6852,6536,0,0,0,0,0
47488,ECG,6853,6897,0,0,0,0,0
47492,ECG,6854,7224,0,0,0,0,0
47492,ECG,6855,7297,0,0,0,0,0
47497,ECG,6856,6990,0,0,0,0,0
47497,ECG,6857,6428,0,0,0,0,0
47502,ECG,6858,5410,0,0,0,0,0
47502,ECG,6859,5252,0,0,0,0,0
47507,ECG,6860,5355,0,0,0,0,0
47507,ECG,6861,5679,0,0,0,0,0
47507,ECG,6862,6145,0,0,0,0,0
47512,ECG,6863,6548,0,0,0,0,0
47512,ECG,6864,6709,0,0,0,0,0
47517,ECG,6865,6631,0,0,0,0,0
47517,ECG,6866,6317,0,0,0,0,0
47517,ECG,6867,5870,0,0,0,0,0
47522,ECG,6868,5546,0,0,0,0,0
47522,ECG,6869,5432,0,0,0,0,0
47527,ECG,6870,5491,0,0,0,0,0
47527,ECG,6871,5771,0,0,0,0,0
47527,ECG,6872,6110,0,0,0,0,0
47532,ECG,6873,6343,0,0,0,0,0
47532,ECG,6874,6461,0,0,0,0,0
47537,ECG,6875,5824,0,0,0,0,0
47537,ECG,6876,5388,0,0,0,0,0
47542,ECG,6877,5013,0,0,0,0,0
47542,ECG,6878,4813,0,0,0,0,0
47547,ECG,6879,5084,0,0,0,0,0
47547,ECG,6880,5462,0,0,0,0,0
47552,ECG,6881,5978,0,0,0,0,0
47552,ECG,6882,6228,0,0,0,0,0
47552,ECG,6883,6174,0,0,0,0,0
47557,ECG,6884,5967,0,0,0,0,0
47557,ECG,6885,5552,0,0,0,0,0
47562,ECG,6886,5133,0,0,0,0,0
47562,ECG,6887,4893,0,0,0,0,0
47562,ECG,6888,4859,0,0,0,0,0
47567,ECG,6889,5022,0,0,0,0,0
47567,ECG,6890,5237,0,0,0,0,0
47572,ECG,6891,5396,0,0,0,0,0
47572,ECG,6892,5464,0,0,0,0,0
47572,ECG,6893,5387,0,0,0,0,0
47577,ECG,6894,5063,0,0,0,0,0
47577,ECG,6895,4624,0,0,0,0,0
47582,ECG,6896,4310,0,0,0,0,0
47582,ECG,6897,4183,0,0,0,0,0
47582,ECG,6898,4259,0,0,0,0,0
47587,ECG,6899,4523,0,0,0,0,0
47587,ECG,6900,4903,0,0,0,0,0
47592,ECG,6901,5260,0,0,0,0,0
47592,ECG,6902,5097,0,0,0,0,0
47597,ECG,6903,4734,0,0,0,0,0
47597,ECG,6904,4328,0,0,0,0,0
47602,ECG,6905,3803,0,0,0,0,0
47602,ECG,6906,3833,0,0,0,0,0
47607,ECG,6907,4110,0,0,0,0,0
47607,ECG,6908,4534,0,0,0,0,0
47607,ECG,6909,4976,0,0,0,0,0
47612,ECG,6910,5248,0,0,0,0,0
47612,ECG,6911,5198,0,0,0,0,0
47617,ECG,6912,4897,0,0,0,0,0
47617,ECG,6913,4427,0,0,0,0,0
47617,ECG,6914,3915,0,0,0,0,0
47622,ECG,6915,3570,0,0,0,0,0
47622,ECG,6916,3432,0,0,0,0,0
47627,ECG,6917,3515,0,0,0,0,0
47627,ECG,6918,3804,0,0,0,0,0
47627,ECG,6919,4254,0,0,0,0,0
47632,ECG,6920,4693,0,0,0,0,0
47632,ECG,6921,4873,0,0,0,0,0
47637,ECG,6922,4317,0,0,0,0,0
47637,ECG,6923,3846,0,0,0,0,0
47642,ECG,6924,3454,0,0,0,0,0
47642,ECG,6925,3243,0,0,0,0,0
47647,ECG,6926,3574,0,0,0,0,0
47647,ECG,6927,4004,0,0,0,0,0
47652,ECG,6928,4405,0,0,0,0,0
47652,ECG,6929,4558,0,0,0,0,0
47652,ECG,6930,4398,0,0,0,0,0
47657,ECG,6931,3954,0,0,0,0,0
47657,ECG,6932,3412,0,0,0,0,0
47662,ECG,6933,3004,0,0,0,0,0
47662,ECG,6934,2833,0,0,0,0,0
47662,ECG,6935,2927,0,0,0,0,0
47667,ECG,6936,3250,0,0,0,0,0
47667,ECG,6937,3707,0,0,0,0,0
47672,ECG,6938,4173,0,0,0,0,0
47672,ECG,6939,4421,0,0,0,0,0
47672,ECG,6940,4325,0,0,0,0,0
47677,ECG,6941,3962,0,0,0,0,0
47677,ECG,6942,3499,0,0,0,0,0
47682,ECG,6943,2922,0,0,0,0,0
47682,ECG,6944,2960,0,0,0,0,0
47687,ECG,6945,3179,0,0,0,0,0
47687,ECG,6946,3578,0,0,0,0,0
47688,ECG,6947,3998,0,0,0,0,0
47692,ECG,6948,4179,0,0,0,0,0
47692,ECG,6949,4088,0,0,0,0,0
47697,ECG,6950,3684,0,0,0,0,0
47697,ECG,6951,3152,0,0,0,0,0
47697,ECG,6952,2744,0,0,0,0,0
47702,ECG,6953,2505,0,0,0,0,0
47702,ECG,6954,2547,0,0,0,0,0
47707,ECG,6955,2809,0,0,0,0,0
47707,ECG,6956,3182,0,0,0,0,0
47707,ECG,6957,3586,0,0,0,0,0
47712,ECG,6958,3850,0,0,0,0,0
47712,ECG,6959,3855,0,0,0,0,0
47717,ECG,6960,3539,0,0,0,0,0
47717,ECG,6961,3070,0,0,0,0,0
47717,ECG,6962,2674,0,0,0,0,0
47722,ECG,6963,2453,0,0,0,0,0
47722,ECG,6964,2428,0,0,0,0,0
47727,ECG,6965,2577,0,0,0,0,0
47727,ECG,6966,2936,0,0,0,0,0
47727,ECG,6967,3388,0,0,0,0,0
47732,ECG,6968,3700,0,0,0,0,0
47732,ECG,6969,3741,0,0,0,0,0
47737,ECG,6970,3094,0,0,0,0,0
47737,ECG,6971,2630,0,0,0,0,0
47742,ECG,6972,2262,0,0,0,0,0
47742,ECG,6973,2130,0,0,0,0,0
47747,ECG,6974,2654,0,0,0,0,0
47747,ECG,6975,2973,0,0,0,0,0
47752,ECG,6976,3323,0,0,0,0,0
47752,ECG,6977,3457,0,0,0,0,0
47752,ECG,6978,3145,0,0,0,0,0
47757,ECG,6979,2631,0,0,0,0,0
47757,ECG,6980,2180,0,0,0,0,0
47762,ECG,6981,1863,0,0,0,0,0
47762,ECG,6982,1784,0,0,0,0,0
47762,ECG,6983,1960,0,0,0,0,0
47767,ECG,6984,2313,0,0,0,0,0
47767,ECG,6985,2813,0,0,0,0,0
47772,ECG,6986,3205,0,0,0,0,0
47772,ECG,6987,3317,0,0,0,0,0
47772,ECG,6988,3228,0,0,0,0,0
47777,ECG,6989,2876,0,0,0,0,0
47777,ECG,6990,2393,0,0,0,0,0
47782,ECG,6991,1949,0,0,0,0,0
47782,ECG,6992,2036,0,0,0,0,0
47787,ECG,6993,2320,0,0,0,0,0
47787,ECG,6994,2734,0,0,0,0,0
47788,ECG,6995,3069,0,0,0,0,0
47792,ECG,6996,3106,0,0,0,0,0
47792,ECG,6997,2901,0,0,0,0,0
47797,ECG,6998,2482,0,0,0,0,0
47797,ECG,6999,1922,0,0,0,0,0
47797,ECG,7000,1506,0,0,0,0,0
47802,ECG,7001,1362,0,0,0,0,0
47802,ECG,7002,1468,0,0,0,0,0
47807,ECG,7003,1796,0,0,0,0,0
47807,ECG,7004,2288,0,0,0,0,0
47807,ECG,7005,2774,0,0,0,0,0
47812,ECG,7006,3037,0,0,0,0,0
47812,ECG,7007,2934,0,0,0,0,0
47817,ECG,7008,2498,0,0,0,0,0
47817,ECG,7009,2019,0,0,0,0,0
47817,ECG,7010,1613,0,0,0,0,0
47822,ECG,7011,1347,0,0,0,0,0
47822,ECG,7012,1426,0,0,0,0,0
47827,ECG,7013,2061,0,0,0,0,0
47827,ECG,7014,2460,0,0,0,0,0
47832,ECG,7015,2718,0,0,0,0,0
47832,ECG,7016,2683,0,0,0,0,0
47833,ECG,7017,2334,0,0,0,0,0
47837,ECG,7018,1882,0,0,0,0,0
47837,ECG,7019,1541,0,0,0,0,0
47842,ECG,7020,1376,0,0,0,0,0
47842,ECG,7021,1445,0,0,0,0,0
47847,ECG,7022,2102,0,0,0,0,0
47847,ECG,7023,2574,0,0,0,0,0
47852,ECG,7024,2763,0,0,0,0,0
47852,ECG,7025,2665,0,0,0,0,0
47852,ECG,7026,2414,0,0,0,0,0
47857,ECG,7027,1988,0,0,0,0,0
47857,ECG,7028,1564,0,0,0,0,0
47862,ECG,7029,1358,0,0,0,0,0
47862,ECG,7030,1392,0,0,0,0,0
47862,ECG,7031,1624,0,0,0,0,0
47867,ECG,7032,2014,0,0,0,0,0
47867,ECG,7033,2423,0,0,0,0,0
47872,ECG,7034,2688,0,0,0,0,0
47872,ECG,7035,2757,0,0,0,0,0
47872,ECG,7036,2484,0,0,0,0,0
47877,ECG,7037,2021,0,0,0,0,0
47877,ECG,7038,1720,0,0,0,0,0
47882,ECG,7039,1487,0,0,0,0,0
47882,ECG,7040,1650,0,0,0,0,0
47887,ECG,7041,1862,0,0,0,0,0
47887,ECG,7042,2164,0,0,0,0,0
47892,ECG,7043,2602,0,0,0,0,0
47892,ECG,7044,2307,0,0,0,0,0
47897,ECG,7045,1881,0,0,0,0,0
47897,ECG,7046,1472,0,0,0,0,0
47897,ECG,7047,1142,0,0,0,0,0
47902,ECG,7048,1003,0,0,0,0,0
47902,ECG,7049,1115,0,0,0,0,0
47907,ECG,7050,1453,0,0,0,0,0
47907,ECG,7051,1865,0,0,0,0,0
47907,ECG,7052,2193,0,0,0,0,0
47912,ECG,7053,2339,0,0,0,0,0
47912,ECG,7054,2248,0,0,0,0,0
47917,ECG,7055,1845,0,0,0,0,0
47917,ECG,7056,1299,0,0,0,0,0
47917,ECG,7057,975,0,0,0,0,0
47922,ECG,7058,875,0,0,0,0,0
47922,ECG,7059,996,0,0,0,0,0
47927,ECG,7060,1733,0,0,0,0,0
47927,ECG,7061,2111,0,0,0,0,0
47932,ECG,7062,2201,0,0,0,0,0
47932,ECG,7063,2016,0,0,0,0,0
47937,ECG,7064,1189,0,0,0,0,0
47937,ECG,7065,843,0,0,0,0,0
47942,ECG,7066,719,0,0,0,0,0
47942,ECG,7067,811,0,0,0,0,0
47942,ECG,7068,1076,0,0,0,0,0
47947,ECG,7069,1571,0,0,0,0,0
47947,ECG,7070,2032,0,0,0,0,0
47952,ECG,7071,2170,0,0,0,0,0
47952,ECG,7072,2123,0,0,0,0,0
47952,ECG,7073,1777,0,0,0,0,0
47957,ECG,7074,1244,0,0,0,0,0
47957,ECG,7075,863,0,0,0,0,0
47962,ECG,7076,607,0,0,0,0,0
47962,ECG,7077,559,0,0,0,0,0
47962,ECG,7078,817,0,0,0,0,0
47967,ECG,7079,1223,0,0,0,0,0
47967,ECG,7080,1652,0,0,0,0,0
47972,ECG,7081,1992,0,0,0,0,0
47972,ECG,7082,2010,0,0,0,0,0
47972,ECG,7083,1708,0,0,0,0,0
47977,ECG,7084,1326,0,0,0,0,0
47977,ECG,7085,953,0,0,0,0,0
47982,ECG,7086,685,0,0,0,0,0
47982,ECG,7087,886,0,0,0,0,0
47987,ECG,7088,1224,0,0,0,0,0
47987,ECG,7089,1682,0,0,0,0,0
47992,ECG,7090,2016,0,0,0,0,0
47992,ECG,7091,1699,0,0,0,0,0
47997,ECG,7092,1181,0,0,0,0,0
47997,ECG,7093,698,0,0,0,0,0
47997,ECG,7094,335,0,0,0,0,0
48002,ECG,7095,206,0,0,0,0,0
48002,ECG,7096,398,0,0,0,0,0
48007,ECG,7097,786,0,0,0,0,0
48007,ECG,7098,1307,0,0,0,0,0
48007,ECG,7099,1797,0,0,0,0,0
48012,ECG,7100,1944,0,0,0,0,0
48012,ECG,7101,1694,0,0,0,0,0
48017,ECG,7102,1235,0,0,0,0,0
48017,ECG,7103,739,0,0,0,0,0
48017,ECG,7104,390,0,0,0,0,0
48022,ECG,7105,332,0,0,0,0,0
48022,ECG,7106,508,0,0,0,0,0
48027,ECG,7107,884,0,0,0,0,0
48027,ECG,7108,1389,0,0,0,0,0
48027,ECG,7109,1755,0,0,0,0,0
42836,PPG,300,140681,67660,0,0,0,0
42921,PPG,301,140677,67654,0,0,0,0
42999,PPG,302,140682,67667,0,0,0,0
43074,PPG,303,140671,67667,0,0,0,0
43160,PPG,304,140679,67666,0,0,0,0
43232,PPG,305,140669,67670,0,0,0,0
43312,PPG,306,140684,67659,0,0,0,0
43391,PPG,307,140670,67653,0,0,0,0
43475,PPG,308,140673,67665,0,0,0,0
43551,PPG,309,140674,67658,0,0,0,0
43629,PPG,310,140670,67662,0,0,0,0
43708,PPG,311,140679,67651,0,0,0,0
43787,PPG,312,140675,67646,0,0,0,0
43867,PPG,313,140670,67661,0,0,0,0
43950,PPG,314,140665,67661,0,0,0,0
44034,PPG,315,140665,67651,0,0,0,0
44105,PPG,316,140678,67657,0,0,0,0
44185,PPG,317,140665,67655,0,0,0,0
44264,PPG,318,140673,67660,0,0,0,0
44344,PPG,319,140675,67655,0,0,0,0
44423,PPG,320,140670,67662,0,0,0,0
44507,PPG,321,140665,67656,0,0,0,0
44584,PPG,322,140680,67658,0,0,0,0
44662,PPG,323,140669,67663,0,0,0,0
44742,PPG,324,140667,67661,0,0,0,0
44821,PPG,325,140665,67653,0,0,0,0
44912,PPG,326,140667,67651,0,0,0,0
44980,PPG,327,140676,67658,0,0,0,0
45064,PPG,328,140660,67654,0,0,0,0
45140,PPG,329,140664,67651,0,0,0,0
45220,PPG,330,140665,67665,0,0,0,0
45301,PPG,331,140667,67656,0,0,0,0
45377,PPG,332,140675,67657,0,0,0,0
45462,PPG,333,140669,67663,0,0,0,0
45539,PPG,334,140658,67643,0,0,0,0
45617,PPG,335,140671,67644,0,0,0,0
45693,PPG,336,140666,67652,0,0,0,0
45788,PPG,337,140669,67650,0,0,0,0
45852,PPG,338,140656,67654,0,0,0,0
45931,PPG,339,140665,67646,0,0,0,0
46010,PPG,340,140657,67658,0,0,0,0
46093,PPG,341,140664,67652,0,0,0,0
46170,PPG,342,140655,67649,0,0,0,0
46249,PPG,343,140660,67655,0,0,0,0
46328,PPG,344,140678,67652,0,0,0,0
46408,PPG,345,140669,67651,0,0,0,0
46487,PPG,346,140658,67646,0,0,0,0
46571,PPG,347,140673,67651,0,0,0,0
46655,PPG,348,140667,67657,0,0,0,0
46726,PPG,349,140674,67655,0,0,0,0
46806,PPG,350,140662,67653,0,0,0,0
46887,PPG,351,140663,67654,0,0,0,0
46967,PPG,352,140669,67655,0,0,0,0
47044,PPG,353,140651,67647,0,0,0,0
47128,PPG,354,140667,67668,0,0,0,0
47204,PPG,355,140661,67644,0,0,0,0
47282,PPG,356,140662,67642,0,0,0,0
47361,PPG,357,140670,67645,0,0,0,0
47440,PPG,358,140664,67648,0,0,0,0
47529,PPG,359,140658,67653,0,0,0,0
47603,PPG,360,140662,67659,0,0,0,0
47681,PPG,361,140652,67636,0,0,0,0
47757,PPG,362,140659,67642,0,0,0,0
47836,PPG,363,140664,67655,0,0,0,0
47915,PPG,364,140659,67649,0,0,0,0
48011,PPG,365,140675,67649,0,0,0,0
48074,PPG,366,140654,67647,0,0,0,0
48157,PPG,367,140657,67645,0,0,0,0
48235,PPG,368,140658,67643,0,0,0,0
48313,PPG,369,140660,67641,0,0,0,0
48401,PPG,370,140659,67639,0,0,0,0
48472,PPG,371,140670,67657,0,0,0,0
48551,PPG,372,140660,67639,0,0,0,0
48631,PPG,373,140660,67654,0,0,0,0
48713,PPG,374,140652,67655,0,0,0,0
48790,PPG,375,140652,67640,0,0,0,0
48870,PPG,376,140655,67647,0,0,0,0
48949,PPG,377,140656,67647,0,0,0,0
49029,PPG,378,140667,67650,0,0,0,0
46878,IMU,1456,1352,-252,8380,-71,66,53
46896,IMU,1457,1216,-208,8364,-89,43,64
46915,IMU,1458,1296,-208,8460,-92,41,43
46934,IMU,1459,1304,-228,8428,-95,51,44
46953,IMU,1460,1300,-192,8336,-93,51,33
46973,IMU,1461,1160,-236,8376,-88,65,42
46991,IMU,1462,1296,-112,8368,-72,50,36
47011,IMU,1463,1248,-168,8440,-95,52,35
47030,IMU,1464,1252,-176,8552,-102,65,50
47049,IMU,1465,1256,-116,8376,-93,50,47
47068,IMU,1466,1304,-228,8404,-86,54,39
47089,IMU,1467,1252,-180,8388,-85,61,42
47106,IMU,1468,1288,-124,8440,-77,43,40
47128,IMU,1469,1200,-196,8424,-67,59,55
47144,IMU,1470,1244,-288,8412,-68,58,39
47163,IMU,1471,1260,-204,8340,-78,56,45
47183,IMU,1472,1148,-156,8400,-91,49,45
47201,IMU,1473,1204,-148,8368,-86,68,40
47221,IMU,1474,1252,-160,8432,-93,56,39
47240,IMU,1475,1228,-144,8336,-76,46,48
47259,IMU,1476,1248,-232,8316,-89,60,51
47278,IMU,1477,1300,-256,8412,-73,72,52
47300,IMU,1478,1216,-148,8352,-83,69,45
47318,IMU,1479,1220,-292,8436,-87,55,37
47335,IMU,1480,1156,-192,8328,-86,59,48
47354,IMU,1481,1172,-184,8472,-92,60,29
47373,IMU,1482,1280,-244,8352,-90,49,46
47392,IMU,1483,1248,-268,8372,-87,70,34
47411,IMU,1484,1300,-136,8360,-88,62,44
47430,IMU,1485,1276,-244,8344,-91,69,50
47450,IMU,1486,1300,-136,8340,-90,64,39
47469,IMU,1487,1228,-224,8400,-100,53,28
47488,IMU,1488,1296,-196,8404,-98,55,38
47506,IMU,1489,1264,-168,8424,-77,64,33
47529,IMU,1490,1296,-144,8368,-83,53,32
47545,IMU,1491,1220,-188,8536,-93,68,31
47564,IMU,1492,1392,-168,8400,-88,66,39
47583,IMU,1493,1376,-188,8356,-98,67,54
47603,IMU,1494,1328,-184,8432,-85,59,64
47621,IMU,1495,1376,-220,8380,-84,67,52
47640,IMU,1496,1216,-260,8416,-98,53,49
47660,IMU,1497,1404,-176,8388,-80,48,55
47679,IMU,1498,1272,-220,8452,-76,61,34
47698,IMU,1499,1252,-112,8412,-79,54,39
47716,IMU,1500,1276,-224,8360,-105,74,36
47739,IMU,1501,1368,-208,8408,-94,70,47
47755,IMU,1502,1396,-196,8432,-86,50,47
47774,IMU,1503,1324,-136,8352,-92,57,47
47793,IMU,1504,1296,-328,8412,-64,82,55
47812,IMU,1505,1280,-172,8464,-91,53,38
47831,IMU,1506,1208,-220,8340,-88,67,53
47850,IMU,1507,1240,-168,8440,-98,53,52
47869,IMU,1508,1324,-128,8392,-79,60,48
47888,IMU,1509,1168,-216,8376,-83,62,47
47907,IMU,1510,1204,-188,8480,-84,53,42
47926,IMU,1511,1256,-284,8408,-109,63,39
47946,IMU,1512,1268,-224,8436,-98,52,42
47965,IMU,1513,1264,-132,8404,-86,68,27
47987,IMU,1514,1252,-208,8352,-95,56,47
48010,IMU,1515,1308,-228,8436,-90,40,42
48022,IMU,1516,1332,-196,8328,-76,71,32
48041,IMU,1517,1164,-224,8376,-94,75,36
48060,IMU,1518,1304,-172,8352,-89,55,37
48079,IMU,1519,1272,-148,8404,-90,54,52
48098,IMU,1520,1276,-116,8352,-85,61,42
48117,IMU,1521,1328,-288,8476,-94,66,34
48137,IMU,1522,1224,-172,8528,-87,55,49
48157,IMU,1523,1256,-208,8400,-90,58,40
48178,IMU,1524,1260,-232,8460,-81,60,36
48194,IMU,1525,1284,-84,8396,-84,65,48
48213,IMU,1526,1284,-228,8376,-94,62,46
48232,IMU,1527,1204,-128,8436,-89,50,42
48252,IMU,1528,1256,-260,8340,-88,42,50
48271,IMU,1529,1348,-244,8404,-82,58,41
48290,IMU,1530,1220,-204,8356,-84,44,34
48309,IMU,1531,1252,-188,8376,-88,65,47
48328,IMU,1532,1248,-112,8364,-72,70,48
48347,IMU,1533,1244,-216,8424,-74,63,52
48366,IMU,1534,1180,-208,8408,-78,58,31
48388,IMU,1535,1272,-164,8360,-79,65,37
48406,IMU,1536,1300,-128,8404,-89,59,61
48424,IMU,1537,1256,-192,8460,-81,66,40
48443,IMU,1538,1252,-208,8344,-104,58,35
48462,IMU,1539,1256,-220,8340,-97,48,51
48481,IMU,1540,1260,-132,8368,-94,61,37
48501,IMU,1541,1308,-272,8436,-84,62,37
48520,IMU,1542,1304,-132,8420,-79,66,40
48539,IMU,1543,1300,-88,8300,-73,79,66
48558,IMU,1544,1292,-256,8412,-95,43,32
48577,IMU,1545,1192,-156,8388,-92,46,42
48596,IMU,1546,1268,-136,8528,-91,47,36
48616,IMU,1547,1324,-176,8472,-106,61,41
48635,IMU,1548,1272,-176,8328,-77,53,46
48654,IMU,1549,1180,-276,8468,-95,71,34
48673,IMU,1550,1216,-168,8356,-82,58,53
48692,IMU,1551,1244,-184,8348,-87,55,34
48711,IMU,1552,1256,-216,8472,-102,65,41
48731,IMU,1553,1208,-240,8396,-86,60,45
48750,IMU,1554,1244,-236,8500,-93,65,39
48769,IMU,1555,1340,-316,8464,-79,62,53
48788,IMU,1556,1220,-188,8344,-75,58,57
48807,IMU,1557,1224,-196,8464,-86,61,45
48829,IMU,1558,1268,-168,8404,-85,59,32
48846,IMU,1559,1392,-284,8408,-84,71,23
48865,IMU,1560,1276,-164,8408,-76,62,42
48884,IMU,1561,1244,-216,8420,-81,40,42
48903,IMU,1562,1316,-224,8352,-92,63,60
48922,IMU,1563,1172,-224,8328,-83,52,51
48941,IMU,1564,1364,-212,8344,-87,64,37
48960,IMU,1565,1220,-176,8444,-82,68,29
48980,IMU,1566,1300,-276,8404,-85,49,49
48999,IMU,1567,1324,-112,8404,-81,47,39
49018,IMU,1568,1216,-268,8488,-111,61,44
