timestamp_ms,type,seq,v1,v2,v3,v4,v5,v6
6753,META_START,10,5709,0,0,0,0,0
7853,ECG,0,0,0,0,0,0,0
7853,ECG,1,-1,0,0,0,0,0
7853,ECG,2,-6,0,0,0,0,0
7853,ECG,3,2,0,0,0,0,0
7853,ECG,4,6,0,0,0,0,0
7862,ECG,5,-17,0,0,0,0,0
7862,ECG,6,39,0,0,0,0,0
7862,ECG,7,-16,0,0,0,0,0
7862,ECG,8,-28,0,0,0,0,0
7870,ECG,9,153,0,0,0,0,0
7870,ECG,10,-758,0,0,0,0,0
7870,ECG,11,-2110,0,0,0,0,0
7870,ECG,12,-1839,0,0,0,0,0
7878,ECG,13,3442,0,0,0,0,0
7878,ECG,14,8889,0,0,0,0,0
7878,ECG,15,15184,0,0,0,0,0
7879,ECG,16,21542,0,0,0,0,0
7886,ECG,17,27108,0,0,0,0,0
7886,ECG,18,30818,0,0,0,0,0
7886,ECG,19,32016,0,0,0,0,0
7894,ECG,20,31614,0,0,0,0,0
7894,ECG,21,30908,0,0,0,0,0
7894,ECG,22,30940,0,0,0,0,0
7894,ECG,23,30921,0,0,0,0,0
7902,ECG,24,30705,0,0,0,0,0
7902,ECG,25,30584,0,0,0,0,0
7902,ECG,26,30143,0,0,0,0,0
7902,ECG,27,29804,0,0,0,0,0
7910,ECG,28,29646,0,0,0,0,0
7910,ECG,29,29471,0,0,0,0,0
7910,ECG,30,29378,0,0,0,0,0
7910,ECG,31,29318,0,0,0,0,0
7918,ECG,32,29207,0,0,0,0,0
7918,ECG,33,29140,0,0,0,0,0
7918,ECG,34,28963,0,0,0,0,0
7918,ECG,35,28758,0,0,0,0,0
7926,ECG,36,28531,0,0,0,0,0
7926,ECG,37,28358,0,0,0,0,0
7926,ECG,38,28147,0,0,0,0,0
7926,ECG,39,27968,0,0,0,0,0
7934,ECG,40,27765,0,0,0,0,0
7934,ECG,41,27621,0,0,0,0,0
7934,ECG,42,27542,0,0,0,0,0
7934,ECG,43,27342,0,0,0,0,0
7942,ECG,44,27057,0,0,0,0,0
7942,ECG,45,26811,0,0,0,0,0
7942,ECG,46,26522,0,0,0,0,0
7942,ECG,47,26232,0,0,0,0,0
7950,ECG,48,26021,0,0,0,0,0
7950,ECG,49,25884,0,0,0,0,0
7950,ECG,50,25810,0,0,0,0,0
7950,ECG,51,25790,0,0,0,0,0
7958,ECG,52,25725,0,0,0,0,0
7958,ECG,53,25677,0,0,0,0,0
7958,ECG,54,25553,0,0,0,0,0
7958,ECG,55,25392,0,0,0,0,0
7966,ECG,56,25152,0,0,0,0,0
7966,ECG,57,24986,0,0,0,0,0
7966,ECG,58,24779,0,0,0,0,0
7966,ECG,59,24573,0,0,0,0,0
7974,ECG,60,24249,0,0,0,0,0
7974,ECG,61,24121,0,0,0,0,0
7974,ECG,62,24019,0,0,0,0,0
7975,ECG,63,23908,0,0,0,0,0
7982,ECG,64,23788,0,0,0,0,0
7982,ECG,65,23697,0,0,0,0,0
7982,ECG,66,23548,0,0,0,0,0
7990,ECG,67,23171,0,0,0,0,0
7990,ECG,68,23014,0,0,0,0,0
7990,ECG,69,22842,0,0,0,0,0
7990,ECG,70,22653,0,0,0,0,0
7998,ECG,71,22470,0,0,0,0,0
7998,ECG,72,22329,0,0,0,0,0
7998,ECG,73,22207,0,0,0,0,0
7998,ECG,74,22055,0,0,0,0,0
8006,ECG,75,21909,0,0,0,0,0
8006,ECG,76,21790,0,0,0,0,0
8006,ECG,77,21657,0,0,0,0,0
8006,ECG,78,21507,0,0,0,0,0
8014,ECG,79,21371,0,0,0,0,0
8014,ECG,80,21320,0,0,0,0,0
8014,ECG,81,21266,0,0,0,0,0
8014,ECG,82,21086,0,0,0,0,0
8022,ECG,83,20902,0,0,0,0,0
8022,ECG,84,20747,0,0,0,0,0
8022,ECG,85,20547,0,0,0,0,0
8022,ECG,86,20337,0,0,0,0,0
8030,ECG,87,20184,0,0,0,0,0
8030,ECG,88,20085,0,0,0,0,0
8030,ECG,89,20024,0,0,0,0,0
8030,ECG,90,19981,0,0,0,0,0
8038,ECG,91,19915,0,0,0,0,0
8038,ECG,92,19866,0,0,0,0,0
8038,ECG,93,19760,0,0,0,0,0
8038,ECG,94,19602,0,0,0,0,0
8046,ECG,95,19459,0,0,0,0,0
8046,ECG,96,19353,0,0,0,0,0
8046,ECG,97,19218,0,0,0,0,0
8046,ECG,98,19108,0,0,0,0,0
8054,ECG,99,18982,0,0,0,0,0
8054,ECG,100,18852,0,0,0,0,0
8054,ECG,101,18789,0,0,0,0,0
8054,ECG,102,18670,0,0,0,0,0
8062,ECG,103,18476,0,0,0,0,0
8062,ECG,104,18274,0,0,0,0,0
8062,ECG,105,18054,0,0,0,0,0
8062,ECG,106,17824,0,0,0,0,0
8070,ECG,107,17541,0,0,0,0,0
8070,ECG,108,17485,0,0,0,0,0
8070,ECG,109,17502,0,0,0,0,0
8078,ECG,110,17436,0,0,0,0,0
8078,ECG,111,17433,0,0,0,0,0
8078,ECG,112,17324,0,0,0,0,0
8078,ECG,113,17113,0,0,0,0,0
8086,ECG,114,16909,0,0,0,0,0
8086,ECG,115,16704,0,0,0,0,0
8086,ECG,116,16463,0,0,0,0,0
8086,ECG,117,16304,0,0,0,0,0
8094,ECG,118,16173,0,0,0,0,0
8094,ECG,119,16172,0,0,0,0,0
8094,ECG,120,16260,0,0,0,0,0
8094,ECG,121,16202,0,0,0,0,0
8102,ECG,122,16092,0,0,0,0,0
8102,ECG,123,16038,0,0,0,0,0
8102,ECG,124,15849,0,0,0,0,0
8102,ECG,125,15571,0,0,0,0,0
8110,ECG,126,15441,0,0,0,0,0
8110,ECG,127,15389,0,0,0,0,0
8110,ECG,128,15366,0,0,0,0,0
8110,ECG,129,15393,0,0,0,0,0
8118,ECG,130,15370,0,0,0,0,0
8118,ECG,131,15380,0,0,0,0,0
8118,ECG,132,15297,0,0,0,0,0
8118,ECG,133,15193,0,0,0,0,0
8126,ECG,134,15025,0,0,0,0,0
8126,ECG,135,14923,0,0,0,0,0
8126,ECG,136,14778,0,0,0,0,0
8126,ECG,137,14650,0,0,0,0,0
8134,ECG,138,14546,0,0,0,0,0
8134,ECG,139,14457,0,0,0,0,0
8134,ECG,140,14393,0,0,0,0,0
8134,ECG,141,14346,0,0,0,0,0
8142,ECG,142,14287,0,0,0,0,0
8142,ECG,143,14231,0,0,0,0,0
8142,ECG,144,14176,0,0,0,0,0
8142,ECG,145,14068,0,0,0,0,0
8150,ECG,146,13958,0,0,0,0,0
8150,ECG,147,13878,0,0,0,0,0
8150,ECG,148,13789,0,0,0,0,0
8150,ECG,149,13701,0,0,0,0,0
8158,ECG,150,13529,0,0,0,0,0
8158,ECG,151,13444,0,0,0,0,0
8158,ECG,152,13359,0,0,0,0,0
8159,ECG,153,13275,0,0,0,0,0
8166,ECG,154,13192,0,0,0,0,0
8166,ECG,155,13106,0,0,0,0,0
8166,ECG,156,13028,0,0,0,0,0
8174,ECG,157,12853,0,0,0,0,0
8174,ECG,158,12814,0,0,0,0,0
8174,ECG,159,12743,0,0,0,0,0
8174,ECG,160,12607,0,0,0,0,0
8182,ECG,161,12475,0,0,0,0,0
8182,ECG,162,12338,0,0,0,0,0
8182,ECG,163,12191,0,0,0,0,0
8182,ECG,164,12074,0,0,0,0,0
8190,ECG,165,11994,0,0,0,0,0
8190,ECG,166,11946,0,0,0,0,0
8190,ECG,167,11935,0,0,0,0,0
8190,ECG,168,11924,0,0,0,0,0
8198,ECG,169,11898,0,0,0,0,0
8198,ECG,170,11890,0,0,0,0,0
8198,ECG,171,11821,0,0,0,0,0
8198,ECG,172,11699,0,0,0,0,0
8206,ECG,173,11624,0,0,0,0,0
8206,ECG,174,11559,0,0,0,0,0
8206,ECG,175,11477,0,0,0,0,0
8206,ECG,176,11412,0,0,0,0,0
8214,ECG,177,11334,0,0,0,0,0
8214,ECG,178,11266,0,0,0,0,0
8214,ECG,179,11226,0,0,0,0,0
8214,ECG,180,11143,0,0,0,0,0
8222,ECG,181,11031,0,0,0,0,0
8222,ECG,182,10931,0,0,0,0,0
8222,ECG,183,10820,0,0,0,0,0
8222,ECG,184,10712,0,0,0,0,0
8230,ECG,185,10630,0,0,0,0,0
8230,ECG,186,10567,0,0,0,0,0
8230,ECG,187,10525,0,0,0,0,0
8230,ECG,188,10507,0,0,0,0,0
8238,ECG,189,10471,0,0,0,0,0
8238,ECG,190,10440,0,0,0,0,0
8238,ECG,191,10422,0,0,0,0,0
8238,ECG,192,10350,0,0,0,0,0
8246,ECG,193,10225,0,0,0,0,0
8246,ECG,194,10145,0,0,0,0,0
8246,ECG,195,10043,0,0,0,0,0
8246,ECG,196,9949,0,0,0,0,0
8254,ECG,197,9800,0,0,0,0,0
8254,ECG,198,9804,0,0,0,0,0
8254,ECG,199,9801,0,0,0,0,0
8262,ECG,200,9606,0,0,0,0,0
8262,ECG,201,9514,0,0,0,0,0
8262,ECG,202,9367,0,0,0,0,0
8262,ECG,203,9240,0,0,0,0,0
8270,ECG,204,9181,0,0,0,0,0
8270,ECG,205,9153,0,0,0,0,0
8270,ECG,206,9164,0,0,0,0,0
8270,ECG,207,9181,0,0,0,0,0
8278,ECG,208,9175,0,0,0,0,0
8278,ECG,209,9192,0,0,0,0,0
8278,ECG,210,9138,0,0,0,0,0
8278,ECG,211,9035,0,0,0,0,0
8286,ECG,212,8974,0,0,0,0,0
8286,ECG,213,8928,0,0,0,0,0
8286,ECG,214,8861,0,0,0,0,0
8286,ECG,215,8812,0,0,0,0,0
8294,ECG,216,8751,0,0,0,0,0
8294,ECG,217,8699,0,0,0,0,0
8294,ECG,218,8664,0,0,0,0,0
8294,ECG,219,8600,0,0,0,0,0
8302,ECG,220,8519,0,0,0,0,0
8302,ECG,221,8446,0,0,0,0,0
8302,ECG,222,8366,0,0,0,0,0
8302,ECG,223,8288,0,0,0,0,0
8310,ECG,224,8226,0,0,0,0,0
8310,ECG,225,8177,0,0,0,0,0
8310,ECG,226,8143,0,0,0,0,0
8310,ECG,227,8120,0,0,0,0,0
8318,ECG,228,8090,0,0,0,0,0
8318,ECG,229,8061,0,0,0,0,0
8318,ECG,230,8033,0,0,0,0,0
8318,ECG,231,7971,0,0,0,0,0
8326,ECG,232,7906,0,0,0,0,0
8326,ECG,233,7860,0,0,0,0,0
8326,ECG,234,7811,0,0,0,0,0
8326,ECG,235,7761,0,0,0,0,0
8334,ECG,236,7711,0,0,0,0,0
8334,ECG,237,7660,0,0,0,0,0
8334,ECG,238,7610,0,0,0,0,0
8334,ECG,239,7559,0,0,0,0,0
8342,ECG,240,7463,0,0,0,0,0
8342,ECG,241,7416,0,0,0,0,0
8342,ECG,242,7371,0,0,0,0,0
8343,ECG,243,7326,0,0,0,0,0
8350,ECG,244,7282,0,0,0,0,0
8350,ECG,245,7235,0,0,0,0,0
8350,ECG,246,7193,0,0,0,0,0
8358,ECG,247,7092,0,0,0,0,0
8358,ECG,248,7078,0,0,0,0,0
8358,ECG,249,7045,0,0,0,0,0
8358,ECG,250,6956,0,0,0,0,0
8366,ECG,251,6874,0,0,0,0,0
8366,ECG,252,6788,0,0,0,0,0
8366,ECG,253,6695,0,0,0,0,0
8366,ECG,254,6628,0,0,0,0,0
8374,ECG,255,6573,0,0,0,0,0
8374,ECG,256,6571,0,0,0,0,0
8374,ECG,257,6601,0,0,0,0,0
8374,ECG,258,6572,0,0,0,0,0
8382,ECG,259,6524,0,0,0,0,0
8382,ECG,260,6496,0,0,0,0,0
8382,ECG,261,6413,0,0,0,0,0
8382,ECG,262,6301,0,0,0,0,0
8390,ECG,263,6252,0,0,0,0,0
8390,ECG,264,6231,0,0,0,0,0
8390,ECG,265,6223,0,0,0,0,0
8390,ECG,266,6237,0,0,0,0,0
8398,ECG,267,6225,0,0,0,0,0
8398,ECG,268,6233,0,0,0,0,0
8398,ECG,269,6223,0,0,0,0,0
8398,ECG,270,6162,0,0,0,0,0
8406,ECG,271,6076,0,0,0,0,0
8406,ECG,272,6021,0,0,0,0,0
8406,ECG,273,5944,0,0,0,0,0
8406,ECG,274,5875,0,0,0,0,0
8414,ECG,275,5827,0,0,0,0,0
8414,ECG,276,5793,0,0,0,0,0
8414,ECG,277,5779,0,0,0,0,0
8414,ECG,278,5779,0,0,0,0,0
8422,ECG,279,5770,0,0,0,0,0
8422,ECG,280,5762,0,0,0,0,0
8422,ECG,281,5755,0,0,0,0,0
8422,ECG,282,5704,0,0,0,0,0
8430,ECG,283,5648,0,0,0,0,0
8430,ECG,284,5619,0,0,0,0,0
8430,ECG,285,5583,0,0,0,0,0
8430,ECG,286,5545,0,0,0,0,0
8438,ECG,287,5476,0,0,0,0,0
8438,ECG,288,5441,0,0,0,0,0
8438,ECG,289,5406,0,0,0,0,0
8439,ECG,290,5372,0,0,0,0,0
8446,ECG,291,5337,0,0,0,0,0
8446,ECG,292,5303,0,0,0,0,0
8446,ECG,293,5270,0,0,0,0,0
8454,ECG,294,5202,0,0,0,0,0
8454,ECG,295,5169,0,0,0,0,0
8454,ECG,296,5136,0,0,0,0,0
8454,ECG,297,5103,0,0,0,0,0
8462,ECG,298,5071,0,0,0,0,0
8462,ECG,299,5038,0,0,0,0,0
8462,ECG,300,5006,0,0,0,0,0
8462,ECG,301,4974,0,0,0,0,0
8470,ECG,302,4942,0,0,0,0,0
8470,ECG,303,4911,0,0,0,0,0
8470,ECG,304,4879,0,0,0,0,0
8470,ECG,305,4848,0,0,0,0,0
8478,ECG,306,4817,0,0,0,0,0
8478,ECG,307,4786,0,0,0,0,0
8478,ECG,308,4756,0,0,0,0,0
8478,ECG,309,4724,0,0,0,0,0
8486,ECG,310,4696,0,0,0,0,0
8486,ECG,311,4664,0,0,0,0,0
8486,ECG,312,4633,0,0,0,0,0
8486,ECG,313,4612,0,0,0,0,0
8494,ECG,314,4566,0,0,0,0,0
8494,ECG,315,4557,0,0,0,0,0
8494,ECG,316,4562,0,0,0,0,0
8494,ECG,317,4520,0,0,0,0,0
8502,ECG,318,4403,0,0,0,0,0
8502,ECG,319,4310,0,0,0,0,0
8502,ECG,320,4190,0,0,0,0,0
8502,ECG,321,4086,0,0,0,0,0
8510,ECG,322,4033,0,0,0,0,0
8510,ECG,323,4022,0,0,0,0,0
8510,ECG,324,4061,0,0,0,0,0
8510,ECG,325,4131,0,0,0,0,0
8518,ECG,326,4174,0,0,0,0,0
8518,ECG,327,4227,0,0,0,0,0
8518,ECG,328,4237,0,0,0,0,0
8518,ECG,329,4194,0,0,0,0,0
8526,ECG,330,4125,0,0,0,0,0
8526,ECG,331,4117,0,0,0,0,0
8526,ECG,332,4086,0,0,0,0,0
8526,ECG,333,4057,0,0,0,0,0
8534,ECG,334,4006,0,0,0,0,0
8534,ECG,335,3981,0,0,0,0,0
8534,ECG,336,3956,0,0,0,0,0
8542,ECG,337,3905,0,0,0,0,0
8542,ECG,338,3880,0,0,0,0,0
8542,ECG,339,3855,0,0,0,0,0
8542,ECG,340,3830,0,0,0,0,0
8550,ECG,341,3806,0,0,0,0,0
8550,ECG,342,3781,0,0,0,0,0
8550,ECG,343,3757,0,0,0,0,0
8550,ECG,344,3734,0,0,0,0,0
8558,ECG,345,3706,0,0,0,0,0
8558,ECG,346,3689,0,0,0,0,0
8558,ECG,347,3678,0,0,0,0,0
8558,ECG,348,3643,0,0,0,0,0
8566,ECG,349,3601,0,0,0,0,0
8566,ECG,350,3564,0,0,0,0,0
8566,ECG,351,3521,0,0,0,0,0
8566,ECG,352,3482,0,0,0,0,0
8574,ECG,353,3455,0,0,0,0,0
8574,ECG,354,3437,0,0,0,0,0
8574,ECG,355,3430,0,0,0,0,0
8574,ECG,356,3427,0,0,0,0,0
8582,ECG,357,3420,0,0,0,0,0
8582,ECG,358,3415,0,0,0,0,0
8582,ECG,359,3407,0,0,0,0,0
8582,ECG,360,3373,0,0,0,0,0
8590,ECG,361,3344,0,0,0,0,0
8590,ECG,362,3326,0,0,0,0,0
8590,ECG,363,3303,0,0,0,0,0
8590,ECG,364,3282,0,0,0,0,0
8598,ECG,365,3261,0,0,0,0,0
8598,ECG,366,3240,0,0,0,0,0
8598,ECG,367,3219,0,0,0,0,0
8598,ECG,368,3198,0,0,0,0,0
8606,ECG,369,3177,0,0,0,0,0
8606,ECG,370,3157,0,0,0,0,0
8606,ECG,371,3135,0,0,0,0,0
8606,ECG,372,3117,0,0,0,0,0
8614,ECG,373,3095,0,0,0,0,0
8614,ECG,374,3074,0,0,0,0,0
8614,ECG,375,3068,0,0,0,0,0
8614,ECG,376,3051,0,0,0,0,0
8622,ECG,377,2975,0,0,0,0,0
8622,ECG,378,2937,0,0,0,0,0
8622,ECG,379,2896,0,0,0,0,0
8623,ECG,380,2866,0,0,0,0,0
8630,ECG,381,2849,0,0,0,0,0
8630,ECG,382,2838,0,0,0,0,0
8630,ECG,383,2843,0,0,0,0,0
8638,ECG,384,2836,0,0,0,0,0
8638,ECG,385,2855,0,0,0,0,0
8638,ECG,386,2849,0,0,0,0,0
8638,ECG,387,2789,0,0,0,0,0
8646,ECG,388,2747,0,0,0,0,0
8646,ECG,389,2706,0,0,0,0,0
8646,ECG,390,2653,0,0,0,0,0
8646,ECG,391,2619,0,0,0,0,0
8654,ECG,392,2594,0,0,0,0,0
8654,ECG,393,2593,0,0,0,0,0
8654,ECG,394,2614,0,0,0,0,0
8654,ECG,395,2619,0,0,0,0,0
8662,ECG,396,2609,0,0,0,0,0
8662,ECG,397,2612,0,0,0,0,0
8662,ECG,398,2589,0,0,0,0,0
8662,ECG,399,2537,0,0,0,0,0
8670,ECG,400,2513,0,0,0,0,0
8670,ECG,401,2505,0,0,0,0,0
8670,ECG,402,2497,0,0,0,0,0
8670,ECG,403,2498,0,0,0,0,0
8678,ECG,404,2493,0,0,0,0,0
8678,ECG,405,2490,0,0,0,0,0
8678,ECG,406,2485,0,0,0,0,0
8678,ECG,407,2459,0,0,0,0,0
8686,ECG,408,2437,0,0,0,0,0
8686,ECG,409,2425,0,0,0,0,0
8686,ECG,410,2408,0,0,0,0,0
8686,ECG,411,2392,0,0,0,0,0
8694,ECG,412,2377,0,0,0,0,0
8694,ECG,413,2361,0,0,0,0,0
8694,ECG,414,2346,0,0,0,0,0
8694,ECG,415,2330,0,0,0,0,0
8702,ECG,416,2315,0,0,0,0,0
8702,ECG,417,2300,0,0,0,0,0
8702,ECG,418,2285,0,0,0,0,0
8702,ECG,419,2270,0,0,0,0,0
8710,ECG,420,2255,0,0,0,0,0
8710,ECG,421,2240,0,0,0,0,0
8710,ECG,422,2226,0,0,0,0,0
8710,ECG,423,2211,0,0,0,0,0
8718,ECG,424,2182,0,0,0,0,0
8718,ECG,425,2168,0,0,0,0,0
8718,ECG,426,2154,0,0,0,0,0
8719,ECG,427,2140,0,0,0,0,0
8726,ECG,428,2126,0,0,0,0,0
8726,ECG,429,2112,0,0,0,0,0
8726,ECG,430,2098,0,0,0,0,0
8734,ECG,431,2070,0,0,0,0,0
8734,ECG,432,2057,0,0,0,0,0
8734,ECG,433,2043,0,0,0,0,0
8734,ECG,434,2030,0,0,0,0,0
8742,ECG,435,2017,0,0,0,0,0
8742,ECG,436,2003,0,0,0,0,0
8742,ECG,437,1990,0,0,0,0,0
8742,ECG,438,1977,0,0,0,0,0
8750,ECG,439,1964,0,0,0,0,0
8750,ECG,440,1951,0,0,0,0,0
8750,ECG,441,1938,0,0,0,0,0
8750,ECG,442,1926,0,0,0,0,0
8758,ECG,443,1913,0,0,0,0,0
8758,ECG,444,1900,0,0,0,0,0
8758,ECG,445,1888,0,0,0,0,0
8758,ECG,446,1875,0,0,0,0,0
8766,ECG,447,1863,0,0,0,0,0
8766,ECG,448,1851,0,0,0,0,0
8766,ECG,449,1839,0,0,0,0,0
8766,ECG,450,1826,0,0,0,0,0
8774,ECG,451,1814,0,0,0,0,0
8774,ECG,452,1802,0,0,0,0,0
8774,ECG,453,1790,0,0,0,0,0
8774,ECG,454,1779,0,0,0,0,0
8782,ECG,455,1767,0,0,0,0,0
8782,ECG,456,1755,0,0,0,0,0
8782,ECG,457,1744,0,0,0,0,0
8782,ECG,458,1732,0,0,0,0,0
8790,ECG,459,1721,0,0,0,0,0
8790,ECG,460,1709,0,0,0,0,0
8790,ECG,461,1698,0,0,0,0,0
8790,ECG,462,1687,0,0,0,0,0
8798,ECG,463,1675,0,0,0,0,0
8798,ECG,464,1664,0,0,0,0,0
8798,ECG,465,1653,0,0,0,0,0
8798,ECG,466,1642,0,0,0,0,0
8806,ECG,467,1631,0,0,0,0,0
8806,ECG,468,1621,0,0,0,0,0
8806,ECG,469,1610,0,0,0,0,0
8806,ECG,470,1599,0,0,0,0,0
8814,ECG,471,1578,0,0,0,0,0
8814,ECG,472,1567,0,0,0,0,0
8814,ECG,473,1557,0,0,0,0,0
8815,ECG,474,1546,0,0,0,0,0
8822,ECG,475,1536,0,0,0,0,0
8822,ECG,476,1526,0,0,0,0,0
8822,ECG,477,1516,0,0,0,0,0
8830,ECG,478,1496,0,0,0,0,0
8830,ECG,479,1486,0,0,0,0,0
8830,ECG,480,1476,0,0,0,0,0
8830,ECG,481,1466,0,0,0,0,0
8844,ECG,482,1456,0,0,0,0,0
8844,ECG,483,1446,0,0,0,0,0
8844,ECG,484,1437,0,0,0,0,0
8844,ECG,485,1426,0,0,0,0,0
8844,ECG,486,1418,0,0,0,0,0
8844,ECG,487,1407,0,0,0,0,0
8844,ECG,488,1398,0,0,0,0,0
8852,ECG,489,1392,0,0,0,0,0
8852,ECG,490,1373,0,0,0,0,0
8852,ECG,491,1383,0,0,0,0,0
8852,ECG,492,1400,0,0,0,0,0
8860,ECG,493,1357,0,0,0,0,0
8860,ECG,494,1307,0,0,0,0,0
8860,ECG,495,1263,0,0,0,0,0
8860,ECG,496,1206,0,0,0,0,0
8869,ECG,497,1164,0,0,0,0,0
8869,ECG,498,1146,0,0,0,0,0
8869,ECG,499,1152,0,0,0,0,0
8869,ECG,500,1182,0,0,0,0,0
8877,ECG,501,1247,0,0,0,0,0
8877,ECG,502,1283,0,0,0,0,0
8877,ECG,503,1298,0,0,0,0,0
8877,ECG,504,1258,0,0,0,0,0
8885,ECG,505,1237,0,0,0,0,0
8885,ECG,506,1238,0,0,0,0,0
8885,ECG,507,1225,0,0,0,0,0
8885,ECG,508,1217,0,0,0,0,0
8893,ECG,509,1210,0,0,0,0,0
8893,ECG,510,1201,0,0,0,0,0
8893,ECG,511,1193,0,0,0,0,0
8893,ECG,512,1185,0,0,0,0,0
8901,ECG,513,1177,0,0,0,0,0
8901,ECG,514,1169,0,0,0,0,0
8901,ECG,515,1161,0,0,0,0,0
8901,ECG,516,1153,0,0,0,0,0
8909,ECG,517,1145,0,0,0,0,0
8909,ECG,518,1137,0,0,0,0,0
8909,ECG,519,1130,0,0,0,0,0
8909,ECG,520,1122,0,0,0,0,0
8917,ECG,521,1114,0,0,0,0,0
8917,ECG,522,1107,0,0,0,0,0
8917,ECG,523,1099,0,0,0,0,0
8917,ECG,524,1092,0,0,0,0,0
8925,ECG,525,1084,0,0,0,0,0
8925,ECG,526,1077,0,0,0,0,0
8925,ECG,527,1069,0,0,0,0,0
8925,ECG,528,1062,0,0,0,0,0
8933,ECG,529,1055,0,0,0,0,0
8933,ECG,530,1048,0,0,0,0,0
8933,ECG,531,1040,0,0,0,0,0
8933,ECG,532,1033,0,0,0,0,0
8941,ECG,533,1026,0,0,0,0,0
8941,ECG,534,1019,0,0,0,0,0
8941,ECG,535,1012,0,0,0,0,0
8941,ECG,536,1005,0,0,0,0,0
8949,ECG,537,998,0,0,0,0,0
8949,ECG,538,991,0,0,0,0,0
8949,ECG,539,984,0,0,0,0,0
8949,ECG,540,978,0,0,0,0,0
8957,ECG,541,964,0,0,0,0,0
8957,ECG,542,957,0,0,0,0,0
8957,ECG,543,951,0,0,0,0,0
8965,ECG,544,938,0,0,0,0,0
8965,ECG,545,931,0,0,0,0,0
8965,ECG,546,925,0,0,0,0,0
8965,ECG,547,918,0,0,0,0,0
8973,ECG,548,912,0,0,0,0,0
8973,ECG,549,906,0,0,0,0,0
8973,ECG,550,899,0,0,0,0,0
8973,ECG,551,893,0,0,0,0,0
8981,ECG,552,887,0,0,0,0,0
8981,ECG,553,881,0,0,0,0,0
8981,ECG,554,874,0,0,0,0,0
8981,ECG,555,868,0,0,0,0,0
8989,ECG,556,862,0,0,0,0,0
8989,ECG,557,856,0,0,0,0,0
8989,ECG,558,850,0,0,0,0,0
8989,ECG,559,844,0,0,0,0,0
8997,ECG,560,838,0,0,0,0,0
8997,ECG,561,832,0,0,0,0,0
8997,ECG,562,827,0,0,0,0,0
8997,ECG,563,821,0,0,0,0,0
9005,ECG,564,815,0,0,0,0,0
9005,ECG,565,809,0,0,0,0,0
9005,ECG,566,804,0,0,0,0,0
9005,ECG,567,798,0,0,0,0,0
9013,ECG,568,792,0,0,0,0,0
9013,ECG,569,787,0,0,0,0,0
9013,ECG,570,781,0,0,0,0,0
9013,ECG,571,776,0,0,0,0,0
9021,ECG,572,770,0,0,0,0,0
9021,ECG,573,765,0,0,0,0,0
9021,ECG,574,759,0,0,0,0,0
9021,ECG,575,754,0,0,0,0,0
9029,ECG,576,748,0,0,0,0,0
9029,ECG,577,743,0,0,0,0,0
9029,ECG,578,738,0,0,0,0,0
9029,ECG,579,733,0,0,0,0,0
9037,ECG,580,727,0,0,0,0,0
9037,ECG,581,722,0,0,0,0,0
9037,ECG,582,717,0,0,0,0,0
9037,ECG,583,712,0,0,0,0,0
9045,ECG,584,702,0,0,0,0,0
9045,ECG,585,697,0,0,0,0,0
9045,ECG,586,692,0,0,0,0,0
9046,ECG,587,687,0,0,0,0,0
9053,ECG,588,682,0,0,0,0,0
9053,ECG,589,677,0,0,0,0,0
9053,ECG,590,672,0,0,0,0,0
9061,ECG,591,663,0,0,0,0,0
9061,ECG,592,658,0,0,0,0,0
9061,ECG,593,653,0,0,0,0,0
9061,ECG,594,648,0,0,0,0,0
9069,ECG,595,644,0,0,0,0,0
9069,ECG,596,639,0,0,0,0,0
9069,ECG,597,634,0,0,0,0,0
9069,ECG,598,630,0,0,0,0,0
9077,ECG,599,625,0,0,0,0,0
9077,ECG,600,621,0,0,0,0,0
9077,ECG,601,616,0,0,0,0,0
9077,ECG,602,612,0,0,0,0,0
9085,ECG,603,607,0,0,0,0,0
9085,ECG,604,603,0,0,0,0,0
9085,ECG,605,598,0,0,0,0,0
9085,ECG,606,594,0,0,0,0,0
9093,ECG,607,590,0,0,0,0,0
9093,ECG,608,585,0,0,0,0,0
9093,ECG,609,581,0,0,0,0,0
9093,ECG,610,577,0,0,0,0,0
9101,ECG,611,573,0,0,0,0,0
9101,ECG,612,568,0,0,0,0,0
9101,ECG,613,564,0,0,0,0,0
9101,ECG,614,560,0,0,0,0,0
9109,ECG,615,556,0,0,0,0,0
9109,ECG,616,552,0,0,0,0,0
9109,ECG,617,548,0,0,0,0,0
9109,ECG,618,544,0,0,0,0,0
9117,ECG,619,540,0,0,0,0,0
9117,ECG,620,536,0,0,0,0,0
9117,ECG,621,532,0,0,0,0,0
9117,ECG,622,528,0,0,0,0,0
9125,ECG,623,524,0,0,0,0,0
9125,ECG,624,520,0,0,0,0,0
9125,ECG,625,516,0,0,0,0,0
9125,ECG,626,512,0,0,0,0,0
9133,ECG,627,508,0,0,0,0,0
9133,ECG,628,504,0,0,0,0,0
9133,ECG,629,501,0,0,0,0,0
9133,ECG,630,497,0,0,0,0,0
9141,ECG,631,489,0,0,0,0,0
9141,ECG,632,486,0,0,0,0,0
9141,ECG,633,482,0,0,0,0,0
9142,ECG,634,478,0,0,0,0,0
9149,ECG,635,475,0,0,0,0,0
9149,ECG,636,471,0,0,0,0,0
9149,ECG,637,468,0,0,0,0,0
9157,ECG,638,461,0,0,0,0,0
9157,ECG,639,457,0,0,0,0,0
9157,ECG,640,454,0,0,0,0,0
9157,ECG,641,450,0,0,0,0,0
9165,ECG,642,447,0,0,0,0,0
9165,ECG,643,443,0,0,0,0,0
9165,ECG,644,440,0,0,0,0,0
9165,ECG,645,436,0,0,0,0,0
9173,ECG,646,433,0,0,0,0,0
9173,ECG,647,430,0,0,0,0,0
9173,ECG,648,426,0,0,0,0,0
9173,ECG,649,423,0,0,0,0,0
9181,ECG,650,420,0,0,0,0,0
9181,ECG,651,417,0,0,0,0,0
9181,ECG,652,413,0,0,0,0,0
9181,ECG,653,410,0,0,0,0,0
9189,ECG,654,407,0,0,0,0,0
9189,ECG,655,404,0,0,0,0,0
9189,ECG,656,400,0,0,0,0,0
9189,ECG,657,397,0,0,0,0,0
9197,ECG,658,394,0,0,0,0,0
9197,ECG,659,391,0,0,0,0,0
9197,ECG,660,388,0,0,0,0,0
9197,ECG,661,385,0,0,0,0,0
9205,ECG,662,382,0,0,0,0,0
9205,ECG,663,379,0,0,0,0,0
9205,ECG,664,376,0,0,0,0,0
9205,ECG,665,373,0,0,0,0,0
9213,ECG,666,370,0,0,0,0,0
9213,ECG,667,367,0,0,0,0,0
9213,ECG,668,364,0,0,0,0,0
9213,ECG,669,361,0,0,0,0,0
9221,ECG,670,358,0,0,0,0,0
9221,ECG,671,355,0,0,0,0,0
9221,ECG,672,353,0,0,0,0,0
9221,ECG,673,350,0,0,0,0,0
9229,ECG,674,347,0,0,0,0,0
9229,ECG,675,344,0,0,0,0,0
9229,ECG,676,342,0,0,0,0,0
9229,ECG,677,339,0,0,0,0,0
9237,ECG,678,333,0,0,0,0,0
9237,ECG,679,331,0,0,0,0,0
9237,ECG,680,328,0,0,0,0,0
9245,ECG,681,322,0,0,0,0,0
9245,ECG,682,320,0,0,0,0,0
9245,ECG,683,317,0,0,0,0,0
9245,ECG,684,314,0,0,0,0,0
9253,ECG,685,312,0,0,0,0,0
9253,ECG,686,309,0,0,0,0,0
9253,ECG,687,307,0,0,0,0,0
9253,ECG,688,304,0,0,0,0,0
9261,ECG,689,302,0,0,0,0,0
9261,ECG,690,299,0,0,0,0,0
9261,ECG,691,297,0,0,0,0,0
9261,ECG,692,294,0,0,0,0,0
9269,ECG,693,292,0,0,0,0,0
9269,ECG,694,289,0,0,0,0,0
9269,ECG,695,287,0,0,0,0,0
9269,ECG,696,284,0,0,0,0,0
9277,ECG,697,282,0,0,0,0,0
9277,ECG,698,279,0,0,0,0,0
9277,ECG,699,277,0,0,0,0,0
9277,ECG,700,275,0,0,0,0,0
9285,ECG,701,272,0,0,0,0,0
9285,ECG,702,270,0,0,0,0,0
9285,ECG,703,268,0,0,0,0,0
9285,ECG,704,266,0,0,0,0,0
9293,ECG,705,263,0,0,0,0,0
9293,ECG,706,261,0,0,0,0,0
9293,ECG,707,259,0,0,0,0,0
9293,ECG,708,257,0,0,0,0,0
9301,ECG,709,254,0,0,0,0,0
9301,ECG,710,252,0,0,0,0,0
9301,ECG,711,250,0,0,0,0,0
9301,ECG,712,248,0,0,0,0,0
9309,ECG,713,245,0,0,0,0,0
9309,ECG,714,243,0,0,0,0,0
9309,ECG,715,241,0,0,0,0,0
9309,ECG,716,239,0,0,0,0,0
9317,ECG,717,237,0,0,0,0,0
9317,ECG,718,235,0,0,0,0,0
9317,ECG,719,233,0,0,0,0,0
9317,ECG,720,231,0,0,0,0,0
9325,ECG,721,227,0,0,0,0,0
9325,ECG,722,225,0,0,0,0,0
9325,ECG,723,223,0,0,0,0,0
9326,ECG,724,221,0,0,0,0,0
9333,ECG,725,219,0,0,0,0,0
9333,ECG,726,217,0,0,0,0,0
9333,ECG,727,215,0,0,0,0,0
9341,ECG,728,211,0,0,0,0,0
9341,ECG,729,209,0,0,0,0,0
9341,ECG,730,207,0,0,0,0,0
9341,ECG,731,205,0,0,0,0,0
9349,ECG,732,203,0,0,0,0,0
9349,ECG,733,201,0,0,0,0,0
9349,ECG,734,199,0,0,0,0,0
9349,ECG,735,197,0,0,0,0,0
9357,ECG,736,195,0,0,0,0,0
9357,ECG,737,193,0,0,0,0,0
9357,ECG,738,192,0,0,0,0,0
9357,ECG,739,190,0,0,0,0,0
9365,ECG,740,188,0,0,0,0,0
9365,ECG,741,186,0,0,0,0,0
9365,ECG,742,185,0,0,0,0,0
9365,ECG,743,183,0,0,0,0,0
9373,ECG,744,181,0,0,0,0,0
9373,ECG,745,179,0,0,0,0,0
9373,ECG,746,178,0,0,0,0,0
9373,ECG,747,176,0,0,0,0,0
9381,ECG,748,174,0,0,0,0,0
9381,ECG,749,172,0,0,0,0,0
9381,ECG,750,171,0,0,0,0,0
9381,ECG,751,169,0,0,0,0,0
9389,ECG,752,167,0,0,0,0,0
9389,ECG,753,165,0,0,0,0,0
9389,ECG,754,164,0,0,0,0,0
9389,ECG,755,162,0,0,0,0,0
9397,ECG,756,160,0,0,0,0,0
9397,ECG,757,158,0,0,0,0,0
9397,ECG,758,157,0,0,0,0,0
9397,ECG,759,155,0,0,0,0,0
9405,ECG,760,154,0,0,0,0,0
9405,ECG,761,152,0,0,0,0,0
9405,ECG,762,151,0,0,0,0,0
9405,ECG,763,149,0,0,0,0,0
9413,ECG,764,148,0,0,0,0,0
9413,ECG,765,146,0,0,0,0,0
9413,ECG,766,145,0,0,0,0,0
9413,ECG,767,143,0,0,0,0,0
9421,ECG,768,140,0,0,0,0,0
9421,ECG,769,139,0,0,0,0,0
9421,ECG,770,137,0,0,0,0,0
9429,ECG,771,134,0,0,0,0,0
9429,ECG,772,133,0,0,0,0,0
9429,ECG,773,131,0,0,0,0,0
9429,ECG,774,130,0,0,0,0,0
9437,ECG,775,128,0,0,0,0,0
9437,ECG,776,127,0,0,0,0,0
9437,ECG,777,125,0,0,0,0,0
9437,ECG,778,124,0,0,0,0,0
9445,ECG,779,122,0,0,0,0,0
9445,ECG,780,121,0,0,0,0,0
9445,ECG,781,119,0,0,0,0,0
9445,ECG,782,118,0,0,0,0,0
9453,ECG,783,117,0,0,0,0,0
9453,ECG,784,115,0,0,0,0,0
9453,ECG,785,114,0,0,0,0,0
9453,ECG,786,113,0,0,0,0,0
9461,ECG,787,112,0,0,0,0,0
9461,ECG,788,110,0,0,0,0,0
9461,ECG,789,109,0,0,0,0,0
9461,ECG,790,108,0,0,0,0,0
9469,ECG,791,107,0,0,0,0,0
9469,ECG,792,105,0,0,0,0,0
9469,ECG,793,104,0,0,0,0,0
9469,ECG,794,103,0,0,0,0,0
9477,ECG,795,102,0,0,0,0,0
9477,ECG,796,100,0,0,0,0,0
9477,ECG,797,99,0,0,0,0,0
9477,ECG,798,98,0,0,0,0,0
9485,ECG,799,97,0,0,0,0,0
9485,ECG,800,95,0,0,0,0,0
9485,ECG,801,94,0,0,0,0,0
9485,ECG,802,93,0,0,0,0,0
9493,ECG,803,92,0,0,0,0,0
9493,ECG,804,90,0,0,0,0,0
9493,ECG,805,89,0,0,0,0,0
9493,ECG,806,88,0,0,0,0,0
9501,ECG,807,87,0,0,0,0,0
9501,ECG,808,85,0,0,0,0,0
9501,ECG,809,84,0,0,0,0,0
9501,ECG,810,83,0,0,0,0,0
9509,ECG,811,80,0,0,0,0,0
9509,ECG,812,79,0,0,0,0,0
9509,ECG,813,78,0,0,0,0,0
9510,ECG,814,77,0,0,0,0,0
9517,ECG,815,76,0,0,0,0,0
9517,ECG,816,75,0,0,0,0,0
9517,ECG,817,74,0,0,0,0,0
9525,ECG,818,72,0,0,0,0,0
9525,ECG,819,71,0,0,0,0,0
9525,ECG,820,70,0,0,0,0,0
9525,ECG,821,69,0,0,0,0,0
9533,ECG,822,67,0,0,0,0,0
9533,ECG,823,68,0,0,0,0,0
9533,ECG,824,65,0,0,0,0,0
9533,ECG,825,63,0,0,0,0,0
9541,ECG,826,69,0,0,0,0,0
9541,ECG,827,56,0,0,0,0,0
9541,ECG,828,70,0,0,0,0,0
9541,ECG,829,105,0,0,0,0,0
9549,ECG,830,84,0,0,0,0,0
9549,ECG,831,16,0,0,0,0,0
9549,ECG,832,-35,0,0,0,0,0
9549,ECG,833,-106,0,0,0,0,0
9557,ECG,834,-165,0,0,0,0,0
9557,ECG,835,-186,0,0,0,0,0
9557,ECG,836,-173,0,0,0,0,0
9557,ECG,837,-123,0,0,0,0,0
9565,ECG,838,-50,0,0,0,0,0
9565,ECG,839,4,0,0,0,0,0
9565,ECG,840,64,0,0,0,0,0
9565,ECG,841,101,0,0,0,0,0
9573,ECG,842,77,0,0,0,0,0
9573,ECG,843,46,0,0,0,0,0
9573,ECG,844,58,0,0,0,0,0
9573,ECG,845,51,0,0,0,0,0
9581,ECG,846,54,0,0,0,0,0
9581,ECG,847,50,0,0,0,0,0
9581,ECG,848,44,0,0,0,0,0
9581,ECG,849,93,0,0,0,0,0
9589,ECG,850,92,0,0,0,0,0
9589,ECG,851,24,0,0,0,0,0
9589,ECG,852,-29,0,0,0,0,0
9589,ECG,853,-93,0,0,0,0,0
9597,ECG,854,-161,0,0,0,0,0
9597,ECG,855,-195,0,0,0,0,0
9597,ECG,856,-193,0,0,0,0,0
9597,ECG,857,-157,0,0,0,0,0
9605,ECG,858,-25,0,0,0,0,0
9605,ECG,859,27,0,0,0,0,0
9605,ECG,860,90,0,0,0,0,0
9606,ECG,861,85,0,0,0,0,0
9613,ECG,862,37,0,0,0,0,0
9613,ECG,863,42,0,0,0,0,0
9613,ECG,864,41,0,0,0,0,0
9621,ECG,865,36,0,0,0,0,0
9621,ECG,866,34,0,0,0,0,0
9621,ECG,867,82,0,0,0,0,0
9621,ECG,868,81,0,0,0,0,0
9629,ECG,869,-4,0,0,0,0,0
9629,ECG,870,-80,0,0,0,0,0
9629,ECG,871,-177,0,0,0,0,0
9629,ECG,872,-274,0,0,0,0,0
9637,ECG,873,-318,0,0,0,0,0
9637,ECG,874,-312,0,0,0,0,0
9637,ECG,875,-255,0,0,0,0,0
9637,ECG,876,-149,0,0,0,0,0
9645,ECG,877,-61,0,0,0,0,0
9645,ECG,878,19,0,0,0,0,0
9645,ECG,879,83,0,0,0,0,0
9645,ECG,880,82,0,0,0,0,0
9653,ECG,881,24,0,0,0,0,0
9653,ECG,882,38,0,0,0,0,0
9653,ECG,883,36,0,0,0,0,0
9653,ECG,884,31,0,0,0,0,0
9661,ECG,885,41,0,0,0,0,0
9661,ECG,886,17,0,0,0,0,0
9661,ECG,887,65,0,0,0,0,0
9661,ECG,888,75,0,0,0,0,0
9669,ECG,889,41,0,0,0,0,0
9669,ECG,890,-59,0,0,0,0,0
9669,ECG,891,-146,0,0,0,0,0
9669,ECG,892,-263,0,0,0,0,0
9677,ECG,893,-342,0,0,0,0,0
9677,ECG,894,-360,0,0,0,0,0
9677,ECG,895,-326,0,0,0,0,0
9677,ECG,896,-232,0,0,0,0,0
9685,ECG,897,-116,0,0,0,0,0
9685,ECG,898,-35,0,0,0,0,0
9685,ECG,899,71,0,0,0,0,0
9685,ECG,900,78,0,0,0,0,0
9693,ECG,901,46,0,0,0,0,0
9693,ECG,902,20,0,0,0,0,0
9693,ECG,903,39,0,0,0,0,0
9693,ECG,904,24,0,0,0,0,0
9701,ECG,905,25,0,0,0,0,0
9701,ECG,906,24,0,0,0,0,0
9701,ECG,907,71,0,0,0,0,0
9709,ECG,908,-18,0,0,0,0,0
9709,ECG,909,-107,0,0,0,0,0
9709,ECG,910,-217,0,0,0,0,0
9709,ECG,911,-328,0,0,0,0,0
9717,ECG,912,-380,0,0,0,0,0
9717,ECG,913,-373,0,0,0,0,0
9717,ECG,914,-308,0,0,0,0,0
9717,ECG,915,-188,0,0,0,0,0
9725,ECG,916,-85,0,0,0,0,0
9725,ECG,917,8,0,0,0,0,0
9725,ECG,918,76,0,0,0,0,0
9725,ECG,919,75,0,0,0,0,0
9733,ECG,920,19,0,0,0,0,0
9733,ECG,921,28,0,0,0,0,0
9733,ECG,922,33,0,0,0,0,0
9733,ECG,923,23,0,0,0,0,0
9741,ECG,924,28,0,0,0,0,0
9741,ECG,925,26,0,0,0,0,0
9741,ECG,926,24,0,0,0,0,0
9741,ECG,927,25,0,0,0,0,0
9749,ECG,928,24,0,0,0,0,0
9749,ECG,929,23,0,0,0,0,0
9749,ECG,930,22,0,0,0,0,0
9749,ECG,931,21,0,0,0,0,0
9757,ECG,932,21,0,0,0,0,0
9757,ECG,933,20,0,0,0,0,0
9757,ECG,934,19,0,0,0,0,0
9757,ECG,935,18,0,0,0,0,0
9765,ECG,936,18,0,0,0,0,0
9765,ECG,937,17,0,0,0,0,0
9765,ECG,938,16,0,0,0,0,0
9765,ECG,939,15,0,0,0,0,0
9773,ECG,940,15,0,0,0,0,0
9773,ECG,941,14,0,0,0,0,0
9773,ECG,942,13,0,0,0,0,0
9773,ECG,943,12,0,0,0,0,0
9781,ECG,944,12,0,0,0,0,0
9781,ECG,945,11,0,0,0,0,0
9781,ECG,946,10,0,0,0,0,0
9781,ECG,947,9,0,0,0,0,0
9789,ECG,948,8,0,0,0,0,0
9789,ECG,949,7,0,0,0,0,0
9789,ECG,950,6,0,0,0,0,0
9790,ECG,951,6,0,0,0,0,0
9797,ECG,952,5,0,0,0,0,0
9797,ECG,953,4,0,0,0,0,0
9797,ECG,954,3,0,0,0,0,0
9805,ECG,955,2,0,0,0,0,0
9805,ECG,956,1,0,0,0,0,0
9805,ECG,957,0,0,0,0,0,0
9805,ECG,958,0,0,0,0,0,0
9813,ECG,959,-1,0,0,0,0,0
9813,ECG,960,-1,0,0,0,0,0
9813,ECG,961,-2,0,0,0,0,0
9813,ECG,962,-2,0,0,0,0,0
9821,ECG,963,-3,0,0,0,0,0
9821,ECG,964,-3,0,0,0,0,0
9821,ECG,965,-4,0,0,0,0,0
9821,ECG,966,-4,0,0,0,0,0
9829,ECG,967,-5,0,0,0,0,0
9829,ECG,968,-5,0,0,0,0,0
9829,ECG,969,-6,0,0,0,0,0
9829,ECG,970,-6,0,0,0,0,0
9837,ECG,971,-7,0,0,0,0,0
9837,ECG,972,-7,0,0,0,0,0
9837,ECG,973,-8,0,0,0,0,0
9837,ECG,974,-8,0,0,0,0,0
9845,ECG,975,-9,0,0,0,0,0
9845,ECG,976,-9,0,0,0,0,0
9845,ECG,977,-10,0,0,0,0,0
9845,ECG,978,-10,0,0,0,0,0
9853,ECG,979,-12,0,0,0,0,0
9853,ECG,980,-10,0,0,0,0,0
9853,ECG,981,-13,0,0,0,0,0
9853,ECG,982,-15,0,0,0,0,0
9861,ECG,983,-4,0,0,0,0,0
9861,ECG,984,-29,0,0,0,0,0
9861,ECG,985,9,0,0,0,0,0
9861,ECG,986,29,0,0,0,0,0
9900,ECG,987,29,0,0,0,0,0
9900,ECG,988,-114,0,0,0,0,0
9900,ECG,989,-238,0,0,0,0,0
9900,ECG,990,-401,0,0,0,0,0
9900,ECG,991,-535,0,0,0,0,0
9900,ECG,992,-582,0,0,0,0,0
9900,ECG,993,-550,0,0,0,0,0
9900,ECG,994,-433,0,0,0,0,0
9900,ECG,995,-264,0,0,0,0,0
9900,ECG,996,-133,0,0,0,0,0
9900,ECG,997,11,0,0,0,0,0
9900,ECG,998,42,0,0,0,0,0
9900,ECG,999,41,0,0,0,0,0
9900,ECG,1000,-22,0,0,0,0,0
9900,ECG,1001,1,0,0,0,0,0
9900,ECG,1002,-5,0,0,0,0,0
9900,ECG,1003,-10,0,0,0,0,0
9900,ECG,1004,-5,0,0,0,0,0
9900,ECG,1005,-8,0,0,0,0,0
9900,ECG,1006,-8,0,0,0,0,0
9907,ECG,1007,-8,0,0,0,0,0
9907,ECG,1008,-9,0,0,0,0,0
9907,ECG,1009,-9,0,0,0,0,0
9907,ECG,1010,-10,0,0,0,0,0
9915,ECG,1011,-10,0,0,0,0,0
9915,ECG,1012,-11,0,0,0,0,0
9915,ECG,1013,-11,0,0,0,0,0
9915,ECG,1014,-12,0,0,0,0,0
9923,ECG,1015,-12,0,0,0,0,0
9923,ECG,1016,-13,0,0,0,0,0
9923,ECG,1017,-13,0,0,0,0,0
9923,ECG,1018,-14,0,0,0,0,0
9931,ECG,1019,-14,0,0,0,0,0
9931,ECG,1020,-15,0,0,0,0,0
9931,ECG,1021,-15,0,0,0,0,0
9931,ECG,1022,-16,0,0,0,0,0
9939,ECG,1023,-16,0,0,0,0,0
7861,IMU,0,48,2132,-7860,-12,121,48
7881,IMU,1,-4,2272,-7752,-21,108,26
7899,IMU,2,-76,2104,-7872,-12,115,39
7918,IMU,3,60,2212,-7804,-36,129,46
7938,IMU,4,-196,2104,-7800,-8,106,50
7956,IMU,5,-44,2156,-7756,-20,139,14
7976,IMU,6,48,2180,-7800,-22,119,33
7995,IMU,7,-36,2172,-7792,-28,122,39
8014,IMU,8,-52,2176,-7944,-34,122,50
8033,IMU,9,-36,2232,-7712,-22,138,30
8052,IMU,10,-72,2184,-7784,-20,119,59
8072,IMU,11,-24,2216,-7800,-47,131,34
8090,IMU,12,-76,2152,-7760,-25,120,31
8110,IMU,13,-40,2196,-7804,-23,116,27
8129,IMU,14,-36,2184,-7792,-27,129,47
8148,IMU,15,-12,2072,-7824,-19,126,35
8168,IMU,16,0,2164,-7792,-7,138,47
8186,IMU,17,-20,2168,-7796,-9,134,12
8205,IMU,18,-4,2176,-7824,-36,122,26
8225,IMU,19,-76,2052,-7852,-29,126,36
8244,IMU,20,-36,2124,-7796,-30,122,22
8265,IMU,21,-28,2232,-7844,-9,137,37
8282,IMU,22,-40,2216,-7904,-16,127,27
8301,IMU,23,-40,2268,-7800,2,116,36
8321,IMU,24,-44,2108,-7936,-13,123,22
8339,IMU,25,-20,2156,-7768,-25,131,37
8359,IMU,26,-16,2104,-7780,-5,122,37
8378,IMU,27,-56,2124,-7772,-25,125,24
8397,IMU,28,-100,2196,-7748,-33,130,26
8417,IMU,29,-116,2252,-7836,-12,112,28
8435,IMU,30,-172,2128,-7884,-26,114,25
8455,IMU,31,-16,2168,-7796,-13,108,39
8474,IMU,32,-116,2080,-7868,-26,130,31
8493,IMU,33,36,2120,-7872,-18,101,34
8512,IMU,34,-28,2136,-7728,-12,130,34
8531,IMU,35,-116,2148,-7860,-21,120,45
8551,IMU,36,-128,2128,-7776,-30,146,52
8570,IMU,37,-156,2268,-7896,-13,118,32
8588,IMU,38,96,2156,-7952,-10,111,37
8608,IMU,39,12,2060,-7844,-16,138,31
8627,IMU,40,28,2168,-7744,-30,122,31
8646,IMU,41,8,2136,-7832,-21,112,47
8666,IMU,42,32,2168,-7916,-37,123,34
8684,IMU,43,24,2204,-7736,-24,112,47
8704,IMU,44,-20,2216,-7752,-13,121,29
8723,IMU,45,-56,2108,-7796,-19,117,37
8742,IMU,46,-152,2176,-7816,-38,135,45
8761,IMU,47,16,2196,-7848,-20,108,38
8780,IMU,48,8,2208,-7832,-30,132,26
8800,IMU,49,16,2212,-7832,-19,118,29
8819,IMU,50,-120,2044,-7848,-16,109,42
8838,IMU,51,4,2080,-7836,-3,107,42
8857,IMU,52,-4,2248,-7828,-34,127,23
8876,IMU,53,-136,2192,-7848,-10,114,28
8895,IMU,54,-104,2092,-7896,-55,120,33
8914,IMU,55,36,2148,-7840,-25,124,35
8934,IMU,56,-4,2216,-7828,-18,122,31
8953,IMU,57,-116,2132,-7908,-11,110,37
8972,IMU,58,-60,2132,-7884,-24,114,43
8991,IMU,59,8,2232,-7788,-9,121,30
9010,IMU,60,-4,2188,-7804,-30,111,30
9029,IMU,61,48,2132,-7848,-9,134,48
9049,IMU,62,-52,2100,-7820,-43,119,36
9071,IMU,63,12,2124,-7788,-25,136,27
9087,IMU,64,-188,2176,-7816,-32,121,14
9106,IMU,65,44,2248,-7852,-30,125,45
9125,IMU,66,-88,2216,-7832,-15,128,30
9145,IMU,67,-48,2104,-7788,-38,129,28
9163,IMU,68,-120,2136,-7804,-22,120,50
9183,IMU,69,-100,2216,-7776,-25,124,37
9201,IMU,70,-160,2156,-7804,-15,119,40
9221,IMU,71,48,2188,-7884,-26,112,45
9240,IMU,72,-80,2236,-7836,-43,116,33
9259,IMU,73,-20,2212,-7824,-19,116,39
9279,IMU,74,4,2136,-7788,-31,124,42
9297,IMU,75,-100,2188,-7708,-16,139,31
9316,IMU,76,-92,2152,-7780,11,128,45
9336,IMU,77,24,2100,-7840,-16,130,29
9355,IMU,78,4,2196,-7748,-8,116,22
9374,IMU,79,36,2072,-7844,-19,105,41
9393,IMU,80,-48,2192,-7756,-17,121,35
9412,IMU,81,-80,2100,-7768,-27,136,43
9432,IMU,82,-56,2208,-7804,-14,121,25
9451,IMU,83,-96,2196,-7792,-4,127,34
9470,IMU,84,-140,2140,-7784,-39,131,24
9489,IMU,85,-24,2140,-7848,-13,133,36
9508,IMU,86,16,2128,-7776,-25,122,39
9528,IMU,87,-20,2080,-7792,-25,143,32
9546,IMU,88,-172,2208,-7936,-26,111,29
9566,IMU,89,-44,2112,-7836,-26,131,29
9585,IMU,90,-36,2076,-7772,-12,121,54
9604,IMU,91,-192,2160,-7852,-26,126,31
9624,IMU,92,4,2100,-7744,-41,130,33
9642,IMU,93,52,2284,-7736,-17,130,51
9662,IMU,94,-28,2196,-7780,-25,132,40
9681,IMU,95,12,2184,-7808,-19,110,39
9699,IMU,96,-104,2192,-7840,-23,127,44
9719,IMU,97,-4,2192,-7860,-21,120,33
9738,IMU,98,-48,2068,-7848,-11,105,44
9757,IMU,99,32,2228,-7744,-24,126,49
9777,IMU,100,-20,2092,-7764,-6,120,33
9795,IMU,101,0,2200,-7828,-27,127,52
9815,IMU,102,-88,2136,-7848,-23,130,24
9833,IMU,103,-56,2184,-7812,-18,121,34
9853,IMU,104,48,2200,-7812,-25,132,32
9872,IMU,105,36,2108,-7780,-8,111,34
9891,IMU,106,-80,2120,-7756,-40,143,51
9923,IMU,107,-12,2128,-7796,-24,127,32
9932,IMU,108,-148,2216,-7844,-29,128,39
9950,IMU,109,-16,2096,-7824,-22,127,31
9968,IMU,110,-116,2172,-7864,-19,135,44
9987,IMU,111,-40,2148,-7832,-12,131,46
10006,IMU,112,-56,2100,-7748,-22,130,36
10025,IMU,113,-104,2140,-7780,-29,125,31
10044,IMU,114,-108,2160,-7760,-22,118,6
10064,IMU,115,-132,2184,-7776,-34,110,60
10083,IMU,116,-100,2160,-7856,-26,129,41
10102,IMU,117,-68,2084,-7836,-1,101,29
10121,IMU,118,-20,2096,-7832,-25,124,24
10140,IMU,119,-60,2172,-7848,-13,137,27
10163,IMU,120,-28,2180,-7828,-25,136,33
10183,IMU,121,-80,2140,-7848,-30,120,36
10202,IMU,122,-44,2172,-7868,-27,123,39
10217,IMU,123,16,2220,-7884,1,125,37
10236,IMU,124,112,2224,-7752,-37,127,30
10257,IMU,125,-56,2132,-7940,-8,118,31
10275,IMU,126,-56,2180,-7864,-30,126,50
10294,IMU,127,52,2160,-7884,-44,130,22
10313,IMU,128,-104,2104,-7804,-23,116,40
10333,IMU,129,-144,2136,-7904,-45,124,33
10352,IMU,130,-12,2184,-7828,-45,114,27
10371,IMU,131,-12,2200,-7840,-25,121,34
10390,IMU,132,-28,2228,-7756,-20,115,40
10409,IMU,133,-84,2156,-7844,-15,128,24
10429,IMU,134,-60,2128,-7804,-28,117,49
10448,IMU,135,-84,2120,-7836,-26,129,37
10467,IMU,136,0,2084,-7824,-13,123,41
10486,IMU,137,4,2160,-7796,-36,125,35
10505,IMU,138,-88,2176,-7756,-37,132,39
10525,IMU,139,-164,2108,-7836,-20,118,29
10544,IMU,140,28,2160,-7800,-34,105,49
10563,IMU,141,40,2080,-7868,-18,132,28
10582,IMU,142,-76,2096,-7868,-22,132,53
10603,IMU,143,-52,2136,-7816,-30,116,53
10621,IMU,144,12,2192,-7824,-1,113,27
10640,IMU,145,-28,2168,-7824,-16,108,43
10659,IMU,146,-80,2208,-7808,-26,130,43
10678,IMU,147,-56,2120,-7836,-7,131,24
10698,IMU,148,-148,2116,-7824,-25,112,26
10717,IMU,149,-44,2208,-7920,-23,129,35
10736,IMU,150,-32,2112,-7808,-13,121,46
10755,IMU,151,-48,2100,-7808,-18,129,42
10774,IMU,152,-120,2096,-7720,-10,129,38
10794,IMU,153,-104,2300,-7824,-44,136,34
10816,IMU,154,-44,2160,-7852,-16,108,40
10832,IMU,155,-52,2116,-7820,-13,125,46
10851,IMU,156,-68,2092,-7696,-32,117,43
10871,IMU,157,-36,2200,-7764,-20,124,41
10890,IMU,158,-44,2208,-7908,-3,127,27
10909,IMU,159,-20,2196,-7808,-33,128,50
10928,IMU,160,-56,2172,-7696,-31,119,48
10947,IMU,161,-60,2132,-7832,-14,123,36
10967,IMU,162,-36,2152,-7788,-9,138,36
10986,IMU,163,24,2204,-7760,-45,127,36
11005,IMU,164,-136,2208,-7816,-37,120,7
11025,IMU,165,-84,2076,-7864,-32,114,22
11044,IMU,166,28,2172,-7804,-38,133,31
11063,IMU,167,4,2248,-7880,-31,136,48
11082,IMU,168,-32,2136,-7784,-31,138,38
11101,IMU,169,-72,2224,-7780,-19,109,44
11120,IMU,170,16,2284,-7884,-19,129,31
11139,IMU,171,-52,2236,-7824,-35,112,24
11158,IMU,172,-16,2116,-7820,-22,131,54
11178,IMU,173,-36,2100,-7748,-32,142,45
11197,IMU,174,-60,1996,-7820,-11,108,43
11216,IMU,175,28,2132,-7776,-25,132,38
11235,IMU,176,-76,2192,-7868,-18,126,32
11257,IMU,177,56,2108,-7880,-22,143,37
11274,IMU,178,-56,2104,-7800,-21,116,37
11293,IMU,179,-112,2164,-7824,-30,127,40
11312,IMU,180,-52,2108,-7860,-25,129,32
11331,IMU,181,-76,2248,-7800,-19,114,45
11351,IMU,182,8,2144,-7880,-16,116,21
11370,IMU,183,-4,2072,-7900,-21,123,24
11389,IMU,184,-48,2132,-7884,-17,115,42
11408,IMU,185,0,2196,-7812,-40,125,24
11427,IMU,186,-16,2068,-7836,-30,116,33
11447,IMU,187,-52,2096,-7736,-22,121,50
11466,IMU,188,-100,2220,-7828,-25,109,36
11485,IMU,189,-128,2136,-7904,-11,119,41
11504,IMU,190,4,2188,-7816,-18,124,53
11523,IMU,191,72,2204,-7740,-31,127,36
11543,IMU,192,-48,2176,-7752,-17,130,23
11562,IMU,193,-56,2132,-7852,-17,135,37
11581,IMU,194,-32,2120,-7808,-37,104,36
11600,IMU,195,-44,2184,-7736,-38,120,37
11620,IMU,196,48,2252,-7832,-25,113,28
11639,IMU,197,56,2136,-7868,-17,132,10
11658,IMU,198,-88,2216,-7888,-35,124,30
11677,IMU,199,-24,2244,-7780,-21,115,44
11698,IMU,200,-12,2156,-7820,-12,128,44
11716,IMU,201,-56,2200,-7816,-19,138,54
11735,IMU,202,20,2108,-7912,-16,118,13
11754,IMU,203,-4,2152,-7844,-28,120,30
11775,IMU,204,-32,2160,-7776,-36,115,24
11792,IMU,205,-96,2148,-7884,-27,124,37
11812,IMU,206,-32,2244,-7824,-11,120,42
11831,IMU,207,-124,2060,-7824,-22,121,42
7863,PPG,0,3477,2804,0,0,0,0
7942,PPG,1,3473,2792,0,0,0,0
8021,PPG,2,3473,2788,0,0,0,0
8101,PPG,3,3474,2784,0,0,0,0
8181,PPG,4,3472,2784,0,0,0,0
8265,PPG,5,3473,2782,0,0,0,0
8342,PPG,6,3469,2792,0,0,0,0
8420,PPG,7,3477,2783,0,0,0,0
8499,PPG,8,3468,2783,0,0,0,0
8579,PPG,9,3470,2793,0,0,0,0
8659,PPG,10,3476,2790,0,0,0,0
8742,PPG,11,3482,2794,0,0,0,0
8821,PPG,12,3470,2791,0,0,0,0
8898,PPG,13,3478,2786,0,0,0,0
9923,PPG,14,3475,2785,0,0,0,0
9923,PPG,15,3479,2785,0,0,0,0
9923,PPG,16,3477,2788,0,0,0,0
9923,PPG,17,3467,2787,0,0,0,0
9923,PPG,18,3478,2792,0,0,0,0
9923,PPG,19,3458,2787,0,0,0,0
9924,PPG,20,3479,2788,0,0,0,0
9924,PPG,21,3472,2784,0,0,0,0
9964,PPG,22,3468,2783,0,0,0,0
9964,PPG,23,3476,2783,0,0,0,0
9964,PPG,24,3473,2790,0,0,0,0
9964,PPG,25,3468,2782,0,0,0,0
9964,PPG,26,3480,2774,0,0,0,0
10015,PPG,27,3477,2787,0,0,0,0
10094,PPG,28,3480,2789,0,0,0,0
10211,PPG,29,3474,2792,0,0,0,0
10257,PPG,30,3484,2786,0,0,0,0
10335,PPG,31,3469,2785,0,0,0,0
10413,PPG,32,3471,2787,0,0,0,0
10493,PPG,33,3477,2791,0,0,0,0
10573,PPG,34,3463,2796,0,0,0,0
10653,PPG,35,3470,2784,0,0,0,0
10736,PPG,36,3474,2785,0,0,0,0
10823,PPG,37,3468,2783,0,0,0,0
10892,PPG,38,3472,2787,0,0,0,0
10972,PPG,39,3474,2797,0,0,0,0
11052,PPG,40,3475,2789,0,0,0,0
11132,PPG,41,3468,2782,0,0,0,0
11212,PPG,42,3469,2787,0,0,0,0
11295,PPG,43,3478,2793,0,0,0,0
11372,PPG,44,3469,2788,0,0,0,0
11451,PPG,45,3472,2771,0,0,0,0
11531,PPG,46,3470,2777,0,0,0,0
11611,PPG,47,3480,2787,0,0,0,0
11698,PPG,48,3473,2786,0,0,0,0
11775,PPG,49,3476,2780,0,0,0,0
11855,PPG,50,3475,2786,0,0,0,0
11932,PPG,51,3464,2789,0,0,0,0
12011,PPG,52,3476,2785,0,0,0,0
12091,PPG,53,3474,2788,0,0,0,0
12171,PPG,54,3478,2779,0,0,0,0
12254,PPG,55,3481,2783,0,0,0,0
12332,PPG,56,3476,2792,0,0,0,0
12410,PPG,57,3472,2782,0,0,0,0
12490,PPG,58,3469,2778,0,0,0,0
12572,PPG,59,3475,2782,0,0,0,0
12650,PPG,60,3474,2797,0,0,0,0
12730,PPG,61,3468,2790,0,0,0,0
12813,PPG,62,3479,2787,0,0,0,0
12890,PPG,63,3479,2784,0,0,0,0
12970,PPG,64,3475,2787,0,0,0,0
13050,PPG,65,3471,2794,0,0,0,0
13130,PPG,66,3485,2778,0,0,0,0
13209,PPG,67,3468,2794,0,0,0,0
13293,PPG,68,3461,2779,0,0,0,0
13369,PPG,69,3473,2786,0,0,0,0
13449,PPG,70,3476,2785,0,0,0,0
13529,PPG,71,3478,2787,0,0,0,0
13609,PPG,72,3475,2790,0,0,0,0
13689,PPG,73,3475,2782,0,0,0,0
13772,PPG,74,3471,2797,0,0,0,0
13850,PPG,75,3479,2788,0,0,0,0
13928,PPG,76,3477,2788,0,0,0,0
14008,PPG,77,3464,2801,0,0,0,0
14100,PPG,78,3470,2794,0,0,0,0
14168,PPG,79,3473,2783,0,0,0,0
14252,PPG,80,3477,2793,0,0,0,0
14334,PPG,81,3472,2788,0,0,0,0
14408,PPG,82,3474,2784,0,0,0,0
14488,PPG,83,3474,2795,0,0,0,0
14567,PPG,84,3469,2786,0,0,0,0
14647,PPG,85,3476,2780,0,0,0,0
14727,PPG,86,3472,2782,0,0,0,0
14810,PPG,87,3475,2784,0,0,0,0
14887,PPG,88,3470,2790,0,0,0,0
14972,PPG,89,3467,2787,0,0,0,0
15047,PPG,90,3476,2781,0,0,0,0
15127,PPG,91,3483,2790,0,0,0,0
15207,PPG,92,3477,2792,0,0,0,0
15290,PPG,93,3480,2784,0,0,0,0
15367,PPG,94,3481,2794,0,0,0,0
15447,PPG,95,3474,2791,0,0,0,0
15526,PPG,96,3464,2787,0,0,0,0
15606,PPG,97,3479,2776,0,0,0,0
15686,PPG,98,3472,2796,0,0,0,0
15770,PPG,99,3485,2785,0,0,0,0
11850,IMU,208,-8,2124,-7824,-31,119,50
11869,IMU,209,-48,2268,-7836,-16,118,35
11888,IMU,210,-24,2080,-7800,-11,140,28
11911,IMU,211,-52,2156,-7932,-15,118,42
11927,IMU,212,40,2216,-7908,-13,145,34
11946,IMU,213,-148,2072,-7784,-28,127,44
11965,IMU,214,-48,2184,-7880,-44,126,46
11985,IMU,215,-32,2056,-7864,-11,138,29
12004,IMU,216,-16,2144,-7776,-17,130,27
12023,IMU,217,-84,2200,-7724,-16,130,42
12042,IMU,218,-24,2172,-7732,-21,125,29
12061,IMU,219,-20,2136,-7848,-13,120,32
12081,IMU,220,-92,2188,-7852,-29,125,40
12100,IMU,221,88,2256,-7892,-23,124,32
12119,IMU,222,4,2132,-7796,-31,136,27
12139,IMU,223,-84,2160,-7764,-39,107,42
12157,IMU,224,-128,2260,-7800,-31,123,26
12177,IMU,225,-84,2192,-7856,-28,122,28
12196,IMU,226,-28,2120,-7828,-21,118,17
12215,IMU,227,16,2132,-7764,-38,111,50
12234,IMU,228,-40,2156,-7864,-25,99,35
12254,IMU,229,-132,2112,-7732,-28,132,27
12272,IMU,230,-112,2116,-7852,-31,117,53
12292,IMU,231,12,2300,-7768,-21,130,47
12311,IMU,232,-20,2144,-7836,-12,123,26
12330,IMU,233,44,2264,-7916,-5,125,26
12350,IMU,234,-112,2156,-7832,-10,126,42
12369,IMU,235,32,2256,-7848,-30,112,29
12388,IMU,236,-60,2208,-7800,-37,109,49
12407,IMU,237,-44,2156,-7816,-2,118,13
12426,IMU,238,-40,2220,-7880,-28,119,23
12445,IMU,239,52,2084,-7760,-27,125,40
12465,IMU,240,40,2144,-7844,-19,108,19
12484,IMU,241,-76,2172,-7912,-29,115,26
12503,IMU,242,-132,2264,-7812,-30,127,41
12522,IMU,243,-148,2228,-7808,-23,137,41
12541,IMU,244,-72,2168,-7856,-35,126,30
12563,IMU,245,-52,2200,-7720,-17,116,51
12580,IMU,246,-20,2140,-7796,-25,119,17
12599,IMU,247,-100,2176,-7824,-12,130,29
12618,IMU,248,-48,2276,-7836,-16,129,35
12637,IMU,249,-16,2064,-7820,-28,122,21
12657,IMU,250,-56,2160,-7808,-15,127,22
12676,IMU,251,-68,2132,-7788,-16,122,43
12695,IMU,252,-32,2260,-7788,-43,124,54
12714,IMU,253,-76,2156,-7772,-19,120,52
12734,IMU,254,-8,2140,-7880,-22,114,30
12753,IMU,255,-32,2168,-7736,-23,136,46
12772,IMU,256,-112,2168,-7756,-45,126,34
12791,IMU,257,-152,2132,-7836,-12,132,26
12810,IMU,258,8,2144,-7800,-36,122,37
12830,IMU,259,88,2116,-7764,-37,108,43
12849,IMU,260,-24,2124,-7804,-9,132,38
12868,IMU,261,-28,2232,-7816,-8,122,32
12887,IMU,262,-4,2160,-7836,-20,130,36
12906,IMU,263,76,2184,-7816,-41,126,44
12926,IMU,264,-56,2156,-7784,-31,120,28
12945,IMU,265,-104,2172,-7800,-25,121,33
12964,IMU,266,56,2104,-7868,-14,130,20
12983,IMU,267,-36,2156,-7820,1,126,31
13004,IMU,268,-56,2156,-7876,-19,130,41
13022,IMU,269,28,2040,-7872,-21,127,31
13041,IMU,270,-148,2028,-7824,-6,131,30
13060,IMU,271,-32,2120,-7844,-24,123,23
13079,IMU,272,-28,2188,-7820,-30,114,25
13099,IMU,273,-60,2060,-7948,-11,130,39
13118,IMU,274,-8,2112,-7864,-27,135,31
13137,IMU,275,48,2252,-7944,-29,137,39
13156,IMU,276,-164,2140,-7784,-5,109,35
13175,IMU,277,-12,2280,-7800,-34,119,46
13195,IMU,278,28,2116,-7916,-21,113,31
13215,IMU,279,68,2132,-7880,-24,116,30
13233,IMU,280,-32,2316,-7840,-38,121,38
13252,IMU,281,-44,2108,-7816,-20,127,44
13272,IMU,282,-64,2188,-7820,-42,124,26
13290,IMU,283,-84,2036,-7832,-28,132,37
13310,IMU,284,-12,2172,-7780,-10,130,34
13329,IMU,285,24,2224,-7744,-16,127,31
13348,IMU,286,-128,2184,-7816,-27,127,37
13367,IMU,287,-72,2180,-7840,-14,119,45
13386,IMU,288,-132,2184,-7748,-23,121,54
13406,IMU,289,-40,2160,-7744,-26,133,60
13425,IMU,290,12,2120,-7820,-24,127,54
13444,IMU,291,-80,2124,-7880,-18,122,28
13463,IMU,292,12,2144,-7844,-24,122,24
13483,IMU,293,-72,2228,-7740,-16,123,44
13502,IMU,294,-16,2232,-7780,-27,115,42
13521,IMU,295,-64,2228,-7844,-10,127,62
13540,IMU,296,-92,2100,-7812,-30,123,14
13559,IMU,297,-80,2048,-7860,-16,125,39
13579,IMU,298,-76,2244,-7780,-26,125,23
13598,IMU,299,-60,2168,-7868,-11,130,40
13617,IMU,300,-32,2240,-7780,-18,120,49
13636,IMU,301,-60,2264,-7816,-7,131,28
13659,IMU,302,44,2192,-7832,-11,116,35
13675,IMU,303,-100,2176,-7884,-12,129,31
13694,IMU,304,-120,2200,-7788,-27,124,40
13713,IMU,305,-64,2216,-7840,-13,124,43
13732,IMU,306,-48,2152,-7816,-3,123,47
13752,IMU,307,-64,2180,-7812,-14,117,46
13772,IMU,308,-68,2160,-7824,-47,132,48
13790,IMU,309,-80,2168,-7772,-13,132,43
13809,IMU,310,-28,2136,-7808,-6,122,20
13828,IMU,311,28,2188,-8068,-40,146,34
13848,IMU,312,16,2152,-7764,-6,129,36
13867,IMU,313,-72,2116,-7844,-39,126,39
13886,IMU,314,-72,2180,-7796,-56,120,35
13905,IMU,315,48,2148,-7740,-17,133,54
13924,IMU,316,-88,2256,-7864,-37,126,19
13944,IMU,317,-60,2104,-7868,-21,132,35
13963,IMU,318,-8,2220,-7780,-8,128,23
13982,IMU,319,-20,2180,-7852,-22,124,22
14001,IMU,320,-68,2284,-7824,-28,127,22
14021,IMU,321,-32,2128,-7772,-21,132,38
14040,IMU,322,32,2092,-7828,-27,122,32
14059,IMU,323,-116,2204,-7904,-25,116,39
14078,IMU,324,-56,2228,-7744,-36,121,50
14100,IMU,325,-80,2172,-7884,-31,117,33
14117,IMU,326,-100,2164,-7892,-31,129,41
14136,IMU,327,-56,2208,-7868,-15,124,41
14155,IMU,328,-32,2072,-7884,-20,127,39
14174,IMU,329,-56,2132,-7864,-18,113,29
14193,IMU,330,60,2164,-7872,-9,112,18
14213,IMU,331,-36,2064,-7832,-29,117,20
14232,IMU,332,-20,2096,-7808,-12,137,23
14252,IMU,333,-20,2100,-7792,-36,121,39
14270,IMU,334,-120,2168,-7816,-34,108,56
14289,IMU,335,-104,2156,-7816,-11,123,45
14312,IMU,336,-4,2144,-7868,-38,115,36
14331,IMU,337,-68,2136,-7776,-11,116,39
14348,IMU,338,-100,2176,-7804,-6,110,19
14366,IMU,339,-96,2244,-7764,-34,126,33
14386,IMU,340,68,2108,-7852,-16,116,48
14405,IMU,341,-80,2164,-7812,-37,133,38
14424,IMU,342,-4,2180,-7824,-22,109,35
14443,IMU,343,-24,2184,-7860,-23,120,32
14462,IMU,344,-24,2104,-7804,-29,126,30
14481,IMU,345,-4,2180,-7868,-38,132,40
14501,IMU,346,-120,2232,-7832,-21,118,15
14520,IMU,347,-8,2136,-7740,-30,118,29
14539,IMU,348,92,2180,-7872,-3,127,25
14558,IMU,349,-68,2192,-7884,1,119,54
14577,IMU,350,-104,2132,-7772,-14,110,34
14597,IMU,351,-28,2176,-7748,-18,137,24
14616,IMU,352,-64,2108,-7740,-40,126,30
14635,IMU,353,-104,2224,-7836,-16,120,25
14654,IMU,354,20,2092,-7800,-29,127,37
14673,IMU,355,-40,2176,-7812,-41,115,44
14693,IMU,356,-112,2104,-7832,-23,118,26
14712,IMU,357,44,2176,-7768,-10,126,44
14731,IMU,358,-16,2104,-7768,0,130,55
14753,IMU,359,-104,2100,-7840,-15,121,28
14770,IMU,360,-44,2008,-7892,-23,137,46
14789,IMU,361,56,2208,-7868,-35,116,39
14808,IMU,362,-52,2120,-7836,-17,108,31
14827,IMU,363,-44,2080,-7836,-29,112,13
14846,IMU,364,-180,2212,-7768,-36,126,29
14866,IMU,365,-12,2124,-7884,-18,120,18
14885,IMU,366,-156,2208,-7768,-16,114,27
14904,IMU,367,-96,2072,-7784,-35,122,33
14923,IMU,368,-60,2276,-7808,-35,126,33
14942,IMU,369,-84,2080,-7792,-12,126,39
14963,IMU,370,-116,2096,-7812,-15,125,49
14981,IMU,371,-36,2056,-7836,-8,124,40
15000,IMU,372,4,2180,-7748,-22,123,34
15019,IMU,373,16,2144,-7828,-32,118,29
15039,IMU,374,32,2172,-7840,-8,120,33
15058,IMU,375,100,2140,-7892,-34,130,46
15077,IMU,376,-68,2176,-7840,-42,116,23
15096,IMU,377,-84,2156,-7880,-16,112,47
15115,IMU,378,-60,2136,-7860,-15,129,30
15135,IMU,379,-48,2224,-7780,-6,116,36
15154,IMU,380,20,2224,-7752,-31,121,30
15173,IMU,381,-16,2192,-7888,-21,132,49
15193,IMU,382,-12,2204,-7808,-31,148,33
15211,IMU,383,-12,2192,-7844,-27,127,42
15231,IMU,384,4,2140,-7820,-8,124,31
15250,IMU,385,-40,2160,-7872,-10,132,28
15269,IMU,386,-60,2092,-7808,-11,113,38
15290,IMU,387,-52,2260,-7860,-11,131,41
15308,IMU,388,-16,2088,-7836,-11,127,40
15327,IMU,389,28,2120,-7868,-36,129,48
15346,IMU,390,-180,2156,-7788,-22,142,22
15365,IMU,391,-16,2144,-7808,-18,113,59
15384,IMU,392,20,2160,-7840,-33,118,43
15407,IMU,393,-80,2120,-7832,-9,136,26
15423,IMU,394,16,2108,-7788,-31,132,35
15442,IMU,395,-136,2156,-7868,-8,126,23
15462,IMU,396,-16,2188,-7780,-33,118,30
15480,IMU,397,0,2068,-7848,-14,107,41
15500,IMU,398,-60,2176,-7824,-32,120,41
15519,IMU,399,-148,2128,-7736,-23,133,39
15538,IMU,400,-72,2188,-7920,-29,124,40
15557,IMU,401,-48,2232,-7812,-27,118,31
15576,IMU,402,24,2144,-7848,-30,124,31
15596,IMU,403,44,2160,-7852,-25,111,34
15615,IMU,404,-108,2120,-7812,-28,122,43
15634,IMU,405,-8,2080,-7800,-9,139,45
15653,IMU,406,-56,2144,-7828,-32,118,47
15672,IMU,407,24,2116,-7840,-29,107,16
15692,IMU,408,-160,2208,-7808,-17,107,26
15711,IMU,409,12,2096,-7848,-17,118,38
15730,IMU,410,-28,2152,-7780,-34,132,52
15749,IMU,411,4,2232,-7768,-16,124,29
15770,IMU,412,-96,2120,-7820,-48,135,40
15788,IMU,413,-24,2136,-7904,-1,127,48
15807,IMU,414,48,2184,-7848,-19,132,34
15826,IMU,415,-60,2188,-7796,-19,123,55
15845,IMU,416,-48,2204,-7728,-24,117,33
15864,IMU,417,-140,2148,-7824,-19,130,41
15884,IMU,418,-8,2100,-7824,-16,118,42
15903,IMU,419,-24,2132,-7872,-30,136,49
15922,IMU,420,-96,2196,-7776,-14,116,37
15941,IMU,421,-20,2184,-7804,-30,112,33
15961,IMU,422,-32,2100,-7848,-16,120,17
15980,IMU,423,-12,2120,-7824,-44,121,29
15999,IMU,424,-24,2160,-7712,-12,123,49
16018,IMU,425,-12,2092,-7840,-12,122,46
16037,IMU,426,48,2152,-7824,-18,118,49
16060,IMU,427,20,2176,-7760,-13,121,37
16076,IMU,428,0,2260,-7800,-18,125,31
16095,IMU,429,28,2108,-7804,-14,142,51
16114,IMU,430,0,2208,-7840,-14,114,24
16133,IMU,431,20,2208,-7872,-21,124,26
16153,IMU,432,-4,2172,-7880,-18,103,40
16172,IMU,433,-92,2116,-7832,-21,104,27
16191,IMU,434,-4,2144,-7800,-6,127,42
16210,IMU,435,12,2172,-7868,-31,130,47
16230,IMU,436,16,2104,-7844,-17,130,36
16249,IMU,437,-8,2148,-7860,-15,117,16
16268,IMU,438,-60,2180,-7864,-30,130,30
16287,IMU,439,-8,2172,-7812,-29,136,35
16306,IMU,440,-84,2180,-7800,-21,123,33
16326,IMU,441,-80,2232,-7776,-19,118,33
16345,IMU,442,-52,2116,-7828,-35,124,41
16364,IMU,443,-12,2076,-7912,-43,130,41
16383,IMU,444,-72,2136,-7860,-32,126,48
16402,IMU,445,-44,2168,-7820,-23,104,30
16422,IMU,446,-64,2152,-7840,-23,116,29
16441,IMU,447,24,2160,-7816,-21,123,16
16460,IMU,448,-56,2132,-7828,-11,119,40
16479,IMU,449,48,2124,-7788,-19,133,44
16500,IMU,450,28,2120,-7824,-3,110,53
16518,IMU,451,-28,2116,-7888,-27,129,46
16537,IMU,452,-124,2224,-7848,-25,126,26
16556,IMU,453,-100,2236,-7800,-16,139,25
16576,IMU,454,16,2132,-7820,-18,132,51
16594,IMU,455,-80,2088,-7816,-30,140,50
16614,IMU,456,20,2144,-7760,-34,116,31
16633,IMU,457,24,2200,-7840,-43,115,25
16652,IMU,458,-72,2180,-7856,-11,120,28
16671,IMU,459,-40,2112,-7748,-12,120,48
16690,IMU,460,-68,2180,-7788,-22,124,39
16710,IMU,461,-32,2180,-7812,-30,134,40
16729,IMU,462,-76,2152,-7776,-22,115,35
16748,IMU,463,-56,2108,-7824,-40,127,20
16767,IMU,464,-16,2184,-7876,-18,112,43
16786,IMU,465,28,2068,-7832,-35,114,49
16806,IMU,466,-60,2064,-7864,-29,126,29
16825,IMU,467,-60,2204,-7828,-32,110,32
16844,IMU,468,-12,2216,-7828,-20,131,50
16863,IMU,469,-124,2136,-7840,-6,124,31
16882,IMU,470,-52,2180,-7772,-21,116,27
16902,IMU,471,24,2140,-7752,-30,114,34
16921,IMU,472,92,2236,-7840,-14,114,31
16941,IMU,473,-28,2232,-7828,-1,113,18
16959,IMU,474,-112,2168,-7844,-30,129,26
16978,IMU,475,28,2200,-7796,-35,120,37
16998,IMU,476,12,2120,-7848,-41,131,35
17017,IMU,477,-84,2124,-7860,-35,134,33
17036,IMU,478,-216,2080,-7796,-15,122,29
17055,IMU,479,-12,2212,-7780,-9,107,21
17075,IMU,480,-72,2120,-7804,-29,120,28
17094,IMU,481,-36,2120,-7900,-22,125,31
17113,IMU,482,-52,2132,-7740,-7,116,24
17132,IMU,483,-24,2184,-7812,-19,133,26
17155,IMU,484,-72,2156,-7796,-10,142,45
17171,IMU,485,0,2208,-7856,-16,126,17
17190,IMU,486,-152,2164,-7892,-23,120,40
17209,IMU,487,24,2176,-7856,-12,118,40
17228,IMU,488,-52,2076,-7820,-30,120,35
17247,IMU,489,-84,2184,-7772,-20,125,46
17267,IMU,490,-80,2188,-7800,-8,144,20
17288,IMU,491,-92,2128,-7804,-24,114,51
17305,IMU,492,-76,2100,-7776,-31,130,37
17324,IMU,493,-24,2156,-7732,-27,126,30
17344,IMU,494,-164,2184,-7828,-16,119,59
17363,IMU,495,104,2072,-7788,-44,122,49
17382,IMU,496,-100,2072,-7828,-37,110,39
17401,IMU,497,20,2184,-7780,-21,112,31
17420,IMU,498,20,2196,-7832,-29,130,28
17440,IMU,499,4,2132,-7900,-29,122,23
17459,IMU,500,-20,2128,-7812,-27,121,30
17478,IMU,501,-16,2200,-7804,-6,127,22
17497,IMU,502,32,2092,-7824,-16,117,30
17516,IMU,503,-104,2156,-7788,-35,118,43
17536,IMU,504,-44,2104,-7828,-15,119,46
17555,IMU,505,-68,2204,-7904,-9,119,31
17574,IMU,506,-12,2088,-7900,-9,143,34
17594,IMU,507,-44,2272,-7856,-10,130,29
17612,IMU,508,-28,2216,-7780,-41,111,20
17632,IMU,509,-168,2172,-7808,-22,123,39
17655,IMU,510,-72,2060,-7828,-16,124,0
17670,IMU,511,-28,2208,-7904,-7,108,26
17690,IMU,512,-44,2128,-7708,-29,139,31
17709,IMU,513,-60,2248,-7812,-23,121,45
17728,IMU,514,-108,2132,-7820,-9,133,53
17747,IMU,515,-16,2132,-7836,-29,127,31
17767,IMU,516,-68,2108,-7760,-37,122,54
17785,IMU,517,8,2176,-7820,-8,107,21
17808,IMU,518,20,2124,-7852,-13,133,16
17824,IMU,519,-28,2112,-7756,-39,123,41
17843,IMU,520,-44,2184,-7876,-15,113,35
17862,IMU,521,-72,2180,-7760,-2,130,30
17881,IMU,522,-64,2248,-7764,-14,139,39
17900,IMU,523,-24,2116,-7832,-21,127,58
17920,IMU,524,48,2168,-7868,-18,137,18
17939,IMU,525,-8,2132,-7808,-22,114,31
17958,IMU,526,-68,2136,-7852,-17,124,43
17977,IMU,527,-64,2160,-7804,-43,124,39
17996,IMU,528,48,2152,-7848,-29,136,28
18016,IMU,529,-52,2120,-7800,-27,134,39
18035,IMU,530,-72,2280,-7792,-34,116,24
18054,IMU,531,-88,2068,-7804,-24,138,30
18073,IMU,532,16,2228,-7864,-35,130,32
18093,IMU,533,36,2168,-7820,-18,135,27
18112,IMU,534,-12,2204,-7848,-24,125,39
18131,IMU,535,36,2096,-7908,-30,126,56
18150,IMU,536,-24,1968,-7776,-15,139,42
18169,IMU,537,-80,2132,-7856,2,120,50
18189,IMU,538,-112,2088,-7920,-20,121,38
18208,IMU,539,-80,2188,-7856,-17,133,49
18227,IMU,540,-108,2228,-7828,-23,116,55
18247,IMU,541,-8,2048,-7780,-31,123,33
18265,IMU,542,-36,2204,-7880,-10,111,50
18285,IMU,543,-140,2148,-7756,-50,143,31
18304,IMU,544,-108,2160,-7860,-23,130,33
18323,IMU,545,56,2120,-7808,-19,123,30
18342,IMU,546,-32,2196,-7844,-12,133,19
18361,IMU,547,-4,2208,-7840,-37,122,44
18381,IMU,548,8,2156,-7776,-15,119,39
18400,IMU,549,-92,2104,-7856,-36,133,39
18419,IMU,550,-52,2120,-7820,-22,125,32
18438,IMU,551,-76,2052,-7776,-18,132,33
18460,IMU,552,-76,2112,-7704,-32,105,40
18477,IMU,553,4,2128,-7864,-15,111,48
18496,IMU,554,-20,2064,-7764,-13,118,31
18515,IMU,555,-144,2196,-7792,-32,126,40
18534,IMU,556,-56,2208,-7880,-17,116,52
18554,IMU,557,-100,2228,-7756,-34,125,35
18573,IMU,558,-116,2260,-7776,-29,115,45
18592,IMU,559,-68,2128,-7816,-38,131,31
18611,IMU,560,-44,2112,-7776,-16,131,36
18630,IMU,561,-48,2164,-7876,-21,128,32
18650,IMU,562,-120,2168,-7824,-31,122,31
18669,IMU,563,-56,2188,-7736,-35,120,38
18688,IMU,564,8,2156,-7820,-35,127,26
18707,IMU,565,84,2100,-7784,-24,126,44
18727,IMU,566,-60,2220,-7856,-29,126,44
18746,IMU,567,8,2256,-7832,-30,130,27
18765,IMU,568,-72,2136,-7848,-22,143,36
18784,IMU,569,120,2132,-7840,-10,138,52
18803,IMU,570,-72,2096,-7860,-13,114,20
18823,IMU,571,-60,2132,-7892,-18,131,35
18842,IMU,572,-76,2152,-7848,-37,126,23
18861,IMU,573,-60,2144,-7812,-18,118,33
18880,IMU,574,16,2144,-7800,-27,117,36
18902,IMU,575,-84,2156,-7964,0,131,24
18918,IMU,576,-112,2064,-7824,-11,133,38
18938,IMU,577,-84,2160,-7812,-16,124,13
18957,IMU,578,-64,2200,-7800,-19,124,34
18976,IMU,579,-140,2236,-7892,-9,126,41
18995,IMU,580,-72,2140,-7812,-24,107,40
19014,IMU,581,-16,2040,-7876,-36,133,23
19034,IMU,582,-36,2068,-7732,-29,102,40
19053,IMU,583,-64,2180,-7836,-3,127,40
19072,IMU,584,-16,2208,-7792,-36,125,19
19091,IMU,585,-4,2272,-7848,-31,127,36
19110,IMU,586,-40,2192,-7824,-27,153,28
19130,IMU,587,-132,2088,-7764,-18,132,48
19149,IMU,588,24,2184,-7752,-17,127,40
19168,IMU,589,-76,2056,-7820,-28,109,36
19187,IMU,590,-16,2344,-7712,-6,113,40
19207,IMU,591,-36,2036,-7900,-24,124,26
19226,IMU,592,-96,2180,-7744,-16,119,39
19245,IMU,593,-20,2216,-7752,-15,143,29
19264,IMU,594,-84,2184,-7856,-40,126,37
19285,IMU,595,28,2096,-7808,-10,133,26
19303,IMU,596,0,2232,-7764,-22,119,24
19322,IMU,597,-48,2180,-7860,-25,119,40
19343,IMU,598,-96,2220,-7868,-45,124,24
19360,IMU,599,-108,2208,-7928,-10,119,34
19379,IMU,600,-96,2192,-7736,-23,123,51
19399,IMU,601,-20,2136,-7800,-38,135,42
19418,IMU,602,4,2164,-7848,-12,118,23
19437,IMU,603,-140,2096,-7828,-16,127,33
19456,IMU,604,-52,2136,-7756,-32,142,45
19475,IMU,605,-88,2156,-7876,-16,125,37
19495,IMU,606,36,2220,-7784,-32,126,35
19514,IMU,607,-40,2212,-7868,-23,130,29
19533,IMU,608,-144,2260,-7856,-31,132,39
19556,IMU,609,-104,2208,-7784,-22,120,46
19572,IMU,610,-72,2236,-7772,-37,135,44
19591,IMU,611,-96,2176,-7848,-44,99,40
19610,IMU,612,-72,2116,-7876,-16,133,42
19629,IMU,613,36,2180,-7808,-9,124,29
19648,IMU,614,56,2276,-7864,-11,136,21
19668,IMU,615,-48,2080,-7836,-21,118,40
19687,IMU,616,-76,2112,-7764,-25,136,43
19706,IMU,617,0,2256,-7880,-10,129,40
19725,IMU,618,-32,2192,-7872,-19,126,34
19744,IMU,619,-108,2272,-7884,-21,124,44
19765,IMU,620,-56,2276,-7864,-33,116,26
19783,IMU,621,-84,2236,-7832,-31,136,20
19802,IMU,622,-72,2152,-7848,1,122,36
19821,IMU,623,-88,2064,-7768,-23,117,35
15850,PPG,100,3469,2788,0,0,0,0
15926,PPG,101,3464,2790,0,0,0,0
16006,PPG,102,3482,2790,0,0,0,0
16086,PPG,103,3474,2783,0,0,0,0
16166,PPG,104,3473,2781,0,0,0,0
16249,PPG,105,3472,2788,0,0,0,0
16328,PPG,106,3474,2787,0,0,0,0
16405,PPG,107,3488,2786,0,0,0,0
16485,PPG,108,3464,2781,0,0,0,0
16565,PPG,109,3474,2779,0,0,0,0
16645,PPG,110,3476,2786,0,0,0,0
16725,PPG,111,3485,2789,0,0,0,0
16808,PPG,112,3474,2787,0,0,0,0
16885,PPG,113,3466,2788,0,0,0,0
16964,PPG,114,3480,2789,0,0,0,0
17044,PPG,115,3468,2785,0,0,0,0
17124,PPG,116,3470,2786,0,0,0,0
17204,PPG,117,3477,2783,0,0,0,0
17288,PPG,118,3472,2784,0,0,0,0
17373,PPG,119,3469,2788,0,0,0,0
17444,PPG,120,3475,2794,0,0,0,0
17524,PPG,121,3471,2783,0,0,0,0
17604,PPG,122,3470,2785,0,0,0,0
17684,PPG,123,3478,2781,0,0,0,0
17767,PPG,124,3471,2791,0,0,0,0
17845,PPG,125,3476,2785,0,0,0,0
17923,PPG,126,3463,2783,0,0,0,0
18003,PPG,127,3470,2786,0,0,0,0
18083,PPG,128,3474,2788,0,0,0,0
18163,PPG,129,3474,2787,0,0,0,0
18250,PPG,130,3473,2780,0,0,0,0
18325,PPG,131,3466,2780,0,0,0,0
18403,PPG,132,3476,2783,0,0,0,0
18483,PPG,133,3471,2782,0,0,0,0
18563,PPG,134,3467,2786,0,0,0,0
18642,PPG,135,3478,2788,0,0,0,0
18722,PPG,136,3466,2780,0,0,0,0
18806,PPG,137,3466,2792,0,0,0,0
18882,PPG,138,3471,2797,0,0,0,0
18962,PPG,139,3475,2781,0,0,0,0
19042,PPG,140,3477,2793,0,0,0,0
19123,PPG,141,3476,2788,0,0,0,0
19202,PPG,142,3470,2791,0,0,0,0
19285,PPG,143,3474,2786,0,0,0,0
19362,PPG,144,3469,2787,0,0,0,0
19441,PPG,145,3470,2787,0,0,0,0
19521,PPG,146,3467,2788,0,0,0,0
19601,PPG,147,3467,2785,0,0,0,0
19681,PPG,148,3476,2787,0,0,0,0
19765,PPG,149,3473,2787,0,0,0,0
19844,PPG,150,3477,2783,0,0,0,0
19921,PPG,151,3477,2779,0,0,0,0
20001,PPG,152,3468,2792,0,0,0,0
20080,PPG,153,3468,2778,0,0,0,0
20160,PPG,154,3475,2780,0,0,0,0
20244,PPG,155,3470,2782,0,0,0,0
20323,PPG,156,3464,2778,0,0,0,0
20400,PPG,157,3478,2780,0,0,0,0
20480,PPG,158,3470,2788,0,0,0,0
20560,PPG,159,3466,2784,0,0,0,0
20640,PPG,160,3468,2775,0,0,0,0
20720,PPG,161,3464,2777,0,0,0,0
20803,PPG,162,3457,2771,0,0,0,0
20880,PPG,163,3470,2778,0,0,0,0
20959,PPG,164,3465,2778,0,0,0,0
21039,PPG,165,3466,2787,0,0,0,0
21119,PPG,166,3470,2793,0,0,0,0
21199,PPG,167,3474,2791,0,0,0,0
21282,PPG,168,3471,2786,0,0,0,0
21360,PPG,169,3470,2796,0,0,0,0
21439,PPG,170,3465,2800,0,0,0,0
21533,PPG,171,3478,2789,0,0,0,0
21598,PPG,172,3471,2792,0,0,0,0
21678,PPG,173,3465,2785,0,0,0,0
21762,PPG,174,3477,2793,0,0,0,0
21840,PPG,175,3476,2784,0,0,0,0
21918,PPG,176,3488,2781,0,0,0,0
21998,PPG,177,3475,2788,0,0,0,0
22081,PPG,178,3478,2802,0,0,0,0
22158,PPG,179,3477,2790,0,0,0,0
22238,PPG,180,3474,2803,0,0,0,0
22320,PPG,181,3468,2796,0,0,0,0
22401,PPG,182,3470,2796,0,0,0,0
22477,PPG,183,3477,2792,0,0,0,0
22557,PPG,184,3473,2802,0,0,0,0
22637,PPG,185,3475,2792,0,0,0,0
22717,PPG,186,3485,2779,0,0,0,0
22801,PPG,187,3472,2797,0,0,0,0
22877,PPG,188,3481,2788,0,0,0,0
22957,PPG,189,3490,2792,0,0,0,0
23037,PPG,190,3481,2787,0,0,0,0
23117,PPG,191,3473,2788,0,0,0,0
23197,PPG,192,3482,2794,0,0,0,0
23280,PPG,193,3476,2786,0,0,0,0
23358,PPG,194,3475,2798,0,0,0,0
23436,PPG,195,3478,2791,0,0,0,0
23516,PPG,196,3472,2788,0,0,0,0
23596,PPG,197,3475,2784,0,0,0,0
23676,PPG,198,3472,2793,0,0,0,0
23759,PPG,199,3477,2782,0,0,0,0
19841,IMU,624,56,2184,-7824,-14,114,43
19860,IMU,625,-56,2136,-7792,-31,105,37
19879,IMU,626,-28,2160,-7792,-40,131,41
19899,IMU,627,-128,2180,-7864,-3,109,47
19917,IMU,628,-124,2156,-7856,-18,136,59
19937,IMU,629,4,2192,-7876,-26,122,30
19956,IMU,630,-144,2204,-7868,-29,111,26
19975,IMU,631,-44,2240,-7856,-22,125,43
19996,IMU,632,-168,2172,-7768,-31,123,31
20013,IMU,633,-68,2176,-7804,-20,131,24
20032,IMU,634,-52,2132,-7836,-16,124,42
20052,IMU,635,-60,2096,-7748,-28,120,53
20071,IMU,636,-60,2156,-7804,-28,127,28
20090,IMU,637,-100,2152,-7812,-44,120,42
20109,IMU,638,24,2204,-7784,-14,125,45
20128,IMU,639,-28,2164,-7748,-26,111,43
20148,IMU,640,-16,2200,-7928,-12,122,35
20167,IMU,641,-112,2224,-7876,-23,116,45
20186,IMU,642,-96,2080,-7824,-14,114,19
20207,IMU,643,-116,2232,-7856,-35,117,37
20224,IMU,644,-44,2176,-7724,-11,117,41
20244,IMU,645,-124,2172,-7720,-25,98,28
20263,IMU,646,28,2180,-7852,-17,124,39
20282,IMU,647,-116,2212,-7796,-21,125,37
20301,IMU,648,24,2196,-7944,-29,121,29
20321,IMU,649,-80,2140,-7808,-23,120,38
20340,IMU,650,16,2196,-7844,-23,124,28
20359,IMU,651,-32,2132,-7812,-5,117,37
20378,IMU,652,-48,2172,-7780,-25,114,29
20397,IMU,653,-92,2260,-7816,-33,149,46
20417,IMU,654,12,2172,-7752,-17,122,40
20436,IMU,655,48,2184,-7876,-21,126,46
20455,IMU,656,-164,2196,-7780,-15,110,30
20474,IMU,657,-44,2160,-7884,-14,125,44
20493,IMU,658,-104,2112,-7812,-22,131,33
20513,IMU,659,-24,2140,-7908,-18,132,23
20532,IMU,660,48,2192,-7844,-34,109,48
20551,IMU,661,-68,2236,-7684,-24,135,50
20570,IMU,662,-128,2168,-7828,-26,125,27
20590,IMU,663,-56,2224,-7832,-20,117,28
20609,IMU,664,-24,2200,-7848,-23,125,33
20628,IMU,665,56,2148,-8040,13,100,38
20650,IMU,666,60,2192,-7768,-46,137,37
20666,IMU,667,-20,2184,-7808,-27,119,31
20686,IMU,668,-24,2152,-7820,-22,120,28
20705,IMU,669,-28,2176,-7864,-21,131,22
20724,IMU,670,-48,2132,-7776,-19,125,37
20743,IMU,671,64,2160,-7796,-37,123,23
20762,IMU,672,-36,2140,-7872,-25,121,43
20782,IMU,673,-36,2120,-7764,-32,117,33
20801,IMU,674,-8,2212,-7812,-25,123,42
20820,IMU,675,-92,2092,-7812,-26,130,45
20839,IMU,676,-104,2128,-7724,-7,119,41
20859,IMU,677,0,2188,-7888,-21,132,33
20878,IMU,678,-88,2152,-7812,-23,124,23
20897,IMU,679,-60,2152,-7788,-31,113,40
20916,IMU,680,-48,2104,-7852,-5,118,32
20935,IMU,681,-92,2224,-7912,-29,132,30
20955,IMU,682,-24,2120,-7804,-34,118,45
20976,IMU,683,12,2056,-7840,-14,111,19
20993,IMU,684,-96,2188,-7808,-25,126,53
21013,IMU,685,-76,2064,-7788,-16,134,32
21031,IMU,686,-68,2232,-7868,-33,126,30
21051,IMU,687,-52,2232,-7776,-28,123,33
21070,IMU,688,-44,2140,-7760,-31,143,29
21090,IMU,689,-8,2096,-7872,-28,128,32
21108,IMU,690,-88,2168,-7800,-8,124,46
21127,IMU,691,-72,2132,-7764,-42,130,32
21146,IMU,692,-16,2160,-7804,-43,136,28
21166,IMU,693,32,2104,-7744,-14,110,52
21185,IMU,694,-16,2068,-7896,0,122,33
21204,IMU,695,4,2256,-7820,-33,126,50
21223,IMU,696,-56,2088,-7864,-25,129,34
21242,IMU,697,-88,2224,-7740,-24,126,41
21262,IMU,698,-92,2176,-7844,-18,134,49
21282,IMU,699,-60,2236,-7796,-13,118,34
21304,IMU,700,-64,2144,-7856,-17,111,36
21323,IMU,701,-88,2132,-7820,-7,130,28
21338,IMU,702,-64,2144,-7860,-12,116,42
21358,IMU,703,-156,2280,-7788,-20,110,44
21377,IMU,704,-36,2060,-7812,-25,153,36
21396,IMU,705,-88,2228,-7744,-20,122,38
21415,IMU,706,-80,2288,-7800,-16,131,47
21435,IMU,707,-48,2168,-7788,-25,111,39
21454,IMU,708,-64,2084,-7740,-22,143,41
21473,IMU,709,-8,2108,-7792,-29,135,15
21492,IMU,710,-16,2172,-7776,-11,126,41
21511,IMU,711,36,2108,-7860,-19,126,30
21533,IMU,712,-140,2140,-7828,-29,108,42
21550,IMU,713,-84,2148,-7880,-35,124,31
21569,IMU,714,-104,2172,-7856,-28,145,42
21588,IMU,715,100,2192,-7844,-22,131,36
21607,IMU,716,-32,2136,-7852,-16,130,14
21627,IMU,717,12,2044,-7840,-10,118,17
21646,IMU,718,-88,2120,-7920,-22,122,37
21665,IMU,719,-84,2208,-7756,-17,127,45
21684,IMU,720,16,2068,-7796,-31,133,57
21704,IMU,721,-76,2168,-7892,-30,115,34
21723,IMU,722,-76,2112,-7828,-38,131,53
21743,IMU,723,-12,2064,-7824,-9,131,45
21762,IMU,724,-96,2144,-7888,-14,119,32
21780,IMU,725,40,2108,-7840,-22,132,48
21800,IMU,726,-56,2168,-7832,-18,127,43
21819,IMU,727,-80,2152,-7784,-5,120,28
21838,IMU,728,-44,2164,-7864,-32,121,18
21857,IMU,729,24,2028,-7792,-31,124,52
21876,IMU,730,-24,2072,-7744,-20,132,42
21896,IMU,731,-76,2120,-7780,-19,112,26
21915,IMU,732,-48,2188,-7820,-24,129,25
21934,IMU,733,-100,2168,-7768,-17,127,26
21955,IMU,734,-96,2164,-7848,-14,108,33
21973,IMU,735,24,2168,-7880,-31,118,51
21992,IMU,736,-56,2168,-7960,-25,117,56
22011,IMU,737,-44,2188,-7832,-13,116,38
22030,IMU,738,-52,2080,-7796,-34,133,34
22049,IMU,739,8,2116,-7804,-13,113,40
22069,IMU,740,-68,2148,-7804,-12,122,33
22088,IMU,741,-100,2152,-7796,-17,123,36
22107,IMU,742,-104,2156,-7796,-12,125,45
22127,IMU,743,-60,2144,-7884,-21,133,26
22145,IMU,744,-40,2192,-7792,-34,139,32
22164,IMU,745,-120,2176,-7824,-22,132,44
22184,IMU,746,-76,2044,-7800,-39,120,45
22203,IMU,747,-76,2128,-7896,-25,124,28
22222,IMU,748,-132,2096,-7808,-25,112,39
22241,IMU,749,-20,2160,-7788,-37,133,52
22260,IMU,750,-16,2220,-7900,-34,122,34
22280,IMU,751,-12,2176,-7852,-9,119,48
22299,IMU,752,68,2112,-7840,-22,134,26
22318,IMU,753,-112,2112,-7880,-35,135,32
22337,IMU,754,-44,2108,-7840,-28,121,45
22357,IMU,755,-60,2180,-7836,-9,114,53
22376,IMU,756,-12,2184,-7860,-10,122,56
22398,IMU,757,-4,2172,-7848,-40,121,22
22414,IMU,758,-44,2080,-7768,-19,139,29
22433,IMU,759,0,2192,-7856,-23,135,37
22453,IMU,760,20,2200,-7852,-27,129,40
22472,IMU,761,8,2212,-7868,-47,131,42
22491,IMU,762,-108,2172,-7820,-31,124,31
22510,IMU,763,-36,2120,-7816,-30,133,45
22529,IMU,764,0,2196,-7756,-32,130,36
22549,IMU,765,-20,2128,-7792,-31,134,48
22568,IMU,766,-68,2172,-7824,-26,124,38
22587,IMU,767,-88,2116,-7864,-17,124,36
22606,IMU,768,-12,2208,-7804,-27,123,25
22626,IMU,769,-120,2104,-7784,-14,126,46
22645,IMU,770,-68,2152,-7812,-38,132,39
22664,IMU,771,-88,2160,-7852,-24,108,41
22683,IMU,772,8,2088,-7824,-23,105,24
22702,IMU,773,-32,2168,-7816,-40,127,38
22722,IMU,774,-44,2152,-7816,-14,137,42
22741,IMU,775,96,2112,-7780,-32,111,36
22760,IMU,776,72,2200,-7832,-19,110,34
22779,IMU,777,-76,2184,-7816,-18,123,37
22798,IMU,778,28,2144,-7924,-29,119,32
22818,IMU,779,-40,2228,-7812,-26,114,31
22838,IMU,780,-72,2124,-7832,-12,130,33
22856,IMU,781,-28,2144,-7884,-17,131,46
22875,IMU,782,-24,2016,-7828,-27,111,35
22894,IMU,783,-84,2244,-7816,-17,119,51
22914,IMU,784,-28,2080,-7836,-29,131,37
22933,IMU,785,-88,2112,-7872,-38,125,53
22952,IMU,786,-8,2200,-7776,-34,132,28
22971,IMU,787,-36,2128,-7864,-10,120,41
22991,IMU,788,-20,2100,-7728,-31,110,42
23010,IMU,789,16,2124,-7820,-3,122,35
23029,IMU,790,-16,2140,-7796,-23,121,49
23052,IMU,791,-68,2124,-7756,-43,109,45
23067,IMU,792,28,2196,-7824,-32,113,34
23087,IMU,793,-52,2156,-7808,-18,134,48
23106,IMU,794,-88,2120,-7680,-23,116,39
23125,IMU,795,32,2140,-7808,-33,130,38
23144,IMU,796,-116,2336,-7828,-17,123,28
23163,IMU,797,-48,2184,-7788,-32,121,38
23183,IMU,798,-88,2160,-7832,-5,121,48
23202,IMU,799,-68,2160,-7824,-24,118,35
23221,IMU,800,-60,2184,-7864,-11,123,63
23241,IMU,801,-220,2176,-7920,-4,139,39
23260,IMU,802,-72,2192,-7728,-36,114,31
23280,IMU,803,-40,2100,-7724,-26,115,42
23298,IMU,804,-84,2108,-7860,-26,129,18
23317,IMU,805,-116,2272,-7796,-28,128,34
23336,IMU,806,32,2188,-7884,-2,131,42
23355,IMU,807,-48,2128,-7796,-34,139,33
23375,IMU,808,-12,2172,-7736,-18,129,20
23394,IMU,809,-84,2156,-7848,-19,130,33
23413,IMU,810,92,2168,-7852,-38,126,41
23432,IMU,811,0,2212,-7820,-21,116,45
23451,IMU,812,-8,2132,-7912,-30,140,41
23471,IMU,813,-100,2156,-7864,0,131,38
23492,IMU,814,84,2144,-7784,-24,113,35
23509,IMU,815,-124,2156,-7784,-26,120,40
23528,IMU,816,28,2228,-7804,-23,121,33
23547,IMU,817,-56,2104,-7736,-32,108,57
23567,IMU,818,-16,2108,-7792,-21,131,41
23586,IMU,819,-28,2132,-7856,-22,118,44
23605,IMU,820,8,2204,-7772,-9,131,33
23624,IMU,821,-32,2020,-7736,-21,121,40
23644,IMU,822,-104,2092,-7764,-28,127,39
23663,IMU,823,28,2264,-7828,-25,129,47
23682,IMU,824,-12,2120,-7744,-27,114,30
23703,IMU,825,-60,2120,-7848,-21,127,46
23720,IMU,826,-124,2120,-7804,-16,113,19
23740,IMU,827,40,2036,-7804,-26,126,40
23759,IMU,828,40,2176,-7836,-7,110,33
23778,IMU,829,32,2084,-7788,-32,118,27
23797,IMU,830,16,2184,-7832,-18,103,68
23816,IMU,831,-76,2100,-7756,-9,123,37
23836,IMU,832,-20,2256,-7808,-27,128,42
23855,IMU,833,-92,2060,-7852,-20,117,35
23874,IMU,834,-36,2116,-7880,-22,111,39
23893,IMU,835,-20,2316,-7776,-19,108,48
23913,IMU,836,-80,2144,-7808,-27,126,33
23932,IMU,837,-68,2144,-7804,-33,130,36
23951,IMU,838,-4,2300,-7868,-26,106,39
23970,IMU,839,-28,2124,-7780,-30,120,18
23989,IMU,840,-40,2196,-7824,-19,127,17
24009,IMU,841,-108,2024,-7940,-29,120,16
24028,IMU,842,-92,2208,-7732,-15,119,33
24047,IMU,843,-20,2148,-7824,-17,118,53
24066,IMU,844,4,2132,-7904,-28,131,26
24085,IMU,845,0,2132,-7816,1,127,24
24105,IMU,846,-72,2132,-7784,-14,131,37
24124,IMU,847,-180,2200,-7876,-19,110,49
24145,IMU,848,-68,2168,-7816,-19,116,42
24162,IMU,849,-8,2096,-7868,-35,125,44
24182,IMU,850,-44,2096,-7744,-23,125,45
24201,IMU,851,-76,2048,-7716,-23,121,29
24220,IMU,852,-8,2240,-7840,-35,122,52
24239,IMU,853,-64,2160,-7696,-19,122,23
24258,IMU,854,-92,2188,-7844,-36,118,15
24278,IMU,855,-160,2220,-7712,-8,114,41
24298,IMU,856,-136,2168,-7704,-16,118,41
24317,IMU,857,-80,2052,-7852,-23,137,43
24335,IMU,858,-52,2220,-7828,-31,125,34
24354,IMU,859,-56,2164,-7832,-25,126,30
24374,IMU,860,-128,2184,-7844,-8,112,46
24393,IMU,861,-16,2216,-7844,-22,114,23
24412,IMU,862,-12,2192,-7776,-20,121,25
24431,IMU,863,20,2184,-7748,-27,132,26
24450,IMU,864,-32,2264,-7876,-19,127,50
24469,IMU,865,-80,2212,-7856,-10,121,24
24489,IMU,866,104,2204,-7724,-20,100,35
24508,IMU,867,40,2096,-7848,-28,123,35
24527,IMU,868,-4,2164,-7896,-24,115,29
24546,IMU,869,-64,2192,-7796,-22,109,22
24565,IMU,870,-68,2148,-7852,-25,126,50
24587,IMU,871,84,2092,-7776,-39,126,44
24604,IMU,872,-44,2264,-7852,-27,124,43
24623,IMU,873,-64,2188,-7892,-38,121,34
24642,IMU,874,-144,2164,-7804,-26,112,52
24661,IMU,875,12,2120,-7828,-13,118,39
24681,IMU,876,-40,2124,-7792,-36,129,40
24700,IMU,877,-40,2168,-7776,-16,118,42
24719,IMU,878,-56,2116,-7848,-16,137,39
24738,IMU,879,-68,2192,-7752,1,109,55
24757,IMU,880,-48,2176,-7768,-7,130,39
24777,IMU,881,-120,2180,-7764,-34,114,24
24800,IMU,882,-112,2204,-7776,-39,124,31
24815,IMU,883,-88,2216,-7804,-23,113,45
24834,IMU,884,28,2080,-7796,-34,120,42
24854,IMU,885,-168,2028,-7832,-38,126,32
24873,IMU,886,-80,2136,-7908,-11,130,33
24892,IMU,887,-72,2176,-7920,-5,119,38
24911,IMU,888,-32,2116,-7772,-33,119,41
24930,IMU,889,-72,2112,-7872,-9,110,26
24950,IMU,890,-72,2148,-7820,-10,110,24
24969,IMU,891,-84,2164,-7764,-30,130,68
24988,IMU,892,-124,2172,-7824,-30,125,27
25007,IMU,893,40,2140,-7828,-27,111,28
25026,IMU,894,20,2116,-7804,-12,131,34
25046,IMU,895,-16,2240,-7756,-13,133,29
25065,IMU,896,-44,2204,-7856,-35,133,37
25084,IMU,897,-32,2208,-7812,-9,121,41
25103,IMU,898,-100,2180,-7792,-25,146,31
25123,IMU,899,-4,2208,-7772,-7,114,40
25142,IMU,900,-36,2144,-7812,-12,123,48
25161,IMU,901,-8,2152,-7864,-16,116,33
25180,IMU,902,-40,2188,-7764,-23,135,50
25199,IMU,903,88,2136,-7772,-14,126,31
25219,IMU,904,-48,2244,-7848,-24,124,22
25239,IMU,905,8,2156,-7840,-15,112,25
25257,IMU,906,-32,2108,-7904,-24,118,28
25278,IMU,907,-12,2196,-7852,-25,122,32
25295,IMU,908,-56,2124,-7796,-24,130,35
25315,IMU,909,12,2184,-7848,-19,109,40
25334,IMU,910,-4,2188,-7880,-14,113,49
25353,IMU,911,-72,2160,-7848,-21,120,31
25372,IMU,912,44,2100,-7804,-23,131,34
25392,IMU,913,-56,2052,-7936,-30,131,48
25411,IMU,914,-108,2148,-7840,-10,116,36
25430,IMU,915,-44,2256,-7900,-12,127,49
25452,IMU,916,4,2180,-7952,-16,113,37
25468,IMU,917,28,2172,-7860,-39,118,35
25488,IMU,918,-44,2216,-7804,-28,140,36
25506,IMU,919,-96,2120,-7800,-25,124,13
25526,IMU,920,-24,2216,-7752,-12,130,25
25545,IMU,921,-60,2092,-7808,-19,116,45
25564,IMU,922,-108,2252,-7840,-23,128,49
25583,IMU,923,-68,2088,-7764,-35,110,35
25603,IMU,924,-136,2180,-7848,-22,134,38
25622,IMU,925,-24,2108,-7856,-36,129,30
25641,IMU,926,68,2116,-7816,-17,140,35
25660,IMU,927,12,2168,-7844,-23,130,33
25680,IMU,928,-128,2180,-7864,-19,109,33
25699,IMU,929,-40,2112,-7828,-23,115,39
25718,IMU,930,-52,2176,-7832,-27,124,40
25737,IMU,931,-32,2176,-7772,-31,106,27
25757,IMU,932,-64,2060,-7840,-34,121,42
25775,IMU,933,52,2136,-7804,-19,110,22
25795,IMU,934,-80,2132,-7944,-19,110,31
25814,IMU,935,24,2144,-7840,-28,119,25
25833,IMU,936,-12,2192,-7848,-29,127,39
25852,IMU,937,-104,2064,-7836,-19,129,45
25872,IMU,938,4,2208,-7828,-10,125,32
25893,IMU,939,-120,2104,-7868,-13,136,29
25910,IMU,940,-52,2160,-7812,-6,140,30
25929,IMU,941,4,2120,-7868,-18,117,33
25948,IMU,942,-100,2152,-7816,-33,116,40
25968,IMU,943,44,2128,-7896,-17,113,23
25987,IMU,944,20,2108,-7780,-22,113,59
26006,IMU,945,-112,2176,-7824,-30,123,56
26025,IMU,946,-32,2260,-7804,-11,117,37
26044,IMU,947,-12,2144,-7756,-25,139,43
26064,IMU,948,36,2204,-7732,-38,137,51
26083,IMU,949,-48,2052,-7752,-22,126,44
26102,IMU,950,-60,2136,-7784,-22,124,36
26121,IMU,951,-120,2152,-7884,-27,140,42
26140,IMU,952,56,2104,-7804,-4,118,47
26160,IMU,953,-108,2208,-7796,-22,112,52
26179,IMU,954,-20,2184,-7808,-25,139,17
26198,IMU,955,4,2152,-7852,-10,99,37
26217,IMU,956,-24,2072,-7800,-31,124,42
26237,IMU,957,-20,2252,-7876,-27,121,28
26256,IMU,958,-88,2140,-7896,-20,116,38
26275,IMU,959,-24,2108,-7824,-31,146,30
26294,IMU,960,4,2144,-7808,-33,125,32
26313,IMU,961,-12,2112,-7784,-16,110,37
26333,IMU,962,44,2160,-7820,-27,138,26
26352,IMU,963,-52,2204,-7824,-26,117,47
26371,IMU,964,0,2208,-7772,-26,120,28
26390,IMU,965,-44,2124,-7856,-2,118,26
26409,IMU,966,-96,2188,-7824,-15,123,23
26429,IMU,967,-176,2080,-7848,-30,121,31
26448,IMU,968,-16,2112,-7832,-25,131,35
26467,IMU,969,-20,2164,-7872,-30,125,31
26486,IMU,970,108,2136,-7792,-30,135,34
26509,IMU,971,-56,2164,-7840,-25,120,33
26525,IMU,972,-16,2172,-7760,-24,110,55
26548,IMU,973,-64,2240,-7848,-37,127,38
26563,IMU,974,-64,2188,-7804,-16,106,42
26582,IMU,975,-120,2212,-7736,-15,114,29
26602,IMU,976,-104,2112,-7800,-14,117,27
26620,IMU,977,-140,2208,-7804,-25,109,45
26640,IMU,978,0,2200,-7808,-24,128,27
26659,IMU,979,-20,2196,-7800,-16,133,16
26678,IMU,980,-52,2128,-7776,-18,119,44
26697,IMU,981,-52,2128,-7860,-9,123,30
26717,IMU,982,28,2124,-7792,-43,138,50
26736,IMU,983,-100,2204,-7884,1,110,35
26755,IMU,984,-160,2160,-7764,-39,113,47
26774,IMU,985,-52,2160,-7836,-6,114,40
26796,IMU,986,-68,2156,-7860,-42,143,33
26813,IMU,987,-136,2140,-7880,-17,119,39
26832,IMU,988,-44,2060,-7896,-17,134,29
26851,IMU,989,-100,2160,-7848,-35,124,44
26870,IMU,990,24,2148,-7788,-16,130,49
26889,IMU,991,-28,2104,-7788,-27,121,36
26909,IMU,992,-88,2100,-7816,-14,122,26
26928,IMU,993,-48,2188,-7824,-32,135,50
26947,IMU,994,-16,2148,-7792,-28,121,21
26966,IMU,995,-68,2200,-7868,-24,106,40
26986,IMU,996,20,2128,-7860,-33,122,39
27005,IMU,997,-176,2100,-7868,-14,111,19
27024,IMU,998,-112,2152,-7836,-24,123,24
27043,IMU,999,-24,2140,-7844,-21,118,37
27062,IMU,1000,-64,2228,-7776,-33,130,44
27082,IMU,1001,-68,2180,-7908,-12,130,54
27101,IMU,1002,-60,2188,-7920,-14,117,40
27120,IMU,1003,-36,2172,-7728,-21,119,41
27139,IMU,1004,-48,2220,-7804,-31,129,37
27158,IMU,1005,-124,2164,-7828,-24,121,53
27178,IMU,1006,-8,2288,-7804,-24,123,11
27200,IMU,1007,28,2196,-7832,-16,133,44
27216,IMU,1008,-32,2284,-7908,-14,128,36
27235,IMU,1009,-96,2140,-7856,-22,116,37
27254,IMU,1010,-48,2244,-7784,-15,117,38
27275,IMU,1011,24,2284,-7804,-22,133,29
27293,IMU,1012,-76,2124,-7872,-30,125,33
27312,IMU,1013,-64,2168,-7856,-20,137,28
27331,IMU,1014,-192,2044,-7796,-11,127,36
27351,IMU,1015,-128,2180,-7760,-4,124,34
27370,IMU,1016,12,2192,-7904,-18,137,40
27389,IMU,1017,76,2124,-7724,-19,112,27
27408,IMU,1018,-44,2088,-7808,-27,134,32
27427,IMU,1019,24,2188,-7788,-30,106,29
27447,IMU,1020,-48,2100,-7672,-11,110,52
27466,IMU,1021,-92,2124,-7812,-22,121,48
27485,IMU,1022,36,2116,-7744,-25,103,46
27504,IMU,1023,-28,2140,-7788,-47,138,31
27523,IMU,1024,-8,2112,-7852,-4,118,42
27543,IMU,1025,36,2116,-7808,-26,127,39
27562,IMU,1026,-32,2072,-7836,-22,115,35
27581,IMU,1027,-64,2264,-7900,-16,129,26
27600,IMU,1028,32,2180,-7832,-18,132,38
27619,IMU,1029,-100,2184,-7792,-22,113,47
27641,IMU,1030,-116,2212,-7752,-11,129,16
27658,IMU,1031,-64,2204,-7752,-24,120,35
27678,IMU,1032,-28,2152,-7764,-18,129,24
27696,IMU,1033,-36,2112,-7860,-17,134,27
27715,IMU,1034,-12,2184,-7740,-28,131,40
27735,IMU,1035,28,2180,-7840,-19,114,43
27754,IMU,1036,-52,2156,-7800,-16,107,31
27773,IMU,1037,-56,2192,-7884,-24,119,29
27792,IMU,1038,28,2156,-7804,4,120,30
27811,IMU,1039,-56,2164,-7864,-37,132,36
23840,PPG,200,3473,2789,0,0,0,0
23916,PPG,201,3475,2792,0,0,0,0
23996,PPG,202,3477,2788,0,0,0,0
24075,PPG,203,3468,2796,0,0,0,0
24155,PPG,204,3486,2782,0,0,0,0
24235,PPG,205,3479,2782,0,0,0,0
24319,PPG,206,3478,2790,0,0,0,0
24395,PPG,207,3476,2789,0,0,0,0
24475,PPG,208,3476,2792,0,0,0,0
24555,PPG,209,3474,2783,0,0,0,0
24635,PPG,210,3478,2794,0,0,0,0
24714,PPG,211,3478,2780,0,0,0,0
24805,PPG,212,3464,2789,0,0,0,0
24875,PPG,213,3470,2783,0,0,0,0
24954,PPG,214,3468,2782,0,0,0,0
25034,PPG,215,3472,2784,0,0,0,0
25114,PPG,216,3465,2787,0,0,0,0
25194,PPG,217,3472,2793,0,0,0,0
25278,PPG,218,3474,2793,0,0,0,0
25355,PPG,219,3481,2787,0,0,0,0
25434,PPG,220,3471,2791,0,0,0,0
25513,PPG,221,3468,2781,0,0,0,0
25593,PPG,222,3466,2787,0,0,0,0
25680,PPG,223,3472,2785,0,0,0,0
25757,PPG,224,3464,2786,0,0,0,0
25835,PPG,225,3469,2791,0,0,0,0
25913,PPG,226,3476,2787,0,0,0,0
25993,PPG,227,3483,2789,0,0,0,0
26073,PPG,228,3467,2794,0,0,0,0
26153,PPG,229,3467,2780,0,0,0,0
26233,PPG,230,3471,2788,0,0,0,0
26316,PPG,231,3472,2784,0,0,0,0
26393,PPG,232,3478,2787,0,0,0,0
26473,PPG,233,3476,2778,0,0,0,0
26555,PPG,234,3476,2787,0,0,0,0
26632,PPG,235,3467,2781,0,0,0,0
26712,PPG,236,3483,2785,0,0,0,0
26796,PPG,237,3473,2780,0,0,0,0
26872,PPG,238,3457,2792,0,0,0,0
26952,PPG,239,3467,2799,0,0,0,0
27032,PPG,240,3467,2782,0,0,0,0
27112,PPG,241,3469,2784,0,0,0,0
27192,PPG,242,3471,2794,0,0,0,0
27275,PPG,243,3462,2792,0,0,0,0
27353,PPG,244,3472,2781,0,0,0,0
27431,PPG,245,3474,2784,0,0,0,0
27511,PPG,246,3456,2784,0,0,0,0
27591,PPG,247,3482,2779,0,0,0,0
27671,PPG,248,3472,2775,0,0,0,0
27754,PPG,249,3468,2787,0,0,0,0
27834,PPG,250,3469,2789,0,0,0,0
27911,PPG,251,3470,2796,0,0,0,0
27990,PPG,252,3475,2786,0,0,0,0
28083,PPG,253,3477,2783,0,0,0,0
28150,PPG,254,3479,2781,0,0,0,0
28230,PPG,255,3475,2781,0,0,0,0
28313,PPG,256,3479,2793,0,0,0,0
28390,PPG,257,3475,2792,0,0,0,0
28470,PPG,258,3474,2783,0,0,0,0
28550,PPG,259,3476,2786,0,0,0,0
28630,PPG,260,3468,2786,0,0,0,0
28710,PPG,261,3464,2787,0,0,0,0
28794,PPG,262,3471,2784,0,0,0,0
28870,PPG,263,3474,2791,0,0,0,0
28955,PPG,264,3471,2788,0,0,0,0
29029,PPG,265,3464,2790,0,0,0,0
29109,PPG,266,3472,2786,0,0,0,0
29189,PPG,267,3472,2783,0,0,0,0
29272,PPG,268,3464,2789,0,0,0,0
29350,PPG,269,3468,2784,0,0,0,0
29429,PPG,270,3475,2786,0,0,0,0
29509,PPG,271,3469,2789,0,0,0,0
29589,PPG,272,3469,2789,0,0,0,0
29668,PPG,273,3470,2787,0,0,0,0
29752,PPG,274,3475,2787,0,0,0,0
29836,PPG,275,3473,2791,0,0,0,0
29908,PPG,276,3471,2784,0,0,0,0
29988,PPG,277,3473,2792,0,0,0,0
30068,PPG,278,3468,2780,0,0,0,0
30148,PPG,279,3469,2786,0,0,0,0
30228,PPG,280,3475,2782,0,0,0,0
30310,PPG,281,3463,2791,0,0,0,0
30387,PPG,282,3474,2784,0,0,0,0
30467,PPG,283,3463,2791,0,0,0,0
30547,PPG,284,3473,2794,0,0,0,0
30627,PPG,285,3470,2793,0,0,0,0
30743,PPG,286,3470,2787,0,0,0,0
30791,PPG,287,3478,2792,0,0,0,0
30868,PPG,288,3473,2793,0,0,0,0
30947,PPG,289,3472,2786,0,0,0,0
31026,PPG,290,3475,2788,0,0,0,0
31106,PPG,291,3465,2788,0,0,0,0
31186,PPG,292,3471,2800,0,0,0,0
31270,PPG,293,3469,2785,0,0,0,0
31356,PPG,294,3469,2787,0,0,0,0
31426,PPG,295,3473,2785,0,0,0,0
31506,PPG,296,3479,2795,0,0,0,0
31586,PPG,297,3478,2785,0,0,0,0
31666,PPG,298,3472,2784,0,0,0,0
31749,PPG,299,3477,2790,0,0,0,0
27831,IMU,1040,-72,2200,-7740,-22,127,46
27850,IMU,1041,-20,2064,-7748,-17,130,31
27869,IMU,1042,-92,2164,-7852,-29,144,33
27888,IMU,1043,-160,2164,-7824,-27,135,23
27907,IMU,1044,28,2180,-7784,-32,127,43
27927,IMU,1045,16,2100,-7716,-31,123,37
27946,IMU,1046,-44,2104,-7828,-27,124,41
27965,IMU,1047,-20,2168,-7908,-25,120,29
27984,IMU,1048,-92,2152,-7776,-29,129,32
28003,IMU,1049,-68,2124,-7832,-10,142,32
28023,IMU,1050,36,2172,-7820,-28,140,49
28042,IMU,1051,-132,2104,-7832,-21,123,48
28061,IMU,1052,4,2180,-7796,-19,125,48
28082,IMU,1053,-12,2164,-7780,-19,127,26
28100,IMU,1054,-92,2168,-7824,-14,121,34
28119,IMU,1055,-40,2248,-7740,-36,120,46
28138,IMU,1056,-44,2164,-7804,-40,142,45
28157,IMU,1057,-196,2156,-7800,-13,101,33
28176,IMU,1058,-64,2136,-7912,-15,116,35
28196,IMU,1059,-48,2156,-7784,-24,110,3
28215,IMU,1060,-44,2128,-7876,-40,133,26
28234,IMU,1061,32,2100,-7796,-24,134,28
28253,IMU,1062,-56,2272,-7840,-18,130,25
28272,IMU,1063,-48,2072,-7860,-3,121,53
28295,IMU,1064,-24,2104,-7748,-35,104,42
28311,IMU,1065,-92,2156,-7956,-28,137,26
28330,IMU,1066,-160,2108,-7836,-25,126,38
28349,IMU,1067,-100,2168,-7816,-21,118,39
28369,IMU,1068,-108,2112,-7832,-18,123,18
28388,IMU,1069,0,2180,-7904,-23,120,49
28407,IMU,1070,-48,2168,-7796,-21,132,18
28426,IMU,1071,4,2188,-7772,-17,123,26
28445,IMU,1072,0,2148,-7784,-25,120,33
28465,IMU,1073,-32,2148,-7768,-27,118,23
28484,IMU,1074,-84,2164,-7836,-20,127,33
28503,IMU,1075,-88,2156,-7868,-19,121,49
28522,IMU,1076,-64,2156,-7772,-6,120,33
28541,IMU,1077,-56,2112,-7852,-12,121,20
28561,IMU,1078,-168,2092,-7800,-20,139,26
28580,IMU,1079,-92,2116,-7856,-1,132,32
28599,IMU,1080,-116,2152,-7864,-33,123,40
28618,IMU,1081,-20,2116,-7808,-21,122,33
28638,IMU,1082,-60,2116,-7920,-21,113,40
28657,IMU,1083,36,2148,-7804,-29,123,42
28676,IMU,1084,-60,2048,-7796,-26,113,36
28695,IMU,1085,-64,2132,-7848,-15,135,41
28714,IMU,1086,-172,2124,-7844,-22,128,34
28735,IMU,1087,-112,2192,-7776,-34,136,49
28753,IMU,1088,-84,2164,-7744,-16,132,33
28772,IMU,1089,20,2120,-7876,-29,109,48
28794,IMU,1090,12,2156,-7828,-38,130,38
28811,IMU,1091,0,2204,-7888,-24,121,47
28829,IMU,1092,-136,2252,-7832,-23,127,37
28848,IMU,1093,-116,2124,-7748,-28,113,49
28868,IMU,1094,40,2248,-7824,-8,135,31
28887,IMU,1095,-48,2148,-7920,-21,130,30
28906,IMU,1096,-20,2144,-7732,-16,102,24
28925,IMU,1097,-72,2172,-7776,-28,135,37
28947,IMU,1098,-20,2176,-7816,-31,143,40
28964,IMU,1099,40,2172,-7804,-18,124,38
28983,IMU,1100,-24,2224,-7768,-16,120,34
29002,IMU,1101,-104,2152,-7856,-19,125,36
29021,IMU,1102,-120,2036,-7840,-28,146,36
29041,IMU,1103,-80,2116,-7852,-12,129,30
29060,IMU,1104,-136,2108,-7840,-10,118,53
29079,IMU,1105,-80,2160,-7772,-15,139,40
29098,IMU,1106,-16,2184,-7876,-29,110,40
29117,IMU,1107,-88,2120,-7828,-5,130,39
29137,IMU,1108,-88,2176,-7848,-22,112,43
29156,IMU,1109,-60,2168,-7808,-25,120,40
29175,IMU,1110,-4,2084,-7872,-33,114,43
29194,IMU,1111,4,2108,-7772,-16,138,29
29213,IMU,1112,-16,2064,-7828,-32,128,40
29233,IMU,1113,-48,2120,-7844,-51,131,44
29252,IMU,1114,104,2204,-7892,-32,112,30
29272,IMU,1115,-72,2212,-7772,-18,121,24
29290,IMU,1116,-72,2192,-7772,-12,122,34
29310,IMU,1117,-128,2100,-7796,-21,124,27
29329,IMU,1118,-4,2200,-7888,-30,130,29
29348,IMU,1119,-80,2160,-7900,-36,129,37
29367,IMU,1120,-28,2224,-7912,-36,121,48
29388,IMU,1121,-96,2156,-7864,-36,121,41
29406,IMU,1122,-116,2108,-7860,-28,137,28
29425,IMU,1123,-40,2160,-7840,-27,116,23
29444,IMU,1124,-16,2172,-7764,-14,139,33
29463,IMU,1125,-20,2188,-7820,-17,121,52
29482,IMU,1126,-88,2144,-7836,-27,127,30
29502,IMU,1127,-76,2176,-7864,-13,125,22
29521,IMU,1128,-72,2172,-7816,-33,115,32
29540,IMU,1129,-96,2216,-7808,-21,140,33
29559,IMU,1130,-148,2232,-7900,-38,135,19
29579,IMU,1131,-28,2124,-7884,-29,119,34
29599,IMU,1132,-72,2152,-7944,-16,128,34
29617,IMU,1133,-96,2224,-7828,-31,112,37
29636,IMU,1134,-20,2168,-7836,-30,116,33
29655,IMU,1135,-124,2096,-7848,-42,114,36
29675,IMU,1136,-104,2188,-7728,-21,121,3
29694,IMU,1137,-20,2192,-7812,-23,109,40
29713,IMU,1138,-20,2100,-7888,-36,127,24
29732,IMU,1139,-60,2200,-7872,-12,131,52
29752,IMU,1140,24,2208,-7840,-34,119,25
29771,IMU,1141,-68,2080,-7824,-14,127,40
29790,IMU,1142,8,2256,-7916,-38,129,44
29809,IMU,1143,-56,2132,-7776,-14,120,33
29833,IMU,1144,-16,2236,-7840,-41,128,32
29847,IMU,1145,-68,2140,-7876,-20,110,35
29867,IMU,1146,92,2072,-7868,-16,128,39
29886,IMU,1147,-128,2216,-7876,-28,126,45
29905,IMU,1148,-100,2108,-7856,-12,114,38
29925,IMU,1149,-48,2100,-7820,-17,125,30
29943,IMU,1150,-8,2180,-7848,-46,139,28
29962,IMU,1151,-24,2160,-7820,-24,133,31
29982,IMU,1152,-16,2140,-7888,-32,135,48
30001,IMU,1153,-144,2164,-7884,-21,126,46
30020,IMU,1154,52,2204,-7912,-40,119,34
30043,IMU,1155,-172,2044,-7796,-15,127,38
30058,IMU,1156,-88,2284,-7840,-31,116,36
30078,IMU,1157,-44,2200,-7820,-17,127,20
30097,IMU,1158,-68,2176,-7768,-34,120,37
30116,IMU,1159,-16,2124,-7804,-35,118,61
30135,IMU,1160,-112,2180,-7824,-15,122,37
30155,IMU,1161,-132,2124,-7772,-10,120,40
30174,IMU,1162,-72,2240,-7832,-21,113,47
30193,IMU,1163,-76,2212,-7836,-33,122,34
30212,IMU,1164,-80,2164,-7864,-21,128,13
30231,IMU,1165,-24,2144,-7904,-16,122,41
30251,IMU,1166,40,2100,-7872,-24,108,43
30270,IMU,1167,-80,2184,-7820,-4,117,42
30289,IMU,1168,-4,2184,-7852,-18,118,54
30308,IMU,1169,-20,2120,-7880,-40,126,39
30327,IMU,1170,-48,2172,-7804,-42,132,38
30347,IMU,1171,0,2160,-7816,-28,113,37
30366,IMU,1172,-68,2156,-7780,2,130,61
30385,IMU,1173,-96,2192,-7840,-19,137,39
30404,IMU,1174,64,2092,-7856,-29,124,37
30423,IMU,1175,-72,2124,-7864,-22,118,31
30443,IMU,1176,8,2136,-7848,-23,109,28
30462,IMU,1177,-92,2268,-7856,-28,136,34
30482,IMU,1178,4,2192,-7916,-25,126,34
30500,IMU,1179,-12,2180,-7760,-9,122,27
30520,IMU,1180,32,2080,-7776,-25,131,43
30539,IMU,1181,-28,2224,-7856,-29,135,49
30558,IMU,1182,-68,2132,-7744,-5,112,18
30577,IMU,1183,-24,2272,-7900,-16,122,47
30596,IMU,1184,-72,2108,-7704,-18,144,31
30616,IMU,1185,0,2104,-7828,-9,110,32
30635,IMU,1186,-116,2092,-7804,-42,139,30
30654,IMU,1187,12,2080,-7800,-38,135,45
30673,IMU,1188,-128,2268,-7820,-27,127,34
30695,IMU,1189,-156,2160,-7820,-34,138,32
30734,IMU,1190,52,2136,-7868,-28,119,30
30741,IMU,1191,-40,2072,-7856,-28,119,30
30750,IMU,1192,-96,2120,-7832,-20,101,31
30769,IMU,1193,0,2184,-7916,-3,131,49
30791,IMU,1194,-56,2076,-7900,-36,125,48
30808,IMU,1195,-64,2196,-7780,-29,123,54
30827,IMU,1196,-80,2172,-7744,-43,126,40
30846,IMU,1197,-124,2152,-7888,-22,133,47
30865,IMU,1198,52,2136,-7752,-33,133,42
30885,IMU,1199,-128,2208,-7876,-44,146,41
30904,IMU,1200,-108,2260,-7840,-20,133,29
30923,IMU,1201,-84,2184,-7864,-23,108,29
30943,IMU,1202,-16,2096,-7896,-29,121,43
30961,IMU,1203,-36,2172,-7784,-31,117,43
30980,IMU,1204,-16,2120,-7880,-16,107,36
31000,IMU,1205,-56,2204,-7848,-29,135,34
31019,IMU,1206,-132,2132,-7804,-12,121,17
31039,IMU,1207,-152,2172,-7820,-12,105,31
31057,IMU,1208,-68,2060,-7872,-20,130,38
31076,IMU,1209,-40,2016,-7848,-28,107,38
31096,IMU,1210,-60,2164,-7772,-15,124,54
31115,IMU,1211,-4,2180,-7824,-24,126,36
31137,IMU,1212,-128,2156,-7708,-28,128,39
31153,IMU,1213,40,2076,-7788,-17,110,16
31172,IMU,1214,-76,2176,-7880,-37,133,54
31192,IMU,1215,-120,2092,-7844,-23,140,46
31211,IMU,1216,-84,2188,-7756,-8,114,41
31230,IMU,1217,40,2256,-7828,-27,116,31
31249,IMU,1218,-16,2196,-7860,-1,121,31
31270,IMU,1219,24,2224,-7872,-33,117,34
31288,IMU,1220,-4,2100,-7808,-19,124,10
31307,IMU,1221,-56,2144,-7808,-17,118,27
31326,IMU,1222,36,2152,-7848,-32,134,35
31346,IMU,1223,-72,2148,-7720,-23,126,60
31365,IMU,1224,-156,2196,-7824,-33,113,27
31384,IMU,1225,-68,2172,-7736,-18,111,58
31403,IMU,1226,-32,2168,-7808,-35,118,32
31422,IMU,1227,-52,2064,-7800,-26,132,16
31441,IMU,1228,-76,2212,-7864,-32,126,46
31461,IMU,1229,-20,2304,-7880,-24,122,37
31480,IMU,1230,-120,2128,-7852,-34,107,38
31499,IMU,1231,-24,2228,-7820,-8,124,56
31518,IMU,1232,-128,2100,-7880,-18,136,39
31537,IMU,1233,-48,2092,-7848,-20,138,27
31557,IMU,1234,-64,2200,-7828,-27,112,37
31576,IMU,1235,-148,2272,-7884,-31,127,36
31595,IMU,1236,-36,2160,-7820,-19,110,23
31614,IMU,1237,-44,2168,-7840,-22,123,35
31634,IMU,1238,8,2116,-7864,10,113,28
31653,IMU,1239,-32,2112,-7800,-34,132,41
31672,IMU,1240,80,2068,-7844,-13,110,57
31691,IMU,1241,76,2168,-7668,-102,184,46
31710,IMU,1242,100,2112,-7972,-61,150,36
31730,IMU,1243,-40,2216,-7780,-38,133,33
31749,IMU,1244,52,2284,-7820,-37,124,48
31768,IMU,1245,-84,2116,-7800,-21,104,30
31791,IMU,1246,-124,2172,-7928,-22,115,38
31806,IMU,1247,-16,2172,-7760,-30,129,27
9939,ECG,1024,-17,0,0,0,0,0
9939,ECG,1025,-17,0,0,0,0,0
9939,ECG,1026,-18,0,0,0,0,0
9947,ECG,1027,-18,0,0,0,0,0
9947,ECG,1028,-19,0,0,0,0,0
9947,ECG,1029,-19,0,0,0,0,0
9947,ECG,1030,-20,0,0,0,0,0
9955,ECG,1031,-20,0,0,0,0,0
9955,ECG,1032,-21,0,0,0,0,0
9955,ECG,1033,-21,0,0,0,0,0
9955,ECG,1034,-22,0,0,0,0,0
9963,ECG,1035,-23,0,0,0,0,0
9963,ECG,1036,-23,0,0,0,0,0
9963,ECG,1037,-24,0,0,0,0,0
9971,ECG,1038,-25,0,0,0,0,0
9971,ECG,1039,-25,0,0,0,0,0
9971,ECG,1040,-26,0,0,0,0,0
9979,ECG,1041,-27,0,0,0,0,0
9979,ECG,1042,-27,0,0,0,0,0
9979,ECG,1043,-28,0,0,0,0,0
9979,ECG,1044,-28,0,0,0,0,0
9987,ECG,1045,-29,0,0,0,0,0
9987,ECG,1046,-29,0,0,0,0,0
9987,ECG,1047,-30,0,0,0,0,0
9987,ECG,1048,-30,0,0,0,0,0
9995,ECG,1049,-31,0,0,0,0,0
9995,ECG,1050,-31,0,0,0,0,0
9995,ECG,1051,-32,0,0,0,0,0
9995,ECG,1052,-32,0,0,0,0,0
10003,ECG,1053,-33,0,0,0,0,0
10003,ECG,1054,-33,0,0,0,0,0
10003,ECG,1055,-34,0,0,0,0,0
10003,ECG,1056,-34,0,0,0,0,0
11014,ECG,1057,0,0,0,0,0,0
11014,ECG,1058,-1,0,0,0,0,0
11014,ECG,1059,-6,0,0,0,0,0
11014,ECG,1060,2,0,0,0,0,0
11014,ECG,1061,6,0,0,0,0,0
11022,ECG,1062,-17,0,0,0,0,0
11022,ECG,1063,38,0,0,0,0,0
11022,ECG,1064,-16,0,0,0,0,0
11022,ECG,1065,-26,0,0,0,0,0
11030,ECG,1066,151,0,0,0,0,0
11030,ECG,1067,-753,0,0,0,0,0
11030,ECG,1068,-2109,0,0,0,0,0
11030,ECG,1069,-1850,0,0,0,0,0
11038,ECG,1070,-36,0,0,0,0,0
11038,ECG,1071,3394,0,0,0,0,0
11038,ECG,1072,8729,0,0,0,0,0
11038,ECG,1073,15156,0,0,0,0,0
11046,ECG,1074,21689,0,0,0,0,0
11046,ECG,1075,27397,0,0,0,0,0
11046,ECG,1076,31311,0,0,0,0,0
11046,ECG,1077,32011,0,0,0,0,0
11054,ECG,1078,31810,0,0,0,0,0
11054,ECG,1079,31610,0,0,0,0,0
11054,ECG,1080,31343,0,0,0,0,0
11054,ECG,1081,31109,0,0,0,0,0
11062,ECG,1082,31019,0,0,0,0,0
11062,ECG,1083,30731,0,0,0,0,0
11062,ECG,1084,30591,0,0,0,0,0
11062,ECG,1085,30395,0,0,0,0,0
11070,ECG,1086,30019,0,0,0,0,0
11070,ECG,1087,29827,0,0,0,0,0
11070,ECG,1088,29638,0,0,0,0,0
11078,ECG,1089,29266,0,0,0,0,0
11078,ECG,1090,29082,0,0,0,0,0
11078,ECG,1091,28900,0,0,0,0,0
11078,ECG,1092,28718,0,0,0,0,0
11086,ECG,1093,28537,0,0,0,0,0
11086,ECG,1094,28358,0,0,0,0,0
11086,ECG,1095,28180,0,0,0,0,0
11086,ECG,1096,28002,0,0,0,0,0
11094,ECG,1097,27826,0,0,0,0,0
11094,ECG,1098,27651,0,0,0,0,0
11094,ECG,1099,27478,0,0,0,0,0
11094,ECG,1100,27305,0,0,0,0,0
11102,ECG,1101,27133,0,0,0,0,0
11102,ECG,1102,26963,0,0,0,0,0
11102,ECG,1103,26793,0,0,0,0,0
11102,ECG,1104,26625,0,0,0,0,0
11110,ECG,1105,26457,0,0,0,0,0
11110,ECG,1106,26291,0,0,0,0,0
11110,ECG,1107,26126,0,0,0,0,0
11110,ECG,1108,25961,0,0,0,0,0
12121,ECG,1109,0,0,0,0,0,0
12121,ECG,1110,-1,0,0,0,0,0
12121,ECG,1111,-6,0,0,0,0,0
12121,ECG,1112,2,0,0,0,0,0
12121,ECG,1113,6,0,0,0,0,0
12129,ECG,1114,-17,0,0,0,0,0
12129,ECG,1115,38,0,0,0,0,0
12129,ECG,1116,-16,0,0,0,0,0
12129,ECG,1117,-26,0,0,0,0,0
12137,ECG,1118,151,0,0,0,0,0
12137,ECG,1119,-753,0,0,0,0,0
12137,ECG,1120,-2109,0,0,0,0,0
12137,ECG,1121,-1850,0,0,0,0,0
12145,ECG,1122,-36,0,0,0,0,0
12145,ECG,1123,3394,0,0,0,0,0
12145,ECG,1124,8729,0,0,0,0,0
12145,ECG,1125,15156,0,0,0,0,0
12153,ECG,1126,21689,0,0,0,0,0
12153,ECG,1127,27397,0,0,0,0,0
12153,ECG,1128,31311,0,0,0,0,0
12153,ECG,1129,32011,0,0,0,0,0
12161,ECG,1130,31810,0,0,0,0,0
12161,ECG,1131,31610,0,0,0,0,0
12161,ECG,1132,31343,0,0,0,0,0
12161,ECG,1133,31109,0,0,0,0,0
12169,ECG,1134,31019,0,0,0,0,0
12169,ECG,1135,30731,0,0,0,0,0
12169,ECG,1136,30591,0,0,0,0,0
12169,ECG,1137,30395,0,0,0,0,0
12177,ECG,1138,30019,0,0,0,0,0
12177,ECG,1139,29827,0,0,0,0,0
12177,ECG,1140,29638,0,0,0,0,0
12178,ECG,1141,29451,0,0,0,0,0
12185,ECG,1142,29266,0,0,0,0,0
12185,ECG,1143,29082,0,0,0,0,0
12185,ECG,1144,28900,0,0,0,0,0
12193,ECG,1145,28537,0,0,0,0,0
12193,ECG,1146,28358,0,0,0,0,0
12193,ECG,1147,28180,0,0,0,0,0
12193,ECG,1148,28002,0,0,0,0,0
12201,ECG,1149,27826,0,0,0,0,0
12201,ECG,1150,27651,0,0,0,0,0
12201,ECG,1151,27478,0,0,0,0,0
12201,ECG,1152,27305,0,0,0,0,0
12209,ECG,1153,27133,0,0,0,0,0
12209,ECG,1154,26963,0,0,0,0,0
12209,ECG,1155,26793,0,0,0,0,0
12209,ECG,1156,26625,0,0,0,0,0
12217,ECG,1157,26457,0,0,0,0,0
12217,ECG,1158,26291,0,0,0,0,0
12217,ECG,1159,26126,0,0,0,0,0
12217,ECG,1160,25961,0,0,0,0,0
13228,ECG,1161,0,0,0,0,0,0
13228,ECG,1162,-1,0,0,0,0,0
13228,ECG,1163,-6,0,0,0,0,0
13228,ECG,1164,2,0,0,0,0,0
13228,ECG,1165,6,0,0,0,0,0
13236,ECG,1166,-17,0,0,0,0,0
13236,ECG,1167,38,0,0,0,0,0
13236,ECG,1168,-16,0,0,0,0,0
13236,ECG,1169,-26,0,0,0,0,0
13245,ECG,1170,151,0,0,0,0,0
13245,ECG,1171,-753,0,0,0,0,0
13245,ECG,1172,-2109,0,0,0,0,0
13245,ECG,1173,-1850,0,0,0,0,0
13253,ECG,1174,3394,0,0,0,0,0
13253,ECG,1175,8729,0,0,0,0,0
13253,ECG,1176,15156,0,0,0,0,0
13253,ECG,1177,21689,0,0,0,0,0
13261,ECG,1178,27397,0,0,0,0,0
13261,ECG,1179,31311,0,0,0,0,0
13261,ECG,1180,32011,0,0,0,0,0
13261,ECG,1181,31810,0,0,0,0,0
13269,ECG,1182,31610,0,0,0,0,0
13269,ECG,1183,31343,0,0,0,0,0
13269,ECG,1184,31109,0,0,0,0,0
13269,ECG,1185,31019,0,0,0,0,0
13277,ECG,1186,30731,0,0,0,0,0
13277,ECG,1187,30591,0,0,0,0,0
13277,ECG,1188,30395,0,0,0,0,0
13277,ECG,1189,30195,0,0,0,0,0
13285,ECG,1190,30019,0,0,0,0,0
13285,ECG,1191,29827,0,0,0,0,0
13285,ECG,1192,29638,0,0,0,0,0
13285,ECG,1193,29451,0,0,0,0,0
13293,ECG,1194,29266,0,0,0,0,0
13293,ECG,1195,29082,0,0,0,0,0
13293,ECG,1196,28900,0,0,0,0,0
13293,ECG,1197,28718,0,0,0,0,0
13301,ECG,1198,28537,0,0,0,0,0
13301,ECG,1199,28358,0,0,0,0,0
13301,ECG,1200,28180,0,0,0,0,0
13301,ECG,1201,28002,0,0,0,0,0
13309,ECG,1202,27826,0,0,0,0,0
13309,ECG,1203,27651,0,0,0,0,0
13309,ECG,1204,27478,0,0,0,0,0
13309,ECG,1205,27305,0,0,0,0,0
13317,ECG,1206,27133,0,0,0,0,0
13317,ECG,1207,26963,0,0,0,0,0
13317,ECG,1208,26793,0,0,0,0,0
13317,ECG,1209,26625,0,0,0,0,0
13325,ECG,1210,26457,0,0,0,0,0
13325,ECG,1211,26291,0,0,0,0,0
13325,ECG,1212,26126,0,0,0,0,0
13325,ECG,1213,25961,0,0,0,0,0
14336,ECG,1214,0,0,0,0,0,0
14336,ECG,1215,-1,0,0,0,0,0
14336,ECG,1216,-6,0,0,0,0,0
14336,ECG,1217,2,0,0,0,0,0
14336,ECG,1218,6,0,0,0,0,0
14344,ECG,1219,-17,0,0,0,0,0
14344,ECG,1220,38,0,0,0,0,0
14344,ECG,1221,-16,0,0,0,0,0
14344,ECG,1222,-26,0,0,0,0,0
14352,ECG,1223,151,0,0,0,0,0
14352,ECG,1224,-753,0,0,0,0,0
14352,ECG,1225,-2109,0,0,0,0,0
14352,ECG,1226,-1850,0,0,0,0,0
14360,ECG,1227,-36,0,0,0,0,0
14360,ECG,1228,3394,0,0,0,0,0
14360,ECG,1229,8729,0,0,0,0,0
14360,ECG,1230,15156,0,0,0,0,0
14368,ECG,1231,21689,0,0,0,0,0
14368,ECG,1232,27397,0,0,0,0,0
14368,ECG,1233,31311,0,0,0,0,0
14368,ECG,1234,32011,0,0,0,0,0
14376,ECG,1235,31810,0,0,0,0,0
14376,ECG,1236,31610,0,0,0,0,0
14376,ECG,1237,31343,0,0,0,0,0
14376,ECG,1238,31109,0,0,0,0,0
14384,ECG,1239,31019,0,0,0,0,0
14384,ECG,1240,30731,0,0,0,0,0
14384,ECG,1241,30591,0,0,0,0,0
14384,ECG,1242,30395,0,0,0,0,0
14392,ECG,1243,30019,0,0,0,0,0
14392,ECG,1244,29827,0,0,0,0,0
14392,ECG,1245,29638,0,0,0,0,0
14393,ECG,1246,29451,0,0,0,0,0
14400,ECG,1247,29266,0,0,0,0,0
14400,ECG,1248,29082,0,0,0,0,0
14400,ECG,1249,28900,0,0,0,0,0
14408,ECG,1250,28537,0,0,0,0,0
14408,ECG,1251,28358,0,0,0,0,0
14408,ECG,1252,28180,0,0,0,0,0
14408,ECG,1253,28002,0,0,0,0,0
14416,ECG,1254,27826,0,0,0,0,0
14416,ECG,1255,27651,0,0,0,0,0
14416,ECG,1256,27478,0,0,0,0,0
14416,ECG,1257,27305,0,0,0,0,0
14424,ECG,1258,27133,0,0,0,0,0
14424,ECG,1259,26963,0,0,0,0,0
14424,ECG,1260,26793,0,0,0,0,0
14424,ECG,1261,26625,0,0,0,0,0
14432,ECG,1262,26457,0,0,0,0,0
14432,ECG,1263,26291,0,0,0,0,0
14432,ECG,1264,26126,0,0,0,0,0
14432,ECG,1265,25961,0,0,0,0,0
15443,ECG,1266,0,0,0,0,0,0
15443,ECG,1267,-1,0,0,0,0,0
15443,ECG,1268,-6,0,0,0,0,0
15443,ECG,1269,2,0,0,0,0,0
15443,ECG,1270,6,0,0,0,0,0
15451,ECG,1271,-17,0,0,0,0,0
15451,ECG,1272,38,0,0,0,0,0
15451,ECG,1273,-16,0,0,0,0,0
15451,ECG,1274,-26,0,0,0,0,0
15459,ECG,1275,151,0,0,0,0,0
15459,ECG,1276,-753,0,0,0,0,0
15459,ECG,1277,-2109,0,0,0,0,0
15459,ECG,1278,-1850,0,0,0,0,0
15467,ECG,1279,-36,0,0,0,0,0
15467,ECG,1280,3394,0,0,0,0,0
15467,ECG,1281,8729,0,0,0,0,0
15467,ECG,1282,15156,0,0,0,0,0
15475,ECG,1283,21689,0,0,0,0,0
15475,ECG,1284,27397,0,0,0,0,0
15475,ECG,1285,31311,0,0,0,0,0
15475,ECG,1286,32011,0,0,0,0,0
15483,ECG,1287,31810,0,0,0,0,0
15483,ECG,1288,31610,0,0,0,0,0
15483,ECG,1289,31343,0,0,0,0,0
15483,ECG,1290,31109,0,0,0,0,0
15491,ECG,1291,31019,0,0,0,0,0
15491,ECG,1292,30731,0,0,0,0,0
15491,ECG,1293,30591,0,0,0,0,0
15491,ECG,1294,30395,0,0,0,0,0
15499,ECG,1295,30019,0,0,0,0,0
15499,ECG,1296,29827,0,0,0,0,0
15499,ECG,1297,29638,0,0,0,0,0
15500,ECG,1298,29451,0,0,0,0,0
15507,ECG,1299,29266,0,0,0,0,0
15507,ECG,1300,29082,0,0,0,0,0
15507,ECG,1301,28900,0,0,0,0,0
15515,ECG,1302,28537,0,0,0,0,0
15515,ECG,1303,28358,0,0,0,0,0
15515,ECG,1304,28180,0,0,0,0,0
15515,ECG,1305,28002,0,0,0,0,0
15523,ECG,1306,27826,0,0,0,0,0
15523,ECG,1307,27651,0,0,0,0,0
15523,ECG,1308,27478,0,0,0,0,0
15523,ECG,1309,27305,0,0,0,0,0
15531,ECG,1310,27133,0,0,0,0,0
15531,ECG,1311,26963,0,0,0,0,0
15531,ECG,1312,26793,0,0,0,0,0
15531,ECG,1313,26625,0,0,0,0,0
15539,ECG,1314,26457,0,0,0,0,0
15539,ECG,1315,26291,0,0,0,0,0
15539,ECG,1316,26126,0,0,0,0,0
15539,ECG,1317,25961,0,0,0,0,0
16550,ECG,1318,0,0,0,0,0,0
16550,ECG,1319,-1,0,0,0,0,0
16550,ECG,1320,-6,0,0,0,0,0
16550,ECG,1321,2,0,0,0,0,0
16550,ECG,1322,6,0,0,0,0,0
16558,ECG,1323,-17,0,0,0,0,0
16558,ECG,1324,38,0,0,0,0,0
16558,ECG,1325,-16,0,0,0,0,0
16558,ECG,1326,-26,0,0,0,0,0
16566,ECG,1327,151,0,0,0,0,0
16566,ECG,1328,-753,0,0,0,0,0
16566,ECG,1329,-2109,0,0,0,0,0
16566,ECG,1330,-1850,0,0,0,0,0
16574,ECG,1331,-36,0,0,0,0,0
16574,ECG,1332,3394,0,0,0,0,0
16574,ECG,1333,8729,0,0,0,0,0
16574,ECG,1334,15156,0,0,0,0,0
16582,ECG,1335,21689,0,0,0,0,0
16582,ECG,1336,27397,0,0,0,0,0
16582,ECG,1337,31311,0,0,0,0,0
16582,ECG,1338,32011,0,0,0,0,0
16590,ECG,1339,31810,0,0,0,0,0
16590,ECG,1340,31610,0,0,0,0,0
16590,ECG,1341,31343,0,0,0,0,0
16590,ECG,1342,31109,0,0,0,0,0
16598,ECG,1343,31019,0,0,0,0,0
16598,ECG,1344,30731,0,0,0,0,0
16598,ECG,1345,30591,0,0,0,0,0
16598,ECG,1346,30395,0,0,0,0,0
16606,ECG,1347,30019,0,0,0,0,0
16606,ECG,1348,29827,0,0,0,0,0
16606,ECG,1349,29638,0,0,0,0,0
16607,ECG,1350,29451,0,0,0,0,0
16614,ECG,1351,29266,0,0,0,0,0
16614,ECG,1352,29082,0,0,0,0,0
16614,ECG,1353,28900,0,0,0,0,0
16622,ECG,1354,28537,0,0,0,0,0
16622,ECG,1355,28358,0,0,0,0,0
16622,ECG,1356,28180,0,0,0,0,0
16622,ECG,1357,28002,0,0,0,0,0
16630,ECG,1358,27826,0,0,0,0,0
16630,ECG,1359,27651,0,0,0,0,0
16630,ECG,1360,27478,0,0,0,0,0
16630,ECG,1361,27305,0,0,0,0,0
16638,ECG,1362,27133,0,0,0,0,0
16638,ECG,1363,26963,0,0,0,0,0
16638,ECG,1364,26793,0,0,0,0,0
16638,ECG,1365,26625,0,0,0,0,0
16646,ECG,1366,26457,0,0,0,0,0
16646,ECG,1367,26291,0,0,0,0,0
16646,ECG,1368,26126,0,0,0,0,0
16646,ECG,1369,25961,0,0,0,0,0
17657,ECG,1370,0,0,0,0,0,0
17657,ECG,1371,-1,0,0,0,0,0
17657,ECG,1372,-6,0,0,0,0,0
17657,ECG,1373,2,0,0,0,0,0
17657,ECG,1374,6,0,0,0,0,0
17665,ECG,1375,-17,0,0,0,0,0
17665,ECG,1376,38,0,0,0,0,0
17665,ECG,1377,-16,0,0,0,0,0
17665,ECG,1378,-26,0,0,0,0,0
17673,ECG,1379,151,0,0,0,0,0
17673,ECG,1380,-753,0,0,0,0,0
17673,ECG,1381,-2109,0,0,0,0,0
17673,ECG,1382,-1850,0,0,0,0,0
17681,ECG,1383,-36,0,0,0,0,0
17681,ECG,1384,3394,0,0,0,0,0
17681,ECG,1385,8729,0,0,0,0,0
17681,ECG,1386,15156,0,0,0,0,0
17689,ECG,1387,21689,0,0,0,0,0
17689,ECG,1388,27397,0,0,0,0,0
17689,ECG,1389,31311,0,0,0,0,0
17689,ECG,1390,32011,0,0,0,0,0
17697,ECG,1391,31810,0,0,0,0,0
17697,ECG,1392,31610,0,0,0,0,0
17697,ECG,1393,31343,0,0,0,0,0
17697,ECG,1394,31109,0,0,0,0,0
17705,ECG,1395,31019,0,0,0,0,0
17705,ECG,1396,30731,0,0,0,0,0
17705,ECG,1397,30591,0,0,0,0,0
17705,ECG,1398,30395,0,0,0,0,0
17713,ECG,1399,30019,0,0,0,0,0
17713,ECG,1400,29827,0,0,0,0,0
17713,ECG,1401,29638,0,0,0,0,0
17714,ECG,1402,29451,0,0,0,0,0
17721,ECG,1403,29266,0,0,0,0,0
17721,ECG,1404,29082,0,0,0,0,0
17721,ECG,1405,28900,0,0,0,0,0
17729,ECG,1406,28537,0,0,0,0,0
17729,ECG,1407,28358,0,0,0,0,0
17729,ECG,1408,28180,0,0,0,0,0
17729,ECG,1409,28002,0,0,0,0,0
17737,ECG,1410,27826,0,0,0,0,0
17737,ECG,1411,27651,0,0,0,0,0
17737,ECG,1412,27478,0,0,0,0,0
17737,ECG,1413,27305,0,0,0,0,0
17745,ECG,1414,27133,0,0,0,0,0
17745,ECG,1415,26963,0,0,0,0,0
17745,ECG,1416,26793,0,0,0,0,0
17745,ECG,1417,26625,0,0,0,0,0
17753,ECG,1418,26457,0,0,0,0,0
17753,ECG,1419,26291,0,0,0,0,0
17753,ECG,1420,26126,0,0,0,0,0
17753,ECG,1421,25961,0,0,0,0,0
18764,ECG,1422,0,0,0,0,0,0
18764,ECG,1423,-1,0,0,0,0,0
18764,ECG,1424,-6,0,0,0,0,0
18764,ECG,1425,2,0,0,0,0,0
18764,ECG,1426,6,0,0,0,0,0
18772,ECG,1427,-17,0,0,0,0,0
18772,ECG,1428,38,0,0,0,0,0
18772,ECG,1429,-16,0,0,0,0,0
18772,ECG,1430,-26,0,0,0,0,0
18780,ECG,1431,151,0,0,0,0,0
18780,ECG,1432,-753,0,0,0,0,0
18780,ECG,1433,-2109,0,0,0,0,0
18780,ECG,1434,-1850,0,0,0,0,0
18788,ECG,1435,-36,0,0,0,0,0
18788,ECG,1436,3394,0,0,0,0,0
18788,ECG,1437,8729,0,0,0,0,0
18788,ECG,1438,15156,0,0,0,0,0
18796,ECG,1439,21689,0,0,0,0,0
18796,ECG,1440,27397,0,0,0,0,0
18796,ECG,1441,31311,0,0,0,0,0
18796,ECG,1442,32011,0,0,0,0,0
18804,ECG,1443,31810,0,0,0,0,0
18804,ECG,1444,31610,0,0,0,0,0
18804,ECG,1445,31343,0,0,0,0,0
18804,ECG,1446,31109,0,0,0,0,0
18812,ECG,1447,31019,0,0,0,0,0
18812,ECG,1448,30731,0,0,0,0,0
18812,ECG,1449,30591,0,0,0,0,0
18812,ECG,1450,30395,0,0,0,0,0
18820,ECG,1451,30019,0,0,0,0,0
18820,ECG,1452,29827,0,0,0,0,0
18820,ECG,1453,29638,0,0,0,0,0
18821,ECG,1454,29451,0,0,0,0,0
18828,ECG,1455,29266,0,0,0,0,0
18828,ECG,1456,29082,0,0,0,0,0
18828,ECG,1457,28900,0,0,0,0,0
18836,ECG,1458,28537,0,0,0,0,0
18836,ECG,1459,28358,0,0,0,0,0
18836,ECG,1460,28180,0,0,0,0,0
18836,ECG,1461,28002,0,0,0,0,0
18844,ECG,1462,27826,0,0,0,0,0
18844,ECG,1463,27651,0,0,0,0,0
18844,ECG,1464,27478,0,0,0,0,0
18844,ECG,1465,27305,0,0,0,0,0
18852,ECG,1466,27133,0,0,0,0,0
18852,ECG,1467,26963,0,0,0,0,0
18852,ECG,1468,26793,0,0,0,0,0
18852,ECG,1469,26625,0,0,0,0,0
18860,ECG,1470,26457,0,0,0,0,0
18860,ECG,1471,26291,0,0,0,0,0
18860,ECG,1472,26126,0,0,0,0,0
18860,ECG,1473,25961,0,0,0,0,0
19871,ECG,1474,0,0,0,0,0,0
19871,ECG,1475,-1,0,0,0,0,0
19871,ECG,1476,-6,0,0,0,0,0
19871,ECG,1477,2,0,0,0,0,0
19871,ECG,1478,6,0,0,0,0,0
19879,ECG,1479,-17,0,0,0,0,0
19879,ECG,1480,38,0,0,0,0,0
19879,ECG,1481,-16,0,0,0,0,0
19879,ECG,1482,-26,0,0,0,0,0
19887,ECG,1483,151,0,0,0,0,0
19887,ECG,1484,-753,0,0,0,0,0
19887,ECG,1485,-2109,0,0,0,0,0
19887,ECG,1486,-1850,0,0,0,0,0
19895,ECG,1487,-36,0,0,0,0,0
19895,ECG,1488,3394,0,0,0,0,0
19895,ECG,1489,8729,0,0,0,0,0
19895,ECG,1490,15156,0,0,0,0,0
19903,ECG,1491,21689,0,0,0,0,0
19903,ECG,1492,27397,0,0,0,0,0
19903,ECG,1493,31311,0,0,0,0,0
19903,ECG,1494,32011,0,0,0,0,0
19911,ECG,1495,31810,0,0,0,0,0
19911,ECG,1496,31610,0,0,0,0,0
19911,ECG,1497,31343,0,0,0,0,0
19911,ECG,1498,31109,0,0,0,0,0
19919,ECG,1499,31019,0,0,0,0,0
19919,ECG,1500,30731,0,0,0,0,0
19919,ECG,1501,30591,0,0,0,0,0
19919,ECG,1502,30395,0,0,0,0,0
19927,ECG,1503,30019,0,0,0,0,0
19927,ECG,1504,29827,0,0,0,0,0
19927,ECG,1505,29638,0,0,0,0,0
19928,ECG,1506,29451,0,0,0,0,0
19935,ECG,1507,29266,0,0,0,0,0
19935,ECG,1508,29082,0,0,0,0,0
19935,ECG,1509,28900,0,0,0,0,0
19935,ECG,1510,28718,0,0,0,0,0
19943,ECG,1511,28537,0,0,0,0,0
19943,ECG,1512,28358,0,0,0,0,0
19943,ECG,1513,28180,0,0,0,0,0
19943,ECG,1514,28002,0,0,0,0,0
19951,ECG,1515,27826,0,0,0,0,0
19951,ECG,1516,27651,0,0,0,0,0
19951,ECG,1517,27478,0,0,0,0,0
19951,ECG,1518,27305,0,0,0,0,0
19959,ECG,1519,27133,0,0,0,0,0
19959,ECG,1520,26963,0,0,0,0,0
19959,ECG,1521,26793,0,0,0,0,0
19959,ECG,1522,26625,0,0,0,0,0
19967,ECG,1523,26457,0,0,0,0,0
19967,ECG,1524,26291,0,0,0,0,0
19967,ECG,1525,26126,0,0,0,0,0
19967,ECG,1526,25961,0,0,0,0,0
20978,ECG,1527,0,0,0,0,0,0
20978,ECG,1528,-1,0,0,0,0,0
20978,ECG,1529,-6,0,0,0,0,0
20978,ECG,1530,2,0,0,0,0,0
20978,ECG,1531,6,0,0,0,0,0
20986,ECG,1532,-17,0,0,0,0,0
20986,ECG,1533,38,0,0,0,0,0
20986,ECG,1534,-16,0,0,0,0,0
20986,ECG,1535,-26,0,0,0,0,0
20994,ECG,1536,151,0,0,0,0,0
20994,ECG,1537,-753,0,0,0,0,0
20994,ECG,1538,-2109,0,0,0,0,0
20994,ECG,1539,-1850,0,0,0,0,0
21002,ECG,1540,-36,0,0,0,0,0
21002,ECG,1541,3394,0,0,0,0,0
21002,ECG,1542,8729,0,0,0,0,0
21002,ECG,1543,15156,0,0,0,0,0
21010,ECG,1544,21689,0,0,0,0,0
21010,ECG,1545,27397,0,0,0,0,0
21010,ECG,1546,31311,0,0,0,0,0
21010,ECG,1547,32011,0,0,0,0,0
21018,ECG,1548,31810,0,0,0,0,0
21018,ECG,1549,31610,0,0,0,0,0
21018,ECG,1550,31343,0,0,0,0,0
21018,ECG,1551,31109,0,0,0,0,0
21026,ECG,1552,31019,0,0,0,0,0
21026,ECG,1553,30731,0,0,0,0,0
21026,ECG,1554,30591,0,0,0,0,0
21026,ECG,1555,30395,0,0,0,0,0
21034,ECG,1556,30019,0,0,0,0,0
21034,ECG,1557,29827,0,0,0,0,0
21034,ECG,1558,29638,0,0,0,0,0
21035,ECG,1559,29451,0,0,0,0,0
21042,ECG,1560,29266,0,0,0,0,0
21042,ECG,1561,29082,0,0,0,0,0
21042,ECG,1562,28900,0,0,0,0,0
21050,ECG,1563,28537,0,0,0,0,0
21050,ECG,1564,28358,0,0,0,0,0
21050,ECG,1565,28180,0,0,0,0,0
21050,ECG,1566,28002,0,0,0,0,0
21058,ECG,1567,27826,0,0,0,0,0
21058,ECG,1568,27651,0,0,0,0,0
21058,ECG,1569,27478,0,0,0,0,0
21058,ECG,1570,27305,0,0,0,0,0
21066,ECG,1571,27133,0,0,0,0,0
21066,ECG,1572,26963,0,0,0,0,0
21066,ECG,1573,26793,0,0,0,0,0
21066,ECG,1574,26625,0,0,0,0,0
21074,ECG,1575,26457,0,0,0,0,0
21074,ECG,1576,26291,0,0,0,0,0
21074,ECG,1577,26126,0,0,0,0,0
21074,ECG,1578,25961,0,0,0,0,0
22085,ECG,1579,0,0,0,0,0,0
22085,ECG,1580,-1,0,0,0,0,0
22085,ECG,1581,-6,0,0,0,0,0
22085,ECG,1582,2,0,0,0,0,0
22085,ECG,1583,6,0,0,0,0,0
22093,ECG,1584,-17,0,0,0,0,0
22093,ECG,1585,38,0,0,0,0,0
22093,ECG,1586,-16,0,0,0,0,0
22093,ECG,1587,-26,0,0,0,0,0
22101,ECG,1588,151,0,0,0,0,0
22101,ECG,1589,-753,0,0,0,0,0
22101,ECG,1590,-2109,0,0,0,0,0
22101,ECG,1591,-1850,0,0,0,0,0
22109,ECG,1592,-36,0,0,0,0,0
22109,ECG,1593,3394,0,0,0,0,0
22109,ECG,1594,8729,0,0,0,0,0
22109,ECG,1595,15156,0,0,0,0,0
22117,ECG,1596,21689,0,0,0,0,0
22117,ECG,1597,27397,0,0,0,0,0
22117,ECG,1598,31311,0,0,0,0,0
22117,ECG,1599,32011,0,0,0,0,0
22125,ECG,1600,31810,0,0,0,0,0
22125,ECG,1601,31610,0,0,0,0,0
22125,ECG,1602,31343,0,0,0,0,0
22125,ECG,1603,31109,0,0,0,0,0
22133,ECG,1604,31019,0,0,0,0,0
22133,ECG,1605,30731,0,0,0,0,0
22133,ECG,1606,30591,0,0,0,0,0
22133,ECG,1607,30395,0,0,0,0,0
22141,ECG,1608,30019,0,0,0,0,0
22141,ECG,1609,29827,0,0,0,0,0
22141,ECG,1610,29638,0,0,0,0,0
22149,ECG,1611,29266,0,0,0,0,0
22149,ECG,1612,29082,0,0,0,0,0
22149,ECG,1613,28900,0,0,0,0,0
22149,ECG,1614,28718,0,0,0,0,0
22157,ECG,1615,28537,0,0,0,0,0
22157,ECG,1616,28358,0,0,0,0,0
22157,ECG,1617,28180,0,0,0,0,0
22157,ECG,1618,28002,0,0,0,0,0
22165,ECG,1619,27826,0,0,0,0,0
22165,ECG,1620,27651,0,0,0,0,0
22165,ECG,1621,27478,0,0,0,0,0
22165,ECG,1622,27305,0,0,0,0,0
22173,ECG,1623,27133,0,0,0,0,0
22173,ECG,1624,26963,0,0,0,0,0
22173,ECG,1625,26793,0,0,0,0,0
22173,ECG,1626,26625,0,0,0,0,0
22181,ECG,1627,26457,0,0,0,0,0
22181,ECG,1628,26291,0,0,0,0,0
22181,ECG,1629,26126,0,0,0,0,0
22181,ECG,1630,25961,0,0,0,0,0
23192,ECG,1631,0,0,0,0,0,0
23192,ECG,1632,-1,0,0,0,0,0
23192,ECG,1633,-6,0,0,0,0,0
23192,ECG,1634,2,0,0,0,0,0
23192,ECG,1635,6,0,0,0,0,0
23200,ECG,1636,-17,0,0,0,0,0
23200,ECG,1637,38,0,0,0,0,0
23200,ECG,1638,-16,0,0,0,0,0
23200,ECG,1639,-26,0,0,0,0,0
23208,ECG,1640,151,0,0,0,0,0
23208,ECG,1641,-753,0,0,0,0,0
23208,ECG,1642,-2109,0,0,0,0,0
23208,ECG,1643,-1850,0,0,0,0,0
23216,ECG,1644,-36,0,0,0,0,0
23216,ECG,1645,3394,0,0,0,0,0
23216,ECG,1646,8729,0,0,0,0,0
23216,ECG,1647,15156,0,0,0,0,0
23224,ECG,1648,21689,0,0,0,0,0
23224,ECG,1649,27397,0,0,0,0,0
23224,ECG,1650,31311,0,0,0,0,0
23224,ECG,1651,32011,0,0,0,0,0
23232,ECG,1652,31810,0,0,0,0,0
23232,ECG,1653,31610,0,0,0,0,0
23232,ECG,1654,31343,0,0,0,0,0
23232,ECG,1655,31109,0,0,0,0,0
23240,ECG,1656,31019,0,0,0,0,0
23240,ECG,1657,30731,0,0,0,0,0
23240,ECG,1658,30591,0,0,0,0,0
23240,ECG,1659,30395,0,0,0,0,0
23248,ECG,1660,30019,0,0,0,0,0
23248,ECG,1661,29827,0,0,0,0,0
23248,ECG,1662,29638,0,0,0,0,0
23256,ECG,1663,29266,0,0,0,0,0
23256,ECG,1664,29082,0,0,0,0,0
23256,ECG,1665,28900,0,0,0,0,0
23256,ECG,1666,28718,0,0,0,0,0
23264,ECG,1667,28537,0,0,0,0,0
23264,ECG,1668,28358,0,0,0,0,0
23264,ECG,1669,28180,0,0,0,0,0
23264,ECG,1670,28002,0,0,0,0,0
23272,ECG,1671,27826,0,0,0,0,0
23272,ECG,1672,27651,0,0,0,0,0
23272,ECG,1673,27478,0,0,0,0,0
23272,ECG,1674,27305,0,0,0,0,0
23280,ECG,1675,27133,0,0,0,0,0
23280,ECG,1676,26963,0,0,0,0,0
23280,ECG,1677,26793,0,0,0,0,0
23280,ECG,1678,26625,0,0,0,0,0
23288,ECG,1679,26457,0,0,0,0,0
23288,ECG,1680,26291,0,0,0,0,0
23288,ECG,1681,26126,0,0,0,0,0
23288,ECG,1682,25961,0,0,0,0,0
24299,ECG,1683,0,0,0,0,0,0
24299,ECG,1684,-1,0,0,0,0,0
24299,ECG,1685,-6,0,0,0,0,0
24299,ECG,1686,2,0,0,0,0,0
24299,ECG,1687,6,0,0,0,0,0
24307,ECG,1688,-17,0,0,0,0,0
24307,ECG,1689,38,0,0,0,0,0
24307,ECG,1690,-16,0,0,0,0,0
24307,ECG,1691,-26,0,0,0,0,0
24315,ECG,1692,151,0,0,0,0,0
24315,ECG,1693,-753,0,0,0,0,0
24315,ECG,1694,-2109,0,0,0,0,0
24315,ECG,1695,-1850,0,0,0,0,0
24323,ECG,1696,-36,0,0,0,0,0
24323,ECG,1697,3394,0,0,0,0,0
24323,ECG,1698,8729,0,0,0,0,0
24323,ECG,1699,15156,0,0,0,0,0
24331,ECG,1700,21689,0,0,0,0,0
24331,ECG,1701,27397,0,0,0,0,0
24331,ECG,1702,31311,0,0,0,0,0
24331,ECG,1703,32011,0,0,0,0,0
24339,ECG,1704,31810,0,0,0,0,0
24339,ECG,1705,31610,0,0,0,0,0
24339,ECG,1706,31343,0,0,0,0,0
24339,ECG,1707,31109,0,0,0,0,0
24347,ECG,1708,31019,0,0,0,0,0
24347,ECG,1709,30731,0,0,0,0,0
24347,ECG,1710,30591,0,0,0,0,0
24347,ECG,1711,30395,0,0,0,0,0
24355,ECG,1712,30019,0,0,0,0,0
24355,ECG,1713,29827,0,0,0,0,0
24355,ECG,1714,29638,0,0,0,0,0
24363,ECG,1715,29266,0,0,0,0,0
24363,ECG,1716,29082,0,0,0,0,0
24363,ECG,1717,28900,0,0,0,0,0
24363,ECG,1718,28718,0,0,0,0,0
24371,ECG,1719,28537,0,0,0,0,0
24371,ECG,1720,28358,0,0,0,0,0
24371,ECG,1721,28180,0,0,0,0,0
24371,ECG,1722,28002,0,0,0,0,0
24379,ECG,1723,27826,0,0,0,0,0
24379,ECG,1724,27651,0,0,0,0,0
24379,ECG,1725,27478,0,0,0,0,0
24379,ECG,1726,27305,0,0,0,0,0
24387,ECG,1727,27133,0,0,0,0,0
24387,ECG,1728,26963,0,0,0,0,0
24387,ECG,1729,26793,0,0,0,0,0
24387,ECG,1730,26625,0,0,0,0,0
24395,ECG,1731,26457,0,0,0,0,0
24395,ECG,1732,26291,0,0,0,0,0
24395,ECG,1733,26126,0,0,0,0,0
24395,ECG,1734,25961,0,0,0,0,0
25406,ECG,1735,0,0,0,0,0,0
25406,ECG,1736,-1,0,0,0,0,0
25406,ECG,1737,-6,0,0,0,0,0
25406,ECG,1738,2,0,0,0,0,0
25406,ECG,1739,6,0,0,0,0,0
25414,ECG,1740,-17,0,0,0,0,0
25414,ECG,1741,38,0,0,0,0,0
25414,ECG,1742,-16,0,0,0,0,0
25414,ECG,1743,-26,0,0,0,0,0
25422,ECG,1744,151,0,0,0,0,0
25422,ECG,1745,-753,0,0,0,0,0
25422,ECG,1746,-2109,0,0,0,0,0
25422,ECG,1747,-1850,0,0,0,0,0
25430,ECG,1748,-36,0,0,0,0,0
25430,ECG,1749,3394,0,0,0,0,0
25430,ECG,1750,8729,0,0,0,0,0
25430,ECG,1751,15156,0,0,0,0,0
25438,ECG,1752,21689,0,0,0,0,0
25438,ECG,1753,27397,0,0,0,0,0
25438,ECG,1754,31311,0,0,0,0,0
25438,ECG,1755,32011,0,0,0,0,0
25446,ECG,1756,31810,0,0,0,0,0
25446,ECG,1757,31610,0,0,0,0,0
25446,ECG,1758,31343,0,0,0,0,0
25446,ECG,1759,31109,0,0,0,0,0
25454,ECG,1760,30731,0,0,0,0,0
25454,ECG,1761,30591,0,0,0,0,0
25454,ECG,1762,30395,0,0,0,0,0
25462,ECG,1763,30019,0,0,0,0,0
25462,ECG,1764,29827,0,0,0,0,0
25462,ECG,1765,29638,0,0,0,0,0
25470,ECG,1766,29266,0,0,0,0,0
25470,ECG,1767,29082,0,0,0,0,0
25470,ECG,1768,28900,0,0,0,0,0
25470,ECG,1769,28718,0,0,0,0,0
25478,ECG,1770,28537,0,0,0,0,0
25478,ECG,1771,28358,0,0,0,0,0
25478,ECG,1772,28180,0,0,0,0,0
25478,ECG,1773,28002,0,0,0,0,0
25486,ECG,1774,27826,0,0,0,0,0
25486,ECG,1775,27651,0,0,0,0,0
25486,ECG,1776,27478,0,0,0,0,0
25486,ECG,1777,27305,0,0,0,0,0
25494,ECG,1778,27133,0,0,0,0,0
25494,ECG,1779,26963,0,0,0,0,0
25494,ECG,1780,26793,0,0,0,0,0
25494,ECG,1781,26625,0,0,0,0,0
25502,ECG,1782,26457,0,0,0,0,0
25502,ECG,1783,26291,0,0,0,0,0
25502,ECG,1784,26126,0,0,0,0,0
25502,ECG,1785,25961,0,0,0,0,0
26513,ECG,1786,0,0,0,0,0,0
26513,ECG,1787,-1,0,0,0,0,0
26513,ECG,1788,-6,0,0,0,0,0
26513,ECG,1789,2,0,0,0,0,0
26513,ECG,1790,6,0,0,0,0,0
26521,ECG,1791,-17,0,0,0,0,0
26521,ECG,1792,38,0,0,0,0,0
26521,ECG,1793,-16,0,0,0,0,0
26521,ECG,1794,-26,0,0,0,0,0
26529,ECG,1795,151,0,0,0,0,0
26529,ECG,1796,-753,0,0,0,0,0
26529,ECG,1797,-2109,0,0,0,0,0
26529,ECG,1798,-1850,0,0,0,0,0
26537,ECG,1799,-36,0,0,0,0,0
26537,ECG,1800,3394,0,0,0,0,0
26537,ECG,1801,8729,0,0,0,0,0
26537,ECG,1802,15156,0,0,0,0,0
26545,ECG,1803,21689,0,0,0,0,0
26545,ECG,1804,27397,0,0,0,0,0
26545,ECG,1805,31311,0,0,0,0,0
26545,ECG,1806,32011,0,0,0,0,0
26553,ECG,1807,31810,0,0,0,0,0
26553,ECG,1808,31610,0,0,0,0,0
26553,ECG,1809,31343,0,0,0,0,0
26553,ECG,1810,31109,0,0,0,0,0
26561,ECG,1811,31019,0,0,0,0,0
26561,ECG,1812,30731,0,0,0,0,0
26561,ECG,1813,30591,0,0,0,0,0
26561,ECG,1814,30395,0,0,0,0,0
26569,ECG,1815,30019,0,0,0,0,0
26569,ECG,1816,29827,0,0,0,0,0
26569,ECG,1817,29638,0,0,0,0,0
26577,ECG,1818,29266,0,0,0,0,0
26577,ECG,1819,29082,0,0,0,0,0
26577,ECG,1820,28900,0,0,0,0,0
26577,ECG,1821,28718,0,0,0,0,0
26585,ECG,1822,28537,0,0,0,0,0
26585,ECG,1823,28358,0,0,0,0,0
26585,ECG,1824,28180,0,0,0,0,0
26585,ECG,1825,28002,0,0,0,0,0
26593,ECG,1826,27826,0,0,0,0,0
26593,ECG,1827,27651,0,0,0,0,0
26593,ECG,1828,27478,0,0,0,0,0
26593,ECG,1829,27305,0,0,0,0,0
26601,ECG,1830,27133,0,0,0,0,0
26601,ECG,1831,26963,0,0,0,0,0
26601,ECG,1832,26793,0,0,0,0,0
26601,ECG,1833,26625,0,0,0,0,0
26609,ECG,1834,26457,0,0,0,0,0
26609,ECG,1835,26291,0,0,0,0,0
26609,ECG,1836,26126,0,0,0,0,0
26609,ECG,1837,25961,0,0,0,0,0
27620,ECG,1838,0,0,0,0,0,0
27620,ECG,1839,-1,0,0,0,0,0
27620,ECG,1840,-6,0,0,0,0,0
27620,ECG,1841,2,0,0,0,0,0
27620,ECG,1842,6,0,0,0,0,0
27628,ECG,1843,-17,0,0,0,0,0
27628,ECG,1844,38,0,0,0,0,0
27628,ECG,1845,-16,0,0,0,0,0
27628,ECG,1846,-26,0,0,0,0,0
27636,ECG,1847,151,0,0,0,0,0
27636,ECG,1848,-753,0,0,0,0,0
27636,ECG,1849,-2109,0,0,0,0,0
27636,ECG,1850,-1850,0,0,0,0,0
27644,ECG,1851,-36,0,0,0,0,0
27644,ECG,1852,3394,0,0,0,0,0
27644,ECG,1853,8729,0,0,0,0,0
27644,ECG,1854,15156,0,0,0,0,0
27652,ECG,1855,21689,0,0,0,0,0
27652,ECG,1856,27397,0,0,0,0,0
27652,ECG,1857,31311,0,0,0,0,0
27652,ECG,1858,32011,0,0,0,0,0
27660,ECG,1859,31810,0,0,0,0,0
27660,ECG,1860,31610,0,0,0,0,0
27660,ECG,1861,31343,0,0,0,0,0
27660,ECG,1862,31109,0,0,0,0,0
27668,ECG,1863,31019,0,0,0,0,0
27668,ECG,1864,30731,0,0,0,0,0
27668,ECG,1865,30591,0,0,0,0,0
27668,ECG,1866,30395,0,0,0,0,0
27676,ECG,1867,30019,0,0,0,0,0
27676,ECG,1868,29827,0,0,0,0,0
27676,ECG,1869,29638,0,0,0,0,0
27684,ECG,1870,29266,0,0,0,0,0
27684,ECG,1871,29082,0,0,0,0,0
27684,ECG,1872,28900,0,0,0,0,0
27684,ECG,1873,28718,0,0,0,0,0
27692,ECG,1874,28537,0,0,0,0,0
27692,ECG,1875,28358,0,0,0,0,0
27692,ECG,1876,28180,0,0,0,0,0
27692,ECG,1877,28002,0,0,0,0,0
27700,ECG,1878,27826,0,0,0,0,0
27700,ECG,1879,27651,0,0,0,0,0
27700,ECG,1880,27478,0,0,0,0,0
27700,ECG,1881,27305,0,0,0,0,0
27708,ECG,1882,27133,0,0,0,0,0
27708,ECG,1883,26963,0,0,0,0,0
27708,ECG,1884,26793,0,0,0,0,0
27708,ECG,1885,26625,0,0,0,0,0
27716,ECG,1886,26457,0,0,0,0,0
27716,ECG,1887,26291,0,0,0,0,0
27716,ECG,1888,26126,0,0,0,0,0
27716,ECG,1889,25961,0,0,0,0,0
28727,ECG,1890,0,0,0,0,0,0
28727,ECG,1891,-1,0,0,0,0,0
28727,ECG,1892,-6,0,0,0,0,0
28727,ECG,1893,2,0,0,0,0,0
28727,ECG,1894,6,0,0,0,0,0
28735,ECG,1895,-17,0,0,0,0,0
28735,ECG,1896,38,0,0,0,0,0
28735,ECG,1897,-16,0,0,0,0,0
28735,ECG,1898,-26,0,0,0,0,0
28743,ECG,1899,151,0,0,0,0,0
28743,ECG,1900,-753,0,0,0,0,0
28743,ECG,1901,-2109,0,0,0,0,0
28743,ECG,1902,-1850,0,0,0,0,0
28751,ECG,1903,-36,0,0,0,0,0
28751,ECG,1904,3394,0,0,0,0,0
28751,ECG,1905,8729,0,0,0,0,0
28751,ECG,1906,15156,0,0,0,0,0
28759,ECG,1907,21688,0,0,0,0,0
28759,ECG,1908,27397,0,0,0,0,0
28759,ECG,1909,31311,0,0,0,0,0
28759,ECG,1910,32011,0,0,0,0,0
28767,ECG,1911,31810,0,0,0,0,0
28767,ECG,1912,31610,0,0,0,0,0
28767,ECG,1913,31342,0,0,0,0,0
28767,ECG,1914,31117,0,0,0,0,0
28775,ECG,1915,31019,0,0,0,0,0
28775,ECG,1916,30727,0,0,0,0,0
28775,ECG,1917,30577,0,0,0,0,0
28775,ECG,1918,30369,0,0,0,0,0
28783,ECG,1919,29973,0,0,0,0,0
28783,ECG,1920,29781,0,0,0,0,0
28783,ECG,1921,29599,0,0,0,0,0
28784,ECG,1922,29426,0,0,0,0,0
28791,ECG,1923,29254,0,0,0,0,0
28791,ECG,1924,29080,0,0,0,0,0
28791,ECG,1925,28911,0,0,0,0,0
28799,ECG,1926,28538,0,0,0,0,0
28799,ECG,1927,28360,0,0,0,0,0
28799,ECG,1928,28182,0,0,0,0,0
28799,ECG,1929,28004,0,0,0,0,0
28807,ECG,1930,27828,0,0,0,0,0
28807,ECG,1931,27653,0,0,0,0,0
28807,ECG,1932,27479,0,0,0,0,0
28807,ECG,1933,27307,0,0,0,0,0
28815,ECG,1934,27135,0,0,0,0,0
28815,ECG,1935,26964,0,0,0,0,0
28815,ECG,1936,26795,0,0,0,0,0
28815,ECG,1937,26626,0,0,0,0,0
28823,ECG,1938,26459,0,0,0,0,0
28823,ECG,1939,26293,0,0,0,0,0
28823,ECG,1940,26127,0,0,0,0,0
28823,ECG,1941,25963,0,0,0,0,0
29834,ECG,1942,0,0,0,0,0,0
29834,ECG,1943,-1,0,0,0,0,0
29834,ECG,1944,-6,0,0,0,0,0
29834,ECG,1945,2,0,0,0,0,0
29834,ECG,1946,6,0,0,0,0,0
29842,ECG,1947,-16,0,0,0,0,0
29842,ECG,1948,38,0,0,0,0,0
29842,ECG,1949,-17,0,0,0,0,0
29842,ECG,1950,-21,0,0,0,0,0
29850,ECG,1951,142,0,0,0,0,0
29850,ECG,1952,-744,0,0,0,0,0
29850,ECG,1953,-2055,0,0,0,0,0
29850,ECG,1954,-1830,0,0,0,0,0
29858,ECG,1955,-81,0,0,0,0,0
29858,ECG,1956,3300,0,0,0,0,0
29858,ECG,1957,8567,0,0,0,0,0
29858,ECG,1958,14939,0,0,0,0,0
29866,ECG,1959,21455,0,0,0,0,0
29866,ECG,1960,27178,0,0,0,0,0
29866,ECG,1961,31143,0,0,0,0,0
29866,ECG,1962,32018,0,0,0,0,0
29874,ECG,1963,31817,0,0,0,0,0
29874,ECG,1964,31617,0,0,0,0,0
29874,ECG,1965,31406,0,0,0,0,0
29874,ECG,1966,31134,0,0,0,0,0
29882,ECG,1967,31025,0,0,0,0,0
29882,ECG,1968,30742,0,0,0,0,0
29882,ECG,1969,30597,0,0,0,0,0
29882,ECG,1970,30400,0,0,0,0,0
29890,ECG,1971,30024,0,0,0,0,0
29890,ECG,1972,29833,0,0,0,0,0
29890,ECG,1973,29644,0,0,0,0,0
29898,ECG,1974,29272,0,0,0,0,0
29898,ECG,1975,29088,0,0,0,0,0
29898,ECG,1976,28906,0,0,0,0,0
29898,ECG,1977,28724,0,0,0,0,0
29906,ECG,1978,28543,0,0,0,0,0
29906,ECG,1979,28364,0,0,0,0,0
29906,ECG,1980,28186,0,0,0,0,0
29906,ECG,1981,28008,0,0,0,0,0
29914,ECG,1982,27832,0,0,0,0,0
29914,ECG,1983,27657,0,0,0,0,0
29914,ECG,1984,27483,0,0,0,0,0
29914,ECG,1985,27312,0,0,0,0,0
29922,ECG,1986,27139,0,0,0,0,0
29922,ECG,1987,26966,0,0,0,0,0
29922,ECG,1988,26805,0,0,0,0,0
29922,ECG,1989,26623,0,0,0,0,0
29930,ECG,1990,26474,0,0,0,0,0
29930,ECG,1991,26341,0,0,0,0,0
29930,ECG,1992,26175,0,0,0,0,0
29930,ECG,1993,25901,0,0,0,0,0
30941,ECG,1994,0,0,0,0,0,0
30941,ECG,1995,-1,0,0,0,0,0
30941,ECG,1996,-6,0,0,0,0,0
30941,ECG,1997,2,0,0,0,0,0
30941,ECG,1998,6,0,0,0,0,0
30949,ECG,1999,-17,0,0,0,0,0
30949,ECG,2000,38,0,0,0,0,0
30949,ECG,2001,-16,0,0,0,0,0
30949,ECG,2002,-26,0,0,0,0,0
30957,ECG,2003,151,0,0,0,0,0
30957,ECG,2004,-755,0,0,0,0,0
30957,ECG,2005,-2108,0,0,0,0,0
30957,ECG,2006,-1850,0,0,0,0,0
30965,ECG,2007,-41,0,0,0,0,0
30965,ECG,2008,3405,0,0,0,0,0
30965,ECG,2009,8717,0,0,0,0,0
30965,ECG,2010,15162,0,0,0,0,0
30973,ECG,2011,21828,0,0,0,0,0
30973,ECG,2012,27500,0,0,0,0,0
30973,ECG,2013,31221,0,0,0,0,0
30973,ECG,2014,32010,0,0,0,0,0
30981,ECG,2015,31809,0,0,0,0,0
30981,ECG,2016,31609,0,0,0,0,0
30981,ECG,2017,30612,0,0,0,0,0
30981,ECG,2018,30406,0,0,0,0,0
30989,ECG,2019,30447,0,0,0,0,0
30989,ECG,2020,30356,0,0,0,0,0
30989,ECG,2021,30463,0,0,0,0,0
30989,ECG,2022,30454,0,0,0,0,0
30997,ECG,2023,30025,0,0,0,0,0
30997,ECG,2024,29625,0,0,0,0,0
30997,ECG,2025,29351,0,0,0,0,0
31005,ECG,2026,28920,0,0,0,0,0
31005,ECG,2027,28789,0,0,0,0,0
31005,ECG,2028,28684,0,0,0,0,0
31013,ECG,2029,28606,0,0,0,0,0
31013,ECG,2030,28417,0,0,0,0,0
31013,ECG,2031,28078,0,0,0,0,0
31013,ECG,2032,27656,0,0,0,0,0
31021,ECG,2033,27277,0,0,0,0,0
31021,ECG,2034,26991,0,0,0,0,0
31021,ECG,2035,26799,0,0,0,0,0
31021,ECG,2036,26729,0,0,0,0,0
31029,ECG,2037,26721,0,0,0,0,0
31029,ECG,2038,26806,0,0,0,0,0
31029,ECG,2039,26883,0,0,0,0,0
31029,ECG,2040,26714,0,0,0,0,0
31037,ECG,2041,26515,0,0,0,0,0
31037,ECG,2042,26067,0,0,0,0,0
31037,ECG,2043,25706,0,0,0,0,0
31037,ECG,2044,25418,0,0,0,0,0
32048,ECG,2045,0,0,0,0,0,0
32048,ECG,2046,-1,0,0,0,0,0
32048,ECG,2047,-6,0,0,0,0,0
31826,IMU,1248,-40,2096,-7852,-16,118,48
31845,IMU,1249,-112,2120,-7780,-22,109,27
31864,IMU,1250,4,2144,-7760,-40,142,39
31883,IMU,1251,-88,2132,-7832,-17,129,33
31902,IMU,1252,-88,2052,-7832,-34,129,34
31922,IMU,1253,-16,2168,-7784,0,130,24
31941,IMU,1254,-52,2072,-7824,-29,115,20
31960,IMU,1255,-40,2188,-7860,-35,127,19
31979,IMU,1256,-132,2196,-7816,4,119,40
31999,IMU,1257,-116,2108,-7804,-14,110,31
32018,IMU,1258,-16,2156,-7920,-19,111,44
32037,IMU,1259,56,2064,-7832,-38,133,34
32057,IMU,1260,12,2068,-7712,4,102,44
32076,IMU,1261,-4,2168,-7892,-12,131,42
32095,IMU,1262,32,2164,-7912,-20,126,38
32114,IMU,1263,-80,2276,-7844,94,83,26
32133,IMU,1264,-44,2192,-7720,2,103,41
32152,IMU,1265,-56,2188,-7816,-24,139,27
32171,IMU,1266,-52,2088,-7824,-10,124,31
32190,IMU,1267,-84,2092,-7840,-17,123,29
32210,IMU,1268,-56,2100,-7848,-22,125,34
32231,IMU,1269,-36,2124,-7832,-12,106,36
32248,IMU,1270,-108,2168,-7796,-6,106,42
32267,IMU,1271,-56,2196,-7760,-21,130,53
32286,IMU,1272,52,2168,-7856,-18,121,56
32306,IMU,1273,-4,2172,-7660,89,65,22
32325,IMU,1274,-40,2168,-7768,-22,109,44
32344,IMU,1275,-68,2188,-7796,-49,116,18
32363,IMU,1276,44,2212,-7836,-30,118,20
32383,IMU,1277,-20,2100,-7784,-19,124,31
32402,IMU,1278,-72,2184,-7848,-21,135,32
32421,IMU,1279,-48,2144,-7844,-16,108,26
32443,IMU,1280,-40,2164,-7820,-24,137,44
32459,IMU,1281,8,2072,-7752,-28,127,31
32479,IMU,1282,36,2120,-7856,-10,131,46
32498,IMU,1283,-88,2152,-7848,-22,132,31
32517,IMU,1284,-60,2160,-7772,-25,125,41
32536,IMU,1285,-92,2084,-7820,-12,128,31
32555,IMU,1286,28,2136,-7820,-18,132,68
32575,IMU,1287,-12,2108,-7724,-20,136,38
32594,IMU,1288,-96,2036,-7816,-33,124,27
32613,IMU,1289,-100,2148,-7856,-42,119,15
32632,IMU,1290,16,2072,-7760,-16,120,47
32652,IMU,1291,-72,1996,-7728,-17,111,48
32671,IMU,1292,-64,2272,-7724,-15,108,36
32690,IMU,1293,-56,2288,-7856,-33,126,38
32709,IMU,1294,4,2216,-7788,-7,141,29
32728,IMU,1295,-48,2036,-7832,-9,125,33
32748,IMU,1296,-116,2056,-7784,-34,131,39
32767,IMU,1297,-36,2136,-7808,-10,114,34
32788,IMU,1298,72,2212,-7852,-9,104,36
32805,IMU,1299,-64,2228,-7892,-19,101,40
32824,IMU,1300,-68,2144,-7892,-25,126,33
32844,IMU,1301,-76,2116,-7760,-28,112,38
32863,IMU,1302,16,2200,-7796,-14,134,42
32885,IMU,1303,-32,2180,-7852,-40,138,42
32901,IMU,1304,-68,2240,-7812,-20,117,31
32920,IMU,1305,-72,2084,-7848,-36,135,15
32940,IMU,1306,-84,2200,-7816,-4,96,41
32959,IMU,1307,-12,2116,-7872,1,114,57
32978,IMU,1308,-80,2176,-7784,-10,120,28
32997,IMU,1309,56,2100,-7828,-22,133,37
33017,IMU,1310,-36,2120,-7796,-18,132,28
33036,IMU,1311,-20,2224,-7828,-24,134,46
33055,IMU,1312,-124,2040,-7856,-5,129,35
33074,IMU,1313,0,2140,-7728,-27,133,29
33094,IMU,1314,-80,2164,-7764,-23,104,24
33113,IMU,1315,-56,2208,-7800,-1,126,35
33132,IMU,1316,-68,2168,-7740,-15,131,40
33154,IMU,1317,-68,2212,-7804,-25,135,31
33170,IMU,1318,-108,2128,-7816,-12,115,49
33190,IMU,1319,-36,2136,-7804,-11,116,34
33209,IMU,1320,-32,2256,-7804,-19,124,15
33228,IMU,1321,-48,2168,-7732,0,117,9
33247,IMU,1322,-16,2200,-7860,-15,130,34
33267,IMU,1323,-24,2184,-7796,-33,122,15
33285,IMU,1324,-12,2220,-7848,-20,109,36
33304,IMU,1325,4,2184,-7904,-28,127,39
33324,IMU,1326,-40,2160,-7692,-22,113,33
33343,IMU,1327,-180,2164,-7808,-18,135,23
33362,IMU,1328,-16,2152,-7980,-20,119,7
33381,IMU,1329,-36,2148,-7836,-32,123,35
33401,IMU,1330,-120,2184,-7736,-24,135,27
33420,IMU,1331,12,2116,-7796,-18,112,31
33439,IMU,1332,-64,2156,-7840,-41,105,17
33458,IMU,1333,-68,2116,-7736,-24,127,30
33477,IMU,1334,-148,2144,-7832,-35,110,33
33497,IMU,1335,-104,2180,-7896,-22,125,38
33516,IMU,1336,-92,2180,-7836,-11,139,35
33539,IMU,1337,-48,2112,-7860,-34,127,37
33554,IMU,1338,-108,2208,-7836,-28,126,47
33573,IMU,1339,-88,2172,-7844,-22,118,14
33593,IMU,1340,-84,2136,-7864,-18,121,34
33612,IMU,1341,-132,2128,-7784,-33,121,36
33631,IMU,1342,-92,2152,-7816,-17,127,36
33650,IMU,1343,16,2212,-7824,-30,141,13
33669,IMU,1344,-92,2220,-7836,-27,107,30
33689,IMU,1345,-8,2120,-7864,-31,122,17
33708,IMU,1346,-80,2188,-7780,-27,131,33
33727,IMU,1347,-152,2172,-7748,-5,146,33
33747,IMU,1348,4,2232,-7844,-13,117,23
33766,IMU,1349,-20,2136,-7736,-26,140,21
33785,IMU,1350,-44,2284,-7808,-37,130,40
33804,IMU,1351,-28,2248,-7748,-18,109,52
33823,IMU,1352,-68,2224,-7852,-28,117,21
33842,IMU,1353,-120,2192,-7832,-48,136,22
33862,IMU,1354,-80,2196,-7856,-23,121,33
33881,IMU,1355,-32,2084,-7812,-23,111,30
33900,IMU,1356,-92,2220,-7876,-12,110,41
33919,IMU,1357,4,2192,-7800,-19,118,34
33938,IMU,1358,-32,2152,-7800,-3,131,36
33958,IMU,1359,28,2196,-7716,-30,121,47
33978,IMU,1360,-60,2192,-7856,-11,128,40
33996,IMU,1361,-56,2184,-7732,-30,119,50
34015,IMU,1362,-56,2168,-7884,-22,127,27
34035,IMU,1363,-112,2140,-7784,-17,131,48
34054,IMU,1364,-32,2200,-7724,-10,108,38
34073,IMU,1365,-28,2152,-7848,-21,130,41
34092,IMU,1366,-92,2260,-7728,-21,123,29
34111,IMU,1367,-32,2168,-7824,-22,113,14
34131,IMU,1368,-80,2156,-7856,-32,125,42
34150,IMU,1369,-52,2212,-7760,-15,110,24
34169,IMU,1370,-124,2160,-7812,-15,127,27
34192,IMU,1371,40,2108,-7748,-21,134,40
34207,IMU,1372,-64,2212,-7920,-20,118,26
34227,IMU,1373,52,2204,-7860,-32,124,47
34246,IMU,1374,-160,2196,-7716,-19,117,26
34266,IMU,1375,-68,2208,-7832,-41,129,54
34284,IMU,1376,52,2092,-7784,-16,120,19
34304,IMU,1377,-28,2164,-7788,-21,123,50
34322,IMU,1378,-32,2136,-7936,-22,130,33
34342,IMU,1379,-120,2152,-7852,-24,125,34
34361,IMU,1380,24,2208,-7884,-14,132,49
34380,IMU,1381,-116,2172,-7868,3,123,22
34399,IMU,1382,-24,2176,-7956,-29,124,36
34418,IMU,1383,-44,2044,-7848,-25,113,30
34438,IMU,1384,-44,2136,-7820,-33,127,38
34457,IMU,1385,-12,2172,-7804,-26,119,31
34476,IMU,1386,-76,2144,-7728,-30,120,21
34495,IMU,1387,-32,2116,-7776,0,117,36
34514,IMU,1388,-60,2272,-7700,-36,120,50
34534,IMU,1389,-4,2236,-7824,-22,118,38
34553,IMU,1390,60,2012,-7740,-2,107,39
34572,IMU,1391,-72,2276,-7896,-32,138,33
34591,IMU,1392,-100,2148,-7784,-45,118,43
34610,IMU,1393,32,2160,-7768,-36,119,18
34633,IMU,1394,52,2268,-8032,-43,141,37
34649,IMU,1395,20,2324,-8052,-83,182,49
34668,IMU,1396,-8,2128,-7876,-25,126,4
34687,IMU,1397,-96,2132,-7888,-8,123,13
34706,IMU,1398,-156,2072,-7840,-18,124,53
34726,IMU,1399,-52,2152,-7828,-34,125,49
34745,IMU,1400,-116,2136,-7900,-44,127,33
34764,IMU,1401,-16,2132,-7804,-26,113,25
34785,IMU,1402,12,2164,-7860,-11,132,26
34803,IMU,1403,-72,2240,-7728,14,94,29
34822,IMU,1404,-80,2192,-7828,-45,137,39
34842,IMU,1405,-92,2096,-7788,18,87,37
34860,IMU,1406,-88,2160,-7820,-11,107,30
34879,IMU,1407,-56,2120,-7768,-1,107,39
34899,IMU,1408,-132,2236,-8160,-191,233,26
34918,IMU,1409,-52,2140,-7712,69,80,52
34937,IMU,1410,36,2080,-7836,-38,132,40
34956,IMU,1411,12,2268,-8044,-74,164,43
34975,IMU,1412,-196,2064,-7864,-4,122,9
34995,IMU,1413,-72,2180,-7764,-36,139,37
35014,IMU,1414,-80,2160,-7660,-24,118,57
35033,IMU,1415,-12,2204,-7832,-32,137,48
35052,IMU,1416,-84,2172,-7684,-14,125,54
35072,IMU,1417,-108,2064,-7900,-31,130,1
35091,IMU,1418,-64,2228,-7848,-20,108,37
35110,IMU,1419,-36,2200,-7808,-26,117,41
35129,IMU,1420,-36,2200,-8020,-67,155,42
35148,IMU,1421,-132,2248,-7860,-64,138,18
35168,IMU,1422,-140,2084,-7856,43,125,3
35187,IMU,1423,-40,2108,-7876,-20,121,52
35206,IMU,1424,-64,2216,-7820,-2,138,36
35225,IMU,1425,-48,2180,-7816,-47,125,52
35244,IMU,1426,8,2144,-7772,-25,126,29
35265,IMU,1427,-148,2128,-7916,-11,124,45
35286,IMU,1428,4,2124,-7836,-3,127,41
35302,IMU,1429,-28,2208,-7868,-23,120,23
35321,IMU,1430,-20,2144,-7904,-21,124,54
35341,IMU,1431,-116,2164,-7840,-27,124,56
35360,IMU,1432,-24,2160,-7812,-46,132,47
35379,IMU,1433,16,2196,-7852,-12,115,50
35398,IMU,1434,-16,2220,-7792,-19,116,26
35418,IMU,1435,-48,2156,-7948,-47,130,23
35437,IMU,1436,-4,2144,-7808,-28,115,32
35455,IMU,1437,-16,2192,-7764,-21,127,29
35475,IMU,1438,-16,2236,-7784,93,66,54
35494,IMU,1439,-32,2144,-7812,-24,108,71
35513,IMU,1440,-64,2136,-7784,-35,133,18
35532,IMU,1441,-80,2168,-7884,-19,120,28
35552,IMU,1442,-32,2180,-7740,19,106,27
35571,IMU,1443,36,2208,-8176,-43,182,40
35590,IMU,1444,-52,2084,-7832,0,114,24
35609,IMU,1445,-32,2160,-7732,9,107,45
35628,IMU,1446,-36,2268,-7824,-13,146,32
35648,IMU,1447,20,2116,-7792,-37,123,36
35667,IMU,1448,-116,2152,-7796,-28,117,18
35686,IMU,1449,-160,2096,-7828,-18,132,36
35705,IMU,1450,0,2108,-7560,-23,99,34
35725,IMU,1451,-48,2176,-8028,-42,142,85
35744,IMU,1452,28,2236,-7816,-23,133,61
35763,IMU,1453,-84,2200,-7764,-44,114,35
35782,IMU,1454,44,2140,-7792,8,124,41
35801,IMU,1455,-76,2160,-7764,3,129,17
32048,ECG,2048,2,0,0,0,0,0
32048,ECG,2049,7,0,0,0,0,0
32056,ECG,2050,-17,0,0,0,0,0
32056,ECG,2051,38,0,0,0,0,0
32056,ECG,2052,-16,0,0,0,0,0
32056,ECG,2053,-27,0,0,0,0,0
32064,ECG,2054,150,0,0,0,0,0
32064,ECG,2055,-752,0,0,0,0,0
32064,ECG,2056,-2114,0,0,0,0,0
32064,ECG,2057,-1812,0,0,0,0,0
32072,ECG,2058,99,0,0,0,0,0
32072,ECG,2059,3488,0,0,0,0,0
32072,ECG,2060,8616,0,0,0,0,0
32072,ECG,2061,14822,0,0,0,0,0
32080,ECG,2062,21127,0,0,0,0,0
32080,ECG,2063,26625,0,0,0,0,0
32080,ECG,2064,30438,0,0,0,0,0
32080,ECG,2065,32026,0,0,0,0,0
32088,ECG,2066,31825,0,0,0,0,0
32088,ECG,2067,31625,0,0,0,0,0
32088,ECG,2068,31208,0,0,0,0,0
32088,ECG,2069,31215,0,0,0,0,0
32096,ECG,2070,31034,0,0,0,0,0
32096,ECG,2071,30690,0,0,0,0,0
32096,ECG,2072,30296,0,0,0,0,0
32096,ECG,2073,29923,0,0,0,0,0
32104,ECG,2074,29450,0,0,0,0,0
32104,ECG,2075,29319,0,0,0,0,0
32104,ECG,2076,29318,0,0,0,0,0
32105,ECG,2077,29437,0,0,0,0,0
32112,ECG,2078,29343,0,0,0,0,0
32112,ECG,2079,29124,0,0,0,0,0
32112,ECG,2080,28690,0,0,0,0,0
32120,ECG,2081,27628,0,0,0,0,0
32120,ECG,2082,27293,0,0,0,0,0
32120,ECG,2083,27107,0,0,0,0,0
32120,ECG,2084,27103,0,0,0,0,0
32128,ECG,2085,27212,0,0,0,0,0
32128,ECG,2086,27389,0,0,0,0,0
32128,ECG,2087,27567,0,0,0,0,0
32128,ECG,2088,27416,0,0,0,0,0
32136,ECG,2089,27235,0,0,0,0,0
32136,ECG,2090,26784,0,0,0,0,0
32136,ECG,2091,26416,0,0,0,0,0
32136,ECG,2092,26131,0,0,0,0,0
32144,ECG,2093,25920,0,0,0,0,0
32144,ECG,2094,25812,0,0,0,0,0
32144,ECG,2095,25768,0,0,0,0,0
32144,ECG,2096,25815,0,0,0,0,0
33155,ECG,2097,0,0,0,0,0,0
33155,ECG,2098,-1,0,0,0,0,0
33155,ECG,2099,-5,0,0,0,0,0
33155,ECG,2100,1,0,0,0,0,0
33155,ECG,2101,6,0,0,0,0,0
33163,ECG,2102,-14,0,0,0,0,0
33163,ECG,2103,31,0,0,0,0,0
33163,ECG,2104,-8,0,0,0,0,0
33163,ECG,2105,-27,0,0,0,0,0
33171,ECG,2106,132,0,0,0,0,0
33171,ECG,2107,-642,0,0,0,0,0
33171,ECG,2108,-1959,0,0,0,0,0
33171,ECG,2109,-1889,0,0,0,0,0
33179,ECG,2110,-251,0,0,0,0,0
33179,ECG,2111,2993,0,0,0,0,0
33179,ECG,2112,8106,0,0,0,0,0
33179,ECG,2113,14414,0,0,0,0,0
33187,ECG,2114,20950,0,0,0,0,0
33187,ECG,2115,26727,0,0,0,0,0
33187,ECG,2116,30919,0,0,0,0,0
33187,ECG,2117,32034,0,0,0,0,0
33195,ECG,2118,31833,0,0,0,0,0
33195,ECG,2119,31633,0,0,0,0,0
33195,ECG,2120,31147,0,0,0,0,0
33195,ECG,2121,30516,0,0,0,0,0
33203,ECG,2122,30216,0,0,0,0,0
33203,ECG,2123,29858,0,0,0,0,0
33203,ECG,2124,29759,0,0,0,0,0
33203,ECG,2125,29751,0,0,0,0,0
33211,ECG,2126,29908,0,0,0,0,0
33211,ECG,2127,29920,0,0,0,0,0
33211,ECG,2128,29732,0,0,0,0,0
33212,ECG,2129,29492,0,0,0,0,0
33219,ECG,2130,29132,0,0,0,0,0
33219,ECG,2131,28886,0,0,0,0,0
33219,ECG,2132,28653,0,0,0,0,0
33227,ECG,2133,28333,0,0,0,0,0
33227,ECG,2134,28252,0,0,0,0,0
33227,ECG,2135,28281,0,0,0,0,0
33227,ECG,2136,28103,0,0,0,0,0
33235,ECG,2137,27845,0,0,0,0,0
33235,ECG,2138,27461,0,0,0,0,0
33235,ECG,2139,26988,0,0,0,0,0
33235,ECG,2140,26585,0,0,0,0,0
33243,ECG,2141,26302,0,0,0,0,0
33243,ECG,2142,26147,0,0,0,0,0
33243,ECG,2143,26130,0,0,0,0,0
33243,ECG,2144,26207,0,0,0,0,0
33251,ECG,2145,26329,0,0,0,0,0
33251,ECG,2146,26408,0,0,0,0,0
33251,ECG,2147,26251,0,0,0,0,0
33251,ECG,2148,26071,0,0,0,0,0
34262,ECG,2149,0,0,0,0,0,0
34262,ECG,2150,-1,0,0,0,0,0
34262,ECG,2151,-6,0,0,0,0,0
34262,ECG,2152,2,0,0,0,0,0
34262,ECG,2153,6,0,0,0,0,0
34270,ECG,2154,-17,0,0,0,0,0
34270,ECG,2155,38,0,0,0,0,0
34270,ECG,2156,-15,0,0,0,0,0
34270,ECG,2157,-26,0,0,0,0,0
34278,ECG,2158,149,0,0,0,0,0
34278,ECG,2159,-752,0,0,0,0,0
34278,ECG,2160,-2111,0,0,0,0,0
34278,ECG,2161,-1853,0,0,0,0,0
34286,ECG,2162,-25,0,0,0,0,0
34286,ECG,2163,3376,0,0,0,0,0
34286,ECG,2164,8756,0,0,0,0,0
34286,ECG,2165,15316,0,0,0,0,0
34294,ECG,2166,21774,0,0,0,0,0
34294,ECG,2167,27271,0,0,0,0,0
34294,ECG,2168,31006,0,0,0,0,0
34294,ECG,2169,32012,0,0,0,0,0
34302,ECG,2170,31811,0,0,0,0,0
34302,ECG,2171,31611,0,0,0,0,0
34302,ECG,2172,30571,0,0,0,0,0
34302,ECG,2173,30491,0,0,0,0,0
34310,ECG,2174,30638,0,0,0,0,0
34310,ECG,2175,30636,0,0,0,0,0
34310,ECG,2176,30644,0,0,0,0,0
34310,ECG,2177,30451,0,0,0,0,0
34318,ECG,2178,29591,0,0,0,0,0
34318,ECG,2179,29186,0,0,0,0,0
34318,ECG,2180,28825,0,0,0,0,0
34326,ECG,2181,28509,0,0,0,0,0
34326,ECG,2182,28521,0,0,0,0,0
34326,ECG,2183,28706,0,0,0,0,0
34326,ECG,2184,28801,0,0,0,0,0
34334,ECG,2185,28620,0,0,0,0,0
34334,ECG,2186,28275,0,0,0,0,0
34334,ECG,2187,27697,0,0,0,0,0
34334,ECG,2188,27144,0,0,0,0,0
34342,ECG,2189,26750,0,0,0,0,0
34342,ECG,2190,26521,0,0,0,0,0
34342,ECG,2191,26470,0,0,0,0,0
34342,ECG,2192,26555,0,0,0,0,0
34350,ECG,2193,26786,0,0,0,0,0
34350,ECG,2194,26994,0,0,0,0,0
34350,ECG,2195,26911,0,0,0,0,0
34350,ECG,2196,26742,0,0,0,0,0
34358,ECG,2197,26282,0,0,0,0,0
34358,ECG,2198,25832,0,0,0,0,0
34358,ECG,2199,25534,0,0,0,0,0
34358,ECG,2200,25317,0,0,0,0,0
35369,ECG,2201,0,0,0,0,0,0
35369,ECG,2202,-1,0,0,0,0,0
35369,ECG,2203,-6,0,0,0,0,0
35369,ECG,2204,2,0,0,0,0,0
35369,ECG,2205,7,0,0,0,0,0
35377,ECG,2206,-18,0,0,0,0,0
35377,ECG,2207,38,0,0,0,0,0
35377,ECG,2208,-13,0,0,0,0,0
35377,ECG,2209,-33,0,0,0,0,0
35385,ECG,2210,157,0,0,0,0,0
35385,ECG,2211,-751,0,0,0,0,0
35385,ECG,2212,-2133,0,0,0,0,0
35385,ECG,2213,-1739,0,0,0,0,0
35393,ECG,2214,139,0,0,0,0,0
35393,ECG,2215,3370,0,0,0,0,0
35393,ECG,2216,8505,0,0,0,0,0
35393,ECG,2217,14724,0,0,0,0,0
35401,ECG,2218,21017,0,0,0,0,0
35401,ECG,2219,26575,0,0,0,0,0
35401,ECG,2220,30473,0,0,0,0,0
35401,ECG,2221,32029,0,0,0,0,0
35409,ECG,2222,31828,0,0,0,0,0
35409,ECG,2223,31628,0,0,0,0,0
35409,ECG,2224,31372,0,0,0,0,0
35409,ECG,2225,31232,0,0,0,0,0
35417,ECG,2226,31036,0,0,0,0,0
35417,ECG,2227,30522,0,0,0,0,0
35417,ECG,2228,30195,0,0,0,0,0
35417,ECG,2229,29901,0,0,0,0,0
35425,ECG,2230,29520,0,0,0,0,0
35425,ECG,2231,29442,0,0,0,0,0
35425,ECG,2232,29471,0,0,0,0,0
35433,ECG,2233,29342,0,0,0,0,0
35433,ECG,2234,29145,0,0,0,0,0
35433,ECG,2235,28767,0,0,0,0,0
35433,ECG,2236,28404,0,0,0,0,0
35441,ECG,2237,28162,0,0,0,0,0
35441,ECG,2238,27945,0,0,0,0,0
35441,ECG,2239,27812,0,0,0,0,0
35441,ECG,2240,27739,0,0,0,0,0
35449,ECG,2241,27679,0,0,0,0,0
35449,ECG,2242,27677,0,0,0,0,0
35449,ECG,2243,27567,0,0,0,0,0
35449,ECG,2244,27394,0,0,0,0,0
35457,ECG,2245,27080,0,0,0,0,0
35457,ECG,2246,26776,0,0,0,0,0
35457,ECG,2247,26500,0,0,0,0,0
35457,ECG,2248,26255,0,0,0,0,0
35465,ECG,2249,26093,0,0,0,0,0
35465,ECG,2250,25976,0,0,0,0,0
35465,ECG,2251,25919,0,0,0,0,0
35465,ECG,2252,25952,0,0,0,0,0
36476,ECG,2253,0,0,0,0,0,0
36476,ECG,2254,-1,0,0,0,0,0
36476,ECG,2255,-6,0,0,0,0,0
36476,ECG,2256,2,0,0,0,0,0
36476,ECG,2257,6,0,0,0,0,0
36484,ECG,2258,-17,0,0,0,0,0
36484,ECG,2259,38,0,0,0,0,0
36484,ECG,2260,-16,0,0,0,0,0
36484,ECG,2261,-26,0,0,0,0,0
36492,ECG,2262,151,0,0,0,0,0
36492,ECG,2263,-753,0,0,0,0,0
36492,ECG,2264,-2109,0,0,0,0,0
36492,ECG,2265,-1850,0,0,0,0,0
36500,ECG,2266,-36,0,0,0,0,0
36500,ECG,2267,3395,0,0,0,0,0
36500,ECG,2268,8727,0,0,0,0,0
36500,ECG,2269,15158,0,0,0,0,0
36508,ECG,2270,21687,0,0,0,0,0
36508,ECG,2271,27393,0,0,0,0,0
36508,ECG,2272,31342,0,0,0,0,0
36508,ECG,2273,32011,0,0,0,0,0
36516,ECG,2274,31810,0,0,0,0,0
36516,ECG,2275,31610,0,0,0,0,0
36516,ECG,2276,31244,0,0,0,0,0
36516,ECG,2277,30962,0,0,0,0,0
36524,ECG,2278,30854,0,0,0,0,0
36524,ECG,2279,30566,0,0,0,0,0
36524,ECG,2280,30446,0,0,0,0,0
36524,ECG,2281,30296,0,0,0,0,0
36532,ECG,2282,30063,0,0,0,0,0
36532,ECG,2283,29841,0,0,0,0,0
36532,ECG,2284,29564,0,0,0,0,0
36533,ECG,2285,29249,0,0,0,0,0
36540,ECG,2286,28965,0,0,0,0,0
36540,ECG,2287,28731,0,0,0,0,0
36540,ECG,2288,28542,0,0,0,0,0
36540,ECG,2289,28418,0,0,0,0,0
36548,ECG,2290,28338,0,0,0,0,0
36548,ECG,2291,28254,0,0,0,0,0
36548,ECG,2292,28182,0,0,0,0,0
36548,ECG,2293,28063,0,0,0,0,0
36556,ECG,2294,27887,0,0,0,0,0
36556,ECG,2295,27629,0,0,0,0,0
36556,ECG,2296,27425,0,0,0,0,0
36556,ECG,2297,27221,0,0,0,0,0
36564,ECG,2298,27033,0,0,0,0,0
36564,ECG,2299,26856,0,0,0,0,0
36564,ECG,2300,26708,0,0,0,0,0
36564,ECG,2301,26656,0,0,0,0,0
36572,ECG,2302,26520,0,0,0,0,0
36572,ECG,2303,26258,0,0,0,0,0
36572,ECG,2304,26010,0,0,0,0,0
36572,ECG,2305,25713,0,0,0,0,0
37583,ECG,2306,0,0,0,0,0,0
37583,ECG,2307,-1,0,0,0,0,0
37583,ECG,2308,-6,0,0,0,0,0
37583,ECG,2309,2,0,0,0,0,0
37583,ECG,2310,6,0,0,0,0,0
37591,ECG,2311,-17,0,0,0,0,0
37591,ECG,2312,38,0,0,0,0,0
37591,ECG,2313,-16,0,0,0,0,0
37591,ECG,2314,-27,0,0,0,0,0
37599,ECG,2315,150,0,0,0,0,0
37599,ECG,2316,-752,0,0,0,0,0
37599,ECG,2317,-2112,0,0,0,0,0
37599,ECG,2318,-1846,0,0,0,0,0
37607,ECG,2319,-38,0,0,0,0,0
37607,ECG,2320,3388,0,0,0,0,0
37607,ECG,2321,8773,0,0,0,0,0
37607,ECG,2322,15203,0,0,0,0,0
37615,ECG,2323,21666,0,0,0,0,0
37615,ECG,2324,27321,0,0,0,0,0
37615,ECG,2325,31171,0,0,0,0,0
37615,ECG,2326,32013,0,0,0,0,0
37623,ECG,2327,31811,0,0,0,0,0
37623,ECG,2328,31611,0,0,0,0,0
37623,ECG,2329,31137,0,0,0,0,0
37623,ECG,2330,30966,0,0,0,0,0
37631,ECG,2331,30969,0,0,0,0,0
37631,ECG,2332,30764,0,0,0,0,0
37631,ECG,2333,30635,0,0,0,0,0
37631,ECG,2334,30400,0,0,0,0,0
37639,ECG,2335,29860,0,0,0,0,0
37639,ECG,2336,29618,0,0,0,0,0
37639,ECG,2337,29405,0,0,0,0,0
37640,ECG,2338,29244,0,0,0,0,0
37647,ECG,2339,29095,0,0,0,0,0
37647,ECG,2340,28997,0,0,0,0,0
37647,ECG,2341,28921,0,0,0,0,0
37655,ECG,2342,28551,0,0,0,0,0
37655,ECG,2343,28286,0,0,0,0,0
37655,ECG,2344,28005,0,0,0,0,0
37655,ECG,2345,27775,0,0,0,0,0
37663,ECG,2346,27577,0,0,0,0,0
37663,ECG,2347,27416,0,0,0,0,0
37663,ECG,2348,27300,0,0,0,0,0
37663,ECG,2349,27206,0,0,0,0,0
37671,ECG,2350,27093,0,0,0,0,0
37671,ECG,2351,26990,0,0,0,0,0
37671,ECG,2352,26856,0,0,0,0,0
37671,ECG,2353,26665,0,0,0,0,0
37679,ECG,2354,26467,0,0,0,0,0
37679,ECG,2355,26310,0,0,0,0,0
37679,ECG,2356,26144,0,0,0,0,0
37679,ECG,2357,25983,0,0,0,0,0
31829,PPG,300,3476,2781,0,0,0,0
31906,PPG,301,3475,2789,0,0,0,0
31985,PPG,302,3481,2790,0,0,0,0
32068,PPG,303,3467,2779,0,0,0,0
32152,PPG,304,3477,2796,0,0,0,0
32234,PPG,305,3468,2789,0,0,0,0
32308,PPG,306,3476,2786,0,0,0,0
32385,PPG,307,3471,2788,0,0,0,0
32465,PPG,308,3461,2796,0,0,0,0
32545,PPG,309,3470,2787,0,0,0,0
32625,PPG,310,3480,2790,0,0,0,0
32704,PPG,311,3478,2796,0,0,0,0
32788,PPG,312,3475,2785,0,0,0,0
32865,PPG,313,3474,2785,0,0,0,0
32944,PPG,314,3477,2789,0,0,0,0
33024,PPG,315,3483,2790,0,0,0,0
33105,PPG,316,3469,2785,0,0,0,0
33184,PPG,317,3476,2785,0,0,0,0
33267,PPG,318,3476,2793,0,0,0,0
33345,PPG,319,3471,2794,0,0,0,0
33423,PPG,320,3473,2791,0,0,0,0
33503,PPG,321,3466,2780,0,0,0,0
33583,PPG,322,3471,2774,0,0,0,0
33663,PPG,323,3476,2789,0,0,0,0
33747,PPG,324,3475,2791,0,0,0,0
33825,PPG,325,3468,2784,0,0,0,0
33903,PPG,326,3471,2786,0,0,0,0
33983,PPG,327,3472,2787,0,0,0,0
34063,PPG,328,3479,2786,0,0,0,0
34143,PPG,329,3475,2792,0,0,0,0
34223,PPG,330,3463,2786,0,0,0,0
34306,PPG,331,3471,2784,0,0,0,0
34382,PPG,332,3478,2778,0,0,0,0
34462,PPG,333,3470,2796,0,0,0,0
34542,PPG,334,3472,2794,0,0,0,0
34633,PPG,335,3472,2788,0,0,0,0
34702,PPG,336,3473,2789,0,0,0,0
34785,PPG,337,3472,2786,0,0,0,0
34862,PPG,338,3476,2780,0,0,0,0
34942,PPG,339,3471,2790,0,0,0,0
35022,PPG,340,3477,2785,0,0,0,0
35101,PPG,341,3472,2787,0,0,0,0
35181,PPG,342,3469,2793,0,0,0,0
35265,PPG,343,3474,2786,0,0,0,0
35343,PPG,344,3474,2791,0,0,0,0
35421,PPG,345,3470,2778,0,0,0,0
35507,PPG,346,3469,2792,0,0,0,0
35581,PPG,347,3470,2786,0,0,0,0
35661,PPG,348,3470,2785,0,0,0,0
35744,PPG,349,3470,2787,0,0,0,0
35825,PPG,350,3465,2792,0,0,0,0
35903,PPG,351,3477,2782,0,0,0,0
35982,PPG,352,3477,2778,0,0,0,0
36060,PPG,353,3471,2785,0,0,0,0
36140,PPG,354,3465,2781,0,0,0,0
36220,PPG,355,3464,2783,0,0,0,0
36303,PPG,356,3465,2780,0,0,0,0
36383,PPG,357,3479,2788,0,0,0,0
36460,PPG,358,3462,2785,0,0,0,0
36540,PPG,359,3473,2792,0,0,0,0
36619,PPG,360,3474,2783,0,0,0,0
36699,PPG,361,3470,2787,0,0,0,0
36783,PPG,362,3478,2789,0,0,0,0
36860,PPG,363,3473,2779,0,0,0,0
36939,PPG,364,3474,2796,0,0,0,0
37019,PPG,365,3471,2787,0,0,0,0
37099,PPG,366,3474,2782,0,0,0,0
37179,PPG,367,3473,2787,0,0,0,0
37262,PPG,368,3480,2788,0,0,0,0
37340,PPG,369,3473,2789,0,0,0,0
37419,PPG,370,3470,2781,0,0,0,0
37499,PPG,371,3475,2783,0,0,0,0
37580,PPG,372,3474,2781,0,0,0,0
37658,PPG,373,3464,2790,0,0,0,0
37742,PPG,374,3471,2785,0,0,0,0
37820,PPG,375,3470,2784,0,0,0,0
37898,PPG,376,3480,2792,0,0,0,0
37978,PPG,377,3477,2789,0,0,0,0
38058,PPG,378,3472,2785,0,0,0,0
38138,PPG,379,3466,2778,0,0,0,0
38217,PPG,380,3473,2781,0,0,0,0
38301,PPG,381,3465,2776,0,0,0,0
38377,PPG,382,3464,2781,0,0,0,0
38457,PPG,383,3466,2780,0,0,0,0
38537,PPG,384,3466,2784,0,0,0,0
38617,PPG,385,3468,2788,0,0,0,0
35821,IMU,1456,-20,2264,-7820,-55,134,36
35840,IMU,1457,-60,2304,-7836,-30,138,32
35859,IMU,1458,-132,2156,-7840,-15,114,37
35878,IMU,1459,-92,2108,-7740,-17,105,48
35897,IMU,1460,-204,2024,-7784,-34,122,18
35917,IMU,1461,28,2196,-7980,-66,173,51
35939,IMU,1462,-144,2256,-7768,-30,119,39
35959,IMU,1463,60,2060,-7880,-29,146,28
35974,IMU,1464,-8,2228,-7796,-41,146,35
35993,IMU,1465,-96,2012,-7812,-70,181,19
36013,IMU,1466,-36,2260,-7828,1,123,16
36032,IMU,1467,-40,2260,-8080,-51,169,23
36051,IMU,1468,-124,2120,-7652,-31,138,73
36070,IMU,1469,-8,2172,-7808,-19,122,65
36089,IMU,1470,-60,2148,-7792,-25,118,35
36109,IMU,1471,20,2036,-7788,-28,111,49
36128,IMU,1472,8,2220,-7768,-17,117,11
36147,IMU,1473,28,2356,-7880,-45,138,30
36166,IMU,1474,-8,2148,-7704,-127,165,18
36186,IMU,1475,-180,2132,-7868,35,106,15
36205,IMU,1476,-16,2120,-7812,-52,140,40
36224,IMU,1477,-40,2172,-7836,-6,122,36
36243,IMU,1478,-44,2240,-8072,-60,128,32
36262,IMU,1479,-92,2168,-7836,23,103,24
36282,IMU,1480,-64,2160,-7888,-28,142,30
36301,IMU,1481,16,2132,-7780,-11,127,30
36320,IMU,1482,-72,2232,-7940,-62,130,40
36339,IMU,1483,-72,2052,-7888,137,61,8
36358,IMU,1484,-36,2120,-7888,-59,144,53
36380,IMU,1485,16,2064,-7788,-10,117,53
36397,IMU,1486,-96,2208,-7820,-22,134,41
36416,IMU,1487,-108,2156,-7808,-61,132,34
36435,IMU,1488,-32,2188,-7804,-31,128,33
36455,IMU,1489,32,2204,-7868,-24,127,28
36474,IMU,1490,-148,2092,-7740,11,121,36
36493,IMU,1491,16,2124,-7876,-29,107,18
36512,IMU,1492,-92,2132,-7812,-13,117,29
36531,IMU,1493,4,2120,-7760,-29,115,52
36551,IMU,1494,4,2144,-7884,-31,119,27
36570,IMU,1495,-104,2200,-7848,-33,130,38
36590,IMU,1496,-56,2068,-7856,-45,125,26
36608,IMU,1497,44,2048,-7876,-42,140,45
36627,IMU,1498,-124,2068,-7708,0,101,28
36646,IMU,1499,-112,2048,-8120,6,153,31
36666,IMU,1500,-72,2228,-7868,-48,163,77
36685,IMU,1501,-16,2136,-7672,-10,111,29
36704,IMU,1502,52,2196,-7832,-56,134,35
36723,IMU,1503,36,2080,-7796,-41,121,32
36742,IMU,1504,-68,2028,-8376,-42,155,29
36762,IMU,1505,-76,2096,-7812,-123,173,18
36783,IMU,1506,-132,2144,-7692,-173,219,28
36800,IMU,1507,-132,2112,-7752,-17,123,35
36820,IMU,1508,64,2208,-7936,-43,131,57
36839,IMU,1509,-28,2184,-7624,41,55,17
36858,IMU,1510,-148,2140,-7764,-49,132,53
36877,IMU,1511,12,2244,-7852,-48,123,44
36896,IMU,1512,-36,2172,-7724,-12,112,53
36915,IMU,1513,140,2412,-7936,124,22,57
36935,IMU,1514,-44,2148,-7896,-165,182,38
36954,IMU,1515,-152,2144,-7792,3,114,41
36973,IMU,1516,0,2180,-7784,-15,107,39
36992,IMU,1517,28,2120,-7884,-26,132,26
37011,IMU,1518,-104,2220,-7788,-32,127,56
37034,IMU,1519,-100,2116,-7788,-10,126,55
37051,IMU,1520,4,1988,-7716,8,91,28
37069,IMU,1521,32,2168,-7832,-36,139,38
37088,IMU,1522,8,2164,-7828,7,118,35
37107,IMU,1523,-52,2156,-7776,-21,116,48
37127,IMU,1524,-24,2140,-7852,-38,114,27
37146,IMU,1525,28,2120,-7840,-19,124,40
37165,IMU,1526,-16,2200,-7748,-19,120,46
37184,IMU,1527,52,2236,-7824,-5,121,50
37204,IMU,1528,-12,2196,-7884,-27,127,53
37223,IMU,1529,-112,2128,-7808,-31,126,61
37242,IMU,1530,-124,2136,-7852,-26,122,40
37262,IMU,1531,-12,2160,-7852,-34,130,15
37280,IMU,1532,116,2200,-7840,-14,127,39
37300,IMU,1533,4,2188,-7840,-32,119,34
37319,IMU,1534,-8,2164,-7752,-28,119,39
37338,IMU,1535,-96,2140,-7836,-14,120,34
37357,IMU,1536,-44,2264,-7832,-36,135,30
37376,IMU,1537,112,2108,-7836,-32,135,41
37396,IMU,1538,-60,2072,-7844,-30,129,29
37415,IMU,1539,-76,2160,-7856,-21,127,41
37434,IMU,1540,-52,2136,-7856,-30,142,45
37453,IMU,1541,-48,2060,-7748,-36,126,45
37474,IMU,1542,16,2152,-7812,-38,124,37
37492,IMU,1543,-80,1960,-8140,-256,293,63
37511,IMU,1544,-52,2268,-7800,37,87,16
37530,IMU,1545,-100,2068,-7836,-58,150,14
37549,IMU,1546,-4,2156,-7860,-31,123,26
37569,IMU,1547,-68,2148,-7892,-37,144,32
37588,IMU,1548,-8,2216,-7908,-19,123,57
37607,IMU,1549,-152,2116,-7704,-22,130,30
37627,IMU,1550,-140,2072,-7844,-25,113,28
37645,IMU,1551,148,2224,-7868,-30,126,42
37665,IMU,1552,-24,2168,-7740,-10,128,35
37687,IMU,1553,20,2104,-7824,-14,134,33
37703,IMU,1554,-72,2168,-7828,-31,133,48
37722,IMU,1555,-20,2152,-7784,-37,129,33
37742,IMU,1556,-64,2096,-7812,-27,121,30
37760,IMU,1557,-64,2144,-7784,-14,110,34
37780,IMU,1558,20,2172,-7728,-31,129,26
37799,IMU,1559,-12,2196,-7784,-28,125,29
37818,IMU,1560,-44,2160,-7732,-29,117,40
37837,IMU,1561,36,2188,-7816,-34,123,29
37856,IMU,1562,-68,2136,-7780,-22,118,39
37876,IMU,1563,-136,2168,-7768,-14,125,30
37895,IMU,1564,-16,2172,-7780,-22,119,39
37914,IMU,1565,-68,2140,-7864,-29,113,48
37933,IMU,1566,-36,2060,-7880,-8,118,31
37953,IMU,1567,-116,2132,-7812,-23,133,42
37972,IMU,1568,28,2128,-7780,-5,132,49
37991,IMU,1569,-72,2108,-7820,-14,120,28
38010,IMU,1570,-84,2232,-7836,-14,121,23
38029,IMU,1571,-60,2120,-7732,-40,130,47
38049,IMU,1572,-24,2124,-7852,-10,127,50
38068,IMU,1573,4,2220,-7728,-28,120,46
38087,IMU,1574,-56,2232,-7820,-16,129,34
38106,IMU,1575,16,2152,-7820,-31,119,35
38127,IMU,1576,-20,2160,-7812,-25,133,32
38145,IMU,1577,100,2276,-7796,8,111,17
38164,IMU,1578,-36,2144,-7764,-37,143,40
38183,IMU,1579,52,2204,-7804,-45,126,46
38202,IMU,1580,-72,2132,-7684,-15,119,49
38222,IMU,1581,-56,2132,-7888,-34,133,40
38241,IMU,1582,-52,2244,-7588,11,81,52
38260,IMU,1583,-44,2260,-7912,-59,165,36
38279,IMU,1584,-88,2244,-8004,-72,172,47
38298,IMU,1585,0,2216,-7808,-38,125,21
38318,IMU,1586,-40,2204,-7872,-24,137,42
38338,IMU,1587,-20,2208,-7776,-26,128,49
38356,IMU,1588,-44,2036,-7832,-47,143,22
38375,IMU,1589,8,2132,-7776,-31,110,28
38394,IMU,1590,72,2264,-7816,-27,138,2
38414,IMU,1591,-132,2040,-7768,-32,109,27
38433,IMU,1592,-16,2188,-7956,-16,126,22
38452,IMU,1593,-48,2240,-7896,-16,138,45
38471,IMU,1594,-64,2148,-7748,-21,124,40
38490,IMU,1595,-20,2224,-7828,-22,126,43
38510,IMU,1596,-48,2200,-7860,-19,116,38
38529,IMU,1597,-20,2124,-7768,-37,134,39
38548,IMU,1598,-28,2108,-7864,-25,118,38
38567,IMU,1599,-28,2028,-7856,-4,120,29
38587,IMU,1600,-48,2144,-7800,-30,120,51
38606,IMU,1601,-56,2204,-7840,-35,117,32
38625,IMU,1602,-64,2280,-7884,-30,122,41
38644,IMU,1603,-44,2228,-7800,-23,122,50
38663,IMU,1604,24,2240,-7888,-8,138,31
