timestamp_ms,type,seq,v1,v2,v3,v4,v5,v6
17766,META_START,1,16700,0,0,0,0,0
18937,IMU,0,1092,-248,8460,-74,63,42
18943,IMU,1,1156,-264,8428,-89,48,39
18961,IMU,2,1208,-184,8436,-86,44,47
18981,IMU,3,1128,-272,8392,-98,65,26
19000,IMU,4,1132,-288,8492,-97,53,47
19019,IMU,5,1184,-152,8428,-109,58,28
19038,IMU,6,1152,-224,8336,-95,52,41
19057,IMU,7,1112,-264,8436,-74,70,48
19076,IMU,8,1224,-204,8388,-90,53,40
19096,IMU,9,1112,-280,8436,-81,62,59
19115,IMU,10,1200,-204,8396,-79,43,51
19134,IMU,11,1168,-320,8380,-83,54,32
19153,IMU,12,1204,-328,8416,-98,40,46
19172,IMU,13,1092,-160,8364,-83,64,34
19191,IMU,14,1108,-164,8336,-87,63,63
19211,IMU,15,1144,-300,8460,-86,47,42
19230,IMU,16,1140,-288,8424,-98,66,48
19249,IMU,17,1096,-276,8352,-99,59,42
19268,IMU,18,1200,-200,8432,-80,67,58
19287,IMU,19,1116,-304,8428,-93,58,39
19306,IMU,20,1168,-268,8416,-93,61,41
19326,IMU,21,1116,-252,8416,-73,67,46
19345,IMU,22,1132,-240,8384,-85,61,55
19363,IMU,23,1240,-196,8436,-98,69,52
19383,IMU,24,1184,-204,8480,-96,69,42
19402,IMU,25,1124,-276,8416,-90,62,43
19423,IMU,26,1172,-200,8400,-90,44,35
19441,IMU,27,1168,-272,8424,-87,57,42
19459,IMU,28,1116,-296,8364,-98,54,33
19478,IMU,29,1276,-284,8444,-85,60,54
19498,IMU,30,1128,-224,8368,-83,67,37
19517,IMU,31,1180,-280,8496,-74,57,35
19536,IMU,32,1100,-232,8456,-94,60,29
19555,IMU,33,1224,-160,8460,-89,55,27
19574,IMU,34,1064,-360,8436,-85,65,41
19593,IMU,35,1140,-324,8400,-74,65,47
19613,IMU,36,1140,-280,8456,-97,73,46
19632,IMU,37,1104,-328,8392,-88,64,35
19651,IMU,38,1048,-268,8400,-79,38,37
19670,IMU,39,1116,-320,8516,-93,53,53
19689,IMU,40,1088,-296,8276,-87,62,50
19708,IMU,41,1092,-284,8460,-106,73,44
19728,IMU,42,1128,-248,8404,-94,57,49
19747,IMU,43,1160,-252,8484,-87,72,37
19766,IMU,44,1156,-304,8508,-83,47,41
19785,IMU,45,1136,-148,8472,-67,43,47
19804,IMU,46,1216,-344,8432,-99,44,56
19823,IMU,47,1204,-236,8464,-78,63,36
19843,IMU,48,1160,-188,8488,-99,62,42
19862,IMU,49,1112,-212,8500,-93,65,43
19881,IMU,50,1156,-256,8396,-89,54,44
19900,IMU,51,1208,-232,8376,-95,62,34
19919,IMU,52,1136,-332,8484,-74,60,50
19938,IMU,53,1136,-188,8440,-80,42,69
19958,IMU,54,1264,-256,8436,-81,55,39
19976,IMU,55,1112,-224,8468,-95,61,43
19996,IMU,56,1252,-204,8424,-74,50,37
20015,IMU,57,1164,-176,8368,-85,58,35
20034,IMU,58,1136,-244,8404,-77,55,38
20053,IMU,59,1192,-256,8336,-69,59,51
20072,IMU,60,1104,-216,8436,-90,53,42
20091,IMU,61,1224,-216,8372,-89,48,49
20111,IMU,62,1152,-248,8468,-76,80,53
20130,IMU,63,1148,-252,8484,-96,55,37
20149,IMU,64,1140,-272,8404,-106,59,47
20168,IMU,65,1228,-268,8404,-98,64,48
20187,IMU,66,1196,-296,8476,-79,82,48
20206,IMU,67,1136,-176,8412,-83,58,44
20225,IMU,68,1160,-224,8440,-84,56,38
20245,IMU,69,1168,-220,8408,-95,68,48
20264,IMU,70,1132,-252,8400,-70,45,35
20283,IMU,71,1096,-216,8400,-86,54,37
20302,IMU,72,1176,-216,8404,-92,50,48
20321,IMU,73,1188,-240,8440,-103,60,39
20340,IMU,74,1172,-128,8424,-82,59,39
20360,IMU,75,1140,-280,8400,-88,50,20
20379,IMU,76,1044,-264,8376,-88,61,55
20400,IMU,77,1144,-228,8480,-95,68,29
20417,IMU,78,1244,-248,8424,-89,56,54
20436,IMU,79,1220,-136,8340,-87,62,30
20456,IMU,80,1252,-284,8436,-85,77,50
20475,IMU,81,1160,-220,8424,-95,70,56
20494,IMU,82,1180,-304,8404,-85,44,46
20513,IMU,83,1112,-268,8432,-88,55,56
20532,IMU,84,1240,-240,8324,-100,72,34
20551,IMU,85,1080,-332,8480,-93,61,43
20570,IMU,86,1176,-228,8500,-99,40,27
20589,IMU,87,1124,-300,8392,-83,62,31
20609,IMU,88,1100,-308,8528,-95,55,44
20628,IMU,89,1068,-276,8396,-91,56,41
20647,IMU,90,1176,-256,8456,-72,48,57
20666,IMU,91,1140,-196,8400,-92,52,36
20685,IMU,92,1188,-240,8384,-100,53,46
20704,IMU,93,1124,-344,8424,-74,77,56
20724,IMU,94,1088,-308,8444,-89,52,43
20743,IMU,95,1160,-312,8448,-82,74,31
20762,IMU,96,1096,-312,8344,-87,45,30
20781,IMU,97,1180,-176,8440,-93,58,41
20800,IMU,98,1128,-260,8388,-89,66,36
20819,IMU,99,1144,-248,8416,-86,49,37
20839,IMU,100,1188,-304,8436,-93,58,41
20858,IMU,101,1172,-312,8396,-90,48,48
20880,IMU,102,1132,-296,8436,-90,45,38
20896,IMU,103,1092,-220,8408,-92,50,35
20915,IMU,104,1212,-240,8396,-99,54,40
20934,IMU,105,1192,-320,8472,-88,55,33
20954,IMU,106,1140,-300,8496,-83,60,32
20973,IMU,107,1156,-260,8384,-99,41,55
20992,IMU,108,1180,-232,8368,-89,59,51
21013,IMU,109,1140,-168,8404,-93,58,39
21031,IMU,110,1212,-300,8392,-96,51,34
21050,IMU,111,1232,-280,8372,-105,58,53
21069,IMU,112,1112,-236,8396,-84,55,26
21088,IMU,113,1132,-308,8360,-87,75,53
21107,IMU,114,1188,-172,8420,-105,51,32
21126,IMU,115,1156,-192,8460,-67,49,53
21145,IMU,116,1144,-316,8400,-89,60,49
21164,IMU,117,1152,-288,8360,-108,69,44
21183,IMU,118,1216,-196,8408,-88,58,46
21203,IMU,119,1164,-200,8460,-100,51,40
21222,IMU,120,1240,-300,8480,-92,55,31
21241,IMU,121,1172,-312,8432,-77,66,45
21260,IMU,122,1224,-196,8340,-93,74,38
21279,IMU,123,1140,-232,8488,-88,62,30
21298,IMU,124,1224,-252,8512,-83,56,32
21318,IMU,125,1228,-288,8456,-106,60,49
21337,IMU,126,1144,-256,8456,-100,72,61
21359,IMU,127,1156,-316,8428,-89,55,45
21375,IMU,128,1252,-268,8352,-78,59,39
21394,IMU,129,1132,-288,8372,-98,79,51
21413,IMU,130,1116,-212,8420,-64,55,59
21432,IMU,131,1200,-300,8364,-118,49,44
21452,IMU,132,1192,-216,8480,-82,42,42
21471,IMU,133,1036,-296,8452,-93,67,47
21490,IMU,134,1116,-332,8368,-86,49,43
21509,IMU,135,1192,-176,8440,-77,49,42
21528,IMU,136,1100,-336,8472,-102,54,34
21547,IMU,137,1124,-260,8376,-87,41,26
21567,IMU,138,1232,-296,8368,-103,59,37
21586,IMU,139,1152,-200,8308,-84,85,41
21605,IMU,140,1128,-240,8452,-105,69,46
21624,IMU,141,1192,-240,8396,-69,64,44
21643,IMU,142,1168,-236,8436,-90,71,31
21662,IMU,143,1192,-184,8376,-81,82,37
21682,IMU,144,1176,-176,8420,-70,56,28
21701,IMU,145,1192,-320,8440,-73,50,37
21720,IMU,146,1208,-236,8420,-90,49,62
21739,IMU,147,1168,-300,8424,-92,58,53
21758,IMU,148,1116,-348,8436,-100,64,43
21777,IMU,149,1080,-220,8400,-87,59,49
21797,IMU,150,1212,-320,8340,-89,53,40
21816,IMU,151,1240,-268,8364,-74,65,57
21839,IMU,152,996,-284,8424,-92,78,47
21855,IMU,153,1192,-292,8412,-84,57,22
21873,IMU,154,1136,-324,8364,-87,59,42
21892,IMU,155,1056,-260,8432,-72,71,58
21911,IMU,156,1180,-184,8432,-83,77,42
21931,IMU,157,1180,-340,8392,-97,56,29
21950,IMU,158,1160,-236,8464,-83,48,35
21969,IMU,159,1240,-248,8448,-110,51,46
21988,IMU,160,1136,-224,8444,-94,74,34
22007,IMU,161,1132,-148,8432,-82,68,52
22026,IMU,162,1224,-236,8476,-95,78,39
22047,IMU,163,1192,-244,8352,-76,53,37
22065,IMU,164,1172,-188,8364,-102,64,26
22084,IMU,165,1116,-272,8396,-70,57,33
22103,IMU,166,1108,-344,8436,-90,55,39
22122,IMU,167,1188,-336,8500,-96,54,55
22142,IMU,168,1144,-312,8380,-111,54,31
22160,IMU,169,1192,-268,8488,-90,52,54
22180,IMU,170,1100,-196,8428,-101,52,41
22199,IMU,171,1188,-188,8420,-92,70,35
22218,IMU,172,1084,-276,8380,-104,56,48
22238,IMU,173,1180,-204,8404,-85,62,44
22257,IMU,174,1092,-328,8396,-89,45,42
22275,IMU,175,1216,-248,8452,-75,45,43
22295,IMU,176,1208,-188,8376,-86,47,28
22319,IMU,177,1156,-168,8360,-105,47,28
22335,IMU,178,1128,-192,8340,-84,54,50
22352,IMU,179,1112,-300,8444,-98,59,46
22372,IMU,180,1180,-264,8360,-94,53,42
22390,IMU,181,1192,-232,8436,-89,67,27
22410,IMU,182,1176,-224,8444,-88,54,42
22429,IMU,183,1132,-232,8448,-85,68,25
22448,IMU,184,1288,-236,8420,-102,59,40
22468,IMU,185,1224,-228,8392,-93,59,26
22487,IMU,186,1092,-328,8428,-81,50,45
22505,IMU,187,1196,-380,8524,-83,52,35
22525,IMU,188,1112,-212,8364,-89,66,37
22544,IMU,189,1120,-252,8408,-88,69,43
22563,IMU,190,1072,-216,8404,-98,71,53
22582,IMU,191,1128,-276,8348,-85,43,35
22602,IMU,192,1212,-196,8488,-97,57,41
22620,IMU,193,1208,-312,8428,-108,67,41
22640,IMU,194,1176,-304,8424,-90,58,52
22659,IMU,195,1220,-220,8492,-105,73,37
22678,IMU,196,1044,-300,8392,-93,65,33
22697,IMU,197,1176,-236,8444,-93,50,37
22717,IMU,198,1156,-208,8396,-98,62,46
22735,IMU,199,1148,-220,8448,-76,51,41
22755,IMU,200,1236,-208,8392,-99,69,56
22774,IMU,201,1160,-172,8388,-102,73,59
22795,IMU,202,1220,-248,8320,-76,56,40
22814,IMU,203,1088,-200,8512,-94,60,30
22831,IMU,204,1212,-216,8376,-92,53,29
22850,IMU,205,1236,-216,8424,-90,50,49
22870,IMU,206,1164,-228,8440,-105,60,29
22889,IMU,207,1176,-232,8496,-97,60,35
18918,ECG,0,0,0,0,0,0,0
18918,ECG,1,-1,0,0,0,0,0
18923,ECG,2,-1,0,0,0,0,0
18923,ECG,3,-1,0,0,0,0,0
18928,ECG,4,-2,0,0,0,0,0
18933,ECG,5,-2,0,0,0,0,0
18938,ECG,6,-2,0,0,0,0,0
18939,ECG,7,-1,0,0,0,0,0
18943,ECG,8,-4,0,0,0,0,0
18948,ECG,9,-7,0,0,0,0,0
18953,ECG,10,-6,0,0,0,0,0
18958,ECG,11,1,0,0,0,0,0
18958,ECG,12,20,0,0,0,0,0
18963,ECG,13,30,0,0,0,0,0
18968,ECG,14,43,0,0,0,0,0
18973,ECG,15,36,0,0,0,0,0
18978,ECG,16,35,0,0,0,0,0
18983,ECG,17,27,0,0,0,0,0
18988,ECG,18,46,0,0,0,0,0
18993,ECG,19,11,0,0,0,0,0
18993,ECG,20,59,0,0,0,0,0
18998,ECG,21,-18,0,0,0,0,0
19003,ECG,22,538,0,0,0,0,0
19008,ECG,23,1070,0,0,0,0,0
19013,ECG,24,-468,0,0,0,0,0
19013,ECG,25,-2307,0,0,0,0,0
19018,ECG,26,-846,0,0,0,0,0
19023,ECG,27,6485,0,0,0,0,0
19028,ECG,28,18270,0,0,0,0,0
19033,ECG,29,31903,0,0,0,0,0
19038,ECG,30,31504,0,0,0,0,0
19043,ECG,31,30754,0,0,0,0,0
19048,ECG,32,29568,0,0,0,0,0
19048,ECG,33,30030,0,0,0,0,0
19053,ECG,34,29899,0,0,0,0,0
19058,ECG,35,29473,0,0,0,0,0
19063,ECG,36,29140,0,0,0,0,0
19064,ECG,37,28742,0,0,0,0,0
19068,ECG,38,28409,0,0,0,0,0
19073,ECG,39,28035,0,0,0,0,0
19078,ECG,40,27695,0,0,0,0,0
19083,ECG,41,27339,0,0,0,0,0
19083,ECG,42,27002,0,0,0,0,0
19088,ECG,43,26676,0,0,0,0,0
19093,ECG,44,26357,0,0,0,0,0
19098,ECG,45,26044,0,0,0,0,0
19103,ECG,46,25401,0,0,0,0,0
19108,ECG,47,25079,0,0,0,0,0
19113,ECG,48,24765,0,0,0,0,0
19118,ECG,49,24457,0,0,0,0,0
19118,ECG,50,24151,0,0,0,0,0
19123,ECG,51,23848,0,0,0,0,0
19128,ECG,52,23550,0,0,0,0,0
19133,ECG,53,23255,0,0,0,0,0
19138,ECG,54,22964,0,0,0,0,0
19138,ECG,55,22677,0,0,0,0,0
19143,ECG,56,22393,0,0,0,0,0
19148,ECG,57,22113,0,0,0,0,0
19153,ECG,58,21836,0,0,0,0,0
19153,ECG,59,21563,0,0,0,0,0
19158,ECG,60,21293,0,0,0,0,0
19163,ECG,61,21026,0,0,0,0,0
19168,ECG,62,20763,0,0,0,0,0
19173,ECG,63,20503,0,0,0,0,0
19173,ECG,64,20246,0,0,0,0,0
19178,ECG,65,19993,0,0,0,0,0
19183,ECG,66,19742,0,0,0,0,0
19188,ECG,67,19495,0,0,0,0,0
19193,ECG,68,19010,0,0,0,0,0
19198,ECG,69,18772,0,0,0,0,0
19203,ECG,70,18537,0,0,0,0,0
19208,ECG,71,18305,0,0,0,0,0
19208,ECG,72,18076,0,0,0,0,0
19213,ECG,73,17849,0,0,0,0,0
19218,ECG,74,17626,0,0,0,0,0
19223,ECG,75,17405,0,0,0,0,0
19224,ECG,76,17187,0,0,0,0,0
19228,ECG,77,16972,0,0,0,0,0
19233,ECG,78,16759,0,0,0,0,0
19238,ECG,79,16549,0,0,0,0,0
19243,ECG,80,16342,0,0,0,0,0
19243,ECG,81,16137,0,0,0,0,0
19248,ECG,82,15935,0,0,0,0,0
19253,ECG,83,15735,0,0,0,0,0
19258,ECG,84,15538,0,0,0,0,0
19263,ECG,85,15151,0,0,0,0,0
19268,ECG,86,14961,0,0,0,0,0
19273,ECG,87,14774,0,0,0,0,0
19278,ECG,88,14588,0,0,0,0,0
19278,ECG,89,14406,0,0,0,0,0
19283,ECG,90,14225,0,0,0,0,0
19288,ECG,91,14047,0,0,0,0,0
19294,ECG,92,13871,0,0,0,0,0
19294,ECG,93,13697,0,0,0,0,0
19299,ECG,94,13525,0,0,0,0,0
19304,ECG,95,13356,0,0,0,0,0
19309,ECG,96,13188,0,0,0,0,0
19314,ECG,97,12860,0,0,0,0,0
19319,ECG,98,12699,0,0,0,0,0
19324,ECG,99,12539,0,0,0,0,0
19329,ECG,100,12382,0,0,0,0,0
19329,ECG,101,12227,0,0,0,0,0
19334,ECG,102,12074,0,0,0,0,0
19339,ECG,103,11922,0,0,0,0,0
19344,ECG,104,11773,0,0,0,0,0
19349,ECG,105,11479,0,0,0,0,0
19354,ECG,106,11335,0,0,0,0,0
19359,ECG,107,11193,0,0,0,0,0
19364,ECG,108,11052,0,0,0,0,0
19364,ECG,109,10914,0,0,0,0,0
19369,ECG,110,10777,0,0,0,0,0
19374,ECG,111,10641,0,0,0,0,0
19379,ECG,112,10508,0,0,0,0,0
19384,ECG,113,10246,0,0,0,0,0
19389,ECG,114,10117,0,0,0,0,0
19394,ECG,115,9990,0,0,0,0,0
19399,ECG,116,9865,0,0,0,0,0
19399,ECG,117,9741,0,0,0,0,0
19404,ECG,118,9619,0,0,0,0,0
19409,ECG,119,9498,0,0,0,0,0
19414,ECG,120,9379,0,0,0,0,0
19419,ECG,121,9261,0,0,0,0,0
19419,ECG,122,9145,0,0,0,0,0
19424,ECG,123,9030,0,0,0,0,0
19429,ECG,124,8917,0,0,0,0,0
19434,ECG,125,8805,0,0,0,0,0
19439,ECG,126,8585,0,0,0,0,0
19444,ECG,127,8477,0,0,0,0,0
19449,ECG,128,8371,0,0,0,0,0
19454,ECG,129,8265,0,0,0,0,0
19454,ECG,130,8162,0,0,0,0,0
19459,ECG,131,8059,0,0,0,0,0
19464,ECG,132,7958,0,0,0,0,0
19469,ECG,133,7858,0,0,0,0,0
19470,ECG,134,7759,0,0,0,0,0
19474,ECG,135,7662,0,0,0,0,0
19479,ECG,136,7565,0,0,0,0,0
19484,ECG,137,7470,0,0,0,0,0
19489,ECG,138,7376,0,0,0,0,0
19489,ECG,139,7284,0,0,0,0,0
19494,ECG,140,7192,0,0,0,0,0
19499,ECG,141,7102,0,0,0,0,0
19504,ECG,142,7012,0,0,0,0,0
19509,ECG,143,6837,0,0,0,0,0
19514,ECG,144,6751,0,0,0,0,0
19519,ECG,145,6666,0,0,0,0,0
19524,ECG,146,6582,0,0,0,0,0
19524,ECG,147,6499,0,0,0,0,0
19529,ECG,148,6418,0,0,0,0,0
19534,ECG,149,6337,0,0,0,0,0
19539,ECG,150,6257,0,0,0,0,0
19544,ECG,151,6178,0,0,0,0,0
19544,ECG,152,6101,0,0,0,0,0
19549,ECG,153,6024,0,0,0,0,0
19554,ECG,154,5948,0,0,0,0,0
19559,ECG,155,5873,0,0,0,0,0
19564,ECG,156,5726,0,0,0,0,0
19569,ECG,157,5654,0,0,0,0,0
19574,ECG,158,5583,0,0,0,0,0
19579,ECG,159,5512,0,0,0,0,0
19579,ECG,160,5443,0,0,0,0,0
19584,ECG,161,5374,0,0,0,0,0
19589,ECG,162,5307,0,0,0,0,0
19594,ECG,163,5240,0,0,0,0,0
19599,ECG,164,5108,0,0,0,0,0
19604,ECG,165,5044,0,0,0,0,0
19609,ECG,166,4980,0,0,0,0,0
19614,ECG,167,4918,0,0,0,0,0
19614,ECG,168,4856,0,0,0,0,0
19619,ECG,169,4794,0,0,0,0,0
19624,ECG,170,4734,0,0,0,0,0
19629,ECG,171,4674,0,0,0,0,0
19634,ECG,172,4557,0,0,0,0,0
19639,ECG,173,4499,0,0,0,0,0
19644,ECG,174,4443,0,0,0,0,0
19649,ECG,175,4387,0,0,0,0,0
19649,ECG,176,4331,0,0,0,0,0
19654,ECG,177,4276,0,0,0,0,0
19659,ECG,178,4222,0,0,0,0,0
19664,ECG,179,4169,0,0,0,0,0
19669,ECG,180,4064,0,0,0,0,0
19674,ECG,181,4013,0,0,0,0,0
19679,ECG,182,3962,0,0,0,0,0
19684,ECG,183,3912,0,0,0,0,0
19684,ECG,184,3863,0,0,0,0,0
19689,ECG,185,3814,0,0,0,0,0
19694,ECG,186,3766,0,0,0,0,0
19699,ECG,187,3718,0,0,0,0,0
19704,ECG,188,3671,0,0,0,0,0
19704,ECG,189,3624,0,0,0,0,0
19709,ECG,190,3578,0,0,0,0,0
19714,ECG,191,3533,0,0,0,0,0
19719,ECG,192,3488,0,0,0,0,0
19724,ECG,193,3400,0,0,0,0,0
19729,ECG,194,3357,0,0,0,0,0
19734,ECG,195,3315,0,0,0,0,0
19739,ECG,196,3273,0,0,0,0,0
19739,ECG,197,3231,0,0,0,0,0
19744,ECG,198,3190,0,0,0,0,0
19749,ECG,199,3150,0,0,0,0,0
19754,ECG,200,3110,0,0,0,0,0
19755,ECG,201,3070,0,0,0,0,0
19759,ECG,202,3031,0,0,0,0,0
19764,ECG,203,2993,0,0,0,0,0
19769,ECG,204,2955,0,0,0,0,0
19774,ECG,205,2917,0,0,0,0,0
19774,ECG,206,2880,0,0,0,0,0
19779,ECG,207,2844,0,0,0,0,0
19784,ECG,208,2808,0,0,0,0,0
19789,ECG,209,2772,0,0,0,0,0
19794,ECG,210,2702,0,0,0,0,0
19799,ECG,211,2668,0,0,0,0,0
19804,ECG,212,2634,0,0,0,0,0
19809,ECG,213,2600,0,0,0,0,0
19809,ECG,214,2567,0,0,0,0,0
19814,ECG,215,2534,0,0,0,0,0
19819,ECG,216,2502,0,0,0,0,0
19824,ECG,217,2470,0,0,0,0,0
19829,ECG,218,2439,0,0,0,0,0
19829,ECG,219,2408,0,0,0,0,0
19834,ECG,220,2377,0,0,0,0,0
19839,ECG,221,2347,0,0,0,0,0
19844,ECG,222,2317,0,0,0,0,0
19849,ECG,223,2258,0,0,0,0,0
19854,ECG,224,2229,0,0,0,0,0
19859,ECG,225,2201,0,0,0,0,0
19864,ECG,226,2173,0,0,0,0,0
19864,ECG,227,2145,0,0,0,0,0
19869,ECG,228,2117,0,0,0,0,0
19874,ECG,229,2090,0,0,0,0,0
19879,ECG,230,2064,0,0,0,0,0
19884,ECG,231,2011,0,0,0,0,0
19889,ECG,232,1985,0,0,0,0,0
19894,ECG,233,1960,0,0,0,0,0
19899,ECG,234,1935,0,0,0,0,0
19899,ECG,235,1910,0,0,0,0,0
19907,ECG,236,1886,0,0,0,0,0
19907,ECG,237,1861,0,0,0,0,0
19912,ECG,238,1837,0,0,0,0,0
19917,ECG,239,1814,0,0,0,0,0
19922,ECG,240,1791,0,0,0,0,0
19927,ECG,241,1745,0,0,0,0,0
19932,ECG,242,1722,0,0,0,0,0
19937,ECG,243,1700,0,0,0,0,0
19942,ECG,244,1678,0,0,0,0,0
19942,ECG,245,1657,0,0,0,0,0
19947,ECG,246,1636,0,0,0,0,0
19952,ECG,247,1615,0,0,0,0,0
19957,ECG,248,1594,0,0,0,0,0
19958,ECG,249,1573,0,0,0,0,0
19962,ECG,250,1553,0,0,0,0,0
19967,ECG,251,1533,0,0,0,0,0
19972,ECG,252,1513,0,0,0,0,0
19977,ECG,253,1494,0,0,0,0,0
19977,ECG,254,1475,0,0,0,0,0
19982,ECG,255,1456,0,0,0,0,0
19987,ECG,256,1437,0,0,0,0,0
19992,ECG,257,1418,0,0,0,0,0
19997,ECG,258,1382,0,0,0,0,0
20002,ECG,259,1364,0,0,0,0,0
20007,ECG,260,1346,0,0,0,0,0
21014,ECG,261,0,0,0,0,0,0
21014,ECG,262,-1,0,0,0,0,0
21019,ECG,263,-1,0,0,0,0,0
21024,ECG,264,-1,0,0,0,0,0
21029,ECG,265,-2,0,0,0,0,0
21034,ECG,266,-2,0,0,0,0,0
21039,ECG,267,-1,0,0,0,0,0
21044,ECG,268,-4,0,0,0,0,0
21049,ECG,269,-7,0,0,0,0,0
21049,ECG,270,-6,0,0,0,0,0
21054,ECG,271,1,0,0,0,0,0
21059,ECG,272,20,0,0,0,0,0
21064,ECG,273,30,0,0,0,0,0
21065,ECG,274,43,0,0,0,0,0
21069,ECG,275,36,0,0,0,0,0
21074,ECG,276,36,0,0,0,0,0
21079,ECG,277,35,0,0,0,0,0
21084,ECG,278,27,0,0,0,0,0
21084,ECG,279,46,0,0,0,0,0
21089,ECG,280,11,0,0,0,0,0
21094,ECG,281,59,0,0,0,0,0
21099,ECG,282,-18,0,0,0,0,0
21104,ECG,283,1070,0,0,0,0,0
21109,ECG,284,-468,0,0,0,0,0
21114,ECG,285,-2307,0,0,0,0,0
21119,ECG,286,-846,0,0,0,0,0
21119,ECG,287,6485,0,0,0,0,0
21124,ECG,288,18270,0,0,0,0,0
22131,ECG,289,0,0,0,0,0,0
22131,ECG,290,-1,0,0,0,0,0
22136,ECG,291,-1,0,0,0,0,0
22141,ECG,292,-1,0,0,0,0,0
22146,ECG,293,-2,0,0,0,0,0
22151,ECG,294,-2,0,0,0,0,0
22156,ECG,295,-1,0,0,0,0,0
22161,ECG,296,-4,0,0,0,0,0
22166,ECG,297,-7,0,0,0,0,0
22166,ECG,298,-6,0,0,0,0,0
22171,ECG,299,1,0,0,0,0,0
22176,ECG,300,20,0,0,0,0,0
22181,ECG,301,30,0,0,0,0,0
22182,ECG,302,43,0,0,0,0,0
22186,ECG,303,36,0,0,0,0,0
22191,ECG,304,36,0,0,0,0,0
22196,ECG,305,35,0,0,0,0,0
22201,ECG,306,27,0,0,0,0,0
22201,ECG,307,46,0,0,0,0,0
22206,ECG,308,11,0,0,0,0,0
22211,ECG,309,59,0,0,0,0,0
22216,ECG,310,-18,0,0,0,0,0
22221,ECG,311,1070,0,0,0,0,0
22226,ECG,312,-468,0,0,0,0,0
22231,ECG,313,-2307,0,0,0,0,0
22236,ECG,314,-846,0,0,0,0,0
22236,ECG,315,6485,0,0,0,0,0
22241,ECG,316,18270,0,0,0,0,0
22246,ECG,317,28867,0,0,0,0,0
22251,ECG,318,31903,0,0,0,0,0
22256,ECG,319,31504,0,0,0,0,0
22256,ECG,320,30754,0,0,0,0,0
22261,ECG,321,29568,0,0,0,0,0
22266,ECG,322,30030,0,0,0,0,0
22271,ECG,323,29899,0,0,0,0,0
22276,ECG,324,29140,0,0,0,0,0
22281,ECG,325,28742,0,0,0,0,0
22286,ECG,326,28409,0,0,0,0,0
22291,ECG,327,28035,0,0,0,0,0
22291,ECG,328,27695,0,0,0,0,0
22296,ECG,329,27339,0,0,0,0,0
22301,ECG,330,27002,0,0,0,0,0
22306,ECG,331,26676,0,0,0,0,0
22311,ECG,332,26044,0,0,0,0,0
22316,ECG,333,25722,0,0,0,0,0
22321,ECG,334,25401,0,0,0,0,0
22326,ECG,335,25079,0,0,0,0,0
22326,ECG,336,24765,0,0,0,0,0
22331,ECG,337,24457,0,0,0,0,0
22336,ECG,338,24151,0,0,0,0,0
22341,ECG,339,23848,0,0,0,0,0
22346,ECG,340,23255,0,0,0,0,0
22351,ECG,341,22964,0,0,0,0,0
22356,ECG,342,22677,0,0,0,0,0
22361,ECG,343,22393,0,0,0,0,0
22361,ECG,344,22113,0,0,0,0,0
22366,ECG,345,21836,0,0,0,0,0
22371,ECG,346,21563,0,0,0,0,0
22376,ECG,347,21293,0,0,0,0,0
22381,ECG,348,20763,0,0,0,0,0
22386,ECG,349,20503,0,0,0,0,0
22391,ECG,350,20246,0,0,0,0,0
22396,ECG,351,19993,0,0,0,0,0
22396,ECG,352,19742,0,0,0,0,0
22401,ECG,353,19495,0,0,0,0,0
22406,ECG,354,19251,0,0,0,0,0
22411,ECG,355,19010,0,0,0,0,0
22416,ECG,356,18772,0,0,0,0,0
22416,ECG,357,18537,0,0,0,0,0
22421,ECG,358,18305,0,0,0,0,0
22426,ECG,359,18076,0,0,0,0,0
22431,ECG,360,17849,0,0,0,0,0
22436,ECG,361,17405,0,0,0,0,0
22441,ECG,362,17187,0,0,0,0,0
22446,ECG,363,16972,0,0,0,0,0
22451,ECG,364,16759,0,0,0,0,0
22451,ECG,365,16549,0,0,0,0,0
22456,ECG,366,16342,0,0,0,0,0
22461,ECG,367,16137,0,0,0,0,0
22466,ECG,368,15935,0,0,0,0,0
22467,ECG,369,15735,0,0,0,0,0
22471,ECG,370,15538,0,0,0,0,0
22476,ECG,371,15343,0,0,0,0,0
22481,ECG,372,15151,0,0,0,0,0
22486,ECG,373,14961,0,0,0,0,0
22486,ECG,374,14774,0,0,0,0,0
22491,ECG,375,14588,0,0,0,0,0
22496,ECG,376,14406,0,0,0,0,0
22501,ECG,377,14225,0,0,0,0,0
22506,ECG,378,13871,0,0,0,0,0
22511,ECG,379,13697,0,0,0,0,0
22516,ECG,380,13525,0,0,0,0,0
22521,ECG,381,13356,0,0,0,0,0
22521,ECG,382,13188,0,0,0,0,0
22526,ECG,383,13023,0,0,0,0,0
22531,ECG,384,12860,0,0,0,0,0
22536,ECG,385,12699,0,0,0,0,0
22541,ECG,386,12539,0,0,0,0,0
22541,ECG,387,12382,0,0,0,0,0
22546,ECG,388,12227,0,0,0,0,0
22551,ECG,389,12074,0,0,0,0,0
22556,ECG,390,11922,0,0,0,0,0
22561,ECG,391,11625,0,0,0,0,0
22566,ECG,392,11479,0,0,0,0,0
22571,ECG,393,11335,0,0,0,0,0
22576,ECG,394,11193,0,0,0,0,0
22576,ECG,395,11052,0,0,0,0,0
22581,ECG,396,10914,0,0,0,0,0
22586,ECG,397,10777,0,0,0,0,0
22591,ECG,398,10641,0,0,0,0,0
22596,ECG,399,10376,0,0,0,0,0
22601,ECG,400,10246,0,0,0,0,0
22606,ECG,401,10117,0,0,0,0,0
22611,ECG,402,9990,0,0,0,0,0
22611,ECG,403,9865,0,0,0,0,0
22616,ECG,404,9741,0,0,0,0,0
22621,ECG,405,9619,0,0,0,0,0
22626,ECG,406,9498,0,0,0,0,0
22631,ECG,407,9261,0,0,0,0,0
22636,ECG,408,9145,0,0,0,0,0
22641,ECG,409,9030,0,0,0,0,0
22646,ECG,410,8917,0,0,0,0,0
22646,ECG,411,8805,0,0,0,0,0
22651,ECG,412,8694,0,0,0,0,0
22656,ECG,413,8585,0,0,0,0,0
22661,ECG,414,8477,0,0,0,0,0
22666,ECG,415,8265,0,0,0,0,0
22671,ECG,416,8162,0,0,0,0,0
22676,ECG,417,8059,0,0,0,0,0
22681,ECG,418,7958,0,0,0,0,0
22681,ECG,419,7858,0,0,0,0,0
22686,ECG,420,7759,0,0,0,0,0
22691,ECG,421,7662,0,0,0,0,0
22696,ECG,422,7565,0,0,0,0,0
22701,ECG,423,7470,0,0,0,0,0
22701,ECG,424,7376,0,0,0,0,0
22706,ECG,425,7284,0,0,0,0,0
22711,ECG,426,7192,0,0,0,0,0
22716,ECG,427,7102,0,0,0,0,0
22721,ECG,428,6924,0,0,0,0,0
22726,ECG,429,6837,0,0,0,0,0
22731,ECG,430,6751,0,0,0,0,0
22736,ECG,431,6666,0,0,0,0,0
22736,ECG,432,6582,0,0,0,0,0
22741,ECG,433,6499,0,0,0,0,0
22746,ECG,434,6418,0,0,0,0,0
22751,ECG,435,6337,0,0,0,0,0
22752,ECG,436,6257,0,0,0,0,0
22756,ECG,437,6178,0,0,0,0,0
22761,ECG,438,6101,0,0,0,0,0
22766,ECG,439,6024,0,0,0,0,0
22771,ECG,440,5948,0,0,0,0,0
22771,ECG,441,5873,0,0,0,0,0
22776,ECG,442,5799,0,0,0,0,0
22781,ECG,443,5726,0,0,0,0,0
22786,ECG,444,5654,0,0,0,0,0
22791,ECG,445,5512,0,0,0,0,0
22796,ECG,446,5443,0,0,0,0,0
22801,ECG,447,5374,0,0,0,0,0
22806,ECG,448,5307,0,0,0,0,0
22806,ECG,449,5240,0,0,0,0,0
22811,ECG,450,5174,0,0,0,0,0
22816,ECG,451,5108,0,0,0,0,0
22821,ECG,452,5044,0,0,0,0,0
22826,ECG,453,4980,0,0,0,0,0
22826,ECG,454,4918,0,0,0,0,0
22831,ECG,455,4856,0,0,0,0,0
22836,ECG,456,4794,0,0,0,0,0
22841,ECG,457,4734,0,0,0,0,0
22846,ECG,458,4615,0,0,0,0,0
22851,ECG,459,4557,0,0,0,0,0
22856,ECG,460,4499,0,0,0,0,0
22861,ECG,461,4443,0,0,0,0,0
22861,ECG,462,4387,0,0,0,0,0
22866,ECG,463,4331,0,0,0,0,0
22871,ECG,464,4276,0,0,0,0,0
22876,ECG,465,4222,0,0,0,0,0
22881,ECG,466,4116,0,0,0,0,0
22886,ECG,467,4064,0,0,0,0,0
22891,ECG,468,4013,0,0,0,0,0
22896,ECG,469,3962,0,0,0,0,0
22896,ECG,470,3912,0,0,0,0,0
22901,ECG,471,3863,0,0,0,0,0
22906,ECG,472,3814,0,0,0,0,0
22911,ECG,473,3766,0,0,0,0,0
22916,ECG,474,3671,0,0,0,0,0
22921,ECG,475,3624,0,0,0,0,0
22926,ECG,476,3578,0,0,0,0,0
22931,ECG,477,3533,0,0,0,0,0
22931,ECG,478,3488,0,0,0,0,0
22936,ECG,479,3444,0,0,0,0,0
22941,ECG,480,3400,0,0,0,0,0
22946,ECG,481,3357,0,0,0,0,0
22951,ECG,482,3273,0,0,0,0,0
22956,ECG,483,3231,0,0,0,0,0
22961,ECG,484,3190,0,0,0,0,0
22966,ECG,485,3150,0,0,0,0,0
22966,ECG,486,3110,0,0,0,0,0
22971,ECG,487,3070,0,0,0,0,0
22976,ECG,488,3031,0,0,0,0,0
22981,ECG,489,2993,0,0,0,0,0
22986,ECG,490,2955,0,0,0,0,0
22986,ECG,491,2917,0,0,0,0,0
22991,ECG,492,2880,0,0,0,0,0
22996,ECG,493,2844,0,0,0,0,0
23001,ECG,494,2808,0,0,0,0,0
23006,ECG,495,2737,0,0,0,0,0
23011,ECG,496,2702,0,0,0,0,0
23016,ECG,497,2668,0,0,0,0,0
23021,ECG,498,2634,0,0,0,0,0
23021,ECG,499,2600,0,0,0,0,0
23026,ECG,500,2567,0,0,0,0,0
23031,ECG,501,2534,0,0,0,0,0
23036,ECG,502,2502,0,0,0,0,0
23037,ECG,503,2470,0,0,0,0,0
23041,ECG,504,2439,0,0,0,0,0
23046,ECG,505,2408,0,0,0,0,0
23051,ECG,506,2377,0,0,0,0,0
23056,ECG,507,2347,0,0,0,0,0
23056,ECG,508,2317,0,0,0,0,0
23061,ECG,509,2287,0,0,0,0,0
23066,ECG,510,2258,0,0,0,0,0
23071,ECG,511,2229,0,0,0,0,0
18945,PPG,0,128753,60417,0,0,0,0
19021,PPG,1,128748,60413,0,0,0,0
19101,PPG,2,128745,60407,0,0,0,0
19180,PPG,3,128745,60413,0,0,0,0
19260,PPG,4,128749,60431,0,0,0,0
19339,PPG,5,128756,60425,0,0,0,0
19423,PPG,6,128747,60421,0,0,0,0
19501,PPG,7,128745,60419,0,0,0,0
19578,PPG,8,128748,60420,0,0,0,0
19657,PPG,9,128745,60416,0,0,0,0
19737,PPG,10,128744,60415,0,0,0,0
19817,PPG,11,128752,60420,0,0,0,0
19900,PPG,12,128737,60422,0,0,0,0
19979,PPG,13,128749,60416,0,0,0,0
20055,PPG,14,128754,60421,0,0,0,0
20134,PPG,15,128759,60420,0,0,0,0
20214,PPG,16,128742,60417,0,0,0,0
20293,PPG,17,128750,60417,0,0,0,0
20373,PPG,18,128752,60423,0,0,0,0
20456,PPG,19,128736,60428,0,0,0,0
20534,PPG,20,128745,60417,0,0,0,0
20612,PPG,21,128750,60414,0,0,0,0
20691,PPG,22,128749,60425,0,0,0,0
20771,PPG,23,128742,60420,0,0,0,0
20850,PPG,24,128736,60414,0,0,0,0
20930,PPG,25,128750,60428,0,0,0,0
21013,PPG,26,128751,60420,0,0,0,0
21091,PPG,27,128745,60419,0,0,0,0
21169,PPG,28,128741,60411,0,0,0,0
21248,PPG,29,128749,60412,0,0,0,0
21328,PPG,30,128747,60418,0,0,0,0
21407,PPG,31,128728,60418,0,0,0,0
21490,PPG,32,128727,60425,0,0,0,0
21569,PPG,33,128742,60413,0,0,0,0
21646,PPG,34,128754,60411,0,0,0,0
21725,PPG,35,128744,60427,0,0,0,0
21805,PPG,36,128739,60413,0,0,0,0
21884,PPG,37,128760,60420,0,0,0,0
21964,PPG,38,128745,60430,0,0,0,0
22047,PPG,39,128743,60421,0,0,0,0
22124,PPG,40,128749,60426,0,0,0,0
22203,PPG,41,128748,60420,0,0,0,0
22283,PPG,42,128732,60416,0,0,0,0
22363,PPG,43,128740,60407,0,0,0,0
22442,PPG,44,128742,60424,0,0,0,0
22521,PPG,45,128735,60413,0,0,0,0
22604,PPG,46,128745,60407,0,0,0,0
22680,PPG,47,128744,60416,0,0,0,0
22760,PPG,48,128740,60414,0,0,0,0
22839,PPG,49,128737,60426,0,0,0,0
22922,PPG,50,128740,60422,0,0,0,0
23004,PPG,51,128733,60417,0,0,0,0
23084,PPG,52,128753,60421,0,0,0,0
23160,PPG,53,128752,60420,0,0,0,0
23239,PPG,54,128734,60423,0,0,0,0
23495,PPG,55,128730,60415,0,0,0,0
23495,PPG,56,128737,60417,0,0,0,0
23495,PPG,57,128731,60422,0,0,0,0
23555,PPG,58,128749,60427,0,0,0,0
23638,PPG,59,128729,60426,0,0,0,0
23715,PPG,60,128744,60417,0,0,0,0
23794,PPG,61,128741,60423,0,0,0,0
23873,PPG,62,128740,60413,0,0,0,0
23954,PPG,63,128742,60421,0,0,0,0
24032,PPG,64,128732,60410,0,0,0,0
24116,PPG,65,128746,60419,0,0,0,0
24193,PPG,66,128735,60413,0,0,0,0
24271,PPG,67,128752,60425,0,0,0,0
24351,PPG,68,128735,60415,0,0,0,0
24431,PPG,69,128722,60408,0,0,0,0
24510,PPG,70,128733,60419,0,0,0,0
24590,PPG,71,128745,60420,0,0,0,0
24673,PPG,72,128745,60423,0,0,0,0
24750,PPG,73,128729,60418,0,0,0,0
24828,PPG,74,128742,60421,0,0,0,0
24907,PPG,75,128750,60414,0,0,0,0
24987,PPG,76,128738,60422,0,0,0,0
25067,PPG,77,128742,60425,0,0,0,0
25150,PPG,78,128738,60416,0,0,0,0
25229,PPG,79,128734,60414,0,0,0,0
25305,PPG,80,128738,60414,0,0,0,0
25385,PPG,81,128734,60426,0,0,0,0
25464,PPG,82,128734,60426,0,0,0,0
25544,PPG,83,128733,60414,0,0,0,0
25623,PPG,84,128737,60415,0,0,0,0
25707,PPG,85,128737,60410,0,0,0,0
25784,PPG,86,128731,60417,0,0,0,0
25862,PPG,87,128738,60415,0,0,0,0
25942,PPG,88,128741,60406,0,0,0,0
26021,PPG,89,128745,60415,0,0,0,0
26101,PPG,90,128740,60418,0,0,0,0
26180,PPG,91,128724,60415,0,0,0,0
26263,PPG,92,128736,60417,0,0,0,0
26340,PPG,93,128735,60414,0,0,0,0
26419,PPG,94,128742,60405,0,0,0,0
26498,PPG,95,128747,60410,0,0,0,0
26578,PPG,96,128737,60409,0,0,0,0
26664,PPG,97,128727,60416,0,0,0,0
26742,PPG,98,128728,60404,0,0,0,0
26819,PPG,99,128731,60414,0,0,0,0
22908,IMU,208,1164,-292,8452,-105,63,48
22927,IMU,209,1140,-276,8408,-76,61,39
22946,IMU,210,1188,-248,8424,-89,60,38
22965,IMU,211,1132,-272,8408,-83,58,41
22985,IMU,212,1184,-188,8320,-80,59,52
23004,IMU,213,1136,-260,8404,-91,47,43
23023,IMU,214,1220,-336,8404,-74,68,46
23042,IMU,215,1120,-304,8436,-93,55,48
23061,IMU,216,1124,-280,8392,-97,65,32
23080,IMU,217,1164,-220,8416,-102,72,32
23100,IMU,218,1148,-208,8364,-90,70,41
23119,IMU,219,1256,-188,8352,-102,56,58
23138,IMU,220,1112,-388,8428,-78,62,55
23157,IMU,221,1276,-268,8496,-93,52,49
23176,IMU,222,1196,-256,8420,-76,52,38
23195,IMU,223,1264,-224,8484,-85,60,43
23214,IMU,224,1152,-344,8472,-86,75,38
23233,IMU,225,1208,-316,8424,-98,71,29
23253,IMU,226,1216,-256,8376,-95,69,47
23272,IMU,227,1156,-268,8468,-97,45,40
23295,IMU,228,1076,-316,8468,-97,61,47
23314,IMU,229,1160,-248,8368,-96,56,46
23333,IMU,230,1156,-232,8408,-95,48,41
23352,IMU,231,1096,-180,8432,-90,54,50
23371,IMU,232,1104,-272,8392,-79,65,48
23390,IMU,233,1256,-336,8484,-85,43,23
23410,IMU,234,1192,-200,8484,-86,56,38
23429,IMU,235,1128,-184,8420,-87,44,54
23448,IMU,236,1212,-252,8384,-99,65,49
23467,IMU,237,1248,-292,8464,-94,62,28
23486,IMU,238,1140,-220,8436,-83,56,43
23502,IMU,239,1164,-208,8480,-88,63,45
23521,IMU,240,1264,-276,8460,-97,63,35
23540,IMU,241,1176,-300,8456,-66,55,49
23559,IMU,242,1056,-356,8368,-86,57,39
23578,IMU,243,1148,-252,8456,-77,56,54
23597,IMU,244,1128,-296,8400,-86,54,48
23617,IMU,245,1188,-284,8400,-82,56,35
23636,IMU,246,1084,-284,8320,-101,55,44
23655,IMU,247,1080,-260,8364,-84,73,56
23674,IMU,248,1140,-196,8412,-90,58,45
23693,IMU,249,1164,-200,8456,-80,68,33
23712,IMU,250,1152,-272,8364,-110,58,55
23732,IMU,251,1156,-168,8472,-102,58,41
23751,IMU,252,1148,-240,8408,-93,62,26
23770,IMU,253,1184,-260,8364,-88,41,35
23789,IMU,254,1236,-364,8388,-81,51,35
23808,IMU,255,1180,-292,8388,-80,61,29
23827,IMU,256,1068,-220,8356,-96,66,36
23847,IMU,257,1164,-224,8436,-93,50,53
23866,IMU,258,1220,-172,8504,-78,72,48
23885,IMU,259,1096,-220,8448,-75,39,49
23904,IMU,260,1168,-248,8408,-98,61,47
23926,IMU,261,1232,-312,8392,-97,63,38
23942,IMU,262,1192,-328,8412,-81,46,37
23961,IMU,263,1192,-236,8340,-76,63,36
23981,IMU,264,1220,-340,8408,-77,56,20
24000,IMU,265,1240,-296,8532,-85,71,29
24019,IMU,266,1248,-236,8420,-83,71,56
24038,IMU,267,1116,-340,8444,-90,65,40
24057,IMU,268,1208,-204,8376,-99,62,46
24076,IMU,269,1212,-316,8348,-104,53,44
24096,IMU,270,1172,-256,8436,-87,54,41
24116,IMU,271,1236,-228,8348,-94,39,49
24134,IMU,272,1116,-176,8412,-94,53,29
24153,IMU,273,1168,-300,8496,-89,60,43
24172,IMU,274,1152,-280,8336,-97,69,44
24191,IMU,275,1092,-348,8408,-87,62,34
24211,IMU,276,1064,-244,8396,-90,65,43
24230,IMU,277,1188,-224,8540,-86,46,30
24251,IMU,278,1172,-196,8420,-80,72,59
24268,IMU,279,1080,-300,8400,-92,53,33
24287,IMU,280,1192,-216,8456,-105,59,39
24307,IMU,281,1212,-272,8404,-99,54,38
24326,IMU,282,1164,-280,8484,-90,53,35
24345,IMU,283,1224,-284,8468,-102,58,48
24364,IMU,284,1196,-248,8440,-100,50,26
24383,IMU,285,1088,-156,8488,-94,57,39
24402,IMU,286,1096,-216,8364,-89,64,35
24422,IMU,287,1128,-304,8384,-100,55,41
24441,IMU,288,1108,-216,8452,-84,53,49
24460,IMU,289,1068,-296,8436,-84,64,41
24479,IMU,290,1264,-260,8336,-81,69,47
24498,IMU,291,1188,-268,8416,-94,61,38
24517,IMU,292,1224,-232,8396,-90,67,40
24537,IMU,293,1256,-216,8432,-75,60,27
24556,IMU,294,1196,-408,8428,-81,67,36
24575,IMU,295,1160,-292,8336,-94,47,36
24594,IMU,296,1208,-308,8448,-103,56,35
24613,IMU,297,1148,-276,8476,-64,50,53
24632,IMU,298,1140,-224,8464,-92,61,38
24651,IMU,299,1248,-236,8392,-102,68,52
24673,IMU,300,1112,-364,8400,-102,65,48
24690,IMU,301,1156,-172,8460,-56,64,49
24709,IMU,302,1168,-280,8384,-74,47,55
24730,IMU,303,1208,-100,8424,-100,53,30
24747,IMU,304,1124,-176,8400,-92,67,41
24766,IMU,305,1080,-200,8368,-83,55,49
24786,IMU,306,1112,-196,8376,-101,67,31
24805,IMU,307,1188,-256,8444,-87,74,41
24824,IMU,308,1084,-204,8444,-94,56,35
24843,IMU,309,1216,-176,8412,-90,58,36
24862,IMU,310,1156,-208,8496,-100,63,48
24881,IMU,311,1192,-212,8336,-91,48,34
24901,IMU,312,1136,-236,8412,-97,47,38
24920,IMU,313,1208,-328,8328,-113,61,29
24939,IMU,314,1220,-256,8464,-81,45,53
24958,IMU,315,1172,-292,8328,-94,65,43
24977,IMU,316,1248,-308,8368,-77,60,42
24996,IMU,317,1152,-260,8412,-98,36,47
25016,IMU,318,1144,-256,8408,-81,38,32
25036,IMU,319,1076,-252,8336,-89,58,16
25054,IMU,320,1196,-232,8516,-101,52,37
25073,IMU,321,1220,-184,8448,-81,58,48
25092,IMU,322,1144,-192,8504,-93,69,43
25111,IMU,323,1156,-188,8392,-94,61,44
25131,IMU,324,1172,-176,8352,-90,57,42
25150,IMU,325,1064,-140,8428,-93,67,35
25169,IMU,326,1152,-252,8400,-99,45,30
25188,IMU,327,1172,-180,8468,-92,56,37
25209,IMU,328,1128,-280,8384,-93,48,33
25226,IMU,329,1140,-272,8464,-82,62,46
25246,IMU,330,1120,-268,8444,-90,61,33
25265,IMU,331,1140,-288,8408,-101,47,31
25283,IMU,332,1152,-280,8396,-86,51,49
25303,IMU,333,1124,-376,8464,-86,51,28
25322,IMU,334,1148,-280,8368,-80,55,35
25341,IMU,335,1152,-288,8424,-101,57,50
25360,IMU,336,1168,-268,8396,-70,63,43
25379,IMU,337,1128,-240,8416,-88,59,51
25398,IMU,338,1172,-224,8444,-88,49,39
25418,IMU,339,1208,-216,8416,-83,51,40
25437,IMU,340,1180,-216,8392,-91,46,35
25456,IMU,341,1192,-280,8452,-103,65,37
25475,IMU,342,1200,-192,8336,-74,63,38
25494,IMU,343,1212,-276,8440,-89,47,40
25513,IMU,344,1224,-116,8484,-82,47,20
25533,IMU,345,1132,-344,8404,-94,62,59
25552,IMU,346,1080,-224,8408,-93,53,42
25571,IMU,347,1196,-236,8480,-80,46,56
25590,IMU,348,1144,-344,8452,-76,46,37
25609,IMU,349,1096,-156,8432,-91,67,46
25628,IMU,350,1104,-288,8428,-85,40,45
25647,IMU,351,1084,-288,8360,-96,67,43
25667,IMU,352,1124,-240,8312,-96,50,35
25688,IMU,353,1276,-156,8360,-105,62,47
25707,IMU,354,1224,-268,8416,-90,50,50
25724,IMU,355,1164,-192,8464,-86,67,47
25743,IMU,356,1148,-276,8392,-89,56,44
25762,IMU,357,1164,-236,8472,-78,58,53
25782,IMU,358,1168,-332,8448,-94,41,36
25801,IMU,359,1176,-280,8376,-73,75,48
25820,IMU,360,1196,-264,8364,-90,63,39
25839,IMU,361,1160,-312,8264,-82,50,44
25858,IMU,362,1124,-168,8416,-72,59,59
25877,IMU,363,1108,-260,8436,-83,76,57
25897,IMU,364,1128,-220,8384,-80,49,46
25916,IMU,365,1160,-188,8420,-95,59,42
25935,IMU,366,1132,-248,8424,-97,60,48
25954,IMU,367,1116,-248,8388,-95,67,45
25973,IMU,368,1124,-296,8404,-88,54,48
25992,IMU,369,1172,-188,8340,-93,59,42
26011,IMU,370,1172,-252,8432,-98,66,37
26031,IMU,371,1172,-176,8388,-93,48,53
26050,IMU,372,1068,-212,8420,-104,70,58
26069,IMU,373,1204,-308,8456,-90,67,43
26088,IMU,374,1296,-220,8460,-99,56,48
26107,IMU,375,1112,-164,8496,-89,58,27
26126,IMU,376,1036,-220,8344,-85,44,38
26146,IMU,377,1132,-252,8384,-81,66,59
26167,IMU,378,1220,-304,8352,-99,52,38
26184,IMU,379,1104,-264,8440,-92,59,40
26203,IMU,380,1144,-288,8332,-98,65,55
26222,IMU,381,1044,-172,8444,-96,45,46
26241,IMU,382,1172,-184,8424,-90,47,35
26261,IMU,383,1204,-256,8324,-90,54,52
26280,IMU,384,1128,-264,8396,-101,67,46
26299,IMU,385,1140,-236,8412,-87,63,34
26318,IMU,386,1160,-244,8396,-84,48,57
26338,IMU,387,1196,-208,8500,-90,51,55
26357,IMU,388,1212,-236,8496,-107,72,35
26376,IMU,389,1192,-232,8436,-92,69,37
26395,IMU,390,1260,-312,8396,-104,63,38
26414,IMU,391,1148,-296,8428,-88,56,26
26433,IMU,392,1224,-232,8448,-89,61,37
26453,IMU,393,1056,-200,8460,-97,71,50
26472,IMU,394,1140,-208,8472,-79,51,53
26491,IMU,395,1016,-240,8460,-79,81,40
26510,IMU,396,1200,-140,8360,-98,48,34
26529,IMU,397,1204,-360,8488,-92,52,40
26548,IMU,398,1068,-328,8448,-91,47,51
26568,IMU,399,1108,-280,8472,-96,48,46
26587,IMU,400,1188,-240,8416,-92,63,34
26606,IMU,401,1208,-224,8508,-95,88,47
26625,IMU,402,1184,-176,8388,-91,58,56
26647,IMU,403,1104,-284,8416,-86,59,49
26664,IMU,404,1156,-336,8392,-96,54,48
26683,IMU,405,1276,-284,8436,-90,75,49
26702,IMU,406,1088,-268,8464,-100,62,50
26721,IMU,407,1156,-292,8420,-87,61,39
26742,IMU,408,1220,-344,8388,-76,57,46
26759,IMU,409,1224,-324,8444,-106,54,37
26778,IMU,410,1124,-364,8408,-93,73,29
26797,IMU,411,1160,-308,8412,-80,50,47
26817,IMU,412,1256,-348,8388,-75,55,45
26836,IMU,413,1068,-300,8356,-85,56,50
26854,IMU,414,1196,-212,8364,-101,62,40
26874,IMU,415,1180,-336,8368,-76,48,48
23076,ECG,512,2173,0,0,0,0,0
23081,ECG,513,2145,0,0,0,0,0
23086,ECG,514,2117,0,0,0,0,0
23091,ECG,515,2090,0,0,0,0,0
23091,ECG,516,2064,0,0,0,0,0
23096,ECG,517,2037,0,0,0,0,0
23101,ECG,518,2011,0,0,0,0,0
23106,ECG,519,1985,0,0,0,0,0
23111,ECG,520,1960,0,0,0,0,0
23111,ECG,521,1935,0,0,0,0,0
23116,ECG,522,1910,0,0,0,0,0
23121,ECG,523,1886,0,0,0,0,0
23126,ECG,524,1861,0,0,0,0,0
23131,ECG,525,1814,0,0,0,0,0
23136,ECG,526,1791,0,0,0,0,0
23141,ECG,527,1768,0,0,0,0,0
23146,ECG,528,1745,0,0,0,0,0
23146,ECG,529,1722,0,0,0,0,0
23151,ECG,530,1700,0,0,0,0,0
23156,ECG,531,1678,0,0,0,0,0
23161,ECG,532,1657,0,0,0,0,0
23166,ECG,533,1615,0,0,0,0,0
23171,ECG,534,1594,0,0,0,0,0
23176,ECG,535,1573,0,0,0,0,0
23181,ECG,536,1553,0,0,0,0,0
23181,ECG,537,1533,0,0,0,0,0
23186,ECG,538,1513,0,0,0,0,0
23191,ECG,539,1494,0,0,0,0,0
23196,ECG,540,1475,0,0,0,0,0
23201,ECG,541,1437,0,0,0,0,0
24208,ECG,542,0,0,0,0,0,0
24208,ECG,543,-1,0,0,0,0,0
24213,ECG,544,-1,0,0,0,0,0
24218,ECG,545,-1,0,0,0,0,0
24223,ECG,546,-2,0,0,0,0,0
24228,ECG,547,-2,0,0,0,0,0
24233,ECG,548,-1,0,0,0,0,0
24238,ECG,549,-4,0,0,0,0,0
24243,ECG,550,-7,0,0,0,0,0
24243,ECG,551,-6,0,0,0,0,0
24248,ECG,552,1,0,0,0,0,0
24253,ECG,553,20,0,0,0,0,0
24258,ECG,554,30,0,0,0,0,0
24259,ECG,555,43,0,0,0,0,0
24263,ECG,556,36,0,0,0,0,0
24268,ECG,557,36,0,0,0,0,0
24273,ECG,558,35,0,0,0,0,0
24278,ECG,559,27,0,0,0,0,0
24278,ECG,560,46,0,0,0,0,0
24283,ECG,561,11,0,0,0,0,0
24288,ECG,562,59,0,0,0,0,0
24293,ECG,563,-18,0,0,0,0,0
24298,ECG,564,1070,0,0,0,0,0
24303,ECG,565,-468,0,0,0,0,0
24308,ECG,566,-2307,0,0,0,0,0
24313,ECG,567,-846,0,0,0,0,0
24313,ECG,568,6485,0,0,0,0,0
24318,ECG,569,18270,0,0,0,0,0
24323,ECG,570,28867,0,0,0,0,0
24328,ECG,571,31903,0,0,0,0,0
24333,ECG,572,31504,0,0,0,0,0
24333,ECG,573,30754,0,0,0,0,0
24338,ECG,574,29568,0,0,0,0,0
24343,ECG,575,30030,0,0,0,0,0
24348,ECG,576,29899,0,0,0,0,0
24353,ECG,577,29140,0,0,0,0,0
24358,ECG,578,28742,0,0,0,0,0
24363,ECG,579,28409,0,0,0,0,0
24368,ECG,580,28035,0,0,0,0,0
24368,ECG,581,27695,0,0,0,0,0
24373,ECG,582,27339,0,0,0,0,0
24378,ECG,583,27002,0,0,0,0,0
24383,ECG,584,26676,0,0,0,0,0
24388,ECG,585,26044,0,0,0,0,0
24393,ECG,586,25722,0,0,0,0,0
24398,ECG,587,25401,0,0,0,0,0
24403,ECG,588,25079,0,0,0,0,0
24403,ECG,589,24765,0,0,0,0,0
24408,ECG,590,24457,0,0,0,0,0
24413,ECG,591,24151,0,0,0,0,0
24418,ECG,592,23848,0,0,0,0,0
24423,ECG,593,23255,0,0,0,0,0
24428,ECG,594,22964,0,0,0,0,0
24433,ECG,595,22677,0,0,0,0,0
24438,ECG,596,22393,0,0,0,0,0
24438,ECG,597,22113,0,0,0,0,0
24443,ECG,598,21836,0,0,0,0,0
24448,ECG,599,21563,0,0,0,0,0
24453,ECG,600,21293,0,0,0,0,0
24458,ECG,601,20763,0,0,0,0,0
24463,ECG,602,20503,0,0,0,0,0
24468,ECG,603,20246,0,0,0,0,0
24473,ECG,604,19993,0,0,0,0,0
24473,ECG,605,19742,0,0,0,0,0
24478,ECG,606,19495,0,0,0,0,0
24483,ECG,607,19251,0,0,0,0,0
24488,ECG,608,19010,0,0,0,0,0
24493,ECG,609,18772,0,0,0,0,0
24493,ECG,610,18537,0,0,0,0,0
24498,ECG,611,18305,0,0,0,0,0
24503,ECG,612,18076,0,0,0,0,0
24508,ECG,613,17849,0,0,0,0,0
24513,ECG,614,17405,0,0,0,0,0
24518,ECG,615,17187,0,0,0,0,0
24523,ECG,616,16972,0,0,0,0,0
24528,ECG,617,16759,0,0,0,0,0
24528,ECG,618,16549,0,0,0,0,0
24533,ECG,619,16342,0,0,0,0,0
24538,ECG,620,16137,0,0,0,0,0
24543,ECG,621,15935,0,0,0,0,0
24544,ECG,622,15735,0,0,0,0,0
24548,ECG,623,15538,0,0,0,0,0
24553,ECG,624,15343,0,0,0,0,0
24558,ECG,625,15151,0,0,0,0,0
24563,ECG,626,14961,0,0,0,0,0
24563,ECG,627,14774,0,0,0,0,0
24568,ECG,628,14588,0,0,0,0,0
24573,ECG,629,14406,0,0,0,0,0
24578,ECG,630,14225,0,0,0,0,0
24583,ECG,631,13871,0,0,0,0,0
24588,ECG,632,13697,0,0,0,0,0
24593,ECG,633,13525,0,0,0,0,0
24598,ECG,634,13356,0,0,0,0,0
24598,ECG,635,13188,0,0,0,0,0
24603,ECG,636,13023,0,0,0,0,0
24608,ECG,637,12860,0,0,0,0,0
24613,ECG,638,12699,0,0,0,0,0
24618,ECG,639,12539,0,0,0,0,0
24618,ECG,640,12382,0,0,0,0,0
24623,ECG,641,12227,0,0,0,0,0
24628,ECG,642,12074,0,0,0,0,0
24633,ECG,643,11922,0,0,0,0,0
24638,ECG,644,11625,0,0,0,0,0
24643,ECG,645,11479,0,0,0,0,0
24648,ECG,646,11335,0,0,0,0,0
24653,ECG,647,11193,0,0,0,0,0
24653,ECG,648,11052,0,0,0,0,0
24658,ECG,649,10914,0,0,0,0,0
24663,ECG,650,10777,0,0,0,0,0
24668,ECG,651,10641,0,0,0,0,0
24673,ECG,652,10376,0,0,0,0,0
24678,ECG,653,10246,0,0,0,0,0
24683,ECG,654,10117,0,0,0,0,0
24688,ECG,655,9990,0,0,0,0,0
24688,ECG,656,9865,0,0,0,0,0
24693,ECG,657,9741,0,0,0,0,0
24698,ECG,658,9619,0,0,0,0,0
24703,ECG,659,9498,0,0,0,0,0
24708,ECG,660,9261,0,0,0,0,0
24713,ECG,661,9145,0,0,0,0,0
24718,ECG,662,9030,0,0,0,0,0
24723,ECG,663,8917,0,0,0,0,0
24723,ECG,664,8805,0,0,0,0,0
24728,ECG,665,8694,0,0,0,0,0
24733,ECG,666,8585,0,0,0,0,0
24738,ECG,667,8477,0,0,0,0,0
24743,ECG,668,8265,0,0,0,0,0
24748,ECG,669,8162,0,0,0,0,0
24753,ECG,670,8059,0,0,0,0,0
24758,ECG,671,7958,0,0,0,0,0
24758,ECG,672,7858,0,0,0,0,0
24763,ECG,673,7759,0,0,0,0,0
24768,ECG,674,7662,0,0,0,0,0
24773,ECG,675,7565,0,0,0,0,0
24778,ECG,676,7470,0,0,0,0,0
24778,ECG,677,7376,0,0,0,0,0
24783,ECG,678,7284,0,0,0,0,0
24788,ECG,679,7192,0,0,0,0,0
24793,ECG,680,7102,0,0,0,0,0
24798,ECG,681,6924,0,0,0,0,0
24803,ECG,682,6837,0,0,0,0,0
24808,ECG,683,6751,0,0,0,0,0
24813,ECG,684,6666,0,0,0,0,0
24813,ECG,685,6582,0,0,0,0,0
24818,ECG,686,6499,0,0,0,0,0
24823,ECG,687,6418,0,0,0,0,0
24828,ECG,688,6337,0,0,0,0,0
24829,ECG,689,6257,0,0,0,0,0
24833,ECG,690,6178,0,0,0,0,0
24838,ECG,691,6101,0,0,0,0,0
24843,ECG,692,6024,0,0,0,0,0
24848,ECG,693,5948,0,0,0,0,0
24848,ECG,694,5873,0,0,0,0,0
24853,ECG,695,5799,0,0,0,0,0
24858,ECG,696,5726,0,0,0,0,0
24863,ECG,697,5654,0,0,0,0,0
24868,ECG,698,5512,0,0,0,0,0
24873,ECG,699,5443,0,0,0,0,0
24878,ECG,700,5374,0,0,0,0,0
24883,ECG,701,5307,0,0,0,0,0
24883,ECG,702,5240,0,0,0,0,0
24888,ECG,703,5174,0,0,0,0,0
24893,ECG,704,5108,0,0,0,0,0
24898,ECG,705,5044,0,0,0,0,0
24903,ECG,706,4980,0,0,0,0,0
24903,ECG,707,4918,0,0,0,0,0
24908,ECG,708,4856,0,0,0,0,0
24913,ECG,709,4794,0,0,0,0,0
24918,ECG,710,4734,0,0,0,0,0
24923,ECG,711,4615,0,0,0,0,0
24928,ECG,712,4557,0,0,0,0,0
24933,ECG,713,4499,0,0,0,0,0
24938,ECG,714,4443,0,0,0,0,0
24938,ECG,715,4387,0,0,0,0,0
24943,ECG,716,4331,0,0,0,0,0
24948,ECG,717,4276,0,0,0,0,0
24953,ECG,718,4222,0,0,0,0,0
24958,ECG,719,4116,0,0,0,0,0
24963,ECG,720,4064,0,0,0,0,0
24968,ECG,721,4013,0,0,0,0,0
24973,ECG,722,3962,0,0,0,0,0
24973,ECG,723,3912,0,0,0,0,0
24978,ECG,724,3863,0,0,0,0,0
24983,ECG,725,3814,0,0,0,0,0
24988,ECG,726,3766,0,0,0,0,0
24993,ECG,727,3671,0,0,0,0,0
24998,ECG,728,3624,0,0,0,0,0
25003,ECG,729,3578,0,0,0,0,0
25008,ECG,730,3533,0,0,0,0,0
25008,ECG,731,3488,0,0,0,0,0
25013,ECG,732,3444,0,0,0,0,0
25018,ECG,733,3400,0,0,0,0,0
25023,ECG,734,3357,0,0,0,0,0
25028,ECG,735,3273,0,0,0,0,0
25033,ECG,736,3231,0,0,0,0,0
25038,ECG,737,3190,0,0,0,0,0
25043,ECG,738,3150,0,0,0,0,0
25043,ECG,739,3110,0,0,0,0,0
25048,ECG,740,3070,0,0,0,0,0
25053,ECG,741,3031,0,0,0,0,0
25058,ECG,742,2993,0,0,0,0,0
25063,ECG,743,2955,0,0,0,0,0
25063,ECG,744,2917,0,0,0,0,0
25068,ECG,745,2880,0,0,0,0,0
25073,ECG,746,2844,0,0,0,0,0
25078,ECG,747,2808,0,0,0,0,0
25083,ECG,748,2737,0,0,0,0,0
25088,ECG,749,2702,0,0,0,0,0
25093,ECG,750,2668,0,0,0,0,0
25098,ECG,751,2634,0,0,0,0,0
25098,ECG,752,2600,0,0,0,0,0
25103,ECG,753,2567,0,0,0,0,0
25108,ECG,754,2534,0,0,0,0,0
25113,ECG,755,2502,0,0,0,0,0
25114,ECG,756,2470,0,0,0,0,0
25118,ECG,757,2439,0,0,0,0,0
25123,ECG,758,2408,0,0,0,0,0
25128,ECG,759,2377,0,0,0,0,0
25133,ECG,760,2347,0,0,0,0,0
25133,ECG,761,2317,0,0,0,0,0
25138,ECG,762,2287,0,0,0,0,0
25143,ECG,763,2258,0,0,0,0,0
25148,ECG,764,2229,0,0,0,0,0
25153,ECG,765,2173,0,0,0,0,0
25158,ECG,766,2145,0,0,0,0,0
25163,ECG,767,2117,0,0,0,0,0
25168,ECG,768,2090,0,0,0,0,0
25168,ECG,769,2064,0,0,0,0,0
25173,ECG,770,2037,0,0,0,0,0
25178,ECG,771,2011,0,0,0,0,0
25183,ECG,772,1985,0,0,0,0,0
25188,ECG,773,1960,0,0,0,0,0
25188,ECG,774,1935,0,0,0,0,0
25193,ECG,775,1910,0,0,0,0,0
25198,ECG,776,1886,0,0,0,0,0
25203,ECG,777,1861,0,0,0,0,0
25208,ECG,778,1814,0,0,0,0,0
25213,ECG,779,1791,0,0,0,0,0
25218,ECG,780,1768,0,0,0,0,0
25223,ECG,781,1745,0,0,0,0,0
25223,ECG,782,1722,0,0,0,0,0
25228,ECG,783,1700,0,0,0,0,0
25233,ECG,784,1678,0,0,0,0,0
25238,ECG,785,1657,0,0,0,0,0
25243,ECG,786,1615,0,0,0,0,0
25248,ECG,787,1594,0,0,0,0,0
25253,ECG,788,1573,0,0,0,0,0
25258,ECG,789,1553,0,0,0,0,0
25258,ECG,790,1533,0,0,0,0,0
25263,ECG,791,1513,0,0,0,0,0
26270,ECG,792,0,0,0,0,0,0
26270,ECG,793,-1,0,0,0,0,0
26275,ECG,794,-1,0,0,0,0,0
26280,ECG,795,-1,0,0,0,0,0
26285,ECG,796,-2,0,0,0,0,0
26290,ECG,797,-2,0,0,0,0,0
26295,ECG,798,-1,0,0,0,0,0
26300,ECG,799,-4,0,0,0,0,0
26305,ECG,800,-7,0,0,0,0,0
26305,ECG,801,-6,0,0,0,0,0
26310,ECG,802,1,0,0,0,0,0
26315,ECG,803,20,0,0,0,0,0
26320,ECG,804,30,0,0,0,0,0
26321,ECG,805,43,0,0,0,0,0
26325,ECG,806,36,0,0,0,0,0
26330,ECG,807,36,0,0,0,0,0
26335,ECG,808,35,0,0,0,0,0
26340,ECG,809,27,0,0,0,0,0
26340,ECG,810,46,0,0,0,0,0
26345,ECG,811,11,0,0,0,0,0
26350,ECG,812,59,0,0,0,0,0
26355,ECG,813,-18,0,0,0,0,0
26360,ECG,814,1070,0,0,0,0,0
26365,ECG,815,-468,0,0,0,0,0
26370,ECG,816,-2307,0,0,0,0,0
26375,ECG,817,-846,0,0,0,0,0
26375,ECG,818,6485,0,0,0,0,0
26380,ECG,819,18270,0,0,0,0,0
26385,ECG,820,28867,0,0,0,0,0
26390,ECG,821,31903,0,0,0,0,0
26395,ECG,822,31504,0,0,0,0,0
26395,ECG,823,30754,0,0,0,0,0
26400,ECG,824,29568,0,0,0,0,0
26405,ECG,825,30030,0,0,0,0,0
26410,ECG,826,29899,0,0,0,0,0
26415,ECG,827,29140,0,0,0,0,0
26420,ECG,828,28742,0,0,0,0,0
26425,ECG,829,28409,0,0,0,0,0
26430,ECG,830,28035,0,0,0,0,0
26430,ECG,831,27695,0,0,0,0,0
26435,ECG,832,27339,0,0,0,0,0
26440,ECG,833,27002,0,0,0,0,0
26445,ECG,834,26676,0,0,0,0,0
26450,ECG,835,26044,0,0,0,0,0
26455,ECG,836,25722,0,0,0,0,0
26460,ECG,837,25401,0,0,0,0,0
26465,ECG,838,25079,0,0,0,0,0
26465,ECG,839,24765,0,0,0,0,0
26470,ECG,840,24457,0,0,0,0,0
26475,ECG,841,24151,0,0,0,0,0
26480,ECG,842,23848,0,0,0,0,0
26485,ECG,843,23255,0,0,0,0,0
26490,ECG,844,22964,0,0,0,0,0
26495,ECG,845,22677,0,0,0,0,0
26500,ECG,846,22393,0,0,0,0,0
26500,ECG,847,22113,0,0,0,0,0
26505,ECG,848,21836,0,0,0,0,0
26510,ECG,849,21563,0,0,0,0,0
26515,ECG,850,21293,0,0,0,0,0
26520,ECG,851,20763,0,0,0,0,0
26525,ECG,852,20503,0,0,0,0,0
26530,ECG,853,20246,0,0,0,0,0
26535,ECG,854,19993,0,0,0,0,0
26535,ECG,855,19742,0,0,0,0,0
26540,ECG,856,19495,0,0,0,0,0
26545,ECG,857,19251,0,0,0,0,0
26550,ECG,858,19010,0,0,0,0,0
26555,ECG,859,18772,0,0,0,0,0
26555,ECG,860,18537,0,0,0,0,0
26560,ECG,861,18305,0,0,0,0,0
26565,ECG,862,18076,0,0,0,0,0
26570,ECG,863,17849,0,0,0,0,0
26575,ECG,864,17405,0,0,0,0,0
26580,ECG,865,17187,0,0,0,0,0
26585,ECG,866,16972,0,0,0,0,0
26590,ECG,867,16759,0,0,0,0,0
26590,ECG,868,16549,0,0,0,0,0
26595,ECG,869,16342,0,0,0,0,0
26600,ECG,870,16137,0,0,0,0,0
26605,ECG,871,15935,0,0,0,0,0
26606,ECG,872,15735,0,0,0,0,0
26610,ECG,873,15538,0,0,0,0,0
26615,ECG,874,15343,0,0,0,0,0
26620,ECG,875,15151,0,0,0,0,0
26625,ECG,876,14961,0,0,0,0,0
26625,ECG,877,14774,0,0,0,0,0
26630,ECG,878,14588,0,0,0,0,0
26635,ECG,879,14406,0,0,0,0,0
26640,ECG,880,14225,0,0,0,0,0
26645,ECG,881,13871,0,0,0,0,0
26650,ECG,882,13697,0,0,0,0,0
26655,ECG,883,13525,0,0,0,0,0
26660,ECG,884,13356,0,0,0,0,0
26660,ECG,885,13188,0,0,0,0,0
26665,ECG,886,13023,0,0,0,0,0
26670,ECG,887,12860,0,0,0,0,0
26675,ECG,888,12699,0,0,0,0,0
26680,ECG,889,12539,0,0,0,0,0
26680,ECG,890,12382,0,0,0,0,0
26685,ECG,891,12227,0,0,0,0,0
26690,ECG,892,12074,0,0,0,0,0
26695,ECG,893,11922,0,0,0,0,0
26700,ECG,894,11625,0,0,0,0,0
26705,ECG,895,11479,0,0,0,0,0
26710,ECG,896,11335,0,0,0,0,0
26715,ECG,897,11193,0,0,0,0,0
26715,ECG,898,11052,0,0,0,0,0
26720,ECG,899,10914,0,0,0,0,0
26725,ECG,900,10777,0,0,0,0,0
26730,ECG,901,10641,0,0,0,0,0
26735,ECG,902,10376,0,0,0,0,0
26740,ECG,903,10246,0,0,0,0,0
26745,ECG,904,10117,0,0,0,0,0
26750,ECG,905,9990,0,0,0,0,0
26750,ECG,906,9865,0,0,0,0,0
26755,ECG,907,9741,0,0,0,0,0
26760,ECG,908,9619,0,0,0,0,0
26765,ECG,909,9498,0,0,0,0,0
26770,ECG,910,9261,0,0,0,0,0
26775,ECG,911,9145,0,0,0,0,0
26780,ECG,912,9030,0,0,0,0,0
26785,ECG,913,8917,0,0,0,0,0
26785,ECG,914,8805,0,0,0,0,0
26790,ECG,915,8694,0,0,0,0,0
26795,ECG,916,8585,0,0,0,0,0
26800,ECG,917,8477,0,0,0,0,0
26805,ECG,918,8265,0,0,0,0,0
26810,ECG,919,8162,0,0,0,0,0
26815,ECG,920,8059,0,0,0,0,0
26820,ECG,921,7958,0,0,0,0,0
26820,ECG,922,7858,0,0,0,0,0
26825,ECG,923,7759,0,0,0,0,0
26830,ECG,924,7662,0,0,0,0,0
26835,ECG,925,7565,0,0,0,0,0
26840,ECG,926,7470,0,0,0,0,0
26840,ECG,927,7376,0,0,0,0,0
26845,ECG,928,7284,0,0,0,0,0
26850,ECG,929,7192,0,0,0,0,0
26855,ECG,930,7102,0,0,0,0,0
26860,ECG,931,6924,0,0,0,0,0
26865,ECG,932,6837,0,0,0,0,0
26870,ECG,933,6751,0,0,0,0,0
26875,ECG,934,6666,0,0,0,0,0
26875,ECG,935,6582,0,0,0,0,0
26880,ECG,936,6499,0,0,0,0,0
26885,ECG,937,6418,0,0,0,0,0
26890,ECG,938,6337,0,0,0,0,0
26891,ECG,939,6257,0,0,0,0,0
26895,ECG,940,6178,0,0,0,0,0
26900,ECG,941,6101,0,0,0,0,0
26905,ECG,942,6024,0,0,0,0,0
26910,ECG,943,5948,0,0,0,0,0
26910,ECG,944,5873,0,0,0,0,0
26915,ECG,945,5799,0,0,0,0,0
26920,ECG,946,5726,0,0,0,0,0
26925,ECG,947,5654,0,0,0,0,0
26930,ECG,948,5512,0,0,0,0,0
26935,ECG,949,5443,0,0,0,0,0
26940,ECG,950,5374,0,0,0,0,0
26945,ECG,951,5307,0,0,0,0,0
26945,ECG,952,5240,0,0,0,0,0
26950,ECG,953,5174,0,0,0,0,0
26955,ECG,954,5108,0,0,0,0,0
26960,ECG,955,5044,0,0,0,0,0
26965,ECG,956,4980,0,0,0,0,0
26965,ECG,957,4918,0,0,0,0,0
26970,ECG,958,4856,0,0,0,0,0
26975,ECG,959,4794,0,0,0,0,0
26980,ECG,960,4734,0,0,0,0,0
26985,ECG,961,4615,0,0,0,0,0
26990,ECG,962,4557,0,0,0,0,0
26995,ECG,963,4499,0,0,0,0,0
27000,ECG,964,4443,0,0,0,0,0
27000,ECG,965,4387,0,0,0,0,0
27005,ECG,966,4331,0,0,0,0,0
27010,ECG,967,4276,0,0,0,0,0
27015,ECG,968,4222,0,0,0,0,0
27020,ECG,969,4116,0,0,0,0,0
27025,ECG,970,4064,0,0,0,0,0
27030,ECG,971,4013,0,0,0,0,0
27035,ECG,972,3962,0,0,0,0,0
27035,ECG,973,3912,0,0,0,0,0
27040,ECG,974,3863,0,0,0,0,0
27045,ECG,975,3814,0,0,0,0,0
27050,ECG,976,3766,0,0,0,0,0
27055,ECG,977,3671,0,0,0,0,0
27060,ECG,978,3624,0,0,0,0,0
27065,ECG,979,3578,0,0,0,0,0
27070,ECG,980,3533,0,0,0,0,0
27070,ECG,981,3488,0,0,0,0,0
27075,ECG,982,3444,0,0,0,0,0
27080,ECG,983,3400,0,0,0,0,0
27085,ECG,984,3357,0,0,0,0,0
27090,ECG,985,3273,0,0,0,0,0
27095,ECG,986,3231,0,0,0,0,0
27100,ECG,987,3190,0,0,0,0,0
27105,ECG,988,3150,0,0,0,0,0
27105,ECG,989,3110,0,0,0,0,0
27110,ECG,990,3070,0,0,0,0,0
27115,ECG,991,3031,0,0,0,0,0
27120,ECG,992,2993,0,0,0,0,0
27125,ECG,993,2955,0,0,0,0,0
27125,ECG,994,2917,0,0,0,0,0
27130,ECG,995,2880,0,0,0,0,0
27135,ECG,996,2844,0,0,0,0,0
27140,ECG,997,2808,0,0,0,0,0
27145,ECG,998,2737,0,0,0,0,0
27150,ECG,999,2702,0,0,0,0,0
27155,ECG,1000,2668,0,0,0,0,0
27160,ECG,1001,2634,0,0,0,0,0
27160,ECG,1002,2600,0,0,0,0,0
27165,ECG,1003,2567,0,0,0,0,0
27170,ECG,1004,2534,0,0,0,0,0
27175,ECG,1005,2502,0,0,0,0,0
27176,ECG,1006,2470,0,0,0,0,0
27180,ECG,1007,2439,0,0,0,0,0
27185,ECG,1008,2408,0,0,0,0,0
27190,ECG,1009,2377,0,0,0,0,0
27195,ECG,1010,2347,0,0,0,0,0
27195,ECG,1011,2317,0,0,0,0,0
27200,ECG,1012,2287,0,0,0,0,0
27205,ECG,1013,2258,0,0,0,0,0
27210,ECG,1014,2229,0,0,0,0,0
27215,ECG,1015,2173,0,0,0,0,0
27220,ECG,1016,2145,0,0,0,0,0
27225,ECG,1017,2117,0,0,0,0,0
27230,ECG,1018,2090,0,0,0,0,0
27230,ECG,1019,2064,0,0,0,0,0
27235,ECG,1020,2037,0,0,0,0,0
27240,ECG,1021,2011,0,0,0,0,0
27245,ECG,1022,1985,0,0,0,0,0
27250,ECG,1023,1960,0,0,0,0,0
26893,IMU,416,1052,-252,8384,-88,60,53
26912,IMU,417,1128,-284,8412,-90,61,48
26931,IMU,418,1156,-224,8468,-98,73,51
26951,IMU,419,1140,-236,8456,-79,77,43
26969,IMU,420,1120,-276,8384,-81,55,53
26989,IMU,421,1188,-220,8416,-78,53,37
27008,IMU,422,1100,-272,8416,-89,57,34
27027,IMU,423,1208,-292,8388,-85,53,57
27046,IMU,424,1116,-260,8452,-110,69,45
27066,IMU,425,1128,-192,8432,-82,58,43
27084,IMU,426,1136,-164,8440,-82,75,47
27104,IMU,427,1104,-248,8432,-80,67,45
27126,IMU,428,1184,-292,8416,-97,57,33
27143,IMU,429,1168,-272,8448,-98,57,40
27161,IMU,430,1128,-300,8420,-86,46,59
27181,IMU,431,1200,-220,8468,-99,42,39
27199,IMU,432,1080,-216,8320,-95,59,43
27219,IMU,433,1148,-200,8452,-93,71,55
27238,IMU,434,1192,-264,8416,-85,50,29
27257,IMU,435,1156,-244,8416,-86,60,45
27276,IMU,436,1132,-244,8380,-90,75,38
27296,IMU,437,1236,-292,8372,-74,40,52
27314,IMU,438,1192,-384,8396,-92,65,37
27333,IMU,439,1008,-172,8480,-95,68,36
27353,IMU,440,1176,-276,8440,-100,68,49
27372,IMU,441,1192,-160,8380,-98,65,47
27391,IMU,442,1244,-320,8456,-93,69,30
27410,IMU,443,1104,-256,8464,-100,54,43
27429,IMU,444,1184,-196,8392,-87,47,44
27448,IMU,445,1144,-284,8428,-85,45,36
27468,IMU,446,1124,-168,8356,-89,73,43
27487,IMU,447,1264,-280,8420,-81,53,31
27506,IMU,448,1100,-364,8456,-87,54,48
27525,IMU,449,1240,-224,8440,-104,65,42
27544,IMU,450,1116,-256,8464,-93,57,41
27563,IMU,451,1140,-284,8376,-74,60,42
27583,IMU,452,1096,-204,8432,-99,52,54
27605,IMU,453,1148,-316,8392,-85,66,45
27622,IMU,454,1208,-168,8444,-85,61,27
27640,IMU,455,1148,-164,8356,-92,69,47
27659,IMU,456,1176,-284,8424,-79,47,46
27678,IMU,457,1148,-208,8420,-75,51,40
27697,IMU,458,1144,-268,8408,-84,55,45
27717,IMU,459,1208,-240,8376,-107,68,38
27736,IMU,460,1232,-204,8392,-108,69,39
27755,IMU,461,1100,-216,8404,-92,64,42
27775,IMU,462,1140,-336,8456,-96,54,40
27793,IMU,463,1144,-196,8404,-95,57,31
27812,IMU,464,1268,-288,8488,-88,53,45
27832,IMU,465,1160,-288,8364,-90,49,26
27851,IMU,466,1084,-192,8388,-75,63,48
27870,IMU,467,1196,-244,8416,-83,74,42
27889,IMU,468,1228,-256,8400,-87,53,56
27908,IMU,469,1068,-272,8396,-91,47,41
27927,IMU,470,1200,-284,8400,-98,65,42
27947,IMU,471,1032,-352,8324,-82,48,53
27966,IMU,472,1088,-272,8488,-82,65,47
27985,IMU,473,1204,-276,8308,-107,57,48
28004,IMU,474,1120,-288,8424,-95,45,47
28023,IMU,475,1356,-236,8440,-68,60,43
28042,IMU,476,1204,-304,8388,-90,73,33
28062,IMU,477,988,-228,8528,-104,56,36
28083,IMU,478,1148,-120,8388,-89,54,42
28101,IMU,479,1012,-292,8404,-83,62,48
28119,IMU,480,1112,-264,8508,-65,65,43
28138,IMU,481,1168,-264,8432,-75,59,52
28157,IMU,482,1092,-244,8344,-97,72,31
28176,IMU,483,1248,-260,8428,-92,67,48
28196,IMU,484,1168,-260,8496,-111,66,38
28215,IMU,485,1184,-220,8360,-101,60,42
28234,IMU,486,1132,-276,8380,-81,60,52
28253,IMU,487,1188,-276,8504,-103,67,49
28272,IMU,488,1208,-280,8416,-79,60,44
28291,IMU,489,1080,-244,8412,-92,58,55
28311,IMU,490,1256,-232,8444,-86,79,34
28332,IMU,491,1192,-260,8440,-87,70,41
28349,IMU,492,1168,-376,8428,-93,63,33
28368,IMU,493,1136,-244,8376,-89,57,36
28388,IMU,494,1084,-272,8408,-89,47,38
28406,IMU,495,1212,-228,8384,-83,59,41
28426,IMU,496,1188,-136,8384,-99,55,50
28445,IMU,497,1064,-280,8364,-100,63,53
28464,IMU,498,1152,-252,8388,-99,82,41
28483,IMU,499,1204,-204,8440,-91,48,34
28503,IMU,500,1292,-316,8360,-89,62,51
28521,IMU,501,1200,-244,8392,-90,65,31
28541,IMU,502,1172,-268,8428,-92,66,33
28562,IMU,503,1132,-156,8456,-99,57,41
28581,IMU,504,1124,-324,8432,-74,64,51
28598,IMU,505,1088,-268,8424,-69,65,59
28617,IMU,506,1176,-244,8456,-86,71,29
28636,IMU,507,1220,-196,8448,-100,54,31
28656,IMU,508,1184,-280,8440,-82,69,41
28675,IMU,509,1332,-208,8484,-116,75,43
28694,IMU,510,1196,-224,8436,-80,56,30
28713,IMU,511,1092,-276,8488,-77,69,28
28732,IMU,512,1196,-196,8476,-87,58,51
28751,IMU,513,1084,-332,8328,-86,53,32
28771,IMU,514,1168,-308,8524,-85,58,43
28790,IMU,515,1160,-220,8376,-90,67,54
28810,IMU,516,1260,-260,8500,-83,64,30
28828,IMU,517,1076,-132,8444,-97,49,47
28847,IMU,518,1176,-304,8428,-80,66,56
28866,IMU,519,1152,-284,8368,-72,47,46
28886,IMU,520,1188,-328,8436,-95,50,53
28905,IMU,521,1208,-280,8300,-99,50,39
28924,IMU,522,1200,-168,8428,-89,48,42
28943,IMU,523,1180,-292,8412,-103,65,42
28962,IMU,524,1144,-260,8408,-80,55,39
28981,IMU,525,1180,-296,8412,-89,78,49
29001,IMU,526,1148,-252,8452,-95,61,55
29020,IMU,527,1176,-204,8380,-91,60,40
29039,IMU,528,1128,-252,8420,-91,73,39
29061,IMU,529,1040,-208,8452,-96,61,42
29077,IMU,530,1172,-276,8380,-94,48,61
29096,IMU,531,1212,-204,8492,-99,58,30
29116,IMU,532,1160,-284,8468,-122,56,40
29135,IMU,533,1208,-324,8476,-73,55,51
29154,IMU,534,1216,-284,8388,-87,61,60
29173,IMU,535,1076,-252,8360,-99,55,37
29192,IMU,536,1152,-164,8400,-95,71,46
29211,IMU,537,1288,-300,8404,-69,59,19
29230,IMU,538,1136,-212,8392,-83,49,56
29250,IMU,539,1100,-128,8428,-96,67,53
29269,IMU,540,1276,-324,8488,-87,58,43
29288,IMU,541,1176,-280,8360,-82,77,39
29307,IMU,542,1224,-228,8448,-86,52,37
29326,IMU,543,1120,-264,8412,-106,55,40
29345,IMU,544,1120,-200,8352,-92,46,29
29366,IMU,545,1192,-196,8488,-82,59,43
29384,IMU,546,1192,-292,8488,-86,54,27
29403,IMU,547,1184,-252,8528,-96,68,46
29422,IMU,548,1172,-312,8432,-90,52,46
29441,IMU,549,1132,-244,8372,-91,54,54
29460,IMU,550,1148,-252,8380,-105,49,44
29479,IMU,551,1216,-348,8324,-93,75,37
29498,IMU,552,1112,-276,8348,-101,68,44
29518,IMU,553,1088,-344,8424,-104,79,54
29541,IMU,554,1180,-212,8384,-87,70,49
29556,IMU,555,1068,-204,8356,-87,54,49
29575,IMU,556,1220,-256,8388,-96,57,42
29594,IMU,557,1212,-252,8404,-85,67,53
29613,IMU,558,1212,-252,8432,-86,61,36
29633,IMU,559,1172,-300,8452,-99,52,52
29652,IMU,560,1140,-216,8484,-103,52,34
29671,IMU,561,1048,-272,8448,-90,67,53
29690,IMU,562,1164,-224,8412,-111,45,47
29709,IMU,563,1176,-264,8412,-88,57,63
29728,IMU,564,1180,-212,8388,-107,69,41
29747,IMU,565,1120,-184,8432,-84,49,41
29767,IMU,566,1224,-244,8384,-94,59,39
29786,IMU,567,972,-240,8404,-86,53,43
29805,IMU,568,1208,-220,8400,-95,73,37
29824,IMU,569,1092,-172,8444,-95,67,42
29843,IMU,570,1020,-264,8436,-98,57,60
29862,IMU,571,1276,-248,8416,-82,69,27
29882,IMU,572,1228,-220,8452,-99,85,46
29901,IMU,573,1216,-244,8380,-82,52,23
29920,IMU,574,1164,-244,8400,-81,54,47
29939,IMU,575,1176,-308,8476,-87,50,39
29958,IMU,576,1136,-304,8436,-87,63,53
29977,IMU,577,1216,-168,8388,-90,60,29
29997,IMU,578,1092,-228,8392,-80,65,36
30016,IMU,579,1200,-296,8444,-89,59,50
30035,IMU,580,1164,-228,8424,-87,53,37
30054,IMU,581,1024,-368,8432,-87,61,53
30073,IMU,582,1180,-212,8456,-84,65,36
30092,IMU,583,1040,-288,8352,-89,60,32
30112,IMU,584,1236,-172,8360,-87,69,30
30131,IMU,585,1148,-260,8364,-79,49,41
30150,IMU,586,1268,-280,8416,-95,60,43
30169,IMU,587,1052,-352,8384,-94,50,63
30188,IMU,588,1200,-268,8500,-79,48,57
30207,IMU,589,1176,-192,8448,-97,49,38
30226,IMU,590,1260,-268,8456,-101,53,55
30246,IMU,591,1188,-228,8408,-96,56,65
30265,IMU,592,1172,-188,8384,-90,55,46
30284,IMU,593,1232,-240,8384,-68,57,50
30303,IMU,594,1192,-208,8432,-91,55,39
30322,IMU,595,1176,-252,8384,-101,58,56
30341,IMU,596,1116,-192,8516,-93,54,59
30361,IMU,597,1224,-288,8476,-82,54,44
30380,IMU,598,1196,-236,8388,-89,53,21
30400,IMU,599,1204,-240,8528,-62,40,45
30418,IMU,600,1140,-252,8388,-92,63,47
30438,IMU,601,1080,-288,8424,-102,53,48
30457,IMU,602,1080,-224,8344,-92,67,35
30476,IMU,603,1112,-252,8448,-89,59,49
30498,IMU,604,1212,-368,8268,-78,45,47
30514,IMU,605,1128,-256,8476,-108,60,46
30533,IMU,606,1076,-288,8452,-97,47,34
30552,IMU,607,1212,-340,8336,-104,64,47
30572,IMU,608,1124,-252,8412,-84,65,27
30591,IMU,609,1244,-320,8436,-92,65,37
30610,IMU,610,1116,-292,8396,-96,66,45
30629,IMU,611,1180,-224,8392,-84,57,52
30648,IMU,612,1156,-268,8456,-90,74,45
30667,IMU,613,1156,-272,8348,-80,54,48
30687,IMU,614,1248,-244,8368,-81,54,50
30706,IMU,615,1108,-288,8404,-99,72,49
30725,IMU,616,1168,-244,8392,-88,66,38
30744,IMU,617,1220,-312,8308,-89,66,33
30763,IMU,618,1200,-212,8388,-80,80,49
30782,IMU,619,1212,-184,8360,-81,53,34
30802,IMU,620,1088,-308,8472,-109,76,47
30821,IMU,621,1056,-228,8424,-94,64,42
30840,IMU,622,1092,-256,8356,-103,61,25
30859,IMU,623,1332,-276,8424,-94,69,45
27250,ECG,1024,1935,0,0,0,0,0
27255,ECG,1025,1910,0,0,0,0,0
27260,ECG,1026,1886,0,0,0,0,0
27265,ECG,1027,1861,0,0,0,0,0
27270,ECG,1028,1814,0,0,0,0,0
27275,ECG,1029,1791,0,0,0,0,0
27280,ECG,1030,1768,0,0,0,0,0
27285,ECG,1031,1745,0,0,0,0,0
27285,ECG,1032,1722,0,0,0,0,0
27290,ECG,1033,1700,0,0,0,0,0
27295,ECG,1034,1678,0,0,0,0,0
27300,ECG,1035,1657,0,0,0,0,0
27305,ECG,1036,1615,0,0,0,0,0
27310,ECG,1037,1594,0,0,0,0,0
27315,ECG,1038,1573,0,0,0,0,0
27320,ECG,1039,1553,0,0,0,0,0
27320,ECG,1040,1533,0,0,0,0,0
27325,ECG,1041,1513,0,0,0,0,0
28332,ECG,1042,0,0,0,0,0,0
28332,ECG,1043,-1,0,0,0,0,0
28337,ECG,1044,-1,0,0,0,0,0
28342,ECG,1045,-1,0,0,0,0,0
28347,ECG,1046,-2,0,0,0,0,0
28352,ECG,1047,-2,0,0,0,0,0
28357,ECG,1048,-1,0,0,0,0,0
28362,ECG,1049,-4,0,0,0,0,0
28367,ECG,1050,-7,0,0,0,0,0
28367,ECG,1051,-6,0,0,0,0,0
28372,ECG,1052,1,0,0,0,0,0
28377,ECG,1053,20,0,0,0,0,0
28382,ECG,1054,30,0,0,0,0,0
28383,ECG,1055,43,0,0,0,0,0
28387,ECG,1056,36,0,0,0,0,0
28392,ECG,1057,36,0,0,0,0,0
28397,ECG,1058,35,0,0,0,0,0
28402,ECG,1059,27,0,0,0,0,0
28402,ECG,1060,46,0,0,0,0,0
28407,ECG,1061,11,0,0,0,0,0
28412,ECG,1062,59,0,0,0,0,0
28417,ECG,1063,-18,0,0,0,0,0
28422,ECG,1064,1070,0,0,0,0,0
28427,ECG,1065,-468,0,0,0,0,0
28432,ECG,1066,-2307,0,0,0,0,0
28437,ECG,1067,-846,0,0,0,0,0
28437,ECG,1068,6485,0,0,0,0,0
28442,ECG,1069,18270,0,0,0,0,0
28447,ECG,1070,28867,0,0,0,0,0
28452,ECG,1071,31903,0,0,0,0,0
28457,ECG,1072,31504,0,0,0,0,0
28457,ECG,1073,30754,0,0,0,0,0
28462,ECG,1074,29568,0,0,0,0,0
28467,ECG,1075,30030,0,0,0,0,0
28472,ECG,1076,29899,0,0,0,0,0
28477,ECG,1077,29140,0,0,0,0,0
28482,ECG,1078,28742,0,0,0,0,0
28487,ECG,1079,28409,0,0,0,0,0
28492,ECG,1080,28035,0,0,0,0,0
28492,ECG,1081,27695,0,0,0,0,0
28497,ECG,1082,27339,0,0,0,0,0
28502,ECG,1083,27002,0,0,0,0,0
28507,ECG,1084,26676,0,0,0,0,0
28512,ECG,1085,26044,0,0,0,0,0
28517,ECG,1086,25722,0,0,0,0,0
28522,ECG,1087,25401,0,0,0,0,0
28527,ECG,1088,25079,0,0,0,0,0
28527,ECG,1089,24765,0,0,0,0,0
28532,ECG,1090,24457,0,0,0,0,0
28537,ECG,1091,24151,0,0,0,0,0
28542,ECG,1092,23848,0,0,0,0,0
28547,ECG,1093,23255,0,0,0,0,0
28552,ECG,1094,22964,0,0,0,0,0
28557,ECG,1095,22677,0,0,0,0,0
28562,ECG,1096,22393,0,0,0,0,0
28562,ECG,1097,22113,0,0,0,0,0
28567,ECG,1098,21836,0,0,0,0,0
28572,ECG,1099,21563,0,0,0,0,0
28577,ECG,1100,21293,0,0,0,0,0
28582,ECG,1101,20763,0,0,0,0,0
28587,ECG,1102,20503,0,0,0,0,0
28592,ECG,1103,20246,0,0,0,0,0
28597,ECG,1104,19993,0,0,0,0,0
28597,ECG,1105,19742,0,0,0,0,0
28602,ECG,1106,19495,0,0,0,0,0
28607,ECG,1107,19251,0,0,0,0,0
28612,ECG,1108,19010,0,0,0,0,0
28617,ECG,1109,18772,0,0,0,0,0
28617,ECG,1110,18537,0,0,0,0,0
28622,ECG,1111,18305,0,0,0,0,0
28627,ECG,1112,18076,0,0,0,0,0
28632,ECG,1113,17849,0,0,0,0,0
28637,ECG,1114,17405,0,0,0,0,0
28642,ECG,1115,17187,0,0,0,0,0
28647,ECG,1116,16972,0,0,0,0,0
28652,ECG,1117,16759,0,0,0,0,0
28652,ECG,1118,16549,0,0,0,0,0
28657,ECG,1119,16342,0,0,0,0,0
28662,ECG,1120,16137,0,0,0,0,0
28667,ECG,1121,15935,0,0,0,0,0
28668,ECG,1122,15735,0,0,0,0,0
28672,ECG,1123,15538,0,0,0,0,0
28677,ECG,1124,15343,0,0,0,0,0
28682,ECG,1125,15151,0,0,0,0,0
28687,ECG,1126,14961,0,0,0,0,0
28687,ECG,1127,14774,0,0,0,0,0
28692,ECG,1128,14588,0,0,0,0,0
28697,ECG,1129,14406,0,0,0,0,0
28702,ECG,1130,14225,0,0,0,0,0
28707,ECG,1131,13871,0,0,0,0,0
28712,ECG,1132,13697,0,0,0,0,0
28717,ECG,1133,13525,0,0,0,0,0
28722,ECG,1134,13356,0,0,0,0,0
28722,ECG,1135,13188,0,0,0,0,0
28727,ECG,1136,13023,0,0,0,0,0
28732,ECG,1137,12860,0,0,0,0,0
28737,ECG,1138,12699,0,0,0,0,0
28742,ECG,1139,12539,0,0,0,0,0
28742,ECG,1140,12382,0,0,0,0,0
28747,ECG,1141,12227,0,0,0,0,0
28752,ECG,1142,12074,0,0,0,0,0
28757,ECG,1143,11922,0,0,0,0,0
28762,ECG,1144,11625,0,0,0,0,0
28767,ECG,1145,11479,0,0,0,0,0
28772,ECG,1146,11335,0,0,0,0,0
28777,ECG,1147,11193,0,0,0,0,0
28777,ECG,1148,11052,0,0,0,0,0
28782,ECG,1149,10914,0,0,0,0,0
28787,ECG,1150,10777,0,0,0,0,0
28792,ECG,1151,10641,0,0,0,0,0
28797,ECG,1152,10376,0,0,0,0,0
28802,ECG,1153,10246,0,0,0,0,0
28807,ECG,1154,10117,0,0,0,0,0
28812,ECG,1155,9990,0,0,0,0,0
28812,ECG,1156,9865,0,0,0,0,0
28817,ECG,1157,9741,0,0,0,0,0
28822,ECG,1158,9619,0,0,0,0,0
28827,ECG,1159,9498,0,0,0,0,0
28832,ECG,1160,9261,0,0,0,0,0
28837,ECG,1161,9145,0,0,0,0,0
28842,ECG,1162,9030,0,0,0,0,0
28847,ECG,1163,8917,0,0,0,0,0
28847,ECG,1164,8805,0,0,0,0,0
28852,ECG,1165,8694,0,0,0,0,0
28857,ECG,1166,8585,0,0,0,0,0
28862,ECG,1167,8477,0,0,0,0,0
28867,ECG,1168,8265,0,0,0,0,0
28872,ECG,1169,8162,0,0,0,0,0
28877,ECG,1170,8059,0,0,0,0,0
28882,ECG,1171,7958,0,0,0,0,0
28882,ECG,1172,7858,0,0,0,0,0
28887,ECG,1173,7759,0,0,0,0,0
28892,ECG,1174,7662,0,0,0,0,0
28897,ECG,1175,7565,0,0,0,0,0
28902,ECG,1176,7470,0,0,0,0,0
28902,ECG,1177,7376,0,0,0,0,0
28907,ECG,1178,7284,0,0,0,0,0
28912,ECG,1179,7192,0,0,0,0,0
28917,ECG,1180,7102,0,0,0,0,0
28922,ECG,1181,6924,0,0,0,0,0
28927,ECG,1182,6837,0,0,0,0,0
28932,ECG,1183,6751,0,0,0,0,0
28937,ECG,1184,6666,0,0,0,0,0
28937,ECG,1185,6582,0,0,0,0,0
28942,ECG,1186,6499,0,0,0,0,0
28947,ECG,1187,6418,0,0,0,0,0
28952,ECG,1188,6337,0,0,0,0,0
28953,ECG,1189,6257,0,0,0,0,0
28957,ECG,1190,6178,0,0,0,0,0
28962,ECG,1191,6101,0,0,0,0,0
28967,ECG,1192,6024,0,0,0,0,0
28972,ECG,1193,5948,0,0,0,0,0
28972,ECG,1194,5873,0,0,0,0,0
28977,ECG,1195,5799,0,0,0,0,0
28982,ECG,1196,5726,0,0,0,0,0
28987,ECG,1197,5654,0,0,0,0,0
28992,ECG,1198,5512,0,0,0,0,0
28997,ECG,1199,5443,0,0,0,0,0
29002,ECG,1200,5374,0,0,0,0,0
29007,ECG,1201,5307,0,0,0,0,0
29007,ECG,1202,5240,0,0,0,0,0
29012,ECG,1203,5174,0,0,0,0,0
29017,ECG,1204,5108,0,0,0,0,0
29022,ECG,1205,5044,0,0,0,0,0
29027,ECG,1206,4980,0,0,0,0,0
29027,ECG,1207,4918,0,0,0,0,0
29032,ECG,1208,4856,0,0,0,0,0
29037,ECG,1209,4794,0,0,0,0,0
29042,ECG,1210,4734,0,0,0,0,0
29047,ECG,1211,4615,0,0,0,0,0
29052,ECG,1212,4557,0,0,0,0,0
29057,ECG,1213,4499,0,0,0,0,0
29062,ECG,1214,4443,0,0,0,0,0
29062,ECG,1215,4387,0,0,0,0,0
29067,ECG,1216,4331,0,0,0,0,0
29073,ECG,1217,4276,0,0,0,0,0
29077,ECG,1218,4222,0,0,0,0,0
29082,ECG,1219,4116,0,0,0,0,0
29087,ECG,1220,4064,0,0,0,0,0
29092,ECG,1221,4013,0,0,0,0,0
29097,ECG,1222,3962,0,0,0,0,0
29097,ECG,1223,3912,0,0,0,0,0
29102,ECG,1224,3863,0,0,0,0,0
29107,ECG,1225,3814,0,0,0,0,0
29112,ECG,1226,3766,0,0,0,0,0
29117,ECG,1227,3671,0,0,0,0,0
29122,ECG,1228,3624,0,0,0,0,0
29127,ECG,1229,3578,0,0,0,0,0
29132,ECG,1230,3533,0,0,0,0,0
29132,ECG,1231,3488,0,0,0,0,0
29137,ECG,1232,3444,0,0,0,0,0
29142,ECG,1233,3400,0,0,0,0,0
29147,ECG,1234,3357,0,0,0,0,0
29152,ECG,1235,3273,0,0,0,0,0
29157,ECG,1236,3231,0,0,0,0,0
29162,ECG,1237,3190,0,0,0,0,0
29167,ECG,1238,3150,0,0,0,0,0
29167,ECG,1239,3110,0,0,0,0,0
29172,ECG,1240,3070,0,0,0,0,0
29177,ECG,1241,3031,0,0,0,0,0
29182,ECG,1242,2993,0,0,0,0,0
29187,ECG,1243,2955,0,0,0,0,0
29187,ECG,1244,2917,0,0,0,0,0
29192,ECG,1245,2880,0,0,0,0,0
29197,ECG,1246,2844,0,0,0,0,0
29202,ECG,1247,2808,0,0,0,0,0
29207,ECG,1248,2737,0,0,0,0,0
29212,ECG,1249,2702,0,0,0,0,0
29217,ECG,1250,2668,0,0,0,0,0
29222,ECG,1251,2634,0,0,0,0,0
29222,ECG,1252,2600,0,0,0,0,0
29227,ECG,1253,2567,0,0,0,0,0
29232,ECG,1254,2534,0,0,0,0,0
29237,ECG,1255,2502,0,0,0,0,0
29238,ECG,1256,2470,0,0,0,0,0
29242,ECG,1257,2439,0,0,0,0,0
29247,ECG,1258,2408,0,0,0,0,0
29252,ECG,1259,2377,0,0,0,0,0
29257,ECG,1260,2347,0,0,0,0,0
29257,ECG,1261,2317,0,0,0,0,0
29262,ECG,1262,2287,0,0,0,0,0
29267,ECG,1263,2258,0,0,0,0,0
29272,ECG,1264,2229,0,0,0,0,0
29277,ECG,1265,2173,0,0,0,0,0
29282,ECG,1266,2145,0,0,0,0,0
29287,ECG,1267,2117,0,0,0,0,0
29292,ECG,1268,2090,0,0,0,0,0
29292,ECG,1269,2064,0,0,0,0,0
29297,ECG,1270,2037,0,0,0,0,0
29302,ECG,1271,2011,0,0,0,0,0
29307,ECG,1272,1985,0,0,0,0,0
29312,ECG,1273,1960,0,0,0,0,0
29312,ECG,1274,1935,0,0,0,0,0
29317,ECG,1275,1910,0,0,0,0,0
29322,ECG,1276,1886,0,0,0,0,0
29327,ECG,1277,1861,0,0,0,0,0
29332,ECG,1278,1814,0,0,0,0,0
29337,ECG,1279,1791,0,0,0,0,0
29342,ECG,1280,1768,0,0,0,0,0
29347,ECG,1281,1745,0,0,0,0,0
29347,ECG,1282,1722,0,0,0,0,0
29352,ECG,1283,1700,0,0,0,0,0
29357,ECG,1284,1678,0,0,0,0,0
29362,ECG,1285,1657,0,0,0,0,0
29367,ECG,1286,1615,0,0,0,0,0
29372,ECG,1287,1594,0,0,0,0,0
29377,ECG,1288,1573,0,0,0,0,0
29382,ECG,1289,1553,0,0,0,0,0
29382,ECG,1290,1533,0,0,0,0,0
29387,ECG,1291,1513,0,0,0,0,0
29392,ECG,1292,1494,0,0,0,0,0
29397,ECG,1293,1475,0,0,0,0,0
30404,ECG,1294,0,0,0,0,0,0
30404,ECG,1295,-1,0,0,0,0,0
30409,ECG,1296,-1,0,0,0,0,0
30414,ECG,1297,-1,0,0,0,0,0
30419,ECG,1298,-2,0,0,0,0,0
30424,ECG,1299,-2,0,0,0,0,0
30429,ECG,1300,-1,0,0,0,0,0
30434,ECG,1301,-4,0,0,0,0,0
30439,ECG,1302,-7,0,0,0,0,0
30439,ECG,1303,-6,0,0,0,0,0
30444,ECG,1304,1,0,0,0,0,0
30449,ECG,1305,20,0,0,0,0,0
30454,ECG,1306,30,0,0,0,0,0
30455,ECG,1307,43,0,0,0,0,0
30459,ECG,1308,36,0,0,0,0,0
30464,ECG,1309,36,0,0,0,0,0
30469,ECG,1310,35,0,0,0,0,0
30474,ECG,1311,27,0,0,0,0,0
30474,ECG,1312,46,0,0,0,0,0
30479,ECG,1313,11,0,0,0,0,0
30484,ECG,1314,59,0,0,0,0,0
30489,ECG,1315,-18,0,0,0,0,0
30494,ECG,1316,1070,0,0,0,0,0
30499,ECG,1317,-468,0,0,0,0,0
30504,ECG,1318,-2307,0,0,0,0,0
30509,ECG,1319,-846,0,0,0,0,0
30509,ECG,1320,6485,0,0,0,0,0
30514,ECG,1321,18270,0,0,0,0,0
30519,ECG,1322,28867,0,0,0,0,0
30524,ECG,1323,31903,0,0,0,0,0
30529,ECG,1324,31504,0,0,0,0,0
30529,ECG,1325,30754,0,0,0,0,0
30534,ECG,1326,29568,0,0,0,0,0
30539,ECG,1327,30030,0,0,0,0,0
30544,ECG,1328,29898,0,0,0,0,0
30549,ECG,1329,29140,0,0,0,0,0
30554,ECG,1330,28741,0,0,0,0,0
30559,ECG,1331,28409,0,0,0,0,0
30564,ECG,1332,28035,0,0,0,0,0
30564,ECG,1333,27695,0,0,0,0,0
30569,ECG,1334,27339,0,0,0,0,0
30574,ECG,1335,27002,0,0,0,0,0
30579,ECG,1336,26676,0,0,0,0,0
30584,ECG,1337,26043,0,0,0,0,0
30589,ECG,1338,25722,0,0,0,0,0
30594,ECG,1339,25399,0,0,0,0,0
30599,ECG,1340,25069,0,0,0,0,0
30599,ECG,1341,24771,0,0,0,0,0
30604,ECG,1342,24482,0,0,0,0,0
30609,ECG,1343,24155,0,0,0,0,0
30614,ECG,1344,23796,0,0,0,0,0
30619,ECG,1345,23120,0,0,0,0,0
30624,ECG,1346,22879,0,0,0,0,0
30629,ECG,1347,22661,0,0,0,0,0
30634,ECG,1348,22417,0,0,0,0,0
30634,ECG,1349,22130,0,0,0,0,0
30639,ECG,1350,21833,0,0,0,0,0
30644,ECG,1351,21574,0,0,0,0,0
30649,ECG,1352,21306,0,0,0,0,0
30654,ECG,1353,20701,0,0,0,0,0
30659,ECG,1354,20419,0,0,0,0,0
30664,ECG,1355,20184,0,0,0,0,0
30669,ECG,1356,19975,0,0,0,0,0
30669,ECG,1357,19758,0,0,0,0,0
30674,ECG,1358,19508,0,0,0,0,0
30679,ECG,1359,19253,0,0,0,0,0
30684,ECG,1360,19030,0,0,0,0,0
30689,ECG,1361,18795,0,0,0,0,0
30689,ECG,1362,18518,0,0,0,0,0
30694,ECG,1363,18220,0,0,0,0,0
30699,ECG,1364,17951,0,0,0,0,0
30704,ECG,1365,17749,0,0,0,0,0
30709,ECG,1366,17423,0,0,0,0,0
30714,ECG,1367,17221,0,0,0,0,0
30719,ECG,1368,16984,0,0,0,0,0
30724,ECG,1369,16758,0,0,0,0,0
30724,ECG,1370,16558,0,0,0,0,0
30729,ECG,1371,16350,0,0,0,0,0
30734,ECG,1372,16146,0,0,0,0,0
30739,ECG,1373,15944,0,0,0,0,0
30740,ECG,1374,15743,0,0,0,0,0
30744,ECG,1375,15547,0,0,0,0,0
30749,ECG,1376,15352,0,0,0,0,0
30754,ECG,1377,15160,0,0,0,0,0
30759,ECG,1378,14969,0,0,0,0,0
30759,ECG,1379,14782,0,0,0,0,0
30764,ECG,1380,14597,0,0,0,0,0
30769,ECG,1381,14414,0,0,0,0,0
30774,ECG,1382,14233,0,0,0,0,0
30779,ECG,1383,13879,0,0,0,0,0
30784,ECG,1384,13705,0,0,0,0,0
30789,ECG,1385,13533,0,0,0,0,0
30794,ECG,1386,13363,0,0,0,0,0
30794,ECG,1387,13196,0,0,0,0,0
30799,ECG,1388,13030,0,0,0,0,0
30804,ECG,1389,12866,0,0,0,0,0
30809,ECG,1390,12705,0,0,0,0,0
30814,ECG,1391,12546,0,0,0,0,0
30814,ECG,1392,12389,0,0,0,0,0
30819,ECG,1393,12233,0,0,0,0,0
30824,ECG,1394,12080,0,0,0,0,0
30829,ECG,1395,11928,0,0,0,0,0
30834,ECG,1396,11631,0,0,0,0,0
30839,ECG,1397,11485,0,0,0,0,0
30844,ECG,1398,11342,0,0,0,0,0
30849,ECG,1399,11198,0,0,0,0,0
30849,ECG,1400,11061,0,0,0,0,0
30854,ECG,1401,10912,0,0,0,0,0
30859,ECG,1402,10772,0,0,0,0,0
30864,ECG,1403,10672,0,0,0,0,0
30869,ECG,1404,10363,0,0,0,0,0
30874,ECG,1405,10140,0,0,0,0,0
30879,ECG,1406,9937,0,0,0,0,0
30884,ECG,1407,9825,0,0,0,0,0
30884,ECG,1408,9791,0,0,0,0,0
30889,ECG,1409,9753,0,0,0,0,0
30894,ECG,1410,9665,0,0,0,0,0
30899,ECG,1411,9524,0,0,0,0,0
30904,ECG,1412,9268,0,0,0,0,0
30909,ECG,1413,9157,0,0,0,0,0
30914,ECG,1414,9040,0,0,0,0,0
30919,ECG,1415,8928,0,0,0,0,0
30919,ECG,1416,8814,0,0,0,0,0
30924,ECG,1417,8704,0,0,0,0,0
30929,ECG,1418,8595,0,0,0,0,0
30934,ECG,1419,8487,0,0,0,0,0
30939,ECG,1420,8275,0,0,0,0,0
30944,ECG,1421,8171,0,0,0,0,0
30949,ECG,1422,8068,0,0,0,0,0
30954,ECG,1423,7967,0,0,0,0,0
30954,ECG,1424,7867,0,0,0,0,0
30959,ECG,1425,7768,0,0,0,0,0
30964,ECG,1426,7670,0,0,0,0,0
30969,ECG,1427,7574,0,0,0,0,0
30974,ECG,1428,7478,0,0,0,0,0
30974,ECG,1429,7384,0,0,0,0,0
30979,ECG,1430,7292,0,0,0,0,0
30984,ECG,1431,7200,0,0,0,0,0
30989,ECG,1432,7109,0,0,0,0,0
30994,ECG,1433,6932,0,0,0,0,0
30999,ECG,1434,6844,0,0,0,0,0
31004,ECG,1435,6758,0,0,0,0,0
31009,ECG,1436,6673,0,0,0,0,0
31009,ECG,1437,6589,0,0,0,0,0
31014,ECG,1438,6506,0,0,0,0,0
31019,ECG,1439,6424,0,0,0,0,0
31024,ECG,1440,6343,0,0,0,0,0
31025,ECG,1441,6264,0,0,0,0,0
31029,ECG,1442,6185,0,0,0,0,0
31034,ECG,1443,6107,0,0,0,0,0
31039,ECG,1444,6030,0,0,0,0,0
31044,ECG,1445,5954,0,0,0,0,0
31044,ECG,1446,5879,0,0,0,0,0
31049,ECG,1447,5806,0,0,0,0,0
31054,ECG,1448,5730,0,0,0,0,0
31059,ECG,1449,5653,0,0,0,0,0
31064,ECG,1450,5535,0,0,0,0,0
31069,ECG,1451,5446,0,0,0,0,0
31074,ECG,1452,5334,0,0,0,0,0
31079,ECG,1453,5225,0,0,0,0,0
31079,ECG,1454,5157,0,0,0,0,0
31084,ECG,1455,5131,0,0,0,0,0
31089,ECG,1456,5111,0,0,0,0,0
31094,ECG,1457,5068,0,0,0,0,0
31099,ECG,1458,4998,0,0,0,0,0
31099,ECG,1459,4918,0,0,0,0,0
31104,ECG,1460,4860,0,0,0,0,0
31109,ECG,1461,4802,0,0,0,0,0
31114,ECG,1462,4741,0,0,0,0,0
31119,ECG,1463,4622,0,0,0,0,0
31124,ECG,1464,4564,0,0,0,0,0
31129,ECG,1465,4506,0,0,0,0,0
31134,ECG,1466,4449,0,0,0,0,0
31134,ECG,1467,4393,0,0,0,0,0
31139,ECG,1468,4337,0,0,0,0,0
31144,ECG,1469,4283,0,0,0,0,0
31149,ECG,1470,4229,0,0,0,0,0
31154,ECG,1471,4122,0,0,0,0,0
31159,ECG,1472,4071,0,0,0,0,0
31164,ECG,1473,4019,0,0,0,0,0
31169,ECG,1474,3969,0,0,0,0,0
31169,ECG,1475,3918,0,0,0,0,0
31174,ECG,1476,3869,0,0,0,0,0
31179,ECG,1477,3820,0,0,0,0,0
31184,ECG,1478,3772,0,0,0,0,0
31189,ECG,1479,3677,0,0,0,0,0
31194,ECG,1480,3630,0,0,0,0,0
31199,ECG,1481,3584,0,0,0,0,0
31204,ECG,1482,3539,0,0,0,0,0
31204,ECG,1483,3494,0,0,0,0,0
31209,ECG,1484,3450,0,0,0,0,0
31214,ECG,1485,3406,0,0,0,0,0
31219,ECG,1486,3363,0,0,0,0,0
31224,ECG,1487,3278,0,0,0,0,0
31229,ECG,1488,3236,0,0,0,0,0
31234,ECG,1489,3195,0,0,0,0,0
31239,ECG,1490,3155,0,0,0,0,0
31239,ECG,1491,3115,0,0,0,0,0
31244,ECG,1492,3075,0,0,0,0,0
31249,ECG,1493,3036,0,0,0,0,0
31254,ECG,1494,2998,0,0,0,0,0
31259,ECG,1495,2960,0,0,0,0,0
31259,ECG,1496,2922,0,0,0,0,0
31264,ECG,1497,2885,0,0,0,0,0
31269,ECG,1498,2848,0,0,0,0,0
31274,ECG,1499,2812,0,0,0,0,0
31279,ECG,1500,2741,0,0,0,0,0
31284,ECG,1501,2706,0,0,0,0,0
31289,ECG,1502,2672,0,0,0,0,0
31294,ECG,1503,2637,0,0,0,0,0
31294,ECG,1504,2604,0,0,0,0,0
31299,ECG,1505,2571,0,0,0,0,0
31304,ECG,1506,2538,0,0,0,0,0
31309,ECG,1507,2506,0,0,0,0,0
31310,ECG,1508,2474,0,0,0,0,0
31314,ECG,1509,2440,0,0,0,0,0
31319,ECG,1510,2410,0,0,0,0,0
31324,ECG,1511,2385,0,0,0,0,0
31329,ECG,1512,2355,0,0,0,0,0
31329,ECG,1513,2317,0,0,0,0,0
31334,ECG,1514,2272,0,0,0,0,0
31339,ECG,1515,2231,0,0,0,0,0
31344,ECG,1516,2205,0,0,0,0,0
31349,ECG,1517,2177,0,0,0,0,0
31354,ECG,1518,2155,0,0,0,0,0
31359,ECG,1519,2123,0,0,0,0,0
31364,ECG,1520,2092,0,0,0,0,0
31364,ECG,1521,2067,0,0,0,0,0
31369,ECG,1522,2041,0,0,0,0,0
31374,ECG,1523,2015,0,0,0,0,0
31379,ECG,1524,1989,0,0,0,0,0
31384,ECG,1525,1963,0,0,0,0,0
31384,ECG,1526,1938,0,0,0,0,0
31389,ECG,1527,1913,0,0,0,0,0
31394,ECG,1528,1889,0,0,0,0,0
31399,ECG,1529,1865,0,0,0,0,0
31404,ECG,1530,1817,0,0,0,0,0
31409,ECG,1531,1794,0,0,0,0,0
31414,ECG,1532,1771,0,0,0,0,0
31419,ECG,1533,1749,0,0,0,0,0
31419,ECG,1534,1726,0,0,0,0,0
31424,ECG,1535,1704,0,0,0,0,0
26898,PPG,100,128731,60418,0,0,0,0
26978,PPG,101,128741,60405,0,0,0,0
27056,PPG,102,128731,60409,0,0,0,0
27137,PPG,103,128736,60422,0,0,0,0
27214,PPG,104,128736,60413,0,0,0,0
27299,PPG,105,128738,60418,0,0,0,0
27375,PPG,106,128732,60413,0,0,0,0
27453,PPG,107,128734,60422,0,0,0,0
27533,PPG,108,128733,60413,0,0,0,0
27617,PPG,109,128743,60419,0,0,0,0
27692,PPG,110,128745,60419,0,0,0,0
27775,PPG,111,128740,60416,0,0,0,0
27853,PPG,112,128740,60416,0,0,0,0
27930,PPG,113,128738,60418,0,0,0,0
28010,PPG,114,128731,60414,0,0,0,0
28101,PPG,115,128728,60415,0,0,0,0
28169,PPG,116,128730,60404,0,0,0,0
28249,PPG,117,128737,60417,0,0,0,0
28332,PPG,118,128735,60421,0,0,0,0
28409,PPG,119,128735,60414,0,0,0,0
28488,PPG,120,128738,60419,0,0,0,0
28574,PPG,121,128740,60419,0,0,0,0
28646,PPG,122,128737,60417,0,0,0,0
28726,PPG,123,128739,60409,0,0,0,0
28810,PPG,124,128731,60414,0,0,0,0
28888,PPG,125,128736,60417,0,0,0,0
28965,PPG,126,128739,60412,0,0,0,0
29053,PPG,127,128728,60405,0,0,0,0
29124,PPG,128,128727,60413,0,0,0,0
29204,PPG,129,128725,60414,0,0,0,0
29283,PPG,130,128739,60403,0,0,0,0
29366,PPG,131,128728,60407,0,0,0,0
29443,PPG,132,128736,60398,0,0,0,0
29541,PPG,133,128727,60403,0,0,0,0
29601,PPG,134,128728,60411,0,0,0,0
29680,PPG,135,128729,60411,0,0,0,0
29760,PPG,136,128731,60413,0,0,0,0
29840,PPG,137,128722,60417,0,0,0,0
29922,PPG,138,128738,60409,0,0,0,0
29999,PPG,139,128720,60406,0,0,0,0
30078,PPG,140,128722,60407,0,0,0,0
30158,PPG,141,128728,60412,0,0,0,0
30237,PPG,142,128725,60411,0,0,0,0
30317,PPG,143,128731,60408,0,0,0,0
30400,PPG,144,128727,60407,0,0,0,0
30478,PPG,145,128729,60425,0,0,0,0
30556,PPG,146,128716,60400,0,0,0,0
30636,PPG,147,128725,60404,0,0,0,0
30715,PPG,148,128730,60412,0,0,0,0
30795,PPG,149,128735,60395,0,0,0,0
30881,PPG,150,128728,60411,0,0,0,0
30977,PPG,151,128728,60412,0,0,0,0
31034,PPG,152,128728,60411,0,0,0,0
31112,PPG,153,128736,60409,0,0,0,0
31192,PPG,154,128734,60407,0,0,0,0
31272,PPG,155,128739,60412,0,0,0,0
31352,PPG,156,128720,60406,0,0,0,0
31436,PPG,157,128725,60410,0,0,0,0
31513,PPG,158,128734,60404,0,0,0,0
31592,PPG,159,128735,60411,0,0,0,0
31669,PPG,160,128737,60407,0,0,0,0
31749,PPG,161,128723,60420,0,0,0,0
31828,PPG,162,128729,60411,0,0,0,0
31908,PPG,163,128734,60411,0,0,0,0
31991,PPG,164,128721,60418,0,0,0,0
32068,PPG,165,128731,60415,0,0,0,0
32147,PPG,166,128724,60417,0,0,0,0
32226,PPG,167,128726,60419,0,0,0,0
32306,PPG,168,128734,60415,0,0,0,0
32385,PPG,169,128732,60414,0,0,0,0
32468,PPG,170,128731,60415,0,0,0,0
32548,PPG,171,128728,60417,0,0,0,0
32624,PPG,172,128727,60417,0,0,0,0
32704,PPG,173,128721,60400,0,0,0,0
32783,PPG,174,128721,60402,0,0,0,0
32863,PPG,175,128724,60407,0,0,0,0
32943,PPG,176,128734,60412,0,0,0,0
33026,PPG,177,128732,60414,0,0,0,0
33103,PPG,178,128736,60407,0,0,0,0
33181,PPG,179,128720,60410,0,0,0,0
33260,PPG,180,128725,60406,0,0,0,0
33340,PPG,181,128728,60408,0,0,0,0
33419,PPG,182,128722,60415,0,0,0,0
33499,PPG,183,128721,60410,0,0,0,0
33581,PPG,184,128722,60408,0,0,0,0
33658,PPG,185,128717,60408,0,0,0,0
33738,PPG,186,128720,60412,0,0,0,0
33817,PPG,187,128738,60409,0,0,0,0
33897,PPG,188,128725,60397,0,0,0,0
33976,PPG,189,128735,60406,0,0,0,0
34059,PPG,190,128725,60403,0,0,0,0
34137,PPG,191,128723,60407,0,0,0,0
34215,PPG,192,128708,60402,0,0,0,0
34294,PPG,193,128723,60409,0,0,0,0
34374,PPG,194,128724,60403,0,0,0,0
34454,PPG,195,128732,60411,0,0,0,0
34533,PPG,196,128727,60400,0,0,0,0
34617,PPG,197,128719,60402,0,0,0,0
34693,PPG,198,128729,60411,0,0,0,0
34772,PPG,199,128731,60410,0,0,0,0
30880,IMU,624,1132,-228,8396,-94,58,48
30897,IMU,625,1180,-140,8500,-97,67,37
30917,IMU,626,1172,-212,8424,-106,68,49
30936,IMU,627,1188,-160,8376,-87,73,45
30955,IMU,628,1212,-304,8380,-102,63,33
30976,IMU,629,1232,-336,8384,-98,47,46
30993,IMU,630,1100,-164,8356,-86,61,39
31012,IMU,631,1068,-252,8356,-88,51,32
31032,IMU,632,1168,-168,8368,-78,71,44
31051,IMU,633,1068,-288,8408,-73,53,50
31070,IMU,634,1024,-280,8400,-82,64,39
31089,IMU,635,1164,-300,8404,-103,57,49
31108,IMU,636,1136,-256,8432,-82,57,48
31127,IMU,637,1108,-244,8480,-78,64,34
31147,IMU,638,1064,-296,8360,-85,53,37
31166,IMU,639,1188,-292,8348,-76,61,44
31185,IMU,640,1148,-156,8416,-96,69,40
31204,IMU,641,1104,-312,8504,-100,61,50
31223,IMU,642,1224,-300,8464,-81,65,61
31242,IMU,643,1104,-188,8380,-92,53,55
31262,IMU,644,1128,-240,8448,-82,53,62
31281,IMU,645,1124,-208,8404,-81,62,51
31300,IMU,646,1024,-180,8372,-88,69,58
31319,IMU,647,1248,-240,8384,-92,50,36
31338,IMU,648,1160,-204,8432,-88,66,38
31357,IMU,649,1172,-260,8476,-91,47,42
31377,IMU,650,1164,-244,8432,-82,56,48
31396,IMU,651,1096,-308,8340,-102,55,45
31415,IMU,652,1236,-276,8464,-91,53,43
31436,IMU,653,1188,-308,8388,-94,56,48
31456,IMU,654,1192,-196,8376,-86,62,39
31472,IMU,655,1080,-240,8376,-86,68,33
31491,IMU,656,1116,-276,8392,-94,53,37
31510,IMU,657,1108,-228,8448,-83,53,38
31529,IMU,658,1192,-256,8400,-89,52,42
31548,IMU,659,1176,-336,8456,-89,65,50
31568,IMU,660,1244,-216,8352,-103,62,45
31587,IMU,661,1172,-292,8332,-89,73,37
31606,IMU,662,1112,-304,8480,-80,66,33
31625,IMU,663,1116,-204,8388,-98,65,36
31644,IMU,664,1100,-240,8308,-90,67,47
31663,IMU,665,1096,-308,8424,-89,51,38
31683,IMU,666,1136,-292,8520,-96,58,40
31702,IMU,667,1176,-292,8456,-95,57,62
31721,IMU,668,1160,-272,8456,-90,57,54
31740,IMU,669,1132,-196,8400,-101,66,41
31759,IMU,670,1264,-244,8360,-91,70,40
31778,IMU,671,1096,-288,8380,-103,65,43
31798,IMU,672,1144,-324,8396,-100,51,47
31817,IMU,673,1020,-312,8384,-89,67,55
31836,IMU,674,1108,-304,8348,-88,75,47
31855,IMU,675,1244,-276,8528,-82,61,26
31874,IMU,676,1216,-188,8324,-78,58,53
31893,IMU,677,1140,-324,8432,-104,70,40
31912,IMU,678,1128,-356,8392,-101,54,34
31935,IMU,679,1088,-236,8460,-86,65,51
31951,IMU,680,1192,-300,8452,-84,71,38
31970,IMU,681,1076,-300,8340,-95,53,24
31991,IMU,682,1112,-276,8404,-93,60,43
32008,IMU,683,1100,-240,8384,-93,68,41
32027,IMU,684,1064,-268,8396,-91,47,56
32047,IMU,685,1176,-284,8472,-85,65,37
32066,IMU,686,1252,-364,8420,-90,61,57
32085,IMU,687,1116,-252,8388,-101,70,35
32104,IMU,688,1200,-312,8396,-101,56,34
32123,IMU,689,1088,-260,8432,-100,56,32
32142,IMU,690,1132,-332,8460,-90,46,45
32162,IMU,691,1168,-220,8360,-98,57,33
32181,IMU,692,1188,-256,8484,-101,54,46
32200,IMU,693,1068,-268,8404,-88,48,50
32219,IMU,694,1188,-192,8476,-66,35,52
32238,IMU,695,1172,-344,8380,-98,53,37
32257,IMU,696,1124,-296,8440,-83,68,48
32276,IMU,697,1212,-300,8500,-98,44,39
32296,IMU,698,1176,-276,8412,-85,65,33
32315,IMU,699,1136,-264,8360,-89,69,40
32334,IMU,700,1188,-308,8420,-85,69,34
32353,IMU,701,1068,-216,8416,-90,64,26
32372,IMU,702,1252,-268,8472,-92,61,34
32391,IMU,703,1192,-268,8392,-77,63,45
32413,IMU,704,1292,-308,8388,-105,56,38
32430,IMU,705,1104,-296,8448,-102,71,29
32449,IMU,706,1132,-284,8384,-99,55,34
32468,IMU,707,1060,-264,8472,-91,56,44
32488,IMU,708,1136,-268,8448,-72,52,46
32507,IMU,709,1124,-172,8360,-95,50,37
32526,IMU,710,1204,-208,8492,-98,74,47
32545,IMU,711,1176,-164,8396,-95,61,62
32564,IMU,712,1160,-200,8516,-95,73,45
32584,IMU,713,1136,-240,8456,-100,63,34
32603,IMU,714,1088,-292,8424,-95,50,65
32622,IMU,715,1244,-208,8360,-69,52,61
32640,IMU,716,1168,-208,8468,-91,54,31
32660,IMU,717,1132,-260,8376,-83,53,43
32679,IMU,718,1204,-132,8412,-86,76,57
32698,IMU,719,1160,-300,8420,-84,61,37
32718,IMU,720,1156,-288,8324,-92,68,53
32737,IMU,721,1208,-308,8464,-103,59,50
32755,IMU,722,1136,-208,8456,-98,47,36
32775,IMU,723,1168,-220,8384,-93,56,38
32794,IMU,724,1220,-204,8296,-84,57,51
32813,IMU,725,1240,-252,8436,-94,59,35
32832,IMU,726,1104,-256,8428,-97,68,43
32852,IMU,727,1172,-240,8400,-70,47,46
32870,IMU,728,1232,-260,8404,-84,68,43
32893,IMU,729,1104,-220,8428,-98,64,38
32910,IMU,730,1220,-208,8408,-79,62,42
32928,IMU,731,1136,-236,8424,-80,66,32
32947,IMU,732,1136,-216,8432,-93,60,37
32967,IMU,733,1180,-248,8400,-82,61,49
32985,IMU,734,1136,-244,8436,-91,75,40
33005,IMU,735,1152,-284,8504,-97,54,40
33026,IMU,736,1248,-224,8380,-91,67,52
33043,IMU,737,1060,-192,8408,-83,51,45
33062,IMU,738,1176,-228,8456,-76,62,40
33082,IMU,739,1128,-316,8420,-84,58,33
33100,IMU,740,1164,-196,8372,-108,63,28
33120,IMU,741,1076,-224,8420,-80,48,56
33139,IMU,742,1204,-264,8464,-88,41,41
33158,IMU,743,1076,-212,8440,-79,60,37
33177,IMU,744,1260,-328,8524,-90,56,33
33196,IMU,745,1148,-360,8444,-78,58,55
33215,IMU,746,1112,-308,8404,-88,61,43
33235,IMU,747,1156,-308,8416,-102,55,58
33254,IMU,748,1184,-364,8408,-96,52,36
33273,IMU,749,1160,-200,8436,-87,64,35
33292,IMU,750,1096,-324,8464,-86,57,40
33311,IMU,751,1112,-288,8460,-89,67,55
33330,IMU,752,1000,-356,8484,-108,62,45
33350,IMU,753,1160,-240,8432,-83,73,54
33372,IMU,754,1124,-216,8444,-89,53,52
33389,IMU,755,1116,-240,8384,-88,73,36
33408,IMU,756,1168,-172,8424,-92,56,39
33426,IMU,757,1088,-220,8452,-97,61,43
33445,IMU,758,1028,-220,8488,-86,66,51
33465,IMU,759,1208,-340,8392,-88,55,34
33484,IMU,760,1192,-220,8400,-110,59,46
33503,IMU,761,1160,-216,8360,-91,67,49
33522,IMU,762,1228,-356,8440,-92,72,56
33541,IMU,763,1168,-272,8400,-91,70,43
33560,IMU,764,1116,-248,8432,-80,58,36
33579,IMU,765,1256,-264,8400,-70,50,28
33598,IMU,766,1236,-252,8452,-76,72,40
33618,IMU,767,1112,-212,8424,-102,58,51
33637,IMU,768,1132,-220,8412,-104,76,49
33656,IMU,769,1164,-212,8376,-82,66,32
33675,IMU,770,1264,-328,8372,-79,52,55
33694,IMU,771,1116,-244,8404,-87,60,48
33713,IMU,772,1172,-292,8436,-88,51,45
33733,IMU,773,1136,-240,8428,-86,41,47
33752,IMU,774,1116,-196,8284,-81,56,40
33771,IMU,775,1184,-324,8348,-110,58,42
33790,IMU,776,1208,-264,8416,-86,58,45
33809,IMU,777,1140,-276,8376,-74,50,37
33828,IMU,778,1108,-152,8488,-88,52,29
33850,IMU,779,1024,-180,8404,-97,60,43
33867,IMU,780,1092,-272,8328,-94,69,39
33886,IMU,781,1200,-328,8444,-76,68,45
33905,IMU,782,1216,-288,8404,-86,51,41
33924,IMU,783,1224,-276,8408,-80,78,29
33943,IMU,784,1084,-244,8404,-88,66,32
33962,IMU,785,1140,-224,8400,-110,56,27
33982,IMU,786,1136,-144,8348,-76,46,49
34001,IMU,787,1200,-296,8408,-90,58,58
34020,IMU,788,1216,-156,8464,-73,51,37
34039,IMU,789,1080,-196,8388,-104,68,28
34059,IMU,790,1204,-340,8424,-103,73,43
34077,IMU,791,1192,-244,8448,-101,62,49
34097,IMU,792,1128,-304,8404,-94,48,28
34116,IMU,793,1156,-228,8424,-91,50,50
34135,IMU,794,1168,-360,8448,-100,62,38
34154,IMU,795,1136,-240,8460,-73,54,61
34173,IMU,796,1136,-340,8440,-88,58,46
34192,IMU,797,1128,-236,8412,-107,57,43
34212,IMU,798,1148,-364,8448,-92,51,47
34231,IMU,799,1172,-316,8448,-88,58,52
34250,IMU,800,1132,-228,8320,-84,67,55
34269,IMU,801,1132,-248,8348,-94,76,31
34288,IMU,802,1208,-252,8420,-64,40,51
34307,IMU,803,1104,-288,8452,-95,64,46
34328,IMU,804,1160,-312,8512,-79,60,43
34346,IMU,805,1160,-232,8464,-88,61,40
34365,IMU,806,1228,-188,8392,-101,56,34
34384,IMU,807,1128,-344,8356,-87,45,28
34403,IMU,808,1072,-324,8368,-81,45,23
34422,IMU,809,1156,-220,8400,-84,50,53
34441,IMU,810,1120,-132,8416,-92,48,49
34461,IMU,811,1148,-244,8416,-79,65,44
34480,IMU,812,1120,-296,8332,-95,49,32
34499,IMU,813,1148,-404,8416,-79,59,40
34518,IMU,814,1176,-264,8396,-87,62,38
34537,IMU,815,1132,-180,8348,-78,59,45
34557,IMU,816,1140,-324,8484,-105,71,28
34576,IMU,817,1080,-220,8364,-106,66,40
34595,IMU,818,1148,-336,8380,-73,72,41
34614,IMU,819,1160,-224,8432,-99,58,42
34633,IMU,820,1192,-236,8460,-100,57,28
34652,IMU,821,1208,-304,8372,-80,65,50
34672,IMU,822,1168,-172,8408,-94,63,50
34691,IMU,823,1208,-300,8432,-100,56,42
34710,IMU,824,1232,-188,8480,-85,59,22
34729,IMU,825,1140,-316,8380,-111,62,54
34748,IMU,826,1140,-264,8444,-95,63,45
34767,IMU,827,1112,-308,8456,-90,55,58
34787,IMU,828,1064,-352,8376,-95,33,29
34806,IMU,829,1268,-244,8460,-84,61,34
34826,IMU,830,1124,-196,8460,-79,50,56
34844,IMU,831,1080,-200,8408,-84,56,46
31429,ECG,1536,1682,0,0,0,0,0
31434,ECG,1537,1660,0,0,0,0,0
31439,ECG,1538,1618,0,0,0,0,0
31444,ECG,1539,1597,0,0,0,0,0
31449,ECG,1540,1577,0,0,0,0,0
31454,ECG,1541,1556,0,0,0,0,0
31454,ECG,1542,1536,0,0,0,0,0
31459,ECG,1543,1517,0,0,0,0,0
31464,ECG,1544,1497,0,0,0,0,0
32471,ECG,1545,0,0,0,0,0,0
32471,ECG,1546,-1,0,0,0,0,0
32476,ECG,1547,-1,0,0,0,0,0
32481,ECG,1548,-1,0,0,0,0,0
32486,ECG,1549,-2,0,0,0,0,0
32491,ECG,1550,-2,0,0,0,0,0
32496,ECG,1551,-1,0,0,0,0,0
32501,ECG,1552,-4,0,0,0,0,0
32506,ECG,1553,-7,0,0,0,0,0
32506,ECG,1554,-6,0,0,0,0,0
32511,ECG,1555,1,0,0,0,0,0
32516,ECG,1556,20,0,0,0,0,0
32521,ECG,1557,30,0,0,0,0,0
32522,ECG,1558,43,0,0,0,0,0
32526,ECG,1559,36,0,0,0,0,0
32531,ECG,1560,36,0,0,0,0,0
32536,ECG,1561,35,0,0,0,0,0
32541,ECG,1562,27,0,0,0,0,0
32541,ECG,1563,47,0,0,0,0,0
32546,ECG,1564,11,0,0,0,0,0
32551,ECG,1565,58,0,0,0,0,0
32556,ECG,1566,-19,0,0,0,0,0
32561,ECG,1567,1070,0,0,0,0,0
32566,ECG,1568,-468,0,0,0,0,0
32571,ECG,1569,-2307,0,0,0,0,0
32576,ECG,1570,-847,0,0,0,0,0
32576,ECG,1571,6482,0,0,0,0,0
32581,ECG,1572,18273,0,0,0,0,0
32586,ECG,1573,28870,0,0,0,0,0
32591,ECG,1574,31904,0,0,0,0,0
32596,ECG,1575,31505,0,0,0,0,0
32596,ECG,1576,30711,0,0,0,0,0
32601,ECG,1577,29571,0,0,0,0,0
32606,ECG,1578,30067,0,0,0,0,0
32611,ECG,1579,29890,0,0,0,0,0
32616,ECG,1580,28872,0,0,0,0,0
32621,ECG,1581,28483,0,0,0,0,0
32626,ECG,1582,28284,0,0,0,0,0
32631,ECG,1583,28025,0,0,0,0,0
32631,ECG,1584,27700,0,0,0,0,0
32636,ECG,1585,27276,0,0,0,0,0
32641,ECG,1586,26887,0,0,0,0,0
32646,ECG,1587,26616,0,0,0,0,0
32651,ECG,1588,26075,0,0,0,0,0
32656,ECG,1589,25748,0,0,0,0,0
32661,ECG,1590,25405,0,0,0,0,0
32666,ECG,1591,25087,0,0,0,0,0
32666,ECG,1592,24777,0,0,0,0,0
32671,ECG,1593,24467,0,0,0,0,0
32676,ECG,1594,24162,0,0,0,0,0
32681,ECG,1595,23858,0,0,0,0,0
32686,ECG,1596,23264,0,0,0,0,0
32691,ECG,1597,22975,0,0,0,0,0
32696,ECG,1598,22684,0,0,0,0,0
32701,ECG,1599,22401,0,0,0,0,0
32701,ECG,1600,22128,0,0,0,0,0
32706,ECG,1601,21850,0,0,0,0,0
32711,ECG,1602,21568,0,0,0,0,0
32716,ECG,1603,21265,0,0,0,0,0
32721,ECG,1604,20773,0,0,0,0,0
32726,ECG,1605,20525,0,0,0,0,0
32731,ECG,1606,20219,0,0,0,0,0
32736,ECG,1607,19866,0,0,0,0,0
32736,ECG,1608,19544,0,0,0,0,0
32741,ECG,1609,19343,0,0,0,0,0
32746,ECG,1610,19214,0,0,0,0,0
32751,ECG,1611,19042,0,0,0,0,0
32756,ECG,1612,18792,0,0,0,0,0
32756,ECG,1613,18484,0,0,0,0,0
32761,ECG,1614,18238,0,0,0,0,0
32766,ECG,1615,18062,0,0,0,0,0
32771,ECG,1616,17861,0,0,0,0,0
32776,ECG,1617,17347,0,0,0,0,0
32781,ECG,1618,17137,0,0,0,0,0
32786,ECG,1619,16970,0,0,0,0,0
32791,ECG,1620,16765,0,0,0,0,0
32791,ECG,1621,16498,0,0,0,0,0
32796,ECG,1622,16214,0,0,0,0,0
32801,ECG,1623,15992,0,0,0,0,0
32806,ECG,1624,15865,0,0,0,0,0
32807,ECG,1625,15750,0,0,0,0,0
32811,ECG,1626,15590,0,0,0,0,0
32816,ECG,1627,15384,0,0,0,0,0
32821,ECG,1628,15162,0,0,0,0,0
32826,ECG,1629,14978,0,0,0,0,0
32826,ECG,1630,14796,0,0,0,0,0
32831,ECG,1631,14610,0,0,0,0,0
32836,ECG,1632,14409,0,0,0,0,0
32841,ECG,1633,14243,0,0,0,0,0
32846,ECG,1634,13923,0,0,0,0,0
32851,ECG,1635,13651,0,0,0,0,0
32856,ECG,1636,13325,0,0,0,0,0
32861,ECG,1637,13073,0,0,0,0,0
32861,ECG,1638,13006,0,0,0,0,0
32866,ECG,1639,12998,0,0,0,0,0
32871,ECG,1640,12901,0,0,0,0,0
32876,ECG,1641,12680,0,0,0,0,0
32881,ECG,1642,12400,0,0,0,0,0
32881,ECG,1643,12237,0,0,0,0,0
32886,ECG,1644,12184,0,0,0,0,0
32891,ECG,1645,12102,0,0,0,0,0
32896,ECG,1646,11954,0,0,0,0,0
32901,ECG,1647,11623,0,0,0,0,0
32906,ECG,1648,11512,0,0,0,0,0
32911,ECG,1649,11350,0,0,0,0,0
32916,ECG,1650,11140,0,0,0,0,0
32916,ECG,1651,10936,0,0,0,0,0
32921,ECG,1652,10805,0,0,0,0,0
32926,ECG,1653,10743,0,0,0,0,0
32931,ECG,1654,10679,0,0,0,0,0
32936,ECG,1655,10411,0,0,0,0,0
32941,ECG,1656,10281,0,0,0,0,0
32946,ECG,1657,10175,0,0,0,0,0
32951,ECG,1658,10018,0,0,0,0,0
32951,ECG,1659,9821,0,0,0,0,0
32956,ECG,1660,9630,0,0,0,0,0
32961,ECG,1661,9505,0,0,0,0,0
32966,ECG,1662,9451,0,0,0,0,0
32971,ECG,1663,9324,0,0,0,0,0
32976,ECG,1664,9180,0,0,0,0,0
32981,ECG,1665,9054,0,0,0,0,0
32986,ECG,1666,8984,0,0,0,0,0
32986,ECG,1667,8863,0,0,0,0,0
32991,ECG,1668,8669,0,0,0,0,0
32996,ECG,1669,8440,0,0,0,0,0
33001,ECG,1670,8280,0,0,0,0,0
33006,ECG,1671,8250,0,0,0,0,0
33011,ECG,1672,8202,0,0,0,0,0
33016,ECG,1673,8083,0,0,0,0,0
33021,ECG,1674,7927,0,0,0,0,0
33021,ECG,1675,7831,0,0,0,0,0
33026,ECG,1676,7783,0,0,0,0,0
33031,ECG,1677,7709,0,0,0,0,0
33036,ECG,1678,7611,0,0,0,0,0
33041,ECG,1679,7499,0,0,0,0,0
33041,ECG,1680,7421,0,0,0,0,0
33046,ECG,1681,7342,0,0,0,0,0
33051,ECG,1682,7221,0,0,0,0,0
33056,ECG,1683,7075,0,0,0,0,0
33061,ECG,1684,6854,0,0,0,0,0
33066,ECG,1685,6825,0,0,0,0,0
33071,ECG,1686,6785,0,0,0,0,0
33076,ECG,1687,6702,0,0,0,0,0
33076,ECG,1688,6585,0,0,0,0,0
33081,ECG,1689,6480,0,0,0,0,0
33086,ECG,1690,6424,0,0,0,0,0
33091,ECG,1691,6371,0,0,0,0,0
33092,ECG,1692,6302,0,0,0,0,0
33096,ECG,1693,6221,0,0,0,0,0
33101,ECG,1694,6133,0,0,0,0,0
33106,ECG,1695,6057,0,0,0,0,0
33111,ECG,1696,5983,0,0,0,0,0
33111,ECG,1697,5907,0,0,0,0,0
33116,ECG,1698,5833,0,0,0,0,0
33121,ECG,1699,5759,0,0,0,0,0
33126,ECG,1700,5686,0,0,0,0,0
33131,ECG,1701,5541,0,0,0,0,0
33136,ECG,1702,5462,0,0,0,0,0
33141,ECG,1703,5417,0,0,0,0,0
33146,ECG,1704,5368,0,0,0,0,0
33146,ECG,1705,5271,0,0,0,0,0
33151,ECG,1706,5132,0,0,0,0,0
33156,ECG,1707,4984,0,0,0,0,0
33161,ECG,1708,4920,0,0,0,0,0
33166,ECG,1709,4938,0,0,0,0,0
33166,ECG,1710,4942,0,0,0,0,0
33171,ECG,1711,4886,0,0,0,0,0
33176,ECG,1712,4751,0,0,0,0,0
33181,ECG,1713,4650,0,0,0,0,0
33186,ECG,1714,4666,0,0,0,0,0
33191,ECG,1715,4555,0,0,0,0,0
33196,ECG,1716,4356,0,0,0,0,0
33201,ECG,1717,4195,0,0,0,0,0
33201,ECG,1718,4225,0,0,0,0,0
33206,ECG,1719,4314,0,0,0,0,0
33211,ECG,1720,4315,0,0,0,0,0
33216,ECG,1721,4181,0,0,0,0,0
33221,ECG,1722,3997,0,0,0,0,0
33226,ECG,1723,4065,0,0,0,0,0
33231,ECG,1724,4032,0,0,0,0,0
33236,ECG,1725,3871,0,0,0,0,0
33236,ECG,1726,3684,0,0,0,0,0
33241,ECG,1727,3693,0,0,0,0,0
33246,ECG,1728,3810,0,0,0,0,0
33251,ECG,1729,3806,0,0,0,0,0
33256,ECG,1730,3387,0,0,0,0,0
33261,ECG,1731,3352,0,0,0,0,0
33266,ECG,1732,3511,0,0,0,0,0
33271,ECG,1733,3581,0,0,0,0,0
33271,ECG,1734,3471,0,0,0,0,0
33276,ECG,1735,3249,0,0,0,0,0
33281,ECG,1736,3153,0,0,0,0,0
33286,ECG,1737,3262,0,0,0,0,0
33291,ECG,1738,3304,0,0,0,0,0
33296,ECG,1739,3163,0,0,0,0,0
33301,ECG,1740,3073,0,0,0,0,0
33306,ECG,1741,3134,0,0,0,0,0
33306,ECG,1742,3178,0,0,0,0,0
33311,ECG,1743,3111,0,0,0,0,0
33316,ECG,1744,2968,0,0,0,0,0
33321,ECG,1745,2898,0,0,0,0,0
33326,ECG,1746,2947,0,0,0,0,0
33326,ECG,1747,2962,0,0,0,0,0
33331,ECG,1748,2873,0,0,0,0,0
33336,ECG,1749,2712,0,0,0,0,0
33341,ECG,1750,2627,0,0,0,0,0
33346,ECG,1751,2786,0,0,0,0,0
33351,ECG,1752,2767,0,0,0,0,0
33356,ECG,1753,2658,0,0,0,0,0
33361,ECG,1754,2542,0,0,0,0,0
33361,ECG,1755,2547,0,0,0,0,0
33366,ECG,1756,2604,0,0,0,0,0
33371,ECG,1757,2622,0,0,0,0,0
33376,ECG,1758,2591,0,0,0,0,0
33377,ECG,1759,2528,0,0,0,0,0
33381,ECG,1760,2517,0,0,0,0,0
33386,ECG,1761,2500,0,0,0,0,0
33391,ECG,1762,2429,0,0,0,0,0
33396,ECG,1763,2317,0,0,0,0,0
33396,ECG,1764,2219,0,0,0,0,0
33401,ECG,1765,2229,0,0,0,0,0
33406,ECG,1766,2286,0,0,0,0,0
33411,ECG,1767,2290,0,0,0,0,0
33416,ECG,1768,2097,0,0,0,0,0
33421,ECG,1769,2047,0,0,0,0,0
33426,ECG,1770,2099,0,0,0,0,0
33431,ECG,1771,2153,0,0,0,0,0
33431,ECG,1772,2160,0,0,0,0,0
33436,ECG,1773,2115,0,0,0,0,0
33441,ECG,1774,2068,0,0,0,0,0
33446,ECG,1775,2060,0,0,0,0,0
33451,ECG,1776,2031,0,0,0,0,0
33451,ECG,1777,1970,0,0,0,0,0
33456,ECG,1778,1898,0,0,0,0,0
33461,ECG,1779,1870,0,0,0,0,0
33466,ECG,1780,1890,0,0,0,0,0
33471,ECG,1781,1850,0,0,0,0,0
33476,ECG,1782,1772,0,0,0,0,0
33481,ECG,1783,1715,0,0,0,0,0
33486,ECG,1784,1726,0,0,0,0,0
33486,ECG,1785,1766,0,0,0,0,0
33491,ECG,1786,1778,0,0,0,0,0
33496,ECG,1787,1756,0,0,0,0,0
33501,ECG,1788,1713,0,0,0,0,0
33506,ECG,1789,1679,0,0,0,0,0
33511,ECG,1790,1646,0,0,0,0,0
33516,ECG,1791,1607,0,0,0,0,0
33521,ECG,1792,1578,0,0,0,0,0
33521,ECG,1793,1574,0,0,0,0,0
33526,ECG,1794,1566,0,0,0,0,0
33531,ECG,1795,1539,0,0,0,0,0
33536,ECG,1796,1493,0,0,0,0,0
33541,ECG,1797,1451,0,0,0,0,0
33546,ECG,1798,1464,0,0,0,0,0
33551,ECG,1799,1458,0,0,0,0,0
34558,ECG,1800,0,0,0,0,0,0
34558,ECG,1801,-1,0,0,0,0,0
34563,ECG,1802,-1,0,0,0,0,0
34568,ECG,1803,-1,0,0,0,0,0
34573,ECG,1804,-2,0,0,0,0,0
34578,ECG,1805,-2,0,0,0,0,0
34583,ECG,1806,-1,0,0,0,0,0
34588,ECG,1807,-4,0,0,0,0,0
34593,ECG,1808,-7,0,0,0,0,0
34593,ECG,1809,-6,0,0,0,0,0
34598,ECG,1810,1,0,0,0,0,0
34603,ECG,1811,20,0,0,0,0,0
34608,ECG,1812,30,0,0,0,0,0
34609,ECG,1813,43,0,0,0,0,0
34613,ECG,1814,36,0,0,0,0,0
34618,ECG,1815,36,0,0,0,0,0
34623,ECG,1816,35,0,0,0,0,0
34628,ECG,1817,27,0,0,0,0,0
34628,ECG,1818,46,0,0,0,0,0
34633,ECG,1819,11,0,0,0,0,0
34638,ECG,1820,59,0,0,0,0,0
34643,ECG,1821,-18,0,0,0,0,0
34648,ECG,1822,1070,0,0,0,0,0
34653,ECG,1823,-468,0,0,0,0,0
34658,ECG,1824,-2307,0,0,0,0,0
34663,ECG,1825,-846,0,0,0,0,0
34663,ECG,1826,6485,0,0,0,0,0
34668,ECG,1827,18270,0,0,0,0,0
34673,ECG,1828,28867,0,0,0,0,0
34678,ECG,1829,31903,0,0,0,0,0
34683,ECG,1830,31504,0,0,0,0,0
34683,ECG,1831,30754,0,0,0,0,0
34688,ECG,1832,29568,0,0,0,0,0
34693,ECG,1833,30029,0,0,0,0,0
34698,ECG,1834,29898,0,0,0,0,0
34703,ECG,1835,29140,0,0,0,0,0
34708,ECG,1836,28742,0,0,0,0,0
34713,ECG,1837,28410,0,0,0,0,0
34718,ECG,1838,28035,0,0,0,0,0
34718,ECG,1839,27694,0,0,0,0,0
34723,ECG,1840,27339,0,0,0,0,0
34728,ECG,1841,27002,0,0,0,0,0
34733,ECG,1842,26676,0,0,0,0,0
34738,ECG,1843,26043,0,0,0,0,0
34743,ECG,1844,25735,0,0,0,0,0
34748,ECG,1845,25411,0,0,0,0,0
34753,ECG,1846,25061,0,0,0,0,0
34753,ECG,1847,24706,0,0,0,0,0
34758,ECG,1848,24375,0,0,0,0,0
34763,ECG,1849,24088,0,0,0,0,0
34768,ECG,1850,23827,0,0,0,0,0
34773,ECG,1851,23269,0,0,0,0,0
34778,ECG,1852,22964,0,0,0,0,0
34783,ECG,1853,22679,0,0,0,0,0
34788,ECG,1854,22402,0,0,0,0,0
34788,ECG,1855,22108,0,0,0,0,0
34793,ECG,1856,21806,0,0,0,0,0
34798,ECG,1857,21514,0,0,0,0,0
34803,ECG,1858,21254,0,0,0,0,0
34808,ECG,1859,20766,0,0,0,0,0
34813,ECG,1860,20500,0,0,0,0,0
34818,ECG,1861,20223,0,0,0,0,0
34823,ECG,1862,19962,0,0,0,0,0
34823,ECG,1863,19728,0,0,0,0,0
34828,ECG,1864,19497,0,0,0,0,0
34833,ECG,1865,19260,0,0,0,0,0
34838,ECG,1866,19016,0,0,0,0,0
34843,ECG,1867,18773,0,0,0,0,0
34843,ECG,1868,18540,0,0,0,0,0
34848,ECG,1869,18308,0,0,0,0,0
34853,ECG,1870,18079,0,0,0,0,0
34858,ECG,1871,17840,0,0,0,0,0
34863,ECG,1872,17437,0,0,0,0,0
34868,ECG,1873,17204,0,0,0,0,0
34873,ECG,1874,16925,0,0,0,0,0
34878,ECG,1875,16630,0,0,0,0,0
34878,ECG,1876,16396,0,0,0,0,0
34883,ECG,1877,16240,0,0,0,0,0
34888,ECG,1878,16106,0,0,0,0,0
34893,ECG,1879,15935,0,0,0,0,0
34894,ECG,1880,15722,0,0,0,0,0
34898,ECG,1881,15498,0,0,0,0,0
34903,ECG,1882,15319,0,0,0,0,0
34908,ECG,1883,15160,0,0,0,0,0
34913,ECG,1884,14979,0,0,0,0,0
34913,ECG,1885,14784,0,0,0,0,0
34918,ECG,1886,14591,0,0,0,0,0
34923,ECG,1887,14420,0,0,0,0,0
34928,ECG,1888,14242,0,0,0,0,0
34933,ECG,1889,13844,0,0,0,0,0
34938,ECG,1890,13658,0,0,0,0,0
34943,ECG,1891,13500,0,0,0,0,0
34948,ECG,1892,13348,0,0,0,0,0
34948,ECG,1893,13180,0,0,0,0,0
34953,ECG,1894,12994,0,0,0,0,0
34958,ECG,1895,12816,0,0,0,0,0
34963,ECG,1896,12667,0,0,0,0,0
34968,ECG,1897,12540,0,0,0,0,0
34968,ECG,1898,12401,0,0,0,0,0
34973,ECG,1899,12246,0,0,0,0,0
34978,ECG,1900,12082,0,0,0,0,0
34983,ECG,1901,11928,0,0,0,0,0
34988,ECG,1902,11635,0,0,0,0,0
34993,ECG,1903,11488,0,0,0,0,0
34998,ECG,1904,11342,0,0,0,0,0
35003,ECG,1905,11204,0,0,0,0,0
35003,ECG,1906,11071,0,0,0,0,0
35008,ECG,1907,10924,0,0,0,0,0
35013,ECG,1908,10770,0,0,0,0,0
35018,ECG,1909,10612,0,0,0,0,0
35023,ECG,1910,10358,0,0,0,0,0
35028,ECG,1911,10252,0,0,0,0,0
35033,ECG,1912,10129,0,0,0,0,0
35038,ECG,1913,9983,0,0,0,0,0
35038,ECG,1914,9893,0,0,0,0,0
35043,ECG,1915,9805,0,0,0,0,0
35048,ECG,1916,9632,0,0,0,0,0
35053,ECG,1917,9376,0,0,0,0,0
35058,ECG,1918,8963,0,0,0,0,0
35063,ECG,1919,8994,0,0,0,0,0
35068,ECG,1920,9028,0,0,0,0,0
35073,ECG,1921,8953,0,0,0,0,0
35073,ECG,1922,8761,0,0,0,0,0
35078,ECG,1923,8554,0,0,0,0,0
35083,ECG,1924,8477,0,0,0,0,0
35088,ECG,1925,8459,0,0,0,0,0
35093,ECG,1926,8309,0,0,0,0,0
35098,ECG,1927,8180,0,0,0,0,0
35103,ECG,1928,8083,0,0,0,0,0
35108,ECG,1929,7993,0,0,0,0,0
35108,ECG,1930,7866,0,0,0,0,0
35113,ECG,1931,7721,0,0,0,0,0
35118,ECG,1932,7590,0,0,0,0,0
35123,ECG,1933,7505,0,0,0,0,0
35128,ECG,1934,7455,0,0,0,0,0
35128,ECG,1935,7402,0,0,0,0,0
35133,ECG,1936,7321,0,0,0,0,0
35138,ECG,1937,7213,0,0,0,0,0
35143,ECG,1938,7124,0,0,0,0,0
35148,ECG,1939,6940,0,0,0,0,0
35153,ECG,1940,6814,0,0,0,0,0
35158,ECG,1941,6695,0,0,0,0,0
35163,ECG,1942,6612,0,0,0,0,0
35163,ECG,1943,6565,0,0,0,0,0
35168,ECG,1944,6521,0,0,0,0,0
35173,ECG,1945,6451,0,0,0,0,0
35178,ECG,1946,6359,0,0,0,0,0
35179,ECG,1947,6284,0,0,0,0,0
35183,ECG,1948,6217,0,0,0,0,0
35188,ECG,1949,6117,0,0,0,0,0
35193,ECG,1950,5990,0,0,0,0,0
35198,ECG,1951,5869,0,0,0,0,0
35198,ECG,1952,5796,0,0,0,0,0
35203,ECG,1953,5769,0,0,0,0,0
35208,ECG,1954,5745,0,0,0,0,0
35213,ECG,1955,5696,0,0,0,0,0
35218,ECG,1956,5526,0,0,0,0,0
35223,ECG,1957,5461,0,0,0,0,0
35228,ECG,1958,5397,0,0,0,0,0
35233,ECG,1959,5328,0,0,0,0,0
35233,ECG,1960,5261,0,0,0,0,0
35238,ECG,1961,5194,0,0,0,0,0
35243,ECG,1962,5129,0,0,0,0,0
35248,ECG,1963,5064,0,0,0,0,0
35253,ECG,1964,5000,0,0,0,0,0
35253,ECG,1965,4937,0,0,0,0,0
35258,ECG,1966,4875,0,0,0,0,0
35263,ECG,1967,4813,0,0,0,0,0
35268,ECG,1968,4753,0,0,0,0,0
35273,ECG,1969,4633,0,0,0,0,0
35278,ECG,1970,4575,0,0,0,0,0
35283,ECG,1971,4517,0,0,0,0,0
35288,ECG,1972,4460,0,0,0,0,0
35288,ECG,1973,4404,0,0,0,0,0
35293,ECG,1974,4348,0,0,0,0,0
35298,ECG,1975,4293,0,0,0,0,0
35303,ECG,1976,4239,0,0,0,0,0
35308,ECG,1977,4132,0,0,0,0,0
35313,ECG,1978,4080,0,0,0,0,0
35318,ECG,1979,4028,0,0,0,0,0
35323,ECG,1980,3979,0,0,0,0,0
35323,ECG,1981,3926,0,0,0,0,0
35328,ECG,1982,3879,0,0,0,0,0
35333,ECG,1983,3823,0,0,0,0,0
35338,ECG,1984,3768,0,0,0,0,0
35343,ECG,1985,3717,0,0,0,0,0
35348,ECG,1986,3630,0,0,0,0,0
35353,ECG,1987,3495,0,0,0,0,0
35358,ECG,1988,3363,0,0,0,0,0
35358,ECG,1989,3337,0,0,0,0,0
35363,ECG,1990,3390,0,0,0,0,0
35368,ECG,1991,3414,0,0,0,0,0
35373,ECG,1992,3363,0,0,0,0,0
35378,ECG,1993,3170,0,0,0,0,0
35383,ECG,1994,3179,0,0,0,0,0
35388,ECG,1995,3202,0,0,0,0,0
35393,ECG,1996,3188,0,0,0,0,0
35393,ECG,1997,3147,0,0,0,0,0
35398,ECG,1998,3084,0,0,0,0,0
35403,ECG,1999,3047,0,0,0,0,0
35408,ECG,2000,3014,0,0,0,0,0
35413,ECG,2001,2974,0,0,0,0,0
35413,ECG,2002,2937,0,0,0,0,0
35418,ECG,2003,2899,0,0,0,0,0
35423,ECG,2004,2863,0,0,0,0,0
35428,ECG,2005,2826,0,0,0,0,0
35433,ECG,2006,2755,0,0,0,0,0
35438,ECG,2007,2719,0,0,0,0,0
35443,ECG,2008,2686,0,0,0,0,0
35448,ECG,2009,2651,0,0,0,0,0
35448,ECG,2010,2618,0,0,0,0,0
35453,ECG,2011,2583,0,0,0,0,0
35458,ECG,2012,2544,0,0,0,0,0
35463,ECG,2013,2525,0,0,0,0,0
35464,ECG,2014,2502,0,0,0,0,0
35468,ECG,2015,2456,0,0,0,0,0
35473,ECG,2016,2380,0,0,0,0,0
35478,ECG,2017,2304,0,0,0,0,0
35483,ECG,2018,2292,0,0,0,0,0
35483,ECG,2019,2308,0,0,0,0,0
35488,ECG,2020,2291,0,0,0,0,0
35493,ECG,2021,2220,0,0,0,0,0
35498,ECG,2022,2129,0,0,0,0,0
35503,ECG,2023,2121,0,0,0,0,0
35508,ECG,2024,2161,0,0,0,0,0
35513,ECG,2025,2162,0,0,0,0,0
35518,ECG,2026,2125,0,0,0,0,0
35518,ECG,2027,2074,0,0,0,0,0
35523,ECG,2028,2054,0,0,0,0,0
35528,ECG,2029,2031,0,0,0,0,0
35533,ECG,2030,2006,0,0,0,0,0
35538,ECG,2031,1979,0,0,0,0,0
35538,ECG,2032,1954,0,0,0,0,0
35543,ECG,2033,1928,0,0,0,0,0
35548,ECG,2034,1905,0,0,0,0,0
35553,ECG,2035,1876,0,0,0,0,0
35558,ECG,2036,1849,0,0,0,0,0
35563,ECG,2037,1880,0,0,0,0,0
35568,ECG,2038,1806,0,0,0,0,0
35573,ECG,2039,1610,0,0,0,0,0
35573,ECG,2040,1383,0,0,0,0,0
35578,ECG,2041,1300,0,0,0,0,0
35583,ECG,2042,1427,0,0,0,0,0
35588,ECG,2043,1618,0,0,0,0,0
35593,ECG,2044,1701,0,0,0,0,0
35598,ECG,2045,1603,0,0,0,0,0
36605,ECG,2046,0,0,0,0,0,0
36605,ECG,2047,-1,0,0,0,0,0
34863,IMU,832,1208,-232,8468,-82,40,49
34882,IMU,833,1104,-312,8420,-79,60,38
34902,IMU,834,1136,-268,8416,-97,46,42
34921,IMU,835,1164,-304,8316,-81,62,46
34940,IMU,836,1212,-308,8328,-94,51,36
34959,IMU,837,1144,-208,8372,-81,60,42
34978,IMU,838,1172,-216,8404,-98,58,33
34997,IMU,839,1124,-360,8440,-72,49,46
35017,IMU,840,1188,-232,8308,-93,45,36
35036,IMU,841,1100,-212,8440,-100,67,33
35055,IMU,842,1172,-240,8460,-104,78,24
35074,IMU,843,1120,-216,8428,-89,54,36
35094,IMU,844,1084,-288,8396,-80,67,31
35112,IMU,845,1192,-204,8388,-85,51,43
35131,IMU,846,1180,-204,8408,-88,74,19
35151,IMU,847,1184,-260,8436,-87,41,42
35170,IMU,848,1072,-248,8472,-92,68,42
35189,IMU,849,1192,-132,8412,-85,69,34
35208,IMU,850,1088,-172,8432,-84,50,33
35227,IMU,851,1184,-256,8356,-86,62,47
35246,IMU,852,1120,-180,8388,-96,63,35
35266,IMU,853,1280,-212,8296,-114,63,47
35285,IMU,854,1192,-168,8448,-103,62,52
35305,IMU,855,1132,-252,8480,-88,56,29
35323,IMU,856,1056,-184,8360,-102,60,36
35342,IMU,857,1096,-296,8424,-88,61,50
35361,IMU,858,1168,-312,8380,-93,46,43
35381,IMU,859,1096,-312,8384,-89,60,52
35400,IMU,860,1176,-328,8432,-94,67,35
35419,IMU,861,1148,-272,8416,-99,59,35
35438,IMU,862,1164,-176,8312,-85,60,49
35457,IMU,863,1100,-272,8376,-84,53,45
35476,IMU,864,1192,-276,8440,-95,65,57
35496,IMU,865,1160,-352,8432,-100,48,35
35515,IMU,866,1204,-264,8504,-86,71,41
35534,IMU,867,1176,-280,8416,-98,60,56
35553,IMU,868,1164,-268,8380,-86,72,48
35572,IMU,869,1124,-288,8396,-92,76,40
35591,IMU,870,1088,-264,8448,-104,52,49
35610,IMU,871,1160,-164,8396,-96,80,49
35629,IMU,872,1176,-224,8484,-89,56,37
35650,IMU,873,1112,-216,8416,-96,62,32
35668,IMU,874,1084,-296,8404,-75,51,53
35687,IMU,875,1060,-284,8364,-88,61,40
35706,IMU,876,1252,-228,8428,-85,56,45
35725,IMU,877,1092,-324,8532,-90,79,52
35744,IMU,878,1176,-200,8372,-85,52,38
35763,IMU,879,1152,-224,8368,-95,49,40
35785,IMU,880,1124,-228,8464,-82,54,38
35802,IMU,881,1244,-340,8392,-89,50,50
35821,IMU,882,1148,-340,8408,-83,48,41
35840,IMU,883,1264,-268,8432,-88,67,52
35859,IMU,884,1172,-312,8372,-99,47,35
35878,IMU,885,1260,-308,8440,-97,65,50
35898,IMU,886,1096,-180,8400,-93,42,34
35917,IMU,887,1112,-252,8440,-76,57,39
35936,IMU,888,1160,-308,8476,-68,53,34
35955,IMU,889,1064,-252,8412,-82,76,45
35974,IMU,890,1108,-228,8408,-89,65,50
35993,IMU,891,1128,-200,8388,-81,55,38
36012,IMU,892,1108,-264,8384,-84,56,55
36032,IMU,893,1204,-240,8524,-89,49,45
36051,IMU,894,1212,-292,8380,-79,54,51
36070,IMU,895,1104,-192,8400,-90,60,46
36089,IMU,896,1160,-276,8472,-90,83,32
36108,IMU,897,1136,-264,8408,-94,59,25
36128,IMU,898,1140,-264,8400,-90,53,43
36147,IMU,899,1168,-260,8348,-81,57,55
36166,IMU,900,1100,-176,8512,-97,63,30
36185,IMU,901,1172,-228,8348,-86,49,55
36204,IMU,902,1192,-220,8336,-88,58,34
36223,IMU,903,1256,-324,8412,-109,58,50
36242,IMU,904,1240,-336,8520,-89,58,46
36264,IMU,905,1192,-204,8360,-96,67,49
36281,IMU,906,1096,-244,8448,-87,66,49
36300,IMU,907,1096,-184,8404,-90,59,46
36319,IMU,908,1200,-156,8484,-84,59,59
36338,IMU,909,1124,-268,8416,-92,56,56
36357,IMU,910,1220,-296,8464,-93,60,34
36377,IMU,911,1156,-268,8440,-101,42,60
36396,IMU,912,1072,-272,8492,-92,60,46
36415,IMU,913,1224,-140,8384,-97,66,34
36434,IMU,914,1204,-356,8508,-104,59,50
36453,IMU,915,1180,-272,8516,-81,51,40
36472,IMU,916,1308,-208,8356,-98,61,45
36491,IMU,917,1060,-224,8408,-100,62,41
36511,IMU,918,1188,-352,8408,-73,62,29
36530,IMU,919,1136,-192,8348,-98,51,45
36549,IMU,920,1136,-228,8444,-109,71,46
36568,IMU,921,1116,-352,8376,-98,61,50
36587,IMU,922,1176,-116,8404,-99,70,48
36607,IMU,923,1108,-260,8372,-83,59,52
36626,IMU,924,1160,-268,8440,-82,50,57
36645,IMU,925,1192,-168,8404,-88,56,48
36664,IMU,926,1144,-260,8448,-99,74,48
36686,IMU,927,1060,-280,8512,-92,48,32
36703,IMU,928,1096,-260,8384,-82,73,47
36722,IMU,929,1204,-268,8376,-98,66,58
36742,IMU,930,1096,-172,8360,-92,63,38
36760,IMU,931,1192,-196,8388,-90,46,54
36779,IMU,932,1172,-248,8412,-77,69,58
36798,IMU,933,1212,-168,8380,-75,69,34
36818,IMU,934,1188,-140,8532,-96,57,48
36837,IMU,935,1156,-268,8440,-83,59,35
36856,IMU,936,1152,-276,8328,-77,53,41
36875,IMU,937,1224,-232,8392,-79,53,38
36894,IMU,938,1160,-320,8320,-82,72,41
36913,IMU,939,1068,-288,8316,-98,74,51
36933,IMU,940,1128,-324,8400,-81,57,36
36952,IMU,941,1140,-328,8376,-67,73,65
36971,IMU,942,1216,-264,8432,-107,65,51
36990,IMU,943,1072,-212,8476,-82,60,48
37009,IMU,944,1128,-168,8400,-85,47,28
37028,IMU,945,1228,-316,8472,-86,50,49
37048,IMU,946,1188,-292,8456,-100,73,47
37067,IMU,947,1216,-276,8444,-85,61,44
37086,IMU,948,1076,-336,8380,-75,58,38
37105,IMU,949,1156,-376,8452,-82,38,43
37124,IMU,950,1188,-272,8364,-105,58,51
37143,IMU,951,1180,-312,8472,-81,59,43
37163,IMU,952,1076,-276,8432,-93,67,36
37182,IMU,953,1200,-240,8364,-91,56,27
37201,IMU,954,1172,-248,8392,-101,68,50
37221,IMU,955,1152,-296,8436,-97,53,38
37239,IMU,956,1264,-324,8412,-98,63,42
37258,IMU,957,1144,-280,8532,-70,78,47
37277,IMU,958,1184,-268,8508,-77,65,47
37297,IMU,959,1112,-264,8464,-88,64,44
37316,IMU,960,1024,-272,8372,-90,60,35
37334,IMU,961,1168,-312,8436,-80,68,43
37354,IMU,962,1212,-204,8432,-100,58,44
37373,IMU,963,1044,-200,8392,-87,76,48
37392,IMU,964,1096,-304,8408,-76,55,51
37411,IMU,965,1048,-284,8428,-97,47,46
37431,IMU,966,1116,-260,8388,-87,65,28
37449,IMU,967,1192,-224,8424,-89,59,35
37469,IMU,968,1184,-208,8316,-93,62,43
37488,IMU,969,1112,-208,8400,-80,59,30
37507,IMU,970,1096,-188,8436,-89,63,28
37526,IMU,971,1128,-316,8424,-87,67,53
37546,IMU,972,1212,-212,8392,-102,75,32
37564,IMU,973,1168,-308,8404,-102,47,29
37584,IMU,974,1084,-204,8472,-83,51,33
37603,IMU,975,1156,-260,8392,-81,59,35
37622,IMU,976,1164,-204,8400,-92,65,53
37641,IMU,977,1104,-284,8388,-80,41,37
37661,IMU,978,1160,-284,8456,-90,50,41
37679,IMU,979,1160,-164,8428,-84,59,35
37701,IMU,980,1112,-248,8464,-85,48,43
37719,IMU,981,1092,-252,8420,-90,57,34
37737,IMU,982,1180,-212,8360,-98,67,31
37756,IMU,983,1228,-160,8360,-99,54,43
37775,IMU,984,1140,-208,8360,-90,49,50
37794,IMU,985,1216,-324,8444,-88,58,50
37813,IMU,986,1156,-304,8380,-104,68,52
37833,IMU,987,1068,-284,8396,-92,65,32
37852,IMU,988,1184,-252,8436,-102,76,53
37871,IMU,989,1192,-248,8408,-86,52,25
37890,IMU,990,1144,-200,8408,-75,48,32
37909,IMU,991,1164,-288,8384,-85,53,53
37928,IMU,992,1116,-336,8396,-88,48,44
37948,IMU,993,1120,-300,8472,-87,72,45
37967,IMU,994,1164,-280,8448,-105,64,45
37986,IMU,995,1212,-256,8472,-82,55,41
38005,IMU,996,1096,-220,8364,-90,64,47
38024,IMU,997,1136,-264,8364,-92,62,50
38043,IMU,998,1196,-200,8348,-95,49,45
38063,IMU,999,1168,-240,8436,-77,53,36
38082,IMU,1000,1176,-260,8440,-82,68,71
38101,IMU,1001,1236,-196,8516,-74,59,33
38120,IMU,1002,1172,-280,8448,-89,57,27
38139,IMU,1003,1204,-220,8416,-87,50,40
38158,IMU,1004,1236,-260,8364,-88,63,41
38180,IMU,1005,1248,-184,8428,-93,67,57
38197,IMU,1006,1172,-224,8432,-99,56,49
38216,IMU,1007,1172,-276,8412,-90,43,38
38235,IMU,1008,1216,-308,8356,-90,52,45
38254,IMU,1009,1184,-288,8400,-83,69,42
38273,IMU,1010,1128,-244,8444,-96,69,49
38292,IMU,1011,1112,-244,8540,-70,41,33
38312,IMU,1012,1076,-224,8412,-94,55,40
38331,IMU,1013,1068,-244,8404,-87,61,58
38350,IMU,1014,1164,-192,8448,-83,54,52
38369,IMU,1015,1212,-324,8392,-99,61,46
38388,IMU,1016,1044,-180,8336,-96,48,28
38407,IMU,1017,1072,-288,8460,-93,67,33
38427,IMU,1018,1208,-312,8500,-99,52,46
38446,IMU,1019,1152,-340,8352,-98,57,33
38465,IMU,1020,1172,-220,8404,-74,60,60
38484,IMU,1021,1016,-220,8428,-71,56,49
38503,IMU,1022,1104,-272,8400,-92,56,42
38522,IMU,1023,1248,-196,8408,-87,46,40
38541,IMU,1024,1156,-296,8380,-81,72,47
38561,IMU,1025,1116,-336,8400,-83,39,48
38580,IMU,1026,1164,-252,8384,-84,50,39
38599,IMU,1027,1232,-328,8376,-103,56,35
38618,IMU,1028,1252,-232,8444,-99,57,32
38637,IMU,1029,1176,-280,8356,-103,37,38
38660,IMU,1030,1048,-224,8480,-89,63,47
38677,IMU,1031,1184,-352,8460,-93,48,49
38695,IMU,1032,1220,-256,8404,-92,67,37
38714,IMU,1033,1108,-236,8408,-80,41,32
38733,IMU,1034,1124,-228,8440,-89,55,48
38754,IMU,1035,1172,-136,8384,-77,55,54
38771,IMU,1036,1156,-180,8392,-76,68,42
38791,IMU,1037,1132,-164,8408,-81,60,38
38810,IMU,1038,1148,-264,8468,-102,55,52
38829,IMU,1039,1216,-376,8412,-79,62,51
36610,ECG,2048,-1,0,0,0,0,0
36615,ECG,2049,-1,0,0,0,0,0
36620,ECG,2050,-2,0,0,0,0,0
36625,ECG,2051,-2,0,0,0,0,0
36630,ECG,2052,-1,0,0,0,0,0
36635,ECG,2053,-4,0,0,0,0,0
36640,ECG,2054,-7,0,0,0,0,0
36640,ECG,2055,-6,0,0,0,0,0
36645,ECG,2056,1,0,0,0,0,0
36650,ECG,2057,20,0,0,0,0,0
36655,ECG,2058,30,0,0,0,0,0
36656,ECG,2059,43,0,0,0,0,0
36660,ECG,2060,36,0,0,0,0,0
36665,ECG,2061,36,0,0,0,0,0
36670,ECG,2062,35,0,0,0,0,0
36675,ECG,2063,27,0,0,0,0,0
36675,ECG,2064,46,0,0,0,0,0
36680,ECG,2065,11,0,0,0,0,0
36685,ECG,2066,58,0,0,0,0,0
36690,ECG,2067,-16,0,0,0,0,0
36695,ECG,2068,1060,0,0,0,0,0
36700,ECG,2069,-440,0,0,0,0,0
36705,ECG,2070,-2276,0,0,0,0,0
36710,ECG,2071,-871,0,0,0,0,0
36710,ECG,2072,6363,0,0,0,0,0
36715,ECG,2073,18074,0,0,0,0,0
36720,ECG,2074,28695,0,0,0,0,0
36725,ECG,2075,31909,0,0,0,0,0
36730,ECG,2076,31510,0,0,0,0,0
36730,ECG,2077,30797,0,0,0,0,0
36735,ECG,2078,29584,0,0,0,0,0
36740,ECG,2079,30019,0,0,0,0,0
36745,ECG,2080,29901,0,0,0,0,0
36750,ECG,2081,29144,0,0,0,0,0
36755,ECG,2082,28748,0,0,0,0,0
36760,ECG,2083,28414,0,0,0,0,0
36765,ECG,2084,28040,0,0,0,0,0
36765,ECG,2085,27699,0,0,0,0,0
36770,ECG,2086,27344,0,0,0,0,0
36775,ECG,2087,27006,0,0,0,0,0
36780,ECG,2088,26680,0,0,0,0,0
36785,ECG,2089,26049,0,0,0,0,0
36790,ECG,2090,25726,0,0,0,0,0
36795,ECG,2091,25406,0,0,0,0,0
36800,ECG,2092,25084,0,0,0,0,0
36800,ECG,2093,24769,0,0,0,0,0
36805,ECG,2094,24461,0,0,0,0,0
36810,ECG,2095,24154,0,0,0,0,0
36815,ECG,2096,23852,0,0,0,0,0
36820,ECG,2097,23259,0,0,0,0,0
36825,ECG,2098,22968,0,0,0,0,0
36830,ECG,2099,22680,0,0,0,0,0
36835,ECG,2100,22396,0,0,0,0,0
36835,ECG,2101,22116,0,0,0,0,0
36840,ECG,2102,21839,0,0,0,0,0
36845,ECG,2103,21566,0,0,0,0,0
36850,ECG,2104,21296,0,0,0,0,0
36855,ECG,2105,20766,0,0,0,0,0
36860,ECG,2106,20506,0,0,0,0,0
36865,ECG,2107,20249,0,0,0,0,0
36870,ECG,2108,19995,0,0,0,0,0
36870,ECG,2109,19746,0,0,0,0,0
36875,ECG,2110,19498,0,0,0,0,0
36880,ECG,2111,19254,0,0,0,0,0
36885,ECG,2112,19012,0,0,0,0,0
36890,ECG,2113,18775,0,0,0,0,0
36890,ECG,2114,18539,0,0,0,0,0
36895,ECG,2115,18297,0,0,0,0,0
36900,ECG,2116,18084,0,0,0,0,0
36905,ECG,2117,17878,0,0,0,0,0
36910,ECG,2118,17356,0,0,0,0,0
36915,ECG,2119,17068,0,0,0,0,0
36920,ECG,2120,16832,0,0,0,0,0
36925,ECG,2121,16670,0,0,0,0,0
36925,ECG,2122,16534,0,0,0,0,0
36930,ECG,2123,16369,0,0,0,0,0
36935,ECG,2124,16165,0,0,0,0,0
36940,ECG,2125,15936,0,0,0,0,0
36941,ECG,2126,15733,0,0,0,0,0
36945,ECG,2127,15545,0,0,0,0,0
36950,ECG,2128,15349,0,0,0,0,0
36955,ECG,2129,15157,0,0,0,0,0
36960,ECG,2130,14967,0,0,0,0,0
36960,ECG,2131,14780,0,0,0,0,0
36965,ECG,2132,14595,0,0,0,0,0
36970,ECG,2133,14411,0,0,0,0,0
36975,ECG,2134,14231,0,0,0,0,0
36980,ECG,2135,13877,0,0,0,0,0
36985,ECG,2136,13702,0,0,0,0,0
36990,ECG,2137,13531,0,0,0,0,0
36995,ECG,2138,13361,0,0,0,0,0
36995,ECG,2139,13194,0,0,0,0,0
37000,ECG,2140,13029,0,0,0,0,0
37005,ECG,2141,12865,0,0,0,0,0
37010,ECG,2142,12704,0,0,0,0,0
37015,ECG,2143,12545,0,0,0,0,0
37015,ECG,2144,12388,0,0,0,0,0
37020,ECG,2145,12232,0,0,0,0,0
37025,ECG,2146,12079,0,0,0,0,0
37030,ECG,2147,11927,0,0,0,0,0
37035,ECG,2148,11630,0,0,0,0,0
37040,ECG,2149,11484,0,0,0,0,0
37045,ECG,2150,11340,0,0,0,0,0
37050,ECG,2151,11198,0,0,0,0,0
37050,ECG,2152,11057,0,0,0,0,0
37055,ECG,2153,10919,0,0,0,0,0
37060,ECG,2154,10782,0,0,0,0,0
37065,ECG,2155,10646,0,0,0,0,0
37070,ECG,2156,10381,0,0,0,0,0
37075,ECG,2157,10251,0,0,0,0,0
37080,ECG,2158,10122,0,0,0,0,0
37085,ECG,2159,9995,0,0,0,0,0
37085,ECG,2160,9869,0,0,0,0,0
37090,ECG,2161,9745,0,0,0,0,0
37095,ECG,2162,9623,0,0,0,0,0
37100,ECG,2163,9502,0,0,0,0,0
37105,ECG,2164,9265,0,0,0,0,0
37110,ECG,2165,9149,0,0,0,0,0
37115,ECG,2166,9034,0,0,0,0,0
37120,ECG,2167,8921,0,0,0,0,0
37120,ECG,2168,8809,0,0,0,0,0
37125,ECG,2169,8698,0,0,0,0,0
37130,ECG,2170,8589,0,0,0,0,0
37135,ECG,2171,8481,0,0,0,0,0
37140,ECG,2172,8269,0,0,0,0,0
37145,ECG,2173,8165,0,0,0,0,0
37150,ECG,2174,8062,0,0,0,0,0
37155,ECG,2175,7961,0,0,0,0,0
37155,ECG,2176,7861,0,0,0,0,0
37160,ECG,2177,7762,0,0,0,0,0
37165,ECG,2178,7665,0,0,0,0,0
37170,ECG,2179,7569,0,0,0,0,0
37175,ECG,2180,7473,0,0,0,0,0
37175,ECG,2181,7379,0,0,0,0,0
37180,ECG,2182,7287,0,0,0,0,0
37185,ECG,2183,7195,0,0,0,0,0
37190,ECG,2184,7104,0,0,0,0,0
37195,ECG,2185,6927,0,0,0,0,0
37200,ECG,2186,6840,0,0,0,0,0
37205,ECG,2187,6754,0,0,0,0,0
37210,ECG,2188,6669,0,0,0,0,0
37210,ECG,2189,6585,0,0,0,0,0
37215,ECG,2190,6502,0,0,0,0,0
37220,ECG,2191,6420,0,0,0,0,0
37225,ECG,2192,6339,0,0,0,0,0
37226,ECG,2193,6259,0,0,0,0,0
37230,ECG,2194,6181,0,0,0,0,0
37235,ECG,2195,6103,0,0,0,0,0
37240,ECG,2196,6026,0,0,0,0,0
37245,ECG,2197,5950,0,0,0,0,0
37245,ECG,2198,5875,0,0,0,0,0
37250,ECG,2199,5801,0,0,0,0,0
37255,ECG,2200,5728,0,0,0,0,0
37260,ECG,2201,5655,0,0,0,0,0
37265,ECG,2202,5514,0,0,0,0,0
37270,ECG,2203,5445,0,0,0,0,0
37275,ECG,2204,5374,0,0,0,0,0
37280,ECG,2205,5307,0,0,0,0,0
37280,ECG,2206,5248,0,0,0,0,0
37285,ECG,2207,5179,0,0,0,0,0
37290,ECG,2208,5104,0,0,0,0,0
37295,ECG,2209,5010,0,0,0,0,0
37300,ECG,2210,4940,0,0,0,0,0
37300,ECG,2211,4914,0,0,0,0,0
37305,ECG,2212,4867,0,0,0,0,0
37310,ECG,2213,4768,0,0,0,0,0
37315,ECG,2214,4631,0,0,0,0,0
37320,ECG,2215,4484,0,0,0,0,0
37325,ECG,2216,4511,0,0,0,0,0
37330,ECG,2217,4518,0,0,0,0,0
37335,ECG,2218,4480,0,0,0,0,0
37335,ECG,2219,4397,0,0,0,0,0
37340,ECG,2220,4325,0,0,0,0,0
37345,ECG,2221,4282,0,0,0,0,0
37350,ECG,2222,4229,0,0,0,0,0
37355,ECG,2223,4114,0,0,0,0,0
37360,ECG,2224,4082,0,0,0,0,0
37365,ECG,2225,4042,0,0,0,0,0
37370,ECG,2226,3966,0,0,0,0,0
37370,ECG,2227,3856,0,0,0,0,0
37375,ECG,2228,3745,0,0,0,0,0
37380,ECG,2229,3713,0,0,0,0,0
37385,ECG,2230,3728,0,0,0,0,0
37386,ECG,2231,3716,0,0,0,0,0
37390,ECG,2232,3645,0,0,0,0,0
37395,ECG,2233,3539,0,0,0,0,0
37400,ECG,2234,3469,0,0,0,0,0
37405,ECG,2235,3477,0,0,0,0,0
37405,ECG,2236,3495,0,0,0,0,0
37410,ECG,2237,3477,0,0,0,0,0
37415,ECG,2238,3427,0,0,0,0,0
37420,ECG,2239,3362,0,0,0,0,0
37425,ECG,2240,3286,0,0,0,0,0
37430,ECG,2241,3242,0,0,0,0,0
37435,ECG,2242,3203,0,0,0,0,0
37440,ECG,2243,3161,0,0,0,0,0
37440,ECG,2244,3122,0,0,0,0,0
37445,ECG,2245,3082,0,0,0,0,0
37450,ECG,2246,3043,0,0,0,0,0
37455,ECG,2247,3004,0,0,0,0,0
37460,ECG,2248,2966,0,0,0,0,0
37460,ECG,2249,2928,0,0,0,0,0
37465,ECG,2250,2891,0,0,0,0,0
37470,ECG,2251,2855,0,0,0,0,0
37475,ECG,2252,2812,0,0,0,0,0
37480,ECG,2253,2762,0,0,0,0,0
37485,ECG,2254,2723,0,0,0,0,0
37490,ECG,2255,2660,0,0,0,0,0
37495,ECG,2256,2580,0,0,0,0,0
37495,ECG,2257,2520,0,0,0,0,0
37500,ECG,2258,2513,0,0,0,0,0
37505,ECG,2259,2528,0,0,0,0,0
37510,ECG,2260,2520,0,0,0,0,0
37511,ECG,2261,2475,0,0,0,0,0
37515,ECG,2262,2409,0,0,0,0,0
37520,ECG,2263,2375,0,0,0,0,0
37525,ECG,2264,2373,0,0,0,0,0
37530,ECG,2265,2357,0,0,0,0,0
37530,ECG,2266,2323,0,0,0,0,0
37535,ECG,2267,2276,0,0,0,0,0
37540,ECG,2268,2238,0,0,0,0,0
37545,ECG,2269,2224,0,0,0,0,0
37550,ECG,2270,2189,0,0,0,0,0
37555,ECG,2271,2156,0,0,0,0,0
37560,ECG,2272,2136,0,0,0,0,0
37565,ECG,2273,2114,0,0,0,0,0
37565,ECG,2274,2074,0,0,0,0,0
37570,ECG,2275,2013,0,0,0,0,0
37575,ECG,2276,1955,0,0,0,0,0
37580,ECG,2277,1939,0,0,0,0,0
37585,ECG,2278,1952,0,0,0,0,0
37585,ECG,2279,1947,0,0,0,0,0
37590,ECG,2280,1908,0,0,0,0,0
37595,ECG,2281,1846,0,0,0,0,0
37600,ECG,2282,1804,0,0,0,0,0
37600,ECG,2283,1809,0,0,0,0,0
37605,ECG,2284,1822,0,0,0,0,0
37610,ECG,2285,1817,0,0,0,0,0
37615,ECG,2286,1792,0,0,0,0,0
37620,ECG,2287,1755,0,0,0,0,0
37620,ECG,2288,1734,0,0,0,0,0
37625,ECG,2289,1715,0,0,0,0,0
37630,ECG,2290,1694,0,0,0,0,0
37635,ECG,2291,1665,0,0,0,0,0
37640,ECG,2292,1645,0,0,0,0,0
37645,ECG,2293,1623,0,0,0,0,0
37650,ECG,2294,1570,0,0,0,0,0
37655,ECG,2295,1488,0,0,0,0,0
37655,ECG,2296,1429,0,0,0,0,0
37660,ECG,2297,1445,0,0,0,0,0
37665,ECG,2298,1484,0,0,0,0,0
37670,ECG,2299,1485,0,0,0,0,0
37671,ECG,2300,1435,0,0,0,0,0
38677,ECG,2301,0,0,0,0,0,0
38677,ECG,2302,-1,0,0,0,0,0
38682,ECG,2303,-1,0,0,0,0,0
38687,ECG,2304,-1,0,0,0,0,0
38692,ECG,2305,-2,0,0,0,0,0
38697,ECG,2306,-2,0,0,0,0,0
38702,ECG,2307,-1,0,0,0,0,0
38707,ECG,2308,-4,0,0,0,0,0
38712,ECG,2309,-7,0,0,0,0,0
38712,ECG,2310,-6,0,0,0,0,0
38717,ECG,2311,1,0,0,0,0,0
38722,ECG,2312,20,0,0,0,0,0
38727,ECG,2313,30,0,0,0,0,0
38728,ECG,2314,43,0,0,0,0,0
38732,ECG,2315,36,0,0,0,0,0
38737,ECG,2316,36,0,0,0,0,0
38742,ECG,2317,35,0,0,0,0,0
38747,ECG,2318,27,0,0,0,0,0
38747,ECG,2319,46,0,0,0,0,0
38752,ECG,2320,11,0,0,0,0,0
38757,ECG,2321,59,0,0,0,0,0
38762,ECG,2322,-18,0,0,0,0,0
38767,ECG,2323,1070,0,0,0,0,0
38772,ECG,2324,-468,0,0,0,0,0
38777,ECG,2325,-2307,0,0,0,0,0
38782,ECG,2326,-846,0,0,0,0,0
38782,ECG,2327,6485,0,0,0,0,0
38787,ECG,2328,18270,0,0,0,0,0
38792,ECG,2329,28867,0,0,0,0,0
38797,ECG,2330,31903,0,0,0,0,0
38802,ECG,2331,31504,0,0,0,0,0
38802,ECG,2332,30754,0,0,0,0,0
38807,ECG,2333,29568,0,0,0,0,0
38812,ECG,2334,30030,0,0,0,0,0
38817,ECG,2335,29899,0,0,0,0,0
38822,ECG,2336,29140,0,0,0,0,0
38827,ECG,2337,28742,0,0,0,0,0
38832,ECG,2338,28409,0,0,0,0,0
38837,ECG,2339,28035,0,0,0,0,0
38837,ECG,2340,27695,0,0,0,0,0
38842,ECG,2341,27339,0,0,0,0,0
38847,ECG,2342,27002,0,0,0,0,0
38852,ECG,2343,26676,0,0,0,0,0
38857,ECG,2344,26044,0,0,0,0,0
38862,ECG,2345,25722,0,0,0,0,0
38867,ECG,2346,25401,0,0,0,0,0
38872,ECG,2347,25079,0,0,0,0,0
38872,ECG,2348,24765,0,0,0,0,0
38877,ECG,2349,24457,0,0,0,0,0
38882,ECG,2350,24151,0,0,0,0,0
38887,ECG,2351,23848,0,0,0,0,0
38892,ECG,2352,23255,0,0,0,0,0
38897,ECG,2353,22964,0,0,0,0,0
38902,ECG,2354,22677,0,0,0,0,0
38907,ECG,2355,22393,0,0,0,0,0
38907,ECG,2356,22113,0,0,0,0,0
38912,ECG,2357,21836,0,0,0,0,0
38917,ECG,2358,21563,0,0,0,0,0
38922,ECG,2359,21293,0,0,0,0,0
38927,ECG,2360,20763,0,0,0,0,0
38932,ECG,2361,20503,0,0,0,0,0
38937,ECG,2362,20246,0,0,0,0,0
38942,ECG,2363,19993,0,0,0,0,0
38942,ECG,2364,19742,0,0,0,0,0
38947,ECG,2365,19495,0,0,0,0,0
38952,ECG,2366,19251,0,0,0,0,0
38957,ECG,2367,19010,0,0,0,0,0
38962,ECG,2368,18772,0,0,0,0,0
38962,ECG,2369,18537,0,0,0,0,0
38967,ECG,2370,18305,0,0,0,0,0
38972,ECG,2371,18076,0,0,0,0,0
38977,ECG,2372,17849,0,0,0,0,0
38982,ECG,2373,17405,0,0,0,0,0
38987,ECG,2374,17187,0,0,0,0,0
38992,ECG,2375,16972,0,0,0,0,0
38997,ECG,2376,16759,0,0,0,0,0
38997,ECG,2377,16549,0,0,0,0,0
39002,ECG,2378,16342,0,0,0,0,0
39007,ECG,2379,16137,0,0,0,0,0
39012,ECG,2380,15935,0,0,0,0,0
39013,ECG,2381,15735,0,0,0,0,0
39017,ECG,2382,15538,0,0,0,0,0
39022,ECG,2383,15343,0,0,0,0,0
39027,ECG,2384,15151,0,0,0,0,0
39032,ECG,2385,14961,0,0,0,0,0
39032,ECG,2386,14774,0,0,0,0,0
39037,ECG,2387,14588,0,0,0,0,0
39042,ECG,2388,14406,0,0,0,0,0
39047,ECG,2389,14225,0,0,0,0,0
39052,ECG,2390,13871,0,0,0,0,0
39057,ECG,2391,13697,0,0,0,0,0
39062,ECG,2392,13525,0,0,0,0,0
39067,ECG,2393,13356,0,0,0,0,0
39067,ECG,2394,13188,0,0,0,0,0
39072,ECG,2395,13023,0,0,0,0,0
39077,ECG,2396,12860,0,0,0,0,0
39082,ECG,2397,12699,0,0,0,0,0
39087,ECG,2398,12539,0,0,0,0,0
39087,ECG,2399,12382,0,0,0,0,0
39092,ECG,2400,12227,0,0,0,0,0
39097,ECG,2401,12074,0,0,0,0,0
39102,ECG,2402,11922,0,0,0,0,0
39107,ECG,2403,11625,0,0,0,0,0
39112,ECG,2404,11479,0,0,0,0,0
39117,ECG,2405,11335,0,0,0,0,0
39122,ECG,2406,11193,0,0,0,0,0
39122,ECG,2407,11052,0,0,0,0,0
39127,ECG,2408,10914,0,0,0,0,0
39132,ECG,2409,10777,0,0,0,0,0
39137,ECG,2410,10641,0,0,0,0,0
39142,ECG,2411,10376,0,0,0,0,0
39147,ECG,2412,10246,0,0,0,0,0
39152,ECG,2413,10117,0,0,0,0,0
39157,ECG,2414,9990,0,0,0,0,0
39157,ECG,2415,9865,0,0,0,0,0
39162,ECG,2416,9741,0,0,0,0,0
39167,ECG,2417,9619,0,0,0,0,0
39172,ECG,2418,9498,0,0,0,0,0
39177,ECG,2419,9261,0,0,0,0,0
39182,ECG,2420,9145,0,0,0,0,0
39187,ECG,2421,9030,0,0,0,0,0
39192,ECG,2422,8917,0,0,0,0,0
39192,ECG,2423,8805,0,0,0,0,0
39197,ECG,2424,8694,0,0,0,0,0
39202,ECG,2425,8585,0,0,0,0,0
39207,ECG,2426,8477,0,0,0,0,0
39212,ECG,2427,8265,0,0,0,0,0
39217,ECG,2428,8162,0,0,0,0,0
39222,ECG,2429,8059,0,0,0,0,0
39227,ECG,2430,7958,0,0,0,0,0
39227,ECG,2431,7858,0,0,0,0,0
39232,ECG,2432,7759,0,0,0,0,0
39237,ECG,2433,7661,0,0,0,0,0
39242,ECG,2434,7565,0,0,0,0,0
39247,ECG,2435,7470,0,0,0,0,0
39247,ECG,2436,7376,0,0,0,0,0
39252,ECG,2437,7283,0,0,0,0,0
39257,ECG,2438,7192,0,0,0,0,0
39262,ECG,2439,7101,0,0,0,0,0
39267,ECG,2440,6924,0,0,0,0,0
39272,ECG,2441,6837,0,0,0,0,0
39277,ECG,2442,6751,0,0,0,0,0
39282,ECG,2443,6666,0,0,0,0,0
39282,ECG,2444,6580,0,0,0,0,0
39287,ECG,2445,6498,0,0,0,0,0
39292,ECG,2446,6422,0,0,0,0,0
39297,ECG,2447,6340,0,0,0,0,0
39298,ECG,2448,6253,0,0,0,0,0
39302,ECG,2449,6161,0,0,0,0,0
39307,ECG,2450,6075,0,0,0,0,0
39312,ECG,2451,6004,0,0,0,0,0
39317,ECG,2452,5940,0,0,0,0,0
39317,ECG,2453,5876,0,0,0,0,0
39322,ECG,2454,5804,0,0,0,0,0
39327,ECG,2455,5727,0,0,0,0,0
39332,ECG,2456,5652,0,0,0,0,0
39337,ECG,2457,5513,0,0,0,0,0
39342,ECG,2458,5443,0,0,0,0,0
39347,ECG,2459,5375,0,0,0,0,0
39352,ECG,2460,5307,0,0,0,0,0
39352,ECG,2461,5240,0,0,0,0,0
39357,ECG,2462,5174,0,0,0,0,0
39362,ECG,2463,5109,0,0,0,0,0
39367,ECG,2464,5044,0,0,0,0,0
39372,ECG,2465,4981,0,0,0,0,0
39372,ECG,2466,4918,0,0,0,0,0
39377,ECG,2467,4856,0,0,0,0,0
39382,ECG,2468,4795,0,0,0,0,0
39387,ECG,2469,4735,0,0,0,0,0
39392,ECG,2470,4616,0,0,0,0,0
39397,ECG,2471,4558,0,0,0,0,0
39402,ECG,2472,4500,0,0,0,0,0
39407,ECG,2473,4443,0,0,0,0,0
39407,ECG,2474,4387,0,0,0,0,0
39412,ECG,2475,4332,0,0,0,0,0
39417,ECG,2476,4277,0,0,0,0,0
39422,ECG,2477,4223,0,0,0,0,0
39427,ECG,2478,4117,0,0,0,0,0
39432,ECG,2479,4065,0,0,0,0,0
39437,ECG,2480,4014,0,0,0,0,0
39442,ECG,2481,3963,0,0,0,0,0
39442,ECG,2482,3913,0,0,0,0,0
39447,ECG,2483,3863,0,0,0,0,0
39452,ECG,2484,3814,0,0,0,0,0
39457,ECG,2485,3766,0,0,0,0,0
39462,ECG,2486,3671,0,0,0,0,0
39467,ECG,2487,3625,0,0,0,0,0
39472,ECG,2488,3579,0,0,0,0,0
39477,ECG,2489,3534,0,0,0,0,0
39477,ECG,2490,3489,0,0,0,0,0
39482,ECG,2491,3445,0,0,0,0,0
39487,ECG,2492,3401,0,0,0,0,0
39492,ECG,2493,3358,0,0,0,0,0
39497,ECG,2494,3273,0,0,0,0,0
39502,ECG,2495,3232,0,0,0,0,0
39507,ECG,2496,3191,0,0,0,0,0
39512,ECG,2497,3150,0,0,0,0,0
39512,ECG,2498,3110,0,0,0,0,0
39517,ECG,2499,3071,0,0,0,0,0
39522,ECG,2500,3032,0,0,0,0,0
39527,ECG,2501,2993,0,0,0,0,0
39532,ECG,2502,2955,0,0,0,0,0
39532,ECG,2503,2918,0,0,0,0,0
39537,ECG,2504,2881,0,0,0,0,0
39542,ECG,2505,2844,0,0,0,0,0
39547,ECG,2506,2808,0,0,0,0,0
39552,ECG,2507,2737,0,0,0,0,0
39557,ECG,2508,2702,0,0,0,0,0
39562,ECG,2509,2668,0,0,0,0,0
39567,ECG,2510,2634,0,0,0,0,0
39567,ECG,2511,2600,0,0,0,0,0
39572,ECG,2512,2567,0,0,0,0,0
39577,ECG,2513,2535,0,0,0,0,0
39582,ECG,2514,2500,0,0,0,0,0
39583,ECG,2515,2468,0,0,0,0,0
39587,ECG,2516,2445,0,0,0,0,0
39592,ECG,2517,2415,0,0,0,0,0
39597,ECG,2518,2374,0,0,0,0,0
39602,ECG,2519,2323,0,0,0,0,0
39602,ECG,2520,2275,0,0,0,0,0
39607,ECG,2521,2247,0,0,0,0,0
39612,ECG,2522,2238,0,0,0,0,0
39617,ECG,2523,2230,0,0,0,0,0
39622,ECG,2524,2178,0,0,0,0,0
39627,ECG,2525,2143,0,0,0,0,0
39632,ECG,2526,2117,0,0,0,0,0
39637,ECG,2527,2092,0,0,0,0,0
39637,ECG,2528,2065,0,0,0,0,0
39642,ECG,2529,2039,0,0,0,0,0
39647,ECG,2530,2013,0,0,0,0,0
39652,ECG,2531,1986,0,0,0,0,0
39657,ECG,2532,1961,0,0,0,0,0
39657,ECG,2533,1936,0,0,0,0,0
39662,ECG,2534,1911,0,0,0,0,0
39667,ECG,2535,1887,0,0,0,0,0
39672,ECG,2536,1863,0,0,0,0,0
39677,ECG,2537,1815,0,0,0,0,0
39682,ECG,2538,1792,0,0,0,0,0
39687,ECG,2539,1769,0,0,0,0,0
39692,ECG,2540,1747,0,0,0,0,0
39692,ECG,2541,1723,0,0,0,0,0
39697,ECG,2542,1703,0,0,0,0,0
39702,ECG,2543,1675,0,0,0,0,0
39707,ECG,2544,1651,0,0,0,0,0
39712,ECG,2545,1637,0,0,0,0,0
39717,ECG,2546,1584,0,0,0,0,0
39722,ECG,2547,1501,0,0,0,0,0
39727,ECG,2548,1429,0,0,0,0,0
39727,ECG,2549,1418,0,0,0,0,0
39732,ECG,2550,1459,0,0,0,0,0
39737,ECG,2551,1498,0,0,0,0,0
39742,ECG,2552,1504,0,0,0,0,0
39747,ECG,2553,1432,0,0,0,0,0
40754,ECG,2554,0,0,0,0,0,0
40754,ECG,2555,-1,0,0,0,0,0
40759,ECG,2556,-1,0,0,0,0,0
40764,ECG,2557,-1,0,0,0,0,0
40769,ECG,2558,-2,0,0,0,0,0
40774,ECG,2559,-2,0,0,0,0,0
34854,PPG,200,128730,60408,0,0,0,0
34934,PPG,201,128727,60414,0,0,0,0
35017,PPG,202,128713,60411,0,0,0,0
35095,PPG,203,128730,60413,0,0,0,0
35172,PPG,204,128726,60417,0,0,0,0
35249,PPG,205,128738,60417,0,0,0,0
35329,PPG,206,128730,60407,0,0,0,0
35409,PPG,207,128727,60413,0,0,0,0
35488,PPG,208,128716,60415,0,0,0,0
35567,PPG,209,128726,60403,0,0,0,0
35650,PPG,210,128715,60400,0,0,0,0
35727,PPG,211,128724,60411,0,0,0,0
35806,PPG,212,128725,60406,0,0,0,0
35885,PPG,213,128721,60415,0,0,0,0
35965,PPG,214,128739,60410,0,0,0,0
36045,PPG,215,128726,60411,0,0,0,0
36128,PPG,216,128720,60406,0,0,0,0
36206,PPG,217,128716,60403,0,0,0,0
36283,PPG,218,128725,60403,0,0,0,0
36363,PPG,219,128716,60413,0,0,0,0
36442,PPG,220,128721,60415,0,0,0,0
36522,PPG,221,128723,60407,0,0,0,0
36601,PPG,222,128731,60398,0,0,0,0
36686,PPG,223,128717,60405,0,0,0,0
36766,PPG,224,128723,60403,0,0,0,0
36840,PPG,225,128719,60400,0,0,0,0
36920,PPG,226,128732,60412,0,0,0,0
36999,PPG,227,128723,60411,0,0,0,0
37079,PPG,228,128723,60407,0,0,0,0
37158,PPG,229,128723,60409,0,0,0,0
37242,PPG,230,128722,60413,0,0,0,0
37318,PPG,231,128713,60420,0,0,0,0
37397,PPG,232,128725,60412,0,0,0,0
37477,PPG,233,128716,60405,0,0,0,0
37556,PPG,234,128715,60398,0,0,0,0
37636,PPG,235,128717,60405,0,0,0,0
37719,PPG,236,128710,60413,0,0,0,0
37796,PPG,237,128716,60398,0,0,0,0
37874,PPG,238,128708,60399,0,0,0,0
37954,PPG,239,128716,60403,0,0,0,0
38033,PPG,240,128725,60405,0,0,0,0
38113,PPG,241,128724,60407,0,0,0,0
38197,PPG,242,128722,60400,0,0,0,0
38275,PPG,243,128713,60400,0,0,0,0
38352,PPG,244,128734,60399,0,0,0,0
38431,PPG,245,128728,60407,0,0,0,0
38511,PPG,246,128705,60396,0,0,0,0
38590,PPG,247,128720,60407,0,0,0,0
38672,PPG,248,128722,60402,0,0,0,0
38754,PPG,249,128723,60410,0,0,0,0
38833,PPG,250,128718,60397,0,0,0,0
38913,PPG,251,128714,60419,0,0,0,0
38988,PPG,252,128718,60404,0,0,0,0
39068,PPG,253,128726,60405,0,0,0,0
39159,PPG,254,128725,60405,0,0,0,0
39227,PPG,255,128720,60407,0,0,0,0
39310,PPG,256,128723,60406,0,0,0,0
39387,PPG,257,128708,60406,0,0,0,0
39465,PPG,258,128718,60405,0,0,0,0
39545,PPG,259,128712,60417,0,0,0,0
39628,PPG,260,128720,60394,0,0,0,0
39705,PPG,261,128727,60401,0,0,0,0
39787,PPG,262,128714,60414,0,0,0,0
39866,PPG,263,128719,60400,0,0,0,0
39943,PPG,264,128709,60400,0,0,0,0
40022,PPG,265,128724,60398,0,0,0,0
40115,PPG,266,128713,60400,0,0,0,0
40181,PPG,267,128727,60404,0,0,0,0
40261,PPG,268,128724,60406,0,0,0,0
40344,PPG,269,128724,60414,0,0,0,0
40421,PPG,270,128727,60400,0,0,0,0
40500,PPG,271,128722,60394,0,0,0,0
40593,PPG,272,128721,60409,0,0,0,0
40659,PPG,273,128715,60408,0,0,0,0
40738,PPG,274,128729,60408,0,0,0,0
40823,PPG,275,128725,60404,0,0,0,0
40902,PPG,276,128716,60412,0,0,0,0
40980,PPG,277,128717,60409,0,0,0,0
41081,PPG,278,128728,60415,0,0,0,0
41137,PPG,279,128715,60403,0,0,0,0
41216,PPG,280,128718,60409,0,0,0,0
41296,PPG,281,128719,60414,0,0,0,0
41380,PPG,282,128723,60408,0,0,0,0
41456,PPG,283,128715,60400,0,0,0,0
41534,PPG,284,128726,60406,0,0,0,0
41613,PPG,285,128721,60412,0,0,0,0
41693,PPG,286,128716,60409,0,0,0,0
41773,PPG,287,128716,60407,0,0,0,0
41852,PPG,288,128720,60409,0,0,0,0
41935,PPG,289,128727,60404,0,0,0,0
42011,PPG,290,128723,60403,0,0,0,0
42091,PPG,291,128712,60399,0,0,0,0
42170,PPG,292,128713,60406,0,0,0,0
42250,PPG,293,128708,60403,0,0,0,0
42329,PPG,294,128720,60400,0,0,0,0
42413,PPG,295,128716,60398,0,0,0,0
42490,PPG,296,128706,60403,0,0,0,0
42568,PPG,297,128709,60396,0,0,0,0
42648,PPG,298,128711,60396,0,0,0,0
42727,PPG,299,128726,60412,0,0,0,0
38848,IMU,1040,1116,-304,8464,-77,58,35
38868,IMU,1041,1160,-244,8424,-79,66,50
38886,IMU,1042,1108,-236,8444,-88,72,47
38906,IMU,1043,1120,-260,8460,-125,63,42
38925,IMU,1044,1152,-324,8372,-91,73,37
38944,IMU,1045,1204,-324,8400,-104,47,46
38963,IMU,1046,1180,-292,8404,-77,81,47
38983,IMU,1047,1124,-208,8360,-103,66,50
39001,IMU,1048,1240,-224,8424,-94,54,44
39021,IMU,1049,1156,-264,8436,-105,57,34
39040,IMU,1050,1108,-224,8340,-83,68,31
39059,IMU,1051,1104,-216,8492,-94,72,36
39078,IMU,1052,1172,-256,8388,-98,64,39
39097,IMU,1053,1124,-312,8372,-88,61,44
39116,IMU,1054,1152,-260,8424,-83,74,37
39139,IMU,1055,1204,-228,8444,-83,57,49
39159,IMU,1056,1204,-220,8368,-110,55,38
39174,IMU,1057,1056,-340,8400,-82,54,50
39193,IMU,1058,1216,-332,8448,-89,62,33
39212,IMU,1059,1212,-332,8412,-84,64,36
39231,IMU,1060,1176,-288,8416,-102,58,45
39251,IMU,1061,1096,-188,8464,-89,57,34
39270,IMU,1062,1160,-364,8464,-77,57,42
39289,IMU,1063,1164,-292,8360,-95,57,31
39310,IMU,1064,1056,-184,8372,-72,80,37
39327,IMU,1065,1232,-220,8580,-109,61,32
39346,IMU,1066,1116,-216,8348,-79,69,54
39366,IMU,1067,1248,-312,8404,-81,59,34
39385,IMU,1068,1172,-248,8380,-99,61,39
39404,IMU,1069,1124,-172,8400,-117,69,39
39423,IMU,1070,1144,-304,8416,-105,71,48
39442,IMU,1071,1152,-276,8464,-79,46,38
39461,IMU,1072,1156,-376,8436,-94,62,48
39481,IMU,1073,1176,-252,8392,-88,59,51
39500,IMU,1074,1152,-252,8356,-83,69,41
39519,IMU,1075,1260,-256,8432,-73,48,39
39538,IMU,1076,1228,-248,8396,-83,75,36
39557,IMU,1077,1196,-268,8380,-90,47,47
39576,IMU,1078,1200,-220,8440,-99,56,39
39596,IMU,1079,1184,-312,8452,-95,77,45
39618,IMU,1080,1088,-264,8400,-86,57,35
39636,IMU,1081,1220,-296,8376,-84,50,45
39653,IMU,1082,1116,-328,8488,-105,49,55
39672,IMU,1083,1100,-264,8336,-76,51,44
39691,IMU,1084,1096,-360,8404,-85,62,41
39710,IMU,1085,1156,-284,8468,-99,58,44
39730,IMU,1086,1072,-260,8476,-88,76,48
39749,IMU,1087,1104,-360,8404,-75,59,53
39768,IMU,1088,1116,-264,8472,-99,55,38
39787,IMU,1089,1084,-292,8356,-98,65,37
39806,IMU,1090,1140,-260,8412,-93,59,25
39825,IMU,1091,1220,-308,8480,-71,56,47
39844,IMU,1092,1076,-176,8464,-87,56,27
39863,IMU,1093,1224,-292,8432,-82,50,42
39883,IMU,1094,1276,-268,8460,-98,64,35
39902,IMU,1095,1108,-184,8408,-97,65,39
39921,IMU,1096,1112,-220,8280,-102,71,41
39940,IMU,1097,1188,-204,8464,-97,63,44
39959,IMU,1098,1140,-328,8460,-86,61,47
39978,IMU,1099,1132,-220,8332,-92,66,45
39998,IMU,1100,1196,-220,8436,-87,47,34
40017,IMU,1101,1180,-180,8476,-95,68,60
40036,IMU,1102,1184,-272,8436,-81,59,57
40055,IMU,1103,1204,-184,8416,-87,58,40
40074,IMU,1104,1224,-284,8332,-86,58,28
40094,IMU,1105,1188,-268,8380,-97,40,60
40115,IMU,1106,1060,-256,8372,-81,70,19
40132,IMU,1107,1164,-256,8428,-83,56,52
40151,IMU,1108,1108,-284,8416,-97,52,46
40170,IMU,1109,1132,-308,8404,-93,60,47
40189,IMU,1110,1100,-364,8372,-102,61,53
40208,IMU,1111,1148,-232,8516,-88,63,36
40227,IMU,1112,1096,-236,8320,-77,45,51
40247,IMU,1113,1172,-228,8468,-94,57,44
40266,IMU,1114,1184,-284,8508,-82,56,30
40285,IMU,1115,1120,-264,8432,-92,40,37
40304,IMU,1116,1160,-312,8364,-92,61,53
40323,IMU,1117,1136,-252,8440,-81,61,54
40344,IMU,1118,1140,-300,8368,-104,74,37
40362,IMU,1119,1132,-264,8416,-87,56,47
40381,IMU,1120,1116,-292,8384,-106,74,48
40400,IMU,1121,1192,-268,8404,-73,66,56
40419,IMU,1122,1356,-128,8500,-104,81,36
40438,IMU,1123,1272,-252,8384,-90,72,40
40457,IMU,1124,1224,-260,8420,-90,66,40
40477,IMU,1125,1288,-252,8524,-82,55,55
40496,IMU,1126,1132,-284,8392,-51,53,58
40515,IMU,1127,1168,-336,8404,-81,67,43
40534,IMU,1128,1072,-228,8348,-77,49,34
40553,IMU,1129,1112,-184,8356,-82,65,63
40572,IMU,1130,1168,-240,8424,-97,52,46
40593,IMU,1131,1068,-244,8420,-90,48,43
40611,IMU,1132,1104,-184,8408,-82,54,33
40630,IMU,1133,1160,-300,8408,-77,69,31
40649,IMU,1134,1168,-332,8356,-75,62,43
40668,IMU,1135,1200,-248,8364,-96,73,43
40687,IMU,1136,1120,-184,8408,-95,61,44
40706,IMU,1137,1208,-168,8484,-92,51,45
40726,IMU,1138,1012,-124,8524,-96,65,43
40745,IMU,1139,1188,-236,8360,-87,63,42
40764,IMU,1140,1180,-196,8460,-93,60,57
40783,IMU,1141,1084,-140,8424,-79,47,36
40803,IMU,1142,1100,-220,8436,-89,40,39
40822,IMU,1143,1156,-324,8484,-90,69,54
40841,IMU,1144,1208,-292,8348,-98,47,46
40860,IMU,1145,1168,-252,8432,-89,67,50
40879,IMU,1146,1196,-208,8508,-70,56,44
40898,IMU,1147,1148,-376,8432,-86,67,28
40917,IMU,1148,1088,-208,8368,-76,55,35
40937,IMU,1149,1164,-224,8448,-81,59,56
40956,IMU,1150,1188,-276,8436,-99,54,58
40975,IMU,1151,1044,-340,8364,-99,54,34
40994,IMU,1152,1180,-372,8448,-81,74,66
41013,IMU,1153,1148,-284,8524,-80,55,59
41032,IMU,1154,1152,-276,8336,-80,52,37
41052,IMU,1155,1164,-200,8476,-99,55,49
41077,IMU,1156,1172,-260,8440,-83,60,46
41092,IMU,1157,1096,-176,8456,-105,60,41
41109,IMU,1158,1148,-160,8436,-84,66,47
41128,IMU,1159,1180,-280,8348,-92,66,55
41147,IMU,1160,1232,-196,8468,-91,52,48
41167,IMU,1161,1144,-232,8416,-83,55,46
41186,IMU,1162,1116,-236,8420,-94,51,50
41205,IMU,1163,1216,-216,8420,-99,52,49
41224,IMU,1164,1208,-236,8420,-72,63,52
41243,IMU,1165,1168,-208,8404,-95,42,58
41262,IMU,1166,1148,-248,8428,-80,65,50
41282,IMU,1167,1172,-348,8424,-100,57,54
41301,IMU,1168,1116,-296,8412,-85,48,59
41320,IMU,1169,1156,-256,8372,-87,48,34
41339,IMU,1170,1160,-204,8340,-82,59,55
41358,IMU,1171,1116,-256,8408,-95,50,28
41380,IMU,1172,1200,-260,8488,-98,55,49
41397,IMU,1173,1112,-220,8408,-84,64,43
41416,IMU,1174,1224,-232,8464,-86,72,46
41435,IMU,1175,1132,-252,8528,-102,65,25
41454,IMU,1176,1120,-272,8492,-107,67,48
41473,IMU,1177,1144,-264,8420,-90,58,54
41492,IMU,1178,1188,-304,8436,-107,66,59
41512,IMU,1179,1232,-368,8384,-90,59,39
41531,IMU,1180,1096,-160,8408,-86,64,36
41551,IMU,1181,1168,-308,8380,-91,67,30
41569,IMU,1182,1108,-292,8448,-96,61,18
41588,IMU,1183,1140,-292,8472,-110,43,40
41607,IMU,1184,1176,-360,8372,-91,41,52
41627,IMU,1185,1164,-360,8352,-100,67,35
41646,IMU,1186,1196,-296,8316,-78,42,34
41665,IMU,1187,1144,-276,8516,-98,54,40
41684,IMU,1188,1188,-236,8440,-100,53,45
41703,IMU,1189,1240,-248,8392,-89,68,49
41722,IMU,1190,1192,-252,8440,-89,72,34
41742,IMU,1191,1216,-180,8360,-97,53,52
41761,IMU,1192,1160,-296,8372,-89,52,41
41780,IMU,1193,1188,-260,8368,-98,64,52
41798,IMU,1194,1148,-284,8336,-84,57,51
41818,IMU,1195,1156,-256,8376,-90,73,58
41837,IMU,1196,1152,-256,8416,-84,66,33
41856,IMU,1197,1152,-204,8436,-93,58,55
41875,IMU,1198,1156,-232,8372,-86,60,56
41894,IMU,1199,1036,-256,8392,-90,53,38
41913,IMU,1200,1136,-248,8428,-95,66,36
41933,IMU,1201,1152,-240,8376,-92,58,42
41952,IMU,1202,1192,-180,8356,-85,52,42
41971,IMU,1203,1216,-368,8440,-84,68,33
41990,IMU,1204,1224,-236,8448,-79,60,47
42009,IMU,1205,1052,-236,8404,-81,46,47
42029,IMU,1206,1120,-208,8368,-93,42,53
42049,IMU,1207,1072,-288,8396,-77,58,54
42067,IMU,1208,1192,-216,8444,-83,55,37
42086,IMU,1209,1192,-216,8352,-104,63,35
42105,IMU,1210,1180,-300,8412,-83,64,46
42124,IMU,1211,1132,-244,8344,-69,47,47
42143,IMU,1212,1112,-348,8396,-86,55,43
42163,IMU,1213,1116,-264,8332,-111,58,48
42182,IMU,1214,1124,-292,8460,-94,56,44
42201,IMU,1215,1220,-184,8340,-85,71,49
42220,IMU,1216,1176,-252,8440,-76,68,32
42239,IMU,1217,1184,-276,8420,-102,48,36
42258,IMU,1218,1180,-196,8360,-105,49,42
42277,IMU,1219,1136,-288,8460,-93,66,58
42297,IMU,1220,1264,-300,8372,-96,65,34
42316,IMU,1221,1232,-316,8372,-82,65,36
42335,IMU,1222,1136,-152,8348,-112,51,48
42354,IMU,1223,1080,-200,8428,-98,53,30
42373,IMU,1224,1124,-328,8368,-85,58,28
42392,IMU,1225,1092,-172,8412,-92,65,63
42413,IMU,1226,1200,-344,8400,-96,66,50
42431,IMU,1227,1108,-236,8428,-74,51,49
42450,IMU,1228,1096,-248,8436,-102,56,46
42469,IMU,1229,1112,-320,8444,-81,69,26
42488,IMU,1230,1088,-264,8452,-94,60,47
42511,IMU,1231,1144,-284,8388,-68,67,61
42527,IMU,1232,1112,-188,8480,-86,61,51
42546,IMU,1233,1152,-324,8376,-80,62,45
42565,IMU,1234,1236,-188,8420,-90,74,50
42584,IMU,1235,1136,-228,8404,-78,54,37
42603,IMU,1236,1236,-304,8324,-96,61,45
42622,IMU,1237,1116,-292,8336,-83,69,41
42642,IMU,1238,1132,-168,8388,-94,52,52
42661,IMU,1239,1212,-336,8516,-93,42,54
42680,IMU,1240,1204,-284,8456,-79,58,59
42699,IMU,1241,1152,-344,8348,-99,62,41
42718,IMU,1242,1200,-268,8396,-112,58,45
42737,IMU,1243,1288,-308,8432,-100,70,35
42756,IMU,1244,1152,-236,8308,-104,64,46
42776,IMU,1245,1192,-192,8432,-103,64,41
42795,IMU,1246,1124,-244,8448,-96,71,41
42814,IMU,1247,1204,-364,8400,-82,63,39
40779,ECG,2560,-1,0,0,0,0,0
40784,ECG,2561,-4,0,0,0,0,0
40789,ECG,2562,-7,0,0,0,0,0
40789,ECG,2563,-6,0,0,0,0,0
40794,ECG,2564,1,0,0,0,0,0
40799,ECG,2565,20,0,0,0,0,0
40804,ECG,2566,30,0,0,0,0,0
40805,ECG,2567,43,0,0,0,0,0
40809,ECG,2568,36,0,0,0,0,0
40814,ECG,2569,36,0,0,0,0,0
40819,ECG,2570,35,0,0,0,0,0
40824,ECG,2571,26,0,0,0,0,0
40824,ECG,2572,46,0,0,0,0,0
40829,ECG,2573,11,0,0,0,0,0
40834,ECG,2574,58,0,0,0,0,0
40839,ECG,2575,-18,0,0,0,0,0
40844,ECG,2576,1070,0,0,0,0,0
40849,ECG,2577,-457,0,0,0,0,0
40854,ECG,2578,-2304,0,0,0,0,0
40859,ECG,2579,-863,0,0,0,0,0
40859,ECG,2580,6432,0,0,0,0,0
40864,ECG,2581,18208,0,0,0,0,0
40869,ECG,2582,28849,0,0,0,0,0
40874,ECG,2583,31905,0,0,0,0,0
40879,ECG,2584,31506,0,0,0,0,0
40879,ECG,2585,30673,0,0,0,0,0
40884,ECG,2586,29429,0,0,0,0,0
40889,ECG,2587,29938,0,0,0,0,0
40894,ECG,2588,29884,0,0,0,0,0
40899,ECG,2589,29080,0,0,0,0,0
40904,ECG,2590,28597,0,0,0,0,0
40909,ECG,2591,28278,0,0,0,0,0
40914,ECG,2592,27989,0,0,0,0,0
40914,ECG,2593,27694,0,0,0,0,0
40919,ECG,2594,27311,0,0,0,0,0
40924,ECG,2595,26913,0,0,0,0,0
40929,ECG,2596,26585,0,0,0,0,0
40934,ECG,2597,26051,0,0,0,0,0
40939,ECG,2598,25698,0,0,0,0,0
40944,ECG,2599,25326,0,0,0,0,0
40949,ECG,2600,25041,0,0,0,0,0
40949,ECG,2601,24790,0,0,0,0,0
40954,ECG,2602,24457,0,0,0,0,0
40959,ECG,2603,24025,0,0,0,0,0
40964,ECG,2604,23571,0,0,0,0,0
40969,ECG,2605,23177,0,0,0,0,0
40974,ECG,2606,22979,0,0,0,0,0
40979,ECG,2607,22632,0,0,0,0,0
40984,ECG,2608,22175,0,0,0,0,0
40984,ECG,2609,21841,0,0,0,0,0
40989,ECG,2610,21710,0,0,0,0,0
40994,ECG,2611,21566,0,0,0,0,0
40999,ECG,2612,21289,0,0,0,0,0
41004,ECG,2613,20573,0,0,0,0,0
41009,ECG,2614,20418,0,0,0,0,0
41014,ECG,2615,20262,0,0,0,0,0
41019,ECG,2616,19989,0,0,0,0,0
41019,ECG,2617,19627,0,0,0,0,0
41024,ECG,2618,19306,0,0,0,0,0
41029,ECG,2619,19147,0,0,0,0,0
41034,ECG,2620,19021,0,0,0,0,0
41039,ECG,2621,18813,0,0,0,0,0
41039,ECG,2622,18494,0,0,0,0,0
41044,ECG,2623,18193,0,0,0,0,0
41049,ECG,2624,18065,0,0,0,0,0
41054,ECG,2625,17920,0,0,0,0,0
41059,ECG,2626,17153,0,0,0,0,0
41064,ECG,2627,16745,0,0,0,0,0
41069,ECG,2628,16596,0,0,0,0,0
41074,ECG,2629,16625,0,0,0,0,0
41074,ECG,2630,16609,0,0,0,0,0
41079,ECG,2631,16432,0,0,0,0,0
41084,ECG,2632,16130,0,0,0,0,0
41089,ECG,2633,15941,0,0,0,0,0
41090,ECG,2634,15822,0,0,0,0,0
41094,ECG,2635,15581,0,0,0,0,0
41099,ECG,2636,15200,0,0,0,0,0
41104,ECG,2637,14835,0,0,0,0,0
41109,ECG,2638,14695,0,0,0,0,0
41109,ECG,2639,14683,0,0,0,0,0
41114,ECG,2640,14598,0,0,0,0,0
41119,ECG,2641,14330,0,0,0,0,0
41124,ECG,2642,14002,0,0,0,0,0
41129,ECG,2643,13863,0,0,0,0,0
41134,ECG,2644,13740,0,0,0,0,0
41139,ECG,2645,13428,0,0,0,0,0
41144,ECG,2646,13058,0,0,0,0,0
41144,ECG,2647,12875,0,0,0,0,0
41149,ECG,2648,12937,0,0,0,0,0
41154,ECG,2649,12952,0,0,0,0,0
41159,ECG,2650,12814,0,0,0,0,0
41164,ECG,2651,12531,0,0,0,0,0
41164,ECG,2652,12285,0,0,0,0,0
41169,ECG,2653,12204,0,0,0,0,0
41174,ECG,2654,12116,0,0,0,0,0
41179,ECG,2655,11951,0,0,0,0,0
41184,ECG,2656,11519,0,0,0,0,0
41189,ECG,2657,11437,0,0,0,0,0
41194,ECG,2658,11386,0,0,0,0,0
41199,ECG,2659,11262,0,0,0,0,0
41199,ECG,2660,11060,0,0,0,0,0
41204,ECG,2661,10857,0,0,0,0,0
41209,ECG,2662,10746,0,0,0,0,0
41214,ECG,2663,10684,0,0,0,0,0
41219,ECG,2664,10440,0,0,0,0,0
41224,ECG,2665,10292,0,0,0,0,0
41229,ECG,2666,10227,0,0,0,0,0
41234,ECG,2667,10114,0,0,0,0,0
41234,ECG,2668,9875,0,0,0,0,0
41239,ECG,2669,9548,0,0,0,0,0
41244,ECG,2670,9300,0,0,0,0,0
41249,ECG,2671,9277,0,0,0,0,0
41254,ECG,2672,9328,0,0,0,0,0
41259,ECG,2673,9161,0,0,0,0,0
41264,ECG,2674,8905,0,0,0,0,0
41269,ECG,2675,8794,0,0,0,0,0
41269,ECG,2676,8846,0,0,0,0,0
41274,ECG,2677,8806,0,0,0,0,0
41279,ECG,2678,8631,0,0,0,0,0
41284,ECG,2679,8370,0,0,0,0,0
41289,ECG,2680,8160,0,0,0,0,0
41294,ECG,2681,8184,0,0,0,0,0
41299,ECG,2682,8164,0,0,0,0,0
41304,ECG,2683,8061,0,0,0,0,0
41304,ECG,2684,7911,0,0,0,0,0
41309,ECG,2685,7800,0,0,0,0,0
41314,ECG,2686,7735,0,0,0,0,0
41319,ECG,2687,7645,0,0,0,0,0
41324,ECG,2688,7524,0,0,0,0,0
41324,ECG,2689,7476,0,0,0,0,0
41329,ECG,2690,7434,0,0,0,0,0
41334,ECG,2691,7289,0,0,0,0,0
41339,ECG,2692,7016,0,0,0,0,0
41344,ECG,2693,6578,0,0,0,0,0
41349,ECG,2694,6663,0,0,0,0,0
41354,ECG,2695,6772,0,0,0,0,0
41359,ECG,2696,6750,0,0,0,0,0
41359,ECG,2697,6587,0,0,0,0,0
41364,ECG,2698,6404,0,0,0,0,0
41369,ECG,2699,6372,0,0,0,0,0
41374,ECG,2700,6400,0,0,0,0,0
41375,ECG,2701,6368,0,0,0,0,0
41379,ECG,2702,6278,0,0,0,0,0
41384,ECG,2703,6171,0,0,0,0,0
41389,ECG,2704,6125,0,0,0,0,0
41394,ECG,2705,6058,0,0,0,0,0
41394,ECG,2706,5921,0,0,0,0,0
41399,ECG,2707,5754,0,0,0,0,0
41404,ECG,2708,5614,0,0,0,0,0
41409,ECG,2709,5571,0,0,0,0,0
41414,ECG,2710,5602,0,0,0,0,0
41419,ECG,2711,5555,0,0,0,0,0
41424,ECG,2712,5453,0,0,0,0,0
41429,ECG,2713,5386,0,0,0,0,0
41429,ECG,2714,5336,0,0,0,0,0
41434,ECG,2715,5246,0,0,0,0,0
41439,ECG,2716,5103,0,0,0,0,0
41444,ECG,2717,4974,0,0,0,0,0
41449,ECG,2718,4974,0,0,0,0,0
41449,ECG,2719,4985,0,0,0,0,0
41454,ECG,2720,4906,0,0,0,0,0
41459,ECG,2721,4694,0,0,0,0,0
41464,ECG,2722,4471,0,0,0,0,0
41469,ECG,2723,4593,0,0,0,0,0
41474,ECG,2724,4605,0,0,0,0,0
41479,ECG,2725,4437,0,0,0,0,0
41484,ECG,2726,4180,0,0,0,0,0
41484,ECG,2727,4094,0,0,0,0,0
41489,ECG,2728,4260,0,0,0,0,0
41494,ECG,2729,4378,0,0,0,0,0
41499,ECG,2730,4335,0,0,0,0,0
41504,ECG,2731,3995,0,0,0,0,0
41509,ECG,2732,4020,0,0,0,0,0
41514,ECG,2733,4064,0,0,0,0,0
41519,ECG,2734,4038,0,0,0,0,0
41519,ECG,2735,3916,0,0,0,0,0
41524,ECG,2736,3872,0,0,0,0,0
41529,ECG,2737,3927,0,0,0,0,0
41534,ECG,2738,3870,0,0,0,0,0
41539,ECG,2739,3259,0,0,0,0,0
41544,ECG,2740,3106,0,0,0,0,0
41549,ECG,2741,3280,0,0,0,0,0
41554,ECG,2742,3530,0,0,0,0,0
41554,ECG,2743,3597,0,0,0,0,0
41559,ECG,2744,3435,0,0,0,0,0
41564,ECG,2745,3242,0,0,0,0,0
41569,ECG,2746,3299,0,0,0,0,0
41574,ECG,2747,3326,0,0,0,0,0
41579,ECG,2748,3105,0,0,0,0,0
41584,ECG,2749,2899,0,0,0,0,0
41589,ECG,2750,2950,0,0,0,0,0
41589,ECG,2751,3116,0,0,0,0,0
41594,ECG,2752,3175,0,0,0,0,0
41599,ECG,2753,3052,0,0,0,0,0
41604,ECG,2754,2846,0,0,0,0,0
41609,ECG,2755,2859,0,0,0,0,0
41609,ECG,2756,2993,0,0,0,0,0
41614,ECG,2757,2971,0,0,0,0,0
41619,ECG,2758,2725,0,0,0,0,0
41624,ECG,2759,2435,0,0,0,0,0
41629,ECG,2760,2605,0,0,0,0,0
41634,ECG,2761,2743,0,0,0,0,0
41639,ECG,2762,2681,0,0,0,0,0
41644,ECG,2763,2499,0,0,0,0,0
41644,ECG,2764,2415,0,0,0,0,0
41649,ECG,2765,2541,0,0,0,0,0
41654,ECG,2766,2663,0,0,0,0,0
41659,ECG,2767,2665,0,0,0,0,0
41660,ECG,2768,2569,0,0,0,0,0
41664,ECG,2769,2521,0,0,0,0,0
41669,ECG,2770,2554,0,0,0,0,0
41674,ECG,2771,2507,0,0,0,0,0
41679,ECG,2772,2372,0,0,0,0,0
41679,ECG,2773,2194,0,0,0,0,0
41684,ECG,2774,2152,0,0,0,0,0
41689,ECG,2775,2259,0,0,0,0,0
41694,ECG,2776,2318,0,0,0,0,0
41699,ECG,2777,2056,0,0,0,0,0
41704,ECG,2778,1927,0,0,0,0,0
41709,ECG,2779,2028,0,0,0,0,0
41714,ECG,2780,2189,0,0,0,0,0
41714,ECG,2781,2207,0,0,0,0,0
41719,ECG,2782,2059,0,0,0,0,0
41724,ECG,2783,1913,0,0,0,0,0
41729,ECG,2784,1944,0,0,0,0,0
41734,ECG,2785,2002,0,0,0,0,0
41734,ECG,2786,1940,0,0,0,0,0
41739,ECG,2787,1761,0,0,0,0,0
41744,ECG,2788,1630,0,0,0,0,0
41749,ECG,2789,1732,0,0,0,0,0
41754,ECG,2790,1948,0,0,0,0,0
41759,ECG,2791,1784,0,0,0,0,0
41764,ECG,2792,1563,0,0,0,0,0
41769,ECG,2793,1573,0,0,0,0,0
41769,ECG,2794,1747,0,0,0,0,0
41774,ECG,2795,1823,0,0,0,0,0
41779,ECG,2796,1755,0,0,0,0,0
41784,ECG,2797,1583,0,0,0,0,0
41789,ECG,2798,1631,0,0,0,0,0
41794,ECG,2799,1705,0,0,0,0,0
41799,ECG,2800,1672,0,0,0,0,0
41804,ECG,2801,1562,0,0,0,0,0
41804,ECG,2802,1477,0,0,0,0,0
41809,ECG,2803,1519,0,0,0,0,0
42816,ECG,2804,0,0,0,0,0,0
42816,ECG,2805,-1,0,0,0,0,0
42821,ECG,2806,-1,0,0,0,0,0
42826,ECG,2807,-1,0,0,0,0,0
42831,ECG,2808,-2,0,0,0,0,0
42836,ECG,2809,-2,0,0,0,0,0
42841,ECG,2810,-1,0,0,0,0,0
42846,ECG,2811,-4,0,0,0,0,0
42851,ECG,2812,-7,0,0,0,0,0
42851,ECG,2813,-6,0,0,0,0,0
42856,ECG,2814,1,0,0,0,0,0
42861,ECG,2815,21,0,0,0,0,0
42866,ECG,2816,30,0,0,0,0,0
42867,ECG,2817,43,0,0,0,0,0
42871,ECG,2818,35,0,0,0,0,0
42876,ECG,2819,35,0,0,0,0,0
42881,ECG,2820,35,0,0,0,0,0
42886,ECG,2821,27,0,0,0,0,0
42886,ECG,2822,47,0,0,0,0,0
42891,ECG,2823,9,0,0,0,0,0
42896,ECG,2824,58,0,0,0,0,0
42901,ECG,2825,-20,0,0,0,0,0
42906,ECG,2826,1070,0,0,0,0,0
42911,ECG,2827,-468,0,0,0,0,0
42916,ECG,2828,-2312,0,0,0,0,0
42921,ECG,2829,-883,0,0,0,0,0
42921,ECG,2830,6486,0,0,0,0,0
42926,ECG,2831,18359,0,0,0,0,0
42931,ECG,2832,28932,0,0,0,0,0
42936,ECG,2833,31902,0,0,0,0,0
42941,ECG,2834,31503,0,0,0,0,0
42941,ECG,2835,30092,0,0,0,0,0
42946,ECG,2836,29181,0,0,0,0,0
42951,ECG,2837,29867,0,0,0,0,0
42956,ECG,2838,29621,0,0,0,0,0
42961,ECG,2839,28102,0,0,0,0,0
42966,ECG,2840,28034,0,0,0,0,0
42971,ECG,2841,28242,0,0,0,0,0
42976,ECG,2842,28070,0,0,0,0,0
42976,ECG,2843,27447,0,0,0,0,0
42981,ECG,2844,26744,0,0,0,0,0
42986,ECG,2845,26555,0,0,0,0,0
42991,ECG,2846,26589,0,0,0,0,0
42996,ECG,2847,25756,0,0,0,0,0
43001,ECG,2848,25117,0,0,0,0,0
43006,ECG,2849,24904,0,0,0,0,0
43011,ECG,2850,24993,0,0,0,0,0
43011,ECG,2851,24870,0,0,0,0,0
43016,ECG,2852,24381,0,0,0,0,0
43021,ECG,2853,23709,0,0,0,0,0
43026,ECG,2854,23399,0,0,0,0,0
43031,ECG,2855,23247,0,0,0,0,0
43036,ECG,2856,22753,0,0,0,0,0
43041,ECG,2857,22121,0,0,0,0,0
43046,ECG,2858,21845,0,0,0,0,0
43046,ECG,2859,21918,0,0,0,0,0
43051,ECG,2860,21868,0,0,0,0,0
43056,ECG,2861,21376,0,0,0,0,0
43061,ECG,2862,20660,0,0,0,0,0
43066,ECG,2863,20489,0,0,0,0,0
43071,ECG,2864,20500,0,0,0,0,0
43076,ECG,2865,20040,0,0,0,0,0
43081,ECG,2866,19335,0,0,0,0,0
43081,ECG,2867,19036,0,0,0,0,0
43086,ECG,2868,19219,0,0,0,0,0
43091,ECG,2869,19270,0,0,0,0,0
43096,ECG,2870,18878,0,0,0,0,0
43101,ECG,2871,18185,0,0,0,0,0
43101,ECG,2872,17810,0,0,0,0,0
43106,ECG,2873,18025,0,0,0,0,0
43111,ECG,2874,18214,0,0,0,0,0
43116,ECG,2875,17992,0,0,0,0,0
43121,ECG,2876,16963,0,0,0,0,0
43126,ECG,2877,17034,0,0,0,0,0
43131,ECG,2878,17087,0,0,0,0,0
43136,ECG,2879,16792,0,0,0,0,0
43136,ECG,2880,16204,0,0,0,0,0
43141,ECG,2881,15730,0,0,0,0,0
43146,ECG,2882,15785,0,0,0,0,0
43151,ECG,2883,15995,0,0,0,0,0
43152,ECG,2884,15913,0,0,0,0,0
43156,ECG,2885,15464,0,0,0,0,0
43161,ECG,2886,14967,0,0,0,0,0
43166,ECG,2887,14956,0,0,0,0,0
43171,ECG,2888,15115,0,0,0,0,0
43171,ECG,2889,14906,0,0,0,0,0
43176,ECG,2890,14296,0,0,0,0,0
43181,ECG,2891,13657,0,0,0,0,0
43186,ECG,2892,13590,0,0,0,0,0
43191,ECG,2893,13990,0,0,0,0,0
43196,ECG,2894,13619,0,0,0,0,0
43201,ECG,2895,13084,0,0,0,0,0
43206,ECG,2896,12965,0,0,0,0,0
43206,ECG,2897,13189,0,0,0,0,0
43211,ECG,2898,13153,0,0,0,0,0
43216,ECG,2899,12655,0,0,0,0,0
43221,ECG,2900,12038,0,0,0,0,0
43226,ECG,2901,11927,0,0,0,0,0
43226,ECG,2902,12293,0,0,0,0,0
43231,ECG,2903,12423,0,0,0,0,0
43236,ECG,2904,12048,0,0,0,0,0
43241,ECG,2905,11373,0,0,0,0,0
43246,ECG,2906,11457,0,0,0,0,0
43251,ECG,2907,11700,0,0,0,0,0
43256,ECG,2908,11422,0,0,0,0,0
43261,ECG,2909,10724,0,0,0,0,0
43261,ECG,2910,10278,0,0,0,0,0
43266,ECG,2911,10500,0,0,0,0,0
43271,ECG,2912,10809,0,0,0,0,0
43276,ECG,2913,10700,0,0,0,0,0
43281,ECG,2914,9713,0,0,0,0,0
43286,ECG,2915,9881,0,0,0,0,0
43291,ECG,2916,10255,0,0,0,0,0
43296,ECG,2917,10259,0,0,0,0,0
43296,ECG,2918,9779,0,0,0,0,0
43301,ECG,2919,9322,0,0,0,0,0
43306,ECG,2920,9402,0,0,0,0,0
43311,ECG,2921,9635,0,0,0,0,0
43316,ECG,2922,8915,0,0,0,0,0
43321,ECG,2923,8455,0,0,0,0,0
43326,ECG,2924,8603,0,0,0,0,0
43331,ECG,2925,8982,0,0,0,0,0
43331,ECG,2926,8954,0,0,0,0,0
43336,ECG,2927,8413,0,0,0,0,0
43341,ECG,2928,7872,0,0,0,0,0
43346,ECG,2929,7996,0,0,0,0,0
43351,ECG,2930,8551,0,0,0,0,0
43356,ECG,2931,8093,0,0,0,0,0
43361,ECG,2932,7495,0,0,0,0,0
43366,ECG,2933,7472,0,0,0,0,0
43366,ECG,2934,7864,0,0,0,0,0
43371,ECG,2935,8026,0,0,0,0,0
43376,ECG,2936,7733,0,0,0,0,0
43381,ECG,2937,7285,0,0,0,0,0
43386,ECG,2938,7245,0,0,0,0,0
43386,ECG,2939,7485,0,0,0,0,0
43391,ECG,2940,7484,0,0,0,0,0
43396,ECG,2941,7081,0,0,0,0,0
43401,ECG,2942,6625,0,0,0,0,0
43406,ECG,2943,7050,0,0,0,0,0
43411,ECG,2944,7149,0,0,0,0,0
43416,ECG,2945,6769,0,0,0,0,0
43421,ECG,2946,6211,0,0,0,0,0
43421,ECG,2947,6152,0,0,0,0,0
43426,ECG,2948,6580,0,0,0,0,0
43431,ECG,2949,6743,0,0,0,0,0
43436,ECG,2950,6407,0,0,0,0,0
43437,ECG,2951,5781,0,0,0,0,0
43441,ECG,2952,5521,0,0,0,0,0
43446,ECG,2953,5906,0,0,0,0,0
43451,ECG,2954,6266,0,0,0,0,0
43456,ECG,2955,6186,0,0,0,0,0
43456,ECG,2956,5719,0,0,0,0,0
43461,ECG,2957,5390,0,0,0,0,0
43466,ECG,2958,5607,0,0,0,0,0
43471,ECG,2959,5871,0,0,0,0,0
43476,ECG,2960,5174,0,0,0,0,0
43481,ECG,2961,4794,0,0,0,0,0
43486,ECG,2962,5022,0,0,0,0,0
43491,ECG,2963,5454,0,0,0,0,0
43491,ECG,2964,5508,0,0,0,0,0
43496,ECG,2965,5061,0,0,0,0,0
43501,ECG,2966,4601,0,0,0,0,0
43506,ECG,2967,4730,0,0,0,0,0
43511,ECG,2968,5140,0,0,0,0,0
43511,ECG,2969,5210,0,0,0,0,0
43516,ECG,2970,4768,0,0,0,0,0
43521,ECG,2971,4236,0,0,0,0,0
43526,ECG,2972,4283,0,0,0,0,0
43531,ECG,2973,4883,0,0,0,0,0
43536,ECG,2974,4575,0,0,0,0,0
43541,ECG,2975,4101,0,0,0,0,0
43546,ECG,2976,4097,0,0,0,0,0
43546,ECG,2977,4506,0,0,0,0,0
43551,ECG,2978,4675,0,0,0,0,0
43556,ECG,2979,4352,0,0,0,0,0
43561,ECG,2980,3841,0,0,0,0,0
43566,ECG,2981,4182,0,0,0,0,0
43571,ECG,2982,4383,0,0,0,0,0
43576,ECG,2983,4118,0,0,0,0,0
43581,ECG,2984,3605,0,0,0,0,0
43581,ECG,2985,3483,0,0,0,0,0
43586,ECG,2986,3870,0,0,0,0,0
43591,ECG,2987,4146,0,0,0,0,0
43596,ECG,2988,3980,0,0,0,0,0
43601,ECG,2989,3265,0,0,0,0,0
43606,ECG,2990,3611,0,0,0,0,0
43611,ECG,2991,3926,0,0,0,0,0
43616,ECG,2992,3798,0,0,0,0,0
43616,ECG,2993,3291,0,0,0,0,0
43621,ECG,2994,3000,0,0,0,0,0
43626,ECG,2995,3298,0,0,0,0,0
43631,ECG,2996,3602,0,0,0,0,0
43636,ECG,2997,2866,0,0,0,0,0
43641,ECG,2998,2470,0,0,0,0,0
43646,ECG,2999,2777,0,0,0,0,0
43651,ECG,3000,3338,0,0,0,0,0
43651,ECG,3001,3519,0,0,0,0,0
43656,ECG,3002,3166,0,0,0,0,0
43661,ECG,3003,2780,0,0,0,0,0
43666,ECG,3004,2888,0,0,0,0,0
43671,ECG,3005,3174,0,0,0,0,0
43671,ECG,3006,3168,0,0,0,0,0
43676,ECG,3007,2808,0,0,0,0,0
43681,ECG,3008,2493,0,0,0,0,0
43686,ECG,3009,2730,0,0,0,0,0
43691,ECG,3010,3136,0,0,0,0,0
43696,ECG,3011,2626,0,0,0,0,0
43701,ECG,3012,2086,0,0,0,0,0
43706,ECG,3013,2214,0,0,0,0,0
43706,ECG,3014,2692,0,0,0,0,0
43711,ECG,3015,2808,0,0,0,0,0
43716,ECG,3016,2417,0,0,0,0,0
43721,ECG,3017,1881,0,0,0,0,0
43722,ECG,3018,1958,0,0,0,0,0
43726,ECG,3019,2566,0,0,0,0,0
43731,ECG,3020,2827,0,0,0,0,0
43736,ECG,3021,2373,0,0,0,0,0
43741,ECG,3022,1636,0,0,0,0,0
43741,ECG,3023,1477,0,0,0,0,0
43746,ECG,3024,1973,0,0,0,0,0
43751,ECG,3025,2399,0,0,0,0,0
43756,ECG,3026,2327,0,0,0,0,0
43761,ECG,3027,1877,0,0,0,0,0
43766,ECG,3028,2305,0,0,0,0,0
43771,ECG,3029,2523,0,0,0,0,0
43776,ECG,3030,2190,0,0,0,0,0
43776,ECG,3031,1544,0,0,0,0,0
43781,ECG,3032,1342,0,0,0,0,0
43786,ECG,3033,1842,0,0,0,0,0
43791,ECG,3034,2329,0,0,0,0,0
43796,ECG,3035,2335,0,0,0,0,0
43796,ECG,3036,1915,0,0,0,0,0
43801,ECG,3037,1652,0,0,0,0,0
43806,ECG,3038,1888,0,0,0,0,0
43811,ECG,3039,2153,0,0,0,0,0
43816,ECG,3040,1589,0,0,0,0,0
43821,ECG,3041,1401,0,0,0,0,0
43826,ECG,3042,1730,0,0,0,0,0
43831,ECG,3043,2089,0,0,0,0,0
43831,ECG,3044,2016,0,0,0,0,0
43836,ECG,3045,1565,0,0,0,0,0
43841,ECG,3046,1295,0,0,0,0,0
43846,ECG,3047,1593,0,0,0,0,0
43851,ECG,3048,1914,0,0,0,0,0
43856,ECG,3049,1434,0,0,0,0,0
43861,ECG,3050,1066,0,0,0,0,0
43866,ECG,3051,1370,0,0,0,0,0
43866,ECG,3052,1860,0,0,0,0,0
43871,ECG,3053,1839,0,0,0,0,0
43876,ECG,3054,1250,0,0,0,0,0
44883,ECG,3055,0,0,0,0,0,0
44883,ECG,3056,-1,0,0,0,0,0
44888,ECG,3057,-1,0,0,0,0,0
44893,ECG,3058,-1,0,0,0,0,0
44898,ECG,3059,-2,0,0,0,0,0
44903,ECG,3060,-2,0,0,0,0,0
44908,ECG,3061,-1,0,0,0,0,0
44913,ECG,3062,-4,0,0,0,0,0
44918,ECG,3063,-7,0,0,0,0,0
44918,ECG,3064,-5,0,0,0,0,0
44923,ECG,3065,1,0,0,0,0,0
44928,ECG,3066,19,0,0,0,0,0
44933,ECG,3067,28,0,0,0,0,0
44934,ECG,3068,42,0,0,0,0,0
44938,ECG,3069,36,0,0,0,0,0
44943,ECG,3070,36,0,0,0,0,0
44948,ECG,3071,35,0,0,0,0,0
42834,IMU,1248,1252,-200,8400,-89,64,45
42853,IMU,1249,1244,-300,8312,-86,62,53
42872,IMU,1250,1084,-244,8404,-88,49,49
42892,IMU,1251,1148,-252,8436,-88,70,41
42910,IMU,1252,1112,-240,8456,-82,68,51
42929,IMU,1253,1192,-272,8488,-82,63,37
42949,IMU,1254,1140,-308,8388,-97,65,36
42968,IMU,1255,1184,-144,8344,-91,48,49
42989,IMU,1256,1204,-288,8400,-95,59,50
43006,IMU,1257,1180,-180,8448,-100,50,55
43025,IMU,1258,1196,-324,8464,-90,72,42
43044,IMU,1259,1156,-248,8452,-89,48,41
43063,IMU,1260,1108,-260,8360,-82,66,52
43083,IMU,1261,1104,-204,8288,-80,55,48
43102,IMU,1262,1132,-248,8432,-84,72,40
43120,IMU,1263,1112,-240,8472,-92,69,35
43140,IMU,1264,1176,-280,8396,-93,46,46
43159,IMU,1265,1188,-224,8400,-77,54,49
43178,IMU,1266,1124,-236,8332,-103,64,48
43198,IMU,1267,1088,-268,8472,-76,58,48
43217,IMU,1268,1160,-212,8420,-80,65,49
43235,IMU,1269,1132,-348,8396,-72,57,34
43255,IMU,1270,1156,-292,8436,-89,65,37
43274,IMU,1271,1144,-308,8412,-76,68,42
43293,IMU,1272,1132,-328,8388,-113,54,60
43313,IMU,1273,1136,-228,8468,-89,50,30
43332,IMU,1274,1108,-228,8428,-101,63,35
43350,IMU,1275,1264,-168,8412,-89,56,49
43370,IMU,1276,1184,-320,8384,-73,36,34
43389,IMU,1277,1128,-212,8384,-88,70,42
43408,IMU,1278,1108,-208,8460,-84,51,40
43427,IMU,1279,1132,-248,8388,-83,56,42
43448,IMU,1280,1304,-256,8360,-88,59,50
43468,IMU,1281,1176,-228,8492,-98,50,44
43485,IMU,1282,1168,-212,8436,-85,47,41
43504,IMU,1283,1172,-304,8400,-98,59,61
43523,IMU,1284,1208,-356,8468,-88,51,56
43542,IMU,1285,1212,-264,8460,-100,56,44
43562,IMU,1286,1096,-204,8456,-89,48,46
43580,IMU,1287,1160,-124,8500,-102,62,49
43600,IMU,1288,1088,-252,8456,-89,59,44
43619,IMU,1289,1048,-248,8392,-94,58,45
43638,IMU,1290,1088,-212,8432,-94,55,47
43657,IMU,1291,1144,-368,8488,-99,60,40
43676,IMU,1292,1216,-240,8388,-90,66,56
43695,IMU,1293,1280,-284,8356,-96,53,31
43715,IMU,1294,1168,-300,8472,-82,57,35
43734,IMU,1295,1140,-352,8352,-107,52,42
43753,IMU,1296,1256,-128,8460,-101,54,49
43772,IMU,1297,1208,-264,8416,-90,66,28
43791,IMU,1298,1192,-296,8460,-101,72,52
43810,IMU,1299,1180,-204,8392,-87,59,58
43830,IMU,1300,1216,-256,8412,-91,58,57
43849,IMU,1301,1148,-148,8428,-93,46,39
43868,IMU,1302,1112,-340,8468,-96,72,33
43887,IMU,1303,1164,-244,8508,-84,42,41
43906,IMU,1304,1072,-264,8404,-81,58,61
43925,IMU,1305,1228,-192,8420,-106,59,57
43947,IMU,1306,1236,-248,8436,-105,73,51
43963,IMU,1307,1060,-272,8416,-100,56,35
43983,IMU,1308,1120,-240,8376,-87,61,33
44004,IMU,1309,1224,-204,8496,-102,76,33
44021,IMU,1310,1104,-264,8400,-92,50,44
44040,IMU,1311,1092,-268,8472,-92,56,29
44059,IMU,1312,1072,-256,8376,-78,63,45
44078,IMU,1313,1220,-272,8440,-104,56,41
44098,IMU,1314,1116,-228,8400,-84,61,41
44117,IMU,1315,1168,-288,8456,-78,62,23
44136,IMU,1316,1120,-188,8396,-99,55,60
44155,IMU,1317,1168,-264,8348,-85,47,33
44174,IMU,1318,1136,-208,8432,-85,62,47
44193,IMU,1319,1204,-260,8428,-86,63,43
44213,IMU,1320,1112,-236,8396,-80,70,41
44232,IMU,1321,1108,-440,8436,-84,55,54
44251,IMU,1322,1160,-248,8420,-92,71,52
44270,IMU,1323,1172,-124,8516,-102,69,33
44289,IMU,1324,1092,-196,8492,-92,75,60
44308,IMU,1325,1156,-232,8352,-103,42,46
44328,IMU,1326,1164,-228,8500,-95,62,41
44347,IMU,1327,1136,-200,8336,-94,57,32
44366,IMU,1328,1220,-256,8440,-93,42,46
44385,IMU,1329,1168,-248,8316,-88,47,40
44404,IMU,1330,1104,-208,8384,-95,64,40
44427,IMU,1331,1076,-256,8448,-70,60,42
44443,IMU,1332,1080,-272,8540,-104,55,41
44462,IMU,1333,1152,-260,8404,-90,75,52
44481,IMU,1334,1120,-212,8448,-102,55,61
44500,IMU,1335,1116,-224,8452,-85,76,50
44519,IMU,1336,1168,-272,8392,-99,53,36
44538,IMU,1337,1180,-328,8420,-87,70,57
44557,IMU,1338,1160,-292,8476,-90,64,36
44577,IMU,1339,1276,-268,8440,-90,63,31
44596,IMU,1340,1256,-288,8484,-93,58,39
44615,IMU,1341,1132,-196,8344,-84,57,50
44634,IMU,1342,1144,-236,8428,-89,61,50
44653,IMU,1343,1176,-268,8428,-86,56,35
44672,IMU,1344,1212,-364,8344,-90,61,44
44692,IMU,1345,1156,-336,8444,-88,67,36
44711,IMU,1346,1144,-280,8440,-91,61,58
44730,IMU,1347,1196,-236,8436,-85,60,40
44749,IMU,1348,1208,-112,8388,-94,54,28
44768,IMU,1349,1060,-216,8428,-78,60,47
44787,IMU,1350,1184,-380,8280,-72,70,53
44806,IMU,1351,1156,-212,8408,-86,65,45
44826,IMU,1352,1080,-260,8380,-92,46,39
44845,IMU,1353,1240,-272,8392,-88,65,46
44864,IMU,1354,1228,-240,8412,-86,55,32
44883,IMU,1355,1212,-312,8400,-85,45,64
44906,IMU,1356,1184,-192,8428,-83,60,59
44924,IMU,1357,1128,-264,8416,-82,57,43
44941,IMU,1358,1128,-308,8460,-95,74,46
44962,IMU,1359,1200,-188,8344,-88,56,50
44979,IMU,1360,1204,-208,8452,-92,66,43
44998,IMU,1361,1208,-256,8388,-91,57,45
45017,IMU,1362,1152,-268,8364,-99,35,41
45037,IMU,1363,1264,-188,8400,-96,46,56
45056,IMU,1364,1124,-276,8456,-83,49,40
45075,IMU,1365,1168,-232,8400,-86,40,46
45094,IMU,1366,1116,-368,8372,-92,48,36
45113,IMU,1367,1172,-144,8400,-90,67,33
45132,IMU,1368,1184,-252,8424,-101,55,33
45152,IMU,1369,1084,-224,8408,-90,54,68
45171,IMU,1370,1096,-292,8348,-90,69,30
45190,IMU,1371,1192,-264,8328,-110,47,42
45209,IMU,1372,1140,-284,8356,-88,53,36
45228,IMU,1373,1236,-320,8400,-79,50,35
45247,IMU,1374,1124,-340,8412,-88,52,38
45267,IMU,1375,1204,-208,8520,-92,49,40
45286,IMU,1376,1104,-276,8360,-84,50,41
45305,IMU,1377,1164,-208,8464,-68,73,19
45324,IMU,1378,1200,-204,8416,-66,55,48
45343,IMU,1379,1112,-260,8452,-85,43,50
45362,IMU,1380,1136,-176,8448,-90,62,54
45385,IMU,1381,1132,-216,8420,-101,57,56
45403,IMU,1382,1156,-280,8420,-88,67,56
45420,IMU,1383,1212,-212,8388,-91,51,41
45439,IMU,1384,1168,-292,8472,-77,65,42
45458,IMU,1385,1164,-276,8416,-86,55,44
45477,IMU,1386,1200,-296,8384,-94,67,42
45496,IMU,1387,1232,-348,8384,-86,47,33
45516,IMU,1388,1160,-176,8496,-101,60,49
45535,IMU,1389,1116,-328,8336,-84,66,42
45554,IMU,1390,1196,-324,8428,-87,68,45
45573,IMU,1391,1188,-272,8492,-84,51,48
45592,IMU,1392,1244,-184,8428,-66,63,23
45611,IMU,1393,1188,-332,8396,-65,49,44
45631,IMU,1394,1304,-152,8436,-80,67,39
45650,IMU,1395,1252,-168,8492,-89,50,35
45669,IMU,1396,1144,-216,8452,-94,35,43
45688,IMU,1397,1120,-164,8464,-100,83,55
45707,IMU,1398,1116,-244,8384,-84,54,42
45726,IMU,1399,1104,-236,8392,-95,55,34
45746,IMU,1400,1200,-196,8372,-77,64,43
45765,IMU,1401,1152,-368,8484,-109,66,61
45784,IMU,1402,1284,-240,8352,-102,51,49
45803,IMU,1403,1136,-260,8456,-83,49,36
45822,IMU,1404,1088,-300,8480,-78,58,31
45841,IMU,1405,1144,-232,8432,-94,61,33
45862,IMU,1406,1108,-284,8460,-94,78,52
45882,IMU,1407,1256,-252,8432,-95,56,38
45899,IMU,1408,1216,-264,8352,-94,67,34
45918,IMU,1409,1148,-340,8408,-105,41,44
45937,IMU,1410,1196,-216,8368,-87,59,44
45956,IMU,1411,1152,-280,8400,-77,65,52
45975,IMU,1412,1060,-296,8380,-89,58,49
45994,IMU,1413,1296,-368,8436,-82,61,55
46013,IMU,1414,1212,-228,8432,-95,73,49
46033,IMU,1415,1216,-232,8448,-92,44,58
46052,IMU,1416,1124,-320,8448,-88,50,51
46072,IMU,1417,1104,-252,8400,-98,62,46
46090,IMU,1418,1216,-268,8376,-88,59,53
46109,IMU,1419,1192,-288,8516,-89,53,49
46128,IMU,1420,1204,-244,8428,-87,39,35
46148,IMU,1421,1180,-332,8384,-89,51,47
46167,IMU,1422,1216,-224,8380,-91,58,49
46186,IMU,1423,1204,-280,8428,-97,57,42
46205,IMU,1424,1108,-140,8340,-87,59,44
46224,IMU,1425,1160,-180,8432,-92,60,44
46243,IMU,1426,1112,-140,8500,-73,60,37
46263,IMU,1427,1056,-208,8464,-101,55,44
46282,IMU,1428,1184,-284,8380,-86,55,32
46301,IMU,1429,1148,-260,8412,-85,69,43
46320,IMU,1430,1208,-196,8312,-102,59,47
46339,IMU,1431,1176,-192,8352,-80,64,52
46360,IMU,1432,1080,-328,8396,-93,48,53
46378,IMU,1433,1108,-284,8432,-80,45,47
46397,IMU,1434,1128,-248,8448,-90,67,49
46416,IMU,1435,1160,-312,8428,-87,51,48
46435,IMU,1436,1180,-224,8372,-111,69,50
46454,IMU,1437,1108,-184,8368,-100,65,34
46473,IMU,1438,1156,-208,8396,-96,49,37
46492,IMU,1439,1104,-176,8372,-100,52,53
46512,IMU,1440,1108,-248,8364,-80,70,54
46531,IMU,1441,1056,-296,8384,-87,60,34
46550,IMU,1442,1060,-248,8452,-100,54,47
46569,IMU,1443,1140,-372,8480,-98,69,39
46588,IMU,1444,1172,-252,8456,-92,69,41
46607,IMU,1445,1180,-252,8404,-88,61,48
46627,IMU,1446,1164,-264,8412,-80,69,35
46646,IMU,1447,1184,-380,8460,-90,66,42
46665,IMU,1448,1180,-288,8508,-84,76,45
46684,IMU,1449,1168,-144,8456,-96,64,42
46703,IMU,1450,1136,-128,8388,-96,62,50
46722,IMU,1451,1000,-244,8400,-104,62,38
46742,IMU,1452,1164,-256,8340,-92,59,69
46761,IMU,1453,1200,-312,8420,-95,64,36
46780,IMU,1454,1244,-220,8380,-93,76,55
46799,IMU,1455,1140,-280,8424,-80,55,25
44953,ECG,3072,26,0,0,0,0,0
44953,ECG,3073,45,0,0,0,0,0
44958,ECG,3074,10,0,0,0,0,0
44963,ECG,3075,59,0,0,0,0,0
44968,ECG,3076,-19,0,0,0,0,0
44973,ECG,3077,1026,0,0,0,0,0
44978,ECG,3078,-490,0,0,0,0,0
44983,ECG,3079,-2197,0,0,0,0,0
44988,ECG,3080,-714,0,0,0,0,0
44988,ECG,3081,6321,0,0,0,0,0
44993,ECG,3082,17539,0,0,0,0,0
44998,ECG,3083,27707,0,0,0,0,0
45003,ECG,3084,31927,0,0,0,0,0
45008,ECG,3085,31528,0,0,0,0,0
45008,ECG,3086,30598,0,0,0,0,0
45013,ECG,3087,29047,0,0,0,0,0
45018,ECG,3088,28861,0,0,0,0,0
45023,ECG,3089,28666,0,0,0,0,0
45028,ECG,3090,28908,0,0,0,0,0
45033,ECG,3091,28229,0,0,0,0,0
45038,ECG,3092,27238,0,0,0,0,0
45043,ECG,3093,26730,0,0,0,0,0
45043,ECG,3094,27006,0,0,0,0,0
45048,ECG,3095,27137,0,0,0,0,0
45053,ECG,3096,26510,0,0,0,0,0
45058,ECG,3097,25452,0,0,0,0,0
45063,ECG,3098,25247,0,0,0,0,0
45068,ECG,3099,25553,0,0,0,0,0
45073,ECG,3100,25078,0,0,0,0,0
45078,ECG,3101,24068,0,0,0,0,0
45078,ECG,3102,23510,0,0,0,0,0
45083,ECG,3103,23791,0,0,0,0,0
45088,ECG,3104,24114,0,0,0,0,0
45093,ECG,3105,23700,0,0,0,0,0
45098,ECG,3106,22004,0,0,0,0,0
45103,ECG,3107,22254,0,0,0,0,0
45108,ECG,3108,22655,0,0,0,0,0
45113,ECG,3109,22356,0,0,0,0,0
45113,ECG,3110,21375,0,0,0,0,0
45118,ECG,3111,20571,0,0,0,0,0
45123,ECG,3112,20720,0,0,0,0,0
45128,ECG,3113,21191,0,0,0,0,0
45133,ECG,3114,20107,0,0,0,0,0
45138,ECG,3115,19196,0,0,0,0,0
45143,ECG,3116,19194,0,0,0,0,0
45148,ECG,3117,19791,0,0,0,0,0
45148,ECG,3118,19879,0,0,0,0,0
45153,ECG,3119,19120,0,0,0,0,0
45158,ECG,3120,18198,0,0,0,0,0
45163,ECG,3121,18065,0,0,0,0,0
45168,ECG,3122,18462,0,0,0,0,0
45168,ECG,3123,18404,0,0,0,0,0
45173,ECG,3124,17549,0,0,0,0,0
45178,ECG,3125,16574,0,0,0,0,0
45183,ECG,3126,16520,0,0,0,0,0
45188,ECG,3127,17670,0,0,0,0,0
45193,ECG,3128,17195,0,0,0,0,0
45198,ECG,3129,16269,0,0,0,0,0
45203,ECG,3130,15987,0,0,0,0,0
45203,ECG,3131,16397,0,0,0,0,0
45208,ECG,3132,16540,0,0,0,0,0
45213,ECG,3133,15954,0,0,0,0,0
45218,ECG,3134,15032,0,0,0,0,0
45219,ECG,3135,14747,0,0,0,0,0
45223,ECG,3136,15261,0,0,0,0,0
45228,ECG,3137,15613,0,0,0,0,0
45233,ECG,3138,15223,0,0,0,0,0
45238,ECG,3139,14323,0,0,0,0,0
45238,ECG,3140,13862,0,0,0,0,0
45243,ECG,3141,14273,0,0,0,0,0
45248,ECG,3142,14739,0,0,0,0,0
45253,ECG,3143,14526,0,0,0,0,0
45258,ECG,3144,13099,0,0,0,0,0
45263,ECG,3145,13324,0,0,0,0,0
45268,ECG,3146,13677,0,0,0,0,0
45273,ECG,3147,13358,0,0,0,0,0
45273,ECG,3148,12476,0,0,0,0,0
45278,ECG,3149,11842,0,0,0,0,0
45283,ECG,3150,12123,0,0,0,0,0
45288,ECG,3151,12682,0,0,0,0,0
45293,ECG,3152,12618,0,0,0,0,0
45293,ECG,3153,11823,0,0,0,0,0
45298,ECG,3154,11092,0,0,0,0,0
45303,ECG,3155,11361,0,0,0,0,0
45308,ECG,3156,12093,0,0,0,0,0
45313,ECG,3157,11498,0,0,0,0,0
45318,ECG,3158,10560,0,0,0,0,0
45323,ECG,3159,10476,0,0,0,0,0
45328,ECG,3160,11125,0,0,0,0,0
45328,ECG,3161,11471,0,0,0,0,0
45333,ECG,3162,11065,0,0,0,0,0
45338,ECG,3163,10332,0,0,0,0,0
45343,ECG,3164,10103,0,0,0,0,0
45348,ECG,3165,10383,0,0,0,0,0
45353,ECG,3166,9658,0,0,0,0,0
45358,ECG,3167,8831,0,0,0,0,0
45363,ECG,3168,8839,0,0,0,0,0
45363,ECG,3169,9627,0,0,0,0,0
45368,ECG,3170,10136,0,0,0,0,0
45373,ECG,3171,9697,0,0,0,0,0
45378,ECG,3172,8781,0,0,0,0,0
45383,ECG,3173,9061,0,0,0,0,0
45388,ECG,3174,9494,0,0,0,0,0
45393,ECG,3175,9170,0,0,0,0,0
45398,ECG,3176,8354,0,0,0,0,0
45398,ECG,3177,8018,0,0,0,0,0
45403,ECG,3178,8534,0,0,0,0,0
45408,ECG,3179,9007,0,0,0,0,0
45413,ECG,3180,8736,0,0,0,0,0
45418,ECG,3181,7474,0,0,0,0,0
45423,ECG,3182,7885,0,0,0,0,0
45428,ECG,3183,8360,0,0,0,0,0
45433,ECG,3184,8143,0,0,0,0,0
45433,ECG,3185,7385,0,0,0,0,0
45438,ECG,3186,6859,0,0,0,0,0
45443,ECG,3187,7187,0,0,0,0,0
45448,ECG,3188,7738,0,0,0,0,0
45453,ECG,3189,7663,0,0,0,0,0
45453,ECG,3190,6961,0,0,0,0,0
45458,ECG,3191,6426,0,0,0,0,0
45463,ECG,3192,6734,0,0,0,0,0
45468,ECG,3193,7403,0,0,0,0,0
45473,ECG,3194,6939,0,0,0,0,0
45478,ECG,3195,6311,0,0,0,0,0
45483,ECG,3196,6432,0,0,0,0,0
45488,ECG,3197,6991,0,0,0,0,0
45488,ECG,3198,7028,0,0,0,0,0
45493,ECG,3199,6288,0,0,0,0,0
45498,ECG,3200,5413,0,0,0,0,0
45503,ECG,3201,5347,0,0,0,0,0
45504,ECG,3202,6052,0,0,0,0,0
45508,ECG,3203,6605,0,0,0,0,0
45513,ECG,3204,6468,0,0,0,0,0
45518,ECG,3205,6014,0,0,0,0,0
45523,ECG,3206,5958,0,0,0,0,0
45523,ECG,3207,6263,0,0,0,0,0
45528,ECG,3208,6238,0,0,0,0,0
45533,ECG,3209,5579,0,0,0,0,0
45538,ECG,3210,4856,0,0,0,0,0
45543,ECG,3211,5575,0,0,0,0,0
45548,ECG,3212,5931,0,0,0,0,0
45553,ECG,3213,5545,0,0,0,0,0
45558,ECG,3214,4793,0,0,0,0,0
45558,ECG,3215,4621,0,0,0,0,0
45563,ECG,3216,5218,0,0,0,0,0
45568,ECG,3217,5642,0,0,0,0,0
45573,ECG,3218,5340,0,0,0,0,0
45578,ECG,3219,4567,0,0,0,0,0
45578,ECG,3220,4235,0,0,0,0,0
45583,ECG,3221,4732,0,0,0,0,0
45588,ECG,3222,5218,0,0,0,0,0
45593,ECG,3223,4962,0,0,0,0,0
45598,ECG,3224,3610,0,0,0,0,0
45603,ECG,3225,4034,0,0,0,0,0
45608,ECG,3226,4761,0,0,0,0,0
45613,ECG,3227,4921,0,0,0,0,0
45613,ECG,3228,4361,0,0,0,0,0
45618,ECG,3229,3841,0,0,0,0,0
45623,ECG,3230,4084,0,0,0,0,0
45628,ECG,3231,4665,0,0,0,0,0
45633,ECG,3232,4172,0,0,0,0,0
45638,ECG,3233,3589,0,0,0,0,0
45643,ECG,3234,3739,0,0,0,0,0
45648,ECG,3235,4287,0,0,0,0,0
45648,ECG,3236,4335,0,0,0,0,0
45653,ECG,3237,3643,0,0,0,0,0
45658,ECG,3238,2889,0,0,0,0,0
45663,ECG,3239,2954,0,0,0,0,0
45668,ECG,3240,3990,0,0,0,0,0
45673,ECG,3241,3575,0,0,0,0,0
45678,ECG,3242,2910,0,0,0,0,0
45683,ECG,3243,2944,0,0,0,0,0
45683,ECG,3244,3589,0,0,0,0,0
45688,ECG,3245,3894,0,0,0,0,0
45693,ECG,3246,3453,0,0,0,0,0
45698,ECG,3247,2717,0,0,0,0,0
45703,ECG,3248,3240,0,0,0,0,0
45708,ECG,3249,3706,0,0,0,0,0
45713,ECG,3250,3455,0,0,0,0,0
45718,ECG,3251,2810,0,0,0,0,0
45718,ECG,3252,2669,0,0,0,0,0
45723,ECG,3253,3187,0,0,0,0,0
45728,ECG,3254,3564,0,0,0,0,0
45733,ECG,3255,3188,0,0,0,0,0
45738,ECG,3256,2379,0,0,0,0,0
45738,ECG,3257,2138,0,0,0,0,0
45743,ECG,3258,2682,0,0,0,0,0
45748,ECG,3259,3275,0,0,0,0,0
45753,ECG,3260,3220,0,0,0,0,0
45758,ECG,3261,2296,0,0,0,0,0
45763,ECG,3262,2786,0,0,0,0,0
45768,ECG,3263,3284,0,0,0,0,0
45773,ECG,3264,3067,0,0,0,0,0
45773,ECG,3265,2258,0,0,0,0,0
45778,ECG,3266,1744,0,0,0,0,0
45783,ECG,3267,2171,0,0,0,0,0
45788,ECG,3268,2855,0,0,0,0,0
45789,ECG,3269,2993,0,0,0,0,0
45793,ECG,3270,2473,0,0,0,0,0
45798,ECG,3271,1981,0,0,0,0,0
45803,ECG,3272,2228,0,0,0,0,0
45808,ECG,3273,2734,0,0,0,0,0
45808,ECG,3274,2740,0,0,0,0,0
45813,ECG,3275,2137,0,0,0,0,0
45818,ECG,3276,1596,0,0,0,0,0
45823,ECG,3277,1826,0,0,0,0,0
45828,ECG,3278,2676,0,0,0,0,0
45833,ECG,3279,2258,0,0,0,0,0
45838,ECG,3280,1789,0,0,0,0,0
45843,ECG,3281,1969,0,0,0,0,0
45843,ECG,3282,2479,0,0,0,0,0
45848,ECG,3283,2471,0,0,0,0,0
45853,ECG,3284,1797,0,0,0,0,0
45858,ECG,3285,1124,0,0,0,0,0
45863,ECG,3286,1346,0,0,0,0,0
45863,ECG,3287,2139,0,0,0,0,0
45868,ECG,3288,2417,0,0,0,0,0
45873,ECG,3289,1795,0,0,0,0,0
45878,ECG,3290,876,0,0,0,0,0
45878,ECG,3291,821,0,0,0,0,0
45883,ECG,3292,1667,0,0,0,0,0
45888,ECG,3293,2359,0,0,0,0,0
45893,ECG,3294,2180,0,0,0,0,0
45898,ECG,3295,1392,0,0,0,0,0
45898,ECG,3296,1105,0,0,0,0,0
45903,ECG,3297,1656,0,0,0,0,0
45908,ECG,3298,2198,0,0,0,0,0
45913,ECG,3299,2029,0,0,0,0,0
45918,ECG,3300,1099,0,0,0,0,0
45923,ECG,3301,1599,0,0,0,0,0
45928,ECG,3302,2093,0,0,0,0,0
45933,ECG,3303,1906,0,0,0,0,0
45933,ECG,3304,1304,0,0,0,0,0
45938,ECG,3305,1046,0,0,0,0,0
45943,ECG,3306,1489,0,0,0,0,0
46950,ECG,3307,0,0,0,0,0,0
46950,ECG,3308,-1,0,0,0,0,0
46955,ECG,3309,-1,0,0,0,0,0
46960,ECG,3310,-1,0,0,0,0,0
46965,ECG,3311,-2,0,0,0,0,0
46970,ECG,3312,-2,0,0,0,0,0
46975,ECG,3313,-1,0,0,0,0,0
46980,ECG,3314,-4,0,0,0,0,0
46985,ECG,3315,-7,0,0,0,0,0
46985,ECG,3316,-6,0,0,0,0,0
46990,ECG,3317,1,0,0,0,0,0
46995,ECG,3318,20,0,0,0,0,0
47000,ECG,3319,30,0,0,0,0,0
47001,ECG,3320,43,0,0,0,0,0
47005,ECG,3321,35,0,0,0,0,0
47010,ECG,3322,33,0,0,0,0,0
47015,ECG,3323,34,0,0,0,0,0
47020,ECG,3324,26,0,0,0,0,0
47020,ECG,3325,46,0,0,0,0,0
47025,ECG,3326,9,0,0,0,0,0
47030,ECG,3327,58,0,0,0,0,0
47035,ECG,3328,-20,0,0,0,0,0
47040,ECG,3329,1070,0,0,0,0,0
47045,ECG,3330,-446,0,0,0,0,0
47050,ECG,3331,-2313,0,0,0,0,0
47055,ECG,3332,-966,0,0,0,0,0
47055,ECG,3333,6389,0,0,0,0,0
47060,ECG,3334,18357,0,0,0,0,0
47065,ECG,3335,28915,0,0,0,0,0
47070,ECG,3336,31904,0,0,0,0,0
47075,ECG,3337,31505,0,0,0,0,0
47075,ECG,3338,29127,0,0,0,0,0
47080,ECG,3339,28342,0,0,0,0,0
47085,ECG,3340,29535,0,0,0,0,0
47090,ECG,3341,29691,0,0,0,0,0
47095,ECG,3342,28044,0,0,0,0,0
47100,ECG,3343,27804,0,0,0,0,0
47105,ECG,3344,27952,0,0,0,0,0
47110,ECG,3345,27534,0,0,0,0,0
47110,ECG,3346,26506,0,0,0,0,0
47115,ECG,3347,25464,0,0,0,0,0
47120,ECG,3348,25334,0,0,0,0,0
47125,ECG,3349,25867,0,0,0,0,0
47130,ECG,3350,25647,0,0,0,0,0
47135,ECG,3351,24848,0,0,0,0,0
47140,ECG,3352,24537,0,0,0,0,0
47145,ECG,3353,24621,0,0,0,0,0
47145,ECG,3354,24435,0,0,0,0,0
47150,ECG,3355,23659,0,0,0,0,0
47155,ECG,3356,22873,0,0,0,0,0
47160,ECG,3357,22776,0,0,0,0,0
47165,ECG,3358,23403,0,0,0,0,0
47170,ECG,3359,22821,0,0,0,0,0
47175,ECG,3360,21942,0,0,0,0,0
47180,ECG,3361,21590,0,0,0,0,0
47180,ECG,3362,21837,0,0,0,0,0
47185,ECG,3363,21859,0,0,0,0,0
47190,ECG,3364,21272,0,0,0,0,0
47195,ECG,3365,20390,0,0,0,0,0
47200,ECG,3366,20282,0,0,0,0,0
47205,ECG,3367,20487,0,0,0,0,0
47210,ECG,3368,20091,0,0,0,0,0
47215,ECG,3369,19266,0,0,0,0,0
47215,ECG,3370,18814,0,0,0,0,0
47220,ECG,3371,19081,0,0,0,0,0
47225,ECG,3372,19302,0,0,0,0,0
47230,ECG,3373,18818,0,0,0,0,0
47235,ECG,3374,17820,0,0,0,0,0
47235,ECG,3375,17286,0,0,0,0,0
47240,ECG,3376,17621,0,0,0,0,0
47245,ECG,3377,17921,0,0,0,0,0
47250,ECG,3378,17412,0,0,0,0,0
47255,ECG,3379,15531,0,0,0,0,0
47260,ECG,3380,16011,0,0,0,0,0
47265,ECG,3381,17003,0,0,0,0,0
47270,ECG,3382,17231,0,0,0,0,0
47270,ECG,3383,16387,0,0,0,0,0
47275,ECG,3384,15226,0,0,0,0,0
47280,ECG,3385,14942,0,0,0,0,0
47285,ECG,3386,15452,0,0,0,0,0
47286,ECG,3387,15799,0,0,0,0,0
47290,ECG,3388,15505,0,0,0,0,0
47295,ECG,3389,14841,0,0,0,0,0
47300,ECG,3390,14651,0,0,0,0,0
47305,ECG,3391,14964,0,0,0,0,0
47305,ECG,3392,15002,0,0,0,0,0
47310,ECG,3393,14370,0,0,0,0,0
47315,ECG,3394,13571,0,0,0,0,0
47320,ECG,3395,13384,0,0,0,0,0
47325,ECG,3396,13942,0,0,0,0,0
47330,ECG,3397,13374,0,0,0,0,0
47335,ECG,3398,12609,0,0,0,0,0
47340,ECG,3399,12444,0,0,0,0,0
47340,ECG,3400,12967,0,0,0,0,0
47345,ECG,3401,13303,0,0,0,0,0
47350,ECG,3402,12913,0,0,0,0,0
47355,ECG,3403,12136,0,0,0,0,0
47360,ECG,3404,11760,0,0,0,0,0
47360,ECG,3405,12083,0,0,0,0,0
47365,ECG,3406,12364,0,0,0,0,0
47370,ECG,3407,12124,0,0,0,0,0
47375,ECG,3408,11446,0,0,0,0,0
47380,ECG,3409,11315,0,0,0,0,0
47385,ECG,3410,11679,0,0,0,0,0
47390,ECG,3411,11660,0,0,0,0,0
47395,ECG,3412,11119,0,0,0,0,0
47395,ECG,3413,10761,0,0,0,0,0
47400,ECG,3414,11020,0,0,0,0,0
47405,ECG,3415,11263,0,0,0,0,0
47410,ECG,3416,10830,0,0,0,0,0
47415,ECG,3417,9049,0,0,0,0,0
47420,ECG,3418,9284,0,0,0,0,0
47425,ECG,3419,10103,0,0,0,0,0
47430,ECG,3420,10518,0,0,0,0,0
47430,ECG,3421,10207,0,0,0,0,0
47435,ECG,3422,9528,0,0,0,0,0
47440,ECG,3423,9250,0,0,0,0,0
47445,ECG,3424,9515,0,0,0,0,0
47450,ECG,3425,9243,0,0,0,0,0
47455,ECG,3426,8863,0,0,0,0,0
47460,ECG,3427,8807,0,0,0,0,0
47465,ECG,3428,8949,0,0,0,0,0
47465,ECG,3429,8834,0,0,0,0,0
47470,ECG,3430,8301,0,0,0,0,0
47475,ECG,3431,7876,0,0,0,0,0
47480,ECG,3432,8104,0,0,0,0,0
47485,ECG,3433,8526,0,0,0,0,0
47490,ECG,3434,7749,0,0,0,0,0
47495,ECG,3435,6968,0,0,0,0,0
47500,ECG,3436,7122,0,0,0,0,0
47500,ECG,3437,7806,0,0,0,0,0
47505,ECG,3438,8063,0,0,0,0,0
47510,ECG,3439,7494,0,0,0,0,0
47515,ECG,3440,6688,0,0,0,0,0
47520,ECG,3441,6600,0,0,0,0,0
47520,ECG,3442,7256,0,0,0,0,0
47525,ECG,3443,7686,0,0,0,0,0
47530,ECG,3444,7349,0,0,0,0,0
47535,ECG,3445,6668,0,0,0,0,0
47540,ECG,3446,6751,0,0,0,0,0
47545,ECG,3447,6983,0,0,0,0,0
47550,ECG,3448,6676,0,0,0,0,0
47555,ECG,3449,6033,0,0,0,0,0
47555,ECG,3450,5744,0,0,0,0,0
47560,ECG,3451,6163,0,0,0,0,0
47565,ECG,3452,6696,0,0,0,0,0
47570,ECG,3453,6679,0,0,0,0,0
47571,ECG,3454,6106,0,0,0,0,0
47575,ECG,3455,5798,0,0,0,0,0
47580,ECG,3456,5982,0,0,0,0,0
47585,ECG,3457,6160,0,0,0,0,0
47590,ECG,3458,5872,0,0,0,0,0
47590,ECG,3459,5093,0,0,0,0,0
47595,ECG,3460,4700,0,0,0,0,0
47600,ECG,3461,5221,0,0,0,0,0
47605,ECG,3462,5975,0,0,0,0,0
47610,ECG,3463,5377,0,0,0,0,0
47615,ECG,3464,4502,0,0,0,0,0
47620,ECG,3465,4556,0,0,0,0,0
47625,ECG,3466,5088,0,0,0,0,0
47625,ECG,3467,5359,0,0,0,0,0
47630,ECG,3468,5108,0,0,0,0,0
47635,ECG,3469,4593,0,0,0,0,0
47640,ECG,3470,4653,0,0,0,0,0
47645,ECG,3471,5138,0,0,0,0,0
47645,ECG,3472,5235,0,0,0,0,0
47650,ECG,3473,4787,0,0,0,0,0
47655,ECG,3474,4145,0,0,0,0,0
47660,ECG,3475,4178,0,0,0,0,0
47665,ECG,3476,5111,0,0,0,0,0
47670,ECG,3477,4618,0,0,0,0,0
47675,ECG,3478,3843,0,0,0,0,0
47680,ECG,3479,3627,0,0,0,0,0
47680,ECG,3480,4175,0,0,0,0,0
47685,ECG,3481,4637,0,0,0,0,0
47690,ECG,3482,4431,0,0,0,0,0
47695,ECG,3483,3875,0,0,0,0,0
47700,ECG,3484,4317,0,0,0,0,0
47705,ECG,3485,4571,0,0,0,0,0
47710,ECG,3486,4051,0,0,0,0,0
47715,ECG,3487,3162,0,0,0,0,0
47715,ECG,3488,2959,0,0,0,0,0
47720,ECG,3489,3656,0,0,0,0,0
47725,ECG,3490,4327,0,0,0,0,0
47730,ECG,3491,4237,0,0,0,0,0
47735,ECG,3492,3106,0,0,0,0,0
47740,ECG,3493,3478,0,0,0,0,0
47745,ECG,3494,3992,0,0,0,0,0
47750,ECG,3495,3943,0,0,0,0,0
47750,ECG,3496,3324,0,0,0,0,0
47755,ECG,3497,2924,0,0,0,0,0
47760,ECG,3498,3346,0,0,0,0,0
47765,ECG,3499,3870,0,0,0,0,0
47770,ECG,3500,2810,0,0,0,0,0
47775,ECG,3501,2156,0,0,0,0,0
47780,ECG,3502,2536,0,0,0,0,0
47785,ECG,3503,3354,0,0,0,0,0
47785,ECG,3504,3639,0,0,0,0,0
47790,ECG,3505,3124,0,0,0,0,0
47795,ECG,3506,2474,0,0,0,0,0
47800,ECG,3507,2619,0,0,0,0,0
47805,ECG,3508,3235,0,0,0,0,0
47805,ECG,3509,3222,0,0,0,0,0
47810,ECG,3510,2369,0,0,0,0,0
47815,ECG,3511,1457,0,0,0,0,0
47820,ECG,3512,1516,0,0,0,0,0
47825,ECG,3513,3276,0,0,0,0,0
47830,ECG,3514,3270,0,0,0,0,0
47835,ECG,3515,2712,0,0,0,0,0
47840,ECG,3516,2424,0,0,0,0,0
47840,ECG,3517,2647,0,0,0,0,0
47845,ECG,3518,2820,0,0,0,0,0
47850,ECG,3519,2614,0,0,0,0,0
47855,ECG,3520,2234,0,0,0,0,0
47856,ECG,3521,2170,0,0,0,0,0
47860,ECG,3522,2385,0,0,0,0,0
47865,ECG,3523,2345,0,0,0,0,0
47870,ECG,3524,1900,0,0,0,0,0
47875,ECG,3525,1467,0,0,0,0,0
47875,ECG,3526,1781,0,0,0,0,0
47880,ECG,3527,2617,0,0,0,0,0
47885,ECG,3528,2996,0,0,0,0,0
47890,ECG,3529,2514,0,0,0,0,0
47895,ECG,3530,1313,0,0,0,0,0
47900,ECG,3531,2040,0,0,0,0,0
47905,ECG,3532,2779,0,0,0,0,0
47910,ECG,3533,2687,0,0,0,0,0
47910,ECG,3534,1917,0,0,0,0,0
47915,ECG,3535,1444,0,0,0,0,0
47920,ECG,3536,1804,0,0,0,0,0
47925,ECG,3537,2294,0,0,0,0,0
47930,ECG,3538,2121,0,0,0,0,0
47930,ECG,3539,1574,0,0,0,0,0
47935,ECG,3540,1357,0,0,0,0,0
47940,ECG,3541,1852,0,0,0,0,0
47945,ECG,3542,2331,0,0,0,0,0
47950,ECG,3543,1037,0,0,0,0,0
47955,ECG,3544,406,0,0,0,0,0
47960,ECG,3545,955,0,0,0,0,0
47965,ECG,3546,2010,0,0,0,0,0
47965,ECG,3547,2522,0,0,0,0,0
47970,ECG,3548,2176,0,0,0,0,0
47975,ECG,3549,1507,0,0,0,0,0
47980,ECG,3550,1470,0,0,0,0,0
47985,ECG,3551,2221,0,0,0,0,0
47990,ECG,3552,1797,0,0,0,0,0
47995,ECG,3553,1126,0,0,0,0,0
48000,ECG,3554,1061,0,0,0,0,0
48000,ECG,3555,1636,0,0,0,0,0
48005,ECG,3556,2019,0,0,0,0,0
48010,ECG,3557,1692,0,0,0,0,0
48015,ECG,3558,1112,0,0,0,0,0
42809,PPG,300,128719,60392,0,0,0,0
42892,PPG,301,128714,60401,0,0,0,0
42972,PPG,302,128712,60413,0,0,0,0
43047,PPG,303,128715,60393,0,0,0,0
43125,PPG,304,128713,60410,0,0,0,0
43205,PPG,305,128712,60399,0,0,0,0
43284,PPG,306,128702,60397,0,0,0,0
43364,PPG,307,128717,60399,0,0,0,0
43448,PPG,308,128722,60401,0,0,0,0
43525,PPG,309,128711,60394,0,0,0,0
43603,PPG,310,128709,60402,0,0,0,0
43682,PPG,311,128729,60413,0,0,0,0
43762,PPG,312,128717,60409,0,0,0,0
43841,PPG,313,128722,60403,0,0,0,0
43921,PPG,314,128726,60398,0,0,0,0
44004,PPG,315,128728,60403,0,0,0,0
44081,PPG,316,128721,60400,0,0,0,0
44159,PPG,317,128719,60403,0,0,0,0
44239,PPG,318,128721,60399,0,0,0,0
44318,PPG,319,128724,60403,0,0,0,0
44398,PPG,320,128722,60399,0,0,0,0
44481,PPG,321,128710,60399,0,0,0,0
44560,PPG,322,128719,60408,0,0,0,0
44636,PPG,323,128733,60401,0,0,0,0
44716,PPG,324,128708,60399,0,0,0,0
44796,PPG,325,128715,60407,0,0,0,0
44875,PPG,326,128715,60400,0,0,0,0
44962,PPG,327,128707,60409,0,0,0,0
45041,PPG,328,128722,60391,0,0,0,0
45118,PPG,329,128712,60402,0,0,0,0
45194,PPG,330,128709,60398,0,0,0,0
45273,PPG,331,128718,60399,0,0,0,0
45352,PPG,332,128716,60395,0,0,0,0
45432,PPG,333,128714,60403,0,0,0,0
45512,PPG,334,128724,60398,0,0,0,0
45595,PPG,335,128717,60398,0,0,0,0
45671,PPG,336,128717,60403,0,0,0,0
45751,PPG,337,128713,60399,0,0,0,0
45830,PPG,338,128706,60404,0,0,0,0
45910,PPG,339,128719,60410,0,0,0,0
45989,PPG,340,128712,60395,0,0,0,0
46072,PPG,341,128707,60389,0,0,0,0
46150,PPG,342,128713,60408,0,0,0,0
46228,PPG,343,128713,60404,0,0,0,0
46307,PPG,344,128705,60407,0,0,0,0
46387,PPG,345,128715,60406,0,0,0,0
46466,PPG,346,128713,60405,0,0,0,0
46546,PPG,347,128713,60411,0,0,0,0
46629,PPG,348,128718,60404,0,0,0,0
46705,PPG,349,128717,60392,0,0,0,0
46784,PPG,350,128710,60407,0,0,0,0
46867,PPG,351,128706,60392,0,0,0,0
46946,PPG,352,128702,60396,0,0,0,0
47023,PPG,353,128709,60405,0,0,0,0
47107,PPG,354,128714,60392,0,0,0,0
47185,PPG,355,128714,60405,0,0,0,0
47262,PPG,356,128721,60403,0,0,0,0
47342,PPG,357,128716,60399,0,0,0,0
47421,PPG,358,128711,60390,0,0,0,0
47501,PPG,359,128714,60400,0,0,0,0
47580,PPG,360,128713,60403,0,0,0,0
47664,PPG,361,128721,60398,0,0,0,0
47741,PPG,362,128705,60409,0,0,0,0
47819,PPG,363,128718,60390,0,0,0,0
47898,PPG,364,128713,60390,0,0,0,0
47978,PPG,365,128712,60392,0,0,0,0
48057,PPG,366,128710,60407,0,0,0,0
48141,PPG,367,128721,60409,0,0,0,0
48219,PPG,368,128711,60404,0,0,0,0
48296,PPG,369,128720,60409,0,0,0,0
48376,PPG,370,128712,60399,0,0,0,0
48455,PPG,371,128717,60395,0,0,0,0
48535,PPG,372,128713,60397,0,0,0,0
48614,PPG,373,128711,60397,0,0,0,0
48697,PPG,374,128703,60396,0,0,0,0
48775,PPG,375,128710,60406,0,0,0,0
48853,PPG,376,128705,60401,0,0,0,0
48932,PPG,377,128704,60388,0,0,0,0
49012,PPG,378,128712,60403,0,0,0,0
46818,IMU,1456,1140,-364,8392,-96,58,54
46839,IMU,1457,1160,-332,8448,-101,54,48
46856,IMU,1458,1172,-256,8324,-94,58,42
46876,IMU,1459,1180,-252,8492,-80,70,47
46895,IMU,1460,1120,-184,8396,-100,41,50
46914,IMU,1461,1164,-192,8388,-81,59,39
46933,IMU,1462,1264,-284,8436,-82,48,40
46953,IMU,1463,1216,-272,8444,-76,63,44
46972,IMU,1464,1236,-304,8340,-80,67,43
46991,IMU,1465,1076,-296,8424,-81,67,43
47010,IMU,1466,1168,-288,8412,-99,60,53
47029,IMU,1467,1124,-248,8472,-99,56,42
47048,IMU,1468,1236,-300,8488,-99,65,47
47068,IMU,1469,1112,-232,8360,-81,63,47
47087,IMU,1470,1248,-280,8448,-87,58,45
47107,IMU,1471,1048,-268,8368,-76,52,40
47125,IMU,1472,1220,-232,8448,-107,44,29
47144,IMU,1473,1136,-260,8420,-106,62,50
47163,IMU,1474,1116,-200,8452,-86,63,49
47183,IMU,1475,1160,-256,8480,-107,50,46
47202,IMU,1476,1092,-368,8364,-84,70,48
47221,IMU,1477,1140,-176,8468,-92,62,39
47240,IMU,1478,1064,-192,8504,-89,49,47
47259,IMU,1479,1168,-164,8496,-110,57,40
47278,IMU,1480,1248,-148,8412,-76,61,42
47298,IMU,1481,1108,-268,8388,-98,64,62
47318,IMU,1482,1220,-240,8476,-98,67,33
47336,IMU,1483,1180,-120,8428,-82,56,43
47355,IMU,1484,1192,-220,8500,-93,52,39
47374,IMU,1485,1076,-120,8424,-99,48,42
47393,IMU,1486,1188,-272,8384,-82,53,22
47413,IMU,1487,1140,-180,8452,-89,64,50
47432,IMU,1488,1144,-312,8364,-87,58,42
47451,IMU,1489,1216,-176,8388,-86,71,42
47470,IMU,1490,1144,-392,8412,-77,67,39
47489,IMU,1491,1192,-232,8484,-96,64,44
47508,IMU,1492,1172,-172,8412,-86,57,46
47528,IMU,1493,1164,-340,8412,-88,59,24
47547,IMU,1494,1244,-180,8424,-92,67,51
47566,IMU,1495,1068,-324,8428,-105,61,51
47585,IMU,1496,1180,-264,8372,-80,49,17
47604,IMU,1497,1160,-300,8396,-94,48,55
47623,IMU,1498,1048,-180,8432,-94,66,32
47643,IMU,1499,1148,-240,8364,-94,58,41
47664,IMU,1500,1212,-264,8472,-86,60,39
47681,IMU,1501,1136,-268,8360,-107,62,45
47699,IMU,1502,1160,-328,8452,-91,54,41
47719,IMU,1503,1036,-264,8384,-97,63,43
47738,IMU,1504,1236,-368,8364,-86,71,35
47757,IMU,1505,1172,-236,8428,-93,70,43
47776,IMU,1506,1104,-268,8408,-88,58,49
47797,IMU,1507,1192,-272,8464,-75,47,29
47814,IMU,1508,1152,-284,8384,-93,70,45
47834,IMU,1509,1156,-256,8452,-96,53,54
47853,IMU,1510,1212,-152,8248,-85,60,48
47872,IMU,1511,1172,-304,8392,-88,66,42
47891,IMU,1512,1200,-220,8376,-89,54,36
47911,IMU,1513,1172,-216,8332,-84,55,44
47929,IMU,1514,1128,-292,8352,-96,69,47
47949,IMU,1515,1140,-196,8408,-76,56,43
47968,IMU,1516,1180,-296,8336,-82,58,36
47987,IMU,1517,1188,-200,8392,-96,63,52
48006,IMU,1518,1172,-240,8336,-93,70,35
48025,IMU,1519,1080,-264,8460,-82,51,52
48044,IMU,1520,1168,-288,8352,-96,55,45
48064,IMU,1521,1192,-268,8416,-80,60,54
48083,IMU,1522,1212,-300,8372,-83,68,35
48102,IMU,1523,1248,-284,8420,-101,57,52
48121,IMU,1524,1144,-264,8376,-86,59,48
48141,IMU,1525,1136,-204,8320,-99,86,46
48159,IMU,1526,1092,-232,8400,-69,65,50
48178,IMU,1527,1132,-256,8452,-102,48,34
48198,IMU,1528,1112,-340,8360,-94,69,58
48217,IMU,1529,1176,-272,8328,-88,65,38
48236,IMU,1530,1200,-304,8424,-87,60,50
48255,IMU,1531,1176,-236,8324,-80,66,46
48276,IMU,1532,1124,-216,8492,-98,58,55
48293,IMU,1533,1212,-280,8404,-80,52,30
48313,IMU,1534,1144,-208,8440,-76,49,29
48332,IMU,1535,1256,-324,8372,-91,55,30
48351,IMU,1536,1212,-236,8420,-98,57,49
48370,IMU,1537,1116,-296,8476,-82,44,47
48389,IMU,1538,1136,-224,8332,-86,67,39
48408,IMU,1539,1132,-316,8428,-89,63,51
48428,IMU,1540,1200,-220,8380,-78,57,39
48447,IMU,1541,1192,-256,8372,-89,65,47
48466,IMU,1542,1236,-280,8396,-82,58,35
48485,IMU,1543,1064,-304,8344,-96,65,39
48504,IMU,1544,1244,-240,8412,-98,62,50
48523,IMU,1545,1236,-152,8408,-101,48,53
48542,IMU,1546,1096,-268,8364,-94,53,40
48562,IMU,1547,1124,-300,8428,-103,59,53
48581,IMU,1548,1196,-268,8356,-96,72,51
48600,IMU,1549,1164,-244,8312,-70,62,36
48619,IMU,1550,1292,-192,8356,-101,58,28
48638,IMU,1551,1212,-244,8368,-94,43,48
48657,IMU,1552,1204,-228,8508,-96,71,35
48677,IMU,1553,1200,-156,8388,-67,60,41
48697,IMU,1554,1268,-364,8356,-62,47,41
48715,IMU,1555,1168,-248,8396,-90,45,48
48734,IMU,1556,1136,-168,8468,-97,62,34
48755,IMU,1557,1128,-352,8324,-85,56,44
48772,IMU,1558,1212,-364,8420,-91,40,43
48792,IMU,1559,1228,-112,8420,-90,62,34
48811,IMU,1560,1184,-292,8428,-94,71,37
48830,IMU,1561,1108,-164,8368,-91,59,33
48849,IMU,1562,1172,-248,8468,-75,62,42
48868,IMU,1563,1180,-244,8404,-85,55,21
48887,IMU,1564,1120,-324,8416,-95,64,34
48907,IMU,1565,1160,-316,8448,-81,68,38
48926,IMU,1566,1100,-180,8400,-86,62,39
48945,IMU,1567,1124,-184,8456,-85,52,29
48964,IMU,1568,1244,-248,8428,-110,54,52
48983,IMU,1569,1092,-384,8496,-99,67,45
49002,IMU,1570,1164,-224,8424,-83,53,49
