timestamp_ms,type,seq,v1,v2,v3,v4,v5,v6
17805,META_START,10,16753,0,0,0,0,0
18948,IMU,0,-1580,-700,-7892,-94,54,52
18959,IMU,1,-1588,-720,-7868,-82,85,48
18979,IMU,2,-1604,-640,-7976,-77,57,34
18998,IMU,3,-1672,-664,-7952,-104,69,34
19017,IMU,4,-1676,-748,-7840,-78,92,51
19036,IMU,5,-1656,-632,-7940,-95,67,53
19055,IMU,6,-1688,-712,-7868,-89,64,48
19074,IMU,7,-1640,-708,-7872,-98,55,39
19093,IMU,8,-1596,-644,-7924,-105,65,39
19112,IMU,9,-1664,-640,-7836,-79,69,42
19131,IMU,10,-1644,-676,-7868,-109,61,21
19151,IMU,11,-1628,-624,-7992,-89,90,23
19170,IMU,12,-1636,-624,-7928,-95,72,38
19189,IMU,13,-1636,-680,-7912,-112,60,46
19208,IMU,14,-1656,-628,-7848,-74,66,51
19227,IMU,15,-1516,-704,-7952,-66,65,28
19246,IMU,16,-1776,-660,-7936,-95,56,33
19265,IMU,17,-1624,-660,-8016,-85,72,31
19284,IMU,18,-1652,-608,-7840,-94,68,48
19303,IMU,19,-1620,-652,-7892,-122,47,32
19323,IMU,20,-1656,-688,-7992,-69,62,42
19342,IMU,21,-1676,-668,-7992,-101,73,46
19361,IMU,22,-1660,-584,-7996,-92,80,44
19380,IMU,23,-1628,-688,-7888,-90,59,56
19399,IMU,24,-1640,-732,-7888,-91,70,20
19419,IMU,25,-1660,-652,-7904,-88,78,41
19438,IMU,26,-1572,-576,-7904,-99,71,41
19457,IMU,27,-1708,-624,-7976,-111,59,31
19476,IMU,28,-1656,-580,-7920,-80,67,18
19495,IMU,29,-1716,-700,-7960,-107,60,27
19514,IMU,30,-1608,-716,-7884,-89,67,36
19533,IMU,31,-1732,-764,-7844,-73,55,62
19552,IMU,32,-1600,-732,-7820,-95,79,40
19571,IMU,33,-1636,-596,-7912,-87,59,26
19591,IMU,34,-1604,-536,-7972,-85,49,48
19610,IMU,35,-1752,-580,-7960,-95,50,45
19629,IMU,36,-1676,-636,-7976,-98,63,41
19648,IMU,37,-1568,-688,-7884,-97,71,20
19667,IMU,38,-1656,-680,-7892,-102,71,28
19686,IMU,39,-1612,-588,-7892,-90,69,48
19705,IMU,40,-1748,-668,-7864,-85,77,40
19724,IMU,41,-1568,-584,-7856,-76,73,46
19743,IMU,42,-1592,-608,-7864,-87,45,31
19763,IMU,43,-1692,-756,-7912,-87,77,50
19782,IMU,44,-1564,-740,-7956,-94,63,46
19801,IMU,45,-1644,-608,-7912,-100,59,42
19820,IMU,46,-1596,-716,-7920,-108,86,33
19839,IMU,47,-1644,-640,-7864,-108,65,31
19859,IMU,48,-1740,-660,-7864,-77,65,50
19878,IMU,49,-1652,-712,-7980,-107,69,51
19897,IMU,50,-1720,-696,-7948,-95,62,52
19920,IMU,51,-1636,-592,-7868,-108,74,36
19935,IMU,52,-1764,-780,-7948,-102,63,57
19954,IMU,53,-1672,-680,-7984,-94,78,47
19973,IMU,54,-1664,-712,-7876,-96,58,20
19992,IMU,55,-1572,-644,-7916,-87,74,38
20011,IMU,56,-1608,-776,-7912,-100,73,30
20030,IMU,57,-1612,-528,-7948,-84,56,49
20050,IMU,58,-1684,-660,-7936,-92,102,45
20069,IMU,59,-1696,-624,-7980,-86,53,37
20088,IMU,60,-1656,-680,-7908,-95,61,38
20107,IMU,61,-1660,-688,-7896,-107,61,55
20126,IMU,62,-1688,-672,-7932,-92,57,41
20148,IMU,63,-1612,-612,-7892,-94,64,38
20164,IMU,64,-1612,-664,-7852,-79,60,35
20184,IMU,65,-1532,-648,-7928,-107,63,39
20203,IMU,66,-1628,-640,-7956,-99,63,52
20222,IMU,67,-1576,-744,-7876,-73,73,45
20241,IMU,68,-1612,-700,-7928,-101,69,41
20260,IMU,69,-1560,-600,-7872,-86,83,35
20279,IMU,70,-1632,-748,-7928,-98,65,47
20299,IMU,71,-1652,-620,-7956,-94,76,52
20318,IMU,72,-1664,-696,-7964,-85,79,63
20337,IMU,73,-1736,-668,-7968,-102,50,32
20359,IMU,74,-1596,-656,-7944,-89,69,31
20375,IMU,75,-1648,-724,-7824,-101,54,48
20394,IMU,76,-1700,-612,-7936,-89,66,35
20414,IMU,77,-1624,-792,-7888,-93,84,31
20433,IMU,78,-1488,-628,-7892,-90,69,49
20452,IMU,79,-1608,-672,-7892,-97,57,56
20471,IMU,80,-1596,-556,-7948,-94,60,48
20490,IMU,81,-1572,-660,-7900,-111,64,49
20509,IMU,82,-1596,-676,-7872,-85,65,43
20528,IMU,83,-1672,-704,-7916,-88,67,35
20548,IMU,84,-1540,-636,-7908,-96,69,38
20567,IMU,85,-1696,-740,-7908,-96,63,32
20588,IMU,86,-1776,-636,-7912,-78,66,43
20605,IMU,87,-1572,-732,-7868,-92,74,26
20625,IMU,88,-1652,-732,-8028,-88,68,35
20643,IMU,89,-1704,-632,-7972,-98,55,45
20663,IMU,90,-1600,-736,-7952,-112,60,42
20682,IMU,91,-1692,-716,-7960,-93,60,40
20701,IMU,92,-1612,-696,-7928,-100,73,47
20720,IMU,93,-1632,-644,-7884,-106,84,33
20739,IMU,94,-1636,-596,-7896,-102,67,39
20758,IMU,95,-1680,-752,-7884,-95,72,41
20778,IMU,96,-1544,-624,-7972,-106,67,42
20799,IMU,97,-1696,-684,-7828,-98,57,32
20816,IMU,98,-1648,-624,-7924,-94,53,41
20835,IMU,99,-1632,-596,-7924,-95,65,42
20854,IMU,100,-1600,-688,-7824,-102,60,64
20873,IMU,101,-1636,-584,-7856,-89,47,40
20892,IMU,102,-1616,-648,-7896,-85,79,33
20912,IMU,103,-1616,-616,-7960,-89,68,39
20931,IMU,104,-1592,-648,-7960,-90,66,34
20950,IMU,105,-1716,-660,-7864,-83,72,37
20969,IMU,106,-1628,-732,-7904,-77,69,53
20988,IMU,107,-1728,-644,-7912,-104,85,53
21007,IMU,108,-1580,-740,-7900,-89,61,35
21028,IMU,109,-1676,-628,-7912,-89,73,31
21046,IMU,110,-1604,-716,-7904,-102,60,29
21065,IMU,111,-1664,-712,-7960,-82,63,43
21084,IMU,112,-1536,-656,-7864,-95,66,49
21103,IMU,113,-1724,-568,-7924,-89,67,28
21122,IMU,114,-1536,-672,-7936,-87,74,40
21141,IMU,115,-1572,-624,-7868,-104,68,31
21160,IMU,116,-1544,-596,-7932,-91,71,53
21182,IMU,117,-1632,-636,-7948,-99,66,30
21199,IMU,118,-1676,-704,-7888,-107,58,30
21218,IMU,119,-1628,-724,-7876,-106,76,52
21239,IMU,120,-1508,-644,-7908,-93,61,54
21256,IMU,121,-1716,-560,-7900,-94,73,49
21275,IMU,122,-1572,-604,-7948,-96,85,41
21295,IMU,123,-1556,-660,-7868,-93,48,39
21314,IMU,124,-1660,-716,-7828,-84,74,40
21333,IMU,125,-1680,-604,-7948,-98,69,45
21352,IMU,126,-1704,-664,-7912,-105,75,56
21371,IMU,127,-1512,-632,-7884,-78,62,39
21390,IMU,128,-1544,-592,-7880,-111,61,43
21410,IMU,129,-1636,-608,-7824,-94,72,27
21429,IMU,130,-1544,-632,-7816,-92,62,29
21450,IMU,131,-1660,-552,-7952,-71,72,60
21467,IMU,132,-1592,-644,-7976,-78,65,52
21486,IMU,133,-1576,-588,-7936,-92,74,27
21505,IMU,134,-1696,-628,-7948,-98,74,44
21524,IMU,135,-1668,-656,-7876,-100,53,29
21544,IMU,136,-1584,-668,-7836,-88,72,59
21563,IMU,137,-1560,-660,-7936,-108,65,46
21582,IMU,138,-1676,-632,-7912,-93,85,47
21601,IMU,139,-1624,-720,-7980,-87,71,33
21620,IMU,140,-1556,-584,-7964,-103,81,56
21639,IMU,141,-1572,-728,-8000,-96,75,37
21659,IMU,142,-1636,-632,-7916,-85,73,32
21681,IMU,143,-1656,-716,-7836,-106,71,40
21697,IMU,144,-1744,-608,-7900,-92,69,44
21716,IMU,145,-1620,-720,-7936,-96,50,45
21735,IMU,146,-1624,-656,-7940,-90,61,34
21754,IMU,147,-1700,-496,-7908,-105,53,46
21774,IMU,148,-1516,-580,-7888,-92,73,41
21793,IMU,149,-1468,-640,-7896,-104,72,55
21812,IMU,150,-1588,-636,-7956,-93,46,43
21831,IMU,151,-1636,-616,-7896,-88,74,49
21850,IMU,152,-1636,-636,-7964,-85,71,29
21869,IMU,153,-1624,-680,-7916,-90,62,35
21892,IMU,154,-1572,-644,-7960,-87,69,45
21908,IMU,155,-1704,-676,-7896,-98,51,48
21927,IMU,156,-1632,-744,-7892,-74,86,46
21946,IMU,157,-1600,-576,-7888,-94,61,29
21965,IMU,158,-1724,-648,-7944,-112,63,42
21984,IMU,159,-1536,-552,-7892,-98,73,30
22003,IMU,160,-1640,-708,-8048,-85,58,52
22023,IMU,161,-1620,-756,-7852,-86,85,25
22042,IMU,162,-1716,-688,-7900,-90,67,43
22061,IMU,163,-1704,-688,-7960,-81,62,32
22080,IMU,164,-1680,-540,-7864,-94,68,23
22099,IMU,165,-1612,-624,-7820,-93,78,56
22120,IMU,166,-1592,-688,-7932,-99,75,41
22138,IMU,167,-1600,-608,-7884,-88,55,38
22157,IMU,168,-1636,-716,-7864,-85,75,34
22176,IMU,169,-1668,-696,-7960,-84,57,45
22195,IMU,170,-1604,-648,-7884,-86,91,40
22216,IMU,171,-1636,-588,-7924,-100,63,50
22233,IMU,172,-1592,-588,-7872,-70,91,45
22252,IMU,173,-1644,-648,-7852,-85,68,37
22271,IMU,174,-1656,-532,-7892,-97,72,24
22291,IMU,175,-1716,-704,-7868,-72,58,37
22310,IMU,176,-1732,-676,-7872,-88,62,34
22331,IMU,177,-1644,-728,-7900,-71,68,55
22348,IMU,178,-1596,-644,-7968,-99,67,34
22367,IMU,179,-1576,-616,-7916,-104,63,46
22386,IMU,180,-1640,-708,-7896,-86,69,35
22405,IMU,181,-1640,-664,-7868,-105,66,35
22424,IMU,182,-1612,-712,-7952,-78,66,37
22443,IMU,183,-1596,-672,-7864,-88,69,59
22463,IMU,184,-1728,-708,-7932,-113,60,50
22482,IMU,185,-1616,-648,-7928,-96,59,28
22501,IMU,186,-1640,-676,-7940,-85,72,23
22520,IMU,187,-1636,-600,-7880,-93,66,36
22541,IMU,188,-1728,-700,-7896,-84,73,47
22559,IMU,189,-1548,-660,-7892,-94,66,22
22578,IMU,190,-1656,-660,-7860,-77,70,41
22597,IMU,191,-1688,-644,-7932,-93,75,31
22616,IMU,192,-1676,-632,-8016,-86,65,47
22635,IMU,193,-1604,-644,-7864,-79,61,46
22654,IMU,194,-1660,-628,-7868,-85,70,20
22673,IMU,195,-1672,-716,-7904,-94,77,42
22692,IMU,196,-1632,-684,-7912,-77,85,59
22711,IMU,197,-1676,-692,-7904,-98,60,45
22730,IMU,198,-1748,-692,-7876,-100,65,35
22750,IMU,199,-1664,-648,-7992,-79,65,40
22770,IMU,200,-1624,-600,-7888,-100,76,34
22788,IMU,201,-1532,-508,-7936,-85,72,30
22807,IMU,202,-1596,-576,-7952,-86,67,24
22826,IMU,203,-1608,-616,-7964,-102,59,48
22845,IMU,204,-1636,-608,-7896,-73,84,51
22864,IMU,205,-1564,-720,-7900,-88,65,42
22884,IMU,206,-1672,-592,-7888,-82,73,58
22903,IMU,207,-1680,-648,-7976,-72,83,32
18927,ECG,0,0,0,0,0,0,0
18927,ECG,1,0,0,0,0,0,0
18927,ECG,2,4,0,0,0,0,0
18927,ECG,3,-5,0,0,0,0,0
18927,ECG,4,-10,0,0,0,0,0
18937,ECG,5,11,0,0,0,0,0
18937,ECG,6,-44,0,0,0,0,0
18937,ECG,7,8,0,0,0,0,0
18937,ECG,8,18,0,0,0,0,0
18937,ECG,9,-160,0,0,0,0,0
18947,ECG,10,743,0,0,0,0,0
18947,ECG,11,2097,0,0,0,0,0
18947,ECG,12,1837,0,0,0,0,0
18947,ECG,13,22,0,0,0,0,0
18947,ECG,14,-3410,0,0,0,0,0
18957,ECG,15,-8747,0,0,0,0,0
18957,ECG,16,-15176,0,0,0,0,0
18957,ECG,17,-21711,0,0,0,0,0
18957,ECG,18,-27421,0,0,0,0,0
18957,ECG,19,-31337,0,0,0,0,0
18966,ECG,20,-32025,0,0,0,0,0
18966,ECG,21,-31824,0,0,0,0,0
18966,ECG,22,-31625,0,0,0,0,0
18966,ECG,23,-31372,0,0,0,0,0
18966,ECG,24,-31139,0,0,0,0,0
18976,ECG,25,-31035,0,0,0,0,0
18976,ECG,26,-30762,0,0,0,0,0
18976,ECG,27,-30622,0,0,0,0,0
18976,ECG,28,-30428,0,0,0,0,0
18976,ECG,29,-30227,0,0,0,0,0
18986,ECG,30,-30052,0,0,0,0,0
18986,ECG,31,-29861,0,0,0,0,0
18986,ECG,32,-29672,0,0,0,0,0
18986,ECG,33,-29486,0,0,0,0,0
18986,ECG,34,-29302,0,0,0,0,0
18996,ECG,35,-29118,0,0,0,0,0
18996,ECG,36,-28936,0,0,0,0,0
18996,ECG,37,-28755,0,0,0,0,0
18996,ECG,38,-28575,0,0,0,0,0
18996,ECG,39,-28396,0,0,0,0,0
19006,ECG,40,-28219,0,0,0,0,0
19006,ECG,41,-28042,0,0,0,0,0
19006,ECG,42,-27866,0,0,0,0,0
19006,ECG,43,-27692,0,0,0,0,0
19006,ECG,44,-27519,0,0,0,0,0
19015,ECG,45,-27346,0,0,0,0,0
19015,ECG,46,-27175,0,0,0,0,0
19015,ECG,47,-27005,0,0,0,0,0
19015,ECG,48,-26836,0,0,0,0,0
19015,ECG,49,-26668,0,0,0,0,0
19025,ECG,50,-26501,0,0,0,0,0
19025,ECG,51,-26335,0,0,0,0,0
19025,ECG,52,-26171,0,0,0,0,0
19025,ECG,53,-26007,0,0,0,0,0
19025,ECG,54,-25844,0,0,0,0,0
19035,ECG,55,-25682,0,0,0,0,0
19035,ECG,56,-25522,0,0,0,0,0
19035,ECG,57,-25362,0,0,0,0,0
19035,ECG,58,-25203,0,0,0,0,0
19035,ECG,59,-25045,0,0,0,0,0
19045,ECG,60,-24889,0,0,0,0,0
19045,ECG,61,-24733,0,0,0,0,0
19045,ECG,62,-24578,0,0,0,0,0
19045,ECG,63,-24424,0,0,0,0,0
19045,ECG,64,-24272,0,0,0,0,0
19055,ECG,65,-24120,0,0,0,0,0
19055,ECG,66,-23969,0,0,0,0,0
19055,ECG,67,-23819,0,0,0,0,0
19055,ECG,68,-23670,0,0,0,0,0
19055,ECG,69,-23521,0,0,0,0,0
19064,ECG,70,-23374,0,0,0,0,0
19064,ECG,71,-23228,0,0,0,0,0
19064,ECG,72,-23083,0,0,0,0,0
19064,ECG,73,-22938,0,0,0,0,0
19064,ECG,74,-22795,0,0,0,0,0
19074,ECG,75,-22652,0,0,0,0,0
19074,ECG,76,-22510,0,0,0,0,0
19074,ECG,77,-22369,0,0,0,0,0
19074,ECG,78,-22229,0,0,0,0,0
19074,ECG,79,-22090,0,0,0,0,0
19084,ECG,80,-21952,0,0,0,0,0
19084,ECG,81,-21815,0,0,0,0,0
19084,ECG,82,-21678,0,0,0,0,0
19084,ECG,83,-21543,0,0,0,0,0
19084,ECG,84,-21408,0,0,0,0,0
19094,ECG,85,-21274,0,0,0,0,0
19094,ECG,86,-21141,0,0,0,0,0
19094,ECG,87,-21008,0,0,0,0,0
19094,ECG,88,-20877,0,0,0,0,0
19094,ECG,89,-20746,0,0,0,0,0
19103,ECG,90,-20616,0,0,0,0,0
19103,ECG,91,-20487,0,0,0,0,0
19103,ECG,92,-20359,0,0,0,0,0
19103,ECG,93,-20232,0,0,0,0,0
19103,ECG,94,-20105,0,0,0,0,0
19113,ECG,95,-19979,0,0,0,0,0
19113,ECG,96,-19854,0,0,0,0,0
19113,ECG,97,-19730,0,0,0,0,0
19113,ECG,98,-19607,0,0,0,0,0
19113,ECG,99,-19484,0,0,0,0,0
19123,ECG,100,-19362,0,0,0,0,0
19123,ECG,101,-19241,0,0,0,0,0
19123,ECG,102,-19120,0,0,0,0,0
19123,ECG,103,-19000,0,0,0,0,0
19123,ECG,104,-18881,0,0,0,0,0
19133,ECG,105,-18763,0,0,0,0,0
19133,ECG,106,-18646,0,0,0,0,0
19133,ECG,107,-18529,0,0,0,0,0
19133,ECG,108,-18413,0,0,0,0,0
19133,ECG,109,-18298,0,0,0,0,0
19143,ECG,110,-18183,0,0,0,0,0
19143,ECG,111,-18069,0,0,0,0,0
19143,ECG,112,-17956,0,0,0,0,0
19143,ECG,113,-17844,0,0,0,0,0
19143,ECG,114,-17732,0,0,0,0,0
19152,ECG,115,-17621,0,0,0,0,0
19152,ECG,116,-17511,0,0,0,0,0
19152,ECG,117,-17402,0,0,0,0,0
19152,ECG,118,-17293,0,0,0,0,0
19152,ECG,119,-17185,0,0,0,0,0
19162,ECG,120,-17077,0,0,0,0,0
19162,ECG,121,-16970,0,0,0,0,0
19162,ECG,122,-16864,0,0,0,0,0
19162,ECG,123,-16759,0,0,0,0,0
19162,ECG,124,-16654,0,0,0,0,0
19172,ECG,125,-16550,0,0,0,0,0
19172,ECG,126,-16446,0,0,0,0,0
19172,ECG,127,-16343,0,0,0,0,0
19172,ECG,128,-16241,0,0,0,0,0
19172,ECG,129,-16139,0,0,0,0,0
19182,ECG,130,-16038,0,0,0,0,0
19182,ECG,131,-15938,0,0,0,0,0
19182,ECG,132,-15838,0,0,0,0,0
19182,ECG,133,-15739,0,0,0,0,0
19182,ECG,134,-15641,0,0,0,0,0
19192,ECG,135,-15543,0,0,0,0,0
19192,ECG,136,-15446,0,0,0,0,0
19192,ECG,137,-15349,0,0,0,0,0
19192,ECG,138,-15253,0,0,0,0,0
19192,ECG,139,-15158,0,0,0,0,0
19201,ECG,140,-15063,0,0,0,0,0
19201,ECG,141,-14969,0,0,0,0,0
19201,ECG,142,-14875,0,0,0,0,0
19201,ECG,143,-14782,0,0,0,0,0
19201,ECG,144,-14690,0,0,0,0,0
19211,ECG,145,-14598,0,0,0,0,0
19211,ECG,146,-14506,0,0,0,0,0
19211,ECG,147,-14416,0,0,0,0,0
19211,ECG,148,-14325,0,0,0,0,0
19211,ECG,149,-14236,0,0,0,0,0
19221,ECG,150,-14147,0,0,0,0,0
19221,ECG,151,-14058,0,0,0,0,0
19221,ECG,152,-13970,0,0,0,0,0
19221,ECG,153,-13883,0,0,0,0,0
19221,ECG,154,-13796,0,0,0,0,0
19231,ECG,155,-13710,0,0,0,0,0
19231,ECG,156,-13624,0,0,0,0,0
19231,ECG,157,-13539,0,0,0,0,0
19231,ECG,158,-13454,0,0,0,0,0
19231,ECG,159,-13370,0,0,0,0,0
19241,ECG,160,-13286,0,0,0,0,0
19241,ECG,161,-13203,0,0,0,0,0
19241,ECG,162,-13121,0,0,0,0,0
19241,ECG,163,-13039,0,0,0,0,0
19241,ECG,164,-12957,0,0,0,0,0
19250,ECG,165,-12876,0,0,0,0,0
19250,ECG,166,-12796,0,0,0,0,0
19250,ECG,167,-12716,0,0,0,0,0
19250,ECG,168,-12636,0,0,0,0,0
19250,ECG,169,-12557,0,0,0,0,0
19260,ECG,170,-12479,0,0,0,0,0
19260,ECG,171,-12401,0,0,0,0,0
19260,ECG,172,-12323,0,0,0,0,0
19260,ECG,173,-12246,0,0,0,0,0
19260,ECG,174,-12170,0,0,0,0,0
19270,ECG,175,-12094,0,0,0,0,0
19270,ECG,176,-12018,0,0,0,0,0
19270,ECG,177,-11943,0,0,0,0,0
19270,ECG,178,-11868,0,0,0,0,0
19270,ECG,179,-11794,0,0,0,0,0
19280,ECG,180,-11720,0,0,0,0,0
19280,ECG,181,-11647,0,0,0,0,0
19280,ECG,182,-11574,0,0,0,0,0
19280,ECG,183,-11502,0,0,0,0,0
19280,ECG,184,-11430,0,0,0,0,0
19290,ECG,185,-11358,0,0,0,0,0
19290,ECG,186,-11287,0,0,0,0,0
19290,ECG,187,-11217,0,0,0,0,0
19290,ECG,188,-11147,0,0,0,0,0
19290,ECG,189,-11077,0,0,0,0,0
19299,ECG,190,-11008,0,0,0,0,0
19299,ECG,191,-10939,0,0,0,0,0
19299,ECG,192,-10870,0,0,0,0,0
19299,ECG,193,-10802,0,0,0,0,0
19299,ECG,194,-10735,0,0,0,0,0
19309,ECG,195,-10668,0,0,0,0,0
19309,ECG,196,-10601,0,0,0,0,0
19309,ECG,197,-10535,0,0,0,0,0
19309,ECG,198,-10469,0,0,0,0,0
19309,ECG,199,-10404,0,0,0,0,0
19319,ECG,200,-10339,0,0,0,0,0
19319,ECG,201,-10274,0,0,0,0,0
19319,ECG,202,-10210,0,0,0,0,0
19319,ECG,203,-10146,0,0,0,0,0
19319,ECG,204,-10082,0,0,0,0,0
19329,ECG,205,-10019,0,0,0,0,0
19329,ECG,206,-9957,0,0,0,0,0
19329,ECG,207,-9894,0,0,0,0,0
19329,ECG,208,-9833,0,0,0,0,0
19329,ECG,209,-9771,0,0,0,0,0
19338,ECG,210,-9710,0,0,0,0,0
19338,ECG,211,-9649,0,0,0,0,0
19338,ECG,212,-9589,0,0,0,0,0
19338,ECG,213,-9529,0,0,0,0,0
19338,ECG,214,-9470,0,0,0,0,0
19348,ECG,215,-9410,0,0,0,0,0
19348,ECG,216,-9352,0,0,0,0,0
19348,ECG,217,-9293,0,0,0,0,0
19348,ECG,218,-9235,0,0,0,0,0
19348,ECG,219,-9177,0,0,0,0,0
19358,ECG,220,-9120,0,0,0,0,0
19358,ECG,221,-9063,0,0,0,0,0
19358,ECG,222,-9006,0,0,0,0,0
19358,ECG,223,-8950,0,0,0,0,0
19358,ECG,224,-8894,0,0,0,0,0
19368,ECG,225,-8839,0,0,0,0,0
19368,ECG,226,-8783,0,0,0,0,0
19368,ECG,227,-8728,0,0,0,0,0
19368,ECG,228,-8674,0,0,0,0,0
19368,ECG,229,-8620,0,0,0,0,0
19378,ECG,230,-8566,0,0,0,0,0
19378,ECG,231,-8512,0,0,0,0,0
19378,ECG,232,-8459,0,0,0,0,0
19378,ECG,233,-8406,0,0,0,0,0
19378,ECG,234,-8354,0,0,0,0,0
19387,ECG,235,-8302,0,0,0,0,0
19387,ECG,236,-8250,0,0,0,0,0
19387,ECG,237,-8198,0,0,0,0,0
19387,ECG,238,-8147,0,0,0,0,0
19387,ECG,239,-8096,0,0,0,0,0
19397,ECG,240,-8046,0,0,0,0,0
19397,ECG,241,-7995,0,0,0,0,0
19397,ECG,242,-7945,0,0,0,0,0
19397,ECG,243,-7896,0,0,0,0,0
19397,ECG,244,-7846,0,0,0,0,0
19407,ECG,245,-7797,0,0,0,0,0
19407,ECG,246,-7749,0,0,0,0,0
19407,ECG,247,-7700,0,0,0,0,0
19407,ECG,248,-7652,0,0,0,0,0
19407,ECG,249,-7604,0,0,0,0,0
19417,ECG,250,-7557,0,0,0,0,0
19417,ECG,251,-7510,0,0,0,0,0
19417,ECG,252,-7463,0,0,0,0,0
19417,ECG,253,-7416,0,0,0,0,0
19417,ECG,254,-7370,0,0,0,0,0
19427,ECG,255,-7324,0,0,0,0,0
19427,ECG,256,-7278,0,0,0,0,0
19427,ECG,257,-7233,0,0,0,0,0
19427,ECG,258,-7187,0,0,0,0,0
19427,ECG,259,-7142,0,0,0,0,0
19436,ECG,260,-7098,0,0,0,0,0
19436,ECG,261,-7054,0,0,0,0,0
19436,ECG,262,-7010,0,0,0,0,0
19436,ECG,263,-6966,0,0,0,0,0
19436,ECG,264,-6922,0,0,0,0,0
19446,ECG,265,-6879,0,0,0,0,0
19446,ECG,266,-6836,0,0,0,0,0
19446,ECG,267,-6793,0,0,0,0,0
19446,ECG,268,-6751,0,0,0,0,0
19446,ECG,269,-6709,0,0,0,0,0
19456,ECG,270,-6667,0,0,0,0,0
19456,ECG,271,-6625,0,0,0,0,0
19456,ECG,272,-6584,0,0,0,0,0
19456,ECG,273,-6543,0,0,0,0,0
19456,ECG,274,-6502,0,0,0,0,0
19466,ECG,275,-6461,0,0,0,0,0
19466,ECG,276,-6421,0,0,0,0,0
19466,ECG,277,-6381,0,0,0,0,0
19466,ECG,278,-6341,0,0,0,0,0
19466,ECG,279,-6302,0,0,0,0,0
19476,ECG,280,-6263,0,0,0,0,0
19476,ECG,281,-6224,0,0,0,0,0
19476,ECG,282,-6185,0,0,0,0,0
19476,ECG,283,-6146,0,0,0,0,0
19476,ECG,284,-6108,0,0,0,0,0
19485,ECG,285,-6070,0,0,0,0,0
19485,ECG,286,-6032,0,0,0,0,0
19485,ECG,287,-5994,0,0,0,0,0
19485,ECG,288,-5957,0,0,0,0,0
19485,ECG,289,-5919,0,0,0,0,0
19495,ECG,290,-5882,0,0,0,0,0
19495,ECG,291,-5846,0,0,0,0,0
19495,ECG,292,-5809,0,0,0,0,0
19495,ECG,293,-5773,0,0,0,0,0
19495,ECG,294,-5737,0,0,0,0,0
19505,ECG,295,-5701,0,0,0,0,0
19505,ECG,296,-5666,0,0,0,0,0
19505,ECG,297,-5630,0,0,0,0,0
19505,ECG,298,-5595,0,0,0,0,0
19505,ECG,299,-5560,0,0,0,0,0
19515,ECG,300,-5525,0,0,0,0,0
19515,ECG,301,-5491,0,0,0,0,0
19515,ECG,302,-5457,0,0,0,0,0
19515,ECG,303,-5423,0,0,0,0,0
19515,ECG,304,-5389,0,0,0,0,0
19524,ECG,305,-5355,0,0,0,0,0
19524,ECG,306,-5322,0,0,0,0,0
19524,ECG,307,-5288,0,0,0,0,0
19524,ECG,308,-5255,0,0,0,0,0
19524,ECG,309,-5223,0,0,0,0,0
19534,ECG,310,-5190,0,0,0,0,0
19534,ECG,311,-5158,0,0,0,0,0
19534,ECG,312,-5125,0,0,0,0,0
19534,ECG,313,-5093,0,0,0,0,0
19534,ECG,314,-5062,0,0,0,0,0
19544,ECG,315,-5030,0,0,0,0,0
19544,ECG,316,-4999,0,0,0,0,0
19544,ECG,317,-4967,0,0,0,0,0
19544,ECG,318,-4936,0,0,0,0,0
19544,ECG,319,-4906,0,0,0,0,0
19554,ECG,320,-4875,0,0,0,0,0
19554,ECG,321,-4845,0,0,0,0,0
19554,ECG,322,-4814,0,0,0,0,0
19554,ECG,323,-4784,0,0,0,0,0
19554,ECG,324,-4755,0,0,0,0,0
19564,ECG,325,-4725,0,0,0,0,0
19564,ECG,326,-4695,0,0,0,0,0
19564,ECG,327,-4666,0,0,0,0,0
19564,ECG,328,-4637,0,0,0,0,0
19564,ECG,329,-4608,0,0,0,0,0
19573,ECG,330,-4579,0,0,0,0,0
19573,ECG,331,-4551,0,0,0,0,0
19573,ECG,332,-4522,0,0,0,0,0
19573,ECG,333,-4494,0,0,0,0,0
19573,ECG,334,-4466,0,0,0,0,0
19583,ECG,335,-4438,0,0,0,0,0
19583,ECG,336,-4411,0,0,0,0,0
19583,ECG,337,-4383,0,0,0,0,0
19583,ECG,338,-4356,0,0,0,0,0
19583,ECG,339,-4329,0,0,0,0,0
19593,ECG,340,-4302,0,0,0,0,0
19593,ECG,341,-4275,0,0,0,0,0
19593,ECG,342,-4248,0,0,0,0,0
19593,ECG,343,-4222,0,0,0,0,0
19593,ECG,344,-4195,0,0,0,0,0
19603,ECG,345,-4169,0,0,0,0,0
19603,ECG,346,-4143,0,0,0,0,0
19603,ECG,347,-4117,0,0,0,0,0
19603,ECG,348,-4092,0,0,0,0,0
19603,ECG,349,-4066,0,0,0,0,0
19613,ECG,350,-4041,0,0,0,0,0
19613,ECG,351,-4016,0,0,0,0,0
19613,ECG,352,-3991,0,0,0,0,0
19613,ECG,353,-3966,0,0,0,0,0
19613,ECG,354,-3941,0,0,0,0,0
19622,ECG,355,-3917,0,0,0,0,0
19622,ECG,356,-3892,0,0,0,0,0
19622,ECG,357,-3868,0,0,0,0,0
19622,ECG,358,-3844,0,0,0,0,0
19622,ECG,359,-3820,0,0,0,0,0
19632,ECG,360,-3796,0,0,0,0,0
19632,ECG,361,-3772,0,0,0,0,0
19632,ECG,362,-3749,0,0,0,0,0
19632,ECG,363,-3726,0,0,0,0,0
19632,ECG,364,-3702,0,0,0,0,0
19642,ECG,365,-3679,0,0,0,0,0
19642,ECG,366,-3656,0,0,0,0,0
19642,ECG,367,-3634,0,0,0,0,0
19642,ECG,368,-3611,0,0,0,0,0
19642,ECG,369,-3588,0,0,0,0,0
19652,ECG,370,-3566,0,0,0,0,0
19652,ECG,371,-3544,0,0,0,0,0
19652,ECG,372,-3522,0,0,0,0,0
19652,ECG,373,-3500,0,0,0,0,0
19652,ECG,374,-3478,0,0,0,0,0
19661,ECG,375,-3456,0,0,0,0,0
19661,ECG,376,-3435,0,0,0,0,0
19661,ECG,377,-3413,0,0,0,0,0
19661,ECG,378,-3392,0,0,0,0,0
19661,ECG,379,-3371,0,0,0,0,0
19671,ECG,380,-3350,0,0,0,0,0
19671,ECG,381,-3329,0,0,0,0,0
19671,ECG,382,-3309,0,0,0,0,0
19671,ECG,383,-3288,0,0,0,0,0
19671,ECG,384,-3268,0,0,0,0,0
19681,ECG,385,-3247,0,0,0,0,0
19681,ECG,386,-3227,0,0,0,0,0
19681,ECG,387,-3207,0,0,0,0,0
19681,ECG,388,-3187,0,0,0,0,0
19681,ECG,389,-3167,0,0,0,0,0
19691,ECG,390,-3148,0,0,0,0,0
19691,ECG,391,-3128,0,0,0,0,0
19691,ECG,392,-3109,0,0,0,0,0
19691,ECG,393,-3089,0,0,0,0,0
19691,ECG,394,-3070,0,0,0,0,0
19701,ECG,395,-3051,0,0,0,0,0
19701,ECG,396,-3032,0,0,0,0,0
19701,ECG,397,-3013,0,0,0,0,0
19701,ECG,398,-2995,0,0,0,0,0
19701,ECG,399,-2976,0,0,0,0,0
19710,ECG,400,-2957,0,0,0,0,0
19710,ECG,401,-2939,0,0,0,0,0
19710,ECG,402,-2921,0,0,0,0,0
19710,ECG,403,-2902,0,0,0,0,0
19710,ECG,404,-2884,0,0,0,0,0
19720,ECG,405,-2866,0,0,0,0,0
19720,ECG,406,-2849,0,0,0,0,0
19720,ECG,407,-2831,0,0,0,0,0
19720,ECG,408,-2813,0,0,0,0,0
19720,ECG,409,-2796,0,0,0,0,0
19730,ECG,410,-2778,0,0,0,0,0
19730,ECG,411,-2761,0,0,0,0,0
19730,ECG,412,-2744,0,0,0,0,0
19730,ECG,413,-2727,0,0,0,0,0
19730,ECG,414,-2710,0,0,0,0,0
19740,ECG,415,-2693,0,0,0,0,0
19740,ECG,416,-2676,0,0,0,0,0
19740,ECG,417,-2660,0,0,0,0,0
19740,ECG,418,-2643,0,0,0,0,0
19740,ECG,419,-2627,0,0,0,0,0
19750,ECG,420,-2610,0,0,0,0,0
19750,ECG,421,-2594,0,0,0,0,0
19750,ECG,422,-2578,0,0,0,0,0
19750,ECG,423,-2562,0,0,0,0,0
19750,ECG,424,-2546,0,0,0,0,0
19759,ECG,425,-2530,0,0,0,0,0
19759,ECG,426,-2515,0,0,0,0,0
19759,ECG,427,-2499,0,0,0,0,0
19759,ECG,428,-2484,0,0,0,0,0
19759,ECG,429,-2468,0,0,0,0,0
19769,ECG,430,-2453,0,0,0,0,0
19769,ECG,431,-2438,0,0,0,0,0
19769,ECG,432,-2422,0,0,0,0,0
19769,ECG,433,-2407,0,0,0,0,0
19769,ECG,434,-2392,0,0,0,0,0
19779,ECG,435,-2378,0,0,0,0,0
19779,ECG,436,-2363,0,0,0,0,0
19779,ECG,437,-2348,0,0,0,0,0
19779,ECG,438,-2334,0,0,0,0,0
19779,ECG,439,-2319,0,0,0,0,0
19789,ECG,440,-2305,0,0,0,0,0
19789,ECG,441,-2290,0,0,0,0,0
19789,ECG,442,-2276,0,0,0,0,0
19789,ECG,443,-2262,0,0,0,0,0
19789,ECG,444,-2248,0,0,0,0,0
19798,ECG,445,-2234,0,0,0,0,0
19799,ECG,446,-2220,0,0,0,0,0
19799,ECG,447,-2206,0,0,0,0,0
19799,ECG,448,-2193,0,0,0,0,0
19799,ECG,449,-2179,0,0,0,0,0
19808,ECG,450,-2166,0,0,0,0,0
19808,ECG,451,-2152,0,0,0,0,0
19808,ECG,452,-2139,0,0,0,0,0
19808,ECG,453,-2126,0,0,0,0,0
19808,ECG,454,-2112,0,0,0,0,0
19818,ECG,455,-2099,0,0,0,0,0
19818,ECG,456,-2086,0,0,0,0,0
19818,ECG,457,-2073,0,0,0,0,0
19818,ECG,458,-2061,0,0,0,0,0
19818,ECG,459,-2048,0,0,0,0,0
19828,ECG,460,-2035,0,0,0,0,0
19828,ECG,461,-2023,0,0,0,0,0
19828,ECG,462,-2010,0,0,0,0,0
19828,ECG,463,-1998,0,0,0,0,0
19828,ECG,464,-1985,0,0,0,0,0
19838,ECG,465,-1973,0,0,0,0,0
19838,ECG,466,-1961,0,0,0,0,0
19838,ECG,467,-1948,0,0,0,0,0
19838,ECG,468,-1936,0,0,0,0,0
19838,ECG,469,-1924,0,0,0,0,0
19847,ECG,470,-1912,0,0,0,0,0
19847,ECG,471,-1901,0,0,0,0,0
19847,ECG,472,-1889,0,0,0,0,0
19847,ECG,473,-1877,0,0,0,0,0
19847,ECG,474,-1865,0,0,0,0,0
19857,ECG,475,-1854,0,0,0,0,0
19857,ECG,476,-1842,0,0,0,0,0
19857,ECG,477,-1831,0,0,0,0,0
19857,ECG,478,-1820,0,0,0,0,0
19857,ECG,479,-1808,0,0,0,0,0
19867,ECG,480,-1797,0,0,0,0,0
19867,ECG,481,-1786,0,0,0,0,0
19867,ECG,482,-1775,0,0,0,0,0
19867,ECG,483,-1764,0,0,0,0,0
19867,ECG,484,-1753,0,0,0,0,0
19877,ECG,485,-1742,0,0,0,0,0
19877,ECG,486,-1731,0,0,0,0,0
19877,ECG,487,-1721,0,0,0,0,0
19877,ECG,488,-1710,0,0,0,0,0
19877,ECG,489,-1699,0,0,0,0,0
19887,ECG,490,-1689,0,0,0,0,0
19887,ECG,491,-1678,0,0,0,0,0
19887,ECG,492,-1668,0,0,0,0,0
19887,ECG,493,-1658,0,0,0,0,0
19887,ECG,494,-1647,0,0,0,0,0
19896,ECG,495,-1637,0,0,0,0,0
19896,ECG,496,-1627,0,0,0,0,0
19896,ECG,497,-1617,0,0,0,0,0
19896,ECG,498,-1607,0,0,0,0,0
19896,ECG,499,-1597,0,0,0,0,0
19906,ECG,500,-1587,0,0,0,0,0
19906,ECG,501,-1577,0,0,0,0,0
19906,ECG,502,-1567,0,0,0,0,0
19906,ECG,503,-1558,0,0,0,0,0
19906,ECG,504,-1548,0,0,0,0,0
19916,ECG,505,-1538,0,0,0,0,0
19916,ECG,506,-1529,0,0,0,0,0
19916,ECG,507,-1519,0,0,0,0,0
19916,ECG,508,-1510,0,0,0,0,0
19916,ECG,509,-1501,0,0,0,0,0
19926,ECG,510,-1491,0,0,0,0,0
19926,ECG,511,-1482,0,0,0,0,0
19926,ECG,512,-1473,0,0,0,0,0
19926,ECG,513,-1464,0,0,0,0,0
19926,ECG,514,-1455,0,0,0,0,0
19936,ECG,515,-1446,0,0,0,0,0
19936,ECG,516,-1437,0,0,0,0,0
19936,ECG,517,-1428,0,0,0,0,0
19936,ECG,518,-1419,0,0,0,0,0
19936,ECG,519,-1411,0,0,0,0,0
19945,ECG,520,-1402,0,0,0,0,0
19945,ECG,521,-1393,0,0,0,0,0
19945,ECG,522,-1385,0,0,0,0,0
19945,ECG,523,-1376,0,0,0,0,0
19945,ECG,524,-1368,0,0,0,0,0
19955,ECG,525,-1359,0,0,0,0,0
19955,ECG,526,-1351,0,0,0,0,0
19955,ECG,527,-1342,0,0,0,0,0
19955,ECG,528,-1334,0,0,0,0,0
19955,ECG,529,-1326,0,0,0,0,0
19965,ECG,530,-1318,0,0,0,0,0
19965,ECG,531,-1309,0,0,0,0,0
19965,ECG,532,-1301,0,0,0,0,0
19965,ECG,533,-1293,0,0,0,0,0
19965,ECG,534,-1285,0,0,0,0,0
19975,ECG,535,-1277,0,0,0,0,0
19975,ECG,536,-1270,0,0,0,0,0
19975,ECG,537,-1262,0,0,0,0,0
19975,ECG,538,-1254,0,0,0,0,0
19975,ECG,539,-1246,0,0,0,0,0
19984,ECG,540,-1239,0,0,0,0,0
19984,ECG,541,-1231,0,0,0,0,0
19984,ECG,542,-1223,0,0,0,0,0
19984,ECG,543,-1216,0,0,0,0,0
19985,ECG,544,-1208,0,0,0,0,0
19994,ECG,545,-1201,0,0,0,0,0
19994,ECG,546,-1193,0,0,0,0,0
19994,ECG,547,-1186,0,0,0,0,0
19994,ECG,548,-1179,0,0,0,0,0
19994,ECG,549,-1172,0,0,0,0,0
20004,ECG,550,-1164,0,0,0,0,0
20004,ECG,551,-1157,0,0,0,0,0
20004,ECG,552,-1150,0,0,0,0,0
20004,ECG,553,-1143,0,0,0,0,0
20004,ECG,554,-1136,0,0,0,0,0
20014,ECG,555,-1129,0,0,0,0,0
20014,ECG,556,-1122,0,0,0,0,0
20014,ECG,557,-1115,0,0,0,0,0
20014,ECG,558,-1108,0,0,0,0,0
20014,ECG,559,-1102,0,0,0,0,0
21031,ECG,560,0,0,0,0,0,0
21031,ECG,561,0,0,0,0,0,0
21031,ECG,562,4,0,0,0,0,0
21031,ECG,563,-5,0,0,0,0,0
21031,ECG,564,-10,0,0,0,0,0
21041,ECG,565,11,0,0,0,0,0
21041,ECG,566,-44,0,0,0,0,0
21041,ECG,567,8,0,0,0,0,0
21041,ECG,568,18,0,0,0,0,0
21041,ECG,569,-160,0,0,0,0,0
21050,ECG,570,743,0,0,0,0,0
21050,ECG,571,2097,0,0,0,0,0
21050,ECG,572,1837,0,0,0,0,0
21050,ECG,573,22,0,0,0,0,0
21050,ECG,574,-3410,0,0,0,0,0
21060,ECG,575,-8747,0,0,0,0,0
21060,ECG,576,-15176,0,0,0,0,0
21060,ECG,577,-21711,0,0,0,0,0
21060,ECG,578,-27421,0,0,0,0,0
21060,ECG,579,-31337,0,0,0,0,0
21070,ECG,580,-32025,0,0,0,0,0
21070,ECG,581,-31824,0,0,0,0,0
21070,ECG,582,-31625,0,0,0,0,0
21070,ECG,583,-31372,0,0,0,0,0
21070,ECG,584,-31139,0,0,0,0,0
21080,ECG,585,-31035,0,0,0,0,0
21080,ECG,586,-30762,0,0,0,0,0
21080,ECG,587,-30622,0,0,0,0,0
21080,ECG,588,-30428,0,0,0,0,0
21080,ECG,589,-30227,0,0,0,0,0
21090,ECG,590,-30052,0,0,0,0,0
21090,ECG,591,-29861,0,0,0,0,0
21090,ECG,592,-29672,0,0,0,0,0
21090,ECG,593,-29486,0,0,0,0,0
21090,ECG,594,-29302,0,0,0,0,0
21099,ECG,595,-29118,0,0,0,0,0
21099,ECG,596,-28936,0,0,0,0,0
21099,ECG,597,-28755,0,0,0,0,0
21099,ECG,598,-28575,0,0,0,0,0
21099,ECG,599,-28396,0,0,0,0,0
21109,ECG,600,-28219,0,0,0,0,0
21109,ECG,601,-28042,0,0,0,0,0
21109,ECG,602,-27866,0,0,0,0,0
21109,ECG,603,-27692,0,0,0,0,0
21109,ECG,604,-27519,0,0,0,0,0
21119,ECG,605,-27346,0,0,0,0,0
21119,ECG,606,-27175,0,0,0,0,0
21119,ECG,607,-27005,0,0,0,0,0
21119,ECG,608,-26836,0,0,0,0,0
21119,ECG,609,-26668,0,0,0,0,0
21129,ECG,610,-26501,0,0,0,0,0
21129,ECG,611,-26335,0,0,0,0,0
21129,ECG,612,-26171,0,0,0,0,0
21129,ECG,613,-26007,0,0,0,0,0
21129,ECG,614,-25844,0,0,0,0,0
22146,ECG,615,0,0,0,0,0,0
22146,ECG,616,0,0,0,0,0,0
22146,ECG,617,4,0,0,0,0,0
22146,ECG,618,-5,0,0,0,0,0
22146,ECG,619,-10,0,0,0,0,0
22156,ECG,620,11,0,0,0,0,0
22156,ECG,621,-44,0,0,0,0,0
22156,ECG,622,8,0,0,0,0,0
22156,ECG,623,18,0,0,0,0,0
22156,ECG,624,-160,0,0,0,0,0
22165,ECG,625,743,0,0,0,0,0
22165,ECG,626,2097,0,0,0,0,0
22165,ECG,627,1837,0,0,0,0,0
22165,ECG,628,22,0,0,0,0,0
22165,ECG,629,-3410,0,0,0,0,0
22175,ECG,630,-8747,0,0,0,0,0
22175,ECG,631,-15176,0,0,0,0,0
22175,ECG,632,-21711,0,0,0,0,0
22175,ECG,633,-27421,0,0,0,0,0
22175,ECG,634,-31337,0,0,0,0,0
22185,ECG,635,-32025,0,0,0,0,0
22185,ECG,636,-31824,0,0,0,0,0
22185,ECG,637,-31625,0,0,0,0,0
22185,ECG,638,-31372,0,0,0,0,0
22185,ECG,639,-31139,0,0,0,0,0
22195,ECG,640,-31035,0,0,0,0,0
22195,ECG,641,-30762,0,0,0,0,0
22195,ECG,642,-30622,0,0,0,0,0
22195,ECG,643,-30428,0,0,0,0,0
22195,ECG,644,-30227,0,0,0,0,0
22205,ECG,645,-30052,0,0,0,0,0
22205,ECG,646,-29861,0,0,0,0,0
22205,ECG,647,-29672,0,0,0,0,0
22205,ECG,648,-29486,0,0,0,0,0
22205,ECG,649,-29302,0,0,0,0,0
22214,ECG,650,-29118,0,0,0,0,0
22214,ECG,651,-28936,0,0,0,0,0
22214,ECG,652,-28755,0,0,0,0,0
22214,ECG,653,-28575,0,0,0,0,0
22214,ECG,654,-28396,0,0,0,0,0
22224,ECG,655,-28219,0,0,0,0,0
22224,ECG,656,-28042,0,0,0,0,0
22224,ECG,657,-27866,0,0,0,0,0
22224,ECG,658,-27692,0,0,0,0,0
22224,ECG,659,-27519,0,0,0,0,0
22234,ECG,660,-27346,0,0,0,0,0
22234,ECG,661,-27175,0,0,0,0,0
22234,ECG,662,-27005,0,0,0,0,0
22234,ECG,663,-26836,0,0,0,0,0
22234,ECG,664,-26668,0,0,0,0,0
22244,ECG,665,-26501,0,0,0,0,0
22244,ECG,666,-26335,0,0,0,0,0
22244,ECG,667,-26171,0,0,0,0,0
22244,ECG,668,-26007,0,0,0,0,0
22244,ECG,669,-25844,0,0,0,0,0
22254,ECG,670,-25682,0,0,0,0,0
22254,ECG,671,-25522,0,0,0,0,0
22254,ECG,672,-25362,0,0,0,0,0
22254,ECG,673,-25203,0,0,0,0,0
22254,ECG,674,-25045,0,0,0,0,0
22263,ECG,675,-24889,0,0,0,0,0
22263,ECG,676,-24733,0,0,0,0,0
22263,ECG,677,-24578,0,0,0,0,0
22263,ECG,678,-24424,0,0,0,0,0
22263,ECG,679,-24272,0,0,0,0,0
22273,ECG,680,-24120,0,0,0,0,0
22273,ECG,681,-23969,0,0,0,0,0
22273,ECG,682,-23819,0,0,0,0,0
22273,ECG,683,-23670,0,0,0,0,0
22273,ECG,684,-23521,0,0,0,0,0
22283,ECG,685,-23374,0,0,0,0,0
22283,ECG,686,-23228,0,0,0,0,0
22283,ECG,687,-23083,0,0,0,0,0
22283,ECG,688,-22938,0,0,0,0,0
22283,ECG,689,-22795,0,0,0,0,0
22293,ECG,690,-22652,0,0,0,0,0
22293,ECG,691,-22510,0,0,0,0,0
22293,ECG,692,-22369,0,0,0,0,0
22293,ECG,693,-22229,0,0,0,0,0
22293,ECG,694,-22090,0,0,0,0,0
22302,ECG,695,-21952,0,0,0,0,0
22302,ECG,696,-21815,0,0,0,0,0
22302,ECG,697,-21678,0,0,0,0,0
22302,ECG,698,-21543,0,0,0,0,0
22302,ECG,699,-21408,0,0,0,0,0
22312,ECG,700,-21274,0,0,0,0,0
22312,ECG,701,-21141,0,0,0,0,0
22312,ECG,702,-21008,0,0,0,0,0
22312,ECG,703,-20877,0,0,0,0,0
22312,ECG,704,-20746,0,0,0,0,0
22322,ECG,705,-20616,0,0,0,0,0
22322,ECG,706,-20487,0,0,0,0,0
22322,ECG,707,-20359,0,0,0,0,0
22322,ECG,708,-20231,0,0,0,0,0
22322,ECG,709,-20105,0,0,0,0,0
22332,ECG,710,-19979,0,0,0,0,0
22332,ECG,711,-19854,0,0,0,0,0
22332,ECG,712,-19731,0,0,0,0,0
22332,ECG,713,-19606,0,0,0,0,0
22332,ECG,714,-19483,0,0,0,0,0
22342,ECG,715,-19381,0,0,0,0,0
22342,ECG,716,-19270,0,0,0,0,0
22342,ECG,717,-19149,0,0,0,0,0
22342,ECG,718,-19006,0,0,0,0,0
22342,ECG,719,-18824,0,0,0,0,0
22351,ECG,720,-18602,0,0,0,0,0
22351,ECG,721,-18346,0,0,0,0,0
22351,ECG,722,-18067,0,0,0,0,0
22351,ECG,723,-17777,0,0,0,0,0
22351,ECG,724,-17494,0,0,0,0,0
22361,ECG,725,-17220,0,0,0,0,0
22361,ECG,726,-16961,0,0,0,0,0
22361,ECG,727,-16725,0,0,0,0,0
22361,ECG,728,-16487,0,0,0,0,0
22361,ECG,729,-16241,0,0,0,0,0
22371,ECG,730,-16000,0,0,0,0,0
22371,ECG,731,-15761,0,0,0,0,0
22371,ECG,732,-15524,0,0,0,0,0
22371,ECG,733,-15289,0,0,0,0,0
22371,ECG,734,-15056,0,0,0,0,0
22381,ECG,735,-14826,0,0,0,0,0
22381,ECG,736,-14596,0,0,0,0,0
22381,ECG,737,-14371,0,0,0,0,0
22381,ECG,738,-14147,0,0,0,0,0
22381,ECG,739,-13924,0,0,0,0,0
22391,ECG,740,-13705,0,0,0,0,0
22391,ECG,741,-13486,0,0,0,0,0
22391,ECG,742,-13269,0,0,0,0,0
22391,ECG,743,-13053,0,0,0,0,0
22391,ECG,744,-12839,0,0,0,0,0
22400,ECG,745,-12626,0,0,0,0,0
22400,ECG,746,-12415,0,0,0,0,0
22400,ECG,747,-12207,0,0,0,0,0
22400,ECG,748,-12001,0,0,0,0,0
22400,ECG,749,-11797,0,0,0,0,0
22410,ECG,750,-11595,0,0,0,0,0
22410,ECG,751,-11396,0,0,0,0,0
22410,ECG,752,-11197,0,0,0,0,0
22410,ECG,753,-11000,0,0,0,0,0
22410,ECG,754,-10803,0,0,0,0,0
22420,ECG,755,-10609,0,0,0,0,0
22420,ECG,756,-10417,0,0,0,0,0
22420,ECG,757,-10227,0,0,0,0,0
22420,ECG,758,-10038,0,0,0,0,0
22420,ECG,759,-9851,0,0,0,0,0
22430,ECG,760,-9665,0,0,0,0,0
22430,ECG,761,-9481,0,0,0,0,0
22430,ECG,762,-9299,0,0,0,0,0
22430,ECG,763,-9119,0,0,0,0,0
22430,ECG,764,-8940,0,0,0,0,0
22439,ECG,765,-8762,0,0,0,0,0
22439,ECG,766,-8585,0,0,0,0,0
22440,ECG,767,-8410,0,0,0,0,0
22440,ECG,768,-8236,0,0,0,0,0
22440,ECG,769,-8063,0,0,0,0,0
22449,ECG,770,-7892,0,0,0,0,0
22449,ECG,771,-7723,0,0,0,0,0
22449,ECG,772,-7556,0,0,0,0,0
22449,ECG,773,-7390,0,0,0,0,0
22449,ECG,774,-7226,0,0,0,0,0
22459,ECG,775,-7063,0,0,0,0,0
22459,ECG,776,-6902,0,0,0,0,0
22459,ECG,777,-6741,0,0,0,0,0
22459,ECG,778,-6582,0,0,0,0,0
22459,ECG,779,-6424,0,0,0,0,0
22469,ECG,780,-6268,0,0,0,0,0
22469,ECG,781,-6115,0,0,0,0,0
22469,ECG,782,-5963,0,0,0,0,0
22469,ECG,783,-5812,0,0,0,0,0
22469,ECG,784,-5662,0,0,0,0,0
22479,ECG,785,-5513,0,0,0,0,0
22479,ECG,786,-5363,0,0,0,0,0
22479,ECG,787,-5216,0,0,0,0,0
22479,ECG,788,-5070,0,0,0,0,0
22479,ECG,789,-4926,0,0,0,0,0
22488,ECG,790,-4782,0,0,0,0,0
22488,ECG,791,-4642,0,0,0,0,0
22488,ECG,792,-4504,0,0,0,0,0
22488,ECG,793,-4367,0,0,0,0,0
22488,ECG,794,-4230,0,0,0,0,0
22498,ECG,795,-4094,0,0,0,0,0
22498,ECG,796,-3959,0,0,0,0,0
22498,ECG,797,-3826,0,0,0,0,0
22498,ECG,798,-3694,0,0,0,0,0
22498,ECG,799,-3563,0,0,0,0,0
22508,ECG,800,-3435,0,0,0,0,0
22508,ECG,801,-3307,0,0,0,0,0
22508,ECG,802,-3180,0,0,0,0,0
22508,ECG,803,-3054,0,0,0,0,0
22508,ECG,804,-2930,0,0,0,0,0
22518,ECG,805,-2805,0,0,0,0,0
22518,ECG,806,-2683,0,0,0,0,0
22518,ECG,807,-2561,0,0,0,0,0
22518,ECG,808,-2441,0,0,0,0,0
22518,ECG,809,-2321,0,0,0,0,0
22528,ECG,810,-2203,0,0,0,0,0
22528,ECG,811,-2086,0,0,0,0,0
22528,ECG,812,-1972,0,0,0,0,0
22528,ECG,813,-1858,0,0,0,0,0
22528,ECG,814,-1745,0,0,0,0,0
22537,ECG,815,-1633,0,0,0,0,0
22537,ECG,816,-1522,0,0,0,0,0
22537,ECG,817,-1412,0,0,0,0,0
22537,ECG,818,-1303,0,0,0,0,0
22537,ECG,819,-1195,0,0,0,0,0
22547,ECG,820,-1087,0,0,0,0,0
22547,ECG,821,-982,0,0,0,0,0
22547,ECG,822,-878,0,0,0,0,0
22547,ECG,823,-774,0,0,0,0,0
22547,ECG,824,-672,0,0,0,0,0
22557,ECG,825,-570,0,0,0,0,0
22557,ECG,826,-469,0,0,0,0,0
22557,ECG,827,-369,0,0,0,0,0
22557,ECG,828,-269,0,0,0,0,0
22557,ECG,829,-171,0,0,0,0,0
22567,ECG,830,-73,0,0,0,0,0
22567,ECG,831,22,0,0,0,0,0
22567,ECG,832,118,0,0,0,0,0
22567,ECG,833,213,0,0,0,0,0
22567,ECG,834,306,0,0,0,0,0
22577,ECG,835,400,0,0,0,0,0
22577,ECG,836,493,0,0,0,0,0
22577,ECG,837,584,0,0,0,0,0
22577,ECG,838,674,0,0,0,0,0
22577,ECG,839,764,0,0,0,0,0
22586,ECG,840,852,0,0,0,0,0
22586,ECG,841,938,0,0,0,0,0
22586,ECG,842,1023,0,0,0,0,0
22586,ECG,843,1107,0,0,0,0,0
22586,ECG,844,1191,0,0,0,0,0
22596,ECG,845,1275,0,0,0,0,0
22596,ECG,846,1357,0,0,0,0,0
22596,ECG,847,1440,0,0,0,0,0
22596,ECG,848,1523,0,0,0,0,0
22596,ECG,849,1604,0,0,0,0,0
22606,ECG,850,1684,0,0,0,0,0
22606,ECG,851,1762,0,0,0,0,0
22606,ECG,852,1838,0,0,0,0,0
22606,ECG,853,1914,0,0,0,0,0
22606,ECG,854,1990,0,0,0,0,0
22616,ECG,855,2063,0,0,0,0,0
22616,ECG,856,2137,0,0,0,0,0
22616,ECG,857,2210,0,0,0,0,0
22616,ECG,858,2282,0,0,0,0,0
22616,ECG,859,2354,0,0,0,0,0
22625,ECG,860,2426,0,0,0,0,0
22625,ECG,861,2496,0,0,0,0,0
22625,ECG,862,2565,0,0,0,0,0
22625,ECG,863,2634,0,0,0,0,0
22625,ECG,864,2703,0,0,0,0,0
22635,ECG,865,2771,0,0,0,0,0
22635,ECG,866,2838,0,0,0,0,0
22635,ECG,867,2904,0,0,0,0,0
22635,ECG,868,2970,0,0,0,0,0
22635,ECG,869,3035,0,0,0,0,0
22645,ECG,870,3100,0,0,0,0,0
22645,ECG,871,3163,0,0,0,0,0
22645,ECG,872,3225,0,0,0,0,0
22645,ECG,873,3287,0,0,0,0,0
22645,ECG,874,3348,0,0,0,0,0
22655,ECG,875,3408,0,0,0,0,0
22655,ECG,876,3468,0,0,0,0,0
22655,ECG,877,3527,0,0,0,0,0
22655,ECG,878,3586,0,0,0,0,0
22655,ECG,879,3644,0,0,0,0,0
22665,ECG,880,3701,0,0,0,0,0
22665,ECG,881,3759,0,0,0,0,0
22665,ECG,882,3815,0,0,0,0,0
22665,ECG,883,3870,0,0,0,0,0
22665,ECG,884,3926,0,0,0,0,0
22674,ECG,885,3980,0,0,0,0,0
22674,ECG,886,4034,0,0,0,0,0
22674,ECG,887,4086,0,0,0,0,0
22674,ECG,888,4138,0,0,0,0,0
22674,ECG,889,4190,0,0,0,0,0
22684,ECG,890,4241,0,0,0,0,0
22684,ECG,891,4291,0,0,0,0,0
22684,ECG,892,4341,0,0,0,0,0
22684,ECG,893,4391,0,0,0,0,0
22684,ECG,894,4438,0,0,0,0,0
22694,ECG,895,4486,0,0,0,0,0
22694,ECG,896,4534,0,0,0,0,0
22694,ECG,897,4581,0,0,0,0,0
22694,ECG,898,4628,0,0,0,0,0
22694,ECG,899,4676,0,0,0,0,0
22704,ECG,900,4721,0,0,0,0,0
22704,ECG,901,4765,0,0,0,0,0
22704,ECG,902,4809,0,0,0,0,0
22704,ECG,903,4852,0,0,0,0,0
22704,ECG,904,4894,0,0,0,0,0
22714,ECG,905,4936,0,0,0,0,0
22714,ECG,906,4978,0,0,0,0,0
22714,ECG,907,5020,0,0,0,0,0
22714,ECG,908,5061,0,0,0,0,0
22714,ECG,909,5102,0,0,0,0,0
22723,ECG,910,5142,0,0,0,0,0
22723,ECG,911,5182,0,0,0,0,0
22723,ECG,912,5220,0,0,0,0,0
22723,ECG,913,5258,0,0,0,0,0
22723,ECG,914,5296,0,0,0,0,0
22733,ECG,915,5333,0,0,0,0,0
22733,ECG,916,5369,0,0,0,0,0
22733,ECG,917,5406,0,0,0,0,0
22733,ECG,918,5442,0,0,0,0,0
22733,ECG,919,5478,0,0,0,0,0
22743,ECG,920,5513,0,0,0,0,0
22743,ECG,921,5547,0,0,0,0,0
22743,ECG,922,5581,0,0,0,0,0
22743,ECG,923,5615,0,0,0,0,0
22743,ECG,924,5648,0,0,0,0,0
22753,ECG,925,5681,0,0,0,0,0
22753,ECG,926,5712,0,0,0,0,0
22753,ECG,927,5743,0,0,0,0,0
22753,ECG,928,5774,0,0,0,0,0
22753,ECG,929,5806,0,0,0,0,0
22763,ECG,930,5836,0,0,0,0,0
22763,ECG,931,5867,0,0,0,0,0
22763,ECG,932,5896,0,0,0,0,0
22763,ECG,933,5924,0,0,0,0,0
22763,ECG,934,5953,0,0,0,0,0
22772,ECG,935,5980,0,0,0,0,0
22772,ECG,936,6007,0,0,0,0,0
22772,ECG,937,6035,0,0,0,0,0
22772,ECG,938,6062,0,0,0,0,0
22772,ECG,939,6089,0,0,0,0,0
22782,ECG,940,6116,0,0,0,0,0
22782,ECG,941,6142,0,0,0,0,0
22782,ECG,942,6168,0,0,0,0,0
22782,ECG,943,6194,0,0,0,0,0
22782,ECG,944,6218,0,0,0,0,0
22792,ECG,945,6242,0,0,0,0,0
22792,ECG,946,6267,0,0,0,0,0
22792,ECG,947,6290,0,0,0,0,0
22792,ECG,948,6314,0,0,0,0,0
22792,ECG,949,6337,0,0,0,0,0
22802,ECG,950,6360,0,0,0,0,0
22802,ECG,951,6382,0,0,0,0,0
22802,ECG,952,6403,0,0,0,0,0
22802,ECG,953,6424,0,0,0,0,0
22802,ECG,954,6445,0,0,0,0,0
22812,ECG,955,6465,0,0,0,0,0
22812,ECG,956,6486,0,0,0,0,0
22812,ECG,957,6507,0,0,0,0,0
22812,ECG,958,6527,0,0,0,0,0
22812,ECG,959,6547,0,0,0,0,0
22821,ECG,960,6567,0,0,0,0,0
22821,ECG,961,6587,0,0,0,0,0
22821,ECG,962,6604,0,0,0,0,0
22821,ECG,963,6622,0,0,0,0,0
22821,ECG,964,6639,0,0,0,0,0
22831,ECG,965,6658,0,0,0,0,0
22831,ECG,966,6674,0,0,0,0,0
22831,ECG,967,6691,0,0,0,0,0
22831,ECG,968,6707,0,0,0,0,0
22831,ECG,969,6723,0,0,0,0,0
22841,ECG,970,6737,0,0,0,0,0
22841,ECG,971,6753,0,0,0,0,0
22841,ECG,972,6767,0,0,0,0,0
22841,ECG,973,6782,0,0,0,0,0
22841,ECG,974,6797,0,0,0,0,0
22851,ECG,975,6811,0,0,0,0,0
22851,ECG,976,6825,0,0,0,0,0
22851,ECG,977,6840,0,0,0,0,0
22851,ECG,978,6853,0,0,0,0,0
22851,ECG,979,6866,0,0,0,0,0
22860,ECG,980,6879,0,0,0,0,0
22860,ECG,981,6892,0,0,0,0,0
22860,ECG,982,6904,0,0,0,0,0
22860,ECG,983,6917,0,0,0,0,0
22860,ECG,984,6927,0,0,0,0,0
22870,ECG,985,6939,0,0,0,0,0
22870,ECG,986,6950,0,0,0,0,0
22870,ECG,987,6961,0,0,0,0,0
22870,ECG,988,6971,0,0,0,0,0
22870,ECG,989,6982,0,0,0,0,0
22880,ECG,990,6993,0,0,0,0,0
22880,ECG,991,7003,0,0,0,0,0
22880,ECG,992,7012,0,0,0,0,0
22880,ECG,993,7022,0,0,0,0,0
22880,ECG,994,7032,0,0,0,0,0
22890,ECG,995,7040,0,0,0,0,0
22890,ECG,996,7049,0,0,0,0,0
22890,ECG,997,7058,0,0,0,0,0
22890,ECG,998,7065,0,0,0,0,0
22890,ECG,999,7074,0,0,0,0,0
22900,ECG,1000,7081,0,0,0,0,0
22900,ECG,1001,7090,0,0,0,0,0
22900,ECG,1002,7097,0,0,0,0,0
22900,ECG,1003,7103,0,0,0,0,0
22900,ECG,1004,7111,0,0,0,0,0
22909,ECG,1005,7117,0,0,0,0,0
22909,ECG,1006,7123,0,0,0,0,0
22909,ECG,1007,7129,0,0,0,0,0
22909,ECG,1008,7134,0,0,0,0,0
22909,ECG,1009,7139,0,0,0,0,0
22919,ECG,1010,7145,0,0,0,0,0
22919,ECG,1011,7149,0,0,0,0,0
22919,ECG,1012,7155,0,0,0,0,0
22919,ECG,1013,7159,0,0,0,0,0
22919,ECG,1014,7163,0,0,0,0,0
22929,ECG,1015,7168,0,0,0,0,0
22929,ECG,1016,7174,0,0,0,0,0
22929,ECG,1017,7178,0,0,0,0,0
22929,ECG,1018,7183,0,0,0,0,0
22929,ECG,1019,7186,0,0,0,0,0
22939,ECG,1020,7190,0,0,0,0,0
22939,ECG,1021,7193,0,0,0,0,0
22939,ECG,1022,7196,0,0,0,0,0
22939,ECG,1023,7197,0,0,0,0,0
18952,PPG,0,651,991,0,0,0,0
19032,PPG,1,653,986,0,0,0,0
19115,PPG,2,654,990,0,0,0,0
19191,PPG,3,651,986,0,0,0,0
19270,PPG,4,647,994,0,0,0,0
19350,PPG,5,646,991,0,0,0,0
19429,PPG,6,648,988,0,0,0,0
19508,PPG,7,643,992,0,0,0,0
19591,PPG,8,650,1000,0,0,0,0
19669,PPG,9,644,997,0,0,0,0
19746,PPG,10,644,997,0,0,0,0
19826,PPG,11,648,999,0,0,0,0
19905,PPG,12,648,997,0,0,0,0
19985,PPG,13,644,998,0,0,0,0
20064,PPG,14,641,997,0,0,0,0
20150,PPG,15,643,997,0,0,0,0
20224,PPG,16,653,993,0,0,0,0
20303,PPG,17,647,997,0,0,0,0
20382,PPG,18,648,994,0,0,0,0
20462,PPG,19,650,995,0,0,0,0
20542,PPG,20,651,999,0,0,0,0
20625,PPG,21,644,990,0,0,0,0
20703,PPG,22,648,990,0,0,0,0
20780,PPG,23,648,995,0,0,0,0
20860,PPG,24,652,991,0,0,0,0
20939,PPG,25,644,1001,0,0,0,0
21022,PPG,26,648,981,0,0,0,0
21098,PPG,27,636,995,0,0,0,0
21182,PPG,28,640,1002,0,0,0,0
21258,PPG,29,637,989,0,0,0,0
21337,PPG,30,642,996,0,0,0,0
21417,PPG,31,641,989,0,0,0,0
21496,PPG,32,654,987,0,0,0,0
21576,PPG,33,640,999,0,0,0,0
21659,PPG,34,650,988,0,0,0,0
21737,PPG,35,656,980,0,0,0,0
21814,PPG,36,646,994,0,0,0,0
21896,PPG,37,645,1003,0,0,0,0
21973,PPG,38,647,1003,0,0,0,0
22053,PPG,39,640,995,0,0,0,0
22133,PPG,40,641,1001,0,0,0,0
22216,PPG,41,641,995,0,0,0,0
22293,PPG,42,649,1000,0,0,0,0
22371,PPG,43,645,997,0,0,0,0
22451,PPG,44,640,992,0,0,0,0
22530,PPG,45,655,1007,0,0,0,0
22609,PPG,46,657,993,0,0,0,0
22689,PPG,47,645,1001,0,0,0,0
22775,PPG,48,644,997,0,0,0,0
22848,PPG,49,646,997,0,0,0,0
22929,PPG,50,637,999,0,0,0,0
23009,PPG,51,648,994,0,0,0,0
23087,PPG,52,645,997,0,0,0,0
23166,PPG,53,642,1001,0,0,0,0
23249,PPG,54,649,988,0,0,0,0
23327,PPG,55,653,1003,0,0,0,0
23406,PPG,56,648,995,0,0,0,0
23483,PPG,57,635,992,0,0,0,0
23563,PPG,58,647,997,0,0,0,0
23653,PPG,59,638,1003,0,0,0,0
23722,PPG,60,644,995,0,0,0,0
23805,PPG,61,636,996,0,0,0,0
23881,PPG,62,646,999,0,0,0,0
23961,PPG,63,652,991,0,0,0,0
24040,PPG,64,644,988,0,0,0,0
24120,PPG,65,650,994,0,0,0,0
24199,PPG,66,651,1002,0,0,0,0
24283,PPG,67,644,999,0,0,0,0
24360,PPG,68,644,999,0,0,0,0
24438,PPG,69,648,997,0,0,0,0
24523,PPG,70,643,1004,0,0,0,0
24597,PPG,71,646,1003,0,0,0,0
24676,PPG,72,648,996,0,0,0,0
24756,PPG,73,638,994,0,0,0,0
24838,PPG,74,650,992,0,0,0,0
24915,PPG,75,647,984,0,0,0,0
24994,PPG,76,645,999,0,0,0,0
25073,PPG,77,654,990,0,0,0,0
25153,PPG,78,644,999,0,0,0,0
25233,PPG,79,651,999,0,0,0,0
25315,PPG,80,639,989,0,0,0,0
25397,PPG,81,651,993,0,0,0,0
25471,PPG,82,658,991,0,0,0,0
25550,PPG,83,651,991,0,0,0,0
25630,PPG,84,650,999,0,0,0,0
25710,PPG,85,651,987,0,0,0,0
25789,PPG,86,647,998,0,0,0,0
25872,PPG,87,645,992,0,0,0,0
25949,PPG,88,646,993,0,0,0,0
26028,PPG,89,650,995,0,0,0,0
26107,PPG,90,647,988,0,0,0,0
26187,PPG,91,647,992,0,0,0,0
26275,PPG,92,655,988,0,0,0,0
26350,PPG,93,651,994,0,0,0,0
26428,PPG,94,647,999,0,0,0,0
26505,PPG,95,640,987,0,0,0,0
26584,PPG,96,641,985,0,0,0,0
26664,PPG,97,648,996,0,0,0,0
26743,PPG,98,641,989,0,0,0,0
26822,PPG,99,648,993,0,0,0,0
22922,IMU,208,-1616,-696,-7932,-104,87,63
22941,IMU,209,-1592,-704,-7876,-109,61,40
22960,IMU,210,-1720,-692,-7848,-88,66,26
22983,IMU,211,-1512,-728,-8020,-101,59,29
22999,IMU,212,-1608,-756,-7920,-71,85,40
23018,IMU,213,-1580,-584,-8000,-80,84,45
23037,IMU,214,-1580,-692,-7984,-101,68,38
23056,IMU,215,-1648,-668,-7884,-95,87,50
23075,IMU,216,-1556,-776,-7864,-91,79,34
23094,IMU,217,-1652,-596,-7904,-87,74,43
23113,IMU,218,-1700,-644,-7876,-80,60,43
23132,IMU,219,-1536,-728,-7876,-98,65,54
23151,IMU,220,-1688,-648,-7896,-87,58,40
23170,IMU,221,-1592,-696,-7864,-73,65,44
23190,IMU,222,-1684,-720,-7964,-96,63,27
23209,IMU,223,-1644,-664,-7892,-83,78,40
23228,IMU,224,-1572,-680,-7856,-94,67,46
23249,IMU,225,-1632,-664,-7956,-96,70,41
23266,IMU,226,-1620,-716,-7984,-83,69,41
23285,IMU,227,-1800,-592,-7844,-99,59,43
23304,IMU,228,-1512,-608,-7900,-98,69,39
23324,IMU,229,-1624,-616,-8000,-82,73,56
23343,IMU,230,-1564,-708,-7884,-95,69,42
23362,IMU,231,-1612,-664,-7924,-73,83,43
23381,IMU,232,-1668,-644,-7892,-96,62,44
23400,IMU,233,-1720,-608,-7900,-100,87,27
23422,IMU,234,-1600,-660,-7924,-69,65,33
23439,IMU,235,-1608,-708,-7828,-104,61,48
23458,IMU,236,-1676,-720,-7920,-95,78,27
23477,IMU,237,-1680,-596,-7896,-92,67,41
23496,IMU,238,-1692,-724,-7956,-110,79,34
23515,IMU,239,-1540,-616,-7888,-86,82,48
23534,IMU,240,-1556,-728,-7960,-89,64,35
23554,IMU,241,-1684,-640,-7892,-77,80,28
23573,IMU,242,-1536,-720,-7928,-100,73,38
23592,IMU,243,-1708,-680,-7852,-96,69,29
23611,IMU,244,-1668,-652,-7884,-90,81,22
23631,IMU,245,-1692,-712,-7928,-92,66,27
23653,IMU,246,-1588,-700,-7928,-76,61,46
23668,IMU,247,-1636,-596,-7952,-71,54,49
23688,IMU,248,-1580,-588,-7880,-106,85,7
23707,IMU,249,-1644,-588,-7976,-100,57,50
23726,IMU,250,-1776,-640,-7952,-97,89,43
23745,IMU,251,-1668,-660,-7848,-105,84,37
23764,IMU,252,-1696,-648,-7912,-88,76,37
23783,IMU,253,-1636,-612,-7924,-84,76,45
23803,IMU,254,-1580,-680,-7844,-75,83,34
23822,IMU,255,-1552,-640,-7888,-100,58,44
23841,IMU,256,-1640,-580,-7956,-107,69,34
23862,IMU,257,-1640,-620,-7956,-74,59,22
23879,IMU,258,-1652,-672,-7880,-106,71,39
23898,IMU,259,-1668,-628,-7964,-93,66,46
23918,IMU,260,-1616,-628,-7880,-73,67,29
23937,IMU,261,-1620,-620,-7952,-89,67,40
23956,IMU,262,-1568,-532,-7876,-90,77,45
23975,IMU,263,-1616,-676,-7920,-78,71,67
23994,IMU,264,-1628,-724,-7960,-92,63,36
24013,IMU,265,-1568,-616,-7956,-101,71,48
24033,IMU,266,-1596,-640,-7920,-88,69,30
24052,IMU,267,-1592,-644,-7892,-93,76,28
24075,IMU,268,-1580,-684,-7844,-93,55,38
24090,IMU,269,-1596,-656,-7956,-80,53,43
24109,IMU,270,-1560,-656,-7876,-95,71,45
24128,IMU,271,-1612,-696,-7976,-88,79,40
24147,IMU,272,-1600,-608,-7976,-95,49,41
24167,IMU,273,-1624,-656,-7980,-109,62,27
24186,IMU,274,-1592,-732,-7960,-97,69,37
24205,IMU,275,-1696,-524,-7920,-82,92,39
24224,IMU,276,-1668,-700,-7940,-72,72,44
24244,IMU,277,-1664,-732,-7864,-92,67,39
24263,IMU,278,-1628,-680,-7964,-74,77,29
24283,IMU,279,-1636,-584,-7904,-102,60,37
24302,IMU,280,-1644,-488,-7888,-75,72,49
24320,IMU,281,-1664,-696,-7928,-85,70,45
24339,IMU,282,-1568,-740,-7952,-91,64,27
24358,IMU,283,-1596,-592,-7952,-101,61,43
24377,IMU,284,-1712,-732,-7832,-87,64,54
24396,IMU,285,-1580,-652,-7928,-87,62,35
24415,IMU,286,-1580,-700,-7824,-82,83,48
24434,IMU,287,-1616,-636,-7904,-92,58,46
24454,IMU,288,-1620,-632,-7872,-96,73,43
24473,IMU,289,-1620,-724,-7952,-101,69,43
24492,IMU,290,-1676,-624,-7848,-81,74,36
24514,IMU,291,-1596,-624,-7900,-81,66,55
24530,IMU,292,-1632,-712,-7892,-87,52,29
24550,IMU,293,-1672,-728,-7984,-85,63,47
24569,IMU,294,-1688,-636,-7904,-76,85,47
24588,IMU,295,-1672,-660,-7884,-94,63,36
24607,IMU,296,-1584,-584,-7904,-100,60,43
24626,IMU,297,-1448,-672,-7916,-73,77,51
24645,IMU,298,-1600,-732,-7968,-100,54,52
24664,IMU,299,-1584,-616,-7904,-110,75,43
24683,IMU,300,-1676,-712,-7892,-95,54,28
24702,IMU,301,-1588,-628,-7860,-82,47,32
24721,IMU,302,-1676,-560,-7948,-101,74,46
24741,IMU,303,-1620,-624,-7976,-115,68,45
24760,IMU,304,-1604,-716,-7956,-89,65,42
24779,IMU,305,-1644,-644,-8012,-103,65,21
24798,IMU,306,-1580,-584,-7972,-96,59,29
24817,IMU,307,-1600,-668,-7912,-79,58,53
24836,IMU,308,-1668,-752,-7928,-83,82,34
24855,IMU,309,-1656,-676,-7880,-113,70,31
24874,IMU,310,-1692,-668,-7948,-70,79,45
24894,IMU,311,-1596,-632,-7964,-100,56,36
24913,IMU,312,-1696,-632,-7932,-98,71,35
24932,IMU,313,-1692,-692,-7928,-85,70,47
24952,IMU,314,-1524,-740,-7840,-88,73,41
24970,IMU,315,-1600,-760,-7960,-103,66,33
24989,IMU,316,-1648,-676,-7944,-77,64,28
25008,IMU,317,-1616,-780,-7832,-83,65,32
25028,IMU,318,-1564,-620,-7908,-86,78,43
25047,IMU,319,-1704,-744,-7872,-93,63,35
25066,IMU,320,-1704,-552,-7892,-99,62,37
25085,IMU,321,-1592,-656,-7928,-90,72,36
25104,IMU,322,-1668,-684,-7900,-98,69,36
25123,IMU,323,-1668,-628,-7952,-93,73,32
25142,IMU,324,-1644,-700,-7880,-104,71,47
25164,IMU,325,-1664,-684,-7936,-76,57,32
25181,IMU,326,-1532,-728,-7836,-84,67,42
25200,IMU,327,-1640,-652,-8000,-82,62,43
25219,IMU,328,-1584,-656,-7876,-93,76,53
25238,IMU,329,-1684,-656,-7908,-95,61,33
25257,IMU,330,-1668,-736,-7904,-92,59,41
25276,IMU,331,-1700,-616,-7924,-87,72,37
25295,IMU,332,-1512,-652,-7864,-99,45,23
25315,IMU,333,-1612,-584,-7908,-96,64,58
25334,IMU,334,-1608,-632,-7964,-93,59,28
25353,IMU,335,-1596,-644,-7908,-81,58,40
25372,IMU,336,-1588,-680,-7956,-96,56,32
25392,IMU,337,-1664,-576,-7916,-102,53,32
25410,IMU,338,-1616,-524,-7984,-90,75,41
25430,IMU,339,-1756,-652,-7912,-101,70,51
25449,IMU,340,-1624,-584,-7908,-110,55,42
25468,IMU,341,-1692,-576,-7952,-83,65,31
25487,IMU,342,-1592,-684,-7892,-86,68,25
25506,IMU,343,-1564,-612,-7948,-95,69,20
25525,IMU,344,-1612,-700,-7980,-68,68,41
25544,IMU,345,-1564,-712,-7836,-109,62,50
25564,IMU,346,-1572,-676,-7848,-86,58,43
25583,IMU,347,-1516,-696,-7912,-102,58,36
25605,IMU,348,-1632,-732,-7884,-98,52,26
25621,IMU,349,-1732,-624,-7876,-86,61,28
25640,IMU,350,-1636,-660,-7872,-103,64,30
25659,IMU,351,-1640,-648,-7864,-87,66,31
25679,IMU,352,-1616,-592,-7884,-84,72,29
25698,IMU,353,-1596,-572,-7832,-92,63,35
25717,IMU,354,-1664,-688,-7860,-101,72,37
25736,IMU,355,-1544,-700,-7900,-95,66,47
25755,IMU,356,-1740,-668,-7916,-96,66,50
25774,IMU,357,-1684,-696,-7896,-119,60,35
25794,IMU,358,-1588,-656,-7824,-85,69,26
25813,IMU,359,-1680,-652,-7868,-86,67,38
25833,IMU,360,-1592,-624,-7896,-82,46,34
25851,IMU,361,-1680,-736,-7856,-83,77,44
25872,IMU,362,-1652,-688,-7864,-92,80,37
25889,IMU,363,-1596,-692,-7884,-78,66,56
25908,IMU,364,-1672,-680,-7892,-92,82,57
25928,IMU,365,-1636,-664,-7948,-89,60,54
25947,IMU,366,-1568,-732,-7876,-90,63,50
25966,IMU,367,-1708,-624,-7956,-93,76,45
25985,IMU,368,-1676,-700,-7860,-100,72,42
26004,IMU,369,-1728,-572,-7920,-108,59,38
26023,IMU,370,-1628,-644,-7900,-83,87,59
26044,IMU,371,-1632,-644,-7892,-91,70,30
26062,IMU,372,-1656,-572,-7820,-75,75,46
26081,IMU,373,-1612,-700,-7844,-82,66,44
26100,IMU,374,-1544,-624,-7844,-106,71,37
26119,IMU,375,-1624,-708,-7944,-115,62,35
26138,IMU,376,-1696,-716,-7952,-112,63,30
26158,IMU,377,-1648,-680,-7872,-100,74,25
26177,IMU,378,-1656,-564,-7936,-86,68,54
26196,IMU,379,-1652,-592,-7912,-97,81,64
26215,IMU,380,-1600,-732,-7896,-94,59,42
26234,IMU,381,-1624,-756,-7940,-92,60,40
26255,IMU,382,-1596,-740,-7832,-94,58,53
26273,IMU,383,-1728,-700,-7872,-97,61,31
26292,IMU,384,-1620,-604,-7916,-83,65,33
26311,IMU,385,-1656,-720,-7860,-80,73,44
26330,IMU,386,-1564,-664,-7884,-109,65,37
26350,IMU,387,-1700,-620,-7912,-80,83,43
26368,IMU,388,-1560,-608,-7880,-85,64,40
26388,IMU,389,-1600,-664,-7944,-97,58,42
26407,IMU,390,-1592,-668,-7868,-78,76,32
26426,IMU,391,-1504,-528,-7932,-115,61,32
26445,IMU,392,-1632,-700,-7980,-101,66,39
26464,IMU,393,-1516,-616,-7960,-98,48,50
26484,IMU,394,-1676,-624,-7900,-121,71,34
26502,IMU,395,-1632,-640,-7868,-93,78,42
26521,IMU,396,-1592,-692,-7848,-82,78,39
26540,IMU,397,-1648,-692,-7856,-103,68,46
26559,IMU,398,-1564,-676,-7888,-86,62,47
26578,IMU,399,-1680,-712,-7928,-89,72,40
26598,IMU,400,-1672,-660,-7920,-84,79,32
26617,IMU,401,-1636,-716,-7864,-85,67,42
26636,IMU,402,-1632,-608,-7864,-101,63,44
26655,IMU,403,-1556,-648,-7860,-97,67,33
26674,IMU,404,-1668,-692,-7948,-99,84,35
26697,IMU,405,-1704,-700,-7900,-95,67,12
26712,IMU,406,-1580,-636,-7832,-82,61,40
26732,IMU,407,-1736,-764,-7916,-90,69,53
26751,IMU,408,-1652,-684,-7792,-83,76,38
26770,IMU,409,-1644,-684,-7964,-103,73,40
26789,IMU,410,-1708,-664,-7932,-114,75,52
26808,IMU,411,-1656,-560,-7900,-104,69,41
26827,IMU,412,-1700,-664,-7892,-101,74,30
26847,IMU,413,-1664,-624,-7940,-97,59,40
26866,IMU,414,-1672,-608,-7876,-85,63,36
26885,IMU,415,-1640,-700,-7924,-85,78,26
22939,ECG,1024,7200,0,0,0,0,0
22949,ECG,1025,7203,0,0,0,0,0
22949,ECG,1026,7207,0,0,0,0,0
22949,ECG,1027,7209,0,0,0,0,0
22949,ECG,1028,7211,0,0,0,0,0
22949,ECG,1029,7213,0,0,0,0,0
22958,ECG,1030,7215,0,0,0,0,0
22958,ECG,1031,7216,0,0,0,0,0
22958,ECG,1032,7217,0,0,0,0,0
22958,ECG,1033,7218,0,0,0,0,0
22958,ECG,1034,7219,0,0,0,0,0
22968,ECG,1035,7220,0,0,0,0,0
22968,ECG,1036,7221,0,0,0,0,0
22968,ECG,1037,7221,0,0,0,0,0
22968,ECG,1038,7222,0,0,0,0,0
22968,ECG,1039,7221,0,0,0,0,0
22978,ECG,1040,7221,0,0,0,0,0
22978,ECG,1041,7220,0,0,0,0,0
22978,ECG,1042,7221,0,0,0,0,0
22978,ECG,1043,7220,0,0,0,0,0
22978,ECG,1044,7220,0,0,0,0,0
22988,ECG,1045,7220,0,0,0,0,0
22988,ECG,1046,7219,0,0,0,0,0
22988,ECG,1047,7218,0,0,0,0,0
22988,ECG,1048,7216,0,0,0,0,0
22988,ECG,1049,7215,0,0,0,0,0
22998,ECG,1050,7212,0,0,0,0,0
22998,ECG,1051,7211,0,0,0,0,0
22998,ECG,1052,7209,0,0,0,0,0
22998,ECG,1053,7207,0,0,0,0,0
22998,ECG,1054,7207,0,0,0,0,0
23007,ECG,1055,7204,0,0,0,0,0
23007,ECG,1056,7202,0,0,0,0,0
23007,ECG,1057,7199,0,0,0,0,0
23007,ECG,1058,7196,0,0,0,0,0
23007,ECG,1059,7193,0,0,0,0,0
23017,ECG,1060,7191,0,0,0,0,0
23017,ECG,1061,7187,0,0,0,0,0
23017,ECG,1062,7184,0,0,0,0,0
23017,ECG,1063,7181,0,0,0,0,0
23017,ECG,1064,7179,0,0,0,0,0
23027,ECG,1065,7175,0,0,0,0,0
23027,ECG,1066,7171,0,0,0,0,0
23027,ECG,1067,7167,0,0,0,0,0
23027,ECG,1068,7162,0,0,0,0,0
23027,ECG,1069,7158,0,0,0,0,0
23037,ECG,1070,7154,0,0,0,0,0
23037,ECG,1071,7150,0,0,0,0,0
23037,ECG,1072,7146,0,0,0,0,0
23037,ECG,1073,7142,0,0,0,0,0
23037,ECG,1074,7137,0,0,0,0,0
23046,ECG,1075,7133,0,0,0,0,0
23046,ECG,1076,7129,0,0,0,0,0
23046,ECG,1077,7124,0,0,0,0,0
23046,ECG,1078,7119,0,0,0,0,0
23046,ECG,1079,7114,0,0,0,0,0
23056,ECG,1080,7109,0,0,0,0,0
23056,ECG,1081,7103,0,0,0,0,0
23056,ECG,1082,7098,0,0,0,0,0
23056,ECG,1083,7092,0,0,0,0,0
23056,ECG,1084,7086,0,0,0,0,0
23066,ECG,1085,7080,0,0,0,0,0
23066,ECG,1086,7074,0,0,0,0,0
23066,ECG,1087,7068,0,0,0,0,0
23066,ECG,1088,7062,0,0,0,0,0
23066,ECG,1089,7056,0,0,0,0,0
23076,ECG,1090,7049,0,0,0,0,0
23076,ECG,1091,7042,0,0,0,0,0
23076,ECG,1092,7036,0,0,0,0,0
23076,ECG,1093,7029,0,0,0,0,0
23076,ECG,1094,7023,0,0,0,0,0
23086,ECG,1095,7015,0,0,0,0,0
23086,ECG,1096,7009,0,0,0,0,0
23086,ECG,1097,7002,0,0,0,0,0
23086,ECG,1098,6995,0,0,0,0,0
23086,ECG,1099,6988,0,0,0,0,0
23095,ECG,1100,6982,0,0,0,0,0
23095,ECG,1101,6974,0,0,0,0,0
23095,ECG,1102,6967,0,0,0,0,0
23095,ECG,1103,6959,0,0,0,0,0
23095,ECG,1104,6952,0,0,0,0,0
23105,ECG,1105,6944,0,0,0,0,0
23105,ECG,1106,6936,0,0,0,0,0
23105,ECG,1107,6928,0,0,0,0,0
23105,ECG,1108,6920,0,0,0,0,0
23105,ECG,1109,6912,0,0,0,0,0
23115,ECG,1110,6904,0,0,0,0,0
23115,ECG,1111,6896,0,0,0,0,0
23115,ECG,1112,6887,0,0,0,0,0
23115,ECG,1113,6879,0,0,0,0,0
23115,ECG,1114,6872,0,0,0,0,0
23125,ECG,1115,6863,0,0,0,0,0
23125,ECG,1116,6855,0,0,0,0,0
23125,ECG,1117,6847,0,0,0,0,0
23125,ECG,1118,6838,0,0,0,0,0
23125,ECG,1119,6830,0,0,0,0,0
23135,ECG,1120,6821,0,0,0,0,0
23135,ECG,1121,6813,0,0,0,0,0
23135,ECG,1122,6805,0,0,0,0,0
23135,ECG,1123,6796,0,0,0,0,0
23135,ECG,1124,6787,0,0,0,0,0
23144,ECG,1125,6779,0,0,0,0,0
23144,ECG,1126,6769,0,0,0,0,0
23144,ECG,1127,6760,0,0,0,0,0
23144,ECG,1128,6750,0,0,0,0,0
23144,ECG,1129,6741,0,0,0,0,0
23154,ECG,1130,6732,0,0,0,0,0
23154,ECG,1131,6723,0,0,0,0,0
23154,ECG,1132,6715,0,0,0,0,0
23154,ECG,1133,6707,0,0,0,0,0
23154,ECG,1134,6698,0,0,0,0,0
23164,ECG,1135,6689,0,0,0,0,0
23164,ECG,1136,6680,0,0,0,0,0
23164,ECG,1137,6670,0,0,0,0,0
23164,ECG,1138,6659,0,0,0,0,0
23164,ECG,1139,6648,0,0,0,0,0
23174,ECG,1140,6638,0,0,0,0,0
23174,ECG,1141,6627,0,0,0,0,0
23174,ECG,1142,6618,0,0,0,0,0
23174,ECG,1143,6608,0,0,0,0,0
23174,ECG,1144,6598,0,0,0,0,0
23184,ECG,1145,6589,0,0,0,0,0
23184,ECG,1146,6580,0,0,0,0,0
23184,ECG,1147,6570,0,0,0,0,0
23184,ECG,1148,6560,0,0,0,0,0
23184,ECG,1149,6549,0,0,0,0,0
23193,ECG,1150,6539,0,0,0,0,0
23193,ECG,1151,6529,0,0,0,0,0
23193,ECG,1152,6518,0,0,0,0,0
23193,ECG,1153,6507,0,0,0,0,0
23193,ECG,1154,6497,0,0,0,0,0
23203,ECG,1155,6486,0,0,0,0,0
23203,ECG,1156,6476,0,0,0,0,0
23203,ECG,1157,6466,0,0,0,0,0
23203,ECG,1158,6455,0,0,0,0,0
23203,ECG,1159,6444,0,0,0,0,0
23213,ECG,1160,6433,0,0,0,0,0
23213,ECG,1161,6422,0,0,0,0,0
23213,ECG,1162,6412,0,0,0,0,0
23213,ECG,1163,6401,0,0,0,0,0
23213,ECG,1164,6389,0,0,0,0,0
24223,ECG,1165,0,0,0,0,0,0
24223,ECG,1166,-1,0,0,0,0,0
24223,ECG,1167,-2,0,0,0,0,0
24223,ECG,1168,-1,0,0,0,0,0
24223,ECG,1169,0,0,0,0,0,0
24233,ECG,1170,-5,0,0,0,0,0
24233,ECG,1171,6,0,0,0,0,0
24233,ECG,1172,-6,0,0,0,0,0
24233,ECG,1173,-9,0,0,0,0,0
24233,ECG,1174,29,0,0,0,0,0
24242,ECG,1175,-164,0,0,0,0,0
24242,ECG,1176,-453,0,0,0,0,0
24242,ECG,1177,-399,0,0,0,0,0
24242,ECG,1178,-15,0,0,0,0,0
24242,ECG,1179,715,0,0,0,0,0
24252,ECG,1180,1851,0,0,0,0,0
24252,ECG,1181,3220,0,0,0,0,0
24252,ECG,1182,4613,0,0,0,0,0
24252,ECG,1183,5833,0,0,0,0,0
24252,ECG,1184,6672,0,0,0,0,0
24262,ECG,1185,7119,0,0,0,0,0
24262,ECG,1186,7257,0,0,0,0,0
24262,ECG,1187,7011,0,0,0,0,0
24262,ECG,1188,6697,0,0,0,0,0
24262,ECG,1189,6653,0,0,0,0,0
24272,ECG,1190,6640,0,0,0,0,0
24272,ECG,1191,6581,0,0,0,0,0
24272,ECG,1192,6556,0,0,0,0,0
24272,ECG,1193,6518,0,0,0,0,0
24272,ECG,1194,6480,0,0,0,0,0
24282,ECG,1195,6448,0,0,0,0,0
24282,ECG,1196,6412,0,0,0,0,0
24282,ECG,1197,6377,0,0,0,0,0
24282,ECG,1198,6344,0,0,0,0,0
24282,ECG,1199,6310,0,0,0,0,0
24291,ECG,1200,6276,0,0,0,0,0
24291,ECG,1201,6243,0,0,0,0,0
24291,ECG,1202,6208,0,0,0,0,0
24291,ECG,1203,6174,0,0,0,0,0
24291,ECG,1204,6140,0,0,0,0,0
24301,ECG,1205,6107,0,0,0,0,0
24301,ECG,1206,6073,0,0,0,0,0
24301,ECG,1207,6040,0,0,0,0,0
24301,ECG,1208,6007,0,0,0,0,0
24301,ECG,1209,5975,0,0,0,0,0
24311,ECG,1210,5943,0,0,0,0,0
24311,ECG,1211,5911,0,0,0,0,0
24311,ECG,1212,5880,0,0,0,0,0
24311,ECG,1213,5848,0,0,0,0,0
24311,ECG,1214,5817,0,0,0,0,0
24321,ECG,1215,5786,0,0,0,0,0
24321,ECG,1216,5755,0,0,0,0,0
24321,ECG,1217,5724,0,0,0,0,0
24321,ECG,1218,5694,0,0,0,0,0
24321,ECG,1219,5662,0,0,0,0,0
24331,ECG,1220,5632,0,0,0,0,0
24331,ECG,1221,5600,0,0,0,0,0
24331,ECG,1222,5569,0,0,0,0,0
24331,ECG,1223,5539,0,0,0,0,0
24331,ECG,1224,5508,0,0,0,0,0
24340,ECG,1225,5479,0,0,0,0,0
24340,ECG,1226,5450,0,0,0,0,0
24340,ECG,1227,5421,0,0,0,0,0
24340,ECG,1228,5392,0,0,0,0,0
24340,ECG,1229,5364,0,0,0,0,0
24350,ECG,1230,5336,0,0,0,0,0
24350,ECG,1231,5308,0,0,0,0,0
24350,ECG,1232,5279,0,0,0,0,0
24350,ECG,1233,5249,0,0,0,0,0
24350,ECG,1234,5221,0,0,0,0,0
24360,ECG,1235,5193,0,0,0,0,0
24360,ECG,1236,5164,0,0,0,0,0
24360,ECG,1237,5137,0,0,0,0,0
24360,ECG,1238,5111,0,0,0,0,0
24360,ECG,1239,5084,0,0,0,0,0
24370,ECG,1240,5058,0,0,0,0,0
24370,ECG,1241,5031,0,0,0,0,0
24370,ECG,1242,5004,0,0,0,0,0
24370,ECG,1243,4977,0,0,0,0,0
24370,ECG,1244,4951,0,0,0,0,0
24380,ECG,1245,4923,0,0,0,0,0
24380,ECG,1246,4896,0,0,0,0,0
24380,ECG,1247,4870,0,0,0,0,0
24380,ECG,1248,4843,0,0,0,0,0
24380,ECG,1249,4817,0,0,0,0,0
24389,ECG,1250,4793,0,0,0,0,0
24389,ECG,1251,4767,0,0,0,0,0
24389,ECG,1252,4742,0,0,0,0,0
24389,ECG,1253,4716,0,0,0,0,0
24389,ECG,1254,4691,0,0,0,0,0
24399,ECG,1255,4666,0,0,0,0,0
24399,ECG,1256,4641,0,0,0,0,0
24399,ECG,1257,4616,0,0,0,0,0
24399,ECG,1258,4591,0,0,0,0,0
24399,ECG,1259,4567,0,0,0,0,0
24409,ECG,1260,4544,0,0,0,0,0
24409,ECG,1261,4520,0,0,0,0,0
24409,ECG,1262,4496,0,0,0,0,0
24409,ECG,1263,4472,0,0,0,0,0
24409,ECG,1264,4449,0,0,0,0,0
24419,ECG,1265,4426,0,0,0,0,0
24419,ECG,1266,4402,0,0,0,0,0
24419,ECG,1267,4379,0,0,0,0,0
24419,ECG,1268,4355,0,0,0,0,0
24419,ECG,1269,4332,0,0,0,0,0
24428,ECG,1270,4309,0,0,0,0,0
24428,ECG,1271,4287,0,0,0,0,0
24428,ECG,1272,4264,0,0,0,0,0
24428,ECG,1273,4241,0,0,0,0,0
24428,ECG,1274,4220,0,0,0,0,0
24438,ECG,1275,4197,0,0,0,0,0
24438,ECG,1276,4176,0,0,0,0,0
24438,ECG,1277,4154,0,0,0,0,0
24438,ECG,1278,4132,0,0,0,0,0
24438,ECG,1279,4111,0,0,0,0,0
24448,ECG,1280,4090,0,0,0,0,0
24448,ECG,1281,4068,0,0,0,0,0
24448,ECG,1282,4047,0,0,0,0,0
24448,ECG,1283,4025,0,0,0,0,0
24448,ECG,1284,4003,0,0,0,0,0
24458,ECG,1285,3982,0,0,0,0,0
24458,ECG,1286,3961,0,0,0,0,0
24458,ECG,1287,3940,0,0,0,0,0
24458,ECG,1288,3920,0,0,0,0,0
24458,ECG,1289,3901,0,0,0,0,0
24468,ECG,1290,3880,0,0,0,0,0
24468,ECG,1291,3859,0,0,0,0,0
24468,ECG,1292,3838,0,0,0,0,0
24468,ECG,1293,3816,0,0,0,0,0
24468,ECG,1294,3795,0,0,0,0,0
24477,ECG,1295,3775,0,0,0,0,0
24477,ECG,1296,3756,0,0,0,0,0
24477,ECG,1297,3738,0,0,0,0,0
24477,ECG,1298,3719,0,0,0,0,0
24477,ECG,1299,3702,0,0,0,0,0
24487,ECG,1300,3684,0,0,0,0,0
24487,ECG,1301,3665,0,0,0,0,0
24487,ECG,1302,3645,0,0,0,0,0
24487,ECG,1303,3626,0,0,0,0,0
24487,ECG,1304,3607,0,0,0,0,0
24497,ECG,1305,3587,0,0,0,0,0
24497,ECG,1306,3569,0,0,0,0,0
24497,ECG,1307,3550,0,0,0,0,0
24497,ECG,1308,3532,0,0,0,0,0
24497,ECG,1309,3515,0,0,0,0,0
24507,ECG,1310,3497,0,0,0,0,0
24507,ECG,1311,3480,0,0,0,0,0
24507,ECG,1312,3461,0,0,0,0,0
24507,ECG,1313,3443,0,0,0,0,0
24507,ECG,1314,3425,0,0,0,0,0
24517,ECG,1315,3408,0,0,0,0,0
24517,ECG,1316,3390,0,0,0,0,0
24517,ECG,1317,3372,0,0,0,0,0
24517,ECG,1318,3355,0,0,0,0,0
24517,ECG,1319,3337,0,0,0,0,0
24526,ECG,1320,3320,0,0,0,0,0
24526,ECG,1321,3303,0,0,0,0,0
24526,ECG,1322,3285,0,0,0,0,0
24526,ECG,1323,3267,0,0,0,0,0
24526,ECG,1324,3251,0,0,0,0,0
24536,ECG,1325,3234,0,0,0,0,0
24536,ECG,1326,3217,0,0,0,0,0
24536,ECG,1327,3200,0,0,0,0,0
24536,ECG,1328,3184,0,0,0,0,0
24536,ECG,1329,3167,0,0,0,0,0
24546,ECG,1330,3152,0,0,0,0,0
24546,ECG,1331,3136,0,0,0,0,0
24546,ECG,1332,3120,0,0,0,0,0
24546,ECG,1333,3104,0,0,0,0,0
24546,ECG,1334,3088,0,0,0,0,0
24556,ECG,1335,3073,0,0,0,0,0
24556,ECG,1336,3057,0,0,0,0,0
24556,ECG,1337,3042,0,0,0,0,0
24556,ECG,1338,3025,0,0,0,0,0
24556,ECG,1339,3010,0,0,0,0,0
24566,ECG,1340,2996,0,0,0,0,0
24566,ECG,1341,2980,0,0,0,0,0
24566,ECG,1342,2965,0,0,0,0,0
24566,ECG,1343,2949,0,0,0,0,0
24566,ECG,1344,2935,0,0,0,0,0
24575,ECG,1345,2921,0,0,0,0,0
24575,ECG,1346,2906,0,0,0,0,0
24575,ECG,1347,2892,0,0,0,0,0
24575,ECG,1348,2878,0,0,0,0,0
24575,ECG,1349,2864,0,0,0,0,0
24585,ECG,1350,2849,0,0,0,0,0
24585,ECG,1351,2835,0,0,0,0,0
24585,ECG,1352,2819,0,0,0,0,0
24585,ECG,1353,2803,0,0,0,0,0
24585,ECG,1354,2789,0,0,0,0,0
24595,ECG,1355,2775,0,0,0,0,0
24595,ECG,1356,2761,0,0,0,0,0
24595,ECG,1357,2749,0,0,0,0,0
24595,ECG,1358,2735,0,0,0,0,0
24595,ECG,1359,2723,0,0,0,0,0
24605,ECG,1360,2709,0,0,0,0,0
24605,ECG,1361,2694,0,0,0,0,0
24605,ECG,1362,2679,0,0,0,0,0
24605,ECG,1363,2665,0,0,0,0,0
24605,ECG,1364,2651,0,0,0,0,0
24614,ECG,1365,2636,0,0,0,0,0
24614,ECG,1366,2623,0,0,0,0,0
24614,ECG,1367,2611,0,0,0,0,0
24614,ECG,1368,2598,0,0,0,0,0
24614,ECG,1369,2586,0,0,0,0,0
24624,ECG,1370,2573,0,0,0,0,0
24624,ECG,1371,2560,0,0,0,0,0
24624,ECG,1372,2547,0,0,0,0,0
24624,ECG,1373,2534,0,0,0,0,0
24624,ECG,1374,2522,0,0,0,0,0
24634,ECG,1375,2510,0,0,0,0,0
24634,ECG,1376,2498,0,0,0,0,0
24634,ECG,1377,2486,0,0,0,0,0
24634,ECG,1378,2472,0,0,0,0,0
24634,ECG,1379,2460,0,0,0,0,0
24644,ECG,1380,2449,0,0,0,0,0
24644,ECG,1381,2437,0,0,0,0,0
24644,ECG,1382,2424,0,0,0,0,0
24644,ECG,1383,2412,0,0,0,0,0
24644,ECG,1384,2399,0,0,0,0,0
24654,ECG,1385,2388,0,0,0,0,0
24654,ECG,1386,2376,0,0,0,0,0
24654,ECG,1387,2364,0,0,0,0,0
24654,ECG,1388,2352,0,0,0,0,0
24654,ECG,1389,2340,0,0,0,0,0
24663,ECG,1390,2329,0,0,0,0,0
24663,ECG,1391,2319,0,0,0,0,0
24663,ECG,1392,2308,0,0,0,0,0
24663,ECG,1393,2297,0,0,0,0,0
24663,ECG,1394,2286,0,0,0,0,0
24673,ECG,1395,2275,0,0,0,0,0
24673,ECG,1396,2263,0,0,0,0,0
24673,ECG,1397,2251,0,0,0,0,0
24673,ECG,1398,2239,0,0,0,0,0
24673,ECG,1399,2227,0,0,0,0,0
24683,ECG,1400,2216,0,0,0,0,0
24683,ECG,1401,2205,0,0,0,0,0
24683,ECG,1402,2195,0,0,0,0,0
24683,ECG,1403,2184,0,0,0,0,0
24683,ECG,1404,2173,0,0,0,0,0
24693,ECG,1405,2162,0,0,0,0,0
24693,ECG,1406,2152,0,0,0,0,0
24693,ECG,1407,2142,0,0,0,0,0
24693,ECG,1408,2133,0,0,0,0,0
24693,ECG,1409,2122,0,0,0,0,0
24703,ECG,1410,2112,0,0,0,0,0
24703,ECG,1411,2101,0,0,0,0,0
24703,ECG,1412,2090,0,0,0,0,0
24703,ECG,1413,2078,0,0,0,0,0
24703,ECG,1414,2067,0,0,0,0,0
24712,ECG,1415,2057,0,0,0,0,0
24712,ECG,1416,2047,0,0,0,0,0
24712,ECG,1417,2037,0,0,0,0,0
24712,ECG,1418,2028,0,0,0,0,0
24712,ECG,1419,2019,0,0,0,0,0
24722,ECG,1420,2010,0,0,0,0,0
24722,ECG,1421,2000,0,0,0,0,0
24722,ECG,1422,1990,0,0,0,0,0
24722,ECG,1423,1980,0,0,0,0,0
24722,ECG,1424,1970,0,0,0,0,0
24732,ECG,1425,1961,0,0,0,0,0
24732,ECG,1426,1952,0,0,0,0,0
24732,ECG,1427,1943,0,0,0,0,0
24732,ECG,1428,1933,0,0,0,0,0
24732,ECG,1429,1923,0,0,0,0,0
24742,ECG,1430,1914,0,0,0,0,0
24742,ECG,1431,1904,0,0,0,0,0
24742,ECG,1432,1895,0,0,0,0,0
24742,ECG,1433,1886,0,0,0,0,0
24742,ECG,1434,1877,0,0,0,0,0
24752,ECG,1435,1868,0,0,0,0,0
24752,ECG,1436,1859,0,0,0,0,0
24752,ECG,1437,1849,0,0,0,0,0
24752,ECG,1438,1839,0,0,0,0,0
24752,ECG,1439,1831,0,0,0,0,0
24761,ECG,1440,1822,0,0,0,0,0
24761,ECG,1441,1814,0,0,0,0,0
24761,ECG,1442,1806,0,0,0,0,0
24761,ECG,1443,1797,0,0,0,0,0
24761,ECG,1444,1789,0,0,0,0,0
24771,ECG,1445,1781,0,0,0,0,0
24771,ECG,1446,1772,0,0,0,0,0
24771,ECG,1447,1764,0,0,0,0,0
24771,ECG,1448,1755,0,0,0,0,0
24771,ECG,1449,1748,0,0,0,0,0
24781,ECG,1450,1739,0,0,0,0,0
24781,ECG,1451,1731,0,0,0,0,0
24781,ECG,1452,1723,0,0,0,0,0
24781,ECG,1453,1714,0,0,0,0,0
24781,ECG,1454,1706,0,0,0,0,0
24791,ECG,1455,1698,0,0,0,0,0
24791,ECG,1456,1690,0,0,0,0,0
24791,ECG,1457,1682,0,0,0,0,0
24791,ECG,1458,1672,0,0,0,0,0
24791,ECG,1459,1664,0,0,0,0,0
24800,ECG,1460,1655,0,0,0,0,0
24800,ECG,1461,1647,0,0,0,0,0
24800,ECG,1462,1640,0,0,0,0,0
24800,ECG,1463,1633,0,0,0,0,0
24800,ECG,1464,1627,0,0,0,0,0
24810,ECG,1465,1621,0,0,0,0,0
24810,ECG,1466,1614,0,0,0,0,0
24810,ECG,1467,1605,0,0,0,0,0
24810,ECG,1468,1597,0,0,0,0,0
24810,ECG,1469,1588,0,0,0,0,0
24820,ECG,1470,1580,0,0,0,0,0
24820,ECG,1471,1572,0,0,0,0,0
24820,ECG,1472,1564,0,0,0,0,0
24820,ECG,1473,1557,0,0,0,0,0
24820,ECG,1474,1551,0,0,0,0,0
24830,ECG,1475,1545,0,0,0,0,0
24830,ECG,1476,1539,0,0,0,0,0
24830,ECG,1477,1532,0,0,0,0,0
24830,ECG,1478,1525,0,0,0,0,0
24830,ECG,1479,1518,0,0,0,0,0
24840,ECG,1480,1510,0,0,0,0,0
24840,ECG,1481,1503,0,0,0,0,0
24840,ECG,1482,1495,0,0,0,0,0
24840,ECG,1483,1487,0,0,0,0,0
24840,ECG,1484,1480,0,0,0,0,0
24849,ECG,1485,1473,0,0,0,0,0
24849,ECG,1486,1467,0,0,0,0,0
24849,ECG,1487,1460,0,0,0,0,0
24849,ECG,1488,1453,0,0,0,0,0
24849,ECG,1489,1447,0,0,0,0,0
24859,ECG,1490,1441,0,0,0,0,0
24859,ECG,1491,1434,0,0,0,0,0
24859,ECG,1492,1427,0,0,0,0,0
24859,ECG,1493,1421,0,0,0,0,0
24859,ECG,1494,1415,0,0,0,0,0
24869,ECG,1495,1408,0,0,0,0,0
24869,ECG,1496,1401,0,0,0,0,0
24869,ECG,1497,1394,0,0,0,0,0
24869,ECG,1498,1387,0,0,0,0,0
24869,ECG,1499,1381,0,0,0,0,0
24879,ECG,1500,1374,0,0,0,0,0
24879,ECG,1501,1369,0,0,0,0,0
24879,ECG,1502,1363,0,0,0,0,0
24879,ECG,1503,1357,0,0,0,0,0
24879,ECG,1504,1351,0,0,0,0,0
24889,ECG,1505,1345,0,0,0,0,0
24889,ECG,1506,1339,0,0,0,0,0
24889,ECG,1507,1332,0,0,0,0,0
24889,ECG,1508,1325,0,0,0,0,0
24889,ECG,1509,1319,0,0,0,0,0
24898,ECG,1510,1313,0,0,0,0,0
24898,ECG,1511,1307,0,0,0,0,0
24898,ECG,1512,1302,0,0,0,0,0
24898,ECG,1513,1295,0,0,0,0,0
24898,ECG,1514,1290,0,0,0,0,0
24908,ECG,1515,1284,0,0,0,0,0
24908,ECG,1516,1277,0,0,0,0,0
24908,ECG,1517,1270,0,0,0,0,0
24908,ECG,1518,1263,0,0,0,0,0
24908,ECG,1519,1257,0,0,0,0,0
24918,ECG,1520,1252,0,0,0,0,0
24918,ECG,1521,1247,0,0,0,0,0
24918,ECG,1522,1241,0,0,0,0,0
24918,ECG,1523,1236,0,0,0,0,0
24918,ECG,1524,1230,0,0,0,0,0
24928,ECG,1525,1226,0,0,0,0,0
24928,ECG,1526,1220,0,0,0,0,0
24928,ECG,1527,1214,0,0,0,0,0
24928,ECG,1528,1207,0,0,0,0,0
24928,ECG,1529,1203,0,0,0,0,0
24938,ECG,1530,1197,0,0,0,0,0
24938,ECG,1531,1191,0,0,0,0,0
24938,ECG,1532,1186,0,0,0,0,0
24938,ECG,1533,1180,0,0,0,0,0
24938,ECG,1534,1175,0,0,0,0,0
24947,ECG,1535,1169,0,0,0,0,0
24947,ECG,1536,1165,0,0,0,0,0
24947,ECG,1537,1159,0,0,0,0,0
24947,ECG,1538,1153,0,0,0,0,0
24947,ECG,1539,1148,0,0,0,0,0
24957,ECG,1540,1143,0,0,0,0,0
24957,ECG,1541,1138,0,0,0,0,0
24957,ECG,1542,1133,0,0,0,0,0
24957,ECG,1543,1126,0,0,0,0,0
24957,ECG,1544,1122,0,0,0,0,0
24967,ECG,1545,1118,0,0,0,0,0
24967,ECG,1546,1113,0,0,0,0,0
24967,ECG,1547,1108,0,0,0,0,0
24967,ECG,1548,1103,0,0,0,0,0
24967,ECG,1549,1098,0,0,0,0,0
24977,ECG,1550,1093,0,0,0,0,0
24977,ECG,1551,1089,0,0,0,0,0
24977,ECG,1552,1083,0,0,0,0,0
24977,ECG,1553,1079,0,0,0,0,0
24977,ECG,1554,1075,0,0,0,0,0
24986,ECG,1555,1071,0,0,0,0,0
24986,ECG,1556,1067,0,0,0,0,0
24986,ECG,1557,1063,0,0,0,0,0
24986,ECG,1558,1057,0,0,0,0,0
24987,ECG,1559,1052,0,0,0,0,0
24996,ECG,1560,1047,0,0,0,0,0
24996,ECG,1561,1042,0,0,0,0,0
24996,ECG,1562,1037,0,0,0,0,0
24996,ECG,1563,1032,0,0,0,0,0
24996,ECG,1564,1027,0,0,0,0,0
25006,ECG,1565,1024,0,0,0,0,0
25006,ECG,1566,1020,0,0,0,0,0
25006,ECG,1567,1016,0,0,0,0,0
25006,ECG,1568,1011,0,0,0,0,0
25006,ECG,1569,1007,0,0,0,0,0
25016,ECG,1570,1003,0,0,0,0,0
25016,ECG,1571,998,0,0,0,0,0
25016,ECG,1572,993,0,0,0,0,0
25016,ECG,1573,989,0,0,0,0,0
25016,ECG,1574,985,0,0,0,0,0
25026,ECG,1575,981,0,0,0,0,0
25026,ECG,1576,976,0,0,0,0,0
25026,ECG,1577,971,0,0,0,0,0
25026,ECG,1578,966,0,0,0,0,0
25026,ECG,1579,960,0,0,0,0,0
25035,ECG,1580,956,0,0,0,0,0
25035,ECG,1581,952,0,0,0,0,0
25035,ECG,1582,949,0,0,0,0,0
25035,ECG,1583,945,0,0,0,0,0
25035,ECG,1584,941,0,0,0,0,0
25045,ECG,1585,938,0,0,0,0,0
25045,ECG,1586,934,0,0,0,0,0
25045,ECG,1587,929,0,0,0,0,0
25045,ECG,1588,924,0,0,0,0,0
25045,ECG,1589,920,0,0,0,0,0
25055,ECG,1590,916,0,0,0,0,0
25055,ECG,1591,912,0,0,0,0,0
25055,ECG,1592,907,0,0,0,0,0
25055,ECG,1593,903,0,0,0,0,0
25055,ECG,1594,899,0,0,0,0,0
25065,ECG,1595,896,0,0,0,0,0
25065,ECG,1596,893,0,0,0,0,0
25065,ECG,1597,889,0,0,0,0,0
25065,ECG,1598,885,0,0,0,0,0
25065,ECG,1599,882,0,0,0,0,0
25075,ECG,1600,878,0,0,0,0,0
25075,ECG,1601,874,0,0,0,0,0
25075,ECG,1602,870,0,0,0,0,0
25075,ECG,1603,866,0,0,0,0,0
25075,ECG,1604,863,0,0,0,0,0
25084,ECG,1605,859,0,0,0,0,0
25084,ECG,1606,856,0,0,0,0,0
25084,ECG,1607,852,0,0,0,0,0
25084,ECG,1608,848,0,0,0,0,0
25084,ECG,1609,845,0,0,0,0,0
25094,ECG,1610,841,0,0,0,0,0
25094,ECG,1611,837,0,0,0,0,0
25094,ECG,1612,834,0,0,0,0,0
25094,ECG,1613,830,0,0,0,0,0
25094,ECG,1614,827,0,0,0,0,0
25104,ECG,1615,825,0,0,0,0,0
25104,ECG,1616,821,0,0,0,0,0
25104,ECG,1617,817,0,0,0,0,0
25104,ECG,1618,812,0,0,0,0,0
25104,ECG,1619,808,0,0,0,0,0
25114,ECG,1620,804,0,0,0,0,0
25114,ECG,1621,800,0,0,0,0,0
25114,ECG,1622,797,0,0,0,0,0
25114,ECG,1623,793,0,0,0,0,0
25114,ECG,1624,790,0,0,0,0,0
25124,ECG,1625,787,0,0,0,0,0
25124,ECG,1626,784,0,0,0,0,0
25124,ECG,1627,781,0,0,0,0,0
25124,ECG,1628,776,0,0,0,0,0
25124,ECG,1629,773,0,0,0,0,0
25133,ECG,1630,770,0,0,0,0,0
25133,ECG,1631,768,0,0,0,0,0
25133,ECG,1632,765,0,0,0,0,0
25133,ECG,1633,762,0,0,0,0,0
25133,ECG,1634,761,0,0,0,0,0
25143,ECG,1635,757,0,0,0,0,0
25143,ECG,1636,753,0,0,0,0,0
25143,ECG,1637,749,0,0,0,0,0
25143,ECG,1638,745,0,0,0,0,0
25143,ECG,1639,741,0,0,0,0,0
25153,ECG,1640,739,0,0,0,0,0
25153,ECG,1641,736,0,0,0,0,0
25153,ECG,1642,734,0,0,0,0,0
25153,ECG,1643,731,0,0,0,0,0
25153,ECG,1644,729,0,0,0,0,0
25163,ECG,1645,727,0,0,0,0,0
25163,ECG,1646,723,0,0,0,0,0
25163,ECG,1647,719,0,0,0,0,0
25163,ECG,1648,716,0,0,0,0,0
25163,ECG,1649,712,0,0,0,0,0
25173,ECG,1650,709,0,0,0,0,0
25173,ECG,1651,706,0,0,0,0,0
25173,ECG,1652,703,0,0,0,0,0
25173,ECG,1653,700,0,0,0,0,0
25173,ECG,1654,698,0,0,0,0,0
25182,ECG,1655,695,0,0,0,0,0
25182,ECG,1656,693,0,0,0,0,0
25182,ECG,1657,690,0,0,0,0,0
25182,ECG,1658,686,0,0,0,0,0
25182,ECG,1659,682,0,0,0,0,0
25192,ECG,1660,679,0,0,0,0,0
25192,ECG,1661,675,0,0,0,0,0
25192,ECG,1662,671,0,0,0,0,0
25192,ECG,1663,668,0,0,0,0,0
25192,ECG,1664,665,0,0,0,0,0
25202,ECG,1665,664,0,0,0,0,0
25202,ECG,1666,662,0,0,0,0,0
25202,ECG,1667,660,0,0,0,0,0
25202,ECG,1668,658,0,0,0,0,0
25202,ECG,1669,656,0,0,0,0,0
25212,ECG,1670,653,0,0,0,0,0
25212,ECG,1671,651,0,0,0,0,0
25212,ECG,1672,648,0,0,0,0,0
25212,ECG,1673,646,0,0,0,0,0
25212,ECG,1674,642,0,0,0,0,0
25221,ECG,1675,639,0,0,0,0,0
25221,ECG,1676,636,0,0,0,0,0
25221,ECG,1677,634,0,0,0,0,0
25221,ECG,1678,632,0,0,0,0,0
25221,ECG,1679,631,0,0,0,0,0
25231,ECG,1680,630,0,0,0,0,0
25231,ECG,1681,628,0,0,0,0,0
25231,ECG,1682,625,0,0,0,0,0
25231,ECG,1683,622,0,0,0,0,0
25231,ECG,1684,619,0,0,0,0,0
25241,ECG,1685,616,0,0,0,0,0
25241,ECG,1686,612,0,0,0,0,0
25241,ECG,1687,609,0,0,0,0,0
25241,ECG,1688,607,0,0,0,0,0
25241,ECG,1689,604,0,0,0,0,0
25251,ECG,1690,603,0,0,0,0,0
25251,ECG,1691,600,0,0,0,0,0
25251,ECG,1692,598,0,0,0,0,0
25251,ECG,1693,596,0,0,0,0,0
25251,ECG,1694,594,0,0,0,0,0
25261,ECG,1695,591,0,0,0,0,0
25261,ECG,1696,587,0,0,0,0,0
25261,ECG,1697,584,0,0,0,0,0
25261,ECG,1698,580,0,0,0,0,0
25261,ECG,1699,576,0,0,0,0,0
26278,ECG,1700,0,0,0,0,0,0
26278,ECG,1701,-1,0,0,0,0,0
26278,ECG,1702,-2,0,0,0,0,0
26278,ECG,1703,-1,0,0,0,0,0
26278,ECG,1704,1,0,0,0,0,0
26288,ECG,1705,-6,0,0,0,0,0
26288,ECG,1706,9,0,0,0,0,0
26288,ECG,1707,-7,0,0,0,0,0
26288,ECG,1708,-10,0,0,0,0,0
26288,ECG,1709,40,0,0,0,0,0
26297,ECG,1710,-219,0,0,0,0,0
26297,ECG,1711,-606,0,0,0,0,0
26297,ECG,1712,-532,0,0,0,0,0
26297,ECG,1713,-15,0,0,0,0,0
26297,ECG,1714,965,0,0,0,0,0
26307,ECG,1715,2487,0,0,0,0,0
26307,ECG,1716,4320,0,0,0,0,0
26307,ECG,1717,6183,0,0,0,0,0
26307,ECG,1718,7811,0,0,0,0,0
26307,ECG,1719,8927,0,0,0,0,0
26317,ECG,1720,9518,0,0,0,0,0
26317,ECG,1721,9693,0,0,0,0,0
26317,ECG,1722,9356,0,0,0,0,0
26317,ECG,1723,8929,0,0,0,0,0
26317,ECG,1724,8865,0,0,0,0,0
26327,ECG,1725,8841,0,0,0,0,0
26327,ECG,1726,8758,0,0,0,0,0
26327,ECG,1727,8718,0,0,0,0,0
26327,ECG,1728,8662,0,0,0,0,0
26327,ECG,1729,8604,0,0,0,0,0
26337,ECG,1730,8555,0,0,0,0,0
26337,ECG,1731,8501,0,0,0,0,0
26337,ECG,1732,8448,0,0,0,0,0
26337,ECG,1733,8397,0,0,0,0,0
26337,ECG,1734,8345,0,0,0,0,0
26346,ECG,1735,8292,0,0,0,0,0
26346,ECG,1736,8240,0,0,0,0,0
26346,ECG,1737,8188,0,0,0,0,0
26346,ECG,1738,8136,0,0,0,0,0
26346,ECG,1739,8086,0,0,0,0,0
26356,ECG,1740,8036,0,0,0,0,0
26356,ECG,1741,7986,0,0,0,0,0
26356,ECG,1742,7936,0,0,0,0,0
26356,ECG,1743,7886,0,0,0,0,0
26356,ECG,1744,7836,0,0,0,0,0
26366,ECG,1745,7788,0,0,0,0,0
26366,ECG,1746,7738,0,0,0,0,0
26366,ECG,1747,7691,0,0,0,0,0
26366,ECG,1748,7644,0,0,0,0,0
26366,ECG,1749,7596,0,0,0,0,0
26376,ECG,1750,7549,0,0,0,0,0
26376,ECG,1751,7503,0,0,0,0,0
26376,ECG,1752,7457,0,0,0,0,0
26376,ECG,1753,7410,0,0,0,0,0
26376,ECG,1754,7363,0,0,0,0,0
26386,ECG,1755,7318,0,0,0,0,0
26386,ECG,1756,7273,0,0,0,0,0
26386,ECG,1757,7229,0,0,0,0,0
26386,ECG,1758,7185,0,0,0,0,0
26386,ECG,1759,7141,0,0,0,0,0
26395,ECG,1760,7096,0,0,0,0,0
26395,ECG,1761,7051,0,0,0,0,0
26395,ECG,1762,7005,0,0,0,0,0
26395,ECG,1763,6960,0,0,0,0,0
26395,ECG,1764,6916,0,0,0,0,0
26405,ECG,1765,6873,0,0,0,0,0
26405,ECG,1766,6830,0,0,0,0,0
26405,ECG,1767,6789,0,0,0,0,0
26405,ECG,1768,6748,0,0,0,0,0
26405,ECG,1769,6707,0,0,0,0,0
26415,ECG,1770,6665,0,0,0,0,0
26415,ECG,1771,6623,0,0,0,0,0
26415,ECG,1772,6582,0,0,0,0,0
26415,ECG,1773,6539,0,0,0,0,0
26415,ECG,1774,6499,0,0,0,0,0
26425,ECG,1775,6458,0,0,0,0,0
26425,ECG,1776,6419,0,0,0,0,0
26425,ECG,1777,6381,0,0,0,0,0
26425,ECG,1778,6342,0,0,0,0,0
26425,ECG,1779,6303,0,0,0,0,0
26434,ECG,1780,6264,0,0,0,0,0
26434,ECG,1781,6225,0,0,0,0,0
26434,ECG,1782,6185,0,0,0,0,0
26434,ECG,1783,6147,0,0,0,0,0
26434,ECG,1784,6108,0,0,0,0,0
26444,ECG,1785,6070,0,0,0,0,0
26444,ECG,1786,6033,0,0,0,0,0
26444,ECG,1787,5995,0,0,0,0,0
26444,ECG,1788,5958,0,0,0,0,0
26444,ECG,1789,5921,0,0,0,0,0
26454,ECG,1790,5885,0,0,0,0,0
26454,ECG,1791,5848,0,0,0,0,0
26454,ECG,1792,5812,0,0,0,0,0
26454,ECG,1793,5775,0,0,0,0,0
26454,ECG,1794,5739,0,0,0,0,0
26464,ECG,1795,5705,0,0,0,0,0
26464,ECG,1796,5669,0,0,0,0,0
26464,ECG,1797,5634,0,0,0,0,0
26464,ECG,1798,5599,0,0,0,0,0
26464,ECG,1799,5564,0,0,0,0,0
26474,ECG,1800,5529,0,0,0,0,0
26474,ECG,1801,5494,0,0,0,0,0
26474,ECG,1802,5460,0,0,0,0,0
26474,ECG,1803,5425,0,0,0,0,0
26474,ECG,1804,5392,0,0,0,0,0
26483,ECG,1805,5358,0,0,0,0,0
26483,ECG,1806,5325,0,0,0,0,0
26483,ECG,1807,5294,0,0,0,0,0
26483,ECG,1808,5261,0,0,0,0,0
26483,ECG,1809,5228,0,0,0,0,0
26493,ECG,1810,5197,0,0,0,0,0
26493,ECG,1811,5164,0,0,0,0,0
26493,ECG,1812,5131,0,0,0,0,0
26493,ECG,1813,5099,0,0,0,0,0
26493,ECG,1814,5067,0,0,0,0,0
26503,ECG,1815,5036,0,0,0,0,0
26503,ECG,1816,5004,0,0,0,0,0
26503,ECG,1817,4973,0,0,0,0,0
26503,ECG,1818,4942,0,0,0,0,0
26503,ECG,1819,4913,0,0,0,0,0
26513,ECG,1820,4882,0,0,0,0,0
26513,ECG,1821,4852,0,0,0,0,0
26513,ECG,1822,4821,0,0,0,0,0
26513,ECG,1823,4791,0,0,0,0,0
26513,ECG,1824,4761,0,0,0,0,0
26523,ECG,1825,4731,0,0,0,0,0
26523,ECG,1826,4701,0,0,0,0,0
26523,ECG,1827,4672,0,0,0,0,0
26523,ECG,1828,4644,0,0,0,0,0
26523,ECG,1829,4615,0,0,0,0,0
26532,ECG,1830,4586,0,0,0,0,0
26532,ECG,1831,4558,0,0,0,0,0
26532,ECG,1832,4528,0,0,0,0,0
26532,ECG,1833,4499,0,0,0,0,0
26532,ECG,1834,4471,0,0,0,0,0
26542,ECG,1835,4442,0,0,0,0,0
26542,ECG,1836,4415,0,0,0,0,0
26542,ECG,1837,4388,0,0,0,0,0
26542,ECG,1838,4362,0,0,0,0,0
26542,ECG,1839,4335,0,0,0,0,0
26552,ECG,1840,4308,0,0,0,0,0
26552,ECG,1841,4281,0,0,0,0,0
26552,ECG,1842,4253,0,0,0,0,0
26552,ECG,1843,4226,0,0,0,0,0
26552,ECG,1844,4199,0,0,0,0,0
26562,ECG,1845,4173,0,0,0,0,0
26562,ECG,1846,4147,0,0,0,0,0
26562,ECG,1847,4121,0,0,0,0,0
26562,ECG,1848,4096,0,0,0,0,0
26562,ECG,1849,4069,0,0,0,0,0
26572,ECG,1850,4043,0,0,0,0,0
26572,ECG,1851,4017,0,0,0,0,0
26572,ECG,1852,3991,0,0,0,0,0
26572,ECG,1853,3966,0,0,0,0,0
26572,ECG,1854,3941,0,0,0,0,0
26581,ECG,1855,3918,0,0,0,0,0
26581,ECG,1856,3894,0,0,0,0,0
26581,ECG,1857,3870,0,0,0,0,0
26581,ECG,1858,3847,0,0,0,0,0
26581,ECG,1859,3823,0,0,0,0,0
26591,ECG,1860,3799,0,0,0,0,0
26591,ECG,1861,3776,0,0,0,0,0
26591,ECG,1862,3753,0,0,0,0,0
26591,ECG,1863,3730,0,0,0,0,0
26591,ECG,1864,3707,0,0,0,0,0
26601,ECG,1865,3684,0,0,0,0,0
26601,ECG,1866,3661,0,0,0,0,0
26601,ECG,1867,3639,0,0,0,0,0
26601,ECG,1868,3616,0,0,0,0,0
26601,ECG,1869,3593,0,0,0,0,0
26611,ECG,1870,3572,0,0,0,0,0
26611,ECG,1871,3549,0,0,0,0,0
26611,ECG,1872,3527,0,0,0,0,0
26611,ECG,1873,3505,0,0,0,0,0
26611,ECG,1874,3483,0,0,0,0,0
26620,ECG,1875,3461,0,0,0,0,0
26620,ECG,1876,3440,0,0,0,0,0
26621,ECG,1877,3419,0,0,0,0,0
26621,ECG,1878,3399,0,0,0,0,0
26621,ECG,1879,3378,0,0,0,0,0
26630,ECG,1880,3357,0,0,0,0,0
26630,ECG,1881,3335,0,0,0,0,0
26630,ECG,1882,3314,0,0,0,0,0
26630,ECG,1883,3292,0,0,0,0,0
26630,ECG,1884,3271,0,0,0,0,0
26640,ECG,1885,3250,0,0,0,0,0
26640,ECG,1886,3230,0,0,0,0,0
26640,ECG,1887,3212,0,0,0,0,0
26640,ECG,1888,3193,0,0,0,0,0
26640,ECG,1889,3173,0,0,0,0,0
26650,ECG,1890,3154,0,0,0,0,0
26650,ECG,1891,3134,0,0,0,0,0
26650,ECG,1892,3113,0,0,0,0,0
26650,ECG,1893,3093,0,0,0,0,0
26650,ECG,1894,3073,0,0,0,0,0
26660,ECG,1895,3054,0,0,0,0,0
26660,ECG,1896,3036,0,0,0,0,0
26660,ECG,1897,3018,0,0,0,0,0
26660,ECG,1898,3001,0,0,0,0,0
26660,ECG,1899,2983,0,0,0,0,0
26669,ECG,1900,2965,0,0,0,0,0
26669,ECG,1901,2946,0,0,0,0,0
26669,ECG,1902,2926,0,0,0,0,0
26669,ECG,1903,2907,0,0,0,0,0
26669,ECG,1904,2889,0,0,0,0,0
26679,ECG,1905,2871,0,0,0,0,0
26679,ECG,1906,2853,0,0,0,0,0
26679,ECG,1907,2836,0,0,0,0,0
26679,ECG,1908,2818,0,0,0,0,0
26679,ECG,1909,2801,0,0,0,0,0
26689,ECG,1910,2782,0,0,0,0,0
26689,ECG,1911,2764,0,0,0,0,0
26689,ECG,1912,2747,0,0,0,0,0
26689,ECG,1913,2731,0,0,0,0,0
26689,ECG,1914,2714,0,0,0,0,0
26699,ECG,1915,2697,0,0,0,0,0
26699,ECG,1916,2681,0,0,0,0,0
26699,ECG,1917,2665,0,0,0,0,0
26699,ECG,1918,2649,0,0,0,0,0
26699,ECG,1919,2632,0,0,0,0,0
26709,ECG,1920,2616,0,0,0,0,0
26709,ECG,1921,2600,0,0,0,0,0
26709,ECG,1922,2583,0,0,0,0,0
26709,ECG,1923,2568,0,0,0,0,0
26709,ECG,1924,2551,0,0,0,0,0
26718,ECG,1925,2535,0,0,0,0,0
26718,ECG,1926,2519,0,0,0,0,0
26718,ECG,1927,2503,0,0,0,0,0
26718,ECG,1928,2488,0,0,0,0,0
26718,ECG,1929,2473,0,0,0,0,0
26728,ECG,1930,2458,0,0,0,0,0
26728,ECG,1931,2443,0,0,0,0,0
26728,ECG,1932,2428,0,0,0,0,0
26728,ECG,1933,2413,0,0,0,0,0
26728,ECG,1934,2397,0,0,0,0,0
26738,ECG,1935,2382,0,0,0,0,0
26738,ECG,1936,2367,0,0,0,0,0
26738,ECG,1937,2352,0,0,0,0,0
26738,ECG,1938,2338,0,0,0,0,0
26738,ECG,1939,2324,0,0,0,0,0
26748,ECG,1940,2309,0,0,0,0,0
26748,ECG,1941,2295,0,0,0,0,0
26748,ECG,1942,2280,0,0,0,0,0
26748,ECG,1943,2264,0,0,0,0,0
26748,ECG,1944,2250,0,0,0,0,0
26758,ECG,1945,2237,0,0,0,0,0
26758,ECG,1946,2224,0,0,0,0,0
26758,ECG,1947,2211,0,0,0,0,0
26758,ECG,1948,2199,0,0,0,0,0
26758,ECG,1949,2186,0,0,0,0,0
26767,ECG,1950,2171,0,0,0,0,0
26767,ECG,1951,2158,0,0,0,0,0
26767,ECG,1952,2143,0,0,0,0,0
26767,ECG,1953,2129,0,0,0,0,0
26767,ECG,1954,2115,0,0,0,0,0
26777,ECG,1955,2101,0,0,0,0,0
26777,ECG,1956,2088,0,0,0,0,0
26777,ECG,1957,2077,0,0,0,0,0
26777,ECG,1958,2064,0,0,0,0,0
26777,ECG,1959,2051,0,0,0,0,0
26787,ECG,1960,2038,0,0,0,0,0
26787,ECG,1961,2025,0,0,0,0,0
26787,ECG,1962,2011,0,0,0,0,0
26787,ECG,1963,1998,0,0,0,0,0
26787,ECG,1964,1984,0,0,0,0,0
26797,ECG,1965,1971,0,0,0,0,0
26797,ECG,1966,1959,0,0,0,0,0
26797,ECG,1967,1947,0,0,0,0,0
26797,ECG,1968,1935,0,0,0,0,0
26797,ECG,1969,1923,0,0,0,0,0
26807,ECG,1970,1912,0,0,0,0,0
26807,ECG,1971,1901,0,0,0,0,0
26807,ECG,1972,1889,0,0,0,0,0
26807,ECG,1973,1877,0,0,0,0,0
26807,ECG,1974,1865,0,0,0,0,0
26816,ECG,1975,1853,0,0,0,0,0
26816,ECG,1976,1841,0,0,0,0,0
26816,ECG,1977,1828,0,0,0,0,0
26816,ECG,1978,1817,0,0,0,0,0
26816,ECG,1979,1806,0,0,0,0,0
26826,ECG,1980,1794,0,0,0,0,0
26826,ECG,1981,1783,0,0,0,0,0
26826,ECG,1982,1771,0,0,0,0,0
26826,ECG,1983,1760,0,0,0,0,0
26826,ECG,1984,1748,0,0,0,0,0
26836,ECG,1985,1736,0,0,0,0,0
26836,ECG,1986,1725,0,0,0,0,0
26836,ECG,1987,1715,0,0,0,0,0
26836,ECG,1988,1704,0,0,0,0,0
26836,ECG,1989,1694,0,0,0,0,0
26846,ECG,1990,1684,0,0,0,0,0
26846,ECG,1991,1674,0,0,0,0,0
26846,ECG,1992,1664,0,0,0,0,0
26846,ECG,1993,1654,0,0,0,0,0
26846,ECG,1994,1644,0,0,0,0,0
26855,ECG,1995,1634,0,0,0,0,0
26855,ECG,1996,1623,0,0,0,0,0
26855,ECG,1997,1613,0,0,0,0,0
26855,ECG,1998,1602,0,0,0,0,0
26855,ECG,1999,1591,0,0,0,0,0
26865,ECG,2000,1581,0,0,0,0,0
26865,ECG,2001,1571,0,0,0,0,0
26865,ECG,2002,1562,0,0,0,0,0
26865,ECG,2003,1553,0,0,0,0,0
26865,ECG,2004,1544,0,0,0,0,0
26875,ECG,2005,1535,0,0,0,0,0
26875,ECG,2006,1526,0,0,0,0,0
26875,ECG,2007,1516,0,0,0,0,0
26875,ECG,2008,1507,0,0,0,0,0
26875,ECG,2009,1498,0,0,0,0,0
26885,ECG,2010,1488,0,0,0,0,0
26885,ECG,2011,1479,0,0,0,0,0
26885,ECG,2012,1469,0,0,0,0,0
26885,ECG,2013,1460,0,0,0,0,0
26885,ECG,2014,1451,0,0,0,0,0
26895,ECG,2015,1441,0,0,0,0,0
26895,ECG,2016,1432,0,0,0,0,0
26895,ECG,2017,1425,0,0,0,0,0
26895,ECG,2018,1417,0,0,0,0,0
26895,ECG,2019,1408,0,0,0,0,0
26904,ECG,2020,1400,0,0,0,0,0
26904,ECG,2021,1391,0,0,0,0,0
26904,ECG,2022,1382,0,0,0,0,0
26904,ECG,2023,1373,0,0,0,0,0
26904,ECG,2024,1364,0,0,0,0,0
26914,ECG,2025,1354,0,0,0,0,0
26914,ECG,2026,1347,0,0,0,0,0
26914,ECG,2027,1338,0,0,0,0,0
26914,ECG,2028,1330,0,0,0,0,0
26914,ECG,2029,1323,0,0,0,0,0
26924,ECG,2030,1315,0,0,0,0,0
26924,ECG,2031,1308,0,0,0,0,0
26924,ECG,2032,1301,0,0,0,0,0
26924,ECG,2033,1293,0,0,0,0,0
26924,ECG,2034,1285,0,0,0,0,0
26934,ECG,2035,1275,0,0,0,0,0
26934,ECG,2036,1267,0,0,0,0,0
26934,ECG,2037,1258,0,0,0,0,0
26934,ECG,2038,1249,0,0,0,0,0
26934,ECG,2039,1240,0,0,0,0,0
26944,ECG,2040,1232,0,0,0,0,0
26944,ECG,2041,1226,0,0,0,0,0
26944,ECG,2042,1220,0,0,0,0,0
26944,ECG,2043,1214,0,0,0,0,0
26944,ECG,2044,1207,0,0,0,0,0
26953,ECG,2045,1199,0,0,0,0,0
26953,ECG,2046,1190,0,0,0,0,0
26953,ECG,2047,1181,0,0,0,0,0
26904,IMU,416,-1652,-724,-7848,-88,59,25
26926,IMU,417,-1640,-536,-7924,-69,80,53
26942,IMU,418,-1560,-604,-7888,-85,68,43
26961,IMU,419,-1692,-668,-7816,-89,67,32
26980,IMU,420,-1540,-716,-7900,-85,61,39
26999,IMU,421,-1588,-676,-7852,-101,88,32
27018,IMU,422,-1608,-568,-7892,-97,73,23
27037,IMU,423,-1576,-636,-7888,-102,67,30
27057,IMU,424,-1608,-580,-7952,-87,64,30
27076,IMU,425,-1660,-552,-8004,-90,60,16
27095,IMU,426,-1644,-660,-7832,-82,68,45
27114,IMU,427,-1656,-708,-7896,-87,63,47
27135,IMU,428,-1592,-640,-7876,-115,62,35
27153,IMU,429,-1680,-572,-7912,-77,71,43
27172,IMU,430,-1524,-684,-7936,-83,67,29
27191,IMU,431,-1580,-640,-7892,-81,80,44
27210,IMU,432,-1680,-628,-7892,-86,84,30
27229,IMU,433,-1680,-660,-7944,-99,69,35
27248,IMU,434,-1568,-676,-7868,-86,78,43
27267,IMU,435,-1580,-604,-7924,-85,64,32
27286,IMU,436,-1620,-668,-7924,-90,70,34
27305,IMU,437,-1576,-588,-7856,-92,67,49
27324,IMU,438,-1600,-644,-7888,-96,78,50
27343,IMU,439,-1616,-652,-7900,-95,71,42
27363,IMU,440,-1632,-676,-7968,-97,78,41
27383,IMU,441,-1632,-712,-7864,-94,53,38
27401,IMU,442,-1652,-692,-7904,-99,78,44
27420,IMU,443,-1660,-564,-7872,-62,81,37
27439,IMU,444,-1616,-676,-7860,-95,77,36
27458,IMU,445,-1684,-656,-7876,-89,73,48
27478,IMU,446,-1608,-624,-7932,-102,78,53
27497,IMU,447,-1668,-660,-7940,-88,49,39
27516,IMU,448,-1624,-580,-7936,-94,67,51
27535,IMU,449,-1676,-620,-7896,-102,76,37
27554,IMU,450,-1636,-632,-7916,-105,74,46
27574,IMU,451,-1668,-568,-7912,-73,86,36
27592,IMU,452,-1608,-624,-7936,-77,66,54
27612,IMU,453,-1596,-748,-7816,-85,59,38
27631,IMU,454,-1740,-652,-7940,-86,59,33
27650,IMU,455,-1620,-684,-7932,-101,77,35
27669,IMU,456,-1544,-692,-7936,-89,80,44
27688,IMU,457,-1560,-636,-7912,-98,80,46
27707,IMU,458,-1592,-680,-7884,-83,72,32
27727,IMU,459,-1608,-712,-7904,-107,60,36
27746,IMU,460,-1584,-592,-7876,-91,58,36
27765,IMU,461,-1600,-660,-7960,-72,82,29
27788,IMU,462,-1628,-680,-7896,-92,67,36
27803,IMU,463,-1720,-648,-7800,-81,56,33
27822,IMU,464,-1632,-756,-7908,-100,76,48
27842,IMU,465,-1584,-628,-7964,-87,71,37
27861,IMU,466,-1716,-624,-7880,-83,72,68
27880,IMU,467,-1636,-656,-7928,-86,72,24
27899,IMU,468,-1664,-656,-7932,-96,66,31
27918,IMU,469,-1708,-692,-8000,-92,63,46
27939,IMU,470,-1700,-648,-7884,-90,62,48
27957,IMU,471,-1540,-656,-7888,-92,76,37
27976,IMU,472,-1660,-660,-7860,-100,67,34
27995,IMU,473,-1704,-620,-7936,-97,59,41
28014,IMU,474,-1556,-688,-7888,-86,71,52
28033,IMU,475,-1636,-728,-7948,-106,62,41
28052,IMU,476,-1620,-736,-7916,-92,69,35
28071,IMU,477,-1640,-732,-8036,-63,73,39
28091,IMU,478,-1716,-580,-7932,-105,50,40
28110,IMU,479,-1632,-556,-7860,-78,68,33
28129,IMU,480,-1620,-624,-7944,-101,52,41
28148,IMU,481,-1576,-700,-7876,-88,69,41
28167,IMU,482,-1692,-668,-7860,-100,82,44
28186,IMU,483,-1592,-644,-7844,-96,60,37
28206,IMU,484,-1604,-636,-7976,-77,78,46
28228,IMU,485,-1540,-636,-7908,-102,73,38
28244,IMU,486,-1636,-624,-7936,-107,75,38
28263,IMU,487,-1696,-636,-7940,-81,72,45
28282,IMU,488,-1708,-640,-7888,-76,73,47
28301,IMU,489,-1600,-600,-7944,-72,87,29
28321,IMU,490,-1668,-724,-7968,-75,86,52
28340,IMU,491,-1664,-684,-7872,-72,54,40
28359,IMU,492,-1652,-740,-7888,-101,65,22
28378,IMU,493,-1580,-632,-7868,-88,76,36
28397,IMU,494,-1600,-656,-7940,-91,73,39
28416,IMU,495,-1572,-544,-7940,-94,74,34
28435,IMU,496,-1656,-628,-7928,-106,70,44
28455,IMU,497,-1672,-668,-7952,-104,61,27
28474,IMU,498,-1700,-644,-7900,-78,77,55
28493,IMU,499,-1764,-648,-7868,-88,63,55
28512,IMU,500,-1604,-640,-7916,-81,79,45
28531,IMU,501,-1640,-692,-7840,-93,74,31
28550,IMU,502,-1576,-640,-7840,-91,74,39
28570,IMU,503,-1720,-672,-7968,-96,67,35
28589,IMU,504,-1600,-740,-7836,-89,59,27
28608,IMU,505,-1584,-628,-7912,-72,84,41
28627,IMU,506,-1592,-608,-7948,-100,68,45
28646,IMU,507,-1632,-688,-7916,-94,80,41
28666,IMU,508,-1664,-676,-7872,-73,62,48
28684,IMU,509,-1548,-676,-7880,-96,54,34
28703,IMU,510,-1560,-732,-7948,-88,72,34
28722,IMU,511,-1724,-572,-7940,-85,70,41
28741,IMU,512,-1608,-756,-7904,-93,59,29
28760,IMU,513,-1616,-652,-7980,-91,71,33
28780,IMU,514,-1640,-604,-7832,-96,72,41
28799,IMU,515,-1600,-680,-7880,-105,70,50
28818,IMU,516,-1628,-696,-8004,-102,68,40
28837,IMU,517,-1644,-628,-7884,-85,73,39
28856,IMU,518,-1556,-632,-7932,-88,67,41
28877,IMU,519,-1612,-560,-7848,-86,74,38
28895,IMU,520,-1740,-584,-7840,-101,57,29
28914,IMU,521,-1548,-680,-7864,-89,62,41
28933,IMU,522,-1724,-584,-7916,-86,68,42
28952,IMU,523,-1608,-672,-7884,-101,71,40
28972,IMU,524,-1568,-652,-7936,-93,76,45
28990,IMU,525,-1576,-648,-7868,-101,68,44
29009,IMU,526,-1620,-664,-7908,-79,67,61
29028,IMU,527,-1596,-652,-7932,-82,79,36
29047,IMU,528,-1732,-656,-7908,-100,72,48
29066,IMU,529,-1568,-640,-7940,-113,66,38
29086,IMU,530,-1664,-732,-7900,-83,74,51
29107,IMU,531,-1612,-648,-7872,-110,57,44
29124,IMU,532,-1624,-612,-7856,-92,55,35
29143,IMU,533,-1644,-768,-7872,-82,68,45
29162,IMU,534,-1592,-676,-7880,-93,67,42
29181,IMU,535,-1596,-628,-7952,-91,78,42
29200,IMU,536,-1508,-640,-7904,-108,68,37
29220,IMU,537,-1660,-680,-7908,-93,63,30
29239,IMU,538,-1732,-752,-7944,-107,81,35
29258,IMU,539,-1728,-644,-7816,-91,83,42
29277,IMU,540,-1532,-568,-7840,-109,84,44
29296,IMU,541,-1584,-660,-7912,-93,70,40
29319,IMU,542,-1636,-692,-7884,-98,59,42
29334,IMU,543,-1560,-632,-7904,-60,58,38
29354,IMU,544,-1720,-696,-7880,-93,48,52
29373,IMU,545,-1676,-568,-7952,-90,83,36
29392,IMU,546,-1656,-704,-7940,-101,62,26
29411,IMU,547,-1712,-640,-7964,-83,76,55
29430,IMU,548,-1648,-616,-7808,-81,68,39
29449,IMU,549,-1648,-660,-7920,-95,62,36
29468,IMU,550,-1576,-584,-7876,-88,56,35
29487,IMU,551,-1616,-732,-7848,-88,71,40
29507,IMU,552,-1688,-672,-7932,-101,68,37
29526,IMU,553,-1720,-672,-7924,-98,56,47
29546,IMU,554,-1644,-660,-7940,-104,78,41
29564,IMU,555,-1568,-660,-7796,-83,67,38
29583,IMU,556,-1668,-688,-7932,-88,64,34
29602,IMU,557,-1776,-612,-7896,-98,63,41
29622,IMU,558,-1656,-564,-7876,-85,79,52
29641,IMU,559,-1608,-624,-7824,-82,71,37
29660,IMU,560,-1572,-728,-7968,-122,79,37
29679,IMU,561,-1652,-688,-7884,-99,76,38
29698,IMU,562,-1672,-580,-7892,-86,86,45
29717,IMU,563,-1536,-736,-7968,-95,56,47
29736,IMU,564,-1524,-752,-7808,-85,56,38
29757,IMU,565,-1552,-720,-7904,-90,61,36
29775,IMU,566,-1500,-664,-7900,-94,68,45
29794,IMU,567,-1604,-700,-7928,-89,56,31
29813,IMU,568,-1640,-496,-7848,-109,63,40
29832,IMU,569,-1660,-740,-7940,-79,67,41
29851,IMU,570,-1616,-544,-7964,-98,76,41
29871,IMU,571,-1628,-556,-7876,-95,67,42
29890,IMU,572,-1648,-636,-7924,-82,66,49
29909,IMU,573,-1636,-696,-7868,-91,57,27
29928,IMU,574,-1628,-708,-7964,-112,66,48
29947,IMU,575,-1520,-632,-7856,-94,47,36
29968,IMU,576,-1688,-600,-7896,-100,61,30
29986,IMU,577,-1672,-660,-7904,-118,67,38
30006,IMU,578,-1596,-680,-7936,-92,80,39
30024,IMU,579,-1600,-620,-7856,-98,60,34
30043,IMU,580,-1592,-656,-7884,-96,78,41
30062,IMU,581,-1628,-628,-7872,-70,58,40
30081,IMU,582,-1564,-708,-7852,-90,62,48
30101,IMU,583,-1652,-728,-7872,-96,81,48
30120,IMU,584,-1636,-648,-7880,-97,83,25
30139,IMU,585,-1636,-692,-7924,-98,60,43
30158,IMU,586,-1728,-672,-7908,-94,58,52
30177,IMU,587,-1616,-728,-7872,-101,58,58
30198,IMU,588,-1592,-628,-7964,-91,69,33
30215,IMU,589,-1604,-644,-7940,-73,58,47
30235,IMU,590,-1652,-660,-7892,-74,61,36
30254,IMU,591,-1576,-664,-7912,-78,60,27
30273,IMU,592,-1624,-656,-7812,-74,68,45
30292,IMU,593,-1644,-688,-7920,-87,72,48
30311,IMU,594,-1696,-712,-7900,-114,60,47
30330,IMU,595,-1600,-660,-7808,-85,74,42
30350,IMU,596,-1728,-752,-7912,-96,43,43
30369,IMU,597,-1748,-688,-7900,-98,69,38
30388,IMU,598,-1640,-744,-7916,-72,62,42
30411,IMU,599,-1528,-692,-7924,-96,66,31
30426,IMU,600,-1600,-656,-7852,-96,80,33
30445,IMU,601,-1608,-732,-7836,-75,64,54
30464,IMU,602,-1692,-644,-7908,-77,66,39
30484,IMU,603,-1548,-672,-7868,-94,67,40
30503,IMU,604,-1692,-640,-7928,-75,81,56
30522,IMU,605,-1640,-632,-7908,-98,65,34
30541,IMU,606,-1700,-580,-7948,-90,77,49
30560,IMU,607,-1684,-672,-7912,-88,67,28
30579,IMU,608,-1636,-632,-7912,-86,65,36
30598,IMU,609,-1584,-684,-7944,-84,81,53
30617,IMU,610,-1684,-676,-7888,-85,58,42
30638,IMU,611,-1612,-612,-7852,-94,56,53
30656,IMU,612,-1632,-684,-7880,-69,63,44
30675,IMU,613,-1584,-684,-7952,-94,86,42
30694,IMU,614,-1748,-660,-7896,-79,63,34
30713,IMU,615,-1508,-640,-7864,-94,63,34
30733,IMU,616,-1656,-628,-7936,-77,65,18
30752,IMU,617,-1600,-804,-7928,-95,75,30
30771,IMU,618,-1572,-636,-7864,-94,68,43
30790,IMU,619,-1656,-588,-7876,-97,60,42
30809,IMU,620,-1652,-656,-7996,-79,57,38
30828,IMU,621,-1644,-672,-7900,-80,69,34
30850,IMU,622,-1548,-576,-7888,-99,85,45
30866,IMU,623,-1668,-704,-8036,-91,64,51
26953,ECG,2048,1173,0,0,0,0,0
26953,ECG,2049,1165,0,0,0,0,0
26963,ECG,2050,1158,0,0,0,0,0
26963,ECG,2051,1152,0,0,0,0,0
26963,ECG,2052,1146,0,0,0,0,0
26963,ECG,2053,1141,0,0,0,0,0
26963,ECG,2054,1134,0,0,0,0,0
26973,ECG,2055,1128,0,0,0,0,0
26973,ECG,2056,1121,0,0,0,0,0
26973,ECG,2057,1113,0,0,0,0,0
26973,ECG,2058,1106,0,0,0,0,0
26973,ECG,2059,1100,0,0,0,0,0
26983,ECG,2060,1093,0,0,0,0,0
26983,ECG,2061,1085,0,0,0,0,0
26983,ECG,2062,1078,0,0,0,0,0
26983,ECG,2063,1071,0,0,0,0,0
26983,ECG,2064,1064,0,0,0,0,0
26993,ECG,2065,1056,0,0,0,0,0
26993,ECG,2066,1049,0,0,0,0,0
26993,ECG,2067,1043,0,0,0,0,0
26993,ECG,2068,1037,0,0,0,0,0
26993,ECG,2069,1030,0,0,0,0,0
27002,ECG,2070,1024,0,0,0,0,0
27002,ECG,2071,1019,0,0,0,0,0
27002,ECG,2072,1013,0,0,0,0,0
27002,ECG,2073,1007,0,0,0,0,0
27002,ECG,2074,1000,0,0,0,0,0
27012,ECG,2075,995,0,0,0,0,0
27012,ECG,2076,989,0,0,0,0,0
27012,ECG,2077,983,0,0,0,0,0
27012,ECG,2078,978,0,0,0,0,0
27012,ECG,2079,973,0,0,0,0,0
27022,ECG,2080,967,0,0,0,0,0
27022,ECG,2081,961,0,0,0,0,0
27022,ECG,2082,955,0,0,0,0,0
27022,ECG,2083,949,0,0,0,0,0
27022,ECG,2084,942,0,0,0,0,0
27032,ECG,2085,935,0,0,0,0,0
27032,ECG,2086,929,0,0,0,0,0
27032,ECG,2087,923,0,0,0,0,0
27032,ECG,2088,917,0,0,0,0,0
27032,ECG,2089,912,0,0,0,0,0
27041,ECG,2090,907,0,0,0,0,0
27041,ECG,2091,902,0,0,0,0,0
27041,ECG,2092,896,0,0,0,0,0
27041,ECG,2093,892,0,0,0,0,0
27041,ECG,2094,886,0,0,0,0,0
27051,ECG,2095,880,0,0,0,0,0
27051,ECG,2096,875,0,0,0,0,0
27051,ECG,2097,870,0,0,0,0,0
27051,ECG,2098,864,0,0,0,0,0
27051,ECG,2099,860,0,0,0,0,0
27061,ECG,2100,854,0,0,0,0,0
27061,ECG,2101,848,0,0,0,0,0
27061,ECG,2102,842,0,0,0,0,0
27061,ECG,2103,837,0,0,0,0,0
27061,ECG,2104,832,0,0,0,0,0
27071,ECG,2105,826,0,0,0,0,0
27071,ECG,2106,821,0,0,0,0,0
27071,ECG,2107,817,0,0,0,0,0
27071,ECG,2108,812,0,0,0,0,0
27071,ECG,2109,806,0,0,0,0,0
27081,ECG,2110,802,0,0,0,0,0
27081,ECG,2111,797,0,0,0,0,0
27081,ECG,2112,793,0,0,0,0,0
27081,ECG,2113,789,0,0,0,0,0
27081,ECG,2114,785,0,0,0,0,0
27090,ECG,2115,779,0,0,0,0,0
27090,ECG,2116,773,0,0,0,0,0
27090,ECG,2117,767,0,0,0,0,0
27090,ECG,2118,760,0,0,0,0,0
27090,ECG,2119,754,0,0,0,0,0
27100,ECG,2120,749,0,0,0,0,0
27100,ECG,2121,745,0,0,0,0,0
27100,ECG,2122,742,0,0,0,0,0
27100,ECG,2123,739,0,0,0,0,0
27100,ECG,2124,736,0,0,0,0,0
27110,ECG,2125,731,0,0,0,0,0
27110,ECG,2126,726,0,0,0,0,0
27110,ECG,2127,720,0,0,0,0,0
27110,ECG,2128,714,0,0,0,0,0
27110,ECG,2129,709,0,0,0,0,0
27120,ECG,2130,704,0,0,0,0,0
27120,ECG,2131,699,0,0,0,0,0
27120,ECG,2132,696,0,0,0,0,0
27120,ECG,2133,692,0,0,0,0,0
27120,ECG,2134,689,0,0,0,0,0
27129,ECG,2135,685,0,0,0,0,0
27129,ECG,2136,680,0,0,0,0,0
27129,ECG,2137,674,0,0,0,0,0
27130,ECG,2138,670,0,0,0,0,0
27130,ECG,2139,665,0,0,0,0,0
27139,ECG,2140,660,0,0,0,0,0
27139,ECG,2141,656,0,0,0,0,0
27139,ECG,2142,651,0,0,0,0,0
27139,ECG,2143,648,0,0,0,0,0
27139,ECG,2144,644,0,0,0,0,0
27149,ECG,2145,639,0,0,0,0,0
27149,ECG,2146,635,0,0,0,0,0
27149,ECG,2147,631,0,0,0,0,0
27149,ECG,2148,626,0,0,0,0,0
27149,ECG,2149,621,0,0,0,0,0
27159,ECG,2150,617,0,0,0,0,0
27159,ECG,2151,613,0,0,0,0,0
27159,ECG,2152,608,0,0,0,0,0
27159,ECG,2153,604,0,0,0,0,0
27159,ECG,2154,601,0,0,0,0,0
27169,ECG,2155,597,0,0,0,0,0
27169,ECG,2156,594,0,0,0,0,0
27169,ECG,2157,590,0,0,0,0,0
27169,ECG,2158,586,0,0,0,0,0
27169,ECG,2159,583,0,0,0,0,0
27178,ECG,2160,579,0,0,0,0,0
27178,ECG,2161,576,0,0,0,0,0
27178,ECG,2162,573,0,0,0,0,0
27178,ECG,2163,569,0,0,0,0,0
27178,ECG,2164,565,0,0,0,0,0
27188,ECG,2165,562,0,0,0,0,0
27188,ECG,2166,560,0,0,0,0,0
27188,ECG,2167,557,0,0,0,0,0
27188,ECG,2168,554,0,0,0,0,0
27188,ECG,2169,552,0,0,0,0,0
27198,ECG,2170,548,0,0,0,0,0
27198,ECG,2171,545,0,0,0,0,0
27198,ECG,2172,542,0,0,0,0,0
27198,ECG,2173,539,0,0,0,0,0
27198,ECG,2174,536,0,0,0,0,0
27208,ECG,2175,532,0,0,0,0,0
27208,ECG,2176,527,0,0,0,0,0
27208,ECG,2177,524,0,0,0,0,0
27208,ECG,2178,519,0,0,0,0,0
27208,ECG,2179,515,0,0,0,0,0
27218,ECG,2180,511,0,0,0,0,0
27218,ECG,2181,509,0,0,0,0,0
27218,ECG,2182,507,0,0,0,0,0
27218,ECG,2183,506,0,0,0,0,0
27218,ECG,2184,504,0,0,0,0,0
27227,ECG,2185,502,0,0,0,0,0
27227,ECG,2186,499,0,0,0,0,0
27227,ECG,2187,494,0,0,0,0,0
27227,ECG,2188,489,0,0,0,0,0
27227,ECG,2189,485,0,0,0,0,0
27237,ECG,2190,481,0,0,0,0,0
27237,ECG,2191,478,0,0,0,0,0
27237,ECG,2192,475,0,0,0,0,0
27237,ECG,2193,475,0,0,0,0,0
27237,ECG,2194,473,0,0,0,0,0
27247,ECG,2195,472,0,0,0,0,0
27247,ECG,2196,470,0,0,0,0,0
27247,ECG,2197,466,0,0,0,0,0
27247,ECG,2198,462,0,0,0,0,0
27247,ECG,2199,458,0,0,0,0,0
27257,ECG,2200,454,0,0,0,0,0
27257,ECG,2201,451,0,0,0,0,0
27257,ECG,2202,449,0,0,0,0,0
27257,ECG,2203,446,0,0,0,0,0
27257,ECG,2204,444,0,0,0,0,0
27266,ECG,2205,442,0,0,0,0,0
27266,ECG,2206,439,0,0,0,0,0
27266,ECG,2207,435,0,0,0,0,0
27266,ECG,2208,432,0,0,0,0,0
27266,ECG,2209,429,0,0,0,0,0
27276,ECG,2210,427,0,0,0,0,0
27276,ECG,2211,424,0,0,0,0,0
27276,ECG,2212,423,0,0,0,0,0
27276,ECG,2213,421,0,0,0,0,0
27276,ECG,2214,419,0,0,0,0,0
27286,ECG,2215,416,0,0,0,0,0
27286,ECG,2216,414,0,0,0,0,0
27286,ECG,2217,411,0,0,0,0,0
27286,ECG,2218,407,0,0,0,0,0
27286,ECG,2219,404,0,0,0,0,0
27296,ECG,2220,402,0,0,0,0,0
27296,ECG,2221,399,0,0,0,0,0
27296,ECG,2222,397,0,0,0,0,0
27296,ECG,2223,395,0,0,0,0,0
27296,ECG,2224,393,0,0,0,0,0
27306,ECG,2225,391,0,0,0,0,0
27306,ECG,2226,389,0,0,0,0,0
27306,ECG,2227,387,0,0,0,0,0
27306,ECG,2228,386,0,0,0,0,0
27306,ECG,2229,383,0,0,0,0,0
27315,ECG,2230,380,0,0,0,0,0
27315,ECG,2231,378,0,0,0,0,0
27315,ECG,2232,375,0,0,0,0,0
27315,ECG,2233,371,0,0,0,0,0
27315,ECG,2234,369,0,0,0,0,0
27325,ECG,2235,365,0,0,0,0,0
27325,ECG,2236,363,0,0,0,0,0
27325,ECG,2237,362,0,0,0,0,0
27325,ECG,2238,360,0,0,0,0,0
27325,ECG,2239,358,0,0,0,0,0
28343,ECG,2240,0,0,0,0,0,0
28343,ECG,2241,-1,0,0,0,0,0
28343,ECG,2242,-2,0,0,0,0,0
28343,ECG,2243,-1,0,0,0,0,0
28343,ECG,2244,1,0,0,0,0,0
28353,ECG,2245,-6,0,0,0,0,0
28353,ECG,2246,10,0,0,0,0,0
28353,ECG,2247,-7,0,0,0,0,0
28353,ECG,2248,-11,0,0,0,0,0
28353,ECG,2249,42,0,0,0,0,0
28362,ECG,2250,-229,0,0,0,0,0
28362,ECG,2251,-636,0,0,0,0,0
28362,ECG,2252,-560,0,0,0,0,0
28362,ECG,2253,-17,0,0,0,0,0
28362,ECG,2254,1010,0,0,0,0,0
28372,ECG,2255,2607,0,0,0,0,0
28372,ECG,2256,4532,0,0,0,0,0
28372,ECG,2257,6490,0,0,0,0,0
28372,ECG,2258,8201,0,0,0,0,0
28372,ECG,2259,9374,0,0,0,0,0
28382,ECG,2260,9995,0,0,0,0,0
28382,ECG,2261,10180,0,0,0,0,0
28382,ECG,2262,9826,0,0,0,0,0
28382,ECG,2263,9376,0,0,0,0,0
28382,ECG,2264,9305,0,0,0,0,0
28392,ECG,2265,9281,0,0,0,0,0
28392,ECG,2266,9193,0,0,0,0,0
28392,ECG,2267,9151,0,0,0,0,0
28392,ECG,2268,9093,0,0,0,0,0
28392,ECG,2269,9033,0,0,0,0,0
28402,ECG,2270,8980,0,0,0,0,0
28402,ECG,2271,8922,0,0,0,0,0
28402,ECG,2272,8866,0,0,0,0,0
28402,ECG,2273,8811,0,0,0,0,0
28402,ECG,2274,8754,0,0,0,0,0
28411,ECG,2275,8699,0,0,0,0,0
28411,ECG,2276,8644,0,0,0,0,0
28411,ECG,2277,8589,0,0,0,0,0
28411,ECG,2278,8535,0,0,0,0,0
28411,ECG,2279,8481,0,0,0,0,0
28421,ECG,2280,8427,0,0,0,0,0
28421,ECG,2281,8374,0,0,0,0,0
28421,ECG,2282,8321,0,0,0,0,0
28421,ECG,2283,8270,0,0,0,0,0
28421,ECG,2284,8216,0,0,0,0,0
28431,ECG,2285,8164,0,0,0,0,0
28431,ECG,2286,8111,0,0,0,0,0
28431,ECG,2287,8061,0,0,0,0,0
28431,ECG,2288,8010,0,0,0,0,0
28431,ECG,2289,7960,0,0,0,0,0
28441,ECG,2290,7910,0,0,0,0,0
28441,ECG,2291,7860,0,0,0,0,0
28441,ECG,2292,7811,0,0,0,0,0
28441,ECG,2293,7762,0,0,0,0,0
28441,ECG,2294,7712,0,0,0,0,0
28451,ECG,2295,7663,0,0,0,0,0
28451,ECG,2296,7615,0,0,0,0,0
28451,ECG,2297,7566,0,0,0,0,0
28451,ECG,2298,7519,0,0,0,0,0
28451,ECG,2299,7472,0,0,0,0,0
28460,ECG,2300,7425,0,0,0,0,0
28460,ECG,2301,7378,0,0,0,0,0
28460,ECG,2302,7333,0,0,0,0,0
28460,ECG,2303,7286,0,0,0,0,0
28460,ECG,2304,7239,0,0,0,0,0
28470,ECG,2305,7193,0,0,0,0,0
28470,ECG,2306,7147,0,0,0,0,0
28470,ECG,2307,7102,0,0,0,0,0
28470,ECG,2308,7058,0,0,0,0,0
28470,ECG,2309,7014,0,0,0,0,0
28480,ECG,2310,6969,0,0,0,0,0
28480,ECG,2311,6925,0,0,0,0,0
28480,ECG,2312,6881,0,0,0,0,0
28480,ECG,2313,6837,0,0,0,0,0
28480,ECG,2314,6793,0,0,0,0,0
28490,ECG,2315,6750,0,0,0,0,0
28490,ECG,2316,6708,0,0,0,0,0
28490,ECG,2317,6667,0,0,0,0,0
28490,ECG,2318,6625,0,0,0,0,0
28490,ECG,2319,6585,0,0,0,0,0
28500,ECG,2320,6543,0,0,0,0,0
28500,ECG,2321,6501,0,0,0,0,0
28500,ECG,2322,6459,0,0,0,0,0
28500,ECG,2323,6418,0,0,0,0,0
28500,ECG,2324,6377,0,0,0,0,0
28509,ECG,2325,6336,0,0,0,0,0
28509,ECG,2326,6296,0,0,0,0,0
28509,ECG,2327,6256,0,0,0,0,0
28509,ECG,2328,6217,0,0,0,0,0
28509,ECG,2329,6178,0,0,0,0,0
28519,ECG,2330,6138,0,0,0,0,0
28519,ECG,2331,6100,0,0,0,0,0
28519,ECG,2332,6062,0,0,0,0,0
28519,ECG,2333,6024,0,0,0,0,0
28519,ECG,2334,5986,0,0,0,0,0
28529,ECG,2335,5947,0,0,0,0,0
28529,ECG,2336,5909,0,0,0,0,0
28529,ECG,2337,5871,0,0,0,0,0
28529,ECG,2338,5835,0,0,0,0,0
28529,ECG,2339,5798,0,0,0,0,0
28539,ECG,2340,5760,0,0,0,0,0
28539,ECG,2341,5725,0,0,0,0,0
28539,ECG,2342,5689,0,0,0,0,0
28539,ECG,2343,5653,0,0,0,0,0
28539,ECG,2344,5617,0,0,0,0,0
28548,ECG,2345,5581,0,0,0,0,0
28548,ECG,2346,5546,0,0,0,0,0
28548,ECG,2347,5511,0,0,0,0,0
28548,ECG,2348,5476,0,0,0,0,0
28548,ECG,2349,5441,0,0,0,0,0
28558,ECG,2350,5407,0,0,0,0,0
28558,ECG,2351,5373,0,0,0,0,0
28558,ECG,2352,5340,0,0,0,0,0
28558,ECG,2353,5306,0,0,0,0,0
28558,ECG,2354,5274,0,0,0,0,0
28568,ECG,2355,5239,0,0,0,0,0
28568,ECG,2356,5206,0,0,0,0,0
28568,ECG,2357,5172,0,0,0,0,0
28568,ECG,2358,5138,0,0,0,0,0
28568,ECG,2359,5105,0,0,0,0,0
28578,ECG,2360,5071,0,0,0,0,0
28578,ECG,2361,5039,0,0,0,0,0
28578,ECG,2362,5007,0,0,0,0,0
28578,ECG,2363,4976,0,0,0,0,0
28578,ECG,2364,4945,0,0,0,0,0
28588,ECG,2365,4915,0,0,0,0,0
28588,ECG,2366,4884,0,0,0,0,0
28588,ECG,2367,4854,0,0,0,0,0
28588,ECG,2368,4823,0,0,0,0,0
28588,ECG,2369,4792,0,0,0,0,0
28597,ECG,2370,4761,0,0,0,0,0
28597,ECG,2371,4730,0,0,0,0,0
28597,ECG,2372,4700,0,0,0,0,0
28597,ECG,2373,4670,0,0,0,0,0
28597,ECG,2374,4639,0,0,0,0,0
28607,ECG,2375,4610,0,0,0,0,0
28607,ECG,2376,4581,0,0,0,0,0
28607,ECG,2377,4553,0,0,0,0,0
28607,ECG,2378,4525,0,0,0,0,0
28607,ECG,2379,4497,0,0,0,0,0
28617,ECG,2380,4468,0,0,0,0,0
28617,ECG,2381,4439,0,0,0,0,0
28617,ECG,2382,4411,0,0,0,0,0
28617,ECG,2383,4382,0,0,0,0,0
28617,ECG,2384,4353,0,0,0,0,0
28627,ECG,2385,4325,0,0,0,0,0
28627,ECG,2386,4298,0,0,0,0,0
28627,ECG,2387,4271,0,0,0,0,0
28627,ECG,2388,4245,0,0,0,0,0
28627,ECG,2389,4218,0,0,0,0,0
28637,ECG,2390,4192,0,0,0,0,0
28637,ECG,2391,4165,0,0,0,0,0
28637,ECG,2392,4139,0,0,0,0,0
28637,ECG,2393,4114,0,0,0,0,0
28637,ECG,2394,4087,0,0,0,0,0
28646,ECG,2395,4060,0,0,0,0,0
28646,ECG,2396,4035,0,0,0,0,0
28646,ECG,2397,4010,0,0,0,0,0
28646,ECG,2398,3984,0,0,0,0,0
28646,ECG,2399,3959,0,0,0,0,0
28656,ECG,2400,3934,0,0,0,0,0
28656,ECG,2401,3910,0,0,0,0,0
28656,ECG,2402,3886,0,0,0,0,0
28656,ECG,2403,3862,0,0,0,0,0
28656,ECG,2404,3838,0,0,0,0,0
28666,ECG,2405,3813,0,0,0,0,0
28666,ECG,2406,3788,0,0,0,0,0
28666,ECG,2407,3764,0,0,0,0,0
28666,ECG,2408,3741,0,0,0,0,0
28666,ECG,2409,3717,0,0,0,0,0
28676,ECG,2410,3693,0,0,0,0,0
28676,ECG,2411,3671,0,0,0,0,0
28676,ECG,2412,3649,0,0,0,0,0
28676,ECG,2413,3628,0,0,0,0,0
28676,ECG,2414,3605,0,0,0,0,0
28686,ECG,2415,3581,0,0,0,0,0
28686,ECG,2416,3558,0,0,0,0,0
28686,ECG,2417,3534,0,0,0,0,0
28686,ECG,2418,3512,0,0,0,0,0
28686,ECG,2419,3489,0,0,0,0,0
28695,ECG,2420,3467,0,0,0,0,0
28695,ECG,2421,3445,0,0,0,0,0
28695,ECG,2422,3424,0,0,0,0,0
28695,ECG,2423,3403,0,0,0,0,0
28695,ECG,2424,3381,0,0,0,0,0
28705,ECG,2425,3360,0,0,0,0,0
28705,ECG,2426,3339,0,0,0,0,0
28705,ECG,2427,3318,0,0,0,0,0
28705,ECG,2428,3298,0,0,0,0,0
28705,ECG,2429,3278,0,0,0,0,0
28715,ECG,2430,3256,0,0,0,0,0
28715,ECG,2431,3235,0,0,0,0,0
28715,ECG,2432,3214,0,0,0,0,0
28715,ECG,2433,3194,0,0,0,0,0
28715,ECG,2434,3173,0,0,0,0,0
28725,ECG,2435,3152,0,0,0,0,0
28725,ECG,2436,3133,0,0,0,0,0
28725,ECG,2437,3115,0,0,0,0,0
28725,ECG,2438,3096,0,0,0,0,0
28725,ECG,2439,3076,0,0,0,0,0
28734,ECG,2440,3057,0,0,0,0,0
28734,ECG,2441,3036,0,0,0,0,0
28734,ECG,2442,3016,0,0,0,0,0
28734,ECG,2443,2997,0,0,0,0,0
28734,ECG,2444,2978,0,0,0,0,0
28744,ECG,2445,2959,0,0,0,0,0
28744,ECG,2446,2941,0,0,0,0,0
28744,ECG,2447,2923,0,0,0,0,0
28744,ECG,2448,2905,0,0,0,0,0
28744,ECG,2449,2887,0,0,0,0,0
28754,ECG,2450,2869,0,0,0,0,0
28754,ECG,2451,2850,0,0,0,0,0
28754,ECG,2452,2833,0,0,0,0,0
28754,ECG,2453,2815,0,0,0,0,0
28754,ECG,2454,2796,0,0,0,0,0
28764,ECG,2455,2778,0,0,0,0,0
28764,ECG,2456,2761,0,0,0,0,0
28764,ECG,2457,2742,0,0,0,0,0
28764,ECG,2458,2725,0,0,0,0,0
28764,ECG,2459,2708,0,0,0,0,0
28774,ECG,2460,2690,0,0,0,0,0
28774,ECG,2461,2673,0,0,0,0,0
28774,ECG,2462,2656,0,0,0,0,0
28774,ECG,2463,2641,0,0,0,0,0
28774,ECG,2464,2624,0,0,0,0,0
28783,ECG,2465,2608,0,0,0,0,0
28783,ECG,2466,2590,0,0,0,0,0
28783,ECG,2467,2574,0,0,0,0,0
28783,ECG,2468,2557,0,0,0,0,0
28783,ECG,2469,2540,0,0,0,0,0
28793,ECG,2470,2525,0,0,0,0,0
28793,ECG,2471,2509,0,0,0,0,0
28793,ECG,2472,2494,0,0,0,0,0
28793,ECG,2473,2479,0,0,0,0,0
28793,ECG,2474,2464,0,0,0,0,0
28803,ECG,2475,2449,0,0,0,0,0
28803,ECG,2476,2433,0,0,0,0,0
28803,ECG,2477,2417,0,0,0,0,0
28803,ECG,2478,2400,0,0,0,0,0
28803,ECG,2479,2384,0,0,0,0,0
28813,ECG,2480,2369,0,0,0,0,0
28813,ECG,2481,2354,0,0,0,0,0
28813,ECG,2482,2340,0,0,0,0,0
28813,ECG,2483,2326,0,0,0,0,0
28813,ECG,2484,2312,0,0,0,0,0
28823,ECG,2485,2298,0,0,0,0,0
28823,ECG,2486,2283,0,0,0,0,0
28823,ECG,2487,2268,0,0,0,0,0
28823,ECG,2488,2254,0,0,0,0,0
28823,ECG,2489,2239,0,0,0,0,0
28832,ECG,2490,2224,0,0,0,0,0
28832,ECG,2491,2210,0,0,0,0,0
28832,ECG,2492,2196,0,0,0,0,0
28832,ECG,2493,2183,0,0,0,0,0
28832,ECG,2494,2168,0,0,0,0,0
28842,ECG,2495,2155,0,0,0,0,0
28842,ECG,2496,2143,0,0,0,0,0
28842,ECG,2497,2130,0,0,0,0,0
28842,ECG,2498,2117,0,0,0,0,0
28842,ECG,2499,2104,0,0,0,0,0
28852,ECG,2500,2090,0,0,0,0,0
28852,ECG,2501,2076,0,0,0,0,0
28852,ECG,2502,2062,0,0,0,0,0
28852,ECG,2503,2049,0,0,0,0,0
28852,ECG,2504,2035,0,0,0,0,0
28862,ECG,2505,2022,0,0,0,0,0
28862,ECG,2506,2009,0,0,0,0,0
28862,ECG,2507,1997,0,0,0,0,0
28862,ECG,2508,1984,0,0,0,0,0
28862,ECG,2509,1971,0,0,0,0,0
28872,ECG,2510,1959,0,0,0,0,0
28872,ECG,2511,1946,0,0,0,0,0
28872,ECG,2512,1933,0,0,0,0,0
28872,ECG,2513,1922,0,0,0,0,0
28872,ECG,2514,1909,0,0,0,0,0
28881,ECG,2515,1897,0,0,0,0,0
28881,ECG,2516,1885,0,0,0,0,0
28881,ECG,2517,1873,0,0,0,0,0
28881,ECG,2518,1862,0,0,0,0,0
28881,ECG,2519,1850,0,0,0,0,0
28891,ECG,2520,1837,0,0,0,0,0
28891,ECG,2521,1826,0,0,0,0,0
28891,ECG,2522,1814,0,0,0,0,0
28891,ECG,2523,1803,0,0,0,0,0
28891,ECG,2524,1791,0,0,0,0,0
28901,ECG,2525,1780,0,0,0,0,0
28901,ECG,2526,1769,0,0,0,0,0
28901,ECG,2527,1759,0,0,0,0,0
28901,ECG,2528,1748,0,0,0,0,0
28901,ECG,2529,1736,0,0,0,0,0
28911,ECG,2530,1724,0,0,0,0,0
28911,ECG,2531,1713,0,0,0,0,0
28911,ECG,2532,1703,0,0,0,0,0
28911,ECG,2533,1694,0,0,0,0,0
28911,ECG,2534,1684,0,0,0,0,0
28921,ECG,2535,1672,0,0,0,0,0
28921,ECG,2536,1662,0,0,0,0,0
28921,ECG,2537,1650,0,0,0,0,0
28921,ECG,2538,1638,0,0,0,0,0
28921,ECG,2539,1626,0,0,0,0,0
28930,ECG,2540,1616,0,0,0,0,0
28930,ECG,2541,1606,0,0,0,0,0
28930,ECG,2542,1596,0,0,0,0,0
28930,ECG,2543,1588,0,0,0,0,0
28930,ECG,2544,1579,0,0,0,0,0
28940,ECG,2545,1569,0,0,0,0,0
28940,ECG,2546,1559,0,0,0,0,0
28940,ECG,2547,1548,0,0,0,0,0
28940,ECG,2548,1539,0,0,0,0,0
28940,ECG,2549,1528,0,0,0,0,0
28950,ECG,2550,1518,0,0,0,0,0
28950,ECG,2551,1508,0,0,0,0,0
28950,ECG,2552,1499,0,0,0,0,0
28950,ECG,2553,1490,0,0,0,0,0
28950,ECG,2554,1479,0,0,0,0,0
28960,ECG,2555,1470,0,0,0,0,0
28960,ECG,2556,1461,0,0,0,0,0
28960,ECG,2557,1451,0,0,0,0,0
28960,ECG,2558,1442,0,0,0,0,0
28960,ECG,2559,1433,0,0,0,0,0
28969,ECG,2560,1424,0,0,0,0,0
28969,ECG,2561,1415,0,0,0,0,0
28969,ECG,2562,1406,0,0,0,0,0
28969,ECG,2563,1398,0,0,0,0,0
28969,ECG,2564,1390,0,0,0,0,0
28979,ECG,2565,1380,0,0,0,0,0
28979,ECG,2566,1372,0,0,0,0,0
28979,ECG,2567,1364,0,0,0,0,0
28979,ECG,2568,1355,0,0,0,0,0
28979,ECG,2569,1346,0,0,0,0,0
28989,ECG,2570,1337,0,0,0,0,0
28989,ECG,2571,1328,0,0,0,0,0
28989,ECG,2572,1319,0,0,0,0,0
28989,ECG,2573,1311,0,0,0,0,0
28989,ECG,2574,1302,0,0,0,0,0
28999,ECG,2575,1293,0,0,0,0,0
28999,ECG,2576,1284,0,0,0,0,0
28999,ECG,2577,1276,0,0,0,0,0
28999,ECG,2578,1269,0,0,0,0,0
28999,ECG,2579,1260,0,0,0,0,0
29009,ECG,2580,1252,0,0,0,0,0
29009,ECG,2581,1244,0,0,0,0,0
29009,ECG,2582,1236,0,0,0,0,0
29009,ECG,2583,1229,0,0,0,0,0
29009,ECG,2584,1222,0,0,0,0,0
29018,ECG,2585,1213,0,0,0,0,0
29018,ECG,2586,1207,0,0,0,0,0
29018,ECG,2587,1199,0,0,0,0,0
29018,ECG,2588,1191,0,0,0,0,0
29018,ECG,2589,1183,0,0,0,0,0
29028,ECG,2590,1175,0,0,0,0,0
29028,ECG,2591,1168,0,0,0,0,0
29028,ECG,2592,1162,0,0,0,0,0
29028,ECG,2593,1156,0,0,0,0,0
29028,ECG,2594,1149,0,0,0,0,0
29038,ECG,2595,1142,0,0,0,0,0
29038,ECG,2596,1134,0,0,0,0,0
29038,ECG,2597,1126,0,0,0,0,0
29038,ECG,2598,1118,0,0,0,0,0
29038,ECG,2599,1110,0,0,0,0,0
29048,ECG,2600,1103,0,0,0,0,0
29048,ECG,2601,1096,0,0,0,0,0
29048,ECG,2602,1090,0,0,0,0,0
29048,ECG,2603,1083,0,0,0,0,0
29048,ECG,2604,1076,0,0,0,0,0
29058,ECG,2605,1069,0,0,0,0,0
29058,ECG,2606,1062,0,0,0,0,0
29058,ECG,2607,1055,0,0,0,0,0
29058,ECG,2608,1048,0,0,0,0,0
29058,ECG,2609,1041,0,0,0,0,0
29067,ECG,2610,1033,0,0,0,0,0
29067,ECG,2611,1027,0,0,0,0,0
29067,ECG,2612,1021,0,0,0,0,0
29067,ECG,2613,1015,0,0,0,0,0
29067,ECG,2614,1008,0,0,0,0,0
29077,ECG,2615,1002,0,0,0,0,0
29077,ECG,2616,995,0,0,0,0,0
29077,ECG,2617,989,0,0,0,0,0
29077,ECG,2618,983,0,0,0,0,0
29077,ECG,2619,976,0,0,0,0,0
29087,ECG,2620,970,0,0,0,0,0
29087,ECG,2621,964,0,0,0,0,0
29087,ECG,2622,957,0,0,0,0,0
29087,ECG,2623,952,0,0,0,0,0
29087,ECG,2624,945,0,0,0,0,0
29097,ECG,2625,939,0,0,0,0,0
29097,ECG,2626,933,0,0,0,0,0
29097,ECG,2627,927,0,0,0,0,0
29097,ECG,2628,922,0,0,0,0,0
29097,ECG,2629,916,0,0,0,0,0
29106,ECG,2630,910,0,0,0,0,0
29106,ECG,2631,904,0,0,0,0,0
29106,ECG,2632,899,0,0,0,0,0
29107,ECG,2633,892,0,0,0,0,0
29107,ECG,2634,886,0,0,0,0,0
29116,ECG,2635,880,0,0,0,0,0
29116,ECG,2636,874,0,0,0,0,0
29116,ECG,2637,868,0,0,0,0,0
29116,ECG,2638,863,0,0,0,0,0
29116,ECG,2639,856,0,0,0,0,0
29126,ECG,2640,850,0,0,0,0,0
29126,ECG,2641,845,0,0,0,0,0
29126,ECG,2642,838,0,0,0,0,0
29126,ECG,2643,833,0,0,0,0,0
29126,ECG,2644,828,0,0,0,0,0
29136,ECG,2645,822,0,0,0,0,0
29136,ECG,2646,816,0,0,0,0,0
29136,ECG,2647,811,0,0,0,0,0
29136,ECG,2648,806,0,0,0,0,0
29136,ECG,2649,800,0,0,0,0,0
29146,ECG,2650,795,0,0,0,0,0
29146,ECG,2651,788,0,0,0,0,0
29146,ECG,2652,784,0,0,0,0,0
29146,ECG,2653,778,0,0,0,0,0
29146,ECG,2654,773,0,0,0,0,0
29155,ECG,2655,767,0,0,0,0,0
29155,ECG,2656,761,0,0,0,0,0
29155,ECG,2657,756,0,0,0,0,0
29155,ECG,2658,751,0,0,0,0,0
29155,ECG,2659,746,0,0,0,0,0
29165,ECG,2660,741,0,0,0,0,0
29165,ECG,2661,736,0,0,0,0,0
29165,ECG,2662,731,0,0,0,0,0
29165,ECG,2663,727,0,0,0,0,0
29165,ECG,2664,722,0,0,0,0,0
29175,ECG,2665,718,0,0,0,0,0
29175,ECG,2666,713,0,0,0,0,0
29175,ECG,2667,708,0,0,0,0,0
29175,ECG,2668,704,0,0,0,0,0
29175,ECG,2669,698,0,0,0,0,0
29185,ECG,2670,693,0,0,0,0,0
29185,ECG,2671,688,0,0,0,0,0
29185,ECG,2672,683,0,0,0,0,0
29185,ECG,2673,678,0,0,0,0,0
29185,ECG,2674,674,0,0,0,0,0
29195,ECG,2675,669,0,0,0,0,0
29195,ECG,2676,665,0,0,0,0,0
29195,ECG,2677,661,0,0,0,0,0
29195,ECG,2678,658,0,0,0,0,0
29195,ECG,2679,653,0,0,0,0,0
29204,ECG,2680,649,0,0,0,0,0
29204,ECG,2681,643,0,0,0,0,0
29204,ECG,2682,639,0,0,0,0,0
29204,ECG,2683,635,0,0,0,0,0
29204,ECG,2684,630,0,0,0,0,0
29214,ECG,2685,625,0,0,0,0,0
29214,ECG,2686,622,0,0,0,0,0
29214,ECG,2687,618,0,0,0,0,0
29214,ECG,2688,615,0,0,0,0,0
29214,ECG,2689,610,0,0,0,0,0
29224,ECG,2690,605,0,0,0,0,0
29224,ECG,2691,601,0,0,0,0,0
29224,ECG,2692,595,0,0,0,0,0
29224,ECG,2693,591,0,0,0,0,0
29224,ECG,2694,587,0,0,0,0,0
29234,ECG,2695,582,0,0,0,0,0
29234,ECG,2696,578,0,0,0,0,0
29234,ECG,2697,575,0,0,0,0,0
29234,ECG,2698,572,0,0,0,0,0
29234,ECG,2699,569,0,0,0,0,0
29244,ECG,2700,565,0,0,0,0,0
29244,ECG,2701,561,0,0,0,0,0
29244,ECG,2702,557,0,0,0,0,0
29244,ECG,2703,553,0,0,0,0,0
29244,ECG,2704,549,0,0,0,0,0
29253,ECG,2705,545,0,0,0,0,0
29253,ECG,2706,542,0,0,0,0,0
29253,ECG,2707,538,0,0,0,0,0
29253,ECG,2708,535,0,0,0,0,0
29253,ECG,2709,531,0,0,0,0,0
29263,ECG,2710,527,0,0,0,0,0
29263,ECG,2711,524,0,0,0,0,0
29263,ECG,2712,520,0,0,0,0,0
29263,ECG,2713,516,0,0,0,0,0
29263,ECG,2714,513,0,0,0,0,0
29273,ECG,2715,509,0,0,0,0,0
29273,ECG,2716,505,0,0,0,0,0
29273,ECG,2717,501,0,0,0,0,0
29273,ECG,2718,497,0,0,0,0,0
29273,ECG,2719,493,0,0,0,0,0
29283,ECG,2720,489,0,0,0,0,0
29283,ECG,2721,486,0,0,0,0,0
29283,ECG,2722,483,0,0,0,0,0
29283,ECG,2723,480,0,0,0,0,0
29283,ECG,2724,477,0,0,0,0,0
29292,ECG,2725,475,0,0,0,0,0
29292,ECG,2726,471,0,0,0,0,0
29292,ECG,2727,468,0,0,0,0,0
29292,ECG,2728,466,0,0,0,0,0
29293,ECG,2729,463,0,0,0,0,0
29302,ECG,2730,460,0,0,0,0,0
29302,ECG,2731,457,0,0,0,0,0
29302,ECG,2732,455,0,0,0,0,0
29302,ECG,2733,452,0,0,0,0,0
29302,ECG,2734,449,0,0,0,0,0
29312,ECG,2735,445,0,0,0,0,0
29312,ECG,2736,442,0,0,0,0,0
29312,ECG,2737,438,0,0,0,0,0
29312,ECG,2738,436,0,0,0,0,0
29312,ECG,2739,433,0,0,0,0,0
29322,ECG,2740,431,0,0,0,0,0
29322,ECG,2741,428,0,0,0,0,0
29322,ECG,2742,426,0,0,0,0,0
29322,ECG,2743,423,0,0,0,0,0
29322,ECG,2744,420,0,0,0,0,0
29332,ECG,2745,418,0,0,0,0,0
29332,ECG,2746,414,0,0,0,0,0
29332,ECG,2747,412,0,0,0,0,0
29332,ECG,2748,410,0,0,0,0,0
29332,ECG,2749,407,0,0,0,0,0
29341,ECG,2750,403,0,0,0,0,0
29341,ECG,2751,400,0,0,0,0,0
29341,ECG,2752,396,0,0,0,0,0
29341,ECG,2753,395,0,0,0,0,0
29341,ECG,2754,391,0,0,0,0,0
29351,ECG,2755,388,0,0,0,0,0
29351,ECG,2756,386,0,0,0,0,0
29351,ECG,2757,383,0,0,0,0,0
29351,ECG,2758,381,0,0,0,0,0
29351,ECG,2759,379,0,0,0,0,0
29361,ECG,2760,376,0,0,0,0,0
29361,ECG,2761,373,0,0,0,0,0
29361,ECG,2762,370,0,0,0,0,0
29361,ECG,2763,368,0,0,0,0,0
29361,ECG,2764,365,0,0,0,0,0
29371,ECG,2765,363,0,0,0,0,0
29371,ECG,2766,361,0,0,0,0,0
29371,ECG,2767,359,0,0,0,0,0
29371,ECG,2768,358,0,0,0,0,0
29371,ECG,2769,357,0,0,0,0,0
29381,ECG,2770,354,0,0,0,0,0
29381,ECG,2771,351,0,0,0,0,0
29381,ECG,2772,348,0,0,0,0,0
29381,ECG,2773,346,0,0,0,0,0
29381,ECG,2774,343,0,0,0,0,0
29390,ECG,2775,339,0,0,0,0,0
29390,ECG,2776,337,0,0,0,0,0
29390,ECG,2777,335,0,0,0,0,0
29390,ECG,2778,332,0,0,0,0,0
29390,ECG,2779,330,0,0,0,0,0
30408,ECG,2780,0,0,0,0,0,0
30408,ECG,2781,-1,0,0,0,0,0
30408,ECG,2782,-2,0,0,0,0,0
30408,ECG,2783,0,0,0,0,0,0
30408,ECG,2784,1,0,0,0,0,0
30418,ECG,2785,-6,0,0,0,0,0
30418,ECG,2786,10,0,0,0,0,0
30418,ECG,2787,-7,0,0,0,0,0
30418,ECG,2788,-11,0,0,0,0,0
30418,ECG,2789,43,0,0,0,0,0
30427,ECG,2790,-233,0,0,0,0,0
30427,ECG,2791,-647,0,0,0,0,0
30427,ECG,2792,-568,0,0,0,0,0
30427,ECG,2793,-15,0,0,0,0,0
30427,ECG,2794,1030,0,0,0,0,0
30437,ECG,2795,2656,0,0,0,0,0
30437,ECG,2796,4615,0,0,0,0,0
30437,ECG,2797,6606,0,0,0,0,0
30437,ECG,2798,8347,0,0,0,0,0
30437,ECG,2799,9538,0,0,0,0,0
30447,ECG,2800,10170,0,0,0,0,0
30447,ECG,2801,10357,0,0,0,0,0
30447,ECG,2802,9996,0,0,0,0,0
30447,ECG,2803,9539,0,0,0,0,0
30447,ECG,2804,9467,0,0,0,0,0
30457,ECG,2805,9442,0,0,0,0,0
30457,ECG,2806,9351,0,0,0,0,0
30457,ECG,2807,9308,0,0,0,0,0
30457,ECG,2808,9249,0,0,0,0,0
30457,ECG,2809,9187,0,0,0,0,0
30467,ECG,2810,9134,0,0,0,0,0
30467,ECG,2811,9075,0,0,0,0,0
30467,ECG,2812,9017,0,0,0,0,0
30467,ECG,2813,8961,0,0,0,0,0
30467,ECG,2814,8903,0,0,0,0,0
30476,ECG,2815,8846,0,0,0,0,0
30476,ECG,2816,8790,0,0,0,0,0
30476,ECG,2817,8735,0,0,0,0,0
30476,ECG,2818,8680,0,0,0,0,0
30476,ECG,2819,8625,0,0,0,0,0
30486,ECG,2820,8570,0,0,0,0,0
30486,ECG,2821,8516,0,0,0,0,0
30486,ECG,2822,8462,0,0,0,0,0
30486,ECG,2823,8409,0,0,0,0,0
30486,ECG,2824,8355,0,0,0,0,0
30496,ECG,2825,8302,0,0,0,0,0
30496,ECG,2826,8249,0,0,0,0,0
30496,ECG,2827,8197,0,0,0,0,0
30496,ECG,2828,8146,0,0,0,0,0
30496,ECG,2829,8094,0,0,0,0,0
30506,ECG,2830,8043,0,0,0,0,0
30506,ECG,2831,7992,0,0,0,0,0
30506,ECG,2832,7942,0,0,0,0,0
30506,ECG,2833,7893,0,0,0,0,0
30506,ECG,2834,7843,0,0,0,0,0
30515,ECG,2835,7793,0,0,0,0,0
30516,ECG,2836,7743,0,0,0,0,0
30516,ECG,2837,7693,0,0,0,0,0
30516,ECG,2838,7643,0,0,0,0,0
30516,ECG,2839,7593,0,0,0,0,0
30525,ECG,2840,7544,0,0,0,0,0
30525,ECG,2841,7496,0,0,0,0,0
30525,ECG,2842,7449,0,0,0,0,0
30525,ECG,2843,7403,0,0,0,0,0
30525,ECG,2844,7357,0,0,0,0,0
30535,ECG,2845,7311,0,0,0,0,0
30535,ECG,2846,7265,0,0,0,0,0
30535,ECG,2847,7219,0,0,0,0,0
30535,ECG,2848,7173,0,0,0,0,0
30535,ECG,2849,7127,0,0,0,0,0
30545,ECG,2850,7082,0,0,0,0,0
30545,ECG,2851,7036,0,0,0,0,0
30545,ECG,2852,6990,0,0,0,0,0
30545,ECG,2853,6946,0,0,0,0,0
30545,ECG,2854,6901,0,0,0,0,0
30555,ECG,2855,6857,0,0,0,0,0
30555,ECG,2856,6813,0,0,0,0,0
30555,ECG,2857,6771,0,0,0,0,0
30555,ECG,2858,6729,0,0,0,0,0
30555,ECG,2859,6686,0,0,0,0,0
30564,ECG,2860,6643,0,0,0,0,0
30564,ECG,2861,6600,0,0,0,0,0
30564,ECG,2862,6559,0,0,0,0,0
30564,ECG,2863,6518,0,0,0,0,0
30564,ECG,2864,6476,0,0,0,0,0
30574,ECG,2865,6435,0,0,0,0,0
30574,ECG,2866,6394,0,0,0,0,0
30574,ECG,2867,6353,0,0,0,0,0
30574,ECG,2868,6313,0,0,0,0,0
30574,ECG,2869,6272,0,0,0,0,0
30584,ECG,2870,6232,0,0,0,0,0
30584,ECG,2871,6193,0,0,0,0,0
30584,ECG,2872,6153,0,0,0,0,0
30584,ECG,2873,6113,0,0,0,0,0
30584,ECG,2874,6075,0,0,0,0,0
30594,ECG,2875,6035,0,0,0,0,0
30594,ECG,2876,5998,0,0,0,0,0
30594,ECG,2877,5960,0,0,0,0,0
30594,ECG,2878,5923,0,0,0,0,0
30594,ECG,2879,5886,0,0,0,0,0
30604,ECG,2880,5848,0,0,0,0,0
30604,ECG,2881,5811,0,0,0,0,0
30604,ECG,2882,5773,0,0,0,0,0
30604,ECG,2883,5736,0,0,0,0,0
30604,ECG,2884,5699,0,0,0,0,0
30613,ECG,2885,5662,0,0,0,0,0
30613,ECG,2886,5626,0,0,0,0,0
30613,ECG,2887,5591,0,0,0,0,0
30613,ECG,2888,5556,0,0,0,0,0
30613,ECG,2889,5520,0,0,0,0,0
30623,ECG,2890,5484,0,0,0,0,0
30623,ECG,2891,5450,0,0,0,0,0
30623,ECG,2892,5416,0,0,0,0,0
30623,ECG,2893,5383,0,0,0,0,0
30623,ECG,2894,5348,0,0,0,0,0
30633,ECG,2895,5314,0,0,0,0,0
30633,ECG,2896,5280,0,0,0,0,0
30633,ECG,2897,5245,0,0,0,0,0
30633,ECG,2898,5211,0,0,0,0,0
30633,ECG,2899,5177,0,0,0,0,0
30643,ECG,2900,5145,0,0,0,0,0
30643,ECG,2901,5113,0,0,0,0,0
30643,ECG,2902,5081,0,0,0,0,0
30643,ECG,2903,5050,0,0,0,0,0
30643,ECG,2904,5019,0,0,0,0,0
30653,ECG,2905,4987,0,0,0,0,0
30653,ECG,2906,4954,0,0,0,0,0
30653,ECG,2907,4922,0,0,0,0,0
30653,ECG,2908,4890,0,0,0,0,0
30653,ECG,2909,4857,0,0,0,0,0
30662,ECG,2910,4825,0,0,0,0,0
30662,ECG,2911,4794,0,0,0,0,0
30662,ECG,2912,4764,0,0,0,0,0
30662,ECG,2913,4735,0,0,0,0,0
30662,ECG,2914,4704,0,0,0,0,0
30672,ECG,2915,4675,0,0,0,0,0
30672,ECG,2916,4645,0,0,0,0,0
30672,ECG,2917,4616,0,0,0,0,0
30672,ECG,2918,4587,0,0,0,0,0
30672,ECG,2919,4559,0,0,0,0,0
30682,ECG,2920,4529,0,0,0,0,0
30682,ECG,2921,4501,0,0,0,0,0
30682,ECG,2922,4471,0,0,0,0,0
30682,ECG,2923,4442,0,0,0,0,0
30682,ECG,2924,4413,0,0,0,0,0
30692,ECG,2925,4384,0,0,0,0,0
30692,ECG,2926,4356,0,0,0,0,0
30692,ECG,2927,4328,0,0,0,0,0
30692,ECG,2928,4301,0,0,0,0,0
30692,ECG,2929,4274,0,0,0,0,0
30702,ECG,2930,4247,0,0,0,0,0
30702,ECG,2931,4219,0,0,0,0,0
30702,ECG,2932,4192,0,0,0,0,0
30702,ECG,2933,4166,0,0,0,0,0
30702,ECG,2934,4138,0,0,0,0,0
30711,ECG,2935,4111,0,0,0,0,0
30711,ECG,2936,4086,0,0,0,0,0
30711,ECG,2937,4060,0,0,0,0,0
30711,ECG,2938,4036,0,0,0,0,0
30711,ECG,2939,4009,0,0,0,0,0
30721,ECG,2940,3984,0,0,0,0,0
30721,ECG,2941,3958,0,0,0,0,0
30721,ECG,2942,3932,0,0,0,0,0
30721,ECG,2943,3907,0,0,0,0,0
30721,ECG,2944,3880,0,0,0,0,0
30731,ECG,2945,3855,0,0,0,0,0
30731,ECG,2946,3830,0,0,0,0,0
30731,ECG,2947,3806,0,0,0,0,0
30731,ECG,2948,3782,0,0,0,0,0
30731,ECG,2949,3758,0,0,0,0,0
30741,ECG,2950,3734,0,0,0,0,0
30741,ECG,2951,3711,0,0,0,0,0
30741,ECG,2952,3688,0,0,0,0,0
30741,ECG,2953,3665,0,0,0,0,0
30741,ECG,2954,3643,0,0,0,0,0
30750,ECG,2955,3619,0,0,0,0,0
30750,ECG,2956,3595,0,0,0,0,0
30750,ECG,2957,3572,0,0,0,0,0
30750,ECG,2958,3549,0,0,0,0,0
30750,ECG,2959,3525,0,0,0,0,0
30760,ECG,2960,3502,0,0,0,0,0
30760,ECG,2961,3480,0,0,0,0,0
30760,ECG,2962,3459,0,0,0,0,0
30760,ECG,2963,3438,0,0,0,0,0
30760,ECG,2964,3417,0,0,0,0,0
30770,ECG,2965,3394,0,0,0,0,0
30770,ECG,2966,3372,0,0,0,0,0
30770,ECG,2967,3349,0,0,0,0,0
30770,ECG,2968,3328,0,0,0,0,0
30770,ECG,2969,3306,0,0,0,0,0
30780,ECG,2970,3283,0,0,0,0,0
30780,ECG,2971,3261,0,0,0,0,0
30780,ECG,2972,3241,0,0,0,0,0
30780,ECG,2973,3220,0,0,0,0,0
30780,ECG,2974,3199,0,0,0,0,0
30790,ECG,2975,3178,0,0,0,0,0
30790,ECG,2976,3158,0,0,0,0,0
30790,ECG,2977,3137,0,0,0,0,0
30790,ECG,2978,3119,0,0,0,0,0
30790,ECG,2979,3099,0,0,0,0,0
30799,ECG,2980,3081,0,0,0,0,0
30799,ECG,2981,3061,0,0,0,0,0
30799,ECG,2982,3041,0,0,0,0,0
30799,ECG,2983,3021,0,0,0,0,0
30799,ECG,2984,3001,0,0,0,0,0
30809,ECG,2985,2980,0,0,0,0,0
30809,ECG,2986,2961,0,0,0,0,0
30809,ECG,2987,2941,0,0,0,0,0
30809,ECG,2988,2923,0,0,0,0,0
30809,ECG,2989,2904,0,0,0,0,0
30819,ECG,2990,2887,0,0,0,0,0
30819,ECG,2991,2868,0,0,0,0,0
30819,ECG,2992,2850,0,0,0,0,0
30819,ECG,2993,2833,0,0,0,0,0
30819,ECG,2994,2814,0,0,0,0,0
30829,ECG,2995,2794,0,0,0,0,0
30829,ECG,2996,2776,0,0,0,0,0
30829,ECG,2997,2758,0,0,0,0,0
30829,ECG,2998,2740,0,0,0,0,0
30829,ECG,2999,2722,0,0,0,0,0
30839,ECG,3000,2704,0,0,0,0,0
30839,ECG,3001,2688,0,0,0,0,0
30839,ECG,3002,2671,0,0,0,0,0
30839,ECG,3003,2654,0,0,0,0,0
30839,ECG,3004,2637,0,0,0,0,0
30848,ECG,3005,2619,0,0,0,0,0
30848,ECG,3006,2601,0,0,0,0,0
30848,ECG,3007,2584,0,0,0,0,0
30848,ECG,3008,2568,0,0,0,0,0
30848,ECG,3009,2550,0,0,0,0,0
30858,ECG,3010,2535,0,0,0,0,0
30858,ECG,3011,2519,0,0,0,0,0
30858,ECG,3012,2504,0,0,0,0,0
30858,ECG,3013,2490,0,0,0,0,0
30858,ECG,3014,2474,0,0,0,0,0
30868,ECG,3015,2457,0,0,0,0,0
30868,ECG,3016,2440,0,0,0,0,0
30868,ECG,3017,2424,0,0,0,0,0
30868,ECG,3018,2407,0,0,0,0,0
30868,ECG,3019,2391,0,0,0,0,0
30878,ECG,3020,2376,0,0,0,0,0
30878,ECG,3021,2361,0,0,0,0,0
30878,ECG,3022,2347,0,0,0,0,0
30878,ECG,3023,2333,0,0,0,0,0
30878,ECG,3024,2318,0,0,0,0,0
30888,ECG,3025,2303,0,0,0,0,0
30888,ECG,3026,2288,0,0,0,0,0
30888,ECG,3027,2273,0,0,0,0,0
30888,ECG,3028,2259,0,0,0,0,0
30888,ECG,3029,2244,0,0,0,0,0
30897,ECG,3030,2229,0,0,0,0,0
30897,ECG,3031,2215,0,0,0,0,0
30897,ECG,3032,2202,0,0,0,0,0
30897,ECG,3033,2188,0,0,0,0,0
30897,ECG,3034,2174,0,0,0,0,0
30907,ECG,3035,2160,0,0,0,0,0
30907,ECG,3036,2146,0,0,0,0,0
30907,ECG,3037,2132,0,0,0,0,0
30907,ECG,3038,2118,0,0,0,0,0
30907,ECG,3039,2103,0,0,0,0,0
30917,ECG,3040,2090,0,0,0,0,0
30917,ECG,3041,2077,0,0,0,0,0
30917,ECG,3042,2064,0,0,0,0,0
30917,ECG,3043,2052,0,0,0,0,0
30917,ECG,3044,2038,0,0,0,0,0
30927,ECG,3045,2024,0,0,0,0,0
30927,ECG,3046,2011,0,0,0,0,0
30927,ECG,3047,1998,0,0,0,0,0
30927,ECG,3048,1986,0,0,0,0,0
30927,ECG,3049,1974,0,0,0,0,0
30936,ECG,3050,1961,0,0,0,0,0
30936,ECG,3051,1949,0,0,0,0,0
30936,ECG,3052,1937,0,0,0,0,0
30936,ECG,3053,1925,0,0,0,0,0
30936,ECG,3054,1911,0,0,0,0,0
30946,ECG,3055,1899,0,0,0,0,0
30946,ECG,3056,1887,0,0,0,0,0
30946,ECG,3057,1875,0,0,0,0,0
30946,ECG,3058,1865,0,0,0,0,0
30946,ECG,3059,1854,0,0,0,0,0
30956,ECG,3060,1842,0,0,0,0,0
30956,ECG,3061,1832,0,0,0,0,0
30956,ECG,3062,1820,0,0,0,0,0
30956,ECG,3063,1808,0,0,0,0,0
30956,ECG,3064,1796,0,0,0,0,0
30966,ECG,3065,1783,0,0,0,0,0
30966,ECG,3066,1771,0,0,0,0,0
30966,ECG,3067,1759,0,0,0,0,0
30966,ECG,3068,1748,0,0,0,0,0
30966,ECG,3069,1736,0,0,0,0,0
30976,ECG,3070,1725,0,0,0,0,0
30976,ECG,3071,1714,0,0,0,0,0
26917,PPG,100,641,996,0,0,0,0
26984,PPG,101,644,995,0,0,0,0
27064,PPG,102,651,993,0,0,0,0
27153,PPG,103,648,995,0,0,0,0
27222,PPG,104,649,990,0,0,0,0
27300,PPG,105,644,998,0,0,0,0
27383,PPG,106,646,992,0,0,0,0
27461,PPG,107,648,998,0,0,0,0
27538,PPG,108,648,992,0,0,0,0
27617,PPG,109,640,1000,0,0,0,0
27697,PPG,110,635,987,0,0,0,0
27776,PPG,111,651,993,0,0,0,0
27856,PPG,112,644,1001,0,0,0,0
27939,PPG,113,651,990,0,0,0,0
28019,PPG,114,643,986,0,0,0,0
28094,PPG,115,653,1004,0,0,0,0
28174,PPG,116,643,999,0,0,0,0
28254,PPG,117,640,1007,0,0,0,0
28333,PPG,118,644,1001,0,0,0,0
28416,PPG,119,657,998,0,0,0,0
28495,PPG,120,647,986,0,0,0,0
28572,PPG,121,646,994,0,0,0,0
28651,PPG,122,644,995,0,0,0,0
28730,PPG,123,654,997,0,0,0,0
28810,PPG,124,637,996,0,0,0,0
28898,PPG,125,650,988,0,0,0,0
28972,PPG,126,652,996,0,0,0,0
29050,PPG,127,644,991,0,0,0,0
29128,PPG,128,651,997,0,0,0,0
29207,PPG,129,654,993,0,0,0,0
29286,PPG,130,650,992,0,0,0,0
29366,PPG,131,646,995,0,0,0,0
29445,PPG,132,644,992,0,0,0,0
29528,PPG,133,645,993,0,0,0,0
29605,PPG,134,650,1000,0,0,0,0
29684,PPG,135,659,998,0,0,0,0
29766,PPG,136,641,992,0,0,0,0
29843,PPG,137,643,992,0,0,0,0
29923,PPG,138,658,995,0,0,0,0
30006,PPG,139,646,992,0,0,0,0
30083,PPG,140,645,994,0,0,0,0
30161,PPG,141,644,994,0,0,0,0
30241,PPG,142,644,1006,0,0,0,0
30320,PPG,143,655,1006,0,0,0,0
30400,PPG,144,650,991,0,0,0,0
30479,PPG,145,650,993,0,0,0,0
30562,PPG,146,653,1002,0,0,0,0
30641,PPG,147,649,998,0,0,0,0
30718,PPG,148,647,993,0,0,0,0
30797,PPG,149,649,995,0,0,0,0
30879,PPG,150,636,990,0,0,0,0
30963,PPG,151,649,994,0,0,0,0
31041,PPG,152,640,992,0,0,0,0
31118,PPG,153,647,1001,0,0,0,0
31195,PPG,154,652,1005,0,0,0,0
31282,PPG,155,642,995,0,0,0,0
31355,PPG,156,646,994,0,0,0,0
31435,PPG,157,656,986,0,0,0,0
31519,PPG,158,635,992,0,0,0,0
31595,PPG,159,643,997,0,0,0,0
31672,PPG,160,648,987,0,0,0,0
31751,PPG,161,648,986,0,0,0,0
31830,PPG,162,646,990,0,0,0,0
31910,PPG,163,640,994,0,0,0,0
31989,PPG,164,640,1002,0,0,0,0
32072,PPG,165,657,992,0,0,0,0
32159,PPG,166,653,993,0,0,0,0
32228,PPG,167,658,1004,0,0,0,0
32307,PPG,168,643,998,0,0,0,0
32389,PPG,169,654,993,0,0,0,0
32467,PPG,170,641,993,0,0,0,0
32546,PPG,171,649,988,0,0,0,0
32629,PPG,172,653,1007,0,0,0,0
32706,PPG,173,648,987,0,0,0,0
32784,PPG,174,646,996,0,0,0,0
32864,PPG,175,651,991,0,0,0,0
32943,PPG,176,640,996,0,0,0,0
33022,PPG,177,654,997,0,0,0,0
33105,PPG,178,643,994,0,0,0,0
33184,PPG,179,660,1004,0,0,0,0
33263,PPG,180,641,988,0,0,0,0
33340,PPG,181,643,991,0,0,0,0
33419,PPG,182,643,994,0,0,0,0
33499,PPG,183,641,997,0,0,0,0
33578,PPG,184,652,992,0,0,0,0
33662,PPG,185,646,991,0,0,0,0
33739,PPG,186,653,988,0,0,0,0
33817,PPG,187,649,999,0,0,0,0
33897,PPG,188,651,998,0,0,0,0
33976,PPG,189,636,999,0,0,0,0
34056,PPG,190,648,998,0,0,0,0
34141,PPG,191,643,993,0,0,0,0
34218,PPG,192,648,993,0,0,0,0
34294,PPG,193,648,993,0,0,0,0
34374,PPG,194,634,996,0,0,0,0
34453,PPG,195,656,999,0,0,0,0
34533,PPG,196,645,990,0,0,0,0
34612,PPG,197,645,1000,0,0,0,0
34696,PPG,198,654,996,0,0,0,0
34782,PPG,199,652,993,0,0,0,0
