timestamp_ms,type,seq,v1,v2,v3,v4,v5,v6
17819,META_START,1,16759,0,0,0,0,0
18998,IMU,0,1064,-384,8452,-100,58,35
19017,IMU,1,1100,-468,8380,-98,63,55
19036,IMU,2,1056,-440,8420,-97,44,31
19055,IMU,3,1060,-356,8436,-85,63,45
19074,IMU,4,1072,-296,8448,-105,55,39
19093,IMU,5,1112,-456,8400,-81,54,36
19112,IMU,6,1036,-392,8372,-117,45,35
19131,IMU,7,1156,-424,8404,-101,59,30
19151,IMU,8,1112,-468,8432,-87,61,35
19170,IMU,9,1048,-408,8456,-105,46,31
19189,IMU,10,1044,-336,8388,-114,59,47
19208,IMU,11,1092,-468,8524,-93,46,47
19226,IMU,12,1120,-356,8472,-96,67,39
19246,IMU,13,1092,-484,8396,-102,61,36
19265,IMU,14,1056,-500,8420,-95,60,52
19284,IMU,15,1084,-380,8516,-85,74,42
19303,IMU,16,1084,-392,8404,-103,68,50
19322,IMU,17,1112,-412,8428,-92,61,29
19341,IMU,18,1148,-376,8556,-97,56,40
19361,IMU,19,1048,-428,8348,-110,58,34
19380,IMU,20,1132,-444,8340,-106,54,45
19399,IMU,21,1080,-452,8400,-95,64,22
19419,IMU,22,1008,-396,8388,-100,61,57
19437,IMU,23,1156,-408,8436,-101,49,51
19456,IMU,24,1048,-400,8396,-103,48,45
19475,IMU,25,1144,-420,8464,-93,52,34
19494,IMU,26,1160,-444,8452,-99,52,41
19514,IMU,27,1072,-412,8456,-82,30,47
19532,IMU,28,1248,-332,8396,-96,59,30
19551,IMU,29,1184,-304,8440,-105,69,42
19571,IMU,30,1076,-372,8488,-99,73,43
19590,IMU,31,1088,-344,8412,-78,59,46
19609,IMU,32,1084,-460,8380,-108,46,31
19628,IMU,33,1008,-432,8492,-90,47,25
19647,IMU,34,1124,-392,8352,-104,48,45
19666,IMU,35,1016,-360,8368,-83,59,42
19685,IMU,36,1052,-440,8364,-103,69,35
19704,IMU,37,1088,-376,8440,-104,55,43
19724,IMU,38,1084,-384,8424,-85,54,26
19742,IMU,39,1104,-380,8404,-94,62,41
19761,IMU,40,1080,-444,8324,-96,58,41
19781,IMU,41,1064,-388,8484,-94,80,30
19800,IMU,42,1108,-356,8376,-97,58,31
19819,IMU,43,1088,-396,8476,-111,59,32
19838,IMU,44,1060,-520,8420,-111,48,37
19857,IMU,45,1024,-400,8416,-88,53,33
19876,IMU,46,1204,-376,8376,-94,48,46
19895,IMU,47,1128,-444,8392,-95,53,38
19914,IMU,48,1160,-404,8420,-107,55,41
19934,IMU,49,1060,-420,8380,-106,53,34
19953,IMU,50,1120,-444,8464,-94,43,40
19977,IMU,51,1032,-440,8328,-95,49,37
19991,IMU,52,1052,-408,8412,-99,62,33
20010,IMU,53,1032,-524,8468,-101,49,32
20029,IMU,54,1148,-488,8428,-109,68,49
20048,IMU,55,1024,-468,8468,-87,65,48
20067,IMU,56,1024,-416,8416,-87,50,40
20086,IMU,57,1140,-468,8476,-88,50,25
20105,IMU,58,1164,-328,8460,-107,55,36
20124,IMU,59,1176,-392,8456,-91,64,35
20143,IMU,60,1076,-508,8440,-99,60,29
20162,IMU,61,1108,-392,8440,-101,67,47
20182,IMU,62,1176,-464,8428,-112,67,26
20204,IMU,63,1080,-292,8364,-97,49,46
20220,IMU,64,1124,-332,8352,-108,33,29
20239,IMU,65,936,-460,8428,-106,57,37
20258,IMU,66,1052,-428,8412,-89,34,33
20277,IMU,67,1156,-464,8412,-93,62,43
20297,IMU,68,1060,-420,8420,-93,57,33
20316,IMU,69,1108,-420,8424,-102,58,48
20335,IMU,70,1148,-448,8400,-76,62,38
20354,IMU,71,1156,-368,8420,-88,62,37
20373,IMU,72,1060,-448,8528,-85,42,53
20392,IMU,73,1136,-480,8384,-96,59,42
20414,IMU,74,1060,-448,8428,-95,50,50
20432,IMU,75,1048,-540,8400,-92,39,36
20450,IMU,76,1120,-492,8428,-84,50,35
20469,IMU,77,1124,-316,8408,-102,58,37
20488,IMU,78,1056,-468,8336,-96,56,41
20507,IMU,79,964,-424,8472,-86,67,41
20526,IMU,80,1084,-408,8416,-95,46,52
20546,IMU,81,1084,-412,8440,-85,43,41
20565,IMU,82,1056,-352,8476,-79,50,38
20584,IMU,83,1148,-508,8384,-88,52,40
20603,IMU,84,1136,-368,8412,-89,61,32
20622,IMU,85,1084,-412,8416,-100,53,49
20643,IMU,86,1148,-412,8420,-83,67,48
20661,IMU,87,1096,-364,8348,-85,54,43
20680,IMU,88,1180,-364,8372,-96,58,39
20699,IMU,89,1080,-388,8484,-78,54,32
20718,IMU,90,1016,-452,8384,-99,56,32
20737,IMU,91,1132,-416,8436,-103,68,32
20756,IMU,92,1128,-444,8344,-94,45,40
20776,IMU,93,1092,-360,8424,-100,52,37
20795,IMU,94,1080,-360,8448,-95,50,40
20814,IMU,95,1036,-408,8324,-98,61,38
20833,IMU,96,1096,-500,8448,-99,56,36
20856,IMU,97,1148,-392,8416,-94,53,20
20872,IMU,98,1084,-476,8460,-100,60,33
20890,IMU,99,1080,-436,8376,-110,45,33
20910,IMU,100,1036,-472,8492,-105,43,35
20929,IMU,101,1040,-516,8404,-102,57,37
20948,IMU,102,1108,-452,8440,-90,46,52
20967,IMU,103,1088,-456,8392,-94,56,35
20986,IMU,104,1024,-376,8412,-90,56,48
21007,IMU,105,1008,-340,8336,-105,61,25
21025,IMU,106,1008,-360,8360,-107,49,36
21044,IMU,107,1064,-416,8420,-85,63,32
21063,IMU,108,1168,-408,8432,-86,66,56
21084,IMU,109,1116,-340,8540,-109,51,41
21102,IMU,110,1056,-412,8332,-98,70,37
21121,IMU,111,1100,-392,8356,-98,69,34
21139,IMU,112,1152,-404,8440,-101,53,31
21159,IMU,113,1000,-344,8416,-89,71,44
21178,IMU,114,1120,-424,8400,-89,63,47
21197,IMU,115,1068,-400,8464,-109,56,36
21216,IMU,116,1088,-336,8476,-98,63,23
21235,IMU,117,1164,-472,8420,-118,59,49
21254,IMU,118,1072,-440,8364,-96,62,38
21273,IMU,119,1084,-428,8408,-102,67,30
21295,IMU,120,1024,-408,8380,-94,72,64
21312,IMU,121,1104,-444,8488,-94,62,18
21331,IMU,122,1172,-436,8408,-99,47,44
21350,IMU,123,1124,-368,8452,-110,58,59
21369,IMU,124,1120,-444,8444,-78,73,61
21388,IMU,125,1088,-396,8384,-93,54,40
21407,IMU,126,1124,-380,8504,-105,72,41
21427,IMU,127,1052,-348,8392,-97,44,47
21446,IMU,128,1100,-372,8460,-81,66,33
21465,IMU,129,1064,-460,8344,-91,77,38
21484,IMU,130,1120,-408,8448,-92,66,26
21504,IMU,131,1048,-404,8424,-86,48,43
21523,IMU,132,1020,-436,8456,-98,57,38
21541,IMU,133,1024,-420,8412,-91,68,32
21561,IMU,134,1104,-416,8380,-94,58,35
21580,IMU,135,1076,-416,8296,-99,47,46
21599,IMU,136,1080,-428,8444,-92,59,46
21618,IMU,137,1092,-424,8340,-81,55,37
21637,IMU,138,1076,-348,8444,-94,62,34
21656,IMU,139,1172,-472,8356,-107,47,54
21676,IMU,140,1084,-404,8388,-90,61,61
21695,IMU,141,1072,-400,8396,-112,52,49
21714,IMU,142,1040,-292,8408,-95,55,51
21736,IMU,143,1152,-472,8396,-96,63,28
21752,IMU,144,1092,-436,8344,-99,61,46
21771,IMU,145,1212,-356,8468,-89,62,43
21791,IMU,146,1160,-404,8400,-94,42,36
21810,IMU,147,1036,-468,8408,-96,67,48
21829,IMU,148,1132,-376,8528,-101,60,39
21848,IMU,149,1132,-344,8388,-95,76,41
21867,IMU,150,1040,-504,8356,-101,69,30
21886,IMU,151,1136,-412,8388,-109,55,46
21906,IMU,152,1100,-444,8440,-87,71,39
21925,IMU,153,1064,-504,8356,-92,39,39
21948,IMU,154,1108,-496,8376,-101,60,46
21964,IMU,155,1136,-396,8352,-92,55,51
21982,IMU,156,1028,-432,8480,-94,58,42
22001,IMU,157,1108,-472,8428,-79,59,61
22020,IMU,158,1088,-388,8424,-99,54,59
22041,IMU,159,1144,-356,8416,-85,36,41
22059,IMU,160,1072,-424,8452,-89,63,39
22078,IMU,161,1072,-440,8364,-84,75,33
22097,IMU,162,1120,-488,8416,-88,46,40
22116,IMU,163,1164,-440,8432,-104,54,44
22135,IMU,164,1140,-356,8500,-104,67,34
22155,IMU,165,1080,-448,8404,-107,65,30
22177,IMU,166,1060,-388,8420,-107,71,24
22193,IMU,167,1056,-368,8408,-93,24,19
22212,IMU,168,1064,-388,8528,-103,67,45
22231,IMU,169,1084,-436,8412,-88,69,48
22251,IMU,170,1008,-412,8388,-105,53,48
22270,IMU,171,1128,-504,8396,-82,47,48
22289,IMU,172,1204,-472,8376,-98,55,47
22308,IMU,173,1068,-364,8388,-104,72,43
22327,IMU,174,1068,-400,8392,-90,58,39
22346,IMU,175,1100,-312,8456,-80,63,50
22365,IMU,176,1156,-272,8336,-93,65,45
22388,IMU,177,1028,-376,8384,-95,75,53
22403,IMU,178,1084,-444,8384,-104,59,30
22423,IMU,179,1124,-404,8376,-112,67,51
22441,IMU,180,1100,-420,8480,-105,34,35
22461,IMU,181,1028,-496,8408,-89,61,54
22480,IMU,182,1124,-368,8468,-101,46,56
22499,IMU,183,1124,-484,8364,-94,54,30
22518,IMU,184,1096,-452,8416,-104,56,39
22537,IMU,185,1084,-436,8444,-84,55,44
22556,IMU,186,1108,-512,8348,-98,60,53
22575,IMU,187,1092,-528,8372,-102,48,46
22594,IMU,188,1140,-428,8344,-103,60,44
22616,IMU,189,1136,-352,8416,-85,67,34
22633,IMU,190,1132,-396,8500,-99,62,27
22651,IMU,191,1032,-468,8440,-108,49,39
22671,IMU,192,1064,-428,8380,-90,44,37
22690,IMU,193,1132,-408,8348,-85,53,35
22709,IMU,194,1088,-372,8424,-93,60,44
22728,IMU,195,1136,-440,8384,-103,49,43
22747,IMU,196,1016,-484,8348,-92,79,54
22766,IMU,197,1072,-376,8468,-101,52,44
22785,IMU,198,1108,-436,8400,-95,79,44
22805,IMU,199,1020,-412,8436,-115,48,45
22826,IMU,200,1068,-452,8332,-88,60,48
22843,IMU,201,1088,-404,8428,-74,49,18
22861,IMU,202,1164,-356,8328,-100,74,49
22881,IMU,203,1084,-356,8300,-77,44,39
22900,IMU,204,1180,-404,8356,-101,52,34
22919,IMU,205,1076,-412,8428,-87,63,45
22938,IMU,206,1048,-444,8376,-91,76,49
22957,IMU,207,1104,-448,8352,-113,48,37
18982,ECG,0,0,0,0,0,0,0
18982,ECG,1,-1,0,0,0,0,0
18982,ECG,2,-6,0,0,0,0,0
18982,ECG,3,2,0,0,0,0,0
18987,ECG,4,6,0,0,0,0,0
18987,ECG,5,-17,0,0,0,0,0
18987,ECG,6,38,0,0,0,0,0
18992,ECG,7,-16,0,0,0,0,0
18992,ECG,8,-26,0,0,0,0,0
18997,ECG,9,151,0,0,0,0,0
18997,ECG,10,-753,0,0,0,0,0
18997,ECG,11,-2109,0,0,0,0,0
19002,ECG,12,-1850,0,0,0,0,0
19002,ECG,13,-36,0,0,0,0,0
19007,ECG,14,8729,0,0,0,0,0
19007,ECG,15,15156,0,0,0,0,0
19012,ECG,16,21689,0,0,0,0,0
19012,ECG,17,27397,0,0,0,0,0
19013,ECG,18,31311,0,0,0,0,0
19017,ECG,19,32011,0,0,0,0,0
19017,ECG,20,31810,0,0,0,0,0
19022,ECG,21,31610,0,0,0,0,0
19022,ECG,22,31343,0,0,0,0,0
19022,ECG,23,31109,0,0,0,0,0
19027,ECG,24,31019,0,0,0,0,0
19027,ECG,25,30731,0,0,0,0,0
19032,ECG,26,30591,0,0,0,0,0
19032,ECG,27,30395,0,0,0,0,0
19032,ECG,28,30195,0,0,0,0,0
19037,ECG,29,30019,0,0,0,0,0
19037,ECG,30,29827,0,0,0,0,0
19042,ECG,31,29638,0,0,0,0,0
19042,ECG,32,29451,0,0,0,0,0
19042,ECG,33,29266,0,0,0,0,0
19047,ECG,34,29082,0,0,0,0,0
19047,ECG,35,28900,0,0,0,0,0
19052,ECG,36,28718,0,0,0,0,0
19052,ECG,37,28537,0,0,0,0,0
19052,ECG,38,28358,0,0,0,0,0
19057,ECG,39,28180,0,0,0,0,0
19057,ECG,40,28002,0,0,0,0,0
19062,ECG,41,27651,0,0,0,0,0
19062,ECG,42,27478,0,0,0,0,0
19067,ECG,43,27305,0,0,0,0,0
19067,ECG,44,27133,0,0,0,0,0
19072,ECG,45,26793,0,0,0,0,0
19072,ECG,46,26625,0,0,0,0,0
19077,ECG,47,26457,0,0,0,0,0
19077,ECG,48,26291,0,0,0,0,0
19077,ECG,49,26126,0,0,0,0,0
19082,ECG,50,25961,0,0,0,0,0
19082,ECG,51,25798,0,0,0,0,0
19087,ECG,52,25636,0,0,0,0,0
19087,ECG,53,25475,0,0,0,0,0
19087,ECG,54,25314,0,0,0,0,0
19092,ECG,55,25155,0,0,0,0,0
19092,ECG,56,24997,0,0,0,0,0
19097,ECG,57,24840,0,0,0,0,0
19097,ECG,58,24683,0,0,0,0,0
19097,ECG,59,24528,0,0,0,0,0
19102,ECG,60,24374,0,0,0,0,0
19102,ECG,61,24221,0,0,0,0,0
19107,ECG,62,24068,0,0,0,0,0
19107,ECG,63,23917,0,0,0,0,0
19107,ECG,64,23766,0,0,0,0,0
19112,ECG,65,23617,0,0,0,0,0
19112,ECG,66,23468,0,0,0,0,0
19113,ECG,67,23321,0,0,0,0,0
19117,ECG,68,23174,0,0,0,0,0
19117,ECG,69,23028,0,0,0,0,0
19122,ECG,70,22883,0,0,0,0,0
19122,ECG,71,22739,0,0,0,0,0
19127,ECG,72,22454,0,0,0,0,0
19127,ECG,73,22313,0,0,0,0,0
19132,ECG,74,22172,0,0,0,0,0
19132,ECG,75,22033,0,0,0,0,0
19132,ECG,76,21894,0,0,0,0,0
19137,ECG,77,21756,0,0,0,0,0
19137,ECG,78,21619,0,0,0,0,0
19142,ECG,79,21483,0,0,0,0,0
19142,ECG,80,21348,0,0,0,0,0
19142,ECG,81,21214,0,0,0,0,0
19147,ECG,82,21080,0,0,0,0,0
19147,ECG,83,20948,0,0,0,0,0
19152,ECG,84,20816,0,0,0,0,0
19152,ECG,85,20685,0,0,0,0,0
19152,ECG,86,20555,0,0,0,0,0
19157,ECG,87,20425,0,0,0,0,0
19157,ECG,88,20297,0,0,0,0,0
19162,ECG,89,20042,0,0,0,0,0
19162,ECG,90,19916,0,0,0,0,0
19167,ECG,91,19790,0,0,0,0,0
19167,ECG,92,19666,0,0,0,0,0
19172,ECG,93,19419,0,0,0,0,0
19172,ECG,94,19297,0,0,0,0,0
19177,ECG,95,19175,0,0,0,0,0
19177,ECG,96,19055,0,0,0,0,0
19177,ECG,97,18935,0,0,0,0,0
19182,ECG,98,18815,0,0,0,0,0
19182,ECG,99,18697,0,0,0,0,0
19187,ECG,100,18579,0,0,0,0,0
19187,ECG,101,18462,0,0,0,0,0
19187,ECG,102,18346,0,0,0,0,0
19192,ECG,103,18230,0,0,0,0,0
19192,ECG,104,18116,0,0,0,0,0
19197,ECG,105,18002,0,0,0,0,0
19197,ECG,106,17888,0,0,0,0,0
19197,ECG,107,17775,0,0,0,0,0
19202,ECG,108,17663,0,0,0,0,0
19202,ECG,109,17552,0,0,0,0,0
19207,ECG,110,17442,0,0,0,0,0
19207,ECG,111,17332,0,0,0,0,0
19207,ECG,112,17222,0,0,0,0,0
19212,ECG,113,17114,0,0,0,0,0
19212,ECG,114,17006,0,0,0,0,0
19217,ECG,115,16792,0,0,0,0,0
19217,ECG,116,16687,0,0,0,0,0
19222,ECG,117,16581,0,0,0,0,0
19222,ECG,118,16477,0,0,0,0,0
19227,ECG,119,16270,0,0,0,0,0
19227,ECG,120,16167,0,0,0,0,0
19232,ECG,121,16065,0,0,0,0,0
19232,ECG,122,15964,0,0,0,0,0
19232,ECG,123,15864,0,0,0,0,0
19237,ECG,124,15764,0,0,0,0,0
19237,ECG,125,15664,0,0,0,0,0
19242,ECG,126,15566,0,0,0,0,0
19242,ECG,127,15467,0,0,0,0,0
19242,ECG,128,15370,0,0,0,0,0
19247,ECG,129,15273,0,0,0,0,0
19247,ECG,130,15177,0,0,0,0,0
19252,ECG,131,15081,0,0,0,0,0
19252,ECG,132,14986,0,0,0,0,0
19252,ECG,133,14891,0,0,0,0,0
19257,ECG,134,14797,0,0,0,0,0
19257,ECG,135,14704,0,0,0,0,0
19262,ECG,136,14519,0,0,0,0,0
19262,ECG,137,14428,0,0,0,0,0
19267,ECG,138,14337,0,0,0,0,0
19267,ECG,139,14246,0,0,0,0,0
19268,ECG,140,14156,0,0,0,0,0
19272,ECG,141,14067,0,0,0,0,0
19272,ECG,142,13978,0,0,0,0,0
19277,ECG,143,13890,0,0,0,0,0
19277,ECG,144,13802,0,0,0,0,0
19282,ECG,145,13629,0,0,0,0,0
19282,ECG,146,13543,0,0,0,0,0
19287,ECG,147,13457,0,0,0,0,0
19287,ECG,148,13372,0,0,0,0,0
19287,ECG,149,13288,0,0,0,0,0
19292,ECG,150,13204,0,0,0,0,0
19292,ECG,151,13121,0,0,0,0,0
19297,ECG,152,13038,0,0,0,0,0
19297,ECG,153,12956,0,0,0,0,0
19297,ECG,154,12874,0,0,0,0,0
19302,ECG,155,12793,0,0,0,0,0
19302,ECG,156,12712,0,0,0,0,0
19307,ECG,157,12632,0,0,0,0,0
19307,ECG,158,12552,0,0,0,0,0
19307,ECG,159,12473,0,0,0,0,0
19312,ECG,160,12394,0,0,0,0,0
19312,ECG,161,12316,0,0,0,0,0
19317,ECG,162,12161,0,0,0,0,0
19317,ECG,163,12084,0,0,0,0,0
19322,ECG,164,12008,0,0,0,0,0
19322,ECG,165,11932,0,0,0,0,0
19327,ECG,166,11782,0,0,0,0,0
19327,ECG,167,11707,0,0,0,0,0
19332,ECG,168,11633,0,0,0,0,0
19332,ECG,169,11560,0,0,0,0,0
19332,ECG,170,11487,0,0,0,0,0
19337,ECG,171,11414,0,0,0,0,0
19337,ECG,172,11342,0,0,0,0,0
19342,ECG,173,11271,0,0,0,0,0
19342,ECG,174,11199,0,0,0,0,0
19342,ECG,175,11129,0,0,0,0,0
19347,ECG,176,11058,0,0,0,0,0
19347,ECG,177,10988,0,0,0,0,0
19352,ECG,178,10919,0,0,0,0,0
19352,ECG,179,10850,0,0,0,0,0
19352,ECG,180,10781,0,0,0,0,0
19357,ECG,181,10713,0,0,0,0,0
19357,ECG,182,10645,0,0,0,0,0
19362,ECG,183,10511,0,0,0,0,0
19362,ECG,184,10445,0,0,0,0,0
19367,ECG,185,10379,0,0,0,0,0
19367,ECG,186,10313,0,0,0,0,0
19368,ECG,187,10248,0,0,0,0,0
19372,ECG,188,10183,0,0,0,0,0
19372,ECG,189,10118,0,0,0,0,0
19377,ECG,190,10054,0,0,0,0,0
19377,ECG,191,9991,0,0,0,0,0
19382,ECG,192,9865,0,0,0,0,0
19382,ECG,193,9802,0,0,0,0,0
19387,ECG,194,9740,0,0,0,0,0
19387,ECG,195,9679,0,0,0,0,0
19387,ECG,196,9617,0,0,0,0,0
19392,ECG,197,9557,0,0,0,0,0
19392,ECG,198,9496,0,0,0,0,0
19397,ECG,199,9436,0,0,0,0,0
19397,ECG,200,9376,0,0,0,0,0
19397,ECG,201,9317,0,0,0,0,0
19402,ECG,202,9258,0,0,0,0,0
19402,ECG,203,9200,0,0,0,0,0
19407,ECG,204,9141,0,0,0,0,0
19407,ECG,205,9083,0,0,0,0,0
19407,ECG,206,9026,0,0,0,0,0
19412,ECG,207,8969,0,0,0,0,0
19412,ECG,208,8912,0,0,0,0,0
19417,ECG,209,8799,0,0,0,0,0
19417,ECG,210,8744,0,0,0,0,0
19422,ECG,211,8688,0,0,0,0,0
19422,ECG,212,8633,0,0,0,0,0
19427,ECG,213,8524,0,0,0,0,0
19427,ECG,214,8470,0,0,0,0,0
19432,ECG,215,8416,0,0,0,0,0
19432,ECG,216,8363,0,0,0,0,0
19432,ECG,217,8310,0,0,0,0,0
19437,ECG,218,8257,0,0,0,0,0
19437,ECG,219,8205,0,0,0,0,0
19442,ECG,220,8153,0,0,0,0,0
19442,ECG,221,8101,0,0,0,0,0
19442,ECG,222,8050,0,0,0,0,0
19447,ECG,223,7999,0,0,0,0,0
19447,ECG,224,7948,0,0,0,0,0
19452,ECG,225,7898,0,0,0,0,0
19452,ECG,226,7848,0,0,0,0,0
19452,ECG,227,7798,0,0,0,0,0
19457,ECG,228,7749,0,0,0,0,0
19457,ECG,229,7699,0,0,0,0,0
19462,ECG,230,7602,0,0,0,0,0
19462,ECG,231,7554,0,0,0,0,0
19467,ECG,232,7506,0,0,0,0,0
19467,ECG,233,7458,0,0,0,0,0
19468,ECG,234,7411,0,0,0,0,0
19472,ECG,235,7364,0,0,0,0,0
19472,ECG,236,7317,0,0,0,0,0
19477,ECG,237,7271,0,0,0,0,0
19477,ECG,238,7224,0,0,0,0,0
19482,ECG,239,7133,0,0,0,0,0
19482,ECG,240,7088,0,0,0,0,0
19487,ECG,241,7043,0,0,0,0,0
19487,ECG,242,6998,0,0,0,0,0
19487,ECG,243,6953,0,0,0,0,0
19492,ECG,244,6909,0,0,0,0,0
19492,ECG,245,6865,0,0,0,0,0
19497,ECG,246,6821,0,0,0,0,0
19497,ECG,247,6778,0,0,0,0,0
19497,ECG,248,6735,0,0,0,0,0
19502,ECG,249,6692,0,0,0,0,0
19502,ECG,250,6650,0,0,0,0,0
19507,ECG,251,6608,0,0,0,0,0
19507,ECG,252,6566,0,0,0,0,0
19507,ECG,253,6524,0,0,0,0,0
19512,ECG,254,6482,0,0,0,0,0
19512,ECG,255,6441,0,0,0,0,0
19517,ECG,256,6359,0,0,0,0,0
19517,ECG,257,6319,0,0,0,0,0
19522,ECG,258,6279,0,0,0,0,0
19522,ECG,259,6239,0,0,0,0,0
19527,ECG,260,6159,0,0,0,0,0
19527,ECG,261,6120,0,0,0,0,0
19532,ECG,262,6081,0,0,0,0,0
19532,ECG,263,6042,0,0,0,0,0
19532,ECG,264,6004,0,0,0,0,0
19537,ECG,265,5966,0,0,0,0,0
19537,ECG,266,5928,0,0,0,0,0
19542,ECG,267,5890,0,0,0,0,0
19542,ECG,268,5852,0,0,0,0,0
19542,ECG,269,5815,0,0,0,0,0
19547,ECG,270,5778,0,0,0,0,0
19547,ECG,271,5741,0,0,0,0,0
19552,ECG,272,5705,0,0,0,0,0
19552,ECG,273,5669,0,0,0,0,0
19552,ECG,274,5632,0,0,0,0,0
19557,ECG,275,5596,0,0,0,0,0
19557,ECG,276,5561,0,0,0,0,0
19562,ECG,277,5525,0,0,0,0,0
19562,ECG,278,5490,0,0,0,0,0
19562,ECG,279,5455,0,0,0,0,0
19567,ECG,280,5420,0,0,0,0,0
19567,ECG,281,5386,0,0,0,0,0
19572,ECG,282,5317,0,0,0,0,0
19572,ECG,283,5283,0,0,0,0,0
19577,ECG,284,5249,0,0,0,0,0
19577,ECG,285,5216,0,0,0,0,0
19582,ECG,286,5150,0,0,0,0,0
19582,ECG,287,5117,0,0,0,0,0
19587,ECG,288,5084,0,0,0,0,0
19587,ECG,289,5051,0,0,0,0,0
19587,ECG,290,5019,0,0,0,0,0
19592,ECG,291,4987,0,0,0,0,0
19592,ECG,292,4955,0,0,0,0,0
19597,ECG,293,4924,0,0,0,0,0
19597,ECG,294,4892,0,0,0,0,0
19597,ECG,295,4861,0,0,0,0,0
19602,ECG,296,4830,0,0,0,0,0
19602,ECG,297,4799,0,0,0,0,0
19607,ECG,298,4768,0,0,0,0,0
19607,ECG,299,4738,0,0,0,0,0
19607,ECG,300,4707,0,0,0,0,0
19612,ECG,301,4677,0,0,0,0,0
19612,ECG,302,4647,0,0,0,0,0
19617,ECG,303,4588,0,0,0,0,0
19617,ECG,304,4559,0,0,0,0,0
19622,ECG,305,4530,0,0,0,0,0
19622,ECG,306,4501,0,0,0,0,0
19627,ECG,307,4443,0,0,0,0,0
19627,ECG,308,4415,0,0,0,0,0
19632,ECG,309,4386,0,0,0,0,0
19632,ECG,310,4358,0,0,0,0,0
19632,ECG,311,4330,0,0,0,0,0
19637,ECG,312,4303,0,0,0,0,0
19637,ECG,313,4275,0,0,0,0,0
19642,ECG,314,4248,0,0,0,0,0
19642,ECG,315,4220,0,0,0,0,0
19642,ECG,316,4193,0,0,0,0,0
19647,ECG,317,4166,0,0,0,0,0
19647,ECG,318,4140,0,0,0,0,0
19652,ECG,319,4113,0,0,0,0,0
19652,ECG,320,4087,0,0,0,0,0
19652,ECG,321,4060,0,0,0,0,0
19657,ECG,322,4034,0,0,0,0,0
19657,ECG,323,4008,0,0,0,0,0
19662,ECG,324,3957,0,0,0,0,0
19662,ECG,325,3932,0,0,0,0,0
19667,ECG,326,3906,0,0,0,0,0
19667,ECG,327,3881,0,0,0,0,0
19668,ECG,328,3856,0,0,0,0,0
19672,ECG,329,3832,0,0,0,0,0
19672,ECG,330,3807,0,0,0,0,0
19677,ECG,331,3782,0,0,0,0,0
19677,ECG,332,3758,0,0,0,0,0
19682,ECG,333,3710,0,0,0,0,0
19682,ECG,334,3686,0,0,0,0,0
19687,ECG,335,3662,0,0,0,0,0
19687,ECG,336,3639,0,0,0,0,0
19687,ECG,337,3615,0,0,0,0,0
19692,ECG,338,3592,0,0,0,0,0
19692,ECG,339,3569,0,0,0,0,0
19697,ECG,340,3546,0,0,0,0,0
19697,ECG,341,3523,0,0,0,0,0
19697,ECG,342,3500,0,0,0,0,0
19702,ECG,343,3478,0,0,0,0,0
19702,ECG,344,3455,0,0,0,0,0
19707,ECG,345,3433,0,0,0,0,0
19707,ECG,346,3411,0,0,0,0,0
19707,ECG,347,3389,0,0,0,0,0
19712,ECG,348,3367,0,0,0,0,0
19712,ECG,349,3345,0,0,0,0,0
19717,ECG,350,3302,0,0,0,0,0
19717,ECG,351,3281,0,0,0,0,0
19722,ECG,352,3260,0,0,0,0,0
19722,ECG,353,3239,0,0,0,0,0
19727,ECG,354,3197,0,0,0,0,0
19727,ECG,355,3176,0,0,0,0,0
19732,ECG,356,3156,0,0,0,0,0
19732,ECG,357,3135,0,0,0,0,0
19732,ECG,358,3115,0,0,0,0,0
19737,ECG,359,3095,0,0,0,0,0
19737,ECG,360,3075,0,0,0,0,0
19742,ECG,361,3055,0,0,0,0,0
19742,ECG,362,3035,0,0,0,0,0
19742,ECG,363,3015,0,0,0,0,0
19747,ECG,364,2996,0,0,0,0,0
19747,ECG,365,2976,0,0,0,0,0
19752,ECG,366,2957,0,0,0,0,0
19752,ECG,367,2938,0,0,0,0,0
19752,ECG,368,2919,0,0,0,0,0
19757,ECG,369,2900,0,0,0,0,0
19757,ECG,370,2881,0,0,0,0,0
19762,ECG,371,2844,0,0,0,0,0
19762,ECG,372,2825,0,0,0,0,0
19767,ECG,373,2807,0,0,0,0,0
19767,ECG,374,2789,0,0,0,0,0
19768,ECG,375,2771,0,0,0,0,0
19772,ECG,376,2753,0,0,0,0,0
19772,ECG,377,2735,0,0,0,0,0
19777,ECG,378,2717,0,0,0,0,0
19777,ECG,379,2700,0,0,0,0,0
19782,ECG,380,2665,0,0,0,0,0
19782,ECG,381,2647,0,0,0,0,0
19787,ECG,382,2630,0,0,0,0,0
19787,ECG,383,2613,0,0,0,0,0
19787,ECG,384,2596,0,0,0,0,0
19792,ECG,385,2579,0,0,0,0,0
19792,ECG,386,2562,0,0,0,0,0
19797,ECG,387,2546,0,0,0,0,0
19797,ECG,388,2529,0,0,0,0,0
19797,ECG,389,2513,0,0,0,0,0
19802,ECG,390,2496,0,0,0,0,0
19802,ECG,391,2480,0,0,0,0,0
19807,ECG,392,2464,0,0,0,0,0
19807,ECG,393,2448,0,0,0,0,0
19807,ECG,394,2432,0,0,0,0,0
19812,ECG,395,2416,0,0,0,0,0
19812,ECG,396,2400,0,0,0,0,0
19817,ECG,397,2369,0,0,0,0,0
19817,ECG,398,2354,0,0,0,0,0
19822,ECG,399,2338,0,0,0,0,0
19822,ECG,400,2323,0,0,0,0,0
19827,ECG,401,2293,0,0,0,0,0
19827,ECG,402,2278,0,0,0,0,0
19832,ECG,403,2263,0,0,0,0,0
19832,ECG,404,2248,0,0,0,0,0
19832,ECG,405,2233,0,0,0,0,0
19837,ECG,406,2219,0,0,0,0,0
19837,ECG,407,2204,0,0,0,0,0
19842,ECG,408,2190,0,0,0,0,0
19842,ECG,409,2176,0,0,0,0,0
19842,ECG,410,2161,0,0,0,0,0
19847,ECG,411,2147,0,0,0,0,0
19847,ECG,412,2133,0,0,0,0,0
19852,ECG,413,2119,0,0,0,0,0
19852,ECG,414,2105,0,0,0,0,0
19852,ECG,415,2091,0,0,0,0,0
19857,ECG,416,2078,0,0,0,0,0
19857,ECG,417,2064,0,0,0,0,0
19862,ECG,418,2037,0,0,0,0,0
19862,ECG,419,2023,0,0,0,0,0
19867,ECG,420,2010,0,0,0,0,0
19867,ECG,421,1997,0,0,0,0,0
19868,ECG,422,1984,0,0,0,0,0
19872,ECG,423,1971,0,0,0,0,0
19872,ECG,424,1958,0,0,0,0,0
19877,ECG,425,1945,0,0,0,0,0
19877,ECG,426,1932,0,0,0,0,0
19882,ECG,427,1906,0,0,0,0,0
19882,ECG,428,1894,0,0,0,0,0
19887,ECG,429,1881,0,0,0,0,0
19887,ECG,430,1869,0,0,0,0,0
19887,ECG,431,1857,0,0,0,0,0
19892,ECG,432,1844,0,0,0,0,0
19892,ECG,433,1832,0,0,0,0,0
19897,ECG,434,1820,0,0,0,0,0
19897,ECG,435,1808,0,0,0,0,0
19897,ECG,436,1796,0,0,0,0,0
19902,ECG,437,1784,0,0,0,0,0
19902,ECG,438,1772,0,0,0,0,0
19907,ECG,439,1761,0,0,0,0,0
19907,ECG,440,1749,0,0,0,0,0
19907,ECG,441,1737,0,0,0,0,0
19912,ECG,442,1726,0,0,0,0,0
19912,ECG,443,1714,0,0,0,0,0
19917,ECG,444,1692,0,0,0,0,0
19917,ECG,445,1681,0,0,0,0,0
19922,ECG,446,1669,0,0,0,0,0
19922,ECG,447,1658,0,0,0,0,0
19927,ECG,448,1636,0,0,0,0,0
19927,ECG,449,1625,0,0,0,0,0
19932,ECG,450,1615,0,0,0,0,0
19932,ECG,451,1604,0,0,0,0,0
19932,ECG,452,1593,0,0,0,0,0
19937,ECG,453,1583,0,0,0,0,0
19937,ECG,454,1572,0,0,0,0,0
19942,ECG,455,1562,0,0,0,0,0
19942,ECG,456,1551,0,0,0,0,0
19942,ECG,457,1541,0,0,0,0,0
19947,ECG,458,1531,0,0,0,0,0
19947,ECG,459,1520,0,0,0,0,0
19952,ECG,460,1510,0,0,0,0,0
19952,ECG,461,1500,0,0,0,0,0
19952,ECG,462,1490,0,0,0,0,0
19957,ECG,463,1480,0,0,0,0,0
19957,ECG,464,1470,0,0,0,0,0
19962,ECG,465,1460,0,0,0,0,0
19962,ECG,466,1451,0,0,0,0,0
19962,ECG,467,1441,0,0,0,0,0
19973,ECG,468,1431,0,0,0,0,0
19973,ECG,469,1422,0,0,0,0,0
19973,ECG,470,1412,0,0,0,0,0
19973,ECG,471,1403,0,0,0,0,0
19973,ECG,472,1393,0,0,0,0,0
19978,ECG,473,1375,0,0,0,0,0
19978,ECG,474,1365,0,0,0,0,0
19983,ECG,475,1356,0,0,0,0,0
19983,ECG,476,1347,0,0,0,0,0
19983,ECG,477,1338,0,0,0,0,0
19988,ECG,478,1329,0,0,0,0,0
19988,ECG,479,1320,0,0,0,0,0
19993,ECG,480,1311,0,0,0,0,0
19993,ECG,481,1302,0,0,0,0,0
19993,ECG,482,1294,0,0,0,0,0
19998,ECG,483,1285,0,0,0,0,0
19998,ECG,484,1276,0,0,0,0,0
20003,ECG,485,1268,0,0,0,0,0
20003,ECG,486,1259,0,0,0,0,0
20003,ECG,487,1251,0,0,0,0,0
20008,ECG,488,1242,0,0,0,0,0
20008,ECG,489,1234,0,0,0,0,0
20013,ECG,490,1225,0,0,0,0,0
20013,ECG,491,1217,0,0,0,0,0
20013,ECG,492,1209,0,0,0,0,0
20018,ECG,493,1201,0,0,0,0,0
20018,ECG,494,1192,0,0,0,0,0
20023,ECG,495,1176,0,0,0,0,0
20023,ECG,496,1168,0,0,0,0,0
20028,ECG,497,1160,0,0,0,0,0
20028,ECG,498,1152,0,0,0,0,0
20033,ECG,499,1137,0,0,0,0,0
20033,ECG,500,1129,0,0,0,0,0
20038,ECG,501,1121,0,0,0,0,0
20038,ECG,502,1114,0,0,0,0,0
20038,ECG,503,1106,0,0,0,0,0
20043,ECG,504,1099,0,0,0,0,0
20043,ECG,505,1091,0,0,0,0,0
20048,ECG,506,1084,0,0,0,0,0
20048,ECG,507,1076,0,0,0,0,0
20048,ECG,508,1069,0,0,0,0,0
20053,ECG,509,1062,0,0,0,0,0
20053,ECG,510,1054,0,0,0,0,0
20058,ECG,511,1047,0,0,0,0,0
20058,ECG,512,1040,0,0,0,0,0
20058,ECG,513,1033,0,0,0,0,0
20063,ECG,514,1026,0,0,0,0,0
20063,ECG,515,1019,0,0,0,0,0
20068,ECG,516,1005,0,0,0,0,0
20068,ECG,517,998,0,0,0,0,0
20073,ECG,518,991,0,0,0,0,0
20073,ECG,519,984,0,0,0,0,0
21080,ECG,520,0,0,0,0,0,0
21080,ECG,521,-1,0,0,0,0,0
21080,ECG,522,-6,0,0,0,0,0
21085,ECG,523,2,0,0,0,0,0
21085,ECG,524,6,0,0,0,0,0
21090,ECG,525,38,0,0,0,0,0
21090,ECG,526,-16,0,0,0,0,0
21095,ECG,527,-26,0,0,0,0,0
21095,ECG,528,151,0,0,0,0,0
21096,ECG,529,-753,0,0,0,0,0
21100,ECG,530,-2109,0,0,0,0,0
21100,ECG,531,-1850,0,0,0,0,0
21105,ECG,532,-36,0,0,0,0,0
21105,ECG,533,3394,0,0,0,0,0
21105,ECG,534,8729,0,0,0,0,0
21110,ECG,535,15156,0,0,0,0,0
21110,ECG,536,21689,0,0,0,0,0
21115,ECG,537,27397,0,0,0,0,0
21115,ECG,538,31311,0,0,0,0,0
21115,ECG,539,32011,0,0,0,0,0
21120,ECG,540,31810,0,0,0,0,0
21120,ECG,541,31610,0,0,0,0,0
21125,ECG,542,31343,0,0,0,0,0
21125,ECG,543,31109,0,0,0,0,0
21125,ECG,544,31019,0,0,0,0,0
21130,ECG,545,30731,0,0,0,0,0
21130,ECG,546,30591,0,0,0,0,0
21135,ECG,547,30395,0,0,0,0,0
21135,ECG,548,30195,0,0,0,0,0
21135,ECG,549,30019,0,0,0,0,0
21140,ECG,550,29827,0,0,0,0,0
21140,ECG,551,29638,0,0,0,0,0
21145,ECG,552,29266,0,0,0,0,0
21145,ECG,553,29082,0,0,0,0,0
21150,ECG,554,28900,0,0,0,0,0
21150,ECG,555,28718,0,0,0,0,0
21155,ECG,556,28358,0,0,0,0,0
21155,ECG,557,28180,0,0,0,0,0
21160,ECG,558,28002,0,0,0,0,0
21160,ECG,559,27826,0,0,0,0,0
21160,ECG,560,27651,0,0,0,0,0
21165,ECG,561,27478,0,0,0,0,0
21165,ECG,562,27305,0,0,0,0,0
21170,ECG,563,27133,0,0,0,0,0
21170,ECG,564,26963,0,0,0,0,0
21170,ECG,565,26793,0,0,0,0,0
21175,ECG,566,26625,0,0,0,0,0
21175,ECG,567,26457,0,0,0,0,0
21180,ECG,568,26291,0,0,0,0,0
21180,ECG,569,26126,0,0,0,0,0
21180,ECG,570,25961,0,0,0,0,0
21185,ECG,571,25798,0,0,0,0,0
21185,ECG,572,25636,0,0,0,0,0
21190,ECG,573,25314,0,0,0,0,0
21190,ECG,574,25155,0,0,0,0,0
21195,ECG,575,24997,0,0,0,0,0
21195,ECG,576,24840,0,0,0,0,0
21200,ECG,577,24528,0,0,0,0,0
21200,ECG,578,24374,0,0,0,0,0
21205,ECG,579,24221,0,0,0,0,0
21205,ECG,580,24068,0,0,0,0,0
21205,ECG,581,23917,0,0,0,0,0
22212,ECG,582,0,0,0,0,0,0
22212,ECG,583,-1,0,0,0,0,0
22212,ECG,584,-6,0,0,0,0,0
22217,ECG,585,2,0,0,0,0,0
22217,ECG,586,6,0,0,0,0,0
22222,ECG,587,38,0,0,0,0,0
22222,ECG,588,-16,0,0,0,0,0
22227,ECG,589,-26,0,0,0,0,0
22227,ECG,590,151,0,0,0,0,0
22232,ECG,591,-2109,0,0,0,0,0
22232,ECG,592,-1850,0,0,0,0,0
22237,ECG,593,-36,0,0,0,0,0
22237,ECG,594,3394,0,0,0,0,0
22237,ECG,595,8729,0,0,0,0,0
22242,ECG,596,15156,0,0,0,0,0
22242,ECG,597,21689,0,0,0,0,0
22247,ECG,598,27397,0,0,0,0,0
22247,ECG,599,31311,0,0,0,0,0
22247,ECG,600,32011,0,0,0,0,0
22252,ECG,601,31810,0,0,0,0,0
22252,ECG,602,31610,0,0,0,0,0
22257,ECG,603,31343,0,0,0,0,0
22257,ECG,604,31109,0,0,0,0,0
22257,ECG,605,31019,0,0,0,0,0
22262,ECG,606,30731,0,0,0,0,0
22262,ECG,607,30591,0,0,0,0,0
22267,ECG,608,30395,0,0,0,0,0
22267,ECG,609,30195,0,0,0,0,0
22267,ECG,610,30019,0,0,0,0,0
22272,ECG,611,29827,0,0,0,0,0
22272,ECG,612,29638,0,0,0,0,0
22277,ECG,613,29266,0,0,0,0,0
22277,ECG,614,29082,0,0,0,0,0
22282,ECG,615,28900,0,0,0,0,0
22282,ECG,616,28718,0,0,0,0,0
22287,ECG,617,28358,0,0,0,0,0
22287,ECG,618,28180,0,0,0,0,0
22292,ECG,619,28002,0,0,0,0,0
22292,ECG,620,27826,0,0,0,0,0
22292,ECG,621,27651,0,0,0,0,0
22297,ECG,622,27478,0,0,0,0,0
22297,ECG,623,27305,0,0,0,0,0
22302,ECG,624,27133,0,0,0,0,0
22302,ECG,625,26963,0,0,0,0,0
22302,ECG,626,26793,0,0,0,0,0
22307,ECG,627,26625,0,0,0,0,0
22307,ECG,628,26457,0,0,0,0,0
22312,ECG,629,26291,0,0,0,0,0
22312,ECG,630,26126,0,0,0,0,0
22312,ECG,631,25961,0,0,0,0,0
22317,ECG,632,25798,0,0,0,0,0
22317,ECG,633,25636,0,0,0,0,0
22322,ECG,634,25314,0,0,0,0,0
22322,ECG,635,25155,0,0,0,0,0
22327,ECG,636,24997,0,0,0,0,0
22327,ECG,637,24840,0,0,0,0,0
22328,ECG,638,24683,0,0,0,0,0
22332,ECG,639,24528,0,0,0,0,0
22332,ECG,640,24374,0,0,0,0,0
22337,ECG,641,24221,0,0,0,0,0
22337,ECG,642,24068,0,0,0,0,0
22342,ECG,643,23766,0,0,0,0,0
22342,ECG,644,23617,0,0,0,0,0
22347,ECG,645,23468,0,0,0,0,0
22347,ECG,646,23321,0,0,0,0,0
22347,ECG,647,23174,0,0,0,0,0
22352,ECG,648,23028,0,0,0,0,0
22352,ECG,649,22883,0,0,0,0,0
22357,ECG,650,22739,0,0,0,0,0
22357,ECG,651,22596,0,0,0,0,0
22357,ECG,652,22454,0,0,0,0,0
22362,ECG,653,22313,0,0,0,0,0
22362,ECG,654,22172,0,0,0,0,0
22367,ECG,655,22033,0,0,0,0,0
22367,ECG,656,21894,0,0,0,0,0
22367,ECG,657,21756,0,0,0,0,0
22372,ECG,658,21619,0,0,0,0,0
22372,ECG,659,21483,0,0,0,0,0
22377,ECG,660,21214,0,0,0,0,0
22377,ECG,661,21080,0,0,0,0,0
22382,ECG,662,20948,0,0,0,0,0
22382,ECG,663,20816,0,0,0,0,0
22387,ECG,664,20555,0,0,0,0,0
22387,ECG,665,20425,0,0,0,0,0
22392,ECG,666,20297,0,0,0,0,0
22392,ECG,667,20169,0,0,0,0,0
22392,ECG,668,20042,0,0,0,0,0
22397,ECG,669,19916,0,0,0,0,0
22397,ECG,670,19790,0,0,0,0,0
22402,ECG,671,19666,0,0,0,0,0
22402,ECG,672,19542,0,0,0,0,0
22402,ECG,673,19419,0,0,0,0,0
22407,ECG,674,19297,0,0,0,0,0
22407,ECG,675,19175,0,0,0,0,0
22412,ECG,676,19055,0,0,0,0,0
22412,ECG,677,18935,0,0,0,0,0
22412,ECG,678,18815,0,0,0,0,0
22417,ECG,679,18697,0,0,0,0,0
22417,ECG,680,18579,0,0,0,0,0
22422,ECG,681,18462,0,0,0,0,0
22422,ECG,682,18346,0,0,0,0,0
22422,ECG,683,18230,0,0,0,0,0
22427,ECG,684,18116,0,0,0,0,0
22427,ECG,685,18002,0,0,0,0,0
22428,ECG,686,17888,0,0,0,0,0
22432,ECG,687,17775,0,0,0,0,0
22432,ECG,688,17663,0,0,0,0,0
22437,ECG,689,17552,0,0,0,0,0
22437,ECG,690,17442,0,0,0,0,0
22442,ECG,691,17222,0,0,0,0,0
22442,ECG,692,17114,0,0,0,0,0
22447,ECG,693,17006,0,0,0,0,0
22447,ECG,694,16899,0,0,0,0,0
22447,ECG,695,16792,0,0,0,0,0
22452,ECG,696,16687,0,0,0,0,0
22452,ECG,697,16581,0,0,0,0,0
22457,ECG,698,16477,0,0,0,0,0
22457,ECG,699,16373,0,0,0,0,0
22457,ECG,700,16270,0,0,0,0,0
22462,ECG,701,16167,0,0,0,0,0
22462,ECG,702,16065,0,0,0,0,0
22467,ECG,703,15964,0,0,0,0,0
22467,ECG,704,15864,0,0,0,0,0
22467,ECG,705,15764,0,0,0,0,0
22472,ECG,706,15664,0,0,0,0,0
22472,ECG,707,15566,0,0,0,0,0
22477,ECG,708,15370,0,0,0,0,0
22477,ECG,709,15273,0,0,0,0,0
22482,ECG,710,15177,0,0,0,0,0
22482,ECG,711,15081,0,0,0,0,0
22483,ECG,712,14986,0,0,0,0,0
22487,ECG,713,14891,0,0,0,0,0
22487,ECG,714,14797,0,0,0,0,0
22492,ECG,715,14704,0,0,0,0,0
22492,ECG,716,14611,0,0,0,0,0
22497,ECG,717,14428,0,0,0,0,0
22497,ECG,718,14337,0,0,0,0,0
22502,ECG,719,14246,0,0,0,0,0
22502,ECG,720,14156,0,0,0,0,0
22502,ECG,721,14067,0,0,0,0,0
22507,ECG,722,13978,0,0,0,0,0
22507,ECG,723,13890,0,0,0,0,0
22512,ECG,724,13802,0,0,0,0,0
22512,ECG,725,13715,0,0,0,0,0
22512,ECG,726,13629,0,0,0,0,0
22517,ECG,727,13543,0,0,0,0,0
22517,ECG,728,13457,0,0,0,0,0
22522,ECG,729,13372,0,0,0,0,0
22522,ECG,730,13288,0,0,0,0,0
22522,ECG,731,13204,0,0,0,0,0
22527,ECG,732,13121,0,0,0,0,0
22527,ECG,733,13038,0,0,0,0,0
22532,ECG,734,12874,0,0,0,0,0
22532,ECG,735,12793,0,0,0,0,0
22537,ECG,736,12712,0,0,0,0,0
22537,ECG,737,12632,0,0,0,0,0
22542,ECG,738,12473,0,0,0,0,0
22542,ECG,739,12394,0,0,0,0,0
22547,ECG,740,12316,0,0,0,0,0
22547,ECG,741,12238,0,0,0,0,0
22547,ECG,742,12161,0,0,0,0,0
22552,ECG,743,12084,0,0,0,0,0
22552,ECG,744,12008,0,0,0,0,0
22557,ECG,745,11932,0,0,0,0,0
22557,ECG,746,11857,0,0,0,0,0
22557,ECG,747,11782,0,0,0,0,0
22562,ECG,748,11707,0,0,0,0,0
22562,ECG,749,11633,0,0,0,0,0
22567,ECG,750,11560,0,0,0,0,0
22567,ECG,751,11487,0,0,0,0,0
22567,ECG,752,11414,0,0,0,0,0
22572,ECG,753,11342,0,0,0,0,0
22572,ECG,754,11271,0,0,0,0,0
22577,ECG,755,11129,0,0,0,0,0
22577,ECG,756,11058,0,0,0,0,0
22582,ECG,757,10988,0,0,0,0,0
22582,ECG,758,10919,0,0,0,0,0
22583,ECG,759,10850,0,0,0,0,0
22587,ECG,760,10781,0,0,0,0,0
22587,ECG,761,10713,0,0,0,0,0
22592,ECG,762,10645,0,0,0,0,0
22592,ECG,763,10578,0,0,0,0,0
22597,ECG,764,10445,0,0,0,0,0
22597,ECG,765,10379,0,0,0,0,0
22602,ECG,766,10313,0,0,0,0,0
22602,ECG,767,10248,0,0,0,0,0
22602,ECG,768,10183,0,0,0,0,0
22607,ECG,769,10118,0,0,0,0,0
22607,ECG,770,10054,0,0,0,0,0
22612,ECG,771,9991,0,0,0,0,0
22612,ECG,772,9928,0,0,0,0,0
22612,ECG,773,9865,0,0,0,0,0
22617,ECG,774,9802,0,0,0,0,0
22617,ECG,775,9740,0,0,0,0,0
22622,ECG,776,9679,0,0,0,0,0
22622,ECG,777,9617,0,0,0,0,0
22622,ECG,778,9557,0,0,0,0,0
22627,ECG,779,9496,0,0,0,0,0
22627,ECG,780,9436,0,0,0,0,0
22632,ECG,781,9317,0,0,0,0,0
22632,ECG,782,9258,0,0,0,0,0
22637,ECG,783,9200,0,0,0,0,0
22637,ECG,784,9141,0,0,0,0,0
22642,ECG,785,9026,0,0,0,0,0
22642,ECG,786,8969,0,0,0,0,0
22647,ECG,787,8912,0,0,0,0,0
22647,ECG,788,8855,0,0,0,0,0
22647,ECG,789,8799,0,0,0,0,0
22652,ECG,790,8744,0,0,0,0,0
22652,ECG,791,8688,0,0,0,0,0
22657,ECG,792,8633,0,0,0,0,0
22657,ECG,793,8578,0,0,0,0,0
22657,ECG,794,8524,0,0,0,0,0
22662,ECG,795,8470,0,0,0,0,0
22662,ECG,796,8416,0,0,0,0,0
22667,ECG,797,8363,0,0,0,0,0
22667,ECG,798,8310,0,0,0,0,0
22667,ECG,799,8257,0,0,0,0,0
22672,ECG,800,8205,0,0,0,0,0
22672,ECG,801,8153,0,0,0,0,0
22677,ECG,802,8050,0,0,0,0,0
22677,ECG,803,7999,0,0,0,0,0
22682,ECG,804,7948,0,0,0,0,0
22682,ECG,805,7898,0,0,0,0,0
22687,ECG,806,7798,0,0,0,0,0
22687,ECG,807,7749,0,0,0,0,0
22692,ECG,808,7699,0,0,0,0,0
22692,ECG,809,7651,0,0,0,0,0
22692,ECG,810,7602,0,0,0,0,0
22697,ECG,811,7554,0,0,0,0,0
22697,ECG,812,7506,0,0,0,0,0
22702,ECG,813,7458,0,0,0,0,0
22702,ECG,814,7411,0,0,0,0,0
22702,ECG,815,7364,0,0,0,0,0
22707,ECG,816,7317,0,0,0,0,0
22707,ECG,817,7271,0,0,0,0,0
22712,ECG,818,7224,0,0,0,0,0
22712,ECG,819,7178,0,0,0,0,0
22712,ECG,820,7133,0,0,0,0,0
22717,ECG,821,7088,0,0,0,0,0
22717,ECG,822,7043,0,0,0,0,0
22722,ECG,823,6998,0,0,0,0,0
22722,ECG,824,6953,0,0,0,0,0
22722,ECG,825,6909,0,0,0,0,0
22727,ECG,826,6865,0,0,0,0,0
22727,ECG,827,6821,0,0,0,0,0
22732,ECG,828,6735,0,0,0,0,0
22732,ECG,829,6692,0,0,0,0,0
22737,ECG,830,6650,0,0,0,0,0
22737,ECG,831,6608,0,0,0,0,0
22742,ECG,832,6524,0,0,0,0,0
22742,ECG,833,6482,0,0,0,0,0
22747,ECG,834,6441,0,0,0,0,0
22747,ECG,835,6400,0,0,0,0,0
22747,ECG,836,6359,0,0,0,0,0
22752,ECG,837,6319,0,0,0,0,0
22752,ECG,838,6279,0,0,0,0,0
22757,ECG,839,6239,0,0,0,0,0
22757,ECG,840,6199,0,0,0,0,0
22757,ECG,841,6159,0,0,0,0,0
22762,ECG,842,6120,0,0,0,0,0
22762,ECG,843,6081,0,0,0,0,0
22767,ECG,844,6042,0,0,0,0,0
22767,ECG,845,6004,0,0,0,0,0
22767,ECG,846,5966,0,0,0,0,0
22772,ECG,847,5928,0,0,0,0,0
22772,ECG,848,5890,0,0,0,0,0
22777,ECG,849,5815,0,0,0,0,0
22777,ECG,850,5778,0,0,0,0,0
22782,ECG,851,5741,0,0,0,0,0
22782,ECG,852,5705,0,0,0,0,0
22787,ECG,853,5632,0,0,0,0,0
22787,ECG,854,5596,0,0,0,0,0
22792,ECG,855,5561,0,0,0,0,0
22792,ECG,856,5525,0,0,0,0,0
22792,ECG,857,5490,0,0,0,0,0
22797,ECG,858,5455,0,0,0,0,0
22797,ECG,859,5420,0,0,0,0,0
22802,ECG,860,5386,0,0,0,0,0
22802,ECG,861,5351,0,0,0,0,0
22802,ECG,862,5317,0,0,0,0,0
22807,ECG,863,5283,0,0,0,0,0
22807,ECG,864,5249,0,0,0,0,0
22812,ECG,865,5216,0,0,0,0,0
22812,ECG,866,5183,0,0,0,0,0
22812,ECG,867,5150,0,0,0,0,0
22817,ECG,868,5117,0,0,0,0,0
22817,ECG,869,5084,0,0,0,0,0
22822,ECG,870,5019,0,0,0,0,0
22822,ECG,871,4987,0,0,0,0,0
22827,ECG,872,4955,0,0,0,0,0
22827,ECG,873,4924,0,0,0,0,0
22828,ECG,874,4892,0,0,0,0,0
22832,ECG,875,4861,0,0,0,0,0
22832,ECG,876,4830,0,0,0,0,0
22837,ECG,877,4799,0,0,0,0,0
22837,ECG,878,4768,0,0,0,0,0
22842,ECG,879,4707,0,0,0,0,0
22842,ECG,880,4677,0,0,0,0,0
22847,ECG,881,4647,0,0,0,0,0
22847,ECG,882,4618,0,0,0,0,0
22847,ECG,883,4588,0,0,0,0,0
22852,ECG,884,4559,0,0,0,0,0
22852,ECG,885,4530,0,0,0,0,0
22857,ECG,886,4501,0,0,0,0,0
22857,ECG,887,4472,0,0,0,0,0
22857,ECG,888,4443,0,0,0,0,0
22862,ECG,889,4415,0,0,0,0,0
22862,ECG,890,4386,0,0,0,0,0
22867,ECG,891,4358,0,0,0,0,0
22867,ECG,892,4330,0,0,0,0,0
22867,ECG,893,4303,0,0,0,0,0
22872,ECG,894,4275,0,0,0,0,0
22872,ECG,895,4248,0,0,0,0,0
22877,ECG,896,4193,0,0,0,0,0
22877,ECG,897,4166,0,0,0,0,0
22882,ECG,898,4140,0,0,0,0,0
22882,ECG,899,4113,0,0,0,0,0
22887,ECG,900,4060,0,0,0,0,0
22887,ECG,901,4034,0,0,0,0,0
22892,ECG,902,4008,0,0,0,0,0
22892,ECG,903,3983,0,0,0,0,0
22892,ECG,904,3957,0,0,0,0,0
22897,ECG,905,3932,0,0,0,0,0
22897,ECG,906,3906,0,0,0,0,0
22902,ECG,907,3881,0,0,0,0,0
22902,ECG,908,3856,0,0,0,0,0
22902,ECG,909,3832,0,0,0,0,0
22907,ECG,910,3807,0,0,0,0,0
22907,ECG,911,3782,0,0,0,0,0
22912,ECG,912,3758,0,0,0,0,0
22912,ECG,913,3734,0,0,0,0,0
22912,ECG,914,3710,0,0,0,0,0
22917,ECG,915,3686,0,0,0,0,0
22917,ECG,916,3662,0,0,0,0,0
22922,ECG,917,3639,0,0,0,0,0
22922,ECG,918,3615,0,0,0,0,0
22922,ECG,919,3592,0,0,0,0,0
22927,ECG,920,3569,0,0,0,0,0
22927,ECG,921,3546,0,0,0,0,0
22932,ECG,922,3500,0,0,0,0,0
22932,ECG,923,3478,0,0,0,0,0
22937,ECG,924,3455,0,0,0,0,0
22937,ECG,925,3433,0,0,0,0,0
22942,ECG,926,3389,0,0,0,0,0
22942,ECG,927,3367,0,0,0,0,0
22947,ECG,928,3345,0,0,0,0,0
22947,ECG,929,3324,0,0,0,0,0
22947,ECG,930,3302,0,0,0,0,0
22952,ECG,931,3281,0,0,0,0,0
22952,ECG,932,3260,0,0,0,0,0
22957,ECG,933,3239,0,0,0,0,0
22957,ECG,934,3218,0,0,0,0,0
22957,ECG,935,3197,0,0,0,0,0
22962,ECG,936,3176,0,0,0,0,0
22962,ECG,937,3156,0,0,0,0,0
22967,ECG,938,3135,0,0,0,0,0
22967,ECG,939,3115,0,0,0,0,0
22967,ECG,940,3095,0,0,0,0,0
22972,ECG,941,3075,0,0,0,0,0
22972,ECG,942,3055,0,0,0,0,0
22977,ECG,943,3015,0,0,0,0,0
22977,ECG,944,2996,0,0,0,0,0
22982,ECG,945,2976,0,0,0,0,0
22982,ECG,946,2957,0,0,0,0,0
22987,ECG,947,2919,0,0,0,0,0
22987,ECG,948,2900,0,0,0,0,0
22992,ECG,949,2881,0,0,0,0,0
22992,ECG,950,2862,0,0,0,0,0
22992,ECG,951,2844,0,0,0,0,0
22997,ECG,952,2825,0,0,0,0,0
22997,ECG,953,2807,0,0,0,0,0
23002,ECG,954,2789,0,0,0,0,0
23002,ECG,955,2771,0,0,0,0,0
23002,ECG,956,2753,0,0,0,0,0
23007,ECG,957,2735,0,0,0,0,0
23007,ECG,958,2717,0,0,0,0,0
23012,ECG,959,2700,0,0,0,0,0
23012,ECG,960,2682,0,0,0,0,0
23012,ECG,961,2665,0,0,0,0,0
23017,ECG,962,2647,0,0,0,0,0
23017,ECG,963,2630,0,0,0,0,0
23022,ECG,964,2613,0,0,0,0,0
23022,ECG,965,2596,0,0,0,0,0
23022,ECG,966,2579,0,0,0,0,0
23027,ECG,967,2562,0,0,0,0,0
23027,ECG,968,2546,0,0,0,0,0
23032,ECG,969,2513,0,0,0,0,0
23032,ECG,970,2496,0,0,0,0,0
23037,ECG,971,2480,0,0,0,0,0
23037,ECG,972,2464,0,0,0,0,0
23042,ECG,973,2432,0,0,0,0,0
23042,ECG,974,2416,0,0,0,0,0
23047,ECG,975,2400,0,0,0,0,0
23047,ECG,976,2385,0,0,0,0,0
23047,ECG,977,2369,0,0,0,0,0
23052,ECG,978,2354,0,0,0,0,0
23052,ECG,979,2338,0,0,0,0,0
23057,ECG,980,2323,0,0,0,0,0
23057,ECG,981,2308,0,0,0,0,0
23057,ECG,982,2293,0,0,0,0,0
23062,ECG,983,2278,0,0,0,0,0
23062,ECG,984,2263,0,0,0,0,0
23067,ECG,985,2248,0,0,0,0,0
23067,ECG,986,2233,0,0,0,0,0
23067,ECG,987,2219,0,0,0,0,0
23072,ECG,988,2204,0,0,0,0,0
23072,ECG,989,2190,0,0,0,0,0
23077,ECG,990,2161,0,0,0,0,0
23077,ECG,991,2147,0,0,0,0,0
23082,ECG,992,2133,0,0,0,0,0
23082,ECG,993,2119,0,0,0,0,0
23083,ECG,994,2105,0,0,0,0,0
23087,ECG,995,2091,0,0,0,0,0
23087,ECG,996,2078,0,0,0,0,0
23092,ECG,997,2064,0,0,0,0,0
23092,ECG,998,2050,0,0,0,0,0
23092,ECG,999,2037,0,0,0,0,0
23097,ECG,1000,2023,0,0,0,0,0
23097,ECG,1001,2010,0,0,0,0,0
23102,ECG,1002,1997,0,0,0,0,0
23102,ECG,1003,1984,0,0,0,0,0
23102,ECG,1004,1971,0,0,0,0,0
23107,ECG,1005,1958,0,0,0,0,0
23107,ECG,1006,1945,0,0,0,0,0
23112,ECG,1007,1932,0,0,0,0,0
23112,ECG,1008,1919,0,0,0,0,0
23112,ECG,1009,1906,0,0,0,0,0
23117,ECG,1010,1894,0,0,0,0,0
23117,ECG,1011,1881,0,0,0,0,0
23122,ECG,1012,1869,0,0,0,0,0
23122,ECG,1013,1857,0,0,0,0,0
23122,ECG,1014,1844,0,0,0,0,0
23127,ECG,1015,1832,0,0,0,0,0
23127,ECG,1016,1820,0,0,0,0,0
23132,ECG,1017,1796,0,0,0,0,0
23132,ECG,1018,1784,0,0,0,0,0
23137,ECG,1019,1772,0,0,0,0,0
23137,ECG,1020,1761,0,0,0,0,0
23142,ECG,1021,1737,0,0,0,0,0
23142,ECG,1022,1726,0,0,0,0,0
23147,ECG,1023,1714,0,0,0,0,0
19019,PPG,0,129884,59979,0,0,0,0
19098,PPG,1,129877,59978,0,0,0,0
19177,PPG,2,129873,59972,0,0,0,0
19256,PPG,3,129885,59968,0,0,0,0
19336,PPG,4,129878,59971,0,0,0,0
19419,PPG,5,129889,59975,0,0,0,0
19497,PPG,6,129879,59976,0,0,0,0
19574,PPG,7,129883,59973,0,0,0,0
19653,PPG,8,129887,59977,0,0,0,0
19732,PPG,9,129879,59966,0,0,0,0
19811,PPG,10,129875,59970,0,0,0,0
19890,PPG,11,129887,59985,0,0,0,0
19980,PPG,12,129871,59976,0,0,0,0
20050,PPG,13,129875,59977,0,0,0,0
20129,PPG,14,129872,59986,0,0,0,0
20213,PPG,15,129891,59980,0,0,0,0
20288,PPG,16,129885,59985,0,0,0,0
20367,PPG,17,129872,59979,0,0,0,0
20450,PPG,18,129885,59989,0,0,0,0
20529,PPG,19,129880,59988,0,0,0,0
20606,PPG,20,129895,59983,0,0,0,0
20685,PPG,21,129879,59975,0,0,0,0
20765,PPG,22,129881,59985,0,0,0,0
20844,PPG,23,129870,59970,0,0,0,0
20924,PPG,24,129874,59971,0,0,0,0
21007,PPG,25,129890,59979,0,0,0,0
21088,PPG,26,129876,59974,0,0,0,0
21163,PPG,27,129883,59983,0,0,0,0
21242,PPG,28,129888,59985,0,0,0,0
21321,PPG,29,129881,59976,0,0,0,0
21401,PPG,30,129880,59974,0,0,0,0
21484,PPG,31,129885,59978,0,0,0,0
21563,PPG,32,129872,59983,0,0,0,0
21640,PPG,33,129874,59975,0,0,0,0
21719,PPG,34,129881,59981,0,0,0,0
21799,PPG,35,129884,59977,0,0,0,0
21878,PPG,36,129881,59978,0,0,0,0
21964,PPG,37,129874,59984,0,0,0,0
22041,PPG,38,129878,59984,0,0,0,0
22118,PPG,39,129878,59968,0,0,0,0
22196,PPG,40,129889,59976,0,0,0,0
22276,PPG,41,129885,59972,0,0,0,0
22355,PPG,42,129890,59984,0,0,0,0
22435,PPG,43,129869,59976,0,0,0,0
22518,PPG,44,129887,59983,0,0,0,0
22608,PPG,45,129887,59979,0,0,0,0
22673,PPG,46,129881,59971,0,0,0,0
22752,PPG,47,129874,59994,0,0,0,0
22835,PPG,48,129892,59981,0,0,0,0
22910,PPG,49,129878,59980,0,0,0,0
22997,PPG,50,129889,59972,0,0,0,0
23075,PPG,51,129893,59982,0,0,0,0
23151,PPG,52,129887,59979,0,0,0,0
23229,PPG,53,129889,59977,0,0,0,0
23308,PPG,54,129879,59975,0,0,0,0
23388,PPG,55,129868,59965,0,0,0,0
23468,PPG,56,129876,59979,0,0,0,0
23551,PPG,57,129880,59974,0,0,0,0
23629,PPG,58,129880,59982,0,0,0,0
23709,PPG,59,129874,59980,0,0,0,0
23784,PPG,60,129885,59978,0,0,0,0
23863,PPG,61,129879,59981,0,0,0,0
23943,PPG,62,129873,59984,0,0,0,0
24023,PPG,63,129883,59973,0,0,0,0
24106,PPG,64,129886,59977,0,0,0,0
24184,PPG,65,129889,59980,0,0,0,0
24261,PPG,66,129891,59977,0,0,0,0
24341,PPG,67,129880,59975,0,0,0,0
24420,PPG,68,129872,59978,0,0,0,0
24500,PPG,69,129876,59986,0,0,0,0
24586,PPG,70,129891,59969,0,0,0,0
24662,PPG,71,129882,59968,0,0,0,0
24739,PPG,72,129885,59981,0,0,0,0
24817,PPG,73,129890,59979,0,0,0,0
24896,PPG,74,129885,59972,0,0,0,0
24975,PPG,75,129888,59988,0,0,0,0
25055,PPG,76,129883,59972,0,0,0,0
25138,PPG,77,129878,59978,0,0,0,0
25222,PPG,78,129882,59978,0,0,0,0
25292,PPG,79,129891,59977,0,0,0,0
25371,PPG,80,129867,59981,0,0,0,0
25455,PPG,81,129885,59986,0,0,0,0
25531,PPG,82,129869,59973,0,0,0,0
25610,PPG,83,129878,59983,0,0,0,0
25693,PPG,84,129882,59984,0,0,0,0
25771,PPG,85,129878,59984,0,0,0,0
25849,PPG,86,129882,59989,0,0,0,0
25928,PPG,87,129872,59973,0,0,0,0
26008,PPG,88,129879,59983,0,0,0,0
26087,PPG,89,129880,59977,0,0,0,0
26167,PPG,90,129884,59976,0,0,0,0
26250,PPG,91,129884,59977,0,0,0,0
26331,PPG,92,129873,59985,0,0,0,0
26405,PPG,93,129871,59979,0,0,0,0
26485,PPG,94,129882,59976,0,0,0,0
26564,PPG,95,129888,59977,0,0,0,0
26644,PPG,96,129881,59966,0,0,0,0
26727,PPG,97,129880,59977,0,0,0,0
26804,PPG,98,129883,59978,0,0,0,0
26881,PPG,99,129883,59985,0,0,0,0
22976,IMU,208,1112,-268,8460,-113,65,36
22997,IMU,209,1076,-444,8428,-85,67,37
23014,IMU,210,1080,-444,8432,-101,64,47
23034,IMU,211,1040,-512,8472,-108,76,44
23054,IMU,212,1056,-372,8428,-100,62,53
23071,IMU,213,1072,-408,8412,-104,58,46
23091,IMU,214,1020,-440,8444,-106,52,27
23110,IMU,215,1084,-388,8416,-87,58,36
23129,IMU,216,1048,-384,8376,-98,53,44
23148,IMU,217,1120,-484,8424,-103,51,45
23167,IMU,218,1036,-468,8388,-96,59,49
23187,IMU,219,1092,-400,8384,-92,62,34
23205,IMU,220,1144,-432,8380,-111,68,43
23225,IMU,221,1148,-368,8480,-92,41,34
23244,IMU,222,1164,-352,8436,-90,57,46
23264,IMU,223,1096,-360,8436,-105,74,61
23284,IMU,224,1024,-332,8404,-90,55,43
23303,IMU,225,996,-376,8356,-107,65,55
23320,IMU,226,1112,-460,8360,-101,53,47
23339,IMU,227,1088,-376,8452,-92,63,47
23358,IMU,228,1140,-364,8360,-105,65,43
23377,IMU,229,1152,-392,8416,-95,71,34
23396,IMU,230,980,-468,8464,-88,55,25
23416,IMU,231,992,-396,8404,-83,56,45
23435,IMU,232,1144,-420,8396,-85,55,32
23454,IMU,233,1052,-468,8380,-101,72,41
23477,IMU,234,1064,-360,8412,-99,47,39
23493,IMU,235,1072,-412,8420,-95,53,27
23511,IMU,236,1160,-412,8332,-95,64,46
23530,IMU,237,1168,-380,8328,-91,54,49
23551,IMU,238,1056,-556,8420,-90,55,47
23569,IMU,239,1120,-352,8416,-82,50,43
23588,IMU,240,1152,-448,8380,-106,60,32
23607,IMU,241,1180,-412,8460,-97,67,52
23626,IMU,242,1024,-448,8496,-100,59,43
23645,IMU,243,1004,-376,8424,-109,63,45
23665,IMU,244,1096,-352,8392,-101,58,40
23684,IMU,245,1164,-348,8396,-94,45,50
23705,IMU,246,1180,-472,8420,-83,42,46
23722,IMU,247,1156,-424,8432,-96,60,36
23741,IMU,248,1188,-424,8424,-113,48,40
23760,IMU,249,1000,-416,8476,-93,75,50
23780,IMU,250,1012,-376,8412,-81,56,37
23799,IMU,251,1072,-376,8388,-85,56,34
23818,IMU,252,1112,-396,8512,-93,47,56
23837,IMU,253,1064,-404,8384,-107,50,53
23856,IMU,254,1116,-400,8416,-87,58,31
23875,IMU,255,1056,-372,8396,-104,79,38
23894,IMU,256,1120,-444,8432,-114,71,35
23916,IMU,257,1164,-516,8372,-99,54,35
23933,IMU,258,1124,-408,8396,-93,55,47
23952,IMU,259,1016,-380,8480,-100,78,56
23971,IMU,260,1084,-396,8456,-96,73,24
23990,IMU,261,1076,-472,8436,-79,45,48
24009,IMU,262,1064,-468,8432,-104,56,32
24029,IMU,263,1140,-420,8412,-104,56,35
24048,IMU,264,1076,-492,8364,-90,57,30
24067,IMU,265,1080,-372,8428,-106,56,47
24086,IMU,266,1092,-448,8356,-115,66,42
24106,IMU,267,1048,-396,8340,-95,72,39
24125,IMU,268,1084,-388,8452,-108,56,30
24145,IMU,269,1056,-440,8344,-93,61,26
24163,IMU,270,1088,-392,8404,-85,50,30
24182,IMU,271,1108,-448,8420,-103,70,44
24201,IMU,272,1052,-440,8500,-80,58,51
24220,IMU,273,1140,-480,8376,-70,50,37
24239,IMU,274,1124,-344,8308,-89,62,49
24259,IMU,275,1080,-448,8400,-105,66,21
24278,IMU,276,1128,-400,8356,-110,64,33
24297,IMU,277,1156,-388,8416,-92,49,40
24316,IMU,278,1136,-468,8364,-81,67,28
24335,IMU,279,1024,-416,8388,-101,62,38
24356,IMU,280,1084,-376,8448,-94,61,46
24373,IMU,281,1048,-384,8512,-108,56,29
24393,IMU,282,1120,-524,8396,-83,63,46
24412,IMU,283,1000,-404,8488,-93,60,23
24431,IMU,284,1020,-432,8396,-91,60,50
24450,IMU,285,1080,-428,8436,-95,52,41
24469,IMU,286,1116,-408,8340,-87,56,45
24488,IMU,287,1028,-424,8408,-100,62,45
24507,IMU,288,1088,-468,8468,-93,54,41
24526,IMU,289,1100,-480,8408,-93,55,55
24545,IMU,290,1096,-500,8348,-89,65,41
24568,IMU,291,1032,-408,8440,-82,66,36
24586,IMU,292,1184,-432,8476,-98,61,44
24603,IMU,293,1080,-404,8432,-95,61,40
24622,IMU,294,1028,-488,8388,-89,55,43
24641,IMU,295,1104,-328,8404,-92,48,28
24662,IMU,296,1064,-528,8452,-94,52,26
24679,IMU,297,1100,-364,8388,-93,63,52
24698,IMU,298,1176,-468,8496,-88,71,47
24717,IMU,299,1036,-452,8464,-99,65,42
24736,IMU,300,1072,-428,8356,-90,60,41
24755,IMU,301,1176,-368,8460,-101,54,35
24774,IMU,302,1124,-424,8492,-87,75,39
24795,IMU,303,1068,-332,8372,-93,43,36
24813,IMU,304,1100,-328,8500,-82,65,29
24832,IMU,305,1196,-444,8272,-87,54,51
24851,IMU,306,1040,-372,8460,-103,69,52
24870,IMU,307,1144,-496,8388,-104,48,38
24889,IMU,308,1048,-408,8372,-89,49,29
24908,IMU,309,1120,-392,8376,-101,49,51
24927,IMU,310,1136,-288,8336,-96,75,47
24947,IMU,311,1036,-380,8436,-101,55,45
24966,IMU,312,992,-380,8392,-88,61,41
24985,IMU,313,1132,-372,8432,-96,73,29
25007,IMU,314,1052,-412,8512,-83,50,40
25025,IMU,315,1148,-364,8444,-102,51,52
25042,IMU,316,1096,-408,8408,-84,65,28
25061,IMU,317,1044,-388,8484,-99,61,47
25080,IMU,318,1080,-344,8348,-104,58,46
25099,IMU,319,1156,-360,8448,-93,66,33
25118,IMU,320,1152,-412,8416,-93,65,30
25137,IMU,321,1064,-472,8364,-96,68,51
25157,IMU,322,1132,-388,8492,-99,52,37
25176,IMU,323,1204,-372,8472,-106,50,32
25195,IMU,324,1116,-344,8440,-90,54,34
25213,IMU,325,1120,-420,8428,-107,50,38
25235,IMU,326,1040,-400,8356,-113,64,53
25252,IMU,327,1124,-452,8416,-92,52,35
25271,IMU,328,988,-416,8372,-120,61,35
25290,IMU,329,1144,-480,8348,-99,54,51
25309,IMU,330,1012,-488,8440,-105,67,35
25328,IMU,331,1156,-300,8480,-90,53,25
25348,IMU,332,1148,-444,8476,-100,60,38
25366,IMU,333,1040,-484,8496,-92,56,33
25385,IMU,334,1120,-376,8416,-99,63,40
25405,IMU,335,1092,-420,8456,-99,46,60
25424,IMU,336,1176,-340,8356,-106,54,35
25446,IMU,337,1180,-420,8368,-105,61,47
25462,IMU,338,1100,-444,8340,-91,73,36
25481,IMU,339,1188,-448,8384,-90,58,41
25500,IMU,340,1028,-380,8416,-106,61,44
25520,IMU,341,1132,-400,8344,-81,54,51
25539,IMU,342,1144,-352,8408,-92,56,38
25558,IMU,343,1124,-416,8428,-84,60,43
25577,IMU,344,1128,-412,8492,-92,56,38
25596,IMU,345,1152,-400,8428,-93,69,31
25615,IMU,346,1056,-364,8456,-97,65,29
25635,IMU,347,1136,-372,8420,-108,63,33
25655,IMU,348,1092,-396,8408,-76,65,38
25674,IMU,349,1168,-360,8388,-93,58,43
25693,IMU,350,1152,-380,8392,-105,64,30
25711,IMU,351,1132,-508,8372,-93,54,37
25730,IMU,352,1052,-408,8360,-101,52,48
25749,IMU,353,1108,-368,8400,-90,63,41
25769,IMU,354,1116,-328,8348,-79,59,16
25788,IMU,355,1056,-444,8468,-102,50,56
25807,IMU,356,968,-376,8376,-88,59,38
25826,IMU,357,1108,-356,8496,-100,51,25
25845,IMU,358,1088,-280,8452,-101,55,51
25864,IMU,359,1092,-416,8372,-107,76,41
25885,IMU,360,1072,-444,8400,-84,48,43
25903,IMU,361,1124,-432,8388,-93,53,39
25922,IMU,362,1056,-368,8516,-100,47,24
25941,IMU,363,1140,-396,8424,-95,52,27
25960,IMU,364,1020,-356,8400,-102,53,34
25979,IMU,365,1144,-480,8448,-107,50,42
25999,IMU,366,1136,-348,8288,-106,59,42
26018,IMU,367,1064,-372,8448,-96,65,46
26037,IMU,368,1024,-368,8464,-96,66,53
26056,IMU,369,1028,-360,8384,-67,72,28
26075,IMU,370,1124,-456,8364,-93,63,36
26098,IMU,371,1028,-340,8436,-91,60,35
26114,IMU,372,1060,-372,8396,-112,66,52
26133,IMU,373,1056,-420,8428,-92,54,31
26152,IMU,374,1076,-476,8368,-102,62,33
26171,IMU,375,1116,-416,8412,-97,46,37
26190,IMU,376,1132,-312,8440,-94,58,49
26209,IMU,377,1052,-312,8408,-109,56,50
26228,IMU,378,1176,-352,8460,-89,62,41
26248,IMU,379,1132,-484,8432,-107,79,41
26267,IMU,380,972,-400,8476,-76,62,44
26286,IMU,381,1144,-484,8372,-96,61,28
26305,IMU,382,1164,-432,8368,-95,45,52
26326,IMU,383,1096,-400,8380,-105,63,41
26343,IMU,384,1128,-428,8368,-96,54,42
26363,IMU,385,1180,-416,8476,-101,71,43
26382,IMU,386,1064,-416,8472,-79,69,31
26401,IMU,387,1060,-408,8360,-90,53,35
26420,IMU,388,1068,-328,8384,-71,61,34
26439,IMU,389,1136,-372,8408,-112,48,34
26459,IMU,390,1096,-396,8428,-95,45,28
26478,IMU,391,1128,-360,8368,-90,63,30
26497,IMU,392,1088,-508,8408,-85,48,37
26516,IMU,393,1220,-392,8428,-94,73,41
26538,IMU,394,1012,-352,8420,-79,57,39
26554,IMU,395,1112,-516,8476,-114,72,42
26573,IMU,396,1104,-384,8388,-94,55,37
26592,IMU,397,1092,-428,8460,-104,51,39
26611,IMU,398,1028,-376,8488,-95,51,47
26630,IMU,399,1196,-428,8392,-110,66,43
26649,IMU,400,1088,-368,8376,-88,77,28
26669,IMU,401,1152,-400,8412,-92,48,36
26688,IMU,402,1128,-420,8392,-103,50,34
26707,IMU,403,1128,-380,8380,-92,55,48
26727,IMU,404,1068,-452,8392,-90,58,44
26745,IMU,405,1080,-396,8384,-99,59,30
26765,IMU,406,1108,-416,8424,-96,60,48
26783,IMU,407,1112,-432,8452,-105,65,32
26802,IMU,408,1152,-432,8376,-101,59,43
26821,IMU,409,1024,-344,8360,-101,65,46
26840,IMU,410,1128,-480,8488,-109,47,37
26859,IMU,411,1100,-420,8344,-101,67,33
26879,IMU,412,1116,-480,8448,-104,68,23
26897,IMU,413,1108,-272,8420,-87,51,53
26917,IMU,414,1128,-380,8336,-109,54,35
26935,IMU,415,1100,-304,8432,-111,67,34
23147,ECG,1024,1703,0,0,0,0,0
23147,ECG,1025,1692,0,0,0,0,0
23152,ECG,1026,1681,0,0,0,0,0
23152,ECG,1027,1669,0,0,0,0,0
23157,ECG,1028,1658,0,0,0,0,0
23157,ECG,1029,1647,0,0,0,0,0
23157,ECG,1030,1636,0,0,0,0,0
23162,ECG,1031,1625,0,0,0,0,0
23162,ECG,1032,1615,0,0,0,0,0
23167,ECG,1033,1604,0,0,0,0,0
23167,ECG,1034,1593,0,0,0,0,0
23167,ECG,1035,1583,0,0,0,0,0
23172,ECG,1036,1572,0,0,0,0,0
23172,ECG,1037,1562,0,0,0,0,0
23177,ECG,1038,1541,0,0,0,0,0
23177,ECG,1039,1531,0,0,0,0,0
23182,ECG,1040,1520,0,0,0,0,0
23182,ECG,1041,1510,0,0,0,0,0
23183,ECG,1042,1500,0,0,0,0,0
23187,ECG,1043,1490,0,0,0,0,0
23187,ECG,1044,1480,0,0,0,0,0
23192,ECG,1045,1470,0,0,0,0,0
23192,ECG,1046,1460,0,0,0,0,0
23192,ECG,1047,1451,0,0,0,0,0
23197,ECG,1048,1441,0,0,0,0,0
23197,ECG,1049,1431,0,0,0,0,0
23202,ECG,1050,1422,0,0,0,0,0
23202,ECG,1051,1412,0,0,0,0,0
23202,ECG,1052,1403,0,0,0,0,0
23207,ECG,1053,1393,0,0,0,0,0
23207,ECG,1054,1384,0,0,0,0,0
23212,ECG,1055,1375,0,0,0,0,0
23212,ECG,1056,1365,0,0,0,0,0
23212,ECG,1057,1356,0,0,0,0,0
23217,ECG,1058,1347,0,0,0,0,0
23217,ECG,1059,1338,0,0,0,0,0
23222,ECG,1060,1329,0,0,0,0,0
23222,ECG,1061,1320,0,0,0,0,0
23222,ECG,1062,1311,0,0,0,0,0
23227,ECG,1063,1302,0,0,0,0,0
23227,ECG,1064,1294,0,0,0,0,0
23232,ECG,1065,1276,0,0,0,0,0
23232,ECG,1066,1268,0,0,0,0,0
23237,ECG,1067,1259,0,0,0,0,0
23237,ECG,1068,1251,0,0,0,0,0
23242,ECG,1069,1234,0,0,0,0,0
23242,ECG,1070,1225,0,0,0,0,0
23247,ECG,1071,1217,0,0,0,0,0
23247,ECG,1072,1209,0,0,0,0,0
23247,ECG,1073,1201,0,0,0,0,0
23252,ECG,1074,1192,0,0,0,0,0
23252,ECG,1075,1184,0,0,0,0,0
23257,ECG,1076,1176,0,0,0,0,0
23257,ECG,1077,1168,0,0,0,0,0
23257,ECG,1078,1160,0,0,0,0,0
23262,ECG,1079,1152,0,0,0,0,0
23262,ECG,1080,1145,0,0,0,0,0
23267,ECG,1081,1137,0,0,0,0,0
23267,ECG,1082,1129,0,0,0,0,0
23267,ECG,1083,1121,0,0,0,0,0
24274,ECG,1084,0,0,0,0,0,0
24274,ECG,1085,-1,0,0,0,0,0
24274,ECG,1086,-6,0,0,0,0,0
24279,ECG,1087,2,0,0,0,0,0
24279,ECG,1088,6,0,0,0,0,0
24284,ECG,1089,38,0,0,0,0,0
24284,ECG,1090,-16,0,0,0,0,0
24289,ECG,1091,-26,0,0,0,0,0
24289,ECG,1092,151,0,0,0,0,0
24290,ECG,1093,-753,0,0,0,0,0
24294,ECG,1094,-2109,0,0,0,0,0
24294,ECG,1095,-1850,0,0,0,0,0
24299,ECG,1096,-36,0,0,0,0,0
24299,ECG,1097,3394,0,0,0,0,0
24304,ECG,1098,15156,0,0,0,0,0
24304,ECG,1099,21689,0,0,0,0,0
24309,ECG,1100,27397,0,0,0,0,0
24309,ECG,1101,31311,0,0,0,0,0
24309,ECG,1102,32011,0,0,0,0,0
24314,ECG,1103,31810,0,0,0,0,0
24314,ECG,1104,31610,0,0,0,0,0
24319,ECG,1105,31343,0,0,0,0,0
24319,ECG,1106,31109,0,0,0,0,0
24319,ECG,1107,31019,0,0,0,0,0
24324,ECG,1108,30731,0,0,0,0,0
24324,ECG,1109,30591,0,0,0,0,0
24329,ECG,1110,30395,0,0,0,0,0
24329,ECG,1111,30195,0,0,0,0,0
24329,ECG,1112,30019,0,0,0,0,0
24334,ECG,1113,29827,0,0,0,0,0
24334,ECG,1114,29638,0,0,0,0,0
24339,ECG,1115,29266,0,0,0,0,0
24339,ECG,1116,29082,0,0,0,0,0
24344,ECG,1117,28900,0,0,0,0,0
24344,ECG,1118,28718,0,0,0,0,0
24349,ECG,1119,28358,0,0,0,0,0
24349,ECG,1120,28180,0,0,0,0,0
24354,ECG,1121,28002,0,0,0,0,0
24354,ECG,1122,27826,0,0,0,0,0
24354,ECG,1123,27651,0,0,0,0,0
24359,ECG,1124,27478,0,0,0,0,0
24359,ECG,1125,27305,0,0,0,0,0
24364,ECG,1126,27133,0,0,0,0,0
24364,ECG,1127,26963,0,0,0,0,0
24364,ECG,1128,26793,0,0,0,0,0
24369,ECG,1129,26625,0,0,0,0,0
24369,ECG,1130,26457,0,0,0,0,0
24374,ECG,1131,26291,0,0,0,0,0
24374,ECG,1132,26126,0,0,0,0,0
24374,ECG,1133,25961,0,0,0,0,0
24379,ECG,1134,25798,0,0,0,0,0
24379,ECG,1135,25636,0,0,0,0,0
24384,ECG,1136,25314,0,0,0,0,0
24384,ECG,1137,25155,0,0,0,0,0
24389,ECG,1138,24997,0,0,0,0,0
24389,ECG,1139,24840,0,0,0,0,0
24394,ECG,1140,24528,0,0,0,0,0
24394,ECG,1141,24374,0,0,0,0,0
24399,ECG,1142,24221,0,0,0,0,0
24399,ECG,1143,24068,0,0,0,0,0
24404,ECG,1144,23766,0,0,0,0,0
24404,ECG,1145,23617,0,0,0,0,0
24409,ECG,1146,23468,0,0,0,0,0
24409,ECG,1147,23321,0,0,0,0,0
24409,ECG,1148,23174,0,0,0,0,0
24414,ECG,1149,23028,0,0,0,0,0
24414,ECG,1150,22883,0,0,0,0,0
24419,ECG,1151,22739,0,0,0,0,0
24419,ECG,1152,22596,0,0,0,0,0
24419,ECG,1153,22454,0,0,0,0,0
24424,ECG,1154,22313,0,0,0,0,0
24424,ECG,1155,22172,0,0,0,0,0
24429,ECG,1156,22033,0,0,0,0,0
24429,ECG,1157,21894,0,0,0,0,0
24429,ECG,1158,21756,0,0,0,0,0
24434,ECG,1159,21619,0,0,0,0,0
24434,ECG,1160,21483,0,0,0,0,0
24439,ECG,1161,21214,0,0,0,0,0
24439,ECG,1162,21080,0,0,0,0,0
24444,ECG,1163,20948,0,0,0,0,0
24444,ECG,1164,20816,0,0,0,0,0
24449,ECG,1165,20555,0,0,0,0,0
24449,ECG,1166,20425,0,0,0,0,0
24454,ECG,1167,20297,0,0,0,0,0
24454,ECG,1168,20169,0,0,0,0,0
24454,ECG,1169,20042,0,0,0,0,0
24459,ECG,1170,19916,0,0,0,0,0
24459,ECG,1171,19790,0,0,0,0,0
24464,ECG,1172,19666,0,0,0,0,0
24464,ECG,1173,19542,0,0,0,0,0
24464,ECG,1174,19419,0,0,0,0,0
24469,ECG,1175,19297,0,0,0,0,0
24469,ECG,1176,19175,0,0,0,0,0
24474,ECG,1177,19055,0,0,0,0,0
24474,ECG,1178,18935,0,0,0,0,0
24474,ECG,1179,18815,0,0,0,0,0
24479,ECG,1180,18697,0,0,0,0,0
24479,ECG,1181,18579,0,0,0,0,0
24484,ECG,1182,18346,0,0,0,0,0
24484,ECG,1183,18230,0,0,0,0,0
24489,ECG,1184,18116,0,0,0,0,0
24489,ECG,1185,18002,0,0,0,0,0
24490,ECG,1186,17888,0,0,0,0,0
24494,ECG,1187,17775,0,0,0,0,0
24494,ECG,1188,17663,0,0,0,0,0
24499,ECG,1189,17552,0,0,0,0,0
24499,ECG,1190,17442,0,0,0,0,0
24504,ECG,1191,17222,0,0,0,0,0
24504,ECG,1192,17114,0,0,0,0,0
24509,ECG,1193,17006,0,0,0,0,0
24509,ECG,1194,16899,0,0,0,0,0
24509,ECG,1195,16792,0,0,0,0,0
24514,ECG,1196,16687,0,0,0,0,0
24514,ECG,1197,16581,0,0,0,0,0
24519,ECG,1198,16477,0,0,0,0,0
24519,ECG,1199,16373,0,0,0,0,0
24519,ECG,1200,16270,0,0,0,0,0
24524,ECG,1201,16167,0,0,0,0,0
24524,ECG,1202,16065,0,0,0,0,0
24529,ECG,1203,15964,0,0,0,0,0
24529,ECG,1204,15864,0,0,0,0,0
24529,ECG,1205,15764,0,0,0,0,0
24534,ECG,1206,15664,0,0,0,0,0
24534,ECG,1207,15566,0,0,0,0,0
24539,ECG,1208,15370,0,0,0,0,0
24539,ECG,1209,15273,0,0,0,0,0
24544,ECG,1210,15177,0,0,0,0,0
24544,ECG,1211,15081,0,0,0,0,0
24549,ECG,1212,14891,0,0,0,0,0
24549,ECG,1213,14797,0,0,0,0,0
24554,ECG,1214,14704,0,0,0,0,0
24554,ECG,1215,14611,0,0,0,0,0
24554,ECG,1216,14519,0,0,0,0,0
24559,ECG,1217,14428,0,0,0,0,0
24559,ECG,1218,14337,0,0,0,0,0
24564,ECG,1219,14246,0,0,0,0,0
24564,ECG,1220,14156,0,0,0,0,0
24564,ECG,1221,14067,0,0,0,0,0
24569,ECG,1222,13978,0,0,0,0,0
24569,ECG,1223,13890,0,0,0,0,0
24574,ECG,1224,13802,0,0,0,0,0
24574,ECG,1225,13715,0,0,0,0,0
24574,ECG,1226,13629,0,0,0,0,0
24579,ECG,1227,13543,0,0,0,0,0
24579,ECG,1228,13457,0,0,0,0,0
24584,ECG,1229,13288,0,0,0,0,0
24584,ECG,1230,13204,0,0,0,0,0
24589,ECG,1231,13121,0,0,0,0,0
24589,ECG,1232,13038,0,0,0,0,0
24590,ECG,1233,12956,0,0,0,0,0
24594,ECG,1234,12874,0,0,0,0,0
24594,ECG,1235,12793,0,0,0,0,0
24599,ECG,1236,12712,0,0,0,0,0
24599,ECG,1237,12632,0,0,0,0,0
24604,ECG,1238,12473,0,0,0,0,0
24604,ECG,1239,12394,0,0,0,0,0
24609,ECG,1240,12316,0,0,0,0,0
24609,ECG,1241,12238,0,0,0,0,0
24609,ECG,1242,12161,0,0,0,0,0
24614,ECG,1243,12084,0,0,0,0,0
24614,ECG,1244,12008,0,0,0,0,0
24619,ECG,1245,11932,0,0,0,0,0
24619,ECG,1246,11857,0,0,0,0,0
24619,ECG,1247,11782,0,0,0,0,0
24624,ECG,1248,11707,0,0,0,0,0
24624,ECG,1249,11633,0,0,0,0,0
24629,ECG,1250,11560,0,0,0,0,0
24629,ECG,1251,11487,0,0,0,0,0
24629,ECG,1252,11414,0,0,0,0,0
24634,ECG,1253,11342,0,0,0,0,0
24634,ECG,1254,11271,0,0,0,0,0
24639,ECG,1255,11129,0,0,0,0,0
24639,ECG,1256,11058,0,0,0,0,0
24644,ECG,1257,10988,0,0,0,0,0
24644,ECG,1258,10919,0,0,0,0,0
24645,ECG,1259,10850,0,0,0,0,0
24649,ECG,1260,10781,0,0,0,0,0
24649,ECG,1261,10713,0,0,0,0,0
24654,ECG,1262,10645,0,0,0,0,0
24654,ECG,1263,10578,0,0,0,0,0
24654,ECG,1264,10511,0,0,0,0,0
24659,ECG,1265,10445,0,0,0,0,0
24659,ECG,1266,10379,0,0,0,0,0
24664,ECG,1267,10313,0,0,0,0,0
24664,ECG,1268,10248,0,0,0,0,0
24664,ECG,1269,10183,0,0,0,0,0
24669,ECG,1270,10118,0,0,0,0,0
24669,ECG,1271,10054,0,0,0,0,0
24674,ECG,1272,9991,0,0,0,0,0
24674,ECG,1273,9928,0,0,0,0,0
24674,ECG,1274,9865,0,0,0,0,0
24679,ECG,1275,9802,0,0,0,0,0
24679,ECG,1276,9740,0,0,0,0,0
24684,ECG,1277,9679,0,0,0,0,0
24684,ECG,1278,9617,0,0,0,0,0
24684,ECG,1279,9557,0,0,0,0,0
24689,ECG,1280,9496,0,0,0,0,0
24689,ECG,1281,9436,0,0,0,0,0
24694,ECG,1282,9317,0,0,0,0,0
24694,ECG,1283,9258,0,0,0,0,0
24699,ECG,1284,9200,0,0,0,0,0
24699,ECG,1285,9141,0,0,0,0,0
24704,ECG,1286,9026,0,0,0,0,0
24704,ECG,1287,8969,0,0,0,0,0
24709,ECG,1288,8912,0,0,0,0,0
24709,ECG,1289,8855,0,0,0,0,0
24709,ECG,1290,8799,0,0,0,0,0
24714,ECG,1291,8744,0,0,0,0,0
24714,ECG,1292,8688,0,0,0,0,0
24719,ECG,1293,8633,0,0,0,0,0
24719,ECG,1294,8578,0,0,0,0,0
24719,ECG,1295,8524,0,0,0,0,0
24724,ECG,1296,8470,0,0,0,0,0
24724,ECG,1297,8416,0,0,0,0,0
24729,ECG,1298,8363,0,0,0,0,0
24729,ECG,1299,8310,0,0,0,0,0
24729,ECG,1300,8257,0,0,0,0,0
24734,ECG,1301,8205,0,0,0,0,0
24734,ECG,1302,8153,0,0,0,0,0
24739,ECG,1303,8050,0,0,0,0,0
24739,ECG,1304,7999,0,0,0,0,0
24744,ECG,1305,7948,0,0,0,0,0
24744,ECG,1306,7898,0,0,0,0,0
24745,ECG,1307,7848,0,0,0,0,0
24749,ECG,1308,7798,0,0,0,0,0
24749,ECG,1309,7749,0,0,0,0,0
24754,ECG,1310,7699,0,0,0,0,0
24754,ECG,1311,7651,0,0,0,0,0
24759,ECG,1312,7554,0,0,0,0,0
24759,ECG,1313,7506,0,0,0,0,0
24764,ECG,1314,7458,0,0,0,0,0
24764,ECG,1315,7411,0,0,0,0,0
24764,ECG,1316,7364,0,0,0,0,0
24769,ECG,1317,7317,0,0,0,0,0
24769,ECG,1318,7271,0,0,0,0,0
24774,ECG,1319,7224,0,0,0,0,0
24774,ECG,1320,7178,0,0,0,0,0
24774,ECG,1321,7133,0,0,0,0,0
24779,ECG,1322,7088,0,0,0,0,0
24779,ECG,1323,7043,0,0,0,0,0
24784,ECG,1324,6998,0,0,0,0,0
24784,ECG,1325,6953,0,0,0,0,0
24784,ECG,1326,6909,0,0,0,0,0
24789,ECG,1327,6865,0,0,0,0,0
24789,ECG,1328,6821,0,0,0,0,0
24794,ECG,1329,6735,0,0,0,0,0
24794,ECG,1330,6692,0,0,0,0,0
24799,ECG,1331,6650,0,0,0,0,0
24799,ECG,1332,6608,0,0,0,0,0
24804,ECG,1333,6524,0,0,0,0,0
24804,ECG,1334,6482,0,0,0,0,0
24809,ECG,1335,6441,0,0,0,0,0
24809,ECG,1336,6400,0,0,0,0,0
24809,ECG,1337,6359,0,0,0,0,0
24814,ECG,1338,6319,0,0,0,0,0
24814,ECG,1339,6279,0,0,0,0,0
24819,ECG,1340,6239,0,0,0,0,0
24819,ECG,1341,6199,0,0,0,0,0
24819,ECG,1342,6159,0,0,0,0,0
24824,ECG,1343,6120,0,0,0,0,0
24824,ECG,1344,6081,0,0,0,0,0
24829,ECG,1345,6042,0,0,0,0,0
24829,ECG,1346,6004,0,0,0,0,0
24829,ECG,1347,5966,0,0,0,0,0
24834,ECG,1348,5928,0,0,0,0,0
24834,ECG,1349,5890,0,0,0,0,0
24839,ECG,1350,5815,0,0,0,0,0
24839,ECG,1351,5778,0,0,0,0,0
24844,ECG,1352,5741,0,0,0,0,0
24844,ECG,1353,5705,0,0,0,0,0
24849,ECG,1354,5632,0,0,0,0,0
24849,ECG,1355,5596,0,0,0,0,0
24854,ECG,1356,5561,0,0,0,0,0
24854,ECG,1357,5525,0,0,0,0,0
24859,ECG,1358,5455,0,0,0,0,0
24859,ECG,1359,5420,0,0,0,0,0
24864,ECG,1360,5386,0,0,0,0,0
24864,ECG,1361,5351,0,0,0,0,0
24864,ECG,1362,5317,0,0,0,0,0
24869,ECG,1363,5283,0,0,0,0,0
24869,ECG,1364,5249,0,0,0,0,0
24874,ECG,1365,5216,0,0,0,0,0
24874,ECG,1366,5183,0,0,0,0,0
24874,ECG,1367,5150,0,0,0,0,0
24879,ECG,1368,5117,0,0,0,0,0
24879,ECG,1369,5084,0,0,0,0,0
24884,ECG,1370,5051,0,0,0,0,0
24884,ECG,1371,5019,0,0,0,0,0
24884,ECG,1372,4987,0,0,0,0,0
24889,ECG,1373,4955,0,0,0,0,0
24889,ECG,1374,4924,0,0,0,0,0
24894,ECG,1375,4861,0,0,0,0,0
24894,ECG,1376,4830,0,0,0,0,0
24899,ECG,1377,4799,0,0,0,0,0
24899,ECG,1378,4768,0,0,0,0,0
24900,ECG,1379,4738,0,0,0,0,0
24904,ECG,1380,4707,0,0,0,0,0
24904,ECG,1381,4677,0,0,0,0,0
24909,ECG,1382,4647,0,0,0,0,0
24909,ECG,1383,4618,0,0,0,0,0
24914,ECG,1384,4559,0,0,0,0,0
24914,ECG,1385,4530,0,0,0,0,0
24919,ECG,1386,4501,0,0,0,0,0
24919,ECG,1387,4472,0,0,0,0,0
24919,ECG,1388,4443,0,0,0,0,0
24924,ECG,1389,4415,0,0,0,0,0
24924,ECG,1390,4386,0,0,0,0,0
24929,ECG,1391,4358,0,0,0,0,0
24929,ECG,1392,4330,0,0,0,0,0
24929,ECG,1393,4303,0,0,0,0,0
24934,ECG,1394,4275,0,0,0,0,0
24934,ECG,1395,4248,0,0,0,0,0
24939,ECG,1396,4220,0,0,0,0,0
24939,ECG,1397,4193,0,0,0,0,0
24939,ECG,1398,4166,0,0,0,0,0
24944,ECG,1399,4140,0,0,0,0,0
24944,ECG,1400,4113,0,0,0,0,0
24949,ECG,1401,4060,0,0,0,0,0
24949,ECG,1402,4034,0,0,0,0,0
24954,ECG,1403,4008,0,0,0,0,0
24954,ECG,1404,3983,0,0,0,0,0
24959,ECG,1405,3932,0,0,0,0,0
24959,ECG,1406,3906,0,0,0,0,0
24964,ECG,1407,3881,0,0,0,0,0
24964,ECG,1408,3856,0,0,0,0,0
24964,ECG,1409,3832,0,0,0,0,0
24969,ECG,1410,3807,0,0,0,0,0
24969,ECG,1411,3782,0,0,0,0,0
24974,ECG,1412,3758,0,0,0,0,0
24974,ECG,1413,3734,0,0,0,0,0
24974,ECG,1414,3710,0,0,0,0,0
24979,ECG,1415,3686,0,0,0,0,0
24979,ECG,1416,3662,0,0,0,0,0
24984,ECG,1417,3639,0,0,0,0,0
24984,ECG,1418,3615,0,0,0,0,0
24984,ECG,1419,3592,0,0,0,0,0
24989,ECG,1420,3569,0,0,0,0,0
24989,ECG,1421,3546,0,0,0,0,0
24994,ECG,1422,3523,0,0,0,0,0
24994,ECG,1423,3500,0,0,0,0,0
24994,ECG,1424,3478,0,0,0,0,0
24999,ECG,1425,3455,0,0,0,0,0
24999,ECG,1426,3433,0,0,0,0,0
25004,ECG,1427,3389,0,0,0,0,0
25004,ECG,1428,3367,0,0,0,0,0
25009,ECG,1429,3345,0,0,0,0,0
25009,ECG,1430,3324,0,0,0,0,0
25014,ECG,1431,3281,0,0,0,0,0
25014,ECG,1432,3260,0,0,0,0,0
25019,ECG,1433,3239,0,0,0,0,0
25019,ECG,1434,3218,0,0,0,0,0
25019,ECG,1435,3197,0,0,0,0,0
25024,ECG,1436,3176,0,0,0,0,0
25024,ECG,1437,3156,0,0,0,0,0
25029,ECG,1438,3135,0,0,0,0,0
25029,ECG,1439,3115,0,0,0,0,0
25029,ECG,1440,3095,0,0,0,0,0
25034,ECG,1441,3075,0,0,0,0,0
25034,ECG,1442,3055,0,0,0,0,0
25039,ECG,1443,3035,0,0,0,0,0
25039,ECG,1444,3015,0,0,0,0,0
25039,ECG,1445,2996,0,0,0,0,0
25044,ECG,1446,2976,0,0,0,0,0
25044,ECG,1447,2957,0,0,0,0,0
25049,ECG,1448,2919,0,0,0,0,0
25049,ECG,1449,2900,0,0,0,0,0
25054,ECG,1450,2881,0,0,0,0,0
25054,ECG,1451,2862,0,0,0,0,0
25055,ECG,1452,2844,0,0,0,0,0
25059,ECG,1453,2825,0,0,0,0,0
25059,ECG,1454,2807,0,0,0,0,0
25064,ECG,1455,2789,0,0,0,0,0
25064,ECG,1456,2771,0,0,0,0,0
25064,ECG,1457,2753,0,0,0,0,0
25069,ECG,1458,2735,0,0,0,0,0
25069,ECG,1459,2717,0,0,0,0,0
25074,ECG,1460,2700,0,0,0,0,0
25074,ECG,1461,2682,0,0,0,0,0
25074,ECG,1462,2665,0,0,0,0,0
25079,ECG,1463,2647,0,0,0,0,0
25079,ECG,1464,2630,0,0,0,0,0
25084,ECG,1465,2613,0,0,0,0,0
25084,ECG,1466,2596,0,0,0,0,0
25084,ECG,1467,2579,0,0,0,0,0
25089,ECG,1468,2562,0,0,0,0,0
25089,ECG,1469,2546,0,0,0,0,0
25094,ECG,1470,2513,0,0,0,0,0
25094,ECG,1471,2496,0,0,0,0,0
25099,ECG,1472,2480,0,0,0,0,0
25099,ECG,1473,2464,0,0,0,0,0
25100,ECG,1474,2448,0,0,0,0,0
25104,ECG,1475,2432,0,0,0,0,0
25104,ECG,1476,2416,0,0,0,0,0
25109,ECG,1477,2400,0,0,0,0,0
25109,ECG,1478,2385,0,0,0,0,0
25114,ECG,1479,2354,0,0,0,0,0
25114,ECG,1480,2338,0,0,0,0,0
25119,ECG,1481,2323,0,0,0,0,0
25119,ECG,1482,2308,0,0,0,0,0
25119,ECG,1483,2293,0,0,0,0,0
25124,ECG,1484,2278,0,0,0,0,0
25124,ECG,1485,2263,0,0,0,0,0
25129,ECG,1486,2248,0,0,0,0,0
25129,ECG,1487,2233,0,0,0,0,0
25129,ECG,1488,2219,0,0,0,0,0
25134,ECG,1489,2204,0,0,0,0,0
25134,ECG,1490,2190,0,0,0,0,0
25139,ECG,1491,2176,0,0,0,0,0
25139,ECG,1492,2161,0,0,0,0,0
25139,ECG,1493,2147,0,0,0,0,0
25144,ECG,1494,2133,0,0,0,0,0
25144,ECG,1495,2119,0,0,0,0,0
25149,ECG,1496,2091,0,0,0,0,0
25149,ECG,1497,2078,0,0,0,0,0
25154,ECG,1498,2064,0,0,0,0,0
25154,ECG,1499,2050,0,0,0,0,0
25155,ECG,1500,2037,0,0,0,0,0
25159,ECG,1501,2023,0,0,0,0,0
25159,ECG,1502,2010,0,0,0,0,0
25164,ECG,1503,1997,0,0,0,0,0
25164,ECG,1504,1984,0,0,0,0,0
25164,ECG,1505,1971,0,0,0,0,0
25169,ECG,1506,1958,0,0,0,0,0
25169,ECG,1507,1945,0,0,0,0,0
25174,ECG,1508,1932,0,0,0,0,0
25174,ECG,1509,1919,0,0,0,0,0
25174,ECG,1510,1906,0,0,0,0,0
25179,ECG,1511,1894,0,0,0,0,0
25179,ECG,1512,1881,0,0,0,0,0
25184,ECG,1513,1869,0,0,0,0,0
25184,ECG,1514,1857,0,0,0,0,0
25184,ECG,1515,1844,0,0,0,0,0
25189,ECG,1516,1832,0,0,0,0,0
25189,ECG,1517,1820,0,0,0,0,0
25194,ECG,1518,1808,0,0,0,0,0
25194,ECG,1519,1796,0,0,0,0,0
25194,ECG,1520,1784,0,0,0,0,0
25199,ECG,1521,1772,0,0,0,0,0
25199,ECG,1522,1761,0,0,0,0,0
25204,ECG,1523,1737,0,0,0,0,0
25204,ECG,1524,1726,0,0,0,0,0
25209,ECG,1525,1714,0,0,0,0,0
25209,ECG,1526,1703,0,0,0,0,0
25214,ECG,1527,1681,0,0,0,0,0
25214,ECG,1528,1669,0,0,0,0,0
25219,ECG,1529,1658,0,0,0,0,0
25219,ECG,1530,1647,0,0,0,0,0
25219,ECG,1531,1636,0,0,0,0,0
25224,ECG,1532,1625,0,0,0,0,0
25224,ECG,1533,1615,0,0,0,0,0
25229,ECG,1534,1604,0,0,0,0,0
25229,ECG,1535,1593,0,0,0,0,0
25229,ECG,1536,1583,0,0,0,0,0
25234,ECG,1537,1572,0,0,0,0,0
25234,ECG,1538,1562,0,0,0,0,0
25239,ECG,1539,1551,0,0,0,0,0
25239,ECG,1540,1541,0,0,0,0,0
25239,ECG,1541,1531,0,0,0,0,0
25244,ECG,1542,1520,0,0,0,0,0
25244,ECG,1543,1510,0,0,0,0,0
25249,ECG,1544,1490,0,0,0,0,0
25249,ECG,1545,1480,0,0,0,0,0
25254,ECG,1546,1470,0,0,0,0,0
25254,ECG,1547,1460,0,0,0,0,0
25255,ECG,1548,1451,0,0,0,0,0
25259,ECG,1549,1441,0,0,0,0,0
25259,ECG,1550,1431,0,0,0,0,0
25264,ECG,1551,1422,0,0,0,0,0
25264,ECG,1552,1412,0,0,0,0,0
25269,ECG,1553,1393,0,0,0,0,0
25269,ECG,1554,1384,0,0,0,0,0
25274,ECG,1555,1375,0,0,0,0,0
25274,ECG,1556,1365,0,0,0,0,0
25274,ECG,1557,1356,0,0,0,0,0
25279,ECG,1558,1347,0,0,0,0,0
25279,ECG,1559,1338,0,0,0,0,0
25284,ECG,1560,1329,0,0,0,0,0
25284,ECG,1561,1320,0,0,0,0,0
25284,ECG,1562,1311,0,0,0,0,0
25289,ECG,1563,1302,0,0,0,0,0
25289,ECG,1564,1294,0,0,0,0,0
25294,ECG,1565,1285,0,0,0,0,0
25294,ECG,1566,1276,0,0,0,0,0
25294,ECG,1567,1268,0,0,0,0,0
25299,ECG,1568,1259,0,0,0,0,0
25299,ECG,1569,1251,0,0,0,0,0
25304,ECG,1570,1234,0,0,0,0,0
25304,ECG,1571,1225,0,0,0,0,0
25309,ECG,1572,1217,0,0,0,0,0
25309,ECG,1573,1209,0,0,0,0,0
25314,ECG,1574,1192,0,0,0,0,0
25314,ECG,1575,1184,0,0,0,0,0
25319,ECG,1576,1176,0,0,0,0,0
25319,ECG,1577,1168,0,0,0,0,0
25319,ECG,1578,1160,0,0,0,0,0
25324,ECG,1579,1152,0,0,0,0,0
25324,ECG,1580,1145,0,0,0,0,0
25329,ECG,1581,1137,0,0,0,0,0
25329,ECG,1582,1129,0,0,0,0,0
25329,ECG,1583,1121,0,0,0,0,0
25334,ECG,1584,1114,0,0,0,0,0
25334,ECG,1585,1106,0,0,0,0,0
25339,ECG,1586,1099,0,0,0,0,0
25339,ECG,1587,1091,0,0,0,0,0
25339,ECG,1588,1084,0,0,0,0,0
25345,ECG,1589,1076,0,0,0,0,0
25345,ECG,1590,1069,0,0,0,0,0
26351,ECG,1591,0,0,0,0,0,0
26351,ECG,1592,-1,0,0,0,0,0
26351,ECG,1593,-6,0,0,0,0,0
26356,ECG,1594,2,0,0,0,0,0
26356,ECG,1595,6,0,0,0,0,0
26361,ECG,1596,38,0,0,0,0,0
26361,ECG,1597,-16,0,0,0,0,0
26366,ECG,1598,-26,0,0,0,0,0
26366,ECG,1599,151,0,0,0,0,0
26371,ECG,1600,-2109,0,0,0,0,0
26371,ECG,1601,-1850,0,0,0,0,0
26376,ECG,1602,-36,0,0,0,0,0
26376,ECG,1603,3394,0,0,0,0,0
26376,ECG,1604,8729,0,0,0,0,0
26381,ECG,1605,15156,0,0,0,0,0
26381,ECG,1606,21689,0,0,0,0,0
26386,ECG,1607,27397,0,0,0,0,0
26386,ECG,1608,31311,0,0,0,0,0
26386,ECG,1609,32011,0,0,0,0,0
26391,ECG,1610,31810,0,0,0,0,0
26391,ECG,1611,31610,0,0,0,0,0
26396,ECG,1612,31343,0,0,0,0,0
26396,ECG,1613,31109,0,0,0,0,0
26396,ECG,1614,31019,0,0,0,0,0
26401,ECG,1615,30731,0,0,0,0,0
26401,ECG,1616,30591,0,0,0,0,0
26406,ECG,1617,30395,0,0,0,0,0
26406,ECG,1618,30195,0,0,0,0,0
26406,ECG,1619,30019,0,0,0,0,0
26411,ECG,1620,29827,0,0,0,0,0
26411,ECG,1621,29638,0,0,0,0,0
26416,ECG,1622,29266,0,0,0,0,0
26416,ECG,1623,29082,0,0,0,0,0
26421,ECG,1624,28900,0,0,0,0,0
26421,ECG,1625,28718,0,0,0,0,0
26426,ECG,1626,28358,0,0,0,0,0
26426,ECG,1627,28180,0,0,0,0,0
26431,ECG,1628,28002,0,0,0,0,0
26431,ECG,1629,27826,0,0,0,0,0
26431,ECG,1630,27651,0,0,0,0,0
26436,ECG,1631,27478,0,0,0,0,0
26436,ECG,1632,27305,0,0,0,0,0
26441,ECG,1633,27133,0,0,0,0,0
26441,ECG,1634,26963,0,0,0,0,0
26441,ECG,1635,26793,0,0,0,0,0
26446,ECG,1636,26625,0,0,0,0,0
26446,ECG,1637,26457,0,0,0,0,0
26451,ECG,1638,26291,0,0,0,0,0
26451,ECG,1639,26126,0,0,0,0,0
26451,ECG,1640,25961,0,0,0,0,0
26456,ECG,1641,25798,0,0,0,0,0
26456,ECG,1642,25636,0,0,0,0,0
26461,ECG,1643,25314,0,0,0,0,0
26461,ECG,1644,25155,0,0,0,0,0
26466,ECG,1645,24997,0,0,0,0,0
26466,ECG,1646,24840,0,0,0,0,0
26471,ECG,1647,24528,0,0,0,0,0
26471,ECG,1648,24374,0,0,0,0,0
26476,ECG,1649,24221,0,0,0,0,0
26476,ECG,1650,24068,0,0,0,0,0
26476,ECG,1651,23917,0,0,0,0,0
26481,ECG,1652,23766,0,0,0,0,0
26481,ECG,1653,23617,0,0,0,0,0
26486,ECG,1654,23468,0,0,0,0,0
26486,ECG,1655,23321,0,0,0,0,0
26486,ECG,1656,23174,0,0,0,0,0
26491,ECG,1657,23028,0,0,0,0,0
26491,ECG,1658,22883,0,0,0,0,0
26496,ECG,1659,22739,0,0,0,0,0
26496,ECG,1660,22596,0,0,0,0,0
26496,ECG,1661,22454,0,0,0,0,0
26501,ECG,1662,22313,0,0,0,0,0
26501,ECG,1663,22172,0,0,0,0,0
26506,ECG,1664,21894,0,0,0,0,0
26506,ECG,1665,21756,0,0,0,0,0
26511,ECG,1666,21619,0,0,0,0,0
26511,ECG,1667,21483,0,0,0,0,0
26512,ECG,1668,21348,0,0,0,0,0
26516,ECG,1669,21214,0,0,0,0,0
26516,ECG,1670,21080,0,0,0,0,0
26521,ECG,1671,20948,0,0,0,0,0
26521,ECG,1672,20816,0,0,0,0,0
26521,ECG,1673,20685,0,0,0,0,0
26526,ECG,1674,20555,0,0,0,0,0
26526,ECG,1675,20425,0,0,0,0,0
26531,ECG,1676,20297,0,0,0,0,0
26531,ECG,1677,20169,0,0,0,0,0
26531,ECG,1678,20042,0,0,0,0,0
26536,ECG,1679,19916,0,0,0,0,0
26536,ECG,1680,19790,0,0,0,0,0
26541,ECG,1681,19666,0,0,0,0,0
26541,ECG,1682,19542,0,0,0,0,0
26541,ECG,1683,19419,0,0,0,0,0
26546,ECG,1684,19297,0,0,0,0,0
26546,ECG,1685,19175,0,0,0,0,0
26551,ECG,1686,19055,0,0,0,0,0
26551,ECG,1687,18935,0,0,0,0,0
26551,ECG,1688,18815,0,0,0,0,0
26556,ECG,1689,18697,0,0,0,0,0
26556,ECG,1690,18579,0,0,0,0,0
26561,ECG,1691,18346,0,0,0,0,0
26561,ECG,1692,18230,0,0,0,0,0
26566,ECG,1693,18116,0,0,0,0,0
26566,ECG,1694,18002,0,0,0,0,0
26571,ECG,1695,17775,0,0,0,0,0
26571,ECG,1696,17663,0,0,0,0,0
26576,ECG,1697,17552,0,0,0,0,0
26576,ECG,1698,17442,0,0,0,0,0
26576,ECG,1699,17332,0,0,0,0,0
26581,ECG,1700,17222,0,0,0,0,0
26581,ECG,1701,17114,0,0,0,0,0
26586,ECG,1702,17006,0,0,0,0,0
26586,ECG,1703,16899,0,0,0,0,0
26586,ECG,1704,16792,0,0,0,0,0
26591,ECG,1705,16687,0,0,0,0,0
26591,ECG,1706,16581,0,0,0,0,0
26596,ECG,1707,16477,0,0,0,0,0
26596,ECG,1708,16373,0,0,0,0,0
26596,ECG,1709,16270,0,0,0,0,0
26601,ECG,1710,16167,0,0,0,0,0
26601,ECG,1711,16065,0,0,0,0,0
26606,ECG,1712,15864,0,0,0,0,0
26606,ECG,1713,15764,0,0,0,0,0
26611,ECG,1714,15664,0,0,0,0,0
26611,ECG,1715,15566,0,0,0,0,0
26612,ECG,1716,15467,0,0,0,0,0
26616,ECG,1717,15370,0,0,0,0,0
26616,ECG,1718,15273,0,0,0,0,0
26621,ECG,1719,15177,0,0,0,0,0
26621,ECG,1720,15081,0,0,0,0,0
26626,ECG,1721,14891,0,0,0,0,0
26626,ECG,1722,14797,0,0,0,0,0
26631,ECG,1723,14704,0,0,0,0,0
26631,ECG,1724,14611,0,0,0,0,0
26631,ECG,1725,14519,0,0,0,0,0
26636,ECG,1726,14428,0,0,0,0,0
26636,ECG,1727,14337,0,0,0,0,0
26641,ECG,1728,14246,0,0,0,0,0
26641,ECG,1729,14156,0,0,0,0,0
26641,ECG,1730,14067,0,0,0,0,0
26646,ECG,1731,13978,0,0,0,0,0
26646,ECG,1732,13890,0,0,0,0,0
26651,ECG,1733,13802,0,0,0,0,0
26651,ECG,1734,13715,0,0,0,0,0
26651,ECG,1735,13629,0,0,0,0,0
26656,ECG,1736,13543,0,0,0,0,0
26656,ECG,1737,13457,0,0,0,0,0
26661,ECG,1738,13288,0,0,0,0,0
26661,ECG,1739,13204,0,0,0,0,0
26666,ECG,1740,13121,0,0,0,0,0
26666,ECG,1741,13038,0,0,0,0,0
26671,ECG,1742,12874,0,0,0,0,0
26671,ECG,1743,12793,0,0,0,0,0
26676,ECG,1744,12712,0,0,0,0,0
26676,ECG,1745,12632,0,0,0,0,0
26676,ECG,1746,12552,0,0,0,0,0
26681,ECG,1747,12473,0,0,0,0,0
26681,ECG,1748,12394,0,0,0,0,0
26686,ECG,1749,12316,0,0,0,0,0
26686,ECG,1750,12238,0,0,0,0,0
26686,ECG,1751,12161,0,0,0,0,0
26691,ECG,1752,12084,0,0,0,0,0
26691,ECG,1753,12008,0,0,0,0,0
26696,ECG,1754,11932,0,0,0,0,0
26696,ECG,1755,11857,0,0,0,0,0
26696,ECG,1756,11782,0,0,0,0,0
26701,ECG,1757,11707,0,0,0,0,0
26701,ECG,1758,11633,0,0,0,0,0
26706,ECG,1759,11560,0,0,0,0,0
26706,ECG,1760,11487,0,0,0,0,0
26706,ECG,1761,11414,0,0,0,0,0
26711,ECG,1762,11342,0,0,0,0,0
26711,ECG,1763,11271,0,0,0,0,0
26712,ECG,1764,11199,0,0,0,0,0
26716,ECG,1765,11129,0,0,0,0,0
26716,ECG,1766,11058,0,0,0,0,0
26721,ECG,1767,10988,0,0,0,0,0
26721,ECG,1768,10919,0,0,0,0,0
26726,ECG,1769,10781,0,0,0,0,0
26726,ECG,1770,10713,0,0,0,0,0
26731,ECG,1771,10645,0,0,0,0,0
26731,ECG,1772,10578,0,0,0,0,0
26731,ECG,1773,10511,0,0,0,0,0
26736,ECG,1774,10445,0,0,0,0,0
26736,ECG,1775,10379,0,0,0,0,0
26741,ECG,1776,10313,0,0,0,0,0
26741,ECG,1777,10248,0,0,0,0,0
26741,ECG,1778,10183,0,0,0,0,0
26746,ECG,1779,10118,0,0,0,0,0
26746,ECG,1780,10054,0,0,0,0,0
26751,ECG,1781,9991,0,0,0,0,0
26751,ECG,1782,9928,0,0,0,0,0
26751,ECG,1783,9865,0,0,0,0,0
26756,ECG,1784,9802,0,0,0,0,0
26756,ECG,1785,9740,0,0,0,0,0
26761,ECG,1786,9617,0,0,0,0,0
26761,ECG,1787,9557,0,0,0,0,0
26766,ECG,1788,9496,0,0,0,0,0
26766,ECG,1789,9436,0,0,0,0,0
26771,ECG,1790,9317,0,0,0,0,0
26771,ECG,1791,9258,0,0,0,0,0
26776,ECG,1792,9200,0,0,0,0,0
26776,ECG,1793,9141,0,0,0,0,0
26776,ECG,1794,9083,0,0,0,0,0
26781,ECG,1795,9026,0,0,0,0,0
26781,ECG,1796,8969,0,0,0,0,0
26786,ECG,1797,8912,0,0,0,0,0
26786,ECG,1798,8855,0,0,0,0,0
26786,ECG,1799,8799,0,0,0,0,0
26791,ECG,1800,8744,0,0,0,0,0
26791,ECG,1801,8688,0,0,0,0,0
26796,ECG,1802,8633,0,0,0,0,0
26796,ECG,1803,8578,0,0,0,0,0
26796,ECG,1804,8524,0,0,0,0,0
26801,ECG,1805,8470,0,0,0,0,0
26801,ECG,1806,8416,0,0,0,0,0
26806,ECG,1807,8310,0,0,0,0,0
26806,ECG,1808,8257,0,0,0,0,0
26811,ECG,1809,8205,0,0,0,0,0
26811,ECG,1810,8153,0,0,0,0,0
26812,ECG,1811,8101,0,0,0,0,0
26816,ECG,1812,8050,0,0,0,0,0
26816,ECG,1813,7999,0,0,0,0,0
26821,ECG,1814,7948,0,0,0,0,0
26821,ECG,1815,7898,0,0,0,0,0
26821,ECG,1816,7848,0,0,0,0,0
26826,ECG,1817,7798,0,0,0,0,0
26826,ECG,1818,7749,0,0,0,0,0
26831,ECG,1819,7699,0,0,0,0,0
26831,ECG,1820,7651,0,0,0,0,0
26831,ECG,1821,7602,0,0,0,0,0
26836,ECG,1822,7554,0,0,0,0,0
26836,ECG,1823,7506,0,0,0,0,0
26841,ECG,1824,7458,0,0,0,0,0
26841,ECG,1825,7411,0,0,0,0,0
26841,ECG,1826,7364,0,0,0,0,0
26846,ECG,1827,7317,0,0,0,0,0
26846,ECG,1828,7271,0,0,0,0,0
26851,ECG,1829,7224,0,0,0,0,0
26851,ECG,1830,7178,0,0,0,0,0
26851,ECG,1831,7133,0,0,0,0,0
26856,ECG,1832,7088,0,0,0,0,0
26856,ECG,1833,7043,0,0,0,0,0
26861,ECG,1834,6953,0,0,0,0,0
26861,ECG,1835,6909,0,0,0,0,0
26866,ECG,1836,6865,0,0,0,0,0
26866,ECG,1837,6821,0,0,0,0,0
26871,ECG,1838,6735,0,0,0,0,0
26871,ECG,1839,6692,0,0,0,0,0
26876,ECG,1840,6650,0,0,0,0,0
26876,ECG,1841,6608,0,0,0,0,0
26876,ECG,1842,6566,0,0,0,0,0
26881,ECG,1843,6524,0,0,0,0,0
26881,ECG,1844,6482,0,0,0,0,0
26886,ECG,1845,6441,0,0,0,0,0
26886,ECG,1846,6400,0,0,0,0,0
26886,ECG,1847,6359,0,0,0,0,0
26891,ECG,1848,6319,0,0,0,0,0
26891,ECG,1849,6279,0,0,0,0,0
26896,ECG,1850,6239,0,0,0,0,0
26896,ECG,1851,6199,0,0,0,0,0
26896,ECG,1852,6159,0,0,0,0,0
26901,ECG,1853,6120,0,0,0,0,0
26901,ECG,1854,6081,0,0,0,0,0
26906,ECG,1855,6004,0,0,0,0,0
26906,ECG,1856,5966,0,0,0,0,0
26911,ECG,1857,5928,0,0,0,0,0
26911,ECG,1858,5890,0,0,0,0,0
26912,ECG,1859,5852,0,0,0,0,0
26916,ECG,1860,5815,0,0,0,0,0
26916,ECG,1861,5778,0,0,0,0,0
26921,ECG,1862,5741,0,0,0,0,0
26921,ECG,1863,5705,0,0,0,0,0
26926,ECG,1864,5632,0,0,0,0,0
26926,ECG,1865,5596,0,0,0,0,0
26931,ECG,1866,5561,0,0,0,0,0
26931,ECG,1867,5525,0,0,0,0,0
26931,ECG,1868,5490,0,0,0,0,0
26936,ECG,1869,5455,0,0,0,0,0
26936,ECG,1870,5420,0,0,0,0,0
26941,ECG,1871,5386,0,0,0,0,0
26941,ECG,1872,5351,0,0,0,0,0
26941,ECG,1873,5317,0,0,0,0,0
26946,ECG,1874,5283,0,0,0,0,0
26946,ECG,1875,5249,0,0,0,0,0
26951,ECG,1876,5216,0,0,0,0,0
26951,ECG,1877,5183,0,0,0,0,0
26951,ECG,1878,5150,0,0,0,0,0
26956,ECG,1879,5117,0,0,0,0,0
26956,ECG,1880,5084,0,0,0,0,0
26961,ECG,1881,5019,0,0,0,0,0
26961,ECG,1882,4987,0,0,0,0,0
26966,ECG,1883,4955,0,0,0,0,0
26966,ECG,1884,4924,0,0,0,0,0
26971,ECG,1885,4861,0,0,0,0,0
26971,ECG,1886,4830,0,0,0,0,0
26976,ECG,1887,4799,0,0,0,0,0
26976,ECG,1888,4768,0,0,0,0,0
26976,ECG,1889,4738,0,0,0,0,0
26981,ECG,1890,4707,0,0,0,0,0
26981,ECG,1891,4677,0,0,0,0,0
26986,ECG,1892,4647,0,0,0,0,0
26986,ECG,1893,4618,0,0,0,0,0
26986,ECG,1894,4588,0,0,0,0,0
26991,ECG,1895,4559,0,0,0,0,0
26991,ECG,1896,4530,0,0,0,0,0
26996,ECG,1897,4501,0,0,0,0,0
26996,ECG,1898,4472,0,0,0,0,0
26996,ECG,1899,4443,0,0,0,0,0
27001,ECG,1900,4415,0,0,0,0,0
27001,ECG,1901,4386,0,0,0,0,0
27006,ECG,1902,4330,0,0,0,0,0
27006,ECG,1903,4303,0,0,0,0,0
27011,ECG,1904,4275,0,0,0,0,0
27011,ECG,1905,4248,0,0,0,0,0
27012,ECG,1906,4220,0,0,0,0,0
27016,ECG,1907,4193,0,0,0,0,0
27016,ECG,1908,4166,0,0,0,0,0
27021,ECG,1909,4140,0,0,0,0,0
27021,ECG,1910,4113,0,0,0,0,0
27021,ECG,1911,4087,0,0,0,0,0
27026,ECG,1912,4060,0,0,0,0,0
27026,ECG,1913,4034,0,0,0,0,0
27031,ECG,1914,4008,0,0,0,0,0
27031,ECG,1915,3983,0,0,0,0,0
27031,ECG,1916,3957,0,0,0,0,0
27036,ECG,1917,3932,0,0,0,0,0
27036,ECG,1918,3906,0,0,0,0,0
27041,ECG,1919,3881,0,0,0,0,0
27041,ECG,1920,3856,0,0,0,0,0
27041,ECG,1921,3832,0,0,0,0,0
27046,ECG,1922,3807,0,0,0,0,0
27046,ECG,1923,3782,0,0,0,0,0
27051,ECG,1924,3734,0,0,0,0,0
27051,ECG,1925,3710,0,0,0,0,0
27056,ECG,1926,3686,0,0,0,0,0
27056,ECG,1927,3662,0,0,0,0,0
27061,ECG,1928,3615,0,0,0,0,0
27061,ECG,1929,3592,0,0,0,0,0
27066,ECG,1930,3569,0,0,0,0,0
27066,ECG,1931,3546,0,0,0,0,0
27071,ECG,1932,3500,0,0,0,0,0
27071,ECG,1933,3478,0,0,0,0,0
27076,ECG,1934,3455,0,0,0,0,0
27076,ECG,1935,3433,0,0,0,0,0
27076,ECG,1936,3411,0,0,0,0,0
27081,ECG,1937,3389,0,0,0,0,0
27081,ECG,1938,3367,0,0,0,0,0
27086,ECG,1939,3345,0,0,0,0,0
27086,ECG,1940,3324,0,0,0,0,0
27086,ECG,1941,3302,0,0,0,0,0
27091,ECG,1942,3281,0,0,0,0,0
27091,ECG,1943,3260,0,0,0,0,0
27096,ECG,1944,3239,0,0,0,0,0
27096,ECG,1945,3218,0,0,0,0,0
27096,ECG,1946,3197,0,0,0,0,0
27101,ECG,1947,3176,0,0,0,0,0
27101,ECG,1948,3156,0,0,0,0,0
27106,ECG,1949,3115,0,0,0,0,0
27106,ECG,1950,3095,0,0,0,0,0
27111,ECG,1951,3075,0,0,0,0,0
27111,ECG,1952,3055,0,0,0,0,0
27112,ECG,1953,3035,0,0,0,0,0
27116,ECG,1954,3015,0,0,0,0,0
27116,ECG,1955,2996,0,0,0,0,0
27121,ECG,1956,2976,0,0,0,0,0
27121,ECG,1957,2957,0,0,0,0,0
27121,ECG,1958,2938,0,0,0,0,0
27126,ECG,1959,2919,0,0,0,0,0
27126,ECG,1960,2900,0,0,0,0,0
27131,ECG,1961,2881,0,0,0,0,0
27131,ECG,1962,2862,0,0,0,0,0
27131,ECG,1963,2844,0,0,0,0,0
27136,ECG,1964,2825,0,0,0,0,0
27136,ECG,1965,2807,0,0,0,0,0
27141,ECG,1966,2789,0,0,0,0,0
27141,ECG,1967,2771,0,0,0,0,0
27141,ECG,1968,2753,0,0,0,0,0
27146,ECG,1969,2735,0,0,0,0,0
27146,ECG,1970,2717,0,0,0,0,0
27151,ECG,1971,2700,0,0,0,0,0
27151,ECG,1972,2682,0,0,0,0,0
27151,ECG,1973,2665,0,0,0,0,0
27156,ECG,1974,2647,0,0,0,0,0
27156,ECG,1975,2630,0,0,0,0,0
27161,ECG,1976,2596,0,0,0,0,0
27161,ECG,1977,2579,0,0,0,0,0
27166,ECG,1978,2562,0,0,0,0,0
27166,ECG,1979,2546,0,0,0,0,0
27171,ECG,1980,2513,0,0,0,0,0
27171,ECG,1981,2496,0,0,0,0,0
27176,ECG,1982,2480,0,0,0,0,0
27176,ECG,1983,2464,0,0,0,0,0
27176,ECG,1984,2448,0,0,0,0,0
27181,ECG,1985,2432,0,0,0,0,0
27181,ECG,1986,2416,0,0,0,0,0
27186,ECG,1987,2400,0,0,0,0,0
27186,ECG,1988,2385,0,0,0,0,0
27186,ECG,1989,2369,0,0,0,0,0
27191,ECG,1990,2354,0,0,0,0,0
27191,ECG,1991,2338,0,0,0,0,0
27196,ECG,1992,2323,0,0,0,0,0
27196,ECG,1993,2308,0,0,0,0,0
27196,ECG,1994,2293,0,0,0,0,0
27201,ECG,1995,2278,0,0,0,0,0
27201,ECG,1996,2263,0,0,0,0,0
27206,ECG,1997,2233,0,0,0,0,0
27206,ECG,1998,2219,0,0,0,0,0
27211,ECG,1999,2204,0,0,0,0,0
27211,ECG,2000,2190,0,0,0,0,0
27212,ECG,2001,2176,0,0,0,0,0
27216,ECG,2002,2161,0,0,0,0,0
27216,ECG,2003,2147,0,0,0,0,0
27221,ECG,2004,2133,0,0,0,0,0
27221,ECG,2005,2119,0,0,0,0,0
27226,ECG,2006,2091,0,0,0,0,0
27226,ECG,2007,2078,0,0,0,0,0
27231,ECG,2008,2064,0,0,0,0,0
27231,ECG,2009,2050,0,0,0,0,0
27231,ECG,2010,2037,0,0,0,0,0
27236,ECG,2011,2023,0,0,0,0,0
27236,ECG,2012,2010,0,0,0,0,0
27241,ECG,2013,1997,0,0,0,0,0
27241,ECG,2014,1984,0,0,0,0,0
27241,ECG,2015,1971,0,0,0,0,0
27246,ECG,2016,1958,0,0,0,0,0
27246,ECG,2017,1945,0,0,0,0,0
27251,ECG,2018,1932,0,0,0,0,0
27251,ECG,2019,1919,0,0,0,0,0
27251,ECG,2020,1906,0,0,0,0,0
27256,ECG,2021,1894,0,0,0,0,0
27256,ECG,2022,1881,0,0,0,0,0
27261,ECG,2023,1857,0,0,0,0,0
27261,ECG,2024,1844,0,0,0,0,0
27266,ECG,2025,1832,0,0,0,0,0
27266,ECG,2026,1820,0,0,0,0,0
27271,ECG,2027,1796,0,0,0,0,0
27271,ECG,2028,1784,0,0,0,0,0
27276,ECG,2029,1772,0,0,0,0,0
27276,ECG,2030,1761,0,0,0,0,0
27276,ECG,2031,1749,0,0,0,0,0
27281,ECG,2032,1737,0,0,0,0,0
27281,ECG,2033,1726,0,0,0,0,0
27286,ECG,2034,1714,0,0,0,0,0
27286,ECG,2035,1703,0,0,0,0,0
27286,ECG,2036,1692,0,0,0,0,0
27291,ECG,2037,1681,0,0,0,0,0
27291,ECG,2038,1669,0,0,0,0,0
27296,ECG,2039,1658,0,0,0,0,0
27296,ECG,2040,1647,0,0,0,0,0
27296,ECG,2041,1636,0,0,0,0,0
27301,ECG,2042,1625,0,0,0,0,0
27301,ECG,2043,1615,0,0,0,0,0
27306,ECG,2044,1593,0,0,0,0,0
27306,ECG,2045,1583,0,0,0,0,0
27311,ECG,2046,1572,0,0,0,0,0
27311,ECG,2047,1562,0,0,0,0,0
26955,IMU,416,1104,-472,8412,-104,54,36
26977,IMU,417,1028,-364,8440,-99,56,48
26993,IMU,418,1140,-408,8428,-103,49,50
27012,IMU,419,1020,-476,8416,-105,50,33
27031,IMU,420,1104,-424,8412,-82,51,42
27050,IMU,421,1108,-448,8356,-106,55,29
27069,IMU,422,1084,-440,8556,-87,62,42
27089,IMU,423,1172,-428,8380,-91,69,34
27108,IMU,424,1060,-428,8396,-115,63,51
27127,IMU,425,1204,-480,8404,-89,65,44
27145,IMU,426,1184,-480,8404,-94,59,45
27165,IMU,427,1184,-408,8440,-98,52,42
27186,IMU,428,1180,-364,8448,-78,63,56
27208,IMU,429,1080,-508,8320,-78,50,46
27222,IMU,430,1104,-456,8416,-98,48,41
27241,IMU,431,1060,-420,8356,-84,57,39
27260,IMU,432,1088,-332,8436,-98,52,41
27282,IMU,433,1160,-404,8296,-94,73,50
27298,IMU,434,1104,-408,8420,-96,49,41
27317,IMU,435,980,-408,8460,-102,69,42
27336,IMU,436,996,-456,8384,-92,49,39
27355,IMU,437,1120,-436,8416,-115,41,44
27375,IMU,438,1208,-484,8400,-104,53,40
27394,IMU,439,1040,-420,8312,-105,70,50
27414,IMU,440,1064,-436,8420,-93,71,45
27432,IMU,441,1140,-372,8400,-101,62,44
27451,IMU,442,1056,-368,8456,-92,65,18
27470,IMU,443,1032,-428,8496,-90,75,38
27489,IMU,444,1076,-432,8408,-97,56,37
27508,IMU,445,1100,-408,8348,-86,41,32
27528,IMU,446,1108,-420,8388,-108,46,27
27547,IMU,447,1108,-368,8460,-97,59,37
27566,IMU,448,1064,-384,8332,-101,51,40
27585,IMU,449,1080,-532,8504,-93,59,34
27604,IMU,450,1100,-460,8332,-81,58,49
27627,IMU,451,1148,-424,8416,-96,59,33
27644,IMU,452,1184,-316,8424,-94,46,30
27662,IMU,453,1040,-404,8368,-92,66,56
27681,IMU,454,1040,-440,8388,-104,68,32
27700,IMU,455,1108,-340,8392,-85,56,52
27719,IMU,456,1100,-400,8452,-105,59,40
27738,IMU,457,1164,-392,8436,-77,55,45
27758,IMU,458,1228,-364,8444,-100,77,45
27777,IMU,459,1108,-376,8364,-100,64,49
27796,IMU,460,1096,-388,8472,-90,46,62
27815,IMU,461,1108,-432,8460,-103,71,47
27834,IMU,462,1168,-372,8376,-101,65,37
27855,IMU,463,1100,-396,8276,-98,55,51
27872,IMU,464,1064,-392,8392,-99,49,34
27892,IMU,465,1004,-428,8436,-100,67,48
27911,IMU,466,1040,-428,8396,-99,40,55
27930,IMU,467,1128,-392,8404,-89,68,48
27949,IMU,468,1068,-400,8400,-95,65,32
27968,IMU,469,1076,-464,8416,-96,39,27
27987,IMU,470,1072,-452,8468,-93,56,33
28007,IMU,471,1040,-396,8368,-108,53,30
28026,IMU,472,1092,-488,8376,-93,56,33
28045,IMU,473,1040,-412,8424,-92,37,45
28067,IMU,474,1156,-320,8472,-102,58,35
28083,IMU,475,1192,-464,8364,-102,64,39
28102,IMU,476,1008,-460,8348,-82,48,34
28121,IMU,477,1080,-404,8332,-95,55,37
28141,IMU,478,1060,-368,8376,-102,50,33
28160,IMU,479,1120,-468,8344,-91,61,39
28179,IMU,480,1104,-424,8428,-83,66,54
28198,IMU,481,1128,-376,8368,-88,69,48
28217,IMU,482,1044,-392,8404,-105,60,48
28236,IMU,483,1024,-428,8336,-98,59,37
28256,IMU,484,1048,-356,8420,-92,74,28
28275,IMU,485,1180,-436,8424,-98,53,46
28294,IMU,486,1044,-428,8372,-92,53,43
28315,IMU,487,1120,-444,8376,-104,69,29
28332,IMU,488,1184,-460,8416,-95,61,31
28351,IMU,489,1240,-384,8440,-101,53,40
28371,IMU,490,1120,-352,8476,-89,59,33
28390,IMU,491,1060,-364,8460,-101,68,43
28409,IMU,492,1056,-368,8448,-104,66,30
28428,IMU,493,1004,-468,8416,-122,61,37
28447,IMU,494,1152,-552,8380,-91,67,47
28466,IMU,495,1104,-432,8372,-107,62,42
28486,IMU,496,1060,-536,8412,-111,53,28
28507,IMU,497,1136,-344,8384,-90,61,47
28524,IMU,498,1096,-356,8364,-89,63,48
28543,IMU,499,1092,-388,8432,-100,48,48
28562,IMU,500,1072,-432,8452,-106,49,54
28581,IMU,501,1076,-380,8492,-93,67,52
28600,IMU,502,1064,-452,8444,-102,47,47
28619,IMU,503,1080,-360,8444,-89,70,42
28639,IMU,504,1060,-388,8516,-108,67,49
28657,IMU,505,1160,-420,8448,-105,62,36
28677,IMU,506,1092,-360,8368,-85,54,47
28696,IMU,507,1112,-452,8364,-83,57,46
28718,IMU,508,1180,-336,8468,-90,56,23
28736,IMU,509,1112,-376,8296,-92,68,39
28753,IMU,510,1084,-504,8388,-98,62,19
28773,IMU,511,1048,-408,8348,-95,55,17
28791,IMU,512,1088,-428,8504,-90,39,58
28810,IMU,513,1104,-376,8284,-109,66,16
28829,IMU,514,948,-388,8356,-99,61,52
28849,IMU,515,1152,-396,8360,-105,39,47
28867,IMU,516,1144,-404,8432,-92,59,42
28887,IMU,517,1048,-492,8428,-101,56,31
28906,IMU,518,1076,-388,8416,-112,69,20
28925,IMU,519,1100,-420,8440,-95,65,36
28945,IMU,520,1160,-396,8424,-101,56,38
28963,IMU,521,1156,-428,8444,-100,52,32
28982,IMU,522,1084,-360,8384,-92,54,38
29001,IMU,523,1108,-388,8428,-88,78,46
29021,IMU,524,1008,-376,8408,-98,58,46
29039,IMU,525,1104,-408,8344,-86,27,46
29059,IMU,526,1104,-456,8284,-100,61,26
29077,IMU,527,1064,-288,8404,-101,67,37
29097,IMU,528,1048,-480,8444,-88,54,36
29116,IMU,529,1140,-352,8348,-93,67,49
29135,IMU,530,1080,-472,8324,-74,66,45
29157,IMU,531,1156,-444,8384,-101,41,62
29175,IMU,532,1008,-448,8400,-99,65,51
29192,IMU,533,1048,-376,8336,-106,50,20
29211,IMU,534,1128,-364,8416,-106,62,40
29231,IMU,535,1124,-412,8320,-97,58,35
29250,IMU,536,1012,-372,8376,-92,45,34
29269,IMU,537,1112,-420,8516,-87,59,36
29287,IMU,538,1052,-360,8404,-107,63,35
29307,IMU,539,1056,-368,8500,-94,66,44
29326,IMU,540,1124,-436,8392,-101,55,40
29346,IMU,541,1172,-384,8384,-91,59,43
29364,IMU,542,1164,-392,8408,-89,48,51
29385,IMU,543,1180,-428,8400,-107,69,44
29403,IMU,544,1148,-372,8348,-94,62,45
29421,IMU,545,980,-404,8436,-87,55,45
29441,IMU,546,968,-476,8388,-119,54,46
29459,IMU,547,1056,-428,8492,-113,59,43
29478,IMU,548,1064,-412,8456,-96,68,40
29497,IMU,549,1032,-464,8440,-94,61,30
29517,IMU,550,1064,-380,8348,-108,69,62
29536,IMU,551,1104,-344,8440,-92,65,48
29555,IMU,552,1176,-356,8484,-112,68,40
29574,IMU,553,1144,-436,8404,-120,57,38
29597,IMU,554,1088,-392,8444,-97,79,29
29612,IMU,555,1076,-416,8452,-96,58,45
29632,IMU,556,1108,-464,8316,-86,57,43
29651,IMU,557,1116,-508,8380,-106,53,41
29670,IMU,558,1156,-408,8452,-99,48,38
29689,IMU,559,1072,-388,8484,-90,47,28
29708,IMU,560,1060,-416,8476,-104,54,38
29727,IMU,561,1076,-492,8416,-86,62,28
29747,IMU,562,1116,-396,8396,-104,46,41
29766,IMU,563,1008,-440,8376,-102,60,35
29785,IMU,564,1048,-332,8360,-85,65,52
29804,IMU,565,1096,-392,8532,-106,52,26
29825,IMU,566,1072,-340,8480,-97,67,42
29846,IMU,567,1032,-392,8496,-104,65,32
29861,IMU,568,1116,-396,8408,-103,70,46
29881,IMU,569,1120,-384,8384,-90,63,56
29900,IMU,570,1120,-396,8356,-106,63,43
29919,IMU,571,1040,-436,8304,-113,54,26
29938,IMU,572,1008,-348,8352,-95,68,28
29957,IMU,573,1056,-404,8460,-84,56,49
29976,IMU,574,1060,-344,8428,-95,77,55
29996,IMU,575,1244,-428,8420,-105,61,40
30015,IMU,576,1064,-476,8440,-85,64,45
30035,IMU,577,1056,-528,8348,-85,55,24
30053,IMU,578,1084,-352,8428,-88,68,41
30072,IMU,579,1036,-376,8532,-102,59,42
30091,IMU,580,1148,-412,8508,-97,61,36
30111,IMU,581,1172,-384,8308,-99,53,38
30130,IMU,582,1132,-392,8468,-94,42,45
30149,IMU,583,1076,-400,8384,-89,55,49
30168,IMU,584,1088,-432,8396,-99,45,50
30187,IMU,585,1100,-356,8404,-91,61,27
30206,IMU,586,1044,-408,8412,-77,56,36
30226,IMU,587,1100,-428,8464,-112,71,36
30248,IMU,588,1152,-384,8420,-104,53,44
30265,IMU,589,1124,-396,8400,-90,71,41
30283,IMU,590,1048,-400,8392,-83,69,34
30302,IMU,591,1096,-444,8344,-97,56,43
30321,IMU,592,1092,-256,8420,-90,48,28
30340,IMU,593,1140,-380,8416,-109,46,28
30360,IMU,594,1160,-460,8500,-87,54,25
30380,IMU,595,1072,-404,8396,-97,52,41
30398,IMU,596,1096,-368,8424,-89,62,57
30417,IMU,597,1172,-428,8436,-95,48,55
30436,IMU,598,1056,-420,8368,-102,62,37
30455,IMU,599,1144,-524,8400,-114,59,29
30477,IMU,600,1116,-452,8412,-96,46,51
30494,IMU,601,1044,-448,8368,-99,58,30
30513,IMU,602,1072,-520,8384,-88,68,47
30532,IMU,603,1148,-444,8456,-104,58,29
30551,IMU,604,1168,-452,8468,-102,46,41
30570,IMU,605,1016,-368,8456,-89,67,36
30589,IMU,606,972,-348,8392,-91,48,34
30609,IMU,607,1108,-408,8360,-119,62,36
30628,IMU,608,1052,-396,8384,-90,61,49
30647,IMU,609,1020,-352,8420,-95,52,35
30666,IMU,610,1152,-324,8360,-100,45,44
30690,IMU,611,1168,-348,8508,-85,56,28
30704,IMU,612,1160,-368,8428,-109,55,31
30723,IMU,613,1172,-404,8420,-89,60,52
30742,IMU,614,1000,-416,8484,-104,63,59
30761,IMU,615,1092,-396,8416,-102,66,35
30781,IMU,616,1076,-448,8348,-108,66,45
30800,IMU,617,1256,-368,8468,-93,62,41
30819,IMU,618,1076,-352,8440,-92,58,29
30838,IMU,619,1052,-432,8344,-91,56,32
30857,IMU,620,972,-476,8404,-118,71,40
30876,IMU,621,1088,-416,8396,-106,58,46
30895,IMU,622,1000,-456,8420,-95,56,44
30916,IMU,623,1028,-436,8444,-95,61,58
27312,ECG,2048,1551,0,0,0,0,0
27316,ECG,2049,1541,0,0,0,0,0
27316,ECG,2050,1531,0,0,0,0,0
27321,ECG,2051,1520,0,0,0,0,0
27321,ECG,2052,1510,0,0,0,0,0
27321,ECG,2053,1500,0,0,0,0,0
27326,ECG,2054,1490,0,0,0,0,0
27326,ECG,2055,1480,0,0,0,0,0
27331,ECG,2056,1470,0,0,0,0,0
27331,ECG,2057,1460,0,0,0,0,0
27331,ECG,2058,1451,0,0,0,0,0
27336,ECG,2059,1441,0,0,0,0,0
27336,ECG,2060,1431,0,0,0,0,0
27341,ECG,2061,1422,0,0,0,0,0
27341,ECG,2062,1412,0,0,0,0,0
27341,ECG,2063,1403,0,0,0,0,0
27346,ECG,2064,1393,0,0,0,0,0
27346,ECG,2065,1384,0,0,0,0,0
27351,ECG,2066,1365,0,0,0,0,0
27351,ECG,2067,1356,0,0,0,0,0
27356,ECG,2068,1347,0,0,0,0,0
27356,ECG,2069,1338,0,0,0,0,0
27357,ECG,2070,1329,0,0,0,0,0
27361,ECG,2071,1320,0,0,0,0,0
27361,ECG,2072,1311,0,0,0,0,0
27366,ECG,2073,1302,0,0,0,0,0
27366,ECG,2074,1294,0,0,0,0,0
27371,ECG,2075,1276,0,0,0,0,0
27371,ECG,2076,1268,0,0,0,0,0
27376,ECG,2077,1259,0,0,0,0,0
27376,ECG,2078,1251,0,0,0,0,0
27376,ECG,2079,1242,0,0,0,0,0
27381,ECG,2080,1234,0,0,0,0,0
27381,ECG,2081,1225,0,0,0,0,0
27386,ECG,2082,1217,0,0,0,0,0
27386,ECG,2083,1209,0,0,0,0,0
27386,ECG,2084,1201,0,0,0,0,0
27391,ECG,2085,1192,0,0,0,0,0
27391,ECG,2086,1184,0,0,0,0,0
28398,ECG,2087,0,0,0,0,0,0
28398,ECG,2088,-1,0,0,0,0,0
28398,ECG,2089,-6,0,0,0,0,0
28403,ECG,2090,2,0,0,0,0,0
28403,ECG,2091,6,0,0,0,0,0
28408,ECG,2092,38,0,0,0,0,0
28408,ECG,2093,-16,0,0,0,0,0
28413,ECG,2094,-26,0,0,0,0,0
28413,ECG,2095,151,0,0,0,0,0
28414,ECG,2096,-753,0,0,0,0,0
28418,ECG,2097,-2109,0,0,0,0,0
28418,ECG,2098,-1850,0,0,0,0,0
28423,ECG,2099,-36,0,0,0,0,0
28423,ECG,2100,3394,0,0,0,0,0
28428,ECG,2101,15156,0,0,0,0,0
28428,ECG,2102,21689,0,0,0,0,0
28433,ECG,2103,27397,0,0,0,0,0
28433,ECG,2104,31311,0,0,0,0,0
28433,ECG,2105,32011,0,0,0,0,0
28438,ECG,2106,31810,0,0,0,0,0
28438,ECG,2107,31610,0,0,0,0,0
28443,ECG,2108,31343,0,0,0,0,0
28443,ECG,2109,31109,0,0,0,0,0
28443,ECG,2110,31019,0,0,0,0,0
28448,ECG,2111,30731,0,0,0,0,0
28448,ECG,2112,30591,0,0,0,0,0
28453,ECG,2113,30395,0,0,0,0,0
28453,ECG,2114,30195,0,0,0,0,0
28453,ECG,2115,30019,0,0,0,0,0
28458,ECG,2116,29827,0,0,0,0,0
28458,ECG,2117,29638,0,0,0,0,0
28463,ECG,2118,29266,0,0,0,0,0
28463,ECG,2119,29082,0,0,0,0,0
28468,ECG,2120,28900,0,0,0,0,0
28468,ECG,2121,28718,0,0,0,0,0
28473,ECG,2122,28358,0,0,0,0,0
28473,ECG,2123,28180,0,0,0,0,0
28478,ECG,2124,28002,0,0,0,0,0
28478,ECG,2125,27826,0,0,0,0,0
28478,ECG,2126,27651,0,0,0,0,0
28483,ECG,2127,27478,0,0,0,0,0
28483,ECG,2128,27305,0,0,0,0,0
28488,ECG,2129,27133,0,0,0,0,0
28488,ECG,2130,26963,0,0,0,0,0
28488,ECG,2131,26793,0,0,0,0,0
28493,ECG,2132,26625,0,0,0,0,0
28493,ECG,2133,26457,0,0,0,0,0
28498,ECG,2134,26291,0,0,0,0,0
28498,ECG,2135,26126,0,0,0,0,0
28498,ECG,2136,25961,0,0,0,0,0
28503,ECG,2137,25798,0,0,0,0,0
28503,ECG,2138,25636,0,0,0,0,0
28508,ECG,2139,25314,0,0,0,0,0
28508,ECG,2140,25155,0,0,0,0,0
28513,ECG,2141,24997,0,0,0,0,0
28513,ECG,2142,24840,0,0,0,0,0
28518,ECG,2143,24528,0,0,0,0,0
28518,ECG,2144,24374,0,0,0,0,0
28523,ECG,2145,24221,0,0,0,0,0
28523,ECG,2146,24068,0,0,0,0,0
28528,ECG,2147,23766,0,0,0,0,0
28528,ECG,2148,23617,0,0,0,0,0
28533,ECG,2149,23468,0,0,0,0,0
28533,ECG,2150,23321,0,0,0,0,0
28533,ECG,2151,23174,0,0,0,0,0
28538,ECG,2152,23028,0,0,0,0,0
28538,ECG,2153,22883,0,0,0,0,0
28543,ECG,2154,22739,0,0,0,0,0
28543,ECG,2155,22596,0,0,0,0,0
28543,ECG,2156,22454,0,0,0,0,0
28548,ECG,2157,22313,0,0,0,0,0
28548,ECG,2158,22172,0,0,0,0,0
28553,ECG,2159,22033,0,0,0,0,0
28553,ECG,2160,21894,0,0,0,0,0
28553,ECG,2161,21756,0,0,0,0,0
28558,ECG,2162,21619,0,0,0,0,0
28558,ECG,2163,21483,0,0,0,0,0
28563,ECG,2164,21214,0,0,0,0,0
28563,ECG,2165,21080,0,0,0,0,0
28568,ECG,2166,20948,0,0,0,0,0
28568,ECG,2167,20816,0,0,0,0,0
28569,ECG,2168,20685,0,0,0,0,0
28573,ECG,2169,20555,0,0,0,0,0
28573,ECG,2170,20425,0,0,0,0,0
28578,ECG,2171,20297,0,0,0,0,0
28578,ECG,2172,20169,0,0,0,0,0
28583,ECG,2173,19916,0,0,0,0,0
28583,ECG,2174,19790,0,0,0,0,0
28588,ECG,2175,19666,0,0,0,0,0
28588,ECG,2176,19542,0,0,0,0,0
28588,ECG,2177,19419,0,0,0,0,0
28593,ECG,2178,19297,0,0,0,0,0
28593,ECG,2179,19175,0,0,0,0,0
28598,ECG,2180,19055,0,0,0,0,0
28598,ECG,2181,18935,0,0,0,0,0
28598,ECG,2182,18815,0,0,0,0,0
28603,ECG,2183,18697,0,0,0,0,0
28603,ECG,2184,18579,0,0,0,0,0
28608,ECG,2185,18462,0,0,0,0,0
28608,ECG,2186,18346,0,0,0,0,0
28608,ECG,2187,18230,0,0,0,0,0
28613,ECG,2188,18116,0,0,0,0,0
28613,ECG,2189,18002,0,0,0,0,0
28618,ECG,2190,17775,0,0,0,0,0
28618,ECG,2191,17663,0,0,0,0,0
28623,ECG,2192,17552,0,0,0,0,0
28623,ECG,2193,17442,0,0,0,0,0
28628,ECG,2194,17222,0,0,0,0,0
28628,ECG,2195,17114,0,0,0,0,0
28633,ECG,2196,17006,0,0,0,0,0
28633,ECG,2197,16899,0,0,0,0,0
28633,ECG,2198,16792,0,0,0,0,0
28638,ECG,2199,16687,0,0,0,0,0
28638,ECG,2200,16581,0,0,0,0,0
28643,ECG,2201,16477,0,0,0,0,0
28643,ECG,2202,16373,0,0,0,0,0
28643,ECG,2203,16270,0,0,0,0,0
28648,ECG,2204,16167,0,0,0,0,0
28648,ECG,2205,16065,0,0,0,0,0
28653,ECG,2206,15964,0,0,0,0,0
28653,ECG,2207,15864,0,0,0,0,0
28653,ECG,2208,15764,0,0,0,0,0
28658,ECG,2209,15664,0,0,0,0,0
28658,ECG,2210,15566,0,0,0,0,0
28663,ECG,2211,15370,0,0,0,0,0
28663,ECG,2212,15273,0,0,0,0,0
28668,ECG,2213,15177,0,0,0,0,0
28668,ECG,2214,15081,0,0,0,0,0
28669,ECG,2215,14986,0,0,0,0,0
28673,ECG,2216,14891,0,0,0,0,0
28673,ECG,2217,14797,0,0,0,0,0
28678,ECG,2218,14704,0,0,0,0,0
28678,ECG,2219,14611,0,0,0,0,0
28683,ECG,2220,14428,0,0,0,0,0
28683,ECG,2221,14337,0,0,0,0,0
28688,ECG,2222,14246,0,0,0,0,0
28688,ECG,2223,14156,0,0,0,0,0
28688,ECG,2224,14067,0,0,0,0,0
28693,ECG,2225,13978,0,0,0,0,0
28693,ECG,2226,13890,0,0,0,0,0
28698,ECG,2227,13802,0,0,0,0,0
28698,ECG,2228,13715,0,0,0,0,0
28698,ECG,2229,13629,0,0,0,0,0
28703,ECG,2230,13543,0,0,0,0,0
28703,ECG,2231,13457,0,0,0,0,0
28708,ECG,2232,13372,0,0,0,0,0
28708,ECG,2233,13288,0,0,0,0,0
28708,ECG,2234,13204,0,0,0,0,0
28713,ECG,2235,13121,0,0,0,0,0
28713,ECG,2236,13038,0,0,0,0,0
28718,ECG,2237,12874,0,0,0,0,0
28718,ECG,2238,12793,0,0,0,0,0
28723,ECG,2239,12712,0,0,0,0,0
28723,ECG,2240,12632,0,0,0,0,0
28728,ECG,2241,12473,0,0,0,0,0
28728,ECG,2242,12394,0,0,0,0,0
28733,ECG,2243,12316,0,0,0,0,0
28733,ECG,2244,12238,0,0,0,0,0
28733,ECG,2245,12161,0,0,0,0,0
28738,ECG,2246,12084,0,0,0,0,0
28738,ECG,2247,12008,0,0,0,0,0
28743,ECG,2248,11932,0,0,0,0,0
28743,ECG,2249,11857,0,0,0,0,0
28743,ECG,2250,11782,0,0,0,0,0
28748,ECG,2251,11707,0,0,0,0,0
28748,ECG,2252,11633,0,0,0,0,0
28753,ECG,2253,11560,0,0,0,0,0
28753,ECG,2254,11487,0,0,0,0,0
28753,ECG,2255,11414,0,0,0,0,0
28758,ECG,2256,11342,0,0,0,0,0
28758,ECG,2257,11271,0,0,0,0,0
28763,ECG,2258,11129,0,0,0,0,0
28763,ECG,2259,11058,0,0,0,0,0
28768,ECG,2260,10988,0,0,0,0,0
28768,ECG,2261,10919,0,0,0,0,0
28769,ECG,2262,10850,0,0,0,0,0
28773,ECG,2263,10781,0,0,0,0,0
28773,ECG,2264,10713,0,0,0,0,0
28778,ECG,2265,10645,0,0,0,0,0
28778,ECG,2266,10578,0,0,0,0,0
28778,ECG,2267,10511,0,0,0,0,0
28783,ECG,2268,10445,0,0,0,0,0
28783,ECG,2269,10379,0,0,0,0,0
28788,ECG,2270,10313,0,0,0,0,0
28788,ECG,2271,10248,0,0,0,0,0
28788,ECG,2272,10183,0,0,0,0,0
28793,ECG,2273,10118,0,0,0,0,0
28793,ECG,2274,10054,0,0,0,0,0
28798,ECG,2275,9991,0,0,0,0,0
28798,ECG,2276,9928,0,0,0,0,0
28798,ECG,2277,9865,0,0,0,0,0
28803,ECG,2278,9802,0,0,0,0,0
28803,ECG,2279,9740,0,0,0,0,0
28808,ECG,2280,9679,0,0,0,0,0
28808,ECG,2281,9617,0,0,0,0,0
28808,ECG,2282,9557,0,0,0,0,0
28813,ECG,2283,9496,0,0,0,0,0
28813,ECG,2284,9436,0,0,0,0,0
28818,ECG,2285,9317,0,0,0,0,0
28818,ECG,2286,9258,0,0,0,0,0
28823,ECG,2287,9200,0,0,0,0,0
28823,ECG,2288,9141,0,0,0,0,0
28828,ECG,2289,9026,0,0,0,0,0
28828,ECG,2290,8969,0,0,0,0,0
28833,ECG,2291,8912,0,0,0,0,0
28833,ECG,2292,8855,0,0,0,0,0
28833,ECG,2293,8799,0,0,0,0,0
28838,ECG,2294,8744,0,0,0,0,0
28838,ECG,2295,8688,0,0,0,0,0
28843,ECG,2296,8633,0,0,0,0,0
28843,ECG,2297,8578,0,0,0,0,0
28843,ECG,2298,8524,0,0,0,0,0
28848,ECG,2299,8470,0,0,0,0,0
28848,ECG,2300,8416,0,0,0,0,0
28853,ECG,2301,8363,0,0,0,0,0
28853,ECG,2302,8310,0,0,0,0,0
28853,ECG,2303,8257,0,0,0,0,0
28858,ECG,2304,8205,0,0,0,0,0
28858,ECG,2305,8153,0,0,0,0,0
28863,ECG,2306,8101,0,0,0,0,0
28863,ECG,2307,8050,0,0,0,0,0
28863,ECG,2308,7999,0,0,0,0,0
28868,ECG,2309,7948,0,0,0,0,0
28868,ECG,2310,7898,0,0,0,0,0
28873,ECG,2311,7798,0,0,0,0,0
28873,ECG,2312,7749,0,0,0,0,0
28878,ECG,2313,7699,0,0,0,0,0
28878,ECG,2314,7651,0,0,0,0,0
28883,ECG,2315,7554,0,0,0,0,0
28883,ECG,2316,7506,0,0,0,0,0
28888,ECG,2317,7458,0,0,0,0,0
28888,ECG,2318,7411,0,0,0,0,0
28888,ECG,2319,7364,0,0,0,0,0
28893,ECG,2320,7317,0,0,0,0,0
28893,ECG,2321,7271,0,0,0,0,0
28898,ECG,2322,7224,0,0,0,0,0
28898,ECG,2323,7178,0,0,0,0,0
28898,ECG,2324,7133,0,0,0,0,0
28903,ECG,2325,7088,0,0,0,0,0
28903,ECG,2326,7043,0,0,0,0,0
28908,ECG,2327,6998,0,0,0,0,0
28908,ECG,2328,6953,0,0,0,0,0
28908,ECG,2329,6909,0,0,0,0,0
28913,ECG,2330,6865,0,0,0,0,0
28913,ECG,2331,6821,0,0,0,0,0
28918,ECG,2332,6735,0,0,0,0,0
28918,ECG,2333,6692,0,0,0,0,0
28923,ECG,2334,6650,0,0,0,0,0
28923,ECG,2335,6608,0,0,0,0,0
28928,ECG,2336,6524,0,0,0,0,0
28928,ECG,2337,6482,0,0,0,0,0
28933,ECG,2338,6441,0,0,0,0,0
28933,ECG,2339,6400,0,0,0,0,0
28933,ECG,2340,6359,0,0,0,0,0
28938,ECG,2341,6319,0,0,0,0,0
28938,ECG,2342,6279,0,0,0,0,0
28943,ECG,2343,6239,0,0,0,0,0
28943,ECG,2344,6199,0,0,0,0,0
28943,ECG,2345,6159,0,0,0,0,0
28948,ECG,2346,6120,0,0,0,0,0
28948,ECG,2347,6081,0,0,0,0,0
28953,ECG,2348,6042,0,0,0,0,0
28953,ECG,2349,6004,0,0,0,0,0
28953,ECG,2350,5966,0,0,0,0,0
28958,ECG,2351,5928,0,0,0,0,0
28958,ECG,2352,5890,0,0,0,0,0
28963,ECG,2353,5852,0,0,0,0,0
28963,ECG,2354,5815,0,0,0,0,0
28963,ECG,2355,5778,0,0,0,0,0
28968,ECG,2356,5741,0,0,0,0,0
28968,ECG,2357,5705,0,0,0,0,0
28969,ECG,2358,5669,0,0,0,0,0
28973,ECG,2359,5632,0,0,0,0,0
28973,ECG,2360,5596,0,0,0,0,0
28978,ECG,2361,5561,0,0,0,0,0
28978,ECG,2362,5525,0,0,0,0,0
28983,ECG,2363,5455,0,0,0,0,0
28983,ECG,2364,5420,0,0,0,0,0
28988,ECG,2365,5386,0,0,0,0,0
28988,ECG,2366,5351,0,0,0,0,0
28988,ECG,2367,5317,0,0,0,0,0
28993,ECG,2368,5283,0,0,0,0,0
28993,ECG,2369,5249,0,0,0,0,0
28998,ECG,2370,5216,0,0,0,0,0
28998,ECG,2371,5183,0,0,0,0,0
28998,ECG,2372,5150,0,0,0,0,0
29003,ECG,2373,5117,0,0,0,0,0
29003,ECG,2374,5084,0,0,0,0,0
29008,ECG,2375,5051,0,0,0,0,0
29008,ECG,2376,5019,0,0,0,0,0
29008,ECG,2377,4987,0,0,0,0,0
29013,ECG,2378,4955,0,0,0,0,0
29013,ECG,2379,4924,0,0,0,0,0
29018,ECG,2380,4861,0,0,0,0,0
29018,ECG,2381,4830,0,0,0,0,0
29023,ECG,2382,4799,0,0,0,0,0
29023,ECG,2383,4768,0,0,0,0,0
29024,ECG,2384,4738,0,0,0,0,0
29028,ECG,2385,4707,0,0,0,0,0
29028,ECG,2386,4677,0,0,0,0,0
29033,ECG,2387,4647,0,0,0,0,0
29033,ECG,2388,4618,0,0,0,0,0
29038,ECG,2389,4559,0,0,0,0,0
29038,ECG,2390,4530,0,0,0,0,0
29043,ECG,2391,4501,0,0,0,0,0
29043,ECG,2392,4472,0,0,0,0,0
29043,ECG,2393,4443,0,0,0,0,0
29048,ECG,2394,4415,0,0,0,0,0
29048,ECG,2395,4386,0,0,0,0,0
29053,ECG,2396,4358,0,0,0,0,0
29053,ECG,2397,4330,0,0,0,0,0
29053,ECG,2398,4303,0,0,0,0,0
29058,ECG,2399,4275,0,0,0,0,0
29058,ECG,2400,4248,0,0,0,0,0
29063,ECG,2401,4220,0,0,0,0,0
29063,ECG,2402,4193,0,0,0,0,0
29063,ECG,2403,4166,0,0,0,0,0
29068,ECG,2404,4140,0,0,0,0,0
29068,ECG,2405,4113,0,0,0,0,0
29073,ECG,2406,4060,0,0,0,0,0
29073,ECG,2407,4034,0,0,0,0,0
29078,ECG,2408,4008,0,0,0,0,0
29078,ECG,2409,3983,0,0,0,0,0
29083,ECG,2410,3932,0,0,0,0,0
29083,ECG,2411,3906,0,0,0,0,0
29088,ECG,2412,3881,0,0,0,0,0
29088,ECG,2413,3856,0,0,0,0,0
29088,ECG,2414,3832,0,0,0,0,0
29093,ECG,2415,3807,0,0,0,0,0
29093,ECG,2416,3782,0,0,0,0,0
29098,ECG,2417,3758,0,0,0,0,0
29098,ECG,2418,3734,0,0,0,0,0
29098,ECG,2419,3710,0,0,0,0,0
29103,ECG,2420,3686,0,0,0,0,0
29103,ECG,2421,3662,0,0,0,0,0
29108,ECG,2422,3639,0,0,0,0,0
29108,ECG,2423,3615,0,0,0,0,0
29108,ECG,2424,3592,0,0,0,0,0
29113,ECG,2425,3569,0,0,0,0,0
29113,ECG,2426,3546,0,0,0,0,0
29118,ECG,2427,3500,0,0,0,0,0
29118,ECG,2428,3478,0,0,0,0,0
29123,ECG,2429,3455,0,0,0,0,0
29123,ECG,2430,3433,0,0,0,0,0
29124,ECG,2431,3411,0,0,0,0,0
29128,ECG,2432,3389,0,0,0,0,0
29128,ECG,2433,3367,0,0,0,0,0
29133,ECG,2434,3345,0,0,0,0,0
29133,ECG,2435,3324,0,0,0,0,0
29138,ECG,2436,3281,0,0,0,0,0
29138,ECG,2437,3260,0,0,0,0,0
29143,ECG,2438,3239,0,0,0,0,0
29143,ECG,2439,3218,0,0,0,0,0
29143,ECG,2440,3197,0,0,0,0,0
29148,ECG,2441,3176,0,0,0,0,0
29148,ECG,2442,3156,0,0,0,0,0
29153,ECG,2443,3135,0,0,0,0,0
29153,ECG,2444,3115,0,0,0,0,0
29153,ECG,2445,3095,0,0,0,0,0
29158,ECG,2446,3075,0,0,0,0,0
29158,ECG,2447,3055,0,0,0,0,0
29163,ECG,2448,3035,0,0,0,0,0
29163,ECG,2449,3015,0,0,0,0,0
29163,ECG,2450,2996,0,0,0,0,0
29168,ECG,2451,2976,0,0,0,0,0
29168,ECG,2452,2957,0,0,0,0,0
29173,ECG,2453,2919,0,0,0,0,0
29173,ECG,2454,2900,0,0,0,0,0
29178,ECG,2455,2881,0,0,0,0,0
29178,ECG,2456,2862,0,0,0,0,0
29183,ECG,2457,2825,0,0,0,0,0
29183,ECG,2458,2807,0,0,0,0,0
29188,ECG,2459,2789,0,0,0,0,0
29188,ECG,2460,2771,0,0,0,0,0
29188,ECG,2461,2753,0,0,0,0,0
29193,ECG,2462,2735,0,0,0,0,0
29193,ECG,2463,2717,0,0,0,0,0
29198,ECG,2464,2700,0,0,0,0,0
29198,ECG,2465,2682,0,0,0,0,0
29198,ECG,2466,2665,0,0,0,0,0
29203,ECG,2467,2647,0,0,0,0,0
29203,ECG,2468,2630,0,0,0,0,0
29208,ECG,2469,2613,0,0,0,0,0
29208,ECG,2470,2596,0,0,0,0,0
29208,ECG,2471,2579,0,0,0,0,0
29213,ECG,2472,2562,0,0,0,0,0
29213,ECG,2473,2546,0,0,0,0,0
29218,ECG,2474,2513,0,0,0,0,0
29218,ECG,2475,2496,0,0,0,0,0
29223,ECG,2476,2480,0,0,0,0,0
29223,ECG,2477,2464,0,0,0,0,0
29228,ECG,2478,2432,0,0,0,0,0
29228,ECG,2479,2416,0,0,0,0,0
29233,ECG,2480,2400,0,0,0,0,0
29233,ECG,2481,2385,0,0,0,0,0
29233,ECG,2482,2369,0,0,0,0,0
29238,ECG,2483,2354,0,0,0,0,0
29238,ECG,2484,2338,0,0,0,0,0
29243,ECG,2485,2323,0,0,0,0,0
29243,ECG,2486,2308,0,0,0,0,0
29243,ECG,2487,2293,0,0,0,0,0
29248,ECG,2488,2278,0,0,0,0,0
29248,ECG,2489,2263,0,0,0,0,0
29253,ECG,2490,2248,0,0,0,0,0
29253,ECG,2491,2233,0,0,0,0,0
29253,ECG,2492,2219,0,0,0,0,0
29258,ECG,2493,2204,0,0,0,0,0
29258,ECG,2494,2190,0,0,0,0,0
29263,ECG,2495,2176,0,0,0,0,0
29263,ECG,2496,2161,0,0,0,0,0
29263,ECG,2497,2147,0,0,0,0,0
29268,ECG,2498,2133,0,0,0,0,0
29268,ECG,2499,2119,0,0,0,0,0
29273,ECG,2500,2091,0,0,0,0,0
29273,ECG,2501,2078,0,0,0,0,0
29278,ECG,2502,2064,0,0,0,0,0
29278,ECG,2503,2050,0,0,0,0,0
29283,ECG,2504,2023,0,0,0,0,0
29283,ECG,2505,2010,0,0,0,0,0
29288,ECG,2506,1997,0,0,0,0,0
29288,ECG,2507,1984,0,0,0,0,0
29288,ECG,2508,1971,0,0,0,0,0
29293,ECG,2509,1958,0,0,0,0,0
29293,ECG,2510,1945,0,0,0,0,0
29298,ECG,2511,1932,0,0,0,0,0
29298,ECG,2512,1919,0,0,0,0,0
29298,ECG,2513,1906,0,0,0,0,0
29303,ECG,2514,1894,0,0,0,0,0
29303,ECG,2515,1881,0,0,0,0,0
29308,ECG,2516,1869,0,0,0,0,0
29308,ECG,2517,1857,0,0,0,0,0
29308,ECG,2518,1844,0,0,0,0,0
29313,ECG,2519,1832,0,0,0,0,0
29313,ECG,2520,1820,0,0,0,0,0
29318,ECG,2521,1796,0,0,0,0,0
29318,ECG,2522,1784,0,0,0,0,0
29323,ECG,2523,1772,0,0,0,0,0
29323,ECG,2524,1761,0,0,0,0,0
29328,ECG,2525,1737,0,0,0,0,0
29328,ECG,2526,1726,0,0,0,0,0
29333,ECG,2527,1714,0,0,0,0,0
29333,ECG,2528,1703,0,0,0,0,0
29333,ECG,2529,1692,0,0,0,0,0
29338,ECG,2530,1681,0,0,0,0,0
29338,ECG,2531,1669,0,0,0,0,0
29343,ECG,2532,1658,0,0,0,0,0
29343,ECG,2533,1647,0,0,0,0,0
29343,ECG,2534,1636,0,0,0,0,0
29348,ECG,2535,1625,0,0,0,0,0
29348,ECG,2536,1615,0,0,0,0,0
29353,ECG,2537,1604,0,0,0,0,0
29353,ECG,2538,1593,0,0,0,0,0
29353,ECG,2539,1583,0,0,0,0,0
29358,ECG,2540,1572,0,0,0,0,0
29358,ECG,2541,1562,0,0,0,0,0
29363,ECG,2542,1541,0,0,0,0,0
29363,ECG,2543,1531,0,0,0,0,0
29368,ECG,2544,1520,0,0,0,0,0
29368,ECG,2545,1510,0,0,0,0,0
29369,ECG,2546,1500,0,0,0,0,0
29373,ECG,2547,1490,0,0,0,0,0
29373,ECG,2548,1480,0,0,0,0,0
29378,ECG,2549,1470,0,0,0,0,0
29378,ECG,2550,1460,0,0,0,0,0
29378,ECG,2551,1451,0,0,0,0,0
29383,ECG,2552,1441,0,0,0,0,0
29383,ECG,2553,1431,0,0,0,0,0
29388,ECG,2554,1422,0,0,0,0,0
29388,ECG,2555,1412,0,0,0,0,0
29388,ECG,2556,1403,0,0,0,0,0
29393,ECG,2557,1393,0,0,0,0,0
29393,ECG,2558,1384,0,0,0,0,0
29399,ECG,2559,1375,0,0,0,0,0
29399,ECG,2560,1365,0,0,0,0,0
29399,ECG,2561,1356,0,0,0,0,0
29404,ECG,2562,1347,0,0,0,0,0
29404,ECG,2563,1338,0,0,0,0,0
29404,ECG,2564,1329,0,0,0,0,0
29409,ECG,2565,1320,0,0,0,0,0
29409,ECG,2566,1311,0,0,0,0,0
29414,ECG,2567,1294,0,0,0,0,0
29414,ECG,2568,1285,0,0,0,0,0
29419,ECG,2569,1276,0,0,0,0,0
29419,ECG,2570,1268,0,0,0,0,0
29424,ECG,2571,1251,0,0,0,0,0
29424,ECG,2572,1242,0,0,0,0,0
29429,ECG,2573,1234,0,0,0,0,0
29429,ECG,2574,1225,0,0,0,0,0
29429,ECG,2575,1217,0,0,0,0,0
29434,ECG,2576,1209,0,0,0,0,0
29434,ECG,2577,1201,0,0,0,0,0
29439,ECG,2578,1192,0,0,0,0,0
29439,ECG,2579,1184,0,0,0,0,0
29439,ECG,2580,1176,0,0,0,0,0
29444,ECG,2581,1168,0,0,0,0,0
29444,ECG,2582,1160,0,0,0,0,0
29449,ECG,2583,1152,0,0,0,0,0
29449,ECG,2584,1145,0,0,0,0,0
29449,ECG,2585,1137,0,0,0,0,0
29454,ECG,2586,1129,0,0,0,0,0
29454,ECG,2587,1121,0,0,0,0,0
30461,ECG,2588,0,0,0,0,0,0
30461,ECG,2589,-1,0,0,0,0,0
30461,ECG,2590,-6,0,0,0,0,0
30466,ECG,2591,2,0,0,0,0,0
30466,ECG,2592,6,0,0,0,0,0
30471,ECG,2593,38,0,0,0,0,0
30471,ECG,2594,-16,0,0,0,0,0
30476,ECG,2595,-26,0,0,0,0,0
30476,ECG,2596,151,0,0,0,0,0
30481,ECG,2597,-2109,0,0,0,0,0
30481,ECG,2598,-1850,0,0,0,0,0
30486,ECG,2599,-36,0,0,0,0,0
30486,ECG,2600,3394,0,0,0,0,0
30486,ECG,2601,8729,0,0,0,0,0
30491,ECG,2602,15156,0,0,0,0,0
30491,ECG,2603,21689,0,0,0,0,0
30496,ECG,2604,27397,0,0,0,0,0
30496,ECG,2605,31311,0,0,0,0,0
30496,ECG,2606,32011,0,0,0,0,0
30501,ECG,2607,31810,0,0,0,0,0
30501,ECG,2608,31610,0,0,0,0,0
30506,ECG,2609,31343,0,0,0,0,0
30506,ECG,2610,31109,0,0,0,0,0
30506,ECG,2611,31019,0,0,0,0,0
30511,ECG,2612,30731,0,0,0,0,0
30511,ECG,2613,30591,0,0,0,0,0
30516,ECG,2614,30395,0,0,0,0,0
30516,ECG,2615,30195,0,0,0,0,0
30516,ECG,2616,30019,0,0,0,0,0
30521,ECG,2617,29827,0,0,0,0,0
30521,ECG,2618,29638,0,0,0,0,0
30526,ECG,2619,29266,0,0,0,0,0
30526,ECG,2620,29082,0,0,0,0,0
30531,ECG,2621,28900,0,0,0,0,0
30531,ECG,2622,28718,0,0,0,0,0
30536,ECG,2623,28358,0,0,0,0,0
30536,ECG,2624,28180,0,0,0,0,0
30541,ECG,2625,28002,0,0,0,0,0
30541,ECG,2626,27826,0,0,0,0,0
30541,ECG,2627,27651,0,0,0,0,0
30546,ECG,2628,27478,0,0,0,0,0
30546,ECG,2629,27305,0,0,0,0,0
30551,ECG,2630,27133,0,0,0,0,0
30551,ECG,2631,26963,0,0,0,0,0
30551,ECG,2632,26793,0,0,0,0,0
30556,ECG,2633,26625,0,0,0,0,0
30556,ECG,2634,26457,0,0,0,0,0
30561,ECG,2635,26291,0,0,0,0,0
30561,ECG,2636,26126,0,0,0,0,0
30561,ECG,2637,25961,0,0,0,0,0
30566,ECG,2638,25798,0,0,0,0,0
30566,ECG,2639,25636,0,0,0,0,0
30571,ECG,2640,25314,0,0,0,0,0
30571,ECG,2641,25155,0,0,0,0,0
30576,ECG,2642,24997,0,0,0,0,0
30576,ECG,2643,24840,0,0,0,0,0
30577,ECG,2644,24683,0,0,0,0,0
30581,ECG,2645,24528,0,0,0,0,0
30581,ECG,2646,24374,0,0,0,0,0
30586,ECG,2647,24221,0,0,0,0,0
30586,ECG,2648,24068,0,0,0,0,0
30591,ECG,2649,23766,0,0,0,0,0
30591,ECG,2650,23617,0,0,0,0,0
30596,ECG,2651,23468,0,0,0,0,0
30596,ECG,2652,23321,0,0,0,0,0
30596,ECG,2653,23174,0,0,0,0,0
30601,ECG,2654,23028,0,0,0,0,0
30601,ECG,2655,22883,0,0,0,0,0
30606,ECG,2656,22739,0,0,0,0,0
30606,ECG,2657,22596,0,0,0,0,0
30606,ECG,2658,22454,0,0,0,0,0
30611,ECG,2659,22313,0,0,0,0,0
30611,ECG,2660,22172,0,0,0,0,0
30616,ECG,2661,22033,0,0,0,0,0
30616,ECG,2662,21894,0,0,0,0,0
30616,ECG,2663,21756,0,0,0,0,0
30621,ECG,2664,21619,0,0,0,0,0
30621,ECG,2665,21483,0,0,0,0,0
30626,ECG,2666,21214,0,0,0,0,0
30626,ECG,2667,21080,0,0,0,0,0
30631,ECG,2668,20948,0,0,0,0,0
30631,ECG,2669,20816,0,0,0,0,0
30636,ECG,2670,20555,0,0,0,0,0
30636,ECG,2671,20425,0,0,0,0,0
30641,ECG,2672,20297,0,0,0,0,0
30641,ECG,2673,20169,0,0,0,0,0
30641,ECG,2674,20042,0,0,0,0,0
30646,ECG,2675,19916,0,0,0,0,0
30646,ECG,2676,19790,0,0,0,0,0
30651,ECG,2677,19666,0,0,0,0,0
30651,ECG,2678,19542,0,0,0,0,0
30651,ECG,2679,19419,0,0,0,0,0
30656,ECG,2680,19297,0,0,0,0,0
30656,ECG,2681,19175,0,0,0,0,0
30661,ECG,2682,19055,0,0,0,0,0
30661,ECG,2683,18935,0,0,0,0,0
30661,ECG,2684,18815,0,0,0,0,0
30666,ECG,2685,18697,0,0,0,0,0
30666,ECG,2686,18579,0,0,0,0,0
30671,ECG,2687,18346,0,0,0,0,0
30671,ECG,2688,18230,0,0,0,0,0
30676,ECG,2689,18116,0,0,0,0,0
30676,ECG,2690,18002,0,0,0,0,0
30677,ECG,2691,17888,0,0,0,0,0
30681,ECG,2692,17775,0,0,0,0,0
30681,ECG,2693,17663,0,0,0,0,0
30686,ECG,2694,17552,0,0,0,0,0
30686,ECG,2695,17442,0,0,0,0,0
30691,ECG,2696,17222,0,0,0,0,0
30691,ECG,2697,17114,0,0,0,0,0
30696,ECG,2698,17006,0,0,0,0,0
30696,ECG,2699,16899,0,0,0,0,0
30696,ECG,2700,16792,0,0,0,0,0
30701,ECG,2701,16687,0,0,0,0,0
30701,ECG,2702,16581,0,0,0,0,0
30706,ECG,2703,16477,0,0,0,0,0
30706,ECG,2704,16373,0,0,0,0,0
30706,ECG,2705,16270,0,0,0,0,0
30711,ECG,2706,16167,0,0,0,0,0
30711,ECG,2707,16065,0,0,0,0,0
30716,ECG,2708,15964,0,0,0,0,0
30716,ECG,2709,15864,0,0,0,0,0
30716,ECG,2710,15764,0,0,0,0,0
30721,ECG,2711,15664,0,0,0,0,0
30721,ECG,2712,15566,0,0,0,0,0
30726,ECG,2713,15370,0,0,0,0,0
30726,ECG,2714,15273,0,0,0,0,0
30731,ECG,2715,15177,0,0,0,0,0
30731,ECG,2716,15081,0,0,0,0,0
30736,ECG,2717,14891,0,0,0,0,0
30736,ECG,2718,14797,0,0,0,0,0
30741,ECG,2719,14704,0,0,0,0,0
30741,ECG,2720,14611,0,0,0,0,0
30741,ECG,2721,14519,0,0,0,0,0
30746,ECG,2722,14428,0,0,0,0,0
30746,ECG,2723,14337,0,0,0,0,0
30751,ECG,2724,14246,0,0,0,0,0
30751,ECG,2725,14156,0,0,0,0,0
30751,ECG,2726,14067,0,0,0,0,0
30756,ECG,2727,13978,0,0,0,0,0
30756,ECG,2728,13890,0,0,0,0,0
30761,ECG,2729,13802,0,0,0,0,0
30761,ECG,2730,13715,0,0,0,0,0
30761,ECG,2731,13629,0,0,0,0,0
30766,ECG,2732,13543,0,0,0,0,0
30766,ECG,2733,13457,0,0,0,0,0
30771,ECG,2734,13288,0,0,0,0,0
30771,ECG,2735,13204,0,0,0,0,0
30776,ECG,2736,13121,0,0,0,0,0
30776,ECG,2737,13038,0,0,0,0,0
30777,ECG,2738,12956,0,0,0,0,0
30781,ECG,2739,12874,0,0,0,0,0
30781,ECG,2740,12793,0,0,0,0,0
30786,ECG,2741,12712,0,0,0,0,0
30786,ECG,2742,12632,0,0,0,0,0
30791,ECG,2743,12473,0,0,0,0,0
30791,ECG,2744,12394,0,0,0,0,0
30796,ECG,2745,12316,0,0,0,0,0
30796,ECG,2746,12238,0,0,0,0,0
30796,ECG,2747,12161,0,0,0,0,0
30801,ECG,2748,12084,0,0,0,0,0
30801,ECG,2749,12008,0,0,0,0,0
30806,ECG,2750,11932,0,0,0,0,0
30806,ECG,2751,11857,0,0,0,0,0
30806,ECG,2752,11782,0,0,0,0,0
30811,ECG,2753,11707,0,0,0,0,0
30811,ECG,2754,11633,0,0,0,0,0
30816,ECG,2755,11560,0,0,0,0,0
30816,ECG,2756,11487,0,0,0,0,0
30816,ECG,2757,11414,0,0,0,0,0
30821,ECG,2758,11342,0,0,0,0,0
30821,ECG,2759,11271,0,0,0,0,0
30826,ECG,2760,11129,0,0,0,0,0
30826,ECG,2761,11058,0,0,0,0,0
30831,ECG,2762,10988,0,0,0,0,0
30831,ECG,2763,10919,0,0,0,0,0
30836,ECG,2764,10781,0,0,0,0,0
30836,ECG,2765,10713,0,0,0,0,0
30841,ECG,2766,10645,0,0,0,0,0
30841,ECG,2767,10578,0,0,0,0,0
30841,ECG,2768,10511,0,0,0,0,0
30846,ECG,2769,10445,0,0,0,0,0
30846,ECG,2770,10379,0,0,0,0,0
30851,ECG,2771,10313,0,0,0,0,0
30851,ECG,2772,10249,0,0,0,0,0
30851,ECG,2773,10182,0,0,0,0,0
30856,ECG,2774,10119,0,0,0,0,0
30856,ECG,2775,10062,0,0,0,0,0
30861,ECG,2776,9995,0,0,0,0,0
30861,ECG,2777,9922,0,0,0,0,0
30861,ECG,2778,9852,0,0,0,0,0
30866,ECG,2779,9780,0,0,0,0,0
30866,ECG,2780,9710,0,0,0,0,0
30871,ECG,2781,9644,0,0,0,0,0
30871,ECG,2782,9586,0,0,0,0,0
30871,ECG,2783,9531,0,0,0,0,0
30876,ECG,2784,9482,0,0,0,0,0
30876,ECG,2785,9428,0,0,0,0,0
30881,ECG,2786,9326,0,0,0,0,0
30881,ECG,2787,9263,0,0,0,0,0
30886,ECG,2788,9199,0,0,0,0,0
30886,ECG,2789,9142,0,0,0,0,0
30891,ECG,2790,9026,0,0,0,0,0
30891,ECG,2791,8969,0,0,0,0,0
30896,ECG,2792,8912,0,0,0,0,0
30896,ECG,2793,8856,0,0,0,0,0
30896,ECG,2794,8800,0,0,0,0,0
30901,ECG,2795,8744,0,0,0,0,0
30901,ECG,2796,8689,0,0,0,0,0
30906,ECG,2797,8634,0,0,0,0,0
30906,ECG,2798,8579,0,0,0,0,0
30906,ECG,2799,8525,0,0,0,0,0
30911,ECG,2800,8471,0,0,0,0,0
30911,ECG,2801,8417,0,0,0,0,0
30916,ECG,2802,8364,0,0,0,0,0
30916,ECG,2803,8311,0,0,0,0,0
30916,ECG,2804,8258,0,0,0,0,0
30921,ECG,2805,8206,0,0,0,0,0
30921,ECG,2806,8154,0,0,0,0,0
30926,ECG,2807,8050,0,0,0,0,0
30926,ECG,2808,7999,0,0,0,0,0
30931,ECG,2809,7949,0,0,0,0,0
30931,ECG,2810,7898,0,0,0,0,0
30936,ECG,2811,7798,0,0,0,0,0
30936,ECG,2812,7749,0,0,0,0,0
30941,ECG,2813,7700,0,0,0,0,0
30941,ECG,2814,7651,0,0,0,0,0
30941,ECG,2815,7602,0,0,0,0,0
30946,ECG,2816,7554,0,0,0,0,0
30946,ECG,2817,7506,0,0,0,0,0
30951,ECG,2818,7458,0,0,0,0,0
30951,ECG,2819,7411,0,0,0,0,0
30951,ECG,2820,7364,0,0,0,0,0
30956,ECG,2821,7317,0,0,0,0,0
30956,ECG,2822,7271,0,0,0,0,0
30961,ECG,2823,7225,0,0,0,0,0
30961,ECG,2824,7179,0,0,0,0,0
30961,ECG,2825,7133,0,0,0,0,0
30966,ECG,2826,7088,0,0,0,0,0
30966,ECG,2827,7043,0,0,0,0,0
30971,ECG,2828,6998,0,0,0,0,0
30971,ECG,2829,6954,0,0,0,0,0
30971,ECG,2830,6909,0,0,0,0,0
30976,ECG,2831,6865,0,0,0,0,0
30976,ECG,2832,6822,0,0,0,0,0
30981,ECG,2833,6735,0,0,0,0,0
30981,ECG,2834,6692,0,0,0,0,0
30986,ECG,2835,6650,0,0,0,0,0
30986,ECG,2836,6608,0,0,0,0,0
30991,ECG,2837,6526,0,0,0,0,0
30991,ECG,2838,6481,0,0,0,0,0
30996,ECG,2839,6441,0,0,0,0,0
30996,ECG,2840,6419,0,0,0,0,0
30996,ECG,2841,6373,0,0,0,0,0
31001,ECG,2842,6307,0,0,0,0,0
31001,ECG,2843,6249,0,0,0,0,0
31006,ECG,2844,6184,0,0,0,0,0
31006,ECG,2845,6122,0,0,0,0,0
31006,ECG,2846,6073,0,0,0,0,0
31011,ECG,2847,6037,0,0,0,0,0
31011,ECG,2848,6014,0,0,0,0,0
31016,ECG,2849,6002,0,0,0,0,0
31016,ECG,2850,5984,0,0,0,0,0
31016,ECG,2851,5967,0,0,0,0,0
31021,ECG,2852,5951,0,0,0,0,0
31021,ECG,2853,5904,0,0,0,0,0
31026,ECG,2854,5819,0,0,0,0,0
31026,ECG,2855,5782,0,0,0,0,0
31031,ECG,2856,5744,0,0,0,0,0
31031,ECG,2857,5709,0,0,0,0,0
31036,ECG,2858,5635,0,0,0,0,0
31036,ECG,2859,5599,0,0,0,0,0
31041,ECG,2860,5564,0,0,0,0,0
31041,ECG,2861,5528,0,0,0,0,0
31041,ECG,2862,5493,0,0,0,0,0
31046,ECG,2863,5458,0,0,0,0,0
31046,ECG,2864,5423,0,0,0,0,0
31051,ECG,2865,5389,0,0,0,0,0
31051,ECG,2866,5354,0,0,0,0,0
31051,ECG,2867,5320,0,0,0,0,0
31056,ECG,2868,5286,0,0,0,0,0
31056,ECG,2869,5252,0,0,0,0,0
31061,ECG,2870,5219,0,0,0,0,0
31061,ECG,2871,5185,0,0,0,0,0
31061,ECG,2872,5152,0,0,0,0,0
31066,ECG,2873,5119,0,0,0,0,0
31066,ECG,2874,5087,0,0,0,0,0
31071,ECG,2875,5022,0,0,0,0,0
31071,ECG,2876,4990,0,0,0,0,0
31076,ECG,2877,4958,0,0,0,0,0
31076,ECG,2878,4926,0,0,0,0,0
31077,ECG,2879,4895,0,0,0,0,0
31081,ECG,2880,4863,0,0,0,0,0
31081,ECG,2881,4832,0,0,0,0,0
31086,ECG,2882,4801,0,0,0,0,0
31086,ECG,2883,4771,0,0,0,0,0
31086,ECG,2884,4740,0,0,0,0,0
31091,ECG,2885,4710,0,0,0,0,0
31091,ECG,2886,4680,0,0,0,0,0
31096,ECG,2887,4650,0,0,0,0,0
31096,ECG,2888,4620,0,0,0,0,0
31096,ECG,2889,4590,0,0,0,0,0
31101,ECG,2890,4561,0,0,0,0,0
31101,ECG,2891,4532,0,0,0,0,0
31106,ECG,2892,4503,0,0,0,0,0
31106,ECG,2893,4474,0,0,0,0,0
31106,ECG,2894,4445,0,0,0,0,0
31111,ECG,2895,4417,0,0,0,0,0
31111,ECG,2896,4388,0,0,0,0,0
31116,ECG,2897,4360,0,0,0,0,0
31116,ECG,2898,4332,0,0,0,0,0
31116,ECG,2899,4305,0,0,0,0,0
31121,ECG,2900,4277,0,0,0,0,0
31121,ECG,2901,4250,0,0,0,0,0
31126,ECG,2902,4195,0,0,0,0,0
31126,ECG,2903,4168,0,0,0,0,0
31131,ECG,2904,4142,0,0,0,0,0
31131,ECG,2905,4115,0,0,0,0,0
31136,ECG,2906,4062,0,0,0,0,0
31136,ECG,2907,4036,0,0,0,0,0
31141,ECG,2908,4010,0,0,0,0,0
31141,ECG,2909,3985,0,0,0,0,0
31141,ECG,2910,3959,0,0,0,0,0
31146,ECG,2911,3934,0,0,0,0,0
31146,ECG,2912,3908,0,0,0,0,0
31151,ECG,2913,3883,0,0,0,0,0
31151,ECG,2914,3858,0,0,0,0,0
31151,ECG,2915,3834,0,0,0,0,0
31156,ECG,2916,3809,0,0,0,0,0
31156,ECG,2917,3784,0,0,0,0,0
31161,ECG,2918,3760,0,0,0,0,0
31161,ECG,2919,3736,0,0,0,0,0
31161,ECG,2920,3712,0,0,0,0,0
31166,ECG,2921,3689,0,0,0,0,0
31166,ECG,2922,3663,0,0,0,0,0
31171,ECG,2923,3618,0,0,0,0,0
31171,ECG,2924,3590,0,0,0,0,0
31176,ECG,2925,3582,0,0,0,0,0
31176,ECG,2926,3568,0,0,0,0,0
31177,ECG,2927,3523,0,0,0,0,0
31181,ECG,2928,3480,0,0,0,0,0
31181,ECG,2929,3437,0,0,0,0,0
31186,ECG,2930,3388,0,0,0,0,0
31186,ECG,2931,3350,0,0,0,0,0
31191,ECG,2932,3314,0,0,0,0,0
31191,ECG,2933,3316,0,0,0,0,0
31196,ECG,2934,3319,0,0,0,0,0
31196,ECG,2935,3315,0,0,0,0,0
31196,ECG,2936,3319,0,0,0,0,0
31201,ECG,2937,3305,0,0,0,0,0
31201,ECG,2938,3265,0,0,0,0,0
31206,ECG,2939,3241,0,0,0,0,0
31206,ECG,2940,3223,0,0,0,0,0
31206,ECG,2941,3200,0,0,0,0,0
31211,ECG,2942,3181,0,0,0,0,0
31211,ECG,2943,3160,0,0,0,0,0
31216,ECG,2944,3139,0,0,0,0,0
31216,ECG,2945,3119,0,0,0,0,0
31216,ECG,2946,3099,0,0,0,0,0
31221,ECG,2947,3079,0,0,0,0,0
31221,ECG,2948,3059,0,0,0,0,0
31226,ECG,2949,3018,0,0,0,0,0
31226,ECG,2950,3000,0,0,0,0,0
31231,ECG,2951,2982,0,0,0,0,0
31231,ECG,2952,2956,0,0,0,0,0
31236,ECG,2953,2953,0,0,0,0,0
31236,ECG,2954,2907,0,0,0,0,0
31241,ECG,2955,2856,0,0,0,0,0
31241,ECG,2956,2810,0,0,0,0,0
31241,ECG,2957,2753,0,0,0,0,0
31246,ECG,2958,2709,0,0,0,0,0
31246,ECG,2959,2685,0,0,0,0,0
31251,ECG,2960,2677,0,0,0,0,0
31251,ECG,2961,2691,0,0,0,0,0
31251,ECG,2962,2711,0,0,0,0,0
31256,ECG,2963,2720,0,0,0,0,0
31256,ECG,2964,2737,0,0,0,0,0
31261,ECG,2965,2738,0,0,0,0,0
31261,ECG,2966,2694,0,0,0,0,0
31261,ECG,2967,2668,0,0,0,0,0
31266,ECG,2968,2657,0,0,0,0,0
31266,ECG,2969,2637,0,0,0,0,0
31271,ECG,2970,2604,0,0,0,0,0
31271,ECG,2971,2586,0,0,0,0,0
31276,ECG,2972,2570,0,0,0,0,0
31276,ECG,2973,2553,0,0,0,0,0
31277,ECG,2974,2536,0,0,0,0,0
31281,ECG,2975,2520,0,0,0,0,0
31281,ECG,2976,2503,0,0,0,0,0
31286,ECG,2977,2487,0,0,0,0,0
31286,ECG,2978,2471,0,0,0,0,0
31291,ECG,2979,2439,0,0,0,0,0
31291,ECG,2980,2423,0,0,0,0,0
31296,ECG,2981,2407,0,0,0,0,0
31296,ECG,2982,2391,0,0,0,0,0
31296,ECG,2983,2376,0,0,0,0,0
31301,ECG,2984,2360,0,0,0,0,0
31301,ECG,2985,2345,0,0,0,0,0
31306,ECG,2986,2330,0,0,0,0,0
31306,ECG,2987,2314,0,0,0,0,0
31306,ECG,2988,2299,0,0,0,0,0
31311,ECG,2989,2284,0,0,0,0,0
31311,ECG,2990,2269,0,0,0,0,0
31316,ECG,2991,2255,0,0,0,0,0
31316,ECG,2992,2240,0,0,0,0,0
31316,ECG,2993,2225,0,0,0,0,0
31321,ECG,2994,2211,0,0,0,0,0
31321,ECG,2995,2196,0,0,0,0,0
31326,ECG,2996,2167,0,0,0,0,0
31326,ECG,2997,2153,0,0,0,0,0
31331,ECG,2998,2139,0,0,0,0,0
31331,ECG,2999,2125,0,0,0,0,0
31336,ECG,3000,2097,0,0,0,0,0
31336,ECG,3001,2084,0,0,0,0,0
31341,ECG,3002,2070,0,0,0,0,0
31341,ECG,3003,2056,0,0,0,0,0
31341,ECG,3004,2043,0,0,0,0,0
31346,ECG,3005,2029,0,0,0,0,0
31346,ECG,3006,2016,0,0,0,0,0
31351,ECG,3007,2003,0,0,0,0,0
31351,ECG,3008,1990,0,0,0,0,0
31351,ECG,3009,1977,0,0,0,0,0
31356,ECG,3010,1964,0,0,0,0,0
31356,ECG,3011,1951,0,0,0,0,0
31361,ECG,3012,1938,0,0,0,0,0
31361,ECG,3013,1925,0,0,0,0,0
31361,ECG,3014,1912,0,0,0,0,0
31366,ECG,3015,1900,0,0,0,0,0
31366,ECG,3016,1887,0,0,0,0,0
31371,ECG,3017,1863,0,0,0,0,0
31371,ECG,3018,1850,0,0,0,0,0
31376,ECG,3019,1838,0,0,0,0,0
31376,ECG,3020,1826,0,0,0,0,0
31381,ECG,3021,1802,0,0,0,0,0
31381,ECG,3022,1790,0,0,0,0,0
31386,ECG,3023,1778,0,0,0,0,0
31386,ECG,3024,1766,0,0,0,0,0
31391,ECG,3025,1743,0,0,0,0,0
31391,ECG,3026,1732,0,0,0,0,0
31396,ECG,3027,1720,0,0,0,0,0
31396,ECG,3028,1709,0,0,0,0,0
31396,ECG,3029,1697,0,0,0,0,0
31401,ECG,3030,1686,0,0,0,0,0
31401,ECG,3031,1675,0,0,0,0,0
31406,ECG,3032,1664,0,0,0,0,0
31406,ECG,3033,1653,0,0,0,0,0
31406,ECG,3034,1642,0,0,0,0,0
31411,ECG,3035,1631,0,0,0,0,0
31411,ECG,3036,1620,0,0,0,0,0
31416,ECG,3037,1609,0,0,0,0,0
31416,ECG,3038,1599,0,0,0,0,0
31416,ECG,3039,1588,0,0,0,0,0
31421,ECG,3040,1577,0,0,0,0,0
31421,ECG,3041,1567,0,0,0,0,0
31426,ECG,3042,1546,0,0,0,0,0
31426,ECG,3043,1536,0,0,0,0,0
31431,ECG,3044,1525,0,0,0,0,0
31431,ECG,3045,1515,0,0,0,0,0
31436,ECG,3046,1495,0,0,0,0,0
31436,ECG,3047,1485,0,0,0,0,0
31442,ECG,3048,1475,0,0,0,0,0
31442,ECG,3049,1465,0,0,0,0,0
31442,ECG,3050,1456,0,0,0,0,0
31446,ECG,3051,1446,0,0,0,0,0
31446,ECG,3052,1435,0,0,0,0,0
31451,ECG,3053,1429,0,0,0,0,0
31451,ECG,3054,1413,0,0,0,0,0
31451,ECG,3055,1411,0,0,0,0,0
31456,ECG,3056,1426,0,0,0,0,0
31456,ECG,3057,1402,0,0,0,0,0
31461,ECG,3058,1358,0,0,0,0,0
31461,ECG,3059,1324,0,0,0,0,0
31461,ECG,3060,1280,0,0,0,0,0
31466,ECG,3061,1241,0,0,0,0,0
31466,ECG,3062,1222,0,0,0,0,0
31471,ECG,3063,1220,0,0,0,0,0
31471,ECG,3064,1235,0,0,0,0,0
31471,ECG,3065,1263,0,0,0,0,0
31476,ECG,3066,1282,0,0,0,0,0
31476,ECG,3067,1303,0,0,0,0,0
31481,ECG,3068,1296,0,0,0,0,0
31481,ECG,3069,1270,0,0,0,0,0
31486,ECG,3070,1268,0,0,0,0,0
31486,ECG,3071,1258,0,0,0,0,0
26962,PPG,100,129873,59968,0,0,0,0
27044,PPG,101,129878,59971,0,0,0,0
27119,PPG,102,129877,59986,0,0,0,0
27208,PPG,103,129877,59977,0,0,0,0
27282,PPG,104,129894,59978,0,0,0,0
27360,PPG,105,129870,59982,0,0,0,0
27438,PPG,106,129871,59980,0,0,0,0
27517,PPG,107,129891,59970,0,0,0,0
27597,PPG,108,129877,59981,0,0,0,0
27676,PPG,109,129868,59971,0,0,0,0
27758,PPG,110,129879,59972,0,0,0,0
27836,PPG,111,129871,59976,0,0,0,0
27913,PPG,112,129875,59976,0,0,0,0
27993,PPG,113,129879,59969,0,0,0,0
28076,PPG,114,129873,59983,0,0,0,0
28152,PPG,115,129870,59980,0,0,0,0
28231,PPG,116,129871,59970,0,0,0,0
28315,PPG,117,129873,59975,0,0,0,0
28392,PPG,118,129872,59978,0,0,0,0
28470,PPG,119,129868,59973,0,0,0,0
28550,PPG,120,129874,59977,0,0,0,0
28629,PPG,121,129866,59966,0,0,0,0
28708,PPG,122,129869,59981,0,0,0,0
28787,PPG,123,129866,59966,0,0,0,0
28870,PPG,124,129873,59965,0,0,0,0
28952,PPG,125,129869,59969,0,0,0,0
29026,PPG,126,129863,59974,0,0,0,0
29105,PPG,127,129869,59981,0,0,0,0
29184,PPG,128,129876,59976,0,0,0,0
29263,PPG,129,129874,59975,0,0,0,0
29346,PPG,130,129890,59974,0,0,0,0
29424,PPG,131,129877,59974,0,0,0,0
29501,PPG,132,129877,59973,0,0,0,0
29580,PPG,133,129880,59973,0,0,0,0
29660,PPG,134,129868,59973,0,0,0,0
29740,PPG,135,129875,59971,0,0,0,0
29831,PPG,136,129871,59977,0,0,0,0
29902,PPG,137,129877,59974,0,0,0,0
29979,PPG,138,129868,59974,0,0,0,0
30058,PPG,139,129866,59973,0,0,0,0
30137,PPG,140,129873,59970,0,0,0,0
30217,PPG,141,129874,59970,0,0,0,0
30296,PPG,142,129882,59978,0,0,0,0
30380,PPG,143,129873,59983,0,0,0,0
30458,PPG,144,129873,59961,0,0,0,0
30535,PPG,145,129877,59979,0,0,0,0
30614,PPG,146,129876,59973,0,0,0,0
30695,PPG,147,129879,59977,0,0,0,0
30773,PPG,148,129876,59972,0,0,0,0
30852,PPG,149,129872,59972,0,0,0,0
30937,PPG,150,129863,59974,0,0,0,0
31014,PPG,151,129871,59974,0,0,0,0
31090,PPG,152,129869,59972,0,0,0,0
31169,PPG,153,129861,59977,0,0,0,0
31249,PPG,154,129883,59971,0,0,0,0
31328,PPG,155,129885,59965,0,0,0,0
31412,PPG,156,129874,59976,0,0,0,0
31490,PPG,157,129868,59973,0,0,0,0
31572,PPG,158,129868,59967,0,0,0,0
31647,PPG,159,129869,59978,0,0,0,0
31727,PPG,160,129865,59977,0,0,0,0
31807,PPG,161,129863,59962,0,0,0,0
31889,PPG,162,129877,59976,0,0,0,0
31967,PPG,163,129869,59979,0,0,0,0
32045,PPG,164,129865,59973,0,0,0,0
32123,PPG,165,129873,59968,0,0,0,0
32202,PPG,166,129878,59980,0,0,0,0
32282,PPG,167,129878,59978,0,0,0,0
32361,PPG,168,129883,59980,0,0,0,0
32447,PPG,169,129873,59973,0,0,0,0
32524,PPG,170,129881,59980,0,0,0,0
32600,PPG,171,129878,59985,0,0,0,0
32680,PPG,172,129869,59978,0,0,0,0
32759,PPG,173,129883,59978,0,0,0,0
32838,PPG,174,129870,59978,0,0,0,0
32917,PPG,175,129886,59987,0,0,0,0
33001,PPG,176,129872,59977,0,0,0,0
33078,PPG,177,129866,59978,0,0,0,0
33155,PPG,178,129880,59979,0,0,0,0
33235,PPG,179,129878,59973,0,0,0,0
33325,PPG,180,129879,59977,0,0,0,0
33392,PPG,181,129872,59988,0,0,0,0
33472,PPG,182,129876,59976,0,0,0,0
33555,PPG,183,129887,59975,0,0,0,0
33631,PPG,184,129875,59975,0,0,0,0
33710,PPG,185,129877,59975,0,0,0,0
33789,PPG,186,129893,59982,0,0,0,0
33869,PPG,187,129877,59980,0,0,0,0
33949,PPG,188,129887,59979,0,0,0,0
34032,PPG,189,129888,59978,0,0,0,0
34110,PPG,190,129885,59981,0,0,0,0
34198,PPG,191,129880,59976,0,0,0,0
34267,PPG,192,129885,59979,0,0,0,0
34346,PPG,193,129872,59978,0,0,0,0
34426,PPG,194,129882,59975,0,0,0,0
34505,PPG,195,129888,59972,0,0,0,0
34589,PPG,196,129883,59982,0,0,0,0
34666,PPG,197,129874,59974,0,0,0,0
34743,PPG,198,129866,59967,0,0,0,0
34823,PPG,199,129881,59978,0,0,0,0
