timestamp_ms,type,seq,v1,v2,v3,v4,v5,v6
27983,META_START,10,26929,0,0,0,0,0
29126,IMU,0,1516,-128,8488,-90,67,54
29142,IMU,1,1476,40,8364,-87,54,47
29161,IMU,2,1444,-108,8360,-100,52,66
29180,IMU,3,1468,0,8360,-77,64,50
29199,IMU,4,1632,-108,8332,-83,49,48
29218,IMU,5,1480,-12,8352,-90,63,43
29238,IMU,6,1512,-68,8404,-80,50,49
29257,IMU,7,1564,-12,8464,-67,68,36
29276,IMU,8,1632,-4,8468,-74,75,31
29295,IMU,9,1500,-112,8412,-93,55,32
29314,IMU,10,1596,-28,8468,-78,53,33
29332,IMU,11,1496,52,8388,-86,67,48
29352,IMU,12,1556,60,8380,-91,44,33
29371,IMU,13,1456,-16,8384,-75,72,37
29390,IMU,14,1496,-32,8404,-99,62,48
29409,IMU,15,1504,-20,8388,-83,76,36
29428,IMU,16,1536,-4,8392,-91,55,53
29447,IMU,17,1504,36,8360,-87,53,49
29467,IMU,18,1528,-40,8392,-95,60,48
29486,IMU,19,1500,-108,8408,-90,69,58
29505,IMU,20,1648,20,8424,-106,78,42
29524,IMU,21,1536,-88,8304,-87,41,39
29542,IMU,22,1564,-44,8212,-88,48,38
29562,IMU,23,1536,20,8400,-77,58,41
29581,IMU,24,1624,-72,8372,-86,62,42
29600,IMU,25,1496,12,8432,-73,62,37
29619,IMU,26,1496,-72,8344,-95,47,26
29640,IMU,27,1524,-72,8368,-99,54,55
29657,IMU,28,1584,-36,8340,-79,76,30
29676,IMU,29,1560,76,8304,-83,43,37
29695,IMU,30,1468,-100,8328,-82,65,32
29714,IMU,31,1560,-100,8388,-83,81,41
29733,IMU,32,1524,32,8436,-83,47,46
29752,IMU,33,1624,-64,8424,-100,63,45
29772,IMU,34,1564,-44,8304,-94,61,52
29791,IMU,35,1584,-88,8432,-99,52,46
29810,IMU,36,1516,-24,8420,-78,51,44
29829,IMU,37,1472,44,8380,-89,79,17
29847,IMU,38,1452,-48,8336,-79,63,52
29867,IMU,39,1476,-32,8372,-100,75,48
29886,IMU,40,1476,-48,8428,-85,61,52
29905,IMU,41,1528,8,8316,-93,47,44
29924,IMU,42,1504,-28,8288,-81,55,45
29943,IMU,43,1468,-92,8308,-98,89,55
29962,IMU,44,1448,-48,8332,-110,59,46
29982,IMU,45,1616,28,8396,-81,56,50
30001,IMU,46,1476,40,8328,-70,47,54
30020,IMU,47,1472,-20,8436,-102,68,41
30039,IMU,48,1536,-104,8368,-83,46,52
30057,IMU,49,1552,-16,8428,-83,54,33
30077,IMU,50,1456,-44,8484,-99,67,34
30096,IMU,51,1528,-112,8300,-57,70,46
30115,IMU,52,1524,-20,8368,-82,44,55
30134,IMU,53,1480,-96,8428,-59,52,44
30153,IMU,54,1552,-36,8408,-79,69,47
30172,IMU,55,1468,-144,8424,-86,75,48
30191,IMU,56,1492,88,8316,-101,81,30
30210,IMU,57,1616,-40,8372,-85,55,56
30229,IMU,58,1492,48,8364,-75,69,48
30248,IMU,59,1476,48,8328,-87,55,55
30268,IMU,60,1532,44,8352,-73,67,33
30287,IMU,61,1472,40,8400,-73,59,61
30306,IMU,62,1436,-16,8404,-73,68,47
30329,IMU,63,1492,12,8348,-87,48,36
30348,IMU,64,1516,-52,8400,-84,69,40
30363,IMU,65,1588,-92,8384,-80,58,36
30383,IMU,66,1372,-64,8360,-93,54,63
30402,IMU,67,1532,16,8392,-111,61,37
30421,IMU,68,1528,76,8316,-94,72,42
30440,IMU,69,1480,96,8460,-79,58,36
30459,IMU,70,1604,-48,8424,-83,53,51
30478,IMU,71,1604,0,8400,-75,74,36
30497,IMU,72,1656,-36,8380,-78,49,41
30517,IMU,73,1480,-16,8404,-87,51,65
30540,IMU,74,1608,-48,8440,-98,47,40
30555,IMU,75,1348,0,8412,-89,48,50
30574,IMU,76,1524,-12,8404,-88,57,38
30593,IMU,77,1548,92,8336,-81,37,39
30612,IMU,78,1408,-44,8364,-85,65,33
30632,IMU,79,1420,-60,8412,-88,53,24
30651,IMU,80,1572,-32,8416,-73,60,46
30671,IMU,81,1564,-112,8420,-81,50,35
30689,IMU,82,1552,16,8348,-82,58,33
30708,IMU,83,1504,0,8388,-88,59,33
30727,IMU,84,1528,36,8460,-85,59,41
30747,IMU,85,1448,108,8360,-71,66,43
30766,IMU,86,1436,16,8352,-92,78,43
30785,IMU,87,1592,-56,8336,-69,63,34
30804,IMU,88,1592,-52,8364,-108,71,35
30823,IMU,89,1468,-28,8460,-94,57,41
30842,IMU,90,1512,-36,8408,-82,69,41
30861,IMU,91,1592,-96,8412,-76,49,49
30881,IMU,92,1560,-44,8380,-68,60,58
30900,IMU,93,1524,-84,8312,-61,70,45
30919,IMU,94,1516,-72,8404,-72,50,47
30938,IMU,95,1476,-80,8304,-92,55,59
30957,IMU,96,1572,-64,8368,-93,60,47
30978,IMU,97,1532,-20,8440,-89,52,42
30996,IMU,98,1496,40,8392,-72,53,42
31015,IMU,99,1552,-52,8412,-82,55,55
31034,IMU,100,1428,0,8384,-85,49,53
31053,IMU,101,1524,20,8364,-87,61,41
31072,IMU,102,1608,40,8392,-82,74,44
31091,IMU,103,1492,12,8356,-74,53,26
31111,IMU,104,1468,-8,8412,-73,61,34
31130,IMU,105,1548,-48,8372,-69,59,49
31149,IMU,106,1404,20,8420,-72,63,49
31168,IMU,107,1540,-4,8396,-93,71,40
31189,IMU,108,1556,-52,8332,-79,50,43
31208,IMU,109,1504,-28,8320,-89,56,45
31228,IMU,110,1448,-4,8372,-72,70,50
31245,IMU,111,1524,-28,8384,-88,64,41
31263,IMU,112,1448,-72,8380,-94,66,46
31283,IMU,113,1564,-12,8428,-103,57,57
31302,IMU,114,1520,56,8392,-74,57,42
31321,IMU,115,1584,4,8364,-94,74,25
31340,IMU,116,1544,-96,8380,-87,69,33
31359,IMU,117,1648,-28,8444,-79,62,52
31378,IMU,118,1572,-64,8456,-80,50,53
31397,IMU,119,1568,-12,8332,-86,54,40
31419,IMU,120,1476,56,8460,-83,58,45
31436,IMU,121,1596,-128,8372,-93,66,49
31455,IMU,122,1596,-116,8292,-82,52,37
31474,IMU,123,1576,-52,8380,-87,60,60
31493,IMU,124,1524,-80,8396,-81,50,49
31512,IMU,125,1520,24,8340,-81,80,57
31531,IMU,126,1536,-40,8344,-85,66,66
31551,IMU,127,1468,-84,8404,-93,73,40
31570,IMU,128,1408,-92,8440,-91,69,61
31589,IMU,129,1532,-52,8404,-94,71,42
31608,IMU,130,1556,-48,8332,-76,50,28
31631,IMU,131,1676,20,8440,-104,50,50
31646,IMU,132,1488,-36,8416,-82,61,34
31665,IMU,133,1552,-116,8336,-98,62,37
31685,IMU,134,1436,-20,8324,-91,76,45
31704,IMU,135,1440,-8,8392,-90,49,46
31723,IMU,136,1568,-176,8456,-96,72,43
31742,IMU,137,1512,-24,8324,-78,58,53
31761,IMU,138,1552,-28,8268,-66,63,53
31780,IMU,139,1520,-40,8452,-74,61,47
31800,IMU,140,1496,-96,8400,-87,39,47
31819,IMU,141,1592,-52,8416,-79,69,40
31838,IMU,142,1592,-68,8436,-93,60,48
31859,IMU,143,1480,-4,8368,-92,54,50
31876,IMU,144,1532,16,8392,-81,47,37
31895,IMU,145,1480,8,8332,-104,51,47
31915,IMU,146,1468,-52,8316,-102,49,45
31934,IMU,147,1540,16,8380,-87,66,56
31953,IMU,148,1504,-8,8412,-83,57,38
31972,IMU,149,1496,-16,8356,-75,63,46
31991,IMU,150,1440,-28,8376,-86,61,42
32010,IMU,151,1544,-8,8364,-81,56,39
32029,IMU,152,1380,-8,8356,-82,49,50
32049,IMU,153,1620,60,8384,-70,75,37
32070,IMU,154,1476,-108,8460,-91,66,37
32087,IMU,155,1448,-88,8352,-112,63,51
32106,IMU,156,1504,-64,8376,-82,62,51
32125,IMU,157,1468,-52,8316,-77,70,62
32144,IMU,158,1592,-92,8396,-82,68,49
32164,IMU,159,1468,-120,8392,-85,59,47
32183,IMU,160,1440,12,8400,-81,46,44
32202,IMU,161,1552,-148,8400,-62,53,47
32221,IMU,162,1492,-40,8404,-75,51,26
32240,IMU,163,1540,-40,8416,-75,61,64
32261,IMU,164,1460,-72,8424,-88,46,38
32281,IMU,165,1552,12,8368,-91,62,52
32298,IMU,166,1564,-60,8404,-72,50,43
32317,IMU,167,1568,-96,8388,-74,78,39
32336,IMU,168,1492,-76,8420,-67,75,63
32355,IMU,169,1572,-68,8396,-101,62,49
32374,IMU,170,1516,-12,8352,-79,69,43
32394,IMU,171,1504,-12,8304,-80,63,51
32413,IMU,172,1524,-32,8352,-95,54,49
32432,IMU,173,1544,-72,8332,-83,72,52
32450,IMU,174,1524,64,8436,-96,71,44
32470,IMU,175,1400,-92,8320,-93,52,44
32489,IMU,176,1512,36,8340,-82,44,33
32512,IMU,177,1532,-20,8388,-79,74,30
32527,IMU,178,1520,4,8436,-57,67,35
32546,IMU,179,1604,48,8456,-86,67,28
32565,IMU,180,1584,36,8296,-94,74,43
32584,IMU,181,1552,28,8432,-84,52,53
32604,IMU,182,1516,4,8304,-83,62,38
32622,IMU,183,1564,-100,8336,-69,61,42
32642,IMU,184,1496,-12,8404,-81,72,45
32661,IMU,185,1548,32,8352,-90,62,51
32680,IMU,186,1544,-60,8340,-71,47,60
32699,IMU,187,1464,-20,8428,-90,44,24
32721,IMU,188,1552,100,8372,-79,68,43
32739,IMU,189,1576,-48,8416,-86,71,34
32756,IMU,190,1540,-20,8368,-94,68,41
32775,IMU,191,1484,-24,8420,-82,58,43
32794,IMU,192,1560,72,8384,-67,47,54
32813,IMU,193,1508,8,8416,-84,67,36
32832,IMU,194,1484,-120,8324,-87,39,39
32851,IMU,195,1436,-56,8368,-88,59,36
32870,IMU,196,1524,76,8316,-88,52,62
32890,IMU,197,1508,-40,8468,-55,46,35
32909,IMU,198,1564,-36,8396,-82,64,37
32928,IMU,199,1420,-12,8376,-70,56,39
32947,IMU,200,1488,-8,8368,-85,70,37
32965,IMU,201,1492,-44,8432,-88,51,41
32985,IMU,202,1544,-72,8416,-73,45,47
33004,IMU,203,1588,-16,8352,-80,61,43
33023,IMU,204,1464,-36,8420,-80,51,45
33042,IMU,205,1488,-84,8488,-95,58,46
33061,IMU,206,1536,-56,8440,-82,54,58
33080,IMU,207,1512,40,8368,-80,68,46
29103,ECG,0,0,0,0,0,0,0
29103,ECG,1,-1,0,0,0,0,0
29103,ECG,2,-6,0,0,0,0,0
29103,ECG,3,2,0,0,0,0,0
29108,ECG,4,6,0,0,0,0,0
29108,ECG,5,-17,0,0,0,0,0
29108,ECG,6,38,0,0,0,0,0
29113,ECG,7,-16,0,0,0,0,0
29113,ECG,8,-26,0,0,0,0,0
29118,ECG,9,151,0,0,0,0,0
29118,ECG,10,-753,0,0,0,0,0
29118,ECG,11,-2109,0,0,0,0,0
29123,ECG,12,-1850,0,0,0,0,0
29123,ECG,13,-36,0,0,0,0,0
29128,ECG,14,8729,0,0,0,0,0
29128,ECG,15,15156,0,0,0,0,0
29133,ECG,16,21689,0,0,0,0,0
29133,ECG,17,27397,0,0,0,0,0
29134,ECG,18,31311,0,0,0,0,0
29138,ECG,19,32011,0,0,0,0,0
29138,ECG,20,31810,0,0,0,0,0
29143,ECG,21,31610,0,0,0,0,0
29143,ECG,22,31343,0,0,0,0,0
29143,ECG,23,31109,0,0,0,0,0
29148,ECG,24,31019,0,0,0,0,0
29148,ECG,25,30731,0,0,0,0,0
29153,ECG,26,30591,0,0,0,0,0
29153,ECG,27,30395,0,0,0,0,0
29153,ECG,28,30195,0,0,0,0,0
29158,ECG,29,30019,0,0,0,0,0
29158,ECG,30,29827,0,0,0,0,0
29163,ECG,31,29638,0,0,0,0,0
29163,ECG,32,29451,0,0,0,0,0
29163,ECG,33,29266,0,0,0,0,0
29168,ECG,34,29082,0,0,0,0,0
29168,ECG,35,28900,0,0,0,0,0
29173,ECG,36,28718,0,0,0,0,0
29173,ECG,37,28537,0,0,0,0,0
29173,ECG,38,28358,0,0,0,0,0
29178,ECG,39,28180,0,0,0,0,0
29178,ECG,40,28002,0,0,0,0,0
29183,ECG,41,27651,0,0,0,0,0
29183,ECG,42,27478,0,0,0,0,0
29188,ECG,43,27305,0,0,0,0,0
29188,ECG,44,27133,0,0,0,0,0
29193,ECG,45,26793,0,0,0,0,0
29193,ECG,46,26625,0,0,0,0,0
29198,ECG,47,26457,0,0,0,0,0
29198,ECG,48,26291,0,0,0,0,0
29198,ECG,49,26126,0,0,0,0,0
29203,ECG,50,25961,0,0,0,0,0
29203,ECG,51,25798,0,0,0,0,0
29208,ECG,52,25636,0,0,0,0,0
29208,ECG,53,25475,0,0,0,0,0
29208,ECG,54,25314,0,0,0,0,0
29213,ECG,55,25155,0,0,0,0,0
29213,ECG,56,24997,0,0,0,0,0
29218,ECG,57,24840,0,0,0,0,0
29218,ECG,58,24683,0,0,0,0,0
29218,ECG,59,24528,0,0,0,0,0
29223,ECG,60,24374,0,0,0,0,0
29223,ECG,61,24221,0,0,0,0,0
29228,ECG,62,23917,0,0,0,0,0
29228,ECG,63,23766,0,0,0,0,0
29233,ECG,64,23617,0,0,0,0,0
29233,ECG,65,23468,0,0,0,0,0
29234,ECG,66,23321,0,0,0,0,0
29238,ECG,67,23174,0,0,0,0,0
29238,ECG,68,23028,0,0,0,0,0
29243,ECG,69,22883,0,0,0,0,0
29243,ECG,70,22739,0,0,0,0,0
29248,ECG,71,22454,0,0,0,0,0
29248,ECG,72,22313,0,0,0,0,0
29253,ECG,73,22172,0,0,0,0,0
29253,ECG,74,22033,0,0,0,0,0
29253,ECG,75,21894,0,0,0,0,0
29258,ECG,76,21756,0,0,0,0,0
29258,ECG,77,21619,0,0,0,0,0
29263,ECG,78,21483,0,0,0,0,0
29263,ECG,79,21348,0,0,0,0,0
29263,ECG,80,21214,0,0,0,0,0
29268,ECG,81,21080,0,0,0,0,0
29268,ECG,82,20948,0,0,0,0,0
29273,ECG,83,20685,0,0,0,0,0
29273,ECG,84,20555,0,0,0,0,0
29278,ECG,85,20425,0,0,0,0,0
29278,ECG,86,20297,0,0,0,0,0
29279,ECG,87,20169,0,0,0,0,0
29283,ECG,88,20042,0,0,0,0,0
29283,ECG,89,19916,0,0,0,0,0
29288,ECG,90,19790,0,0,0,0,0
29288,ECG,91,19666,0,0,0,0,0
29293,ECG,92,19419,0,0,0,0,0
29293,ECG,93,19297,0,0,0,0,0
29298,ECG,94,19175,0,0,0,0,0
29298,ECG,95,19055,0,0,0,0,0
29298,ECG,96,18935,0,0,0,0,0
29303,ECG,97,18815,0,0,0,0,0
29303,ECG,98,18697,0,0,0,0,0
29308,ECG,99,18579,0,0,0,0,0
29308,ECG,100,18462,0,0,0,0,0
29308,ECG,101,18346,0,0,0,0,0
29313,ECG,102,18230,0,0,0,0,0
29313,ECG,103,18116,0,0,0,0,0
29318,ECG,104,18002,0,0,0,0,0
29318,ECG,105,17888,0,0,0,0,0
29318,ECG,106,17775,0,0,0,0,0
29323,ECG,107,17663,0,0,0,0,0
29323,ECG,108,17552,0,0,0,0,0
29328,ECG,109,17332,0,0,0,0,0
29328,ECG,110,17222,0,0,0,0,0
29333,ECG,111,17114,0,0,0,0,0
29333,ECG,112,17006,0,0,0,0,0
29338,ECG,113,16792,0,0,0,0,0
29338,ECG,114,16687,0,0,0,0,0
29343,ECG,115,16581,0,0,0,0,0
29343,ECG,116,16477,0,0,0,0,0
29343,ECG,117,16373,0,0,0,0,0
29348,ECG,118,16270,0,0,0,0,0
29348,ECG,119,16167,0,0,0,0,0
29353,ECG,120,16065,0,0,0,0,0
29353,ECG,121,15964,0,0,0,0,0
29353,ECG,122,15864,0,0,0,0,0
29358,ECG,123,15764,0,0,0,0,0
29358,ECG,124,15664,0,0,0,0,0
29363,ECG,125,15566,0,0,0,0,0
29363,ECG,126,15467,0,0,0,0,0
29363,ECG,127,15370,0,0,0,0,0
29368,ECG,128,15273,0,0,0,0,0
29368,ECG,129,15177,0,0,0,0,0
29373,ECG,130,14986,0,0,0,0,0
29373,ECG,131,14891,0,0,0,0,0
29378,ECG,132,14797,0,0,0,0,0
29378,ECG,133,14704,0,0,0,0,0
29379,ECG,134,14611,0,0,0,0,0
29383,ECG,135,14519,0,0,0,0,0
29383,ECG,136,14428,0,0,0,0,0
29388,ECG,137,14337,0,0,0,0,0
29388,ECG,138,14246,0,0,0,0,0
29393,ECG,139,14067,0,0,0,0,0
29393,ECG,140,13978,0,0,0,0,0
29398,ECG,141,13890,0,0,0,0,0
29398,ECG,142,13802,0,0,0,0,0
29398,ECG,143,13715,0,0,0,0,0
29403,ECG,144,13629,0,0,0,0,0
29403,ECG,145,13543,0,0,0,0,0
29408,ECG,146,13457,0,0,0,0,0
29408,ECG,147,13372,0,0,0,0,0
29408,ECG,148,13288,0,0,0,0,0
29413,ECG,149,13204,0,0,0,0,0
29413,ECG,150,13121,0,0,0,0,0
29418,ECG,151,13038,0,0,0,0,0
29418,ECG,152,12956,0,0,0,0,0
29418,ECG,153,12874,0,0,0,0,0
29423,ECG,154,12793,0,0,0,0,0
29423,ECG,155,12712,0,0,0,0,0
29428,ECG,156,12552,0,0,0,0,0
29428,ECG,157,12473,0,0,0,0,0
29433,ECG,158,12394,0,0,0,0,0
29433,ECG,159,12316,0,0,0,0,0
29438,ECG,160,12161,0,0,0,0,0
29438,ECG,161,12084,0,0,0,0,0
29443,ECG,162,12008,0,0,0,0,0
29443,ECG,163,11932,0,0,0,0,0
29443,ECG,164,11857,0,0,0,0,0
29448,ECG,165,11782,0,0,0,0,0
29448,ECG,166,11707,0,0,0,0,0
29453,ECG,167,11633,0,0,0,0,0
29453,ECG,168,11560,0,0,0,0,0
29453,ECG,169,11487,0,0,0,0,0
29458,ECG,170,11414,0,0,0,0,0
29458,ECG,171,11342,0,0,0,0,0
29463,ECG,172,11271,0,0,0,0,0
29463,ECG,173,11199,0,0,0,0,0
29463,ECG,174,11129,0,0,0,0,0
29468,ECG,175,11058,0,0,0,0,0
29468,ECG,176,10988,0,0,0,0,0
29473,ECG,177,10919,0,0,0,0,0
29473,ECG,178,10850,0,0,0,0,0
29473,ECG,179,10781,0,0,0,0,0
29478,ECG,180,10713,0,0,0,0,0
29478,ECG,181,10645,0,0,0,0,0
29479,ECG,182,10578,0,0,0,0,0
29483,ECG,183,10511,0,0,0,0,0
29483,ECG,184,10445,0,0,0,0,0
29488,ECG,185,10379,0,0,0,0,0
29488,ECG,186,10313,0,0,0,0,0
29493,ECG,187,10183,0,0,0,0,0
29493,ECG,188,10118,0,0,0,0,0
29498,ECG,189,10054,0,0,0,0,0
29498,ECG,190,9991,0,0,0,0,0
29498,ECG,191,9928,0,0,0,0,0
29503,ECG,192,9865,0,0,0,0,0
29503,ECG,193,9802,0,0,0,0,0
29508,ECG,194,9740,0,0,0,0,0
29508,ECG,195,9679,0,0,0,0,0
29508,ECG,196,9617,0,0,0,0,0
29513,ECG,197,9557,0,0,0,0,0
29513,ECG,198,9496,0,0,0,0,0
29518,ECG,199,9436,0,0,0,0,0
29518,ECG,200,9376,0,0,0,0,0
29518,ECG,201,9317,0,0,0,0,0
29523,ECG,202,9258,0,0,0,0,0
29523,ECG,203,9200,0,0,0,0,0
29528,ECG,204,9083,0,0,0,0,0
29528,ECG,205,9026,0,0,0,0,0
29533,ECG,206,8969,0,0,0,0,0
29533,ECG,207,8912,0,0,0,0,0
29538,ECG,208,8799,0,0,0,0,0
29538,ECG,209,8744,0,0,0,0,0
29543,ECG,210,8688,0,0,0,0,0
29543,ECG,211,8633,0,0,0,0,0
29543,ECG,212,8578,0,0,0,0,0
29548,ECG,213,8524,0,0,0,0,0
29548,ECG,214,8470,0,0,0,0,0
29553,ECG,215,8416,0,0,0,0,0
29553,ECG,216,8363,0,0,0,0,0
29553,ECG,217,8310,0,0,0,0,0
29558,ECG,218,8257,0,0,0,0,0
29558,ECG,219,8205,0,0,0,0,0
29563,ECG,220,8153,0,0,0,0,0
29563,ECG,221,8101,0,0,0,0,0
29563,ECG,222,8050,0,0,0,0,0
29568,ECG,223,7999,0,0,0,0,0
29568,ECG,224,7948,0,0,0,0,0
29573,ECG,225,7848,0,0,0,0,0
29573,ECG,226,7798,0,0,0,0,0
29578,ECG,227,7749,0,0,0,0,0
29578,ECG,228,7699,0,0,0,0,0
29579,ECG,229,7651,0,0,0,0,0
29583,ECG,230,7602,0,0,0,0,0
29583,ECG,231,7554,0,0,0,0,0
29588,ECG,232,7506,0,0,0,0,0
29588,ECG,233,7458,0,0,0,0,0
29588,ECG,234,7411,0,0,0,0,0
29593,ECG,235,7364,0,0,0,0,0
29593,ECG,236,7317,0,0,0,0,0
29598,ECG,237,7271,0,0,0,0,0
29598,ECG,238,7224,0,0,0,0,0
29598,ECG,239,7178,0,0,0,0,0
29603,ECG,240,7133,0,0,0,0,0
29603,ECG,241,7088,0,0,0,0,0
29608,ECG,242,7043,0,0,0,0,0
29608,ECG,243,6998,0,0,0,0,0
29608,ECG,244,6953,0,0,0,0,0
29613,ECG,245,6909,0,0,0,0,0
29613,ECG,246,6865,0,0,0,0,0
29618,ECG,247,6821,0,0,0,0,0
29618,ECG,248,6778,0,0,0,0,0
29618,ECG,249,6735,0,0,0,0,0
29623,ECG,250,6692,0,0,0,0,0
29623,ECG,251,6650,0,0,0,0,0
29628,ECG,252,6566,0,0,0,0,0
29628,ECG,253,6524,0,0,0,0,0
29633,ECG,254,6482,0,0,0,0,0
29633,ECG,255,6441,0,0,0,0,0
29638,ECG,256,6359,0,0,0,0,0
29638,ECG,257,6319,0,0,0,0,0
29643,ECG,258,6279,0,0,0,0,0
29643,ECG,259,6239,0,0,0,0,0
29643,ECG,260,6199,0,0,0,0,0
29648,ECG,261,6159,0,0,0,0,0
29648,ECG,262,6120,0,0,0,0,0
29653,ECG,263,6081,0,0,0,0,0
29653,ECG,264,6042,0,0,0,0,0
29653,ECG,265,6004,0,0,0,0,0
29658,ECG,266,5966,0,0,0,0,0
29658,ECG,267,5928,0,0,0,0,0
29663,ECG,268,5890,0,0,0,0,0
29663,ECG,269,5852,0,0,0,0,0
29663,ECG,270,5815,0,0,0,0,0
29668,ECG,271,5778,0,0,0,0,0
29668,ECG,272,5741,0,0,0,0,0
29673,ECG,273,5669,0,0,0,0,0
29673,ECG,274,5632,0,0,0,0,0
29678,ECG,275,5596,0,0,0,0,0
29678,ECG,276,5561,0,0,0,0,0
29679,ECG,277,5525,0,0,0,0,0
29683,ECG,278,5490,0,0,0,0,0
29683,ECG,279,5455,0,0,0,0,0
29688,ECG,280,5420,0,0,0,0,0
29688,ECG,281,5386,0,0,0,0,0
29693,ECG,282,5317,0,0,0,0,0
29693,ECG,283,5283,0,0,0,0,0
29698,ECG,284,5249,0,0,0,0,0
29698,ECG,285,5216,0,0,0,0,0
29698,ECG,286,5183,0,0,0,0,0
29703,ECG,287,5150,0,0,0,0,0
29703,ECG,288,5117,0,0,0,0,0
29708,ECG,289,5084,0,0,0,0,0
29708,ECG,290,5051,0,0,0,0,0
29708,ECG,291,5019,0,0,0,0,0
29713,ECG,292,4987,0,0,0,0,0
29713,ECG,293,4955,0,0,0,0,0
29718,ECG,294,4924,0,0,0,0,0
29718,ECG,295,4892,0,0,0,0,0
29718,ECG,296,4861,0,0,0,0,0
29723,ECG,297,4830,0,0,0,0,0
29723,ECG,298,4799,0,0,0,0,0
29728,ECG,299,4738,0,0,0,0,0
29728,ECG,300,4707,0,0,0,0,0
29733,ECG,301,4677,0,0,0,0,0
29733,ECG,302,4647,0,0,0,0,0
29738,ECG,303,4588,0,0,0,0,0
29738,ECG,304,4559,0,0,0,0,0
29743,ECG,305,4530,0,0,0,0,0
29743,ECG,306,4501,0,0,0,0,0
29743,ECG,307,4472,0,0,0,0,0
29748,ECG,308,4443,0,0,0,0,0
29748,ECG,309,4415,0,0,0,0,0
29753,ECG,310,4386,0,0,0,0,0
29753,ECG,311,4358,0,0,0,0,0
29753,ECG,312,4330,0,0,0,0,0
29758,ECG,313,4303,0,0,0,0,0
29758,ECG,314,4275,0,0,0,0,0
29763,ECG,315,4248,0,0,0,0,0
29763,ECG,316,4220,0,0,0,0,0
29763,ECG,317,4193,0,0,0,0,0
29768,ECG,318,4166,0,0,0,0,0
29768,ECG,319,4140,0,0,0,0,0
29773,ECG,320,4113,0,0,0,0,0
29773,ECG,321,4087,0,0,0,0,0
29773,ECG,322,4060,0,0,0,0,0
29778,ECG,323,4034,0,0,0,0,0
29778,ECG,324,4008,0,0,0,0,0
29779,ECG,325,3983,0,0,0,0,0
29783,ECG,326,3957,0,0,0,0,0
29783,ECG,327,3932,0,0,0,0,0
29788,ECG,328,3906,0,0,0,0,0
29788,ECG,329,3881,0,0,0,0,0
29793,ECG,330,3832,0,0,0,0,0
29793,ECG,331,3807,0,0,0,0,0
29798,ECG,332,3782,0,0,0,0,0
29798,ECG,333,3758,0,0,0,0,0
29798,ECG,334,3734,0,0,0,0,0
29803,ECG,335,3710,0,0,0,0,0
29803,ECG,336,3686,0,0,0,0,0
29808,ECG,337,3662,0,0,0,0,0
29808,ECG,338,3639,0,0,0,0,0
29808,ECG,339,3615,0,0,0,0,0
29813,ECG,340,3592,0,0,0,0,0
29813,ECG,341,3569,0,0,0,0,0
29818,ECG,342,3546,0,0,0,0,0
29818,ECG,343,3523,0,0,0,0,0
29818,ECG,344,3500,0,0,0,0,0
29823,ECG,345,3478,0,0,0,0,0
29823,ECG,346,3455,0,0,0,0,0
29828,ECG,347,3411,0,0,0,0,0
29828,ECG,348,3389,0,0,0,0,0
29833,ECG,349,3367,0,0,0,0,0
29833,ECG,350,3345,0,0,0,0,0
29838,ECG,351,3302,0,0,0,0,0
29838,ECG,352,3281,0,0,0,0,0
29843,ECG,353,3260,0,0,0,0,0
29843,ECG,354,3239,0,0,0,0,0
29843,ECG,355,3218,0,0,0,0,0
29848,ECG,356,3197,0,0,0,0,0
29848,ECG,357,3176,0,0,0,0,0
29853,ECG,358,3156,0,0,0,0,0
29853,ECG,359,3135,0,0,0,0,0
29853,ECG,360,3115,0,0,0,0,0
29858,ECG,361,3095,0,0,0,0,0
29858,ECG,362,3075,0,0,0,0,0
29863,ECG,363,3055,0,0,0,0,0
29863,ECG,364,3035,0,0,0,0,0
29863,ECG,365,3015,0,0,0,0,0
29868,ECG,366,2996,0,0,0,0,0
29868,ECG,367,2976,0,0,0,0,0
29873,ECG,368,2957,0,0,0,0,0
29873,ECG,369,2938,0,0,0,0,0
29873,ECG,370,2919,0,0,0,0,0
29878,ECG,371,2900,0,0,0,0,0
29878,ECG,372,2881,0,0,0,0,0
29883,ECG,373,2844,0,0,0,0,0
29883,ECG,374,2825,0,0,0,0,0
29888,ECG,375,2807,0,0,0,0,0
29888,ECG,376,2789,0,0,0,0,0
29893,ECG,377,2753,0,0,0,0,0
29893,ECG,378,2735,0,0,0,0,0
29898,ECG,379,2717,0,0,0,0,0
29898,ECG,380,2700,0,0,0,0,0
29898,ECG,381,2682,0,0,0,0,0
29903,ECG,382,2665,0,0,0,0,0
29903,ECG,383,2647,0,0,0,0,0
29908,ECG,384,2630,0,0,0,0,0
29908,ECG,385,2613,0,0,0,0,0
29908,ECG,386,2596,0,0,0,0,0
29913,ECG,387,2579,0,0,0,0,0
29913,ECG,388,2562,0,0,0,0,0
29918,ECG,389,2546,0,0,0,0,0
29918,ECG,390,2529,0,0,0,0,0
29918,ECG,391,2513,0,0,0,0,0
29923,ECG,392,2496,0,0,0,0,0
29923,ECG,393,2480,0,0,0,0,0
29928,ECG,394,2448,0,0,0,0,0
29928,ECG,395,2432,0,0,0,0,0
29933,ECG,396,2416,0,0,0,0,0
29933,ECG,397,2400,0,0,0,0,0
29934,ECG,398,2385,0,0,0,0,0
29938,ECG,399,2369,0,0,0,0,0
29938,ECG,400,2354,0,0,0,0,0
29943,ECG,401,2338,0,0,0,0,0
29943,ECG,402,2323,0,0,0,0,0
29943,ECG,403,2308,0,0,0,0,0
29948,ECG,404,2293,0,0,0,0,0
29948,ECG,405,2278,0,0,0,0,0
29953,ECG,406,2263,0,0,0,0,0
29953,ECG,407,2248,0,0,0,0,0
29953,ECG,408,2233,0,0,0,0,0
29958,ECG,409,2219,0,0,0,0,0
29958,ECG,410,2204,0,0,0,0,0
29963,ECG,411,2190,0,0,0,0,0
29963,ECG,412,2176,0,0,0,0,0
29963,ECG,413,2161,0,0,0,0,0
29968,ECG,414,2147,0,0,0,0,0
29968,ECG,415,2133,0,0,0,0,0
29973,ECG,416,2105,0,0,0,0,0
29973,ECG,417,2091,0,0,0,0,0
29978,ECG,418,2078,0,0,0,0,0
29978,ECG,419,2064,0,0,0,0,0
29979,ECG,420,2050,0,0,0,0,0
29983,ECG,421,2037,0,0,0,0,0
29983,ECG,422,2023,0,0,0,0,0
29988,ECG,423,2010,0,0,0,0,0
29988,ECG,424,1997,0,0,0,0,0
29993,ECG,425,1971,0,0,0,0,0
29993,ECG,426,1958,0,0,0,0,0
29998,ECG,427,1945,0,0,0,0,0
29998,ECG,428,1932,0,0,0,0,0
29998,ECG,429,1919,0,0,0,0,0
30003,ECG,430,1906,0,0,0,0,0
30003,ECG,431,1894,0,0,0,0,0
30008,ECG,432,1881,0,0,0,0,0
30008,ECG,433,1869,0,0,0,0,0
30008,ECG,434,1857,0,0,0,0,0
30013,ECG,435,1844,0,0,0,0,0
30013,ECG,436,1832,0,0,0,0,0
30018,ECG,437,1820,0,0,0,0,0
30018,ECG,438,1808,0,0,0,0,0
30018,ECG,439,1796,0,0,0,0,0
30023,ECG,440,1784,0,0,0,0,0
30023,ECG,441,1772,0,0,0,0,0
30028,ECG,442,1749,0,0,0,0,0
30028,ECG,443,1737,0,0,0,0,0
30033,ECG,444,1726,0,0,0,0,0
30033,ECG,445,1714,0,0,0,0,0
30038,ECG,446,1692,0,0,0,0,0
30038,ECG,447,1681,0,0,0,0,0
30043,ECG,448,1669,0,0,0,0,0
30043,ECG,449,1658,0,0,0,0,0
30043,ECG,450,1647,0,0,0,0,0
30048,ECG,451,1636,0,0,0,0,0
30048,ECG,452,1625,0,0,0,0,0
30053,ECG,453,1615,0,0,0,0,0
30053,ECG,454,1604,0,0,0,0,0
30053,ECG,455,1593,0,0,0,0,0
30058,ECG,456,1583,0,0,0,0,0
30058,ECG,457,1572,0,0,0,0,0
30063,ECG,458,1562,0,0,0,0,0
30063,ECG,459,1551,0,0,0,0,0
30063,ECG,460,1541,0,0,0,0,0
30068,ECG,461,1531,0,0,0,0,0
30068,ECG,462,1520,0,0,0,0,0
30073,ECG,463,1510,0,0,0,0,0
30073,ECG,464,1500,0,0,0,0,0
30073,ECG,465,1490,0,0,0,0,0
30078,ECG,466,1480,0,0,0,0,0
30078,ECG,467,1470,0,0,0,0,0
30083,ECG,468,1451,0,0,0,0,0
30083,ECG,469,1441,0,0,0,0,0
30092,ECG,470,1431,0,0,0,0,0
30092,ECG,471,1422,0,0,0,0,0
30092,ECG,472,1412,0,0,0,0,0
30092,ECG,473,1403,0,0,0,0,0
30097,ECG,474,1384,0,0,0,0,0
30097,ECG,475,1375,0,0,0,0,0
30102,ECG,476,1365,0,0,0,0,0
30102,ECG,477,1356,0,0,0,0,0
30102,ECG,478,1347,0,0,0,0,0
30107,ECG,479,1338,0,0,0,0,0
30107,ECG,480,1329,0,0,0,0,0
30112,ECG,481,1320,0,0,0,0,0
30112,ECG,482,1311,0,0,0,0,0
30112,ECG,483,1302,0,0,0,0,0
30117,ECG,484,1294,0,0,0,0,0
30117,ECG,485,1285,0,0,0,0,0
30122,ECG,486,1276,0,0,0,0,0
30122,ECG,487,1268,0,0,0,0,0
30122,ECG,488,1259,0,0,0,0,0
30127,ECG,489,1251,0,0,0,0,0
30127,ECG,490,1242,0,0,0,0,0
30132,ECG,491,1225,0,0,0,0,0
30132,ECG,492,1217,0,0,0,0,0
30137,ECG,493,1209,0,0,0,0,0
30137,ECG,494,1201,0,0,0,0,0
30142,ECG,495,1184,0,0,0,0,0
30142,ECG,496,1176,0,0,0,0,0
30147,ECG,497,1168,0,0,0,0,0
30147,ECG,498,1160,0,0,0,0,0
30147,ECG,499,1152,0,0,0,0,0
30152,ECG,500,1145,0,0,0,0,0
30152,ECG,501,1137,0,0,0,0,0
30157,ECG,502,1129,0,0,0,0,0
30157,ECG,503,1121,0,0,0,0,0
30157,ECG,504,1114,0,0,0,0,0
30162,ECG,505,1106,0,0,0,0,0
30162,ECG,506,1099,0,0,0,0,0
30167,ECG,507,1091,0,0,0,0,0
30167,ECG,508,1084,0,0,0,0,0
30167,ECG,509,1076,0,0,0,0,0
30172,ECG,510,1069,0,0,0,0,0
30172,ECG,511,1062,0,0,0,0,0
30177,ECG,512,1047,0,0,0,0,0
30177,ECG,513,1040,0,0,0,0,0
30182,ECG,514,1033,0,0,0,0,0
30182,ECG,515,1026,0,0,0,0,0
30183,ECG,516,1019,0,0,0,0,0
30187,ECG,517,1012,0,0,0,0,0
30187,ECG,518,1005,0,0,0,0,0
30192,ECG,519,998,0,0,0,0,0
30192,ECG,520,991,0,0,0,0,0
31199,ECG,521,0,0,0,0,0,0
31199,ECG,522,-1,0,0,0,0,0
31199,ECG,523,-6,0,0,0,0,0
31204,ECG,524,2,0,0,0,0,0
31204,ECG,525,6,0,0,0,0,0
31209,ECG,526,38,0,0,0,0,0
31209,ECG,527,-16,0,0,0,0,0
31214,ECG,528,-26,0,0,0,0,0
31214,ECG,529,151,0,0,0,0,0
31215,ECG,530,-753,0,0,0,0,0
31219,ECG,531,-2109,0,0,0,0,0
31219,ECG,532,-1850,0,0,0,0,0
31224,ECG,533,-36,0,0,0,0,0
31224,ECG,534,3394,0,0,0,0,0
31229,ECG,535,15156,0,0,0,0,0
31229,ECG,536,21689,0,0,0,0,0
31234,ECG,537,27397,0,0,0,0,0
31234,ECG,538,31311,0,0,0,0,0
31234,ECG,539,32011,0,0,0,0,0
31239,ECG,540,31810,0,0,0,0,0
31239,ECG,541,31610,0,0,0,0,0
31244,ECG,542,31343,0,0,0,0,0
31244,ECG,543,31109,0,0,0,0,0
31244,ECG,544,31019,0,0,0,0,0
31249,ECG,545,30731,0,0,0,0,0
31249,ECG,546,30591,0,0,0,0,0
31254,ECG,547,30395,0,0,0,0,0
31254,ECG,548,30195,0,0,0,0,0
31254,ECG,549,30019,0,0,0,0,0
31259,ECG,550,29827,0,0,0,0,0
31259,ECG,551,29638,0,0,0,0,0
31264,ECG,552,29266,0,0,0,0,0
31264,ECG,553,29082,0,0,0,0,0
31269,ECG,554,28900,0,0,0,0,0
31269,ECG,555,28718,0,0,0,0,0
31274,ECG,556,28358,0,0,0,0,0
31274,ECG,557,28180,0,0,0,0,0
31279,ECG,558,28002,0,0,0,0,0
31279,ECG,559,27826,0,0,0,0,0
31279,ECG,560,27651,0,0,0,0,0
31284,ECG,561,27478,0,0,0,0,0
31284,ECG,562,27305,0,0,0,0,0
31289,ECG,563,27133,0,0,0,0,0
31289,ECG,564,26963,0,0,0,0,0
31289,ECG,565,26793,0,0,0,0,0
31294,ECG,566,26625,0,0,0,0,0
31294,ECG,567,26457,0,0,0,0,0
31299,ECG,568,26291,0,0,0,0,0
31299,ECG,569,26126,0,0,0,0,0
31299,ECG,570,25961,0,0,0,0,0
31304,ECG,571,25798,0,0,0,0,0
31304,ECG,572,25636,0,0,0,0,0
31309,ECG,573,25314,0,0,0,0,0
31309,ECG,574,25155,0,0,0,0,0
31314,ECG,575,24997,0,0,0,0,0
31314,ECG,576,24840,0,0,0,0,0
31315,ECG,577,24683,0,0,0,0,0
31319,ECG,578,24528,0,0,0,0,0
31319,ECG,579,24374,0,0,0,0,0
31324,ECG,580,24221,0,0,0,0,0
31324,ECG,581,24068,0,0,0,0,0
31329,ECG,582,23766,0,0,0,0,0
31329,ECG,583,23617,0,0,0,0,0
31334,ECG,584,23468,0,0,0,0,0
31334,ECG,585,23321,0,0,0,0,0
31334,ECG,586,23174,0,0,0,0,0
32341,ECG,587,0,0,0,0,0,0
32341,ECG,588,-1,0,0,0,0,0
32341,ECG,589,-6,0,0,0,0,0
32346,ECG,590,2,0,0,0,0,0
32346,ECG,591,6,0,0,0,0,0
32351,ECG,592,38,0,0,0,0,0
32351,ECG,593,-16,0,0,0,0,0
32356,ECG,594,-26,0,0,0,0,0
32356,ECG,595,151,0,0,0,0,0
32361,ECG,596,-2109,0,0,0,0,0
32361,ECG,597,-1850,0,0,0,0,0
32366,ECG,598,-36,0,0,0,0,0
32366,ECG,599,3394,0,0,0,0,0
32366,ECG,600,8729,0,0,0,0,0
32371,ECG,601,15156,0,0,0,0,0
32371,ECG,602,21689,0,0,0,0,0
32376,ECG,603,27397,0,0,0,0,0
32376,ECG,604,31311,0,0,0,0,0
32376,ECG,605,32011,0,0,0,0,0
32381,ECG,606,31810,0,0,0,0,0
32381,ECG,607,31610,0,0,0,0,0
32386,ECG,608,31343,0,0,0,0,0
32386,ECG,609,31109,0,0,0,0,0
32386,ECG,610,31019,0,0,0,0,0
32391,ECG,611,30731,0,0,0,0,0
32391,ECG,612,30591,0,0,0,0,0
32396,ECG,613,30395,0,0,0,0,0
32396,ECG,614,30195,0,0,0,0,0
32396,ECG,615,30019,0,0,0,0,0
32401,ECG,616,29827,0,0,0,0,0
32401,ECG,617,29638,0,0,0,0,0
32406,ECG,618,29266,0,0,0,0,0
32406,ECG,619,29082,0,0,0,0,0
32411,ECG,620,28900,0,0,0,0,0
32411,ECG,621,28718,0,0,0,0,0
32416,ECG,622,28358,0,0,0,0,0
32416,ECG,623,28180,0,0,0,0,0
32421,ECG,624,28002,0,0,0,0,0
32421,ECG,625,27826,0,0,0,0,0
32421,ECG,626,27651,0,0,0,0,0
32426,ECG,627,27478,0,0,0,0,0
32426,ECG,628,27305,0,0,0,0,0
32431,ECG,629,27133,0,0,0,0,0
32431,ECG,630,26963,0,0,0,0,0
32431,ECG,631,26793,0,0,0,0,0
32436,ECG,632,26625,0,0,0,0,0
32436,ECG,633,26457,0,0,0,0,0
32441,ECG,634,26291,0,0,0,0,0
32441,ECG,635,26126,0,0,0,0,0
32441,ECG,636,25961,0,0,0,0,0
32446,ECG,637,25798,0,0,0,0,0
32446,ECG,638,25636,0,0,0,0,0
32451,ECG,639,25314,0,0,0,0,0
32451,ECG,640,25155,0,0,0,0,0
32456,ECG,641,24997,0,0,0,0,0
32456,ECG,642,24840,0,0,0,0,0
32457,ECG,643,24683,0,0,0,0,0
32461,ECG,644,24528,0,0,0,0,0
32461,ECG,645,24374,0,0,0,0,0
32466,ECG,646,24221,0,0,0,0,0
32466,ECG,647,24068,0,0,0,0,0
32466,ECG,648,23917,0,0,0,0,0
32471,ECG,649,23766,0,0,0,0,0
32471,ECG,650,23617,0,0,0,0,0
32476,ECG,651,23468,0,0,0,0,0
32476,ECG,652,23321,0,0,0,0,0
32476,ECG,653,23174,0,0,0,0,0
32481,ECG,654,23028,0,0,0,0,0
32481,ECG,655,22883,0,0,0,0,0
32486,ECG,656,22739,0,0,0,0,0
32486,ECG,657,22596,0,0,0,0,0
32486,ECG,658,22454,0,0,0,0,0
32491,ECG,659,22313,0,0,0,0,0
32491,ECG,660,22172,0,0,0,0,0
32496,ECG,661,22033,0,0,0,0,0
32496,ECG,662,21894,0,0,0,0,0
32496,ECG,663,21756,0,0,0,0,0
32501,ECG,664,21619,0,0,0,0,0
32501,ECG,665,21483,0,0,0,0,0
32506,ECG,666,21214,0,0,0,0,0
32506,ECG,667,21080,0,0,0,0,0
32511,ECG,668,20948,0,0,0,0,0
32511,ECG,669,20816,0,0,0,0,0
32516,ECG,670,20555,0,0,0,0,0
32516,ECG,671,20425,0,0,0,0,0
32521,ECG,672,20297,0,0,0,0,0
32521,ECG,673,20169,0,0,0,0,0
32521,ECG,674,20042,0,0,0,0,0
32526,ECG,675,19916,0,0,0,0,0
32526,ECG,676,19790,0,0,0,0,0
32531,ECG,677,19666,0,0,0,0,0
32531,ECG,678,19542,0,0,0,0,0
32531,ECG,679,19419,0,0,0,0,0
32536,ECG,680,19297,0,0,0,0,0
32536,ECG,681,19175,0,0,0,0,0
32541,ECG,682,19055,0,0,0,0,0
32541,ECG,683,18935,0,0,0,0,0
32541,ECG,684,18815,0,0,0,0,0
32546,ECG,685,18697,0,0,0,0,0
32546,ECG,686,18579,0,0,0,0,0
32551,ECG,687,18346,0,0,0,0,0
32551,ECG,688,18230,0,0,0,0,0
32556,ECG,689,18116,0,0,0,0,0
32556,ECG,690,18002,0,0,0,0,0
32557,ECG,691,17888,0,0,0,0,0
32561,ECG,692,17775,0,0,0,0,0
32561,ECG,693,17663,0,0,0,0,0
32566,ECG,694,17552,0,0,0,0,0
32566,ECG,695,17442,0,0,0,0,0
32571,ECG,696,17222,0,0,0,0,0
32571,ECG,697,17114,0,0,0,0,0
32576,ECG,698,17006,0,0,0,0,0
32576,ECG,699,16899,0,0,0,0,0
32576,ECG,700,16792,0,0,0,0,0
32581,ECG,701,16687,0,0,0,0,0
32581,ECG,702,16581,0,0,0,0,0
32586,ECG,703,16477,0,0,0,0,0
32586,ECG,704,16373,0,0,0,0,0
32586,ECG,705,16270,0,0,0,0,0
32591,ECG,706,16167,0,0,0,0,0
32591,ECG,707,16065,0,0,0,0,0
32596,ECG,708,15964,0,0,0,0,0
32596,ECG,709,15864,0,0,0,0,0
32596,ECG,710,15764,0,0,0,0,0
32601,ECG,711,15664,0,0,0,0,0
32601,ECG,712,15566,0,0,0,0,0
32606,ECG,713,15370,0,0,0,0,0
32606,ECG,714,15273,0,0,0,0,0
32611,ECG,715,15177,0,0,0,0,0
32611,ECG,716,15081,0,0,0,0,0
32616,ECG,717,14891,0,0,0,0,0
32616,ECG,718,14797,0,0,0,0,0
32621,ECG,719,14704,0,0,0,0,0
32621,ECG,720,14611,0,0,0,0,0
32621,ECG,721,14519,0,0,0,0,0
32626,ECG,722,14428,0,0,0,0,0
32626,ECG,723,14337,0,0,0,0,0
32631,ECG,724,14246,0,0,0,0,0
32631,ECG,725,14156,0,0,0,0,0
32631,ECG,726,14067,0,0,0,0,0
32636,ECG,727,13978,0,0,0,0,0
32636,ECG,728,13890,0,0,0,0,0
32641,ECG,729,13802,0,0,0,0,0
32641,ECG,730,13715,0,0,0,0,0
32641,ECG,731,13629,0,0,0,0,0
32646,ECG,732,13543,0,0,0,0,0
32646,ECG,733,13457,0,0,0,0,0
32651,ECG,734,13372,0,0,0,0,0
32651,ECG,735,13288,0,0,0,0,0
32651,ECG,736,13204,0,0,0,0,0
32656,ECG,737,13121,0,0,0,0,0
32656,ECG,738,13038,0,0,0,0,0
32657,ECG,739,12956,0,0,0,0,0
32661,ECG,740,12874,0,0,0,0,0
32661,ECG,741,12793,0,0,0,0,0
32666,ECG,742,12712,0,0,0,0,0
32666,ECG,743,12632,0,0,0,0,0
32671,ECG,744,12473,0,0,0,0,0
32671,ECG,745,12394,0,0,0,0,0
32676,ECG,746,12316,0,0,0,0,0
32676,ECG,747,12238,0,0,0,0,0
32676,ECG,748,12161,0,0,0,0,0
32681,ECG,749,12084,0,0,0,0,0
32681,ECG,750,12008,0,0,0,0,0
32686,ECG,751,11932,0,0,0,0,0
32686,ECG,752,11857,0,0,0,0,0
32686,ECG,753,11782,0,0,0,0,0
32691,ECG,754,11707,0,0,0,0,0
32691,ECG,755,11633,0,0,0,0,0
32696,ECG,756,11560,0,0,0,0,0
32696,ECG,757,11487,0,0,0,0,0
32696,ECG,758,11414,0,0,0,0,0
32701,ECG,759,11342,0,0,0,0,0
32701,ECG,760,11271,0,0,0,0,0
32706,ECG,761,11129,0,0,0,0,0
32706,ECG,762,11058,0,0,0,0,0
32711,ECG,763,10988,0,0,0,0,0
32711,ECG,764,10919,0,0,0,0,0
32716,ECG,765,10781,0,0,0,0,0
32716,ECG,766,10713,0,0,0,0,0
32721,ECG,767,10645,0,0,0,0,0
32721,ECG,768,10578,0,0,0,0,0
32721,ECG,769,10511,0,0,0,0,0
32726,ECG,770,10445,0,0,0,0,0
32726,ECG,771,10379,0,0,0,0,0
32731,ECG,772,10313,0,0,0,0,0
32731,ECG,773,10248,0,0,0,0,0
32731,ECG,774,10183,0,0,0,0,0
32736,ECG,775,10118,0,0,0,0,0
32736,ECG,776,10054,0,0,0,0,0
32741,ECG,777,9991,0,0,0,0,0
32741,ECG,778,9928,0,0,0,0,0
32741,ECG,779,9865,0,0,0,0,0
32746,ECG,780,9802,0,0,0,0,0
32746,ECG,781,9740,0,0,0,0,0
32751,ECG,782,9617,0,0,0,0,0
32751,ECG,783,9557,0,0,0,0,0
32756,ECG,784,9496,0,0,0,0,0
32756,ECG,785,9436,0,0,0,0,0
32757,ECG,786,9376,0,0,0,0,0
32761,ECG,787,9317,0,0,0,0,0
32761,ECG,788,9258,0,0,0,0,0
32766,ECG,789,9200,0,0,0,0,0
32766,ECG,790,9141,0,0,0,0,0
32766,ECG,791,9083,0,0,0,0,0
32771,ECG,792,9026,0,0,0,0,0
32771,ECG,793,8969,0,0,0,0,0
32776,ECG,794,8912,0,0,0,0,0
32776,ECG,795,8855,0,0,0,0,0
32776,ECG,796,8799,0,0,0,0,0
32781,ECG,797,8744,0,0,0,0,0
32781,ECG,798,8688,0,0,0,0,0
32786,ECG,799,8633,0,0,0,0,0
32786,ECG,800,8578,0,0,0,0,0
32786,ECG,801,8524,0,0,0,0,0
32791,ECG,802,8470,0,0,0,0,0
32791,ECG,803,8416,0,0,0,0,0
32796,ECG,804,8363,0,0,0,0,0
32796,ECG,805,8310,0,0,0,0,0
32796,ECG,806,8257,0,0,0,0,0
32801,ECG,807,8205,0,0,0,0,0
32801,ECG,808,8153,0,0,0,0,0
32806,ECG,809,8050,0,0,0,0,0
32806,ECG,810,7999,0,0,0,0,0
32811,ECG,811,7948,0,0,0,0,0
32811,ECG,812,7898,0,0,0,0,0
32816,ECG,813,7798,0,0,0,0,0
32816,ECG,814,7749,0,0,0,0,0
32821,ECG,815,7699,0,0,0,0,0
32821,ECG,816,7651,0,0,0,0,0
32821,ECG,817,7602,0,0,0,0,0
32826,ECG,818,7554,0,0,0,0,0
32826,ECG,819,7506,0,0,0,0,0
32831,ECG,820,7458,0,0,0,0,0
32831,ECG,821,7411,0,0,0,0,0
32831,ECG,822,7364,0,0,0,0,0
32836,ECG,823,7317,0,0,0,0,0
32836,ECG,824,7271,0,0,0,0,0
32841,ECG,825,7224,0,0,0,0,0
32841,ECG,826,7178,0,0,0,0,0
32841,ECG,827,7133,0,0,0,0,0
32846,ECG,828,7088,0,0,0,0,0
32846,ECG,829,7043,0,0,0,0,0
32851,ECG,830,6953,0,0,0,0,0
32851,ECG,831,6909,0,0,0,0,0
32856,ECG,832,6865,0,0,0,0,0
32856,ECG,833,6821,0,0,0,0,0
32857,ECG,834,6778,0,0,0,0,0
32861,ECG,835,6735,0,0,0,0,0
32861,ECG,836,6692,0,0,0,0,0
32866,ECG,837,6650,0,0,0,0,0
32866,ECG,838,6608,0,0,0,0,0
32871,ECG,839,6524,0,0,0,0,0
32871,ECG,840,6482,0,0,0,0,0
32876,ECG,841,6441,0,0,0,0,0
32876,ECG,842,6400,0,0,0,0,0
32876,ECG,843,6359,0,0,0,0,0
32881,ECG,844,6319,0,0,0,0,0
32881,ECG,845,6279,0,0,0,0,0
32886,ECG,846,6239,0,0,0,0,0
32886,ECG,847,6199,0,0,0,0,0
32886,ECG,848,6159,0,0,0,0,0
32891,ECG,849,6120,0,0,0,0,0
32891,ECG,850,6081,0,0,0,0,0
32896,ECG,851,6042,0,0,0,0,0
32896,ECG,852,6004,0,0,0,0,0
32896,ECG,853,5966,0,0,0,0,0
32901,ECG,854,5928,0,0,0,0,0
32901,ECG,855,5890,0,0,0,0,0
32906,ECG,856,5815,0,0,0,0,0
32906,ECG,857,5778,0,0,0,0,0
32911,ECG,858,5741,0,0,0,0,0
32911,ECG,859,5705,0,0,0,0,0
32916,ECG,860,5632,0,0,0,0,0
32916,ECG,861,5596,0,0,0,0,0
32921,ECG,862,5561,0,0,0,0,0
32921,ECG,863,5525,0,0,0,0,0
32921,ECG,864,5490,0,0,0,0,0
32926,ECG,865,5455,0,0,0,0,0
32926,ECG,866,5420,0,0,0,0,0
32931,ECG,867,5386,0,0,0,0,0
32931,ECG,868,5351,0,0,0,0,0
32931,ECG,869,5317,0,0,0,0,0
32936,ECG,870,5283,0,0,0,0,0
32936,ECG,871,5249,0,0,0,0,0
32941,ECG,872,5216,0,0,0,0,0
32941,ECG,873,5183,0,0,0,0,0
32941,ECG,874,5150,0,0,0,0,0
32946,ECG,875,5117,0,0,0,0,0
32946,ECG,876,5084,0,0,0,0,0
32951,ECG,877,5051,0,0,0,0,0
32951,ECG,878,5019,0,0,0,0,0
32951,ECG,879,4987,0,0,0,0,0
32956,ECG,880,4955,0,0,0,0,0
32956,ECG,881,4924,0,0,0,0,0
32961,ECG,882,4861,0,0,0,0,0
32961,ECG,883,4830,0,0,0,0,0
32966,ECG,884,4799,0,0,0,0,0
32966,ECG,885,4768,0,0,0,0,0
32971,ECG,886,4707,0,0,0,0,0
32971,ECG,887,4677,0,0,0,0,0
32976,ECG,888,4647,0,0,0,0,0
32976,ECG,889,4618,0,0,0,0,0
32976,ECG,890,4588,0,0,0,0,0
32981,ECG,891,4559,0,0,0,0,0
32981,ECG,892,4530,0,0,0,0,0
32986,ECG,893,4501,0,0,0,0,0
32986,ECG,894,4472,0,0,0,0,0
32986,ECG,895,4443,0,0,0,0,0
32991,ECG,896,4415,0,0,0,0,0
32991,ECG,897,4386,0,0,0,0,0
32996,ECG,898,4358,0,0,0,0,0
32996,ECG,899,4330,0,0,0,0,0
32996,ECG,900,4303,0,0,0,0,0
33001,ECG,901,4275,0,0,0,0,0
33001,ECG,902,4248,0,0,0,0,0
33006,ECG,903,4193,0,0,0,0,0
33006,ECG,904,4166,0,0,0,0,0
33011,ECG,905,4140,0,0,0,0,0
33011,ECG,906,4113,0,0,0,0,0
33012,ECG,907,4087,0,0,0,0,0
33016,ECG,908,4060,0,0,0,0,0
33016,ECG,909,4034,0,0,0,0,0
33021,ECG,910,4008,0,0,0,0,0
33021,ECG,911,3983,0,0,0,0,0
33021,ECG,912,3957,0,0,0,0,0
33026,ECG,913,3932,0,0,0,0,0
33026,ECG,914,3906,0,0,0,0,0
33031,ECG,915,3881,0,0,0,0,0
33031,ECG,916,3856,0,0,0,0,0
33031,ECG,917,3832,0,0,0,0,0
33036,ECG,918,3807,0,0,0,0,0
33036,ECG,919,3782,0,0,0,0,0
33041,ECG,920,3758,0,0,0,0,0
33041,ECG,921,3734,0,0,0,0,0
33041,ECG,922,3710,0,0,0,0,0
33046,ECG,923,3686,0,0,0,0,0
33046,ECG,924,3662,0,0,0,0,0
33051,ECG,925,3639,0,0,0,0,0
33051,ECG,926,3615,0,0,0,0,0
33051,ECG,927,3592,0,0,0,0,0
33056,ECG,928,3569,0,0,0,0,0
33056,ECG,929,3546,0,0,0,0,0
33061,ECG,930,3500,0,0,0,0,0
33061,ECG,931,3478,0,0,0,0,0
33066,ECG,932,3455,0,0,0,0,0
33066,ECG,933,3433,0,0,0,0,0
33071,ECG,934,3389,0,0,0,0,0
33071,ECG,935,3367,0,0,0,0,0
33076,ECG,936,3345,0,0,0,0,0
33076,ECG,937,3324,0,0,0,0,0
33076,ECG,938,3302,0,0,0,0,0
33081,ECG,939,3281,0,0,0,0,0
33081,ECG,940,3260,0,0,0,0,0
33086,ECG,941,3239,0,0,0,0,0
33086,ECG,942,3218,0,0,0,0,0
33086,ECG,943,3197,0,0,0,0,0
33091,ECG,944,3176,0,0,0,0,0
33091,ECG,945,3156,0,0,0,0,0
33096,ECG,946,3135,0,0,0,0,0
33096,ECG,947,3115,0,0,0,0,0
33096,ECG,948,3095,0,0,0,0,0
33101,ECG,949,3075,0,0,0,0,0
33101,ECG,950,3055,0,0,0,0,0
33106,ECG,951,3015,0,0,0,0,0
33106,ECG,952,2996,0,0,0,0,0
33111,ECG,953,2976,0,0,0,0,0
33111,ECG,954,2957,0,0,0,0,0
33112,ECG,955,2938,0,0,0,0,0
33116,ECG,956,2919,0,0,0,0,0
33116,ECG,957,2900,0,0,0,0,0
33121,ECG,958,2881,0,0,0,0,0
33121,ECG,959,2862,0,0,0,0,0
33121,ECG,960,2844,0,0,0,0,0
33126,ECG,961,2825,0,0,0,0,0
33126,ECG,962,2807,0,0,0,0,0
33131,ECG,963,2789,0,0,0,0,0
33131,ECG,964,2771,0,0,0,0,0
33131,ECG,965,2753,0,0,0,0,0
33136,ECG,966,2735,0,0,0,0,0
33136,ECG,967,2717,0,0,0,0,0
33141,ECG,968,2700,0,0,0,0,0
33141,ECG,969,2682,0,0,0,0,0
33141,ECG,970,2665,0,0,0,0,0
33146,ECG,971,2647,0,0,0,0,0
33146,ECG,972,2630,0,0,0,0,0
33151,ECG,973,2613,0,0,0,0,0
33151,ECG,974,2596,0,0,0,0,0
33151,ECG,975,2579,0,0,0,0,0
33156,ECG,976,2562,0,0,0,0,0
33156,ECG,977,2546,0,0,0,0,0
33161,ECG,978,2513,0,0,0,0,0
33161,ECG,979,2496,0,0,0,0,0
33166,ECG,980,2480,0,0,0,0,0
33166,ECG,981,2464,0,0,0,0,0
33171,ECG,982,2432,0,0,0,0,0
33171,ECG,983,2416,0,0,0,0,0
33176,ECG,984,2400,0,0,0,0,0
33176,ECG,985,2385,0,0,0,0,0
33176,ECG,986,2369,0,0,0,0,0
33181,ECG,987,2354,0,0,0,0,0
33181,ECG,988,2338,0,0,0,0,0
33186,ECG,989,2323,0,0,0,0,0
33186,ECG,990,2308,0,0,0,0,0
33186,ECG,991,2293,0,0,0,0,0
33191,ECG,992,2278,0,0,0,0,0
33191,ECG,993,2263,0,0,0,0,0
33196,ECG,994,2248,0,0,0,0,0
33196,ECG,995,2233,0,0,0,0,0
33196,ECG,996,2219,0,0,0,0,0
33201,ECG,997,2204,0,0,0,0,0
33201,ECG,998,2190,0,0,0,0,0
33206,ECG,999,2161,0,0,0,0,0
33206,ECG,1000,2147,0,0,0,0,0
33211,ECG,1001,2133,0,0,0,0,0
33211,ECG,1002,2119,0,0,0,0,0
33212,ECG,1003,2105,0,0,0,0,0
33216,ECG,1004,2091,0,0,0,0,0
33216,ECG,1005,2078,0,0,0,0,0
33221,ECG,1006,2064,0,0,0,0,0
33221,ECG,1007,2050,0,0,0,0,0
33221,ECG,1008,2037,0,0,0,0,0
33226,ECG,1009,2023,0,0,0,0,0
33226,ECG,1010,2010,0,0,0,0,0
33231,ECG,1011,1997,0,0,0,0,0
33231,ECG,1012,1984,0,0,0,0,0
33231,ECG,1013,1971,0,0,0,0,0
33236,ECG,1014,1958,0,0,0,0,0
33236,ECG,1015,1945,0,0,0,0,0
33241,ECG,1016,1932,0,0,0,0,0
33241,ECG,1017,1919,0,0,0,0,0
33241,ECG,1018,1906,0,0,0,0,0
33246,ECG,1019,1894,0,0,0,0,0
33246,ECG,1020,1881,0,0,0,0,0
33251,ECG,1021,1869,0,0,0,0,0
33251,ECG,1022,1857,0,0,0,0,0
33251,ECG,1023,1844,0,0,0,0,0
29164,PPG,0,161356,80688,0,0,0,0
29240,PPG,1,161355,80678,0,0,0,0
29319,PPG,2,161339,80675,0,0,0,0
29398,PPG,3,161347,80681,0,0,0,0
29477,PPG,4,161363,80684,0,0,0,0
29556,PPG,5,161351,80691,0,0,0,0
29640,PPG,6,161353,80691,0,0,0,0
29717,PPG,7,161353,80685,0,0,0,0
29794,PPG,8,161351,80679,0,0,0,0
29873,PPG,9,161349,80688,0,0,0,0
29952,PPG,10,161346,80672,0,0,0,0
30031,PPG,11,161351,80685,0,0,0,0
30110,PPG,12,161347,80687,0,0,0,0
30194,PPG,13,161351,80671,0,0,0,0
30270,PPG,14,161353,80680,0,0,0,0
30350,PPG,15,161355,80683,0,0,0,0
30428,PPG,16,161351,80676,0,0,0,0
30508,PPG,17,161357,80677,0,0,0,0
30587,PPG,18,161345,80677,0,0,0,0
30671,PPG,19,161339,80683,0,0,0,0
30760,PPG,20,161351,80680,0,0,0,0
30826,PPG,21,161359,80682,0,0,0,0
30906,PPG,22,161354,80686,0,0,0,0
30985,PPG,23,161346,80685,0,0,0,0
31065,PPG,24,161358,80686,0,0,0,0
31144,PPG,25,161361,80680,0,0,0,0
31228,PPG,26,161368,80682,0,0,0,0
31305,PPG,27,161345,80686,0,0,0,0
31382,PPG,28,161357,80688,0,0,0,0
31462,PPG,29,161333,80678,0,0,0,0
31541,PPG,30,161340,80683,0,0,0,0
31621,PPG,31,161354,80671,0,0,0,0
31704,PPG,32,161348,80690,0,0,0,0
31783,PPG,33,161362,80686,0,0,0,0
31861,PPG,34,161352,80687,0,0,0,0
31939,PPG,35,161353,80682,0,0,0,0
32019,PPG,36,161348,80680,0,0,0,0
32098,PPG,37,161347,80677,0,0,0,0
32178,PPG,38,161347,80679,0,0,0,0
32261,PPG,39,161353,80687,0,0,0,0
32338,PPG,40,161346,80673,0,0,0,0
32417,PPG,41,161346,80671,0,0,0,0
32512,PPG,42,161348,80675,0,0,0,0
32575,PPG,43,161349,80675,0,0,0,0
32654,PPG,44,161347,80674,0,0,0,0
32739,PPG,45,161341,80692,0,0,0,0
32815,PPG,46,161349,80677,0,0,0,0
32892,PPG,47,161346,80671,0,0,0,0
32971,PPG,48,161346,80687,0,0,0,0
33050,PPG,49,161345,80679,0,0,0,0
33132,PPG,50,161340,80676,0,0,0,0
33209,PPG,51,161354,80682,0,0,0,0
33294,PPG,52,161346,80685,0,0,0,0
33390,PPG,53,161344,80673,0,0,0,0
33448,PPG,54,161346,80665,0,0,0,0
33528,PPG,55,161352,80686,0,0,0,0
33606,PPG,56,161339,80678,0,0,0,0
33686,PPG,57,161349,80685,0,0,0,0
33764,PPG,58,161345,80671,0,0,0,0
33847,PPG,59,161350,80684,0,0,0,0
33924,PPG,60,161346,80669,0,0,0,0
34003,PPG,61,161339,80669,0,0,0,0
34083,PPG,62,161347,80684,0,0,0,0
34162,PPG,63,161347,80685,0,0,0,0
34242,PPG,64,161351,80671,0,0,0,0
34325,PPG,65,161356,80687,0,0,0,0
34403,PPG,66,161341,80683,0,0,0,0
34482,PPG,67,161343,80673,0,0,0,0
34559,PPG,68,161337,80677,0,0,0,0
34639,PPG,69,161346,80679,0,0,0,0
34717,PPG,70,161342,80685,0,0,0,0
34797,PPG,71,161351,80678,0,0,0,0
34880,PPG,72,161351,80686,0,0,0,0
34956,PPG,73,161345,80672,0,0,0,0
35035,PPG,74,161334,80666,0,0,0,0
35114,PPG,75,161343,80674,0,0,0,0
35192,PPG,76,161356,80682,0,0,0,0
35272,PPG,77,161355,80670,0,0,0,0
35358,PPG,78,161349,80685,0,0,0,0
35433,PPG,79,161339,80661,0,0,0,0
35510,PPG,80,161333,80674,0,0,0,0
35589,PPG,81,161338,80687,0,0,0,0
35669,PPG,82,161346,80682,0,0,0,0
35748,PPG,83,161344,80676,0,0,0,0
35828,PPG,84,161347,80677,0,0,0,0
35911,PPG,85,161351,80675,0,0,0,0
35988,PPG,86,161340,80678,0,0,0,0
36066,PPG,87,161343,80673,0,0,0,0
36146,PPG,88,161343,80676,0,0,0,0
36226,PPG,89,161344,80674,0,0,0,0
36305,PPG,90,161343,80676,0,0,0,0
36388,PPG,91,161354,80691,0,0,0,0
36467,PPG,92,161344,80680,0,0,0,0
36544,PPG,93,161345,80673,0,0,0,0
36623,PPG,94,161335,80668,0,0,0,0
36702,PPG,95,161344,80683,0,0,0,0
36781,PPG,96,161343,80674,0,0,0,0
36860,PPG,97,161350,80690,0,0,0,0
36943,PPG,98,161338,80685,0,0,0,0
37021,PPG,99,161351,80677,0,0,0,0
33099,IMU,208,1588,-32,8316,-94,58,58
33119,IMU,209,1552,-108,8444,-84,63,47
33138,IMU,210,1400,-132,8400,-70,51,39
33160,IMU,211,1440,-24,8388,-94,72,23
33175,IMU,212,1556,-88,8428,-79,59,42
33195,IMU,213,1576,52,8324,-56,56,41
33214,IMU,214,1552,-92,8364,-84,61,49
33233,IMU,215,1520,-112,8404,-99,45,42
33252,IMU,216,1476,-32,8436,-69,56,58
33271,IMU,217,1528,-52,8436,-89,59,30
33290,IMU,218,1580,-56,8352,-94,65,48
33309,IMU,219,1468,-20,8344,-84,72,46
33329,IMU,220,1524,-32,8332,-80,70,42
33347,IMU,221,1544,-64,8388,-82,54,37
33367,IMU,222,1528,-84,8356,-78,61,43
33390,IMU,223,1580,0,8384,-112,54,39
33405,IMU,224,1444,-32,8416,-89,55,30
33423,IMU,225,1540,-24,8384,-95,65,33
33443,IMU,226,1360,-40,8376,-86,49,55
33462,IMU,227,1460,-124,8324,-88,65,54
33481,IMU,228,1516,-12,8420,-80,63,48
33500,IMU,229,1556,-8,8396,-89,54,41
33519,IMU,230,1564,-68,8380,-90,59,37
33538,IMU,231,1552,-32,8416,-79,57,39
33558,IMU,232,1620,-100,8348,-96,54,54
33577,IMU,233,1548,-44,8420,-76,51,34
33600,IMU,234,1540,-16,8348,-73,52,41
33617,IMU,235,1564,16,8460,-96,55,45
33634,IMU,236,1584,-124,8300,-85,67,35
33653,IMU,237,1544,-48,8328,-75,39,46
33673,IMU,238,1552,-92,8416,-81,67,47
33692,IMU,239,1588,-92,8392,-75,58,43
33711,IMU,240,1584,-24,8344,-92,65,55
33730,IMU,241,1548,-96,8312,-84,48,40
33749,IMU,242,1476,-80,8396,-82,58,35
33768,IMU,243,1540,-56,8448,-93,61,43
33787,IMU,244,1464,-60,8316,-81,53,49
33808,IMU,245,1428,-112,8424,-77,79,37
33827,IMU,246,1444,-60,8344,-76,56,29
33845,IMU,247,1588,-132,8356,-74,55,46
33864,IMU,248,1508,-108,8288,-77,63,40
33883,IMU,249,1504,24,8320,-85,57,43
33902,IMU,250,1472,-40,8348,-80,67,32
33922,IMU,251,1432,-8,8352,-64,57,55
33941,IMU,252,1484,-80,8320,-72,45,47
33960,IMU,253,1608,8,8404,-87,56,46
33979,IMU,254,1544,-48,8344,-90,67,67
33998,IMU,255,1524,20,8460,-81,58,47
34017,IMU,256,1504,-116,8320,-85,60,40
34038,IMU,257,1428,-4,8372,-63,42,46
34056,IMU,258,1580,36,8364,-95,66,39
34075,IMU,259,1496,-60,8420,-103,49,31
34094,IMU,260,1604,-64,8380,-84,69,37
34113,IMU,261,1648,-72,8356,-80,56,37
34132,IMU,262,1576,-8,8464,-70,89,41
34151,IMU,263,1488,-68,8364,-74,66,45
34171,IMU,264,1512,-20,8364,-98,50,45
34190,IMU,265,1464,-60,8432,-72,52,48
34209,IMU,266,1600,-64,8400,-92,75,43
34228,IMU,267,1464,28,8428,-79,47,37
34251,IMU,268,1488,-8,8492,-76,62,39
34266,IMU,269,1496,20,8360,-96,68,39
34286,IMU,270,1428,-32,8360,-82,27,52
34305,IMU,271,1600,28,8412,-69,74,29
34325,IMU,272,1520,-16,8416,-90,59,51
34343,IMU,273,1632,-20,8360,-86,55,44
34362,IMU,274,1456,-16,8348,-74,61,33
34381,IMU,275,1524,-52,8352,-75,52,37
34401,IMU,276,1528,20,8360,-69,78,31
34420,IMU,277,1404,32,8412,-85,77,40
34439,IMU,278,1416,-40,8384,-77,60,53
34458,IMU,279,1480,40,8340,-78,69,50
34480,IMU,280,1468,0,8400,-94,61,36
34496,IMU,281,1476,-120,8416,-77,66,42
34515,IMU,282,1484,-100,8368,-78,73,46
34535,IMU,283,1580,-36,8396,-77,46,42
34553,IMU,284,1564,-84,8448,-77,67,43
34572,IMU,285,1548,-104,8440,-68,74,41
34591,IMU,286,1548,-44,8352,-85,58,52
34611,IMU,287,1592,4,8324,-80,52,31
34630,IMU,288,1556,-68,8440,-75,52,50
34649,IMU,289,1536,12,8364,-81,61,39
34668,IMU,290,1596,-96,8316,-85,63,49
34691,IMU,291,1672,-48,8344,-74,65,45
34706,IMU,292,1500,-64,8372,-106,54,50
34725,IMU,293,1496,-32,8360,-92,71,35
34744,IMU,294,1488,8,8484,-87,55,56
34763,IMU,295,1396,-100,8440,-81,49,34
34783,IMU,296,1520,-76,8316,-93,74,45
34801,IMU,297,1508,-20,8436,-96,58,32
34821,IMU,298,1556,-24,8440,-83,77,41
34840,IMU,299,1544,-128,8328,-92,54,62
34859,IMU,300,1628,-12,8432,-83,68,55
34877,IMU,301,1500,84,8432,-93,59,35
34897,IMU,302,1580,-16,8356,-105,56,45
34916,IMU,303,1520,-32,8356,-86,52,35
34935,IMU,304,1608,24,8360,-76,55,52
34954,IMU,305,1488,-44,8368,-72,61,35
34973,IMU,306,1456,-44,8480,-92,68,53
34992,IMU,307,1504,80,8348,-76,62,31
35011,IMU,308,1596,8,8340,-82,49,41
35030,IMU,309,1588,-12,8416,-92,47,36
35049,IMU,310,1540,-56,8368,-89,57,65
35068,IMU,311,1524,-4,8368,-87,48,42
35087,IMU,312,1484,-44,8348,-102,60,38
35106,IMU,313,1520,-40,8368,-90,54,54
35128,IMU,314,1488,24,8480,-86,50,54
35145,IMU,315,1440,-48,8336,-81,56,53
35164,IMU,316,1540,-180,8448,-74,58,53
35183,IMU,317,1496,44,8368,-98,73,48
35202,IMU,318,1580,-4,8372,-78,62,35
35221,IMU,319,1460,4,8380,-87,54,34
35240,IMU,320,1460,36,8396,-82,56,22
35259,IMU,321,1568,56,8440,-88,58,61
35278,IMU,322,1544,40,8500,-73,54,54
35297,IMU,323,1532,-152,8368,-84,57,38
35316,IMU,324,1568,-32,8380,-91,55,22
35337,IMU,325,1580,-8,8388,-86,54,34
35356,IMU,326,1500,-64,8448,-71,59,62
35374,IMU,327,1532,-44,8416,-72,60,29
35392,IMU,328,1460,-16,8400,-91,41,51
35412,IMU,329,1520,-56,8428,-77,66,35
35431,IMU,330,1556,-16,8344,-87,66,41
35450,IMU,331,1428,-88,8328,-96,50,56
35469,IMU,332,1552,-40,8396,-104,74,50
35488,IMU,333,1364,32,8412,-86,59,45
35507,IMU,334,1640,4,8416,-84,67,43
35526,IMU,335,1464,68,8428,-88,57,41
35545,IMU,336,1572,-8,8376,-80,62,50
35566,IMU,337,1496,-96,8388,-81,58,36
35583,IMU,338,1604,0,8400,-89,57,47
35603,IMU,339,1572,4,8408,-111,64,51
35622,IMU,340,1568,-72,8356,-72,34,46
35641,IMU,341,1512,-52,8352,-80,50,50
35660,IMU,342,1428,-156,8344,-83,62,52
35679,IMU,343,1516,-56,8372,-75,47,47
35698,IMU,344,1456,-40,8420,-88,62,51
35718,IMU,345,1616,-32,8336,-68,56,32
35737,IMU,346,1508,-56,8472,-82,52,42
35756,IMU,347,1560,16,8384,-78,66,42
35778,IMU,348,1684,-8,8336,-89,51,47
35795,IMU,349,1608,-28,8420,-91,60,26
35813,IMU,350,1548,24,8324,-86,53,38
35833,IMU,351,1532,8,8408,-83,41,25
35852,IMU,352,1480,-4,8516,-83,67,46
35871,IMU,353,1516,8,8484,-90,78,61
35890,IMU,354,1588,64,8480,-89,69,43
35911,IMU,355,1480,32,8380,-74,54,39
35928,IMU,356,1532,-12,8336,-96,51,42
35947,IMU,357,1540,28,8388,-78,68,49
35967,IMU,358,1468,-8,8388,-75,50,47
35986,IMU,359,1604,136,8296,-87,72,47
36006,IMU,360,1480,-140,8388,-93,64,46
36024,IMU,361,1504,-44,8344,-81,83,41
36043,IMU,362,1616,44,8380,-80,58,59
36062,IMU,363,1496,-80,8332,-95,65,59
36082,IMU,364,1536,-56,8376,-106,73,52
36101,IMU,365,1592,-76,8360,-73,59,32
36120,IMU,366,1408,32,8324,-82,49,41
36139,IMU,367,1512,-64,8424,-68,68,47
36158,IMU,368,1544,4,8360,-77,61,33
36177,IMU,369,1564,-56,8372,-85,63,42
36197,IMU,370,1568,8,8320,-93,70,42
36218,IMU,371,1576,-44,8384,-79,56,46
36235,IMU,372,1428,-8,8376,-79,58,46
36254,IMU,373,1500,60,8408,-90,67,47
36273,IMU,374,1484,-40,8328,-83,61,43
36292,IMU,375,1468,-8,8364,-78,59,34
36311,IMU,376,1544,-48,8468,-87,61,60
36331,IMU,377,1488,-84,8396,-92,53,58
36350,IMU,378,1488,-80,8392,-68,65,52
36369,IMU,379,1576,-44,8316,-95,55,34
36388,IMU,380,1580,36,8380,-87,47,38
36407,IMU,381,1468,92,8444,-88,65,38
36426,IMU,382,1540,-64,8436,-81,66,45
36447,IMU,383,1472,32,8424,-75,73,48
36465,IMU,384,1508,-80,8384,-75,68,45
36484,IMU,385,1480,-68,8444,-100,57,27
36503,IMU,386,1488,8,8380,-94,73,50
36522,IMU,387,1528,-44,8388,-82,59,41
36541,IMU,388,1488,-16,8316,-91,61,44
36560,IMU,389,1524,-40,8404,-83,52,35
36579,IMU,390,1576,-36,8448,-99,64,39
36598,IMU,391,1548,-4,8440,-97,72,26
36618,IMU,392,1496,-8,8336,-79,63,34
36637,IMU,393,1480,-52,8424,-102,59,42
36659,IMU,394,1536,56,8408,-89,37,36
36674,IMU,395,1548,-84,8436,-70,67,45
36694,IMU,396,1560,-80,8436,-87,58,53
36713,IMU,397,1496,24,8448,-81,63,36
36732,IMU,398,1604,-44,8336,-102,56,51
36751,IMU,399,1500,20,8332,-74,59,39
36770,IMU,400,1528,-76,8408,-102,53,26
36790,IMU,401,1564,-28,8376,-79,61,35
36808,IMU,402,1552,-84,8412,-82,73,36
36828,IMU,403,1424,36,8476,-80,63,49
36847,IMU,404,1520,-24,8408,-99,59,65
36868,IMU,405,1456,-20,8348,-88,76,40
36886,IMU,406,1628,-48,8432,-86,79,51
36904,IMU,407,1528,-8,8356,-92,56,52
36923,IMU,408,1552,-104,8428,-71,67,40
36943,IMU,409,1548,8,8252,-92,54,58
36961,IMU,410,1572,16,8416,-68,54,39
36980,IMU,411,1444,44,8376,-70,60,45
36999,IMU,412,1528,-8,8364,-77,60,45
37018,IMU,413,1500,32,8312,-74,55,50
37037,IMU,414,1536,-24,8412,-86,67,53
37056,IMU,415,1392,36,8408,-80,58,49
33256,ECG,1024,1832,0,0,0,0,0
33256,ECG,1025,1820,0,0,0,0,0
33261,ECG,1026,1796,0,0,0,0,0
33261,ECG,1027,1784,0,0,0,0,0
33266,ECG,1028,1772,0,0,0,0,0
33266,ECG,1029,1761,0,0,0,0,0
33271,ECG,1030,1737,0,0,0,0,0
33271,ECG,1031,1726,0,0,0,0,0
33276,ECG,1032,1714,0,0,0,0,0
33276,ECG,1033,1703,0,0,0,0,0
33276,ECG,1034,1692,0,0,0,0,0
33281,ECG,1035,1681,0,0,0,0,0
33281,ECG,1036,1669,0,0,0,0,0
33286,ECG,1037,1658,0,0,0,0,0
33286,ECG,1038,1647,0,0,0,0,0
33286,ECG,1039,1636,0,0,0,0,0
33291,ECG,1040,1625,0,0,0,0,0
33291,ECG,1041,1615,0,0,0,0,0
33296,ECG,1042,1604,0,0,0,0,0
33296,ECG,1043,1593,0,0,0,0,0
33296,ECG,1044,1583,0,0,0,0,0
33301,ECG,1045,1572,0,0,0,0,0
33301,ECG,1046,1562,0,0,0,0,0
33306,ECG,1047,1541,0,0,0,0,0
33306,ECG,1048,1531,0,0,0,0,0
33311,ECG,1049,1520,0,0,0,0,0
33311,ECG,1050,1510,0,0,0,0,0
33312,ECG,1051,1500,0,0,0,0,0
33316,ECG,1052,1490,0,0,0,0,0
33316,ECG,1053,1480,0,0,0,0,0
33321,ECG,1054,1470,0,0,0,0,0
33321,ECG,1055,1460,0,0,0,0,0
33326,ECG,1056,1441,0,0,0,0,0
33326,ECG,1057,1431,0,0,0,0,0
33331,ECG,1058,1422,0,0,0,0,0
33331,ECG,1059,1412,0,0,0,0,0
33331,ECG,1060,1403,0,0,0,0,0
33336,ECG,1061,1393,0,0,0,0,0
33336,ECG,1062,1384,0,0,0,0,0
33341,ECG,1063,1375,0,0,0,0,0
33341,ECG,1064,1365,0,0,0,0,0
33341,ECG,1065,1356,0,0,0,0,0
33346,ECG,1066,1347,0,0,0,0,0
33346,ECG,1067,1338,0,0,0,0,0
33351,ECG,1068,1329,0,0,0,0,0
33351,ECG,1069,1320,0,0,0,0,0
33351,ECG,1070,1311,0,0,0,0,0
33356,ECG,1071,1302,0,0,0,0,0
33356,ECG,1072,1294,0,0,0,0,0
33361,ECG,1073,1276,0,0,0,0,0
33361,ECG,1074,1268,0,0,0,0,0
33366,ECG,1075,1259,0,0,0,0,0
33366,ECG,1076,1251,0,0,0,0,0
33371,ECG,1077,1234,0,0,0,0,0
33371,ECG,1078,1225,0,0,0,0,0
33376,ECG,1079,1217,0,0,0,0,0
33376,ECG,1080,1209,0,0,0,0,0
33376,ECG,1081,1201,0,0,0,0,0
33381,ECG,1082,1192,0,0,0,0,0
33381,ECG,1083,1184,0,0,0,0,0
33386,ECG,1084,1176,0,0,0,0,0
33386,ECG,1085,1168,0,0,0,0,0
33386,ECG,1086,1160,0,0,0,0,0
33391,ECG,1087,1152,0,0,0,0,0
33391,ECG,1088,1145,0,0,0,0,0
33396,ECG,1089,1137,0,0,0,0,0
33396,ECG,1090,1129,0,0,0,0,0
33396,ECG,1091,1121,0,0,0,0,0
33401,ECG,1092,1114,0,0,0,0,0
33401,ECG,1093,1106,0,0,0,0,0
33406,ECG,1094,1099,0,0,0,0,0
33406,ECG,1095,1091,0,0,0,0,0
33406,ECG,1096,1084,0,0,0,0,0
33411,ECG,1097,1076,0,0,0,0,0
33411,ECG,1098,1069,0,0,0,0,0
33412,ECG,1099,1062,0,0,0,0,0
34418,ECG,1100,0,0,0,0,0,0
34418,ECG,1101,-1,0,0,0,0,0
34418,ECG,1102,-6,0,0,0,0,0
34423,ECG,1103,2,0,0,0,0,0
34423,ECG,1104,6,0,0,0,0,0
34428,ECG,1105,38,0,0,0,0,0
34428,ECG,1106,-16,0,0,0,0,0
34433,ECG,1107,-26,0,0,0,0,0
34433,ECG,1108,151,0,0,0,0,0
34434,ECG,1109,-753,0,0,0,0,0
34438,ECG,1110,-2109,0,0,0,0,0
34438,ECG,1111,-1850,0,0,0,0,0
34443,ECG,1112,-36,0,0,0,0,0
34443,ECG,1113,3394,0,0,0,0,0
34448,ECG,1114,15156,0,0,0,0,0
34448,ECG,1115,21689,0,0,0,0,0
34453,ECG,1116,27397,0,0,0,0,0
34453,ECG,1117,31311,0,0,0,0,0
34453,ECG,1118,32011,0,0,0,0,0
34458,ECG,1119,31810,0,0,0,0,0
34458,ECG,1120,31610,0,0,0,0,0
34463,ECG,1121,31343,0,0,0,0,0
34463,ECG,1122,31109,0,0,0,0,0
34463,ECG,1123,31019,0,0,0,0,0
34468,ECG,1124,30731,0,0,0,0,0
34468,ECG,1125,30591,0,0,0,0,0
34473,ECG,1126,30395,0,0,0,0,0
34473,ECG,1127,30195,0,0,0,0,0
34473,ECG,1128,30019,0,0,0,0,0
34478,ECG,1129,29827,0,0,0,0,0
34478,ECG,1130,29638,0,0,0,0,0
34483,ECG,1131,29266,0,0,0,0,0
34483,ECG,1132,29082,0,0,0,0,0
34488,ECG,1133,28900,0,0,0,0,0
34488,ECG,1134,28718,0,0,0,0,0
34493,ECG,1135,28358,0,0,0,0,0
34493,ECG,1136,28180,0,0,0,0,0
34498,ECG,1137,28002,0,0,0,0,0
34498,ECG,1138,27826,0,0,0,0,0
34498,ECG,1139,27651,0,0,0,0,0
34503,ECG,1140,27478,0,0,0,0,0
34503,ECG,1141,27305,0,0,0,0,0
34508,ECG,1142,27133,0,0,0,0,0
34508,ECG,1143,26963,0,0,0,0,0
34508,ECG,1144,26793,0,0,0,0,0
34513,ECG,1145,26625,0,0,0,0,0
34513,ECG,1146,26457,0,0,0,0,0
34518,ECG,1147,26291,0,0,0,0,0
34518,ECG,1148,26126,0,0,0,0,0
34518,ECG,1149,25961,0,0,0,0,0
34523,ECG,1150,25798,0,0,0,0,0
34523,ECG,1151,25636,0,0,0,0,0
34528,ECG,1152,25314,0,0,0,0,0
34528,ECG,1153,25155,0,0,0,0,0
34533,ECG,1154,24997,0,0,0,0,0
34533,ECG,1155,24840,0,0,0,0,0
34534,ECG,1156,24683,0,0,0,0,0
34538,ECG,1157,24528,0,0,0,0,0
34538,ECG,1158,24374,0,0,0,0,0
34543,ECG,1159,24221,0,0,0,0,0
34543,ECG,1160,24068,0,0,0,0,0
34543,ECG,1161,23917,0,0,0,0,0
34548,ECG,1162,23766,0,0,0,0,0
34548,ECG,1163,23617,0,0,0,0,0
34553,ECG,1164,23468,0,0,0,0,0
34553,ECG,1165,23321,0,0,0,0,0
34553,ECG,1166,23174,0,0,0,0,0
34558,ECG,1167,23028,0,0,0,0,0
34558,ECG,1168,22883,0,0,0,0,0
34563,ECG,1169,22739,0,0,0,0,0
34563,ECG,1170,22596,0,0,0,0,0
34563,ECG,1171,22454,0,0,0,0,0
34568,ECG,1172,22313,0,0,0,0,0
34568,ECG,1173,22172,0,0,0,0,0
34573,ECG,1174,21894,0,0,0,0,0
34573,ECG,1175,21756,0,0,0,0,0
34578,ECG,1176,21619,0,0,0,0,0
34578,ECG,1177,21483,0,0,0,0,0
34579,ECG,1178,21348,0,0,0,0,0
34583,ECG,1179,21214,0,0,0,0,0
34583,ECG,1180,21080,0,0,0,0,0
34588,ECG,1181,20948,0,0,0,0,0
34588,ECG,1182,20816,0,0,0,0,0
34593,ECG,1183,20555,0,0,0,0,0
34593,ECG,1184,20425,0,0,0,0,0
34598,ECG,1185,20297,0,0,0,0,0
34598,ECG,1186,20169,0,0,0,0,0
34598,ECG,1187,20042,0,0,0,0,0
34603,ECG,1188,19916,0,0,0,0,0
34603,ECG,1189,19790,0,0,0,0,0
34608,ECG,1190,19666,0,0,0,0,0
34608,ECG,1191,19542,0,0,0,0,0
34608,ECG,1192,19419,0,0,0,0,0
34613,ECG,1193,19297,0,0,0,0,0
34613,ECG,1194,19175,0,0,0,0,0
34618,ECG,1195,19055,0,0,0,0,0
34618,ECG,1196,18935,0,0,0,0,0
34618,ECG,1197,18815,0,0,0,0,0
34623,ECG,1198,18697,0,0,0,0,0
34623,ECG,1199,18579,0,0,0,0,0
34628,ECG,1200,18346,0,0,0,0,0
34628,ECG,1201,18230,0,0,0,0,0
34633,ECG,1202,18116,0,0,0,0,0
34633,ECG,1203,18002,0,0,0,0,0
34638,ECG,1204,17775,0,0,0,0,0
34638,ECG,1205,17663,0,0,0,0,0
34643,ECG,1206,17552,0,0,0,0,0
34643,ECG,1207,17442,0,0,0,0,0
34643,ECG,1208,17332,0,0,0,0,0
34648,ECG,1209,17222,0,0,0,0,0
34648,ECG,1210,17114,0,0,0,0,0
34653,ECG,1211,17006,0,0,0,0,0
34653,ECG,1212,16899,0,0,0,0,0
34653,ECG,1213,16792,0,0,0,0,0
34658,ECG,1214,16687,0,0,0,0,0
34658,ECG,1215,16581,0,0,0,0,0
34663,ECG,1216,16477,0,0,0,0,0
34663,ECG,1217,16373,0,0,0,0,0
34663,ECG,1218,16270,0,0,0,0,0
34668,ECG,1219,16167,0,0,0,0,0
34668,ECG,1220,16065,0,0,0,0,0
34673,ECG,1221,15864,0,0,0,0,0
34673,ECG,1222,15764,0,0,0,0,0
34678,ECG,1223,15664,0,0,0,0,0
34678,ECG,1224,15566,0,0,0,0,0
34679,ECG,1225,15467,0,0,0,0,0
34683,ECG,1226,15370,0,0,0,0,0
34683,ECG,1227,15273,0,0,0,0,0
34688,ECG,1228,15177,0,0,0,0,0
34688,ECG,1229,15081,0,0,0,0,0
34693,ECG,1230,14891,0,0,0,0,0
34693,ECG,1231,14797,0,0,0,0,0
34698,ECG,1232,14704,0,0,0,0,0
34698,ECG,1233,14611,0,0,0,0,0
34698,ECG,1234,14519,0,0,0,0,0
34703,ECG,1235,14428,0,0,0,0,0
34703,ECG,1236,14337,0,0,0,0,0
34708,ECG,1237,14246,0,0,0,0,0
34708,ECG,1238,14156,0,0,0,0,0
34708,ECG,1239,14067,0,0,0,0,0
34713,ECG,1240,13978,0,0,0,0,0
34713,ECG,1241,13890,0,0,0,0,0
34718,ECG,1242,13802,0,0,0,0,0
34718,ECG,1243,13715,0,0,0,0,0
34718,ECG,1244,13629,0,0,0,0,0
34723,ECG,1245,13543,0,0,0,0,0
34723,ECG,1246,13457,0,0,0,0,0
34728,ECG,1247,13288,0,0,0,0,0
34728,ECG,1248,13204,0,0,0,0,0
34733,ECG,1249,13121,0,0,0,0,0
34733,ECG,1250,13038,0,0,0,0,0
34738,ECG,1251,12874,0,0,0,0,0
34738,ECG,1252,12793,0,0,0,0,0
34743,ECG,1253,12712,0,0,0,0,0
34743,ECG,1254,12632,0,0,0,0,0
34743,ECG,1255,12552,0,0,0,0,0
34748,ECG,1256,12473,0,0,0,0,0
34748,ECG,1257,12394,0,0,0,0,0
34753,ECG,1258,12316,0,0,0,0,0
34753,ECG,1259,12238,0,0,0,0,0
34753,ECG,1260,12161,0,0,0,0,0
34758,ECG,1261,12084,0,0,0,0,0
34758,ECG,1262,12008,0,0,0,0,0
34763,ECG,1263,11932,0,0,0,0,0
34763,ECG,1264,11857,0,0,0,0,0
34763,ECG,1265,11782,0,0,0,0,0
34768,ECG,1266,11707,0,0,0,0,0
34768,ECG,1267,11633,0,0,0,0,0
34773,ECG,1268,11487,0,0,0,0,0
34773,ECG,1269,11414,0,0,0,0,0
34778,ECG,1270,11342,0,0,0,0,0
34778,ECG,1271,11271,0,0,0,0,0
34779,ECG,1272,11199,0,0,0,0,0
34783,ECG,1273,11129,0,0,0,0,0
34783,ECG,1274,11058,0,0,0,0,0
34788,ECG,1275,10988,0,0,0,0,0
34788,ECG,1276,10919,0,0,0,0,0
34793,ECG,1277,10781,0,0,0,0,0
34793,ECG,1278,10713,0,0,0,0,0
34798,ECG,1279,10645,0,0,0,0,0
34798,ECG,1280,10578,0,0,0,0,0
34798,ECG,1281,10511,0,0,0,0,0
34803,ECG,1282,10445,0,0,0,0,0
34803,ECG,1283,10379,0,0,0,0,0
34808,ECG,1284,10313,0,0,0,0,0
34808,ECG,1285,10248,0,0,0,0,0
34808,ECG,1286,10183,0,0,0,0,0
34813,ECG,1287,10118,0,0,0,0,0
34813,ECG,1288,10054,0,0,0,0,0
34818,ECG,1289,9991,0,0,0,0,0
34818,ECG,1290,9928,0,0,0,0,0
34818,ECG,1291,9865,0,0,0,0,0
34823,ECG,1292,9802,0,0,0,0,0
34823,ECG,1293,9740,0,0,0,0,0
34828,ECG,1294,9617,0,0,0,0,0
34828,ECG,1295,9557,0,0,0,0,0
34833,ECG,1296,9496,0,0,0,0,0
34833,ECG,1297,9436,0,0,0,0,0
34834,ECG,1298,9376,0,0,0,0,0
34838,ECG,1299,9317,0,0,0,0,0
34838,ECG,1300,9258,0,0,0,0,0
34843,ECG,1301,9200,0,0,0,0,0
34843,ECG,1302,9141,0,0,0,0,0
34843,ECG,1303,9083,0,0,0,0,0
34848,ECG,1304,9026,0,0,0,0,0
34848,ECG,1305,8969,0,0,0,0,0
34853,ECG,1306,8912,0,0,0,0,0
34853,ECG,1307,8855,0,0,0,0,0
34853,ECG,1308,8799,0,0,0,0,0
34858,ECG,1309,8744,0,0,0,0,0
34858,ECG,1310,8688,0,0,0,0,0
34863,ECG,1311,8633,0,0,0,0,0
34863,ECG,1312,8578,0,0,0,0,0
34863,ECG,1313,8524,0,0,0,0,0
34868,ECG,1314,8470,0,0,0,0,0
34868,ECG,1315,8416,0,0,0,0,0
34873,ECG,1316,8363,0,0,0,0,0
34873,ECG,1317,8310,0,0,0,0,0
34873,ECG,1318,8257,0,0,0,0,0
34878,ECG,1319,8205,0,0,0,0,0
34878,ECG,1320,8153,0,0,0,0,0
34879,ECG,1321,8101,0,0,0,0,0
34883,ECG,1322,8050,0,0,0,0,0
34883,ECG,1323,7999,0,0,0,0,0
34888,ECG,1324,7948,0,0,0,0,0
34888,ECG,1325,7898,0,0,0,0,0
34893,ECG,1326,7798,0,0,0,0,0
34893,ECG,1327,7749,0,0,0,0,0
34898,ECG,1328,7699,0,0,0,0,0
34898,ECG,1329,7651,0,0,0,0,0
34898,ECG,1330,7602,0,0,0,0,0
34903,ECG,1331,7554,0,0,0,0,0
34903,ECG,1332,7506,0,0,0,0,0
34908,ECG,1333,7458,0,0,0,0,0
34908,ECG,1334,7411,0,0,0,0,0
34908,ECG,1335,7364,0,0,0,0,0
34913,ECG,1336,7317,0,0,0,0,0
34913,ECG,1337,7271,0,0,0,0,0
34918,ECG,1338,7224,0,0,0,0,0
34918,ECG,1339,7178,0,0,0,0,0
34918,ECG,1340,7133,0,0,0,0,0
34923,ECG,1341,7088,0,0,0,0,0
34923,ECG,1342,7043,0,0,0,0,0
34928,ECG,1343,6953,0,0,0,0,0
34928,ECG,1344,6909,0,0,0,0,0
34933,ECG,1345,6865,0,0,0,0,0
34933,ECG,1346,6821,0,0,0,0,0
34938,ECG,1347,6735,0,0,0,0,0
34938,ECG,1348,6692,0,0,0,0,0
34943,ECG,1349,6650,0,0,0,0,0
34943,ECG,1350,6608,0,0,0,0,0
34943,ECG,1351,6566,0,0,0,0,0
34948,ECG,1352,6524,0,0,0,0,0
34948,ECG,1353,6482,0,0,0,0,0
34953,ECG,1354,6441,0,0,0,0,0
34953,ECG,1355,6400,0,0,0,0,0
34953,ECG,1356,6359,0,0,0,0,0
34958,ECG,1357,6319,0,0,0,0,0
34958,ECG,1358,6279,0,0,0,0,0
34963,ECG,1359,6239,0,0,0,0,0
34963,ECG,1360,6199,0,0,0,0,0
34963,ECG,1361,6159,0,0,0,0,0
34968,ECG,1362,6120,0,0,0,0,0
34968,ECG,1363,6081,0,0,0,0,0
34973,ECG,1364,6042,0,0,0,0,0
34973,ECG,1365,6004,0,0,0,0,0
34973,ECG,1366,5966,0,0,0,0,0
34978,ECG,1367,5928,0,0,0,0,0
34978,ECG,1368,5890,0,0,0,0,0
34983,ECG,1369,5815,0,0,0,0,0
34983,ECG,1370,5778,0,0,0,0,0
34988,ECG,1371,5741,0,0,0,0,0
34988,ECG,1372,5705,0,0,0,0,0
34993,ECG,1373,5632,0,0,0,0,0
34993,ECG,1374,5596,0,0,0,0,0
34998,ECG,1375,5561,0,0,0,0,0
34998,ECG,1376,5525,0,0,0,0,0
34998,ECG,1377,5490,0,0,0,0,0
35003,ECG,1378,5455,0,0,0,0,0
35003,ECG,1379,5420,0,0,0,0,0
35008,ECG,1380,5386,0,0,0,0,0
35008,ECG,1381,5351,0,0,0,0,0
35008,ECG,1382,5317,0,0,0,0,0
35013,ECG,1383,5283,0,0,0,0,0
35013,ECG,1384,5249,0,0,0,0,0
35018,ECG,1385,5216,0,0,0,0,0
35018,ECG,1386,5183,0,0,0,0,0
35018,ECG,1387,5150,0,0,0,0,0
35023,ECG,1388,5117,0,0,0,0,0
35023,ECG,1389,5084,0,0,0,0,0
35028,ECG,1390,5019,0,0,0,0,0
35028,ECG,1391,4987,0,0,0,0,0
35033,ECG,1392,4955,0,0,0,0,0
35033,ECG,1393,4924,0,0,0,0,0
35034,ECG,1394,4892,0,0,0,0,0
35038,ECG,1395,4861,0,0,0,0,0
35038,ECG,1396,4830,0,0,0,0,0
35043,ECG,1397,4799,0,0,0,0,0
35043,ECG,1398,4768,0,0,0,0,0
35043,ECG,1399,4738,0,0,0,0,0
35048,ECG,1400,4707,0,0,0,0,0
35048,ECG,1401,4677,0,0,0,0,0
35053,ECG,1402,4647,0,0,0,0,0
35053,ECG,1403,4618,0,0,0,0,0
35053,ECG,1404,4588,0,0,0,0,0
35058,ECG,1405,4559,0,0,0,0,0
35058,ECG,1406,4530,0,0,0,0,0
35063,ECG,1407,4501,0,0,0,0,0
35063,ECG,1408,4472,0,0,0,0,0
35063,ECG,1409,4443,0,0,0,0,0
35068,ECG,1410,4415,0,0,0,0,0
35068,ECG,1411,4386,0,0,0,0,0
35073,ECG,1412,4358,0,0,0,0,0
35073,ECG,1413,4330,0,0,0,0,0
35073,ECG,1414,4303,0,0,0,0,0
35078,ECG,1415,4275,0,0,0,0,0
35078,ECG,1416,4248,0,0,0,0,0
35083,ECG,1417,4193,0,0,0,0,0
35083,ECG,1418,4166,0,0,0,0,0
35088,ECG,1419,4140,0,0,0,0,0
35088,ECG,1420,4113,0,0,0,0,0
35093,ECG,1421,4060,0,0,0,0,0
35093,ECG,1422,4034,0,0,0,0,0
35098,ECG,1423,4008,0,0,0,0,0
35098,ECG,1424,3983,0,0,0,0,0
35098,ECG,1425,3957,0,0,0,0,0
35103,ECG,1426,3932,0,0,0,0,0
35103,ECG,1427,3906,0,0,0,0,0
35108,ECG,1428,3881,0,0,0,0,0
35108,ECG,1429,3856,0,0,0,0,0
35108,ECG,1430,3832,0,0,0,0,0
35113,ECG,1431,3807,0,0,0,0,0
35113,ECG,1432,3782,0,0,0,0,0
35118,ECG,1433,3758,0,0,0,0,0
35118,ECG,1434,3734,0,0,0,0,0
35118,ECG,1435,3710,0,0,0,0,0
35123,ECG,1436,3686,0,0,0,0,0
35123,ECG,1437,3662,0,0,0,0,0
35128,ECG,1438,3615,0,0,0,0,0
35128,ECG,1439,3592,0,0,0,0,0
35133,ECG,1440,3569,0,0,0,0,0
35133,ECG,1441,3546,0,0,0,0,0
35134,ECG,1442,3523,0,0,0,0,0
35138,ECG,1443,3500,0,0,0,0,0
35138,ECG,1444,3478,0,0,0,0,0
35143,ECG,1445,3455,0,0,0,0,0
35143,ECG,1446,3433,0,0,0,0,0
35148,ECG,1447,3389,0,0,0,0,0
35148,ECG,1448,3367,0,0,0,0,0
35153,ECG,1449,3345,0,0,0,0,0
35153,ECG,1450,3324,0,0,0,0,0
35153,ECG,1451,3302,0,0,0,0,0
35158,ECG,1452,3281,0,0,0,0,0
35158,ECG,1453,3260,0,0,0,0,0
35163,ECG,1454,3239,0,0,0,0,0
35163,ECG,1455,3218,0,0,0,0,0
35163,ECG,1456,3197,0,0,0,0,0
35168,ECG,1457,3176,0,0,0,0,0
35168,ECG,1458,3156,0,0,0,0,0
35173,ECG,1459,3115,0,0,0,0,0
35173,ECG,1460,3095,0,0,0,0,0
35178,ECG,1461,3075,0,0,0,0,0
35178,ECG,1462,3055,0,0,0,0,0
35179,ECG,1463,3035,0,0,0,0,0
35183,ECG,1464,3015,0,0,0,0,0
35183,ECG,1465,2996,0,0,0,0,0
35188,ECG,1466,2976,0,0,0,0,0
35188,ECG,1467,2957,0,0,0,0,0
35193,ECG,1468,2919,0,0,0,0,0
35193,ECG,1469,2900,0,0,0,0,0
35198,ECG,1470,2881,0,0,0,0,0
35198,ECG,1471,2862,0,0,0,0,0
35198,ECG,1472,2844,0,0,0,0,0
35203,ECG,1473,2825,0,0,0,0,0
35203,ECG,1474,2807,0,0,0,0,0
35208,ECG,1475,2789,0,0,0,0,0
35208,ECG,1476,2771,0,0,0,0,0
35208,ECG,1477,2753,0,0,0,0,0
35213,ECG,1478,2735,0,0,0,0,0
35213,ECG,1479,2717,0,0,0,0,0
35218,ECG,1480,2700,0,0,0,0,0
35218,ECG,1481,2682,0,0,0,0,0
35218,ECG,1482,2665,0,0,0,0,0
35223,ECG,1483,2647,0,0,0,0,0
35223,ECG,1484,2630,0,0,0,0,0
35228,ECG,1485,2596,0,0,0,0,0
35228,ECG,1486,2579,0,0,0,0,0
35233,ECG,1487,2562,0,0,0,0,0
35233,ECG,1488,2546,0,0,0,0,0
35234,ECG,1489,2529,0,0,0,0,0
35238,ECG,1490,2513,0,0,0,0,0
35238,ECG,1491,2496,0,0,0,0,0
35243,ECG,1492,2480,0,0,0,0,0
35243,ECG,1493,2464,0,0,0,0,0
35248,ECG,1494,2432,0,0,0,0,0
35248,ECG,1495,2416,0,0,0,0,0
35253,ECG,1496,2400,0,0,0,0,0
35253,ECG,1497,2385,0,0,0,0,0
35253,ECG,1498,2369,0,0,0,0,0
35258,ECG,1499,2354,0,0,0,0,0
35258,ECG,1500,2338,0,0,0,0,0
35263,ECG,1501,2323,0,0,0,0,0
35263,ECG,1502,2308,0,0,0,0,0
35263,ECG,1503,2293,0,0,0,0,0
35268,ECG,1504,2278,0,0,0,0,0
35268,ECG,1505,2263,0,0,0,0,0
35273,ECG,1506,2248,0,0,0,0,0
35273,ECG,1507,2233,0,0,0,0,0
35273,ECG,1508,2219,0,0,0,0,0
35278,ECG,1509,2204,0,0,0,0,0
35278,ECG,1510,2190,0,0,0,0,0
35283,ECG,1511,2161,0,0,0,0,0
35283,ECG,1512,2147,0,0,0,0,0
35288,ECG,1513,2133,0,0,0,0,0
35288,ECG,1514,2119,0,0,0,0,0
35293,ECG,1515,2091,0,0,0,0,0
35293,ECG,1516,2078,0,0,0,0,0
35298,ECG,1517,2064,0,0,0,0,0
35298,ECG,1518,2050,0,0,0,0,0
35298,ECG,1519,2037,0,0,0,0,0
35303,ECG,1520,2023,0,0,0,0,0
35303,ECG,1521,2010,0,0,0,0,0
35308,ECG,1522,1997,0,0,0,0,0
35308,ECG,1523,1984,0,0,0,0,0
35308,ECG,1524,1971,0,0,0,0,0
35313,ECG,1525,1958,0,0,0,0,0
35313,ECG,1526,1945,0,0,0,0,0
35318,ECG,1527,1932,0,0,0,0,0
35318,ECG,1528,1919,0,0,0,0,0
35318,ECG,1529,1906,0,0,0,0,0
35323,ECG,1530,1894,0,0,0,0,0
35323,ECG,1531,1881,0,0,0,0,0
35328,ECG,1532,1857,0,0,0,0,0
35328,ECG,1533,1844,0,0,0,0,0
35333,ECG,1534,1832,0,0,0,0,0
35333,ECG,1535,1820,0,0,0,0,0
35334,ECG,1536,1808,0,0,0,0,0
35338,ECG,1537,1796,0,0,0,0,0
35338,ECG,1538,1784,0,0,0,0,0
35343,ECG,1539,1772,0,0,0,0,0
35343,ECG,1540,1761,0,0,0,0,0
35343,ECG,1541,1749,0,0,0,0,0
35348,ECG,1542,1737,0,0,0,0,0
35348,ECG,1543,1726,0,0,0,0,0
35353,ECG,1544,1714,0,0,0,0,0
35353,ECG,1545,1703,0,0,0,0,0
35353,ECG,1546,1692,0,0,0,0,0
35358,ECG,1547,1681,0,0,0,0,0
35358,ECG,1548,1669,0,0,0,0,0
35363,ECG,1549,1658,0,0,0,0,0
35363,ECG,1550,1647,0,0,0,0,0
35363,ECG,1551,1636,0,0,0,0,0
35368,ECG,1552,1625,0,0,0,0,0
35368,ECG,1553,1615,0,0,0,0,0
35373,ECG,1554,1604,0,0,0,0,0
35373,ECG,1555,1593,0,0,0,0,0
35373,ECG,1556,1583,0,0,0,0,0
35378,ECG,1557,1572,0,0,0,0,0
35378,ECG,1558,1562,0,0,0,0,0
35383,ECG,1559,1541,0,0,0,0,0
35383,ECG,1560,1531,0,0,0,0,0
35388,ECG,1561,1520,0,0,0,0,0
35388,ECG,1562,1510,0,0,0,0,0
35393,ECG,1563,1490,0,0,0,0,0
35393,ECG,1564,1480,0,0,0,0,0
35398,ECG,1565,1470,0,0,0,0,0
35398,ECG,1566,1460,0,0,0,0,0
35398,ECG,1567,1451,0,0,0,0,0
35403,ECG,1568,1441,0,0,0,0,0
35403,ECG,1569,1431,0,0,0,0,0
35408,ECG,1570,1422,0,0,0,0,0
35408,ECG,1571,1412,0,0,0,0,0
35408,ECG,1572,1403,0,0,0,0,0
35413,ECG,1573,1393,0,0,0,0,0
35413,ECG,1574,1384,0,0,0,0,0
35418,ECG,1575,1375,0,0,0,0,0
35418,ECG,1576,1365,0,0,0,0,0
35418,ECG,1577,1356,0,0,0,0,0
35423,ECG,1578,1347,0,0,0,0,0
35423,ECG,1579,1338,0,0,0,0,0
35428,ECG,1580,1320,0,0,0,0,0
35428,ECG,1581,1311,0,0,0,0,0
35433,ECG,1582,1302,0,0,0,0,0
35433,ECG,1583,1294,0,0,0,0,0
35434,ECG,1584,1285,0,0,0,0,0
35438,ECG,1585,1276,0,0,0,0,0
35438,ECG,1586,1268,0,0,0,0,0
35443,ECG,1587,1259,0,0,0,0,0
35443,ECG,1588,1251,0,0,0,0,0
35448,ECG,1589,1234,0,0,0,0,0
35448,ECG,1590,1225,0,0,0,0,0
35453,ECG,1591,1217,0,0,0,0,0
35453,ECG,1592,1209,0,0,0,0,0
35453,ECG,1593,1201,0,0,0,0,0
35458,ECG,1594,1192,0,0,0,0,0
35458,ECG,1595,1184,0,0,0,0,0
35463,ECG,1596,1176,0,0,0,0,0
35463,ECG,1597,1168,0,0,0,0,0
35463,ECG,1598,1160,0,0,0,0,0
36470,ECG,1599,0,0,0,0,0,0
36470,ECG,1600,-1,0,0,0,0,0
36470,ECG,1601,-6,0,0,0,0,0
36475,ECG,1602,2,0,0,0,0,0
36475,ECG,1603,6,0,0,0,0,0
36480,ECG,1604,38,0,0,0,0,0
36480,ECG,1605,-16,0,0,0,0,0
36485,ECG,1606,-26,0,0,0,0,0
36485,ECG,1607,151,0,0,0,0,0
36486,ECG,1608,-753,0,0,0,0,0
36490,ECG,1609,-2109,0,0,0,0,0
36490,ECG,1610,-1850,0,0,0,0,0
36495,ECG,1611,-36,0,0,0,0,0
36495,ECG,1612,3394,0,0,0,0,0
36495,ECG,1613,8729,0,0,0,0,0
36500,ECG,1614,15156,0,0,0,0,0
36500,ECG,1615,21689,0,0,0,0,0
36505,ECG,1616,27397,0,0,0,0,0
36505,ECG,1617,31311,0,0,0,0,0
36505,ECG,1618,32011,0,0,0,0,0
36510,ECG,1619,31810,0,0,0,0,0
36510,ECG,1620,31610,0,0,0,0,0
36515,ECG,1621,31343,0,0,0,0,0
36515,ECG,1622,31109,0,0,0,0,0
36515,ECG,1623,31019,0,0,0,0,0
36520,ECG,1624,30731,0,0,0,0,0
36520,ECG,1625,30591,0,0,0,0,0
36525,ECG,1626,30395,0,0,0,0,0
36525,ECG,1627,30195,0,0,0,0,0
36525,ECG,1628,30019,0,0,0,0,0
36530,ECG,1629,29827,0,0,0,0,0
36530,ECG,1630,29638,0,0,0,0,0
36535,ECG,1631,29266,0,0,0,0,0
36535,ECG,1632,29082,0,0,0,0,0
36540,ECG,1633,28900,0,0,0,0,0
36540,ECG,1634,28718,0,0,0,0,0
36545,ECG,1635,28358,0,0,0,0,0
36545,ECG,1636,28180,0,0,0,0,0
36550,ECG,1637,28002,0,0,0,0,0
36550,ECG,1638,27826,0,0,0,0,0
36550,ECG,1639,27651,0,0,0,0,0
36555,ECG,1640,27478,0,0,0,0,0
36555,ECG,1641,27305,0,0,0,0,0
36560,ECG,1642,27133,0,0,0,0,0
36560,ECG,1643,26963,0,0,0,0,0
36560,ECG,1644,26793,0,0,0,0,0
36565,ECG,1645,26625,0,0,0,0,0
36565,ECG,1646,26457,0,0,0,0,0
36570,ECG,1647,26291,0,0,0,0,0
36570,ECG,1648,26126,0,0,0,0,0
36570,ECG,1649,25961,0,0,0,0,0
36575,ECG,1650,25798,0,0,0,0,0
36575,ECG,1651,25636,0,0,0,0,0
36580,ECG,1652,25314,0,0,0,0,0
36580,ECG,1653,25155,0,0,0,0,0
36585,ECG,1654,24997,0,0,0,0,0
36585,ECG,1655,24840,0,0,0,0,0
36586,ECG,1656,24683,0,0,0,0,0
36590,ECG,1657,24528,0,0,0,0,0
36590,ECG,1658,24374,0,0,0,0,0
36595,ECG,1659,24221,0,0,0,0,0
36595,ECG,1660,24068,0,0,0,0,0
36595,ECG,1661,23917,0,0,0,0,0
36600,ECG,1662,23766,0,0,0,0,0
36600,ECG,1663,23617,0,0,0,0,0
36605,ECG,1664,23468,0,0,0,0,0
36605,ECG,1665,23321,0,0,0,0,0
36605,ECG,1666,23174,0,0,0,0,0
36610,ECG,1667,23028,0,0,0,0,0
36610,ECG,1668,22883,0,0,0,0,0
36615,ECG,1669,22739,0,0,0,0,0
36615,ECG,1670,22596,0,0,0,0,0
36615,ECG,1671,22454,0,0,0,0,0
36620,ECG,1672,22313,0,0,0,0,0
36620,ECG,1673,22172,0,0,0,0,0
36625,ECG,1674,22033,0,0,0,0,0
36625,ECG,1675,21894,0,0,0,0,0
36625,ECG,1676,21756,0,0,0,0,0
36630,ECG,1677,21619,0,0,0,0,0
36630,ECG,1678,21483,0,0,0,0,0
36635,ECG,1679,21214,0,0,0,0,0
36635,ECG,1680,21080,0,0,0,0,0
36640,ECG,1681,20948,0,0,0,0,0
36640,ECG,1682,20816,0,0,0,0,0
36645,ECG,1683,20555,0,0,0,0,0
36645,ECG,1684,20425,0,0,0,0,0
36650,ECG,1685,20297,0,0,0,0,0
36650,ECG,1686,20169,0,0,0,0,0
36650,ECG,1687,20042,0,0,0,0,0
36655,ECG,1688,19916,0,0,0,0,0
36655,ECG,1689,19790,0,0,0,0,0
36660,ECG,1690,19666,0,0,0,0,0
36660,ECG,1691,19542,0,0,0,0,0
36660,ECG,1692,19419,0,0,0,0,0
36665,ECG,1693,19297,0,0,0,0,0
36665,ECG,1694,19175,0,0,0,0,0
36670,ECG,1695,19055,0,0,0,0,0
36670,ECG,1696,18935,0,0,0,0,0
36670,ECG,1697,18815,0,0,0,0,0
36675,ECG,1698,18697,0,0,0,0,0
36675,ECG,1699,18579,0,0,0,0,0
36680,ECG,1700,18346,0,0,0,0,0
36680,ECG,1701,18230,0,0,0,0,0
36685,ECG,1702,18116,0,0,0,0,0
36685,ECG,1703,18002,0,0,0,0,0
36686,ECG,1704,17888,0,0,0,0,0
36690,ECG,1705,17775,0,0,0,0,0
36690,ECG,1706,17663,0,0,0,0,0
36695,ECG,1707,17552,0,0,0,0,0
36695,ECG,1708,17442,0,0,0,0,0
36695,ECG,1709,17332,0,0,0,0,0
36700,ECG,1710,17222,0,0,0,0,0
36700,ECG,1711,17114,0,0,0,0,0
36705,ECG,1712,17006,0,0,0,0,0
36705,ECG,1713,16899,0,0,0,0,0
36705,ECG,1714,16792,0,0,0,0,0
36710,ECG,1715,16687,0,0,0,0,0
36710,ECG,1716,16581,0,0,0,0,0
36715,ECG,1717,16477,0,0,0,0,0
36715,ECG,1718,16373,0,0,0,0,0
36715,ECG,1719,16270,0,0,0,0,0
36720,ECG,1720,16167,0,0,0,0,0
36720,ECG,1721,16065,0,0,0,0,0
36725,ECG,1722,15964,0,0,0,0,0
36725,ECG,1723,15864,0,0,0,0,0
36725,ECG,1724,15764,0,0,0,0,0
36730,ECG,1725,15664,0,0,0,0,0
36730,ECG,1726,15566,0,0,0,0,0
36735,ECG,1727,15370,0,0,0,0,0
36735,ECG,1728,15273,0,0,0,0,0
36740,ECG,1729,15177,0,0,0,0,0
36740,ECG,1730,15081,0,0,0,0,0
36745,ECG,1731,14891,0,0,0,0,0
36745,ECG,1732,14797,0,0,0,0,0
36750,ECG,1733,14704,0,0,0,0,0
36750,ECG,1734,14611,0,0,0,0,0
36750,ECG,1735,14519,0,0,0,0,0
36755,ECG,1736,14428,0,0,0,0,0
36755,ECG,1737,14337,0,0,0,0,0
36760,ECG,1738,14246,0,0,0,0,0
36760,ECG,1739,14156,0,0,0,0,0
36760,ECG,1740,14067,0,0,0,0,0
36765,ECG,1741,13978,0,0,0,0,0
36765,ECG,1742,13890,0,0,0,0,0
36770,ECG,1743,13802,0,0,0,0,0
36770,ECG,1744,13715,0,0,0,0,0
36770,ECG,1745,13629,0,0,0,0,0
36775,ECG,1746,13543,0,0,0,0,0
36775,ECG,1747,13457,0,0,0,0,0
36780,ECG,1748,13288,0,0,0,0,0
36780,ECG,1749,13204,0,0,0,0,0
36785,ECG,1750,13121,0,0,0,0,0
36785,ECG,1751,13038,0,0,0,0,0
36786,ECG,1752,12956,0,0,0,0,0
36790,ECG,1753,12874,0,0,0,0,0
36790,ECG,1754,12793,0,0,0,0,0
36795,ECG,1755,12712,0,0,0,0,0
36795,ECG,1756,12632,0,0,0,0,0
36795,ECG,1757,12552,0,0,0,0,0
36800,ECG,1758,12473,0,0,0,0,0
36800,ECG,1759,12394,0,0,0,0,0
36805,ECG,1760,12316,0,0,0,0,0
36805,ECG,1761,12238,0,0,0,0,0
36805,ECG,1762,12161,0,0,0,0,0
36810,ECG,1763,12084,0,0,0,0,0
36810,ECG,1764,12008,0,0,0,0,0
36815,ECG,1765,11932,0,0,0,0,0
36815,ECG,1766,11857,0,0,0,0,0
36815,ECG,1767,11782,0,0,0,0,0
36820,ECG,1768,11707,0,0,0,0,0
36820,ECG,1769,11633,0,0,0,0,0
36825,ECG,1770,11487,0,0,0,0,0
36825,ECG,1771,11414,0,0,0,0,0
36830,ECG,1772,11342,0,0,0,0,0
36830,ECG,1773,11271,0,0,0,0,0
36831,ECG,1774,11199,0,0,0,0,0
36835,ECG,1775,11129,0,0,0,0,0
36835,ECG,1776,11058,0,0,0,0,0
36840,ECG,1777,10988,0,0,0,0,0
36840,ECG,1778,10919,0,0,0,0,0
36845,ECG,1779,10781,0,0,0,0,0
36845,ECG,1780,10713,0,0,0,0,0
36850,ECG,1781,10645,0,0,0,0,0
36850,ECG,1782,10578,0,0,0,0,0
36850,ECG,1783,10511,0,0,0,0,0
36855,ECG,1784,10445,0,0,0,0,0
36855,ECG,1785,10379,0,0,0,0,0
36860,ECG,1786,10313,0,0,0,0,0
36860,ECG,1787,10248,0,0,0,0,0
36860,ECG,1788,10183,0,0,0,0,0
36865,ECG,1789,10118,0,0,0,0,0
36865,ECG,1790,10054,0,0,0,0,0
36870,ECG,1791,9991,0,0,0,0,0
36870,ECG,1792,9928,0,0,0,0,0
36870,ECG,1793,9865,0,0,0,0,0
36875,ECG,1794,9802,0,0,0,0,0
36875,ECG,1795,9740,0,0,0,0,0
36880,ECG,1796,9617,0,0,0,0,0
36880,ECG,1797,9557,0,0,0,0,0
36885,ECG,1798,9496,0,0,0,0,0
36885,ECG,1799,9436,0,0,0,0,0
36886,ECG,1800,9376,0,0,0,0,0
36890,ECG,1801,9317,0,0,0,0,0
36890,ECG,1802,9258,0,0,0,0,0
36895,ECG,1803,9200,0,0,0,0,0
36895,ECG,1804,9141,0,0,0,0,0
36895,ECG,1805,9083,0,0,0,0,0
36900,ECG,1806,9026,0,0,0,0,0
36900,ECG,1807,8969,0,0,0,0,0
36905,ECG,1808,8912,0,0,0,0,0
36905,ECG,1809,8855,0,0,0,0,0
36905,ECG,1810,8799,0,0,0,0,0
36910,ECG,1811,8744,0,0,0,0,0
36910,ECG,1812,8688,0,0,0,0,0
36915,ECG,1813,8633,0,0,0,0,0
36915,ECG,1814,8578,0,0,0,0,0
36915,ECG,1815,8524,0,0,0,0,0
36920,ECG,1816,8470,0,0,0,0,0
36920,ECG,1817,8416,0,0,0,0,0
36925,ECG,1818,8363,0,0,0,0,0
36925,ECG,1819,8310,0,0,0,0,0
36925,ECG,1820,8257,0,0,0,0,0
36930,ECG,1821,8205,0,0,0,0,0
36930,ECG,1822,8153,0,0,0,0,0
36931,ECG,1823,8101,0,0,0,0,0
36935,ECG,1824,8050,0,0,0,0,0
36935,ECG,1825,7999,0,0,0,0,0
36940,ECG,1826,7948,0,0,0,0,0
36940,ECG,1827,7898,0,0,0,0,0
36945,ECG,1828,7798,0,0,0,0,0
36945,ECG,1829,7749,0,0,0,0,0
36950,ECG,1830,7699,0,0,0,0,0
36950,ECG,1831,7651,0,0,0,0,0
36950,ECG,1832,7602,0,0,0,0,0
36955,ECG,1833,7554,0,0,0,0,0
36955,ECG,1834,7506,0,0,0,0,0
36960,ECG,1835,7458,0,0,0,0,0
36960,ECG,1836,7411,0,0,0,0,0
36960,ECG,1837,7364,0,0,0,0,0
36965,ECG,1838,7317,0,0,0,0,0
36965,ECG,1839,7271,0,0,0,0,0
36970,ECG,1840,7224,0,0,0,0,0
36970,ECG,1841,7178,0,0,0,0,0
36970,ECG,1842,7133,0,0,0,0,0
36975,ECG,1843,7088,0,0,0,0,0
36975,ECG,1844,7043,0,0,0,0,0
36980,ECG,1845,6953,0,0,0,0,0
36980,ECG,1846,6909,0,0,0,0,0
36985,ECG,1847,6865,0,0,0,0,0
36985,ECG,1848,6821,0,0,0,0,0
36990,ECG,1849,6735,0,0,0,0,0
36990,ECG,1850,6692,0,0,0,0,0
36995,ECG,1851,6650,0,0,0,0,0
36995,ECG,1852,6608,0,0,0,0,0
36995,ECG,1853,6566,0,0,0,0,0
37000,ECG,1854,6524,0,0,0,0,0
37000,ECG,1855,6482,0,0,0,0,0
37005,ECG,1856,6441,0,0,0,0,0
37005,ECG,1857,6400,0,0,0,0,0
37005,ECG,1858,6359,0,0,0,0,0
37010,ECG,1859,6319,0,0,0,0,0
37010,ECG,1860,6279,0,0,0,0,0
37015,ECG,1861,6239,0,0,0,0,0
37015,ECG,1862,6199,0,0,0,0,0
37015,ECG,1863,6159,0,0,0,0,0
37020,ECG,1864,6120,0,0,0,0,0
37020,ECG,1865,6081,0,0,0,0,0
37025,ECG,1866,6004,0,0,0,0,0
37025,ECG,1867,5966,0,0,0,0,0
37030,ECG,1868,5928,0,0,0,0,0
37030,ECG,1869,5890,0,0,0,0,0
37035,ECG,1870,5815,0,0,0,0,0
37035,ECG,1871,5778,0,0,0,0,0
37040,ECG,1872,5741,0,0,0,0,0
37040,ECG,1873,5705,0,0,0,0,0
37045,ECG,1874,5632,0,0,0,0,0
37045,ECG,1875,5596,0,0,0,0,0
37050,ECG,1876,5561,0,0,0,0,0
37050,ECG,1877,5525,0,0,0,0,0
37050,ECG,1878,5490,0,0,0,0,0
37055,ECG,1879,5455,0,0,0,0,0
37055,ECG,1880,5420,0,0,0,0,0
37060,ECG,1881,5386,0,0,0,0,0
37060,ECG,1882,5351,0,0,0,0,0
37060,ECG,1883,5317,0,0,0,0,0
37065,ECG,1884,5283,0,0,0,0,0
37065,ECG,1885,5249,0,0,0,0,0
37070,ECG,1886,5216,0,0,0,0,0
37070,ECG,1887,5183,0,0,0,0,0
37070,ECG,1888,5150,0,0,0,0,0
37075,ECG,1889,5117,0,0,0,0,0
37075,ECG,1890,5084,0,0,0,0,0
37080,ECG,1891,5019,0,0,0,0,0
37080,ECG,1892,4987,0,0,0,0,0
37085,ECG,1893,4955,0,0,0,0,0
37085,ECG,1894,4924,0,0,0,0,0
37086,ECG,1895,4892,0,0,0,0,0
37090,ECG,1896,4861,0,0,0,0,0
37090,ECG,1897,4830,0,0,0,0,0
37095,ECG,1898,4799,0,0,0,0,0
37095,ECG,1899,4768,0,0,0,0,0
37100,ECG,1900,4707,0,0,0,0,0
37100,ECG,1901,4677,0,0,0,0,0
37105,ECG,1902,4647,0,0,0,0,0
37105,ECG,1903,4618,0,0,0,0,0
37105,ECG,1904,4588,0,0,0,0,0
37110,ECG,1905,4559,0,0,0,0,0
37110,ECG,1906,4530,0,0,0,0,0
37115,ECG,1907,4501,0,0,0,0,0
37115,ECG,1908,4472,0,0,0,0,0
37115,ECG,1909,4443,0,0,0,0,0
37120,ECG,1910,4415,0,0,0,0,0
37120,ECG,1911,4386,0,0,0,0,0
37125,ECG,1912,4358,0,0,0,0,0
37125,ECG,1913,4330,0,0,0,0,0
37125,ECG,1914,4303,0,0,0,0,0
37130,ECG,1915,4275,0,0,0,0,0
37130,ECG,1916,4248,0,0,0,0,0
37135,ECG,1917,4193,0,0,0,0,0
37135,ECG,1918,4166,0,0,0,0,0
37140,ECG,1919,4140,0,0,0,0,0
37140,ECG,1920,4113,0,0,0,0,0
37145,ECG,1921,4060,0,0,0,0,0
37145,ECG,1922,4034,0,0,0,0,0
37150,ECG,1923,4008,0,0,0,0,0
37150,ECG,1924,3983,0,0,0,0,0
37150,ECG,1925,3957,0,0,0,0,0
37155,ECG,1926,3932,0,0,0,0,0
37155,ECG,1927,3906,0,0,0,0,0
37160,ECG,1928,3881,0,0,0,0,0
37160,ECG,1929,3856,0,0,0,0,0
37160,ECG,1930,3832,0,0,0,0,0
37165,ECG,1931,3807,0,0,0,0,0
37165,ECG,1932,3782,0,0,0,0,0
37170,ECG,1933,3758,0,0,0,0,0
37170,ECG,1934,3734,0,0,0,0,0
37170,ECG,1935,3710,0,0,0,0,0
37175,ECG,1936,3686,0,0,0,0,0
37175,ECG,1937,3662,0,0,0,0,0
37180,ECG,1938,3615,0,0,0,0,0
37180,ECG,1939,3592,0,0,0,0,0
37185,ECG,1940,3569,0,0,0,0,0
37185,ECG,1941,3546,0,0,0,0,0
37186,ECG,1942,3523,0,0,0,0,0
37190,ECG,1943,3500,0,0,0,0,0
37190,ECG,1944,3478,0,0,0,0,0
37195,ECG,1945,3455,0,0,0,0,0
37195,ECG,1946,3433,0,0,0,0,0
37200,ECG,1947,3389,0,0,0,0,0
37200,ECG,1948,3367,0,0,0,0,0
37205,ECG,1949,3345,0,0,0,0,0
37205,ECG,1950,3324,0,0,0,0,0
37205,ECG,1951,3302,0,0,0,0,0
37210,ECG,1952,3281,0,0,0,0,0
37210,ECG,1953,3260,0,0,0,0,0
37215,ECG,1954,3239,0,0,0,0,0
37215,ECG,1955,3218,0,0,0,0,0
37215,ECG,1956,3197,0,0,0,0,0
37220,ECG,1957,3176,0,0,0,0,0
37220,ECG,1958,3156,0,0,0,0,0
37225,ECG,1959,3135,0,0,0,0,0
37225,ECG,1960,3115,0,0,0,0,0
37225,ECG,1961,3095,0,0,0,0,0
37230,ECG,1962,3075,0,0,0,0,0
37230,ECG,1963,3055,0,0,0,0,0
37235,ECG,1964,3015,0,0,0,0,0
37235,ECG,1965,2996,0,0,0,0,0
37240,ECG,1966,2976,0,0,0,0,0
37240,ECG,1967,2957,0,0,0,0,0
37241,ECG,1968,2938,0,0,0,0,0
37245,ECG,1969,2919,0,0,0,0,0
37245,ECG,1970,2900,0,0,0,0,0
37250,ECG,1971,2881,0,0,0,0,0
37250,ECG,1972,2862,0,0,0,0,0
37255,ECG,1973,2825,0,0,0,0,0
37255,ECG,1974,2807,0,0,0,0,0
37260,ECG,1975,2789,0,0,0,0,0
37260,ECG,1976,2771,0,0,0,0,0
37260,ECG,1977,2753,0,0,0,0,0
37265,ECG,1978,2735,0,0,0,0,0
37265,ECG,1979,2717,0,0,0,0,0
37270,ECG,1980,2700,0,0,0,0,0
37270,ECG,1981,2682,0,0,0,0,0
37270,ECG,1982,2665,0,0,0,0,0
37275,ECG,1983,2647,0,0,0,0,0
37275,ECG,1984,2630,0,0,0,0,0
37280,ECG,1985,2613,0,0,0,0,0
37280,ECG,1986,2596,0,0,0,0,0
37280,ECG,1987,2579,0,0,0,0,0
37285,ECG,1988,2562,0,0,0,0,0
37285,ECG,1989,2546,0,0,0,0,0
37290,ECG,1990,2513,0,0,0,0,0
37290,ECG,1991,2496,0,0,0,0,0
37295,ECG,1992,2480,0,0,0,0,0
37295,ECG,1993,2464,0,0,0,0,0
37300,ECG,1994,2432,0,0,0,0,0
37300,ECG,1995,2416,0,0,0,0,0
37305,ECG,1996,2400,0,0,0,0,0
37305,ECG,1997,2385,0,0,0,0,0
37305,ECG,1998,2369,0,0,0,0,0
37310,ECG,1999,2354,0,0,0,0,0
37310,ECG,2000,2338,0,0,0,0,0
37315,ECG,2001,2323,0,0,0,0,0
37315,ECG,2002,2308,0,0,0,0,0
37315,ECG,2003,2293,0,0,0,0,0
37320,ECG,2004,2278,0,0,0,0,0
37320,ECG,2005,2263,0,0,0,0,0
37325,ECG,2006,2248,0,0,0,0,0
37325,ECG,2007,2233,0,0,0,0,0
37325,ECG,2008,2219,0,0,0,0,0
37330,ECG,2009,2204,0,0,0,0,0
37330,ECG,2010,2190,0,0,0,0,0
37335,ECG,2011,2161,0,0,0,0,0
37335,ECG,2012,2147,0,0,0,0,0
37340,ECG,2013,2133,0,0,0,0,0
37340,ECG,2014,2119,0,0,0,0,0
37345,ECG,2015,2091,0,0,0,0,0
37345,ECG,2016,2078,0,0,0,0,0
37350,ECG,2017,2064,0,0,0,0,0
37350,ECG,2018,2050,0,0,0,0,0
37350,ECG,2019,2037,0,0,0,0,0
37355,ECG,2020,2023,0,0,0,0,0
37355,ECG,2021,2010,0,0,0,0,0
37360,ECG,2022,1997,0,0,0,0,0
37360,ECG,2023,1984,0,0,0,0,0
37360,ECG,2024,1971,0,0,0,0,0
37365,ECG,2025,1958,0,0,0,0,0
37365,ECG,2026,1945,0,0,0,0,0
37370,ECG,2027,1932,0,0,0,0,0
37370,ECG,2028,1919,0,0,0,0,0
37370,ECG,2029,1906,0,0,0,0,0
37375,ECG,2030,1894,0,0,0,0,0
37375,ECG,2031,1881,0,0,0,0,0
37380,ECG,2032,1869,0,0,0,0,0
37380,ECG,2033,1857,0,0,0,0,0
37380,ECG,2034,1844,0,0,0,0,0
37385,ECG,2035,1832,0,0,0,0,0
37385,ECG,2036,1820,0,0,0,0,0
37390,ECG,2037,1796,0,0,0,0,0
37390,ECG,2038,1784,0,0,0,0,0
37395,ECG,2039,1772,0,0,0,0,0
37395,ECG,2040,1761,0,0,0,0,0
37400,ECG,2041,1737,0,0,0,0,0
37400,ECG,2042,1726,0,0,0,0,0
37405,ECG,2043,1714,0,0,0,0,0
37405,ECG,2044,1703,0,0,0,0,0
37405,ECG,2045,1692,0,0,0,0,0
37410,ECG,2046,1681,0,0,0,0,0
37410,ECG,2047,1669,0,0,0,0,0
37076,IMU,416,1524,104,8316,-74,60,47
37096,IMU,417,1568,-32,8400,-100,63,58
37113,IMU,418,1552,40,8344,-93,80,43
37133,IMU,419,1520,-60,8348,-85,60,50
37152,IMU,420,1484,-56,8408,-85,75,40
37171,IMU,421,1568,44,8308,-71,67,51
37190,IMU,422,1552,-40,8432,-91,65,54
37209,IMU,423,1508,-16,8372,-77,69,23
37228,IMU,424,1528,-40,8388,-73,56,40
37247,IMU,425,1524,-28,8296,-77,77,55
37266,IMU,426,1536,-80,8380,-87,63,46
37285,IMU,427,1548,-92,8388,-95,61,50
37307,IMU,428,1428,-52,8344,-95,58,48
37325,IMU,429,1508,-60,8424,-56,67,42
37342,IMU,430,1440,76,8408,-93,74,38
37361,IMU,431,1520,40,8388,-81,49,45
37381,IMU,432,1520,-128,8368,-84,63,52
37399,IMU,433,1552,-104,8380,-76,57,49
37421,IMU,434,1608,48,8376,-79,71,38
37438,IMU,435,1456,32,8424,-79,65,41
37457,IMU,436,1528,8,8380,-82,68,65
37476,IMU,437,1552,-68,8464,-93,54,57
37495,IMU,438,1492,-100,8320,-68,59,54
37514,IMU,439,1560,-32,8316,-90,78,46
37535,IMU,440,1540,-60,8420,-76,49,33
37552,IMU,441,1548,44,8488,-86,69,38
37571,IMU,442,1456,-112,8428,-75,45,43
37590,IMU,443,1480,-140,8320,-95,53,47
37609,IMU,444,1540,24,8368,-80,68,49
37629,IMU,445,1504,-80,8412,-96,73,30
37648,IMU,446,1476,36,8412,-72,55,39
37667,IMU,447,1480,-20,8408,-97,74,54
37686,IMU,448,1472,-36,8444,-71,57,50
37705,IMU,449,1548,-52,8392,-92,71,44
37724,IMU,450,1428,-56,8488,-86,54,43
37747,IMU,451,1488,-40,8356,-95,49,60
37763,IMU,452,1588,8,8436,-82,63,45
37782,IMU,453,1512,-84,8300,-94,75,44
37801,IMU,454,1540,-44,8364,-82,66,39
37820,IMU,455,1436,-40,8288,-90,63,53
37839,IMU,456,1564,24,8380,-90,54,39
37859,IMU,457,1536,-80,8352,-69,49,48
37878,IMU,458,1464,-152,8384,-83,53,50
37897,IMU,459,1552,-68,8340,-80,43,46
37916,IMU,460,1480,-56,8364,-90,66,38
37935,IMU,461,1520,-16,8380,-81,62,41
37954,IMU,462,1456,112,8432,-86,55,47
37975,IMU,463,1536,-8,8404,-99,71,66
37993,IMU,464,1536,-48,8368,-92,58,36
38012,IMU,465,1372,88,8316,-79,55,33
38031,IMU,466,1500,-16,8416,-94,50,31
38050,IMU,467,1492,-76,8352,-75,70,60
38069,IMU,468,1476,-16,8412,-89,56,41
38088,IMU,469,1540,-76,8336,-93,53,38
38108,IMU,470,1524,-96,8232,-91,63,59
38127,IMU,471,1588,132,8424,-93,53,35
38146,IMU,472,1544,-12,8348,-64,69,53
38165,IMU,473,1560,-68,8364,-80,50,55
38186,IMU,474,1512,-20,8416,-92,56,45
38203,IMU,475,1584,-20,8408,-87,60,50
38223,IMU,476,1556,-4,8356,-81,60,54
38242,IMU,477,1544,-96,8388,-76,71,51
38261,IMU,478,1632,-28,8320,-91,52,42
38280,IMU,479,1408,4,8360,-87,65,41
38299,IMU,480,1544,20,8424,-60,65,51
38318,IMU,481,1560,-60,8420,-84,64,45
38337,IMU,482,1480,-20,8384,-90,62,43
38357,IMU,483,1524,16,8400,-85,65,48
38376,IMU,484,1612,-80,8316,-79,69,42
38396,IMU,485,1552,-108,8324,-84,64,55
38415,IMU,486,1600,-104,8328,-92,67,38
38433,IMU,487,1488,-28,8372,-90,74,27
38452,IMU,488,1504,52,8340,-92,62,35
38472,IMU,489,1512,-72,8420,-87,45,43
38491,IMU,490,1524,-28,8368,-77,52,48
38510,IMU,491,1624,-24,8388,-86,54,58
38529,IMU,492,1544,-20,8312,-95,65,46
38549,IMU,493,1508,-80,8476,-86,67,39
38568,IMU,494,1592,64,8416,-86,65,62
38586,IMU,495,1496,-64,8372,-85,63,41
38606,IMU,496,1472,12,8400,-82,63,50
38626,IMU,497,1524,-8,8440,-68,68,46
38644,IMU,498,1432,56,8308,-81,57,48
38663,IMU,499,1520,-28,8360,-88,52,42
38682,IMU,500,1568,-60,8424,-84,59,33
38701,IMU,501,1536,-52,8420,-66,61,56
38720,IMU,502,1552,-120,8468,-86,76,34
38740,IMU,503,1560,-52,8408,-94,57,38
38758,IMU,504,1536,-8,8408,-75,52,42
38778,IMU,505,1492,8,8320,-73,56,51
38796,IMU,506,1492,-100,8404,-69,66,31
38816,IMU,507,1500,20,8272,-99,55,29
38839,IMU,508,1540,-172,8376,-74,62,36
38854,IMU,509,1504,-24,8300,-86,56,60
38873,IMU,510,1388,-96,8352,-80,68,46
38892,IMU,511,1504,-32,8408,-87,68,45
38911,IMU,512,1456,4,8304,-94,70,43
38930,IMU,513,1488,4,8380,-90,60,42
38949,IMU,514,1604,-56,8360,-77,70,33
38968,IMU,515,1576,60,8356,-74,41,45
38987,IMU,516,1500,-36,8332,-65,62,40
39007,IMU,517,1416,-80,8424,-90,62,59
39025,IMU,518,1576,-4,8452,-87,53,56
39045,IMU,519,1560,-28,8324,-91,65,27
39064,IMU,520,1480,-68,8408,-87,66,58
39083,IMU,521,1480,32,8400,-78,54,57
39102,IMU,522,1496,36,8396,-77,55,42
39121,IMU,523,1496,-108,8344,-68,79,46
39140,IMU,524,1552,40,8328,-93,69,42
39159,IMU,525,1568,-64,8400,-88,73,70
39178,IMU,526,1460,-4,8392,-77,63,54
39197,IMU,527,1540,-12,8396,-98,60,50
39216,IMU,528,1536,-8,8436,-79,71,39
39235,IMU,529,1504,-52,8376,-81,85,60
39255,IMU,530,1476,-72,8444,-87,54,45
39277,IMU,531,1544,-48,8312,-77,72,39
39293,IMU,532,1544,-52,8376,-80,70,41
39311,IMU,533,1476,-80,8384,-90,62,28
39331,IMU,534,1520,12,8336,-95,69,49
39350,IMU,535,1584,12,8392,-106,62,41
39369,IMU,536,1476,-56,8316,-81,58,57
39388,IMU,537,1508,8,8376,-80,62,42
39407,IMU,538,1488,-88,8372,-81,66,62
39426,IMU,539,1476,-12,8352,-76,69,55
39445,IMU,540,1580,-48,8316,-79,65,49
39464,IMU,541,1580,44,8388,-96,57,52
39484,IMU,542,1472,16,8404,-80,76,37
39504,IMU,543,1580,-64,8380,-98,46,38
39521,IMU,544,1608,-68,8356,-69,62,49
39541,IMU,545,1548,-52,8376,-93,60,44
39562,IMU,546,1536,-20,8420,-89,56,70
39579,IMU,547,1560,-20,8456,-82,48,40
39598,IMU,548,1572,-28,8452,-77,70,35
39617,IMU,549,1500,-4,8372,-93,77,17
39636,IMU,550,1496,44,8400,-79,65,46
39655,IMU,551,1448,76,8444,-86,53,55
39674,IMU,552,1580,-4,8400,-82,62,34
39693,IMU,553,1436,-128,8372,-101,64,46
39715,IMU,554,1628,-24,8408,-78,46,42
39732,IMU,555,1524,-128,8356,-80,74,45
39751,IMU,556,1584,-64,8336,-94,66,28
39770,IMU,557,1500,24,8392,-66,61,54
39789,IMU,558,1612,-92,8452,-84,71,64
39808,IMU,559,1508,-40,8424,-93,47,28
39827,IMU,560,1512,-112,8324,-97,61,45
39847,IMU,561,1568,-16,8400,-88,46,50
39866,IMU,562,1596,76,8296,-95,64,34
39885,IMU,563,1520,20,8372,-94,72,34
39904,IMU,564,1524,20,8432,-112,41,56
39924,IMU,565,1532,-60,8316,-88,70,55
39943,IMU,566,1544,-156,8416,-70,78,52
39962,IMU,567,1484,-64,8372,-87,62,48
39981,IMU,568,1588,36,8396,-88,71,29
40000,IMU,569,1484,-52,8368,-84,56,45
40019,IMU,570,1496,-24,8324,-93,65,44
40038,IMU,571,1400,-68,8524,-80,71,43
40057,IMU,572,1556,-100,8296,-78,64,45
40076,IMU,573,1500,-128,8324,-90,58,53
40096,IMU,574,1620,-40,8396,-68,16,40
40115,IMU,575,1412,64,8364,-85,66,40
40134,IMU,576,1544,-68,8404,-83,66,57
40154,IMU,577,1496,4,8424,-86,52,41
40172,IMU,578,1408,-68,8392,-80,47,62
40191,IMU,579,1508,-112,8380,-79,78,30
40211,IMU,580,1396,20,8396,-85,58,42
40230,IMU,581,1552,-4,8420,-62,53,46
40249,IMU,582,1572,52,8348,-70,62,41
40268,IMU,583,1500,-60,8456,-74,57,46
40287,IMU,584,1548,16,8424,-83,56,40
40306,IMU,585,1500,60,8436,-79,76,44
40326,IMU,586,1464,-88,8328,-78,61,56
40345,IMU,587,1428,-64,8364,-97,76,36
40368,IMU,588,1524,-64,8400,-73,68,36
40383,IMU,589,1492,-52,8380,-79,65,49
40402,IMU,590,1564,-8,8352,-82,66,38
40421,IMU,591,1564,-112,8432,-77,47,49
40440,IMU,592,1500,-40,8300,-89,67,54
40460,IMU,593,1564,0,8376,-85,54,44
40479,IMU,594,1464,-12,8332,-89,44,39
40498,IMU,595,1476,-104,8336,-81,66,30
40517,IMU,596,1468,-12,8380,-70,68,35
40536,IMU,597,1552,64,8380,-72,64,50
40555,IMU,598,1600,24,8452,-81,66,34
40575,IMU,599,1500,-36,8364,-76,56,29
40597,IMU,600,1516,-4,8372,-105,65,33
40614,IMU,601,1572,-44,8332,-71,67,47
40632,IMU,602,1448,-36,8292,-92,70,37
40652,IMU,603,1604,32,8368,-92,53,55
40671,IMU,604,1492,4,8360,-93,45,41
40690,IMU,605,1464,-48,8396,-83,67,34
40708,IMU,606,1560,-24,8292,-94,63,42
40728,IMU,607,1568,40,8352,-98,54,35
40747,IMU,608,1524,-48,8324,-100,51,45
40766,IMU,609,1440,-112,8320,-91,56,39
40785,IMU,610,1548,16,8356,-92,65,44
40808,IMU,611,1436,-16,8400,-75,60,40
40823,IMU,612,1408,-100,8452,-72,50,34
40843,IMU,613,1588,52,8308,-79,59,39
40862,IMU,614,1584,-36,8472,-91,67,33
40881,IMU,615,1524,-80,8396,-104,59,31
40900,IMU,616,1468,-48,8344,-80,61,71
40918,IMU,617,1616,4,8368,-68,73,43
40938,IMU,618,1464,-120,8304,-87,77,44
40957,IMU,619,1564,-88,8328,-78,66,59
40976,IMU,620,1556,-20,8372,-79,76,42
40995,IMU,621,1600,-40,8420,-85,63,31
41014,IMU,622,1484,-88,8348,-88,58,27
41035,IMU,623,1552,-48,8408,-72,56,44
37415,ECG,2048,1658,0,0,0,0,0
37415,ECG,2049,1647,0,0,0,0,0
37415,ECG,2050,1636,0,0,0,0,0
37420,ECG,2051,1625,0,0,0,0,0
37420,ECG,2052,1615,0,0,0,0,0
37425,ECG,2053,1604,0,0,0,0,0
37425,ECG,2054,1593,0,0,0,0,0
37425,ECG,2055,1583,0,0,0,0,0
37430,ECG,2056,1572,0,0,0,0,0
37430,ECG,2057,1562,0,0,0,0,0
37435,ECG,2058,1541,0,0,0,0,0
37435,ECG,2059,1531,0,0,0,0,0
37440,ECG,2060,1520,0,0,0,0,0
37440,ECG,2061,1510,0,0,0,0,0
37441,ECG,2062,1500,0,0,0,0,0
37445,ECG,2063,1490,0,0,0,0,0
37445,ECG,2064,1480,0,0,0,0,0
37450,ECG,2065,1470,0,0,0,0,0
37450,ECG,2066,1460,0,0,0,0,0
37455,ECG,2067,1441,0,0,0,0,0
37455,ECG,2068,1431,0,0,0,0,0
37460,ECG,2069,1422,0,0,0,0,0
37460,ECG,2070,1412,0,0,0,0,0
37460,ECG,2071,1403,0,0,0,0,0
37465,ECG,2072,1393,0,0,0,0,0
37465,ECG,2073,1384,0,0,0,0,0
37470,ECG,2074,1375,0,0,0,0,0
37470,ECG,2075,1365,0,0,0,0,0
37470,ECG,2076,1356,0,0,0,0,0
37475,ECG,2077,1347,0,0,0,0,0
37475,ECG,2078,1338,0,0,0,0,0
37480,ECG,2079,1329,0,0,0,0,0
37480,ECG,2080,1320,0,0,0,0,0
37480,ECG,2081,1311,0,0,0,0,0
37485,ECG,2082,1302,0,0,0,0,0
37485,ECG,2083,1294,0,0,0,0,0
37490,ECG,2084,1276,0,0,0,0,0
37490,ECG,2085,1268,0,0,0,0,0
37495,ECG,2086,1259,0,0,0,0,0
37495,ECG,2087,1251,0,0,0,0,0
37500,ECG,2088,1234,0,0,0,0,0
37500,ECG,2089,1225,0,0,0,0,0
37505,ECG,2090,1217,0,0,0,0,0
37505,ECG,2091,1209,0,0,0,0,0
37505,ECG,2092,1201,0,0,0,0,0
37510,ECG,2093,1192,0,0,0,0,0
37510,ECG,2094,1184,0,0,0,0,0
37515,ECG,2095,1176,0,0,0,0,0
37515,ECG,2096,1168,0,0,0,0,0
37515,ECG,2097,1160,0,0,0,0,0
37520,ECG,2098,1152,0,0,0,0,0
37520,ECG,2099,1145,0,0,0,0,0
37525,ECG,2100,1137,0,0,0,0,0
37525,ECG,2101,1129,0,0,0,0,0
37525,ECG,2102,1121,0,0,0,0,0
37530,ECG,2103,1114,0,0,0,0,0
37530,ECG,2104,1106,0,0,0,0,0
38537,ECG,2105,0,0,0,0,0,0
38537,ECG,2106,-1,0,0,0,0,0
38537,ECG,2107,-6,0,0,0,0,0
38542,ECG,2108,2,0,0,0,0,0
38542,ECG,2109,6,0,0,0,0,0
38547,ECG,2110,38,0,0,0,0,0
38547,ECG,2111,-16,0,0,0,0,0
38552,ECG,2112,-26,0,0,0,0,0
38552,ECG,2113,151,0,0,0,0,0
38557,ECG,2114,-2109,0,0,0,0,0
38557,ECG,2115,-1850,0,0,0,0,0
38562,ECG,2116,-36,0,0,0,0,0
38562,ECG,2117,3394,0,0,0,0,0
38562,ECG,2118,8729,0,0,0,0,0
38567,ECG,2119,15156,0,0,0,0,0
38567,ECG,2120,21689,0,0,0,0,0
38572,ECG,2121,27397,0,0,0,0,0
38572,ECG,2122,31311,0,0,0,0,0
38572,ECG,2123,32011,0,0,0,0,0
38577,ECG,2124,31810,0,0,0,0,0
38577,ECG,2125,31610,0,0,0,0,0
38582,ECG,2126,31343,0,0,0,0,0
38582,ECG,2127,31109,0,0,0,0,0
38582,ECG,2128,31019,0,0,0,0,0
38587,ECG,2129,30731,0,0,0,0,0
38587,ECG,2130,30591,0,0,0,0,0
38592,ECG,2131,30395,0,0,0,0,0
38592,ECG,2132,30195,0,0,0,0,0
38592,ECG,2133,30019,0,0,0,0,0
38597,ECG,2134,29827,0,0,0,0,0
38597,ECG,2135,29638,0,0,0,0,0
38598,ECG,2136,29451,0,0,0,0,0
38602,ECG,2137,29266,0,0,0,0,0
38602,ECG,2138,29082,0,0,0,0,0
38607,ECG,2139,28900,0,0,0,0,0
38607,ECG,2140,28718,0,0,0,0,0
38612,ECG,2141,28358,0,0,0,0,0
38612,ECG,2142,28180,0,0,0,0,0
38617,ECG,2143,28002,0,0,0,0,0
38617,ECG,2144,27826,0,0,0,0,0
38617,ECG,2145,27651,0,0,0,0,0
38622,ECG,2146,27478,0,0,0,0,0
38622,ECG,2147,27305,0,0,0,0,0
38627,ECG,2148,27133,0,0,0,0,0
38627,ECG,2149,26963,0,0,0,0,0
38627,ECG,2150,26793,0,0,0,0,0
38632,ECG,2151,26625,0,0,0,0,0
38632,ECG,2152,26457,0,0,0,0,0
38637,ECG,2153,26291,0,0,0,0,0
38637,ECG,2154,26126,0,0,0,0,0
38637,ECG,2155,25961,0,0,0,0,0
38642,ECG,2156,25798,0,0,0,0,0
38642,ECG,2157,25636,0,0,0,0,0
38647,ECG,2158,25314,0,0,0,0,0
38647,ECG,2159,25155,0,0,0,0,0
38652,ECG,2160,24997,0,0,0,0,0
38652,ECG,2161,24840,0,0,0,0,0
38657,ECG,2162,24528,0,0,0,0,0
38657,ECG,2163,24374,0,0,0,0,0
38662,ECG,2164,24221,0,0,0,0,0
38662,ECG,2165,24068,0,0,0,0,0
38662,ECG,2166,23917,0,0,0,0,0
38667,ECG,2167,23766,0,0,0,0,0
38667,ECG,2168,23617,0,0,0,0,0
38672,ECG,2169,23468,0,0,0,0,0
38672,ECG,2170,23321,0,0,0,0,0
38672,ECG,2171,23174,0,0,0,0,0
38677,ECG,2172,23028,0,0,0,0,0
38677,ECG,2173,22883,0,0,0,0,0
38682,ECG,2174,22739,0,0,0,0,0
38682,ECG,2175,22596,0,0,0,0,0
38682,ECG,2176,22454,0,0,0,0,0
38687,ECG,2177,22313,0,0,0,0,0
38687,ECG,2178,22172,0,0,0,0,0
38692,ECG,2179,21894,0,0,0,0,0
38692,ECG,2180,21756,0,0,0,0,0
38697,ECG,2181,21619,0,0,0,0,0
38697,ECG,2182,21483,0,0,0,0,0
38702,ECG,2183,21214,0,0,0,0,0
38702,ECG,2184,21080,0,0,0,0,0
38707,ECG,2185,20948,0,0,0,0,0
38707,ECG,2186,20816,0,0,0,0,0
38707,ECG,2187,20685,0,0,0,0,0
38712,ECG,2188,20555,0,0,0,0,0
38712,ECG,2189,20425,0,0,0,0,0
38717,ECG,2190,20297,0,0,0,0,0
38717,ECG,2191,20169,0,0,0,0,0
38717,ECG,2192,20042,0,0,0,0,0
38722,ECG,2193,19916,0,0,0,0,0
38722,ECG,2194,19790,0,0,0,0,0
38727,ECG,2195,19666,0,0,0,0,0
38727,ECG,2196,19542,0,0,0,0,0
38727,ECG,2197,19419,0,0,0,0,0
38732,ECG,2198,19297,0,0,0,0,0
38732,ECG,2199,19175,0,0,0,0,0
38737,ECG,2200,19055,0,0,0,0,0
38737,ECG,2201,18935,0,0,0,0,0
38737,ECG,2202,18815,0,0,0,0,0
38742,ECG,2203,18697,0,0,0,0,0
38742,ECG,2204,18579,0,0,0,0,0
38747,ECG,2205,18346,0,0,0,0,0
38747,ECG,2206,18230,0,0,0,0,0
38752,ECG,2207,18116,0,0,0,0,0
38752,ECG,2208,18002,0,0,0,0,0
38757,ECG,2209,17775,0,0,0,0,0
38757,ECG,2210,17663,0,0,0,0,0
38762,ECG,2211,17552,0,0,0,0,0
38762,ECG,2212,17442,0,0,0,0,0
38762,ECG,2213,17332,0,0,0,0,0
38767,ECG,2214,17222,0,0,0,0,0
38767,ECG,2215,17114,0,0,0,0,0
38772,ECG,2216,17006,0,0,0,0,0
38772,ECG,2217,16899,0,0,0,0,0
38772,ECG,2218,16792,0,0,0,0,0
38777,ECG,2219,16687,0,0,0,0,0
38777,ECG,2220,16581,0,0,0,0,0
38782,ECG,2221,16477,0,0,0,0,0
38782,ECG,2222,16373,0,0,0,0,0
38782,ECG,2223,16270,0,0,0,0,0
38787,ECG,2224,16167,0,0,0,0,0
38787,ECG,2225,16065,0,0,0,0,0
38792,ECG,2226,15864,0,0,0,0,0
38792,ECG,2227,15764,0,0,0,0,0
38797,ECG,2228,15664,0,0,0,0,0
38797,ECG,2229,15566,0,0,0,0,0
38798,ECG,2230,15467,0,0,0,0,0
38802,ECG,2231,15370,0,0,0,0,0
38802,ECG,2232,15273,0,0,0,0,0
38807,ECG,2233,15177,0,0,0,0,0
38807,ECG,2234,15081,0,0,0,0,0
38812,ECG,2235,14891,0,0,0,0,0
38812,ECG,2236,14797,0,0,0,0,0
38817,ECG,2237,14704,0,0,0,0,0
38817,ECG,2238,14611,0,0,0,0,0
38817,ECG,2239,14519,0,0,0,0,0
38822,ECG,2240,14428,0,0,0,0,0
38822,ECG,2241,14337,0,0,0,0,0
38827,ECG,2242,14246,0,0,0,0,0
38827,ECG,2243,14156,0,0,0,0,0
38827,ECG,2244,14067,0,0,0,0,0
38832,ECG,2245,13978,0,0,0,0,0
38832,ECG,2246,13890,0,0,0,0,0
38837,ECG,2247,13802,0,0,0,0,0
38837,ECG,2248,13715,0,0,0,0,0
38837,ECG,2249,13629,0,0,0,0,0
38842,ECG,2250,13543,0,0,0,0,0
38842,ECG,2251,13457,0,0,0,0,0
38847,ECG,2252,13288,0,0,0,0,0
38847,ECG,2253,13204,0,0,0,0,0
38852,ECG,2254,13121,0,0,0,0,0
38852,ECG,2255,13038,0,0,0,0,0
38857,ECG,2256,12874,0,0,0,0,0
38857,ECG,2257,12793,0,0,0,0,0
38862,ECG,2258,12712,0,0,0,0,0
38862,ECG,2259,12632,0,0,0,0,0
38862,ECG,2260,12552,0,0,0,0,0
38867,ECG,2261,12473,0,0,0,0,0
38867,ECG,2262,12394,0,0,0,0,0
38872,ECG,2263,12316,0,0,0,0,0
38872,ECG,2264,12238,0,0,0,0,0
38872,ECG,2265,12161,0,0,0,0,0
38877,ECG,2266,12084,0,0,0,0,0
38877,ECG,2267,12008,0,0,0,0,0
38882,ECG,2268,11932,0,0,0,0,0
38882,ECG,2269,11857,0,0,0,0,0
38882,ECG,2270,11782,0,0,0,0,0
38887,ECG,2271,11707,0,0,0,0,0
38887,ECG,2272,11633,0,0,0,0,0
38892,ECG,2273,11560,0,0,0,0,0
38892,ECG,2274,11487,0,0,0,0,0
38892,ECG,2275,11414,0,0,0,0,0
38897,ECG,2276,11342,0,0,0,0,0
38897,ECG,2277,11271,0,0,0,0,0
38898,ECG,2278,11199,0,0,0,0,0
38902,ECG,2279,11129,0,0,0,0,0
38902,ECG,2280,11058,0,0,0,0,0
38907,ECG,2281,10988,0,0,0,0,0
38907,ECG,2282,10919,0,0,0,0,0
38912,ECG,2283,10781,0,0,0,0,0
38912,ECG,2284,10713,0,0,0,0,0
38917,ECG,2285,10645,0,0,0,0,0
38917,ECG,2286,10578,0,0,0,0,0
38917,ECG,2287,10511,0,0,0,0,0
38922,ECG,2288,10445,0,0,0,0,0
38922,ECG,2289,10379,0,0,0,0,0
38927,ECG,2290,10313,0,0,0,0,0
38927,ECG,2291,10248,0,0,0,0,0
38927,ECG,2292,10183,0,0,0,0,0
38932,ECG,2293,10118,0,0,0,0,0
38932,ECG,2294,10054,0,0,0,0,0
38937,ECG,2295,9991,0,0,0,0,0
38937,ECG,2296,9928,0,0,0,0,0
38937,ECG,2297,9865,0,0,0,0,0
38942,ECG,2298,9802,0,0,0,0,0
38942,ECG,2299,9740,0,0,0,0,0
38947,ECG,2300,9617,0,0,0,0,0
38947,ECG,2301,9557,0,0,0,0,0
38952,ECG,2302,9496,0,0,0,0,0
38952,ECG,2303,9436,0,0,0,0,0
38957,ECG,2304,9317,0,0,0,0,0
38957,ECG,2305,9258,0,0,0,0,0
38962,ECG,2306,9200,0,0,0,0,0
38962,ECG,2307,9141,0,0,0,0,0
38962,ECG,2308,9083,0,0,0,0,0
38967,ECG,2309,9026,0,0,0,0,0
38967,ECG,2310,8969,0,0,0,0,0
38972,ECG,2311,8912,0,0,0,0,0
38972,ECG,2312,8855,0,0,0,0,0
38972,ECG,2313,8799,0,0,0,0,0
38977,ECG,2314,8744,0,0,0,0,0
38977,ECG,2315,8688,0,0,0,0,0
38982,ECG,2316,8633,0,0,0,0,0
38982,ECG,2317,8578,0,0,0,0,0
38982,ECG,2318,8524,0,0,0,0,0
38987,ECG,2319,8470,0,0,0,0,0
38987,ECG,2320,8416,0,0,0,0,0
38992,ECG,2321,8310,0,0,0,0,0
38992,ECG,2322,8257,0,0,0,0,0
38997,ECG,2323,8205,0,0,0,0,0
38997,ECG,2324,8153,0,0,0,0,0
38998,ECG,2325,8101,0,0,0,0,0
39002,ECG,2326,8050,0,0,0,0,0
39002,ECG,2327,7999,0,0,0,0,0
39007,ECG,2328,7948,0,0,0,0,0
39007,ECG,2329,7898,0,0,0,0,0
39012,ECG,2330,7798,0,0,0,0,0
39012,ECG,2331,7749,0,0,0,0,0
39017,ECG,2332,7699,0,0,0,0,0
39017,ECG,2333,7651,0,0,0,0,0
39017,ECG,2334,7602,0,0,0,0,0
39022,ECG,2335,7554,0,0,0,0,0
39022,ECG,2336,7506,0,0,0,0,0
39027,ECG,2337,7458,0,0,0,0,0
39027,ECG,2338,7411,0,0,0,0,0
39027,ECG,2339,7364,0,0,0,0,0
39032,ECG,2340,7317,0,0,0,0,0
39032,ECG,2341,7271,0,0,0,0,0
39037,ECG,2342,7224,0,0,0,0,0
39037,ECG,2343,7178,0,0,0,0,0
39037,ECG,2344,7133,0,0,0,0,0
39042,ECG,2345,7088,0,0,0,0,0
39042,ECG,2346,7043,0,0,0,0,0
39047,ECG,2347,6953,0,0,0,0,0
39047,ECG,2348,6909,0,0,0,0,0
39052,ECG,2349,6865,0,0,0,0,0
39052,ECG,2350,6821,0,0,0,0,0
39057,ECG,2351,6735,0,0,0,0,0
39057,ECG,2352,6692,0,0,0,0,0
39062,ECG,2353,6650,0,0,0,0,0
39062,ECG,2354,6608,0,0,0,0,0
39062,ECG,2355,6566,0,0,0,0,0
39067,ECG,2356,6524,0,0,0,0,0
39067,ECG,2357,6482,0,0,0,0,0
39072,ECG,2358,6441,0,0,0,0,0
39072,ECG,2359,6400,0,0,0,0,0
39072,ECG,2360,6359,0,0,0,0,0
39077,ECG,2361,6319,0,0,0,0,0
39077,ECG,2362,6279,0,0,0,0,0
39082,ECG,2363,6239,0,0,0,0,0
39082,ECG,2364,6199,0,0,0,0,0
39082,ECG,2365,6159,0,0,0,0,0
39087,ECG,2366,6120,0,0,0,0,0
39087,ECG,2367,6081,0,0,0,0,0
39092,ECG,2368,6004,0,0,0,0,0
39092,ECG,2369,5966,0,0,0,0,0
39097,ECG,2370,5928,0,0,0,0,0
39097,ECG,2371,5890,0,0,0,0,0
39098,ECG,2372,5852,0,0,0,0,0
39102,ECG,2373,5815,0,0,0,0,0
39102,ECG,2374,5778,0,0,0,0,0
39107,ECG,2375,5741,0,0,0,0,0
39107,ECG,2376,5705,0,0,0,0,0
39112,ECG,2377,5632,0,0,0,0,0
39112,ECG,2378,5596,0,0,0,0,0
39117,ECG,2379,5561,0,0,0,0,0
39117,ECG,2380,5525,0,0,0,0,0
39117,ECG,2381,5490,0,0,0,0,0
39122,ECG,2382,5455,0,0,0,0,0
39122,ECG,2383,5420,0,0,0,0,0
39127,ECG,2384,5386,0,0,0,0,0
39127,ECG,2385,5351,0,0,0,0,0
39127,ECG,2386,5317,0,0,0,0,0
39132,ECG,2387,5283,0,0,0,0,0
39132,ECG,2388,5249,0,0,0,0,0
39137,ECG,2389,5216,0,0,0,0,0
39137,ECG,2390,5183,0,0,0,0,0
39137,ECG,2391,5150,0,0,0,0,0
39142,ECG,2392,5117,0,0,0,0,0
39142,ECG,2393,5084,0,0,0,0,0
39147,ECG,2394,5019,0,0,0,0,0
39147,ECG,2395,4987,0,0,0,0,0
39152,ECG,2396,4955,0,0,0,0,0
39152,ECG,2397,4924,0,0,0,0,0
39157,ECG,2398,4861,0,0,0,0,0
39157,ECG,2399,4830,0,0,0,0,0
39162,ECG,2400,4799,0,0,0,0,0
39162,ECG,2401,4768,0,0,0,0,0
39162,ECG,2402,4738,0,0,0,0,0
39167,ECG,2403,4707,0,0,0,0,0
39167,ECG,2404,4677,0,0,0,0,0
39172,ECG,2405,4647,0,0,0,0,0
39172,ECG,2406,4618,0,0,0,0,0
39172,ECG,2407,4588,0,0,0,0,0
39177,ECG,2408,4559,0,0,0,0,0
39177,ECG,2409,4530,0,0,0,0,0
39182,ECG,2410,4501,0,0,0,0,0
39182,ECG,2411,4472,0,0,0,0,0
39182,ECG,2412,4443,0,0,0,0,0
39187,ECG,2413,4415,0,0,0,0,0
39187,ECG,2414,4386,0,0,0,0,0
39192,ECG,2415,4358,0,0,0,0,0
39192,ECG,2416,4330,0,0,0,0,0
39192,ECG,2417,4303,0,0,0,0,0
39197,ECG,2418,4275,0,0,0,0,0
39197,ECG,2419,4248,0,0,0,0,0
39202,ECG,2420,4193,0,0,0,0,0
39202,ECG,2421,4166,0,0,0,0,0
39207,ECG,2422,4140,0,0,0,0,0
39207,ECG,2423,4113,0,0,0,0,0
39212,ECG,2424,4060,0,0,0,0,0
39212,ECG,2425,4034,0,0,0,0,0
39217,ECG,2426,4008,0,0,0,0,0
39217,ECG,2427,3983,0,0,0,0,0
39217,ECG,2428,3957,0,0,0,0,0
39222,ECG,2429,3932,0,0,0,0,0
39222,ECG,2430,3906,0,0,0,0,0
39227,ECG,2431,3881,0,0,0,0,0
39227,ECG,2432,3856,0,0,0,0,0
39227,ECG,2433,3832,0,0,0,0,0
39232,ECG,2434,3807,0,0,0,0,0
39232,ECG,2435,3782,0,0,0,0,0
39237,ECG,2436,3758,0,0,0,0,0
39237,ECG,2437,3734,0,0,0,0,0
39237,ECG,2438,3710,0,0,0,0,0
39242,ECG,2439,3686,0,0,0,0,0
39242,ECG,2440,3662,0,0,0,0,0
39247,ECG,2441,3615,0,0,0,0,0
39247,ECG,2442,3592,0,0,0,0,0
39252,ECG,2443,3569,0,0,0,0,0
39252,ECG,2444,3546,0,0,0,0,0
39253,ECG,2445,3523,0,0,0,0,0
39257,ECG,2446,3500,0,0,0,0,0
39257,ECG,2447,3478,0,0,0,0,0
39262,ECG,2448,3455,0,0,0,0,0
39262,ECG,2449,3433,0,0,0,0,0
39267,ECG,2450,3389,0,0,0,0,0
39267,ECG,2451,3367,0,0,0,0,0
39272,ECG,2452,3345,0,0,0,0,0
39272,ECG,2453,3324,0,0,0,0,0
39272,ECG,2454,3302,0,0,0,0,0
39277,ECG,2455,3281,0,0,0,0,0
39277,ECG,2456,3260,0,0,0,0,0
39282,ECG,2457,3239,0,0,0,0,0
39282,ECG,2458,3218,0,0,0,0,0
39282,ECG,2459,3197,0,0,0,0,0
39287,ECG,2460,3176,0,0,0,0,0
39287,ECG,2461,3156,0,0,0,0,0
39292,ECG,2462,3135,0,0,0,0,0
39292,ECG,2463,3115,0,0,0,0,0
39292,ECG,2464,3095,0,0,0,0,0
39297,ECG,2465,3075,0,0,0,0,0
39297,ECG,2466,3055,0,0,0,0,0
39302,ECG,2467,3015,0,0,0,0,0
39302,ECG,2468,2996,0,0,0,0,0
39307,ECG,2469,2976,0,0,0,0,0
39307,ECG,2470,2957,0,0,0,0,0
39312,ECG,2471,2919,0,0,0,0,0
39312,ECG,2472,2900,0,0,0,0,0
39317,ECG,2473,2881,0,0,0,0,0
39317,ECG,2474,2862,0,0,0,0,0
39317,ECG,2475,2844,0,0,0,0,0
39322,ECG,2476,2825,0,0,0,0,0
39322,ECG,2477,2807,0,0,0,0,0
39327,ECG,2478,2789,0,0,0,0,0
39327,ECG,2479,2771,0,0,0,0,0
39327,ECG,2480,2753,0,0,0,0,0
39332,ECG,2481,2735,0,0,0,0,0
39332,ECG,2482,2717,0,0,0,0,0
39337,ECG,2483,2700,0,0,0,0,0
39337,ECG,2484,2682,0,0,0,0,0
39337,ECG,2485,2665,0,0,0,0,0
39342,ECG,2486,2647,0,0,0,0,0
39342,ECG,2487,2630,0,0,0,0,0
39347,ECG,2488,2613,0,0,0,0,0
39347,ECG,2489,2596,0,0,0,0,0
39347,ECG,2490,2579,0,0,0,0,0
39352,ECG,2491,2562,0,0,0,0,0
39352,ECG,2492,2546,0,0,0,0,0
39357,ECG,2493,2513,0,0,0,0,0
39357,ECG,2494,2496,0,0,0,0,0
39362,ECG,2495,2480,0,0,0,0,0
39362,ECG,2496,2464,0,0,0,0,0
39367,ECG,2497,2432,0,0,0,0,0
39367,ECG,2498,2416,0,0,0,0,0
39372,ECG,2499,2400,0,0,0,0,0
39372,ECG,2500,2385,0,0,0,0,0
39372,ECG,2501,2369,0,0,0,0,0
39377,ECG,2502,2354,0,0,0,0,0
39377,ECG,2503,2338,0,0,0,0,0
39382,ECG,2504,2323,0,0,0,0,0
39382,ECG,2505,2308,0,0,0,0,0
39382,ECG,2506,2293,0,0,0,0,0
39387,ECG,2507,2278,0,0,0,0,0
39387,ECG,2508,2263,0,0,0,0,0
39392,ECG,2509,2248,0,0,0,0,0
39392,ECG,2510,2233,0,0,0,0,0
39392,ECG,2511,2219,0,0,0,0,0
39397,ECG,2512,2204,0,0,0,0,0
39397,ECG,2513,2190,0,0,0,0,0
39402,ECG,2514,2161,0,0,0,0,0
39402,ECG,2515,2147,0,0,0,0,0
39407,ECG,2516,2133,0,0,0,0,0
39407,ECG,2517,2119,0,0,0,0,0
39408,ECG,2518,2105,0,0,0,0,0
39412,ECG,2519,2091,0,0,0,0,0
39412,ECG,2520,2078,0,0,0,0,0
39417,ECG,2521,2064,0,0,0,0,0
39417,ECG,2522,2050,0,0,0,0,0
39422,ECG,2523,2023,0,0,0,0,0
39422,ECG,2524,2010,0,0,0,0,0
39427,ECG,2525,1997,0,0,0,0,0
39427,ECG,2526,1984,0,0,0,0,0
39427,ECG,2527,1971,0,0,0,0,0
39432,ECG,2528,1958,0,0,0,0,0
39432,ECG,2529,1945,0,0,0,0,0
39437,ECG,2530,1932,0,0,0,0,0
39437,ECG,2531,1919,0,0,0,0,0
39437,ECG,2532,1906,0,0,0,0,0
39442,ECG,2533,1894,0,0,0,0,0
39442,ECG,2534,1881,0,0,0,0,0
39447,ECG,2535,1869,0,0,0,0,0
39447,ECG,2536,1857,0,0,0,0,0
39447,ECG,2537,1844,0,0,0,0,0
39452,ECG,2538,1832,0,0,0,0,0
39452,ECG,2539,1820,0,0,0,0,0
39457,ECG,2540,1796,0,0,0,0,0
39457,ECG,2541,1784,0,0,0,0,0
39462,ECG,2542,1772,0,0,0,0,0
39462,ECG,2543,1761,0,0,0,0,0
39467,ECG,2544,1737,0,0,0,0,0
39467,ECG,2545,1726,0,0,0,0,0
39472,ECG,2546,1714,0,0,0,0,0
39472,ECG,2547,1703,0,0,0,0,0
39472,ECG,2548,1692,0,0,0,0,0
39477,ECG,2549,1681,0,0,0,0,0
39477,ECG,2550,1669,0,0,0,0,0
39482,ECG,2551,1658,0,0,0,0,0
39482,ECG,2552,1647,0,0,0,0,0
39482,ECG,2553,1636,0,0,0,0,0
39487,ECG,2554,1625,0,0,0,0,0
39487,ECG,2555,1615,0,0,0,0,0
39492,ECG,2556,1604,0,0,0,0,0
39492,ECG,2557,1593,0,0,0,0,0
39492,ECG,2558,1583,0,0,0,0,0
39497,ECG,2559,1572,0,0,0,0,0
39497,ECG,2560,1562,0,0,0,0,0
39502,ECG,2561,1541,0,0,0,0,0
39502,ECG,2562,1531,0,0,0,0,0
39507,ECG,2563,1520,0,0,0,0,0
39507,ECG,2564,1510,0,0,0,0,0
39508,ECG,2565,1500,0,0,0,0,0
39512,ECG,2566,1490,0,0,0,0,0
39512,ECG,2567,1480,0,0,0,0,0
39517,ECG,2568,1470,0,0,0,0,0
39517,ECG,2569,1460,0,0,0,0,0
39522,ECG,2570,1441,0,0,0,0,0
39522,ECG,2571,1431,0,0,0,0,0
39527,ECG,2572,1422,0,0,0,0,0
39527,ECG,2573,1412,0,0,0,0,0
39527,ECG,2574,1403,0,0,0,0,0
39532,ECG,2575,1393,0,0,0,0,0
39532,ECG,2576,1384,0,0,0,0,0
39537,ECG,2577,1375,0,0,0,0,0
39537,ECG,2578,1365,0,0,0,0,0
39537,ECG,2579,1356,0,0,0,0,0
39542,ECG,2580,1347,0,0,0,0,0
39542,ECG,2581,1338,0,0,0,0,0
39547,ECG,2582,1329,0,0,0,0,0
39547,ECG,2583,1320,0,0,0,0,0
39547,ECG,2584,1311,0,0,0,0,0
39552,ECG,2585,1302,0,0,0,0,0
39552,ECG,2586,1294,0,0,0,0,0
39557,ECG,2587,1276,0,0,0,0,0
39557,ECG,2588,1268,0,0,0,0,0
39562,ECG,2589,1259,0,0,0,0,0
39562,ECG,2590,1251,0,0,0,0,0
39567,ECG,2591,1234,0,0,0,0,0
39567,ECG,2592,1225,0,0,0,0,0
39572,ECG,2593,1217,0,0,0,0,0
39572,ECG,2594,1209,0,0,0,0,0
39572,ECG,2595,1201,0,0,0,0,0
39577,ECG,2596,1192,0,0,0,0,0
39577,ECG,2597,1184,0,0,0,0,0
39582,ECG,2598,1176,0,0,0,0,0
39582,ECG,2599,1168,0,0,0,0,0
39582,ECG,2600,1160,0,0,0,0,0
39587,ECG,2601,1152,0,0,0,0,0
39587,ECG,2602,1145,0,0,0,0,0
40594,ECG,2603,0,0,0,0,0,0
40594,ECG,2604,-1,0,0,0,0,0
40594,ECG,2605,-6,0,0,0,0,0
40599,ECG,2606,2,0,0,0,0,0
40599,ECG,2607,6,0,0,0,0,0
40604,ECG,2608,38,0,0,0,0,0
40604,ECG,2609,-16,0,0,0,0,0
40609,ECG,2610,-26,0,0,0,0,0
40609,ECG,2611,151,0,0,0,0,0
40610,ECG,2612,-753,0,0,0,0,0
40614,ECG,2613,-2109,0,0,0,0,0
40614,ECG,2614,-1850,0,0,0,0,0
40619,ECG,2615,-36,0,0,0,0,0
40619,ECG,2616,3394,0,0,0,0,0
40624,ECG,2617,15156,0,0,0,0,0
40624,ECG,2618,21689,0,0,0,0,0
40629,ECG,2619,27397,0,0,0,0,0
40629,ECG,2620,31311,0,0,0,0,0
40629,ECG,2621,32011,0,0,0,0,0
40634,ECG,2622,31810,0,0,0,0,0
40634,ECG,2623,31610,0,0,0,0,0
40639,ECG,2624,31343,0,0,0,0,0
40639,ECG,2625,31109,0,0,0,0,0
40639,ECG,2626,31019,0,0,0,0,0
40644,ECG,2627,30731,0,0,0,0,0
40644,ECG,2628,30591,0,0,0,0,0
40649,ECG,2629,30395,0,0,0,0,0
40649,ECG,2630,30195,0,0,0,0,0
40649,ECG,2631,30019,0,0,0,0,0
40654,ECG,2632,29827,0,0,0,0,0
40654,ECG,2633,29638,0,0,0,0,0
40659,ECG,2634,29266,0,0,0,0,0
40659,ECG,2635,29082,0,0,0,0,0
40664,ECG,2636,28900,0,0,0,0,0
40664,ECG,2637,28718,0,0,0,0,0
40669,ECG,2638,28358,0,0,0,0,0
40669,ECG,2639,28180,0,0,0,0,0
40674,ECG,2640,28002,0,0,0,0,0
40674,ECG,2641,27826,0,0,0,0,0
40674,ECG,2642,27651,0,0,0,0,0
40679,ECG,2643,27478,0,0,0,0,0
40679,ECG,2644,27305,0,0,0,0,0
40684,ECG,2645,27133,0,0,0,0,0
40684,ECG,2646,26963,0,0,0,0,0
40684,ECG,2647,26793,0,0,0,0,0
40689,ECG,2648,26625,0,0,0,0,0
40689,ECG,2649,26457,0,0,0,0,0
40694,ECG,2650,26291,0,0,0,0,0
40694,ECG,2651,26126,0,0,0,0,0
40694,ECG,2652,25961,0,0,0,0,0
40699,ECG,2653,25798,0,0,0,0,0
40699,ECG,2654,25636,0,0,0,0,0
40704,ECG,2655,25314,0,0,0,0,0
40704,ECG,2656,25155,0,0,0,0,0
40709,ECG,2657,24997,0,0,0,0,0
40709,ECG,2658,24840,0,0,0,0,0
40710,ECG,2659,24683,0,0,0,0,0
40714,ECG,2660,24528,0,0,0,0,0
40714,ECG,2661,24374,0,0,0,0,0
40719,ECG,2662,24221,0,0,0,0,0
40719,ECG,2663,24068,0,0,0,0,0
40724,ECG,2664,23766,0,0,0,0,0
40724,ECG,2665,23617,0,0,0,0,0
40729,ECG,2666,23468,0,0,0,0,0
40729,ECG,2667,23321,0,0,0,0,0
40729,ECG,2668,23174,0,0,0,0,0
40734,ECG,2669,23028,0,0,0,0,0
40734,ECG,2670,22883,0,0,0,0,0
40739,ECG,2671,22739,0,0,0,0,0
40739,ECG,2672,22596,0,0,0,0,0
40739,ECG,2673,22454,0,0,0,0,0
40744,ECG,2674,22313,0,0,0,0,0
40744,ECG,2675,22172,0,0,0,0,0
40749,ECG,2676,22033,0,0,0,0,0
40749,ECG,2677,21894,0,0,0,0,0
40749,ECG,2678,21756,0,0,0,0,0
40754,ECG,2679,21619,0,0,0,0,0
40754,ECG,2680,21483,0,0,0,0,0
40759,ECG,2681,21214,0,0,0,0,0
40759,ECG,2682,21080,0,0,0,0,0
40764,ECG,2683,20948,0,0,0,0,0
40764,ECG,2684,20816,0,0,0,0,0
40769,ECG,2685,20555,0,0,0,0,0
40769,ECG,2686,20425,0,0,0,0,0
40774,ECG,2687,20297,0,0,0,0,0
40774,ECG,2688,20169,0,0,0,0,0
40774,ECG,2689,20042,0,0,0,0,0
40779,ECG,2690,19916,0,0,0,0,0
40779,ECG,2691,19790,0,0,0,0,0
40784,ECG,2692,19666,0,0,0,0,0
40784,ECG,2693,19542,0,0,0,0,0
40784,ECG,2694,19419,0,0,0,0,0
40789,ECG,2695,19297,0,0,0,0,0
40789,ECG,2696,19175,0,0,0,0,0
40794,ECG,2697,19055,0,0,0,0,0
40794,ECG,2698,18935,0,0,0,0,0
40794,ECG,2699,18815,0,0,0,0,0
40799,ECG,2700,18697,0,0,0,0,0
40799,ECG,2701,18579,0,0,0,0,0
40804,ECG,2702,18346,0,0,0,0,0
40804,ECG,2703,18230,0,0,0,0,0
40809,ECG,2704,18116,0,0,0,0,0
40809,ECG,2705,18002,0,0,0,0,0
40810,ECG,2706,17888,0,0,0,0,0
40814,ECG,2707,17775,0,0,0,0,0
40814,ECG,2708,17663,0,0,0,0,0
40819,ECG,2709,17552,0,0,0,0,0
40819,ECG,2710,17442,0,0,0,0,0
40819,ECG,2711,17332,0,0,0,0,0
40824,ECG,2712,17222,0,0,0,0,0
40824,ECG,2713,17114,0,0,0,0,0
40829,ECG,2714,17006,0,0,0,0,0
40829,ECG,2715,16899,0,0,0,0,0
40829,ECG,2716,16792,0,0,0,0,0
40834,ECG,2717,16687,0,0,0,0,0
40834,ECG,2718,16581,0,0,0,0,0
40839,ECG,2719,16477,0,0,0,0,0
40839,ECG,2720,16373,0,0,0,0,0
40839,ECG,2721,16270,0,0,0,0,0
40844,ECG,2722,16167,0,0,0,0,0
40844,ECG,2723,16065,0,0,0,0,0
40849,ECG,2724,15964,0,0,0,0,0
40849,ECG,2725,15864,0,0,0,0,0
40849,ECG,2726,15764,0,0,0,0,0
40854,ECG,2727,15664,0,0,0,0,0
40854,ECG,2728,15566,0,0,0,0,0
40859,ECG,2729,15370,0,0,0,0,0
40859,ECG,2730,15273,0,0,0,0,0
40864,ECG,2731,15177,0,0,0,0,0
40864,ECG,2732,15081,0,0,0,0,0
40869,ECG,2733,14891,0,0,0,0,0
40869,ECG,2734,14797,0,0,0,0,0
40874,ECG,2735,14704,0,0,0,0,0
40874,ECG,2736,14611,0,0,0,0,0
40874,ECG,2737,14519,0,0,0,0,0
40879,ECG,2738,14428,0,0,0,0,0
40879,ECG,2739,14337,0,0,0,0,0
40884,ECG,2740,14246,0,0,0,0,0
40884,ECG,2741,14156,0,0,0,0,0
40884,ECG,2742,14067,0,0,0,0,0
40889,ECG,2743,13978,0,0,0,0,0
40889,ECG,2744,13890,0,0,0,0,0
40894,ECG,2745,13802,0,0,0,0,0
40894,ECG,2746,13715,0,0,0,0,0
40894,ECG,2747,13629,0,0,0,0,0
40899,ECG,2748,13543,0,0,0,0,0
40899,ECG,2749,13457,0,0,0,0,0
40904,ECG,2750,13288,0,0,0,0,0
40904,ECG,2751,13204,0,0,0,0,0
40909,ECG,2752,13121,0,0,0,0,0
40909,ECG,2753,13038,0,0,0,0,0
40910,ECG,2754,12956,0,0,0,0,0
40914,ECG,2755,12874,0,0,0,0,0
40914,ECG,2756,12793,0,0,0,0,0
40919,ECG,2757,12712,0,0,0,0,0
40919,ECG,2758,12632,0,0,0,0,0
40924,ECG,2759,12473,0,0,0,0,0
40924,ECG,2760,12394,0,0,0,0,0
40929,ECG,2761,12316,0,0,0,0,0
40929,ECG,2762,12238,0,0,0,0,0
40929,ECG,2763,12161,0,0,0,0,0
40934,ECG,2764,12084,0,0,0,0,0
40934,ECG,2765,12008,0,0,0,0,0
40939,ECG,2766,11932,0,0,0,0,0
40939,ECG,2767,11857,0,0,0,0,0
40939,ECG,2768,11782,0,0,0,0,0
40944,ECG,2769,11707,0,0,0,0,0
40944,ECG,2770,11633,0,0,0,0,0
40949,ECG,2771,11560,0,0,0,0,0
40949,ECG,2772,11487,0,0,0,0,0
40949,ECG,2773,11414,0,0,0,0,0
40954,ECG,2774,11342,0,0,0,0,0
40954,ECG,2775,11271,0,0,0,0,0
40959,ECG,2776,11129,0,0,0,0,0
40959,ECG,2777,11058,0,0,0,0,0
40964,ECG,2778,10988,0,0,0,0,0
40964,ECG,2779,10919,0,0,0,0,0
40969,ECG,2780,10781,0,0,0,0,0
40969,ECG,2781,10713,0,0,0,0,0
40974,ECG,2782,10645,0,0,0,0,0
40974,ECG,2783,10578,0,0,0,0,0
40974,ECG,2784,10511,0,0,0,0,0
40979,ECG,2785,10445,0,0,0,0,0
40979,ECG,2786,10379,0,0,0,0,0
40984,ECG,2787,10313,0,0,0,0,0
40984,ECG,2788,10248,0,0,0,0,0
40984,ECG,2789,10183,0,0,0,0,0
40989,ECG,2790,10118,0,0,0,0,0
40989,ECG,2791,10054,0,0,0,0,0
40994,ECG,2792,9991,0,0,0,0,0
40994,ECG,2793,9928,0,0,0,0,0
40994,ECG,2794,9865,0,0,0,0,0
40999,ECG,2795,9802,0,0,0,0,0
40999,ECG,2796,9740,0,0,0,0,0
41004,ECG,2797,9617,0,0,0,0,0
41004,ECG,2798,9557,0,0,0,0,0
41009,ECG,2799,9496,0,0,0,0,0
41009,ECG,2800,9436,0,0,0,0,0
41010,ECG,2801,9376,0,0,0,0,0
41014,ECG,2802,9317,0,0,0,0,0
41014,ECG,2803,9258,0,0,0,0,0
41019,ECG,2804,9200,0,0,0,0,0
41019,ECG,2805,9141,0,0,0,0,0
41024,ECG,2806,9026,0,0,0,0,0
41024,ECG,2807,8969,0,0,0,0,0
41029,ECG,2808,8912,0,0,0,0,0
41029,ECG,2809,8855,0,0,0,0,0
41029,ECG,2810,8799,0,0,0,0,0
41034,ECG,2811,8744,0,0,0,0,0
41034,ECG,2812,8688,0,0,0,0,0
41039,ECG,2813,8633,0,0,0,0,0
41039,ECG,2814,8578,0,0,0,0,0
41039,ECG,2815,8524,0,0,0,0,0
41044,ECG,2816,8470,0,0,0,0,0
41044,ECG,2817,8416,0,0,0,0,0
41049,ECG,2818,8363,0,0,0,0,0
41049,ECG,2819,8310,0,0,0,0,0
41049,ECG,2820,8257,0,0,0,0,0
41054,ECG,2821,8205,0,0,0,0,0
41054,ECG,2822,8153,0,0,0,0,0
41059,ECG,2823,8050,0,0,0,0,0
41059,ECG,2824,7999,0,0,0,0,0
41064,ECG,2825,7948,0,0,0,0,0
41064,ECG,2826,7898,0,0,0,0,0
41065,ECG,2827,7848,0,0,0,0,0
41069,ECG,2828,7798,0,0,0,0,0
41069,ECG,2829,7749,0,0,0,0,0
41074,ECG,2830,7699,0,0,0,0,0
41074,ECG,2831,7651,0,0,0,0,0
41079,ECG,2832,7554,0,0,0,0,0
41079,ECG,2833,7506,0,0,0,0,0
41084,ECG,2834,7458,0,0,0,0,0
41084,ECG,2835,7411,0,0,0,0,0
41084,ECG,2836,7364,0,0,0,0,0
41089,ECG,2837,7317,0,0,0,0,0
41089,ECG,2838,7271,0,0,0,0,0
41094,ECG,2839,7224,0,0,0,0,0
41094,ECG,2840,7178,0,0,0,0,0
41094,ECG,2841,7133,0,0,0,0,0
41099,ECG,2842,7088,0,0,0,0,0
41099,ECG,2843,7043,0,0,0,0,0
41104,ECG,2844,6953,0,0,0,0,0
41104,ECG,2845,6909,0,0,0,0,0
41109,ECG,2846,6865,0,0,0,0,0
41109,ECG,2847,6821,0,0,0,0,0
41110,ECG,2848,6778,0,0,0,0,0
41114,ECG,2849,6735,0,0,0,0,0
41114,ECG,2850,6692,0,0,0,0,0
41119,ECG,2851,6650,0,0,0,0,0
41119,ECG,2852,6608,0,0,0,0,0
41124,ECG,2853,6524,0,0,0,0,0
41124,ECG,2854,6482,0,0,0,0,0
41129,ECG,2855,6441,0,0,0,0,0
41129,ECG,2856,6400,0,0,0,0,0
41129,ECG,2857,6359,0,0,0,0,0
41134,ECG,2858,6319,0,0,0,0,0
41134,ECG,2859,6279,0,0,0,0,0
41139,ECG,2860,6239,0,0,0,0,0
41139,ECG,2861,6199,0,0,0,0,0
41139,ECG,2862,6159,0,0,0,0,0
41144,ECG,2863,6120,0,0,0,0,0
41144,ECG,2864,6081,0,0,0,0,0
41149,ECG,2865,6042,0,0,0,0,0
41149,ECG,2866,6004,0,0,0,0,0
41149,ECG,2867,5966,0,0,0,0,0
41154,ECG,2868,5928,0,0,0,0,0
41154,ECG,2869,5890,0,0,0,0,0
41159,ECG,2870,5815,0,0,0,0,0
41159,ECG,2871,5778,0,0,0,0,0
41164,ECG,2872,5741,0,0,0,0,0
41164,ECG,2873,5705,0,0,0,0,0
41165,ECG,2874,5669,0,0,0,0,0
41169,ECG,2875,5632,0,0,0,0,0
41169,ECG,2876,5596,0,0,0,0,0
41174,ECG,2877,5561,0,0,0,0,0
41174,ECG,2878,5525,0,0,0,0,0
41179,ECG,2879,5455,0,0,0,0,0
41179,ECG,2880,5420,0,0,0,0,0
41184,ECG,2881,5386,0,0,0,0,0
41184,ECG,2882,5351,0,0,0,0,0
41184,ECG,2883,5317,0,0,0,0,0
41189,ECG,2884,5283,0,0,0,0,0
41189,ECG,2885,5249,0,0,0,0,0
41194,ECG,2886,5216,0,0,0,0,0
41194,ECG,2887,5183,0,0,0,0,0
41194,ECG,2888,5150,0,0,0,0,0
41199,ECG,2889,5117,0,0,0,0,0
41199,ECG,2890,5084,0,0,0,0,0
41204,ECG,2891,5051,0,0,0,0,0
41204,ECG,2892,5019,0,0,0,0,0
41204,ECG,2893,4987,0,0,0,0,0
41209,ECG,2894,4955,0,0,0,0,0
41209,ECG,2895,4924,0,0,0,0,0
41214,ECG,2896,4861,0,0,0,0,0
41214,ECG,2897,4830,0,0,0,0,0
41219,ECG,2898,4799,0,0,0,0,0
41219,ECG,2899,4768,0,0,0,0,0
41224,ECG,2900,4707,0,0,0,0,0
41224,ECG,2901,4677,0,0,0,0,0
41229,ECG,2902,4647,0,0,0,0,0
41229,ECG,2903,4618,0,0,0,0,0
41229,ECG,2904,4588,0,0,0,0,0
41234,ECG,2905,4559,0,0,0,0,0
41234,ECG,2906,4530,0,0,0,0,0
41239,ECG,2907,4501,0,0,0,0,0
41239,ECG,2908,4472,0,0,0,0,0
41239,ECG,2909,4443,0,0,0,0,0
41244,ECG,2910,4415,0,0,0,0,0
41244,ECG,2911,4386,0,0,0,0,0
41249,ECG,2912,4358,0,0,0,0,0
41249,ECG,2913,4330,0,0,0,0,0
41249,ECG,2914,4303,0,0,0,0,0
41254,ECG,2915,4275,0,0,0,0,0
41254,ECG,2916,4248,0,0,0,0,0
41259,ECG,2917,4193,0,0,0,0,0
41259,ECG,2918,4166,0,0,0,0,0
41264,ECG,2919,4140,0,0,0,0,0
41264,ECG,2920,4113,0,0,0,0,0
41265,ECG,2921,4087,0,0,0,0,0
41269,ECG,2922,4060,0,0,0,0,0
41269,ECG,2923,4034,0,0,0,0,0
41274,ECG,2924,4008,0,0,0,0,0
41274,ECG,2925,3983,0,0,0,0,0
41279,ECG,2926,3932,0,0,0,0,0
41279,ECG,2927,3906,0,0,0,0,0
41284,ECG,2928,3881,0,0,0,0,0
41284,ECG,2929,3856,0,0,0,0,0
41284,ECG,2930,3832,0,0,0,0,0
41289,ECG,2931,3807,0,0,0,0,0
41289,ECG,2932,3782,0,0,0,0,0
41294,ECG,2933,3758,0,0,0,0,0
41294,ECG,2934,3734,0,0,0,0,0
41294,ECG,2935,3710,0,0,0,0,0
41299,ECG,2936,3686,0,0,0,0,0
41299,ECG,2937,3662,0,0,0,0,0
41304,ECG,2938,3639,0,0,0,0,0
41304,ECG,2939,3615,0,0,0,0,0
41304,ECG,2940,3592,0,0,0,0,0
41309,ECG,2941,3569,0,0,0,0,0
41309,ECG,2942,3546,0,0,0,0,0
41314,ECG,2943,3500,0,0,0,0,0
41314,ECG,2944,3478,0,0,0,0,0
41319,ECG,2945,3455,0,0,0,0,0
41319,ECG,2946,3433,0,0,0,0,0
41320,ECG,2947,3411,0,0,0,0,0
41324,ECG,2948,3389,0,0,0,0,0
41324,ECG,2949,3367,0,0,0,0,0
41329,ECG,2950,3345,0,0,0,0,0
41329,ECG,2951,3324,0,0,0,0,0
41334,ECG,2952,3281,0,0,0,0,0
41334,ECG,2953,3260,0,0,0,0,0
41339,ECG,2954,3239,0,0,0,0,0
41339,ECG,2955,3218,0,0,0,0,0
41339,ECG,2956,3197,0,0,0,0,0
41344,ECG,2957,3176,0,0,0,0,0
41344,ECG,2958,3156,0,0,0,0,0
41349,ECG,2959,3135,0,0,0,0,0
41349,ECG,2960,3115,0,0,0,0,0
41349,ECG,2961,3095,0,0,0,0,0
41354,ECG,2962,3075,0,0,0,0,0
41354,ECG,2963,3055,0,0,0,0,0
41359,ECG,2964,3035,0,0,0,0,0
41359,ECG,2965,3015,0,0,0,0,0
41359,ECG,2966,2996,0,0,0,0,0
41364,ECG,2967,2976,0,0,0,0,0
41364,ECG,2968,2957,0,0,0,0,0
41369,ECG,2969,2919,0,0,0,0,0
41369,ECG,2970,2900,0,0,0,0,0
41374,ECG,2971,2881,0,0,0,0,0
41374,ECG,2972,2862,0,0,0,0,0
41379,ECG,2973,2825,0,0,0,0,0
41379,ECG,2974,2807,0,0,0,0,0
41384,ECG,2975,2789,0,0,0,0,0
41384,ECG,2976,2771,0,0,0,0,0
41384,ECG,2977,2753,0,0,0,0,0
41389,ECG,2978,2735,0,0,0,0,0
41389,ECG,2979,2717,0,0,0,0,0
41394,ECG,2980,2700,0,0,0,0,0
41394,ECG,2981,2682,0,0,0,0,0
41394,ECG,2982,2665,0,0,0,0,0
41399,ECG,2983,2647,0,0,0,0,0
41399,ECG,2984,2630,0,0,0,0,0
41404,ECG,2985,2613,0,0,0,0,0
41404,ECG,2986,2596,0,0,0,0,0
41404,ECG,2987,2579,0,0,0,0,0
41409,ECG,2988,2562,0,0,0,0,0
41409,ECG,2989,2546,0,0,0,0,0
41414,ECG,2990,2513,0,0,0,0,0
41414,ECG,2991,2496,0,0,0,0,0
41419,ECG,2992,2480,0,0,0,0,0
41419,ECG,2993,2464,0,0,0,0,0
41420,ECG,2994,2448,0,0,0,0,0
41424,ECG,2995,2432,0,0,0,0,0
41424,ECG,2996,2416,0,0,0,0,0
41429,ECG,2997,2400,0,0,0,0,0
41429,ECG,2998,2385,0,0,0,0,0
41434,ECG,2999,2354,0,0,0,0,0
41434,ECG,3000,2338,0,0,0,0,0
41439,ECG,3001,2323,0,0,0,0,0
41439,ECG,3002,2308,0,0,0,0,0
41439,ECG,3003,2293,0,0,0,0,0
41444,ECG,3004,2278,0,0,0,0,0
41444,ECG,3005,2263,0,0,0,0,0
41449,ECG,3006,2248,0,0,0,0,0
41449,ECG,3007,2233,0,0,0,0,0
41449,ECG,3008,2219,0,0,0,0,0
41454,ECG,3009,2204,0,0,0,0,0
41454,ECG,3010,2190,0,0,0,0,0
41459,ECG,3011,2176,0,0,0,0,0
41459,ECG,3012,2161,0,0,0,0,0
41459,ECG,3013,2147,0,0,0,0,0
41464,ECG,3014,2133,0,0,0,0,0
41464,ECG,3015,2119,0,0,0,0,0
41469,ECG,3016,2091,0,0,0,0,0
41469,ECG,3017,2078,0,0,0,0,0
41474,ECG,3018,2064,0,0,0,0,0
41474,ECG,3019,2050,0,0,0,0,0
41479,ECG,3020,2023,0,0,0,0,0
41479,ECG,3021,2010,0,0,0,0,0
41484,ECG,3022,1997,0,0,0,0,0
41484,ECG,3023,1984,0,0,0,0,0
41484,ECG,3024,1971,0,0,0,0,0
41489,ECG,3025,1958,0,0,0,0,0
41489,ECG,3026,1945,0,0,0,0,0
41494,ECG,3027,1932,0,0,0,0,0
41494,ECG,3028,1919,0,0,0,0,0
41494,ECG,3029,1906,0,0,0,0,0
41499,ECG,3030,1894,0,0,0,0,0
41499,ECG,3031,1881,0,0,0,0,0
41504,ECG,3032,1869,0,0,0,0,0
41504,ECG,3033,1857,0,0,0,0,0
41504,ECG,3034,1844,0,0,0,0,0
41509,ECG,3035,1832,0,0,0,0,0
41509,ECG,3036,1820,0,0,0,0,0
41514,ECG,3037,1796,0,0,0,0,0
41514,ECG,3038,1784,0,0,0,0,0
41519,ECG,3039,1772,0,0,0,0,0
41519,ECG,3040,1761,0,0,0,0,0
41520,ECG,3041,1749,0,0,0,0,0
41524,ECG,3042,1737,0,0,0,0,0
41524,ECG,3043,1726,0,0,0,0,0
41529,ECG,3044,1714,0,0,0,0,0
41529,ECG,3045,1703,0,0,0,0,0
41534,ECG,3046,1681,0,0,0,0,0
41534,ECG,3047,1669,0,0,0,0,0
41539,ECG,3048,1658,0,0,0,0,0
41539,ECG,3049,1647,0,0,0,0,0
41539,ECG,3050,1636,0,0,0,0,0
41544,ECG,3051,1625,0,0,0,0,0
41544,ECG,3052,1615,0,0,0,0,0
41549,ECG,3053,1604,0,0,0,0,0
41549,ECG,3054,1593,0,0,0,0,0
41549,ECG,3055,1583,0,0,0,0,0
41554,ECG,3056,1572,0,0,0,0,0
41554,ECG,3057,1562,0,0,0,0,0
41559,ECG,3058,1551,0,0,0,0,0
41559,ECG,3059,1541,0,0,0,0,0
41559,ECG,3060,1531,0,0,0,0,0
41564,ECG,3061,1520,0,0,0,0,0
41564,ECG,3062,1510,0,0,0,0,0
41569,ECG,3063,1490,0,0,0,0,0
41569,ECG,3064,1480,0,0,0,0,0
41574,ECG,3065,1470,0,0,0,0,0
41574,ECG,3066,1460,0,0,0,0,0
41579,ECG,3067,1441,0,0,0,0,0
41579,ECG,3068,1431,0,0,0,0,0
41584,ECG,3069,1422,0,0,0,0,0
41584,ECG,3070,1412,0,0,0,0,0
41584,ECG,3071,1403,0,0,0,0,0
37104,PPG,100,161349,80667,0,0,0,0
37179,PPG,101,161328,80680,0,0,0,0
37257,PPG,102,161350,80681,0,0,0,0
37336,PPG,103,161342,80690,0,0,0,0
37421,PPG,104,161348,80683,0,0,0,0
37499,PPG,105,161359,80678,0,0,0,0
37575,PPG,106,161354,80682,0,0,0,0
37655,PPG,107,161352,80679,0,0,0,0
37733,PPG,108,161348,80685,0,0,0,0
37814,PPG,109,161346,80686,0,0,0,0
37891,PPG,110,161358,80680,0,0,0,0
37975,PPG,111,161341,80680,0,0,0,0
38052,PPG,112,161347,80681,0,0,0,0
38130,PPG,113,161338,80677,0,0,0,0
38209,PPG,114,161340,80679,0,0,0,0
38289,PPG,115,161344,80685,0,0,0,0
38369,PPG,116,161348,80682,0,0,0,0
38448,PPG,117,161351,80682,0,0,0,0
38531,PPG,118,161352,80675,0,0,0,0
38609,PPG,119,161349,80679,0,0,0,0
38686,PPG,120,161344,80678,0,0,0,0
38765,PPG,121,161342,80678,0,0,0,0
38849,PPG,122,161352,80690,0,0,0,0
38924,PPG,123,161341,80683,0,0,0,0
39007,PPG,124,161351,80679,0,0,0,0
39085,PPG,125,161349,80680,0,0,0,0
39161,PPG,126,161347,80680,0,0,0,0
39241,PPG,127,161346,80684,0,0,0,0
39320,PPG,128,161354,80681,0,0,0,0
39400,PPG,129,161352,80669,0,0,0,0
39479,PPG,130,161352,80687,0,0,0,0
39562,PPG,131,161345,80687,0,0,0,0
39638,PPG,132,161349,80693,0,0,0,0
39723,PPG,133,161338,80677,0,0,0,0
39796,PPG,134,161352,80682,0,0,0,0
39876,PPG,135,161354,80683,0,0,0,0
39955,PPG,136,161356,80674,0,0,0,0
40038,PPG,137,161352,80684,0,0,0,0
40117,PPG,138,161339,80674,0,0,0,0
40194,PPG,139,161344,80675,0,0,0,0
40273,PPG,140,161352,80679,0,0,0,0
40353,PPG,141,161347,80680,0,0,0,0
40432,PPG,142,161354,80695,0,0,0,0
40512,PPG,143,161349,80684,0,0,0,0
40597,PPG,144,161345,80682,0,0,0,0
40673,PPG,145,161330,80691,0,0,0,0
40751,PPG,146,161351,80676,0,0,0,0
40830,PPG,147,161340,80675,0,0,0,0
40909,PPG,148,161336,80675,0,0,0,0
40988,PPG,149,161351,80676,0,0,0,0
41073,PPG,150,161351,80678,0,0,0,0
41153,PPG,151,161354,80672,0,0,0,0
41226,PPG,152,161348,80689,0,0,0,0
41305,PPG,153,161347,80669,0,0,0,0
41384,PPG,154,161344,80682,0,0,0,0
41474,PPG,155,161336,80677,0,0,0,0
41542,PPG,156,161334,80697,0,0,0,0
41628,PPG,157,161349,80672,0,0,0,0
41704,PPG,158,161345,80676,0,0,0,0
41783,PPG,159,161337,80678,0,0,0,0
41861,PPG,160,161338,80682,0,0,0,0
41941,PPG,161,161343,80672,0,0,0,0
42019,PPG,162,161345,80676,0,0,0,0
42099,PPG,163,161353,80677,0,0,0,0
42182,PPG,164,161349,80675,0,0,0,0
42258,PPG,165,161339,80666,0,0,0,0
42339,PPG,166,161357,80676,0,0,0,0
42417,PPG,167,161350,80673,0,0,0,0
42496,PPG,168,161346,80687,0,0,0,0
42576,PPG,169,161350,80673,0,0,0,0
42660,PPG,170,161341,80676,0,0,0,0
42738,PPG,171,161339,80683,0,0,0,0
42814,PPG,172,161346,80692,0,0,0,0
42894,PPG,173,161341,80681,0,0,0,0
42973,PPG,174,161342,80687,0,0,0,0
43052,PPG,175,161345,80677,0,0,0,0
43131,PPG,176,161344,80676,0,0,0,0
43219,PPG,177,161341,80680,0,0,0,0
43291,PPG,178,161356,80688,0,0,0,0
43369,PPG,179,161344,80678,0,0,0,0
43448,PPG,180,161340,80684,0,0,0,0
43528,PPG,181,161353,80679,0,0,0,0
43607,PPG,182,161335,80681,0,0,0,0
43690,PPG,183,161346,80671,0,0,0,0
43768,PPG,184,161357,80674,0,0,0,0
43844,PPG,185,161345,80667,0,0,0,0
43924,PPG,186,161338,80670,0,0,0,0
44003,PPG,187,161338,80673,0,0,0,0
44087,PPG,188,161353,80667,0,0,0,0
44163,PPG,189,161334,80682,0,0,0,0
44246,PPG,190,161340,80690,0,0,0,0
44323,PPG,191,161334,80672,0,0,0,0
44401,PPG,192,161336,80681,0,0,0,0
44481,PPG,193,161347,80679,0,0,0,0
44560,PPG,194,161352,80682,0,0,0,0
44640,PPG,195,161348,80681,0,0,0,0
44719,PPG,196,161335,80677,0,0,0,0
44802,PPG,197,161335,80671,0,0,0,0
44879,PPG,198,161353,80685,0,0,0,0
44962,PPG,199,161335,80682,0,0,0,0
