timestamp_ms,type,seq,v1,v2,v3,v4,v5,v6
17794,META_START,10,16744,0,0,0,0,0
18917,ECG,0,0,0,0,0,0,0
18917,ECG,1,-1,0,0,0,0,0
18917,ECG,2,-6,0,0,0,0,0
18917,ECG,3,2,0,0,0,0,0
18922,ECG,4,6,0,0,0,0,0
18922,ECG,5,-17,0,0,0,0,0
18922,ECG,6,38,0,0,0,0,0
18927,ECG,7,-16,0,0,0,0,0
18927,ECG,8,-26,0,0,0,0,0
18932,ECG,9,151,0,0,0,0,0
18932,ECG,10,-753,0,0,0,0,0
18932,ECG,11,-2109,0,0,0,0,0
18937,ECG,12,-1850,0,0,0,0,0
18937,ECG,13,-36,0,0,0,0,0
18942,ECG,14,8729,0,0,0,0,0
18942,ECG,15,15156,0,0,0,0,0
18947,ECG,16,21689,0,0,0,0,0
18947,ECG,17,27397,0,0,0,0,0
18948,ECG,18,31311,0,0,0,0,0
18952,ECG,19,32011,0,0,0,0,0
18952,ECG,20,31810,0,0,0,0,0
18957,ECG,21,31610,0,0,0,0,0
18957,ECG,22,31343,0,0,0,0,0
18962,ECG,23,31019,0,0,0,0,0
18962,ECG,24,30731,0,0,0,0,0
18967,ECG,25,30591,0,0,0,0,0
18967,ECG,26,30395,0,0,0,0,0
18967,ECG,27,30195,0,0,0,0,0
18972,ECG,28,30019,0,0,0,0,0
18972,ECG,29,29827,0,0,0,0,0
18977,ECG,30,29638,0,0,0,0,0
18977,ECG,31,29451,0,0,0,0,0
18977,ECG,32,29266,0,0,0,0,0
18982,ECG,33,29082,0,0,0,0,0
18982,ECG,34,28900,0,0,0,0,0
18987,ECG,35,28718,0,0,0,0,0
18987,ECG,36,28537,0,0,0,0,0
18987,ECG,37,28358,0,0,0,0,0
18992,ECG,38,28180,0,0,0,0,0
18992,ECG,39,28002,0,0,0,0,0
18997,ECG,40,27651,0,0,0,0,0
18997,ECG,41,27478,0,0,0,0,0
19002,ECG,42,27305,0,0,0,0,0
19002,ECG,43,27133,0,0,0,0,0
19007,ECG,44,26793,0,0,0,0,0
19007,ECG,45,26625,0,0,0,0,0
19012,ECG,46,26457,0,0,0,0,0
19012,ECG,47,26291,0,0,0,0,0
19012,ECG,48,26126,0,0,0,0,0
19017,ECG,49,25961,0,0,0,0,0
19017,ECG,50,25798,0,0,0,0,0
19022,ECG,51,25636,0,0,0,0,0
19022,ECG,52,25475,0,0,0,0,0
19022,ECG,53,25314,0,0,0,0,0
19027,ECG,54,25155,0,0,0,0,0
19027,ECG,55,24997,0,0,0,0,0
19032,ECG,56,24840,0,0,0,0,0
19032,ECG,57,24683,0,0,0,0,0
19032,ECG,58,24528,0,0,0,0,0
19037,ECG,59,24374,0,0,0,0,0
19037,ECG,60,24221,0,0,0,0,0
19042,ECG,61,24068,0,0,0,0,0
19042,ECG,62,23917,0,0,0,0,0
19042,ECG,63,23766,0,0,0,0,0
19047,ECG,64,23617,0,0,0,0,0
19047,ECG,65,23468,0,0,0,0,0
19052,ECG,66,23174,0,0,0,0,0
19052,ECG,67,23028,0,0,0,0,0
19057,ECG,68,22883,0,0,0,0,0
19057,ECG,69,22739,0,0,0,0,0
19062,ECG,70,22454,0,0,0,0,0
19062,ECG,71,22313,0,0,0,0,0
19067,ECG,72,22172,0,0,0,0,0
19067,ECG,73,22033,0,0,0,0,0
19067,ECG,74,21894,0,0,0,0,0
19072,ECG,75,21756,0,0,0,0,0
19072,ECG,76,21619,0,0,0,0,0
19077,ECG,77,21483,0,0,0,0,0
19077,ECG,78,21348,0,0,0,0,0
19077,ECG,79,21214,0,0,0,0,0
19082,ECG,80,21080,0,0,0,0,0
19082,ECG,81,20948,0,0,0,0,0
19087,ECG,82,20816,0,0,0,0,0
19087,ECG,83,20685,0,0,0,0,0
19087,ECG,84,20555,0,0,0,0,0
19092,ECG,85,20425,0,0,0,0,0
19092,ECG,86,20297,0,0,0,0,0
19097,ECG,87,20042,0,0,0,0,0
19097,ECG,88,19916,0,0,0,0,0
19102,ECG,89,19790,0,0,0,0,0
19102,ECG,90,19666,0,0,0,0,0
19103,ECG,91,19542,0,0,0,0,0
19107,ECG,92,19419,0,0,0,0,0
19107,ECG,93,19297,0,0,0,0,0
19112,ECG,94,19175,0,0,0,0,0
19112,ECG,95,19055,0,0,0,0,0
19117,ECG,96,18815,0,0,0,0,0
19117,ECG,97,18697,0,0,0,0,0
19122,ECG,98,18579,0,0,0,0,0
19122,ECG,99,18462,0,0,0,0,0
19122,ECG,100,18346,0,0,0,0,0
19127,ECG,101,18230,0,0,0,0,0
19127,ECG,102,18116,0,0,0,0,0
19132,ECG,103,18002,0,0,0,0,0
19132,ECG,104,17888,0,0,0,0,0
19132,ECG,105,17775,0,0,0,0,0
19137,ECG,106,17663,0,0,0,0,0
19137,ECG,107,17552,0,0,0,0,0
19142,ECG,108,17442,0,0,0,0,0
19142,ECG,109,17332,0,0,0,0,0
19142,ECG,110,17222,0,0,0,0,0
19147,ECG,111,17114,0,0,0,0,0
19147,ECG,112,17006,0,0,0,0,0
19152,ECG,113,16792,0,0,0,0,0
19152,ECG,114,16687,0,0,0,0,0
19157,ECG,115,16581,0,0,0,0,0
19157,ECG,116,16477,0,0,0,0,0
19162,ECG,117,16270,0,0,0,0,0
19162,ECG,118,16167,0,0,0,0,0
19167,ECG,119,16065,0,0,0,0,0
19167,ECG,120,15964,0,0,0,0,0
19167,ECG,121,15864,0,0,0,0,0
19172,ECG,122,15764,0,0,0,0,0
19172,ECG,123,15664,0,0,0,0,0
19177,ECG,124,15566,0,0,0,0,0
19177,ECG,125,15467,0,0,0,0,0
19177,ECG,126,15370,0,0,0,0,0
19182,ECG,127,15273,0,0,0,0,0
19182,ECG,128,15177,0,0,0,0,0
19187,ECG,129,15081,0,0,0,0,0
19187,ECG,130,14986,0,0,0,0,0
19187,ECG,131,14891,0,0,0,0,0
19192,ECG,132,14797,0,0,0,0,0
19192,ECG,133,14704,0,0,0,0,0
19197,ECG,134,14519,0,0,0,0,0
19197,ECG,135,14428,0,0,0,0,0
19202,ECG,136,14337,0,0,0,0,0
19202,ECG,137,14246,0,0,0,0,0
19203,ECG,138,14156,0,0,0,0,0
19207,ECG,139,14067,0,0,0,0,0
19207,ECG,140,13978,0,0,0,0,0
19212,ECG,141,13890,0,0,0,0,0
19212,ECG,142,13802,0,0,0,0,0
19212,ECG,143,13715,0,0,0,0,0
19217,ECG,144,13629,0,0,0,0,0
19217,ECG,145,13543,0,0,0,0,0
19222,ECG,146,13457,0,0,0,0,0
19222,ECG,147,13372,0,0,0,0,0
19222,ECG,148,13288,0,0,0,0,0
19227,ECG,149,13204,0,0,0,0,0
19227,ECG,150,13121,0,0,0,0,0
19232,ECG,151,13038,0,0,0,0,0
19232,ECG,152,12956,0,0,0,0,0
19232,ECG,153,12874,0,0,0,0,0
19237,ECG,154,12793,0,0,0,0,0
19237,ECG,155,12712,0,0,0,0,0
19242,ECG,156,12632,0,0,0,0,0
19242,ECG,157,12552,0,0,0,0,0
19242,ECG,158,12473,0,0,0,0,0
19247,ECG,159,12394,0,0,0,0,0
19247,ECG,160,12316,0,0,0,0,0
19252,ECG,161,12161,0,0,0,0,0
19252,ECG,162,12084,0,0,0,0,0
19257,ECG,163,12008,0,0,0,0,0
19257,ECG,164,11932,0,0,0,0,0
19262,ECG,165,11782,0,0,0,0,0
19262,ECG,166,11707,0,0,0,0,0
19267,ECG,167,11633,0,0,0,0,0
19267,ECG,168,11560,0,0,0,0,0
19267,ECG,169,11487,0,0,0,0,0
19272,ECG,170,11414,0,0,0,0,0
19272,ECG,171,11342,0,0,0,0,0
19277,ECG,172,11271,0,0,0,0,0
19277,ECG,173,11199,0,0,0,0,0
19277,ECG,174,11129,0,0,0,0,0
19282,ECG,175,11058,0,0,0,0,0
19282,ECG,176,10988,0,0,0,0,0
19287,ECG,177,10919,0,0,0,0,0
19287,ECG,178,10850,0,0,0,0,0
19287,ECG,179,10781,0,0,0,0,0
19292,ECG,180,10713,0,0,0,0,0
19292,ECG,181,10645,0,0,0,0,0
19297,ECG,182,10511,0,0,0,0,0
19297,ECG,183,10445,0,0,0,0,0
19303,ECG,184,10379,0,0,0,0,0
19303,ECG,185,10313,0,0,0,0,0
19303,ECG,186,10248,0,0,0,0,0
19307,ECG,187,10183,0,0,0,0,0
19307,ECG,188,10118,0,0,0,0,0
19312,ECG,189,10054,0,0,0,0,0
19312,ECG,190,9991,0,0,0,0,0
19312,ECG,191,9928,0,0,0,0,0
19317,ECG,192,9865,0,0,0,0,0
19317,ECG,193,9802,0,0,0,0,0
19322,ECG,194,9740,0,0,0,0,0
19322,ECG,195,9679,0,0,0,0,0
19322,ECG,196,9617,0,0,0,0,0
19327,ECG,197,9557,0,0,0,0,0
19327,ECG,198,9496,0,0,0,0,0
19332,ECG,199,9436,0,0,0,0,0
19332,ECG,200,9376,0,0,0,0,0
19332,ECG,201,9317,0,0,0,0,0
19337,ECG,202,9258,0,0,0,0,0
19337,ECG,203,9200,0,0,0,0,0
19342,ECG,204,9141,0,0,0,0,0
19342,ECG,205,9083,0,0,0,0,0
19342,ECG,206,9026,0,0,0,0,0
19347,ECG,207,8969,0,0,0,0,0
19347,ECG,208,8912,0,0,0,0,0
19352,ECG,209,8799,0,0,0,0,0
19352,ECG,210,8744,0,0,0,0,0
19357,ECG,211,8688,0,0,0,0,0
19357,ECG,212,8633,0,0,0,0,0
19362,ECG,213,8524,0,0,0,0,0
19362,ECG,214,8470,0,0,0,0,0
19367,ECG,215,8416,0,0,0,0,0
19367,ECG,216,8363,0,0,0,0,0
19367,ECG,217,8310,0,0,0,0,0
19372,ECG,218,8257,0,0,0,0,0
19372,ECG,219,8205,0,0,0,0,0
19377,ECG,220,8153,0,0,0,0,0
19377,ECG,221,8101,0,0,0,0,0
19377,ECG,222,8050,0,0,0,0,0
19382,ECG,223,7999,0,0,0,0,0
19382,ECG,224,7948,0,0,0,0,0
19387,ECG,225,7898,0,0,0,0,0
19387,ECG,226,7848,0,0,0,0,0
19387,ECG,227,7798,0,0,0,0,0
19392,ECG,228,7749,0,0,0,0,0
19392,ECG,229,7699,0,0,0,0,0
19397,ECG,230,7602,0,0,0,0,0
19397,ECG,231,7554,0,0,0,0,0
19402,ECG,232,7506,0,0,0,0,0
19402,ECG,233,7458,0,0,0,0,0
19403,ECG,234,7411,0,0,0,0,0
19407,ECG,235,7364,0,0,0,0,0
19407,ECG,236,7317,0,0,0,0,0
19412,ECG,237,7271,0,0,0,0,0
19412,ECG,238,7224,0,0,0,0,0
19417,ECG,239,7133,0,0,0,0,0
19417,ECG,240,7088,0,0,0,0,0
19422,ECG,241,7043,0,0,0,0,0
19422,ECG,242,6998,0,0,0,0,0
19422,ECG,243,6953,0,0,0,0,0
19427,ECG,244,6909,0,0,0,0,0
19427,ECG,245,6865,0,0,0,0,0
19432,ECG,246,6821,0,0,0,0,0
19432,ECG,247,6778,0,0,0,0,0
19432,ECG,248,6735,0,0,0,0,0
19437,ECG,249,6692,0,0,0,0,0
19437,ECG,250,6650,0,0,0,0,0
19442,ECG,251,6608,0,0,0,0,0
19442,ECG,252,6566,0,0,0,0,0
19442,ECG,253,6524,0,0,0,0,0
19447,ECG,254,6482,0,0,0,0,0
19447,ECG,255,6441,0,0,0,0,0
19452,ECG,256,6359,0,0,0,0,0
19452,ECG,257,6319,0,0,0,0,0
19457,ECG,258,6279,0,0,0,0,0
19457,ECG,259,6239,0,0,0,0,0
19462,ECG,260,6159,0,0,0,0,0
19462,ECG,261,6120,0,0,0,0,0
19467,ECG,262,6081,0,0,0,0,0
19467,ECG,263,6042,0,0,0,0,0
19467,ECG,264,6004,0,0,0,0,0
19472,ECG,265,5966,0,0,0,0,0
19472,ECG,266,5928,0,0,0,0,0
19477,ECG,267,5890,0,0,0,0,0
19477,ECG,268,5852,0,0,0,0,0
19477,ECG,269,5815,0,0,0,0,0
19482,ECG,270,5778,0,0,0,0,0
19482,ECG,271,5741,0,0,0,0,0
19487,ECG,272,5705,0,0,0,0,0
19487,ECG,273,5669,0,0,0,0,0
19487,ECG,274,5632,0,0,0,0,0
19492,ECG,275,5596,0,0,0,0,0
19492,ECG,276,5561,0,0,0,0,0
19497,ECG,277,5525,0,0,0,0,0
19497,ECG,278,5490,0,0,0,0,0
19497,ECG,279,5455,0,0,0,0,0
19502,ECG,280,5420,0,0,0,0,0
19502,ECG,281,5386,0,0,0,0,0
19503,ECG,282,5351,0,0,0,0,0
19507,ECG,283,5317,0,0,0,0,0
19507,ECG,284,5283,0,0,0,0,0
19512,ECG,285,5249,0,0,0,0,0
19512,ECG,286,5216,0,0,0,0,0
19517,ECG,287,5150,0,0,0,0,0
19517,ECG,288,5117,0,0,0,0,0
19522,ECG,289,5084,0,0,0,0,0
19522,ECG,290,5051,0,0,0,0,0
19522,ECG,291,5019,0,0,0,0,0
19527,ECG,292,4987,0,0,0,0,0
19527,ECG,293,4955,0,0,0,0,0
19532,ECG,294,4924,0,0,0,0,0
19532,ECG,295,4892,0,0,0,0,0
19532,ECG,296,4861,0,0,0,0,0
19537,ECG,297,4830,0,0,0,0,0
19537,ECG,298,4799,0,0,0,0,0
19542,ECG,299,4768,0,0,0,0,0
19542,ECG,300,4738,0,0,0,0,0
19542,ECG,301,4707,0,0,0,0,0
19547,ECG,302,4677,0,0,0,0,0
19547,ECG,303,4647,0,0,0,0,0
19552,ECG,304,4588,0,0,0,0,0
19552,ECG,305,4559,0,0,0,0,0
19557,ECG,306,4530,0,0,0,0,0
19557,ECG,307,4501,0,0,0,0,0
19562,ECG,308,4443,0,0,0,0,0
19562,ECG,309,4415,0,0,0,0,0
19567,ECG,310,4386,0,0,0,0,0
19567,ECG,311,4358,0,0,0,0,0
19567,ECG,312,4330,0,0,0,0,0
19572,ECG,313,4303,0,0,0,0,0
19572,ECG,314,4275,0,0,0,0,0
19577,ECG,315,4248,0,0,0,0,0
19577,ECG,316,4220,0,0,0,0,0
19577,ECG,317,4193,0,0,0,0,0
19582,ECG,318,4166,0,0,0,0,0
19582,ECG,319,4140,0,0,0,0,0
19587,ECG,320,4113,0,0,0,0,0
19587,ECG,321,4087,0,0,0,0,0
19587,ECG,322,4060,0,0,0,0,0
19592,ECG,323,4034,0,0,0,0,0
19592,ECG,324,4008,0,0,0,0,0
19597,ECG,325,3957,0,0,0,0,0
19597,ECG,326,3932,0,0,0,0,0
19602,ECG,327,3906,0,0,0,0,0
19602,ECG,328,3881,0,0,0,0,0
19603,ECG,329,3856,0,0,0,0,0
19607,ECG,330,3832,0,0,0,0,0
19607,ECG,331,3807,0,0,0,0,0
19612,ECG,332,3782,0,0,0,0,0
19612,ECG,333,3758,0,0,0,0,0
19612,ECG,334,3734,0,0,0,0,0
19617,ECG,335,3710,0,0,0,0,0
19617,ECG,336,3686,0,0,0,0,0
19622,ECG,337,3662,0,0,0,0,0
19622,ECG,338,3639,0,0,0,0,0
19622,ECG,339,3615,0,0,0,0,0
19627,ECG,340,3592,0,0,0,0,0
19627,ECG,341,3569,0,0,0,0,0
19632,ECG,342,3546,0,0,0,0,0
19632,ECG,343,3523,0,0,0,0,0
19632,ECG,344,3500,0,0,0,0,0
19637,ECG,345,3478,0,0,0,0,0
19637,ECG,346,3455,0,0,0,0,0
19642,ECG,347,3433,0,0,0,0,0
19642,ECG,348,3411,0,0,0,0,0
19642,ECG,349,3389,0,0,0,0,0
19647,ECG,350,3367,0,0,0,0,0
19647,ECG,351,3345,0,0,0,0,0
19652,ECG,352,3302,0,0,0,0,0
19652,ECG,353,3281,0,0,0,0,0
19657,ECG,354,3260,0,0,0,0,0
19657,ECG,355,3239,0,0,0,0,0
19662,ECG,356,3197,0,0,0,0,0
19662,ECG,357,3176,0,0,0,0,0
19667,ECG,358,3156,0,0,0,0,0
19667,ECG,359,3135,0,0,0,0,0
19667,ECG,360,3115,0,0,0,0,0
19672,ECG,361,3095,0,0,0,0,0
19672,ECG,362,3075,0,0,0,0,0
19677,ECG,363,3055,0,0,0,0,0
19677,ECG,364,3035,0,0,0,0,0
19677,ECG,365,3015,0,0,0,0,0
19682,ECG,366,2996,0,0,0,0,0
19682,ECG,367,2976,0,0,0,0,0
19687,ECG,368,2957,0,0,0,0,0
19687,ECG,369,2938,0,0,0,0,0
19687,ECG,370,2919,0,0,0,0,0
19692,ECG,371,2900,0,0,0,0,0
19692,ECG,372,2881,0,0,0,0,0
19697,ECG,373,2844,0,0,0,0,0
19697,ECG,374,2825,0,0,0,0,0
19702,ECG,375,2807,0,0,0,0,0
19702,ECG,376,2789,0,0,0,0,0
19703,ECG,377,2771,0,0,0,0,0
19707,ECG,378,2753,0,0,0,0,0
19707,ECG,379,2735,0,0,0,0,0
19712,ECG,380,2717,0,0,0,0,0
19712,ECG,381,2700,0,0,0,0,0
19717,ECG,382,2665,0,0,0,0,0
19717,ECG,383,2647,0,0,0,0,0
19722,ECG,384,2630,0,0,0,0,0
19722,ECG,385,2613,0,0,0,0,0
19722,ECG,386,2596,0,0,0,0,0
19727,ECG,387,2579,0,0,0,0,0
19727,ECG,388,2562,0,0,0,0,0
19732,ECG,389,2546,0,0,0,0,0
19732,ECG,390,2529,0,0,0,0,0
19732,ECG,391,2513,0,0,0,0,0
19737,ECG,392,2496,0,0,0,0,0
19737,ECG,393,2480,0,0,0,0,0
19742,ECG,394,2464,0,0,0,0,0
19742,ECG,395,2448,0,0,0,0,0
19742,ECG,396,2432,0,0,0,0,0
19747,ECG,397,2416,0,0,0,0,0
19747,ECG,398,2400,0,0,0,0,0
19752,ECG,399,2369,0,0,0,0,0
19752,ECG,400,2354,0,0,0,0,0
19757,ECG,401,2338,0,0,0,0,0
19757,ECG,402,2323,0,0,0,0,0
19762,ECG,403,2293,0,0,0,0,0
19762,ECG,404,2278,0,0,0,0,0
19767,ECG,405,2263,0,0,0,0,0
19767,ECG,406,2248,0,0,0,0,0
19767,ECG,407,2233,0,0,0,0,0
19772,ECG,408,2219,0,0,0,0,0
19772,ECG,409,2204,0,0,0,0,0
19777,ECG,410,2190,0,0,0,0,0
19777,ECG,411,2176,0,0,0,0,0
19777,ECG,412,2161,0,0,0,0,0
19782,ECG,413,2147,0,0,0,0,0
19782,ECG,414,2133,0,0,0,0,0
19787,ECG,415,2119,0,0,0,0,0
19787,ECG,416,2105,0,0,0,0,0
19787,ECG,417,2091,0,0,0,0,0
19792,ECG,418,2078,0,0,0,0,0
19792,ECG,419,2064,0,0,0,0,0
19797,ECG,420,2050,0,0,0,0,0
19797,ECG,421,2037,0,0,0,0,0
19797,ECG,422,2023,0,0,0,0,0
19802,ECG,423,2010,0,0,0,0,0
19802,ECG,424,1997,0,0,0,0,0
19807,ECG,425,1971,0,0,0,0,0
19807,ECG,426,1958,0,0,0,0,0
19812,ECG,427,1945,0,0,0,0,0
19812,ECG,428,1932,0,0,0,0,0
19817,ECG,429,1906,0,0,0,0,0
19817,ECG,430,1894,0,0,0,0,0
19822,ECG,431,1881,0,0,0,0,0
19822,ECG,432,1869,0,0,0,0,0
19822,ECG,433,1857,0,0,0,0,0
19827,ECG,434,1844,0,0,0,0,0
19827,ECG,435,1832,0,0,0,0,0
19832,ECG,436,1820,0,0,0,0,0
19832,ECG,437,1808,0,0,0,0,0
19832,ECG,438,1796,0,0,0,0,0
19837,ECG,439,1784,0,0,0,0,0
19837,ECG,440,1772,0,0,0,0,0
19842,ECG,441,1761,0,0,0,0,0
19842,ECG,442,1749,0,0,0,0,0
19842,ECG,443,1737,0,0,0,0,0
19847,ECG,444,1726,0,0,0,0,0
19847,ECG,445,1714,0,0,0,0,0
19852,ECG,446,1692,0,0,0,0,0
19852,ECG,447,1681,0,0,0,0,0
19857,ECG,448,1669,0,0,0,0,0
19857,ECG,449,1658,0,0,0,0,0
19858,ECG,450,1647,0,0,0,0,0
19862,ECG,451,1636,0,0,0,0,0
19862,ECG,452,1625,0,0,0,0,0
19867,ECG,453,1615,0,0,0,0,0
19867,ECG,454,1604,0,0,0,0,0
19867,ECG,455,1593,0,0,0,0,0
19872,ECG,456,1583,0,0,0,0,0
19872,ECG,457,1572,0,0,0,0,0
19877,ECG,458,1562,0,0,0,0,0
19877,ECG,459,1551,0,0,0,0,0
19877,ECG,460,1541,0,0,0,0,0
19882,ECG,461,1531,0,0,0,0,0
19882,ECG,462,1520,0,0,0,0,0
19887,ECG,463,1510,0,0,0,0,0
19887,ECG,464,1500,0,0,0,0,0
19887,ECG,465,1490,0,0,0,0,0
19892,ECG,466,1480,0,0,0,0,0
19892,ECG,467,1470,0,0,0,0,0
19897,ECG,468,1460,0,0,0,0,0
19897,ECG,469,1451,0,0,0,0,0
19897,ECG,470,1441,0,0,0,0,0
19902,ECG,471,1431,0,0,0,0,0
19902,ECG,472,1422,0,0,0,0,0
19909,ECG,473,1403,0,0,0,0,0
19909,ECG,474,1393,0,0,0,0,0
19909,ECG,475,1384,0,0,0,0,0
19914,ECG,476,1375,0,0,0,0,0
19914,ECG,477,1365,0,0,0,0,0
19919,ECG,478,1347,0,0,0,0,0
19919,ECG,479,1338,0,0,0,0,0
19924,ECG,480,1329,0,0,0,0,0
19924,ECG,481,1320,0,0,0,0,0
19924,ECG,482,1311,0,0,0,0,0
19929,ECG,483,1302,0,0,0,0,0
19929,ECG,484,1294,0,0,0,0,0
19934,ECG,485,1285,0,0,0,0,0
19934,ECG,486,1276,0,0,0,0,0
19934,ECG,487,1268,0,0,0,0,0
19939,ECG,488,1259,0,0,0,0,0
19939,ECG,489,1251,0,0,0,0,0
19944,ECG,490,1242,0,0,0,0,0
19944,ECG,491,1234,0,0,0,0,0
19944,ECG,492,1225,0,0,0,0,0
19949,ECG,493,1217,0,0,0,0,0
19949,ECG,494,1209,0,0,0,0,0
19954,ECG,495,1201,0,0,0,0,0
19954,ECG,496,1192,0,0,0,0,0
19954,ECG,497,1184,0,0,0,0,0
19959,ECG,498,1176,0,0,0,0,0
19959,ECG,499,1168,0,0,0,0,0
19960,ECG,500,1160,0,0,0,0,0
19964,ECG,501,1152,0,0,0,0,0
19964,ECG,502,1145,0,0,0,0,0
19969,ECG,503,1137,0,0,0,0,0
19969,ECG,504,1129,0,0,0,0,0
19974,ECG,505,1114,0,0,0,0,0
19974,ECG,506,1106,0,0,0,0,0
19979,ECG,507,1099,0,0,0,0,0
19979,ECG,508,1091,0,0,0,0,0
19979,ECG,509,1084,0,0,0,0,0
19984,ECG,510,1076,0,0,0,0,0
19984,ECG,511,1069,0,0,0,0,0
19989,ECG,512,1062,0,0,0,0,0
19989,ECG,513,1054,0,0,0,0,0
19989,ECG,514,1047,0,0,0,0,0
19994,ECG,515,1040,0,0,0,0,0
19994,ECG,516,1033,0,0,0,0,0
19999,ECG,517,1026,0,0,0,0,0
19999,ECG,518,1019,0,0,0,0,0
19999,ECG,519,1012,0,0,0,0,0
20004,ECG,520,1005,0,0,0,0,0
20004,ECG,521,998,0,0,0,0,0
20009,ECG,522,984,0,0,0,0,0
20009,ECG,523,977,0,0,0,0,0
21016,ECG,524,0,0,0,0,0,0
21016,ECG,525,-1,0,0,0,0,0
21016,ECG,526,-6,0,0,0,0,0
21021,ECG,527,2,0,0,0,0,0
21021,ECG,528,6,0,0,0,0,0
21026,ECG,529,38,0,0,0,0,0
21026,ECG,530,-16,0,0,0,0,0
21031,ECG,531,-26,0,0,0,0,0
21031,ECG,532,151,0,0,0,0,0
21036,ECG,533,-2109,0,0,0,0,0
21036,ECG,534,-1850,0,0,0,0,0
21041,ECG,535,-36,0,0,0,0,0
21041,ECG,536,3394,0,0,0,0,0
21041,ECG,537,8729,0,0,0,0,0
21046,ECG,538,15156,0,0,0,0,0
21046,ECG,539,21689,0,0,0,0,0
21051,ECG,540,27397,0,0,0,0,0
21051,ECG,541,31311,0,0,0,0,0
21051,ECG,542,32011,0,0,0,0,0
21056,ECG,543,31810,0,0,0,0,0
21056,ECG,544,31610,0,0,0,0,0
21061,ECG,545,31343,0,0,0,0,0
21061,ECG,546,31109,0,0,0,0,0
21061,ECG,547,31019,0,0,0,0,0
21066,ECG,548,30731,0,0,0,0,0
21066,ECG,549,30591,0,0,0,0,0
21071,ECG,550,30395,0,0,0,0,0
21071,ECG,551,30195,0,0,0,0,0
21071,ECG,552,30019,0,0,0,0,0
21076,ECG,553,29827,0,0,0,0,0
21076,ECG,554,29638,0,0,0,0,0
21081,ECG,555,29266,0,0,0,0,0
21081,ECG,556,29082,0,0,0,0,0
21086,ECG,557,28900,0,0,0,0,0
21086,ECG,558,28718,0,0,0,0,0
21091,ECG,559,28358,0,0,0,0,0
21091,ECG,560,28180,0,0,0,0,0
21096,ECG,561,28002,0,0,0,0,0
21096,ECG,562,27826,0,0,0,0,0
21096,ECG,563,27651,0,0,0,0,0
21101,ECG,564,27478,0,0,0,0,0
21101,ECG,565,27305,0,0,0,0,0
21106,ECG,566,27133,0,0,0,0,0
21106,ECG,567,26963,0,0,0,0,0
21106,ECG,568,26793,0,0,0,0,0
21111,ECG,569,26625,0,0,0,0,0
21111,ECG,570,26457,0,0,0,0,0
21116,ECG,571,26291,0,0,0,0,0
21116,ECG,572,26126,0,0,0,0,0
21116,ECG,573,25961,0,0,0,0,0
21121,ECG,574,25798,0,0,0,0,0
21121,ECG,575,25636,0,0,0,0,0
21126,ECG,576,25314,0,0,0,0,0
21126,ECG,577,25155,0,0,0,0,0
21131,ECG,578,24997,0,0,0,0,0
21131,ECG,579,24840,0,0,0,0,0
21136,ECG,580,24528,0,0,0,0,0
21136,ECG,581,24374,0,0,0,0,0
21141,ECG,582,24221,0,0,0,0,0
21141,ECG,583,24068,0,0,0,0,0
21141,ECG,584,23917,0,0,0,0,0
21146,ECG,585,23766,0,0,0,0,0
21146,ECG,586,23617,0,0,0,0,0
21151,ECG,587,23468,0,0,0,0,0
21151,ECG,588,23321,0,0,0,0,0
21151,ECG,589,23174,0,0,0,0,0
21156,ECG,590,23028,0,0,0,0,0
21156,ECG,591,22883,0,0,0,0,0
21161,ECG,592,22739,0,0,0,0,0
21161,ECG,593,22596,0,0,0,0,0
21161,ECG,594,22454,0,0,0,0,0
21166,ECG,595,22313,0,0,0,0,0
21166,ECG,596,22172,0,0,0,0,0
21171,ECG,597,22033,0,0,0,0,0
21171,ECG,598,21894,0,0,0,0,0
21171,ECG,599,21756,0,0,0,0,0
21176,ECG,600,21619,0,0,0,0,0
21176,ECG,601,21483,0,0,0,0,0
21181,ECG,602,21214,0,0,0,0,0
21181,ECG,603,21080,0,0,0,0,0
21186,ECG,604,20948,0,0,0,0,0
21186,ECG,605,20816,0,0,0,0,0
21191,ECG,606,20555,0,0,0,0,0
21191,ECG,607,20425,0,0,0,0,0
21196,ECG,608,20297,0,0,0,0,0
21196,ECG,609,20169,0,0,0,0,0
21196,ECG,610,20042,0,0,0,0,0
21201,ECG,611,19916,0,0,0,0,0
21201,ECG,612,19790,0,0,0,0,0
21206,ECG,613,19666,0,0,0,0,0
21206,ECG,614,19542,0,0,0,0,0
21206,ECG,615,19419,0,0,0,0,0
21211,ECG,616,19297,0,0,0,0,0
21211,ECG,617,19175,0,0,0,0,0
21216,ECG,618,19055,0,0,0,0,0
21216,ECG,619,18935,0,0,0,0,0
21216,ECG,620,18815,0,0,0,0,0
21221,ECG,621,18697,0,0,0,0,0
21221,ECG,622,18579,0,0,0,0,0
21226,ECG,623,18346,0,0,0,0,0
21226,ECG,624,18230,0,0,0,0,0
21231,ECG,625,18116,0,0,0,0,0
21231,ECG,626,18002,0,0,0,0,0
21232,ECG,627,17888,0,0,0,0,0
21236,ECG,628,17775,0,0,0,0,0
21236,ECG,629,17663,0,0,0,0,0
21241,ECG,630,17552,0,0,0,0,0
21241,ECG,631,17442,0,0,0,0,0
21246,ECG,632,17222,0,0,0,0,0
21246,ECG,633,17114,0,0,0,0,0
21251,ECG,634,17006,0,0,0,0,0
21251,ECG,635,16899,0,0,0,0,0
21251,ECG,636,16792,0,0,0,0,0
21256,ECG,637,16687,0,0,0,0,0
21256,ECG,638,16581,0,0,0,0,0
21261,ECG,639,16477,0,0,0,0,0
21261,ECG,640,16373,0,0,0,0,0
21261,ECG,641,16270,0,0,0,0,0
21266,ECG,642,16167,0,0,0,0,0
21266,ECG,643,16065,0,0,0,0,0
21271,ECG,644,15964,0,0,0,0,0
21271,ECG,645,15864,0,0,0,0,0
21271,ECG,646,15764,0,0,0,0,0
21276,ECG,647,15664,0,0,0,0,0
21276,ECG,648,15566,0,0,0,0,0
21281,ECG,649,15370,0,0,0,0,0
21281,ECG,650,15273,0,0,0,0,0
21286,ECG,651,15177,0,0,0,0,0
21286,ECG,652,15081,0,0,0,0,0
21287,ECG,653,14986,0,0,0,0,0
21291,ECG,654,14891,0,0,0,0,0
21291,ECG,655,14797,0,0,0,0,0
21296,ECG,656,14704,0,0,0,0,0
21296,ECG,657,14611,0,0,0,0,0
21301,ECG,658,14428,0,0,0,0,0
21301,ECG,659,14337,0,0,0,0,0
21306,ECG,660,14246,0,0,0,0,0
21306,ECG,661,14156,0,0,0,0,0
21306,ECG,662,14067,0,0,0,0,0
21311,ECG,663,13978,0,0,0,0,0
21311,ECG,664,13890,0,0,0,0,0
21316,ECG,665,13802,0,0,0,0,0
21316,ECG,666,13715,0,0,0,0,0
21316,ECG,667,13629,0,0,0,0,0
21321,ECG,668,13543,0,0,0,0,0
21321,ECG,669,13457,0,0,0,0,0
21326,ECG,670,13372,0,0,0,0,0
21326,ECG,671,13288,0,0,0,0,0
21326,ECG,672,13204,0,0,0,0,0
21331,ECG,673,13121,0,0,0,0,0
21331,ECG,674,13038,0,0,0,0,0
21332,ECG,675,12956,0,0,0,0,0
21336,ECG,676,12874,0,0,0,0,0
21336,ECG,677,12793,0,0,0,0,0
21341,ECG,678,12712,0,0,0,0,0
21341,ECG,679,12632,0,0,0,0,0
21346,ECG,680,12473,0,0,0,0,0
21346,ECG,681,12394,0,0,0,0,0
21351,ECG,682,12316,0,0,0,0,0
21351,ECG,683,12238,0,0,0,0,0
21351,ECG,684,12161,0,0,0,0,0
21356,ECG,685,12084,0,0,0,0,0
21356,ECG,686,12008,0,0,0,0,0
21361,ECG,687,11932,0,0,0,0,0
21361,ECG,688,11857,0,0,0,0,0
21361,ECG,689,11782,0,0,0,0,0
21366,ECG,690,11707,0,0,0,0,0
21366,ECG,691,11633,0,0,0,0,0
21371,ECG,692,11560,0,0,0,0,0
21371,ECG,693,11487,0,0,0,0,0
21371,ECG,694,11414,0,0,0,0,0
21376,ECG,695,11342,0,0,0,0,0
21376,ECG,696,11271,0,0,0,0,0
21381,ECG,697,11129,0,0,0,0,0
21381,ECG,698,11058,0,0,0,0,0
21386,ECG,699,10988,0,0,0,0,0
21386,ECG,700,10919,0,0,0,0,0
21387,ECG,701,10850,0,0,0,0,0
21391,ECG,702,10781,0,0,0,0,0
21391,ECG,703,10713,0,0,0,0,0
21396,ECG,704,10645,0,0,0,0,0
21396,ECG,705,10578,0,0,0,0,0
21396,ECG,706,10511,0,0,0,0,0
21401,ECG,707,10445,0,0,0,0,0
21401,ECG,708,10379,0,0,0,0,0
21406,ECG,709,10313,0,0,0,0,0
21406,ECG,710,10248,0,0,0,0,0
21406,ECG,711,10183,0,0,0,0,0
21411,ECG,712,10118,0,0,0,0,0
21411,ECG,713,10054,0,0,0,0,0
21416,ECG,714,9991,0,0,0,0,0
21416,ECG,715,9928,0,0,0,0,0
21416,ECG,716,9865,0,0,0,0,0
21421,ECG,717,9802,0,0,0,0,0
21421,ECG,718,9740,0,0,0,0,0
21426,ECG,719,9679,0,0,0,0,0
21426,ECG,720,9617,0,0,0,0,0
21426,ECG,721,9557,0,0,0,0,0
21431,ECG,722,9496,0,0,0,0,0
21431,ECG,723,9436,0,0,0,0,0
21436,ECG,724,9317,0,0,0,0,0
21436,ECG,725,9258,0,0,0,0,0
21441,ECG,726,9200,0,0,0,0,0
21441,ECG,727,9141,0,0,0,0,0
21446,ECG,728,9026,0,0,0,0,0
21446,ECG,729,8969,0,0,0,0,0
21451,ECG,730,8912,0,0,0,0,0
21451,ECG,731,8855,0,0,0,0,0
21451,ECG,732,8799,0,0,0,0,0
21456,ECG,733,8744,0,0,0,0,0
21456,ECG,734,8688,0,0,0,0,0
21461,ECG,735,8633,0,0,0,0,0
21461,ECG,736,8578,0,0,0,0,0
21461,ECG,737,8524,0,0,0,0,0
21466,ECG,738,8470,0,0,0,0,0
21466,ECG,739,8416,0,0,0,0,0
21471,ECG,740,8363,0,0,0,0,0
21471,ECG,741,8310,0,0,0,0,0
21471,ECG,742,8257,0,0,0,0,0
21476,ECG,743,8205,0,0,0,0,0
21476,ECG,744,8153,0,0,0,0,0
21481,ECG,745,8050,0,0,0,0,0
21481,ECG,746,7999,0,0,0,0,0
21486,ECG,747,7948,0,0,0,0,0
21486,ECG,748,7898,0,0,0,0,0
21487,ECG,749,7848,0,0,0,0,0
21491,ECG,750,7798,0,0,0,0,0
21491,ECG,751,7749,0,0,0,0,0
21496,ECG,752,7699,0,0,0,0,0
21496,ECG,753,7651,0,0,0,0,0
21501,ECG,754,7554,0,0,0,0,0
21501,ECG,755,7506,0,0,0,0,0
21506,ECG,756,7458,0,0,0,0,0
21506,ECG,757,7411,0,0,0,0,0
21506,ECG,758,7364,0,0,0,0,0
21511,ECG,759,7317,0,0,0,0,0
21511,ECG,760,7271,0,0,0,0,0
21516,ECG,761,7224,0,0,0,0,0
21516,ECG,762,7178,0,0,0,0,0
21516,ECG,763,7133,0,0,0,0,0
21521,ECG,764,7088,0,0,0,0,0
21521,ECG,765,7043,0,0,0,0,0
21526,ECG,766,6998,0,0,0,0,0
21526,ECG,767,6953,0,0,0,0,0
21526,ECG,768,6909,0,0,0,0,0
21531,ECG,769,6865,0,0,0,0,0
21531,ECG,770,6821,0,0,0,0,0
21536,ECG,771,6735,0,0,0,0,0
21536,ECG,772,6692,0,0,0,0,0
21541,ECG,773,6650,0,0,0,0,0
21541,ECG,774,6608,0,0,0,0,0
21542,ECG,775,6566,0,0,0,0,0
21546,ECG,776,6524,0,0,0,0,0
21546,ECG,777,6482,0,0,0,0,0
21551,ECG,778,6441,0,0,0,0,0
21551,ECG,779,6400,0,0,0,0,0
21551,ECG,780,6359,0,0,0,0,0
21556,ECG,781,6319,0,0,0,0,0
21556,ECG,782,6279,0,0,0,0,0
21561,ECG,783,6239,0,0,0,0,0
21561,ECG,784,6199,0,0,0,0,0
21561,ECG,785,6159,0,0,0,0,0
21566,ECG,786,6120,0,0,0,0,0
21566,ECG,787,6081,0,0,0,0,0
21571,ECG,788,6042,0,0,0,0,0
21571,ECG,789,6004,0,0,0,0,0
21571,ECG,790,5966,0,0,0,0,0
21576,ECG,791,5928,0,0,0,0,0
21576,ECG,792,5890,0,0,0,0,0
21581,ECG,793,5815,0,0,0,0,0
21581,ECG,794,5778,0,0,0,0,0
21586,ECG,795,5741,0,0,0,0,0
21586,ECG,796,5705,0,0,0,0,0
21587,ECG,797,5669,0,0,0,0,0
21591,ECG,798,5632,0,0,0,0,0
21591,ECG,799,5596,0,0,0,0,0
21596,ECG,800,5561,0,0,0,0,0
21596,ECG,801,5525,0,0,0,0,0
21601,ECG,802,5455,0,0,0,0,0
21601,ECG,803,5420,0,0,0,0,0
21606,ECG,804,5386,0,0,0,0,0
21606,ECG,805,5351,0,0,0,0,0
21606,ECG,806,5317,0,0,0,0,0
21611,ECG,807,5283,0,0,0,0,0
21611,ECG,808,5249,0,0,0,0,0
21616,ECG,809,5216,0,0,0,0,0
21616,ECG,810,5183,0,0,0,0,0
21616,ECG,811,5150,0,0,0,0,0
21621,ECG,812,5117,0,0,0,0,0
21621,ECG,813,5084,0,0,0,0,0
21626,ECG,814,5051,0,0,0,0,0
21626,ECG,815,5019,0,0,0,0,0
21626,ECG,816,4987,0,0,0,0,0
21631,ECG,817,4955,0,0,0,0,0
21631,ECG,818,4924,0,0,0,0,0
21636,ECG,819,4861,0,0,0,0,0
21636,ECG,820,4830,0,0,0,0,0
21641,ECG,821,4799,0,0,0,0,0
21641,ECG,822,4768,0,0,0,0,0
21646,ECG,823,4707,0,0,0,0,0
21646,ECG,824,4677,0,0,0,0,0
21651,ECG,825,4647,0,0,0,0,0
21651,ECG,826,4618,0,0,0,0,0
21651,ECG,827,4588,0,0,0,0,0
21656,ECG,828,4559,0,0,0,0,0
21656,ECG,829,4530,0,0,0,0,0
21661,ECG,830,4501,0,0,0,0,0
21661,ECG,831,4472,0,0,0,0,0
21661,ECG,832,4443,0,0,0,0,0
21666,ECG,833,4415,0,0,0,0,0
21666,ECG,834,4386,0,0,0,0,0
21671,ECG,835,4358,0,0,0,0,0
21671,ECG,836,4330,0,0,0,0,0
21671,ECG,837,4303,0,0,0,0,0
21676,ECG,838,4275,0,0,0,0,0
21676,ECG,839,4248,0,0,0,0,0
21681,ECG,840,4220,0,0,0,0,0
21681,ECG,841,4193,0,0,0,0,0
21681,ECG,842,4166,0,0,0,0,0
21686,ECG,843,4140,0,0,0,0,0
21686,ECG,844,4113,0,0,0,0,0
21691,ECG,845,4060,0,0,0,0,0
21691,ECG,846,4034,0,0,0,0,0
21696,ECG,847,4008,0,0,0,0,0
21696,ECG,848,3983,0,0,0,0,0
21701,ECG,849,3932,0,0,0,0,0
21701,ECG,850,3906,0,0,0,0,0
21706,ECG,851,3881,0,0,0,0,0
21706,ECG,852,3856,0,0,0,0,0
21706,ECG,853,3832,0,0,0,0,0
21711,ECG,854,3807,0,0,0,0,0
21711,ECG,855,3782,0,0,0,0,0
21716,ECG,856,3758,0,0,0,0,0
21716,ECG,857,3734,0,0,0,0,0
21716,ECG,858,3710,0,0,0,0,0
21721,ECG,859,3686,0,0,0,0,0
21721,ECG,860,3662,0,0,0,0,0
21726,ECG,861,3639,0,0,0,0,0
21726,ECG,862,3615,0,0,0,0,0
21726,ECG,863,3592,0,0,0,0,0
21731,ECG,864,3569,0,0,0,0,0
21731,ECG,865,3546,0,0,0,0,0
21736,ECG,866,3500,0,0,0,0,0
21736,ECG,867,3478,0,0,0,0,0
21741,ECG,868,3455,0,0,0,0,0
21741,ECG,869,3433,0,0,0,0,0
21742,ECG,870,3411,0,0,0,0,0
21746,ECG,871,3389,0,0,0,0,0
21746,ECG,872,3367,0,0,0,0,0
21751,ECG,873,3345,0,0,0,0,0
21751,ECG,874,3324,0,0,0,0,0
21756,ECG,875,3281,0,0,0,0,0
21756,ECG,876,3260,0,0,0,0,0
21761,ECG,877,3239,0,0,0,0,0
21761,ECG,878,3218,0,0,0,0,0
21761,ECG,879,3197,0,0,0,0,0
21766,ECG,880,3176,0,0,0,0,0
21766,ECG,881,3156,0,0,0,0,0
21771,ECG,882,3135,0,0,0,0,0
21771,ECG,883,3115,0,0,0,0,0
21771,ECG,884,3095,0,0,0,0,0
21776,ECG,885,3075,0,0,0,0,0
21776,ECG,886,3055,0,0,0,0,0
21781,ECG,887,3015,0,0,0,0,0
21781,ECG,888,2996,0,0,0,0,0
21786,ECG,889,2976,0,0,0,0,0
21786,ECG,890,2957,0,0,0,0,0
21787,ECG,891,2938,0,0,0,0,0
21791,ECG,892,2919,0,0,0,0,0
21791,ECG,893,2900,0,0,0,0,0
21796,ECG,894,2881,0,0,0,0,0
21796,ECG,895,2862,0,0,0,0,0
21801,ECG,896,2825,0,0,0,0,0
21801,ECG,897,2807,0,0,0,0,0
21806,ECG,898,2789,0,0,0,0,0
21806,ECG,899,2771,0,0,0,0,0
21806,ECG,900,2753,0,0,0,0,0
21811,ECG,901,2735,0,0,0,0,0
21811,ECG,902,2717,0,0,0,0,0
21816,ECG,903,2700,0,0,0,0,0
21816,ECG,904,2682,0,0,0,0,0
21816,ECG,905,2665,0,0,0,0,0
21821,ECG,906,2647,0,0,0,0,0
21821,ECG,907,2630,0,0,0,0,0
21826,ECG,908,2613,0,0,0,0,0
21826,ECG,909,2596,0,0,0,0,0
21826,ECG,910,2579,0,0,0,0,0
21831,ECG,911,2562,0,0,0,0,0
21831,ECG,912,2546,0,0,0,0,0
21836,ECG,913,2513,0,0,0,0,0
21836,ECG,914,2496,0,0,0,0,0
21841,ECG,915,2480,0,0,0,0,0
21841,ECG,916,2464,0,0,0,0,0
21842,ECG,917,2448,0,0,0,0,0
21846,ECG,918,2432,0,0,0,0,0
21846,ECG,919,2416,0,0,0,0,0
21851,ECG,920,2400,0,0,0,0,0
21851,ECG,921,2385,0,0,0,0,0
21856,ECG,922,2354,0,0,0,0,0
21856,ECG,923,2338,0,0,0,0,0
21861,ECG,924,2323,0,0,0,0,0
21861,ECG,925,2308,0,0,0,0,0
21861,ECG,926,2293,0,0,0,0,0
21866,ECG,927,2278,0,0,0,0,0
21866,ECG,928,2263,0,0,0,0,0
21871,ECG,929,2248,0,0,0,0,0
21871,ECG,930,2233,0,0,0,0,0
21871,ECG,931,2219,0,0,0,0,0
21876,ECG,932,2204,0,0,0,0,0
21876,ECG,933,2190,0,0,0,0,0
21881,ECG,934,2176,0,0,0,0,0
21881,ECG,935,2161,0,0,0,0,0
21881,ECG,936,2147,0,0,0,0,0
21886,ECG,937,2133,0,0,0,0,0
21886,ECG,938,2119,0,0,0,0,0
21891,ECG,939,2091,0,0,0,0,0
21891,ECG,940,2078,0,0,0,0,0
21896,ECG,941,2064,0,0,0,0,0
21896,ECG,942,2050,0,0,0,0,0
21897,ECG,943,2037,0,0,0,0,0
21901,ECG,944,2023,0,0,0,0,0
21901,ECG,945,2010,0,0,0,0,0
21906,ECG,946,1997,0,0,0,0,0
21906,ECG,947,1984,0,0,0,0,0
21911,ECG,948,1958,0,0,0,0,0
21911,ECG,949,1945,0,0,0,0,0
21916,ECG,950,1932,0,0,0,0,0
21916,ECG,951,1919,0,0,0,0,0
21916,ECG,952,1906,0,0,0,0,0
21921,ECG,953,1894,0,0,0,0,0
21921,ECG,954,1881,0,0,0,0,0
21926,ECG,955,1869,0,0,0,0,0
21926,ECG,956,1857,0,0,0,0,0
21926,ECG,957,1844,0,0,0,0,0
21931,ECG,958,1832,0,0,0,0,0
21931,ECG,959,1820,0,0,0,0,0
21936,ECG,960,1808,0,0,0,0,0
21936,ECG,961,1796,0,0,0,0,0
21936,ECG,962,1784,0,0,0,0,0
21941,ECG,963,1772,0,0,0,0,0
21941,ECG,964,1761,0,0,0,0,0
21946,ECG,965,1737,0,0,0,0,0
21946,ECG,966,1726,0,0,0,0,0
21951,ECG,967,1714,0,0,0,0,0
21951,ECG,968,1703,0,0,0,0,0
21956,ECG,969,1681,0,0,0,0,0
21956,ECG,970,1669,0,0,0,0,0
21961,ECG,971,1658,0,0,0,0,0
21961,ECG,972,1647,0,0,0,0,0
21961,ECG,973,1636,0,0,0,0,0
21966,ECG,974,1625,0,0,0,0,0
21966,ECG,975,1615,0,0,0,0,0
21971,ECG,976,1604,0,0,0,0,0
21971,ECG,977,1593,0,0,0,0,0
21971,ECG,978,1583,0,0,0,0,0
21976,ECG,979,1572,0,0,0,0,0
21976,ECG,980,1562,0,0,0,0,0
21981,ECG,981,1551,0,0,0,0,0
21981,ECG,982,1541,0,0,0,0,0
21981,ECG,983,1531,0,0,0,0,0
21986,ECG,984,1520,0,0,0,0,0
21986,ECG,985,1510,0,0,0,0,0
21991,ECG,986,1490,0,0,0,0,0
21991,ECG,987,1480,0,0,0,0,0
21996,ECG,988,1470,0,0,0,0,0
21996,ECG,989,1460,0,0,0,0,0
21997,ECG,990,1451,0,0,0,0,0
22001,ECG,991,1441,0,0,0,0,0
22001,ECG,992,1431,0,0,0,0,0
22006,ECG,993,1422,0,0,0,0,0
22006,ECG,994,1412,0,0,0,0,0
22011,ECG,995,1393,0,0,0,0,0
22011,ECG,996,1384,0,0,0,0,0
22016,ECG,997,1375,0,0,0,0,0
22016,ECG,998,1365,0,0,0,0,0
22016,ECG,999,1356,0,0,0,0,0
22021,ECG,1000,1347,0,0,0,0,0
22021,ECG,1001,1338,0,0,0,0,0
22026,ECG,1002,1329,0,0,0,0,0
22026,ECG,1003,1320,0,0,0,0,0
22026,ECG,1004,1311,0,0,0,0,0
22031,ECG,1005,1302,0,0,0,0,0
22031,ECG,1006,1294,0,0,0,0,0
22036,ECG,1007,1285,0,0,0,0,0
22036,ECG,1008,1276,0,0,0,0,0
22036,ECG,1009,1268,0,0,0,0,0
22041,ECG,1010,1259,0,0,0,0,0
22041,ECG,1011,1251,0,0,0,0,0
22046,ECG,1012,1234,0,0,0,0,0
22046,ECG,1013,1225,0,0,0,0,0
22051,ECG,1014,1217,0,0,0,0,0
22051,ECG,1015,1209,0,0,0,0,0
22056,ECG,1016,1192,0,0,0,0,0
22056,ECG,1017,1184,0,0,0,0,0
22061,ECG,1018,1176,0,0,0,0,0
22061,ECG,1019,1168,0,0,0,0,0
22061,ECG,1020,1160,0,0,0,0,0
22066,ECG,1021,1152,0,0,0,0,0
22066,ECG,1022,1145,0,0,0,0,0
22071,ECG,1023,1137,0,0,0,0,0
18934,IMU,0,1568,56,8432,-99,58,38
18939,IMU,1,1640,-44,8368,-92,50,49
18956,IMU,2,1488,24,8452,-79,40,36
18975,IMU,3,1524,36,8384,-71,53,44
18994,IMU,4,1524,-68,8380,-67,53,41
19013,IMU,5,1520,56,8420,-78,58,46
19032,IMU,6,1472,12,8300,-89,57,54
19051,IMU,7,1548,16,8292,-96,46,40
19070,IMU,8,1476,-12,8372,-88,67,52
19089,IMU,9,1576,4,8384,-88,48,53
19109,IMU,10,1500,36,8376,-65,57,26
19127,IMU,11,1552,44,8288,-90,51,54
19146,IMU,12,1548,40,8312,-82,61,64
19166,IMU,13,1520,-8,8396,-95,52,38
19185,IMU,14,1520,-24,8336,-88,69,34
19204,IMU,15,1552,-88,8432,-66,62,37
19223,IMU,16,1484,-64,8380,-82,58,37
19241,IMU,17,1520,-8,8524,-74,56,23
19261,IMU,18,1468,48,8496,-83,63,63
19280,IMU,19,1460,-68,8336,-73,46,46
19299,IMU,20,1524,-64,8344,-79,65,37
19318,IMU,21,1492,-44,8364,-92,55,45
19337,IMU,22,1496,24,8476,-88,49,47
19356,IMU,23,1520,16,8400,-72,75,43
19375,IMU,24,1592,12,8412,-100,60,56
19395,IMU,25,1496,8,8368,-94,66,46
19414,IMU,26,1492,-8,8424,-81,77,40
19433,IMU,27,1556,4,8396,-102,64,40
19451,IMU,28,1472,20,8408,-100,61,46
19471,IMU,29,1576,-104,8384,-96,75,49
19492,IMU,30,1552,32,8408,-88,37,33
19509,IMU,31,1504,-64,8416,-68,64,44
19528,IMU,32,1456,-16,8372,-98,61,46
19547,IMU,33,1524,-152,8384,-77,73,39
19566,IMU,34,1584,-92,8404,-83,61,34
19585,IMU,35,1572,-4,8440,-72,60,32
19605,IMU,36,1448,64,8348,-70,56,48
19624,IMU,37,1488,-72,8344,-86,69,47
19642,IMU,38,1632,-88,8328,-98,55,53
19661,IMU,39,1548,-52,8432,-77,75,28
19681,IMU,40,1496,-8,8332,-105,55,41
19700,IMU,41,1560,-104,8336,-59,40,48
19719,IMU,42,1460,-60,8392,-80,49,43
19738,IMU,43,1444,-36,8408,-77,62,45
19757,IMU,44,1576,-8,8324,-89,68,57
19776,IMU,45,1520,0,8400,-69,48,40
19795,IMU,46,1596,-28,8440,-83,63,32
19814,IMU,47,1552,-68,8320,-78,60,64
19834,IMU,48,1436,-48,8424,-78,54,39
19852,IMU,49,1504,-60,8340,-91,68,42
19871,IMU,50,1540,-96,8364,-82,59,29
19891,IMU,51,1504,-68,8440,-70,43,48
19913,IMU,52,1448,-40,8328,-84,67,41
19928,IMU,53,1524,-72,8432,-68,52,35
19948,IMU,54,1544,-64,8400,-98,53,42
19967,IMU,55,1496,-44,8416,-76,47,30
19986,IMU,56,1544,-4,8364,-90,68,29
20005,IMU,57,1608,-48,8372,-62,58,38
20024,IMU,58,1524,4,8408,-81,54,40
20043,IMU,59,1528,-20,8360,-83,46,46
20062,IMU,60,1632,-116,8344,-67,63,43
20081,IMU,61,1540,8,8380,-71,66,46
20100,IMU,62,1428,-92,8440,-74,58,48
20120,IMU,63,1592,20,8324,-89,55,49
20141,IMU,64,1556,-60,8336,-74,53,35
20158,IMU,65,1428,64,8408,-89,55,40
20177,IMU,66,1596,44,8352,-76,65,47
20196,IMU,67,1552,-52,8316,-92,61,47
20215,IMU,68,1400,-152,8352,-73,73,38
20235,IMU,69,1476,16,8428,-81,54,47
20254,IMU,70,1476,-12,8376,-99,63,46
20273,IMU,71,1484,-116,8364,-88,64,42
20292,IMU,72,1524,-56,8344,-88,50,52
20311,IMU,73,1436,-4,8360,-84,58,21
20330,IMU,74,1444,-32,8360,-92,46,29
20353,IMU,75,1508,-36,8448,-98,45,53
20369,IMU,76,1432,-140,8416,-82,64,51
20388,IMU,77,1528,28,8480,-81,66,31
20407,IMU,78,1532,28,8404,-91,64,46
20426,IMU,79,1552,-20,8376,-73,59,61
20445,IMU,80,1512,84,8352,-100,52,45
20464,IMU,81,1536,24,8408,-74,70,41
20484,IMU,82,1512,8,8380,-86,68,37
20503,IMU,83,1460,-36,8332,-85,54,38
20523,IMU,84,1556,4,8432,-75,50,60
20541,IMU,85,1520,20,8408,-90,59,42
20560,IMU,86,1512,4,8460,-83,66,45
20582,IMU,87,1576,-40,8444,-105,46,31
20599,IMU,88,1448,24,8452,-93,58,33
20618,IMU,89,1476,72,8436,-81,53,42
20637,IMU,90,1480,-24,8272,-63,46,42
20656,IMU,91,1564,24,8296,-94,54,41
20675,IMU,92,1564,32,8400,-88,36,44
20694,IMU,93,1468,-32,8452,-85,61,40
20714,IMU,94,1512,-48,8408,-81,54,42
20733,IMU,95,1460,32,8416,-76,60,37
20752,IMU,96,1524,-8,8416,-79,50,35
20771,IMU,97,1516,8,8372,-66,56,52
20793,IMU,98,1556,-40,8368,-94,59,29
20809,IMU,99,1512,-80,8432,-92,52,41
20828,IMU,100,1540,-108,8360,-73,60,43
20848,IMU,101,1512,-96,8340,-90,55,25
20867,IMU,102,1476,-12,8280,-101,63,42
20886,IMU,103,1640,-16,8356,-76,65,35
20905,IMU,104,1496,-20,8396,-86,64,51
20924,IMU,105,1584,-88,8472,-85,56,33
20943,IMU,106,1520,-32,8428,-84,60,52
20963,IMU,107,1504,-20,8376,-85,46,42
20982,IMU,108,1580,-96,8420,-85,56,44
21001,IMU,109,1540,-40,8404,-89,58,38
21022,IMU,110,1580,12,8440,-85,70,34
21039,IMU,111,1532,-64,8340,-85,56,52
21059,IMU,112,1472,32,8392,-85,54,48
21080,IMU,113,1484,-40,8300,-84,46,41
21097,IMU,114,1484,8,8372,-92,58,51
21115,IMU,115,1560,0,8428,-87,73,55
21135,IMU,116,1468,16,8372,-83,54,45
21154,IMU,117,1548,0,8380,-88,68,41
21173,IMU,118,1476,-68,8444,-82,55,59
21192,IMU,119,1628,52,8452,-82,53,46
21211,IMU,120,1556,28,8448,-77,55,51
21232,IMU,121,1496,40,8372,-84,60,37
21249,IMU,122,1476,-92,8300,-73,56,47
21269,IMU,123,1584,-40,8308,-82,43,34
21288,IMU,124,1488,-24,8380,-99,55,48
21307,IMU,125,1532,-76,8308,-75,66,40
21325,IMU,126,1544,24,8356,-87,66,40
21345,IMU,127,1488,-32,8340,-82,53,40
21364,IMU,128,1508,-56,8372,-75,74,33
21383,IMU,129,1564,-40,8348,-75,58,49
21402,IMU,130,1532,28,8392,-93,64,26
21421,IMU,131,1568,0,8340,-92,61,44
21442,IMU,132,1544,-96,8416,-80,63,59
21460,IMU,133,1500,-8,8440,-72,56,55
21479,IMU,134,1576,-4,8384,-67,46,24
21498,IMU,135,1480,52,8416,-80,46,36
21517,IMU,136,1476,8,8324,-90,66,45
21535,IMU,137,1524,-40,8392,-101,59,48
21555,IMU,138,1508,-88,8376,-88,42,40
21574,IMU,139,1516,48,8404,-76,57,43
21593,IMU,140,1536,-52,8384,-87,71,41
21612,IMU,141,1508,-28,8300,-86,58,52
21631,IMU,142,1596,-12,8432,-79,71,40
21650,IMU,143,1552,-68,8376,-77,64,38
21672,IMU,144,1472,20,8432,-74,67,36
21688,IMU,145,1400,-108,8352,-82,46,37
21708,IMU,146,1600,12,8344,-82,53,39
21727,IMU,147,1576,-16,8280,-72,66,55
21746,IMU,148,1444,-52,8308,-93,49,40
21765,IMU,149,1444,-64,8388,-65,57,41
21784,IMU,150,1548,-8,8376,-89,55,57
21803,IMU,151,1632,0,8384,-70,63,46
21822,IMU,152,1504,-88,8468,-87,59,55
21841,IMU,153,1628,-76,8304,-73,63,59
21860,IMU,154,1448,24,8376,-64,55,48
21883,IMU,155,1540,20,8360,-89,51,44
21899,IMU,156,1512,32,8256,-88,51,53
21918,IMU,157,1504,-72,8416,-70,55,37
21936,IMU,158,1584,92,8424,-92,52,51
21955,IMU,159,1576,4,8328,-79,61,59
21975,IMU,160,1448,-20,8404,-100,40,54
21994,IMU,161,1592,-60,8344,-74,79,34
22013,IMU,162,1580,-16,8468,-91,46,45
22032,IMU,163,1472,-40,8344,-62,68,48
22051,IMU,164,1420,16,8440,-74,66,46
22070,IMU,165,1488,-92,8264,-83,66,46
22089,IMU,166,1460,0,8284,-73,61,47
22110,IMU,167,1560,-72,8384,-77,44,37
22127,IMU,168,1496,-44,8292,-75,58,31
22146,IMU,169,1616,-60,8432,-75,61,35
22165,IMU,170,1644,-128,8368,-81,53,38
22184,IMU,171,1392,-60,8352,-83,71,29
22203,IMU,172,1440,48,8412,-80,63,33
22223,IMU,173,1480,-36,8388,-70,54,47
22242,IMU,174,1548,16,8368,-89,61,42
22261,IMU,175,1472,-104,8336,-97,52,52
22280,IMU,176,1408,-56,8376,-100,64,63
22299,IMU,177,1452,-76,8424,-79,85,19
22321,IMU,178,1576,-44,8316,-104,69,54
22338,IMU,179,1516,-20,8368,-71,64,41
22357,IMU,180,1536,-48,8356,-85,68,41
22376,IMU,181,1636,-28,8352,-83,66,46
22395,IMU,182,1548,-88,8340,-78,49,46
22414,IMU,183,1456,40,8380,-84,63,49
22433,IMU,184,1540,-60,8404,-88,54,48
22452,IMU,185,1520,-136,8436,-80,66,36
22472,IMU,186,1416,-48,8332,-76,67,30
22491,IMU,187,1516,-28,8356,-98,58,40
22510,IMU,188,1524,-20,8456,-68,46,27
22529,IMU,189,1552,-20,8400,-82,50,45
22548,IMU,190,1484,-12,8384,-95,64,48
22567,IMU,191,1532,-188,8320,-75,45,58
22587,IMU,192,1532,-84,8396,-72,57,39
22606,IMU,193,1424,-68,8412,-94,58,29
22625,IMU,194,1468,-4,8408,-69,54,44
22644,IMU,195,1496,24,8380,-84,51,44
22663,IMU,196,1476,-68,8372,-85,81,38
22682,IMU,197,1560,-56,8380,-83,59,45
22702,IMU,198,1552,-28,8428,-72,59,54
22721,IMU,199,1548,32,8300,-101,61,47
22740,IMU,200,1540,-28,8336,-89,53,38
22762,IMU,201,1620,92,8352,-112,59,56
22778,IMU,202,1592,-12,8376,-82,68,44
22797,IMU,203,1428,-100,8280,-81,67,45
22816,IMU,204,1564,8,8308,-72,45,42
22836,IMU,205,1564,16,8424,-97,57,57
22855,IMU,206,1504,0,8328,-84,59,38
22874,IMU,207,1468,48,8364,-60,56,31
22071,ECG,1024,1129,0,0,0,0,0
22071,ECG,1025,1121,0,0,0,0,0
22076,ECG,1026,1114,0,0,0,0,0
22076,ECG,1027,1106,0,0,0,0,0
22081,ECG,1028,1099,0,0,0,0,0
22081,ECG,1029,1091,0,0,0,0,0
22081,ECG,1030,1084,0,0,0,0,0
22086,ECG,1031,1076,0,0,0,0,0
22086,ECG,1032,1069,0,0,0,0,0
22091,ECG,1033,1054,0,0,0,0,0
22091,ECG,1034,1047,0,0,0,0,0
22096,ECG,1035,1040,0,0,0,0,0
22096,ECG,1036,1033,0,0,0,0,0
22097,ECG,1037,1026,0,0,0,0,0
22101,ECG,1038,1019,0,0,0,0,0
22101,ECG,1039,1012,0,0,0,0,0
22106,ECG,1040,1005,0,0,0,0,0
22106,ECG,1041,998,0,0,0,0,0
22106,ECG,1042,991,0,0,0,0,0
22111,ECG,1043,984,0,0,0,0,0
22111,ECG,1044,977,0,0,0,0,0
22116,ECG,1045,970,0,0,0,0,0
22116,ECG,1046,964,0,0,0,0,0
22116,ECG,1047,957,0,0,0,0,0
22121,ECG,1048,950,0,0,0,0,0
22121,ECG,1049,944,0,0,0,0,0
22126,ECG,1050,937,0,0,0,0,0
22126,ECG,1051,931,0,0,0,0,0
22126,ECG,1052,924,0,0,0,0,0
22131,ECG,1053,918,0,0,0,0,0
22131,ECG,1054,911,0,0,0,0,0
22136,ECG,1055,905,0,0,0,0,0
22136,ECG,1056,899,0,0,0,0,0
22136,ECG,1057,893,0,0,0,0,0
23143,ECG,1058,0,0,0,0,0,0
23143,ECG,1059,-1,0,0,0,0,0
23143,ECG,1060,-6,0,0,0,0,0
23148,ECG,1061,2,0,0,0,0,0
23148,ECG,1062,6,0,0,0,0,0
23153,ECG,1063,38,0,0,0,0,0
23153,ECG,1064,-16,0,0,0,0,0
23158,ECG,1065,-26,0,0,0,0,0
23158,ECG,1066,151,0,0,0,0,0
23159,ECG,1067,-753,0,0,0,0,0
23163,ECG,1068,-2109,0,0,0,0,0
23163,ECG,1069,-1850,0,0,0,0,0
23168,ECG,1070,-36,0,0,0,0,0
23168,ECG,1071,3394,0,0,0,0,0
23173,ECG,1072,15156,0,0,0,0,0
23173,ECG,1073,21689,0,0,0,0,0
23178,ECG,1074,27397,0,0,0,0,0
23178,ECG,1075,31311,0,0,0,0,0
23178,ECG,1076,32011,0,0,0,0,0
23183,ECG,1077,31810,0,0,0,0,0
23183,ECG,1078,31610,0,0,0,0,0
23188,ECG,1079,31343,0,0,0,0,0
23188,ECG,1080,31109,0,0,0,0,0
23188,ECG,1081,31019,0,0,0,0,0
23193,ECG,1082,30731,0,0,0,0,0
23193,ECG,1083,30591,0,0,0,0,0
23198,ECG,1084,30395,0,0,0,0,0
23198,ECG,1085,30195,0,0,0,0,0
23198,ECG,1086,30019,0,0,0,0,0
23203,ECG,1087,29827,0,0,0,0,0
23203,ECG,1088,29638,0,0,0,0,0
23208,ECG,1089,29266,0,0,0,0,0
23208,ECG,1090,29082,0,0,0,0,0
23213,ECG,1091,28900,0,0,0,0,0
23213,ECG,1092,28718,0,0,0,0,0
23218,ECG,1093,28358,0,0,0,0,0
23218,ECG,1094,28180,0,0,0,0,0
23223,ECG,1095,28002,0,0,0,0,0
23223,ECG,1096,27826,0,0,0,0,0
23223,ECG,1097,27651,0,0,0,0,0
23228,ECG,1098,27478,0,0,0,0,0
23228,ECG,1099,27305,0,0,0,0,0
23233,ECG,1100,27133,0,0,0,0,0
23233,ECG,1101,26963,0,0,0,0,0
23233,ECG,1102,26793,0,0,0,0,0
23238,ECG,1103,26625,0,0,0,0,0
23238,ECG,1104,26457,0,0,0,0,0
23243,ECG,1105,26291,0,0,0,0,0
23243,ECG,1106,26126,0,0,0,0,0
23243,ECG,1107,25961,0,0,0,0,0
23248,ECG,1108,25798,0,0,0,0,0
23248,ECG,1109,25636,0,0,0,0,0
23253,ECG,1110,25475,0,0,0,0,0
23253,ECG,1111,25314,0,0,0,0,0
23253,ECG,1112,25155,0,0,0,0,0
23258,ECG,1113,24997,0,0,0,0,0
23258,ECG,1114,24840,0,0,0,0,0
23259,ECG,1115,24683,0,0,0,0,0
23263,ECG,1116,24528,0,0,0,0,0
23263,ECG,1117,24374,0,0,0,0,0
23268,ECG,1118,24221,0,0,0,0,0
23268,ECG,1119,24068,0,0,0,0,0
23273,ECG,1120,23766,0,0,0,0,0
23273,ECG,1121,23617,0,0,0,0,0
23278,ECG,1122,23468,0,0,0,0,0
23278,ECG,1123,23321,0,0,0,0,0
23278,ECG,1124,23174,0,0,0,0,0
23283,ECG,1125,23028,0,0,0,0,0
23283,ECG,1126,22883,0,0,0,0,0
23288,ECG,1127,22739,0,0,0,0,0
23288,ECG,1128,22596,0,0,0,0,0
23288,ECG,1129,22454,0,0,0,0,0
23293,ECG,1130,22313,0,0,0,0,0
23293,ECG,1131,22172,0,0,0,0,0
23298,ECG,1132,22033,0,0,0,0,0
23298,ECG,1133,21894,0,0,0,0,0
23298,ECG,1134,21756,0,0,0,0,0
23303,ECG,1135,21619,0,0,0,0,0
23303,ECG,1136,21483,0,0,0,0,0
23308,ECG,1137,21214,0,0,0,0,0
23308,ECG,1138,21080,0,0,0,0,0
23313,ECG,1139,20948,0,0,0,0,0
23313,ECG,1140,20816,0,0,0,0,0
23318,ECG,1141,20555,0,0,0,0,0
23318,ECG,1142,20425,0,0,0,0,0
23323,ECG,1143,20297,0,0,0,0,0
23323,ECG,1144,20169,0,0,0,0,0
23323,ECG,1145,20042,0,0,0,0,0
23328,ECG,1146,19916,0,0,0,0,0
23328,ECG,1147,19790,0,0,0,0,0
23333,ECG,1148,19666,0,0,0,0,0
23333,ECG,1149,19542,0,0,0,0,0
23333,ECG,1150,19419,0,0,0,0,0
23338,ECG,1151,19297,0,0,0,0,0
23338,ECG,1152,19175,0,0,0,0,0
23344,ECG,1153,19055,0,0,0,0,0
23344,ECG,1154,18935,0,0,0,0,0
23344,ECG,1155,18815,0,0,0,0,0
23349,ECG,1156,18697,0,0,0,0,0
23349,ECG,1157,18579,0,0,0,0,0
23349,ECG,1158,18462,0,0,0,0,0
23354,ECG,1159,18346,0,0,0,0,0
23354,ECG,1160,18230,0,0,0,0,0
23359,ECG,1161,18002,0,0,0,0,0
23359,ECG,1162,17888,0,0,0,0,0
23364,ECG,1163,17775,0,0,0,0,0
23364,ECG,1164,17663,0,0,0,0,0
23369,ECG,1165,17442,0,0,0,0,0
23369,ECG,1166,17332,0,0,0,0,0
23374,ECG,1167,17222,0,0,0,0,0
23374,ECG,1168,17114,0,0,0,0,0
23374,ECG,1169,17006,0,0,0,0,0
23379,ECG,1170,16899,0,0,0,0,0
23379,ECG,1171,16792,0,0,0,0,0
23384,ECG,1172,16687,0,0,0,0,0
23384,ECG,1173,16581,0,0,0,0,0
23384,ECG,1174,16477,0,0,0,0,0
23389,ECG,1175,16373,0,0,0,0,0
23389,ECG,1176,16270,0,0,0,0,0
23394,ECG,1177,16167,0,0,0,0,0
23394,ECG,1178,16065,0,0,0,0,0
23394,ECG,1179,15964,0,0,0,0,0
23399,ECG,1180,15864,0,0,0,0,0
23399,ECG,1181,15764,0,0,0,0,0
23404,ECG,1182,15566,0,0,0,0,0
23404,ECG,1183,15467,0,0,0,0,0
23409,ECG,1184,15370,0,0,0,0,0
23409,ECG,1185,15273,0,0,0,0,0
23410,ECG,1186,15177,0,0,0,0,0
23414,ECG,1187,15081,0,0,0,0,0
23414,ECG,1188,14986,0,0,0,0,0
23419,ECG,1189,14891,0,0,0,0,0
23419,ECG,1190,14797,0,0,0,0,0
23419,ECG,1191,14704,0,0,0,0,0
23424,ECG,1192,14611,0,0,0,0,0
23424,ECG,1193,14519,0,0,0,0,0
23429,ECG,1194,14428,0,0,0,0,0
23429,ECG,1195,14337,0,0,0,0,0
23429,ECG,1196,14246,0,0,0,0,0
23434,ECG,1197,14156,0,0,0,0,0
23434,ECG,1198,14067,0,0,0,0,0
23439,ECG,1199,13978,0,0,0,0,0
23439,ECG,1200,13890,0,0,0,0,0
23439,ECG,1201,13802,0,0,0,0,0
23444,ECG,1202,13715,0,0,0,0,0
23444,ECG,1203,13629,0,0,0,0,0
23449,ECG,1204,13543,0,0,0,0,0
23449,ECG,1205,13457,0,0,0,0,0
23449,ECG,1206,13372,0,0,0,0,0
23454,ECG,1207,13288,0,0,0,0,0
23454,ECG,1208,13204,0,0,0,0,0
23459,ECG,1209,13038,0,0,0,0,0
23459,ECG,1210,12956,0,0,0,0,0
23464,ECG,1211,12874,0,0,0,0,0
23464,ECG,1212,12793,0,0,0,0,0
23469,ECG,1213,12632,0,0,0,0,0
23469,ECG,1214,12552,0,0,0,0,0
23474,ECG,1215,12473,0,0,0,0,0
23474,ECG,1216,12394,0,0,0,0,0
23474,ECG,1217,12316,0,0,0,0,0
23479,ECG,1218,12238,0,0,0,0,0
23479,ECG,1219,12161,0,0,0,0,0
23484,ECG,1220,12084,0,0,0,0,0
23484,ECG,1221,12008,0,0,0,0,0
23484,ECG,1222,11932,0,0,0,0,0
23489,ECG,1223,11857,0,0,0,0,0
23489,ECG,1224,11782,0,0,0,0,0
23494,ECG,1225,11707,0,0,0,0,0
23494,ECG,1226,11633,0,0,0,0,0
23494,ECG,1227,11560,0,0,0,0,0
23499,ECG,1228,11487,0,0,0,0,0
23499,ECG,1229,11414,0,0,0,0,0
23504,ECG,1230,11271,0,0,0,0,0
23504,ECG,1231,11199,0,0,0,0,0
23509,ECG,1232,11129,0,0,0,0,0
23509,ECG,1233,11058,0,0,0,0,0
23510,ECG,1234,10988,0,0,0,0,0
23514,ECG,1235,10919,0,0,0,0,0
23514,ECG,1236,10850,0,0,0,0,0
23519,ECG,1237,10781,0,0,0,0,0
23519,ECG,1238,10713,0,0,0,0,0
23524,ECG,1239,10578,0,0,0,0,0
23524,ECG,1240,10511,0,0,0,0,0
23529,ECG,1241,10445,0,0,0,0,0
23529,ECG,1242,10379,0,0,0,0,0
23529,ECG,1243,10313,0,0,0,0,0
23534,ECG,1244,10248,0,0,0,0,0
23534,ECG,1245,10183,0,0,0,0,0
23539,ECG,1246,10118,0,0,0,0,0
23539,ECG,1247,10054,0,0,0,0,0
23539,ECG,1248,9991,0,0,0,0,0
23544,ECG,1249,9928,0,0,0,0,0
23544,ECG,1250,9865,0,0,0,0,0
23549,ECG,1251,9802,0,0,0,0,0
23549,ECG,1252,9740,0,0,0,0,0
23549,ECG,1253,9679,0,0,0,0,0
23554,ECG,1254,9617,0,0,0,0,0
23554,ECG,1255,9557,0,0,0,0,0
23559,ECG,1256,9436,0,0,0,0,0
23559,ECG,1257,9376,0,0,0,0,0
23564,ECG,1258,9317,0,0,0,0,0
23564,ECG,1259,9258,0,0,0,0,0
23569,ECG,1260,9141,0,0,0,0,0
23569,ECG,1261,9083,0,0,0,0,0
23574,ECG,1262,9026,0,0,0,0,0
23574,ECG,1263,8969,0,0,0,0,0
23574,ECG,1264,8912,0,0,0,0,0
23579,ECG,1265,8855,0,0,0,0,0
23579,ECG,1266,8799,0,0,0,0,0
23584,ECG,1267,8744,0,0,0,0,0
23584,ECG,1268,8688,0,0,0,0,0
23584,ECG,1269,8633,0,0,0,0,0
23589,ECG,1270,8578,0,0,0,0,0
23589,ECG,1271,8524,0,0,0,0,0
23594,ECG,1272,8470,0,0,0,0,0
23594,ECG,1273,8416,0,0,0,0,0
23594,ECG,1274,8363,0,0,0,0,0
23599,ECG,1275,8310,0,0,0,0,0
23599,ECG,1276,8257,0,0,0,0,0
23604,ECG,1277,8205,0,0,0,0,0
23604,ECG,1278,8153,0,0,0,0,0
23604,ECG,1279,8101,0,0,0,0,0
23609,ECG,1280,8050,0,0,0,0,0
23609,ECG,1281,7999,0,0,0,0,0
23610,ECG,1282,7948,0,0,0,0,0
23614,ECG,1283,7898,0,0,0,0,0
23614,ECG,1284,7848,0,0,0,0,0
23619,ECG,1285,7798,0,0,0,0,0
23619,ECG,1286,7749,0,0,0,0,0
23624,ECG,1287,7651,0,0,0,0,0
23624,ECG,1288,7602,0,0,0,0,0
23629,ECG,1289,7554,0,0,0,0,0
23629,ECG,1290,7506,0,0,0,0,0
23629,ECG,1291,7458,0,0,0,0,0
23634,ECG,1292,7411,0,0,0,0,0
23634,ECG,1293,7364,0,0,0,0,0
23639,ECG,1294,7317,0,0,0,0,0
23639,ECG,1295,7271,0,0,0,0,0
23639,ECG,1296,7224,0,0,0,0,0
23644,ECG,1297,7178,0,0,0,0,0
23644,ECG,1298,7133,0,0,0,0,0
23649,ECG,1299,7088,0,0,0,0,0
23649,ECG,1300,7043,0,0,0,0,0
23649,ECG,1301,6998,0,0,0,0,0
23654,ECG,1302,6953,0,0,0,0,0
23654,ECG,1303,6909,0,0,0,0,0
23659,ECG,1304,6821,0,0,0,0,0
23659,ECG,1305,6778,0,0,0,0,0
23664,ECG,1306,6735,0,0,0,0,0
23664,ECG,1307,6692,0,0,0,0,0
23665,ECG,1308,6650,0,0,0,0,0
23669,ECG,1309,6608,0,0,0,0,0
23669,ECG,1310,6566,0,0,0,0,0
23674,ECG,1311,6524,0,0,0,0,0
23674,ECG,1312,6482,0,0,0,0,0
23674,ECG,1313,6441,0,0,0,0,0
23679,ECG,1314,6400,0,0,0,0,0
23679,ECG,1315,6359,0,0,0,0,0
23684,ECG,1316,6319,0,0,0,0,0
23684,ECG,1317,6279,0,0,0,0,0
23684,ECG,1318,6239,0,0,0,0,0
23689,ECG,1319,6199,0,0,0,0,0
23689,ECG,1320,6159,0,0,0,0,0
23694,ECG,1321,6120,0,0,0,0,0
23694,ECG,1322,6081,0,0,0,0,0
23694,ECG,1323,6042,0,0,0,0,0
23699,ECG,1324,6004,0,0,0,0,0
23699,ECG,1325,5966,0,0,0,0,0
23704,ECG,1326,5928,0,0,0,0,0
23704,ECG,1327,5890,0,0,0,0,0
23704,ECG,1328,5852,0,0,0,0,0
23709,ECG,1329,5815,0,0,0,0,0
23709,ECG,1330,5778,0,0,0,0,0
23714,ECG,1331,5705,0,0,0,0,0
23714,ECG,1332,5669,0,0,0,0,0
23719,ECG,1333,5632,0,0,0,0,0
23719,ECG,1334,5596,0,0,0,0,0
23724,ECG,1335,5525,0,0,0,0,0
23724,ECG,1336,5490,0,0,0,0,0
23729,ECG,1337,5455,0,0,0,0,0
23729,ECG,1338,5420,0,0,0,0,0
23729,ECG,1339,5386,0,0,0,0,0
23734,ECG,1340,5351,0,0,0,0,0
23734,ECG,1341,5317,0,0,0,0,0
23739,ECG,1342,5283,0,0,0,0,0
23739,ECG,1343,5249,0,0,0,0,0
23739,ECG,1344,5216,0,0,0,0,0
23744,ECG,1345,5183,0,0,0,0,0
23744,ECG,1346,5150,0,0,0,0,0
23749,ECG,1347,5117,0,0,0,0,0
23749,ECG,1348,5084,0,0,0,0,0
23749,ECG,1349,5051,0,0,0,0,0
23754,ECG,1350,5019,0,0,0,0,0
23754,ECG,1351,4987,0,0,0,0,0
23759,ECG,1352,4924,0,0,0,0,0
23759,ECG,1353,4892,0,0,0,0,0
23764,ECG,1354,4861,0,0,0,0,0
23764,ECG,1355,4830,0,0,0,0,0
23765,ECG,1356,4799,0,0,0,0,0
23769,ECG,1357,4768,0,0,0,0,0
23769,ECG,1358,4738,0,0,0,0,0
23774,ECG,1359,4707,0,0,0,0,0
23774,ECG,1360,4677,0,0,0,0,0
23774,ECG,1361,4647,0,0,0,0,0
23779,ECG,1362,4618,0,0,0,0,0
23779,ECG,1363,4588,0,0,0,0,0
23784,ECG,1364,4559,0,0,0,0,0
23784,ECG,1365,4530,0,0,0,0,0
23784,ECG,1366,4501,0,0,0,0,0
23789,ECG,1367,4472,0,0,0,0,0
23789,ECG,1368,4443,0,0,0,0,0
23794,ECG,1369,4415,0,0,0,0,0
23794,ECG,1370,4386,0,0,0,0,0
23794,ECG,1371,4358,0,0,0,0,0
23799,ECG,1372,4330,0,0,0,0,0
23799,ECG,1373,4303,0,0,0,0,0
23804,ECG,1374,4248,0,0,0,0,0
23804,ECG,1375,4220,0,0,0,0,0
23809,ECG,1376,4193,0,0,0,0,0
23809,ECG,1377,4166,0,0,0,0,0
23810,ECG,1378,4140,0,0,0,0,0
23814,ECG,1379,4113,0,0,0,0,0
23814,ECG,1380,4087,0,0,0,0,0
23819,ECG,1381,4060,0,0,0,0,0
23819,ECG,1382,4034,0,0,0,0,0
23819,ECG,1383,4008,0,0,0,0,0
23824,ECG,1384,3983,0,0,0,0,0
23824,ECG,1385,3957,0,0,0,0,0
23829,ECG,1386,3932,0,0,0,0,0
23829,ECG,1387,3906,0,0,0,0,0
23829,ECG,1388,3881,0,0,0,0,0
23834,ECG,1389,3856,0,0,0,0,0
23834,ECG,1390,3832,0,0,0,0,0
23839,ECG,1391,3807,0,0,0,0,0
23839,ECG,1392,3782,0,0,0,0,0
23839,ECG,1393,3758,0,0,0,0,0
23844,ECG,1394,3734,0,0,0,0,0
23844,ECG,1395,3710,0,0,0,0,0
23849,ECG,1396,3686,0,0,0,0,0
23849,ECG,1397,3662,0,0,0,0,0
23849,ECG,1398,3639,0,0,0,0,0
23854,ECG,1399,3615,0,0,0,0,0
23854,ECG,1400,3592,0,0,0,0,0
23859,ECG,1401,3546,0,0,0,0,0
23859,ECG,1402,3523,0,0,0,0,0
23864,ECG,1403,3500,0,0,0,0,0
23864,ECG,1404,3478,0,0,0,0,0
23869,ECG,1405,3433,0,0,0,0,0
23869,ECG,1406,3411,0,0,0,0,0
23874,ECG,1407,3389,0,0,0,0,0
23874,ECG,1408,3367,0,0,0,0,0
23874,ECG,1409,3345,0,0,0,0,0
23879,ECG,1410,3324,0,0,0,0,0
23879,ECG,1411,3302,0,0,0,0,0
23884,ECG,1412,3281,0,0,0,0,0
23884,ECG,1413,3260,0,0,0,0,0
23884,ECG,1414,3239,0,0,0,0,0
23889,ECG,1415,3218,0,0,0,0,0
23889,ECG,1416,3197,0,0,0,0,0
23894,ECG,1417,3176,0,0,0,0,0
23894,ECG,1418,3156,0,0,0,0,0
23894,ECG,1419,3135,0,0,0,0,0
23899,ECG,1420,3115,0,0,0,0,0
23899,ECG,1421,3095,0,0,0,0,0
23904,ECG,1422,3055,0,0,0,0,0
23904,ECG,1423,3035,0,0,0,0,0
23909,ECG,1424,3015,0,0,0,0,0
23909,ECG,1425,2996,0,0,0,0,0
23910,ECG,1426,2976,0,0,0,0,0
23914,ECG,1427,2957,0,0,0,0,0
23914,ECG,1428,2938,0,0,0,0,0
23919,ECG,1429,2919,0,0,0,0,0
23919,ECG,1430,2900,0,0,0,0,0
23924,ECG,1431,2862,0,0,0,0,0
23924,ECG,1432,2844,0,0,0,0,0
23929,ECG,1433,2825,0,0,0,0,0
23929,ECG,1434,2807,0,0,0,0,0
23929,ECG,1435,2789,0,0,0,0,0
23934,ECG,1436,2771,0,0,0,0,0
23934,ECG,1437,2753,0,0,0,0,0
23939,ECG,1438,2735,0,0,0,0,0
23939,ECG,1439,2717,0,0,0,0,0
23939,ECG,1440,2700,0,0,0,0,0
23944,ECG,1441,2682,0,0,0,0,0
23944,ECG,1442,2665,0,0,0,0,0
23949,ECG,1443,2647,0,0,0,0,0
23949,ECG,1444,2630,0,0,0,0,0
23949,ECG,1445,2613,0,0,0,0,0
23954,ECG,1446,2596,0,0,0,0,0
23954,ECG,1447,2579,0,0,0,0,0
23959,ECG,1448,2546,0,0,0,0,0
23959,ECG,1449,2529,0,0,0,0,0
23964,ECG,1450,2513,0,0,0,0,0
23964,ECG,1451,2496,0,0,0,0,0
23965,ECG,1452,2480,0,0,0,0,0
23969,ECG,1453,2464,0,0,0,0,0
23969,ECG,1454,2448,0,0,0,0,0
23974,ECG,1455,2432,0,0,0,0,0
23974,ECG,1456,2416,0,0,0,0,0
23974,ECG,1457,2400,0,0,0,0,0
23979,ECG,1458,2385,0,0,0,0,0
23979,ECG,1459,2369,0,0,0,0,0
23984,ECG,1460,2354,0,0,0,0,0
23984,ECG,1461,2338,0,0,0,0,0
23984,ECG,1462,2323,0,0,0,0,0
23989,ECG,1463,2308,0,0,0,0,0
23989,ECG,1464,2293,0,0,0,0,0
23994,ECG,1465,2278,0,0,0,0,0
23994,ECG,1466,2263,0,0,0,0,0
23994,ECG,1467,2248,0,0,0,0,0
23999,ECG,1468,2233,0,0,0,0,0
23999,ECG,1469,2219,0,0,0,0,0
24004,ECG,1470,2204,0,0,0,0,0
24004,ECG,1471,2190,0,0,0,0,0
24004,ECG,1472,2176,0,0,0,0,0
24009,ECG,1473,2161,0,0,0,0,0
24009,ECG,1474,2147,0,0,0,0,0
24014,ECG,1475,2119,0,0,0,0,0
24014,ECG,1476,2105,0,0,0,0,0
24019,ECG,1477,2091,0,0,0,0,0
24019,ECG,1478,2078,0,0,0,0,0
24024,ECG,1479,2050,0,0,0,0,0
24024,ECG,1480,2037,0,0,0,0,0
24029,ECG,1481,2023,0,0,0,0,0
24029,ECG,1482,2010,0,0,0,0,0
24029,ECG,1483,1997,0,0,0,0,0
24034,ECG,1484,1984,0,0,0,0,0
24034,ECG,1485,1971,0,0,0,0,0
24039,ECG,1486,1958,0,0,0,0,0
24039,ECG,1487,1945,0,0,0,0,0
24039,ECG,1488,1932,0,0,0,0,0
24044,ECG,1489,1919,0,0,0,0,0
24044,ECG,1490,1906,0,0,0,0,0
24049,ECG,1491,1894,0,0,0,0,0
24049,ECG,1492,1881,0,0,0,0,0
24049,ECG,1493,1869,0,0,0,0,0
24054,ECG,1494,1857,0,0,0,0,0
24054,ECG,1495,1844,0,0,0,0,0
24059,ECG,1496,1820,0,0,0,0,0
24059,ECG,1497,1808,0,0,0,0,0
24064,ECG,1498,1796,0,0,0,0,0
24064,ECG,1499,1784,0,0,0,0,0
24065,ECG,1500,1772,0,0,0,0,0
24069,ECG,1501,1761,0,0,0,0,0
24069,ECG,1502,1749,0,0,0,0,0
24074,ECG,1503,1737,0,0,0,0,0
24074,ECG,1504,1726,0,0,0,0,0
24079,ECG,1505,1703,0,0,0,0,0
24079,ECG,1506,1692,0,0,0,0,0
24084,ECG,1507,1681,0,0,0,0,0
24084,ECG,1508,1669,0,0,0,0,0
24084,ECG,1509,1658,0,0,0,0,0
24089,ECG,1510,1647,0,0,0,0,0
24089,ECG,1511,1636,0,0,0,0,0
24094,ECG,1512,1625,0,0,0,0,0
24094,ECG,1513,1615,0,0,0,0,0
24094,ECG,1514,1604,0,0,0,0,0
24099,ECG,1515,1593,0,0,0,0,0
24099,ECG,1516,1583,0,0,0,0,0
24104,ECG,1517,1572,0,0,0,0,0
24104,ECG,1518,1562,0,0,0,0,0
24104,ECG,1519,1551,0,0,0,0,0
24109,ECG,1520,1541,0,0,0,0,0
24109,ECG,1521,1531,0,0,0,0,0
24114,ECG,1522,1510,0,0,0,0,0
24114,ECG,1523,1500,0,0,0,0,0
24119,ECG,1524,1490,0,0,0,0,0
24119,ECG,1525,1480,0,0,0,0,0
24124,ECG,1526,1460,0,0,0,0,0
24124,ECG,1527,1451,0,0,0,0,0
24129,ECG,1528,1441,0,0,0,0,0
24129,ECG,1529,1431,0,0,0,0,0
24129,ECG,1530,1422,0,0,0,0,0
24134,ECG,1531,1412,0,0,0,0,0
24134,ECG,1532,1403,0,0,0,0,0
24139,ECG,1533,1393,0,0,0,0,0
24139,ECG,1534,1384,0,0,0,0,0
24139,ECG,1535,1375,0,0,0,0,0
24144,ECG,1536,1365,0,0,0,0,0
24144,ECG,1537,1356,0,0,0,0,0
24149,ECG,1538,1347,0,0,0,0,0
24149,ECG,1539,1338,0,0,0,0,0
24149,ECG,1540,1329,0,0,0,0,0
24154,ECG,1541,1320,0,0,0,0,0
24154,ECG,1542,1311,0,0,0,0,0
24159,ECG,1543,1302,0,0,0,0,0
24159,ECG,1544,1294,0,0,0,0,0
24159,ECG,1545,1285,0,0,0,0,0
24164,ECG,1546,1276,0,0,0,0,0
24164,ECG,1547,1268,0,0,0,0,0
24169,ECG,1548,1251,0,0,0,0,0
24169,ECG,1549,1242,0,0,0,0,0
24174,ECG,1550,1234,0,0,0,0,0
24174,ECG,1551,1225,0,0,0,0,0
24179,ECG,1552,1209,0,0,0,0,0
24179,ECG,1553,1201,0,0,0,0,0
24184,ECG,1554,1192,0,0,0,0,0
24184,ECG,1555,1184,0,0,0,0,0
24184,ECG,1556,1176,0,0,0,0,0
24189,ECG,1557,1168,0,0,0,0,0
24189,ECG,1558,1160,0,0,0,0,0
24194,ECG,1559,1152,0,0,0,0,0
24194,ECG,1560,1145,0,0,0,0,0
24194,ECG,1561,1137,0,0,0,0,0
24199,ECG,1562,1129,0,0,0,0,0
24199,ECG,1563,1121,0,0,0,0,0
25206,ECG,1564,0,0,0,0,0,0
25206,ECG,1565,-1,0,0,0,0,0
25206,ECG,1566,-6,0,0,0,0,0
25211,ECG,1567,2,0,0,0,0,0
25211,ECG,1568,6,0,0,0,0,0
25216,ECG,1569,38,0,0,0,0,0
25216,ECG,1570,-16,0,0,0,0,0
25221,ECG,1571,-26,0,0,0,0,0
25221,ECG,1572,151,0,0,0,0,0
25226,ECG,1573,-2109,0,0,0,0,0
25226,ECG,1574,-1850,0,0,0,0,0
25231,ECG,1575,-36,0,0,0,0,0
25231,ECG,1576,3394,0,0,0,0,0
25231,ECG,1577,8729,0,0,0,0,0
25236,ECG,1578,15156,0,0,0,0,0
25236,ECG,1579,21689,0,0,0,0,0
25241,ECG,1580,27397,0,0,0,0,0
25241,ECG,1581,31311,0,0,0,0,0
25241,ECG,1582,32011,0,0,0,0,0
25246,ECG,1583,31810,0,0,0,0,0
25246,ECG,1584,31610,0,0,0,0,0
25251,ECG,1585,31343,0,0,0,0,0
25251,ECG,1586,31109,0,0,0,0,0
25251,ECG,1587,31019,0,0,0,0,0
25256,ECG,1588,30731,0,0,0,0,0
25256,ECG,1589,30591,0,0,0,0,0
25261,ECG,1590,30395,0,0,0,0,0
25261,ECG,1591,30195,0,0,0,0,0
25261,ECG,1592,30019,0,0,0,0,0
25266,ECG,1593,29827,0,0,0,0,0
25266,ECG,1594,29638,0,0,0,0,0
25271,ECG,1595,29266,0,0,0,0,0
25271,ECG,1596,29082,0,0,0,0,0
25276,ECG,1597,28900,0,0,0,0,0
25276,ECG,1598,28718,0,0,0,0,0
25281,ECG,1599,28358,0,0,0,0,0
25281,ECG,1600,28180,0,0,0,0,0
25286,ECG,1601,28002,0,0,0,0,0
25286,ECG,1602,27826,0,0,0,0,0
25286,ECG,1603,27651,0,0,0,0,0
25291,ECG,1604,27478,0,0,0,0,0
25291,ECG,1605,27305,0,0,0,0,0
25296,ECG,1606,27133,0,0,0,0,0
25296,ECG,1607,26963,0,0,0,0,0
25296,ECG,1608,26793,0,0,0,0,0
25301,ECG,1609,26625,0,0,0,0,0
25301,ECG,1610,26457,0,0,0,0,0
25306,ECG,1611,26291,0,0,0,0,0
25306,ECG,1612,26126,0,0,0,0,0
25306,ECG,1613,25961,0,0,0,0,0
25311,ECG,1614,25798,0,0,0,0,0
25311,ECG,1615,25636,0,0,0,0,0
25316,ECG,1616,25314,0,0,0,0,0
25316,ECG,1617,25155,0,0,0,0,0
25321,ECG,1618,24997,0,0,0,0,0
25321,ECG,1619,24840,0,0,0,0,0
25322,ECG,1620,24683,0,0,0,0,0
25326,ECG,1621,24528,0,0,0,0,0
25326,ECG,1622,24374,0,0,0,0,0
25331,ECG,1623,24221,0,0,0,0,0
25331,ECG,1624,24068,0,0,0,0,0
25336,ECG,1625,23766,0,0,0,0,0
25336,ECG,1626,23617,0,0,0,0,0
25341,ECG,1627,23468,0,0,0,0,0
25341,ECG,1628,23321,0,0,0,0,0
25341,ECG,1629,23174,0,0,0,0,0
25346,ECG,1630,23028,0,0,0,0,0
25346,ECG,1631,22883,0,0,0,0,0
25351,ECG,1632,22739,0,0,0,0,0
25351,ECG,1633,22596,0,0,0,0,0
25351,ECG,1634,22454,0,0,0,0,0
25356,ECG,1635,22313,0,0,0,0,0
25356,ECG,1636,22172,0,0,0,0,0
25361,ECG,1637,22033,0,0,0,0,0
25361,ECG,1638,21894,0,0,0,0,0
25361,ECG,1639,21756,0,0,0,0,0
25366,ECG,1640,21619,0,0,0,0,0
25366,ECG,1641,21483,0,0,0,0,0
25371,ECG,1642,21214,0,0,0,0,0
25371,ECG,1643,21080,0,0,0,0,0
25376,ECG,1644,20948,0,0,0,0,0
25376,ECG,1645,20816,0,0,0,0,0
25381,ECG,1646,20555,0,0,0,0,0
25381,ECG,1647,20425,0,0,0,0,0
25386,ECG,1648,20297,0,0,0,0,0
25386,ECG,1649,20169,0,0,0,0,0
25386,ECG,1650,20042,0,0,0,0,0
25391,ECG,1651,19916,0,0,0,0,0
25391,ECG,1652,19790,0,0,0,0,0
25396,ECG,1653,19666,0,0,0,0,0
25396,ECG,1654,19542,0,0,0,0,0
25396,ECG,1655,19419,0,0,0,0,0
25401,ECG,1656,19297,0,0,0,0,0
25401,ECG,1657,19175,0,0,0,0,0
25406,ECG,1658,19055,0,0,0,0,0
25406,ECG,1659,18935,0,0,0,0,0
25406,ECG,1660,18815,0,0,0,0,0
25411,ECG,1661,18697,0,0,0,0,0
25411,ECG,1662,18579,0,0,0,0,0
25416,ECG,1663,18462,0,0,0,0,0
25416,ECG,1664,18346,0,0,0,0,0
25416,ECG,1665,18230,0,0,0,0,0
25421,ECG,1666,18116,0,0,0,0,0
25421,ECG,1667,18002,0,0,0,0,0
25422,ECG,1668,17888,0,0,0,0,0
25426,ECG,1669,17775,0,0,0,0,0
25426,ECG,1670,17663,0,0,0,0,0
25431,ECG,1671,17552,0,0,0,0,0
25431,ECG,1672,17442,0,0,0,0,0
25436,ECG,1673,17222,0,0,0,0,0
25436,ECG,1674,17114,0,0,0,0,0
25441,ECG,1675,17006,0,0,0,0,0
25441,ECG,1676,16899,0,0,0,0,0
25441,ECG,1677,16792,0,0,0,0,0
25446,ECG,1678,16687,0,0,0,0,0
25446,ECG,1679,16581,0,0,0,0,0
25451,ECG,1680,16477,0,0,0,0,0
25451,ECG,1681,16373,0,0,0,0,0
25451,ECG,1682,16270,0,0,0,0,0
25456,ECG,1683,16167,0,0,0,0,0
25456,ECG,1684,16065,0,0,0,0,0
25461,ECG,1685,15964,0,0,0,0,0
25461,ECG,1686,15864,0,0,0,0,0
25461,ECG,1687,15764,0,0,0,0,0
25466,ECG,1688,15664,0,0,0,0,0
25466,ECG,1689,15566,0,0,0,0,0
25471,ECG,1690,15370,0,0,0,0,0
25471,ECG,1691,15273,0,0,0,0,0
25476,ECG,1692,15177,0,0,0,0,0
25476,ECG,1693,15081,0,0,0,0,0
25481,ECG,1694,14891,0,0,0,0,0
25481,ECG,1695,14797,0,0,0,0,0
25486,ECG,1696,14704,0,0,0,0,0
25486,ECG,1697,14611,0,0,0,0,0
25486,ECG,1698,14519,0,0,0,0,0
25491,ECG,1699,14428,0,0,0,0,0
25491,ECG,1700,14337,0,0,0,0,0
25496,ECG,1701,14246,0,0,0,0,0
25496,ECG,1702,14156,0,0,0,0,0
25496,ECG,1703,14067,0,0,0,0,0
25501,ECG,1704,13978,0,0,0,0,0
25501,ECG,1705,13890,0,0,0,0,0
25506,ECG,1706,13802,0,0,0,0,0
25506,ECG,1707,13715,0,0,0,0,0
25506,ECG,1708,13629,0,0,0,0,0
25511,ECG,1709,13543,0,0,0,0,0
25511,ECG,1710,13457,0,0,0,0,0
25516,ECG,1711,13288,0,0,0,0,0
25516,ECG,1712,13204,0,0,0,0,0
25521,ECG,1713,13121,0,0,0,0,0
25521,ECG,1714,13038,0,0,0,0,0
25522,ECG,1715,12956,0,0,0,0,0
25526,ECG,1716,12874,0,0,0,0,0
25526,ECG,1717,12793,0,0,0,0,0
25531,ECG,1718,12712,0,0,0,0,0
25531,ECG,1719,12632,0,0,0,0,0
25531,ECG,1720,12552,0,0,0,0,0
25536,ECG,1721,12473,0,0,0,0,0
25536,ECG,1722,12394,0,0,0,0,0
25541,ECG,1723,12316,0,0,0,0,0
25541,ECG,1724,12238,0,0,0,0,0
25541,ECG,1725,12161,0,0,0,0,0
25546,ECG,1726,12084,0,0,0,0,0
25546,ECG,1727,12008,0,0,0,0,0
25551,ECG,1728,11932,0,0,0,0,0
25551,ECG,1729,11857,0,0,0,0,0
25551,ECG,1730,11782,0,0,0,0,0
25556,ECG,1731,11707,0,0,0,0,0
25556,ECG,1732,11633,0,0,0,0,0
25561,ECG,1733,11560,0,0,0,0,0
25561,ECG,1734,11487,0,0,0,0,0
25561,ECG,1735,11414,0,0,0,0,0
25566,ECG,1736,11342,0,0,0,0,0
25566,ECG,1737,11271,0,0,0,0,0
25571,ECG,1738,11129,0,0,0,0,0
25571,ECG,1739,11058,0,0,0,0,0
25576,ECG,1740,10988,0,0,0,0,0
25576,ECG,1741,10919,0,0,0,0,0
25581,ECG,1742,10781,0,0,0,0,0
25581,ECG,1743,10713,0,0,0,0,0
25586,ECG,1744,10645,0,0,0,0,0
25586,ECG,1745,10578,0,0,0,0,0
25586,ECG,1746,10511,0,0,0,0,0
25591,ECG,1747,10445,0,0,0,0,0
25591,ECG,1748,10379,0,0,0,0,0
25596,ECG,1749,10313,0,0,0,0,0
25596,ECG,1750,10248,0,0,0,0,0
25596,ECG,1751,10183,0,0,0,0,0
25601,ECG,1752,10118,0,0,0,0,0
25601,ECG,1753,10054,0,0,0,0,0
25606,ECG,1754,9991,0,0,0,0,0
25606,ECG,1755,9928,0,0,0,0,0
25606,ECG,1756,9865,0,0,0,0,0
25611,ECG,1757,9802,0,0,0,0,0
25611,ECG,1758,9740,0,0,0,0,0
25616,ECG,1759,9617,0,0,0,0,0
25616,ECG,1760,9557,0,0,0,0,0
25621,ECG,1761,9496,0,0,0,0,0
25621,ECG,1762,9436,0,0,0,0,0
25622,ECG,1763,9376,0,0,0,0,0
25626,ECG,1764,9317,0,0,0,0,0
25626,ECG,1765,9258,0,0,0,0,0
25631,ECG,1766,9200,0,0,0,0,0
25631,ECG,1767,9141,0,0,0,0,0
25631,ECG,1768,9083,0,0,0,0,0
25636,ECG,1769,9026,0,0,0,0,0
25636,ECG,1770,8969,0,0,0,0,0
25641,ECG,1771,8912,0,0,0,0,0
25641,ECG,1772,8855,0,0,0,0,0
25641,ECG,1773,8799,0,0,0,0,0
25646,ECG,1774,8744,0,0,0,0,0
25646,ECG,1775,8688,0,0,0,0,0
25651,ECG,1776,8633,0,0,0,0,0
25651,ECG,1777,8578,0,0,0,0,0
25651,ECG,1778,8524,0,0,0,0,0
25656,ECG,1779,8470,0,0,0,0,0
25656,ECG,1780,8416,0,0,0,0,0
25661,ECG,1781,8363,0,0,0,0,0
25661,ECG,1782,8310,0,0,0,0,0
25661,ECG,1783,8257,0,0,0,0,0
25666,ECG,1784,8205,0,0,0,0,0
25666,ECG,1785,8153,0,0,0,0,0
25671,ECG,1786,8050,0,0,0,0,0
25671,ECG,1787,7999,0,0,0,0,0
25676,ECG,1788,7948,0,0,0,0,0
25676,ECG,1789,7898,0,0,0,0,0
25681,ECG,1790,7798,0,0,0,0,0
25681,ECG,1791,7749,0,0,0,0,0
25686,ECG,1792,7699,0,0,0,0,0
25686,ECG,1793,7651,0,0,0,0,0
25686,ECG,1794,7602,0,0,0,0,0
25691,ECG,1795,7554,0,0,0,0,0
25691,ECG,1796,7506,0,0,0,0,0
25696,ECG,1797,7458,0,0,0,0,0
25696,ECG,1798,7411,0,0,0,0,0
25696,ECG,1799,7364,0,0,0,0,0
25701,ECG,1800,7317,0,0,0,0,0
25701,ECG,1801,7271,0,0,0,0,0
25706,ECG,1802,7224,0,0,0,0,0
25706,ECG,1803,7178,0,0,0,0,0
25706,ECG,1804,7133,0,0,0,0,0
25711,ECG,1805,7088,0,0,0,0,0
25711,ECG,1806,7043,0,0,0,0,0
25716,ECG,1807,6953,0,0,0,0,0
25716,ECG,1808,6909,0,0,0,0,0
25721,ECG,1809,6865,0,0,0,0,0
25721,ECG,1810,6821,0,0,0,0,0
25726,ECG,1811,6735,0,0,0,0,0
25726,ECG,1812,6692,0,0,0,0,0
25731,ECG,1813,6650,0,0,0,0,0
25731,ECG,1814,6608,0,0,0,0,0
25731,ECG,1815,6566,0,0,0,0,0
25736,ECG,1816,6524,0,0,0,0,0
25736,ECG,1817,6482,0,0,0,0,0
25741,ECG,1818,6441,0,0,0,0,0
25741,ECG,1819,6400,0,0,0,0,0
25741,ECG,1820,6359,0,0,0,0,0
25746,ECG,1821,6319,0,0,0,0,0
25746,ECG,1822,6279,0,0,0,0,0
25751,ECG,1823,6239,0,0,0,0,0
25751,ECG,1824,6199,0,0,0,0,0
25751,ECG,1825,6159,0,0,0,0,0
25756,ECG,1826,6120,0,0,0,0,0
25756,ECG,1827,6081,0,0,0,0,0
25761,ECG,1828,6042,0,0,0,0,0
25761,ECG,1829,6004,0,0,0,0,0
25761,ECG,1830,5966,0,0,0,0,0
25766,ECG,1831,5928,0,0,0,0,0
25766,ECG,1832,5890,0,0,0,0,0
25771,ECG,1833,5815,0,0,0,0,0
25771,ECG,1834,5778,0,0,0,0,0
25776,ECG,1835,5741,0,0,0,0,0
25776,ECG,1836,5705,0,0,0,0,0
25781,ECG,1837,5632,0,0,0,0,0
25781,ECG,1838,5596,0,0,0,0,0
25786,ECG,1839,5561,0,0,0,0,0
25786,ECG,1840,5525,0,0,0,0,0
25786,ECG,1841,5490,0,0,0,0,0
25791,ECG,1842,5455,0,0,0,0,0
25791,ECG,1843,5420,0,0,0,0,0
25796,ECG,1844,5386,0,0,0,0,0
25796,ECG,1845,5351,0,0,0,0,0
25796,ECG,1846,5317,0,0,0,0,0
25801,ECG,1847,5283,0,0,0,0,0
25801,ECG,1848,5249,0,0,0,0,0
25806,ECG,1849,5216,0,0,0,0,0
25806,ECG,1850,5183,0,0,0,0,0
25806,ECG,1851,5150,0,0,0,0,0
25811,ECG,1852,5117,0,0,0,0,0
25811,ECG,1853,5084,0,0,0,0,0
25816,ECG,1854,5019,0,0,0,0,0
25816,ECG,1855,4987,0,0,0,0,0
25821,ECG,1856,4955,0,0,0,0,0
25821,ECG,1857,4924,0,0,0,0,0
25826,ECG,1858,4861,0,0,0,0,0
25826,ECG,1859,4830,0,0,0,0,0
25831,ECG,1860,4799,0,0,0,0,0
25831,ECG,1861,4768,0,0,0,0,0
25831,ECG,1862,4738,0,0,0,0,0
25836,ECG,1863,4707,0,0,0,0,0
25836,ECG,1864,4677,0,0,0,0,0
25841,ECG,1865,4647,0,0,0,0,0
25841,ECG,1866,4618,0,0,0,0,0
25841,ECG,1867,4588,0,0,0,0,0
25846,ECG,1868,4559,0,0,0,0,0
25846,ECG,1869,4530,0,0,0,0,0
25851,ECG,1870,4501,0,0,0,0,0
25851,ECG,1871,4472,0,0,0,0,0
25851,ECG,1872,4443,0,0,0,0,0
25856,ECG,1873,4415,0,0,0,0,0
25856,ECG,1874,4386,0,0,0,0,0
25861,ECG,1875,4358,0,0,0,0,0
25861,ECG,1876,4330,0,0,0,0,0
25861,ECG,1877,4303,0,0,0,0,0
25866,ECG,1878,4275,0,0,0,0,0
25866,ECG,1879,4248,0,0,0,0,0
25871,ECG,1880,4193,0,0,0,0,0
25871,ECG,1881,4166,0,0,0,0,0
25876,ECG,1882,4140,0,0,0,0,0
25876,ECG,1883,4113,0,0,0,0,0
25881,ECG,1884,4060,0,0,0,0,0
25881,ECG,1885,4034,0,0,0,0,0
25886,ECG,1886,4008,0,0,0,0,0
25886,ECG,1887,3983,0,0,0,0,0
25886,ECG,1888,3957,0,0,0,0,0
25891,ECG,1889,3932,0,0,0,0,0
25891,ECG,1890,3906,0,0,0,0,0
25896,ECG,1891,3881,0,0,0,0,0
25896,ECG,1892,3856,0,0,0,0,0
25896,ECG,1893,3832,0,0,0,0,0
25901,ECG,1894,3807,0,0,0,0,0
25901,ECG,1895,3782,0,0,0,0,0
25906,ECG,1896,3758,0,0,0,0,0
25906,ECG,1897,3734,0,0,0,0,0
25906,ECG,1898,3710,0,0,0,0,0
25911,ECG,1899,3686,0,0,0,0,0
25911,ECG,1900,3662,0,0,0,0,0
25916,ECG,1901,3615,0,0,0,0,0
25916,ECG,1902,3592,0,0,0,0,0
25921,ECG,1903,3569,0,0,0,0,0
25921,ECG,1904,3546,0,0,0,0,0
25922,ECG,1905,3523,0,0,0,0,0
25926,ECG,1906,3500,0,0,0,0,0
25926,ECG,1907,3478,0,0,0,0,0
25931,ECG,1908,3455,0,0,0,0,0
25931,ECG,1909,3433,0,0,0,0,0
25936,ECG,1910,3389,0,0,0,0,0
25936,ECG,1911,3367,0,0,0,0,0
25941,ECG,1912,3345,0,0,0,0,0
25941,ECG,1913,3324,0,0,0,0,0
25941,ECG,1914,3302,0,0,0,0,0
25946,ECG,1915,3281,0,0,0,0,0
25946,ECG,1916,3260,0,0,0,0,0
25951,ECG,1917,3239,0,0,0,0,0
25951,ECG,1918,3218,0,0,0,0,0
25951,ECG,1919,3197,0,0,0,0,0
25956,ECG,1920,3176,0,0,0,0,0
25956,ECG,1921,3156,0,0,0,0,0
25961,ECG,1922,3135,0,0,0,0,0
25961,ECG,1923,3115,0,0,0,0,0
25961,ECG,1924,3095,0,0,0,0,0
25966,ECG,1925,3075,0,0,0,0,0
25966,ECG,1926,3055,0,0,0,0,0
25971,ECG,1927,3015,0,0,0,0,0
25971,ECG,1928,2996,0,0,0,0,0
25976,ECG,1929,2976,0,0,0,0,0
25976,ECG,1930,2957,0,0,0,0,0
25981,ECG,1931,2919,0,0,0,0,0
25981,ECG,1932,2900,0,0,0,0,0
25986,ECG,1933,2881,0,0,0,0,0
25986,ECG,1934,2862,0,0,0,0,0
25986,ECG,1935,2844,0,0,0,0,0
25991,ECG,1936,2825,0,0,0,0,0
25991,ECG,1937,2807,0,0,0,0,0
25996,ECG,1938,2789,0,0,0,0,0
25996,ECG,1939,2771,0,0,0,0,0
25996,ECG,1940,2753,0,0,0,0,0
26001,ECG,1941,2735,0,0,0,0,0
26001,ECG,1942,2717,0,0,0,0,0
26006,ECG,1943,2700,0,0,0,0,0
26006,ECG,1944,2682,0,0,0,0,0
26006,ECG,1945,2665,0,0,0,0,0
26011,ECG,1946,2647,0,0,0,0,0
26011,ECG,1947,2630,0,0,0,0,0
26016,ECG,1948,2596,0,0,0,0,0
26016,ECG,1949,2579,0,0,0,0,0
26021,ECG,1950,2562,0,0,0,0,0
26021,ECG,1951,2546,0,0,0,0,0
26022,ECG,1952,2529,0,0,0,0,0
26026,ECG,1953,2513,0,0,0,0,0
26026,ECG,1954,2496,0,0,0,0,0
26031,ECG,1955,2480,0,0,0,0,0
26031,ECG,1956,2464,0,0,0,0,0
26031,ECG,1957,2448,0,0,0,0,0
26036,ECG,1958,2432,0,0,0,0,0
26036,ECG,1959,2416,0,0,0,0,0
26041,ECG,1960,2400,0,0,0,0,0
26041,ECG,1961,2385,0,0,0,0,0
26041,ECG,1962,2369,0,0,0,0,0
26046,ECG,1963,2354,0,0,0,0,0
26046,ECG,1964,2338,0,0,0,0,0
26051,ECG,1965,2323,0,0,0,0,0
26051,ECG,1966,2308,0,0,0,0,0
26051,ECG,1967,2293,0,0,0,0,0
26056,ECG,1968,2278,0,0,0,0,0
26056,ECG,1969,2263,0,0,0,0,0
26061,ECG,1970,2248,0,0,0,0,0
26061,ECG,1971,2233,0,0,0,0,0
26061,ECG,1972,2219,0,0,0,0,0
26066,ECG,1973,2204,0,0,0,0,0
26066,ECG,1974,2190,0,0,0,0,0
26071,ECG,1975,2161,0,0,0,0,0
26071,ECG,1976,2147,0,0,0,0,0
26076,ECG,1977,2133,0,0,0,0,0
26076,ECG,1978,2119,0,0,0,0,0
26081,ECG,1979,2091,0,0,0,0,0
26081,ECG,1980,2078,0,0,0,0,0
26086,ECG,1981,2064,0,0,0,0,0
26086,ECG,1982,2050,0,0,0,0,0
26086,ECG,1983,2037,0,0,0,0,0
26091,ECG,1984,2023,0,0,0,0,0
26091,ECG,1985,2010,0,0,0,0,0
26096,ECG,1986,1997,0,0,0,0,0
26096,ECG,1987,1984,0,0,0,0,0
26096,ECG,1988,1971,0,0,0,0,0
26101,ECG,1989,1958,0,0,0,0,0
26101,ECG,1990,1945,0,0,0,0,0
26106,ECG,1991,1932,0,0,0,0,0
26106,ECG,1992,1919,0,0,0,0,0
26106,ECG,1993,1906,0,0,0,0,0
26111,ECG,1994,1894,0,0,0,0,0
26111,ECG,1995,1881,0,0,0,0,0
26116,ECG,1996,1857,0,0,0,0,0
26116,ECG,1997,1844,0,0,0,0,0
26121,ECG,1998,1832,0,0,0,0,0
26121,ECG,1999,1820,0,0,0,0,0
26122,ECG,2000,1808,0,0,0,0,0
26126,ECG,2001,1796,0,0,0,0,0
26126,ECG,2002,1784,0,0,0,0,0
26131,ECG,2003,1772,0,0,0,0,0
26131,ECG,2004,1761,0,0,0,0,0
26131,ECG,2005,1749,0,0,0,0,0
26136,ECG,2006,1737,0,0,0,0,0
26136,ECG,2007,1726,0,0,0,0,0
26141,ECG,2008,1714,0,0,0,0,0
26141,ECG,2009,1703,0,0,0,0,0
26141,ECG,2010,1692,0,0,0,0,0
26146,ECG,2011,1681,0,0,0,0,0
26146,ECG,2012,1669,0,0,0,0,0
26151,ECG,2013,1658,0,0,0,0,0
26151,ECG,2014,1647,0,0,0,0,0
26151,ECG,2015,1636,0,0,0,0,0
26156,ECG,2016,1625,0,0,0,0,0
26156,ECG,2017,1615,0,0,0,0,0
26161,ECG,2018,1604,0,0,0,0,0
26161,ECG,2019,1593,0,0,0,0,0
26161,ECG,2020,1583,0,0,0,0,0
26166,ECG,2021,1572,0,0,0,0,0
26166,ECG,2022,1562,0,0,0,0,0
26171,ECG,2023,1541,0,0,0,0,0
26171,ECG,2024,1531,0,0,0,0,0
26176,ECG,2025,1520,0,0,0,0,0
26176,ECG,2026,1510,0,0,0,0,0
26181,ECG,2027,1490,0,0,0,0,0
26181,ECG,2028,1480,0,0,0,0,0
26186,ECG,2029,1470,0,0,0,0,0
26186,ECG,2030,1460,0,0,0,0,0
26186,ECG,2031,1451,0,0,0,0,0
26191,ECG,2032,1441,0,0,0,0,0
26191,ECG,2033,1431,0,0,0,0,0
26196,ECG,2034,1422,0,0,0,0,0
26196,ECG,2035,1412,0,0,0,0,0
26196,ECG,2036,1403,0,0,0,0,0
26201,ECG,2037,1393,0,0,0,0,0
26201,ECG,2038,1384,0,0,0,0,0
26206,ECG,2039,1375,0,0,0,0,0
26206,ECG,2040,1365,0,0,0,0,0
26206,ECG,2041,1356,0,0,0,0,0
26211,ECG,2042,1347,0,0,0,0,0
26211,ECG,2043,1338,0,0,0,0,0
26216,ECG,2044,1320,0,0,0,0,0
26216,ECG,2045,1311,0,0,0,0,0
26221,ECG,2046,1302,0,0,0,0,0
26221,ECG,2047,1294,0,0,0,0,0
18941,PPG,0,161487,80764,0,0,0,0
19015,PPG,1,161482,80758,0,0,0,0
19091,PPG,2,161484,80764,0,0,0,0
19170,PPG,3,161490,80766,0,0,0,0
19250,PPG,4,161484,80761,0,0,0,0
19329,PPG,5,161489,80760,0,0,0,0
19409,PPG,6,161486,80761,0,0,0,0
19492,PPG,7,161485,80756,0,0,0,0
19569,PPG,8,161468,80757,0,0,0,0
19646,PPG,9,161479,80768,0,0,0,0
19725,PPG,10,161459,80755,0,0,0,0
19805,PPG,11,161485,80759,0,0,0,0
19884,PPG,12,161470,80755,0,0,0,0
19963,PPG,13,161481,80766,0,0,0,0
20045,PPG,14,161482,80768,0,0,0,0
20122,PPG,15,161483,80756,0,0,0,0
20201,PPG,16,161468,80768,0,0,0,0
20281,PPG,17,161476,80764,0,0,0,0
20365,PPG,18,161478,80765,0,0,0,0
20440,PPG,19,161482,80762,0,0,0,0
20523,PPG,20,161469,80762,0,0,0,0
20601,PPG,21,161481,80757,0,0,0,0
20678,PPG,22,161472,80762,0,0,0,0
20758,PPG,23,161480,80756,0,0,0,0
20837,PPG,24,161474,80749,0,0,0,0
20917,PPG,25,161474,80762,0,0,0,0
20996,PPG,26,161471,80754,0,0,0,0
21080,PPG,27,161482,80758,0,0,0,0
21157,PPG,28,161483,80766,0,0,0,0
21236,PPG,29,161473,80753,0,0,0,0
21314,PPG,30,161472,80752,0,0,0,0
21393,PPG,31,161478,80760,0,0,0,0
21472,PPG,32,161480,80765,0,0,0,0
21555,PPG,33,161479,80764,0,0,0,0
21633,PPG,34,161483,80769,0,0,0,0
21710,PPG,35,161477,80761,0,0,0,0
21789,PPG,36,161490,80759,0,0,0,0
21868,PPG,37,161480,80758,0,0,0,0
21948,PPG,38,161477,80764,0,0,0,0
22027,PPG,39,161482,80768,0,0,0,0
22115,PPG,40,161490,80750,0,0,0,0
22188,PPG,41,161487,80760,0,0,0,0
22267,PPG,42,161482,80754,0,0,0,0
22346,PPG,43,161476,80759,0,0,0,0
22426,PPG,44,161486,80769,0,0,0,0
22505,PPG,45,161487,80762,0,0,0,0
22583,PPG,46,161477,80752,0,0,0,0
22665,PPG,47,161486,80760,0,0,0,0
22742,PPG,48,161475,80765,0,0,0,0
22821,PPG,49,161481,80762,0,0,0,0
22903,PPG,50,161481,80755,0,0,0,0
22994,PPG,51,161501,80765,0,0,0,0
23060,PPG,52,161478,80759,0,0,0,0
23143,PPG,53,161472,80765,0,0,0,0
23221,PPG,54,161460,80747,0,0,0,0
23298,PPG,55,161494,80761,0,0,0,0
23377,PPG,56,161485,80760,0,0,0,0
23457,PPG,57,161486,80765,0,0,0,0
23536,PPG,58,161486,80772,0,0,0,0
23615,PPG,59,161488,80761,0,0,0,0
23698,PPG,60,161486,80768,0,0,0,0
23775,PPG,61,161485,80766,0,0,0,0
23862,PPG,62,161480,80762,0,0,0,0
23932,PPG,63,161477,80756,0,0,0,0
24011,PPG,64,161479,80753,0,0,0,0
24090,PPG,65,161477,80770,0,0,0,0
24173,PPG,66,161477,80763,0,0,0,0
24251,PPG,67,161490,80765,0,0,0,0
24328,PPG,68,161486,80753,0,0,0,0
24408,PPG,69,161484,80766,0,0,0,0
24487,PPG,70,161481,80759,0,0,0,0
24567,PPG,71,161476,80762,0,0,0,0
24646,PPG,72,161467,80759,0,0,0,0
24733,PPG,73,161472,80753,0,0,0,0
24807,PPG,74,161474,80766,0,0,0,0
24885,PPG,75,161489,80766,0,0,0,0
24964,PPG,76,161488,80763,0,0,0,0
25044,PPG,77,161497,80764,0,0,0,0
25123,PPG,78,161485,80758,0,0,0,0
25203,PPG,79,161478,80771,0,0,0,0
25286,PPG,80,161481,80769,0,0,0,0
25363,PPG,81,161482,80766,0,0,0,0
25441,PPG,82,161485,80765,0,0,0,0
25520,PPG,83,161485,80766,0,0,0,0
25603,PPG,84,161476,80763,0,0,0,0
25679,PPG,85,161490,80767,0,0,0,0
25762,PPG,86,161468,80760,0,0,0,0
25839,PPG,87,161477,80752,0,0,0,0
25916,PPG,88,161473,80766,0,0,0,0
25995,PPG,89,161492,80774,0,0,0,0
26074,PPG,90,161481,80770,0,0,0,0
26154,PPG,91,161475,80770,0,0,0,0
26240,PPG,92,161489,80767,0,0,0,0
26317,PPG,93,161476,80771,0,0,0,0
26394,PPG,94,161495,80766,0,0,0,0
26488,PPG,95,161495,80760,0,0,0,0
26551,PPG,96,161475,80753,0,0,0,0
26632,PPG,97,161489,80769,0,0,0,0
26709,PPG,98,161483,80771,0,0,0,0
26789,PPG,99,161489,80766,0,0,0,0
22893,IMU,208,1604,-36,8464,-94,61,43
22912,IMU,209,1560,16,8360,-88,73,46
22931,IMU,210,1504,-40,8340,-73,55,53
22951,IMU,211,1524,-44,8288,-89,65,43
22972,IMU,212,1436,-72,8400,-92,50,37
22994,IMU,213,1484,-56,8380,-75,65,43
23008,IMU,214,1492,16,8324,-81,67,38
23027,IMU,215,1584,-36,8340,-86,53,59
23046,IMU,216,1464,-40,8484,-61,50,33
23066,IMU,217,1544,-60,8328,-77,65,33
23085,IMU,218,1484,-92,8372,-90,55,49
23104,IMU,219,1488,-32,8344,-81,57,49
23123,IMU,220,1508,8,8424,-81,58,35
23143,IMU,221,1528,-44,8424,-73,71,31
23162,IMU,222,1496,-116,8288,-93,55,50
23181,IMU,223,1496,-16,8416,-82,81,39
23201,IMU,224,1540,-192,8360,-73,53,48
23219,IMU,225,1464,-176,8404,-80,47,42
23238,IMU,226,1528,-36,8380,-83,62,58
23257,IMU,227,1528,16,8364,-82,58,41
23276,IMU,228,1456,-56,8344,-73,61,43
23295,IMU,229,1520,-160,8388,-85,67,38
23314,IMU,230,1508,-80,8388,-98,58,59
23333,IMU,231,1576,12,8404,-96,49,37
23352,IMU,232,1372,-24,8360,-82,64,45
23372,IMU,233,1456,108,8388,-74,63,51
23391,IMU,234,1540,52,8388,-95,60,38
23413,IMU,235,1564,-36,8272,-103,64,42
23430,IMU,236,1592,4,8296,-83,58,37
23448,IMU,237,1536,-108,8336,-78,59,46
23467,IMU,238,1548,-20,8368,-97,67,47
23486,IMU,239,1592,-44,8344,-90,70,46
23505,IMU,240,1484,-44,8320,-79,60,50
23524,IMU,241,1524,20,8296,-89,67,59
23543,IMU,242,1524,44,8424,-63,53,29
23562,IMU,243,1652,-36,8448,-72,53,34
23582,IMU,244,1548,20,8388,-75,64,55
23601,IMU,245,1444,-24,8428,-92,67,38
23620,IMU,246,1488,-32,8260,-84,59,51
23641,IMU,247,1480,-64,8392,-83,47,37
23658,IMU,248,1508,-48,8316,-90,49,41
23677,IMU,249,1584,-52,8408,-82,65,35
23698,IMU,250,1520,-88,8340,-98,46,45
23715,IMU,251,1460,-116,8376,-86,52,57
23734,IMU,252,1484,36,8324,-90,51,42
23753,IMU,253,1456,-108,8384,-99,51,43
23772,IMU,254,1612,32,8364,-83,46,30
23791,IMU,255,1532,52,8364,-90,55,40
23811,IMU,256,1440,-60,8380,-109,66,50
23829,IMU,257,1464,40,8300,-83,59,47
23851,IMU,258,1552,84,8360,-76,56,59
23867,IMU,259,1552,-108,8384,-83,62,42
23887,IMU,260,1596,-140,8380,-88,69,43
23906,IMU,261,1388,-64,8300,-74,67,53
23925,IMU,262,1488,64,8340,-71,60,36
23943,IMU,263,1576,-40,8364,-88,56,48
23963,IMU,264,1496,-40,8364,-88,55,61
23982,IMU,265,1552,-76,8356,-65,52,40
24001,IMU,266,1572,-44,8384,-90,63,47
24020,IMU,267,1540,8,8452,-86,63,49
24039,IMU,268,1396,-24,8352,-61,71,34
24058,IMU,269,1516,-40,8352,-90,58,49
24078,IMU,270,1524,-52,8344,-99,45,33
24097,IMU,271,1656,12,8360,-75,54,27
24116,IMU,272,1492,-56,8336,-78,63,49
24135,IMU,273,1572,-76,8352,-84,68,24
24153,IMU,274,1468,28,8448,-78,79,50
24173,IMU,275,1548,-20,8392,-87,55,48
24192,IMU,276,1516,-52,8332,-76,57,38
24211,IMU,277,1500,-152,8396,-94,59,58
24230,IMU,278,1548,-124,8440,-88,60,44
24249,IMU,279,1532,-60,8376,-89,84,54
24268,IMU,280,1532,-8,8324,-77,73,51
24288,IMU,281,1568,-64,8368,-85,60,48
24307,IMU,282,1484,4,8412,-73,65,31
24326,IMU,283,1504,-104,8428,-82,66,30
24345,IMU,284,1496,-100,8400,-74,70,54
24364,IMU,285,1524,-40,8304,-82,66,59
24383,IMU,286,1452,-8,8372,-91,63,35
24402,IMU,287,1548,36,8304,-77,62,59
24422,IMU,288,1512,-44,8368,-74,62,39
24441,IMU,289,1440,-52,8376,-90,77,36
24460,IMU,290,1536,16,8348,-83,56,29
24479,IMU,291,1520,-72,8436,-83,49,53
24500,IMU,292,1524,32,8344,-69,35,41
24519,IMU,293,1532,76,8356,-129,58,49
24537,IMU,294,1500,-92,8404,-84,66,50
24556,IMU,295,1424,24,8388,-82,65,46
24575,IMU,296,1572,0,8380,-77,61,35
24594,IMU,297,1492,-108,8360,-72,63,59
24613,IMU,298,1512,-40,8448,-92,60,52
24632,IMU,299,1504,-100,8288,-83,65,35
24651,IMU,300,1508,8,8284,-71,58,48
24671,IMU,301,1560,-8,8364,-87,63,40
24690,IMU,302,1512,-20,8444,-79,57,36
24709,IMU,303,1524,-76,8368,-87,50,44
24730,IMU,304,1404,-160,8352,-66,41,38
24747,IMU,305,1520,-40,8360,-90,54,51
24766,IMU,306,1528,-76,8428,-79,51,38
24786,IMU,307,1512,-16,8316,-72,55,43
24805,IMU,308,1508,-16,8392,-88,46,46
24824,IMU,309,1564,-8,8460,-83,52,47
24843,IMU,310,1600,28,8312,-75,47,56
24862,IMU,311,1584,8,8328,-73,61,41
24881,IMU,312,1500,-36,8364,-76,47,41
24901,IMU,313,1496,36,8316,-60,50,35
24920,IMU,314,1560,16,8428,-92,58,52
24943,IMU,315,1536,-72,8448,-78,69,53
24958,IMU,316,1552,28,8324,-96,50,47
24977,IMU,317,1536,-40,8404,-68,56,34
24996,IMU,318,1524,0,8340,-85,62,48
25015,IMU,319,1392,0,8380,-77,49,59
25035,IMU,320,1488,-64,8300,-90,66,45
25054,IMU,321,1560,-68,8372,-82,62,27
25073,IMU,322,1472,-4,8428,-87,75,43
25092,IMU,323,1476,-168,8308,-81,71,54
25111,IMU,324,1516,20,8412,-74,72,62
25130,IMU,325,1500,-36,8392,-83,62,44
25150,IMU,326,1564,-64,8400,-83,42,32
25171,IMU,327,1580,-64,8456,-87,57,66
25188,IMU,328,1516,-20,8400,-72,61,29
25208,IMU,329,1556,36,8400,-85,54,47
25227,IMU,330,1560,-56,8360,-92,61,45
25245,IMU,331,1520,24,8392,-85,48,34
25265,IMU,332,1476,-56,8288,-78,43,46
25284,IMU,333,1484,-60,8408,-72,64,48
25303,IMU,334,1440,36,8348,-81,59,48
25322,IMU,335,1608,28,8416,-68,50,48
25341,IMU,336,1532,-48,8348,-82,64,47
25360,IMU,337,1412,-80,8416,-91,63,61
25382,IMU,338,1568,52,8272,-73,53,52
25398,IMU,339,1552,-56,8328,-89,80,38
25417,IMU,340,1464,104,8324,-82,70,44
25436,IMU,341,1532,36,8384,-81,50,45
25455,IMU,342,1480,44,8420,-97,68,47
25475,IMU,343,1580,8,8372,-80,53,36
25494,IMU,344,1548,-32,8444,-105,52,31
25513,IMU,345,1528,-100,8312,-78,46,32
25532,IMU,346,1556,-12,8456,-90,66,44
25550,IMU,347,1508,-44,8424,-85,56,44
25570,IMU,348,1480,-4,8312,-100,73,56
25589,IMU,349,1540,-16,8300,-95,59,50
25608,IMU,350,1520,-72,8512,-77,64,38
25627,IMU,351,1408,-24,8320,-73,72,44
25646,IMU,352,1540,-44,8472,-85,59,36
25665,IMU,353,1516,4,8484,-102,77,45
25684,IMU,354,1372,-20,8448,-94,68,37
25704,IMU,355,1492,132,8324,-89,60,37
25723,IMU,356,1428,-88,8352,-83,44,40
25742,IMU,357,1536,-44,8392,-93,63,43
25762,IMU,358,1492,-16,8356,-76,53,45
25780,IMU,359,1588,-36,8340,-74,53,38
25799,IMU,360,1508,8,8344,-92,52,43
25820,IMU,361,1456,0,8288,-96,66,22
25837,IMU,362,1548,-40,8444,-83,64,46
25856,IMU,363,1556,-132,8348,-73,55,51
25875,IMU,364,1580,-68,8320,-67,68,45
25894,IMU,365,1504,-92,8448,-70,59,45
25913,IMU,366,1484,108,8372,-89,58,26
25932,IMU,367,1548,-44,8376,-83,62,39
25951,IMU,368,1520,-16,8356,-73,52,39
25970,IMU,369,1524,-24,8412,-79,63,51
25989,IMU,370,1452,-56,8436,-87,65,41
26009,IMU,371,1632,4,8408,-85,58,35
26029,IMU,372,1496,-56,8328,-90,76,61
26047,IMU,373,1448,20,8416,-60,57,40
26065,IMU,374,1544,-68,8412,-74,60,31
26085,IMU,375,1656,-32,8344,-81,51,49
26104,IMU,376,1604,-84,8344,-94,67,52
26123,IMU,377,1512,-16,8404,-76,37,35
26142,IMU,378,1464,-64,8396,-103,67,54
26161,IMU,379,1568,-52,8404,-79,56,56
26180,IMU,380,1600,-16,8396,-72,61,34
26199,IMU,381,1564,-80,8296,-88,47,47
26219,IMU,382,1472,-24,8364,-81,54,36
26240,IMU,383,1508,-12,8312,-92,46,51
26258,IMU,384,1588,44,8492,-81,56,45
26275,IMU,385,1524,52,8320,-92,57,51
26294,IMU,386,1488,-4,8328,-104,75,38
26314,IMU,387,1616,36,8528,-80,47,55
26333,IMU,388,1508,-20,8424,-82,72,46
26352,IMU,389,1464,28,8428,-98,60,40
26371,IMU,390,1452,-32,8368,-77,50,38
26390,IMU,391,1484,-48,8392,-96,65,44
26409,IMU,392,1508,16,8308,-96,53,35
26429,IMU,393,1580,28,8372,-67,62,36
26448,IMU,394,1440,48,8420,-93,69,36
26471,IMU,395,1512,-8,8412,-77,55,40
26488,IMU,396,1620,-52,8356,-78,47,37
26505,IMU,397,1484,-64,8360,-93,70,52
26524,IMU,398,1632,20,8428,-92,60,42
26543,IMU,399,1572,-80,8352,-79,55,27
26563,IMU,400,1584,-32,8384,-91,63,30
26582,IMU,401,1628,0,8344,-75,45,36
26601,IMU,402,1508,20,8404,-78,65,31
26620,IMU,403,1520,-48,8344,-79,59,27
26639,IMU,404,1484,-112,8372,-78,65,61
26658,IMU,405,1556,0,8520,-58,55,55
26678,IMU,406,1520,-108,8476,-79,71,47
26698,IMU,407,1564,16,8360,-90,67,44
26716,IMU,408,1564,4,8288,-89,58,43
26735,IMU,409,1624,-60,8352,-81,52,54
26754,IMU,410,1468,20,8520,-85,69,52
26773,IMU,411,1616,-52,8344,-94,59,42
26793,IMU,412,1584,-116,8324,-102,59,42
26812,IMU,413,1504,-40,8300,-83,55,31
26831,IMU,414,1548,40,8436,-87,70,55
26850,IMU,415,1524,24,8424,-85,62,65
26869,IMU,416,1536,-20,8364,-68,67,47
26888,IMU,417,1564,-96,8264,-77,53,36
26910,IMU,418,1536,-48,8436,-64,40,30
26927,IMU,419,1372,-100,8400,-80,47,43
26946,IMU,420,1516,-68,8416,-85,54,43
26965,IMU,421,1484,48,8404,-80,65,37
26984,IMU,422,1592,-20,8452,-85,65,49
27003,IMU,423,1588,-44,8264,-66,47,39
27022,IMU,424,1604,-4,8340,-92,67,32
27042,IMU,425,1420,-76,8356,-85,58,51
27061,IMU,426,1528,12,8468,-84,49,31
27080,IMU,427,1496,-80,8408,-89,57,52
27099,IMU,428,1532,-68,8404,-73,64,66
27119,IMU,429,1548,-68,8440,-85,64,55
27138,IMU,430,1560,-88,8324,-111,50,41
27157,IMU,431,1484,8,8360,-80,71,15
27176,IMU,432,1716,-88,8380,-79,57,72
27195,IMU,433,1576,20,8404,-73,76,43
27214,IMU,434,1504,24,8356,-100,59,43
27233,IMU,435,1456,128,8464,-100,61,33
27252,IMU,436,1516,-32,8304,-81,56,37
27272,IMU,437,1512,-40,8428,-93,60,47
27291,IMU,438,1576,12,8324,-83,61,41
27310,IMU,439,1516,48,8440,-75,69,40
27329,IMU,440,1468,-56,8376,-70,71,39
27350,IMU,441,1456,20,8400,-75,61,60
27367,IMU,442,1508,-8,8396,-83,69,48
27386,IMU,443,1472,0,8460,-90,72,51
27406,IMU,444,1484,-64,8392,-75,59,35
27426,IMU,445,1480,80,8272,-78,57,34
27444,IMU,446,1600,-76,8376,-98,53,49
27462,IMU,447,1484,-24,8488,-74,56,45
27482,IMU,448,1516,-164,8376,-74,64,48
27501,IMU,449,1508,40,8376,-86,52,55
27520,IMU,450,1376,12,8368,-77,51,47
27539,IMU,451,1496,-80,8372,-93,58,68
27562,IMU,452,1488,-132,8352,-96,61,43
27577,IMU,453,1492,-36,8400,-70,61,26
27596,IMU,454,1572,-20,8344,-92,75,55
27616,IMU,455,1488,-44,8368,-83,50,47
27635,IMU,456,1544,-60,8452,-85,63,36
27654,IMU,457,1532,88,8384,-81,63,39
27672,IMU,458,1492,4,8356,-97,62,37
27692,IMU,459,1412,-12,8424,-70,72,43
27711,IMU,460,1492,-96,8376,-90,75,38
27730,IMU,461,1536,-36,8404,-94,78,56
27749,IMU,462,1512,-52,8364,-74,55,43
27768,IMU,463,1600,-72,8368,-95,61,48
27789,IMU,464,1632,16,8428,-87,53,32
27806,IMU,465,1396,-44,8332,-78,60,48
27826,IMU,466,1508,-116,8440,-92,67,32
27844,IMU,467,1456,44,8340,-76,31,48
27864,IMU,468,1548,-52,8364,-95,60,45
27882,IMU,469,1564,-8,8392,-87,59,39
27904,IMU,470,1472,-20,8396,-82,50,27
27921,IMU,471,1448,-4,8416,-90,70,57
27940,IMU,472,1576,-56,8328,-80,60,35
27959,IMU,473,1520,32,8368,-99,50,48
27978,IMU,474,1440,-48,8380,-99,49,51
28000,IMU,475,1528,-24,8400,-82,63,41
28017,IMU,476,1424,-24,8400,-88,68,42
28035,IMU,477,1648,-8,8404,-81,53,46
28054,IMU,478,1464,-8,8348,-94,65,63
28073,IMU,479,1484,-48,8324,-85,60,50
28092,IMU,480,1520,-44,8416,-98,59,24
28112,IMU,481,1504,-28,8424,-81,61,32
28131,IMU,482,1528,-32,8372,-75,57,41
28150,IMU,483,1476,-56,8380,-77,47,33
28169,IMU,484,1484,-56,8336,-101,43,25
28188,IMU,485,1424,-12,8432,-80,67,50
28207,IMU,486,1548,-84,8324,-99,65,52
28228,IMU,487,1540,8,8356,-74,65,50
28245,IMU,488,1556,48,8396,-83,56,49
28264,IMU,489,1528,-112,8324,-83,65,44
28283,IMU,490,1520,-112,8324,-101,65,46
28302,IMU,491,1504,-24,8304,-90,69,49
28321,IMU,492,1468,-4,8380,-88,61,29
28341,IMU,493,1552,-16,8328,-76,44,40
28359,IMU,494,1460,-72,8340,-84,58,43
28379,IMU,495,1476,-52,8380,-95,53,33
28398,IMU,496,1564,-60,8356,-75,60,34
28417,IMU,497,1488,4,8352,-79,48,44
28439,IMU,498,1520,-132,8412,-88,68,60
28455,IMU,499,1488,-8,8400,-87,66,47
28474,IMU,500,1544,-32,8372,-89,69,42
28493,IMU,501,1600,-40,8412,-73,66,36
28513,IMU,502,1448,-96,8364,-74,49,40
28532,IMU,503,1508,-72,8456,-88,51,42
28551,IMU,504,1524,-4,8364,-82,57,39
28570,IMU,505,1396,-40,8332,-83,58,48
28589,IMU,506,1448,-88,8348,-87,72,36
28608,IMU,507,1432,-4,8392,-86,64,33
28628,IMU,508,1576,-36,8320,-88,65,42
28647,IMU,509,1572,36,8364,-85,65,39
28667,IMU,510,1636,-16,8440,-82,67,37
28685,IMU,511,1528,0,8360,-70,54,50
28704,IMU,512,1592,-28,8340,-94,67,42
28723,IMU,513,1564,-40,8260,-75,52,60
28742,IMU,514,1480,-32,8436,-72,40,45
28762,IMU,515,1492,-56,8372,-77,54,43
28781,IMU,516,1496,-60,8360,-95,69,50
28800,IMU,517,1496,-120,8372,-89,75,48
28819,IMU,518,1576,-44,8344,-85,55,42
28838,IMU,519,1552,-60,8304,-90,47,41
28857,IMU,520,1548,-8,8432,-75,61,50
28878,IMU,521,1520,4,8364,-77,59,45
28896,IMU,522,1520,-20,8340,-81,46,39
28915,IMU,523,1536,-92,8352,-94,63,46
28936,IMU,524,1492,-92,8384,-98,59,50
28953,IMU,525,1528,-24,8348,-81,58,61
28972,IMU,526,1560,-136,8396,-88,62,41
28992,IMU,527,1476,-28,8428,-72,53,29
29011,IMU,528,1440,-116,8300,-87,52,34
29030,IMU,529,1488,-80,8340,-75,50,36
29049,IMU,530,1456,-32,8320,-78,64,42
29068,IMU,531,1508,-64,8396,-88,63,39
29091,IMU,532,1464,52,8432,-104,59,36
29107,IMU,533,1580,-60,8380,-79,69,35
29126,IMU,534,1536,-4,8340,-74,61,54
29145,IMU,535,1556,-36,8400,-94,62,53
29164,IMU,536,1544,-120,8400,-88,76,35
29183,IMU,537,1564,-56,8360,-82,68,47
29202,IMU,538,1540,-64,8368,-57,54,43
29221,IMU,539,1420,-28,8360,-83,63,32
29241,IMU,540,1532,44,8336,-76,69,48
29260,IMU,541,1312,-16,8380,-82,62,37
29279,IMU,542,1444,-20,8388,-88,55,23
29298,IMU,543,1532,4,8304,-73,52,58
29320,IMU,544,1412,20,8308,-92,65,61
29336,IMU,545,1488,-28,8420,-72,71,43
29356,IMU,546,1468,-52,8332,-81,57,40
29375,IMU,547,1500,-76,8384,-97,44,40
29394,IMU,548,1584,-60,8464,-76,52,45
29413,IMU,549,1540,-48,8368,-82,50,34
29432,IMU,550,1508,-12,8304,-87,68,31
29451,IMU,551,1432,-108,8432,-82,76,42
29470,IMU,552,1536,0,8332,-94,67,40
29489,IMU,553,1464,-4,8408,-88,52,57
29509,IMU,554,1572,-56,8496,-93,58,38
29531,IMU,555,1496,-52,8400,-95,61,63
29547,IMU,556,1636,-76,8376,-84,54,36
29566,IMU,557,1508,-84,8392,-69,58,42
29585,IMU,558,1496,-40,8364,-66,56,43
29604,IMU,559,1392,-136,8412,-74,47,45
29623,IMU,560,1560,-24,8328,-75,54,39
29642,IMU,561,1544,-40,8428,-97,86,37
29661,IMU,562,1468,28,8400,-86,57,33
29680,IMU,563,1524,-52,8288,-80,50,36
29699,IMU,564,1544,36,8428,-88,48,49
29719,IMU,565,1540,-60,8344,-80,66,45
29738,IMU,566,1528,-12,8348,-63,58,30
29758,IMU,567,1532,-72,8372,-83,60,47
29777,IMU,568,1452,-80,8448,-67,61,41
29795,IMU,569,1496,-20,8428,-89,60,43
29814,IMU,570,1452,12,8376,-92,39,45
29833,IMU,571,1596,-64,8300,-85,58,27
29852,IMU,572,1428,104,8376,-78,62,34
29871,IMU,573,1508,48,8268,-77,41,37
29890,IMU,574,1520,-68,8340,-78,59,48
29909,IMU,575,1628,-52,8412,-60,49,38
29929,IMU,576,1628,-108,8372,-107,55,39
29948,IMU,577,1608,-36,8452,-66,44,36
29971,IMU,578,1444,-132,8348,-89,70,32
29987,IMU,579,1552,-12,8292,-87,47,42
30004,IMU,580,1504,-72,8360,-92,49,34
30024,IMU,581,1544,-4,8400,-87,56,41
30043,IMU,582,1420,-40,8348,-83,75,56
30062,IMU,583,1452,-24,8376,-79,54,46
30081,IMU,584,1620,-68,8432,-64,72,35
30100,IMU,585,1512,-4,8356,-93,67,41
30119,IMU,586,1660,-120,8324,-80,62,42
30138,IMU,587,1488,4,8336,-74,66,58
30158,IMU,588,1552,20,8392,-90,66,38
30176,IMU,589,1516,16,8304,-88,58,42
30196,IMU,590,1572,-80,8328,-81,42,46
30214,IMU,591,1480,-64,8380,-68,82,45
30234,IMU,592,1516,-56,8340,-85,60,54
30253,IMU,593,1528,-80,8364,-80,53,41
30272,IMU,594,1452,68,8360,-74,58,36
30291,IMU,595,1504,-80,8396,-94,65,27
30310,IMU,596,1532,20,8264,-69,63,51
30330,IMU,597,1452,-20,8408,-76,45,34
30348,IMU,598,1448,12,8356,-81,62,33
30367,IMU,599,1456,-100,8392,-75,54,31
30387,IMU,600,1568,-52,8404,-94,59,52
30408,IMU,601,1568,-24,8372,-92,60,55
30424,IMU,602,1468,-104,8352,-86,68,52
30443,IMU,603,1616,-48,8348,-84,54,47
30463,IMU,604,1584,-96,8320,-72,57,36
30482,IMU,605,1512,32,8404,-69,51,40
30501,IMU,606,1576,-100,8348,-82,49,37
30522,IMU,607,1508,-120,8348,-86,74,49
30539,IMU,608,1424,-28,8404,-83,69,52
30558,IMU,609,1560,-20,8308,-76,60,29
30578,IMU,610,1528,-56,8420,-74,63,30
30597,IMU,611,1428,44,8392,-89,48,54
30618,IMU,612,1488,-12,8352,-76,58,47
30636,IMU,613,1468,4,8420,-98,71,42
30654,IMU,614,1524,40,8396,-70,46,44
30673,IMU,615,1560,16,8344,-87,67,35
30693,IMU,616,1544,-48,8276,-90,48,53
30712,IMU,617,1576,-28,8384,-86,63,27
30731,IMU,618,1404,-72,8368,-85,59,53
30750,IMU,619,1404,-12,8420,-93,67,34
30769,IMU,620,1544,60,8324,-92,52,44
30788,IMU,621,1652,-64,8396,-92,46,37
30807,IMU,622,1504,16,8368,-66,69,61
30827,IMU,623,1540,-48,8384,-88,60,60
26222,ECG,2048,1285,0,0,0,0,0
26226,ECG,2049,1276,0,0,0,0,0
26226,ECG,2050,1268,0,0,0,0,0
26231,ECG,2051,1259,0,0,0,0,0
26231,ECG,2052,1251,0,0,0,0,0
26236,ECG,2053,1234,0,0,0,0,0
26236,ECG,2054,1225,0,0,0,0,0
26241,ECG,2055,1217,0,0,0,0,0
26241,ECG,2056,1209,0,0,0,0,0
26241,ECG,2057,1201,0,0,0,0,0
26246,ECG,2058,1192,0,0,0,0,0
26246,ECG,2059,1184,0,0,0,0,0
26251,ECG,2060,1176,0,0,0,0,0
26251,ECG,2061,1168,0,0,0,0,0
26251,ECG,2062,1160,0,0,0,0,0
26256,ECG,2063,1152,0,0,0,0,0
26256,ECG,2064,1145,0,0,0,0,0
26261,ECG,2065,1137,0,0,0,0,0
26261,ECG,2066,1129,0,0,0,0,0
26261,ECG,2067,1121,0,0,0,0,0
27268,ECG,2068,0,0,0,0,0,0
27268,ECG,2069,-1,0,0,0,0,0
27268,ECG,2070,-6,0,0,0,0,0
27273,ECG,2071,2,0,0,0,0,0
27273,ECG,2072,6,0,0,0,0,0
27278,ECG,2073,38,0,0,0,0,0
27278,ECG,2074,-16,0,0,0,0,0
27283,ECG,2075,-26,0,0,0,0,0
27283,ECG,2076,151,0,0,0,0,0
27284,ECG,2077,-753,0,0,0,0,0
27288,ECG,2078,-2109,0,0,0,0,0
27288,ECG,2079,-1850,0,0,0,0,0
27293,ECG,2080,-36,0,0,0,0,0
27293,ECG,2081,3394,0,0,0,0,0
27298,ECG,2082,15156,0,0,0,0,0
27298,ECG,2083,21689,0,0,0,0,0
27303,ECG,2084,27397,0,0,0,0,0
27303,ECG,2085,31311,0,0,0,0,0
27303,ECG,2086,32011,0,0,0,0,0
27308,ECG,2087,31810,0,0,0,0,0
27308,ECG,2088,31610,0,0,0,0,0
27313,ECG,2089,31343,0,0,0,0,0
27313,ECG,2090,31109,0,0,0,0,0
27313,ECG,2091,31019,0,0,0,0,0
27318,ECG,2092,30731,0,0,0,0,0
27318,ECG,2093,30591,0,0,0,0,0
27323,ECG,2094,30395,0,0,0,0,0
27323,ECG,2095,30195,0,0,0,0,0
27323,ECG,2096,30019,0,0,0,0,0
27328,ECG,2097,29827,0,0,0,0,0
27328,ECG,2098,29638,0,0,0,0,0
27333,ECG,2099,29266,0,0,0,0,0
27333,ECG,2100,29082,0,0,0,0,0
27338,ECG,2101,28900,0,0,0,0,0
27338,ECG,2102,28718,0,0,0,0,0
27343,ECG,2103,28358,0,0,0,0,0
27343,ECG,2104,28180,0,0,0,0,0
27348,ECG,2105,28002,0,0,0,0,0
27348,ECG,2106,27826,0,0,0,0,0
27348,ECG,2107,27651,0,0,0,0,0
27353,ECG,2108,27478,0,0,0,0,0
27353,ECG,2109,27305,0,0,0,0,0
27358,ECG,2110,27133,0,0,0,0,0
27358,ECG,2111,26963,0,0,0,0,0
27358,ECG,2112,26793,0,0,0,0,0
27363,ECG,2113,26625,0,0,0,0,0
27363,ECG,2114,26457,0,0,0,0,0
27368,ECG,2115,26291,0,0,0,0,0
27368,ECG,2116,26126,0,0,0,0,0
27368,ECG,2117,25961,0,0,0,0,0
27373,ECG,2118,25798,0,0,0,0,0
27373,ECG,2119,25636,0,0,0,0,0
27378,ECG,2120,25314,0,0,0,0,0
27378,ECG,2121,25155,0,0,0,0,0
27383,ECG,2122,24997,0,0,0,0,0
27383,ECG,2123,24840,0,0,0,0,0
27388,ECG,2124,24528,0,0,0,0,0
27388,ECG,2125,24374,0,0,0,0,0
27393,ECG,2126,24221,0,0,0,0,0
27393,ECG,2127,24068,0,0,0,0,0
27398,ECG,2128,23766,0,0,0,0,0
27398,ECG,2129,23617,0,0,0,0,0
27403,ECG,2130,23468,0,0,0,0,0
27403,ECG,2131,23321,0,0,0,0,0
27403,ECG,2132,23174,0,0,0,0,0
27408,ECG,2133,23028,0,0,0,0,0
27408,ECG,2134,22883,0,0,0,0,0
27413,ECG,2135,22739,0,0,0,0,0
27413,ECG,2136,22596,0,0,0,0,0
27413,ECG,2137,22454,0,0,0,0,0
27418,ECG,2138,22313,0,0,0,0,0
27418,ECG,2139,22172,0,0,0,0,0
27423,ECG,2140,22033,0,0,0,0,0
27423,ECG,2141,21894,0,0,0,0,0
27423,ECG,2142,21756,0,0,0,0,0
27428,ECG,2143,21619,0,0,0,0,0
27428,ECG,2144,21483,0,0,0,0,0
27433,ECG,2145,21214,0,0,0,0,0
27433,ECG,2146,21080,0,0,0,0,0
27438,ECG,2147,20948,0,0,0,0,0
27438,ECG,2148,20816,0,0,0,0,0
27439,ECG,2149,20685,0,0,0,0,0
27443,ECG,2150,20555,0,0,0,0,0
27443,ECG,2151,20425,0,0,0,0,0
27448,ECG,2152,20297,0,0,0,0,0
27448,ECG,2153,20169,0,0,0,0,0
27453,ECG,2154,19916,0,0,0,0,0
27453,ECG,2155,19790,0,0,0,0,0
27458,ECG,2156,19666,0,0,0,0,0
27458,ECG,2157,19542,0,0,0,0,0
27458,ECG,2158,19419,0,0,0,0,0
27463,ECG,2159,19297,0,0,0,0,0
27463,ECG,2160,19175,0,0,0,0,0
27468,ECG,2161,19055,0,0,0,0,0
27468,ECG,2162,18935,0,0,0,0,0
27468,ECG,2163,18815,0,0,0,0,0
27473,ECG,2164,18697,0,0,0,0,0
27473,ECG,2165,18579,0,0,0,0,0
27478,ECG,2166,18462,0,0,0,0,0
27478,ECG,2167,18346,0,0,0,0,0
27478,ECG,2168,18230,0,0,0,0,0
27483,ECG,2169,18116,0,0,0,0,0
27483,ECG,2170,18002,0,0,0,0,0
27484,ECG,2171,17888,0,0,0,0,0
27488,ECG,2172,17775,0,0,0,0,0
27488,ECG,2173,17663,0,0,0,0,0
27493,ECG,2174,17552,0,0,0,0,0
27493,ECG,2175,17442,0,0,0,0,0
27498,ECG,2176,17222,0,0,0,0,0
27498,ECG,2177,17114,0,0,0,0,0
27503,ECG,2178,17006,0,0,0,0,0
27503,ECG,2179,16899,0,0,0,0,0
27503,ECG,2180,16792,0,0,0,0,0
27508,ECG,2181,16687,0,0,0,0,0
27508,ECG,2182,16581,0,0,0,0,0
27513,ECG,2183,16477,0,0,0,0,0
27513,ECG,2184,16373,0,0,0,0,0
27513,ECG,2185,16270,0,0,0,0,0
27518,ECG,2186,16167,0,0,0,0,0
27518,ECG,2187,16065,0,0,0,0,0
27523,ECG,2188,15964,0,0,0,0,0
27523,ECG,2189,15864,0,0,0,0,0
27523,ECG,2190,15764,0,0,0,0,0
27528,ECG,2191,15664,0,0,0,0,0
27528,ECG,2192,15566,0,0,0,0,0
27533,ECG,2193,15370,0,0,0,0,0
27533,ECG,2194,15273,0,0,0,0,0
27538,ECG,2195,15177,0,0,0,0,0
27538,ECG,2196,15081,0,0,0,0,0
27539,ECG,2197,14986,0,0,0,0,0
27543,ECG,2198,14891,0,0,0,0,0
27543,ECG,2199,14797,0,0,0,0,0
27548,ECG,2200,14704,0,0,0,0,0
27548,ECG,2201,14611,0,0,0,0,0
27548,ECG,2202,14519,0,0,0,0,0
27553,ECG,2203,14428,0,0,0,0,0
27553,ECG,2204,14337,0,0,0,0,0
27558,ECG,2205,14246,0,0,0,0,0
27558,ECG,2206,14156,0,0,0,0,0
27558,ECG,2207,14067,0,0,0,0,0
27563,ECG,2208,13978,0,0,0,0,0
27563,ECG,2209,13890,0,0,0,0,0
27568,ECG,2210,13802,0,0,0,0,0
27568,ECG,2211,13715,0,0,0,0,0
27568,ECG,2212,13629,0,0,0,0,0
27573,ECG,2213,13543,0,0,0,0,0
27573,ECG,2214,13457,0,0,0,0,0
27578,ECG,2215,13372,0,0,0,0,0
27578,ECG,2216,13288,0,0,0,0,0
27578,ECG,2217,13204,0,0,0,0,0
27583,ECG,2218,13121,0,0,0,0,0
27583,ECG,2219,13038,0,0,0,0,0
27588,ECG,2220,12874,0,0,0,0,0
27588,ECG,2221,12793,0,0,0,0,0
27593,ECG,2222,12712,0,0,0,0,0
27593,ECG,2223,12632,0,0,0,0,0
27598,ECG,2224,12473,0,0,0,0,0
27598,ECG,2225,12394,0,0,0,0,0
27603,ECG,2226,12316,0,0,0,0,0
27603,ECG,2227,12238,0,0,0,0,0
27603,ECG,2228,12161,0,0,0,0,0
27608,ECG,2229,12084,0,0,0,0,0
27608,ECG,2230,12008,0,0,0,0,0
27613,ECG,2231,11932,0,0,0,0,0
27613,ECG,2232,11857,0,0,0,0,0
27613,ECG,2233,11782,0,0,0,0,0
27618,ECG,2234,11707,0,0,0,0,0
27618,ECG,2235,11633,0,0,0,0,0
27623,ECG,2236,11560,0,0,0,0,0
27623,ECG,2237,11487,0,0,0,0,0
27623,ECG,2238,11414,0,0,0,0,0
27628,ECG,2239,11342,0,0,0,0,0
27628,ECG,2240,11271,0,0,0,0,0
27633,ECG,2241,11129,0,0,0,0,0
27633,ECG,2242,11058,0,0,0,0,0
27638,ECG,2243,10988,0,0,0,0,0
27638,ECG,2244,10919,0,0,0,0,0
27643,ECG,2245,10781,0,0,0,0,0
27643,ECG,2246,10713,0,0,0,0,0
27648,ECG,2247,10645,0,0,0,0,0
27648,ECG,2248,10578,0,0,0,0,0
27648,ECG,2249,10511,0,0,0,0,0
27653,ECG,2250,10445,0,0,0,0,0
27653,ECG,2251,10379,0,0,0,0,0
27658,ECG,2252,10313,0,0,0,0,0
27658,ECG,2253,10248,0,0,0,0,0
27658,ECG,2254,10183,0,0,0,0,0
27663,ECG,2255,10118,0,0,0,0,0
27663,ECG,2256,10054,0,0,0,0,0
27668,ECG,2257,9991,0,0,0,0,0
27668,ECG,2258,9928,0,0,0,0,0
27668,ECG,2259,9865,0,0,0,0,0
27673,ECG,2260,9802,0,0,0,0,0
27673,ECG,2261,9740,0,0,0,0,0
27678,ECG,2262,9679,0,0,0,0,0
27678,ECG,2263,9617,0,0,0,0,0
27678,ECG,2264,9557,0,0,0,0,0
27683,ECG,2265,9496,0,0,0,0,0
27683,ECG,2266,9436,0,0,0,0,0
27688,ECG,2267,9317,0,0,0,0,0
27688,ECG,2268,9258,0,0,0,0,0
27693,ECG,2269,9200,0,0,0,0,0
27693,ECG,2270,9141,0,0,0,0,0
27698,ECG,2271,9026,0,0,0,0,0
27698,ECG,2272,8969,0,0,0,0,0
27703,ECG,2273,8912,0,0,0,0,0
27703,ECG,2274,8855,0,0,0,0,0
27703,ECG,2275,8799,0,0,0,0,0
27708,ECG,2276,8744,0,0,0,0,0
27708,ECG,2277,8688,0,0,0,0,0
27713,ECG,2278,8633,0,0,0,0,0
27713,ECG,2279,8578,0,0,0,0,0
27713,ECG,2280,8524,0,0,0,0,0
27718,ECG,2281,8470,0,0,0,0,0
27718,ECG,2282,8416,0,0,0,0,0
27723,ECG,2283,8363,0,0,0,0,0
27723,ECG,2284,8310,0,0,0,0,0
27723,ECG,2285,8257,0,0,0,0,0
27728,ECG,2286,8205,0,0,0,0,0
27728,ECG,2287,8153,0,0,0,0,0
27733,ECG,2288,8101,0,0,0,0,0
27733,ECG,2289,8050,0,0,0,0,0
27733,ECG,2290,7999,0,0,0,0,0
27738,ECG,2291,7948,0,0,0,0,0
27738,ECG,2292,7898,0,0,0,0,0
27739,ECG,2293,7848,0,0,0,0,0
27743,ECG,2294,7798,0,0,0,0,0
27743,ECG,2295,7749,0,0,0,0,0
27748,ECG,2296,7699,0,0,0,0,0
27748,ECG,2297,7651,0,0,0,0,0
27753,ECG,2298,7554,0,0,0,0,0
27753,ECG,2299,7506,0,0,0,0,0
27758,ECG,2300,7458,0,0,0,0,0
27758,ECG,2301,7411,0,0,0,0,0
27758,ECG,2302,7364,0,0,0,0,0
27763,ECG,2303,7317,0,0,0,0,0
27763,ECG,2304,7271,0,0,0,0,0
27768,ECG,2305,7224,0,0,0,0,0
27768,ECG,2306,7178,0,0,0,0,0
27768,ECG,2307,7133,0,0,0,0,0
27773,ECG,2308,7088,0,0,0,0,0
27773,ECG,2309,7043,0,0,0,0,0
27778,ECG,2310,6998,0,0,0,0,0
27778,ECG,2311,6953,0,0,0,0,0
27778,ECG,2312,6909,0,0,0,0,0
27783,ECG,2313,6865,0,0,0,0,0
27783,ECG,2314,6821,0,0,0,0,0
27788,ECG,2315,6735,0,0,0,0,0
27788,ECG,2316,6692,0,0,0,0,0
27793,ECG,2317,6650,0,0,0,0,0
27793,ECG,2318,6608,0,0,0,0,0
27794,ECG,2319,6566,0,0,0,0,0
27798,ECG,2320,6524,0,0,0,0,0
27798,ECG,2321,6482,0,0,0,0,0
27803,ECG,2322,6441,0,0,0,0,0
27803,ECG,2323,6400,0,0,0,0,0
27803,ECG,2324,6359,0,0,0,0,0
27808,ECG,2325,6319,0,0,0,0,0
27808,ECG,2326,6279,0,0,0,0,0
27813,ECG,2327,6239,0,0,0,0,0
27813,ECG,2328,6199,0,0,0,0,0
27813,ECG,2329,6159,0,0,0,0,0
27818,ECG,2330,6120,0,0,0,0,0
27818,ECG,2331,6081,0,0,0,0,0
27823,ECG,2332,6042,0,0,0,0,0
27823,ECG,2333,6004,0,0,0,0,0
27823,ECG,2334,5966,0,0,0,0,0
27828,ECG,2335,5928,0,0,0,0,0
27828,ECG,2336,5890,0,0,0,0,0
27833,ECG,2337,5852,0,0,0,0,0
27833,ECG,2338,5815,0,0,0,0,0
27833,ECG,2339,5778,0,0,0,0,0
27838,ECG,2340,5741,0,0,0,0,0
27838,ECG,2341,5705,0,0,0,0,0
27843,ECG,2342,5632,0,0,0,0,0
27843,ECG,2343,5596,0,0,0,0,0
27848,ECG,2344,5561,0,0,0,0,0
27848,ECG,2345,5525,0,0,0,0,0
27853,ECG,2346,5455,0,0,0,0,0
27853,ECG,2347,5420,0,0,0,0,0
27858,ECG,2348,5386,0,0,0,0,0
27858,ECG,2349,5351,0,0,0,0,0
27858,ECG,2350,5317,0,0,0,0,0
27863,ECG,2351,5283,0,0,0,0,0
27863,ECG,2352,5249,0,0,0,0,0
27868,ECG,2353,5216,0,0,0,0,0
27868,ECG,2354,5183,0,0,0,0,0
27868,ECG,2355,5150,0,0,0,0,0
27873,ECG,2356,5117,0,0,0,0,0
27873,ECG,2357,5084,0,0,0,0,0
27878,ECG,2358,5051,0,0,0,0,0
27878,ECG,2359,5019,0,0,0,0,0
27878,ECG,2360,4987,0,0,0,0,0
27883,ECG,2361,4955,0,0,0,0,0
27883,ECG,2362,4924,0,0,0,0,0
27888,ECG,2363,4861,0,0,0,0,0
27888,ECG,2364,4830,0,0,0,0,0
27893,ECG,2365,4799,0,0,0,0,0
27893,ECG,2366,4768,0,0,0,0,0
27894,ECG,2367,4738,0,0,0,0,0
27898,ECG,2368,4707,0,0,0,0,0
27898,ECG,2369,4677,0,0,0,0,0
27903,ECG,2370,4647,0,0,0,0,0
27903,ECG,2371,4618,0,0,0,0,0
27908,ECG,2372,4559,0,0,0,0,0
27908,ECG,2373,4530,0,0,0,0,0
27913,ECG,2374,4501,0,0,0,0,0
27913,ECG,2375,4472,0,0,0,0,0
27913,ECG,2376,4443,0,0,0,0,0
27918,ECG,2377,4415,0,0,0,0,0
27918,ECG,2378,4386,0,0,0,0,0
27923,ECG,2379,4358,0,0,0,0,0
27923,ECG,2380,4330,0,0,0,0,0
27923,ECG,2381,4303,0,0,0,0,0
27928,ECG,2382,4275,0,0,0,0,0
27928,ECG,2383,4248,0,0,0,0,0
27933,ECG,2384,4220,0,0,0,0,0
27933,ECG,2385,4193,0,0,0,0,0
27933,ECG,2386,4166,0,0,0,0,0
27938,ECG,2387,4140,0,0,0,0,0
27938,ECG,2388,4113,0,0,0,0,0
27943,ECG,2389,4060,0,0,0,0,0
27943,ECG,2390,4034,0,0,0,0,0
27948,ECG,2391,4008,0,0,0,0,0
27948,ECG,2392,3983,0,0,0,0,0
27953,ECG,2393,3932,0,0,0,0,0
27953,ECG,2394,3906,0,0,0,0,0
27958,ECG,2395,3881,0,0,0,0,0
27958,ECG,2396,3856,0,0,0,0,0
27958,ECG,2397,3832,0,0,0,0,0
27963,ECG,2398,3807,0,0,0,0,0
27963,ECG,2399,3782,0,0,0,0,0
27968,ECG,2400,3758,0,0,0,0,0
27968,ECG,2401,3734,0,0,0,0,0
27968,ECG,2402,3710,0,0,0,0,0
27973,ECG,2403,3686,0,0,0,0,0
27973,ECG,2404,3662,0,0,0,0,0
27978,ECG,2405,3639,0,0,0,0,0
27978,ECG,2406,3615,0,0,0,0,0
27978,ECG,2407,3592,0,0,0,0,0
27983,ECG,2408,3569,0,0,0,0,0
27983,ECG,2409,3546,0,0,0,0,0
27988,ECG,2410,3523,0,0,0,0,0
27988,ECG,2411,3500,0,0,0,0,0
27988,ECG,2412,3478,0,0,0,0,0
27993,ECG,2413,3455,0,0,0,0,0
27993,ECG,2414,3433,0,0,0,0,0
27998,ECG,2415,3389,0,0,0,0,0
27998,ECG,2416,3367,0,0,0,0,0
28003,ECG,2417,3345,0,0,0,0,0
28003,ECG,2418,3324,0,0,0,0,0
28008,ECG,2419,3281,0,0,0,0,0
28008,ECG,2420,3260,0,0,0,0,0
28013,ECG,2421,3239,0,0,0,0,0
28013,ECG,2422,3218,0,0,0,0,0
28013,ECG,2423,3197,0,0,0,0,0
28018,ECG,2424,3176,0,0,0,0,0
28018,ECG,2425,3156,0,0,0,0,0
28023,ECG,2426,3135,0,0,0,0,0
28023,ECG,2427,3115,0,0,0,0,0
28023,ECG,2428,3095,0,0,0,0,0
28028,ECG,2429,3075,0,0,0,0,0
28028,ECG,2430,3055,0,0,0,0,0
28033,ECG,2431,3035,0,0,0,0,0
28033,ECG,2432,3015,0,0,0,0,0
28033,ECG,2433,2996,0,0,0,0,0
28038,ECG,2434,2976,0,0,0,0,0
28038,ECG,2435,2957,0,0,0,0,0
28043,ECG,2436,2919,0,0,0,0,0
28043,ECG,2437,2900,0,0,0,0,0
28048,ECG,2438,2881,0,0,0,0,0
28048,ECG,2439,2862,0,0,0,0,0
28053,ECG,2440,2825,0,0,0,0,0
28053,ECG,2441,2807,0,0,0,0,0
28058,ECG,2442,2789,0,0,0,0,0
28058,ECG,2443,2771,0,0,0,0,0
28058,ECG,2444,2753,0,0,0,0,0
28063,ECG,2445,2735,0,0,0,0,0
28063,ECG,2446,2717,0,0,0,0,0
28068,ECG,2447,2700,0,0,0,0,0
28068,ECG,2448,2682,0,0,0,0,0
28068,ECG,2449,2665,0,0,0,0,0
28073,ECG,2450,2647,0,0,0,0,0
28073,ECG,2451,2630,0,0,0,0,0
28078,ECG,2452,2613,0,0,0,0,0
28078,ECG,2453,2596,0,0,0,0,0
28078,ECG,2454,2579,0,0,0,0,0
28083,ECG,2455,2562,0,0,0,0,0
28083,ECG,2456,2546,0,0,0,0,0
28088,ECG,2457,2513,0,0,0,0,0
28088,ECG,2458,2496,0,0,0,0,0
28093,ECG,2459,2480,0,0,0,0,0
28093,ECG,2460,2464,0,0,0,0,0
28094,ECG,2461,2448,0,0,0,0,0
28098,ECG,2462,2432,0,0,0,0,0
28098,ECG,2463,2416,0,0,0,0,0
28103,ECG,2464,2400,0,0,0,0,0
28103,ECG,2465,2385,0,0,0,0,0
28103,ECG,2466,2369,0,0,0,0,0
28108,ECG,2467,2354,0,0,0,0,0
28108,ECG,2468,2338,0,0,0,0,0
28113,ECG,2469,2323,0,0,0,0,0
28113,ECG,2470,2308,0,0,0,0,0
28113,ECG,2471,2293,0,0,0,0,0
28118,ECG,2472,2278,0,0,0,0,0
28118,ECG,2473,2263,0,0,0,0,0
28123,ECG,2474,2248,0,0,0,0,0
28123,ECG,2475,2233,0,0,0,0,0
28123,ECG,2476,2219,0,0,0,0,0
28128,ECG,2477,2204,0,0,0,0,0
28128,ECG,2478,2190,0,0,0,0,0
28133,ECG,2479,2176,0,0,0,0,0
28133,ECG,2480,2161,0,0,0,0,0
28133,ECG,2481,2147,0,0,0,0,0
28138,ECG,2482,2133,0,0,0,0,0
28138,ECG,2483,2119,0,0,0,0,0
28143,ECG,2484,2091,0,0,0,0,0
28143,ECG,2485,2078,0,0,0,0,0
28148,ECG,2486,2064,0,0,0,0,0
28148,ECG,2487,2050,0,0,0,0,0
28153,ECG,2488,2023,0,0,0,0,0
28153,ECG,2489,2010,0,0,0,0,0
28158,ECG,2490,1997,0,0,0,0,0
28158,ECG,2491,1984,0,0,0,0,0
28158,ECG,2492,1971,0,0,0,0,0
28163,ECG,2493,1958,0,0,0,0,0
28163,ECG,2494,1945,0,0,0,0,0
28168,ECG,2495,1932,0,0,0,0,0
28168,ECG,2496,1919,0,0,0,0,0
28168,ECG,2497,1906,0,0,0,0,0
28173,ECG,2498,1894,0,0,0,0,0
28173,ECG,2499,1881,0,0,0,0,0
28178,ECG,2500,1869,0,0,0,0,0
28178,ECG,2501,1857,0,0,0,0,0
28178,ECG,2502,1844,0,0,0,0,0
28183,ECG,2503,1832,0,0,0,0,0
28183,ECG,2504,1820,0,0,0,0,0
28188,ECG,2505,1796,0,0,0,0,0
28188,ECG,2506,1784,0,0,0,0,0
28193,ECG,2507,1772,0,0,0,0,0
28193,ECG,2508,1761,0,0,0,0,0
28194,ECG,2509,1749,0,0,0,0,0
28198,ECG,2510,1737,0,0,0,0,0
28198,ECG,2511,1726,0,0,0,0,0
28203,ECG,2512,1714,0,0,0,0,0
28203,ECG,2513,1703,0,0,0,0,0
28208,ECG,2514,1681,0,0,0,0,0
28208,ECG,2515,1669,0,0,0,0,0
28213,ECG,2516,1658,0,0,0,0,0
28213,ECG,2517,1647,0,0,0,0,0
28213,ECG,2518,1636,0,0,0,0,0
28218,ECG,2519,1625,0,0,0,0,0
28218,ECG,2520,1615,0,0,0,0,0
28223,ECG,2521,1604,0,0,0,0,0
28223,ECG,2522,1593,0,0,0,0,0
28223,ECG,2523,1583,0,0,0,0,0
28228,ECG,2524,1572,0,0,0,0,0
28228,ECG,2525,1562,0,0,0,0,0
28233,ECG,2526,1551,0,0,0,0,0
28233,ECG,2527,1541,0,0,0,0,0
28233,ECG,2528,1531,0,0,0,0,0
28238,ECG,2529,1520,0,0,0,0,0
28238,ECG,2530,1510,0,0,0,0,0
28243,ECG,2531,1490,0,0,0,0,0
28243,ECG,2532,1480,0,0,0,0,0
28248,ECG,2533,1470,0,0,0,0,0
28248,ECG,2534,1460,0,0,0,0,0
28253,ECG,2535,1441,0,0,0,0,0
28253,ECG,2536,1431,0,0,0,0,0
28258,ECG,2537,1422,0,0,0,0,0
28258,ECG,2538,1412,0,0,0,0,0
28258,ECG,2539,1403,0,0,0,0,0
28263,ECG,2540,1393,0,0,0,0,0
28263,ECG,2541,1384,0,0,0,0,0
28268,ECG,2542,1375,0,0,0,0,0
28268,ECG,2543,1365,0,0,0,0,0
28268,ECG,2544,1356,0,0,0,0,0
28273,ECG,2545,1347,0,0,0,0,0
28273,ECG,2546,1338,0,0,0,0,0
28278,ECG,2547,1329,0,0,0,0,0
28278,ECG,2548,1320,0,0,0,0,0
28278,ECG,2549,1311,0,0,0,0,0
28283,ECG,2550,1302,0,0,0,0,0
28283,ECG,2551,1294,0,0,0,0,0
28288,ECG,2552,1276,0,0,0,0,0
28288,ECG,2553,1268,0,0,0,0,0
28293,ECG,2554,1259,0,0,0,0,0
28293,ECG,2555,1251,0,0,0,0,0
28294,ECG,2556,1242,0,0,0,0,0
28298,ECG,2557,1234,0,0,0,0,0
28298,ECG,2558,1225,0,0,0,0,0
28303,ECG,2559,1217,0,0,0,0,0
28303,ECG,2560,1209,0,0,0,0,0
28308,ECG,2561,1192,0,0,0,0,0
28308,ECG,2562,1184,0,0,0,0,0
28313,ECG,2563,1176,0,0,0,0,0
28313,ECG,2564,1168,0,0,0,0,0
28313,ECG,2565,1160,0,0,0,0,0
28318,ECG,2566,1152,0,0,0,0,0
28318,ECG,2567,1145,0,0,0,0,0
28323,ECG,2568,1137,0,0,0,0,0
28323,ECG,2569,1129,0,0,0,0,0
28323,ECG,2570,1121,0,0,0,0,0
28328,ECG,2571,1114,0,0,0,0,0
28328,ECG,2572,1106,0,0,0,0,0
28333,ECG,2573,1099,0,0,0,0,0
28333,ECG,2574,1091,0,0,0,0,0
28333,ECG,2575,1084,0,0,0,0,0
28338,ECG,2576,1076,0,0,0,0,0
28338,ECG,2577,1069,0,0,0,0,0
29345,ECG,2578,0,0,0,0,0,0
29345,ECG,2579,-1,0,0,0,0,0
29345,ECG,2580,-6,0,0,0,0,0
29350,ECG,2581,2,0,0,0,0,0
29350,ECG,2582,6,0,0,0,0,0
29355,ECG,2583,38,0,0,0,0,0
29355,ECG,2584,-16,0,0,0,0,0
29360,ECG,2585,-26,0,0,0,0,0
29360,ECG,2586,151,0,0,0,0,0
29361,ECG,2587,-753,0,0,0,0,0
29365,ECG,2588,-2109,0,0,0,0,0
29365,ECG,2589,-1850,0,0,0,0,0
29370,ECG,2590,-36,0,0,0,0,0
29370,ECG,2591,3394,0,0,0,0,0
29370,ECG,2592,8729,0,0,0,0,0
29375,ECG,2593,15156,0,0,0,0,0
29375,ECG,2594,21689,0,0,0,0,0
29380,ECG,2595,27397,0,0,0,0,0
29380,ECG,2596,31311,0,0,0,0,0
29380,ECG,2597,32011,0,0,0,0,0
29385,ECG,2598,31810,0,0,0,0,0
29385,ECG,2599,31610,0,0,0,0,0
29390,ECG,2600,31343,0,0,0,0,0
29390,ECG,2601,31109,0,0,0,0,0
29390,ECG,2602,31019,0,0,0,0,0
29395,ECG,2603,30731,0,0,0,0,0
29395,ECG,2604,30591,0,0,0,0,0
29400,ECG,2605,30395,0,0,0,0,0
29400,ECG,2606,30195,0,0,0,0,0
29400,ECG,2607,30019,0,0,0,0,0
29405,ECG,2608,29827,0,0,0,0,0
29405,ECG,2609,29638,0,0,0,0,0
29410,ECG,2610,29266,0,0,0,0,0
29410,ECG,2611,29082,0,0,0,0,0
29415,ECG,2612,28900,0,0,0,0,0
29415,ECG,2613,28718,0,0,0,0,0
29420,ECG,2614,28358,0,0,0,0,0
29420,ECG,2615,28180,0,0,0,0,0
29425,ECG,2616,28002,0,0,0,0,0
29425,ECG,2617,27826,0,0,0,0,0
29425,ECG,2618,27651,0,0,0,0,0
29430,ECG,2619,27478,0,0,0,0,0
29430,ECG,2620,27305,0,0,0,0,0
29435,ECG,2621,27133,0,0,0,0,0
29435,ECG,2622,26963,0,0,0,0,0
29435,ECG,2623,26793,0,0,0,0,0
29440,ECG,2624,26625,0,0,0,0,0
29440,ECG,2625,26457,0,0,0,0,0
29445,ECG,2626,26291,0,0,0,0,0
29445,ECG,2627,26126,0,0,0,0,0
29445,ECG,2628,25961,0,0,0,0,0
29450,ECG,2629,25798,0,0,0,0,0
29450,ECG,2630,25636,0,0,0,0,0
29455,ECG,2631,25314,0,0,0,0,0
29455,ECG,2632,25155,0,0,0,0,0
29460,ECG,2633,24997,0,0,0,0,0
29460,ECG,2634,24840,0,0,0,0,0
29461,ECG,2635,24683,0,0,0,0,0
29465,ECG,2636,24528,0,0,0,0,0
29465,ECG,2637,24374,0,0,0,0,0
29470,ECG,2638,24221,0,0,0,0,0
29470,ECG,2639,24068,0,0,0,0,0
29475,ECG,2640,23766,0,0,0,0,0
29475,ECG,2641,23617,0,0,0,0,0
29480,ECG,2642,23468,0,0,0,0,0
29480,ECG,2643,23321,0,0,0,0,0
29480,ECG,2644,23174,0,0,0,0,0
29485,ECG,2645,23028,0,0,0,0,0
29485,ECG,2646,22883,0,0,0,0,0
29490,ECG,2647,22739,0,0,0,0,0
29490,ECG,2648,22596,0,0,0,0,0
29490,ECG,2649,22454,0,0,0,0,0
29495,ECG,2650,22313,0,0,0,0,0
29495,ECG,2651,22172,0,0,0,0,0
29500,ECG,2652,22033,0,0,0,0,0
29500,ECG,2653,21894,0,0,0,0,0
29500,ECG,2654,21756,0,0,0,0,0
29505,ECG,2655,21619,0,0,0,0,0
29505,ECG,2656,21483,0,0,0,0,0
29510,ECG,2657,21214,0,0,0,0,0
29510,ECG,2658,21080,0,0,0,0,0
29515,ECG,2659,20948,0,0,0,0,0
29515,ECG,2660,20816,0,0,0,0,0
29520,ECG,2661,20555,0,0,0,0,0
29520,ECG,2662,20425,0,0,0,0,0
29525,ECG,2663,20297,0,0,0,0,0
29525,ECG,2664,20169,0,0,0,0,0
29525,ECG,2665,20042,0,0,0,0,0
29530,ECG,2666,19916,0,0,0,0,0
29530,ECG,2667,19790,0,0,0,0,0
29535,ECG,2668,19666,0,0,0,0,0
29535,ECG,2669,19542,0,0,0,0,0
29535,ECG,2670,19419,0,0,0,0,0
29540,ECG,2671,19297,0,0,0,0,0
29540,ECG,2672,19175,0,0,0,0,0
29545,ECG,2673,19055,0,0,0,0,0
29545,ECG,2674,18935,0,0,0,0,0
29545,ECG,2675,18815,0,0,0,0,0
29550,ECG,2676,18697,0,0,0,0,0
29550,ECG,2677,18579,0,0,0,0,0
29555,ECG,2678,18346,0,0,0,0,0
29555,ECG,2679,18230,0,0,0,0,0
29560,ECG,2680,18116,0,0,0,0,0
29560,ECG,2681,18002,0,0,0,0,0
29565,ECG,2682,17775,0,0,0,0,0
29565,ECG,2683,17663,0,0,0,0,0
29570,ECG,2684,17552,0,0,0,0,0
29570,ECG,2685,17442,0,0,0,0,0
29575,ECG,2686,17222,0,0,0,0,0
29575,ECG,2687,17114,0,0,0,0,0
29580,ECG,2688,17006,0,0,0,0,0
29580,ECG,2689,16899,0,0,0,0,0
29580,ECG,2690,16792,0,0,0,0,0
29585,ECG,2691,16687,0,0,0,0,0
29585,ECG,2692,16581,0,0,0,0,0
29590,ECG,2693,16477,0,0,0,0,0
29590,ECG,2694,16373,0,0,0,0,0
29590,ECG,2695,16270,0,0,0,0,0
29595,ECG,2696,16167,0,0,0,0,0
29595,ECG,2697,16065,0,0,0,0,0
29600,ECG,2698,15964,0,0,0,0,0
29600,ECG,2699,15864,0,0,0,0,0
29600,ECG,2700,15764,0,0,0,0,0
29605,ECG,2701,15664,0,0,0,0,0
29605,ECG,2702,15566,0,0,0,0,0
29610,ECG,2703,15370,0,0,0,0,0
29610,ECG,2704,15273,0,0,0,0,0
29615,ECG,2705,15177,0,0,0,0,0
29615,ECG,2706,15081,0,0,0,0,0
29616,ECG,2707,14986,0,0,0,0,0
29620,ECG,2708,14891,0,0,0,0,0
29620,ECG,2709,14797,0,0,0,0,0
29625,ECG,2710,14704,0,0,0,0,0
29625,ECG,2711,14611,0,0,0,0,0
29630,ECG,2712,14428,0,0,0,0,0
29630,ECG,2713,14337,0,0,0,0,0
29635,ECG,2714,14246,0,0,0,0,0
29635,ECG,2715,14156,0,0,0,0,0
29635,ECG,2716,14067,0,0,0,0,0
29640,ECG,2717,13978,0,0,0,0,0
29640,ECG,2718,13890,0,0,0,0,0
29645,ECG,2719,13802,0,0,0,0,0
29645,ECG,2720,13715,0,0,0,0,0
29645,ECG,2721,13629,0,0,0,0,0
29650,ECG,2722,13543,0,0,0,0,0
29650,ECG,2723,13457,0,0,0,0,0
29655,ECG,2724,13372,0,0,0,0,0
29655,ECG,2725,13288,0,0,0,0,0
29655,ECG,2726,13204,0,0,0,0,0
29660,ECG,2727,13121,0,0,0,0,0
29660,ECG,2728,13038,0,0,0,0,0
29665,ECG,2729,12874,0,0,0,0,0
29665,ECG,2730,12793,0,0,0,0,0
29670,ECG,2731,12712,0,0,0,0,0
29670,ECG,2732,12632,0,0,0,0,0
29675,ECG,2733,12473,0,0,0,0,0
29675,ECG,2734,12394,0,0,0,0,0
29680,ECG,2735,12316,0,0,0,0,0
29680,ECG,2736,12238,0,0,0,0,0
29680,ECG,2737,12161,0,0,0,0,0
29685,ECG,2738,12084,0,0,0,0,0
29685,ECG,2739,12008,0,0,0,0,0
29690,ECG,2740,11932,0,0,0,0,0
29690,ECG,2741,11857,0,0,0,0,0
29690,ECG,2742,11782,0,0,0,0,0
29695,ECG,2743,11707,0,0,0,0,0
29695,ECG,2744,11633,0,0,0,0,0
29700,ECG,2745,11560,0,0,0,0,0
29700,ECG,2746,11487,0,0,0,0,0
29700,ECG,2747,11414,0,0,0,0,0
29705,ECG,2748,11342,0,0,0,0,0
29705,ECG,2749,11271,0,0,0,0,0
29710,ECG,2750,11129,0,0,0,0,0
29710,ECG,2751,11058,0,0,0,0,0
29715,ECG,2752,10988,0,0,0,0,0
29715,ECG,2753,10919,0,0,0,0,0
29720,ECG,2754,10781,0,0,0,0,0
29720,ECG,2755,10713,0,0,0,0,0
29725,ECG,2756,10645,0,0,0,0,0
29725,ECG,2757,10578,0,0,0,0,0
29730,ECG,2758,10445,0,0,0,0,0
29730,ECG,2759,10379,0,0,0,0,0
29735,ECG,2760,10313,0,0,0,0,0
29735,ECG,2761,10248,0,0,0,0,0
29735,ECG,2762,10183,0,0,0,0,0
29740,ECG,2763,10118,0,0,0,0,0
29740,ECG,2764,10054,0,0,0,0,0
29745,ECG,2765,9991,0,0,0,0,0
29745,ECG,2766,9928,0,0,0,0,0
29745,ECG,2767,9865,0,0,0,0,0
29750,ECG,2768,9802,0,0,0,0,0
29750,ECG,2769,9740,0,0,0,0,0
29755,ECG,2770,9679,0,0,0,0,0
29755,ECG,2771,9617,0,0,0,0,0
29755,ECG,2772,9557,0,0,0,0,0
29760,ECG,2773,9496,0,0,0,0,0
29760,ECG,2774,9436,0,0,0,0,0
29765,ECG,2775,9317,0,0,0,0,0
29765,ECG,2776,9258,0,0,0,0,0
29770,ECG,2777,9200,0,0,0,0,0
29770,ECG,2778,9141,0,0,0,0,0
29771,ECG,2779,9083,0,0,0,0,0
29775,ECG,2780,9026,0,0,0,0,0
29775,ECG,2781,8969,0,0,0,0,0
29780,ECG,2782,8912,0,0,0,0,0
29780,ECG,2783,8855,0,0,0,0,0
29785,ECG,2784,8744,0,0,0,0,0
29785,ECG,2785,8688,0,0,0,0,0
29790,ECG,2786,8633,0,0,0,0,0
29790,ECG,2787,8578,0,0,0,0,0
29790,ECG,2788,8524,0,0,0,0,0
29795,ECG,2789,8470,0,0,0,0,0
29795,ECG,2790,8416,0,0,0,0,0
29800,ECG,2791,8363,0,0,0,0,0
29800,ECG,2792,8310,0,0,0,0,0
29800,ECG,2793,8257,0,0,0,0,0
29805,ECG,2794,8205,0,0,0,0,0
29805,ECG,2795,8153,0,0,0,0,0
29810,ECG,2796,8101,0,0,0,0,0
29810,ECG,2797,8050,0,0,0,0,0
29810,ECG,2798,7999,0,0,0,0,0
29815,ECG,2799,7948,0,0,0,0,0
29815,ECG,2800,7898,0,0,0,0,0
29820,ECG,2801,7798,0,0,0,0,0
29820,ECG,2802,7749,0,0,0,0,0
29825,ECG,2803,7699,0,0,0,0,0
29825,ECG,2804,7651,0,0,0,0,0
29830,ECG,2805,7554,0,0,0,0,0
29830,ECG,2806,7506,0,0,0,0,0
29835,ECG,2807,7458,0,0,0,0,0
29835,ECG,2808,7411,0,0,0,0,0
29835,ECG,2809,7364,0,0,0,0,0
29840,ECG,2810,7317,0,0,0,0,0
29840,ECG,2811,7271,0,0,0,0,0
29845,ECG,2812,7224,0,0,0,0,0
29845,ECG,2813,7178,0,0,0,0,0
29845,ECG,2814,7133,0,0,0,0,0
29850,ECG,2815,7088,0,0,0,0,0
29850,ECG,2816,7043,0,0,0,0,0
29855,ECG,2817,6998,0,0,0,0,0
29855,ECG,2818,6953,0,0,0,0,0
29855,ECG,2819,6909,0,0,0,0,0
29860,ECG,2820,6865,0,0,0,0,0
29860,ECG,2821,6821,0,0,0,0,0
29865,ECG,2822,6778,0,0,0,0,0
29865,ECG,2823,6735,0,0,0,0,0
29865,ECG,2824,6692,0,0,0,0,0
29870,ECG,2825,6650,0,0,0,0,0
29870,ECG,2826,6608,0,0,0,0,0
29875,ECG,2827,6524,0,0,0,0,0
29875,ECG,2828,6482,0,0,0,0,0
29880,ECG,2829,6441,0,0,0,0,0
29880,ECG,2830,6400,0,0,0,0,0
29885,ECG,2831,6319,0,0,0,0,0
29885,ECG,2832,6279,0,0,0,0,0
29890,ECG,2833,6239,0,0,0,0,0
29890,ECG,2834,6199,0,0,0,0,0
29890,ECG,2835,6159,0,0,0,0,0
29895,ECG,2836,6120,0,0,0,0,0
29895,ECG,2837,6081,0,0,0,0,0
29900,ECG,2838,6042,0,0,0,0,0
29900,ECG,2839,6004,0,0,0,0,0
29900,ECG,2840,5966,0,0,0,0,0
29905,ECG,2841,5928,0,0,0,0,0
29905,ECG,2842,5890,0,0,0,0,0
29910,ECG,2843,5852,0,0,0,0,0
29910,ECG,2844,5815,0,0,0,0,0
29910,ECG,2845,5778,0,0,0,0,0
29915,ECG,2846,5741,0,0,0,0,0
29915,ECG,2847,5705,0,0,0,0,0
29920,ECG,2848,5632,0,0,0,0,0
29920,ECG,2849,5596,0,0,0,0,0
29925,ECG,2850,5561,0,0,0,0,0
29925,ECG,2851,5525,0,0,0,0,0
29930,ECG,2852,5455,0,0,0,0,0
29930,ECG,2853,5420,0,0,0,0,0
29935,ECG,2854,5386,0,0,0,0,0
29935,ECG,2855,5351,0,0,0,0,0
29935,ECG,2856,5317,0,0,0,0,0
29940,ECG,2857,5283,0,0,0,0,0
29940,ECG,2858,5249,0,0,0,0,0
29945,ECG,2859,5216,0,0,0,0,0
29945,ECG,2860,5183,0,0,0,0,0
29945,ECG,2861,5150,0,0,0,0,0
29950,ECG,2862,5117,0,0,0,0,0
29950,ECG,2863,5084,0,0,0,0,0
29955,ECG,2864,5051,0,0,0,0,0
29955,ECG,2865,5019,0,0,0,0,0
29955,ECG,2866,4987,0,0,0,0,0
29960,ECG,2867,4955,0,0,0,0,0
29960,ECG,2868,4924,0,0,0,0,0
29965,ECG,2869,4861,0,0,0,0,0
29965,ECG,2870,4830,0,0,0,0,0
29970,ECG,2871,4799,0,0,0,0,0
29970,ECG,2872,4768,0,0,0,0,0
29971,ECG,2873,4738,0,0,0,0,0
29975,ECG,2874,4707,0,0,0,0,0
29975,ECG,2875,4677,0,0,0,0,0
29980,ECG,2876,4647,0,0,0,0,0
29980,ECG,2877,4618,0,0,0,0,0
29985,ECG,2878,4559,0,0,0,0,0
29985,ECG,2879,4530,0,0,0,0,0
29990,ECG,2880,4501,0,0,0,0,0
29990,ECG,2881,4472,0,0,0,0,0
29990,ECG,2882,4443,0,0,0,0,0
29995,ECG,2883,4415,0,0,0,0,0
29995,ECG,2884,4386,0,0,0,0,0
30000,ECG,2885,4358,0,0,0,0,0
30000,ECG,2886,4330,0,0,0,0,0
30000,ECG,2887,4303,0,0,0,0,0
30005,ECG,2888,4275,0,0,0,0,0
30005,ECG,2889,4248,0,0,0,0,0
30010,ECG,2890,4220,0,0,0,0,0
30010,ECG,2891,4193,0,0,0,0,0
30010,ECG,2892,4166,0,0,0,0,0
30015,ECG,2893,4140,0,0,0,0,0
30015,ECG,2894,4113,0,0,0,0,0
30020,ECG,2895,4060,0,0,0,0,0
30020,ECG,2896,4034,0,0,0,0,0
30025,ECG,2897,4008,0,0,0,0,0
30025,ECG,2898,3983,0,0,0,0,0
30030,ECG,2899,3932,0,0,0,0,0
30030,ECG,2900,3906,0,0,0,0,0
30035,ECG,2901,3881,0,0,0,0,0
30035,ECG,2902,3856,0,0,0,0,0
30035,ECG,2903,3832,0,0,0,0,0
30040,ECG,2904,3807,0,0,0,0,0
30040,ECG,2905,3782,0,0,0,0,0
30045,ECG,2906,3758,0,0,0,0,0
30045,ECG,2907,3734,0,0,0,0,0
30045,ECG,2908,3710,0,0,0,0,0
30050,ECG,2909,3686,0,0,0,0,0
30050,ECG,2910,3662,0,0,0,0,0
30055,ECG,2911,3639,0,0,0,0,0
30055,ECG,2912,3615,0,0,0,0,0
30055,ECG,2913,3592,0,0,0,0,0
30060,ECG,2914,3569,0,0,0,0,0
30060,ECG,2915,3546,0,0,0,0,0
30065,ECG,2916,3523,0,0,0,0,0
30065,ECG,2917,3500,0,0,0,0,0
30065,ECG,2918,3478,0,0,0,0,0
30070,ECG,2919,3455,0,0,0,0,0
30070,ECG,2920,3433,0,0,0,0,0
30071,ECG,2921,3411,0,0,0,0,0
30075,ECG,2922,3389,0,0,0,0,0
30075,ECG,2923,3367,0,0,0,0,0
30080,ECG,2924,3345,0,0,0,0,0
30080,ECG,2925,3324,0,0,0,0,0
30085,ECG,2926,3281,0,0,0,0,0
30085,ECG,2927,3260,0,0,0,0,0
30090,ECG,2928,3239,0,0,0,0,0
30090,ECG,2929,3218,0,0,0,0,0
30090,ECG,2930,3197,0,0,0,0,0
30095,ECG,2931,3176,0,0,0,0,0
30095,ECG,2932,3156,0,0,0,0,0
30100,ECG,2933,3135,0,0,0,0,0
30100,ECG,2934,3115,0,0,0,0,0
30100,ECG,2935,3095,0,0,0,0,0
30105,ECG,2936,3075,0,0,0,0,0
30105,ECG,2937,3055,0,0,0,0,0
30110,ECG,2938,3035,0,0,0,0,0
30110,ECG,2939,3015,0,0,0,0,0
30110,ECG,2940,2996,0,0,0,0,0
30115,ECG,2941,2976,0,0,0,0,0
30115,ECG,2942,2957,0,0,0,0,0
30120,ECG,2943,2919,0,0,0,0,0
30120,ECG,2944,2900,0,0,0,0,0
30125,ECG,2945,2881,0,0,0,0,0
30125,ECG,2946,2862,0,0,0,0,0
30126,ECG,2947,2844,0,0,0,0,0
30130,ECG,2948,2825,0,0,0,0,0
30130,ECG,2949,2807,0,0,0,0,0
30135,ECG,2950,2789,0,0,0,0,0
30135,ECG,2951,2771,0,0,0,0,0
30135,ECG,2952,2753,0,0,0,0,0
30140,ECG,2953,2735,0,0,0,0,0
30140,ECG,2954,2717,0,0,0,0,0
30145,ECG,2955,2700,0,0,0,0,0
30145,ECG,2956,2682,0,0,0,0,0
30145,ECG,2957,2665,0,0,0,0,0
30150,ECG,2958,2647,0,0,0,0,0
30150,ECG,2959,2630,0,0,0,0,0
30155,ECG,2960,2613,0,0,0,0,0
30155,ECG,2961,2596,0,0,0,0,0
30155,ECG,2962,2579,0,0,0,0,0
30160,ECG,2963,2562,0,0,0,0,0
30160,ECG,2964,2546,0,0,0,0,0
30165,ECG,2965,2529,0,0,0,0,0
30165,ECG,2966,2513,0,0,0,0,0
30165,ECG,2967,2496,0,0,0,0,0
30170,ECG,2968,2480,0,0,0,0,0
30170,ECG,2969,2464,0,0,0,0,0
30175,ECG,2970,2432,0,0,0,0,0
30175,ECG,2971,2416,0,0,0,0,0
30180,ECG,2972,2400,0,0,0,0,0
30180,ECG,2973,2385,0,0,0,0,0
30185,ECG,2974,2354,0,0,0,0,0
30185,ECG,2975,2338,0,0,0,0,0
30190,ECG,2976,2323,0,0,0,0,0
30190,ECG,2977,2308,0,0,0,0,0
30190,ECG,2978,2293,0,0,0,0,0
30195,ECG,2979,2278,0,0,0,0,0
30195,ECG,2980,2263,0,0,0,0,0
30200,ECG,2981,2248,0,0,0,0,0
30200,ECG,2982,2233,0,0,0,0,0
30200,ECG,2983,2219,0,0,0,0,0
30205,ECG,2984,2204,0,0,0,0,0
30205,ECG,2985,2190,0,0,0,0,0
30210,ECG,2986,2176,0,0,0,0,0
30210,ECG,2987,2161,0,0,0,0,0
30210,ECG,2988,2147,0,0,0,0,0
30215,ECG,2989,2133,0,0,0,0,0
30215,ECG,2990,2119,0,0,0,0,0
30220,ECG,2991,2091,0,0,0,0,0
30220,ECG,2992,2078,0,0,0,0,0
30225,ECG,2993,2064,0,0,0,0,0
30225,ECG,2994,2050,0,0,0,0,0
30230,ECG,2995,2023,0,0,0,0,0
30230,ECG,2996,2010,0,0,0,0,0
30235,ECG,2997,1997,0,0,0,0,0
30235,ECG,2998,1984,0,0,0,0,0
30235,ECG,2999,1971,0,0,0,0,0
30240,ECG,3000,1958,0,0,0,0,0
30240,ECG,3001,1945,0,0,0,0,0
30245,ECG,3002,1932,0,0,0,0,0
30245,ECG,3003,1919,0,0,0,0,0
30245,ECG,3004,1906,0,0,0,0,0
30250,ECG,3005,1894,0,0,0,0,0
30250,ECG,3006,1881,0,0,0,0,0
30255,ECG,3007,1869,0,0,0,0,0
30255,ECG,3008,1857,0,0,0,0,0
30255,ECG,3009,1844,0,0,0,0,0
30260,ECG,3010,1832,0,0,0,0,0
30260,ECG,3011,1820,0,0,0,0,0
30265,ECG,3012,1796,0,0,0,0,0
30265,ECG,3013,1784,0,0,0,0,0
30270,ECG,3014,1772,0,0,0,0,0
30270,ECG,3015,1761,0,0,0,0,0
30271,ECG,3016,1749,0,0,0,0,0
30275,ECG,3017,1737,0,0,0,0,0
30275,ECG,3018,1726,0,0,0,0,0
30280,ECG,3019,1714,0,0,0,0,0
30280,ECG,3020,1703,0,0,0,0,0
30285,ECG,3021,1681,0,0,0,0,0
30285,ECG,3022,1669,0,0,0,0,0
30290,ECG,3023,1658,0,0,0,0,0
30290,ECG,3024,1647,0,0,0,0,0
30290,ECG,3025,1636,0,0,0,0,0
30295,ECG,3026,1625,0,0,0,0,0
30295,ECG,3027,1615,0,0,0,0,0
30300,ECG,3028,1604,0,0,0,0,0
30300,ECG,3029,1593,0,0,0,0,0
30300,ECG,3030,1583,0,0,0,0,0
30305,ECG,3031,1572,0,0,0,0,0
30305,ECG,3032,1562,0,0,0,0,0
30310,ECG,3033,1551,0,0,0,0,0
30310,ECG,3034,1541,0,0,0,0,0
30310,ECG,3035,1531,0,0,0,0,0
30315,ECG,3036,1520,0,0,0,0,0
30315,ECG,3037,1510,0,0,0,0,0
30320,ECG,3038,1490,0,0,0,0,0
30320,ECG,3039,1480,0,0,0,0,0
30325,ECG,3040,1470,0,0,0,0,0
30325,ECG,3041,1460,0,0,0,0,0
30326,ECG,3042,1451,0,0,0,0,0
30330,ECG,3043,1441,0,0,0,0,0
30330,ECG,3044,1431,0,0,0,0,0
30335,ECG,3045,1422,0,0,0,0,0
30335,ECG,3046,1412,0,0,0,0,0
30340,ECG,3047,1393,0,0,0,0,0
30340,ECG,3048,1384,0,0,0,0,0
30345,ECG,3049,1375,0,0,0,0,0
30345,ECG,3050,1365,0,0,0,0,0
30345,ECG,3051,1356,0,0,0,0,0
30350,ECG,3052,1347,0,0,0,0,0
30350,ECG,3053,1338,0,0,0,0,0
30355,ECG,3054,1329,0,0,0,0,0
30355,ECG,3055,1320,0,0,0,0,0
30355,ECG,3056,1311,0,0,0,0,0
30360,ECG,3057,1302,0,0,0,0,0
30360,ECG,3058,1294,0,0,0,0,0
30365,ECG,3059,1285,0,0,0,0,0
30365,ECG,3060,1276,0,0,0,0,0
30365,ECG,3061,1268,0,0,0,0,0
30370,ECG,3062,1259,0,0,0,0,0
30370,ECG,3063,1251,0,0,0,0,0
30375,ECG,3064,1234,0,0,0,0,0
30375,ECG,3065,1225,0,0,0,0,0
30380,ECG,3066,1217,0,0,0,0,0
30380,ECG,3067,1209,0,0,0,0,0
30385,ECG,3068,1192,0,0,0,0,0
30385,ECG,3069,1184,0,0,0,0,0
31392,ECG,3070,0,0,0,0,0,0
31392,ECG,3071,-1,0,0,0,0,0
26873,PPG,100,161478,80766,0,0,0,0
26950,PPG,101,161481,80775,0,0,0,0
27027,PPG,102,161491,80773,0,0,0,0
27107,PPG,103,161478,80770,0,0,0,0
27186,PPG,104,161479,80755,0,0,0,0
27266,PPG,105,161490,80764,0,0,0,0
27352,PPG,106,161468,80761,0,0,0,0
27428,PPG,107,161489,80749,0,0,0,0
27504,PPG,108,161479,80766,0,0,0,0
27583,PPG,109,161495,80761,0,0,0,0
27662,PPG,110,161486,80763,0,0,0,0
27741,PPG,111,161484,80772,0,0,0,0
27821,PPG,112,161477,80760,0,0,0,0
27905,PPG,113,161487,80776,0,0,0,0
27980,PPG,114,161484,80772,0,0,0,0
28059,PPG,115,161483,80772,0,0,0,0
28137,PPG,116,161485,80769,0,0,0,0
28228,PPG,117,161478,80760,0,0,0,0
28296,PPG,118,161486,80774,0,0,0,0
28379,PPG,119,161489,80774,0,0,0,0
28457,PPG,120,161495,80775,0,0,0,0
28534,PPG,121,161488,80750,0,0,0,0
28614,PPG,122,161482,80769,0,0,0,0
28693,PPG,123,161485,80762,0,0,0,0
28773,PPG,124,161487,80770,0,0,0,0
28852,PPG,125,161490,80767,0,0,0,0
28936,PPG,126,161484,80757,0,0,0,0
29013,PPG,127,161480,80779,0,0,0,0
29107,PPG,128,161492,80772,0,0,0,0
29171,PPG,129,161499,80765,0,0,0,0
29250,PPG,130,161474,80779,0,0,0,0
29330,PPG,131,161467,80759,0,0,0,0
29409,PPG,132,161480,80766,0,0,0,0
29492,PPG,133,161484,80764,0,0,0,0
29568,PPG,134,161488,80768,0,0,0,0
29647,PPG,135,161483,80758,0,0,0,0
29726,PPG,136,161479,80764,0,0,0,0
29805,PPG,137,161477,80762,0,0,0,0
29884,PPG,138,161488,80766,0,0,0,0
29990,PPG,139,161484,80764,0,0,0,0
30046,PPG,140,161486,80761,0,0,0,0
30122,PPG,141,161486,80751,0,0,0,0
30202,PPG,142,161480,80766,0,0,0,0
30281,PPG,143,161487,80760,0,0,0,0
30360,PPG,144,161484,80760,0,0,0,0
30439,PPG,145,161481,80769,0,0,0,0
30522,PPG,146,161473,80763,0,0,0,0
30599,PPG,147,161484,80766,0,0,0,0
30677,PPG,148,161470,80756,0,0,0,0
30757,PPG,149,161490,80766,0,0,0,0
30852,PPG,150,161481,80776,0,0,0,0
30917,PPG,151,161481,80759,0,0,0,0
30999,PPG,152,161474,80758,0,0,0,0
31078,PPG,153,161469,80763,0,0,0,0
31155,PPG,154,161484,80767,0,0,0,0
31234,PPG,155,161463,80771,0,0,0,0
31314,PPG,156,161471,80756,0,0,0,0
31395,PPG,157,161481,80764,0,0,0,0
31478,PPG,158,161488,80766,0,0,0,0
31558,PPG,159,161478,80750,0,0,0,0
31636,PPG,160,161485,80766,0,0,0,0
31729,PPG,161,161477,80758,0,0,0,0
31791,PPG,162,161476,80764,0,0,0,0
31870,PPG,163,161486,80765,0,0,0,0
31948,PPG,164,161483,80765,0,0,0,0
32027,PPG,165,161474,80751,0,0,0,0
32110,PPG,166,161479,80757,0,0,0,0
32186,PPG,167,161471,80772,0,0,0,0
32265,PPG,168,161482,80756,0,0,0,0
32344,PPG,169,161485,80768,0,0,0,0
32424,PPG,170,161470,80766,0,0,0,0
32503,PPG,171,161481,80768,0,0,0,0
32596,PPG,172,161467,80753,0,0,0,0
32664,PPG,173,161475,80762,0,0,0,0
32741,PPG,174,161475,80767,0,0,0,0
32821,PPG,175,161472,80768,0,0,0,0
32900,PPG,176,161473,80761,0,0,0,0
32980,PPG,177,161475,80757,0,0,0,0
33059,PPG,178,161475,80747,0,0,0,0
33142,PPG,179,161476,80764,0,0,0,0
33219,PPG,180,161481,80759,0,0,0,0
33298,PPG,181,161485,80760,0,0,0,0
33377,PPG,182,161487,80768,0,0,0,0
33472,PPG,183,161486,80754,0,0,0,0
33537,PPG,184,161479,80774,0,0,0,0
33620,PPG,185,161467,80762,0,0,0,0
33698,PPG,186,161478,80762,0,0,0,0
33774,PPG,187,161470,80750,0,0,0,0
33853,PPG,188,161470,80760,0,0,0,0
33933,PPG,189,161474,80772,0,0,0,0
34012,PPG,190,161478,80766,0,0,0,0
34091,PPG,191,161475,80760,0,0,0,0
34174,PPG,192,161473,80765,0,0,0,0
34251,PPG,193,161471,80770,0,0,0,0
34337,PPG,194,161472,80770,0,0,0,0
34408,PPG,195,161492,80764,0,0,0,0
34487,PPG,196,161489,80764,0,0,0,0
34567,PPG,197,161470,80756,0,0,0,0
34645,PPG,198,161487,80754,0,0,0,0
34728,PPG,199,161472,80773,0,0,0,0
30847,IMU,624,1496,-28,8368,-79,52,46
30865,IMU,625,1572,-60,8388,-87,69,35
30884,IMU,626,1412,-188,8284,-90,67,50
30903,IMU,627,1476,-40,8424,-74,62,46
30922,IMU,628,1496,-4,8356,-75,56,47
30942,IMU,629,1524,-28,8376,-81,59,39
30961,IMU,630,1552,-64,8324,-81,53,51
30980,IMU,631,1520,-80,8460,-94,48,33
30999,IMU,632,1596,-68,8344,-85,55,41
31018,IMU,633,1500,-20,8368,-85,47,42
31037,IMU,634,1484,16,8380,-80,56,56
31060,IMU,635,1516,32,8376,-93,65,26
31076,IMU,636,1504,-32,8336,-96,62,52
31095,IMU,637,1496,-124,8428,-77,55,32
31114,IMU,638,1524,-32,8340,-72,66,46
31133,IMU,639,1528,-52,8380,-82,60,48
31152,IMU,640,1508,-60,8308,-69,67,45
31171,IMU,641,1516,-44,8388,-90,68,35
31191,IMU,642,1504,-24,8432,-83,59,43
31210,IMU,643,1608,-92,8376,-85,65,34
31229,IMU,644,1528,68,8376,-82,61,48
31248,IMU,645,1540,68,8300,-69,68,31
31267,IMU,646,1560,-4,8392,-70,52,60
31287,IMU,647,1616,-36,8416,-80,68,43
31306,IMU,648,1512,36,8348,-79,46,39
31325,IMU,649,1556,-20,8368,-89,53,44
31344,IMU,650,1516,-68,8348,-75,54,47
31363,IMU,651,1516,-60,8348,-85,72,70
31382,IMU,652,1436,-44,8320,-87,60,44
31401,IMU,653,1576,28,8360,-104,71,35
31421,IMU,654,1528,-60,8380,-86,62,30
31440,IMU,655,1524,-72,8404,-69,63,55
31459,IMU,656,1504,16,8464,-107,42,44
31478,IMU,657,1556,0,8340,-93,48,56
31500,IMU,658,1536,-24,8360,-74,86,60
31516,IMU,659,1508,68,8284,-77,67,34
31535,IMU,660,1552,-100,8428,-87,61,55
31556,IMU,661,1548,-20,8440,-86,78,41
31574,IMU,662,1464,52,8408,-72,62,39
31593,IMU,663,1452,-44,8380,-54,58,39
31611,IMU,664,1504,8,8316,-76,57,53
31631,IMU,665,1484,36,8332,-90,73,52
31650,IMU,666,1484,-52,8384,-82,66,46
31669,IMU,667,1528,92,8380,-90,57,46
31688,IMU,668,1476,8,8416,-65,52,39
31709,IMU,669,1508,24,8320,-87,65,34
31728,IMU,670,1520,60,8388,-98,55,43
31745,IMU,671,1524,8,8324,-85,74,53
31764,IMU,672,1480,40,8380,-72,67,41
31784,IMU,673,1608,12,8344,-90,52,35
31803,IMU,674,1492,-60,8348,-89,63,48
31822,IMU,675,1544,-48,8328,-89,47,39
31842,IMU,676,1544,52,8456,-93,56,48
31860,IMU,677,1568,0,8360,-74,58,45
31879,IMU,678,1480,-72,8348,-80,54,48
31898,IMU,679,1420,56,8384,-72,48,40
31917,IMU,680,1488,-4,8388,-98,49,43
31939,IMU,681,1448,-20,8424,-68,45,51
31955,IMU,682,1624,-52,8356,-80,75,49
31974,IMU,683,1552,8,8376,-80,47,31
31993,IMU,684,1500,-48,8356,-86,59,52
32012,IMU,685,1464,24,8368,-76,48,29
32031,IMU,686,1524,-64,8304,-100,44,43
32051,IMU,687,1412,80,8284,-98,70,43
32070,IMU,688,1588,-32,8424,-80,59,56
32089,IMU,689,1604,-100,8348,-79,57,43
32107,IMU,690,1536,-20,8356,-88,58,48
32127,IMU,691,1608,4,8392,-93,46,39
32149,IMU,692,1600,-84,8408,-83,57,44
32165,IMU,693,1508,-28,8356,-83,72,48
32184,IMU,694,1460,-56,8440,-100,49,50
32203,IMU,695,1500,-76,8308,-90,76,53
32222,IMU,696,1472,-48,8368,-78,61,46
32241,IMU,697,1392,-12,8420,-78,60,39
32260,IMU,698,1444,-60,8320,-84,58,48
32280,IMU,699,1480,-92,8492,-87,64,57
32299,IMU,700,1556,-48,8416,-79,57,35
32317,IMU,701,1532,-20,8420,-83,62,51
32337,IMU,702,1532,-4,8368,-89,59,52
32356,IMU,703,1524,-36,8344,-73,48,56
32378,IMU,704,1436,-96,8384,-91,55,40
32394,IMU,705,1424,40,8380,-86,50,45
32413,IMU,706,1644,4,8328,-84,58,35
32432,IMU,707,1544,-16,8356,-93,41,50
32451,IMU,708,1440,-16,8392,-90,55,36
32470,IMU,709,1460,-60,8436,-79,58,45
32489,IMU,710,1420,-40,8344,-89,49,52
32508,IMU,711,1544,-88,8336,-82,68,34
32527,IMU,712,1608,-8,8340,-75,43,36
32547,IMU,713,1624,-120,8288,-78,62,33
32566,IMU,714,1448,-32,8328,-72,57,46
32589,IMU,715,1500,-48,8384,-98,56,64
32604,IMU,716,1528,28,8328,-80,52,34
32623,IMU,717,1552,-24,8416,-83,64,34
32642,IMU,718,1548,-20,8404,-68,53,40
32662,IMU,719,1556,-156,8352,-71,64,34
32681,IMU,720,1552,32,8428,-94,61,37
32700,IMU,721,1520,36,8336,-107,71,29
32719,IMU,722,1368,-52,8400,-69,48,45
32738,IMU,723,1552,-72,8392,-82,44,46
32757,IMU,724,1496,-12,8348,-88,64,45
32777,IMU,725,1428,0,8304,-81,59,31
32796,IMU,726,1528,-8,8392,-77,60,43
32816,IMU,727,1484,4,8404,-85,58,54
32834,IMU,728,1548,-44,8368,-76,57,44
32853,IMU,729,1576,-116,8424,-92,56,51
32872,IMU,730,1540,-56,8332,-80,59,54
32892,IMU,731,1532,-8,8360,-74,68,29
32911,IMU,732,1556,12,8400,-101,69,50
32930,IMU,733,1544,-4,8312,-86,45,60
32949,IMU,734,1492,-72,8356,-85,49,45
32968,IMU,735,1500,-76,8396,-77,64,58
32987,IMU,736,1500,32,8368,-79,60,53
33006,IMU,737,1492,-48,8332,-92,44,36
33027,IMU,738,1576,-108,8364,-95,58,26
33045,IMU,739,1556,-36,8400,-93,54,39
33064,IMU,740,1588,-64,8388,-75,55,41
33083,IMU,741,1624,-20,8380,-61,42,52
33102,IMU,742,1444,48,8420,-82,59,59
33121,IMU,743,1480,96,8392,-89,63,55
33142,IMU,744,1400,-64,8340,-89,62,29
33160,IMU,745,1552,-12,8388,-81,54,35
33179,IMU,746,1468,-76,8404,-89,64,43
33198,IMU,747,1444,-56,8304,-69,69,50
33217,IMU,748,1560,-124,8396,-86,51,31
33238,IMU,749,1516,-16,8408,-83,59,49
33256,IMU,750,1512,12,8440,-88,55,37
33275,IMU,751,1448,12,8308,-85,54,50
33294,IMU,752,1496,48,8364,-70,50,55
33313,IMU,753,1560,-44,8400,-78,69,47
33332,IMU,754,1560,-44,8352,-92,71,42
33351,IMU,755,1560,-76,8300,-80,53,44
33370,IMU,756,1564,-32,8384,-89,46,46
33390,IMU,757,1468,-136,8408,-82,56,42
33409,IMU,758,1564,-120,8348,-91,66,50
33428,IMU,759,1480,-36,8404,-72,80,66
33447,IMU,760,1504,-44,8308,-92,66,47
33472,IMU,761,1472,-24,8344,-76,53,39
33486,IMU,762,1516,-20,8300,-77,56,54
33504,IMU,763,1480,-104,8284,-92,72,40
33524,IMU,764,1504,76,8324,-83,61,49
33543,IMU,765,1464,44,8428,-84,63,40
33562,IMU,766,1488,-124,8396,-85,53,45
33581,IMU,767,1536,-132,8392,-88,55,54
33600,IMU,768,1552,20,8320,-81,59,37
33620,IMU,769,1576,-76,8432,-73,54,45
33638,IMU,770,1412,-48,8292,-77,69,36
33658,IMU,771,1524,-4,8364,-83,61,51
33681,IMU,772,1464,-64,8464,-81,62,30
33696,IMU,773,1524,20,8324,-99,62,38
33714,IMU,774,1564,-40,8376,-70,60,69
33734,IMU,775,1492,-36,8452,-81,69,55
33753,IMU,776,1508,-28,8400,-89,72,47
33772,IMU,777,1524,-92,8340,-100,49,32
33791,IMU,778,1536,16,8336,-77,48,49
33810,IMU,779,1524,-52,8348,-81,65,37
33829,IMU,780,1556,-40,8380,-77,50,41
33848,IMU,781,1520,-20,8412,-85,49,58
33867,IMU,782,1512,-40,8356,-85,67,39
33886,IMU,783,1524,-72,8428,-77,58,29
33907,IMU,784,1480,-164,8336,-72,47,37
33924,IMU,785,1512,-100,8336,-85,44,46
33943,IMU,786,1552,-48,8288,-78,60,57
33963,IMU,787,1440,-132,8396,-110,52,56
33982,IMU,788,1528,-36,8392,-72,72,32
34001,IMU,789,1464,-76,8376,-87,61,52
34019,IMU,790,1516,-104,8240,-88,58,32
34039,IMU,791,1448,-112,8352,-75,78,34
34058,IMU,792,1520,-8,8400,-79,52,39
34077,IMU,793,1592,-148,8400,-76,43,43
34096,IMU,794,1524,-68,8336,-85,36,23
34119,IMU,795,1480,24,8328,-96,62,30
34135,IMU,796,1568,-88,8332,-85,57,28
34153,IMU,797,1552,-12,8308,-88,66,40
34174,IMU,798,1448,-64,8376,-75,52,52
34192,IMU,799,1504,-76,8420,-81,66,62
34210,IMU,800,1464,104,8260,-85,60,41
34229,IMU,801,1560,-48,8372,-90,68,47
34249,IMU,802,1488,-8,8372,-74,75,47
34268,IMU,803,1428,-144,8408,-65,67,60
34287,IMU,804,1540,-60,8316,-58,66,44
34306,IMU,805,1452,108,8396,-92,58,50
34325,IMU,806,1492,4,8328,-94,54,40
34346,IMU,807,1508,84,8360,-87,50,54
34363,IMU,808,1464,-32,8376,-87,66,55
34382,IMU,809,1592,-112,8364,-80,47,54
34401,IMU,810,1484,-68,8324,-83,52,45
34420,IMU,811,1544,-108,8360,-62,46,33
34439,IMU,812,1592,-32,8324,-85,56,26
34459,IMU,813,1488,-36,8360,-81,52,42
34478,IMU,814,1480,-116,8364,-77,52,51
34497,IMU,815,1664,-52,8396,-88,66,42
34516,IMU,816,1524,-56,8368,-66,61,40
34534,IMU,817,1464,-20,8372,-86,73,49
34556,IMU,818,1428,-32,8340,-75,59,46
34573,IMU,819,1508,-40,8356,-101,63,35
34592,IMU,820,1500,0,8388,-85,49,55
34611,IMU,821,1512,-64,8372,-99,67,48
34630,IMU,822,1456,-100,8320,-88,67,43
34649,IMU,823,1436,-32,8352,-94,66,40
34668,IMU,824,1564,-16,8424,-81,68,30
34688,IMU,825,1468,-48,8452,-94,63,54
34707,IMU,826,1480,-12,8384,-97,73,56
34726,IMU,827,1508,4,8424,-94,58,33
34745,IMU,828,1564,4,8352,-76,63,45
34765,IMU,829,1512,-88,8396,-81,62,20
34783,IMU,830,1520,-8,8332,-80,59,36
34803,IMU,831,1532,-16,8396,-89,63,41
31392,ECG,3072,-6,0,0,0,0,0
31397,ECG,3073,2,0,0,0,0,0
31397,ECG,3074,6,0,0,0,0,0
31402,ECG,3075,38,0,0,0,0,0
31402,ECG,3076,-16,0,0,0,0,0
31407,ECG,3077,-26,0,0,0,0,0
31407,ECG,3078,151,0,0,0,0,0
31408,ECG,3079,-753,0,0,0,0,0
31412,ECG,3080,-2109,0,0,0,0,0
31412,ECG,3081,-1850,0,0,0,0,0
31417,ECG,3082,-36,0,0,0,0,0
31417,ECG,3083,3394,0,0,0,0,0
31422,ECG,3084,15156,0,0,0,0,0
31422,ECG,3085,21689,0,0,0,0,0
31427,ECG,3086,27397,0,0,0,0,0
31427,ECG,3087,31311,0,0,0,0,0
31427,ECG,3088,32011,0,0,0,0,0
31432,ECG,3089,31810,0,0,0,0,0
31432,ECG,3090,31610,0,0,0,0,0
31437,ECG,3091,31343,0,0,0,0,0
31437,ECG,3092,31109,0,0,0,0,0
31437,ECG,3093,31019,0,0,0,0,0
31442,ECG,3094,30731,0,0,0,0,0
31442,ECG,3095,30591,0,0,0,0,0
31447,ECG,3096,30395,0,0,0,0,0
31447,ECG,3097,30195,0,0,0,0,0
31447,ECG,3098,30019,0,0,0,0,0
31452,ECG,3099,29827,0,0,0,0,0
31452,ECG,3100,29638,0,0,0,0,0
31457,ECG,3101,29266,0,0,0,0,0
31457,ECG,3102,29082,0,0,0,0,0
31462,ECG,3103,28900,0,0,0,0,0
31462,ECG,3104,28718,0,0,0,0,0
31467,ECG,3105,28358,0,0,0,0,0
31467,ECG,3106,28180,0,0,0,0,0
31472,ECG,3107,28002,0,0,0,0,0
31472,ECG,3108,27826,0,0,0,0,0
31472,ECG,3109,27651,0,0,0,0,0
31477,ECG,3110,27478,0,0,0,0,0
31477,ECG,3111,27305,0,0,0,0,0
31482,ECG,3112,27133,0,0,0,0,0
31482,ECG,3113,26963,0,0,0,0,0
31482,ECG,3114,26793,0,0,0,0,0
31487,ECG,3115,26625,0,0,0,0,0
31487,ECG,3116,26457,0,0,0,0,0
31492,ECG,3117,26291,0,0,0,0,0
31492,ECG,3118,26126,0,0,0,0,0
31492,ECG,3119,25961,0,0,0,0,0
31497,ECG,3120,25798,0,0,0,0,0
31497,ECG,3121,25636,0,0,0,0,0
31502,ECG,3122,25475,0,0,0,0,0
31502,ECG,3123,25314,0,0,0,0,0
31502,ECG,3124,25155,0,0,0,0,0
31507,ECG,3125,24997,0,0,0,0,0
31507,ECG,3126,24840,0,0,0,0,0
31512,ECG,3127,24528,0,0,0,0,0
31512,ECG,3128,24374,0,0,0,0,0
31517,ECG,3129,24221,0,0,0,0,0
31517,ECG,3130,24068,0,0,0,0,0
31522,ECG,3131,23766,0,0,0,0,0
31522,ECG,3132,23617,0,0,0,0,0
31527,ECG,3133,23468,0,0,0,0,0
31527,ECG,3134,23321,0,0,0,0,0
31527,ECG,3135,23174,0,0,0,0,0
31532,ECG,3136,23028,0,0,0,0,0
31532,ECG,3137,22883,0,0,0,0,0
31537,ECG,3138,22739,0,0,0,0,0
31537,ECG,3139,22596,0,0,0,0,0
31537,ECG,3140,22454,0,0,0,0,0
31542,ECG,3141,22313,0,0,0,0,0
31542,ECG,3142,22172,0,0,0,0,0
31547,ECG,3143,22033,0,0,0,0,0
31547,ECG,3144,21894,0,0,0,0,0
31547,ECG,3145,21756,0,0,0,0,0
31552,ECG,3146,21619,0,0,0,0,0
31552,ECG,3147,21483,0,0,0,0,0
31557,ECG,3148,21214,0,0,0,0,0
31557,ECG,3149,21080,0,0,0,0,0
31562,ECG,3150,20948,0,0,0,0,0
31562,ECG,3151,20816,0,0,0,0,0
31563,ECG,3152,20685,0,0,0,0,0
31567,ECG,3153,20555,0,0,0,0,0
31567,ECG,3154,20425,0,0,0,0,0
31572,ECG,3155,20297,0,0,0,0,0
31572,ECG,3156,20169,0,0,0,0,0
31577,ECG,3157,19916,0,0,0,0,0
31577,ECG,3158,19790,0,0,0,0,0
31582,ECG,3159,19666,0,0,0,0,0
31582,ECG,3160,19542,0,0,0,0,0
31582,ECG,3161,19419,0,0,0,0,0
31587,ECG,3162,19297,0,0,0,0,0
31587,ECG,3163,19175,0,0,0,0,0
31592,ECG,3164,19055,0,0,0,0,0
31592,ECG,3165,18935,0,0,0,0,0
31592,ECG,3166,18815,0,0,0,0,0
31597,ECG,3167,18697,0,0,0,0,0
31597,ECG,3168,18579,0,0,0,0,0
31602,ECG,3169,18462,0,0,0,0,0
31602,ECG,3170,18346,0,0,0,0,0
31602,ECG,3171,18230,0,0,0,0,0
31607,ECG,3172,18116,0,0,0,0,0
31607,ECG,3173,18002,0,0,0,0,0
31612,ECG,3174,17775,0,0,0,0,0
31612,ECG,3175,17663,0,0,0,0,0
31617,ECG,3176,17552,0,0,0,0,0
31617,ECG,3177,17442,0,0,0,0,0
31622,ECG,3178,17222,0,0,0,0,0
31622,ECG,3179,17114,0,0,0,0,0
31627,ECG,3180,17006,0,0,0,0,0
31627,ECG,3181,16899,0,0,0,0,0
31627,ECG,3182,16792,0,0,0,0,0
31632,ECG,3183,16687,0,0,0,0,0
31632,ECG,3184,16581,0,0,0,0,0
31637,ECG,3185,16477,0,0,0,0,0
31637,ECG,3186,16373,0,0,0,0,0
31637,ECG,3187,16270,0,0,0,0,0
31642,ECG,3188,16167,0,0,0,0,0
31642,ECG,3189,16065,0,0,0,0,0
31647,ECG,3190,15964,0,0,0,0,0
31647,ECG,3191,15864,0,0,0,0,0
31647,ECG,3192,15764,0,0,0,0,0
31652,ECG,3193,15664,0,0,0,0,0
31652,ECG,3194,15566,0,0,0,0,0
31657,ECG,3195,15467,0,0,0,0,0
31657,ECG,3196,15370,0,0,0,0,0
31657,ECG,3197,15273,0,0,0,0,0
31662,ECG,3198,15177,0,0,0,0,0
31662,ECG,3199,15081,0,0,0,0,0
31667,ECG,3200,14891,0,0,0,0,0
31667,ECG,3201,14797,0,0,0,0,0
31672,ECG,3202,14704,0,0,0,0,0
31672,ECG,3203,14611,0,0,0,0,0
31677,ECG,3204,14428,0,0,0,0,0
31677,ECG,3205,14337,0,0,0,0,0
31682,ECG,3206,14246,0,0,0,0,0
31682,ECG,3207,14156,0,0,0,0,0
31682,ECG,3208,14067,0,0,0,0,0
31687,ECG,3209,13978,0,0,0,0,0
31687,ECG,3210,13890,0,0,0,0,0
31692,ECG,3211,13802,0,0,0,0,0
31692,ECG,3212,13715,0,0,0,0,0
31692,ECG,3213,13629,0,0,0,0,0
31697,ECG,3214,13543,0,0,0,0,0
31697,ECG,3215,13457,0,0,0,0,0
31702,ECG,3216,13372,0,0,0,0,0
31702,ECG,3217,13288,0,0,0,0,0
31702,ECG,3218,13204,0,0,0,0,0
31707,ECG,3219,13121,0,0,0,0,0
31707,ECG,3220,13038,0,0,0,0,0
31712,ECG,3221,12874,0,0,0,0,0
31712,ECG,3222,12793,0,0,0,0,0
31717,ECG,3223,12712,0,0,0,0,0
31717,ECG,3224,12632,0,0,0,0,0
31718,ECG,3225,12552,0,0,0,0,0
31722,ECG,3226,12473,0,0,0,0,0
31722,ECG,3227,12394,0,0,0,0,0
31727,ECG,3228,12316,0,0,0,0,0
31727,ECG,3229,12238,0,0,0,0,0
31732,ECG,3230,12084,0,0,0,0,0
31732,ECG,3231,12008,0,0,0,0,0
31737,ECG,3232,11932,0,0,0,0,0
31737,ECG,3233,11857,0,0,0,0,0
31737,ECG,3234,11782,0,0,0,0,0
31742,ECG,3235,11707,0,0,0,0,0
31742,ECG,3236,11633,0,0,0,0,0
31747,ECG,3237,11560,0,0,0,0,0
31747,ECG,3238,11487,0,0,0,0,0
31747,ECG,3239,11414,0,0,0,0,0
31752,ECG,3240,11342,0,0,0,0,0
31752,ECG,3241,11271,0,0,0,0,0
31757,ECG,3242,11199,0,0,0,0,0
31757,ECG,3243,11129,0,0,0,0,0
31757,ECG,3244,11058,0,0,0,0,0
31762,ECG,3245,10988,0,0,0,0,0
31762,ECG,3246,10919,0,0,0,0,0
31767,ECG,3247,10781,0,0,0,0,0
31767,ECG,3248,10713,0,0,0,0,0
31772,ECG,3249,10645,0,0,0,0,0
31772,ECG,3250,10578,0,0,0,0,0
31777,ECG,3251,10445,0,0,0,0,0
31777,ECG,3252,10379,0,0,0,0,0
31782,ECG,3253,10313,0,0,0,0,0
31782,ECG,3254,10248,0,0,0,0,0
31782,ECG,3255,10183,0,0,0,0,0
31787,ECG,3256,10118,0,0,0,0,0
31787,ECG,3257,10054,0,0,0,0,0
31792,ECG,3258,9991,0,0,0,0,0
31792,ECG,3259,9928,0,0,0,0,0
31792,ECG,3260,9865,0,0,0,0,0
31797,ECG,3261,9802,0,0,0,0,0
31797,ECG,3262,9740,0,0,0,0,0
31802,ECG,3263,9679,0,0,0,0,0
31802,ECG,3264,9617,0,0,0,0,0
31802,ECG,3265,9557,0,0,0,0,0
31807,ECG,3266,9496,0,0,0,0,0
31807,ECG,3267,9436,0,0,0,0,0
31812,ECG,3268,9317,0,0,0,0,0
31812,ECG,3269,9258,0,0,0,0,0
31817,ECG,3270,9200,0,0,0,0,0
31817,ECG,3271,9141,0,0,0,0,0
31818,ECG,3272,9083,0,0,0,0,0
31822,ECG,3273,9026,0,0,0,0,0
31822,ECG,3274,8969,0,0,0,0,0
31827,ECG,3275,8912,0,0,0,0,0
31827,ECG,3276,8855,0,0,0,0,0
31832,ECG,3277,8744,0,0,0,0,0
31832,ECG,3278,8688,0,0,0,0,0
31838,ECG,3279,8633,0,0,0,0,0
31838,ECG,3280,8578,0,0,0,0,0
31838,ECG,3281,8524,0,0,0,0,0
31843,ECG,3282,8470,0,0,0,0,0
31843,ECG,3283,8416,0,0,0,0,0
31843,ECG,3284,8363,0,0,0,0,0
31848,ECG,3285,8310,0,0,0,0,0
31848,ECG,3286,8257,0,0,0,0,0
31853,ECG,3287,8205,0,0,0,0,0
31853,ECG,3288,8153,0,0,0,0,0
31853,ECG,3289,8101,0,0,0,0,0
31858,ECG,3290,8050,0,0,0,0,0
31858,ECG,3291,7999,0,0,0,0,0
31863,ECG,3292,7948,0,0,0,0,0
31863,ECG,3293,7898,0,0,0,0,0
31863,ECG,3294,7848,0,0,0,0,0
31868,ECG,3295,7798,0,0,0,0,0
31868,ECG,3296,7749,0,0,0,0,0
31869,ECG,3297,7699,0,0,0,0,0
31873,ECG,3298,7651,0,0,0,0,0
31873,ECG,3299,7602,0,0,0,0,0
31878,ECG,3300,7554,0,0,0,0,0
31878,ECG,3301,7506,0,0,0,0,0
31883,ECG,3302,7411,0,0,0,0,0
31883,ECG,3303,7364,0,0,0,0,0
31888,ECG,3304,7317,0,0,0,0,0
31888,ECG,3305,7271,0,0,0,0,0
31888,ECG,3306,7224,0,0,0,0,0
31893,ECG,3307,7178,0,0,0,0,0
31893,ECG,3308,7133,0,0,0,0,0
31898,ECG,3309,7088,0,0,0,0,0
31898,ECG,3310,7043,0,0,0,0,0
31898,ECG,3311,6998,0,0,0,0,0
31903,ECG,3312,6953,0,0,0,0,0
31903,ECG,3313,6909,0,0,0,0,0
31908,ECG,3314,6865,0,0,0,0,0
31908,ECG,3315,6821,0,0,0,0,0
31908,ECG,3316,6778,0,0,0,0,0
31913,ECG,3317,6735,0,0,0,0,0
31913,ECG,3318,6692,0,0,0,0,0
31918,ECG,3319,6608,0,0,0,0,0
31918,ECG,3320,6566,0,0,0,0,0
31923,ECG,3321,6524,0,0,0,0,0
31923,ECG,3322,6482,0,0,0,0,0
31928,ECG,3323,6400,0,0,0,0,0
31928,ECG,3324,6359,0,0,0,0,0
31933,ECG,3325,6319,0,0,0,0,0
31933,ECG,3326,6279,0,0,0,0,0
31933,ECG,3327,6239,0,0,0,0,0
31938,ECG,3328,6199,0,0,0,0,0
31938,ECG,3329,6159,0,0,0,0,0
31943,ECG,3330,6120,0,0,0,0,0
31943,ECG,3331,6081,0,0,0,0,0
31943,ECG,3332,6042,0,0,0,0,0
31948,ECG,3333,6004,0,0,0,0,0
31948,ECG,3334,5966,0,0,0,0,0
31953,ECG,3335,5928,0,0,0,0,0
31953,ECG,3336,5890,0,0,0,0,0
31953,ECG,3337,5852,0,0,0,0,0
31958,ECG,3338,5815,0,0,0,0,0
31958,ECG,3339,5778,0,0,0,0,0
31963,ECG,3340,5705,0,0,0,0,0
31963,ECG,3341,5669,0,0,0,0,0
31968,ECG,3342,5632,0,0,0,0,0
31968,ECG,3343,5596,0,0,0,0,0
31969,ECG,3344,5561,0,0,0,0,0
31973,ECG,3345,5525,0,0,0,0,0
31973,ECG,3346,5490,0,0,0,0,0
31978,ECG,3347,5455,0,0,0,0,0
31978,ECG,3348,5420,0,0,0,0,0
31978,ECG,3349,5386,0,0,0,0,0
31983,ECG,3350,5351,0,0,0,0,0
31983,ECG,3351,5317,0,0,0,0,0
31988,ECG,3352,5283,0,0,0,0,0
31988,ECG,3353,5249,0,0,0,0,0
31988,ECG,3354,5216,0,0,0,0,0
31993,ECG,3355,5183,0,0,0,0,0
31993,ECG,3356,5150,0,0,0,0,0
31998,ECG,3357,5117,0,0,0,0,0
31998,ECG,3358,5084,0,0,0,0,0
31998,ECG,3359,5051,0,0,0,0,0
32003,ECG,3360,5019,0,0,0,0,0
32003,ECG,3361,4987,0,0,0,0,0
32008,ECG,3362,4955,0,0,0,0,0
32008,ECG,3363,4924,0,0,0,0,0
32008,ECG,3364,4892,0,0,0,0,0
32013,ECG,3365,4861,0,0,0,0,0
32013,ECG,3366,4830,0,0,0,0,0
32018,ECG,3367,4768,0,0,0,0,0
32018,ECG,3368,4738,0,0,0,0,0
32023,ECG,3369,4707,0,0,0,0,0
32023,ECG,3370,4677,0,0,0,0,0
32028,ECG,3371,4618,0,0,0,0,0
32028,ECG,3372,4588,0,0,0,0,0
32033,ECG,3373,4559,0,0,0,0,0
32033,ECG,3374,4530,0,0,0,0,0
32033,ECG,3375,4501,0,0,0,0,0
32038,ECG,3376,4472,0,0,0,0,0
32038,ECG,3377,4443,0,0,0,0,0
32043,ECG,3378,4415,0,0,0,0,0
32043,ECG,3379,4386,0,0,0,0,0
32043,ECG,3380,4358,0,0,0,0,0
32048,ECG,3381,4330,0,0,0,0,0
32048,ECG,3382,4303,0,0,0,0,0
32053,ECG,3383,4275,0,0,0,0,0
32053,ECG,3384,4248,0,0,0,0,0
32053,ECG,3385,4220,0,0,0,0,0
32058,ECG,3386,4193,0,0,0,0,0
32058,ECG,3387,4166,0,0,0,0,0
32063,ECG,3388,4113,0,0,0,0,0
32063,ECG,3389,4087,0,0,0,0,0
32068,ECG,3390,4060,0,0,0,0,0
32068,ECG,3391,4034,0,0,0,0,0
32069,ECG,3392,4008,0,0,0,0,0
32073,ECG,3393,3983,0,0,0,0,0
32073,ECG,3394,3957,0,0,0,0,0
32078,ECG,3395,3932,0,0,0,0,0
32078,ECG,3396,3906,0,0,0,0,0
32083,ECG,3397,3856,0,0,0,0,0
32083,ECG,3398,3832,0,0,0,0,0
32088,ECG,3399,3807,0,0,0,0,0
32088,ECG,3400,3782,0,0,0,0,0
32088,ECG,3401,3758,0,0,0,0,0
32093,ECG,3402,3734,0,0,0,0,0
32093,ECG,3403,3710,0,0,0,0,0
32098,ECG,3404,3686,0,0,0,0,0
32098,ECG,3405,3662,0,0,0,0,0
32098,ECG,3406,3639,0,0,0,0,0
32103,ECG,3407,3615,0,0,0,0,0
32103,ECG,3408,3592,0,0,0,0,0
32108,ECG,3409,3569,0,0,0,0,0
32108,ECG,3410,3546,0,0,0,0,0
32108,ECG,3411,3523,0,0,0,0,0
32113,ECG,3412,3500,0,0,0,0,0
32113,ECG,3413,3478,0,0,0,0,0
32118,ECG,3414,3433,0,0,0,0,0
32118,ECG,3415,3411,0,0,0,0,0
32123,ECG,3416,3389,0,0,0,0,0
32123,ECG,3417,3367,0,0,0,0,0
32128,ECG,3418,3324,0,0,0,0,0
32128,ECG,3419,3302,0,0,0,0,0
32133,ECG,3420,3281,0,0,0,0,0
32133,ECG,3421,3260,0,0,0,0,0
32133,ECG,3422,3239,0,0,0,0,0
32138,ECG,3423,3218,0,0,0,0,0
32138,ECG,3424,3197,0,0,0,0,0
32143,ECG,3425,3176,0,0,0,0,0
32143,ECG,3426,3156,0,0,0,0,0
32143,ECG,3427,3135,0,0,0,0,0
32148,ECG,3428,3115,0,0,0,0,0
32148,ECG,3429,3095,0,0,0,0,0
32153,ECG,3430,3075,0,0,0,0,0
32153,ECG,3431,3055,0,0,0,0,0
32153,ECG,3432,3035,0,0,0,0,0
32158,ECG,3433,3015,0,0,0,0,0
32158,ECG,3434,2996,0,0,0,0,0
32163,ECG,3435,2976,0,0,0,0,0
32163,ECG,3436,2957,0,0,0,0,0
32163,ECG,3437,2938,0,0,0,0,0
32168,ECG,3438,2919,0,0,0,0,0
32168,ECG,3439,2900,0,0,0,0,0
32169,ECG,3440,2881,0,0,0,0,0
32173,ECG,3441,2862,0,0,0,0,0
32173,ECG,3442,2844,0,0,0,0,0
32178,ECG,3443,2825,0,0,0,0,0
32178,ECG,3444,2807,0,0,0,0,0
32183,ECG,3445,2771,0,0,0,0,0
32183,ECG,3446,2753,0,0,0,0,0
32188,ECG,3447,2735,0,0,0,0,0
32188,ECG,3448,2717,0,0,0,0,0
32188,ECG,3449,2700,0,0,0,0,0
32193,ECG,3450,2682,0,0,0,0,0
32193,ECG,3451,2665,0,0,0,0,0
32198,ECG,3452,2647,0,0,0,0,0
32198,ECG,3453,2630,0,0,0,0,0
32198,ECG,3454,2613,0,0,0,0,0
32203,ECG,3455,2596,0,0,0,0,0
32203,ECG,3456,2579,0,0,0,0,0
32208,ECG,3457,2562,0,0,0,0,0
32208,ECG,3458,2546,0,0,0,0,0
32208,ECG,3459,2529,0,0,0,0,0
32213,ECG,3460,2513,0,0,0,0,0
32213,ECG,3461,2496,0,0,0,0,0
32218,ECG,3462,2464,0,0,0,0,0
32218,ECG,3463,2448,0,0,0,0,0
32223,ECG,3464,2432,0,0,0,0,0
32223,ECG,3465,2416,0,0,0,0,0
32228,ECG,3466,2385,0,0,0,0,0
32228,ECG,3467,2369,0,0,0,0,0
32233,ECG,3468,2354,0,0,0,0,0
32233,ECG,3469,2338,0,0,0,0,0
32233,ECG,3470,2323,0,0,0,0,0
32238,ECG,3471,2308,0,0,0,0,0
32238,ECG,3472,2293,0,0,0,0,0
32243,ECG,3473,2278,0,0,0,0,0
32243,ECG,3474,2263,0,0,0,0,0
32243,ECG,3475,2248,0,0,0,0,0
32248,ECG,3476,2233,0,0,0,0,0
32248,ECG,3477,2219,0,0,0,0,0
32253,ECG,3478,2204,0,0,0,0,0
32253,ECG,3479,2190,0,0,0,0,0
32253,ECG,3480,2176,0,0,0,0,0
32258,ECG,3481,2161,0,0,0,0,0
32258,ECG,3482,2147,0,0,0,0,0
32263,ECG,3483,2119,0,0,0,0,0
32263,ECG,3484,2105,0,0,0,0,0
32268,ECG,3485,2091,0,0,0,0,0
32268,ECG,3486,2078,0,0,0,0,0
32269,ECG,3487,2064,0,0,0,0,0
32273,ECG,3488,2050,0,0,0,0,0
32273,ECG,3489,2037,0,0,0,0,0
32278,ECG,3490,2023,0,0,0,0,0
32278,ECG,3491,2010,0,0,0,0,0
32278,ECG,3492,1997,0,0,0,0,0
32283,ECG,3493,1984,0,0,0,0,0
32283,ECG,3494,1971,0,0,0,0,0
32288,ECG,3495,1958,0,0,0,0,0
32288,ECG,3496,1945,0,0,0,0,0
32288,ECG,3497,1932,0,0,0,0,0
32293,ECG,3498,1919,0,0,0,0,0
32293,ECG,3499,1906,0,0,0,0,0
32298,ECG,3500,1894,0,0,0,0,0
32298,ECG,3501,1881,0,0,0,0,0
32298,ECG,3502,1869,0,0,0,0,0
32303,ECG,3503,1857,0,0,0,0,0
32303,ECG,3504,1844,0,0,0,0,0
32308,ECG,3505,1832,0,0,0,0,0
32308,ECG,3506,1820,0,0,0,0,0
32308,ECG,3507,1808,0,0,0,0,0
32313,ECG,3508,1796,0,0,0,0,0
32313,ECG,3509,1784,0,0,0,0,0
32318,ECG,3510,1761,0,0,0,0,0
32318,ECG,3511,1749,0,0,0,0,0
32323,ECG,3512,1737,0,0,0,0,0
32323,ECG,3513,1726,0,0,0,0,0
32328,ECG,3514,1703,0,0,0,0,0
32328,ECG,3515,1692,0,0,0,0,0
32333,ECG,3516,1681,0,0,0,0,0
32333,ECG,3517,1669,0,0,0,0,0
32333,ECG,3518,1658,0,0,0,0,0
32338,ECG,3519,1647,0,0,0,0,0
32338,ECG,3520,1636,0,0,0,0,0
32343,ECG,3521,1625,0,0,0,0,0
32343,ECG,3522,1615,0,0,0,0,0
32343,ECG,3523,1604,0,0,0,0,0
32348,ECG,3524,1593,0,0,0,0,0
32348,ECG,3525,1583,0,0,0,0,0
32353,ECG,3526,1572,0,0,0,0,0
32353,ECG,3527,1562,0,0,0,0,0
32353,ECG,3528,1551,0,0,0,0,0
32358,ECG,3529,1541,0,0,0,0,0
32358,ECG,3530,1531,0,0,0,0,0
32363,ECG,3531,1520,0,0,0,0,0
32363,ECG,3532,1510,0,0,0,0,0
32363,ECG,3533,1500,0,0,0,0,0
32368,ECG,3534,1490,0,0,0,0,0
32368,ECG,3535,1480,0,0,0,0,0
32373,ECG,3536,1460,0,0,0,0,0
32373,ECG,3537,1451,0,0,0,0,0
32378,ECG,3538,1441,0,0,0,0,0
32378,ECG,3539,1431,0,0,0,0,0
32383,ECG,3540,1412,0,0,0,0,0
32383,ECG,3541,1403,0,0,0,0,0
32388,ECG,3542,1393,0,0,0,0,0
32388,ECG,3543,1384,0,0,0,0,0
32388,ECG,3544,1375,0,0,0,0,0
32393,ECG,3545,1365,0,0,0,0,0
32393,ECG,3546,1356,0,0,0,0,0
32398,ECG,3547,1347,0,0,0,0,0
32398,ECG,3548,1338,0,0,0,0,0
32398,ECG,3549,1329,0,0,0,0,0
32403,ECG,3550,1320,0,0,0,0,0
32403,ECG,3551,1311,0,0,0,0,0
32408,ECG,3552,1302,0,0,0,0,0
32408,ECG,3553,1294,0,0,0,0,0
32408,ECG,3554,1285,0,0,0,0,0
32413,ECG,3555,1276,0,0,0,0,0
32413,ECG,3556,1268,0,0,0,0,0
32418,ECG,3557,1251,0,0,0,0,0
32418,ECG,3558,1242,0,0,0,0,0
32423,ECG,3559,1234,0,0,0,0,0
32423,ECG,3560,1225,0,0,0,0,0
32424,ECG,3561,1217,0,0,0,0,0
32428,ECG,3562,1209,0,0,0,0,0
32428,ECG,3563,1201,0,0,0,0,0
32433,ECG,3564,1192,0,0,0,0,0
32433,ECG,3565,1184,0,0,0,0,0
32433,ECG,3566,1176,0,0,0,0,0
32438,ECG,3567,1168,0,0,0,0,0
32438,ECG,3568,1160,0,0,0,0,0
32443,ECG,3569,1152,0,0,0,0,0
32443,ECG,3570,1145,0,0,0,0,0
32443,ECG,3571,1137,0,0,0,0,0
32448,ECG,3572,1129,0,0,0,0,0
32448,ECG,3573,1121,0,0,0,0,0
32453,ECG,3574,1114,0,0,0,0,0
32453,ECG,3575,1106,0,0,0,0,0
32453,ECG,3576,1099,0,0,0,0,0
33460,ECG,3577,0,0,0,0,0,0
33460,ECG,3578,-1,0,0,0,0,0
33460,ECG,3579,-6,0,0,0,0,0
33465,ECG,3580,2,0,0,0,0,0
33465,ECG,3581,6,0,0,0,0,0
33470,ECG,3582,38,0,0,0,0,0
33470,ECG,3583,-16,0,0,0,0,0
33475,ECG,3584,-26,0,0,0,0,0
33475,ECG,3585,151,0,0,0,0,0
33480,ECG,3586,-2109,0,0,0,0,0
33480,ECG,3587,-1850,0,0,0,0,0
33485,ECG,3588,-36,0,0,0,0,0
33485,ECG,3589,3394,0,0,0,0,0
33485,ECG,3590,8729,0,0,0,0,0
33490,ECG,3591,15156,0,0,0,0,0
33490,ECG,3592,21688,0,0,0,0,0
33495,ECG,3593,27397,0,0,0,0,0
33495,ECG,3594,31312,0,0,0,0,0
33495,ECG,3595,32011,0,0,0,0,0
33500,ECG,3596,31810,0,0,0,0,0
33500,ECG,3597,31610,0,0,0,0,0
33505,ECG,3598,31340,0,0,0,0,0
33505,ECG,3599,31115,0,0,0,0,0
33505,ECG,3600,31019,0,0,0,0,0
33510,ECG,3601,30732,0,0,0,0,0
33510,ECG,3602,30577,0,0,0,0,0
33515,ECG,3603,30367,0,0,0,0,0
33515,ECG,3604,30149,0,0,0,0,0
33515,ECG,3605,29961,0,0,0,0,0
33520,ECG,3606,29766,0,0,0,0,0
33520,ECG,3607,29586,0,0,0,0,0
33525,ECG,3608,29248,0,0,0,0,0
33525,ECG,3609,29094,0,0,0,0,0
33530,ECG,3610,28919,0,0,0,0,0
33530,ECG,3611,28719,0,0,0,0,0
33535,ECG,3612,28301,0,0,0,0,0
33535,ECG,3613,28100,0,0,0,0,0
33540,ECG,3614,27921,0,0,0,0,0
33540,ECG,3615,27747,0,0,0,0,0
33540,ECG,3616,27577,0,0,0,0,0
33545,ECG,3617,27494,0,0,0,0,0
33545,ECG,3618,27353,0,0,0,0,0
33550,ECG,3619,27120,0,0,0,0,0
33550,ECG,3620,26891,0,0,0,0,0
33550,ECG,3621,26622,0,0,0,0,0
33555,ECG,3622,26341,0,0,0,0,0
33555,ECG,3623,26123,0,0,0,0,0
33560,ECG,3624,25952,0,0,0,0,0
33560,ECG,3625,25834,0,0,0,0,0
33560,ECG,3626,25765,0,0,0,0,0
33565,ECG,3627,25699,0,0,0,0,0
33565,ECG,3628,25626,0,0,0,0,0
33570,ECG,3629,25374,0,0,0,0,0
33570,ECG,3630,25143,0,0,0,0,0
33575,ECG,3631,24962,0,0,0,0,0
33575,ECG,3632,24795,0,0,0,0,0
33576,ECG,3633,24622,0,0,0,0,0
33580,ECG,3634,24473,0,0,0,0,0
33580,ECG,3635,24331,0,0,0,0,0
33585,ECG,3636,24200,0,0,0,0,0
33585,ECG,3637,24066,0,0,0,0,0
33590,ECG,3638,23800,0,0,0,0,0
33590,ECG,3639,23643,0,0,0,0,0
33595,ECG,3640,23482,0,0,0,0,0
33595,ECG,3641,23339,0,0,0,0,0
33595,ECG,3642,23188,0,0,0,0,0
33600,ECG,3643,23047,0,0,0,0,0
33600,ECG,3644,22900,0,0,0,0,0
33605,ECG,3645,22745,0,0,0,0,0
33605,ECG,3646,22657,0,0,0,0,0
33605,ECG,3647,22514,0,0,0,0,0
33610,ECG,3648,22310,0,0,0,0,0
33610,ECG,3649,22100,0,0,0,0,0
33615,ECG,3650,21885,0,0,0,0,0
33615,ECG,3651,21655,0,0,0,0,0
33615,ECG,3652,21471,0,0,0,0,0
33620,ECG,3653,21333,0,0,0,0,0
33620,ECG,3654,21238,0,0,0,0,0
33625,ECG,3655,21140,0,0,0,0,0
33625,ECG,3656,21072,0,0,0,0,0
33630,ECG,3657,21017,0,0,0,0,0
33630,ECG,3658,20885,0,0,0,0,0
33635,ECG,3659,20576,0,0,0,0,0
33635,ECG,3660,20453,0,0,0,0,0
33640,ECG,3661,20320,0,0,0,0,0
33640,ECG,3662,20192,0,0,0,0,0
33640,ECG,3663,20061,0,0,0,0,0
33645,ECG,3664,19977,0,0,0,0,0
33645,ECG,3665,19858,0,0,0,0,0
33650,ECG,3666,19674,0,0,0,0,0
33650,ECG,3667,19495,0,0,0,0,0
33650,ECG,3668,19311,0,0,0,0,0
33655,ECG,3669,19121,0,0,0,0,0
33655,ECG,3670,18963,0,0,0,0,0
33660,ECG,3671,18842,0,0,0,0,0
33660,ECG,3672,18755,0,0,0,0,0
33660,ECG,3673,18703,0,0,0,0,0
33665,ECG,3674,18650,0,0,0,0,0
33665,ECG,3675,18585,0,0,0,0,0
33670,ECG,3676,18419,0,0,0,0,0
33670,ECG,3677,18257,0,0,0,0,0
33675,ECG,3678,18141,0,0,0,0,0
33675,ECG,3679,18034,0,0,0,0,0
33676,ECG,3680,17914,0,0,0,0,0
33680,ECG,3681,17804,0,0,0,0,0
33680,ECG,3682,17692,0,0,0,0,0
33685,ECG,3683,17580,0,0,0,0,0
33685,ECG,3684,17469,0,0,0,0,0
33690,ECG,3685,17250,0,0,0,0,0
33690,ECG,3686,17141,0,0,0,0,0
33695,ECG,3687,17033,0,0,0,0,0
33695,ECG,3688,16926,0,0,0,0,0
33695,ECG,3689,16819,0,0,0,0,0
33700,ECG,3690,16713,0,0,0,0,0
33700,ECG,3691,16608,0,0,0,0,0
33705,ECG,3692,16503,0,0,0,0,0
33705,ECG,3693,16399,0,0,0,0,0
33705,ECG,3694,16296,0,0,0,0,0
33710,ECG,3695,16193,0,0,0,0,0
33710,ECG,3696,16091,0,0,0,0,0
33715,ECG,3697,15990,0,0,0,0,0
33715,ECG,3698,15889,0,0,0,0,0
33715,ECG,3699,15787,0,0,0,0,0
33720,ECG,3700,15693,0,0,0,0,0
33720,ECG,3701,15586,0,0,0,0,0
33725,ECG,3702,15438,0,0,0,0,0
33725,ECG,3703,15326,0,0,0,0,0
33730,ECG,3704,15170,0,0,0,0,0
33730,ECG,3705,15032,0,0,0,0,0
33735,ECG,3706,14730,0,0,0,0,0
33735,ECG,3707,14615,0,0,0,0,0
33740,ECG,3708,14529,0,0,0,0,0
33740,ECG,3709,14475,0,0,0,0,0
33740,ECG,3710,14444,0,0,0,0,0
33745,ECG,3711,14407,0,0,0,0,0
33745,ECG,3712,14371,0,0,0,0,0
33750,ECG,3713,14320,0,0,0,0,0
33750,ECG,3714,14204,0,0,0,0,0
33750,ECG,3715,14073,0,0,0,0,0
33755,ECG,3716,13985,0,0,0,0,0
33755,ECG,3717,13886,0,0,0,0,0
33760,ECG,3718,13799,0,0,0,0,0
33760,ECG,3719,13714,0,0,0,0,0
33760,ECG,3720,13626,0,0,0,0,0
33765,ECG,3721,13598,0,0,0,0,0
33765,ECG,3722,13530,0,0,0,0,0
33770,ECG,3723,13253,0,0,0,0,0
33770,ECG,3724,13100,0,0,0,0,0
33775,ECG,3725,12943,0,0,0,0,0
33775,ECG,3726,12824,0,0,0,0,0
33776,ECG,3727,12739,0,0,0,0,0
33780,ECG,3728,12692,0,0,0,0,0
33780,ECG,3729,12681,0,0,0,0,0
33785,ECG,3730,12667,0,0,0,0,0
33785,ECG,3731,12640,0,0,0,0,0
33790,ECG,3732,12551,0,0,0,0,0
33790,ECG,3733,12424,0,0,0,0,0
33795,ECG,3734,12346,0,0,0,0,0
33795,ECG,3735,12275,0,0,0,0,0
33795,ECG,3736,12191,0,0,0,0,0
33800,ECG,3737,12117,0,0,0,0,0
33800,ECG,3738,12040,0,0,0,0,0
33805,ECG,3739,11964,0,0,0,0,0
33805,ECG,3740,11889,0,0,0,0,0
33805,ECG,3741,11814,0,0,0,0,0
33810,ECG,3742,11739,0,0,0,0,0
33810,ECG,3743,11664,0,0,0,0,0
33815,ECG,3744,11592,0,0,0,0,0
33815,ECG,3745,11518,0,0,0,0,0
33815,ECG,3746,11443,0,0,0,0,0
33820,ECG,3747,11377,0,0,0,0,0
33820,ECG,3748,11296,0,0,0,0,0
33825,ECG,3749,11199,0,0,0,0,0
33825,ECG,3750,11112,0,0,0,0,0
33830,ECG,3751,10990,0,0,0,0,0
33830,ECG,3752,10883,0,0,0,0,0
33835,ECG,3753,10648,0,0,0,0,0
33835,ECG,3754,10560,0,0,0,0,0
33840,ECG,3755,10505,0,0,0,0,0
33840,ECG,3756,10465,0,0,0,0,0
33840,ECG,3757,10455,0,0,0,0,0
33845,ECG,3758,10475,0,0,0,0,0
33845,ECG,3759,10444,0,0,0,0,0
33850,ECG,3760,10363,0,0,0,0,0
33850,ECG,3761,10234,0,0,0,0,0
33850,ECG,3762,10083,0,0,0,0,0
33855,ECG,3763,9971,0,0,0,0,0
33855,ECG,3764,9882,0,0,0,0,0
33860,ECG,3765,9821,0,0,0,0,0
33860,ECG,3766,9796,0,0,0,0,0
33860,ECG,3767,9794,0,0,0,0,0
33865,ECG,3768,9783,0,0,0,0,0
33865,ECG,3769,9768,0,0,0,0,0
33870,ECG,3770,9761,0,0,0,0,0
33870,ECG,3771,9685,0,0,0,0,0
33870,ECG,3772,9586,0,0,0,0,0
33875,ECG,3773,9534,0,0,0,0,0
33875,ECG,3774,9473,0,0,0,0,0
33880,ECG,3775,9354,0,0,0,0,0
33880,ECG,3776,9288,0,0,0,0,0
33885,ECG,3777,9263,0,0,0,0,0
33885,ECG,3778,9213,0,0,0,0,0
33890,ECG,3779,9010,0,0,0,0,0
33890,ECG,3780,8909,0,0,0,0,0
33895,ECG,3781,8802,0,0,0,0,0
33895,ECG,3782,8719,0,0,0,0,0
33895,ECG,3783,8662,0,0,0,0,0
33900,ECG,3784,8629,0,0,0,0,0
33900,ECG,3785,8623,0,0,0,0,0
33905,ECG,3786,8616,0,0,0,0,0
33905,ECG,3787,8598,0,0,0,0,0
33905,ECG,3788,8593,0,0,0,0,0
33910,ECG,3789,8542,0,0,0,0,0
33910,ECG,3790,8450,0,0,0,0,0
33915,ECG,3791,8398,0,0,0,0,0
33915,ECG,3792,8350,0,0,0,0,0
33915,ECG,3793,8292,0,0,0,0,0
33920,ECG,3794,8244,0,0,0,0,0
33920,ECG,3795,8186,0,0,0,0,0
33925,ECG,3796,8105,0,0,0,0,0
33925,ECG,3797,8041,0,0,0,0,0
33930,ECG,3798,7968,0,0,0,0,0
33930,ECG,3799,7901,0,0,0,0,0
33931,ECG,3800,7827,0,0,0,0,0
33935,ECG,3801,7758,0,0,0,0,0
33935,ECG,3802,7702,0,0,0,0,0
33940,ECG,3803,7659,0,0,0,0,0
33940,ECG,3804,7627,0,0,0,0,0
33945,ECG,3805,7572,0,0,0,0,0
33945,ECG,3806,7545,0,0,0,0,0
33950,ECG,3807,7513,0,0,0,0,0
33950,ECG,3808,7452,0,0,0,0,0
33950,ECG,3809,7395,0,0,0,0,0
33955,ECG,3810,7353,0,0,0,0,0
33955,ECG,3811,7305,0,0,0,0,0
33960,ECG,3812,7258,0,0,0,0,0
33960,ECG,3813,7213,0,0,0,0,0
33960,ECG,3814,7166,0,0,0,0,0
33965,ECG,3815,7121,0,0,0,0,0
33965,ECG,3816,7076,0,0,0,0,0
33970,ECG,3817,7031,0,0,0,0,0
33970,ECG,3818,6986,0,0,0,0,0
33970,ECG,3819,6942,0,0,0,0,0
33975,ECG,3820,6898,0,0,0,0,0
33975,ECG,3821,6854,0,0,0,0,0
33980,ECG,3822,6767,0,0,0,0,0
33980,ECG,3823,6724,0,0,0,0,0
33985,ECG,3824,6681,0,0,0,0,0
33985,ECG,3825,6639,0,0,0,0,0
33990,ECG,3826,6555,0,0,0,0,0
33990,ECG,3827,6513,0,0,0,0,0
33995,ECG,3828,6471,0,0,0,0,0
33995,ECG,3829,6430,0,0,0,0,0
33995,ECG,3830,6389,0,0,0,0,0
34000,ECG,3831,6348,0,0,0,0,0
34000,ECG,3832,6308,0,0,0,0,0
34005,ECG,3833,6268,0,0,0,0,0
34005,ECG,3834,6228,0,0,0,0,0
34005,ECG,3835,6188,0,0,0,0,0
34010,ECG,3836,6148,0,0,0,0,0
34010,ECG,3837,6109,0,0,0,0,0
34015,ECG,3838,6070,0,0,0,0,0
34015,ECG,3839,6031,0,0,0,0,0
34015,ECG,3840,5993,0,0,0,0,0
34020,ECG,3841,5955,0,0,0,0,0
34020,ECG,3842,5917,0,0,0,0,0
34025,ECG,3843,5841,0,0,0,0,0
34025,ECG,3844,5804,0,0,0,0,0
34030,ECG,3845,5767,0,0,0,0,0
34030,ECG,3846,5730,0,0,0,0,0
34031,ECG,3847,5694,0,0,0,0,0
34035,ECG,3848,5657,0,0,0,0,0
34035,ECG,3849,5623,0,0,0,0,0
34040,ECG,3850,5585,0,0,0,0,0
34040,ECG,3851,5549,0,0,0,0,0
34045,ECG,3852,5495,0,0,0,0,0
34045,ECG,3853,5434,0,0,0,0,0
34050,ECG,3854,5381,0,0,0,0,0
34050,ECG,3855,5323,0,0,0,0,0
34050,ECG,3856,5266,0,0,0,0,0
34055,ECG,3857,5219,0,0,0,0,0
34055,ECG,3858,5191,0,0,0,0,0
34060,ECG,3859,5171,0,0,0,0,0
34060,ECG,3860,5157,0,0,0,0,0
34060,ECG,3861,5174,0,0,0,0,0
34065,ECG,3862,5175,0,0,0,0,0
34065,ECG,3863,5123,0,0,0,0,0
34070,ECG,3864,5045,0,0,0,0,0
34070,ECG,3865,4956,0,0,0,0,0
34070,ECG,3866,4878,0,0,0,0,0
34075,ECG,3867,4818,0,0,0,0,0
34075,ECG,3868,4782,0,0,0,0,0
34080,ECG,3869,4786,0,0,0,0,0
34080,ECG,3870,4802,0,0,0,0,0
34085,ECG,3871,4806,0,0,0,0,0
34085,ECG,3872,4823,0,0,0,0,0
34090,ECG,3873,4736,0,0,0,0,0
34090,ECG,3874,4703,0,0,0,0,0
34095,ECG,3875,4679,0,0,0,0,0
34095,ECG,3876,4644,0,0,0,0,0
34095,ECG,3877,4616,0,0,0,0,0
34100,ECG,3878,4587,0,0,0,0,0
34100,ECG,3879,4557,0,0,0,0,0
34105,ECG,3880,4528,0,0,0,0,0
34105,ECG,3881,4499,0,0,0,0,0
34105,ECG,3882,4471,0,0,0,0,0
34110,ECG,3883,4442,0,0,0,0,0
34110,ECG,3884,4413,0,0,0,0,0
34115,ECG,3885,4386,0,0,0,0,0
34115,ECG,3886,4356,0,0,0,0,0
34115,ECG,3887,4331,0,0,0,0,0
34120,ECG,3888,4300,0,0,0,0,0
34120,ECG,3889,4272,0,0,0,0,0
34125,ECG,3890,4263,0,0,0,0,0
34125,ECG,3891,4235,0,0,0,0,0
34125,ECG,3892,4183,0,0,0,0,0
34130,ECG,3893,4138,0,0,0,0,0
34130,ECG,3894,4088,0,0,0,0,0
34131,ECG,3895,4037,0,0,0,0,0
34135,ECG,3896,3999,0,0,0,0,0
34135,ECG,3897,3975,0,0,0,0,0
34140,ECG,3898,3962,0,0,0,0,0
34140,ECG,3899,3962,0,0,0,0,0
34145,ECG,3900,3953,0,0,0,0,0
34145,ECG,3901,3951,0,0,0,0,0
34150,ECG,3902,3921,0,0,0,0,0
34150,ECG,3903,3881,0,0,0,0,0
34150,ECG,3904,3857,0,0,0,0,0
34155,ECG,3905,3832,0,0,0,0,0
34155,ECG,3906,3812,0,0,0,0,0
34160,ECG,3907,3777,0,0,0,0,0
34160,ECG,3908,3762,0,0,0,0,0
34160,ECG,3909,3779,0,0,0,0,0
34165,ECG,3910,3745,0,0,0,0,0
34165,ECG,3911,3647,0,0,0,0,0
34170,ECG,3912,3569,0,0,0,0,0
34170,ECG,3913,3471,0,0,0,0,0
34170,ECG,3914,3381,0,0,0,0,0
34175,ECG,3915,3333,0,0,0,0,0
34175,ECG,3916,3321,0,0,0,0,0
34180,ECG,3917,3406,0,0,0,0,0
34180,ECG,3918,3444,0,0,0,0,0
34185,ECG,3919,3485,0,0,0,0,0
34185,ECG,3920,3509,0,0,0,0,0
34186,ECG,3921,3473,0,0,0,0,0
34190,ECG,3922,3409,0,0,0,0,0
34190,ECG,3923,3401,0,0,0,0,0
34195,ECG,3924,3377,0,0,0,0,0
34195,ECG,3925,3352,0,0,0,0,0
34200,ECG,3926,3311,0,0,0,0,0
34200,ECG,3927,3290,0,0,0,0,0
34205,ECG,3928,3269,0,0,0,0,0
34205,ECG,3929,3248,0,0,0,0,0
34205,ECG,3930,3227,0,0,0,0,0
34210,ECG,3931,3206,0,0,0,0,0
34210,ECG,3932,3185,0,0,0,0,0
34215,ECG,3933,3165,0,0,0,0,0
34215,ECG,3934,3144,0,0,0,0,0
34215,ECG,3935,3124,0,0,0,0,0
34220,ECG,3936,3104,0,0,0,0,0
34220,ECG,3937,3084,0,0,0,0,0
34225,ECG,3938,3064,0,0,0,0,0
34225,ECG,3939,3044,0,0,0,0,0
34225,ECG,3940,3024,0,0,0,0,0
34230,ECG,3941,3005,0,0,0,0,0
34230,ECG,3942,2985,0,0,0,0,0
34235,ECG,3943,2947,0,0,0,0,0
34235,ECG,3944,2928,0,0,0,0,0
34240,ECG,3945,2908,0,0,0,0,0
34240,ECG,3946,2892,0,0,0,0,0
34245,ECG,3947,2852,0,0,0,0,0
34245,ECG,3948,2829,0,0,0,0,0
34250,ECG,3949,2806,0,0,0,0,0
34250,ECG,3950,2782,0,0,0,0,0
34250,ECG,3951,2759,0,0,0,0,0
34255,ECG,3952,2741,0,0,0,0,0
34255,ECG,3953,2726,0,0,0,0,0
34260,ECG,3954,2711,0,0,0,0,0
34260,ECG,3955,2705,0,0,0,0,0
34260,ECG,3956,2697,0,0,0,0,0
34265,ECG,3957,2677,0,0,0,0,0
34265,ECG,3958,2650,0,0,0,0,0
34270,ECG,3959,2620,0,0,0,0,0
34270,ECG,3960,2589,0,0,0,0,0
34270,ECG,3961,2566,0,0,0,0,0
34275,ECG,3962,2547,0,0,0,0,0
34275,ECG,3963,2535,0,0,0,0,0
34280,ECG,3964,2528,0,0,0,0,0
34280,ECG,3965,2524,0,0,0,0,0
34280,ECG,3966,2516,0,0,0,0,0
34285,ECG,3967,2510,0,0,0,0,0
34285,ECG,3968,2498,0,0,0,0,0
34290,ECG,3969,2457,0,0,0,0,0
34290,ECG,3970,2440,0,0,0,0,0
34295,ECG,3971,2427,0,0,0,0,0
34295,ECG,3972,2411,0,0,0,0,0
34300,ECG,3973,2412,0,0,0,0,0
34300,ECG,3974,2406,0,0,0,0,0
34305,ECG,3975,2338,0,0,0,0,0
34305,ECG,3976,2265,0,0,0,0,0
34305,ECG,3977,2191,0,0,0,0,0
34310,ECG,3978,2103,0,0,0,0,0
34310,ECG,3979,2046,0,0,0,0,0
34315,ECG,3980,2027,0,0,0,0,0
34315,ECG,3981,2042,0,0,0,0,0
34315,ECG,3982,2094,0,0,0,0,0
34320,ECG,3983,2151,0,0,0,0,0
34320,ECG,3984,2188,0,0,0,0,0
34325,ECG,3985,2245,0,0,0,0,0
34325,ECG,3986,2236,0,0,0,0,0
34325,ECG,3987,2176,0,0,0,0,0
34330,ECG,3988,2157,0,0,0,0,0
34330,ECG,3989,2154,0,0,0,0,0
34335,ECG,3990,2122,0,0,0,0,0
34335,ECG,3991,2108,0,0,0,0,0
34340,ECG,3992,2087,0,0,0,0,0
34340,ECG,3993,2097,0,0,0,0,0
34341,ECG,3994,2094,0,0,0,0,0
34345,ECG,3995,2047,0,0,0,0,0
34345,ECG,3996,2002,0,0,0,0,0
34350,ECG,3997,1957,0,0,0,0,0
34350,ECG,3998,1904,0,0,0,0,0
34355,ECG,3999,1856,0,0,0,0,0
34355,ECG,4000,1854,0,0,0,0,0
34360,ECG,4001,1874,0,0,0,0,0
34360,ECG,4002,1940,0,0,0,0,0
34360,ECG,4003,1958,0,0,0,0,0
34365,ECG,4004,1927,0,0,0,0,0
34365,ECG,4005,1878,0,0,0,0,0
34370,ECG,4006,1785,0,0,0,0,0
34370,ECG,4007,1714,0,0,0,0,0
34370,ECG,4008,1679,0,0,0,0,0
34375,ECG,4009,1664,0,0,0,0,0
34375,ECG,4010,1684,0,0,0,0,0
34380,ECG,4011,1770,0,0,0,0,0
34380,ECG,4012,1803,0,0,0,0,0
34385,ECG,4013,1847,0,0,0,0,0
34385,ECG,4014,1830,0,0,0,0,0
34386,ECG,4015,1778,0,0,0,0,0
34390,ECG,4016,1771,0,0,0,0,0
34390,ECG,4017,1762,0,0,0,0,0
34395,ECG,4018,1746,0,0,0,0,0
34395,ECG,4019,1737,0,0,0,0,0
34395,ECG,4020,1725,0,0,0,0,0
34400,ECG,4021,1713,0,0,0,0,0
34400,ECG,4022,1702,0,0,0,0,0
34405,ECG,4023,1691,0,0,0,0,0
34405,ECG,4024,1679,0,0,0,0,0
34405,ECG,4025,1668,0,0,0,0,0
34410,ECG,4026,1658,0,0,0,0,0
34410,ECG,4027,1645,0,0,0,0,0
34415,ECG,4028,1636,0,0,0,0,0
34415,ECG,4029,1627,0,0,0,0,0
34415,ECG,4030,1607,0,0,0,0,0
34420,ECG,4031,1619,0,0,0,0,0
34420,ECG,4032,1630,0,0,0,0,0
34425,ECG,4033,1584,0,0,0,0,0
34425,ECG,4034,1534,0,0,0,0,0
34425,ECG,4035,1485,0,0,0,0,0
34430,ECG,4036,1428,0,0,0,0,0
34430,ECG,4037,1386,0,0,0,0,0
34435,ECG,4038,1384,0,0,0,0,0
34435,ECG,4039,1396,0,0,0,0,0
34440,ECG,4040,1450,0,0,0,0,0
34440,ECG,4041,1539,0,0,0,0,0
34445,ECG,4042,1448,0,0,0,0,0
34445,ECG,4043,1322,0,0,0,0,0
34450,ECG,4044,1190,0,0,0,0,0
34450,ECG,4045,1087,0,0,0,0,0
34450,ECG,4046,1032,0,0,0,0,0
34455,ECG,4047,1048,0,0,0,0,0
34455,ECG,4048,1106,0,0,0,0,0
34460,ECG,4049,1227,0,0,0,0,0
34460,ECG,4050,1365,0,0,0,0,0
34460,ECG,4051,1433,0,0,0,0,0
34465,ECG,4052,1435,0,0,0,0,0
34465,ECG,4053,1338,0,0,0,0,0
34470,ECG,4054,1194,0,0,0,0,0
34470,ECG,4055,1140,0,0,0,0,0
34470,ECG,4056,1102,0,0,0,0,0
34475,ECG,4057,1098,0,0,0,0,0
34475,ECG,4058,1143,0,0,0,0,0
34480,ECG,4059,1261,0,0,0,0,0
34480,ECG,4060,1313,0,0,0,0,0
34485,ECG,4061,1353,0,0,0,0,0
34485,ECG,4062,1331,0,0,0,0,0
34486,ECG,4063,1280,0,0,0,0,0
34490,ECG,4064,1285,0,0,0,0,0
34490,ECG,4065,1274,0,0,0,0,0
34495,ECG,4066,1263,0,0,0,0,0
34495,ECG,4067,1257,0,0,0,0,0
34500,ECG,4068,1250,0,0,0,0,0
34500,ECG,4069,1247,0,0,0,0,0
34505,ECG,4070,1218,0,0,0,0,0
34505,ECG,4071,1193,0,0,0,0,0
34505,ECG,4072,1167,0,0,0,0,0
34510,ECG,4073,1139,0,0,0,0,0
34510,ECG,4074,1112,0,0,0,0,0
34515,ECG,4075,1115,0,0,0,0,0
34515,ECG,4076,1108,0,0,0,0,0
34515,ECG,4077,1112,0,0,0,0,0
35522,ECG,4078,0,0,0,0,0,0
35522,ECG,4079,-1,0,0,0,0,0
35522,ECG,4080,-6,0,0,0,0,0
35527,ECG,4081,2,0,0,0,0,0
35527,ECG,4082,6,0,0,0,0,0
35532,ECG,4083,37,0,0,0,0,0
35532,ECG,4084,-14,0,0,0,0,0
35537,ECG,4085,-26,0,0,0,0,0
35537,ECG,4086,146,0,0,0,0,0
35538,ECG,4087,-730,0,0,0,0,0
35542,ECG,4088,-2079,0,0,0,0,0
35542,ECG,4089,-1860,0,0,0,0,0
35547,ECG,4090,-78,0,0,0,0,0
35547,ECG,4091,3314,0,0,0,0,0
35547,ECG,4092,8607,0,0,0,0,0
35552,ECG,4093,15011,0,0,0,0,0
35552,ECG,4094,21545,0,0,0,0,0
35557,ECG,4095,27271,0,0,0,0,0
34822,IMU,832,1524,-20,8388,-95,58,35
34841,IMU,833,1480,60,8372,-96,70,54
34860,IMU,834,1508,-44,8340,-77,55,35
34879,IMU,835,1604,24,8360,-80,57,50
34898,IMU,836,1540,-44,8328,-77,53,27
34918,IMU,837,1544,-112,8332,-86,64,41
34937,IMU,838,1480,-68,8416,-87,47,45
34956,IMU,839,1656,-56,8380,-88,50,51
34975,IMU,840,1460,-52,8424,-80,57,46
34996,IMU,841,1460,-4,8456,-76,54,47
35013,IMU,842,1560,-28,8300,-77,61,27
35032,IMU,843,1528,0,8436,-78,57,38
35052,IMU,844,1508,68,8436,-86,57,40
35071,IMU,845,1448,36,8396,-90,46,47
35090,IMU,846,1424,8,8396,-74,44,42
35109,IMU,847,1516,-76,8348,-84,63,29
35128,IMU,848,1480,-20,8436,-100,56,39
35147,IMU,849,1588,-20,8376,-87,75,42
35167,IMU,850,1492,-48,8412,-67,56,50
35186,IMU,851,1440,-116,8356,-81,49,55
35212,IMU,852,1564,-64,8316,-90,63,40
35224,IMU,853,1572,16,8368,-94,65,42
35243,IMU,854,1544,-32,8352,-73,52,43
35262,IMU,855,1512,4,8384,-87,74,55
35282,IMU,856,1484,-8,8308,-94,73,40
35301,IMU,857,1504,44,8340,-93,55,45
35320,IMU,858,1540,-40,8400,-81,46,45
35339,IMU,859,1560,-36,8368,-85,62,37
35358,IMU,860,1548,-72,8400,-98,61,43
35377,IMU,861,1428,60,8372,-74,61,50
35396,IMU,862,1456,-60,8328,-99,36,52
35416,IMU,863,1460,-16,8336,-91,55,36
35437,IMU,864,1636,-52,8392,-87,70,35
35454,IMU,865,1568,84,8376,-74,69,40
35473,IMU,866,1440,36,8476,-79,62,41
35492,IMU,867,1572,-4,8408,-77,41,59
35511,IMU,868,1496,-76,8428,-90,63,26
35531,IMU,869,1436,-96,8380,-87,63,45
35550,IMU,870,1476,72,8332,-87,54,29
35569,IMU,871,1540,-40,8276,-87,63,40
35588,IMU,872,1516,-36,8432,-99,42,46
35607,IMU,873,1452,-48,8384,-90,70,46
35626,IMU,874,1524,-84,8336,-87,51,33
35649,IMU,875,1588,12,8376,-89,60,62
35664,IMU,876,1492,-76,8380,-75,55,44
35685,IMU,877,1516,-76,8392,-94,51,54
35702,IMU,878,1580,-28,8440,-85,71,42
35721,IMU,879,1584,0,8404,-77,61,51
35741,IMU,880,1488,-20,8396,-77,40,40
35760,IMU,881,1568,-40,8356,-80,56,30
35779,IMU,882,1408,-72,8412,-63,50,42
35798,IMU,883,1480,-16,8364,-83,54,53
35817,IMU,884,1540,-132,8316,-91,52,51
35836,IMU,885,1612,-84,8400,-96,60,18
35855,IMU,886,1540,-24,8340,-89,39,27
35876,IMU,887,1504,-40,8288,-75,48,34
35893,IMU,888,1480,24,8380,-80,60,48
35912,IMU,889,1524,-40,8420,-90,60,55
35931,IMU,890,1532,48,8364,-88,57,39
35950,IMU,891,1500,-80,8340,-82,63,46
35970,IMU,892,1568,-68,8348,-70,56,40
35989,IMU,893,1476,56,8380,-83,59,55
36008,IMU,894,1504,-16,8316,-85,69,26
36026,IMU,895,1556,-68,8428,-88,40,38
36046,IMU,896,1624,-44,8396,-89,74,36
36065,IMU,897,1516,-116,8364,-92,61,32
36089,IMU,898,1572,0,8388,-91,67,47
36103,IMU,899,1468,-48,8428,-98,63,37
36122,IMU,900,1480,-16,8380,-104,74,32
36141,IMU,901,1628,-84,8356,-82,40,41
36160,IMU,902,1540,32,8336,-83,49,46
36179,IMU,903,1528,-36,8412,-90,75,43
36198,IMU,904,1544,-52,8416,-75,64,37
36218,IMU,905,1560,-28,8352,-73,61,48
36237,IMU,906,1532,-56,8288,-93,69,48
36256,IMU,907,1452,20,8388,-87,52,49
36275,IMU,908,1520,-36,8328,-83,69,34
36295,IMU,909,1540,-120,8372,-77,60,48
36313,IMU,910,1532,-40,8416,-95,66,52
36332,IMU,911,1548,28,8404,-93,67,52
36352,IMU,912,1448,32,8404,-80,57,43
36370,IMU,913,1500,56,8400,-88,58,52
36389,IMU,914,1416,-100,8396,-80,61,64
36408,IMU,915,1484,-16,8480,-83,56,45
36427,IMU,916,1536,-8,8388,-82,70,37
36446,IMU,917,1440,-68,8344,-70,54,34
36465,IMU,918,1408,52,8416,-88,46,40
36485,IMU,919,1516,4,8312,-87,65,41
36504,IMU,920,1456,-136,8360,-100,86,29
36525,IMU,921,1536,124,8392,-94,68,36
36541,IMU,922,1464,-88,8372,-78,49,55
36561,IMU,923,1444,-88,8480,-80,63,45
36580,IMU,924,1520,-88,8336,-82,62,29
36599,IMU,925,1540,0,8364,-88,48,45
36618,IMU,926,1576,-28,8436,-99,69,53
36637,IMU,927,1500,-76,8408,-82,53,37
36656,IMU,928,1532,-116,8332,-95,47,46
36675,IMU,929,1500,-84,8356,-71,49,42
36694,IMU,930,1548,-16,8448,-100,79,42
36714,IMU,931,1452,0,8428,-83,55,36
36736,IMU,932,1644,-72,8384,-90,49,30
36753,IMU,933,1528,12,8324,-87,59,39
36771,IMU,934,1548,-48,8288,-78,47,46
36791,IMU,935,1552,-116,8312,-87,57,39
36809,IMU,936,1484,16,8348,-84,54,42
36828,IMU,937,1572,32,8396,-85,52,47
36848,IMU,938,1492,0,8396,-76,50,52
36867,IMU,939,1444,56,8388,-94,59,47
36886,IMU,940,1508,-48,8320,-104,66,48
36905,IMU,941,1500,76,8448,-88,47,41
36924,IMU,942,1572,-36,8384,-79,70,52
36943,IMU,943,1500,48,8408,-86,64,26
36965,IMU,944,1412,60,8328,-104,54,45
36982,IMU,945,1480,24,8332,-75,61,38
37001,IMU,946,1516,-24,8288,-89,71,45
37020,IMU,947,1596,-24,8380,-62,56,46
37039,IMU,948,1496,-24,8416,-93,46,41
37058,IMU,949,1516,12,8396,-78,67,40
37078,IMU,950,1416,-52,8400,-68,56,46
37097,IMU,951,1524,-44,8476,-78,60,54
37116,IMU,952,1436,-104,8400,-80,62,46
37135,IMU,953,1476,-28,8376,-88,44,47
37154,IMU,954,1440,8,8400,-84,51,36
37176,IMU,955,1452,-44,8348,-79,39,46
37192,IMU,956,1480,-80,8484,-84,56,45
37212,IMU,957,1528,-24,8412,-81,67,39
37231,IMU,958,1480,-32,8492,-76,46,59
37250,IMU,959,1536,48,8424,-81,55,41
37269,IMU,960,1464,-68,8364,-109,63,42
37288,IMU,961,1532,-32,8476,-85,61,47
37307,IMU,962,1552,-68,8424,-90,50,31
37327,IMU,963,1544,64,8404,-85,65,46
37346,IMU,964,1592,-84,8428,-87,59,32
37365,IMU,965,1556,12,8352,-73,60,40
37384,IMU,966,1440,-84,8348,-81,58,56
37404,IMU,967,1492,-44,8376,-75,52,59
37422,IMU,968,1600,-64,8412,-90,50,57
37442,IMU,969,1524,-144,8392,-98,60,49
37461,IMU,970,1516,-64,8424,-87,62,62
37480,IMU,971,1564,-152,8376,-85,68,43
37499,IMU,972,1556,-144,8340,-93,75,35
37518,IMU,973,1460,-72,8412,-95,76,33
37537,IMU,974,1468,76,8320,-84,42,46
37556,IMU,975,1560,-36,8304,-80,58,45
37576,IMU,976,1516,-68,8364,-86,60,30
37595,IMU,977,1612,-116,8352,-83,64,47
37617,IMU,978,1508,-40,8412,-80,61,49
37633,IMU,979,1512,-4,8320,-105,47,48
37652,IMU,980,1544,16,8280,-64,39,46
37672,IMU,981,1368,-16,8300,-87,45,34
37691,IMU,982,1540,-48,8432,-90,61,65
37710,IMU,983,1544,64,8384,-87,71,39
37728,IMU,984,1492,-28,8356,-92,50,36
37748,IMU,985,1496,-156,8396,-72,67,31
37767,IMU,986,1552,-132,8376,-81,64,42
37786,IMU,987,1560,-32,8388,-80,57,43
37805,IMU,988,1504,-112,8292,-83,62,49
37827,IMU,989,1424,40,8392,-92,65,39
37845,IMU,990,1604,-44,8432,-106,74,48
37862,IMU,991,1428,-12,8384,-55,80,42
37881,IMU,992,1548,-52,8396,-96,57,49
37900,IMU,993,1588,-60,8360,-97,68,50
37919,IMU,994,1480,-36,8416,-82,62,46
37938,IMU,995,1548,-140,8384,-85,42,53
37957,IMU,996,1572,24,8496,-82,60,53
37977,IMU,997,1544,-80,8472,-86,53,26
37996,IMU,998,1520,-100,8364,-90,58,46
38015,IMU,999,1552,-52,8432,-77,57,63
38033,IMU,1000,1540,68,8328,-77,69,58
38055,IMU,1001,1548,-92,8380,-79,56,31
38072,IMU,1002,1472,-84,8416,-100,58,46
38091,IMU,1003,1552,16,8280,-85,51,50
38110,IMU,1004,1416,8,8368,-82,64,43
38129,IMU,1005,1552,-72,8400,-92,65,49
38148,IMU,1006,1492,-36,8348,-76,62,38
38167,IMU,1007,1508,84,8396,-70,61,49
38186,IMU,1008,1528,36,8364,-82,68,52
38205,IMU,1009,1552,-80,8388,-95,76,42
38224,IMU,1010,1428,-76,8364,-81,73,34
38243,IMU,1011,1532,-32,8444,-81,59,34
38266,IMU,1012,1476,-16,8444,-95,61,41
38282,IMU,1013,1452,-72,8408,-104,71,43
38301,IMU,1014,1540,-12,8424,-71,55,61
38320,IMU,1015,1552,12,8376,-83,66,30
38339,IMU,1016,1420,32,8272,-75,53,37
38358,IMU,1017,1532,-60,8384,-98,60,47
38379,IMU,1018,1560,-120,8404,-85,63,56
38396,IMU,1019,1556,40,8428,-85,44,34
38415,IMU,1020,1488,-20,8420,-79,65,46
38434,IMU,1021,1536,-44,8376,-84,53,39
38453,IMU,1022,1552,12,8348,-86,61,32
38472,IMU,1023,1540,-48,8368,-66,64,24
38492,IMU,1024,1572,-8,8368,-77,56,58
38511,IMU,1025,1416,-60,8332,-65,75,40
38530,IMU,1026,1528,-96,8336,-78,53,40
38548,IMU,1027,1592,-28,8300,-88,62,63
38568,IMU,1028,1504,-40,8308,-84,75,56
38587,IMU,1029,1576,-92,8392,-93,58,36
38606,IMU,1030,1420,-28,8344,-67,49,38
38625,IMU,1031,1436,-8,8304,-89,56,32
38644,IMU,1032,1544,-56,8344,-96,70,36
38663,IMU,1033,1592,-52,8324,-87,60,43
38682,IMU,1034,1480,56,8380,-87,68,49
38705,IMU,1035,1496,-44,8424,-85,63,25
38720,IMU,1036,1520,48,8348,-65,56,37
38740,IMU,1037,1508,20,8404,-94,65,34
38759,IMU,1038,1640,-28,8408,-73,65,48
38778,IMU,1039,1432,-52,8400,-70,69,49
35557,ECG,4096,31230,0,0,0,0,0
35557,ECG,4097,32016,0,0,0,0,0
35562,ECG,4098,31814,0,0,0,0,0
35562,ECG,4099,31614,0,0,0,0,0
35567,ECG,4100,31358,0,0,0,0,0
35567,ECG,4101,31083,0,0,0,0,0
35567,ECG,4102,30993,0,0,0,0,0
35572,ECG,4103,30695,0,0,0,0,0
35572,ECG,4104,30562,0,0,0,0,0
35577,ECG,4105,30364,0,0,0,0,0
35577,ECG,4106,30226,0,0,0,0,0
35577,ECG,4107,30063,0,0,0,0,0
35582,ECG,4108,29874,0,0,0,0,0
35582,ECG,4109,29486,0,0,0,0,0
35587,ECG,4110,28588,0,0,0,0,0
35587,ECG,4111,28162,0,0,0,0,0
35592,ECG,4112,27887,0,0,0,0,0
35592,ECG,4113,27759,0,0,0,0,0
35597,ECG,4114,27910,0,0,0,0,0
35597,ECG,4115,27994,0,0,0,0,0
35602,ECG,4116,28032,0,0,0,0,0
35602,ECG,4117,27909,0,0,0,0,0
35602,ECG,4118,27734,0,0,0,0,0
35607,ECG,4119,27420,0,0,0,0,0
35607,ECG,4120,27248,0,0,0,0,0
35612,ECG,4121,27084,0,0,0,0,0
35612,ECG,4122,26923,0,0,0,0,0
35612,ECG,4123,26772,0,0,0,0,0
35617,ECG,4124,26658,0,0,0,0,0
35617,ECG,4125,26541,0,0,0,0,0
35622,ECG,4126,26374,0,0,0,0,0
35622,ECG,4127,26097,0,0,0,0,0
35622,ECG,4128,25800,0,0,0,0,0
35627,ECG,4129,25500,0,0,0,0,0
35627,ECG,4130,25216,0,0,0,0,0
35632,ECG,4131,24879,0,0,0,0,0
35632,ECG,4132,24812,0,0,0,0,0
35637,ECG,4133,24886,0,0,0,0,0
35637,ECG,4134,24937,0,0,0,0,0
35638,ECG,4135,24780,0,0,0,0,0
35642,ECG,4136,24501,0,0,0,0,0
35642,ECG,4137,23999,0,0,0,0,0
35647,ECG,4138,23476,0,0,0,0,0
35647,ECG,4139,23081,0,0,0,0,0
35652,ECG,4140,22740,0,0,0,0,0
35652,ECG,4141,22822,0,0,0,0,0
35657,ECG,4142,22973,0,0,0,0,0
35657,ECG,4143,23230,0,0,0,0,0
35657,ECG,4144,23306,0,0,0,0,0
35662,ECG,4145,23159,0,0,0,0,0
35662,ECG,4146,22902,0,0,0,0,0
35667,ECG,4147,22478,0,0,0,0,0
35667,ECG,4148,22141,0,0,0,0,0
35667,ECG,4149,21893,0,0,0,0,0
35672,ECG,4150,21742,0,0,0,0,0
35672,ECG,4151,21688,0,0,0,0,0
35677,ECG,4152,21708,0,0,0,0,0
35677,ECG,4153,21842,0,0,0,0,0
35677,ECG,4154,21904,0,0,0,0,0
35682,ECG,4155,21766,0,0,0,0,0
35682,ECG,4156,21553,0,0,0,0,0
35687,ECG,4157,20831,0,0,0,0,0
35687,ECG,4158,20608,0,0,0,0,0
35692,ECG,4159,20448,0,0,0,0,0
35692,ECG,4160,20395,0,0,0,0,0
35697,ECG,4161,20479,0,0,0,0,0
35697,ECG,4162,20547,0,0,0,0,0
35702,ECG,4163,20455,0,0,0,0,0
35702,ECG,4164,20318,0,0,0,0,0
35702,ECG,4165,19984,0,0,0,0,0
35707,ECG,4166,19716,0,0,0,0,0
35707,ECG,4167,19510,0,0,0,0,0
35712,ECG,4168,19353,0,0,0,0,0
35712,ECG,4169,19260,0,0,0,0,0
35712,ECG,4170,19216,0,0,0,0,0
35717,ECG,4171,19307,0,0,0,0,0
35717,ECG,4172,19330,0,0,0,0,0
35722,ECG,4173,19186,0,0,0,0,0
35722,ECG,4174,18991,0,0,0,0,0
35722,ECG,4175,18662,0,0,0,0,0
35727,ECG,4176,18329,0,0,0,0,0
35727,ECG,4177,18115,0,0,0,0,0
35732,ECG,4178,17933,0,0,0,0,0
35732,ECG,4179,17958,0,0,0,0,0
35737,ECG,4180,18103,0,0,0,0,0
35737,ECG,4181,18178,0,0,0,0,0
35738,ECG,4182,18063,0,0,0,0,0
35742,ECG,4183,17841,0,0,0,0,0
35742,ECG,4184,17445,0,0,0,0,0
35747,ECG,4185,17100,0,0,0,0,0
35747,ECG,4186,16860,0,0,0,0,0
35747,ECG,4187,16711,0,0,0,0,0
35752,ECG,4188,16685,0,0,0,0,0
35752,ECG,4189,16751,0,0,0,0,0
35757,ECG,4190,16881,0,0,0,0,0
35757,ECG,4191,16984,0,0,0,0,0
35757,ECG,4192,16984,0,0,0,0,0
35762,ECG,4193,16877,0,0,0,0,0
35762,ECG,4194,16648,0,0,0,0,0
35767,ECG,4195,16427,0,0,0,0,0
35767,ECG,4196,16292,0,0,0,0,0
35767,ECG,4197,16163,0,0,0,0,0
35772,ECG,4198,16087,0,0,0,0,0
35772,ECG,4199,16030,0,0,0,0,0
35777,ECG,4200,16027,0,0,0,0,0
35777,ECG,4201,15949,0,0,0,0,0
35782,ECG,4202,15817,0,0,0,0,0
35782,ECG,4203,15614,0,0,0,0,0
35787,ECG,4204,15252,0,0,0,0,0
35787,ECG,4205,15116,0,0,0,0,0
35792,ECG,4206,15040,0,0,0,0,0
35792,ECG,4207,14999,0,0,0,0,0
35797,ECG,4208,15030,0,0,0,0,0
35797,ECG,4209,14987,0,0,0,0,0
35802,ECG,4210,14883,0,0,0,0,0
35802,ECG,4211,14635,0,0,0,0,0
35802,ECG,4212,14395,0,0,0,0,0
35807,ECG,4213,14176,0,0,0,0,0
35807,ECG,4214,13992,0,0,0,0,0
35812,ECG,4215,13906,0,0,0,0,0
35812,ECG,4216,13875,0,0,0,0,0
35812,ECG,4217,13913,0,0,0,0,0
35817,ECG,4218,14052,0,0,0,0,0
35817,ECG,4219,14086,0,0,0,0,0
35822,ECG,4220,13998,0,0,0,0,0
35822,ECG,4221,13794,0,0,0,0,0
35822,ECG,4222,13469,0,0,0,0,0
35827,ECG,4223,13220,0,0,0,0,0
35827,ECG,4224,13051,0,0,0,0,0
35832,ECG,4225,12954,0,0,0,0,0
35832,ECG,4226,13003,0,0,0,0,0
35837,ECG,4227,13143,0,0,0,0,0
35837,ECG,4228,13243,0,0,0,0,0
35838,ECG,4229,13159,0,0,0,0,0
35842,ECG,4230,12999,0,0,0,0,0
35842,ECG,4231,12679,0,0,0,0,0
35847,ECG,4232,12416,0,0,0,0,0
35847,ECG,4233,12220,0,0,0,0,0
35847,ECG,4234,12102,0,0,0,0,0
35852,ECG,4235,12083,0,0,0,0,0
35852,ECG,4236,12131,0,0,0,0,0
35857,ECG,4237,12283,0,0,0,0,0
35857,ECG,4238,12405,0,0,0,0,0
35857,ECG,4239,12374,0,0,0,0,0
35862,ECG,4240,12271,0,0,0,0,0
35862,ECG,4241,11971,0,0,0,0,0
35867,ECG,4242,11705,0,0,0,0,0
35867,ECG,4243,11537,0,0,0,0,0
35867,ECG,4244,11420,0,0,0,0,0
35872,ECG,4245,11398,0,0,0,0,0
35872,ECG,4246,11422,0,0,0,0,0
35877,ECG,4247,11541,0,0,0,0,0
35877,ECG,4248,11700,0,0,0,0,0
35877,ECG,4249,11632,0,0,0,0,0
35882,ECG,4250,11502,0,0,0,0,0
35882,ECG,4251,11202,0,0,0,0,0
35887,ECG,4252,10680,0,0,0,0,0
35887,ECG,4253,10540,0,0,0,0,0
35892,ECG,4254,10516,0,0,0,0,0
35892,ECG,4255,10582,0,0,0,0,0
35897,ECG,4256,10873,0,0,0,0,0
35897,ECG,4257,10942,0,0,0,0,0
35902,ECG,4258,10872,0,0,0,0,0
35902,ECG,4259,10702,0,0,0,0,0
35902,ECG,4260,10437,0,0,0,0,0
35907,ECG,4261,10268,0,0,0,0,0
35907,ECG,4262,10128,0,0,0,0,0
35912,ECG,4263,10055,0,0,0,0,0
35912,ECG,4264,10035,0,0,0,0,0
35912,ECG,4265,10126,0,0,0,0,0
35917,ECG,4266,10248,0,0,0,0,0
35917,ECG,4267,10224,0,0,0,0,0
35922,ECG,4268,10160,0,0,0,0,0
35922,ECG,4269,10001,0,0,0,0,0
35922,ECG,4270,9737,0,0,0,0,0
35927,ECG,4271,9562,0,0,0,0,0
35927,ECG,4272,9469,0,0,0,0,0
35932,ECG,4273,9466,0,0,0,0,0
35932,ECG,4274,9537,0,0,0,0,0
35937,ECG,4275,9612,0,0,0,0,0
35937,ECG,4276,9669,0,0,0,0,0
35938,ECG,4277,9609,0,0,0,0,0
35942,ECG,4278,9493,0,0,0,0,0
35942,ECG,4279,9348,0,0,0,0,0
35947,ECG,4280,9262,0,0,0,0,0
35947,ECG,4281,9177,0,0,0,0,0
35952,ECG,4282,9089,0,0,0,0,0
35952,ECG,4283,9068,0,0,0,0,0
35957,ECG,4284,9085,0,0,0,0,0
35957,ECG,4285,9068,0,0,0,0,0
35957,ECG,4286,8999,0,0,0,0,0
35962,ECG,4287,8891,0,0,0,0,0
35962,ECG,4288,8756,0,0,0,0,0
35967,ECG,4289,8650,0,0,0,0,0
35967,ECG,4290,8567,0,0,0,0,0
35967,ECG,4291,8507,0,0,0,0,0
35972,ECG,4292,8484,0,0,0,0,0
35972,ECG,4293,8478,0,0,0,0,0
35977,ECG,4294,8480,0,0,0,0,0
35977,ECG,4295,8501,0,0,0,0,0
35977,ECG,4296,8478,0,0,0,0,0
35982,ECG,4297,8395,0,0,0,0,0
35982,ECG,4298,8270,0,0,0,0,0
35987,ECG,4299,8087,0,0,0,0,0
35987,ECG,4300,8014,0,0,0,0,0
35992,ECG,4301,7974,0,0,0,0,0
35992,ECG,4302,7942,0,0,0,0,0
35993,ECG,4303,7958,0,0,0,0,0
35997,ECG,4304,7989,0,0,0,0,0
35997,ECG,4305,7951,0,0,0,0,0
36002,ECG,4306,7860,0,0,0,0,0
36002,ECG,4307,7711,0,0,0,0,0
36007,ECG,4308,7422,0,0,0,0,0
36007,ECG,4309,7334,0,0,0,0,0
36012,ECG,4310,7310,0,0,0,0,0
36012,ECG,4311,7302,0,0,0,0,0
36012,ECG,4312,7385,0,0,0,0,0
36017,ECG,4313,7532,0,0,0,0,0
36017,ECG,4314,7484,0,0,0,0,0
36022,ECG,4315,7342,0,0,0,0,0
36022,ECG,4316,7099,0,0,0,0,0
36022,ECG,4317,6803,0,0,0,0,0
36027,ECG,4318,6566,0,0,0,0,0
36027,ECG,4319,6440,0,0,0,0,0
36032,ECG,4320,6436,0,0,0,0,0
36032,ECG,4321,6518,0,0,0,0,0
36032,ECG,4322,6724,0,0,0,0,0
36037,ECG,4323,6976,0,0,0,0,0
36037,ECG,4324,7050,0,0,0,0,0
36042,ECG,4325,6779,0,0,0,0,0
36042,ECG,4326,6458,0,0,0,0,0
36047,ECG,4327,6279,0,0,0,0,0
36047,ECG,4328,6175,0,0,0,0,0
36052,ECG,4329,6229,0,0,0,0,0
36052,ECG,4330,6366,0,0,0,0,0
36057,ECG,4331,6476,0,0,0,0,0
36057,ECG,4332,6585,0,0,0,0,0
36057,ECG,4333,6595,0,0,0,0,0
36062,ECG,4334,6553,0,0,0,0,0
36062,ECG,4335,6451,0,0,0,0,0
36067,ECG,4336,6428,0,0,0,0,0
36067,ECG,4337,6386,0,0,0,0,0
36067,ECG,4338,6346,0,0,0,0,0
36072,ECG,4339,6296,0,0,0,0,0
36072,ECG,4340,6274,0,0,0,0,0
36077,ECG,4341,6268,0,0,0,0,0
36077,ECG,4342,6228,0,0,0,0,0
36077,ECG,4343,6074,0,0,0,0,0
36082,ECG,4344,5921,0,0,0,0,0
36082,ECG,4345,5744,0,0,0,0,0
36087,ECG,4346,5481,0,0,0,0,0
36087,ECG,4347,5478,0,0,0,0,0
36092,ECG,4348,5519,0,0,0,0,0
36092,ECG,4349,5634,0,0,0,0,0
36097,ECG,4350,5861,0,0,0,0,0
36097,ECG,4351,5805,0,0,0,0,0
36102,ECG,4352,5497,0,0,0,0,0
36102,ECG,4353,5140,0,0,0,0,0
36107,ECG,4354,4681,0,0,0,0,0
36107,ECG,4355,4657,0,0,0,0,0
36112,ECG,4356,4760,0,0,0,0,0
36112,ECG,4357,5004,0,0,0,0,0
36112,ECG,4358,5324,0,0,0,0,0
36117,ECG,4359,5497,0,0,0,0,0
36117,ECG,4360,5496,0,0,0,0,0
36122,ECG,4361,5391,0,0,0,0,0
36122,ECG,4362,5045,0,0,0,0,0
36122,ECG,4363,4862,0,0,0,0,0
36127,ECG,4364,4779,0,0,0,0,0
36127,ECG,4365,4739,0,0,0,0,0
36132,ECG,4366,4810,0,0,0,0,0
36132,ECG,4367,4927,0,0,0,0,0
36132,ECG,4368,5046,0,0,0,0,0
36137,ECG,4369,5173,0,0,0,0,0
36137,ECG,4370,5175,0,0,0,0,0
36142,ECG,4371,4994,0,0,0,0,0
36142,ECG,4372,4925,0,0,0,0,0
36147,ECG,4373,4860,0,0,0,0,0
36147,ECG,4374,4815,0,0,0,0,0
36148,ECG,4375,4795,0,0,0,0,0
36152,ECG,4376,4788,0,0,0,0,0
36152,ECG,4377,4876,0,0,0,0,0
36157,ECG,4378,4892,0,0,0,0,0
36157,ECG,4379,4815,0,0,0,0,0
36157,ECG,4380,4695,0,0,0,0,0
36162,ECG,4381,4510,0,0,0,0,0
36162,ECG,4382,4326,0,0,0,0,0
36167,ECG,4383,4215,0,0,0,0,0
36167,ECG,4384,4160,0,0,0,0,0
36167,ECG,4385,4208,0,0,0,0,0
36172,ECG,4386,4282,0,0,0,0,0
36172,ECG,4387,4408,0,0,0,0,0
36177,ECG,4388,4607,0,0,0,0,0
36177,ECG,4389,4577,0,0,0,0,0
36177,ECG,4390,4490,0,0,0,0,0
36182,ECG,4391,4181,0,0,0,0,0
36182,ECG,4392,3890,0,0,0,0,0
36187,ECG,4393,3626,0,0,0,0,0
36187,ECG,4394,3486,0,0,0,0,0
36187,ECG,4395,3491,0,0,0,0,0
36192,ECG,4396,3587,0,0,0,0,0
36192,ECG,4397,3909,0,0,0,0,0
36197,ECG,4398,4320,0,0,0,0,0
36197,ECG,4399,4239,0,0,0,0,0
36202,ECG,4400,3910,0,0,0,0,0
36202,ECG,4401,3439,0,0,0,0,0
36207,ECG,4402,3081,0,0,0,0,0
36207,ECG,4403,3119,0,0,0,0,0
36212,ECG,4404,3314,0,0,0,0,0
36212,ECG,4405,3618,0,0,0,0,0
36212,ECG,4406,3947,0,0,0,0,0
36217,ECG,4407,4091,0,0,0,0,0
36217,ECG,4408,4065,0,0,0,0,0
36222,ECG,4409,3872,0,0,0,0,0
36222,ECG,4410,3562,0,0,0,0,0
36222,ECG,4411,3409,0,0,0,0,0
36227,ECG,4412,3302,0,0,0,0,0
36227,ECG,4413,3293,0,0,0,0,0
36232,ECG,4414,3383,0,0,0,0,0
36232,ECG,4415,3521,0,0,0,0,0
36232,ECG,4416,3706,0,0,0,0,0
36237,ECG,4417,3857,0,0,0,0,0
36237,ECG,4418,3833,0,0,0,0,0
36242,ECG,4419,3576,0,0,0,0,0
36242,ECG,4420,3466,0,0,0,0,0
36247,ECG,4421,3397,0,0,0,0,0
36247,ECG,4422,3364,0,0,0,0,0
36248,ECG,4423,3375,0,0,0,0,0
36252,ECG,4424,3466,0,0,0,0,0
36252,ECG,4425,3587,0,0,0,0,0
36257,ECG,4426,3597,0,0,0,0,0
36257,ECG,4427,3541,0,0,0,0,0
36257,ECG,4428,3403,0,0,0,0,0
36262,ECG,4429,3179,0,0,0,0,0
36262,ECG,4430,3027,0,0,0,0,0
36267,ECG,4431,2957,0,0,0,0,0
36267,ECG,4432,2947,0,0,0,0,0
36267,ECG,4433,3025,0,0,0,0,0
36272,ECG,4434,3148,0,0,0,0,0
36272,ECG,4435,3299,0,0,0,0,0
36277,ECG,4436,3421,0,0,0,0,0
36277,ECG,4437,3399,0,0,0,0,0
36277,ECG,4438,3280,0,0,0,0,0
36282,ECG,4439,3099,0,0,0,0,0
36282,ECG,4440,2957,0,0,0,0,0
36287,ECG,4441,2856,0,0,0,0,0
36287,ECG,4442,2824,0,0,0,0,0
36287,ECG,4443,2844,0,0,0,0,0
36292,ECG,4444,2936,0,0,0,0,0
36292,ECG,4445,3109,0,0,0,0,0
36297,ECG,4446,3181,0,0,0,0,0
36297,ECG,4447,3039,0,0,0,0,0
36302,ECG,4448,2798,0,0,0,0,0
36302,ECG,4449,2572,0,0,0,0,0
36307,ECG,4450,2405,0,0,0,0,0
36307,ECG,4451,2455,0,0,0,0,0
36312,ECG,4452,2599,0,0,0,0,0
36312,ECG,4453,2846,0,0,0,0,0
36312,ECG,4454,3043,0,0,0,0,0
36317,ECG,4455,3023,0,0,0,0,0
36317,ECG,4456,2854,0,0,0,0,0
36322,ECG,4457,2547,0,0,0,0,0
36322,ECG,4458,2258,0,0,0,0,0
36322,ECG,4459,2068,0,0,0,0,0
36327,ECG,4460,2006,0,0,0,0,0
36327,ECG,4461,2080,0,0,0,0,0
36332,ECG,4462,2258,0,0,0,0,0
36332,ECG,4463,2499,0,0,0,0,0
36332,ECG,4464,2749,0,0,0,0,0
36337,ECG,4465,2865,0,0,0,0,0
36337,ECG,4466,2846,0,0,0,0,0
36342,ECG,4467,2586,0,0,0,0,0
36342,ECG,4468,2514,0,0,0,0,0
36347,ECG,4469,2472,0,0,0,0,0
36347,ECG,4470,2466,0,0,0,0,0
36348,ECG,4471,2497,0,0,0,0,0
36352,ECG,4472,2569,0,0,0,0,0
36352,ECG,4473,2633,0,0,0,0,0
36357,ECG,4474,2666,0,0,0,0,0
36357,ECG,4475,2674,0,0,0,0,0
36357,ECG,4476,2585,0,0,0,0,0
36362,ECG,4477,2486,0,0,0,0,0
36362,ECG,4478,2443,0,0,0,0,0
36367,ECG,4479,2396,0,0,0,0,0
36367,ECG,4480,2390,0,0,0,0,0
36367,ECG,4481,2401,0,0,0,0,0
36372,ECG,4482,2408,0,0,0,0,0
36372,ECG,4483,2549,0,0,0,0,0
36377,ECG,4484,2532,0,0,0,0,0
36377,ECG,4485,2471,0,0,0,0,0
36377,ECG,4486,2267,0,0,0,0,0
36382,ECG,4487,2061,0,0,0,0,0
36382,ECG,4488,1828,0,0,0,0,0
36387,ECG,4489,1682,0,0,0,0,0
36387,ECG,4490,1660,0,0,0,0,0
36387,ECG,4491,1731,0,0,0,0,0
36392,ECG,4492,1917,0,0,0,0,0
36392,ECG,4493,2160,0,0,0,0,0
36397,ECG,4494,2384,0,0,0,0,0
36397,ECG,4495,2368,0,0,0,0,0
36402,ECG,4496,2138,0,0,0,0,0
36402,ECG,4497,2019,0,0,0,0,0
36407,ECG,4498,1956,0,0,0,0,0
36407,ECG,4499,1991,0,0,0,0,0
36412,ECG,4500,2062,0,0,0,0,0
36412,ECG,4501,2174,0,0,0,0,0
36412,ECG,4502,2259,0,0,0,0,0
36417,ECG,4503,2244,0,0,0,0,0
36417,ECG,4504,2145,0,0,0,0,0
36422,ECG,4505,1969,0,0,0,0,0
36422,ECG,4506,1842,0,0,0,0,0
36422,ECG,4507,1746,0,0,0,0,0
36427,ECG,4508,1704,0,0,0,0,0
36427,ECG,4509,1740,0,0,0,0,0
36432,ECG,4510,1800,0,0,0,0,0
36432,ECG,4511,1951,0,0,0,0,0
36432,ECG,4512,2128,0,0,0,0,0
36437,ECG,4513,2117,0,0,0,0,0
36437,ECG,4514,2021,0,0,0,0,0
36442,ECG,4515,1662,0,0,0,0,0
36442,ECG,4516,1528,0,0,0,0,0
36447,ECG,4517,1489,0,0,0,0,0
36447,ECG,4518,1518,0,0,0,0,0
36452,ECG,4519,1835,0,0,0,0,0
36452,ECG,4520,2013,0,0,0,0,0
36457,ECG,4521,2000,0,0,0,0,0
36457,ECG,4522,1885,0,0,0,0,0
36457,ECG,4523,1612,0,0,0,0,0
36462,ECG,4524,1332,0,0,0,0,0
36462,ECG,4525,1197,0,0,0,0,0
36467,ECG,4526,1141,0,0,0,0,0
36467,ECG,4527,1210,0,0,0,0,0
36467,ECG,4528,1371,0,0,0,0,0
36472,ECG,4529,1604,0,0,0,0,0
36472,ECG,4530,1866,0,0,0,0,0
36477,ECG,4531,1898,0,0,0,0,0
36477,ECG,4532,1886,0,0,0,0,0
36477,ECG,4533,1602,0,0,0,0,0
36482,ECG,4534,1364,0,0,0,0,0
36482,ECG,4535,1213,0,0,0,0,0
36487,ECG,4536,1153,0,0,0,0,0
36487,ECG,4537,1255,0,0,0,0,0
36492,ECG,4538,1476,0,0,0,0,0
36492,ECG,4539,1702,0,0,0,0,0
36493,ECG,4540,1782,0,0,0,0,0
36497,ECG,4541,1788,0,0,0,0,0
36497,ECG,4542,1623,0,0,0,0,0
36502,ECG,4543,1388,0,0,0,0,0
36502,ECG,4544,1297,0,0,0,0,0
36507,ECG,4545,1272,0,0,0,0,0
36507,ECG,4546,1366,0,0,0,0,0
36512,ECG,4547,1475,0,0,0,0,0
36512,ECG,4548,1627,0,0,0,0,0
36512,ECG,4549,1701,0,0,0,0,0
36517,ECG,4550,1690,0,0,0,0,0
36517,ECG,4551,1560,0,0,0,0,0
36522,ECG,4552,1405,0,0,0,0,0
36522,ECG,4553,1299,0,0,0,0,0
36522,ECG,4554,1209,0,0,0,0,0
36527,ECG,4555,1188,0,0,0,0,0
36527,ECG,4556,1233,0,0,0,0,0
36532,ECG,4557,1313,0,0,0,0,0
36532,ECG,4558,1447,0,0,0,0,0
36532,ECG,4559,1576,0,0,0,0,0
36537,ECG,4560,1596,0,0,0,0,0
36537,ECG,4561,1556,0,0,0,0,0
36542,ECG,4562,1293,0,0,0,0,0
36542,ECG,4563,1219,0,0,0,0,0
36547,ECG,4564,1192,0,0,0,0,0
36547,ECG,4565,1203,0,0,0,0,0
36552,ECG,4566,1437,0,0,0,0,0
36552,ECG,4567,1514,0,0,0,0,0
36557,ECG,4568,1464,0,0,0,0,0
36557,ECG,4569,1332,0,0,0,0,0
36557,ECG,4570,1094,0,0,0,0,0
36562,ECG,4571,849,0,0,0,0,0
36562,ECG,4572,719,0,0,0,0,0
36567,ECG,4573,691,0,0,0,0,0
36567,ECG,4574,770,0,0,0,0,0
36567,ECG,4575,927,0,0,0,0,0
36572,ECG,4576,1206,0,0,0,0,0
36572,ECG,4577,1442,0,0,0,0,0
36577,ECG,4578,1432,0,0,0,0,0
36577,ECG,4579,1350,0,0,0,0,0
36577,ECG,4580,1027,0,0,0,0,0
37584,ECG,4581,0,0,0,0,0,0
37584,ECG,4582,-1,0,0,0,0,0
37584,ECG,4583,-6,0,0,0,0,0
37589,ECG,4584,2,0,0,0,0,0
37589,ECG,4585,6,0,0,0,0,0
37594,ECG,4586,39,0,0,0,0,0
37594,ECG,4587,-16,0,0,0,0,0
37599,ECG,4588,-28,0,0,0,0,0
37599,ECG,4589,153,0,0,0,0,0
37604,ECG,4590,-2108,0,0,0,0,0
37604,ECG,4591,-1844,0,0,0,0,0
37609,ECG,4592,-57,0,0,0,0,0
37609,ECG,4593,3466,0,0,0,0,0
37609,ECG,4594,8903,0,0,0,0,0
37614,ECG,4595,15195,0,0,0,0,0
37614,ECG,4596,21515,0,0,0,0,0
37619,ECG,4597,27009,0,0,0,0,0
37619,ECG,4598,30676,0,0,0,0,0
37619,ECG,4599,32017,0,0,0,0,0
37624,ECG,4600,31816,0,0,0,0,0
37624,ECG,4601,31616,0,0,0,0,0
37629,ECG,4602,30706,0,0,0,0,0
37629,ECG,4603,30720,0,0,0,0,0
37629,ECG,4604,31005,0,0,0,0,0
37634,ECG,4605,30836,0,0,0,0,0
37634,ECG,4606,30643,0,0,0,0,0
37639,ECG,4607,30196,0,0,0,0,0
37639,ECG,4608,29701,0,0,0,0,0
37639,ECG,4609,29297,0,0,0,0,0
37644,ECG,4610,28981,0,0,0,0,0
37644,ECG,4611,28795,0,0,0,0,0
37649,ECG,4612,28896,0,0,0,0,0
37649,ECG,4613,29075,0,0,0,0,0
37654,ECG,4614,28981,0,0,0,0,0
37654,ECG,4615,28687,0,0,0,0,0
37659,ECG,4616,27391,0,0,0,0,0
37659,ECG,4617,26881,0,0,0,0,0
37664,ECG,4618,26573,0,0,0,0,0
37664,ECG,4619,26475,0,0,0,0,0
37664,ECG,4620,26575,0,0,0,0,0
37669,ECG,4621,26822,0,0,0,0,0
37669,ECG,4622,27168,0,0,0,0,0
37674,ECG,4623,27261,0,0,0,0,0
37674,ECG,4624,27089,0,0,0,0,0
37674,ECG,4625,26771,0,0,0,0,0
37679,ECG,4626,26259,0,0,0,0,0
37679,ECG,4627,25884,0,0,0,0,0
37684,ECG,4628,25645,0,0,0,0,0
37684,ECG,4629,25509,0,0,0,0,0
37684,ECG,4630,25460,0,0,0,0,0
37689,ECG,4631,25548,0,0,0,0,0
37689,ECG,4632,25759,0,0,0,0,0
37694,ECG,4633,25455,0,0,0,0,0
37694,ECG,4634,24870,0,0,0,0,0
37699,ECG,4635,24195,0,0,0,0,0
37699,ECG,4636,23663,0,0,0,0,0
37700,ECG,4637,23281,0,0,0,0,0
37704,ECG,4638,23123,0,0,0,0,0
37704,ECG,4639,23207,0,0,0,0,0
37709,ECG,4640,23431,0,0,0,0,0
37709,ECG,4641,23778,0,0,0,0,0
37709,ECG,4642,24089,0,0,0,0,0
37714,ECG,4643,23953,0,0,0,0,0
37714,ECG,4644,23803,0,0,0,0,0
37719,ECG,4645,23291,0,0,0,0,0
37719,ECG,4646,22889,0,0,0,0,0
37719,ECG,4647,22602,0,0,0,0,0
37724,ECG,4648,22421,0,0,0,0,0
37724,ECG,4649,22349,0,0,0,0,0
37729,ECG,4650,22364,0,0,0,0,0
37729,ECG,4651,22573,0,0,0,0,0
37729,ECG,4652,22656,0,0,0,0,0
37734,ECG,4653,22513,0,0,0,0,0
37734,ECG,4654,22226,0,0,0,0,0
37739,ECG,4655,21667,0,0,0,0,0
37739,ECG,4656,21146,0,0,0,0,0
37739,ECG,4657,20790,0,0,0,0,0
37744,ECG,4658,20574,0,0,0,0,0
37744,ECG,4659,20555,0,0,0,0,0
37749,ECG,4660,20947,0,0,0,0,0
37749,ECG,4661,21263,0,0,0,0,0
37754,ECG,4662,21177,0,0,0,0,0
37754,ECG,4663,21024,0,0,0,0,0
37759,ECG,4664,19951,0,0,0,0,0
37759,ECG,4665,19562,0,0,0,0,0
37764,ECG,4666,19322,0,0,0,0,0
37764,ECG,4667,19270,0,0,0,0,0
37764,ECG,4668,19348,0,0,0,0,0
37769,ECG,4669,19634,0,0,0,0,0
37769,ECG,4670,19923,0,0,0,0,0
37774,ECG,4671,19921,0,0,0,0,0
37774,ECG,4672,19794,0,0,0,0,0
37774,ECG,4673,19345,0,0,0,0,0
37779,ECG,4674,18832,0,0,0,0,0
37779,ECG,4675,18527,0,0,0,0,0
37784,ECG,4676,18336,0,0,0,0,0
37784,ECG,4677,18291,0,0,0,0,0
37784,ECG,4678,18357,0,0,0,0,0
37789,ECG,4679,18537,0,0,0,0,0
37789,ECG,4680,18830,0,0,0,0,0
37794,ECG,4681,18614,0,0,0,0,0
37794,ECG,4682,18083,0,0,0,0,0
37799,ECG,4683,17510,0,0,0,0,0
37799,ECG,4684,17064,0,0,0,0,0
37804,ECG,4685,16643,0,0,0,0,0
37804,ECG,4686,16731,0,0,0,0,0
37809,ECG,4687,17058,0,0,0,0,0
37809,ECG,4688,17455,0,0,0,0,0
37809,ECG,4689,17613,0,0,0,0,0
37814,ECG,4690,17521,0,0,0,0,0
37814,ECG,4691,17108,0,0,0,0,0
37819,ECG,4692,16493,0,0,0,0,0
37819,ECG,4693,16069,0,0,0,0,0
37819,ECG,4694,15842,0,0,0,0,0
37824,ECG,4695,15782,0,0,0,0,0
37824,ECG,4696,15886,0,0,0,0,0
37829,ECG,4697,16147,0,0,0,0,0
37829,ECG,4698,16520,0,0,0,0,0
37829,ECG,4699,16592,0,0,0,0,0
37834,ECG,4700,16488,0,0,0,0,0
37834,ECG,4701,16077,0,0,0,0,0
37839,ECG,4702,15071,0,0,0,0,0
37839,ECG,4703,14800,0,0,0,0,0
37844,ECG,4704,14698,0,0,0,0,0
37844,ECG,4705,14810,0,0,0,0,0
37845,ECG,4706,15022,0,0,0,0,0
37849,ECG,4707,15311,0,0,0,0,0
37849,ECG,4708,15619,0,0,0,0,0
37854,ECG,4709,15521,0,0,0,0,0
37854,ECG,4710,15419,0,0,0,0,0
37859,ECG,4711,14606,0,0,0,0,0
37859,ECG,4712,14325,0,0,0,0,0
37864,ECG,4713,14161,0,0,0,0,0
37864,ECG,4714,14103,0,0,0,0,0
37864,ECG,4715,14188,0,0,0,0,0
37869,ECG,4716,14507,0,0,0,0,0
37869,ECG,4717,14676,0,0,0,0,0
37874,ECG,4718,14545,0,0,0,0,0
37874,ECG,4719,14281,0,0,0,0,0
37874,ECG,4720,13751,0,0,0,0,0
37879,ECG,4721,13198,0,0,0,0,0
37879,ECG,4722,12885,0,0,0,0,0
37884,ECG,4723,12768,0,0,0,0,0
37884,ECG,4724,12830,0,0,0,0,0
37884,ECG,4725,13061,0,0,0,0,0
37889,ECG,4726,13490,0,0,0,0,0
37889,ECG,4727,13831,0,0,0,0,0
37894,ECG,4728,13561,0,0,0,0,0
37894,ECG,4729,13041,0,0,0,0,0
37899,ECG,4730,12584,0,0,0,0,0
37899,ECG,4731,12310,0,0,0,0,0
37904,ECG,4732,12233,0,0,0,0,0
37904,ECG,4733,12409,0,0,0,0,0
37909,ECG,4734,12785,0,0,0,0,0
37909,ECG,4735,13023,0,0,0,0,0
37909,ECG,4736,12941,0,0,0,0,0
37914,ECG,4737,12677,0,0,0,0,0
37914,ECG,4738,12015,0,0,0,0,0
37919,ECG,4739,11434,0,0,0,0,0
37919,ECG,4740,11043,0,0,0,0,0
37919,ECG,4741,10851,0,0,0,0,0
37924,ECG,4742,10927,0,0,0,0,0
37924,ECG,4743,11207,0,0,0,0,0
37929,ECG,4744,11689,0,0,0,0,0
37929,ECG,4745,12178,0,0,0,0,0
37929,ECG,4746,12202,0,0,0,0,0
37934,ECG,4747,12125,0,0,0,0,0
37934,ECG,4748,11536,0,0,0,0,0
37939,ECG,4749,10580,0,0,0,0,0
37939,ECG,4750,10384,0,0,0,0,0
37944,ECG,4751,10397,0,0,0,0,0
37944,ECG,4752,10602,0,0,0,0,0
37945,ECG,4753,10998,0,0,0,0,0
37949,ECG,4754,11398,0,0,0,0,0
37949,ECG,4755,11500,0,0,0,0,0
37954,ECG,4756,11427,0,0,0,0,0
37954,ECG,4757,11021,0,0,0,0,0
37959,ECG,4758,10238,0,0,0,0,0
37959,ECG,4759,10085,0,0,0,0,0
37964,ECG,4760,10084,0,0,0,0,0
37964,ECG,4761,10210,0,0,0,0,0
37964,ECG,4762,10464,0,0,0,0,0
37969,ECG,4763,10801,0,0,0,0,0
37969,ECG,4764,10827,0,0,0,0,0
37974,ECG,4765,10759,0,0,0,0,0
37974,ECG,4766,10376,0,0,0,0,0
37974,ECG,4767,9920,0,0,0,0,0
37979,ECG,4768,9591,0,0,0,0,0
37979,ECG,4769,9381,0,0,0,0,0
37984,ECG,4770,9346,0,0,0,0,0
37984,ECG,4771,9435,0,0,0,0,0
37984,ECG,4772,9713,0,0,0,0,0
37989,ECG,4773,10164,0,0,0,0,0
37989,ECG,4774,10197,0,0,0,0,0
37994,ECG,4775,9583,0,0,0,0,0
37994,ECG,4776,8903,0,0,0,0,0
37999,ECG,4777,8362,0,0,0,0,0
37999,ECG,4778,8035,0,0,0,0,0
38004,ECG,4779,8202,0,0,0,0,0
38004,ECG,4780,8618,0,0,0,0,0
38009,ECG,4781,9245,0,0,0,0,0
38009,ECG,4782,9632,0,0,0,0,0
38009,ECG,4783,9571,0,0,0,0,0
38014,ECG,4784,9346,0,0,0,0,0
38014,ECG,4785,8695,0,0,0,0,0
38019,ECG,4786,8208,0,0,0,0,0
38019,ECG,4787,7924,0,0,0,0,0
38019,ECG,4788,7833,0,0,0,0,0
38024,ECG,4789,7959,0,0,0,0,0
38024,ECG,4790,8237,0,0,0,0,0
38029,ECG,4791,8723,0,0,0,0,0
38029,ECG,4792,9086,0,0,0,0,0
38029,ECG,4793,9029,0,0,0,0,0
38034,ECG,4794,8866,0,0,0,0,0
38034,ECG,4795,8291,0,0,0,0,0
38039,ECG,4796,7557,0,0,0,0,0
38039,ECG,4797,7437,0,0,0,0,0
38044,ECG,4798,7533,0,0,0,0,0
38044,ECG,4799,7757,0,0,0,0,0
38049,ECG,4800,8569,0,0,0,0,0
38049,ECG,4801,8515,0,0,0,0,0
38054,ECG,4802,8434,0,0,0,0,0
38054,ECG,4803,7886,0,0,0,0,0
38059,ECG,4804,7126,0,0,0,0,0
38059,ECG,4805,6960,0,0,0,0,0
38064,ECG,4806,7015,0,0,0,0,0
38064,ECG,4807,7212,0,0,0,0,0
38064,ECG,4808,7552,0,0,0,0,0
38069,ECG,4809,7949,0,0,0,0,0
38069,ECG,4810,8032,0,0,0,0,0
38074,ECG,4811,7981,0,0,0,0,0
38074,ECG,4812,7677,0,0,0,0,0
38074,ECG,4813,7261,0,0,0,0,0
38079,ECG,4814,7034,0,0,0,0,0
38079,ECG,4815,6885,0,0,0,0,0
38084,ECG,4816,6870,0,0,0,0,0
38084,ECG,4817,6967,0,0,0,0,0
38084,ECG,4818,7213,0,0,0,0,0
38089,ECG,4819,7515,0,0,0,0,0
38089,ECG,4820,7566,0,0,0,0,0
38094,ECG,4821,7176,0,0,0,0,0
38094,ECG,4822,6725,0,0,0,0,0
38099,ECG,4823,6447,0,0,0,0,0
38099,ECG,4824,6271,0,0,0,0,0
38104,ECG,4825,6375,0,0,0,0,0
38104,ECG,4826,6613,0,0,0,0,0
38109,ECG,4827,6967,0,0,0,0,0
38109,ECG,4828,7134,0,0,0,0,0
38109,ECG,4829,7089,0,0,0,0,0
38114,ECG,4830,6835,0,0,0,0,0
38114,ECG,4831,6373,0,0,0,0,0
38119,ECG,4832,6015,0,0,0,0,0
38119,ECG,4833,5759,0,0,0,0,0
38119,ECG,4834,5676,0,0,0,0,0
38124,ECG,4835,5776,0,0,0,0,0
38124,ECG,4836,5980,0,0,0,0,0
38129,ECG,4837,6379,0,0,0,0,0
38129,ECG,4838,6734,0,0,0,0,0
38129,ECG,4839,6691,0,0,0,0,0
38134,ECG,4840,6535,0,0,0,0,0
38134,ECG,4841,6092,0,0,0,0,0
38139,ECG,4842,5389,0,0,0,0,0
38139,ECG,4843,5294,0,0,0,0,0
38144,ECG,4844,5349,0,0,0,0,0
38144,ECG,4845,5575,0,0,0,0,0
38149,ECG,4846,6338,0,0,0,0,0
38149,ECG,4847,6316,0,0,0,0,0
38154,ECG,4848,6147,0,0,0,0,0
38154,ECG,4849,5600,0,0,0,0,0
38154,ECG,4850,5111,0,0,0,0,0
38159,ECG,4851,4854,0,0,0,0,0
38159,ECG,4852,4749,0,0,0,0,0
38164,ECG,4853,4858,0,0,0,0,0
38164,ECG,4854,5116,0,0,0,0,0
38164,ECG,4855,5528,0,0,0,0,0
38169,ECG,4856,5916,0,0,0,0,0
38169,ECG,4857,5970,0,0,0,0,0
38174,ECG,4858,5932,0,0,0,0,0
38174,ECG,4859,5594,0,0,0,0,0
38174,ECG,4860,5262,0,0,0,0,0
38179,ECG,4861,5101,0,0,0,0,0
38179,ECG,4862,5018,0,0,0,0,0
38184,ECG,4863,5052,0,0,0,0,0
38184,ECG,4864,5175,0,0,0,0,0
38184,ECG,4865,5393,0,0,0,0,0
38189,ECG,4866,5625,0,0,0,0,0
38189,ECG,4867,5625,0,0,0,0,0
38190,ECG,4868,5589,0,0,0,0,0
38194,ECG,4869,5243,0,0,0,0,0
38194,ECG,4870,4941,0,0,0,0,0
38199,ECG,4871,4738,0,0,0,0,0
38199,ECG,4872,4605,0,0,0,0,0
38204,ECG,4873,4695,0,0,0,0,0
38204,ECG,4874,4986,0,0,0,0,0
38209,ECG,4875,5336,0,0,0,0,0
38209,ECG,4876,5303,0,0,0,0,0
38209,ECG,4877,5142,0,0,0,0,0
38214,ECG,4878,4753,0,0,0,0,0
38214,ECG,4879,4256,0,0,0,0,0
38219,ECG,4880,3929,0,0,0,0,0
38219,ECG,4881,3788,0,0,0,0,0
38219,ECG,4882,3831,0,0,0,0,0
38224,ECG,4883,4076,0,0,0,0,0
38224,ECG,4884,4415,0,0,0,0,0
38229,ECG,4885,4745,0,0,0,0,0
38229,ECG,4886,5020,0,0,0,0,0
38229,ECG,4887,4988,0,0,0,0,0
38234,ECG,4888,4938,0,0,0,0,0
38234,ECG,4889,4692,0,0,0,0,0
38239,ECG,4890,4494,0,0,0,0,0
38239,ECG,4891,4464,0,0,0,0,0
38244,ECG,4892,4465,0,0,0,0,0
38244,ECG,4893,4521,0,0,0,0,0
38245,ECG,4894,4722,0,0,0,0,0
38249,ECG,4895,4720,0,0,0,0,0
38249,ECG,4896,4657,0,0,0,0,0
38254,ECG,4897,4406,0,0,0,0,0
38254,ECG,4898,4061,0,0,0,0,0
38259,ECG,4899,3550,0,0,0,0,0
38259,ECG,4900,3507,0,0,0,0,0
38264,ECG,4901,3601,0,0,0,0,0
38264,ECG,4902,3814,0,0,0,0,0
38264,ECG,4903,4206,0,0,0,0,0
38269,ECG,4904,4462,0,0,0,0,0
38269,ECG,4905,4434,0,0,0,0,0
38274,ECG,4906,4228,0,0,0,0,0
38274,ECG,4907,3779,0,0,0,0,0
38274,ECG,4908,3389,0,0,0,0,0
38279,ECG,4909,3152,0,0,0,0,0
38279,ECG,4910,3082,0,0,0,0,0
38284,ECG,4911,3194,0,0,0,0,0
38284,ECG,4912,3438,0,0,0,0,0
38284,ECG,4913,3830,0,0,0,0,0
38289,ECG,4914,4197,0,0,0,0,0
38289,ECG,4915,4197,0,0,0,0,0
38294,ECG,4916,3724,0,0,0,0,0
38294,ECG,4917,3363,0,0,0,0,0
38299,ECG,4918,3158,0,0,0,0,0
38299,ECG,4919,3064,0,0,0,0,0
38304,ECG,4920,3305,0,0,0,0,0
38304,ECG,4921,3690,0,0,0,0,0
38309,ECG,4922,3940,0,0,0,0,0
38309,ECG,4923,3967,0,0,0,0,0
38309,ECG,4924,3798,0,0,0,0,0
38314,ECG,4925,3318,0,0,0,0,0
38314,ECG,4926,2871,0,0,0,0,0
38319,ECG,4927,2630,0,0,0,0,0
38319,ECG,4928,2542,0,0,0,0,0
38319,ECG,4929,2641,0,0,0,0,0
38324,ECG,4930,2908,0,0,0,0,0
38324,ECG,4931,3330,0,0,0,0,0
38329,ECG,4932,3751,0,0,0,0,0
38329,ECG,4933,3762,0,0,0,0,0
38329,ECG,4934,3626,0,0,0,0,0
38334,ECG,4935,3166,0,0,0,0,0
38334,ECG,4936,2723,0,0,0,0,0
38339,ECG,4937,2291,0,0,0,0,0
38339,ECG,4938,2374,0,0,0,0,0
38344,ECG,4939,2619,0,0,0,0,0
38344,ECG,4940,3047,0,0,0,0,0
38349,ECG,4941,3571,0,0,0,0,0
38349,ECG,4942,3501,0,0,0,0,0
38354,ECG,4943,3039,0,0,0,0,0
38354,ECG,4944,2543,0,0,0,0,0
38359,ECG,4945,2081,0,0,0,0,0
38359,ECG,4946,2143,0,0,0,0,0
38364,ECG,4947,2365,0,0,0,0,0
38364,ECG,4948,2799,0,0,0,0,0
38364,ECG,4949,3260,0,0,0,0,0
38369,ECG,4950,3393,0,0,0,0,0
38369,ECG,4951,3371,0,0,0,0,0
38374,ECG,4952,3028,0,0,0,0,0
38374,ECG,4953,2566,0,0,0,0,0
38374,ECG,4954,2310,0,0,0,0,0
38379,ECG,4955,2198,0,0,0,0,0
38379,ECG,4956,2232,0,0,0,0,0
38384,ECG,4957,2410,0,0,0,0,0
38384,ECG,4958,2732,0,0,0,0,0
38384,ECG,4959,3154,0,0,0,0,0
38389,ECG,4960,3215,0,0,0,0,0
38389,ECG,4961,3194,0,0,0,0,0
38394,ECG,4962,2218,0,0,0,0,0
38394,ECG,4963,1828,0,0,0,0,0
38399,ECG,4964,1591,0,0,0,0,0
38399,ECG,4965,1599,0,0,0,0,0
38400,ECG,4966,1799,0,0,0,0,0
38404,ECG,4967,2220,0,0,0,0,0
38404,ECG,4968,2810,0,0,0,0,0
38409,ECG,4969,3063,0,0,0,0,0
38409,ECG,4970,3044,0,0,0,0,0
38414,ECG,4971,2000,0,0,0,0,0
38414,ECG,4972,1500,0,0,0,0,0
38419,ECG,4973,1242,0,0,0,0,0
38419,ECG,4974,1216,0,0,0,0,0
38419,ECG,4975,1453,0,0,0,0,0
38424,ECG,4976,1892,0,0,0,0,0
38424,ECG,4977,2467,0,0,0,0,0
38429,ECG,4978,2929,0,0,0,0,0
38429,ECG,4979,2910,0,0,0,0,0
38429,ECG,4980,2747,0,0,0,0,0
38434,ECG,4981,2179,0,0,0,0,0
38434,ECG,4982,1743,0,0,0,0,0
38439,ECG,4983,1490,0,0,0,0,0
38439,ECG,4984,1421,0,0,0,0,0
38439,ECG,4985,1554,0,0,0,0,0
38444,ECG,4986,1864,0,0,0,0,0
38444,ECG,4987,2343,0,0,0,0,0
38449,ECG,4988,2773,0,0,0,0,0
38449,ECG,4989,2689,0,0,0,0,0
38454,ECG,4990,2268,0,0,0,0,0
38454,ECG,4991,1891,0,0,0,0,0
38459,ECG,4992,1678,0,0,0,0,0
38459,ECG,4993,1758,0,0,0,0,0
38464,ECG,4994,1996,0,0,0,0,0
38464,ECG,4995,2439,0,0,0,0,0
38464,ECG,4996,2646,0,0,0,0,0
38469,ECG,4997,2629,0,0,0,0,0
38469,ECG,4998,2309,0,0,0,0,0
38474,ECG,4999,1702,0,0,0,0,0
38474,ECG,5000,1153,0,0,0,0,0
38474,ECG,5001,817,0,0,0,0,0
38479,ECG,5002,714,0,0,0,0,0
38479,ECG,5003,898,0,0,0,0,0
38484,ECG,5004,1288,0,0,0,0,0
38484,ECG,5005,1828,0,0,0,0,0
38484,ECG,5006,2406,0,0,0,0,0
38489,ECG,5007,2525,0,0,0,0,0
38489,ECG,5008,2509,0,0,0,0,0
38494,ECG,5009,1736,0,0,0,0,0
38494,ECG,5010,1492,0,0,0,0,0
38499,ECG,5011,1377,0,0,0,0,0
38499,ECG,5012,1435,0,0,0,0,0
38500,ECG,5013,1596,0,0,0,0,0
38504,ECG,5014,1928,0,0,0,0,0
38504,ECG,5015,2347,0,0,0,0,0
38509,ECG,5016,2400,0,0,0,0,0
38509,ECG,5017,2374,0,0,0,0,0
38509,ECG,5018,2016,0,0,0,0,0
38514,ECG,5019,1577,0,0,0,0,0
38514,ECG,5020,1306,0,0,0,0,0
38519,ECG,5021,1184,0,0,0,0,0
38519,ECG,5022,1211,0,0,0,0,0
38519,ECG,5023,1401,0,0,0,0,0
38524,ECG,5024,1759,0,0,0,0,0
38524,ECG,5025,2112,0,0,0,0,0
38529,ECG,5026,2285,0,0,0,0,0
38529,ECG,5027,2270,0,0,0,0,0
38529,ECG,5028,1999,0,0,0,0,0
38534,ECG,5029,1596,0,0,0,0,0
38534,ECG,5030,1384,0,0,0,0,0
38539,ECG,5031,1254,0,0,0,0,0
38539,ECG,5032,1272,0,0,0,0,0
38539,ECG,5033,1403,0,0,0,0,0
38544,ECG,5034,1665,0,0,0,0,0
38544,ECG,5035,2075,0,0,0,0,0
38549,ECG,5036,2157,0,0,0,0,0
38549,ECG,5037,1798,0,0,0,0,0
38554,ECG,5038,1304,0,0,0,0,0
38554,ECG,5039,889,0,0,0,0,0
38559,ECG,5040,616,0,0,0,0,0
38559,ECG,5041,770,0,0,0,0,0
38564,ECG,5042,1186,0,0,0,0,0
38564,ECG,5043,1729,0,0,0,0,0
38564,ECG,5044,2063,0,0,0,0,0
38569,ECG,5045,2068,0,0,0,0,0
38569,ECG,5046,1765,0,0,0,0,0
38574,ECG,5047,1198,0,0,0,0,0
38574,ECG,5048,762,0,0,0,0,0
38574,ECG,5049,527,0,0,0,0,0
38579,ECG,5050,509,0,0,0,0,0
38579,ECG,5051,717,0,0,0,0,0
38584,ECG,5052,1071,0,0,0,0,0
38584,ECG,5053,1529,0,0,0,0,0
38584,ECG,5054,1988,0,0,0,0,0
38589,ECG,5055,1986,0,0,0,0,0
38589,ECG,5056,1934,0,0,0,0,0
38594,ECG,5057,1565,0,0,0,0,0
38594,ECG,5058,1270,0,0,0,0,0
38594,ECG,5059,1072,0,0,0,0,0
38599,ECG,5060,1015,0,0,0,0,0
38599,ECG,5061,1080,0,0,0,0,0
38600,ECG,5062,1243,0,0,0,0,0
38604,ECG,5063,1577,0,0,0,0,0
38604,ECG,5064,1860,0,0,0,0,0
38609,ECG,5065,1888,0,0,0,0,0
38609,ECG,5066,1814,0,0,0,0,0
38614,ECG,5067,1170,0,0,0,0,0
38614,ECG,5068,998,0,0,0,0,0
38619,ECG,5069,938,0,0,0,0,0
38619,ECG,5070,1001,0,0,0,0,0
38619,ECG,5071,1170,0,0,0,0,0
38624,ECG,5072,1506,0,0,0,0,0
38624,ECG,5073,1807,0,0,0,0,0
38629,ECG,5074,1795,0,0,0,0,0
38629,ECG,5075,1643,0,0,0,0,0
38629,ECG,5076,1187,0,0,0,0,0
38634,ECG,5077,749,0,0,0,0,0
38634,ECG,5078,448,0,0,0,0,0
38639,ECG,5079,332,0,0,0,0,0
38639,ECG,5080,422,0,0,0,0,0
38639,ECG,5081,688,0,0,0,0,0
38644,ECG,5082,1152,0,0,0,0,0
38644,ECG,5083,1610,0,0,0,0,0
39651,ECG,5084,0,0,0,0,0,0
39651,ECG,5085,-1,0,0,0,0,0
39651,ECG,5086,-6,0,0,0,0,0
39656,ECG,5087,2,0,0,0,0,0
39656,ECG,5088,6,0,0,0,0,0
39661,ECG,5089,38,0,0,0,0,0
39661,ECG,5090,-16,0,0,0,0,0
39666,ECG,5091,-26,0,0,0,0,0
39666,ECG,5092,151,0,0,0,0,0
39667,ECG,5093,-755,0,0,0,0,0
39671,ECG,5094,-2110,0,0,0,0,0
39671,ECG,5095,-1847,0,0,0,0,0
39676,ECG,5096,-43,0,0,0,0,0
39676,ECG,5097,3399,0,0,0,0,0
39681,ECG,5098,15129,0,0,0,0,0
39681,ECG,5099,21826,0,0,0,0,0
39686,ECG,5100,27661,0,0,0,0,0
39686,ECG,5101,31327,0,0,0,0,0
39686,ECG,5102,32009,0,0,0,0,0
39691,ECG,5103,31808,0,0,0,0,0
39691,ECG,5104,31608,0,0,0,0,0
39696,ECG,5105,30036,0,0,0,0,0
39696,ECG,5106,29754,0,0,0,0,0
39696,ECG,5107,29807,0,0,0,0,0
39701,ECG,5108,29814,0,0,0,0,0
39701,ECG,5109,30214,0,0,0,0,0
39706,ECG,5110,30469,0,0,0,0,0
39706,ECG,5111,30277,0,0,0,0,0
39706,ECG,5112,29995,0,0,0,0,0
39711,ECG,5113,29238,0,0,0,0,0
39711,ECG,5114,28550,0,0,0,0,0
39716,ECG,5115,27808,0,0,0,0,0
39716,ECG,5116,27750,0,0,0,0,0
39721,ECG,5117,27923,0,0,0,0,0
39721,ECG,5118,28283,0,0,0,0,0
39726,ECG,5119,28477,0,0,0,0,0
34807,PPG,200,161477,80749,0,0,0,0
34886,PPG,201,161475,80757,0,0,0,0
34963,PPG,202,161481,80765,0,0,0,0
35043,PPG,203,161476,80765,0,0,0,0
35122,PPG,204,161482,80764,0,0,0,0
35215,PPG,205,161473,80758,0,0,0,0
35284,PPG,206,161482,80767,0,0,0,0
35361,PPG,207,161470,80764,0,0,0,0
35441,PPG,208,161488,80764,0,0,0,0
35520,PPG,209,161488,80760,0,0,0,0
35602,PPG,210,161492,80771,0,0,0,0
35685,PPG,211,161478,80764,0,0,0,0
35764,PPG,212,161485,80757,0,0,0,0
35841,PPG,213,161472,80768,0,0,0,0
35918,PPG,214,161472,80771,0,0,0,0
35996,PPG,215,161482,80763,0,0,0,0
36089,PPG,216,161479,80779,0,0,0,0
36154,PPG,217,161473,80753,0,0,0,0
36237,PPG,218,161475,80751,0,0,0,0
36315,PPG,219,161484,80757,0,0,0,0
36391,PPG,220,161475,80771,0,0,0,0
36470,PPG,221,161483,80766,0,0,0,0
36550,PPG,222,161480,80758,0,0,0,0
36629,PPG,223,161463,80760,0,0,0,0
36708,PPG,224,161472,80765,0,0,0,0
36791,PPG,225,161476,80757,0,0,0,0
36869,PPG,226,161474,80752,0,0,0,0
36947,PPG,227,161463,80752,0,0,0,0
37026,PPG,228,161482,80764,0,0,0,0
37106,PPG,229,161479,80748,0,0,0,0
37185,PPG,230,161475,80762,0,0,0,0
37265,PPG,231,161483,80757,0,0,0,0
37348,PPG,232,161475,80749,0,0,0,0
37425,PPG,233,161480,80761,0,0,0,0
37503,PPG,234,161474,80767,0,0,0,0
37583,PPG,235,161476,80752,0,0,0,0
37662,PPG,236,161476,80746,0,0,0,0
37742,PPG,237,161468,80765,0,0,0,0
37831,PPG,238,161474,80755,0,0,0,0
37902,PPG,239,161492,80769,0,0,0,0
37979,PPG,240,161473,80762,0,0,0,0
38060,PPG,241,161477,80763,0,0,0,0
38137,PPG,242,161488,80764,0,0,0,0
38217,PPG,243,161478,80763,0,0,0,0
38296,PPG,244,161467,80760,0,0,0,0
38379,PPG,245,161489,80764,0,0,0,0
38456,PPG,246,161473,80765,0,0,0,0
38533,PPG,247,161481,80773,0,0,0,0
38612,PPG,248,161488,80757,0,0,0,0
38692,PPG,249,161478,80755,0,0,0,0
38771,PPG,250,161477,80758,0,0,0,0
38856,PPG,251,161490,80766,0,0,0,0
38933,PPG,252,161468,80758,0,0,0,0
39010,PPG,253,161478,80759,0,0,0,0
39089,PPG,254,161474,80762,0,0,0,0
39169,PPG,255,161481,80754,0,0,0,0
39248,PPG,256,161483,80756,0,0,0,0
39328,PPG,257,161478,80774,0,0,0,0
39411,PPG,258,161476,80759,0,0,0,0
39489,PPG,259,161478,80761,0,0,0,0
39566,PPG,260,161479,80748,0,0,0,0
39646,PPG,261,161475,80762,0,0,0,0
39725,PPG,262,161484,80759,0,0,0,0
39813,PPG,263,161466,80760,0,0,0,0
39889,PPG,264,161483,80760,0,0,0,0
39970,PPG,265,161468,80752,0,0,0,0
40045,PPG,266,161473,80759,0,0,0,0
40124,PPG,267,161480,80763,0,0,0,0
40200,PPG,268,161472,80761,0,0,0,0
40280,PPG,269,161474,80760,0,0,0,0
40359,PPG,270,161479,80757,0,0,0,0
40443,PPG,271,161473,80757,0,0,0,0
40520,PPG,272,161472,80757,0,0,0,0
40597,PPG,273,161476,80764,0,0,0,0
40680,PPG,274,161475,80759,0,0,0,0
40755,PPG,275,161480,80764,0,0,0,0
40834,PPG,276,161465,80755,0,0,0,0
40914,PPG,277,161474,80758,0,0,0,0
40997,PPG,278,161477,80760,0,0,0,0
41074,PPG,279,161476,80759,0,0,0,0
41152,PPG,280,161483,80759,0,0,0,0
41232,PPG,281,161486,80770,0,0,0,0
41311,PPG,282,161479,80755,0,0,0,0
41391,PPG,283,161481,80754,0,0,0,0
41470,PPG,284,161480,80760,0,0,0,0
41555,PPG,285,161484,80765,0,0,0,0
41630,PPG,286,161480,80754,0,0,0,0
41710,PPG,287,161462,80766,0,0,0,0
41789,PPG,288,161475,80759,0,0,0,0
41867,PPG,289,161469,80743,0,0,0,0
41947,PPG,290,161479,80760,0,0,0,0
42030,PPG,291,161481,80765,0,0,0,0
42108,PPG,292,161481,80759,0,0,0,0
42185,PPG,293,161480,80761,0,0,0,0
42264,PPG,294,161478,80760,0,0,0,0
42343,PPG,295,161488,80768,0,0,0,0
42431,PPG,296,161489,80762,0,0,0,0
42501,PPG,297,161487,80770,0,0,0,0
42585,PPG,298,161479,80764,0,0,0,0
42661,PPG,299,161477,80747,0,0,0,0
38797,IMU,1040,1424,-108,8420,-83,46,49
38816,IMU,1041,1532,4,8444,-69,75,31
38835,IMU,1042,1452,-48,8272,-75,72,61
38856,IMU,1043,1460,-64,8380,-86,62,53
38874,IMU,1044,1524,-8,8348,-79,52,45
38893,IMU,1045,1576,-76,8376,-98,55,46
38912,IMU,1046,1536,-116,8352,-77,65,50
38931,IMU,1047,1540,-40,8340,-64,56,54
38950,IMU,1048,1416,-40,8368,-74,66,29
38969,IMU,1049,1544,-132,8356,-70,62,35
38989,IMU,1050,1500,-76,8328,-86,60,61
39008,IMU,1051,1480,-116,8316,-90,62,44
39027,IMU,1052,1520,-84,8384,-79,67,42
39046,IMU,1053,1416,-108,8308,-79,61,50
39065,IMU,1054,1444,28,8304,-68,45,43
39084,IMU,1055,1524,-100,8408,-66,39,25
39104,IMU,1056,1604,-120,8488,-96,66,49
39123,IMU,1057,1368,24,8340,-89,71,64
39145,IMU,1058,1456,-112,8376,-77,75,37
39161,IMU,1059,1496,-8,8408,-86,86,40
39180,IMU,1060,1480,44,8444,-86,62,44
39199,IMU,1061,1468,12,8388,-61,61,67
39218,IMU,1062,1412,-44,8448,-78,52,51
39238,IMU,1063,1584,12,8460,-66,49,36
39257,IMU,1064,1412,-32,8296,-90,55,40
39276,IMU,1065,1480,-76,8388,-79,62,42
39295,IMU,1066,1464,-48,8328,-88,62,56
39314,IMU,1067,1500,52,8336,-86,52,59
39333,IMU,1068,1544,-8,8316,-80,49,43
39354,IMU,1069,1532,-24,8296,-80,61,41
39372,IMU,1070,1548,-100,8388,-90,72,47
39391,IMU,1071,1456,8,8416,-91,54,43
39411,IMU,1072,1444,-108,8324,-74,56,43
39429,IMU,1073,1480,-60,8380,-85,73,43
39448,IMU,1074,1532,8,8348,-89,54,49
39468,IMU,1075,1488,-44,8360,-81,43,31
39487,IMU,1076,1512,-24,8424,-93,53,59
39506,IMU,1077,1544,-64,8336,-92,63,33
39525,IMU,1078,1568,48,8420,-85,78,47
39544,IMU,1079,1580,44,8400,-77,67,48
39563,IMU,1080,1620,-60,8344,-75,64,38
39584,IMU,1081,1520,32,8424,-70,49,37
39602,IMU,1082,1540,20,8444,-62,70,42
39621,IMU,1083,1636,8,8416,-85,49,37
39640,IMU,1084,1464,-16,8348,-100,54,49
39659,IMU,1085,1468,-44,8368,-79,56,46
39679,IMU,1086,1560,12,8288,-98,58,47
39698,IMU,1087,1532,-8,8376,-84,58,27
39717,IMU,1088,1504,16,8352,-107,58,46
39735,IMU,1089,1532,-36,8348,-95,60,45
39755,IMU,1090,1564,-124,8360,-82,59,39
39774,IMU,1091,1612,-16,8348,-88,59,51
39796,IMU,1092,1516,-24,8372,-74,63,35
39813,IMU,1093,1448,-28,8348,-77,73,43
39831,IMU,1094,1484,-56,8356,-83,55,42
39850,IMU,1095,1492,32,8492,-79,60,40
39869,IMU,1096,1476,36,8388,-79,66,49
39889,IMU,1097,1480,-92,8420,-96,63,46
39907,IMU,1098,1556,-104,8264,-73,35,35
39926,IMU,1099,1400,-20,8356,-77,59,40
39945,IMU,1100,1524,-52,8320,-69,57,40
39965,IMU,1101,1552,8,8416,-98,52,39
39984,IMU,1102,1584,-120,8328,-88,58,39
40003,IMU,1103,1472,12,8456,-80,58,24
40024,IMU,1104,1548,-20,8380,-80,50,51
40041,IMU,1105,1512,-108,8328,-92,79,24
40060,IMU,1106,1532,-56,8400,-85,42,47
40079,IMU,1107,1524,-100,8436,-87,45,27
40098,IMU,1108,1560,-16,8348,-66,49,37
40117,IMU,1109,1412,-12,8372,-84,67,37
40136,IMU,1110,1504,-32,8336,-68,49,53
40155,IMU,1111,1560,12,8368,-89,67,43
40174,IMU,1112,1540,-88,8368,-81,53,38
40194,IMU,1113,1436,-128,8472,-75,67,45
40213,IMU,1114,1580,84,8412,-83,55,48
40235,IMU,1115,1456,-48,8408,-115,69,31
40251,IMU,1116,1548,-12,8380,-81,67,40
40270,IMU,1117,1552,56,8336,-87,67,32
40289,IMU,1118,1508,-12,8448,-95,60,41
40308,IMU,1119,1532,-48,8348,-86,57,49
40327,IMU,1120,1544,-4,8404,-81,70,36
40346,IMU,1121,1512,-136,8448,-82,72,43
40365,IMU,1122,1436,-84,8348,-72,71,54
40384,IMU,1123,1500,-80,8368,-92,48,40
40404,IMU,1124,1504,-124,8300,-90,55,46
40423,IMU,1125,1588,-52,8368,-81,55,39
40443,IMU,1126,1484,-40,8392,-98,73,37
40462,IMU,1127,1504,-124,8360,-65,52,55
40480,IMU,1128,1544,-56,8304,-87,44,30
40499,IMU,1129,1504,48,8376,-77,66,33
40518,IMU,1130,1596,0,8404,-76,63,42
40537,IMU,1131,1560,20,8364,-73,50,52
40556,IMU,1132,1552,-16,8268,-83,53,66
40575,IMU,1133,1520,-56,8376,-64,74,43
40594,IMU,1134,1520,-60,8344,-91,62,46
40613,IMU,1135,1404,-20,8412,-77,51,37
40632,IMU,1136,1628,36,8352,-94,66,46
40651,IMU,1137,1624,24,8356,-90,49,20
40675,IMU,1138,1460,0,8360,-84,54,52
40689,IMU,1139,1488,-32,8356,-72,58,28
40708,IMU,1140,1568,36,8400,-75,80,37
40727,IMU,1141,1584,-4,8468,-81,53,49
40746,IMU,1142,1584,-60,8392,-90,50,37
40766,IMU,1143,1456,16,8412,-98,76,38
40785,IMU,1144,1472,-4,8420,-69,39,31
40804,IMU,1145,1428,-8,8352,-90,61,49
40823,IMU,1146,1484,60,8420,-74,65,60
40842,IMU,1147,1528,-12,8348,-70,60,49
40861,IMU,1148,1520,-40,8392,-84,62,36
40880,IMU,1149,1512,-108,8348,-87,37,61
40901,IMU,1150,1476,-148,8420,-107,62,37
40919,IMU,1151,1556,-44,8336,-74,64,40
40938,IMU,1152,1460,-40,8400,-92,51,46
40957,IMU,1153,1496,-4,8472,-92,44,45
40976,IMU,1154,1424,-64,8364,-70,55,45
40997,IMU,1155,1636,-8,8384,-85,49,33
41015,IMU,1156,1428,-20,8336,-86,55,41
41034,IMU,1157,1508,-40,8444,-91,63,47
41053,IMU,1158,1480,100,8320,-89,54,50
41072,IMU,1159,1472,68,8344,-86,46,55
41091,IMU,1160,1568,-28,8340,-80,60,45
41111,IMU,1161,1592,-4,8404,-103,59,46
41130,IMU,1162,1436,-132,8424,-82,45,49
41149,IMU,1163,1476,-4,8424,-86,54,33
41168,IMU,1164,1444,-56,8420,-74,66,33
41187,IMU,1165,1428,32,8416,-87,50,37
41206,IMU,1166,1568,-36,8392,-66,64,29
41225,IMU,1167,1516,-132,8368,-93,58,21
41244,IMU,1168,1484,-64,8304,-92,62,54
41264,IMU,1169,1548,-32,8316,-81,59,47
41283,IMU,1170,1556,-44,8344,-101,64,45
41302,IMU,1171,1496,-52,8392,-91,66,43
41325,IMU,1172,1440,-52,8404,-76,51,52
41340,IMU,1173,1448,0,8416,-83,42,42
41359,IMU,1174,1528,0,8380,-77,54,43
41379,IMU,1175,1508,36,8400,-108,58,33
41398,IMU,1176,1452,-64,8360,-75,52,43
41417,IMU,1177,1492,-24,8432,-80,68,47
41436,IMU,1178,1480,-88,8396,-88,52,46
41455,IMU,1179,1472,-168,8392,-78,55,51
41474,IMU,1180,1420,-8,8392,-71,62,40
41494,IMU,1181,1520,-36,8440,-84,52,49
41513,IMU,1182,1472,-52,8320,-57,61,49
41532,IMU,1183,1460,-12,8368,-88,56,43
41552,IMU,1184,1472,48,8400,-108,59,37
41570,IMU,1185,1536,-116,8464,-77,67,44
41589,IMU,1186,1528,116,8392,-80,46,46
41608,IMU,1187,1472,-136,8384,-64,55,44
41628,IMU,1188,1432,92,8336,-86,68,34
41647,IMU,1189,1456,-48,8384,-86,68,51
41666,IMU,1190,1512,-104,8396,-70,59,52
41685,IMU,1191,1484,-76,8332,-79,62,48
41704,IMU,1192,1524,-36,8512,-89,68,43
41724,IMU,1193,1460,-48,8368,-62,60,32
41742,IMU,1194,1428,36,8328,-90,52,38
41767,IMU,1195,1556,-52,8376,-79,55,27
41784,IMU,1196,1488,-20,8392,-86,60,37
41800,IMU,1197,1568,4,8356,-70,33,27
41819,IMU,1198,1448,68,8384,-93,63,28
41838,IMU,1199,1572,20,8356,-80,53,34
41857,IMU,1200,1456,-32,8400,-77,76,39
41876,IMU,1201,1576,28,8420,-74,67,40
41896,IMU,1202,1512,-124,8304,-88,54,47
41915,IMU,1203,1608,-60,8324,-87,58,40
41934,IMU,1204,1544,-36,8372,-98,58,56
41952,IMU,1205,1576,-8,8384,-78,50,61
41972,IMU,1206,1464,-64,8408,-87,54,55
41991,IMU,1207,1504,-12,8404,-91,55,46
42011,IMU,1208,1584,-36,8364,-83,53,49
42030,IMU,1209,1488,-12,8304,-72,57,37
42048,IMU,1210,1412,-8,8444,-98,61,48
42067,IMU,1211,1568,-40,8352,-76,54,39
42086,IMU,1212,1400,-44,8428,-84,55,51
42105,IMU,1213,1564,-8,8336,-100,75,48
42124,IMU,1214,1516,-144,8376,-83,67,23
42143,IMU,1215,1432,68,8440,-82,55,37
42162,IMU,1216,1496,-64,8448,-75,54,45
42182,IMU,1217,1504,4,8424,-89,59,34
42204,IMU,1218,1516,36,8376,-88,74,51
42220,IMU,1219,1572,-104,8356,-99,53,45
42239,IMU,1220,1468,-56,8408,-75,43,48
42257,IMU,1221,1484,-8,8348,-94,48,42
42277,IMU,1222,1560,-68,8436,-72,63,37
42296,IMU,1223,1596,-80,8344,-94,60,49
42315,IMU,1224,1532,-56,8348,-112,46,49
42334,IMU,1225,1596,44,8396,-79,62,34
42353,IMU,1226,1524,-36,8444,-85,63,41
42372,IMU,1227,1576,-76,8408,-88,53,41
42391,IMU,1228,1524,16,8388,-79,53,40
42412,IMU,1229,1560,84,8392,-76,59,47
42431,IMU,1230,1496,-48,8320,-84,53,62
42449,IMU,1231,1552,-44,8332,-82,53,50
42467,IMU,1232,1436,-40,8328,-91,47,37
42487,IMU,1233,1548,-8,8380,-86,57,51
42506,IMU,1234,1528,-48,8372,-90,76,52
42525,IMU,1235,1480,-116,8404,-99,61,55
42544,IMU,1236,1532,0,8348,-73,53,49
42563,IMU,1237,1416,-44,8428,-90,59,29
42585,IMU,1238,1532,24,8304,-74,65,50
42601,IMU,1239,1548,-60,8360,-85,53,57
42620,IMU,1240,1444,-8,8416,-95,54,37
42641,IMU,1241,1520,-12,8340,-79,57,50
42658,IMU,1242,1520,-28,8372,-78,55,53
42677,IMU,1243,1548,-28,8468,-95,54,47
42696,IMU,1244,1640,-44,8352,-90,58,50
42716,IMU,1245,1480,-64,8272,-97,52,28
42735,IMU,1246,1652,0,8400,-78,67,48
42754,IMU,1247,1520,-68,8324,-83,53,49
39726,ECG,5120,28192,0,0,0,0,0
39731,ECG,5121,27386,0,0,0,0,0
39731,ECG,5122,26638,0,0,0,0,0
39731,ECG,5123,26110,0,0,0,0,0
39736,ECG,5124,25794,0,0,0,0,0
39736,ECG,5125,25769,0,0,0,0,0
39741,ECG,5126,25934,0,0,0,0,0
39741,ECG,5127,26303,0,0,0,0,0
39741,ECG,5128,26784,0,0,0,0,0
39746,ECG,5129,26795,0,0,0,0,0
39746,ECG,5130,26627,0,0,0,0,0
39751,ECG,5131,26122,0,0,0,0,0
39751,ECG,5132,25459,0,0,0,0,0
39751,ECG,5133,24972,0,0,0,0,0
39756,ECG,5134,24690,0,0,0,0,0
39756,ECG,5135,24565,0,0,0,0,0
39761,ECG,5136,24616,0,0,0,0,0
39761,ECG,5137,24937,0,0,0,0,0
39761,ECG,5138,25243,0,0,0,0,0
39766,ECG,5139,25198,0,0,0,0,0
39766,ECG,5140,24948,0,0,0,0,0
39771,ECG,5141,23619,0,0,0,0,0
39771,ECG,5142,23146,0,0,0,0,0
39776,ECG,5143,22886,0,0,0,0,0
39776,ECG,5144,22843,0,0,0,0,0
39781,ECG,5145,23340,0,0,0,0,0
39781,ECG,5146,23767,0,0,0,0,0
39786,ECG,5147,23707,0,0,0,0,0
39786,ECG,5148,23558,0,0,0,0,0
39786,ECG,5149,22886,0,0,0,0,0
39791,ECG,5150,22116,0,0,0,0,0
39791,ECG,5151,21546,0,0,0,0,0
39796,ECG,5152,21154,0,0,0,0,0
39796,ECG,5153,21042,0,0,0,0,0
39796,ECG,5154,21184,0,0,0,0,0
39801,ECG,5155,21527,0,0,0,0,0
39801,ECG,5156,22055,0,0,0,0,0
39806,ECG,5157,22318,0,0,0,0,0
39806,ECG,5158,22177,0,0,0,0,0
39806,ECG,5159,21762,0,0,0,0,0
39811,ECG,5160,21019,0,0,0,0,0
39811,ECG,5161,20392,0,0,0,0,0
39816,ECG,5162,19807,0,0,0,0,0
39816,ECG,5163,19874,0,0,0,0,0
39821,ECG,5164,20148,0,0,0,0,0
39821,ECG,5165,20607,0,0,0,0,0
39826,ECG,5166,20877,0,0,0,0,0
39826,ECG,5167,20706,0,0,0,0,0
39831,ECG,5168,20124,0,0,0,0,0
39831,ECG,5169,19636,0,0,0,0,0
39831,ECG,5170,19362,0,0,0,0,0
39836,ECG,5171,19212,0,0,0,0,0
39836,ECG,5172,19192,0,0,0,0,0
39841,ECG,5173,19346,0,0,0,0,0
39841,ECG,5174,19648,0,0,0,0,0
39841,ECG,5175,19756,0,0,0,0,0
39846,ECG,5176,19631,0,0,0,0,0
39846,ECG,5177,19265,0,0,0,0,0
39851,ECG,5178,18544,0,0,0,0,0
39851,ECG,5179,17948,0,0,0,0,0
39851,ECG,5180,17522,0,0,0,0,0
39856,ECG,5181,17310,0,0,0,0,0
39856,ECG,5182,17364,0,0,0,0,0
39861,ECG,5183,18092,0,0,0,0,0
39861,ECG,5184,18558,0,0,0,0,0
39866,ECG,5185,18486,0,0,0,0,0
39866,ECG,5186,18270,0,0,0,0,0
39867,ECG,5187,17673,0,0,0,0,0
39871,ECG,5188,17039,0,0,0,0,0
39871,ECG,5189,16632,0,0,0,0,0
39876,ECG,5190,16459,0,0,0,0,0
39876,ECG,5191,16463,0,0,0,0,0
39876,ECG,5192,16669,0,0,0,0,0
39881,ECG,5193,17122,0,0,0,0,0
39881,ECG,5194,17448,0,0,0,0,0
39886,ECG,5195,17401,0,0,0,0,0
39886,ECG,5196,17235,0,0,0,0,0
39886,ECG,5197,16583,0,0,0,0,0
39891,ECG,5198,15987,0,0,0,0,0
39891,ECG,5199,15641,0,0,0,0,0
39896,ECG,5200,15437,0,0,0,0,0
39896,ECG,5201,15449,0,0,0,0,0
39896,ECG,5202,15658,0,0,0,0,0
39901,ECG,5203,16003,0,0,0,0,0
39901,ECG,5204,16355,0,0,0,0,0
39906,ECG,5205,16382,0,0,0,0,0
39906,ECG,5206,16279,0,0,0,0,0
39906,ECG,5207,15729,0,0,0,0,0
39911,ECG,5208,15250,0,0,0,0,0
39911,ECG,5209,14884,0,0,0,0,0
39916,ECG,5210,14638,0,0,0,0,0
39916,ECG,5211,14751,0,0,0,0,0
39921,ECG,5212,15055,0,0,0,0,0
39921,ECG,5213,15397,0,0,0,0,0
39926,ECG,5214,15320,0,0,0,0,0
39926,ECG,5215,14807,0,0,0,0,0
39931,ECG,5216,14185,0,0,0,0,0
39931,ECG,5217,13726,0,0,0,0,0
39931,ECG,5218,13424,0,0,0,0,0
39936,ECG,5219,13347,0,0,0,0,0
39936,ECG,5220,13473,0,0,0,0,0
39941,ECG,5221,13772,0,0,0,0,0
39941,ECG,5222,14250,0,0,0,0,0
39941,ECG,5223,14523,0,0,0,0,0
39946,ECG,5224,14432,0,0,0,0,0
39946,ECG,5225,14106,0,0,0,0,0
39951,ECG,5226,13582,0,0,0,0,0
39951,ECG,5227,13101,0,0,0,0,0
39951,ECG,5228,12804,0,0,0,0,0
39956,ECG,5229,12729,0,0,0,0,0
39956,ECG,5230,12781,0,0,0,0,0
39961,ECG,5231,13496,0,0,0,0,0
39961,ECG,5232,13674,0,0,0,0,0
39966,ECG,5233,13588,0,0,0,0,0
39966,ECG,5234,13238,0,0,0,0,0
39967,ECG,5235,12645,0,0,0,0,0
39971,ECG,5236,12179,0,0,0,0,0
39971,ECG,5237,11919,0,0,0,0,0
39976,ECG,5238,11848,0,0,0,0,0
39976,ECG,5239,11956,0,0,0,0,0
39981,ECG,5240,12646,0,0,0,0,0
39981,ECG,5241,12880,0,0,0,0,0
39986,ECG,5242,12799,0,0,0,0,0
39986,ECG,5243,12602,0,0,0,0,0
39986,ECG,5244,11993,0,0,0,0,0
39991,ECG,5245,11580,0,0,0,0,0
39991,ECG,5246,11281,0,0,0,0,0
39996,ECG,5247,11129,0,0,0,0,0
39996,ECG,5248,11184,0,0,0,0,0
39996,ECG,5249,11362,0,0,0,0,0
40001,ECG,5250,11741,0,0,0,0,0
40001,ECG,5251,12088,0,0,0,0,0
40006,ECG,5252,12055,0,0,0,0,0
40006,ECG,5253,11876,0,0,0,0,0
40006,ECG,5254,11436,0,0,0,0,0
40011,ECG,5255,11007,0,0,0,0,0
40011,ECG,5256,10719,0,0,0,0,0
40016,ECG,5257,10631,0,0,0,0,0
40016,ECG,5258,10800,0,0,0,0,0
40021,ECG,5259,11139,0,0,0,0,0
40021,ECG,5260,11421,0,0,0,0,0
40022,ECG,5261,11349,0,0,0,0,0
40026,ECG,5262,11201,0,0,0,0,0
40026,ECG,5263,10614,0,0,0,0,0
40031,ECG,5264,10107,0,0,0,0,0
40031,ECG,5265,9766,0,0,0,0,0
40031,ECG,5266,9566,0,0,0,0,0
40036,ECG,5267,9602,0,0,0,0,0
40036,ECG,5268,9792,0,0,0,0,0
40041,ECG,5269,10175,0,0,0,0,0
40041,ECG,5270,10608,0,0,0,0,0
40041,ECG,5271,10699,0,0,0,0,0
40046,ECG,5272,10632,0,0,0,0,0
40046,ECG,5273,10226,0,0,0,0,0
40051,ECG,5274,9760,0,0,0,0,0
40051,ECG,5275,9448,0,0,0,0,0
40051,ECG,5276,9287,0,0,0,0,0
40056,ECG,5277,9288,0,0,0,0,0
40056,ECG,5278,9418,0,0,0,0,0
40061,ECG,5279,9697,0,0,0,0,0
40061,ECG,5280,10072,0,0,0,0,0
40061,ECG,5281,10076,0,0,0,0,0
40066,ECG,5282,10012,0,0,0,0,0
40066,ECG,5283,9501,0,0,0,0,0
40071,ECG,5284,8501,0,0,0,0,0
40071,ECG,5285,8216,0,0,0,0,0
40076,ECG,5286,8173,0,0,0,0,0
40076,ECG,5287,8366,0,0,0,0,0
40081,ECG,5288,9132,0,0,0,0,0
40081,ECG,5289,9509,0,0,0,0,0
40086,ECG,5290,9449,0,0,0,0,0
40086,ECG,5291,9353,0,0,0,0,0
40086,ECG,5292,8896,0,0,0,0,0
40091,ECG,5293,8539,0,0,0,0,0
40091,ECG,5294,8316,0,0,0,0,0
40096,ECG,5295,8222,0,0,0,0,0
40096,ECG,5296,8236,0,0,0,0,0
40096,ECG,5297,8399,0,0,0,0,0
40101,ECG,5298,8785,0,0,0,0,0
40101,ECG,5299,8953,0,0,0,0,0
40106,ECG,5300,8896,0,0,0,0,0
40106,ECG,5301,8627,0,0,0,0,0
40106,ECG,5302,8080,0,0,0,0,0
40111,ECG,5303,7605,0,0,0,0,0
40111,ECG,5304,7355,0,0,0,0,0
40116,ECG,5305,7368,0,0,0,0,0
40116,ECG,5306,7670,0,0,0,0,0
40121,ECG,5307,8181,0,0,0,0,0
40121,ECG,5308,8446,0,0,0,0,0
40122,ECG,5309,8392,0,0,0,0,0
40126,ECG,5310,8101,0,0,0,0,0
40126,ECG,5311,7484,0,0,0,0,0
40131,ECG,5312,6996,0,0,0,0,0
40131,ECG,5313,6731,0,0,0,0,0
40136,ECG,5314,6814,0,0,0,0,0
40136,ECG,5315,7118,0,0,0,0,0
40141,ECG,5316,7595,0,0,0,0,0
40141,ECG,5317,7974,0,0,0,0,0
40141,ECG,5318,7923,0,0,0,0,0
40146,ECG,5319,7779,0,0,0,0,0
40146,ECG,5320,7205,0,0,0,0,0
40151,ECG,5321,6752,0,0,0,0,0
40151,ECG,5322,6456,0,0,0,0,0
40151,ECG,5323,6325,0,0,0,0,0
40156,ECG,5324,6405,0,0,0,0,0
40156,ECG,5325,6645,0,0,0,0,0
40161,ECG,5326,7104,0,0,0,0,0
40161,ECG,5327,7526,0,0,0,0,0
40161,ECG,5328,7478,0,0,0,0,0
40166,ECG,5329,7317,0,0,0,0,0
40166,ECG,5330,6678,0,0,0,0,0
40171,ECG,5331,5708,0,0,0,0,0
40171,ECG,5332,5522,0,0,0,0,0
40176,ECG,5333,5624,0,0,0,0,0
40176,ECG,5334,5920,0,0,0,0,0
40181,ECG,5335,6954,0,0,0,0,0
40181,ECG,5336,7073,0,0,0,0,0
40186,ECG,5337,7028,0,0,0,0,0
40186,ECG,5338,6641,0,0,0,0,0
40186,ECG,5339,6072,0,0,0,0,0
40191,ECG,5340,5677,0,0,0,0,0
40191,ECG,5341,5438,0,0,0,0,0
40196,ECG,5342,5400,0,0,0,0,0
40196,ECG,5343,5559,0,0,0,0,0
40196,ECG,5344,5960,0,0,0,0,0
40201,ECG,5345,6421,0,0,0,0,0
40201,ECG,5346,6646,0,0,0,0,0
40206,ECG,5347,6640,0,0,0,0,0
40206,ECG,5348,6344,0,0,0,0,0
40206,ECG,5349,5807,0,0,0,0,0
40211,ECG,5350,5484,0,0,0,0,0
40211,ECG,5351,5343,0,0,0,0,0
40216,ECG,5352,5341,0,0,0,0,0
40216,ECG,5353,5497,0,0,0,0,0
40216,ECG,5354,5799,0,0,0,0,0
40221,ECG,5355,6169,0,0,0,0,0
40221,ECG,5356,6307,0,0,0,0,0
40226,ECG,5357,5982,0,0,0,0,0
40226,ECG,5358,5553,0,0,0,0,0
40231,ECG,5359,5267,0,0,0,0,0
40231,ECG,5360,5099,0,0,0,0,0
40236,ECG,5361,5191,0,0,0,0,0
40236,ECG,5362,5421,0,0,0,0,0
40241,ECG,5363,5824,0,0,0,0,0
40241,ECG,5364,5950,0,0,0,0,0
40241,ECG,5365,5912,0,0,0,0,0
40246,ECG,5366,5573,0,0,0,0,0
40246,ECG,5367,5080,0,0,0,0,0
40251,ECG,5368,4664,0,0,0,0,0
40251,ECG,5369,4410,0,0,0,0,0
40251,ECG,5370,4363,0,0,0,0,0
40256,ECG,5371,4499,0,0,0,0,0
40256,ECG,5372,4815,0,0,0,0,0
40261,ECG,5373,5284,0,0,0,0,0
40261,ECG,5374,5620,0,0,0,0,0
40261,ECG,5375,5591,0,0,0,0,0
40266,ECG,5376,5462,0,0,0,0,0
40266,ECG,5377,4956,0,0,0,0,0
40271,ECG,5378,4396,0,0,0,0,0
40271,ECG,5379,4318,0,0,0,0,0
40276,ECG,5380,4429,0,0,0,0,0
40276,ECG,5381,4625,0,0,0,0,0
40277,ECG,5382,4970,0,0,0,0,0
40281,ECG,5383,5314,0,0,0,0,0
40281,ECG,5384,5280,0,0,0,0,0
40286,ECG,5385,5172,0,0,0,0,0
40286,ECG,5386,4753,0,0,0,0,0
40291,ECG,5387,4115,0,0,0,0,0
40291,ECG,5388,3999,0,0,0,0,0
40296,ECG,5389,4059,0,0,0,0,0
40296,ECG,5390,4233,0,0,0,0,0
40296,ECG,5391,4599,0,0,0,0,0
40301,ECG,5392,5020,0,0,0,0,0
40301,ECG,5393,4988,0,0,0,0,0
40306,ECG,5394,4924,0,0,0,0,0
40306,ECG,5395,4376,0,0,0,0,0
40306,ECG,5396,3826,0,0,0,0,0
40311,ECG,5397,3464,0,0,0,0,0
40311,ECG,5398,3263,0,0,0,0,0
40316,ECG,5399,3312,0,0,0,0,0
40316,ECG,5400,3544,0,0,0,0,0
40316,ECG,5401,4015,0,0,0,0,0
40321,ECG,5402,4580,0,0,0,0,0
40321,ECG,5403,4730,0,0,0,0,0
40326,ECG,5404,4274,0,0,0,0,0
40326,ECG,5405,3680,0,0,0,0,0
40331,ECG,5406,3318,0,0,0,0,0
40331,ECG,5407,3150,0,0,0,0,0
40336,ECG,5408,3405,0,0,0,0,0
40336,ECG,5409,3803,0,0,0,0,0
40341,ECG,5410,4246,0,0,0,0,0
40341,ECG,5411,4482,0,0,0,0,0
40341,ECG,5412,4453,0,0,0,0,0
40346,ECG,5413,4250,0,0,0,0,0
40346,ECG,5414,3819,0,0,0,0,0
40351,ECG,5415,3585,0,0,0,0,0
40351,ECG,5416,3450,0,0,0,0,0
40351,ECG,5417,3437,0,0,0,0,0
40356,ECG,5418,3535,0,0,0,0,0
40356,ECG,5419,3805,0,0,0,0,0
40361,ECG,5420,4193,0,0,0,0,0
40361,ECG,5421,4231,0,0,0,0,0
40361,ECG,5422,4134,0,0,0,0,0
40366,ECG,5423,3736,0,0,0,0,0
40366,ECG,5424,3216,0,0,0,0,0
40371,ECG,5425,2634,0,0,0,0,0
40371,ECG,5426,2660,0,0,0,0,0
40376,ECG,5427,2877,0,0,0,0,0
40376,ECG,5428,3254,0,0,0,0,0
40377,ECG,5429,3793,0,0,0,0,0
40381,ECG,5430,4016,0,0,0,0,0
40381,ECG,5431,3990,0,0,0,0,0
40386,ECG,5432,3691,0,0,0,0,0
40386,ECG,5433,3124,0,0,0,0,0
40391,ECG,5434,2475,0,0,0,0,0
40391,ECG,5435,2434,0,0,0,0,0
40396,ECG,5436,2583,0,0,0,0,0
40396,ECG,5437,2994,0,0,0,0,0
40396,ECG,5438,3522,0,0,0,0,0
40401,ECG,5439,3788,0,0,0,0,0
40401,ECG,5440,3788,0,0,0,0,0
40406,ECG,5441,3490,0,0,0,0,0
40406,ECG,5442,2882,0,0,0,0,0
40406,ECG,5443,2473,0,0,0,0,0
40411,ECG,5444,2287,0,0,0,0,0
40411,ECG,5445,2262,0,0,0,0,0
40416,ECG,5446,2484,0,0,0,0,0
40416,ECG,5447,2810,0,0,0,0,0
40416,ECG,5448,3190,0,0,0,0,0
40421,ECG,5449,3622,0,0,0,0,0
40421,ECG,5450,3599,0,0,0,0,0
40426,ECG,5451,3257,0,0,0,0,0
40426,ECG,5452,2999,0,0,0,0,0
40431,ECG,5453,2804,0,0,0,0,0
40431,ECG,5454,2712,0,0,0,0,0
40436,ECG,5455,2843,0,0,0,0,0
40436,ECG,5456,3137,0,0,0,0,0
40441,ECG,5457,3388,0,0,0,0,0
40441,ECG,5458,3398,0,0,0,0,0
40441,ECG,5459,3248,0,0,0,0,0
40446,ECG,5460,2822,0,0,0,0,0
40446,ECG,5461,2372,0,0,0,0,0
40451,ECG,5462,2084,0,0,0,0,0
40451,ECG,5463,1962,0,0,0,0,0
40451,ECG,5464,2028,0,0,0,0,0
40456,ECG,5465,2260,0,0,0,0,0
40456,ECG,5466,2698,0,0,0,0,0
40461,ECG,5467,3159,0,0,0,0,0
40461,ECG,5468,3229,0,0,0,0,0
40461,ECG,5469,3122,0,0,0,0,0
40466,ECG,5470,2686,0,0,0,0,0
40466,ECG,5471,2187,0,0,0,0,0
40471,ECG,5472,1721,0,0,0,0,0
40471,ECG,5473,1795,0,0,0,0,0
40476,ECG,5474,2037,0,0,0,0,0
40476,ECG,5475,2467,0,0,0,0,0
40477,ECG,5476,2981,0,0,0,0,0
40481,ECG,5477,3072,0,0,0,0,0
40481,ECG,5478,3052,0,0,0,0,0
40486,ECG,5479,2575,0,0,0,0,0
40486,ECG,5480,2028,0,0,0,0,0
40491,ECG,5481,1438,0,0,0,0,0
40491,ECG,5482,1462,0,0,0,0,0
40496,ECG,5483,1705,0,0,0,0,0
40496,ECG,5484,2099,0,0,0,0,0
40496,ECG,5485,2597,0,0,0,0,0
40501,ECG,5486,2930,0,0,0,0,0
40501,ECG,5487,2911,0,0,0,0,0
40506,ECG,5488,2754,0,0,0,0,0
40506,ECG,5489,2286,0,0,0,0,0
40506,ECG,5490,1963,0,0,0,0,0
40511,ECG,5491,1764,0,0,0,0,0
40511,ECG,5492,1716,0,0,0,0,0
40516,ECG,5493,1830,0,0,0,0,0
40516,ECG,5494,2060,0,0,0,0,0
40516,ECG,5495,2470,0,0,0,0,0
40521,ECG,5496,2781,0,0,0,0,0
40521,ECG,5497,2763,0,0,0,0,0
40526,ECG,5498,2164,0,0,0,0,0
40526,ECG,5499,1760,0,0,0,0,0
40531,ECG,5500,1532,0,0,0,0,0
40531,ECG,5501,1458,0,0,0,0,0
40536,ECG,5502,1818,0,0,0,0,0
40536,ECG,5503,2185,0,0,0,0,0
40541,ECG,5504,2519,0,0,0,0,0
40541,ECG,5505,2629,0,0,0,0,0
40541,ECG,5506,2612,0,0,0,0,0
40546,ECG,5507,2355,0,0,0,0,0
40546,ECG,5508,2093,0,0,0,0,0
40551,ECG,5509,1968,0,0,0,0,0
40551,ECG,5510,1899,0,0,0,0,0
40551,ECG,5511,1925,0,0,0,0,0
40556,ECG,5512,2026,0,0,0,0,0
40556,ECG,5513,2274,0,0,0,0,0
40561,ECG,5514,2500,0,0,0,0,0
40561,ECG,5515,2483,0,0,0,0,0
40561,ECG,5516,2315,0,0,0,0,0
40566,ECG,5517,1958,0,0,0,0,0
40566,ECG,5518,1581,0,0,0,0,0
40571,ECG,5519,1320,0,0,0,0,0
40571,ECG,5520,1223,0,0,0,0,0
40571,ECG,5521,1305,0,0,0,0,0
40576,ECG,5522,1500,0,0,0,0,0
40576,ECG,5523,1908,0,0,0,0,0
40581,ECG,5524,2364,0,0,0,0,0
40581,ECG,5525,2261,0,0,0,0,0
40586,ECG,5526,1779,0,0,0,0,0
40586,ECG,5527,1243,0,0,0,0,0
40591,ECG,5528,741,0,0,0,0,0
40591,ECG,5529,803,0,0,0,0,0
40596,ECG,5530,1081,0,0,0,0,0
40596,ECG,5531,1610,0,0,0,0,0
40596,ECG,5532,2069,0,0,0,0,0
40601,ECG,5533,2265,0,0,0,0,0
40601,ECG,5534,2250,0,0,0,0,0
40606,ECG,5535,1866,0,0,0,0,0
40606,ECG,5536,1380,0,0,0,0,0
40606,ECG,5537,1164,0,0,0,0,0
40611,ECG,5538,1070,0,0,0,0,0
40611,ECG,5539,1131,0,0,0,0,0
40616,ECG,5540,1351,0,0,0,0,0
40616,ECG,5541,1681,0,0,0,0,0
40616,ECG,5542,2052,0,0,0,0,0
40621,ECG,5543,2157,0,0,0,0,0
40621,ECG,5544,2143,0,0,0,0,0
40626,ECG,5545,1476,0,0,0,0,0
40626,ECG,5546,1246,0,0,0,0,0
40631,ECG,5547,1123,0,0,0,0,0
40631,ECG,5548,1167,0,0,0,0,0
40636,ECG,5549,1565,0,0,0,0,0
40636,ECG,5550,1998,0,0,0,0,0
40641,ECG,5551,2051,0,0,0,0,0
40641,ECG,5552,2037,0,0,0,0,0
40641,ECG,5553,1650,0,0,0,0,0
40646,ECG,5554,1163,0,0,0,0,0
40646,ECG,5555,772,0,0,0,0,0
40651,ECG,5556,564,0,0,0,0,0
40651,ECG,5557,563,0,0,0,0,0
40651,ECG,5558,733,0,0,0,0,0
40656,ECG,5559,1170,0,0,0,0,0
40656,ECG,5560,1748,0,0,0,0,0
40661,ECG,5561,1966,0,0,0,0,0
40661,ECG,5562,1953,0,0,0,0,0
40661,ECG,5563,1558,0,0,0,0,0
40666,ECG,5564,905,0,0,0,0,0
40666,ECG,5565,467,0,0,0,0,0
40671,ECG,5566,287,0,0,0,0,0
40671,ECG,5567,548,0,0,0,0,0
40676,ECG,5568,977,0,0,0,0,0
40676,ECG,5569,1506,0,0,0,0,0
40681,ECG,5570,1882,0,0,0,0,0
40681,ECG,5571,1790,0,0,0,0,0
40686,ECG,5572,1362,0,0,0,0,0
40686,ECG,5573,1099,0,0,0,0,0
40691,ECG,5574,939,0,0,0,0,0
40691,ECG,5575,1036,0,0,0,0,0
40696,ECG,5576,1269,0,0,0,0,0
40696,ECG,5577,1649,0,0,0,0,0
40696,ECG,5578,1801,0,0,0,0,0
40701,ECG,5579,1789,0,0,0,0,0
40701,ECG,5580,1492,0,0,0,0,0
41708,ECG,5581,0,0,0,0,0,0
41708,ECG,5582,-1,0,0,0,0,0
41708,ECG,5583,-6,0,0,0,0,0
41713,ECG,5584,2,0,0,0,0,0
41713,ECG,5585,6,0,0,0,0,0
41718,ECG,5586,39,0,0,0,0,0
41718,ECG,5587,-16,0,0,0,0,0
41723,ECG,5588,-28,0,0,0,0,0
41723,ECG,5589,152,0,0,0,0,0
41728,ECG,5590,-2114,0,0,0,0,0
41728,ECG,5591,-1841,0,0,0,0,0
41733,ECG,5592,-48,0,0,0,0,0
41733,ECG,5593,3418,0,0,0,0,0
41733,ECG,5594,8928,0,0,0,0,0
41738,ECG,5595,15327,0,0,0,0,0
41738,ECG,5596,21568,0,0,0,0,0
41743,ECG,5597,26976,0,0,0,0,0
41743,ECG,5598,30558,0,0,0,0,0
41743,ECG,5599,32017,0,0,0,0,0
41748,ECG,5600,31816,0,0,0,0,0
41748,ECG,5601,31605,0,0,0,0,0
41753,ECG,5602,30315,0,0,0,0,0
41753,ECG,5603,30403,0,0,0,0,0
41753,ECG,5604,30718,0,0,0,0,0
41758,ECG,5605,30809,0,0,0,0,0
41758,ECG,5606,30649,0,0,0,0,0
41763,ECG,5607,30455,0,0,0,0,0
41763,ECG,5608,29944,0,0,0,0,0
41763,ECG,5609,29583,0,0,0,0,0
41768,ECG,5610,29270,0,0,0,0,0
41768,ECG,5611,29042,0,0,0,0,0
41773,ECG,5612,28847,0,0,0,0,0
41773,ECG,5613,28971,0,0,0,0,0
41778,ECG,5614,28980,0,0,0,0,0
41778,ECG,5615,28797,0,0,0,0,0
41783,ECG,5616,27865,0,0,0,0,0
41783,ECG,5617,27292,0,0,0,0,0
41788,ECG,5618,26882,0,0,0,0,0
41788,ECG,5619,26637,0,0,0,0,0
41788,ECG,5620,26573,0,0,0,0,0
41793,ECG,5621,26673,0,0,0,0,0
41793,ECG,5622,26934,0,0,0,0,0
41798,ECG,5623,27143,0,0,0,0,0
41798,ECG,5624,27080,0,0,0,0,0
41798,ECG,5625,26909,0,0,0,0,0
41803,ECG,5626,26390,0,0,0,0,0
41803,ECG,5627,25884,0,0,0,0,0
41808,ECG,5628,25566,0,0,0,0,0
41808,ECG,5629,25324,0,0,0,0,0
41808,ECG,5630,25226,0,0,0,0,0
41813,ECG,5631,25245,0,0,0,0,0
41813,ECG,5632,25365,0,0,0,0,0
41818,ECG,5633,25454,0,0,0,0,0
41818,ECG,5634,25293,0,0,0,0,0
41823,ECG,5635,24886,0,0,0,0,0
41823,ECG,5636,24472,0,0,0,0,0
41824,ECG,5637,24165,0,0,0,0,0
41828,ECG,5638,23949,0,0,0,0,0
41828,ECG,5639,23839,0,0,0,0,0
41833,ECG,5640,23806,0,0,0,0,0
41833,ECG,5641,23899,0,0,0,0,0
41838,ECG,5642,23920,0,0,0,0,0
41838,ECG,5643,23718,0,0,0,0,0
41843,ECG,5644,23282,0,0,0,0,0
41843,ECG,5645,22800,0,0,0,0,0
41843,ECG,5646,22444,0,0,0,0,0
41848,ECG,5647,22198,0,0,0,0,0
41848,ECG,5648,22104,0,0,0,0,0
41853,ECG,5649,22130,0,0,0,0,0
41853,ECG,5650,22258,0,0,0,0,0
41853,ECG,5651,22502,0,0,0,0,0
41858,ECG,5652,22490,0,0,0,0,0
41858,ECG,5653,22348,0,0,0,0,0
41863,ECG,5654,21957,0,0,0,0,0
41863,ECG,5655,21452,0,0,0,0,0
41863,ECG,5656,21052,0,0,0,0,0
41868,ECG,5657,20765,0,0,0,0,0
41868,ECG,5658,20642,0,0,0,0,0
41873,ECG,5659,20776,0,0,0,0,0
41873,ECG,5660,21088,0,0,0,0,0
41878,ECG,5661,21148,0,0,0,0,0
41878,ECG,5662,21015,0,0,0,0,0
41879,ECG,5663,20667,0,0,0,0,0
41883,ECG,5664,20072,0,0,0,0,0
41883,ECG,5665,19600,0,0,0,0,0
41888,ECG,5666,19292,0,0,0,0,0
41888,ECG,5667,19139,0,0,0,0,0
41888,ECG,5668,19170,0,0,0,0,0
41893,ECG,5669,19349,0,0,0,0,0
41893,ECG,5670,19642,0,0,0,0,0
41898,ECG,5671,19861,0,0,0,0,0
41898,ECG,5672,19770,0,0,0,0,0
41898,ECG,5673,19613,0,0,0,0,0
41903,ECG,5674,19123,0,0,0,0,0
41903,ECG,5675,18758,0,0,0,0,0
41908,ECG,5676,18516,0,0,0,0,0
41908,ECG,5677,18361,0,0,0,0,0
41908,ECG,5678,18331,0,0,0,0,0
41913,ECG,5679,18387,0,0,0,0,0
41913,ECG,5680,18562,0,0,0,0,0
41918,ECG,5681,18703,0,0,0,0,0
41918,ECG,5682,18585,0,0,0,0,0
41918,ECG,5683,18390,0,0,0,0,0
41923,ECG,5684,17945,0,0,0,0,0
41923,ECG,5685,17554,0,0,0,0,0
41928,ECG,5686,17099,0,0,0,0,0
41928,ECG,5687,17063,0,0,0,0,0
41933,ECG,5688,17123,0,0,0,0,0
41933,ECG,5689,17329,0,0,0,0,0
41938,ECG,5690,17477,0,0,0,0,0
41938,ECG,5691,17333,0,0,0,0,0
41943,ECG,5692,16949,0,0,0,0,0
41943,ECG,5693,16559,0,0,0,0,0
41943,ECG,5694,16302,0,0,0,0,0
41948,ECG,5695,16142,0,0,0,0,0
41948,ECG,5696,16102,0,0,0,0,0
41953,ECG,5697,16145,0,0,0,0,0
41953,ECG,5698,16295,0,0,0,0,0
41953,ECG,5699,16464,0,0,0,0,0
41958,ECG,5700,16432,0,0,0,0,0
41958,ECG,5701,16329,0,0,0,0,0
41963,ECG,5702,16010,0,0,0,0,0
41963,ECG,5703,15687,0,0,0,0,0
41963,ECG,5704,15473,0,0,0,0,0
41968,ECG,5705,15323,0,0,0,0,0
41968,ECG,5706,15265,0,0,0,0,0
41973,ECG,5707,15384,0,0,0,0,0
41973,ECG,5708,15529,0,0,0,0,0
41978,ECG,5709,15444,0,0,0,0,0
41978,ECG,5710,15302,0,0,0,0,0
41979,ECG,5711,14937,0,0,0,0,0
41983,ECG,5712,14553,0,0,0,0,0
41983,ECG,5713,14295,0,0,0,0,0
41988,ECG,5714,14114,0,0,0,0,0
41988,ECG,5715,14075,0,0,0,0,0
41993,ECG,5716,14285,0,0,0,0,0
41993,ECG,5717,14554,0,0,0,0,0
41998,ECG,5718,14526,0,0,0,0,0
41998,ECG,5719,14434,0,0,0,0,0
41998,ECG,5720,14037,0,0,0,0,0
42003,ECG,5721,13579,0,0,0,0,0
42003,ECG,5722,13228,0,0,0,0,0
42008,ECG,5723,12997,0,0,0,0,0
42008,ECG,5724,12926,0,0,0,0,0
42008,ECG,5725,12992,0,0,0,0,0
42013,ECG,5726,13236,0,0,0,0,0
42013,ECG,5727,13519,0,0,0,0,0
42018,ECG,5728,13637,0,0,0,0,0
42018,ECG,5729,13585,0,0,0,0,0
42018,ECG,5730,13349,0,0,0,0,0
42023,ECG,5731,12914,0,0,0,0,0
42023,ECG,5732,12655,0,0,0,0,0
42028,ECG,5733,12425,0,0,0,0,0
42028,ECG,5734,12465,0,0,0,0,0
42033,ECG,5735,12568,0,0,0,0,0
42033,ECG,5736,12828,0,0,0,0,0
42038,ECG,5737,12776,0,0,0,0,0
42038,ECG,5738,12435,0,0,0,0,0
42043,ECG,5739,12006,0,0,0,0,0
42043,ECG,5740,11623,0,0,0,0,0
42043,ECG,5741,11348,0,0,0,0,0
42048,ECG,5742,11258,0,0,0,0,0
42048,ECG,5743,11303,0,0,0,0,0
42053,ECG,5744,11517,0,0,0,0,0
42053,ECG,5745,11885,0,0,0,0,0
42053,ECG,5746,12084,0,0,0,0,0
42058,ECG,5747,12029,0,0,0,0,0
42058,ECG,5748,11817,0,0,0,0,0
42063,ECG,5749,11323,0,0,0,0,0
42063,ECG,5750,10957,0,0,0,0,0
42063,ECG,5751,10753,0,0,0,0,0
42068,ECG,5752,10669,0,0,0,0,0
42068,ECG,5753,10738,0,0,0,0,0
42073,ECG,5754,10904,0,0,0,0,0
42073,ECG,5755,11199,0,0,0,0,0
42073,ECG,5756,11395,0,0,0,0,0
42078,ECG,5757,11323,0,0,0,0,0
42078,ECG,5758,11146,0,0,0,0,0
42083,ECG,5759,10332,0,0,0,0,0
42083,ECG,5760,10084,0,0,0,0,0
42088,ECG,5761,9957,0,0,0,0,0
42088,ECG,5762,9994,0,0,0,0,0
42093,ECG,5763,10430,0,0,0,0,0
42093,ECG,5764,10719,0,0,0,0,0
42098,ECG,5765,10660,0,0,0,0,0
42098,ECG,5766,10524,0,0,0,0,0
42098,ECG,5767,10091,0,0,0,0,0
42103,ECG,5768,9678,0,0,0,0,0
42103,ECG,5769,9422,0,0,0,0,0
42108,ECG,5770,9297,0,0,0,0,0
42108,ECG,5771,9310,0,0,0,0,0
42108,ECG,5772,9467,0,0,0,0,0
42113,ECG,5773,9788,0,0,0,0,0
42113,ECG,5774,10014,0,0,0,0,0
42118,ECG,5775,10038,0,0,0,0,0
42118,ECG,5776,9940,0,0,0,0,0
42118,ECG,5777,9541,0,0,0,0,0
42123,ECG,5778,9176,0,0,0,0,0
42123,ECG,5779,8999,0,0,0,0,0
42128,ECG,5780,8934,0,0,0,0,0
42128,ECG,5781,9045,0,0,0,0,0
42133,ECG,5782,9263,0,0,0,0,0
42133,ECG,5783,9507,0,0,0,0,0
42134,ECG,5784,9447,0,0,0,0,0
42138,ECG,5785,9340,0,0,0,0,0
42138,ECG,5786,8965,0,0,0,0,0
42143,ECG,5787,8618,0,0,0,0,0
42143,ECG,5788,8375,0,0,0,0,0
42148,ECG,5789,8230,0,0,0,0,0
42148,ECG,5790,8347,0,0,0,0,0
42153,ECG,5791,8534,0,0,0,0,0
42153,ECG,5792,8830,0,0,0,0,0
42153,ECG,5793,8896,0,0,0,0,0
42158,ECG,5794,8840,0,0,0,0,0
42158,ECG,5795,8562,0,0,0,0,0
42163,ECG,5796,8176,0,0,0,0,0
42163,ECG,5797,7887,0,0,0,0,0
42163,ECG,5798,7672,0,0,0,0,0
42168,ECG,5799,7610,0,0,0,0,0
42168,ECG,5800,7671,0,0,0,0,0
42173,ECG,5801,7862,0,0,0,0,0
42173,ECG,5802,8170,0,0,0,0,0
42173,ECG,5803,8352,0,0,0,0,0
42178,ECG,5804,8328,0,0,0,0,0
42178,ECG,5805,8195,0,0,0,0,0
42183,ECG,5806,7546,0,0,0,0,0
42183,ECG,5807,7401,0,0,0,0,0
42188,ECG,5808,7342,0,0,0,0,0
42188,ECG,5809,7387,0,0,0,0,0
42193,ECG,5810,7778,0,0,0,0,0
42193,ECG,5811,7888,0,0,0,0,0
42198,ECG,5812,7838,0,0,0,0,0
42198,ECG,5813,7607,0,0,0,0,0
42198,ECG,5814,7208,0,0,0,0,0
42203,ECG,5815,6873,0,0,0,0,0
42203,ECG,5816,6662,0,0,0,0,0
42208,ECG,5817,6586,0,0,0,0,0
42208,ECG,5818,6658,0,0,0,0,0
42208,ECG,5819,6840,0,0,0,0,0
42213,ECG,5820,7147,0,0,0,0,0
42213,ECG,5821,7390,0,0,0,0,0
42218,ECG,5822,7388,0,0,0,0,0
42218,ECG,5823,7333,0,0,0,0,0
42218,ECG,5824,6983,0,0,0,0,0
42223,ECG,5825,6723,0,0,0,0,0
42223,ECG,5826,6586,0,0,0,0,0
42228,ECG,5827,6538,0,0,0,0,0
42228,ECG,5828,6619,0,0,0,0,0
42233,ECG,5829,6816,0,0,0,0,0
42233,ECG,5830,6998,0,0,0,0,0
42234,ECG,5831,6953,0,0,0,0,0
42238,ECG,5832,6861,0,0,0,0,0
42238,ECG,5833,6477,0,0,0,0,0
42243,ECG,5834,6139,0,0,0,0,0
42243,ECG,5835,5892,0,0,0,0,0
42243,ECG,5836,5737,0,0,0,0,0
42248,ECG,5837,5751,0,0,0,0,0
42248,ECG,5838,5863,0,0,0,0,0
42253,ECG,5839,6137,0,0,0,0,0
42253,ECG,5840,6466,0,0,0,0,0
42253,ECG,5841,6557,0,0,0,0,0
42258,ECG,5842,6514,0,0,0,0,0
42258,ECG,5843,6210,0,0,0,0,0
42263,ECG,5844,5850,0,0,0,0,0
42263,ECG,5845,5612,0,0,0,0,0
42263,ECG,5846,5484,0,0,0,0,0
42268,ECG,5847,5498,0,0,0,0,0
42268,ECG,5848,5592,0,0,0,0,0
42273,ECG,5849,5830,0,0,0,0,0
42273,ECG,5850,6134,0,0,0,0,0
42273,ECG,5851,6179,0,0,0,0,0
42278,ECG,5852,6140,0,0,0,0,0
42278,ECG,5853,5843,0,0,0,0,0
42283,ECG,5854,5265,0,0,0,0,0
42283,ECG,5855,5143,0,0,0,0,0
42288,ECG,5856,5153,0,0,0,0,0
42288,ECG,5857,5242,0,0,0,0,0
42293,ECG,5858,5824,0,0,0,0,0
42293,ECG,5859,5824,0,0,0,0,0
42298,ECG,5860,5766,0,0,0,0,0
42298,ECG,5861,5402,0,0,0,0,0
42298,ECG,5862,4959,0,0,0,0,0
42303,ECG,5863,4690,0,0,0,0,0
42303,ECG,5864,4533,0,0,0,0,0
42308,ECG,5865,4549,0,0,0,0,0
42308,ECG,5866,4706,0,0,0,0,0
42308,ECG,5867,4977,0,0,0,0,0
42313,ECG,5868,5376,0,0,0,0,0
42313,ECG,5869,5500,0,0,0,0,0
42318,ECG,5870,5465,0,0,0,0,0
42318,ECG,5871,5197,0,0,0,0,0
42318,ECG,5872,4732,0,0,0,0,0
42323,ECG,5873,4423,0,0,0,0,0
42323,ECG,5874,4210,0,0,0,0,0
42328,ECG,5875,4284,0,0,0,0,0
42328,ECG,5876,4527,0,0,0,0,0
42333,ECG,5877,4917,0,0,0,0,0
42333,ECG,5878,5197,0,0,0,0,0
42338,ECG,5879,5029,0,0,0,0,0
42338,ECG,5880,4594,0,0,0,0,0
42343,ECG,5881,4279,0,0,0,0,0
42343,ECG,5882,4083,0,0,0,0,0
42343,ECG,5883,4018,0,0,0,0,0
42348,ECG,5884,4102,0,0,0,0,0
42348,ECG,5885,4275,0,0,0,0,0
42353,ECG,5886,4664,0,0,0,0,0
42353,ECG,5887,4906,0,0,0,0,0
42353,ECG,5888,4874,0,0,0,0,0
42358,ECG,5889,4671,0,0,0,0,0
42358,ECG,5890,4184,0,0,0,0,0
42363,ECG,5891,3747,0,0,0,0,0
42363,ECG,5892,3482,0,0,0,0,0
42363,ECG,5893,3387,0,0,0,0,0
42368,ECG,5894,3504,0,0,0,0,0
42368,ECG,5895,3749,0,0,0,0,0
42373,ECG,5896,4191,0,0,0,0,0
42373,ECG,5897,4630,0,0,0,0,0
42373,ECG,5898,4615,0,0,0,0,0
42378,ECG,5899,4582,0,0,0,0,0
42378,ECG,5900,4093,0,0,0,0,0
42383,ECG,5901,3423,0,0,0,0,0
42383,ECG,5902,3300,0,0,0,0,0
42388,ECG,5903,3364,0,0,0,0,0
42388,ECG,5904,3568,0,0,0,0,0
42393,ECG,5905,4308,0,0,0,0,0
42393,ECG,5906,4366,0,0,0,0,0
42398,ECG,5907,4338,0,0,0,0,0
42398,ECG,5908,3931,0,0,0,0,0
42398,ECG,5909,3506,0,0,0,0,0
42403,ECG,5910,3281,0,0,0,0,0
42403,ECG,5911,3138,0,0,0,0,0
42408,ECG,5912,3180,0,0,0,0,0
42408,ECG,5913,3347,0,0,0,0,0
42408,ECG,5914,3632,0,0,0,0,0
42413,ECG,5915,4032,0,0,0,0,0
42413,ECG,5916,4130,0,0,0,0,0
42418,ECG,5917,4103,0,0,0,0,0
42418,ECG,5918,3810,0,0,0,0,0
42418,ECG,5919,3399,0,0,0,0,0
42423,ECG,5920,3120,0,0,0,0,0
42423,ECG,5921,2948,0,0,0,0,0
42428,ECG,5922,3069,0,0,0,0,0
42428,ECG,5923,3326,0,0,0,0,0
42433,ECG,5924,3736,0,0,0,0,0
42433,ECG,5925,3907,0,0,0,0,0
42434,ECG,5926,3882,0,0,0,0,0
42438,ECG,5927,3670,0,0,0,0,0
42438,ECG,5928,3250,0,0,0,0,0
42443,ECG,5929,2963,0,0,0,0,0
42443,ECG,5930,2820,0,0,0,0,0
42448,ECG,5931,2907,0,0,0,0,0
42448,ECG,5932,3182,0,0,0,0,0
42453,ECG,5933,3533,0,0,0,0,0
42453,ECG,5934,3692,0,0,0,0,0
42453,ECG,5935,3671,0,0,0,0,0
42458,ECG,5936,3465,0,0,0,0,0
42458,ECG,5937,3044,0,0,0,0,0
42463,ECG,5938,2812,0,0,0,0,0
42463,ECG,5939,2693,0,0,0,0,0
42463,ECG,5940,2682,0,0,0,0,0
42468,ECG,5941,2809,0,0,0,0,0
42468,ECG,5942,3012,0,0,0,0,0
42473,ECG,5943,3339,0,0,0,0,0
42473,ECG,5944,3493,0,0,0,0,0
42473,ECG,5945,3470,0,0,0,0,0
42478,ECG,5946,3262,0,0,0,0,0
42478,ECG,5947,2871,0,0,0,0,0
42483,ECG,5948,2373,0,0,0,0,0
42483,ECG,5949,2313,0,0,0,0,0
42488,ECG,5950,2423,0,0,0,0,0
42488,ECG,5951,2622,0,0,0,0,0
42493,ECG,5952,3305,0,0,0,0,0
42493,ECG,5953,3288,0,0,0,0,0
42498,ECG,5954,3239,0,0,0,0,0
42498,ECG,5955,2870,0,0,0,0,0
42498,ECG,5956,2553,0,0,0,0,0
42503,ECG,5957,2347,0,0,0,0,0
42503,ECG,5958,2263,0,0,0,0,0
42508,ECG,5959,2305,0,0,0,0,0
42508,ECG,5960,2448,0,0,0,0,0
42508,ECG,5961,2852,0,0,0,0,0
42513,ECG,5962,3132,0,0,0,0,0
42513,ECG,5963,3111,0,0,0,0,0
42518,ECG,5964,2899,0,0,0,0,0
42518,ECG,5965,2420,0,0,0,0,0
42518,ECG,5966,1911,0,0,0,0,0
42523,ECG,5967,1642,0,0,0,0,0
42523,ECG,5968,1548,0,0,0,0,0
42528,ECG,5969,1992,0,0,0,0,0
42528,ECG,5970,2401,0,0,0,0,0
42533,ECG,5971,2838,0,0,0,0,0
42533,ECG,5972,2965,0,0,0,0,0
42534,ECG,5973,2945,0,0,0,0,0
42538,ECG,5974,2675,0,0,0,0,0
42538,ECG,5975,2358,0,0,0,0,0
42543,ECG,5976,2182,0,0,0,0,0
42543,ECG,5977,2050,0,0,0,0,0
42548,ECG,5978,2170,0,0,0,0,0
42548,ECG,5979,2404,0,0,0,0,0
42553,ECG,5980,2783,0,0,0,0,0
42553,ECG,5981,2804,0,0,0,0,0
42553,ECG,5982,2743,0,0,0,0,0
42558,ECG,5983,2405,0,0,0,0,0
42558,ECG,5984,1951,0,0,0,0,0
42563,ECG,5985,1626,0,0,0,0,0
42563,ECG,5986,1470,0,0,0,0,0
42563,ECG,5987,1481,0,0,0,0,0
42568,ECG,5988,1669,0,0,0,0,0
42568,ECG,5989,2014,0,0,0,0,0
42573,ECG,5990,2374,0,0,0,0,0
42573,ECG,5991,2633,0,0,0,0,0
42573,ECG,5992,2652,0,0,0,0,0
42578,ECG,5993,2609,0,0,0,0,0
42578,ECG,5994,2294,0,0,0,0,0
42583,ECG,5995,2115,0,0,0,0,0
42583,ECG,5996,2101,0,0,0,0,0
42588,ECG,5997,2162,0,0,0,0,0
42588,ECG,5998,2254,0,0,0,0,0
42593,ECG,5999,2516,0,0,0,0,0
42593,ECG,6000,2500,0,0,0,0,0
42598,ECG,6001,2286,0,0,0,0,0
42598,ECG,6002,2023,0,0,0,0,0
42598,ECG,6003,1795,0,0,0,0,0
42603,ECG,6004,1646,0,0,0,0,0
42603,ECG,6005,1623,0,0,0,0,0
42608,ECG,6006,1697,0,0,0,0,0
42608,ECG,6007,1873,0,0,0,0,0
42608,ECG,6008,2170,0,0,0,0,0
42613,ECG,6009,2352,0,0,0,0,0
42613,ECG,6010,2369,0,0,0,0,0
42618,ECG,6011,2288,0,0,0,0,0
42618,ECG,6012,2008,0,0,0,0,0
42618,ECG,6013,1814,0,0,0,0,0
42623,ECG,6014,1733,0,0,0,0,0
42623,ECG,6015,1708,0,0,0,0,0
42628,ECG,6016,1906,0,0,0,0,0
42628,ECG,6017,2113,0,0,0,0,0
42633,ECG,6018,2252,0,0,0,0,0
42633,ECG,6019,2238,0,0,0,0,0
42634,ECG,6020,2098,0,0,0,0,0
42638,ECG,6021,1778,0,0,0,0,0
42638,ECG,6022,1536,0,0,0,0,0
42643,ECG,6023,1359,0,0,0,0,0
42643,ECG,6024,1288,0,0,0,0,0
42648,ECG,6025,1519,0,0,0,0,0
42648,ECG,6026,1813,0,0,0,0,0
42653,ECG,6027,2082,0,0,0,0,0
42653,ECG,6028,2124,0,0,0,0,0
42653,ECG,6029,2065,0,0,0,0,0
42658,ECG,6030,1748,0,0,0,0,0
42658,ECG,6031,1440,0,0,0,0,0
42663,ECG,6032,1266,0,0,0,0,0
42663,ECG,6033,1189,0,0,0,0,0
42663,ECG,6034,1250,0,0,0,0,0
42668,ECG,6035,1385,0,0,0,0,0
42668,ECG,6036,1664,0,0,0,0,0
42673,ECG,6037,2015,0,0,0,0,0
42673,ECG,6038,2017,0,0,0,0,0
42673,ECG,6039,1950,0,0,0,0,0
42678,ECG,6040,1629,0,0,0,0,0
42678,ECG,6041,1261,0,0,0,0,0
42683,ECG,6042,900,0,0,0,0,0
42683,ECG,6043,943,0,0,0,0,0
42688,ECG,6044,1111,0,0,0,0,0
42688,ECG,6045,1422,0,0,0,0,0
42693,ECG,6046,1923,0,0,0,0,0
42693,ECG,6047,1910,0,0,0,0,0
42698,ECG,6048,1678,0,0,0,0,0
42698,ECG,6049,1336,0,0,0,0,0
42698,ECG,6050,1147,0,0,0,0,0
42703,ECG,6051,1047,0,0,0,0,0
42703,ECG,6052,1065,0,0,0,0,0
42708,ECG,6053,1186,0,0,0,0,0
42708,ECG,6054,1418,0,0,0,0,0
42708,ECG,6055,1718,0,0,0,0,0
42713,ECG,6056,1826,0,0,0,0,0
42713,ECG,6057,1814,0,0,0,0,0
42718,ECG,6058,1586,0,0,0,0,0
42718,ECG,6059,1250,0,0,0,0,0
42718,ECG,6060,1046,0,0,0,0,0
42723,ECG,6061,926,0,0,0,0,0
42723,ECG,6062,924,0,0,0,0,0
42728,ECG,6063,1246,0,0,0,0,0
42728,ECG,6064,1546,0,0,0,0,0
42733,ECG,6065,1737,0,0,0,0,0
42733,ECG,6066,1726,0,0,0,0,0
42734,ECG,6067,1588,0,0,0,0,0
42738,ECG,6068,1267,0,0,0,0,0
42738,ECG,6069,1021,0,0,0,0,0
42743,ECG,6070,865,0,0,0,0,0
42743,ECG,6071,821,0,0,0,0,0
42743,ECG,6072,892,0,0,0,0,0
42748,ECG,6073,1083,0,0,0,0,0
42748,ECG,6074,1371,0,0,0,0,0
42753,ECG,6075,1560,0,0,0,0,0
42753,ECG,6076,1643,0,0,0,0,0
42753,ECG,6077,1610,0,0,0,0,0
42758,ECG,6078,1367,0,0,0,0,0
42758,ECG,6079,1190,0,0,0,0,0
42763,ECG,6080,1132,0,0,0,0,0
42763,ECG,6081,1116,0,0,0,0,0
42763,ECG,6082,1173,0,0,0,0,0
42768,ECG,6083,1267,0,0,0,0,0
42768,ECG,6084,1441,0,0,0,0,0
43775,ECG,6085,0,0,0,0,0,0
43775,ECG,6086,-1,0,0,0,0,0
43775,ECG,6087,-6,0,0,0,0,0
43780,ECG,6088,2,0,0,0,0,0
43780,ECG,6089,6,0,0,0,0,0
43785,ECG,6090,38,0,0,0,0,0
43785,ECG,6091,-16,0,0,0,0,0
43790,ECG,6092,-26,0,0,0,0,0
43790,ECG,6093,151,0,0,0,0,0
43791,ECG,6094,-753,0,0,0,0,0
43795,ECG,6095,-2111,0,0,0,0,0
43795,ECG,6096,-1849,0,0,0,0,0
43800,ECG,6097,-34,0,0,0,0,0
43800,ECG,6098,3386,0,0,0,0,0
43805,ECG,6099,15146,0,0,0,0,0
43805,ECG,6100,21681,0,0,0,0,0
43810,ECG,6101,27545,0,0,0,0,0
43810,ECG,6102,31453,0,0,0,0,0
43810,ECG,6103,32009,0,0,0,0,0
43815,ECG,6104,31808,0,0,0,0,0
43815,ECG,6105,31608,0,0,0,0,0
43820,ECG,6106,30621,0,0,0,0,0
43820,ECG,6107,30274,0,0,0,0,0
43820,ECG,6108,30205,0,0,0,0,0
43825,ECG,6109,30046,0,0,0,0,0
43825,ECG,6110,30133,0,0,0,0,0
43830,ECG,6111,30186,0,0,0,0,0
43830,ECG,6112,30232,0,0,0,0,0
43830,ECG,6113,30080,0,0,0,0,0
43835,ECG,6114,29891,0,0,0,0,0
43835,ECG,6115,29510,0,0,0,0,0
43840,ECG,6116,28994,0,0,0,0,0
43840,ECG,6117,28779,0,0,0,0,0
43845,ECG,6118,28630,0,0,0,0,0
43845,ECG,6119,28500,0,0,0,0,0
43850,ECG,6120,28432,0,0,0,0,0
43850,ECG,6121,28227,0,0,0,0,0
43855,ECG,6122,27978,0,0,0,0,0
43855,ECG,6123,27628,0,0,0,0,0
43855,ECG,6124,27275,0,0,0,0,0
43860,ECG,6125,27016,0,0,0,0,0
43860,ECG,6126,26825,0,0,0,0,0
43865,ECG,6127,26712,0,0,0,0,0
43865,ECG,6128,26651,0,0,0,0,0
43865,ECG,6129,26708,0,0,0,0,0
43870,ECG,6130,26713,0,0,0,0,0
43870,ECG,6131,26545,0,0,0,0,0
43875,ECG,6132,26279,0,0,0,0,0
43875,ECG,6133,25825,0,0,0,0,0
43875,ECG,6134,25406,0,0,0,0,0
43880,ECG,6135,25085,0,0,0,0,0
43880,ECG,6136,24859,0,0,0,0,0
43885,ECG,6137,24781,0,0,0,0,0
43885,ECG,6138,24887,0,0,0,0,0
43890,ECG,6139,24953,0,0,0,0,0
43890,ECG,6140,24952,0,0,0,0,0
43891,ECG,6141,24795,0,0,0,0,0
43895,ECG,6142,24541,0,0,0,0,0
43895,ECG,6143,24248,0,0,0,0,0
42772,IMU,1248,1496,52,8304,-86,66,55
42792,IMU,1249,1524,-24,8352,-81,52,48
42811,IMU,1250,1440,16,8364,-77,66,41
42830,IMU,1251,1468,-144,8324,-77,61,37
42851,IMU,1252,1608,-104,8328,-89,62,36
42869,IMU,1253,1588,64,8368,-77,52,30
42887,IMU,1254,1564,-96,8352,-73,50,43
42907,IMU,1255,1516,4,8356,-75,58,31
42926,IMU,1256,1572,28,8388,-66,63,59
42945,IMU,1257,1544,-68,8344,-87,40,31
42964,IMU,1258,1544,-116,8360,-92,70,47
42983,IMU,1259,1456,12,8308,-82,54,40
43002,IMU,1260,1524,-28,8344,-79,59,56
43022,IMU,1261,1440,28,8332,-80,71,47
43041,IMU,1262,1356,-48,8324,-88,67,40
43060,IMU,1263,1536,-8,8316,-87,50,44
43080,IMU,1264,1576,-8,8404,-89,54,40
43098,IMU,1265,1540,-4,8404,-82,47,41
43117,IMU,1266,1488,-40,8388,-79,73,33
43136,IMU,1267,1556,24,8312,-92,45,34
43156,IMU,1268,1540,-8,8412,-85,50,34
43175,IMU,1269,1468,-48,8388,-80,67,59
43194,IMU,1270,1516,12,8444,-88,45,67
43213,IMU,1271,1480,-28,8316,-94,66,46
43232,IMU,1272,1468,-28,8412,-80,62,69
43251,IMU,1273,1600,-64,8372,-102,60,40
43271,IMU,1274,1512,-160,8400,-84,54,38
43293,IMU,1275,1508,-72,8292,-83,52,33
43309,IMU,1276,1496,16,8288,-83,62,46
43328,IMU,1277,1400,-88,8320,-90,72,52
43347,IMU,1278,1524,-116,8428,-89,39,47
43366,IMU,1279,1536,-64,8464,-98,49,30
43386,IMU,1280,1436,-36,8360,-71,66,49
43405,IMU,1281,1576,16,8400,-95,75,53
43424,IMU,1282,1496,-24,8352,-84,53,44
43443,IMU,1283,1612,-56,8408,-94,59,31
43462,IMU,1284,1412,-76,8388,-81,60,43
43481,IMU,1285,1532,-8,8356,-82,49,40
43500,IMU,1286,1412,-36,8404,-79,60,46
43520,IMU,1287,1488,44,8376,-92,49,55
43539,IMU,1288,1492,-56,8356,-66,56,33
43558,IMU,1289,1508,4,8404,-87,67,40
43577,IMU,1290,1512,-60,8332,-87,49,41
43596,IMU,1291,1476,-176,8380,-87,61,49
43617,IMU,1292,1528,-52,8336,-79,53,50
43635,IMU,1293,1480,-48,8348,-76,69,48
43654,IMU,1294,1460,-136,8372,-77,59,49
43673,IMU,1295,1424,-88,8352,-90,60,33
43692,IMU,1296,1572,28,8372,-72,58,41
43711,IMU,1297,1452,92,8312,-81,64,36
43731,IMU,1298,1440,-20,8372,-81,59,32
43750,IMU,1299,1544,-88,8360,-73,45,25
43769,IMU,1300,1576,40,8452,-72,51,40
43788,IMU,1301,1556,-52,8320,-85,43,37
43807,IMU,1302,1444,-8,8276,-82,60,47
43826,IMU,1303,1488,-48,8368,-80,60,47
43845,IMU,1304,1548,-88,8344,-81,67,49
43864,IMU,1305,1520,-64,8408,-63,61,41
43883,IMU,1306,1440,-40,8468,-71,63,44
43903,IMU,1307,1412,16,8384,-84,57,39
43922,IMU,1308,1476,-68,8324,-92,58,41
43943,IMU,1309,1452,-8,8412,-82,50,39
43961,IMU,1310,1592,-20,8384,-81,63,32
43979,IMU,1311,1536,-60,8388,-82,53,35
43998,IMU,1312,1576,-120,8340,-105,56,36
44017,IMU,1313,1448,-36,8392,-93,63,41
44036,IMU,1314,1636,-84,8408,-57,45,53
44055,IMU,1315,1548,4,8360,-84,55,46
44074,IMU,1316,1408,-80,8336,-89,61,36
44095,IMU,1317,1444,-108,8368,-78,69,41
44113,IMU,1318,1476,-32,8408,-87,65,51
44132,IMU,1319,1456,-8,8388,-94,53,46
44151,IMU,1320,1516,-12,8300,-73,82,52
44172,IMU,1321,1592,16,8416,-75,48,50
44189,IMU,1322,1520,-28,8440,-100,69,40
44208,IMU,1323,1472,-48,8300,-86,62,46
44227,IMU,1324,1588,-28,8340,-82,60,54
44247,IMU,1325,1604,-52,8388,-75,49,51
44265,IMU,1326,1524,-88,8364,-97,38,41
44284,IMU,1327,1396,-64,8436,-85,64,31
44303,IMU,1328,1536,-56,8380,-70,59,45
44322,IMU,1329,1616,-16,8328,-78,60,46
44341,IMU,1330,1580,20,8420,-86,49,29
44360,IMU,1331,1424,-36,8392,-92,42,53
44382,IMU,1332,1468,-4,8384,-86,60,42
44399,IMU,1333,1592,16,8364,-93,58,52
44418,IMU,1334,1536,-32,8360,-79,55,35
44437,IMU,1335,1672,-72,8412,-93,52,33
44456,IMU,1336,1392,20,8412,-72,66,52
44475,IMU,1337,1524,-56,8372,-84,62,42
44494,IMU,1338,1428,-80,8300,-86,72,42
44513,IMU,1339,1620,-12,8428,-92,62,43
44532,IMU,1340,1512,8,8444,-85,50,49
44551,IMU,1341,1404,4,8376,-64,60,44
44570,IMU,1342,1552,-12,8396,-90,50,50
44589,IMU,1343,1452,-120,8380,-88,62,31
44612,IMU,1344,1528,12,8388,-100,64,48
44628,IMU,1345,1584,-44,8344,-92,49,64
44648,IMU,1346,1548,8,8404,-81,69,29
44666,IMU,1347,1516,-64,8400,-98,63,53
44685,IMU,1348,1496,-100,8428,-75,67,49
44704,IMU,1349,1456,28,8404,-77,53,53
44723,IMU,1350,1488,-12,8344,-89,46,35
44742,IMU,1351,1536,-48,8356,-86,47,46
44761,IMU,1352,1560,-32,8368,-86,74,40
44780,IMU,1353,1596,-40,8368,-88,55,50
44799,IMU,1354,1588,-20,8348,-86,38,38
44822,IMU,1355,1584,8,8376,-83,59,41
44838,IMU,1356,1448,-36,8412,-91,65,43
44856,IMU,1357,1480,-112,8444,-80,59,52
44876,IMU,1358,1508,88,8460,-81,55,48
44895,IMU,1359,1452,-20,8456,-96,58,53
44914,IMU,1360,1460,-52,8324,-85,59,45
44933,IMU,1361,1424,-52,8472,-105,58,30
44952,IMU,1362,1456,-44,8396,-89,62,58
44971,IMU,1363,1536,-68,8348,-92,62,46
44990,IMU,1364,1488,32,8428,-74,62,36
45010,IMU,1365,1520,40,8316,-86,64,44
45029,IMU,1366,1424,-48,8332,-79,47,41
45048,IMU,1367,1452,4,8392,-74,69,42
45067,IMU,1368,1544,-48,8344,-88,60,45
45086,IMU,1369,1520,-76,8408,-80,64,45
45105,IMU,1370,1472,-20,8432,-92,78,47
45125,IMU,1371,1508,-132,8276,-70,76,46
45144,IMU,1372,1564,-148,8392,-77,56,35
45163,IMU,1373,1448,-48,8328,-70,54,47
45182,IMU,1374,1544,-104,8400,-73,38,37
45203,IMU,1375,1584,-88,8324,-85,57,51
45220,IMU,1376,1536,-36,8348,-70,58,61
45240,IMU,1377,1500,-52,8364,-91,56,41
45261,IMU,1378,1532,-52,8332,-76,69,36
45278,IMU,1379,1608,44,8332,-76,58,37
45297,IMU,1380,1472,-12,8384,-103,61,39
45316,IMU,1381,1588,60,8348,-90,46,29
45335,IMU,1382,1468,-8,8360,-79,53,33
45354,IMU,1383,1640,-72,8456,-97,66,61
45374,IMU,1384,1452,-80,8324,-93,53,43
45393,IMU,1385,1444,16,8388,-100,56,47
45412,IMU,1386,1404,-124,8404,-89,56,40
45431,IMU,1387,1424,-28,8336,-88,58,56
45450,IMU,1388,1468,-36,8352,-83,51,32
45471,IMU,1389,1420,-16,8388,-82,67,43
45489,IMU,1390,1600,-44,8424,-78,48,50
45508,IMU,1391,1512,-48,8376,-87,48,60
45527,IMU,1392,1460,-8,8368,-92,50,49
45546,IMU,1393,1484,-44,8340,-89,56,32
45565,IMU,1394,1512,-76,8332,-102,54,54
45584,IMU,1395,1572,-44,8328,-94,50,46
45604,IMU,1396,1576,28,8424,-67,60,34
45623,IMU,1397,1592,20,8360,-90,48,49
45642,IMU,1398,1492,-32,8308,-79,70,42
45661,IMU,1399,1568,-96,8420,-86,59,35
45680,IMU,1400,1392,-76,8400,-74,52,40
45701,IMU,1401,1504,8,8324,-86,74,49
45718,IMU,1402,1548,-12,8396,-90,68,30
45738,IMU,1403,1604,4,8372,-90,50,48
45757,IMU,1404,1512,12,8420,-108,59,46
45776,IMU,1405,1504,-8,8424,-104,45,38
45795,IMU,1406,1476,-52,8372,-91,55,32
45814,IMU,1407,1472,-76,8416,-54,48,41
45833,IMU,1408,1572,-96,8344,-80,53,42
45853,IMU,1409,1644,-36,8432,-94,60,37
45872,IMU,1410,1628,-12,8420,-59,63,36
45891,IMU,1411,1600,64,8428,-90,50,36
45914,IMU,1412,1468,-36,8272,-84,50,40
45930,IMU,1413,1540,-120,8452,-76,60,50
45948,IMU,1414,1528,48,8408,-82,64,37
45967,IMU,1415,1532,-28,8480,-80,66,29
45986,IMU,1416,1520,-52,8408,-63,43,34
46005,IMU,1417,1404,-36,8408,-78,59,43
46025,IMU,1418,1532,24,8436,-81,52,46
46044,IMU,1419,1500,-80,8400,-80,67,59
46063,IMU,1420,1504,-56,8272,-91,64,41
46081,IMU,1421,1496,-88,8276,-65,66,42
46101,IMU,1422,1512,-92,8304,-79,67,56
46120,IMU,1423,1572,-128,8364,-79,30,45
46141,IMU,1424,1560,-52,8416,-96,50,39
46158,IMU,1425,1528,16,8392,-75,65,47
46177,IMU,1426,1528,56,8384,-90,52,42
46196,IMU,1427,1572,-52,8404,-90,77,51
46215,IMU,1428,1520,-76,8308,-91,49,46
46235,IMU,1429,1496,-120,8332,-80,72,38
46253,IMU,1430,1568,-12,8360,-84,53,32
46272,IMU,1431,1476,36,8308,-77,53,42
46291,IMU,1432,1508,-12,8412,-78,46,34
46311,IMU,1433,1536,-4,8440,-108,69,58
46330,IMU,1434,1504,-88,8328,-93,47,46
46352,IMU,1435,1540,-4,8284,-95,49,46
46368,IMU,1436,1544,-104,8292,-101,56,31
46386,IMU,1437,1520,88,8420,-68,67,55
46406,IMU,1438,1528,-16,8488,-98,51,39
46425,IMU,1439,1492,52,8408,-81,60,42
46444,IMU,1440,1676,40,8316,-79,57,37
46463,IMU,1441,1480,-20,8328,-88,68,49
46482,IMU,1442,1580,-64,8348,-86,45,35
46501,IMU,1443,1500,40,8320,-81,51,36
46520,IMU,1444,1528,44,8404,-84,61,49
46539,IMU,1445,1540,-100,8444,-81,54,50
46558,IMU,1446,1456,4,8328,-102,68,34
46579,IMU,1447,1560,-52,8372,-88,67,32
46596,IMU,1448,1544,-64,8388,-91,51,49
46616,IMU,1449,1484,-4,8276,-88,59,52
46635,IMU,1450,1592,76,8348,-93,56,37
46654,IMU,1451,1532,-64,8352,-74,56,33
46673,IMU,1452,1436,-40,8376,-82,65,60
46692,IMU,1453,1520,-116,8344,-81,60,30
46712,IMU,1454,1568,0,8348,-89,63,49
46730,IMU,1455,1484,68,8372,-98,56,52
43900,ECG,6144,24068,0,0,0,0,0
43900,ECG,6145,23899,0,0,0,0,0
43905,ECG,6146,23674,0,0,0,0,0
43905,ECG,6147,23609,0,0,0,0,0
43910,ECG,6148,23568,0,0,0,0,0
43910,ECG,6149,23435,0,0,0,0,0
43910,ECG,6150,23246,0,0,0,0,0
43915,ECG,6151,22983,0,0,0,0,0
43915,ECG,6152,22734,0,0,0,0,0
43920,ECG,6153,22524,0,0,0,0,0
43920,ECG,6154,22343,0,0,0,0,0
43920,ECG,6155,22219,0,0,0,0,0
43925,ECG,6156,22143,0,0,0,0,0
43925,ECG,6157,22088,0,0,0,0,0
43930,ECG,6158,22051,0,0,0,0,0
43930,ECG,6159,22015,0,0,0,0,0
43930,ECG,6160,21876,0,0,0,0,0
43935,ECG,6161,21676,0,0,0,0,0
43935,ECG,6162,21449,0,0,0,0,0
43940,ECG,6163,21081,0,0,0,0,0
43940,ECG,6164,20944,0,0,0,0,0
43945,ECG,6165,20831,0,0,0,0,0
43945,ECG,6166,20736,0,0,0,0,0
43950,ECG,6167,20677,0,0,0,0,0
43950,ECG,6168,20507,0,0,0,0,0
43955,ECG,6169,20284,0,0,0,0,0
43955,ECG,6170,19998,0,0,0,0,0
43955,ECG,6171,19717,0,0,0,0,0
43960,ECG,6172,19511,0,0,0,0,0
43960,ECG,6173,19380,0,0,0,0,0
43965,ECG,6174,19317,0,0,0,0,0
43965,ECG,6175,19311,0,0,0,0,0
43965,ECG,6176,19420,0,0,0,0,0
43970,ECG,6177,19429,0,0,0,0,0
43970,ECG,6178,19307,0,0,0,0,0
43975,ECG,6179,19039,0,0,0,0,0
43975,ECG,6180,18622,0,0,0,0,0
43975,ECG,6181,18255,0,0,0,0,0
43980,ECG,6182,17985,0,0,0,0,0
43980,ECG,6183,17823,0,0,0,0,0
43985,ECG,6184,17873,0,0,0,0,0
43985,ECG,6185,18044,0,0,0,0,0
43990,ECG,6186,18150,0,0,0,0,0
43990,ECG,6187,18155,0,0,0,0,0
43995,ECG,6188,17765,0,0,0,0,0
43995,ECG,6189,17505,0,0,0,0,0
44000,ECG,6190,17362,0,0,0,0,0
44000,ECG,6191,17237,0,0,0,0,0
44000,ECG,6192,17167,0,0,0,0,0
44005,ECG,6193,17135,0,0,0,0,0
44005,ECG,6194,17136,0,0,0,0,0
44010,ECG,6195,17149,0,0,0,0,0
44010,ECG,6196,17055,0,0,0,0,0
44010,ECG,6197,16898,0,0,0,0,0
44015,ECG,6198,16654,0,0,0,0,0
44015,ECG,6199,16444,0,0,0,0,0
44020,ECG,6200,16266,0,0,0,0,0
44020,ECG,6201,16128,0,0,0,0,0
44020,ECG,6202,16057,0,0,0,0,0
44025,ECG,6203,16013,0,0,0,0,0
44025,ECG,6204,16034,0,0,0,0,0
44030,ECG,6205,16078,0,0,0,0,0
44030,ECG,6206,16023,0,0,0,0,0
44030,ECG,6207,15892,0,0,0,0,0
44035,ECG,6208,15683,0,0,0,0,0
44035,ECG,6209,15451,0,0,0,0,0
44040,ECG,6210,15159,0,0,0,0,0
44040,ECG,6211,15081,0,0,0,0,0
44045,ECG,6212,15060,0,0,0,0,0
44045,ECG,6213,15036,0,0,0,0,0
44050,ECG,6214,15054,0,0,0,0,0
44050,ECG,6215,14959,0,0,0,0,0
44055,ECG,6216,14734,0,0,0,0,0
44055,ECG,6217,14487,0,0,0,0,0
44055,ECG,6218,14263,0,0,0,0,0
44060,ECG,6219,14065,0,0,0,0,0
44060,ECG,6220,13953,0,0,0,0,0
44065,ECG,6221,13910,0,0,0,0,0
44065,ECG,6222,13936,0,0,0,0,0
44065,ECG,6223,14035,0,0,0,0,0
44070,ECG,6224,14065,0,0,0,0,0
44070,ECG,6225,14053,0,0,0,0,0
44075,ECG,6226,13972,0,0,0,0,0
44075,ECG,6227,13732,0,0,0,0,0
44075,ECG,6228,13547,0,0,0,0,0
44080,ECG,6229,13444,0,0,0,0,0
44080,ECG,6230,13347,0,0,0,0,0
44085,ECG,6231,13269,0,0,0,0,0
44085,ECG,6232,13275,0,0,0,0,0
44090,ECG,6233,13271,0,0,0,0,0
44090,ECG,6234,13205,0,0,0,0,0
44091,ECG,6235,13073,0,0,0,0,0
44095,ECG,6236,12896,0,0,0,0,0
44095,ECG,6237,12751,0,0,0,0,0
44100,ECG,6238,12631,0,0,0,0,0
44100,ECG,6239,12540,0,0,0,0,0
44105,ECG,6240,12447,0,0,0,0,0
44105,ECG,6241,12480,0,0,0,0,0
44110,ECG,6242,12485,0,0,0,0,0
44110,ECG,6243,12392,0,0,0,0,0
44110,ECG,6244,12235,0,0,0,0,0
44115,ECG,6245,12014,0,0,0,0,0
44115,ECG,6246,11810,0,0,0,0,0
44120,ECG,6247,11658,0,0,0,0,0
44120,ECG,6248,11561,0,0,0,0,0
44120,ECG,6249,11531,0,0,0,0,0
44125,ECG,6250,11543,0,0,0,0,0
44125,ECG,6251,11632,0,0,0,0,0
44130,ECG,6252,11726,0,0,0,0,0
44130,ECG,6253,11660,0,0,0,0,0
44130,ECG,6254,11526,0,0,0,0,0
44135,ECG,6255,11266,0,0,0,0,0
44135,ECG,6256,11016,0,0,0,0,0
44140,ECG,6257,10721,0,0,0,0,0
44140,ECG,6258,10684,0,0,0,0,0
44145,ECG,6259,10728,0,0,0,0,0
44145,ECG,6260,10841,0,0,0,0,0
44150,ECG,6261,10931,0,0,0,0,0
44150,ECG,6262,10895,0,0,0,0,0
44155,ECG,6263,10728,0,0,0,0,0
44155,ECG,6264,10555,0,0,0,0,0
44155,ECG,6265,10474,0,0,0,0,0
44160,ECG,6266,10400,0,0,0,0,0
44160,ECG,6267,10359,0,0,0,0,0
44165,ECG,6268,10345,0,0,0,0,0
44165,ECG,6269,10318,0,0,0,0,0
44165,ECG,6270,10327,0,0,0,0,0
44170,ECG,6271,10298,0,0,0,0,0
44170,ECG,6272,10216,0,0,0,0,0
44175,ECG,6273,10068,0,0,0,0,0
44175,ECG,6274,9954,0,0,0,0,0
44175,ECG,6275,9834,0,0,0,0,0
44180,ECG,6276,9730,0,0,0,0,0
44180,ECG,6277,9668,0,0,0,0,0
44185,ECG,6278,9624,0,0,0,0,0
44185,ECG,6279,9624,0,0,0,0,0
44185,ECG,6280,9642,0,0,0,0,0
44190,ECG,6281,9612,0,0,0,0,0
44190,ECG,6282,9581,0,0,0,0,0
44191,ECG,6283,9513,0,0,0,0,0
44195,ECG,6284,9381,0,0,0,0,0
44195,ECG,6285,9290,0,0,0,0,0
44200,ECG,6286,9232,0,0,0,0,0
44200,ECG,6287,9172,0,0,0,0,0
44205,ECG,6288,9132,0,0,0,0,0
44205,ECG,6289,9141,0,0,0,0,0
44210,ECG,6290,9083,0,0,0,0,0
44210,ECG,6291,8962,0,0,0,0,0
44210,ECG,6292,8752,0,0,0,0,0
44215,ECG,6293,8548,0,0,0,0,0
44215,ECG,6294,8370,0,0,0,0,0
44220,ECG,6295,8238,0,0,0,0,0
44220,ECG,6296,8197,0,0,0,0,0
44220,ECG,6297,8221,0,0,0,0,0
44225,ECG,6298,8304,0,0,0,0,0
44225,ECG,6299,8427,0,0,0,0,0
44230,ECG,6300,8495,0,0,0,0,0
44230,ECG,6301,8487,0,0,0,0,0
44230,ECG,6302,8407,0,0,0,0,0
44235,ECG,6303,8254,0,0,0,0,0
44235,ECG,6304,8140,0,0,0,0,0
44240,ECG,6305,8033,0,0,0,0,0
44240,ECG,6306,8003,0,0,0,0,0
44245,ECG,6307,7984,0,0,0,0,0
44245,ECG,6308,8076,0,0,0,0,0
44246,ECG,6309,8024,0,0,0,0,0
44250,ECG,6310,7931,0,0,0,0,0
44250,ECG,6311,7714,0,0,0,0,0
44255,ECG,6312,7472,0,0,0,0,0
44255,ECG,6313,7242,0,0,0,0,0
44255,ECG,6314,7083,0,0,0,0,0
44260,ECG,6315,7033,0,0,0,0,0
44260,ECG,6316,7072,0,0,0,0,0
44265,ECG,6317,7186,0,0,0,0,0
44265,ECG,6318,7410,0,0,0,0,0
44265,ECG,6319,7552,0,0,0,0,0
44270,ECG,6320,7505,0,0,0,0,0
44270,ECG,6321,7393,0,0,0,0,0
44275,ECG,6322,7081,0,0,0,0,0
44275,ECG,6323,6868,0,0,0,0,0
44275,ECG,6324,6745,0,0,0,0,0
44280,ECG,6325,6671,0,0,0,0,0
44280,ECG,6326,6704,0,0,0,0,0
44285,ECG,6327,6797,0,0,0,0,0
44285,ECG,6328,6919,0,0,0,0,0
44285,ECG,6329,7054,0,0,0,0,0
44290,ECG,6330,7062,0,0,0,0,0
44290,ECG,6331,7017,0,0,0,0,0
44291,ECG,6332,6808,0,0,0,0,0
44295,ECG,6333,6655,0,0,0,0,0
44295,ECG,6334,6536,0,0,0,0,0
44300,ECG,6335,6440,0,0,0,0,0
44300,ECG,6336,6415,0,0,0,0,0
44305,ECG,6337,6526,0,0,0,0,0
44305,ECG,6338,6631,0,0,0,0,0
44310,ECG,6339,6592,0,0,0,0,0
44310,ECG,6340,6525,0,0,0,0,0
44310,ECG,6341,6369,0,0,0,0,0
44315,ECG,6342,6162,0,0,0,0,0
44315,ECG,6343,6039,0,0,0,0,0
44320,ECG,6344,5982,0,0,0,0,0
44320,ECG,6345,5986,0,0,0,0,0
44320,ECG,6346,6024,0,0,0,0,0
44325,ECG,6347,6152,0,0,0,0,0
44325,ECG,6348,6284,0,0,0,0,0
44330,ECG,6349,6244,0,0,0,0,0
44330,ECG,6350,6143,0,0,0,0,0
44330,ECG,6351,5894,0,0,0,0,0
44335,ECG,6352,5661,0,0,0,0,0
44335,ECG,6353,5505,0,0,0,0,0
44340,ECG,6354,5419,0,0,0,0,0
44340,ECG,6355,5498,0,0,0,0,0
44345,ECG,6356,5649,0,0,0,0,0
44345,ECG,6357,5816,0,0,0,0,0
44350,ECG,6358,5842,0,0,0,0,0
44350,ECG,6359,5677,0,0,0,0,0
44355,ECG,6360,5470,0,0,0,0,0
44355,ECG,6361,5361,0,0,0,0,0
44355,ECG,6362,5275,0,0,0,0,0
44360,ECG,6363,5252,0,0,0,0,0
44360,ECG,6364,5284,0,0,0,0,0
44365,ECG,6365,5357,0,0,0,0,0
44365,ECG,6366,5455,0,0,0,0,0
44365,ECG,6367,5509,0,0,0,0,0
44370,ECG,6368,5494,0,0,0,0,0
44370,ECG,6369,5397,0,0,0,0,0
44375,ECG,6370,5254,0,0,0,0,0
44375,ECG,6371,5174,0,0,0,0,0
44375,ECG,6372,5114,0,0,0,0,0
44380,ECG,6373,5083,0,0,0,0,0
44380,ECG,6374,5086,0,0,0,0,0
44385,ECG,6375,5102,0,0,0,0,0
44385,ECG,6376,5150,0,0,0,0,0
44385,ECG,6377,5182,0,0,0,0,0
44390,ECG,6378,5154,0,0,0,0,0
44390,ECG,6379,5067,0,0,0,0,0
44391,ECG,6380,4953,0,0,0,0,0
44395,ECG,6381,4873,0,0,0,0,0
44395,ECG,6382,4807,0,0,0,0,0
44400,ECG,6383,4770,0,0,0,0,0
44400,ECG,6384,4763,0,0,0,0,0
44405,ECG,6385,4832,0,0,0,0,0
44405,ECG,6386,4868,0,0,0,0,0
44410,ECG,6387,4830,0,0,0,0,0
44410,ECG,6388,4749,0,0,0,0,0
44410,ECG,6389,4617,0,0,0,0,0
44415,ECG,6390,4509,0,0,0,0,0
44415,ECG,6391,4434,0,0,0,0,0
44420,ECG,6392,4391,0,0,0,0,0
44420,ECG,6393,4404,0,0,0,0,0
44420,ECG,6394,4410,0,0,0,0,0
44425,ECG,6395,4517,0,0,0,0,0
44425,ECG,6396,4587,0,0,0,0,0
44430,ECG,6397,4558,0,0,0,0,0
44430,ECG,6398,4410,0,0,0,0,0
44430,ECG,6399,4189,0,0,0,0,0
44435,ECG,6400,3961,0,0,0,0,0
44435,ECG,6401,3797,0,0,0,0,0
44440,ECG,6402,3751,0,0,0,0,0
44440,ECG,6403,3851,0,0,0,0,0
44445,ECG,6404,4066,0,0,0,0,0
44445,ECG,6405,4249,0,0,0,0,0
44450,ECG,6406,4270,0,0,0,0,0
44450,ECG,6407,4043,0,0,0,0,0
44455,ECG,6408,3821,0,0,0,0,0
44455,ECG,6409,3729,0,0,0,0,0
44455,ECG,6410,3663,0,0,0,0,0
44460,ECG,6411,3681,0,0,0,0,0
44460,ECG,6412,3748,0,0,0,0,0
44465,ECG,6413,3874,0,0,0,0,0
44465,ECG,6414,4028,0,0,0,0,0
44465,ECG,6415,4046,0,0,0,0,0
44470,ECG,6416,4012,0,0,0,0,0
44470,ECG,6417,3825,0,0,0,0,0
44475,ECG,6418,3648,0,0,0,0,0
44475,ECG,6419,3543,0,0,0,0,0
44475,ECG,6420,3471,0,0,0,0,0
44480,ECG,6421,3475,0,0,0,0,0
44480,ECG,6422,3519,0,0,0,0,0
44485,ECG,6423,3630,0,0,0,0,0
44485,ECG,6424,3792,0,0,0,0,0
44485,ECG,6425,3809,0,0,0,0,0
44490,ECG,6426,3771,0,0,0,0,0
44490,ECG,6427,3570,0,0,0,0,0
44495,ECG,6428,3196,0,0,0,0,0
44495,ECG,6429,3099,0,0,0,0,0
44500,ECG,6430,3091,0,0,0,0,0
44500,ECG,6431,3161,0,0,0,0,0
44505,ECG,6432,3462,0,0,0,0,0
44505,ECG,6433,3582,0,0,0,0,0
44510,ECG,6434,3568,0,0,0,0,0
44510,ECG,6435,3485,0,0,0,0,0
44510,ECG,6436,3301,0,0,0,0,0
44515,ECG,6437,3200,0,0,0,0,0
44515,ECG,6438,3133,0,0,0,0,0
44520,ECG,6439,3109,0,0,0,0,0
44520,ECG,6440,3137,0,0,0,0,0
44520,ECG,6441,3183,0,0,0,0,0
44525,ECG,6442,3303,0,0,0,0,0
44525,ECG,6443,3378,0,0,0,0,0
44530,ECG,6444,3356,0,0,0,0,0
44530,ECG,6445,3245,0,0,0,0,0
44530,ECG,6446,3072,0,0,0,0,0
44535,ECG,6447,2936,0,0,0,0,0
44535,ECG,6448,2843,0,0,0,0,0
44540,ECG,6449,2835,0,0,0,0,0
44540,ECG,6450,2899,0,0,0,0,0
44545,ECG,6451,3061,0,0,0,0,0
44545,ECG,6452,3176,0,0,0,0,0
44546,ECG,6453,3160,0,0,0,0,0
44550,ECG,6454,3067,0,0,0,0,0
44550,ECG,6455,2861,0,0,0,0,0
44555,ECG,6456,2695,0,0,0,0,0
44555,ECG,6457,2605,0,0,0,0,0
44555,ECG,6458,2561,0,0,0,0,0
44560,ECG,6459,2606,0,0,0,0,0
44560,ECG,6460,2679,0,0,0,0,0
44565,ECG,6461,2832,0,0,0,0,0
44565,ECG,6462,2998,0,0,0,0,0
44565,ECG,6463,2978,0,0,0,0,0
44570,ECG,6464,2908,0,0,0,0,0
44570,ECG,6465,2682,0,0,0,0,0
44575,ECG,6466,2484,0,0,0,0,0
44575,ECG,6467,2354,0,0,0,0,0
44575,ECG,6468,2284,0,0,0,0,0
44580,ECG,6469,2310,0,0,0,0,0
44580,ECG,6470,2398,0,0,0,0,0
44585,ECG,6471,2731,0,0,0,0,0
44585,ECG,6472,2811,0,0,0,0,0
44590,ECG,6473,2793,0,0,0,0,0
44590,ECG,6474,2657,0,0,0,0,0
44591,ECG,6475,2491,0,0,0,0,0
44595,ECG,6476,2426,0,0,0,0,0
44595,ECG,6477,2373,0,0,0,0,0
44600,ECG,6478,2386,0,0,0,0,0
44600,ECG,6479,2412,0,0,0,0,0
44605,ECG,6480,2662,0,0,0,0,0
44605,ECG,6481,2645,0,0,0,0,0
44610,ECG,6482,2552,0,0,0,0,0
44610,ECG,6483,2326,0,0,0,0,0
44610,ECG,6484,2065,0,0,0,0,0
44615,ECG,6485,1872,0,0,0,0,0
44615,ECG,6486,1770,0,0,0,0,0
44620,ECG,6487,1783,0,0,0,0,0
44620,ECG,6488,1902,0,0,0,0,0
44620,ECG,6489,2109,0,0,0,0,0
44625,ECG,6490,2319,0,0,0,0,0
44625,ECG,6491,2476,0,0,0,0,0
44630,ECG,6492,2489,0,0,0,0,0
44630,ECG,6493,2455,0,0,0,0,0
44630,ECG,6494,2271,0,0,0,0,0
44635,ECG,6495,2223,0,0,0,0,0
44635,ECG,6496,2186,0,0,0,0,0
44640,ECG,6497,2194,0,0,0,0,0
44640,ECG,6498,2232,0,0,0,0,0
44645,ECG,6499,2300,0,0,0,0,0
44645,ECG,6500,2339,0,0,0,0,0
44650,ECG,6501,2257,0,0,0,0,0
44650,ECG,6502,2162,0,0,0,0,0
44655,ECG,6503,2107,0,0,0,0,0
44655,ECG,6504,2065,0,0,0,0,0
44655,ECG,6505,2049,0,0,0,0,0
44660,ECG,6506,2068,0,0,0,0,0
44660,ECG,6507,2083,0,0,0,0,0
44665,ECG,6508,2159,0,0,0,0,0
44665,ECG,6509,2214,0,0,0,0,0
44665,ECG,6510,2199,0,0,0,0,0
44670,ECG,6511,2089,0,0,0,0,0
44670,ECG,6512,1958,0,0,0,0,0
44675,ECG,6513,1837,0,0,0,0,0
44675,ECG,6514,1744,0,0,0,0,0
44675,ECG,6515,1713,0,0,0,0,0
44680,ECG,6516,1733,0,0,0,0,0
44680,ECG,6517,1793,0,0,0,0,0
44685,ECG,6518,2060,0,0,0,0,0
44685,ECG,6519,2050,0,0,0,0,0
44690,ECG,6520,1997,0,0,0,0,0
44690,ECG,6521,1816,0,0,0,0,0
44691,ECG,6522,1658,0,0,0,0,0
44695,ECG,6523,1593,0,0,0,0,0
44695,ECG,6524,1565,0,0,0,0,0
44700,ECG,6525,1602,0,0,0,0,0
44700,ECG,6526,1690,0,0,0,0,0
44705,ECG,6527,1913,0,0,0,0,0
44705,ECG,6528,1956,0,0,0,0,0
44710,ECG,6529,1940,0,0,0,0,0
44710,ECG,6530,1803,0,0,0,0,0
44710,ECG,6531,1725,0,0,0,0,0
44715,ECG,6532,1691,0,0,0,0,0
44715,ECG,6533,1658,0,0,0,0,0
44720,ECG,6534,1669,0,0,0,0,0
44720,ECG,6535,1703,0,0,0,0,0
44720,ECG,6536,1742,0,0,0,0,0
44725,ECG,6537,1794,0,0,0,0,0
44725,ECG,6538,1838,0,0,0,0,0
44730,ECG,6539,1816,0,0,0,0,0
44730,ECG,6540,1742,0,0,0,0,0
44730,ECG,6541,1687,0,0,0,0,0
44735,ECG,6542,1651,0,0,0,0,0
44735,ECG,6543,1614,0,0,0,0,0
44740,ECG,6544,1611,0,0,0,0,0
44740,ECG,6545,1627,0,0,0,0,0
44745,ECG,6546,1707,0,0,0,0,0
44745,ECG,6547,1727,0,0,0,0,0
44750,ECG,6548,1594,0,0,0,0,0
44750,ECG,6549,1481,0,0,0,0,0
44755,ECG,6550,1387,0,0,0,0,0
44755,ECG,6551,1332,0,0,0,0,0
44755,ECG,6552,1323,0,0,0,0,0
44760,ECG,6553,1357,0,0,0,0,0
44760,ECG,6554,1418,0,0,0,0,0
44765,ECG,6555,1546,0,0,0,0,0
44765,ECG,6556,1628,0,0,0,0,0
44765,ECG,6557,1617,0,0,0,0,0
44770,ECG,6558,1512,0,0,0,0,0
44770,ECG,6559,1338,0,0,0,0,0
44775,ECG,6560,1205,0,0,0,0,0
44775,ECG,6561,1115,0,0,0,0,0
44775,ECG,6562,1084,0,0,0,0,0
44780,ECG,6563,1123,0,0,0,0,0
44780,ECG,6564,1212,0,0,0,0,0
44785,ECG,6565,1362,0,0,0,0,0
44785,ECG,6566,1479,0,0,0,0,0
44785,ECG,6567,1529,0,0,0,0,0
44790,ECG,6568,1504,0,0,0,0,0
44790,ECG,6569,1362,0,0,0,0,0
44791,ECG,6570,1258,0,0,0,0,0
44795,ECG,6571,1211,0,0,0,0,0
44795,ECG,6572,1188,0,0,0,0,0
44800,ECG,6573,1213,0,0,0,0,0
44800,ECG,6574,1239,0,0,0,0,0
44805,ECG,6575,1449,0,0,0,0,0
44805,ECG,6576,1439,0,0,0,0,0
44810,ECG,6577,1310,0,0,0,0,0
44810,ECG,6578,1128,0,0,0,0,0
44810,ECG,6579,940,0,0,0,0,0
44815,ECG,6580,821,0,0,0,0,0
44815,ECG,6581,782,0,0,0,0,0
44820,ECG,6582,831,0,0,0,0,0
44820,ECG,6583,939,0,0,0,0,0
44820,ECG,6584,1148,0,0,0,0,0
44825,ECG,6585,1336,0,0,0,0,0
44825,ECG,6586,1366,0,0,0,0,0
44830,ECG,6587,1342,0,0,0,0,0
44830,ECG,6588,1121,0,0,0,0,0
44830,ECG,6589,933,0,0,0,0,0
45837,ECG,6590,0,0,0,0,0,0
45837,ECG,6591,-1,0,0,0,0,0
45837,ECG,6592,-6,0,0,0,0,0
45842,ECG,6593,2,0,0,0,0,0
45842,ECG,6594,6,0,0,0,0,0
45847,ECG,6595,38,0,0,0,0,0
45847,ECG,6596,-16,0,0,0,0,0
45852,ECG,6597,-25,0,0,0,0,0
45852,ECG,6598,150,0,0,0,0,0
45853,ECG,6599,-754,0,0,0,0,0
45857,ECG,6600,-2104,0,0,0,0,0
45857,ECG,6601,-1860,0,0,0,0,0
45862,ECG,6602,-20,0,0,0,0,0
45862,ECG,6603,3461,0,0,0,0,0
45862,ECG,6604,8752,0,0,0,0,0
45867,ECG,6605,15099,0,0,0,0,0
45867,ECG,6606,21566,0,0,0,0,0
45872,ECG,6607,27187,0,0,0,0,0
45872,ECG,6608,31034,0,0,0,0,0
45872,ECG,6609,32014,0,0,0,0,0
45877,ECG,6610,31813,0,0,0,0,0
45877,ECG,6611,31613,0,0,0,0,0
45882,ECG,6612,31213,0,0,0,0,0
45882,ECG,6613,31048,0,0,0,0,0
45882,ECG,6614,31023,0,0,0,0,0
45887,ECG,6615,30803,0,0,0,0,0
45887,ECG,6616,30618,0,0,0,0,0
45892,ECG,6617,30389,0,0,0,0,0
45892,ECG,6618,30202,0,0,0,0,0
45892,ECG,6619,30022,0,0,0,0,0
45897,ECG,6620,29829,0,0,0,0,0
45897,ECG,6621,29642,0,0,0,0,0
45902,ECG,6622,29270,0,0,0,0,0
45902,ECG,6623,29086,0,0,0,0,0
45907,ECG,6624,28903,0,0,0,0,0
45907,ECG,6625,28721,0,0,0,0,0
45912,ECG,6626,28362,0,0,0,0,0
45912,ECG,6627,28182,0,0,0,0,0
45917,ECG,6628,28007,0,0,0,0,0
45917,ECG,6629,27830,0,0,0,0,0
45917,ECG,6630,27652,0,0,0,0,0
45922,ECG,6631,27496,0,0,0,0,0
45922,ECG,6632,27325,0,0,0,0,0
45927,ECG,6633,27130,0,0,0,0,0
45927,ECG,6634,26940,0,0,0,0,0
45927,ECG,6635,26748,0,0,0,0,0
45932,ECG,6636,26556,0,0,0,0,0
45932,ECG,6637,26372,0,0,0,0,0
45937,ECG,6638,26212,0,0,0,0,0
45937,ECG,6639,26056,0,0,0,0,0
45937,ECG,6640,25909,0,0,0,0,0
45942,ECG,6641,25825,0,0,0,0,0
45942,ECG,6642,25686,0,0,0,0,0
45947,ECG,6643,25252,0,0,0,0,0
45947,ECG,6644,25001,0,0,0,0,0
45952,ECG,6645,24763,0,0,0,0,0
45952,ECG,6646,24562,0,0,0,0,0
45957,ECG,6647,24295,0,0,0,0,0
45957,ECG,6648,24210,0,0,0,0,0
45962,ECG,6649,24173,0,0,0,0,0
45962,ECG,6650,24117,0,0,0,0,0
45962,ECG,6651,23976,0,0,0,0,0
45967,ECG,6652,23768,0,0,0,0,0
45967,ECG,6653,23497,0,0,0,0,0
45972,ECG,6654,23271,0,0,0,0,0
45972,ECG,6655,23075,0,0,0,0,0
45972,ECG,6656,22912,0,0,0,0,0
45977,ECG,6657,22802,0,0,0,0,0
45977,ECG,6658,22711,0,0,0,0,0
45982,ECG,6659,22680,0,0,0,0,0
45982,ECG,6660,22642,0,0,0,0,0
45982,ECG,6661,22520,0,0,0,0,0
45987,ECG,6662,22333,0,0,0,0,0
45987,ECG,6663,22071,0,0,0,0,0
45992,ECG,6664,21638,0,0,0,0,0
45992,ECG,6665,21476,0,0,0,0,0
45997,ECG,6666,21366,0,0,0,0,0
45997,ECG,6667,21297,0,0,0,0,0
45998,ECG,6668,21256,0,0,0,0,0
46002,ECG,6669,21207,0,0,0,0,0
46002,ECG,6670,21142,0,0,0,0,0
46007,ECG,6671,21021,0,0,0,0,0
46007,ECG,6672,20825,0,0,0,0,0
46012,ECG,6673,20502,0,0,0,0,0
46012,ECG,6674,20358,0,0,0,0,0
46017,ECG,6675,20238,0,0,0,0,0
46017,ECG,6676,20127,0,0,0,0,0
46017,ECG,6677,20032,0,0,0,0,0
46022,ECG,6678,19945,0,0,0,0,0
46022,ECG,6679,19835,0,0,0,0,0
46027,ECG,6680,19705,0,0,0,0,0
46027,ECG,6681,19548,0,0,0,0,0
46027,ECG,6682,19388,0,0,0,0,0
46032,ECG,6683,19249,0,0,0,0,0
46032,ECG,6684,19118,0,0,0,0,0
46037,ECG,6685,19001,0,0,0,0,0
46037,ECG,6686,18899,0,0,0,0,0
46037,ECG,6687,18806,0,0,0,0,0
46042,ECG,6688,18708,0,0,0,0,0
46042,ECG,6689,18611,0,0,0,0,0
46047,ECG,6690,18385,0,0,0,0,0
46047,ECG,6691,18257,0,0,0,0,0
46052,ECG,6692,18148,0,0,0,0,0
46052,ECG,6693,18030,0,0,0,0,0
46053,ECG,6694,17919,0,0,0,0,0
46057,ECG,6695,17807,0,0,0,0,0
46057,ECG,6696,17687,0,0,0,0,0
46062,ECG,6697,17606,0,0,0,0,0
46062,ECG,6698,17506,0,0,0,0,0
46067,ECG,6699,17206,0,0,0,0,0
46067,ECG,6700,17059,0,0,0,0,0
46072,ECG,6701,16904,0,0,0,0,0
46072,ECG,6702,16768,0,0,0,0,0
46072,ECG,6703,16667,0,0,0,0,0
46077,ECG,6704,16573,0,0,0,0,0
46077,ECG,6705,16513,0,0,0,0,0
46082,ECG,6706,16510,0,0,0,0,0
46082,ECG,6707,16435,0,0,0,0,0
46082,ECG,6708,16299,0,0,0,0,0
46087,ECG,6709,16142,0,0,0,0,0
46087,ECG,6710,15931,0,0,0,0,0
46092,ECG,6711,15752,0,0,0,0,0
46092,ECG,6712,15621,0,0,0,0,0
46092,ECG,6713,15521,0,0,0,0,0
46097,ECG,6714,15468,0,0,0,0,0
46097,ECG,6715,15453,0,0,0,0,0
46102,ECG,6716,15392,0,0,0,0,0
46102,ECG,6717,15356,0,0,0,0,0
46107,ECG,6718,15260,0,0,0,0,0
46107,ECG,6719,15112,0,0,0,0,0
46112,ECG,6720,14933,0,0,0,0,0
46112,ECG,6721,14832,0,0,0,0,0
46117,ECG,6722,14743,0,0,0,0,0
46117,ECG,6723,14649,0,0,0,0,0
46117,ECG,6724,14556,0,0,0,0,0
46122,ECG,6725,14465,0,0,0,0,0
46122,ECG,6726,14373,0,0,0,0,0
46127,ECG,6727,14282,0,0,0,0,0
46127,ECG,6728,14192,0,0,0,0,0
46127,ECG,6729,14103,0,0,0,0,0
46132,ECG,6730,14014,0,0,0,0,0
46132,ECG,6731,13925,0,0,0,0,0
46137,ECG,6732,13838,0,0,0,0,0
46137,ECG,6733,13750,0,0,0,0,0
46137,ECG,6734,13664,0,0,0,0,0
46142,ECG,6735,13577,0,0,0,0,0
46142,ECG,6736,13492,0,0,0,0,0
46147,ECG,6737,13321,0,0,0,0,0
46147,ECG,6738,13238,0,0,0,0,0
46152,ECG,6739,13155,0,0,0,0,0
46152,ECG,6740,13069,0,0,0,0,0
46157,ECG,6741,12903,0,0,0,0,0
46157,ECG,6742,12825,0,0,0,0,0
46162,ECG,6743,12788,0,0,0,0,0
46162,ECG,6744,12695,0,0,0,0,0
46162,ECG,6745,12556,0,0,0,0,0
46167,ECG,6746,12434,0,0,0,0,0
46167,ECG,6747,12297,0,0,0,0,0
46172,ECG,6748,12164,0,0,0,0,0
46172,ECG,6749,12062,0,0,0,0,0
46172,ECG,6750,11993,0,0,0,0,0
46177,ECG,6751,11950,0,0,0,0,0
46177,ECG,6752,11937,0,0,0,0,0
46182,ECG,6753,11925,0,0,0,0,0
46182,ECG,6754,11895,0,0,0,0,0
46182,ECG,6755,11855,0,0,0,0,0
46187,ECG,6756,11750,0,0,0,0,0
46187,ECG,6757,11623,0,0,0,0,0
46192,ECG,6758,11542,0,0,0,0,0
46192,ECG,6759,11463,0,0,0,0,0
46192,ECG,6760,11389,0,0,0,0,0
46197,ECG,6761,11330,0,0,0,0,0
46197,ECG,6762,11275,0,0,0,0,0
46202,ECG,6763,11162,0,0,0,0,0
46202,ECG,6764,11107,0,0,0,0,0
46207,ECG,6765,11031,0,0,0,0,0
46207,ECG,6766,10951,0,0,0,0,0
46212,ECG,6767,10816,0,0,0,0,0
46212,ECG,6768,10746,0,0,0,0,0
46217,ECG,6769,10679,0,0,0,0,0
46217,ECG,6770,10611,0,0,0,0,0
46217,ECG,6771,10544,0,0,0,0,0
46222,ECG,6772,10478,0,0,0,0,0
46222,ECG,6773,10411,0,0,0,0,0
46227,ECG,6774,10346,0,0,0,0,0
46227,ECG,6775,10280,0,0,0,0,0
46227,ECG,6776,10215,0,0,0,0,0
46232,ECG,6777,10150,0,0,0,0,0
46232,ECG,6778,10086,0,0,0,0,0
46237,ECG,6779,10024,0,0,0,0,0
46237,ECG,6780,9957,0,0,0,0,0
46237,ECG,6781,9901,0,0,0,0,0
46242,ECG,6782,9850,0,0,0,0,0
46242,ECG,6783,9775,0,0,0,0,0
46247,ECG,6784,9620,0,0,0,0,0
46247,ECG,6785,9539,0,0,0,0,0
46252,ECG,6786,9464,0,0,0,0,0
46252,ECG,6787,9399,0,0,0,0,0
46257,ECG,6788,9301,0,0,0,0,0
46257,ECG,6789,9261,0,0,0,0,0
46262,ECG,6790,9217,0,0,0,0,0
46262,ECG,6791,9176,0,0,0,0,0
46262,ECG,6792,9130,0,0,0,0,0
46267,ECG,6793,9060,0,0,0,0,0
46267,ECG,6794,8996,0,0,0,0,0
46272,ECG,6795,8943,0,0,0,0,0
46272,ECG,6796,8885,0,0,0,0,0
46272,ECG,6797,8830,0,0,0,0,0
46277,ECG,6798,8770,0,0,0,0,0
46277,ECG,6799,8721,0,0,0,0,0
46282,ECG,6800,8675,0,0,0,0,0
46282,ECG,6801,8609,0,0,0,0,0
46282,ECG,6802,8541,0,0,0,0,0
46287,ECG,6803,8475,0,0,0,0,0
46287,ECG,6804,8405,0,0,0,0,0
46292,ECG,6805,8340,0,0,0,0,0
46292,ECG,6806,8284,0,0,0,0,0
46292,ECG,6807,8236,0,0,0,0,0
46297,ECG,6808,8196,0,0,0,0,0
46297,ECG,6809,8160,0,0,0,0,0
46298,ECG,6810,8120,0,0,0,0,0
46302,ECG,6811,8083,0,0,0,0,0
46302,ECG,6812,8040,0,0,0,0,0
46307,ECG,6813,7980,0,0,0,0,0
46307,ECG,6814,7922,0,0,0,0,0
46312,ECG,6815,7840,0,0,0,0,0
46312,ECG,6816,7782,0,0,0,0,0
46317,ECG,6817,7716,0,0,0,0,0
46317,ECG,6818,7654,0,0,0,0,0
46317,ECG,6819,7588,0,0,0,0,0
46322,ECG,6820,7525,0,0,0,0,0
46322,ECG,6821,7472,0,0,0,0,0
46327,ECG,6822,7428,0,0,0,0,0
46327,ECG,6823,7393,0,0,0,0,0
46327,ECG,6824,7365,0,0,0,0,0
46332,ECG,6825,7331,0,0,0,0,0
46332,ECG,6826,7300,0,0,0,0,0
46337,ECG,6827,7267,0,0,0,0,0
46337,ECG,6828,7209,0,0,0,0,0
46337,ECG,6829,7161,0,0,0,0,0
46342,ECG,6830,7127,0,0,0,0,0
46342,ECG,6831,7074,0,0,0,0,0
46347,ECG,6832,6950,0,0,0,0,0
46347,ECG,6833,6922,0,0,0,0,0
46352,ECG,6834,6886,0,0,0,0,0
46352,ECG,6835,6789,0,0,0,0,0
46353,ECG,6836,6702,0,0,0,0,0
46357,ECG,6837,6623,0,0,0,0,0
46357,ECG,6838,6538,0,0,0,0,0
46362,ECG,6839,6472,0,0,0,0,0
46362,ECG,6840,6439,0,0,0,0,0
46367,ECG,6841,6431,0,0,0,0,0
46367,ECG,6842,6442,0,0,0,0,0
46372,ECG,6843,6445,0,0,0,0,0
46372,ECG,6844,6460,0,0,0,0,0
46372,ECG,6845,6434,0,0,0,0,0
46377,ECG,6846,6351,0,0,0,0,0
46377,ECG,6847,6305,0,0,0,0,0
46382,ECG,6848,6273,0,0,0,0,0
46382,ECG,6849,6228,0,0,0,0,0
46382,ECG,6850,6190,0,0,0,0,0
46387,ECG,6851,6151,0,0,0,0,0
46387,ECG,6852,6111,0,0,0,0,0
46392,ECG,6853,6072,0,0,0,0,0
46392,ECG,6854,6033,0,0,0,0,0
46392,ECG,6855,5995,0,0,0,0,0
46397,ECG,6856,5957,0,0,0,0,0
46397,ECG,6857,5919,0,0,0,0,0
46402,ECG,6858,5843,0,0,0,0,0
46402,ECG,6859,5806,0,0,0,0,0
46407,ECG,6860,5769,0,0,0,0,0
46407,ECG,6861,5733,0,0,0,0,0
46412,ECG,6862,5659,0,0,0,0,0
46412,ECG,6863,5626,0,0,0,0,0
46417,ECG,6864,5583,0,0,0,0,0
46417,ECG,6865,5560,0,0,0,0,0
46417,ECG,6866,5546,0,0,0,0,0
46422,ECG,6867,5488,0,0,0,0,0
46422,ECG,6868,5422,0,0,0,0,0
46427,ECG,6869,5361,0,0,0,0,0
46427,ECG,6870,5291,0,0,0,0,0
46427,ECG,6871,5230,0,0,0,0,0
46432,ECG,6872,5189,0,0,0,0,0
46432,ECG,6873,5164,0,0,0,0,0
46437,ECG,6874,5158,0,0,0,0,0
46437,ECG,6875,5162,0,0,0,0,0
46437,ECG,6876,5154,0,0,0,0,0
46442,ECG,6877,5154,0,0,0,0,0
46442,ECG,6878,5142,0,0,0,0,0
46447,ECG,6879,5042,0,0,0,0,0
46447,ECG,6880,5018,0,0,0,0,0
46452,ECG,6881,4982,0,0,0,0,0
46452,ECG,6882,4951,0,0,0,0,0
46453,ECG,6883,4920,0,0,0,0,0
46457,ECG,6884,4888,0,0,0,0,0
46457,ECG,6885,4857,0,0,0,0,0
46462,ECG,6886,4826,0,0,0,0,0
46462,ECG,6887,4795,0,0,0,0,0
46467,ECG,6888,4734,0,0,0,0,0
46467,ECG,6889,4703,0,0,0,0,0
46472,ECG,6890,4673,0,0,0,0,0
46472,ECG,6891,4643,0,0,0,0,0
46472,ECG,6892,4614,0,0,0,0,0
46477,ECG,6893,4584,0,0,0,0,0
46477,ECG,6894,4555,0,0,0,0,0
46482,ECG,6895,4526,0,0,0,0,0
46482,ECG,6896,4497,0,0,0,0,0
46482,ECG,6897,4468,0,0,0,0,0
46487,ECG,6898,4439,0,0,0,0,0
46487,ECG,6899,4411,0,0,0,0,0
46492,ECG,6900,4382,0,0,0,0,0
46492,ECG,6901,4356,0,0,0,0,0
46492,ECG,6902,4327,0,0,0,0,0
46497,ECG,6903,4294,0,0,0,0,0
46497,ECG,6904,4286,0,0,0,0,0
46502,ECG,6905,4214,0,0,0,0,0
46502,ECG,6906,4160,0,0,0,0,0
46507,ECG,6907,4106,0,0,0,0,0
46507,ECG,6908,4046,0,0,0,0,0
46512,ECG,6909,3971,0,0,0,0,0
46512,ECG,6910,3959,0,0,0,0,0
46517,ECG,6911,3955,0,0,0,0,0
46517,ECG,6912,3989,0,0,0,0,0
46517,ECG,6913,4011,0,0,0,0,0
46522,ECG,6914,3974,0,0,0,0,0
46522,ECG,6915,3910,0,0,0,0,0
46527,ECG,6916,3818,0,0,0,0,0
46527,ECG,6917,3735,0,0,0,0,0
46527,ECG,6918,3679,0,0,0,0,0
46532,ECG,6919,3644,0,0,0,0,0
46532,ECG,6920,3640,0,0,0,0,0
46537,ECG,6921,3664,0,0,0,0,0
46537,ECG,6922,3695,0,0,0,0,0
46537,ECG,6923,3710,0,0,0,0,0
46542,ECG,6924,3738,0,0,0,0,0
46542,ECG,6925,3735,0,0,0,0,0
46547,ECG,6926,3640,0,0,0,0,0
46547,ECG,6927,3625,0,0,0,0,0
46552,ECG,6928,3596,0,0,0,0,0
46552,ECG,6929,3575,0,0,0,0,0
46553,ECG,6930,3550,0,0,0,0,0
46557,ECG,6931,3532,0,0,0,0,0
46557,ECG,6932,3518,0,0,0,0,0
46562,ECG,6933,3485,0,0,0,0,0
46562,ECG,6934,3450,0,0,0,0,0
46567,ECG,6935,3381,0,0,0,0,0
46567,ECG,6936,3350,0,0,0,0,0
46572,ECG,6937,3326,0,0,0,0,0
46572,ECG,6938,3310,0,0,0,0,0
46572,ECG,6939,3296,0,0,0,0,0
46577,ECG,6940,3293,0,0,0,0,0
46577,ECG,6941,3298,0,0,0,0,0
46582,ECG,6942,3281,0,0,0,0,0
46582,ECG,6943,3244,0,0,0,0,0
46582,ECG,6944,3197,0,0,0,0,0
46587,ECG,6945,3150,0,0,0,0,0
46587,ECG,6946,3111,0,0,0,0,0
46592,ECG,6947,3082,0,0,0,0,0
46592,ECG,6948,3065,0,0,0,0,0
46592,ECG,6949,3061,0,0,0,0,0
46597,ECG,6950,3066,0,0,0,0,0
46597,ECG,6951,3065,0,0,0,0,0
46602,ECG,6952,3066,0,0,0,0,0
46602,ECG,6953,3031,0,0,0,0,0
46607,ECG,6954,3004,0,0,0,0,0
46607,ECG,6955,3008,0,0,0,0,0
46608,ECG,6956,2979,0,0,0,0,0
46612,ECG,6957,2932,0,0,0,0,0
46612,ECG,6958,2895,0,0,0,0,0
46617,ECG,6959,2848,0,0,0,0,0
46617,ECG,6960,2806,0,0,0,0,0
46617,ECG,6961,2778,0,0,0,0,0
46622,ECG,6962,2764,0,0,0,0,0
46622,ECG,6963,2763,0,0,0,0,0
46627,ECG,6964,2774,0,0,0,0,0
46627,ECG,6965,2777,0,0,0,0,0
46627,ECG,6966,2782,0,0,0,0,0
46632,ECG,6967,2787,0,0,0,0,0
46632,ECG,6968,2757,0,0,0,0,0
46637,ECG,6969,2725,0,0,0,0,0
46637,ECG,6970,2712,0,0,0,0,0
46637,ECG,6971,2694,0,0,0,0,0
46642,ECG,6972,2675,0,0,0,0,0
46642,ECG,6973,2659,0,0,0,0,0
46647,ECG,6974,2641,0,0,0,0,0
46647,ECG,6975,2624,0,0,0,0,0
46647,ECG,6976,2607,0,0,0,0,0
46652,ECG,6977,2590,0,0,0,0,0
46652,ECG,6978,2575,0,0,0,0,0
46657,ECG,6979,2545,0,0,0,0,0
46657,ECG,6980,2540,0,0,0,0,0
46662,ECG,6981,2511,0,0,0,0,0
46662,ECG,6982,2477,0,0,0,0,0
46667,ECG,6983,2411,0,0,0,0,0
46667,ECG,6984,2379,0,0,0,0,0
46672,ECG,6985,2360,0,0,0,0,0
46672,ECG,6986,2349,0,0,0,0,0
46672,ECG,6987,2349,0,0,0,0,0
46677,ECG,6988,2354,0,0,0,0,0
46677,ECG,6989,2353,0,0,0,0,0
46682,ECG,6990,2355,0,0,0,0,0
46682,ECG,6991,2352,0,0,0,0,0
46682,ECG,6992,2324,0,0,0,0,0
46687,ECG,6993,2302,0,0,0,0,0
46687,ECG,6994,2291,0,0,0,0,0
46692,ECG,6995,2275,0,0,0,0,0
46692,ECG,6996,2260,0,0,0,0,0
46692,ECG,6997,2246,0,0,0,0,0
46697,ECG,6998,2230,0,0,0,0,0
46697,ECG,6999,2216,0,0,0,0,0
46702,ECG,7000,2187,0,0,0,0,0
46702,ECG,7001,2173,0,0,0,0,0
46707,ECG,7002,2159,0,0,0,0,0
46707,ECG,7003,2144,0,0,0,0,0
46708,ECG,7004,2130,0,0,0,0,0
46712,ECG,7005,2116,0,0,0,0,0
46712,ECG,7006,2102,0,0,0,0,0
46717,ECG,7007,2089,0,0,0,0,0
46717,ECG,7008,2075,0,0,0,0,0
46722,ECG,7009,2048,0,0,0,0,0
46722,ECG,7010,2034,0,0,0,0,0
46727,ECG,7011,2022,0,0,0,0,0
46727,ECG,7012,2008,0,0,0,0,0
46727,ECG,7013,1993,0,0,0,0,0
46732,ECG,7014,1985,0,0,0,0,0
46732,ECG,7015,1963,0,0,0,0,0
46737,ECG,7016,1959,0,0,0,0,0
46737,ECG,7017,1983,0,0,0,0,0
46737,ECG,7018,1951,0,0,0,0,0
46742,ECG,7019,1888,0,0,0,0,0
46742,ECG,7020,1837,0,0,0,0,0
46747,ECG,7021,1773,0,0,0,0,0
46747,ECG,7022,1715,0,0,0,0,0
46747,ECG,7023,1687,0,0,0,0,0
46752,ECG,7024,1683,0,0,0,0,0
46752,ECG,7025,1707,0,0,0,0,0
46757,ECG,7026,1780,0,0,0,0,0
46757,ECG,7027,1813,0,0,0,0,0
46762,ECG,7028,1842,0,0,0,0,0
46762,ECG,7029,1806,0,0,0,0,0
46767,ECG,7030,1767,0,0,0,0,0
46767,ECG,7031,1751,0,0,0,0,0
46772,ECG,7032,1742,0,0,0,0,0
46772,ECG,7033,1730,0,0,0,0,0
46772,ECG,7034,1712,0,0,0,0,0
46777,ECG,7035,1738,0,0,0,0,0
46777,ECG,7036,1734,0,0,0,0,0
46782,ECG,7037,1671,0,0,0,0,0
46782,ECG,7038,1618,0,0,0,0,0
46782,ECG,7039,1559,0,0,0,0,0
46787,ECG,7040,1495,0,0,0,0,0
46787,ECG,7041,1456,0,0,0,0,0
46792,ECG,7042,1445,0,0,0,0,0
46792,ECG,7043,1459,0,0,0,0,0
46792,ECG,7044,1503,0,0,0,0,0
46797,ECG,7045,1543,0,0,0,0,0
46797,ECG,7046,1573,0,0,0,0,0
46802,ECG,7047,1616,0,0,0,0,0
46802,ECG,7048,1606,0,0,0,0,0
46802,ECG,7049,1556,0,0,0,0,0
46807,ECG,7050,1549,0,0,0,0,0
46807,ECG,7051,1542,0,0,0,0,0
46812,ECG,7052,1521,0,0,0,0,0
46812,ECG,7053,1503,0,0,0,0,0
46817,ECG,7054,1511,0,0,0,0,0
46817,ECG,7055,1519,0,0,0,0,0
46822,ECG,7056,1443,0,0,0,0,0
46822,ECG,7057,1396,0,0,0,0,0
46827,ECG,7058,1350,0,0,0,0,0
46827,ECG,7059,1372,0,0,0,0,0
46827,ECG,7060,1349,0,0,0,0,0
46832,ECG,7061,1273,0,0,0,0,0
46832,ECG,7062,1237,0,0,0,0,0
46837,ECG,7063,1189,0,0,0,0,0
46837,ECG,7064,1131,0,0,0,0,0
46837,ECG,7065,1123,0,0,0,0,0
46842,ECG,7066,1134,0,0,0,0,0
46842,ECG,7067,1146,0,0,0,0,0
46847,ECG,7068,1214,0,0,0,0,0
46847,ECG,7069,1280,0,0,0,0,0
46847,ECG,7070,1333,0,0,0,0,0
46852,ECG,7071,1384,0,0,0,0,0
46852,ECG,7072,1367,0,0,0,0,0
46857,ECG,7073,1350,0,0,0,0,0
46857,ECG,7074,1312,0,0,0,0,0
46862,ECG,7075,1258,0,0,0,0,0
46862,ECG,7076,1220,0,0,0,0,0
46867,ECG,7077,1123,0,0,0,0,0
46867,ECG,7078,1107,0,0,0,0,0
46872,ECG,7079,1112,0,0,0,0,0
46872,ECG,7080,1141,0,0,0,0,0
46872,ECG,7081,1179,0,0,0,0,0
46877,ECG,7082,1204,0,0,0,0,0
46877,ECG,7083,1238,0,0,0,0,0
46882,ECG,7084,1252,0,0,0,0,0
46882,ECG,7085,1212,0,0,0,0,0
46882,ECG,7086,1194,0,0,0,0,0
46887,ECG,7087,1194,0,0,0,0,0
46887,ECG,7088,1180,0,0,0,0,0
46892,ECG,7089,1176,0,0,0,0,0
46892,ECG,7090,1166,0,0,0,0,0
46892,ECG,7091,1154,0,0,0,0,0
46897,ECG,7092,1182,0,0,0,0,0
46897,ECG,7093,1175,0,0,0,0,0
46902,ECG,7094,1120,0,0,0,0,0
46902,ECG,7095,1073,0,0,0,0,0
46902,ECG,7096,1021,0,0,0,0,0
46907,ECG,7097,965,0,0,0,0,0
46907,ECG,7098,931,0,0,0,0,0
46908,ECG,7099,929,0,0,0,0,0
47914,ECG,7100,0,0,0,0,0,0
47914,ECG,7101,-1,0,0,0,0,0
47914,ECG,7102,-6,0,0,0,0,0
47919,ECG,7103,2,0,0,0,0,0
47919,ECG,7104,6,0,0,0,0,0
47924,ECG,7105,39,0,0,0,0,0
47924,ECG,7106,-17,0,0,0,0,0
47929,ECG,7107,-26,0,0,0,0,0
47929,ECG,7108,151,0,0,0,0,0
47930,ECG,7109,-756,0,0,0,0,0
47934,ECG,7110,-2102,0,0,0,0,0
47934,ECG,7111,-1838,0,0,0,0,0
47939,ECG,7112,-39,0,0,0,0,0
47939,ECG,7113,3380,0,0,0,0,0
47944,ECG,7114,15109,0,0,0,0,0
47944,ECG,7115,21674,0,0,0,0,0
47949,ECG,7116,27415,0,0,0,0,0
47949,ECG,7117,31276,0,0,0,0,0
47949,ECG,7118,32012,0,0,0,0,0
47954,ECG,7119,31811,0,0,0,0,0
47954,ECG,7120,31611,0,0,0,0,0
47959,ECG,7121,30970,0,0,0,0,0
47959,ECG,7122,30721,0,0,0,0,0
47959,ECG,7123,30662,0,0,0,0,0
47964,ECG,7124,30460,0,0,0,0,0
47964,ECG,7125,30470,0,0,0,0,0
47969,ECG,7126,30377,0,0,0,0,0
47969,ECG,7127,30221,0,0,0,0,0
47969,ECG,7128,30025,0,0,0,0,0
47974,ECG,7129,29720,0,0,0,0,0
47974,ECG,7130,29432,0,0,0,0,0
47979,ECG,7131,29025,0,0,0,0,0
47979,ECG,7132,28875,0,0,0,0,0
47984,ECG,7133,28754,0,0,0,0,0
47984,ECG,7134,28681,0,0,0,0,0
47985,ECG,7135,28599,0,0,0,0,0
47989,ECG,7136,28419,0,0,0,0,0
47989,ECG,7137,28161,0,0,0,0,0
47994,ECG,7138,27858,0,0,0,0,0
47994,ECG,7139,27574,0,0,0,0,0
47994,ECG,7140,27328,0,0,0,0,0
47999,ECG,7141,27134,0,0,0,0,0
47999,ECG,7142,26992,0,0,0,0,0
48004,ECG,7143,26900,0,0,0,0,0
48004,ECG,7144,26875,0,0,0,0,0
48004,ECG,7145,26829,0,0,0,0,0
48009,ECG,7146,26692,0,0,0,0,0
48009,ECG,7147,26464,0,0,0,0,0
48014,ECG,7148,26148,0,0,0,0,0
48014,ECG,7149,25846,0,0,0,0,0
48014,ECG,7150,25606,0,0,0,0,0
48019,ECG,7151,25415,0,0,0,0,0
48019,ECG,7152,25300,0,0,0,0,0
48024,ECG,7153,25222,0,0,0,0,0
48024,ECG,7154,25190,0,0,0,0,0
48024,ECG,7155,25238,0,0,0,0,0
48029,ECG,7156,25080,0,0,0,0,0
48029,ECG,7157,24889,0,0,0,0,0
48034,ECG,7158,24145,0,0,0,0,0
48034,ECG,7159,23812,0,0,0,0,0
48039,ECG,7160,23566,0,0,0,0,0
48039,ECG,7161,23418,0,0,0,0,0
48044,ECG,7162,23456,0,0,0,0,0
48044,ECG,7163,23499,0,0,0,0,0
48049,ECG,7164,23490,0,0,0,0,0
48049,ECG,7165,23424,0,0,0,0,0
48049,ECG,7166,23217,0,0,0,0,0
48054,ECG,7167,22896,0,0,0,0,0
48054,ECG,7168,22693,0,0,0,0,0
48059,ECG,7169,22532,0,0,0,0,0
48059,ECG,7170,22406,0,0,0,0,0
48059,ECG,7171,22316,0,0,0,0,0
48064,ECG,7172,22247,0,0,0,0,0
48064,ECG,7173,22246,0,0,0,0,0
48069,ECG,7174,22141,0,0,0,0,0
48069,ECG,7175,21953,0,0,0,0,0
48069,ECG,7176,21696,0,0,0,0,0
48074,ECG,7177,21436,0,0,0,0,0
48074,ECG,7178,21170,0,0,0,0,0
48079,ECG,7179,20848,0,0,0,0,0
48079,ECG,7180,20770,0,0,0,0,0
48084,ECG,7181,20779,0,0,0,0,0
48084,ECG,7182,20814,0,0,0,0,0
48089,ECG,7183,20663,0,0,0,0,0
48089,ECG,7184,20453,0,0,0,0,0
48094,ECG,7185,20165,0,0,0,0,0
48094,ECG,7186,19958,0,0,0,0,0
48094,ECG,7187,19801,0,0,0,0,0
48099,ECG,7188,19682,0,0,0,0,0
48099,ECG,7189,19618,0,0,0,0,0
48104,ECG,7190,19576,0,0,0,0,0
48104,ECG,7191,19559,0,0,0,0,0
48104,ECG,7192,19533,0,0,0,0,0
48109,ECG,7193,19419,0,0,0,0,0
48109,ECG,7194,19241,0,0,0,0,0
48114,ECG,7195,19037,0,0,0,0,0
48114,ECG,7196,18869,0,0,0,0,0
48114,ECG,7197,18716,0,0,0,0,0
48119,ECG,7198,18595,0,0,0,0,0
48119,ECG,7199,18496,0,0,0,0,0
48124,ECG,7200,18389,0,0,0,0,0
48124,ECG,7201,18314,0,0,0,0,0
48129,ECG,7202,18212,0,0,0,0,0
48129,ECG,7203,18073,0,0,0,0,0
48130,ECG,7204,17879,0,0,0,0,0
48134,ECG,7205,17717,0,0,0,0,0
48134,ECG,7206,17585,0,0,0,0,0
48139,ECG,7207,17465,0,0,0,0,0
48139,ECG,7208,17378,0,0,0,0,0
48144,ECG,7209,17254,0,0,0,0,0
48144,ECG,7210,17198,0,0,0,0,0
48149,ECG,7211,17112,0,0,0,0,0
48149,ECG,7212,16980,0,0,0,0,0
48149,ECG,7213,16826,0,0,0,0,0
48154,ECG,7214,16690,0,0,0,0,0
48154,ECG,7215,16563,0,0,0,0,0
48159,ECG,7216,16453,0,0,0,0,0
48159,ECG,7217,16363,0,0,0,0,0
48159,ECG,7218,16275,0,0,0,0,0
48164,ECG,7219,16227,0,0,0,0,0
48164,ECG,7220,16187,0,0,0,0,0
48169,ECG,7221,16075,0,0,0,0,0
48169,ECG,7222,15909,0,0,0,0,0
48169,ECG,7223,15717,0,0,0,0,0
48174,ECG,7224,15527,0,0,0,0,0
48174,ECG,7225,15364,0,0,0,0,0
48179,ECG,7226,15164,0,0,0,0,0
48179,ECG,7227,15129,0,0,0,0,0
48184,ECG,7228,15124,0,0,0,0,0
48184,ECG,7229,15119,0,0,0,0,0
48189,ECG,7230,15018,0,0,0,0,0
48189,ECG,7231,14869,0,0,0,0,0
48194,ECG,7232,14719,0,0,0,0,0
48194,ECG,7233,14610,0,0,0,0,0
48194,ECG,7234,14506,0,0,0,0,0
48199,ECG,7235,14421,0,0,0,0,0
48199,ECG,7236,14345,0,0,0,0,0
48204,ECG,7237,14283,0,0,0,0,0
48204,ECG,7238,14261,0,0,0,0,0
48204,ECG,7239,14192,0,0,0,0,0
48209,ECG,7240,14055,0,0,0,0,0
48209,ECG,7241,13894,0,0,0,0,0
48214,ECG,7242,13725,0,0,0,0,0
48214,ECG,7243,13567,0,0,0,0,0
48214,ECG,7244,13445,0,0,0,0,0
48219,ECG,7245,13369,0,0,0,0,0
48219,ECG,7246,13305,0,0,0,0,0
48224,ECG,7247,13406,0,0,0,0,0
48224,ECG,7248,13310,0,0,0,0,0
48229,ECG,7249,13153,0,0,0,0,0
48229,ECG,7250,12945,0,0,0,0,0
48230,ECG,7251,12670,0,0,0,0,0
48234,ECG,7252,12467,0,0,0,0,0
48234,ECG,7253,12350,0,0,0,0,0
48239,ECG,7254,12310,0,0,0,0,0
48239,ECG,7255,12325,0,0,0,0,0
48244,ECG,7256,12564,0,0,0,0,0
48244,ECG,7257,12533,0,0,0,0,0
48249,ECG,7258,12447,0,0,0,0,0
48249,ECG,7259,12175,0,0,0,0,0
48249,ECG,7260,11889,0,0,0,0,0
48254,ECG,7261,11701,0,0,0,0,0
48254,ECG,7262,11564,0,0,0,0,0
48259,ECG,7263,11514,0,0,0,0,0
48259,ECG,7264,11536,0,0,0,0,0
48259,ECG,7265,11626,0,0,0,0,0
48264,ECG,7266,11738,0,0,0,0,0
48264,ECG,7267,11781,0,0,0,0,0
48269,ECG,7268,11709,0,0,0,0,0
48269,ECG,7269,11533,0,0,0,0,0
48269,ECG,7270,11300,0,0,0,0,0
48274,ECG,7271,11158,0,0,0,0,0
48274,ECG,7272,11045,0,0,0,0,0
48279,ECG,7273,10973,0,0,0,0,0
48279,ECG,7274,10989,0,0,0,0,0
48284,ECG,7275,11012,0,0,0,0,0
48284,ECG,7276,11053,0,0,0,0,0
48289,ECG,7277,10903,0,0,0,0,0
48289,ECG,7278,10751,0,0,0,0,0
48294,ECG,7279,10643,0,0,0,0,0
48294,ECG,7280,10539,0,0,0,0,0
48294,ECG,7281,10453,0,0,0,0,0
48299,ECG,7282,10403,0,0,0,0,0
48299,ECG,7283,10363,0,0,0,0,0
48304,ECG,7284,10347,0,0,0,0,0
48304,ECG,7285,10350,0,0,0,0,0
48304,ECG,7286,10317,0,0,0,0,0
48309,ECG,7287,10242,0,0,0,0,0
48309,ECG,7288,10125,0,0,0,0,0
48314,ECG,7289,10000,0,0,0,0,0
48314,ECG,7290,9905,0,0,0,0,0
48314,ECG,7291,9821,0,0,0,0,0
48319,ECG,7292,9763,0,0,0,0,0
48319,ECG,7293,9728,0,0,0,0,0
48324,ECG,7294,9703,0,0,0,0,0
48324,ECG,7295,9705,0,0,0,0,0
48324,ECG,7296,9693,0,0,0,0,0
48329,ECG,7297,9629,0,0,0,0,0
48329,ECG,7298,9516,0,0,0,0,0
48330,ECG,7299,9389,0,0,0,0,0
48334,ECG,7300,9287,0,0,0,0,0
48334,ECG,7301,9198,0,0,0,0,0
48339,ECG,7302,9134,0,0,0,0,0
48339,ECG,7303,9095,0,0,0,0,0
48344,ECG,7304,9090,0,0,0,0,0
48344,ECG,7305,9073,0,0,0,0,0
48349,ECG,7306,9031,0,0,0,0,0
48349,ECG,7307,8954,0,0,0,0,0
48349,ECG,7308,8834,0,0,0,0,0
48354,ECG,7309,8734,0,0,0,0,0
48354,ECG,7310,8669,0,0,0,0,0
48359,ECG,7311,8610,0,0,0,0,0
48359,ECG,7312,8561,0,0,0,0,0
48359,ECG,7313,8591,0,0,0,0,0
48364,ECG,7314,8605,0,0,0,0,0
48364,ECG,7315,8503,0,0,0,0,0
48369,ECG,7316,8397,0,0,0,0,0
48369,ECG,7317,8266,0,0,0,0,0
48369,ECG,7318,8090,0,0,0,0,0
48374,ECG,7319,7975,0,0,0,0,0
48374,ECG,7320,7913,0,0,0,0,0
48379,ECG,7321,7939,0,0,0,0,0
48379,ECG,7322,7971,0,0,0,0,0
48384,ECG,7323,8021,0,0,0,0,0
48384,ECG,7324,8047,0,0,0,0,0
48389,ECG,7325,7837,0,0,0,0,0
48389,ECG,7326,7680,0,0,0,0,0
48394,ECG,7327,7528,0,0,0,0,0
48394,ECG,7328,7373,0,0,0,0,0
48394,ECG,7329,7293,0,0,0,0,0
48399,ECG,7330,7269,0,0,0,0,0
48399,ECG,7331,7306,0,0,0,0,0
48404,ECG,7332,7380,0,0,0,0,0
48404,ECG,7333,7430,0,0,0,0,0
48404,ECG,7334,7485,0,0,0,0,0
48409,ECG,7335,7472,0,0,0,0,0
48409,ECG,7336,7420,0,0,0,0,0
48414,ECG,7337,7322,0,0,0,0,0
48414,ECG,7338,7288,0,0,0,0,0
48414,ECG,7339,7247,0,0,0,0,0
48419,ECG,7340,7187,0,0,0,0,0
48419,ECG,7341,7153,0,0,0,0,0
48424,ECG,7342,7102,0,0,0,0,0
48424,ECG,7343,6974,0,0,0,0,0
48429,ECG,7344,6859,0,0,0,0,0
48429,ECG,7345,6728,0,0,0,0,0
48430,ECG,7346,6600,0,0,0,0,0
48434,ECG,7347,6519,0,0,0,0,0
48434,ECG,7348,6490,0,0,0,0,0
48439,ECG,7349,6494,0,0,0,0,0
48439,ECG,7350,6557,0,0,0,0,0
48439,ECG,7351,6630,0,0,0,0,0
48444,ECG,7352,6640,0,0,0,0,0
48444,ECG,7353,6623,0,0,0,0,0
48449,ECG,7354,6520,0,0,0,0,0
48449,ECG,7355,6373,0,0,0,0,0
48449,ECG,7356,6295,0,0,0,0,0
48454,ECG,7357,6241,0,0,0,0,0
48454,ECG,7358,6202,0,0,0,0,0
48459,ECG,7359,6209,0,0,0,0,0
48459,ECG,7360,6222,0,0,0,0,0
48459,ECG,7361,6217,0,0,0,0,0
48464,ECG,7362,6273,0,0,0,0,0
48464,ECG,7363,6233,0,0,0,0,0
48469,ECG,7364,6156,0,0,0,0,0
48469,ECG,7365,6008,0,0,0,0,0
48469,ECG,7366,5893,0,0,0,0,0
48474,ECG,7367,5751,0,0,0,0,0
48474,ECG,7368,5652,0,0,0,0,0
48479,ECG,7369,5609,0,0,0,0,0
48479,ECG,7370,5684,0,0,0,0,0
48484,ECG,7371,5777,0,0,0,0,0
48484,ECG,7372,5810,0,0,0,0,0
48489,ECG,7373,5692,0,0,0,0,0
48489,ECG,7374,5501,0,0,0,0,0
48494,ECG,7375,5368,0,0,0,0,0
48494,ECG,7376,5293,0,0,0,0,0
48494,ECG,7377,5257,0,0,0,0,0
48499,ECG,7378,5276,0,0,0,0,0
48499,ECG,7379,5338,0,0,0,0,0
48504,ECG,7380,5417,0,0,0,0,0
48504,ECG,7381,5462,0,0,0,0,0
48504,ECG,7382,5457,0,0,0,0,0
48509,ECG,7383,5395,0,0,0,0,0
48509,ECG,7384,5293,0,0,0,0,0
48514,ECG,7385,5213,0,0,0,0,0
48514,ECG,7386,5168,0,0,0,0,0
48514,ECG,7387,5144,0,0,0,0,0
48519,ECG,7388,5131,0,0,0,0,0
48519,ECG,7389,5133,0,0,0,0,0
48524,ECG,7390,5166,0,0,0,0,0
48524,ECG,7391,5109,0,0,0,0,0
48529,ECG,7392,5024,0,0,0,0,0
48529,ECG,7393,4928,0,0,0,0,0
48530,ECG,7394,4849,0,0,0,0,0
48534,ECG,7395,4791,0,0,0,0,0
48534,ECG,7396,4764,0,0,0,0,0
48539,ECG,7397,4756,0,0,0,0,0
48539,ECG,7398,4778,0,0,0,0,0
48544,ECG,7399,4850,0,0,0,0,0
48544,ECG,7400,4813,0,0,0,0,0
48549,ECG,7401,4714,0,0,0,0,0
48549,ECG,7402,4575,0,0,0,0,0
48549,ECG,7403,4476,0,0,0,0,0
48554,ECG,7404,4400,0,0,0,0,0
48554,ECG,7405,4364,0,0,0,0,0
48559,ECG,7406,4373,0,0,0,0,0
48559,ECG,7407,4401,0,0,0,0,0
48559,ECG,7408,4489,0,0,0,0,0
48564,ECG,7409,4559,0,0,0,0,0
48564,ECG,7410,4531,0,0,0,0,0
48569,ECG,7411,4441,0,0,0,0,0
48569,ECG,7412,4308,0,0,0,0,0
48569,ECG,7413,4188,0,0,0,0,0
48574,ECG,7414,4109,0,0,0,0,0
48574,ECG,7415,4070,0,0,0,0,0
48579,ECG,7416,4116,0,0,0,0,0
48579,ECG,7417,4186,0,0,0,0,0
48584,ECG,7418,4252,0,0,0,0,0
48584,ECG,7419,4272,0,0,0,0,0
48589,ECG,7420,4104,0,0,0,0,0
48589,ECG,7421,4014,0,0,0,0,0
48594,ECG,7422,3957,0,0,0,0,0
48594,ECG,7423,3912,0,0,0,0,0
48594,ECG,7424,3901,0,0,0,0,0
48599,ECG,7425,3909,0,0,0,0,0
48599,ECG,7426,3955,0,0,0,0,0
48604,ECG,7427,3993,0,0,0,0,0
48604,ECG,7428,3992,0,0,0,0,0
48604,ECG,7429,3953,0,0,0,0,0
48609,ECG,7430,3849,0,0,0,0,0
48609,ECG,7431,3749,0,0,0,0,0
48614,ECG,7432,3687,0,0,0,0,0
48614,ECG,7433,3638,0,0,0,0,0
48614,ECG,7434,3632,0,0,0,0,0
48619,ECG,7435,3637,0,0,0,0,0
48619,ECG,7436,3684,0,0,0,0,0
48624,ECG,7437,3771,0,0,0,0,0
48624,ECG,7438,3683,0,0,0,0,0
48629,ECG,7439,3512,0,0,0,0,0
48629,ECG,7440,3323,0,0,0,0,0
48630,ECG,7441,3154,0,0,0,0,0
48634,ECG,7442,3062,0,0,0,0,0
48634,ECG,7443,3052,0,0,0,0,0
48639,ECG,7444,3103,0,0,0,0,0
48639,ECG,7445,3288,0,0,0,0,0
48639,ECG,7446,3474,0,0,0,0,0
48644,ECG,7447,3507,0,0,0,0,0
48644,ECG,7448,3482,0,0,0,0,0
48649,ECG,7449,3319,0,0,0,0,0
48649,ECG,7450,3075,0,0,0,0,0
48649,ECG,7451,2944,0,0,0,0,0
48654,ECG,7452,2891,0,0,0,0,0
48654,ECG,7453,2909,0,0,0,0,0
48659,ECG,7454,2998,0,0,0,0,0
48659,ECG,7455,3133,0,0,0,0,0
48659,ECG,7456,3303,0,0,0,0,0
48664,ECG,7457,3351,0,0,0,0,0
48664,ECG,7458,3329,0,0,0,0,0
48669,ECG,7459,2954,0,0,0,0,0
48669,ECG,7460,2821,0,0,0,0,0
48674,ECG,7461,2732,0,0,0,0,0
48674,ECG,7462,2720,0,0,0,0,0
48675,ECG,7463,2762,0,0,0,0,0
48679,ECG,7464,2925,0,0,0,0,0
48679,ECG,7465,3107,0,0,0,0,0
48684,ECG,7466,3133,0,0,0,0,0
48684,ECG,7467,3068,0,0,0,0,0
48689,ECG,7468,2604,0,0,0,0,0
48689,ECG,7469,2434,0,0,0,0,0
48694,ECG,7470,2359,0,0,0,0,0
48694,ECG,7471,2367,0,0,0,0,0
48694,ECG,7472,2494,0,0,0,0,0
48699,ECG,7473,2644,0,0,0,0,0
48699,ECG,7474,2810,0,0,0,0,0
48704,ECG,7475,2983,0,0,0,0,0
48704,ECG,7476,2964,0,0,0,0,0
48704,ECG,7477,2905,0,0,0,0,0
48709,ECG,7478,2756,0,0,0,0,0
48709,ECG,7479,2652,0,0,0,0,0
48714,ECG,7480,2556,0,0,0,0,0
48714,ECG,7481,2510,0,0,0,0,0
48714,ECG,7482,2521,0,0,0,0,0
48719,ECG,7483,2550,0,0,0,0,0
48719,ECG,7484,2657,0,0,0,0,0
48724,ECG,7485,2787,0,0,0,0,0
48724,ECG,7486,2728,0,0,0,0,0
48729,ECG,7487,2582,0,0,0,0,0
48729,ECG,7488,2414,0,0,0,0,0
48734,ECG,7489,2271,0,0,0,0,0
48734,ECG,7490,2280,0,0,0,0,0
48739,ECG,7491,2342,0,0,0,0,0
48739,ECG,7492,2450,0,0,0,0,0
48739,ECG,7493,2568,0,0,0,0,0
48744,ECG,7494,2628,0,0,0,0,0
48744,ECG,7495,2611,0,0,0,0,0
48749,ECG,7496,2468,0,0,0,0,0
48749,ECG,7497,2306,0,0,0,0,0
48749,ECG,7498,2209,0,0,0,0,0
48754,ECG,7499,2123,0,0,0,0,0
48754,ECG,7500,2106,0,0,0,0,0
48759,ECG,7501,2147,0,0,0,0,0
48759,ECG,7502,2217,0,0,0,0,0
48759,ECG,7503,2364,0,0,0,0,0
48764,ECG,7504,2477,0,0,0,0,0
48764,ECG,7505,2455,0,0,0,0,0
48769,ECG,7506,2202,0,0,0,0,0
48769,ECG,7507,2060,0,0,0,0,0
48774,ECG,7508,1978,0,0,0,0,0
48774,ECG,7509,1961,0,0,0,0,0
48775,ECG,7510,1985,0,0,0,0,0
48779,ECG,7511,2070,0,0,0,0,0
48779,ECG,7512,2232,0,0,0,0,0
48784,ECG,7513,2314,0,0,0,0,0
48784,ECG,7514,2304,0,0,0,0,0
48789,ECG,7515,2024,0,0,0,0,0
48789,ECG,7516,1883,0,0,0,0,0
48794,ECG,7517,1820,0,0,0,0,0
48794,ECG,7518,1794,0,0,0,0,0
48794,ECG,7519,1840,0,0,0,0,0
48799,ECG,7520,1955,0,0,0,0,0
48799,ECG,7521,2062,0,0,0,0,0
48804,ECG,7522,2130,0,0,0,0,0
48804,ECG,7523,2187,0,0,0,0,0
48804,ECG,7524,2128,0,0,0,0,0
48809,ECG,7525,1996,0,0,0,0,0
48809,ECG,7526,1936,0,0,0,0,0
48814,ECG,7527,1912,0,0,0,0,0
48814,ECG,7528,1904,0,0,0,0,0
48814,ECG,7529,1919,0,0,0,0,0
48819,ECG,7530,1972,0,0,0,0,0
48819,ECG,7531,2072,0,0,0,0,0
48824,ECG,7532,1986,0,0,0,0,0
48824,ECG,7533,1843,0,0,0,0,0
48829,ECG,7534,1683,0,0,0,0,0
48829,ECG,7535,1538,0,0,0,0,0
48834,ECG,7536,1460,0,0,0,0,0
48834,ECG,7537,1533,0,0,0,0,0
48839,ECG,7538,1648,0,0,0,0,0
48839,ECG,7539,1813,0,0,0,0,0
48839,ECG,7540,1956,0,0,0,0,0
48844,ECG,7541,1943,0,0,0,0,0
48844,ECG,7542,1870,0,0,0,0,0
48849,ECG,7543,1715,0,0,0,0,0
48849,ECG,7544,1600,0,0,0,0,0
48849,ECG,7545,1530,0,0,0,0,0
48854,ECG,7546,1509,0,0,0,0,0
48854,ECG,7547,1532,0,0,0,0,0
48859,ECG,7548,1597,0,0,0,0,0
48859,ECG,7549,1750,0,0,0,0,0
48859,ECG,7550,1844,0,0,0,0,0
48864,ECG,7551,1831,0,0,0,0,0
48864,ECG,7552,1703,0,0,0,0,0
48869,ECG,7553,1295,0,0,0,0,0
48869,ECG,7554,1180,0,0,0,0,0
48874,ECG,7555,1141,0,0,0,0,0
48874,ECG,7556,1187,0,0,0,0,0
48875,ECG,7557,1324,0,0,0,0,0
48879,ECG,7558,1542,0,0,0,0,0
48879,ECG,7559,1705,0,0,0,0,0
48884,ECG,7560,1735,0,0,0,0,0
48884,ECG,7561,1636,0,0,0,0,0
48889,ECG,7562,1185,0,0,0,0,0
48889,ECG,7563,1073,0,0,0,0,0
48894,ECG,7564,1037,0,0,0,0,0
48894,ECG,7565,1100,0,0,0,0,0
48894,ECG,7566,1219,0,0,0,0,0
48899,ECG,7567,1411,0,0,0,0,0
48899,ECG,7568,1611,0,0,0,0,0
48904,ECG,7569,1645,0,0,0,0,0
48904,ECG,7570,1612,0,0,0,0,0
48904,ECG,7571,1453,0,0,0,0,0
48909,ECG,7572,1296,0,0,0,0,0
48909,ECG,7573,1215,0,0,0,0,0
42739,PPG,300,161481,80767,0,0,0,0
42820,PPG,301,161474,80765,0,0,0,0
42897,PPG,302,161484,80766,0,0,0,0
42977,PPG,303,161472,80755,0,0,0,0
43060,PPG,304,161470,80753,0,0,0,0
43139,PPG,305,161477,80766,0,0,0,0
43216,PPG,306,161473,80760,0,0,0,0
43303,PPG,307,161474,80766,0,0,0,0
43375,PPG,308,161482,80771,0,0,0,0
43454,PPG,309,161491,80765,0,0,0,0
43534,PPG,310,161490,80767,0,0,0,0
43617,PPG,311,161479,80769,0,0,0,0
43694,PPG,312,161481,80750,0,0,0,0
43772,PPG,313,161491,80765,0,0,0,0
43852,PPG,314,161487,80766,0,0,0,0
43933,PPG,315,161472,80754,0,0,0,0
44012,PPG,316,161474,80764,0,0,0,0
44096,PPG,317,161473,80765,0,0,0,0
44178,PPG,318,161479,80766,0,0,0,0
44250,PPG,319,161481,80767,0,0,0,0
44328,PPG,320,161478,80765,0,0,0,0
44406,PPG,321,161479,80759,0,0,0,0
44486,PPG,322,161482,80773,0,0,0,0
44564,PPG,323,161485,80774,0,0,0,0
44648,PPG,324,161490,80759,0,0,0,0
44726,PPG,325,161488,80764,0,0,0,0
44803,PPG,326,161475,80764,0,0,0,0
44881,PPG,327,161476,80768,0,0,0,0
44961,PPG,328,161480,80767,0,0,0,0
45048,PPG,329,161483,80754,0,0,0,0
45120,PPG,330,161482,80765,0,0,0,0
45203,PPG,331,161482,80763,0,0,0,0
45280,PPG,332,161483,80764,0,0,0,0
45359,PPG,333,161482,80768,0,0,0,0
45438,PPG,334,161469,80760,0,0,0,0
45518,PPG,335,161470,80757,0,0,0,0
45597,PPG,336,161466,80764,0,0,0,0
45680,PPG,337,161484,80765,0,0,0,0
45759,PPG,338,161482,80755,0,0,0,0
45836,PPG,339,161491,80762,0,0,0,0
45930,PPG,340,161478,80763,0,0,0,0
45995,PPG,341,161487,80769,0,0,0,0
46074,PPG,342,161480,80765,0,0,0,0
46153,PPG,343,161479,80750,0,0,0,0
46236,PPG,344,161483,80758,0,0,0,0
46313,PPG,345,161473,80747,0,0,0,0
46390,PPG,346,161476,80758,0,0,0,0
46470,PPG,347,161473,80756,0,0,0,0
46549,PPG,348,161467,80758,0,0,0,0
46628,PPG,349,161480,80754,0,0,0,0
46707,PPG,350,161465,80775,0,0,0,0
46797,PPG,351,161473,80757,0,0,0,0
46867,PPG,352,161481,80752,0,0,0,0
46945,PPG,353,161480,80757,0,0,0,0
47024,PPG,354,161467,80767,0,0,0,0
47104,PPG,355,161478,80765,0,0,0,0
47183,PPG,356,161480,80763,0,0,0,0
47266,PPG,357,161481,80759,0,0,0,0
47344,PPG,358,161475,80752,0,0,0,0
47422,PPG,359,161477,80754,0,0,0,0
47501,PPG,360,161484,80762,0,0,0,0
47581,PPG,361,161473,80762,0,0,0,0
47670,PPG,362,161481,80765,0,0,0,0
47740,PPG,363,161481,80767,0,0,0,0
47823,PPG,364,161473,80759,0,0,0,0
47912,PPG,365,161486,80756,0,0,0,0
47978,PPG,366,161476,80763,0,0,0,0
48061,PPG,367,161480,80753,0,0,0,0
48140,PPG,368,161480,80756,0,0,0,0
48218,PPG,369,161484,80766,0,0,0,0
48301,PPG,370,161472,80757,0,0,0,0
48378,PPG,371,161483,80755,0,0,0,0
48455,PPG,372,161469,80758,0,0,0,0
48542,PPG,373,161471,80753,0,0,0,0
48612,PPG,374,161481,80766,0,0,0,0
48691,PPG,375,161473,80758,0,0,0,0
48770,PPG,376,161479,80758,0,0,0,0
48853,PPG,377,161475,80765,0,0,0,0
46750,IMU,1456,1496,-152,8320,-83,62,31
46768,IMU,1457,1440,-64,8344,-99,69,45
46792,IMU,1458,1512,-32,8376,-78,49,40
46806,IMU,1459,1468,48,8376,-92,64,47
46826,IMU,1460,1488,-108,8356,-93,41,42
46845,IMU,1461,1388,-52,8268,-78,58,28
46864,IMU,1462,1500,-20,8400,-84,62,35
46883,IMU,1463,1524,24,8376,-83,42,61
46902,IMU,1464,1520,16,8344,-68,67,46
46921,IMU,1465,1560,-56,8392,-67,57,53
46940,IMU,1466,1472,-36,8364,-90,51,41
46959,IMU,1467,1412,-72,8336,-91,69,37
46978,IMU,1468,1580,-76,8380,-75,56,38
46997,IMU,1469,1560,12,8384,-95,49,26
47017,IMU,1470,1544,12,8320,-72,60,42
47036,IMU,1471,1512,12,8388,-84,39,52
47055,IMU,1472,1588,-8,8368,-86,59,39
47074,IMU,1473,1532,-52,8412,-83,56,28
47093,IMU,1474,1536,-84,8392,-76,64,55
47112,IMU,1475,1588,-28,8360,-76,48,38
47131,IMU,1476,1472,-84,8472,-85,34,28
47151,IMU,1477,1588,-36,8404,-79,57,45
47170,IMU,1478,1536,-104,8376,-86,62,35
47189,IMU,1479,1436,-44,8336,-80,82,46
47208,IMU,1480,1532,-112,8344,-81,44,50
47228,IMU,1481,1488,-68,8376,-90,62,51
47246,IMU,1482,1592,-44,8304,-56,52,50
47266,IMU,1483,1440,-56,8460,-84,54,45
47285,IMU,1484,1528,-40,8360,-88,68,45
47304,IMU,1485,1552,8,8324,-88,52,37
47323,IMU,1486,1596,-68,8380,-77,56,53
47342,IMU,1487,1588,4,8388,-88,70,50
47361,IMU,1488,1500,56,8352,-68,72,42
47380,IMU,1489,1492,-72,8336,-84,60,64
47400,IMU,1490,1580,-16,8352,-86,55,33
47419,IMU,1491,1536,-36,8328,-71,58,29
47442,IMU,1492,1504,-56,8348,-75,58,37
47457,IMU,1493,1452,-40,8424,-85,54,22
47476,IMU,1494,1556,-4,8360,-85,54,39
47495,IMU,1495,1472,-60,8352,-91,58,43
47515,IMU,1496,1496,-124,8380,-73,62,46
47534,IMU,1497,1532,-16,8384,-71,72,55
47553,IMU,1498,1620,-8,8404,-85,74,43
47572,IMU,1499,1520,-36,8428,-73,55,37
47591,IMU,1500,1508,20,8360,-89,68,36
47610,IMU,1501,1392,-48,8452,-84,54,45
47629,IMU,1502,1568,-36,8308,-89,47,45
47649,IMU,1503,1492,-72,8300,-59,63,36
47670,IMU,1504,1492,-96,8356,-95,62,48
47687,IMU,1505,1568,-24,8372,-89,65,46
47706,IMU,1506,1540,-48,8384,-99,69,41
47725,IMU,1507,1600,8,8428,-95,47,35
47744,IMU,1508,1592,-108,8464,-87,53,50
47764,IMU,1509,1528,8,8380,-90,50,56
47783,IMU,1510,1576,-56,8356,-86,64,46
47802,IMU,1511,1448,-28,8364,-82,68,40
47823,IMU,1512,1528,16,8360,-86,63,52
47840,IMU,1513,1516,28,8312,-80,61,48
47859,IMU,1514,1516,-60,8300,-80,54,39
47881,IMU,1515,1568,-32,8480,-82,45,36
47901,IMU,1516,1536,-52,8436,-79,50,61
47917,IMU,1517,1504,-92,8400,-72,72,50
47936,IMU,1518,1552,-64,8360,-94,61,37
47955,IMU,1519,1504,-60,8336,-87,61,58
47974,IMU,1520,1480,24,8308,-74,60,48
47993,IMU,1521,1560,12,8356,-80,49,47
48013,IMU,1522,1544,-120,8292,-90,59,37
48032,IMU,1523,1468,28,8324,-82,49,30
48051,IMU,1524,1456,0,8440,-99,51,46
48070,IMU,1525,1492,-52,8332,-75,53,49
48089,IMU,1526,1500,-4,8428,-93,65,36
48111,IMU,1527,1484,52,8468,-78,45,68
48127,IMU,1528,1576,-36,8384,-92,56,47
48146,IMU,1529,1468,36,8380,-90,53,50
48165,IMU,1530,1464,-32,8392,-78,47,32
48184,IMU,1531,1496,-72,8308,-80,69,36
48203,IMU,1532,1528,0,8364,-80,54,51
48222,IMU,1533,1592,-4,8380,-85,64,45
48242,IMU,1534,1492,-68,8344,-88,54,61
48261,IMU,1535,1468,-32,8372,-82,71,40
48280,IMU,1536,1496,8,8376,-99,61,49
48300,IMU,1537,1544,-28,8372,-83,51,54
48320,IMU,1538,1472,-20,8388,-100,35,46
48337,IMU,1539,1492,-40,8296,-87,53,43
48356,IMU,1540,1540,-72,8384,-87,49,43
48375,IMU,1541,1560,-4,8496,-86,52,50
48394,IMU,1542,1496,-92,8424,-78,61,52
48413,IMU,1543,1416,-140,8328,-95,61,55
48432,IMU,1544,1532,-88,8400,-87,62,54
48451,IMU,1545,1548,36,8372,-76,73,60
48470,IMU,1546,1480,-72,8396,-70,62,29
48489,IMU,1547,1480,16,8312,-91,61,53
48508,IMU,1548,1468,-8,8456,-72,60,47
48528,IMU,1549,1452,-36,8376,-75,59,32
48547,IMU,1550,1532,-52,8400,-85,70,78
48566,IMU,1551,1472,4,8408,-87,46,43
48585,IMU,1552,1536,-56,8348,-78,50,39
48603,IMU,1553,1508,-88,8228,-73,45,34
48623,IMU,1554,1544,84,8400,-95,49,53
48642,IMU,1555,1572,-24,8420,-75,45,40
48661,IMU,1556,1424,-20,8352,-94,55,41
48680,IMU,1557,1520,-36,8368,-66,55,36
48699,IMU,1558,1608,40,8444,-87,64,42
48718,IMU,1559,1516,-100,8380,-73,69,56
48737,IMU,1560,1564,44,8448,-94,82,34
48758,IMU,1561,1476,-132,8472,-77,54,31
48776,IMU,1562,1520,-64,8372,-93,59,39
48794,IMU,1563,1504,-32,8428,-92,59,45
48813,IMU,1564,1560,12,8300,-69,55,50
48833,IMU,1565,1460,-80,8336,-99,58,53
48853,IMU,1566,1600,28,8312,-79,45,48
48871,IMU,1567,1504,-36,8444,-82,80,52
48890,IMU,1568,1516,8,8272,-93,65,42
48909,IMU,1569,1456,-112,8380,-92,64,42
