timestamp_ms,type,seq,v1,v2,v3,v4,v5,v6
17836,META_START,1,16757,0,0,0,0,0
19021,ECG,0,0,0,0,0,0,0
19021,ECG,1,-1,0,0,0,0,0
19021,ECG,2,-6,0,0,0,0,0
19021,ECG,3,2,0,0,0,0,0
19026,ECG,4,6,0,0,0,0,0
19026,ECG,5,-17,0,0,0,0,0
19026,ECG,6,38,0,0,0,0,0
19031,ECG,7,-16,0,0,0,0,0
19031,ECG,8,-26,0,0,0,0,0
19036,ECG,9,151,0,0,0,0,0
19036,ECG,10,-753,0,0,0,0,0
19036,ECG,11,-2109,0,0,0,0,0
19041,ECG,12,-1850,0,0,0,0,0
19041,ECG,13,-36,0,0,0,0,0
19046,ECG,14,8729,0,0,0,0,0
19046,ECG,15,15156,0,0,0,0,0
19051,ECG,16,21689,0,0,0,0,0
19051,ECG,17,27397,0,0,0,0,0
19052,ECG,18,31311,0,0,0,0,0
19056,ECG,19,32011,0,0,0,0,0
19056,ECG,20,31810,0,0,0,0,0
19061,ECG,21,31610,0,0,0,0,0
19061,ECG,22,31343,0,0,0,0,0
19066,ECG,23,31019,0,0,0,0,0
19066,ECG,24,30731,0,0,0,0,0
19071,ECG,25,30591,0,0,0,0,0
19071,ECG,26,30395,0,0,0,0,0
19071,ECG,27,30195,0,0,0,0,0
19076,ECG,28,30019,0,0,0,0,0
19076,ECG,29,29827,0,0,0,0,0
19081,ECG,30,29638,0,0,0,0,0
19081,ECG,31,29451,0,0,0,0,0
19081,ECG,32,29266,0,0,0,0,0
19086,ECG,33,29082,0,0,0,0,0
19086,ECG,34,28900,0,0,0,0,0
19091,ECG,35,28718,0,0,0,0,0
19091,ECG,36,28537,0,0,0,0,0
19091,ECG,37,28358,0,0,0,0,0
19096,ECG,38,28180,0,0,0,0,0
19096,ECG,39,28002,0,0,0,0,0
19101,ECG,40,27651,0,0,0,0,0
19101,ECG,41,27478,0,0,0,0,0
19106,ECG,42,27305,0,0,0,0,0
19106,ECG,43,27133,0,0,0,0,0
19111,ECG,44,26793,0,0,0,0,0
19111,ECG,45,26625,0,0,0,0,0
19116,ECG,46,26457,0,0,0,0,0
19116,ECG,47,26291,0,0,0,0,0
19116,ECG,48,26126,0,0,0,0,0
19121,ECG,49,25961,0,0,0,0,0
19121,ECG,50,25798,0,0,0,0,0
19126,ECG,51,25636,0,0,0,0,0
19126,ECG,52,25475,0,0,0,0,0
19126,ECG,53,25314,0,0,0,0,0
19131,ECG,54,25155,0,0,0,0,0
19131,ECG,55,24997,0,0,0,0,0
19136,ECG,56,24840,0,0,0,0,0
19136,ECG,57,24683,0,0,0,0,0
19136,ECG,58,24528,0,0,0,0,0
19141,ECG,59,24374,0,0,0,0,0
19141,ECG,60,24221,0,0,0,0,0
19146,ECG,61,23917,0,0,0,0,0
19146,ECG,62,23766,0,0,0,0,0
19151,ECG,63,23617,0,0,0,0,0
19151,ECG,64,23468,0,0,0,0,0
19152,ECG,65,23321,0,0,0,0,0
19156,ECG,66,23174,0,0,0,0,0
19156,ECG,67,23028,0,0,0,0,0
19161,ECG,68,22883,0,0,0,0,0
19161,ECG,69,22739,0,0,0,0,0
19166,ECG,70,22454,0,0,0,0,0
19166,ECG,71,22313,0,0,0,0,0
19171,ECG,72,22172,0,0,0,0,0
19171,ECG,73,22033,0,0,0,0,0
19171,ECG,74,21894,0,0,0,0,0
19176,ECG,75,21756,0,0,0,0,0
19176,ECG,76,21619,0,0,0,0,0
19181,ECG,77,21483,0,0,0,0,0
19181,ECG,78,21348,0,0,0,0,0
19181,ECG,79,21214,0,0,0,0,0
19186,ECG,80,21080,0,0,0,0,0
19186,ECG,81,20948,0,0,0,0,0
19191,ECG,82,20816,0,0,0,0,0
19191,ECG,83,20685,0,0,0,0,0
19191,ECG,84,20555,0,0,0,0,0
19196,ECG,85,20425,0,0,0,0,0
19196,ECG,86,20297,0,0,0,0,0
19201,ECG,87,20042,0,0,0,0,0
19201,ECG,88,19916,0,0,0,0,0
19206,ECG,89,19790,0,0,0,0,0
19206,ECG,90,19666,0,0,0,0,0
19211,ECG,91,19419,0,0,0,0,0
19211,ECG,92,19297,0,0,0,0,0
19216,ECG,93,19175,0,0,0,0,0
19216,ECG,94,19055,0,0,0,0,0
19216,ECG,95,18935,0,0,0,0,0
19221,ECG,96,18815,0,0,0,0,0
19221,ECG,97,18697,0,0,0,0,0
19226,ECG,98,18579,0,0,0,0,0
19226,ECG,99,18462,0,0,0,0,0
19226,ECG,100,18346,0,0,0,0,0
19231,ECG,101,18230,0,0,0,0,0
19231,ECG,102,18116,0,0,0,0,0
19236,ECG,103,18002,0,0,0,0,0
19236,ECG,104,17888,0,0,0,0,0
19236,ECG,105,17775,0,0,0,0,0
19241,ECG,106,17663,0,0,0,0,0
19241,ECG,107,17552,0,0,0,0,0
19246,ECG,108,17332,0,0,0,0,0
19246,ECG,109,17222,0,0,0,0,0
19251,ECG,110,17114,0,0,0,0,0
19251,ECG,111,17006,0,0,0,0,0
19252,ECG,112,16899,0,0,0,0,0
19256,ECG,113,16792,0,0,0,0,0
19256,ECG,114,16687,0,0,0,0,0
19261,ECG,115,16581,0,0,0,0,0
19261,ECG,116,16477,0,0,0,0,0
19266,ECG,117,16270,0,0,0,0,0
19266,ECG,118,16167,0,0,0,0,0
19271,ECG,119,16065,0,0,0,0,0
19271,ECG,120,15964,0,0,0,0,0
19271,ECG,121,15864,0,0,0,0,0
19276,ECG,122,15764,0,0,0,0,0
19276,ECG,123,15664,0,0,0,0,0
19281,ECG,124,15566,0,0,0,0,0
19281,ECG,125,15467,0,0,0,0,0
19281,ECG,126,15370,0,0,0,0,0
19286,ECG,127,15273,0,0,0,0,0
19286,ECG,128,15177,0,0,0,0,0
19291,ECG,129,15081,0,0,0,0,0
19291,ECG,130,14986,0,0,0,0,0
19291,ECG,131,14891,0,0,0,0,0
19296,ECG,132,14797,0,0,0,0,0
19296,ECG,133,14704,0,0,0,0,0
19301,ECG,134,14519,0,0,0,0,0
19301,ECG,135,14428,0,0,0,0,0
19306,ECG,136,14337,0,0,0,0,0
19306,ECG,137,14246,0,0,0,0,0
19311,ECG,138,14067,0,0,0,0,0
19311,ECG,139,13978,0,0,0,0,0
19316,ECG,140,13890,0,0,0,0,0
19316,ECG,141,13802,0,0,0,0,0
19316,ECG,142,13715,0,0,0,0,0
19321,ECG,143,13629,0,0,0,0,0
19321,ECG,144,13543,0,0,0,0,0
19326,ECG,145,13457,0,0,0,0,0
19326,ECG,146,13372,0,0,0,0,0
19326,ECG,147,13288,0,0,0,0,0
19331,ECG,148,13204,0,0,0,0,0
19331,ECG,149,13121,0,0,0,0,0
19336,ECG,150,13038,0,0,0,0,0
19336,ECG,151,12956,0,0,0,0,0
19336,ECG,152,12874,0,0,0,0,0
19341,ECG,153,12793,0,0,0,0,0
19341,ECG,154,12712,0,0,0,0,0
19346,ECG,155,12552,0,0,0,0,0
19346,ECG,156,12473,0,0,0,0,0
19351,ECG,157,12394,0,0,0,0,0
19351,ECG,158,12316,0,0,0,0,0
19352,ECG,159,12238,0,0,0,0,0
19356,ECG,160,12161,0,0,0,0,0
19356,ECG,161,12084,0,0,0,0,0
19361,ECG,162,12008,0,0,0,0,0
19361,ECG,163,11932,0,0,0,0,0
19366,ECG,164,11782,0,0,0,0,0
19366,ECG,165,11707,0,0,0,0,0
19371,ECG,166,11633,0,0,0,0,0
19371,ECG,167,11560,0,0,0,0,0
19371,ECG,168,11487,0,0,0,0,0
19376,ECG,169,11414,0,0,0,0,0
19376,ECG,170,11342,0,0,0,0,0
19381,ECG,171,11271,0,0,0,0,0
19381,ECG,172,11199,0,0,0,0,0
19381,ECG,173,11129,0,0,0,0,0
19386,ECG,174,11058,0,0,0,0,0
19386,ECG,175,10988,0,0,0,0,0
19391,ECG,176,10919,0,0,0,0,0
19391,ECG,177,10850,0,0,0,0,0
19391,ECG,178,10781,0,0,0,0,0
19396,ECG,179,10713,0,0,0,0,0
19396,ECG,180,10645,0,0,0,0,0
19401,ECG,181,10511,0,0,0,0,0
19401,ECG,182,10445,0,0,0,0,0
19406,ECG,183,10379,0,0,0,0,0
19406,ECG,184,10313,0,0,0,0,0
19411,ECG,185,10183,0,0,0,0,0
19411,ECG,186,10118,0,0,0,0,0
19416,ECG,187,10054,0,0,0,0,0
19416,ECG,188,9991,0,0,0,0,0
19416,ECG,189,9928,0,0,0,0,0
19421,ECG,190,9865,0,0,0,0,0
19421,ECG,191,9802,0,0,0,0,0
19426,ECG,192,9740,0,0,0,0,0
19426,ECG,193,9679,0,0,0,0,0
19426,ECG,194,9617,0,0,0,0,0
19431,ECG,195,9557,0,0,0,0,0
19431,ECG,196,9496,0,0,0,0,0
19436,ECG,197,9436,0,0,0,0,0
19436,ECG,198,9376,0,0,0,0,0
19436,ECG,199,9317,0,0,0,0,0
19441,ECG,200,9258,0,0,0,0,0
19441,ECG,201,9200,0,0,0,0,0
19446,ECG,202,9141,0,0,0,0,0
19446,ECG,203,9083,0,0,0,0,0
19446,ECG,204,9026,0,0,0,0,0
19451,ECG,205,8969,0,0,0,0,0
19451,ECG,206,8912,0,0,0,0,0
19452,ECG,207,8855,0,0,0,0,0
19456,ECG,208,8799,0,0,0,0,0
19456,ECG,209,8744,0,0,0,0,0
19461,ECG,210,8688,0,0,0,0,0
19461,ECG,211,8633,0,0,0,0,0
19466,ECG,212,8524,0,0,0,0,0
19466,ECG,213,8470,0,0,0,0,0
19471,ECG,214,8416,0,0,0,0,0
19471,ECG,215,8363,0,0,0,0,0
19471,ECG,216,8310,0,0,0,0,0
19476,ECG,217,8257,0,0,0,0,0
19476,ECG,218,8205,0,0,0,0,0
19481,ECG,219,8153,0,0,0,0,0
19481,ECG,220,8101,0,0,0,0,0
19481,ECG,221,8050,0,0,0,0,0
19486,ECG,222,7999,0,0,0,0,0
19486,ECG,223,7948,0,0,0,0,0
19491,ECG,224,7898,0,0,0,0,0
19491,ECG,225,7848,0,0,0,0,0
19491,ECG,226,7798,0,0,0,0,0
19496,ECG,227,7749,0,0,0,0,0
19496,ECG,228,7699,0,0,0,0,0
19501,ECG,229,7602,0,0,0,0,0
19501,ECG,230,7554,0,0,0,0,0
19506,ECG,231,7506,0,0,0,0,0
19506,ECG,232,7458,0,0,0,0,0
19511,ECG,233,7364,0,0,0,0,0
19511,ECG,234,7317,0,0,0,0,0
19516,ECG,235,7271,0,0,0,0,0
19516,ECG,236,7224,0,0,0,0,0
19516,ECG,237,7178,0,0,0,0,0
19521,ECG,238,7133,0,0,0,0,0
19521,ECG,239,7088,0,0,0,0,0
19526,ECG,240,7043,0,0,0,0,0
19526,ECG,241,6998,0,0,0,0,0
19526,ECG,242,6953,0,0,0,0,0
19531,ECG,243,6909,0,0,0,0,0
19531,ECG,244,6865,0,0,0,0,0
19536,ECG,245,6821,0,0,0,0,0
19536,ECG,246,6778,0,0,0,0,0
19536,ECG,247,6735,0,0,0,0,0
19541,ECG,248,6692,0,0,0,0,0
19541,ECG,249,6650,0,0,0,0,0
19546,ECG,250,6566,0,0,0,0,0
19546,ECG,251,6524,0,0,0,0,0
19551,ECG,252,6482,0,0,0,0,0
19551,ECG,253,6441,0,0,0,0,0
19552,ECG,254,6400,0,0,0,0,0
19556,ECG,255,6359,0,0,0,0,0
19556,ECG,256,6319,0,0,0,0,0
19561,ECG,257,6279,0,0,0,0,0
19561,ECG,258,6239,0,0,0,0,0
19561,ECG,259,6199,0,0,0,0,0
19566,ECG,260,6159,0,0,0,0,0
19566,ECG,261,6120,0,0,0,0,0
19571,ECG,262,6081,0,0,0,0,0
19571,ECG,263,6042,0,0,0,0,0
19571,ECG,264,6004,0,0,0,0,0
19576,ECG,265,5966,0,0,0,0,0
19576,ECG,266,5928,0,0,0,0,0
19581,ECG,267,5890,0,0,0,0,0
19581,ECG,268,5852,0,0,0,0,0
19581,ECG,269,5815,0,0,0,0,0
19586,ECG,270,5778,0,0,0,0,0
19586,ECG,271,5741,0,0,0,0,0
19591,ECG,272,5705,0,0,0,0,0
19591,ECG,273,5669,0,0,0,0,0
19591,ECG,274,5632,0,0,0,0,0
19596,ECG,275,5596,0,0,0,0,0
19596,ECG,276,5561,0,0,0,0,0
19601,ECG,277,5490,0,0,0,0,0
19601,ECG,278,5455,0,0,0,0,0
19606,ECG,279,5420,0,0,0,0,0
19606,ECG,280,5386,0,0,0,0,0
19611,ECG,281,5317,0,0,0,0,0
19611,ECG,282,5283,0,0,0,0,0
19616,ECG,283,5249,0,0,0,0,0
19616,ECG,284,5216,0,0,0,0,0
19616,ECG,285,5183,0,0,0,0,0
19621,ECG,286,5150,0,0,0,0,0
19621,ECG,287,5117,0,0,0,0,0
19626,ECG,288,5084,0,0,0,0,0
19626,ECG,289,5051,0,0,0,0,0
19626,ECG,290,5019,0,0,0,0,0
19631,ECG,291,4987,0,0,0,0,0
19631,ECG,292,4955,0,0,0,0,0
19636,ECG,293,4924,0,0,0,0,0
19636,ECG,294,4892,0,0,0,0,0
19636,ECG,295,4861,0,0,0,0,0
19641,ECG,296,4830,0,0,0,0,0
19641,ECG,297,4799,0,0,0,0,0
19646,ECG,298,4738,0,0,0,0,0
19646,ECG,299,4707,0,0,0,0,0
19651,ECG,300,4677,0,0,0,0,0
19651,ECG,301,4647,0,0,0,0,0
19652,ECG,302,4618,0,0,0,0,0
19656,ECG,303,4588,0,0,0,0,0
19656,ECG,304,4559,0,0,0,0,0
19661,ECG,305,4530,0,0,0,0,0
19661,ECG,306,4501,0,0,0,0,0
19661,ECG,307,4472,0,0,0,0,0
19666,ECG,308,4443,0,0,0,0,0
19666,ECG,309,4415,0,0,0,0,0
19671,ECG,310,4386,0,0,0,0,0
19671,ECG,311,4358,0,0,0,0,0
19671,ECG,312,4330,0,0,0,0,0
19676,ECG,313,4303,0,0,0,0,0
19676,ECG,314,4275,0,0,0,0,0
19681,ECG,315,4248,0,0,0,0,0
19681,ECG,316,4220,0,0,0,0,0
19681,ECG,317,4193,0,0,0,0,0
19686,ECG,318,4166,0,0,0,0,0
19686,ECG,319,4140,0,0,0,0,0
19691,ECG,320,4113,0,0,0,0,0
19691,ECG,321,4087,0,0,0,0,0
19691,ECG,322,4060,0,0,0,0,0
19696,ECG,323,4034,0,0,0,0,0
19696,ECG,324,4008,0,0,0,0,0
19701,ECG,325,3957,0,0,0,0,0
19701,ECG,326,3932,0,0,0,0,0
19706,ECG,327,3906,0,0,0,0,0
19706,ECG,328,3881,0,0,0,0,0
19711,ECG,329,3832,0,0,0,0,0
19711,ECG,330,3807,0,0,0,0,0
19716,ECG,331,3782,0,0,0,0,0
19716,ECG,332,3758,0,0,0,0,0
19716,ECG,333,3734,0,0,0,0,0
19721,ECG,334,3710,0,0,0,0,0
19721,ECG,335,3686,0,0,0,0,0
19726,ECG,336,3662,0,0,0,0,0
19726,ECG,337,3639,0,0,0,0,0
19726,ECG,338,3615,0,0,0,0,0
19731,ECG,339,3592,0,0,0,0,0
19731,ECG,340,3569,0,0,0,0,0
19736,ECG,341,3546,0,0,0,0,0
19736,ECG,342,3523,0,0,0,0,0
19736,ECG,343,3500,0,0,0,0,0
19741,ECG,344,3478,0,0,0,0,0
19741,ECG,345,3455,0,0,0,0,0
19746,ECG,346,3411,0,0,0,0,0
19746,ECG,347,3389,0,0,0,0,0
19751,ECG,348,3367,0,0,0,0,0
19751,ECG,349,3345,0,0,0,0,0
19752,ECG,350,3324,0,0,0,0,0
19756,ECG,351,3302,0,0,0,0,0
19756,ECG,352,3281,0,0,0,0,0
19761,ECG,353,3260,0,0,0,0,0
19761,ECG,354,3239,0,0,0,0,0
19766,ECG,355,3197,0,0,0,0,0
19766,ECG,356,3176,0,0,0,0,0
19771,ECG,357,3156,0,0,0,0,0
19771,ECG,358,3135,0,0,0,0,0
19771,ECG,359,3115,0,0,0,0,0
19776,ECG,360,3095,0,0,0,0,0
19776,ECG,361,3075,0,0,0,0,0
19781,ECG,362,3055,0,0,0,0,0
19781,ECG,363,3035,0,0,0,0,0
19781,ECG,364,3015,0,0,0,0,0
19786,ECG,365,2996,0,0,0,0,0
19786,ECG,366,2976,0,0,0,0,0
19791,ECG,367,2957,0,0,0,0,0
19791,ECG,368,2938,0,0,0,0,0
19791,ECG,369,2919,0,0,0,0,0
19796,ECG,370,2900,0,0,0,0,0
19796,ECG,371,2881,0,0,0,0,0
19801,ECG,372,2844,0,0,0,0,0
19801,ECG,373,2825,0,0,0,0,0
19806,ECG,374,2807,0,0,0,0,0
19806,ECG,375,2789,0,0,0,0,0
19811,ECG,376,2753,0,0,0,0,0
19811,ECG,377,2735,0,0,0,0,0
19816,ECG,378,2717,0,0,0,0,0
19816,ECG,379,2700,0,0,0,0,0
19816,ECG,380,2682,0,0,0,0,0
19821,ECG,381,2665,0,0,0,0,0
19821,ECG,382,2647,0,0,0,0,0
19826,ECG,383,2630,0,0,0,0,0
19826,ECG,384,2613,0,0,0,0,0
19826,ECG,385,2596,0,0,0,0,0
19831,ECG,386,2579,0,0,0,0,0
19831,ECG,387,2562,0,0,0,0,0
19836,ECG,388,2546,0,0,0,0,0
19836,ECG,389,2529,0,0,0,0,0
19836,ECG,390,2513,0,0,0,0,0
19841,ECG,391,2496,0,0,0,0,0
19841,ECG,392,2480,0,0,0,0,0
19846,ECG,393,2448,0,0,0,0,0
19846,ECG,394,2432,0,0,0,0,0
19851,ECG,395,2416,0,0,0,0,0
19851,ECG,396,2400,0,0,0,0,0
19852,ECG,397,2385,0,0,0,0,0
19856,ECG,398,2369,0,0,0,0,0
19856,ECG,399,2354,0,0,0,0,0
19861,ECG,400,2338,0,0,0,0,0
19861,ECG,401,2323,0,0,0,0,0
19861,ECG,402,2308,0,0,0,0,0
19866,ECG,403,2293,0,0,0,0,0
19866,ECG,404,2278,0,0,0,0,0
19871,ECG,405,2263,0,0,0,0,0
19871,ECG,406,2248,0,0,0,0,0
19871,ECG,407,2233,0,0,0,0,0
19876,ECG,408,2219,0,0,0,0,0
19876,ECG,409,2204,0,0,0,0,0
19881,ECG,410,2190,0,0,0,0,0
19881,ECG,411,2176,0,0,0,0,0
19881,ECG,412,2161,0,0,0,0,0
19886,ECG,413,2147,0,0,0,0,0
19886,ECG,414,2133,0,0,0,0,0
19891,ECG,415,2119,0,0,0,0,0
19891,ECG,416,2105,0,0,0,0,0
19891,ECG,417,2091,0,0,0,0,0
19896,ECG,418,2078,0,0,0,0,0
19896,ECG,419,2064,0,0,0,0,0
19901,ECG,420,2037,0,0,0,0,0
19901,ECG,421,2023,0,0,0,0,0
19906,ECG,422,2010,0,0,0,0,0
19906,ECG,423,1997,0,0,0,0,0
19911,ECG,424,1971,0,0,0,0,0
19911,ECG,425,1958,0,0,0,0,0
19916,ECG,426,1945,0,0,0,0,0
19916,ECG,427,1932,0,0,0,0,0
19916,ECG,428,1919,0,0,0,0,0
19921,ECG,429,1906,0,0,0,0,0
19921,ECG,430,1894,0,0,0,0,0
19926,ECG,431,1881,0,0,0,0,0
19926,ECG,432,1869,0,0,0,0,0
19926,ECG,433,1857,0,0,0,0,0
19931,ECG,434,1844,0,0,0,0,0
19931,ECG,435,1832,0,0,0,0,0
19936,ECG,436,1820,0,0,0,0,0
19936,ECG,437,1808,0,0,0,0,0
19936,ECG,438,1796,0,0,0,0,0
19941,ECG,439,1784,0,0,0,0,0
19941,ECG,440,1772,0,0,0,0,0
19946,ECG,441,1749,0,0,0,0,0
19946,ECG,442,1737,0,0,0,0,0
19951,ECG,443,1726,0,0,0,0,0
19951,ECG,444,1714,0,0,0,0,0
19952,ECG,445,1703,0,0,0,0,0
19956,ECG,446,1692,0,0,0,0,0
19956,ECG,447,1681,0,0,0,0,0
19961,ECG,448,1669,0,0,0,0,0
19961,ECG,449,1658,0,0,0,0,0
19961,ECG,450,1647,0,0,0,0,0
19966,ECG,451,1636,0,0,0,0,0
19966,ECG,452,1625,0,0,0,0,0
19971,ECG,453,1615,0,0,0,0,0
19971,ECG,454,1604,0,0,0,0,0
19971,ECG,455,1593,0,0,0,0,0
19976,ECG,456,1583,0,0,0,0,0
19976,ECG,457,1572,0,0,0,0,0
19981,ECG,458,1562,0,0,0,0,0
19981,ECG,459,1551,0,0,0,0,0
19981,ECG,460,1541,0,0,0,0,0
19986,ECG,461,1531,0,0,0,0,0
19986,ECG,462,1520,0,0,0,0,0
19991,ECG,463,1510,0,0,0,0,0
19991,ECG,464,1500,0,0,0,0,0
19991,ECG,465,1490,0,0,0,0,0
19996,ECG,466,1480,0,0,0,0,0
19996,ECG,467,1470,0,0,0,0,0
20001,ECG,468,1451,0,0,0,0,0
20001,ECG,469,1441,0,0,0,0,0
20010,ECG,470,1431,0,0,0,0,0
20010,ECG,471,1422,0,0,0,0,0
20010,ECG,472,1412,0,0,0,0,0
20010,ECG,473,1403,0,0,0,0,0
20015,ECG,474,1384,0,0,0,0,0
20015,ECG,475,1375,0,0,0,0,0
20020,ECG,476,1365,0,0,0,0,0
20020,ECG,477,1356,0,0,0,0,0
20020,ECG,478,1347,0,0,0,0,0
20025,ECG,479,1338,0,0,0,0,0
20025,ECG,480,1329,0,0,0,0,0
20030,ECG,481,1320,0,0,0,0,0
20030,ECG,482,1311,0,0,0,0,0
20030,ECG,483,1302,0,0,0,0,0
20035,ECG,484,1294,0,0,0,0,0
20035,ECG,485,1285,0,0,0,0,0
20040,ECG,486,1268,0,0,0,0,0
20040,ECG,487,1259,0,0,0,0,0
20045,ECG,488,1251,0,0,0,0,0
20045,ECG,489,1242,0,0,0,0,0
20046,ECG,490,1234,0,0,0,0,0
20050,ECG,491,1225,0,0,0,0,0
20050,ECG,492,1217,0,0,0,0,0
20055,ECG,493,1209,0,0,0,0,0
20055,ECG,494,1201,0,0,0,0,0
20060,ECG,495,1184,0,0,0,0,0
20060,ECG,496,1176,0,0,0,0,0
20065,ECG,497,1168,0,0,0,0,0
20065,ECG,498,1160,0,0,0,0,0
20065,ECG,499,1152,0,0,0,0,0
20070,ECG,500,1145,0,0,0,0,0
20070,ECG,501,1137,0,0,0,0,0
20075,ECG,502,1129,0,0,0,0,0
20075,ECG,503,1121,0,0,0,0,0
20075,ECG,504,1114,0,0,0,0,0
20080,ECG,505,1106,0,0,0,0,0
20080,ECG,506,1099,0,0,0,0,0
20085,ECG,507,1091,0,0,0,0,0
20085,ECG,508,1084,0,0,0,0,0
20085,ECG,509,1076,0,0,0,0,0
20090,ECG,510,1069,0,0,0,0,0
20090,ECG,511,1062,0,0,0,0,0
20095,ECG,512,1047,0,0,0,0,0
20095,ECG,513,1040,0,0,0,0,0
20100,ECG,514,1033,0,0,0,0,0
20100,ECG,515,1026,0,0,0,0,0
20105,ECG,516,1012,0,0,0,0,0
20105,ECG,517,1005,0,0,0,0,0
20110,ECG,518,998,0,0,0,0,0
20110,ECG,519,991,0,0,0,0,0
20110,ECG,520,984,0,0,0,0,0
21117,ECG,521,0,0,0,0,0,0
21117,ECG,522,-1,0,0,0,0,0
21117,ECG,523,-6,0,0,0,0,0
21122,ECG,524,2,0,0,0,0,0
21122,ECG,525,6,0,0,0,0,0
21127,ECG,526,38,0,0,0,0,0
21127,ECG,527,-16,0,0,0,0,0
21132,ECG,528,-26,0,0,0,0,0
21132,ECG,529,151,0,0,0,0,0
21133,ECG,530,-753,0,0,0,0,0
21137,ECG,531,-2109,0,0,0,0,0
21137,ECG,532,-1850,0,0,0,0,0
21142,ECG,533,-36,0,0,0,0,0
21142,ECG,534,3394,0,0,0,0,0
21142,ECG,535,8729,0,0,0,0,0
21147,ECG,536,15156,0,0,0,0,0
21147,ECG,537,21689,0,0,0,0,0
21152,ECG,538,27397,0,0,0,0,0
21152,ECG,539,31311,0,0,0,0,0
21152,ECG,540,32011,0,0,0,0,0
21157,ECG,541,31810,0,0,0,0,0
21157,ECG,542,31610,0,0,0,0,0
21162,ECG,543,31343,0,0,0,0,0
21162,ECG,544,31109,0,0,0,0,0
21162,ECG,545,31019,0,0,0,0,0
21167,ECG,546,30731,0,0,0,0,0
21167,ECG,547,30591,0,0,0,0,0
21172,ECG,548,30395,0,0,0,0,0
21172,ECG,549,30195,0,0,0,0,0
21172,ECG,550,30019,0,0,0,0,0
21177,ECG,551,29827,0,0,0,0,0
21177,ECG,552,29638,0,0,0,0,0
21182,ECG,553,29266,0,0,0,0,0
21182,ECG,554,29082,0,0,0,0,0
21187,ECG,555,28900,0,0,0,0,0
21187,ECG,556,28718,0,0,0,0,0
21192,ECG,557,28358,0,0,0,0,0
21192,ECG,558,28180,0,0,0,0,0
21197,ECG,559,28002,0,0,0,0,0
21197,ECG,560,27826,0,0,0,0,0
21197,ECG,561,27651,0,0,0,0,0
21202,ECG,562,27478,0,0,0,0,0
21202,ECG,563,27305,0,0,0,0,0
21207,ECG,564,27133,0,0,0,0,0
21207,ECG,565,26963,0,0,0,0,0
21207,ECG,566,26793,0,0,0,0,0
21212,ECG,567,26625,0,0,0,0,0
21212,ECG,568,26457,0,0,0,0,0
21217,ECG,569,26291,0,0,0,0,0
21217,ECG,570,26126,0,0,0,0,0
21217,ECG,571,25961,0,0,0,0,0
21222,ECG,572,25798,0,0,0,0,0
21222,ECG,573,25636,0,0,0,0,0
21227,ECG,574,25314,0,0,0,0,0
21227,ECG,575,25155,0,0,0,0,0
21232,ECG,576,24997,0,0,0,0,0
21232,ECG,577,24840,0,0,0,0,0
21237,ECG,578,24528,0,0,0,0,0
21237,ECG,579,24374,0,0,0,0,0
21242,ECG,580,24221,0,0,0,0,0
21242,ECG,581,24068,0,0,0,0,0
21242,ECG,582,23917,0,0,0,0,0
21247,ECG,583,23766,0,0,0,0,0
21247,ECG,584,23617,0,0,0,0,0
21252,ECG,585,23468,0,0,0,0,0
21252,ECG,586,23321,0,0,0,0,0
21252,ECG,587,23174,0,0,0,0,0
21257,ECG,588,23028,0,0,0,0,0
21257,ECG,589,22883,0,0,0,0,0
21262,ECG,590,22739,0,0,0,0,0
21262,ECG,591,22596,0,0,0,0,0
21262,ECG,592,22454,0,0,0,0,0
21267,ECG,593,22313,0,0,0,0,0
21267,ECG,594,22172,0,0,0,0,0
21272,ECG,595,22033,0,0,0,0,0
21272,ECG,596,21894,0,0,0,0,0
21272,ECG,597,21756,0,0,0,0,0
21277,ECG,598,21619,0,0,0,0,0
21277,ECG,599,21483,0,0,0,0,0
21282,ECG,600,21214,0,0,0,0,0
21282,ECG,601,21080,0,0,0,0,0
21287,ECG,602,20948,0,0,0,0,0
21287,ECG,603,20816,0,0,0,0,0
21292,ECG,604,20555,0,0,0,0,0
21292,ECG,605,20425,0,0,0,0,0
21297,ECG,606,20297,0,0,0,0,0
21297,ECG,607,20169,0,0,0,0,0
21297,ECG,608,20042,0,0,0,0,0
21302,ECG,609,19916,0,0,0,0,0
21302,ECG,610,19790,0,0,0,0,0
21307,ECG,611,19666,0,0,0,0,0
21307,ECG,612,19542,0,0,0,0,0
21307,ECG,613,19419,0,0,0,0,0
21312,ECG,614,19297,0,0,0,0,0
21312,ECG,615,19175,0,0,0,0,0
21317,ECG,616,19055,0,0,0,0,0
21317,ECG,617,18935,0,0,0,0,0
21317,ECG,618,18815,0,0,0,0,0
21322,ECG,619,18697,0,0,0,0,0
21322,ECG,620,18579,0,0,0,0,0
21327,ECG,621,18346,0,0,0,0,0
21327,ECG,622,18230,0,0,0,0,0
21332,ECG,623,18116,0,0,0,0,0
21332,ECG,624,18002,0,0,0,0,0
21337,ECG,625,17775,0,0,0,0,0
21337,ECG,626,17663,0,0,0,0,0
21342,ECG,627,17552,0,0,0,0,0
21342,ECG,628,17442,0,0,0,0,0
21342,ECG,629,17332,0,0,0,0,0
21347,ECG,630,17222,0,0,0,0,0
21347,ECG,631,17114,0,0,0,0,0
21352,ECG,632,17006,0,0,0,0,0
21352,ECG,633,16899,0,0,0,0,0
21352,ECG,634,16792,0,0,0,0,0
21357,ECG,635,16687,0,0,0,0,0
21357,ECG,636,16581,0,0,0,0,0
21362,ECG,637,16477,0,0,0,0,0
21362,ECG,638,16373,0,0,0,0,0
21362,ECG,639,16270,0,0,0,0,0
21367,ECG,640,16167,0,0,0,0,0
21367,ECG,641,16065,0,0,0,0,0
21372,ECG,642,15864,0,0,0,0,0
21372,ECG,643,15764,0,0,0,0,0
21377,ECG,644,15664,0,0,0,0,0
21377,ECG,645,15566,0,0,0,0,0
21378,ECG,646,15467,0,0,0,0,0
21382,ECG,647,15370,0,0,0,0,0
21382,ECG,648,15273,0,0,0,0,0
21387,ECG,649,15177,0,0,0,0,0
21387,ECG,650,15081,0,0,0,0,0
21392,ECG,651,14891,0,0,0,0,0
21392,ECG,652,14797,0,0,0,0,0
21397,ECG,653,14704,0,0,0,0,0
21397,ECG,654,14611,0,0,0,0,0
21397,ECG,655,14519,0,0,0,0,0
21402,ECG,656,14428,0,0,0,0,0
21402,ECG,657,14337,0,0,0,0,0
21407,ECG,658,14246,0,0,0,0,0
21407,ECG,659,14156,0,0,0,0,0
21407,ECG,660,14067,0,0,0,0,0
21412,ECG,661,13978,0,0,0,0,0
21412,ECG,662,13890,0,0,0,0,0
21417,ECG,663,13802,0,0,0,0,0
21417,ECG,664,13715,0,0,0,0,0
21417,ECG,665,13629,0,0,0,0,0
21422,ECG,666,13543,0,0,0,0,0
21422,ECG,667,13457,0,0,0,0,0
21427,ECG,668,13288,0,0,0,0,0
21427,ECG,669,13204,0,0,0,0,0
21432,ECG,670,13121,0,0,0,0,0
21432,ECG,671,13038,0,0,0,0,0
21437,ECG,672,12874,0,0,0,0,0
21437,ECG,673,12793,0,0,0,0,0
21442,ECG,674,12712,0,0,0,0,0
21442,ECG,675,12632,0,0,0,0,0
21442,ECG,676,12552,0,0,0,0,0
21447,ECG,677,12473,0,0,0,0,0
21447,ECG,678,12394,0,0,0,0,0
21452,ECG,679,12316,0,0,0,0,0
21452,ECG,680,12238,0,0,0,0,0
21452,ECG,681,12161,0,0,0,0,0
21457,ECG,682,12084,0,0,0,0,0
21457,ECG,683,12008,0,0,0,0,0
21462,ECG,684,11932,0,0,0,0,0
21462,ECG,685,11857,0,0,0,0,0
21462,ECG,686,11782,0,0,0,0,0
21467,ECG,687,11707,0,0,0,0,0
21467,ECG,688,11633,0,0,0,0,0
21472,ECG,689,11487,0,0,0,0,0
21472,ECG,690,11414,0,0,0,0,0
21477,ECG,691,11342,0,0,0,0,0
21477,ECG,692,11271,0,0,0,0,0
21478,ECG,693,11199,0,0,0,0,0
21482,ECG,694,11129,0,0,0,0,0
21482,ECG,695,11058,0,0,0,0,0
21487,ECG,696,10988,0,0,0,0,0
21487,ECG,697,10919,0,0,0,0,0
21492,ECG,698,10781,0,0,0,0,0
21492,ECG,699,10713,0,0,0,0,0
21497,ECG,700,10645,0,0,0,0,0
21497,ECG,701,10578,0,0,0,0,0
21497,ECG,702,10511,0,0,0,0,0
21502,ECG,703,10445,0,0,0,0,0
21502,ECG,704,10379,0,0,0,0,0
21507,ECG,705,10313,0,0,0,0,0
21507,ECG,706,10248,0,0,0,0,0
21507,ECG,707,10183,0,0,0,0,0
21512,ECG,708,10118,0,0,0,0,0
21512,ECG,709,10054,0,0,0,0,0
21517,ECG,710,9991,0,0,0,0,0
21517,ECG,711,9928,0,0,0,0,0
21517,ECG,712,9865,0,0,0,0,0
21522,ECG,713,9802,0,0,0,0,0
21522,ECG,714,9740,0,0,0,0,0
21527,ECG,715,9617,0,0,0,0,0
21527,ECG,716,9557,0,0,0,0,0
21532,ECG,717,9496,0,0,0,0,0
21532,ECG,718,9436,0,0,0,0,0
21537,ECG,719,9317,0,0,0,0,0
21537,ECG,720,9258,0,0,0,0,0
21542,ECG,721,9200,0,0,0,0,0
21542,ECG,722,9141,0,0,0,0,0
21542,ECG,723,9083,0,0,0,0,0
21547,ECG,724,9026,0,0,0,0,0
21547,ECG,725,8969,0,0,0,0,0
21552,ECG,726,8912,0,0,0,0,0
21552,ECG,727,8855,0,0,0,0,0
21552,ECG,728,8799,0,0,0,0,0
21557,ECG,729,8744,0,0,0,0,0
21557,ECG,730,8688,0,0,0,0,0
21562,ECG,731,8633,0,0,0,0,0
21562,ECG,732,8578,0,0,0,0,0
21562,ECG,733,8524,0,0,0,0,0
21567,ECG,734,8470,0,0,0,0,0
21567,ECG,735,8416,0,0,0,0,0
21572,ECG,736,8310,0,0,0,0,0
21572,ECG,737,8257,0,0,0,0,0
21577,ECG,738,8205,0,0,0,0,0
21577,ECG,739,8153,0,0,0,0,0
21578,ECG,740,8101,0,0,0,0,0
21582,ECG,741,8050,0,0,0,0,0
21582,ECG,742,7999,0,0,0,0,0
21587,ECG,743,7948,0,0,0,0,0
21587,ECG,744,7898,0,0,0,0,0
21592,ECG,745,7798,0,0,0,0,0
21592,ECG,746,7749,0,0,0,0,0
21597,ECG,747,7699,0,0,0,0,0
21597,ECG,748,7651,0,0,0,0,0
21597,ECG,749,7602,0,0,0,0,0
21602,ECG,750,7554,0,0,0,0,0
21602,ECG,751,7506,0,0,0,0,0
21607,ECG,752,7458,0,0,0,0,0
21607,ECG,753,7411,0,0,0,0,0
21607,ECG,754,7364,0,0,0,0,0
21612,ECG,755,7317,0,0,0,0,0
21612,ECG,756,7271,0,0,0,0,0
21617,ECG,757,7224,0,0,0,0,0
21617,ECG,758,7178,0,0,0,0,0
21617,ECG,759,7133,0,0,0,0,0
21622,ECG,760,7088,0,0,0,0,0
21622,ECG,761,7043,0,0,0,0,0
21627,ECG,762,6953,0,0,0,0,0
21627,ECG,763,6909,0,0,0,0,0
21632,ECG,764,6865,0,0,0,0,0
21632,ECG,765,6821,0,0,0,0,0
21633,ECG,766,6778,0,0,0,0,0
21637,ECG,767,6735,0,0,0,0,0
21637,ECG,768,6692,0,0,0,0,0
21642,ECG,769,6650,0,0,0,0,0
21642,ECG,770,6608,0,0,0,0,0
21642,ECG,771,6566,0,0,0,0,0
21647,ECG,772,6524,0,0,0,0,0
21647,ECG,773,6482,0,0,0,0,0
21652,ECG,774,6441,0,0,0,0,0
21652,ECG,775,6400,0,0,0,0,0
21652,ECG,776,6359,0,0,0,0,0
21657,ECG,777,6319,0,0,0,0,0
21657,ECG,778,6279,0,0,0,0,0
21662,ECG,779,6239,0,0,0,0,0
21662,ECG,780,6199,0,0,0,0,0
21662,ECG,781,6159,0,0,0,0,0
21667,ECG,782,6120,0,0,0,0,0
21667,ECG,783,6081,0,0,0,0,0
21672,ECG,784,6042,0,0,0,0,0
21672,ECG,785,6004,0,0,0,0,0
21672,ECG,786,5966,0,0,0,0,0
21677,ECG,787,5928,0,0,0,0,0
21677,ECG,788,5890,0,0,0,0,0
21682,ECG,789,5815,0,0,0,0,0
21682,ECG,790,5778,0,0,0,0,0
21687,ECG,791,5741,0,0,0,0,0
21687,ECG,792,5705,0,0,0,0,0
21692,ECG,793,5632,0,0,0,0,0
21692,ECG,794,5596,0,0,0,0,0
21697,ECG,795,5561,0,0,0,0,0
21697,ECG,796,5525,0,0,0,0,0
21697,ECG,797,5490,0,0,0,0,0
21702,ECG,798,5455,0,0,0,0,0
21702,ECG,799,5420,0,0,0,0,0
21707,ECG,800,5386,0,0,0,0,0
21707,ECG,801,5351,0,0,0,0,0
21707,ECG,802,5317,0,0,0,0,0
21712,ECG,803,5283,0,0,0,0,0
21712,ECG,804,5249,0,0,0,0,0
21717,ECG,805,5216,0,0,0,0,0
21717,ECG,806,5183,0,0,0,0,0
21717,ECG,807,5150,0,0,0,0,0
21722,ECG,808,5117,0,0,0,0,0
21722,ECG,809,5084,0,0,0,0,0
21727,ECG,810,5019,0,0,0,0,0
21727,ECG,811,4987,0,0,0,0,0
21732,ECG,812,4955,0,0,0,0,0
21732,ECG,813,4924,0,0,0,0,0
21733,ECG,814,4892,0,0,0,0,0
21737,ECG,815,4861,0,0,0,0,0
21737,ECG,816,4830,0,0,0,0,0
21742,ECG,817,4799,0,0,0,0,0
21742,ECG,818,4768,0,0,0,0,0
21742,ECG,819,4738,0,0,0,0,0
21747,ECG,820,4707,0,0,0,0,0
21747,ECG,821,4677,0,0,0,0,0
21752,ECG,822,4647,0,0,0,0,0
21752,ECG,823,4618,0,0,0,0,0
21752,ECG,824,4588,0,0,0,0,0
21757,ECG,825,4559,0,0,0,0,0
21757,ECG,826,4530,0,0,0,0,0
21762,ECG,827,4501,0,0,0,0,0
21762,ECG,828,4472,0,0,0,0,0
21762,ECG,829,4443,0,0,0,0,0
21767,ECG,830,4415,0,0,0,0,0
21767,ECG,831,4386,0,0,0,0,0
21772,ECG,832,4358,0,0,0,0,0
21772,ECG,833,4330,0,0,0,0,0
21772,ECG,834,4303,0,0,0,0,0
21777,ECG,835,4275,0,0,0,0,0
21777,ECG,836,4248,0,0,0,0,0
21782,ECG,837,4193,0,0,0,0,0
21782,ECG,838,4166,0,0,0,0,0
21787,ECG,839,4140,0,0,0,0,0
21787,ECG,840,4113,0,0,0,0,0
21792,ECG,841,4060,0,0,0,0,0
21792,ECG,842,4034,0,0,0,0,0
21797,ECG,843,4008,0,0,0,0,0
21797,ECG,844,3983,0,0,0,0,0
21797,ECG,845,3957,0,0,0,0,0
21802,ECG,846,3932,0,0,0,0,0
21802,ECG,847,3906,0,0,0,0,0
21807,ECG,848,3881,0,0,0,0,0
21807,ECG,849,3856,0,0,0,0,0
21807,ECG,850,3832,0,0,0,0,0
21812,ECG,851,3807,0,0,0,0,0
21812,ECG,852,3782,0,0,0,0,0
21817,ECG,853,3758,0,0,0,0,0
21817,ECG,854,3734,0,0,0,0,0
21817,ECG,855,3710,0,0,0,0,0
21822,ECG,856,3686,0,0,0,0,0
21822,ECG,857,3662,0,0,0,0,0
21827,ECG,858,3615,0,0,0,0,0
21827,ECG,859,3592,0,0,0,0,0
21832,ECG,860,3569,0,0,0,0,0
21832,ECG,861,3546,0,0,0,0,0
21837,ECG,862,3500,0,0,0,0,0
21837,ECG,863,3478,0,0,0,0,0
21842,ECG,864,3455,0,0,0,0,0
21842,ECG,865,3433,0,0,0,0,0
21847,ECG,866,3389,0,0,0,0,0
21847,ECG,867,3367,0,0,0,0,0
21852,ECG,868,3345,0,0,0,0,0
21852,ECG,869,3324,0,0,0,0,0
21852,ECG,870,3302,0,0,0,0,0
21857,ECG,871,3281,0,0,0,0,0
21857,ECG,872,3260,0,0,0,0,0
21862,ECG,873,3239,0,0,0,0,0
21862,ECG,874,3218,0,0,0,0,0
21862,ECG,875,3197,0,0,0,0,0
21867,ECG,876,3176,0,0,0,0,0
21867,ECG,877,3156,0,0,0,0,0
21872,ECG,878,3135,0,0,0,0,0
21872,ECG,879,3115,0,0,0,0,0
21872,ECG,880,3095,0,0,0,0,0
21877,ECG,881,3075,0,0,0,0,0
21877,ECG,882,3055,0,0,0,0,0
21882,ECG,883,3015,0,0,0,0,0
21882,ECG,884,2996,0,0,0,0,0
21887,ECG,885,2976,0,0,0,0,0
21887,ECG,886,2957,0,0,0,0,0
21892,ECG,887,2919,0,0,0,0,0
21892,ECG,888,2900,0,0,0,0,0
21897,ECG,889,2881,0,0,0,0,0
21897,ECG,890,2862,0,0,0,0,0
21897,ECG,891,2844,0,0,0,0,0
21902,ECG,892,2825,0,0,0,0,0
21902,ECG,893,2807,0,0,0,0,0
21907,ECG,894,2789,0,0,0,0,0
21907,ECG,895,2771,0,0,0,0,0
21907,ECG,896,2753,0,0,0,0,0
21912,ECG,897,2735,0,0,0,0,0
21912,ECG,898,2717,0,0,0,0,0
21917,ECG,899,2700,0,0,0,0,0
21917,ECG,900,2682,0,0,0,0,0
21917,ECG,901,2665,0,0,0,0,0
21922,ECG,902,2647,0,0,0,0,0
21922,ECG,903,2630,0,0,0,0,0
21927,ECG,904,2596,0,0,0,0,0
21927,ECG,905,2579,0,0,0,0,0
21932,ECG,906,2562,0,0,0,0,0
21932,ECG,907,2546,0,0,0,0,0
21933,ECG,908,2529,0,0,0,0,0
21937,ECG,909,2513,0,0,0,0,0
21937,ECG,910,2496,0,0,0,0,0
21942,ECG,911,2480,0,0,0,0,0
21942,ECG,912,2464,0,0,0,0,0
21947,ECG,913,2432,0,0,0,0,0
21947,ECG,914,2416,0,0,0,0,0
21952,ECG,915,2400,0,0,0,0,0
21952,ECG,916,2385,0,0,0,0,0
21952,ECG,917,2369,0,0,0,0,0
21957,ECG,918,2354,0,0,0,0,0
21957,ECG,919,2338,0,0,0,0,0
21962,ECG,920,2323,0,0,0,0,0
21962,ECG,921,2308,0,0,0,0,0
21962,ECG,922,2293,0,0,0,0,0
21967,ECG,923,2278,0,0,0,0,0
21967,ECG,924,2263,0,0,0,0,0
21972,ECG,925,2248,0,0,0,0,0
21972,ECG,926,2233,0,0,0,0,0
21972,ECG,927,2219,0,0,0,0,0
21977,ECG,928,2204,0,0,0,0,0
21977,ECG,929,2190,0,0,0,0,0
21982,ECG,930,2161,0,0,0,0,0
21982,ECG,931,2147,0,0,0,0,0
21987,ECG,932,2133,0,0,0,0,0
21987,ECG,933,2119,0,0,0,0,0
21992,ECG,934,2091,0,0,0,0,0
21992,ECG,935,2078,0,0,0,0,0
21997,ECG,936,2064,0,0,0,0,0
21997,ECG,937,2050,0,0,0,0,0
21997,ECG,938,2037,0,0,0,0,0
22002,ECG,939,2023,0,0,0,0,0
22002,ECG,940,2010,0,0,0,0,0
22007,ECG,941,1997,0,0,0,0,0
22007,ECG,942,1984,0,0,0,0,0
22007,ECG,943,1971,0,0,0,0,0
22012,ECG,944,1958,0,0,0,0,0
22012,ECG,945,1945,0,0,0,0,0
22017,ECG,946,1932,0,0,0,0,0
22017,ECG,947,1919,0,0,0,0,0
22017,ECG,948,1906,0,0,0,0,0
22022,ECG,949,1894,0,0,0,0,0
22022,ECG,950,1881,0,0,0,0,0
22027,ECG,951,1857,0,0,0,0,0
22027,ECG,952,1844,0,0,0,0,0
22032,ECG,953,1832,0,0,0,0,0
22032,ECG,954,1820,0,0,0,0,0
22033,ECG,955,1808,0,0,0,0,0
22037,ECG,956,1796,0,0,0,0,0
22037,ECG,957,1784,0,0,0,0,0
22042,ECG,958,1772,0,0,0,0,0
22042,ECG,959,1761,0,0,0,0,0
22047,ECG,960,1737,0,0,0,0,0
22047,ECG,961,1726,0,0,0,0,0
22052,ECG,962,1714,0,0,0,0,0
22052,ECG,963,1703,0,0,0,0,0
22052,ECG,964,1692,0,0,0,0,0
22057,ECG,965,1681,0,0,0,0,0
22057,ECG,966,1669,0,0,0,0,0
22062,ECG,967,1658,0,0,0,0,0
22062,ECG,968,1647,0,0,0,0,0
22062,ECG,969,1636,0,0,0,0,0
22067,ECG,970,1625,0,0,0,0,0
22067,ECG,971,1615,0,0,0,0,0
22072,ECG,972,1593,0,0,0,0,0
22072,ECG,973,1583,0,0,0,0,0
22077,ECG,974,1572,0,0,0,0,0
22077,ECG,975,1562,0,0,0,0,0
22078,ECG,976,1551,0,0,0,0,0
22082,ECG,977,1541,0,0,0,0,0
22082,ECG,978,1531,0,0,0,0,0
22087,ECG,979,1520,0,0,0,0,0
22087,ECG,980,1510,0,0,0,0,0
22092,ECG,981,1490,0,0,0,0,0
22092,ECG,982,1480,0,0,0,0,0
22097,ECG,983,1470,0,0,0,0,0
22097,ECG,984,1460,0,0,0,0,0
22097,ECG,985,1451,0,0,0,0,0
22102,ECG,986,1441,0,0,0,0,0
22102,ECG,987,1431,0,0,0,0,0
22107,ECG,988,1422,0,0,0,0,0
22107,ECG,989,1412,0,0,0,0,0
22107,ECG,990,1403,0,0,0,0,0
22112,ECG,991,1393,0,0,0,0,0
22112,ECG,992,1384,0,0,0,0,0
22117,ECG,993,1375,0,0,0,0,0
22117,ECG,994,1365,0,0,0,0,0
22117,ECG,995,1356,0,0,0,0,0
22122,ECG,996,1347,0,0,0,0,0
22122,ECG,997,1338,0,0,0,0,0
22127,ECG,998,1320,0,0,0,0,0
22127,ECG,999,1311,0,0,0,0,0
22132,ECG,1000,1302,0,0,0,0,0
22132,ECG,1001,1294,0,0,0,0,0
22137,ECG,1002,1276,0,0,0,0,0
22137,ECG,1003,1268,0,0,0,0,0
22142,ECG,1004,1259,0,0,0,0,0
22142,ECG,1005,1251,0,0,0,0,0
22142,ECG,1006,1242,0,0,0,0,0
22147,ECG,1007,1234,0,0,0,0,0
22147,ECG,1008,1225,0,0,0,0,0
22152,ECG,1009,1217,0,0,0,0,0
22152,ECG,1010,1209,0,0,0,0,0
22152,ECG,1011,1201,0,0,0,0,0
22157,ECG,1012,1192,0,0,0,0,0
22157,ECG,1013,1184,0,0,0,0,0
22162,ECG,1014,1176,0,0,0,0,0
22162,ECG,1015,1168,0,0,0,0,0
22162,ECG,1016,1160,0,0,0,0,0
22167,ECG,1017,1152,0,0,0,0,0
22167,ECG,1018,1145,0,0,0,0,0
22172,ECG,1019,1137,0,0,0,0,0
22172,ECG,1020,1129,0,0,0,0,0
22172,ECG,1021,1121,0,0,0,0,0
22177,ECG,1022,1114,0,0,0,0,0
22177,ECG,1023,1106,0,0,0,0,0
19041,IMU,0,1148,-496,8408,-90,59,36
19057,IMU,1,1132,-396,8420,-96,69,29
19076,IMU,2,1100,-456,8320,-94,59,52
19095,IMU,3,1188,-436,8388,-95,58,21
19114,IMU,4,1064,-364,8384,-100,61,25
19134,IMU,5,1076,-332,8484,-94,55,36
19153,IMU,6,1100,-428,8460,-109,68,52
19172,IMU,7,1056,-312,8452,-108,71,47
19190,IMU,8,968,-376,8440,-96,46,34
19210,IMU,9,1196,-340,8452,-83,65,38
19229,IMU,10,1124,-392,8368,-73,66,34
19248,IMU,11,1176,-384,8476,-79,66,33
19267,IMU,12,1084,-428,8440,-82,60,54
19286,IMU,13,1144,-416,8424,-101,49,40
19305,IMU,14,1040,-472,8412,-88,63,45
19324,IMU,15,1104,-428,8440,-94,63,26
19344,IMU,16,1076,-512,8432,-102,60,49
19363,IMU,17,1184,-448,8472,-94,77,41
19382,IMU,18,1080,-392,8480,-109,57,41
19400,IMU,19,1156,-384,8444,-97,64,49
19420,IMU,20,972,-496,8372,-100,50,40
19439,IMU,21,1088,-332,8420,-102,68,41
19458,IMU,22,1056,-372,8324,-95,84,37
19477,IMU,23,1080,-412,8432,-87,45,39
19498,IMU,24,1044,-480,8372,-88,59,41
19515,IMU,25,1044,-352,8400,-94,42,63
19535,IMU,26,1052,-408,8404,-118,63,35
19554,IMU,27,1096,-420,8472,-95,75,44
19573,IMU,28,1196,-452,8456,-95,60,46
19592,IMU,29,1104,-396,8340,-89,56,36
19610,IMU,30,1040,-488,8416,-96,56,48
19630,IMU,31,1172,-380,8428,-104,55,30
19649,IMU,32,1136,-340,8424,-91,59,47
19668,IMU,33,1028,-448,8372,-104,63,51
19687,IMU,34,1044,-436,8316,-90,55,39
19706,IMU,35,1000,-396,8464,-90,66,45
19725,IMU,36,992,-412,8384,-98,54,63
19745,IMU,37,1100,-344,8376,-88,60,47
19764,IMU,38,1124,-432,8368,-105,70,40
19783,IMU,39,1008,-452,8436,-73,61,52
19802,IMU,40,1128,-404,8444,-89,51,34
19821,IMU,41,1096,-372,8444,-93,59,53
19840,IMU,42,1088,-472,8520,-82,45,24
19859,IMU,43,1144,-364,8396,-85,71,43
19878,IMU,44,1060,-476,8392,-97,62,30
19898,IMU,45,1148,-340,8392,-92,76,43
19916,IMU,46,1068,-492,8400,-107,65,38
19935,IMU,47,1124,-412,8356,-88,72,36
19955,IMU,48,1056,-404,8448,-109,69,34
19974,IMU,49,1076,-436,8416,-102,71,31
19993,IMU,50,1012,-400,8428,-93,50,49
20014,IMU,51,1132,-384,8436,-111,54,47
20031,IMU,52,1060,-360,8360,-72,52,43
20050,IMU,53,1052,-420,8388,-97,61,33
20069,IMU,54,1104,-412,8436,-101,59,41
20088,IMU,55,1056,-388,8420,-90,70,48
20107,IMU,56,1080,-344,8488,-82,51,49
20126,IMU,57,1132,-384,8384,-99,42,34
20145,IMU,58,1156,-368,8376,-100,47,39
20164,IMU,59,1108,-380,8392,-82,49,42
20184,IMU,60,1224,-424,8412,-111,52,49
20203,IMU,61,1076,-416,8376,-85,58,35
20222,IMU,62,1004,-348,8328,-87,47,28
20243,IMU,63,1172,-432,8396,-99,72,22
20260,IMU,64,1008,-416,8448,-96,67,54
20279,IMU,65,1108,-336,8428,-94,58,34
20299,IMU,66,1072,-404,8512,-113,63,57
20318,IMU,67,1056,-464,8472,-99,65,42
20337,IMU,68,1040,-384,8448,-80,80,29
20356,IMU,69,1100,-408,8348,-94,56,31
20375,IMU,70,1148,-500,8432,-99,70,36
20394,IMU,71,1204,-440,8424,-95,74,49
20413,IMU,72,1008,-404,8416,-86,64,54
20433,IMU,73,1116,-316,8404,-82,59,37
20456,IMU,74,1076,-404,8432,-100,58,45
20472,IMU,75,1076,-452,8416,-92,55,44
20490,IMU,76,1132,-436,8436,-86,56,39
20509,IMU,77,1136,-528,8456,-83,69,35
20529,IMU,78,1096,-416,8424,-92,58,33
20548,IMU,79,1012,-408,8336,-109,53,45
20567,IMU,80,1052,-364,8444,-72,72,46
20586,IMU,81,1016,-412,8392,-100,57,41
20605,IMU,82,1164,-348,8392,-96,53,36
20624,IMU,83,1120,-436,8500,-117,53,32
20643,IMU,84,1024,-408,8456,-91,58,37
20663,IMU,85,1168,-356,8408,-85,75,37
20683,IMU,86,1080,-348,8404,-92,79,44
20701,IMU,87,1032,-460,8448,-99,51,32
20720,IMU,88,1180,-352,8416,-98,55,37
20739,IMU,89,1056,-384,8512,-101,73,44
20758,IMU,90,1084,-352,8360,-83,64,39
20778,IMU,91,1068,-312,8464,-90,50,41
20797,IMU,92,1100,-516,8308,-86,43,52
20816,IMU,93,1024,-544,8412,-106,59,35
20835,IMU,94,1156,-348,8400,-87,43,51
20854,IMU,95,964,-444,8412,-98,47,55
20873,IMU,96,1072,-408,8424,-88,48,45
20895,IMU,97,1036,-432,8376,-102,56,37
20912,IMU,98,1044,-360,8408,-78,55,41
20931,IMU,99,1012,-404,8432,-80,66,40
20950,IMU,100,1068,-376,8364,-87,61,48
20969,IMU,101,1060,-440,8376,-89,36,38
20988,IMU,102,1076,-364,8548,-92,35,48
21007,IMU,103,1128,-428,8444,-103,70,47
21027,IMU,104,1096,-464,8472,-105,52,40
21046,IMU,105,1068,-432,8392,-102,67,43
21065,IMU,106,1104,-380,8428,-83,58,41
21086,IMU,107,996,-440,8496,-102,71,53
21104,IMU,108,1108,-416,8356,-109,39,46
21124,IMU,109,936,-388,8428,-109,64,44
21141,IMU,110,1136,-324,8408,-76,64,47
21161,IMU,111,1100,-384,8328,-103,45,36
21180,IMU,112,1144,-384,8336,-87,67,44
21199,IMU,113,992,-440,8424,-83,73,38
21218,IMU,114,1112,-360,8428,-95,43,27
21237,IMU,115,1092,-364,8416,-91,67,39
21256,IMU,116,1120,-400,8444,-88,63,31
21275,IMU,117,1168,-412,8440,-88,49,46
21295,IMU,118,1124,-420,8484,-114,65,42
21314,IMU,119,1104,-388,8392,-91,64,23
21334,IMU,120,1008,-348,8460,-76,45,27
21352,IMU,121,1096,-384,8340,-93,59,50
21371,IMU,122,1072,-412,8464,-100,51,27
21390,IMU,123,1028,-416,8356,-87,58,25
21409,IMU,124,1192,-288,8424,-85,36,36
21428,IMU,125,1008,-396,8316,-85,58,44
21447,IMU,126,1128,-404,8352,-81,57,52
21466,IMU,127,1160,-408,8384,-101,55,40
21485,IMU,128,1100,-412,8360,-98,72,44
21505,IMU,129,1092,-384,8420,-76,47,35
21524,IMU,130,1040,-484,8424,-75,70,45
21545,IMU,131,1164,-444,8412,-83,59,43
21568,IMU,132,1096,-460,8388,-97,63,41
21581,IMU,133,1068,-396,8336,-87,69,39
21600,IMU,134,988,-388,8416,-100,58,32
21619,IMU,135,1140,-484,8428,-86,71,48
21638,IMU,136,1192,-280,8464,-78,49,30
21657,IMU,137,1088,-448,8392,-110,55,56
21676,IMU,138,1160,-392,8404,-80,50,52
21695,IMU,139,1040,-432,8440,-93,48,42
21715,IMU,140,1064,-436,8444,-96,69,43
21734,IMU,141,980,-404,8400,-89,53,27
21753,IMU,142,1084,-392,8248,-105,47,33
21773,IMU,143,1088,-364,8368,-83,57,38
21791,IMU,144,1140,-352,8412,-95,61,35
21810,IMU,145,1064,-404,8400,-101,53,41
21829,IMU,146,1100,-432,8376,-94,58,32
21848,IMU,147,1032,-436,8396,-90,58,42
21868,IMU,148,1024,-408,8428,-86,49,42
21886,IMU,149,972,-412,8436,-106,41,40
21906,IMU,150,1088,-460,8400,-84,63,35
21925,IMU,151,1108,-428,8412,-95,49,35
21944,IMU,152,1060,-348,8460,-96,50,41
21963,IMU,153,1128,-520,8372,-89,58,46
21985,IMU,154,1056,-436,8340,-89,63,38
22003,IMU,155,1104,-448,8440,-84,68,27
22020,IMU,156,1148,-472,8524,-94,58,34
22040,IMU,157,1032,-520,8336,-101,59,44
22058,IMU,158,1120,-516,8400,-101,58,47
22078,IMU,159,1144,-380,8392,-101,72,59
22096,IMU,160,1080,-492,8460,-82,45,44
22117,IMU,161,1032,-392,8300,-103,64,34
22135,IMU,162,1116,-472,8408,-106,43,30
22154,IMU,163,1072,-376,8500,-92,43,35
22173,IMU,164,1192,-480,8476,-81,61,43
22192,IMU,165,1124,-404,8404,-104,62,45
22214,IMU,166,1120,-384,8392,-100,58,34
22231,IMU,167,1156,-440,8416,-78,51,50
22249,IMU,168,1184,-460,8424,-85,50,44
22268,IMU,169,1088,-496,8404,-96,52,40
22288,IMU,170,1056,-416,8528,-70,72,22
22307,IMU,171,1020,-404,8432,-98,47,38
22326,IMU,172,1012,-472,8376,-100,67,45
22345,IMU,173,944,-492,8316,-94,63,34
22364,IMU,174,1068,-480,8352,-101,71,41
22383,IMU,175,1032,-472,8488,-93,54,40
22403,IMU,176,1016,-412,8408,-96,46,32
22424,IMU,177,1056,-444,8340,-88,58,41
22441,IMU,178,1092,-424,8380,-108,51,41
22460,IMU,179,1088,-428,8392,-90,60,33
22479,IMU,180,1160,-316,8416,-112,55,43
22498,IMU,181,1120,-340,8412,-93,60,50
22517,IMU,182,1076,-492,8456,-101,45,46
22537,IMU,183,1124,-468,8468,-100,49,57
22556,IMU,184,1056,-376,8436,-85,64,41
22575,IMU,185,1100,-468,8424,-85,65,36
22595,IMU,186,1048,-400,8400,-76,74,40
22613,IMU,187,1076,-500,8372,-99,50,46
22633,IMU,188,1048,-468,8396,-96,57,47
22653,IMU,189,1100,-492,8400,-96,63,45
22673,IMU,190,1112,-396,8348,-102,65,35
22690,IMU,191,1016,-396,8344,-101,52,40
22709,IMU,192,1036,-400,8372,-95,86,45
22728,IMU,193,1024,-412,8400,-86,66,44
22747,IMU,194,1124,-416,8408,-101,58,37
22767,IMU,195,1120,-436,8440,-90,67,40
22786,IMU,196,1028,-404,8400,-98,76,47
22805,IMU,197,1120,-420,8388,-103,55,41
22824,IMU,198,1096,-392,8420,-104,57,28
22843,IMU,199,1160,-380,8400,-95,52,41
22864,IMU,200,1084,-388,8404,-99,56,29
22882,IMU,201,1132,-436,8368,-77,71,36
22901,IMU,202,1064,-420,8480,-83,51,69
22920,IMU,203,1160,-372,8364,-86,63,50
22939,IMU,204,1148,-460,8444,-84,51,39
22958,IMU,205,1044,-380,8384,-110,71,36
22977,IMU,206,1092,-492,8364,-110,63,36
22996,IMU,207,1036,-348,8476,-95,58,39
22182,ECG,1024,1091,0,0,0,0,0
22182,ECG,1025,1084,0,0,0,0,0
22187,ECG,1026,1076,0,0,0,0,0
22187,ECG,1027,1069,0,0,0,0,0
22192,ECG,1028,1054,0,0,0,0,0
22192,ECG,1029,1047,0,0,0,0,0
22197,ECG,1030,1040,0,0,0,0,0
22197,ECG,1031,1033,0,0,0,0,0
22197,ECG,1032,1026,0,0,0,0,0
22202,ECG,1033,1019,0,0,0,0,0
22202,ECG,1034,1012,0,0,0,0,0
22207,ECG,1035,1005,0,0,0,0,0
22207,ECG,1036,998,0,0,0,0,0
22207,ECG,1037,991,0,0,0,0,0
22212,ECG,1038,984,0,0,0,0,0
22212,ECG,1039,977,0,0,0,0,0
22217,ECG,1040,970,0,0,0,0,0
22217,ECG,1041,964,0,0,0,0,0
22217,ECG,1042,957,0,0,0,0,0
22222,ECG,1043,950,0,0,0,0,0
22222,ECG,1044,944,0,0,0,0,0
22227,ECG,1045,931,0,0,0,0,0
22227,ECG,1046,924,0,0,0,0,0
23234,ECG,1047,0,0,0,0,0,0
23234,ECG,1048,-1,0,0,0,0,0
23234,ECG,1049,-6,0,0,0,0,0
23239,ECG,1050,2,0,0,0,0,0
23239,ECG,1051,6,0,0,0,0,0
23244,ECG,1052,38,0,0,0,0,0
23244,ECG,1053,-16,0,0,0,0,0
23249,ECG,1054,-26,0,0,0,0,0
23249,ECG,1055,151,0,0,0,0,0
23250,ECG,1056,-753,0,0,0,0,0
23254,ECG,1057,-2109,0,0,0,0,0
23254,ECG,1058,-1850,0,0,0,0,0
23259,ECG,1059,-36,0,0,0,0,0
23259,ECG,1060,3394,0,0,0,0,0
23259,ECG,1061,8729,0,0,0,0,0
23264,ECG,1062,15156,0,0,0,0,0
23264,ECG,1063,21689,0,0,0,0,0
23269,ECG,1064,27397,0,0,0,0,0
23269,ECG,1065,31311,0,0,0,0,0
23269,ECG,1066,32011,0,0,0,0,0
23274,ECG,1067,31810,0,0,0,0,0
23274,ECG,1068,31610,0,0,0,0,0
23279,ECG,1069,31343,0,0,0,0,0
23279,ECG,1070,31109,0,0,0,0,0
23279,ECG,1071,31019,0,0,0,0,0
23284,ECG,1072,30731,0,0,0,0,0
23284,ECG,1073,30591,0,0,0,0,0
23289,ECG,1074,30395,0,0,0,0,0
23289,ECG,1075,30195,0,0,0,0,0
23289,ECG,1076,30019,0,0,0,0,0
23294,ECG,1077,29827,0,0,0,0,0
23294,ECG,1078,29638,0,0,0,0,0
23299,ECG,1079,29266,0,0,0,0,0
23299,ECG,1080,29082,0,0,0,0,0
23304,ECG,1081,28900,0,0,0,0,0
23304,ECG,1082,28718,0,0,0,0,0
23309,ECG,1083,28358,0,0,0,0,0
23309,ECG,1084,28180,0,0,0,0,0
23314,ECG,1085,28002,0,0,0,0,0
23314,ECG,1086,27826,0,0,0,0,0
23314,ECG,1087,27651,0,0,0,0,0
23319,ECG,1088,27478,0,0,0,0,0
23319,ECG,1089,27305,0,0,0,0,0
23324,ECG,1090,27133,0,0,0,0,0
23324,ECG,1091,26963,0,0,0,0,0
23324,ECG,1092,26793,0,0,0,0,0
23329,ECG,1093,26625,0,0,0,0,0
23329,ECG,1094,26457,0,0,0,0,0
23334,ECG,1095,26291,0,0,0,0,0
23334,ECG,1096,26126,0,0,0,0,0
23334,ECG,1097,25961,0,0,0,0,0
23339,ECG,1098,25798,0,0,0,0,0
23339,ECG,1099,25636,0,0,0,0,0
23344,ECG,1100,25314,0,0,0,0,0
23344,ECG,1101,25155,0,0,0,0,0
23349,ECG,1102,24997,0,0,0,0,0
23349,ECG,1103,24840,0,0,0,0,0
23355,ECG,1104,24528,0,0,0,0,0
23355,ECG,1105,24374,0,0,0,0,0
23360,ECG,1106,24221,0,0,0,0,0
23360,ECG,1107,24068,0,0,0,0,0
23360,ECG,1108,23917,0,0,0,0,0
23365,ECG,1109,23766,0,0,0,0,0
23365,ECG,1110,23617,0,0,0,0,0
23365,ECG,1111,23468,0,0,0,0,0
23370,ECG,1112,23321,0,0,0,0,0
23370,ECG,1113,23174,0,0,0,0,0
23375,ECG,1114,23028,0,0,0,0,0
23375,ECG,1115,22883,0,0,0,0,0
23375,ECG,1116,22739,0,0,0,0,0
23380,ECG,1117,22596,0,0,0,0,0
23380,ECG,1118,22454,0,0,0,0,0
23385,ECG,1119,22313,0,0,0,0,0
23385,ECG,1120,22172,0,0,0,0,0
23385,ECG,1121,22033,0,0,0,0,0
23390,ECG,1122,21894,0,0,0,0,0
23390,ECG,1123,21756,0,0,0,0,0
23395,ECG,1124,21483,0,0,0,0,0
23395,ECG,1125,21348,0,0,0,0,0
23400,ECG,1126,21214,0,0,0,0,0
23400,ECG,1127,21080,0,0,0,0,0
23405,ECG,1128,20816,0,0,0,0,0
23405,ECG,1129,20685,0,0,0,0,0
23410,ECG,1130,20555,0,0,0,0,0
23410,ECG,1131,20425,0,0,0,0,0
23410,ECG,1132,20297,0,0,0,0,0
23415,ECG,1133,20169,0,0,0,0,0
23415,ECG,1134,20042,0,0,0,0,0
23420,ECG,1135,19916,0,0,0,0,0
23420,ECG,1136,19790,0,0,0,0,0
23420,ECG,1137,19666,0,0,0,0,0
23425,ECG,1138,19542,0,0,0,0,0
23425,ECG,1139,19419,0,0,0,0,0
23430,ECG,1140,19297,0,0,0,0,0
23430,ECG,1141,19175,0,0,0,0,0
23430,ECG,1142,19055,0,0,0,0,0
23435,ECG,1143,18935,0,0,0,0,0
23435,ECG,1144,18815,0,0,0,0,0
23440,ECG,1145,18579,0,0,0,0,0
23440,ECG,1146,18462,0,0,0,0,0
23445,ECG,1147,18346,0,0,0,0,0
23445,ECG,1148,18230,0,0,0,0,0
23446,ECG,1149,18116,0,0,0,0,0
23450,ECG,1150,18002,0,0,0,0,0
23450,ECG,1151,17888,0,0,0,0,0
23455,ECG,1152,17775,0,0,0,0,0
23455,ECG,1153,17663,0,0,0,0,0
23455,ECG,1154,17552,0,0,0,0,0
23460,ECG,1155,17442,0,0,0,0,0
23460,ECG,1156,17332,0,0,0,0,0
23465,ECG,1157,17222,0,0,0,0,0
23465,ECG,1158,17114,0,0,0,0,0
23465,ECG,1159,17006,0,0,0,0,0
23470,ECG,1160,16899,0,0,0,0,0
23470,ECG,1161,16792,0,0,0,0,0
23475,ECG,1162,16687,0,0,0,0,0
23475,ECG,1163,16581,0,0,0,0,0
23475,ECG,1164,16477,0,0,0,0,0
23480,ECG,1165,16373,0,0,0,0,0
23480,ECG,1166,16270,0,0,0,0,0
23485,ECG,1167,16167,0,0,0,0,0
23485,ECG,1168,16065,0,0,0,0,0
23485,ECG,1169,15964,0,0,0,0,0
23490,ECG,1170,15864,0,0,0,0,0
23490,ECG,1171,15764,0,0,0,0,0
23491,ECG,1172,15664,0,0,0,0,0
23495,ECG,1173,15566,0,0,0,0,0
23495,ECG,1174,15467,0,0,0,0,0
23500,ECG,1175,15370,0,0,0,0,0
23500,ECG,1176,15273,0,0,0,0,0
23505,ECG,1177,15081,0,0,0,0,0
23505,ECG,1178,14986,0,0,0,0,0
23510,ECG,1179,14891,0,0,0,0,0
23510,ECG,1180,14797,0,0,0,0,0
23510,ECG,1181,14704,0,0,0,0,0
23515,ECG,1182,14611,0,0,0,0,0
23515,ECG,1183,14519,0,0,0,0,0
23520,ECG,1184,14428,0,0,0,0,0
23520,ECG,1185,14337,0,0,0,0,0
23520,ECG,1186,14246,0,0,0,0,0
23525,ECG,1187,14156,0,0,0,0,0
23525,ECG,1188,14067,0,0,0,0,0
23530,ECG,1189,13978,0,0,0,0,0
23530,ECG,1190,13890,0,0,0,0,0
23530,ECG,1191,13802,0,0,0,0,0
23535,ECG,1192,13715,0,0,0,0,0
23535,ECG,1193,13629,0,0,0,0,0
23540,ECG,1194,13457,0,0,0,0,0
23540,ECG,1195,13372,0,0,0,0,0
23545,ECG,1196,13288,0,0,0,0,0
23545,ECG,1197,13204,0,0,0,0,0
23550,ECG,1198,13038,0,0,0,0,0
23550,ECG,1199,12956,0,0,0,0,0
23555,ECG,1200,12874,0,0,0,0,0
23555,ECG,1201,12793,0,0,0,0,0
23555,ECG,1202,12712,0,0,0,0,0
23560,ECG,1203,12632,0,0,0,0,0
23560,ECG,1204,12552,0,0,0,0,0
23565,ECG,1205,12473,0,0,0,0,0
23565,ECG,1206,12394,0,0,0,0,0
23565,ECG,1207,12316,0,0,0,0,0
23570,ECG,1208,12238,0,0,0,0,0
23570,ECG,1209,12161,0,0,0,0,0
23575,ECG,1210,12084,0,0,0,0,0
23575,ECG,1211,12008,0,0,0,0,0
23575,ECG,1212,11932,0,0,0,0,0
23580,ECG,1213,11857,0,0,0,0,0
23580,ECG,1214,11782,0,0,0,0,0
23585,ECG,1215,11707,0,0,0,0,0
23585,ECG,1216,11633,0,0,0,0,0
23585,ECG,1217,11560,0,0,0,0,0
23590,ECG,1218,11487,0,0,0,0,0
23590,ECG,1219,11414,0,0,0,0,0
23591,ECG,1220,11342,0,0,0,0,0
23595,ECG,1221,11271,0,0,0,0,0
23595,ECG,1222,11199,0,0,0,0,0
23600,ECG,1223,11129,0,0,0,0,0
23600,ECG,1224,11058,0,0,0,0,0
23605,ECG,1225,10919,0,0,0,0,0
23605,ECG,1226,10850,0,0,0,0,0
23610,ECG,1227,10781,0,0,0,0,0
23610,ECG,1228,10713,0,0,0,0,0
23610,ECG,1229,10645,0,0,0,0,0
23615,ECG,1230,10578,0,0,0,0,0
23615,ECG,1231,10511,0,0,0,0,0
23620,ECG,1232,10445,0,0,0,0,0
23620,ECG,1233,10379,0,0,0,0,0
23620,ECG,1234,10313,0,0,0,0,0
23625,ECG,1235,10248,0,0,0,0,0
23625,ECG,1236,10183,0,0,0,0,0
23630,ECG,1237,10118,0,0,0,0,0
23630,ECG,1238,10054,0,0,0,0,0
23630,ECG,1239,9991,0,0,0,0,0
23635,ECG,1240,9928,0,0,0,0,0
23635,ECG,1241,9865,0,0,0,0,0
23640,ECG,1242,9740,0,0,0,0,0
23640,ECG,1243,9679,0,0,0,0,0
23645,ECG,1244,9617,0,0,0,0,0
23645,ECG,1245,9557,0,0,0,0,0
23650,ECG,1246,9436,0,0,0,0,0
23650,ECG,1247,9376,0,0,0,0,0
23655,ECG,1248,9317,0,0,0,0,0
23655,ECG,1249,9258,0,0,0,0,0
23655,ECG,1250,9200,0,0,0,0,0
23660,ECG,1251,9141,0,0,0,0,0
23660,ECG,1252,9083,0,0,0,0,0
23665,ECG,1253,9026,0,0,0,0,0
23665,ECG,1254,8969,0,0,0,0,0
23665,ECG,1255,8912,0,0,0,0,0
23670,ECG,1256,8855,0,0,0,0,0
23670,ECG,1257,8799,0,0,0,0,0
23675,ECG,1258,8744,0,0,0,0,0
23675,ECG,1259,8688,0,0,0,0,0
23675,ECG,1260,8633,0,0,0,0,0
23680,ECG,1261,8578,0,0,0,0,0
23680,ECG,1262,8524,0,0,0,0,0
23685,ECG,1263,8416,0,0,0,0,0
23685,ECG,1264,8363,0,0,0,0,0
23690,ECG,1265,8310,0,0,0,0,0
23690,ECG,1266,8257,0,0,0,0,0
23695,ECG,1267,8153,0,0,0,0,0
23695,ECG,1268,8101,0,0,0,0,0
23700,ECG,1269,8050,0,0,0,0,0
23700,ECG,1270,7999,0,0,0,0,0
23705,ECG,1271,7898,0,0,0,0,0
23705,ECG,1272,7848,0,0,0,0,0
23710,ECG,1273,7798,0,0,0,0,0
23710,ECG,1274,7749,0,0,0,0,0
23710,ECG,1275,7699,0,0,0,0,0
23715,ECG,1276,7651,0,0,0,0,0
23715,ECG,1277,7602,0,0,0,0,0
23720,ECG,1278,7554,0,0,0,0,0
23720,ECG,1279,7506,0,0,0,0,0
23720,ECG,1280,7458,0,0,0,0,0
23725,ECG,1281,7411,0,0,0,0,0
23725,ECG,1282,7364,0,0,0,0,0
23730,ECG,1283,7317,0,0,0,0,0
23730,ECG,1284,7271,0,0,0,0,0
23730,ECG,1285,7224,0,0,0,0,0
23735,ECG,1286,7178,0,0,0,0,0
23735,ECG,1287,7133,0,0,0,0,0
23740,ECG,1288,7043,0,0,0,0,0
23740,ECG,1289,6998,0,0,0,0,0
23745,ECG,1290,6953,0,0,0,0,0
23745,ECG,1291,6909,0,0,0,0,0
23750,ECG,1292,6821,0,0,0,0,0
23750,ECG,1293,6778,0,0,0,0,0
23755,ECG,1294,6735,0,0,0,0,0
23755,ECG,1295,6692,0,0,0,0,0
23755,ECG,1296,6650,0,0,0,0,0
23760,ECG,1297,6608,0,0,0,0,0
23760,ECG,1298,6566,0,0,0,0,0
23765,ECG,1299,6524,0,0,0,0,0
23765,ECG,1300,6482,0,0,0,0,0
23765,ECG,1301,6441,0,0,0,0,0
23770,ECG,1302,6400,0,0,0,0,0
23770,ECG,1303,6359,0,0,0,0,0
23775,ECG,1304,6319,0,0,0,0,0
23775,ECG,1305,6279,0,0,0,0,0
23775,ECG,1306,6239,0,0,0,0,0
23780,ECG,1307,6199,0,0,0,0,0
23780,ECG,1308,6159,0,0,0,0,0
23785,ECG,1309,6081,0,0,0,0,0
23785,ECG,1310,6042,0,0,0,0,0
23790,ECG,1311,6004,0,0,0,0,0
23790,ECG,1312,5966,0,0,0,0,0
23791,ECG,1313,5928,0,0,0,0,0
23795,ECG,1314,5890,0,0,0,0,0
23795,ECG,1315,5852,0,0,0,0,0
23800,ECG,1316,5815,0,0,0,0,0
23800,ECG,1317,5778,0,0,0,0,0
23805,ECG,1318,5705,0,0,0,0,0
23805,ECG,1319,5669,0,0,0,0,0
23810,ECG,1320,5632,0,0,0,0,0
23810,ECG,1321,5596,0,0,0,0,0
23810,ECG,1322,5561,0,0,0,0,0
23815,ECG,1323,5525,0,0,0,0,0
23815,ECG,1324,5490,0,0,0,0,0
23820,ECG,1325,5455,0,0,0,0,0
23820,ECG,1326,5420,0,0,0,0,0
23820,ECG,1327,5386,0,0,0,0,0
23825,ECG,1328,5351,0,0,0,0,0
23825,ECG,1329,5317,0,0,0,0,0
23830,ECG,1330,5283,0,0,0,0,0
23830,ECG,1331,5249,0,0,0,0,0
23830,ECG,1332,5216,0,0,0,0,0
23835,ECG,1333,5183,0,0,0,0,0
23835,ECG,1334,5150,0,0,0,0,0
23840,ECG,1335,5084,0,0,0,0,0
23840,ECG,1336,5051,0,0,0,0,0
23845,ECG,1337,5019,0,0,0,0,0
23845,ECG,1338,4987,0,0,0,0,0
23846,ECG,1339,4955,0,0,0,0,0
23850,ECG,1340,4924,0,0,0,0,0
23850,ECG,1341,4892,0,0,0,0,0
23855,ECG,1342,4861,0,0,0,0,0
23855,ECG,1343,4830,0,0,0,0,0
23855,ECG,1344,4799,0,0,0,0,0
23860,ECG,1345,4768,0,0,0,0,0
23860,ECG,1346,4738,0,0,0,0,0
23865,ECG,1347,4707,0,0,0,0,0
23865,ECG,1348,4677,0,0,0,0,0
23865,ECG,1349,4647,0,0,0,0,0
23870,ECG,1350,4618,0,0,0,0,0
23870,ECG,1351,4588,0,0,0,0,0
23875,ECG,1352,4559,0,0,0,0,0
23875,ECG,1353,4530,0,0,0,0,0
23875,ECG,1354,4501,0,0,0,0,0
23880,ECG,1355,4472,0,0,0,0,0
23880,ECG,1356,4443,0,0,0,0,0
23885,ECG,1357,4386,0,0,0,0,0
23885,ECG,1358,4358,0,0,0,0,0
23890,ECG,1359,4330,0,0,0,0,0
23890,ECG,1360,4303,0,0,0,0,0
23891,ECG,1361,4275,0,0,0,0,0
23895,ECG,1362,4248,0,0,0,0,0
23895,ECG,1363,4220,0,0,0,0,0
23900,ECG,1364,4193,0,0,0,0,0
23900,ECG,1365,4166,0,0,0,0,0
23905,ECG,1366,4113,0,0,0,0,0
23905,ECG,1367,4087,0,0,0,0,0
23910,ECG,1368,4060,0,0,0,0,0
23910,ECG,1369,4034,0,0,0,0,0
23910,ECG,1370,4008,0,0,0,0,0
23915,ECG,1371,3983,0,0,0,0,0
23915,ECG,1372,3957,0,0,0,0,0
23920,ECG,1373,3932,0,0,0,0,0
23920,ECG,1374,3906,0,0,0,0,0
23920,ECG,1375,3881,0,0,0,0,0
23925,ECG,1376,3856,0,0,0,0,0
23925,ECG,1377,3832,0,0,0,0,0
23930,ECG,1378,3807,0,0,0,0,0
23930,ECG,1379,3782,0,0,0,0,0
23930,ECG,1380,3758,0,0,0,0,0
23935,ECG,1381,3734,0,0,0,0,0
23935,ECG,1382,3710,0,0,0,0,0
23940,ECG,1383,3662,0,0,0,0,0
23940,ECG,1384,3639,0,0,0,0,0
23945,ECG,1385,3615,0,0,0,0,0
23945,ECG,1386,3592,0,0,0,0,0
23950,ECG,1387,3546,0,0,0,0,0
23950,ECG,1388,3523,0,0,0,0,0
23955,ECG,1389,3500,0,0,0,0,0
23955,ECG,1390,3478,0,0,0,0,0
23955,ECG,1391,3455,0,0,0,0,0
23960,ECG,1392,3433,0,0,0,0,0
23960,ECG,1393,3411,0,0,0,0,0
23965,ECG,1394,3389,0,0,0,0,0
23965,ECG,1395,3367,0,0,0,0,0
23965,ECG,1396,3345,0,0,0,0,0
23970,ECG,1397,3324,0,0,0,0,0
23970,ECG,1398,3302,0,0,0,0,0
23975,ECG,1399,3281,0,0,0,0,0
23975,ECG,1400,3260,0,0,0,0,0
23975,ECG,1401,3239,0,0,0,0,0
23980,ECG,1402,3218,0,0,0,0,0
23980,ECG,1403,3197,0,0,0,0,0
23985,ECG,1404,3156,0,0,0,0,0
23985,ECG,1405,3135,0,0,0,0,0
23990,ECG,1406,3115,0,0,0,0,0
23990,ECG,1407,3095,0,0,0,0,0
23995,ECG,1408,3055,0,0,0,0,0
23995,ECG,1409,3035,0,0,0,0,0
24000,ECG,1410,3015,0,0,0,0,0
24000,ECG,1411,2996,0,0,0,0,0
24005,ECG,1412,2957,0,0,0,0,0
24005,ECG,1413,2938,0,0,0,0,0
24010,ECG,1414,2919,0,0,0,0,0
24010,ECG,1415,2900,0,0,0,0,0
24010,ECG,1416,2881,0,0,0,0,0
24015,ECG,1417,2862,0,0,0,0,0
24015,ECG,1418,2844,0,0,0,0,0
24020,ECG,1419,2825,0,0,0,0,0
24020,ECG,1420,2807,0,0,0,0,0
24020,ECG,1421,2789,0,0,0,0,0
24025,ECG,1422,2771,0,0,0,0,0
24025,ECG,1423,2753,0,0,0,0,0
24030,ECG,1424,2735,0,0,0,0,0
24030,ECG,1425,2717,0,0,0,0,0
24030,ECG,1426,2700,0,0,0,0,0
24035,ECG,1427,2682,0,0,0,0,0
24035,ECG,1428,2665,0,0,0,0,0
24040,ECG,1429,2630,0,0,0,0,0
24040,ECG,1430,2613,0,0,0,0,0
24045,ECG,1431,2596,0,0,0,0,0
24045,ECG,1432,2579,0,0,0,0,0
24046,ECG,1433,2562,0,0,0,0,0
24050,ECG,1434,2546,0,0,0,0,0
24050,ECG,1435,2529,0,0,0,0,0
24055,ECG,1436,2513,0,0,0,0,0
24055,ECG,1437,2496,0,0,0,0,0
24060,ECG,1438,2464,0,0,0,0,0
24060,ECG,1439,2448,0,0,0,0,0
24065,ECG,1440,2432,0,0,0,0,0
24065,ECG,1441,2416,0,0,0,0,0
24065,ECG,1442,2400,0,0,0,0,0
24070,ECG,1443,2385,0,0,0,0,0
24070,ECG,1444,2369,0,0,0,0,0
24075,ECG,1445,2354,0,0,0,0,0
24075,ECG,1446,2338,0,0,0,0,0
24075,ECG,1447,2323,0,0,0,0,0
24080,ECG,1448,2308,0,0,0,0,0
24080,ECG,1449,2293,0,0,0,0,0
24085,ECG,1450,2278,0,0,0,0,0
24085,ECG,1451,2263,0,0,0,0,0
24085,ECG,1452,2248,0,0,0,0,0
24090,ECG,1453,2233,0,0,0,0,0
24090,ECG,1454,2219,0,0,0,0,0
24095,ECG,1455,2190,0,0,0,0,0
24095,ECG,1456,2176,0,0,0,0,0
24100,ECG,1457,2161,0,0,0,0,0
24100,ECG,1458,2147,0,0,0,0,0
24105,ECG,1459,2119,0,0,0,0,0
24105,ECG,1460,2105,0,0,0,0,0
24110,ECG,1461,2091,0,0,0,0,0
24110,ECG,1462,2078,0,0,0,0,0
24110,ECG,1463,2064,0,0,0,0,0
24115,ECG,1464,2050,0,0,0,0,0
24115,ECG,1465,2037,0,0,0,0,0
24120,ECG,1466,2023,0,0,0,0,0
24120,ECG,1467,2010,0,0,0,0,0
24120,ECG,1468,1997,0,0,0,0,0
24125,ECG,1469,1984,0,0,0,0,0
24125,ECG,1470,1971,0,0,0,0,0
24130,ECG,1471,1958,0,0,0,0,0
24130,ECG,1472,1945,0,0,0,0,0
24130,ECG,1473,1932,0,0,0,0,0
24135,ECG,1474,1919,0,0,0,0,0
24135,ECG,1475,1906,0,0,0,0,0
24140,ECG,1476,1881,0,0,0,0,0
24140,ECG,1477,1869,0,0,0,0,0
24145,ECG,1478,1857,0,0,0,0,0
24145,ECG,1479,1844,0,0,0,0,0
24150,ECG,1480,1820,0,0,0,0,0
24150,ECG,1481,1808,0,0,0,0,0
24155,ECG,1482,1796,0,0,0,0,0
24155,ECG,1483,1784,0,0,0,0,0
24160,ECG,1484,1761,0,0,0,0,0
24160,ECG,1485,1749,0,0,0,0,0
24165,ECG,1486,1737,0,0,0,0,0
24165,ECG,1487,1726,0,0,0,0,0
24165,ECG,1488,1714,0,0,0,0,0
24170,ECG,1489,1703,0,0,0,0,0
24170,ECG,1490,1692,0,0,0,0,0
24175,ECG,1491,1681,0,0,0,0,0
24175,ECG,1492,1669,0,0,0,0,0
24175,ECG,1493,1658,0,0,0,0,0
24180,ECG,1494,1647,0,0,0,0,0
24180,ECG,1495,1636,0,0,0,0,0
24185,ECG,1496,1625,0,0,0,0,0
24185,ECG,1497,1615,0,0,0,0,0
24185,ECG,1498,1604,0,0,0,0,0
24190,ECG,1499,1593,0,0,0,0,0
24190,ECG,1500,1583,0,0,0,0,0
24195,ECG,1501,1562,0,0,0,0,0
24195,ECG,1502,1551,0,0,0,0,0
24200,ECG,1503,1541,0,0,0,0,0
24200,ECG,1504,1531,0,0,0,0,0
24205,ECG,1505,1510,0,0,0,0,0
24205,ECG,1506,1500,0,0,0,0,0
24210,ECG,1507,1490,0,0,0,0,0
24210,ECG,1508,1480,0,0,0,0,0
24210,ECG,1509,1470,0,0,0,0,0
24215,ECG,1510,1460,0,0,0,0,0
24215,ECG,1511,1451,0,0,0,0,0
24220,ECG,1512,1441,0,0,0,0,0
24220,ECG,1513,1431,0,0,0,0,0
24220,ECG,1514,1422,0,0,0,0,0
24225,ECG,1515,1412,0,0,0,0,0
24225,ECG,1516,1403,0,0,0,0,0
24230,ECG,1517,1393,0,0,0,0,0
24230,ECG,1518,1384,0,0,0,0,0
24230,ECG,1519,1375,0,0,0,0,0
24235,ECG,1520,1365,0,0,0,0,0
24235,ECG,1521,1356,0,0,0,0,0
24240,ECG,1522,1338,0,0,0,0,0
24240,ECG,1523,1329,0,0,0,0,0
24245,ECG,1524,1320,0,0,0,0,0
24245,ECG,1525,1311,0,0,0,0,0
24246,ECG,1526,1302,0,0,0,0,0
24250,ECG,1527,1294,0,0,0,0,0
24250,ECG,1528,1285,0,0,0,0,0
24255,ECG,1529,1276,0,0,0,0,0
24255,ECG,1530,1268,0,0,0,0,0
24255,ECG,1531,1259,0,0,0,0,0
24260,ECG,1532,1251,0,0,0,0,0
24260,ECG,1533,1242,0,0,0,0,0
24265,ECG,1534,1234,0,0,0,0,0
24265,ECG,1535,1225,0,0,0,0,0
24265,ECG,1536,1217,0,0,0,0,0
24270,ECG,1537,1209,0,0,0,0,0
24270,ECG,1538,1201,0,0,0,0,0
24275,ECG,1539,1192,0,0,0,0,0
24275,ECG,1540,1184,0,0,0,0,0
24275,ECG,1541,1176,0,0,0,0,0
24280,ECG,1542,1168,0,0,0,0,0
24280,ECG,1543,1160,0,0,0,0,0
24285,ECG,1544,1152,0,0,0,0,0
24285,ECG,1545,1145,0,0,0,0,0
24285,ECG,1546,1137,0,0,0,0,0
24290,ECG,1547,1129,0,0,0,0,0
24290,ECG,1548,1121,0,0,0,0,0
24295,ECG,1549,1106,0,0,0,0,0
24295,ECG,1550,1099,0,0,0,0,0
25302,ECG,1551,0,0,0,0,0,0
25302,ECG,1552,-1,0,0,0,0,0
25302,ECG,1553,-6,0,0,0,0,0
25307,ECG,1554,2,0,0,0,0,0
25307,ECG,1555,6,0,0,0,0,0
25312,ECG,1556,38,0,0,0,0,0
25312,ECG,1557,-16,0,0,0,0,0
25317,ECG,1558,-26,0,0,0,0,0
25317,ECG,1559,151,0,0,0,0,0
25318,ECG,1560,-753,0,0,0,0,0
25322,ECG,1561,-2109,0,0,0,0,0
25322,ECG,1562,-1850,0,0,0,0,0
25327,ECG,1563,-36,0,0,0,0,0
25327,ECG,1564,3394,0,0,0,0,0
25327,ECG,1565,8729,0,0,0,0,0
25332,ECG,1566,15156,0,0,0,0,0
25332,ECG,1567,21689,0,0,0,0,0
25337,ECG,1568,27397,0,0,0,0,0
25337,ECG,1569,31311,0,0,0,0,0
25337,ECG,1570,32011,0,0,0,0,0
25342,ECG,1571,31810,0,0,0,0,0
25342,ECG,1572,31610,0,0,0,0,0
25347,ECG,1573,31343,0,0,0,0,0
25347,ECG,1574,31109,0,0,0,0,0
25347,ECG,1575,31019,0,0,0,0,0
25352,ECG,1576,30731,0,0,0,0,0
25352,ECG,1577,30591,0,0,0,0,0
25357,ECG,1578,30395,0,0,0,0,0
25357,ECG,1579,30195,0,0,0,0,0
25357,ECG,1580,30019,0,0,0,0,0
25362,ECG,1581,29827,0,0,0,0,0
25362,ECG,1582,29638,0,0,0,0,0
25367,ECG,1583,29266,0,0,0,0,0
25367,ECG,1584,29082,0,0,0,0,0
25372,ECG,1585,28900,0,0,0,0,0
25372,ECG,1586,28718,0,0,0,0,0
25377,ECG,1587,28358,0,0,0,0,0
25377,ECG,1588,28180,0,0,0,0,0
25382,ECG,1589,28002,0,0,0,0,0
25382,ECG,1590,27826,0,0,0,0,0
25382,ECG,1591,27651,0,0,0,0,0
25387,ECG,1592,27478,0,0,0,0,0
25387,ECG,1593,27305,0,0,0,0,0
25392,ECG,1594,27133,0,0,0,0,0
25392,ECG,1595,26963,0,0,0,0,0
25392,ECG,1596,26793,0,0,0,0,0
25397,ECG,1597,26625,0,0,0,0,0
25397,ECG,1598,26457,0,0,0,0,0
25402,ECG,1599,26291,0,0,0,0,0
25402,ECG,1600,26126,0,0,0,0,0
25402,ECG,1601,25961,0,0,0,0,0
25407,ECG,1602,25798,0,0,0,0,0
25407,ECG,1603,25636,0,0,0,0,0
25412,ECG,1604,25314,0,0,0,0,0
25412,ECG,1605,25155,0,0,0,0,0
25417,ECG,1606,24997,0,0,0,0,0
25417,ECG,1607,24840,0,0,0,0,0
25418,ECG,1608,24683,0,0,0,0,0
25422,ECG,1609,24528,0,0,0,0,0
25422,ECG,1610,24374,0,0,0,0,0
25427,ECG,1611,24221,0,0,0,0,0
25427,ECG,1612,24068,0,0,0,0,0
25427,ECG,1613,23917,0,0,0,0,0
25432,ECG,1614,23766,0,0,0,0,0
25432,ECG,1615,23617,0,0,0,0,0
25437,ECG,1616,23468,0,0,0,0,0
25437,ECG,1617,23321,0,0,0,0,0
25437,ECG,1618,23174,0,0,0,0,0
25442,ECG,1619,23028,0,0,0,0,0
25442,ECG,1620,22883,0,0,0,0,0
25447,ECG,1621,22739,0,0,0,0,0
25447,ECG,1622,22596,0,0,0,0,0
25447,ECG,1623,22454,0,0,0,0,0
25452,ECG,1624,22313,0,0,0,0,0
25452,ECG,1625,22172,0,0,0,0,0
25457,ECG,1626,22033,0,0,0,0,0
25457,ECG,1627,21894,0,0,0,0,0
25457,ECG,1628,21756,0,0,0,0,0
25462,ECG,1629,21619,0,0,0,0,0
25462,ECG,1630,21483,0,0,0,0,0
25467,ECG,1631,21214,0,0,0,0,0
25467,ECG,1632,21080,0,0,0,0,0
25472,ECG,1633,20948,0,0,0,0,0
25472,ECG,1634,20816,0,0,0,0,0
25477,ECG,1635,20555,0,0,0,0,0
25477,ECG,1636,20425,0,0,0,0,0
25482,ECG,1637,20297,0,0,0,0,0
25482,ECG,1638,20169,0,0,0,0,0
25482,ECG,1639,20042,0,0,0,0,0
25487,ECG,1640,19916,0,0,0,0,0
25487,ECG,1641,19790,0,0,0,0,0
25492,ECG,1642,19666,0,0,0,0,0
25492,ECG,1643,19542,0,0,0,0,0
25492,ECG,1644,19419,0,0,0,0,0
25497,ECG,1645,19297,0,0,0,0,0
25497,ECG,1646,19175,0,0,0,0,0
25502,ECG,1647,19055,0,0,0,0,0
25502,ECG,1648,18935,0,0,0,0,0
25502,ECG,1649,18815,0,0,0,0,0
25507,ECG,1650,18697,0,0,0,0,0
25507,ECG,1651,18579,0,0,0,0,0
25512,ECG,1652,18346,0,0,0,0,0
25512,ECG,1653,18230,0,0,0,0,0
25517,ECG,1654,18116,0,0,0,0,0
25517,ECG,1655,18002,0,0,0,0,0
25518,ECG,1656,17888,0,0,0,0,0
25522,ECG,1657,17775,0,0,0,0,0
25522,ECG,1658,17663,0,0,0,0,0
25527,ECG,1659,17552,0,0,0,0,0
25527,ECG,1660,17442,0,0,0,0,0
25527,ECG,1661,17332,0,0,0,0,0
25532,ECG,1662,17222,0,0,0,0,0
25532,ECG,1663,17114,0,0,0,0,0
25537,ECG,1664,17006,0,0,0,0,0
25537,ECG,1665,16899,0,0,0,0,0
25537,ECG,1666,16792,0,0,0,0,0
25542,ECG,1667,16687,0,0,0,0,0
25542,ECG,1668,16581,0,0,0,0,0
25547,ECG,1669,16477,0,0,0,0,0
25547,ECG,1670,16373,0,0,0,0,0
25547,ECG,1671,16270,0,0,0,0,0
25552,ECG,1672,16167,0,0,0,0,0
25552,ECG,1673,16065,0,0,0,0,0
25557,ECG,1674,15964,0,0,0,0,0
25557,ECG,1675,15864,0,0,0,0,0
25557,ECG,1676,15764,0,0,0,0,0
25562,ECG,1677,15664,0,0,0,0,0
25562,ECG,1678,15566,0,0,0,0,0
25567,ECG,1679,15370,0,0,0,0,0
25567,ECG,1680,15273,0,0,0,0,0
25572,ECG,1681,15177,0,0,0,0,0
25572,ECG,1682,15081,0,0,0,0,0
25577,ECG,1683,14891,0,0,0,0,0
25577,ECG,1684,14797,0,0,0,0,0
25582,ECG,1685,14704,0,0,0,0,0
25582,ECG,1686,14611,0,0,0,0,0
25582,ECG,1687,14519,0,0,0,0,0
25587,ECG,1688,14428,0,0,0,0,0
25587,ECG,1689,14337,0,0,0,0,0
25592,ECG,1690,14246,0,0,0,0,0
25592,ECG,1691,14156,0,0,0,0,0
25592,ECG,1692,14067,0,0,0,0,0
25597,ECG,1693,13978,0,0,0,0,0
25597,ECG,1694,13890,0,0,0,0,0
25602,ECG,1695,13802,0,0,0,0,0
25602,ECG,1696,13715,0,0,0,0,0
25602,ECG,1697,13629,0,0,0,0,0
25607,ECG,1698,13543,0,0,0,0,0
25607,ECG,1699,13457,0,0,0,0,0
25612,ECG,1700,13372,0,0,0,0,0
25612,ECG,1701,13288,0,0,0,0,0
25612,ECG,1702,13204,0,0,0,0,0
25617,ECG,1703,13121,0,0,0,0,0
25617,ECG,1704,13038,0,0,0,0,0
25618,ECG,1705,12956,0,0,0,0,0
25622,ECG,1706,12874,0,0,0,0,0
25622,ECG,1707,12793,0,0,0,0,0
25627,ECG,1708,12712,0,0,0,0,0
25627,ECG,1709,12632,0,0,0,0,0
25632,ECG,1710,12473,0,0,0,0,0
25632,ECG,1711,12394,0,0,0,0,0
25637,ECG,1712,12316,0,0,0,0,0
25637,ECG,1713,12238,0,0,0,0,0
25637,ECG,1714,12161,0,0,0,0,0
25642,ECG,1715,12084,0,0,0,0,0
25642,ECG,1716,12008,0,0,0,0,0
25647,ECG,1717,11932,0,0,0,0,0
25647,ECG,1718,11857,0,0,0,0,0
25647,ECG,1719,11782,0,0,0,0,0
25652,ECG,1720,11707,0,0,0,0,0
25652,ECG,1721,11633,0,0,0,0,0
25657,ECG,1722,11560,0,0,0,0,0
25657,ECG,1723,11487,0,0,0,0,0
25657,ECG,1724,11414,0,0,0,0,0
25662,ECG,1725,11342,0,0,0,0,0
25662,ECG,1726,11271,0,0,0,0,0
25667,ECG,1727,11129,0,0,0,0,0
25667,ECG,1728,11058,0,0,0,0,0
25672,ECG,1729,10988,0,0,0,0,0
25672,ECG,1730,10919,0,0,0,0,0
25673,ECG,1731,10850,0,0,0,0,0
25677,ECG,1732,10781,0,0,0,0,0
25677,ECG,1733,10713,0,0,0,0,0
25682,ECG,1734,10645,0,0,0,0,0
25682,ECG,1735,10578,0,0,0,0,0
25687,ECG,1736,10445,0,0,0,0,0
25687,ECG,1737,10379,0,0,0,0,0
25692,ECG,1738,10313,0,0,0,0,0
25692,ECG,1739,10248,0,0,0,0,0
25692,ECG,1740,10183,0,0,0,0,0
25697,ECG,1741,10118,0,0,0,0,0
25697,ECG,1742,10054,0,0,0,0,0
25702,ECG,1743,9991,0,0,0,0,0
25702,ECG,1744,9928,0,0,0,0,0
25702,ECG,1745,9865,0,0,0,0,0
25707,ECG,1746,9802,0,0,0,0,0
25707,ECG,1747,9740,0,0,0,0,0
25712,ECG,1748,9679,0,0,0,0,0
25712,ECG,1749,9617,0,0,0,0,0
25712,ECG,1750,9557,0,0,0,0,0
25717,ECG,1751,9496,0,0,0,0,0
25717,ECG,1752,9436,0,0,0,0,0
25722,ECG,1753,9317,0,0,0,0,0
25722,ECG,1754,9258,0,0,0,0,0
25727,ECG,1755,9200,0,0,0,0,0
25727,ECG,1756,9141,0,0,0,0,0
25732,ECG,1757,9026,0,0,0,0,0
25732,ECG,1758,8969,0,0,0,0,0
25737,ECG,1759,8912,0,0,0,0,0
25737,ECG,1760,8855,0,0,0,0,0
25737,ECG,1761,8799,0,0,0,0,0
25742,ECG,1762,8744,0,0,0,0,0
25742,ECG,1763,8688,0,0,0,0,0
25747,ECG,1764,8633,0,0,0,0,0
25747,ECG,1765,8578,0,0,0,0,0
25747,ECG,1766,8524,0,0,0,0,0
25752,ECG,1767,8470,0,0,0,0,0
25752,ECG,1768,8416,0,0,0,0,0
25757,ECG,1769,8363,0,0,0,0,0
25757,ECG,1770,8310,0,0,0,0,0
25757,ECG,1771,8257,0,0,0,0,0
25762,ECG,1772,8205,0,0,0,0,0
25762,ECG,1773,8153,0,0,0,0,0
25767,ECG,1774,8101,0,0,0,0,0
25767,ECG,1775,8050,0,0,0,0,0
25767,ECG,1776,7999,0,0,0,0,0
25772,ECG,1777,7948,0,0,0,0,0
25772,ECG,1778,7898,0,0,0,0,0
25773,ECG,1779,7848,0,0,0,0,0
25777,ECG,1780,7798,0,0,0,0,0
25777,ECG,1781,7749,0,0,0,0,0
25782,ECG,1782,7699,0,0,0,0,0
25782,ECG,1783,7651,0,0,0,0,0
25787,ECG,1784,7554,0,0,0,0,0
25787,ECG,1785,7506,0,0,0,0,0
25792,ECG,1786,7458,0,0,0,0,0
25792,ECG,1787,7411,0,0,0,0,0
25792,ECG,1788,7364,0,0,0,0,0
25797,ECG,1789,7317,0,0,0,0,0
25797,ECG,1790,7271,0,0,0,0,0
25802,ECG,1791,7224,0,0,0,0,0
25802,ECG,1792,7178,0,0,0,0,0
25802,ECG,1793,7133,0,0,0,0,0
25807,ECG,1794,7088,0,0,0,0,0
25807,ECG,1795,7043,0,0,0,0,0
25812,ECG,1796,6998,0,0,0,0,0
25812,ECG,1797,6953,0,0,0,0,0
25812,ECG,1798,6909,0,0,0,0,0
25817,ECG,1799,6865,0,0,0,0,0
25817,ECG,1800,6821,0,0,0,0,0
25822,ECG,1801,6735,0,0,0,0,0
25822,ECG,1802,6692,0,0,0,0,0
25827,ECG,1803,6650,0,0,0,0,0
25827,ECG,1804,6608,0,0,0,0,0
25832,ECG,1805,6524,0,0,0,0,0
25832,ECG,1806,6482,0,0,0,0,0
25837,ECG,1807,6441,0,0,0,0,0
25837,ECG,1808,6400,0,0,0,0,0
25837,ECG,1809,6359,0,0,0,0,0
25842,ECG,1810,6319,0,0,0,0,0
25842,ECG,1811,6279,0,0,0,0,0
25847,ECG,1812,6239,0,0,0,0,0
25847,ECG,1813,6199,0,0,0,0,0
25847,ECG,1814,6159,0,0,0,0,0
25852,ECG,1815,6120,0,0,0,0,0
25852,ECG,1816,6081,0,0,0,0,0
25857,ECG,1817,6042,0,0,0,0,0
25857,ECG,1818,6004,0,0,0,0,0
25857,ECG,1819,5966,0,0,0,0,0
25862,ECG,1820,5928,0,0,0,0,0
25862,ECG,1821,5890,0,0,0,0,0
25867,ECG,1822,5815,0,0,0,0,0
25867,ECG,1823,5778,0,0,0,0,0
25872,ECG,1824,5741,0,0,0,0,0
25872,ECG,1825,5705,0,0,0,0,0
25877,ECG,1826,5632,0,0,0,0,0
25877,ECG,1827,5596,0,0,0,0,0
25882,ECG,1828,5561,0,0,0,0,0
25882,ECG,1829,5525,0,0,0,0,0
25887,ECG,1830,5455,0,0,0,0,0
25887,ECG,1831,5420,0,0,0,0,0
25892,ECG,1832,5386,0,0,0,0,0
25892,ECG,1833,5351,0,0,0,0,0
25892,ECG,1834,5317,0,0,0,0,0
25897,ECG,1835,5283,0,0,0,0,0
25897,ECG,1836,5249,0,0,0,0,0
25902,ECG,1837,5216,0,0,0,0,0
25902,ECG,1838,5183,0,0,0,0,0
25902,ECG,1839,5150,0,0,0,0,0
25907,ECG,1840,5117,0,0,0,0,0
25907,ECG,1841,5084,0,0,0,0,0
25912,ECG,1842,5051,0,0,0,0,0
25912,ECG,1843,5019,0,0,0,0,0
25912,ECG,1844,4987,0,0,0,0,0
25917,ECG,1845,4955,0,0,0,0,0
25917,ECG,1846,4924,0,0,0,0,0
25922,ECG,1847,4861,0,0,0,0,0
25922,ECG,1848,4830,0,0,0,0,0
25927,ECG,1849,4799,0,0,0,0,0
25927,ECG,1850,4768,0,0,0,0,0
25932,ECG,1851,4707,0,0,0,0,0
25932,ECG,1852,4677,0,0,0,0,0
25937,ECG,1853,4647,0,0,0,0,0
25937,ECG,1854,4618,0,0,0,0,0
25937,ECG,1855,4588,0,0,0,0,0
25942,ECG,1856,4559,0,0,0,0,0
25942,ECG,1857,4530,0,0,0,0,0
25947,ECG,1858,4501,0,0,0,0,0
25947,ECG,1859,4472,0,0,0,0,0
25947,ECG,1860,4443,0,0,0,0,0
25952,ECG,1861,4415,0,0,0,0,0
25952,ECG,1862,4386,0,0,0,0,0
25957,ECG,1863,4358,0,0,0,0,0
25957,ECG,1864,4330,0,0,0,0,0
25957,ECG,1865,4303,0,0,0,0,0
25962,ECG,1866,4275,0,0,0,0,0
25962,ECG,1867,4248,0,0,0,0,0
25967,ECG,1868,4193,0,0,0,0,0
25967,ECG,1869,4166,0,0,0,0,0
25972,ECG,1870,4140,0,0,0,0,0
25972,ECG,1871,4113,0,0,0,0,0
25973,ECG,1872,4087,0,0,0,0,0
25977,ECG,1873,4060,0,0,0,0,0
25977,ECG,1874,4034,0,0,0,0,0
25982,ECG,1875,4008,0,0,0,0,0
25982,ECG,1876,3983,0,0,0,0,0
25987,ECG,1877,3932,0,0,0,0,0
25987,ECG,1878,3906,0,0,0,0,0
25992,ECG,1879,3881,0,0,0,0,0
25992,ECG,1880,3856,0,0,0,0,0
25992,ECG,1881,3832,0,0,0,0,0
25997,ECG,1882,3807,0,0,0,0,0
25997,ECG,1883,3782,0,0,0,0,0
26002,ECG,1884,3758,0,0,0,0,0
26002,ECG,1885,3734,0,0,0,0,0
26002,ECG,1886,3710,0,0,0,0,0
26007,ECG,1887,3686,0,0,0,0,0
26007,ECG,1888,3662,0,0,0,0,0
26012,ECG,1889,3639,0,0,0,0,0
26012,ECG,1890,3615,0,0,0,0,0
26012,ECG,1891,3592,0,0,0,0,0
26017,ECG,1892,3569,0,0,0,0,0
26017,ECG,1893,3546,0,0,0,0,0
26022,ECG,1894,3500,0,0,0,0,0
26022,ECG,1895,3478,0,0,0,0,0
26027,ECG,1896,3455,0,0,0,0,0
26027,ECG,1897,3433,0,0,0,0,0
26032,ECG,1898,3389,0,0,0,0,0
26032,ECG,1899,3367,0,0,0,0,0
26037,ECG,1900,3345,0,0,0,0,0
26037,ECG,1901,3324,0,0,0,0,0
26037,ECG,1902,3302,0,0,0,0,0
26042,ECG,1903,3281,0,0,0,0,0
26042,ECG,1904,3260,0,0,0,0,0
26047,ECG,1905,3239,0,0,0,0,0
26047,ECG,1906,3218,0,0,0,0,0
26047,ECG,1907,3197,0,0,0,0,0
26052,ECG,1908,3176,0,0,0,0,0
26052,ECG,1909,3156,0,0,0,0,0
26057,ECG,1910,3135,0,0,0,0,0
26057,ECG,1911,3115,0,0,0,0,0
26057,ECG,1912,3095,0,0,0,0,0
26062,ECG,1913,3075,0,0,0,0,0
26062,ECG,1914,3055,0,0,0,0,0
26067,ECG,1915,3015,0,0,0,0,0
26067,ECG,1916,2996,0,0,0,0,0
26072,ECG,1917,2976,0,0,0,0,0
26072,ECG,1918,2957,0,0,0,0,0
26073,ECG,1919,2938,0,0,0,0,0
26077,ECG,1920,2919,0,0,0,0,0
26077,ECG,1921,2900,0,0,0,0,0
26082,ECG,1922,2881,0,0,0,0,0
26082,ECG,1923,2862,0,0,0,0,0
26087,ECG,1924,2825,0,0,0,0,0
26087,ECG,1925,2807,0,0,0,0,0
26092,ECG,1926,2789,0,0,0,0,0
26092,ECG,1927,2771,0,0,0,0,0
26092,ECG,1928,2753,0,0,0,0,0
26097,ECG,1929,2735,0,0,0,0,0
26097,ECG,1930,2717,0,0,0,0,0
26102,ECG,1931,2700,0,0,0,0,0
26102,ECG,1932,2682,0,0,0,0,0
26102,ECG,1933,2665,0,0,0,0,0
26107,ECG,1934,2647,0,0,0,0,0
26107,ECG,1935,2630,0,0,0,0,0
26112,ECG,1936,2613,0,0,0,0,0
26112,ECG,1937,2596,0,0,0,0,0
26112,ECG,1938,2579,0,0,0,0,0
26117,ECG,1939,2562,0,0,0,0,0
26117,ECG,1940,2546,0,0,0,0,0
26122,ECG,1941,2513,0,0,0,0,0
26122,ECG,1942,2496,0,0,0,0,0
26127,ECG,1943,2480,0,0,0,0,0
26127,ECG,1944,2464,0,0,0,0,0
26132,ECG,1945,2432,0,0,0,0,0
26132,ECG,1946,2416,0,0,0,0,0
26137,ECG,1947,2400,0,0,0,0,0
26137,ECG,1948,2385,0,0,0,0,0
26137,ECG,1949,2369,0,0,0,0,0
26142,ECG,1950,2354,0,0,0,0,0
26142,ECG,1951,2338,0,0,0,0,0
26147,ECG,1952,2323,0,0,0,0,0
26147,ECG,1953,2308,0,0,0,0,0
26147,ECG,1954,2293,0,0,0,0,0
26152,ECG,1955,2278,0,0,0,0,0
26152,ECG,1956,2263,0,0,0,0,0
26157,ECG,1957,2248,0,0,0,0,0
26157,ECG,1958,2233,0,0,0,0,0
26157,ECG,1959,2219,0,0,0,0,0
26162,ECG,1960,2204,0,0,0,0,0
26162,ECG,1961,2190,0,0,0,0,0
26167,ECG,1962,2161,0,0,0,0,0
26167,ECG,1963,2147,0,0,0,0,0
26172,ECG,1964,2133,0,0,0,0,0
26172,ECG,1965,2119,0,0,0,0,0
26177,ECG,1966,2091,0,0,0,0,0
26177,ECG,1967,2078,0,0,0,0,0
26182,ECG,1968,2064,0,0,0,0,0
26182,ECG,1969,2050,0,0,0,0,0
26187,ECG,1970,2023,0,0,0,0,0
26187,ECG,1971,2010,0,0,0,0,0
26192,ECG,1972,1997,0,0,0,0,0
26192,ECG,1973,1984,0,0,0,0,0
26192,ECG,1974,1971,0,0,0,0,0
26197,ECG,1975,1958,0,0,0,0,0
26197,ECG,1976,1945,0,0,0,0,0
26202,ECG,1977,1932,0,0,0,0,0
26202,ECG,1978,1919,0,0,0,0,0
26202,ECG,1979,1906,0,0,0,0,0
26207,ECG,1980,1894,0,0,0,0,0
26207,ECG,1981,1881,0,0,0,0,0
26212,ECG,1982,1869,0,0,0,0,0
26212,ECG,1983,1857,0,0,0,0,0
26212,ECG,1984,1844,0,0,0,0,0
26217,ECG,1985,1832,0,0,0,0,0
26217,ECG,1986,1820,0,0,0,0,0
26222,ECG,1987,1796,0,0,0,0,0
26222,ECG,1988,1784,0,0,0,0,0
26227,ECG,1989,1772,0,0,0,0,0
26227,ECG,1990,1761,0,0,0,0,0
26228,ECG,1991,1749,0,0,0,0,0
26232,ECG,1992,1737,0,0,0,0,0
26232,ECG,1993,1726,0,0,0,0,0
26237,ECG,1994,1714,0,0,0,0,0
26237,ECG,1995,1703,0,0,0,0,0
26242,ECG,1996,1681,0,0,0,0,0
26242,ECG,1997,1669,0,0,0,0,0
26247,ECG,1998,1658,0,0,0,0,0
26247,ECG,1999,1647,0,0,0,0,0
26247,ECG,2000,1636,0,0,0,0,0
26252,ECG,2001,1625,0,0,0,0,0
26252,ECG,2002,1615,0,0,0,0,0
26257,ECG,2003,1604,0,0,0,0,0
26257,ECG,2004,1593,0,0,0,0,0
26257,ECG,2005,1583,0,0,0,0,0
26262,ECG,2006,1572,0,0,0,0,0
26262,ECG,2007,1562,0,0,0,0,0
26267,ECG,2008,1551,0,0,0,0,0
26267,ECG,2009,1541,0,0,0,0,0
26267,ECG,2010,1531,0,0,0,0,0
26272,ECG,2011,1520,0,0,0,0,0
26272,ECG,2012,1510,0,0,0,0,0
26277,ECG,2013,1490,0,0,0,0,0
26277,ECG,2014,1480,0,0,0,0,0
26282,ECG,2015,1470,0,0,0,0,0
26282,ECG,2016,1460,0,0,0,0,0
26287,ECG,2017,1441,0,0,0,0,0
26287,ECG,2018,1431,0,0,0,0,0
26292,ECG,2019,1422,0,0,0,0,0
26292,ECG,2020,1412,0,0,0,0,0
26292,ECG,2021,1403,0,0,0,0,0
26297,ECG,2022,1393,0,0,0,0,0
26297,ECG,2023,1384,0,0,0,0,0
26302,ECG,2024,1375,0,0,0,0,0
26302,ECG,2025,1365,0,0,0,0,0
26302,ECG,2026,1356,0,0,0,0,0
26307,ECG,2027,1347,0,0,0,0,0
26307,ECG,2028,1338,0,0,0,0,0
26312,ECG,2029,1329,0,0,0,0,0
26312,ECG,2030,1320,0,0,0,0,0
26312,ECG,2031,1311,0,0,0,0,0
26317,ECG,2032,1302,0,0,0,0,0
26317,ECG,2033,1294,0,0,0,0,0
26322,ECG,2034,1276,0,0,0,0,0
26322,ECG,2035,1268,0,0,0,0,0
26327,ECG,2036,1259,0,0,0,0,0
26327,ECG,2037,1251,0,0,0,0,0
26328,ECG,2038,1242,0,0,0,0,0
26332,ECG,2039,1234,0,0,0,0,0
26332,ECG,2040,1225,0,0,0,0,0
26337,ECG,2041,1217,0,0,0,0,0
26337,ECG,2042,1209,0,0,0,0,0
26342,ECG,2043,1192,0,0,0,0,0
26342,ECG,2044,1184,0,0,0,0,0
26347,ECG,2045,1176,0,0,0,0,0
26347,ECG,2046,1168,0,0,0,0,0
26347,ECG,2047,1160,0,0,0,0,0
19019,PPG,0,129906,59999,0,0,0,0
19098,PPG,1,129898,59979,0,0,0,0
19177,PPG,2,129907,59985,0,0,0,0
19255,PPG,3,129890,59983,0,0,0,0
19335,PPG,4,129888,59990,0,0,0,0
19414,PPG,5,129888,59983,0,0,0,0
19498,PPG,6,129881,59975,0,0,0,0
19575,PPG,7,129886,59992,0,0,0,0
19653,PPG,8,129896,59986,0,0,0,0
19732,PPG,9,129898,59982,0,0,0,0
19810,PPG,10,129887,59985,0,0,0,0
19890,PPG,11,129891,59980,0,0,0,0
19969,PPG,12,129891,59995,0,0,0,0
20052,PPG,13,129893,59978,0,0,0,0
20128,PPG,14,129902,59974,0,0,0,0
20207,PPG,15,129903,59980,0,0,0,0
20287,PPG,16,129889,59996,0,0,0,0
20366,PPG,17,129899,59984,0,0,0,0
20446,PPG,18,129893,59990,0,0,0,0
20529,PPG,19,129891,59991,0,0,0,0
20607,PPG,20,129903,59987,0,0,0,0
20686,PPG,21,129889,59976,0,0,0,0
20764,PPG,22,129897,59980,0,0,0,0
20843,PPG,23,129898,59985,0,0,0,0
20923,PPG,24,129887,59984,0,0,0,0
21002,PPG,25,129897,59990,0,0,0,0
21086,PPG,26,129884,59989,0,0,0,0
21164,PPG,27,129898,59980,0,0,0,0
21241,PPG,28,129879,59995,0,0,0,0
21320,PPG,29,129908,59989,0,0,0,0
21400,PPG,30,129892,59977,0,0,0,0
21479,PPG,31,129891,59979,0,0,0,0
21568,PPG,32,129884,59973,0,0,0,0
21641,PPG,33,129873,59978,0,0,0,0
21717,PPG,34,129889,59981,0,0,0,0
21796,PPG,35,129889,59974,0,0,0,0
21875,PPG,36,129897,59987,0,0,0,0
21955,PPG,37,129894,59979,0,0,0,0
22034,PPG,38,129888,59990,0,0,0,0
22117,PPG,39,129892,59977,0,0,0,0
22205,PPG,40,129893,59968,0,0,0,0
22274,PPG,41,129888,59988,0,0,0,0
22352,PPG,42,129886,59988,0,0,0,0
22436,PPG,43,129912,59989,0,0,0,0
22512,PPG,44,129909,59994,0,0,0,0
22595,PPG,45,129885,59993,0,0,0,0
22675,PPG,46,129885,59983,0,0,0,0
22750,PPG,47,129888,59983,0,0,0,0
22828,PPG,48,129898,59987,0,0,0,0
22908,PPG,49,129895,59996,0,0,0,0
22987,PPG,50,129900,59997,0,0,0,0
23086,PPG,51,129892,59981,0,0,0,0
23151,PPG,52,129899,59983,0,0,0,0
23228,PPG,53,129891,59976,0,0,0,0
23308,PPG,54,129888,59983,0,0,0,0
23385,PPG,55,129890,59987,0,0,0,0
23464,PPG,56,129885,59978,0,0,0,0
23543,PPG,57,129884,59981,0,0,0,0
23623,PPG,58,129901,59993,0,0,0,0
23706,PPG,59,129883,59985,0,0,0,0
23783,PPG,60,129891,59980,0,0,0,0
23861,PPG,61,129884,59977,0,0,0,0
23940,PPG,62,129887,59986,0,0,0,0
24019,PPG,63,129894,59981,0,0,0,0
24098,PPG,64,129895,59984,0,0,0,0
24187,PPG,65,129888,59981,0,0,0,0
24261,PPG,66,129889,59984,0,0,0,0
24336,PPG,67,129897,59994,0,0,0,0
24416,PPG,68,129892,59985,0,0,0,0
24495,PPG,69,129894,59989,0,0,0,0
24575,PPG,70,129899,59974,0,0,0,0
24654,PPG,71,129902,59992,0,0,0,0
24737,PPG,72,129907,59976,0,0,0,0
24815,PPG,73,129887,59999,0,0,0,0
24893,PPG,74,129897,59981,0,0,0,0
24972,PPG,75,129893,59977,0,0,0,0
25055,PPG,76,129899,59983,0,0,0,0
25131,PPG,77,129883,59980,0,0,0,0
25211,PPG,78,129901,59995,0,0,0,0
25294,PPG,79,129886,59985,0,0,0,0
25371,PPG,80,129901,59987,0,0,0,0
25450,PPG,81,129892,59987,0,0,0,0
25529,PPG,82,129885,59989,0,0,0,0
25608,PPG,83,129902,59984,0,0,0,0
25687,PPG,84,129893,59973,0,0,0,0
25770,PPG,85,129890,59985,0,0,0,0
25849,PPG,86,129888,59977,0,0,0,0
25928,PPG,87,129894,59977,0,0,0,0
26005,PPG,88,129898,59984,0,0,0,0
26084,PPG,89,129887,59977,0,0,0,0
26163,PPG,90,129883,59984,0,0,0,0
26242,PPG,91,129876,59978,0,0,0,0
26325,PPG,92,129883,59976,0,0,0,0
26404,PPG,93,129892,59982,0,0,0,0
26482,PPG,94,129887,59983,0,0,0,0
26563,PPG,95,129887,59975,0,0,0,0
26641,PPG,96,129891,59982,0,0,0,0
26721,PPG,97,129886,59977,0,0,0,0
26807,PPG,98,129900,59981,0,0,0,0
26881,PPG,99,129888,59982,0,0,0,0
23016,IMU,208,1060,-404,8352,-99,58,60
23035,IMU,209,1068,-400,8420,-88,60,35
23054,IMU,210,1152,-368,8480,-104,59,46
23083,IMU,211,1148,-452,8376,-92,58,47
23094,IMU,212,1048,-512,8420,-98,51,34
23111,IMU,213,1056,-492,8360,-95,61,37
23131,IMU,214,1088,-336,8448,-89,53,42
23151,IMU,215,1032,-440,8432,-90,53,47
23169,IMU,216,1116,-380,8400,-88,47,53
23188,IMU,217,1164,-400,8400,-99,47,44
23207,IMU,218,1016,-388,8372,-108,43,34
23226,IMU,219,1008,-360,8296,-101,61,29
23246,IMU,220,1112,-424,8388,-90,55,36
23265,IMU,221,1112,-300,8432,-88,65,37
23284,IMU,222,1064,-436,8380,-86,50,57
23305,IMU,223,1120,-380,8396,-97,50,55
23325,IMU,224,1072,-420,8460,-113,55,31
23342,IMU,225,1184,-428,8412,-90,61,50
23360,IMU,226,1076,-396,8348,-85,60,40
23379,IMU,227,1156,-408,8456,-78,61,29
23399,IMU,228,1120,-400,8444,-106,59,47
23418,IMU,229,1096,-424,8412,-106,55,42
23437,IMU,230,1120,-448,8384,-108,62,27
23456,IMU,231,1232,-464,8364,-92,54,47
23475,IMU,232,1032,-420,8444,-105,51,47
23495,IMU,233,1184,-396,8396,-76,62,25
23517,IMU,234,1068,-412,8364,-93,63,45
23532,IMU,235,1052,-360,8408,-102,53,47
23551,IMU,236,1092,-448,8404,-103,39,36
23571,IMU,237,1160,-456,8424,-111,49,43
23589,IMU,238,992,-524,8368,-98,69,48
23609,IMU,239,1052,-436,8456,-83,52,33
23628,IMU,240,1132,-352,8440,-104,57,34
23647,IMU,241,1044,-412,8368,-98,47,47
23666,IMU,242,1028,-328,8420,-88,36,24
23685,IMU,243,1016,-396,8388,-87,60,22
23706,IMU,244,1164,-464,8436,-93,75,36
23723,IMU,245,1012,-436,8400,-88,56,45
23744,IMU,246,1104,-448,8388,-79,73,17
23761,IMU,247,1076,-404,8456,-93,61,36
23780,IMU,248,1068,-452,8368,-83,56,50
23799,IMU,249,1192,-480,8376,-95,56,46
23819,IMU,250,1108,-392,8380,-101,57,44
23838,IMU,251,1188,-412,8468,-83,57,42
23857,IMU,252,1140,-372,8476,-97,57,33
23876,IMU,253,1068,-424,8424,-108,63,21
23895,IMU,254,1048,-444,8412,-93,68,29
23914,IMU,255,1200,-428,8384,-106,62,44
23933,IMU,256,1148,-480,8416,-94,50,34
23954,IMU,257,1080,-420,8304,-101,54,40
23972,IMU,258,1032,-448,8352,-81,52,36
23991,IMU,259,1056,-412,8392,-101,79,59
24009,IMU,260,1068,-372,8468,-81,56,40
24029,IMU,261,1092,-408,8456,-82,39,24
24048,IMU,262,1044,-484,8468,-79,82,34
24067,IMU,263,1024,-384,8332,-86,65,42
24086,IMU,264,988,-372,8336,-90,56,42
24105,IMU,265,1216,-472,8468,-98,63,51
24124,IMU,266,1052,-440,8424,-89,59,40
24143,IMU,267,1056,-480,8364,-92,65,35
24164,IMU,268,1088,-412,8356,-91,65,36
24187,IMU,269,1072,-424,8360,-79,65,16
24201,IMU,270,1104,-428,8416,-85,49,44
24220,IMU,271,1172,-484,8524,-90,59,38
24239,IMU,272,1004,-368,8448,-77,53,33
24258,IMU,273,1088,-388,8436,-108,48,41
24277,IMU,274,1056,-424,8360,-88,65,26
24296,IMU,275,1096,-432,8444,-106,50,37
24315,IMU,276,1088,-484,8408,-95,54,36
24334,IMU,277,1144,-408,8448,-82,52,40
24353,IMU,278,1132,-400,8384,-98,56,37
24373,IMU,279,1016,-416,8360,-96,65,49
24393,IMU,280,1088,-428,8392,-97,50,34
24411,IMU,281,1068,-308,8404,-103,60,61
24430,IMU,282,1064,-384,8468,-92,74,23
24449,IMU,283,1000,-464,8440,-88,51,48
24468,IMU,284,1092,-340,8396,-100,55,47
24487,IMU,285,1152,-392,8408,-82,65,40
24507,IMU,286,1048,-524,8428,-72,60,49
24526,IMU,287,1032,-416,8424,-89,48,39
24545,IMU,288,1016,-452,8328,-97,60,33
24564,IMU,289,1036,-320,8364,-87,55,31
24583,IMU,290,1064,-380,8492,-107,30,48
24606,IMU,291,1020,-428,8396,-91,67,35
24623,IMU,292,1192,-520,8468,-92,54,37
24641,IMU,293,1172,-452,8396,-94,75,46
24660,IMU,294,956,-388,8304,-101,42,36
24679,IMU,295,1148,-428,8412,-88,62,44
24698,IMU,296,1156,-456,8388,-91,62,41
24717,IMU,297,1068,-424,8424,-93,72,36
24737,IMU,298,1156,-416,8400,-97,54,44
24756,IMU,299,1016,-404,8444,-86,49,53
24775,IMU,300,1176,-396,8348,-92,54,39
24794,IMU,301,1132,-360,8436,-98,66,44
24813,IMU,302,1016,-436,8424,-102,49,25
24833,IMU,303,1072,-392,8364,-89,59,41
24851,IMU,304,1076,-440,8360,-93,61,50
24871,IMU,305,1032,-360,8460,-92,43,51
24890,IMU,306,1084,-452,8324,-104,61,37
24909,IMU,307,1120,-412,8400,-75,68,41
24928,IMU,308,1108,-400,8364,-101,53,37
24947,IMU,309,1076,-280,8416,-109,67,45
24966,IMU,310,1064,-384,8328,-95,50,24
24986,IMU,311,1076,-384,8444,-95,78,34
25005,IMU,312,1072,-460,8492,-89,57,31
25024,IMU,313,1020,-500,8440,-93,63,45
25046,IMU,314,988,-308,8396,-92,48,49
25062,IMU,315,1108,-284,8448,-97,60,34
25081,IMU,316,1076,-504,8460,-85,54,39
25101,IMU,317,1088,-428,8420,-89,52,33
25120,IMU,318,1056,-420,8348,-89,60,42
25139,IMU,319,1072,-444,8468,-86,57,43
25158,IMU,320,1056,-396,8424,-97,56,35
25177,IMU,321,1072,-356,8508,-95,74,24
25196,IMU,322,1024,-340,8436,-94,49,39
25216,IMU,323,1136,-512,8448,-94,54,43
25235,IMU,324,1068,-392,8412,-86,47,49
25255,IMU,325,1140,-412,8336,-79,75,59
25274,IMU,326,1088,-424,8416,-105,60,42
25294,IMU,327,1104,-384,8420,-89,54,47
25311,IMU,328,1100,-448,8412,-97,65,34
25331,IMU,329,1132,-440,8376,-105,58,53
25350,IMU,330,1048,-360,8384,-105,68,61
25369,IMU,331,1084,-404,8436,-74,64,38
25388,IMU,332,1048,-428,8424,-76,56,49
25407,IMU,333,1212,-400,8404,-93,39,55
25426,IMU,334,1064,-508,8492,-88,69,36
25445,IMU,335,1148,-428,8384,-94,58,62
25465,IMU,336,1104,-412,8420,-85,56,40
25486,IMU,337,1064,-420,8420,-97,72,25
25503,IMU,338,1048,-328,8432,-110,58,37
25522,IMU,339,1176,-356,8400,-103,53,35
25541,IMU,340,1004,-404,8492,-94,47,54
25560,IMU,341,1108,-464,8496,-99,63,35
25579,IMU,342,1080,-368,8392,-92,68,44
25598,IMU,343,1104,-320,8356,-102,62,49
25617,IMU,344,1024,-548,8380,-104,55,45
25636,IMU,345,1104,-400,8488,-91,40,40
25655,IMU,346,1216,-376,8424,-83,46,44
25675,IMU,347,1028,-428,8436,-94,56,45
25696,IMU,348,1060,-364,8456,-104,46,44
25714,IMU,349,1120,-336,8352,-93,66,56
25731,IMU,350,1104,-360,8336,-94,71,35
25751,IMU,351,976,-420,8436,-85,56,37
25770,IMU,352,1080,-372,8380,-104,68,26
25789,IMU,353,1112,-444,8452,-78,60,40
25808,IMU,354,1140,-476,8416,-97,42,37
25827,IMU,355,1092,-316,8300,-92,46,55
25846,IMU,356,1184,-328,8424,-92,59,55
25865,IMU,357,1104,-468,8432,-93,64,38
25885,IMU,358,1032,-404,8320,-79,55,42
25904,IMU,359,1148,-412,8504,-100,66,39
25924,IMU,360,1108,-468,8328,-109,54,35
25941,IMU,361,1064,-448,8404,-103,49,32
25961,IMU,362,1152,-508,8432,-99,39,55
25980,IMU,363,980,-336,8320,-87,48,45
25999,IMU,364,1168,-432,8388,-81,58,48
26018,IMU,365,1080,-508,8440,-88,58,35
26037,IMU,366,1076,-320,8412,-110,64,39
26056,IMU,367,1140,-416,8312,-90,56,37
26076,IMU,368,1176,-408,8412,-100,58,17
26095,IMU,369,964,-336,8376,-93,56,37
26114,IMU,370,1124,-296,8460,-105,56,47
26136,IMU,371,1144,-352,8340,-81,43,24
26152,IMU,372,1064,-384,8424,-83,59,34
26171,IMU,373,1072,-364,8468,-84,70,28
26190,IMU,374,1100,-392,8384,-92,66,36
26209,IMU,375,1012,-328,8432,-96,49,45
26229,IMU,376,1024,-368,8392,-97,45,52
26247,IMU,377,1140,-352,8416,-95,72,27
26266,IMU,378,1152,-392,8368,-100,59,40
26285,IMU,379,1116,-436,8388,-89,59,53
26305,IMU,380,1096,-504,8404,-104,70,47
26325,IMU,381,1184,-336,8364,-100,64,34
26343,IMU,382,1040,-476,8348,-89,72,27
26363,IMU,383,1136,-436,8380,-93,60,44
26381,IMU,384,1156,-456,8392,-95,61,35
26400,IMU,385,1060,-460,8368,-94,62,32
26419,IMU,386,1092,-364,8384,-91,68,34
26438,IMU,387,1196,-404,8488,-88,54,39
26457,IMU,388,972,-472,8404,-89,65,41
26477,IMU,389,1028,-452,8372,-82,53,47
26496,IMU,390,1052,-388,8404,-92,66,44
26515,IMU,391,1084,-496,8380,-78,58,28
26534,IMU,392,1144,-344,8420,-108,61,61
26553,IMU,393,1044,-408,8484,-89,41,48
26574,IMU,394,1152,-452,8392,-90,57,54
26592,IMU,395,1200,-336,8476,-92,47,36
26611,IMU,396,1144,-496,8420,-100,71,34
26630,IMU,397,1012,-372,8408,-86,70,53
26649,IMU,398,1112,-448,8460,-95,62,46
26668,IMU,399,1120,-424,8364,-104,75,24
26687,IMU,400,1120,-440,8500,-95,48,44
26706,IMU,401,1172,-396,8460,-114,72,56
26726,IMU,402,1056,-368,8408,-103,55,36
26745,IMU,403,1168,-336,8440,-94,55,31
26764,IMU,404,1100,-424,8352,-94,59,30
26784,IMU,405,1028,-476,8424,-96,51,48
26807,IMU,406,1036,-352,8360,-101,59,34
26821,IMU,407,1044,-360,8404,-88,63,44
26841,IMU,408,1056,-364,8384,-86,48,39
26860,IMU,409,1068,-440,8452,-87,74,52
26879,IMU,410,1044,-404,8352,-106,67,47
26898,IMU,411,1064,-364,8416,-98,55,39
26917,IMU,412,1212,-308,8412,-98,66,46
26936,IMU,413,1112,-448,8432,-109,48,47
26956,IMU,414,1176,-408,8352,-87,61,18
26975,IMU,415,1116,-388,8348,-96,66,42
26994,IMU,416,1064,-360,8352,-117,47,23
27015,IMU,417,1096,-436,8480,-101,64,39
27032,IMU,418,1104,-384,8492,-92,59,52
27051,IMU,419,1032,-284,8344,-93,54,40
27071,IMU,420,1140,-368,8512,-103,62,35
27090,IMU,421,1028,-432,8384,-105,51,45
27109,IMU,422,1048,-436,8364,-97,74,46
27128,IMU,423,1112,-416,8412,-107,69,41
27147,IMU,424,1088,-440,8328,-82,56,15
27166,IMU,425,1036,-448,8440,-95,66,43
27185,IMU,426,1076,-444,8360,-94,63,46
27205,IMU,427,1120,-440,8356,-107,53,40
27228,IMU,428,980,-476,8392,-83,62,42
27244,IMU,429,1156,-396,8368,-97,58,48
27262,IMU,430,1076,-428,8364,-107,69,35
27281,IMU,431,1128,-448,8348,-83,55,29
27300,IMU,432,952,-436,8368,-78,71,45
27320,IMU,433,1112,-404,8412,-111,69,55
27339,IMU,434,1080,-436,8372,-113,63,34
27359,IMU,435,1028,-376,8496,-90,60,29
27377,IMU,436,1112,-316,8404,-93,72,42
27397,IMU,437,1040,-448,8420,-104,36,42
27416,IMU,438,1080,-432,8396,-102,50,17
27435,IMU,439,996,-416,8360,-88,67,57
27456,IMU,440,1140,-408,8324,-82,76,30
27473,IMU,441,1188,-508,8428,-94,57,24
27492,IMU,442,1072,-440,8440,-109,66,34
27511,IMU,443,1040,-500,8396,-99,74,47
27530,IMU,444,1100,-452,8444,-110,49,24
27549,IMU,445,1104,-356,8328,-92,51,25
27568,IMU,446,992,-456,8364,-82,43,38
27587,IMU,447,1148,-348,8404,-107,51,40
27607,IMU,448,1056,-380,8352,-118,53,42
27626,IMU,449,1136,-412,8440,-89,72,42
27645,IMU,450,1080,-508,8408,-106,58,42
27667,IMU,451,1128,-412,8396,-91,53,24
27683,IMU,452,1056,-376,8436,-98,66,40
27702,IMU,453,956,-492,8424,-105,53,32
27721,IMU,454,1160,-408,8396,-110,67,45
27740,IMU,455,1116,-384,8444,-78,73,34
27759,IMU,456,1108,-540,8448,-90,47,49
27778,IMU,457,1020,-460,8420,-86,51,39
27797,IMU,458,1080,-440,8380,-87,54,27
27817,IMU,459,1128,-400,8416,-83,63,47
27835,IMU,460,1124,-408,8480,-84,47,55
27855,IMU,461,1136,-376,8476,-103,52,37
27873,IMU,462,1132,-380,8400,-94,67,37
27895,IMU,463,1048,-292,8400,-89,53,24
27914,IMU,464,1132,-404,8388,-97,49,29
27931,IMU,465,1116,-456,8368,-94,53,46
27950,IMU,466,1160,-452,8356,-107,60,28
27969,IMU,467,1096,-396,8436,-97,63,31
27988,IMU,468,1064,-436,8416,-96,59,41
28007,IMU,469,988,-484,8448,-100,46,47
28027,IMU,470,1084,-400,8436,-89,47,51
28046,IMU,471,1004,-448,8416,-90,43,48
28065,IMU,472,1120,-392,8364,-82,65,47
28083,IMU,473,1116,-416,8344,-95,62,43
28105,IMU,474,1112,-348,8492,-94,48,42
28122,IMU,475,1140,-408,8404,-104,59,45
28141,IMU,476,1088,-412,8468,-76,58,43
28160,IMU,477,1056,-416,8416,-96,60,44
28179,IMU,478,1144,-472,8496,-93,56,42
28198,IMU,479,1040,-432,8360,-99,58,55
28217,IMU,480,1128,-424,8372,-94,63,29
28237,IMU,481,1076,-416,8404,-96,65,35
28256,IMU,482,1128,-388,8480,-108,48,48
28275,IMU,483,1136,-416,8388,-100,64,48
28294,IMU,484,1120,-440,8392,-116,60,37
28315,IMU,485,1128,-360,8376,-104,71,36
28336,IMU,486,1036,-508,8388,-94,56,29
28351,IMU,487,1196,-396,8432,-89,60,35
28370,IMU,488,1048,-340,8436,-94,53,48
28390,IMU,489,1112,-352,8412,-116,48,19
28408,IMU,490,1100,-500,8476,-104,62,33
28428,IMU,491,1100,-432,8428,-105,60,30
28446,IMU,492,1112,-292,8440,-109,75,56
28466,IMU,493,1004,-376,8496,-92,65,45
28485,IMU,494,1152,-432,8468,-90,74,35
28504,IMU,495,1028,-424,8428,-96,70,41
28523,IMU,496,1012,-416,8376,-99,69,42
28543,IMU,497,1036,-384,8420,-103,68,31
28561,IMU,498,1132,-384,8360,-110,37,41
28581,IMU,499,1168,-388,8464,-98,74,46
28600,IMU,500,1072,-436,8436,-103,41,41
28619,IMU,501,960,-324,8420,-86,55,41
28638,IMU,502,1128,-356,8472,-88,75,38
28657,IMU,503,1180,-384,8428,-103,68,53
28676,IMU,504,1152,-420,8420,-87,60,37
28696,IMU,505,1084,-360,8456,-77,53,45
28715,IMU,506,1124,-388,8408,-99,55,50
28734,IMU,507,1092,-488,8388,-82,55,51
28757,IMU,508,1044,-488,8404,-101,66,53
28773,IMU,509,1064,-484,8396,-80,55,27
28791,IMU,510,1168,-388,8344,-109,65,54
28810,IMU,511,1044,-344,8352,-87,67,42
28830,IMU,512,1116,-484,8424,-100,53,28
28849,IMU,513,1044,-428,8384,-97,68,45
28868,IMU,514,1156,-368,8432,-101,78,52
28887,IMU,515,1068,-428,8436,-75,52,37
28906,IMU,516,1024,-344,8384,-88,63,34
28925,IMU,517,1096,-396,8468,-87,55,33
28946,IMU,518,1152,-376,8348,-80,46,43
28964,IMU,519,1132,-488,8352,-87,61,56
28985,IMU,520,1084,-436,8384,-91,46,32
29002,IMU,521,1036,-380,8428,-98,72,52
29021,IMU,522,1180,-508,8400,-85,47,20
29040,IMU,523,1000,-368,8396,-100,54,50
29060,IMU,524,1076,-376,8400,-100,42,50
29079,IMU,525,984,-428,8436,-102,49,46
29098,IMU,526,1080,-448,8444,-100,50,34
29117,IMU,527,1028,-392,8432,-105,37,51
29136,IMU,528,1048,-476,8304,-96,53,46
29155,IMU,529,988,-344,8428,-107,47,41
29174,IMU,530,1112,-300,8304,-111,69,39
29196,IMU,531,1144,-492,8348,-96,60,48
29213,IMU,532,1028,-460,8436,-83,61,40
29232,IMU,533,1104,-328,8292,-86,77,37
29251,IMU,534,1132,-460,8280,-110,62,50
29270,IMU,535,1084,-488,8384,-98,53,26
29289,IMU,536,1084,-404,8436,-105,50,25
29309,IMU,537,1168,-352,8384,-95,74,46
29328,IMU,538,980,-424,8452,-103,54,49
29347,IMU,539,1148,-428,8484,-98,54,41
29366,IMU,540,1024,-308,8344,-94,71,45
29385,IMU,541,1092,-352,8316,-117,59,38
29406,IMU,542,1052,-460,8388,-90,46,40
29427,IMU,543,1236,-380,8432,-109,53,58
29443,IMU,544,1196,-320,8356,-86,43,43
29462,IMU,545,1152,-492,8432,-96,68,35
29481,IMU,546,1108,-392,8364,-97,56,29
29500,IMU,547,1268,-332,8432,-94,66,40
29519,IMU,548,1084,-340,8408,-99,47,37
29539,IMU,549,1032,-424,8352,-88,68,50
29558,IMU,550,1068,-384,8436,-83,64,36
29577,IMU,551,1108,-448,8448,-105,49,43
29595,IMU,552,1124,-388,8444,-100,51,16
29615,IMU,553,1084,-424,8432,-96,62,42
29635,IMU,554,1100,-408,8340,-101,53,54
29654,IMU,555,1120,-508,8452,-96,58,46
29672,IMU,556,1036,-400,8392,-102,59,42
29691,IMU,557,1080,-412,8428,-106,61,53
29710,IMU,558,1104,-440,8432,-72,60,52
29729,IMU,559,984,-420,8456,-90,62,42
29749,IMU,560,992,-440,8472,-92,61,45
29768,IMU,561,1080,-436,8376,-89,63,42
29787,IMU,562,1092,-360,8488,-101,59,24
29806,IMU,563,1040,-400,8412,-99,72,45
29825,IMU,564,1112,-332,8416,-95,55,35
29848,IMU,565,1128,-356,8404,-103,69,50
29865,IMU,566,1080,-468,8316,-107,55,47
29882,IMU,567,1140,-400,8408,-111,66,37
29901,IMU,568,1100,-464,8404,-98,45,41
29920,IMU,569,1088,-496,8384,-117,60,43
29939,IMU,570,1184,-416,8368,-88,62,34
29959,IMU,571,1044,-320,8456,-85,59,36
29979,IMU,572,1064,-464,8356,-97,61,55
29997,IMU,573,1028,-416,8432,-88,43,65
30015,IMU,574,1000,-464,8432,-103,65,48
30035,IMU,575,1172,-416,8376,-79,56,33
30054,IMU,576,1104,-364,8380,-96,50,44
30076,IMU,577,1124,-344,8420,-98,67,57
30093,IMU,578,1092,-396,8484,-101,59,45
30113,IMU,579,1088,-460,8264,-91,57,30
30130,IMU,580,1188,-364,8424,-93,57,35
30150,IMU,581,976,-352,8332,-95,58,37
30169,IMU,582,996,-552,8368,-86,46,55
30188,IMU,583,1132,-424,8332,-88,43,38
30207,IMU,584,1060,-384,8404,-88,54,35
30226,IMU,585,1084,-380,8432,-88,66,42
30245,IMU,586,1084,-464,8388,-92,57,49
30264,IMU,587,1144,-456,8376,-87,42,41
30287,IMU,588,992,-364,8408,-93,38,54
30303,IMU,589,1104,-368,8348,-85,62,60
30321,IMU,590,1044,-512,8344,-89,75,38
30340,IMU,591,1076,-484,8520,-96,60,35
30360,IMU,592,1120,-428,8340,-100,55,31
30379,IMU,593,1108,-452,8456,-98,54,33
30398,IMU,594,1088,-444,8440,-74,54,40
30417,IMU,595,1076,-372,8396,-97,73,49
30436,IMU,596,1088,-484,8348,-81,49,29
30455,IMU,597,1036,-460,8460,-81,65,34
30474,IMU,598,1088,-440,8416,-86,40,33
30493,IMU,599,1048,-428,8344,-122,49,49
30514,IMU,600,1092,-388,8400,-112,53,43
30533,IMU,601,1048,-376,8312,-88,53,41
30550,IMU,602,1092,-372,8428,-90,61,48
30570,IMU,603,1032,-412,8396,-93,58,37
30589,IMU,604,1092,-400,8428,-94,60,41
30608,IMU,605,1128,-356,8396,-99,73,63
30627,IMU,606,1040,-392,8372,-97,60,25
30646,IMU,607,1024,-316,8360,-94,68,35
30665,IMU,608,1124,-352,8416,-91,53,36
30684,IMU,609,1004,-348,8412,-98,75,23
30704,IMU,610,1052,-348,8344,-99,54,43
30726,IMU,611,1100,-440,8408,-81,68,40
30742,IMU,612,980,-356,8416,-81,47,43
30761,IMU,613,1020,-484,8408,-96,64,53
30780,IMU,614,996,-404,8400,-93,50,32
30799,IMU,615,1200,-356,8364,-112,52,38
30819,IMU,616,1028,-464,8404,-90,45,40
30838,IMU,617,1080,-400,8436,-91,55,52
30857,IMU,618,1156,-428,8420,-86,56,50
30876,IMU,619,1144,-364,8376,-105,56,40
30895,IMU,620,992,-368,8372,-109,72,21
30914,IMU,621,1076,-336,8412,-88,63,47
30935,IMU,622,1084,-368,8380,-76,69,21
30954,IMU,623,1084,-300,8432,-100,44,29
26352,ECG,2048,1152,0,0,0,0,0
26352,ECG,2049,1145,0,0,0,0,0
26357,ECG,2050,1137,0,0,0,0,0
26357,ECG,2051,1129,0,0,0,0,0
26357,ECG,2052,1121,0,0,0,0,0
27364,ECG,2053,0,0,0,0,0,0
27364,ECG,2054,-1,0,0,0,0,0
27364,ECG,2055,-6,0,0,0,0,0
27369,ECG,2056,2,0,0,0,0,0
27369,ECG,2057,6,0,0,0,0,0
27374,ECG,2058,38,0,0,0,0,0
27374,ECG,2059,-16,0,0,0,0,0
27379,ECG,2060,-26,0,0,0,0,0
27379,ECG,2061,151,0,0,0,0,0
27384,ECG,2062,-2109,0,0,0,0,0
27384,ECG,2063,-1850,0,0,0,0,0
27389,ECG,2064,-36,0,0,0,0,0
27389,ECG,2065,3394,0,0,0,0,0
27389,ECG,2066,8729,0,0,0,0,0
27394,ECG,2067,15156,0,0,0,0,0
27394,ECG,2068,21689,0,0,0,0,0
27399,ECG,2069,27397,0,0,0,0,0
27399,ECG,2070,31311,0,0,0,0,0
27399,ECG,2071,32011,0,0,0,0,0
27404,ECG,2072,31810,0,0,0,0,0
27404,ECG,2073,31610,0,0,0,0,0
27409,ECG,2074,31343,0,0,0,0,0
27409,ECG,2075,31109,0,0,0,0,0
27409,ECG,2076,31019,0,0,0,0,0
27414,ECG,2077,30731,0,0,0,0,0
27414,ECG,2078,30591,0,0,0,0,0
27419,ECG,2079,30395,0,0,0,0,0
27419,ECG,2080,30195,0,0,0,0,0
27419,ECG,2081,30019,0,0,0,0,0
27424,ECG,2082,29827,0,0,0,0,0
27424,ECG,2083,29638,0,0,0,0,0
27429,ECG,2084,29266,0,0,0,0,0
27429,ECG,2085,29082,0,0,0,0,0
27434,ECG,2086,28900,0,0,0,0,0
27434,ECG,2087,28718,0,0,0,0,0
27439,ECG,2088,28358,0,0,0,0,0
27439,ECG,2089,28180,0,0,0,0,0
27444,ECG,2090,28002,0,0,0,0,0
27444,ECG,2091,27826,0,0,0,0,0
27444,ECG,2092,27651,0,0,0,0,0
27449,ECG,2093,27478,0,0,0,0,0
27449,ECG,2094,27305,0,0,0,0,0
27454,ECG,2095,27133,0,0,0,0,0
27454,ECG,2096,26963,0,0,0,0,0
27454,ECG,2097,26793,0,0,0,0,0
27459,ECG,2098,26625,0,0,0,0,0
27459,ECG,2099,26457,0,0,0,0,0
27464,ECG,2100,26291,0,0,0,0,0
27464,ECG,2101,26126,0,0,0,0,0
27464,ECG,2102,25961,0,0,0,0,0
27469,ECG,2103,25798,0,0,0,0,0
27469,ECG,2104,25636,0,0,0,0,0
27474,ECG,2105,25314,0,0,0,0,0
27474,ECG,2106,25155,0,0,0,0,0
27479,ECG,2107,24997,0,0,0,0,0
27479,ECG,2108,24840,0,0,0,0,0
27484,ECG,2109,24528,0,0,0,0,0
27484,ECG,2110,24374,0,0,0,0,0
27489,ECG,2111,24221,0,0,0,0,0
27489,ECG,2112,24068,0,0,0,0,0
27489,ECG,2113,23917,0,0,0,0,0
27494,ECG,2114,23766,0,0,0,0,0
27494,ECG,2115,23617,0,0,0,0,0
27499,ECG,2116,23468,0,0,0,0,0
27499,ECG,2117,23321,0,0,0,0,0
27499,ECG,2118,23174,0,0,0,0,0
27504,ECG,2119,23028,0,0,0,0,0
27504,ECG,2120,22883,0,0,0,0,0
27509,ECG,2121,22739,0,0,0,0,0
27509,ECG,2122,22596,0,0,0,0,0
27509,ECG,2123,22454,0,0,0,0,0
27514,ECG,2124,22313,0,0,0,0,0
27514,ECG,2125,22172,0,0,0,0,0
27519,ECG,2126,21894,0,0,0,0,0
27519,ECG,2127,21756,0,0,0,0,0
27524,ECG,2128,21619,0,0,0,0,0
27524,ECG,2129,21483,0,0,0,0,0
27525,ECG,2130,21348,0,0,0,0,0
27529,ECG,2131,21214,0,0,0,0,0
27529,ECG,2132,21080,0,0,0,0,0
27534,ECG,2133,20948,0,0,0,0,0
27534,ECG,2134,20816,0,0,0,0,0
27539,ECG,2135,20555,0,0,0,0,0
27539,ECG,2136,20425,0,0,0,0,0
27544,ECG,2137,20297,0,0,0,0,0
27544,ECG,2138,20169,0,0,0,0,0
27544,ECG,2139,20042,0,0,0,0,0
27549,ECG,2140,19916,0,0,0,0,0
27549,ECG,2141,19790,0,0,0,0,0
27554,ECG,2142,19666,0,0,0,0,0
27554,ECG,2143,19542,0,0,0,0,0
27554,ECG,2144,19419,0,0,0,0,0
27559,ECG,2145,19297,0,0,0,0,0
27559,ECG,2146,19175,0,0,0,0,0
27564,ECG,2147,19055,0,0,0,0,0
27564,ECG,2148,18935,0,0,0,0,0
27564,ECG,2149,18815,0,0,0,0,0
27569,ECG,2150,18697,0,0,0,0,0
27569,ECG,2151,18579,0,0,0,0,0
27574,ECG,2152,18346,0,0,0,0,0
27574,ECG,2153,18230,0,0,0,0,0
27579,ECG,2154,18116,0,0,0,0,0
27579,ECG,2155,18002,0,0,0,0,0
27584,ECG,2156,17775,0,0,0,0,0
27584,ECG,2157,17663,0,0,0,0,0
27589,ECG,2158,17552,0,0,0,0,0
27589,ECG,2159,17442,0,0,0,0,0
27589,ECG,2160,17332,0,0,0,0,0
27594,ECG,2161,17222,0,0,0,0,0
27594,ECG,2162,17114,0,0,0,0,0
27599,ECG,2163,17006,0,0,0,0,0
27599,ECG,2164,16899,0,0,0,0,0
27599,ECG,2165,16792,0,0,0,0,0
27604,ECG,2166,16687,0,0,0,0,0
27604,ECG,2167,16581,0,0,0,0,0
27609,ECG,2168,16477,0,0,0,0,0
27609,ECG,2169,16373,0,0,0,0,0
27609,ECG,2170,16270,0,0,0,0,0
27614,ECG,2171,16167,0,0,0,0,0
27614,ECG,2172,16065,0,0,0,0,0
27619,ECG,2173,15864,0,0,0,0,0
27619,ECG,2174,15764,0,0,0,0,0
27624,ECG,2175,15664,0,0,0,0,0
27624,ECG,2176,15566,0,0,0,0,0
27625,ECG,2177,15467,0,0,0,0,0
27629,ECG,2178,15370,0,0,0,0,0
27629,ECG,2179,15273,0,0,0,0,0
27634,ECG,2180,15177,0,0,0,0,0
27634,ECG,2181,15081,0,0,0,0,0
27639,ECG,2182,14891,0,0,0,0,0
27639,ECG,2183,14797,0,0,0,0,0
27644,ECG,2184,14704,0,0,0,0,0
27644,ECG,2185,14611,0,0,0,0,0
27644,ECG,2186,14519,0,0,0,0,0
27649,ECG,2187,14428,0,0,0,0,0
27649,ECG,2188,14337,0,0,0,0,0
27654,ECG,2189,14246,0,0,0,0,0
27654,ECG,2190,14156,0,0,0,0,0
27654,ECG,2191,14067,0,0,0,0,0
27659,ECG,2192,13978,0,0,0,0,0
27659,ECG,2193,13890,0,0,0,0,0
27664,ECG,2194,13802,0,0,0,0,0
27664,ECG,2195,13715,0,0,0,0,0
27664,ECG,2196,13629,0,0,0,0,0
27669,ECG,2197,13543,0,0,0,0,0
27669,ECG,2198,13457,0,0,0,0,0
27674,ECG,2199,13288,0,0,0,0,0
27674,ECG,2200,13204,0,0,0,0,0
27679,ECG,2201,13121,0,0,0,0,0
27679,ECG,2202,13038,0,0,0,0,0
27684,ECG,2203,12874,0,0,0,0,0
27684,ECG,2204,12793,0,0,0,0,0
27689,ECG,2205,12712,0,0,0,0,0
27689,ECG,2206,12632,0,0,0,0,0
27689,ECG,2207,12552,0,0,0,0,0
27694,ECG,2208,12473,0,0,0,0,0
27694,ECG,2209,12394,0,0,0,0,0
27699,ECG,2210,12316,0,0,0,0,0
27699,ECG,2211,12238,0,0,0,0,0
27699,ECG,2212,12161,0,0,0,0,0
27704,ECG,2213,12084,0,0,0,0,0
27704,ECG,2214,12008,0,0,0,0,0
27709,ECG,2215,11932,0,0,0,0,0
27709,ECG,2216,11857,0,0,0,0,0
27709,ECG,2217,11782,0,0,0,0,0
27714,ECG,2218,11707,0,0,0,0,0
27714,ECG,2219,11633,0,0,0,0,0
27719,ECG,2220,11560,0,0,0,0,0
27719,ECG,2221,11487,0,0,0,0,0
27719,ECG,2222,11414,0,0,0,0,0
27724,ECG,2223,11342,0,0,0,0,0
27724,ECG,2224,11271,0,0,0,0,0
27729,ECG,2225,11129,0,0,0,0,0
27729,ECG,2226,11058,0,0,0,0,0
27734,ECG,2227,10988,0,0,0,0,0
27734,ECG,2228,10919,0,0,0,0,0
27739,ECG,2229,10781,0,0,0,0,0
27739,ECG,2230,10713,0,0,0,0,0
27744,ECG,2231,10645,0,0,0,0,0
27744,ECG,2232,10578,0,0,0,0,0
27744,ECG,2233,10511,0,0,0,0,0
27749,ECG,2234,10445,0,0,0,0,0
27749,ECG,2235,10379,0,0,0,0,0
27754,ECG,2236,10313,0,0,0,0,0
27754,ECG,2237,10248,0,0,0,0,0
27754,ECG,2238,10183,0,0,0,0,0
27759,ECG,2239,10118,0,0,0,0,0
27759,ECG,2240,10054,0,0,0,0,0
27764,ECG,2241,9991,0,0,0,0,0
27764,ECG,2242,9928,0,0,0,0,0
27764,ECG,2243,9865,0,0,0,0,0
27769,ECG,2244,9802,0,0,0,0,0
27769,ECG,2245,9740,0,0,0,0,0
27774,ECG,2246,9617,0,0,0,0,0
27774,ECG,2247,9557,0,0,0,0,0
27779,ECG,2248,9496,0,0,0,0,0
27779,ECG,2249,9436,0,0,0,0,0
27780,ECG,2250,9376,0,0,0,0,0
27784,ECG,2251,9317,0,0,0,0,0
27784,ECG,2252,9258,0,0,0,0,0
27789,ECG,2253,9200,0,0,0,0,0
27789,ECG,2254,9141,0,0,0,0,0
27789,ECG,2255,9083,0,0,0,0,0
27794,ECG,2256,9026,0,0,0,0,0
27794,ECG,2257,8969,0,0,0,0,0
27799,ECG,2258,8912,0,0,0,0,0
27799,ECG,2259,8855,0,0,0,0,0
27799,ECG,2260,8799,0,0,0,0,0
27804,ECG,2261,8744,0,0,0,0,0
27804,ECG,2262,8688,0,0,0,0,0
27809,ECG,2263,8633,0,0,0,0,0
27809,ECG,2264,8578,0,0,0,0,0
27809,ECG,2265,8524,0,0,0,0,0
27814,ECG,2266,8470,0,0,0,0,0
27814,ECG,2267,8416,0,0,0,0,0
27819,ECG,2268,8363,0,0,0,0,0
27819,ECG,2269,8310,0,0,0,0,0
27819,ECG,2270,8257,0,0,0,0,0
27824,ECG,2271,8205,0,0,0,0,0
27824,ECG,2272,8153,0,0,0,0,0
27829,ECG,2273,8050,0,0,0,0,0
27829,ECG,2274,7999,0,0,0,0,0
27834,ECG,2275,7948,0,0,0,0,0
27834,ECG,2276,7898,0,0,0,0,0
27839,ECG,2277,7798,0,0,0,0,0
27839,ECG,2278,7749,0,0,0,0,0
27844,ECG,2279,7699,0,0,0,0,0
27844,ECG,2280,7651,0,0,0,0,0
27844,ECG,2281,7602,0,0,0,0,0
27849,ECG,2282,7554,0,0,0,0,0
27849,ECG,2283,7506,0,0,0,0,0
27854,ECG,2284,7458,0,0,0,0,0
27854,ECG,2285,7411,0,0,0,0,0
27854,ECG,2286,7364,0,0,0,0,0
27859,ECG,2287,7317,0,0,0,0,0
27859,ECG,2288,7271,0,0,0,0,0
27864,ECG,2289,7224,0,0,0,0,0
27864,ECG,2290,7178,0,0,0,0,0
27864,ECG,2291,7133,0,0,0,0,0
27869,ECG,2292,7088,0,0,0,0,0
27869,ECG,2293,7043,0,0,0,0,0
27874,ECG,2294,6953,0,0,0,0,0
27874,ECG,2295,6909,0,0,0,0,0
27879,ECG,2296,6865,0,0,0,0,0
27879,ECG,2297,6821,0,0,0,0,0
27880,ECG,2298,6778,0,0,0,0,0
27884,ECG,2299,6735,0,0,0,0,0
27884,ECG,2300,6692,0,0,0,0,0
27889,ECG,2301,6650,0,0,0,0,0
27889,ECG,2302,6608,0,0,0,0,0
27889,ECG,2303,6566,0,0,0,0,0
27894,ECG,2304,6524,0,0,0,0,0
27894,ECG,2305,6482,0,0,0,0,0
27899,ECG,2306,6441,0,0,0,0,0
27899,ECG,2307,6400,0,0,0,0,0
27899,ECG,2308,6359,0,0,0,0,0
27904,ECG,2309,6319,0,0,0,0,0
27904,ECG,2310,6279,0,0,0,0,0
27909,ECG,2311,6239,0,0,0,0,0
27909,ECG,2312,6199,0,0,0,0,0
27909,ECG,2313,6159,0,0,0,0,0
27914,ECG,2314,6120,0,0,0,0,0
27914,ECG,2315,6081,0,0,0,0,0
27919,ECG,2316,6004,0,0,0,0,0
27919,ECG,2317,5966,0,0,0,0,0
27924,ECG,2318,5928,0,0,0,0,0
27924,ECG,2319,5890,0,0,0,0,0
27925,ECG,2320,5852,0,0,0,0,0
27929,ECG,2321,5815,0,0,0,0,0
27929,ECG,2322,5778,0,0,0,0,0
27934,ECG,2323,5741,0,0,0,0,0
27934,ECG,2324,5705,0,0,0,0,0
27939,ECG,2325,5632,0,0,0,0,0
27939,ECG,2326,5596,0,0,0,0,0
27944,ECG,2327,5561,0,0,0,0,0
27944,ECG,2328,5525,0,0,0,0,0
27944,ECG,2329,5490,0,0,0,0,0
27949,ECG,2330,5455,0,0,0,0,0
27949,ECG,2331,5420,0,0,0,0,0
27954,ECG,2332,5386,0,0,0,0,0
27954,ECG,2333,5351,0,0,0,0,0
27954,ECG,2334,5317,0,0,0,0,0
27959,ECG,2335,5283,0,0,0,0,0
27959,ECG,2336,5249,0,0,0,0,0
27964,ECG,2337,5216,0,0,0,0,0
27964,ECG,2338,5183,0,0,0,0,0
27964,ECG,2339,5150,0,0,0,0,0
27969,ECG,2340,5117,0,0,0,0,0
27969,ECG,2341,5084,0,0,0,0,0
27974,ECG,2342,5019,0,0,0,0,0
27974,ECG,2343,4987,0,0,0,0,0
27979,ECG,2344,4955,0,0,0,0,0
27979,ECG,2345,4924,0,0,0,0,0
27984,ECG,2346,4861,0,0,0,0,0
27984,ECG,2347,4830,0,0,0,0,0
27989,ECG,2348,4799,0,0,0,0,0
27989,ECG,2349,4768,0,0,0,0,0
27989,ECG,2350,4738,0,0,0,0,0
27994,ECG,2351,4707,0,0,0,0,0
27994,ECG,2352,4677,0,0,0,0,0
27999,ECG,2353,4647,0,0,0,0,0
27999,ECG,2354,4618,0,0,0,0,0
27999,ECG,2355,4588,0,0,0,0,0
28004,ECG,2356,4559,0,0,0,0,0
28004,ECG,2357,4530,0,0,0,0,0
28009,ECG,2358,4501,0,0,0,0,0
28009,ECG,2359,4472,0,0,0,0,0
28009,ECG,2360,4443,0,0,0,0,0
28014,ECG,2361,4415,0,0,0,0,0
28014,ECG,2362,4386,0,0,0,0,0
28019,ECG,2363,4330,0,0,0,0,0
28019,ECG,2364,4303,0,0,0,0,0
28024,ECG,2365,4275,0,0,0,0,0
28024,ECG,2366,4248,0,0,0,0,0
28025,ECG,2367,4220,0,0,0,0,0
28029,ECG,2368,4193,0,0,0,0,0
28029,ECG,2369,4166,0,0,0,0,0
28034,ECG,2370,4140,0,0,0,0,0
28034,ECG,2371,4113,0,0,0,0,0
28039,ECG,2372,4060,0,0,0,0,0
28039,ECG,2373,4034,0,0,0,0,0
28044,ECG,2374,4008,0,0,0,0,0
28044,ECG,2375,3983,0,0,0,0,0
28044,ECG,2376,3957,0,0,0,0,0
28049,ECG,2377,3932,0,0,0,0,0
28049,ECG,2378,3906,0,0,0,0,0
28054,ECG,2379,3881,0,0,0,0,0
28054,ECG,2380,3856,0,0,0,0,0
28054,ECG,2381,3832,0,0,0,0,0
28059,ECG,2382,3807,0,0,0,0,0
28059,ECG,2383,3782,0,0,0,0,0
28064,ECG,2384,3758,0,0,0,0,0
28064,ECG,2385,3734,0,0,0,0,0
28064,ECG,2386,3710,0,0,0,0,0
28069,ECG,2387,3686,0,0,0,0,0
28069,ECG,2388,3662,0,0,0,0,0
28074,ECG,2389,3615,0,0,0,0,0
28074,ECG,2390,3592,0,0,0,0,0
28079,ECG,2391,3569,0,0,0,0,0
28079,ECG,2392,3546,0,0,0,0,0
28084,ECG,2393,3500,0,0,0,0,0
28084,ECG,2394,3478,0,0,0,0,0
28089,ECG,2395,3455,0,0,0,0,0
28089,ECG,2396,3433,0,0,0,0,0
28089,ECG,2397,3411,0,0,0,0,0
28094,ECG,2398,3389,0,0,0,0,0
28094,ECG,2399,3367,0,0,0,0,0
28099,ECG,2400,3345,0,0,0,0,0
28099,ECG,2401,3324,0,0,0,0,0
28099,ECG,2402,3302,0,0,0,0,0
28104,ECG,2403,3281,0,0,0,0,0
28104,ECG,2404,3260,0,0,0,0,0
28109,ECG,2405,3239,0,0,0,0,0
28109,ECG,2406,3218,0,0,0,0,0
28109,ECG,2407,3197,0,0,0,0,0
28114,ECG,2408,3176,0,0,0,0,0
28114,ECG,2409,3156,0,0,0,0,0
28119,ECG,2410,3115,0,0,0,0,0
28119,ECG,2411,3095,0,0,0,0,0
28124,ECG,2412,3075,0,0,0,0,0
28124,ECG,2413,3055,0,0,0,0,0
28129,ECG,2414,3015,0,0,0,0,0
28129,ECG,2415,2996,0,0,0,0,0
28134,ECG,2416,2976,0,0,0,0,0
28134,ECG,2417,2957,0,0,0,0,0
28139,ECG,2418,2919,0,0,0,0,0
28139,ECG,2419,2900,0,0,0,0,0
28144,ECG,2420,2881,0,0,0,0,0
28144,ECG,2421,2862,0,0,0,0,0
28144,ECG,2422,2844,0,0,0,0,0
28149,ECG,2423,2825,0,0,0,0,0
28149,ECG,2424,2807,0,0,0,0,0
28154,ECG,2425,2789,0,0,0,0,0
28154,ECG,2426,2771,0,0,0,0,0
28154,ECG,2427,2753,0,0,0,0,0
28159,ECG,2428,2735,0,0,0,0,0
28159,ECG,2429,2717,0,0,0,0,0
28164,ECG,2430,2700,0,0,0,0,0
28164,ECG,2431,2682,0,0,0,0,0
28164,ECG,2432,2665,0,0,0,0,0
28169,ECG,2433,2647,0,0,0,0,0
28169,ECG,2434,2630,0,0,0,0,0
28174,ECG,2435,2596,0,0,0,0,0
28174,ECG,2436,2579,0,0,0,0,0
28179,ECG,2437,2562,0,0,0,0,0
28179,ECG,2438,2546,0,0,0,0,0
28180,ECG,2439,2529,0,0,0,0,0
28184,ECG,2440,2513,0,0,0,0,0
28184,ECG,2441,2496,0,0,0,0,0
28189,ECG,2442,2480,0,0,0,0,0
28189,ECG,2443,2464,0,0,0,0,0
28194,ECG,2444,2432,0,0,0,0,0
28194,ECG,2445,2416,0,0,0,0,0
28199,ECG,2446,2400,0,0,0,0,0
28199,ECG,2447,2385,0,0,0,0,0
28199,ECG,2448,2369,0,0,0,0,0
28204,ECG,2449,2354,0,0,0,0,0
28204,ECG,2450,2338,0,0,0,0,0
28209,ECG,2451,2323,0,0,0,0,0
28209,ECG,2452,2308,0,0,0,0,0
28209,ECG,2453,2293,0,0,0,0,0
28214,ECG,2454,2278,0,0,0,0,0
28214,ECG,2455,2263,0,0,0,0,0
28219,ECG,2456,2248,0,0,0,0,0
28219,ECG,2457,2233,0,0,0,0,0
28219,ECG,2458,2219,0,0,0,0,0
28224,ECG,2459,2204,0,0,0,0,0
28224,ECG,2460,2190,0,0,0,0,0
28229,ECG,2461,2161,0,0,0,0,0
28229,ECG,2462,2147,0,0,0,0,0
28234,ECG,2463,2133,0,0,0,0,0
28234,ECG,2464,2119,0,0,0,0,0
28239,ECG,2465,2091,0,0,0,0,0
28239,ECG,2466,2078,0,0,0,0,0
28244,ECG,2467,2064,0,0,0,0,0
28244,ECG,2468,2050,0,0,0,0,0
28244,ECG,2469,2037,0,0,0,0,0
28249,ECG,2470,2023,0,0,0,0,0
28249,ECG,2471,2010,0,0,0,0,0
28254,ECG,2472,1997,0,0,0,0,0
28254,ECG,2473,1984,0,0,0,0,0
28254,ECG,2474,1971,0,0,0,0,0
28259,ECG,2475,1958,0,0,0,0,0
28259,ECG,2476,1945,0,0,0,0,0
28264,ECG,2477,1932,0,0,0,0,0
28264,ECG,2478,1919,0,0,0,0,0
28264,ECG,2479,1906,0,0,0,0,0
28269,ECG,2480,1894,0,0,0,0,0
28269,ECG,2481,1881,0,0,0,0,0
28274,ECG,2482,1857,0,0,0,0,0
28274,ECG,2483,1844,0,0,0,0,0
28279,ECG,2484,1832,0,0,0,0,0
28279,ECG,2485,1820,0,0,0,0,0
28284,ECG,2486,1796,0,0,0,0,0
28284,ECG,2487,1784,0,0,0,0,0
28289,ECG,2488,1772,0,0,0,0,0
28289,ECG,2489,1761,0,0,0,0,0
28294,ECG,2490,1737,0,0,0,0,0
28294,ECG,2491,1726,0,0,0,0,0
28299,ECG,2492,1714,0,0,0,0,0
28299,ECG,2493,1703,0,0,0,0,0
28299,ECG,2494,1692,0,0,0,0,0
28304,ECG,2495,1681,0,0,0,0,0
28304,ECG,2496,1669,0,0,0,0,0
28309,ECG,2497,1658,0,0,0,0,0
28309,ECG,2498,1647,0,0,0,0,0
28309,ECG,2499,1636,0,0,0,0,0
28314,ECG,2500,1625,0,0,0,0,0
28314,ECG,2501,1615,0,0,0,0,0
28319,ECG,2502,1604,0,0,0,0,0
28319,ECG,2503,1593,0,0,0,0,0
28319,ECG,2504,1583,0,0,0,0,0
28324,ECG,2505,1572,0,0,0,0,0
28324,ECG,2506,1562,0,0,0,0,0
28329,ECG,2507,1541,0,0,0,0,0
28329,ECG,2508,1531,0,0,0,0,0
28334,ECG,2509,1520,0,0,0,0,0
28334,ECG,2510,1510,0,0,0,0,0
28335,ECG,2511,1500,0,0,0,0,0
28339,ECG,2512,1490,0,0,0,0,0
28339,ECG,2513,1480,0,0,0,0,0
28344,ECG,2514,1470,0,0,0,0,0
28344,ECG,2515,1460,0,0,0,0,0
28349,ECG,2516,1441,0,0,0,0,0
28349,ECG,2517,1431,0,0,0,0,0
28354,ECG,2518,1422,0,0,0,0,0
28354,ECG,2519,1412,0,0,0,0,0
28354,ECG,2520,1403,0,0,0,0,0
28359,ECG,2521,1393,0,0,0,0,0
28359,ECG,2522,1384,0,0,0,0,0
28364,ECG,2523,1375,0,0,0,0,0
28364,ECG,2524,1365,0,0,0,0,0
28364,ECG,2525,1356,0,0,0,0,0
28369,ECG,2526,1347,0,0,0,0,0
28369,ECG,2527,1338,0,0,0,0,0
28374,ECG,2528,1329,0,0,0,0,0
28374,ECG,2529,1320,0,0,0,0,0
28374,ECG,2530,1311,0,0,0,0,0
28379,ECG,2531,1302,0,0,0,0,0
28379,ECG,2532,1294,0,0,0,0,0
28380,ECG,2533,1285,0,0,0,0,0
28384,ECG,2534,1276,0,0,0,0,0
28384,ECG,2535,1268,0,0,0,0,0
28389,ECG,2536,1259,0,0,0,0,0
28389,ECG,2537,1251,0,0,0,0,0
28394,ECG,2538,1234,0,0,0,0,0
28394,ECG,2539,1225,0,0,0,0,0
28399,ECG,2540,1217,0,0,0,0,0
28399,ECG,2541,1209,0,0,0,0,0
28399,ECG,2542,1201,0,0,0,0,0
28404,ECG,2543,1192,0,0,0,0,0
28404,ECG,2544,1184,0,0,0,0,0
28409,ECG,2545,1176,0,0,0,0,0
28409,ECG,2546,1168,0,0,0,0,0
28409,ECG,2547,1160,0,0,0,0,0
28414,ECG,2548,1152,0,0,0,0,0
28414,ECG,2549,1145,0,0,0,0,0
28419,ECG,2550,1137,0,0,0,0,0
28419,ECG,2551,1129,0,0,0,0,0
28419,ECG,2552,1121,0,0,0,0,0
28424,ECG,2553,1114,0,0,0,0,0
28424,ECG,2554,1106,0,0,0,0,0
28429,ECG,2555,1091,0,0,0,0,0
28429,ECG,2556,1084,0,0,0,0,0
29436,ECG,2557,0,0,0,0,0,0
29436,ECG,2558,-1,0,0,0,0,0
29436,ECG,2559,-6,0,0,0,0,0
29441,ECG,2560,2,0,0,0,0,0
29441,ECG,2561,6,0,0,0,0,0
29446,ECG,2562,38,0,0,0,0,0
29446,ECG,2563,-16,0,0,0,0,0
29451,ECG,2564,-26,0,0,0,0,0
29451,ECG,2565,151,0,0,0,0,0
29452,ECG,2566,-753,0,0,0,0,0
29456,ECG,2567,-2109,0,0,0,0,0
29456,ECG,2568,-1850,0,0,0,0,0
29461,ECG,2569,-36,0,0,0,0,0
29461,ECG,2570,3394,0,0,0,0,0
29461,ECG,2571,8729,0,0,0,0,0
29466,ECG,2572,15156,0,0,0,0,0
29466,ECG,2573,21689,0,0,0,0,0
29471,ECG,2574,27397,0,0,0,0,0
29471,ECG,2575,31311,0,0,0,0,0
29471,ECG,2576,32011,0,0,0,0,0
29476,ECG,2577,31810,0,0,0,0,0
29476,ECG,2578,31610,0,0,0,0,0
29481,ECG,2579,31343,0,0,0,0,0
29481,ECG,2580,31109,0,0,0,0,0
29481,ECG,2581,31019,0,0,0,0,0
29486,ECG,2582,30731,0,0,0,0,0
29486,ECG,2583,30591,0,0,0,0,0
29491,ECG,2584,30395,0,0,0,0,0
29491,ECG,2585,30195,0,0,0,0,0
29491,ECG,2586,30019,0,0,0,0,0
29496,ECG,2587,29827,0,0,0,0,0
29496,ECG,2588,29638,0,0,0,0,0
29501,ECG,2589,29266,0,0,0,0,0
29501,ECG,2590,29082,0,0,0,0,0
29506,ECG,2591,28900,0,0,0,0,0
29506,ECG,2592,28718,0,0,0,0,0
29511,ECG,2593,28358,0,0,0,0,0
29511,ECG,2594,28180,0,0,0,0,0
29516,ECG,2595,28002,0,0,0,0,0
29516,ECG,2596,27826,0,0,0,0,0
29516,ECG,2597,27651,0,0,0,0,0
29521,ECG,2598,27478,0,0,0,0,0
29521,ECG,2599,27305,0,0,0,0,0
29526,ECG,2600,27133,0,0,0,0,0
29526,ECG,2601,26963,0,0,0,0,0
29526,ECG,2602,26793,0,0,0,0,0
29531,ECG,2603,26625,0,0,0,0,0
29531,ECG,2604,26457,0,0,0,0,0
29536,ECG,2605,26291,0,0,0,0,0
29536,ECG,2606,26126,0,0,0,0,0
29536,ECG,2607,25961,0,0,0,0,0
29541,ECG,2608,25798,0,0,0,0,0
29541,ECG,2609,25636,0,0,0,0,0
29546,ECG,2610,25314,0,0,0,0,0
29546,ECG,2611,25155,0,0,0,0,0
29551,ECG,2612,24997,0,0,0,0,0
29551,ECG,2613,24840,0,0,0,0,0
29552,ECG,2614,24683,0,0,0,0,0
29556,ECG,2615,24528,0,0,0,0,0
29556,ECG,2616,24374,0,0,0,0,0
29561,ECG,2617,24221,0,0,0,0,0
29561,ECG,2618,24068,0,0,0,0,0
29561,ECG,2619,23917,0,0,0,0,0
29566,ECG,2620,23766,0,0,0,0,0
29566,ECG,2621,23617,0,0,0,0,0
29571,ECG,2622,23468,0,0,0,0,0
29571,ECG,2623,23321,0,0,0,0,0
29571,ECG,2624,23174,0,0,0,0,0
29576,ECG,2625,23028,0,0,0,0,0
29576,ECG,2626,22883,0,0,0,0,0
29581,ECG,2627,22739,0,0,0,0,0
29581,ECG,2628,22596,0,0,0,0,0
29581,ECG,2629,22454,0,0,0,0,0
29586,ECG,2630,22313,0,0,0,0,0
29586,ECG,2631,22172,0,0,0,0,0
29591,ECG,2632,22033,0,0,0,0,0
29591,ECG,2633,21894,0,0,0,0,0
29591,ECG,2634,21756,0,0,0,0,0
29596,ECG,2635,21619,0,0,0,0,0
29596,ECG,2636,21483,0,0,0,0,0
29601,ECG,2637,21214,0,0,0,0,0
29601,ECG,2638,21080,0,0,0,0,0
29606,ECG,2639,20948,0,0,0,0,0
29606,ECG,2640,20816,0,0,0,0,0
29611,ECG,2641,20555,0,0,0,0,0
29611,ECG,2642,20425,0,0,0,0,0
29616,ECG,2643,20297,0,0,0,0,0
29616,ECG,2644,20169,0,0,0,0,0
29616,ECG,2645,20042,0,0,0,0,0
29621,ECG,2646,19916,0,0,0,0,0
29621,ECG,2647,19790,0,0,0,0,0
29626,ECG,2648,19666,0,0,0,0,0
29626,ECG,2649,19542,0,0,0,0,0
29626,ECG,2650,19419,0,0,0,0,0
29631,ECG,2651,19297,0,0,0,0,0
29631,ECG,2652,19175,0,0,0,0,0
29636,ECG,2653,19055,0,0,0,0,0
29636,ECG,2654,18935,0,0,0,0,0
29636,ECG,2655,18815,0,0,0,0,0
29641,ECG,2656,18697,0,0,0,0,0
29641,ECG,2657,18579,0,0,0,0,0
29646,ECG,2658,18346,0,0,0,0,0
29646,ECG,2659,18230,0,0,0,0,0
29651,ECG,2660,18116,0,0,0,0,0
29651,ECG,2661,18002,0,0,0,0,0
29652,ECG,2662,17888,0,0,0,0,0
29656,ECG,2663,17775,0,0,0,0,0
29656,ECG,2664,17663,0,0,0,0,0
29661,ECG,2665,17552,0,0,0,0,0
29661,ECG,2666,17442,0,0,0,0,0
29666,ECG,2667,17222,0,0,0,0,0
29666,ECG,2668,17114,0,0,0,0,0
29671,ECG,2669,17006,0,0,0,0,0
29671,ECG,2670,16899,0,0,0,0,0
29671,ECG,2671,16792,0,0,0,0,0
29676,ECG,2672,16687,0,0,0,0,0
29676,ECG,2673,16581,0,0,0,0,0
29681,ECG,2674,16477,0,0,0,0,0
29681,ECG,2675,16373,0,0,0,0,0
29681,ECG,2676,16270,0,0,0,0,0
29686,ECG,2677,16167,0,0,0,0,0
29686,ECG,2678,16065,0,0,0,0,0
29691,ECG,2679,15964,0,0,0,0,0
29691,ECG,2680,15864,0,0,0,0,0
29691,ECG,2681,15764,0,0,0,0,0
29696,ECG,2682,15664,0,0,0,0,0
29696,ECG,2683,15566,0,0,0,0,0
29701,ECG,2684,15370,0,0,0,0,0
29701,ECG,2685,15273,0,0,0,0,0
29706,ECG,2686,15177,0,0,0,0,0
29706,ECG,2687,15081,0,0,0,0,0
29711,ECG,2688,14891,0,0,0,0,0
29711,ECG,2689,14797,0,0,0,0,0
29716,ECG,2690,14704,0,0,0,0,0
29716,ECG,2691,14611,0,0,0,0,0
29716,ECG,2692,14519,0,0,0,0,0
29721,ECG,2693,14428,0,0,0,0,0
29721,ECG,2694,14337,0,0,0,0,0
29726,ECG,2695,14246,0,0,0,0,0
29726,ECG,2696,14156,0,0,0,0,0
29726,ECG,2697,14067,0,0,0,0,0
29731,ECG,2698,13978,0,0,0,0,0
29731,ECG,2699,13890,0,0,0,0,0
29736,ECG,2700,13802,0,0,0,0,0
29736,ECG,2701,13715,0,0,0,0,0
29736,ECG,2702,13629,0,0,0,0,0
29741,ECG,2703,13543,0,0,0,0,0
29741,ECG,2704,13457,0,0,0,0,0
29746,ECG,2705,13372,0,0,0,0,0
29746,ECG,2706,13288,0,0,0,0,0
29746,ECG,2707,13204,0,0,0,0,0
29751,ECG,2708,13121,0,0,0,0,0
29751,ECG,2709,13038,0,0,0,0,0
29752,ECG,2710,12956,0,0,0,0,0
29756,ECG,2711,12874,0,0,0,0,0
29756,ECG,2712,12793,0,0,0,0,0
29761,ECG,2713,12712,0,0,0,0,0
29761,ECG,2714,12632,0,0,0,0,0
29766,ECG,2715,12473,0,0,0,0,0
29766,ECG,2716,12394,0,0,0,0,0
29771,ECG,2717,12316,0,0,0,0,0
29771,ECG,2718,12238,0,0,0,0,0
29771,ECG,2719,12161,0,0,0,0,0
29776,ECG,2720,12084,0,0,0,0,0
29776,ECG,2721,12008,0,0,0,0,0
29781,ECG,2722,11932,0,0,0,0,0
29781,ECG,2723,11857,0,0,0,0,0
29781,ECG,2724,11782,0,0,0,0,0
29786,ECG,2725,11707,0,0,0,0,0
29786,ECG,2726,11633,0,0,0,0,0
29791,ECG,2727,11560,0,0,0,0,0
29791,ECG,2728,11487,0,0,0,0,0
29791,ECG,2729,11414,0,0,0,0,0
29796,ECG,2730,11342,0,0,0,0,0
29796,ECG,2731,11271,0,0,0,0,0
29801,ECG,2732,11129,0,0,0,0,0
29801,ECG,2733,11058,0,0,0,0,0
29806,ECG,2734,10988,0,0,0,0,0
29806,ECG,2735,10919,0,0,0,0,0
29807,ECG,2736,10850,0,0,0,0,0
29811,ECG,2737,10781,0,0,0,0,0
29811,ECG,2738,10713,0,0,0,0,0
29816,ECG,2739,10645,0,0,0,0,0
29816,ECG,2740,10578,0,0,0,0,0
29816,ECG,2741,10511,0,0,0,0,0
29821,ECG,2742,10445,0,0,0,0,0
29821,ECG,2743,10379,0,0,0,0,0
29826,ECG,2744,10313,0,0,0,0,0
29826,ECG,2745,10248,0,0,0,0,0
29826,ECG,2746,10183,0,0,0,0,0
29831,ECG,2747,10118,0,0,0,0,0
29831,ECG,2748,10054,0,0,0,0,0
29836,ECG,2749,9991,0,0,0,0,0
29836,ECG,2750,9928,0,0,0,0,0
29836,ECG,2751,9865,0,0,0,0,0
29841,ECG,2752,9802,0,0,0,0,0
29841,ECG,2753,9740,0,0,0,0,0
29846,ECG,2754,9679,0,0,0,0,0
29846,ECG,2755,9617,0,0,0,0,0
29846,ECG,2756,9557,0,0,0,0,0
29851,ECG,2757,9496,0,0,0,0,0
29851,ECG,2758,9436,0,0,0,0,0
29856,ECG,2759,9317,0,0,0,0,0
29856,ECG,2760,9258,0,0,0,0,0
29861,ECG,2761,9200,0,0,0,0,0
29861,ECG,2762,9141,0,0,0,0,0
29866,ECG,2763,9026,0,0,0,0,0
29866,ECG,2764,8969,0,0,0,0,0
29871,ECG,2765,8912,0,0,0,0,0
29871,ECG,2766,8855,0,0,0,0,0
29871,ECG,2767,8799,0,0,0,0,0
29876,ECG,2768,8744,0,0,0,0,0
29876,ECG,2769,8688,0,0,0,0,0
29881,ECG,2770,8633,0,0,0,0,0
29881,ECG,2771,8578,0,0,0,0,0
29881,ECG,2772,8524,0,0,0,0,0
29886,ECG,2773,8470,0,0,0,0,0
29886,ECG,2774,8416,0,0,0,0,0
29891,ECG,2775,8363,0,0,0,0,0
29891,ECG,2776,8310,0,0,0,0,0
29891,ECG,2777,8257,0,0,0,0,0
29896,ECG,2778,8205,0,0,0,0,0
29896,ECG,2779,8153,0,0,0,0,0
29901,ECG,2780,8050,0,0,0,0,0
29901,ECG,2781,7999,0,0,0,0,0
29906,ECG,2782,7948,0,0,0,0,0
29906,ECG,2783,7898,0,0,0,0,0
29907,ECG,2784,7848,0,0,0,0,0
29911,ECG,2785,7798,0,0,0,0,0
29911,ECG,2786,7749,0,0,0,0,0
29916,ECG,2787,7699,0,0,0,0,0
29916,ECG,2788,7651,0,0,0,0,0
29921,ECG,2789,7554,0,0,0,0,0
29921,ECG,2790,7506,0,0,0,0,0
29926,ECG,2791,7458,0,0,0,0,0
29926,ECG,2792,7411,0,0,0,0,0
29926,ECG,2793,7364,0,0,0,0,0
29931,ECG,2794,7317,0,0,0,0,0
29931,ECG,2795,7271,0,0,0,0,0
29936,ECG,2796,7224,0,0,0,0,0
29936,ECG,2797,7178,0,0,0,0,0
29936,ECG,2798,7133,0,0,0,0,0
29941,ECG,2799,7088,0,0,0,0,0
29941,ECG,2800,7043,0,0,0,0,0
29946,ECG,2801,6998,0,0,0,0,0
29946,ECG,2802,6953,0,0,0,0,0
29946,ECG,2803,6909,0,0,0,0,0
29951,ECG,2804,6865,0,0,0,0,0
29951,ECG,2805,6821,0,0,0,0,0
29956,ECG,2806,6735,0,0,0,0,0
29956,ECG,2807,6692,0,0,0,0,0
29961,ECG,2808,6650,0,0,0,0,0
29961,ECG,2809,6608,0,0,0,0,0
29966,ECG,2810,6524,0,0,0,0,0
29966,ECG,2811,6482,0,0,0,0,0
29971,ECG,2812,6441,0,0,0,0,0
29971,ECG,2813,6400,0,0,0,0,0
29971,ECG,2814,6359,0,0,0,0,0
29976,ECG,2815,6319,0,0,0,0,0
29976,ECG,2816,6279,0,0,0,0,0
29981,ECG,2817,6239,0,0,0,0,0
29981,ECG,2818,6199,0,0,0,0,0
29981,ECG,2819,6159,0,0,0,0,0
29986,ECG,2820,6120,0,0,0,0,0
29986,ECG,2821,6081,0,0,0,0,0
29991,ECG,2822,6042,0,0,0,0,0
29991,ECG,2823,6004,0,0,0,0,0
29991,ECG,2824,5966,0,0,0,0,0
29996,ECG,2825,5928,0,0,0,0,0
29996,ECG,2826,5890,0,0,0,0,0
30001,ECG,2827,5852,0,0,0,0,0
30001,ECG,2828,5815,0,0,0,0,0
30001,ECG,2829,5778,0,0,0,0,0
30006,ECG,2830,5741,0,0,0,0,0
30006,ECG,2831,5705,0,0,0,0,0
30011,ECG,2832,5632,0,0,0,0,0
30011,ECG,2833,5596,0,0,0,0,0
30016,ECG,2834,5561,0,0,0,0,0
30016,ECG,2835,5525,0,0,0,0,0
30021,ECG,2836,5455,0,0,0,0,0
30021,ECG,2837,5420,0,0,0,0,0
30026,ECG,2838,5386,0,0,0,0,0
30026,ECG,2839,5351,0,0,0,0,0
30026,ECG,2840,5317,0,0,0,0,0
30031,ECG,2841,5283,0,0,0,0,0
30031,ECG,2842,5249,0,0,0,0,0
30036,ECG,2843,5216,0,0,0,0,0
30036,ECG,2844,5183,0,0,0,0,0
30036,ECG,2845,5150,0,0,0,0,0
30041,ECG,2846,5117,0,0,0,0,0
30041,ECG,2847,5084,0,0,0,0,0
30046,ECG,2848,5051,0,0,0,0,0
30046,ECG,2849,5019,0,0,0,0,0
30046,ECG,2850,4987,0,0,0,0,0
30051,ECG,2851,4955,0,0,0,0,0
30051,ECG,2852,4924,0,0,0,0,0
30056,ECG,2853,4861,0,0,0,0,0
30056,ECG,2854,4830,0,0,0,0,0
30061,ECG,2855,4799,0,0,0,0,0
30061,ECG,2856,4768,0,0,0,0,0
30062,ECG,2857,4738,0,0,0,0,0
30066,ECG,2858,4707,0,0,0,0,0
30066,ECG,2859,4677,0,0,0,0,0
30071,ECG,2860,4647,0,0,0,0,0
30071,ECG,2861,4618,0,0,0,0,0
30071,ECG,2862,4588,0,0,0,0,0
30076,ECG,2863,4559,0,0,0,0,0
30076,ECG,2864,4530,0,0,0,0,0
30081,ECG,2865,4501,0,0,0,0,0
30081,ECG,2866,4472,0,0,0,0,0
30081,ECG,2867,4443,0,0,0,0,0
30086,ECG,2868,4415,0,0,0,0,0
30086,ECG,2869,4386,0,0,0,0,0
30091,ECG,2870,4358,0,0,0,0,0
30091,ECG,2871,4330,0,0,0,0,0
30091,ECG,2872,4303,0,0,0,0,0
30096,ECG,2873,4275,0,0,0,0,0
30096,ECG,2874,4248,0,0,0,0,0
30101,ECG,2875,4193,0,0,0,0,0
30101,ECG,2876,4166,0,0,0,0,0
30106,ECG,2877,4140,0,0,0,0,0
30106,ECG,2878,4113,0,0,0,0,0
30107,ECG,2879,4087,0,0,0,0,0
30111,ECG,2880,4060,0,0,0,0,0
30111,ECG,2881,4034,0,0,0,0,0
30116,ECG,2882,4008,0,0,0,0,0
30116,ECG,2883,3983,0,0,0,0,0
30121,ECG,2884,3932,0,0,0,0,0
30121,ECG,2885,3906,0,0,0,0,0
30126,ECG,2886,3881,0,0,0,0,0
30126,ECG,2887,3856,0,0,0,0,0
30126,ECG,2888,3832,0,0,0,0,0
30131,ECG,2889,3807,0,0,0,0,0
30131,ECG,2890,3782,0,0,0,0,0
30136,ECG,2891,3758,0,0,0,0,0
30136,ECG,2892,3734,0,0,0,0,0
30136,ECG,2893,3710,0,0,0,0,0
30141,ECG,2894,3686,0,0,0,0,0
30141,ECG,2895,3662,0,0,0,0,0
30146,ECG,2896,3639,0,0,0,0,0
30146,ECG,2897,3615,0,0,0,0,0
30146,ECG,2898,3592,0,0,0,0,0
30151,ECG,2899,3569,0,0,0,0,0
30151,ECG,2900,3546,0,0,0,0,0
30156,ECG,2901,3500,0,0,0,0,0
30156,ECG,2902,3478,0,0,0,0,0
30161,ECG,2903,3455,0,0,0,0,0
30161,ECG,2904,3433,0,0,0,0,0
30166,ECG,2905,3389,0,0,0,0,0
30166,ECG,2906,3367,0,0,0,0,0
30171,ECG,2907,3345,0,0,0,0,0
30171,ECG,2908,3324,0,0,0,0,0
30171,ECG,2909,3302,0,0,0,0,0
30176,ECG,2910,3281,0,0,0,0,0
30176,ECG,2911,3260,0,0,0,0,0
30181,ECG,2912,3239,0,0,0,0,0
30181,ECG,2913,3218,0,0,0,0,0
30181,ECG,2914,3197,0,0,0,0,0
30186,ECG,2915,3176,0,0,0,0,0
30186,ECG,2916,3156,0,0,0,0,0
30191,ECG,2917,3135,0,0,0,0,0
30191,ECG,2918,3115,0,0,0,0,0
30191,ECG,2919,3095,0,0,0,0,0
30196,ECG,2920,3075,0,0,0,0,0
30196,ECG,2921,3055,0,0,0,0,0
30201,ECG,2922,3035,0,0,0,0,0
30201,ECG,2923,3015,0,0,0,0,0
30201,ECG,2924,2996,0,0,0,0,0
30206,ECG,2925,2976,0,0,0,0,0
30206,ECG,2926,2957,0,0,0,0,0
30211,ECG,2927,2919,0,0,0,0,0
30211,ECG,2928,2900,0,0,0,0,0
30216,ECG,2929,2881,0,0,0,0,0
30216,ECG,2930,2862,0,0,0,0,0
30221,ECG,2931,2825,0,0,0,0,0
30221,ECG,2932,2807,0,0,0,0,0
30226,ECG,2933,2789,0,0,0,0,0
30226,ECG,2934,2771,0,0,0,0,0
30226,ECG,2935,2753,0,0,0,0,0
30231,ECG,2936,2735,0,0,0,0,0
30231,ECG,2937,2717,0,0,0,0,0
30236,ECG,2938,2700,0,0,0,0,0
30236,ECG,2939,2682,0,0,0,0,0
30236,ECG,2940,2665,0,0,0,0,0
30241,ECG,2941,2647,0,0,0,0,0
30241,ECG,2942,2630,0,0,0,0,0
30246,ECG,2943,2613,0,0,0,0,0
30246,ECG,2944,2596,0,0,0,0,0
30246,ECG,2945,2579,0,0,0,0,0
30251,ECG,2946,2562,0,0,0,0,0
30251,ECG,2947,2546,0,0,0,0,0
30256,ECG,2948,2513,0,0,0,0,0
30256,ECG,2949,2496,0,0,0,0,0
30261,ECG,2950,2480,0,0,0,0,0
30261,ECG,2951,2464,0,0,0,0,0
30262,ECG,2952,2448,0,0,0,0,0
30266,ECG,2953,2432,0,0,0,0,0
30266,ECG,2954,2416,0,0,0,0,0
30271,ECG,2955,2400,0,0,0,0,0
30271,ECG,2956,2385,0,0,0,0,0
30271,ECG,2957,2369,0,0,0,0,0
30276,ECG,2958,2354,0,0,0,0,0
30276,ECG,2959,2338,0,0,0,0,0
30281,ECG,2960,2323,0,0,0,0,0
30281,ECG,2961,2308,0,0,0,0,0
30281,ECG,2962,2293,0,0,0,0,0
30286,ECG,2963,2278,0,0,0,0,0
30286,ECG,2964,2263,0,0,0,0,0
30291,ECG,2965,2248,0,0,0,0,0
30291,ECG,2966,2233,0,0,0,0,0
30291,ECG,2967,2219,0,0,0,0,0
30296,ECG,2968,2204,0,0,0,0,0
30296,ECG,2969,2190,0,0,0,0,0
30301,ECG,2970,2176,0,0,0,0,0
30301,ECG,2971,2161,0,0,0,0,0
30301,ECG,2972,2147,0,0,0,0,0
30306,ECG,2973,2133,0,0,0,0,0
30306,ECG,2974,2119,0,0,0,0,0
30311,ECG,2975,2091,0,0,0,0,0
30311,ECG,2976,2078,0,0,0,0,0
30316,ECG,2977,2064,0,0,0,0,0
30316,ECG,2978,2050,0,0,0,0,0
30321,ECG,2979,2023,0,0,0,0,0
30321,ECG,2980,2010,0,0,0,0,0
30326,ECG,2981,1997,0,0,0,0,0
30326,ECG,2982,1984,0,0,0,0,0
30326,ECG,2983,1971,0,0,0,0,0
30331,ECG,2984,1958,0,0,0,0,0
30331,ECG,2985,1945,0,0,0,0,0
30336,ECG,2986,1932,0,0,0,0,0
30336,ECG,2987,1919,0,0,0,0,0
30336,ECG,2988,1906,0,0,0,0,0
30341,ECG,2989,1894,0,0,0,0,0
30341,ECG,2990,1881,0,0,0,0,0
30346,ECG,2991,1869,0,0,0,0,0
30346,ECG,2992,1857,0,0,0,0,0
30346,ECG,2993,1844,0,0,0,0,0
30351,ECG,2994,1832,0,0,0,0,0
30351,ECG,2995,1820,0,0,0,0,0
30356,ECG,2996,1796,0,0,0,0,0
30356,ECG,2997,1784,0,0,0,0,0
30361,ECG,2998,1772,0,0,0,0,0
30361,ECG,2999,1761,0,0,0,0,0
30362,ECG,3000,1749,0,0,0,0,0
30366,ECG,3001,1737,0,0,0,0,0
30366,ECG,3002,1726,0,0,0,0,0
30371,ECG,3003,1714,0,0,0,0,0
30371,ECG,3004,1703,0,0,0,0,0
30371,ECG,3005,1692,0,0,0,0,0
30376,ECG,3006,1681,0,0,0,0,0
30376,ECG,3007,1669,0,0,0,0,0
30381,ECG,3008,1658,0,0,0,0,0
30381,ECG,3009,1647,0,0,0,0,0
30381,ECG,3010,1636,0,0,0,0,0
30386,ECG,3011,1625,0,0,0,0,0
30386,ECG,3012,1615,0,0,0,0,0
30391,ECG,3013,1604,0,0,0,0,0
30391,ECG,3014,1593,0,0,0,0,0
30391,ECG,3015,1583,0,0,0,0,0
30396,ECG,3016,1572,0,0,0,0,0
30396,ECG,3017,1562,0,0,0,0,0
30401,ECG,3018,1551,0,0,0,0,0
30401,ECG,3019,1541,0,0,0,0,0
30401,ECG,3020,1531,0,0,0,0,0
30406,ECG,3021,1520,0,0,0,0,0
30406,ECG,3022,1510,0,0,0,0,0
30411,ECG,3023,1490,0,0,0,0,0
30411,ECG,3024,1480,0,0,0,0,0
30416,ECG,3025,1470,0,0,0,0,0
30416,ECG,3026,1460,0,0,0,0,0
30421,ECG,3027,1441,0,0,0,0,0
30421,ECG,3028,1431,0,0,0,0,0
30426,ECG,3029,1422,0,0,0,0,0
30426,ECG,3030,1412,0,0,0,0,0
30426,ECG,3031,1403,0,0,0,0,0
30431,ECG,3032,1393,0,0,0,0,0
30431,ECG,3033,1384,0,0,0,0,0
30436,ECG,3034,1375,0,0,0,0,0
30436,ECG,3035,1365,0,0,0,0,0
30436,ECG,3036,1356,0,0,0,0,0
30441,ECG,3037,1347,0,0,0,0,0
30441,ECG,3038,1338,0,0,0,0,0
30446,ECG,3039,1329,0,0,0,0,0
30446,ECG,3040,1320,0,0,0,0,0
30446,ECG,3041,1311,0,0,0,0,0
30451,ECG,3042,1302,0,0,0,0,0
30451,ECG,3043,1294,0,0,0,0,0
30456,ECG,3044,1285,0,0,0,0,0
30456,ECG,3045,1276,0,0,0,0,0
30456,ECG,3046,1268,0,0,0,0,0
30461,ECG,3047,1259,0,0,0,0,0
30461,ECG,3048,1251,0,0,0,0,0
30466,ECG,3049,1234,0,0,0,0,0
30466,ECG,3050,1225,0,0,0,0,0
30471,ECG,3051,1217,0,0,0,0,0
30471,ECG,3052,1209,0,0,0,0,0
30476,ECG,3053,1192,0,0,0,0,0
30476,ECG,3054,1184,0,0,0,0,0
30481,ECG,3055,1176,0,0,0,0,0
30481,ECG,3056,1168,0,0,0,0,0
30481,ECG,3057,1160,0,0,0,0,0
31488,ECG,3058,0,0,0,0,0,0
31488,ECG,3059,-1,0,0,0,0,0
31488,ECG,3060,-6,0,0,0,0,0
31493,ECG,3061,2,0,0,0,0,0
31493,ECG,3062,6,0,0,0,0,0
31498,ECG,3063,38,0,0,0,0,0
31498,ECG,3064,-16,0,0,0,0,0
31503,ECG,3065,-26,0,0,0,0,0
31503,ECG,3066,151,0,0,0,0,0
31504,ECG,3067,-753,0,0,0,0,0
31508,ECG,3068,-2109,0,0,0,0,0
31508,ECG,3069,-1850,0,0,0,0,0
31513,ECG,3070,-36,0,0,0,0,0
31513,ECG,3071,3394,0,0,0,0,0
26958,PPG,100,129900,59989,0,0,0,0
27039,PPG,101,129900,59979,0,0,0,0
27116,PPG,102,129898,59974,0,0,0,0
27196,PPG,103,129894,59986,0,0,0,0
27276,PPG,104,129886,59986,0,0,0,0
27359,PPG,105,129895,59981,0,0,0,0
27437,PPG,106,129890,59982,0,0,0,0
27514,PPG,107,129884,59986,0,0,0,0
27593,PPG,108,129886,59998,0,0,0,0
27679,PPG,109,129897,59981,0,0,0,0
27752,PPG,110,129886,59988,0,0,0,0
27831,PPG,111,129879,59983,0,0,0,0
27914,PPG,112,129893,59982,0,0,0,0
27991,PPG,113,129889,59981,0,0,0,0
28068,PPG,114,129893,59976,0,0,0,0
28148,PPG,115,129881,59984,0,0,0,0
28227,PPG,116,129883,59983,0,0,0,0
28307,PPG,117,129896,59974,0,0,0,0
28390,PPG,118,129881,59978,0,0,0,0
28468,PPG,119,129889,59972,0,0,0,0
28551,PPG,120,129889,59986,0,0,0,0
28624,PPG,121,129891,59985,0,0,0,0
28704,PPG,122,129888,59985,0,0,0,0
28783,PPG,123,129891,59982,0,0,0,0
28863,PPG,124,129887,59979,0,0,0,0
28946,PPG,125,129885,59982,0,0,0,0
29023,PPG,126,129894,59977,0,0,0,0
29101,PPG,127,129892,59982,0,0,0,0
29181,PPG,128,129898,59984,0,0,0,0
29260,PPG,129,129895,59981,0,0,0,0
29340,PPG,130,129891,59987,0,0,0,0
29427,PPG,131,129893,59979,0,0,0,0
29503,PPG,132,129903,59965,0,0,0,0
29579,PPG,133,129891,59985,0,0,0,0
29658,PPG,134,129885,59975,0,0,0,0
29737,PPG,135,129889,59988,0,0,0,0
29816,PPG,136,129897,59978,0,0,0,0
29895,PPG,137,129891,59972,0,0,0,0
29979,PPG,138,129890,59970,0,0,0,0
30057,PPG,139,129896,59971,0,0,0,0
30133,PPG,140,129888,59980,0,0,0,0
30213,PPG,141,129890,59975,0,0,0,0
30295,PPG,142,129889,59979,0,0,0,0
30371,PPG,143,129883,59973,0,0,0,0
30450,PPG,144,129881,59974,0,0,0,0
30533,PPG,145,129884,59979,0,0,0,0
30610,PPG,146,129884,59981,0,0,0,0
30688,PPG,147,129878,59982,0,0,0,0
30768,PPG,148,129887,59980,0,0,0,0
30847,PPG,149,129890,59980,0,0,0,0
30927,PPG,150,129890,59983,0,0,0,0
31011,PPG,151,129891,59984,0,0,0,0
31089,PPG,152,129885,59981,0,0,0,0
31172,PPG,153,129881,59971,0,0,0,0
31245,PPG,154,129886,59976,0,0,0,0
31325,PPG,155,129885,59965,0,0,0,0
31404,PPG,156,129885,59975,0,0,0,0
31484,PPG,157,129887,59970,0,0,0,0
31569,PPG,158,129889,59986,0,0,0,0
31646,PPG,159,129880,59977,0,0,0,0
31725,PPG,160,129875,59981,0,0,0,0
31802,PPG,161,129882,59969,0,0,0,0
31884,PPG,162,129883,59977,0,0,0,0
31960,PPG,163,129891,59979,0,0,0,0
32046,PPG,164,129890,59980,0,0,0,0
32122,PPG,165,129896,59970,0,0,0,0
32199,PPG,166,129881,59979,0,0,0,0
32276,PPG,167,129887,59989,0,0,0,0
32356,PPG,168,129891,59980,0,0,0,0
32435,PPG,169,129897,59972,0,0,0,0
32515,PPG,170,129890,59975,0,0,0,0
32597,PPG,171,129899,59982,0,0,0,0
32676,PPG,172,129895,59980,0,0,0,0
32753,PPG,173,129897,59988,0,0,0,0
32832,PPG,174,129897,59979,0,0,0,0
32918,PPG,175,129888,59992,0,0,0,0
32991,PPG,176,129887,59986,0,0,0,0
33071,PPG,177,129894,59973,0,0,0,0
33154,PPG,178,129894,59988,0,0,0,0
33231,PPG,179,129891,59987,0,0,0,0
33309,PPG,180,129895,59992,0,0,0,0
33389,PPG,181,129895,59993,0,0,0,0
33468,PPG,182,129892,59978,0,0,0,0
33548,PPG,183,129890,59982,0,0,0,0
33632,PPG,184,129891,59979,0,0,0,0
33711,PPG,185,129894,59975,0,0,0,0
33794,PPG,186,129897,59989,0,0,0,0
33865,PPG,187,129888,59982,0,0,0,0
33944,PPG,188,129901,59982,0,0,0,0
34036,PPG,189,129895,59985,0,0,0,0
34103,PPG,190,129893,59977,0,0,0,0
34187,PPG,191,129897,59978,0,0,0,0
34264,PPG,192,129877,59971,0,0,0,0
34341,PPG,193,129883,59985,0,0,0,0
34419,PPG,194,129896,59971,0,0,0,0
34499,PPG,195,129894,59967,0,0,0,0
34578,PPG,196,129894,59984,0,0,0,0
34669,PPG,197,129875,59977,0,0,0,0
34741,PPG,198,129894,59991,0,0,0,0
34817,PPG,199,129898,59971,0,0,0,0
